,endo00.txt,endo12.txt
ENSSSCG00000028996,1996.20474112835,138.863406177489
ENSSSCG00000005267,149.593806591969,183.543473593239
ENSSSCG00000005268,20.4137910846553,23.6673495181341
ENSSSCG00000005269,3.70281699485073,32.0799145127316
ENSSSCG00000031382,15.3264425178169,20.4144910535565
ENSSSCG00000005271,41.503748750979,33.9119842226661
ENSSSCG00000005272,9.40193532605576,10.4689697710546
ENSSSCG00000005273,42.6628914624105,81.2466832589345
ENSSSCG00000023520,26.6924807715761,9.01079183865771
ENSSSCG00000057774,2.02849974500518,0.710394377321562
ENSSSCG00000037277,37.5111460782704,315.190768464251
ENSSSCG00000005277,9.91710986446977,109.288566574259
ENSSSCG00000004349,35.3538526986617,35.6318863993394
ENSSSCG00000004272,42.534097827807,48.0077042358361
ENSSSCG00000037594,145.794394371166,31.5190768464251
ENSSSCG00000044472,0.321984086508759,0.822561910582861
ENSSSCG00000004261,0.772761807621021,0.710394377321562
ENSSSCG00000004351,12.3963873305872,6.05704679611016
ENSSSCG00000004262,18.3208945223484,6.20660350712523
ENSSSCG00000038757,7.11584831184357,5.9074900850951
ENSSSCG00000004353,56.7013976341924,44.3061756382132
ENSSSCG00000005284,6.5362769561278,14.6191685017227
ENSSSCG00000004263,16.9685613590116,9.87074292699434
ENSSSCG00000021802,17.1939502195677,15.1426169902754
ENSSSCG00000031105,6.66507059073131,3.36502599783898
ENSSSCG00000034919,3.05884882183321,56.1211558084034
ENSSSCG00000023834,74.957895339239,33.2015898453446
ENSSSCG00000032533,1.38453157198766,0.224335066522599
ENSSSCG00000025941,173.388430584967,240.412412956718
ENSSSCG00000030268,147.597505255615,141.480648620252
ENSSSCG00000027002,10.5610780374873,4.5614796859595
ENSSSCG00000005266,1.54552361524204,0.785172732829095
ENSSSCG00000005288,25.3079491995884,11.2915316816375
ENSSSCG00000035934,5.63472151390328,1.53295628790442
ENSSSCG00000005036,0.740563398970145,0.673005199567796
ENSSSCG00000004241,253.691261760251,53.6160808989011
ENSSSCG00000005037,59.3738655522151,47.6338124582984
ENSSSCG00000004242,11.0440541672504,4.63625804146704
ENSSSCG00000005291,95.8224641450066,276.904250444394
ENSSSCG00000005038,74.6037128440794,47.3720882140221
ENSSSCG00000033805,1.32013475468591,1.15906451036676
ENSSSCG00000037497,0.579571355715766,0.186945888768832
ENSSSCG00000033763,55.0914772016486,51.858789544474
ENSSSCG00000004344,4.89415811493313,2.91635586479378
ENSSSCG00000005286,20.3815926760044,10.3194130600395
ENSSSCG00000005039,20.2206006327501,18.2833079215918
ENSSSCG00000005040,24.8249730698253,22.3213391189986
ENSSSCG00000004250,0.837158624922773,2.50507490950235
ENSSSCG00000005287,113.499390494337,479.703150580823
ENSSSCG00000005041,72.5752130990742,90.1826967420846
ENSSSCG00000020885,47.3960575340893,54.4012536317301
ENSSSCG00000004253,41.3427567077246,34.9214920220178
ENSSSCG00000060009,3.86380903810511,4.11280955291431
ENSSSCG00000054181,0.0643968173017518,2.28073984297975
ENSSSCG00000062298,0.0965952259526276,1.19645368812053
ENSSSCG00000004364,25.0181635217306,28.5653318038776
ENSSSCG00000005043,16.9363629503607,15.1426169902754
ENSSSCG00000004254,28.7531789252322,101.54900677923
ENSSSCG00000005045,31.5544404778584,32.6407521790381
ENSSSCG00000005047,4.08919789866124,1.45817793239689
ENSSSCG00000004366,1.64211884119467,38.2865180198568
ENSSSCG00000027256,72.0278401520093,97.2118621597927
ENSSSCG00000004367,4.25018994191562,4.97276064125094
ENSSSCG00000039333,213.314457312053,138.938184532996
ENSSSCG00000004368,52.3224140576733,91.5287071412202
ENSSSCG00000026294,72.2210306039146,84.0508715904669
ENSSSCG00000053030,0.901555442224525,0.411280955291431
ENSSSCG00000035648,21.6051322047377,8.22561910582861
ENSSSCG00000038522,99.0423050100942,79.564170260015
ENSSSCG00000035259,113.434993677036,99.9038829580639
ENSSSCG00000021451,18.1277040704431,14.1331091909237
ENSSSCG00000038507,266.377434768696,162.90464747316
ENSSSCG00000004339,44.0796214430491,19.1432590099284
ENSSSCG00000005004,7.18024512914532,5.9074900850951
ENSSSCG00000004347,32.1018134249233,32.1546928682391
ENSSSCG00000004357,1.64211884119467,0
ENSSSCG00000005006,134.589348160661,123.870345898228
ENSSSCG00000004275,26.46709191102,9.94552128250187
ENSSSCG00000035611,15.7772202389292,14.6191685017227
ENSSSCG00000058931,26.9500680407831,13.4601039913559
ENSSSCG00000005008,3.09104723048408,0.710394377321562
ENSSSCG00000004358,30.6528850356338,31.855579446209
ENSSSCG00000004270,2.83345996127708,0.299113422030131
ENSSSCG00000032489,7.63102285025758,4.07542037516054
ENSSSCG00000004990,3.63842017754897,1.45817793239689
ENSSSCG00000004340,7.4700308070032,6.84221952893926
ENSSSCG00000058693,0.515174538414014,0.598226844060263
ENSSSCG00000005009,54.3831122113294,41.3898197734194
ENSSSCG00000035240,3.34863449969109,1.68251299891949
ENSSSCG00000005011,36.834979496602,12.7870987917881
ENSSSCG00000032312,142.896537592587,194.012443364294
ENSSSCG00000004342,4.79756288898051,5.42143077429613
ENSSSCG00000005012,111.889470061794,140.807643420684
ENSSSCG00000045405,0.354182495159635,0.373891777537664
ENSSSCG00000005029,102.519733144389,85.2847144563412
ENSSSCG00000060554,0.708364990319269,0.336502599783898
ENSSSCG00000005030,21.0577592576728,102.109844445536
ENSSSCG00000057054,0.772761807621021,1.12167533261299
ENSSSCG00000021862,81.8161563818756,70.441210888096
ENSSSCG00000005027,28.3345996127708,34.3606543557113
ENSSSCG00000028092,28.3024012041199,29.9861205585207
ENSSSCG00000004941,12.7505698257468,9.87074292699434
ENSSSCG00000004942,9.11214964819787,6.84221952893926
ENSSSCG00000004943,41.761336020186,129.516111739047
ENSSSCG00000036735,11.0118557585996,6.43093857364783
ENSSSCG00000005015,45.2709625631315,31.855579446209
ENSSSCG00000005016,15.6162281956748,10.7680831930847
ENSSSCG00000031354,5.76351514850678,3.85108530863794
ENSSSCG00000038941,7.08364990319269,8.48734335010498
ENSSSCG00000004945,1592.66208550692,937.757967242216
ENSSSCG00000005787,53.3527631345013,71.7498321094778
ENSSSCG00000034516,17.387140671473,3.96325284189924
ENSSSCG00000036634,40.5699949001036,22.6952308965362
ENSSSCG00000005785,33.0033688671478,25.125527450531
ENSSSCG00000004946,11.9778080181258,8.26300828358238
ENSSSCG00000005020,2.22169019691044,1.04689697710546
ENSSSCG00000005786,33.0999640931004,30.0608989140282
ENSSSCG00000004948,9.91710986446977,9.42207279394914
ENSSSCG00000004971,99.3964875052538,66.2910121574279
ENSSSCG00000005021,43.7576373565403,30.0235097362744
ENSSSCG00000038767,141.286617160043,201.565057270555
ENSSSCG00000004963,117.073413854585,99.8664937803101
ENSSSCG00000005022,27.2076553099901,13.1983797470795
ENSSSCG00000004966,5.73131673985591,2.57985326500988
ENSSSCG00000026078,49.8431365915559,42.6236626392937
ENSSSCG00000004968,9.43413373470663,9.27251608293407
ENSSSCG00000005024,120.003469041814,661.190219397605
ENSSSCG00000004969,17.9667120271887,4.86059310798964
ENSSSCG00000004970,1230.94516272298,885.076615787159
ENSSSCG00000023533,36.0944160976319,39.0716907526859
ENSSSCG00000004952,203.30075222163,136.69483386777
ENSSSCG00000005023,2.12509497095781,3.51458270885404
ENSSSCG00000004859,41.6969392028843,64.0850506699557
ENSSSCG00000005025,5.3449358360454,11.1419749706224
ENSSSCG00000004856,35.5148447419161,49.2415471017104
ENSSSCG00000004951,92.6348216885699,121.215714277711
ENSSSCG00000038422,90.7351155781682,85.0229902120649
ENSSSCG00000057448,0.804960216271897,0.448670133045197
ENSSSCG00000004954,3.92820585540686,6.46832775140159
ENSSSCG00000005002,3.02665041318233,3.58936106436158
ENSSSCG00000004955,24.9859651130797,24.489911428717
ENSSSCG00000030679,9.72391941256451,3.85108530863794
ENSSSCG00000004996,32.3915991027811,9.64640786047174
ENSSSCG00000027765,61.1125796193624,34.9214920220178
ENSSSCG00000004857,63.9460395806395,81.8822992807485
ENSSSCG00000004956,0.708364990319269,0.261724244276365
ENSSSCG00000004997,83.4260768144194,28.0792724930786
ENSSSCG00000021217,51.2920649808453,27.5932131822796
ENSSSCG00000004958,25.6299332860972,18.8067564101445
ENSSSCG00000005000,5.50592787929978,1.08428615485923
ENSSSCG00000026517,19.2224499645729,64.4589424474933
ENSSSCG00000004957,56.2184215044293,66.3284013351816
ENSSSCG00000004861,29.7513295934093,26.247202783144
ENSSSCG00000032488,44.4982007555105,53.7656376099161
ENSSSCG00000053589,2.96225359588058,4.03803119740677
ENSSSCG00000004999,23.9234176276008,3.88847448639171
ENSSSCG00000063467,14.3604902582906,22.7700092520438
ENSSSCG00000004869,48.2976129763138,30.3974015138121
ENSSSCG00000022419,37.2213604004125,51.5222869446901
ENSSSCG00000060555,0.9337538508754,0.52344848855273
ENSSSCG00000004961,24.6961794352218,12.7497096140344
ENSSSCG00000004962,11.7846175662206,11.5158667481601
ENSSSCG00000043563,18.2886961136975,6.61788446241666
ENSSSCG00000063237,1.15914271143153,0.859951088336628
ENSSSCG00000063081,0.643968173017518,1.23384286587429
ENSSSCG00000056226,1.44892838928941,0.261724244276365
ENSSSCG00000049234,1.35233316333679,1.27123204362806
ENSSSCG00000004870,241.423668064267,453.755061219709
ENSSSCG00000039486,0.321984086508759,2.39290737624105
ENSSSCG00000004973,128.858031420805,30.4721798693196
ENSSSCG00000004847,25.4045444255411,5.6831550185725
ENSSSCG00000035696,17.387140671473,13.8713849466473
ENSSSCG00000004849,5.31273742739452,5.19709570777353
ENSSSCG00000004850,2.96225359588058,0.52344848855273
ENSSSCG00000004854,207.067966033783,307.63815455799
ENSSSCG00000004974,11.1728478018539,12.6001529030193
ENSSSCG00000004976,15.294244109166,3.81369613088418
ENSSSCG00000036984,0.579571355715766,1.79468053218079
ENSSSCG00000004980,51.8394379279102,24.9385815617622
ENSSSCG00000004875,237.559859026162,312.872639443517
ENSSSCG00000037781,4.95855493223489,4.59886886371327
ENSSSCG00000005781,1.03034907682803,7.73955979502965
ENSSSCG00000004979,21.0255608490219,31.9677469794703
ENSSSCG00000020859,0.643968173017518,2.09379395421092
ENSSSCG00000025616,26.4992903196708,20.6762152978328
ENSSSCG00000026167,1.54552361524204,2.20596148747222
ENSSSCG00000004985,18.2564977050466,15.5165087678131
ENSSSCG00000004844,54.5119058459329,233.794528494301
ENSSSCG00000004986,24.7927746611744,16.1147356118733
ENSSSCG00000004845,36.2554081408862,24.9385815617622
ENSSSCG00000022828,203.719331534092,77.2460412392814
ENSSSCG00000032494,22.9574653680745,14.0957200131699
ENSSSCG00000004873,15.0044584313082,6.58049528466289
ENSSSCG00000004983,68.1318327052534,90.5191993418685
ENSSSCG00000032214,49.9075334088576,43.6331704386454
ENSSSCG00000032574,15.8738154648818,10.6559156598234
ENSSSCG00000038398,0.998150668177152,1.04689697710546
ENSSSCG00000028977,0.804960216271897,0.186945888768832
ENSSSCG00000005782,12.3963873305872,8.63690006112004
ENSSSCG00000040252,24.2454017141095,19.1432590099284
ENSSSCG00000062837,0.450777721112262,0.0747783555075329
ENSSSCG00000041275,2.18949178825956,1.04689697710546
ENSSSCG00000056587,1.22353952873328,0.299113422030131
ENSSSCG00000060706,3.09104723048408,1.68251299891949
ENSSSCG00000054784,7.24464194644707,1.75729135442702
ENSSSCG00000034069,4.15359471596299,0.822561910582861
ENSSSCG00000060600,39.0566696935124,47.9329258803286
ENSSSCG00000060688,0.515174538414014,0.224335066522599
ENSSSCG00000004989,18.5140849742536,15.853011367597
ENSSSCG00000060152,2.96225359588058,0.560837666306496
ENSSSCG00000062595,0.418579312461386,0.224335066522599
ENSSSCG00000053742,2.41488064881569,0.299113422030131
ENSSSCG00000056642,75.9238475987653,32.4538062902693
ENSSSCG00000062224,2.35048383151394,2.09379395421092
ENSSSCG00000054354,1.54552361524204,0.785172732829095
ENSSSCG00000063030,0.54737294706489,0
ENSSSCG00000019587,0.450777721112262,0.373891777537664
ENSSSCG00000034963,2.51147587476832,0.52344848855273
ENSSSCG00000004075,2.99445200453146,3.88847448639171
ENSSSCG00000004076,12.0744032440785,5.9074900850951
ENSSSCG00000004077,4.99075334088576,1.90684806544209
ENSSSCG00000004101,11.9778080181258,8.33778663908991
ENSSSCG00000004103,36.319804958188,33.612870800636
ENSSSCG00000004410,12.6539745997942,1.90684806544209
ENSSSCG00000004105,16.8397677244081,10.9550290818536
ENSSSCG00000033739,3.70281699485073,0.897340266090394
ENSSSCG00000004405,32.423797511432,38.7725773306558
ENSSSCG00000004071,39.70063786653,77.6573221945729
ENSSSCG00000046319,0.998150668177152,3.47719353110028
ENSSSCG00000026042,1.57772202389292,2.20596148747222
ENSSSCG00000004113,10.4322844028838,7.44044637299952
ENSSSCG00000004404,0.772761807621021,0.411280955291431
ENSSSCG00000004403,15.3264425178169,12.8618771472957
ENSSSCG00000004402,3.50962654294547,9.04818101641148
ENSSSCG00000004401,25.5011396514937,42.9601652390776
ENSSSCG00000004399,0.515174538414014,0.299113422030131
ENSSSCG00000037803,363.069255947276,251.965668882632
ENSSSCG00000004388,16.0992043254379,7.85172732829095
ENSSSCG00000004390,24.7605762525235,31.2947417799025
ENSSSCG00000004114,38.4127015204949,9.75857539373304
ENSSSCG00000004391,1.28793634603504,0.448670133045197
ENSSSCG00000052303,58.2147228407836,34.7719353110028
ENSSSCG00000004415,31.9408213816689,12.7123204362806
ENSSSCG00000033578,3.09104723048408,0.112167533261299
ENSSSCG00000004414,301.699089058707,606.115960566308
ENSSSCG00000004120,16.6465772725028,20.7509936533404
ENSSSCG00000004413,40.6021933087545,18.9937022989133
ENSSSCG00000004121,30.2987025404742,20.6388261200791
ENSSSCG00000004408,41.2783598904229,42.6984409948013
ENSSSCG00000004412,20.2206006327501,17.5355243665165
ENSSSCG00000031536,14.9722600226573,16.6381841004261
ENSSSCG00000004081,3.15544404778584,5.64576584081873
ENSSSCG00000004411,15.551831378373,15.0678386347679
ENSSSCG00000033392,1.38453157198766,1.27123204362806
ENSSSCG00000049158,4.37898357651912,5.122317352266
ENSSSCG00000004382,140.481656943771,121.327881810972
ENSSSCG00000004082,197.666030707727,147.238581994332
ENSSSCG00000004383,44.626994390114,34.734546133249
ENSSSCG00000004384,0.418579312461386,0.112167533261299
ENSSSCG00000004385,97.6255750294557,155.538979455668
ENSSSCG00000040199,16.2279979600414,9.19773772742654
ENSSSCG00000004387,86.645917679507,130.114338583107
ENSSSCG00000025777,513.56461798147,464.859647012578
ENSSSCG00000004432,121.613389474358,73.8810152414425
ENSSSCG00000046251,0.450777721112262,0.299113422030131
ENSSSCG00000004433,1.22353952873328,0.859951088336628
ENSSSCG00000004434,24.1488064881569,29.0513911146765
ENSSSCG00000037424,38.8634792416072,43.2966678388615
ENSSSCG00000004392,65.1373807007219,96.1649651826873
ENSSSCG00000004393,43.6288437219368,28.340996737355
ENSSSCG00000004394,18.417489748301,16.1521247896271
ENSSSCG00000004419,8.1461973886716,0.336502599783898
ENSSSCG00000041409,2.09289656230693,7.85172732829095
ENSSSCG00000025703,50.9378824856856,25.61158676133
ENSSSCG00000004420,80.431624809888,97.0996946265314
ENSSSCG00000004421,33.8727259007214,34.0615409336812
ENSSSCG00000004422,4.76536448032963,1.15906451036676
ENSSSCG00000004094,2.18949178825956,1.12167533261299
ENSSSCG00000004423,6.18209446096817,2.05640477645715
ENSSSCG00000036621,2.38268224016482,1.27123204362806
ENSSSCG00000004425,52.129223605768,111.158025461948
ENSSSCG00000024361,16.5821804552011,18.8441455878983
ENSSSCG00000004065,2.8012615526262,4.15019873066807
ENSSSCG00000004070,64.4290157104026,79.9380620375526
ENSSSCG00000004370,36.6417890446968,37.8752370645654
ENSSSCG00000026382,60.3720162203923,51.0736168116449
ENSSSCG00000004106,73.15478445479,58.9627333176897
ENSSSCG00000038554,72.897197185583,117.888077457626
ENSSSCG00000004104,31.908622973018,22.5456741855212
ENSSSCG00000004369,45.399756197735,9.7959645714868
ENSSSCG00000005575,67.8742454360464,61.1686948051619
ENSSSCG00000022804,23.3116478632341,31.3321309576563
ENSSSCG00000030067,81.204386617509,80.199786281829
ENSSSCG00000028867,26.4992903196708,23.854295406903
ENSSSCG00000004371,23.2150526372815,42.9227760613239
ENSSSCG00000004109,2.9300551872297,34.6971569554952
ENSSSCG00000004110,77.8879505264687,112.990095171882
ENSSSCG00000005167,0.321984086508759,1.42078875464312
ENSSSCG00000028974,25.1147587476832,25.2376949837923
ENSSSCG00000033175,54.2865169853767,69.9177623995432
ENSSSCG00000004373,14.3604902582906,10.9176399040998
ENSSSCG00000048240,3.12324563913496,1.90684806544209
ENSSSCG00000063189,0.418579312461386,0.52344848855273
ENSSSCG00000004374,16.0026090994853,16.2642923228884
ENSSSCG00000056379,59.3094687349134,1.27123204362806
ENSSSCG00000037985,12.0422048354276,11.7775909924364
ENSSSCG00000005131,0.708364990319269,0.747783555075329
ENSSSCG00000058871,0.128793634603504,0.635616021814029
ENSSSCG00000034120,2.96225359588058,2.87896668704001
ENSSSCG00000031159,8.56477670113298,10.9924182596073
ENSSSCG00000043123,1.93190451905255,4.37453379719067
ENSSSCG00000036168,12.6861730084451,17.8720269663004
ENSSSCG00000054729,4.25018994191562,2.28073984297975
ENSSSCG00000060161,0.708364990319269,0.299113422030131
ENSSSCG00000005130,0,0.635616021814029
ENSSSCG00000059324,1.12694430278066,1.83206970993455
ENSSSCG00000004379,3.18764245643671,2.35551819848728
ENSSSCG00000005587,63.9782379892904,29.5748396032292
ENSSSCG00000044325,0.321984086508759,0.373891777537664
ENSSSCG00000037071,2.57587269207007,2.95374504254755
ENSSSCG00000005590,42.4697010105053,50.7745033896148
ENSSSCG00000049906,1.57772202389292,0.52344848855273
ENSSSCG00000053064,1.25573793738416,0.411280955291431
ENSSSCG00000028558,30.9104723048408,222.689942701433
ENSSSCG00000005112,14.779069570752,13.6844390578785
ENSSSCG00000054646,1.8675077017508,4.37453379719067
ENSSSCG00000053219,0.965952259526276,0.52344848855273
ENSSSCG00000051118,0.643968173017518,0.261724244276365
ENSSSCG00000053065,0.418579312461386,0.336502599783898
ENSSSCG00000005122,48.2332161590121,48.3068176578662
ENSSSCG00000005589,8.04960216271897,7.96389486155225
ENSSSCG00000061592,3.21984086508759,4.48670133045197
ENSSSCG00000005593,56.6370008168907,80.9475698369043
ENSSSCG00000050067,3.05884882183321,1.57034546565819
ENSSSCG00000042842,8.98335601359437,0.598226844060263
ENSSSCG00000005594,10.7542684893925,3.55197188660781
ENSSSCG00000005124,17.4837358974256,3.40241517559274
ENSSSCG00000034227,432.489024998565,323.378998392326
ENSSSCG00000005596,23.086259002678,46.3999695924241
ENSSSCG00000005126,30.4274961750777,31.1825742466412
ENSSSCG00000005597,22.4100924210096,22.9195659630588
ENSSSCG00000005576,21.0255608490219,18.2833079215918
ENSSSCG00000032575,27.6262346224515,17.5729135442702
ENSSSCG00000020743,73.927546262411,88.3132378543963
ENSSSCG00000005173,38.2839078858914,20.3397126980489
ENSSSCG00000004894,2.44707905746657,6.76744117343172
ENSSSCG00000005582,76.4068237285285,98.6700400921896
ENSSSCG00000035941,14.8756647967047,28.9018344036615
ENSSSCG00000025744,29.8801232280128,30.2852339805508
ENSSSCG00000040366,1.54552361524204,7.51522472850705
ENSSSCG00000004896,11.5914271143153,20.9005503643554
ENSSSCG00000005164,10.4000859942329,6.84221952893926
ENSSSCG00000028406,84.4242274825965,103.081963067134
ENSSSCG00000004897,20.3493942673536,21.7231122749383
ENSSSCG00000004898,10.3034907682803,20.2649343425414
ENSSSCG00000004921,68.9689913301761,168.326078247456
ENSSSCG00000005166,75.2476810170969,37.0152859762288
ENSSSCG00000005135,36.6095906360459,22.4708958300136
ENSSSCG00000004923,0.193190451905255,0.822561910582861
ENSSSCG00000005584,1.7387140671473,0.635616021814029
ENSSSCG00000038071,17.6769263493309,17.0494650557175
ENSSSCG00000005136,1.35233316333679,15.1426169902754
ENSSSCG00000035506,1.35233316333679,0.261724244276365
ENSSSCG00000004926,15.3586409264678,16.3016815006422
ENSSSCG00000043817,16.8075693157572,6.99177623995432
ENSSSCG00000004927,66.1033329602482,58.4392848291369
ENSSSCG00000043301,1.25573793738416,0.373891777537664
ENSSSCG00000005585,54.6085010718855,86.443778966708
ENSSSCG00000004928,5.44153106199802,8.67428923887381
ENSSSCG00000031149,1.28793634603504,0.224335066522599
ENSSSCG00000051680,4.44338039382087,2.91635586479378
ENSSSCG00000004929,20.5747831279097,18.1337512105767
ENSSSCG00000054127,5.18394379279102,6.39354939589406
ENSSSCG00000005128,1.70651565849642,2.09379395421092
ENSSSCG00000005174,78.9504980119477,121.926108655032
ENSSSCG00000004931,10.9474589412978,14.0583308354162
ENSSSCG00000056734,1.80311088444905,0.822561910582861
ENSSSCG00000004934,80.6570136704441,60.8695813831317
ENSSSCG00000057864,0.354182495159635,0.149556711015066
ENSSSCG00000005498,0.837158624922773,3.66413941986911
ENSSSCG00000059082,0.54737294706489,0.336502599783898
ENSSSCG00000057745,0.965952259526276,0.224335066522599
ENSSSCG00000052950,3.02665041318233,0.336502599783898
ENSSSCG00000060748,1.09474589412978,0.186945888768832
ENSSSCG00000005150,80.6570136704441,69.4317030887443
ENSSSCG00000033910,0.9337538508754,0.186945888768832
ENSSSCG00000005502,2.51147587476832,0.373891777537664
ENSSSCG00000004935,77.4049743967056,104.42797346627
ENSSSCG00000005152,0.965952259526276,0
ENSSSCG00000005501,25.3079491995884,28.7522776926464
ENSSSCG00000004936,33.0033688671478,29.2009478256916
ENSSSCG00000005503,53.6425488123592,25.9480893611139
ENSSSCG00000005504,0.386380903810511,0.149556711015066
ENSSSCG00000054719,0.708364990319269,0.673005199567796
ENSSSCG00000054559,24.8893698871271,2.61724244276365
ENSSSCG00000051482,26.8856712234814,5.4588199520499
ENSSSCG00000042822,0.869357033573649,0.149556711015066
ENSSSCG00000055858,1.15914271143153,0.373891777537664
ENSSSCG00000004886,0.225388860556131,0.598226844060263
ENSSSCG00000004937,4.95855493223489,2.95374504254755
ENSSSCG00000053029,16.4855852292484,10.5063589488084
ENSSSCG00000004938,21.2509497095781,11.2167533261299
ENSSSCG00000004899,45.7539386928946,59.4114034507349
ENSSSCG00000004901,31.5544404778584,34.6971569554952
ENSSSCG00000004902,0.450777721112262,5.38404159654237
ENSSSCG00000004903,5.21614220144189,12.1888719477279
ENSSSCG00000026454,14.9078632053555,2.35551819848728
ENSSSCG00000004907,10.8186653066943,1.08428615485923
ENSSSCG00000004908,96.9172100391364,103.381076489164
ENSSSCG00000034415,55.4778581054591,66.1414554464128
ENSSSCG00000004509,3.41303131699284,33.9119842226661
ENSSSCG00000004508,65.3949679699289,210.501070753705
ENSSSCG00000004912,32.0052181989706,85.322103634095
ENSSSCG00000004911,0.354182495159635,0.149556711015066
ENSSSCG00000034704,76.4712205458302,58.7010090734133
ENSSSCG00000004517,96.3698370920715,72.6097831978144
ENSSSCG00000004917,9.75611782121539,20.3397126980489
ENSSSCG00000004518,2.28608701421219,0.224335066522599
ENSSSCG00000028076,6.11769764366642,8.89862430539641
ENSSSCG00000004506,22.4100924210096,28.1166616708324
ENSSSCG00000004489,10715.0186292471,8723.86728857531
ENSSSCG00000004487,17.4515374887747,16.5634057449185
ENSSSCG00000004918,2.89785677857883,11.366310037145
ENSSSCG00000021383,4.31458675921737,1.90684806544209
ENSSSCG00000004502,0.772761807621021,0.0373891777537664
ENSSSCG00000035007,1114.32252658951,548.050567514708
ENSSSCG00000004919,172.261486282186,217.904127948951
ENSSSCG00000032053,3.31643609104022,5.122317352266
ENSSSCG00000034730,51.5496522500523,59.0375116731972
ENSSSCG00000022643,5.53812628795065,1.71990217667326
ENSSSCG00000005771,23.2472510459324,31.5190768464251
ENSSSCG00000060420,62.4649127826992,53.7656376099161
ENSSSCG00000004500,33.4219481796092,39.1464691081935
ENSSSCG00000040836,13.1047523209065,2.05640477645715
ENSSSCG00000004520,5.28053901874364,17.7224702552853
ENSSSCG00000004507,20.2206006327501,11.3289208593912
ENSSSCG00000004505,53.2239694998978,91.566096318974
ENSSSCG00000004485,43.2746612267772,29.2757261811991
ENSSSCG00000004486,25.4367428341919,26.247202783144
ENSSSCG00000004490,14.006307763131,16.8999083447024
ENSSSCG00000005508,11.4626334797118,27.5184348267721
ENSSSCG00000004492,2.57587269207007,3.88847448639171
ENSSSCG00000005507,34.4522972564372,37.8378478868116
ENSSSCG00000004493,1.22353952873328,0.972118621597927
ENSSSCG00000021072,10.0137050904224,39.3334149969623
ENSSSCG00000004499,389.568546266947,572.017030454873
ENSSSCG00000039972,33.6151386315144,35.8188322881082
ENSSSCG00000005510,19.190251555922,14.731336034984
ENSSSCG00000004498,16.3889900032958,8.71167841662758
ENSSSCG00000005511,28.270202795469,22.246560763491
ENSSSCG00000005512,10.6898716720908,4.63625804146704
ENSSSCG00000004522,34.9030749775495,45.5400185040875
ENSSSCG00000032297,22.2491003777552,7.10394377321562
ENSSSCG00000024479,13.0725539122556,7.81433815053718
ENSSSCG00000004524,105.320994697015,80.8727914813968
ENSSSCG00000034427,54.9626835670451,52.7561298105644
ENSSSCG00000004510,36.7705826793003,29.0887802924303
ENSSSCG00000004511,76.5034189544811,164.512382116572
ENSSSCG00000041158,0.965952259526276,0.0373891777537664
ENSSSCG00000055973,20.6713783538623,9.08557019416524
ENSSSCG00000004516,126.507547589291,117.215072258058
ENSSSCG00000049462,0.708364990319269,0.0747783555075329
ENSSSCG00000056498,1.67431724984555,0.897340266090394
ENSSSCG00000057366,3.79941222080335,0.972118621597927
ENSSSCG00000028329,0.450777721112262,0.336502599783898
ENSSSCG00000024372,0.772761807621021,0.261724244276365
ENSSSCG00000060601,6.4074833215243,1.71990217667326
ENSSSCG00000004893,71.5448640222462,42.3619383950174
ENSSSCG00000004884,56.6691992255415,43.3714461943691
ENSSSCG00000004888,12.6539745997942,12.3758178364967
ENSSSCG00000034000,0.257587269207007,2.13118313196469
ENSSSCG00000004891,0.482976129763138,1.04689697710546
ENSSSCG00000061814,7.72761807621021,47.7459799915597
ENSSSCG00000051885,0.482976129763138,0.822561910582861
ENSSSCG00000062911,0.450777721112262,0.261724244276365
ENSSSCG00000061578,0.515174538414014,0.299113422030131
ENSSSCG00000062696,45.5285498323385,20.7509936533404
ENSSSCG00000005514,22.7642749161692,40.0811985520376
ENSSSCG00000034749,51.8394379279102,64.1224398477094
ENSSSCG00000058119,1.0625474854789,0
ENSSSCG00000053002,11.2694430278066,3.81369613088418
ENSSSCG00000056449,4.5399756197735,3.51458270885404
ENSSSCG00000047129,21.8949178825956,36.342280776661
ENSSSCG00000063161,11.0440541672504,2.87896668704001
ENSSSCG00000048111,1.25573793738416,0.859951088336628
ENSSSCG00000004634,23.4404414978376,15.6660654788281
ENSSSCG00000004635,107.607081711227,87.7897893658436
ENSSSCG00000004636,91.9586551069015,58.588841540152
ENSSSCG00000004639,73.0259908201865,36.3796699544147
ENSSSCG00000004645,25.9841157812568,20.1527668092801
ENSSSCG00000004658,177.091247579817,191.170865855008
ENSSSCG00000004647,16.9363629503607,9.34729443844161
ENSSSCG00000004648,2.25388860556131,0.785172732829095
ENSSSCG00000056997,5.3449358360454,104.091470866486
ENSSSCG00000004652,62.2395239221431,32.4164171125155
ENSSSCG00000004653,67.7776502100937,85.8455521226477
ENSSSCG00000056133,1.60992043254379,0.934729443844161
ENSSSCG00000004657,4.86195970628226,1.71990217667326
ENSSSCG00000004644,72.6718083250269,91.4165396079589
ENSSSCG00000004643,3.96040426405773,2.57985326500988
ENSSSCG00000004646,2.64026950937182,0.52344848855273
ENSSSCG00000004595,115.656683873946,95.2302357388431
ENSSSCG00000004596,0.998150668177152,2.13118313196469
ENSSSCG00000025578,54.7050962978381,99.4926020027725
ENSSSCG00000004597,0.643968173017518,0.747783555075329
ENSSSCG00000030605,47.0418750389297,54.4760319872377
ENSSSCG00000004598,3.63842017754897,16.002568078612
ENSSSCG00000035038,88.6422190158613,305.656528137041
ENSSSCG00000004600,95.468281649847,122.748670565615
ENSSSCG00000005375,15.4230377437695,11.9271477034515
ENSSSCG00000005376,15.8416170562309,22.2091715857373
ENSSSCG00000005400,19.2224499645729,5.60837666306496
ENSSSCG00000005403,30.2021073145216,11.3289208593912
ENSSSCG00000005305,73.7665542191566,111.494528061731
ENSSSCG00000005307,1.15914271143153,0.186945888768832
ENSSSCG00000058191,0.289785677857883,0.635616021814029
ENSSSCG00000026960,28.9463693771374,12.1140935922203
ENSSSCG00000004601,25.4367428341919,3.10330175356261
ENSSSCG00000004602,8.08180057136985,0.934729443844161
ENSSSCG00000004603,30.8138770788882,23.8169062291492
ENSSSCG00000037499,16.7753709071063,5.64576584081873
ENSSSCG00000004617,83.5870688576738,29.2757261811991
ENSSSCG00000053937,98.9457097841416,86.443778966708
ENSSSCG00000004621,138.195569929559,93.7720578064462
ENSSSCG00000004622,37.7043365301757,168.886915913763
ENSSSCG00000004623,0.354182495159635,3.81369613088418
ENSSSCG00000004624,84.1022433960878,220.072700258669
ENSSSCG00000004625,37.0603683571581,30.9582391801186
ENSSSCG00000004626,91.6688694290436,104.652308532792
ENSSSCG00000004628,5.73131673985591,4.63625804146704
ENSSSCG00000004629,0.998150668177152,1.15906451036676
ENSSSCG00000004630,1.19134112008241,0.598226844060263
ENSSSCG00000032517,10.2068955423277,6.50571692915536
ENSSSCG00000004632,1.60992043254379,0.560837666306496
ENSSSCG00000031794,12.8793634603504,1.64512382116572
ENSSSCG00000035798,0.482976129763138,0.0747783555075329
ENSSSCG00000004607,6.76166581668393,8.30039746133615
ENSSSCG00000004608,7.69541966755934,1.94423724319585
ENSSSCG00000054223,0.965952259526276,0.0373891777537664
ENSSSCG00000004610,83.5870688576738,57.0184960744938
ENSSSCG00000032619,19.7698229116378,47.2599206807608
ENSSSCG00000004612,36.2554081408862,116.280342814214
ENSSSCG00000024983,58.5367069272923,48.7180986131577
ENSSSCG00000004614,0.515174538414014,0.299113422030131
ENSSSCG00000004615,2.06069815365606,11.7402018146827
ENSSSCG00000004656,14.2960934409889,11.5532559259138
ENSSSCG00000024660,2.28608701421219,1.94423724319585
ENSSSCG00000059295,5.57032469660153,9.49685114945667
ENSSSCG00000052887,4.15359471596299,4.71103639697457
ENSSSCG00000062177,0.0643968173017518,0.486059310798964
ENSSSCG00000062439,1.0625474854789,0.673005199567796
ENSSSCG00000047357,0.450777721112262,0.149556711015066
ENSSSCG00000057596,1.03034907682803,0.822561910582861
ENSSSCG00000059103,18.3530929309992,15.9277897231045
ENSSSCG00000053433,0.579571355715766,3.32763682008521
ENSSSCG00000042551,3.15544404778584,0.859951088336628
ENSSSCG00000057375,0.354182495159635,0.336502599783898
ENSSSCG00000063504,1.48112679794029,0.747783555075329
ENSSSCG00000004651,53.1273742739452,46.0634669926402
ENSSSCG00000004620,26.8212744061796,22.3587282967523
ENSSSCG00000005385,0.643968173017518,0.972118621597927
ENSSSCG00000005386,30.2021073145216,27.7427698932947
ENSSSCG00000040634,94.8887102941312,123.907735075982
ENSSSCG00000005388,53.6103504037083,51.7466220112127
ENSSSCG00000005389,24.8893698871271,31.0330175356261
ENSSSCG00000055769,10.3356891769312,8.82384594988888
ENSSSCG00000005391,8.4037846578786,3.96325284189924
ENSSSCG00000037954,1.41672998063854,0.635616021814029
ENSSSCG00000005361,15.8738154648818,10.6185264820697
ENSSSCG00000040711,0.515174538414014,0.0747783555075329
ENSSSCG00000045508,61.9819366529361,30.4721798693196
ENSSSCG00000053078,38.1551142512879,49.9519414790319
ENSSSCG00000005366,38.122915842637,39.5203608857311
ENSSSCG00000005367,44.0796214430491,36.4544483099223
ENSSSCG00000005368,4.08919789866124,2.01901559870339
ENSSSCG00000005371,26.0163141899077,20.1153776315263
ENSSSCG00000062892,189.938412631517,124.28162685352
ENSSSCG00000033222,6.50407854747693,6.95438706220056
ENSSSCG00000005297,11.0118557585996,10.6559156598234
ENSSSCG00000005300,340.723560343569,551.490371868055
ENSSSCG00000034874,64.9441902488166,31.5564660241789
ENSSSCG00000005303,112.050462105048,84.3125958347433
ENSSSCG00000039782,66.9726899938218,67.1509632457645
ENSSSCG00000005301,29.9123216366637,35.0336595552791
ENSSSCG00000005308,78.1455377956758,74.105350307965
ENSSSCG00000005309,60.6618018982502,12.7123204362806
ENSSSCG00000005310,88.2558381120508,104.353195110762
ENSSSCG00000005311,0.611769764366642,0.673005199567796
ENSSSCG00000005312,1.12694430278066,1.71990217667326
ENSSSCG00000005313,6.72946740803306,5.60837666306496
ENSSSCG00000005314,16.2601963686923,4.26236626392937
ENSSSCG00000059309,9.01555442224525,4.82320393023587
ENSSSCG00000005316,85.100394064265,87.1167841662758
ENSSSCG00000005317,315.801992047791,558.257813041487
ENSSSCG00000005318,34.0015195353249,49.7649955902631
ENSSSCG00000005319,117.105612263236,186.497218635787
ENSSSCG00000005320,17.5803311233782,28.1540508485861
ENSSSCG00000005322,61.8853414269834,29.2009478256916
ENSSSCG00000025842,68.6792056523182,53.3543566546247
ENSSSCG00000005324,13.4589348160661,3.73891777537664
ENSSSCG00000005325,34.1303131699284,31.9677469794703
ENSSSCG00000005338,23.0218621853763,27.6306023600334
ENSSSCG00000031236,48.4264066109173,48.3068176578662
ENSSSCG00000037131,215.0531713792,272.716662535972
ENSSSCG00000037468,54.4153106199802,45.8391319261176
ENSSSCG00000005343,123.287706724204,101.698563490245
ENSSSCG00000005344,4.668769254377,1.83206970993455
ENSSSCG00000005346,16.8397677244081,10.0576888157632
ENSSSCG00000005349,40.6987885347071,43.1845003056002
ENSSSCG00000036340,58.0215323888783,56.4576584081873
ENSSSCG00000005347,28.5921868819778,20.5266585868178
ENSSSCG00000005350,8.72576874438736,35.1832162662942
ENSSSCG00000058091,31.9408213816689,33.2389790230984
ENSSSCG00000005352,1.15914271143153,0.224335066522599
ENSSSCG00000005354,11.1406493932031,11.5158667481601
ENSSSCG00000005355,4.82976129763138,3.58936106436158
ENSSSCG00000005356,33.3575513623074,22.5830633632749
ENSSSCG00000032554,74.1207367143163,66.1414554464128
ENSSSCG00000005358,15.036656839959,24.0412412956718
ENSSSCG00000055084,0.804960216271897,0.673005199567796
ENSSSCG00000058329,2.31828542286306,2.84157750928625
ENSSSCG00000005340,0.579571355715766,0.411280955291431
ENSSSCG00000059392,0.515174538414014,0.0373891777537664
ENSSSCG00000056356,0.515174538414014,0.299113422030131
ENSSSCG00000063066,1.80311088444905,1.75729135442702
ENSSSCG00000005373,31.135861165397,34.6971569554952
ENSSSCG00000031703,28.2380043868181,28.7522776926464
ENSSSCG00000004013,63.3664682249237,146.715133505779
ENSSSCG00000030535,86.6781160881579,70.3290433548347
ENSSSCG00000031776,12.0422048354276,16.3390706783959
ENSSSCG00000024019,14.8434663880538,14.0583308354162
ENSSSCG00000012314,22.6676796902166,25.3872516948074
ENSSSCG00000012315,28.6243852906287,37.1648426872438
ENSSSCG00000004017,5.4737294706489,9.53424032721044
ENSSSCG00000004016,1.35233316333679,0.560837666306496
ENSSSCG00000004018,153.071234726264,401.484990719944
ENSSSCG00000004010,44.9489784766227,43.2592786611078
ENSSSCG00000030155,83.8768545355317,51.6344544779514
ENSSSCG00000038931,38.0263206166844,39.4829717079773
ENSSSCG00000004008,12.1709984700311,3.92586366414547
ENSSSCG00000004012,33.3575513623074,9.38468361619537
ENSSSCG00000004029,112.823223912669,161.072577763226
ENSSSCG00000038153,13.5555300420187,8.89862430539641
ENSSSCG00000004032,1.93190451905255,9.45946197170291
ENSSSCG00000004033,11.7524191575697,16.2269031451346
ENSSSCG00000004037,38.1551142512879,42.2497708617561
ENSSSCG00000004024,123.352103541505,57.0558852522476
ENSSSCG00000004022,22.828671733471,19.9658209205113
ENSSSCG00000032916,83.4582752230703,130.189116938615
ENSSSCG00000004020,85.7121638286316,96.8753595600088
ENSSSCG00000004027,2.99445200453146,4.48670133045197
ENSSSCG00000035027,14.6502759361485,14.9182819237528
ENSSSCG00000060508,4.02480108135948,2.76679915377872
ENSSSCG00000004064,92.9890041837295,73.7688477081812
ENSSSCG00000027404,23.5692351324411,26.8454296272043
ENSSSCG00000024562,1.38453157198766,0.0747783555075329
ENSSSCG00000004023,33.5829402228635,21.9100581637071
ENSSSCG00000038527,1.0625474854789,0.673005199567796
ENSSSCG00000062590,5.02295174953664,1.42078875464312
ENSSSCG00000053918,0.321984086508759,0.673005199567796
ENSSSCG00000047676,4.82976129763138,15.1052278125216
ENSSSCG00000047753,3.41303131699284,7.62739226176835
ENSSSCG00000043814,1.7387140671473,0.186945888768832
ENSSSCG00000062461,4.63657084572613,2.28073984297975
ENSSSCG00000054024,0.289785677857883,0.785172732829095
ENSSSCG00000050646,0.289785677857883,0.710394377321562
ENSSSCG00000063447,0.676166581668393,0.598226844060263
ENSSSCG00000050351,0.450777721112262,0.52344848855273
ENSSSCG00000004484,342.558869636668,60.2713545390715
ENSSSCG00000004454,8.08180057136985,29.6870071364905
ENSSSCG00000032015,485.552002455208,452.184715754051
ENSSSCG00000004469,18.6428786088571,4.07542037516054
ENSSSCG00000004470,70.3213244935129,52.4570163885343
ENSSSCG00000004473,13.1691491382082,7.17872212872315
ENSSSCG00000004478,89.0929967369736,406.196027116918
ENSSSCG00000020702,93.8583612173032,38.9221340416709
ENSSSCG00000029129,9.98150668177152,20.003210098265
ENSSSCG00000004456,40.5055980828019,117.43940732458
ENSSSCG00000004457,48.6195970628226,70.0673191105583
ENSSSCG00000026346,6.4074833215243,2.39290737624105
ENSSSCG00000053568,0.225388860556131,0.448670133045197
ENSSSCG00000004458,32.8745752325443,7.92650568379848
ENSSSCG00000004460,42.2443121499492,58.3645064736294
ENSSSCG00000004472,14.3282918496398,6.61788446241666
ENSSSCG00000004446,49.4567556877453,25.4246408725612
ENSSSCG00000004453,2.31828542286306,13.2731581025871
ENSSSCG00000004452,1.38453157198766,2.54246408725612
ENSSSCG00000004479,10.3034907682803,14.0957200131699
ENSSSCG00000033155,181.438032747686,155.3520335669
ENSSSCG00000004480,34.9996702035021,56.4576584081873
ENSSSCG00000004435,14.5858791188468,16.9372975224562
ENSSSCG00000004436,0.643968173017518,0
ENSSSCG00000004438,43.5322484959842,35.8188322881082
ENSSSCG00000004441,14.1351013977345,11.5158667481601
ENSSSCG00000036064,1.9963013363543,0.52344848855273
ENSSSCG00000031898,13.3301411814626,8.30039746133615
ENSSSCG00000004464,71.0618878924831,43.5210029053841
ENSSSCG00000004465,20.5747831279097,146.827301039041
ENSSSCG00000004466,8.82236397033999,2.13118313196469
ENSSSCG00000028080,5.08734856683839,4.18758790842184
ENSSSCG00000004475,1.60992043254379,1.04689697710546
ENSSSCG00000047800,29.4615439155514,16.3764598561497
ENSSSCG00000062560,25.694330103399,18.3206970993455
ENSSSCG00000053627,0.0643968173017518,0.598226844060263
ENSSSCG00000051809,3.92820585540686,1.98162642094962
ENSSSCG00000061057,5.89230878311029,1.79468053218079
ENSSSCG00000055281,0.0643968173017518,0.598226844060263
ENSSSCG00000004328,65.8457456910412,57.6915012740616
ENSSSCG00000004291,5.24834061009277,3.73891777537664
ENSSSCG00000004293,73.1225860461391,54.1021402097
ENSSSCG00000004294,165.371026830899,140.957200131699
ENSSSCG00000022994,13.0725539122556,10.5811373043159
ENSSSCG00000026943,2.12509497095781,1.90684806544209
ENSSSCG00000004289,28.1736075695164,7.40305719524575
ENSSSCG00000004290,1.15914271143153,0.673005199567796
ENSSSCG00000051834,8.72576874438736,5.53359830755743
ENSSSCG00000026246,4.63657084572613,2.01901559870339
ENSSSCG00000004279,28.2058059781673,14.5443901462151
ENSSSCG00000035281,17.902315209887,8.00128403930602
ENSSSCG00000004300,4.86195970628226,3.81369613088418
ENSSSCG00000055021,0.611769764366642,0.373891777537664
ENSSSCG00000004302,7.37343558105058,1.34601039913559
ENSSSCG00000004304,17.4837358974256,9.34729443844161
ENSSSCG00000004303,19.8342197289395,7.51522472850705
ENSSSCG00000004306,21.9271162912465,12.6001529030193
ENSSSCG00000004307,41.8901296547895,41.2402630624044
ENSSSCG00000004331,16.0992043254379,5.5709874853112
ENSSSCG00000004330,1.70651565849642,1.27123204362806
ENSSSCG00000004280,0.128793634603504,0.747783555075329
ENSSSCG00000004281,0.386380903810511,4.41192297494444
ENSSSCG00000004336,16.3567915946449,17.4607460110089
ENSSSCG00000029003,61.3379684799185,71.6002753984627
ENSSSCG00000033562,0.257587269207007,0.635616021814029
ENSSSCG00000058397,29.5259407328532,20.5266585868178
ENSSSCG00000061089,16.614378863852,8.37517581684368
ENSSSCG00000042663,6.60067377342955,6.16921432937146
ENSSSCG00000063094,0.708364990319269,0.224335066522599
ENSSSCG00000044841,52.2258188317207,23.8916845846567
ENSSSCG00000038663,1.83530929309993,0.299113422030131
ENSSSCG00000037982,0.579571355715766,0.0747783555075329
ENSSSCG00000004276,16.614378863852,21.6483339194308
ENSSSCG00000039025,0.193190451905255,0.897340266090394
ENSSSCG00000035730,12.2353952873328,2.99113422030131
ENSSSCG00000005177,6.2786896869208,22.5082850077674
ENSSSCG00000005178,15.1976488832134,2.54246408725612
ENSSSCG00000005180,3.6062217688981,2.54246408725612
ENSSSCG00000005182,4.18579312461386,1.71990217667326
ENSSSCG00000005183,56.8945880860977,29.3505045367066
ENSSSCG00000005184,30.5884882183321,26.0228677166214
ENSSSCG00000005186,10.4644828115347,17.3485784777476
ENSSSCG00000005194,11.9778080181258,3.43980435334651
ENSSSCG00000005196,7.63102285025758,13.3105472803408
ENSSSCG00000005190,36.319804958188,38.099572131088
ENSSSCG00000005191,38.5736935637493,31.7808010907015
ENSSSCG00000036360,7.66322125890846,14.245276724185
ENSSSCG00000061754,9.079951239547,10.2820238822858
ENSSSCG00000061890,0.611769764366642,0.52344848855273
ENSSSCG00000005459,95.6614721017522,103.717579088948
ENSSSCG00000037744,1.54552361524204,1.42078875464312
ENSSSCG00000021386,17.2261486282186,11.5158667481601
ENSSSCG00000042365,1.67431724984555,0.52344848855273
ENSSSCG00000005460,25.694330103399,11.3289208593912
ENSSSCG00000046439,59.406063960866,42.0628249729872
ENSSSCG00000022780,5.11954697548926,7.06655459546185
ENSSSCG00000005466,191.000960116996,98.5952617366821
ENSSSCG00000005467,45.3675577890841,35.220605444048
ENSSSCG00000005469,6.14989605231729,14.5070009684614
ENSSSCG00000026194,66.9082931765201,63.1877104038653
ENSSSCG00000005440,17.5159343060765,14.5443901462151
ENSSSCG00000005441,25.1469571563341,33.2015898453446
ENSSSCG00000005444,113.59598572029,78.9659434159547
ENSSSCG00000005446,73.8953478537601,130.787343782675
ENSSSCG00000005449,81.8805531991774,109.10162068549
ENSSSCG00000033120,62.0141350615869,106.933048375772
ENSSSCG00000005452,20.9289656230693,31.7808010907015
ENSSSCG00000005453,87.9016556168911,90.593977697376
ENSSSCG00000005455,71.4804672049444,30.5843474025809
ENSSSCG00000005456,16.2279979600414,3.81369613088418
ENSSSCG00000005457,71.4482687962936,59.074900850951
ENSSSCG00000053039,28.3667980214216,19.2928157209435
ENSSSCG00000005424,25.3723460168902,8.86123512764264
ENSSSCG00000005423,72.8006019596304,213.82870757379
ENSSSCG00000031592,9.17654646549962,7.81433815053718
ENSSSCG00000005436,134.009776804945,140.658086709669
ENSSSCG00000005437,22.2169019691044,42.3245492172636
ENSSSCG00000005487,20.2206006327501,14.3574442574463
ENSSSCG00000023894,31.2968532086514,13.7218282356323
ENSSSCG00000005490,6.34308650422255,11.4784775704063
ENSSSCG00000053522,125.895777824925,190.535249833194
ENSSSCG00000005229,79.0148948292494,145.556068995413
ENSSSCG00000059646,2.41488064881569,0.747783555075329
ENSSSCG00000036457,2.15729337960868,0.448670133045197
ENSSSCG00000005494,22.5066876469622,45.8765211038714
ENSSSCG00000005232,76.5678157717828,73.0210641531058
ENSSSCG00000005465,5.11954697548926,1.27123204362806
ENSSSCG00000005198,23.9556160362517,19.5171507874661
ENSSSCG00000005199,4.12139630731211,3.88847448639171
ENSSSCG00000005201,57.1521753553047,43.4836137276304
ENSSSCG00000005204,45.1743673371789,32.9024764233145
ENSSSCG00000005203,47.9434304811542,9.64640786047174
ENSSSCG00000040481,2.89785677857883,2.80418833153248
ENSSSCG00000005236,0,1.12167533261299
ENSSSCG00000005235,142.413561462824,258.09749403425
ENSSSCG00000005484,17.64472794068,18.3206970993455
ENSSSCG00000005485,5.76351514850678,0.448670133045197
ENSSSCG00000005240,16.6787756811537,8.30039746133615
ENSSSCG00000005486,64.4290157104026,17.610302722024
ENSSSCG00000004233,7.69541966755934,1.19645368812053
ENSSSCG00000004236,15.9060138735327,0.673005199567796
ENSSSCG00000005241,23.7302271756955,9.16034854967277
ENSSSCG00000004237,232.118327964164,166.568786893029
ENSSSCG00000038420,135.29771315098,212.9313673077
ENSSSCG00000004238,33.4863449969109,31.7808010907015
ENSSSCG00000004172,13.8775141285275,13.5348823468634
ENSSSCG00000005243,23.1506558199798,25.3124733392999
ENSSSCG00000021149,4.73316607167875,2.20596148747222
ENSSSCG00000022387,10.5932764461382,11.1793641483762
ENSSSCG00000005438,0.515174538414014,0.299113422030131
ENSSSCG00000033258,9.36973691740488,6.28138186263276
ENSSSCG00000004154,32.8101784152425,71.6376645762165
ENSSSCG00000004232,0.965952259526276,0
ENSSSCG00000004177,1501.6371842509,766.141641352428
ENSSSCG00000051799,1.19134112008241,1.27123204362806
ENSSSCG00000004178,14.1029029890836,10.7680831930847
ENSSSCG00000061287,3.76721381215248,2.84157750928625
ENSSSCG00000041449,14.3282918496398,11.5158667481601
ENSSSCG00000060784,4.12139630731211,2.76679915377872
ENSSSCG00000004179,389.085570137184,43.9696730384293
ENSSSCG00000062611,2.99445200453146,3.25285846457768
ENSSSCG00000055985,0.515174538414014,0.448670133045197
ENSSSCG00000034087,11.3338398451083,1.19645368812053
ENSSSCG00000049638,0.418579312461386,0.112167533261299
ENSSSCG00000004180,1.09474589412978,2.35551819848728
ENSSSCG00000051325,1.64211884119467,2.31812902073352
ENSSSCG00000044363,2.31828542286306,1.34601039913559
ENSSSCG00000004149,91.5400757944401,190.049190522395
ENSSSCG00000004150,37.4467492609686,57.3923878520315
ENSSSCG00000004181,108.79842283131,152.47306687986
ENSSSCG00000022968,3.83161062945423,1.64512382116572
ENSSSCG00000004193,62.0141350615869,33.612870800636
ENSSSCG00000021443,101.10300316375,149.070651704267
ENSSSCG00000004534,11.4626334797118,5.60837666306496
ENSSSCG00000004528,9.337538508754,12.6375420807731
ENSSSCG00000025992,21.7339258393412,48.1946501246049
ENSSSCG00000004529,17.3227438541712,10.5063589488084
ENSSSCG00000032835,11.6236255229662,14.5443901462151
ENSSSCG00000004196,84.7784099777562,58.7757874289208
ENSSSCG00000004142,32.423797511432,54.1769185652076
ENSSSCG00000004143,3.34863449969109,1.57034546565819
ENSSSCG00000004530,0.676166581668393,0.112167533261299
ENSSSCG00000004531,8.33938784057685,2.13118313196469
ENSSSCG00000005250,8.30718943192598,13.3105472803408
ENSSSCG00000005252,6.14989605231729,5.4588199520499
ENSSSCG00000035243,6.31088809557167,11.852369347944
ENSSSCG00000004589,44.884581659321,65.1693368248149
ENSSSCG00000035668,8.17839579732247,2.91635586479378
ENSSSCG00000030655,9.40193532605576,30.4721798693196
ENSSSCG00000004123,179.956905949745,156.211984655236
ENSSSCG00000005255,38.5092967464476,10.3568022377933
ENSSSCG00000004592,83.8446561268808,52.3822380330268
ENSSSCG00000021646,58.8586910138011,25.3498625170536
ENSSSCG00000005257,5.82791196580853,11.2167533261299
ENSSSCG00000057517,0.579571355715766,0.486059310798964
ENSSSCG00000004125,2.96225359588058,1.79468053218079
ENSSSCG00000004127,14.263895032338,7.25350048423069
ENSSSCG00000024131,6.08549923501554,3.96325284189924
ENSSSCG00000024257,43.1780660008246,59.3740142729811
ENSSSCG00000004576,2.83345996127708,2.31812902073352
ENSSSCG00000005225,5.24834061009277,2.24335066522599
ENSSSCG00000004224,18.8038706521115,29.7991746697518
ENSSSCG00000004225,39.2820585540686,313.657812176347
ENSSSCG00000005227,54.2543185767259,37.8752370645654
ENSSSCG00000005221,29.300551872297,8.52473252785875
ENSSSCG00000005222,5.82791196580853,3.36502599783898
ENSSSCG00000040918,21.7017274306903,17.7224702552853
ENSSSCG00000005224,44.6591927987648,37.2396210427514
ENSSSCG00000004577,25.6621316947481,19.5919291429736
ENSSSCG00000004132,30.0733136799181,31.4816876686713
ENSSSCG00000005205,36.2876065495371,36.4170591321685
ENSSSCG00000004578,554.71418423729,663.32140252957
ENSSSCG00000005207,38.0585190253353,86.5559464999693
ENSSSCG00000004133,99.106701827396,82.3309694137937
ENSSSCG00000005208,23.2472510459324,34.8093244887565
ENSSSCG00000004134,15.9704106908344,14.6191685017227
ENSSSCG00000036790,20.1562038154483,21.2370529641393
ENSSSCG00000039598,5.21614220144189,3.40241517559274
ENSSSCG00000032561,1.19134112008241,3.29024764233145
ENSSSCG00000004136,10.5932764461382,7.32827883973822
ENSSSCG00000005211,3.63842017754897,2.95374504254755
ENSSSCG00000004138,30.9748691221426,56.5324367636948
ENSSSCG00000005212,11.3338398451083,14.880892745999
ENSSSCG00000004199,84.6174179345018,58.9253441399359
ENSSSCG00000004139,19.2224499645729,8.44995417235121
ENSSSCG00000004582,43.1780660008246,28.1540508485861
ENSSSCG00000004583,33.9049243093723,30.0608989140282
ENSSSCG00000004140,52.6121997355312,46.4373587701779
ENSSSCG00000005215,20.2849974500518,17.1990217667326
ENSSSCG00000004584,33.6795354488162,19.4423724319585
ENSSSCG00000004586,23.4404414978376,11.852369347944
ENSSSCG00000004587,73.7665542191566,127.384928607082
ENSSSCG00000004156,39.7328362751808,47.2973098585145
ENSSSCG00000004588,7.2124435377962,3.47719353110028
ENSSSCG00000005217,13.8775141285275,12.3384286587429
ENSSSCG00000004157,32.0696150162724,1.27123204362806
ENSSSCG00000004159,6.34308650422255,0.411280955291431
ENSSSCG00000023595,39.443050597323,29.8365638475056
ENSSSCG00000004160,20.0918069981465,26.4715378496666
ENSSSCG00000004535,10.9796573499487,6.87960870669302
ENSSSCG00000005219,46.5588989091665,34.8467136665103
ENSSSCG00000026041,56.4760087736363,109.251177396505
ENSSSCG00000004223,22.9896637767254,14.5443901462151
ENSSSCG00000004190,20.3171958587027,20.0405992760188
ENSSSCG00000005220,5.95670560041204,7.77694897278342
ENSSSCG00000039049,87.2898858525245,106.559156598234
ENSSSCG00000056124,0.708364990319269,0.261724244276365
ENSSSCG00000051776,0.9337538508754,0.373891777537664
ENSSSCG00000057292,0.321984086508759,0.224335066522599
ENSSSCG00000004191,29.1395598290427,13.7966065911398
ENSSSCG00000053418,2.15729337960868,2.35551819848728
ENSSSCG00000062478,0.482976129763138,0.411280955291431
ENSSSCG00000053718,0.837158624922773,0.598226844060263
ENSSSCG00000061171,0.643968173017518,0.0747783555075329
ENSSSCG00000061136,0.418579312461386,0.0747783555075329
ENSSSCG00000004192,239.073184232753,2414.40615344947
ENSSSCG00000062003,0.128793634603504,0.448670133045197
ENSSSCG00000004201,4.25018994191562,1.00950779935169
ENSSSCG00000005062,48.3298113849647,48.0824825913436
ENSSSCG00000004537,74.4105223921742,105.736594687651
ENSSSCG00000004209,103.968661533678,89.3601348315018
ENSSSCG00000019937,0.257587269207007,0.448670133045197
ENSSSCG00000057314,10.110300316375,15.1426169902754
ENSSSCG00000050857,1.03034907682803,0.0747783555075329
ENSSSCG00000058562,3.67061858619985,3.81369613088418
ENSSSCG00000005096,162.601963686923,223.325558723247
ENSSSCG00000004538,33.8727259007214,44.8670133045197
ENSSSCG00000005097,7.11584831184357,4.03803119740677
ENSSSCG00000005098,0.869357033573649,0.0747783555075329
ENSSSCG00000041512,2.54367428341919,0.934729443844161
ENSSSCG00000004541,32.0696150162724,46.3999695924241
ENSSSCG00000037043,0.321984086508759,0.299113422030131
ENSSSCG00000024867,0.450777721112262,0.224335066522599
ENSSSCG00000023408,21.3153465268798,16.2642923228884
ENSSSCG00000004542,147.822894116171,123.272119054168
ENSSSCG00000035715,3.76721381215248,3.17808010907015
ENSSSCG00000005102,44.369407120907,33.0894223120833
ENSSSCG00000004543,14.1351013977345,8.97340266090394
ENSSSCG00000004544,58.4401117013397,67.4126874900409
ENSSSCG00000005066,41.5359471596299,22.5082850077674
ENSSSCG00000004215,0.128793634603504,0.598226844060263
ENSSSCG00000004216,24.0844096708552,22.1717824079835
ENSSSCG00000004547,20.9933624403711,27.4810456490183
ENSSSCG00000004217,56.8301912687959,55.5229289643431
ENSSSCG00000004163,181.631223199591,90.4070318086072
ENSSSCG00000004218,1.64211884119467,3.32763682008521
ENSSSCG00000057184,4.57217402842437,2.72940997602495
ENSSSCG00000004220,9.56292736931014,4.74842557472834
ENSSSCG00000004221,33.3897497709583,10.4689697710546
ENSSSCG00000004548,3.21984086508759,0.224335066522599
ENSSSCG00000004222,70.0637372243059,18.1337512105767
ENSSSCG00000004164,1.93190451905255,1.04689697710546
ENSSSCG00000004549,7.79201489351196,6.50571692915536
ENSSSCG00000004165,29.2039566463444,14.6191685017227
ENSSSCG00000004550,93.8261628086523,119.383644567776
ENSSSCG00000004551,105.417589922968,101.287282534953
ENSSSCG00000004552,24.116608079506,18.8441455878983
ENSSSCG00000004554,17.8379183925852,2.91635586479378
ENSSSCG00000004203,20.1884022240992,13.8713849466473
ENSSSCG00000004558,44.626994390114,59.224457561966
ENSSSCG00000004205,40.473399674151,63.5989913591567
ENSSSCG00000034137,106.351343773843,121.140935922203
ENSSSCG00000062397,35.2572574727091,42.4367167505249
ENSSSCG00000037275,2.44707905746657,3.29024764233145
ENSSSCG00000004207,69.0333881474779,89.0984105872254
ENSSSCG00000054762,30.9104723048408,17.1616325889788
ENSSSCG00000052089,1.54552361524204,1.00950779935169
ENSSSCG00000042703,99.9760588609696,110.522409440134
ENSSSCG00000033894,9.30534010010313,24.7142464952396
ENSSSCG00000005065,40.9241773952632,25.7237542945913
ENSSSCG00000059141,1.41672998063854,0.411280955291431
ENSSSCG00000031332,39.70063786653,38.5482422641332
ENSSSCG00000056139,27.0144648580849,4.00064201965301
ENSSSCG00000050757,3.67061858619985,0.411280955291431
ENSSSCG00000005067,0.515174538414014,0.149556711015066
ENSSSCG00000062659,0.901555442224525,0
ENSSSCG00000060884,0.901555442224525,0.373891777537664
ENSSSCG00000061752,2.99445200453146,2.16857230971845
ENSSSCG00000056433,10.7864668980434,10.730694015331
ENSSSCG00000052935,0.0643968173017518,1.08428615485923
ENSSSCG00000052386,0.193190451905255,0.411280955291431
ENSSSCG00000034124,30.2987025404742,25.1629166282848
ENSSSCG00000062236,0.837158624922773,0.673005199567796
ENSSSCG00000021588,2.47927746611744,15.4043412345518
ENSSSCG00000050451,4.18579312461386,0.373891777537664
ENSSSCG00000055354,15.9382122821836,4.86059310798964
ENSSSCG00000058521,3.4774281342946,0.149556711015066
ENSSSCG00000018450,0.515174538414014,0.299113422030131
ENSSSCG00000018972,2.83345996127708,0.598226844060263
ENSSSCG00000004561,61.1125796193624,63.5242130036492
ENSSSCG00000038786,0.708364990319269,0.710394377321562
ENSSSCG00000025013,9.75611782121539,2.24335066522599
ENSSSCG00000028737,50.1007238607629,38.3239071976106
ENSSSCG00000038358,0.289785677857883,0.448670133045197
ENSSSCG00000005052,15.4230377437695,7.55261390626082
ENSSSCG00000004822,353.023352448203,186.497218635787
ENSSSCG00000032332,33.2931545450057,15.1426169902754
ENSSSCG00000004825,29.4937423242023,31.5190768464251
ENSSSCG00000005054,96.7240195872311,143.35010750794
ENSSSCG00000004795,14.521482301545,9.30990526068784
ENSSSCG00000004732,1.64211884119467,2.20596148747222
ENSSSCG00000005055,175.384731921321,579.046195872581
ENSSSCG00000005056,7.40563398970145,1.34601039913559
ENSSSCG00000005057,13.6199268593205,10.2820238822858
ENSSSCG00000040895,3.09104723048408,2.91635586479378
ENSSSCG00000005058,10.8186653066943,8.03867321705978
ENSSSCG00000032949,22.1525051518026,34.5102110667264
ENSSSCG00000004565,0.579571355715766,7.25350048423069
ENSSSCG00000005060,150.881742938004,41.7637115509571
ENSSSCG00000026571,61.7887462010308,67.225741601272
ENSSSCG00000004744,14.2960934409889,20.8631611866017
ENSSSCG00000023158,49.6821445483015,32.4538062902693
ENSSSCG00000004661,10.110300316375,3.85108530863794
ENSSSCG00000004569,17.7091247579817,21.3492204974006
ENSSSCG00000004570,302.375255640375,464.48575523504
ENSSSCG00000004820,17.4515374887747,17.0868542334713
ENSSSCG00000033800,1.51332520659117,4.33714461943691
ENSSSCG00000004821,21.9593146998973,19.1058698321746
ENSSSCG00000005071,85.6799654199807,57.5793337408003
ENSSSCG00000004839,0.321984086508759,67.1883524235183
ENSSSCG00000049460,1.22353952873328,0.560837666306496
ENSSSCG00000022299,102.036757014626,104.876643599315
ENSSSCG00000004826,44.0152246257473,54.4012536317301
ENSSSCG00000055131,6.24649127826992,4.86059310798964
ENSSSCG00000005072,70.546713354069,42.6984409948013
ENSSSCG00000004823,73.8309510364584,44.4183431714745
ENSSSCG00000005073,31.8764245643671,9.49685114945667
ENSSSCG00000030560,60.8549923501554,147.687252127377
ENSSSCG00000004662,1.96410292770343,0.52344848855273
ENSSSCG00000004663,20.5747831279097,20.8257720088479
ENSSSCG00000005075,0.54737294706489,0.0747783555075329
ENSSSCG00000024088,66.8438963592183,301.28199433985
ENSSSCG00000026900,7.63102285025758,8.52473252785875
ENSSSCG00000027270,9.49853055200838,5.0101498190047
ENSSSCG00000005076,16.2601963686923,9.08557019416524
ENSSSCG00000043519,0.482976129763138,0.972118621597927
ENSSSCG00000004830,4.18579312461386,14.2078875464312
ENSSSCG00000031856,21.6373306133886,15.2921737012905
ENSSSCG00000054906,0.708364990319269,0.635616021814029
ENSSSCG00000005103,21.2187513009272,18.1337512105767
ENSSSCG00000004832,64.6222061623079,66.3657905129354
ENSSSCG00000037343,22.7964733248201,26.6210945606817
ENSSSCG00000005105,15.6162281956748,21.610944741677
ENSSSCG00000005106,5.4737294706489,35.0710487330329
ENSSSCG00000004840,0.708364990319269,1.60773464341196
ENSSSCG00000026006,71.8024512914532,78.592051638417
ENSSSCG00000035223,1.19134112008241,2.95374504254755
ENSSSCG00000026442,3.92820585540686,0.224335066522599
ENSSSCG00000004739,35.5792415592178,54.8873129425291
ENSSSCG00000004813,6.66507059073131,3.55197188660781
ENSSSCG00000005749,163.439122311846,181.86096059432
ENSSSCG00000056777,6.11769764366642,8.41256499459745
ENSSSCG00000004745,62.3361191480957,54.3638644539764
ENSSSCG00000028771,78.4997202908354,87.1167841662758
ENSSSCG00000035284,153.167829952217,27.4810456490183
ENSSSCG00000004785,23.1506558199798,16.8251299891949
ENSSSCG00000055844,29.4615439155514,13.759217413386
ENSSSCG00000030487,23.8268224016482,25.8733110056064
ENSSSCG00000039061,50.9700808943365,45.3904617930724
ENSSSCG00000057874,13.5555300420187,17.3485784777476
ENSSSCG00000051803,0.708364990319269,0
ENSSSCG00000058109,0.450777721112262,0.635616021814029
ENSSSCG00000038452,22.9252669594236,6.43093857364783
ENSSSCG00000055636,0.740563398970145,1.60773464341196
ENSSSCG00000055290,6.66507059073131,1.86945888768832
ENSSSCG00000004787,13.5233316333679,14.8435035682453
ENSSSCG00000035254,11.6236255229662,13.2731581025871
ENSSSCG00000040418,3.63842017754897,1.57034546565819
ENSSSCG00000005081,12.0422048354276,1.71990217667326
ENSSSCG00000004802,35.6436383765196,46.100856170394
ENSSSCG00000004789,200.692681120909,35.0710487330329
ENSSSCG00000005742,5.53812628795065,0.0747783555075329
ENSSSCG00000005082,74.6359112527303,52.4570163885343
ENSSSCG00000004791,46.7842877697227,13.5348823468634
ENSSSCG00000005740,5.18394379279102,6.73005199567796
ENSSSCG00000005083,15.7450218302783,51.8214003667203
ENSSSCG00000004799,34.6454877083424,13.0862122138182
ENSSSCG00000004792,35.6436383765196,18.1711403883305
ENSSSCG00000005084,57.7961435283222,79.9754512153064
ENSSSCG00000005743,95.6936705104031,42.1749925062485
ENSSSCG00000039393,44.3050103036052,27.7427698932947
ENSSSCG00000005598,1.19134112008241,0.972118621597927
ENSSSCG00000005089,5.86011037445941,3.55197188660781
ENSSSCG00000005090,10.2390939509785,11.5158667481601
ENSSSCG00000005600,56.7657944514942,80.2371754595828
ENSSSCG00000024529,13.0403555036047,9.6837970382255
ENSSSCG00000004834,19.4156404164782,19.6667074984811
ENSSSCG00000005599,13.5233316333679,12.974044680557
ENSSSCG00000005092,15.6162281956748,10.9176399040998
ENSSSCG00000005601,545.634232997743,905.3415501297
ENSSSCG00000054331,0.804960216271897,0.373891777537664
ENSSSCG00000055023,1.41672998063854,0.785172732829095
ENSSSCG00000005095,39.7328362751808,60.6826354943629
ENSSSCG00000059729,8.66137192708561,6.69266281792419
ENSSSCG00000044231,0.869357033573649,0.822561910582861
ENSSSCG00000005602,73.3479749066953,80.6484564148742
ENSSSCG00000060230,0.515174538414014,0.112167533261299
ENSSSCG00000052653,0.128793634603504,0.598226844060263
ENSSSCG00000061900,57.0233817207012,82.9665854356077
ENSSSCG00000058387,0.482976129763138,0.448670133045197
ENSSSCG00000058801,0.418579312461386,0.224335066522599
ENSSSCG00000056778,4.37898357651912,1.23384286587429
ENSSSCG00000042837,1.19134112008241,0.373891777537664
ENSSSCG00000051146,0.676166581668393,0.0747783555075329
ENSSSCG00000061741,0.643968173017518,0.373891777537664
ENSSSCG00000060976,12.3963873305872,8.26300828358238
ENSSSCG00000053803,1.48112679794029,0.411280955291431
ENSSSCG00000060694,0.386380903810511,0.149556711015066
ENSSSCG00000053134,1.03034907682803,0.112167533261299
ENSSSCG00000062562,1.32013475468591,0.149556711015066
ENSSSCG00000055525,1.57772202389292,1.71990217667326
ENSSSCG00000057496,0.901555442224525,4.93537146349717
ENSSSCG00000004814,49.0059779666331,51.1857843449062
ENSSSCG00000026425,1.8675077017508,2.39290737624105
ENSSSCG00000029169,65.0085870661184,52.6813514550569
ENSSSCG00000005604,15.0044584313082,22.3213391189986
ENSSSCG00000036926,28.2380043868181,21.7231122749383
ENSSSCG00000032752,20.1884022240992,25.8733110056064
ENSSSCG00000031426,25.0825603390323,46.1756345259015
ENSSSCG00000005607,31.0392659394443,61.0565272719006
ENSSSCG00000004725,40.5699949001036,48.3815960133738
ENSSSCG00000004728,7.14804672049445,2.69202079827118
ENSSSCG00000005608,146.438362544183,99.3056561140036
ENSSSCG00000004729,48.2010177503612,37.0900643317363
ENSSSCG00000004730,113.274001633781,218.09107383772
ENSSSCG00000033472,0.257587269207007,1.38339957688936
ENSSSCG00000004731,115.882072734502,143.649220929971
ENSSSCG00000004746,1.51332520659117,3.43980435334651
ENSSSCG00000004747,81.9449500164791,95.6789058718883
ENSSSCG00000032141,25.4045444255411,15.366952056798
ENSSSCG00000004659,0.965952259526276,1.15906451036676
ENSSSCG00000004666,47.5248511686928,70.7403243101261
ENSSSCG00000037384,49.6821445483015,48.5311527243888
ENSSSCG00000004668,8.85456237899087,32.9024764233145
ENSSSCG00000004670,2.35048383151394,2.54246408725612
ENSSSCG00000004671,9.72391941256451,9.04818101641148
ENSSSCG00000004672,17.2261486282186,72.198502242523
ENSSSCG00000004673,2.96225359588058,23.9664629401643
ENSSSCG00000004674,18.5784817915554,83.4526447464067
ENSSSCG00000004675,8.01740375406809,8.59951088336628
ENSSSCG00000004676,3.54182495159635,1.64512382116572
ENSSSCG00000004678,6.79386422533481,4.26236626392937
ENSSSCG00000024912,40.1514155876422,48.2320393023587
ENSSSCG00000038220,73.5411653586005,89.2105781204867
ENSSSCG00000005751,852.742654709797,779.975637121321
ENSSSCG00000023333,1.41672998063854,0.0747783555075329
ENSSSCG00000029414,0.9337538508754,0.486059310798964
ENSSSCG00000029715,11.3016414364574,10.4315805933008
ENSSSCG00000023996,72.8006019596304,64.5711099807546
ENSSSCG00000031407,1.12694430278066,0.598226844060263
ENSSSCG00000023173,24.0522112622043,36.0431673546308
ENSSSCG00000021241,7.24464194644707,10.3568022377933
ENSSSCG00000040709,11.5270302970136,13.2731581025871
ENSSSCG00000024166,4.92635652358401,2.80418833153248
ENSSSCG00000032106,32.2950038768285,33.3885357341134
ENSSSCG00000031941,40.0226219530387,53.8404159654237
ENSSSCG00000035904,831.234117731012,601.928372657886
ENSSSCG00000035727,33.3897497709583,37.2770102205051
ENSSSCG00000038459,10.7864668980434,8.86123512764264
ENSSSCG00000040710,177.735215752835,266.323113140078
ENSSSCG00000005609,10.2712923596294,50.9988384561374
ENSSSCG00000062903,0.450777721112262,1.12167533261299
ENSSSCG00000005610,21.0577592576728,194.311556786324
ENSSSCG00000005611,19.190251555922,23.5925711626266
ENSSSCG00000005613,20.7357751711641,35.856221465862
ENSSSCG00000005614,157.546813528736,746.063652898655
ENSSSCG00000055491,3.70281699485073,2.95374504254755
ENSSSCG00000059456,2.89785677857883,0.411280955291431
ENSSSCG00000062610,0.837158624922773,0.411280955291431
ENSSSCG00000047673,0.643968173017518,0.336502599783898
ENSSSCG00000062001,0.482976129763138,0.336502599783898
ENSSSCG00000057762,1.89970611040168,1.45817793239689
ENSSSCG00000037405,2.44707905746657,0.785172732829095
ENSSSCG00000037372,5.76351514850678,7.32827883973822
ENSSSCG00000029697,96.5308291353259,100.46472062437
ENSSSCG00000049216,0.901555442224525,1.00950779935169
ENSSSCG00000027726,11.0118557585996,8.97340266090394
ENSSSCG00000037508,680.352374793007,1324.47423274942
ENSSSCG00000036639,222.330011734298,577.700185473445
ENSSSCG00000005518,86.7747113141105,46.3625804146704
ENSSSCG00000038036,1.35233316333679,1.71990217667326
ENSSSCG00000005528,30.3952977664268,45.5026293263337
ENSSSCG00000005529,21.6051322047377,12.6375420807731
ENSSSCG00000005530,11.3016414364574,11.0671966151149
ENSSSCG00000030089,32.2306070595268,30.8086824691035
ENSSSCG00000005532,21.1221560749746,24.3403547177019
ENSSSCG00000005533,4.41118198517,4.11280955291431
ENSSSCG00000004679,84.4564258912474,105.699205509898
ENSSSCG00000004680,0.579571355715766,0.598226844060263
ENSSSCG00000004687,233.857042031311,215.473831394956
ENSSSCG00000004684,52.5478029182294,79.3024460157386
ENSSSCG00000004691,53.2883663171996,46.2878020591628
ENSSSCG00000035827,44.9811768852736,34.9588811997716
ENSSSCG00000004334,41.9545264720913,31.7060227351939
ENSSSCG00000058706,1.25573793738416,0.186945888768832
ENSSSCG00000051899,311.809389375082,317.546286662738
ENSSSCG00000004040,6.63287218208043,2.24335066522599
ENSSSCG00000004044,194.124205756131,168.213910714195
ENSSSCG00000004039,1.38453157198766,3.10330175356261
ENSSSCG00000004332,2.60807110072095,2.72940997602495
ENSSSCG00000053017,0.482976129763138,0.336502599783898
ENSSSCG00000061618,0.354182495159635,0.598226844060263
ENSSSCG00000027974,35.4826463332652,39.8194743077612
ENSSSCG00000034239,25.2113539736358,46.1756345259015
ENSSSCG00000038300,0.0643968173017518,2.35551819848728
ENSSSCG00000029687,78.9504980119477,202.761510958675
ENSSSCG00000005399,67.8420470273955,70.590767599111
ENSSSCG00000005617,34.6132892996916,162.044696384824
ENSSSCG00000005618,60.4042146290431,12.1888719477279
ENSSSCG00000005616,10.6898716720908,3.85108530863794
ENSSSCG00000005619,9.11214964819787,18.3580862770993
ENSSSCG00000005620,29.04296460309,22.6204525410287
ENSSSCG00000005621,143.025331227191,198.985204005545
ENSSSCG00000005626,43.3712564527298,119.869703878575
ENSSSCG00000005625,184.110500665708,251.330052860818
ENSSSCG00000005627,14.1351013977345,17.1990217667326
ENSSSCG00000005623,82.8787038673545,123.159951520907
ENSSSCG00000005628,81.3331802521125,287.261052682187
ENSSSCG00000005629,1.19134112008241,2.20596148747222
ENSSSCG00000032481,42.9526771402684,69.6560381552669
ENSSSCG00000005631,71.8990465174058,130.862122138182
ENSSSCG00000005636,20.4781879019571,33.4259249118672
ENSSSCG00000022655,20.5425847192588,29.7991746697518
ENSSSCG00000022295,21.7661242479921,43.4836137276304
ENSSSCG00000005640,95.5970752844505,87.6028434770747
ENSSSCG00000005641,72.7040067336777,33.8745950449124
ENSSSCG00000005643,132.786237276212,214.838215373142
ENSSSCG00000032748,29.6547343674567,25.5368084058225
ENSSSCG00000005645,37.7687333474774,30.1730664472895
ENSSSCG00000005646,79.6588630022669,73.2080100418747
ENSSSCG00000005648,31.2646548000005,71.226383620925
ENSSSCG00000005649,62.2395239221431,68.5343628226539
ENSSSCG00000005650,63.5918570854799,59.4861818062424
ENSSSCG00000005651,126.121166685481,109.550290818536
ENSSSCG00000005652,56.7013976341924,46.2130237036553
ENSSSCG00000005654,411.463464149543,656.254847934108
ENSSSCG00000005655,109.345795778374,68.1604710451162
ENSSSCG00000005656,391.790236463858,327.977867256039
ENSSSCG00000005657,45.9471291447999,22.8821767853051
ENSSSCG00000063201,15.1654504745625,22.5082850077674
ENSSSCG00000005659,46.8808829956753,83.8265365239443
ENSSSCG00000005660,92.2162423761085,153.594742212472
ENSSSCG00000005661,1.54552361524204,3.62675024211534
ENSSSCG00000005662,16.7753709071063,25.2376949837923
ENSSSCG00000005663,7.50222921565408,17.9094161440541
ENSSSCG00000005664,53.9323344902171,101.137725823938
ENSSSCG00000005665,2.60807110072095,6.46832775140159
ENSSSCG00000005666,12.3963873305872,19.5171507874661
ENSSSCG00000005667,100.748820668591,108.391226308169
ENSSSCG00000005668,69.4519674599393,99.3430452917574
ENSSSCG00000005669,40.988574212565,91.9773772742654
ENSSSCG00000056456,3.99260267270861,4.26236626392937
ENSSSCG00000054966,2.09289656230693,1.23384286587429
ENSSSCG00000005638,103.356891769312,2.84157750928625
ENSSSCG00000035245,0.708364990319269,0.486059310798964
ENSSSCG00000004144,52.0004299711645,43.5957812608917
ENSSSCG00000004145,36.9959715398564,21.6857230971845
ENSSSCG00000004146,50.6480968078278,113.401376127174
ENSSSCG00000004147,52.2902156490224,13.7218282356323
ENSSSCG00000004148,58.6011037445941,46.0260778148865
ENSSSCG00000060537,1.28793634603504,0.52344848855273
ENSSSCG00000034213,5.98890400906291,10.4689697710546
ENSSSCG00000005169,1098.35211589868,504.043505298525
ENSSSCG00000005170,55.0914772016486,61.0939164496543
ENSSSCG00000035863,45.3353593804332,46.4373587701779
ENSSSCG00000027257,74.2173319402689,94.6320088947828
ENSSSCG00000005393,2.57587269207007,1.53295628790442
ENSSSCG00000042524,0.901555442224525,0.673005199567796
ENSSSCG00000038171,21.5085369787851,21.610944741677
ENSSSCG00000005398,233.824843622661,289.16790074763
ENSSSCG00000049199,4.37898357651912,1.04689697710546
ENSSSCG00000005471,16.5499820465502,30.6591257580885
ENSSSCG00000005472,63.1410793643676,36.1927240656459
ENSSSCG00000005473,0.160992043254379,0.560837666306496
ENSSSCG00000005474,58.4723101099906,3486.3912688277
ENSSSCG00000047560,0.708364990319269,0.224335066522599
ENSSSCG00000005475,1.48112679794029,0.52344848855273
ENSSSCG00000005477,87.0644969919684,133.741088825223
ENSSSCG00000023714,17.2905454455203,78.8911650604472
ENSSSCG00000034278,91.572274203091,437.07948794153
ENSSSCG00000033177,25.951917372606,26.6584837384355
ENSSSCG00000024648,46.6554941351191,79.5267810822612
ENSSSCG00000027688,10.110300316375,9.30990526068784
ENSSSCG00000020987,18.5140849742536,15.1426169902754
ENSSSCG00000021173,4.82976129763138,12.9366555028032
ENSSSCG00000039861,20.7679735798149,23.5925711626266
ENSSSCG00000005478,38.7024871983528,47.7833691693135
ENSSSCG00000005480,51.6784458846558,142.116264642066
ENSSSCG00000053708,52.9985806393417,87.9019568991049
ENSSSCG00000005425,144.184473938622,157.483216698864
ENSSSCG00000054150,3.44522972564372,1.90684806544209
ENSSSCG00000005426,31.1680595740478,22.0596148747222
ENSSSCG00000039896,8.85456237899087,5.83271172958756
ENSSSCG00000053150,0.386380903810511,0.299113422030131
ENSSSCG00000004806,11.1084509845522,2.84157750928625
ENSSSCG00000004807,6.50407854747693,0.635616021814029
ENSSSCG00000033657,4.31458675921737,0.52344848855273
ENSSSCG00000027232,0.515174538414014,42.8853868835701
ENSSSCG00000004811,1.54552361524204,1.23384286587429
ENSSSCG00000056845,10.367887585582,12.8244879695419
ENSSSCG00000044690,9.2087448741505,14.3200550796925
ENSSSCG00000031669,16.1636011427397,27.9297157820635
ENSSSCG00000005671,81.5585691126686,164.661938827587
ENSSSCG00000005672,172.7766608206,186.945888768832
ENSSSCG00000005673,15.8738154648818,10.3194130600395
ENSSSCG00000061305,6.02110241771379,6.39354939589406
ENSSSCG00000005678,13.0081570949539,18.0215836773154
ENSSSCG00000005679,20.8967672144184,37.7630695313041
ENSSSCG00000005680,1.8675077017508,1.19645368812053
ENSSSCG00000005688,14.3926886669415,46.4747479479317
ENSSSCG00000005683,62.1107302875396,81.6953533919796
ENSSSCG00000034518,31.5222420692075,48.34420683562
ENSSSCG00000030426,40.6665901260562,43.4462245498766
ENSSSCG00000024341,57.860540345624,52.2326813220117
ENSSSCG00000038868,139.419109458293,184.478203037084
ENSSSCG00000039311,49.2635652358401,48.1572609468512
ENSSSCG00000005699,11.6880223402679,3.10330175356261
ENSSSCG00000056056,1.28793634603504,0.0747783555075329
ENSSSCG00000046947,3.99260267270861,0.0747783555075329
ENSSSCG00000060776,31.1036627567461,13.3105472803408
ENSSSCG00000055469,0.708364990319269,0.859951088336628
ENSSSCG00000005689,79.5944661849652,193.825497475525
ENSSSCG00000051973,1.0625474854789,2.35551819848728
ENSSSCG00000004047,32.938972049846,27.6679915377872
ENSSSCG00000004048,66.3931186381061,83.2283096798841
ENSSSCG00000004049,17.5481327147274,47.2599206807608
ENSSSCG00000004050,95.1784959719891,79.9006728597989
ENSSSCG00000040317,21.3475449355307,27.0323755159731
ENSSSCG00000004053,12.1388000613802,44.3809539937208
ENSSSCG00000004055,18.7072754261589,24.7142464952396
ENSSSCG00000004058,327.425617570757,594.338369573871
ENSSSCG00000004057,1.70651565849642,1.75729135442702
ENSSSCG00000033107,50.8090888510821,43.4462245498766
ENSSSCG00000024876,64.5578093450061,69.2821463777292
ENSSSCG00000018530,0.418579312461386,0.486059310798964
ENSSSCG00000004052,97.8187654813609,773.20819594789
ENSSSCG00000053023,1.32013475468591,0.112167533261299
ENSSSCG00000052920,1.7387140671473,0.673005199567796
ENSSSCG00000046349,0.740563398970145,0.673005199567796
ENSSSCG00000061525,2.8012615526262,1.86945888768832
ENSSSCG00000056817,0.321984086508759,0.224335066522599
ENSSSCG00000005524,74.5393160267777,81.2466832589345
ENSSSCG00000061402,0.450777721112262,0.710394377321562
ENSSSCG00000062745,0.128793634603504,1.08428615485923
ENSSSCG00000004572,2.22169019691044,6.76744117343172
ENSSSCG00000004573,7.82421330216284,56.2333233416647
ENSSSCG00000036431,36.6739874533476,58.102782229353
ENSSSCG00000039009,0.740563398970145,2.69202079827118
ENSSSCG00000005282,31.0714643480952,13.0862122138182
ENSSSCG00000004699,1.0625474854789,1.45817793239689
ENSSSCG00000004700,680.545565244913,876.25276983727
ENSSSCG00000004701,23.343846271885,13.9835524799086
ENSSSCG00000004702,3.41303131699284,6.39354939589406
ENSSSCG00000004703,5.79571355715766,7.17872212872315
ENSSSCG00000004704,26.5636871369726,48.979822857434
ENSSSCG00000004705,36.3520033668389,47.0355856142382
ENSSSCG00000031949,104.355042437489,116.130786103199
ENSSSCG00000004708,41.0529710298667,50.8492817451223
ENSSSCG00000004710,10.8186653066943,12.6375420807731
ENSSSCG00000048742,1.32013475468591,1.19645368812053
ENSSSCG00000057474,12.7827682343977,11.5158667481601
ENSSSCG00000027161,5.63472151390328,2.24335066522599
ENSSSCG00000005247,79.1436884638529,153.744298923488
ENSSSCG00000005249,37.7687333474774,151.127056480724
ENSSSCG00000061837,0.418579312461386,0.149556711015066
ENSSSCG00000032999,9.82051463851714,12.5627637252655
ENSSSCG00000005109,1.0625474854789,0.0747783555075329
ENSSSCG00000005110,284.730527699695,281.577897663615
ENSSSCG00000036551,0.418579312461386,0.0747783555075329
ENSSSCG00000037292,1.96410292770343,0.673005199567796
ENSSSCG00000020666,36.0944160976319,98.5204833811745
ENSSSCG00000004736,1.09474589412978,1.38339957688936
ENSSSCG00000004737,26.9178696321322,24.7516356729934
ENSSSCG00000057430,6.95485626858919,9.04818101641148
ENSSSCG00000004166,14.2960934409889,9.98291046025564
ENSSSCG00000004167,40.7631853520089,13.0488230360645
ENSSSCG00000060550,16.0348075081362,11.852369347944
ENSSSCG00000004169,41.7935344288369,36.9405076207212
ENSSSCG00000004170,10.9152605326469,8.63690006112004
ENSSSCG00000004311,29.1073614203918,33.6502599783898
ENSSSCG00000060394,1.51332520659117,1.30862122138182
ENSSSCG00000039953,138.131173112258,203.023235202952
ENSSSCG00000051930,1.03034907682803,7.14133295096939
ENSSSCG00000032781,10.367887585582,4.29975544168314
ENSSSCG00000004314,38.7346856070037,49.8023847680169
ENSSSCG00000024249,3.57402336024722,8.07606239481355
ENSSSCG00000004317,49.0059779666331,51.8961787222278
ENSSSCG00000004318,3.31643609104022,10.8054723708385
ENSSSCG00000004322,36.8993763139038,22.9195659630588
ENSSSCG00000004324,27.2720521272919,18.1711403883305
ENSSSCG00000005378,16.4211884119467,8.37517581684368
ENSSSCG00000005379,19.0292595126676,3.55197188660781
ENSSSCG00000005380,145.21482301545,256.452370213084
ENSSSCG00000005382,48.5552002455208,22.5082850077674
ENSSSCG00000042369,12.2353952873328,10.9550290818536
ENSSSCG00000005383,31.4578452519057,38.3612963753644
ENSSSCG00000038914,104.966812201855,89.5096915425168
ENSSSCG00000005701,12.2997921046346,12.4132070142505
ENSSSCG00000042995,0.54737294706489,0.598226844060263
ENSSSCG00000005702,61.1447780280133,61.0939164496543
ENSSSCG00000005704,24.7927746611744,14.2078875464312
ENSSSCG00000005706,142.767743957984,191.507368454792
ENSSSCG00000005707,1.03034907682803,13.4601039913559
ENSSSCG00000005710,156.452067634606,267.0335075174
ENSSSCG00000034178,21.798322656643,14.0583308354162
ENSSSCG00000005711,83.7480609009282,132.694191848117
ENSSSCG00000041350,0.418579312461386,1.23384286587429
ENSSSCG00000028172,5.57032469660153,4.97276064125094
ENSSSCG00000005713,5.31273742739452,6.43093857364783
ENSSSCG00000005715,373.630333984764,542.217855785121
ENSSSCG00000055698,0.354182495159635,0.448670133045197
ENSSSCG00000005716,47.8790336638524,70.441210888096
ENSSSCG00000005717,5.92450719176116,10.4689697710546
ENSSSCG00000031465,28.9463693771374,136.021828668202
ENSSSCG00000005719,86.9679017660157,146.752522683533
ENSSSCG00000004738,83.5870688576738,45.2782942598111
ENSSSCG00000004087,144.667450068385,56.6072151192024
ENSSSCG00000004088,28.5599884733269,21.8726689859534
ENSSSCG00000004089,17.4193390801239,18.1337512105767
ENSSSCG00000050987,9.49853055200838,4.63625804146704
ENSSSCG00000042025,1.03034907682803,0.373891777537664
ENSSSCG00000004090,14.0385061717819,12.9366555028032
ENSSSCG00000031733,94.7921150681786,156.473708899513
ENSSSCG00000004092,9.53072896065926,17.0494650557175
ENSSSCG00000032778,77.0185934928951,63.8981047811868
ENSSSCG00000032787,49.9719302261594,82.3309694137937
ENSSSCG00000004244,18.9004658780641,5.4588199520499
ENSSSCG00000004245,0.579571355715766,0
ENSSSCG00000004247,2.51147587476832,2.54246408725612
ENSSSCG00000004249,10.6576732634399,4.93537146349717
ENSSSCG00000062089,5.08734856683839,0.598226844060263
ENSSSCG00000004246,23.9556160362517,21.2370529641393
ENSSSCG00000005078,54.3187153940276,50.4753899675847
ENSSSCG00000032928,0.740563398970145,0.52344848855273
ENSSSCG00000037854,10.4966812201855,5.9074900850951
ENSSSCG00000034798,28.4955916560252,20.4518802313102
ENSSSCG00000027678,3.89600744675598,0.0747783555075329
ENSSSCG00000038033,24.63178261792,31.4442984909176
ENSSSCG00000004771,18.6106802002063,26.4341486719129
ENSSSCG00000004772,47.6214463946454,91.3417612524514
ENSSSCG00000004774,56.282818321731,171.429380001019
ENSSSCG00000053306,11.5914271143153,7.36566801749199
ENSSSCG00000004776,0.54737294706489,0.710394377321562
ENSSSCG00000023975,37.4467492609686,36.6787833764449
ENSSSCG00000063043,1.25573793738416,8.00128403930602
ENSSSCG00000004779,6.4074833215243,2.05640477645715
ENSSSCG00000004781,12.3641889219363,3.85108530863794
ENSSSCG00000004782,14.006307763131,2.80418833153248
ENSSSCG00000005720,18.3530929309992,30.4347906915659
ENSSSCG00000005723,1.35233316333679,6.20660350712523
ENSSSCG00000045836,6.69726899938218,6.54310610690912
ENSSSCG00000005724,75.8916491901144,145.294344751136
ENSSSCG00000005725,22.828671733471,20.6388261200791
ENSSSCG00000005727,12.6861730084451,5.64576584081873
ENSSSCG00000005729,17.0651565849642,22.6204525410287
ENSSSCG00000005731,58.7298973791976,52.0457354332429
ENSSSCG00000039188,20.7679735798149,12.4505961920042
ENSSSCG00000022250,62.271722330794,33.4259249118672
ENSSSCG00000046003,126.668539632546,182.646133327149
ENSSSCG00000032110,52.8697870047382,58.4018956513832
ENSSSCG00000005738,65.4593647872307,86.4811681444617
ENSSSCG00000031532,27.5618378051498,35.4449405105706
ENSSSCG00000004718,6.76166581668393,5.27187406328107
ENSSSCG00000022039,11.2372446191557,10.5811373043159
ENSSSCG00000044105,3.63842017754897,3.58936106436158
ENSSSCG00000044127,1.60992043254379,1.98162642094962
ENSSSCG00000035719,12.7505698257468,13.7966065911398
ENSSSCG00000004726,16.5821804552011,39.370804174716
ENSSSCG00000038735,52.6765965528329,49.2415471017104
ENSSSCG00000004719,41.503748750979,44.2313972827057
ENSSSCG00000005506,18.0633072531414,65.2815043580762
ENSSSCG00000028117,53.964532898868,67.7865792675785
ENSSSCG00000054168,2.9300551872297,2.16857230971845
ENSSSCG00000028671,0,4.03803119740677
ENSSSCG00000004748,31.1036627567461,29.7617854919981
ENSSSCG00000035544,31.2646548000005,21.3118313196469
ENSSSCG00000004750,16.5821804552011,16.4138490339035
ENSSSCG00000004751,139.644498318849,219.736197658885
ENSSSCG00000004752,4.44338039382087,5.3466524187886
ENSSSCG00000004753,59.7924448646765,42.3245492172636
ENSSSCG00000038521,5.76351514850678,4.18758790842184
ENSSSCG00000004755,47.0418750389297,132.208132537318
ENSSSCG00000004757,40.6343917174054,70.590767599111
ENSSSCG00000004758,11.3982366624101,34.098930111435
ENSSSCG00000004759,154.423567889601,133.928034713991
ENSSSCG00000004760,1.0625474854789,1.30862122138182
ENSSSCG00000004761,16.6465772725028,18.4702538103606
ENSSSCG00000004762,18.0955056617922,13.7966065911398
ENSSSCG00000061289,22.4744892383114,26.9575971604656
ENSSSCG00000004765,2.28608701421219,7.40305719524575
ENSSSCG00000004766,5.24834061009277,3.88847448639171
ENSSSCG00000042522,7.11584831184357,1.12167533261299
ENSSSCG00000036700,8.98335601359437,9.16034854967277
ENSSSCG00000048769,8.17839579732247,6.43093857364783
ENSSSCG00000004694,0.611769764366642,0.710394377321562
ENSSSCG00000004695,12.3641889219363,7.81433815053718
ENSSSCG00000040383,54.994881975696,76.6104252174674
ENSSSCG00000054394,36.0944160976319,52.7187406328107
ENSSSCG00000004698,14.3604902582906,26.9575971604656
ENSSSCG00000024263,240.650906256646,321.73387457116
ENSSSCG00000004709,76.278030093925,133.81586718073
ENSSSCG00000004714,0.740563398970145,0.448670133045197
ENSSSCG00000034771,35.1606622467565,37.8378478868116
ENSSSCG00000004716,26.0485125985586,53.7282484321624
ENSSSCG00000004717,39.5718442319265,45.2035159043036
ENSSSCG00000024623,30.87827389619,30.5843474025809
ENSSSCG00000032702,31.0070675307935,27.5184348267721
ENSSSCG00000012014,19.2868467818747,18.5824213436219
ENSSSCG00000012000,41.4393519336773,41.0907063513893
ENSSSCG00000012001,6.18209446096817,6.80483035118549
ENSSSCG00000012002,16.5177836378993,10.7680831930847
ENSSSCG00000037517,1.44892838928941,0.635616021814029
ENSSSCG00000012006,17.2583470368695,9.98291046025564
ENSSSCG00000012007,34.1625115785793,29.9113422030131
ENSSSCG00000038062,2.64026950937182,0.52344848855273
ENSSSCG00000021038,175.127144652114,71.2637727986788
ENSSSCG00000033025,24.4385921660148,10.3941914155471
ENSSSCG00000012018,5.02295174953664,0.411280955291431
ENSSSCG00000059268,2.12509497095781,0.336502599783898
ENSSSCG00000062471,2.41488064881569,1.94423724319585
ENSSSCG00000052492,0.611769764366642,0.373891777537664
ENSSSCG00000045021,0.579571355715766,0.224335066522599
ENSSSCG00000050085,1.67431724984555,0.934729443844161
ENSSSCG00000055111,0.772761807621021,0.149556711015066
ENSSSCG00000011491,49.1025731925857,28.5279426261238
ENSSSCG00000011493,33.1643609104022,32.3790279347617
ENSSSCG00000011494,49.1991684185383,48.0450934135899
ENSSSCG00000011495,61.724349383729,48.7180986131577
ENSSSCG00000011489,1.15914271143153,0.149556711015066
ENSSSCG00000027617,0.901555442224525,0.747783555075329
ENSSSCG00000011492,54.479707437282,11.7775909924364
ENSSSCG00000035818,11.8812127921732,3.47719353110028
ENSSSCG00000054111,1.19134112008241,5.30926324103483
ENSSSCG00000011485,41.4715503423281,117.364628969073
ENSSSCG00000011486,1.38453157198766,0.897340266090394
ENSSSCG00000011497,65.5237616045324,65.3562827135837
ENSSSCG00000011498,13.7809189025749,16.7877408114411
ENSSSCG00000011499,70.4823165367673,76.9843169950051
ENSSSCG00000011496,37.607741304223,57.0932744300013
ENSSSCG00000047543,0.354182495159635,0.149556711015066
ENSSSCG00000011500,7.4700308070032,6.99177623995432
ENSSSCG00000011501,106.351343773843,82.7796395468389
ENSSSCG00000033199,2.47927746611744,2.13118313196469
ENSSSCG00000011504,33.0033688671478,41.3524305956657
ENSSSCG00000011510,36.0944160976319,22.9943443185664
ENSSSCG00000011506,52.2902156490224,52.7187406328107
ENSSSCG00000033154,58.8586910138011,189.787466278118
ENSSSCG00000052599,0.9337538508754,0.261724244276365
ENSSSCG00000011511,39.8294315011335,33.9493734004199
ENSSSCG00000052366,0.386380903810511,3.06591257580885
ENSSSCG00000052080,0.772761807621021,0.373891777537664
ENSSSCG00000057885,0.708364990319269,0.299113422030131
ENSSSCG00000011538,36.3520033668389,17.0868542334713
ENSSSCG00000023082,3.92820585540686,16.1521247896271
ENSSSCG00000021585,22.2491003777552,9.7959645714868
ENSSSCG00000023891,1.09474589412978,0
ENSSSCG00000039010,28.270202795469,9.75857539373304
ENSSSCG00000036136,79.7876566368704,119.271477034515
ENSSSCG00000011535,98.1085511592188,116.953348013781
ENSSSCG00000044623,0.321984086508759,0.224335066522599
ENSSSCG00000034197,123.255508315553,188.81534765652
ENSSSCG00000011609,69.1943801907323,94.2955062949989
ENSSSCG00000028031,31.7798293384145,55.4107614310818
ENSSSCG00000011610,67.7454518014428,38.2491288421031
ENSSSCG00000026158,14.3604902582906,6.20660350712523
ENSSSCG00000033624,50.1651206780646,32.491195468023
ENSSSCG00000011542,29.9123216366637,26.2098136053903
ENSSSCG00000011540,151.81549678888,178.533323774235
ENSSSCG00000011546,65.9101425083429,58.7010090734133
ENSSSCG00000054876,4.50777721112262,2.57985326500988
ENSSSCG00000011548,41.3427567077246,48.1198717690974
ENSSSCG00000011549,6.50407854747693,3.43980435334651
ENSSSCG00000011550,16.2923947773432,13.4601039913559
ENSSSCG00000011552,234.726399064885,224.74634747789
ENSSSCG00000011551,61.6599525664273,87.6776218325823
ENSSSCG00000011555,18.932664286715,14.7687252127377
ENSSSCG00000011557,1.38453157198766,0.598226844060263
ENSSSCG00000032623,4.12139630731211,3.81369613088418
ENSSSCG00000011556,3.21984086508759,1.23384286587429
ENSSSCG00000011559,22.4744892383114,32.6407521790381
ENSSSCG00000011560,25.6299332860972,38.9595232194246
ENSSSCG00000011561,12.3319905132855,12.2636503032354
ENSSSCG00000011562,66.1033329602482,90.2948642753459
ENSSSCG00000011563,18.6106802002063,15.9277897231045
ENSSSCG00000011565,122.128564012772,80.2745646373365
ENSSSCG00000011567,21.5085369787851,29.5374504254755
ENSSSCG00000011570,6.21429286961904,2.80418833153248
ENSSSCG00000011569,32.0052181989706,33.2015898453446
ENSSSCG00000011572,87.1288938092701,99.7917154248026
ENSSSCG00000023084,1.48112679794029,0.635616021814029
ENSSSCG00000011600,58.3113180667362,124.730296986565
ENSSSCG00000011601,24.9537667044288,16.5260165671648
ENSSSCG00000011602,52.3868108749751,58.6636198956595
ENSSSCG00000011603,135.072324290424,273.352278557786
ENSSSCG00000011604,15.1010536572608,20.6014369423253
ENSSSCG00000011576,9.75611782121539,13.609660702371
ENSSSCG00000011575,30.3309009491251,51.0736168116449
ENSSSCG00000030581,127.054920536356,83.8639257016981
ENSSSCG00000011578,19.6410292770343,15.6286763010744
ENSSSCG00000023225,1.35233316333679,0.448670133045197
ENSSSCG00000033000,30.6528850356338,17.3859676555014
ENSSSCG00000011579,1.80311088444905,5.15970653001977
ENSSSCG00000011580,23.0540605940271,12.7123204362806
ENSSSCG00000011581,4.63657084572613,1.68251299891949
ENSSSCG00000045850,0.386380903810511,0.149556711015066
ENSSSCG00000029877,28.4955916560252,23.4056252738578
ENSSSCG00000024453,142.059378967664,166.980067848321
ENSSSCG00000011583,0.450777721112262,0.186945888768832
ENSSSCG00000011582,6.47188013882605,11.2167533261299
ENSSSCG00000035811,779.684465480959,706.20678941314
ENSSSCG00000011587,46.8164861783735,33.5754816228823
ENSSSCG00000033303,30.9426707134917,59.86007358378
ENSSSCG00000011589,146.180775274976,244.712168398401
ENSSSCG00000011592,95.468281649847,160.362183385904
ENSSSCG00000011593,37.6721381215248,49.5032713459867
ENSSSCG00000036643,35.9656224630284,48.1198717690974
ENSSSCG00000034318,18.9970611040168,30.8834608246111
ENSSSCG00000011594,29.4937423242023,29.8739530252594
ENSSSCG00000011598,39.0566696935124,39.856863485515
ENSSSCG00000040702,27.497440987848,17.6850810775315
ENSSSCG00000011599,3.70281699485073,2.43029655399482
ENSSSCG00000027812,41.7291376115351,62.4399268487899
ENSSSCG00000023354,37.0281699485073,50.6623358563535
ENSSSCG00000024552,18.9004658780641,3.55197188660781
ENSSSCG00000042319,0.837158624922773,1.64512382116572
ENSSSCG00000062440,0.321984086508759,0.598226844060263
ENSSSCG00000055775,0.901555442224525,0.149556711015066
ENSSSCG00000057327,6.4074833215243,4.03803119740677
ENSSSCG00000058457,1.7387140671473,2.50507490950235
ENSSSCG00000061213,0.482976129763138,0.635616021814029
ENSSSCG00000050913,1.44892838928941,0.859951088336628
ENSSSCG00000056748,2.44707905746657,1.79468053218079
ENSSSCG00000056333,2.09289656230693,1.71990217667326
ENSSSCG00000023393,18.8360690607624,2.16857230971845
ENSSSCG00000011737,6.2786896869208,1.19645368812053
ENSSSCG00000011746,39.9904235443878,9.23512690518031
ENSSSCG00000040946,6.18209446096817,3.88847448639171
ENSSSCG00000011751,22.9252669594236,7.96389486155225
ENSSSCG00000036114,130.14596776684,29.8365638475056
ENSSSCG00000011738,7.37343558105058,2.72940997602495
ENSSSCG00000011739,35.1606622467565,29.8739530252594
ENSSSCG00000011740,3.6062217688981,8.26300828358238
ENSSSCG00000040950,0,0.673005199567796
ENSSSCG00000011741,62.8512936865097,33.9119842226661
ENSSSCG00000035525,1.77091247579817,0.486059310798964
ENSSSCG00000011743,134.524951343359,190.946530788485
ENSSSCG00000026829,35.4182495159635,18.9563131211596
ENSSSCG00000024714,11.5914271143153,3.10330175356261
ENSSSCG00000029608,110.891319393617,60.981748916393
ENSSSCG00000035883,33.9693211266741,25.6863651168375
ENSSSCG00000030467,12.8471650516995,12.6375420807731
ENSSSCG00000011745,54.0933265334715,54.9247021202829
ENSSSCG00000028905,28.6887821079304,29.0513911146765
ENSSSCG00000011750,9.2087448741505,5.49620912980367
ENSSSCG00000011752,64.1714284411956,42.2123816840023
ENSSSCG00000020906,114.755128431722,16.6007949226723
ENSSSCG00000011755,23.3760446805359,10.4315805933008
ENSSSCG00000026579,2.41488064881569,0.747783555075329
ENSSSCG00000035746,23.3760446805359,5.83271172958756
ENSSSCG00000029352,134.750340203916,70.0299299328045
ENSSSCG00000011726,0.321984086508759,2.76679915377872
ENSSSCG00000011727,5.57032469660153,1.15906451036676
ENSSSCG00000024205,3.57402336024722,4.71103639697457
ENSSSCG00000011747,13.1369507295574,1.08428615485923
ENSSSCG00000024916,51.7428427019575,39.0716907526859
ENSSSCG00000042044,0.676166581668393,1.04689697710546
ENSSSCG00000011723,92.7636153231734,111.756252306008
ENSSSCG00000026718,59.8890400906291,72.7593399088295
ENSSSCG00000027467,62.786896869208,43.5957812608917
ENSSSCG00000031098,13.3301411814626,9.72118621597927
ENSSSCG00000036610,41.8901296547895,35.4449405105706
ENSSSCG00000025316,68.2606263398569,89.6592482535319
ENSSSCG00000028855,42.0833201066948,62.8138186263276
ENSSSCG00000025810,11.9134112008241,7.10394377321562
ENSSSCG00000030567,89.2217903715771,108.316447952661
ENSSSCG00000027646,32.0374166076215,59.1496792064585
ENSSSCG00000011997,28.0448139349129,19.7788750317424
ENSSSCG00000011733,37.8975269820809,17.3859676555014
ENSSSCG00000032398,4.70096766302788,1.60773464341196
ENSSSCG00000034645,54.2865169853767,35.370162155063
ENSSSCG00000036885,18.159902479094,7.77694897278342
ENSSSCG00000011731,38.1551142512879,6.65527364017042
ENSSSCG00000032182,121.033818118642,72.5723940200606
ENSSSCG00000029127,0.482976129763138,0
ENSSSCG00000027432,8.9511576049435,11.5158667481601
ENSSSCG00000027571,26.8534728148305,15.2173953457829
ENSSSCG00000011732,22.3456956037079,10.5437481265621
ENSSSCG00000031077,63.3986666335746,76.4234793286986
ENSSSCG00000023434,36.4164001841406,114.971721592832
ENSSSCG00000045484,2.57587269207007,0.673005199567796
ENSSSCG00000025463,51.3242633894962,28.2288292040937
ENSSSCG00000021774,8.69357033573649,12.8244879695419
ENSSSCG00000022952,47.5570495773437,46.6616938367005
ENSSSCG00000011720,121.420199022453,40.0438093742838
ENSSSCG00000037044,27.3686473532445,13.9087741244011
ENSSSCG00000011624,39.2820585540686,20.8257720088479
ENSSSCG00000058656,4.44338039382087,4.86059310798964
ENSSSCG00000025238,6.2786896869208,4.29975544168314
ENSSSCG00000011623,58.0215323888783,42.9227760613239
ENSSSCG00000027556,15.4552361524204,6.09443597386393
ENSSSCG00000025651,29.04296460309,30.8460716468573
ENSSSCG00000033185,24.374195348713,27.8175482488022
ENSSSCG00000011650,51.0666761202891,62.5147052042975
ENSSSCG00000011653,39.8938283184352,51.7466220112127
ENSSSCG00000020984,19.1580531472711,20.003210098265
ENSSSCG00000028623,77.2117839448004,45.1287375487961
ENSSSCG00000026018,40.7953837606597,33.6502599783898
ENSSSCG00000026130,14.4570854842433,1.49556711015066
ENSSSCG00000011729,5.05515015818751,3.81369613088418
ENSSSCG00000059377,0.515174538414014,0.112167533261299
ENSSSCG00000062045,0.676166581668393,0.186945888768832
ENSSSCG00000038366,2.99445200453146,6.1318251516177
ENSSSCG00000063368,4.08919789866124,1.79468053218079
ENSSSCG00000060663,2.35048383151394,0.149556711015066
ENSSSCG00000057651,0.708364990319269,1.79468053218079
ENSSSCG00000045498,1.28793634603504,0.486059310798964
ENSSSCG00000054636,1.57772202389292,0.747783555075329
ENSSSCG00000057488,0.740563398970145,0.448670133045197
ENSSSCG00000011652,57.860540345624,40.0811985520376
ENSSSCG00000052224,0.354182495159635,0.373891777537664
ENSSSCG00000052282,15.1976488832134,10.0576888157632
ENSSSCG00000053584,5.15174538414014,3.36502599783898
ENSSSCG00000062818,0.418579312461386,0.299113422030131
ENSSSCG00000042151,6.37528491287342,4.26236626392937
ENSSSCG00000054668,15.8416170562309,12.2636503032354
ENSSSCG00000059095,128.31065847374,55.2612047200668
ENSSSCG00000021508,0.837158624922773,1.00950779935169
ENSSSCG00000025701,47.4926527600419,34.2858760002038
ENSSSCG00000060620,1.83530929309993,0.859951088336628
ENSSSCG00000027443,19.963013363543,22.8821767853051
ENSSSCG00000027505,1.70651565849642,0.411280955291431
ENSSSCG00000026746,12.5251809651907,3.66413941986911
ENSSSCG00000023814,23.4404414978376,5.27187406328107
ENSSSCG00000021203,24.0522112622043,37.8752370645654
ENSSSCG00000028562,3.63842017754897,2.16857230971845
ENSSSCG00000035771,18.675077017508,12.3758178364967
ENSSSCG00000011662,99.4286859139047,136.358331267986
ENSSSCG00000024001,78.9826964205985,79.4146135489999
ENSSSCG00000031557,23.2794494545833,42.9601652390776
ENSSSCG00000023929,39.443050597323,23.2934577405965
ENSSSCG00000056342,0.676166581668393,0.0747783555075329
ENSSSCG00000011627,12.2997921046346,6.24399268487899
ENSSSCG00000028724,7.82421330216284,4.59886886371327
ENSSSCG00000011628,54.1899217594241,46.8860289032231
ENSSSCG00000011664,6.92265785993831,9.38468361619537
ENSSSCG00000031142,5.63472151390328,2.54246408725612
ENSSSCG00000011635,3.6062217688981,8.71167841662758
ENSSSCG00000011636,0.450777721112262,0.52344848855273
ENSSSCG00000027294,125.670388964369,207.958606666449
ENSSSCG00000021966,53.2883663171996,43.9696730384293
ENSSSCG00000028203,19.0936563299694,28.9392235814152
ENSSSCG00000012021,29.6547343674567,16.8625191669487
ENSSSCG00000023028,46.7842877697227,36.977896798475
ENSSSCG00000011640,0.450777721112262,0.373891777537664
ENSSSCG00000011639,61.0159843934098,79.9754512153064
ENSSSCG00000036503,1.80311088444905,2.16857230971845
ENSSSCG00000038399,67.198078854378,81.2466832589345
ENSSSCG00000011641,67.8742454360464,127.384928607082
ENSSSCG00000037655,31.4578452519057,14.8061143904915
ENSSSCG00000011642,81.3975770694142,67.2631307790258
ENSSSCG00000011643,42.534097827807,68.19786022287
ENSSSCG00000033057,39.2176617367668,34.098930111435
ENSSSCG00000025119,53.1273742739452,48.1198717690974
ENSSSCG00000011645,25.0503619303814,16.4138490339035
ENSSSCG00000012026,202.141609510199,502.585327366128
ENSSSCG00000012027,18.1277040704431,6.1318251516177
ENSSSCG00000012022,405.796544226989,524.084104574544
ENSSSCG00000024492,2.28608701421219,6.1318251516177
ENSSSCG00000024000,10.7542684893925,17.0494650557175
ENSSSCG00000031176,3.67061858619985,2.46768573174858
ENSSSCG00000037568,91.7010678376945,165.746224982447
ENSSSCG00000038900,38.8634792416072,37.9874045978267
ENSSSCG00000040879,279.128004594443,370.115470584534
ENSSSCG00000037935,46.3013116399595,62.103424249006
ENSSSCG00000011616,236.787097218541,285.802874749791
ENSSSCG00000012030,58.6976989705467,466.542160011497
ENSSSCG00000047073,1.0625474854789,0.149556711015066
ENSSSCG00000057080,0.128793634603504,0.448670133045197
ENSSSCG00000046895,1.9963013363543,0.859951088336628
ENSSSCG00000056645,46.7842877697227,11.3289208593912
ENSSSCG00000011611,28.8175757425339,33.6876491561436
ENSSSCG00000011615,254.946999697635,422.011649306762
ENSSSCG00000012083,67.8742454360464,101.623785134737
ENSSSCG00000022568,2.09289656230693,17.1616325889788
ENSSSCG00000040779,33.3575513623074,115.270835014862
ENSSSCG00000011612,259.486975317409,301.88022118391
ENSSSCG00000011618,134.202967256851,203.397126980489
ENSSSCG00000011619,31.393448434604,30.8086824691035
ENSSSCG00000011620,84.7784099777562,70.3664325325884
ENSSSCG00000011621,284.054361118027,394.081933524698
ENSSSCG00000024134,45.914930736149,55.4107614310818
ENSSSCG00000022857,8.62917351843473,1.38339957688936
ENSSSCG00000024827,39.6040426405773,10.5437481265621
ENSSSCG00000021397,2.83345996127708,3.14069093131638
ENSSSCG00000061599,132.367657963751,188.21712081246
ENSSSCG00000047521,0.643968173017518,1.49556711015066
ENSSSCG00000051317,0.450777721112262,0.299113422030131
ENSSSCG00000048156,0.128793634603504,0.598226844060263
ENSSSCG00000053108,19.6088308683834,20.2275451647876
ENSSSCG00000044633,43.8220341738421,56.345490874926
ENSSSCG00000057234,0.128793634603504,0.673005199567796
ENSSSCG00000051313,0.54737294706489,0.747783555075329
ENSSSCG00000033653,75.3120778343987,73.8436260636887
ENSSSCG00000056176,0.321984086508759,0.261724244276365
ENSSSCG00000062784,0.515174538414014,0.299113422030131
ENSSSCG00000011514,67.9386422533481,98.8569859809584
ENSSSCG00000012084,22.9252669594236,23.9664629401643
ENSSSCG00000033898,0.354182495159635,0.149556711015066
ENSSSCG00000011978,41.9545264720913,45.5026293263337
ENSSSCG00000025821,99.3964875052538,255.368084058225
ENSSSCG00000011949,17.9989104358396,6.05704679611016
ENSSSCG00000011952,400.419409982292,404.62568165126
ENSSSCG00000011953,32.1018134249233,45.2409050820574
ENSSSCG00000011529,10.2390939509785,5.30926324103483
ENSSSCG00000036491,88.8998062850683,67.3005199567796
ENSSSCG00000011956,19.447838825129,16.002568078612
ENSSSCG00000011530,21.0899576663237,13.7218282356323
ENSSSCG00000028677,3.38083290834197,2.72940997602495
ENSSSCG00000021791,23.3116478632341,22.8821767853051
ENSSSCG00000023806,10.5288796288364,35.1458270885404
ENSSSCG00000011531,4.60437243707525,3.81369613088418
ENSSSCG00000011532,172.519073551393,142.938826552649
ENSSSCG00000031273,1.03034907682803,1.38339957688936
ENSSSCG00000027675,67.3912693062832,47.858147524821
ENSSSCG00000022486,28.1414091608655,26.097646072129
ENSSSCG00000011946,96.1122498228645,109.924182596073
ENSSSCG00000011977,20.4459894933062,14.731336034984
ENSSSCG00000034493,7.56662603295583,10.880250726346
ENSSSCG00000011951,30.6850834442847,8.03867321705978
ENSSSCG00000022506,455.607482409894,773.245585125644
ENSSSCG00000011516,45.4963514236876,17.610302722024
ENSSSCG00000011950,24.2132033054587,15.1052278125216
ENSSSCG00000011527,64.7188013882605,57.8036688073229
ENSSSCG00000011959,11.4948318883627,27.4436564712646
ENSSSCG00000023437,25.6621316947481,23.368236096104
ENSSSCG00000054999,1.89970611040168,2.61724244276365
ENSSSCG00000022290,3.25203927373846,1.98162642094962
ENSSSCG00000025053,64.5578093450061,85.322103634095
ENSSSCG00000011518,12.6217761911433,13.0862122138182
ENSSSCG00000011519,11.3016414364574,7.47783555075329
ENSSSCG00000011961,92.8924089577769,134.189758958268
ENSSSCG00000037216,86.3883304103,58.4392848291369
ENSSSCG00000012074,23.0218621853763,12.4132070142505
ENSSSCG00000012075,0.965952259526276,0.0747783555075329
ENSSSCG00000011521,39.443050597323,14.8435035682453
ENSSSCG00000012076,46.68769254377,19.4049832542048
ENSSSCG00000011522,12.2675936959837,11.2915316816375
ENSSSCG00000011965,6.98705467724007,7.36566801749199
ENSSSCG00000011524,1.57772202389292,6.35616021814029
ENSSSCG00000011963,59.3094687349134,61.5425865826995
ENSSSCG00000012077,109.796573499487,126.300642452223
ENSSSCG00000024336,235.305970420601,936.075454243296
ENSSSCG00000011968,63.2698729989711,66.3657905129354
ENSSSCG00000036580,4.15359471596299,4.4493121526982
ENSSSCG00000027745,114.851723657674,360.581230257323
ENSSSCG00000030486,62.0785318788887,45.0539591932885
ENSSSCG00000043264,1.28793634603504,0.673005199567796
ENSSSCG00000059724,0.611769764366642,0.336502599783898
ENSSSCG00000054827,0.740563398970145,0.560837666306496
ENSSSCG00000045742,0.965952259526276,1.49556711015066
ENSSSCG00000011970,6.66507059073131,2.57985326500988
ENSSSCG00000011972,23.6658303583938,4.37453379719067
ENSSSCG00000011973,3.21984086508759,1.42078875464312
ENSSSCG00000011980,74.2817287575706,34.8841028442641
ENSSSCG00000034501,35.28945588136,30.6591257580885
ENSSSCG00000022895,22.8930685507727,37.2022318649976
ENSSSCG00000027278,39.0566696935124,18.9563131211596
ENSSSCG00000029511,0.354182495159635,1.83206970993455
ENSSSCG00000045444,0.965952259526276,0.747783555075329
ENSSSCG00000040224,75.8594507814636,23.1439010295814
ENSSSCG00000012087,65.4915631958815,140.994589309453
ENSSSCG00000030016,28.4311948387234,18.1337512105767
ENSSSCG00000023078,13.491133224717,12.9366555028032
ENSSSCG00000021991,45.142168928528,85.957719655909
ENSSSCG00000037663,40.8919789866124,43.5210029053841
ENSSSCG00000060594,8.50037988383123,7.36566801749199
ENSSSCG00000062774,0.998150668177152,0
ENSSSCG00000050565,2.64026950937182,0.673005199567796
ENSSSCG00000056411,8.9511576049435,10.5437481265621
ENSSSCG00000043782,0.708364990319269,0.224335066522599
ENSSSCG00000051023,10.7864668980434,6.76744117343172
ENSSSCG00000059582,0.643968173017518,1.64512382116572
ENSSSCG00000057439,0.386380903810511,0.598226844060263
ENSSSCG00000011178,0.579571355715766,0.224335066522599
ENSSSCG00000036855,51.2276681635435,36.9405076207212
ENSSSCG00000011195,8.2749910232751,6.09443597386393
ENSSSCG00000011695,11.0762525759013,10.1698563490245
ENSSSCG00000011179,36.8671779052529,30.5843474025809
ENSSSCG00000032424,28.0448139349129,31.6312443796864
ENSSSCG00000011181,14.8434663880538,10.6559156598234
ENSSSCG00000012050,35.9978208716792,32.6033630012843
ENSSSCG00000011182,12.0422048354276,13.3105472803408
ENSSSCG00000011698,29.3971470982497,34.5102110667264
ENSSSCG00000011183,211.446949610302,399.16686169921
ENSSSCG00000025293,43.2746612267772,13.9087741244011
ENSSSCG00000029094,37.86532857343,57.2802203187702
ENSSSCG00000011704,61.3057700712677,111.08324710644
ENSSSCG00000011699,25.1147587476832,12.6749312585268
ENSSSCG00000011700,134.202967256851,18.1337512105767
ENSSSCG00000038948,122.514944916583,90.4818101641147
ENSSSCG00000012066,6.05330082636466,15.8156221898432
ENSSSCG00000022318,19.4156404164782,14.9182819237528
ENSSSCG00000037110,4.63657084572613,8.26300828358238
ENSSSCG00000011933,8.43598306652948,5.2344848855273
ENSSSCG00000029811,21.9271162912465,45.6521860373488
ENSSSCG00000025468,0.450777721112262,0.0747783555075329
ENSSSCG00000011701,2.76906314397533,6.54310610690912
ENSSSCG00000012049,1.64211884119467,0.373891777537664
ENSSSCG00000011199,41.3105582990738,56.2707125194185
ENSSSCG00000062206,23.0540605940271,20.9379395421092
ENSSSCG00000033018,92.4416312366646,102.44634704532
ENSSSCG00000033733,341.947099872302,266.622226562108
ENSSSCG00000011689,50.2295174953664,11.4036992148988
ENSSSCG00000051671,1.12694430278066,0.635616021814029
ENSSSCG00000037381,35.28945588136,33.2015898453446
ENSSSCG00000011937,0.386380903810511,0.149556711015066
ENSSSCG00000011201,27.497440987848,37.2396210427514
ENSSSCG00000028122,5.21614220144189,1.98162642094962
ENSSSCG00000029219,9.91710986446977,17.124243411225
ENSSSCG00000049233,0.772761807621021,0.261724244276365
ENSSSCG00000011212,8.30718943192598,5.5709874853112
ENSSSCG00000011208,4.12139630731211,1.00950779935169
ENSSSCG00000011705,33.9693211266741,23.7047386958879
ENSSSCG00000034450,16.7753709071063,14.6191685017227
ENSSSCG00000011213,204.588688567665,107.755610286355
ENSSSCG00000026981,26.6280839542744,37.2396210427514
ENSSSCG00000027459,50.841287259733,58.5140631846445
ENSSSCG00000030697,43.6932405392386,42.1749925062485
ENSSSCG00000034167,2.96225359588058,5.04753899675847
ENSSSCG00000056685,9.94930827312065,2.84157750928625
ENSSSCG00000024938,64.3646188931009,75.1896364628243
ENSSSCG00000011216,4.12139630731211,7.88911650604472
ENSSSCG00000030260,92.4416312366646,40.2307552630527
ENSSSCG00000011217,22.2491003777552,11.5532559259138
ENSSSCG00000011190,23.6658303583938,23.6299603403804
ENSSSCG00000012034,8.75796715303824,10.4689697710546
ENSSSCG00000011708,21.2187513009272,14.9556711015066
ENSSSCG00000058735,195.508737328118,233.495415072271
ENSSSCG00000026622,61.7887462010308,94.8563439613054
ENSSSCG00000011218,43.0814707748719,25.1629166282848
ENSSSCG00000021355,20.6713783538623,35.7066647548469
ENSSSCG00000011710,105.288796288364,59.224457561966
ENSSSCG00000021023,57.1199769466538,49.7276064125093
ENSSSCG00000011192,18.7394738348098,17.4607460110089
ENSSSCG00000023993,1.25573793738416,1.71990217667326
ENSSSCG00000011936,2.9300551872297,0.673005199567796
ENSSSCG00000011193,97.5611782121539,125.029410408595
ENSSSCG00000011194,40.215812404944,52.4944055662881
ENSSSCG00000029392,24.0844096708552,6.50571692915536
ENSSSCG00000034229,7.11584831184357,1.75729135442702
ENSSSCG00000040843,0.128793634603504,0.448670133045197
ENSSSCG00000032024,25.1469571563341,24.5646897842245
ENSSSCG00000021598,14.1029029890836,16.002568078612
ENSSSCG00000040827,57.9571355715766,49.9145523012782
ENSSSCG00000012035,27.5296393964989,26.8080404494505
ENSSSCG00000053786,89.0929967369736,101.84812020126
ENSSSCG00000022706,1.41672998063854,0.486059310798964
ENSSSCG00000011943,33.7439322661179,35.220605444048
ENSSSCG00000031388,36.2554081408862,69.2073680222217
ENSSSCG00000012037,58.5045085186415,21.1622746086318
ENSSSCG00000011714,11.3660382537592,5.9074900850951
ENSSSCG00000012038,0.740563398970145,0.112167533261299
ENSSSCG00000011942,120.744032440785,131.759462404273
ENSSSCG00000012046,16.6787756811537,16.7503516336874
ENSSSCG00000012071,0,28.6027209816313
ENSSSCG00000011712,1.09474589412978,1.12167533261299
ENSSSCG00000036556,63.2054761816693,37.2022318649976
ENSSSCG00000011690,36.1266145062827,31.3321309576563
ENSSSCG00000041289,25.7265285120498,37.6882911757966
ENSSSCG00000033115,176.4472794068,181.711403883305
ENSSSCG00000035634,43.9186293997947,19.9658209205113
ENSSSCG00000034378,52.6443981441821,30.7712932913498
ENSSSCG00000034624,40.0226219530387,64.9076125805385
ENSSSCG00000023842,1.96410292770343,1.19645368812053
ENSSSCG00000028192,6.63287218208043,6.31877104038653
ENSSSCG00000030677,47.6214463946454,54.9994804757904
ENSSSCG00000011940,22.7964733248201,7.88911650604472
ENSSSCG00000023674,326.620657354485,450.016143444333
ENSSSCG00000050552,0.676166581668393,0.224335066522599
ENSSSCG00000033593,13.4267364074152,3.14069093131638
ENSSSCG00000022175,0.9337538508754,0.299113422030131
ENSSSCG00000027089,25.2113539736358,15.6286763010744
ENSSSCG00000011670,30.9426707134917,23.8169062291492
ENSSSCG00000028377,30.9748691221426,14.5443901462151
ENSSSCG00000022073,103.29249495201,98.6326509144358
ENSSSCG00000011672,31.135861165397,11.2915316816375
ENSSSCG00000024614,45.1743673371789,46.100856170394
ENSSSCG00000056217,24.63178261792,32.491195468023
ENSSSCG00000011197,20.1240054067974,18.6571996991294
ENSSSCG00000037647,39.9904235443878,23.0317334963201
ENSSSCG00000011198,45.4641530150367,33.5754816228823
ENSSSCG00000011204,0.611769764366642,0.224335066522599
ENSSSCG00000011205,7.08364990319269,2.01901559870339
ENSSSCG00000037653,47.0096766302788,56.6072151192024
ENSSSCG00000012042,90.4453299003103,123.346897409675
ENSSSCG00000024621,35.3860511073126,71.3011619764326
ENSSSCG00000011677,25.7587269207007,27.9671049598173
ENSSSCG00000011678,19.3834420078273,19.7788750317424
ENSSSCG00000011207,4.31458675921737,0.448670133045197
ENSSSCG00000031392,19.1258547386203,22.3961174745061
ENSSSCG00000040057,0.321984086508759,1.27123204362806
ENSSSCG00000011679,28.4633932473743,37.5761236425353
ENSSSCG00000060385,1.22353952873328,0.52344848855273
ENSSSCG00000043763,1.32013475468591,0.411280955291431
ENSSSCG00000055576,0.579571355715766,0.0747783555075329
ENSSSCG00000054438,0.676166581668393,0.299113422030131
ENSSSCG00000036381,13.2979427728117,5.04753899675847
ENSSSCG00000056241,0.354182495159635,0.560837666306496
ENSSSCG00000011226,228.512106195266,171.803271778557
ENSSSCG00000038607,0.772761807621021,0.112167533261299
ENSSSCG00000011214,55.1880724276013,64.7206666917697
ENSSSCG00000012061,24.5995842092692,18.096362032823
ENSSSCG00000011215,20.4459894933062,20.3397126980489
ENSSSCG00000026488,60.0178337252326,41.8384899064646
ENSSSCG00000012062,67.1014836284253,53.3169674768709
ENSSSCG00000011762,36.1910113235845,29.5374504254755
ENSSSCG00000024296,7.98520534541722,9.98291046025564
ENSSSCG00000027275,5.86011037445941,0.822561910582861
ENSSSCG00000037030,596.217932988269,547.340173137387
ENSSSCG00000011941,62.6903016432553,36.5666158431836
ENSSSCG00000012063,49.6499461396506,74.6287987965178
ENSSSCG00000027017,80.7536088963967,64.6084991585084
ENSSSCG00000011912,24.9215682957779,18.0215836773154
ENSSSCG00000011763,8.79016556168911,5.122317352266
ENSSSCG00000036033,8.21059420597335,8.07606239481355
ENSSSCG00000011764,29.6547343674567,26.4341486719129
ENSSSCG00000030480,95.1784959719891,139.57380055481
ENSSSCG00000011913,33.2931545450057,12.5627637252655
ENSSSCG00000011229,286.984416305257,404.177011518215
ENSSSCG00000011914,5.40933265334715,9.5716295049642
ENSSSCG00000011915,25.0503619303814,24.3029655399482
ENSSSCG00000011765,5.69911833120503,5.6831550185725
ENSSSCG00000011916,77.6303632572617,142.75188066388
ENSSSCG00000050754,0.386380903810511,0.261724244276365
ENSSSCG00000038056,1.8675077017508,7.02916541770809
ENSSSCG00000011766,0.482976129763138,0.224335066522599
ENSSSCG00000011917,96.5308291353259,108.279058774908
ENSSSCG00000011230,64.4612141190535,61.8417000047297
ENSSSCG00000021977,79.5944661849652,98.931764336466
ENSSSCG00000011918,5.53812628795065,21.3118313196469
ENSSSCG00000022618,17.7735215752835,22.5830633632749
ENSSSCG00000037128,0,0.598226844060263
ENSSSCG00000024429,17.9989104358396,2.99113422030131
ENSSSCG00000063224,3.02665041318233,16.1147356118733
ENSSSCG00000043103,2.6724679180227,0.710394377321562
ENSSSCG00000011234,14.4248870755924,26.6210945606817
ENSSSCG00000038362,24.4063937573639,41.6889331954496
ENSSSCG00000051450,1.51332520659117,0.0747783555075329
ENSSSCG00000048572,0.611769764366642,0.0747783555075329
ENSSSCG00000011233,26.5636871369726,28.8644452259077
ENSSSCG00000024663,32.9711704584969,20.2649343425414
ENSSSCG00000061947,2.89785677857883,4.74842557472834
ENSSSCG00000044764,0.482976129763138,0.0373891777537664
ENSSSCG00000021271,58.1503260234818,16.3016815006422
ENSSSCG00000054332,1.15914271143153,0.486059310798964
ENSSSCG00000055262,2.89785677857883,1.57034546565819
ENSSSCG00000063536,2.54367428341919,2.16857230971845
ENSSSCG00000032220,51.5174538414014,44.829624126766
ENSSSCG00000048855,8.17839579732247,35.0336595552791
ENSSSCG00000049319,1.60992043254379,8.48734335010498
ENSSSCG00000025826,18.7072754261589,19.1806481876822
ENSSSCG00000036952,9.82051463851714,7.70217061727588
ENSSSCG00000011923,13.4267364074152,8.52473252785875
ENSSSCG00000021042,46.8486845870244,45.3904617930724
ENSSSCG00000011767,55.1558740189504,15.7408438343357
ENSSSCG00000011925,0.869357033573649,0.747783555075329
ENSSSCG00000011680,281.478488425957,554.21978184408
ENSSSCG00000011768,39.0566696935124,4.82320393023587
ENSSSCG00000011928,183.949508622454,141.069367664961
ENSSSCG00000011929,14.3604902582906,17.4607460110089
ENSSSCG00000011681,40.0548203616896,38.8847448639171
ENSSSCG00000011930,38.2195110685897,36.0057781768771
ENSSSCG00000011683,12.203196878682,13.3853256358484
ENSSSCG00000011684,103.968661533678,35.3327729773093
ENSSSCG00000024119,71.0296894838322,97.9970348926218
ENSSSCG00000011769,138.066776294956,96.9127487377626
ENSSSCG00000037371,4.37898357651912,10.0576888157632
ENSSSCG00000059416,0.482976129763138,0.411280955291431
ENSSSCG00000051838,65.4915631958815,54.8499237647753
ENSSSCG00000039358,3.57402336024722,3.17808010907015
ENSSSCG00000039802,16.4533868205976,9.7959645714868
ENSSSCG00000027941,13.2013475468591,8.71167841662758
ENSSSCG00000011686,6.37528491287342,5.72054419632626
ENSSSCG00000011860,1.51332520659117,2.01901559870339
ENSSSCG00000036206,66.5541106813604,28.0044941375711
ENSSSCG00000011235,117.491993167046,119.234087856761
ENSSSCG00000041863,1.7387140671473,0.897340266090394
ENSSSCG00000011859,77.9201489351196,117.850688279872
ENSSSCG00000022031,13.0725539122556,26.3219811386516
ENSSSCG00000011673,5.63472151390328,3.96325284189924
ENSSSCG00000031244,0.643968173017518,1.00950779935169
ENSSSCG00000060577,0.708364990319269,0.560837666306496
ENSSSCG00000040019,2.09289656230693,0.934729443844161
ENSSSCG00000062401,0.901555442224525,0.261724244276365
ENSSSCG00000059119,1.8675077017508,6.43093857364783
ENSSSCG00000026113,0.386380903810511,0.822561910582861
ENSSSCG00000050456,0.193190451905255,0.448670133045197
ENSSSCG00000011236,58.5045085186415,54.5508103427452
ENSSSCG00000029267,0.965952259526276,1.12167533261299
ENSSSCG00000057704,4.86195970628226,0.972118621597927
ENSSSCG00000061052,3.96040426405773,3.14069093131638
ENSSSCG00000049696,2.54367428341919,1.94423724319585
ENSSSCG00000053665,0.450777721112262,0.299113422030131
ENSSSCG00000011911,0.708364990319269,0.52344848855273
ENSSSCG00000054819,2.28608701421219,1.04689697710546
ENSSSCG00000054468,3.79941222080335,3.21546928682391
ENSSSCG00000011770,21.7017274306903,20.1901559870339
ENSSSCG00000037905,124.543444661588,73.1706208641209
ENSSSCG00000061847,0.9337538508754,0.560837666306496
ENSSSCG00000052546,0.386380903810511,0.224335066522599
ENSSSCG00000055871,0.837158624922773,0.336502599783898
ENSSSCG00000058769,1.32013475468591,0.0373891777537664
ENSSSCG00000011813,38.0263206166844,52.8682973438257
ENSSSCG00000033256,0,1.38339957688936
ENSSSCG00000011864,41.246161481772,51.0736168116449
ENSSSCG00000052253,0.708364990319269,0.224335066522599
ENSSSCG00000039990,0.643968173017518,0.0747783555075329
ENSSSCG00000021206,7.50222921565408,22.0222256969684
ENSSSCG00000030362,15.6162281956748,14.9556711015066
ENSSSCG00000011825,81.0111961656037,149.481932659558
ENSSSCG00000022081,49.5211525050471,67.3752983122871
ENSSSCG00000021656,7.08364990319269,2.31812902073352
ENSSSCG00000011237,232.601304093927,210.089789798414
ENSSSCG00000059588,4.95855493223489,2.01901559870339
ENSSSCG00000026260,0.0965952259526276,1.45817793239689
ENSSSCG00000028717,24.5351873919674,9.94552128250187
ENSSSCG00000011821,3.86380903810511,33.7998166894048
ENSSSCG00000025349,21.283148118229,6.99177623995432
ENSSSCG00000011867,158.222980110404,121.215714277711
ENSSSCG00000011822,37.8009317561283,26.6958729161892
ENSSSCG00000061817,0.579571355715766,0.52344848855273
ENSSSCG00000048853,2.70466632667357,1.45817793239689
ENSSSCG00000060621,2.18949178825956,3.88847448639171
ENSSSCG00000034786,54.5119058459329,71.6750537539702
ENSSSCG00000027952,25.1791555649849,15.2173953457829
ENSSSCG00000024904,17.387140671473,18.9937022989133
ENSSSCG00000011837,8.85456237899087,24.0786304734256
ENSSSCG00000011819,9.59512577796101,7.59000308401458
ENSSSCG00000029291,3.28423768238934,3.81369613088418
ENSSSCG00000027323,146.341767318231,124.992021230841
ENSSSCG00000011811,1.19134112008241,1.34601039913559
ENSSSCG00000011841,30.6850834442847,25.9107001833601
ENSSSCG00000011843,99.1389002360468,145.668236528674
ENSSSCG00000023871,11.6558239316171,17.0868542334713
ENSSSCG00000026934,6.02110241771379,7.73955979502965
ENSSSCG00000011810,25.3401476082393,19.4423724319585
ENSSSCG00000024420,39.5396458232756,16.6755732781798
ENSSSCG00000057729,15.8416170562309,14.1704983686775
ENSSSCG00000023527,7.3412371723997,3.81369613088418
ENSSSCG00000035414,28.9141709684865,26.9575971604656
ENSSSCG00000033030,17.9989104358396,16.3016815006422
ENSSSCG00000036536,12.3641889219363,8.18822992807485
ENSSSCG00000031147,60.5974050809484,36.6040050209373
ENSSSCG00000034711,27.5940362138006,20.2649343425414
ENSSSCG00000011760,144.699648477036,76.3860901509448
ENSSSCG00000021380,25.694330103399,21.8726689859534
ENSSSCG00000033860,4.95855493223489,5.98226844060263
ENSSSCG00000030413,19.8986165462413,8.63690006112004
ENSSSCG00000031922,0.160992043254379,0.448670133045197
ENSSSCG00000056643,19.7698229116378,12.3758178364967
ENSSSCG00000038443,30.1699089058707,23.2560685628427
ENSSSCG00000039285,69.3875706426375,49.0546012129416
ENSSSCG00000029268,4.21799153326474,1.04689697710546
ENSSSCG00000037583,68.4216183831112,134.264537313775
ENSSSCG00000011848,69.773951546448,338.745950449124
ENSSSCG00000039249,112.340247782906,107.643442753094
ENSSSCG00000011849,99.9438604523187,67.6370225565635
ENSSSCG00000011264,28.4311948387234,49.0172120351878
ENSSSCG00000031304,12.975958686303,12.2262611254816
ENSSSCG00000024556,45.8183355101964,47.858147524821
ENSSSCG00000011831,76.535617363132,142.415378064096
ENSSSCG00000022195,19.7376245029869,14.0583308354162
ENSSSCG00000011304,34.8708765688986,14.0209416576624
ENSSSCG00000040904,18.7716722434606,38.8847448639171
ENSSSCG00000032080,8.46818147518036,13.9835524799086
ENSSSCG00000031356,64.7509997969114,16.488627389411
ENSSSCG00000011850,105.320994697015,23.218679385089
ENSSSCG00000011306,7.43783239835233,6.24399268487899
ENSSSCG00000011826,63.1088809557167,29.9487313807669
ENSSSCG00000011307,4.76536448032963,2.99113422030131
ENSSSCG00000032344,9.49853055200838,4.4493121526982
ENSSSCG00000011309,8.69357033573649,2.99113422030131
ENSSSCG00000011827,89.6403696840384,45.8765211038714
ENSSSCG00000031576,26.1129094158603,20.3023235202952
ENSSSCG00000011301,63.559658676829,114.485662282033
ENSSSCG00000011795,27.7872266657059,50.3258332565696
ENSSSCG00000011300,51.3242633894962,42.7732193503088
ENSSSCG00000011851,15.2620457005152,1.42078875464312
ENSSSCG00000026516,61.4345637058712,92.687771651587
ENSSSCG00000011853,22.7320765075184,23.6673495181341
ENSSSCG00000011299,192.546483732238,195.95668060749
ENSSSCG00000034015,0.193190451905255,0.411280955291431
ENSSSCG00000024024,15.3908393351187,2.80418833153248
ENSSSCG00000029708,24.0522112622043,51.4101194114288
ENSSSCG00000027139,74.7647048873338,68.8708654224378
ENSSSCG00000022773,39.6362410492282,48.1572609468512
ENSSSCG00000011788,65.2661743353254,66.4779580461967
ENSSSCG00000037236,809.693382343576,635.840356880552
ENSSSCG00000011269,7.88861011946459,5.0101498190047
ENSSSCG00000011270,46.3335100486104,37.5761236425353
ENSSSCG00000025783,42.2443121499492,279.970163020203
ENSSSCG00000011272,693.006349392802,798.445890931682
ENSSSCG00000056224,4.15359471596299,10.0950779935169
ENSSSCG00000011470,22.7964733248201,31.6312443796864
ENSSSCG00000030225,203.332950630281,141.293702731483
ENSSSCG00000032019,2.22169019691044,1.04689697710546
ENSSSCG00000026550,4.79756288898051,3.55197188660781
ENSSSCG00000011405,72.0922369693111,79.3398351934924
ENSSSCG00000011274,609.387082126477,565.73564859224
ENSSSCG00000011407,41.0207726212159,51.6344544779514
ENSSSCG00000011408,124.897627156748,64.4215532697395
ENSSSCG00000023229,44.0152246257473,39.8194743077612
ENSSSCG00000057050,31.5544404778584,30.9582391801186
ENSSSCG00000011410,12.1388000613802,19.1432590099284
ENSSSCG00000043195,63.7528491287342,111.419749706224
ENSSSCG00000011412,4.02480108135948,1.49556711015066
ENSSSCG00000022550,49.1991684185383,200.219046871419
ENSSSCG00000040431,13.6199268593205,2.43029655399482
ENSSSCG00000025408,27.3042505359427,34.9588811997716
ENSSSCG00000011797,27.0466632667357,20.489269409064
ENSSSCG00000035452,41.3427567077246,44.6052890602434
ENSSSCG00000011798,46.0759227794034,57.5045553852928
ENSSSCG00000011474,71.0940863011339,83.0413637911152
ENSSSCG00000011799,0.450777721112262,0.224335066522599
ENSSSCG00000011278,87.7406635736368,77.7321005500804
ENSSSCG00000011802,2.51147587476832,1.64512382116572
ENSSSCG00000011277,0.0643968173017518,3.21546928682391
ENSSSCG00000025881,67.3912693062832,70.590767599111
ENSSSCG00000011280,3.02665041318233,4.26236626392937
ENSSSCG00000011803,894.632784364586,803.829932528224
ENSSSCG00000022131,13.3945379987644,10.3568022377933
ENSSSCG00000011477,39.6684394578791,30.5095690470734
ENSSSCG00000011804,19.2546483732238,7.59000308401458
ENSSSCG00000034200,12.7827682343977,11.7402018146827
ENSSSCG00000033189,122.933524229044,417.562337154063
ENSSSCG00000055190,17.9667120271887,20.3023235202952
ENSSSCG00000025770,42.1155185153456,112.130144083546
ENSSSCG00000011482,14.4570854842433,6.87960870669302
ENSSSCG00000011806,0.386380903810511,1.27123204362806
ENSSSCG00000011432,5.95670560041204,10.3568022377933
ENSSSCG00000028184,88.2236397033999,40.0811985520376
ENSSSCG00000061023,44.6591927987648,54.2890860984689
ENSSSCG00000011438,125.73478578167,120.916600855681
ENSSSCG00000011439,4.57217402842437,4.52409050820574
ENSSSCG00000011833,87.1932906265719,83.8639257016981
ENSSSCG00000011293,7.40563398970145,6.31877104038653
ENSSSCG00000011440,115.366898196088,239.44029433512
ENSSSCG00000011295,54.479707437282,85.9203304781553
ENSSSCG00000011296,36.6417890446968,56.1585449861572
ENSSSCG00000011441,0.0643968173017518,0.52344848855273
ENSSSCG00000011787,31.8764245643671,21.7231122749383
ENSSSCG00000023503,60.1144289511853,61.5799757604533
ENSSSCG00000041195,0.579571355715766,0.149556711015066
ENSSSCG00000011297,33.0677656844495,58.1401714071068
ENSSSCG00000024417,1.35233316333679,6.84221952893926
ENSSSCG00000063377,18.7716722434606,21.4987772084157
ENSSSCG00000011298,95.6614721017522,148.995873348759
ENSSSCG00000035258,15.294244109166,18.0215836773154
ENSSSCG00000021439,18.8038706521115,3.40241517559274
ENSSSCG00000011312,40.5377964914527,56.1585449861572
ENSSSCG00000024201,52.4834061009277,23.1812902073352
ENSSSCG00000030359,117.942770888158,194.236778430817
ENSSSCG00000042021,1.0625474854789,0.411280955291431
ENSSSCG00000011463,27.6906314397533,43.5957812608917
ENSSSCG00000058426,0.321984086508759,0.261724244276365
ENSSSCG00000021207,2.54367428341919,0.747783555075329
ENSSSCG00000032357,44.3372087122561,26.5089270274204
ENSSSCG00000059711,18.3530929309992,11.1793641483762
ENSSSCG00000060350,2.9300551872297,3.85108530863794
ENSSSCG00000035320,1.32013475468591,0.299113422030131
ENSSSCG00000031913,47.0096766302788,54.9994804757904
ENSSSCG00000020990,24.116608079506,8.33778663908991
ENSSSCG00000038724,16.6787756811537,18.3206970993455
ENSSSCG00000040296,54.737294706489,79.3024460157386
ENSSSCG00000059878,0.579571355715766,0
ENSSSCG00000011791,24.5029889833165,31.219963424395
ENSSSCG00000019512,0.54737294706489,0
ENSSSCG00000025921,22.5388860556131,28.9018344036615
ENSSSCG00000024109,25.8875205553042,61.2434731606694
ENSSSCG00000033815,0,12.0767044144666
ENSSSCG00000036423,77.9201489351196,71.226383620925
ENSSSCG00000011854,14.8756647967047,10.4315805933008
ENSSSCG00000038584,7.88861011946459,17.7224702552853
ENSSSCG00000011794,39.6040426405773,32.6781413567919
ENSSSCG00000031035,0.708364990319269,0.373891777537664
ENSSSCG00000011855,9.14434805684875,3.25285846457768
ENSSSCG00000011828,11.5592287056644,14.0583308354162
ENSSSCG00000059088,12.1709984700311,0.859951088336628
ENSSSCG00000060900,0.450777721112262,0.486059310798964
ENSSSCG00000061330,0.354182495159635,0.373891777537664
ENSSSCG00000052843,0.901555442224525,2.69202079827118
ENSSSCG00000052602,0.901555442224525,0.149556711015066
ENSSSCG00000034990,8.04960216271897,1.53295628790442
ENSSSCG00000019418,1.25573793738416,1.19645368812053
ENSSSCG00000018172,1.19134112008241,1.00950779935169
ENSSSCG00000020580,2.12509497095781,2.20596148747222
ENSSSCG00000018746,1.32013475468591,1.75729135442702
ENSSSCG00000019309,1.60992043254379,1.08428615485923
ENSSSCG00000040273,365.290946144187,274.885234845691
ENSSSCG00000011857,25.3723460168902,20.5266585868178
ENSSSCG00000026753,27.0466632667357,35.0336595552791
ENSSSCG00000036828,48.3298113849647,48.4563743688813
ENSSSCG00000011858,15.3264425178169,13.609660702371
ENSSSCG00000039426,452.967212900522,331.828952564677
ENSSSCG00000034616,14.3282918496398,15.1052278125216
ENSSSCG00000011888,0.54737294706489,0.972118621597927
ENSSSCG00000011889,80.4638232185388,158.23100025394
ENSSSCG00000011890,0.0965952259526276,1.04689697710546
ENSSSCG00000011892,28.8819725598357,9.7959645714868
ENSSSCG00000011893,23.7946239929973,23.4804036293653
ENSSSCG00000011894,0.611769764366642,0.785172732829095
ENSSSCG00000011895,35.1606622467565,10.8054723708385
ENSSSCG00000011896,12.6861730084451,14.1331091909237
ENSSSCG00000011899,7.3412371723997,2.50507490950235
ENSSSCG00000037639,15.036656839959,9.42207279394914
ENSSSCG00000032313,35.3860511073126,13.3105472803408
ENSSSCG00000011901,35.9656224630284,37.463956109274
ENSSSCG00000026224,35.547043150567,59.074900850951
ENSSSCG00000011903,32.9067736411951,16.7129624559336
ENSSSCG00000011904,115.399096604739,1.83206970993455
ENSSSCG00000011906,1.89970611040168,0.673005199567796
ENSSSCG00000062764,35.031868612153,20.3771018758027
ENSSSCG00000060201,17.7735215752835,10.880250726346
ENSSSCG00000062719,4.21799153326474,3.73891777537664
ENSSSCG00000053337,20.8967672144184,16.2269031451346
ENSSSCG00000055578,1.32013475468591,0.0747783555075329
ENSSSCG00000059664,2.70466632667357,0.635616021814029
ENSSSCG00000052707,1.28793634603504,0.560837666306496
ENSSSCG00000056033,2.57587269207007,1.00950779935169
ENSSSCG00000052096,2.09289656230693,1.53295628790442
ENSSSCG00000051565,3.99260267270861,7.81433815053718
ENSSSCG00000056686,8.17839579732247,7.81433815053718
ENSSSCG00000011845,59.1162782830081,70.4038217103422
ENSSSCG00000040510,18.5462833829045,11.6654234591751
ENSSSCG00000024513,46.7198909524209,51.1857843449062
ENSSSCG00000032957,132.367657963751,140.097249043363
ENSSSCG00000026281,128.729237786202,214.239988529082
ENSSSCG00000011336,18.2564977050466,22.3213391189986
ENSSSCG00000048318,4.28238835056649,7.14133295096939
ENSSSCG00000028740,27.4330441705462,28.9392235814152
ENSSSCG00000011246,38.8312808329563,8.74906759438134
ENSSSCG00000027550,37.1569635831108,40.7542037516054
ENSSSCG00000011249,61.7565477923799,9.16034854967277
ENSSSCG00000011251,57.2487705812573,65.9918987353977
ENSSSCG00000011250,30.1377104972198,41.1654847068968
ENSSSCG00000011253,50.7768904424313,48.4563743688813
ENSSSCG00000011256,0.54737294706489,0.373891777537664
ENSSSCG00000011255,1.35233316333679,1.00950779935169
ENSSSCG00000011254,8.82236397033999,2.91635586479378
ENSSSCG00000011257,5.50592787929978,4.18758790842184
ENSSSCG00000011258,0.515174538414014,0.224335066522599
ENSSSCG00000011259,1.19134112008241,0.224335066522599
ENSSSCG00000011261,72.1566337866128,71.7498321094778
ENSSSCG00000011465,16.1957995513906,20.9379395421092
ENSSSCG00000031791,191.033158525647,244.338276620864
ENSSSCG00000011467,27.7872266657059,26.8454296272043
ENSSSCG00000038873,66.1033329602482,76.5356468619599
ENSSSCG00000034916,67.455666123585,80.1623971040752
ENSSSCG00000011263,155.808099461588,61.8790891824834
ENSSSCG00000032596,3.34863449969109,3.85108530863794
ENSSSCG00000011310,3.02665041318233,0.934729443844161
ENSSSCG00000011471,359.817216673538,1830.79847789093
ENSSSCG00000030575,2.51147587476832,9.45946197170291
ENSSSCG00000052811,0.965952259526276,0.448670133045197
ENSSSCG00000057463,1.54552361524204,1.12167533261299
ENSSSCG00000059369,1.35233316333679,1.04689697710546
ENSSSCG00000063054,0.708364990319269,0.635616021814029
ENSSSCG00000058236,0.740563398970145,1.23384286587429
ENSSSCG00000056248,2.47927746611744,0.934729443844161
ENSSSCG00000019894,0.901555442224525,0.112167533261299
ENSSSCG00000021408,108.09005784099,177.748151041406
ENSSSCG00000022616,49.295763644491,101.100336646184
ENSSSCG00000011455,17.64472794068,46.9981964364844
ENSSSCG00000011456,36.9637731312055,75.8252524846383
ENSSSCG00000037914,15.2298472918643,14.7687252127377
ENSSSCG00000011458,35.8368288284248,40.2681444408064
ENSSSCG00000060858,20.0918069981465,13.9835524799086
ENSSSCG00000035859,27.5618378051498,63.1503212261115
ENSSSCG00000011442,157.35362307683,273.576613624309
ENSSSCG00000011443,97.1104004910416,48.1198717690974
ENSSSCG00000011444,42.7272882797123,65.8049528466289
ENSSSCG00000034529,6.69726899938218,8.93601348315018
ENSSSCG00000035824,73.5411653586005,46.3251912369166
ENSSSCG00000011449,48.4586050195682,15.9651789008583
ENSSSCG00000011448,81.5263707040177,71.226383620925
ENSSSCG00000011447,62.8834920951606,62.9259861595889
ENSSSCG00000011446,88.5778221985595,51.1483951671525
ENSSSCG00000011450,0.482976129763138,0.186945888768832
ENSSSCG00000011451,5.4737294706489,28.976612759169
ENSSSCG00000011453,19.1258547386203,28.340996737355
ENSSSCG00000033422,31.2324563913496,26.1724244276365
ENSSSCG00000011454,43.5000500873333,87.0420058107682
ENSSSCG00000034614,22.0237115171991,19.5171507874661
ENSSSCG00000037433,3.41303131699284,3.25285846457768
ENSSSCG00000025272,30.4274961750777,31.4816876686713
ENSSSCG00000040581,13.2657443641609,43.1471111278465
ENSSSCG00000011415,47.7502400292489,52.344848855273
ENSSSCG00000011416,3.79941222080335,0.560837666306496
ENSSSCG00000032914,70.6755069886726,109.438123285274
ENSSSCG00000011417,73.7343558105058,72.198502242523
ENSSSCG00000011424,41.7935344288369,66.4779580461967
ENSSSCG00000011423,15.5840297870239,13.609660702371
ENSSSCG00000043327,0.965952259526276,0.112167533261299
ENSSSCG00000060753,1.19134112008241,0.0747783555075329
ENSSSCG00000023177,21.6695290220395,22.9943443185664
ENSSSCG00000023033,50.1329222694137,43.4088353721228
ENSSSCG00000028446,28.4955916560252,24.2281871844406
ENSSSCG00000042259,39.443050597323,70.3664325325884
ENSSSCG00000030229,62.7225000519062,71.4133295096939
ENSSSCG00000023325,29.1073614203918,47.6338124582984
ENSSSCG00000027573,297.159113438934,280.007552197957
ENSSSCG00000059013,50.9056840770348,64.2346073809707
ENSSSCG00000011426,14.7468711621012,9.53424032721044
ENSSSCG00000011437,48.3298113849647,82.4805261248087
ENSSSCG00000011436,9.30534010010313,2.28073984297975
ENSSSCG00000011435,49.8431365915559,49.3163254572179
ENSSSCG00000011434,23.7624255843464,24.8638032062547
ENSSSCG00000011433,163.696709581053,189.226628611812
ENSSSCG00000011347,40.3446060395475,50.3632224343234
ENSSSCG00000048408,9.40193532605576,4.18758790842184
ENSSSCG00000011346,392.691791906082,395.166219679557
ENSSSCG00000011350,17.9667120271887,23.7047386958879
ENSSSCG00000011351,91.4756789771384,77.1338737060201
ENSSSCG00000011359,13.1691491382082,16.7129624559336
ENSSSCG00000011358,4.95855493223489,8.37517581684368
ENSSSCG00000011357,121.903175152216,143.761388463232
ENSSSCG00000011353,16.2923947773432,15.0304494570141
ENSSSCG00000011355,99.7828684090643,59.9348519392876
ENSSSCG00000011356,104.03305835098,184.1417004373
ENSSSCG00000011361,6.21429286961904,3.62675024211534
ENSSSCG00000011360,1.83530929309993,0.673005199567796
ENSSSCG00000011364,10.9474589412978,17.6476918997778
ENSSSCG00000040922,52.3224140576733,48.7180986131577
ENSSSCG00000011363,28.012615526262,47.3720882140221
ENSSSCG00000011366,25.3723460168902,29.6496179587368
ENSSSCG00000011367,84.8106083864071,75.7504741291308
ENSSSCG00000011368,21.1865528922763,20.9379395421092
ENSSSCG00000011369,335.958195863239,235.66398738199
ENSSSCG00000011370,46.4623036832139,46.6243046589467
ENSSSCG00000011371,27.6584330311024,28.7896668704002
ENSSSCG00000011373,105.224399471062,77.8442680833417
ENSSSCG00000032031,192.482086914936,216.333782483293
ENSSSCG00000011375,166.208185455821,146.303852550488
ENSSSCG00000011377,314.964833422868,345.999450933355
ENSSSCG00000011378,29.0751630117409,41.3898197734194
ENSSSCG00000011379,38.122915842637,24.9011923840084
ENSSSCG00000011376,1.19134112008241,1.60773464341196
ENSSSCG00000058399,2.9300551872297,0.897340266090394
ENSSSCG00000056386,2.70466632667357,4.26236626392937
ENSSSCG00000011382,69.6129595031937,118.374136768425
ENSSSCG00000060656,421.541566057267,199.807765916128
ENSSSCG00000022080,355.47043150567,630.045034328718
ENSSSCG00000037459,32.4559959200829,43.5957812608917
ENSSSCG00000022975,2.15729337960868,1.08428615485923
ENSSSCG00000031594,45.5607482409894,33.7624275116511
ENSSSCG00000034357,262.867808225751,591.571570420092
ENSSSCG00000011384,4.60437243707525,6.76744117343172
ENSSSCG00000011385,78.9182996032968,75.4887498848544
ENSSSCG00000011386,7.82421330216284,8.56212170561251
ENSSSCG00000011387,62.2395239221431,71.712442931724
ENSSSCG00000011389,24.5029889833165,45.5400185040875
ENSSSCG00000062528,29.5581391415041,42.0628249729872
ENSSSCG00000011390,154.809948793411,231.812902073352
ENSSSCG00000011391,69.9993404070042,8.15084075032108
ENSSSCG00000049797,7.27684035509795,9.98291046025564
ENSSSCG00000011393,32.1984086508759,22.5830633632749
ENSSSCG00000026977,7.14804672049445,3.29024764233145
ENSSSCG00000025416,1.25573793738416,0.710394377321562
ENSSSCG00000060708,0.740563398970145,0.336502599783898
ENSSSCG00000027992,35.8368288284248,30.9582391801186
ENSSSCG00000025791,10.0137050904224,23.8169062291492
ENSSSCG00000011394,77.4693712140074,93.4355552066623
ENSSSCG00000011395,280.898917070241,293.505045367066
ENSSSCG00000011398,37.5111460782704,67.3379091345333
ENSSSCG00000042718,11.6236255229662,6.91699788444679
ENSSSCG00000011397,0.772761807621021,0.261724244276365
ENSSSCG00000011399,331.96559319053,475.627730205663
ENSSSCG00000011400,37.4145508523178,51.7840111889665
ENSSSCG00000011401,2.06069815365606,1.68251299891949
ENSSSCG00000051852,37.3823524436669,35.8936106436158
ENSSSCG00000011402,5.31273742739452,5.122317352266
ENSSSCG00000011404,14.6502759361485,12.4132070142505
ENSSSCG00000011420,57.8283419369731,67.4126874900409
ENSSSCG00000048899,1.64211884119467,0.785172732829095
ENSSSCG00000057646,2.35048383151394,1.71990217667326
ENSSSCG00000060422,1.67431724984555,2.72940997602495
ENSSSCG00000060968,2.96225359588058,3.96325284189924
ENSSSCG00000060904,0.965952259526276,0.0747783555075329
ENSSSCG00000057242,60.436413037694,55.3359830755743
ENSSSCG00000055923,1.09474589412978,0.299113422030131
ENSSSCG00000058473,0.579571355715766,0
ENSSSCG00000018173,0.450777721112262,0.373891777537664
ENSSSCG00000011425,29.04296460309,35.1832162662942
ENSSSCG00000060807,7.4700308070032,5.83271172958756
ENSSSCG00000011870,72.2854274212163,193.07771392045
ENSSSCG00000041693,0.740563398970145,5.7953225518338
ENSSSCG00000011872,0.579571355715766,1.19645368812053
ENSSSCG00000052036,15.036656839959,12.0767044144666
ENSSSCG00000036766,11.0118557585996,7.62739226176835
ENSSSCG00000011873,13.6521252679714,6.91699788444679
ENSSSCG00000011874,34.6454877083424,67.5996333788097
ENSSSCG00000011876,17.5481327147274,31.2947417799025
ENSSSCG00000027709,39.6040426405773,59.7852952282725
ENSSSCG00000028475,61.6599525664273,82.4805261248087
ENSSSCG00000053171,20.0274101808448,5.08492817451223
ENSSSCG00000026990,29.3971470982497,31.5938552019326
ENSSSCG00000025107,9.079951239547,4.86059310798964
ENSSSCG00000011877,19.7698229116378,5.08492817451223
ENSSSCG00000025436,11.5592287056644,23.1812902073352
ENSSSCG00000011880,0.869357033573649,0.972118621597927
ENSSSCG00000011881,8.85456237899087,6.24399268487899
ENSSSCG00000011884,21.0255608490219,9.6837970382255
ENSSSCG00000011885,1.8675077017508,0.972118621597927
ENSSSCG00000036613,2.54367428341919,0.598226844060263
ENSSSCG00000030305,252.725309500725,81.7327425697334
ENSSSCG00000012029,63.2698729989711,100.240385557848
ENSSSCG00000011772,55.5744533314118,100.389942268863
ENSSSCG00000025942,67.6810549841411,58.6262307179058
ENSSSCG00000021749,5.21614220144189,4.07542037516054
ENSSSCG00000024393,26.7890759975287,34.9588811997716
ENSSSCG00000031476,6.92265785993831,1.68251299891949
ENSSSCG00000011775,85.615568602679,75.6756957736232
ENSSSCG00000011776,86.3883304103,94.0711712284763
ENSSSCG00000032328,1.19134112008241,1.27123204362806
ENSSSCG00000033424,25.3401476082393,17.3485784777476
ENSSSCG00000011782,61.0159843934098,57.3923878520315
ENSSSCG00000062141,27.0144648580849,25.4620300503149
ENSSSCG00000011783,99.8472652263661,116.915958836028
ENSSSCG00000025374,118.490143835223,128.992663250494
ENSSSCG00000024437,247.734556159839,336.166097184114
ENSSSCG00000028856,58.9552862397537,83.3030880353916
ENSSSCG00000026185,0.643968173017518,0.336502599783898
ENSSSCG00000021319,13.6199268593205,13.5722715246172
ENSSSCG00000054583,2.47927746611744,1.86945888768832
ENSSSCG00000052048,2.02849974500518,6.16921432937146
ENSSSCG00000046387,208.581291240374,305.656528137041
ENSSSCG00000030255,411.109281654383,703.402601081608
ENSSSCG00000053702,10.2712923596294,13.759217413386
ENSSSCG00000021581,11.3016414364574,4.93537146349717
ENSSSCG00000022507,40.1836139962931,38.6977989751483
ENSSSCG00000023909,4.57217402842437,0.822561910582861
ENSSSCG00000025270,27.755028257055,17.5729135442702
ENSSSCG00000042725,0.321984086508759,0.261724244276365
ENSSSCG00000062432,1.38453157198766,0.261724244276365
ENSSSCG00000043503,5.50592787929978,3.17808010907015
ENSSSCG00000041813,7.59882444160671,9.08557019416524
ENSSSCG00000038376,2.54367428341919,0.859951088336628
ENSSSCG00000029774,36.8027810879511,46.2878020591628
ENSSSCG00000011675,1.54552361524204,0.972118621597927
ENSSSCG00000054119,0.9337538508754,0.411280955291431
ENSSSCG00000061813,3.83161062945423,2.05640477645715
ENSSSCG00000011676,54.0289297161697,156.511098077266
ENSSSCG00000028258,27.3364489445936,28.49055344837
ENSSSCG00000032162,9.14434805684875,0.822561910582861
ENSSSCG00000011713,7.53442762430496,0.859951088336628
ENSSSCG00000011717,15.2298472918643,94.2955062949989
ENSSSCG00000031367,8.62917351843473,37.3517885760127
ENSSSCG00000022105,0.708364990319269,0.149556711015066
ENSSSCG00000011629,23.5048383151394,25.5368084058225
ENSSSCG00000011630,3.96040426405773,1.98162642094962
ENSSSCG00000011631,27.8194250743568,17.0120758779637
ENSSSCG00000011632,34.7420829342951,16.97468670021
ENSSSCG00000054039,27.0144648580849,5.6831550185725
ENSSSCG00000033350,80.6248152617932,6.73005199567796
ENSSSCG00000027820,56.4116119563345,47.5216449250371
ENSSSCG00000034515,1.54552361524204,2.72940997602495
ENSSSCG00000021511,0.386380903810511,0.149556711015066
ENSSSCG00000033637,1.09474589412978,0.149556711015066
ENSSSCG00000041735,1.8675077017508,0.448670133045197
ENSSSCG00000023918,1.03034907682803,0.0747783555075329
ENSSSCG00000039224,6.37528491287342,30.3226231583046
ENSSSCG00000062072,7.18024512914532,6.80483035118549
ENSSSCG00000011342,100.169249312875,94.7067872502904
ENSSSCG00000029251,318.249071105257,463.177134013658
ENSSSCG00000011344,1.19134112008241,0.859951088336628
ENSSSCG00000011340,91.7976630636471,111.718863128254
ENSSSCG00000062232,0.869357033573649,1.15906451036676
ENSSSCG00000048463,9.27314169145225,13.9835524799086
ENSSSCG00000012089,59.2450719176116,141.630205331267
ENSSSCG00000012088,281.059909113496,294.776277410694
ENSSSCG00000038089,457.024212390532,599.722411170413
ENSSSCG00000030696,57.9893339802275,17.5729135442702
ENSSSCG00000011756,1.28793634603504,0.373891777537664
ENSSSCG00000035037,47.6214463946454,101.960287734521
ENSSSCG00000022164,31.135861165397,54.2890860984689
ENSSSCG00000021698,28.1736075695164,31.6312443796864
ENSSSCG00000034758,68.8079992869218,285.728096394283
ENSSSCG00000027357,73.412371723997,124.730296986565
ENSSSCG00000037061,41.2783598904229,48.1946501246049
ENSSSCG00000038081,53.6103504037083,236.486549292573
ENSSSCG00000039085,74.5071176181268,125.365913008379
ENSSSCG00000029627,49.1991684185383,53.2795782991172
ENSSSCG00000025525,66.3287218208043,102.296790334305
ENSSSCG00000022246,29.5903375501549,33.7250383338973
ENSSSCG00000028197,114.111160258704,161.184745296487
ENSSSCG00000024500,33.6151386315144,29.3878937144604
ENSSSCG00000023762,26.7568775888779,26.3967594941591
ENSSSCG00000053846,2.44707905746657,8.00128403930602
ENSSSCG00000022988,0.901555442224525,0
ENSSSCG00000027165,37.9297253907318,77.9190464388492
ENSSSCG00000035795,21.4119417528325,36.0805565323846
ENSSSCG00000031249,262.867808225751,725.013545823285
ENSSSCG00000025133,27.8516234830076,16.9372975224562
ENSSSCG00000028571,17.8701168012361,30.3226231583046
ENSSSCG00000054232,2.06069815365606,0.635616021814029
ENSSSCG00000057336,4.47557880247175,4.41192297494444
ENSSSCG00000044255,1.15914271143153,1.57034546565819
ENSSSCG00000049147,1.51332520659117,1.04689697710546
ENSSSCG00000025294,0.611769764366642,0
ENSSSCG00000027738,32.9067736411951,46.4373587701779
ENSSSCG00000024222,18.0633072531414,27.0697646937269
ENSSSCG00000030247,7.75981648486109,6.50571692915536
ENSSSCG00000011239,163.889900032958,297.356130675704
ENSSSCG00000054588,0.160992043254379,0.934729443844161
ENSSSCG00000011241,5.02295174953664,2.31812902073352
ENSSSCG00000011245,51.9682315625137,58.7010090734133
ENSSSCG00000042530,0.965952259526276,0.224335066522599
ENSSSCG00000011243,94.8243134768295,22.3587282967523
ENSSSCG00000056460,1.19134112008241,0.747783555075329
ENSSSCG00000011882,201.240054067974,125.851972319178
ENSSSCG00000011284,64.590007753657,28.4157750928625
ENSSSCG00000030065,46.945279812977,46.5121371256854
ENSSSCG00000011286,8.24279261462422,2.24335066522599
ENSSSCG00000011287,13.0081570949539,3.06591257580885
ENSSSCG00000050245,55.4778581054591,23.4430144516115
ENSSSCG00000011290,33.7439322661179,41.6515440176958
ENSSSCG00000031154,5.63472151390328,3.85108530863794
ENSSSCG00000011292,16.6787756811537,7.02916541770809
ENSSSCG00000011294,14.1351013977345,11.9645368812053
ENSSSCG00000030528,31.3290516173022,31.36952013541
ENSSSCG00000060376,1.80311088444905,2.05640477645715
ENSSSCG00000057067,6.34308650422255,6.09443597386393
ENSSSCG00000027594,46.7520893610718,17.8720269663004
ENSSSCG00000026761,144.442061207829,144.284836951785
ENSSSCG00000038281,1.70651565849642,1.68251299891949
ENSSSCG00000035537,20.3493942673536,9.38468361619537
ENSSSCG00000028883,9.82051463851714,4.74842557472834
ENSSSCG00000020706,42.4053041932035,41.6515440176958
ENSSSCG00000012053,1.35233316333679,2.24335066522599
ENSSSCG00000012054,52.1936204230698,80.9101806591506
ENSSSCG00000012055,31.393448434604,14.6191685017227
ENSSSCG00000012056,6.76166581668393,2.20596148747222
ENSSSCG00000020680,0,0.897340266090394
ENSSSCG00000012059,75.1832841997952,116.803791302766
ENSSSCG00000011313,60.7261987155519,106.559156598234
ENSSSCG00000027176,60.4042146290431,60.981748916393
ENSSSCG00000028643,13.6843236766222,36.9405076207212
ENSSSCG00000011314,53.2239694998978,22.4335066522599
ENSSSCG00000011316,0.450777721112262,0.261724244276365
ENSSSCG00000054177,89.0285999196718,77.6199330168191
ENSSSCG00000011318,0.965952259526276,1.68251299891949
ENSSSCG00000011317,52.6443981441821,53.2795782991172
ENSSSCG00000026707,1.28793634603504,0.299113422030131
ENSSSCG00000011322,5.08734856683839,0.972118621597927
ENSSSCG00000063596,2.44707905746657,2.05640477645715
ENSSSCG00000024344,9.69172100391364,5.122317352266
ENSSSCG00000023557,2.22169019691044,1.38339957688936
ENSSSCG00000029879,38.1873126599388,0.747783555075329
ENSSSCG00000026945,0.482976129763138,0.224335066522599
ENSSSCG00000021997,65.3305711526272,22.8073984297975
ENSSSCG00000040146,0.128793634603504,1.75729135442702
ENSSSCG00000043557,0.354182495159635,0.299113422030131
ENSSSCG00000011324,4.79756288898051,3.21546928682391
ENSSSCG00000011325,1.09474589412978,1.00950779935169
ENSSSCG00000011326,15.6484266043257,28.1914400263399
ENSSSCG00000011329,97.8509638900118,68.4969736449001
ENSSSCG00000011330,131.369507295574,217.455457815906
ENSSSCG00000054848,18.2242992963957,23.6299603403804
ENSSSCG00000011332,117.234405897839,99.1187102252348
ENSSSCG00000051293,6.79386422533481,8.07606239481355
ENSSSCG00000002795,60.178825768487,36.4544483099223
ENSSSCG00000002802,13.1369507295574,21.124885430878
ENSSSCG00000021911,122.482746507932,238.729899957799
ENSSSCG00000026505,15.5840297870239,17.7598594330391
ENSSSCG00000002799,190.968761708345,259.966952921938
ENSSSCG00000040881,12.8793634603504,21.8352798081996
ENSSSCG00000032985,107.929065797736,279.297157820635
ENSSSCG00000002781,0.998150668177152,0.261724244276365
ENSSSCG00000002779,26.3060998677656,3.43980435334651
ENSSSCG00000035983,172.325883099488,165.48450073817
ENSSSCG00000002778,69.6129595031937,52.3822380330268
ENSSSCG00000002777,10.7864668980434,45.9512994593789
ENSSSCG00000002776,74.442720800825,194.760226919369
ENSSSCG00000002774,98.9779081927925,85.4342711673563
ENSSSCG00000024253,98.5593288803311,124.393794386781
ENSSSCG00000022722,9.36973691740488,2.39290737624105
ENSSSCG00000029590,24.63178261792,9.12295937191901
ENSSSCG00000034863,1.8675077017508,2.57985326500988
ENSSSCG00000028661,9.2087448741505,3.02852339805508
ENSSSCG00000021711,0.515174538414014,0.149556711015066
ENSSSCG00000024750,40.215812404944,59.5983493395037
ENSSSCG00000021803,69.0333881474779,117.962855813133
ENSSSCG00000002767,39.0888681021633,10.880250726346
ENSSSCG00000002768,10.0459034990733,2.31812902073352
ENSSSCG00000030295,99.7184715917626,131.161235560213
ENSSSCG00000002771,104.41943925479,103.081963067134
ENSSSCG00000040313,48.9093827406805,78.9285542382009
ENSSSCG00000031781,45.2065657458297,31.4069093131638
ENSSSCG00000028350,3.79941222080335,3.25285846457768
ENSSSCG00000028609,51.6784458846558,52.3074596775192
ENSSSCG00000023514,6.5362769561278,0.52344848855273
ENSSSCG00000021105,60.6296034895993,22.3961174745061
ENSSSCG00000059913,14.8112679794029,19.3302048986972
ENSSSCG00000029578,68.0996342966025,78.3677165718944
ENSSSCG00000035227,58.9874846484046,72.0115563537541
ENSSSCG00000057510,14.9078632053555,13.8713849466473
ENSSSCG00000002769,50.3583111299699,60.6826354943629
ENSSSCG00000026038,5.98890400906291,8.48734335010498
ENSSSCG00000043194,0.193190451905255,6.43093857364783
ENSSSCG00000051564,4.02480108135948,1.38339957688936
ENSSSCG00000060951,1.19134112008241,1.83206970993455
ENSSSCG00000038329,35.8690272370757,18.6945888768832
ENSSSCG00000027660,125.187412834605,47.5590341027909
ENSSSCG00000039548,42.791685097014,30.5095690470734
ENSSSCG00000003762,91.6044726117419,45.6521860373488
ENSSSCG00000003787,137.648196982494,39.7073067745
ENSSSCG00000003788,0.965952259526276,0.299113422030131
ENSSSCG00000035582,19.190251555922,15.9651789008583
ENSSSCG00000003763,63.559658676829,63.2998779371266
ENSSSCG00000025085,0.772761807621021,0
ENSSSCG00000003781,23.9878144449025,3.96325284189924
ENSSSCG00000003783,28.6565836992795,13.1983797470795
ENSSSCG00000003784,1.83530929309993,0.747783555075329
ENSSSCG00000024494,2.54367428341919,3.25285846457768
ENSSSCG00000003775,40.1836139962931,21.8352798081996
ENSSSCG00000003776,44.9167800679718,37.7630695313041
ENSSSCG00000003779,10.3034907682803,4.63625804146704
ENSSSCG00000003780,12.9437602776521,21.0874962531243
ENSSSCG00000003766,43.049272366221,20.5640477645715
ENSSSCG00000003771,122.675936959837,59.224457561966
ENSSSCG00000003768,7.88861011946459,1.38339957688936
ENSSSCG00000003770,9.2087448741505,10.2072455267782
ENSSSCG00000040220,47.3960575340893,30.8834608246111
ENSSSCG00000003772,57.7639451196713,49.2415471017104
ENSSSCG00000003773,1.25573793738416,0.785172732829095
ENSSSCG00000019699,0.54737294706489,0.52344848855273
ENSSSCG00000035230,60.8549923501554,54.2516969207151
ENSSSCG00000034905,32.7135831892899,102.932406356119
ENSSSCG00000031493,51.3242633894962,61.6921432937146
ENSSSCG00000056651,0.321984086508759,0.224335066522599
ENSSSCG00000035967,50.0041286348102,74.591409618764
ENSSSCG00000033920,44.5303991641613,35.1458270885404
ENSSSCG00000034455,15.6806250129766,17.9841944995617
ENSSSCG00000002648,3.28423768238934,2.91635586479378
ENSSSCG00000002646,80.2062359493318,83.3030880353916
ENSSSCG00000002645,188.521682650878,105.362702910114
ENSSSCG00000002650,26.3060998677656,25.0881382727773
ENSSSCG00000002651,13.8131173112258,6.99177623995432
ENSSSCG00000024974,596.797504343984,478.207583470673
ENSSSCG00000024756,69.5807610945428,109.475512463028
ENSSSCG00000039541,203.139760178376,236.56132764808
ENSSSCG00000002642,0.193190451905255,1.79468053218079
ENSSSCG00000023866,23.2150526372815,26.247202783144
ENSSSCG00000002639,2.31828542286306,0.635616021814029
ENSSSCG00000036102,89.8657585445946,117.065515547043
ENSSSCG00000002635,47.9112320725033,66.0292879131515
ENSSSCG00000024687,14.9722600226573,5.42143077429613
ENSSSCG00000029228,48.1366209330594,40.9037604626205
ENSSSCG00000022310,32.2950038768285,33.5754816228823
ENSSSCG00000029339,4.70096766302788,10.9176399040998
ENSSSCG00000025401,76.6322125890846,57.2428311410164
ENSSSCG00000023677,70.1281340416077,127.235371896067
ENSSSCG00000026662,0.450777721112262,0.747783555075329
ENSSSCG00000027160,1.09474589412978,0
ENSSSCG00000022739,87.0322985833175,59.1870683842123
ENSSSCG00000002633,90.8317108041208,45.6895752151026
ENSSSCG00000003722,3.4774281342946,2.05640477645715
ENSSSCG00000002637,12.718371417096,8.67428923887381
ENSSSCG00000056858,9.36973691740488,5.08492817451223
ENSSSCG00000041404,2.18949178825956,5.19709570777353
ENSSSCG00000002640,172.744462411949,319.901804861226
ENSSSCG00000003721,3.02665041318233,2.69202079827118
ENSSSCG00000002668,43.4034548613807,17.610302722024
ENSSSCG00000025005,1.03034907682803,0.373891777537664
ENSSSCG00000003728,47.8146368465507,64.6084991585084
ENSSSCG00000032115,4.60437243707525,10.2072455267782
ENSSSCG00000031450,16.0670059167871,17.4607460110089
ENSSSCG00000003729,19.9308149548922,49.0546012129416
ENSSSCG00000057749,115.334699787437,126.562366696499
ENSSSCG00000003730,38.122915842637,24.8638032062547
ENSSSCG00000003732,8.50037988383123,764.346960820247
ENSSSCG00000003731,22.9252669594236,38.6977989751483
ENSSSCG00000050585,0.193190451905255,0.598226844060263
ENSSSCG00000003733,13.4589348160661,32.1546928682391
ENSSSCG00000024800,97.9797575246153,94.5198413615215
ENSSSCG00000003736,0.579571355715766,4.71103639697457
ENSSSCG00000003737,1.03034907682803,0.598226844060263
ENSSSCG00000028047,15.1654504745625,3.47719353110028
ENSSSCG00000030002,13.4589348160661,13.759217413386
ENSSSCG00000027700,59.7924448646765,42.6610518170475
ENSSSCG00000027455,47.0740734475805,31.9303578017165
ENSSSCG00000020898,43.1136691835228,37.6882911757966
ENSSSCG00000002688,26.8212744061796,12.8992663250494
ENSSSCG00000040875,8.98335601359437,23.4430144516115
ENSSSCG00000003744,19.0936563299694,521.055581176489
ENSSSCG00000053583,13.7809189025749,22.3961174745061
ENSSSCG00000027935,11.3338398451083,12.974044680557
ENSSSCG00000020678,26.0163141899077,27.8923266043098
ENSSSCG00000035629,2.35048383151394,1.83206970993455
ENSSSCG00000032996,54.8982867497434,87.9767352546124
ENSSSCG00000002652,87.933854025542,113.887435437973
ENSSSCG00000003746,0.837158624922773,0.448670133045197
ENSSSCG00000026953,58.9230878311029,90.3322534530997
ENSSSCG00000002653,3.79941222080335,17.3859676555014
ENSSSCG00000002656,41.8901296547895,45.9886886371327
ENSSSCG00000002655,80.1418391320301,117.701131568857
ENSSSCG00000002654,35.5148447419161,61.1686948051619
ENSSSCG00000002666,64.6544045709588,91.1922045414363
ENSSSCG00000002667,62.1429286961904,85.1725469230799
ENSSSCG00000003747,11.9778080181258,12.5253745475118
ENSSSCG00000002669,192.25669805438,148.80892745999
ENSSSCG00000002670,71.7380544741515,127.347539429328
ENSSSCG00000038285,25.0181635217306,35.7814431103545
ENSSSCG00000037645,71.3838719789918,23.854295406903
ENSSSCG00000002672,33.8083290834197,15.7034546565819
ENSSSCG00000002671,50.326112721319,32.977254778822
ENSSSCG00000046533,1.70651565849642,1.42078875464312
ENSSSCG00000061859,0.321984086508759,0.224335066522599
ENSSSCG00000023837,12.3963873305872,25.4246408725612
ENSSSCG00000054929,1.12694430278066,1.42078875464312
ENSSSCG00000059290,0.193190451905255,0.972118621597927
ENSSSCG00000002660,49.4567556877453,28.3783859151087
ENSSSCG00000038460,10.8508637153452,9.30990526068784
ENSSSCG00000034980,15.6806250129766,6.65527364017042
ENSSSCG00000029034,146.30956890958,268.566463805304
ENSSSCG00000045808,19.5122356424308,32.2294712237467
ENSSSCG00000059578,10.9152605326469,3.92586366414547
ENSSSCG00000056302,10.4322844028838,11.4784775704063
ENSSSCG00000002664,107.639280119878,100.876001579662
ENSSSCG00000002680,33.8405274920705,33.2389790230984
ENSSSCG00000002675,23.7624255843464,21.7231122749383
ENSSSCG00000002681,58.3113180667362,88.9488538762103
ENSSSCG00000002682,179.441731411331,210.089789798414
ENSSSCG00000002689,109.699978273534,122.748670565615
ENSSSCG00000002690,3.54182495159635,6.05704679611016
ENSSSCG00000036572,2.22169019691044,3.17808010907015
ENSSSCG00000039200,3.79941222080335,3.85108530863794
ENSSSCG00000040203,15.3264425178169,30.6217365803347
ENSSSCG00000035388,8.46818147518036,9.87074292699434
ENSSSCG00000032216,43.4356532700316,61.3930298716845
ENSSSCG00000039216,2.89785677857883,1.27123204362806
ENSSSCG00000032060,9.30534010010313,12.8618771472957
ENSSSCG00000038128,8.4037846578786,5.72054419632626
ENSSSCG00000031421,50.8090888510821,18.8441455878983
ENSSSCG00000027415,7.56662603295583,5.64576584081873
ENSSSCG00000002696,1.35233316333679,2.28073984297975
ENSSSCG00000002658,0.708364990319269,0.373891777537664
ENSSSCG00000029296,0.998150668177152,0.822561910582861
ENSSSCG00000062019,0.611769764366642,0.598226844060263
ENSSSCG00000054216,10.7864668980434,5.38404159654237
ENSSSCG00000051512,0.515174538414014,0.373891777537664
ENSSSCG00000046580,0.515174538414014,0.598226844060263
ENSSSCG00000061465,0.804960216271897,0.299113422030131
ENSSSCG00000057892,1.03034907682803,0.52344848855273
ENSSSCG00000054467,0.837158624922773,0.635616021814029
ENSSSCG00000056867,1.28793634603504,0.149556711015066
ENSSSCG00000060189,0.482976129763138,0.224335066522599
ENSSSCG00000056644,2.28608701421219,0.859951088336628
ENSSSCG00000062020,1.28793634603504,0.448670133045197
ENSSSCG00000054946,2.83345996127708,0.859951088336628
ENSSSCG00000044663,0.901555442224525,0.149556711015066
ENSSSCG00000054485,0.965952259526276,0.934729443844161
ENSSSCG00000053453,2.73686473532445,3.21546928682391
ENSSSCG00000054198,1.28793634603504,1.86945888768832
ENSSSCG00000059137,0.289785677857883,0.411280955291431
ENSSSCG00000042603,0.515174538414014,0.373891777537664
ENSSSCG00000061680,26.724679180227,45.46524014858
ENSSSCG00000003831,10.8508637153452,10.8054723708385
ENSSSCG00000025097,3.99260267270861,2.91635586479378
ENSSSCG00000005778,1.60992043254379,0.747783555075329
ENSSSCG00000025020,35.9978208716792,16.9372975224562
ENSSSCG00000005777,19.0936563299694,22.5082850077674
ENSSSCG00000003830,75.5696651036057,35.4449405105706
ENSSSCG00000056323,2.89785677857883,8.86123512764264
ENSSSCG00000003825,4.18579312461386,9.94552128250187
ENSSSCG00000058502,9.36973691740488,20.0405992760188
ENSSSCG00000040920,40.8919789866124,43.5583920831379
ENSSSCG00000061676,0.9337538508754,70.0299299328045
ENSSSCG00000003826,16.0026090994853,13.7966065911398
ENSSSCG00000003833,1.89970611040168,0.224335066522599
ENSSSCG00000003749,36.9637731312055,31.9677469794703
ENSSSCG00000003828,30.0411152712672,25.0881382727773
ENSSSCG00000031912,157.772202389292,241.496699111577
ENSSSCG00000063412,7.85641171081371,8.07606239481355
ENSSSCG00000005780,0.0643968173017518,0.710394377321562
ENSSSCG00000003875,73.927546262411,41.3524305956657
ENSSSCG00000023171,14.3926886669415,20.8257720088479
ENSSSCG00000003760,4.47557880247175,1.23384286587429
ENSSSCG00000031172,115.978667960455,126.861480118529
ENSSSCG00000038475,13.5555300420187,229.569551408126
ENSSSCG00000003876,17.3549422628221,14.0957200131699
ENSSSCG00000003877,38.380503111844,66.4031796906892
ENSSSCG00000038632,41.9867248807421,60.6826354943629
ENSSSCG00000023376,15.3264425178169,22.246560763491
ENSSSCG00000003753,2.09289656230693,0
ENSSSCG00000003755,11.5592287056644,11.6654234591751
ENSSSCG00000003756,14.8112679794029,19.7414858539887
ENSSSCG00000003757,31.908622973018,13.9087741244011
ENSSSCG00000003758,0.418579312461386,0.224335066522599
ENSSSCG00000029882,5.02295174953664,2.01901559870339
ENSSSCG00000053185,45.6251450582911,61.3930298716845
ENSSSCG00000022145,30.2987025404742,19.2180373654359
ENSSSCG00000026005,1.96410292770343,2.13118313196469
ENSSSCG00000003761,30.9426707134917,38.5108530863794
ENSSSCG00000030552,0.193190451905255,1.04689697710546
ENSSSCG00000037291,1.12694430278066,0.448670133045197
ENSSSCG00000058037,0.354182495159635,0.186945888768832
ENSSSCG00000022206,1.12694430278066,1.00950779935169
ENSSSCG00000038041,15.9060138735327,6.31877104038653
ENSSSCG00000036145,7.3412371723997,7.81433815053718
ENSSSCG00000003839,149.529409774668,222.615164345925
ENSSSCG00000029633,106.286946956541,91.2295937191901
ENSSSCG00000027525,243.484366217923,654.123664802144
ENSSSCG00000027362,1.28793634603504,0.448670133045197
ENSSSCG00000056444,5.92450719176116,17.9468053218079
ENSSSCG00000003843,15.7450218302783,20.0779884537726
ENSSSCG00000003844,28.9141709684865,36.6787833764449
ENSSSCG00000037559,58.8586910138011,48.7554877909114
ENSSSCG00000039594,66.8438963592183,85.9203304781553
ENSSSCG00000032083,56.025231052524,68.8708654224378
ENSSSCG00000020677,18.5140849742536,10.8054723708385
ENSSSCG00000030538,1.70651565849642,0.822561910582861
ENSSSCG00000063048,21.1543544836255,13.6470498801247
ENSSSCG00000034261,287.724979704227,307.264262780452
ENSSSCG00000027641,25.5011396514937,1.08428615485923
ENSSSCG00000029698,51.7428427019575,64.346774914232
ENSSSCG00000053317,10.6898716720908,5.60837666306496
ENSSSCG00000028506,40.1514155876422,73.8810152414425
ENSSSCG00000028748,16.7753709071063,13.4974931691097
ENSSSCG00000003846,2.6724679180227,4.63625804146704
ENSSSCG00000003848,13.2013475468591,12.4132070142505
ENSSSCG00000003849,23.2472510459324,17.9468053218079
ENSSSCG00000003850,38.122915842637,32.0799145127316
ENSSSCG00000003851,26.8534728148305,41.3524305956657
ENSSSCG00000027114,64.8153966142131,51.7840111889665
ENSSSCG00000003854,16.6787756811537,16.2642923228884
ENSSSCG00000003857,37.5755428955721,39.2960258192085
ENSSSCG00000027119,3.76721381215248,1.53295628790442
ENSSSCG00000034127,1.25573793738416,0.598226844060263
ENSSSCG00000038094,23.4404414978376,24.7516356729934
ENSSSCG00000003859,47.8790336638524,31.4442984909176
ENSSSCG00000028288,40.5699949001036,45.8017427483639
ENSSSCG00000003861,7.30903876374882,4.93537146349717
ENSSSCG00000003862,75.7950539641618,88.201070321135
ENSSSCG00000003863,47.2994623081367,81.0223481924119
ENSSSCG00000038762,63.6884523114325,56.7941610079712
ENSSSCG00000003867,65.7813488737394,70.4038217103422
ENSSSCG00000046753,12.0422048354276,17.3111892999939
ENSSSCG00000021036,76.2136332766232,267.93084778349
ENSSSCG00000003870,88.96420310237,132.993305270147
ENSSSCG00000021292,85.8409574632351,92.5756041183257
ENSSSCG00000003872,108.057859432339,140.358973287639
ENSSSCG00000032960,10.8508637153452,11.1045857928686
ENSSSCG00000040425,21.4441401614833,26.3593703164053
ENSSSCG00000038888,14.6180775274976,41.9506574397259
ENSSSCG00000037516,25.1469571563341,65.5432286023525
ENSSSCG00000023460,2.12509497095781,0.112167533261299
ENSSSCG00000037815,14.3604902582906,7.81433815053718
ENSSSCG00000003664,50.2617159040172,40.8289821071129
ENSSSCG00000037514,1.28793634603504,0.0747783555075329
ENSSSCG00000003659,0.676166581668393,0
ENSSSCG00000034765,1.57772202389292,1.83206970993455
ENSSSCG00000003832,551.301152920297,381.107888844141
ENSSSCG00000051950,0.611769764366642,0.635616021814029
ENSSSCG00000061933,0.676166581668393,1.98162642094962
ENSSSCG00000055265,0.611769764366642,0.149556711015066
ENSSSCG00000052447,0.708364990319269,0.560837666306496
ENSSSCG00000056712,0.837158624922773,0.224335066522599
ENSSSCG00000042401,3.50962654294547,3.02852339805508
ENSSSCG00000058485,17.8701168012361,11.9645368812053
ENSSSCG00000059328,2.35048383151394,4.03803119740677
ENSSSCG00000058945,0.225388860556131,0.598226844060263
ENSSSCG00000059746,5.15174538414014,4.15019873066807
ENSSSCG00000059559,0.772761807621021,0.822561910582861
ENSSSCG00000043918,0.676166581668393,0.373891777537664
ENSSSCG00000046729,1.93190451905255,2.09379395421092
ENSSSCG00000054968,0.193190451905255,0.673005199567796
ENSSSCG00000061116,2.25388860556131,3.40241517559274
ENSSSCG00000031300,1.15914271143153,1.83206970993455
ENSSSCG00000034611,62.1429286961904,45.5026293263337
ENSSSCG00000029991,19.7698229116378,22.3213391189986
ENSSSCG00000058884,18.3852913396501,9.16034854967277
ENSSSCG00000031631,52.8053901874364,43.8948946829218
ENSSSCG00000039905,34.2269083958811,45.2782942598111
ENSSSCG00000032909,7.18024512914532,3.81369613088418
ENSSSCG00000051819,54.1255249421224,33.3137573786059
ENSSSCG00000003651,21.4763385701342,15.1800061680292
ENSSSCG00000032240,0.901555442224525,1.38339957688936
ENSSSCG00000003640,2.86565836992795,0.0747783555075329
ENSSSCG00000003642,24.3419969400622,53.2795782991172
ENSSSCG00000003643,81.1721882088581,102.408957867566
ENSSSCG00000003644,11.3016414364574,10.7680831930847
ENSSSCG00000003645,28.7209805165813,29.5748396032292
ENSSSCG00000039663,89.7047665013402,125.739804785916
ENSSSCG00000038533,53.191771091247,58.3271172958756
ENSSSCG00000039797,89.6403696840384,158.791837920246
ENSSSCG00000038465,120.067865859116,140.957200131699
ENSSSCG00000037264,65.5881584218342,25.5741975835762
ENSSSCG00000003679,84.7784099777562,107.493886042078
ENSSSCG00000003680,99.9438604523187,174.794405998858
ENSSSCG00000003667,49.1347716012366,22.097004052476
ENSSSCG00000039761,4.44338039382087,3.36502599783898
ENSSSCG00000003669,10.7542684893925,21.9848365192147
ENSSSCG00000003672,286.887821079304,336.166097184114
ENSSSCG00000036673,126.056769868179,102.072455267782
ENSSSCG00000003670,30.5240914010303,29.4626720699679
ENSSSCG00000027902,42.3087089672509,49.2789362794641
ENSSSCG00000023322,10.367887585582,3.70152859762288
ENSSSCG00000025855,38.4127015204949,23.0691226740739
ENSSSCG00000058331,21.9593146998973,37.8752370645654
ENSSSCG00000027417,10.4966812201855,6.31877104038653
ENSSSCG00000059665,22.9896637767254,21.6857230971845
ENSSSCG00000038677,5.92450719176116,10.8054723708385
ENSSSCG00000039983,6.31088809557167,11.852369347944
ENSSSCG00000032660,3.25203927373846,1.64512382116572
ENSSSCG00000034618,27.6262346224515,17.4981351887627
ENSSSCG00000034292,34.2269083958811,14.6939468572302
ENSSSCG00000032016,9.49853055200838,10.2072455267782
ENSSSCG00000035690,279.095806185792,308.498105646327
ENSSSCG00000003627,58.375714884038,63.2624887593728
ENSSSCG00000037121,95.725868919054,126.001529030193
ENSSSCG00000031786,63.044484138415,173.971844088275
ENSSSCG00000035914,55.252469244903,57.5793337408003
ENSSSCG00000037699,0.354182495159635,0.486059310798964
ENSSSCG00000037600,1.60992043254379,2.61724244276365
ENSSSCG00000003628,9.24094328280138,4.41192297494444
ENSSSCG00000003630,129.75958686303,110.933690395425
ENSSSCG00000023904,33.0677656844495,18.2085295660842
ENSSSCG00000030177,64.0426348065921,61.3556406939307
ENSSSCG00000003954,55.5422549227609,17.9094161440541
ENSSSCG00000003901,22.313497195057,22.7700092520438
ENSSSCG00000003895,85.1969892902176,143.499664218956
ENSSSCG00000038657,45.8827323274981,42.3245492172636
ENSSSCG00000003897,20.3815926760044,21.4239988529082
ENSSSCG00000003898,32.8745752325443,28.3036075596012
ENSSSCG00000033465,2.54367428341919,1.53295628790442
ENSSSCG00000003632,1.7387140671473,0.299113422030131
ENSSSCG00000003633,33.2931545450057,14.5443901462151
ENSSSCG00000003634,21.798322656643,31.5938552019326
ENSSSCG00000037213,53.0951758652943,84.200428301482
ENSSSCG00000003637,96.7884164045329,132.245521715072
ENSSSCG00000029954,252.854103135328,318.294070217814
ENSSSCG00000028892,7.95300693676634,22.6952308965362
ENSSSCG00000033892,16.614378863852,42.8853868835701
ENSSSCG00000036832,82.2669341029879,121.440049344233
ENSSSCG00000036709,43.6288437219368,32.977254778822
ENSSSCG00000038916,13.1047523209065,21.7978906304458
ENSSSCG00000034647,25.4367428341919,37.7256803535503
ENSSSCG00000025795,4.99075334088576,1.04689697710546
ENSSSCG00000003682,59.3738655522151,25.0507490950235
ENSSSCG00000038826,50.1329222694137,72.9462857975983
ENSSSCG00000003684,33.5829402228635,58.6262307179058
ENSSSCG00000024223,68.5826104263656,141.25631355373
ENSSSCG00000038026,62.8834920951606,55.4107614310818
ENSSSCG00000028805,55.8320406006188,56.98110689674
ENSSSCG00000034767,9.14434805684875,7.96389486155225
ENSSSCG00000021612,28.7531789252322,13.0488230360645
ENSSSCG00000003650,3.76721381215248,3.47719353110028
ENSSSCG00000039227,0.354182495159635,0.149556711015066
ENSSSCG00000028411,0,0.710394377321562
ENSSSCG00000003585,0,0.598226844060263
ENSSSCG00000035068,0.450777721112262,0.486059310798964
ENSSSCG00000053136,14.9078632053555,18.9189239434058
ENSSSCG00000045471,1.19134112008241,0.972118621597927
ENSSSCG00000044383,0.643968173017518,0.149556711015066
ENSSSCG00000050425,0.579571355715766,0.373891777537664
ENSSSCG00000059980,0.643968173017518,0.859951088336628
ENSSSCG00000049192,3.09104723048408,1.12167533261299
ENSSSCG00000030438,0,0.598226844060263
ENSSSCG00000051754,8.43598306652948,1.71990217667326
ENSSSCG00000048215,2.38268224016482,1.27123204362806
ENSSSCG00000048434,12.460784147889,3.77630695313041
ENSSSCG00000003648,59.3094687349134,80.9849590146581
ENSSSCG00000024678,13.4267364074152,4.4493121526982
ENSSSCG00000003317,15.9382122821836,36.4544483099223
ENSSSCG00000003359,32.1984086508759,62.7390402708201
ENSSSCG00000003360,49.7787397742541,16.0773464341196
ENSSSCG00000025685,67.7454518014428,23.8916845846567
ENSSSCG00000026554,8.04960216271897,5.3466524187886
ENSSSCG00000003356,0.676166581668393,1.04689697710546
ENSSSCG00000034547,22.6032828729149,6.1318251516177
ENSSSCG00000035770,20.8323703971167,37.8004587090579
ENSSSCG00000035376,136.295863819158,228.148762653483
ENSSSCG00000028572,27.8516234830076,24.6768573174858
ENSSSCG00000003386,0.450777721112262,0.224335066522599
ENSSSCG00000029744,2.02849974500518,0.52344848855273
ENSSSCG00000027299,32.2950038768285,29.7991746697518
ENSSSCG00000003350,90.8961076214226,102.222011978797
ENSSSCG00000003351,21.4763385701342,29.3131153589529
ENSSSCG00000003352,94.3413373470663,95.6415166941345
ENSSSCG00000003353,74.1529351229672,113.36398694942
ENSSSCG00000036305,7.88861011946459,9.72118621597927
ENSSSCG00000003885,104.129653576933,115.383002548123
ENSSSCG00000039516,52.3868108749751,91.715653029989
ENSSSCG00000003362,63.6562539027816,46.0634669926402
ENSSSCG00000021436,8.82236397033999,5.98226844060263
ENSSSCG00000003888,24.0200128535534,12.0393152367128
ENSSSCG00000031102,45.0133752939245,48.2320393023587
ENSSSCG00000003393,10.7220700807417,27.1445430492344
ENSSSCG00000058056,13.0081570949539,4.00064201965301
ENSSSCG00000020872,2.31828542286306,1.19645368812053
ENSSSCG00000003395,10.0781019077242,13.4601039913559
ENSSSCG00000003396,392.466403045526,673.34170216758
ENSSSCG00000036868,16.7431724984555,14.0209416576624
ENSSSCG00000038967,117.427596349744,120.01926058959
ENSSSCG00000021890,414.361320928122,736.155520793907
ENSSSCG00000003894,1.77091247579817,21.9100581637071
ENSSSCG00000035074,4.44338039382087,3.02852339805508
ENSSSCG00000003379,30.1377104972198,38.8847448639171
ENSSSCG00000027869,30.9748691221426,53.3917458323785
ENSSSCG00000036876,20.6069815365606,27.7801590710485
ENSSSCG00000003384,56.3472151390328,87.715011010336
ENSSSCG00000036772,19.2224499645729,24.3777438954557
ENSSSCG00000003923,63.7528491287342,113.401376127174
ENSSSCG00000038474,28.2380043868181,39.7073067745
ENSSSCG00000003354,200.080911356543,163.315928428452
ENSSSCG00000033374,30.2021073145216,36.1179457101384
ENSSSCG00000029808,19.5444340510817,25.0133599172697
ENSSSCG00000003346,1.89970611040168,1.19645368812053
ENSSSCG00000034013,1.48112679794029,0.673005199567796
ENSSSCG00000003344,24.3097985314113,50.101498190047
ENSSSCG00000003343,29.8801232280128,47.0729747919919
ENSSSCG00000031977,48.2654145676629,21.8352798081996
ENSSSCG00000038530,1.0625474854789,3.21546928682391
ENSSSCG00000003926,9.62732418661189,5.4588199520499
ENSSSCG00000003348,53.0307790479926,94.7441764280441
ENSSSCG00000037270,19.8664181375904,6.16921432937146
ENSSSCG00000038006,22.4100924210096,39.6699175967462
ENSSSCG00000003928,3.38083290834197,12.6001529030193
ENSSSCG00000003929,0.837158624922773,0.486059310798964
ENSSSCG00000003930,1477.19859208488,988.7194165206
ENSSSCG00000003931,11.7846175662206,2.28073984297975
ENSSSCG00000033259,6.69726899938218,3.58936106436158
ENSSSCG00000027423,17.4193390801239,40.978538818128
ENSSSCG00000037341,65.362769561278,66.104066268659
ENSSSCG00000033257,47.1062718562314,63.075542870604
ENSSSCG00000003400,8.59697510978386,5.19709570777353
ENSSSCG00000003399,0.193190451905255,0.822561910582861
ENSSSCG00000003398,101.263995207005,107.942556175124
ENSSSCG00000003881,14.2960934409889,7.14133295096939
ENSSSCG00000003333,3.50962654294547,0.934729443844161
ENSSSCG00000037318,5.3449358360454,4.37453379719067
ENSSSCG00000038280,27.4652425791971,23.4056252738578
ENSSSCG00000003334,30.0411152712672,45.1287375487961
ENSSSCG00000003903,58.3113180667362,64.6832775140159
ENSSSCG00000003904,42.6950898710614,80.1623971040752
ENSSSCG00000027991,4.668769254377,2.50507490950235
ENSSSCG00000003905,11.4626334797118,8.56212170561251
ENSSSCG00000003329,20.1562038154483,25.9107001833601
ENSSSCG00000026991,8.98335601359437,12.5627637252655
ENSSSCG00000003338,4.92635652358401,4.63625804146704
ENSSSCG00000029145,145.987584823071,170.195537135145
ENSSSCG00000003339,42.6306930537597,41.4272089511732
ENSSSCG00000003908,457.764775789502,804.129045950255
ENSSSCG00000003909,69.773951546448,99.3430452917574
ENSSSCG00000003913,60.2110241771379,62.589483559805
ENSSSCG00000003385,128.793634603504,184.291257148315
ENSSSCG00000035774,21.5085369787851,49.5406605237405
ENSSSCG00000033497,200.628284303608,178.533323774235
ENSSSCG00000022343,299.380803635844,305.170468826242
ENSSSCG00000003341,35.7080351938213,55.1116480090517
ENSSSCG00000003342,124.414651026984,102.74546046735
ENSSSCG00000021880,53.964532898868,51.7466220112127
ENSSSCG00000039651,4.15359471596299,0.224335066522599
ENSSSCG00000033456,1.8675077017508,2.61724244276365
ENSSSCG00000034502,66.3609202294552,94.0337820507226
ENSSSCG00000035940,25.3079491995884,57.7662796295691
ENSSSCG00000029843,44.4338039382087,17.3485784777476
ENSSSCG00000020749,6.92265785993831,7.66478143952212
ENSSSCG00000003366,1.96410292770343,4.07542037516054
ENSSSCG00000054047,306.110271043877,166.456619359768
ENSSSCG00000003371,3.54182495159635,13.4974931691097
ENSSSCG00000003377,10.2712923596294,136.39572044574
ENSSSCG00000034297,3.31643609104022,7.25350048423069
ENSSSCG00000003374,1.93190451905255,2.43029655399482
ENSSSCG00000040001,15.0688552486099,7.55261390626082
ENSSSCG00000003376,57.9893339802275,60.4209112500865
ENSSSCG00000030253,87.0966954006193,91.8652097410041
ENSSSCG00000003382,21.6373306133886,12.8618771472957
ENSSSCG00000003383,29.3649486895988,38.3612963753644
ENSSSCG00000021490,2.51147587476832,1.71990217667326
ENSSSCG00000032606,3.31643609104022,2.28073984297975
ENSSSCG00000024622,16.2279979600414,9.83335374924057
ENSSSCG00000032086,8.30718943192598,5.19709570777353
ENSSSCG00000003322,9.079951239547,4.26236626392937
ENSSSCG00000026045,17.3227438541712,20.4144910535565
ENSSSCG00000003324,2.96225359588058,1.71990217667326
ENSSSCG00000063195,14.6180775274976,16.3390706783959
ENSSSCG00000039914,15.0044584313082,6.58049528466289
ENSSSCG00000027774,32.7135831892899,42.6610518170475
ENSSSCG00000040067,4.02480108135948,5.15970653001977
ENSSSCG00000062462,0,2.54246408725612
ENSSSCG00000003326,7.63102285025758,23.1439010295814
ENSSSCG00000052814,18.159902479094,20.1527668092801
ENSSSCG00000060636,1.57772202389292,0.822561910582861
ENSSSCG00000033340,6.11769764366642,5.72054419632626
ENSSSCG00000034301,6.05330082636466,8.18822992807485
ENSSSCG00000037257,1.28793634603504,0.785172732829095
ENSSSCG00000033232,24.2132033054587,18.8067564101445
ENSSSCG00000038327,6.82606263398569,4.18758790842184
ENSSSCG00000052259,0.321984086508759,1.23384286587429
ENSSSCG00000032196,2.18949178825956,1.79468053218079
ENSSSCG00000039978,18.5784817915554,14.3948334352001
ENSSSCG00000002849,5.11954697548926,2.54246408725612
ENSSSCG00000033351,12.9437602776521,11.5158667481601
ENSSSCG00000060307,1.64211884119467,0.710394377321562
ENSSSCG00000003984,24.5673858006183,20.6014369423253
ENSSSCG00000033601,73.669958993204,31.855579446209
ENSSSCG00000002836,104.934613793204,284.643810239424
ENSSSCG00000003986,1.12694430278066,0.747783555075329
ENSSSCG00000029696,15.2298472918643,12.0393152367128
ENSSSCG00000002841,51.6784458846558,63.4120454703879
ENSSSCG00000037263,48.2010177503612,52.980464877087
ENSSSCG00000057055,0.579571355715766,0.149556711015066
ENSSSCG00000003987,19.8020213202887,12.4505961920042
ENSSSCG00000023391,235.499160872506,334.408805829687
ENSSSCG00000032298,7.72761807621021,6.43093857364783
ENSSSCG00000002838,10.2712923596294,16.1521247896271
ENSSSCG00000027085,91.4756789771384,120.243595656113
ENSSSCG00000023921,1.38453157198766,0.373891777537664
ENSSSCG00000002854,15.1332520659117,16.0773464341196
ENSSSCG00000002852,14.2960934409889,8.97340266090394
ENSSSCG00000032153,9.337538508754,12.001926058959
ENSSSCG00000002855,2.44707905746657,3.02852339805508
ENSSSCG00000040286,37.3179556263651,48.9050445019265
ENSSSCG00000040796,47.7824384378998,43.6705596163992
ENSSSCG00000034035,9.82051463851714,8.71167841662758
ENSSSCG00000028097,136.714443131619,122.262611254816
ENSSSCG00000038073,2.18949178825956,1.98162642094962
ENSSSCG00000021448,26.1451078245112,5.2344848855273
ENSSSCG00000029573,113.145207999178,114.410883926525
ENSSSCG00000025741,4.5399756197735,4.29975544168314
ENSSSCG00000039875,20.9289656230693,8.74906759438134
ENSSSCG00000002844,85.0037988383123,99.7917154248026
ENSSSCG00000033527,101.585979293513,108.353837130415
ENSSSCG00000026318,4.02480108135948,0.710394377321562
ENSSSCG00000002846,70.289126084862,94.1459495839839
ENSSSCG00000024443,10.5610780374873,8.11345157256731
ENSSSCG00000026239,113.274001633781,142.789269841634
ENSSSCG00000021644,72.897197185583,60.346132894579
ENSSSCG00000039408,82.3635293289405,72.4976156645531
ENSSSCG00000062607,16.4533868205976,19.3302048986972
ENSSSCG00000040887,30.6850834442847,25.7237542945913
ENSSSCG00000036005,33.45414658826,21.7605014526921
ENSSSCG00000025912,71.7058560655006,32.2668604015004
ENSSSCG00000029256,85.9375526891877,121.327881810972
ENSSSCG00000002831,4.86195970628226,0.673005199567796
ENSSSCG00000035949,31.8442261557162,47.8955367025748
ENSSSCG00000003914,127.280309396912,182.945246749179
ENSSSCG00000037354,4.31458675921737,6.24399268487899
ENSSSCG00000046843,0.354182495159635,0.336502599783898
ENSSSCG00000003917,11.7202207489188,13.0114338583107
ENSSSCG00000003918,11.6880223402679,11.8897585256977
ENSSSCG00000003919,20.0274101808448,9.12295937191901
ENSSSCG00000031652,26.4026950937182,13.7966065911398
ENSSSCG00000026181,36.7061858619985,33.3511465563597
ENSSSCG00000032648,94.3413373470663,63.8607156034331
ENSSSCG00000003920,1.09474589412978,1.68251299891949
ENSSSCG00000003921,6.82606263398569,27.7427698932947
ENSSSCG00000003922,25.2435523822867,50.5501683230922
ENSSSCG00000033591,46.0759227794034,33.7250383338973
ENSSSCG00000053115,0.54737294706489,0.411280955291431
ENSSSCG00000038250,1.0625474854789,1.98162642094962
ENSSSCG00000035477,1.25573793738416,2.39290737624105
ENSSSCG00000043977,10.4966812201855,10.3568022377933
ENSSSCG00000056702,1.12694430278066,0.747783555075329
ENSSSCG00000002835,5.50592787929978,2.31812902073352
ENSSSCG00000041123,15.9704106908344,30.8834608246111
ENSSSCG00000034880,0.772761807621021,0.785172732829095
ENSSSCG00000035785,0.772761807621021,0.261724244276365
ENSSSCG00000002847,21.0255608490219,394.941884613035
ENSSSCG00000058286,14.4248870755924,14.6939468572302
ENSSSCG00000055582,1.54552361524204,3.17808010907015
ENSSSCG00000060736,10.7220700807417,8.11345157256731
ENSSSCG00000056719,5.89230878311029,2.46768573174858
ENSSSCG00000053530,0.676166581668393,0
ENSSSCG00000053739,1.57772202389292,1.00950779935169
ENSSSCG00000053570,7.3412371723997,3.66413941986911
ENSSSCG00000022333,8.82236397033999,10.6933048375772
ENSSSCG00000059892,2.83345996127708,9.42207279394914
ENSSSCG00000062716,2.73686473532445,1.12167533261299
ENSSSCG00000043705,0.901555442224525,0.486059310798964
ENSSSCG00000058730,0.708364990319269,0.448670133045197
ENSSSCG00000045249,1.15914271143153,0.598226844060263
ENSSSCG00000041170,1.51332520659117,1.00950779935169
ENSSSCG00000055574,1.48112679794029,1.15906451036676
ENSSSCG00000045401,0.515174538414014,0.112167533261299
ENSSSCG00000041487,44.5625975728122,6.87960870669302
ENSSSCG00000043928,0.643968173017518,0
ENSSSCG00000055857,12.3963873305872,11.852369347944
ENSSSCG00000047270,2.02849974500518,0.373891777537664
ENSSSCG00000048405,1.19134112008241,0
ENSSSCG00000033121,0.54737294706489,0.373891777537664
ENSSSCG00000032021,0.740563398970145,0.373891777537664
ENSSSCG00000003369,108.508637153452,103.119352244888
ENSSSCG00000058715,4.86195970628226,5.42143077429613
ENSSSCG00000018197,0.804960216271897,0.299113422030131
ENSSSCG00000057927,2.41488064881569,3.29024764233145
ENSSSCG00000054335,2.76906314397533,5.49620912980367
ENSSSCG00000059854,2.09289656230693,3.51458270885404
ENSSSCG00000058439,1.09474589412978,2.46768573174858
ENSSSCG00000045362,1.22353952873328,0.149556711015066
ENSSSCG00000055048,1.9963013363543,0.261724244276365
ENSSSCG00000054042,0.482976129763138,0
ENSSSCG00000059043,0.998150668177152,0.448670133045197
ENSSSCG00000003789,15.3264425178169,12.9366555028032
ENSSSCG00000003821,1.89970611040168,14.2078875464312
ENSSSCG00000036505,144.667450068385,135.161877579866
ENSSSCG00000003823,41.2783598904229,14.1331091909237
ENSSSCG00000003816,15.4230377437695,10.6933048375772
ENSSSCG00000003818,24.4063937573639,26.1350352498827
ENSSSCG00000003819,2.99445200453146,0.373891777537664
ENSSSCG00000003820,74.1207367143163,69.9925407550508
ENSSSCG00000031640,190.453587169931,84.9856010343111
ENSSSCG00000039793,103.711074264471,128.618771472956
ENSSSCG00000038861,66.0067377342956,40.9411496403742
ENSSSCG00000023243,32.6169879633373,11.7775909924364
ENSSSCG00000003790,23.6980287670446,15.7782330120894
ENSSSCG00000003791,199.340347957573,86.0324980114165
ENSSSCG00000003792,17.2261486282186,9.5716295049642
ENSSSCG00000033443,3.89600744675598,0.448670133045197
ENSSSCG00000003795,164.276280936769,844.098076969031
ENSSSCG00000003797,12.3319905132855,62.7016510930663
ENSSSCG00000037066,210.738584619983,85.9203304781553
ENSSSCG00000003798,387.540046521942,339.157231404415
ENSSSCG00000003799,0.450777721112262,0.972118621597927
ENSSSCG00000003801,0.611769764366642,0.934729443844161
ENSSSCG00000003803,4.5399756197735,6.65527364017042
ENSSSCG00000032043,18.0955056617922,19.4797616097123
ENSSSCG00000030423,66.3287218208043,42.4367167505249
ENSSSCG00000022305,39.5396458232756,13.4974931691097
ENSSSCG00000039433,0.611769764366642,0
ENSSSCG00000031352,3.99260267270861,1.45817793239689
ENSSSCG00000025243,1.9963013363543,1.30862122138182
ENSSSCG00000003805,13.2657443641609,8.44995417235121
ENSSSCG00000025188,2.83345996127708,2.50507490950235
ENSSSCG00000003806,126.153365094132,113.700489549204
ENSSSCG00000003807,4.15359471596299,4.26236626392937
ENSSSCG00000040337,12.6861730084451,8.37517581684368
ENSSSCG00000003809,241.16608079506,303.56273418283
ENSSSCG00000025672,19.8986165462413,13.3105472803408
ENSSSCG00000004829,126.765134858498,63.7485480701718
ENSSSCG00000003811,3.41303131699284,3.51458270885404
ENSSSCG00000003812,71.2550783443883,90.7061452306373
ENSSSCG00000042211,0.869357033573649,0.598226844060263
ENSSSCG00000003815,7.85641171081371,4.11280955291431
ENSSSCG00000042826,0.515174538414014,0.336502599783898
ENSSSCG00000053688,5.76351514850678,4.29975544168314
ENSSSCG00000057035,1.38453157198766,0.52344848855273
ENSSSCG00000059353,0.386380903810511,0.149556711015066
ENSSSCG00000041959,1.67431724984555,0.560837666306496
ENSSSCG00000043666,0.482976129763138,0.224335066522599
ENSSSCG00000050531,0.450777721112262,0.785172732829095
ENSSSCG00000063105,69.3231738253358,25.9107001833601
ENSSSCG00000047798,0.354182495159635,0.673005199567796
ENSSSCG00000025214,11.5592287056644,5.72054419632626
ENSSSCG00000032154,52.8697870047382,73.2453992196284
ENSSSCG00000002917,17.7735215752835,9.83335374924057
ENSSSCG00000002918,1.64211884119467,2.91635586479378
ENSSSCG00000002919,14.9722600226573,7.40305719524575
ENSSSCG00000036294,15.1332520659117,18.1337512105767
ENSSSCG00000002857,2.15729337960868,2.39290737624105
ENSSSCG00000022948,0.740563398970145,65.8797312021364
ENSSSCG00000025152,34.7420829342951,41.8384899064646
ENSSSCG00000040905,1.41672998063854,0.972118621597927
ENSSSCG00000022312,79.626664593616,104.390584288516
ENSSSCG00000002865,21.4763385701342,22.3587282967523
ENSSSCG00000002863,17.9345136185379,27.854937426556
ENSSSCG00000003035,54.5119058459329,84.5369309012659
ENSSSCG00000028054,17.129553402266,28.3783859151087
ENSSSCG00000030182,18.5784817915554,26.2098136053903
ENSSSCG00000037132,0.772761807621021,0.673005199567796
ENSSSCG00000002927,0.965952259526276,0.897340266090394
ENSSSCG00000002867,42.9204787316175,27.4062672935108
ENSSSCG00000002868,77.0829903101968,69.0578113112066
ENSSSCG00000032803,72.5108162817725,30.6591257580885
ENSSSCG00000038806,83.8768545355317,123.646010831706
ENSSSCG00000030049,323.626205349953,509.016265939776
ENSSSCG00000003016,80.946799348302,109.512901640782
ENSSSCG00000003017,48.7161922887752,59.5983493395037
ENSSSCG00000003013,17.5803311233782,20.7883828310941
ENSSSCG00000028794,72.8328003682812,121.963497832786
ENSSSCG00000003015,29.7835280020602,16.002568078612
ENSSSCG00000032536,6.21429286961904,4.07542037516054
ENSSSCG00000032711,88.9964015110209,98.8569859809584
ENSSSCG00000020837,43.2102644094754,90.2200859198384
ENSSSCG00000003018,8.1461973886716,14.7687252127377
ENSSSCG00000059920,68.7758008782709,46.2130237036553
ENSSSCG00000029070,30.620686626983,38.2491288421031
ENSSSCG00000003022,6.08549923501554,2.09379395421092
ENSSSCG00000003024,10.6898716720908,7.85172732829095
ENSSSCG00000003030,188.167500155719,248.862367129069
ENSSSCG00000025139,31.135861165397,24.3777438954557
ENSSSCG00000022521,76.6966094063863,137.255671534077
ENSSSCG00000002860,41.6003439769316,22.6578417187825
ENSSSCG00000002859,61.2735716626168,88.7992971651953
ENSSSCG00000003708,43.4678516786824,79.6389486155225
ENSSSCG00000003709,118.618937469827,197.863528672932
ENSSSCG00000003718,4.57217402842437,4.03803119740677
ENSSSCG00000003719,32.423797511432,50.9988384561374
ENSSSCG00000024419,76.7610062236881,57.6915012740616
ENSSSCG00000003705,12.7505698257468,32.7155305345456
ENSSSCG00000040452,43.2746612267772,34.9588811997716
ENSSSCG00000029518,99.2032970533486,105.437481265621
ENSSSCG00000002815,112.469041417509,102.072455267782
ENSSSCG00000026851,28.7209805165813,24.489911428717
ENSSSCG00000002994,2.60807110072095,1.57034546565819
ENSSSCG00000033695,48.6195970628226,40.0811985520376
ENSSSCG00000003707,18.2886961136975,30.3226231583046
ENSSSCG00000002993,3.02665041318233,0.859951088336628
ENSSSCG00000002814,0.289785677857883,0.598226844060263
ENSSSCG00000002817,68.0030390706498,21.0127178976167
ENSSSCG00000002869,162.151185965811,127.085815185052
ENSSSCG00000002813,50.326112721319,42.5488842837862
ENSSSCG00000003710,14.0707045804328,18.1711403883305
ENSSSCG00000054571,0.193190451905255,1.23384286587429
ENSSSCG00000003711,5.08734856683839,7.88911650604472
ENSSSCG00000002812,12.6217761911433,15.8904005453507
ENSSSCG00000003712,41.3427567077246,72.6097831978144
ENSSSCG00000002811,0.450777721112262,0.336502599783898
ENSSSCG00000003716,68.7114040609691,52.1952921442579
ENSSSCG00000040397,5.79571355715766,2.61724244276365
ENSSSCG00000025653,60.5008098549958,17.2364109444863
ENSSSCG00000028723,23.9234176276008,23.5177928071191
ENSSSCG00000025503,4.08919789866124,3.58936106436158
ENSSSCG00000002808,22.2812987864061,27.219321404742
ENSSSCG00000002807,13.9741093544801,14.0957200131699
ENSSSCG00000022559,60.2432225857888,201.826781514831
ENSSSCG00000002806,87.4508778957789,193.900275831033
ENSSSCG00000002805,36.319804958188,32.5659738235306
ENSSSCG00000002804,83.3616799971176,88.7245188096877
ENSSSCG00000021893,60.6296034895993,25.2003058060386
ENSSSCG00000002803,15.8416170562309,12.2262611254816
ENSSSCG00000028587,0.708364990319269,2.50507490950235
ENSSSCG00000002752,34.4844956650881,24.8264140285009
ENSSSCG00000032908,62.2395239221431,68.6465303559152
ENSSSCG00000022609,155.260726514523,1701.20758779637
ENSSSCG00000003699,5.57032469660153,33.4259249118672
ENSSSCG00000002753,32.681384780639,38.5108530863794
ENSSSCG00000003700,25.4367428341919,7.59000308401458
ENSSSCG00000002754,7.66322125890846,17.6476918997778
ENSSSCG00000003701,36.8027810879511,27.1071538714807
ENSSSCG00000028010,11.3016414364574,15.7408438343357
ENSSSCG00000025478,45.9793275534508,44.3061756382132
ENSSSCG00000003702,4.82976129763138,5.83271172958756
ENSSSCG00000003687,26.724679180227,13.8713849466473
ENSSSCG00000002755,12.0422048354276,13.123601391572
ENSSSCG00000033944,69.1299833734305,130.450841182891
ENSSSCG00000002762,53.1595726825961,92.0521556297729
ENSSSCG00000003524,60.694000306901,39.4081933524698
ENSSSCG00000002761,0.611769764366642,0.186945888768832
ENSSSCG00000039514,130.85433275716,82.6674720135776
ENSSSCG00000033741,24.374195348713,20.4144910535565
ENSSSCG00000002759,23.6336319497429,42.2123816840023
ENSSSCG00000037481,59.0518814657064,24.8638032062547
ENSSSCG00000062424,8.2749910232751,7.66478143952212
ENSSSCG00000025151,78.8217043773441,154.492082478563
ENSSSCG00000032686,15.4874345610713,4.15019873066807
ENSSSCG00000038994,110.537136898457,136.283552912479
ENSSSCG00000028109,1.83530929309993,1.94423724319585
ENSSSCG00000028638,19.705426094336,15.0678386347679
ENSSSCG00000018018,0.515174538414014,0.411280955291431
ENSSSCG00000033032,15.8094186475801,14.245276724185
ENSSSCG00000034165,86.7103144968087,114.336105571018
ENSSSCG00000056207,6.21429286961904,6.1318251516177
ENSSSCG00000048110,2.86565836992795,4.18758790842184
ENSSSCG00000003690,10.6898716720908,5.3466524187886
ENSSSCG00000049263,36.319804958188,5.15970653001977
ENSSSCG00000024174,203.493942673536,122.075665366047
ENSSSCG00000003691,197.183054577964,425.900123793153
ENSSSCG00000038706,148.88544160165,54.6629778760065
ENSSSCG00000033512,133.784387944389,59.2618467397198
ENSSSCG00000003693,12.5895777824925,45.8391319261176
ENSSSCG00000032372,36.9315747225546,17.0494650557175
ENSSSCG00000025417,61.1769764366642,45.7269643928563
ENSSSCG00000024305,32.5525911460355,76.9095386394975
ENSSSCG00000030300,211.446949610302,319.228799661658
ENSSSCG00000024911,101.650376110815,331.081169009602
ENSSSCG00000061081,113.885771398148,154.978141789362
ENSSSCG00000032710,9.43413373470663,5.9074900850951
ENSSSCG00000051968,6.43968173017518,11.6654234591751
ENSSSCG00000025830,44.8523832506701,49.3163254572179
ENSSSCG00000040663,84.8106083864071,92.5008257628181
ENSSSCG00000039751,15.551831378373,24.6394681397321
ENSSSCG00000038494,67.1336820370762,115.383002548123
ENSSSCG00000002697,7.72761807621021,10.0950779935169
ENSSSCG00000003694,39.2498601454177,79.1528893047235
ENSSSCG00000029030,36.0944160976319,30.3226231583046
ENSSSCG00000023125,0.128793634603504,1.38339957688936
ENSSSCG00000002703,57.6351514850678,79.3024460157386
ENSSSCG00000002704,312.83973845191,261.200795787812
ENSSSCG00000002706,4.668769254377,3.81369613088418
ENSSSCG00000002707,76.535617363132,102.932406356119
ENSSSCG00000002708,47.7824384378998,35.856221465862
ENSSSCG00000002709,2.41488064881569,2.61724244276365
ENSSSCG00000028464,46.5588989091665,58.1401714071068
ENSSSCG00000033842,167.882502705667,129.927392694338
ENSSSCG00000028878,91.3468853425349,351.383492529897
ENSSSCG00000002895,105.51418514892,129.777835983323
ENSSSCG00000003697,5.86011037445941,1.15906451036676
ENSSSCG00000023127,0.482976129763138,0.373891777537664
ENSSSCG00000063299,0.901555442224525,0.0747783555075329
ENSSSCG00000034816,12.6539745997942,10.6559156598234
ENSSSCG00000022668,10.0137050904224,14.6939468572302
ENSSSCG00000031942,94.0193532605576,57.6915012740616
ENSSSCG00000027169,20.0274101808448,55.6724856753582
ENSSSCG00000057842,1.35233316333679,0.261724244276365
ENSSSCG00000032690,5.4737294706489,2.87896668704001
ENSSSCG00000003248,4.15359471596299,2.76679915377872
ENSSSCG00000035162,17.0651565849642,15.5165087678131
ENSSSCG00000037542,0.740563398970145,0.373891777537664
ENSSSCG00000032059,34.2591068045319,62.1408134267598
ENSSSCG00000002898,19.963013363543,20.6014369423253
ENSSSCG00000023498,160.605662350569,197.078355940103
ENSSSCG00000040678,10.2390939509785,4.59886886371327
ENSSSCG00000060190,18.0633072531414,13.3479364580946
ENSSSCG00000039135,11.7524191575697,3.85108530863794
ENSSSCG00000029284,1.03034907682803,0.224335066522599
ENSSSCG00000058549,0.128793634603504,1.53295628790442
ENSSSCG00000039627,3.15544404778584,6.35616021814029
ENSSSCG00000054338,0.515174538414014,0.186945888768832
ENSSSCG00000060912,1.25573793738416,0.149556711015066
ENSSSCG00000052999,0.257587269207007,0.560837666306496
ENSSSCG00000059164,1.19134112008241,0.52344848855273
ENSSSCG00000044910,27.3364489445936,24.9385815617622
ENSSSCG00000002916,12.3641889219363,22.3213391189986
ENSSSCG00000058470,255.655364687954,268.977744760596
ENSSSCG00000002929,0.128793634603504,0.411280955291431
ENSSSCG00000002910,18.7072754261589,29.9861205585207
ENSSSCG00000002921,34.0015195353249,39.8942526632688
ENSSSCG00000062589,7.2124435377962,13.609660702371
ENSSSCG00000002923,22.6998780988675,14.9182819237528
ENSSSCG00000028108,44.0474230343982,36.7909509097062
ENSSSCG00000042327,0.321984086508759,0.448670133045197
ENSSSCG00000039196,24.0844096708552,28.7896668704002
ENSSSCG00000002926,40.730986943358,58.7757874289208
ENSSSCG00000030149,87.7084651649859,213.118313196469
ENSSSCG00000037792,10.367887585582,29.3505045367066
ENSSSCG00000025355,66.3287218208043,11.7775909924364
ENSSSCG00000002931,10.883062123996,8.03867321705978
ENSSSCG00000002932,19.6732276856852,15.8156221898432
ENSSSCG00000026790,0.0321984086508759,3.73891777537664
ENSSSCG00000040973,5.53812628795065,4.03803119740677
ENSSSCG00000033156,33.4863449969109,39.3334149969623
ENSSSCG00000061373,6.82606263398569,4.29975544168314
ENSSSCG00000002933,6.66507059073131,6.99177623995432
ENSSSCG00000029875,5.40933265334715,5.122317352266
ENSSSCG00000002738,9.2087448741505,2.39290737624105
ENSSSCG00000002930,43.5322484959842,12.4505961920042
ENSSSCG00000002734,13.8775141285275,26.8828188049581
ENSSSCG00000029170,5.28053901874364,2.99113422030131
ENSSSCG00000031915,4.92635652358401,4.22497708617561
ENSSSCG00000002739,12.6861730084451,18.245918743838
ENSSSCG00000032673,9.49853055200838,2.46768573174858
ENSSSCG00000023195,2.6724679180227,1.34601039913559
ENSSSCG00000002740,194.188602573432,348.803639264887
ENSSSCG00000002743,188.650476285482,301.693275295141
ENSSSCG00000002935,39.8294315011335,18.9563131211596
ENSSSCG00000042040,5.69911833120503,1.42078875464312
ENSSSCG00000063057,6.60067377342955,3.62675024211534
ENSSSCG00000038917,118.200358157365,162.044696384824
ENSSSCG00000002741,27.2076553099901,54.2143077429613
ENSSSCG00000033611,16.8397677244081,6.20660350712523
ENSSSCG00000002938,13.2979427728117,7.40305719524575
ENSSSCG00000002746,6.2786896869208,7.70217061727588
ENSSSCG00000021946,9.17654646549962,4.71103639697457
ENSSSCG00000002749,1.7387140671473,10.0950779935169
ENSSSCG00000025218,4.76536448032963,10.244634704532
ENSSSCG00000022423,1.70651565849642,1.79468053218079
ENSSSCG00000002748,50.8090888510821,46.1382453481478
ENSSSCG00000021741,10.2390939509785,6.95438706220056
ENSSSCG00000002747,0.450777721112262,0.224335066522599
ENSSSCG00000034449,70.804300623276,31.7808010907015
ENSSSCG00000029420,9.30534010010313,1.94423724319585
ENSSSCG00000024267,72.9615940028847,58.588841540152
ENSSSCG00000047099,2.83345996127708,0.598226844060263
ENSSSCG00000031612,15.7772202389292,6.43093857364783
ENSSSCG00000002937,9.56292736931014,7.88911650604472
ENSSSCG00000025590,2.35048383151394,1.79468053218079
ENSSSCG00000029600,12.1066016527293,6.05704679611016
ENSSSCG00000029408,84.3598306652948,35.6692755770932
ENSSSCG00000053289,0.515174538414014,0.0747783555075329
ENSSSCG00000057921,0.482976129763138,0.0747783555075329
ENSSSCG00000060487,0.54737294706489,0.0747783555075329
ENSSSCG00000054775,21.283148118229,15.2173953457829
ENSSSCG00000059270,10.1424987250259,6.46832775140159
ENSSSCG00000054974,1.93190451905255,2.87896668704001
ENSSSCG00000062804,5.28053901874364,1.30862122138182
ENSSSCG00000062150,0.515174538414014,0.224335066522599
ENSSSCG00000056084,0.54737294706489,0.224335066522599
ENSSSCG00000045991,0.321984086508759,0.897340266090394
ENSSSCG00000002950,139.161522189086,822.561910582861
ENSSSCG00000028710,0.225388860556131,1.42078875464312
ENSSSCG00000059404,18.8682674694133,34.1737084669425
ENSSSCG00000032643,0.160992043254379,0.934729443844161
ENSSSCG00000025160,6.08549923501554,6.58049528466289
ENSSSCG00000038077,16.0348075081362,39.9690310187763
ENSSSCG00000002954,495.758897997536,855.688722072699
ENSSSCG00000056430,5.3449358360454,8.56212170561251
ENSSSCG00000058854,21.2187513009272,66.9640173569957
ENSSSCG00000002952,26.0807110072095,43.857505505168
ENSSSCG00000038902,46.1403195967051,54.3264752762226
ENSSSCG00000002955,81.97714842513,42.8853868835701
ENSSSCG00000036658,90.6063219435647,131.460348982243
ENSSSCG00000002957,7.08364990319269,15.0304494570141
ENSSSCG00000035216,6.11769764366642,6.95438706220056
ENSSSCG00000003498,90.9605044387244,54.4760319872377
ENSSSCG00000039652,17.0329581763133,13.7966065911398
ENSSSCG00000024752,20.0274101808448,34.5849894222339
ENSSSCG00000003407,54.0611281248206,113.924824615726
ENSSSCG00000022839,9.30534010010313,5.2344848855273
ENSSSCG00000003527,18.932664286715,19.8162642094962
ENSSSCG00000003483,0.0643968173017518,0.747783555075329
ENSSSCG00000020926,72.3498242385181,101.698563490245
ENSSSCG00000003405,20.5103863106079,44.6800674157509
ENSSSCG00000003531,86.3561320016491,138.190400977921
ENSSSCG00000003532,108.83062123996,127.085815185052
ENSSSCG00000025500,2.12509497095781,6.87960870669302
ENSSSCG00000023761,156.645258086511,102.035066090029
ENSSSCG00000035332,37.8975269820809,55.4107614310818
ENSSSCG00000032674,50.3583111299699,119.495812101038
ENSSSCG00000003485,204.781879019571,152.809569479643
ENSSSCG00000024818,52.9019854133891,65.0197801137998
ENSSSCG00000024260,661.129924828434,418.833569197692
ENSSSCG00000025440,63.2698729989711,75.563528240362
ENSSSCG00000023495,59.2128735089607,66.2536229796741
ENSSSCG00000023191,48.3298113849647,50.5501683230922
ENSSSCG00000027827,16.0992043254379,26.5089270274204
ENSSSCG00000026025,53.2883663171996,69.7308165107744
ENSSSCG00000003486,58.4079132926888,40.978538818128
ENSSSCG00000026478,341.657314194444,474.468665695296
ENSSSCG00000027659,64.3968173017518,159.42745394206
ENSSSCG00000026276,33.5507418142127,38.2865180198568
ENSSSCG00000031082,101.84356656272,130.002171049846
ENSSSCG00000027849,0.321984086508759,0.224335066522599
ENSSSCG00000023326,258.134642154072,429.003425546716
ENSSSCG00000036293,145.086029380847,132.320300070579
ENSSSCG00000023126,200.692681120909,142.004097108805
ENSSSCG00000003410,0.869357033573649,0.224335066522599
ENSSSCG00000036534,4.5399756197735,3.14069093131638
ENSSSCG00000055869,24.5995842092692,32.9024764233145
ENSSSCG00000038848,0.772761807621021,0.261724244276365
ENSSSCG00000032860,4.41118198517,4.37453379719067
ENSSSCG00000003539,8.01740375406809,6.16921432937146
ENSSSCG00000003541,18.3208945223484,9.64640786047174
ENSSSCG00000003543,60.0822305425344,120.056649767344
ENSSSCG00000032947,79.6910614109178,80.1623971040752
ENSSSCG00000055546,0.225388860556131,0.635616021814029
ENSSSCG00000003438,67.2946740803306,126.898869296283
ENSSSCG00000003439,66.2321265948517,93.4355552066623
ENSSSCG00000042897,0.482976129763138,0.52344848855273
ENSSSCG00000003442,2.09289656230693,0.972118621597927
ENSSSCG00000003521,0.515174538414014,0.224335066522599
ENSSSCG00000003401,54.7694931151399,86.3690006112004
ENSSSCG00000003105,53.7713424469627,42.0628249729872
ENSSSCG00000003402,92.5060280539664,131.385570626735
ENSSSCG00000003106,48.3298113849647,79.7885053265376
ENSSSCG00000003403,6.50407854747693,7.70217061727588
ENSSSCG00000003404,27.0788616753866,66.8144606459806
ENSSSCG00000003488,181.856612060147,352.168665262726
ENSSSCG00000003107,168.880653373844,206.687374622821
ENSSSCG00000003489,119.971270633164,120.430541544882
ENSSSCG00000003109,2.60807110072095,5.60837666306496
ENSSSCG00000003110,70.4501181281164,98.1839807813906
ENSSSCG00000003111,77.3405775794039,78.1807706831256
ENSSSCG00000022029,177.896207796089,275.146959089967
ENSSSCG00000034814,31.7476309297636,26.9202079827118
ENSSSCG00000003491,18.9648626953659,13.5348823468634
ENSSSCG00000003492,23.2150526372815,17.3859676555014
ENSSSCG00000061195,13.4589348160661,4.7858147524821
ENSSSCG00000003493,121.194810161897,244.749557576155
ENSSSCG00000056542,7.24464194644707,6.05704679611016
ENSSSCG00000003451,4.50777721112262,8.07606239481355
ENSSSCG00000020710,127.92427756993,284.531642706163
ENSSSCG00000042026,8.2749910232751,4.97276064125094
ENSSSCG00000038825,3.41303131699284,0.486059310798964
ENSSSCG00000032113,26.0163141899077,17.9841944995617
ENSSSCG00000028414,74.8613001132864,113.36398694942
ENSSSCG00000058942,38.0263206166844,29.1635586479378
ENSSSCG00000024669,83.7480609009282,2232.28346861087
ENSSSCG00000053881,0.354182495159635,0.224335066522599
ENSSSCG00000037676,15.2620457005152,8.33778663908991
ENSSSCG00000027489,21.3153465268798,34.4728218889726
ENSSSCG00000021026,20.0274101808448,27.4436564712646
ENSSSCG00000031793,14.1351013977345,4.5614796859595
ENSSSCG00000003455,66.9726899938218,34.098930111435
ENSSSCG00000008849,1.48112679794029,0.598226844060263
ENSSSCG00000024197,52.2258188317207,47.9329258803286
ENSSSCG00000027741,25.8231237380025,24.3777438954557
ENSSSCG00000032978,5.18394379279102,6.54310610690912
ENSSSCG00000034540,7.85641171081371,8.67428923887381
ENSSSCG00000045482,17.5803311233782,19.2928157209435
ENSSSCG00000040433,8.01740375406809,11.0671966151149
ENSSSCG00000056580,3.92820585540686,3.85108530863794
ENSSSCG00000003514,726.524892798363,724.377929801471
ENSSSCG00000046422,12.8793634603504,14.5070009684614
ENSSSCG00000003165,1183.5491051889,1095.35335147434
ENSSSCG00000003187,270.627624710612,323.752890169864
ENSSSCG00000024823,117.62078680165,120.094038945098
ENSSSCG00000029154,35.4182495159635,45.8391319261176
ENSSSCG00000003161,17.9989104358396,20.7136044755866
ENSSSCG00000032668,33.7761306747688,42.9227760613239
ENSSSCG00000003183,26.0163141899077,32.6407521790381
ENSSSCG00000038807,78.9826964205985,164.138490339035
ENSSSCG00000003178,81.8483547905265,78.1807706831256
ENSSSCG00000003177,11.1728478018539,7.92650568379848
ENSSSCG00000003189,149.62600500062,186.048548502742
ENSSSCG00000024872,45.0133752939245,6.1318251516177
ENSSSCG00000003191,0.708364990319269,0.0747783555075329
ENSSSCG00000003199,131.723689790733,237.720392158447
ENSSSCG00000003198,14.1029029890836,10.0202996380094
ENSSSCG00000003197,105.12780424511,141.480648620252
ENSSSCG00000003196,47.5248511686928,74.4792420855027
ENSSSCG00000003195,170.265184945832,152.136564280076
ENSSSCG00000030015,33.1321625017513,32.9024764233145
ENSSSCG00000003520,270.305640624103,389.632621372
ENSSSCG00000021259,63.6562539027816,184.552981392591
ENSSSCG00000003506,52.129223605768,105.773983865405
ENSSSCG00000003505,264.799712744803,261.761633454119
ENSSSCG00000003508,25.4689412428428,5.98226844060263
ENSSSCG00000003509,4.86195970628226,9.98291046025564
ENSSSCG00000003194,29.6869327761076,43.5583920831379
ENSSSCG00000003511,158.222980110404,167.727851403396
ENSSSCG00000003193,57.5063578504643,89.3601348315018
ENSSSCG00000003512,148.627854332443,127.235371896067
ENSSSCG00000003192,1.83530929309993,1.49556711015066
ENSSSCG00000040333,31.5866388865092,37.5761236425353
ENSSSCG00000003201,13.1691491382082,19.1432590099284
ENSSSCG00000003204,37.3823524436669,48.1946501246049
ENSSSCG00000037710,48.5552002455208,35.4075513328168
ENSSSCG00000003207,1.28793634603504,0.299113422030131
ENSSSCG00000003513,406.311718765403,660.928495153329
ENSSSCG00000032607,124.189262166428,862.904833379175
ENSSSCG00000024009,24.3419969400622,26.4715378496666
ENSSSCG00000028045,37.9619237993827,82.8544179023464
ENSSSCG00000054068,0.321984086508759,0.186945888768832
ENSSSCG00000003460,26.5958855456235,33.1642006675908
ENSSSCG00000003464,32.0696150162724,40.6794253960979
ENSSSCG00000003461,68.2928247485077,89.322745653748
ENSSSCG00000003468,133.880983170342,274.137451290615
ENSSSCG00000032950,1.25573793738416,4.86059310798964
ENSSSCG00000003466,4.08919789866124,2.39290737624105
ENSSSCG00000003465,81.4297754780651,58.4766740068907
ENSSSCG00000026103,75.5696651036057,80.5736780593667
ENSSSCG00000003072,18.9648626953659,14.7687252127377
ENSSSCG00000003071,2.02849974500518,1.75729135442702
ENSSSCG00000041935,1.89970611040168,1.42078875464312
ENSSSCG00000003070,25.8553221466533,20.4144910535565
ENSSSCG00000038289,8.37158624922773,8.74906759438134
ENSSSCG00000026345,0.611769764366642,0.598226844060263
ENSSSCG00000003076,1.9963013363543,1.34601039913559
ENSSSCG00000003470,8.4037846578786,4.37453379719067
ENSSSCG00000033420,11.2050462105048,14.731336034984
ENSSSCG00000003471,17.7735215752835,30.8460716468573
ENSSSCG00000022434,7.01925308589094,6.16921432937146
ENSSSCG00000003472,71.609260839548,17.6476918997778
ENSSSCG00000003077,9.85271304716802,6.73005199567796
ENSSSCG00000003473,17.8379183925852,8.63690006112004
ENSSSCG00000024794,57.9571355715766,54.4386428094839
ENSSSCG00000031083,105.385391514317,133.81586718073
ENSSSCG00000026699,14.3282918496398,9.45946197170291
ENSSSCG00000003477,71.7702528828023,91.4913179634664
ENSSSCG00000028218,3.31643609104022,6.28138186263276
ENSSSCG00000002866,11.8812127921732,10.244634704532
ENSSSCG00000051830,0.418579312461386,3.47719353110028
ENSSSCG00000056787,12.203196878682,20.489269409064
ENSSSCG00000056727,1.77091247579817,0.224335066522599
ENSSSCG00000003478,28.6887821079304,17.9841944995617
ENSSSCG00000042479,0.54737294706489,10.5437481265621
ENSSSCG00000059704,0.676166581668393,1.60773464341196
ENSSSCG00000058506,0.772761807621021,0.373891777537664
ENSSSCG00000041536,3.79941222080335,1.49556711015066
ENSSSCG00000051061,0.450777721112262,0.112167533261299
ENSSSCG00000061869,2.54367428341919,1.38339957688936
ENSSSCG00000003479,29.7191311847584,8.26300828358238
ENSSSCG00000056296,0.515174538414014,0.149556711015066
ENSSSCG00000033874,0.450777721112262,0.261724244276365
ENSSSCG00000052221,1.03034907682803,0.299113422030131
ENSSSCG00000062555,1.35233316333679,0.747783555075329
ENSSSCG00000062267,3.54182495159635,0.747783555075329
ENSSSCG00000046766,3.05884882183321,0.635616021814029
ENSSSCG00000061606,0.579571355715766,0.186945888768832
ENSSSCG00000058818,2.57587269207007,0.859951088336628
ENSSSCG00000054213,0.482976129763138,0.224335066522599
ENSSSCG00000055222,1.44892838928941,2.24335066522599
ENSSSCG00000023732,15.3908393351187,2.72940997602495
ENSSSCG00000030706,4.05699949001036,6.69266281792419
ENSSSCG00000034697,23.4726399064885,24.3777438954557
ENSSSCG00000052004,3.63842017754897,0.785172732829095
ENSSSCG00000059184,5.63472151390328,4.4493121526982
ENSSSCG00000057647,3.41303131699284,3.25285846457768
ENSSSCG00000050176,25.7587269207007,20.003210098265
ENSSSCG00000051473,0.740563398970145,0.373891777537664
ENSSSCG00000055043,0.193190451905255,0.52344848855273
ENSSSCG00000050609,0.804960216271897,0.373891777537664
ENSSSCG00000049405,0.740563398970145,0.0747783555075329
ENSSSCG00000062243,6.95485626858919,0.747783555075329
ENSSSCG00000052290,0.708364990319269,1.42078875464312
ENSSSCG00000003458,82.4601245548931,127.16059354056
ENSSSCG00000003080,0.515174538414014,0.0747783555075329
ENSSSCG00000003079,14.263895032338,37.0900643317363
ENSSSCG00000003078,3.83161062945423,2.16857230971845
ENSSSCG00000003081,7.79201489351196,0.635616021814029
ENSSSCG00000027426,34.6132892996916,40.0811985520376
ENSSSCG00000003083,6.89045945128744,10.8428615485923
ENSSSCG00000020657,190.517983987233,308.311159757558
ENSSSCG00000003090,117.395397941093,199.73298756062
ENSSSCG00000003089,35.1606622467565,44.7548457712584
ENSSSCG00000003088,253.530269716997,256.639316101853
ENSSSCG00000038264,0.354182495159635,0.373891777537664
ENSSSCG00000033849,3.09104723048408,4.82320393023587
ENSSSCG00000025568,123.255508315553,85.4342711673563
ENSSSCG00000038579,13.5233316333679,27.6679915377872
ENSSSCG00000003172,0.482976129763138,0.112167533261299
ENSSSCG00000003169,23.343846271885,29.5374504254755
ENSSSCG00000003168,50.068525452112,44.7548457712584
ENSSSCG00000052671,1080.93277681855,911.922045414363
ENSSSCG00000050878,2.44707905746657,1.79468053218079
ENSSSCG00000055498,16.5499820465502,9.30990526068784
ENSSSCG00000051668,3.79941222080335,3.62675024211534
ENSSSCG00000042051,0.708364990319269,0.52344848855273
ENSSSCG00000043030,1.60992043254379,1.04689697710546
ENSSSCG00000055378,3.54182495159635,4.37453379719067
ENSSSCG00000059736,3.96040426405773,1.42078875464312
ENSSSCG00000042769,3.89600744675598,1.12167533261299
ENSSSCG00000050739,3.44522972564372,4.11280955291431
ENSSSCG00000028483,1.25573793738416,0.972118621597927
ENSSSCG00000023143,1.7387140671473,1.60773464341196
ENSSSCG00000027829,1.12694430278066,0.859951088336628
ENSSSCG00000025540,1.12694430278066,0.635616021814029
ENSSSCG00000034448,22.1847035604535,17.4607460110089
ENSSSCG00000002684,125.541595329765,991.934885807423
ENSSSCG00000034572,15.9704106908344,10.0950779935169
ENSSSCG00000038221,2.06069815365606,13.4227148136021
ENSSSCG00000035182,9.82051463851714,19.1432590099284
ENSSSCG00000002712,29.5581391415041,140.508529998654
ENSSSCG00000031462,74.7647048873338,93.8842253397075
ENSSSCG00000002714,34.1625115785793,52.6065730995494
ENSSSCG00000002718,1.7387140671473,1.34601039913559
ENSSSCG00000002716,10.7220700807417,7.77694897278342
ENSSSCG00000002715,32.3915991027811,38.099572131088
ENSSSCG00000002724,30.9748691221426,70.0673191105583
ENSSSCG00000002720,2.89785677857883,12.5627637252655
ENSSSCG00000002719,12.3319905132855,13.6470498801247
ENSSSCG00000037473,1.32013475468591,1.86945888768832
ENSSSCG00000061257,33.8083290834197,39.370804174716
ENSSSCG00000025425,60.0178337252326,69.7682056885282
ENSSSCG00000027973,39.9904235443878,76.0869767289147
ENSSSCG00000025323,175.964303277037,290.66346785778
ENSSSCG00000040629,4.21799153326474,9.16034854967277
ENSSSCG00000040037,35.6436383765196,54.9620912980366
ENSSSCG00000002729,42.6306930537597,61.7295324714684
ENSSSCG00000002722,25.7909253293516,43.0349435945852
ENSSSCG00000060523,25.4689412428428,40.7542037516054
ENSSSCG00000023280,1.41672998063854,1.79468053218079
ENSSSCG00000025975,2.96225359588058,0.747783555075329
ENSSSCG00000025928,478.242963691459,445.192939514097
ENSSSCG00000030425,86.7425129054596,260.266066343968
ENSSSCG00000003148,17.8701168012361,18.3954754548531
ENSSSCG00000040556,3.79941222080335,5.94487926284886
ENSSSCG00000003147,4.99075334088576,9.42207279394914
ENSSSCG00000003146,6.89045945128744,1.79468053218079
ENSSSCG00000003145,27.4330441705462,625.333997931744
ENSSSCG00000003143,5.79571355715766,6.09443597386393
ENSSSCG00000029151,83.7480609009282,80.0502295708139
ENSSSCG00000003142,5.28053901874364,2.65463162051742
ENSSSCG00000038580,74.3461255748724,104.988811132576
ENSSSCG00000003140,8.24279261462422,11.5532559259138
ENSSSCG00000003139,112.275850965604,180.627117728446
ENSSSCG00000003137,15.3264425178169,15.3295628790442
ENSSSCG00000003155,50.4549063559225,58.8131766066746
ENSSSCG00000003149,4.05699949001036,1.45817793239689
ENSSSCG00000003150,240.200128535534,328.650872455607
ENSSSCG00000003153,1891.94629391682,3063.81878185464
ENSSSCG00000003154,38.5736935637493,92.837328362602
ENSSSCG00000003152,97.4001861688995,103.231519778149
ENSSSCG00000044760,28.3345996127708,8.82384594988888
ENSSSCG00000003160,5.3449358360454,11.6654234591751
ENSSSCG00000003159,0.54737294706489,0.52344848855273
ENSSSCG00000023792,295.001820059325,192.404708720882
ENSSSCG00000003157,3.25203927373846,5.3466524187886
ENSSSCG00000022324,44.1440182603508,20.975328719863
ENSSSCG00000003156,8.46818147518036,9.53424032721044
ENSSSCG00000022672,38.7346856070037,73.6566801749199
ENSSSCG00000003144,21.9593146998973,36.0057781768771
ENSSSCG00000003412,47.5248511686928,53.8404159654237
ENSSSCG00000003413,84.1344418047387,120.206206478359
ENSSSCG00000003414,0.676166581668393,0
ENSSSCG00000037325,18.8682674694133,28.2662183818474
ENSSSCG00000003417,36.1588129149336,347.008958732706
ENSSSCG00000025667,2.60807110072095,7.66478143952212
ENSSSCG00000003421,36.1588129149336,30.6217365803347
ENSSSCG00000062839,17.2261486282186,16.8625191669487
ENSSSCG00000003423,4.57217402842437,1.83206970993455
ENSSSCG00000022401,66.1033329602482,93.2112201401397
ENSSSCG00000003428,162.376574826367,246.544238108336
ENSSSCG00000003429,61.5955557491256,71.3385511541863
ENSSSCG00000003432,80.5282200358406,123.832956720474
ENSSSCG00000003433,70.8686974405778,109.550290818536
ENSSSCG00000003434,57.2165721726064,94.6693980725366
ENSSSCG00000003435,32.1018134249233,29.7991746697518
ENSSSCG00000057215,7.30903876374882,2.80418833153248
ENSSSCG00000022208,56.4438103649854,61.467808227192
ENSSSCG00000045223,0.708364990319269,0.785172732829095
ENSSSCG00000036909,47.2672638994858,37.5761236425353
ENSSSCG00000034096,36.4807970014424,42.1749925062485
ENSSSCG00000046815,0.482976129763138,0.299113422030131
ENSSSCG00000039770,5.08734856683839,90.93048029716
ENSSSCG00000034727,32.8745752325443,20.1527668092801
ENSSSCG00000026793,72.1888321952637,82.2935802360399
ENSSSCG00000039267,68.2928247485077,137.330449889584
ENSSSCG00000036620,21.8627194739447,28.5653318038776
ENSSSCG00000059847,6.43968173017518,12.001926058959
ENSSSCG00000029430,24.5351873919674,45.8391319261176
ENSSSCG00000034778,0.9337538508754,0
ENSSSCG00000034059,17.6769263493309,21.3118313196469
ENSSSCG00000026449,165.338828422248,182.122684838596
ENSSSCG00000035849,695.839809354079,1618.01666729424
ENSSSCG00000003940,29.3971470982497,137.031336467554
ENSSSCG00000003941,112.372446191557,122.786059743369
ENSSSCG00000003943,19.963013363543,21.3492204974006
ENSSSCG00000052567,1.25573793738416,2.95374504254755
ENSSSCG00000035238,40.6343917174054,105.848762220913
ENSSSCG00000003949,24.5995842092692,12.5253745475118
ENSSSCG00000030906,0.998150668177152,2.01901559870339
ENSSSCG00000003950,74.7969032959847,62.1408134267598
ENSSSCG00000056591,2.96225359588058,2.46768573174858
ENSSSCG00000041987,5.37713424469627,4.26236626392937
ENSSSCG00000003951,42.6306930537597,60.0470194725489
ENSSSCG00000024697,39.3786537800212,74.0305719524575
ENSSSCG00000061946,66.8760947678692,68.8708654224378
ENSSSCG00000003112,5.89230878311029,3.77630695313041
ENSSSCG00000024240,83.6192672663247,99.9412721358177
ENSSSCG00000056729,16.7109740898046,5.87010090734133
ENSSSCG00000003113,8.30718943192598,2.87896668704001
ENSSSCG00000003114,68.486015200413,45.3904617930724
ENSSSCG00000003115,18.7716722434606,16.2269031451346
ENSSSCG00000029567,0.901555442224525,1.30862122138182
ENSSSCG00000003121,30.3952977664268,21.5361663861695
ENSSSCG00000003120,64.8153966142131,131.198624737966
ENSSSCG00000022302,26.3704966850673,33.9867625781737
ENSSSCG00000028802,1.48112679794029,0.0747783555075329
ENSSSCG00000029785,570.137221981059,758.476859912906
ENSSSCG00000003268,36.2232097322354,89.6218590757781
ENSSSCG00000003267,51.1954697548926,180.739285261707
ENSSSCG00000003266,101.167399981052,294.327607277649
ENSSSCG00000003265,3.6062217688981,10.0202996380094
ENSSSCG00000003264,92.087448741505,127.833598740127
ENSSSCG00000003263,58.1825244321327,94.3328954727527
ENSSSCG00000003262,13.491133224717,22.5082850077674
ENSSSCG00000003261,21.0577592576728,37.6509019980428
ENSSSCG00000033542,1.89970611040168,0.448670133045197
ENSSSCG00000003257,8.37158624922773,3.62675024211534
ENSSSCG00000003255,0.418579312461386,0.149556711015066
ENSSSCG00000025532,0.9337538508754,3.17808010907015
ENSSSCG00000003256,96.2732418661189,19.8162642094962
ENSSSCG00000003253,101.553780884863,204.369245602087
ENSSSCG00000003259,0.708364990319269,1.08428615485923
ENSSSCG00000024413,234.243422935122,442.239194471549
ENSSSCG00000042257,0.579571355715766,0.486059310798964
ENSSSCG00000055840,6.21429286961904,4.48670133045197
ENSSSCG00000043562,29.6225359588058,23.7795170513954
ENSSSCG00000054038,4.50777721112262,5.2344848855273
ENSSSCG00000054995,7.66322125890846,6.54310610690912
ENSSSCG00000031883,1.41672998063854,1.71990217667326
ENSSSCG00000040419,0.193190451905255,0.411280955291431
ENSSSCG00000003241,4.05699949001036,2.76679915377872
ENSSSCG00000036656,24.374195348713,13.0862122138182
ENSSSCG00000032585,37.1891619917616,33.1642006675908
ENSSSCG00000032969,39.70063786653,18.0589728550692
ENSSSCG00000038927,7.66322125890846,5.60837666306496
ENSSSCG00000046897,7.11584831184357,5.5709874853112
ENSSSCG00000038712,8.82236397033999,7.88911650604472
ENSSSCG00000003240,3.79941222080335,3.55197188660781
ENSSSCG00000003239,1.67431724984555,1.83206970993455
ENSSSCG00000003238,4.5399756197735,2.95374504254755
ENSSSCG00000058009,1.32013475468591,1.60773464341196
ENSSSCG00000003236,1.51332520659117,1.27123204362806
ENSSSCG00000018357,1.12694430278066,1.38339957688936
ENSSSCG00000059123,6.82606263398569,6.61788446241666
ENSSSCG00000003234,1.51332520659117,1.04689697710546
ENSSSCG00000003233,12.4929825565398,12.4505961920042
ENSSSCG00000063148,0.128793634603504,7.77694897278342
ENSSSCG00000031916,0.965952259526276,29.9861205585207
ENSSSCG00000022906,13.9097125371784,79.1902784824773
ENSSSCG00000039649,0.193190451905255,0.52344848855273
ENSSSCG00000003231,6.98705467724007,5.87010090734133
ENSSSCG00000003230,0.0321984086508759,0.934729443844161
ENSSSCG00000003229,27.6584330311024,120.01926058959
ENSSSCG00000003228,2.38268224016482,5.75793337408003
ENSSSCG00000034920,0.354182495159635,0.224335066522599
ENSSSCG00000059609,0.9337538508754,0.373891777537664
ENSSSCG00000061993,0.128793634603504,1.12167533261299
ENSSSCG00000003272,0.804960216271897,0.149556711015066
ENSSSCG00000039922,24.9859651130797,25.8359218278526
ENSSSCG00000003269,9.46633214335751,16.97468670021
ENSSSCG00000030857,321.758697648203,173.261449710954
ENSSSCG00000003271,3.44522972564372,2.01901559870339
ENSSSCG00000034284,10.0459034990733,6.61788446241666
ENSSSCG00000059775,8.08180057136985,1.00950779935169
ENSSSCG00000037426,0.354182495159635,0.299113422030131
ENSSSCG00000022675,0.643968173017518,0.710394377321562
ENSSSCG00000003278,2.54367428341919,2.84157750928625
ENSSSCG00000026365,0.354182495159635,0.710394377321562
ENSSSCG00000038287,18.4496881569519,16.9372975224562
ENSSSCG00000026417,6.79386422533481,15.7408438343357
ENSSSCG00000027189,52.3224140576733,84.4995417235121
ENSSSCG00000025353,0.643968173017518,1.04689697710546
ENSSSCG00000043687,32.7457815979408,13.3479364580946
ENSSSCG00000042884,89.0607983283227,34.098930111435
ENSSSCG00000021843,18.7394738348098,17.1616325889788
ENSSSCG00000003302,1.7387140671473,0.598226844060263
ENSSSCG00000003301,91.1858932992805,146.490798439257
ENSSSCG00000003288,38.6058919724002,51.8961787222278
ENSSSCG00000032656,9.94930827312065,6.0196576183564
ENSSSCG00000057251,1.38453157198766,0.934729443844161
ENSSSCG00000035829,19.5766324597325,19.8162642094962
ENSSSCG00000035612,0.450777721112262,0.299113422030131
ENSSSCG00000040725,0.354182495159635,0.448670133045197
ENSSSCG00000052569,0.772761807621021,0.486059310798964
ENSSSCG00000035417,9.53072896065926,35.6318863993394
ENSSSCG00000039460,515.174538414014,493.686703060732
ENSSSCG00000035344,23.1184574113289,43.9322838606756
ENSSSCG00000051380,0.708364990319269,0.149556711015066
ENSSSCG00000035924,0.869357033573649,1.68251299891949
ENSSSCG00000003289,30.2021073145216,38.2865180198568
ENSSSCG00000025343,14.0385061717819,28.1166616708324
ENSSSCG00000058832,4.47557880247175,4.97276064125094
ENSSSCG00000037450,24.8249730698253,34.9214920220178
ENSSSCG00000033532,2.18949178825956,1.60773464341196
ENSSSCG00000060467,0.418579312461386,0.785172732829095
ENSSSCG00000025138,15.9382122821836,30.4721798693196
ENSSSCG00000061310,23.1184574113289,43.9696730384293
ENSSSCG00000024661,25.4045444255411,41.1280955291431
ENSSSCG00000029156,20.4781879019571,48.3068176578662
ENSSSCG00000037024,16.3245931859941,20.1527668092801
ENSSSCG00000031349,21.7339258393412,38.5108530863794
ENSSSCG00000040721,5.4737294706489,6.0196576183564
ENSSSCG00000035081,19.2224499645729,30.0235097362744
ENSSSCG00000034815,252.016944510405,318.630572817598
ENSSSCG00000039670,131.627094564781,364.095812966177
ENSSSCG00000003590,57.0877785380029,40.1559769075451
ENSSSCG00000022554,1.12694430278066,0.0747783555075329
ENSSSCG00000025034,105.288796288364,78.6294408161708
ENSSSCG00000003592,52.8053901874364,45.3904617930724
ENSSSCG00000003591,111.213303480125,147.500306238609
ENSSSCG00000032193,6.50407854747693,1.86945888768832
ENSSSCG00000003596,36.4807970014424,38.2865180198568
ENSSSCG00000031639,44.2728118949543,49.2415471017104
ENSSSCG00000036883,9.27314169145225,14.6191685017227
ENSSSCG00000023585,50.3583111299699,38.9969123971784
ENSSSCG00000003600,46.8164861783735,112.466646683329
ENSSSCG00000003601,0.965952259526276,0.934729443844161
ENSSSCG00000034810,70.289126084862,110.073739307088
ENSSSCG00000003603,269.693870859736,234.430144516115
ENSSSCG00000003604,19.447838825129,12.2636503032354
ENSSSCG00000003419,18.3208945223484,27.5184348267721
ENSSSCG00000042592,2.25388860556131,1.23384286587429
ENSSSCG00000059852,1.80311088444905,0.52344848855273
ENSSSCG00000040607,8.1461973886716,3.43980435334651
ENSSSCG00000039885,118.908723147685,143.275329152433
ENSSSCG00000023122,238.751200146245,172.92494711117
ENSSSCG00000032563,19.0292595126676,18.2833079215918
ENSSSCG00000034017,135.941681323998,200.405992760188
ENSSSCG00000003617,54.5119058459329,67.3005199567796
ENSSSCG00000031514,4.63657084572613,3.40241517559274
ENSSSCG00000003610,16.5821804552011,18.8441455878983
ENSSSCG00000022014,35.2572574727091,15.1800061680292
ENSSSCG00000037312,6.37528491287342,3.70152859762288
ENSSSCG00000003612,63.3664682249237,68.833476244684
ENSSSCG00000037566,9.98150668177152,4.5614796859595
ENSSSCG00000003616,5.37713424469627,9.04818101641148
ENSSSCG00000003613,107.70367693718,125.552858897148
ENSSSCG00000026392,91.314686933884,110.78413368441
ENSSSCG00000022120,1.70651565849642,1.90684806544209
ENSSSCG00000021457,5.11954697548926,4.48670133045197
ENSSSCG00000029799,42.1799153326474,37.2770102205051
ENSSSCG00000032543,0.901555442224525,0.673005199567796
ENSSSCG00000028423,307.977778745628,396.512230078693
ENSSSCG00000021232,3.12324563913496,32.1546928682391
ENSSSCG00000037621,114.111160258704,166.830511137306
ENSSSCG00000030369,75.8594507814636,150.19232703688
ENSSSCG00000022801,34.8708765688986,51.9709570777353
ENSSSCG00000025834,1.0625474854789,1.04689697710546
ENSSSCG00000026455,21.3475449355307,24.5646897842245
ENSSSCG00000003608,2.76906314397533,4.82320393023587
ENSSSCG00000025206,31.2968532086514,41.0907063513893
ENSSSCG00000032067,52.0648267884663,68.3848061116388
ENSSSCG00000003619,4.44338039382087,3.40241517559274
ENSSSCG00000003620,10.625474854789,14.6939468572302
ENSSSCG00000032078,55.2202708362521,59.3740142729811
ENSSSCG00000032224,0.804960216271897,0
ENSSSCG00000025344,154.262575846346,176.738643242054
ENSSSCG00000003621,10.883062123996,14.9930602792603
ENSSSCG00000002723,105.836169235429,256.340202679823
ENSSSCG00000063318,0.643968173017518,0.0747783555075329
ENSSSCG00000003713,34.6454877083424,19.6667074984811
ENSSSCG00000059661,0.804960216271897,0.149556711015066
ENSSSCG00000003715,23.086259002678,10.6559156598234
ENSSSCG00000021519,12.460784147889,11.5906451036676
ENSSSCG00000034414,40.8275821693106,55.3733722533281
ENSSSCG00000002820,33.7439322661179,35.370162155063
ENSSSCG00000002819,8.85456237899087,9.98291046025564
ENSSSCG00000002818,137.068625626779,225.681076921734
ENSSSCG00000029519,27.4330441705462,62.3277593155286
ENSSSCG00000025284,50.0041286348102,91.8278205632503
ENSSSCG00000025454,62.5937064173027,72.5350048423069
ENSSSCG00000029165,38.7990824243054,43.9322838606756
ENSSSCG00000024759,37.7687333474774,25.2003058060386
ENSSSCG00000003652,77.308379170753,55.2985938978205
ENSSSCG00000003653,60.3076194030905,87.079394988522
ENSSSCG00000034367,10.8186653066943,10.8428615485923
ENSSSCG00000036451,1.7387140671473,1.90684806544209
ENSSSCG00000032082,1.32013475468591,0.0747783555075329
ENSSSCG00000029705,0.643968173017518,0.411280955291431
ENSSSCG00000003660,145.697799145213,73.5819018194123
ENSSSCG00000038956,16.7109740898046,46.0634669926402
ENSSSCG00000003662,0.482976129763138,0
ENSSSCG00000021333,108.766224422659,151.052278125216
ENSSSCG00000026407,7.14804672049445,8.48734335010498
ENSSSCG00000032407,9.079951239547,7.70217061727588
ENSSSCG00000040981,10.4322844028838,2.76679915377872
ENSSSCG00000010706,85.0681956556141,131.946408293042
ENSSSCG00000022442,118.135961340064,191.806481876822
ENSSSCG00000046487,26.8856712234814,29.8739530252594
ENSSSCG00000028056,41.1495662558194,92.7251608293407
ENSSSCG00000030048,56.6691992255415,59.1122900287047
ENSSSCG00000020817,648.347156594037,499.631582323581
ENSSSCG00000023556,150.141179539034,210.463681575951
ENSSSCG00000026612,36.8671779052529,49.0919903906953
ENSSSCG00000002987,0.676166581668393,0.673005199567796
ENSSSCG00000024773,1.12694430278066,1.90684806544209
ENSSSCG00000027197,81.5907675213195,97.0623054487776
ENSSSCG00000030510,67.4878645322358,65.0197801137998
ENSSSCG00000039235,77.7591568918652,111.831030661515
ENSSSCG00000002988,12.6539745997942,4.93537146349717
ENSSSCG00000028036,23.0540605940271,28.340996737355
ENSSSCG00000002989,103.936463125027,162.829869117653
ENSSSCG00000027016,12.1066016527293,19.1432590099284
ENSSSCG00000025109,169.878804042021,188.740569301013
ENSSSCG00000021917,1.67431724984555,1.68251299891949
ENSSSCG00000038439,16.4211884119467,14.9182819237528
ENSSSCG00000026931,21.3153465268798,38.0247937755805
ENSSSCG00000025448,26.1451078245112,48.2694284801125
ENSSSCG00000021067,9.49853055200838,26.3219811386516
ENSSSCG00000037494,3.4774281342946,3.51458270885404
ENSSSCG00000033836,43.1136691835228,49.0546012129416
ENSSSCG00000033760,177.735215752835,291.934699901408
ENSSSCG00000023228,14.1994982150363,20.5640477645715
ENSSSCG00000055235,23.1184574113289,30.3974015138121
ENSSSCG00000003000,18.4496881569519,40.2307552630527
ENSSSCG00000040533,36.5129954100932,79.8632836820451
ENSSSCG00000002998,32.166210242225,29.4252828922142
ENSSSCG00000002997,1.15914271143153,0.411280955291431
ENSSSCG00000002996,24.2132033054587,31.36952013541
ENSSSCG00000002995,51.1954697548926,57.7288904518154
ENSSSCG00000027515,26.4992903196708,50.4380007898309
ENSSSCG00000026257,301.344906563547,639.055826167376
ENSSSCG00000038619,57.8283419369731,142.45276724185
ENSSSCG00000029558,8.69357033573649,10.4689697710546
ENSSSCG00000026386,112.565636643462,356.58058823767
ENSSSCG00000027684,0.998150668177152,2.91635586479378
ENSSSCG00000030660,22.5066876469622,21.6483339194308
ENSSSCG00000031074,13.748720493924,8.22561910582861
ENSSSCG00000045776,12.8471650516995,17.3111892999939
ENSSSCG00000059106,0.386380903810511,0.299113422030131
ENSSSCG00000028387,29.1073614203918,52.5317947440418
ENSSSCG00000026526,3.76721381215248,4.29975544168314
ENSSSCG00000026731,24.5351873919674,19.4049832542048
ENSSSCG00000033546,88.0304492514946,22.9569551408126
ENSSSCG00000057268,2.73686473532445,4.18758790842184
ENSSSCG00000033539,3.86380903810511,29.0513911146765
ENSSSCG00000040579,2.15729337960868,1.79468053218079
ENSSSCG00000003654,289.077312867564,495.817886192697
ENSSSCG00000038627,162.537566869621,195.508010474445
ENSSSCG00000002701,77.7591568918652,77.6573221945729
ENSSSCG00000046384,0.386380903810511,0.411280955291431
ENSSSCG00000003584,7.82421330216284,38.6604097973945
ENSSSCG00000003583,30.5562898096812,38.1369613088418
ENSSSCG00000030623,8.08180057136985,6.20660350712523
ENSSSCG00000003580,80.2062359493318,82.0692451695173
ENSSSCG00000031788,9.17654646549962,6.91699788444679
ENSSSCG00000038907,82.9109022760054,93.8468361619537
ENSSSCG00000027072,16.4855852292484,36.6413941986911
ENSSSCG00000029438,14.6180775274976,77.9938247943568
ENSSSCG00000044404,9.78831622986627,10.9550290818536
ENSSSCG00000003085,101.585979293513,203.135402736213
ENSSSCG00000038879,21.1865528922763,29.7243963142443
ENSSSCG00000040264,43.5000500873333,32.8650872455607
ENSSSCG00000033194,10.110300316375,10.9924182596073
ENSSSCG00000037056,69.8705467724007,149.070651704267
ENSSSCG00000035833,2.60807110072095,2.91635586479378
ENSSSCG00000035374,6.63287218208043,5.64576584081873
ENSSSCG00000035706,4.82976129763138,1.75729135442702
ENSSSCG00000040410,4.70096766302788,12.2636503032354
ENSSSCG00000022538,35.031868612153,76.2365334399297
ENSSSCG00000036132,0.257587269207007,2.01901559870339
ENSSSCG00000039864,5.6025231052524,7.29088966198445
ENSSSCG00000039929,38.2195110685897,33.0146439565758
ENSSSCG00000036542,36.1910113235845,35.5197188660781
ENSSSCG00000020754,13.7165220852731,16.7503516336874
ENSSSCG00000055289,15.6806250129766,15.1052278125216
ENSSSCG00000036870,5.86011037445941,2.84157750928625
ENSSSCG00000036317,110.537136898457,157.557995054372
ENSSSCG00000058475,12.718371417096,28.7148885148926
ENSSSCG00000037184,5.28053901874364,12.3758178364967
ENSSSCG00000038229,40.9563758039141,88.2384594988888
ENSSSCG00000021053,12.6539745997942,1.23384286587429
ENSSSCG00000033500,104.999010610506,105.736594687651
ENSSSCG00000032819,20.1562038154483,33.4259249118672
ENSSSCG00000038367,14.1994982150363,34.8841028442641
ENSSSCG00000035791,65.3305711526272,88.2384594988888
ENSSSCG00000038969,40.6665901260562,42.6984409948013
ENSSSCG00000038738,22.2812987864061,41.3898197734194
ENSSSCG00000040714,2.06069815365606,1.75729135442702
ENSSSCG00000003093,121.774381517613,159.913513252859
ENSSSCG00000003092,0.708364990319269,0.224335066522599
ENSSSCG00000038739,2.47927746611744,4.07542037516054
ENSSSCG00000035029,2.86565836992795,4.63625804146704
ENSSSCG00000003100,51.1632713462418,25.7985326500988
ENSSSCG00000038688,0.579571355715766,4.52409050820574
ENSSSCG00000003101,5.15174538414014,36.4170591321685
ENSSSCG00000003098,56.6691992255415,75.6756957736232
ENSSSCG00000003102,0.901555442224525,0.448670133045197
ENSSSCG00000033830,10.883062123996,7.02916541770809
ENSSSCG00000022545,150.817346120703,225.531520210719
ENSSSCG00000026602,1.7387140671473,1.53295628790442
ENSSSCG00000022280,16.0992043254379,17.6850810775315
ENSSSCG00000026152,85.5189733767263,125.665026430409
ENSSSCG00000003104,164.984645927088,202.051116581354
ENSSSCG00000003103,22.6998780988675,25.3498625170536
ENSSSCG00000047379,19.7698229116378,31.1077958911337
ENSSSCG00000031616,1.7387140671473,4.7858147524821
ENSSSCG00000058768,1.77091247579817,1.68251299891949
ENSSSCG00000057046,0.901555442224525,0.411280955291431
ENSSSCG00000057804,0.54737294706489,0.52344848855273
ENSSSCG00000053348,2.02849974500518,2.50507490950235
ENSSSCG00000003738,27.0466632667357,24.975970739516
ENSSSCG00000039052,21.1543544836255,10.9550290818536
ENSSSCG00000003741,28.1736075695164,14.9556711015066
ENSSSCG00000003740,10.4966812201855,6.20660350712523
ENSSSCG00000023276,35.2572574727091,38.2865180198568
ENSSSCG00000030018,11.3660382537592,4.74842557472834
ENSSSCG00000038859,13.23354595551,13.4974931691097
ENSSSCG00000003743,196.056110275183,363.460196944363
ENSSSCG00000002959,19.7376245029869,29.9487313807669
ENSSSCG00000002960,6.05330082636466,3.06591257580885
ENSSSCG00000058790,5.18394379279102,5.0101498190047
ENSSSCG00000002963,161.507217792793,161.184745296487
ENSSSCG00000002965,228.705296647171,553.397219933497
ENSSSCG00000002967,0.998150668177152,1.42078875464312
ENSSSCG00000024281,0.869357033573649,0.934729443844161
ENSSSCG00000061096,0.321984086508759,0.336502599783898
ENSSSCG00000022017,0.482976129763138,0.598226844060263
ENSSSCG00000028943,23.601433541092,46.100856170394
ENSSSCG00000035570,259.937753038521,272.940997602495
ENSSSCG00000022692,5.40933265334715,1.71990217667326
ENSSSCG00000026794,51.7106442933067,58.0653930515993
ENSSSCG00000026904,25.6299332860972,42.9227760613239
ENSSSCG00000047060,4.47557880247175,2.65463162051742
ENSSSCG00000002972,20.1884022240992,16.0773464341196
ENSSSCG00000031860,16.6787756811537,37.3891777537664
ENSSSCG00000038805,30.9104723048408,37.613512820289
ENSSSCG00000002962,9.53072896065926,3.85108530863794
ENSSSCG00000003673,93.3431866788892,148.023754727161
ENSSSCG00000021738,34.3557020304846,29.9861205585207
ENSSSCG00000031730,15.7450218302783,12.1140935922203
ENSSSCG00000027007,10.4966812201855,4.52409050820574
ENSSSCG00000039769,24.8571714784762,33.3137573786059
ENSSSCG00000036781,0.515174538414014,0.224335066522599
ENSSSCG00000038992,4.89415811493313,4.5614796859595
ENSSSCG00000060225,2.76906314397533,4.33714461943691
ENSSSCG00000024162,26.9500680407831,50.7745033896148
ENSSSCG00000028126,6.89045945128744,8.59951088336628
ENSSSCG00000022163,2.18949178825956,5.2344848855273
ENSSSCG00000047925,2.83345996127708,0.859951088336628
ENSSSCG00000022947,50.1329222694137,73.0958425086134
ENSSSCG00000053480,0.482976129763138,0.373891777537664
ENSSSCG00000003582,16.2601963686923,87.079394988522
ENSSSCG00000030682,37.1247651744599,40.978538818128
ENSSSCG00000003549,25.9841157812568,33.0894223120833
ENSSSCG00000023235,45.2709625631315,39.0343015749322
ENSSSCG00000003554,182.403985007212,186.048548502742
ENSSSCG00000003553,61.5311589318238,55.6350964976044
ENSSSCG00000003551,18.3208945223484,42.4741059282787
ENSSSCG00000033516,32.2628054681776,54.1395293874538
ENSSSCG00000003555,444.627825059945,457.793092417116
ENSSSCG00000003558,59.7924448646765,211.660135264072
ENSSSCG00000003559,217.500250436667,270.5107010485
ENSSSCG00000040007,40.7631853520089,53.2047999436096
ENSSSCG00000003561,48.5873986541717,32.977254778822
ENSSSCG00000062214,1.22353952873328,25.8733110056064
ENSSSCG00000053928,14.2960934409889,18.0589728550692
ENSSSCG00000003564,20.1884022240992,26.4715378496666
ENSSSCG00000003566,194.993562789704,223.475115434262
ENSSSCG00000003567,19.1258547386203,30.2852339805508
ENSSSCG00000027325,2.47927746611744,2.61724244276365
ENSSSCG00000036755,7.08364990319269,39.4455825302236
ENSSSCG00000003569,40.215812404944,65.9918987353977
ENSSSCG00000003570,116.558239316171,171.54154753428
ENSSSCG00000023636,42.9526771402684,75.7878633068845
ENSSSCG00000003572,12.975958686303,27.5558240045259
ENSSSCG00000003573,26.6602823629252,16.8625191669487
ENSSSCG00000056742,4.76536448032963,0.972118621597927
ENSSSCG00000003577,134.267364074152,182.907857571425
ENSSSCG00000047361,4.25018994191562,3.58936106436158
ENSSSCG00000047147,40.4412012655001,35.0710487330329
ENSSSCG00000042438,1.25573793738416,0.486059310798964
ENSSSCG00000003578,27.6584330311024,16.8251299891949
ENSSSCG00000034570,125.605992147067,321.247815260361
ENSSSCG00000027894,31.9408213816689,32.8650872455607
ENSSSCG00000024927,49.3923588704436,54.7003670537603
ENSSSCG00000021634,33.711733857467,36.6787833764449
ENSSSCG00000028973,50.5515015818751,44.2687864604595
ENSSSCG00000029097,31.7154325211127,30.2852339805508
ENSSSCG00000030284,23.343846271885,18.2085295660842
ENSSSCG00000046793,6.85826104263656,5.72054419632626
ENSSSCG00000030432,2.89785677857883,2.72940997602495
ENSSSCG00000027530,16.0348075081362,18.2085295660842
ENSSSCG00000038872,28.6887821079304,26.5837053829279
ENSSSCG00000047080,2.02849974500518,15.4043412345518
ENSSSCG00000003586,63.9460395806395,134.11498060276
ENSSSCG00000058017,10.9796573499487,43.8201163274143
ENSSSCG00000051929,172.229287873535,178.720269663004
ENSSSCG00000003589,31.2324563913496,21.8726689859534
ENSSSCG00000031380,280.931115478892,134.376704847037
ENSSSCG00000030420,366.482287264269,403.092725363356
ENSSSCG00000028530,2.96225359588058,13.4601039913559
ENSSSCG00000030513,48.2010177503612,30.247844802797
ENSSSCG00000043241,1.83530929309993,1.68251299891949
ENSSSCG00000035018,5.82791196580853,5.5709874853112
ENSSSCG00000030361,76.3424269112267,191.806481876822
ENSSSCG00000032903,4.02480108135948,8.52473252785875
ENSSSCG00000040944,105.417589922968,153.033904546166
ENSSSCG00000028706,0.54737294706489,0.373891777537664
ENSSSCG00000053045,0.676166581668393,0.934729443844161
ENSSSCG00000060855,2.51147587476832,0.972118621597927
ENSSSCG00000026626,75.3764746517004,126.038918207947
ENSSSCG00000027916,60.0822305425344,55.1490371868055
ENSSSCG00000027407,241.423668064267,892.479672982405
ENSSSCG00000003214,0.643968173017518,4.07542037516054
ENSSSCG00000003212,8.04960216271897,11.4410883926525
ENSSSCG00000003211,93.5685755394453,100.539498979878
ENSSSCG00000003216,26.209504641813,32.491195468023
ENSSSCG00000034211,0.128793634603504,0.52344848855273
ENSSSCG00000003218,4.28238835056649,1.71990217667326
ENSSSCG00000003219,1.32013475468591,3.25285846457768
ENSSSCG00000039372,100.233646130177,163.166371717437
ENSSSCG00000003217,24.6961794352218,22.2839499412448
ENSSSCG00000029960,3.76721381215248,7.17872212872315
ENSSSCG00000003222,10.625474854789,8.97340266090394
ENSSSCG00000037098,3.4774281342946,6.50571692915536
ENSSSCG00000062536,0.579571355715766,1.08428615485923
ENSSSCG00000036814,11.0118557585996,6.16921432937146
ENSSSCG00000024736,10.9152605326469,17.4233568332552
ENSSSCG00000038283,0.740563398970145,5.2344848855273
ENSSSCG00000032280,0.225388860556131,0.785172732829095
ENSSSCG00000040236,3.57402336024722,5.04753899675847
ENSSSCG00000060070,3.41303131699284,1.49556711015066
ENSSSCG00000037466,4.50777721112262,1.68251299891949
ENSSSCG00000055583,17.8701168012361,11.2167533261299
ENSSSCG00000045200,58.5689053359432,51.22317352266
ENSSSCG00000055391,1.09474589412978,1.45817793239689
ENSSSCG00000058538,0.354182495159635,0.411280955291431
ENSSSCG00000046995,0.193190451905255,0.52344848855273
ENSSSCG00000002872,71.8024512914532,97.6605322928379
ENSSSCG00000002873,175.513525555924,304.347906915659
ENSSSCG00000002875,3.57402336024722,3.81369613088418
ENSSSCG00000031169,90.4453299003103,85.9203304781553
ENSSSCG00000039166,14.4248870755924,15.2173953457829
ENSSSCG00000055296,1.60992043254379,0.859951088336628
ENSSSCG00000035876,7.43783239835233,9.23512690518031
ENSSSCG00000002877,25.5333380601446,16.6755732781798
ENSSSCG00000036886,8.24279261462422,17.2738001222401
ENSSSCG00000055443,1.38453157198766,1.38339957688936
ENSSSCG00000002879,37.1247651744599,60.4209112500865
ENSSSCG00000023267,5.69911833120503,6.20660350712523
ENSSSCG00000021867,43.4356532700316,42.3619383950174
ENSSSCG00000024666,9.72391941256451,40.6046470405903
ENSSSCG00000025126,8.98335601359437,10.6185264820697
ENSSSCG00000021374,20.6713783538623,20.6762152978328
ENSSSCG00000025499,22.8930685507727,16.6755732781798
ENSSSCG00000027989,0.225388860556131,0.598226844060263
ENSSSCG00000002884,77.5337680313091,136.021828668202
ENSSSCG00000002885,97.528979803503,144.583950373815
ENSSSCG00000002887,0.611769764366642,1.53295628790442
ENSSSCG00000002893,1.93190451905255,1.75729135442702
ENSSSCG00000041481,0.579571355715766,0.411280955291431
ENSSSCG00000033702,5.37713424469627,4.18758790842184
ENSSSCG00000002888,4.18579312461386,2.65463162051742
ENSSSCG00000040012,52.3224140576733,67.3752983122871
ENSSSCG00000002902,4.89415811493313,5.08492817451223
ENSSSCG00000041083,1.89970611040168,0.897340266090394
ENSSSCG00000002904,44.0152246257473,31.3321309576563
ENSSSCG00000002905,74.4749192094759,123.272119054168
ENSSSCG00000002906,2.35048383151394,1.98162642094962
ENSSSCG00000002907,79.9164502714739,118.598471834947
ENSSSCG00000002901,0.482976129763138,0.224335066522599
ENSSSCG00000057394,5.86011037445941,2.57985326500988
ENSSSCG00000058519,2.02849974500518,0.710394377321562
ENSSSCG00000027280,1.48112679794029,0.710394377321562
ENSSSCG00000030477,1.89970611040168,0.747783555075329
ENSSSCG00000023086,0.676166581668393,0.411280955291431
ENSSSCG00000028807,1.12694430278066,1.42078875464312
ENSSSCG00000027686,75.7628555555109,73.5819018194123
ENSSSCG00000041817,0.257587269207007,0.747783555075329
ENSSSCG00000049921,0.386380903810511,0.149556711015066
ENSSSCG00000059879,44.1440182603508,146.042128306212
ENSSSCG00000040559,23.7624255843464,25.125527450531
ENSSSCG00000021745,0.740563398970145,0.635616021814029
ENSSSCG00000060526,18.6428786088571,8.82384594988888
ENSSSCG00000039678,1.09474589412978,1.98162642094962
ENSSSCG00000027374,37.9941222080335,46.1756345259015
ENSSSCG00000023920,96.6596227699294,82.8918070801002
ENSSSCG00000028485,365.806120682601,314.442984909176
ENSSSCG00000003964,34.1303131699284,24.5646897842245
ENSSSCG00000003965,42.1799153326474,15.4417304123055
ENSSSCG00000058636,29.2361550549953,32.7903088900532
ENSSSCG00000003967,4.73316607167875,1.68251299891949
ENSSSCG00000055268,0.450777721112262,0.747783555075329
ENSSSCG00000023266,82.2025372856861,89.322745653748
ENSSSCG00000044385,0.643968173017518,0.299113422030131
ENSSSCG00000023371,80.2706327666336,171.205044934496
ENSSSCG00000022774,122.192960830074,150.49144045891
ENSSSCG00000034313,42.0511216980439,30.4347906915659
ENSSSCG00000033207,3.86380903810511,80.5362888816129
ENSSSCG00000058863,0.772761807621021,1.98162642094962
ENSSSCG00000003123,0.482976129763138,0.0373891777537664
ENSSSCG00000003128,44.0796214430491,37.9126262423192
ENSSSCG00000003129,6.14989605231729,8.86123512764264
ENSSSCG00000032098,3.70281699485073,2.57985326500988
ENSSSCG00000020988,13.0725539122556,5.6831550185725
ENSSSCG00000026689,148.273671837283,22.9569551408126
ENSSSCG00000023377,26.2417030504638,22.8447876075513
ENSSSCG00000030544,4.73316607167875,8.03867321705978
ENSSSCG00000003132,149.497211366017,209.229838710077
ENSSSCG00000003133,1.70651565849642,1.23384286587429
ENSSSCG00000003134,27.7872266657059,47.1851423252532
ENSSSCG00000003135,6.24649127826992,2.76679915377872
ENSSSCG00000003136,111.116708254173,117.775909924364
ENSSSCG00000030561,1.35233316333679,1.75729135442702
ENSSSCG00000033167,37.1569635831108,41.0159279958818
ENSSSCG00000002763,57.9893339802275,89.2105781204867
ENSSSCG00000002764,6.60067377342955,25.0507490950235
ENSSSCG00000025953,39.1210665108142,53.0926324103483
ENSSSCG00000034521,99.0423050100942,61.3930298716845
ENSSSCG00000034192,3.4774281342946,12.001926058959
ENSSSCG00000034721,0.0643968173017518,0.710394377321562
ENSSSCG00000002825,9.91710986446977,21.0874962531243
ENSSSCG00000002827,0.708364990319269,18.8441455878983
ENSSSCG00000002828,15.7772202389292,57.9158363405842
ENSSSCG00000002829,1029.99489433287,1246.25607288854
ENSSSCG00000002822,136.39245904511,249.871874928421
ENSSSCG00000061692,0.128793634603504,0.448670133045197
ENSSSCG00000051585,6.21429286961904,4.97276064125094
ENSSSCG00000023162,3.41303131699284,5.27187406328107
ENSSSCG00000025652,747.808040916592,568.988507056818
ENSSSCG00000003037,38.4770983377967,59.710516872765
ENSSSCG00000003038,58.2469212494345,58.1775605848606
ENSSSCG00000003046,140.674847395677,157.782330120894
ENSSSCG00000003049,0.643968173017518,1.23384286587429
ENSSSCG00000003040,95.4360832411961,88.8740755207028
ENSSSCG00000033684,1.57772202389292,2.16857230971845
ENSSSCG00000003042,907.25456055573,738.099758037103
ENSSSCG00000003044,1.09474589412978,0.972118621597927
ENSSSCG00000003048,5.86011037445941,0.373891777537664
ENSSSCG00000037422,0.579571355715766,0.224335066522599
ENSSSCG00000003062,0.965952259526276,1.57034546565819
ENSSSCG00000003063,21.6051322047377,31.3321309576563
ENSSSCG00000003064,19.8342197289395,31.36952013541
ENSSSCG00000003054,8.37158624922773,8.52473252785875
ENSSSCG00000003055,62.8512936865097,49.2789362794641
ENSSSCG00000030637,55.7998421919679,76.7973711062362
ENSSSCG00000036291,4.41118198517,2.13118313196469
ENSSSCG00000003059,19.5122356424308,19.4797616097123
ENSSSCG00000059115,0.193190451905255,0.411280955291431
ENSSSCG00000003061,29.8479248193619,15.0304494570141
ENSSSCG00000032434,16.8397677244081,3.88847448639171
ENSSSCG00000055225,0.128793634603504,0.448670133045197
ENSSSCG00000049211,0.482976129763138,0.373891777537664
ENSSSCG00000003068,27.6906314397533,44.9044024822735
ENSSSCG00000003069,0.0643968173017518,0.934729443844161
ENSSSCG00000035772,151.429115885069,165.970560048969
ENSSSCG00000033191,0.450777721112262,1.12167533261299
ENSSSCG00000044206,6.79386422533481,5.98226844060263
ENSSSCG00000038053,81.4941722953669,114.26132721551
ENSSSCG00000035857,0.128793634603504,0.598226844060263
ENSSSCG00000031837,10.0781019077242,2.95374504254755
ENSSSCG00000054497,0.708364990319269,0.0747783555075329
ENSSSCG00000038151,95.6936705104031,107.232161797802
ENSSSCG00000032632,67.1658804457271,205.976980245499
ENSSSCG00000036210,122.901325820393,132.656802670363
ENSSSCG00000063594,4.5399756197735,2.31812902073352
ENSSSCG00000035639,25.6621316947481,14.9182819237528
ENSSSCG00000036067,30.2665041318233,50.2136657233083
ENSSSCG00000022721,2.41488064881569,7.51522472850705
ENSSSCG00000036060,4.76536448032963,8.44995417235121
ENSSSCG00000033027,24.0522112622043,31.7060227351939
ENSSSCG00000024476,9.04775283089612,615.500644182503
ENSSSCG00000059433,0.193190451905255,24.2281871844406
ENSSSCG00000033811,89.5437744580858,168.176521536441
ENSSSCG00000040749,29.5903375501549,53.7282484321624
ENSSSCG00000040139,30.4274961750777,30.247844802797
ENSSSCG00000036321,52.8697870047382,78.7789975271859
ENSSSCG00000002793,4.41118198517,8.59951088336628
ENSSSCG00000040125,27.2720521272919,27.8923266043098
ENSSSCG00000032443,18.3208945223484,14.1331091909237
ENSSSCG00000002788,14.3282918496398,8.11345157256731
ENSSSCG00000002787,50.6158983991769,60.6452463166091
ENSSSCG00000002786,91.2180917079314,120.580098255897
ENSSSCG00000031199,7.4700308070032,4.33714461943691
ENSSSCG00000002790,28.0770123435638,27.5932131822796
ENSSSCG00000026116,47.0740734475805,53.0926324103483
ENSSSCG00000002783,9.337538508754,4.29975544168314
ENSSSCG00000003989,31.3612500259531,17.9841944995617
ENSSSCG00000042594,0.901555442224525,1.12167533261299
ENSSSCG00000047003,11.5592287056644,9.98291046025564
ENSSSCG00000052885,1.48112679794029,1.53295628790442
ENSSSCG00000043116,18.2242992963957,16.7129624559336
ENSSSCG00000040688,1.57772202389292,2.01901559870339
ENSSSCG00000049941,1.48112679794029,1.30862122138182
ENSSSCG00000003990,9.43413373470663,6.16921432937146
ENSSSCG00000038009,13.491133224717,12.3010394809892
ENSSSCG00000036554,16.8075693157572,13.609660702371
ENSSSCG00000035527,20.9289656230693,13.0114338583107
ENSSSCG00000032352,13.7165220852731,10.730694015331
ENSSSCG00000041238,9.91710986446977,4.82320393023587
ENSSSCG00000041766,26.7568775888779,21.4987772084157
ENSSSCG00000003995,35.5792415592178,23.5177928071191
ENSSSCG00000021888,20.3171958587027,15.2547845235367
ENSSSCG00000023027,19.8664181375904,20.1901559870339
ENSSSCG00000003998,11.3660382537592,11.1793641483762
ENSSSCG00000034027,9.14434805684875,7.55261390626082
ENSSSCG00000040038,9.98150668177152,11.5906451036676
ENSSSCG00000004001,0.128793634603504,0.411280955291431
ENSSSCG00000053935,6.66507059073131,3.36502599783898
ENSSSCG00000004002,460.98461665459,466.056100700698
ENSSSCG00000004004,9.17654646549962,8.71167841662758
ENSSSCG00000057276,2.28608701421219,0.747783555075329
ENSSSCG00000059362,2.96225359588058,1.08428615485923
ENSSSCG00000059241,0.676166581668393,0.186945888768832
ENSSSCG00000050419,8.4037846578786,1.60773464341196
ENSSSCG00000031342,23.1506558199798,15.0304494570141
ENSSSCG00000039930,16.6465772725028,14.9930602792603
ENSSSCG00000031449,2.22169019691044,1.57034546565819
ENSSSCG00000035664,15.5196329697222,23.5925711626266
ENSSSCG00000037920,321.27572151844,289.354846636398
ENSSSCG00000029362,88.7388142418139,175.654357087195
ENSSSCG00000037734,56.8301912687959,84.4247633680046
ENSSSCG00000031562,54.6728978891872,64.6832775140159
ENSSSCG00000062429,12.2675936959837,22.2091715857373
ENSSSCG00000063297,1.28793634603504,1.04689697710546
ENSSSCG00000049887,15.6484266043257,14.4696117907076
ENSSSCG00000033509,36.3520033668389,6.58049528466289
ENSSSCG00000023973,70.9974910751813,74.4044637299952
ENSSSCG00000030505,36.834979496602,17.5355243665165
ENSSSCG00000030000,9.98150668177152,3.21546928682391
ENSSSCG00000033735,3.18764245643671,0.747783555075329
ENSSSCG00000035420,18.5784817915554,19.5171507874661
ENSSSCG00000040575,15.9704106908344,25.3872516948074
ENSSSCG00000022204,398.068926150778,242.91748786622
ENSSSCG00000026816,1.57772202389292,2.39290737624105
ENSSSCG00000034107,2.41488064881569,9.42207279394914
ENSSSCG00000032231,17.3549422628221,22.6952308965362
ENSSSCG00000061598,3.18764245643671,0.673005199567796
ENSSSCG00000053077,21.1221560749746,10.4689697710546
ENSSSCG00000003336,41.2139630731211,10.9176399040998
ENSSSCG00000038351,0.643968173017518,0.299113422030131
ENSSSCG00000003332,182.790365911022,235.36487395996
ENSSSCG00000022151,4.82976129763138,6.65527364017042
ENSSSCG00000003971,22.5388860556131,22.3213391189986
ENSSSCG00000003972,3.50962654294547,2.31812902073352
ENSSSCG00000003973,26.4992903196708,13.1609905693258
ENSSSCG00000048684,3.83161062945423,0
ENSSSCG00000033952,38.8312808329563,10.3194130600395
ENSSSCG00000003975,3.7350154035016,2.13118313196469
ENSSSCG00000003976,60.951587576108,86.8924490997532
ENSSSCG00000039245,5.18394379279102,3.36502599783898
ENSSSCG00000003979,8.33938784057685,5.94487926284886
ENSSSCG00000003980,39.0888681021633,62.5147052042975
ENSSSCG00000063595,14.1351013977345,4.74842557472834
ENSSSCG00000003981,12.0100064267767,13.6844390578785
ENSSSCG00000003983,45.8183355101964,42.2871600395098
ENSSSCG00000051232,1.44892838928941,3.02852339805508
ENSSSCG00000014137,48.2976129763138,34.8093244887565
ENSSSCG00000026780,18.4496881569519,2.80418833153248
ENSSSCG00000040325,111.535287566634,120.393152367128
ENSSSCG00000014151,35.1928606554073,11.7028126369289
ENSSSCG00000014152,9.56292736931014,3.73891777537664
ENSSSCG00000026233,7.59882444160671,2.16857230971845
ENSSSCG00000024193,32.938972049846,14.2078875464312
ENSSSCG00000035025,7.40563398970145,6.1318251516177
ENSSSCG00000014156,219.238964503814,148.50981403796
ENSSSCG00000014157,31.6188372951601,13.4227148136021
ENSSSCG00000027608,29.8157264107111,27.5558240045259
ENSSSCG00000014146,32.7135831892899,23.218679385089
ENSSSCG00000014147,29.3971470982497,12.3010394809892
ENSSSCG00000014148,14.8756647967047,14.3200550796925
ENSSSCG00000039760,9.72391941256451,6.95438706220056
ENSSSCG00000022656,21.0577592576728,9.87074292699434
ENSSSCG00000014232,109.667779864883,18.5824213436219
ENSSSCG00000014233,13.5877284506696,5.7953225518338
ENSSSCG00000014235,2.96225359588058,1.71990217667326
ENSSSCG00000022790,102.584129961691,189.563131211596
ENSSSCG00000014149,22.1847035604535,13.2731581025871
ENSSSCG00000039373,39.958225135737,42.1749925062485
ENSSSCG00000031128,38.5736935637493,24.003852117918
ENSSSCG00000014238,2.54367428341919,1.42078875464312
ENSSSCG00000050823,0.708364990319269,0.261724244276365
ENSSSCG00000014239,55.6388501487135,33.2763682008521
ENSSSCG00000014133,442.341738045733,342.18575480247
ENSSSCG00000014132,2.41488064881569,2.01901559870339
ENSSSCG00000056442,34.5166940737389,20.5640477645715
ENSSSCG00000014240,34.8386781602477,32.3042495792542
ENSSSCG00000014136,272.140949917203,43.1097219500927
ENSSSCG00000014242,4.18579312461386,4.86059310798964
ENSSSCG00000022402,76.9541966755934,114.26132721551
ENSSSCG00000014247,122.386151281979,141.144146020468
ENSSSCG00000061746,1.19134112008241,0.0747783555075329
ENSSSCG00000062692,0.482976129763138,0
ENSSSCG00000053188,0.418579312461386,0.52344848855273
ENSSSCG00000041042,0.837158624922773,0.336502599783898
ENSSSCG00000014244,53.0629774566434,35.9683889991233
ENSSSCG00000053092,0.482976129763138,0.0747783555075329
ENSSSCG00000014248,65.2017775180236,28.3783859151087
ENSSSCG00000014249,1.83530929309993,1.49556711015066
ENSSSCG00000014250,8.30718943192598,8.33778663908991
ENSSSCG00000014161,11.0118557585996,6.0196576183564
ENSSSCG00000035571,1.25573793738416,0.299113422030131
ENSSSCG00000062599,3.70281699485073,1.53295628790442
ENSSSCG00000014163,22.6676796902166,7.02916541770809
ENSSSCG00000051601,2.89785677857883,0.785172732829095
ENSSSCG00000014182,3.96040426405773,7.36566801749199
ENSSSCG00000014184,130.757737531207,355.68324797158
ENSSSCG00000014225,3.31643609104022,1.57034546565819
ENSSSCG00000027857,24.5673858006183,18.8067564101445
ENSSSCG00000025287,9.40193532605576,3.51458270885404
ENSSSCG00000040617,24.8571714784762,22.097004052476
ENSSSCG00000024999,32.938972049846,17.1990217667326
ENSSSCG00000028431,89.4471792321332,76.83476028399
ENSSSCG00000038779,6.85826104263656,5.30926324103483
ENSSSCG00000014187,7.3412371723997,2.65463162051742
ENSSSCG00000039889,18.4818865656028,12.2262611254816
ENSSSCG00000025286,4.5399756197735,1.94423724319585
ENSSSCG00000049027,1.32013475468591,0.598226844060263
ENSSSCG00000060881,1.44892838928941,0.972118621597927
ENSSSCG00000013339,0.901555442224525,0.411280955291431
ENSSSCG00000056103,0.418579312461386,0.149556711015066
ENSSSCG00000058349,6.95485626858919,1.27123204362806
ENSSSCG00000057317,6.18209446096817,5.9074900850951
ENSSSCG00000055394,1.83530929309993,1.04689697710546
ENSSSCG00000013340,0.450777721112262,0.0747783555075329
ENSSSCG00000039940,34.0015195353249,10.0950779935169
ENSSSCG00000026175,18.675077017508,2.13118313196469
ENSSSCG00000014165,39.1210665108142,22.5456741855212
ENSSSCG00000014139,10.7542684893925,7.96389486155225
ENSSSCG00000013347,14.8434663880538,5.98226844060263
ENSSSCG00000014141,7.08364990319269,3.88847448639171
ENSSSCG00000063079,1.51332520659117,2.20596148747222
ENSSSCG00000031940,0.772761807621021,0.822561910582861
ENSSSCG00000029805,96.2088450488171,390.455183282583
ENSSSCG00000013344,0.579571355715766,0.299113422030131
ENSSSCG00000039731,15.8094186475801,8.59951088336628
ENSSSCG00000014168,12.6861730084451,33.0146439565758
ENSSSCG00000013349,21.4441401614833,11.0671966151149
ENSSSCG00000013351,65.9423409169938,93.8842253397075
ENSSSCG00000014170,140.739244212978,80.835402303643
ENSSSCG00000013352,7.75981648486109,1.45817793239689
ENSSSCG00000013331,11.6880223402679,5.0101498190047
ENSSSCG00000013332,3.57402336024722,0.448670133045197
ENSSSCG00000014171,69.9349435897024,47.5590341027909
ENSSSCG00000013333,0.321984086508759,0.299113422030131
ENSSSCG00000022806,79.7232598195687,55.1864263645592
ENSSSCG00000027860,46.172518005356,21.0874962531243
ENSSSCG00000013335,182.403985007212,330.894223120833
ENSSSCG00000014173,9.75611782121539,10.4315805933008
ENSSSCG00000013336,25.2113539736358,5.122317352266
ENSSSCG00000013337,7.3412371723997,2.13118313196469
ENSSSCG00000059744,0.515174538414014,2.20596148747222
ENSSSCG00000037501,1.19134112008241,1.00950779935169
ENSSSCG00000022592,8.75796715303824,142.415378064096
ENSSSCG00000023396,1.22353952873328,0.224335066522599
ENSSSCG00000052450,0.128793634603504,1.12167533261299
ENSSSCG00000036529,5.18394379279102,4.37453379719067
ENSSSCG00000054134,0.257587269207007,0.448670133045197
ENSSSCG00000014176,27.2720521272919,46.1756345259015
ENSSSCG00000014177,48.5873986541717,25.6489759390838
ENSSSCG00000059615,8.43598306652948,3.88847448639171
ENSSSCG00000014179,28.8819725598357,20.7509936533404
ENSSSCG00000035539,12.7505698257468,12.0393152367128
ENSSSCG00000056768,8.88676078764174,5.72054419632626
ENSSSCG00000058841,3.02665041318233,1.83206970993455
ENSSSCG00000062956,0.676166581668393,0.224335066522599
ENSSSCG00000046723,0.193190451905255,0.822561910582861
ENSSSCG00000021427,105.932764461382,183.805197837516
ENSSSCG00000051093,0.386380903810511,0.299113422030131
ENSSSCG00000021371,21.6051322047377,10.0576888157632
ENSSSCG00000023231,57.860540345624,72.4228373090456
ENSSSCG00000038453,36.4164001841406,44.2687864604595
ENSSSCG00000054006,0.128793634603504,0.785172732829095
ENSSSCG00000013411,14.3282918496398,10.9176399040998
ENSSSCG00000013360,30.5884882183321,14.5817793239689
ENSSSCG00000013409,65.5881584218342,76.7973711062362
ENSSSCG00000013410,49.7465413656032,37.6882911757966
ENSSSCG00000043004,0.193190451905255,0.411280955291431
ENSSSCG00000021688,12.2353952873328,16.5260165671648
ENSSSCG00000032047,1.38453157198766,1.12167533261299
ENSSSCG00000013358,1.8675077017508,0.299113422030131
ENSSSCG00000013361,48.4264066109173,63.0381536928502
ENSSSCG00000038037,0.225388860556131,0.486059310798964
ENSSSCG00000013362,10.5610780374873,7.85172732829095
ENSSSCG00000041063,7.05145149454182,10.9176399040998
ENSSSCG00000013366,73.7665542191566,86.929838277507
ENSSSCG00000013367,42.0833201066948,26.733262093943
ENSSSCG00000059019,45.1743673371789,63.1129320483577
ENSSSCG00000045256,0.386380903810511,0.448670133045197
ENSSSCG00000013382,51.4852554327505,40.492479507329
ENSSSCG00000040570,83.5870688576738,77.320819594789
ENSSSCG00000034191,13.6521252679714,25.7237542945913
ENSSSCG00000013385,0.128793634603504,0.411280955291431
ENSSSCG00000035649,1.0625474854789,0.224335066522599
ENSSSCG00000013389,3.89600744675598,2.69202079827118
ENSSSCG00000013388,9.98150668177152,19.85365338725
ENSSSCG00000013391,59.7602464560256,52.6439622773031
ENSSSCG00000013392,130.242562992793,157.557995054372
ENSSSCG00000033786,14.3926886669415,13.9087741244011
ENSSSCG00000013393,49.9075334088576,160.923021052211
ENSSSCG00000021170,71.4160703876427,50.0641090122932
ENSSSCG00000013395,19.2868467818747,28.49055344837
ENSSSCG00000013397,8.98335601359437,14.0957200131699
ENSSSCG00000013399,24.7927746611744,13.5722715246172
ENSSSCG00000028827,132.818435684863,154.791195900593
ENSSSCG00000031706,21.8627194739447,48.6059310798964
ENSSSCG00000013401,54.8016915237907,51.8214003667203
ENSSSCG00000013402,102.358741101134,103.306298133657
ENSSSCG00000013403,5.79571355715766,26.1350352498827
ENSSSCG00000032323,123.706286036665,101.324671712707
ENSSSCG00000035069,10.8186653066943,1.86945888768832
ENSSSCG00000014293,4.95855493223489,125.739804785916
ENSSSCG00000014296,148.016084568076,226.129747054779
ENSSSCG00000014284,1.03034907682803,2.84157750928625
ENSSSCG00000014285,231.120177295987,621.071631667814
ENSSSCG00000022060,3.05884882183321,2.43029655399482
ENSSSCG00000053400,12.2675936959837,14.0209416576624
ENSSSCG00000062865,10.4966812201855,11.2541425038837
ENSSSCG00000056448,0.54737294706489,0
ENSSSCG00000056261,0.579571355715766,1.68251299891949
ENSSSCG00000053135,0.965952259526276,0.785172732829095
ENSSSCG00000056918,0.0965952259526276,0.448670133045197
ENSSSCG00000062753,0.515174538414014,0.149556711015066
ENSSSCG00000014287,26.6924807715761,97.4361972263153
ENSSSCG00000014288,31.135861165397,28.2662183818474
ENSSSCG00000014289,37.7365349388265,66.9266281792419
ENSSSCG00000040998,70.3857213108147,107.979945352877
ENSSSCG00000014291,30.4918929923795,65.2815043580762
ENSSSCG00000056081,16.4533868205976,11.5532559259138
ENSSSCG00000014292,186.976159035636,417.450169620802
ENSSSCG00000026106,33.2287577277039,55.5603181420969
ENSSSCG00000026229,12.5251809651907,12.2636503032354
ENSSSCG00000014307,217.27486157611,201.452889737294
ENSSSCG00000020915,82.5245213721949,115.981229392183
ENSSSCG00000014274,25.9841157812568,74.8905230407942
ENSSSCG00000014275,1.03034907682803,0.673005199567796
ENSSSCG00000061383,12.6539745997942,10.2820238822858
ENSSSCG00000014280,67.0692852197745,19.2928157209435
ENSSSCG00000014277,46.3657084572613,57.9158363405842
ENSSSCG00000014278,1.25573793738416,0.411280955291431
ENSSSCG00000014283,73.6055621759023,64.4215532697395
ENSSSCG00000014264,119.166310416892,134.862764157835
ENSSSCG00000033213,6.18209446096817,7.14133295096939
ENSSSCG00000036686,179.248540959426,717.42354273927
ENSSSCG00000014267,27.1110600840375,29.5000612477217
ENSSSCG00000014269,38.6702887897019,38.6604097973945
ENSSSCG00000030680,38.8956776502581,65.2815043580762
ENSSSCG00000038628,281.60728206056,343.943046156897
ENSSSCG00000014298,141.705196472505,214.501712773358
ENSSSCG00000014302,1.19134112008241,1.15906451036676
ENSSSCG00000038953,52.5478029182294,37.4265669315202
ENSSSCG00000037127,23.5370367237903,19.2180373654359
ENSSSCG00000014303,26.9178696321322,34.4354327112189
ENSSSCG00000014305,55.9286358265714,68.9082546001915
ENSSSCG00000014304,58.5045085186415,88.5375729209189
ENSSSCG00000038955,25.1469571563341,18.0215836773154
ENSSSCG00000026644,126.507547589291,71.7872212872315
ENSSSCG00000034954,74.8291017046355,52.0831246109966
ENSSSCG00000038110,4.08919789866124,0.0747783555075329
ENSSSCG00000014310,18.417489748301,3.02852339805508
ENSSSCG00000014311,0.676166581668393,0
ENSSSCG00000014416,89.1895919629262,55.223815542313
ENSSSCG00000014314,2.9300551872297,2.24335066522599
ENSSSCG00000014316,47.4282559427402,21.7231122749383
ENSSSCG00000028976,5.6025231052524,0.373891777537664
ENSSSCG00000014319,74.4749192094759,54.1395293874538
ENSSSCG00000014418,6.4074833215243,3.25285846457768
ENSSSCG00000036549,307.752389885072,844.247633680046
ENSSSCG00000032423,1.64211884119467,4.18758790842184
ENSSSCG00000014321,11.0762525759013,6.09443597386393
ENSSSCG00000014420,1.15914271143153,0.673005199567796
ENSSSCG00000014379,0.418579312461386,0.299113422030131
ENSSSCG00000027852,2.38268224016482,1.15906451036676
ENSSSCG00000053951,6.60067377342955,2.50507490950235
ENSSSCG00000036516,1.7387140671473,3.81369613088418
ENSSSCG00000021414,5.98890400906291,0.859951088336628
ENSSSCG00000036961,7.08364990319269,0.186945888768832
ENSSSCG00000036348,2.51147587476832,3.32763682008521
ENSSSCG00000031384,1.93190451905255,1.12167533261299
ENSSSCG00000025141,1.15914271143153,0.635616021814029
ENSSSCG00000027371,150.752949303401,191.582146810299
ENSSSCG00000046808,2.51147587476832,2.46768573174858
ENSSSCG00000040315,2.25388860556131,2.24335066522599
ENSSSCG00000031533,0.965952259526276,1.68251299891949
ENSSSCG00000044449,1.09474589412978,3.21546928682391
ENSSSCG00000014399,32.166210242225,11.2915316816375
ENSSSCG00000014339,477.244813023282,832.731766931886
ENSSSCG00000014401,39.8938283184352,30.9208500023648
ENSSSCG00000039309,71.6414592481988,72.0115563537541
ENSSSCG00000032826,1.70651565849642,0.224335066522599
ENSSSCG00000014406,31.7476309297636,48.2694284801125
ENSSSCG00000014410,5.21614220144189,10.8428615485923
ENSSSCG00000014411,93.8261628086523,92.6129932960794
ENSSSCG00000014286,13.5233316333679,207.883828310941
ENSSSCG00000040031,0.515174538414014,0.149556711015066
ENSSSCG00000055548,1.0625474854789,0.673005199567796
ENSSSCG00000049957,2.31828542286306,7.06655459546185
ENSSSCG00000043940,3.96040426405773,2.46768573174858
ENSSSCG00000014414,28.7209805165813,18.9937022989133
ENSSSCG00000014387,127.698888709374,295.673617676785
ENSSSCG00000014388,74.442720800825,65.9171203798902
ENSSSCG00000014389,1.41672998063854,0.822561910582861
ENSSSCG00000014390,22.8608701421219,16.488627389411
ENSSSCG00000014391,85.9375526891877,51.9709570777353
ENSSSCG00000022289,88.191441294749,218.651911504026
ENSSSCG00000014396,70.2569276762112,86.5559464999693
ENSSSCG00000014395,9.56292736931014,29.2009478256916
ENSSSCG00000014394,64.2680236671483,72.3854481312918
ENSSSCG00000038940,59.0840798743572,83.2656988576378
ENSSSCG00000025295,141.286617160043,169.522531935577
ENSSSCG00000036322,10.2712923596294,26.097646072129
ENSSSCG00000024954,3.92820585540686,1.98162642094962
ENSSSCG00000014361,25.4689412428428,70.104708288312
ENSSSCG00000038493,34.7098845256442,33.2389790230984
ENSSSCG00000014362,9.8849114558189,8.63690006112004
ENSSSCG00000014363,3.67061858619985,3.02852339805508
ENSSSCG00000014364,108.09005784099,161.222134474241
ENSSSCG00000059551,11.2050462105048,18.245918743838
ENSSSCG00000055768,30.8460754875391,27.6679915377872
ENSSSCG00000014366,39.9904235443878,23.0317334963201
ENSSSCG00000014367,24.9859651130797,57.8784471628304
ENSSSCG00000044155,9.59512577796101,24.1534088289331
ENSSSCG00000014368,0.579571355715766,0.448670133045197
ENSSSCG00000014369,7.75981648486109,14.6191685017227
ENSSSCG00000014370,31.2646548000005,31.4816876686713
ENSSSCG00000014371,20.9289656230693,51.5596761224439
ENSSSCG00000014372,118.457945426572,113.401376127174
ENSSSCG00000032062,20.3815926760044,27.4810456490183
ENSSSCG00000014375,41.246161481772,75.4139715293469
ENSSSCG00000014374,2.8012615526262,1.60773464341196
ENSSSCG00000014376,25.4367428341919,27.1819322269882
ENSSSCG00000029158,81.6873627472721,70.104708288312
ENSSSCG00000029281,32.0696150162724,227.139254854131
ENSSSCG00000061745,0.386380903810511,0.411280955291431
ENSSSCG00000025603,0.193190451905255,0.411280955291431
ENSSSCG00000048432,0.998150668177152,4.97276064125094
ENSSSCG00000028030,0.128793634603504,2.05640477645715
ENSSSCG00000038182,11.7524191575697,0.224335066522599
ENSSSCG00000058580,3.92820585540686,0.149556711015066
ENSSSCG00000029257,20.5425847192588,4.00064201965301
ENSSSCG00000047137,5.24834061009277,1.68251299891949
ENSSSCG00000014426,0.579571355715766,0.673005199567796
ENSSSCG00000014427,83.2328863625142,80.7980131258893
ENSSSCG00000014428,17.3227438541712,4.00064201965301
ENSSSCG00000023279,6.5362769561278,0.934729443844161
ENSSSCG00000014430,26.6602823629252,35.7814431103545
ENSSSCG00000014431,9.8849114558189,10.880250726346
ENSSSCG00000014432,29.1717582376935,25.8359218278526
ENSSSCG00000014433,77.5337680313091,47.8955367025748
ENSSSCG00000014434,6.66507059073131,4.29975544168314
ENSSSCG00000032383,3.15544404778584,0.822561910582861
ENSSSCG00000014435,284.955916560252,374.976063692523
ENSSSCG00000014436,80.2062359493318,122.262611254816
ENSSSCG00000014437,3.76721381215248,20.489269409064
ENSSSCG00000039045,25.9197189639551,28.976612759169
ENSSSCG00000014440,78.3065298389301,92.6129932960794
ENSSSCG00000014441,86.1629415497438,44.2687864604595
ENSSSCG00000014377,0.965952259526276,0.373891777537664
ENSSSCG00000053239,0.354182495159635,0.710394377321562
ENSSSCG00000028168,132.399856372402,93.8842253397075
ENSSSCG00000052586,6.89045945128744,6.54310610690912
ENSSSCG00000027249,0.901555442224525,0.299113422030131
ENSSSCG00000063245,0.160992043254379,0.934729443844161
ENSSSCG00000061423,1.51332520659117,1.19645368812053
ENSSSCG00000059502,0.579571355715766,0
ENSSSCG00000056638,6.21429286961904,2.13118313196469
ENSSSCG00000052618,17.9345136185379,8.18822992807485
ENSSSCG00000053624,1.44892838928941,2.69202079827118
ENSSSCG00000051238,0.708364990319269,4.41192297494444
ENSSSCG00000041013,0.54737294706489,0
ENSSSCG00000062860,0.9337538508754,0
ENSSSCG00000063455,3.57402336024722,1.53295628790442
ENSSSCG00000063036,3.12324563913496,0.785172732829095
ENSSSCG00000057516,1.25573793738416,1.08428615485923
ENSSSCG00000061322,0.354182495159635,0.299113422030131
ENSSSCG00000054103,0.515174538414014,0.0747783555075329
ENSSSCG00000049519,4.57217402842437,0.486059310798964
ENSSSCG00000055853,1.83530929309993,0.635616021814029
ENSSSCG00000055269,0.160992043254379,0.52344848855273
ENSSSCG00000013327,22.7964733248201,65.2815043580762
ENSSSCG00000013286,0.450777721112262,0.373891777537664
ENSSSCG00000035489,7.53442762430496,5.60837666306496
ENSSSCG00000038082,28.9141709684865,36.4544483099223
ENSSSCG00000013292,35.7402336024722,26.2845919608978
ENSSSCG00000013293,26.724679180227,27.2940997602495
ENSSSCG00000046114,0.0965952259526276,0.710394377321562
ENSSSCG00000013294,13.6521252679714,7.06655459546185
ENSSSCG00000013295,21.540735387436,21.8352798081996
ENSSSCG00000028338,30.8460754875391,18.8441455878983
ENSSSCG00000013296,2.47927746611744,0.224335066522599
ENSSSCG00000013297,79.8198550455213,68.6465303559152
ENSSSCG00000013301,0.9337538508754,0.52344848855273
ENSSSCG00000013302,132.657443641609,155.239866033638
ENSSSCG00000013303,5.92450719176116,6.09443597386393
ENSSSCG00000013304,48.3620097936156,67.8613576230861
ENSSSCG00000013305,346.422678674774,415.468543199853
ENSSSCG00000013307,50.1329222694137,52.6065730995494
ENSSSCG00000013308,31.0714643480952,44.5305107047358
ENSSSCG00000024791,119.295104051495,470.804526275427
ENSSSCG00000013310,0.0643968173017518,0.897340266090394
ENSSSCG00000013311,4.12139630731211,12.4505961920042
ENSSSCG00000013312,118.940921556335,151.725283324784
ENSSSCG00000040954,53.964532898868,68.0483035118549
ENSSSCG00000030326,46.3013116399595,46.9608072587306
ENSSSCG00000042341,3.54182495159635,13.9461633021549
ENSSSCG00000013314,47.1384702648823,41.5393764844345
ENSSSCG00000013313,51.8072395192593,37.0526751539825
ENSSSCG00000026433,1.54552361524204,0.934729443844161
ENSSSCG00000013315,63.2054761816693,43.7453379719067
ENSSSCG00000025588,13.2657443641609,21.8352798081996
ENSSSCG00000044035,8.50037988383123,2.91635586479378
ENSSSCG00000056037,0.965952259526276,0.710394377321562
ENSSSCG00000047141,0.579571355715766,0.52344848855273
ENSSSCG00000057682,2.06069815365606,1.23384286587429
ENSSSCG00000054809,10.3356891769312,6.16921432937146
ENSSSCG00000060910,0.128793634603504,0.448670133045197
ENSSSCG00000057958,0.515174538414014,0.448670133045197
ENSSSCG00000059836,0.837158624922773,0.149556711015066
ENSSSCG00000058646,0.869357033573649,0.299113422030131
ENSSSCG00000023607,0.193190451905255,0.710394377321562
ENSSSCG00000025560,1.57772202389292,2.13118313196469
ENSSSCG00000028144,10.4966812201855,10.8428615485923
ENSSSCG00000013658,19.4156404164782,30.8086824691035
ENSSSCG00000013659,90.8961076214226,70.104708288312
ENSSSCG00000039619,35.9978208716792,65.8049528466289
ENSSSCG00000027434,42.3087089672509,56.1959341639109
ENSSSCG00000013639,255.043594923588,391.277745193166
ENSSSCG00000013648,136.617847905666,69.6934273330206
ENSSSCG00000013664,18.4496881569519,12.7497096140344
ENSSSCG00000013663,0.708364990319269,0.785172732829095
ENSSSCG00000013662,34.8708765688986,33.7998166894048
ENSSSCG00000024072,3.41303131699284,2.01901559870339
ENSSSCG00000013661,170.973549936151,227.214033209639
ENSSSCG00000013667,31.2646548000005,103.268908955903
ENSSSCG00000025176,136.650046314317,182.945246749179
ENSSSCG00000013731,24.116608079506,25.0507490950235
ENSSSCG00000033304,0.450777721112262,0.972118621597927
ENSSSCG00000013737,24.5351873919674,37.0152859762288
ENSSSCG00000013736,184.432484752217,312.49874766598
ENSSSCG00000013839,11.1728478018539,4.97276064125094
ENSSSCG00000013773,62.786896869208,99.4552128250187
ENSSSCG00000013772,7.56662603295583,1.42078875464312
ENSSSCG00000013771,71.351673570341,111.644084772747
ENSSSCG00000033298,39.5074474146247,56.7941610079712
ENSSSCG00000013758,19.3512435991764,18.9189239434058
ENSSSCG00000013757,43.0170739575702,55.5229289643431
ENSSSCG00000013756,15.7772202389292,15.1426169902754
ENSSSCG00000013755,28.2058059781673,32.7529197122994
ENSSSCG00000013769,0.611769764366642,0.934729443844161
ENSSSCG00000013665,1.70651565849642,0.0747783555075329
ENSSSCG00000013836,81.0433945742546,100.46472062437
ENSSSCG00000013838,66.8438963592183,79.7885053265376
ENSSSCG00000013837,86.1951399583947,55.3359830755743
ENSSSCG00000022227,141.061228299487,235.701376559744
ENSSSCG00000013830,71.4160703876427,131.53512733775
ENSSSCG00000013829,29.2039566463444,36.5666158431836
ENSSSCG00000027903,0.772761807621021,2.09379395421092
ENSSSCG00000013842,0.354182495159635,1.12167533261299
ENSSSCG00000052916,7.4700308070032,48.7180986131577
ENSSSCG00000027013,10.2712923596294,44.6052890602434
ENSSSCG00000057525,3.79941222080335,17.3859676555014
ENSSSCG00000062952,15.4230377437695,100.016050491325
ENSSSCG00000062738,19.705426094336,22.097004052476
ENSSSCG00000046648,0.515174538414014,0.224335066522599
ENSSSCG00000057246,1.15914271143153,1.68251299891949
ENSSSCG00000013649,2.6724679180227,2.31812902073352
ENSSSCG00000013862,15.8416170562309,18.881534765652
ENSSSCG00000013861,46.7198909524209,85.808162944894
ENSSSCG00000013860,80.5926168531423,97.1370838042852
ENSSSCG00000013859,10.2712923596294,12.2262611254816
ENSSSCG00000013858,6.02110241771379,4.4493121526982
ENSSSCG00000013857,35.3860511073126,69.2821463777292
ENSSSCG00000013655,36.1266145062827,18.6945888768832
ENSSSCG00000013768,33.9371227180232,93.6972794509387
ENSSSCG00000013767,12.3963873305872,4.4493121526982
ENSSSCG00000013766,61.8531430183326,50.8866709228761
ENSSSCG00000013765,4.28238835056649,4.63625804146704
ENSSSCG00000045290,6.47188013882605,4.59886886371327
ENSSSCG00000013764,60.951587576108,58.4392848291369
ENSSSCG00000013763,46.0115259621016,53.5786917211473
ENSSSCG00000013762,8.04960216271897,6.54310610690912
ENSSSCG00000013761,81.4297754780651,91.6408746744815
ENSSSCG00000013760,1.38453157198766,2.24335066522599
ENSSSCG00000013759,0.708364990319269,0.373891777537664
ENSSSCG00000038911,33.4863449969109,44.2687864604595
ENSSSCG00000013856,56.9911833120503,81.6205750364721
ENSSSCG00000013855,59.663651230073,70.441210888096
ENSSSCG00000013853,3.54182495159635,7.44044637299952
ENSSSCG00000013848,50.4549063559225,66.9640173569957
ENSSSCG00000013849,349.449329087956,271.968878980897
ENSSSCG00000013656,54.6406994805364,68.9082546001915
ENSSSCG00000013734,49.0059779666331,74.3296853744877
ENSSSCG00000013733,0.257587269207007,1.19645368812053
ENSSSCG00000038776,64.847595022864,126.450199163238
ENSSSCG00000013727,55.8320406006188,82.1814127027786
ENSSSCG00000013726,137.680395391145,197.040966762349
ENSSSCG00000013725,35.2250590640582,21.2744421418931
ENSSSCG00000052605,0.386380903810511,0.448670133045197
ENSSSCG00000013723,25.951917372606,34.1363192891887
ENSSSCG00000013721,63.559658676829,83.8265365239443
ENSSSCG00000013722,20.3171958587027,19.367594076451
ENSSSCG00000013720,107.091907172813,109.363344929767
ENSSSCG00000013647,122.289556056027,185.001651525636
ENSSSCG00000013642,11.4626334797118,10.2072455267782
ENSSSCG00000023667,85.9053542805368,114.298716393264
ENSSSCG00000028460,2.70466632667357,6.09443597386393
ENSSSCG00000013645,24.0200128535534,39.8942526632688
ENSSSCG00000013644,25.8231237380025,31.9303578017165
ENSSSCG00000013643,5.05515015818751,6.35616021814029
ENSSSCG00000025838,98.7525193322363,158.866616275754
ENSSSCG00000040763,6.72946740803306,8.07606239481355
ENSSSCG00000048417,1.89970611040168,3.62675024211534
ENSSSCG00000022738,2.83345996127708,7.96389486155225
ENSSSCG00000033816,36.1266145062827,64.197218203217
ENSSSCG00000013670,72.0600385606602,142.340599708589
ENSSSCG00000023331,79.0148948292494,157.969276009663
ENSSSCG00000013788,0.54737294706489,0.0373891777537664
ENSSSCG00000036342,6.63287218208043,2.99113422030131
ENSSSCG00000029347,6.21429286961904,4.41192297494444
ENSSSCG00000033388,3.38083290834197,5.60837666306496
ENSSSCG00000022634,26.1773062331621,20.2649343425414
ENSSSCG00000021757,13.3623395901135,3.62675024211534
ENSSSCG00000057753,7.14804672049445,3.70152859762288
ENSSSCG00000050273,0.418579312461386,0.411280955291431
ENSSSCG00000041142,6.72946740803306,6.54310610690912
ENSSSCG00000036520,19.0936563299694,53.1300215881021
ENSSSCG00000040187,22.7964733248201,9.53424032721044
ENSSSCG00000036608,9.01555442224525,12.001926058959
ENSSSCG00000014190,34.3879004391354,29.3131153589529
ENSSSCG00000027074,15.0688552486099,13.5348823468634
ENSSSCG00000013715,15.3264425178169,12.1140935922203
ENSSSCG00000035663,16.2601963686923,10.9176399040998
ENSSSCG00000013714,89.8013617272928,3.70152859762288
ENSSSCG00000032506,26.724679180227,33.5007032673747
ENSSSCG00000022845,111.792874835841,158.455335320462
ENSSSCG00000013754,5.3449358360454,1.90684806544209
ENSSSCG00000014195,113.853572989497,88.2758486766425
ENSSSCG00000014196,10.1746971336768,2.24335066522599
ENSSSCG00000014197,31.7154325211127,21.6857230971845
ENSSSCG00000014199,28.3345996127708,21.4987772084157
ENSSSCG00000037019,1.51332520659117,1.27123204362806
ENSSSCG00000031518,3.21984086508759,13.6470498801247
ENSSSCG00000014203,24.3097985314113,23.218679385089
ENSSSCG00000014204,43.6610421305877,46.7738613699618
ENSSSCG00000014207,46.0759227794034,30.098288091782
ENSSSCG00000022048,163.825503215656,338.484226204847
ENSSSCG00000026230,76.0526412333688,58.6636198956595
ENSSSCG00000029860,31.7476309297636,36.491837487676
ENSSSCG00000053658,100.781019077241,109.10162068549
ENSSSCG00000014211,30.3309009491251,21.9848365192147
ENSSSCG00000014213,0.515174538414014,5.2344848855273
ENSSSCG00000014217,50.1651206780646,99.7169370692951
ENSSSCG00000033305,3.50962654294547,4.6736472192208
ENSSSCG00000038141,12.6861730084451,14.7687252127377
ENSSSCG00000038156,181.148247069828,208.519444332755
ENSSSCG00000013976,0,4.52409050820574
ENSSSCG00000057522,156.709654903813,279.708438775927
ENSSSCG00000033912,63.3342698162729,60.6826354943629
ENSSSCG00000059192,1.03034907682803,0.560837666306496
ENSSSCG00000034887,7.40563398970145,2.50507490950235
ENSSSCG00000037595,41.1173678471685,40.5672578628366
ENSSSCG00000030672,27.755028257055,22.097004052476
ENSSSCG00000014221,0.965952259526276,0.598226844060263
ENSSSCG00000013978,47.0418750389297,46.5495263034392
ENSSSCG00000014223,26.3060998677656,19.2554265431897
ENSSSCG00000014224,38.7346856070037,29.0887802924303
ENSSSCG00000013919,20.8323703971167,20.7509936533404
ENSSSCG00000054395,0.676166581668393,0.673005199567796
ENSSSCG00000025329,32.0696150162724,45.5400185040875
ENSSSCG00000051889,0.515174538414014,0.52344848855273
ENSSSCG00000027840,86.0663463237912,127.310150251575
ENSSSCG00000050595,3.18764245643671,5.60837666306496
ENSSSCG00000042913,0.740563398970145,0.149556711015066
ENSSSCG00000013928,3.15544404778584,6.80483035118549
ENSSSCG00000039301,194.252999390734,249.497983150883
ENSSSCG00000057006,7.69541966755934,2.95374504254755
ENSSSCG00000052468,0.450777721112262,0.299113422030131
ENSSSCG00000055150,0.804960216271897,0.710394377321562
ENSSSCG00000057212,7.72761807621021,7.47783555075329
ENSSSCG00000019323,0.772761807621021,0.411280955291431
ENSSSCG00000013915,28.8819725598357,24.489911428717
ENSSSCG00000013913,14.1029029890836,15.4043412345518
ENSSSCG00000013911,4.95855493223489,3.58936106436158
ENSSSCG00000013909,5.98890400906291,2.84157750928625
ENSSSCG00000040666,29.3649486895988,26.1350352498827
ENSSSCG00000013940,6.18209446096817,1.49556711015066
ENSSSCG00000036756,40.5377964914527,21.3866096751544
ENSSSCG00000035650,74.9900937478899,76.5730360397136
ENSSSCG00000057247,1.8675077017508,1.34601039913559
ENSSSCG00000029724,1144.65342753864,998.291046025564
ENSSSCG00000032836,70.1281340416077,66.3657905129354
ENSSSCG00000037835,1.28793634603504,2.76679915377872
ENSSSCG00000025900,66.8760947678692,105.213146199099
ENSSSCG00000013901,75.5052682863039,50.1762765455545
ENSSSCG00000013900,114.143358667355,121.440049344233
ENSSSCG00000013895,28.527790064676,28.2288292040937
ENSSSCG00000013893,46.3013116399595,26.0228677166214
ENSSSCG00000013891,38.3483047031932,52.1952921442579
ENSSSCG00000028567,2.38268224016482,18.4702538103606
ENSSSCG00000014539,38.9600744675598,19.6293183207274
ENSSSCG00000014538,123.577492402062,275.857353467289
ENSSSCG00000013930,76.3102285025758,98.8195968032047
ENSSSCG00000013931,32.423797511432,83.3778663908991
ENSSSCG00000013932,9.69172100391364,31.6312443796864
ENSSSCG00000013933,2.09289656230693,8.89862430539641
ENSSSCG00000013934,0.772761807621021,0.822561910582861
ENSSSCG00000056961,39.8938283184352,109.849404240566
ENSSSCG00000013938,109.667779864883,146.864690216795
ENSSSCG00000021664,126.44315077199,118.224580057409
ENSSSCG00000036970,44.6913912074157,51.0362276338912
ENSSSCG00000048260,1.44892838928941,2.91635586479378
ENSSSCG00000034062,0.772761807621021,0.299113422030131
ENSSSCG00000022661,55.51005651411,32.5285846457768
ENSSSCG00000014073,28.012615526262,18.9937022989133
ENSSSCG00000013752,34.1625115785793,30.0235097362744
ENSSSCG00000014074,12.3319905132855,7.21611130647692
ENSSSCG00000013751,44.3050103036052,85.3968819896025
ENSSSCG00000013744,47.5248511686928,33.3885357341134
ENSSSCG00000024549,7.85641171081371,6.95438706220056
ENSSSCG00000013742,18.7394738348098,34.098930111435
ENSSSCG00000014075,100.877614303194,97.2118621597927
ENSSSCG00000034569,43.1780660008246,22.8073984297975
ENSSSCG00000014076,74.5393160267777,46.1756345259015
ENSSSCG00000013747,49.5211525050471,62.7764294485738
ENSSSCG00000034859,8.59697510978386,10.3568022377933
ENSSSCG00000014072,5.66691992255415,25.125527450531
ENSSSCG00000013746,772.665212395068,1263.56726218854
ENSSSCG00000014101,72.4464194644707,85.4342711673563
ENSSSCG00000013745,53.706945629661,90.8930911194062
ENSSSCG00000013740,0.643968173017518,0.747783555075329
ENSSSCG00000013729,33.5185434055618,45.0539591932885
ENSSSCG00000013638,294.357851886307,297.879579164257
ENSSSCG00000013637,9.85271304716802,4.82320393023587
ENSSSCG00000013630,129.727388454379,186.833721235571
ENSSSCG00000038623,11.2694430278066,12.6375420807731
ENSSSCG00000013632,2.15729337960868,1.79468053218079
ENSSSCG00000013633,20.5103863106079,31.1451850688874
ENSSSCG00000053292,480.335860253766,510.923114005218
ENSSSCG00000013905,204.492093341713,386.604097973945
ENSSSCG00000040181,45.1743673371789,57.9158363405842
ENSSSCG00000013634,70.6111101713708,77.1338737060201
ENSSSCG00000040524,21.4119417528325,32.6407521790381
ENSSSCG00000014081,12.4929825565398,21.5361663861695
ENSSSCG00000025955,42.6628914624105,24.1534088289331
ENSSSCG00000013635,21.6373306133886,28.3036075596012
ENSSSCG00000013629,165.210034787644,212.893978129946
ENSSSCG00000036963,8.43598306652948,2.87896668704001
ENSSSCG00000014082,20.6713783538623,12.7497096140344
ENSSSCG00000034260,0.321984086508759,3.06591257580885
ENSSSCG00000039684,42.1477169239965,75.9374200178996
ENSSSCG00000034314,62.9800873211132,59.8226844060263
ENSSSCG00000031657,57.1199769466538,112.653592572098
ENSSSCG00000053451,0.804960216271897,0.934729443844161
ENSSSCG00000013902,26.5636871369726,62.1782026045136
ENSSSCG00000014091,9.40193532605576,12.487985369758
ENSSSCG00000036363,7.72761807621021,7.70217061727588
ENSSSCG00000014093,0.321984086508759,0.373891777537664
ENSSSCG00000028512,46.172518005356,219.324916703594
ENSSSCG00000014094,40.0870187703405,34.098930111435
ENSSSCG00000050058,0.772761807621021,0.747783555075329
ENSSSCG00000032994,45.4963514236876,49.7276064125093
ENSSSCG00000014097,8.53257829248211,5.122317352266
ENSSSCG00000013897,4.05699949001036,6.76744117343172
ENSSSCG00000014000,2.51147587476832,3.85108530863794
ENSSSCG00000035985,41.761336020186,53.9899726764387
ENSSSCG00000033444,4.37898357651912,1.90684806544209
ENSSSCG00000039194,108.122256249641,129.703057627816
ENSSSCG00000013896,21.3475449355307,37.7256803535503
ENSSSCG00000038604,192.449888506285,130.974289671444
ENSSSCG00000016928,16.7431724984555,33.463314089621
ENSSSCG00000014083,0.515174538414014,0.598226844060263
ENSSSCG00000013622,30.2021073145216,63.8233264256793
ENSSSCG00000023658,7.40563398970145,7.70217061727588
ENSSSCG00000014084,19.1258547386203,15.5538979455668
ENSSSCG00000013620,7.85641171081371,6.76744117343172
ENSSSCG00000036310,24.5029889833165,27.9297157820635
ENSSSCG00000039659,13.8775141285275,15.0304494570141
ENSSSCG00000045953,10.3034907682803,8.48734335010498
ENSSSCG00000051837,17.4837358974256,10.0576888157632
ENSSSCG00000037146,10.0781019077242,10.3568022377933
ENSSSCG00000013618,0.708364990319269,0.224335066522599
ENSSSCG00000044084,16.5177836378993,20.6762152978328
ENSSSCG00000014100,57.1199769466538,47.8207583470673
ENSSSCG00000013625,14.4570854842433,1.90684806544209
ENSSSCG00000014066,4.41118198517,6.20660350712523
ENSSSCG00000030351,6.56847536477868,9.75857539373304
ENSSSCG00000014071,262.48142732194,249.311037262115
ENSSSCG00000033168,27.9160203003094,20.6014369423253
ENSSSCG00000014070,16.5821804552011,14.731336034984
ENSSSCG00000014068,25.5011396514937,23.3308469183503
ENSSSCG00000013927,17.129553402266,26.1350352498827
ENSSSCG00000028317,150.430965216892,260.789514832521
ENSSSCG00000049430,11.0762525759013,15.5912871233206
ENSSSCG00000034795,54.3509138026785,118.187190879656
ENSSSCG00000028536,16.3567915946449,47.222531503007
ENSSSCG00000025839,153.425417221424,82.1066343472711
ENSSSCG00000038535,35.1928606554073,31.8181902684552
ENSSSCG00000031590,16.2601963686923,1161.04613678771
ENSSSCG00000043957,20.1884022240992,10.9176399040998
ENSSSCG00000013627,262.706816182496,296.010120276569
ENSSSCG00000014110,0.0643968173017518,0.785172732829095
ENSSSCG00000054426,0.321984086508759,1.45817793239689
ENSSSCG00000013616,22.828671733471,16.6381841004261
ENSSSCG00000013615,29.6547343674567,43.857505505168
ENSSSCG00000040919,4.89415811493313,6.65527364017042
ENSSSCG00000013614,47.5570495773437,27.8923266043098
ENSSSCG00000013613,49.2313668271892,47.0729747919919
ENSSSCG00000032282,233.535057944803,1247.26558068789
ENSSSCG00000014108,0.482976129763138,5.4588199520499
ENSSSCG00000013115,1.15914271143153,2.13118313196469
ENSSSCG00000013735,30.3952977664268,47.8955367025748
ENSSSCG00000061158,4.02480108135948,1.98162642094962
ENSSSCG00000044637,0.643968173017518,0.224335066522599
ENSSSCG00000057097,10.4966812201855,9.42207279394914
ENSSSCG00000061215,3.09104723048408,7.51522472850705
ENSSSCG00000049971,1.09474589412978,0
ENSSSCG00000059382,0.128793634603504,0.560837666306496
ENSSSCG00000061691,0.450777721112262,0.373891777537664
ENSSSCG00000058229,0.708364990319269,0.112167533261299
ENSSSCG00000013753,41.7935344288369,149.855824437096
ENSSSCG00000023739,1.67431724984555,0.635616021814029
ENSSSCG00000051583,1.09474589412978,0.560837666306496
ENSSSCG00000055092,21.8305210652938,39.5951392412386
ENSSSCG00000060995,2.22169019691044,1.23384286587429
ENSSSCG00000054319,2.64026950937182,1.12167533261299
ENSSSCG00000042811,0.772761807621021,0.448670133045197
ENSSSCG00000056178,25.0181635217306,2.09379395421092
ENSSSCG00000049610,10.9796573499487,9.23512690518031
ENSSSCG00000044985,2.02849974500518,1.71990217667326
ENSSSCG00000053460,0.515174538414014,0.373891777537664
ENSSSCG00000055823,1.54552361524204,0.785172732829095
ENSSSCG00000019671,0.386380903810511,0.336502599783898
ENSSSCG00000019956,0.160992043254379,0.411280955291431
ENSSSCG00000013906,55.51005651411,69.8055948662819
ENSSSCG00000040706,124.897627156748,144.957842151352
ENSSSCG00000013276,15.8738154648818,16.6007949226723
ENSSSCG00000013650,107.381692850671,127.609263673605
ENSSSCG00000033998,18.0311088444905,11.4036992148988
ENSSSCG00000040698,8.72576874438736,16.6755732781798
ENSSSCG00000013273,3.02665041318233,7.06655459546185
ENSSSCG00000035028,38.7668840156546,38.6604097973945
ENSSSCG00000029468,0.998150668177152,7.25350048423069
ENSSSCG00000029059,259.583570543361,231.551177829075
ENSSSCG00000031274,1.25573793738416,1.53295628790442
ENSSSCG00000050458,82.9431006846563,24.0412412956718
ENSSSCG00000013145,40.3768044481983,20.5640477645715
ENSSSCG00000033703,42.7272882797123,8.33778663908991
ENSSSCG00000014039,8.62917351843473,10.6559156598234
ENSSSCG00000013147,19.0292595126676,7.21611130647692
ENSSSCG00000013148,0.804960216271897,4.18758790842184
ENSSSCG00000031819,140.030879222659,126.300642452223
ENSSSCG00000014040,167.850304297016,229.419994697111
ENSSSCG00000013278,23.6980287670446,52.1579029665042
ENSSSCG00000014041,17.5159343060765,10.9924182596073
ENSSSCG00000031182,148.241473428633,168.176521536441
ENSSSCG00000036359,1.22353952873328,0.859951088336628
ENSSSCG00000014044,84.8750052037088,144.73350708483
ENSSSCG00000031442,15.551831378373,10.5811373043159
ENSSSCG00000037892,1.44892838928941,0.859951088336628
ENSSSCG00000014047,2.89785677857883,11.3289208593912
ENSSSCG00000014046,19.4156404164782,31.0330175356261
ENSSSCG00000033260,5.57032469660153,0
ENSSSCG00000022508,45.0133752939245,39.2586366414547
ENSSSCG00000012874,49.4567556877453,33.8745950449124
ENSSSCG00000035585,27.0144648580849,37.0900643317363
ENSSSCG00000014048,27.239853718641,30.9956283578724
ENSSSCG00000037900,98.849114558189,84.0134824127132
ENSSSCG00000031769,218.337409061589,487.554877909114
ENSSSCG00000014049,1.67431724984555,0.897340266090394
ENSSSCG00000014063,39.6684394578791,73.7314585304274
ENSSSCG00000014051,26.8534728148305,22.097004052476
ENSSSCG00000014052,0.676166581668393,0.224335066522599
ENSSSCG00000014055,0.676166581668393,0.411280955291431
ENSSSCG00000014056,97.0782020823908,52.0083462554891
ENSSSCG00000014057,87.933854025542,140.059859865609
ENSSSCG00000013181,312.517754365401,245.79645455326
ENSSSCG00000054091,30.4918929923795,65.0197801137998
ENSSSCG00000012844,39.5074474146247,50.2136657233083
ENSSSCG00000029179,35.031868612153,61.8790891824834
ENSSSCG00000023379,41.5359471596299,56.5698259414486
ENSSSCG00000014058,20.1562038154483,20.5266585868178
ENSSSCG00000029985,47.9434304811542,56.98110689674
ENSSSCG00000014060,154.874345610713,1355.058580152
ENSSSCG00000049665,0.450777721112262,0.261724244276365
ENSSSCG00000032364,31.651035703811,27.4810456490183
ENSSSCG00000013176,45.399756197735,70.6281567768648
ENSSSCG00000012843,20.4781879019571,10.5437481265621
ENSSSCG00000013177,28.5921868819778,32.4164171125155
ENSSSCG00000013178,79.2402836898055,161.296912829748
ENSSSCG00000012842,595.831552084458,448.445797978675
ENSSSCG00000014062,8.2749910232751,10.1698563490245
ENSSSCG00000029521,60.2110241771379,124.730296986565
ENSSSCG00000014061,18.1921008877449,15.366952056798
ENSSSCG00000012836,177.348834849024,218.876246570549
ENSSSCG00000029096,2.83345996127708,7.14133295096939
ENSSSCG00000014112,4.12139630731211,8.00128403930602
ENSSSCG00000014113,16.7431724984555,17.8346377885466
ENSSSCG00000040088,11.0118557585996,19.3302048986972
ENSSSCG00000059180,2.51147587476832,2.05640477645715
ENSSSCG00000021176,6.05330082636466,2.54246408725612
ENSSSCG00000012940,23.4082430891868,21.4239988529082
ENSSSCG00000012939,38.7346856070037,49.5406605237405
ENSSSCG00000044923,0,0.560837666306496
ENSSSCG00000012950,2.86565836992795,2.95374504254755
ENSSSCG00000013174,314.707246153661,529.655092059855
ENSSSCG00000047415,0.901555442224525,1.60773464341196
ENSSSCG00000012835,2.41488064881569,179.318496507064
ENSSSCG00000014114,59.3738655522151,32.4164171125155
ENSSSCG00000026098,0.482976129763138,0.673005199567796
ENSSSCG00000038364,37.86532857343,37.3517885760127
ENSSSCG00000037847,23.9234176276008,33.3885357341134
ENSSSCG00000032911,1.25573793738416,2.16857230971845
ENSSSCG00000014116,15.1332520659117,10.6185264820697
ENSSSCG00000013263,69.6773563204954,105.848762220913
ENSSSCG00000039556,47.718041620598,42.3619383950174
ENSSSCG00000014117,0.354182495159635,0.149556711015066
ENSSSCG00000012847,149.62600500062,251.666555460602
ENSSSCG00000012846,87.7084651649859,132.282910892826
ENSSSCG00000012845,0.354182495159635,1.04689697710546
ENSSSCG00000012943,31.4900436605566,22.73262007429
ENSSSCG00000013473,19.8664181375904,11.5158667481601
ENSSSCG00000029279,61.3057700712677,115.794283503415
ENSSSCG00000038304,88.3846317466543,83.6769798129293
ENSSSCG00000058325,109.377994187025,162.979425828668
ENSSSCG00000038008,94.1159484865102,117.663742391103
ENSSSCG00000013448,87.1288938092701,123.19734069866
ENSSSCG00000031115,1.15914271143153,0
ENSSSCG00000012934,16.5177836378993,22.1343932302297
ENSSSCG00000032085,57.4741594418134,72.4976156645531
ENSSSCG00000040461,5.02295174953664,4.26236626392937
ENSSSCG00000012855,1.38453157198766,0.822561910582861
ENSSSCG00000021597,2.09289656230693,11.5532559259138
ENSSSCG00000032265,132.850634093514,197.601804428656
ENSSSCG00000060622,43.6932405392386,237.795170513954
ENSSSCG00000028995,50.3905095386207,26.4341486719129
ENSSSCG00000032436,26.9178696321322,63.8233264256793
ENSSSCG00000038912,140.191871265914,283.372578195796
ENSSSCG00000014565,76.6322125890846,101.100336646184
ENSSSCG00000024588,0.418579312461386,0.112167533261299
ENSSSCG00000013102,5.02295174953664,0.486059310798964
ENSSSCG00000051873,2.18949178825956,0.52344848855273
ENSSSCG00000013100,2.60807110072095,1.12167533261299
ENSSSCG00000034506,2.41488064881569,1.15906451036676
ENSSSCG00000038067,0.257587269207007,0.560837666306496
ENSSSCG00000032591,24.0844096708552,26.6958729161892
ENSSSCG00000014119,154.487964706902,189.937022989133
ENSSSCG00000014121,55.6066517400626,34.8093244887565
ENSSSCG00000014123,32.2628054681776,27.1819322269882
ENSSSCG00000013118,16.7431724984555,28.1540508485861
ENSSSCG00000014124,6.21429286961904,32.3042495792542
ENSSSCG00000033780,31.4256468432549,3.81369613088418
ENSSSCG00000031117,12.975958686303,40.2681444408064
ENSSSCG00000013119,93.7939644000014,151.08966730297
ENSSSCG00000014126,15.5840297870239,22.5082850077674
ENSSSCG00000014127,20.8001719884658,13.0862122138182
ENSSSCG00000014128,0.643968173017518,1.12167533261299
ENSSSCG00000014129,12.1066016527293,9.08557019416524
ENSSSCG00000013490,35.4826463332652,39.3334149969623
ENSSSCG00000051760,1.25573793738416,0.336502599783898
ENSSSCG00000027302,46.5267005005156,93.7346686286924
ENSSSCG00000035757,10.2390939509785,6.39354939589406
ENSSSCG00000024389,20.8323703971167,50.3632224343234
ENSSSCG00000013124,74.8613001132864,66.0292879131515
ENSSSCG00000025210,9.43413373470663,7.17872212872315
ENSSSCG00000012963,86.130743141093,153.66952056798
ENSSSCG00000013125,101.360590432957,169.148640158039
ENSSSCG00000013591,26.6602823629252,31.2947417799025
ENSSSCG00000014054,3.99260267270861,4.03803119740677
ENSSSCG00000047023,0.193190451905255,0.486059310798964
ENSSSCG00000051369,2.35048383151394,0.822561910582861
ENSSSCG00000055755,0.579571355715766,0.0747783555075329
ENSSSCG00000012967,0.450777721112262,1.04689697710546
ENSSSCG00000052587,0.837158624922773,0.448670133045197
ENSSSCG00000012969,65.7169520564377,67.8239684453323
ENSSSCG00000060025,4.47557880247175,0.934729443844161
ENSSSCG00000057683,19.8020213202887,14.0583308354162
ENSSSCG00000012970,7.14804672049445,11.1419749706224
ENSSSCG00000036220,25.951917372606,21.4239988529082
ENSSSCG00000028612,117.009017037283,116.616845413997
ENSSSCG00000054089,0.869357033573649,0.747783555075329
ENSSSCG00000042189,0.998150668177152,0.673005199567796
ENSSSCG00000012971,55.2846676535539,70.5533784213573
ENSSSCG00000012973,26.0485125985586,23.8916845846567
ENSSSCG00000012974,571.521753553047,1041.17643290913
ENSSSCG00000028762,22.5388860556131,31.0330175356261
ENSSSCG00000014098,10.6576732634399,8.67428923887381
ENSSSCG00000061941,37.1569635831108,41.464598128927
ENSSSCG00000013281,36.5129954100932,44.7174565935047
ENSSSCG00000012975,4.08919789866124,1.12167533261299
ENSSSCG00000013282,18.8682674694133,10.0950779935169
ENSSSCG00000057793,4.5399756197735,1.86945888768832
ENSSSCG00000021739,52.7409933701347,67.076184890257
ENSSSCG00000013284,55.7032469660153,71.8246104649853
ENSSSCG00000013285,122.192960830074,149.407154304051
ENSSSCG00000024569,28.012615526262,23.9664629401643
ENSSSCG00000037427,51.7750411106084,53.6534700766548
ENSSSCG00000032010,138.131173112258,214.053042640313
ENSSSCG00000031513,25.3401476082393,61.6921432937146
ENSSSCG00000027045,56.5726039995889,50.587557500846
ENSSSCG00000023709,108.959414874564,182.982635926933
ENSSSCG00000030137,9.43413373470663,2.76679915377872
ENSSSCG00000013609,0.257587269207007,0.598226844060263
ENSSSCG00000029035,17.3549422628221,14.2826659019388
ENSSSCG00000013223,41.2139630731211,37.6509019980428
ENSSSCG00000013589,16.1314027340888,36.9031184429675
ENSSSCG00000040598,3.15544404778584,0.710394377321562
ENSSSCG00000013588,57.1199769466538,63.6737697146642
ENSSSCG00000012854,30.6850834442847,73.1706208641209
ENSSSCG00000013586,28.1092107522146,47.8955367025748
ENSSSCG00000013584,86.1629415497438,43.8201163274143
ENSSSCG00000013585,34.4200988477863,74.105350307965
ENSSSCG00000014556,76.6966094063863,83.2283096798841
ENSSSCG00000014557,71.8990465174058,108.466004663676
ENSSSCG00000014558,33.8405274920705,19.9284317427575
ENSSSCG00000013579,7.30903876374882,3.96325284189924
ENSSSCG00000013573,32.9711704584969,52.980464877087
ENSSSCG00000037188,0.515174538414014,0.972118621597927
ENSSSCG00000013576,138.098974703607,212.407918819147
ENSSSCG00000014559,84.9716004296614,118.374136768425
ENSSSCG00000031487,21.1221560749746,14.5817793239689
ENSSSCG00000036244,0.579571355715766,0.149556711015066
ENSSSCG00000014561,1.83530929309993,0.822561910582861
ENSSSCG00000012875,45.914930736149,61.6547541159608
ENSSSCG00000025023,65.362769561278,29.0513911146765
ENSSSCG00000034441,15.294244109166,36.6413941986911
ENSSSCG00000012878,39.4108521886721,42.3993275727711
ENSSSCG00000012879,20.5103863106079,19.8910425650037
ENSSSCG00000036537,107.961264206387,260.079120455199
ENSSSCG00000012880,105.546383557571,219.28752752584
ENSSSCG00000034876,12.203196878682,15.7034546565819
ENSSSCG00000013582,73.3157764980444,120.01926058959
ENSSSCG00000037451,69.7417531377971,78.2555490386331
ENSSSCG00000054981,40.7631853520089,90.0331400310695
ENSSSCG00000013476,5.08734856683839,1.53295628790442
ENSSSCG00000024158,26.3704966850673,12.8618771472957
ENSSSCG00000013475,62.4327143740483,85.0229902120649
ENSSSCG00000012882,2.44707905746657,1.75729135442702
ENSSSCG00000013583,64.9441902488166,133.292418692177
ENSSSCG00000013467,76.6644109977355,119.346255390022
ENSSSCG00000022380,34.9674717948512,76.3113117954373
ENSSSCG00000033382,8.43598306652948,4.74842557472834
ENSSSCG00000013554,48.4586050195682,71.226383620925
ENSSSCG00000013246,24.8571714784762,12.6749312585268
ENSSSCG00000013552,58.7942941964994,86.443778966708
ENSSSCG00000013248,109.088208509167,21.8352798081996
ENSSSCG00000013551,354.665471289398,147.948976371654
ENSSSCG00000013249,90.8317108041208,134.750596624574
ENSSSCG00000013252,1.89970611040168,0.635616021814029
ENSSSCG00000023097,30.3952977664268,51.4101194114288
ENSSSCG00000013256,172.42247832544,375.873403958614
ENSSSCG00000013257,87.1288938092701,102.222011978797
ENSSSCG00000033452,2.35048383151394,1.12167533261299
ENSSSCG00000026695,0.54737294706489,0.373891777537664
ENSSSCG00000013572,154.165980620394,191.731703521314
ENSSSCG00000013258,5.31273742739452,3.88847448639171
ENSSSCG00000013262,68.2928247485077,104.016692510978
ENSSSCG00000013261,0.386380903810511,0.373891777537664
ENSSSCG00000013260,361.71692278394,260.116509632953
ENSSSCG00000013259,152.620457005152,138.67646028872
ENSSSCG00000013570,23.9556160362517,28.1540508485861
ENSSSCG00000029236,32.0374166076215,40.9411496403742
ENSSSCG00000022066,27.2720521272919,33.2015898453446
ENSSSCG00000025078,73.3479749066953,91.1174261859288
ENSSSCG00000013569,7.37343558105058,10.9550290818536
ENSSSCG00000013568,53.8679376729153,81.321461614442
ENSSSCG00000032557,2.8012615526262,5.75793337408003
ENSSSCG00000033759,4.60437243707525,5.60837666306496
ENSSSCG00000054746,0.611769764366642,1.42078875464312
ENSSSCG00000040421,83.9090529441825,131.684684048765
ENSSSCG00000026169,42.0833201066948,30.9208500023648
ENSSSCG00000013481,86.7425129054596,161.596026251779
ENSSSCG00000055325,0.418579312461386,0.448670133045197
ENSSSCG00000052588,1.7387140671473,0.486059310798964
ENSSSCG00000056332,13.9741093544801,8.44995417235121
ENSSSCG00000054768,2.64026950937182,0.149556711015066
ENSSSCG00000043447,1.48112679794029,0.299113422030131
ENSSSCG00000043766,7.79201489351196,5.19709570777353
ENSSSCG00000050951,3.92820585540686,5.30926324103483
ENSSSCG00000056149,1.44892838928941,1.45817793239689
ENSSSCG00000013478,15.0688552486099,19.85365338725
ENSSSCG00000059500,31.3612500259531,27.2940997602495
ENSSSCG00000058940,5.57032469660153,3.88847448639171
ENSSSCG00000036792,7.05145149454182,3.25285846457768
ENSSSCG00000034545,7.56662603295583,8.07606239481355
ENSSSCG00000013471,8.04960216271897,5.7953225518338
ENSSSCG00000039774,3.41303131699284,4.22497708617561
ENSSSCG00000013469,10.5288796288364,6.69266281792419
ENSSSCG00000038635,6.85826104263656,9.08557019416524
ENSSSCG00000013155,120.19665949372,135.647936890665
ENSSSCG00000013468,35.4826463332652,41.614154839942
ENSSSCG00000040937,16.4211884119467,18.0215836773154
ENSSSCG00000012841,50.326112721319,121.103546744449
ENSSSCG00000023933,16.9363629503607,22.8821767853051
ENSSSCG00000012840,107.156303990115,230.018221541171
ENSSSCG00000059584,32.2950038768285,42.1749925062485
ENSSSCG00000012838,18.0633072531414,21.610944741677
ENSSSCG00000013513,8.91895919629262,10.4315805933008
ENSSSCG00000012837,98.3983368370767,136.133996201464
ENSSSCG00000013512,0.354182495159635,0.785172732829095
ENSSSCG00000013511,53.9001360815662,87.3037300550446
ENSSSCG00000013510,60.6618018982502,88.3132378543963
ENSSSCG00000013509,17.6125295320291,23.0691226740739
ENSSSCG00000013508,114.111160258704,183.05741428244
ENSSSCG00000013507,40.5699949001036,29.7617854919981
ENSSSCG00000013506,5.31273742739452,3.40241517559274
ENSSSCG00000052810,0.354182495159635,0.186945888768832
ENSSSCG00000013503,2.12509497095781,1.90684806544209
ENSSSCG00000013499,18.3208945223484,21.9848365192147
ENSSSCG00000013566,23.1506558199798,25.7611434723451
ENSSSCG00000040016,7.98520534541722,2.69202079827118
ENSSSCG00000013556,0.708364990319269,1.53295628790442
ENSSSCG00000033033,77.1795855361495,244.749557576155
ENSSSCG00000012956,63.4630634508764,72.6097831978144
ENSSSCG00000013553,35.3538526986617,25.9480893611139
ENSSSCG00000029723,108.573033970753,145.668236528674
ENSSSCG00000013462,5.57032469660153,0
ENSSSCG00000013461,0.804960216271897,0
ENSSSCG00000013460,395.396458232756,490.620790484923
ENSSSCG00000013457,76.9219982669425,94.5198413615215
ENSSSCG00000013453,39.5718442319265,52.830908166072
ENSSSCG00000035812,1.44892838928941,2.35551819848728
ENSSSCG00000040157,230.218621853763,349.551422819962
ENSSSCG00000012853,19.5766324597325,30.1730664472895
ENSSSCG00000012852,0.128793634603504,1.34601039913559
ENSSSCG00000013455,9.53072896065926,12.3758178364967
ENSSSCG00000032366,29.2683534636462,58.4766740068907
ENSSSCG00000013498,2.76906314397533,1.30862122138182
ENSSSCG00000013497,11.8168159748714,6.35616021814029
ENSSSCG00000013496,18.3208945223484,17.1990217667326
ENSSSCG00000012850,36.7061858619985,46.4747479479317
ENSSSCG00000044406,37.9941222080335,38.585631441887
ENSSSCG00000012848,57.8927387542748,119.234087856761
ENSSSCG00000027127,110.021962360043,169.111250980286
ENSSSCG00000014030,3.92820585540686,2.69202079827118
ENSSSCG00000014031,117.813977253555,171.915439311818
ENSSSCG00000012941,1.8675077017508,0.822561910582861
ENSSSCG00000039635,8.79016556168911,8.44995417235121
ENSSSCG00000014033,44.5625975728122,35.220605444048
ENSSSCG00000014034,36.062217688981,107.045215909033
ENSSSCG00000038918,139.644498318849,98.7074292699434
ENSSSCG00000014035,55.6710485573644,51.8961787222278
ENSSSCG00000014036,128.986825055409,134.264537313775
ENSSSCG00000014038,80.6570136704441,77.1712628837739
ENSSSCG00000032642,67.8420470273955,79.0407217714622
ENSSSCG00000013444,137.326212895986,174.869184354366
ENSSSCG00000013445,91.8620598809489,118.448915123932
ENSSSCG00000063429,1.80311088444905,0.972118621597927
ENSSSCG00000013446,64.0426348065921,107.269550975556
ENSSSCG00000038810,4.25018994191562,4.37453379719067
ENSSSCG00000013442,76.3424269112267,108.578172196938
ENSSSCG00000024672,32.0052181989706,65.4310610690912
ENSSSCG00000040793,335.571814959428,360.506451901816
ENSSSCG00000040624,92.9568057750787,139.349465488287
ENSSSCG00000013440,3.28423768238934,8.56212170561251
ENSSSCG00000021891,57.7639451196713,60.981748916393
ENSSSCG00000040416,81.6551643386212,64.5711099807546
ENSSSCG00000030415,36.8671779052529,57.1680527855089
ENSSSCG00000025675,2477.44215682434,2510.38417274339
ENSSSCG00000032170,48.1688193417103,67.7491900898248
ENSSSCG00000012944,4.60437243707525,3.73891777537664
ENSSSCG00000013495,10.9152605326469,8.56212170561251
ENSSSCG00000013494,10.1424987250259,5.7953225518338
ENSSSCG00000032429,2.18949178825956,1.60773464341196
ENSSSCG00000024242,51.3242633894962,61.953867537991
ENSSSCG00000013492,16.1957995513906,22.6204525410287
ENSSSCG00000013491,71.0940863011339,76.9469278172513
ENSSSCG00000013464,60.9193891674572,62.3651484932824
ENSSSCG00000013463,23.9878144449025,23.4804036293653
ENSSSCG00000024570,69.9993404070042,124.505961920042
ENSSSCG00000012957,255.268983784144,398.86774827718
ENSSSCG00000013517,42.2765105586,13.609660702371
ENSSSCG00000012959,0.965952259526276,0.598226844060263
ENSSSCG00000012960,6.63287218208043,27.5932131822796
ENSSSCG00000012961,147.146727534503,185.674656725204
ENSSSCG00000027334,55.2846676535539,77.7694897278342
ENSSSCG00000035293,79.9164502714739,99.9038829580639
ENSSSCG00000038954,27.0466632667357,49.6528280570018
ENSSSCG00000024771,14.9400616140064,36.2301132433997
ENSSSCG00000026063,87.0001001746666,78.3303273941407
ENSSSCG00000034898,76.6000141804337,60.6078571388554
ENSSSCG00000034615,39.0244712848616,24.0786304734256
ENSSSCG00000035176,8.24279261462422,8.74906759438134
ENSSSCG00000038013,10.0459034990733,7.44044637299952
ENSSSCG00000033949,40.0548203616896,56.5324367636948
ENSSSCG00000022689,25.9841157812568,14.0209416576624
ENSSSCG00000026784,61.7565477923799,90.2200859198384
ENSSSCG00000022757,34.9030749775495,37.463956109274
ENSSSCG00000028363,1.70651565849642,1.19645368812053
ENSSSCG00000026994,24.8571714784762,20.489269409064
ENSSSCG00000012965,56.9589849033994,83.9760932349594
ENSSSCG00000013604,28.6243852906287,8.74906759438134
ENSSSCG00000012966,41.246161481772,62.8138186263276
ENSSSCG00000040507,75.3120778343987,73.4323451083973
ENSSSCG00000024810,22.2812987864061,21.9848365192147
ENSSSCG00000060035,20.8645688057676,17.4233568332552
ENSSSCG00000013602,312.421159139449,323.154663325803
ENSSSCG00000013601,9.82051463851714,23.4056252738578
ENSSSCG00000013600,155.389520149127,227.849649231453
ENSSSCG00000013599,8.01740375406809,14.880892745999
ENSSSCG00000013598,34.774281342946,32.6407521790381
ENSSSCG00000013597,349.61032113121,463.737971679965
ENSSSCG00000041220,26.0163141899077,55.1116480090517
ENSSSCG00000032833,351.381233607008,775.077654835578
ENSSSCG00000013595,34.1625115785793,24.6394681397321
ENSSSCG00000013594,2.54367428341919,0.224335066522599
ENSSSCG00000013593,2.64026950937182,6.1318251516177
ENSSSCG00000013592,128.6648409689,177.785540219159
ENSSSCG00000029637,127.602293483421,140.321584109885
ENSSSCG00000022726,17.0651565849642,18.4328646326068
ENSSSCG00000024837,5.79571355715766,10.1324671712707
ENSSSCG00000012926,21.2187513009272,181.26273375026
ENSSSCG00000039360,11.3016414364574,30.1356772695357
ENSSSCG00000012927,23.4082430891868,40.492479507329
ENSSSCG00000029902,3.09104723048408,4.4493121526982
ENSSSCG00000038508,15.3586409264678,31.8181902684552
ENSSSCG00000033880,2.60807110072095,1.75729135442702
ENSSSCG00000039243,322.595856273125,483.703792600476
ENSSSCG00000036015,21.7339258393412,41.3150414179119
ENSSSCG00000039644,1.64211884119467,0.747783555075329
ENSSSCG00000022370,1.44892838928941,0.149556711015066
ENSSSCG00000031459,84.4886242998983,62.7390402708201
ENSSSCG00000013545,5.63472151390328,4.37453379719067
ENSSSCG00000012889,36.1266145062827,53.0178540548408
ENSSSCG00000012890,43.4034548613807,56.3081016971722
ENSSSCG00000037455,39.7972330924826,69.5064814442518
ENSSSCG00000028501,21.3475449355307,8.30039746133615
ENSSSCG00000012893,35.9656224630284,29.5374504254755
ENSSSCG00000013546,3.31643609104022,1.83206970993455
ENSSSCG00000051897,59.92123849928,106.783491664757
ENSSSCG00000013550,55.5744533314118,112.76576010536
ENSSSCG00000012884,130.661142305254,178.495934596481
ENSSSCG00000032785,4.02480108135948,4.33714461943691
ENSSSCG00000013538,197.40844343852,265.014491918696
ENSSSCG00000012885,156.097885139446,289.392235814152
ENSSSCG00000012886,33.9371227180232,59.9722411170413
ENSSSCG00000012856,135.29771315098,140.732865065177
ENSSSCG00000013539,57.4419610331626,92.9494958958633
ENSSSCG00000024254,16.6787756811537,30.1730664472895
ENSSSCG00000038079,14.4892838928941,19.5171507874661
ENSSSCG00000023969,0.676166581668393,1.23384286587429
ENSSSCG00000013534,91.0249012560261,117.588964035595
ENSSSCG00000012857,52.0648267884663,40.0064201965301
ENSSSCG00000013536,1.19134112008241,0.112167533261299
ENSSSCG00000035403,64.9119918401658,38.9221340416709
ENSSSCG00000013533,101.940161788673,119.42103374553
ENSSSCG00000012862,76.3746253198776,171.878050134064
ENSSSCG00000012859,56.6048024082398,35.5197188660781
ENSSSCG00000021181,17.1617518109168,37.9126262423192
ENSSSCG00000062960,5.69911833120503,3.47719353110028
ENSSSCG00000013532,48.4264066109173,14.2078875464312
ENSSSCG00000033043,50.1329222694137,31.5564660241789
ENSSSCG00000031764,14.8434663880538,14.2078875464312
ENSSSCG00000027307,20.6713783538623,28.6027209816313
ENSSSCG00000040968,45.3675577890841,32.8276980678069
ENSSSCG00000027128,94.8565118854803,143.462275041202
ENSSSCG00000059007,266.184244316791,357.926598636806
ENSSSCG00000030546,47.1706686735332,23.368236096104
ENSSSCG00000013524,22.4744892383114,32.977254778822
ENSSSCG00000013522,192.160102828427,185.450321658681
ENSSSCG00000012952,0.515174538414014,0.224335066522599
ENSSSCG00000012953,24.9537667044288,35.8188322881082
ENSSSCG00000013523,98.6559241062837,115.569948436892
ENSSSCG00000057023,158.738154648818,288.420117192554
ENSSSCG00000042523,0.708364990319269,2.31812902073352
ENSSSCG00000012955,56.8301912687959,75.4139715293469
ENSSSCG00000014007,16.4855852292484,10.2820238822858
ENSSSCG00000014009,56.9911833120503,59.9722411170413
ENSSSCG00000049258,2.8012615526262,1.45817793239689
ENSSSCG00000014012,11.2694430278066,32.0799145127316
ENSSSCG00000014010,60.5974050809484,39.8194743077612
ENSSSCG00000014011,0.321984086508759,0.299113422030131
ENSSSCG00000057993,132.560848415656,137.480006600599
ENSSSCG00000055787,6.69726899938218,10.2820238822858
ENSSSCG00000014015,4.73316607167875,3.88847448639171
ENSSSCG00000014016,254.818206063032,425.56362119337
ENSSSCG00000014017,152.20187769269,234.617090404884
ENSSSCG00000028488,1.09474589412978,3.32763682008521
ENSSSCG00000014019,62.1107302875396,80.7980131258893
ENSSSCG00000014020,478.597146186619,665.452585661535
ENSSSCG00000063154,13.0081570949539,7.17872212872315
ENSSSCG00000014023,60.7905955328537,75.4139715293469
ENSSSCG00000024043,88.8998062850683,84.1630391237282
ENSSSCG00000052203,6.31088809557167,2.50507490950235
ENSSSCG00000027351,9.56292736931014,6.24399268487899
ENSSSCG00000029380,68.0352374793007,44.0818405716906
ENSSSCG00000028295,1.32013475468591,0.373891777537664
ENSSSCG00000053800,43.5966453132859,12.001926058959
ENSSSCG00000014028,57.4419610331626,25.4620300503149
ENSSSCG00000014029,52.9985806393417,125.216356297364
ENSSSCG00000013474,0.772761807621021,1.23384286587429
ENSSSCG00000037153,31.6188372951601,61.7295324714684
ENSSSCG00000046145,0.676166581668393,2.20596148747222
ENSSSCG00000053343,0.418579312461386,0.149556711015066
ENSSSCG00000057618,0.418579312461386,0.186945888768832
ENSSSCG00000044427,0.0965952259526276,0.448670133045197
ENSSSCG00000055959,0.450777721112262,0.224335066522599
ENSSSCG00000061331,22.5066876469622,39.6699175967462
ENSSSCG00000055004,35.28945588136,42.2871600395098
ENSSSCG00000056792,0.54737294706489,0.411280955291431
ENSSSCG00000062558,0.193190451905255,0.52344848855273
ENSSSCG00000055438,42.0511216980439,60.1217978280564
ENSSSCG00000057850,1.35233316333679,0.598226844060263
ENSSSCG00000055821,0.418579312461386,0.0747783555075329
ENSSSCG00000052278,0.386380903810511,0.448670133045197
ENSSSCG00000029719,1.03034907682803,0.897340266090394
ENSSSCG00000061881,32.0374166076215,46.9981964364844
ENSSSCG00000014014,72.9615940028847,88.6497404541802
ENSSSCG00000014022,301.216112928944,138.564292755458
ENSSSCG00000021640,15.551831378373,2.54246408725612
ENSSSCG00000012933,1.93190451905255,0.822561910582861
ENSSSCG00000012968,8.91895919629262,34.6971569554952
ENSSSCG00000047888,2.15729337960868,0.486059310798964
ENSSSCG00000029949,164.598265023277,133.5167537587
ENSSSCG00000063023,0.418579312461386,0.149556711015066
ENSSSCG00000038005,13.1369507295574,9.53424032721044
ENSSSCG00000052617,0.837158624922773,0.261724244276365
ENSSSCG00000049480,0.579571355715766,0.52344848855273
ENSSSCG00000042713,1.28793634603504,0.673005199567796
ENSSSCG00000042777,2.41488064881569,0.373891777537664
ENSSSCG00000047820,0.386380903810511,0.261724244276365
ENSSSCG00000049464,1.35233316333679,6.58049528466289
ENSSSCG00000018538,1.41672998063854,0.52344848855273
ENSSSCG00000027361,6.76166581668393,24.9011923840084
ENSSSCG00000012978,9.82051463851714,40.1185877297914
ENSSSCG00000012980,34.2913052131828,49.615438879248
ENSSSCG00000012981,96.3054402747698,141.518037798006
ENSSSCG00000012982,45.8505339188472,49.6902172347556
ENSSSCG00000012983,172.100494238932,183.206970993455
ENSSSCG00000037531,60.0178337252326,116.280342814214
ENSSSCG00000012986,0.676166581668393,0.560837666306496
ENSSSCG00000012988,61.724349383729,42.5488842837862
ENSSSCG00000035604,12.975958686303,16.97468670021
ENSSSCG00000020737,17.3227438541712,24.2281871844406
ENSSSCG00000012985,205.651236053144,131.273403093474
ENSSSCG00000012984,88.3846317466543,88.836686342949
ENSSSCG00000012994,2.31828542286306,1.53295628790442
ENSSSCG00000012995,143.37951372235,195.95668060749
ENSSSCG00000012996,15.1654504745625,46.3999695924241
ENSSSCG00000012997,18.932664286715,19.5545399652198
ENSSSCG00000012999,152.652655413803,235.028371360176
ENSSSCG00000038112,0.869357033573649,0.336502599783898
ENSSSCG00000039740,88.4168301553052,134.41409402479
ENSSSCG00000013001,39.7972330924826,50.8118925673686
ENSSSCG00000027057,142.574553506078,142.004097108805
ENSSSCG00000013004,26.5314887283217,20.5640477645715
ENSSSCG00000013005,71.0940863011339,106.596545775988
ENSSSCG00000047012,0.676166581668393,1.83206970993455
ENSSSCG00000013007,37.6721381215248,40.1559769075451
ENSSSCG00000013008,15.1976488832134,6.05704679611016
ENSSSCG00000013010,6.66507059073131,3.73891777537664
ENSSSCG00000013011,6.31088809557167,8.18822992807485
ENSSSCG00000013012,16.4533868205976,24.003852117918
ENSSSCG00000034387,46.4623036832139,80.6110672371204
ENSSSCG00000013016,49.553350913698,58.4392848291369
ENSSSCG00000023890,73.8631494451093,112.055365728038
ENSSSCG00000013017,47.6214463946454,88.9488538762103
ENSSSCG00000013019,55.6066517400626,76.7599819284825
ENSSSCG00000013020,26.8534728148305,47.7833691693135
ENSSSCG00000062583,235.660152915761,324.799787146969
ENSSSCG00000013022,5.57032469660153,10.880250726346
ENSSSCG00000013023,3.7350154035016,7.47783555075329
ENSSSCG00000013024,0.386380903810511,0.299113422030131
ENSSSCG00000028806,29.3327502809479,48.6433202576501
ENSSSCG00000013030,47.3316607167875,163.20376089519
ENSSSCG00000013029,46.3335100486104,72.5350048423069
ENSSSCG00000013028,27.497440987848,44.0444513939369
ENSSSCG00000013032,64.7188013882605,108.652950552445
ENSSSCG00000013034,62.786896869208,67.9361359785936
ENSSSCG00000037999,54.9626835670451,35.3327729773093
ENSSSCG00000033757,50.326112721319,77.2086520615277
ENSSSCG00000054506,69.516364277241,126.0763073857
ENSSSCG00000013038,18.7072754261589,36.7909509097062
ENSSSCG00000013039,20.8645688057676,32.491195468023
ENSSSCG00000013040,8.53257829248211,7.70217061727588
ENSSSCG00000013041,8.46818147518036,4.97276064125094
ENSSSCG00000021620,190.06720626612,321.098258549346
ENSSSCG00000013043,18.5462833829045,23.1065118518277
ENSSSCG00000013046,72.9615940028847,161.072577763226
ENSSSCG00000022687,53.449358360454,55.5229289643431
ENSSSCG00000013049,4.47557880247175,9.16034854967277
ENSSSCG00000013050,75.7628555555109,140.284194932132
ENSSSCG00000013048,20.7679735798149,28.49055344837
ENSSSCG00000031666,14.8434663880538,7.73955979502965
ENSSSCG00000013052,116.783628176727,138.003455089152
ENSSSCG00000013054,121.130413344595,141.405870264745
ENSSSCG00000026914,36.6095906360459,60.8695813831317
ENSSSCG00000048856,257.780459658912,178.346377885466
ENSSSCG00000041050,7.37343558105058,2.65463162051742
ENSSSCG00000044913,0.965952259526276,0.673005199567796
ENSSSCG00000057738,9.65952259526276,5.98226844060263
ENSSSCG00000056754,16.3245931859941,18.8067564101445
ENSSSCG00000060056,5.44153106199802,3.66413941986911
ENSSSCG00000012992,34.5488924823898,37.8004587090579
ENSSSCG00000013316,26.0485125985586,17.8346377885466
ENSSSCG00000024950,3.89600744675598,3.43980435334651
ENSSSCG00000013318,233.08428022369,161.296912829748
ENSSSCG00000013321,8.33938784057685,7.02916541770809
ENSSSCG00000013322,9.2087448741505,9.08557019416524
ENSSSCG00000026083,4.34678516786824,2.24335066522599
ENSSSCG00000013326,24.7605762525235,8.33778663908991
ENSSSCG00000060827,0.450777721112262,0.149556711015066
ENSSSCG00000014255,85.9375526891877,169.933812890868
ENSSSCG00000030042,74.1529351229672,89.1731889427329
ENSSSCG00000021472,74.700308070032,73.9184044191962
ENSSSCG00000027565,30.4596945837286,26.3967594941591
ENSSSCG00000023121,35.4182495159635,32.1546928682391
ENSSSCG00000039542,59.2772703262625,109.849404240566
ENSSSCG00000027779,100.298042947478,163.241150072944
ENSSSCG00000029635,0.804960216271897,1.86945888768832
ENSSSCG00000013423,35.031868612153,48.3815960133738
ENSSSCG00000037642,6.34308650422255,6.95438706220056
ENSSSCG00000013419,45.8827323274981,70.7403243101261
ENSSSCG00000013416,52.6443981441821,48.34420683562
ENSSSCG00000029130,4.05699949001036,3.62675024211534
ENSSSCG00000013418,144.023481895368,150.940110591955
ENSSSCG00000013417,0.289785677857883,0.448670133045197
ENSSSCG00000037432,46.4945020918648,16.6755732781798
ENSSSCG00000013421,430.718112522767,572.054419632626
ENSSSCG00000013425,3.86380903810511,4.82320393023587
ENSSSCG00000039575,53.0307790479926,115.981229392183
ENSSSCG00000037102,31.8764245643671,48.3815960133738
ENSSSCG00000013111,1.60992043254379,2.65463162051742
ENSSSCG00000013113,148.853243192999,59.3366250952273
ENSSSCG00000013110,34.7098845256442,42.9227760613239
ENSSSCG00000013107,127.537896666119,140.770254242931
ENSSSCG00000013106,1.7387140671473,3.32763682008521
ENSSSCG00000013105,7.75981648486109,11.4784775704063
ENSSSCG00000037987,0.289785677857883,0.747783555075329
ENSSSCG00000013114,25.1147587476832,14.1704983686775
ENSSSCG00000039551,33.711733857467,38.3612963753644
ENSSSCG00000039236,1.9963013363543,1.23384286587429
ENSSSCG00000035693,69.9993404070042,67.6744117343172
ENSSSCG00000033442,3.34863449969109,6.46832775140159
ENSSSCG00000027907,275.135401921734,394.904495435281
ENSSSCG00000032810,0.386380903810511,0.373891777537664
ENSSSCG00000039640,35.9334240543775,65.6553961356138
ENSSSCG00000052718,17.387140671473,26.7706512716968
ENSSSCG00000040083,4.95855493223489,17.7598594330391
ENSSSCG00000058401,0.321984086508759,1.15906451036676
ENSSSCG00000014003,35.4504479246143,57.0558852522476
ENSSSCG00000014004,124.60784147889,235.66398738199
ENSSSCG00000055196,2.73686473532445,1.83206970993455
ENSSSCG00000023178,7.3412371723997,12.1140935922203
ENSSSCG00000014088,135.748490872093,160.474350919166
ENSSSCG00000035355,4.99075334088576,25.5741975835762
ENSSSCG00000037582,57.2809689899082,171.466769178773
ENSSSCG00000013056,0.643968173017518,0.224335066522599
ENSSSCG00000023571,0.772761807621021,0.261724244276365
ENSSSCG00000013045,46.1081211880543,78.6668299939246
ENSSSCG00000030610,178.153795065296,164.250657872296
ENSSSCG00000040838,66.940491585171,115.121278303847
ENSSSCG00000013232,71.4804672049444,130.301284471876
ENSSSCG00000013231,1.38453157198766,3.40241517559274
ENSSSCG00000013230,0.354182495159635,0.149556711015066
ENSSSCG00000032081,39.9904235443878,53.5039133656398
ENSSSCG00000013227,24.63178261792,26.2098136053903
ENSSSCG00000013226,9.17654646549962,6.1318251516177
ENSSSCG00000013233,125.187412834605,120.61748743365
ENSSSCG00000013239,97.7221702554083,156.436319721759
ENSSSCG00000013238,68.4216183831112,144.920452973599
ENSSSCG00000013237,22.313497195057,8.97340266090394
ENSSSCG00000013236,0.611769764366642,0.972118621597927
ENSSSCG00000013241,44.1118198517,59.0001224954434
ENSSSCG00000013242,35.547043150567,43.3340570166153
ENSSSCG00000013243,3.57402336024722,3.06591257580885
ENSSSCG00000013244,59.7602464560256,84.0508715904669
ENSSSCG00000013245,117.395397941093,137.106114823061
ENSSSCG00000023974,55.767643783317,45.7643535706101
ENSSSCG00000013266,77.1473871274986,19.7040966762349
ENSSSCG00000013267,24.8571714784762,28.7148885148926
ENSSSCG00000056689,2.83345996127708,2.24335066522599
ENSSSCG00000013269,29.8479248193619,44.2687864604595
ENSSSCG00000013270,113.917969806799,213.940875107052
ENSSSCG00000025647,66.135531368899,60.3835220723328
ENSSSCG00000039500,2.28608701421219,2.24335066522599
ENSSSCG00000025413,2.89785677857883,0.560837666306496
ENSSSCG00000024545,1.60992043254379,0.411280955291431
ENSSSCG00000022404,98.0119559332662,117.701131568857
ENSSSCG00000028025,19.0936563299694,19.367594076451
ENSSSCG00000026293,44.7235896160666,80.5736780593667
ENSSSCG00000022866,119.874675407211,94.931122316813
ENSSSCG00000038711,43.4356532700316,55.9715990973883
ENSSSCG00000032696,19.963013363543,23.2560685628427
ENSSSCG00000020665,14.8756647967047,23.218679385089
ENSSSCG00000025571,57.0555801293521,71.4133295096939
ENSSSCG00000037745,1.64211884119467,1.75729135442702
ENSSSCG00000035472,33.2609561363548,26.9949863382194
ENSSSCG00000028542,212.251909826574,285.50376132776
ENSSSCG00000020823,135.104522699075,110.971079573179
ENSSSCG00000032197,0.418579312461386,0.299113422030131
ENSSSCG00000024917,8.43598306652948,20.8631611866017
ENSSSCG00000023110,65.3949679699289,73.6940693526736
ENSSSCG00000038370,29.0751630117409,41.7263223732033
ENSSSCG00000027847,4.21799153326474,2.09379395421092
ENSSSCG00000058339,20.5103863106079,24.1907980066869
ENSSSCG00000028275,35.0640670208038,50.4380007898309
ENSSSCG00000030653,373.404945124208,381.780894043709
ENSSSCG00000020809,87.4508778957789,126.711923407514
ENSSSCG00000033054,12.460784147889,8.86123512764264
ENSSSCG00000013061,83.4260768144194,79.4520027267537
ENSSSCG00000013062,145.665600736562,214.838215373142
ENSSSCG00000013064,1442.8428900544,1145.30529295337
ENSSSCG00000013235,63.6562539027816,72.6097831978144
ENSSSCG00000013033,24.2454017141095,49.615438879248
ENSSSCG00000033411,96.3054402747698,37.1274535094901
ENSSSCG00000013405,1045.99750343235,1067.98447335858
ENSSSCG00000020720,19.4156404164782,21.5361663861695
ENSSSCG00000029886,10.8508637153452,4.18758790842184
ENSSSCG00000036546,53.5137551777557,105.287924554606
ENSSSCG00000022492,18.3530929309992,28.1914400263399
ENSSSCG00000013408,15.551831378373,9.7959645714868
ENSSSCG00000019944,0.354182495159635,0.52344848855273
ENSSSCG00000013406,55.1236756102995,64.7580558695234
ENSSSCG00000032877,5.63472151390328,3.29024764233145
ENSSSCG00000014252,65.8457456910412,98.445705025667
ENSSSCG00000036570,2.60807110072095,6.95438706220056
ENSSSCG00000061959,1.15914271143153,0.598226844060263
ENSSSCG00000052109,1.19134112008241,0.261724244276365
ENSSSCG00000014256,14.1994982150363,13.4974931691097
ENSSSCG00000014257,1.8675077017508,5.30926324103483
ENSSSCG00000014258,34.9996702035021,62.2155917822673
ENSSSCG00000013065,21.3797433441816,17.4981351887627
ENSSSCG00000013066,24.8893698871271,21.0501070753705
ENSSSCG00000014540,1975.43676754854,2559.77527655611
ENSSSCG00000023090,1.25573793738416,0.112167533261299
ENSSSCG00000026349,0.676166581668393,1.08428615485923
ENSSSCG00000034410,0.450777721112262,0.112167533261299
ENSSSCG00000035645,3.92820585540686,5.27187406328107
ENSSSCG00000052603,3.63842017754897,2.87896668704001
ENSSSCG00000012896,49.2635652358401,92.5382149405719
ENSSSCG00000032003,133.848784761691,222.615164345925
ENSSSCG00000060071,3.18764245643671,9.38468361619537
ENSSSCG00000012902,58.4723101099906,151.800061680292
ENSSSCG00000012903,38.7024871983528,50.587557500846
ENSSSCG00000062981,8.53257829248211,11.5532559259138
ENSSSCG00000012905,17.8379183925852,29.5748396032292
ENSSSCG00000012920,91.9586551069015,135.49838017965
ENSSSCG00000012909,3.02665041318233,6.1318251516177
ENSSSCG00000012910,23.7302271756955,26.9949863382194
ENSSSCG00000012911,3.09104723048408,0.972118621597927
ENSSSCG00000012912,1.93190451905255,2.61724244276365
ENSSSCG00000012913,103.968661533678,151.239224013985
ENSSSCG00000012914,16.1957995513906,20.1527668092801
ENSSSCG00000012915,8.59697510978386,5.08492817451223
ENSSSCG00000012916,40.6021933087545,53.2047999436096
ENSSSCG00000027956,46.4945020918648,41.6515440176958
ENSSSCG00000012917,22.7964733248201,20.1153776315263
ENSSSCG00000012918,89.0285999196718,110.260685195857
ENSSSCG00000024189,37.8975269820809,66.2162338019203
ENSSSCG00000014343,406.923488529769,404.438735762491
ENSSSCG00000026606,152.781449048406,101.212504179446
ENSSSCG00000026423,31.4256468432549,176.028248864732
ENSSSCG00000029239,2.76906314397533,15.3295628790442
ENSSSCG00000014347,6.34308650422255,182.234852371858
ENSSSCG00000014348,20.2206006327501,17.5355243665165
ENSSSCG00000014356,50.1973190867155,59.8226844060263
ENSSSCG00000014351,14.779069570752,13.7218282356323
ENSSSCG00000014349,34.0015195353249,18.7693672323907
ENSSSCG00000036711,79.5300693676634,132.694191848117
ENSSSCG00000029541,10.6898716720908,2.54246408725612
ENSSSCG00000021082,2.28608701421219,9.83335374924057
ENSSSCG00000050498,5.98890400906291,4.86059310798964
ENSSSCG00000057109,2.47927746611744,3.25285846457768
ENSSSCG00000052091,16.2279979600414,6.61788446241666
ENSSSCG00000037898,94.0515516692084,150.902721414201
ENSSSCG00000054557,13.8775141285275,5.08492817451223
ENSSSCG00000048979,5.3449358360454,2.57985326500988
ENSSSCG00000014259,29.6547343674567,6.84221952893926
ENSSSCG00000052907,1.54552361524204,0.373891777537664
ENSSSCG00000037358,2.70466632667357,0.149556711015066
ENSSSCG00000035393,25.694330103399,13.4227148136021
ENSSSCG00000042767,7.24464194644707,4.41192297494444
ENSSSCG00000013376,0.418579312461386,5.87010090734133
ENSSSCG00000013377,0.257587269207007,10.9924182596073
ENSSSCG00000013378,1.22353952873328,0.448670133045197
ENSSSCG00000042162,1.54552361524204,1.19645368812053
ENSSSCG00000013380,35.0640670208038,11.9645368812053
ENSSSCG00000025406,55.0592787929978,41.7637115509571
ENSSSCG00000013381,461.177807106495,449.455305778026
ENSSSCG00000018117,0.676166581668393,0.373891777537664
ENSSSCG00000013983,62.8190952778588,69.469092266498
ENSSSCG00000024671,16.0992043254379,9.98291046025564
ENSSSCG00000013992,457.957966241408,644.626813652687
ENSSSCG00000013991,35.7402336024722,34.8467136665103
ENSSSCG00000029050,32.681384780639,34.9588811997716
ENSSSCG00000013990,49.7465413656032,59.8974627615338
ENSSSCG00000013989,2.35048383151394,2.84157750928625
ENSSSCG00000013984,18.932664286715,30.247844802797
ENSSSCG00000052478,1.64211884119467,0.0747783555075329
ENSSSCG00000013074,21.1865528922763,21.2744421418931
ENSSSCG00000013073,8.01740375406809,11.366310037145
ENSSSCG00000013072,36.6739874533476,60.8695813831317
ENSSSCG00000024015,80.2706327666336,110.933690395425
ENSSSCG00000063433,25.8231237380025,21.9474473414609
ENSSSCG00000027538,50.2939143126681,52.3822380330268
ENSSSCG00000013078,11.945609609475,9.7959645714868
ENSSSCG00000021906,14.8756647967047,17.610302722024
ENSSSCG00000013088,90.7029171695173,41.9880466174797
ENSSSCG00000050990,8.24279261462422,3.47719353110028
ENSSSCG00000013082,29.3649486895988,45.0165700155348
ENSSSCG00000013083,113.402795268385,120.280984833867
ENSSSCG00000013084,21.4119417528325,9.98291046025564
ENSSSCG00000037843,31.5544404778584,35.8936106436158
ENSSSCG00000013086,38.2839078858914,50.1388873678008
ENSSSCG00000013087,50.6802952164786,67.1135740680107
ENSSSCG00000013094,246.67200867436,355.571080438319
ENSSSCG00000013093,0.515174538414014,0.149556711015066
ENSSSCG00000013079,46.6554941351191,29.5748396032292
ENSSSCG00000036669,490.38176375284,785.770959673155
ENSSSCG00000050103,0.450777721112262,0.673005199567796
ENSSSCG00000021675,1.67431724984555,1.12167533261299
ENSSSCG00000013786,69.8383483637498,66.4405688684429
ENSSSCG00000054846,4.95855493223489,0.598226844060263
ENSSSCG00000013778,21.8627194739447,44.1566189271982
ENSSSCG00000031299,86.2273383670456,209.229838710077
ENSSSCG00000013784,131.98127705994,342.933538357546
ENSSSCG00000032842,48.5552002455208,79.3398351934924
ENSSSCG00000013782,0.998150668177152,1.90684806544209
ENSSSCG00000013779,206.198609000209,259.630450322154
ENSSSCG00000013776,37.5111460782704,31.0704067133799
ENSSSCG00000013775,48.5230018368699,48.6807094354039
ENSSSCG00000026421,0.708364990319269,0.224335066522599
ENSSSCG00000029125,75.3764746517004,70.9272701988949
ENSSSCG00000054759,5.63472151390328,2.61724244276365
ENSSSCG00000014327,90.9605044387244,71.8619996427391
ENSSSCG00000014326,14.4248870755924,7.70217061727588
ENSSSCG00000014325,14.1672998063854,17.3859676555014
ENSSSCG00000051455,4.25018994191562,9.64640786047174
ENSSSCG00000021092,59.5026591868186,72.5350048423069
ENSSSCG00000014331,98.849114558189,111.008468750933
ENSSSCG00000014335,11.0762525759013,9.72118621597927
ENSSSCG00000014336,46.68769254377,108.914674796722
ENSSSCG00000014337,99.7506700004135,114.373494748772
ENSSSCG00000014338,216.8884806723,336.502599783898
ENSSSCG00000027997,2.54367428341919,0.747783555075329
ENSSSCG00000014329,6.92265785993831,15.3295628790442
ENSSSCG00000014214,2.83345996127708,0.373891777537664
ENSSSCG00000014215,21.0255608490219,13.123601391572
ENSSSCG00000029866,8.21059420597335,1.08428615485923
ENSSSCG00000058111,0.9337538508754,1.12167533261299
ENSSSCG00000013042,3.18764245643671,2.72940997602495
ENSSSCG00000043175,16.1957995513906,7.14133295096939
ENSSSCG00000026837,0.450777721112262,0.373891777537664
ENSSSCG00000028290,0.386380903810511,0.224335066522599
ENSSSCG00000029095,0.579571355715766,0.299113422030131
ENSSSCG00000029549,1.48112679794029,0.373891777537664
ENSSSCG00000026212,0.676166581668393,0.149556711015066
ENSSSCG00000023669,0.54737294706489,0.186945888768832
ENSSSCG00000027032,1.57772202389292,0.710394377321562
ENSSSCG00000025513,0.515174538414014,0.186945888768832
ENSSSCG00000027405,0.579571355715766,1.00950779935169
ENSSSCG00000013063,28.5599884733269,32.6407521790381
ENSSSCG00000013889,420.704407432344,463.775360857719
ENSSSCG00000018685,0.515174538414014,0.598226844060263
ENSSSCG00000013888,10.2068955423277,7.17872212872315
ENSSSCG00000013886,14.6824743447994,29.0513911146765
ENSSSCG00000013885,5.79571355715766,5.122317352266
ENSSSCG00000013884,37.8975269820809,54.2516969207151
ENSSSCG00000053735,121.967571969518,112.167533261299
ENSSSCG00000013883,9.75611782121539,5.94487926284886
ENSSSCG00000013878,45.7217402842437,63.6737697146642
ENSSSCG00000013879,67.4878645322358,62.9633753373427
ENSSSCG00000059815,2.9300551872297,0.972118621597927
ENSSSCG00000036568,49.5211525050471,79.6389486155225
ENSSSCG00000033453,23.6980287670446,36.7161725541986
ENSSSCG00000041467,1.32013475468591,0.448670133045197
ENSSSCG00000037025,138.678546059322,137.442617422845
ENSSSCG00000038440,34.3557020304846,22.73262007429
ENSSSCG00000039330,48.9737795579822,33.0894223120833
ENSSSCG00000031251,35.8368288284248,54.1021402097
ENSSSCG00000039295,15.8416170562309,18.5450321658681
ENSSSCG00000031877,10.110300316375,13.7966065911398
ENSSSCG00000037099,1.44892838928941,0.52344848855273
ENSSSCG00000031073,67.1336820370762,60.2339653613177
ENSSSCG00000036575,6.31088809557167,7.17872212872315
ENSSSCG00000013873,87.0644969919684,137.068725645308
ENSSSCG00000013874,27.6906314397533,39.370804174716
ENSSSCG00000013875,18.8682674694133,15.8156221898432
ENSSSCG00000013876,186.943960626985,349.887925419746
ENSSSCG00000036584,18.417489748301,17.3485784777476
ENSSSCG00000013869,14.263895032338,28.0044941375711
ENSSSCG00000013868,0.321984086508759,0.747783555075329
ENSSSCG00000013867,68.8079992869218,97.4735864040691
ENSSSCG00000013864,7.01925308589094,9.23512690518031
ENSSSCG00000013863,124.157063757777,93.0242742513709
ENSSSCG00000029710,6.92265785993831,2.16857230971845
ENSSSCG00000014080,76.4712205458302,436.929931230514
ENSSSCG00000013018,43.5322484959842,49.4284929904792
ENSSSCG00000049182,1.41672998063854,0
ENSSSCG00000013298,31.6832341124619,21.5361663861695
ENSSSCG00000013299,50.9378824856856,21.1622746086318
ENSSSCG00000013300,84.5208227085492,27.1071538714807
ENSSSCG00000022741,174.805160565605,223.400337078754
ENSSSCG00000014447,1.22353952873328,0.224335066522599
ENSSSCG00000014443,1.12694430278066,1.19645368812053
ENSSSCG00000014448,1.67431724984555,1.79468053218079
ENSSSCG00000014450,56.8945880860977,33.7998166894048
ENSSSCG00000033262,408.855393048822,438.612444229434
ENSSSCG00000054578,517.074244524416,540.273618541925
ENSSSCG00000032731,101.070804755099,136.956558112046
ENSSSCG00000045414,1.28793634603504,0.52344848855273
ENSSSCG00000060733,10.6898716720908,13.5348823468634
ENSSSCG00000013437,103.968661533678,98.5204833811745
ENSSSCG00000013436,26.1773062331621,40.5672578628366
ENSSSCG00000013435,113.306200042432,165.260165671648
ENSSSCG00000021750,102.680725187643,65.954509557644
ENSSSCG00000013434,1.22353952873328,0.673005199567796
ENSSSCG00000013433,12.3963873305872,6.95438706220056
ENSSSCG00000026387,6.02110241771379,22.6578417187825
ENSSSCG00000024379,0.998150668177152,0.560837666306496
ENSSSCG00000022265,30.8138770788882,62.2529809600211
ENSSSCG00000023329,2.76906314397533,3.62675024211534
ENSSSCG00000033169,522.580172403716,354.150291683676
ENSSSCG00000013427,67.713253392792,53.4291350101322
ENSSSCG00000023142,12.8793634603504,16.6381841004261
ENSSSCG00000024144,31.0392659394443,40.7915929293592
ENSSSCG00000013426,83.5548704490229,89.958361675562
ENSSSCG00000038701,3.76721381215248,2.01901559870339
ENSSSCG00000056515,34.7098845256442,41.3524305956657
ENSSSCG00000053466,325.783498729562,212.071416219363
ENSSSCG00000013432,79.0148948292494,75.4887498848544
ENSSSCG00000035532,81.97714842513,205.528310112454
ENSSSCG00000034339,11.0118557585996,20.8631611866017
ENSSSCG00000013429,123.126714680949,166.419230182014
ENSSSCG00000024052,84.8750052037088,109.774625885058
ENSSSCG00000042865,0.740563398970145,0.448670133045197
ENSSSCG00000062524,0.998150668177152,0.224335066522599
ENSSSCG00000039815,51.5818506587032,268.342128738782
ENSSSCG00000051737,1.28793634603504,4.00064201965301
ENSSSCG00000052398,7.50222921565408,15.2921737012905
ENSSSCG00000040185,56.7013976341924,28.1540508485861
ENSSSCG00000033323,27.1432584926884,11.2167533261299
ENSSSCG00000035762,22.4744892383114,20.1527668092801
ENSSSCG00000040863,13.4589348160661,8.71167841662758
ENSSSCG00000027984,4.15359471596299,0.934729443844161
ENSSSCG00000010428,0,46.2504128814091
ENSSSCG00000010429,2.22169019691044,1.71990217667326
ENSSSCG00000034973,27.0466632667357,16.4512382116572
ENSSSCG00000056553,1.80311088444905,0.859951088336628
ENSSSCG00000029088,26.1451078245112,27.7053807155409
ENSSSCG00000010416,23.859020810299,9.23512690518031
ENSSSCG00000029576,28.8175757425339,15.8156221898432
ENSSSCG00000010446,1.60992043254379,2.91635586479378
ENSSSCG00000010447,230.894788435431,310.143229467493
ENSSSCG00000010780,20.3815926760044,58.0653930515993
ENSSSCG00000010779,1.38453157198766,3.40241517559274
ENSSSCG00000053907,0.128793634603504,0.598226844060263
ENSSSCG00000010448,10.4644828115347,14.0209416576624
ENSSSCG00000010450,97.1747973083434,376.583798335935
ENSSSCG00000010449,7.59882444160671,9.49685114945667
ENSSSCG00000010451,16.0992043254379,22.2091715857373
ENSSSCG00000010426,2.54367428341919,7.17872212872315
ENSSSCG00000053385,6.82606263398569,15.5165087678131
ENSSSCG00000010433,27.5296393964989,21.5361663861695
ENSSSCG00000010435,33.5507418142127,37.3891777537664
ENSSSCG00000010437,8.9511576049435,12.6375420807731
ENSSSCG00000062685,50.326112721319,54.4386428094839
ENSSSCG00000010440,60.9837859847589,82.6674720135776
ENSSSCG00000023141,5.63472151390328,7.21611130647692
ENSSSCG00000010444,0.128793634603504,0.560837666306496
ENSSSCG00000010445,2.8012615526262,3.92586366414547
ENSSSCG00000010430,60.4686114463449,48.1946501246049
ENSSSCG00000057369,1.28793634603504,2.99113422030131
ENSSSCG00000055565,0.128793634603504,0.448670133045197
ENSSSCG00000045184,0.450777721112262,0.0373891777537664
ENSSSCG00000057518,0.450777721112262,0.336502599783898
ENSSSCG00000044941,0.482976129763138,0.261724244276365
ENSSSCG00000032475,14.1994982150363,8.33778663908991
ENSSSCG00000009702,15.9382122821836,15.5165087678131
ENSSSCG00000031537,7.27684035509795,6.0196576183564
ENSSSCG00000009699,1.77091247579817,154.342525767548
ENSSSCG00000059603,0.708364990319269,0.373891777537664
ENSSSCG00000032048,0.515174538414014,0.0747783555075329
ENSSSCG00000030118,11.0118557585996,4.8979822857434
ENSSSCG00000009704,59.4382623695169,25.7611434723451
ENSSSCG00000009705,13.4589348160661,7.47783555075329
ENSSSCG00000028699,32.1018134249233,73.2453992196284
ENSSSCG00000034740,21.5085369787851,165.821003337954
ENSSSCG00000026044,116.590437724822,783.116328052638
ENSSSCG00000023666,164.30847934542,229.681718941387
ENSSSCG00000009709,1.03034907682803,1.45817793239689
ENSSSCG00000009711,36.6739874533476,34.1737084669425
ENSSSCG00000009713,122.289556056027,365.180099121037
ENSSSCG00000009657,75.5052682863039,87.7524001880898
ENSSSCG00000009658,133.591197492484,234.131031094085
ENSSSCG00000009659,1.32013475468591,0.897340266090394
ENSSSCG00000030130,120.711834032134,213.305259085237
ENSSSCG00000009662,1.32013475468591,0.149556711015066
ENSSSCG00000033325,28.6565836992795,26.9202079827118
ENSSSCG00000009664,59.92123849928,153.519963856965
ENSSSCG00000009666,50.4549063559225,40.978538818128
ENSSSCG00000009667,0.869357033573649,0.0747783555075329
ENSSSCG00000009668,2153.68715783979,673.827761478379
ENSSSCG00000020846,239.29857309331,75.4513607071006
ENSSSCG00000024972,54.0611281248206,43.7453379719067
ENSSSCG00000050594,1.19134112008241,0.261724244276365
ENSSSCG00000009670,2.22169019691044,0.373891777537664
ENSSSCG00000009671,7.75981648486109,3.55197188660781
ENSSSCG00000009672,47.5892479859945,144.509172018307
ENSSSCG00000009674,34.3879004391354,41.0159279958818
ENSSSCG00000009676,102.55193155304,94.7441764280441
ENSSSCG00000058717,1.12694430278066,0.261724244276365
ENSSSCG00000052939,11.5270302970136,6.84221952893926
ENSSSCG00000009679,16.8075693157572,16.2269031451346
ENSSSCG00000009680,108.895018057262,200.33121440468
ENSSSCG00000009681,25.694330103399,36.9405076207212
ENSSSCG00000009682,12.7827682343977,10.3941914155471
ENSSSCG00000009683,150.173377947685,264.977102740943
ENSSSCG00000009684,16.6465772725028,11.2167533261299
ENSSSCG00000060564,2.15729337960868,0.486059310798964
ENSSSCG00000031889,52.9663822306908,8.78645677213511
ENSSSCG00000056245,5.08734856683839,3.40241517559274
ENSSSCG00000058977,0.9337538508754,0.710394377321562
ENSSSCG00000057597,94.2125437124628,71.712442931724
ENSSSCG00000042705,0.901555442224525,0.299113422030131
ENSSSCG00000052672,0.515174538414014,0
ENSSSCG00000062054,2.12509497095781,2.16857230971845
ENSSSCG00000046589,5.6025231052524,2.39290737624105
ENSSSCG00000058445,0.289785677857883,0.560837666306496
ENSSSCG00000043271,1.41672998063854,0.261724244276365
ENSSSCG00000048264,2.18949178825956,0.560837666306496
ENSSSCG00000044295,4.41118198517,0
ENSSSCG00000009866,1.44892838928941,0.112167533261299
ENSSSCG00000009868,37.86532857343,52.1952921442579
ENSSSCG00000034386,190.260396718026,283.933415862102
ENSSSCG00000030222,59.7280480473748,63.5242130036492
ENSSSCG00000009821,124.446849435635,121.70177358851
ENSSSCG00000009820,33.0677656844495,12.7123204362806
ENSSSCG00000009822,5.08734856683839,2.09379395421092
ENSSSCG00000009823,49.1991684185383,36.977896798475
ENSSSCG00000009824,1.64211884119467,0.897340266090394
ENSSSCG00000009825,20.8967672144184,26.247202783144
ENSSSCG00000009826,30.7172818529356,24.0412412956718
ENSSSCG00000009827,5.4737294706489,2.13118313196469
ENSSSCG00000036865,1.51332520659117,0.673005199567796
ENSSSCG00000010189,45.7861371015455,51.1110059893987
ENSSSCG00000009872,74.8613001132864,70.590767599111
ENSSSCG00000009844,31.5866388865092,28.5653318038776
ENSSSCG00000009845,1.7387140671473,1.08428615485923
ENSSSCG00000009849,97.7543686640592,77.6573221945729
ENSSSCG00000009850,17.9667120271887,25.61158676133
ENSSSCG00000010210,0.643968173017518,2.20596148747222
ENSSSCG00000009851,298.608041828223,381.481780621679
ENSSSCG00000009852,75.5052682863039,60.4956896055941
ENSSSCG00000010211,116.429445681567,173.485784777476
ENSSSCG00000009853,75.2798794257478,126.786701763022
ENSSSCG00000009854,11.7846175662206,10.730694015331
ENSSSCG00000009855,28.8497741511848,47.222531503007
ENSSSCG00000009881,88.6422190158613,324.388506191678
ENSSSCG00000046640,2.02849974500518,41.464598128927
ENSSSCG00000024081,15.8416170562309,17.2738001222401
ENSSSCG00000010226,93.1499962269839,25.2750841615461
ENSSSCG00000036476,68.9689913301761,39.2960258192085
ENSSSCG00000044108,0.128793634603504,16.4512382116572
ENSSSCG00000010203,424.053041932035,499.182912190536
ENSSSCG00000030289,142.703347140682,104.502751821777
ENSSSCG00000010204,6.69726899938218,3.14069093131638
ENSSSCG00000039130,1270.45261013761,758.02818977986
ENSSSCG00000039215,1.83530929309993,0.373891777537664
ENSSSCG00000010209,18.5784817915554,6.43093857364783
ENSSSCG00000023776,6.60067377342955,5.72054419632626
ENSSSCG00000036039,47.460454351391,84.9108226788036
ENSSSCG00000009873,23.343846271885,21.0127178976167
ENSSSCG00000009874,10.5610780374873,1.45817793239689
ENSSSCG00000009875,5.66691992255415,3.32763682008521
ENSSSCG00000009876,77.7269584832144,110.298074373611
ENSSSCG00000024418,50.2617159040172,226.653195543332
ENSSSCG00000031589,4.79756288898051,0.560837666306496
ENSSSCG00000028345,29.7513295934093,5.6831550185725
ENSSSCG00000034479,21.9271162912465,21.1996637863856
ENSSSCG00000010196,17.8057199839344,6.24399268487899
ENSSSCG00000009877,37.8009317561283,16.1521247896271
ENSSSCG00000009879,69.1299833734305,67.2631307790258
ENSSSCG00000023596,6.24649127826992,1.19645368812053
ENSSSCG00000037204,31.5222420692075,16.1895139673809
ENSSSCG00000010198,45.9793275534508,37.8752370645654
ENSSSCG00000009880,24.6961794352218,14.245276724185
ENSSSCG00000010199,4.57217402842437,2.65463162051742
ENSSSCG00000010200,25.0181635217306,20.2275451647876
ENSSSCG00000010201,0.740563398970145,0.897340266090394
ENSSSCG00000009856,78.4675218821845,667.957660571037
ENSSSCG00000009858,113.853572989497,106.895659198018
ENSSSCG00000009859,1.25573793738416,1.08428615485923
ENSSSCG00000009860,22.3778940123587,45.0165700155348
ENSSSCG00000023525,22.1847035604535,7.66478143952212
ENSSSCG00000033268,13.4589348160661,7.14133295096939
ENSSSCG00000009862,5.89230878311029,6.1318251516177
ENSSSCG00000010219,51.9360331538628,167.503516336874
ENSSSCG00000035873,25.7265285120498,44.3061756382132
ENSSSCG00000039707,1.77091247579817,0.224335066522599
ENSSSCG00000010221,8.30718943192598,11.9645368812053
ENSSSCG00000009864,66.6185074986622,79.7511161487838
ENSSSCG00000010222,0.611769764366642,0.149556711015066
ENSSSCG00000010224,4.28238835056649,0.635616021814029
ENSSSCG00000009865,30.105512088569,28.8270560481539
ENSSSCG00000036480,0.837158624922773,0.52344848855273
ENSSSCG00000009828,164.276280936769,149.668878548327
ENSSSCG00000031360,5.95670560041204,6.99177623995432
ENSSSCG00000050888,0.386380903810511,0.560837666306496
ENSSSCG00000058994,0.450777721112262,0.149556711015066
ENSSSCG00000053231,2.22169019691044,0.52344848855273
ENSSSCG00000054886,0.611769764366642,1.30862122138182
ENSSSCG00000061698,0.321984086508759,0.224335066522599
ENSSSCG00000056882,1.03034907682803,0.224335066522599
ENSSSCG00000062855,0.965952259526276,0.299113422030131
ENSSSCG00000059919,0.676166581668393,0.0373891777537664
ENSSSCG00000050213,8.30718943192598,7.96389486155225
ENSSSCG00000058988,0.0643968173017518,0.747783555075329
ENSSSCG00000009831,10.2390939509785,13.4227148136021
ENSSSCG00000009832,17.6125295320291,34.2110976446963
ENSSSCG00000009833,33.8083290834197,41.3898197734194
ENSSSCG00000009834,86.0985447324421,98.9691535142197
ENSSSCG00000040595,45.6251450582911,36.4170591321685
ENSSSCG00000009836,34.2913052131828,48.34420683562
ENSSSCG00000009839,18.3852913396501,30.0235097362744
ENSSSCG00000009840,98.0763527505679,150.79055388094
ENSSSCG00000059472,1.22353952873328,0.411280955291431
ENSSSCG00000009842,4.05699949001036,1.34601039913559
ENSSSCG00000010109,28.3024012041199,40.6046470405903
ENSSSCG00000034656,5.66691992255415,2.69202079827118
ENSSSCG00000010116,51.9682315625137,282.736962173982
ENSSSCG00000010117,0.160992043254379,1.38339957688936
ENSSSCG00000010138,18.9970611040168,18.6198105213757
ENSSSCG00000010188,41.3749551163755,74.2175178412264
ENSSSCG00000033787,10.4644828115347,16.8625191669487
ENSSSCG00000032073,10.2712923596294,13.123601391572
ENSSSCG00000038132,227.739344387645,152.435677702106
ENSSSCG00000038765,4.05699949001036,1.27123204362806
ENSSSCG00000010179,24.3097985314113,24.7516356729934
ENSSSCG00000010180,25.1147587476832,17.9094161440541
ENSSSCG00000010181,47.3960575340893,72.5350048423069
ENSSSCG00000010184,26.209504641813,16.7877408114411
ENSSSCG00000010183,40.3768044481983,38.3612963753644
ENSSSCG00000009791,138.839538102577,63.3372671148803
ENSSSCG00000021027,2.51147587476832,1.94423724319585
ENSSSCG00000009792,57.860540345624,31.7808010907015
ENSSSCG00000010185,133.237014997324,138.713849466473
ENSSSCG00000010186,21.5729337960868,24.6394681397321
ENSSSCG00000010187,41.5359471596299,58.2523389403681
ENSSSCG00000010128,27.9482187089603,33.5754816228823
ENSSSCG00000009793,47.7502400292489,28.1166616708324
ENSSSCG00000028005,24.5995842092692,33.0146439565758
ENSSSCG00000009799,45.6895418755929,52.2326813220117
ENSSSCG00000037762,3.44522972564372,0.822561910582861
ENSSSCG00000010130,25.9197189639551,43.2592786611078
ENSSSCG00000009796,41.6325423855825,7.59000308401458
ENSSSCG00000010131,22.1203067431517,17.5355243665165
ENSSSCG00000009794,55.5422549227609,45.6521860373488
ENSSSCG00000009801,37.8975269820809,61.3182515161769
ENSSSCG00000009802,4.63657084572613,2.65463162051742
ENSSSCG00000010132,131.208515252319,142.415378064096
ENSSSCG00000036483,74.3783239835233,203.210181091721
ENSSSCG00000009805,1.32013475468591,10.0202996380094
ENSSSCG00000060069,23.5692351324411,21.3866096751544
ENSSSCG00000049371,0.225388860556131,0.448670133045197
ENSSSCG00000036280,289.946669901137,428.554755413671
ENSSSCG00000010114,21.0255608490219,33.126811489837
ENSSSCG00000010133,67.0048884024727,87.9767352546124
ENSSSCG00000010134,53.5137551777557,76.7599819284825
ENSSSCG00000051618,88.5778221985595,112.578814216591
ENSSSCG00000009807,32.1340118335741,91.0052586526675
ENSSSCG00000009808,6.95485626858919,6.43093857364783
ENSSSCG00000010135,107.34949444202,89.808804964547
ENSSSCG00000009809,10.8186653066943,4.8979822857434
ENSSSCG00000034510,23.6658303583938,36.1927240656459
ENSSSCG00000010136,52.7087949614838,58.738398251167
ENSSSCG00000045641,0.54737294706489,0.149556711015066
ENSSSCG00000052847,1.15914271143153,0.299113422030131
ENSSSCG00000038308,83.3616799971176,76.0869767289147
ENSSSCG00000037811,20.5103863106079,31.855579446209
ENSSSCG00000010160,32.1984086508759,27.5558240045259
ENSSSCG00000010161,7.59882444160671,6.61788446241666
ENSSSCG00000010162,15.3908393351187,44.6426782379971
ENSSSCG00000009814,40.1514155876422,77.5077654835578
ENSSSCG00000010163,47.1384702648823,74.2549070189801
ENSSSCG00000009815,53.0951758652943,47.4468665695296
ENSSSCG00000010164,40.8919789866124,36.6413941986911
ENSSSCG00000051205,35.8368288284248,20.975328719863
ENSSSCG00000009817,10.0459034990733,7.44044637299952
ENSSSCG00000009818,27.4330441705462,6.24399268487899
ENSSSCG00000010118,75.4408714690022,70.9272701988949
ENSSSCG00000034014,24.116608079506,44.4183431714745
ENSSSCG00000009798,56.0574294611749,9.7959645714868
ENSSSCG00000040740,35.804630419774,49.0919903906953
ENSSSCG00000052153,9.75611782121539,8.41256499459745
ENSSSCG00000061078,0.354182495159635,1.04689697710546
ENSSSCG00000010121,70.9652926665304,86.1820547224316
ENSSSCG00000061530,0.418579312461386,0.710394377321562
ENSSSCG00000053471,1.44892838928941,0.373891777537664
ENSSSCG00000061477,2.41488064881569,19.8910425650037
ENSSSCG00000063011,148.305870245934,83.7891473461906
ENSSSCG00000052310,3.96040426405773,2.39290737624105
ENSSSCG00000029803,36.8027810879511,34.7719353110028
ENSSSCG00000010122,24.374195348713,15.7034546565819
ENSSSCG00000010170,3.38083290834197,2.43029655399482
ENSSSCG00000010171,34.4200988477863,22.8821767853051
ENSSSCG00000010172,40.8275821693106,50.6623358563535
ENSSSCG00000040087,17.0973549936151,17.6850810775315
ENSSSCG00000010175,42.3731057845527,40.7542037516054
ENSSSCG00000010176,12.3641889219363,10.1324671712707
ENSSSCG00000036472,5.98890400906291,9.34729443844161
ENSSSCG00000010092,143.154124861794,154.940752611608
ENSSSCG00000010094,20.3493942673536,27.6679915377872
ENSSSCG00000010095,104.805820158601,238.318619002507
ENSSSCG00000010096,9.24094328280138,3.77630695313041
ENSSSCG00000010097,76.7610062236881,81.8449101029947
ENSSSCG00000031713,16.4533868205976,7.77694897278342
ENSSSCG00000010258,13.8453157198766,16.8625191669487
ENSSSCG00000010259,19.6732276856852,41.0533171736355
ENSSSCG00000010260,147.629703664266,169.298196869054
ENSSSCG00000010327,40.0870187703405,44.4183431714745
ENSSSCG00000039544,978.831622986627,484.750689577582
ENSSSCG00000035600,24.4385921660148,5.9074900850951
ENSSSCG00000010234,0.643968173017518,0.149556711015066
ENSSSCG00000010235,38.7024871983528,25.7611434723451
ENSSSCG00000038913,39.6040426405773,31.6686335574402
ENSSSCG00000010241,12.6217761911433,4.00064201965301
ENSSSCG00000010243,83.9090529441825,18.8441455878983
ENSSSCG00000010245,74.0241414883636,54.6629778760065
ENSSSCG00000010246,34.7098845256442,30.8086824691035
ENSSSCG00000010247,120.454246762927,107.419107686571
ENSSSCG00000010248,20.4781879019571,24.5273006064708
ENSSSCG00000028559,1.9963013363543,5.53359830755743
ENSSSCG00000031694,10.5932764461382,4.59886886371327
ENSSSCG00000023374,30.0089168626163,8.22561910582861
ENSSSCG00000009589,18.9970611040168,4.74842557472834
ENSSSCG00000010250,56.8945880860977,49.5780497014943
ENSSSCG00000010251,12.3641889219363,18.3954754548531
ENSSSCG00000009605,1.80311088444905,4.07542037516054
ENSSSCG00000010252,13.4267364074152,5.27187406328107
ENSSSCG00000010253,131.498300930177,231.252064407045
ENSSSCG00000009580,10.0459034990733,6.35616021814029
ENSSSCG00000039841,3.6062217688981,4.63625804146704
ENSSSCG00000021161,50.1007238607629,65.5432286023525
ENSSSCG00000028033,52.9663822306908,50.8866709228761
ENSSSCG00000036152,58.3435164753871,157.969276009663
ENSSSCG00000009584,90.5097267176121,38.585631441887
ENSSSCG00000040498,1.09474589412978,0.822561910582861
ENSSSCG00000010256,3.92820585540686,53.8030267876699
ENSSSCG00000035249,64.8153966142131,57.7288904518154
ENSSSCG00000009591,23.5048383151394,23.0691226740739
ENSSSCG00000009592,68.5826104263656,95.0059006723205
ENSSSCG00000010278,17.0007597676625,3.92586366414547
ENSSSCG00000010280,18.5140849742536,27.8923266043098
ENSSSCG00000010281,1346.40865614503,1985.365338725
ENSSSCG00000009630,1.96410292770343,0.972118621597927
ENSSSCG00000009631,1.32013475468591,0.747783555075329
ENSSSCG00000009638,30.87827389619,44.8670133045197
ENSSSCG00000023662,12.6217761911433,12.974044680557
ENSSSCG00000010283,94.7921150681786,428.367809524902
ENSSSCG00000009633,45.914930736149,20.6762152978328
ENSSSCG00000058071,27.7228298484041,18.8441455878983
ENSSSCG00000023130,44.8523832506701,43.1845003056002
ENSSSCG00000033113,54.3509138026785,79.2276676602311
ENSSSCG00000039915,13.8453157198766,9.12295937191901
ENSSSCG00000061761,64.1714284411956,62.9633753373427
ENSSSCG00000033608,31.1680595740478,83.8639257016981
ENSSSCG00000031871,56.8301912687959,33.463314089621
ENSSSCG00000031888,90.1555442224525,190.535249833194
ENSSSCG00000010288,43.6932405392386,59.7479060505188
ENSSSCG00000010289,64.1070316238939,84.8734335010498
ENSSSCG00000033037,9.49853055200838,6.39354939589406
ENSSSCG00000031924,4.15359471596299,1.38339957688936
ENSSSCG00000009642,9.337538508754,62.6642619153125
ENSSSCG00000010290,46.7198909524209,54.5134211649914
ENSSSCG00000009644,118.103762931413,64.982390936046
ENSSSCG00000010292,44.4016055295578,61.4304190494382
ENSSSCG00000033301,16.5177836378993,27.854937426556
ENSSSCG00000052117,4.34678516786824,1.94423724319585
ENSSSCG00000025492,20.9933624403711,25.4246408725612
ENSSSCG00000010295,15.294244109166,20.3023235202952
ENSSSCG00000026898,20.6391799452114,19.9658209205113
ENSSSCG00000010100,5.18394379279102,1.83206970993455
ENSSSCG00000023482,33.4219481796092,33.0520331343295
ENSSSCG00000010101,9.78831622986627,4.8979822857434
ENSSSCG00000010298,50.583699990526,30.8834608246111
ENSSSCG00000009645,1.41672998063854,0.224335066522599
ENSSSCG00000009646,3.54182495159635,0.560837666306496
ENSSSCG00000010299,71.2872767530392,173.635341488491
ENSSSCG00000010102,11.1728478018539,8.59951088336628
ENSSSCG00000052017,0.418579312461386,0.299113422030131
ENSSSCG00000010300,26.209504641813,13.9835524799086
ENSSSCG00000010301,69.9027451810515,73.469734286151
ENSSSCG00000010104,6.2786896869208,5.75793337408003
ENSSSCG00000010105,88.449028563956,82.3683585915474
ENSSSCG00000009650,11.8490143835223,13.2357689248333
ENSSSCG00000010106,4.21799153326474,0.486059310798964
ENSSSCG00000010302,76.1492364593215,117.252461435812
ENSSSCG00000010107,75.6662603295583,83.7891473461906
ENSSSCG00000009593,59.4382623695169,18.5076429881144
ENSSSCG00000009594,85.5189733767263,100.240385557848
ENSSSCG00000010108,25.8875205553042,29.0887802924303
ENSSSCG00000010142,12.6861730084451,4.18758790842184
ENSSSCG00000010304,1.03034907682803,0.598226844060263
ENSSSCG00000010303,0.321984086508759,0.747783555075329
ENSSSCG00000009595,1.19134112008241,0.710394377321562
ENSSSCG00000051966,1.64211884119467,0.486059310798964
ENSSSCG00000010306,135.329911559631,189.637909567103
ENSSSCG00000033204,0.965952259526276,0.52344848855273
ENSSSCG00000040631,14.0707045804328,39.1838582859472
ENSSSCG00000009601,2.18949178825956,0.52344848855273
ENSSSCG00000028694,85.9375526891877,97.2492513375465
ENSSSCG00000010143,46.430105274563,40.6794253960979
ENSSSCG00000010144,1.09474589412978,0.299113422030131
ENSSSCG00000030228,0.0965952259526276,0.598226844060263
ENSSSCG00000032622,14.006307763131,11.7775909924364
ENSSSCG00000057024,22.05590992585,21.4613880306619
ENSSSCG00000010145,49.9719302261594,48.0450934135899
ENSSSCG00000010146,113.467192085687,54.0647510319463
ENSSSCG00000009626,71.8024512914532,75.9748091956534
ENSSSCG00000009625,7.63102285025758,10.4315805933008
ENSSSCG00000009627,26.8212744061796,14.0583308354162
ENSSSCG00000009628,194.446189842639,162.829869117653
ENSSSCG00000010148,4.50777721112262,2.43029655399482
ENSSSCG00000009629,18.0633072531414,14.3574442574463
ENSSSCG00000038853,16.3567915946449,11.5906451036676
ENSSSCG00000026819,96.8850116304855,233.08413411698
ENSSSCG00000057206,7.05145149454182,5.4588199520499
ENSSSCG00000057404,0.772761807621021,0.560837666306496
ENSSSCG00000045477,20.5747831279097,9.5716295049642
ENSSSCG00000010151,27.3364489445936,18.4328646326068
ENSSSCG00000061246,0.9337538508754,0.448670133045197
ENSSSCG00000035523,62.2073255134922,80.4615105261054
ENSSSCG00000010308,21.7017274306903,19.9658209205113
ENSSSCG00000010309,179.828112315142,194.5732810306
ENSSSCG00000010310,62.4327143740483,58.738398251167
ENSSSCG00000010311,35.0640670208038,27.8175482488022
ENSSSCG00000033307,0.579571355715766,0.747783555075329
ENSSSCG00000033692,39.443050597323,26.733262093943
ENSSSCG00000034844,19.0936563299694,15.7034546565819
ENSSSCG00000010312,53.7391440383118,35.2579946218017
ENSSSCG00000031680,29.3327502809479,22.5456741855212
ENSSSCG00000060488,57.2487705812573,26.2098136053903
ENSSSCG00000010313,162.086789148509,167.840018936657
ENSSSCG00000055425,21.7661242479921,18.3580862770993
ENSSSCG00000010158,129.01902346406,163.428095961713
ENSSSCG00000026176,1.03034907682803,1.49556711015066
ENSSSCG00000041667,31.1680595740478,30.4347906915659
ENSSSCG00000010174,23.859020810299,36.6413941986911
ENSSSCG00000010089,0.772761807621021,0.972118621597927
ENSSSCG00000048933,1.32013475468591,1.71990217667326
ENSSSCG00000054443,1.60992043254379,1.64512382116572
ENSSSCG00000050944,0.160992043254379,0.448670133045197
ENSSSCG00000043646,0.901555442224525,0.224335066522599
ENSSSCG00000044112,2.18949178825956,0.336502599783898
ENSSSCG00000062278,2.38268224016482,0
ENSSSCG00000059534,1.32013475468591,0.0747783555075329
ENSSSCG00000057250,0.579571355715766,0.149556711015066
ENSSSCG00000057341,1.64211884119467,0.224335066522599
ENSSSCG00000044783,1.0625474854789,0.448670133045197
ENSSSCG00000050163,1.12694430278066,0.373891777537664
ENSSSCG00000051194,4.47557880247175,1.04689697710546
ENSSSCG00000061668,3.54182495159635,1.34601039913559
ENSSSCG00000061097,2.06069815365606,0.747783555075329
ENSSSCG00000010314,100.330241356129,119.234087856761
ENSSSCG00000010315,32.0052181989706,22.8447876075513
ENSSSCG00000019775,0.450777721112262,0.486059310798964
ENSSSCG00000010703,588.90889422452,868.999269353039
ENSSSCG00000010316,45.8183355101964,36.1179457101384
ENSSSCG00000010702,306.078072635226,125.216356297364
ENSSSCG00000010317,2.25388860556131,0.673005199567796
ENSSSCG00000010728,8.33938784057685,4.00064201965301
ENSSSCG00000010319,16.1957995513906,11.5906451036676
ENSSSCG00000040586,19.9952117721939,20.6762152978328
ENSSSCG00000010320,107.735875345831,169.148640158039
ENSSSCG00000024388,46.1081211880543,80.4241213483516
ENSSSCG00000037237,10.9474589412978,19.2928157209435
ENSSSCG00000010765,37.1569635831108,66.8892390014881
ENSSSCG00000010322,60.436413037694,97.2492513375465
ENSSSCG00000034308,4.25018994191562,5.53359830755743
ENSSSCG00000010719,15.4874345610713,23.7795170513954
ENSSSCG00000058782,7.18024512914532,5.9074900850951
ENSSSCG00000010325,7.27684035509795,50.0641090122932
ENSSSCG00000023865,12.1388000613802,11.1045857928686
ENSSSCG00000010721,6.56847536477868,3.62675024211534
ENSSSCG00000023565,26.5314887283217,16.1147356118733
ENSSSCG00000010723,26.1773062331621,16.1147356118733
ENSSSCG00000010726,82.2991325116387,67.225741601272
ENSSSCG00000010768,158.963543509374,47.4094773917758
ENSSSCG00000039199,10.5932764461382,5.94487926284886
ENSSSCG00000056661,1.9963013363543,0.448670133045197
ENSSSCG00000010770,47.4926527600419,11.6280342814214
ENSSSCG00000026268,278.709425281982,461.644177725754
ENSSSCG00000010762,0.386380903810511,0.149556711015066
ENSSSCG00000054537,6.02110241771379,1.34601039913559
ENSSSCG00000042315,5.02295174953664,1.83206970993455
ENSSSCG00000056964,0.579571355715766,1.00950779935169
ENSSSCG00000057211,1.35233316333679,0.336502599783898
ENSSSCG00000044237,6.21429286961904,3.73891777537664
ENSSSCG00000053796,1.28793634603504,0.224335066522599
ENSSSCG00000059909,1.70651565849642,0.673005199567796
ENSSSCG00000010761,7.11584831184357,1.86945888768832
ENSSSCG00000010764,33.711733857467,12.5253745475118
ENSSSCG00000023681,13.1691491382082,31.855579446209
ENSSSCG00000029482,16.614378863852,44.0444513939369
ENSSSCG00000037530,56.797992860145,86.6681140332306
ENSSSCG00000010701,4.18579312461386,0.0747783555075329
ENSSSCG00000010756,23.2472510459324,25.9854785388677
ENSSSCG00000010757,3.50962654294547,2.13118313196469
ENSSSCG00000040426,15.1010536572608,15.5538979455668
ENSSSCG00000010759,52.9985806393417,56.7193826524637
ENSSSCG00000010755,49.1669700098875,71.0020485544024
ENSSSCG00000026302,54.5763026632346,28.6401101593851
ENSSSCG00000010753,10.3356891769312,0.486059310798964
ENSSSCG00000055799,1114.19373295491,2.43029655399482
ENSSSCG00000002980,3.15544404778584,0.822561910582861
ENSSSCG00000010734,56.6691992255415,355.533691260565
ENSSSCG00000010735,34.0337179439758,27.4810456490183
ENSSSCG00000010732,69.5807610945428,43.7827271496605
ENSSSCG00000035045,101.360590432957,135.348823468634
ENSSSCG00000010772,1.51332520659117,1.30862122138182
ENSSSCG00000010773,128.117468021835,115.308224192616
ENSSSCG00000041880,0.965952259526276,7.32827883973822
ENSSSCG00000048391,4.47557880247175,46.0260778148865
ENSSSCG00000046518,0.0643968173017518,1.90684806544209
ENSSSCG00000010774,22.2491003777552,19.3302048986972
ENSSSCG00000033363,0.643968173017518,1.30862122138182
ENSSSCG00000010791,29.3327502809479,46.6243046589467
ENSSSCG00000038086,132.786237276212,213.080924018715
ENSSSCG00000009966,0.193190451905255,1.60773464341196
ENSSSCG00000009951,81.7517595645739,97.2118621597927
ENSSSCG00000033385,155.421718557778,306.852981825161
ENSSSCG00000009954,1.89970611040168,2.61724244276365
ENSSSCG00000010057,0.676166581668393,0.0373891777537664
ENSSSCG00000010746,29.3649486895988,30.4347906915659
ENSSSCG00000010699,47.9112320725033,46.3999695924241
ENSSSCG00000010700,24.7283778438727,22.6204525410287
ENSSSCG00000056235,0.321984086508759,0.224335066522599
ENSSSCG00000042700,2.15729337960868,0.710394377321562
ENSSSCG00000062115,0.482976129763138,0.373891777537664
ENSSSCG00000053237,0.386380903810511,0.411280955291431
ENSSSCG00000027988,14.9400616140064,16.7877408114411
ENSSSCG00000045438,0.579571355715766,1.30862122138182
ENSSSCG00000053690,0.450777721112262,0.112167533261299
ENSSSCG00000010056,7.85641171081371,4.5614796859595
ENSSSCG00000010055,9.49853055200838,2.54246408725612
ENSSSCG00000025393,15.551831378373,13.3105472803408
ENSSSCG00000009999,40.1514155876422,58.1401714071068
ENSSSCG00000010002,183.337738858087,253.648181881551
ENSSSCG00000056371,42.6628914624105,20.6388261200791
ENSSSCG00000010005,32.8423768238934,29.126169470184
ENSSSCG00000010006,3.67061858619985,2.31812902073352
ENSSSCG00000010007,14.3282918496398,11.1793641483762
ENSSSCG00000060999,15.4874345610713,10.7680831930847
ENSSSCG00000038709,1.19134112008241,0.224335066522599
ENSSSCG00000010062,101.714772928117,165.708835804693
ENSSSCG00000057266,20.0274101808448,53.952583498685
ENSSSCG00000035836,9.27314169145225,6.35616021814029
ENSSSCG00000010025,101.650376110815,292.64509427873
ENSSSCG00000010026,154.262575846346,166.381841004261
ENSSSCG00000010027,105.160002653761,96.7631920267475
ENSSSCG00000010029,41.3105582990738,59.2992359174736
ENSSSCG00000010030,36.8993763139038,35.6692755770932
ENSSSCG00000009957,0.804960216271897,0.673005199567796
ENSSSCG00000009958,5.66691992255415,0.299113422030131
ENSSSCG00000009959,3.34863449969109,3.51458270885404
ENSSSCG00000009960,58.6011037445941,49.7276064125093
ENSSSCG00000050530,3.96040426405773,2.69202079827118
ENSSSCG00000009962,59.6314528214221,90.7809235861449
ENSSSCG00000009963,32.4559959200829,21.0127178976167
ENSSSCG00000009964,0.740563398970145,0.0373891777537664
ENSSSCG00000010009,4.18579312461386,8.89862430539641
ENSSSCG00000010010,116.719231359425,151.388780725
ENSSSCG00000010011,175.288136695368,257.349710479174
ENSSSCG00000010012,1.48112679794029,2.69202079827118
ENSSSCG00000033833,20.0274101808448,17.7972486107928
ENSSSCG00000010015,0.772761807621021,0.747783555075329
ENSSSCG00000010016,125.187412834605,180.440171839677
ENSSSCG00000020912,4.31458675921737,1.04689697710546
ENSSSCG00000010464,13.6843236766222,5.53359830755743
ENSSSCG00000010465,97.7543686640592,112.952705994128
ENSSSCG00000010017,93.117797818333,124.468572742288
ENSSSCG00000010528,54.3187153940276,72.834118264337
ENSSSCG00000010529,2.09289656230693,1.79468053218079
ENSSSCG00000040359,2.22169019691044,1.34601039913559
ENSSSCG00000010530,1.96410292770343,0.635616021814029
ENSSSCG00000029781,37.607741304223,60.6078571388554
ENSSSCG00000030345,8.30718943192598,14.731336034984
ENSSSCG00000010513,9.01555442224525,11.5158667481601
ENSSSCG00000010023,5.3449358360454,48.7554877909114
ENSSSCG00000010506,0.321984086508759,0.859951088336628
ENSSSCG00000010507,1.54552361524204,19.2180373654359
ENSSSCG00000010508,202.849974500518,239.477683512874
ENSSSCG00000010509,47.3638591254384,51.1483951671525
ENSSSCG00000010476,181.309239113082,135.909661134941
ENSSSCG00000009956,87.933854025542,36.7535617319524
ENSSSCG00000010533,9.75611782121539,3.36502599783898
ENSSSCG00000010534,56.9589849033994,49.7276064125093
ENSSSCG00000010535,0.321984086508759,0.822561910582861
ENSSSCG00000010536,174.772962156954,94.5198413615215
ENSSSCG00000010467,41.8579312461386,31.4816876686713
ENSSSCG00000010468,3.70281699485073,8.07606239481355
ENSSSCG00000039887,90.2199410397542,82.443136947055
ENSSSCG00000010470,44.6913912074157,68.9456437779453
ENSSSCG00000010471,14.521482301545,5.15970653001977
ENSSSCG00000036314,13.3301411814626,9.98291046025564
ENSSSCG00000010473,11.6558239316171,15.853011367597
ENSSSCG00000010474,0.0643968173017518,1.12167533261299
ENSSSCG00000010475,0.225388860556131,180.440171839677
ENSSSCG00000061268,11.4304350710609,24.5646897842245
ENSSSCG00000010454,60.4686114463449,59.1870683842123
ENSSSCG00000010455,0.482976129763138,0.486059310798964
ENSSSCG00000010456,30.4274961750777,144.808285440337
ENSSSCG00000031346,16.1957995513906,13.8339957688936
ENSSSCG00000039261,0.0965952259526276,1.12167533261299
ENSSSCG00000010457,14.5858791188468,2.24335066522599
ENSSSCG00000009967,90.3809330830086,71.562886220709
ENSSSCG00000010459,5.6025231052524,0.598226844060263
ENSSSCG00000010531,12.5895777824925,12.9366555028032
ENSSSCG00000010532,6.89045945128744,0.785172732829095
ENSSSCG00000037185,13.9741093544801,17.7598594330391
ENSSSCG00000010514,52.9019854133891,68.1604710451162
ENSSSCG00000010517,41.9223280634404,62.8138186263276
ENSSSCG00000010518,29.5581391415041,28.1914400263399
ENSSSCG00000010519,52.9985806393417,48.5685419021426
ENSSSCG00000010520,79.8520534541722,76.6478143952212
ENSSSCG00000010521,17.9989104358396,29.5748396032292
ENSSSCG00000010522,0.321984086508759,0.224335066522599
ENSSSCG00000010523,34.8708765688986,32.2294712237467
ENSSSCG00000036954,29.8157264107111,46.586915481193
ENSSSCG00000010525,18.0955056617922,40.7542037516054
ENSSSCG00000036824,14.779069570752,63.4120454703879
ENSSSCG00000009968,35.9334240543775,42.0628249729872
ENSSSCG00000034864,13.0725539122556,5.27187406328107
ENSSSCG00000034860,15.3586409264678,12.6375420807731
ENSSSCG00000032261,224.61609874851,211.697524441826
ENSSSCG00000010460,29.5259407328532,16.6007949226723
ENSSSCG00000030996,379.36165072462,616.211038559824
ENSSSCG00000022429,0.611769764366642,0.448670133045197
ENSSSCG00000010617,0.579571355715766,0
ENSSSCG00000036083,59.148476691659,35.1084379107867
ENSSSCG00000010477,4.5399756197735,1.53295628790442
ENSSSCG00000010478,8.4037846578786,44.0818405716906
ENSSSCG00000010479,98.3983368370767,984.718774500946
ENSSSCG00000010480,4.50777721112262,0.0747783555075329
ENSSSCG00000024359,15.1654504745625,7.85172732829095
ENSSSCG00000010556,117.685183618951,378.303700512609
ENSSSCG00000010481,0.193190451905255,0.747783555075329
ENSSSCG00000027230,4.28238835056649,3.43980435334651
ENSSSCG00000037592,51.4530570240996,52.980464877087
ENSSSCG00000010483,3.6062217688981,27.5558240045259
ENSSSCG00000029533,22.3778940123587,26.9575971604656
ENSSSCG00000010560,32.7457815979408,38.7725773306558
ENSSSCG00000030428,25.5977348774463,28.6027209816313
ENSSSCG00000021798,135.812887689394,114.85955405957
ENSSSCG00000010484,16.1314027340888,8.30039746133615
ENSSSCG00000022005,15.1976488832134,11.8897585256977
ENSSSCG00000010485,16.871966133059,12.2636503032354
ENSSSCG00000057811,0.740563398970145,0.224335066522599
ENSSSCG00000061845,0.0643968173017518,7.17872212872315
ENSSSCG00000010620,79.5944661849652,111.718863128254
ENSSSCG00000010621,217.564647253968,216.146836594524
ENSSSCG00000035347,0.225388860556131,42.735830172555
ENSSSCG00000022128,71.4482687962936,92.0521556297729
ENSSSCG00000024236,3.76721381215248,0.822561910582861
ENSSSCG00000030507,48.3298113849647,37.2770102205051
ENSSSCG00000009744,44.2406134863035,52.7187406328107
ENSSSCG00000059716,0.0321984086508759,5.7953225518338
ENSSSCG00000040815,4.63657084572613,28.9392235814152
ENSSSCG00000033051,14.0385061717819,6.73005199567796
ENSSSCG00000030026,0.418579312461386,1.64512382116572
ENSSSCG00000009735,1.09474589412978,0.635616021814029
ENSSSCG00000026781,68.74360246962,98.0718132481293
ENSSSCG00000058563,0.0321984086508759,7.85172732829095
ENSSSCG00000062451,0.676166581668393,1.64512382116572
ENSSSCG00000010489,4.44338039382087,1.12167533261299
ENSSSCG00000055326,16.1636011427397,8.67428923887381
ENSSSCG00000051054,17.5159343060765,13.1983797470795
ENSSSCG00000010493,120.164461085069,232.934577405965
ENSSSCG00000035618,45.2065657458297,42.9227760613239
ENSSSCG00000010625,118.200358157365,34.8467136665103
ENSSSCG00000010494,39.5074474146247,27.854937426556
ENSSSCG00000045726,7.05145149454182,8.89862430539641
ENSSSCG00000035290,2.76906314397533,1.38339957688936
ENSSSCG00000010031,36.9315747225546,15.6286763010744
ENSSSCG00000009742,95.9190593709592,127.310150251575
ENSSSCG00000009739,20.4781879019571,20.2275451647876
ENSSSCG00000010032,38.8634792416072,34.3232651779576
ENSSSCG00000028735,51.5818506587032,54.9994804757904
ENSSSCG00000010033,27.2720521272919,43.4088353721228
ENSSSCG00000028018,105.739574009476,152.398288524352
ENSSSCG00000010034,17.0007597676625,19.367594076451
ENSSSCG00000055956,55.0592787929978,55.4107614310818
ENSSSCG00000023569,16.7431724984555,23.5177928071191
ENSSSCG00000009741,26.2739014591147,19.3302048986972
ENSSSCG00000029226,100.169249312875,224.858515011151
ENSSSCG00000010495,94.8243134768295,107.568664397586
ENSSSCG00000009748,4.668769254377,7.66478143952212
ENSSSCG00000010496,34.6132892996916,442.239194471549
ENSSSCG00000010626,5.92450719176116,1.12167533261299
ENSSSCG00000010035,69.6773563204954,90.6313668751298
ENSSSCG00000042192,1.60992043254379,0.560837666306496
ENSSSCG00000010036,7.92080852811547,195.769734718721
ENSSSCG00000010039,3.50962654294547,2.16857230971845
ENSSSCG00000010497,36.577392227395,390.642129171352
ENSSSCG00000009745,11.945609609475,46.9608072587306
ENSSSCG00000035443,0.676166581668393,6.1318251516177
ENSSSCG00000040522,0.128793634603504,1.34601039913559
ENSSSCG00000031037,0.482976129763138,11.7775909924364
ENSSSCG00000046471,1.44892838928941,27.1819322269882
ENSSSCG00000033879,2.02849974500518,2.50507490950235
ENSSSCG00000009746,212.026520966018,175.878692153717
ENSSSCG00000009747,11.5914271143153,6.65527364017042
ENSSSCG00000009738,1.22353952873328,2.09379395421092
ENSSSCG00000038719,0.450777721112262,2.95374504254755
ENSSSCG00000035929,2.25388860556131,0.972118621597927
ENSSSCG00000024860,7.50222921565408,3.06591257580885
ENSSSCG00000010502,26.1773062331621,66.3657905129354
ENSSSCG00000009722,7.85641171081371,14.2826659019388
ENSSSCG00000010503,28.9785677857883,8.63690006112004
ENSSSCG00000010047,25.8231237380025,14.0209416576624
ENSSSCG00000010046,7.50222921565408,8.22561910582861
ENSSSCG00000056696,71.1906815270866,39.7446959522537
ENSSSCG00000010504,13.5877284506696,3.96325284189924
ENSSSCG00000035148,17.129553402266,8.41256499459745
ENSSSCG00000010052,128.890229829456,355.159799483027
ENSSSCG00000010505,1.15914271143153,0.373891777537664
ENSSSCG00000050121,5.57032469660153,2.95374504254755
ENSSSCG00000010527,6.85826104263656,10.3194130600395
ENSSSCG00000032821,1.77091247579817,1.00950779935169
ENSSSCG00000038904,14.5858791188468,20.2649343425414
ENSSSCG00000009755,32.0374166076215,79.8258945042913
ENSSSCG00000010672,27.1432584926884,14.6565576794764
ENSSSCG00000054264,31.1036627567461,22.4708958300136
ENSSSCG00000046546,3.89600744675598,2.43029655399482
ENSSSCG00000009758,41.0207726212159,45.1661267265498
ENSSSCG00000010053,56.1862230957784,81.2466832589345
ENSSSCG00000010452,16.0348075081362,11.366310037145
ENSSSCG00000010054,0.740563398970145,1.86945888768832
ENSSSCG00000010486,12.4285857392381,5.6831550185725
ENSSSCG00000010059,81.3975770694142,113.924824615726
ENSSSCG00000010058,64.9763886574675,81.2092940811807
ENSSSCG00000009998,52.0970251971172,46.8112505477156
ENSSSCG00000057185,4.89415811493313,1.90684806544209
ENSSSCG00000057183,0.611769764366642,2.72940997602495
ENSSSCG00000054147,0.418579312461386,0.299113422030131
ENSSSCG00000052820,0.354182495159635,1.15906451036676
ENSSSCG00000057968,1.7387140671473,0.747783555075329
ENSSSCG00000060561,2.44707905746657,1.12167533261299
ENSSSCG00000040413,65.9745393256447,73.5445126416586
ENSSSCG00000010379,11.2050462105048,4.26236626392937
ENSSSCG00000058540,2.25388860556131,0.972118621597927
ENSSSCG00000058877,58.6976989705467,83.6395906351755
ENSSSCG00000010351,42.6628914624105,69.319535555483
ENSSSCG00000033616,11.1406493932031,10.3568022377933
ENSSSCG00000037951,18.4496881569519,12.1140935922203
ENSSSCG00000032144,19.9952117721939,13.3105472803408
ENSSSCG00000010352,0.515174538414014,0.747783555075329
ENSSSCG00000010674,70.289126084862,46.8860289032231
ENSSSCG00000009729,32.2628054681776,23.1439010295814
ENSSSCG00000009730,8.24279261462422,6.39354939589406
ENSSSCG00000010370,10.0781019077242,22.246560763491
ENSSSCG00000052289,15.6484266043257,7.47783555075329
ENSSSCG00000009732,36.6417890446968,86.2194439001854
ENSSSCG00000009733,96.3054402747698,144.883063795845
ENSSSCG00000010380,37.2535588090634,27.4062672935108
ENSSSCG00000009753,4.5399756197735,14.8435035682453
ENSSSCG00000042937,0.901555442224525,0
ENSSSCG00000043778,7.37343558105058,3.55197188660781
ENSSSCG00000009714,53.1273742739452,48.1198717690974
ENSSSCG00000040893,0.257587269207007,0.635616021814029
ENSSSCG00000010381,18.7394738348098,188.81534765652
ENSSSCG00000038222,92.0230519242033,115.6447267924
ENSSSCG00000010679,264.767514336152,330.482942165541
ENSSSCG00000009716,56.3472151390328,41.2028738846506
ENSSSCG00000009717,23.2472510459324,16.5634057449185
ENSSSCG00000010376,3.09104723048408,2.39290737624105
ENSSSCG00000049931,0.193190451905255,0.598226844060263
ENSSSCG00000029331,106.995311946861,144.546561196061
ENSSSCG00000010680,50.1007238607629,129.104830783755
ENSSSCG00000010681,12.3319905132855,15.853011367597
ENSSSCG00000010682,119.45609609475,174.607460110089
ENSSSCG00000036758,3.6062217688981,6.99177623995432
ENSSSCG00000009720,38.6058919724002,39.8194743077612
ENSSSCG00000024300,59.8246432733274,57.5045553852928
ENSSSCG00000009759,108.251049884245,217.418068638152
ENSSSCG00000010337,1.54552361524204,0.598226844060263
ENSSSCG00000009761,267.504379071477,515.372426157916
ENSSSCG00000061214,1.03034907682803,0.934729443844161
ENSSSCG00000035760,4.82976129763138,5.5709874853112
ENSSSCG00000010339,13.7809189025749,5.08492817451223
ENSSSCG00000010340,229.445860046142,377.331581891011
ENSSSCG00000032962,204.492093341713,212.482697174655
ENSSSCG00000009764,26.982266449434,37.9126262423192
ENSSSCG00000010664,39.70063786653,15.7034546565819
ENSSSCG00000009765,110.215152811948,42.6610518170475
ENSSSCG00000010341,110.66593053306,190.348303944425
ENSSSCG00000010665,56.4760087736363,49.1667687462029
ENSSSCG00000009766,28.6887821079304,30.8086824691035
ENSSSCG00000020671,19.6410292770343,45.9139102816252
ENSSSCG00000009768,24.7283778438727,14.8435035682453
ENSSSCG00000010669,58.4401117013397,110.148517662596
ENSSSCG00000032558,40.730986943358,34.4728218889726
ENSSSCG00000010342,1.83530929309993,1.08428615485923
ENSSSCG00000009770,34.6776861169933,40.342922796314
ENSSSCG00000009769,39.2820585540686,17.7598594330391
ENSSSCG00000009771,30.105512088569,16.9372975224562
ENSSSCG00000009772,330.162482306081,292.196424145685
ENSSSCG00000009773,25.5977348774463,49.2789362794641
ENSSSCG00000010345,74.4749192094759,167.989575647673
ENSSSCG00000024634,1.77091247579817,3.85108530863794
ENSSSCG00000022212,18.5462833829045,17.2738001222401
ENSSSCG00000010348,24.6961794352218,18.7693672323907
ENSSSCG00000009778,21.540735387436,16.1895139673809
ENSSSCG00000009777,56.5082071822872,53.0178540548408
ENSSSCG00000009776,47.2672638994858,43.9322838606756
ENSSSCG00000010687,29.6869327761076,18.5450321658681
ENSSSCG00000009775,51.4208586154488,45.0539591932885
ENSSSCG00000009774,4.05699949001036,2.72940997602495
ENSSSCG00000009779,17.8379183925852,6.99177623995432
ENSSSCG00000010357,72.3176258298672,67.0014065347494
ENSSSCG00000009781,30.2021073145216,31.2947417799025
ENSSSCG00000009782,48.3942082022664,25.7237542945913
ENSSSCG00000010688,61.1447780280133,62.9259861595889
ENSSSCG00000009783,18.9648626953659,24.3403547177019
ENSSSCG00000010690,63.5274602681781,113.102262705143
ENSSSCG00000009784,2.15729337960868,8.93601348315018
ENSSSCG00000010358,0.54737294706489,0.822561910582861
ENSSSCG00000060206,1.41672998063854,1.00950779935169
ENSSSCG00000028889,18.2886961136975,25.0881382727773
ENSSSCG00000010691,6.50407854747693,189.862244633626
ENSSSCG00000009786,78.0489425697231,103.231519778149
ENSSSCG00000010692,159.865098951599,510.624000583188
ENSSSCG00000010360,57.6351514850678,50.587557500846
ENSSSCG00000009787,27.9482187089603,13.9835524799086
ENSSSCG00000024048,28.7209805165813,57.7288904518154
ENSSSCG00000009788,46.945279812977,32.1546928682391
ENSSSCG00000039546,9.91710986446977,3.85108530863794
ENSSSCG00000010627,240.554311030694,128.282268873173
ENSSSCG00000026850,5.3449358360454,7.10394377321562
ENSSSCG00000009751,20.5425847192588,5.2344848855273
ENSSSCG00000037918,14.5858791188468,5.9074900850951
ENSSSCG00000060429,0.772761807621021,0.710394377321562
ENSSSCG00000037735,7.82421330216284,2.84157750928625
ENSSSCG00000059363,0.740563398970145,1.00950779935169
ENSSSCG00000058862,0.128793634603504,0.448670133045197
ENSSSCG00000010368,161.797003470651,294.178050566634
ENSSSCG00000062741,0.772761807621021,0.336502599783898
ENSSSCG00000059008,0.772761807621021,0
ENSSSCG00000048761,1.54552361524204,0.299113422030131
ENSSSCG00000063146,0.257587269207007,0.897340266090394
ENSSSCG00000027767,9.01555442224525,6.50571692915536
ENSSSCG00000028341,25.6299332860972,5.98226844060263
ENSSSCG00000036770,0.869357033573649,0.448670133045197
ENSSSCG00000055707,4.28238835056649,3.43980435334651
ENSSSCG00000010628,57.9571355715766,77.2834304170352
ENSSSCG00000010639,4.02480108135948,1.23384286587429
ENSSSCG00000010640,12.7827682343977,9.98291046025564
ENSSSCG00000032408,62.2073255134922,74.3296853744877
ENSSSCG00000034754,76.4068237285285,21.0127178976167
ENSSSCG00000010644,12.5573793738416,11.1793641483762
ENSSSCG00000010645,5.98890400906291,8.67428923887381
ENSSSCG00000010329,169.041645417098,122.187832899309
ENSSSCG00000010330,10.2068955423277,15.9651789008583
ENSSSCG00000033074,61.9497382442852,73.8436260636887
ENSSSCG00000010331,150.881742938004,255.21852734721
ENSSSCG00000010332,46.945279812977,111.158025461948
ENSSSCG00000054028,1.03034907682803,0.0747783555075329
ENSSSCG00000042873,3.70281699485073,8.22561910582861
ENSSSCG00000055059,5.66691992255415,3.96325284189924
ENSSSCG00000063009,1.8675077017508,0.934729443844161
ENSSSCG00000010593,8.24279261462422,18.1711403883305
ENSSSCG00000010594,86.0341479151404,66.8518498237344
ENSSSCG00000010359,0.9337538508754,0.448670133045197
ENSSSCG00000020954,10.5932764461382,3.58936106436158
ENSSSCG00000010597,9.8849114558189,7.55261390626082
ENSSSCG00000032165,30.7494802615865,27.219321404742
ENSSSCG00000010599,59.2772703262625,80.3867321705978
ENSSSCG00000010600,24.5029889833165,21.2744421418931
ENSSSCG00000010603,49.6177477309997,56.4950475859411
ENSSSCG00000010604,70.1281340416077,111.943198194777
ENSSSCG00000010605,17.129553402266,18.5076429881144
ENSSSCG00000010606,49.1991684185383,20.489269409064
ENSSSCG00000010607,123.384301950156,30.5843474025809
ENSSSCG00000010608,5.76351514850678,1.04689697710546
ENSSSCG00000010609,23.0218621853763,3.51458270885404
ENSSSCG00000010652,13.3945379987644,9.60901868271797
ENSSSCG00000010610,0,0.560837666306496
ENSSSCG00000010653,3.12324563913496,0.486059310798964
ENSSSCG00000022351,31.7798293384145,15.7408438343357
ENSSSCG00000010654,11.1728478018539,10.5437481265621
ENSSSCG00000030271,1.12694430278066,11.7402018146827
ENSSSCG00000010655,3.54182495159635,5.19709570777353
ENSSSCG00000010613,27.4652425791971,20.2275451647876
ENSSSCG00000010614,31.8764245643671,6.16921432937146
ENSSSCG00000010698,55.9286358265714,285.802874749791
ENSSSCG00000049635,1.44892838928941,0.897340266090394
ENSSSCG00000050964,0.901555442224525,0.149556711015066
ENSSSCG00000010629,17.6769263493309,42.6236626392937
ENSSSCG00000040025,0.321984086508759,14.0209416576624
ENSSSCG00000010647,4.63657084572613,2.84157750928625
ENSSSCG00000053925,11.1728478018539,20.6014369423253
ENSSSCG00000045636,1.7387140671473,0.448670133045197
ENSSSCG00000060789,0.740563398970145,0.299113422030131
ENSSSCG00000054634,2.9300551872297,1.75729135442702
ENSSSCG00000060936,1.28793634603504,3.14069093131638
ENSSSCG00000045261,15.0044584313082,6.80483035118549
ENSSSCG00000048494,0.450777721112262,0.897340266090394
ENSSSCG00000048917,18.675077017508,9.7959645714868
ENSSSCG00000044927,1.48112679794029,0.0747783555075329
ENSSSCG00000056519,18.8038706521115,16.8999083447024
ENSSSCG00000010737,66.7151027246148,49.8023847680169
ENSSSCG00000010739,117.234405897839,139.386854666041
ENSSSCG00000010683,31.2002579826987,57.7662796295691
ENSSSCG00000039838,14.779069570752,4.52409050820574
ENSSSCG00000010685,144.248870755924,60.6452463166091
ENSSSCG00000010738,68.486015200413,68.2352494006237
ENSSSCG00000025820,39.8616299097843,62.2903701377749
ENSSSCG00000049861,1.15914271143153,0.598226844060263
ENSSSCG00000025876,16.8397677244081,9.27251608293407
ENSSSCG00000010238,195.895118231929,128.543993117449
ENSSSCG00000010239,38.4127015204949,11.5158667481601
ENSSSCG00000010240,4.12139630731211,1.94423724319585
ENSSSCG00000022303,11.3982366624101,7.81433815053718
ENSSSCG00000010276,6.24649127826992,12.5253745475118
ENSSSCG00000010277,35.1606622467565,27.8175482488022
ENSSSCG00000010686,69.516364277241,78.5172732829095
ENSSSCG00000010741,41.761336020186,51.4101194114288
ENSSSCG00000010742,38.7346856070037,49.6528280570018
ENSSSCG00000010743,29.5903375501549,23.218679385089
ENSSSCG00000010744,47.460454351391,39.0716907526859
ENSSSCG00000010745,23.5370367237903,9.01079183865771
ENSSSCG00000010548,15.9704106908344,18.8067564101445
ENSSSCG00000010550,23.3116478632341,19.4049832542048
ENSSSCG00000010551,16.0026090994853,10.880250726346
ENSSSCG00000010552,1.09474589412978,0.373891777537664
ENSSSCG00000010554,86.3239335929982,140.583308354162
ENSSSCG00000006164,1.9963013363543,3.06591257580885
ENSSSCG00000006165,36.9315747225546,25.0133599172697
ENSSSCG00000006166,44.884581659321,81.9196884585022
ENSSSCG00000010555,48.6839938801243,52.1205137887504
ENSSSCG00000010563,56.282818321731,60.9443597386393
ENSSSCG00000010564,16.6465772725028,28.7896668704002
ENSSSCG00000010565,73.9597446710619,49.0172120351878
ENSSSCG00000010566,29.5259407328532,25.7611434723451
ENSSSCG00000055478,3.12324563913496,2.16857230971845
ENSSSCG00000010568,17.4515374887747,3.77630695313041
ENSSSCG00000010569,222.78078945541,230.915561807261
ENSSSCG00000010570,4.73316607167875,4.6736472192208
ENSSSCG00000010571,42.6950898710614,87.1541733440295
ENSSSCG00000010573,13.491133224717,23.6299603403804
ENSSSCG00000010574,182.178596146656,167.877408114411
ENSSSCG00000010575,53.6747472210101,58.8131766066746
ENSSSCG00000010576,109.152605326469,132.021186648549
ENSSSCG00000010578,0.0321984086508759,1.15906451036676
ENSSSCG00000010580,63.6562539027816,71.07682690991
ENSSSCG00000010581,12.0422048354276,26.0602568943752
ENSSSCG00000038504,9.17654646549962,13.1609905693258
ENSSSCG00000033359,89.9301553618963,77.4329871280503
ENSSSCG00000010584,5.18394379279102,10.730694015331
ENSSSCG00000010585,109.893168725439,173.560563132984
ENSSSCG00000009612,6.82606263398569,3.47719353110028
ENSSSCG00000009611,104.38724084614,115.906451036676
ENSSSCG00000009610,0.998150668177152,0.224335066522599
ENSSSCG00000009609,0.740563398970145,0.972118621597927
ENSSSCG00000009613,48.3298113849647,82.5553044803163
ENSSSCG00000051235,0.354182495159635,0.486059310798964
ENSSSCG00000009614,106.641129451701,101.025558290677
ENSSSCG00000009615,11.1406493932031,21.610944741677
ENSSSCG00000009616,7.98520534541722,2.46768573174858
ENSSSCG00000009617,13.4589348160661,13.7966065911398
ENSSSCG00000033355,3.41303131699284,3.51458270885404
ENSSSCG00000061162,0.611769764366642,0.934729443844161
ENSSSCG00000009619,0.450777721112262,0.261724244276365
ENSSSCG00000009620,102.777320413596,71.5254970429552
ENSSSCG00000009621,0.515174538414014,0.299113422030131
ENSSSCG00000009622,41.4393519336773,41.464598128927
ENSSSCG00000010261,26.5958855456235,130.114338583107
ENSSSCG00000010266,0.0643968173017518,0.710394377321562
ENSSSCG00000010267,4.34678516786824,6.31877104038653
ENSSSCG00000034444,221.621646743979,294.327607277649
ENSSSCG00000036446,10.4644828115347,8.26300828358238
ENSSSCG00000010271,0.837158624922773,3.62675024211534
ENSSSCG00000010272,6.95485626858919,8.59951088336628
ENSSSCG00000010273,2.96225359588058,1.15906451036676
ENSSSCG00000010274,127.280309396912,224.409844878106
ENSSSCG00000010275,43.9830262170965,60.6826354943629
ENSSSCG00000045502,13.5555300420187,3.10330175356261
ENSSSCG00000010384,6.18209446096817,1.00950779935169
ENSSSCG00000010385,18.9004658780641,17.2364109444863
ENSSSCG00000036822,6.11769764366642,1.49556711015066
ENSSSCG00000061821,3.50962654294547,4.37453379719067
ENSSSCG00000010391,2.47927746611744,2.65463162051742
ENSSSCG00000010165,2.51147587476832,3.17808010907015
ENSSSCG00000049255,1.70651565849642,1.83206970993455
ENSSSCG00000010166,40.8275821693106,49.465882168233
ENSSSCG00000010169,38.9922728762107,48.9050445019265
ENSSSCG00000052826,0.965952259526276,0.411280955291431
ENSSSCG00000010537,57.860540345624,222.951666945709
ENSSSCG00000037536,33.9371227180232,44.0444513939369
ENSSSCG00000010540,19.0292595126676,23.9664629401643
ENSSSCG00000010541,47.5570495773437,54.2143077429613
ENSSSCG00000010542,15.0044584313082,12.5253745475118
ENSSSCG00000010543,0.676166581668393,0.934729443844161
ENSSSCG00000010544,74.185133531618,143.611831752217
ENSSSCG00000010545,13.7165220852731,47.5590341027909
ENSSSCG00000049992,6.21429286961904,5.72054419632626
ENSSSCG00000044372,0.54737294706489,0.224335066522599
ENSSSCG00000010167,14.6824743447994,6.95438706220056
ENSSSCG00000010579,132.560848415656,300.608989140282
ENSSSCG00000010586,20.8323703971167,26.2098136053903
ENSSSCG00000041413,0.611769764366642,1.12167533261299
ENSSSCG00000038856,61.1447780280133,54.0273618541925
ENSSSCG00000031782,29.0751630117409,23.8169062291492
ENSSSCG00000010589,21.4119417528325,11.0298074373611
ENSSSCG00000029594,72.7040067336777,125.964139852439
ENSSSCG00000038633,18.9004658780641,8.78645677213511
ENSSSCG00000010592,15.8416170562309,7.55261390626082
ENSSSCG00000010631,26.46709191102,27.8923266043098
ENSSSCG00000031789,89.9301553618963,66.3657905129354
ENSSSCG00000010635,56.3150167303819,40.5298686850828
ENSSSCG00000032968,16.0992043254379,20.8631611866017
ENSSSCG00000010638,32.1984086508759,27.7427698932947
ENSSSCG00000059478,1.19134112008241,2.61724244276365
ENSSSCG00000010067,98.9135113754907,178.421156240973
ENSSSCG00000010068,19.1580531472711,18.3954754548531
ENSSSCG00000039626,7.88861011946459,4.5614796859595
ENSSSCG00000010070,70.3535229021638,96.5388569602249
ENSSSCG00000010071,118.296953383318,46.100856170394
ENSSSCG00000010073,7.66322125890846,44.0070622161831
ENSSSCG00000010076,0.128793634603504,0.747783555075329
ENSSSCG00000062733,2.06069815365606,2.35551819848728
ENSSSCG00000010078,51.2920649808453,43.4462245498766
ENSSSCG00000010079,52.4190092836259,67.076184890257
ENSSSCG00000010081,196.217102318438,362.974137633564
ENSSSCG00000056621,0.643968173017518,1.04689697710546
ENSSSCG00000054789,29.2361550549953,13.0114338583107
ENSSSCG00000010083,112.308049374255,160.885631874457
ENSSSCG00000010084,1.9963013363543,1.00950779935169
ENSSSCG00000054186,7.4700308070032,15.0678386347679
ENSSSCG00000010086,8.33938784057685,6.58049528466289
ENSSSCG00000010087,14.1351013977345,9.27251608293407
ENSSSCG00000037143,92.9246073664278,158.118832720678
ENSSSCG00000010396,37.9297253907318,40.6794253960979
ENSSSCG00000033700,20.8645688057676,35.2579946218017
ENSSSCG00000010399,88.449028563956,134.563650735805
ENSSSCG00000010400,10.1746971336768,13.2731581025871
ENSSSCG00000010401,79.2724820984564,66.0292879131515
ENSSSCG00000010402,9.30534010010313,6.09443597386393
ENSSSCG00000010403,79.3046805071073,81.2092940811807
ENSSSCG00000010404,4.99075334088576,2.05640477645715
ENSSSCG00000042874,44.626994390114,26.3593703164053
ENSSSCG00000029662,49.1025731925857,95.5293491608732
ENSSSCG00000022256,3.4774281342946,16.6381841004261
ENSSSCG00000025787,14.6180775274976,51.4475085891826
ENSSSCG00000021075,2.31828542286306,0.897340266090394
ENSSSCG00000010649,0.901555442224525,0.224335066522599
ENSSSCG00000010650,26.2739014591147,45.8391319261176
ENSSSCG00000010651,62.2395239221431,136.433109623494
ENSSSCG00000010648,46.1403195967051,17.6476918997778
ENSSSCG00000061934,0.676166581668393,1.83206970993455
ENSSSCG00000054327,0.354182495159635,0.224335066522599
ENSSSCG00000009971,130.725539122556,79.5267810822612
ENSSSCG00000009972,408.887591457473,259.929563744184
ENSSSCG00000009975,30.620686626983,5.04753899675847
ENSSSCG00000009973,27.3042505359427,11.7775909924364
ENSSSCG00000009974,449.682975218133,275.146959089967
ENSSSCG00000025564,33.8405274920705,70.9646593766487
ENSSSCG00000009978,95.9512577796101,360.057781768771
ENSSSCG00000019402,0.0965952259526276,0.747783555075329
ENSSSCG00000009988,60.694000306901,71.3011619764326
ENSSSCG00000051359,25.9197189639551,22.3213391189986
ENSSSCG00000057224,7.24464194644707,4.41192297494444
ENSSSCG00000028707,92.4738296453155,126.749312585268
ENSSSCG00000024279,10.2068955423277,20.8631611866017
ENSSSCG00000024550,37.0281699485073,73.8810152414425
ENSSSCG00000025186,30.4596945837286,46.4747479479317
ENSSSCG00000009994,111.470890749332,144.322226129538
ENSSSCG00000040961,13.3945379987644,15.8904005453507
ENSSSCG00000055807,1.0625474854789,1.27123204362806
ENSSSCG00000010212,167.592717027809,109.550290818536
ENSSSCG00000010214,11.0762525759013,2.91635586479378
ENSSSCG00000028327,26.4348935023691,14.0209416576624
ENSSSCG00000009692,18.0633072531414,18.096362032823
ENSSSCG00000054757,2.25388860556131,2.01901559870339
ENSSSCG00000059441,1.12694430278066,1.19645368812053
ENSSSCG00000057449,0.193190451905255,0.598226844060263
ENSSSCG00000009693,3.54182495159635,5.49620912980367
ENSSSCG00000035133,15.4230377437695,16.002568078612
ENSSSCG00000021767,0.128793634603504,0.448670133045197
ENSSSCG00000032852,31.7476309297636,71.8993888204928
ENSSSCG00000027568,0.160992043254379,0.411280955291431
ENSSSCG00000009652,15.9060138735327,20.975328719863
ENSSSCG00000009653,3.54182495159635,1.42078875464312
ENSSSCG00000047090,3.7350154035016,1.98162642094962
ENSSSCG00000035901,145.95538641442,159.651789008583
ENSSSCG00000035269,0.386380903810511,20.0405992760188
ENSSSCG00000009578,28.3667980214216,20.4518802313102
ENSSSCG00000009885,74.7969032959847,447.324122646062
ENSSSCG00000009886,47.9434304811542,57.1306636077551
ENSSSCG00000009887,30.5562898096812,24.003852117918
ENSSSCG00000009888,90.7029171695173,90.5191993418685
ENSSSCG00000009893,2.15729337960868,2.46768573174858
ENSSSCG00000038099,0.998150668177152,1.15906451036676
ENSSSCG00000009890,68.4216183831112,35.856221465862
ENSSSCG00000059002,1.41672998063854,0.299113422030131
ENSSSCG00000009889,87.4508778957789,34.3232651779576
ENSSSCG00000009896,8.79016556168911,12.2262611254816
ENSSSCG00000033876,67.0048884024727,88.6497404541802
ENSSSCG00000009898,156.065686730795,178.645491307496
ENSSSCG00000036014,1683.33280426779,1409.31027707272
ENSSSCG00000040546,114.304350710609,194.947172808138
ENSSSCG00000009901,3.38083290834197,1.83206970993455
ENSSSCG00000029365,28.5921868819778,21.7978906304458
ENSSSCG00000043997,3.63842017754897,2.99113422030131
ENSSSCG00000062912,7.75981648486109,7.73955979502965
ENSSSCG00000032747,16.2923947773432,17.6476918997778
ENSSSCG00000009906,79.8520534541722,79.3024460157386
ENSSSCG00000009904,38.9922728762107,32.7529197122994
ENSSSCG00000009903,27.2076553099901,25.9480893611139
ENSSSCG00000009910,227.320765075184,320.686977594055
ENSSSCG00000009911,0.54737294706489,0.785172732829095
ENSSSCG00000009912,15.4230377437695,13.123601391572
ENSSSCG00000056057,0.54737294706489,1.71990217667326
ENSSSCG00000009914,545.730828223695,949.273833990376
ENSSSCG00000059198,200.048712947892,278.54937426556
ENSSSCG00000009916,68.2928247485077,116.093396925445
ENSSSCG00000009917,48.5873986541717,89.4349131870093
ENSSSCG00000057664,4.08919789866124,3.92586366414547
ENSSSCG00000009919,5.11954697548926,4.00064201965301
ENSSSCG00000024329,26.8856712234814,28.3783859151087
ENSSSCG00000009921,1.19134112008241,0.747783555075329
ENSSSCG00000046622,14.8434663880538,9.08557019416524
ENSSSCG00000040422,11.8812127921732,6.91699788444679
ENSSSCG00000009924,100.330241356129,113.401376127174
ENSSSCG00000009925,116.075263186408,160.32479420815
ENSSSCG00000009926,39.2176617367668,35.6692755770932
ENSSSCG00000039012,37.1247651744599,56.6072151192024
ENSSSCG00000009929,5.15174538414014,5.2344848855273
ENSSSCG00000009927,0.837158624922773,0.52344848855273
ENSSSCG00000009931,12.0744032440785,30.6965149358422
ENSSSCG00000009932,6.82606263398569,13.0488230360645
ENSSSCG00000009933,93.9871548519067,127.908377095635
ENSSSCG00000009934,95.468281649847,136.283552912479
ENSSSCG00000009935,0.386380903810511,0.186945888768832
ENSSSCG00000009936,6.4074833215243,1.60773464341196
ENSSSCG00000061436,36.1910113235845,36.977896798475
ENSSSCG00000009938,42.2443121499492,35.220605444048
ENSSSCG00000009940,19.6410292770343,15.1800061680292
ENSSSCG00000032917,30.8460754875391,46.2130237036553
ENSSSCG00000009943,18.9004658780641,28.3783859151087
ENSSSCG00000009944,39.1210665108142,64.982390936046
ENSSSCG00000024495,13.8775141285275,2.84157750928625
ENSSSCG00000027124,45.399756197735,60.6826354943629
ENSSSCG00000023380,89.1573935542753,138.190400977921
ENSSSCG00000009946,89.1895919629262,131.011678849198
ENSSSCG00000009945,11.4304350710609,47.4094773917758
ENSSSCG00000015770,10.9474589412978,17.1616325889788
ENSSSCG00000015771,2.25388860556131,1.34601039913559
ENSSSCG00000015772,15.1654504745625,17.7224702552853
ENSSSCG00000015746,5.79571355715766,4.71103639697457
ENSSSCG00000023155,25.9197189639551,62.8512078040814
ENSSSCG00000023419,19.3512435991764,13.6470498801247
ENSSSCG00000029796,5.86011037445941,3.81369613088418
ENSSSCG00000015747,1.41672998063854,1.57034546565819
ENSSSCG00000015748,0.837158624922773,2.28073984297975
ENSSSCG00000015754,14.6180775274976,19.6667074984811
ENSSSCG00000015753,12.8149666430486,17.0868542334713
ENSSSCG00000015755,66.4897138640587,47.3720882140221
ENSSSCG00000015756,7.56662603295583,2.31812902073352
ENSSSCG00000036877,23.8268224016482,19.9284317427575
ENSSSCG00000053249,2.54367428341919,2.28073984297975
ENSSSCG00000038959,0.321984086508759,0.299113422030131
ENSSSCG00000032248,0.579571355715766,0.336502599783898
ENSSSCG00000027555,0.965952259526276,4.15019873066807
ENSSSCG00000053438,0.289785677857883,10.880250726346
ENSSSCG00000023328,36.7705826793003,21.5361663861695
ENSSSCG00000015766,7.01925308589094,5.75793337408003
ENSSSCG00000015767,4.86195970628226,0.972118621597927
ENSSSCG00000030395,2.18949178825956,1.53295628790442
ENSSSCG00000015769,104.322844028838,92.6129932960794
ENSSSCG00000044843,0.450777721112262,0.0747783555075329
ENSSSCG00000029304,17.0973549936151,36.8657292652137
ENSSSCG00000015712,65.5559600131833,61.0565272719006
ENSSSCG00000015716,0.193190451905255,0.673005199567796
ENSSSCG00000040701,4.41118198517,4.82320393023587
ENSSSCG00000015714,36.7383842706494,45.8017427483639
ENSSSCG00000036229,37.9297253907318,47.0729747919919
ENSSSCG00000038610,167.174137715348,37.5013452870277
ENSSSCG00000025455,95.5970752844505,117.364628969073
ENSSSCG00000039185,57.1521753553047,47.4094773917758
ENSSSCG00000015743,20.8967672144184,29.3131153589529
ENSSSCG00000015718,5.15174538414014,4.37453379719067
ENSSSCG00000032213,55.9608342352223,144.845674618091
ENSSSCG00000015729,58.9552862397537,57.3176094965239
ENSSSCG00000015730,51.8394379279102,44.7922349490122
ENSSSCG00000039157,78.9504980119477,88.5749620986727
ENSSSCG00000047828,0.965952259526276,1.19645368812053
ENSSSCG00000054656,41.0529710298667,121.926108655032
ENSSSCG00000015733,7.79201489351196,11.5906451036676
ENSSSCG00000052347,8.85456237899087,2.24335066522599
ENSSSCG00000038305,8.62917351843473,10.2072455267782
ENSSSCG00000051026,0.804960216271897,0.373891777537664
ENSSSCG00000048604,1.54552361524204,0.598226844060263
ENSSSCG00000047818,1.60992043254379,1.04689697710546
ENSSSCG00000058574,11.9134112008241,10.8428615485923
ENSSSCG00000025924,342.494472819367,137.442617422845
ENSSSCG00000016230,16.3567915946449,12.6375420807731
ENSSSCG00000016166,5.92450719176116,3.55197188660781
ENSSSCG00000027669,94.4701309816698,150.379272925649
ENSSSCG00000016160,0.193190451905255,1.71990217667326
ENSSSCG00000016164,8.04960216271897,10.2820238822858
ENSSSCG00000054900,0.708364990319269,0.149556711015066
ENSSSCG00000054533,0.515174538414014,0
ENSSSCG00000038149,4.57217402842437,4.37453379719067
ENSSSCG00000035592,0.643968173017518,0.897340266090394
ENSSSCG00000021852,16.2601963686923,32.0051361572241
ENSSSCG00000016232,16.2923947773432,14.0957200131699
ENSSSCG00000016233,6.47188013882605,2.35551819848728
ENSSSCG00000063355,2.73686473532445,2.87896668704001
ENSSSCG00000025038,0.450777721112262,0.747783555075329
ENSSSCG00000016255,19.447838825129,3.96325284189924
ENSSSCG00000035058,10.883062123996,16.1521247896271
ENSSSCG00000016256,5.11954697548926,0.822561910582861
ENSSSCG00000016267,295.001820059325,485.797586554687
ENSSSCG00000016248,49.0703747839348,61.8790891824834
ENSSSCG00000021968,4.76536448032963,26.733262093943
ENSSSCG00000016300,67.6810549841411,74.4792420855027
ENSSSCG00000029753,14.5858791188468,3.51458270885404
ENSSSCG00000015897,15.7128234216274,9.9081321047481
ENSSSCG00000027472,16.6787756811537,7.02916541770809
ENSSSCG00000016301,1.28793634603504,0.299113422030131
ENSSSCG00000025729,75.2798794257478,69.9177623995432
ENSSSCG00000016243,21.8627194739447,24.3777438954557
ENSSSCG00000016244,0.708364990319269,2.39290737624105
ENSSSCG00000015907,21.9915131085482,17.4981351887627
ENSSSCG00000016245,1.32013475468591,0.972118621597927
ENSSSCG00000015908,22.7964733248201,9.08557019416524
ENSSSCG00000031572,72.9615940028847,48.830266146419
ENSSSCG00000016008,35.8368288284248,14.8061143904915
ENSSSCG00000016027,80.3994264012371,72.9836749753521
ENSSSCG00000015871,9.75611782121539,10.1324671712707
ENSSSCG00000015872,45.6251450582911,42.7732193503088
ENSSSCG00000040847,10.0459034990733,8.11345157256731
ENSSSCG00000025174,74.5715144354285,70.2916541770809
ENSSSCG00000016270,18.3852913396501,30.733904113596
ENSSSCG00000016295,14.3604902582906,4.22497708617561
ENSSSCG00000026146,1.25573793738416,0.224335066522599
ENSSSCG00000016298,22.2169019691044,11.3289208593912
ENSSSCG00000015889,18.4496881569519,8.97340266090394
ENSSSCG00000015892,36.577392227395,33.2389790230984
ENSSSCG00000016272,83.007497501958,127.310150251575
ENSSSCG00000015891,0.354182495159635,0.149556711015066
ENSSSCG00000016273,1.15914271143153,0.411280955291431
ENSSSCG00000023994,35.4182495159635,24.8638032062547
ENSSSCG00000033015,41.0851694385176,25.7237542945913
ENSSSCG00000009432,48.0078272984559,34.24848682245
ENSSSCG00000015894,11.3982366624101,8.82384594988888
ENSSSCG00000016234,74.4105223921742,76.7973711062362
ENSSSCG00000016237,14.2960934409889,4.22497708617561
ENSSSCG00000015896,33.5185434055618,7.40305719524575
ENSSSCG00000025993,88.4168301553052,24.5273006064708
ENSSSCG00000016226,45.1743673371789,70.4038217103422
ENSSSCG00000015874,68.4538167917621,53.6908592544086
ENSSSCG00000025134,11.5914271143153,4.97276064125094
ENSSSCG00000016030,7.30903876374882,1.79468053218079
ENSSSCG00000015876,4.15359471596299,0.897340266090394
ENSSSCG00000033987,54.479707437282,51.709232833459
ENSSSCG00000016009,4.05699949001036,1.30862122138182
ENSSSCG00000016010,1.38453157198766,0.149556711015066
ENSSSCG00000016224,1.64211884119467,0.373891777537664
ENSSSCG00000015878,74.9256969305882,72.1611130647692
ENSSSCG00000046102,5.18394379279102,22.1343932302297
ENSSSCG00000016223,139.193720597736,275.37129415649
ENSSSCG00000016031,20.6069815365606,14.9930602792603
ENSSSCG00000016275,472.704837403509,457.568757350594
ENSSSCG00000016032,0.837158624922773,0.0747783555075329
ENSSSCG00000016033,16.8397677244081,3.25285846457768
ENSSSCG00000016258,1.7387140671473,0.934729443844161
ENSSSCG00000034262,0.837158624922773,0.747783555075329
ENSSSCG00000015901,7.24464194644707,1.83206970993455
ENSSSCG00000025598,36.5451938187441,78.3303273941407
ENSSSCG00000037274,1228.88446456933,940.113485440703
ENSSSCG00000038730,146.019783231722,673.715593945117
ENSSSCG00000024373,189.004658780641,351.944330196203
ENSSSCG00000015911,0.676166581668393,0.373891777537664
ENSSSCG00000023924,6.05330082636466,5.49620912980367
ENSSSCG00000015880,61.3057700712677,50.9988384561374
ENSSSCG00000016017,164.179685710816,140.059859865609
ENSSSCG00000035702,30.1699089058707,58.3645064736294
ENSSSCG00000015882,63.8494443546869,29.3505045367066
ENSSSCG00000015883,30.1699089058707,27.1445430492344
ENSSSCG00000016018,50.3583111299699,33.9493734004199
ENSSSCG00000016279,14.1994982150363,16.1895139673809
ENSSSCG00000016019,114.272152301958,124.505961920042
ENSSSCG00000036050,31.0070675307935,14.0957200131699
ENSSSCG00000033334,38.7990824243054,24.7516356729934
ENSSSCG00000021956,8.11399898002072,0.710394377321562
ENSSSCG00000015885,3.67061858619985,2.76679915377872
ENSSSCG00000026852,0.128793634603504,0.448670133045197
ENSSSCG00000022177,54.2865169853767,67.4874658455484
ENSSSCG00000057909,0.579571355715766,0.598226844060263
ENSSSCG00000016020,7.01925308589094,2.76679915377872
ENSSSCG00000028949,20.5425847192588,22.0596148747222
ENSSSCG00000015988,375.723230547071,237.869948869462
ENSSSCG00000038466,73.0903876374882,71.1516052654175
ENSSSCG00000015987,193.705626443669,215.174717972926
ENSSSCG00000016290,20.4781879019571,23.1812902073352
ENSSSCG00000016259,7.18024512914532,6.31877104038653
ENSSSCG00000023983,44.2406134863035,31.5938552019326
ENSSSCG00000016260,12.5895777824925,12.1888719477279
ENSSSCG00000037351,4.28238835056649,0.448670133045197
ENSSSCG00000016261,36.9315747225546,33.9867625781737
ENSSSCG00000015886,10.0781019077242,4.5614796859595
ENSSSCG00000015888,30.7172818529356,9.75857539373304
ENSSSCG00000053075,0.901555442224525,0
ENSSSCG00000043178,0.450777721112262,0.0747783555075329
ENSSSCG00000053965,0.450777721112262,0.299113422030131
ENSSSCG00000044287,0.418579312461386,0.598226844060263
ENSSSCG00000050752,0.804960216271897,0.747783555075329
ENSSSCG00000042862,0.386380903810511,0.149556711015066
ENSSSCG00000061915,1.22353952873328,1.12167533261299
ENSSSCG00000056258,2.8012615526262,0.560837666306496
ENSSSCG00000062618,2.25388860556131,0.186945888768832
ENSSSCG00000052127,104.129653576933,87.3037300550446
ENSSSCG00000034567,5.05515015818751,4.03803119740677
ENSSSCG00000016263,26.7568775888779,10.2072455267782
ENSSSCG00000032605,8.72576874438736,7.10394377321562
ENSSSCG00000035603,5.40933265334715,3.43980435334651
ENSSSCG00000015996,9.40193532605576,5.5709874853112
ENSSSCG00000023133,23.2150526372815,13.5348823468634
ENSSSCG00000038254,14.7468711621012,14.5817793239689
ENSSSCG00000016266,91.7654646549963,143.649220929971
ENSSSCG00000050073,1.25573793738416,0.261724244276365
ENSSSCG00000015998,0.515174538414014,0.224335066522599
ENSSSCG00000015999,7.18024512914532,3.96325284189924
ENSSSCG00000041385,2.73686473532445,2.09379395421092
ENSSSCG00000049025,17.6125295320291,26.5089270274204
ENSSSCG00000036052,5.63472151390328,0.52344848855273
ENSSSCG00000057435,1.03034907682803,0.224335066522599
ENSSSCG00000052644,7.59882444160671,3.29024764233145
ENSSSCG00000061660,0.708364990319269,0.747783555075329
ENSSSCG00000062674,0.386380903810511,0.149556711015066
ENSSSCG00000041092,4.60437243707525,4.26236626392937
ENSSSCG00000054720,0.482976129763138,0.261724244276365
ENSSSCG00000050388,19.3190451905255,13.6470498801247
ENSSSCG00000019707,1.8675077017508,1.00950779935169
ENSSSCG00000016291,71.0618878924831,84.2378174792358
ENSSSCG00000053339,1.35233316333679,2.43029655399482
ENSSSCG00000023181,5.18394379279102,0.747783555075329
ENSSSCG00000062783,12.5573793738416,12.6001529030193
ENSSSCG00000041701,0.708364990319269,5.42143077429613
ENSSSCG00000054941,0.482976129763138,0.299113422030131
ENSSSCG00000054266,3.34863449969109,2.05640477645715
ENSSSCG00000015828,62.0141350615869,210.239346509429
ENSSSCG00000015774,28.0448139349129,19.85365338725
ENSSSCG00000015775,53.6103504037083,51.5596761224439
ENSSSCG00000021731,28.4633932473743,33.8372058671586
ENSSSCG00000015779,40.0548203616896,38.9221340416709
ENSSSCG00000024555,11.945609609475,12.4505961920042
ENSSSCG00000015776,56.3150167303819,48.8676553241727
ENSSSCG00000015777,46.0115259621016,55.223815542313
ENSSSCG00000015780,45.7539386928946,28.0044941375711
ENSSSCG00000015781,1.03034907682803,3.77630695313041
ENSSSCG00000015782,57.7961435283222,65.8797312021364
ENSSSCG00000015786,8.11399898002072,5.72054419632626
ENSSSCG00000034012,47.9756288898051,32.5659738235306
ENSSSCG00000015785,4.82976129763138,1.27123204362806
ENSSSCG00000034623,1.32013475468591,1.04689697710546
ENSSSCG00000015784,21.283148118229,16.4512382116572
ENSSSCG00000015711,0.772761807621021,1.04689697710546
ENSSSCG00000038390,0.54737294706489,1.27123204362806
ENSSSCG00000015790,21.283148118229,19.9284317427575
ENSSSCG00000015709,37.0281699485073,32.6407521790381
ENSSSCG00000015710,150.141179539034,157.296270810095
ENSSSCG00000015791,39.6040426405773,20.0779884537726
ENSSSCG00000015789,11.5914271143153,13.2357689248333
ENSSSCG00000015792,8.62917351843473,4.41192297494444
ENSSSCG00000015798,11.7202207489188,3.66413941986911
ENSSSCG00000015793,17.7735215752835,10.0576888157632
ENSSSCG00000015794,12.975958686303,4.52409050820574
ENSSSCG00000015795,6.50407854747693,0.52344848855273
ENSSSCG00000015796,12.0744032440785,9.38468361619537
ENSSSCG00000040445,54.1899217594241,17.5729135442702
ENSSSCG00000022919,28.3345996127708,8.48734335010498
ENSSSCG00000036679,248.088738654999,340.241517559274
ENSSSCG00000027211,40.1192171789913,22.5830633632749
ENSSSCG00000028646,43.1780660008246,35.2953837995555
ENSSSCG00000015695,35.6758367851705,49.6902172347556
ENSSSCG00000015667,17.5803311233782,13.6470498801247
ENSSSCG00000033241,2.9300551872297,4.00064201965301
ENSSSCG00000015696,33.2609561363548,14.6939468572302
ENSSSCG00000015668,33.1643609104022,17.4981351887627
ENSSSCG00000015669,19.963013363543,16.6755732781798
ENSSSCG00000053606,0.869357033573649,0.598226844060263
ENSSSCG00000023627,3.02665041318233,4.48670133045197
ENSSSCG00000015697,80.3994264012371,49.2789362794641
ENSSSCG00000015677,2.12509497095781,1.04689697710546
ENSSSCG00000016399,52.5478029182294,37.5013452870277
ENSSSCG00000015699,0.386380903810511,0.261724244276365
ENSSSCG00000029073,2.25388860556131,0.560837666306496
ENSSSCG00000015701,50.9700808943365,100.502109802124
ENSSSCG00000023479,12.4929825565398,12.6001529030193
ENSSSCG00000015801,49.5855493223489,20.4518802313102
ENSSSCG00000031541,90.541925126263,51.1483951671525
ENSSSCG00000015802,28.0770123435638,9.04818101641148
ENSSSCG00000032687,24.1488064881569,8.15084075032108
ENSSSCG00000054605,1.15914271143153,3.81369613088418
ENSSSCG00000027901,0.837158624922773,3.62675024211534
ENSSSCG00000035102,0.128793634603504,2.95374504254755
ENSSSCG00000015707,9.69172100391364,15.4417304123055
ENSSSCG00000040715,0.515174538414014,0.299113422030131
ENSSSCG00000032198,23.7946239929973,22.7700092520438
ENSSSCG00000054718,1.70651565849642,0.373891777537664
ENSSSCG00000057261,7.08364990319269,1.00950779935169
ENSSSCG00000056347,4.37898357651912,1.04689697710546
ENSSSCG00000035195,16.5177836378993,4.97276064125094
ENSSSCG00000043277,1.35233316333679,5.122317352266
ENSSSCG00000040467,0.386380903810511,1.64512382116572
ENSSSCG00000048143,4.5399756197735,2.80418833153248
ENSSSCG00000039416,74.957895339239,20.9005503643554
ENSSSCG00000015689,74.700308070032,47.6338124582984
ENSSSCG00000035564,43.5000500873333,31.3321309576563
ENSSSCG00000015690,111.084509845522,116.915958836028
ENSSSCG00000015692,70.9008958492287,68.19786022287
ENSSSCG00000015694,12.9115618690012,7.92650568379848
ENSSSCG00000054388,5.15174538414014,3.77630695313041
ENSSSCG00000053166,49.8431365915559,34.9962703775254
ENSSSCG00000047029,0.611769764366642,0.299113422030131
ENSSSCG00000055030,1.48112679794029,0.52344848855273
ENSSSCG00000053862,1.67431724984555,1.30862122138182
ENSSSCG00000016133,11.1728478018539,3.81369613088418
ENSSSCG00000016134,20.0274101808448,15.2547845235367
ENSSSCG00000016123,10.8508637153452,15.6286763010744
ENSSSCG00000036676,10.4966812201855,15.7408438343357
ENSSSCG00000029998,21.7017274306903,15.7782330120894
ENSSSCG00000034395,34.9674717948512,35.7066647548469
ENSSSCG00000036466,11.4304350710609,15.6286763010744
ENSSSCG00000024696,39.0244712848616,46.0260778148865
ENSSSCG00000016140,77.3727759880547,262.47202783144
ENSSSCG00000016141,9.079951239547,14.6939468572302
ENSSSCG00000023264,81.0433945742546,127.384928607082
ENSSSCG00000016147,33.6473370401653,23.6673495181341
ENSSSCG00000016151,8.82236397033999,6.99177623995432
ENSSSCG00000016153,0.257587269207007,0.560837666306496
ENSSSCG00000032311,11.3016414364574,8.82384594988888
ENSSSCG00000022830,8.30718943192598,4.7858147524821
ENSSSCG00000016156,36.9315747225546,44.6052890602434
ENSSSCG00000022197,64.8797934315149,95.4919599831195
ENSSSCG00000016395,18.2564977050466,9.34729443844161
ENSSSCG00000023716,3.4774281342946,0.560837666306496
ENSSSCG00000022011,36.4807970014424,18.9189239434058
ENSSSCG00000015670,15.1654504745625,14.5817793239689
ENSSSCG00000016158,48.0400257071068,45.6895752151026
ENSSSCG00000034692,30.5562898096812,29.612228780983
ENSSSCG00000023746,1.83530929309993,0.149556711015066
ENSSSCG00000015857,108.573033970753,98.1465916036369
ENSSSCG00000026383,26.1773062331621,17.0494650557175
ENSSSCG00000055275,0.482976129763138,0
ENSSSCG00000016125,8.30718943192598,14.3574442574463
ENSSSCG00000051934,0.869357033573649,0
ENSSSCG00000016127,76.7610062236881,90.8557019416524
ENSSSCG00000043724,0.708364990319269,0.448670133045197
ENSSSCG00000061770,1.12694430278066,0.710394377321562
ENSSSCG00000059296,0.965952259526276,0.897340266090394
ENSSSCG00000027331,560.799683472305,833.928220620006
ENSSSCG00000060173,3.28423768238934,3.32763682008521
ENSSSCG00000016128,469.839179033581,352.80428128454
ENSSSCG00000057595,1.15914271143153,2.09379395421092
ENSSSCG00000016129,1.09474589412978,0.673005199567796
ENSSSCG00000021343,31.4900436605566,13.0488230360645
ENSSSCG00000016131,1.03034907682803,1.04689697710546
ENSSSCG00000016090,74.2173319402689,56.3081016971722
ENSSSCG00000032849,81.7839579732247,236.523938470326
ENSSSCG00000025228,80.6892120790949,94.0711712284763
ENSSSCG00000015859,63.7206507200834,94.8563439613054
ENSSSCG00000016323,59.8568416819783,55.2985938978205
ENSSSCG00000016342,10.7542684893925,16.2642923228884
ENSSSCG00000028633,79.6588630022669,81.2840724366882
ENSSSCG00000016338,23.4726399064885,45.6895752151026
ENSSSCG00000039230,31.0392659394443,27.368878115757
ENSSSCG00000016313,2.47927746611744,0.785172732829095
ENSSSCG00000034293,13.6843236766222,21.9848365192147
ENSSSCG00000016317,58.375714884038,86.8176707442456
ENSSSCG00000016091,7.3412371723997,7.77694897278342
ENSSSCG00000016092,9.8849114558189,1.04689697710546
ENSSSCG00000029606,23.343846271885,9.94552128250187
ENSSSCG00000016321,36.2876065495371,24.489911428717
ENSSSCG00000016306,59.7280480473748,59.0375116731972
ENSSSCG00000036274,72.639609916376,152.061785924568
ENSSSCG00000024777,26.2739014591147,43.8948946829218
ENSSSCG00000015839,1.96410292770343,1.27123204362806
ENSSSCG00000016322,76.0526412333688,221.56826736882
ENSSSCG00000016340,40.7631853520089,19.7788750317424
ENSSSCG00000016328,1.03034907682803,2.35551819848728
ENSSSCG00000016330,180.278890036254,263.930205763837
ENSSSCG00000036078,0.579571355715766,0.373891777537664
ENSSSCG00000015840,20.7357751711641,8.26300828358238
ENSSSCG00000038933,4.5399756197735,4.5614796859595
ENSSSCG00000015842,81.3009818434616,108.054723708385
ENSSSCG00000015843,31.6832341124619,32.7155305345456
ENSSSCG00000015844,45.8505339188472,46.1756345259015
ENSSSCG00000016331,7.3412371723997,10.0950779935169
ENSSSCG00000027723,18.0311088444905,16.3764598561497
ENSSSCG00000015845,48.9093827406805,50.2136657233083
ENSSSCG00000047196,1.80311088444905,0.52344848855273
ENSSSCG00000015846,79.369077324409,60.2339653613177
ENSSSCG00000038895,21.4119417528325,14.0209416576624
ENSSSCG00000016334,2.44707905746657,3.06591257580885
ENSSSCG00000038085,60.3720162203923,87.9767352546124
ENSSSCG00000033402,171.746311743772,185.113819058898
ENSSSCG00000052231,3.12324563913496,0.299113422030131
ENSSSCG00000055535,2.09289656230693,0.336502599783898
ENSSSCG00000056992,0.9337538508754,0.149556711015066
ENSSSCG00000016335,0.54737294706489,0.149556711015066
ENSSSCG00000050081,0.418579312461386,0.52344848855273
ENSSSCG00000041970,1.35233316333679,0.411280955291431
ENSSSCG00000053201,0.515174538414014,0
ENSSSCG00000026600,0.772761807621021,0.710394377321562
ENSSSCG00000056836,0.676166581668393,0.411280955291431
ENSSSCG00000016339,66.1999281862008,50.4380007898309
ENSSSCG00000016343,10.9796573499487,10.1324671712707
ENSSSCG00000048787,4.70096766302788,4.4493121526982
ENSSSCG00000060414,1.03034907682803,1.71990217667326
ENSSSCG00000058313,4.25018994191562,4.82320393023587
ENSSSCG00000060686,1.57772202389292,0.224335066522599
ENSSSCG00000016093,0.998150668177152,0.224335066522599
ENSSSCG00000016094,203.590537899488,178.907215551772
ENSSSCG00000016095,179.473929819982,54.7003670537603
ENSSSCG00000016096,28.7209805165813,14.0957200131699
ENSSSCG00000039654,41.5359471596299,34.0615409336812
ENSSSCG00000016098,28.8497741511848,21.5361663861695
ENSSSCG00000036339,23.5692351324411,19.9658209205113
ENSSSCG00000016100,28.270202795469,19.8910425650037
ENSSSCG00000016101,80.6248152617932,96.0154084716722
ENSSSCG00000026940,16.0992043254379,13.0488230360645
ENSSSCG00000028157,20.1884022240992,11.4410883926525
ENSSSCG00000016105,19.6088308683834,3.43980435334651
ENSSSCG00000016104,49.038176375284,41.8758790842184
ENSSSCG00000031271,62.4327143740483,62.3277593155286
ENSSSCG00000016107,0.998150668177152,0.0373891777537664
ENSSSCG00000035161,18.1277040704431,8.11345157256731
ENSSSCG00000026184,29.8801232280128,5.3466524187886
ENSSSCG00000016109,468.551242687546,177.860318574667
ENSSSCG00000022296,4.31458675921737,3.43980435334651
ENSSSCG00000016110,30.8138770788882,17.8346377885466
ENSSSCG00000035842,92.602623279919,83.4900339241604
ENSSSCG00000022225,85.1647908815667,55.3359830755743
ENSSSCG00000016113,31.9408213816689,32.0799145127316
ENSSSCG00000016114,28.2380043868181,16.97468670021
ENSSSCG00000016115,0.869357033573649,0.598226844060263
ENSSSCG00000016116,42.534097827807,26.3219811386516
ENSSSCG00000016117,24.9859651130797,9.12295937191901
ENSSSCG00000055761,21.4441401614833,21.7978906304458
ENSSSCG00000034630,38.2195110685897,22.9569551408126
ENSSSCG00000016119,9.079951239547,19.5545399652198
ENSSSCG00000055400,16.9363629503607,10.0202996380094
ENSSSCG00000016111,13.2657443641609,8.78645677213511
ENSSSCG00000057139,2.12509497095781,1.75729135442702
ENSSSCG00000043041,0.611769764366642,0.673005199567796
ENSSSCG00000062970,4.05699949001036,4.00064201965301
ENSSSCG00000059497,0.128793634603504,0.635616021814029
ENSSSCG00000059754,25.7909253293516,9.12295937191901
ENSSSCG00000057431,2.22169019691044,0.598226844060263
ENSSSCG00000060191,0.676166581668393,0.598226844060263
ENSSSCG00000061566,2.9300551872297,5.87010090734133
ENSSSCG00000019687,1.80311088444905,0.673005199567796
ENSSSCG00000040898,0.804960216271897,0.0373891777537664
ENSSSCG00000016118,7.63102285025758,28.340996737355
ENSSSCG00000016034,12752.9203095784,11229.951705877
ENSSSCG00000016035,362.682875043466,551.004312557256
ENSSSCG00000016036,30.0733136799181,17.3111892999939
ENSSSCG00000027157,43.5000500873333,43.4462245498766
ENSSSCG00000031954,39.3142569627194,24.6394681397321
ENSSSCG00000032814,27.755028257055,16.8999083447024
ENSSSCG00000016067,29.8479248193619,16.4138490339035
ENSSSCG00000055181,2.35048383151394,5.9074900850951
ENSSSCG00000016069,16.0992043254379,7.21611130647692
ENSSSCG00000016070,36.5451938187441,24.1907980066869
ENSSSCG00000061027,3.83161062945423,0.486059310798964
ENSSSCG00000016073,29.1717582376935,8.74906759438134
ENSSSCG00000016074,15.2620457005152,13.759217413386
ENSSSCG00000063544,44.9489784766227,33.9493734004199
ENSSSCG00000016076,15.0688552486099,25.2376949837923
ENSSSCG00000016077,199.952117721939,215.286885506187
ENSSSCG00000016078,128.568245742947,112.055365728038
ENSSSCG00000016079,40.3446060395475,45.2035159043036
ENSSSCG00000037483,29.0107661944392,9.60901868271797
ENSSSCG00000021657,3.70281699485073,0.822561910582861
ENSSSCG00000016085,2.18949178825956,12.4132070142505
ENSSSCG00000016086,9.75611782121539,5.72054419632626
ENSSSCG00000016087,5.98890400906291,4.26236626392937
ENSSSCG00000016041,12.2997921046346,9.23512690518031
ENSSSCG00000041398,1.19134112008241,1.08428615485923
ENSSSCG00000016042,1.38453157198766,0.448670133045197
ENSSSCG00000016043,19.6732276856852,7.77694897278342
ENSSSCG00000016045,15.294244109166,6.16921432937146
ENSSSCG00000016044,52.1614220144189,33.3885357341134
ENSSSCG00000033941,0.772761807621021,0.112167533261299
ENSSSCG00000016049,20.4459894933062,14.8061143904915
ENSSSCG00000016050,9.11214964819787,6.87960870669302
ENSSSCG00000016052,32.5525911460355,139.723357265825
ENSSSCG00000016053,11.0762525759013,7.73955979502965
ENSSSCG00000029547,60.4686114463449,83.0039746133615
ENSSSCG00000016056,80.3028311752844,45.4278509708262
ENSSSCG00000016057,168.655264513288,240.561969667733
ENSSSCG00000016059,1.28793634603504,2.76679915377872
ENSSSCG00000016061,102.584129961691,131.83424075978
ENSSSCG00000016062,34.9352733862003,5.08492817451223
ENSSSCG00000026618,87.1288938092701,31.6686335574402
ENSSSCG00000034494,4.37898357651912,2.87896668704001
ENSSSCG00000056637,0.482976129763138,0.224335066522599
ENSSSCG00000059388,0.837158624922773,0.299113422030131
ENSSSCG00000050974,2.70466632667357,1.19645368812053
ENSSSCG00000057911,0.515174538414014,0.0747783555075329
ENSSSCG00000062435,4.28238835056649,0.411280955291431
ENSSSCG00000016075,544.475090286311,345.027332311757
ENSSSCG00000016083,1.8675077017508,1.79468053218079
ENSSSCG00000057890,0.128793634603504,0.560837666306496
ENSSSCG00000015944,61.0803812107115,57.7662796295691
ENSSSCG00000015945,10.8186653066943,8.52473252785875
ENSSSCG00000015947,9.27314169145225,9.64640786047174
ENSSSCG00000025049,94.5345277989716,376.396852447167
ENSSSCG00000034351,4.73316607167875,2.09379395421092
ENSSSCG00000036153,0.482976129763138,0
ENSSSCG00000022496,24.0844096708552,34.3606543557113
ENSSSCG00000032715,23.5048383151394,105.02620031033
ENSSSCG00000015923,11.4304350710609,7.02916541770809
ENSSSCG00000015924,16.6787756811537,4.86059310798964
ENSSSCG00000027516,41.8257328374878,12.6001529030193
ENSSSCG00000023297,14.2960934409889,9.5716295049642
ENSSSCG00000015965,5.05515015818751,4.00064201965301
ENSSSCG00000027348,32.2950038768285,21.7231122749383
ENSSSCG00000022345,14.779069570752,34.8841028442641
ENSSSCG00000038076,65.362769561278,48.7928769686652
ENSSSCG00000015973,94.2769405297646,133.778478002976
ENSSSCG00000015976,16.3245931859941,13.609660702371
ENSSSCG00000015926,0.869357033573649,0.747783555075329
ENSSSCG00000015930,0.772761807621021,0.635616021814029
ENSSSCG00000040746,397.263965934507,82.443136947055
ENSSSCG00000015931,12.5895777824925,3.58936106436158
ENSSSCG00000057938,1.0625474854789,1.30862122138182
ENSSSCG00000015933,19.1258547386203,17.7598594330391
ENSSSCG00000031123,67.8420470273955,18.8441455878983
ENSSSCG00000015948,108.251049884245,105.62442715439
ENSSSCG00000015935,23.2472510459324,2.35551819848728
ENSSSCG00000015936,6.4074833215243,4.5614796859595
ENSSSCG00000015937,20.0596085894957,9.49685114945667
ENSSSCG00000015938,137.294014487335,47.8207583470673
ENSSSCG00000028458,12.0100064267767,4.11280955291431
ENSSSCG00000015940,61.7887462010308,56.98110689674
ENSSSCG00000015949,20.6391799452114,22.6204525410287
ENSSSCG00000032177,0.321984086508759,0.934729443844161
ENSSSCG00000015952,39.70063786653,25.4994192280687
ENSSSCG00000015951,10.0137050904224,7.10394377321562
ENSSSCG00000038355,7.08364990319269,1.79468053218079
ENSSSCG00000035909,13.8775141285275,1.75729135442702
ENSSSCG00000015953,0.482976129763138,0.448670133045197
ENSSSCG00000022233,0.804960216271897,0
ENSSSCG00000015955,400.676997251499,420.030022885812
ENSSSCG00000015943,110.987914619569,145.182177217875
ENSSSCG00000015958,16.3245931859941,16.3764598561497
ENSSSCG00000015959,7.43783239835233,3.62675024211534
ENSSSCG00000034741,8.66137192708561,7.51522472850705
ENSSSCG00000015981,13.9097125371784,13.0862122138182
ENSSSCG00000015982,15.8738154648818,24.7890248507471
ENSSSCG00000040349,17.8057199839344,22.2091715857373
ENSSSCG00000015984,15.2620457005152,7.02916541770809
ENSSSCG00000015985,12.5895777824925,7.92650568379848
ENSSSCG00000022222,15.1976488832134,13.4601039913559
ENSSSCG00000015960,63.1410793643676,64.2719965587245
ENSSSCG00000015961,21.4119417528325,2.99113422030131
ENSSSCG00000015962,96.1444482315154,68.2726385783775
ENSSSCG00000015963,44.1440182603508,30.2104556250433
ENSSSCG00000058207,0.579571355715766,0.411280955291431
ENSSSCG00000053160,0.386380903810511,0.186945888768832
ENSSSCG00000052266,0.54737294706489,0.224335066522599
ENSSSCG00000050000,1.96410292770343,4.18758790842184
ENSSSCG00000047236,0.225388860556131,0.747783555075329
ENSSSCG00000016184,1.03034907682803,0.186945888768832
ENSSSCG00000016185,224.777090791764,362.637635033781
ENSSSCG00000022483,0.901555442224525,0.448670133045197
ENSSSCG00000060885,23.6658303583938,32.8276980678069
ENSSSCG00000016186,111.76067642719,148.621981571222
ENSSSCG00000029002,34.1625115785793,15.6286763010744
ENSSSCG00000016187,27.3364489445936,18.245918743838
ENSSSCG00000036938,176.254088954895,250.05882081719
ENSSSCG00000016196,0.965952259526276,3.40241517559274
ENSSSCG00000016194,17.8701168012361,24.2281871844406
ENSSSCG00000016193,43.2102644094754,47.4468665695296
ENSSSCG00000016192,5.05515015818751,3.47719353110028
ENSSSCG00000016191,44.2406134863035,63.4120454703879
ENSSSCG00000035775,18.1921008877449,22.4335066522599
ENSSSCG00000016202,19.9952117721939,36.5666158431836
ENSSSCG00000026964,70.4501181281164,72.9088966198445
ENSSSCG00000039798,1.89970611040168,0.411280955291431
ENSSSCG00000015671,1.25573793738416,0.747783555075329
ENSSSCG00000057499,17.2905454455203,20.4144910535565
ENSSSCG00000034942,0.804960216271897,0.747783555075329
ENSSSCG00000021898,39.2820585540686,51.1857843449062
ENSSSCG00000022301,23.5692351324411,29.6496179587368
ENSSSCG00000038325,0.772761807621021,0
ENSSSCG00000015823,105.12780424511,137.59217413386
ENSSSCG00000040833,13.9097125371784,15.7782330120894
ENSSSCG00000015826,33.45414658826,43.6705596163992
ENSSSCG00000039480,151.847695197531,252.6386740822
ENSSSCG00000055460,56.2506199130802,46.0260778148865
ENSSSCG00000063257,0.321984086508759,0.224335066522599
ENSSSCG00000016026,1.22353952873328,0.224335066522599
ENSSSCG00000034468,38.2839078858914,42.0628249729872
ENSSSCG00000016189,70.7399038059743,109.849404240566
ENSSSCG00000036261,50.9378824856856,28.6027209816313
ENSSSCG00000055566,36.3842017754897,26.2098136053903
ENSSSCG00000016378,31.7476309297636,9.53424032721044
ENSSSCG00000016376,37.0281699485073,72.9462857975983
ENSSSCG00000016379,436.868008575084,703.253044370593
ENSSSCG00000016370,311.068825976112,422.609876150822
ENSSSCG00000016368,15.294244109166,25.4994192280687
ENSSSCG00000016372,123.126714680949,136.320942090232
ENSSSCG00000016400,4.12139630731211,4.82320393023587
ENSSSCG00000032684,23.6658303583938,25.3872516948074
ENSSSCG00000016374,18.0311088444905,24.4151330732095
ENSSSCG00000032919,34.6454877083424,47.2599206807608
ENSSSCG00000034147,13.9741093544801,17.6850810775315
ENSSSCG00000032505,52.6121997355312,33.9867625781737
ENSSSCG00000063392,2.64026950937182,2.91635586479378
ENSSSCG00000034101,58.5045085186415,50.1762765455545
ENSSSCG00000016201,44.1440182603508,61.0939164496543
ENSSSCG00000016199,50.5515015818751,57.0184960744938
ENSSSCG00000016200,55.1880724276013,16.2642923228884
ENSSSCG00000036932,10.4966812201855,19.7040966762349
ENSSSCG00000026958,0.0965952259526276,0.822561910582861
ENSSSCG00000016203,94.3091389384154,42.9227760613239
ENSSSCG00000016204,67.0048884024727,40.6794253960979
ENSSSCG00000016206,46.945279812977,85.5464387006176
ENSSSCG00000016207,150.978338163957,301.655886117388
ENSSSCG00000016208,39.6040426405773,45.5400185040875
ENSSSCG00000016210,15.8738154648818,31.9303578017165
ENSSSCG00000016211,70.1281340416077,142.714491486126
ENSSSCG00000016213,74.2173319402689,34.9214920220178
ENSSSCG00000016214,42.8882803229667,43.1845003056002
ENSSSCG00000016216,22.9896637767254,75.7504741291308
ENSSSCG00000016215,41.0207726212159,41.8758790842184
ENSSSCG00000016217,45.5929466496402,57.467166207539
ENSSSCG00000016220,34.8064797515968,31.7060227351939
ENSSSCG00000020785,63.1088809557167,28.0792724930786
ENSSSCG00000032522,5.4737294706489,4.5614796859595
ENSSSCG00000023935,37.2857572177143,33.5754816228823
ENSSSCG00000029968,0.289785677857883,0.897340266090394
ENSSSCG00000021610,104.548232889394,140.583308354162
ENSSSCG00000027541,1.38453157198766,1.57034546565819
ENSSSCG00000028052,60.7905955328537,31.1077958911337
ENSSSCG00000032964,61.9497382442852,36.6413941986911
ENSSSCG00000022846,43.4356532700316,16.1521247896271
ENSSSCG00000016170,5.92450719176116,6.24399268487899
ENSSSCG00000016183,0.579571355715766,0.0373891777537664
ENSSSCG00000015808,55.4134612881574,24.5273006064708
ENSSSCG00000028592,46.8808829956753,43.4462245498766
ENSSSCG00000015810,31.6832341124619,0.673005199567796
ENSSSCG00000033367,45.1099705198771,77.5077654835578
ENSSSCG00000015814,20.2527990414009,16.5260165671648
ENSSSCG00000015815,71.5448640222462,30.0235097362744
ENSSSCG00000015816,13.3623395901135,8.18822992807485
ENSSSCG00000015820,71.0618878924831,73.3575667528897
ENSSSCG00000015819,27.0788616753866,12.9366555028032
ENSSSCG00000015818,95.1462975633382,40.3055336185602
ENSSSCG00000015742,4.76536448032963,6.05704679611016
ENSSSCG00000015741,15.2298472918643,7.14133295096939
ENSSSCG00000035189,5.08734856683839,1.23384286587429
ENSSSCG00000015735,17.0329581763133,24.2281871844406
ENSSSCG00000015734,43.1780660008246,42.6236626392937
ENSSSCG00000035628,55.8642390092696,56.1211558084034
ENSSSCG00000027105,13.2979427728117,10.0950779935169
ENSSSCG00000036898,59.0840798743572,62.2155917822673
ENSSSCG00000040778,11.3982366624101,9.49685114945667
ENSSSCG00000023665,32.9711704584969,27.9671049598173
ENSSSCG00000039562,53.9001360815662,68.7586978891765
ENSSSCG00000028195,8.91895919629262,7.25350048423069
ENSSSCG00000031951,161.02424166303,169.485142757823
ENSSSCG00000023693,3.02665041318233,2.80418833153248
ENSSSCG00000030354,5.28053901874364,4.29975544168314
ENSSSCG00000015721,58.8586910138011,56.4202692304335
ENSSSCG00000043454,3.83161062945423,4.74842557472834
ENSSSCG00000015720,89.5437744580858,195.470621296691
ENSSSCG00000041958,16.614378863852,4.48670133045197
ENSSSCG00000036716,309.555500769521,333.586243919104
ENSSSCG00000035392,75.1510857911443,14.7687252127377
ENSSSCG00000015861,64.7831982055623,74.4044637299952
ENSSSCG00000015860,9.85271304716802,13.1983797470795
ENSSSCG00000015862,50.2295174953664,46.3251912369166
ENSSSCG00000040850,1.12694430278066,1.00950779935169
ENSSSCG00000035410,73.5411653586005,74.0679611302113
ENSSSCG00000015866,22.7320765075184,39.856863485515
ENSSSCG00000015867,98.6237256976328,32.4538062902693
ENSSSCG00000015868,20.6069815365606,15.8156221898432
ENSSSCG00000016173,41.3105582990738,31.4442984909176
ENSSSCG00000016175,16.9685613590116,4.22497708617561
ENSSSCG00000022758,16.0992043254379,95.5293491608732
ENSSSCG00000057002,1.28793634603504,2.31812902073352
ENSSSCG00000016177,34.8708765688986,37.3143993982589
ENSSSCG00000016174,312.775341634608,345.513391622556
ENSSSCG00000035501,50.1651206780646,52.6439622773031
ENSSSCG00000016381,141.15782352544,59.3366250952273
ENSSSCG00000020790,44.6591927987648,89.4349131870093
ENSSSCG00000047413,6.82606263398569,3.29024764233145
ENSSSCG00000016364,90.5097267176121,87.4906759438134
ENSSSCG00000028180,16.8075693157572,18.6571996991294
ENSSSCG00000016367,82.1703388770352,182.085295660842
ENSSSCG00000037779,23.1828542286306,19.1806481876822
ENSSSCG00000040095,7.4700308070032,2.50507490950235
ENSSSCG00000035083,0.321984086508759,0.299113422030131
ENSSSCG00000016401,115.753279099899,161.334302007502
ENSSSCG00000015825,83.4904736317212,175.691746264948
ENSSSCG00000015850,27.0466632667357,8.78645677213511
ENSSSCG00000015851,46.945279812977,77.0964845282664
ENSSSCG00000060703,0.160992043254379,0.710394377321562
ENSSSCG00000062026,0.450777721112262,0.224335066522599
ENSSSCG00000056762,0.193190451905255,0.52344848855273
ENSSSCG00000022797,85.1969892902176,262.584195364702
ENSSSCG00000033634,20.4781879019571,17.4981351887627
ENSSSCG00000035366,22.6676796902166,18.9563131211596
ENSSSCG00000015853,133.301411814626,152.697401946382
ENSSSCG00000035828,15.7450218302783,101.54900677923
ENSSSCG00000033126,152.008687240785,291.486029768363
ENSSSCG00000028679,132.68964205026,261.836411809626
ENSSSCG00000016002,4.41118198517,5.94487926284886
ENSSSCG00000016005,57.860540345624,75.3018039960856
ENSSSCG00000016205,32.9711704584969,35.4823296883243
ENSSSCG00000016349,61.9175398356343,88.5749620986727
ENSSSCG00000055593,0.965952259526276,0.224335066522599
ENSSSCG00000042539,0.0643968173017518,3.06591257580885
ENSSSCG00000016365,18.3208945223484,5.64576584081873
ENSSSCG00000016212,25.1147587476832,20.7509936533404
ENSSSCG00000015673,2.35048383151394,0.673005199567796
ENSSSCG00000025298,18.0311088444905,12.8618771472957
ENSSSCG00000015356,0,14.0209416576624
ENSSSCG00000015357,4.15359471596299,1.49556711015066
ENSSSCG00000015358,1.51332520659117,0.299113422030131
ENSSSCG00000021126,1.67431724984555,0.149556711015066
ENSSSCG00000015360,39.3142569627194,59.0375116731972
ENSSSCG00000023118,51.1632713462418,104.801865243807
ENSSSCG00000024591,8.1461973886716,15.7782330120894
ENSSSCG00000015378,10.7220700807417,8.52473252785875
ENSSSCG00000015379,58.890889422452,23.2560685628427
ENSSSCG00000015380,22.9574653680745,14.3574442574463
ENSSSCG00000038345,7.08364990319269,6.09443597386393
ENSSSCG00000015362,84.3920290739457,166.531397715276
ENSSSCG00000015363,7.69541966755934,517.98966860068
ENSSSCG00000030484,31.2968532086514,21.2744421418931
ENSSSCG00000024761,45.3353593804332,25.5368084058225
ENSSSCG00000039946,99.2676938706503,125.066799586349
ENSSSCG00000015368,4.79756288898051,1.79468053218079
ENSSSCG00000023303,8.50037988383123,4.18758790842184
ENSSSCG00000054202,46.5910973178174,51.1110059893987
ENSSSCG00000026412,40.3446060395475,26.5837053829279
ENSSSCG00000022126,245.384072328325,333.100184608305
ENSSSCG00000015350,2.54367428341919,5.98226844060263
ENSSSCG00000032740,127.602293483421,70.4038217103422
ENSSSCG00000022543,0.54737294706489,0.0747783555075329
ENSSSCG00000015353,30.2987025404742,13.0114338583107
ENSSSCG00000022009,1.15914271143153,0.710394377321562
ENSSSCG00000032709,55.7354453746661,87.9393460768586
ENSSSCG00000024313,79.4012757330599,148.921094993252
ENSSSCG00000026722,48.2332161590121,21.8352798081996
ENSSSCG00000058909,2.64026950937182,2.16857230971845
ENSSSCG00000058419,4.76536448032963,2.84157750928625
ENSSSCG00000041760,0.321984086508759,0.186945888768832
ENSSSCG00000015631,46.3979068659121,88.6497404541802
ENSSSCG00000015632,8.88676078764174,181.038398683737
ENSSSCG00000038506,194.446189842639,139.87291397684
ENSSSCG00000031141,9.27314169145225,2.54246408725612
ENSSSCG00000015611,35.8368288284248,42.0628249729872
ENSSSCG00000015612,82.3635293289405,182.571354971641
ENSSSCG00000015613,61.4345637058712,33.2389790230984
ENSSSCG00000032721,30.7494802615865,41.0159279958818
ENSSSCG00000015616,97.6577734381065,6.61788446241666
ENSSSCG00000015618,120.454246762927,3.70152859762288
ENSSSCG00000015619,41.0207726212159,7.70217061727588
ENSSSCG00000015617,10.8508637153452,4.18758790842184
ENSSSCG00000057883,0.611769764366642,36.0057781768771
ENSSSCG00000052946,1.25573793738416,0.52344848855273
ENSSSCG00000053833,9.94930827312065,6.39354939589406
ENSSSCG00000058599,3.50962654294547,0.299113422030131
ENSSSCG00000047638,1.15914271143153,0.448670133045197
ENSSSCG00000035996,0.54737294706489,0.112167533261299
ENSSSCG00000051304,0.740563398970145,0.0747783555075329
ENSSSCG00000019663,1.28793634603504,0.186945888768832
ENSSSCG00000019034,0.321984086508759,0.186945888768832
ENSSSCG00000014976,6.5362769561278,1.42078875464312
ENSSSCG00000024022,8.2749910232751,3.02852339805508
ENSSSCG00000014977,62.3039207394448,14.1704983686775
ENSSSCG00000015016,1.25573793738416,1.71990217667326
ENSSSCG00000015020,1.80311088444905,0.0747783555075329
ENSSSCG00000015021,28.3345996127708,7.14133295096939
ENSSSCG00000015022,7.40563398970145,3.88847448639171
ENSSSCG00000032941,51.1632713462418,64.4589424474933
ENSSSCG00000029538,84.3598306652948,94.931122316813
ENSSSCG00000015023,38.4770983377967,54.2143077429613
ENSSSCG00000015027,16.7431724984555,18.881534765652
ENSSSCG00000021871,6.56847536477868,9.19773772742654
ENSSSCG00000036724,12.0744032440785,33.7624275116511
ENSSSCG00000015035,6.05330082636466,9.19773772742654
ENSSSCG00000049415,1.93190451905255,1.23384286587429
ENSSSCG00000015036,4.28238835056649,3.81369613088418
ENSSSCG00000015030,52.9663822306908,47.8207583470673
ENSSSCG00000015031,14.7468711621012,8.11345157256731
ENSSSCG00000015044,38.0907174339862,23.5177928071191
ENSSSCG00000023599,21.5729337960868,25.5741975835762
ENSSSCG00000015034,91.7332662463454,101.84812020126
ENSSSCG00000015037,4.28238835056649,0.448670133045197
ENSSSCG00000015320,11.4948318883627,0.149556711015066
ENSSSCG00000015322,66.0067377342956,38.8099665084096
ENSSSCG00000015329,11.0118557585996,10.2820238822858
ENSSSCG00000058261,3.25203927373846,0.0747783555075329
ENSSSCG00000015039,8.9511576049435,0.897340266090394
ENSSSCG00000015040,62.9478889124623,32.9398656010682
ENSSSCG00000015332,6.69726899938218,2.16857230971845
ENSSSCG00000029515,14.1672998063854,1.00950779935169
ENSSSCG00000015331,58.1503260234818,65.8049528466289
ENSSSCG00000015334,57.860540345624,45.3530726153187
ENSSSCG00000015335,25.0503619303814,22.6204525410287
ENSSSCG00000015336,64.8153966142131,85.0603793898186
ENSSSCG00000015205,2.38268224016482,1.34601039913559
ENSSSCG00000022504,14.4248870755924,3.88847448639171
ENSSSCG00000014984,0.9337538508754,0.224335066522599
ENSSSCG00000029675,0.837158624922773,42.9975544168314
ENSSSCG00000037534,0.386380903810511,1.04689697710546
ENSSSCG00000059078,1.64211884119467,0.0747783555075329
ENSSSCG00000014988,6.95485626858919,0
ENSSSCG00000015233,28.2380043868181,31.6686335574402
ENSSSCG00000014989,18.4818865656028,15.1800061680292
ENSSSCG00000025806,46.3013116399595,48.4189851911275
ENSSSCG00000015513,35.6114399678687,10.6933048375772
ENSSSCG00000015227,232.440312050673,370.900643317363
ENSSSCG00000033937,39.0244712848616,20.0779884537726
ENSSSCG00000015515,24.6961794352218,2.09379395421092
ENSSSCG00000015534,45.7217402842437,48.1946501246049
ENSSSCG00000015537,23.3116478632341,25.3124733392999
ENSSSCG00000030017,21.7661242479921,28.6774993371389
ENSSSCG00000015538,11.1084509845522,13.4974931691097
ENSSSCG00000014994,47.1062718562314,27.4436564712646
ENSSSCG00000015539,79.9486486801248,104.577530177285
ENSSSCG00000022413,13.2657443641609,8.44995417235121
ENSSSCG00000015540,41.2783598904229,68.833476244684
ENSSSCG00000015231,22.7642749161692,24.3403547177019
ENSSSCG00000015535,144.409862799178,187.992785745938
ENSSSCG00000015232,25.694330103399,16.488627389411
ENSSSCG00000015462,7.85641171081371,16.2642923228884
ENSSSCG00000015337,78.4353234735336,83.564812279668
ENSSSCG00000022525,61.3701668885694,121.215714277711
ENSSSCG00000015473,42.4375026018544,45.2782942598111
ENSSSCG00000047552,0,0.635616021814029
ENSSSCG00000015474,2.38268224016482,0.897340266090394
ENSSSCG00000033314,98.3017416111241,91.2669828969438
ENSSSCG00000038838,102.101153831927,146.490798439257
ENSSSCG00000023850,6.69726899938218,2.50507490950235
ENSSSCG00000021059,0.804960216271897,1.64512382116572
ENSSSCG00000015234,0.482976129763138,0.149556711015066
ENSSSCG00000015340,14.263895032338,19.1806481876822
ENSSSCG00000030681,0.837158624922773,0.747783555075329
ENSSSCG00000038187,28.3024012041199,24.003852117918
ENSSSCG00000015252,36.834979496602,53.9899726764387
ENSSSCG00000015342,0.321984086508759,0.52344848855273
ENSSSCG00000015476,6.76166581668393,0.224335066522599
ENSSSCG00000015253,4.70096766302788,0.673005199567796
ENSSSCG00000015343,35.4826463332652,29.0887802924303
ENSSSCG00000015480,198.664181375904,182.833079215918
ENSSSCG00000023886,35.9334240543775,26.9575971604656
ENSSSCG00000036169,16.0992043254379,8.97340266090394
ENSSSCG00000015345,12.7827682343977,24.2281871844406
ENSSSCG00000015235,62.3361191480957,91.9399880965116
ENSSSCG00000015346,37.2535588090634,87.2289516995371
ENSSSCG00000015237,45.657343466942,33.3511465563597
ENSSSCG00000015482,26.4992903196708,26.5463162051742
ENSSSCG00000015509,59.2772703262625,54.2890860984689
ENSSSCG00000015238,36.4807970014424,42.3245492172636
ENSSSCG00000015512,8.88676078764174,1.53295628790442
ENSSSCG00000039332,11.6880223402679,19.5545399652198
ENSSSCG00000036157,6.60067377342955,7.81433815053718
ENSSSCG00000039322,11.2372446191557,7.70217061727588
ENSSSCG00000015199,0.643968173017518,0.635616021814029
ENSSSCG00000015519,31.2002579826987,121.327881810972
ENSSSCG00000015200,30.105512088569,56.0837666306496
ENSSSCG00000015324,90.3809330830086,91.9399880965116
ENSSSCG00000015201,28.2058059781673,15.4043412345518
ENSSSCG00000036385,20.7357751711641,13.0114338583107
ENSSSCG00000015202,2.35048383151394,0.0747783555075329
ENSSSCG00000015203,50.326112721319,69.7682056885282
ENSSSCG00000021573,61.209174845315,200.144268515912
ENSSSCG00000015213,48.8771843320296,53.3917458323785
ENSSSCG00000046103,4.47557880247175,9.12295937191901
ENSSSCG00000015523,56.5726039995889,81.3962399699495
ENSSSCG00000015214,205.941021731002,224.110731456076
ENSSSCG00000015522,1.09474589412978,5.49620912980367
ENSSSCG00000049961,2.44707905746657,0.635616021814029
ENSSSCG00000015524,84.1666402133895,199.695598382866
ENSSSCG00000015525,37.9941222080335,41.2402630624044
ENSSSCG00000024674,17.8057199839344,86.1446655446778
ENSSSCG00000015326,4733.16607167875,4649.00775108107
ENSSSCG00000015215,8.04960216271897,1.90684806544209
ENSSSCG00000021464,28.6243852906287,86.3690006112004
ENSSSCG00000015528,10.4644828115347,3.66413941986911
ENSSSCG00000015527,2.02849974500518,0.635616021814029
ENSSSCG00000015526,3.63842017754897,1.57034546565819
ENSSSCG00000033352,1.60992043254379,1.12167533261299
ENSSSCG00000024913,14.6502759361485,6.76744117343172
ENSSSCG00000015222,15.4230377437695,9.04818101641148
ENSSSCG00000035741,33.2609561363548,51.7466220112127
ENSSSCG00000015223,0.611769764366642,0.224335066522599
ENSSSCG00000015014,7.27684035509795,13.0862122138182
ENSSSCG00000015013,129.630793228426,179.131550618295
ENSSSCG00000015144,13.2013475468591,12.3010394809892
ENSSSCG00000029261,36.4807970014424,53.2047999436096
ENSSSCG00000032621,53.8035408556136,75.2644148183318
ENSSSCG00000062714,21.1865528922763,22.5082850077674
ENSSSCG00000053283,6.14989605231729,9.49685114945667
ENSSSCG00000015145,35.4182495159635,84.4621525457584
ENSSSCG00000015327,38.7024871983528,24.7890248507471
ENSSSCG00000015175,27.5940362138006,149.556711015066
ENSSSCG00000015328,18.1921008877449,9.38468361619537
ENSSSCG00000025661,53.9001360815662,43.8948946829218
ENSSSCG00000036049,8.66137192708561,2.61724244276365
ENSSSCG00000015196,40.6343917174054,38.3612963753644
ENSSSCG00000031091,1.7387140671473,2.13118313196469
ENSSSCG00000015483,19.5122356424308,35.4449405105706
ENSSSCG00000015305,21.5085369787851,11.1419749706224
ENSSSCG00000015197,26.9178696321322,9.23512690518031
ENSSSCG00000015241,9.94930827312065,1.30862122138182
ENSSSCG00000038958,13.1369507295574,64.3841640919858
ENSSSCG00000015307,23.8268224016482,19.0310914766671
ENSSSCG00000015242,64.4934125277044,59.7479060505188
ENSSSCG00000015243,10.6576732634399,8.33778663908991
ENSSSCG00000015244,482.138971138215,975.22192335149
ENSSSCG00000050889,0.354182495159635,0.149556711015066
ENSSSCG00000036436,49.295763644491,48.3068176578662
ENSSSCG00000015309,28.8175757425339,12.3384286587429
ENSSSCG00000015310,109.732176682185,31.4442984909176
ENSSSCG00000035945,23.7624255843464,29.7617854919981
ENSSSCG00000015246,173.581621036872,269.688139137917
ENSSSCG00000015015,3.09104723048408,2.05640477645715
ENSSSCG00000031550,3.15544404778584,6.28138186263276
ENSSSCG00000015486,124.865428748097,178.608102129742
ENSSSCG00000015247,67.3912693062832,40.6420362183441
ENSSSCG00000015485,411.688853010099,735.931185727385
ENSSSCG00000015249,0.515174538414014,1.12167533261299
ENSSSCG00000015018,1.70651565849642,1.79468053218079
ENSSSCG00000015250,43.2424628181263,64.4963316252471
ENSSSCG00000015206,15.5196329697222,12.2262611254816
ENSSSCG00000015019,31.8442261557162,55.1116480090517
ENSSSCG00000022226,0.643968173017518,0.373891777537664
ENSSSCG00000015487,0.386380903810511,0.224335066522599
ENSSSCG00000022536,19.0936563299694,152.136564280076
ENSSSCG00000015488,2.57587269207007,1.64512382116572
ENSSSCG00000062098,6.69726899938218,10.8054723708385
ENSSSCG00000015211,13.5877284506696,23.854295406903
ENSSSCG00000061235,14.8756647967047,3.21546928682391
ENSSSCG00000058788,210.577592576728,7.29088966198445
ENSSSCG00000061608,51.1632713462418,2.01901559870339
ENSSSCG00000015212,0.54737294706489,1.49556711015066
ENSSSCG00000015236,1.28793634603504,0
ENSSSCG00000041219,4.18579312461386,0.710394377321562
ENSSSCG00000058137,1.22353952873328,0.112167533261299
ENSSSCG00000014985,0.386380903810511,0.224335066522599
ENSSSCG00000055418,0.676166581668393,0.149556711015066
ENSSSCG00000056450,2.6724679180227,1.19645368812053
ENSSSCG00000059579,0.772761807621021,0.897340266090394
ENSSSCG00000057612,0.515174538414014,0.224335066522599
ENSSSCG00000058826,9.91710986446977,3.66413941986911
ENSSSCG00000061884,1.03034907682803,1.49556711015066
ENSSSCG00000053939,3.92820585540686,1.00950779935169
ENSSSCG00000015499,149.529409774668,117.402018146827
ENSSSCG00000056181,34.1947099872302,9.83335374924057
ENSSSCG00000015504,71.6736576568497,49.3911038127254
ENSSSCG00000031435,19.1258547386203,17.6476918997778
ENSSSCG00000015507,1.89970611040168,18.2833079215918
ENSSSCG00000040719,14.3282918496398,13.3105472803408
ENSSSCG00000015541,25.0825603390323,34.2110976446963
ENSSSCG00000031784,0.450777721112262,0.0747783555075329
ENSSSCG00000052700,0.354182495159635,0.336502599783898
ENSSSCG00000035617,45.7217402842437,83.9013148794519
ENSSSCG00000049217,0.225388860556131,0.897340266090394
ENSSSCG00000059282,1.89970611040168,6.46832775140159
ENSSSCG00000041310,2.57587269207007,1.86945888768832
ENSSSCG00000048488,0.54737294706489,0.336502599783898
ENSSSCG00000015311,39.9904235443878,243.70266059905
ENSSSCG00000029092,1.32013475468591,0.373891777537664
ENSSSCG00000015313,30.0089168626163,11.7402018146827
ENSSSCG00000015314,58.0537307975292,56.9437177189863
ENSSSCG00000027356,0.643968173017518,0.261724244276365
ENSSSCG00000031835,17.4193390801239,17.7598594330391
ENSSSCG00000029967,19.6088308683834,19.2180373654359
ENSSSCG00000015315,15.036656839959,7.85172732829095
ENSSSCG00000015316,0.54737294706489,0.186945888768832
ENSSSCG00000045005,18.4496881569519,6.61788446241666
ENSSSCG00000040183,2.22169019691044,1.75729135442702
ENSSSCG00000027372,31.9730197903197,5.38404159654237
ENSSSCG00000025870,9.43413373470663,14.4322226129538
ENSSSCG00000022982,36.7061858619985,30.4347906915659
ENSSSCG00000055922,4.28238835056649,3.55197188660781
ENSSSCG00000054931,0.837158624922773,0.52344848855273
ENSSSCG00000057692,29.7191311847584,0.52344848855273
ENSSSCG00000051124,26.3382982764165,24.3029655399482
ENSSSCG00000053865,0.386380903810511,0.598226844060263
ENSSSCG00000055045,0.225388860556131,0.673005199567796
ENSSSCG00000059783,1.0625474854789,0.598226844060263
ENSSSCG00000058671,0.54737294706489,0.224335066522599
ENSSSCG00000022490,1.44892838928941,19.0684806544209
ENSSSCG00000014961,50.6480968078278,37.5761236425353
ENSSSCG00000014965,23.7302271756955,24.8638032062547
ENSSSCG00000014955,21.4441401614833,16.0773464341196
ENSSSCG00000014956,21.6373306133886,17.3859676555014
ENSSSCG00000030461,0.321984086508759,0.299113422030131
ENSSSCG00000032360,9.04775283089612,5.122317352266
ENSSSCG00000014957,9.94930827312065,8.26300828358238
ENSSSCG00000037015,98.8169161495381,55.223815542313
ENSSSCG00000014933,16.0348075081362,37.5013452870277
ENSSSCG00000014934,86.9357033573649,67.4874658455484
ENSSSCG00000014946,56.4760087736363,18.5824213436219
ENSSSCG00000038682,44.4016055295578,10.8054723708385
ENSSSCG00000014948,18.6106802002063,35.0710487330329
ENSSSCG00000014950,3.41303131699284,1.38339957688936
ENSSSCG00000024933,5.11954697548926,2.99113422030131
ENSSSCG00000014943,43.5000500873333,6.20660350712523
ENSSSCG00000014924,95.4038848325452,92.2391015185418
ENSSSCG00000014927,3.6062217688981,3.17808010907015
ENSSSCG00000027093,5.3449358360454,11.366310037145
ENSSSCG00000014935,0.321984086508759,0.448670133045197
ENSSSCG00000062029,5.6025231052524,11.1793641483762
ENSSSCG00000014959,0.482976129763138,2.95374504254755
ENSSSCG00000014960,8.75796715303824,14.5443901462151
ENSSSCG00000014967,31.1036627567461,12.001926058959
ENSSSCG00000014969,28.2380043868181,21.4613880306619
ENSSSCG00000014970,65.5881584218342,89.4723023647631
ENSSSCG00000034879,84.9072036123597,60.3835220723328
ENSSSCG00000014972,38.4448999291458,11.0671966151149
ENSSSCG00000034924,32.2306070595268,13.9835524799086
ENSSSCG00000014915,25.8231237380025,21.4239988529082
ENSSSCG00000014921,446.913912074157,250.95616108328
ENSSSCG00000014920,17.64472794068,8.56212170561251
ENSSSCG00000035619,13.23354595551,12.1140935922203
ENSSSCG00000014929,2.06069815365606,0.299113422030131
ENSSSCG00000057259,2.35048383151394,4.8979822857434
ENSSSCG00000061233,0.321984086508759,0.448670133045197
ENSSSCG00000052865,0.643968173017518,0.52344848855273
ENSSSCG00000060726,2.64026950937182,0.0747783555075329
ENSSSCG00000059156,6.63287218208043,1.08428615485923
ENSSSCG00000050397,1.19134112008241,0.373891777537664
ENSSSCG00000059203,16.0670059167871,23.0317334963201
ENSSSCG00000056609,5.89230878311029,5.122317352266
ENSSSCG00000044939,0.225388860556131,0.411280955291431
ENSSSCG00000018225,2.8012615526262,1.15906451036676
ENSSSCG00000019283,1.70651565849642,0.373891777537664
ENSSSCG00000018303,0.450777721112262,0.112167533261299
ENSSSCG00000018558,2.18949178825956,0.859951088336628
ENSSSCG00000019648,1.22353952873328,0.710394377321562
ENSSSCG00000018329,2.02849974500518,1.00950779935169
ENSSSCG00000019977,3.83161062945423,2.16857230971845
ENSSSCG00000019451,1.64211884119467,0.411280955291431
ENSSSCG00000014949,46.5588989091665,28.8270560481539
ENSSSCG00000015402,17.129553402266,26.9575971604656
ENSSSCG00000015403,9.82051463851714,1.12167533261299
ENSSSCG00000023784,9.2087448741505,10.3941914155471
ENSSSCG00000015405,8.24279261462422,1.08428615485923
ENSSSCG00000061957,5.89230878311029,1.04689697710546
ENSSSCG00000056769,0,0.560837666306496
ENSSSCG00000054384,6.66507059073131,7.06655459546185
ENSSSCG00000020970,1.41672998063854,1.00950779935169
ENSSSCG00000024136,1.09474589412978,1.71990217667326
ENSSSCG00000015384,32.2306070595268,39.221247463701
ENSSSCG00000015386,30.1699089058707,21.4239988529082
ENSSSCG00000038469,26.7568775888779,38.8473556861633
ENSSSCG00000030294,38.9922728762107,84.7612659677885
ENSSSCG00000052500,0.386380903810511,0.822561910582861
ENSSSCG00000015450,23.7946239929973,31.7434119129477
ENSSSCG00000015453,491.86289055078,554.705841154879
ENSSSCG00000028840,20.7035767625132,6.50571692915536
ENSSSCG00000023793,8.43598306652948,8.44995417235121
ENSSSCG00000015455,68.3250231571586,76.4608685064523
ENSSSCG00000034739,38.7346856070037,47.9703150580823
ENSSSCG00000062427,2.18949178825956,4.37453379719067
ENSSSCG00000015426,3.05884882183321,2.35551819848728
ENSSSCG00000015391,112.984215955923,104.876643599315
ENSSSCG00000025326,15.2620457005152,55.709874853112
ENSSSCG00000015427,17.9667120271887,16.8625191669487
ENSSSCG00000015393,48.4586050195682,27.5932131822796
ENSSSCG00000035554,0.772761807621021,2.76679915377872
ENSSSCG00000015394,4.82976129763138,29.4252828922142
ENSSSCG00000029082,265.347085691868,128.543993117449
ENSSSCG00000026110,65.7491504650885,122.038276188294
ENSSSCG00000015428,48.0722241157577,33.6502599783898
ENSSSCG00000015430,20.7035767625132,19.6293183207274
ENSSSCG00000054021,16.5177836378993,2.65463162051742
ENSSSCG00000015432,31.7476309297636,34.734546133249
ENSSSCG00000015433,117.137810671886,57.2428311410164
ENSSSCG00000058469,161.764805062,190.236136411164
ENSSSCG00000015435,44.5947959814631,55.9715990973883
ENSSSCG00000015396,1.70651565849642,3.29024764233145
ENSSSCG00000015398,9.53072896065926,0.373891777537664
ENSSSCG00000015399,2.8012615526262,0.897340266090394
ENSSSCG00000014766,3.31643609104022,2.95374504254755
ENSSSCG00000014768,15.1332520659117,19.0310914766671
ENSSSCG00000015407,42.791685097014,30.8834608246111
ENSSSCG00000014780,30.9426707134917,30.5469582248272
ENSSSCG00000031780,1.64211884119467,1.12167533261299
ENSSSCG00000027272,6.50407854747693,2.69202079827118
ENSSSCG00000037706,68.6792056523182,9.7959645714868
ENSSSCG00000035673,64.074833215243,52.0083462554891
ENSSSCG00000037556,46.2691132313086,52.1952921442579
ENSSSCG00000057900,0.515174538414014,0.0747783555075329
ENSSSCG00000058900,0.869357033573649,0.448670133045197
ENSSSCG00000019224,0.386380903810511,0.112167533261299
ENSSSCG00000015401,0.676166581668393,4.74842557472834
ENSSSCG00000015383,1.9963013363543,3.47719353110028
ENSSSCG00000015443,79.884251862823,65.1693368248149
ENSSSCG00000014630,1.28793634603504,2.28073984297975
ENSSSCG00000014632,89.769163318642,98.1092024258831
ENSSSCG00000014634,9.17654646549962,6.09443597386393
ENSSSCG00000028979,27.9804171176111,25.9854785388677
ENSSSCG00000015444,158.609361014215,158.642281209231
ENSSSCG00000062630,1.32013475468591,0.598226844060263
ENSSSCG00000022347,0.708364990319269,1.42078875464312
ENSSSCG00000014670,84.4242274825965,75.4139715293469
ENSSSCG00000040639,34.7098845256442,49.9893306567857
ENSSSCG00000032905,0.257587269207007,0.448670133045197
ENSSSCG00000014672,37.3179556263651,27.3314889380033
ENSSSCG00000014868,39.2498601454177,50.9614492783836
ENSSSCG00000015445,43.4034548613807,21.9848365192147
ENSSSCG00000015581,25.5655364687954,3.14069093131638
ENSSSCG00000014869,36.2876065495371,52.3074596775192
ENSSSCG00000015582,27.6262346224515,37.613512820289
ENSSSCG00000015583,23.6658303583938,11.6280342814214
ENSSSCG00000015446,39.4108521886721,15.7034546565819
ENSSSCG00000015604,18.6106802002063,5.94487926284886
ENSSSCG00000015447,0.386380903810511,0.299113422030131
ENSSSCG00000035299,6.18209446096817,2.05640477645715
ENSSSCG00000015543,3.4774281342946,9.42207279394914
ENSSSCG00000020963,30.2021073145216,22.4335066522599
ENSSSCG00000024028,32.1984086508759,18.096362032823
ENSSSCG00000014875,53.964532898868,95.4171816276119
ENSSSCG00000023584,2.06069815365606,2.57985326500988
ENSSSCG00000052111,0.418579312461386,1.64512382116572
ENSSSCG00000058031,1.83530929309993,2.65463162051742
ENSSSCG00000014894,10.110300316375,7.66478143952212
ENSSSCG00000029596,1.57772202389292,4.37453379719067
ENSSSCG00000051031,0.804960216271897,0.373891777537664
ENSSSCG00000059202,2.51147587476832,4.41192297494444
ENSSSCG00000054203,0.54737294706489,0.261724244276365
ENSSSCG00000053860,2.25388860556131,0.598226844060263
ENSSSCG00000057146,2.06069815365606,0.710394377321562
ENSSSCG00000054957,7.53442762430496,1.12167533261299
ENSSSCG00000014725,3.09104723048408,43.1471111278465
ENSSSCG00000014727,0.193190451905255,5.72054419632626
ENSSSCG00000015135,251.566166789293,785.284900362356
ENSSSCG00000020402,0.515174538414014,0.448670133045197
ENSSSCG00000030095,9.62732418661189,39.8942526632688
ENSSSCG00000027905,26.1129094158603,18.4328646326068
ENSSSCG00000015056,73.5733637672514,17.6476918997778
ENSSSCG00000015136,14.006307763131,13.4974931691097
ENSSSCG00000015137,0.579571355715766,0.149556711015066
ENSSSCG00000015138,19.0292595126676,8.48734335010498
ENSSSCG00000015065,30.5562898096812,30.6965149358422
ENSSSCG00000033806,1.15914271143153,198.424366339238
ENSSSCG00000022070,29.7513295934093,33.6876491561436
ENSSSCG00000015584,1.09474589412978,0.52344848855273
ENSSSCG00000015586,48.3620097936156,73.2080100418747
ENSSSCG00000028886,211.672338470858,258.321829100772
ENSSSCG00000015588,45.3675577890841,26.8080404494505
ENSSSCG00000015589,15.6484266043257,9.87074292699434
ENSSSCG00000014579,82.4601245548931,122.860838098876
ENSSSCG00000015590,19.190251555922,15.5538979455668
ENSSSCG00000014578,163.181535042639,170.34509384616
ENSSSCG00000015592,8.53257829248211,4.15019873066807
ENSSSCG00000014575,12.0744032440785,24.4525222509632
ENSSSCG00000015067,54.7050962978381,65.0197801137998
ENSSSCG00000014577,26.3382982764165,65.6553961356138
ENSSSCG00000015593,15.6162281956748,9.19773772742654
ENSSSCG00000057143,1.89970611040168,0.598226844060263
ENSSSCG00000033335,10.7542684893925,11.852369347944
ENSSSCG00000030921,134.138570439549,204.817915735132
ENSSSCG00000014568,121.291405387849,158.904005453507
ENSSSCG00000015071,61.1125796193624,113.96221379348
ENSSSCG00000015600,3.57402336024722,2.16857230971845
ENSSSCG00000026547,18.8360690607624,18.6198105213757
ENSSSCG00000024613,1.35233316333679,1.49556711015066
ENSSSCG00000046596,4.37898357651912,10.5437481265621
ENSSSCG00000015602,48.0722241157577,37.1274535094901
ENSSSCG00000015603,48.2654145676629,38.5108530863794
ENSSSCG00000015545,913.629845468603,680.071754163258
ENSSSCG00000063319,0.418579312461386,0.0747783555075329
ENSSSCG00000014569,762.876896165202,675.323328588529
ENSSSCG00000015548,5.63472151390328,1.23384286587429
ENSSSCG00000015549,66.6829043159639,154.940752611608
ENSSSCG00000015550,7.3412371723997,6.73005199567796
ENSSSCG00000039986,1.15914271143153,1.86945888768832
ENSSSCG00000044464,0.225388860556131,0.486059310798964
ENSSSCG00000014567,34.9674717948512,47.6338124582984
ENSSSCG00000022292,16.2279979600414,24.1907980066869
ENSSSCG00000026806,330.999640931004,433.938797010213
ENSSSCG00000030206,57.7961435283222,30.6965149358422
ENSSSCG00000039996,50.8734856683839,103.829746622209
ENSSSCG00000015255,1.0625474854789,0.448670133045197
ENSSSCG00000014827,9.53072896065926,0.448670133045197
ENSSSCG00000015126,2.60807110072095,10.3941914155471
ENSSSCG00000015256,65.6847536477868,69.2447571999754
ENSSSCG00000015555,215.214163422454,320.200918283256
ENSSSCG00000036307,49.7143429569524,50.3258332565696
ENSSSCG00000028237,0.515174538414014,0.52344848855273
ENSSSCG00000037406,8.91895919629262,6.16921432937146
ENSSSCG00000015129,80.8502041223493,307.974657157774
ENSSSCG00000022192,24.0200128535534,13.6844390578785
ENSSSCG00000014828,113.724779354894,139.798135621333
ENSSSCG00000015556,207.261156485688,68.4969736449001
ENSSSCG00000028123,86.4205288189509,104.7270868883
ENSSSCG00000015131,7.4700308070032,38.6230206196407
ENSSSCG00000015557,36.7383842706494,25.7985326500988
ENSSSCG00000028149,14.8434663880538,6.1318251516177
ENSSSCG00000024027,114.304350710609,129.740446805569
ENSSSCG00000014829,21.9593146998973,21.6483339194308
ENSSSCG00000015558,121.162611753246,141.181535198222
ENSSSCG00000015045,5.57032469660153,9.42207279394914
ENSSSCG00000014830,6.82606263398569,6.28138186263276
ENSSSCG00000062444,42.3409073759018,26.247202783144
ENSSSCG00000014831,13.3301411814626,28.49055344837
ENSSSCG00000015559,6.92265785993831,1.94423724319585
ENSSSCG00000015560,159.832900542948,211.435800197549
ENSSSCG00000039370,2.35048383151394,1.30862122138182
ENSSSCG00000015563,43.0170739575702,54.1021402097
ENSSSCG00000015561,18.159902479094,5.19709570777353
ENSSSCG00000030217,95.8546625536575,297.767411630996
ENSSSCG00000031121,27.1432584926884,22.2839499412448
ENSSSCG00000015565,25.1791555649849,53.0178540548408
ENSSSCG00000015566,68.1318327052534,129.366555028032
ENSSSCG00000014832,14.4248870755924,9.34729443844161
ENSSSCG00000014833,18.932664286715,9.9081321047481
ENSSSCG00000015567,22.4100924210096,41.0159279958818
ENSSSCG00000014834,0.676166581668393,0.112167533261299
ENSSSCG00000015568,35.9334240543775,32.491195468023
ENSSSCG00000015140,1329.82647568982,2412.91058633932
ENSSSCG00000021393,62.1429286961904,51.1483951671525
ENSSSCG00000015569,14.3926886669415,12.2636503032354
ENSSSCG00000015645,80.1740375406809,105.661816332144
ENSSSCG00000015570,283.957765892074,420.553471374365
ENSSSCG00000022961,29.8801232280128,13.9087741244011
ENSSSCG00000035595,5.79571355715766,7.32827883973822
ENSSSCG00000015049,38.2517094772405,0.635616021814029
ENSSSCG00000015050,32.3915991027811,28.49055344837
ENSSSCG00000014838,12.8149666430486,11.4036992148988
ENSSSCG00000029323,7.18024512914532,14.0209416576624
ENSSSCG00000024060,2.57587269207007,2.87896668704001
ENSSSCG00000027506,45.2065657458297,51.3353410559213
ENSSSCG00000015576,115.463493422041,73.469734286151
ENSSSCG00000014843,3.79941222080335,0.897340266090394
ENSSSCG00000037428,10.8186653066943,13.3853256358484
ENSSSCG00000015052,32.7135831892899,25.0881382727773
ENSSSCG00000015664,70.289126084862,27.0323755159731
ENSSSCG00000015577,22.313497195057,5.98226844060263
ENSSSCG00000028674,0.837158624922773,0.897340266090394
ENSSSCG00000015579,29.4615439155514,227.251422387392
ENSSSCG00000023351,38.5736935637493,80.4241213483516
ENSSSCG00000023057,2.6724679180227,0.822561910582861
ENSSSCG00000014580,19.0292595126676,34.6971569554952
ENSSSCG00000023451,9.36973691740488,2.39290737624105
ENSSSCG00000014581,16.1314027340888,11.6280342814214
ENSSSCG00000039647,173.839208306079,200.069490160404
ENSSSCG00000040650,1.41672998063854,0.0747783555075329
ENSSSCG00000015607,9.337538508754,7.40305719524575
ENSSSCG00000015293,3.63842017754897,0.785172732829095
ENSSSCG00000026404,20.1884022240992,7.66478143952212
ENSSSCG00000015546,0.772761807621021,0.186945888768832
ENSSSCG00000014598,186.686373357778,534.253960923568
ENSSSCG00000054525,0.837158624922773,0.710394377321562
ENSSSCG00000061084,9.17654646549962,19.5919291429736
ENSSSCG00000015297,16.9363629503607,8.78645677213511
ENSSSCG00000061543,0.579571355715766,0.186945888768832
ENSSSCG00000045328,4.21799153326474,1.23384286587429
ENSSSCG00000055388,1.93190451905255,0.186945888768832
ENSSSCG00000058981,0.321984086508759,0.373891777537664
ENSSSCG00000038540,5.18394379279102,10.0576888157632
ENSSSCG00000015298,81.0433945742546,112.915316816375
ENSSSCG00000014599,1.8675077017508,9.64640786047174
ENSSSCG00000051840,25.7265285120498,9.60901868271797
ENSSSCG00000057945,0.998150668177152,0.598226844060263
ENSSSCG00000038122,0.965952259526276,1.34601039913559
ENSSSCG00000014602,0.611769764366642,0.859951088336628
ENSSSCG00000015115,36.9637731312055,41.0907063513893
ENSSSCG00000015299,14.1672998063854,31.8181902684552
ENSSSCG00000033089,9.36973691740488,52.7561298105644
ENSSSCG00000014618,0.482976129763138,0.336502599783898
ENSSSCG00000024693,54.7050962978381,83.0413637911152
ENSSSCG00000029189,76.8576014496407,110.821522862164
ENSSSCG00000015116,42.9848755489193,92.3886582295568
ENSSSCG00000023080,147.017933899899,233.046744939226
ENSSSCG00000054880,26.0163141899077,20.1527668092801
ENSSSCG00000015119,0.128793634603504,0.785172732829095
ENSSSCG00000029630,32.4881943287338,50.9240601006299
ENSSSCG00000015120,17.2261486282186,14.1331091909237
ENSSSCG00000023272,164.34067775407,348.541915020611
ENSSSCG00000032330,30.1377104972198,19.1806481876822
ENSSSCG00000023880,21.6051322047377,21.8726689859534
ENSSSCG00000015047,35.4826463332652,15.2547845235367
ENSSSCG00000037299,11.3660382537592,10.5063589488084
ENSSSCG00000014625,67.9064438446972,95.0432898500743
ENSSSCG00000015125,16.4855852292484,7.10394377321562
ENSSSCG00000014626,7.66322125890846,1.15906451036676
ENSSSCG00000015048,9.2087448741505,6.09443597386393
ENSSSCG00000015074,69.9349435897024,96.1649651826873
ENSSSCG00000014628,67.4878645322358,68.1604710451162
ENSSSCG00000015073,236.271922680127,165.035830605125
ENSSSCG00000015072,52.0326283798154,69.6560381552669
ENSSSCG00000015077,40.6343917174054,49.7649955902631
ENSSSCG00000015079,37.7687333474774,55.223815542313
ENSSSCG00000015080,72.5430146904233,44.7548457712584
ENSSSCG00000015082,17.8379183925852,7.02916541770809
ENSSSCG00000021487,9.82051463851714,67.4874658455484
ENSSSCG00000025182,23.0540605940271,49.0919903906953
ENSSSCG00000015084,1.83530929309993,7.70217061727588
ENSSSCG00000014627,53.191771091247,151.949618391307
ENSSSCG00000055670,41.6003439769316,42.100214150741
ENSSSCG00000014633,64.9441902488166,335.23136774027
ENSSSCG00000023728,10.3034907682803,5.38404159654237
ENSSSCG00000028517,27.6906314397533,73.7314585304274
ENSSSCG00000022398,329.357522089809,462.205015392061
ENSSSCG00000051213,0.128793634603504,0.747783555075329
ENSSSCG00000026269,11.1084509845522,8.67428923887381
ENSSSCG00000020783,31.7798293384145,189.450963678334
ENSSSCG00000021041,1.80311088444905,4.86059310798964
ENSSSCG00000036352,2.60807110072095,1.75729135442702
ENSSSCG00000015290,52.129223605768,183.020025104687
ENSSSCG00000014896,0.257587269207007,1.04689697710546
ENSSSCG00000014876,7.50222921565408,0.448670133045197
ENSSSCG00000015285,0.128793634603504,2.13118313196469
ENSSSCG00000022951,0.965952259526276,2.57985326500988
ENSSSCG00000014878,110.27954962925,175.392632842918
ENSSSCG00000014880,15.3908393351187,47.3720882140221
ENSSSCG00000014881,68.8079992869218,88.2384594988888
ENSSSCG00000014882,55.8964374179205,27.5558240045259
ENSSSCG00000037251,10.8186653066943,10.3568022377933
ENSSSCG00000014884,31.7154325211127,48.4189851911275
ENSSSCG00000031979,1.09474589412978,8.37517581684368
ENSSSCG00000033822,2.06069815365606,3.29024764233145
ENSSSCG00000039494,14.3926886669415,30.5469582248272
ENSSSCG00000036867,1.28793634603504,0.747783555075329
ENSSSCG00000014887,18.9648626953659,23.7421278736417
ENSSSCG00000015117,42.1477169239965,71.226383620925
ENSSSCG00000047220,0.515174538414014,0.635616021814029
ENSSSCG00000053238,0.965952259526276,0.0747783555075329
ENSSSCG00000056467,4.05699949001036,0.934729443844161
ENSSSCG00000055812,0.965952259526276,0.336502599783898
ENSSSCG00000055148,0.579571355715766,1.00950779935169
ENSSSCG00000055280,1.89970611040168,0
ENSSSCG00000031725,1.09474589412978,4.33714461943691
ENSSSCG00000039904,1.12694430278066,3.25285846457768
ENSSSCG00000033506,10.0781019077242,27.1071538714807
ENSSSCG00000014892,6.43968173017518,11.8149801701902
ENSSSCG00000014891,35.4504479246143,25.9854785388677
ENSSSCG00000014893,11.7846175662206,8.59951088336628
ENSSSCG00000014769,4.41118198517,4.71103639697457
ENSSSCG00000014899,52.0970251971172,21.6483339194308
ENSSSCG00000014898,5.31273742739452,1.57034546565819
ENSSSCG00000014900,2.6724679180227,2.09379395421092
ENSSSCG00000035041,0.965952259526276,0.0747783555075329
ENSSSCG00000055267,0.515174538414014,0.224335066522599
ENSSSCG00000014901,90.1877426311033,43.4836137276304
ENSSSCG00000014902,60.5974050809484,25.9854785388677
ENSSSCG00000014903,23.1506558199798,14.0957200131699
ENSSSCG00000014904,8.30718943192598,36.2301132433997
ENSSSCG00000027874,3.63842017754897,1.30862122138182
ENSSSCG00000037537,0.321984086508759,0.373891777537664
ENSSSCG00000034855,0.579571355715766,0.299113422030131
ENSSSCG00000034777,1.54552361524204,0.373891777537664
ENSSSCG00000014905,25.951917372606,19.8162642094962
ENSSSCG00000025187,11.9778080181258,11.7402018146827
ENSSSCG00000014909,16.7431724984555,15.366952056798
ENSSSCG00000059638,15.4874345610713,13.5348823468634
ENSSSCG00000061858,0.450777721112262,1.60773464341196
ENSSSCG00000046669,10.8186653066943,4.41192297494444
ENSSSCG00000051028,4.15359471596299,4.5614796859595
ENSSSCG00000059660,2.09289656230693,0.486059310798964
ENSSSCG00000059027,9.43413373470663,23.1812902073352
ENSSSCG00000041869,1.93190451905255,2.43029655399482
ENSSSCG00000053031,0.772761807621021,0.299113422030131
ENSSSCG00000014913,174.708565339653,181.599236350044
ENSSSCG00000057514,4.34678516786824,4.59886886371327
ENSSSCG00000057908,0.998150668177152,1.15906451036676
ENSSSCG00000057624,1.44892838928941,0.859951088336628
ENSSSCG00000055854,3.34863449969109,1.08428615485923
ENSSSCG00000054211,4.82976129763138,0.859951088336628
ENSSSCG00000051647,0.321984086508759,0.299113422030131
ENSSSCG00000039963,1.60992043254379,1.30862122138182
ENSSSCG00000015288,42.5662962364579,48.7928769686652
ENSSSCG00000050793,1.89970611040168,212.707032241177
ENSSSCG00000015286,34.5810908910407,49.0546012129416
ENSSSCG00000014570,1.44892838928941,1.64512382116572
ENSSSCG00000062483,25.3401476082393,28.8270560481539
ENSSSCG00000014897,5.76351514850678,2.84157750928625
ENSSSCG00000014907,32.7779800065916,19.2554265431897
ENSSSCG00000062997,14.521482301545,11.2541425038837
ENSSSCG00000042234,1.22353952873328,1.34601039913559
ENSSSCG00000059302,29.7513295934093,33.5754816228823
ENSSSCG00000015287,1.83530929309993,0.972118621597927
ENSSSCG00000062999,3.50962654294547,1.94423724319585
ENSSSCG00000063231,1.44892838928941,1.60773464341196
ENSSSCG00000038471,13.1691491382082,6.05704679611016
ENSSSCG00000057622,0.772761807621021,0.560837666306496
ENSSSCG00000051511,1.0625474854789,0.822561910582861
ENSSSCG00000042206,2.18949178825956,0.448670133045197
ENSSSCG00000044191,0.450777721112262,0.0747783555075329
ENSSSCG00000053719,0.515174538414014,0.373891777537664
ENSSSCG00000015638,0.611769764366642,0.673005199567796
ENSSSCG00000015301,5.18394379279102,1.30862122138182
ENSSSCG00000015302,4.34678516786824,0.747783555075329
ENSSSCG00000055798,2.38268224016482,1.19645368812053
ENSSSCG00000056914,3.63842017754897,2.50507490950235
ENSSSCG00000059774,2.51147587476832,1.04689697710546
ENSSSCG00000056760,2.51147587476832,0.859951088336628
ENSSSCG00000053328,1.54552361524204,0.149556711015066
ENSSSCG00000062722,0.772761807621021,0
ENSSSCG00000061504,38.9278760589089,6.65527364017042
ENSSSCG00000028201,33.8727259007214,9.04818101641148
ENSSSCG00000015002,3.70281699485073,3.43980435334651
ENSSSCG00000029651,0.418579312461386,0.149556711015066
ENSSSCG00000015001,4.99075334088576,4.26236626392937
ENSSSCG00000029198,38.122915842637,17.1616325889788
ENSSSCG00000026153,92.345036010712,81.4336291477033
ENSSSCG00000026959,20.6069815365606,16.488627389411
ENSSSCG00000015008,2.83345996127708,0.673005199567796
ENSSSCG00000015009,37.1891619917616,17.1616325889788
ENSSSCG00000015010,50.7768904424313,32.1546928682391
ENSSSCG00000015011,25.0503619303814,19.7414858539887
ENSSSCG00000015083,90.6707187608665,87.4906759438134
ENSSSCG00000038710,0.450777721112262,0.149556711015066
ENSSSCG00000015085,33.8405274920705,18.8441455878983
ENSSSCG00000015086,2.99445200453146,15.2547845235367
ENSSSCG00000029199,5.66691992255415,4.18758790842184
ENSSSCG00000021651,3.54182495159635,3.14069093131638
ENSSSCG00000015089,13.7809189025749,8.71167841662758
ENSSSCG00000015090,13.1047523209065,14.4696117907076
ENSSSCG00000015091,27.239853718641,14.3948334352001
ENSSSCG00000040140,3.05884882183321,6.28138186263276
ENSSSCG00000015093,2.6724679180227,3.43980435334651
ENSSSCG00000054409,1.67431724984555,1.42078875464312
ENSSSCG00000015095,81.8805531991774,88.7992971651953
ENSSSCG00000052280,79.3368789157582,89.8461941423007
ENSSSCG00000023324,58.1503260234818,66.4405688684429
ENSSSCG00000029395,32.3915991027811,23.7421278736417
ENSSSCG00000029649,140.095276039961,67.3752983122871
ENSSSCG00000030053,215.825933186821,216.520728372061
ENSSSCG00000024578,171.359930839961,250.470101772481
ENSSSCG00000015097,183.7885165792,285.279426261238
ENSSSCG00000015098,0.225388860556131,0.448670133045197
ENSSSCG00000015099,148.209275019982,261.537298387596
ENSSSCG00000015100,0.643968173017518,0.859951088336628
ENSSSCG00000015102,7.08364990319269,4.03803119740677
ENSSSCG00000036296,489.480208310615,325.846684124074
ENSSSCG00000037439,35.1928606554073,78.1059923276181
ENSSSCG00000015106,234.436613387027,368.88162771866
ENSSSCG00000015107,63.1088809557167,114.373494748772
ENSSSCG00000015108,23.3760446805359,24.0786304734256
ENSSSCG00000042208,7.08364990319269,11.4036992148988
ENSSSCG00000015110,61.2735716626168,56.9437177189863
ENSSSCG00000015111,19.0936563299694,24.0786304734256
ENSSSCG00000058033,17.0973549936151,12.4505961920042
ENSSSCG00000015113,1.48112679794029,1.71990217667326
ENSSSCG00000044952,7.18024512914532,26.5089270274204
ENSSSCG00000027710,0.54737294706489,0.149556711015066
ENSSSCG00000015258,29.2683534636462,13.4601039913559
ENSSSCG00000015627,0.482976129763138,1.79468053218079
ENSSSCG00000014791,116.236255229662,109.325955752013
ENSSSCG00000014792,52.6443981441821,141.106756842715
ENSSSCG00000039656,3.63842017754897,5.7953225518338
ENSSSCG00000035653,61.1125796193624,71.9741671760004
ENSSSCG00000014794,130.210364584142,257.162764590405
ENSSSCG00000014799,2.18949178825956,1.60773464341196
ENSSSCG00000048448,4.15359471596299,3.66413941986911
ENSSSCG00000048507,1.96410292770343,2.20596148747222
ENSSSCG00000023796,31.2324563913496,43.5957812608917
ENSSSCG00000014800,51.356461798147,22.5830633632749
ENSSSCG00000014802,523.48172784594,578.821860806058
ENSSSCG00000014803,24.8571714784762,16.5634057449185
ENSSSCG00000014804,54.5763026632346,89.5470807202706
ENSSSCG00000014806,47.2994623081367,30.4721798693196
ENSSSCG00000056890,0.386380903810511,0.149556711015066
ENSSSCG00000022236,204.685283793618,319.864415683472
ENSSSCG00000053501,0.611769764366642,1.00950779935169
ENSSSCG00000014812,30.363099357776,38.9969123971784
ENSSSCG00000014811,181.148247069828,245.347784420215
ENSSSCG00000014813,0.579571355715766,1.08428615485923
ENSSSCG00000036887,32.5203927373846,51.1857843449062
ENSSSCG00000015595,20.6069815365606,20.7136044755866
ENSSSCG00000015598,27.2076553099901,10.2820238822858
ENSSSCG00000038614,32.1984086508759,28.2288292040937
ENSSSCG00000015599,114.69073161442,134.825374980082
ENSSSCG00000053873,0.515174538414014,0
ENSSSCG00000026587,1.64211884119467,0.710394377321562
ENSSSCG00000015259,0.515174538414014,0.149556711015066
ENSSSCG00000028433,8.98335601359437,4.86059310798964
ENSSSCG00000022869,23.3760446805359,13.609660702371
ENSSSCG00000028585,32.4881943287338,28.2662183818474
ENSSSCG00000028969,2.18949178825956,0.0747783555075329
ENSSSCG00000058385,0.611769764366642,0.336502599783898
ENSSSCG00000035369,0.321984086508759,0.373891777537664
ENSSSCG00000021068,10.8186653066943,20.7883828310941
ENSSSCG00000028293,44.9167800679718,35.4075513328168
ENSSSCG00000039472,24.6639810265709,28.340996737355
ENSSSCG00000023472,2.06069815365606,0.0747783555075329
ENSSSCG00000015267,2.73686473532445,0.635616021814029
ENSSSCG00000015268,72.9293955942339,29.0140019369227
ENSSSCG00000015266,51.1954697548926,45.0913483710423
ENSSSCG00000055218,26.9178696321322,32.0425253349778
ENSSSCG00000015270,153.103433134915,615.089363227211
ENSSSCG00000015271,60.178825768487,101.100336646184
ENSSSCG00000015272,1.03034907682803,69.3943139109905
ENSSSCG00000015273,106.866518312257,315.228157642005
ENSSSCG00000033768,2.96225359588058,2.13118313196469
ENSSSCG00000059016,5.89230878311029,6.73005199567796
ENSSSCG00000059104,2.15729337960868,2.13118313196469
ENSSSCG00000028035,257.844856476214,174.12140079929
ENSSSCG00000023562,46.172518005356,22.8073984297975
ENSSSCG00000015277,140.256268083215,233.944085205317
ENSSSCG00000015276,23.2150526372815,14.8435035682453
ENSSSCG00000038350,1.25573793738416,0.411280955291431
ENSSSCG00000060360,40.5055980828019,39.4829717079773
ENSSSCG00000015281,39.70063786653,51.709232833459
ENSSSCG00000015282,56.025231052524,100.427331446617
ENSSSCG00000015283,73.7343558105058,131.011678849198
ENSSSCG00000015284,90.79951239547,49.0172120351878
ENSSSCG00000015105,69.4841658685901,177.710761863652
ENSSSCG00000025606,47.1706686735332,29.9861205585207
ENSSSCG00000055915,0.450777721112262,0.224335066522599
ENSSSCG00000014871,28.9463693771374,28.9018344036615
ENSSSCG00000032723,31.7476309297636,23.1065118518277
ENSSSCG00000053663,7.69541966755934,2.01901559870339
ENSSSCG00000060162,2.35048383151394,0.710394377321562
ENSSSCG00000015375,33.0355672757986,21.3866096751544
ENSSSCG00000024802,17.8057199839344,9.08557019416524
ENSSSCG00000055366,0.579571355715766,0.0747783555075329
ENSSSCG00000051403,1.70651565849642,1.23384286587429
ENSSSCG00000027529,91.057099664677,29.612228780983
ENSSSCG00000063374,53.2883663171996,37.613512820289
ENSSSCG00000059893,0.515174538414014,0.224335066522599
ENSSSCG00000031170,105.288796288364,38.9595232194246
ENSSSCG00000014982,156.96724217302,0.448670133045197
ENSSSCG00000032241,33.6473370401653,53.4291350101322
ENSSSCG00000036722,10.110300316375,11.7402018146827
ENSSSCG00000036695,0.643968173017518,1.45817793239689
ENSSSCG00000015387,90.0589489964998,46.9234180809769
ENSSSCG00000029174,10.0781019077242,13.4601039913559
ENSSSCG00000020870,8.37158624922773,2.87896668704001
ENSSSCG00000026177,30.2665041318233,17.124243411225
ENSSSCG00000024485,2.06069815365606,1.57034546565819
ENSSSCG00000032456,1.54552361524204,0.822561910582861
ENSSSCG00000035073,3.86380903810511,14.3200550796925
ENSSSCG00000015390,31.651035703811,37.3143993982589
ENSSSCG00000021822,56.1540246871275,58.9627333176897
ENSSSCG00000021702,29.1717582376935,10.8054723708385
ENSSSCG00000014850,140.513855352422,170.532039734929
ENSSSCG00000021638,10.9152605326469,13.9835524799086
ENSSSCG00000014852,152.55606018785,48.2694284801125
ENSSSCG00000014855,945.892650936781,1056.28166072166
ENSSSCG00000014854,2.57587269207007,2.05640477645715
ENSSSCG00000014853,19.3190451905255,13.0114338583107
ENSSSCG00000039468,460.211854846969,675.622442010559
ENSSSCG00000014860,10.3356891769312,8.37517581684368
ENSSSCG00000014861,0.676166581668393,0.52344848855273
ENSSSCG00000034102,0.450777721112262,0.261724244276365
ENSSSCG00000056766,6.95485626858919,1.64512382116572
ENSSSCG00000015655,0.128793634603504,32.9024764233145
ENSSSCG00000015656,0.676166581668393,1.45817793239689
ENSSSCG00000015657,131.208515252319,86.2568330779391
ENSSSCG00000032446,4.31458675921737,14.1331091909237
ENSSSCG00000015659,10.4966812201855,4.93537146349717
ENSSSCG00000015660,17.2583470368695,22.1343932302297
ENSSSCG00000015661,0.740563398970145,0.186945888768832
ENSSSCG00000015662,1.0625474854789,0.261724244276365
ENSSSCG00000048603,0.643968173017518,1.68251299891949
ENSSSCG00000054337,29.2039566463444,8.48734335010498
ENSSSCG00000014835,65.0407854747693,91.1548153636825
ENSSSCG00000020856,56.9267864947486,89.4723023647631
ENSSSCG00000014840,5.18394379279102,5.04753899675847
ENSSSCG00000014851,34.1625115785793,26.5837053829279
ENSSSCG00000025715,1.12694430278066,1.42078875464312
ENSSSCG00000052819,0.0321984086508759,0.710394377321562
ENSSSCG00000046488,0.611769764366642,0.897340266090394
ENSSSCG00000031831,42.3087089672509,11.8897585256977
ENSSSCG00000015644,27.9482187089603,21.8352798081996
ENSSSCG00000031970,7.14804672049445,9.49685114945667
ENSSSCG00000015648,53.5137551777557,27.0323755159731
ENSSSCG00000015649,40.730986943358,25.6863651168375
ENSSSCG00000015650,84.8428067950579,179.991501706632
ENSSSCG00000015652,0.9337538508754,0.224335066522599
ENSSSCG00000022742,111.825073244492,127.646652851359
ENSSSCG00000015489,1.77091247579817,0.0373891777537664
ENSSSCG00000015491,45.6251450582911,30.3226231583046
ENSSSCG00000015497,28.3345996127708,18.8067564101445
ENSSSCG00000015496,4.02480108135948,1.79468053218079
ENSSSCG00000015494,30.6528850356338,19.5171507874661
ENSSSCG00000015498,32.8745752325443,43.0349435945852
ENSSSCG00000036198,0.804960216271897,0.336502599783898
ENSSSCG00000015492,20.6391799452114,14.9556711015066
ENSSSCG00000059522,16.2279979600414,10.9924182596073
ENSSSCG00000019644,1.09474589412978,0.673005199567796
ENSSSCG00000018333,0.643968173017518,0.0747783555075329
ENSSSCG00000019069,0.772761807621021,0.186945888768832
ENSSSCG00000039255,1.09474589412978,0.261724244276365
ENSSSCG00000018942,0.450777721112262,0.373891777537664
ENSSSCG00000019612,1.93190451905255,0.934729443844161
ENSSSCG00000040158,0.676166581668393,0.635616021814029
ENSSSCG00000018229,0.740563398970145,0.186945888768832
ENSSSCG00000015377,0,1.15906451036676
ENSSSCG00000030565,0.579571355715766,0.411280955291431
ENSSSCG00000026833,14.006307763131,16.2642923228884
ENSSSCG00000014998,57.5385562591152,38.4360747308719
ENSSSCG00000014999,7.72761807621021,3.70152859762288
ENSSSCG00000024628,16.614378863852,11.0298074373611
ENSSSCG00000051810,0.708364990319269,0.149556711015066
ENSSSCG00000015412,59.6958496387239,8.56212170561251
ENSSSCG00000015413,27.7228298484041,12.7123204362806
ENSSSCG00000015414,4.08919789866124,0.897340266090394
ENSSSCG00000021210,32.4881943287338,28.340996737355
ENSSSCG00000047749,5.6025231052524,3.66413941986911
ENSSSCG00000014919,43.6610421305877,80.199786281829
ENSSSCG00000050702,0.54737294706489,0.186945888768832
ENSSSCG00000014917,49.038176375284,19.5919291429736
ENSSSCG00000014979,20.5425847192588,1.86945888768832
ENSSSCG00000014980,24.4385921660148,6.39354939589406
ENSSSCG00000031429,179.151945733473,242.805320332959
ENSSSCG00000063262,0.708364990319269,0.560837666306496
ENSSSCG00000055339,1.44892838928941,1.12167533261299
ENSSSCG00000015410,6.76166581668393,4.59886886371327
ENSSSCG00000038541,13.2979427728117,14.5070009684614
ENSSSCG00000038977,34.9352733862003,14.5817793239689
ENSSSCG00000031818,5.24834061009277,4.26236626392937
ENSSSCG00000015411,66.135531368899,39.4081933524698
ENSSSCG00000037822,0.998150668177152,0.299113422030131
ENSSSCG00000054576,5.95670560041204,6.20660350712523
ENSSSCG00000036452,26.3704966850673,16.3016815006422
ENSSSCG00000028444,116.204056821011,74.8531338630404
ENSSSCG00000022903,10.9796573499487,13.3479364580946
ENSSSCG00000015422,46.3979068659121,57.1306636077551
ENSSSCG00000015423,42.0511216980439,12.6749312585268
ENSSSCG00000015424,106.061558095985,100.614277335385
ENSSSCG00000036113,27.7228298484041,10.9550290818536
ENSSSCG00000014997,46.1081211880543,20.489269409064
ENSSSCG00000028711,6.31088809557167,0.972118621597927
ENSSSCG00000056783,0.869357033573649,0.747783555075329
ENSSSCG00000045388,2.54367428341919,0.261724244276365
ENSSSCG00000029388,67.970840661999,59.4861818062424
ENSSSCG00000014817,119.778080181258,163.98893362802
ENSSSCG00000014818,48.8449859233787,99.4178236472649
ENSSSCG00000014819,12.3641889219363,8.18822992807485
ENSSSCG00000014820,71.866848108755,56.1959341639109
ENSSSCG00000040207,2.41488064881569,6.91699788444679
ENSSSCG00000014823,1.80311088444905,0.635616021814029
ENSSSCG00000014822,72.3176258298672,50.6997250341073
ENSSSCG00000014825,2.31828542286306,1.57034546565819
ENSSSCG00000008753,107.993462615038,370.040692229026
ENSSSCG00000023001,126.893928493102,187.992785745938
ENSSSCG00000008754,1.7387140671473,0.897340266090394
ENSSSCG00000028814,263.994752528531,929.494958958633
ENSSSCG00000021828,45.2387641544806,46.6616938367005
ENSSSCG00000029227,44.0796214430491,27.7801590710485
ENSSSCG00000025315,16.6465772725028,17.4981351887627
ENSSSCG00000027340,42.3731057845527,39.0343015749322
ENSSSCG00000028581,6.05330082636466,5.27187406328107
ENSSSCG00000025902,40.9241773952632,35.5944972215856
ENSSSCG00000008758,437.994952877865,7.32827883973822
ENSSSCG00000022446,42.9526771402684,20.6762152978328
ENSSSCG00000040571,30.1699089058707,29.6870071364905
ENSSSCG00000029275,7.43783239835233,13.9087741244011
ENSSSCG00000008756,128.053071204533,130.899511315936
ENSSSCG00000038410,11.8812127921732,25.4994192280687
ENSSSCG00000022155,42.3731057845527,36.0431673546308
ENSSSCG00000008761,10.4000859942329,5.3466524187886
ENSSSCG00000009051,4.668769254377,1.49556711015066
ENSSSCG00000009052,99.0745034187451,45.0913483710423
ENSSSCG00000022649,4.05699949001036,7.14133295096939
ENSSSCG00000009067,0.225388860556131,0.598226844060263
ENSSSCG00000009050,5.44153106199802,3.29024764233145
ENSSSCG00000028927,8.37158624922773,23.7047386958879
ENSSSCG00000041979,0.354182495159635,0.261724244276365
ENSSSCG00000059656,4.25018994191562,5.98226844060263
ENSSSCG00000009061,56.2506199130802,37.5013452870277
ENSSSCG00000057495,0.515174538414014,0.149556711015066
ENSSSCG00000058604,17.3227438541712,11.4410883926525
ENSSSCG00000009062,1.19134112008241,0.897340266090394
ENSSSCG00000029920,54.9626835670451,45.9512994593789
ENSSSCG00000024596,6.92265785993831,10.5811373043159
ENSSSCG00000032749,20.5425847192588,23.9664629401643
ENSSSCG00000009053,25.7265285120498,60.4209112500865
ENSSSCG00000032741,73.15478445479,151.949618391307
ENSSSCG00000009055,30.5884882183321,16.8251299891949
ENSSSCG00000038236,9.94930827312065,9.30990526068784
ENSSSCG00000026360,145.923188005769,282.998686418258
ENSSSCG00000038550,55.2846676535539,31.6312443796864
ENSSSCG00000041625,0.9337538508754,1.45817793239689
ENSSSCG00000035973,75.9560460074162,39.6325284189924
ENSSSCG00000009037,19.7698229116378,18.9937022989133
ENSSSCG00000031904,214.537996840786,47.3720882140221
ENSSSCG00000009122,13.2657443641609,2.65463162051742
ENSSSCG00000042317,1.09474589412978,0.897340266090394
ENSSSCG00000009039,10.8186653066943,11.4784775704063
ENSSSCG00000009040,36.1588129149336,51.7466220112127
ENSSSCG00000009042,83.4904736317212,86.4811681444617
ENSSSCG00000009043,55.4778581054591,41.5019873066807
ENSSSCG00000033871,3.09104723048408,3.70152859762288
ENSSSCG00000009045,10.0459034990733,5.83271172958756
ENSSSCG00000048545,0.708364990319269,0.0747783555075329
ENSSSCG00000043429,1.48112679794029,1.27123204362806
ENSSSCG00000058362,0.901555442224525,0.299113422030131
ENSSSCG00000061048,27.2720521272919,39.2586366414547
ENSSSCG00000057026,3.38083290834197,2.20596148747222
ENSSSCG00000029260,7.82421330216284,2.24335066522599
ENSSSCG00000009101,3.63842017754897,2.35551819848728
ENSSSCG00000036256,16.7431724984555,12.6375420807731
ENSSSCG00000009106,39.6362410492282,63.4494346481416
ENSSSCG00000031773,29.7835280020602,39.2960258192085
ENSSSCG00000023174,24.63178261792,11.1793641483762
ENSSSCG00000009111,34.6454877083424,32.1173036904854
ENSSSCG00000009112,75.3120778343987,77.5451546613116
ENSSSCG00000009113,40.6665901260562,29.2757261811991
ENSSSCG00000009114,3.86380903810511,1.49556711015066
ENSSSCG00000009115,3.89600744675598,1.71990217667326
ENSSSCG00000009100,3.41303131699284,0.149556711015066
ENSSSCG00000009132,18.1921008877449,2.61724244276365
ENSSSCG00000009133,13.2657443641609,5.64576584081873
ENSSSCG00000036236,39.3786537800212,57.2428311410164
ENSSSCG00000009134,1.77091247579817,17.0120758779637
ENSSSCG00000009135,0.482976129763138,0.0747783555075329
ENSSSCG00000009136,0.515174538414014,0.0747783555075329
ENSSSCG00000009137,22.7642749161692,15.1426169902754
ENSSSCG00000009138,204.74968061092,19.1432590099284
ENSSSCG00000036158,0.772761807621021,0.149556711015066
ENSSSCG00000056927,0.515174538414014,0.224335066522599
ENSSSCG00000047163,0.54737294706489,0.112167533261299
ENSSSCG00000054076,1.93190451905255,0.299113422030131
ENSSSCG00000018373,0.418579312461386,0.52344848855273
ENSSSCG00000021874,6.31088809557167,1.57034546565819
ENSSSCG00000029621,74.185133531618,101.84812020126
ENSSSCG00000009192,106.22255013924,145.967349950704
ENSSSCG00000009193,49.6821445483015,19.7414858539887
ENSSSCG00000022986,2.54367428341919,4.48670133045197
ENSSSCG00000009202,6.69726899938218,2.13118313196469
ENSSSCG00000009208,81.6551643386212,104.7270868883
ENSSSCG00000008908,4.21799153326474,1.79468053218079
ENSSSCG00000027954,2.8012615526262,1070.19043484606
ENSSSCG00000023269,89.9945521791981,69.8429840440357
ENSSSCG00000009226,12.9437602776521,31.6312443796864
ENSSSCG00000027301,1.8675077017508,2.20596148747222
ENSSSCG00000022283,25.2757507909376,5.53359830755743
ENSSSCG00000023593,127.312507805563,141.25631355373
ENSSSCG00000008903,13.6521252679714,14.7687252127377
ENSSSCG00000027403,32.0052181989706,32.7155305345456
ENSSSCG00000032190,0.998150668177152,1.08428615485923
ENSSSCG00000028952,2.18949178825956,3.06591257580885
ENSSSCG00000008902,1.8675077017508,2.13118313196469
ENSSSCG00000026655,126.153365094132,74.105350307965
ENSSSCG00000008901,60.5652066722975,24.7516356729934
ENSSSCG00000008900,96.7884164045329,138.67646028872
ENSSSCG00000009228,16.3245931859941,3.85108530863794
ENSSSCG00000008899,2.73686473532445,2.65463162051742
ENSSSCG00000008898,20.1240054067974,22.5082850077674
ENSSSCG00000038107,0.225388860556131,0.897340266090394
ENSSSCG00000023357,38.8312808329563,27.1445430492344
ENSSSCG00000036736,3.12324563913496,2.35551819848728
ENSSSCG00000058108,15.6162281956748,8.11345157256731
ENSSSCG00000025792,35.0962654294547,27.6679915377872
ENSSSCG00000022955,111.245501888776,112.391868327822
ENSSSCG00000008913,293.71388371329,350.336595552791
ENSSSCG00000008887,18.9970611040168,16.3390706783959
ENSSSCG00000009229,10.367887585582,4.48670133045197
ENSSSCG00000008888,3.02665041318233,3.92586366414547
ENSSSCG00000026079,5.98890400906291,3.17808010907015
ENSSSCG00000057932,0.515174538414014,0.0747783555075329
ENSSSCG00000008890,19.5766324597325,14.6191685017227
ENSSSCG00000039175,16.4211884119467,9.45946197170291
ENSSSCG00000031750,0.386380903810511,0.112167533261299
ENSSSCG00000035142,12.203196878682,5.49620912980367
ENSSSCG00000043807,1.67431724984555,1.08428615485923
ENSSSCG00000032234,31.0714643480952,46.9981964364844
ENSSSCG00000008909,19.9952117721939,39.4455825302236
ENSSSCG00000053465,1.60992043254379,0.149556711015066
ENSSSCG00000047648,0.482976129763138,0.0747783555075329
ENSSSCG00000057157,1.03034907682803,0.186945888768832
ENSSSCG00000046239,0.998150668177152,0.747783555075329
ENSSSCG00000009186,25.4689412428428,25.2003058060386
ENSSSCG00000028420,58.633302153245,47.1477531474995
ENSSSCG00000009169,13.8131173112258,6.20660350712523
ENSSSCG00000022361,16.1957995513906,4.4493121526982
ENSSSCG00000009172,21.0899576663237,22.9569551408126
ENSSSCG00000008995,7.08364990319269,24.6768573174858
ENSSSCG00000009151,8.37158624922773,8.78645677213511
ENSSSCG00000008988,76.6322125890846,60.3087437168252
ENSSSCG00000009152,4.89415811493313,15.7408438343357
ENSSSCG00000024314,0.128793634603504,21.8726689859534
ENSSSCG00000031901,63.1732777730185,88.201070321135
ENSSSCG00000032094,2.89785677857883,2.69202079827118
ENSSSCG00000029813,12.3319905132855,29.7617854919981
ENSSSCG00000008997,0.869357033573649,1.71990217667326
ENSSSCG00000022353,28.1414091608655,29.0513911146765
ENSSSCG00000008996,30.4918929923795,29.2383370034453
ENSSSCG00000026886,0.193190451905255,1.75729135442702
ENSSSCG00000009004,34.8708765688986,2.54246408725612
ENSSSCG00000020879,30.0089168626163,39.8194743077612
ENSSSCG00000024168,65.9423409169938,44.2313972827057
ENSSSCG00000008989,53.0307790479926,88.7992971651953
ENSSSCG00000039563,0.482976129763138,0.299113422030131
ENSSSCG00000021784,19.1258547386203,21.3866096751544
ENSSSCG00000008990,23.9234176276008,18.4328646326068
ENSSSCG00000038801,475.667090999389,101.175115001692
ENSSSCG00000023548,19.963013363543,17.4607460110089
ENSSSCG00000030617,15.3586409264678,9.94552128250187
ENSSSCG00000021764,14.1994982150363,8.63690006112004
ENSSSCG00000022788,29.0751630117409,19.7040966762349
ENSSSCG00000009157,10.4966812201855,14.2826659019388
ENSSSCG00000062602,3.15544404778584,1.94423724319585
ENSSSCG00000009160,0.901555442224525,0.0747783555075329
ENSSSCG00000023296,20.2527990414009,0.972118621597927
ENSSSCG00000008991,35.5148447419161,35.9683889991233
ENSSSCG00000022282,26.6602823629252,19.7414858539887
ENSSSCG00000028101,1.77091247579817,0.448670133045197
ENSSSCG00000008993,1.32013475468591,0.897340266090394
ENSSSCG00000009162,0.579571355715766,0.486059310798964
ENSSSCG00000009164,18.0633072531414,25.8359218278526
ENSSSCG00000038080,43.1780660008246,57.3923878520315
ENSSSCG00000008986,41.9223280634404,28.6401101593851
ENSSSCG00000025240,8.1461973886716,3.47719353110028
ENSSSCG00000009178,91.0249012560261,75.1896364628243
ENSSSCG00000009177,18.6106802002063,12.7870987917881
ENSSSCG00000009176,30.2665041318233,20.8631611866017
ENSSSCG00000039327,3.96040426405773,2.09379395421092
ENSSSCG00000009179,0.837158624922773,1.68251299891949
ENSSSCG00000008987,450.391340208452,803.044759795395
ENSSSCG00000054992,1.28793634603504,1.30862122138182
ENSSSCG00000020717,8.46818147518036,21.3866096751544
ENSSSCG00000009180,24.9859651130797,18.8067564101445
ENSSSCG00000009018,73.0259908201865,83.2283096798841
ENSSSCG00000009181,1.93190451905255,0.52344848855273
ENSSSCG00000009182,0,0.598226844060263
ENSSSCG00000009019,1201.77340448529,813.588507921957
ENSSSCG00000009021,212.47729868713,400.438093742838
ENSSSCG00000009023,8.9511576049435,9.9081321047481
ENSSSCG00000009185,105.288796288364,93.9963928729688
ENSSSCG00000053405,23.6336319497429,58.2523389403681
ENSSSCG00000037766,6.60067377342955,3.02852339805508
ENSSSCG00000009140,54.7050962978381,40.2307552630527
ENSSSCG00000009141,9.98150668177152,6.28138186263276
ENSSSCG00000009029,16.1636011427397,19.367594076451
ENSSSCG00000009142,43.0814707748719,43.3340570166153
ENSSSCG00000009030,24.63178261792,23.2934577405965
ENSSSCG00000039813,0.579571355715766,0
ENSSSCG00000030044,67.3912693062832,68.5717520004076
ENSSSCG00000009031,17.4193390801239,51.3727302336751
ENSSSCG00000040272,16.1314027340888,3.66413941986911
ENSSSCG00000009145,70.2569276762112,70.0673191105583
ENSSSCG00000009146,433.358382032138,272.267992402927
ENSSSCG00000009035,14.0385061717819,6.28138186263276
ENSSSCG00000009148,181.824413651496,415.54332155536
ENSSSCG00000008985,5.08734856683839,7.29088966198445
ENSSSCG00000053689,4.95855493223489,3.58936106436158
ENSSSCG00000061519,1.19134112008241,0.785172732829095
ENSSSCG00000050540,22.8930685507727,94.3328954727527
ENSSSCG00000009150,150.076782721732,168.213910714195
ENSSSCG00000049801,0.54737294706489,3.10330175356261
ENSSSCG00000042273,6.08549923501554,3.58936106436158
ENSSSCG00000057637,0.998150668177152,1.19645368812053
ENSSSCG00000046523,1.41672998063854,0.747783555075329
ENSSSCG00000018727,1.22353952873328,0.560837666306496
ENSSSCG00000018533,0.54737294706489,0.52344848855273
ENSSSCG00000041076,9.98150668177152,3.92586366414547
ENSSSCG00000051466,0.128793634603504,0.934729443844161
ENSSSCG00000052555,0.611769764366642,0.0373891777537664
ENSSSCG00000009015,12.6217761911433,11.6654234591751
ENSSSCG00000057948,1.12694430278066,0.149556711015066
ENSSSCG00000059573,22.6354812815657,7.47783555075329
ENSSSCG00000060466,1.09474589412978,0.0373891777537664
ENSSSCG00000046677,0.482976129763138,0.149556711015066
ENSSSCG00000060014,0.0965952259526276,0.52344848855273
ENSSSCG00000044738,11.5270302970136,17.2738001222401
ENSSSCG00000057674,0.128793634603504,3.06591257580885
ENSSSCG00000035712,0.54737294706489,0.411280955291431
ENSSSCG00000008808,18.0311088444905,8.63690006112004
ENSSSCG00000008807,17.0973549936151,9.87074292699434
ENSSSCG00000035621,0.643968173017518,0.186945888768832
ENSSSCG00000033373,23.2472510459324,11.0298074373611
ENSSSCG00000008812,21.0577592576728,18.8441455878983
ENSSSCG00000008813,0.869357033573649,0.560837666306496
ENSSSCG00000008816,26.9500680407831,13.1609905693258
ENSSSCG00000038160,1.83530929309993,0.224335066522599
ENSSSCG00000037950,23.1506558199798,16.1895139673809
ENSSSCG00000036284,9.14434805684875,13.1983797470795
ENSSSCG00000008835,10.2712923596294,8.78645677213511
ENSSSCG00000008836,19.0614579213185,22.097004052476
ENSSSCG00000031636,86.0663463237912,65.8049528466289
ENSSSCG00000008838,17.0007597676625,11.2541425038837
ENSSSCG00000008819,1.09474589412978,1.57034546565819
ENSSSCG00000008820,23.086259002678,26.9202079827118
ENSSSCG00000008821,60.1144289511853,77.1338737060201
ENSSSCG00000008823,0.386380903810511,0.52344848855273
ENSSSCG00000008826,68.6792056523182,87.0420058107682
ENSSSCG00000058121,95.3072896065926,107.456496864325
ENSSSCG00000008829,11.0440541672504,5.0101498190047
ENSSSCG00000008830,12.3319905132855,73.5445126416586
ENSSSCG00000008831,30.4596945837286,45.9886886371327
ENSSSCG00000008832,1.15914271143153,10.6933048375772
ENSSSCG00000058015,24.9537667044288,17.6850810775315
ENSSSCG00000008834,65.0085870661184,29.4626720699679
ENSSSCG00000008789,44.0152246257473,28.7896668704002
ENSSSCG00000008788,44.7557880247175,39.7446959522537
ENSSSCG00000026297,4.08919789866124,6.20660350712523
ENSSSCG00000061243,660.002980525654,543.077806873457
ENSSSCG00000029385,16.8397677244081,8.86123512764264
ENSSSCG00000030150,95.9512577796101,51.858789544474
ENSSSCG00000021793,113.145207999178,124.730296986565
ENSSSCG00000033602,68.7758008782709,57.2054419632626
ENSSSCG00000023112,113.692580946243,110.671966151149
ENSSSCG00000008792,53.7391440383118,15.3295628790442
ENSSSCG00000008794,6.82606263398569,4.8979822857434
ENSSSCG00000008796,109.410192595676,215.959890705755
ENSSSCG00000024496,11.3338398451083,6.05704679611016
ENSSSCG00000022168,58.7942941964994,50.0641090122932
ENSSSCG00000022945,1.9963013363543,2.57985326500988
ENSSSCG00000008799,9.8849114558189,9.08557019416524
ENSSSCG00000037305,96.5308291353259,85.1725469230799
ENSSSCG00000008801,65.1373807007219,71.4133295096939
ENSSSCG00000040147,1.12694430278066,2.05640477645715
ENSSSCG00000008803,16.2279979600414,153.295628790442
ENSSSCG00000008804,0.418579312461386,0.448670133045197
ENSSSCG00000059299,0.289785677857883,0.448670133045197
ENSSSCG00000058773,0.611769764366642,0.373891777537664
ENSSSCG00000049086,10.2390939509785,33.2015898453446
ENSSSCG00000045759,0.901555442224525,1.15906451036676
ENSSSCG00000047290,2.35048383151394,0.747783555075329
ENSSSCG00000044256,2.44707905746657,0.186945888768832
ENSSSCG00000043129,2.73686473532445,0.299113422030131
ENSSSCG00000050499,1.8675077017508,0.186945888768832
ENSSSCG00000008765,1.7387140671473,0.411280955291431
ENSSSCG00000008762,10.5288796288364,14.5443901462151
ENSSSCG00000032413,15.0044584313082,17.7598594330391
ENSSSCG00000008768,8.59697510978386,21.3118313196469
ENSSSCG00000028471,19.3512435991764,6.76744117343172
ENSSSCG00000008769,1.38453157198766,0.299113422030131
ENSSSCG00000008770,2.41488064881569,0.859951088336628
ENSSSCG00000008771,56.0896278698258,71.07682690991
ENSSSCG00000008772,19.1258547386203,21.8352798081996
ENSSSCG00000008773,58.633302153245,73.5071234639048
ENSSSCG00000028983,196.957665717408,250.35793423922
ENSSSCG00000036125,13.2013475468591,20.2649343425414
ENSSSCG00000061764,1.03034907682803,1.19645368812053
ENSSSCG00000029943,12.2997921046346,3.77630695313041
ENSSSCG00000036488,100.491233399384,83.4900339241604
ENSSSCG00000008785,52.5800013268803,42.8853868835701
ENSSSCG00000027877,1.48112679794029,0.224335066522599
ENSSSCG00000026583,9.14434805684875,4.82320393023587
ENSSSCG00000026592,8.21059420597335,5.04753899675847
ENSSSCG00000023785,2.89785677857883,1.00950779935169
ENSSSCG00000008787,23.3760446805359,12.1140935922203
ENSSSCG00000008767,3.67061858619985,3.10330175356261
ENSSSCG00000059477,0.128793634603504,0.411280955291431
ENSSSCG00000059682,2.18949178825956,0.299113422030131
ENSSSCG00000055589,25.1147587476832,9.16034854967277
ENSSSCG00000055860,1.64211884119467,1.12167533261299
ENSSSCG00000058594,0.160992043254379,0.710394377321562
ENSSSCG00000036155,17.64472794068,17.9841944995617
ENSSSCG00000022173,39.2498601454177,19.6293183207274
ENSSSCG00000009083,56.2184215044293,85.808162944894
ENSSSCG00000009084,12.7827682343977,9.30990526068784
ENSSSCG00000009085,1.32013475468591,0.972118621597927
ENSSSCG00000036213,15.551831378373,4.15019873066807
ENSSSCG00000026290,2.9300551872297,3.88847448639171
ENSSSCG00000034743,18.5140849742536,5.53359830755743
ENSSSCG00000009089,0.611769764366642,0.934729443844161
ENSSSCG00000009090,39.4108521886721,42.2123816840023
ENSSSCG00000009093,16.4533868205976,5.04753899675847
ENSSSCG00000060144,8.11399898002072,1.94423724319585
ENSSSCG00000009096,31.8120277470654,20.9379395421092
ENSSSCG00000044775,17.4515374887747,0.52344848855273
ENSSSCG00000009097,324.366768748924,363.42280776661
ENSSSCG00000060288,0.611769764366642,0
ENSSSCG00000060142,0.515174538414014,0.149556711015066
ENSSSCG00000009259,19.9308149548922,13.4227148136021
ENSSSCG00000027722,12.6539745997942,42.735830172555
ENSSSCG00000009250,7.56662603295583,2.95374504254755
ENSSSCG00000029061,1.51332520659117,1.08428615485923
ENSSSCG00000037723,5.82791196580853,3.10330175356261
ENSSSCG00000036555,0.482976129763138,0.598226844060263
ENSSSCG00000009256,71.6736576568497,51.709232833459
ENSSSCG00000009230,117.041215445934,205.864812712238
ENSSSCG00000009231,57.3453658072099,114.85955405957
ENSSSCG00000009232,1.7387140671473,0
ENSSSCG00000009233,7.24464194644707,3.32763682008521
ENSSSCG00000009234,4.70096766302788,1.68251299891949
ENSSSCG00000038042,2.31828542286306,1.49556711015066
ENSSSCG00000009236,18.417489748301,11.8149801701902
ENSSSCG00000051849,1.09474589412978,0.0747783555075329
ENSSSCG00000009238,36.2876065495371,35.5944972215856
ENSSSCG00000009239,1.8675077017508,1.42078875464312
ENSSSCG00000009240,9.30534010010313,2.84157750928625
ENSSSCG00000009241,68.6470072436674,65.3936718913375
ENSSSCG00000009242,23.086259002678,15.6660654788281
ENSSSCG00000009243,9.98150668177152,9.6837970382255
ENSSSCG00000009244,287.048813122558,369.928524695765
ENSSSCG00000009245,147.694100481568,208.743779399278
ENSSSCG00000026729,68.2606263398569,26.5837053829279
ENSSSCG00000009246,59.7924448646765,74.9653013963017
ENSSSCG00000037245,317.186523619778,180.664506906199
ENSSSCG00000040448,5.50592787929978,3.14069093131638
ENSSSCG00000009249,192.868467818746,148.023754727161
ENSSSCG00000029507,19.5444340510817,6.65527364017042
ENSSSCG00000033490,0.676166581668393,0.336502599783898
ENSSSCG00000057620,0.418579312461386,0.52344848855273
ENSSSCG00000052420,1.25573793738416,0.411280955291431
ENSSSCG00000043057,2.64026950937182,2.16857230971845
ENSSSCG00000047440,2.22169019691044,2.39290737624105
ENSSSCG00000058740,0.611769764366642,0
ENSSSCG00000009237,17.0973549936151,1.98162642094962
ENSSSCG00000008842,104.290645620187,27.5932131822796
ENSSSCG00000008844,72.9293955942339,186.871110413325
ENSSSCG00000032645,23.4404414978376,15.6286763010744
ENSSSCG00000008841,97.1747973083434,322.107766348698
ENSSSCG00000008845,15.3586409264678,19.7788750317424
ENSSSCG00000053955,6.56847536477868,3.77630695313041
ENSSSCG00000008850,12.5895777824925,5.72054419632626
ENSSSCG00000008892,15.8094186475801,10.9550290818536
ENSSSCG00000057119,11.5592287056644,6.95438706220056
ENSSSCG00000008852,8.1461973886716,2.39290737624105
ENSSSCG00000008853,6.24649127826992,2.09379395421092
ENSSSCG00000008854,48.0400257071068,69.1699788444679
ENSSSCG00000008857,41.9223280634404,223.213391189986
ENSSSCG00000008858,86.3883304103,101.735952667998
ENSSSCG00000020868,13.6521252679714,22.6952308965362
ENSSSCG00000008860,1.12694430278066,1.12167533261299
ENSSSCG00000008866,61.6921509750782,39.6325284189924
ENSSSCG00000008870,77.9845457524214,32.5659738235306
ENSSSCG00000008867,12.5573793738416,2.69202079827118
ENSSSCG00000024960,92.4416312366646,45.2409050820574
ENSSSCG00000032722,0.321984086508759,0.822561910582861
ENSSSCG00000008873,78.6929107427407,90.2574750975921
ENSSSCG00000008874,17.7413231666326,49.9145523012782
ENSSSCG00000041883,10.3034907682803,28.976612759169
ENSSSCG00000008875,44.7879864333683,12.1514827699741
ENSSSCG00000028492,12.718371417096,6.09443597386393
ENSSSCG00000008877,41.1817646644703,67.225741601272
ENSSSCG00000008878,36.4807970014424,24.1534088289331
ENSSSCG00000031175,24.8571714784762,22.8073984297975
ENSSSCG00000008881,43.1136691835228,63.6737697146642
ENSSSCG00000043799,2.47927746611744,0.934729443844161
ENSSSCG00000060644,21.7339258393412,6.35616021814029
ENSSSCG00000060632,0.257587269207007,0.448670133045197
ENSSSCG00000062670,31.4578452519057,11.1419749706224
ENSSSCG00000056426,1.09474589412978,0.149556711015066
ENSSSCG00000038185,11.5592287056644,3.10330175356261
ENSSSCG00000039341,0.0965952259526276,3.06591257580885
ENSSSCG00000008965,6.60067377342955,1.98162642094962
ENSSSCG00000008966,83.0396959106089,333.810578985627
ENSSSCG00000008961,8.72576874438736,4.86059310798964
ENSSSCG00000063288,2.25388860556131,0.747783555075329
ENSSSCG00000008969,23.6658303583938,18.9563131211596
ENSSSCG00000029348,15.4230377437695,15.8156221898432
ENSSSCG00000008953,3.05884882183321,0.373891777537664
ENSSSCG00000008957,10.2068955423277,0
ENSSSCG00000060276,2.38268224016482,0.411280955291431
ENSSSCG00000061605,30.1377104972198,0.710394377321562
ENSSSCG00000008959,20.0918069981465,1.15906451036676
ENSSSCG00000035020,8.08180057136985,6.09443597386393
ENSSSCG00000008963,0.643968173017518,0.149556711015066
ENSSSCG00000023903,44.5303991641613,44.6800674157509
ENSSSCG00000008937,4.70096766302788,1.19645368812053
ENSSSCG00000026084,55.9608342352223,24.2281871844406
ENSSSCG00000008727,195.090158015657,303.450566649568
ENSSSCG00000039991,33.9049243093723,46.0634669926402
ENSSSCG00000035379,31.4900436605566,74.2922961967339
ENSSSCG00000032808,0.386380903810511,0.299113422030131
ENSSSCG00000039488,65.6847536477868,74.2922961967339
ENSSSCG00000031302,89.4793776407841,106.372210709465
ENSSSCG00000025514,32.7779800065916,22.5082850077674
ENSSSCG00000029983,77.1795855361495,38.735188152902
ENSSSCG00000008712,1.38453157198766,2.46768573174858
ENSSSCG00000032452,48.6517954714734,109.961571773827
ENSSSCG00000008710,5.15174538414014,2.76679915377872
ENSSSCG00000008940,58.9230878311029,53.2795782991172
ENSSSCG00000008942,81.204386617509,56.0463774528959
ENSSSCG00000008943,57.0233817207012,9.7959645714868
ENSSSCG00000008709,86.3883304103,56.6819934747099
ENSSSCG00000036501,189.358841275801,383.089515265091
ENSSSCG00000038180,20.7035767625132,2.61724244276365
ENSSSCG00000032637,32.6169879633373,73.8810152414425
ENSSSCG00000008947,4.79756288898051,11.1793641483762
ENSSSCG00000024399,24.9859651130797,29.5748396032292
ENSSSCG00000024592,133.848784761691,167.428737981366
ENSSSCG00000038731,575.965133946868,629.521585840165
ENSSSCG00000024892,45.914930736149,51.4101194114288
ENSSSCG00000008728,10.367887585582,7.02916541770809
ENSSSCG00000008729,16.1636011427397,9.83335374924057
ENSSSCG00000034122,40.6987885347071,26.1350352498827
ENSSSCG00000008731,0.611769764366642,0.0747783555075329
ENSSSCG00000031700,1.60992043254379,0.149556711015066
ENSSSCG00000045703,0.54737294706489,0.635616021814029
ENSSSCG00000037539,14.5858791188468,27.5558240045259
ENSSSCG00000008970,89.0607983283227,96.9501379155164
ENSSSCG00000022940,145.56900551061,245.235616886954
ENSSSCG00000037445,9.30534010010313,15.0304494570141
ENSSSCG00000029624,44.884581659321,77.4329871280503
ENSSSCG00000027349,97.6899718467574,88.0141244323662
ENSSSCG00000027746,337.82570356499,409.48627475925
ENSSSCG00000027178,0.579571355715766,0.336502599783898
ENSSSCG00000022358,29.3327502809479,22.4708958300136
ENSSSCG00000008735,58.5045085186415,66.7770714682268
ENSSSCG00000037527,0.708364990319269,0.299113422030131
ENSSSCG00000008948,0.740563398970145,0.785172732829095
ENSSSCG00000021289,109.860970316788,150.304494570141
ENSSSCG00000038234,47.9434304811542,47.5964232805447
ENSSSCG00000027286,34.3235036218337,56.6072151192024
ENSSSCG00000032262,94.4057341643681,140.770254242931
ENSSSCG00000035739,3.25203927373846,3.66413941986911
ENSSSCG00000036512,81.6873627472721,83.714368990683
ENSSSCG00000032633,15.294244109166,29.5748396032292
ENSSSCG00000008678,67.970840661999,137.106114823061
ENSSSCG00000008677,14.263895032338,5.04753899675847
ENSSSCG00000030827,51.4852554327505,196.891410051334
ENSSSCG00000008675,91.9264566982506,230.878172629508
ENSSSCG00000008682,108.283248292896,94.3702846505065
ENSSSCG00000008681,59.8246432733274,65.1693368248149
ENSSSCG00000008949,0,1.04689697710546
ENSSSCG00000063120,5.79571355715766,9.53424032721044
ENSSSCG00000033541,32.8745752325443,3.40241517559274
ENSSSCG00000027718,24.5673858006183,7.92650568379848
ENSSSCG00000008687,134.975729064472,178.757658840757
ENSSSCG00000032304,81.461973886716,88.2758486766425
ENSSSCG00000037035,57.9893339802275,69.0952004889604
ENSSSCG00000008689,5.53812628795065,106.260043176204
ENSSSCG00000034633,38.2195110685897,14.0957200131699
ENSSSCG00000054601,3.38083290834197,1.64512382116572
ENSSSCG00000008690,116.139660003709,164.101101161281
ENSSSCG00000029745,44.626994390114,85.0603793898186
ENSSSCG00000008952,15.1976488832134,2.80418833153248
ENSSSCG00000008921,26.8534728148305,4.22497708617561
ENSSSCG00000008923,1.35233316333679,0.822561910582861
ENSSSCG00000008924,20.0596085894957,19.5919291429736
ENSSSCG00000029658,0.160992043254379,0.598226844060263
ENSSSCG00000008926,3.50962654294547,0
ENSSSCG00000062399,0.321984086508759,0.186945888768832
ENSSSCG00000008691,19.5122356424308,26.5837053829279
ENSSSCG00000035505,145.053830972196,139.012962888504
ENSSSCG00000047476,0.482976129763138,3.02852339805508
ENSSSCG00000039276,7.08364990319269,26.2098136053903
ENSSSCG00000054715,0.321984086508759,0.411280955291431
ENSSSCG00000056469,37.9619237993827,180.215836773154
ENSSSCG00000052705,0.193190451905255,0.673005199567796
ENSSSCG00000032374,0.128793634603504,0.673005199567796
ENSSSCG00000028466,22.2812987864061,12.8618771472957
ENSSSCG00000008968,0.579571355715766,0.112167533261299
ENSSSCG00000042491,4.95855493223489,5.08492817451223
ENSSSCG00000054054,0.257587269207007,0.598226844060263
ENSSSCG00000008698,61.9497382442852,150.566218814417
ENSSSCG00000008700,0.611769764366642,0.224335066522599
ENSSSCG00000008702,5.08734856683839,0.785172732829095
ENSSSCG00000008701,162.086789148509,262.397249475933
ENSSSCG00000032151,27.4330441705462,18.3580862770993
ENSSSCG00000033873,26.1129094158603,31.5564660241789
ENSSSCG00000028085,4.08919789866124,3.85108530863794
ENSSSCG00000059110,18.4818865656028,20.1527668092801
ENSSSCG00000038829,23.601433541092,9.60901868271797
ENSSSCG00000008703,0.643968173017518,1.71990217667326
ENSSSCG00000059898,1.32013475468591,0.897340266090394
ENSSSCG00000061994,5.31273742739452,16.7503516336874
ENSSSCG00000061545,2.25388860556131,0.224335066522599
ENSSSCG00000057151,0.965952259526276,0.299113422030131
ENSSSCG00000034251,0.837158624922773,0.52344848855273
ENSSSCG00000051354,1.83530929309993,0.299113422030131
ENSSSCG00000056806,0.482976129763138,0.673005199567796
ENSSSCG00000061843,14.779069570752,18.9189239434058
ENSSSCG00000043216,38.6058919724002,22.9195659630588
ENSSSCG00000047882,0.354182495159635,0.486059310798964
ENSSSCG00000057032,0.289785677857883,1.08428615485923
ENSSSCG00000055957,70.4823165367673,76.8721494617438
ENSSSCG00000029711,43.9508278084456,42.6984409948013
ENSSSCG00000047976,1.77091247579817,0
ENSSSCG00000021515,18.6106802002063,10.5811373043159
ENSSSCG00000039778,7.37343558105058,5.27187406328107
ENSSSCG00000008978,0.643968173017518,0.149556711015066
ENSSSCG00000008979,35.8368288284248,26.0228677166214
ENSSSCG00000008980,187.942111295163,293.766769611343
ENSSSCG00000008981,19.3190451905255,60.2339653613177
ENSSSCG00000008983,4.82976129763138,3.96325284189924
ENSSSCG00000008984,45.3031609717824,124.954632053087
ENSSSCG00000052738,3.92820585540686,1.90684806544209
ENSSSCG00000008971,98.7847177408872,68.7960870669302
ENSSSCG00000008972,0.676166581668393,4.4493121526982
ENSSSCG00000008973,47.7502400292489,455.661909285151
ENSSSCG00000008974,57.9571355715766,54.3638644539764
ENSSSCG00000032777,2.83345996127708,4.7858147524821
ENSSSCG00000032474,4.12139630731211,3.96325284189924
ENSSSCG00000054701,0.257587269207007,0.598226844060263
ENSSSCG00000041895,0.289785677857883,0.859951088336628
ENSSSCG00000059464,1.28793634603504,4.18758790842184
ENSSSCG00000008724,37.1247651744599,44.2313972827057
ENSSSCG00000008723,36.8027810879511,26.247202783144
ENSSSCG00000008722,23.8912192189499,22.3961174745061
ENSSSCG00000023907,47.3960575340893,41.464598128927
ENSSSCG00000041048,0.418579312461386,0.299113422030131
ENSSSCG00000008721,4.60437243707525,1.75729135442702
ENSSSCG00000009002,14.3604902582906,4.71103639697457
ENSSSCG00000009007,48.4264066109173,81.8075209252409
ENSSSCG00000009009,4.76536448032963,1.68251299891949
ENSSSCG00000029200,67.2302772630288,175.878692153717
ENSSSCG00000009011,13.4267364074152,31.0704067133799
ENSSSCG00000009010,89.9945521791981,148.098533082669
ENSSSCG00000038186,13.1691491382082,6.46832775140159
ENSSSCG00000009012,8.91895919629262,12.7123204362806
ENSSSCG00000031736,5.11954697548926,8.63690006112004
ENSSSCG00000030396,117.813977253555,167.578294692381
ENSSSCG00000020711,25.0503619303814,21.4239988529082
ENSSSCG00000028359,29.9445200453146,17.7598594330391
ENSSSCG00000054078,0.354182495159635,0.224335066522599
ENSSSCG00000008742,3.44522972564372,23.854295406903
ENSSSCG00000008741,3.28423768238934,4.71103639697457
ENSSSCG00000008745,6.85826104263656,8.22561910582861
ENSSSCG00000008750,4.89415811493313,3.92586366414547
ENSSSCG00000023934,1.03034907682803,0.560837666306496
ENSSSCG00000059381,0.54737294706489,7.02916541770809
ENSSSCG00000009060,32.0696150162724,35.7814431103545
ENSSSCG00000035622,301.216112928944,461.494621014739
ENSSSCG00000030957,62.2073255134922,58.4392848291369
ENSSSCG00000056724,1.9963013363543,0.448670133045197
ENSSSCG00000009166,14.3926886669415,6.84221952893926
ENSSSCG00000058307,0.450777721112262,0.149556711015066
ENSSSCG00000009211,29.7513295934093,56.345490874926
ENSSSCG00000030548,43.5644469046351,65.8049528466289
ENSSSCG00000021712,56.9267864947486,78.7042191716783
ENSSSCG00000038867,19.3190451905255,22.8073984297975
ENSSSCG00000009215,14.6824743447994,75.0400797518092
ENSSSCG00000055653,3.7350154035016,7.85172732829095
ENSSSCG00000009217,54.1255249421224,41.0159279958818
ENSSSCG00000009216,87.6118699390333,11.6280342814214
ENSSSCG00000009220,12.5573793738416,8.82384594988888
ENSSSCG00000009221,1.89970611040168,1.68251299891949
ENSSSCG00000009222,170.55497062369,216.819841794092
ENSSSCG00000053724,50.841287259733,33.6502599783898
ENSSSCG00000009225,60.9193891674572,22.3961174745061
ENSSSCG00000057393,3.83161062945423,0.299113422030131
ENSSSCG00000009071,43.3068596354281,115.831672681168
ENSSSCG00000057133,0.321984086508759,0.299113422030131
ENSSSCG00000009072,39.8938283184352,58.1775605848606
ENSSSCG00000034280,6.79386422533481,11.852369347944
ENSSSCG00000009074,10.1424987250259,4.18758790842184
ENSSSCG00000009075,13.9419109458293,18.4702538103606
ENSSSCG00000052949,0.869357033573649,0.261724244276365
ENSSSCG00000055606,22.6998780988675,4.4493121526982
ENSSSCG00000009077,26.209504641813,12.9366555028032
ENSSSCG00000009079,16.9041645417098,15.1426169902754
ENSSSCG00000008749,2.96225359588058,5.0101498190047
ENSSSCG00000022004,33.2287577277039,24.975970739516
ENSSSCG00000008692,153.103433134915,470.617580386658
ENSSSCG00000008695,70.4823165367673,78.3303273941407
ENSSSCG00000008693,63.7206507200834,43.7453379719067
ENSSSCG00000008694,11.1084509845522,7.29088966198445
ENSSSCG00000008697,260.935903706698,207.435158177896
ENSSSCG00000009047,118.683334287128,92.0521556297729
ENSSSCG00000009049,29.300551872297,32.9024764233145
ENSSSCG00000009048,46.9774782216279,53.8404159654237
ENSSSCG00000056757,1.64211884119467,1.49556711015066
ENSSSCG00000039821,0.965952259526276,1.04689697710546
ENSSSCG00000032541,20.1884022240992,24.6394681397321
ENSSSCG00000026196,59.92123849928,124.356405209027
ENSSSCG00000009209,6.56847536477868,8.82384594988888
ENSSSCG00000008737,5.76351514850678,4.52409050820574
ENSSSCG00000008740,78.596315516788,99.0439318697273
ENSSSCG00000060364,3.12324563913496,1.34601039913559
ENSSSCG00000008738,59.0518814657064,23.3308469183503
ENSSSCG00000026129,2.41488064881569,1.79468053218079
ENSSSCG00000009196,0.128793634603504,3.06591257580885
ENSSSCG00000009197,8.72576874438736,8.52473252785875
ENSSSCG00000048161,0.321984086508759,0.261724244276365
ENSSSCG00000061180,2.51147587476832,0.710394377321562
ENSSSCG00000058312,0.772761807621021,0.448670133045197
ENSSSCG00000034811,66.2965234121534,186.758942880063
ENSSSCG00000023604,195.444340510817,184.515592214837
ENSSSCG00000029989,139.773291953452,115.046499948339
ENSSSCG00000026232,1.89970611040168,1.34601039913559
ENSSSCG00000040393,0.482976129763138,0.261724244276365
ENSSSCG00000008747,25.5977348774463,12.1514827699741
ENSSSCG00000008748,56.7013976341924,32.2668604015004
ENSSSCG00000009119,37.4467492609686,7.51522472850705
ENSSSCG00000009120,5.15174538414014,1.49556711015066
ENSSSCG00000031348,16.5177836378993,8.52473252785875
ENSSSCG00000009129,4.99075334088576,3.70152859762288
ENSSSCG00000009128,6.56847536477868,5.30926324103483
ENSSSCG00000055744,18.7394738348098,6.91699788444679
ENSSSCG00000009123,25.5977348774463,24.7142464952396
ENSSSCG00000009125,58.3113180667362,142.901437374895
ENSSSCG00000056445,0.54737294706489,0.0747783555075329
ENSSSCG00000057698,2.9300551872297,1.23384286587429
ENSSSCG00000023273,37.2857572177143,46.6243046589467
ENSSSCG00000053285,6.98705467724007,11.1045857928686
ENSSSCG00000036008,43.2746612267772,52.3822380330268
ENSSSCG00000038307,51.2276681635435,45.6521860373488
ENSSSCG00000008261,4.92635652358401,13.2731581025871
ENSSSCG00000022842,2.35048383151394,25.7611434723451
ENSSSCG00000008309,48.4264066109173,34.9962703775254
ENSSSCG00000008310,44.5947959814631,43.221889483354
ENSSSCG00000008311,17.6769263493309,31.36952013541
ENSSSCG00000008262,25.5655364687954,8.37517581684368
ENSSSCG00000008250,0.257587269207007,5.72054419632626
ENSSSCG00000008259,1.15914271143153,20.1153776315263
ENSSSCG00000021287,4.73316607167875,2.43029655399482
ENSSSCG00000021007,17.5159343060765,17.1990217667326
ENSSSCG00000035958,11.7524191575697,38.6230206196407
ENSSSCG00000062275,1.67431724984555,1.49556711015066
ENSSSCG00000008263,2.22169019691044,1.27123204362806
ENSSSCG00000008265,18.0311088444905,9.94552128250187
ENSSSCG00000008266,19.5122356424308,14.245276724185
ENSSSCG00000039882,25.8875205553042,22.8821767853051
ENSSSCG00000008268,84.3598306652948,85.5464387006176
ENSSSCG00000033366,11.1084509845522,7.51522472850705
ENSSSCG00000008275,44.9167800679718,35.5197188660781
ENSSSCG00000008270,8.33938784057685,6.39354939589406
ENSSSCG00000057727,34.1303131699284,44.979180837781
ENSSSCG00000022786,44.6591927987648,60.0470194725489
ENSSSCG00000035061,45.8183355101964,49.3163254572179
ENSSSCG00000008287,29.300551872297,40.0438093742838
ENSSSCG00000008281,25.3401476082393,24.5273006064708
ENSSSCG00000029593,9.91710986446977,4.97276064125094
ENSSSCG00000029485,101.650376110815,71.6376645762165
ENSSSCG00000020931,86.7103144968087,87.1915625217833
ENSSSCG00000062991,5.18394379279102,1.04689697710546
ENSSSCG00000008428,57.5385562591152,37.2770102205051
ENSSSCG00000008429,458.183355101964,356.131918104625
ENSSSCG00000008447,10.1746971336768,4.71103639697457
ENSSSCG00000008282,18.159902479094,17.6476918997778
ENSSSCG00000023156,12.5895777824925,11.2915316816375
ENSSSCG00000008448,51.1954697548926,76.199144262176
ENSSSCG00000008449,1.64211884119467,2.95374504254755
ENSSSCG00000008274,216.791885446347,332.202844342215
ENSSSCG00000008451,33.3575513623074,37.3517885760127
ENSSSCG00000008456,3.54182495159635,1.75729135442702
ENSSSCG00000008289,9.65952259526276,14.9556711015066
ENSSSCG00000039221,177.703017344184,139.57380055481
ENSSSCG00000040854,25.1791555649849,22.5830633632749
ENSSSCG00000008452,77.5981648486109,69.9177623995432
ENSSSCG00000008292,73.0259908201865,135.79749360168
ENSSSCG00000008293,17.129553402266,24.7890248507471
ENSSSCG00000008294,78.7895059686933,29.2757261811991
ENSSSCG00000008459,11.5914271143153,11.4036992148988
ENSSSCG00000038549,433.326183623488,250.769215194511
ENSSSCG00000038660,5.76351514850678,18.2085295660842
ENSSSCG00000008464,26.9178696321322,31.9303578017165
ENSSSCG00000008466,121.484595839755,105.437481265621
ENSSSCG00000008433,324.817546470036,342.597035757762
ENSSSCG00000008467,66.5219122727096,83.2283096798841
ENSSSCG00000008300,23.2794494545833,24.9011923840084
ENSSSCG00000008434,87.3220842611754,40.8663712848667
ENSSSCG00000008298,40.5699949001036,23.8916845846567
ENSSSCG00000021325,61.4989605231729,46.0260778148865
ENSSSCG00000008297,13.6843236766222,3.92586366414547
ENSSSCG00000008437,42.2121137412983,39.6325284189924
ENSSSCG00000021579,0.643968173017518,0.859951088336628
ENSSSCG00000037977,50.8090888510821,50.3632224343234
ENSSSCG00000008440,15.0688552486099,14.3574442574463
ENSSSCG00000045356,3.12324563913496,0.673005199567796
ENSSSCG00000008302,0.837158624922773,0.673005199567796
ENSSSCG00000031261,6.89045945128744,6.16921432937146
ENSSSCG00000035912,0.386380903810511,0.261724244276365
ENSSSCG00000008443,572.680896264478,4543.75721570422
ENSSSCG00000008303,170.651565849642,251.853501349371
ENSSSCG00000038383,45.9471291447999,17.2364109444863
ENSSSCG00000008444,8.85456237899087,12.1888719477279
ENSSSCG00000008445,37.8331301647792,32.8276980678069
ENSSSCG00000008304,9.27314169145225,19.1432590099284
ENSSSCG00000037751,1.67431724984555,0.186945888768832
ENSSSCG00000022162,18.0955056617922,16.8999083447024
ENSSSCG00000008468,20.4459894933062,17.8346377885466
ENSSSCG00000036418,27.2076553099901,25.0507490950235
ENSSSCG00000008307,7.72761807621021,15.2921737012905
ENSSSCG00000008601,38.7346856070037,39.856863485515
ENSSSCG00000043781,247.831151385792,202.574565069906
ENSSSCG00000008619,95.21069438064,86.3316114334467
ENSSSCG00000008470,26.7890759975287,18.4702538103606
ENSSSCG00000024293,5.95670560041204,4.18758790842184
ENSSSCG00000008474,1.12694430278066,0.747783555075329
ENSSSCG00000008475,69.1299833734305,47.8955367025748
ENSSSCG00000021155,3.31643609104022,5.42143077429613
ENSSSCG00000008618,14.1994982150363,1.00950779935169
ENSSSCG00000008599,0.9337538508754,0.224335066522599
ENSSSCG00000061556,14.1994982150363,6.16921432937146
ENSSSCG00000008600,152.395068144596,138.639071110966
ENSSSCG00000008478,53.6103504037083,53.952583498685
ENSSSCG00000022933,27.1110600840375,27.7801590710485
ENSSSCG00000008312,22.1525051518026,62.3651484932824
ENSSSCG00000040621,3.70281699485073,1.68251299891949
ENSSSCG00000008617,9.91710986446977,17.4607460110089
ENSSSCG00000008568,46.8486845870244,17.6850810775315
ENSSSCG00000008480,45.2709625631315,15.0678386347679
ENSSSCG00000008479,38.0585190253353,37.4265669315202
ENSSSCG00000008482,16.4855852292484,12.3758178364967
ENSSSCG00000008484,129.244412324616,51.5596761224439
ENSSSCG00000008486,94.8243134768295,39.1090799304397
ENSSSCG00000008621,49.2313668271892,82.3683585915474
ENSSSCG00000022708,80.6248152617932,46.2878020591628
ENSSSCG00000031905,0.257587269207007,0.52344848855273
ENSSSCG00000020878,39.70063786653,31.0330175356261
ENSSSCG00000008613,3.02665041318233,1.23384286587429
ENSSSCG00000008614,47.4282559427402,29.4626720699679
ENSSSCG00000008602,256.97549944264,270.099420093209
ENSSSCG00000038394,40.3446060395475,66.7770714682268
ENSSSCG00000008316,90.2521394484051,66.6275147572118
ENSSSCG00000008604,48.7161922887752,21.6857230971845
ENSSSCG00000008317,74.1207367143163,106.446989064973
ENSSSCG00000058412,2.31828542286306,4.15019873066807
ENSSSCG00000053616,2.86565836992795,1.71990217667326
ENSSSCG00000008314,30.2021073145216,56.7941610079712
ENSSSCG00000060496,0.643968173017518,0.897340266090394
ENSSSCG00000008487,91.9908535155524,89.8835833200545
ENSSSCG00000008607,0.386380903810511,0.112167533261299
ENSSSCG00000008318,0.450777721112262,0.299113422030131
ENSSSCG00000008608,13.6199268593205,14.5443901462151
ENSSSCG00000030643,29.7513295934093,43.5957812608917
ENSSSCG00000008570,0.160992043254379,0.635616021814029
ENSSSCG00000008569,65.8457456910412,73.2453992196284
ENSSSCG00000037620,0,22.4708958300136
ENSSSCG00000062035,0.0965952259526276,1.45817793239689
ENSSSCG00000008305,9.337538508754,9.98291046025564
ENSSSCG00000033844,80.8824025310002,259.406115255631
ENSSSCG00000008488,9.337538508754,7.02916541770809
ENSSSCG00000008571,106.641129451701,171.205044934496
ENSSSCG00000058673,0.9337538508754,0
ENSSSCG00000008572,1.38453157198766,0.299113422030131
ENSSSCG00000008573,161.346225749539,164.774106360849
ENSSSCG00000008574,33.5507418142127,68.7213087114227
ENSSSCG00000008575,47.9434304811542,56.2333233416647
ENSSSCG00000048402,0.515174538414014,0.261724244276365
ENSSSCG00000056286,0.643968173017518,1.30862122138182
ENSSSCG00000008576,84.6818147518036,91.1922045414363
ENSSSCG00000060318,1.38453157198766,0.635616021814029
ENSSSCG00000056837,0.837158624922773,0.0747783555075329
ENSSSCG00000060660,0.386380903810511,0.149556711015066
ENSSSCG00000051522,0.515174538414014,0.0747783555075329
ENSSSCG00000047431,0.54737294706489,0.149556711015066
ENSSSCG00000051523,2.9300551872297,0.336502599783898
ENSSSCG00000059235,0.740563398970145,0.0747783555075329
ENSSSCG00000059094,5.08734856683839,1.15906451036676
ENSSSCG00000029413,36.7383842706494,30.4347906915659
ENSSSCG00000008577,11.7524191575697,11.1419749706224
ENSSSCG00000048122,2.64026950937182,0.448670133045197
ENSSSCG00000008578,30.3309009491251,32.2668604015004
ENSSSCG00000050679,0.772761807621021,0.336502599783898
ENSSSCG00000055702,8.1461973886716,3.55197188660781
ENSSSCG00000008581,26.3382982764165,69.0204221334528
ENSSSCG00000063378,1.51332520659117,0.785172732829095
ENSSSCG00000008583,56.4760087736363,30.8086824691035
ENSSSCG00000008228,3.50962654294547,14.880892745999
ENSSSCG00000008164,233.728248396708,201.265943848525
ENSSSCG00000008582,0.837158624922773,0.673005199567796
ENSSSCG00000008584,2.60807110072095,2.16857230971845
ENSSSCG00000008586,7.95300693676634,6.24399268487899
ENSSSCG00000008587,35.031868612153,26.5837053829279
ENSSSCG00000045531,4.12139630731211,4.8979822857434
ENSSSCG00000008192,168.494272470033,417.861450576094
ENSSSCG00000008589,15.1654504745625,17.2738001222401
ENSSSCG00000008590,3.38083290834197,3.14069093131638
ENSSSCG00000033753,21.9915131085482,14.8435035682453
ENSSSCG00000041783,2.18949178825956,1.75729135442702
ENSSSCG00000008241,17.5481327147274,18.9189239434058
ENSSSCG00000008591,26.3704966850673,22.5082850077674
ENSSSCG00000008242,60.3398178117414,73.5819018194123
ENSSSCG00000008593,4.37898357651912,2.65463162051742
ENSSSCG00000008245,516.4946731687,295.972731098815
ENSSSCG00000008595,0.321984086508759,0.673005199567796
ENSSSCG00000008162,67.6488565754902,111.38236052847
ENSSSCG00000028331,0.9337538508754,0
ENSSSCG00000008150,1.57772202389292,1.19645368812053
ENSSSCG00000038714,16.9363629503607,16.3764598561497
ENSSSCG00000008153,1.67431724984555,13.9835524799086
ENSSSCG00000008155,1.80311088444905,67.3005199567796
ENSSSCG00000025357,4.86195970628226,6.76744117343172
ENSSSCG00000008159,16.6787756811537,126.936258474037
ENSSSCG00000032795,1.12694430278066,3.25285846457768
ENSSSCG00000028931,4.37898357651912,12.1140935922203
ENSSSCG00000030115,33.0355672757986,40.9037604626205
ENSSSCG00000023550,0.289785677857883,1.12167533261299
ENSSSCG00000045529,40.4412012655001,21.3118313196469
ENSSSCG00000008247,132.206665920496,202.387619181138
ENSSSCG00000055154,0.708364990319269,0.598226844060263
ENSSSCG00000060465,25.8231237380025,21.4239988529082
ENSSSCG00000044418,0.354182495159635,0.486059310798964
ENSSSCG00000063005,39.0244712848616,29.6496179587368
ENSSSCG00000062306,0.515174538414014,0.373891777537664
ENSSSCG00000047947,0.579571355715766,0.149556711015066
ENSSSCG00000048673,0.837158624922773,0.299113422030131
ENSSSCG00000053235,0.9337538508754,1.38339957688936
ENSSSCG00000008166,0.54737294706489,0.0747783555075329
ENSSSCG00000008168,49.1025731925857,44.5305107047358
ENSSSCG00000008167,76.8576014496407,73.7314585304274
ENSSSCG00000008169,34.8386781602477,30.2852339805508
ENSSSCG00000008170,451.357292467978,357.253593437238
ENSSSCG00000008171,76.535617363132,67.0387957125032
ENSSSCG00000033885,31.2002579826987,29.612228780983
ENSSSCG00000008183,19.8664181375904,13.4227148136021
ENSSSCG00000030435,50.0041286348102,65.5432286023525
ENSSSCG00000045084,5.08734856683839,0.373891777537664
ENSSSCG00000008185,5.86011037445941,2.61724244276365
ENSSSCG00000034715,10.9474589412978,10.5811373043159
ENSSSCG00000028287,67.0048884024727,51.4848977669364
ENSSSCG00000008186,25.0503619303814,13.6470498801247
ENSSSCG00000008233,21.283148118229,26.6958729161892
ENSSSCG00000008232,29.4937423242023,43.3340570166153
ENSSSCG00000033135,26.9178696321322,44.3809539937208
ENSSSCG00000008187,30.5562898096812,53.7282484321624
ENSSSCG00000008175,37.3823524436669,24.7516356729934
ENSSSCG00000008188,34.3879004391354,33.9493734004199
ENSSSCG00000008176,0.772761807621021,1.00950779935169
ENSSSCG00000062938,111.535287566634,210.94974088675
ENSSSCG00000055832,26.6602823629252,43.221889483354
ENSSSCG00000025010,34.4522972564372,33.7250383338973
ENSSSCG00000027381,118.683334287128,96.7258028489938
ENSSSCG00000008179,33.4219481796092,29.9861205585207
ENSSSCG00000058408,51.0022793029874,50.0641090122932
ENSSSCG00000008180,121.516794248406,66.4031796906892
ENSSSCG00000008190,44.8201848420192,35.1458270885404
ENSSSCG00000022300,335.732807002683,264.491043430144
ENSSSCG00000027113,8.50037988383123,2.61724244276365
ENSSSCG00000008240,8.75796715303824,5.2344848855273
ENSSSCG00000008181,35.5792415592178,29.4626720699679
ENSSSCG00000033394,29.6225359588058,23.368236096104
ENSSSCG00000008239,51.3242633894962,80.2745646373365
ENSSSCG00000008238,40.1836139962931,37.463956109274
ENSSSCG00000008237,78.5641171081371,57.1680527855089
ENSSSCG00000050627,262.09504641813,469.308959165276
ENSSSCG00000035478,153.843996533885,165.933170871215
ENSSSCG00000008218,41.2139630731211,56.4202692304335
ENSSSCG00000008222,137.294014487335,168.550413313979
ENSSSCG00000008221,55.51005651411,57.2428311410164
ENSSSCG00000023710,4.95855493223489,3.96325284189924
ENSSSCG00000021746,23.4082430891868,20.9379395421092
ENSSSCG00000024564,74.7647048873338,88.1262919656275
ENSSSCG00000008225,61.5955557491256,58.7757874289208
ENSSSCG00000008226,43.8864309911438,69.1325896667141
ENSSSCG00000008227,10.2390939509785,10.4315805933008
ENSSSCG00000008230,13.491133224717,15.2547845235367
ENSSSCG00000054074,0.804960216271897,0.747783555075329
ENSSSCG00000048037,0.450777721112262,0.859951088336628
ENSSSCG00000052244,0.450777721112262,0.747783555075329
ENSSSCG00000059723,0.643968173017518,0.373891777537664
ENSSSCG00000052002,2.89785677857883,1.12167533261299
ENSSSCG00000059111,2.28608701421219,3.25285846457768
ENSSSCG00000058553,2.44707905746657,1.34601039913559
ENSSSCG00000062338,1.64211884119467,0.149556711015066
ENSSSCG00000063364,1.09474589412978,1.00950779935169
ENSSSCG00000045784,0.515174538414014,0.52344848855273
ENSSSCG00000061270,0.676166581668393,0.299113422030131
ENSSSCG00000019715,0.418579312461386,0.186945888768832
ENSSSCG00000026710,101.618177702164,283.297799840288
ENSSSCG00000026248,14.9078632053555,7.10394377321562
ENSSSCG00000029264,0.611769764366642,0.149556711015066
ENSSSCG00000059318,5.15174538414014,0.972118621597927
ENSSSCG00000033691,0.515174538414014,395.652278990356
ENSSSCG00000027855,5.95670560041204,17.6850810775315
ENSSSCG00000026569,44.7235896160666,105.100978665837
ENSSSCG00000037065,249.24788136643,588.543047022037
ENSSSCG00000020675,31.0070675307935,21.6483339194308
ENSSSCG00000031290,1.0625474854789,6.87960870669302
ENSSSCG00000040215,11.6558239316171,6.84221952893926
ENSSSCG00000007901,36.6739874533476,36.1927240656459
ENSSSCG00000027101,0.482976129763138,0.635616021814029
ENSSSCG00000024488,56.9589849033994,48.3068176578662
ENSSSCG00000023304,910.95737755058,739.520546791746
ENSSSCG00000008061,101.940161788673,145.892571595197
ENSSSCG00000028381,17.0651565849642,10.2820238822858
ENSSSCG00000028454,45.5929466496402,62.6642619153125
ENSSSCG00000007907,183.7885165792,304.011404315875
ENSSSCG00000021236,148.273671837283,219.511862592363
ENSSSCG00000033311,12.5895777824925,18.881534765652
ENSSSCG00000007909,27.5296393964989,30.733904113596
ENSSSCG00000007914,19.1580531472711,10.6559156598234
ENSSSCG00000007944,73.4445701326479,133.965423891745
ENSSSCG00000025561,47.1384702648823,39.2960258192085
ENSSSCG00000007947,7.37343558105058,12.001926058959
ENSSSCG00000023653,69.4841658685901,61.3930298716845
ENSSSCG00000022874,48.6195970628226,62.1408134267598
ENSSSCG00000007797,28.6887821079304,34.734546133249
ENSSSCG00000037232,24.0522112622043,23.8169062291492
ENSSSCG00000032578,0.998150668177152,1.00950779935169
ENSSSCG00000021118,110.182954403297,166.007949226723
ENSSSCG00000023984,55.3812628795065,67.4500766677946
ENSSSCG00000007895,76.9541966755934,73.5445126416586
ENSSSCG00000007896,30.7494802615865,56.8689393634787
ENSSSCG00000045157,7.30903876374882,12.4132070142505
ENSSSCG00000032381,101.135201572401,123.421675765183
ENSSSCG00000007899,0.515174538414014,0.598226844060263
ENSSSCG00000022149,14.0385061717819,14.3948334352001
ENSSSCG00000007917,1.8675077017508,0
ENSSSCG00000036275,44.5947959814631,41.4272089511732
ENSSSCG00000007818,18.1277040704431,17.1990217667326
ENSSSCG00000040182,71.0618878924831,91.6034854967277
ENSSSCG00000035736,30.0411152712672,3.29024764233145
ENSSSCG00000039874,4.41118198517,3.88847448639171
ENSSSCG00000007920,8.9511576049435,4.6736472192208
ENSSSCG00000007919,21.6051322047377,27.2940997602495
ENSSSCG00000025072,0.772761807621021,1.12167533261299
ENSSSCG00000007925,15.8738154648818,23.9290737624105
ENSSSCG00000007926,7.53442762430496,0.822561910582861
ENSSSCG00000007927,98.3983368370767,158.492724498216
ENSSSCG00000007924,92.3128376020611,213.940875107052
ENSSSCG00000007931,55.3490644708556,70.0673191105583
ENSSSCG00000025486,132.947229319466,209.902843909645
ENSSSCG00000061894,1.96410292770343,2.16857230971845
ENSSSCG00000021837,36.9959715398564,54.4386428094839
ENSSSCG00000038320,50.6480968078278,108.129502063893
ENSSSCG00000007736,219.11017086921,323.304220036818
ENSSSCG00000008062,0.643968173017518,0.299113422030131
ENSSSCG00000008058,18.417489748301,21.1622746086318
ENSSSCG00000008057,47.9112320725033,77.3582087725427
ENSSSCG00000007932,16.1957995513906,44.3809539937208
ENSSSCG00000007795,67.3912693062832,80.6484564148742
ENSSSCG00000040745,4.44338039382087,6.24399268487899
ENSSSCG00000007801,17.0329581763133,22.8073984297975
ENSSSCG00000007800,3.57402336024722,3.88847448639171
ENSSSCG00000007780,64.8153966142131,98.4830942034208
ENSSSCG00000008056,112.694430278066,283.297799840288
ENSSSCG00000027098,50.0041286348102,101.54900677923
ENSSSCG00000007786,128.600444151598,208.108163377464
ENSSSCG00000008054,1.22353952873328,4.41192297494444
ENSSSCG00000008055,11.3338398451083,8.63690006112004
ENSSSCG00000007778,4.34678516786824,1.23384286587429
ENSSSCG00000055551,0.579571355715766,0.224335066522599
ENSSSCG00000007788,37.9941222080335,66.7396822904731
ENSSSCG00000007939,64.4290157104026,52.1579029665042
ENSSSCG00000058422,9.337538508754,4.48670133045197
ENSSSCG00000007798,41.0529710298667,76.8721494617438
ENSSSCG00000007789,241.488064881569,286.176766527328
ENSSSCG00000026326,12.7505698257468,6.35616021814029
ENSSSCG00000007791,52.2580172403716,72.3106697757843
ENSSSCG00000025794,63.8816427633377,91.0052586526675
ENSSSCG00000008051,37.1569635831108,83.2283096798841
ENSSSCG00000007790,43.1780660008246,53.7282484321624
ENSSSCG00000047341,0.386380903810511,0.411280955291431
ENSSSCG00000007935,16.1636011427397,15.7034546565819
ENSSSCG00000035999,37.7365349388265,63.4494346481416
ENSSSCG00000033496,26.7568775888779,38.2865180198568
ENSSSCG00000008048,197.633832299076,233.607582605533
ENSSSCG00000037875,14.4248870755924,13.3105472803408
ENSSSCG00000007930,85.6477670113298,169.597310291085
ENSSSCG00000023603,16.4855852292484,48.7554877909114
ENSSSCG00000007940,3.57402336024722,2.69202079827118
ENSSSCG00000007941,42.0833201066948,102.969795533873
ENSSSCG00000052991,29.7835280020602,37.3891777537664
ENSSSCG00000038852,34.4522972564372,57.9906146960917
ENSSSCG00000007943,38.2839078858914,51.2979518781675
ENSSSCG00000024587,33.2609561363548,21.9100581637071
ENSSSCG00000007942,111.052311436871,354.898075238751
ENSSSCG00000023349,51.09887452894,96.3145218937023
ENSSSCG00000008047,52.8375885960873,54.4012536317301
ENSSSCG00000036614,6.37528491287342,11.2915316816375
ENSSSCG00000008044,33.7439322661179,38.735188152902
ENSSSCG00000033059,1.80311088444905,3.51458270885404
ENSSSCG00000008043,83.9412513528334,83.7891473461906
ENSSSCG00000035594,28.0448139349129,29.1635586479378
ENSSSCG00000007949,6.08549923501554,12.8618771472957
ENSSSCG00000007950,37.9619237993827,392.548977236794
ENSSSCG00000007951,213.829631850467,245.646897842245
ENSSSCG00000007952,48.9093827406805,41.464598128927
ENSSSCG00000036527,40.4090028568492,26.6210945606817
ENSSSCG00000007954,16.0026090994853,15.1426169902754
ENSSSCG00000007956,0.740563398970145,1.42078875464312
ENSSSCG00000007955,47.4926527600419,29.7617854919981
ENSSSCG00000007957,0.257587269207007,0.52344848855273
ENSSSCG00000021065,98.2373447938223,218.614522326272
ENSSSCG00000033390,1.51332520659117,3.02852339805508
ENSSSCG00000007958,31.4578452519057,35.5571080438319
ENSSSCG00000053387,8.50037988383123,6.28138186263276
ENSSSCG00000029285,16.3245931859941,13.2357689248333
ENSSSCG00000037309,12.2675936959837,9.53424032721044
ENSSSCG00000007963,32.9711704584969,125.665026430409
ENSSSCG00000007965,9.53072896065926,12.7497096140344
ENSSSCG00000007967,28.3667980214216,32.1173036904854
ENSSSCG00000029375,35.2250590640582,39.1464691081935
ENSSSCG00000021569,4.57217402842437,1.34601039913559
ENSSSCG00000020895,16.4211884119467,22.0596148747222
ENSSSCG00000023315,25.7265285120498,25.4246408725612
ENSSSCG00000027252,15.4230377437695,36.3048915989072
ENSSSCG00000027130,22.6676796902166,32.9024764233145
ENSSSCG00000023743,5.15174538414014,0.598226844060263
ENSSSCG00000008041,125.412801695162,167.952186469919
ENSSSCG00000008040,134.975729064472,183.244360171209
ENSSSCG00000008039,16.6787756811537,15.0678386347679
ENSSSCG00000008038,68.0352374793007,162.829869117653
ENSSSCG00000048627,0.386380903810511,0.224335066522599
ENSSSCG00000023400,42.018923289393,64.982390936046
ENSSSCG00000008036,1.25573793738416,2.31812902073352
ENSSSCG00000008035,25.3079491995884,35.1832162662942
ENSSSCG00000008034,1.28793634603504,0.598226844060263
ENSSSCG00000037686,72.124435377962,90.1079183865771
ENSSSCG00000022785,0.579571355715766,0.224335066522599
ENSSSCG00000007814,62.529309600001,64.832834225031
ENSSSCG00000007815,133.108221362721,156.436319721759
ENSSSCG00000007816,0.772761807621021,0.0747783555075329
ENSSSCG00000007817,32.4559959200829,31.7060227351939
ENSSSCG00000033697,1582.29419792134,1339.35512549542
ENSSSCG00000034728,2.15729337960868,2.43029655399482
ENSSSCG00000030328,46.6554941351191,65.0571692915536
ENSSSCG00000032657,0.386380903810511,0.224335066522599
ENSSSCG00000032932,41.5681455682808,86.929838277507
ENSSSCG00000031216,0.708364990319269,3.51458270885404
ENSSSCG00000025711,9.94930827312065,7.25350048423069
ENSSSCG00000008012,37.7365349388265,58.1775605848606
ENSSSCG00000008013,7.85641171081371,7.14133295096939
ENSSSCG00000008014,28.1092107522146,33.3885357341134
ENSSSCG00000039024,1.80311088444905,2.72940997602495
ENSSSCG00000021467,13.3301411814626,11.4784775704063
ENSSSCG00000008016,32.2628054681776,33.6876491561436
ENSSSCG00000008017,37.3823524436669,30.1730664472895
ENSSSCG00000008018,62.2073255134922,105.213146199099
ENSSSCG00000008019,99.2676938706503,190.049190522395
ENSSSCG00000008026,86.0341479151404,57.1306636077551
ENSSSCG00000008020,92.4738296453155,72.3854481312918
ENSSSCG00000008021,12.8471650516995,25.3498625170536
ENSSSCG00000008022,82.0737436510826,84.6490984345272
ENSSSCG00000037262,23.5692351324411,9.04818101641148
ENSSSCG00000008024,76.3102285025758,77.956435616603
ENSSSCG00000028139,2.31828542286306,2.80418833153248
ENSSSCG00000038882,17.6125295320291,26.4341486719129
ENSSSCG00000022963,32.681384780639,21.4239988529082
ENSSSCG00000008031,61.0481828020607,42.9975544168314
ENSSSCG00000008030,32.3915991027811,45.5774076818413
ENSSSCG00000008029,40.8275821693106,19.7040966762349
ENSSSCG00000021560,81.5263707040177,75.8252524846383
ENSSSCG00000062538,4.37898357651912,4.52409050820574
ENSSSCG00000052393,3.34863449969109,3.29024764233145
ENSSSCG00000055693,7.2124435377962,3.17808010907015
ENSSSCG00000021536,0.772761807621021,0.299113422030131
ENSSSCG00000039715,0.869357033573649,1.04689697710546
ENSSSCG00000048138,1.93190451905255,5.42143077429613
ENSSSCG00000050997,3.18764245643671,1.49556711015066
ENSSSCG00000051865,1.22353952873328,0.411280955291431
ENSSSCG00000061273,1.77091247579817,0.373891777537664
ENSSSCG00000041169,1.48112679794029,0.598226844060263
ENSSSCG00000062961,0.869357033573649,0.411280955291431
ENSSSCG00000062646,0.450777721112262,0.224335066522599
ENSSSCG00000052863,2.57587269207007,7.70217061727588
ENSSSCG00000041751,0.9337538508754,0.560837666306496
ENSSSCG00000053704,0.257587269207007,0.411280955291431
ENSSSCG00000063258,1.54552361524204,0.448670133045197
ENSSSCG00000056301,12.5895777824925,179.58022075134
ENSSSCG00000058856,0.611769764366642,0.149556711015066
ENSSSCG00000061203,9.53072896065926,8.30039746133615
ENSSSCG00000062167,3.83161062945423,1.30862122138182
ENSSSCG00000036096,12.0422048354276,3.47719353110028
ENSSSCG00000060192,0.515174538414014,0.972118621597927
ENSSSCG00000055817,22.8930685507727,7.21611130647692
ENSSSCG00000047720,0.676166581668393,7.29088966198445
ENSSSCG00000061098,0.901555442224525,1.49556711015066
ENSSSCG00000027755,0.450777721112262,0.0373891777537664
ENSSSCG00000026828,1.22353952873328,0.598226844060263
ENSSSCG00000037719,56.3150167303819,84.7612659677885
ENSSSCG00000040569,9.2087448741505,49.4284929904792
ENSSSCG00000007557,29.6547343674567,32.1546928682391
ENSSSCG00000034390,4.25018994191562,2.84157750928625
ENSSSCG00000007599,74.8291017046355,100.913390757416
ENSSSCG00000007565,212.606092321733,513.054297137183
ENSSSCG00000007568,81.6873627472721,75.563528240362
ENSSSCG00000007727,21.7661242479921,11.7775909924364
ENSSSCG00000026457,2.38268224016482,1.64512382116572
ENSSSCG00000007733,15.5196329697222,25.0133599172697
ENSSSCG00000007732,79.4656725503617,127.422317784836
ENSSSCG00000058184,2.02849974500518,1.57034546565819
ENSSSCG00000061064,5.4737294706489,10.4315805933008
ENSSSCG00000041587,2.25388860556131,1.45817793239689
ENSSSCG00000060090,0.869357033573649,0.261724244276365
ENSSSCG00000007563,28.2058059781673,28.9392235814152
ENSSSCG00000007564,2.25388860556131,0.785172732829095
ENSSSCG00000055213,40.6665901260562,50.7745033896148
ENSSSCG00000007681,143.089728044492,138.339957688936
ENSSSCG00000007558,139.064926963133,135.236655935373
ENSSSCG00000057358,14.0385061717819,25.0507490950235
ENSSSCG00000007560,63.7850475373851,122.524335499093
ENSSSCG00000032956,2.9300551872297,1.53295628790442
ENSSSCG00000039119,122.096365604121,219.175359992579
ENSSSCG00000007637,70.1281340416077,74.6661879742716
ENSSSCG00000007636,5.82791196580853,3.55197188660781
ENSSSCG00000007642,35.8690272370757,83.7891473461906
ENSSSCG00000032056,0.579571355715766,0.299113422030131
ENSSSCG00000037398,79.7554582282196,86.6307248554768
ENSSSCG00000033356,53.9323344902171,87.4532867660597
ENSSSCG00000007556,22.7642749161692,21.4987772084157
ENSSSCG00000038766,26.4348935023691,43.6705596163992
ENSSSCG00000036247,42.4053041932035,33.463314089621
ENSSSCG00000033926,21.540735387436,20.4144910535565
ENSSSCG00000040977,32.3915991027811,36.342280776661
ENSSSCG00000039390,146.277370500929,168.550413313979
ENSSSCG00000062464,6.4074833215243,6.99177623995432
ENSSSCG00000007572,55.6388501487135,37.2396210427514
ENSSSCG00000020813,67.8420470273955,250.133599172697
ENSSSCG00000007541,13.748720493924,20.489269409064
ENSSSCG00000007542,6.18209446096817,6.54310610690912
ENSSSCG00000007543,33.9049243093723,29.0513911146765
ENSSSCG00000007544,109.410192595676,95.9406301161647
ENSSSCG00000040103,46.8164861783735,68.4221952893926
ENSSSCG00000007547,16.3889900032958,17.3111892999939
ENSSSCG00000038964,22.5388860556131,26.5089270274204
ENSSSCG00000007549,0.225388860556131,0.673005199567796
ENSSSCG00000038777,23.8912192189499,60.981748916393
ENSSSCG00000007552,1.80311088444905,13.9461633021549
ENSSSCG00000026422,8.53257829248211,227.214033209639
ENSSSCG00000007554,31.2002579826987,161.10996694098
ENSSSCG00000007574,58.6655005618958,55.2612047200668
ENSSSCG00000007576,64.6544045709588,51.2979518781675
ENSSSCG00000007577,79.6910614109178,64.1598290254632
ENSSSCG00000007575,6.60067377342955,9.34729443844161
ENSSSCG00000007578,0,6.73005199567796
ENSSSCG00000007580,90.5097267176121,122.30000043257
ENSSSCG00000035987,10.625474854789,39.5203608857311
ENSSSCG00000032527,71.609260839548,82.3309694137937
ENSSSCG00000020986,0.193190451905255,1.45817793239689
ENSSSCG00000027768,31.9408213816689,24.1534088289331
ENSSSCG00000022553,160.444670307315,229.756497296895
ENSSSCG00000038526,16.4855852292484,20.8257720088479
ENSSSCG00000044331,14.8756647967047,16.6755732781798
ENSSSCG00000007585,853.193432430909,2002.93825226927
ENSSSCG00000007586,63.7850475373851,138.751238644227
ENSSSCG00000038489,3.76721381215248,105.213146199099
ENSSSCG00000007601,27.3042505359427,35.7440539326007
ENSSSCG00000008536,9.17654646549962,7.73955979502965
ENSSSCG00000008534,37.5755428955721,20.8631611866017
ENSSSCG00000008491,96.6274243612785,44.6426782379971
ENSSSCG00000037605,36.3520033668389,56.6446042969561
ENSSSCG00000007602,97.4001861688995,76.3860901509448
ENSSSCG00000007603,0.321984086508759,0.299113422030131
ENSSSCG00000007606,196.217102318438,182.982635926933
ENSSSCG00000008522,0.128793634603504,1.64512382116572
ENSSSCG00000030153,60.951587576108,160.885631874457
ENSSSCG00000007607,1.93190451905255,1.12167533261299
ENSSSCG00000007625,144.82844211164,163.20376089519
ENSSSCG00000035534,3.21984086508759,2.87896668704001
ENSSSCG00000007609,136.682244722968,152.286120991091
ENSSSCG00000033450,71.1262847097848,73.1706208641209
ENSSSCG00000007623,27.5296393964989,35.4823296883243
ENSSSCG00000008508,53.449358360454,56.5698259414486
ENSSSCG00000007622,18.675077017508,27.5558240045259
ENSSSCG00000026896,40.5699949001036,24.2655763621944
ENSSSCG00000030147,8.56477670113298,4.7858147524821
ENSSSCG00000008538,2.54367428341919,0.52344848855273
ENSSSCG00000034019,63.0122857297641,65.8797312021364
ENSSSCG00000008540,335.088838829665,276.530358666857
ENSSSCG00000036665,12.3641889219363,12.7123204362806
ENSSSCG00000031809,32.2306070595268,45.46524014858
ENSSSCG00000007618,18.9648626953659,18.6945888768832
ENSSSCG00000029175,4.15359471596299,1.64512382116572
ENSSSCG00000007617,54.6085010718855,35.1458270885404
ENSSSCG00000031485,1.89970611040168,1.04689697710546
ENSSSCG00000043842,4.89415811493313,0.934729443844161
ENSSSCG00000039842,28.7209805165813,25.2750841615461
ENSSSCG00000023320,1.67431724984555,0.486059310798964
ENSSSCG00000025901,30.5562898096812,23.9290737624105
ENSSSCG00000034756,2.6724679180227,7.29088966198445
ENSSSCG00000058057,426.306930537597,560.202050284682
ENSSSCG00000008529,75.1188873824934,102.296790334305
ENSSSCG00000044640,0.386380903810511,2.46768573174858
ENSSSCG00000008535,5.57032469660153,41.1280955291431
ENSSSCG00000008495,57.1199769466538,51.9709570777353
ENSSSCG00000008494,16.2601963686923,13.9461633021549
ENSSSCG00000008493,39.4108521886721,10.9550290818536
ENSSSCG00000039004,45.5929466496402,16.1147356118733
ENSSSCG00000008496,58.6011037445941,50.8492817451223
ENSSSCG00000008497,9.56292736931014,4.8979822857434
ENSSSCG00000021941,14.3604902582906,13.1609905693258
ENSSSCG00000008498,47.1384702648823,47.6338124582984
ENSSSCG00000031461,118.973119964986,226.092357877026
ENSSSCG00000037215,44.7235896160666,37.5387344647815
ENSSSCG00000034893,54.8982867497434,72.5723940200606
ENSSSCG00000008499,20.8323703971167,26.3219811386516
ENSSSCG00000032180,131.111920026367,76.7973711062362
ENSSSCG00000034288,52.2580172403716,44.7548457712584
ENSSSCG00000034153,107.156303990115,132.806359381378
ENSSSCG00000008501,0.515174538414014,0.261724244276365
ENSSSCG00000008503,7.69541966755934,9.98291046025564
ENSSSCG00000008504,45.142168928528,782.14420943104
ENSSSCG00000008509,36.7383842706494,23.1065118518277
ENSSSCG00000008510,100.104852495573,69.7308165107744
ENSSSCG00000008512,19.3834420078273,18.0215836773154
ENSSSCG00000008518,45.657343466942,38.8099665084096
ENSSSCG00000008517,34.3879004391354,34.7719353110028
ENSSSCG00000008516,37.9941222080335,32.9024764233145
ENSSSCG00000008515,36.9315747225546,28.3783859151087
ENSSSCG00000008521,0.450777721112262,0.673005199567796
ENSSSCG00000034092,15.8416170562309,24.1160196511793
ENSSSCG00000032054,30.1377104972198,25.2376949837923
ENSSSCG00000025271,4.5399756197735,1.45817793239689
ENSSSCG00000007645,10.5288796288364,1.42078875464312
ENSSSCG00000007646,28.7209805165813,36.6413941986911
ENSSSCG00000007647,30.1377104972198,34.9214920220178
ENSSSCG00000007648,18.417489748301,11.9271477034515
ENSSSCG00000007649,8.72576874438736,3.73891777537664
ENSSSCG00000007650,1.9963013363543,1.64512382116572
ENSSSCG00000007656,0.740563398970145,2.43029655399482
ENSSSCG00000026653,1.22353952873328,0.299113422030131
ENSSSCG00000007659,2.44707905746657,2.20596148747222
ENSSSCG00000023680,91.829861472298,134.189758958268
ENSSSCG00000007652,17.1939502195677,17.2738001222401
ENSSSCG00000062010,7.4700308070032,9.23512690518031
ENSSSCG00000025164,63.0122857297641,172.326720267109
ENSSSCG00000030337,16.4211884119467,19.3302048986972
ENSSSCG00000007664,23.2794494545833,96.052797649426
ENSSSCG00000030469,10.367887585582,2.91635586479378
ENSSSCG00000007665,1.83530929309993,0.747783555075329
ENSSSCG00000046279,13.5233316333679,12.1140935922203
ENSSSCG00000007667,65.8135472823903,94.8937331390592
ENSSSCG00000025096,12.975958686303,5.7953225518338
ENSSSCG00000027466,216.791885446347,214.651269484373
ENSSSCG00000032076,16.4855852292484,10.5063589488084
ENSSSCG00000023255,34.2913052131828,35.8936106436158
ENSSSCG00000060053,6.4074833215243,1.64512382116572
ENSSSCG00000007671,2.6724679180227,0.972118621597927
ENSSSCG00000037616,13.1047523209065,9.23512690518031
ENSSSCG00000007669,167.753709071063,349.177531042425
ENSSSCG00000007668,164.050892076213,122.187832899309
ENSSSCG00000007672,29.7191311847584,30.8460716468573
ENSSSCG00000008137,57.5385562591152,52.6065730995494
ENSSSCG00000007674,9.36973691740488,11.1793641483762
ENSSSCG00000008138,75.6984587382092,25.7611434723451
ENSSSCG00000021359,16.3245931859941,9.5716295049642
ENSSSCG00000028020,32.423797511432,28.8644452259077
ENSSSCG00000062995,12.6217761911433,9.64640786047174
ENSSSCG00000056264,2.18949178825956,1.53295628790442
ENSSSCG00000007675,134.331760891454,165.48450073817
ENSSSCG00000056488,0.257587269207007,0.52344848855273
ENSSSCG00000023619,57.4419610331626,48.0450934135899
ENSSSCG00000061594,0.482976129763138,0.0747783555075329
ENSSSCG00000055898,6.72946740803306,2.01901559870339
ENSSSCG00000052409,0.643968173017518,0.149556711015066
ENSSSCG00000053345,0.386380903810511,0.859951088336628
ENSSSCG00000027486,22.6354812815657,20.7136044755866
ENSSSCG00000034266,30.8138770788882,63.7485480701718
ENSSSCG00000048711,1.77091247579817,2.39290737624105
ENSSSCG00000024789,181.760016834194,184.964262347883
ENSSSCG00000030303,0.450777721112262,0.299113422030131
ENSSSCG00000034347,45.7217402842437,59.074900850951
ENSSSCG00000025698,63.9782379892904,99.4552128250187
ENSSSCG00000021145,44.1440182603508,56.3828800526798
ENSSSCG00000039053,0.418579312461386,0.149556711015066
ENSSSCG00000028879,110.376144855203,151.987007569061
ENSSSCG00000033982,29.1073614203918,34.2858760002038
ENSSSCG00000038901,1.83530929309993,2.01901559870339
ENSSSCG00000038938,62.3039207394448,130.450841182891
ENSSSCG00000054316,35.0640670208038,28.6401101593851
ENSSSCG00000058972,2.25388860556131,3.85108530863794
ENSSSCG00000007678,4.25018994191562,7.73955979502965
ENSSSCG00000030485,0.54737294706489,0.149556711015066
ENSSSCG00000063463,12.9437602776521,41.0533171736355
ENSSSCG00000041835,4.34678516786824,8.00128403930602
ENSSSCG00000042876,0.643968173017518,0.149556711015066
ENSSSCG00000055109,0.128793634603504,0.710394377321562
ENSSSCG00000041121,1.12694430278066,1.00950779935169
ENSSSCG00000048179,12.0100064267767,3.36502599783898
ENSSSCG00000045545,6.72946740803306,1.86945888768832
ENSSSCG00000032549,40.8597805779615,58.4766740068907
ENSSSCG00000049539,0.482976129763138,0.0747783555075329
ENSSSCG00000052744,0.386380903810511,15.4417304123055
ENSSSCG00000049698,1.38453157198766,0.411280955291431
ENSSSCG00000033217,0.321984086508759,0.224335066522599
ENSSSCG00000044546,0.965952259526276,0.411280955291431
ENSSSCG00000054166,3.34863449969109,1.34601039913559
ENSSSCG00000056486,7.11584831184357,5.2344848855273
ENSSSCG00000054210,1.57772202389292,0.336502599783898
ENSSSCG00000062155,4.15359471596299,0.673005199567796
ENSSSCG00000040260,4.25018994191562,17.9094161440541
ENSSSCG00000058897,0.901555442224525,0.560837666306496
ENSSSCG00000061281,0.54737294706489,0.486059310798964
ENSSSCG00000053751,1.96410292770343,0.785172732829095
ENSSSCG00000057179,46.2369148226578,51.1110059893987
ENSSSCG00000037652,2.47927746611744,1.60773464341196
ENSSSCG00000060739,0.772761807621021,0.747783555075329
ENSSSCG00000046214,24.4385921660148,15.2173953457829
ENSSSCG00000018712,0.676166581668393,2.20596148747222
ENSSSCG00000038479,0.579571355715766,0
ENSSSCG00000052306,2.47927746611744,0.785172732829095
ENSSSCG00000008118,37.2535588090634,42.4741059282787
ENSSSCG00000031787,3.12324563913496,1.75729135442702
ENSSSCG00000036748,1.09474589412978,0.598226844060263
ENSSSCG00000008117,20.1884022240992,14.0583308354162
ENSSSCG00000031072,20.7357751711641,14.3574442574463
ENSSSCG00000008113,33.9049243093723,30.3226231583046
ENSSSCG00000008143,51.4852554327505,62.3277593155286
ENSSSCG00000008124,0.676166581668393,0.149556711015066
ENSSSCG00000037580,10.0459034990733,7.36566801749199
ENSSSCG00000008127,249.344476592383,386.940600573729
ENSSSCG00000039523,29.8479248193619,33.5754816228823
ENSSSCG00000008130,69.0977849647796,84.4995417235121
ENSSSCG00000008121,0.54737294706489,0.224335066522599
ENSSSCG00000063462,54.0289297161697,94.4076738282602
ENSSSCG00000008132,85.4223781507737,137.666952489368
ENSSSCG00000008119,2.28608701421219,0.411280955291431
ENSSSCG00000034154,26.6924807715761,54.7003670537603
ENSSSCG00000008136,124.092666940476,206.051758601007
ENSSSCG00000008141,3.41303131699284,2.91635586479378
ENSSSCG00000028944,0.418579312461386,0.822561910582861
ENSSSCG00000055794,0.579571355715766,0.112167533261299
ENSSSCG00000008115,15.1332520659117,6.54310610690912
ENSSSCG00000059997,77.5981648486109,294.738888232941
ENSSSCG00000008111,25.5655364687954,25.9480893611139
ENSSSCG00000023050,76.0848396420197,87.6402326548285
ENSSSCG00000008079,243.323374174669,225.195017610935
ENSSSCG00000008080,95.0497023373856,124.468572742288
ENSSSCG00000008123,40.5699949001036,59.4114034507349
ENSSSCG00000035971,1.35233316333679,1.34601039913559
ENSSSCG00000037106,0.386380903810511,0.972118621597927
ENSSSCG00000008144,62.0785318788887,64.832834225031
ENSSSCG00000008147,24.7605762525235,23.7047386958879
ENSSSCG00000035390,29.2361550549953,20.6388261200791
ENSSSCG00000024636,44.7557880247175,67.5622442010559
ENSSSCG00000008001,23.1506558199798,69.0952004889604
ENSSSCG00000008002,14.3926886669415,13.9835524799086
ENSSSCG00000008003,28.3989964300725,26.9949863382194
ENSSSCG00000038296,5.66691992255415,7.10394377321562
ENSSSCG00000008134,10.110300316375,2.16857230971845
ENSSSCG00000050615,67.0370868111236,11.2915316816375
ENSSSCG00000008135,33.5507418142127,17.3859676555014
ENSSSCG00000008004,32.5847895546864,48.1198717690974
ENSSSCG00000008006,8.08180057136985,8.07606239481355
ENSSSCG00000008007,46.7198909524209,61.3182515161769
ENSSSCG00000007988,18.0955056617922,25.5368084058225
ENSSSCG00000008008,65.7169520564377,103.829746622209
ENSSSCG00000032501,8.04960216271897,12.7123204362806
ENSSSCG00000007998,9.91710986446977,25.4246408725612
ENSSSCG00000062928,59.0840798743572,40.1559769075451
ENSSSCG00000007991,112.275850965604,30.3600123360583
ENSSSCG00000037970,2.35048383151394,7.36566801749199
ENSSSCG00000008009,42.2121137412983,59.4114034507349
ENSSSCG00000008010,9.01555442224525,6.05704679611016
ENSSSCG00000008000,88.7710126504648,71.1516052654175
ENSSSCG00000008103,19.2224499645729,20.7136044755866
ENSSSCG00000008105,53.9967313075188,44.0070622161831
ENSSSCG00000033106,0.965952259526276,0.785172732829095
ENSSSCG00000057606,34.0015195353249,47.7833691693135
ENSSSCG00000008423,28.9141709684865,29.2009478256916
ENSSSCG00000008106,1.83530929309993,0.972118621597927
ENSSSCG00000007995,10.5610780374873,32.5285846457768
ENSSSCG00000008394,0.9337538508754,1.42078875464312
ENSSSCG00000032188,10.8508637153452,8.15084075032108
ENSSSCG00000008395,9.40193532605576,7.21611130647692
ENSSSCG00000037013,2.09289656230693,3.36502599783898
ENSSSCG00000033792,34.4844956650881,54.1769185652076
ENSSSCG00000007992,77.6303632572617,86.443778966708
ENSSSCG00000040786,446.946110482808,952.713638343722
ENSSSCG00000007993,76.0848396420197,88.6497404541802
ENSSSCG00000008410,7.14804672049445,1.57034546565819
ENSSSCG00000035854,70.6755069886726,66.5153472239505
ENSSSCG00000007987,28.7209805165813,18.8067564101445
ENSSSCG00000007986,2.41488064881569,1.86945888768832
ENSSSCG00000007985,134.138570439549,181.374901283521
ENSSSCG00000007984,67.0692852197745,113.66310037145
ENSSSCG00000023204,72.4786178731216,95.2302357388431
ENSSSCG00000053662,0.418579312461386,0.0747783555075329
ENSSSCG00000007980,28.8175757425339,34.3232651779576
ENSSSCG00000008396,3.76721381215248,3.81369613088418
ENSSSCG00000008397,72.7362051423286,28.4531642706163
ENSSSCG00000054274,9.85271304716802,7.47783555075329
ENSSSCG00000038804,1.38453157198766,1.49556711015066
ENSSSCG00000007981,41.5681455682808,45.8765211038714
ENSSSCG00000007978,0.9337538508754,21.5361663861695
ENSSSCG00000031882,21.7661242479921,8.52473252785875
ENSSSCG00000007977,0.0965952259526276,1.75729135442702
ENSSSCG00000008398,116.944620219981,77.9938247943568
ENSSSCG00000008400,28.7209805165813,26.3219811386516
ENSSSCG00000008406,15.1010536572608,3.58936106436158
ENSSSCG00000007866,3.96040426405773,19.4049832542048
ENSSSCG00000007859,2.86565836992795,0
ENSSSCG00000007861,1.83530929309993,0.299113422030131
ENSSSCG00000007982,30.3952977664268,35.9309998213695
ENSSSCG00000037399,11.2372446191557,5.19709570777353
ENSSSCG00000007968,106.480137408447,92.3138798740493
ENSSSCG00000008404,25.5655364687954,14.6939468572302
ENSSSCG00000007962,38.2195110685897,43.5583920831379
ENSSSCG00000007823,0.772761807621021,1.34601039913559
ENSSSCG00000007970,38.380503111844,40.1559769075451
ENSSSCG00000007973,7.88861011946459,2.28073984297975
ENSSSCG00000007826,27.0466632667357,28.8270560481539
ENSSSCG00000039712,0.54737294706489,0.448670133045197
ENSSSCG00000007851,1.12694430278066,0.149556711015066
ENSSSCG00000008066,8.79016556168911,2.80418833153248
ENSSSCG00000031876,32.7779800065916,13.6844390578785
ENSSSCG00000008068,103.067106091454,115.121278303847
ENSSSCG00000046747,53.8679376729153,36.342280776661
ENSSSCG00000034617,725.880924625346,385.258087574809
ENSSSCG00000008402,32.9067736411951,6.84221952893926
ENSSSCG00000008069,42.6628914624105,21.1622746086318
ENSSSCG00000008070,1.89970611040168,1.00950779935169
ENSSSCG00000032007,188.811468328736,183.506084415486
ENSSSCG00000034607,46.3657084572613,16.7877408114411
ENSSSCG00000008073,16.3567915946449,5.38404159654237
ENSSSCG00000008072,36.9637731312055,5.7953225518338
ENSSSCG00000028549,49.7787397742541,34.8841028442641
ENSSSCG00000030204,18.675077017508,22.3587282967523
ENSSSCG00000027166,66.0067377342956,64.3093857364782
ENSSSCG00000028185,15.9704106908344,24.8264140285009
ENSSSCG00000022237,3.7350154035016,3.47719353110028
ENSSSCG00000008077,22.313497195057,24.1534088289331
ENSSSCG00000063184,6.69726899938218,3.14069093131638
ENSSSCG00000026559,6.92265785993831,1.42078875464312
ENSSSCG00000025772,0.257587269207007,0.598226844060263
ENSSSCG00000047493,0.643968173017518,0.373891777537664
ENSSSCG00000008122,6.69726899938218,4.71103639697457
ENSSSCG00000061624,5.82791196580853,19.367594076451
ENSSSCG00000056080,14.2316966236871,15.0678386347679
ENSSSCG00000050063,2.15729337960868,2.35551819848728
ENSSSCG00000062885,1.48112679794029,0.747783555075329
ENSSSCG00000044588,14.006307763131,9.5716295049642
ENSSSCG00000057504,6.50407854747693,0.598226844060263
ENSSSCG00000052853,0.515174538414014,0.373891777537664
ENSSSCG00000058096,0.804960216271897,0.710394377321562
ENSSSCG00000063437,0.450777721112262,0.0747783555075329
ENSSSCG00000061655,7.72761807621021,4.37453379719067
ENSSSCG00000063058,0.611769764366642,0.112167533261299
ENSSSCG00000051661,0.708364990319269,0.373891777537664
ENSSSCG00000061277,0.772761807621021,0.224335066522599
ENSSSCG00000058293,0.772761807621021,0.0747783555075329
ENSSSCG00000048319,0.321984086508759,0.224335066522599
ENSSSCG00000061349,0.321984086508759,0.299113422030131
ENSSSCG00000047084,1.0625474854789,1.53295628790442
ENSSSCG00000058363,7.69541966755934,13.609660702371
ENSSSCG00000058966,2.12509497095781,0.822561910582861
ENSSSCG00000055055,1.03034907682803,0.598226844060263
ENSSSCG00000041715,23.8268224016482,9.6837970382255
ENSSSCG00000059465,2.76906314397533,1.38339957688936
ENSSSCG00000062887,1.25573793738416,0.710394377321562
ENSSSCG00000008125,12.4929825565398,6.16921432937146
ENSSSCG00000007979,87.2898858525245,64.9076125805385
ENSSSCG00000007864,65.4915631958815,53.9151943209312
ENSSSCG00000034720,13.6843236766222,7.10394377321562
ENSSSCG00000025203,34.5166940737389,36.2301132433997
ENSSSCG00000052142,11.4304350710609,12.7870987917881
ENSSSCG00000024206,25.9841157812568,16.6007949226723
ENSSSCG00000023829,44.9167800679718,19.2554265431897
ENSSSCG00000029212,26.4348935023691,37.3517885760127
ENSSSCG00000007868,2.15729337960868,8.37517581684368
ENSSSCG00000033674,11.3982366624101,4.48670133045197
ENSSSCG00000034827,25.0503619303814,11.5532559259138
ENSSSCG00000040637,0.160992043254379,6.28138186263276
ENSSSCG00000034655,13.6843236766222,11.4036992148988
ENSSSCG00000026748,15.1010536572608,10.244634704532
ENSSSCG00000022200,5.50592787929978,20.0405992760188
ENSSSCG00000040943,24.3097985314113,44.1192297494444
ENSSSCG00000032531,352.8945588136,664.368299506676
ENSSSCG00000010794,19.705426094336,19.8162642094962
ENSSSCG00000010795,33.0033688671478,70.441210888096
ENSSSCG00000040265,94.3413373470663,158.081443542924
ENSSSCG00000010797,38.7668840156546,45.5400185040875
ENSSSCG00000060815,0.321984086508759,0.673005199567796
ENSSSCG00000010798,86.0985447324421,75.4139715293469
ENSSSCG00000035768,471.835480369935,293.430267011559
ENSSSCG00000010799,53.8679376729153,61.3182515161769
ENSSSCG00000007872,3.89600744675598,5.3466524187886
ENSSSCG00000028923,11.7846175662206,43.1471111278465
ENSSSCG00000007836,10.7864668980434,17.6850810775315
ENSSSCG00000030424,7.3412371723997,11.5906451036676
ENSSSCG00000007838,0.482976129763138,0.411280955291431
ENSSSCG00000039171,42.5662962364579,63.8607156034331
ENSSSCG00000007881,8.4037846578786,10.2072455267782
ENSSSCG00000030373,197.150856169313,184.964262347883
ENSSSCG00000027967,3.41303131699284,2.57985326500988
ENSSSCG00000032340,17.9345136185379,16.97468670021
ENSSSCG00000007840,39.5396458232756,33.5007032673747
ENSSSCG00000007839,54.3187153940276,119.047141967992
ENSSSCG00000007842,14.0707045804328,4.48670133045197
ENSSSCG00000025266,120.550841988879,46.3999695924241
ENSSSCG00000031629,11.3660382537592,7.36566801749199
ENSSSCG00000026686,3.76721381215248,2.65463162051742
ENSSSCG00000007845,67.970840661999,90.7061452306373
ENSSSCG00000007853,5.69911833120503,8.00128403930602
ENSSSCG00000007854,8.56477670113298,17.6476918997778
ENSSSCG00000007855,20.2849974500518,9.64640786047174
ENSSSCG00000035000,2.8012615526262,1.86945888768832
ENSSSCG00000034074,2.99445200453146,1.30862122138182
ENSSSCG00000007857,3.41303131699284,0.859951088336628
ENSSSCG00000024748,50.068525452112,32.0051361572241
ENSSSCG00000007847,4.73316607167875,0
ENSSSCG00000039080,21.4119417528325,18.2085295660842
ENSSSCG00000008637,35.4826463332652,18.5076429881144
ENSSSCG00000033193,0.321984086508759,3.40241517559274
ENSSSCG00000008638,299.928176582909,258.209661567511
ENSSSCG00000008648,10.625474854789,12.487985369758
ENSSSCG00000008647,15.551831378373,35.856221465862
ENSSSCG00000008641,28.2058059781673,32.5285846457768
ENSSSCG00000008640,52.2258188317207,72.3106697757843
ENSSSCG00000008624,18.3852913396501,25.5368084058225
ENSSSCG00000025483,145.150426198148,50.5127791453384
ENSSSCG00000039057,0.482976129763138,0.448670133045197
ENSSSCG00000008659,48.2010177503612,41.2776522401581
ENSSSCG00000008635,22.4744892383114,50.2884440788158
ENSSSCG00000027121,140.481656943771,302.328891316955
ENSSSCG00000003663,27.9482187089603,102.820238822858
ENSSSCG00000026068,3.21984086508759,9.94552128250187
ENSSSCG00000008664,454.094157203303,1298.4513650328
ENSSSCG00000026161,30.5240914010303,20.7883828310941
ENSSSCG00000008629,51.1632713462418,22.6204525410287
ENSSSCG00000007848,10.2712923596294,0.149556711015066
ENSSSCG00000008644,151.396917476418,173.859676555014
ENSSSCG00000008645,123.609690810712,203.359737802736
ENSSSCG00000008631,13.23354595551,15.2173953457829
ENSSSCG00000031741,19.9952117721939,9.04818101641148
ENSSSCG00000023908,4.95855493223489,4.11280955291431
ENSSSCG00000008344,18.8682674694133,30.6965149358422
ENSSSCG00000040267,64.8797934315149,43.9322838606756
ENSSSCG00000038643,16.4533868205976,16.8625191669487
ENSSSCG00000008633,335.346426098872,429.152982257731
ENSSSCG00000008358,236.75489880989,191.619535988053
ENSSSCG00000038148,0.386380903810511,0.52344848855273
ENSSSCG00000008346,52.3868108749751,18.1711403883305
ENSSSCG00000008347,7.40563398970145,8.37517581684368
ENSSSCG00000008348,3.70281699485073,2.69202079827118
ENSSSCG00000008389,32.7779800065916,22.9195659630588
ENSSSCG00000008634,2.73686473532445,254.209019547858
ENSSSCG00000008349,3.63842017754897,4.63625804146704
ENSSSCG00000036115,63.5274602681781,87.1915625217833
ENSSSCG00000007849,343.041845766432,380.547051177835
ENSSSCG00000008646,38.9600744675598,23.8916845846567
ENSSSCG00000007850,114.400945936562,34.3232651779576
ENSSSCG00000008392,2.35048383151394,0.747783555075329
ENSSSCG00000063178,6.76166581668393,8.11345157256731
ENSSSCG00000039337,4.25018994191562,7.17872212872315
ENSSSCG00000050347,6.82606263398569,8.18822992807485
ENSSSCG00000061795,5.15174538414014,2.43029655399482
ENSSSCG00000036880,65.3305711526272,82.2935802360399
ENSSSCG00000042386,12.2997921046346,15.9651789008583
ENSSSCG00000045906,3.7350154035016,7.62739226176835
ENSSSCG00000008352,25.1791555649849,21.5361663861695
ENSSSCG00000008353,22.3778940123587,15.9651789008583
ENSSSCG00000039331,42.0833201066948,21.6483339194308
ENSSSCG00000020799,57.5385562591152,64.832834225031
ENSSSCG00000044627,12.2353952873328,8.56212170561251
ENSSSCG00000008359,198.181205246141,165.821003337954
ENSSSCG00000027324,59.5992544127713,61.7669216492221
ENSSSCG00000008360,95.7902657363557,60.1217978280564
ENSSSCG00000029313,41.6003439769316,34.3606543557113
ENSSSCG00000028282,5.73131673985591,16.5260165671648
ENSSSCG00000037002,30.2665041318233,62.7764294485738
ENSSSCG00000008363,90.4775283089612,111.38236052847
ENSSSCG00000008642,63.2376745903202,101.960287734521
ENSSSCG00000008357,57.1843737639556,51.0736168116449
ENSSSCG00000039161,52.0326283798154,25.8359218278526
ENSSSCG00000030005,27.8516234830076,29.2009478256916
ENSSSCG00000028947,48.780589106077,45.5026293263337
ENSSSCG00000027509,40.988574212565,39.221247463701
ENSSSCG00000008368,73.412371723997,105.998318931928
ENSSSCG00000025751,82.3635293289405,421.8994817735
ENSSSCG00000057114,2.86565836992795,1.30862122138182
ENSSSCG00000008372,34.9996702035021,26.247202783144
ENSSSCG00000026713,13.7165220852731,6.69266281792419
ENSSSCG00000008374,41.9223280634404,23.5551819848728
ENSSSCG00000008376,15.2298472918643,15.2173953457829
ENSSSCG00000008377,177.606422118231,222.502996812664
ENSSSCG00000008378,19.6410292770343,9.53424032721044
ENSSSCG00000028228,165.725209326058,135.49838017965
ENSSSCG00000023539,36.6417890446968,125.665026430409
ENSSSCG00000029570,92.1518455588068,129.067441606002
ENSSSCG00000055311,2.57587269207007,0.934729443844161
ENSSSCG00000053005,1.32013475468591,0.411280955291431
ENSSSCG00000040277,2.25388860556131,0.747783555075329
ENSSSCG00000060576,4.15359471596299,1.15906451036676
ENSSSCG00000059216,9.98150668177152,8.33778663908991
ENSSSCG00000048192,0.225388860556131,1.04689697710546
ENSSSCG00000042534,0.772761807621021,0.822561910582861
ENSSSCG00000045283,0.901555442224525,0.448670133045197
ENSSSCG00000008382,67.5844597581885,92.6129932960794
ENSSSCG00000008383,24.3097985314113,16.1521247896271
ENSSSCG00000008384,0.386380903810511,0.261724244276365
ENSSSCG00000008386,28.4955916560252,10.8428615485923
ENSSSCG00000053455,1.12694430278066,2.01901559870339
ENSSSCG00000008385,13.5877284506696,6.54310610690912
ENSSSCG00000020736,3.7350154035016,0.52344848855273
ENSSSCG00000062269,0.482976129763138,0.261724244276365
ENSSSCG00000008388,11.9134112008241,4.37453379719067
ENSSSCG00000008326,1.77091247579817,1.19645368812053
ENSSSCG00000026446,39.6362410492282,36.0057781768771
ENSSSCG00000024776,52.3546124663242,26.9575971604656
ENSSSCG00000029790,46.3979068659121,65.0197801137998
ENSSSCG00000023409,122.869127411742,60.346132894579
ENSSSCG00000008332,14.521482301545,15.8904005453507
ENSSSCG00000056128,200.402895443051,287.747111992986
ENSSSCG00000008334,10.7864668980434,11.6654234591751
ENSSSCG00000025674,19.7376245029869,16.2269031451346
ENSSSCG00000008335,23.0540605940271,45.6895752151026
ENSSSCG00000008336,220.913281753659,1300.32082392049
ENSSSCG00000008337,33.0033688671478,75.3391931738393
ENSSSCG00000025007,25.5655364687954,17.9468053218079
ENSSSCG00000008339,78.1455377956758,171.317212467758
ENSSSCG00000008340,96.8528132218346,143.05099408591
ENSSSCG00000055468,5.3449358360454,4.18758790842184
ENSSSCG00000044541,72.3498242385181,25.4246408725612
ENSSSCG00000041317,4.12139630731211,1.68251299891949
ENSSSCG00000058462,0.354182495159635,0.52344848855273
ENSSSCG00000042126,0.225388860556131,0.598226844060263
ENSSSCG00000042714,0.772761807621021,0.224335066522599
ENSSSCG00000059383,0.708364990319269,0.299113422030131
ENSSSCG00000049122,3.92820585540686,4.97276064125094
ENSSSCG00000038001,22.4100924210096,14.731336034984
ENSSSCG00000034129,13.2979427728117,17.7972486107928
ENSSSCG00000008549,20.2527990414009,26.733262093943
ENSSSCG00000008548,7.79201489351196,10.4689697710546
ENSSSCG00000008546,31.7798293384145,34.3606543557113
ENSSSCG00000039695,6.2786896869208,3.55197188660781
ENSSSCG00000008545,36.2554081408862,20.975328719863
ENSSSCG00000028672,8.21059420597335,2.69202079827118
ENSSSCG00000029305,10.5288796288364,2.61724244276365
ENSSSCG00000026367,183.691921353247,107.830388641862
ENSSSCG00000040062,33.2931545450057,30.8834608246111
ENSSSCG00000022454,132.174467511845,199.845155093882
ENSSSCG00000007682,5.95670560041204,4.52409050820574
ENSSSCG00000042324,24.9859651130797,33.9493734004199
ENSSSCG00000023912,87.7084651649859,202.537175892153
ENSSSCG00000029300,11.9134112008241,28.1914400263399
ENSSSCG00000007687,23.9556160362517,52.2326813220117
ENSSSCG00000007688,47.202867082184,51.1110059893987
ENSSSCG00000027890,64.2358252584974,75.3018039960856
ENSSSCG00000007695,26.1451078245112,10.244634704532
ENSSSCG00000057287,0.740563398970145,0.336502599783898
ENSSSCG00000025430,26.724679180227,40.1559769075451
ENSSSCG00000036391,4.95855493223489,1.68251299891949
ENSSSCG00000007692,158.738154648818,297.954357519765
ENSSSCG00000039962,81.8161563818756,275.67040757852
ENSSSCG00000037567,0.0643968173017518,1.30862122138182
ENSSSCG00000032250,5.50592787929978,5.42143077429613
ENSSSCG00000044322,0.901555442224525,0.299113422030131
ENSSSCG00000058633,0.611769764366642,0.299113422030131
ENSSSCG00000061475,1.93190451905255,1.71990217667326
ENSSSCG00000042815,0.579571355715766,1.19645368812053
ENSSSCG00000008089,5.66691992255415,9.16034854967277
ENSSSCG00000008094,16.7753709071063,17.5729135442702
ENSSSCG00000008098,42.1155185153456,44.1566189271982
ENSSSCG00000008097,23.601433541092,26.5463162051742
ENSSSCG00000032288,90.1555442224525,110.48502026238
ENSSSCG00000026465,47.1706686735332,53.6534700766548
ENSSSCG00000025224,6.63287218208043,5.49620912980367
ENSSSCG00000061381,1.12694430278066,0.560837666306496
ENSSSCG00000008412,70.0637372243059,65.1319476470611
ENSSSCG00000008413,0.965952259526276,0.822561910582861
ENSSSCG00000008414,81.204386617509,94.931122316813
ENSSSCG00000008415,25.1791555649849,20.6762152978328
ENSSSCG00000037577,1.77091247579817,2.43029655399482
ENSSSCG00000035256,7.4700308070032,6.84221952893926
ENSSSCG00000027454,0.611769764366642,0.897340266090394
ENSSSCG00000029752,18.4818865656028,5.9074900850951
ENSSSCG00000029509,17.1617518109168,7.62739226176835
ENSSSCG00000027970,7.92080852811547,5.0101498190047
ENSSSCG00000054721,37.9619237993827,31.2573526021487
ENSSSCG00000027946,174.322184435842,213.267869907484
ENSSSCG00000027629,58.7620957878485,75.7878633068845
ENSSSCG00000029186,1.60992043254379,0.299113422030131
ENSSSCG00000040888,6.76166581668393,8.03867321705978
ENSSSCG00000052107,15.8738154648818,16.7503516336874
ENSSSCG00000031967,141.705196472505,143.125772441418
ENSSSCG00000030122,21.3475449355307,18.6198105213757
ENSSSCG00000032921,29.8801232280128,23.7047386958879
ENSSSCG00000034635,0.579571355715766,0.149556711015066
ENSSSCG00000037075,0.515174538414014,0.0747783555075329
ENSSSCG00000037193,1.89970611040168,1.15906451036676
ENSSSCG00000046707,7.95300693676634,3.81369613088418
ENSSSCG00000032556,241.230477612362,538.927608142789
ENSSSCG00000036817,70.3535229021638,55.7846532086195
ENSSSCG00000034774,14.4570854842433,14.880892745999
ENSSSCG00000035430,65.2983727439763,118.299358412917
ENSSSCG00000021811,7.3412371723997,14.9930602792603
ENSSSCG00000040682,87.2254890352228,263.818038230576
ENSSSCG00000038055,18.7072754261589,13.0114338583107
ENSSSCG00000033744,28.4955916560252,28.6774993371389
ENSSSCG00000035561,13.748720493924,13.3105472803408
ENSSSCG00000021557,68.0352374793007,77.7694897278342
ENSSSCG00000022778,20.5747831279097,18.2085295660842
ENSSSCG00000040162,147.436513212361,34.098930111435
ENSSSCG00000039300,0.321984086508759,0.186945888768832
ENSSSCG00000033623,10.2068955423277,4.37453379719067
ENSSSCG00000036603,42.4375026018544,43.857505505168
ENSSSCG00000034927,169.84660563337,297.991746697518
ENSSSCG00000021845,177.92840620474,167.877408114411
ENSSSCG00000007803,68.5504120177147,93.9963928729688
ENSSSCG00000007804,55.6710485573644,50.7745033896148
ENSSSCG00000007805,0.804960216271897,0.186945888768832
ENSSSCG00000007806,39.8938283184352,43.4462245498766
ENSSSCG00000007807,1.25573793738416,0.0747783555075329
ENSSSCG00000007808,13.5233316333679,14.9556711015066
ENSSSCG00000060929,16.5177836378993,2.50507490950235
ENSSSCG00000007812,74.1207367143163,123.459064942937
ENSSSCG00000007811,59.7924448646765,75.7878633068845
ENSSSCG00000057915,12.203196878682,7.02916541770809
ENSSSCG00000007700,71.4160703876427,81.3588507921958
ENSSSCG00000007705,66.1999281862008,80.0128403930602
ENSSSCG00000007704,26.46709191102,15.2547845235367
ENSSSCG00000027342,126.539745997942,161.782972140547
ENSSSCG00000007708,21.3475449355307,26.6210945606817
ENSSSCG00000007709,31.2646548000005,40.0811985520376
ENSSSCG00000007710,4.99075334088576,1.49556711015066
ENSSSCG00000033358,35.1284638381056,46.8112505477156
ENSSSCG00000054170,9.40193532605576,11.2915316816375
ENSSSCG00000007772,8.37158624922773,12.2262611254816
ENSSSCG00000007715,64.3646188931009,94.9685114945667
ENSSSCG00000035928,129.469801185172,499.145523012782
ENSSSCG00000007718,154.938742428015,679.249192252675
ENSSSCG00000007717,5.37713424469627,22.9195659630588
ENSSSCG00000025858,83.4260768144194,128.880495717233
ENSSSCG00000030378,25.7909253293516,38.3239071976106
ENSSSCG00000025966,346.132892996916,297.393519853458
ENSSSCG00000028504,55.9930326438731,65.7301744911214
ENSSSCG00000007719,37.5755428955721,36.2301132433997
ENSSSCG00000007720,34.2591068045319,28.1914400263399
ENSSSCG00000007721,374.338698975083,462.504128814091
ENSSSCG00000007722,10.5932764461382,10.5437481265621
ENSSSCG00000028635,55.6710485573644,66.7022931127193
ENSSSCG00000007723,27.1754569013392,33.9119842226661
ENSSSCG00000024045,39.3142569627194,29.0140019369227
ENSSSCG00000027487,26.3060998677656,18.5450321658681
ENSSSCG00000008193,0.869357033573649,1.15906451036676
ENSSSCG00000008194,77.1473871274986,76.7973711062362
ENSSSCG00000008195,68.1640311139042,130.525619538399
ENSSSCG00000008196,1.09474589412978,0.635616021814029
ENSSSCG00000008197,93.5041787221435,79.9380620375526
ENSSSCG00000058741,25.6299332860972,32.1173036904854
ENSSSCG00000008200,16.1314027340888,14.0583308354162
ENSSSCG00000008201,78.338728247581,109.064231507737
ENSSSCG00000008202,32.0052181989706,85.5464387006176
ENSSSCG00000008513,86.8391081314122,102.371568689812
ENSSSCG00000036197,0.54737294706489,0.52344848855273
ENSSSCG00000059538,2.64026950937182,2.46768573174858
ENSSSCG00000052716,26.5636871369726,15.366952056798
ENSSSCG00000035747,53.2561679085487,79.8258945042913
ENSSSCG00000061799,4.44338039382087,2.84157750928625
ENSSSCG00000026939,51.9682315625137,101.84812020126
ENSSSCG00000025022,3.79941222080335,0.448670133045197
ENSSSCG00000040434,53.8357392642645,86.593335677723
ENSSSCG00000056654,0.289785677857883,1.04689697710546
ENSSSCG00000062489,0.386380903810511,0.224335066522599
ENSSSCG00000036224,20.8001719884658,71.3759403319401
ENSSSCG00000008207,35.28945588136,33.1642006675908
ENSSSCG00000008208,38.5736935637493,53.9899726764387
ENSSSCG00000007713,69.0655865561288,52.980464877087
ENSSSCG00000020555,1.15914271143153,0.598226844060263
ENSSSCG00000025565,76.020442824718,141.480648620252
ENSSSCG00000007873,0.579571355715766,0.224335066522599
ENSSSCG00000007874,58.6655005618958,37.5387344647815
ENSSSCG00000056244,2.73686473532445,0.822561910582861
ENSSSCG00000037673,54.3831122113294,54.9247021202829
ENSSSCG00000049172,1.48112679794029,2.80418833153248
ENSSSCG00000007878,40.6665901260562,35.220605444048
ENSSSCG00000040412,29.5903375501549,24.8638032062547
ENSSSCG00000025106,57.4419610331626,61.2808623384232
ENSSSCG00000023294,50.5515015818751,35.3327729773093
ENSSSCG00000008213,0.515174538414014,0.897340266090394
ENSSSCG00000008217,3.09104723048408,5.08492817451223
ENSSSCG00000045267,1.25573793738416,1.12167533261299
ENSSSCG00000036354,0.611769764366642,0
ENSSSCG00000027135,119.198508825543,198.162642094962
ENSSSCG00000038626,36.834979496602,33.6502599783898
ENSSSCG00000025363,105.739574009476,167.279181270351
ENSSSCG00000023140,39.5718442319265,52.4196272107805
ENSSSCG00000037201,5.95670560041204,8.44995417235121
ENSSSCG00000039557,0.160992043254379,0.710394377321562
ENSSSCG00000021534,14.4570854842433,263.257200564269
ENSSSCG00000028978,60.8549923501554,97.0623054487776
ENSSSCG00000022058,70.9330942578796,73.1706208641209
ENSSSCG00000008550,99.879463635017,240.03852117918
ENSSSCG00000027409,5.86011037445941,8.71167841662758
ENSSSCG00000008553,47.0096766302788,112.204922439053
ENSSSCG00000008554,4.47557880247175,4.74842557472834
ENSSSCG00000008555,13.23354595551,18.3206970993455
ENSSSCG00000008556,31.7798293384145,38.8847448639171
ENSSSCG00000008557,122.096365604121,107.381718508817
ENSSSCG00000056865,22.1525051518026,21.1622746086318
ENSSSCG00000008558,65.0729838834202,59.224457561966
ENSSSCG00000008559,158.094186475801,162.418588162361
ENSSSCG00000029185,33.8727259007214,36.0805565323846
ENSSSCG00000023378,23.086259002678,29.8739530252594
ENSSSCG00000036192,48.4908034282191,61.2060839829156
ENSSSCG00000039719,40.2802092222457,33.463314089621
ENSSSCG00000031432,160.863249619776,279.14760110962
ENSSSCG00000027288,28.012615526262,85.7333845893864
ENSSSCG00000035090,277.067306440787,477.571967448859
ENSSSCG00000047832,2.38268224016482,2.46768573174858
ENSSSCG00000033377,23.5370367237903,13.5722715246172
ENSSSCG00000000146,236.626105175287,352.093886907218
ENSSSCG00000040479,42.6306930537597,22.6204525410287
ENSSSCG00000029168,118.103762931413,160.063069963874
ENSSSCG00000025321,191.483936246759,195.283675407922
ENSSSCG00000021285,46.3013116399595,45.6895752151026
ENSSSCG00000052755,2.86565836992795,2.84157750928625
ENSSSCG00000031365,2.12509497095781,1.12167533261299
ENSSSCG00000008668,15.3264425178169,13.1983797470795
ENSSSCG00000034517,40.730986943358,32.6407521790381
ENSSSCG00000034768,41.8257328374878,28.3783859151087
ENSSSCG00000032705,12.4285857392381,20.1527668092801
ENSSSCG00000007592,69.1943801907323,100.838612401908
ENSSSCG00000007593,0.643968173017518,0.486059310798964
ENSSSCG00000024245,2.31828542286306,2.84157750928625
ENSSSCG00000007590,22.9252669594236,18.731978054637
ENSSSCG00000007589,17.3227438541712,7.73955979502965
ENSSSCG00000025940,36.1910113235845,35.4449405105706
ENSSSCG00000007596,0.386380903810511,0.149556711015066
ENSSSCG00000025629,2.86565836992795,4.15019873066807
ENSSSCG00000031088,724.786178731216,404.737849184522
ENSSSCG00000025305,55.3812628795065,62.0286458934985
ENSSSCG00000029161,65.2983727439763,74.1801286634726
ENSSSCG00000024665,64.33242048445,139.312076310534
ENSSSCG00000028755,28.527790064676,37.6882911757966
ENSSSCG00000056353,3.15544404778584,1.75729135442702
ENSSSCG00000063431,0.579571355715766,2.39290737624105
ENSSSCG00000032798,80.7536088963967,95.4171816276119
ENSSSCG00000008560,1.28793634603504,1.64512382116572
ENSSSCG00000038543,7.27684035509795,2.84157750928625
ENSSSCG00000008562,57.0877785380029,92.0895448075267
ENSSSCG00000008563,0.386380903810511,0.598226844060263
ENSSSCG00000008565,5.79571355715766,0.673005199567796
ENSSSCG00000007743,125.509396921114,174.270957510305
ENSSSCG00000007744,5.82791196580853,5.15970653001977
ENSSSCG00000007745,9.04775283089612,13.3479364580946
ENSSSCG00000020808,164.727058657881,199.13476071656
ENSSSCG00000007748,128.278460065089,665.60214237255
ENSSSCG00000036659,87.5474731217315,144.770896262584
ENSSSCG00000007749,16.871966133059,28.49055344837
ENSSSCG00000029029,13.8453157198766,5.87010090734133
ENSSSCG00000007753,22.6354812815657,24.1534088289331
ENSSSCG00000035952,32.8101784152425,39.6699175967462
ENSSSCG00000025245,10.1424987250259,18.3580862770993
ENSSSCG00000036789,18.0311088444905,12.0767044144666
ENSSSCG00000007757,0.0643968173017518,2.69202079827118
ENSSSCG00000040811,6.92265785993831,25.4994192280687
ENSSSCG00000030798,303.66319198641,283.148243129273
ENSSSCG00000007760,0.611769764366642,0.560837666306496
ENSSSCG00000038600,97.013805265089,232.859799050457
ENSSSCG00000031247,41.1817646644703,49.4284929904792
ENSSSCG00000007763,67.3590708976323,105.02620031033
ENSSSCG00000057004,54.9626835670451,62.4773160265437
ENSSSCG00000007765,5.86011037445941,3.66413941986911
ENSSSCG00000026817,23.7624255843464,27.5558240045259
ENSSSCG00000007767,10.4322844028838,13.4601039913559
ENSSSCG00000007768,28.6243852906287,28.9018344036615
ENSSSCG00000021238,5.53812628795065,4.59886886371327
ENSSSCG00000032369,35.28945588136,33.6502599783898
ENSSSCG00000007782,56.0574294611749,69.469092266498
ENSSSCG00000007770,38.7346856070037,43.221889483354
ENSSSCG00000028186,53.964532898868,43.3340570166153
ENSSSCG00000007774,5.37713424469627,15.4043412345518
ENSSSCG00000007776,24.7605762525235,33.3137573786059
ENSSSCG00000055147,15.4230377437695,2.80418833153248
ENSSSCG00000007754,13.8131173112258,9.30990526068784
ENSSSCG00000008081,2.18949178825956,2.01901559870339
ENSSSCG00000021704,6.4074833215243,5.42143077429613
ENSSSCG00000032834,17.1617518109168,10.6559156598234
ENSSSCG00000008090,4.02480108135948,10.9176399040998
ENSSSCG00000008096,31.4256468432549,14.9182819237528
ENSSSCG00000008099,9.079951239547,5.122317352266
ENSSSCG00000008101,9.75611782121539,7.51522472850705
ENSSSCG00000026954,57.0233817207012,47.1477531474995
ENSSSCG00000007735,40.4412012655001,55.7846532086195
ENSSSCG00000040985,21.1221560749746,22.2091715857373
ENSSSCG00000007737,26.5958855456235,52.4196272107805
ENSSSCG00000032119,54.9304851583942,72.9836749753521
ENSSSCG00000007738,25.2757507909376,38.2117396643493
ENSSSCG00000007739,89.3183855975297,56.831550185725
ENSSSCG00000028513,36.1588129149336,56.831550185725
ENSSSCG00000058993,0.579571355715766,0.710394377321562
ENSSSCG00000054116,6.85826104263656,1.08428615485923
ENSSSCG00000049720,1.7387140671473,2.39290737624105
ENSSSCG00000057985,0.482976129763138,0.710394377321562
ENSSSCG00000048074,5.15174538414014,0.673005199567796
ENSSSCG00000019364,0.386380903810511,0.112167533261299
ENSSSCG00000063000,3.28423768238934,0.822561910582861
ENSSSCG00000039214,0.740563398970145,0
ENSSSCG00000051586,0.869357033573649,0.52344848855273
ENSSSCG00000050566,1.09474589412978,0.149556711015066
ENSSSCG00000058915,5.95670560041204,0.972118621597927
ENSSSCG00000063426,9.337538508754,4.29975544168314
ENSSSCG00000062023,0.54737294706489,0.448670133045197
ENSSSCG00000037890,27.7872266657059,41.464598128927
ENSSSCG00000006173,0.9337538508754,0.52344848855273
ENSSSCG00000006172,14.1994982150363,107.045215909033
ENSSSCG00000006171,1.15914271143153,1.12167533261299
ENSSSCG00000035887,22.6354812815657,12.6749312585268
ENSSSCG00000038500,63.0122857297641,130.413452005137
ENSSSCG00000050559,0.676166581668393,0.224335066522599
ENSSSCG00000006174,2.02849974500518,2.05640477645715
ENSSSCG00000006175,8.53257829248211,2.35551819848728
ENSSSCG00000005961,2.54367428341919,2.16857230971845
ENSSSCG00000021628,15.8094186475801,11.4036992148988
ENSSSCG00000006176,38.2195110685897,29.7617854919981
ENSSSCG00000006177,38.7024871983528,37.8378478868116
ENSSSCG00000006179,32.5203927373846,53.9151943209312
ENSSSCG00000006089,60.178825768487,134.862764157835
ENSSSCG00000006090,21.6695290220395,14.2826659019388
ENSSSCG00000005987,25.9197189639551,11.852369347944
ENSSSCG00000055783,35.9978208716792,30.9208500023648
ENSSSCG00000006132,0.708364990319269,0.710394377321562
ENSSSCG00000006115,3.79941222080335,5.2344848855273
ENSSSCG00000056684,92.4738296453155,158.642281209231
ENSSSCG00000006183,7.2124435377962,4.8979822857434
ENSSSCG00000021586,32.938972049846,40.7542037516054
ENSSSCG00000006184,36.1588129149336,20.7136044755866
ENSSSCG00000006185,1.09474589412978,0.224335066522599
ENSSSCG00000028759,49.8431365915559,55.0742588312979
ENSSSCG00000006186,7.18024512914532,1.04689697710546
ENSSSCG00000006187,0.643968173017518,0.822561910582861
ENSSSCG00000040728,0.482976129763138,0.299113422030131
ENSSSCG00000005959,39.5396458232756,29.9487313807669
ENSSSCG00000005965,120.067865859116,30.4347906915659
ENSSSCG00000005967,120.132262676418,312.536136843734
ENSSSCG00000006138,29.5903375501549,66.9266281792419
ENSSSCG00000006003,117.62078680165,181.524457994536
ENSSSCG00000029324,0.128793634603504,0.560837666306496
ENSSSCG00000006199,20.3815926760044,30.2104556250433
ENSSSCG00000027762,0.676166581668393,0.0747783555075329
ENSSSCG00000006200,4.668769254377,2.69202079827118
ENSSSCG00000006120,31.4578452519057,9.60901868271797
ENSSSCG00000057079,0.869357033573649,1.49556711015066
ENSSSCG00000006153,6.69726899938218,6.31877104038653
ENSSSCG00000006201,185.65602428095,202.836289314183
ENSSSCG00000005994,332.67395818085,590.74900850951
ENSSSCG00000005995,5.28053901874364,2.24335066522599
ENSSSCG00000006168,23.9234176276008,36.7909509097062
ENSSSCG00000006121,2.6724679180227,1.27123204362806
ENSSSCG00000006159,59.3094687349134,28.8270560481539
ENSSSCG00000005996,16.7753709071063,15.4791195900593
ENSSSCG00000034242,12.5895777824925,5.72054419632626
ENSSSCG00000040180,21.540735387436,45.8765211038714
ENSSSCG00000033669,29.04296460309,56.0837666306496
ENSSSCG00000005997,214.956576153247,317.508897484985
ENSSSCG00000006126,62.1429286961904,57.6167229185541
ENSSSCG00000032111,1200.87184904307,1060.88052958537
ENSSSCG00000006140,31.6188372951601,49.0172120351878
ENSSSCG00000032228,5.6025231052524,1.98162642094962
ENSSSCG00000006127,32.9067736411951,10.7680831930847
ENSSSCG00000006202,56.7657944514942,19.9658209205113
ENSSSCG00000006156,133.687792718437,168.288689069703
ENSSSCG00000021184,13.4589348160661,13.9835524799086
ENSSSCG00000024096,14.7146727534503,21.4987772084157
ENSSSCG00000049630,23.6658303583938,24.3777438954557
ENSSSCG00000006135,76.020442824718,95.6789058718883
ENSSSCG00000047247,2.41488064881569,1.04689697710546
ENSSSCG00000006001,107.671478528529,47.4468665695296
ENSSSCG00000006160,4.99075334088576,1.57034546565819
ENSSSCG00000006136,22.571084464264,17.610302722024
ENSSSCG00000052833,10.7220700807417,9.04818101641148
ENSSSCG00000006161,1.67431724984555,1.19645368812053
ENSSSCG00000006137,44.2084150776526,89.4723023647631
ENSSSCG00000006002,19.2224499645729,11.7775909924364
ENSSSCG00000034398,63.9460395806395,21.8352798081996
ENSSSCG00000039549,29.04296460309,16.4512382116572
ENSSSCG00000006093,5.89230878311029,8.71167841662758
ENSSSCG00000037755,7.85641171081371,4.8979822857434
ENSSSCG00000006151,10.5932764461382,8.89862430539641
ENSSSCG00000034321,323.207626037492,349.32708775344
ENSSSCG00000036569,13.1369507295574,23.8169062291492
ENSSSCG00000006095,4.99075334088576,1.42078875464312
ENSSSCG00000005969,72.7040067336777,74.3296853744877
ENSSSCG00000006096,35.4504479246143,20.8631611866017
ENSSSCG00000025980,10.625474854789,13.0862122138182
ENSSSCG00000024780,9.8849114558189,8.37517581684368
ENSSSCG00000021284,3.54182495159635,4.7858147524821
ENSSSCG00000006098,9.53072896065926,8.78645677213511
ENSSSCG00000005938,7.43783239835233,10.6185264820697
ENSSSCG00000006169,2.86565836992795,2.09379395421092
ENSSSCG00000006099,107.220700807417,142.078875464312
ENSSSCG00000005939,1.09474589412978,0
ENSSSCG00000005970,20.2206006327501,133.255029514424
ENSSSCG00000005971,45.8183355101964,33.0146439565758
ENSSSCG00000005941,4.02480108135948,14.8435035682453
ENSSSCG00000033791,25.3723460168902,22.2839499412448
ENSSSCG00000005975,65.0729838834202,117.663742391103
ENSSSCG00000006100,85.8087590545842,75.8626416623921
ENSSSCG00000005944,81.0755929829055,55.6724856753582
ENSSSCG00000024290,2.09289656230693,0.52344848855273
ENSSSCG00000040681,0.579571355715766,0.448670133045197
ENSSSCG00000005976,51.6462474760049,70.7029351323723
ENSSSCG00000005946,2.31828542286306,2.31812902073352
ENSSSCG00000006105,21.3153465268798,11.4410883926525
ENSSSCG00000006106,1.09474589412978,60.3835220723328
ENSSSCG00000030603,8.33938784057685,4.52409050820574
ENSSSCG00000024412,75.8916491901144,90.4818101641147
ENSSSCG00000006107,35.4504479246143,38.9595232194246
ENSSSCG00000040731,19.1580531472711,15.4791195900593
ENSSSCG00000006143,3.09104723048408,7.10394377321562
ENSSSCG00000006108,35.2572574727091,15.4791195900593
ENSSSCG00000005955,76.0848396420197,101.84812020126
ENSSSCG00000052227,8.2749910232751,4.41192297494444
ENSSSCG00000006203,51.3242633894962,31.36952013541
ENSSSCG00000024424,95.2428927892908,112.877927638621
ENSSSCG00000006145,25.5333380601446,11.2541425038837
ENSSSCG00000005979,2.6724679180227,117.215072258058
ENSSSCG00000006204,1.25573793738416,0.149556711015066
ENSSSCG00000006146,33.7439322661179,2.80418833153248
ENSSSCG00000006110,45.399756197735,26.9202079827118
ENSSSCG00000049935,0.193190451905255,0.411280955291431
ENSSSCG00000006205,0.643968173017518,0.112167533261299
ENSSSCG00000037963,11.1728478018539,2.69202079827118
ENSSSCG00000035521,0.837158624922773,0.448670133045197
ENSSSCG00000037733,14.0385061717819,5.42143077429613
ENSSSCG00000006206,11.4626334797118,9.08557019416524
ENSSSCG00000005981,63.7528491287342,26.5463162051742
ENSSSCG00000046234,0.611769764366642,9.7959645714868
ENSSSCG00000006209,31.135861165397,27.1445430492344
ENSSSCG00000027872,2.54367428341919,0.972118621597927
ENSSSCG00000057538,0.54737294706489,0
ENSSSCG00000051130,0.257587269207007,0.710394377321562
ENSSSCG00000042179,20.4137910846553,9.72118621597927
ENSSSCG00000006213,3.89600744675598,6.87960870669302
ENSSSCG00000005982,63.559658676829,87.1541733440295
ENSSSCG00000053707,0.450777721112262,0.0747783555075329
ENSSSCG00000005983,18.932664286715,7.66478143952212
ENSSSCG00000058595,1.9963013363543,0.224335066522599
ENSSSCG00000056523,0.482976129763138,0.149556711015066
ENSSSCG00000021744,11.2694430278066,8.00128403930602
ENSSSCG00000053596,10.3356891769312,3.06591257580885
ENSSSCG00000006218,3.21984086508759,2.24335066522599
ENSSSCG00000049444,15.4552361524204,4.18758790842184
ENSSSCG00000040208,0.837158624922773,2.39290737624105
ENSSSCG00000005984,32.3915991027811,29.6870071364905
ENSSSCG00000006219,31.1036627567461,42.9601652390776
ENSSSCG00000022989,5.98890400906291,5.38404159654237
ENSSSCG00000006220,32.2306070595268,23.5551819848728
ENSSSCG00000022092,1.22353952873328,1.75729135442702
ENSSSCG00000042468,0.579571355715766,0.224335066522599
ENSSSCG00000006155,84.6174179345018,131.497738159997
ENSSSCG00000006214,20.6713783538623,15.6286763010744
ENSSSCG00000058295,0.418579312461386,0.336502599783898
ENSSSCG00000061321,8.9511576049435,5.83271172958756
ENSSSCG00000005943,58.7298973791976,23.7795170513954
ENSSSCG00000054758,2.35048383151394,2.24335066522599
ENSSSCG00000005948,0.579571355715766,0.0747783555075329
ENSSSCG00000006162,24.8571714784762,7.88911650604472
ENSSSCG00000047133,0.772761807621021,0.785172732829095
ENSSSCG00000044016,6.05330082636466,2.16857230971845
ENSSSCG00000018868,0.611769764366642,0.149556711015066
ENSSSCG00000005949,3.79941222080335,0.972118621597927
ENSSSCG00000053919,5.66691992255415,0.112167533261299
ENSSSCG00000046151,9.98150668177152,3.36502599783898
ENSSSCG00000005950,41.1817646644703,36.6413941986911
ENSSSCG00000006163,16.2601963686923,8.44995417235121
ENSSSCG00000006000,43.6932405392386,34.24848682245
ENSSSCG00000005951,0.515174538414014,0.52344848855273
ENSSSCG00000058888,4.12139630731211,4.37453379719067
ENSSSCG00000005952,34.0015195353249,13.5348823468634
ENSSSCG00000031717,0.676166581668393,0
ENSSSCG00000034277,0.257587269207007,0.635616021814029
ENSSSCG00000005880,34.4522972564372,29.7617854919981
ENSSSCG00000036160,64.2358252584974,58.4392848291369
ENSSSCG00000034031,85.2935845161702,78.0312139721105
ENSSSCG00000005893,12.0744032440785,11.5906451036676
ENSSSCG00000029830,928.56990708261,785.770959673155
ENSSSCG00000005890,23.5370367237903,20.9379395421092
ENSSSCG00000035123,15.4552361524204,23.0691226740739
ENSSSCG00000022161,87.9016556168911,29.7243963142443
ENSSSCG00000005894,69.3875706426375,78.2929382163869
ENSSSCG00000005895,12.3641889219363,9.98291046025564
ENSSSCG00000030451,23.5370367237903,41.3150414179119
ENSSSCG00000025736,7.69541966755934,4.71103639697457
ENSSSCG00000005930,14.8756647967047,14.8061143904915
ENSSSCG00000030831,21.3153465268798,23.6299603403804
ENSSSCG00000038397,101.006407937798,195.65756718546
ENSSSCG00000005899,36.062217688981,25.8359218278526
ENSSSCG00000005901,98.8169161495381,117.775909924364
ENSSSCG00000005902,1.03034907682803,0.598226844060263
ENSSSCG00000026924,17.7091247579817,6.46832775140159
ENSSSCG00000053131,7.2124435377962,14.4696117907076
ENSSSCG00000027076,32.5525911460355,65.5806177801063
ENSSSCG00000005935,13.4267364074152,19.3302048986972
ENSSSCG00000005933,43.3390580440789,30.3974015138121
ENSSSCG00000005934,52.7409933701347,69.1325896667141
ENSSSCG00000025116,34.5166940737389,26.1350352498827
ENSSSCG00000005904,65.2339759266745,169.298196869054
ENSSSCG00000005905,0.482976129763138,2.76679915377872
ENSSSCG00000056391,14.2960934409889,11.2915316816375
ENSSSCG00000046182,35.804630419774,29.0513911146765
ENSSSCG00000005907,40.6665901260562,100.202996380094
ENSSSCG00000005908,27.8516234830076,40.3803119740677
ENSSSCG00000005909,33.3575513623074,31.6686335574402
ENSSSCG00000005910,4.21799153326474,2.65463162051742
ENSSSCG00000005918,20.0596085894957,28.2288292040937
ENSSSCG00000005917,45.0455737025754,75.6756957736232
ENSSSCG00000005920,53.4171599518031,61.467808227192
ENSSSCG00000034551,1.83530929309993,1.42078875464312
ENSSSCG00000006879,46.7842877697227,24.7142464952396
ENSSSCG00000005924,132.915030910816,167.578294692381
ENSSSCG00000026590,22.1847035604535,27.5558240045259
ENSSSCG00000030947,26.0163141899077,38.6977989751483
ENSSSCG00000005916,41.503748750979,12.2262611254816
ENSSSCG00000005915,95.4360832411961,126.824090940776
ENSSSCG00000005914,30.7494802615865,35.7814431103545
ENSSSCG00000031918,86.7747113141105,145.967349950704
ENSSSCG00000005912,134.331760891454,174.532681754582
ENSSSCG00000006950,123.738484445316,77.7321005500804
ENSSSCG00000005925,16.8075693157572,19.1058698321746
ENSSSCG00000005911,40.5699949001036,73.2080100418747
ENSSSCG00000023745,12.4285857392381,18.245918743838
ENSSSCG00000005922,1.41672998063854,0.486059310798964
ENSSSCG00000005923,0.386380903810511,0.673005199567796
ENSSSCG00000032796,38.0907174339862,92.3138798740493
ENSSSCG00000039094,479.01572549908,991.411437318871
ENSSSCG00000040735,13.2979427728117,79.2276676602311
ENSSSCG00000025691,58.9552862397537,48.7554877909114
ENSSSCG00000026772,4.70096766302788,3.81369613088418
ENSSSCG00000006947,30.3952977664268,37.1274535094901
ENSSSCG00000062085,20.6391799452114,18.3580862770993
ENSSSCG00000038025,56.0574294611749,48.3068176578662
ENSSSCG00000038800,157.418019894132,289.990462658212
ENSSSCG00000038253,63.302071407622,45.614796859595
ENSSSCG00000039466,119.166310416892,146.789911861287
ENSSSCG00000038417,44.7235896160666,61.6547541159608
ENSSSCG00000006917,17.129553402266,12.8244879695419
ENSSSCG00000047605,37.092566765809,28.7148885148926
ENSSSCG00000036509,32.2950038768285,18.1711403883305
ENSSSCG00000037101,3.57402336024722,2.80418833153248
ENSSSCG00000022032,46.4623036832139,54.9247021202829
ENSSSCG00000030125,148.627854332443,181.935738949827
ENSSSCG00000058619,2.44707905746657,1.60773464341196
ENSSSCG00000030801,13.8775141285275,6.43093857364783
ENSSSCG00000034987,2.89785677857883,2.16857230971845
ENSSSCG00000039854,17.8379183925852,100.502109802124
ENSSSCG00000006885,18.0633072531414,15.5912871233206
ENSSSCG00000062656,1.48112679794029,0.972118621597927
ENSSSCG00000006930,105.095605836459,117.813299102118
ENSSSCG00000006887,294.325653477656,421.00214150741
ENSSSCG00000063342,0.354182495159635,0.710394377321562
ENSSSCG00000006933,2.73686473532445,0.261724244276365
ENSSSCG00000006888,46.3013116399595,39.2586366414547
ENSSSCG00000046806,1.25573793738416,0.336502599783898
ENSSSCG00000047210,0.998150668177152,1.30862122138182
ENSSSCG00000051090,8.53257829248211,6.61788446241666
ENSSSCG00000062147,26.8534728148305,13.759217413386
ENSSSCG00000041166,1.03034907682803,0.411280955291431
ENSSSCG00000049098,0.740563398970145,0.897340266090394
ENSSSCG00000058709,12.9115618690012,7.44044637299952
ENSSSCG00000048678,0.869357033573649,0.448670133045197
ENSSSCG00000060918,0.450777721112262,0.785172732829095
ENSSSCG00000058460,1.0625474854789,0.822561910582861
ENSSSCG00000054699,0.482976129763138,0
ENSSSCG00000059334,4.25018994191562,2.87896668704001
ENSSSCG00000006923,16.9041645417098,11.0298074373611
ENSSSCG00000040582,6.79386422533481,1.19645368812053
ENSSSCG00000042798,11.0440541672504,14.4322226129538
ENSSSCG00000047438,0.901555442224525,2.24335066522599
ENSSSCG00000055353,2.22169019691044,0.598226844060263
ENSSSCG00000006932,1.09474589412978,0.186945888768832
ENSSSCG00000024973,27.0466632667357,30.1730664472895
ENSSSCG00000006936,35.6436383765196,7.77694897278342
ENSSSCG00000006925,49.038176375284,40.6046470405903
ENSSSCG00000031738,5.50592787929978,3.85108530863794
ENSSSCG00000006939,22.7964733248201,26.3967594941591
ENSSSCG00000006926,22.3778940123587,27.8923266043098
ENSSSCG00000006940,15.9704106908344,23.2934577405965
ENSSSCG00000006927,62.0463334702378,54.7003670537603
ENSSSCG00000028310,52.3868108749751,46.9981964364844
ENSSSCG00000006897,7.2124435377962,2.50507490950235
ENSSSCG00000040439,53.4815567691048,32.7529197122994
ENSSSCG00000006898,25.6299332860972,14.731336034984
ENSSSCG00000006900,12.2675936959837,4.15019873066807
ENSSSCG00000006899,1239.70312987602,600.395416369981
ENSSSCG00000006901,44.3050103036052,36.0805565323846
ENSSSCG00000006902,0.515174538414014,0.598226844060263
ENSSSCG00000006903,25.2435523822867,13.4974931691097
ENSSSCG00000006904,10.2712923596294,4.41192297494444
ENSSSCG00000035196,13.3301411814626,10.0950779935169
ENSSSCG00000006911,56.2184215044293,88.9862430539641
ENSSSCG00000027251,20.1562038154483,9.19773772742654
ENSSSCG00000006912,10.4322844028838,4.29975544168314
ENSSSCG00000022534,56.7657944514942,31.8929686239628
ENSSSCG00000052408,2.64026950937182,0.448670133045197
ENSSSCG00000060336,2.9300551872297,5.98226844060263
ENSSSCG00000055484,11.7202207489188,19.2180373654359
ENSSSCG00000042787,7.01925308589094,8.48734335010498
ENSSSCG00000057986,0.450777721112262,0.673005199567796
ENSSSCG00000056423,0.9337538508754,1.90684806544209
ENSSSCG00000063107,5.3449358360454,3.29024764233145
ENSSSCG00000051442,1.77091247579817,1.57034546565819
ENSSSCG00000056565,0.418579312461386,0.0747783555075329
ENSSSCG00000058148,1.32013475468591,0.224335066522599
ENSSSCG00000062190,1.35233316333679,1.08428615485923
ENSSSCG00000053687,0.354182495159635,0.52344848855273
ENSSSCG00000049063,0.804960216271897,2.65463162051742
ENSSSCG00000051057,0.515174538414014,0.336502599783898
ENSSSCG00000042741,2.60807110072095,0.859951088336628
ENSSSCG00000059700,7.72761807621021,4.18758790842184
ENSSSCG00000018923,4.28238835056649,2.01901559870339
ENSSSCG00000036331,1.54552361524204,0.448670133045197
ENSSSCG00000028277,1.0625474854789,0.598226844060263
ENSSSCG00000030140,7.75981648486109,4.22497708617561
ENSSSCG00000037254,24.116608079506,20.3771018758027
ENSSSCG00000006857,5.28053901874364,1.86945888768832
ENSSSCG00000006858,1.19134112008241,1.30862122138182
ENSSSCG00000006840,24.5351873919674,26.1724244276365
ENSSSCG00000006841,60.0822305425344,42.735830172555
ENSSSCG00000021440,7.95300693676634,3.47719353110028
ENSSSCG00000006842,0.804960216271897,0.0373891777537664
ENSSSCG00000055828,120.164461085069,76.199144262176
ENSSSCG00000006846,0.965952259526276,0.186945888768832
ENSSSCG00000006850,35.3538526986617,16.5634057449185
ENSSSCG00000006848,37.1891619917616,24.3777438954557
ENSSSCG00000062186,37.4789476696195,23.8169062291492
ENSSSCG00000006852,3.7350154035016,19.6293183207274
ENSSSCG00000029849,48.6517954714734,36.7909509097062
ENSSSCG00000061017,19.1258547386203,14.7687252127377
ENSSSCG00000006860,49.0059779666331,40.8663712848667
ENSSSCG00000006861,7.14804672049445,7.66478143952212
ENSSSCG00000006862,34.9030749775495,32.8276980678069
ENSSSCG00000006864,112.082660513699,76.9469278172513
ENSSSCG00000006865,17.0007597676625,17.5729135442702
ENSSSCG00000006866,49.3923588704436,38.735188152902
ENSSSCG00000006869,6.02110241771379,2.43029655399482
ENSSSCG00000028821,10.0137050904224,3.25285846457768
ENSSSCG00000006870,52.9341838220399,45.0539591932885
ENSSSCG00000006871,140.610450578375,88.3506270321501
ENSSSCG00000006872,25.5011396514937,26.1724244276365
ENSSSCG00000006873,20.4459894933062,19.6667074984811
ENSSSCG00000006874,23.1184574113289,13.0488230360645
ENSSSCG00000006875,0.515174538414014,0.149556711015066
ENSSSCG00000006876,0.837158624922773,1.23384286587429
ENSSSCG00000006877,13.2979427728117,5.64576584081873
ENSSSCG00000006878,27.497440987848,28.6774993371389
ENSSSCG00000062382,0.321984086508759,0.261724244276365
ENSSSCG00000006853,15.1332520659117,18.881534765652
ENSSSCG00000059727,0.643968173017518,0.299113422030131
ENSSSCG00000043670,0.611769764366642,0.261724244276365
ENSSSCG00000060687,0.418579312461386,0.224335066522599
ENSSSCG00000051095,29.1717582376935,6.54310610690912
ENSSSCG00000006845,34.0337179439758,20.1153776315263
ENSSSCG00000006455,0.676166581668393,0.972118621597927
ENSSSCG00000006587,8.50037988383123,6.09443597386393
ENSSSCG00000027322,1.89970611040168,1.04689697710546
ENSSSCG00000006456,1.38453157198766,0.224335066522599
ENSSSCG00000006572,24.3419969400622,24.1160196511793
ENSSSCG00000028553,187.748920843257,137.517395778353
ENSSSCG00000034159,13.5555300420187,17.6476918997778
ENSSSCG00000033585,7.63102285025758,12.3758178364967
ENSSSCG00000006413,0.772761807621021,0.0747783555075329
ENSSSCG00000048076,0.0643968173017518,0.598226844060263
ENSSSCG00000036223,56.0896278698258,21.610944741677
ENSSSCG00000006415,3.38083290834197,0.598226844060263
ENSSSCG00000006567,52.6121997355312,59.710516872765
ENSSSCG00000006568,84.0700449874369,61.6547541159608
ENSSSCG00000006562,41.0207726212159,42.4367167505249
ENSSSCG00000006569,18.4818865656028,13.5722715246172
ENSSSCG00000006571,103.324693360661,155.3520335669
ENSSSCG00000006542,9.337538508754,9.49685114945667
ENSSSCG00000034984,110.63373212441,136.507887979001
ENSSSCG00000006624,43.2102644094754,34.8841028442641
ENSSSCG00000022107,209.579441908551,258.060104856496
ENSSSCG00000006625,59.663651230073,26.8454296272043
ENSSSCG00000031053,160.831051211125,337.960777716295
ENSSSCG00000038991,53.2239694998978,47.3346990362683
ENSSSCG00000006626,92.2484407847594,77.1712628837739
ENSSSCG00000006582,143.894688260764,126.151085741208
ENSSSCG00000006581,183.756318170549,193.37682734248
ENSSSCG00000053832,83.1040927279106,173.784898199506
ENSSSCG00000006578,3.92820585540686,2.91635586479378
ENSSSCG00000006577,3.79941222080335,0.747783555075329
ENSSSCG00000021084,256.23493604367,326.89358110118
ENSSSCG00000006588,0.450777721112262,0.0747783555075329
ENSSSCG00000006627,54.4475090286311,70.4038217103422
ENSSSCG00000039568,61.5633573404747,26.8454296272043
ENSSSCG00000006243,0.515174538414014,160.063069963874
ENSSSCG00000006698,143.186323270445,84.9108226788036
ENSSSCG00000006398,1.35233316333679,0.673005199567796
ENSSSCG00000032887,12.0744032440785,4.15019873066807
ENSSSCG00000006232,139.161522189086,174.719627643351
ENSSSCG00000032846,115.43129501339,185.562489191943
ENSSSCG00000032573,13.6521252679714,9.83335374924057
ENSSSCG00000006233,1.51332520659117,10.9176399040998
ENSSSCG00000028902,156.999440581671,126.898869296283
ENSSSCG00000033922,0.418579312461386,0.112167533261299
ENSSSCG00000034495,0.901555442224525,2.91635586479378
ENSSSCG00000030578,27.5618378051498,37.5387344647815
ENSSSCG00000006260,72.3498242385181,82.1440235250248
ENSSSCG00000006261,111.631882792587,77.4329871280503
ENSSSCG00000042752,13.4589348160661,19.9284317427575
ENSSSCG00000060730,214.441401614833,510.736168116449
ENSSSCG00000006263,30.5240914010303,52.7561298105644
ENSSSCG00000006247,1.12694430278066,0.336502599783898
ENSSSCG00000040470,1080.32100705419,1456.79453282
ENSSSCG00000006236,28.270202795469,12.5627637252655
ENSSSCG00000006237,89.8979569532455,105.100978665837
ENSSSCG00000006457,6.85826104263656,0.822561910582861
ENSSSCG00000006238,5.11954697548926,14.9556711015066
ENSSSCG00000026210,0.321984086508759,0.336502599783898
ENSSSCG00000006239,42.1477169239965,58.9627333176897
ENSSSCG00000036622,2.6724679180227,0.747783555075329
ENSSSCG00000049524,109.023811691866,99.6421587137875
ENSSSCG00000006240,2.73686473532445,7.51522472850705
ENSSSCG00000006235,0.869357033573649,1.38339957688936
ENSSSCG00000024970,57.5063578504643,67.0387957125032
ENSSSCG00000006266,0.740563398970145,0.0747783555075329
ENSSSCG00000006267,175.127144652114,131.609905693258
ENSSSCG00000022190,35.1284638381056,29.2009478256916
ENSSSCG00000006273,35.3860511073126,15.366952056798
ENSSSCG00000006553,187.394738348098,256.452370213084
ENSSSCG00000006274,71.0296894838322,30.0608989140282
ENSSSCG00000006418,36.9315747225546,12.8244879695419
ENSSSCG00000037532,3.21984086508759,0.972118621597927
ENSSSCG00000006423,2.41488064881569,0.747783555075329
ENSSSCG00000006554,58.3113180667362,54.4760319872377
ENSSSCG00000006555,30.9748691221426,13.9461633021549
ENSSSCG00000006556,375.208056008657,667.060320304947
ENSSSCG00000006277,14.6502759361485,5.87010090734133
ENSSSCG00000031503,39.3464553713703,10.9176399040998
ENSSSCG00000006280,15.1332520659117,8.74906759438134
ENSSSCG00000033144,104.290645620187,159.502232297568
ENSSSCG00000025644,1.70651565849642,0.299113422030131
ENSSSCG00000050933,0.482976129763138,0.261724244276365
ENSSSCG00000058048,4.02480108135948,2.95374504254755
ENSSSCG00000025087,50.5515015818751,46.9234180809769
ENSSSCG00000031838,380.939372748513,235.514430670975
ENSSSCG00000006564,77.9523473437705,50.6997250341073
ENSSSCG00000006559,38.5092967464476,27.9297157820635
ENSSSCG00000006560,36.2876065495371,80.7606239481355
ENSSSCG00000006561,90.9927028473752,104.502751821777
ENSSSCG00000031262,763.778451607427,432.555397433324
ENSSSCG00000022784,92.2484407847594,48.4937635466351
ENSSSCG00000006682,29.4937423242023,22.0596148747222
ENSSSCG00000006661,26.5958855456235,31.1451850688874
ENSSSCG00000006230,3.12324563913496,0.897340266090394
ENSSSCG00000006231,62.6903016432553,67.5622442010559
ENSSSCG00000032367,67.5522613495376,74.3670745522414
ENSSSCG00000062171,1.54552361524204,0.336502599783898
ENSSSCG00000044065,0.515174538414014,0.186945888768832
ENSSSCG00000052134,0.54737294706489,0.972118621597927
ENSSSCG00000052708,1.83530929309993,1.19645368812053
ENSSSCG00000058658,1.48112679794029,0.0747783555075329
ENSSSCG00000042589,9.24094328280138,0.112167533261299
ENSSSCG00000055032,1.15914271143153,0.149556711015066
ENSSSCG00000063092,0.54737294706489,0.336502599783898
ENSSSCG00000048200,0.740563398970145,0.598226844060263
ENSSSCG00000046734,29.6225359588058,49.615438879248
ENSSSCG00000060890,54.8338899324416,60.1591870058102
ENSSSCG00000045551,27.5618378051498,53.7282484321624
ENSSSCG00000055986,5.02295174953664,0.747783555075329
ENSSSCG00000026502,24.6639810265709,25.0507490950235
ENSSSCG00000028509,38.8956776502581,34.3980435334651
ENSSSCG00000057277,1.25573793738416,0.673005199567796
ENSSSCG00000060401,2.06069815365606,0.822561910582861
ENSSSCG00000051418,1.03034907682803,0.411280955291431
ENSSSCG00000061949,0.804960216271897,0.0747783555075329
ENSSSCG00000052628,0.676166581668393,0.299113422030131
ENSSSCG00000050435,0.354182495159635,0.186945888768832
ENSSSCG00000006685,1.0625474854789,2.65463162051742
ENSSSCG00000057934,0.386380903810511,0.448670133045197
ENSSSCG00000057091,1.57772202389292,0.224335066522599
ENSSSCG00000056541,13.3301411814626,17.8720269663004
ENSSSCG00000037637,30.2021073145216,32.491195468023
ENSSSCG00000006663,81.0433945742546,86.1446655446778
ENSSSCG00000006664,15.8738154648818,64.0850506699557
ENSSSCG00000006688,17.6125295320291,39.1838582859472
ENSSSCG00000006689,59.0518814657064,89.2479672982405
ENSSSCG00000006665,67.713253392792,95.5293491608732
ENSSSCG00000006666,1.89970611040168,0.52344848855273
ENSSSCG00000006690,10.0137050904224,7.06655459546185
ENSSSCG00000006691,22.1525051518026,19.7788750317424
ENSSSCG00000006667,18.4496881569519,20.9379395421092
ENSSSCG00000047083,2.15729337960868,13.1609905693258
ENSSSCG00000037355,41.2783598904229,40.6046470405903
ENSSSCG00000006678,7.63102285025758,1.57034546565819
ENSSSCG00000006693,10.110300316375,46.586915481193
ENSSSCG00000041677,8.21059420597335,3.51458270885404
ENSSSCG00000006618,0.257587269207007,0.411280955291431
ENSSSCG00000006619,63.7528491287342,42.8479977058163
ENSSSCG00000006694,24.8571714784762,24.0412412956718
ENSSSCG00000006696,20.9611640317202,36.5292266654298
ENSSSCG00000006697,23.5048383151394,13.1609905693258
ENSSSCG00000006620,43.2102644094754,60.0096302947951
ENSSSCG00000006621,83.2972831798159,188.852736834274
ENSSSCG00000006622,84.0056481701352,89.5470807202706
ENSSSCG00000006701,57.6673498937187,67.5996333788097
ENSSSCG00000006702,47.2350654908349,289.878295124951
ENSSSCG00000006703,31.9408213816689,48.6059310798964
ENSSSCG00000060248,2.44707905746657,0.673005199567796
ENSSSCG00000024481,44.1762166690017,40.6046470405903
ENSSSCG00000006628,37.4789476696195,53.9151943209312
ENSSSCG00000030547,66.8438963592183,105.848762220913
ENSSSCG00000031869,55.1558740189504,61.2434731606694
ENSSSCG00000006631,0.643968173017518,0.0747783555075329
ENSSSCG00000006632,20.8323703971167,19.367594076451
ENSSSCG00000020965,17.7091247579817,18.245918743838
ENSSSCG00000006635,23.7624255843464,34.0241517559274
ENSSSCG00000006636,7.30903876374882,11.6654234591751
ENSSSCG00000031881,113.724779354894,233.271080005749
ENSSSCG00000030278,8.04960216271897,12.4505961920042
ENSSSCG00000006639,1.7387140671473,1.15906451036676
ENSSSCG00000006640,1.93190451905255,1.75729135442702
ENSSSCG00000006641,40.2802092222457,54.5508103427452
ENSSSCG00000006642,44.626994390114,40.6794253960979
ENSSSCG00000006643,4.76536448032963,3.02852339805508
ENSSSCG00000006644,100.942011120496,131.310792271228
ENSSSCG00000006645,71.6414592481988,68.19786022287
ENSSSCG00000006646,88.0626476601455,102.408957867566
ENSSSCG00000052889,129.469801185172,54.3264752762226
ENSSSCG00000006648,81.7839579732247,27.1819322269882
ENSSSCG00000006649,0.9337538508754,0.0747783555075329
ENSSSCG00000038558,21.0899576663237,16.3764598561497
ENSSSCG00000049503,0.708364990319269,1.27123204362806
ENSSSCG00000006653,92.4738296453155,101.100336646184
ENSSSCG00000039314,286.501440175494,492.714584439134
ENSSSCG00000006651,14.7146727534503,17.124243411225
ENSSSCG00000029230,29.6869327761076,21.8352798081996
ENSSSCG00000026395,82.1059420597335,87.079394988522
ENSSSCG00000030291,80.4960216271897,84.5743200790197
ENSSSCG00000030119,61.6599525664273,61.8043108269759
ENSSSCG00000052263,29.04296460309,22.3213391189986
ENSSSCG00000038374,6.2786896869208,4.07542037516054
ENSSSCG00000045950,7.08364990319269,6.73005199567796
ENSSSCG00000028297,147.017933899899,149.10804088202
ENSSSCG00000027875,0.0321984086508759,1.15906451036676
ENSSSCG00000035209,112.50123982616,84.4621525457584
ENSSSCG00000043560,4.25018994191562,5.3466524187886
ENSSSCG00000034598,0.579571355715766,0.673005199567796
ENSSSCG00000060759,0.482976129763138,8.37517581684368
ENSSSCG00000055629,0.482976129763138,3.17808010907015
ENSSSCG00000062160,0.128793634603504,1.42078875464312
ENSSSCG00000036239,0.708364990319269,0.972118621597927
ENSSSCG00000049811,28.785377333883,18.8441455878983
ENSSSCG00000046500,0.676166581668393,0.224335066522599
ENSSSCG00000053534,0.54737294706489,0.186945888768832
ENSSSCG00000062509,1.41672998063854,1.04689697710546
ENSSSCG00000055900,28.7531789252322,14.0209416576624
ENSSSCG00000059817,0.579571355715766,0.934729443844161
ENSSSCG00000031264,0.257587269207007,0.560837666306496
ENSSSCG00000006403,0.676166581668393,0.486059310798964
ENSSSCG00000006687,11.6236255229662,8.03867321705978
ENSSSCG00000006717,81.8483547905265,372.134486183237
ENSSSCG00000063017,36.4807970014424,87.6402326548285
ENSSSCG00000006719,0.965952259526276,0.747783555075329
ENSSSCG00000006720,3.96040426405773,5.122317352266
ENSSSCG00000027153,17.4515374887747,21.3492204974006
ENSSSCG00000037808,53.7713424469627,74.7409663297791
ENSSSCG00000006821,42.2765105586,174.457903399074
ENSSSCG00000031125,51.4208586154488,43.0349435945852
ENSSSCG00000006823,2.38268224016482,3.10330175356261
ENSSSCG00000006824,116.139660003709,158.567502853723
ENSSSCG00000006788,7.01925308589094,1.27123204362806
ENSSSCG00000025485,0.54737294706489,0.224335066522599
ENSSSCG00000037772,148.402465471887,144.023112707508
ENSSSCG00000006790,76.9541966755934,67.0387957125032
ENSSSCG00000006791,75.6984587382092,1.86945888768832
ENSSSCG00000057886,5.31273742739452,2.65463162051742
ENSSSCG00000006793,6.08549923501554,6.73005199567796
ENSSSCG00000039977,1.60992043254379,1.00950779935169
ENSSSCG00000023706,24.4385921660148,1.04689697710546
ENSSSCG00000006761,7.3412371723997,4.29975544168314
ENSSSCG00000006762,19.6088308683834,18.5076429881144
ENSSSCG00000038970,1.8675077017508,1.79468053218079
ENSSSCG00000006764,0.804960216271897,0.635616021814029
ENSSSCG00000030154,37.9619237993827,27.8923266043098
ENSSSCG00000006766,24.4707905746657,7.47783555075329
ENSSSCG00000006767,32.3915991027811,30.3974015138121
ENSSSCG00000034581,53.2883663171996,48.1198717690974
ENSSSCG00000006771,0.257587269207007,5.75793337408003
ENSSSCG00000054939,0.869357033573649,0.373891777537664
ENSSSCG00000006774,22.1203067431517,2.80418833153248
ENSSSCG00000006777,155.453916966429,385.445033463578
ENSSSCG00000006776,132.786237276212,193.97505418654
ENSSSCG00000006775,154.198179029045,131.198624737966
ENSSSCG00000006779,19.6088308683834,15.9277897231045
ENSSSCG00000006780,10.2712923596294,15.5538979455668
ENSSSCG00000006781,42.4375026018544,36.6413941986911
ENSSSCG00000026680,6.31088809557167,23.9664629401643
ENSSSCG00000006783,45.0133752939245,36.2301132433997
ENSSSCG00000036030,5.86011037445941,6.61788446241666
ENSSSCG00000006785,54.8338899324416,49.4284929904792
ENSSSCG00000020964,82.3313309202896,87.2289516995371
ENSSSCG00000006035,1.54552361524204,1.12167533261299
ENSSSCG00000006709,168.912851782495,243.852217310065
ENSSSCG00000006023,43.0814707748719,92.1269339852805
ENSSSCG00000006024,29.6869327761076,27.1445430492344
ENSSSCG00000006025,81.5585691126686,34.0615409336812
ENSSSCG00000006730,32.0374166076215,57.1680527855089
ENSSSCG00000006731,4.25018994191562,39.1464691081935
ENSSSCG00000006732,41.5681455682808,45.1661267265498
ENSSSCG00000006733,42.2765105586,49.615438879248
ENSSSCG00000006734,0.611769764366642,0.747783555075329
ENSSSCG00000006735,160.959844845729,183.05741428244
ENSSSCG00000006736,4.34678516786824,7.10394377321562
ENSSSCG00000006031,17.1617518109168,1.57034546565819
ENSSSCG00000006032,39.7972330924826,28.8644452259077
ENSSSCG00000038444,39.7650346838317,21.0874962531243
ENSSSCG00000006029,30.4918929923795,17.9468053218079
ENSSSCG00000006033,253.787856986204,159.876124075105
ENSSSCG00000006742,2.96225359588058,0.859951088336628
ENSSSCG00000006743,8.4037846578786,3.14069093131638
ENSSSCG00000032417,0.482976129763138,1.68251299891949
ENSSSCG00000006748,2.64026950937182,0.972118621597927
ENSSSCG00000036553,8.53257829248211,8.82384594988888
ENSSSCG00000006009,26.1129094158603,37.7630695313041
ENSSSCG00000033577,14.5858791188468,11.1419749706224
ENSSSCG00000006751,8.62917351843473,7.40305719524575
ENSSSCG00000006752,442.856912584147,368.956406074167
ENSSSCG00000006013,20.1884022240992,29.5374504254755
ENSSSCG00000006014,180.214493218952,180.514950195184
ENSSSCG00000030493,10.4644828115347,4.15019873066807
ENSSSCG00000006016,214.441401614833,190.49786065544
ENSSSCG00000006018,52.6765965528329,48.34420683562
ENSSSCG00000032477,81.3009818434616,84.0134824127132
ENSSSCG00000006754,1.03034907682803,0.52344848855273
ENSSSCG00000031031,11.2372446191557,2.99113422030131
ENSSSCG00000006755,1.96410292770343,2.31812902073352
ENSSSCG00000052540,0.418579312461386,0.598226844060263
ENSSSCG00000055502,24.5995842092692,14.9930602792603
ENSSSCG00000006757,28.3345996127708,34.24848682245
ENSSSCG00000045712,86.9357033573649,78.7789975271859
ENSSSCG00000063513,0.611769764366642,0.373891777537664
ENSSSCG00000006760,133.237014997324,162.530755695623
ENSSSCG00000051427,0.708364990319269,0.598226844060263
ENSSSCG00000058011,1.38453157198766,0.0747783555075329
ENSSSCG00000061522,3.63842017754897,0.598226844060263
ENSSSCG00000056581,0.354182495159635,0.224335066522599
ENSSSCG00000059061,7.4700308070032,6.73005199567796
ENSSSCG00000062136,0.901555442224525,0.598226844060263
ENSSSCG00000061133,2.99445200453146,2.01901559870339
ENSSSCG00000042722,0.482976129763138,0
ENSSSCG00000036808,0,0.635616021814029
ENSSSCG00000053482,10.7864668980434,17.6476918997778
ENSSSCG00000063479,12.8471650516995,13.4601039913559
ENSSSCG00000006088,123.802881262618,61.2060839829156
ENSSSCG00000006082,40.1514155876422,56.9437177189863
ENSSSCG00000006037,32.8745752325443,23.5177928071191
ENSSSCG00000006083,204.620886976316,579.644422716641
ENSSSCG00000006084,114.400945936562,104.241027577501
ENSSSCG00000006087,49.1025731925857,29.2757261811991
ENSSSCG00000006066,69.2265785993831,51.5596761224439
ENSSSCG00000027587,41.7291376115351,244.076552376587
ENSSSCG00000021180,19.963013363543,19.4049832542048
ENSSSCG00000053859,0.740563398970145,0.486059310798964
ENSSSCG00000006069,21.6051322047377,17.6476918997778
ENSSSCG00000060790,102.101153831927,69.9925407550508
ENSSSCG00000006071,29.5903375501549,40.1559769075451
ENSSSCG00000006073,36.1588129149336,51.1483951671525
ENSSSCG00000006074,40.1514155876422,39.6699175967462
ENSSSCG00000031917,0.386380903810511,0.560837666306496
ENSSSCG00000031267,21.8627194739447,15.1800061680292
ENSSSCG00000006078,9.36973691740488,15.4417304123055
ENSSSCG00000006079,60.1466273598361,78.3303273941407
ENSSSCG00000050707,0.965952259526276,0.859951088336628
ENSSSCG00000006081,525.188243504436,407.878540115838
ENSSSCG00000006038,10.6898716720908,6.65527364017042
ENSSSCG00000006039,50.068525452112,159.42745394206
ENSSSCG00000006040,2.18949178825956,3.85108530863794
ENSSSCG00000027480,81.1077913915563,64.4589424474933
ENSSSCG00000022479,89.2217903715771,78.7416083494321
ENSSSCG00000036139,18.7072754261589,13.2731581025871
ENSSSCG00000006059,35.1606622467565,240.188077890196
ENSSSCG00000006060,85.6477670113298,87.1167841662758
ENSSSCG00000056174,39.4108521886721,37.7256803535503
ENSSSCG00000006062,327.16803030155,756.083952536665
ENSSSCG00000006063,733.157764980444,322.818160726019
ENSSSCG00000006064,0.257587269207007,0.560837666306496
ENSSSCG00000006065,23.4726399064885,23.1439010295814
ENSSSCG00000033112,8.56477670113298,10.9550290818536
ENSSSCG00000062313,0.257587269207007,0.486059310798964
ENSSSCG00000057171,8.50037988383123,9.34729443844161
ENSSSCG00000057022,0.643968173017518,0.785172732829095
ENSSSCG00000052876,0.386380903810511,0.112167533261299
ENSSSCG00000060670,0.321984086508759,0.411280955291431
ENSSSCG00000062937,0.386380903810511,0.411280955291431
ENSSSCG00000020407,0.321984086508759,0.448670133045197
ENSSSCG00000018501,0.772761807621021,0.486059310798964
ENSSSCG00000006312,4.34678516786824,3.51458270885404
ENSSSCG00000006298,0.643968173017518,0.448670133045197
ENSSSCG00000006396,152.94244109166,72.348058953538
ENSSSCG00000006395,275.071005104433,602.339653613177
ENSSSCG00000037821,87.676266756335,87.8645677213511
ENSSSCG00000047766,8.37158624922773,7.73955979502965
ENSSSCG00000006299,0.515174538414014,1.08428615485923
ENSSSCG00000031617,119.166310416892,145.705625706428
ENSSSCG00000006301,32.4559959200829,34.8093244887565
ENSSSCG00000023957,1.12694430278066,0.336502599783898
ENSSSCG00000030318,91.1214964819787,112.130144083546
ENSSSCG00000006352,1.09474589412978,1.15906451036676
ENSSSCG00000006318,35.1606622467565,24.2655763621944
ENSSSCG00000006319,63.1410793643676,67.5248550233022
ENSSSCG00000035124,4.41118198517,10.8428615485923
ENSSSCG00000031579,7.53442762430496,3.81369613088418
ENSSSCG00000006333,10.625474854789,4.37453379719067
ENSSSCG00000006383,53.4815567691048,52.4944055662881
ENSSSCG00000006374,1.09474589412978,1.49556711015066
ENSSSCG00000006375,1.03034907682803,2.24335066522599
ENSSSCG00000006376,0.515174538414014,0
ENSSSCG00000006378,1.22353952873328,1.90684806544209
ENSSSCG00000006379,6.60067377342955,4.63625804146704
ENSSSCG00000006329,0.386380903810511,0.186945888768832
ENSSSCG00000006381,3.67061858619985,3.10330175356261
ENSSSCG00000006382,0.9337538508754,0.859951088336628
ENSSSCG00000039867,27.8516234830076,23.8916845846567
ENSSSCG00000006282,36.8671779052529,28.8644452259077
ENSSSCG00000037314,99.7506700004135,131.647294871012
ENSSSCG00000006324,128.568245742947,143.649220929971
ENSSSCG00000006325,63.2054761816693,79.4893919045074
ENSSSCG00000006353,0.740563398970145,0.52344848855273
ENSSSCG00000006335,10.1746971336768,62.5520943820512
ENSSSCG00000006336,69.9349435897024,231.214675229292
ENSSSCG00000006337,30.0089168626163,146.341241728242
ENSSSCG00000006321,0.676166581668393,0.299113422030131
ENSSSCG00000006338,15.294244109166,14.3200550796925
ENSSSCG00000006340,96.1444482315154,158.156221898432
ENSSSCG00000006354,7.56662603295583,10.3568022377933
ENSSSCG00000030246,0.193190451905255,0.598226844060263
ENSSSCG00000006283,32.0374166076215,33.7624275116511
ENSSSCG00000006346,125.509396921114,166.120116759984
ENSSSCG00000006284,12.5251809651907,6.69266281792419
ENSSSCG00000006357,19.3834420078273,9.30990526068784
ENSSSCG00000006285,12.5573793738416,6.35616021814029
ENSSSCG00000006358,97.528979803503,128.431825584188
ENSSSCG00000031622,0.579571355715766,0.0373891777537664
ENSSSCG00000006350,7.63102285025758,2.54246408725612
ENSSSCG00000006347,5.40933265334715,2.43029655399482
ENSSSCG00000039073,3.86380903810511,1.53295628790442
ENSSSCG00000006359,4.70096766302788,12.9366555028032
ENSSSCG00000036618,29.7835280020602,24.3029655399482
ENSSSCG00000047932,4.70096766302788,15.0678386347679
ENSSSCG00000053490,0.837158624922773,0.186945888768832
ENSSSCG00000032108,0.708364990319269,0.261724244276365
ENSSSCG00000006344,54.5763026632346,31.4069093131638
ENSSSCG00000006343,0.676166581668393,0.0747783555075329
ENSSSCG00000006345,8.75796715303824,6.43093857364783
ENSSSCG00000006342,78.8861011946459,91.0426478304212
ENSSSCG00000006360,78.4675218821845,115.345613370369
ENSSSCG00000006361,62.3039207394448,24.6768573174858
ENSSSCG00000006362,50.0041286348102,48.34420683562
ENSSSCG00000006363,61.3379684799185,45.0913483710423
ENSSSCG00000006365,51.09887452894,70.7029351323723
ENSSSCG00000037793,37.3823524436669,48.34420683562
ENSSSCG00000055102,28.1414091608655,27.219321404742
ENSSSCG00000038597,10.7864668980434,2.95374504254755
ENSSSCG00000026861,25.5011396514937,26.5089270274204
ENSSSCG00000006372,14.5858791188468,8.56212170561251
ENSSSCG00000006371,82.0737436510826,100.651666513139
ENSSSCG00000006370,31.3290516173022,32.0799145127316
ENSSSCG00000006369,243.258977357367,326.183186723858
ENSSSCG00000006286,0.450777721112262,2.69202079827118
ENSSSCG00000006287,20.8323703971167,9.53424032721044
ENSSSCG00000006288,21.4119417528325,21.1622746086318
ENSSSCG00000006394,91.0249012560261,58.2523389403681
ENSSSCG00000006399,0.965952259526276,0.411280955291431
ENSSSCG00000006289,19.0936563299694,4.29975544168314
ENSSSCG00000006290,13.9097125371784,33.9493734004199
ENSSSCG00000028804,17.4193390801239,3.81369613088418
ENSSSCG00000022396,22.4100924210096,18.731978054637
ENSSSCG00000006294,25.6621316947481,10.6185264820697
ENSSSCG00000006296,159.9294957689,312.124855888442
ENSSSCG00000061621,2.51147587476832,3.14069093131638
ENSSSCG00000035937,32.1018134249233,71.4507186874476
ENSSSCG00000006302,5.6025231052524,4.6736472192208
ENSSSCG00000006303,65.5881584218342,58.8879549621821
ENSSSCG00000006304,24.7283778438727,21.9100581637071
ENSSSCG00000006305,0.740563398970145,0.336502599783898
ENSSSCG00000006306,489.898787623076,370.07808140678
ENSSSCG00000006307,30.4918929923795,17.8720269663004
ENSSSCG00000006308,140.030879222659,248.525864529285
ENSSSCG00000006309,16.0992043254379,24.4151330732095
ENSSSCG00000006310,3.05884882183321,1.60773464341196
ENSSSCG00000006385,159.671908499693,162.979425828668
ENSSSCG00000006386,246.639810265709,357.926598636806
ENSSSCG00000023091,154.133782211743,171.130266578989
ENSSSCG00000006388,116.558239316171,127.310150251575
ENSSSCG00000032164,279.38559186365,499.070744657274
ENSSSCG00000006390,8.2749910232751,5.0101498190047
ENSSSCG00000054190,0.386380903810511,0.747783555075329
ENSSSCG00000006391,9.14434805684875,40.7542037516054
ENSSSCG00000006392,54.3831122113294,83.4152555686529
ENSSSCG00000006393,1.03034907682803,0.598226844060263
ENSSSCG00000031858,0.643968173017518,0
ENSSSCG00000057556,0.579571355715766,0.486059310798964
ENSSSCG00000047157,4.18579312461386,3.96325284189924
ENSSSCG00000053419,11.5270302970136,10.7680831930847
ENSSSCG00000051878,0.354182495159635,0.52344848855273
ENSSSCG00000060231,0.386380903810511,5.7953225518338
ENSSSCG00000055139,1.09474589412978,0.673005199567796
ENSSSCG00000042400,0.386380903810511,0.224335066522599
ENSSSCG00000042114,2.06069815365606,1.64512382116572
ENSSSCG00000059201,56.025231052524,57.3176094965239
ENSSSCG00000042062,1.48112679794029,0.710394377321562
ENSSSCG00000062927,12.8793634603504,19.4049832542048
ENSSSCG00000006474,54.6728978891872,69.469092266498
ENSSSCG00000006477,0.482976129763138,0.0747783555075329
ENSSSCG00000006481,6.34308650422255,4.93537146349717
ENSSSCG00000006480,16.8075693157572,24.3029655399482
ENSSSCG00000006475,19.2224499645729,11.4784775704063
ENSSSCG00000006482,88.6422190158613,117.43940732458
ENSSSCG00000035121,7.59882444160671,12.5627637252655
ENSSSCG00000006487,243.033588496811,274.062672935108
ENSSSCG00000006488,107.510486485275,145.406512284398
ENSSSCG00000006489,3.89600744675598,8.82384594988888
ENSSSCG00000006490,85.4867749680755,133.965423891745
ENSSSCG00000006491,15.8416170562309,11.8149801701902
ENSSSCG00000055767,3.86380903810511,0.859951088336628
ENSSSCG00000052919,25.0825603390323,20.1527668092801
ENSSSCG00000006494,21.6695290220395,43.6331704386454
ENSSSCG00000006495,45.3353593804332,50.9988384561374
ENSSSCG00000006496,227.739344387645,432.779732499846
ENSSSCG00000006497,10.3356891769312,1.79468053218079
ENSSSCG00000039186,32.9067736411951,43.5957812608917
ENSSSCG00000006500,72.2854274212163,88.3132378543963
ENSSSCG00000006501,365.03335887498,420.40391466335
ENSSSCG00000006502,225.002479652321,221.86738079085
ENSSSCG00000006503,0.804960216271897,0.934729443844161
ENSSSCG00000006504,75.9560460074162,46.3625804146704
ENSSSCG00000023991,112.887620729971,95.3424032721044
ENSSSCG00000006506,27.3364489445936,10.6559156598234
ENSSSCG00000006510,110.537136898457,100.838612401908
ENSSSCG00000006157,13.2013475468591,13.123601391572
ENSSSCG00000006508,104.580431298045,119.196698679007
ENSSSCG00000006511,49.810938182905,348.24280159858
ENSSSCG00000006512,63.4952618595272,1394.42938432672
ENSSSCG00000026149,2.02849974500518,2.39290737624105
ENSSSCG00000006518,5.76351514850678,11.852369347944
ENSSSCG00000006519,71.5770624308971,55.8220423863733
ENSSSCG00000006520,53.9001360815662,128.35704722868
ENSSSCG00000006521,17.0007597676625,16.1895139673809
ENSSSCG00000006522,120.647437214832,176.850810775315
ENSSSCG00000006523,3.89600744675598,5.75793337408003
ENSSSCG00000006524,23.6658303583938,31.7434119129477
ENSSSCG00000006525,55.7032469660153,128.693549828464
ENSSSCG00000006526,6.98705467724007,4.11280955291431
ENSSSCG00000006527,55.9608342352223,86.4063897889542
ENSSSCG00000054149,11.0118557585996,22.9569551408126
ENSSSCG00000006529,33.3575513623074,63.2998779371266
ENSSSCG00000006530,141.029029890836,318.406237751075
ENSSSCG00000006531,9.46633214335751,9.16034854967277
ENSSSCG00000036831,43.7254389478894,15.0678386347679
ENSSSCG00000006533,96.6274243612785,128.506603939695
ENSSSCG00000006507,46.3335100486104,40.9411496403742
ENSSSCG00000006737,96.498630726675,166.905289492813
ENSSSCG00000006738,27.0788616753866,28.1540508485861
ENSSSCG00000006461,77.3405775794039,92.2764906962955
ENSSSCG00000006462,127.988674387232,23.6299603403804
ENSSSCG00000006463,52.3868108749751,97.8474781816067
ENSSSCG00000006465,0.418579312461386,0.448670133045197
ENSSSCG00000006466,4.47557880247175,4.59886886371327
ENSSSCG00000006467,50.9700808943365,67.1883524235183
ENSSSCG00000006468,184.078302257057,180.926231150476
ENSSSCG00000006469,39.0888681021633,45.1287375487961
ENSSSCG00000006470,18.1277040704431,19.3302048986972
ENSSSCG00000006471,39.7650346838317,49.465882168233
ENSSSCG00000006472,7.56662603295583,7.02916541770809
ENSSSCG00000028606,61.6599525664273,267.706512716968
ENSSSCG00000006538,38.7346856070037,81.0597373701656
ENSSSCG00000006539,126.636341223895,277.240753044178
ENSSSCG00000054923,18.9970611040168,37.8378478868116
ENSSSCG00000006540,217.596845662619,403.317060429878
ENSSSCG00000055689,15.8416170562309,37.3517885760127
ENSSSCG00000006499,41.4071535250264,49.7649955902631
ENSSSCG00000052269,3.96040426405773,0.972118621597927
ENSSSCG00000048347,0.611769764366642,0.673005199567796
ENSSSCG00000006796,0.611769764366642,0.149556711015066
ENSSSCG00000025704,44.884581659321,44.0444513939369
ENSSSCG00000029918,32.1984086508759,32.1173036904854
ENSSSCG00000026922,24.3097985314113,26.6584837384355
ENSSSCG00000006799,16.8075693157572,13.1609905693258
ENSSSCG00000006800,18.8682674694133,9.08557019416524
ENSSSCG00000006802,0.354182495159635,0.299113422030131
ENSSSCG00000037709,0.450777721112262,0.0373891777537664
ENSSSCG00000043070,0.9337538508754,0.673005199567796
ENSSSCG00000040889,50.2939143126681,43.0723327723389
ENSSSCG00000006808,1.64211884119467,0.785172732829095
ENSSSCG00000006809,14.779069570752,28.0418833153248
ENSSSCG00000006810,5.08734856683839,5.94487926284886
ENSSSCG00000006811,5.18394379279102,7.02916541770809
ENSSSCG00000006813,67.7776502100937,83.9013148794519
ENSSSCG00000056539,3.57402336024722,7.36566801749199
ENSSSCG00000006816,279.256798229046,664.854358817475
ENSSSCG00000037449,199.114959097016,39.5203608857311
ENSSSCG00000006740,1801.01798788674,4581.37072852451
ENSSSCG00000063029,4.12139630731211,2.61724244276365
ENSSSCG00000022447,42.0833201066948,52.9056865215795
ENSSSCG00000028620,58.633302153245,63.0381536928502
ENSSSCG00000006889,49.9075334088576,95.1554573833356
ENSSSCG00000037549,39.7972330924826,24.2281871844406
ENSSSCG00000006892,70.1281340416077,45.5026293263337
ENSSSCG00000006893,23.7946239929973,33.5380924451285
ENSSSCG00000006894,190.582380804534,194.012443364294
ENSSSCG00000052762,0.804960216271897,0.448670133045197
ENSSSCG00000059490,9.69172100391364,1.90684806544209
ENSSSCG00000058491,0.965952259526276,0.710394377321562
ENSSSCG00000006890,4.18579312461386,1.04689697710546
ENSSSCG00000052405,0.998150668177152,0.0747783555075329
ENSSSCG00000006192,20.6069815365606,15.8156221898432
ENSSSCG00000006193,254.786007654381,231.065118518277
ENSSSCG00000006194,57.2165721726064,94.7815656057979
ENSSSCG00000006197,25.6621316947481,120.094038945098
ENSSSCG00000036964,70.6111101713708,173.411006421969
ENSSSCG00000035933,86.2595367756965,22.9943443185664
ENSSSCG00000037038,0.579571355715766,0.299113422030131
ENSSSCG00000039679,31.7476309297636,44.1192297494444
ENSSSCG00000031698,71.5448640222462,69.9925407550508
ENSSSCG00000032763,48.2010177503612,53.9899726764387
ENSSSCG00000040119,6.79386422533481,13.5722715246172
ENSSSCG00000006954,249.086889323176,277.9511474215
ENSSSCG00000055397,53.4171599518031,69.8055948662819
ENSSSCG00000006948,2.47927746611744,2.39290737624105
ENSSSCG00000006955,22.2169019691044,23.2560685628427
ENSSSCG00000006956,42.9848755489193,50.9614492783836
ENSSSCG00000006957,17.8057199839344,3.88847448639171
ENSSSCG00000006958,12.1066016527293,3.62675024211534
ENSSSCG00000006959,14.5536807101959,15.6286763010744
ENSSSCG00000039881,25.2113539736358,26.6958729161892
ENSSSCG00000034689,2.12509497095781,2.50507490950235
ENSSSCG00000032483,27.755028257055,41.3150414179119
ENSSSCG00000006610,161.475019384143,341.849252202686
ENSSSCG00000006612,124.929825565398,168.812137558255
ENSSSCG00000057672,0.225388860556131,4.11280955291431
ENSSSCG00000006614,2.64026950937182,61.3182515161769
ENSSSCG00000021540,1.44892838928941,5.83271172958756
ENSSSCG00000026427,57.5385562591152,118.673250190455
ENSSSCG00000026259,1.70651565849642,2.87896668704001
ENSSSCG00000027770,7.79201489351196,10.0950779935169
ENSSSCG00000027091,7.63102285025758,0.747783555075329
ENSSSCG00000028343,41.1173678471685,37.3143993982589
ENSSSCG00000006543,116.654834542123,110.746744506656
ENSSSCG00000006544,77.9523473437705,94.1085604062301
ENSSSCG00000006546,4.99075334088576,4.18758790842184
ENSSSCG00000006547,22.571084464264,20.003210098265
ENSSSCG00000027628,21.8627194739447,35.856221465862
ENSSSCG00000006550,65.7813488737394,47.4842557472834
ENSSSCG00000006552,22.8930685507727,22.5456741855212
ENSSSCG00000040143,0.289785677857883,0.411280955291431
ENSSSCG00000006727,43.6610421305877,38.099572131088
ENSSSCG00000006728,13.0403555036047,28.4531642706163
ENSSSCG00000006729,15.036656839959,18.9563131211596
ENSSSCG00000006726,35.6114399678687,9.5716295049642
ENSSSCG00000052385,0.450777721112262,0.598226844060263
ENSSSCG00000044784,10.4644828115347,8.89862430539641
ENSSSCG00000040535,18.8360690607624,29.612228780983
ENSSSCG00000031724,12.2997921046346,16.7503516336874
ENSSSCG00000035372,0.998150668177152,0.747783555075329
ENSSSCG00000037975,13.3301411814626,27.368878115757
ENSSSCG00000033726,0.450777721112262,0.261724244276365
ENSSSCG00000035891,1.8675077017508,2.28073984297975
ENSSSCG00000055759,14.4570854842433,13.0114338583107
ENSSSCG00000036022,18.0955056617922,10.3194130600395
ENSSSCG00000031957,1.7387140671473,37.613512820289
ENSSSCG00000006049,7.72761807621021,8.41256499459745
ENSSSCG00000006051,0.515174538414014,0.224335066522599
ENSSSCG00000006052,83.3294815884668,113.214430238405
ENSSSCG00000059124,0.321984086508759,3.58936106436158
ENSSSCG00000006054,35.7080351938213,50.0641090122932
ENSSSCG00000023873,137.937982660352,257.01320787939
ENSSSCG00000006048,37.9297253907318,32.0425253349778
ENSSSCG00000006250,32.5203927373846,28.49055344837
ENSSSCG00000006251,30.5240914010303,24.7142464952396
ENSSSCG00000006252,45.657343466942,33.0146439565758
ENSSSCG00000054199,0.515174538414014,0.411280955291431
ENSSSCG00000031813,0.837158624922773,0
ENSSSCG00000006746,33.196559319053,63.3746562926341
ENSSSCG00000056795,0.128793634603504,0.411280955291431
ENSSSCG00000061647,2.02849974500518,3.02852339805508
ENSSSCG00000006452,0.837158624922773,0.0747783555075329
ENSSSCG00000058723,6.60067377342955,5.38404159654237
ENSSSCG00000006453,22.2169019691044,21.0501070753705
ENSSSCG00000034883,29.4937423242023,44.8670133045197
ENSSSCG00000006827,20.8967672144184,41.464598128927
ENSSSCG00000006828,44.2728118949543,6.84221952893926
ENSSSCG00000006829,2.70466632667357,1.75729135442702
ENSSSCG00000006830,47.0740734475805,36.7535617319524
ENSSSCG00000006831,133.140419771372,248.413696996024
ENSSSCG00000006834,0.579571355715766,0.112167533261299
ENSSSCG00000036975,10.3034907682803,4.5614796859595
ENSSSCG00000006835,76.9219982669425,122.00088701054
ENSSSCG00000006836,109.120406917818,239.328126801859
ENSSSCG00000033292,21.5085369787851,21.1996637863856
ENSSSCG00000037816,59.7602464560256,111.905809017023
ENSSSCG00000020842,40.3446060395475,35.7440539326007
ENSSSCG00000034360,91.1214964819787,36.4544483099223
ENSSSCG00000018682,1.48112679794029,3.25285846457768
ENSSSCG00000012724,0.9337538508754,0.299113422030131
ENSSSCG00000030460,36.319804958188,26.9949863382194
ENSSSCG00000012703,220.20491676334,130.002171049846
ENSSSCG00000012727,73.5411653586005,37.0900643317363
ENSSSCG00000012712,6.63287218208043,0.149556711015066
ENSSSCG00000012730,8.08180057136985,3.17808010907015
ENSSSCG00000022091,0.193190451905255,0.448670133045197
ENSSSCG00000022331,83.4904736317212,53.5786917211473
ENSSSCG00000060354,112.823223912669,154.903363433854
ENSSSCG00000050259,0.450777721112262,0.299113422030131
ENSSSCG00000060492,0.0643968173017518,0.673005199567796
ENSSSCG00000062625,0.676166581668393,0.373891777537664
ENSSSCG00000060015,0.354182495159635,0.598226844060263
ENSSSCG00000012637,30.3309009491251,7.96389486155225
ENSSSCG00000035488,27.4330441705462,19.5919291429736
ENSSSCG00000012634,48.3942082022664,6.58049528466289
ENSSSCG00000012633,152.523861779199,112.578814216591
ENSSSCG00000012587,1.22353952873328,0
ENSSSCG00000012589,0.257587269207007,0.448670133045197
ENSSSCG00000012590,3.21984086508759,1.71990217667326
ENSSSCG00000012631,18.8682674694133,64.7580558695234
ENSSSCG00000040820,0.321984086508759,0.598226844060263
ENSSSCG00000012625,322.821245133682,1292.58126412546
ENSSSCG00000012627,3.12324563913496,15.2173953457829
ENSSSCG00000012624,17.5159343060765,17.6476918997778
ENSSSCG00000012623,82.8465054587036,127.347539429328
ENSSSCG00000012621,46.68769254377,49.465882168233
ENSSSCG00000012622,21.7339258393412,17.9094161440541
ENSSSCG00000012620,10.4000859942329,10.0576888157632
ENSSSCG00000012619,22.3456956037079,29.9487313807669
ENSSSCG00000030849,327.071435075597,301.356772695357
ENSSSCG00000012617,41.5681455682808,28.0044941375711
ENSSSCG00000032973,12.4285857392381,21.7978906304458
ENSSSCG00000053432,23.086259002678,24.7516356729934
ENSSSCG00000047468,21.8305210652938,11.7028126369289
ENSSSCG00000012613,21.7339258393412,13.9087741244011
ENSSSCG00000012608,38.9600744675598,24.3403547177019
ENSSSCG00000012607,0.418579312461386,1.79468053218079
ENSSSCG00000012638,0.837158624922773,0.448670133045197
ENSSSCG00000012639,81.4297754780651,35.7066647548469
ENSSSCG00000012591,119.584889729353,117.850688279872
ENSSSCG00000012594,0.450777721112262,2.01901559870339
ENSSSCG00000012595,2.31828542286306,0.448670133045197
ENSSSCG00000012597,58.2469212494345,83.2283096798841
ENSSSCG00000012618,0.998150668177152,2.39290737624105
ENSSSCG00000055276,12.6539745997942,4.29975544168314
ENSSSCG00000058720,4.73316607167875,0.785172732829095
ENSSSCG00000047289,0.676166581668393,0.299113422030131
ENSSSCG00000049849,0.869357033573649,0.897340266090394
ENSSSCG00000049494,3.34863449969109,1.90684806544209
ENSSSCG00000012746,81.6229659299703,79.1528893047235
ENSSSCG00000052277,0.740563398970145,0.149556711015066
ENSSSCG00000012757,150.173377947685,107.568664397586
ENSSSCG00000012758,20.3493942673536,54.3264752762226
ENSSSCG00000012741,5.66691992255415,6.50571692915536
ENSSSCG00000029615,37.8009317561283,44.2313972827057
ENSSSCG00000012742,15.8738154648818,14.3200550796925
ENSSSCG00000012743,18.4818865656028,28.9392235814152
ENSSSCG00000012744,27.5296393964989,44.3809539937208
ENSSSCG00000035908,32.1018134249233,13.0862122138182
ENSSSCG00000012824,4.79756288898051,3.10330175356261
ENSSSCG00000012823,54.9626835670451,44.4557323492283
ENSSSCG00000029656,3.6062217688981,44.9044024822735
ENSSSCG00000028908,36.5129954100932,26.5463162051742
ENSSSCG00000012233,0.257587269207007,1.79468053218079
ENSSSCG00000012234,27.9482187089603,30.6591257580885
ENSSSCG00000012822,66.1677297775499,77.2086520615277
ENSSSCG00000012235,33.7761306747688,8.63690006112004
ENSSSCG00000012238,67.3912693062832,145.92996077295
ENSSSCG00000025447,21.0899576663237,66.7396822904731
ENSSSCG00000024132,1.70651565849642,1.98162642094962
ENSSSCG00000021846,6.37528491287342,2.65463162051742
ENSSSCG00000012258,50.1329222694137,42.0628249729872
ENSSSCG00000012262,59.148476691659,80.0876187485677
ENSSSCG00000012219,0.804960216271897,0.486059310798964
ENSSSCG00000030800,0.643968173017518,0.411280955291431
ENSSSCG00000027777,76.3424269112267,334.820086784978
ENSSSCG00000050495,1.22353952873328,1.45817793239689
ENSSSCG00000037269,38.7024871983528,41.7263223732033
ENSSSCG00000031868,61.724349383729,118.261969235163
ENSSSCG00000036246,19.9952117721939,7.32827883973822
ENSSSCG00000012731,160.154884629457,205.528310112454
ENSSSCG00000040446,2.09289656230693,5.19709570777353
ENSSSCG00000012739,20.6713783538623,63.7859372479255
ENSSSCG00000037995,5.37713424469627,4.93537146349717
ENSSSCG00000012251,116.236255229662,205.378753401439
ENSSSCG00000012252,217.210464758809,334.93225431824
ENSSSCG00000021460,1.15914271143153,1.86945888768832
ENSSSCG00000012253,40.1192171789913,61.2060839829156
ENSSSCG00000022309,16.871966133059,0.224335066522599
ENSSSCG00000012257,37.0603683571581,57.8036688073229
ENSSSCG00000023215,28.527790064676,86.0698871891703
ENSSSCG00000026984,9.59512577796101,19.3302048986972
ENSSSCG00000012241,47.5892479859945,41.9506574397259
ENSSSCG00000012817,44.7879864333683,66.0292879131515
ENSSSCG00000062015,8.1461973886716,4.97276064125094
ENSSSCG00000012816,11.6880223402679,4.48670133045197
ENSSSCG00000012813,21.8627194739447,15.1052278125216
ENSSSCG00000012811,40.3446060395475,23.8916845846567
ENSSSCG00000047540,0.869357033573649,0.972118621597927
ENSSSCG00000024233,0.257587269207007,0.785172732829095
ENSSSCG00000039998,14.2960934409889,17.9841944995617
ENSSSCG00000038442,42.1799153326474,54.8873129425291
ENSSSCG00000034345,0.418579312461386,13.9835524799086
ENSSSCG00000012753,0.676166581668393,1.34601039913559
ENSSSCG00000054901,5.63472151390328,4.93537146349717
ENSSSCG00000057979,0.193190451905255,5.0101498190047
ENSSSCG00000053830,1.89970611040168,1.45817793239689
ENSSSCG00000063391,0.579571355715766,0
ENSSSCG00000062936,1.09474589412978,0.673005199567796
ENSSSCG00000012386,8.59697510978386,10.8054723708385
ENSSSCG00000021647,6.08549923501554,3.43980435334651
ENSSSCG00000012382,67.0692852197745,98.2213699591444
ENSSSCG00000032728,42.791685097014,32.5285846457768
ENSSSCG00000012378,24.9537667044288,44.7174565935047
ENSSSCG00000012377,11.1084509845522,4.37453379719067
ENSSSCG00000012375,20.8323703971167,27.5184348267721
ENSSSCG00000012371,20.6713783538623,31.9677469794703
ENSSSCG00000022676,16.6787756811537,42.7732193503088
ENSSSCG00000028336,100.909812711845,142.004097108805
ENSSSCG00000012828,19.8664181375904,23.4056252738578
ENSSSCG00000012394,3.54182495159635,5.53359830755743
ENSSSCG00000024163,88.4812269726069,80.199786281829
ENSSSCG00000029771,3.31643609104022,1.23384286587429
ENSSSCG00000031033,0.772761807621021,0.448670133045197
ENSSSCG00000012474,28.1736075695164,15.7408438343357
ENSSSCG00000012504,8.30718943192598,6.28138186263276
ENSSSCG00000023245,404.798393558812,305.245247181749
ENSSSCG00000022209,2.09289656230693,0.822561910582861
ENSSSCG00000012392,0.740563398970145,0.261724244276365
ENSSSCG00000027115,121.452397431104,71.3385511541863
ENSSSCG00000012403,260.935903706698,181.56184717229
ENSSSCG00000012402,0.321984086508759,0.486059310798964
ENSSSCG00000012408,3.92820585540686,8.89862430539641
ENSSSCG00000024463,47.718041620598,40.5298686850828
ENSSSCG00000035170,15.6162281956748,5.3466524187886
ENSSSCG00000012361,24.6639810265709,80.2745646373365
ENSSSCG00000023862,8.11399898002072,13.123601391572
ENSSSCG00000027657,22.5388860556131,21.3866096751544
ENSSSCG00000012367,0.772761807621021,0.261724244276365
ENSSSCG00000012366,75.6018635122566,181.748793061059
ENSSSCG00000012365,239.169779458706,383.538185398136
ENSSSCG00000023312,24.4385921660148,9.98291046025564
ENSSSCG00000021834,3.02665041318233,1.19645368812053
ENSSSCG00000012405,1311.85976366264,1540.28456674416
ENSSSCG00000012409,2.54367428341919,8.82384594988888
ENSSSCG00000021200,16.2279979600414,13.0862122138182
ENSSSCG00000012411,40.6665901260562,58.4392848291369
ENSSSCG00000031849,3.25203927373846,1.00950779935169
ENSSSCG00000012416,20.8323703971167,25.3872516948074
ENSSSCG00000029458,26.9178696321322,14.731336034984
ENSSSCG00000028538,25.3723460168902,42.4367167505249
ENSSSCG00000012424,30.2987025404742,38.9595232194246
ENSSSCG00000012425,17.3227438541712,23.8916845846567
ENSSSCG00000012426,8.33938784057685,7.51522472850705
ENSSSCG00000020876,4.82976129763138,5.7953225518338
ENSSSCG00000032167,0.965952259526276,0.822561910582861
ENSSSCG00000012415,2.06069815365606,1.64512382116572
ENSSSCG00000012427,116.815826585378,53.2047999436096
ENSSSCG00000062125,1.03034907682803,0.149556711015066
ENSSSCG00000059965,21.5085369787851,24.1907980066869
ENSSSCG00000060094,6.11769764366642,1.64512382116572
ENSSSCG00000062240,0.676166581668393,1.04689697710546
ENSSSCG00000053982,2.12509497095781,5.19709570777353
ENSSSCG00000057542,1.44892838928941,2.13118313196469
ENSSSCG00000061597,9.36973691740488,10.3941914155471
ENSSSCG00000060560,0.998150668177152,0.598226844060263
ENSSSCG00000043604,5.15174538414014,1.00950779935169
ENSSSCG00000058565,2.18949178825956,1.53295628790442
ENSSSCG00000056527,4.89415811493313,3.70152859762288
ENSSSCG00000047910,12.9437602776521,3.29024764233145
ENSSSCG00000057763,1.0625474854789,1.45817793239689
ENSSSCG00000012102,30.620686626983,11.7402018146827
ENSSSCG00000012114,88.9320046937192,73.320177575136
ENSSSCG00000038044,17.8701168012361,57.1680527855089
ENSSSCG00000058492,37.1247651744599,39.9316418410225
ENSSSCG00000022129,15.3908393351187,27.6679915377872
ENSSSCG00000012832,9.56292736931014,40.3055336185602
ENSSSCG00000038963,56.4116119563345,49.7649955902631
ENSSSCG00000024809,5.69911833120503,36.0805565323846
ENSSSCG00000012110,20.2527990414009,29.4626720699679
ENSSSCG00000034487,11.5592287056644,20.003210098265
ENSSSCG00000012271,145.794394371166,202.985846025198
ENSSSCG00000012111,44.2728118949543,57.8784471628304
ENSSSCG00000012278,23.6336319497429,13.0488230360645
ENSSSCG00000012112,4.12139630731211,2.43029655399482
ENSSSCG00000055891,23.8912192189499,46.100856170394
ENSSSCG00000012108,73.9919430797128,82.1814127027786
ENSSSCG00000021328,11.1406493932031,12.8244879695419
ENSSSCG00000022647,27.8838218916585,31.2947417799025
ENSSSCG00000025264,42.1477169239965,58.8879549621821
ENSSSCG00000026271,0.772761807621021,0.186945888768832
ENSSSCG00000024841,45.6251450582911,58.8131766066746
ENSSSCG00000023172,3.02665041318233,3.10330175356261
ENSSSCG00000028964,25.6299332860972,33.0520331343295
ENSSSCG00000026520,0.482976129763138,0.224335066522599
ENSSSCG00000021934,139.869887179405,164.28804705005
ENSSSCG00000012100,0,0.822561910582861
ENSSSCG00000028284,1.22353952873328,1.79468053218079
ENSSSCG00000030877,11.1406493932031,4.41192297494444
ENSSSCG00000021106,47.0096766302788,60.8695813831317
ENSSSCG00000012117,2.73686473532445,1.68251299891949
ENSSSCG00000012118,1.54552361524204,3.32763682008521
ENSSSCG00000012119,1203.57651536974,1646.61938827587
ENSSSCG00000012104,18.2886961136975,29.0140019369227
ENSSSCG00000012264,30.1699089058707,24.003852117918
ENSSSCG00000036036,2.70466632667357,2.57985326500988
ENSSSCG00000053604,0.386380903810511,0.112167533261299
ENSSSCG00000012265,24.5029889833165,17.9841944995617
ENSSSCG00000012266,11.3660382537592,9.16034854967277
ENSSSCG00000062070,2.44707905746657,2.54246408725612
ENSSSCG00000027701,14.263895032338,12.1140935922203
ENSSSCG00000051231,0.901555442224525,0.299113422030131
ENSSSCG00000044694,1.93190451905255,1.27123204362806
ENSSSCG00000012267,49.1991684185383,53.6534700766548
ENSSSCG00000022390,3.02665041318233,18.6945888768832
ENSSSCG00000057105,41.3749551163755,45.3904617930724
ENSSSCG00000021591,124.575643070239,43.1471111278465
ENSSSCG00000012318,236.271922680127,260.565179765998
ENSSSCG00000012283,3.44522972564372,6.0196576183564
ENSSSCG00000012284,17.5159343060765,7.96389486155225
ENSSSCG00000012286,2.41488064881569,0.299113422030131
ENSSSCG00000025981,12.4285857392381,11.8897585256977
ENSSSCG00000025599,44.5947959814631,32.977254778822
ENSSSCG00000024793,9.85271304716802,4.03803119740677
ENSSSCG00000032768,23.7946239929973,33.612870800636
ENSSSCG00000024958,15.1332520659117,10.3941914155471
ENSSSCG00000040599,18.0955056617922,21.9100581637071
ENSSSCG00000012324,36.2554081408862,25.3124733392999
ENSSSCG00000012325,159.414321230486,208.108163377464
ENSSSCG00000021734,0.450777721112262,0.710394377321562
ENSSSCG00000012448,40.8919789866124,21.0874962531243
ENSSSCG00000032946,11.2372446191557,3.02852339805508
ENSSSCG00000012452,76.8576014496407,34.3606543557113
ENSSSCG00000012326,8.24279261462422,6.61788446241666
ENSSSCG00000012456,21.5085369787851,3.40241517559274
ENSSSCG00000012327,35.1284638381056,90.593977697376
ENSSSCG00000012328,303.180215856647,379.238429956453
ENSSSCG00000012329,41.5359471596299,61.8417000047297
ENSSSCG00000035822,32.5525911460355,46.9981964364844
ENSSSCG00000012332,2.02849974500518,2.72940997602495
ENSSSCG00000012334,50.7768904424313,36.3796699544147
ENSSSCG00000012335,33.4219481796092,29.9861205585207
ENSSSCG00000012323,71.8346497001041,59.0375116731972
ENSSSCG00000023759,93.7295675826997,93.5477227399236
ENSSSCG00000036747,11.2372446191557,4.6736472192208
ENSSSCG00000032453,11.8490143835223,13.2357689248333
ENSSSCG00000012287,54.4153106199802,76.0121983734071
ENSSSCG00000012270,293.778280530592,556.014462376261
ENSSSCG00000012272,0.321984086508759,0.299113422030131
ENSSSCG00000039997,10.4322844028838,8.07606239481355
ENSSSCG00000012275,133.07602295407,497.8369017914
ENSSSCG00000012459,35.0962654294547,22.0222256969684
ENSSSCG00000012276,3.41303131699284,10.3194130600395
ENSSSCG00000012277,57.8927387542748,110.410241906872
ENSSSCG00000023546,1.41672998063854,0.261724244276365
ENSSSCG00000012336,65.362769561278,59.6731276950112
ENSSSCG00000021601,19.3512435991764,7.77694897278342
ENSSSCG00000012290,60.694000306901,90.8930911194062
ENSSSCG00000012462,0.804960216271897,0.224335066522599
ENSSSCG00000012291,36.1910113235845,36.7909509097062
ENSSSCG00000012463,37.5433444869213,85.0603793898186
ENSSSCG00000012295,17.7735215752835,42.6236626392937
ENSSSCG00000036515,0.998150668177152,0.299113422030131
ENSSSCG00000012294,70.7399038059743,218.913635748302
ENSSSCG00000012293,18.4496881569519,28.6027209816313
ENSSSCG00000012292,2.25388860556131,0.859951088336628
ENSSSCG00000012467,1.03034907682803,0.972118621597927
ENSSSCG00000012298,0.9337538508754,1.04689697710546
ENSSSCG00000025156,18.3852913396501,33.8372058671586
ENSSSCG00000030577,40.5699949001036,34.3232651779576
ENSSSCG00000012434,61.6921509750782,33.2015898453446
ENSSSCG00000012297,33.2609561363548,41.5393764844345
ENSSSCG00000012300,2.57587269207007,2.09379395421092
ENSSSCG00000022584,1.7387140671473,2.20596148747222
ENSSSCG00000012435,124.221460575079,115.756894325661
ENSSSCG00000032129,61.8209446096817,116.168175280952
ENSSSCG00000012322,189.423238093103,192.142984476606
ENSSSCG00000012437,24.7927746611744,18.2085295660842
ENSSSCG00000033770,4.37898357651912,4.63625804146704
ENSSSCG00000012440,164.34067775407,139.424243843795
ENSSSCG00000025545,55.1558740189504,58.4018956513832
ENSSSCG00000026714,36.7705826793003,18.6198105213757
ENSSSCG00000039203,0.708364990319269,0.299113422030131
ENSSSCG00000042563,1.09474589412978,0.897340266090394
ENSSSCG00000012446,0.386380903810511,0.373891777537664
ENSSSCG00000012309,21.9593146998973,29.5374504254755
ENSSSCG00000012317,26.8212744061796,21.1622746086318
ENSSSCG00000023026,3.12324563913496,9.7959645714868
ENSSSCG00000062117,0.869357033573649,0.0747783555075329
ENSSSCG00000059900,5.11954697548926,2.99113422030131
ENSSSCG00000012306,15.5196329697222,2.80418833153248
ENSSSCG00000012307,3.57402336024722,1.64512382116572
ENSSSCG00000012494,17.0329581763133,10.1698563490245
ENSSSCG00000026742,8.08180057136985,1.34601039913559
ENSSSCG00000012308,0.386380903810511,0.52344848855273
ENSSSCG00000012288,32.8423768238934,46.3999695924241
ENSSSCG00000039046,271.561378561487,143.611831752217
ENSSSCG00000039027,0.160992043254379,0.747783555075329
ENSSSCG00000012493,1.22353952873328,0.224335066522599
ENSSSCG00000012549,2.51147587476832,0.822561910582861
ENSSSCG00000012551,98.7525193322363,103.007184711627
ENSSSCG00000022993,16.0992043254379,8.78645677213511
ENSSSCG00000023618,0.321984086508759,0.224335066522599
ENSSSCG00000036091,13.7809189025749,33.5007032673747
ENSSSCG00000012348,18.9004658780641,27.8175482488022
ENSSSCG00000012654,65.9423409169938,75.4139715293469
ENSSSCG00000012347,0.354182495159635,7.55261390626082
ENSSSCG00000012512,4.41118198517,1.23384286587429
ENSSSCG00000012530,1.70651565849642,0.52344848855273
ENSSSCG00000037228,24.8571714784762,20.1153776315263
ENSSSCG00000012556,15.551831378373,2.39290737624105
ENSSSCG00000012352,3.05884882183321,6.1318251516177
ENSSSCG00000028062,0.450777721112262,0.224335066522599
ENSSSCG00000031196,1.19134112008241,0.149556711015066
ENSSSCG00000012557,3.31643609104022,1.19645368812053
ENSSSCG00000035264,38.9278760589089,32.1920820459929
ENSSSCG00000053162,0.740563398970145,0.0747783555075329
ENSSSCG00000012558,7.95300693676634,3.43980435334651
ENSSSCG00000055308,2.35048383151394,0.710394377321562
ENSSSCG00000012560,25.3079491995884,37.2022318649976
ENSSSCG00000012643,1.89970611040168,1.23384286587429
ENSSSCG00000044675,5.31273742739452,5.19709570777353
ENSSSCG00000012655,15.4552361524204,20.3023235202952
ENSSSCG00000012656,33.1321625017513,25.0881382727773
ENSSSCG00000012657,43.2424628181263,69.0578113112066
ENSSSCG00000012362,11.7202207489188,10.880250726346
ENSSSCG00000012490,12.8471650516995,28.9018344036615
ENSSSCG00000012491,6.43968173017518,6.09443597386393
ENSSSCG00000012492,1.8675077017508,0.149556711015066
ENSSSCG00000012658,1.32013475468591,0.0373891777537664
ENSSSCG00000026301,49.4567556877453,39.8942526632688
ENSSSCG00000012676,3.57402336024722,5.83271172958756
ENSSSCG00000012644,7.75981648486109,0.224335066522599
ENSSSCG00000012269,132.271062737798,151.500948258262
ENSSSCG00000048443,1.54552361524204,51.7466220112127
ENSSSCG00000012651,0.643968173017518,1.71990217667326
ENSSSCG00000038423,20.2527990414009,29.8739530252594
ENSSSCG00000056417,56.3794135476837,54.3264752762226
ENSSSCG00000012273,89.8979569532455,126.786701763022
ENSSSCG00000034821,3.05884882183321,2.05640477645715
ENSSSCG00000038569,12.4285857392381,5.7953225518338
ENSSSCG00000012508,2.73686473532445,1.19645368812053
ENSSSCG00000012652,10.9474589412978,6.43093857364783
ENSSSCG00000012172,28.7531789252322,27.5932131822796
ENSSSCG00000040281,23.4082430891868,14.1704983686775
ENSSSCG00000012653,49.6821445483015,102.820238822858
ENSSSCG00000012510,12.7505698257468,10.5063589488084
ENSSSCG00000012280,6.92265785993831,9.34729443844161
ENSSSCG00000012517,11.1406493932031,15.2547845235367
ENSSSCG00000012540,2.35048383151394,0.224335066522599
ENSSSCG00000012541,1.57772202389292,0.336502599783898
ENSSSCG00000012542,6.89045945128744,11.1793641483762
ENSSSCG00000012305,5.11954697548926,1.79468053218079
ENSSSCG00000012649,65.5881584218342,75.6009174181157
ENSSSCG00000012349,0.386380903810511,0.149556711015066
ENSSSCG00000012350,12.0744032440785,5.27187406328107
ENSSSCG00000041254,1.15914271143153,0.52344848855273
ENSSSCG00000043490,0.643968173017518,0.486059310798964
ENSSSCG00000053779,0.772761807621021,0.0747783555075329
ENSSSCG00000036647,0.450777721112262,0.149556711015066
ENSSSCG00000060127,0.676166581668393,0.486059310798964
ENSSSCG00000059327,0.998150668177152,0.52344848855273
ENSSSCG00000022635,9.079951239547,3.02852339805508
ENSSSCG00000061141,7.82421330216284,6.91699788444679
ENSSSCG00000012523,40.8919789866124,32.0425253349778
ENSSSCG00000012650,40.8597805779615,75.8626416623921
ENSSSCG00000062400,6.98705467724007,4.59886886371327
ENSSSCG00000056299,0.676166581668393,0.0373891777537664
ENSSSCG00000012525,11.1728478018539,14.6191685017227
ENSSSCG00000061079,1.41672998063854,1.08428615485923
ENSSSCG00000041898,0.354182495159635,0.598226844060263
ENSSSCG00000060434,1.70651565849642,0.224335066522599
ENSSSCG00000012527,9.85271304716802,4.6736472192208
ENSSSCG00000012528,23.343846271885,23.5925711626266
ENSSSCG00000039545,31.135861165397,21.6483339194308
ENSSSCG00000012532,8.2749910232751,5.49620912980367
ENSSSCG00000012518,22.8930685507727,9.87074292699434
ENSSSCG00000012519,9.04775283089612,4.52409050820574
ENSSSCG00000012521,18.0633072531414,13.2357689248333
ENSSSCG00000012520,21.9271162912465,18.8067564101445
ENSSSCG00000012679,39.3786537800212,58.3271172958756
ENSSSCG00000012680,11.7524191575697,14.6191685017227
ENSSSCG00000031011,11.7846175662206,2.69202079827118
ENSSSCG00000022942,42.4375026018544,33.0894223120833
ENSSSCG00000025028,79.0792916465512,60.1591870058102
ENSSSCG00000012642,97.1425988996925,70.6655459546186
ENSSSCG00000056590,0.804960216271897,0.673005199567796
ENSSSCG00000012564,12.1066016527293,28.5279426261238
ENSSSCG00000012173,1550.38557494832,3639.87384350692
ENSSSCG00000059089,0.321984086508759,0.560837666306496
ENSSSCG00000033180,27.8194250743568,25.6489759390838
ENSSSCG00000012174,10.2068955423277,14.8061143904915
ENSSSCG00000012569,3.76721381215248,7.55261390626082
ENSSSCG00000012133,0.193190451905255,0.411280955291431
ENSSSCG00000034896,34.6776861169933,18.4328646326068
ENSSSCG00000012134,22.5388860556131,12.6375420807731
ENSSSCG00000031207,0.160992043254379,0.747783555075329
ENSSSCG00000012685,38.4770983377967,24.0412412956718
ENSSSCG00000012571,35.4826463332652,70.8524918433874
ENSSSCG00000012121,0.515174538414014,5.64576584081873
ENSSSCG00000030908,2.06069815365606,1.71990217667326
ENSSSCG00000012686,32.166210242225,17.7598594330391
ENSSSCG00000012122,8.98335601359437,18.5076429881144
ENSSSCG00000012123,37.8331301647792,45.2782942598111
ENSSSCG00000025913,0.708364990319269,0.486059310798964
ENSSSCG00000012689,45.6251450582911,34.8467136665103
ENSSSCG00000012572,61.0481828020607,121.028768388942
ENSSSCG00000012124,18.7716722434606,20.9005503643554
ENSSSCG00000012691,15.0688552486099,10.8054723708385
ENSSSCG00000012125,17.9989104358396,14.1331091909237
ENSSSCG00000012695,28.4955916560252,4.63625804146704
ENSSSCG00000012126,27.9482187089603,47.4468665695296
ENSSSCG00000012581,38.8634792416072,17.2364109444863
ENSSSCG00000025854,28.012615526262,22.6204525410287
ENSSSCG00000012576,95.725868919054,1188.75151750325
ENSSSCG00000012561,1.51332520659117,0.710394377321562
ENSSSCG00000045489,0.128793634603504,0.934729443844161
ENSSSCG00000025306,7.27684035509795,3.25285846457768
ENSSSCG00000012127,14.3282918496398,28.9018344036615
ENSSSCG00000012659,24.3097985314113,6.46832775140159
ENSSSCG00000012130,0.708364990319269,0.598226844060263
ENSSSCG00000012131,24.2132033054587,21.610944741677
ENSSSCG00000012132,1.19134112008241,1.12167533261299
ENSSSCG00000012663,14.4248870755924,13.8339957688936
ENSSSCG00000012669,3.57402336024722,3.06591257580885
ENSSSCG00000012160,23.601433541092,37.8752370645654
ENSSSCG00000012479,6.24649127826992,5.08492817451223
ENSSSCG00000012667,2.02849974500518,4.41192297494444
ENSSSCG00000012548,19.7376245029869,11.1793641483762
ENSSSCG00000012583,66.3287218208043,52.2700704997655
ENSSSCG00000021205,4.63657084572613,11.2167533261299
ENSSSCG00000028695,2.38268224016482,0.373891777537664
ENSSSCG00000012487,1.60992043254379,2.09379395421092
ENSSSCG00000012489,7.98520534541722,6.80483035118549
ENSSSCG00000012481,41.1817646644703,19.2554265431897
ENSSSCG00000012482,9.46633214335751,0.598226844060263
ENSSSCG00000012484,22.4422908296605,23.1065118518277
ENSSSCG00000012486,34.7420829342951,31.0704067133799
ENSSSCG00000052926,0.289785677857883,0.52344848855273
ENSSSCG00000056196,1.25573793738416,0.186945888768832
ENSSSCG00000054921,0.515174538414014,0.747783555075329
ENSSSCG00000012545,0.837158624922773,6.50571692915536
ENSSSCG00000012546,2.44707905746657,0.673005199567796
ENSSSCG00000012547,0.772761807621021,0.149556711015066
ENSSSCG00000042962,0.579571355715766,0.934729443844161
ENSSSCG00000037670,66.1999281862008,50.9240601006299
ENSSSCG00000062978,4.34678516786824,5.2344848855273
ENSSSCG00000052324,1.19134112008241,1.04689697710546
ENSSSCG00000042098,0.837158624922773,0.972118621597927
ENSSSCG00000061173,54.737294706489,70.441210888096
ENSSSCG00000057278,6.21429286961904,6.87960870669302
ENSSSCG00000037591,15.2620457005152,11.3289208593912
ENSSSCG00000012534,232.247121598768,222.577775168172
ENSSSCG00000061932,12.8793634603504,19.5171507874661
ENSSSCG00000047186,20.7357751711641,7.55261390626082
ENSSSCG00000042268,0.708364990319269,0.411280955291431
ENSSSCG00000051107,1.03034907682803,0.149556711015066
ENSSSCG00000044160,2.86565836992795,2.05640477645715
ENSSSCG00000057809,0.386380903810511,0.486059310798964
ENSSSCG00000059186,0.54737294706489,0.224335066522599
ENSSSCG00000041717,3.38083290834197,3.88847448639171
ENSSSCG00000030241,48.8771843320296,64.1598290254632
ENSSSCG00000012566,6.11769764366642,9.08557019416524
ENSSSCG00000023334,21.7661242479921,13.2357689248333
ENSSSCG00000012161,0.804960216271897,0.0747783555075329
ENSSSCG00000027652,14.3282918496398,20.0779884537726
ENSSSCG00000029857,123.094516272298,102.334179512059
ENSSSCG00000021322,68.8079992869218,39.8194743077612
ENSSSCG00000012181,48.3298113849647,36.3796699544147
ENSSSCG00000032223,165.950598186614,96.4266894269636
ENSSSCG00000012182,18.3852913396501,35.1458270885404
ENSSSCG00000012163,67.6488565754902,43.8948946829218
ENSSSCG00000022240,22.8930685507727,21.8352798081996
ENSSSCG00000028148,24.63178261792,38.8099665084096
ENSSSCG00000012199,0,0.673005199567796
ENSSSCG00000012201,2.35048383151394,0.897340266090394
ENSSSCG00000012202,6.08549923501554,45.0539591932885
ENSSSCG00000012203,23.9234176276008,20.003210098265
ENSSSCG00000054645,0,4.22497708617561
ENSSSCG00000052612,0,0.635616021814029
ENSSSCG00000012164,18.0311088444905,13.3479364580946
ENSSSCG00000032720,0.643968173017518,0.0747783555075329
ENSSSCG00000012165,32.2306070595268,26.6958729161892
ENSSSCG00000012166,124.801031930795,162.493366517869
ENSSSCG00000012167,0.321984086508759,0.373891777537664
ENSSSCG00000012171,78.4353234735336,48.6433202576501
ENSSSCG00000023643,81.0433945742546,80.0502295708139
ENSSSCG00000020735,0.869357033573649,0.598226844060263
ENSSSCG00000012135,2.25388860556131,22.5830633632749
ENSSSCG00000012136,5.3449358360454,9.87074292699434
ENSSSCG00000012137,3.50962654294547,1.19645368812053
ENSSSCG00000012138,3.15544404778584,15.9651789008583
ENSSSCG00000035893,25.3723460168902,53.2795782991172
ENSSSCG00000054041,0.482976129763138,0.149556711015066
ENSSSCG00000012141,6.31088809557167,4.26236626392937
ENSSSCG00000030283,10.9152605326469,12.4132070142505
ENSSSCG00000036074,71.351673570341,84.9482118565573
ENSSSCG00000012144,4.5399756197735,0.560837666306496
ENSSSCG00000012146,31.9408213816689,44.8670133045197
ENSSSCG00000012147,18.8682674694133,26.5089270274204
ENSSSCG00000012148,138.485355607417,153.781688101241
ENSSSCG00000040713,19.4800372337799,18.8067564101445
ENSSSCG00000012149,186.493182905873,139.087741244011
ENSSSCG00000012150,34.1625115785793,82.5553044803163
ENSSSCG00000012151,12.5573793738416,8.33778663908991
ENSSSCG00000012152,23.6336319497429,8.86123512764264
ENSSSCG00000012153,24.4063937573639,4.4493121526982
ENSSSCG00000012155,4.57217402842437,1.75729135442702
ENSSSCG00000012156,31.8120277470654,90.8930911194062
ENSSSCG00000026932,0.225388860556131,0.710394377321562
ENSSSCG00000030274,18.9004658780641,13.7218282356323
ENSSSCG00000012157,18.4496881569519,26.5089270274204
ENSSSCG00000029756,0.708364990319269,6.69266281792419
ENSSSCG00000033979,0.708364990319269,0.0747783555075329
ENSSSCG00000062873,0.643968173017518,0.448670133045197
ENSSSCG00000055725,1.60992043254379,1.23384286587429
ENSSSCG00000056011,0.804960216271897,0.0747783555075329
ENSSSCG00000050474,7.53442762430496,2.65463162051742
ENSSSCG00000062351,0.965952259526276,0.486059310798964
ENSSSCG00000055294,0.354182495159635,0.673005199567796
ENSSSCG00000060479,0.450777721112262,0.0747783555075329
ENSSSCG00000053215,0.225388860556131,0.635616021814029
ENSSSCG00000012759,14.6502759361485,8.22561910582861
ENSSSCG00000055934,1.32013475468591,1.12167533261299
ENSSSCG00000049239,2.22169019691044,3.29024764233145
ENSSSCG00000012768,2.73686473532445,3.02852339805508
ENSSSCG00000012767,30.2665041318233,36.491837487676
ENSSSCG00000012766,136.102673367252,178.907215551772
ENSSSCG00000012771,37.5433444869213,88.7619079874415
ENSSSCG00000012769,0.708364990319269,0.747783555075329
ENSSSCG00000012770,19.4156404164782,17.7972486107928
ENSSSCG00000012774,4.08919789866124,4.33714461943691
ENSSSCG00000012773,0.9337538508754,0.299113422030131
ENSSSCG00000012772,164.372876162721,282.512627107459
ENSSSCG00000012779,25.694330103399,48.7554877909114
ENSSSCG00000012780,12.4929825565398,7.70217061727588
ENSSSCG00000012783,48.780589106077,61.5799757604533
ENSSSCG00000012784,158.319575336357,106.446989064973
ENSSSCG00000012785,1.57772202389292,1.86945888768832
ENSSSCG00000012787,14.8756647967047,8.33778663908991
ENSSSCG00000012789,3.18764245643671,2.99113422030131
ENSSSCG00000012790,16.8397677244081,9.42207279394914
ENSSSCG00000012791,44.0152246257473,73.320177575136
ENSSSCG00000012792,78.7895059686933,60.0096302947951
ENSSSCG00000012793,140.771442621629,158.081443542924
ENSSSCG00000050581,5.73131673985591,8.07606239481355
ENSSSCG00000012795,64.6222061623079,45.614796859595
ENSSSCG00000059337,2.73686473532445,3.73891777537664
ENSSSCG00000034742,25.4689412428428,39.0716907526859
ENSSSCG00000012604,402.995282674362,469.720240120568
ENSSSCG00000029478,97.8509638900118,83.564812279668
ENSSSCG00000030833,0.708364990319269,0.373891777537664
ENSSSCG00000012602,46.5588989091665,46.100856170394
ENSSSCG00000044342,1.93190451905255,1.34601039913559
ENSSSCG00000012661,0.257587269207007,0.52344848855273
ENSSSCG00000032739,5.63472151390328,4.5614796859595
ENSSSCG00000054586,1.80311088444905,0.373891777537664
ENSSSCG00000012660,6.24649127826992,4.63625804146704
ENSSSCG00000045404,4.15359471596299,3.43980435334651
ENSSSCG00000037777,56.8301912687959,100.614277335385
ENSSSCG00000033299,575.417760999803,627.240845997186
ENSSSCG00000052976,0.418579312461386,0.261724244276365
ENSSSCG00000035997,1473.07719577757,1631.28982539683
ENSSSCG00000037470,2.41488064881569,0.934729443844161
ENSSSCG00000037032,30.9104723048408,27.5558240045259
ENSSSCG00000039655,44.5947959814631,36.3796699544147
ENSSSCG00000044922,7.98520534541722,5.72054419632626
ENSSSCG00000037310,119.069715190939,208.033385021956
ENSSSCG00000030421,217.661242479921,311.676185755397
ENSSSCG00000025303,61.466762114522,46.3251912369166
ENSSSCG00000023483,53.0951758652943,41.464598128927
ENSSSCG00000032959,14.1029029890836,22.4335066522599
ENSSSCG00000057536,21.6373306133886,34.098930111435
ENSSSCG00000025766,37.2857572177143,56.9437177189863
ENSSSCG00000028934,55.1880724276013,80.2371754595828
ENSSSCG00000025108,58.9874846484046,86.2942222556929
ENSSSCG00000012825,84.2632354393422,103.680189911194
ENSSSCG00000043749,7.30903876374882,2.28073984297975
ENSSSCG00000012247,145.279219832752,218.165852193227
ENSSSCG00000012249,48.2976129763138,86.6307248554768
ENSSSCG00000012250,72.2854274212163,71.7498321094778
ENSSSCG00000012713,31.7798293384145,17.9468053218079
ENSSSCG00000012400,63.4630634508764,66.4779580461967
ENSSSCG00000012399,48.6517954714734,45.0913483710423
ENSSSCG00000012397,6.14989605231729,9.01079183865771
ENSSSCG00000012396,154.294774254997,180.365393484169
ENSSSCG00000027465,1.8675077017508,4.93537146349717
ENSSSCG00000012698,23.9234176276008,22.6952308965362
ENSSSCG00000012699,111.889470061794,43.707948794153
ENSSSCG00000023062,62.7225000519062,65.0197801137998
ENSSSCG00000030172,0.321984086508759,0.373891777537664
ENSSSCG00000012584,0.901555442224525,0.897340266090394
ENSSSCG00000060482,9.46633214335751,11.7775909924364
ENSSSCG00000012585,3.31643609104022,4.00064201965301
ENSSSCG00000012586,48.6839938801243,12.001926058959
ENSSSCG00000012101,0.289785677857883,0.560837666306496
ENSSSCG00000002429,17.5159343060765,17.610302722024
ENSSSCG00000002430,9.36973691740488,6.61788446241666
ENSSSCG00000002431,14.3926886669415,12.7497096140344
ENSSSCG00000002433,64.6866029796096,76.199144262176
ENSSSCG00000002434,23.9556160362517,24.2655763621944
ENSSSCG00000025768,565.983627265096,782.891992986115
ENSSSCG00000040166,44.7557880247175,15.2921737012905
ENSSSCG00000040638,77.9523473437705,5.64576584081873
ENSSSCG00000002410,15.9382122821836,6.0196576183564
ENSSSCG00000002411,35.6436383765196,27.5184348267721
ENSSSCG00000002412,10.7542684893925,5.9074900850951
ENSSSCG00000002414,134.524951343359,199.919933449389
ENSSSCG00000037928,0.321984086508759,0.560837666306496
ENSSSCG00000027865,17.902315209887,31.8929686239628
ENSSSCG00000002424,11.0762525759013,6.39354939589406
ENSSSCG00000002425,54.6085010718855,50.6623358563535
ENSSSCG00000002426,95.6936705104031,46.2130237036553
ENSSSCG00000002427,0.9337538508754,0.785172732829095
ENSSSCG00000002428,31.1680595740478,14.3948334352001
ENSSSCG00000052660,4.18579312461386,2.31812902073352
ENSSSCG00000021146,2.86565836992795,0.299113422030131
ENSSSCG00000057582,0.450777721112262,0.560837666306496
ENSSSCG00000062510,14.1029029890836,4.03803119740677
ENSSSCG00000061380,0.128793634603504,0.448670133045197
ENSSSCG00000045310,1.7387140671473,1.94423724319585
ENSSSCG00000001061,59.7280480473748,130.488230360645
ENSSSCG00000001062,12.3319905132855,17.1616325889788
ENSSSCG00000038455,0.965952259526276,0.972118621597927
ENSSSCG00000001068,6.72946740803306,4.86059310798964
ENSSSCG00000001067,11.3982366624101,15.9651789008583
ENSSSCG00000001063,44.0152246257473,27.2567105824957
ENSSSCG00000001064,36.0300192803301,36.6787833764449
ENSSSCG00000001065,16.9685613590116,28.6027209816313
ENSSSCG00000054763,5.11954697548926,6.31877104038653
ENSSSCG00000038290,1.35233316333679,0.934729443844161
ENSSSCG00000021576,7.63102285025758,6.0196576183564
ENSSSCG00000046603,4.28238835056649,1.71990217667326
ENSSSCG00000001070,32.4559959200829,34.6597677777415
ENSSSCG00000026034,63.9782379892904,93.1738309623859
ENSSSCG00000020858,45.3675577890841,69.5812597997593
ENSSSCG00000001073,10.6898716720908,13.3853256358484
ENSSSCG00000001074,20.3493942673536,36.0431673546308
ENSSSCG00000001075,208.323703971167,103.680189911194
ENSSSCG00000001076,175.320335104019,262.920697964485
ENSSSCG00000024312,62.3039207394448,54.0647510319463
ENSSSCG00000001091,7.75981648486109,1.71990217667326
ENSSSCG00000001092,28.8497741511848,26.0602568943752
ENSSSCG00000036411,13.8775141285275,15.2921737012905
ENSSSCG00000038752,169.556819955512,183.281749348963
ENSSSCG00000001095,76.278030093925,10.8428615485923
ENSSSCG00000001097,11.945609609475,4.93537146349717
ENSSSCG00000001099,2.47927746611744,1.08428615485923
ENSSSCG00000001100,70.9330942578796,83.3404772131454
ENSSSCG00000001090,25.3401476082393,24.7890248507471
ENSSSCG00000001078,21.2509497095781,95.7536842273958
ENSSSCG00000040178,13.1691491382082,13.4974931691097
ENSSSCG00000001080,14.8756647967047,11.366310037145
ENSSSCG00000049691,5.44153106199802,1.90684806544209
ENSSSCG00000001085,22.571084464264,48.4563743688813
ENSSSCG00000001087,45.7539386928946,14.5070009684614
ENSSSCG00000001089,9.8849114558189,1.98162642094962
ENSSSCG00000056309,83.0396959106089,34.9962703775254
ENSSSCG00000057632,2.60807110072095,1.04689697710546
ENSSSCG00000001057,22.828671733471,16.2269031451346
ENSSSCG00000045903,0.354182495159635,0.448670133045197
ENSSSCG00000059169,0.611769764366642,0.673005199567796
ENSSSCG00000060939,0.643968173017518,0
ENSSSCG00000047706,4.86195970628226,3.55197188660781
ENSSSCG00000042973,0.772761807621021,1.04689697710546
ENSSSCG00000051868,0.482976129763138,0.373891777537664
ENSSSCG00000058123,1.22353952873328,0.0747783555075329
ENSSSCG00000047883,0.965952259526276,0.224335066522599
ENSSSCG00000061649,3.25203927373846,1.94423724319585
ENSSSCG00000050667,1.38453157198766,0.822561910582861
ENSSSCG00000054652,44.1118198517,13.6470498801247
ENSSSCG00000060833,1.44892838928941,0.112167533261299
ENSSSCG00000056988,1.15914271143153,0
ENSSSCG00000049507,6.31088809557167,3.29024764233145
ENSSSCG00000001760,1.60992043254379,1.45817793239689
ENSSSCG00000032498,25.3079491995884,24.1907980066869
ENSSSCG00000001762,17.2261486282186,12.1140935922203
ENSSSCG00000027477,50.7768904424313,55.2985938978205
ENSSSCG00000001765,30.4596945837286,8.78645677213511
ENSSSCG00000001769,299.992573400211,295.8231743878
ENSSSCG00000001770,123.480897176109,72.0115563537541
ENSSSCG00000002628,56.2506199130802,46.0260778148865
ENSSSCG00000002629,91.9908535155524,65.4310610690912
ENSSSCG00000038491,11.5914271143153,2.09379395421092
ENSSSCG00000052947,8.66137192708561,81.0223481924119
ENSSSCG00000058308,1.70651565849642,4.37453379719067
ENSSSCG00000001732,32.423797511432,61.7669216492221
ENSSSCG00000001731,15.6162281956748,7.77694897278342
ENSSSCG00000001734,0.901555442224525,0.635616021814029
ENSSSCG00000001736,0,5.08492817451223
ENSSSCG00000036460,0.450777721112262,0.0747783555075329
ENSSSCG00000001746,14.006307763131,1.86945888768832
ENSSSCG00000025488,31.7476309297636,19.5171507874661
ENSSSCG00000001750,33.6795354488162,65.1693368248149
ENSSSCG00000002620,86.5815208622052,55.9342099196346
ENSSSCG00000038401,88.5778221985595,177.00036748633
ENSSSCG00000002622,18.9970611040168,21.7978906304458
ENSSSCG00000025788,68.5504120177147,39.221247463701
ENSSSCG00000001715,70.8364990319269,70.2916541770809
ENSSSCG00000001716,12.3963873305872,14.4322226129538
ENSSSCG00000001718,55.51005651411,48.2694284801125
ENSSSCG00000001720,95.6936705104031,107.381718508817
ENSSSCG00000021218,0.901555442224525,0.486059310798964
ENSSSCG00000001723,133.172618180023,107.90516699737
ENSSSCG00000032691,20.1562038154483,12.1888719477279
ENSSSCG00000001724,1.15914271143153,0.186945888768832
ENSSSCG00000001727,43.9508278084456,134.41409402479
ENSSSCG00000030197,143.411712131001,49.465882168233
ENSSSCG00000001775,0.386380903810511,0.149556711015066
ENSSSCG00000038708,13.2013475468591,11.1045857928686
ENSSSCG00000040010,0.515174538414014,0.299113422030131
ENSSSCG00000001779,102.487534735738,103.979303333224
ENSSSCG00000001780,12.718371417096,27.9297157820635
ENSSSCG00000040288,95.1784959719891,60.6452463166091
ENSSSCG00000001782,35.9656224630284,42.1376033284948
ENSSSCG00000038929,21.8949178825956,40.9411496403742
ENSSSCG00000023467,0.611769764366642,12.974044680557
ENSSSCG00000021587,98.3339400197749,144.4343936628
ENSSSCG00000002627,45.2387641544806,48.2320393023587
ENSSSCG00000001786,36.062217688981,14.9556711015066
ENSSSCG00000001787,3.54182495159635,4.03803119740677
ENSSSCG00000001788,7.2124435377962,7.32827883973822
ENSSSCG00000001792,40.8597805779615,50.4006116120771
ENSSSCG00000031963,27.6584330311024,14.8435035682453
ENSSSCG00000001773,51.1954697548926,40.7168145738516
ENSSSCG00000024149,56.540405590938,94.5572305392753
ENSSSCG00000047070,1.48112679794029,0.299113422030131
ENSSSCG00000001752,2.18949178825956,1.12167533261299
ENSSSCG00000036924,87.5152747130806,105.811373043159
ENSSSCG00000001755,8.69357033573649,7.77694897278342
ENSSSCG00000001756,75.3442762430495,75.563528240362
ENSSSCG00000021873,27.6906314397533,9.83335374924057
ENSSSCG00000001757,39.70063786653,30.3226231583046
ENSSSCG00000037646,110.247351220599,80.199786281829
ENSSSCG00000056088,1.15914271143153,0.859951088336628
ENSSSCG00000037209,33.5507418142127,56.831550185725
ENSSSCG00000061697,1.28793634603504,0.336502599783898
ENSSSCG00000051992,0.321984086508759,0.448670133045197
ENSSSCG00000063254,0.289785677857883,0.52344848855273
ENSSSCG00000057483,0.869357033573649,0.710394377321562
ENSSSCG00000053129,0.54737294706489,0.897340266090394
ENSSSCG00000054574,4.60437243707525,1.90684806544209
ENSSSCG00000002623,1.09474589412978,14.4322226129538
ENSSSCG00000002140,0.321984086508759,0.224335066522599
ENSSSCG00000024396,5.50592787929978,4.4493121526982
ENSSSCG00000002134,0.837158624922773,0.52344848855273
ENSSSCG00000002135,33.8727259007214,45.2035159043036
ENSSSCG00000031649,5.18394379279102,4.7858147524821
ENSSSCG00000062585,3.09104723048408,0.635616021814029
ENSSSCG00000021866,0,1.19645368812053
ENSSSCG00000059608,33.0677656844495,33.9867625781737
ENSSSCG00000001977,46.3979068659121,100.913390757416
ENSSSCG00000022705,349.771313174465,363.460196944363
ENSSSCG00000059880,0.321984086508759,1.68251299891949
ENSSSCG00000001978,2.28608701421219,2.05640477645715
ENSSSCG00000057971,3.57402336024722,1.15906451036676
ENSSSCG00000057160,0.160992043254379,1.60773464341196
ENSSSCG00000001983,16.1636011427397,18.6945888768832
ENSSSCG00000001984,87.5474731217315,124.655518631057
ENSSSCG00000001985,0.837158624922773,0.673005199567796
ENSSSCG00000002269,87.8372587995894,58.8505657844284
ENSSSCG00000039616,17.4515374887747,18.4702538103606
ENSSSCG00000002268,10.7542684893925,2.54246408725612
ENSSSCG00000023724,38.638090381051,17.610302722024
ENSSSCG00000002275,27.497440987848,16.1147356118733
ENSSSCG00000032647,0.450777721112262,0.224335066522599
ENSSSCG00000002276,172.7766608206,366.825222942202
ENSSSCG00000002277,1.83530929309993,3.32763682008521
ENSSSCG00000002254,71.7058560655006,105.32531373236
ENSSSCG00000002257,15.0044584313082,10.0576888157632
ENSSSCG00000002267,106.930915129559,299.3003679189
ENSSSCG00000002266,102.841717230898,129.777835983323
ENSSSCG00000002265,14.1994982150363,28.5279426261238
ENSSSCG00000039271,1.44892838928941,2.39290737624105
ENSSSCG00000032473,26.6924807715761,38.6230206196407
ENSSSCG00000002263,55.6710485573644,210.538459931459
ENSSSCG00000051429,2.51147587476832,3.36502599783898
ENSSSCG00000002283,40.9241773952632,21.124885430878
ENSSSCG00000001986,39.6040426405773,33.9867625781737
ENSSSCG00000002285,21.540735387436,34.9214920220178
ENSSSCG00000002383,46.2691132313086,117.850688279872
ENSSSCG00000001987,30.2021073145216,29.126169470184
ENSSSCG00000001988,16.5821804552011,24.2655763621944
ENSSSCG00000002309,6.37528491287342,2.31812902073352
ENSSSCG00000002374,94.2125437124628,149.89321361485
ENSSSCG00000020941,0.128793634603504,0.448670133045197
ENSSSCG00000002375,2.02849974500518,0.224335066522599
ENSSSCG00000001989,0.225388860556131,0.52344848855273
ENSSSCG00000050616,12.0422048354276,28.3036075596012
ENSSSCG00000002377,49.5855493223489,77.1712628837739
ENSSSCG00000001990,20.3815926760044,22.9569551408126
ENSSSCG00000001991,41.0851694385176,53.2421891213634
ENSSSCG00000002287,42.1155185153456,55.8968207418808
ENSSSCG00000038172,39.5074474146247,46.5121371256854
ENSSSCG00000040060,116.010866369106,50.5501683230922
ENSSSCG00000002138,17.7735215752835,12.7123204362806
ENSSSCG00000033278,52.1614220144189,79.1528893047235
ENSSSCG00000024445,59.148476691659,46.3999695924241
ENSSSCG00000029203,72.9937924115356,106.446989064973
ENSSSCG00000051291,4.47557880247175,3.70152859762288
ENSSSCG00000029544,46.9774782216279,55.4855397865894
ENSSSCG00000002378,21.7661242479921,29.9487313807669
ENSSSCG00000033295,40.9563758039141,38.6977989751483
ENSSSCG00000002379,21.9915131085482,21.1996637863856
ENSSSCG00000002290,10.2390939509785,7.47783555075329
ENSSSCG00000002380,39.2176617367668,18.3580862770993
ENSSSCG00000002127,159.18893236993,249.236258906607
ENSSSCG00000023791,7.24464194644707,8.26300828358238
ENSSSCG00000002381,128.149666430486,161.558637074025
ENSSSCG00000002292,25.951917372606,42.5114951060324
ENSSSCG00000039351,7.50222921565408,7.92650568379848
ENSSSCG00000002311,54.0611281248206,60.4209112500865
ENSSSCG00000022900,109.410192595676,118.299358412917
ENSSSCG00000022147,78.9504980119477,63.711158892418
ENSSSCG00000032583,89.4149808234823,38.0621829533342
ENSSSCG00000002129,0.901555442224525,0.52344848855273
ENSSSCG00000002279,2.38268224016482,2.50507490950235
ENSSSCG00000002313,9.75611782121539,2.50507490950235
ENSSSCG00000035684,671.304621962111,690.092053801267
ENSSSCG00000002280,180.729667757366,274.137451290615
ENSSSCG00000002388,0.901555442224525,0.0747783555075329
ENSSSCG00000002281,26.8534728148305,48.2320393023587
ENSSSCG00000002389,54.1899217594241,28.0044941375711
ENSSSCG00000037267,84.3920290739457,137.442617422845
ENSSSCG00000002390,25.6621316947481,38.3239071976106
ENSSSCG00000038947,245.738254823485,315.228157642005
ENSSSCG00000002392,49.4889540963962,78.2929382163869
ENSSSCG00000029760,88.2236397033999,75.1522472850705
ENSSSCG00000002260,2.18949178825956,4.74842557472834
ENSSSCG00000038313,56.7013976341924,45.3156834375649
ENSSSCG00000002398,20.9933624403711,10.6559156598234
ENSSSCG00000002259,73.8953478537601,137.330449889584
ENSSSCG00000023857,264.252339797738,144.397004485046
ENSSSCG00000002258,2.28608701421219,5.5709874853112
ENSSSCG00000002399,1.83530929309993,0
ENSSSCG00000058514,22.6032828729149,21.6857230971845
ENSSSCG00000002329,15.9704106908344,16.0399572563658
ENSSSCG00000059583,0.740563398970145,1.49556711015066
ENSSSCG00000058085,3.02665041318233,1.86945888768832
ENSSSCG00000058138,0.386380903810511,0.448670133045197
ENSSSCG00000060237,0.386380903810511,0.673005199567796
ENSSSCG00000054734,2.31828542286306,0.785172732829095
ENSSSCG00000002330,49.295763644491,110.634576973395
ENSSSCG00000053854,0.354182495159635,0.897340266090394
ENSSSCG00000051457,0.0643968173017518,0.52344848855273
ENSSSCG00000061352,0.515174538414014,2.35551819848728
ENSSSCG00000046098,1.38453157198766,0.710394377321562
ENSSSCG00000054347,3.05884882183321,0.972118621597927
ENSSSCG00000059232,0.579571355715766,1.86945888768832
ENSSSCG00000052563,0.676166581668393,0.261724244276365
ENSSSCG00000061469,0.740563398970145,1.15906451036676
ENSSSCG00000053970,3.86380903810511,6.73005199567796
ENSSSCG00000002332,61.6277541577764,71.1889944431713
ENSSSCG00000052641,6.98705467724007,7.17872212872315
ENSSSCG00000048983,3.21984086508759,2.13118313196469
ENSSSCG00000046975,0.740563398970145,0.448670133045197
ENSSSCG00000050687,13.2657443641609,8.82384594988888
ENSSSCG00000030309,384.288007248204,489.873006929848
ENSSSCG00000021950,1.12694430278066,0.673005199567796
ENSSSCG00000029754,330.291275940685,143.125772441418
ENSSSCG00000021718,158.255178519055,180.851452794968
ENSSSCG00000002142,86.5171240449035,54.737756231514
ENSSSCG00000002143,34.6132892996916,18.0215836773154
ENSSSCG00000002144,0.740563398970145,0.598226844060263
ENSSSCG00000002145,21.5085369787851,23.7421278736417
ENSSSCG00000002387,43.854232582493,44.0444513939369
ENSSSCG00000002314,0.193190451905255,253.648181881551
ENSSSCG00000002315,11.9134112008241,4.86059310798964
ENSSSCG00000002397,21.283148118229,20.975328719863
ENSSSCG00000002396,32.6491863719881,33.9119842226661
ENSSSCG00000036028,30.2343057231725,33.5007032673747
ENSSSCG00000002400,26.8534728148305,6.65527364017042
ENSSSCG00000030069,8.30718943192598,2.16857230971845
ENSSSCG00000002403,44.3050103036052,61.3930298716845
ENSSSCG00000002235,52.0970251971172,51.709232833459
ENSSSCG00000001964,0.321984086508759,0.673005199567796
ENSSSCG00000002406,126.185563502783,167.353959625859
ENSSSCG00000002408,2.18949178825956,1.38339957688936
ENSSSCG00000054516,85.4867749680755,79.564170260015
ENSSSCG00000002241,0.418579312461386,0.972118621597927
ENSSSCG00000002316,3.02665041318233,2.43029655399482
ENSSSCG00000036960,59.0196830570555,97.174472982039
ENSSSCG00000031498,17.7091247579817,16.488627389411
ENSSSCG00000049361,1.12694430278066,0.448670133045197
ENSSSCG00000002243,40.3124076308966,41.0907063513893
ENSSSCG00000026389,79.9164502714739,50.6997250341073
ENSSSCG00000034753,30.2021073145216,32.7155305345456
ENSSSCG00000034290,9.079951239547,5.98226844060263
ENSSSCG00000020701,3.54182495159635,1.60773464341196
ENSSSCG00000025906,19.6410292770343,15.7408438343357
ENSSSCG00000028167,11.3660382537592,8.67428923887381
ENSSSCG00000001955,56.540405590938,64.2346073809707
ENSSSCG00000039550,7.40563398970145,7.81433815053718
ENSSSCG00000022932,73.7021574018549,71.712442931724
ENSSSCG00000027667,55.5422549227609,29.6496179587368
ENSSSCG00000002245,15.6484266043257,15.7408438343357
ENSSSCG00000027051,60.951587576108,61.953867537991
ENSSSCG00000029474,8.01740375406809,9.42207279394914
ENSSSCG00000002404,113.338398451083,176.364751464516
ENSSSCG00000034253,12.3319905132855,5.64576584081873
ENSSSCG00000033958,3.50962654294547,0.822561910582861
ENSSSCG00000002294,5.37713424469627,12.7870987917881
ENSSSCG00000002295,64.847595022864,69.8055948662819
ENSSSCG00000002296,60.178825768487,107.830388641862
ENSSSCG00000002298,54.1577233507732,66.3657905129354
ENSSSCG00000062223,6.05330082636466,4.22497708617561
ENSSSCG00000037105,78.338728247581,138.97557371075
ENSSSCG00000001958,35.7724320111231,20.3397126980489
ENSSSCG00000001959,28.9141709684865,25.9480893611139
ENSSSCG00000040912,68.74360246962,48.1946501246049
ENSSSCG00000001960,25.4045444255411,23.5551819848728
ENSSSCG00000060304,36.0300192803301,37.2770102205051
ENSSSCG00000001963,21.8305210652938,12.6001529030193
ENSSSCG00000001975,23.6658303583938,24.1160196511793
ENSSSCG00000001946,28.1092107522146,16.6381841004261
ENSSSCG00000044591,20.1240054067974,10.3941914155471
ENSSSCG00000001947,11.2372446191557,11.4784775704063
ENSSSCG00000032377,45.3675577890841,28.5653318038776
ENSSSCG00000002512,21.0255608490219,47.8955367025748
ENSSSCG00000037558,113.016414364574,130.376062827384
ENSSSCG00000002520,88.449028563956,185.487710836435
ENSSSCG00000002515,2.25388860556131,6.58049528466289
ENSSSCG00000002516,98.044154341917,181.973128127581
ENSSSCG00000002517,18.3208945223484,24.8638032062547
ENSSSCG00000028877,6.21429286961904,5.60837666306496
ENSSSCG00000028304,583.467363162522,330.520331343295
ENSSSCG00000001952,91.6688694290436,56.345490874926
ENSSSCG00000036702,179.634921863237,289.093122392122
ENSSSCG00000024517,8.59697510978386,22.1343932302297
ENSSSCG00000001966,80.5926168531423,76.199144262176
ENSSSCG00000039701,114.400945936562,172.251941911602
ENSSSCG00000001968,18.4818865656028,12.974044680557
ENSSSCG00000002305,46.1081211880543,47.7459799915597
ENSSSCG00000025131,0.321984086508759,0.261724244276365
ENSSSCG00000061987,1.44892838928941,2.80418833153248
ENSSSCG00000026663,27.4652425791971,9.87074292699434
ENSSSCG00000001970,46.7842877697227,56.3081016971722
ENSSSCG00000002306,5.02295174953664,14.5070009684614
ENSSSCG00000002307,63.3986666335746,42.9601652390776
ENSSSCG00000001971,96.3376386834206,127.609263673605
ENSSSCG00000028600,113.885771398148,182.010517305335
ENSSSCG00000001972,14.1672998063854,10.0202996380094
ENSSSCG00000033093,23.601433541092,9.7959645714868
ENSSSCG00000040657,44.4016055295578,38.585631441887
ENSSSCG00000060202,5.66691992255415,0.112167533261299
ENSSSCG00000022679,1.22353952873328,68.9456437779453
ENSSSCG00000002333,6.56847536477868,4.07542037516054
ENSSSCG00000001973,39.5396458232756,26.6584837384355
ENSSSCG00000028225,72.897197185583,84.2378174792358
ENSSSCG00000002494,26.6280839542744,33.463314089621
ENSSSCG00000002495,34.9030749775495,18.5076429881144
ENSSSCG00000002014,44.3050103036052,777.994010700372
ENSSSCG00000002015,59.4382623695169,80.9101806591506
ENSSSCG00000002016,28.8497741511848,32.2294712237467
ENSSSCG00000002496,23.5692351324411,32.7903088900532
ENSSSCG00000040339,23.9878144449025,16.0773464341196
ENSSSCG00000002020,18.932664286715,18.6945888768832
ENSSSCG00000033807,10.0137050904224,16.4138490339035
ENSSSCG00000027030,8.1461973886716,9.19773772742654
ENSSSCG00000002501,0.54737294706489,0.299113422030131
ENSSSCG00000002502,52.0326283798154,52.3074596775192
ENSSSCG00000053614,4.79756288898051,3.58936106436158
ENSSSCG00000032134,29.3971470982497,65.8797312021364
ENSSSCG00000002504,70.7077053973234,28.7148885148926
ENSSSCG00000040355,4.668769254377,1.68251299891949
ENSSSCG00000002505,222.845186272712,187.058056302093
ENSSSCG00000001840,109.023811691866,95.5293491608732
ENSSSCG00000036100,0.611769764366642,0.186945888768832
ENSSSCG00000002506,7.43783239835233,2.54246408725612
ENSSSCG00000002029,0.54737294706489,1.49556711015066
ENSSSCG00000027052,18.3208945223484,28.340996737355
ENSSSCG00000001846,12.0744032440785,7.14133295096939
ENSSSCG00000001847,1.41672998063854,2.76679915377872
ENSSSCG00000001867,2.99445200453146,2.65463162051742
ENSSSCG00000022794,8.24279261462422,5.4588199520499
ENSSSCG00000001868,202.978768135122,208.182941732971
ENSSSCG00000002510,0.0643968173017518,0.486059310798964
ENSSSCG00000002028,1.19134112008241,3.02852339805508
ENSSSCG00000057348,3.63842017754897,4.48670133045197
ENSSSCG00000002026,78.081140978374,217.791960415689
ENSSSCG00000001869,14.6502759361485,31.4816876686713
ENSSSCG00000001871,91.314686933884,86.2194439001854
ENSSSCG00000001872,4.5399756197735,14.4696117907076
ENSSSCG00000002025,60.3398178117414,73.6192909971661
ENSSSCG00000054284,233.599454762105,127.684042029112
ENSSSCG00000001903,44.4016055295578,51.7840111889665
ENSSSCG00000057418,34.2591068045319,47.2973098585145
ENSSSCG00000001904,41.503748750979,47.4468665695296
ENSSSCG00000001905,18.1277040704431,28.1540508485861
ENSSSCG00000001907,33.0677656844495,52.0831246109966
ENSSSCG00000023165,17.5481327147274,48.6059310798964
ENSSSCG00000025273,5.3449358360454,1.00950779935169
ENSSSCG00000001908,13.5233316333679,4.37453379719067
ENSSSCG00000002443,131.111920026367,149.967991970357
ENSSSCG00000001909,31.9730197903197,67.6744117343172
ENSSSCG00000001974,19.7376245029869,10.8428615485923
ENSSSCG00000001910,256.428126495575,367.386060608509
ENSSSCG00000001912,76.4390221371793,95.7910734051496
ENSSSCG00000001931,14.5858791188468,2.01901559870339
ENSSSCG00000002444,80.1418391320301,200.106879338158
ENSSSCG00000001934,31.0070675307935,29.9861205585207
ENSSSCG00000001913,16.8075693157572,13.8339957688936
ENSSSCG00000001914,5.73131673985591,7.81433815053718
ENSSSCG00000001938,1.38453157198766,1.27123204362806
ENSSSCG00000001916,0.611769764366642,0.448670133045197
ENSSSCG00000001917,114.175557076006,71.4881078652014
ENSSSCG00000002445,47.0740734475805,25.3124733392999
ENSSSCG00000001918,148.048282976727,182.683522504903
ENSSSCG00000037634,0.418579312461386,0.52344848855273
ENSSSCG00000039714,10.110300316375,3.55197188660781
ENSSSCG00000053210,2.9300551872297,0.635616021814029
ENSSSCG00000039508,1.19134112008241,0.261724244276365
ENSSSCG00000054710,0.998150668177152,1.04689697710546
ENSSSCG00000049161,3.89600744675598,3.43980435334651
ENSSSCG00000031719,77.3405775794039,122.711281387861
ENSSSCG00000061372,0.772761807621021,1.83206970993455
ENSSSCG00000062739,0.386380903810511,1.42078875464312
ENSSSCG00000053805,1.09474589412978,0.598226844060263
ENSSSCG00000001858,95.9512577796101,111.905809017023
ENSSSCG00000039317,1.7387140671473,4.86059310798964
ENSSSCG00000054611,1.57772202389292,0.0373891777537664
ENSSSCG00000055189,1.8675077017508,2.01901559870339
ENSSSCG00000048500,2.15729337960868,1.42078875464312
ENSSSCG00000057947,11.6236255229662,11.4784775704063
ENSSSCG00000057066,1.8675077017508,1.08428615485923
ENSSSCG00000054135,1.70651565849642,2.80418833153248
ENSSSCG00000031810,12.7827682343977,6.80483035118549
ENSSSCG00000001942,0.869357033573649,1.00950779935169
ENSSSCG00000055255,36.1588129149336,37.1648426872438
ENSSSCG00000033954,100.523431808034,55.3733722533281
ENSSSCG00000023760,65.6847536477868,82.1066343472711
ENSSSCG00000027457,69.0655865561288,47.7459799915597
ENSSSCG00000063116,0.998150668177152,0.299113422030131
ENSSSCG00000061790,17.1939502195677,11.6280342814214
ENSSSCG00000052301,5.02295174953664,1.04689697710546
ENSSSCG00000001863,3.05884882183321,0.560837666306496
ENSSSCG00000001862,51.0022793029874,41.614154839942
ENSSSCG00000033721,4.05699949001036,8.48734335010498
ENSSSCG00000002446,44.4660023468596,34.7719353110028
ENSSSCG00000055013,1.09474589412978,0.598226844060263
ENSSSCG00000054619,0.708364990319269,0.0747783555075329
ENSSSCG00000062459,0.708364990319269,0
ENSSSCG00000001865,11.2372446191557,9.19773772742654
ENSSSCG00000001950,12.2997921046346,10.2072455267782
ENSSSCG00000001866,126.700738041197,75.4887498848544
ENSSSCG00000001819,207.518743754895,193.227270631465
ENSSSCG00000001821,76.4712205458302,148.771538282237
ENSSSCG00000001820,28.6565836992795,19.4049832542048
ENSSSCG00000002449,13.1691491382082,19.2180373654359
ENSSSCG00000002447,65.2017775180236,62.8885969818351
ENSSSCG00000002450,10.1424987250259,1245.28395426694
ENSSSCG00000002451,27.8838218916585,29.3131153589529
ENSSSCG00000002452,185.559429054998,130.787343782675
ENSSSCG00000002455,54.8982867497434,49.1293795684491
ENSSSCG00000040548,0.9337538508754,0
ENSSSCG00000002456,47.9434304811542,9.04818101641148
ENSSSCG00000002457,57.3453658072099,200.592938648957
ENSSSCG00000002458,13.748720493924,20.9379395421092
ENSSSCG00000051892,22.2169019691044,26.097646072129
ENSSSCG00000002460,36.5451938187441,31.4442984909176
ENSSSCG00000002461,75.9560460074162,69.2447571999754
ENSSSCG00000045052,1.15914271143153,1.68251299891949
ENSSSCG00000057340,1.93190451905255,0.448670133045197
ENSSSCG00000047048,3.7350154035016,4.22497708617561
ENSSSCG00000042615,6.4074833215243,5.75793337408003
ENSSSCG00000057191,0.869357033573649,0.186945888768832
ENSSSCG00000062191,81.6229659299703,70.7403243101261
ENSSSCG00000048556,25.5011396514937,9.30990526068784
ENSSSCG00000051274,17.8379183925852,23.7795170513954
ENSSSCG00000024310,60.2754209944396,20.7883828310941
ENSSSCG00000001033,25.8553221466533,20.7136044755866
ENSSSCG00000001021,23.6658303583938,46.2878020591628
ENSSSCG00000037195,0.837158624922773,0.0747783555075329
ENSSSCG00000000994,81.0755929829055,95.9032409384109
ENSSSCG00000038404,40.4412012655001,73.6192909971661
ENSSSCG00000020758,63.2698729989711,57.9158363405842
ENSSSCG00000001009,134.718141795265,158.604892031477
ENSSSCG00000001008,48.1688193417103,49.8023847680169
ENSSSCG00000062050,9.30534010010313,53.1674107658559
ENSSSCG00000001826,76.3746253198776,25.61158676133
ENSSSCG00000030131,19.4800372337799,10.730694015331
ENSSSCG00000038630,19.5122356424308,15.4417304123055
ENSSSCG00000052348,6.66507059073131,2.91635586479378
ENSSSCG00000001804,25.1147587476832,11.4036992148988
ENSSSCG00000001805,23.9878144449025,27.9297157820635
ENSSSCG00000021463,0.289785677857883,0.52344848855273
ENSSSCG00000020439,0.128793634603504,0.598226844060263
ENSSSCG00000044313,0.772761807621021,0.411280955291431
ENSSSCG00000029550,0.450777721112262,0.261724244276365
ENSSSCG00000001806,1.03034907682803,0.299113422030131
ENSSSCG00000033655,9.36973691740488,19.0310914766671
ENSSSCG00000001807,0.869357033573649,2.35551819848728
ENSSSCG00000036988,21.4119417528325,23.2560685628427
ENSSSCG00000001004,41.3427567077246,30.2104556250433
ENSSSCG00000031538,161.153035297634,109.587679996289
ENSSSCG00000035598,38.9278760589089,18.4328646326068
ENSSSCG00000000999,21.0899576663237,19.7414858539887
ENSSSCG00000000998,20.6391799452114,12.4132070142505
ENSSSCG00000002023,47.2350654908349,52.1579029665042
ENSSSCG00000031269,16.1957995513906,21.5361663861695
ENSSSCG00000038717,16.2923947773432,33.5007032673747
ENSSSCG00000037420,3.41303131699284,3.51458270885404
ENSSSCG00000001049,39.4752490059738,50.587557500846
ENSSSCG00000001052,31.0070675307935,8.93601348315018
ENSSSCG00000001053,24.116608079506,26.6958729161892
ENSSSCG00000025582,59.92123849928,43.7827271496605
ENSSSCG00000035867,7.14804672049445,4.00064201965301
ENSSSCG00000001832,0.0643968173017518,0.52344848855273
ENSSSCG00000001002,106.641129451701,95.9780192939184
ENSSSCG00000031129,30.2021073145216,21.2744421418931
ENSSSCG00000030597,6.63287218208043,3.51458270885404
ENSSSCG00000001573,15.6484266043257,3.14069093131638
ENSSSCG00000001680,97.7221702554083,53.1674107658559
ENSSSCG00000001834,96.756217995882,129.665668450062
ENSSSCG00000001000,27.6262346224515,32.7529197122994
ENSSSCG00000040816,62.4649127826992,45.8017427483639
ENSSSCG00000001056,22.7964733248201,12.6749312585268
ENSSSCG00000031489,53.3205647258505,49.5032713459867
ENSSSCG00000001835,24.9537667044288,51.7840111889665
ENSSSCG00000001837,35.2250590640582,18.9189239434058
ENSSSCG00000033381,19.190251555922,11.3289208593912
ENSSSCG00000000985,210.416600533474,169.559921113331
ENSSSCG00000001836,0.418579312461386,40.7542037516054
ENSSSCG00000001838,86.9357033573649,85.3594928118488
ENSSSCG00000001022,247.895548203093,273.352278557786
ENSSSCG00000001849,17.0651565849642,70.8524918433874
ENSSSCG00000038886,4.86195970628226,6.61788446241666
ENSSSCG00000001024,49.0703747839348,38.9969123971784
ENSSSCG00000001589,1.22353952873328,1.15906451036676
ENSSSCG00000001025,315.995182499696,597.852952282725
ENSSSCG00000056995,4.70096766302788,5.72054419632626
ENSSSCG00000025423,52.0004299711645,40.7915929293592
ENSSSCG00000027796,0.643968173017518,0.0747783555075329
ENSSSCG00000046358,40.9563758039141,27.8923266043098
ENSSSCG00000001027,5.40933265334715,18.6945888768832
ENSSSCG00000034131,280.319345714525,226.017579521518
ENSSSCG00000001672,0.482976129763138,0.373891777537664
ENSSSCG00000001667,38.380503111844,42.1376033284948
ENSSSCG00000040593,31.8442261557162,28.0792724930786
ENSSSCG00000037416,70.3857213108147,49.9145523012782
ENSSSCG00000030174,45.2709625631315,60.196576183564
ENSSSCG00000036257,12.0744032440785,16.9372975224562
ENSSSCG00000001850,70.1281340416077,85.5838278783714
ENSSSCG00000021361,38.4448999291458,48.5685419021426
ENSSSCG00000001852,257.361880346451,597.329503794172
ENSSSCG00000001873,5.50592787929978,30.5843474025809
ENSSSCG00000001875,97.0460036737399,116.579456236244
ENSSSCG00000001877,22.2491003777552,25.8733110056064
ENSSSCG00000001878,53.8679376729153,66.6649039349655
ENSSSCG00000001880,125.090817608653,188.404066701229
ENSSSCG00000001881,148.370267063236,103.156741422642
ENSSSCG00000001882,14.7468711621012,13.7218282356323
ENSSSCG00000001884,29.300551872297,23.854295406903
ENSSSCG00000041453,0.386380903810511,0.411280955291431
ENSSSCG00000032355,3.44522972564372,2.95374504254755
ENSSSCG00000028777,5.05515015818751,6.54310610690912
ENSSSCG00000001010,89.4471792321332,75.713084951377
ENSSSCG00000001011,80.946799348302,93.1738309623859
ENSSSCG00000031615,37.7043365301757,47.222531503007
ENSSSCG00000052423,4.21799153326474,5.9074900850951
ENSSSCG00000059227,1.96410292770343,2.39290737624105
ENSSSCG00000000991,0.708364990319269,1.08428615485923
ENSSSCG00000039756,2.47927746611744,2.01901559870339
ENSSSCG00000057567,30.87827389619,28.5653318038776
ENSSSCG00000062092,1.54552361524204,0.859951088336628
ENSSSCG00000001885,57.2809689899082,127.796209562374
ENSSSCG00000062502,1.38453157198766,1.49556711015066
ENSSSCG00000041051,0.579571355715766,0
ENSSSCG00000041566,1.22353952873328,1.08428615485923
ENSSSCG00000062130,2.22169019691044,3.47719353110028
ENSSSCG00000027478,6.4074833215243,8.00128403930602
ENSSSCG00000057323,0.579571355715766,0.934729443844161
ENSSSCG00000059699,0.321984086508759,0.261724244276365
ENSSSCG00000062087,2.60807110072095,3.58936106436158
ENSSSCG00000062690,0.740563398970145,0.486059310798964
ENSSSCG00000043207,3.02665041318233,2.65463162051742
ENSSSCG00000059998,8.08180057136985,3.55197188660781
ENSSSCG00000033701,0.804960216271897,0.0747783555075329
ENSSSCG00000001887,25.5655364687954,29.9487313807669
ENSSSCG00000050204,12.0422048354276,0.373891777537664
ENSSSCG00000057939,1.09474589412978,0.747783555075329
ENSSSCG00000024316,65.2661743353254,117.364628969073
ENSSSCG00000001572,19.8342197289395,5.08492817451223
ENSSSCG00000029776,33.2931545450057,29.0140019369227
ENSSSCG00000024990,14.2316966236871,14.2078875464312
ENSSSCG00000001688,48.5230018368699,41.6889331954496
ENSSSCG00000001676,6.05330082636466,8.41256499459745
ENSSSCG00000033627,18.4818865656028,25.2750841615461
ENSSSCG00000028007,46.430105274563,37.5761236425353
ENSSSCG00000001892,279.965163219366,275.745185934027
ENSSSCG00000001679,115.270302970136,191.993427765591
ENSSSCG00000001898,188.714873102784,71.4507186874476
ENSSSCG00000001683,14.521482301545,16.0773464341196
ENSSSCG00000001689,38.0585190253353,32.6407521790381
ENSSSCG00000016346,9.72391941256451,8.33778663908991
ENSSSCG00000001895,0.611769764366642,0.224335066522599
ENSSSCG00000001691,11.3982366624101,8.33778663908991
ENSSSCG00000001899,0.9337538508754,0.149556711015066
ENSSSCG00000001692,39.2176617367668,112.578814216591
ENSSSCG00000001900,79.9164502714739,82.443136947055
ENSSSCG00000001793,4.44338039382087,6.05704679611016
ENSSSCG00000001795,1.38453157198766,0.299113422030131
ENSSSCG00000001798,19.6088308683834,7.51522472850705
ENSSSCG00000035432,27.5940362138006,15.1800061680292
ENSSSCG00000001577,30.2343057231725,46.9608072587306
ENSSSCG00000001578,33.45414658826,45.9139102816252
ENSSSCG00000001800,16.7753709071063,8.59951088336628
ENSSSCG00000059332,112.887620729971,104.876643599315
ENSSSCG00000001801,30.3952977664268,14.8061143904915
ENSSSCG00000036178,14.263895032338,16.2269031451346
ENSSSCG00000001848,1.64211884119467,2.43029655399482
ENSSSCG00000001582,7.14804672049445,2.09379395421092
ENSSSCG00000027358,621.590279005159,364.394926388208
ENSSSCG00000001810,29.3971470982497,32.0051361572241
ENSSSCG00000039952,69.258777008034,116.467288702982
ENSSSCG00000037507,30.2021073145216,39.0716907526859
ENSSSCG00000027778,20.8645688057676,12.487985369758
ENSSSCG00000041322,2.8012615526262,6.58049528466289
ENSSSCG00000034070,80.5282200358406,113.924824615726
ENSSSCG00000029183,82.7821086414019,99.1187102252348
ENSSSCG00000036907,6.98705467724007,83.4152555686529
ENSSSCG00000022451,38.9278760589089,49.0919903906953
ENSSSCG00000036356,3.44522972564372,8.71167841662758
ENSSSCG00000001814,237.237874939653,354.748518527736
ENSSSCG00000001485,2.9300551872297,0.747783555075329
ENSSSCG00000034090,56.9267864947486,77.7321005500804
ENSSSCG00000001816,8.21059420597335,3.96325284189924
ENSSSCG00000001486,44.369407120907,50.101498190047
ENSSSCG00000001817,194.252999390734,555.4162355322
ENSSSCG00000001488,26.8534728148305,73.0584533308596
ENSSSCG00000001818,83.007497501958,116.878569658274
ENSSSCG00000001808,1.32013475468591,0.52344848855273
ENSSSCG00000001921,88.191441294749,141.218924375976
ENSSSCG00000001925,49.7143429569524,56.6819934747099
ENSSSCG00000001924,81.8483547905265,43.6705596163992
ENSSSCG00000054126,41.0851694385176,44.1566189271982
ENSSSCG00000001926,0.482976129763138,0.112167533261299
ENSSSCG00000001927,164.276280936769,190.273525588917
ENSSSCG00000001930,577.381863927506,806.222839904465
ENSSSCG00000036011,0.804960216271897,3.73891777537664
ENSSSCG00000059314,4.76536448032963,9.23512690518031
ENSSSCG00000041719,0.676166581668393,0.448670133045197
ENSSSCG00000050527,2.99445200453146,8.89862430539641
ENSSSCG00000042572,28.9463693771374,55.5603181420969
ENSSSCG00000001888,2.99445200453146,3.58936106436158
ENSSSCG00000062080,0.708364990319269,0.299113422030131
ENSSSCG00000055760,9.72391941256451,6.50571692915536
ENSSSCG00000047853,2.76906314397533,1.04689697710546
ENSSSCG00000042472,0.708364990319269,0.0747783555075329
ENSSSCG00000054324,0.643968173017518,0.261724244276365
ENSSSCG00000061371,2.06069815365606,2.09379395421092
ENSSSCG00000061785,0.901555442224525,0.710394377321562
ENSSSCG00000056123,6.24649127826992,7.36566801749199
ENSSSCG00000041171,0.289785677857883,0.52344848855273
ENSSSCG00000055363,0.386380903810511,0.149556711015066
ENSSSCG00000042487,3.83161062945423,2.16857230971845
ENSSSCG00000062336,1.19134112008241,0.0747783555075329
ENSSSCG00000048877,0.837158624922773,0.299113422030131
ENSSSCG00000054944,6.14989605231729,6.46832775140159
ENSSSCG00000037307,18.5462833829045,24.5273006064708
ENSSSCG00000054731,41.2139630731211,36.3796699544147
ENSSSCG00000001535,3.50962654294547,1.98162642094962
ENSSSCG00000001536,10.0459034990733,6.46832775140159
ENSSSCG00000001537,66.7151027246148,53.9899726764387
ENSSSCG00000001538,21.7339258393412,20.6014369423253
ENSSSCG00000001539,57.0877785380029,86.2194439001854
ENSSSCG00000001546,21.8627194739447,16.002568078612
ENSSSCG00000001543,595.638361632553,409.149772159466
ENSSSCG00000001544,53.2239694998978,67.1135740680107
ENSSSCG00000035972,1.03034907682803,0.336502599783898
ENSSSCG00000001493,16.9041645417098,21.610944741677
ENSSSCG00000001549,70.3857213108147,326.257965079366
ENSSSCG00000001499,215.986925230075,94.4076738282602
ENSSSCG00000001550,0.837158624922773,30.733904113596
ENSSSCG00000001553,0.418579312461386,0.411280955291431
ENSSSCG00000001554,109.764375090836,85.3594928118488
ENSSSCG00000001556,83.8446561268808,117.514185680088
ENSSSCG00000038774,48.2332161590121,119.682757989806
ENSSSCG00000020803,48.6517954714734,92.7251608293407
ENSSSCG00000001560,0.901555442224525,0
ENSSSCG00000001561,18.3530929309992,16.8625191669487
ENSSSCG00000036420,0.869357033573649,0.598226844060263
ENSSSCG00000001101,1.19134112008241,0
ENSSSCG00000001562,93.3109882702383,107.680831930847
ENSSSCG00000001563,35.7402336024722,35.0710487330329
ENSSSCG00000035153,31.8764245643671,21.9100581637071
ENSSSCG00000037565,0.386380903810511,5.42143077429613
ENSSSCG00000037682,23.4726399064885,12.8992663250494
ENSSSCG00000045769,1.19134112008241,3.55197188660781
ENSSSCG00000021411,31.7154325211127,61.8043108269759
ENSSSCG00000057602,0.128793634603504,0.448670133045197
ENSSSCG00000033606,0.0643968173017518,2.54246408725612
ENSSSCG00000001137,19.0614579213185,43.707948794153
ENSSSCG00000001131,2.64026950937182,2.31812902073352
ENSSSCG00000001636,1.80311088444905,2.01901559870339
ENSSSCG00000020696,24.4707905746657,24.1534088289331
ENSSSCG00000001637,1.12694430278066,0.336502599783898
ENSSSCG00000001638,34.8064797515968,32.8276980678069
ENSSSCG00000038191,25.3401476082393,25.4246408725612
ENSSSCG00000001639,17.6125295320291,9.7959645714868
ENSSSCG00000001641,56.797992860145,55.223815542313
ENSSSCG00000001156,50.9056840770348,43.5583920831379
ENSSSCG00000056213,9.53072896065926,4.33714461943691
ENSSSCG00000001646,49.2635652358401,61.3556406939307
ENSSSCG00000025410,0.482976129763138,0.598226844060263
ENSSSCG00000026472,62.6581032346045,63.5616021814029
ENSSSCG00000046879,6.63287218208043,1.79468053218079
ENSSSCG00000001164,28.2058059781673,12.4132070142505
ENSSSCG00000040577,5.98890400906291,10.0576888157632
ENSSSCG00000044013,1.25573793738416,2.13118313196469
ENSSSCG00000033214,5.18394379279102,14.5070009684614
ENSSSCG00000001653,56.3472151390328,98.6326509144358
ENSSSCG00000001654,19.4800372337799,45.8391319261176
ENSSSCG00000001655,30.0411152712672,58.8879549621821
ENSSSCG00000001500,19.8020213202887,12.2262611254816
ENSSSCG00000022901,87.3542826698263,145.892571595197
ENSSSCG00000001656,34.0981147612776,59.0001224954434
ENSSSCG00000001501,108.637430788055,97.1370838042852
ENSSSCG00000001657,67.198078854378,48.9050445019265
ENSSSCG00000001502,604.36413037694,434.537023854273
ENSSSCG00000001503,16.9685613590116,30.2104556250433
ENSSSCG00000001504,17.1617518109168,25.5741975835762
ENSSSCG00000001658,27.3042505359427,31.2947417799025
ENSSSCG00000001505,24.63178261792,29.5000612477217
ENSSSCG00000001659,78.3709266562319,84.1630391237282
ENSSSCG00000001506,159.832900542948,127.347539429328
ENSSSCG00000054523,21.3797433441816,31.0330175356261
ENSSSCG00000001509,76.793204632339,97.3614188708078
ENSSSCG00000001660,251.308579520086,259.29394772237
ENSSSCG00000001661,30.2665041318233,34.24848682245
ENSSSCG00000030196,114.304350710609,96.5014677824712
ENSSSCG00000026568,8.46818147518036,3.62675024211534
ENSSSCG00000001664,0.482976129763138,0.822561910582861
ENSSSCG00000062364,0.482976129763138,0.822561910582861
ENSSSCG00000026741,27.9482187089603,37.6509019980428
ENSSSCG00000061760,3.4774281342946,11.2541425038837
ENSSSCG00000057703,1.51332520659117,0.261724244276365
ENSSSCG00000048697,4.47557880247175,1.68251299891949
ENSSSCG00000001651,53.449358360454,121.40266016648
ENSSSCG00000059243,3.54182495159635,5.5709874853112
ENSSSCG00000053280,0.225388860556131,5.42143077429613
ENSSSCG00000052435,0.676166581668393,1.68251299891949
ENSSSCG00000052704,2.12509497095781,17.1616325889788
ENSSSCG00000056247,0.128793634603504,0.560837666306496
ENSSSCG00000054633,0.257587269207007,1.08428615485923
ENSSSCG00000056711,0.321984086508759,4.93537146349717
ENSSSCG00000053691,0.128793634603504,0.448670133045197
ENSSSCG00000033451,0.482976129763138,0.822561910582861
ENSSSCG00000058610,1.41672998063854,30.8834608246111
ENSSSCG00000035331,1.77091247579817,1.49556711015066
ENSSSCG00000059172,1.89970611040168,0.747783555075329
ENSSSCG00000041434,2.89785677857883,1.19645368812053
ENSSSCG00000046312,0.0643968173017518,0.747783555075329
ENSSSCG00000052861,0.643968173017518,0.52344848855273
ENSSSCG00000001507,175.545723964575,277.913758243746
ENSSSCG00000001036,0.579571355715766,1.94423724319585
ENSSSCG00000062258,3.57402336024722,2.95374504254755
ENSSSCG00000033009,104.03305835098,356.28147481564
ENSSSCG00000001040,13.491133224717,12.6001529030193
ENSSSCG00000001041,28.012615526262,16.4512382116572
ENSSSCG00000001038,159.478718047788,151.426169902754
ENSSSCG00000001042,35.1606622467565,14.6565576794764
ENSSSCG00000051558,0.0321984086508759,0.934729443844161
ENSSSCG00000001045,5.53812628795065,87.1915625217833
ENSSSCG00000041131,1.09474589412978,2.57985326500988
ENSSSCG00000032146,27.8838218916585,39.0343015749322
ENSSSCG00000023956,93.4397819048418,58.8131766066746
ENSSSCG00000001822,15.7128234216274,21.0501070753705
ENSSSCG00000001823,6.14989605231729,2.13118313196469
ENSSSCG00000001825,21.5085369787851,32.1920820459929
ENSSSCG00000030626,31.651035703811,43.4836137276304
ENSSSCG00000036742,16.7753709071063,38.5482422641332
ENSSSCG00000002252,297.996272063856,164.661938827587
ENSSSCG00000028159,12.5573793738416,5.122317352266
ENSSSCG00000002337,60.436413037694,132.955916092393
ENSSSCG00000028663,147.114529125852,68.5343628226539
ENSSSCG00000002340,106.25474854789,135.236655935373
ENSSSCG00000002341,6.14989605231729,13.123601391572
ENSSSCG00000022178,89.7047665013402,88.9488538762103
ENSSSCG00000021676,1.44892838928941,0.972118621597927
ENSSSCG00000002344,22.7964733248201,26.9575971604656
ENSSSCG00000002348,7.88861011946459,16.6007949226723
ENSSSCG00000039469,60.7583971242028,29.4252828922142
ENSSSCG00000062320,27.6584330311024,18.5824213436219
ENSSSCG00000002350,71.5448640222462,133.329807869931
ENSSSCG00000002351,73.0903876374882,46.3625804146704
ENSSSCG00000002352,32.1018134249233,45.8765211038714
ENSSSCG00000002353,20.6069815365606,25.9107001833601
ENSSSCG00000002354,25.4689412428428,23.3308469183503
ENSSSCG00000002355,60.9193891674572,29.612228780983
ENSSSCG00000002356,4.05699949001036,1.23384286587429
ENSSSCG00000002357,62.529309600001,251.591777105094
ENSSSCG00000055314,15.2620457005152,24.6768573174858
ENSSSCG00000056471,13.9419109458293,23.1812902073352
ENSSSCG00000002349,16.5821804552011,26.1350352498827
ENSSSCG00000029539,34.7420829342951,41.8011007287109
ENSSSCG00000001497,26.3704966850673,19.6293183207274
ENSSSCG00000001498,6.08549923501554,3.43980435334651
ENSSSCG00000062828,4.47557880247175,6.69266281792419
ENSSSCG00000042854,3.79941222080335,3.81369613088418
ENSSSCG00000054858,1.28793634603504,1.12167533261299
ENSSSCG00000001824,34.4522972564372,62.0286458934985
ENSSSCG00000058159,0.708364990319269,0.149556711015066
ENSSSCG00000048394,0.708364990319269,0.299113422030131
ENSSSCG00000055865,0.321984086508759,0.598226844060263
ENSSSCG00000045171,0.257587269207007,0.411280955291431
ENSSSCG00000001510,17.0973549936151,6.35616021814029
ENSSSCG00000001511,32.7457815979408,35.0336595552791
ENSSSCG00000001512,46.7198909524209,62.2903701377749
ENSSSCG00000001513,108.959414874564,44.7174565935047
ENSSSCG00000060402,27.8194250743568,40.7542037516054
ENSSSCG00000001517,13.0081570949539,4.71103639697457
ENSSSCG00000001518,106.447938999796,344.316937934435
ENSSSCG00000030668,28.7209805165813,22.8447876075513
ENSSSCG00000001520,79.5300693676634,94.6693980725366
ENSSSCG00000001516,39.3464553713703,58.738398251167
ENSSSCG00000035895,12.975958686303,12.7123204362806
ENSSSCG00000055470,0.515174538414014,0.598226844060263
ENSSSCG00000021606,42.018923289393,32.8276980678069
ENSSSCG00000036494,57.2809689899082,80.3119538150903
ENSSSCG00000025984,76.5678157717828,91.566096318974
ENSSSCG00000002385,10.2390939509785,17.7598594330391
ENSSSCG00000002386,16.0348075081362,13.1609905693258
ENSSSCG00000033526,2.28608701421219,7.10394377321562
ENSSSCG00000002464,13.5877284506696,5.38404159654237
ENSSSCG00000040253,2.47927746611744,1.68251299891949
ENSSSCG00000002467,2.12509497095781,3.14069093131638
ENSSSCG00000002469,5.73131673985591,7.96389486155225
ENSSSCG00000002470,138.517554016068,239.328126801859
ENSSSCG00000035297,853.483218108767,3214.98322751311
ENSSSCG00000061690,75.9238475987653,72.9836749753521
ENSSSCG00000002474,10.9474589412978,0.859951088336628
ENSSSCG00000002479,9.8849114558189,9.04818101641148
ENSSSCG00000022251,15.7772202389292,160.848242696703
ENSSSCG00000028190,77.0829903101968,190.610028188701
ENSSSCG00000002032,197.891419568283,159.614399830829
ENSSSCG00000002035,46.8164861783735,36.1553348878921
ENSSSCG00000056336,15.1332520659117,13.2357689248333
ENSSSCG00000002034,255.397777418747,171.391990823265
ENSSSCG00000002037,32.1018134249233,9.72118621597927
ENSSSCG00000002036,75.1188873824934,93.323387673401
ENSSSCG00000031452,17.1617518109168,19.4423724319585
ENSSSCG00000029201,23.2472510459324,29.6870071364905
ENSSSCG00000033178,13.491133224717,8.18822992807485
ENSSSCG00000030045,88.6100206072104,96.6510244934862
ENSSSCG00000026700,116.590437724822,115.569948436892
ENSSSCG00000031874,6.2786896869208,6.73005199567796
ENSSSCG00000034465,303.405604717203,531.599329303051
ENSSSCG00000002039,702.85906243997,549.994804757904
ENSSSCG00000002040,22.6676796902166,24.5273006064708
ENSSSCG00000002041,13.8453157198766,14.1704983686775
ENSSSCG00000002042,93.117797818333,133.105472803408
ENSSSCG00000002045,20.8001719884658,16.7129624559336
ENSSSCG00000002051,70.1603324502585,233.420636716764
ENSSSCG00000002050,89.7047665013402,99.1934885807423
ENSSSCG00000056250,3.83161062945423,4.8979822857434
ENSSSCG00000001463,14.2316966236871,17.0120758779637
ENSSSCG00000001469,34.9674717948512,18.9937022989133
ENSSSCG00000001470,35.6114399678687,24.3777438954557
ENSSSCG00000001472,11.945609609475,5.27187406328107
ENSSSCG00000062678,24.0200128535534,38.585631441887
ENSSSCG00000001594,11.9134112008241,5.87010090734133
ENSSSCG00000001596,49.7787397742541,149.967991970357
ENSSSCG00000001595,87.5152747130806,80.2371754595828
ENSSSCG00000063572,1.0625474854789,1.12167533261299
ENSSSCG00000001457,103.099304500105,79.7885053265376
ENSSSCG00000025208,3.92820585540686,6.46832775140159
ENSSSCG00000001235,0.515174538414014,0.411280955291431
ENSSSCG00000063560,1.89970611040168,0.897340266090394
ENSSSCG00000063561,21.5729337960868,3.73891777537664
ENSSSCG00000063556,7.2124435377962,1.68251299891949
ENSSSCG00000024161,2.28608701421219,3.85108530863794
ENSSSCG00000001342,39.3142569627194,27.4436564712646
ENSSSCG00000058762,1.35233316333679,2.31812902073352
ENSSSCG00000038231,61.0481828020607,45.9512994593789
ENSSSCG00000002366,100.491233399384,60.3835220723328
ENSSSCG00000002367,6.02110241771379,6.24399268487899
ENSSSCG00000002368,124.833230339446,40.3803119740677
ENSSSCG00000002370,68.9045945128744,150.977499769709
ENSSSCG00000039202,22.8608701421219,15.2921737012905
ENSSSCG00000002372,104.097455168282,123.234729876414
ENSSSCG00000002373,0.450777721112262,0.52344848855273
ENSSSCG00000027922,215.342957057058,118.710639368208
ENSSSCG00000038553,3.38083290834197,0.673005199567796
ENSSSCG00000042447,6.95485626858919,4.07542037516054
ENSSSCG00000023366,5.18394379279102,4.7858147524821
ENSSSCG00000001611,89.3505840061806,78.3677165718944
ENSSSCG00000001612,2.57587269207007,0.747783555075329
ENSSSCG00000039270,3.38083290834197,0.859951088336628
ENSSSCG00000001616,0.804960216271897,0.598226844060263
ENSSSCG00000033251,0.482976129763138,0.224335066522599
ENSSSCG00000001618,0.257587269207007,0.448670133045197
ENSSSCG00000001619,113.885771398148,173.2240605332
ENSSSCG00000001620,3.89600744675598,5.87010090734133
ENSSSCG00000001621,21.8627194739447,55.8968207418808
ENSSSCG00000001625,0.386380903810511,37.0526751539825
ENSSSCG00000001624,4.73316607167875,4.6736472192208
ENSSSCG00000050940,79.0148948292494,70.1794866438196
ENSSSCG00000001629,4.31458675921737,5.72054419632626
ENSSSCG00000038520,24.0200128535534,28.1540508485861
ENSSSCG00000026752,6.11769764366642,10.730694015331
ENSSSCG00000032284,61.4023652972203,79.1528893047235
ENSSSCG00000022224,64.6544045709588,60.7948030276242
ENSSSCG00000036801,42.018923289393,95.1928465610893
ENSSSCG00000001453,197.955816385585,191.432590099284
ENSSSCG00000001455,52.9985806393417,34.3980435334651
ENSSSCG00000001456,115.560088647994,112.803149283113
ENSSSCG00000001475,201.111260433371,285.728096394283
ENSSSCG00000001476,39.5396458232756,52.9430756993333
ENSSSCG00000001477,95.725868919054,81.8822992807485
ENSSSCG00000001473,0.515174538414014,0.52344848855273
ENSSSCG00000001725,38.8312808329563,59.5983493395037
ENSSSCG00000001726,0.965952259526276,10.3194130600395
ENSSSCG00000001992,20.0596085894957,18.8441455878983
ENSSSCG00000001993,0.515174538414014,0.261724244276365
ENSSSCG00000001994,32.0374166076215,32.6033630012843
ENSSSCG00000026947,23.7624255843464,31.3321309576563
ENSSSCG00000031938,55.3168660622048,57.5419445630465
ENSSSCG00000033006,4.99075334088576,4.6736472192208
ENSSSCG00000033432,27.5296393964989,35.7066647548469
ENSSSCG00000025470,5.28053901874364,5.19709570777353
ENSSSCG00000054655,140.578252169724,159.277897231045
ENSSSCG00000002000,79.0470932379003,66.1788446241666
ENSSSCG00000002001,120.293254719672,36.0431673546308
ENSSSCG00000002002,90.1555442224525,130.824732960429
ENSSSCG00000002003,76.8897998582916,81.8822992807485
ENSSSCG00000002004,8.17839579732247,8.48734335010498
ENSSSCG00000002005,4.15359471596299,6.84221952893926
ENSSSCG00000002006,167.62491543646,224.559401589121
ENSSSCG00000002007,0.515174538414014,0.897340266090394
ENSSSCG00000002008,100.169249312875,146.789911861287
ENSSSCG00000002009,26.0163141899077,7.96389486155225
ENSSSCG00000002012,7.43783239835233,4.33714461943691
ENSSSCG00000002013,36.4807970014424,107.680831930847
ENSSSCG00000002436,27.9804171176111,24.8264140285009
ENSSSCG00000046060,1.19134112008241,0.710394377321562
ENSSSCG00000024377,17.4515374887747,24.6394681397321
ENSSSCG00000034114,12.7827682343977,67.4500766677946
ENSSSCG00000056631,0.482976129763138,0.299113422030131
ENSSSCG00000002440,85.5189733767263,52.2326813220117
ENSSSCG00000002441,110.376144855203,83.1161421466228
ENSSSCG00000052769,0.611769764366642,0.448670133045197
ENSSSCG00000002442,1.19134112008241,0.897340266090394
ENSSSCG00000032242,64.0104363979412,59.5609601617499
ENSSSCG00000023160,12.1066016527293,11.9271477034515
ENSSSCG00000031593,121.227008570548,128.693549828464
ENSSSCG00000060493,560.574294611749,475.40339513914
ENSSSCG00000027053,16.1636011427397,13.1983797470795
ENSSSCG00000036573,61.6921509750782,310.51712124503
ENSSSCG00000037476,23.6980287670446,49.0172120351878
ENSSSCG00000001527,121.484595839755,254.209019547858
ENSSSCG00000001531,38.4127015204949,41.5019873066807
ENSSSCG00000001532,9.91710986446977,14.880892745999
ENSSSCG00000001533,23.601433541092,28.8270560481539
ENSSSCG00000001534,110.859120984966,114.111770504495
ENSSSCG00000063137,0.321984086508759,1.04689697710546
ENSSSCG00000002508,65.9101425083429,109.774625885058
ENSSSCG00000037284,22.1203067431517,31.7434119129477
ENSSSCG00000025892,42.0511216980439,37.9500154200729
ENSSSCG00000001346,104.805820158601,171.205044934496
ENSSSCG00000001347,63.0766825470658,96.7631920267475
ENSSSCG00000001379,718.7006794962,1296.61929532287
ENSSSCG00000061414,12.8793634603504,15.853011367597
ENSSSCG00000023018,6.72946740803306,71.712442931724
ENSSSCG00000001434,10.110300316375,5.3466524187886
ENSSSCG00000001436,42.4375026018544,60.1591870058102
ENSSSCG00000001695,34.6132892996916,60.346132894579
ENSSSCG00000057650,3.63842017754897,0.560837666306496
ENSSSCG00000063238,1.09474589412978,0.373891777537664
ENSSSCG00000001696,38.0585190253353,41.2776522401581
ENSSSCG00000001697,39.3786537800212,51.6718436557052
ENSSSCG00000001698,0.676166581668393,0.112167533261299
ENSSSCG00000001700,25.0503619303814,11.7775909924364
ENSSSCG00000001701,582.372617268392,480.26398824713
ENSSSCG00000001702,51.6462474760049,78.5172732829095
ENSSSCG00000001703,22.2812987864061,19.5171507874661
ENSSSCG00000040047,15.551831378373,5.19709570777353
ENSSSCG00000001705,28.5599884733269,18.4328646326068
ENSSSCG00000001706,26.5958855456235,26.3219811386516
ENSSSCG00000039903,4.31458675921737,2.72940997602495
ENSSSCG00000001708,99.9116620436678,90.2948642753459
ENSSSCG00000001709,29.5581391415041,17.2738001222401
ENSSSCG00000001710,5.89230878311029,1.34601039913559
ENSSSCG00000001433,29.2683534636462,27.6306023600334
ENSSSCG00000056297,0.257587269207007,0.411280955291431
ENSSSCG00000002509,34.7420829342951,44.0818405716906
ENSSSCG00000001424,67.970840661999,85.322103634095
ENSSSCG00000001426,23.7302271756955,18.4702538103606
ENSSSCG00000001427,352.282789049233,456.297525306965
ENSSSCG00000001422,11.9134112008241,6.73005199567796
ENSSSCG00000024914,24.3419969400622,2.84157750928625
ENSSSCG00000001400,745.87613639754,518.737452155755
ENSSSCG00000001401,0.9337538508754,1.30862122138182
ENSSSCG00000001402,26.0485125985586,36.1179457101384
ENSSSCG00000001403,0.965952259526276,1.64512382116572
ENSSSCG00000060860,0.54737294706489,0
ENSSSCG00000052357,2.47927746611744,1.71990217667326
ENSSSCG00000030882,4.12139630731211,1.60773464341196
ENSSSCG00000032341,19.3834420078273,3.36502599783898
ENSSSCG00000001409,384.223610430902,659.619873931947
ENSSSCG00000001410,198.438792515348,249.124091373346
ENSSSCG00000001411,3.50962654294547,1.68251299891949
ENSSSCG00000063581,23.859020810299,37.5761236425353
ENSSSCG00000001413,49.3923588704436,37.7256803535503
ENSSSCG00000001414,69.7417531377971,114.298716393264
ENSSSCG00000034923,96.9494084477873,164.250657872296
ENSSSCG00000040885,0.0643968173017518,0.598226844060263
ENSSSCG00000034664,1.15914271143153,0.972118621597927
ENSSSCG00000038514,145.665600736562,191.320422566023
ENSSSCG00000039071,217.596845662619,288.158392948278
ENSSSCG00000035596,6.37528491287342,1.23384286587429
ENSSSCG00000063584,2.70466632667357,0.373891777537664
ENSSSCG00000036796,19.6088308683834,6.39354939589406
ENSSSCG00000038950,101.167399981052,105.250535376852
ENSSSCG00000039021,31.393448434604,38.735188152902
ENSSSCG00000030368,1.19134112008241,2.31812902073352
ENSSSCG00000063583,21.4763385701342,153.931244812256
ENSSSCG00000029160,66.0389361429464,340.652798514566
ENSSSCG00000001372,71.9634433347076,102.782849645104
ENSSSCG00000024604,79.0148948292494,39.0716907526859
ENSSSCG00000025943,19.5766324597325,22.5082850077674
ENSSSCG00000001376,54.8338899324416,55.1490371868055
ENSSSCG00000031492,46.430105274563,37.8004587090579
ENSSSCG00000023639,8.53257829248211,6.54310610690912
ENSSSCG00000001362,121.001619709992,186.684164524556
ENSSSCG00000022725,125.445000103812,223.923785567307
ENSSSCG00000027607,32.7135831892899,57.0184960744938
ENSSSCG00000001382,298.704637054176,347.158515443721
ENSSSCG00000001384,54.0933265334715,50.1762765455545
ENSSSCG00000037154,3.4774281342946,10.6185264820697
ENSSSCG00000030903,0.579571355715766,0
ENSSSCG00000055497,4.89415811493313,1.98162642094962
ENSSSCG00000001391,34.8064797515968,33.9119842226661
ENSSSCG00000001392,9.75611782121539,6.43093857364783
ENSSSCG00000001394,11.0762525759013,9.60901868271797
ENSSSCG00000001395,0.450777721112262,1.42078875464312
ENSSSCG00000001396,55.7032469660153,41.3898197734194
ENSSSCG00000001398,36.3520033668389,21.1996637863856
ENSSSCG00000056738,41.4393519336773,67.7865792675785
ENSSSCG00000001438,88.2558381120508,84.3873741902508
ENSSSCG00000001439,8.33938784057685,4.8979822857434
ENSSSCG00000001440,65.5881584218342,72.6845615533219
ENSSSCG00000001435,86.1951399583947,143.611831752217
ENSSSCG00000001437,1.25573793738416,1.15906451036676
ENSSSCG00000001216,1.48112679794029,0.486059310798964
ENSSSCG00000001252,8.9511576049435,3.51458270885404
ENSSSCG00000001242,173.420628993617,67.8239684453323
ENSSSCG00000001247,1.19134112008241,1.12167533261299
ENSSSCG00000063569,0.515174538414014,0
ENSSSCG00000001245,10.0459034990733,7.47783555075329
ENSSSCG00000024259,83.2328863625142,95.4545708053657
ENSSSCG00000001233,44.369407120907,88.3880162099038
ENSSSCG00000060989,258.746411918439,527.187406328107
ENSSSCG00000062469,75.6984587382092,82.7422503690851
ENSSSCG00000001229,184.786667247377,327.977867256039
ENSSSCG00000052432,163.6001143551,841.555612881775
ENSSSCG00000001341,351.220241563754,387.763162484312
ENSSSCG00000042638,4.86195970628226,4.59886886371327
ENSSSCG00000041410,7.82421330216284,0.897340266090394
ENSSSCG00000021130,10.0781019077242,8.86123512764264
ENSSSCG00000001430,117.813977253555,120.430541544882
ENSSSCG00000001431,4.99075334088576,6.87960870669302
ENSSSCG00000024403,14.2316966236871,30.4721798693196
ENSSSCG00000001421,27.3686473532445,10.0576888157632
ENSSSCG00000001423,44.884581659321,58.1775605848606
ENSSSCG00000001425,9.91710986446977,13.4974931691097
ENSSSCG00000023611,179.795913906491,377.555916957533
ENSSSCG00000001418,62.3039207394448,98.7822076254509
ENSSSCG00000001419,115.173707744183,119.308866212269
ENSSSCG00000001420,126.217761911433,141.25631355373
ENSSSCG00000001459,3.41303131699284,1.75729135442702
ENSSSCG00000025593,45.2065657458297,99.081321047481
ENSSSCG00000026951,29.2361550549953,25.125527450531
ENSSSCG00000025618,79.3368789157582,91.9025989187579
ENSSSCG00000001564,276.133552589912,175.616967909441
ENSSSCG00000001566,1.38453157198766,1.12167533261299
ENSSSCG00000001567,19.2546483732238,46.8486397254693
ENSSSCG00000040984,40.7631853520089,38.2491288421031
ENSSSCG00000035341,146.116378457675,261.387741676581
ENSSSCG00000001570,21.8949178825956,75.6009174181157
ENSSSCG00000001571,224.358511479303,1616.1098192288
ENSSSCG00000001565,69.6129595031937,43.8948946829218
ENSSSCG00000061569,4.21799153326474,3.85108530863794
ENSSSCG00000001483,3.41303131699284,1.19645368812053
ENSSSCG00000061450,0.0321984086508759,2.80418833153248
ENSSSCG00000056389,6.60067377342955,3.10330175356261
ENSSSCG00000022664,5.24834061009277,4.4493121526982
ENSSSCG00000001201,47.9112320725033,49.5406605237405
ENSSSCG00000001202,5.63472151390328,3.02852339805508
ENSSSCG00000057663,16.4533868205976,10.9550290818536
ENSSSCG00000021069,6.50407854747693,4.93537146349717
ENSSSCG00000001203,18.2886961136975,7.10394377321562
ENSSSCG00000001204,7.14804672049445,9.08557019416524
ENSSSCG00000001205,3.63842017754897,1.75729135442702
ENSSSCG00000001206,10.2068955423277,11.5532559259138
ENSSSCG00000001207,13.3623395901135,9.04818101641148
ENSSSCG00000025335,17.129553402266,13.5722715246172
ENSSSCG00000001209,16.9685613590116,15.7782330120894
ENSSSCG00000037512,2.76906314397533,0.486059310798964
ENSSSCG00000029425,31.4900436605566,41.0907063513893
ENSSSCG00000057382,1.0625474854789,0.224335066522599
ENSSSCG00000001232,1.89970611040168,1.30862122138182
ENSSSCG00000061628,0.515174538414014,0.186945888768832
ENSSSCG00000001458,0.193190451905255,0.635616021814029
ENSSSCG00000001471,385.64034041154,498.472517813214
ENSSSCG00000063586,0.643968173017518,0.224335066522599
ENSSSCG00000063578,0.772761807621021,0.934729443844161
ENSSSCG00000044205,1.0625474854789,1.04689697710546
ENSSSCG00000062260,8.72576874438736,3.21546928682391
ENSSSCG00000001474,64.5256109363553,53.9899726764387
ENSSSCG00000000522,402.705496996505,192.030816943344
ENSSSCG00000032321,8.46818147518036,3.51458270885404
ENSSSCG00000035495,36.4807970014424,35.6318863993394
ENSSSCG00000000927,8.37158624922773,5.4588199520499
ENSSSCG00000000926,27.239853718641,5.72054419632626
ENSSSCG00000000523,13.491133224717,8.03867321705978
ENSSSCG00000027503,57.7639451196713,33.3511465563597
ENSSSCG00000000925,19.963013363543,8.52473252785875
ENSSSCG00000036744,0.869357033573649,0.373891777537664
ENSSSCG00000000934,18.0311088444905,2.61724244276365
ENSSSCG00000040399,0.482976129763138,0.0747783555075329
ENSSSCG00000000936,12.3641889219363,29.2757261811991
ENSSSCG00000000940,2.76906314397533,0.373891777537664
ENSSSCG00000000939,31.0392659394443,12.8618771472957
ENSSSCG00000040348,0.611769764366642,0.224335066522599
ENSSSCG00000031716,1.51332520659117,0.598226844060263
ENSSSCG00000034948,11.5592287056644,4.11280955291431
ENSSSCG00000031580,24.2132033054587,17.2364109444863
ENSSSCG00000000920,46.6554941351191,26.2845919608978
ENSSSCG00000000473,62.786896869208,147.238581994332
ENSSSCG00000043102,18.4818865656028,30.3226231583046
ENSSSCG00000037910,141.061228299487,238.767289135552
ENSSSCG00000024065,47.0096766302788,108.989453152229
ENSSSCG00000000475,13.1047523209065,36.7535617319524
ENSSSCG00000000941,12.203196878682,6.91699788444679
ENSSSCG00000038987,13.1369507295574,8.41256499459745
ENSSSCG00000061326,1.22353952873328,0.299113422030131
ENSSSCG00000053882,2.41488064881569,0.52344848855273
ENSSSCG00000059748,2.09289656230693,0.635616021814029
ENSSSCG00000000477,13.3623395901135,16.0399572563658
ENSSSCG00000041180,20.3815926760044,6.76744117343172
ENSSSCG00000000478,9.40193532605576,2.35551819848728
ENSSSCG00000044141,8.04960216271897,3.77630695313041
ENSSSCG00000000516,0.579571355715766,0
ENSSSCG00000000517,29.5903375501549,4.8979822857434
ENSSSCG00000000519,7.66322125890846,3.17808010907015
ENSSSCG00000033524,10.110300316375,1.75729135442702
ENSSSCG00000000483,46.2047164140069,18.245918743838
ENSSSCG00000032595,88.5456237899087,108.353837130415
ENSSSCG00000000486,36.9315747225546,25.8359218278526
ENSSSCG00000000487,6.21429286961904,8.00128403930602
ENSSSCG00000000488,46.945279812977,39.370804174716
ENSSSCG00000035404,0.837158624922773,0.673005199567796
ENSSSCG00000023630,17.7735215752835,32.2294712237467
ENSSSCG00000038031,51.5174538414014,53.0178540548408
ENSSSCG00000000492,50.583699990526,3.10330175356261
ENSSSCG00000037845,13.6843236766222,7.10394377321562
ENSSSCG00000000493,16.8075693157572,19.4049832542048
ENSSSCG00000000496,184.400286343566,155.052920144869
ENSSSCG00000000499,0.482976129763138,0.373891777537664
ENSSSCG00000000500,37.9297253907318,30.0235097362744
ENSSSCG00000023936,2.8012615526262,5.49620912980367
ENSSSCG00000000502,99.0101066014433,167.615683870135
ENSSSCG00000031173,18.1277040704431,77.1338737060201
ENSSSCG00000000504,68.2606263398569,121.664384410756
ENSSSCG00000025969,6.56847536477868,4.52409050820574
ENSSSCG00000055572,1.8675077017508,1.12167533261299
ENSSSCG00000030511,79.4656725503617,2.31812902073352
ENSSSCG00000000509,58.3435164753871,18.1711403883305
ENSSSCG00000021270,28.3667980214216,5.04753899675847
ENSSSCG00000000510,35.2250590640582,36.7909509097062
ENSSSCG00000000512,42.6306930537597,25.2376949837923
ENSSSCG00000000599,29.1395598290427,20.0405992760188
ENSSSCG00000054160,146.084180049024,164.58716047208
ENSSSCG00000045667,2.51147587476832,3.36502599783898
ENSSSCG00000053428,2.35048383151394,4.03803119740677
ENSSSCG00000046584,0.321984086508759,0.747783555075329
ENSSSCG00000052508,13.9741093544801,9.64640786047174
ENSSSCG00000000571,6.63287218208043,11.0298074373611
ENSSSCG00000000573,4.28238835056649,8.26300828358238
ENSSSCG00000034733,50.5515015818751,70.1420974660658
ENSSSCG00000059025,48.780589106077,58.4392848291369
ENSSSCG00000021410,97.1104004910416,91.3791504302051
ENSSSCG00000000600,78.3065298389301,146.789911861287
ENSSSCG00000000844,34.8386781602477,19.5919291429736
ENSSSCG00000031329,3.41303131699284,3.36502599783898
ENSSSCG00000000846,37.4467492609686,36.8657292652137
ENSSSCG00000000848,33.6473370401653,19.2180373654359
ENSSSCG00000000847,49.0059779666331,38.1369613088418
ENSSSCG00000056928,25.3401476082393,17.7224702552853
ENSSSCG00000000849,708.686974405778,585.776247868259
ENSSSCG00000039397,141.640799655203,65.9918987353977
ENSSSCG00000000853,31.2324563913496,44.9417916600272
ENSSSCG00000000570,51.4852554327505,27.9297157820635
ENSSSCG00000000576,366.095906360459,903.995539730565
ENSSSCG00000036499,2.9300551872297,0.747783555075329
ENSSSCG00000000854,1.0625474854789,0.448670133045197
ENSSSCG00000032580,93.117797818333,118.374136768425
ENSSSCG00000032123,6.05330082636466,6.58049528466289
ENSSSCG00000000579,40.1192171789913,37.0152859762288
ENSSSCG00000000580,20.4781879019571,8.89862430539641
ENSSSCG00000000583,20.6391799452114,16.9372975224562
ENSSSCG00000000584,11.8168159748714,29.4252828922142
ENSSSCG00000028662,108.637430788055,187.880618212676
ENSSSCG00000000587,26.9178696321322,21.2370529641393
ENSSSCG00000000588,69.5807610945428,90.1453075643308
ENSSSCG00000000837,5.69911833120503,5.94487926284886
ENSSSCG00000000843,33.196559319053,34.3606543557113
ENSSSCG00000000136,12.6539745997942,3.36502599783898
ENSSSCG00000000137,17.8057199839344,5.75793337408003
ENSSSCG00000000789,0.321984086508759,0.224335066522599
ENSSSCG00000040822,5.4737294706489,2.39290737624105
ENSSSCG00000000791,0.998150668177152,2.91635586479378
ENSSSCG00000031701,31.8120277470654,17.2364109444863
ENSSSCG00000031775,19.3190451905255,15.1052278125216
ENSSSCG00000000793,50.5515015818751,36.6040050209373
ENSSSCG00000034066,19.8020213202887,6.0196576183564
ENSSSCG00000034491,15.5196329697222,34.6223785999877
ENSSSCG00000000779,16.3245931859941,41.0533171736355
ENSSSCG00000000138,9.69172100391364,0.149556711015066
ENSSSCG00000000139,37.2535588090634,30.6217365803347
ENSSSCG00000000781,0.579571355715766,0.0373891777537664
ENSSSCG00000000783,5.44153106199802,33.2763682008521
ENSSSCG00000038190,33.9049243093723,14.245276724185
ENSSSCG00000000133,225.485455782084,278.586763443314
ENSSSCG00000000784,19.4800372337799,9.34729443844161
ENSSSCG00000039587,2.09289656230693,1.57034546565819
ENSSSCG00000038966,75.6340619209074,322.855549903773
ENSSSCG00000060319,1.38453157198766,0.186945888768832
ENSSSCG00000000816,13.7809189025749,12.6749312585268
ENSSSCG00000021129,48.8771843320296,36.1553348878921
ENSSSCG00000021024,1.38453157198766,1.08428615485923
ENSSSCG00000000239,0.740563398970145,0.149556711015066
ENSSSCG00000021654,2.18949178825956,2.95374504254755
ENSSSCG00000000798,81.97714842513,72.9088966198445
ENSSSCG00000060059,0.450777721112262,0.0747783555075329
ENSSSCG00000000130,13.4267364074152,5.94487926284886
ENSSSCG00000021944,8.69357033573649,11.7028126369289
ENSSSCG00000029412,0.676166581668393,0.0747783555075329
ENSSSCG00000055678,72.5752130990742,86.2942222556929
ENSSSCG00000029668,32.166210242225,12.7870987917881
ENSSSCG00000026067,1.96410292770343,0.635616021814029
ENSSSCG00000000299,0.160992043254379,1.30862122138182
ENSSSCG00000000135,24.374195348713,11.1045857928686
ENSSSCG00000000252,518.619768139658,1998.75066436085
ENSSSCG00000000807,97.9797575246153,299.749038051945
ENSSSCG00000051741,0.482976129763138,1.15906451036676
ENSSSCG00000000253,148.305870245934,490.3964554184
ENSSSCG00000000808,274.330441705462,179.168939796049
ENSSSCG00000032028,393.818736208863,462.354572103076
ENSSSCG00000000263,170.458375397737,178.159431996697
ENSSSCG00000026597,29.8157264107111,1.27123204362806
ENSSSCG00000000810,61.9819366529361,77.470376305804
ENSSSCG00000000811,105.160002653761,142.078875464312
ENSSSCG00000043909,258.295634197326,233.009355761472
ENSSSCG00000021166,29.1717582376935,12.7123204362806
ENSSSCG00000033142,1.03034907682803,0.972118621597927
ENSSSCG00000000262,101.231796798354,150.640997169925
ENSSSCG00000000261,18.0311088444905,38.3239071976106
ENSSSCG00000023526,41.3749551163755,161.371691185256
ENSSSCG00000000260,0.193190451905255,0.486059310798964
ENSSSCG00000036775,31.0392659394443,52.9430756993333
ENSSSCG00000027859,230.347415488366,118.934974434731
ENSSSCG00000000259,22.7320765075184,16.1895139673809
ENSSSCG00000020864,2.70466632667357,3.36502599783898
ENSSSCG00000028397,79.4978709590125,64.4215532697395
ENSSSCG00000036564,84.6174179345018,74.4044637299952
ENSSSCG00000000257,3.96040426405773,5.83271172958756
ENSSSCG00000000258,39.1210665108142,65.6927853133676
ENSSSCG00000049975,0.837158624922773,0.299113422030131
ENSSSCG00000000264,33.9371227180232,63.7485480701718
ENSSSCG00000000265,9.36973691740488,4.26236626392937
ENSSSCG00000049194,0.54737294706489,0.0747783555075329
ENSSSCG00000048767,1.93190451905255,1.57034546565819
ENSSSCG00000046790,2.35048383151394,2.87896668704001
ENSSSCG00000052908,0.708364990319269,0.299113422030131
ENSSSCG00000063156,1.96410292770343,1.64512382116572
ENSSSCG00000058075,0.676166581668393,0.149556711015066
ENSSSCG00000055016,12.8149666430486,4.15019873066807
ENSSSCG00000000267,55.7032469660153,57.2428311410164
ENSSSCG00000046295,21.8627194739447,24.7890248507471
ENSSSCG00000000268,28.3345996127708,26.6958729161892
ENSSSCG00000062878,0.289785677857883,12.5627637252655
ENSSSCG00000000272,42.9526771402684,51.8214003667203
ENSSSCG00000000271,0.965952259526276,0.897340266090394
ENSSSCG00000000273,79.369077324409,115.532559259138
ENSSSCG00000000274,533.205647258505,605.218620300217
ENSSSCG00000000275,16.0670059167871,7.88911650604472
ENSSSCG00000000276,44.3050103036052,25.5741975835762
ENSSSCG00000000277,6.08549923501554,3.51458270885404
ENSSSCG00000000278,140.964633073535,189.89963381138
ENSSSCG00000062561,170.232986537181,205.341364223685
ENSSSCG00000028481,125.187412834605,118.710639368208
ENSSSCG00000028104,0.386380903810511,0.785172732829095
ENSSSCG00000030585,0.482976129763138,0.635616021814029
ENSSSCG00000040798,0.257587269207007,0.822561910582861
ENSSSCG00000038993,10.9796573499487,4.59886886371327
ENSSSCG00000039191,173.388430584967,165.110608960633
ENSSSCG00000000288,649.763886574675,373.55527493788
ENSSSCG00000000290,177.155644397119,202.798900136429
ENSSSCG00000000291,1.67431724984555,0.224335066522599
ENSSSCG00000000292,17.129553402266,32.2294712237467
ENSSSCG00000000293,87.5796715303824,165.933170871215
ENSSSCG00000026333,0.128793634603504,1.19645368812053
ENSSSCG00000000295,22.6998780988675,11.366310037145
ENSSSCG00000000297,5.73131673985591,5.42143077429613
ENSSSCG00000000298,0.321984086508759,0.448670133045197
ENSSSCG00000000120,23.0218621853763,31.6686335574402
ENSSSCG00000000121,0.611769764366642,0.486059310798964
ENSSSCG00000029945,6.24649127826992,5.19709570777353
ENSSSCG00000039348,144.82844211164,110.821522862164
ENSSSCG00000020777,71.8990465174058,449.941365088825
ENSSSCG00000021663,29.2361550549953,38.2491288421031
ENSSSCG00000033854,253.755658577553,226.690584721086
ENSSSCG00000034632,2.41488064881569,2.16857230971845
ENSSSCG00000028531,15.3264425178169,8.22561910582861
ENSSSCG00000024895,76.4712205458302,116.168175280952
ENSSSCG00000021728,0.804960216271897,0.560837666306496
ENSSSCG00000026108,0.128793634603504,0.448670133045197
ENSSSCG00000025260,72.6718083250269,110.111128484842
ENSSSCG00000030209,18.2242992963957,22.1343932302297
ENSSSCG00000024221,47.5248511686928,42.58627346154
ENSSSCG00000000141,231.570955017099,198.424366339238
ENSSSCG00000000142,19.963013363543,29.0887802924303
ENSSSCG00000000144,69.4841658685901,107.90516699737
ENSSSCG00000000162,3.57402336024722,45.9512994593789
ENSSSCG00000000164,26.5314887283217,32.0051361572241
ENSSSCG00000039109,27.2076553099901,12.7497096140344
ENSSSCG00000038968,79.9164502714739,57.3549986742777
ENSSSCG00000000167,31.0392659394443,51.1857843449062
ENSSSCG00000057209,25.3401476082393,49.4284929904792
ENSSSCG00000024881,33.3575513623074,11.4036992148988
ENSSSCG00000000171,36.8027810879511,34.9214920220178
ENSSSCG00000032861,46.6554941351191,26.1350352498827
ENSSSCG00000000232,42.534097827807,75.6756957736232
ENSSSCG00000000233,44.4016055295578,28.7896668704002
ENSSSCG00000000234,13.6521252679714,12.001926058959
ENSSSCG00000031321,9.72391941256451,33.7624275116511
ENSSSCG00000033687,25.5977348774463,38.8847448639171
ENSSSCG00000040636,2.35048383151394,2.50507490950235
ENSSSCG00000000248,1.25573793738416,0.186945888768832
ENSSSCG00000000131,2.47927746611744,0.747783555075329
ENSSSCG00000062762,2.28608701421219,4.41192297494444
ENSSSCG00000052770,0.0965952259526276,1.42078875464312
ENSSSCG00000055168,0.965952259526276,0.598226844060263
ENSSSCG00000042139,2.28608701421219,0.897340266090394
ENSSSCG00000058508,1.57772202389292,0.785172732829095
ENSSSCG00000059218,2.54367428341919,1.42078875464312
ENSSSCG00000045128,16.9685613590116,11.7402018146827
ENSSSCG00000055506,0.354182495159635,0.710394377321562
ENSSSCG00000042921,2.15729337960868,11.8149801701902
ENSSSCG00000053175,82.749910232751,71.712442931724
ENSSSCG00000041189,1.25573793738416,2.31812902073352
ENSSSCG00000020211,0.386380903810511,0.261724244276365
ENSSSCG00000062487,0.579571355715766,0
ENSSSCG00000029249,3.57402336024722,3.47719353110028
ENSSSCG00000000950,39.8938283184352,8.78645677213511
ENSSSCG00000000951,51.9038347452119,82.5553044803163
ENSSSCG00000000952,52.8697870047382,49.5406605237405
ENSSSCG00000038973,80.6248152617932,65.9171203798902
ENSSSCG00000036560,64.5256109363553,41.7263223732033
ENSSSCG00000000948,1.67431724984555,0.224335066522599
ENSSSCG00000025041,5.63472151390328,5.19709570777353
ENSSSCG00000043130,0.321984086508759,0.673005199567796
ENSSSCG00000044577,0.482976129763138,0.0747783555075329
ENSSSCG00000000890,23.5048383151394,11.9271477034515
ENSSSCG00000000871,0.643968173017518,0.448670133045197
ENSSSCG00000000873,27.4330441705462,1.98162642094962
ENSSSCG00000038487,24.0200128535534,5.3466524187886
ENSSSCG00000000862,53.8357392642645,60.2713545390715
ENSSSCG00000036075,17.2261486282186,23.6673495181341
ENSSSCG00000023972,39.8938283184352,26.9949863382194
ENSSSCG00000000863,0.869357033573649,0.411280955291431
ENSSSCG00000000864,47.4926527600419,31.1077958911337
ENSSSCG00000000867,4.05699949001036,2.65463162051742
ENSSSCG00000000870,116.107461595058,130.076949405353
ENSSSCG00000000869,35.8690272370757,58.738398251167
ENSSSCG00000047368,0.708364990319269,0.149556711015066
ENSSSCG00000000874,3.34863449969109,1.94423724319585
ENSSSCG00000000875,0.354182495159635,0.149556711015066
ENSSSCG00000038946,1.41672998063854,2.76679915377872
ENSSSCG00000000877,70.3213244935129,89.322745653748
ENSSSCG00000025682,27.3364489445936,13.5722715246172
ENSSSCG00000026697,96.241043457468,105.960929754174
ENSSSCG00000022083,13.6521252679714,0.299113422030131
ENSSSCG00000000884,51.871636336561,20.8257720088479
ENSSSCG00000038772,20.1884022240992,11.7028126369289
ENSSSCG00000000886,291.717582376935,333.997524874395
ENSSSCG00000000856,2.47927746611744,0.373891777537664
ENSSSCG00000000857,9.75611782121539,40.4550903295753
ENSSSCG00000000859,2.35048383151394,0.373891777537664
ENSSSCG00000000860,9.337538508754,8.26300828358238
ENSSSCG00000033574,65.2017775180236,23.0691226740739
ENSSSCG00000000905,26.724679180227,35.5197188660781
ENSSSCG00000000906,13.1047523209065,9.5716295049642
ENSSSCG00000024563,31.2968532086514,4.71103639697457
ENSSSCG00000000907,25.5655364687954,7.44044637299952
ENSSSCG00000053891,33.9371227180232,49.1293795684491
ENSSSCG00000030478,14.006307763131,9.38468361619537
ENSSSCG00000000908,89.4793776407841,89.4723023647631
ENSSSCG00000040056,67.8742454360464,70.2916541770809
ENSSSCG00000044340,30.5240914010303,15.8156221898432
ENSSSCG00000054432,0.354182495159635,0.486059310798964
ENSSSCG00000056574,0.386380903810511,0.560837666306496
ENSSSCG00000060820,0.0643968173017518,0.486059310798964
ENSSSCG00000041533,0.354182495159635,0.448670133045197
ENSSSCG00000055544,4.63657084572613,6.54310610690912
ENSSSCG00000044054,0.482976129763138,0.224335066522599
ENSSSCG00000058405,1.0625474854789,1.12167533261299
ENSSSCG00000050072,0.321984086508759,0.859951088336628
ENSSSCG00000018262,0.611769764366642,0.411280955291431
ENSSSCG00000000910,3.96040426405773,3.66413941986911
ENSSSCG00000057823,2.47927746611744,2.16857230971845
ENSSSCG00000031925,14.9400616140064,13.3853256358484
ENSSSCG00000000107,120.003469041814,121.552216877495
ENSSSCG00000000108,69.3231738253358,97.3614188708078
ENSSSCG00000031660,0.0643968173017518,0.635616021814029
ENSSSCG00000051883,49.1347716012366,39.9690310187763
ENSSSCG00000022364,19.705426094336,6.99177623995432
ENSSSCG00000034776,12.7827682343977,0.972118621597927
ENSSSCG00000000002,5.50592787929978,2.20596148747222
ENSSSCG00000000003,54.1899217594241,59.6731276950112
ENSSSCG00000035583,0.708364990319269,0.0747783555075329
ENSSSCG00000000005,23.0218621853763,41.6889331954496
ENSSSCG00000000006,12.6539745997942,33.5007032673747
ENSSSCG00000032428,47.5570495773437,57.3549986742777
ENSSSCG00000027365,4.73316607167875,0.747783555075329
ENSSSCG00000024864,96.8850116304855,150.080159503618
ENSSSCG00000000010,759.335071213606,306.778203469654
ENSSSCG00000024718,70.7721022146252,34.5476002444802
ENSSSCG00000032971,0.708364990319269,0.448670133045197
ENSSSCG00000000967,43.5644469046351,22.3961174745061
ENSSSCG00000031420,7.05145149454182,6.05704679611016
ENSSSCG00000000965,13.491133224717,14.3948334352001
ENSSSCG00000000964,91.057099664677,91.4913179634664
ENSSSCG00000034843,33.0999640931004,13.609660702371
ENSSSCG00000032820,67.7776502100937,95.9780192939184
ENSSSCG00000000647,2.41488064881569,2.46768573174858
ENSSSCG00000000645,142.896537592587,117.514185680088
ENSSSCG00000000749,0.998150668177152,1.12167533261299
ENSSSCG00000030076,2.47927746611744,2.16857230971845
ENSSSCG00000000751,14.3282918496398,7.77694897278342
ENSSSCG00000000719,37.1891619917616,62.5520943820512
ENSSSCG00000000720,7.14804672049445,11.5532559259138
ENSSSCG00000000721,3.25203927373846,3.36502599783898
ENSSSCG00000000722,7.2124435377962,3.32763682008521
ENSSSCG00000000723,30.0411152712672,23.7421278736417
ENSSSCG00000024219,12.7827682343977,21.5361663861695
ENSSSCG00000038694,18.8038706521115,11.5532559259138
ENSSSCG00000000728,16.5499820465502,21.0874962531243
ENSSSCG00000000732,10.3356891769312,14.7687252127377
ENSSSCG00000000730,3.70281699485073,2.20596148747222
ENSSSCG00000032431,0.450777721112262,0.373891777537664
ENSSSCG00000033327,50.4871047645734,51.4475085891826
ENSSSCG00000060236,5.3449358360454,9.6837970382255
ENSSSCG00000054928,5.11954697548926,8.18822992807485
ENSSSCG00000040334,40.7631853520089,116.729012947259
ENSSSCG00000000092,9.62732418661189,9.75857539373304
ENSSSCG00000000093,56.282818321731,42.9227760613239
ENSSSCG00000000095,113.306200042432,159.689178186336
ENSSSCG00000000094,219.625345407624,501.837543811053
ENSSSCG00000039555,87.2898858525245,154.155579878779
ENSSSCG00000000097,78.5641171081371,111.419749706224
ENSSSCG00000043051,44.4016055295578,40.0438093742838
ENSSSCG00000035577,11.8490143835223,4.74842557472834
ENSSSCG00000055522,13.6521252679714,2.05640477645715
ENSSSCG00000000103,0.386380903810511,0.299113422030131
ENSSSCG00000000104,740.080422840382,635.765578525044
ENSSSCG00000000105,36.6095906360459,25.6863651168375
ENSSSCG00000000955,39.9260267270861,72.834118264337
ENSSSCG00000038763,41.6325423855825,53.9151943209312
ENSSSCG00000031441,81.4941722953669,73.2453992196284
ENSSSCG00000031361,426.950898710614,526.477011950785
ENSSSCG00000000635,3.92820585540686,2.61724244276365
ENSSSCG00000000640,1.93190451905255,0.373891777537664
ENSSSCG00000040465,2.99445200453146,1.79468053218079
ENSSSCG00000026217,0.450777721112262,0.112167533261299
ENSSSCG00000029464,69.1621817820814,80.7232347703817
ENSSSCG00000000634,17.1939502195677,19.5171507874661
ENSSSCG00000000766,20.6391799452114,14.9930602792603
ENSSSCG00000054115,88.0948460687964,151.68789414703
ENSSSCG00000040373,60.6618018982502,101.212504179446
ENSSSCG00000000769,24.5029889833165,23.7421278736417
ENSSSCG00000000770,67.6810549841411,91.9025989187579
ENSSSCG00000027190,68.0996342966025,58.3271172958756
ENSSSCG00000060615,3.18764245643671,4.26236626392937
ENSSSCG00000000774,25.0503619303814,26.247202783144
ENSSSCG00000000778,8.2749910232751,4.86059310798964
ENSSSCG00000052986,5.69911833120503,8.03867321705978
ENSSSCG00000039287,0.515174538414014,0.149556711015066
ENSSSCG00000000656,3.02665041318233,1.30862122138182
ENSSSCG00000000653,1.7387140671473,9.94552128250187
ENSSSCG00000000734,18.4496881569519,16.0399572563658
ENSSSCG00000000735,72.6074115077251,148.846316637744
ENSSSCG00000000736,15.8416170562309,13.8339957688936
ENSSSCG00000000737,88.0626476601455,61.8790891824834
ENSSSCG00000000738,27.9482187089603,22.1343932302297
ENSSSCG00000000739,6.21429286961904,4.15019873066807
ENSSSCG00000000740,1.09474589412978,0.411280955291431
ENSSSCG00000000741,4.25018994191562,4.33714461943691
ENSSSCG00000000742,25.3401476082393,37.2396210427514
ENSSSCG00000000743,514.723760692902,1072.28422880027
ENSSSCG00000000745,48.1044225244086,20.8631611866017
ENSSSCG00000000746,38.4448999291458,57.0932744300013
ENSSSCG00000044015,1.77091247579817,3.17808010907015
ENSSSCG00000024152,89.3505840061806,77.8816572610955
ENSSSCG00000037609,26.5958855456235,21.5735555639232
ENSSSCG00000000633,151.751099971578,265.799664651526
ENSSSCG00000000753,124.221460575079,215.772944816986
ENSSSCG00000030165,7.56662603295583,18.4702538103606
ENSSSCG00000000110,22.4100924210096,31.2947417799025
ENSSSCG00000000754,16.0992043254379,12.8992663250494
ENSSSCG00000000755,85.4867749680755,100.352553091109
ENSSSCG00000000111,6.2786896869208,35.370162155063
ENSSSCG00000000759,3.21984086508759,2.28073984297975
ENSSSCG00000000113,0.386380903810511,0.747783555075329
ENSSSCG00000000114,34.9674717948512,59.074900850951
ENSSSCG00000052463,6.37528491287342,6.58049528466289
ENSSSCG00000000116,34.9030749775495,44.6052890602434
ENSSSCG00000000757,73.2513796807426,281.166616708324
ENSSSCG00000039315,0.515174538414014,0.373891777537664
ENSSSCG00000000117,41.9223280634404,20.7136044755866
ENSSSCG00000000118,53.0629774566434,68.4221952893926
ENSSSCG00000000119,259.1649912309,242.992266221728
ENSSSCG00000023976,10.367887585582,7.70217061727588
ENSSSCG00000000007,13.4267364074152,12.5627637252655
ENSSSCG00000039522,20.0274101808448,12.8618771472957
ENSSSCG00000059591,0.998150668177152,0.261724244276365
ENSSSCG00000000968,156.935043764369,147.126414461071
ENSSSCG00000000970,124.543444661588,110.148517662596
ENSSSCG00000034272,157.192631033576,80.7232347703817
ENSSSCG00000000059,81.2365850261598,104.988811132576
ENSSSCG00000034265,27.9160203003094,55.6350964976044
ENSSSCG00000000061,26.1451078245112,26.2845919608978
ENSSSCG00000000062,10.5288796288364,16.7877408114411
ENSSSCG00000000063,5.3449358360454,3.55197188660781
ENSSSCG00000000064,232.858891363134,521.392083776273
ENSSSCG00000035082,43.2102644094754,40.978538818128
ENSSSCG00000037958,194.285197799385,378.453257223624
ENSSSCG00000035152,51.8394379279102,99.8664937803101
ENSSSCG00000033036,248.346325924206,269.015133938349
ENSSSCG00000028202,54.1255249421224,96.5762461379787
ENSSSCG00000000067,1.09474589412978,2.16857230971845
ENSSSCG00000000066,44.0796214430491,63.0007645150964
ENSSSCG00000000068,191.51613465541,284.00819421761
ENSSSCG00000034230,88.6100206072104,94.5946197170291
ENSSSCG00000033823,44.626994390114,32.8276980678069
ENSSSCG00000000071,420.865399475599,502.099268055329
ENSSSCG00000000072,72.3176258298672,64.197218203217
ENSSSCG00000000074,0.321984086508759,0.224335066522599
ENSSSCG00000000075,12.1388000613802,17.9468053218079
ENSSSCG00000000076,66.5219122727096,66.7396822904731
ENSSSCG00000000077,34.3235036218337,29.6870071364905
ENSSSCG00000000078,17.3549422628221,23.6673495181341
ENSSSCG00000000079,29.3327502809479,25.0133599172697
ENSSSCG00000000080,0.579571355715766,1.94423724319585
ENSSSCG00000000081,0,0.972118621597927
ENSSSCG00000000025,8.66137192708561,3.62675024211534
ENSSSCG00000000024,7.4700308070032,10.8428615485923
ENSSSCG00000028346,47.0096766302788,63.1503212261115
ENSSSCG00000027266,0.257587269207007,86.7802815664919
ENSSSCG00000000026,0.386380903810511,0.560837666306496
ENSSSCG00000060901,2.15729337960868,1.15906451036676
ENSSSCG00000000028,9.24094328280138,3.66413941986911
ENSSSCG00000038685,4.99075334088576,16.4138490339035
ENSSSCG00000035991,6.92265785993831,13.3479364580946
ENSSSCG00000039074,1.80311088444905,6.09443597386393
ENSSSCG00000035755,1.0625474854789,1.79468053218079
ENSSSCG00000026092,166.17598704717,563.043627793969
ENSSSCG00000035565,15.5196329697222,24.2281871844406
ENSSSCG00000000058,126.732936449847,142.191042997574
ENSSSCG00000000106,0.643968173017518,0.112167533261299
ENSSSCG00000049725,0.901555442224525,0.336502599783898
ENSSSCG00000056023,1.09474589412978,1.12167533261299
ENSSSCG00000053202,0.128793634603504,0.52344848855273
ENSSSCG00000061791,1.64211884119467,0.972118621597927
ENSSSCG00000060781,0.225388860556131,0.934729443844161
ENSSSCG00000063551,0.515174538414014,0.299113422030131
ENSSSCG00000053509,5.73131673985591,10.3941914155471
ENSSSCG00000062767,0.9337538508754,1.79468053218079
ENSSSCG00000052992,0.450777721112262,0.560837666306496
ENSSSCG00000052297,1.89970611040168,3.55197188660781
ENSSSCG00000049044,3.4774281342946,2.65463162051742
ENSSSCG00000062884,35.547043150567,12.3010394809892
ENSSSCG00000058612,0.515174538414014,0.149556711015066
ENSSSCG00000060988,12.9437602776521,0.598226844060263
ENSSSCG00000051710,0.965952259526276,0.0747783555075329
ENSSSCG00000060843,10.4000859942329,4.26236626392937
ENSSSCG00000000091,11.945609609475,13.3479364580946
ENSSSCG00000054712,2.96225359588058,1.42078875464312
ENSSSCG00000055899,5.66691992255415,6.0196576183564
ENSSSCG00000000455,19.8986165462413,12.6375420807731
ENSSSCG00000000456,2.22169019691044,0.673005199567796
ENSSSCG00000000361,319.021832912878,428.255641991641
ENSSSCG00000000363,8.4037846578786,9.34729443844161
ENSSSCG00000000364,41.1495662558194,26.9575971604656
ENSSSCG00000000365,69.6773563204954,88.0515136101199
ENSSSCG00000000366,95.1140991546873,136.620055512263
ENSSSCG00000000367,37.8975269820809,32.3042495792542
ENSSSCG00000000368,22.4422908296605,23.1812902073352
ENSSSCG00000023715,397.360561160459,761.168880711177
ENSSSCG00000023788,21.8949178825956,135.647936890665
ENSSSCG00000030998,4.82976129763138,55.0742588312979
ENSSSCG00000000469,33.6795354488162,45.4278509708262
ENSSSCG00000026004,30.0411152712672,33.4259249118672
ENSSSCG00000036237,36.3842017754897,55.9715990973883
ENSSSCG00000000545,13.6521252679714,15.4417304123055
ENSSSCG00000053091,2.76906314397533,2.05640477645715
ENSSSCG00000000547,20.4137910846553,19.4049832542048
ENSSSCG00000000549,72.1888321952637,88.3132378543963
ENSSSCG00000000551,5.24834061009277,3.10330175356261
ENSSSCG00000022288,49.1347716012366,23.9290737624105
ENSSSCG00000041972,32.5525911460355,15.7782330120894
ENSSSCG00000000553,33.9049243093723,35.5197188660781
ENSSSCG00000000554,18.9648626953659,9.6837970382255
ENSSSCG00000030443,28.3667980214216,15.1052278125216
ENSSSCG00000022611,23.5692351324411,19.7040966762349
ENSSSCG00000000359,21.7017274306903,50.9988384561374
ENSSSCG00000034686,1.19134112008241,0.0747783555075329
ENSSSCG00000000457,28.270202795469,18.9563131211596
ENSSSCG00000000458,49.7143429569524,64.1224398477094
ENSSSCG00000000534,67.8098486187446,92.2764906962955
ENSSSCG00000036751,179.248540959426,209.005503643554
ENSSSCG00000033383,0.9337538508754,1.64512382116572
ENSSSCG00000000462,10.6576732634399,10.3568022377933
ENSSSCG00000029815,25.0825603390323,21.7978906304458
ENSSSCG00000039258,5.15174538414014,5.30926324103483
ENSSSCG00000000464,2.57587269207007,1.23384286587429
ENSSSCG00000000466,130.725539122556,99.4552128250187
ENSSSCG00000024232,34.0337179439758,31.2947417799025
ENSSSCG00000031103,35.4826463332652,29.6870071364905
ENSSSCG00000000567,7.40563398970145,7.17872212872315
ENSSSCG00000039060,126.732936449847,146.976857750056
ENSSSCG00000040825,28.3667980214216,23.0691226740739
ENSSSCG00000000370,16.7753709071063,21.4613880306619
ENSSSCG00000000528,33.0999640931004,43.2592786611078
ENSSSCG00000027429,8.79016556168911,7.25350048423069
ENSSSCG00000000371,0.998150668177152,0.560837666306496
ENSSSCG00000000530,8.11399898002072,8.00128403930602
ENSSSCG00000062039,37.4789476696195,49.1667687462029
ENSSSCG00000000376,31.0392659394443,95.6789058718883
ENSSSCG00000031139,22.9896637767254,21.0127178976167
ENSSSCG00000020725,130.049372540888,349.102752686917
ENSSSCG00000000531,6.31088809557167,3.92586366414547
ENSSSCG00000053807,360.976359384969,291.747754012639
ENSSSCG00000030616,93.4075834961909,56.4950475859411
ENSSSCG00000000377,153.908393351187,162.717701584392
ENSSSCG00000034407,47.202867082184,50.8492817451223
ENSSSCG00000033766,20.3171958587027,9.83335374924057
ENSSSCG00000033310,795.912463441001,835.573344441172
ENSSSCG00000033568,19.3512435991764,22.5456741855212
ENSSSCG00000000379,102.680725187643,124.543351097796
ENSSSCG00000022636,2.86565836992795,11.4784775704063
ENSSSCG00000037732,77.4049743967056,41.7263223732033
ENSSSCG00000036893,3.34863449969109,1.68251299891949
ENSSSCG00000026719,25.5655364687954,30.4347906915659
ENSSSCG00000027447,12.1066016527293,16.002568078612
ENSSSCG00000063428,5.08734856683839,1.68251299891949
ENSSSCG00000000536,47.1384702648823,30.8834608246111
ENSSSCG00000000382,258.134642154072,239.73940775715
ENSSSCG00000000383,48.1366209330594,48.3815960133738
ENSSSCG00000000384,37.8331301647792,59.1870683842123
ENSSSCG00000000385,3.15544404778584,1.38339957688936
ENSSSCG00000000386,63.1088809557167,74.0305719524575
ENSSSCG00000025190,0.965952259526276,0.859951088336628
ENSSSCG00000035686,122.06416719547,183.767808659762
ENSSSCG00000000394,82.492322963544,40.978538818128
ENSSSCG00000000393,155.550512192381,83.1909205021303
ENSSSCG00000000396,114.239953893308,124.543351097796
ENSSSCG00000000399,17.7413231666326,10.0202996380094
ENSSSCG00000000541,3.92820585540686,3.36502599783898
ENSSSCG00000000398,4.60437243707525,2.28073984297975
ENSSSCG00000000555,29.6547343674567,36.8283400874599
ENSSSCG00000028066,8.33938784057685,8.18822992807485
ENSSSCG00000000401,2.35048383151394,1.86945888768832
ENSSSCG00000000402,47.8146368465507,24.9385815617622
ENSSSCG00000046199,1.09474589412978,2.35551819848728
ENSSSCG00000000403,112.050462105048,140.321584109885
ENSSSCG00000059539,23.5692351324411,16.8251299891949
ENSSSCG00000062311,7.14804672049445,4.07542037516054
ENSSSCG00000059862,0.482976129763138,0.186945888768832
ENSSSCG00000000405,419.770653581469,938.879642574829
ENSSSCG00000000406,188.296293790322,208.257720088479
ENSSSCG00000060628,41.3427567077246,38.8473556861633
ENSSSCG00000020830,487.161922887752,439.771508739801
ENSSSCG00000026055,10.0459034990733,5.75793337408003
ENSSSCG00000052675,1.12694430278066,0.261724244276365
ENSSSCG00000037701,18.7072754261589,16.6007949226723
ENSSSCG00000037617,15.8416170562309,11.852369347944
ENSSSCG00000055762,10.4966812201855,1.60773464341196
ENSSSCG00000000413,1.7387140671473,1.23384286587429
ENSSSCG00000025542,19.5122356424308,11.4784775704063
ENSSSCG00000000411,18.2886961136975,34.5476002444802
ENSSSCG00000040435,141.383212385996,158.604892031477
ENSSSCG00000050398,6.08549923501554,4.71103639697457
ENSSSCG00000037077,45.2387641544806,35.0710487330329
ENSSSCG00000027621,4.70096766302788,3.96325284189924
ENSSSCG00000026498,135.684094054791,135.610547712911
ENSSSCG00000000453,7.01925308589094,5.64576584081873
ENSSSCG00000057523,3.99260267270861,0.710394377321562
ENSSSCG00000059428,0.643968173017518,1.23384286587429
ENSSSCG00000052942,10.8508637153452,6.31877104038653
ENSSSCG00000019795,0.804960216271897,0.224335066522599
ENSSSCG00000018649,0.515174538414014,0.52344848855273
ENSSSCG00000037597,37.6399397128739,31.5564660241789
ENSSSCG00000039506,375.465643277864,506.17468843049
ENSSSCG00000052944,0.869357033573649,0.598226844060263
ENSSSCG00000000014,51.5496522500523,59.4487926284886
ENSSSCG00000031423,6.92265785993831,13.6844390578785
ENSSSCG00000000018,142.413561462824,321.621707037899
ENSSSCG00000000019,127.795483935326,277.091196333163
ENSSSCG00000000021,47.7824384378998,51.1857843449062
ENSSSCG00000021748,12.2353952873328,25.0881382727773
ENSSSCG00000000022,123.89947648857,163.390706783959
ENSSSCG00000060019,23.6336319497429,31.4816876686713
ENSSSCG00000059058,235.27377201195,357.702263570283
ENSSSCG00000039538,18.5462833829045,28.7522776926464
ENSSSCG00000038126,15.8416170562309,19.2554265431897
ENSSSCG00000000087,74.4105223921742,99.1934885807423
ENSSSCG00000020873,75.8916491901144,184.216478792807
ENSSSCG00000040494,1302.45782833658,993.580009628589
ENSSSCG00000024146,0.482976129763138,0.149556711015066
ENSSSCG00000060964,2.25388860556131,0.710394377321562
ENSSSCG00000000020,45.3675577890841,13.2357689248333
ENSSSCG00000000082,6.79386422533481,1.38339957688936
ENSSSCG00000018935,0.321984086508759,0.261724244276365
ENSSSCG00000034473,1.15914271143153,0.598226844060263
ENSSSCG00000018184,0.321984086508759,0.261724244276365
ENSSSCG00000037826,0.321984086508759,0.186945888768832
ENSSSCG00000031661,16.4855852292484,26.1350352498827
ENSSSCG00000000174,0.418579312461386,0.747783555075329
ENSSSCG00000000175,186.686373357778,452.035159043036
ENSSSCG00000032967,55.8642390092696,35.8936106436158
ENSSSCG00000000176,84.7140131604544,116.130786103199
ENSSSCG00000038562,1.9963013363543,1.34601039913559
ENSSSCG00000000179,36.6417890446968,20.3771018758027
ENSSSCG00000059895,31.0070675307935,24.0786304734256
ENSSSCG00000032202,114.304350710609,209.902843909645
ENSSSCG00000051954,48.4908034282191,86.2942222556929
ENSSSCG00000000185,66.6185074986622,66.5153472239505
ENSSSCG00000042640,230.959185252733,333.698411452365
ENSSSCG00000000186,0.740563398970145,0.0747783555075329
ENSSSCG00000000188,1.09474589412978,1.71990217667326
ENSSSCG00000000189,82.4601245548931,111.195414639701
ENSSSCG00000000190,246.028040501343,356.318863993394
ENSSSCG00000000194,113.145207999178,109.812015062812
ENSSSCG00000061347,303.405604717203,324.538062902693
ENSSSCG00000023176,4.92635652358401,1.15906451036676
ENSSSCG00000000197,1.77091247579817,0.299113422030131
ENSSSCG00000000198,4.668769254377,7.02916541770809
ENSSSCG00000000199,67.3590708976323,41.7263223732033
ENSSSCG00000000203,44.6913912074157,8.18822992807485
ENSSSCG00000000202,55.5422549227609,62.8512078040814
ENSSSCG00000053843,0.515174538414014,0.186945888768832
ENSSSCG00000000205,6.82606263398569,4.26236626392937
ENSSSCG00000000204,60.2110241771379,35.220605444048
ENSSSCG00000025114,43.049272366221,55.9715990973883
ENSSSCG00000029652,795.52608253719,1176.74959144429
ENSSSCG00000000209,26.9500680407831,29.1635586479378
ENSSSCG00000040144,13.9097125371784,14.1704983686775
ENSSSCG00000000207,76.278030093925,71.3385511541863
ENSSSCG00000000206,8.01740375406809,17.6476918997778
ENSSSCG00000000211,1.15914271143153,6.16921432937146
ENSSSCG00000000212,1.83530929309993,0.710394377321562
ENSSSCG00000000217,20.6391799452114,9.83335374924057
ENSSSCG00000000216,1.96410292770343,0.52344848855273
ENSSSCG00000000215,162.666360504225,137.480006600599
ENSSSCG00000000214,37.2213604004125,20.0779884537726
ENSSSCG00000056361,9.11214964819787,16.6007949226723
ENSSSCG00000024932,45.5285498323385,66.1414554464128
ENSSSCG00000032269,133.945379987644,273.950505401847
ENSSSCG00000000661,77.6625616659126,70.1420974660658
ENSSSCG00000000665,41.5359471596299,65.5806177801063
ENSSSCG00000031712,11.7846175662206,287.709722815233
ENSSSCG00000000668,3.92820585540686,2.39290737624105
ENSSSCG00000025531,15.5840297870239,12.7497096140344
ENSSSCG00000028552,14.006307763131,25.7611434723451
ENSSSCG00000000559,34.774281342946,16.1895139673809
ENSSSCG00000027144,12.4929825565398,4.5614796859595
ENSSSCG00000050339,2.86565836992795,0.822561910582861
ENSSSCG00000026969,69.4197690512884,35.856221465862
ENSSSCG00000033843,3.83161062945423,3.40241517559274
ENSSSCG00000040550,12.3641889219363,3.70152859762288
ENSSSCG00000000563,1.70651565849642,0.673005199567796
ENSSSCG00000029163,146.470560952834,698.429840440357
ENSSSCG00000041524,1.25573793738416,0.224335066522599
ENSSSCG00000040403,0.54737294706489,0.486059310798964
ENSSSCG00000022925,50.1007238607629,143.125772441418
ENSSSCG00000039580,19.6088308683834,33.8745950449124
ENSSSCG00000025179,52.0648267884663,87.4532867660597
ENSSSCG00000033146,32.8423768238934,12.0767044144666
ENSSSCG00000025252,56.3150167303819,90.2574750975921
ENSSSCG00000000672,4.70096766302788,12.487985369758
ENSSSCG00000054936,1.12694430278066,0.897340266090394
ENSSSCG00000033913,12.460784147889,3.21546928682391
ENSSSCG00000060530,252.306730188263,179.505442395833
ENSSSCG00000055651,215.020972970549,161.745582962794
ENSSSCG00000027205,21.0577592576728,40.8663712848667
ENSSSCG00000026812,38.6058919724002,45.7269643928563
ENSSSCG00000024655,133.977578396295,239.178570090844
ENSSSCG00000026919,1.0625474854789,1.68251299891949
ENSSSCG00000025537,51.8072395192593,66.7022931127193
ENSSSCG00000040186,42.7594866883632,52.3074596775192
ENSSSCG00000025117,338.888251050469,576.541120963078
ENSSSCG00000028373,37.8975269820809,14.4696117907076
ENSSSCG00000000679,26.0163141899077,12.4505961920042
ENSSSCG00000025460,7.53442762430496,20.6762152978328
ENSSSCG00000000685,191.580531472711,253.83512777032
ENSSSCG00000000684,90.3165362657068,154.118190701025
ENSSSCG00000000683,5.11954697548926,1.12167533261299
ENSSSCG00000000682,1.80311088444905,1.12167533261299
ENSSSCG00000000681,68.6792056523182,33.8372058671586
ENSSSCG00000000687,1.25573793738416,4.11280955291431
ENSSSCG00000000688,0.418579312461386,0.859951088336628
ENSSSCG00000022176,337.729108339037,400.774596342622
ENSSSCG00000061945,7.37343558105058,2.39290737624105
ENSSSCG00000000690,145.053830972196,245.459951953477
ENSSSCG00000000691,41.0529710298667,55.1490371868055
ENSSSCG00000000702,104.644828115347,84.9482118565573
ENSSSCG00000044078,60.5008098549958,52.344848855273
ENSSSCG00000000700,10.7220700807417,6.0196576183564
ENSSSCG00000000699,4.34678516786824,6.65527364017042
ENSSSCG00000058536,5.02295174953664,10.3194130600395
ENSSSCG00000000697,321.082531066534,443.7347615817
ENSSSCG00000000696,90.6063219435647,233.38324753901
ENSSSCG00000000695,25.7587269207007,29.3505045367066
ENSSSCG00000000694,728.553392543369,881.337698011782
ENSSSCG00000000693,46.6554941351191,30.9208500023648
ENSSSCG00000039662,17.0973549936151,17.7224702552853
ENSSSCG00000000703,9.8849114558189,3.40241517559274
ENSSSCG00000000704,91.7332662463454,112.279700794561
ENSSSCG00000063084,2.06069815365606,2.46768573174858
ENSSSCG00000000706,101.907963380022,206.051758601007
ENSSSCG00000000707,41.8901296547895,383.089515265091
ENSSSCG00000000708,156.580861269209,264.790156852174
ENSSSCG00000000709,12.9437602776521,16.8999083447024
ENSSSCG00000022230,467.392099976114,397.147846100507
ENSSSCG00000000601,3.25203927373846,0.560837666306496
ENSSSCG00000000602,174.579771705049,27.4436564712646
ENSSSCG00000033337,35.1606622467565,27.4062672935108
ENSSSCG00000000605,24.8571714784762,9.64640786047174
ENSSSCG00000037697,207.840727841404,102.595903756335
ENSSSCG00000000607,3.86380903810511,0.448670133045197
ENSSSCG00000000611,106.480137408447,114.186548860003
ENSSSCG00000039307,23.2472510459324,37.8752370645654
ENSSSCG00000026724,1.89970611040168,2.57985326500988
ENSSSCG00000057970,3.6062217688981,2.69202079827118
ENSSSCG00000000612,90.8639092127717,81.8822992807485
ENSSSCG00000028516,54.2543185767259,64.2719965587245
ENSSSCG00000029196,36.8993763139038,60.7574138498704
ENSSSCG00000028060,19.2868467818747,35.7066647548469
ENSSSCG00000000228,2.22169019691044,6.05704679611016
ENSSSCG00000016138,43.0170739575702,28.5653318038776
ENSSSCG00000033412,163.052741408035,265.724886296018
ENSSSCG00000050988,0.837158624922773,0
ENSSSCG00000034555,6.98705467724007,1.19645368812053
ENSSSCG00000000657,33.7439322661179,13.5722715246172
ENSSSCG00000039708,0.321984086508759,0.785172732829095
ENSSSCG00000000660,127.602293483421,278.100704132515
ENSSSCG00000000664,2.6724679180227,8.52473252785875
ENSSSCG00000040743,146.792545039343,135.834882779433
ENSSSCG00000000029,59.9856353165818,7.81433815053718
ENSSSCG00000000034,315.190222283424,441.640967627489
ENSSSCG00000000033,28.9785677857883,135.573158535157
ENSSSCG00000000031,15.7128234216274,18.3954754548531
ENSSSCG00000000035,37.9941222080335,25.61158676133
ENSSSCG00000000036,99.6862731831117,215.623388105971
ENSSSCG00000000037,129.01902346406,111.905809017023
ENSSSCG00000026962,62.6903016432553,277.502477288454
ENSSSCG00000033983,32.3272022854794,41.7637115509571
ENSSSCG00000034350,53.2561679085487,35.8188322881082
ENSSSCG00000037425,1.15914271143153,0.747783555075329
ENSSSCG00000032171,89.5115760494349,113.812657082465
ENSSSCG00000000046,7.24464194644707,4.7858147524821
ENSSSCG00000000045,18.932664286715,29.126169470184
ENSSSCG00000020945,20.6391799452114,34.6223785999877
ENSSSCG00000000050,128.117468021835,149.930602792603
ENSSSCG00000038492,15.036656839959,16.7129624559336
ENSSSCG00000000040,1.15914271143153,1.49556711015066
ENSSSCG00000062194,0.772761807621021,0
ENSSSCG00000042788,6.02110241771379,4.15019873066807
ENSSSCG00000000038,151.654504745625,322.481658126235
ENSSSCG00000019768,0.676166581668393,0.261724244276365
ENSSSCG00000000039,171.810708561074,254.470743792134
ENSSSCG00000044454,3.21984086508759,0.897340266090394
ENSSSCG00000000156,36.8027810879511,37.463956109274
ENSSSCG00000000157,3.44522972564372,10.0576888157632
ENSSSCG00000000158,70.9652926665304,82.4057477693012
ENSSSCG00000000160,32.9067736411951,37.2396210427514
ENSSSCG00000041669,0.354182495159635,0.149556711015066
ENSSSCG00000000161,38.9922728762107,40.4550903295753
ENSSSCG00000039316,1.12694430278066,1.08428615485923
ENSSSCG00000000619,7.95300693676634,5.94487926284886
ENSSSCG00000040275,21.6051322047377,18.7693672323907
ENSSSCG00000029545,0.515174538414014,4.86059310798964
ENSSSCG00000029592,7.88861011946459,61.4304190494382
ENSSSCG00000033149,29.04296460309,31.4069093131638
ENSSSCG00000037144,69.9027451810515,58.7010090734133
ENSSSCG00000040400,2.02849974500518,1.04689697710546
ENSSSCG00000044330,1.60992043254379,2.46768573174858
ENSSSCG00000034418,26.1129094158603,31.5938552019326
ENSSSCG00000032097,61.8531430183326,129.104830783755
ENSSSCG00000032804,12.6539745997942,22.2839499412448
ENSSSCG00000000625,28.8819725598357,18.0589728550692
ENSSSCG00000000623,4.63657084572613,8.00128403930602
ENSSSCG00000040835,70.9652926665304,149.89321361485
ENSSSCG00000000800,10.883062123996,4.5614796859595
ENSSSCG00000000799,13.9419109458293,12.1514827699741
ENSSSCG00000047132,0.321984086508759,0.411280955291431
ENSSSCG00000023868,11.1728478018539,8.11345157256731
ENSSSCG00000041764,11.2050462105048,8.03867321705978
ENSSSCG00000043418,2.09289656230693,0.560837666306496
ENSSSCG00000000765,66.6185074986622,95.3050140943506
ENSSSCG00000000764,7.75981648486109,9.23512690518031
ENSSSCG00000035218,10.3034907682803,1.79468053218079
ENSSSCG00000000443,12.975958686303,12.6375420807731
ENSSSCG00000000437,4.12139630731211,3.43980435334651
ENSSSCG00000023318,65.1695791093728,82.3683585915474
ENSSSCG00000050998,14.006307763131,13.0488230360645
ENSSSCG00000000431,83.4260768144194,97.324029693054
ENSSSCG00000000444,182.468381824514,215.473831394956
ENSSSCG00000000439,1.28793634603504,0.822561910582861
ENSSSCG00000000436,155.453916966429,193.07771392045
ENSSSCG00000000449,118.554540652525,76.7973711062362
ENSSSCG00000000435,39.5396458232756,29.5748396032292
ENSSSCG00000036029,0.515174538414014,0.486059310798964
ENSSSCG00000000433,18.6106802002063,15.2173953457829
ENSSSCG00000035875,242.421818732444,387.05276810699
ENSSSCG00000038732,6.50407854747693,7.73955979502965
ENSSSCG00000036731,58.8264926051502,73.9184044191962
ENSSSCG00000025092,119.713683363957,127.048426007298
ENSSSCG00000028637,3.02665041318233,1.30862122138182
ENSSSCG00000061324,20.1562038154483,13.9835524799086
ENSSSCG00000037619,12.718371417096,9.98291046025564
ENSSSCG00000037767,24.3097985314113,20.5266585868178
ENSSSCG00000029571,2.83345996127708,1.57034546565819
ENSSSCG00000031707,371.730627874362,282.662183818474
ENSSSCG00000033013,18.675077017508,35.5571080438319
ENSSSCG00000000842,65.3949679699289,56.7193826524637
ENSSSCG00000020533,4.25018994191562,2.50507490950235
ENSSSCG00000019918,1.0625474854789,0.859951088336628
ENSSSCG00000000841,74.6681096613812,83.3030880353916
ENSSSCG00000000840,45.5607482409894,29.4626720699679
ENSSSCG00000000839,39.1532649194651,39.2960258192085
ENSSSCG00000027792,5.92450719176116,7.47783555075329
ENSSSCG00000000838,7.24464194644707,6.54310610690912
ENSSSCG00000023803,57.4419610331626,33.1642006675908
ENSSSCG00000000891,68.486015200413,36.977896798475
ENSSSCG00000000893,4.73316607167875,1.53295628790442
ENSSSCG00000000894,0.482976129763138,0.261724244276365
ENSSSCG00000000895,11.0762525759013,6.54310610690912
ENSSSCG00000000896,59.6314528214221,29.3131153589529
ENSSSCG00000030608,98.8813129668398,78.9659434159547
ENSSSCG00000061426,0.321984086508759,0.261724244276365
ENSSSCG00000000900,31.8442261557162,22.3213391189986
ENSSSCG00000000901,10.7220700807417,5.4588199520499
ENSSSCG00000056848,7.79201489351196,1.42078875464312
ENSSSCG00000000902,21.7339258393412,23.2934577405965
ENSSSCG00000000801,8.46818147518036,16.0773464341196
ENSSSCG00000035733,1085.34395880372,1446.17600633793
ENSSSCG00000033171,16.0670059167871,20.003210098265
ENSSSCG00000032693,34.2269083958811,30.7712932913498
ENSSSCG00000000971,49.7143429569524,41.0907063513893
ENSSSCG00000000972,67.455666123585,69.5064814442518
ENSSSCG00000000973,17.6769263493309,37.1648426872438
ENSSSCG00000000974,39.1532649194651,40.2307552630527
ENSSSCG00000000975,2.44707905746657,1.53295628790442
ENSSSCG00000044259,0.418579312461386,0.0747783555075329
ENSSSCG00000000982,8.2749910232751,1.98162642094962
ENSSSCG00000000983,18.932664286715,85.322103634095
ENSSSCG00000032936,25.7909253293516,38.3986855531181
ENSSSCG00000000981,27.6262346224515,42.0254357952335
ENSSSCG00000000980,46.430105274563,55.3359830755743
ENSSSCG00000052169,1.80311088444905,1.15906451036676
ENSSSCG00000035313,17.387140671473,33.0520331343295
ENSSSCG00000061510,2.28608701421219,2.09379395421092
ENSSSCG00000000802,36.4164001841406,23.368236096104
ENSSSCG00000038181,70.546713354069,94.8189547835517
ENSSSCG00000035790,82.7821086414019,136.956558112046
ENSSSCG00000047986,1.03034907682803,0.0747783555075329
ENSSSCG00000000915,1455.46466624554,775.264600724347
ENSSSCG00000000916,645.610291858712,449.081414000489
ENSSSCG00000057104,2.28608701421219,0.972118621597927
ENSSSCG00000000917,1.80311088444905,2.31812902073352
ENSSSCG00000027898,98.5271304716802,64.9076125805385
ENSSSCG00000028869,97.9475591159644,109.961571773827
ENSSSCG00000000958,68.3250231571586,41.8384899064646
ENSSSCG00000056187,0.676166581668393,0.149556711015066
ENSSSCG00000033544,1.60992043254379,0.299113422030131
ENSSSCG00000056277,6.21429286961904,7.10394377321562
ENSSSCG00000060060,0.515174538414014,0.785172732829095
ENSSSCG00000063591,584.723101099906,517.167106690097
ENSSSCG00000000712,0.450777721112262,0.635616021814029
ENSSSCG00000056583,0.0643968173017518,0.598226844060263
ENSSSCG00000000804,69.5485626858919,81.3962399699495
ENSSSCG00000052460,3.05884882183321,1.57034546565819
ENSSSCG00000056755,2.76906314397533,1.15906451036676
ENSSSCG00000030685,38.2839078858914,43.5210029053841
ENSSSCG00000000806,77.7913553005161,35.4449405105706
ENSSSCG00000059840,0.837158624922773,0.972118621597927
ENSSSCG00000028182,34.2591068045319,29.3505045367066
ENSSSCG00000000152,75.8272523728127,65.9171203798902
ENSSSCG00000046062,6.85826104263656,6.20660350712523
ENSSSCG00000000145,705.145149454182,1239.52602089286
ENSSSCG00000000148,6.4074833215243,7.96389486155225
ENSSSCG00000039706,0.54737294706489,0.598226844060263
ENSSSCG00000031866,255.043594923588,592.506299863937
ENSSSCG00000036723,100.652225442638,152.099175102322
ENSSSCG00000036787,11.3982366624101,12.3010394809892
ENSSSCG00000058255,0.643968173017518,0.859951088336628
ENSSSCG00000042498,0.772761807621021,0.785172732829095
ENSSSCG00000016810,14.7468711621012,7.21611130647692
ENSSSCG00000031705,159.18893236993,324.650230435954
ENSSSCG00000031509,56.025231052524,95.8658517606571
ENSSSCG00000027681,85.7765606459333,101.249893357199
ENSSSCG00000032650,40.4412012655001,26.9949863382194
ENSSSCG00000036201,25.2113539736358,25.8733110056064
ENSSSCG00000016817,57.2165721726064,99.5299911805262
ENSSSCG00000016821,14.4892838928941,52.0831246109966
ENSSSCG00000016823,2.76906314397533,56.0837666306496
ENSSSCG00000016824,85.3901797421228,54.737756231514
ENSSSCG00000038326,11.7202207489188,25.125527450531
ENSSSCG00000032797,0.354182495159635,66.8518498237344
ENSSSCG00000054460,1.83530929309993,0.673005199567796
ENSSSCG00000016997,2.47927746611744,4.52409050820574
ENSSSCG00000016985,12.4285857392381,12.2636503032354
ENSSSCG00000016986,5.11954697548926,4.11280955291431
ENSSSCG00000016990,86.6137192708561,161.40908036301
ENSSSCG00000016989,41.1173678471685,36.4170591321685
ENSSSCG00000016988,80.8824025310002,156.660654788281
ENSSSCG00000035845,45.3675577890841,93.0990526068784
ENSSSCG00000016991,53.8357392642645,197.826139495178
ENSSSCG00000016992,223.13497195057,155.239866033638
ENSSSCG00000027378,132.754038867561,120.280984833867
ENSSSCG00000023948,40.4090028568492,41.464598128927
ENSSSCG00000022478,46.5267005005156,95.0059006723205
ENSSSCG00000023307,96.5952259526276,125.964139852439
ENSSSCG00000021229,114.626334797118,81.5084075032108
ENSSSCG00000017022,7.72761807621021,0.785172732829095
ENSSSCG00000032806,12.3963873305872,10.8054723708385
ENSSSCG00000017024,155.421718557778,132.881137736886
ENSSSCG00000016998,476.729638484868,210.94974088675
ENSSSCG00000017000,44.369407120907,112.279700794561
ENSSSCG00000021902,32.0052181989706,29.0513911146765
ENSSSCG00000017003,0.611769764366642,1.98162642094962
ENSSSCG00000017005,3.83161062945423,2.84157750928625
ENSSSCG00000017006,13.6843236766222,5.3466524187886
ENSSSCG00000017008,13.5877284506696,5.04753899675847
ENSSSCG00000017010,0.128793634603504,0.897340266090394
ENSSSCG00000025965,3.41303131699284,0.822561910582861
ENSSSCG00000017012,56.6691992255415,78.7416083494321
ENSSSCG00000017014,68.5182136090639,109.737236707304
ENSSSCG00000017015,57.0877785380029,48.6433202576501
ENSSSCG00000035456,96.6274243612785,161.782972140547
ENSSSCG00000017018,2.28608701421219,1.19645368812053
ENSSSCG00000016982,57.9893339802275,121.926108655032
ENSSSCG00000016983,0.901555442224525,2.13118313196469
ENSSSCG00000043931,1.51332520659117,1.34601039913559
ENSSSCG00000058593,1.60992043254379,0.0747783555075329
ENSSSCG00000045093,0.965952259526276,0.52344848855273
ENSSSCG00000045074,0.54737294706489,0.0747783555075329
ENSSSCG00000052936,0.998150668177152,0.747783555075329
ENSSSCG00000056851,7.56662603295583,20.1901559870339
ENSSSCG00000016893,31.1680595740478,29.3878937144604
ENSSSCG00000016892,0.772761807621021,53.6908592544086
ENSSSCG00000057381,5.44153106199802,1.71990217667326
ENSSSCG00000035012,201.014665207418,220.596148747222
ENSSSCG00000016934,28.7531789252322,21.8352798081996
ENSSSCG00000053180,3.79941222080335,2.39290737624105
ENSSSCG00000033814,68.2928247485077,42.6984409948013
ENSSSCG00000025194,31.3612500259531,25.0881382727773
ENSSSCG00000016885,14.1351013977345,16.8999083447024
ENSSSCG00000016884,29.4293455069006,33.7250383338973
ENSSSCG00000016887,26.8212744061796,76.3113117954373
ENSSSCG00000016888,47.460454351391,42.9601652390776
ENSSSCG00000016894,5.44153106199802,9.72118621597927
ENSSSCG00000031337,32.2306070595268,67.1509632457645
ENSSSCG00000056604,1.32013475468591,1.64512382116572
ENSSSCG00000016898,2.35048383151394,4.86059310798964
ENSSSCG00000016900,0.804960216271897,14.880892745999
ENSSSCG00000016901,0.450777721112262,1.19645368812053
ENSSSCG00000016902,0.804960216271897,1.64512382116572
ENSSSCG00000016903,1.25573793738416,1.00950779935169
ENSSSCG00000048484,13.6199268593205,10.6933048375772
ENSSSCG00000021973,20.2849974500518,13.0114338583107
ENSSSCG00000036183,12.1066016527293,4.07542037516054
ENSSSCG00000026849,17.6769263493309,6.54310610690912
ENSSSCG00000016907,41.3105582990738,23.5177928071191
ENSSSCG00000016911,68.9045945128744,50.4753899675847
ENSSSCG00000016912,18.9970611040168,23.5177928071191
ENSSSCG00000030343,20.2527990414009,10.5063589488084
ENSSSCG00000016913,0.515174538414014,0.224335066522599
ENSSSCG00000016915,12.2997921046346,20.6762152978328
ENSSSCG00000016916,253.369277673742,54.8125345870216
ENSSSCG00000016917,1.93190451905255,0.486059310798964
ENSSSCG00000016918,91.7976630636471,39.6325284189924
ENSSSCG00000016919,2.15729337960868,1.49556711015066
ENSSSCG00000016920,27.4330441705462,37.6509019980428
ENSSSCG00000016922,122.836929003091,136.246163734725
ENSSSCG00000016925,45.1743673371789,64.5337208030008
ENSSSCG00000031796,0.160992043254379,0.448670133045197
ENSSSCG00000016929,17.4515374887747,26.3967594941591
ENSSSCG00000055991,4.31458675921737,6.54310610690912
ENSSSCG00000062040,0.515174538414014,0
ENSSSCG00000061729,0.965952259526276,0.373891777537664
ENSSSCG00000053766,0.740563398970145,0.897340266090394
ENSSSCG00000057009,0.869357033573649,0.411280955291431
ENSSSCG00000060355,0.772761807621021,0
ENSSSCG00000059995,5.6025231052524,3.10330175356261
ENSSSCG00000059429,0.418579312461386,0.897340266090394
ENSSSCG00000058458,0.450777721112262,0.486059310798964
ENSSSCG00000051151,8.08180057136985,3.43980435334651
ENSSSCG00000029484,12.5895777824925,7.40305719524575
ENSSSCG00000016877,66.6829043159639,148.846316637744
ENSSSCG00000016878,4.18579312461386,11.6654234591751
ENSSSCG00000032275,17.7091247579817,11.5532559259138
ENSSSCG00000026527,2.83345996127708,0.373891777537664
ENSSSCG00000016873,1.80311088444905,0.747783555075329
ENSSSCG00000016872,65.6847536477868,315.489881886281
ENSSSCG00000016871,115.946469551804,692.746685421784
ENSSSCG00000032979,15.4552361524204,16.97468670021
ENSSSCG00000016876,14.6502759361485,4.22497708617561
ENSSSCG00000016874,76.9863950842442,56.6819934747099
ENSSSCG00000016882,17.4837358974256,6.24399268487899
ENSSSCG00000016827,31.8764245643671,15.7034546565819
ENSSSCG00000016826,6.66507059073131,3.88847448639171
ENSSSCG00000016828,26.0163141899077,24.0786304734256
ENSSSCG00000016829,4.31458675921737,1.90684806544209
ENSSSCG00000016830,5.11954697548926,9.19773772742654
ENSSSCG00000016831,43.7898357651912,31.0330175356261
ENSSSCG00000038727,1.25573793738416,1.98162642094962
ENSSSCG00000016974,38.7024871983528,45.1661267265498
ENSSSCG00000023818,33.5507418142127,50.587557500846
ENSSSCG00000016975,19.3512435991764,22.3587282967523
ENSSSCG00000016976,15.6162281956748,19.367594076451
ENSSSCG00000027293,105.51418514892,76.6104252174674
ENSSSCG00000029037,0.515174538414014,1.71990217667326
ENSSSCG00000034500,145.923188005769,83.0039746133615
ENSSSCG00000016832,0.708364990319269,1.34601039913559
ENSSSCG00000032726,137.326212895986,60.0844086503026
ENSSSCG00000063417,0.418579312461386,0.52344848855273
ENSSSCG00000016957,3.92820585540686,1.79468053218079
ENSSSCG00000016958,255.912951957161,144.808285440337
ENSSSCG00000022430,78.9826964205985,75.2644148183318
ENSSSCG00000016979,0.160992043254379,8.48734335010498
ENSSSCG00000016981,96.9172100391364,69.8429840440357
ENSSSCG00000055217,1.9963013363543,1.04689697710546
ENSSSCG00000030186,43.4678516786824,27.2567105824957
ENSSSCG00000016841,2.22169019691044,6.58049528466289
ENSSSCG00000031990,6.5362769561278,6.58049528466289
ENSSSCG00000016842,78.8217043773441,48.979822857434
ENSSSCG00000016938,45.399756197735,35.370162155063
ENSSSCG00000016843,36.1588129149336,13.2731581025871
ENSSSCG00000016845,41.1173678471685,43.8201163274143
ENSSSCG00000037608,14.006307763131,7.96389486155225
ENSSSCG00000016941,1.25573793738416,0.747783555075329
ENSSSCG00000033581,0.321984086508759,0.186945888768832
ENSSSCG00000041202,19.4156404164782,10.730694015331
ENSSSCG00000016942,23.2472510459324,11.5158667481601
ENSSSCG00000016943,52.8375885960873,13.2357689248333
ENSSSCG00000016946,3.89600744675598,2.39290737624105
ENSSSCG00000016945,19.190251555922,12.5253745475118
ENSSSCG00000016948,17.2583470368695,8.56212170561251
ENSSSCG00000040603,2.70466632667357,5.08492817451223
ENSSSCG00000016778,32.3272022854794,69.6560381552669
ENSSSCG00000016954,107.832470571783,114.635218993048
ENSSSCG00000016846,22.0237115171991,21.4613880306619
ENSSSCG00000029326,21.7339258393412,6.31877104038653
ENSSSCG00000027147,21.4441401614833,7.17872212872315
ENSSSCG00000037463,104.065256759631,73.469734286151
ENSSSCG00000061094,14.7146727534503,9.72118621597927
ENSSSCG00000016961,29.3649486895988,25.8359218278526
ENSSSCG00000016963,22.2491003777552,18.881534765652
ENSSSCG00000048222,0.708364990319269,0.336502599783898
ENSSSCG00000037053,13.4267364074152,7.44044637299952
ENSSSCG00000038615,22.2169019691044,18.6198105213757
ENSSSCG00000016960,17.8057199839344,13.8339957688936
ENSSSCG00000061389,5.31273742739452,1.23384286587429
ENSSSCG00000016959,70.6111101713708,95.5293491608732
ENSSSCG00000021514,135.426506785584,231.513788651322
ENSSSCG00000028786,23.9556160362517,19.0684806544209
ENSSSCG00000016970,31.4256468432549,26.8828188049581
ENSSSCG00000016969,2.70466632667357,1.34601039913559
ENSSSCG00000016968,26.9178696321322,18.8441455878983
ENSSSCG00000016971,81.3653786607633,137.928676733644
ENSSSCG00000053414,0.965952259526276,0.0747783555075329
ENSSSCG00000041125,2.44707905746657,0.52344848855273
ENSSSCG00000051049,3.54182495159635,2.01901559870339
ENSSSCG00000041874,0.418579312461386,0.186945888768832
ENSSSCG00000059780,0.354182495159635,0.149556711015066
ENSSSCG00000039883,3.83161062945423,2.61724244276365
ENSSSCG00000043993,0.515174538414014,1.49556711015066
ENSSSCG00000050773,0.386380903810511,0.149556711015066
ENSSSCG00000058454,2.70466632667357,2.50507490950235
ENSSSCG00000044358,0.54737294706489,0
ENSSSCG00000048792,16.614378863852,6.76744117343172
ENSSSCG00000063167,0.193190451905255,0.448670133045197
ENSSSCG00000041085,0.54737294706489,0.224335066522599
ENSSSCG00000016956,49.4245572790945,40.1933660852989
ENSSSCG00000016949,23.5048383151394,21.2744421418931
ENSSSCG00000039222,117.331001123792,35.9683889991233
ENSSSCG00000026842,0.515174538414014,0.52344848855273
ENSSSCG00000032942,258.42442783193,243.179212110497
ENSSSCG00000022306,40.8919789866124,22.5830633632749
ENSSSCG00000016780,16.8397677244081,3.51458270885404
ENSSSCG00000039609,4.47557880247175,4.74842557472834
ENSSSCG00000016799,1.19134112008241,0.0747783555075329
ENSSSCG00000028239,12.718371417096,14.6191685017227
ENSSSCG00000016793,34.1947099872302,62.5520943820512
ENSSSCG00000016792,33.6151386315144,30.1356772695357
ENSSSCG00000016794,583.01658544141,403.017947007848
ENSSSCG00000017062,1.7387140671473,0.224335066522599
ENSSSCG00000017106,29.300551872297,28.2288292040937
ENSSSCG00000032827,140.868037847582,18.0215836773154
ENSSSCG00000017103,14.779069570752,23.5177928071191
ENSSSCG00000017104,102.455336327087,99.6047695360338
ENSSSCG00000035825,8.75796715303824,0.336502599783898
ENSSSCG00000017102,50.326112721319,38.0621829533342
ENSSSCG00000034302,150.334369990939,170.008591246376
ENSSSCG00000032698,77.5981648486109,56.9063285412325
ENSSSCG00000031800,7.2124435377962,1.94423724319585
ENSSSCG00000033176,84.8750052037088,79.7885053265376
ENSSSCG00000017072,35.28945588136,56.2333233416647
ENSSSCG00000034706,19.7376245029869,22.3587282967523
ENSSSCG00000017073,31.6832341124619,33.3885357341134
ENSSSCG00000017116,38.3483047031932,54.7003670537603
ENSSSCG00000022569,1.35233316333679,167.46612715912
ENSSSCG00000017121,0.740563398970145,0.0747783555075329
ENSSSCG00000021527,7.2124435377962,4.07542037516054
ENSSSCG00000040193,4.70096766302788,1.60773464341196
ENSSSCG00000017032,3.92820585540686,4.26236626392937
ENSSSCG00000017033,72.2854274212163,44.5305107047358
ENSSSCG00000034522,29.6869327761076,18.3954754548531
ENSSSCG00000038662,7.24464194644707,4.86059310798964
ENSSSCG00000035993,7.92080852811547,6.35616021814029
ENSSSCG00000017036,2.9300551872297,0.972118621597927
ENSSSCG00000035118,78.4353234735336,62.1782026045136
ENSSSCG00000039607,95.8546625536575,96.1275760049335
ENSSSCG00000017038,20.9933624403711,15.0678386347679
ENSSSCG00000040528,27.5296393964989,41.4272089511732
ENSSSCG00000032090,114.883922066325,108.129502063893
ENSSSCG00000017041,0.128793634603504,1.57034546565819
ENSSSCG00000017042,46.9130814043262,40.5672578628366
ENSSSCG00000020686,115.109310926881,200.555549471203
ENSSSCG00000017043,74.700308070032,108.129502063893
ENSSSCG00000017046,11.9778080181258,13.3853256358484
ENSSSCG00000058577,14.4248870755924,2.65463162051742
ENSSSCG00000036783,22.4100924210096,29.3131153589529
ENSSSCG00000039089,32.2628054681776,39.1838582859472
ENSSSCG00000017119,121.581191065707,106.858270020264
ENSSSCG00000017065,30.0411152712672,23.7047386958879
ENSSSCG00000017118,3.12324563913496,0.859951088336628
ENSSSCG00000017114,24.0522112622043,31.6686335574402
ENSSSCG00000040154,14.0707045804328,17.0494650557175
ENSSSCG00000017066,51.4852554327505,59.1870683842123
ENSSSCG00000017067,53.1595726825961,55.859431564127
ENSSSCG00000017068,28.4955916560252,47.5216449250371
ENSSSCG00000017069,222.265614916996,272.417549113942
ENSSSCG00000039763,18.8682674694133,22.73262007429
ENSSSCG00000024126,193.673428035018,247.404189196672
ENSSSCG00000036387,12.0100064267767,6.61788446241666
ENSSSCG00000017095,15.8416170562309,41.1280955291431
ENSSSCG00000055161,9.36973691740488,9.12295937191901
ENSSSCG00000035676,87.9016556168911,71.1516052654175
ENSSSCG00000026414,43.0814707748719,76.7599819284825
ENSSSCG00000017082,1862.03397228015,3472.44510552555
ENSSSCG00000016781,181.405834339035,136.769612223278
ENSSSCG00000035442,34.2269083958811,6.69266281792419
ENSSSCG00000016782,30.9104723048408,22.6952308965362
ENSSSCG00000034714,23.1184574113289,38.6230206196407
ENSSSCG00000016784,29.7513295934093,147.9115871939
ENSSSCG00000048583,0.386380903810511,0.673005199567796
ENSSSCG00000063351,0.386380903810511,0.149556711015066
ENSSSCG00000059359,3.70281699485073,0.149556711015066
ENSSSCG00000059751,2.22169019691044,0.934729443844161
ENSSSCG00000061930,2.09289656230693,0.934729443844161
ENSSSCG00000059394,0.386380903810511,0.336502599783898
ENSSSCG00000059956,12.1066016527293,24.3029655399482
ENSSSCG00000049958,4.37898357651912,1.23384286587429
ENSSSCG00000028772,0.998150668177152,0.411280955291431
ENSSSCG00000016816,16.7753709071063,112.391868327822
ENSSSCG00000031547,56.9911833120503,73.469734286151
ENSSSCG00000017109,0.321984086508759,0.52344848855273
ENSSSCG00000017100,60.0822305425344,50.6623358563535
ENSSSCG00000017099,14.1351013977345,16.7503516336874
ENSSSCG00000062392,0.611769764366642,0
ENSSSCG00000017098,12.6539745997942,10.4689697710546
ENSSSCG00000017101,1.57772202389292,1.45817793239689
ENSSSCG00000031959,44.7235896160666,19.9284317427575
ENSSSCG00000016834,11.7202207489188,10.5063589488084
ENSSSCG00000016835,23.9234176276008,12.5627637252655
ENSSSCG00000016836,27.6906314397533,37.2396210427514
ENSSSCG00000016838,0.676166581668393,0.149556711015066
ENSSSCG00000017047,265.379284100519,250.881382727773
ENSSSCG00000038248,10.2390939509785,9.7959645714868
ENSSSCG00000036047,20.2849974500518,18.4328646326068
ENSSSCG00000017052,8.91895919629262,15.3295628790442
ENSSSCG00000017054,21.0255608490219,56.6072151192024
ENSSSCG00000038003,1.38453157198766,2.99113422030131
ENSSSCG00000017058,19.8986165462413,19.7414858539887
ENSSSCG00000028875,7.05145149454182,1.38339957688936
ENSSSCG00000055480,0.515174538414014,0.149556711015066
ENSSSCG00000017053,0.450777721112262,3.47719353110028
ENSSSCG00000045434,0.418579312461386,2.16857230971845
ENSSSCG00000016848,12.5251809651907,72.0115563537541
ENSSSCG00000053585,2.96225359588058,3.21546928682391
ENSSSCG00000016850,1.12694430278066,3.66413941986911
ENSSSCG00000016851,17.0329581763133,15.1426169902754
ENSSSCG00000016853,29.5581391415041,12.4132070142505
ENSSSCG00000016855,2.9300551872297,1.12167533261299
ENSSSCG00000016856,1.09474589412978,1.04689697710546
ENSSSCG00000016857,102.19774905788,96.1649651826873
ENSSSCG00000061479,2.76906314397533,1.83206970993455
ENSSSCG00000024439,20.1884022240992,28.2288292040937
ENSSSCG00000034966,16.3889900032958,15.2173953457829
ENSSSCG00000024598,41.0207726212159,38.2491288421031
ENSSSCG00000033326,525.478029182294,411.654847068968
ENSSSCG00000063580,37.2213604004125,23.7047386958879
ENSSSCG00000016859,11.9778080181258,10.5063589488084
ENSSSCG00000016861,0.386380903810511,0.149556711015066
ENSSSCG00000033993,4.31458675921737,2.31812902073352
ENSSSCG00000016863,27.7872266657059,67.225741601272
ENSSSCG00000040855,40.8275821693106,39.6325284189924
ENSSSCG00000016865,9.56292736931014,7.92650568379848
ENSSSCG00000016866,5.28053901874364,2.61724244276365
ENSSSCG00000016867,184.883262473329,114.635218993048
ENSSSCG00000044736,2.9300551872297,0.560837666306496
ENSSSCG00000016869,0.418579312461386,0.411280955291431
ENSSSCG00000040959,29.9445200453146,21.4239988529082
ENSSSCG00000016809,39.8294315011335,47.0355856142382
ENSSSCG00000016808,13.1369507295574,21.3492204974006
ENSSSCG00000032931,34.6454877083424,21.9848365192147
ENSSSCG00000017087,112.952017547273,73.8810152414425
ENSSSCG00000040411,16.6787756811537,6.46832775140159
ENSSSCG00000017089,82.9109022760054,132.058575826303
ENSSSCG00000017091,83.0396959106089,129.254387494771
ENSSSCG00000036438,33.2931545450057,79.0033325937085
ENSSSCG00000017094,127.698888709374,224.970682544413
ENSSSCG00000034763,18.4818865656028,9.64640786047174
ENSSSCG00000009536,164.34067775407,70.5159892436035
ENSSSCG00000048714,0.386380903810511,0.149556711015066
ENSSSCG00000040130,0.676166581668393,2.28073984297975
ENSSSCG00000009540,17.8379183925852,10.5811373043159
ENSSSCG00000009541,42.3087089672509,29.2009478256916
ENSSSCG00000009542,32.8745752325443,2.13118313196469
ENSSSCG00000051398,0.482976129763138,0.0373891777537664
ENSSSCG00000009543,0,0.598226844060263
ENSSSCG00000044700,721.920520361288,2049.30083268394
ENSSSCG00000009545,551.719732232758,1314.3043764004
ENSSSCG00000022719,2.86565836992795,3.36502599783898
ENSSSCG00000029502,73.5089669499496,88.2758486766425
ENSSSCG00000031757,27.3042505359427,18.3206970993455
ENSSSCG00000034818,27.239853718641,26.0602568943752
ENSSSCG00000033732,142.188172602268,63.9728831366944
ENSSSCG00000009551,120.840627666737,141.106756842715
ENSSSCG00000046437,0.515174538414014,0.560837666306496
ENSSSCG00000061055,1.51332520659117,0.673005199567796
ENSSSCG00000055590,0.160992043254379,0.448670133045197
ENSSSCG00000058354,2.15729337960868,1.34601039913559
ENSSSCG00000043215,0.482976129763138,0.261724244276365
ENSSSCG00000047793,1.32013475468591,0.261724244276365
ENSSSCG00000045152,8.2749910232751,5.87010090734133
ENSSSCG00000009475,26.3382982764165,80.5362888816129
ENSSSCG00000009477,7.4700308070032,26.5089270274204
ENSSSCG00000029113,36.577392227395,32.341638757008
ENSSSCG00000009457,68.3250231571586,29.0140019369227
ENSSSCG00000031288,23.4404414978376,26.097646072129
ENSSSCG00000009472,56.0896278698258,34.7719353110028
ENSSSCG00000009446,19.5766324597325,15.4791195900593
ENSSSCG00000009444,5.95670560041204,0.0747783555075329
ENSSSCG00000009473,66.1033329602482,91.7530422077428
ENSSSCG00000029837,23.7302271756955,35.4449405105706
ENSSSCG00000009434,7.69541966755934,16.6007949226723
ENSSSCG00000009435,29.9123216366637,12.9366555028032
ENSSSCG00000009436,16.0026090994853,7.96389486155225
ENSSSCG00000031378,23.086259002678,27.9297157820635
ENSSSCG00000037413,7.01925308589094,4.82320393023587
ENSSSCG00000031627,28.0448139349129,17.7598594330391
ENSSSCG00000009440,118.490143835223,143.35010750794
ENSSSCG00000039338,35.1284638381056,26.1724244276365
ENSSSCG00000009442,0.257587269207007,1.27123204362806
ENSSSCG00000062876,51.4852554327505,102.259401156551
ENSSSCG00000040929,2290.1440137022,1851.51208236651
ENSSSCG00000034156,32.4881943287338,61.6173649382071
ENSSSCG00000022868,3.6062217688981,4.71103639697457
ENSSSCG00000009419,45.0777721112262,42.2123816840023
ENSSSCG00000009420,14.1351013977345,12.6375420807731
ENSSSCG00000037452,4.99075334088576,0.224335066522599
ENSSSCG00000009407,121.033818118642,70.4786000658497
ENSSSCG00000009408,94.0193532605576,120.991379211188
ENSSSCG00000009410,16.7109740898046,13.2731581025871
ENSSSCG00000009412,79.4012757330599,79.9754512153064
ENSSSCG00000009413,0.643968173017518,0.0747783555075329
ENSSSCG00000009414,100.781019077241,97.1370838042852
ENSSSCG00000045677,0.643968173017518,0.710394377321562
ENSSSCG00000020938,0.354182495159635,0.336502599783898
ENSSSCG00000060529,9.2087448741505,7.55261390626082
ENSSSCG00000023738,74.2173319402689,62.7016510930663
ENSSSCG00000009474,0.418579312461386,0.635616021814029
ENSSSCG00000009458,0.579571355715766,0
ENSSSCG00000040073,17.3549422628221,33.6876491561436
ENSSSCG00000025120,9.14434805684875,5.6831550185725
ENSSSCG00000009460,22.7320765075184,19.85365338725
ENSSSCG00000024722,19.4156404164782,11.852369347944
ENSSSCG00000035101,60.3720162203923,124.244237675766
ENSSSCG00000025130,2.28608701421219,2.76679915377872
ENSSSCG00000009464,31.8120277470654,65.2815043580762
ENSSSCG00000009466,9.69172100391364,8.93601348315018
ENSSSCG00000040184,80.0452439060774,194.947172808138
ENSSSCG00000059342,48.1688193417103,69.0952004889604
ENSSSCG00000053145,4.70096766302788,1.12167533261299
ENSSSCG00000059963,4.21799153326474,1.79468053218079
ENSSSCG00000059973,0.128793634603504,0.598226844060263
ENSSSCG00000009535,35.4826463332652,164.138490339035
ENSSSCG00000038949,1.22353952873328,1.19645368812053
ENSSSCG00000009509,153.618607673329,150.042770325865
ENSSSCG00000009526,13.0403555036047,15.0678386347679
ENSSSCG00000009527,0.643968173017518,0.299113422030131
ENSSSCG00000009528,45.8827323274981,38.8847448639171
ENSSSCG00000060223,0.386380903810511,0.822561910582861
ENSSSCG00000009531,8.37158624922773,2.16857230971845
ENSSSCG00000009532,18.932664286715,16.3764598561497
ENSSSCG00000009534,37.092566765809,17.0868542334713
ENSSSCG00000032046,56.025231052524,54.8125345870216
ENSSSCG00000042169,0.772761807621021,0.261724244276365
ENSSSCG00000009349,7.30903876374882,5.0101498190047
ENSSSCG00000034348,26.6602823629252,11.852369347944
ENSSSCG00000033919,63.0122857297641,32.0425253349778
ENSSSCG00000040557,0.579571355715766,0
ENSSSCG00000009356,28.527790064676,19.5171507874661
ENSSSCG00000009357,7.63102285025758,4.22497708617561
ENSSSCG00000009360,26.2739014591147,18.5450321658681
ENSSSCG00000009358,14.9722600226573,9.01079183865771
ENSSSCG00000009359,116.300652046964,59.4861818062424
ENSSSCG00000009502,6.69726899938218,2.76679915377872
ENSSSCG00000009361,3.89600744675598,3.55197188660781
ENSSSCG00000009505,77.308379170753,47.1477531474995
ENSSSCG00000009362,2.02849974500518,0.673005199567796
ENSSSCG00000045003,0.708364990319269,0.0747783555075329
ENSSSCG00000039812,50.1973190867155,86.3690006112004
ENSSSCG00000056668,13.8453157198766,10.5811373043159
ENSSSCG00000026863,175.320335104019,224.522012411367
ENSSSCG00000009364,15.551831378373,53.8404159654237
ENSSSCG00000058949,50.5515015818751,37.8004587090579
ENSSSCG00000040697,44.2728118949543,46.5495263034392
ENSSSCG00000037746,9.27314169145225,13.7966065911398
ENSSSCG00000029855,31.6832341124619,38.6977989751483
ENSSSCG00000009369,31.6188372951601,42.1749925062485
ENSSSCG00000009370,66.8438963592183,219.28752752584
ENSSSCG00000009372,16.8075693157572,15.366952056798
ENSSSCG00000009373,14.263895032338,15.4417304123055
ENSSSCG00000009374,1.38453157198766,0.673005199567796
ENSSSCG00000009377,8.01740375406809,25.3872516948074
ENSSSCG00000035658,113.20960481648,122.075665366047
ENSSSCG00000009378,13.8775141285275,3.32763682008521
ENSSSCG00000022112,143.765894626161,315.602049419542
ENSSSCG00000009379,16.1314027340888,8.67428923887381
ENSSSCG00000009380,38.5736935637493,15.4043412345518
ENSSSCG00000009381,47.1062718562314,32.1546928682391
ENSSSCG00000033570,16.8397677244081,45.0165700155348
ENSSSCG00000060630,2.8012615526262,5.04753899675847
ENSSSCG00000009384,45.3031609717824,39.6325284189924
ENSSSCG00000009385,0.804960216271897,0.673005199567796
ENSSSCG00000029598,19.8342197289395,241.010639800778
ENSSSCG00000009516,119.713683363957,216.034669061262
ENSSSCG00000024385,18.2564977050466,17.7224702552853
ENSSSCG00000031999,1.35233316333679,0.299113422030131
ENSSSCG00000009517,2.25388860556131,1.27123204362806
ENSSSCG00000031808,249.408873409685,308.834608246111
ENSSSCG00000009519,4.99075334088576,7.40305719524575
ENSSSCG00000009520,0.321984086508759,0.486059310798964
ENSSSCG00000009522,29.1073614203918,52.1579029665042
ENSSSCG00000009523,42.018923289393,45.2409050820574
ENSSSCG00000009524,95.4038848325452,39.0343015749322
ENSSSCG00000058822,0.579571355715766,0.0747783555075329
ENSSSCG00000062693,0.515174538414014,0.261724244276365
ENSSSCG00000057230,0.354182495159635,0.373891777537664
ENSSSCG00000041917,1.09474589412978,0.149556711015066
ENSSSCG00000047974,0.9337538508754,0.186945888768832
ENSSSCG00000009399,7.95300693676634,3.81369613088418
ENSSSCG00000009400,79.4334741417108,60.7948030276242
ENSSSCG00000009401,32.423797511432,26.8080404494505
ENSSSCG00000009403,486.646748349338,514.774199313856
ENSSSCG00000035098,34.2913052131828,22.2839499412448
ENSSSCG00000027551,10.3034907682803,3.96325284189924
ENSSSCG00000009405,26.6924807715761,11.366310037145
ENSSSCG00000061460,34.5810908910407,9.42207279394914
ENSSSCG00000057312,1.22353952873328,0.747783555075329
ENSSSCG00000057195,1.35233316333679,6.58049528466289
ENSSSCG00000058335,1.54552361524204,0
ENSSSCG00000043719,3.05884882183321,6.31877104038653
ENSSSCG00000040538,27.6584330311024,52.5317947440418
ENSSSCG00000009448,4.05699949001036,2.39290737624105
ENSSSCG00000009449,32.0374166076215,18.6198105213757
ENSSSCG00000031955,1.25573793738416,0.224335066522599
ENSSSCG00000038842,2.38268224016482,0.373891777537664
ENSSSCG00000056129,0.386380903810511,0.186945888768832
ENSSSCG00000009479,46.4623036832139,29.3878937144604
ENSSSCG00000009480,115.560088647994,160.137848319382
ENSSSCG00000009488,0.482976129763138,0.299113422030131
ENSSSCG00000009482,38.2517094772405,43.8201163274143
ENSSSCG00000050522,1.80311088444905,0.186945888768832
ENSSSCG00000047723,0.643968173017518,0.635616021814029
ENSSSCG00000009486,1.32013475468591,0.448670133045197
ENSSSCG00000004054,0.772761807621021,1.08428615485923
ENSSSCG00000009334,126.797333267149,134.152369780514
ENSSSCG00000009335,29.3649486895988,29.5748396032292
ENSSSCG00000009336,18.7072754261589,4.74842557472834
ENSSSCG00000009341,28.0770123435638,20.4518802313102
ENSSSCG00000009345,42.5984946451088,37.5013452870277
ENSSSCG00000009347,0.225388860556131,1.00950779935169
ENSSSCG00000009572,2.06069815365606,0.859951088336628
ENSSSCG00000029393,17.387140671473,14.4696117907076
ENSSSCG00000022957,30.2665041318233,38.3612963753644
ENSSSCG00000009570,105.771772418127,95.0432898500743
ENSSSCG00000009569,48.780589106077,32.7903088900532
ENSSSCG00000009568,32.1340118335741,22.5456741855212
ENSSSCG00000021814,157.643408754688,159.72656736409
ENSSSCG00000009268,34.6132892996916,50.2884440788158
ENSSSCG00000009270,88.5778221985595,52.4196272107805
ENSSSCG00000025308,8.91895919629262,12.7123204362806
ENSSSCG00000059376,34.8064797515968,48.4189851911275
ENSSSCG00000051933,0.482976129763138,0.0747783555075329
ENSSSCG00000036326,47.5248511686928,103.717579088948
ENSSSCG00000035318,114.175557076006,106.708713309249
ENSSSCG00000035421,0.257587269207007,1.49556711015066
ENSSSCG00000030113,1.35233316333679,1.86945888768832
ENSSSCG00000023771,1.19134112008241,1.23384286587429
ENSSSCG00000028865,49.1669700098875,57.0558852522476
ENSSSCG00000028249,31.5544404778584,37.5761236425353
ENSSSCG00000031280,15.7772202389292,37.8752370645654
ENSSSCG00000026744,187.652325617305,391.128188482151
ENSSSCG00000024667,97.1747973083434,61.6547541159608
ENSSSCG00000009278,8.04960216271897,6.65527364017042
ENSSSCG00000009281,4.60437243707525,11.2541425038837
ENSSSCG00000035493,16.2923947773432,19.5545399652198
ENSSSCG00000009283,17.3227438541712,9.87074292699434
ENSSSCG00000022678,0.740563398970145,0.0747783555075329
ENSSSCG00000035119,103.29249495201,106.746102487003
ENSSSCG00000024064,30.7816786702373,43.0349435945852
ENSSSCG00000009298,36.6095906360459,20.6388261200791
ENSSSCG00000009300,41.0529710298667,22.8073984297975
ENSSSCG00000009302,33.9371227180232,19.9284317427575
ENSSSCG00000009303,536.586480166847,478.058026759658
ENSSSCG00000039890,10.883062123996,7.25350048423069
ENSSSCG00000009305,26.4026950937182,21.8352798081996
ENSSSCG00000037313,11.3338398451083,12.7123204362806
ENSSSCG00000009308,32.8423768238934,44.0444513939369
ENSSSCG00000009310,80.6892120790949,77.5077654835578
ENSSSCG00000009319,115.656683873946,93.6225010954311
ENSSSCG00000025996,3.54182495159635,1.00950779935169
ENSSSCG00000029456,150.237774764987,119.607979634299
ENSSSCG00000035992,142.799942366635,169.073861802532
ENSSSCG00000009326,33.6795354488162,32.341638757008
ENSSSCG00000009327,432.231437729358,223.026445301217
ENSSSCG00000028065,25.9841157812568,23.0317334963201
ENSSSCG00000009330,12.3963873305872,2.61724244276365
ENSSSCG00000009331,9.337538508754,8.82384594988888
ENSSSCG00000046261,11.3660382537592,3.51458270885404
ENSSSCG00000009348,24.1488064881569,56.1211558084034
ENSSSCG00000046579,1.12694430278066,2.69202079827118
ENSSSCG00000044808,0.54737294706489,0.897340266090394
ENSSSCG00000058296,0.869357033573649,0.336502599783898
ENSSSCG00000050382,1.15914271143153,0.299113422030131
ENSSSCG00000060926,7.92080852811547,5.08492817451223
ENSSSCG00000063206,0.482976129763138,0.822561910582861
ENSSSCG00000058070,3.25203927373846,1.34601039913559
ENSSSCG00000047668,0.482976129763138,0
ENSSSCG00000033434,1.19134112008241,0
ENSSSCG00000044333,1.38453157198766,0.560837666306496
ENSSSCG00000042951,1.0625474854789,1.57034546565819
ENSSSCG00000048254,0.740563398970145,0.261724244276365
ENSSSCG00000043867,2.54367428341919,0.448670133045197
ENSSSCG00000061816,10.4322844028838,6.84221952893926
ENSSSCG00000054814,2.96225359588058,1.83206970993455
ENSSSCG00000055398,0.611769764366642,0.448670133045197
ENSSSCG00000049043,0.611769764366642,0.747783555075329
ENSSSCG00000061444,1.77091247579817,0
ENSSSCG00000054567,0.579571355715766,9.34729443844161
ENSSSCG00000054545,0.225388860556131,1.71990217667326
ENSSSCG00000053042,1.8675077017508,2.09379395421092
ENSSSCG00000046743,1.03034907682803,0.486059310798964
ENSSSCG00000046155,1.54552361524204,0.747783555075329
ENSSSCG00000049449,0.515174538414014,0.822561910582861
ENSSSCG00000049656,47.718041620598,27.1445430492344
ENSSSCG00000036846,3.63842017754897,1.98162642094962
ENSSSCG00000019590,0.450777721112262,0.0373891777537664
ENSSSCG00000009276,38.1873126599388,42.5488842837862
ENSSSCG00000009320,46.2691132313086,73.5445126416586
ENSSSCG00000037170,60.0822305425344,48.6807094354039
ENSSSCG00000049125,17.8379183925852,13.123601391572
ENSSSCG00000056326,1.28793634603504,0.635616021814029
ENSSSCG00000009322,26.7890759975287,11.8149801701902
ENSSSCG00000009388,28.9785677857883,7.25350048423069
ENSSSCG00000009389,30.9426707134917,21.6857230971845
ENSSSCG00000009390,10.0459034990733,8.37517581684368
ENSSSCG00000009393,8.46818147518036,5.87010090734133
ENSSSCG00000053768,3.92820585540686,1.04689697710546
ENSSSCG00000021060,90.1233458138016,103.455854844672
ENSSSCG00000009396,46.4623036832139,53.1300215881021
ENSSSCG00000009395,18.932664286715,12.3010394809892
ENSSSCG00000009397,30.4274961750777,30.5095690470734
ENSSSCG00000031598,31.7476309297636,26.4341486719129
ENSSSCG00000022159,87.7084651649859,76.3113117954373
ENSSSCG00000052494,2.70466632667357,1.57034546565819
ENSSSCG00000049854,1.25573793738416,0.0747783555075329
ENSSSCG00000045895,0.418579312461386,0.112167533261299
ENSSSCG00000051290,4.86195970628226,0.785172732829095
ENSSSCG00000024125,24.3097985314113,19.85365338725
ENSSSCG00000059626,0.482976129763138,0.299113422030131
ENSSSCG00000041994,1.83530929309993,1.12167533261299
ENSSSCG00000009511,150.108981130383,268.678631338566
ENSSSCG00000009513,1.70651565849642,0.373891777537664
ENSSSCG00000009422,360.589978481159,159.988291608367
ENSSSCG00000040405,2.96225359588058,1.49556711015066
ENSSSCG00000051361,0.482976129763138,0.373891777537664
ENSSSCG00000009425,19.7376245029869,4.93537146349717
ENSSSCG00000009426,5.6025231052524,1.75729135442702
ENSSSCG00000021818,4.86195970628226,2.16857230971845
ENSSSCG00000038251,14.1351013977345,8.56212170561251
ENSSSCG00000037572,60.951587576108,27.5932131822796
ENSSSCG00000009553,44.3050103036052,42.3245492172636
ENSSSCG00000037561,252.821904726677,317.695843373753
ENSSSCG00000021158,80.0452439060774,46.5121371256854
ENSSSCG00000029503,2.41488064881569,0
ENSSSCG00000009558,0.54737294706489,0.897340266090394
ENSSSCG00000009557,31.0392659394443,28.49055344837
ENSSSCG00000009556,85.100394064265,94.0711712284763
ENSSSCG00000009555,320.985935840582,456.297525306965
ENSSSCG00000009554,29.6225359588058,24.975970739516
ENSSSCG00000048674,0.0643968173017518,0.897340266090394
ENSSSCG00000024103,2.25388860556131,4.07542037516054
ENSSSCG00000026536,14.779069570752,9.94552128250187
ENSSSCG00000009563,83.4582752230703,91.9773772742654
ENSSSCG00000045154,1.83530929309993,1.49556711015066
ENSSSCG00000009560,52.2902156490224,43.4088353721228
ENSSSCG00000009562,0.515174538414014,0
ENSSSCG00000009564,2.28608701421219,0
ENSSSCG00000009565,358.690272370757,277.65203399947
ENSSSCG00000044825,4.31458675921737,0.934729443844161
ENSSSCG00000049805,14.521482301545,7.73955979502965
ENSSSCG00000009566,0.579571355715766,0.0747783555075329
ENSSSCG00000009567,47.9112320725033,28.6027209816313
ENSSSCG00000054303,13.9419109458293,3.06591257580885
ENSSSCG00000020899,34.2591068045319,22.7700092520438
ENSSSCG00000024679,7.72761807621021,4.82320393023587
ENSSSCG00000009338,14.3282918496398,140.545919176408
ENSSSCG00000040566,21.0255608490219,15.8904005453507
ENSSSCG00000029039,8.08180057136985,2.61724244276365
ENSSSCG00000026996,44.7235896160666,67.0387957125032
ENSSSCG00000009498,0.901555442224525,2.76679915377872
ENSSSCG00000009500,202.206006327501,89.9957508533158
ENSSSCG00000009501,81.8483547905265,33.3885357341134
ENSSSCG00000026082,102.93831245685,158.904005453507
ENSSSCG00000009489,4.31458675921737,5.6831550185725
ENSSSCG00000009490,2.44707905746657,0.598226844060263
ENSSSCG00000009491,18.932664286715,12.3010394809892
ENSSSCG00000009492,7.92080852811547,5.08492817451223
ENSSSCG00000045083,0.418579312461386,0.52344848855273
ENSSSCG00000009497,0.128793634603504,6.24399268487899
ENSSSCG00000009496,0.0643968173017518,1.38339957688936
ENSSSCG00000059385,1.51332520659117,0
ENSSSCG00000026164,5.18394379279102,0.822561910582861
ENSSSCG00000026564,16.5821804552011,1.19645368812053
ENSSSCG00000009354,60.9837859847589,21.3492204974006
ENSSSCG00000024635,43.4356532700316,57.6541120963078
ENSSSCG00000009428,50.3583111299699,15.7034546565819
ENSSSCG00000052062,0.450777721112262,0.0747783555075329
ENSSSCG00000009430,102.326542692484,175.916081331471
ENSSSCG00000060520,47.202867082184,31.2573526021487
ENSSSCG00000058703,9.65952259526276,11.2915316816375
ENSSSCG00000009431,2.9300551872297,7.51522472850705
ENSSSCG00000057225,0,0.560837666306496
ENSSSCG00000009290,64.5578093450061,66.6275147572118
ENSSSCG00000009293,66.4897138640587,57.3176094965239
ENSSSCG00000058125,0.386380903810511,0.149556711015066
ENSSSCG00000059475,0.128793634603504,0.448670133045197
ENSSSCG00000010811,100.684423851289,78.0686031498643
ENSSSCG00000010814,0.515174538414014,0.149556711015066
ENSSSCG00000027207,27.0788616753866,20.4518802313102
ENSSSCG00000029778,3.25203927373846,1.04689697710546
ENSSSCG00000027846,43.3068596354281,55.3733722533281
ENSSSCG00000010816,12.6539745997942,14.1704983686775
ENSSSCG00000010817,7.98520534541722,4.41192297494444
ENSSSCG00000039095,0.611769764366642,1.04689697710546
ENSSSCG00000010801,54.3509138026785,99.8291046025564
ENSSSCG00000010800,7.50222921565408,34.24848682245
ENSSSCG00000031991,10.5288796288364,23.0317334963201
ENSSSCG00000032055,22.3778940123587,58.2523389403681
ENSSSCG00000010802,60.3720162203923,61.6921432937146
ENSSSCG00000037241,20.1562038154483,270.024641737701
ENSSSCG00000032416,19.963013363543,2.05640477645715
ENSSSCG00000033945,1.8675077017508,0.411280955291431
ENSSSCG00000010809,0.193190451905255,2.46768573174858
ENSSSCG00000010821,93.9227580346049,125.440691363886
ENSSSCG00000010822,35.28945588136,35.4075513328168
ENSSSCG00000010823,75.4730698776531,104.390584288516
ENSSSCG00000010824,135.973879732649,149.743656903835
ENSSSCG00000010825,24.7605762525235,20.6762152978328
ENSSSCG00000053269,0.772761807621021,0.224335066522599
ENSSSCG00000048837,0.54737294706489,0.149556711015066
ENSSSCG00000055448,1.41672998063854,0.0747783555075329
ENSSSCG00000044167,0.289785677857883,0.560837666306496
ENSSSCG00000043065,0.450777721112262,0.149556711015066
ENSSSCG00000038539,0.837158624922773,0.859951088336628
ENSSSCG00000011010,23.2150526372815,48.979822857434
ENSSSCG00000038811,20.8323703971167,8.07606239481355
ENSSSCG00000036693,7.11584831184357,3.47719353110028
ENSSSCG00000026552,63.3986666335746,89.2479672982405
ENSSSCG00000028655,87.6440683476841,116.504677880736
ENSSSCG00000029783,0.482976129763138,0.224335066522599
ENSSSCG00000011069,108.154454658292,36.7161725541986
ENSSSCG00000011070,20.4459894933062,19.5171507874661
ENSSSCG00000056325,1.7387140671473,3.25285846457768
ENSSSCG00000010960,50.1329222694137,268.716020516319
ENSSSCG00000039950,15.6162281956748,10.0950779935169
ENSSSCG00000022760,429.687763445939,472.300093385577
ENSSSCG00000034203,41.4393519336773,21.7231122749383
ENSSSCG00000021571,33.6795354488162,5.42143077429613
ENSSSCG00000026087,9.46633214335751,4.48670133045197
ENSSSCG00000021005,178.926556872917,251.143106972049
ENSSSCG00000035132,4.86195970628226,4.63625804146704
ENSSSCG00000010962,20.1884022240992,52.6439622773031
ENSSSCG00000040707,6.92265785993831,18.245918743838
ENSSSCG00000038162,17.1617518109168,9.60901868271797
ENSSSCG00000010966,7.27684035509795,19.367594076451
ENSSSCG00000055253,0.321984086508759,0.598226844060263
ENSSSCG00000010967,0.225388860556131,0.411280955291431
ENSSSCG00000010968,89.8979569532455,425.825345437646
ENSSSCG00000010969,64.33242048445,285.242037083484
ENSSSCG00000037000,75.6340619209074,140.433751643147
ENSSSCG00000010971,1.89970611040168,3.06591257580885
ENSSSCG00000010972,41.6969392028843,72.6845615533219
ENSSSCG00000010973,24.63178261792,26.5837053829279
ENSSSCG00000010974,9.2087448741505,2.69202079827118
ENSSSCG00000027428,15.1976488832134,18.8067564101445
ENSSSCG00000039342,31.3290516173022,15.7782330120894
ENSSSCG00000033196,46.2369148226578,44.8670133045197
ENSSSCG00000058971,23.9556160362517,20.0779884537726
ENSSSCG00000010980,9.85271304716802,3.21546928682391
ENSSSCG00000010981,10.2068955423277,25.3498625170536
ENSSSCG00000010984,18.159902479094,12.2262611254816
ENSSSCG00000021761,53.2883663171996,63.0007645150964
ENSSSCG00000024384,103.646677447169,96.2397435381948
ENSSSCG00000010987,74.1529351229672,143.275329152433
ENSSSCG00000034725,112.179255739652,141.630205331267
ENSSSCG00000010990,50.8090888510821,48.2694284801125
ENSSSCG00000040513,573.196070802892,751.335526961936
ENSSSCG00000010992,0.515174538414014,0.673005199567796
ENSSSCG00000011002,0.579571355715766,0
ENSSSCG00000011003,19.8664181375904,18.245918743838
ENSSSCG00000058178,2.99445200453146,3.10330175356261
ENSSSCG00000011004,41.5359471596299,35.9309998213695
ENSSSCG00000030408,30.6850834442847,34.7719353110028
ENSSSCG00000023807,117.427596349744,492.751973616888
ENSSSCG00000062233,1.80311088444905,3.96325284189924
ENSSSCG00000055669,0.740563398970145,0.710394377321562
ENSSSCG00000062406,5.31273742739452,4.07542037516054
ENSSSCG00000049533,0.901555442224525,0.52344848855273
ENSSSCG00000063495,4.21799153326474,0.52344848855273
ENSSSCG00000051266,6.5362769561278,0.448670133045197
ENSSSCG00000044435,0.354182495159635,0.261724244276365
ENSSSCG00000046263,2.28608701421219,0.822561910582861
ENSSSCG00000056577,10.4322844028838,6.87960870669302
ENSSSCG00000049283,4.70096766302788,1.30862122138182
ENSSSCG00000028046,1.22353952873328,1.08428615485923
ENSSSCG00000034119,2.06069815365606,1.71990217667326
ENSSSCG00000038184,0.450777721112262,0.448670133045197
ENSSSCG00000020705,8.91895919629262,5.19709570777353
ENSSSCG00000011018,19.0614579213185,17.9468053218079
ENSSSCG00000011020,45.9471291447999,101.661174312491
ENSSSCG00000011026,50.3905095386207,69.0204221334528
ENSSSCG00000011027,102.970510865501,110.971079573179
ENSSSCG00000011028,55.8642390092696,50.2136657233083
ENSSSCG00000022045,4.79756288898051,1.53295628790442
ENSSSCG00000048231,0.482976129763138,0.822561910582861
ENSSSCG00000011022,70.3213244935129,70.7403243101261
ENSSSCG00000011023,18.1921008877449,26.0602568943752
ENSSSCG00000011025,18.6106802002063,24.7516356729934
ENSSSCG00000011033,815.134913405574,730.995814263887
ENSSSCG00000011034,0.837158624922773,6.50571692915536
ENSSSCG00000038007,7.37343558105058,4.26236626392937
ENSSSCG00000011036,30.6528850356338,42.1749925062485
ENSSSCG00000011037,0.289785677857883,0.448670133045197
ENSSSCG00000011038,9.17654646549962,5.4588199520499
ENSSSCG00000011040,5.53812628795065,3.96325284189924
ENSSSCG00000011041,27.4330441705462,28.7148885148926
ENSSSCG00000011042,59.4704607781677,60.196576183564
ENSSSCG00000011043,1.19134112008241,2.65463162051742
ENSSSCG00000022953,10.9152605326469,69.3943139109905
ENSSSCG00000011045,21.8949178825956,32.3042495792542
ENSSSCG00000011046,33.7439322661179,58.1775605848606
ENSSSCG00000011047,127.248110988261,136.507887979001
ENSSSCG00000026499,1.48112679794029,1.49556711015066
ENSSSCG00000027110,2.18949178825956,1.94423724319585
ENSSSCG00000011049,9.98150668177152,7.81433815053718
ENSSSCG00000011048,13.2013475468591,9.75857539373304
ENSSSCG00000011051,19.0614579213185,12.6375420807731
ENSSSCG00000010874,79.0792916465512,74.8157446852866
ENSSSCG00000060083,67.5200629408867,55.1490371868055
ENSSSCG00000010865,2.89785677857883,0.897340266090394
ENSSSCG00000057274,11.1728478018539,16.6755732781798
ENSSSCG00000039658,130.532348670651,293.355488656051
ENSSSCG00000054590,0.450777721112262,0.822561910582861
ENSSSCG00000011056,68.7114040609691,70.5533784213573
ENSSSCG00000035850,1.28793634603504,1.15906451036676
ENSSSCG00000026354,38.2195110685897,37.613512820289
ENSSSCG00000010876,32.4881943287338,33.3885357341134
ENSSSCG00000032984,32.681384780639,34.6597677777415
ENSSSCG00000031659,62.9478889124623,69.8055948662819
ENSSSCG00000039618,33.4863449969109,12.4505961920042
ENSSSCG00000039244,150.817346120703,1311.27585300234
ENSSSCG00000010877,498.205977055002,594.600093818147
ENSSSCG00000035059,11.4626334797118,8.18822992807485
ENSSSCG00000023247,124.704436704842,133.404586225439
ENSSSCG00000011068,173.034248089807,177.187313375099
ENSSSCG00000030502,20.0918069981465,12.974044680557
ENSSSCG00000035136,8.75796715303824,4.8979822857434
ENSSSCG00000010872,54.9304851583942,38.8847448639171
ENSSSCG00000011065,2.86565836992795,2.95374504254755
ENSSSCG00000011064,136.102673367252,198.23742045047
ENSSSCG00000024127,99.5574795485082,108.690339730199
ENSSSCG00000010860,22.313497195057,21.1622746086318
ENSSSCG00000010861,46.4945020918648,46.1382453481478
ENSSSCG00000011061,3.31643609104022,5.19709570777353
ENSSSCG00000030156,6.18209446096817,3.55197188660781
ENSSSCG00000011060,0.193190451905255,2.46768573174858
ENSSSCG00000011059,0.128793634603504,0.822561910582861
ENSSSCG00000038536,2.70466632667357,1.19645368812053
ENSSSCG00000010862,45.2065657458297,60.0096302947951
ENSSSCG00000053892,6.92265785993831,3.51458270885404
ENSSSCG00000041664,0.386380903810511,0.448670133045197
ENSSSCG00000050323,0.772761807621021,0.224335066522599
ENSSSCG00000057494,1.03034907682803,2.24335066522599
ENSSSCG00000060365,1.38453157198766,1.68251299891949
ENSSSCG00000054608,0.386380903810511,1.00950779935169
ENSSSCG00000051302,0.418579312461386,2.46768573174858
ENSSSCG00000010863,60.4686114463449,47.5964232805447
ENSSSCG00000058859,0.515174538414014,0.934729443844161
ENSSSCG00000056827,4.5399756197735,1.00950779935169
ENSSSCG00000053801,2.64026950937182,2.05640477645715
ENSSSCG00000048017,3.15544404778584,1.00950779935169
ENSSSCG00000060372,0.193190451905255,0.560837666306496
ENSSSCG00000010866,63.7206507200834,35.7440539326007
ENSSSCG00000034746,10.367887585582,47.0729747919919
ENSSSCG00000029411,266.216442725442,1016.61174312491
ENSSSCG00000010894,106.544534225748,354.935464416505
ENSSSCG00000024618,41.5359471596299,45.614796859595
ENSSSCG00000010896,7.66322125890846,4.22497708617561
ENSSSCG00000010897,9.78831622986627,11.5906451036676
ENSSSCG00000021897,1.51332520659117,0.224335066522599
ENSSSCG00000031664,27.8516234830076,34.1737084669425
ENSSSCG00000010853,51.5496522500523,317.882789262522
ENSSSCG00000010854,74.4749192094759,87.8271785435973
ENSSSCG00000010855,26.4026950937182,40.6046470405903
ENSSSCG00000010858,33.0999640931004,38.6230206196407
ENSSSCG00000023971,554.585390602686,465.233538790116
ENSSSCG00000024180,76.5678157717828,76.348700973191
ENSSSCG00000030675,0.321984086508759,0.261724244276365
ENSSSCG00000021310,18.5462833829045,3.77630695313041
ENSSSCG00000023660,161.700408244699,100.128218024586
ENSSSCG00000024288,2.51147587476832,2.61724244276365
ENSSSCG00000046588,57.9249371629257,62.0660350712523
ENSSSCG00000040100,24.374195348713,28.3783859151087
ENSSSCG00000010878,6.92265785993831,3.14069093131638
ENSSSCG00000010879,33.9693211266741,21.3866096751544
ENSSSCG00000022034,10.3356891769312,7.40305719524575
ENSSSCG00000023775,10.625474854789,8.15084075032108
ENSSSCG00000010882,23.5370367237903,31.5564660241789
ENSSSCG00000010884,0.643968173017518,0.149556711015066
ENSSSCG00000027882,52.9341838220399,130.226506116368
ENSSSCG00000010826,69.9349435897024,83.6022014574217
ENSSSCG00000010829,25.7587269207007,39.1090799304397
ENSSSCG00000032644,7.82421330216284,13.3479364580946
ENSSSCG00000010831,2.41488064881569,1.86945888768832
ENSSSCG00000010832,6.4074833215243,8.26300828358238
ENSSSCG00000010833,16.5499820465502,9.72118621597927
ENSSSCG00000010834,82.0415452424317,93.3607768511548
ENSSSCG00000010835,87.0322985833175,119.757536345314
ENSSSCG00000010836,91.4112821598366,70.2916541770809
ENSSSCG00000011127,17.8701168012361,43.1845003056002
ENSSSCG00000034086,87.6118699390333,108.353837130415
ENSSSCG00000033095,23.601433541092,16.97468670021
ENSSSCG00000010837,2.41488064881569,2.35551819848728
ENSSSCG00000035479,32.166210242225,41.8011007287109
ENSSSCG00000011129,39.7650346838317,36.5666158431836
ENSSSCG00000024480,6.79386422533481,4.4493121526982
ENSSSCG00000035212,87.0966954006193,89.7714157867932
ENSSSCG00000011157,109.635581456232,73.7314585304274
ENSSSCG00000011158,66.0711345515973,138.003455089152
ENSSSCG00000051856,0.354182495159635,0.261724244276365
ENSSSCG00000060719,0.354182495159635,0.186945888768832
ENSSSCG00000011160,0.54737294706489,0.673005199567796
ENSSSCG00000057721,0.579571355715766,0.0747783555075329
ENSSSCG00000029602,43.5644469046351,56.7193826524637
ENSSSCG00000052236,0.54737294706489,0.299113422030131
ENSSSCG00000061483,2.28608701421219,0.299113422030131
ENSSSCG00000063553,2.02849974500518,4.37453379719067
ENSSSCG00000062935,0.450777721112262,0.149556711015066
ENSSSCG00000031683,11.2050462105048,3.77630695313041
ENSSSCG00000047204,1.35233316333679,0.598226844060263
ENSSSCG00000054118,10.5932764461382,3.58936106436158
ENSSSCG00000054070,0,0.972118621597927
ENSSSCG00000057505,21.2509497095781,14.9556711015066
ENSSSCG00000033745,0.901555442224525,0.261724244276365
ENSSSCG00000037997,10.3034907682803,5.38404159654237
ENSSSCG00000042888,1.28793634603504,0.747783555075329
ENSSSCG00000029066,32.2628054681776,155.090309322623
ENSSSCG00000063102,1.93190451905255,1.04689697710546
ENSSSCG00000028602,60.9193891674572,58.9253441399359
ENSSSCG00000011162,94.8565118854803,132.61941349261
ENSSSCG00000063387,11.3660382537592,61.6547541159608
ENSSSCG00000011147,0.515174538414014,0.972118621597927
ENSSSCG00000058443,0.579571355715766,0.560837666306496
ENSSSCG00000062058,0.708364990319269,0.934729443844161
ENSSSCG00000036941,7.53442762430496,6.80483035118549
ENSSSCG00000028790,13.6199268593205,10.6559156598234
ENSSSCG00000011137,248.088738654999,392.773312303316
ENSSSCG00000011136,69.9027451810515,55.6350964976044
ENSSSCG00000011145,35.8368288284248,38.1743504865955
ENSSSCG00000023105,223.907733758191,532.496669569141
ENSSSCG00000011125,2.64026950937182,2.57985326500988
ENSSSCG00000011163,44.9167800679718,63.7859372479255
ENSSSCG00000011166,165.016844335739,98.445705025667
ENSSSCG00000011131,0.515174538414014,0.747783555075329
ENSSSCG00000011133,41.2783598904229,33.6502599783898
ENSSSCG00000011134,80.1740375406809,77.8816572610955
ENSSSCG00000022849,2.35048383151394,1.90684806544209
ENSSSCG00000030030,102.584129961691,141.704983686775
ENSSSCG00000039612,31.4900436605566,50.2136657233083
ENSSSCG00000011141,1.80311088444905,1.60773464341196
ENSSSCG00000036117,0.708364990319269,0.785172732829095
ENSSSCG00000021815,3.79941222080335,0.486059310798964
ENSSSCG00000056385,1.57772202389292,1.57034546565819
ENSSSCG00000055365,0.482976129763138,1.08428615485923
ENSSSCG00000049325,0.772761807621021,0.52344848855273
ENSSSCG00000031414,0.579571355715766,0.52344848855273
ENSSSCG00000052292,1.93190451905255,2.69202079827118
ENSSSCG00000011082,41.7935344288369,23.4430144516115
ENSSSCG00000011081,80.4638232185388,55.8220423863733
ENSSSCG00000011121,13.2013475468591,4.5614796859595
ENSSSCG00000011103,76.278030093925,99.9412721358177
ENSSSCG00000026001,17.7413231666326,14.8061143904915
ENSSSCG00000011085,48.6195970628226,36.3796699544147
ENSSSCG00000060456,0.869357033573649,0.411280955291431
ENSSSCG00000011087,2.8012615526262,4.18758790842184
ENSSSCG00000011090,20.2206006327501,39.7446959522537
ENSSSCG00000011110,15.3586409264678,99.9786613135714
ENSSSCG00000011111,10.2390939509785,41.3898197734194
ENSSSCG00000011112,36.8671779052529,31.7060227351939
ENSSSCG00000011113,24.116608079506,23.8916845846567
ENSSSCG00000011114,32.938972049846,47.9329258803286
ENSSSCG00000039539,21.0255608490219,30.7712932913498
ENSSSCG00000011117,68.9367929215253,56.4576584081873
ENSSSCG00000022247,4.86195970628226,9.60901868271797
ENSSSCG00000011119,60.8871907588063,76.8721494617438
ENSSSCG00000011120,32.8423768238934,41.9506574397259
ENSSSCG00000046967,0.257587269207007,0.411280955291431
ENSSSCG00000032993,4.44338039382087,4.63625804146704
ENSSSCG00000024444,16.7109740898046,13.0114338583107
ENSSSCG00000010941,28.5599884733269,38.0247937755805
ENSSSCG00000036967,28.8819725598357,38.0621829533342
ENSSSCG00000010904,67.6488565754902,49.9893306567857
ENSSSCG00000037431,14.3926886669415,32.3790279347617
ENSSSCG00000034151,94.5023293903207,84.1630391237282
ENSSSCG00000010926,0.869357033573649,0.673005199567796
ENSSSCG00000058253,0.482976129763138,0.299113422030131
ENSSSCG00000044583,0.772761807621021,0.897340266090394
ENSSSCG00000011077,25.5655364687954,9.60901868271797
ENSSSCG00000011078,36.5451938187441,13.123601391572
ENSSSCG00000010923,6.02110241771379,3.25285846457768
ENSSSCG00000011079,63.3664682249237,103.306298133657
ENSSSCG00000010925,101.714772928117,97.7726998260992
ENSSSCG00000011080,36.4807970014424,16.6381841004261
ENSSSCG00000010922,106.029359687334,84.9108226788036
ENSSSCG00000037669,4.73316607167875,3.85108530863794
ENSSSCG00000024975,2.44707905746657,6.58049528466289
ENSSSCG00000011076,7.3412371723997,10.5063589488084
ENSSSCG00000027312,98.9135113754907,81.8822992807485
ENSSSCG00000060272,0.354182495159635,0.710394377321562
ENSSSCG00000060657,0.386380903810511,0.149556711015066
ENSSSCG00000048108,0.54737294706489,0.373891777537664
ENSSSCG00000010928,182.275191372608,257.873158967727
ENSSSCG00000053080,29.6869327761076,38.2865180198568
ENSSSCG00000054833,0.482976129763138,0.448670133045197
ENSSSCG00000010931,53.0307790479926,158.081443542924
ENSSSCG00000056714,21.7661242479921,17.0494650557175
ENSSSCG00000054371,0.901555442224525,1.04689697710546
ENSSSCG00000010929,45.3353593804332,544.236871383824
ENSSSCG00000010908,29.2361550549953,12.4505961920042
ENSSSCG00000033654,54.3831122113294,68.6465303559152
ENSSSCG00000010943,52.3546124663242,49.6528280570018
ENSSSCG00000011171,243.74195348713,317.022838174186
ENSSSCG00000011167,9.59512577796101,4.48670133045197
ENSSSCG00000011168,4.25018994191562,0.859951088336628
ENSSSCG00000011169,16.2601963686923,10.8054723708385
ENSSSCG00000027557,94.4701309816698,144.621339551569
ENSSSCG00000035956,17.387140671473,66.8518498237344
ENSSSCG00000028981,4.47557880247175,2.39290737624105
ENSSSCG00000039368,5.76351514850678,7.59000308401458
ENSSSCG00000010936,0.289785677857883,2.43029655399482
ENSSSCG00000010937,0.418579312461386,2.87896668704001
ENSSSCG00000063532,6.02110241771379,9.60901868271797
ENSSSCG00000010900,8.82236397033999,27.368878115757
ENSSSCG00000053351,24.6961794352218,30.5843474025809
ENSSSCG00000010954,1.83530929309993,1.08428615485923
ENSSSCG00000010955,195.283348467562,233.869306849809
ENSSSCG00000032380,0.643968173017518,0.411280955291431
ENSSSCG00000010956,28.0770123435638,31.0704067133799
ENSSSCG00000010957,13.8775141285275,27.4062672935108
ENSSSCG00000036270,2.9300551872297,10.5437481265621
ENSSSCG00000036948,0.676166581668393,0.0747783555075329
ENSSSCG00000030694,0.837158624922773,0.635616021814029
ENSSSCG00000021624,31.0070675307935,84.3499850124971
ENSSSCG00000024061,0.998150668177152,0.635616021814029
ENSSSCG00000020976,231.377764565194,381.257445555156
ENSSSCG00000010915,70.0959356329568,56.5324367636948
ENSSSCG00000039843,144.47425961648,214.202599351328
ENSSSCG00000054480,10.4966812201855,7.47783555075329
ENSSSCG00000031201,21.8627194739447,22.4708958300136
ENSSSCG00000010912,5.4737294706489,2.09379395421092
ENSSSCG00000010959,4.63657084572613,24.9385815617622
ENSSSCG00000010911,12.718371417096,13.0488230360645
ENSSSCG00000057685,6.79386422533481,6.65527364017042
ENSSSCG00000063163,10.7864668980434,9.12295937191901
ENSSSCG00000063271,0.579571355715766,0.373891777537664
ENSSSCG00000053885,25.5011396514937,24.1160196511793
ENSSSCG00000032301,1.28793634603504,0.0747783555075329
ENSSSCG00000043552,1.03034907682803,3.40241517559274
ENSSSCG00000038150,2.64026950937182,3.96325284189924
ENSSSCG00000019178,0.515174538414014,0.261724244276365
ENSSSCG00000022787,60.5652066722975,88.5375729209189
ENSSSCG00000051969,0.418579312461386,0.448670133045197
ENSSSCG00000055078,2.09289656230693,2.99113422030131
ENSSSCG00000010952,22.2491003777552,24.9011923840084
ENSSSCG00000034164,4.25018994191562,0.747783555075329
ENSSSCG00000031212,12.3641889219363,6.84221952893926
ENSSSCG00000010840,7.92080852811547,9.53424032721044
ENSSSCG00000046498,3.44522972564372,15.5912871233206
ENSSSCG00000047421,0.128793634603504,1.04689697710546
ENSSSCG00000028178,64.9763886574675,102.109844445536
ENSSSCG00000025686,11.8168159748714,8.18822992807485
ENSSSCG00000025290,21.1221560749746,12.5253745475118
ENSSSCG00000041187,4.73316607167875,3.10330175356261
ENSSSCG00000024484,28.0448139349129,65.9171203798902
ENSSSCG00000052651,1.03034907682803,0.710394377321562
ENSSSCG00000026705,27.1110600840375,22.7700092520438
ENSSSCG00000035034,16.9685613590116,11.1045857928686
ENSSSCG00000010849,131.272912069621,159.240508053291
ENSSSCG00000063222,0.354182495159635,0.373891777537664
ENSSSCG00000055285,0.643968173017518,0.934729443844161
ENSSSCG00000034972,3.4774281342946,4.86059310798964
ENSSSCG00000031483,1.38453157198766,0.149556711015066
ENSSSCG00000032397,37.8009317561283,31.1451850688874
ENSSSCG00000046945,61.4345637058712,39.1838582859472
ENSSSCG00000038646,100.587828625336,166.269673470999
ENSSSCG00000010994,35.8368288284248,51.1857843449062
ENSSSCG00000010995,72.2532290125655,81.8822992807485
ENSSSCG00000035454,218.176417018335,312.685693554749
ENSSSCG00000010999,65.6847536477868,65.5432286023525
ENSSSCG00000011000,241.842247376729,229.532162230372
ENSSSCG00000011001,12.0422048354276,9.04818101641148
ENSSSCG00000011013,136.328062227808,138.601681933212
ENSSSCG00000011014,43.4034548613807,33.126811489837
ENSSSCG00000010996,109.92536713409,145.518679817659
ENSSSCG00000045657,1.15914271143153,0.299113422030131
ENSSSCG00000031174,4.25018994191562,3.96325284189924
ENSSSCG00000010948,4.89415811493313,3.70152859762288
ENSSSCG00000010949,35.3538526986617,53.6534700766548
ENSSSCG00000058834,1.09474589412978,0.972118621597927
ENSSSCG00000052781,0.289785677857883,0.598226844060263
ENSSSCG00000056862,9.75611782121539,10.3194130600395
ENSSSCG00000021309,10.3034907682803,5.0101498190047
ENSSSCG00000011030,1.64211884119467,4.59886886371327
ENSSSCG00000032444,29.2683534636462,12.0393152367128
ENSSSCG00000031456,26.8212744061796,9.5716295049642
ENSSSCG00000057673,11.0118557585996,5.6831550185725
ENSSSCG00000040615,0.837158624922773,0.0747783555075329
ENSSSCG00000011104,42.1155185153456,23.7421278736417
ENSSSCG00000052364,5.40933265334715,9.7959645714868
ENSSSCG00000011106,28.0770123435638,235.140538893437
ENSSSCG00000024021,18.9648626953659,17.4607460110089
ENSSSCG00000011107,102.358741101134,77.7321005500804
ENSSSCG00000036044,0.740563398970145,1.00950779935169
ENSSSCG00000033001,17.0651565849642,17.9841944995617
ENSSSCG00000056790,0.386380903810511,0.186945888768832
ENSSSCG00000032735,10.4966812201855,19.2928157209435
ENSSSCG00000033737,0.54737294706489,0
ENSSSCG00000021706,39.7972330924826,27.6679915377872
ENSSSCG00000027928,38.2839078858914,44.0444513939369
ENSSSCG00000027314,96.3376386834206,122.5991138546
ENSSSCG00000039234,0.321984086508759,0.186945888768832
ENSSSCG00000033907,0.450777721112262,0.186945888768832
ENSSSCG00000051637,3.05884882183321,0.149556711015066
ENSSSCG00000010885,16.1957995513906,13.1983797470795
ENSSSCG00000011176,0.450777721112262,0.486059310798964
ENSSSCG00000059631,1.70651565849642,0.261724244276365
ENSSSCG00000057680,1.77091247579817,0.897340266090394
ENSSSCG00000052804,2.22169019691044,1.19645368812053
ENSSSCG00000010888,0.708364990319269,0.52344848855273
ENSSSCG00000032896,1.28793634603504,0
ENSSSCG00000048861,1.48112679794029,0
ENSSSCG00000056019,0.708364990319269,0.673005199567796
ENSSSCG00000011101,405.732147409687,329.548212721697
ENSSSCG00000011102,49.553350913698,74.441852907749
ENSSSCG00000044246,0.450777721112262,0.112167533261299
ENSSSCG00000011071,19.1580531472711,7.73955979502965
ENSSSCG00000032929,40.6343917174054,12.1140935922203
ENSSSCG00000057984,1.12694430278066,0.224335066522599
ENSSSCG00000028135,27.1432584926884,7.44044637299952
ENSSSCG00000054010,1.12694430278066,0.598226844060263
ENSSSCG00000011074,68.1962295225551,92.7999391848483
ENSSSCG00000011075,187.620127208654,102.74546046735
ENSSSCG00000049690,1.32013475468591,0.261724244276365
ENSSSCG00000036544,0.515174538414014,0.52344848855273
ENSSSCG00000032235,84.1988386220404,87.4906759438134
ENSSSCG00000039419,4.50777721112262,4.93537146349717
ENSSSCG00000033946,67.6166581668393,43.6705596163992
ENSSSCG00000034173,56.1540246871275,89.2479672982405
ENSSSCG00000040931,8.2749910232751,5.122317352266
ENSSSCG00000040086,20.9933624403711,39.1464691081935
ENSSSCG00000038578,0.450777721112262,0.0747783555075329
ENSSSCG00000038718,45.2709625631315,74.8531338630404
ENSSSCG00000032761,277.55028257055,289.354846636398
ENSSSCG00000021825,201.562038154483,200.892052070987
ENSSSCG00000007540,24.1488064881569,27.3314889380033
ENSSSCG00000007539,6.66507059073131,4.11280955291431
ENSSSCG00000038617,52.7731917787856,43.1845003056002
ENSSSCG00000053677,25.2113539736358,25.2003058060386
ENSSSCG00000036835,74.2495303489198,72.348058953538
ENSSSCG00000026052,102.165550649229,107.381718508817
ENSSSCG00000033332,125.799182598972,166.120116759984
ENSSSCG00000035448,30.620686626983,19.6667074984811
ENSSSCG00000037369,41.2783598904229,41.0159279958818
ENSSSCG00000056699,39.3464553713703,63.4120454703879
ENSSSCG00000040554,2.15729337960868,1.71990217667326
ENSSSCG00000038631,11.2050462105048,9.87074292699434
ENSSSCG00000024694,42.2765105586,42.2123816840023
ENSSSCG00000040401,6.24649127826992,2.61724244276365
ENSSSCG00000040118,106.029359687334,285.877653105298
ENSSSCG00000031474,4.57217402842437,8.89862430539641
ENSSSCG00000040107,38.7024871983528,50.2136657233083
ENSSSCG00000039160,35.7080351938213,15.9277897231045
ENSSSCG00000036595,56.3150167303819,125.440691363886
ENSSSCG00000035304,50.1973190867155,63.9354939589406
ENSSSCG00000061743,0.579571355715766,0.149556711015066
ENSSSCG00000037562,29.6547343674567,69.6934273330206
ENSSSCG00000040388,9.91710986446977,29.0887802924303
ENSSSCG00000036712,83.8124577182299,128.05793380665
ENSSSCG00000031602,58.8264926051502,88.7619079874415
ENSSSCG00000035939,120.132262676418,106.633934953742
ENSSSCG00000058618,79.111490055202,84.5369309012659
ENSSSCG00000034186,8.1461973886716,14.8435035682453
ENSSSCG00000029119,107.059708764162,163.241150072944
ENSSSCG00000055892,2.51147587476832,2.57985326500988
ENSSSCG00000036804,68.0996342966025,45.9139102816252
ENSSSCG00000037865,20.5103863106079,61.7669216492221
ENSSSCG00000034841,44.1118198517,19.1806481876822
ENSSSCG00000033548,3.02665041318233,1.64512382116572
ENSSSCG00000031228,16.8075693157572,10.880250726346
ENSSSCG00000059072,0.482976129763138,0.186945888768832
ENSSSCG00000062929,0.869357033573649,0.149556711015066
ENSSSCG00000058198,2.83345996127708,3.25285846457768
ENSSSCG00000044892,0.708364990319269,0.149556711015066
ENSSSCG00000046327,0.676166581668393,0.261724244276365
ENSSSCG00000006979,5.08734856683839,1.23384286587429
ENSSSCG00000062725,0,5.0101498190047
ENSSSCG00000006968,15.9704106908344,18.8067564101445
ENSSSCG00000006969,71.5126656135953,64.346774914232
ENSSSCG00000006970,20.3493942673536,32.9398656010682
ENSSSCG00000021988,88.8998062850683,181.636625527797
ENSSSCG00000055878,2.35048383151394,0.859951088336628
ENSSSCG00000033117,0.193190451905255,0.411280955291431
ENSSSCG00000039442,4.12139630731211,3.51458270885404
ENSSSCG00000006981,4.70096766302788,1.23384286587429
ENSSSCG00000006982,23.086259002678,70.5159892436035
ENSSSCG00000006983,94.4701309816698,101.586395956983
ENSSSCG00000006984,23.9234176276008,101.175115001692
ENSSSCG00000027439,0.869357033573649,0.186945888768832
ENSSSCG00000036785,13.9419109458293,50.0641090122932
ENSSSCG00000021353,141.415410794647,363.011526811318
ENSSSCG00000006987,5.69911833120503,77.320819594789
ENSSSCG00000006988,20.5747831279097,17.124243411225
ENSSSCG00000040013,86.7747113141105,61.0191380941468
ENSSSCG00000007056,61.724349383729,24.3777438954557
ENSSSCG00000035335,2.09289656230693,0.52344848855273
ENSSSCG00000006994,152.94244109166,99.081321047481
ENSSSCG00000006995,381.422348878276,2128.37894363315
ENSSSCG00000006996,37.4789476696195,28.0418833153248
ENSSSCG00000052785,0.837158624922773,4.5614796859595
ENSSSCG00000006972,5.05515015818751,1.49556711015066
ENSSSCG00000006966,2.60807110072095,10.3568022377933
ENSSSCG00000058810,15.4874345610713,67.6744117343172
ENSSSCG00000056747,3.67061858619985,12.8618771472957
ENSSSCG00000049196,0.901555442224525,0.710394377321562
ENSSSCG00000007058,34.0015195353249,18.3206970993455
ENSSSCG00000007061,0.579571355715766,0.149556711015066
ENSSSCG00000058180,11.8812127921732,6.87960870669302
ENSSSCG00000048919,44.9167800679718,150.005381148111
ENSSSCG00000032923,0,0.822561910582861
ENSSSCG00000032601,12.1066016527293,15.4791195900593
ENSSSCG00000026466,32.7135831892899,33.3511465563597
ENSSSCG00000028479,93.632972356747,63.9728831366944
ENSSSCG00000056538,65.2983727439763,34.3232651779576
ENSSSCG00000030123,67.8420470273955,114.971721592832
ENSSSCG00000007043,273.49328308054,66.2910121574279
ENSSSCG00000039269,8.9511576049435,5.0101498190047
ENSSSCG00000039779,2.47927746611744,0.673005199567796
ENSSSCG00000007046,37.350154035016,29.126169470184
ENSSSCG00000007047,17.0329581763133,8.74906759438134
ENSSSCG00000040202,57.1521753553047,47.3346990362683
ENSSSCG00000053721,0.708364990319269,2.05640477645715
ENSSSCG00000007052,12.2997921046346,15.0304494570141
ENSSSCG00000031857,50.8090888510821,39.9690310187763
ENSSSCG00000039969,16.3245931859941,8.56212170561251
ENSSSCG00000036001,16.0348075081362,10.7680831930847
ENSSSCG00000024486,15.4552361524204,7.81433815053718
ENSSSCG00000063303,38.6702887897019,42.4741059282787
ENSSSCG00000031510,60.0822305425344,81.9196884585022
ENSSSCG00000038960,40.473399674151,55.9342099196346
ENSSSCG00000007004,47.3960575340893,60.5330787833478
ENSSSCG00000035371,10.0781019077242,3.96325284189924
ENSSSCG00000033750,28.9785677857883,26.3967594941591
ENSSSCG00000007034,34.1625115785793,38.1369613088418
ENSSSCG00000044174,1.41672998063854,0.149556711015066
ENSSSCG00000043561,3.25203927373846,2.20596148747222
ENSSSCG00000007421,2.6724679180227,4.63625804146704
ENSSSCG00000007422,27.8194250743568,27.4436564712646
ENSSSCG00000007423,10.2068955423277,5.5709874853112
ENSSSCG00000007424,1.22353952873328,1.27123204362806
ENSSSCG00000007425,25.7909253293516,58.5514523623982
ENSSSCG00000007426,14.7468711621012,22.5456741855212
ENSSSCG00000007427,6.79386422533481,18.881534765652
ENSSSCG00000007428,11.2694430278066,19.4423724319585
ENSSSCG00000007430,1.28793634603504,0.635616021814029
ENSSSCG00000007431,95.5004800584979,119.570590456545
ENSSSCG00000007435,39.6362410492282,28.7148885148926
ENSSSCG00000007385,0.54737294706489,0.0747783555075329
ENSSSCG00000022777,22.571084464264,29.0513911146765
ENSSSCG00000023306,67.970840661999,82.443136947055
ENSSSCG00000051117,0.740563398970145,0.149556711015066
ENSSSCG00000007458,67.2946740803306,74.8905230407942
ENSSSCG00000007456,220.848884936358,79.4146135489999
ENSSSCG00000022258,17.64472794068,0.112167533261299
ENSSSCG00000035078,11.0762525759013,8.00128403930602
ENSSSCG00000038594,102.036757014626,155.165087678131
ENSSSCG00000035906,2.44707905746657,0.486059310798964
ENSSSCG00000007452,11.0118557585996,9.98291046025564
ENSSSCG00000007451,14.8756647967047,12.7870987917881
ENSSSCG00000007352,12.8793634603504,16.97468670021
ENSSSCG00000007395,63.6562539027816,81.957077636256
ENSSSCG00000033586,26.3382982764165,18.9563131211596
ENSSSCG00000021861,114.014565032751,129.964781872092
ENSSSCG00000007398,0.257587269207007,0.448670133045197
ENSSSCG00000035724,10.0459034990733,1820.6286215419
ENSSSCG00000033003,88.3846317466543,268.977744760596
ENSSSCG00000007355,127.537896666119,114.709997348555
ENSSSCG00000007356,146.502759361485,91.4539287857127
ENSSSCG00000032566,29.2361550549953,43.1845003056002
ENSSSCG00000007359,39.1854633281159,49.8023847680169
ENSSSCG00000007358,2.35048383151394,6.84221952893926
ENSSSCG00000007360,128.793634603504,202.798900136429
ENSSSCG00000038990,5.73131673985591,4.33714461943691
ENSSSCG00000007362,358.04630419774,156.735433143789
ENSSSCG00000055642,1.35233316333679,0.486059310798964
ENSSSCG00000007364,45.399756197735,37.5387344647815
ENSSSCG00000007366,55.6710485573644,37.6882911757966
ENSSSCG00000022202,1.80311088444905,3.55197188660781
ENSSSCG00000007369,10.5610780374873,38.1743504865955
ENSSSCG00000031692,1.03034907682803,3.88847448639171
ENSSSCG00000039573,2157.16458597408,29.6496179587368
ENSSSCG00000007391,13.2657443641609,1.19645368812053
ENSSSCG00000031118,26.6280839542744,19.3302048986972
ENSSSCG00000037156,0.676166581668393,0.224335066522599
ENSSSCG00000007453,33.3897497709583,95.1928465610893
ENSSSCG00000007433,82.1703388770352,113.027484349636
ENSSSCG00000007432,47.3960575340893,47.7459799915597
ENSSSCG00000007436,11.7524191575697,0.336502599783898
ENSSSCG00000007437,3.96040426405773,2.69202079827118
ENSSSCG00000007438,90.9283060300735,98.4830942034208
ENSSSCG00000030820,75.0222921565408,81.3962399699495
ENSSSCG00000007454,233.728248396708,220.035311080915
ENSSSCG00000036684,17.5159343060765,17.7972486107928
ENSSSCG00000039591,172.937652863854,183.206970993455
ENSSSCG00000022714,30.5240914010303,61.4304190494382
ENSSSCG00000007373,0.579571355715766,0.486059310798964
ENSSSCG00000037912,20.2527990414009,33.8372058671586
ENSSSCG00000007371,0.772761807621021,1.57034546565819
ENSSSCG00000007334,48.5873986541717,68.9456437779453
ENSSSCG00000007336,16.0348075081362,12.2262611254816
ENSSSCG00000063164,7.14804672049445,9.12295937191901
ENSSSCG00000063138,5.92450719176116,2.91635586479378
ENSSSCG00000052330,0.643968173017518,0.299113422030131
ENSSSCG00000059132,0.740563398970145,0
ENSSSCG00000045287,4.25018994191562,2.16857230971845
ENSSSCG00000059865,0.418579312461386,0.373891777537664
ENSSSCG00000053206,4.668769254377,2.28073984297975
ENSSSCG00000053038,0.160992043254379,0.822561910582861
ENSSSCG00000048424,1.57772202389292,0.373891777537664
ENSSSCG00000056364,7.18024512914532,1.38339957688936
ENSSSCG00000051590,3.02665041318233,4.6736472192208
ENSSSCG00000047398,0.354182495159635,0.261724244276365
ENSSSCG00000062723,0.0321984086508759,1.12167533261299
ENSSSCG00000048962,1.09474589412978,1.08428615485923
ENSSSCG00000007108,27.755028257055,24.7516356729934
ENSSSCG00000007109,110.118557585996,80.5736780593667
ENSSSCG00000007116,108.862819648611,177.561205152637
ENSSSCG00000007114,89.2861871888788,113.027484349636
ENSSSCG00000020853,32.0696150162724,37.9500154200729
ENSSSCG00000007072,4.28238835056649,10.0950779935169
ENSSSCG00000007073,18.8360690607624,1.15906451036676
ENSSSCG00000007074,16.4855852292484,20.5266585868178
ENSSSCG00000058041,0.450777721112262,0.0373891777537664
ENSSSCG00000007077,28.785377333883,5.2344848855273
ENSSSCG00000007076,6.34308650422255,8.33778663908991
ENSSSCG00000030112,5.08734856683839,3.02852339805508
ENSSSCG00000007079,7.27684035509795,0.0747783555075329
ENSSSCG00000007080,67.970840661999,90.93048029716
ENSSSCG00000007488,9.04775283089612,14.1331091909237
ENSSSCG00000007504,23.6980287670446,15.853011367597
ENSSSCG00000037602,21.0899576663237,14.0957200131699
ENSSSCG00000007492,27.755028257055,23.1439010295814
ENSSSCG00000007119,13.5877284506696,19.1432590099284
ENSSSCG00000007117,18.159902479094,23.4430144516115
ENSSSCG00000007487,15.7128234216274,6.46832775140159
ENSSSCG00000031219,16.0348075081362,12.8244879695419
ENSSSCG00000007508,10.2712923596294,15.7782330120894
ENSSSCG00000034259,79.0792916465512,34.9588811997716
ENSSSCG00000007493,11.3982366624101,5.3466524187886
ENSSSCG00000007494,30.0411152712672,38.9595232194246
ENSSSCG00000007495,0.804960216271897,0.149556711015066
ENSSSCG00000007084,5.73131673985591,0.224335066522599
ENSSSCG00000007085,323.88379261916,426.348793926199
ENSSSCG00000024692,232.794494545833,535.712138855965
ENSSSCG00000007088,151.46131429372,329.697769432712
ENSSSCG00000007089,22.6998780988675,17.9094161440541
ENSSSCG00000036377,14.9078632053555,15.2921737012905
ENSSSCG00000052391,6.60067377342955,10.880250726346
ENSSSCG00000007092,50.8090888510821,75.6383065958695
ENSSSCG00000007093,12.9115618690012,15.6286763010744
ENSSSCG00000007094,97.4323845775504,52.6439622773031
ENSSSCG00000007462,0.128793634603504,0.560837666306496
ENSSSCG00000007463,53.1273742739452,105.362702910114
ENSSSCG00000007095,11.8168159748714,7.25350048423069
ENSSSCG00000007496,51.2598665721944,64.0102723144481
ENSSSCG00000029494,27.1754569013392,29.7617854919981
ENSSSCG00000007497,0.772761807621021,3.40241517559274
ENSSSCG00000007498,0.482976129763138,0.224335066522599
ENSSSCG00000007499,0.869357033573649,0.486059310798964
ENSSSCG00000007097,102.841717230898,142.191042997574
ENSSSCG00000007501,14.3926886669415,5.6831550185725
ENSSSCG00000007503,45.3353593804332,50.2510549010621
ENSSSCG00000025589,8.24279261462422,6.1318251516177
ENSSSCG00000007098,32.4881943287338,22.2091715857373
ENSSSCG00000007476,0.54737294706489,0.149556711015066
ENSSSCG00000007486,32.8101784152425,4.37453379719067
ENSSSCG00000007100,18.5462833829045,12.974044680557
ENSSSCG00000028004,86.7425129054596,130.974289671444
ENSSSCG00000028132,9.337538508754,13.6844390578785
ENSSSCG00000025784,3.57402336024722,0.0747783555075329
ENSSSCG00000038587,58.3435164753871,79.6763377932763
ENSSSCG00000007465,46.3013116399595,50.737114211861
ENSSSCG00000007466,99.9116620436678,109.10162068549
ENSSSCG00000038858,37.0603683571581,21.1996637863856
ENSSSCG00000033324,30.4274961750777,39.9316418410225
ENSSSCG00000026506,116.91242181133,303.114064049784
ENSSSCG00000036129,97.8831622986627,114.26132721551
ENSSSCG00000032613,3.44522972564372,3.58936106436158
ENSSSCG00000030632,90.8961076214226,109.737236707304
ENSSSCG00000053422,19.5766324597325,31.0704067133799
ENSSSCG00000007099,1.12694430278066,0.224335066522599
ENSSSCG00000062159,0,1.08428615485923
ENSSSCG00000053062,0.515174538414014,0.0747783555075329
ENSSSCG00000052828,0.708364990319269,0.186945888768832
ENSSSCG00000057660,2.22169019691044,0.747783555075329
ENSSSCG00000049934,10.8508637153452,13.3479364580946
ENSSSCG00000027287,45.1743673371789,56.0463774528959
ENSSSCG00000007469,58.0215323888783,102.14723362329
ENSSSCG00000007470,18.3208945223484,41.0907063513893
ENSSSCG00000027206,15.6484266043257,17.6476918997778
ENSSSCG00000007472,9.01555442224525,10.730694015331
ENSSSCG00000007473,160.154884629457,158.417946142708
ENSSSCG00000034952,58.633302153245,37.5013452870277
ENSSSCG00000007510,69.4841658685901,36.6787833764449
ENSSSCG00000007512,15.551831378373,17.3111892999939
ENSSSCG00000007513,64.5256109363553,71.4881078652014
ENSSSCG00000007514,103.614479038519,147.425527883101
ENSSSCG00000007516,80.1418391320301,68.8708654224378
ENSSSCG00000007517,38.3161062945423,18.1711403883305
ENSSSCG00000007520,249.151286140478,314.592541620191
ENSSSCG00000058036,1.44892838928941,0.710394377321562
ENSSSCG00000007477,12.0100064267767,10.6185264820697
ENSSSCG00000053517,0.257587269207007,0.560837666306496
ENSSSCG00000007481,4.37898357651912,5.9074900850951
ENSSSCG00000007482,11.9778080181258,5.94487926284886
ENSSSCG00000007484,67.0692852197745,92.2764906962955
ENSSSCG00000007485,468.551242687546,10.3568022377933
ENSSSCG00000007521,173.066446498458,209.304617065584
ENSSSCG00000007522,139.419109458293,130.002171049846
ENSSSCG00000007523,2.02849974500518,1.34601039913559
ENSSSCG00000060915,129.695190045728,330.109050388004
ENSSSCG00000007525,19.1258547386203,33.4259249118672
ENSSSCG00000007526,0.708364990319269,0.52344848855273
ENSSSCG00000007527,1.41672998063854,0.673005199567796
ENSSSCG00000007528,0.0965952259526276,0.448670133045197
ENSSSCG00000007529,2.25388860556131,1.64512382116572
ENSSSCG00000007531,17.1939502195677,18.096362032823
ENSSSCG00000036439,0.579571355715766,0.224335066522599
ENSSSCG00000034207,39.8938283184352,131.348181448981
ENSSSCG00000007475,20.3493942673536,22.3961174745061
ENSSSCG00000062653,2.6724679180227,0.897340266090394
ENSSSCG00000007530,25.6299332860972,64.7206666917697
ENSSSCG00000048041,0.708364990319269,0.0373891777537664
ENSSSCG00000057910,0.804960216271897,1.57034546565819
ENSSSCG00000054658,0.772761807621021,0.598226844060263
ENSSSCG00000044986,2.28608701421219,0.149556711015066
ENSSSCG00000056070,1.44892838928941,2.50507490950235
ENSSSCG00000057076,4.89415811493313,5.3466524187886
ENSSSCG00000059679,0.869357033573649,0.859951088336628
ENSSSCG00000043700,0.482976129763138,0.149556711015066
ENSSSCG00000058388,0.804960216271897,1.19645368812053
ENSSSCG00000007478,413.105582990738,669.67756274771
ENSSSCG00000058830,18.3530929309992,33.5380924451285
ENSSSCG00000007198,8.30718943192598,9.23512690518031
ENSSSCG00000007189,16.2601963686923,61.5425865826995
ENSSSCG00000031519,0.386380903810511,1.12167533261299
ENSSSCG00000007131,1.19134112008241,2.50507490950235
ENSSSCG00000036286,116.107461595058,129.516111739047
ENSSSCG00000007133,58.0537307975292,108.166891241646
ENSSSCG00000007216,0.579571355715766,0
ENSSSCG00000028461,81.1721882088581,92.6129932960794
ENSSSCG00000007170,128.697039377551,87.4532867660597
ENSSSCG00000027665,0.869357033573649,1.00950779935169
ENSSSCG00000007181,0.515174538414014,0.52344848855273
ENSSSCG00000063284,0.965952259526276,0.224335066522599
ENSSSCG00000007185,0.740563398970145,0.149556711015066
ENSSSCG00000007187,65.4271663785798,72.1611130647692
ENSSSCG00000007188,184.722270430075,380.883553777619
ENSSSCG00000007171,9.14434805684875,8.86123512764264
ENSSSCG00000007179,47.0740734475805,71.1889944431713
ENSSSCG00000039392,26.5958855456235,423.731551483435
ENSSSCG00000007191,0.54737294706489,2.72940997602495
ENSSSCG00000038854,86.0663463237912,147.537695416362
ENSSSCG00000035262,0.321984086508759,0.635616021814029
ENSSSCG00000037360,360.300192803301,201.826781514831
ENSSSCG00000007212,16.0026090994853,10.3194130600395
ENSSSCG00000038183,0.482976129763138,0.0747783555075329
ENSSSCG00000055982,0.611769764366642,0.0747783555075329
ENSSSCG00000036940,1.15914271143153,2.20596148747222
ENSSSCG00000007203,73.9919430797128,88.0889027878737
ENSSSCG00000036081,72.2532290125655,92.9494958958633
ENSSSCG00000007206,79.4334741417108,107.381718508817
ENSSSCG00000039862,3.50962654294547,15.2547845235367
ENSSSCG00000007200,17.0329581763133,28.5653318038776
ENSSSCG00000007199,7.01925308589094,22.3213391189986
ENSSSCG00000023298,20.3815926760044,45.2409050820574
ENSSSCG00000007160,39.0244712848616,60.2339653613177
ENSSSCG00000007161,75.2798794257478,104.353195110762
ENSSSCG00000007162,11.945609609475,20.2275451647876
ENSSSCG00000045134,19.8986165462413,29.0140019369227
ENSSSCG00000007165,72.3498242385181,100.240385557848
ENSSSCG00000007166,77.9523473437705,89.5096915425168
ENSSSCG00000007167,90.9605044387244,64.5711099807546
ENSSSCG00000007168,67.970840661999,47.6712016360522
ENSSSCG00000007173,49.9719302261594,63.0381536928502
ENSSSCG00000027676,122.353952873328,74.9279122185479
ENSSSCG00000040857,107.542684893925,114.373494748772
ENSSSCG00000026043,0.579571355715766,0.149556711015066
ENSSSCG00000055487,49.7143429569524,43.1845003056002
ENSSSCG00000007252,10.5610780374873,7.40305719524575
ENSSSCG00000007253,79.369077324409,105.512259621129
ENSSSCG00000059506,0.54737294706489,0.822561910582861
ENSSSCG00000027070,51.356461798147,38.2865180198568
ENSSSCG00000022815,126.153365094132,76.2739226176835
ENSSSCG00000040449,39.0888681021633,46.8860289032231
ENSSSCG00000034913,16.614378863852,4.7858147524821
ENSSSCG00000007135,32.423797511432,1.90684806544209
ENSSSCG00000053479,7.18024512914532,3.66413941986911
ENSSSCG00000028529,5.3449358360454,7.70217061727588
ENSSSCG00000007228,112.984215955923,108.166891241646
ENSSSCG00000037016,138.710744467973,81.9196884585022
ENSSSCG00000038384,4.28238835056649,14.880892745999
ENSSSCG00000035357,46.2691132313086,179.355885684818
ENSSSCG00000007235,25.4689412428428,14.0209416576624
ENSSSCG00000007231,0.321984086508759,0.747783555075329
ENSSSCG00000033613,41.6325423855825,29.8365638475056
ENSSSCG00000055618,2.15729337960868,0.673005199567796
ENSSSCG00000056065,1.77091247579817,2.39290737624105
ENSSSCG00000007236,22.6354812815657,9.01079183865771
ENSSSCG00000007237,40.9563758039141,35.8936106436158
ENSSSCG00000007239,10.367887585582,12.2636503032354
ENSSSCG00000007240,10.3034907682803,2.09379395421092
ENSSSCG00000007246,150.849544529353,228.971324564066
ENSSSCG00000032676,0.0965952259526276,0.560837666306496
ENSSSCG00000007243,19.1258547386203,29.612228780983
ENSSSCG00000007244,76.8576014496407,60.1591870058102
ENSSSCG00000007247,95.468281649847,173.485784777476
ENSSSCG00000007248,124.350254209683,134.937542513343
ENSSSCG00000007157,16.0670059167871,51.5970653001977
ENSSSCG00000035995,21.1865528922763,23.5925711626266
ENSSSCG00000007315,33.5829402228635,53.9899726764387
ENSSSCG00000007317,78.338728247581,115.420391725877
ENSSSCG00000036002,26.1773062331621,12.1140935922203
ENSSSCG00000036402,130.017174132237,113.06487352739
ENSSSCG00000039201,10.4000859942329,15.7408438343357
ENSSSCG00000055477,3.50962654294547,3.29024764233145
ENSSSCG00000007323,12.7505698257468,14.5443901462151
ENSSSCG00000007324,38.4448999291458,30.9956283578724
ENSSSCG00000027806,13.7809189025749,10.5437481265621
ENSSSCG00000031690,3.83161062945423,2.72940997602495
ENSSSCG00000007331,31.1680595740478,29.612228780983
ENSSSCG00000028227,240.296723761487,276.26863442258
ENSSSCG00000025673,45.1099705198771,59.9722411170413
ENSSSCG00000063004,8.43598306652948,41.8384899064646
ENSSSCG00000027410,37.4145508523178,95.4919599831195
ENSSSCG00000029626,55.0592787929978,32.0425253349778
ENSSSCG00000047940,0.54737294706489,0.822561910582861
ENSSSCG00000007268,15.8094186475801,7.55261390626082
ENSSSCG00000034625,15.036656839959,23.4430144516115
ENSSSCG00000021769,19.2546483732238,25.5741975835762
ENSSSCG00000007272,111.567485975285,186.571996991294
ENSSSCG00000007275,258.746411918439,637.448091523964
ENSSSCG00000026617,67.0048884024727,46.3999695924241
ENSSSCG00000053652,5.28053901874364,4.15019873066807
ENSSSCG00000007278,88.1592428860982,75.8252524846383
ENSSSCG00000007280,53.964532898868,49.2789362794641
ENSSSCG00000043574,0.708364990319269,0.710394377321562
ENSSSCG00000037510,65.2983727439763,80.9849590146581
ENSSSCG00000007282,36.9637731312055,47.7459799915597
ENSSSCG00000007281,50.3905095386207,101.773341845752
ENSSSCG00000022099,67.713253392792,108.241669597154
ENSSSCG00000007284,41.1173678471685,61.467808227192
ENSSSCG00000007285,18.932664286715,9.34729443844161
ENSSSCG00000007286,15.4552361524204,32.9024764233145
ENSSSCG00000007287,29.8801232280128,45.9139102816252
ENSSSCG00000007288,30.1377104972198,25.61158676133
ENSSSCG00000007289,138.549752424719,196.143626496259
ENSSSCG00000007291,58.633302153245,47.6712016360522
ENSSSCG00000026585,6.34308650422255,1.19645368812053
ENSSSCG00000040160,1.64211884119467,4.59886886371327
ENSSSCG00000022864,91.9264566982506,131.983797470795
ENSSSCG00000028858,6.50407854747693,2.69202079827118
ENSSSCG00000038237,30.7494802615865,33.6876491561436
ENSSSCG00000023261,0.0643968173017518,2.65463162051742
ENSSSCG00000021138,95.1140991546873,113.66310037145
ENSSSCG00000049711,0.354182495159635,2.16857230971845
ENSSSCG00000034045,125.638190555718,207.77166077768
ENSSSCG00000057781,1.03034907682803,1.90684806544209
ENSSSCG00000007305,0.708364990319269,0.486059310798964
ENSSSCG00000047420,60.9193891674572,63.711158892418
ENSSSCG00000007307,39.5074474146247,59.8974627615338
ENSSSCG00000007308,23.2472510459324,45.5026293263337
ENSSSCG00000007309,158.931345100723,121.70177358851
ENSSSCG00000007311,38.6702887897019,55.709874853112
ENSSSCG00000007312,43.9508278084456,102.371568689812
ENSSSCG00000007313,0.193190451905255,1.04689697710546
ENSSSCG00000007314,75.215482608446,127.384928607082
ENSSSCG00000056166,2.22169019691044,0.673005199567796
ENSSSCG00000047985,41.6325423855825,38.9221340416709
ENSSSCG00000053991,16.5177836378993,39.4455825302236
ENSSSCG00000044750,0.869357033573649,0.261724244276365
ENSSSCG00000055053,4.44338039382087,6.31877104038653
ENSSSCG00000052842,0.418579312461386,0.224335066522599
ENSSSCG00000037324,27.9482187089603,198.162642094962
ENSSSCG00000044004,1.80311088444905,11.4784775704063
ENSSSCG00000062907,0.837158624922773,0.747783555075329
ENSSSCG00000059987,1.7387140671473,0.373891777537664
ENSSSCG00000047192,5.31273742739452,1.27123204362806
ENSSSCG00000062032,171.198938796707,173.672730666245
ENSSSCG00000047748,0.386380903810511,0.336502599783898
ENSSSCG00000044567,7.37343558105058,4.82320393023587
ENSSSCG00000048082,13.8131173112258,10.0950779935169
ENSSSCG00000019599,0.837158624922773,0.411280955291431
ENSSSCG00000018196,0.579571355715766,0.299113422030131
ENSSSCG00000018372,3.70281699485073,1.57034546565819
ENSSSCG00000007249,31.8442261557162,36.0431673546308
ENSSSCG00000007322,57.4097626245117,68.4221952893926
ENSSSCG00000007264,13.9097125371784,19.9658209205113
ENSSSCG00000055187,70.4823165367673,94.931122316813
ENSSSCG00000007460,55.3812628795065,57.467166207539
ENSSSCG00000025534,94.2769405297646,89.2479672982405
ENSSSCG00000027444,139.934283996707,217.044176860614
ENSSSCG00000022915,47.0740734475805,50.8492817451223
ENSSSCG00000030108,87.161092217921,120.243595656113
ENSSSCG00000027476,1.77091247579817,0.822561910582861
ENSSSCG00000023870,0.740563398970145,0.261724244276365
ENSSSCG00000007337,35.3860511073126,37.2770102205051
ENSSSCG00000007340,23.5692351324411,37.8378478868116
ENSSSCG00000007342,45.7217402842437,69.5438706220056
ENSSSCG00000023522,490.156374892284,3567.52578455338
ENSSSCG00000007344,1.8675077017508,7.10394377321562
ENSSSCG00000026605,0.482976129763138,0.0747783555075329
ENSSSCG00000028758,1.09474589412978,0.149556711015066
ENSSSCG00000025722,1.22353952873328,0.747783555075329
ENSSSCG00000041731,107.961264206387,112.466646683329
ENSSSCG00000063546,0.837158624922773,0.934729443844161
ENSSSCG00000021542,1.22353952873328,0.486059310798964
ENSSSCG00000007345,89.1573935542753,124.805075342072
ENSSSCG00000007346,0.643968173017518,0.224335066522599
ENSSSCG00000007349,18.6106802002063,18.731978054637
ENSSSCG00000007350,42.7272882797123,22.6952308965362
ENSSSCG00000007351,2.64026950937182,1.15906451036676
ENSSSCG00000058919,35.1928606554073,30.6217365803347
ENSSSCG00000022998,35.6758367851705,26.8080404494505
ENSSSCG00000021255,11.1728478018539,19.8910425650037
ENSSSCG00000031648,94.3091389384154,37.613512820289
ENSSSCG00000021453,0.579571355715766,0.0747783555075329
ENSSSCG00000051506,1.32013475468591,0.0747783555075329
ENSSSCG00000007381,336.441171993002,346.14900764437
ENSSSCG00000007383,13.7809189025749,11.1419749706224
ENSSSCG00000007064,18.0633072531414,26.1350352498827
ENSSSCG00000007067,104.258447211536,176.439529820024
ENSSSCG00000007063,7.27684035509795,1.90684806544209
ENSSSCG00000051557,0.901555442224525,1.64512382116572
ENSSSCG00000007066,13.0403555036047,14.3948334352001
ENSSSCG00000055955,0.482976129763138,0.299113422030131
ENSSSCG00000007139,2.02849974500518,2.24335066522599
ENSSSCG00000007140,21.8627194739447,108.50339384143
ENSSSCG00000059435,7.11584831184357,3.62675024211534
ENSSSCG00000007142,56.2184215044293,43.1845003056002
ENSSSCG00000007143,52.7087949614838,112.317089972314
ENSSSCG00000046612,0.837158624922773,0.822561910582861
ENSSSCG00000033297,18.932664286715,13.8713849466473
ENSSSCG00000007151,40.4090028568492,17.5355243665165
ENSSSCG00000053890,75.1510857911443,132.993305270147
ENSSSCG00000007149,32.5203927373846,15.4791195900593
ENSSSCG00000035666,16.9363629503607,18.9937022989133
ENSSSCG00000007147,60.694000306901,80.3119538150903
ENSSSCG00000007146,3.4774281342946,3.40241517559274
ENSSSCG00000007145,20.6713783538623,10.1698563490245
ENSSSCG00000007153,76.2458316852741,181.038398683737
ENSSSCG00000007155,46.3657084572613,71.4881078652014
ENSSSCG00000025822,33.4219481796092,4.7858147524821
ENSSSCG00000020715,56.2506199130802,62.0660350712523
ENSSSCG00000037513,13.6843236766222,9.45946197170291
ENSSSCG00000007019,109.474589412978,149.182819237528
ENSSSCG00000007022,1.77091247579817,0.299113422030131
ENSSSCG00000059771,4.31458675921737,7.44044637299952
ENSSSCG00000007023,17.3549422628221,35.1458270885404
ENSSSCG00000055703,11.3982366624101,9.6837970382255
ENSSSCG00000007033,11.5592287056644,11.9645368812053
ENSSSCG00000007032,386.960475166226,54.2890860984689
ENSSSCG00000007030,83.780259309579,57.1680527855089
ENSSSCG00000007031,27.239853718641,28.5279426261238
ENSSSCG00000007029,1.93190451905255,0
ENSSSCG00000007026,47.5892479859945,52.6813514550569
ENSSSCG00000007027,55.3168660622048,71.4133295096939
ENSSSCG00000062996,0.676166581668393,0.52344848855273
ENSSSCG00000007000,69.8061499550989,87.6402326548285
ENSSSCG00000007003,7.2124435377962,9.75857539373304
ENSSSCG00000007005,0.515174538414014,0
ENSSSCG00000032320,13.5233316333679,5.72054419632626
ENSSSCG00000017665,81.6229659299703,53.3917458323785
ENSSSCG00000017605,13.8131173112258,41.2776522401581
ENSSSCG00000017607,33.2609561363548,77.2834304170352
ENSSSCG00000017608,80.0452439060774,153.781688101241
ENSSSCG00000025681,3.57402336024722,5.04753899675847
ENSSSCG00000017601,14.7146727534503,14.245276724185
ENSSSCG00000031433,5.4737294706489,2.91635586479378
ENSSSCG00000017602,8.75796715303824,4.15019873066807
ENSSSCG00000017609,19.705426094336,5.72054419632626
ENSSSCG00000017604,26.6280839542744,22.8821767853051
ENSSSCG00000056293,22.6998780988675,23.6299603403804
ENSSSCG00000017682,8.59697510978386,7.25350048423069
ENSSSCG00000035006,10.5932764461382,5.75793337408003
ENSSSCG00000017688,56.4116119563345,56.4202692304335
ENSSSCG00000017676,24.7605762525235,49.615438879248
ENSSSCG00000017615,38.0907174339862,29.5748396032292
ENSSSCG00000017614,200.789276346862,203.210181091721
ENSSSCG00000026665,18.932664286715,17.0120758779637
ENSSSCG00000017613,9.17654646549962,9.75857539373304
ENSSSCG00000017678,73.4767685412988,69.3943139109905
ENSSSCG00000017617,118.522342243874,67.2631307790258
ENSSSCG00000039473,49.810938182905,55.1116480090517
ENSSSCG00000034994,28.0770123435638,30.4347906915659
ENSSSCG00000038505,41.7291376115351,15.4791195900593
ENSSSCG00000035193,26.0485125985586,45.5774076818413
ENSSSCG00000017624,252.306730188263,247.030297419135
ENSSSCG00000017623,134.943530655821,129.553500916801
ENSSSCG00000017626,253.981047438109,160.773464341196
ENSSSCG00000020962,212.895877999591,699.701072483985
ENSSSCG00000017635,42.1155185153456,33.612870800636
ENSSSCG00000017638,54.994881975696,19.5171507874661
ENSSSCG00000034752,70.4501181281164,83.3404772131454
ENSSSCG00000017640,41.7291376115351,30.8834608246111
ENSSSCG00000017642,61.5955557491256,80.199786281829
ENSSSCG00000017643,14.4248870755924,35.9683889991233
ENSSSCG00000017645,0.708364990319269,1.53295628790442
ENSSSCG00000023955,6.47188013882605,3.06591257580885
ENSSSCG00000038932,12.460784147889,4.41192297494444
ENSSSCG00000023727,90.7673139868191,68.1604710451162
ENSSSCG00000034217,22.0881083345009,25.6489759390838
ENSSSCG00000024145,2.28608701421219,2.24335066522599
ENSSSCG00000024411,1.25573793738416,2.46768573174858
ENSSSCG00000030262,0.450777721112262,0.299113422030131
ENSSSCG00000035400,86.6781160881579,37.9874045978267
ENSSSCG00000058136,26.5314887283217,37.1648426872438
ENSSSCG00000017693,20.1562038154483,24.6394681397321
ENSSSCG00000017694,69.6773563204954,143.163161619172
ENSSSCG00000025775,44.6913912074157,45.2035159043036
ENSSSCG00000029874,38.2517094772405,111.158025461948
ENSSSCG00000026596,59.0196830570555,94.7441764280441
ENSSSCG00000021275,26.3704966850673,24.3403547177019
ENSSSCG00000022417,52.2258188317207,104.315805933008
ENSSSCG00000038478,34.3557020304846,30.9956283578724
ENSSSCG00000053444,4.08919789866124,0.411280955291431
ENSSSCG00000063044,0.708364990319269,11.8149801701902
ENSSSCG00000031292,3.76721381215248,4.07542037516054
ENSSSCG00000032343,0.321984086508759,1.83206970993455
ENSSSCG00000017700,0.321984086508759,0.448670133045197
ENSSSCG00000047189,0.0643968173017518,0.560837666306496
ENSSSCG00000033457,2.02849974500518,0.486059310798964
ENSSSCG00000034722,19.963013363543,17.8346377885466
ENSSSCG00000017705,7.3412371723997,24.7890248507471
ENSSSCG00000017706,0.418579312461386,0.411280955291431
ENSSSCG00000022196,1.0625474854789,7.77694897278342
ENSSSCG00000061183,0.0643968173017518,0.747783555075329
ENSSSCG00000056119,27.2076553099901,25.0133599172697
ENSSSCG00000060934,5.18394379279102,2.46768573174858
ENSSSCG00000062370,15.036656839959,8.71167841662758
ENSSSCG00000059741,0.54737294706489,0.149556711015066
ENSSSCG00000050184,1.19134112008241,1.71990217667326
ENSSSCG00000055140,0.482976129763138,0.747783555075329
ENSSSCG00000054616,0.643968173017518,0.411280955291431
ENSSSCG00000051634,6.34308650422255,3.32763682008521
ENSSSCG00000041793,2.35048383151394,1.19645368812053
ENSSSCG00000017690,25.8231237380025,18.5824213436219
ENSSSCG00000032467,125.187412834605,167.353959625859
ENSSSCG00000017414,46.3013116399595,43.3340570166153
ENSSSCG00000034653,2.76906314397533,0.822561910582861
ENSSSCG00000017578,104.805820158601,143.686610107724
ENSSSCG00000020796,84.4886242998983,112.504035861083
ENSSSCG00000017416,16.3567915946449,24.1160196511793
ENSSSCG00000017407,41.1173678471685,26.8080404494505
ENSSSCG00000017410,0.515174538414014,0.112167533261299
ENSSSCG00000017427,0.740563398970145,20.975328719863
ENSSSCG00000017430,223.167170359221,399.690310187763
ENSSSCG00000017552,4.44338039382087,10.7680831930847
ENSSSCG00000017421,128.600444151598,337.923388538541
ENSSSCG00000027198,34.5810908910407,34.6971569554952
ENSSSCG00000017585,5.02295174953664,7.36566801749199
ENSSSCG00000017584,85.9053542805368,114.635218993048
ENSSSCG00000032404,16.1314027340888,19.6293183207274
ENSSSCG00000034779,16.2279979600414,17.7598594330391
ENSSSCG00000017422,103.389090177962,116.317731991967
ENSSSCG00000017429,32.2950038768285,38.5108530863794
ENSSSCG00000017428,314.67504774501,361.515959701168
ENSSSCG00000028051,33.4219481796092,9.16034854967277
ENSSSCG00000017417,12.3641889219363,5.4588199520499
ENSSSCG00000017493,3.57402336024722,6.69266281792419
ENSSSCG00000017418,32.3915991027811,51.858789544474
ENSSSCG00000017419,83.3294815884668,80.9849590146581
ENSSSCG00000017494,3.25203927373846,7.17872212872315
ENSSSCG00000033731,47.5892479859945,67.6370225565635
ENSSSCG00000017551,37.0281699485073,62.7016510930663
ENSSSCG00000017553,81.7839579732247,161.035188585472
ENSSSCG00000017420,25.7265285120498,39.5577500634849
ENSSSCG00000017415,65.5881584218342,46.6243046589467
ENSSSCG00000017533,28.2380043868181,35.8188322881082
ENSSSCG00000017534,50.3905095386207,38.8099665084096
ENSSSCG00000047569,1.44892838928941,1.34601039913559
ENSSSCG00000017535,51.0666761202891,53.3543566546247
ENSSSCG00000017540,16.1314027340888,75.227025640578
ENSSSCG00000017539,91.0892980733279,102.296790334305
ENSSSCG00000017538,37.2213604004125,39.9316418410225
ENSSSCG00000017537,30.0089168626163,71.3011619764326
ENSSSCG00000061856,1.9963013363543,3.47719353110028
ENSSSCG00000017542,9.11214964819787,1.75729135442702
ENSSSCG00000017543,125.219611243256,186.160716036003
ENSSSCG00000017544,52.7731917787856,93.9963928729688
ENSSSCG00000025638,141.415410794647,291.26169470184
ENSSSCG00000017549,101.038606346449,115.345613370369
ENSSSCG00000021461,69.9993404070042,86.9672274552607
ENSSSCG00000017548,0.579571355715766,1.38339957688936
ENSSSCG00000017446,15.2298472918643,10.1698563490245
ENSSSCG00000058816,271.432584926884,707.664967345537
ENSSSCG00000017445,1.03034907682803,0.52344848855273
ENSSSCG00000017437,1.83530929309993,2.84157750928625
ENSSSCG00000033626,84.7462115691053,185.973770147234
ENSSSCG00000017401,41.8579312461386,266.809172450877
ENSSSCG00000017438,1.8675077017508,1.12167533261299
ENSSSCG00000017439,1.89970611040168,0
ENSSSCG00000038164,69.3231738253358,58.9627333176897
ENSSSCG00000018055,37.2857572177143,21.3118313196469
ENSSSCG00000018053,41.0851694385176,43.707948794153
ENSSSCG00000034044,29.0107661944392,0.934729443844161
ENSSSCG00000018052,5.08734856683839,5.2344848855273
ENSSSCG00000018051,106.995311946861,145.593458173166
ENSSSCG00000017495,64.9441902488166,52.7187406328107
ENSSSCG00000038715,101.006407937798,89.4723023647631
ENSSSCG00000036812,165.628614100106,237.982116402723
ENSSSCG00000017592,67.5522613495376,27.6306023600334
ENSSSCG00000040134,6.43968173017518,11.8897585256977
ENSSSCG00000035671,251.984746101755,365.142709943283
ENSSSCG00000017496,52.2902156490224,60.3835220723328
ENSSSCG00000031802,18.6428786088571,33.2389790230984
ENSSSCG00000034040,17.9345136185379,27.4810456490183
ENSSSCG00000059634,36.8027810879511,39.7820851300075
ENSSSCG00000034379,58.2147228407836,89.9957508533158
ENSSSCG00000017884,26.2739014591147,18.0215836773154
ENSSSCG00000034773,0.386380903810511,0.560837666306496
ENSSSCG00000058004,1.96410292770343,0.560837666306496
ENSSSCG00000040648,1.0625474854789,0.486059310798964
ENSSSCG00000060027,0.869357033573649,0.0747783555075329
ENSSSCG00000061292,0.869357033573649,0.224335066522599
ENSSSCG00000017723,2.06069815365606,2.91635586479378
ENSSSCG00000055301,9.36973691740488,17.0494650557175
ENSSSCG00000049350,1.15914271143153,0.897340266090394
ENSSSCG00000048095,15.6162281956748,8.93601348315018
ENSSSCG00000017885,7.01925308589094,8.78645677213511
ENSSSCG00000033707,2.76906314397533,3.02852339805508
ENSSSCG00000017593,20.2527990414009,17.1616325889788
ENSSSCG00000017886,34.2913052131828,13.4601039913559
ENSSSCG00000017888,17.9989104358396,13.9087741244011
ENSSSCG00000017497,146.728148222041,262.883308786732
ENSSSCG00000017727,82.6533150067984,70.2542649993271
ENSSSCG00000017728,32.166210242225,28.0044941375711
ENSSSCG00000035446,204.685283793618,692.073680222217
ENSSSCG00000017403,321.823094465504,444.706880203298
ENSSSCG00000017731,85.3257829248211,103.568022377933
ENSSSCG00000017732,160.63786075922,112.578814216591
ENSSSCG00000017502,38.8956776502581,41.7263223732033
ENSSSCG00000017733,34.0015195353249,27.5558240045259
ENSSSCG00000017734,1.09474589412978,0.859951088336628
ENSSSCG00000017735,26.9500680407831,26.9949863382194
ENSSSCG00000017500,5.57032469660153,3.51458270885404
ENSSSCG00000017499,30.5240914010303,29.8739530252594
ENSSSCG00000017737,20.3171958587027,23.7047386958879
ENSSSCG00000017738,24.5673858006183,9.23512690518031
ENSSSCG00000017402,38.2195110685897,30.7712932913498
ENSSSCG00000017741,4.25018994191562,4.5614796859595
ENSSSCG00000035954,8.66137192708561,2.99113422030131
ENSSSCG00000017743,18.6106802002063,11.2167533261299
ENSSSCG00000017744,47.1062718562314,21.3492204974006
ENSSSCG00000017745,37.8009317561283,30.247844802797
ENSSSCG00000017498,4.82976129763138,12.0393152367128
ENSSSCG00000061452,11.2372446191557,9.16034854967277
ENSSSCG00000017406,78.2099346129775,69.7682056885282
ENSSSCG00000017504,60.0500321338835,75.3018039960856
ENSSSCG00000017527,14.1994982150363,11.3289208593912
ENSSSCG00000017790,13.748720493924,23.7421278736417
ENSSSCG00000017789,1.41672998063854,2.46768573174858
ENSSSCG00000017788,26.6602823629252,43.0349435945852
ENSSSCG00000017787,97.3357893515978,124.58074027555
ENSSSCG00000017793,13.9419109458293,11.7402018146827
ENSSSCG00000017792,3.50962654294547,8.82384594988888
ENSSSCG00000052963,17.6769263493309,44.7922349490122
ENSSSCG00000017794,6.05330082636466,2.65463162051742
ENSSSCG00000017795,36.8671779052529,11.7775909924364
ENSSSCG00000017797,2.18949178825956,1.08428615485923
ENSSSCG00000017796,68.0352374793007,66.6649039349655
ENSSSCG00000017799,158.834749874771,170.532039734929
ENSSSCG00000029262,63.6884523114325,58.0653930515993
ENSSSCG00000017801,1.19134112008241,0.747783555075329
ENSSSCG00000017804,179.37733459403,125.253745475118
ENSSSCG00000017803,23.7946239929973,26.247202783144
ENSSSCG00000028720,52.6443981441821,80.7980131258893
ENSSSCG00000017806,16.9041645417098,16.8251299891949
ENSSSCG00000017809,69.5485626858919,100.202996380094
ENSSSCG00000017810,24.0522112622043,66.104066268659
ENSSSCG00000057748,30.4274961750777,62.4399268487899
ENSSSCG00000017812,64.7509997969114,112.167533261299
ENSSSCG00000036987,1.0625474854789,0.373891777537664
ENSSSCG00000017458,1.51332520659117,0.299113422030131
ENSSSCG00000017459,0.54737294706489,0.785172732829095
ENSSSCG00000028522,21.2187513009272,17.1990217667326
ENSSSCG00000017461,0.965952259526276,0.336502599783898
ENSSSCG00000017462,1.9963013363543,1.04689697710546
ENSSSCG00000017463,0.740563398970145,0.859951088336628
ENSSSCG00000017464,0.321984086508759,1.27123204362806
ENSSSCG00000017465,0.9337538508754,0.560837666306496
ENSSSCG00000038618,25.8231237380025,11.4784775704063
ENSSSCG00000017814,41.6647407942334,18.5824213436219
ENSSSCG00000036705,25.5977348774463,31.5190768464251
ENSSSCG00000039412,52.7409933701347,39.1090799304397
ENSSSCG00000062888,365.226549326885,450.950872888177
ENSSSCG00000036089,0.579571355715766,0.0373891777537664
ENSSSCG00000039137,98.8169161495381,67.8987468008398
ENSSSCG00000021821,142.059378967664,248.563253707039
ENSSSCG00000017466,0.54737294706489,0.411280955291431
ENSSSCG00000017470,19.2868467818747,2.80418833153248
ENSSSCG00000017472,92.1840439674576,104.951421954822
ENSSSCG00000017473,53.3849615431522,15.4791195900593
ENSSSCG00000058554,0.740563398970145,0.299113422030131
ENSSSCG00000053096,1.35233316333679,0.747783555075329
ENSSSCG00000058952,5.69911833120503,13.6844390578785
ENSSSCG00000061640,1.41672998063854,1.42078875464312
ENSSSCG00000052462,5.05515015818751,7.92650568379848
ENSSSCG00000057796,0.515174538414014,0.149556711015066
ENSSSCG00000030707,43.1458675921737,44.2313972827057
ENSSSCG00000019270,0.579571355715766,0.336502599783898
ENSSSCG00000056910,0.450777721112262,2.72940997602495
ENSSSCG00000025248,67.1336820370762,99.0439318697273
ENSSSCG00000024108,54.8982867497434,61.3556406939307
ENSSSCG00000024071,26.3382982764165,22.3213391189986
ENSSSCG00000050487,5.57032469660153,5.27187406328107
ENSSSCG00000017817,316.639150672713,437.116877119283
ENSSSCG00000040205,11.2694430278066,6.1318251516177
ENSSSCG00000040732,57.5063578504643,54.3638644539764
ENSSSCG00000038745,5.92450719176116,1.04689697710546
ENSSSCG00000017819,14.9400616140064,15.1052278125216
ENSSSCG00000017818,156.162281956748,133.965423891745
ENSSSCG00000017822,80.8180057136985,122.860838098876
ENSSSCG00000039780,61.4989605231729,62.6642619153125
ENSSSCG00000028078,42.2443121499492,50.4006116120771
ENSSSCG00000025717,16.5821804552011,34.2110976446963
ENSSSCG00000017826,56.9911833120503,101.885509379014
ENSSSCG00000062531,4.60437243707525,5.49620912980367
ENSSSCG00000038534,30.6528850356338,31.0330175356261
ENSSSCG00000017829,76.020442824718,70.590767599111
ENSSSCG00000037159,37.8975269820809,56.2707125194185
ENSSSCG00000017832,15.8738154648818,16.9372975224562
ENSSSCG00000017836,120.261056311021,176.476918997778
ENSSSCG00000017835,55.51005651411,108.80250726346
ENSSSCG00000034858,36.1266145062827,23.5925711626266
ENSSSCG00000017342,4.89415811493313,3.02852339805508
ENSSSCG00000017861,3.4774281342946,5.9074900850951
ENSSSCG00000017862,0.482976129763138,0.411280955291431
ENSSSCG00000017349,4.668769254377,1.60773464341196
ENSSSCG00000017325,74.6359112527303,151.762672502538
ENSSSCG00000017577,0.837158624922773,3.81369613088418
ENSSSCG00000053573,0.160992043254379,1.19645368812053
ENSSSCG00000017864,8.04960216271897,13.4974931691097
ENSSSCG00000017865,20.8645688057676,42.9227760613239
ENSSSCG00000017866,124.672238296191,80.6484564148742
ENSSSCG00000017376,1.67431724984555,3.62675024211534
ENSSSCG00000040910,0.515174538414014,0
ENSSSCG00000055493,17.7735215752835,25.4246408725612
ENSSSCG00000017868,11.9778080181258,5.64576584081873
ENSSSCG00000025856,63.9138411719886,52.6813514550569
ENSSSCG00000021306,9.53072896065926,14.9182819237528
ENSSSCG00000017367,3.67061858619985,6.84221952893926
ENSSSCG00000017379,22.2169019691044,21.9474473414609
ENSSSCG00000017265,199.501340000827,61.2808623384232
ENSSSCG00000023992,18.2564977050466,3.10330175356261
ENSSSCG00000023014,9.62732418661189,19.5545399652198
ENSSSCG00000017378,71.0618878924831,124.132070142505
ENSSSCG00000017380,0.354182495159635,1.23384286587429
ENSSSCG00000030167,83.3938784057685,148.50981403796
ENSSSCG00000017359,1.57772202389292,0.673005199567796
ENSSSCG00000017373,0.482976129763138,0.336502599783898
ENSSSCG00000020744,31.7798293384145,50.4380007898309
ENSSSCG00000017880,0.998150668177152,0.635616021814029
ENSSSCG00000039673,0.386380903810511,0.149556711015066
ENSSSCG00000017364,2.31828542286306,3.06591257580885
ENSSSCG00000017366,98.044154341917,97.1370838042852
ENSSSCG00000017879,27.8516234830076,32.1173036904854
ENSSSCG00000017365,42.9848755489193,41.6889331954496
ENSSSCG00000017882,141.125625116789,186.758942880063
ENSSSCG00000056031,14.8756647967047,13.9087741244011
ENSSSCG00000017371,21.3475449355307,19.9284317427575
ENSSSCG00000037238,7.14804672049445,7.51522472850705
ENSSSCG00000017352,11.5270302970136,11.5158667481601
ENSSSCG00000017351,0.9337538508754,0.0747783555075329
ENSSSCG00000017730,2.31828542286306,8.52473252785875
ENSSSCG00000029838,25.8553221466533,12.974044680557
ENSSSCG00000063008,8.21059420597335,5.64576584081873
ENSSSCG00000058254,25.9841157812568,54.6255886982527
ENSSSCG00000017355,374.016714888574,567.71727501319
ENSSSCG00000056408,1.64211884119467,0.934729443844161
ENSSSCG00000060417,6.66507059073131,3.36502599783898
ENSSSCG00000058007,13.5555300420187,25.6489759390838
ENSSSCG00000055210,9.78831622986627,21.3118313196469
ENSSSCG00000017343,1.19134112008241,0.972118621597927
ENSSSCG00000044492,4.21799153326474,2.09379395421092
ENSSSCG00000059284,1.7387140671473,2.24335066522599
ENSSSCG00000062604,0.289785677857883,0.673005199567796
ENSSSCG00000054404,2.18949178825956,2.05640477645715
ENSSSCG00000059004,44.5947959814631,33.0894223120833
ENSSSCG00000017360,168.655264513288,232.897188228211
ENSSSCG00000017344,2.44707905746657,4.07542037516054
ENSSSCG00000017345,0.418579312461386,1.00950779935169
ENSSSCG00000056284,16.1314027340888,15.853011367597
ENSSSCG00000038989,104.097455168282,98.5952617366821
ENSSSCG00000017346,159.18893236993,271.146317070314
ENSSSCG00000058778,14.521482301545,26.4715378496666
ENSSSCG00000017362,47.5248511686928,90.3322534530997
ENSSSCG00000022837,46.7198909524209,71.07682690991
ENSSSCG00000017258,11.3660382537592,75.4139715293469
ENSSSCG00000017259,331.868997964578,532.234945324865
ENSSSCG00000017260,52.8375885960873,143.948334352001
ENSSSCG00000017328,60.5330082636466,107.157383442295
ENSSSCG00000017330,41.9867248807421,58.4018956513832
ENSSSCG00000017261,2.64026950937182,8.93601348315018
ENSSSCG00000017262,0.708364990319269,143.35010750794
ENSSSCG00000017333,29.4937423242023,27.6306023600334
ENSSSCG00000017264,58.4401117013397,77.1338737060201
ENSSSCG00000017335,17.4515374887747,18.881534765652
ENSSSCG00000039336,91.3468853425349,120.729654966912
ENSSSCG00000035402,0.321984086508759,0.299113422030131
ENSSSCG00000017337,13.23354595551,14.8061143904915
ENSSSCG00000017338,39.9904235443878,58.2523389403681
ENSSSCG00000017339,113.499390494337,230.20516742994
ENSSSCG00000017340,43.7898357651912,117.925466635379
ENSSSCG00000017256,4.82976129763138,0.486059310798964
ENSSSCG00000017257,8.82236397033999,9.9081321047481
ENSSSCG00000026473,13.3301411814626,26.5463162051742
ENSSSCG00000030211,219.560948590323,311.638796577643
ENSSSCG00000022101,28.8819725598357,22.9569551408126
ENSSSCG00000029460,10.5288796288364,34.24848682245
ENSSSCG00000024059,247.476968890632,727.182118133003
ENSSSCG00000029763,40.6021933087545,53.3169674768709
ENSSSCG00000025507,225.871836685894,259.742617855415
ENSSSCG00000035057,56.3794135476837,167.76524058115
ENSSSCG00000035199,11.0118557585996,11.5158667481601
ENSSSCG00000037979,43.2102644094754,78.1059923276181
ENSSSCG00000017383,0.482976129763138,0.598226844060263
ENSSSCG00000037487,31.3290516173022,34.5102110667264
ENSSSCG00000017384,6.31088809557167,4.5614796859595
ENSSSCG00000017385,92.5382264626173,123.272119054168
ENSSSCG00000017386,73.0259908201865,68.0856926896087
ENSSSCG00000057849,35.9978208716792,62.8885969818351
ENSSSCG00000060121,6.14989605231729,12.974044680557
ENSSSCG00000034782,80.7858073050476,82.8918070801002
ENSSSCG00000017389,60.951587576108,90.4818101641147
ENSSSCG00000017382,120.228857902371,116.205564458706
ENSSSCG00000017393,6.02110241771379,4.52409050820574
ENSSSCG00000017392,0.772761807621021,1.60773464341196
ENSSSCG00000017391,20.4137910846553,29.7617854919981
ENSSSCG00000059397,24.5673858006183,30.7712932913498
ENSSSCG00000017395,99.5252811398573,140.396362465393
ENSSSCG00000036106,23.2150526372815,26.2845919608978
ENSSSCG00000017396,3.54182495159635,1.00950779935169
ENSSSCG00000017397,42.9526771402684,55.4855397865894
ENSSSCG00000017398,84.5208227085492,76.2739226176835
ENSSSCG00000035147,3.05884882183321,2.35551819848728
ENSSSCG00000046466,37.2213604004125,38.5108530863794
ENSSSCG00000017268,12.5895777824925,8.59951088336628
ENSSSCG00000017298,13.6843236766222,45.1661267265498
ENSSSCG00000017299,6.11769764366642,4.6736472192208
ENSSSCG00000017300,217.661242479921,429.115593079977
ENSSSCG00000017301,40.3124076308966,46.6243046589467
ENSSSCG00000033421,15.4874345610713,13.0114338583107
ENSSSCG00000017306,14.3282918496398,9.64640786047174
ENSSSCG00000017308,48.2010177503612,49.3911038127254
ENSSSCG00000017310,91.314686933884,60.1591870058102
ENSSSCG00000017311,19.6410292770343,14.5070009684614
ENSSSCG00000054353,0.0321984086508759,0.785172732829095
ENSSSCG00000031893,36.9637731312055,53.2047999436096
ENSSSCG00000017316,41.6003439769316,51.5970653001977
ENSSSCG00000017317,0.708364990319269,0.673005199567796
ENSSSCG00000035524,1.09474589412978,2.05640477645715
ENSSSCG00000030183,48.4264066109173,73.5819018194123
ENSSSCG00000017336,84.8106083864071,177.29948090836
ENSSSCG00000017314,0.804960216271897,0.0747783555075329
ENSSSCG00000052512,0.611769764366642,0.785172732829095
ENSSSCG00000061358,3.50962654294547,8.52473252785875
ENSSSCG00000051405,0.54737294706489,0.635616021814029
ENSSSCG00000046803,3.12324563913496,2.35551819848728
ENSSSCG00000017357,120.647437214832,88.7992971651953
ENSSSCG00000036328,51.6784458846558,61.8790891824834
ENSSSCG00000034958,30.1377104972198,27.219321404742
ENSSSCG00000031530,49.9075334088576,69.5438706220056
ENSSSCG00000037336,19.8664181375904,22.2091715857373
ENSSSCG00000028712,18.3852913396501,23.5551819848728
ENSSSCG00000037557,99.4608843225556,33.2389790230984
ENSSSCG00000038639,85.0359972469632,186.347661924772
ENSSSCG00000017913,74.3461255748724,84.686487612281
ENSSSCG00000017915,22.3456956037079,16.5260165671648
ENSSSCG00000017914,5.86011037445941,2.91635586479378
ENSSSCG00000031112,1.51332520659117,1.75729135442702
ENSSSCG00000033819,0.772761807621021,0.149556711015066
ENSSSCG00000027100,32.0696150162724,26.733262093943
ENSSSCG00000035820,15.8738154648818,17.7598594330391
ENSSSCG00000017890,75.6662603295583,70.3664325325884
ENSSSCG00000017993,34.4200988477863,29.6496179587368
ENSSSCG00000034964,22.1525051518026,26.0602568943752
ENSSSCG00000017893,4.34678516786824,5.2344848855273
ENSSSCG00000017994,35.9334240543775,20.3771018758027
ENSSSCG00000022026,0.676166581668393,1.04689697710546
ENSSSCG00000017894,36.5451938187441,22.5830633632749
ENSSSCG00000017995,14.8756647967047,21.7605014526921
ENSSSCG00000017996,0.740563398970145,0.897340266090394
ENSSSCG00000017998,4.92635652358401,9.53424032721044
ENSSSCG00000037991,2.47927746611744,2.43029655399482
ENSSSCG00000039056,53.8035408556136,64.4963316252471
ENSSSCG00000039064,26.8212744061796,29.5374504254755
ENSSSCG00000035048,61.4345637058712,97.174472982039
ENSSSCG00000036311,9.72391941256451,4.4493121526982
ENSSSCG00000033706,65.4915631958815,86.1446655446778
ENSSSCG00000017895,124.318055801032,342.522257402254
ENSSSCG00000017896,2.09289656230693,0.859951088336628
ENSSSCG00000017897,1.38453157198766,0.560837666306496
ENSSSCG00000022999,7.24464194644707,6.84221952893926
ENSSSCG00000017900,170.265184945832,239.515072690628
ENSSSCG00000017901,0.0643968173017518,0.598226844060263
ENSSSCG00000017902,74.957895339239,104.951421954822
ENSSSCG00000053757,54.8982867497434,44.7174565935047
ENSSSCG00000017904,5.28053901874364,2.16857230971845
ENSSSCG00000017907,271.078402431724,455.54974175189
ENSSSCG00000017906,103.968661533678,173.411006421969
ENSSSCG00000032472,48.9737795579822,123.720789187213
ENSSSCG00000058627,2.6724679180227,17.4233568332552
ENSSSCG00000017909,0.289785677857883,1.38339957688936
ENSSSCG00000017917,197.05426094336,256.751483635114
ENSSSCG00000017912,60.2754209944396,55.7846532086195
ENSSSCG00000024416,0.901555442224525,1.64512382116572
ENSSSCG00000029553,21.540735387436,13.123601391572
ENSSSCG00000029944,217.886631340477,628.586856396321
ENSSSCG00000018005,0.418579312461386,0.0747783555075329
ENSSSCG00000018007,21.5729337960868,8.44995417235121
ENSSSCG00000034723,57.2809689899082,45.8391319261176
ENSSSCG00000018008,45.4963514236876,65.6180069578601
ENSSSCG00000040352,62.4327143740483,84.0134824127132
ENSSSCG00000018009,6.79386422533481,4.4493121526982
ENSSSCG00000033689,100.233646130177,116.056007747691
ENSSSCG00000036454,0.708364990319269,0.710394377321562
ENSSSCG00000040385,44.1440182603508,86.0698871891703
ENSSSCG00000035253,15.8738154648818,16.5260165671648
ENSSSCG00000034695,40.0226219530387,45.46524014858
ENSSSCG00000018015,109.217002143771,58.7010090734133
ENSSSCG00000018014,14.6180775274976,23.5551819848728
ENSSSCG00000031851,4.18579312461386,131.049068026951
ENSSSCG00000018016,43.049272366221,61.0191380941468
ENSSSCG00000039650,35.0962654294547,62.3277593155286
ENSSSCG00000039873,46.6554941351191,174.270957510305
ENSSSCG00000036973,33.9049243093723,53.2421891213634
ENSSSCG00000031988,1.25573793738416,1.68251299891949
ENSSSCG00000018019,5.15174538414014,6.87960870669302
ENSSSCG00000040503,161.249630523586,94.0337820507226
ENSSSCG00000049515,36.2232097322354,43.4462245498766
ENSSSCG00000040727,75.5374666949548,75.7504741291308
ENSSSCG00000028465,34.3235036218337,33.8372058671586
ENSSSCG00000039013,49.1025731925857,26.0602568943752
ENSSSCG00000038622,0.193190451905255,0.785172732829095
ENSSSCG00000018023,9.94930827312065,17.610302722024
ENSSSCG00000039318,4.86195970628226,3.32763682008521
ENSSSCG00000037832,33.3575513623074,89.2105781204867
ENSSSCG00000018028,10.2068955423277,6.39354939589406
ENSSSCG00000053835,0.354182495159635,1.04689697710546
ENSSSCG00000018027,98.7203209235854,90.1079183865771
ENSSSCG00000018026,83.2972831798159,192.928157209435
ENSSSCG00000034049,127.18371417096,758.252524846383
ENSSSCG00000018029,21.3153465268798,10.1698563490245
ENSSSCG00000025254,10.8186653066943,4.00064201965301
ENSSSCG00000018031,12.203196878682,10.6559156598234
ENSSSCG00000036776,12.1066016527293,29.9113422030131
ENSSSCG00000018032,10.5610780374873,3.85108530863794
ENSSSCG00000018033,916.914083150992,1660.49077322252
ENSSSCG00000018034,7.08364990319269,7.96389486155225
ENSSSCG00000035103,14.1029029890836,15.7782330120894
ENSSSCG00000018039,161.217432114936,299.636870518684
ENSSSCG00000023747,26.0485125985586,53.8030267876699
ENSSSCG00000036482,18.159902479094,42.2497708617561
ENSSSCG00000035051,0.611769764366642,3.58936106436158
ENSSSCG00000034364,21.8627194739447,177.710761863652
ENSSSCG00000017168,163.020542999385,167.802629758904
ENSSSCG00000024030,49.0059779666331,51.5970653001977
ENSSSCG00000018045,84.1666402133895,82.3309694137937
ENSSSCG00000018044,3.28423768238934,4.48670133045197
ENSSSCG00000018042,8.33938784057685,40.2307552630527
ENSSSCG00000018041,148.756647967047,177.374259263868
ENSSSCG00000018046,2.99445200453146,2.13118313196469
ENSSSCG00000033329,1.19134112008241,0.785172732829095
ENSSSCG00000036007,50.8090888510821,38.0621829533342
ENSSSCG00000031076,48.0722241157577,51.5222869446901
ENSSSCG00000039681,32.938972049846,28.6774993371389
ENSSSCG00000040457,70.2247292675603,102.74546046735
ENSSSCG00000018050,9.59512577796101,6.16921432937146
ENSSSCG00000018049,37.4467492609686,42.2871600395098
ENSSSCG00000018047,15.6162281956748,38.9221340416709
ENSSSCG00000041010,0.0643968173017518,0.897340266090394
ENSSSCG00000036208,7.85641171081371,14.731336034984
ENSSSCG00000038189,39.2498601454177,49.6528280570018
ENSSSCG00000035839,76.9863950842442,94.2955062949989
ENSSSCG00000037151,16.0992043254379,43.2592786611078
ENSSSCG00000039324,182.629373867768,297.505687386719
ENSSSCG00000040859,57.3453658072099,59.2618467397198
ENSSSCG00000035120,69.0977849647796,102.296790334305
ENSSSCG00000032392,0.450777721112262,0.224335066522599
ENSSSCG00000017169,62.3683175567466,75.3765823515931
ENSSSCG00000048201,4.08919789866124,2.35551819848728
ENSSSCG00000032655,41.3105582990738,52.3074596775192
ENSSSCG00000035728,31.2002579826987,50.8492817451223
ENSSSCG00000034058,227.642749161692,499.855917390103
ENSSSCG00000039148,515.657514543777,857.29645671611
ENSSSCG00000039424,100.491233399384,210.725405820228
ENSSSCG00000034891,0.418579312461386,0.934729443844161
ENSSSCG00000033620,43.0170739575702,42.8479977058163
ENSSSCG00000033148,63.559658676829,86.7428923887381
ENSSSCG00000033082,130.210364584142,155.426811922407
ENSSSCG00000053661,14.4892838928941,14.5817793239689
ENSSSCG00000034716,31.2002579826987,19.6667074984811
ENSSSCG00000033788,5.08734856683839,8.82384594988888
ENSSSCG00000031531,9.98150668177152,12.1140935922203
ENSSSCG00000054603,1.28793634603504,0.635616021814029
ENSSSCG00000044615,5.15174538414014,3.70152859762288
ENSSSCG00000044655,0.193190451905255,1.49556711015066
ENSSSCG00000059974,0.643968173017518,0.0747783555075329
ENSSSCG00000060551,0.869357033573649,0.373891777537664
ENSSSCG00000061910,0.257587269207007,0.411280955291431
ENSSSCG00000049865,4.50777721112262,3.88847448639171
ENSSSCG00000041710,0.579571355715766,0.373891777537664
ENSSSCG00000056014,3.02665041318233,2.28073984297975
ENSSSCG00000054912,0.289785677857883,0.560837666306496
ENSSSCG00000062758,0.869357033573649,2.20596148747222
ENSSSCG00000046461,44.5947959814631,34.0241517559274
ENSSSCG00000046841,1.8675077017508,5.53359830755743
ENSSSCG00000047466,40.6665901260562,45.3530726153187
ENSSSCG00000038146,0.676166581668393,0.261724244276365
ENSSSCG00000018456,2.12509497095781,0.785172732829095
ENSSSCG00000018462,1.0625474854789,0.673005199567796
ENSSSCG00000017167,53.8679376729153,91.9773772742654
ENSSSCG00000054680,0.418579312461386,0.0747783555075329
ENSSSCG00000053434,2.47927746611744,3.10330175356261
ENSSSCG00000036056,3.34863449969109,3.62675024211534
ENSSSCG00000036308,34.9996702035021,43.4462245498766
ENSSSCG00000036956,17.7091247579817,7.02916541770809
ENSSSCG00000033883,9.65952259526276,4.41192297494444
ENSSSCG00000040486,10.625474854789,6.54310610690912
ENSSSCG00000033636,32.4881943287338,22.3213391189986
ENSSSCG00000037120,14.7468711621012,9.16034854967277
ENSSSCG00000031600,110.311748037901,183.431306059978
ENSSSCG00000041583,0.901555442224525,0.486059310798964
ENSSSCG00000033592,4.86195970628226,3.92586366414547
ENSSSCG00000032562,42.2121137412983,57.0932744300013
ENSSSCG00000034373,33.8083290834197,24.9011923840084
ENSSSCG00000052239,3.86380903810511,5.38404159654237
ENSSSCG00000059540,28.9785677857883,25.4620300503149
ENSSSCG00000057304,2.06069815365606,2.35551819848728
ENSSSCG00000053087,10.367887585582,9.04818101641148
ENSSSCG00000059685,0.482976129763138,0.373891777537664
ENSSSCG00000045725,0.837158624922773,0
ENSSSCG00000061401,9.91710986446977,4.97276064125094
ENSSSCG00000033293,0.257587269207007,0.747783555075329
ENSSSCG00000017246,19.8020213202887,27.854937426556
ENSSSCG00000031686,38.1873126599388,41.8384899064646
ENSSSCG00000017248,85.1647908815667,99.9412721358177
ENSSSCG00000037754,46.5910973178174,115.420391725877
ENSSSCG00000033537,17.8057199839344,9.87074292699434
ENSSSCG00000063353,4.44338039382087,1.00950779935169
ENSSSCG00000017251,15.5840297870239,0
ENSSSCG00000039947,3.54182495159635,5.60837666306496
ENSSSCG00000034358,0.708364990319269,0.52344848855273
ENSSSCG00000036461,0.804960216271897,3.92586366414547
ENSSSCG00000017272,39.6362410492282,55.709874853112
ENSSSCG00000017273,43.9830262170965,39.4455825302236
ENSSSCG00000017274,72.2532290125655,219.324916703594
ENSSSCG00000054188,38.2839078858914,38.0247937755805
ENSSSCG00000033528,85.9375526891877,90.1826967420846
ENSSSCG00000032181,12.2353952873328,11.0671966151149
ENSSSCG00000029005,54.737294706489,46.586915481193
ENSSSCG00000032176,84.9072036123597,74.6661879742716
ENSSSCG00000028925,34.3879004391354,23.3308469183503
ENSSSCG00000032092,1142.01315802927,673.528648056348
ENSSSCG00000036057,11.7202207489188,11.1045857928686
ENSSSCG00000032612,5.02295174953664,0.972118621597927
ENSSSCG00000017277,178.2825886999,179.58022075134
ENSSSCG00000017278,75.3120778343987,158.604892031477
ENSSSCG00000039909,72.5752130990742,107.90516699737
ENSSSCG00000062259,22.4422908296605,22.7700092520438
ENSSSCG00000017282,0.418579312461386,2.16857230971845
ENSSSCG00000017283,3.44522972564372,1.79468053218079
ENSSSCG00000017285,1.25573793738416,1.53295628790442
ENSSSCG00000041822,99.4286859139047,171.578936712034
ENSSSCG00000017287,127.151515762309,180.477561017431
ENSSSCG00000017288,75.7950539641618,79.8258945042913
ENSSSCG00000017289,121.3236037965,132.544635137102
ENSSSCG00000017290,46.172518005356,42.2497708617561
ENSSSCG00000024813,41.9867248807421,50.587557500846
ENSSSCG00000022659,234.211224526471,390.791685882367
ENSSSCG00000017668,76.8254030409898,62.9259861595889
ENSSSCG00000017669,7.50222921565408,7.36566801749199
ENSSSCG00000017670,57.1521753553047,37.3517885760127
ENSSSCG00000017671,45.1099705198771,38.8099665084096
ENSSSCG00000017672,36.8993763139038,37.3891777537664
ENSSSCG00000017673,17.7735215752835,14.9556711015066
ENSSSCG00000027060,36.577392227395,35.6318863993394
ENSSSCG00000021384,3.99260267270861,1.60773464341196
ENSSSCG00000054187,2.57587269207007,1.75729135442702
ENSSSCG00000058622,1.80311088444905,0.299113422030131
ENSSSCG00000017921,7.08364990319269,0.897340266090394
ENSSSCG00000017920,45.8505339188472,180.103669239893
ENSSSCG00000017919,11.5592287056644,11.852369347944
ENSSSCG00000017918,30.5884882183321,18.5824213436219
ENSSSCG00000017924,87.3542826698263,105.474870443375
ENSSSCG00000017923,0.643968173017518,0.52344848855273
ENSSSCG00000060177,14.1994982150363,8.71167841662758
ENSSSCG00000017929,38.5736935637493,113.139651882897
ENSSSCG00000017928,48.2654145676629,56.2333233416647
ENSSSCG00000017927,13.2979427728117,24.6020789619783
ENSSSCG00000017926,73.3479749066953,39.4455825302236
ENSSSCG00000017925,88.0626476601455,68.347416933885
ENSSSCG00000017932,3.57402336024722,1.15906451036676
ENSSSCG00000024285,26.9500680407831,24.9385815617622
ENSSSCG00000017947,63.6240554941307,116.280342814214
ENSSSCG00000025689,43.5000500873333,55.1490371868055
ENSSSCG00000017937,40.3124076308966,81.957077636256
ENSSSCG00000017936,190.453587169931,307.301651958206
ENSSSCG00000017935,82.9431006846563,109.812015062812
ENSSSCG00000027514,45.8505339188472,49.9893306567857
ENSSSCG00000017934,121.774381517613,283.40996737355
ENSSSCG00000023915,2.02849974500518,1.71990217667326
ENSSSCG00000017938,1.09474589412978,0.261724244276365
ENSSSCG00000038359,306.9474296688,415.580710733114
ENSSSCG00000017940,38.6058919724002,48.9050445019265
ENSSSCG00000017942,0.998150668177152,0.149556711015066
ENSSSCG00000017943,4.34678516786824,4.74842557472834
ENSSSCG00000042089,4.21799153326474,5.38404159654237
ENSSSCG00000017945,0.450777721112262,0.149556711015066
ENSSSCG00000026142,41.4071535250264,76.3113117954373
ENSSSCG00000029391,46.2691132313086,40.0064201965301
ENSSSCG00000028725,16.5499820465502,33.5007032673747
ENSSSCG00000051794,13.1691491382082,8.07606239481355
ENSSSCG00000056826,13.3945379987644,11.8897585256977
ENSSSCG00000046700,15.4552361524204,16.3016815006422
ENSSSCG00000032469,57.9893339802275,69.0204221334528
ENSSSCG00000021258,4.12139630731211,4.97276064125094
ENSSSCG00000028278,163.535717537799,193.040324742696
ENSSSCG00000040188,32.681384780639,32.1920820459929
ENSSSCG00000036521,24.4707905746657,12.7497096140344
ENSSSCG00000017957,322.821245133682,337.81122100528
ENSSSCG00000017956,30.5240914010303,12.3384286587429
ENSSSCG00000017955,31.2002579826987,53.466524187886
ENSSSCG00000017953,60.7583971242028,80.0876187485677
ENSSSCG00000017952,23.9556160362517,11.0671966151149
ENSSSCG00000017951,3.76721381215248,10.4315805933008
ENSSSCG00000017950,101.585979293513,65.0197801137998
ENSSSCG00000017949,30.5884882183321,29.5000612477217
ENSSSCG00000017948,17.4515374887747,4.48670133045197
ENSSSCG00000017963,115.849874325851,31.3321309576563
ENSSSCG00000017962,120.518643580228,125.47808054164
ENSSSCG00000037096,9.24094328280138,17.3111892999939
ENSSSCG00000017971,11.5914271143153,11.8149801701902
ENSSSCG00000059632,71.5770624308971,66.590125579458
ENSSSCG00000021363,615.730168630699,473.720882140221
ENSSSCG00000023166,8.1461973886716,9.64640786047174
ENSSSCG00000037973,57.6351514850678,84.0508715904669
ENSSSCG00000017968,31.7154325211127,33.5754816228823
ENSSSCG00000025345,5.08734856683839,3.62675024211534
ENSSSCG00000017978,4.25018994191562,19.6293183207274
ENSSSCG00000017983,152.008687240785,416.478050999204
ENSSSCG00000034868,74.7969032959847,76.2365334399297
ENSSSCG00000027528,33.5185434055618,18.5824213436219
ENSSSCG00000028788,14.779069570752,24.7516356729934
ENSSSCG00000028924,13.748720493924,5.72054419632626
ENSSSCG00000049011,1.03034907682803,0.52344848855273
ENSSSCG00000038726,4.76536448032963,6.69266281792419
ENSSSCG00000022395,2.99445200453146,13.4601039913559
ENSSSCG00000028048,18.7716722434606,38.2491288421031
ENSSSCG00000028166,0.482976129763138,0.0747783555075329
ENSSSCG00000021434,1.09474589412978,1.38339957688936
ENSSSCG00000028850,579.539157307115,430.573771012374
ENSSSCG00000017986,29.9767184539654,52.4944055662881
ENSSSCG00000017985,0.54737294706489,0.261724244276365
ENSSSCG00000038144,55.9608342352223,73.0958425086134
ENSSSCG00000026818,21.6373306133886,12.6375420807731
ENSSSCG00000023128,0,0.635616021814029
ENSSSCG00000030269,112.050462105048,103.418465666918
ENSSSCG00000033286,0.708364990319269,0.747783555075329
ENSSSCG00000027677,7.92080852811547,8.93601348315018
ENSSSCG00000038434,3.41303131699284,1.04689697710546
ENSSSCG00000048918,32.2628054681776,13.2357689248333
ENSSSCG00000041916,0.708364990319269,0.785172732829095
ENSSSCG00000045794,0.611769764366642,0.299113422030131
ENSSSCG00000035224,15.3586409264678,20.5266585868178
ENSSSCG00000026701,3.15544404778584,2.35551819848728
ENSSSCG00000017546,15.1654504745625,18.3206970993455
ENSSSCG00000024235,101.714772928117,146.004739128458
ENSSSCG00000029616,41.9223280634404,85.7333845893864
ENSSSCG00000052003,10.8508637153452,17.8346377885466
ENSSSCG00000028355,1898.06399156048,5928.3532462817
ENSSSCG00000023045,30.8460754875391,37.463956109274
ENSSSCG00000022317,144.699648477036,175.317854487411
ENSSSCG00000039183,5.82791196580853,11.0671966151149
ENSSSCG00000028593,24.7927746611744,48.6433202576501
ENSSSCG00000017143,32.3915991027811,18.6198105213757
ENSSSCG00000017142,66.4253170467569,92.1269339852805
ENSSSCG00000057060,1.09474589412978,0.336502599783898
ENSSSCG00000017141,4.31458675921737,1.30862122138182
ENSSSCG00000017254,4.05699949001036,3.14069093131638
ENSSSCG00000017255,6.24649127826992,5.64576584081873
ENSSSCG00000017707,100.684423851289,103.979303333224
ENSSSCG00000034440,46.0115259621016,25.3124733392999
ENSSSCG00000033580,1.64211884119467,0.336502599783898
ENSSSCG00000039395,39.7328362751808,15.1800061680292
ENSSSCG00000036746,17.8701168012361,17.5355243665165
ENSSSCG00000017712,255.84855513986,543.152585228965
ENSSSCG00000017713,5.50592787929978,8.82384594988888
ENSSSCG00000032652,8.1461973886716,22.097004052476
ENSSSCG00000017717,3.44522972564372,7.29088966198445
ENSSSCG00000025796,23.8912192189499,13.2731581025871
ENSSSCG00000061966,37.1891619917616,33.2389790230984
ENSSSCG00000032552,126.797333267149,159.763956541844
ENSSSCG00000024770,108.412041927499,126.300642452223
ENSSSCG00000031114,0.740563398970145,0.149556711015066
ENSSSCG00000017869,12.0744032440785,8.89862430539641
ENSSSCG00000031821,2.6724679180227,1.75729135442702
ENSSSCG00000017870,62.1107302875396,65.7675636688751
ENSSSCG00000017873,15.1976488832134,6.69266281792419
ENSSSCG00000022405,1.15914271143153,1.68251299891949
ENSSSCG00000017874,57.4741594418134,44.7922349490122
ENSSSCG00000017876,26.0807110072095,38.585631441887
ENSSSCG00000017877,69.5807610945428,74.7035771520253
ENSSSCG00000017583,8.56477670113298,9.12295937191901
ENSSSCG00000031307,0.418579312461386,0.224335066522599
ENSSSCG00000036135,8483.37912406357,9196.50388456067
ENSSSCG00000039259,1.28793634603504,0.710394377321562
ENSSSCG00000017573,38.6058919724002,32.3790279347617
ENSSSCG00000023783,14.6824743447994,18.5450321658681
ENSSSCG00000061531,6.34308650422255,9.6837970382255
ENSSSCG00000017571,5.11954697548926,2.46768573174858
ENSSSCG00000028019,27.7872266657059,33.4259249118672
ENSSSCG00000017566,99.1710986446977,81.957077636256
ENSSSCG00000017569,4.41118198517,3.73891777537664
ENSSSCG00000017567,5.50592787929978,1.60773464341196
ENSSSCG00000017563,76.7288078150372,20.003210098265
ENSSSCG00000027226,19.0936563299694,40.0438093742838
ENSSSCG00000017565,33.4219481796092,42.5488842837862
ENSSSCG00000017562,35.6114399678687,54.2143077429613
ENSSSCG00000038760,40.8275821693106,44.6800674157509
ENSSSCG00000055086,14.3282918496398,4.48670133045197
ENSSSCG00000017555,215.503949100312,71.3759403319401
ENSSSCG00000017557,0.579571355715766,0.448670133045197
ENSSSCG00000040773,24.2776001227604,38.4734639086257
ENSSSCG00000033228,48.7161922887752,41.6515440176958
ENSSSCG00000038348,16.4533868205976,13.7966065911398
ENSSSCG00000017591,163.793304807006,156.099817121975
ENSSSCG00000055095,3.4774281342946,0
ENSSSCG00000017561,265.636871369726,124.019902609243
ENSSSCG00000032049,66.2965234121534,100.202996380094
ENSSSCG00000032450,16.9685613590116,9.98291046025564
ENSSSCG00000017756,23.2794494545833,28.9018344036615
ENSSSCG00000033123,53.1595726825961,90.7809235861449
ENSSSCG00000023719,12.2353952873328,7.66478143952212
ENSSSCG00000024626,40.6021933087545,75.4887498848544
ENSSSCG00000028920,36.062217688981,54.3638644539764
ENSSSCG00000040883,29.4937423242023,33.612870800636
ENSSSCG00000027801,1.38453157198766,2.84157750928625
ENSSSCG00000030358,13.7165220852731,9.27251608293407
ENSSSCG00000023478,24.0200128535534,21.0874962531243
ENSSSCG00000017763,6.79386422533481,0.972118621597927
ENSSSCG00000017761,21.3475449355307,18.8067564101445
ENSSSCG00000026706,53.9323344902171,48.5685419021426
ENSSSCG00000017759,3.57402336024722,4.7858147524821
ENSSSCG00000017758,10.625474854789,3.81369613088418
ENSSSCG00000061138,9.56292736931014,3.32763682008521
ENSSSCG00000017764,84.8106083864071,137.442617422845
ENSSSCG00000017772,42.4375026018544,41.8011007287109
ENSSSCG00000017773,105.320994697015,186.235494391511
ENSSSCG00000017770,0.901555442224525,6.24399268487899
ENSSSCG00000017769,18.9970611040168,16.1521247896271
ENSSSCG00000035080,330.742053661797,371.723205227946
ENSSSCG00000038650,4.95855493223489,4.18758790842184
ENSSSCG00000017766,35.4504479246143,33.5007032673747
ENSSSCG00000032658,26.7890759975287,60.0844086503026
ENSSSCG00000039321,20.6069815365606,31.2947417799025
ENSSSCG00000017776,34.774281342946,41.614154839942
ENSSSCG00000017777,83.9734497614843,142.377988886343
ENSSSCG00000017778,9.27314169145225,15.5912871233206
ENSSSCG00000017779,76.1814348679723,101.661174312491
ENSSSCG00000035445,2.25388860556131,0.822561910582861
ENSSSCG00000017783,105.095605836459,73.469734286151
ENSSSCG00000040641,0.321984086508759,0.373891777537664
ENSSSCG00000017785,51.6462474760049,47.9703150580823
ENSSSCG00000019783,1.77091247579817,0.747783555075329
ENSSSCG00000058827,0.772761807621021,6.16921432937146
ENSSSCG00000037202,3.57402336024722,1.57034546565819
ENSSSCG00000051900,0.386380903810511,0.411280955291431
ENSSSCG00000017140,23.2150526372815,45.3904617930724
ENSSSCG00000017139,87.418679487128,102.969795533873
ENSSSCG00000017144,0.515174538414014,5.5709874853112
ENSSSCG00000060610,1.28793634603504,0.859951088336628
ENSSSCG00000030277,34.1947099872302,24.4151330732095
ENSSSCG00000055162,172.551271960044,229.831275652402
ENSSSCG00000017146,12.8149666430486,20.2275451647876
ENSSSCG00000021040,39.0244712848616,78.0686031498643
ENSSSCG00000017152,36.7383842706494,55.1490371868055
ENSSSCG00000017155,92.4416312366646,91.3043720746976
ENSSSCG00000017156,168.526470878684,144.73350708483
ENSSSCG00000017158,73.9597446710619,26.2845919608978
ENSSSCG00000017159,19.8986165462413,33.2015898453446
ENSSSCG00000017160,35.6758367851705,74.0305719524575
ENSSSCG00000034146,12.8471650516995,13.2731581025871
ENSSSCG00000024261,35.6436383765196,17.8346377885466
ENSSSCG00000034696,1.57772202389292,1.38339957688936
ENSSSCG00000017137,13.2657443641609,15.2547845235367
ENSSSCG00000027229,15.4874345610713,16.9372975224562
ENSSSCG00000017136,88.6422190158613,116.616845413997
ENSSSCG00000017131,6.89045945128744,24.975970739516
ENSSSCG00000017134,43.1458675921737,87.4906759438134
ENSSSCG00000053358,34.0659163526267,45.614796859595
ENSSSCG00000017133,80.2706327666336,101.249893357199
ENSSSCG00000017125,105.51418514892,113.438765304927
ENSSSCG00000017126,91.7332662463454,52.5317947440418
ENSSSCG00000017127,64.0426348065921,62.8138186263276
ENSSSCG00000017128,39.70063786653,20.7509936533404
ENSSSCG00000032116,39.0244712848616,45.3530726153187
ENSSSCG00000033221,1.9963013363543,7.47783555075329
ENSSSCG00000039807,2.83345996127708,7.17872212872315
ENSSSCG00000035852,146.985735491248,264.603210963405
ENSSSCG00000024018,8.08180057136985,3.70152859762288
ENSSSCG00000029343,47.8790336638524,77.2086520615277
ENSSSCG00000036592,62.4005159653975,44.6426782379971
ENSSSCG00000023139,22.7642749161692,14.0957200131699
ENSSSCG00000035923,19.190251555922,18.9563131211596
ENSSSCG00000037376,96.8206148131838,198.312198805977
ENSSSCG00000017172,5.3449358360454,21.9474473414609
ENSSSCG00000055449,2.18949178825956,1.45817793239689
ENSSSCG00000017177,147.178925943154,210.800184175735
ENSSSCG00000061815,6.24649127826992,4.11280955291431
ENSSSCG00000042682,27.9160203003094,8.37517581684368
ENSSSCG00000019228,0.450777721112262,0.261724244276365
ENSSSCG00000017181,12.6861730084451,10.2820238822858
ENSSSCG00000023362,36.062217688981,34.5849894222339
ENSSSCG00000017176,0.515174538414014,0.186945888768832
ENSSSCG00000029901,62.2395239221431,96.8005812045013
ENSSSCG00000017178,13.6843236766222,8.52473252785875
ENSSSCG00000017184,42.9526771402684,89.7340266090394
ENSSSCG00000021342,0.515174538414014,0.261724244276365
ENSSSCG00000023423,44.2084150776526,76.7973711062362
ENSSSCG00000017186,23.7302271756955,47.3346990362683
ENSSSCG00000017187,346.712464352631,151.314002369493
ENSSSCG00000017190,58.7620957878485,74.9279122185479
ENSSSCG00000017191,106.25474854789,154.978141789362
ENSSSCG00000017192,29.300551872297,64.6084991585084
ENSSSCG00000017193,2.96225359588058,2.72940997602495
ENSSSCG00000017194,4.37898357651912,6.58049528466289
ENSSSCG00000017198,141.54420442925,268.940355582842
ENSSSCG00000017197,63.2054761816693,52.9430756993333
ENSSSCG00000017196,39.3786537800212,58.0653930515993
ENSSSCG00000017195,10.3034907682803,12.1514827699741
ENSSSCG00000017199,20.8645688057676,32.5285846457768
ENSSSCG00000021672,94.180345303812,206.276093667529
ENSSSCG00000017200,41.1495662558194,33.4259249118672
ENSSSCG00000017201,53.449358360454,60.9443597386393
ENSSSCG00000017202,422.217732638935,654.011497268882
ENSSSCG00000017203,21.5729337960868,24.8264140285009
ENSSSCG00000017204,166.433574316377,663.844851018123
ENSSSCG00000017205,47.6214463946454,94.5198413615215
ENSSSCG00000023978,31.4900436605566,44.8670133045197
ENSSSCG00000051419,8.17839579732247,27.5184348267721
ENSSSCG00000038844,10.2068955423277,6.50571692915536
ENSSSCG00000036248,1.57772202389292,1.45817793239689
ENSSSCG00000033518,131.788086608035,279.409325353897
ENSSSCG00000036852,35.5148447419161,40.6046470405903
ENSSSCG00000040578,59.8568416819783,129.590890094554
ENSSSCG00000034608,110.086359177345,125.739804785916
ENSSSCG00000017522,1.70651565849642,1.12167533261299
ENSSSCG00000032782,31.2968532086514,67.6370225565635
ENSSSCG00000054179,16.7109740898046,33.3511465563597
ENSSSCG00000017524,42.7272882797123,90.4818101641147
ENSSSCG00000017526,45.9471291447999,38.8099665084096
ENSSSCG00000017525,530.919560244292,804.390770194531
ENSSSCG00000017529,82.9431006846563,56.4950475859411
ENSSSCG00000017528,16.0026090994853,23.8916845846567
ENSSSCG00000017516,32.8745752325443,44.7548457712584
ENSSSCG00000058498,2.57587269207007,0.859951088336628
ENSSSCG00000020309,0.901555442224525,0.186945888768832
ENSSSCG00000017226,11.1406493932031,11.5532559259138
ENSSSCG00000017227,16.871966133059,12.7497096140344
ENSSSCG00000017230,17.2905454455203,34.6223785999877
ENSSSCG00000017231,32.7135831892899,21.6857230971845
ENSSSCG00000017232,151.429115885069,346.111618466616
ENSSSCG00000017233,6.50407854747693,4.63625804146704
ENSSSCG00000037541,3.79941222080335,0.448670133045197
ENSSSCG00000035960,4.57217402842437,3.32763682008521
ENSSSCG00000017235,0.418579312461386,0.261724244276365
ENSSSCG00000020967,2.28608701421219,0.972118621597927
ENSSSCG00000017236,1.35233316333679,0.747783555075329
ENSSSCG00000017237,0.386380903810511,0.560837666306496
ENSSSCG00000033918,3.15544404778584,2.95374504254755
ENSSSCG00000040989,122.901325820393,694.69092266498
ENSSSCG00000021724,25.5333380601446,18.5076429881144
ENSSSCG00000024357,78.6607123340898,21.7605014526921
ENSSSCG00000017238,37.8009317561283,36.6413941986911
ENSSSCG00000017239,287.209805165813,211.921859508348
ENSSSCG00000046071,19.9308149548922,7.14133295096939
ENSSSCG00000017245,120.422048354276,215.623388105971
ENSSSCG00000032411,14.8756647967047,15.5165087678131
ENSSSCG00000035511,74.3461255748724,114.111770504495
ENSSSCG00000038130,59.6314528214221,118.598471834947
ENSSSCG00000036383,136.489054271063,242.842709510713
ENSSSCG00000052614,0.450777721112262,0.486059310798964
ENSSSCG00000017164,398.519703871891,2888.53831654498
ENSSSCG00000017165,41.4393519336773,39.7073067745
ENSSSCG00000017154,9.91710986446977,4.71103639697457
ENSSSCG00000053183,0.676166581668393,0.785172732829095
ENSSSCG00000060519,0.772761807621021,0.373891777537664
ENSSSCG00000017475,88.8032110591157,54.3264752762226
ENSSSCG00000017471,4.57217402842437,5.49620912980367
ENSSSCG00000017479,51.0022793029874,104.016692510978
ENSSSCG00000017478,21.3797433441816,3.73891777537664
ENSSSCG00000017477,168.075693157572,152.734791124136
ENSSSCG00000017476,111.696279609888,110.111128484842
ENSSSCG00000036933,13.2013475468591,9.72118621597927
ENSSSCG00000035969,134.428356117407,120.467930722635
ENSSSCG00000029102,114.980517292278,87.2663408772908
ENSSSCG00000017488,1.77091247579817,1.45817793239689
ENSSSCG00000017489,115.495691830692,147.238581994332
ENSSSCG00000017492,54.3187153940276,83.3404772131454
ENSSSCG00000051406,1.9963013363543,0.299113422030131
ENSSSCG00000051633,0.482976129763138,0.373891777537664
ENSSSCG00000017135,0.837158624922773,12.8618771472957
ENSSSCG00000017206,95.0819007460365,116.317731991967
ENSSSCG00000017208,7.56662603295583,6.95438706220056
ENSSSCG00000017209,50.841287259733,48.3068176578662
ENSSSCG00000035134,19.3190451905255,23.9664629401643
ENSSSCG00000017211,77.4693712140074,88.3506270321501
ENSSSCG00000017207,25.5977348774463,21.1996637863856
ENSSSCG00000055773,0.965952259526276,0.560837666306496
ENSSSCG00000017212,164.630463431928,134.301926491529
ENSSSCG00000017213,34.9996702035021,24.0412412956718
ENSSSCG00000028210,22.4744892383114,13.0488230360645
ENSSSCG00000017214,9.01555442224525,6.0196576183564
ENSSSCG00000017215,21.0899576663237,14.4322226129538
ENSSSCG00000031958,90.9283060300735,118.710639368208
ENSSSCG00000032166,71.4804672049444,102.222011978797
ENSSSCG00000034406,35.7080351938213,32.3790279347617
ENSSSCG00000017218,64.2036268498465,165.372333204909
ENSSSCG00000017219,266.731617263856,743.969858944444
ENSSSCG00000023151,1.25573793738416,0
ENSSSCG00000051219,0.482976129763138,0.747783555075329
ENSSSCG00000061997,5.66691992255415,7.51522472850705
ENSSSCG00000017990,14.263895032338,12.1140935922203
ENSSSCG00000017991,15.5196329697222,12.6375420807731
ENSSSCG00000043014,0.869357033573649,0.448670133045197
ENSSSCG00000061077,2.22169019691044,1.49556711015066
ENSSSCG00000017941,55.0914772016486,74.8157446852866
ENSSSCG00000020152,1.22353952873328,0.635616021814029
ENSSSCG00000051820,1.57772202389292,1.27123204362806
ENSSSCG00000042233,27.5296393964989,36.5292266654298
ENSSSCG00000017747,29.2683534636462,43.9696730384293
ENSSSCG00000017748,46.68769254377,59.3366250952273
ENSSSCG00000017749,1.67431724984555,0.747783555075329
ENSSSCG00000017750,6.69726899938218,2.72940997602495
ENSSSCG00000017752,254.721610837079,159.801345719598
ENSSSCG00000017753,68.6470072436674,38.8099665084096
ENSSSCG00000017754,124.092666940476,229.831275652402
ENSSSCG00000017755,7.24464194644707,7.06655459546185
ENSSSCG00000054714,4.37898357651912,1.27123204362806
ENSSSCG00000058976,0.837158624922773,1.15906451036676
ENSSSCG00000037364,0.740563398970145,1.23384286587429
ENSSSCG00000044226,103.646677447169,2.35551819848728
ENSSSCG00000017505,88.8998062850683,90.444420986361
ENSSSCG00000017506,46.8164861783735,33.612870800636
ENSSSCG00000017507,3.21984086508759,1.19645368812053
ENSSSCG00000017508,3.09104723048408,2.80418833153248
ENSSSCG00000017509,266.087649090838,226.316692943548
ENSSSCG00000041052,0.321984086508759,0.261724244276365
ENSSSCG00000017510,12.1709984700311,8.89862430539641
ENSSSCG00000017511,19.9308149548922,29.9861205585207
ENSSSCG00000040642,202.849974500518,301.543718584126
ENSSSCG00000038880,683.926398153254,407.429869982793
ENSSSCG00000037753,1.25573793738416,0.673005199567796
ENSSSCG00000021478,26.6602823629252,23.5925711626266
ENSSSCG00000033291,61.5633573404747,101.623785134737
ENSSSCG00000037606,36.577392227395,40.9411496403742
ENSSSCG00000039198,77.050791901546,81.9196884585022
ENSSSCG00000022187,18.9970611040168,24.9011923840084
ENSSSCG00000032478,334.960045195062,163.502874317221
ENSSSCG00000035677,0.772761807621021,0
ENSSSCG00000018056,9.72391941256451,1.38339957688936
ENSSSCG00000046446,2.31828542286306,0.336502599783898
ENSSSCG00000018057,28.2380043868181,32.5285846457768
ENSSSCG00000020884,0.321984086508759,0.373891777537664
ENSSSCG00000023263,29.9767184539654,33.6876491561436
ENSSSCG00000017513,96.8850116304855,242.880098688467
ENSSSCG00000017514,195.347745284864,191.507368454792
ENSSSCG00000057498,1.7387140671473,2.20596148747222
ENSSSCG00000017517,1.28793634603504,2.20596148747222
ENSSSCG00000017518,38.9278760589089,30.1730664472895
ENSSSCG00000017519,32.8101784152425,46.9981964364844
ENSSSCG00000017520,58.4723101099906,45.2035159043036
ENSSSCG00000017521,38.122915842637,33.8745950449124
ENSSSCG00000056800,1.22353952873328,0.486059310798964
ENSSSCG00000018058,9.17654646549962,22.8821767853051
ENSSSCG00000050904,1.44892838928941,0.635616021814029
ENSSSCG00000017515,7.2124435377962,6.73005199567796
ENSSSCG00000040509,8.1461973886716,7.06655459546185
ENSSSCG00000036944,11.7202207489188,18.3206970993455
ENSSSCG00000017294,153.779599716583,205.303975045931
ENSSSCG00000023612,0.128793634603504,0.934729443844161
ENSSSCG00000017296,127.119317353658,208.07077419971
ENSSSCG00000017297,197.505038664473,520.008684199383
ENSSSCG00000035742,18.9648626953659,8.67428923887381
ENSSSCG00000028698,63.5918570854799,67.8613576230861
ENSSSCG00000043202,1.96410292770343,0.635616021814029
ENSSSCG00000058216,50.7124936251295,39.3334149969623
ENSSSCG00000031144,8.56477670113298,8.71167841662758
ENSSSCG00000016732,41.3427567077246,55.3733722533281
ENSSSCG00000033190,335.99039427189,165.895781693462
ENSSSCG00000016674,27.9160203003094,31.5190768464251
ENSSSCG00000016676,1.19134112008241,1.08428615485923
ENSSSCG00000033514,0.0643968173017518,6.73005199567796
ENSSSCG00000016677,76.8897998582916,123.122562343153
ENSSSCG00000016679,18.417489748301,11.0298074373611
ENSSSCG00000016678,56.7013976341924,30.2852339805508
ENSSSCG00000016733,0.676166581668393,1.27123204362806
ENSSSCG00000016734,41.9867248807421,48.2694284801125
ENSSSCG00000016691,97.78656707271,403.317060429878
ENSSSCG00000016692,190.550182395883,113.700489549204
ENSSSCG00000016695,38.7024871983528,36.2301132433997
ENSSSCG00000037116,30.9426707134917,41.8758790842184
ENSSSCG00000016686,28.7209805165813,52.2700704997655
ENSSSCG00000016687,8.59697510978386,1.94423724319585
ENSSSCG00000016688,1.51332520659117,3.73891777537664
ENSSSCG00000016690,4.21799153326474,5.5709874853112
ENSSSCG00000033266,9.24094328280138,4.29975544168314
ENSSSCG00000022557,0.804960216271897,0.224335066522599
ENSSSCG00000028523,25.0181635217306,25.4246408725612
ENSSSCG00000023801,55.1880724276013,68.7960870669302
ENSSSCG00000032734,21.7661242479921,19.7788750317424
ENSSSCG00000016720,0.9337538508754,0.112167533261299
ENSSSCG00000016721,106.512335817097,142.340599708589
ENSSSCG00000016722,15.4874345610713,20.975328719863
ENSSSCG00000040519,29.0751630117409,32.2294712237467
ENSSSCG00000016724,24.374195348713,26.4715378496666
ENSSSCG00000016725,105.86836764408,119.645368812053
ENSSSCG00000054171,1.25573793738416,1.12167533261299
ENSSSCG00000022912,11.945609609475,8.15084075032108
ENSSSCG00000021250,256.428126495575,223.699450500785
ENSSSCG00000038919,8.66137192708561,6.16921432937146
ENSSSCG00000022464,55.2202708362521,59.8974627615338
ENSSSCG00000023445,72.0600385606602,91.8278205632503
ENSSSCG00000026064,18.2564977050466,6.91699788444679
ENSSSCG00000016668,0.772761807621021,0.598226844060263
ENSSSCG00000016672,1.32013475468591,24.8638032062547
ENSSSCG00000016698,41.9867248807421,41.0533171736355
ENSSSCG00000021204,92.7958137318243,29.7243963142443
ENSSSCG00000028997,18.7072754261589,5.4588199520499
ENSSSCG00000016701,0.386380903810511,0.710394377321562
ENSSSCG00000016703,48.9093827406805,49.8397739457706
ENSSSCG00000016704,13.7165220852731,16.97468670021
ENSSSCG00000016705,43.8220341738421,37.613512820289
ENSSSCG00000016706,33.2609561363548,20.6388261200791
ENSSSCG00000016707,2.25388860556131,3.32763682008521
ENSSSCG00000016708,112.018263696397,143.387496685694
ENSSSCG00000037598,10.6898716720908,6.43093857364783
ENSSSCG00000016711,50.7446920337804,19.1806481876822
ENSSSCG00000036350,1028.54596594358,600.507583903243
ENSSSCG00000026894,14.263895032338,1.42078875464312
ENSSSCG00000034622,0.225388860556131,0.448670133045197
ENSSSCG00000016714,38.7024871983528,55.5603181420969
ENSSSCG00000016715,92.4094328280138,69.8055948662819
ENSSSCG00000016716,6.95485626858919,2.69202079827118
ENSSSCG00000016717,1.7387140671473,1.45817793239689
ENSSSCG00000016719,2.25388860556131,1.75729135442702
ENSSSCG00000038792,12.2997921046346,7.85172732829095
ENSSSCG00000030388,6.5362769561278,152.211342635583
ENSSSCG00000062187,2.83345996127708,3.36502599783898
ENSSSCG00000059586,0.0321984086508759,0.747783555075329
ENSSSCG00000060491,0.579571355715766,0.224335066522599
ENSSSCG00000058908,4.57217402842437,6.50571692915536
ENSSSCG00000057040,9.36973691740488,17.8346377885466
ENSSSCG00000054654,0.128793634603504,0.52344848855273
ENSSSCG00000062314,1.15914271143153,1.71990217667326
ENSSSCG00000062135,0.676166581668393,0.52344848855273
ENSSSCG00000059937,4.57217402842437,5.38404159654237
ENSSSCG00000052662,1.38453157198766,2.16857230971845
ENSSSCG00000058238,1.09474589412978,0.747783555075329
ENSSSCG00000052052,1.48112679794029,1.42078875464312
ENSSSCG00000055692,8.53257829248211,5.15970653001977
ENSSSCG00000058539,0.772761807621021,0.299113422030131
ENSSSCG00000061302,1.60992043254379,1.68251299891949
ENSSSCG00000021904,0.321984086508759,0.224335066522599
ENSSSCG00000060851,0.611769764366642,0.411280955291431
ENSSSCG00000035077,1.19134112008241,0.747783555075329
ENSSSCG00000016750,121.388000613802,119.383644567776
ENSSSCG00000016751,10.7864668980434,5.30926324103483
ENSSSCG00000016747,154.938742428015,190.909141610731
ENSSSCG00000025060,25.7265285120498,18.2833079215918
ENSSSCG00000039582,100.748820668591,70.8898810211412
ENSSSCG00000016760,23.7624255843464,21.0874962531243
ENSSSCG00000016753,22.828671733471,16.8625191669487
ENSSSCG00000016754,337.632513113084,252.227393126908
ENSSSCG00000023820,147.339917986408,160.698685985688
ENSSSCG00000016743,444.273642564785,4421.08332349411
ENSSSCG00000055501,3.70281699485073,21.4239988529082
ENSSSCG00000016744,87.8050603909385,138.489514399951
ENSSSCG00000016745,31.9730197903197,36.0431673546308
ENSSSCG00000016509,133.494602266531,110.896301217671
ENSSSCG00000038700,10.6576732634399,14.3948334352001
ENSSSCG00000031847,26.0807110072095,29.3131153589529
ENSSSCG00000037087,0.837158624922773,1.49556711015066
ENSSSCG00000016585,24.3419969400622,28.5279426261238
ENSSSCG00000016532,17.2261486282186,17.610302722024
ENSSSCG00000048509,1.89970611040168,2.13118313196469
ENSSSCG00000040673,19.9308149548922,18.5450321658681
ENSSSCG00000053763,12.5573793738416,7.73955979502965
ENSSSCG00000056043,1.54552361524204,0.52344848855273
ENSSSCG00000016535,212.445100278479,448.632743867443
ENSSSCG00000016756,19.1258547386203,41.1280955291431
ENSSSCG00000027491,31.8120277470654,34.8841028442641
ENSSSCG00000016758,24.4707905746657,19.8162642094962
ENSSSCG00000039425,9.78831622986627,22.0222256969684
ENSSSCG00000016742,8.56477670113298,5.27187406328107
ENSSSCG00000040608,73.7343558105058,292.009478256916
ENSSSCG00000016510,10.4000859942329,13.609660702371
ENSSSCG00000016511,39.7328362751808,23.6673495181341
ENSSSCG00000016512,73.412371723997,135.722715246172
ENSSSCG00000032786,0.386380903810511,1.68251299891949
ENSSSCG00000016513,30.3952977664268,41.0907063513893
ENSSSCG00000016516,1.15914271143153,0.448670133045197
ENSSSCG00000016738,153.811798125234,111.6814739505
ENSSSCG00000016518,45.7539386928946,55.1116480090517
ENSSSCG00000016737,423.988645114734,547.265394781879
ENSSSCG00000016763,22.9252669594236,37.8004587090579
ENSSSCG00000016755,25.3723460168902,18.1337512105767
ENSSSCG00000016519,3.89600744675598,0.673005199567796
ENSSSCG00000035581,9.337538508754,11.1793641483762
ENSSSCG00000016520,162.151185965811,146.079517483965
ENSSSCG00000016521,1.32013475468591,20.7509936533404
ENSSSCG00000048439,24.5029889833165,45.0539591932885
ENSSSCG00000016522,33.0999640931004,225.157628433181
ENSSSCG00000032532,4.15359471596299,3.77630695313041
ENSSSCG00000030497,19.9308149548922,13.9835524799086
ENSSSCG00000016572,75.9882444160671,69.2447571999754
ENSSSCG00000016772,106.093756504636,143.723999285478
ENSSSCG00000016571,0.901555442224525,2.09379395421092
ENSSSCG00000016573,15.4552361524204,8.03867321705978
ENSSSCG00000016574,6.95485626858919,15.7034546565819
ENSSSCG00000023540,1.03034907682803,1.34601039913559
ENSSSCG00000016577,26.6924807715761,49.5032713459867
ENSSSCG00000016578,24.5351873919674,56.2707125194185
ENSSSCG00000055672,40.3124076308966,53.2047999436096
ENSSSCG00000016773,23.7946239929973,26.9949863382194
ENSSSCG00000031870,5.3449358360454,5.83271172958756
ENSSSCG00000016775,29.0751630117409,44.8670133045197
ENSSSCG00000056306,4.08919789866124,5.9074900850951
ENSSSCG00000034873,15.2298472918643,15.1800061680292
ENSSSCG00000016579,2.60807110072095,1.94423724319585
ENSSSCG00000039041,11.7524191575697,25.9480893611139
ENSSSCG00000039661,5.11954697548926,4.4493121526982
ENSSSCG00000016581,203.526141082186,210.015011442906
ENSSSCG00000040257,30.4918929923795,26.7706512716968
ENSSSCG00000055239,55.6388501487135,151.68789414703
ENSSSCG00000061542,12.4285857392381,22.4335066522599
ENSSSCG00000040690,39.1532649194651,54.4012536317301
ENSSSCG00000033708,100.491233399384,102.334179512059
ENSSSCG00000035419,54.7050962978381,62.9633753373427
ENSSSCG00000037391,9.69172100391364,22.6578417187825
ENSSSCG00000055529,2.64026950937182,3.36502599783898
ENSSSCG00000032464,4.92635652358401,11.6280342814214
ENSSSCG00000054843,0.643968173017518,1.49556711015066
ENSSSCG00000016583,0.450777721112262,0.336502599783898
ENSSSCG00000059070,0.676166581668393,1.53295628790442
ENSSSCG00000045735,33.6151386315144,19.2554265431897
ENSSSCG00000053852,62.1107302875396,87.6776218325823
ENSSSCG00000044483,3.12324563913496,2.61724244276365
ENSSSCG00000055825,1.41672998063854,1.53295628790442
ENSSSCG00000060436,0.225388860556131,2.72940997602495
ENSSSCG00000031109,9.59512577796101,10.0202996380094
ENSSSCG00000059260,0.643968173017518,0.186945888768832
ENSSSCG00000062093,1.67431724984555,0.448670133045197
ENSSSCG00000054993,1.7387140671473,1.49556711015066
ENSSSCG00000051549,0.418579312461386,0.598226844060263
ENSSSCG00000039290,219.689742224926,346.859402021691
ENSSSCG00000019018,1.09474589412978,0.149556711015066
ENSSSCG00000036403,3.92820585540686,1.94423724319585
ENSSSCG00000016527,5.79571355715766,5.122317352266
ENSSSCG00000056374,20.3815926760044,29.8365638475056
ENSSSCG00000030386,54.9626835670451,48.1198717690974
ENSSSCG00000016617,0.321984086508759,0.299113422030131
ENSSSCG00000016618,33.9693211266741,26.733262093943
ENSSSCG00000016626,52.9663822306908,35.8936106436158
ENSSSCG00000016619,10.7220700807417,5.64576584081873
ENSSSCG00000016620,40.9563758039141,18.3206970993455
ENSSSCG00000024351,54.5441042545837,97.5857539373304
ENSSSCG00000016634,31.2646548000005,50.9240601006299
ENSSSCG00000016635,61.1447780280133,67.4500766677946
ENSSSCG00000040344,71.0296894838322,34.4354327112189
ENSSSCG00000038138,2.47927746611744,0.224335066522599
ENSSSCG00000016621,0.611769764366642,0.149556711015066
ENSSSCG00000016625,41.8579312461386,32.4538062902693
ENSSSCG00000016628,132.464253189703,70.8898810211412
ENSSSCG00000016629,21.3797433441816,26.8454296272043
ENSSSCG00000028113,93.2787898615874,68.9830329556991
ENSSSCG00000016613,5.86011037445941,7.25350048423069
ENSSSCG00000016614,0.354182495159635,3.55197188660781
ENSSSCG00000016616,215.536147508963,226.989698143116
ENSSSCG00000016590,198.50318933265,280.755335753032
ENSSSCG00000016589,0.450777721112262,0.261724244276365
ENSSSCG00000016593,37.607741304223,67.8239684453323
ENSSSCG00000035211,20.9289656230693,44.0070622161831
ENSSSCG00000024157,11.5270302970136,10.9924182596073
ENSSSCG00000016597,19.6088308683834,14.7687252127377
ENSSSCG00000021354,35.6758367851705,34.5476002444802
ENSSSCG00000016599,2.54367428341919,2.80418833153248
ENSSSCG00000027118,12.6861730084451,0.785172732829095
ENSSSCG00000016603,0.579571355715766,0.149556711015066
ENSSSCG00000016604,64.590007753657,61.5799757604533
ENSSSCG00000016533,2.06069815365606,0.112167533261299
ENSSSCG00000016541,4.02480108135948,4.59886886371327
ENSSSCG00000016605,0.837158624922773,0.411280955291431
ENSSSCG00000016606,11.0118557585996,7.10394377321562
ENSSSCG00000016542,1.83530929309993,1.38339957688936
ENSSSCG00000037869,41.9867248807421,31.855579446209
ENSSSCG00000016543,15.7772202389292,30.6591257580885
ENSSSCG00000016545,35.2250590640582,39.856863485515
ENSSSCG00000016608,5.53812628795065,2.84157750928625
ENSSSCG00000016609,13.491133224717,1.19645368812053
ENSSSCG00000021562,4.82976129763138,2.76679915377872
ENSSSCG00000016548,114.722930023071,163.540263494974
ENSSSCG00000016549,33.0033688671478,35.1458270885404
ENSSSCG00000016611,195.18675324161,321.808652926668
ENSSSCG00000016553,85.4545765594246,78.6294408161708
ENSSSCG00000021466,19.3834420078273,18.881534765652
ENSSSCG00000016643,20.3493942673536,15.9277897231045
ENSSSCG00000016639,3.4774281342946,0.822561910582861
ENSSSCG00000016554,11.8168159748714,4.4493121526982
ENSSSCG00000016556,33.6151386315144,24.8264140285009
ENSSSCG00000057639,22.7642749161692,29.0513911146765
ENSSSCG00000062848,1.09474589412978,0.224335066522599
ENSSSCG00000055335,11.5914271143153,12.1140935922203
ENSSSCG00000016642,2.86565836992795,0.373891777537664
ENSSSCG00000058780,2.02849974500518,0.411280955291431
ENSSSCG00000021885,4.668769254377,2.43029655399482
ENSSSCG00000059863,1.60992043254379,0.224335066522599
ENSSSCG00000061899,6.95485626858919,6.35616021814029
ENSSSCG00000016652,1.93190451905255,0.598226844060263
ENSSSCG00000063241,1.54552361524204,1.08428615485923
ENSSSCG00000016557,0.676166581668393,0.822561910582861
ENSSSCG00000016653,46.0759227794034,41.2402630624044
ENSSSCG00000038158,20.6391799452114,6.46832775140159
ENSSSCG00000058042,76.4390221371793,116.878569658274
ENSSSCG00000016562,0.482976129763138,0
ENSSSCG00000016563,24.2132033054587,21.7231122749383
ENSSSCG00000016657,0.998150668177152,9.7959645714868
ENSSSCG00000027131,115.592287056644,97.2866405153002
ENSSSCG00000016565,29.9123216366637,25.5368084058225
ENSSSCG00000016658,12.8793634603504,6.1318251516177
ENSSSCG00000016564,175.996501685688,189.189239434058
ENSSSCG00000016566,28.7209805165813,27.1819322269882
ENSSSCG00000062966,4.79756288898051,2.99113422030131
ENSSSCG00000016567,2.83345996127708,7.21611130647692
ENSSSCG00000016568,19.8342197289395,54.0647510319463
ENSSSCG00000016569,67.0048884024727,49.2789362794641
ENSSSCG00000016570,31.8120277470654,17.5729135442702
ENSSSCG00000048237,7.08364990319269,1.42078875464312
ENSSSCG00000056501,0.772761807621021,0.0747783555075329
ENSSSCG00000059801,0.0965952259526276,0.448670133045197
ENSSSCG00000055563,25.5977348774463,75.4513607071006
ENSSSCG00000057454,47.5892479859945,28.8270560481539
ENSSSCG00000043139,0,0.859951088336628
ENSSSCG00000052265,6.18209446096817,3.10330175356261
ENSSSCG00000016659,6.34308650422255,4.26236626392937
ENSSSCG00000062788,29.8801232280128,16.2269031451346
ENSSSCG00000050311,1.03034907682803,0.411280955291431
ENSSSCG00000042281,0.450777721112262,0.373891777537664
ENSSSCG00000039703,12.6861730084451,11.3289208593912
ENSSSCG00000049100,3.28423768238934,2.39290737624105
ENSSSCG00000052099,0.740563398970145,0.299113422030131
ENSSSCG00000016661,119.134112008241,75.2644148183318
ENSSSCG00000047982,0.321984086508759,0.373891777537664
ENSSSCG00000054055,0.321984086508759,0.411280955291431
ENSSSCG00000016555,0.128793634603504,0.486059310798964
ENSSSCG00000027389,33.9049243093723,37.9126262423192
ENSSSCG00000016663,1.9963013363543,3.32763682008521
ENSSSCG00000027063,96.2732418661189,89.808804964547
ENSSSCG00000016664,1.54552361524204,1.68251299891949
ENSSSCG00000016646,33.4219481796092,26.097646072129
ENSSSCG00000025910,64.7509997969114,34.734546133249
ENSSSCG00000025602,15.5840297870239,9.6837970382255
ENSSSCG00000016665,26.9178696321322,20.8631611866017
ENSSSCG00000024754,14.1994982150363,11.6280342814214
ENSSSCG00000057236,13.1691491382082,6.87960870669302
ENSSSCG00000052558,4.82976129763138,1.79468053218079
ENSSSCG00000059039,0.998150668177152,0.224335066522599
ENSSSCG00000051034,1.38453157198766,2.09379395421092
ENSSSCG00000057438,1.9963013363543,0.560837666306496
ENSSSCG00000052053,0.965952259526276,0.224335066522599
ENSSSCG00000016443,16.614378863852,19.367594076451
ENSSSCG00000016444,44.5947959814631,31.4069093131638
ENSSSCG00000024431,1.25573793738416,0.299113422030131
ENSSSCG00000016450,26.1451078245112,21.7978906304458
ENSSSCG00000016448,1.19134112008241,4.11280955291431
ENSSSCG00000028169,19.2868467818747,14.5070009684614
ENSSSCG00000033272,86.645917679507,110.48502026238
ENSSSCG00000027024,5.50592787929978,0.785172732829095
ENSSSCG00000027986,43.6932405392386,42.1749925062485
ENSSSCG00000016437,4.21799153326474,25.8359218278526
ENSSSCG00000016438,79.9164502714739,96.3893002492099
ENSSSCG00000016435,11.7524191575697,17.8720269663004
ENSSSCG00000016436,44.884581659321,52.4196272107805
ENSSSCG00000016441,36.9637731312055,50.1388873678008
ENSSSCG00000016409,94.3091389384154,117.102904724796
ENSSSCG00000044842,0.515174538414014,0.299113422030131
ENSSSCG00000016411,51.7106442933067,46.2504128814091
ENSSSCG00000016412,32.1340118335741,35.1084379107867
ENSSSCG00000016414,3.15544404778584,2.69202079827118
ENSSSCG00000057427,43.7576373565403,39.221247463701
ENSSSCG00000061194,12.1066016527293,9.60901868271797
ENSSSCG00000016403,5.50592787929978,2.99113422030131
ENSSSCG00000038486,51.9682315625137,28.7148885148926
ENSSSCG00000016406,141.061228299487,178.421156240973
ENSSSCG00000039407,6.98705467724007,1.79468053218079
ENSSSCG00000033909,35.7724320111231,8.26300828358238
ENSSSCG00000027196,6.02110241771379,1.90684806544209
ENSSSCG00000027826,56.9911833120503,20.6388261200791
ENSSSCG00000031897,4.99075334088576,3.92586366414547
ENSSSCG00000016451,4.95855493223489,3.36502599783898
ENSSSCG00000016452,5.44153106199802,2.09379395421092
ENSSSCG00000016453,82.1381404683844,128.244879695419
ENSSSCG00000032422,4.57217402842437,15.6660654788281
ENSSSCG00000016420,33.6473370401653,116.392510347475
ENSSSCG00000025221,28.8497741511848,21.9100581637071
ENSSSCG00000016423,1.28793634603504,2.01901559870339
ENSSSCG00000016426,47.5248511686928,51.3727302336751
ENSSSCG00000032315,3.34863449969109,1.12167533261299
ENSSSCG00000020663,104.322844028838,129.553500916801
ENSSSCG00000016430,142.864339183936,159.502232297568
ENSSSCG00000016431,10.6576732634399,23.4804036293653
ENSSSCG00000016432,101.006407937798,98.0344240703756
ENSSSCG00000016434,66.5863090900113,77.4329871280503
ENSSSCG00000016487,1.0625474854789,2.13118313196469
ENSSSCG00000034639,3.86380903810511,0.822561910582861
ENSSSCG00000021933,0.611769764366642,0.0747783555075329
ENSSSCG00000016488,21.1865528922763,25.9854785388677
ENSSSCG00000016489,0.450777721112262,1.90684806544209
ENSSSCG00000016491,100.36243976478,107.456496864325
ENSSSCG00000016492,22.2491003777552,25.2003058060386
ENSSSCG00000016493,0.128793634603504,0.52344848855273
ENSSSCG00000016498,85.4545765594246,129.478722561293
ENSSSCG00000038693,10.625474854789,25.4994192280687
ENSSSCG00000032266,50.4549063559225,61.2434731606694
ENSSSCG00000016501,35.5792415592178,35.1832162662942
ENSSSCG00000016502,51.3886602067979,59.3740142729811
ENSSSCG00000016504,10.4644828115347,5.4588199520499
ENSSSCG00000026733,22.5066876469622,57.7662796295691
ENSSSCG00000016459,40.1192171789913,61.1686948051619
ENSSSCG00000016461,143.830291443463,252.414339015677
ENSSSCG00000028274,0.386380903810511,0.52344848855273
ENSSSCG00000056050,0.515174538414014,0.373891777537664
ENSSSCG00000016464,59.0196830570555,84.5743200790197
ENSSSCG00000031799,10.625474854789,19.5545399652198
ENSSSCG00000035615,29.8157264107111,51.7466220112127
ENSSSCG00000016472,2.9300551872297,1.04689697710546
ENSSSCG00000062134,0.965952259526276,5.75793337408003
ENSSSCG00000016469,22.8930685507727,53.7282484321624
ENSSSCG00000016473,17.1939502195677,49.5406605237405
ENSSSCG00000034219,0.128793634603504,0.673005199567796
ENSSSCG00000052350,1.12694430278066,1.23384286587429
ENSSSCG00000044150,0.321984086508759,0.598226844060263
ENSSSCG00000016475,1.57772202389292,1.42078875464312
ENSSSCG00000032495,0.54737294706489,0
ENSSSCG00000036013,1.35233316333679,0.0373891777537664
ENSSSCG00000032249,1.03034907682803,0.0747783555075329
ENSSSCG00000025610,53.964532898868,67.1509632457645
ENSSSCG00000028266,38.3483047031932,65.9171203798902
ENSSSCG00000024184,50.1329222694137,60.4956896055941
ENSSSCG00000021475,162.47317005232,222.615164345925
ENSSSCG00000024070,14.3604902582906,22.3213391189986
ENSSSCG00000016457,1.7387140671473,0.0747783555075329
ENSSSCG00000052416,0.482976129763138,0
ENSSSCG00000054207,6.37528491287342,5.60837666306496
ENSSSCG00000053771,3.05884882183321,2.61724244276365
ENSSSCG00000049721,0.515174538414014,0
ENSSSCG00000044134,2.02849974500518,0.411280955291431
ENSSSCG00000046607,25.6621316947481,73.95579359695
ENSSSCG00000057480,0.804960216271897,3.02852339805508
ENSSSCG00000055319,0.128793634603504,0.448670133045197
ENSSSCG00000050648,0.482976129763138,0.186945888768832
ENSSSCG00000058774,0.740563398970145,0.261724244276365
ENSSSCG00000013470,23.6336319497429,25.2750841615461
ENSSSCG00000016494,54.1577233507732,40.2307552630527
ENSSSCG00000032390,23.7624255843464,36.6413941986911
ENSSSCG00000016496,39.4108521886721,57.5045553852928
ENSSSCG00000053346,3.21984086508759,1.08428615485923
ENSSSCG00000016497,41.0529710298667,43.4462245498766
ENSSSCG00000061806,26.1773062331621,43.5957812608917
ENSSSCG00000037158,45.5607482409894,107.867777819616
ENSSSCG00000016682,40.8275821693106,38.6230206196407
ENSSSCG00000037575,24.3097985314113,26.1350352498827
ENSSSCG00000052320,0.321984086508759,0.224335066522599
ENSSSCG00000016684,1.09474589412978,16.2642923228884
ENSSSCG00000016685,9.079951239547,38.1743504865955
ENSSSCG00000016623,0.450777721112262,0.149556711015066
ENSSSCG00000021652,17.5803311233782,14.3200550796925
ENSSSCG00000050786,1.89970611040168,1.23384286587429
ENSSSCG00000016768,13.6199268593205,9.34729443844161
ENSSSCG00000053511,0.965952259526276,0.373891777537664
ENSSSCG00000062889,3.41303131699284,8.59951088336628
ENSSSCG00000016769,60.2432225857888,89.322745653748
ENSSSCG00000061204,1.51332520659117,0.52344848855273
ENSSSCG00000039365,3.02665041318233,3.73891777537664
ENSSSCG00000039144,5.86011037445941,9.27251608293407
ENSSSCG00000012833,1.7387140671473,0.0747783555075329
ENSSSCG00000038226,1.60992043254379,0.486059310798964
ENSSSCG00000031398,3.34863449969109,6.58049528466289
ENSSSCG00000033858,0.321984086508759,1.00950779935169
ENSSSCG00000055885,131.305110478272,106.858270020264
ENSSSCG00000036122,0.450777721112262,0.448670133045197
ENSSSCG00000038192,1.41672998063854,3.40241517559274
ENSSSCG00000057434,0.321984086508759,0.373891777537664
ENSSSCG00000051336,0.515174538414014,0.934729443844161
ENSSSCG00000018061,25.9841157812568,30.3226231583046
ENSSSCG00000018063,43.2424628181263,13.5722715246172
ENSSSCG00000018065,1462.90249864389,692.671907066277
ENSSSCG00000018069,1799.56905949745,532.459280391388
ENSSSCG00000018072,1.15914271143153,0
ENSSSCG00000018073,2.96225359588058,0
ENSSSCG00000018075,11155.6216532257,9264.25307465049
ENSSSCG00000018076,8.62917351843473,13.0862122138182
ENSSSCG00000018078,4794.85822265383,2533.827187195
ENSSSCG00000018080,288.658733555102,25.7611434723451
ENSSSCG00000018081,5611.40986604004,3301.72611990185
ENSSSCG00000018082,7054.22055768579,7978.813143476
ENSSSCG00000018084,619.948160163964,364.282758854946
ENSSSCG00000018086,206.810378764576,294.664109877433
ENSSSCG00000018087,2510.6387161434,3172.24739734056
ENSSSCG00000018091,2784.679372171,1645.31076705449
ENSSSCG00000018092,1284.29792585749,622.155917822673
ENSSSCG00000018093,0.482976129763138,0.261724244276365
ENSSSCG00000018094,3536.09363485649,2637.95604723924
ENSSSCG00000055777,14.3282918496398,27.6679915377872
ENSSSCG00000033720,63.044484138415,127.534485318097
ENSSSCG00000036444,1.0625474854789,0.598226844060263
ENSSSCG00000037334,39.8294315011335,40.9037604626205
ENSSSCG00000002554,19.5444340510817,6.20660350712523
ENSSSCG00000035669,11.0762525759013,35.3327729773093
ENSSSCG00000040365,10.4000859942329,9.49685114945667
ENSSSCG00000002559,24.2132033054587,15.6286763010744
ENSSSCG00000036892,2.18949178825956,0.598226844060263
ENSSSCG00000002558,119.520492912051,252.451728193431
ENSSSCG00000002555,61.0803812107115,41.9880466174797
ENSSSCG00000002557,47.3960575340893,49.2041579239566
ENSSSCG00000032544,122.160762421423,137.106114823061
ENSSSCG00000038713,162.279979600414,410.944452691647
ENSSSCG00000037142,124.25365898373,282.774351351736
ENSSSCG00000040089,18.5784817915554,19.367594076451
ENSSSCG00000039825,0,0.710394377321562
ENSSSCG00000031132,28.0770123435638,30.2852339805508
ENSSSCG00000039139,196.31369754439,251.591777105094
ENSSSCG00000060584,0.0643968173017518,13.3479364580946
ENSSSCG00000056525,0.965952259526276,70.6655459546186
ENSSSCG00000063511,3.31643609104022,105.250535376852
ENSSSCG00000058302,0.418579312461386,42.0628249729872
ENSSSCG00000053053,9.01555442224525,83.6022014574217
ENSSSCG00000036983,0.257587269207007,10.4689697710546
ENSSSCG00000040849,0.354182495159635,4.6736472192208
ENSSSCG00000031710,82.8143070500528,147.575084594116
ENSSSCG00000035555,58.0537307975292,144.696117907076
ENSSSCG00000037671,109.571184638931,182.646133327149
ENSSSCG00000036990,0.321984086508759,1.90684806544209
ENSSSCG00000002540,108.669629196706,117.850688279872
ENSSSCG00000040738,530.629774566434,757.243017047031
ENSSSCG00000002535,1661.66327524575,1773.81737099419
ENSSSCG00000002533,32.5525911460355,32.6033630012843
ENSSSCG00000002531,24.374195348713,14.2078875464312
ENSSSCG00000002532,17.4837358974256,29.2757261811991
ENSSSCG00000002530,31.8442261557162,24.8264140285009
ENSSSCG00000002528,46.8486845870244,68.8708654224378
ENSSSCG00000039713,4.92635652358401,16.1895139673809
ENSSSCG00000002526,67.198078854378,105.886151398667
ENSSSCG00000002525,63.044484138415,38.2865180198568
ENSSSCG00000002524,0.418579312461386,0.52344848855273
ENSSSCG00000002523,198.696379784555,213.305259085237
ENSSSCG00000036871,17.7735215752835,10.3568022377933
ENSSSCG00000036612,56.5082071822872,17.5729135442702
ENSSSCG00000036820,16.6787756811537,9.16034854967277
ENSSSCG00000045485,52.9019854133891,105.400092087868
ENSSSCG00000002552,1.93190451905255,1.34601039913559
ENSSSCG00000039553,66.8116979505674,113.850046260219
ENSSSCG00000035093,46.2691132313086,91.0052586526675
ENSSSCG00000058170,3.15544404778584,5.53359830755743
ENSSSCG00000052434,6.56847536477868,14.880892745999
ENSSSCG00000055564,5.57032469660153,15.8904005453507
ENSSSCG00000050849,0.0965952259526276,0.486059310798964
ENSSSCG00000056138,8.91895919629262,3.43980435334651
ENSSSCG00000055300,0.54737294706489,1.23384286587429
ENSSSCG00000042471,0.482976129763138,0.448670133045197
ENSSSCG00000034335,0.708364990319269,0.710394377321562
ENSSSCG00000037775,44.884581659321,331.380282431632
ENSSSCG00000034709,165.016844335739,151.388780725
ENSSSCG00000021669,75.1510857911443,93.1364417846322
ENSSSCG00000021220,58.2791196580853,109.026842329983
ENSSSCG00000034738,16.9041645417098,31.4816876686713
ENSSSCG00000054301,24.9537667044288,27.2567105824957
ENSSSCG00000002547,127.92427756993,112.242311616807
ENSSSCG00000002546,25.694330103399,27.6679915377872
ENSSSCG00000040945,70.6111101713708,69.6560381552669
ENSSSCG00000002544,82.492322963544,138.153011800167
ENSSSCG00000037197,72.6074115077251,95.566738338627
ENSSSCG00000010892,0.450777721112262,0.149556711015066
ENSSSCG00000010893,13.4589348160661,9.75857539373304
ENSSSCG00000000959,37.8331301647792,71.6002753984627
ENSSSCG00000025780,40.6021933087545,57.7288904518154
ENSSSCG00000038943,107.381692850671,272.155824869666
ENSSSCG00000039745,17.64472794068,33.6876491561436
ENSSSCG00000031155,11.6558239316171,101.137725823938
ENSSSCG00000062740,0.225388860556131,0.710394377321562
ENSSSCG00000022823,27.4330441705462,16.6381841004261
ENSSSCG00000005761,30.2021073145216,60.1591870058102
ENSSSCG00000033162,84.5852195258509,71.226383620925
ENSSSCG00000005753,111.631882792587,115.756894325661
ENSSSCG00000005759,32.8101784152425,48.2694284801125
ENSSSCG00000036914,34.0659163526267,20.4144910535565
ENSSSCG00000005762,2.15729337960868,1.34601039913559
ENSSSCG00000040967,9.49853055200838,15.2921737012905
ENSSSCG00000005756,385.092967464476,48.979822857434
ENSSSCG00000039855,3.89600744675598,0.149556711015066
ENSSSCG00000054117,4.76536448032963,0.373891777537664
ENSSSCG00000044239,19.5122356424308,0.486059310798964
ENSSSCG00000046512,10.4966812201855,7.73955979502965
ENSSSCG00000054801,14.1029029890836,17.610302722024
ENSSSCG00000031630,28.3024012041199,22.9569551408126
ENSSSCG00000052504,27.1110600840375,71.3011619764326
ENSSSCG00000034978,98.0763527505679,147.9115871939
ENSSSCG00000037880,145.665600736562,91.6782638522353
ENSSSCG00000005852,3.02665041318233,1.34601039913559
ENSSSCG00000033685,12.6539745997942,8.59951088336628
ENSSSCG00000005855,18.4496881569519,16.0773464341196
ENSSSCG00000005846,90.7029171695173,117.701131568857
ENSSSCG00000005844,0.998150668177152,1.71990217667326
ENSSSCG00000005845,6.21429286961904,8.86123512764264
ENSSSCG00000037046,77.5015696226582,152.734791124136
ENSSSCG00000040105,4.79756288898051,1.71990217667326
ENSSSCG00000005857,2.28608701421219,1.15906451036676
ENSSSCG00000005858,3.89600744675598,10.9550290818536
ENSSSCG00000044438,1.03034907682803,6.16921432937146
ENSSSCG00000005859,44.2084150776526,63.225099581619
ENSSSCG00000034562,34.5810908910407,62.8885969818351
ENSSSCG00000036027,10.0459034990733,40.9411496403742
ENSSSCG00000040396,24.5995842092692,29.3878937144604
ENSSSCG00000032828,60.0500321338835,63.6363805369105
ENSSSCG00000031168,1.0625474854789,1.57034546565819
ENSSSCG00000032509,0.708364990319269,23.6299603403804
ENSSSCG00000039834,0.193190451905255,1.49556711015066
ENSSSCG00000027526,2.15729337960868,7.21611130647692
ENSSSCG00000033991,144.603053251084,106.484378242727
ENSSSCG00000039830,13.3945379987644,20.4144910535565
ENSSSCG00000040003,42.2443121499492,29.4252828922142
ENSSSCG00000032279,5.57032469660153,1.94423724319585
ENSSSCG00000032303,1.09474589412978,0.486059310798964
ENSSSCG00000034566,52.5478029182294,128.805717361725
ENSSSCG00000037554,1.0625474854789,0.52344848855273
ENSSSCG00000039264,327.683204839964,407.654205049315
ENSSSCG00000037395,2.9300551872297,22.9569551408126
ENSSSCG00000053158,1.9963013363543,0.972118621597927
ENSSSCG00000040080,35.3538526986617,21.6483339194308
ENSSSCG00000040164,2.6724679180227,0.299113422030131
ENSSSCG00000005840,3.83161062945423,1.08428615485923
ENSSSCG00000005838,52.9341838220399,77.8816572610955
ENSSSCG00000038203,77.1151887188477,146.079517483965
ENSSSCG00000005832,242.582810775699,137.629563311614
ENSSSCG00000057521,0.321984086508759,0.373891777537664
ENSSSCG00000005841,82.6533150067984,105.32531373236
ENSSSCG00000005830,1.51332520659117,0.560837666306496
ENSSSCG00000005842,23.0218621853763,22.6578417187825
ENSSSCG00000038233,1.15914271143153,0.411280955291431
ENSSSCG00000021963,1.0625474854789,0.673005199567796
ENSSSCG00000005834,0.804960216271897,0.373891777537664
ENSSSCG00000005835,0.482976129763138,0.0747783555075329
ENSSSCG00000005837,41.6647407942334,64.1224398477094
ENSSSCG00000005828,69.9993404070042,62.4025376710362
ENSSSCG00000038509,99.7506700004135,112.616203394344
ENSSSCG00000034854,250.052841582702,321.1356477271
ENSSSCG00000040869,33.7439322661179,43.221889483354
ENSSSCG00000031413,82.1059420597335,101.997676912275
ENSSSCG00000035221,40.215812404944,33.2015898453446
ENSSSCG00000038262,56.1218262784767,46.9234180809769
ENSSSCG00000031715,11.3660382537592,4.8979822857434
ENSSSCG00000034732,9.94930827312065,12.001926058959
ENSSSCG00000039487,25.5011396514937,22.6952308965362
ENSSSCG00000034036,35.1284638381056,15.4043412345518
ENSSSCG00000040163,46.4945020918648,29.0513911146765
ENSSSCG00000054336,5.98890400906291,10.6185264820697
ENSSSCG00000038437,118.039366114111,127.609263673605
ENSSSCG00000039824,96.8850116304855,126.637145052007
ENSSSCG00000033493,6.82606263398569,24.2281871844406
ENSSSCG00000044568,1.51332520659117,1.23384286587429
ENSSSCG00000005839,45.8505339188472,73.7688477081812
ENSSSCG00000018620,0.998150668177152,0.673005199567796
ENSSSCG00000038609,0.676166581668393,0.52344848855273
ENSSSCG00000049640,2.12509497095781,4.33714461943691
ENSSSCG00000032029,21.7661242479921,15.5165087678131
ENSSSCG00000048959,3.31643609104022,0.0747783555075329
ENSSSCG00000030088,8.50037988383123,2.69202079827118
ENSSSCG00000036851,0,0.560837666306496
ENSSSCG00000037174,46.7198909524209,70.9646593766487
ENSSSCG00000035911,5.63472151390328,8.26300828358238
ENSSSCG00000032986,117.781778844904,104.614919355038
ENSSSCG00000055271,6.76166581668393,7.21611130647692
ENSSSCG00000033673,923.80454260228,1756.39401416093
ENSSSCG00000031488,78.4353234735336,116.280342814214
ENSSSCG00000038870,64.7509997969114,39.5951392412386
ENSSSCG00000007830,120.422048354276,68.3100277561313
ENSSSCG00000021418,95.4038848325452,99.7917154248026
ENSSSCG00000028022,319.343816999387,446.501560735479
ENSSSCG00000022575,56.9589849033994,47.1477531474995
ENSSSCG00000026140,41.8257328374878,52.6813514550569
ENSSSCG00000035657,102.262145875182,86.4811681444617
ENSSSCG00000040897,7.75981648486109,1.64512382116572
ENSSSCG00000033116,22.7320765075184,22.1343932302297
ENSSSCG00000026344,48.2332161590121,56.6819934747099
ENSSSCG00000055020,0.998150668177152,0.635616021814029
ENSSSCG00000042889,12.2997921046346,8.63690006112004
ENSSSCG00000051245,48.2010177503612,36.0805565323846
ENSSSCG00000050753,0.418579312461386,0.299113422030131
ENSSSCG00000039476,1.67431724984555,2.87896668704001
ENSSSCG00000031130,49.9719302261594,81.1719049034269
ENSSSCG00000053365,0.515174538414014,0.112167533261299
ENSSSCG00000038556,1.22353952873328,0.0747783555075329
ENSSSCG00000034039,67.0692852197745,93.323387673401
ENSSSCG00000035675,34.774281342946,45.2035159043036
ENSSSCG00000026890,73.2835780893935,43.2966678388615
ENSSSCG00000000223,16.0670059167871,5.49620912980367
ENSSSCG00000061033,15.8094186475801,56.0089882751421
ENSSSCG00000022674,0.418579312461386,0.710394377321562
ENSSSCG00000000220,28.1092107522146,23.1439010295814
ENSSSCG00000031206,66.940491585171,73.2080100418747
ENSSSCG00000037029,32.2950038768285,48.34420683562
ENSSSCG00000032096,56.9267864947486,55.5977073198507
ENSSSCG00000043595,1.96410292770343,10.5063589488084
ENSSSCG00000045442,0.128793634603504,0.448670133045197
ENSSSCG00000036726,1.48112679794029,2.31812902073352
ENSSSCG00000035428,3.89600744675598,5.0101498190047
ENSSSCG00000035307,0.643968173017518,1.75729135442702
ENSSSCG00000058484,2.73686473532445,0.0747783555075329
ENSSSCG00000028124,34.3557020304846,30.247844802797
ENSSSCG00000055473,7.75981648486109,9.9081321047481
ENSSSCG00000048420,9.65952259526276,4.82320393023587
ENSSSCG00000001219,62.786896869208,52.6439622773031
ENSSSCG00000039102,0.354182495159635,4.71103639697457
ENSSSCG00000053814,0.160992043254379,1.27123204362806
ENSSSCG00000060872,0.837158624922773,4.37453379719067
ENSSSCG00000062467,0.676166581668393,1.34601039913559
ENSSSCG00000060146,0.0643968173017518,0.635616021814029
ENSSSCG00000051841,0.579571355715766,5.49620912980367
ENSSSCG00000053566,0.0643968173017518,0.486059310798964
ENSSSCG00000028527,155.743702644287,201.639835626062
ENSSSCG00000038869,16.2923947773432,73.8810152414425
ENSSSCG00000032419,0.0643968173017518,1.75729135442702
ENSSSCG00000061568,3.83161062945423,13.0114338583107
ENSSSCG00000058407,0.193190451905255,0.972118621597927
ENSSSCG00000057861,0.160992043254379,1.23384286587429
ENSSSCG00000055724,0.289785677857883,1.71990217667326
ENSSSCG00000054097,0.450777721112262,1.79468053218079
ENSSSCG00000059531,0.0643968173017518,1.34601039913559
ENSSSCG00000052834,0.0321984086508759,0.673005199567796
ENSSSCG00000062581,0.0965952259526276,0.710394377321562
ENSSSCG00000038178,16.1314027340888,28.8644452259077
ENSSSCG00000036947,56.7335960428433,32.6407521790381
ENSSSCG00000015833,16.3245931859941,17.610302722024
ENSSSCG00000036062,15.4230377437695,12.1888719477279
ENSSSCG00000057318,0.418579312461386,0.261724244276365
ENSSSCG00000053920,3.25203927373846,4.33714461943691
ENSSSCG00000054932,0.611769764366642,0.373891777537664
ENSSSCG00000033181,0,14.0957200131699
ENSSSCG00000038275,0.418579312461386,2.09379395421092
ENSSSCG00000021494,12.975958686303,19.0310914766671
ENSSSCG00000059293,9.30534010010313,2.46768573174858
ENSSSCG00000058973,6.47188013882605,8.41256499459745
ENSSSCG00000012359,1.54552361524204,2.76679915377872
ENSSSCG00000041985,5.98890400906291,0.972118621597927
ENSSSCG00000059011,1.64211884119467,0.149556711015066
ENSSSCG00000048518,0.54737294706489,0.673005199567796
ENSSSCG00000052458,0.225388860556131,1.15906451036676
ENSSSCG00000046452,1.41672998063854,1.38339957688936
ENSSSCG00000040376,0.804960216271897,0
ENSSSCG00000039344,0,5.75793337408003
ENSSSCG00000062771,0.0643968173017518,1.83206970993455
ENSSSCG00000039860,3.57402336024722,1.71990217667326
ENSSSCG00000029990,2.70466632667357,133.404586225439
ENSSSCG00000034220,0.193190451905255,0.635616021814029
ENSSSCG00000039985,2.86565836992795,5.49620912980367
ENSSSCG00000057701,2.57587269207007,1.94423724319585
ENSSSCG00000062893,0.515174538414014,0.261724244276365
ENSSSCG00000009495,0.0643968173017518,2.24335066522599
ENSSSCG00000052552,0.0643968173017518,1.90684806544209
ENSSSCG00000038269,0.901555442224525,0.224335066522599
ENSSSCG00000034353,2.83345996127708,5.04753899675847
ENSSSCG00000031855,0.579571355715766,5.0101498190047
ENSSSCG00000055200,0.611769764366642,3.06591257580885
ENSSSCG00000043890,0.676166581668393,0.224335066522599
ENSSSCG00000038679,4.15359471596299,1.30862122138182
ENSSSCG00000057082,9.43413373470663,9.72118621597927
ENSSSCG00000038135,1.35233316333679,1.53295628790442
ENSSSCG00000038462,0.482976129763138,0.149556711015066
ENSSSCG00000041163,1.25573793738416,2.24335066522599
ENSSSCG00000038204,0.128793634603504,0.934729443844161
ENSSSCG00000061705,0,0.859951088336628
ENSSSCG00000055070,0.418579312461386,4.33714461943691
ENSSSCG00000037913,0.193190451905255,4.93537146349717
ENSSSCG00000034524,11.5592287056644,66.8892390014881
ENSSSCG00000035851,0.740563398970145,0.336502599783898
ENSSSCG00000035091,1.51332520659117,0.299113422030131
ENSSSCG00000058776,0.515174538414014,1.00950779935169
ENSSSCG00000034866,0.0643968173017518,0.560837666306496
ENSSSCG00000032894,2.60807110072095,8.07606239481355
ENSSSCG00000033100,0.708364990319269,1.42078875464312
ENSSSCG00000039921,1.03034907682803,1.75729135442702
ENSSSCG00000017324,0.54737294706489,1.83206970993455
ENSSSCG00000000887,8.72576874438736,5.9074900850951
ENSSSCG00000046993,0.643968173017518,0.186945888768832
ENSSSCG00000061109,0.837158624922773,0.112167533261299
ENSSSCG00000032599,1.48112679794029,1.98162642094962
ENSSSCG00000055221,0.998150668177152,1.34601039913559
ENSSSCG00000056610,229.123875959633,222.839499412448
ENSSSCG00000056698,20.7357751711641,85.6586062338789
ENSSSCG00000041461,41.5681455682808,168.176521536441
ENSSSCG00000053650,0.0321984086508759,1.45817793239689
ENSSSCG00000037477,10.2390939509785,1.83206970993455
ENSSSCG00000013150,40.3446060395475,59.7479060505188
ENSSSCG00000031311,0.386380903810511,3.77630695313041
ENSSSCG00000039956,0.643968173017518,0.224335066522599
ENSSSCG00000003282,2.51147587476832,0.224335066522599
ENSSSCG00000037850,2.15729337960868,4.33714461943691
ENSSSCG00000059519,9.69172100391364,5.7953225518338
ENSSSCG00000038702,3.70281699485073,2.72940997602495
ENSSSCG00000035756,4.15359471596299,4.8979822857434
ENSSSCG00000040495,0.708364990319269,0.822561910582861
ENSSSCG00000016385,12.5895777824925,5.60837666306496
ENSSSCG00000037347,1.80311088444905,2.95374504254755
ENSSSCG00000060797,0.0321984086508759,0.560837666306496
ENSSSCG00000034846,0.708364990319269,0.373891777537664
ENSSSCG00000050765,0.289785677857883,0.52344848855273
