,ovid00.txt,ovid03.txt
ENSSSCG00000028996,519.560670617751,282.429682982961
ENSSSCG00000005267,304.518140209429,275.631519955329
ENSSSCG00000005268,5.25031276223153,5.4385304221054
ENSSSCG00000005269,21.4051212614055,11.0130241047634
ENSSSCG00000031382,16.448532290068,14.8879770305135
ENSSSCG00000005271,59.6993604992201,70.1910332602978
ENSSSCG00000005272,13.107424168648,14.1061882823359
ENSSSCG00000005273,36.7889048094825,29.9459081367179
ENSSSCG00000023520,15.6407918651093,4.75871411934223
ENSSSCG00000057774,1.68891179764091,1.42761423580267
ENSSSCG00000037277,175.059379372867,78.8926819356665
ENSSSCG00000005277,28.6747850860338,15.1259127364806
ENSSSCG00000004361,3.34110812142007,3.73898966519746
ENSSSCG00000004349,27.6834672917663,27.0566888499744
ENSSSCG00000004272,43.4711210523226,36.2342089372772
ENSSSCG00000037594,175.940550745549,254.217306418289
ENSSSCG00000004261,1.24832611129981,0.509862227072381
ENSSSCG00000004351,18.6147452479118,16.485545342007
ENSSSCG00000004262,17.4398500843355,20.0545809315137
ENSSSCG00000038757,9.14215299157799,11.1829781804542
ENSSSCG00000004353,43.9484222125255,40.4490700144089
ENSSSCG00000005284,6.82907813828717,6.79816302763175
ENSSSCG00000004263,15.4572144958005,18.1171044686386
ENSSSCG00000021802,13.9151645936067,15.0239402910662
ENSSSCG00000031105,8.84842920068392,7.68192422122388
ENSSSCG00000034919,55.1833572142237,68.2875476125609
ENSSSCG00000023834,201.384374131748,232.123276578486
ENSSSCG00000032533,5.47060560540209,6.22031917028305
ENSSSCG00000025941,188.754251123303,213.122410916255
ENSSSCG00000030268,142.492754057487,159.586877073655
ENSSSCG00000027002,33.4477966880624,25.6630654293099
ENSSSCG00000005266,3.78169380776118,5.67646612807251
ENSSSCG00000005288,37.5599297605794,54.3513134059158
ENSSSCG00000035934,4.33242591568756,2.82123765646718
ENSSSCG00000005036,2.53336769646137,0.475871411934223
ENSSSCG00000004241,289.354649504523,81.3740114407521
ENSSSCG00000005037,68.8415134907981,59.6198897523305
ENSSSCG00000004242,26.9491578145311,22.6038920668756
ENSSSCG00000005291,88.5210074807009,162.917976957195
ENSSSCG00000005038,86.4282254705806,77.6010309604164
ENSSSCG00000033805,0.146861895447036,0.81577956331581
ENSSSCG00000033763,62.9303221990549,84.569148063739
ENSSSCG00000004344,1.13817968971453,1.29165097525003
ENSSSCG00000005286,21.5152676829908,19.4087554438886
ENSSSCG00000005039,19.6794939899028,27.1586612953888
ENSSSCG00000005040,58.5244653356438,22.1280206549413
ENSSSCG00000004250,3.45125454300534,2.58330195050007
ENSSSCG00000005287,70.383563392992,95.1742823868445
ENSSSCG00000005041,154.278421167111,190.178610697998
ENSSSCG00000020885,71.3381657133977,29.7079724307508
ENSSSCG00000004253,42.3696568364699,37.7298048033562
ENSSSCG00000054867,0.477301160202867,0.81577956331581
ENSSSCG00000060009,2.31307485329082,2.82123765646718
ENSSSCG00000054181,0.660878529511662,0.27192652110527
ENSSSCG00000062298,0.514016634064626,0.27192652110527
ENSSSCG00000004364,26.7655804452223,25.4931113536191
ENSSSCG00000005043,17.2929881888885,21.8560941338361
ENSSSCG00000004254,21.7355605261613,16.5875177874215
ENSSSCG00000005045,9.58273867791909,7.40999770011861
ENSSSCG00000005047,2.8638069612172,1.22366934497372
ENSSSCG00000004366,32.750202684689,36.608107903797
ENSSSCG00000027256,86.7586647353365,70.1910332602978
ENSSSCG00000004367,0.660878529511662,2.17541216884216
ENSSSCG00000039333,3.96527117706997,0.645825487625016
ENSSSCG00000004368,37.7067916560265,32.4952192720798
ENSSSCG00000026294,81.948937659446,38.4436119212575
ENSSSCG00000035648,21.3684057875437,24.6093501600269
ENSSSCG00000038522,11.8223825834864,2.27738461425664
ENSSSCG00000035259,88.9983086409038,141.095873638497
ENSSSCG00000021451,17.4765655581973,17.8111871323952
ENSSSCG00000038507,256.604446819834,199.288149155025
ENSSSCG00000004339,59.6626450253583,43.1003535951853
ENSSSCG00000005004,4.88315802361394,4.38481515282248
ENSSSCG00000004347,24.4892210657932,26.9207255894217
ENSSSCG00000005006,155.893902017029,126.105924162569
ENSSSCG00000004275,28.4177767690015,41.7747118047971
ENSSSCG00000035611,21.7722760000231,17.981141208086
ENSSSCG00000058931,45.1233173761018,44.2560413098827
ENSSSCG00000005008,1.50533442833212,0.849770378453969
ENSSSCG00000004358,39.909720087732,25.1871940173756
ENSSSCG00000004270,5.87447581788144,9.10953845702655
ENSSSCG00000032489,13.0339932209244,9.7213731295134
ENSSSCG00000004990,8.99529109613095,11.3869230712832
ENSSSCG00000004340,3.01066885666424,1.80151320232241
ENSSSCG00000058693,0.697594003373421,0.917752008730286
ENSSSCG00000005009,50.0064753997157,57.5804408440409
ENSSSCG00000035240,7.45324119393707,13.1544454584674
ENSSSCG00000005011,39.7261427184232,48.0970034204946
ENSSSCG00000032312,121.014201848358,125.494089490082
ENSSSCG00000004342,5.83776034401968,3.7049988500593
ENSSSCG00000005012,109.412112108042,99.9669873213249
ENSSSCG00000045405,0.807740424958698,1.22366934497372
ENSSSCG00000005029,156.371203177232,157.10554756857
ENSSSCG00000060707,0.293723790894072,0.373898966519746
ENSSSCG00000005030,54.3389013154033,156.289768005254
ENSSSCG00000053196,0.220292843170554,0.407889781657905
ENSSSCG00000004939,0.257008317032313,0.645825487625016
ENSSSCG00000057054,0.954602320405733,0.101972445414476
ENSSSCG00000021862,6.20491508263727,2.68527439591454
ENSSSCG00000005027,34.4023990084682,40.9929230566195
ENSSSCG00000047735,0.991317794267492,2.07343972342768
ENSSSCG00000028092,115.103010556614,36.3361813826917
ENSSSCG00000004941,11.5653742664541,15.6697657786912
ENSSSCG00000004942,5.06673539292274,5.0306406404475
ENSSSCG00000004943,33.4477966880624,28.2803581949481
ENSSSCG00000036735,12.8137003777539,15.7037565938293
ENSSSCG00000005015,36.1647417538326,43.2363168557379
ENSSSCG00000005016,24.3423591703462,39.3613639299878
ENSSSCG00000031354,8.99529109613095,7.91985992719099
ENSSSCG00000038941,6.82907813828717,6.73018139735543
ENSSSCG00000004945,1491.5294101601,953.476355440491
ENSSSCG00000005787,44.6460162158989,41.0609046868958
ENSSSCG00000034516,52.8335668870712,92.3530447303773
ENSSSCG00000036634,59.111912917432,70.4629597814031
ENSSSCG00000005785,40.3503057740731,43.0663627800471
ENSSSCG00000004946,9.36244583474854,7.0021079184607
ENSSSCG00000005020,4.84644254975219,4.99664982530934
ENSSSCG00000005786,30.6574206745687,27.1586612953888
ENSSSCG00000004947,0.257008317032313,0.339908151381588
ENSSSCG00000004948,3.23096169983479,5.57449368265804
ENSSSCG00000004971,33.0806419494448,25.1871940173756
ENSSSCG00000005021,38.2575237639529,39.4293455602642
ENSSSCG00000038767,53.0538597302417,34.908567146889
ENSSSCG00000004963,81.0677662867638,90.4835498977786
ENSSSCG00000005022,27.9771910826603,57.376495953212
ENSSSCG00000004966,1.83577369308795,1.18967852983556
ENSSSCG00000026078,41.0846152513083,66.7239701162056
ENSSSCG00000004968,4.25899496796404,3.94293455602642
ENSSSCG00000005024,111.064308431821,129.505005676385
ENSSSCG00000004969,19.0186154603912,29.979898951856
ENSSSCG00000004970,1266.72056370455,1056.6384793848
ENSSSCG00000023533,26.7288649713605,27.0226980348362
ENSSSCG00000004952,64.2153637842165,42.4885189226984
ENSSSCG00000005023,12.5566920607216,14.6160505094083
ENSSSCG00000004859,42.9203889443963,41.9106750653497
ENSSSCG00000005025,4.73629612816691,14.4121056185793
ENSSSCG00000004856,56.4316833255236,54.4872766664685
ENSSSCG00000004951,84.5557363036309,63.5288334932187
ENSSSCG00000038422,98.9482020574405,75.4936004218506
ENSSSCG00000057448,2.12949748398202,1.86949483259873
ENSSSCG00000004954,4.73629612816691,5.26857634641461
ENSSSCG00000005002,0.514016634064626,0.577843857348699
ENSSSCG00000004955,23.9017734840051,21.3462319067637
ENSSSCG00000030679,9.58273867791909,10.5031618776911
ENSSSCG00000004996,37.7067916560265,53.5015430274619
ENSSSCG00000027765,109.265250212595,140.620002226563
ENSSSCG00000004857,50.4103456121951,65.6362640317845
ENSSSCG00000004997,52.9437133086564,77.6350217755546
ENSSSCG00000021217,43.9851376863873,53.2975981366329
ENSSSCG00000004958,23.8650580101433,30.4897611789284
ENSSSCG00000005000,3.96527117706997,3.16114580784876
ENSSSCG00000026517,17.6968584013678,13.6643076855398
ENSSSCG00000004957,29.9231111973336,23.4196716301914
ENSSSCG00000004861,25.5172543339225,37.7298048033562
ENSSSCG00000032488,40.827606934276,41.1288863171721
ENSSSCG00000053589,2.38650580101433,2.54931113536191
ENSSSCG00000004999,17.1094108195797,14.3781148034412
ENSSSCG00000063467,11.8958135312099,16.5535269722833
ENSSSCG00000004869,31.6120229949745,30.1498530275468
ENSSSCG00000022419,35.5405786981827,33.7868702473298
ENSSSCG00000060555,0.220292843170554,0.407889781657905
ENSSSCG00000004961,33.5579431096477,4.48678759823696
ENSSSCG00000004962,18.8350380910824,24.0994879329546
ENSSSCG00000043563,21.5886986307143,36.3701721978299
ENSSSCG00000063237,0.73430947723518,1.01972445414476
ENSSSCG00000063081,0.36715473861759,1.18967852983556
ENSSSCG00000056226,0.991317794267492,0.713807117901334
ENSSSCG00000049234,1.28504158516156,2.20940298398032
ENSSSCG00000004870,135.369952128305,168.900360421511
ENSSSCG00000004973,117.269223514458,73.216215807594
ENSSSCG00000004847,18.1741595615707,20.3944890828953
ENSSSCG00000035696,16.5953941855151,14.6500413245464
ENSSSCG00000004849,15.9345156560034,17.8791687626715
ENSSSCG00000004850,0.36715473861759,0.54385304221054
ENSSSCG00000004854,272.832686266731,149.083715195964
ENSSSCG00000004974,12.189537322104,6.35628243083569
ENSSSCG00000004976,24.4892210657932,15.9077014846583
ENSSSCG00000036984,1.13817968971453,3.73898966519746
ENSSSCG00000004980,75.6705916290853,78.2468564480415
ENSSSCG00000004874,0.110146421585277,0.781788748177651
ENSSSCG00000004875,368.439780202751,352.076863201048
ENSSSCG00000037781,3.56140096459062,4.41880596796064
ENSSSCG00000005781,2.31307485329082,6.52623650652648
ENSSSCG00000004979,14.172172910639,22.4679288063229
ENSSSCG00000020859,3.6715473861759,0.0679816302763175
ENSSSCG00000004843,1.17489516357629,0.509862227072381
ENSSSCG00000025616,23.7181961146963,28.1443949343954
ENSSSCG00000026486,0.697594003373421,0.475871411934223
ENSSSCG00000026167,2.90052243507896,2.07343972342768
ENSSSCG00000004985,21.1848284182349,26.3088909169349
ENSSSCG00000004844,35.650725119768,55.880900087133
ENSSSCG00000004986,27.7568982394898,29.4700367247836
ENSSSCG00000004845,27.573320870181,39.3273731148497
ENSSSCG00000022828,159.969319615684,251.600013652651
ENSSSCG00000032494,18.0272976661237,24.5753593448888
ENSSSCG00000004873,30.9878599393246,27.1246704802507
ENSSSCG00000004983,111.651756013609,83.8213501306995
ENSSSCG00000032214,39.5058498752527,45.3097565791656
ENSSSCG00000032574,10.8677802630807,11.4549047015595
ENSSSCG00000038398,0.293723790894072,0.475871411934223
ENSSSCG00000005782,11.27165047556,14.8879770305135
ENSSSCG00000040252,25.4071079123372,34.2967324744022
ENSSSCG00000062837,1.72562727150267,3.50105395923035
ENSSSCG00000041275,3.12081527824951,2.58330195050007
ENSSSCG00000056587,0.514016634064626,0.54385304221054
ENSSSCG00000060706,4.58943423271987,2.34536624453295
ENSSSCG00000054784,6.75564719056365,4.4527967830988
ENSSSCG00000034069,7.85711140641642,6.08435590973042
ENSSSCG00000060600,50.8142158246744,40.9929230566195
ENSSSCG00000060688,0.073430947723518,0.475871411934223
ENSSSCG00000054884,0.183577369308795,0.475871411934223
ENSSSCG00000061619,0.587447581788144,0.713807117901334
ENSSSCG00000004989,20.560665362585,18.6949483259873
ENSSSCG00000060152,1.02803326812925,1.35963260552635
ENSSSCG00000053633,0.660878529511662,0.441880596796064
ENSSSCG00000062595,1.02803326812925,1.1556877146974
ENSSSCG00000053742,3.23096169983479,1.7335315720461
ENSSSCG00000056642,179.244943393107,137.458856418714
ENSSSCG00000062224,2.20292843170554,5.16660390100013
ENSSSCG00000049454,0.220292843170554,0.54385304221054
ENSSSCG00000054354,0.660878529511662,2.92321010188165
ENSSSCG00000063030,0.257008317032313,0.407889781657905
ENSSSCG00000058062,1.13817968971453,2.88921928674349
ENSSSCG00000019587,0.477301160202867,0.27192652110527
ENSSSCG00000018926,0.257008317032313,0.54385304221054
ENSSSCG00000034963,6.86579361214893,6.15233754000673
ENSSSCG00000004075,1.50533442833212,1.97146727801321
ENSSSCG00000004076,9.91317794267492,12.1687118194608
ENSSSCG00000004077,1.79905821922619,1.22366934497372
ENSSSCG00000004101,21.0746819966497,18.8988932168163
ENSSSCG00000004103,46.9590910691897,47.9950309750802
ENSSSCG00000004410,43.0305353659815,63.7327783840477
ENSSSCG00000004105,9.43587678247206,10.70710676852
ENSSSCG00000033739,12.7402694300304,12.6785740465332
ENSSSCG00000004405,27.1694506577016,25.901001135277
ENSSSCG00000004071,16.0813775514504,19.8846268558229
ENSSSCG00000046319,0.73430947723518,2.58330195050007
ENSSSCG00000026042,0.587447581788144,0.339908151381588
ENSSSCG00000004113,17.0359798718562,24.9492583114085
ENSSSCG00000004404,2.97395338280248,2.34536624453295
ENSSSCG00000004403,13.8784491197449,11.8967852983556
ENSSSCG00000004402,17.1828417673032,9.07554764188839
ENSSSCG00000004401,59.4790676560496,45.6496647305472
ENSSSCG00000004399,2.09278201012026,0.339908151381588
ENSSSCG00000037803,208.690753430238,60.0277795339884
ENSSSCG00000004388,39.0652641889116,46.9413157057972
ENSSSCG00000004390,27.4631744485957,44.2220504947445
ENSSSCG00000043354,0.477301160202867,0.169954075690794
ENSSSCG00000004114,102.032301861828,130.218812794286
ENSSSCG00000004391,1.87248916694971,2.141421353704
ENSSSCG00000052303,11.1615040539747,7.10408036387518
ENSSSCG00000004415,109.081672843286,219.342730086538
ENSSSCG00000004414,275.73320870181,329.846870100693
ENSSSCG00000004120,13.9518800674684,18.9668748470926
ENSSSCG00000004413,135.480098549891,137.084957452194
ENSSSCG00000004121,35.944448910662,82.427726710035
ENSSSCG00000004408,75.3768678381912,76.3093799851664
ENSSSCG00000004412,38.8082558718792,57.6824132894554
ENSSSCG00000031536,5.36045918381681,5.50651205238172
ENSSSCG00000004081,7.26966382462828,23.8275614118493
ENSSSCG00000004411,10.060039838122,5.91440183403962
ENSSSCG00000033392,1.6154808499174,0.713807117901334
ENSSSCG00000049158,9.65616962564261,32.1553111206982
ENSSSCG00000004382,147.669635871995,99.7630424304959
ENSSSCG00000004082,320.379224917709,726.893581729525
ENSSSCG00000004383,34.1086752175741,32.3592560115271
ENSSSCG00000004384,0.771024951096939,0.849770378453969
ENSSSCG00000004385,116.167759298605,122.672851833615
ENSSSCG00000040199,23.8283425362816,19.0008656622307
ENSSSCG00000004387,86.83209568306,95.7861170593314
ENSSSCG00000025777,795.000155528667,198.234433885742
ENSSSCG00000004432,84.996321989972,67.7776853854886
ENSSSCG00000046251,0.73430947723518,0
ENSSSCG00000004433,1.57876537605564,0.475871411934223
ENSSSCG00000004434,30.620705200707,18.9668748470926
ENSSSCG00000037424,33.81495142668,30.3537979183758
ENSSSCG00000004392,67.5197564317748,61.3534213243765
ENSSSCG00000004393,40.4971676695202,35.8263191556193
ENSSSCG00000004394,14.6861895447036,13.8342617612306
ENSSSCG00000004419,12.5566920607216,12.4746291557043
ENSSSCG00000041409,1.50533442833212,3.46706314409219
ENSSSCG00000025703,61.0211175582434,123.556613027207
ENSSSCG00000004420,69.0250908601069,93.6446957056274
ENSSSCG00000004421,26.3617102327429,19.4427462590268
ENSSSCG00000004422,0.917886846543975,1.29165097525003
ENSSSCG00000004094,2.71694506577016,0.169954075690794
ENSSSCG00000004423,3.4879700168671,6.11834672486858
ENSSSCG00000036621,11.7122361619011,13.3243995341582
ENSSSCG00000004425,77.6165117437585,156.085823114425
ENSSSCG00000024361,10.6474874199101,9.27949253271734
ENSSSCG00000004065,2.53336769646137,2.44733868994743
ENSSSCG00000004070,53.9717465767857,63.6308059386332
ENSSSCG00000004370,31.2815837302187,32.1553111206982
ENSSSCG00000026382,57.3128546982058,60.2657152399555
ENSSSCG00000004106,59.1853438651555,67.3358047886925
ENSSSCG00000038554,42.9938198921198,34.5346681803693
ENSSSCG00000004104,34.4391144823299,28.6202663463297
ENSSSCG00000004369,13.9885955413302,4.07889781657905
ENSSSCG00000005575,46.8489446476045,49.6945717319881
ENSSSCG00000022804,44.2788614772813,75.6635544975414
ENSSSCG00000030067,69.2086682294157,55.9148909022711
ENSSSCG00000028867,30.9144289916011,35.4184293739614
ENSSSCG00000004371,14.0620264890537,28.6202663463297
ENSSSCG00000004109,0.660878529511662,0.577843857348699
ENSSSCG00000004110,61.6085651400316,60.5716325761989
ENSSSCG00000005167,0.220292843170554,13.2564179038819
ENSSSCG00000028974,29.8129647757483,8.80362112078312
ENSSSCG00000033175,47.4731077032544,50.7822778164092
ENSSSCG00000004373,12.8871313254774,10.4011894322766
ENSSSCG00000048240,1.76234274536443,0.135963260552635
ENSSSCG00000004374,16.3751013423445,12.6445832313951
ENSSSCG00000056379,65.8308446341339,1.93747646287505
ENSSSCG00000037985,13.107424168648,14.2421515428885
ENSSSCG00000005131,3.45125454300534,0.475871411934223
ENSSSCG00000034120,1.24832611129981,0.81577956331581
ENSSSCG00000031159,5.83776034401968,4.55476922851327
ENSSSCG00000043123,0.440585686341108,1.05371526928292
ENSSSCG00000036168,11.2349350016982,9.7213731295134
ENSSSCG00000054729,1.35847253288508,3.19513662298692
ENSSSCG00000059324,1.90920464081147,7.68192422122388
ENSSSCG00000004379,4.11213307251701,4.14687944685537
ENSSSCG00000059436,0.440585686341108,0.54385304221054
ENSSSCG00000005587,46.0779196965075,24.4393960843361
ENSSSCG00000044325,0.257008317032313,1.76752238718426
ENSSSCG00000037071,2.42322127487609,1.08770608442108
ENSSSCG00000005590,45.3436102192723,36.0982456767246
ENSSSCG00000049906,0.514016634064626,1.29165097525003
ENSSSCG00000053064,0.73430947723518,0.611834672486858
ENSSSCG00000005591,0.73430947723518,4.4527967830988
ENSSSCG00000028558,43.874991264802,52.0739287916592
ENSSSCG00000049152,0.330439264755831,0.441880596796064
ENSSSCG00000005112,11.6020897403158,11.0810057350398
ENSSSCG00000054646,0.881171372682216,1.86949483259873
ENSSSCG00000053219,1.35847253288508,3.1271549927106
ENSSSCG00000051118,0.954602320405733,3.7049988500593
ENSSSCG00000041974,0.440585686341108,0.203944890828953
ENSSSCG00000048523,0.624163055649903,0.509862227072381
ENSSSCG00000053065,1.13817968971453,0.713807117901334
ENSSSCG00000005588,0.403870212479349,0.883761193592128
ENSSSCG00000005122,19.2756237774235,16.8594443085267
ENSSSCG00000005589,5.69089844857264,5.94839264917778
ENSSSCG00000061592,6.68221624284013,12.8145373070858
ENSSSCG00000005593,83.5277030355017,65.1264018047122
ENSSSCG00000050067,3.74497833389942,6.08435590973042
ENSSSCG00000042842,1.46861895447036,1.29165097525003
ENSSSCG00000005594,81.5817829208285,44.3580137552972
ENSSSCG00000005124,43.2508282091521,38.9874649634681
ENSSSCG00000034227,407.248036074631,328.283292604337
ENSSSCG00000005596,28.3443458212779,24.8812766811322
ENSSSCG00000005126,28.3810612951397,25.901001135277
ENSSSCG00000005597,22.690162846567,21.9240757641124
ENSSSCG00000005576,16.7789715548239,20.6664156040005
ENSSSCG00000032575,19.7162094637646,28.4503122706389
ENSSSCG00000022337,3.23096169983479,0.203944890828953
ENSSSCG00000020743,68.0337730658394,73.0802525470413
ENSSSCG00000005173,25.443823386199,35.0105395923035
ENSSSCG00000004894,28.5646386644485,18.2530677291913
ENSSSCG00000005582,100.343390064187,93.984603857009
ENSSSCG00000035941,6.86579361214893,6.18632835514489
ENSSSCG00000025744,29.3723790894072,32.5292100872179
ENSSSCG00000040366,10.3170481551543,12.2366934497372
ENSSSCG00000004896,15.4204990219388,16.6554994176978
ENSSSCG00000005164,2.8638069612172,0.849770378453969
ENSSSCG00000028406,83.1238328230223,46.6353983695538
ENSSSCG00000004897,25.9211245464018,37.5258599125273
ENSSSCG00000004898,6.90250908601069,5.0306406404475
ENSSSCG00000004921,46.8856601214662,40.2111343084418
ENSSSCG00000005166,35.4671477504592,31.3735223725205
ENSSSCG00000005135,16.4118168162063,11.8627944832174
ENSSSCG00000004923,2.68022959190841,4.99664982530934
ENSSSCG00000005584,32.9337800539978,50.102461513646
ENSSSCG00000038071,112.275919069259,84.3312123577719
ENSSSCG00000005136,7.48995666779883,9.82334557492788
ENSSSCG00000035506,1.79905821922619,1.69954075690794
ENSSSCG00000047263,0.257008317032313,0.577843857348699
ENSSSCG00000004926,13.6948717504361,14.3101331731648
ENSSSCG00000043817,32.1627551029009,50.4083788498894
ENSSSCG00000004927,60.9109711366581,59.7898438280212
ENSSSCG00000043301,2.75366053963192,3.53504477436851
ENSSSCG00000005585,31.9791777335921,38.749529257501
ENSSSCG00000004928,8.29769709275753,7.81788748177651
ENSSSCG00000031075,0.954602320405733,1.29165097525003
ENSSSCG00000031149,2.01935106239674,2.88921928674349
ENSSSCG00000051680,5.25031276223153,7.0021079184607
ENSSSCG00000004929,24.1220663271757,27.5325602619086
ENSSSCG00000054127,2.90052243507896,13.4603627947109
ENSSSCG00000005128,1.4319034806086,1.5635774963553
ENSSSCG00000005174,104.198514819672,87.4923581656206
ENSSSCG00000004931,18.5045988263265,10.5371526928292
ENSSSCG00000031529,0.624163055649903,0.747797933039493
ENSSSCG00000056734,1.4319034806086,4.75871411934223
ENSSSCG00000004934,80.0030175447728,94.5964385294958
ENSSSCG00000054285,0.036715473861759,1.08770608442108
ENSSSCG00000057864,0.440585686341108,0.951742823868445
ENSSSCG00000053403,0.257008317032313,0.441880596796064
ENSSSCG00000005498,0.440585686341108,1.39362342066451
ENSSSCG00000059082,1.24832611129981,2.78724684132902
ENSSSCG00000057745,0.954602320405733,1.29165097525003
ENSSSCG00000052950,4.00198665093173,5.91440183403962
ENSSSCG00000060748,3.74497833389942,6.62820895194096
ENSSSCG00000005150,72.366198981527,77.6010309604164
ENSSSCG00000033910,2.49665222259961,2.00545809315137
ENSSSCG00000005502,12.0059599527952,2.10743053856584
ENSSSCG00000004935,66.6753005329543,73.3521790681466
ENSSSCG00000005152,2.93723790894072,3.46706314409219
ENSSSCG00000005501,24.9665222259961,25.6630654293099
ENSSSCG00000004936,23.4979032715257,21.41421353704
ENSSSCG00000005503,26.3984257066047,32.2912743812508
ENSSSCG00000005504,38.7348249241557,0.679816302763175
ENSSSCG00000054719,2.82709148735544,2.51532032022375
ENSSSCG00000054559,38.6246785025704,66.4860344102385
ENSSSCG00000051482,73.1739394064856,82.6316716008639
ENSSSCG00000042822,0.514016634064626,1.01972445414476
ENSSSCG00000055858,0.440585686341108,0.441880596796064
ENSSSCG00000004937,9.69288509950437,14.344123988303
ENSSSCG00000053029,16.0446620775887,19.1028381076452
ENSSSCG00000004938,22.1394307386407,25.1192123870993
ENSSSCG00000004899,49.5658897133746,50.3743880347513
ENSSSCG00000004901,33.3376502664772,34.0587967684351
ENSSSCG00000004902,0.514016634064626,0.203944890828953
ENSSSCG00000004903,8.92186014840743,0.679816302763175
ENSSSCG00000036234,1.68891179764091,1.80151320232241
ENSSSCG00000004885,0.660878529511662,0.339908151381588
ENSSSCG00000026454,8.04068877572522,2.78724684132902
ENSSSCG00000004907,29.1153707723749,6.96811710332254
ENSSSCG00000004908,129.752484627456,63.1889253418371
ENSSSCG00000034415,74.9362821518501,53.9774144393961
ENSSSCG00000004509,0.73430947723518,1.25766016011187
ENSSSCG00000037300,0.844455898820457,0.203944890828953
ENSSSCG00000004508,76.6619094233528,73.2841974378703
ENSSSCG00000004912,92.2292703407386,33.7188886170535
ENSSSCG00000034704,38.991833241188,41.9786566956261
ENSSSCG00000004517,79.4155699629847,57.4444775834883
ENSSSCG00000004917,8.22426614503401,12.6105924162569
ENSSSCG00000004518,0.587447581788144,0.101972445414476
ENSSSCG00000028076,37.7067916560265,52.8217267246987
ENSSSCG00000004506,26.1047019157106,26.8187531440073
ENSSSCG00000004489,12782.7859487623,8891.01150650332
ENSSSCG00000004487,22.9104556897376,19.272792183336
ENSSSCG00000004918,1.79905821922619,0.611834672486858
ENSSSCG00000021383,3.74497833389942,3.2971090684014
ENSSSCG00000004502,3.41453906914359,1.80151320232241
ENSSSCG00000035007,1278.02892965397,921.898888177142
ENSSSCG00000004919,77.9469510085143,50.9182410769618
ENSSSCG00000032053,7.7836804586929,5.57449368265804
ENSSSCG00000034730,54.4123322631268,53.1616348760803
ENSSSCG00000022643,11.27165047556,13.3583903492964
ENSSSCG00000005771,28.784931507619,29.130128573402
ENSSSCG00000060420,59.4423521821878,39.8372353419221
ENSSSCG00000004500,31.9057467858686,40.2791159387181
ENSSSCG00000004520,6.3517769780843,6.05036509459226
ENSSSCG00000004507,4.22227949410228,3.8749529257501
ENSSSCG00000004505,51.8422490928037,54.4532858513303
ENSSSCG00000004485,414.664561794706,53.4335613971856
ENSSSCG00000004486,30.9144289916011,26.1389368412441
ENSSSCG00000004490,16.9992643979944,21.1762778310729
ENSSSCG00000005508,9.17886846543974,9.95930883548052
ENSSSCG00000004492,1.06474874199101,2.54931113536191
ENSSSCG00000005507,43.3976901045991,40.0751710478892
ENSSSCG00000004493,5.28702823609329,2.48132950508559
ENSSSCG00000021072,6.31506150422254,11.4888955166977
ENSSSCG00000004499,392.451700108342,360.778511876417
ENSSSCG00000039972,30.5105587791217,34.0248059532969
ENSSSCG00000005510,18.7616071433588,17.9131595778097
ENSSSCG00000004498,20.8911046273409,25.7310470595862
ENSSSCG00000005511,13.6581562765743,14.0721974671977
ENSSSCG00000004521,0.293723790894072,1.42761423580267
ENSSSCG00000005512,16.0079466037269,4.07889781657905
ENSSSCG00000004522,38.4043856593999,30.5917336243429
ENSSSCG00000032297,22.8003092681523,31.9173754147311
ENSSSCG00000024479,13.7683026981596,13.9702250217832
ENSSSCG00000004524,112.09234169995,99.2871710185617
ENSSSCG00000034427,31.7588848904215,33.0390723142903
ENSSSCG00000004510,34.4023990084682,22.8758185879808
ENSSSCG00000004511,79.4155699629847,51.1901675980671
ENSSSCG00000041158,1.06474874199101,3.05917336243429
ENSSSCG00000055973,55.6239429005649,47.961040159942
ENSSSCG00000004516,122.666398172137,108.430700290726
ENSSSCG00000049462,0.550732107926385,0.339908151381588
ENSSSCG00000056498,1.35847253288508,2.37935705967111
ENSSSCG00000057366,9.32573036088678,3.33109988353956
ENSSSCG00000055877,0.293723790894072,0.747797933039493
ENSSSCG00000028329,0.440585686341108,0.237935705967111
ENSSSCG00000024372,0.293723790894072,0.407889781657905
ENSSSCG00000060601,1.98263558853498,4.8606865647567
ENSSSCG00000004893,52.6867049916241,45.4117290245801
ENSSSCG00000004884,39.1754106104968,44.9358576126459
ENSSSCG00000004888,5.87447581788144,2.82123765646718
ENSSSCG00000039179,0.110146421585277,0.645825487625016
ENSSSCG00000061814,3.59811643845238,5.20059471613829
ENSSSCG00000051885,1.50533442833212,0.27192652110527
ENSSSCG00000062696,39.0652641889116,50.1704431439223
ENSSSCG00000005514,19.7162094637646,18.3890309897439
ENSSSCG00000034749,49.6760361349599,51.5300757494487
ENSSSCG00000052639,1.17489516357629,0.0679816302763175
ENSSSCG00000053002,4.80972707589043,4.01091618630273
ENSSSCG00000056449,4.62614970658163,5.71045694321067
ENSSSCG00000047129,30.3636968836747,40.8229689809287
ENSSSCG00000059735,0.220292843170554,0.475871411934223
ENSSSCG00000063161,9.58273867791909,16.1116463754873
ENSSSCG00000048111,5.69089844857264,4.96265901017118
ENSSSCG00000004634,17.5867119797826,22.1960022852177
ENSSSCG00000004635,62.7834603036079,57.0025969866922
ENSSSCG00000004636,68.2540659090099,76.445343245719
ENSSSCG00000004639,64.5090875751105,66.4180527799622
ENSSSCG00000004645,19.1287618819764,25.255175647652
ENSSSCG00000004658,104.56566955829,44.4599862007116
ENSSSCG00000004647,25.8109781248166,18.3890309897439
ENSSSCG00000004648,1.90920464081147,1.63155912663162
ENSSSCG00000056997,17.1094108195797,4.07889781657905
ENSSSCG00000004652,69.465676546448,69.3072720667057
ENSSSCG00000004653,63.6279162024283,79.7424523141204
ENSSSCG00000056133,7.19623287690476,4.38481515282248
ENSSSCG00000004657,1.98263558853498,1.08770608442108
ENSSSCG00000004644,17.6234274536443,0.475871411934223
ENSSSCG00000004643,4.33242591568756,6.15233754000673
ENSSSCG00000004646,0.514016634064626,0.645825487625016
ENSSSCG00000004595,66.7487314806778,73.6920872195282
ENSSSCG00000004596,0.477301160202867,2.07343972342768
ENSSSCG00000025578,195.987199474069,220.566399431512
ENSSSCG00000004597,4.2957104418258,45.0718208731985
ENSSSCG00000030605,36.6053274401737,37.3219150216983
ENSSSCG00000004598,6.93922455987245,8.59967622995416
ENSSSCG00000035038,28.6747850860338,18.626966695711
ENSSSCG00000004600,74.495696465509,66.9279150070346
ENSSSCG00000005375,8.88514467454567,6.83215384276991
ENSSSCG00000005376,11.6388052141776,19.6466911498558
ENSSSCG00000005400,6.75564719056365,4.8606865647567
ENSSSCG00000005403,13.254286064095,19.272792183336
ENSSSCG00000005305,70.7874336054713,49.0827370595012
ENSSSCG00000005307,1.46861895447036,2.10743053856584
ENSSSCG00000058191,0.771024951096939,1.1556877146974
ENSSSCG00000026960,31.4284456256657,40.0751710478892
ENSSSCG00000004601,84.8861755683868,86.4046520811995
ENSSSCG00000004602,17.513281032059,21.1762778310729
ENSSSCG00000004603,25.2969614907519,33.0050814991521
ENSSSCG00000037499,10.3170481551543,9.41545579326997
ENSSSCG00000004617,212.362300816414,125.833997641464
ENSSSCG00000053937,80.5537496526992,84.36520317291
ENSSSCG00000004621,82.6832471366812,66.6219976707912
ENSSSCG00000004622,53.0905752041035,44.6639310915406
ENSSSCG00000004624,55.4403655312561,38.7835200726391
ENSSSCG00000004625,33.9618133221271,25.255175647652
ENSSSCG00000004626,81.9856531333078,94.3245120083905
ENSSSCG00000004628,5.54403655312561,7.07008954873702
ENSSSCG00000004629,0.881171372682216,0.54385304221054
ENSSSCG00000004630,0.954602320405733,1.22366934497372
ENSSSCG00000032517,34.8429846948093,46.7033799998301
ENSSSCG00000004632,0.697594003373421,2.51532032022375
ENSSSCG00000031794,17.8804357706766,5.23458553127645
ENSSSCG00000035798,0.440585686341108,0.475871411934223
ENSSSCG00000004607,6.49863887353134,11.7608220378029
ENSSSCG00000004608,10.7576338414954,15.193894366757
ENSSSCG00000054223,2.71694506577016,4.8606865647567
ENSSSCG00000004610,104.088368398087,99.1512077580091
ENSSSCG00000032619,25.1500995953049,20.9043513099676
ENSSSCG00000004612,39.1386951366351,44.8338851672314
ENSSSCG00000024983,53.6413073120299,51.9379655311066
ENSSSCG00000004614,0.514016634064626,0.441880596796064
ENSSSCG00000004615,0.881171372682216,0.611834672486858
ENSSSCG00000004656,21.5886986307143,17.1653616447702
ENSSSCG00000024660,2.20292843170554,0.883761193592128
ENSSSCG00000059295,6.93922455987245,6.76417221249359
ENSSSCG00000052887,2.8638069612172,5.81242938862515
ENSSSCG00000062177,0.36715473861759,1.08770608442108
ENSSSCG00000062439,7.93054235413994,10.4351802474147
ENSSSCG00000057596,1.24832611129981,2.00545809315137
ENSSSCG00000059103,15.7876537605564,22.4679288063229
ENSSSCG00000053433,0.550732107926385,0.509862227072381
ENSSSCG00000042551,1.87248916694971,2.99119173215797
ENSSSCG00000057375,1.46861895447036,0.611834672486858
ENSSSCG00000063504,2.01935106239674,2.27738461425664
ENSSSCG00000004651,66.7120160068161,60.9795223578568
ENSSSCG00000004620,25.6274007555078,23.113754293948
ENSSSCG00000005385,0.660878529511662,0.985733639006604
ENSSSCG00000005386,33.0072110017213,47.3492054874551
ENSSSCG00000040634,141.170996998463,77.8049758512454
ENSSSCG00000005388,32.1627551029009,44.8338851672314
ENSSSCG00000030168,2.27635937942906,2.17541216884216
ENSSSCG00000005389,18.7616071433588,18.0831136535005
ENSSSCG00000055769,5.9111912917432,7.07008954873702
ENSSSCG00000005391,2.2396439055673,1.7335315720461
ENSSSCG00000005361,19.1654773558382,10.9450424744871
ENSSSCG00000005360,1.76234274536443,0.81577956331581
ENSSSCG00000040711,4.07541759865525,2.95720091701981
ENSSSCG00000045508,308.960712546702,233.584881629427
ENSSSCG00000053078,60.6539628196258,53.6714971031527
ENSSSCG00000005366,39.3222725059439,40.687005720376
ENSSSCG00000005367,30.1434040405041,40.8569597960668
ENSSSCG00000005368,3.74497833389942,4.01091618630273
ENSSSCG00000005371,20.7442427318938,21.6861400581453
ENSSSCG00000062892,135.149659285135,154.794172139175
ENSSSCG00000033222,4.88315802361394,4.75871411934223
ENSSSCG00000005296,3.78169380776118,5.8464202037633
ENSSSCG00000005297,27.9404756087986,39.8032445267839
ENSSSCG00000005300,505.278351285527,327.229577335054
ENSSSCG00000034874,53.164006151827,26.2409092866586
ENSSSCG00000005303,115.249872452061,98.5053822703841
ENSSSCG00000039782,68.6579361214893,61.2174580638239
ENSSSCG00000005301,24.7829448566873,18.5249942502965
ENSSSCG00000005308,67.1526016931572,74.3719035222913
ENSSSCG00000005309,151.561476101341,202.755212299117
ENSSSCG00000005310,57.4597165936528,72.9782801016268
ENSSSCG00000005311,0.257008317032313,0.81577956331581
ENSSSCG00000005312,0.660878529511662,0.54385304221054
ENSSSCG00000005313,11.5653742664541,15.5338025181386
ENSSSCG00000005314,15.6407918651093,19.5447187044413
ENSSSCG00000059309,6.49863887353134,28.8242112371586
ENSSSCG00000005316,2175.17153346605,2840.71439354134
ENSSSCG00000005317,449.544261963377,499.766954976348
ENSSSCG00000005318,38.9551177673263,26.988707219698
ENSSSCG00000005319,89.5123252749684,121.245237597812
ENSSSCG00000005320,29.2255171939601,19.5447187044413
ENSSSCG00000005322,169.809066610635,61.5233754000673
ENSSSCG00000025842,128.504158516156,130.558720945668
ENSSSCG00000005324,25.0399531737196,23.6236165210203
ENSSSCG00000005325,44.6460162158989,40.7209965355142
ENSSSCG00000005338,28.7482160337573,15.3298576273096
ENSSSCG00000031236,60.7641092412111,40.3810883841326
ENSSSCG00000037131,205.459791730403,151.93894366757
ENSSSCG00000037468,38.1840928162293,25.6630654293099
ENSSSCG00000005343,84.3354434604604,87.9682295775549
ENSSSCG00000005344,2.34979032715257,0.305917336243429
ENSSSCG00000005346,18.6514607217736,14.344123988303
ENSSSCG00000005349,30.47384330526,23.555634890744
ENSSSCG00000036340,28.7115005598955,18.7969207714018
ENSSSCG00000005347,20.4505189409998,17.7092146869807
ENSSSCG00000005350,4.88315802361394,7.47797933039493
ENSSSCG00000058091,31.2448682563569,23.9975154875401
ENSSSCG00000005352,0.514016634064626,0.135963260552635
ENSSSCG00000005354,10.8310647892189,7.47797933039493
ENSSSCG00000005355,3.92855570320821,3.8749529257501
ENSSSCG00000005356,34.3656835346064,45.4117290245801
ENSSSCG00000032554,51.4750943541861,48.3009483113236
ENSSSCG00000005358,14.9799133355977,7.51197014553308
ENSSSCG00000055084,0.550732107926385,2.85522847160534
ENSSSCG00000058329,1.79905821922619,2.61729276563822
ENSSSCG00000056356,1.32175705902332,0.747797933039493
ENSSSCG00000054952,0.587447581788144,0.27192652110527
ENSSSCG00000049366,0.146861895447036,0.679816302763175
ENSSSCG00000041432,0.183577369308795,0.441880596796064
ENSSSCG00000063066,22.0292843170554,10.8770608442108
ENSSSCG00000005373,40.3503057740731,17.335315720461
ENSSSCG00000004013,120.720478057464,230.76364397296
ENSSSCG00000030535,112.679789281738,69.1713088061531
ENSSSCG00000031776,7.60010308938411,11.9307761134937
ENSSSCG00000024019,21.5886986307143,17.131370829632
ENSSSCG00000012314,14.4291812276713,17.3693065355991
ENSSSCG00000012315,70.4569943407155,65.2623650652648
ENSSSCG00000004017,1.87248916694971,3.09316417757245
ENSSSCG00000004016,2.53336769646137,1.46160505094083
ENSSSCG00000004018,112.349350016982,140.450048150872
ENSSSCG00000004010,38.4411011332617,50.7822778164092
ENSSSCG00000004009,1.06474874199101,2.00545809315137
ENSSSCG00000030155,69.7594003373421,91.7752008730286
ENSSSCG00000038931,30.1801195143659,24.2354511935072
ENSSSCG00000004008,19.9732177807969,21.6861400581453
ENSSSCG00000004012,18.9084690388059,12.7805464919477
ENSSSCG00000004029,109.008241895562,143.611193958721
ENSSSCG00000038153,60.470385450317,40.3470975689944
ENSSSCG00000004032,6.38849245194606,4.82669574961854
ENSSSCG00000004033,17.8804357706766,17.8111871323952
ENSSSCG00000004037,34.1821061652976,38.4096211061194
ENSSSCG00000004024,96.7085581518731,61.7273202908963
ENSSSCG00000004022,53.4944454165828,40.2791159387181
ENSSSCG00000032916,82.2059459764784,95.3442364625353
ENSSSCG00000004020,94.13847498155,78.2808472631796
ENSSSCG00000004027,1.35847253288508,1.22366934497372
ENSSSCG00000035027,5.65418297471088,4.11288863171721
ENSSSCG00000060508,3.92855570320821,2.41334787480927
ENSSSCG00000004064,65.7206982125486,72.6043811351071
ENSSSCG00000027404,23.461187797664,36.0642548615864
ENSSSCG00000022580,1.02803326812925,0.577843857348699
ENSSSCG00000032403,0.587447581788144,0
ENSSSCG00000004023,47.2895303339456,45.1058116883367
ENSSSCG00000038527,0.587447581788144,0.237935705967111
ENSSSCG00000062590,1.76234274536443,0.407889781657905
ENSSSCG00000047676,3.23096169983479,3.7049988500593
ENSSSCG00000047753,1.98263558853498,4.14687944685537
ENSSSCG00000043814,0.881171372682216,5.20059471613829
ENSSSCG00000048885,0.514016634064626,1.66554994176978
ENSSSCG00000062461,2.53336769646137,1.46160505094083
ENSSSCG00000054024,0.514016634064626,1.80151320232241
ENSSSCG00000050646,0.477301160202867,0.781788748177651
ENSSSCG00000059587,0.146861895447036,0.407889781657905
ENSSSCG00000063447,0.587447581788144,0.883761193592128
ENSSSCG00000004484,363.519906705276,48.3689299415999
ENSSSCG00000004454,30.5839897268452,13.6643076855398
ENSSSCG00000032015,553.302191096708,374.850709343615
ENSSSCG00000004469,94.5790606678911,80.7621767682652
ENSSSCG00000004470,69.5023920203098,46.7713616301064
ENSSSCG00000004473,10.7576338414954,22.060039024665
ENSSSCG00000004478,63.9583554671841,52.7197542792842
ENSSSCG00000020702,96.5249807825644,104.657719810391
ENSSSCG00000029129,13.1441396425097,5.40453960696724
ENSSSCG00000004456,35.0265620641181,17.981141208086
ENSSSCG00000004457,49.969759925854,90.5515315280549
ENSSSCG00000026346,3.85512475548469,3.19513662298692
ENSSSCG00000053568,0.477301160202867,0.27192652110527
ENSSSCG00000004458,24.5626520135168,7.54596096067124
ENSSSCG00000004460,55.9910976391824,53.739478733429
ENSSSCG00000004472,23.0206021113229,23.6915981512966
ENSSSCG00000004446,57.2027082766205,52.8217267246987
ENSSSCG00000004453,1.54204990219388,4.01091618630273
ENSSSCG00000004479,29.6293874064395,42.0126475107642
ENSSSCG00000033155,161.731662361048,128.213354701135
ENSSSCG00000004480,56.8355535380029,57.0705786169685
ENSSSCG00000004435,51.6953871973566,22.4679288063229
ENSSSCG00000004438,71.3381657133977,59.8238346431594
ENSSSCG00000004441,8.5914208836516,10.911051659349
ENSSSCG00000031898,9.54602320405733,7.20605280928966
ENSSSCG00000004464,463.606288452431,230.797634788098
ENSSSCG00000004465,19.6427785160411,18.0831136535005
ENSSSCG00000004466,1.57876537605564,0.747797933039493
ENSSSCG00000028080,3.59811643845238,2.07343972342768
ENSSSCG00000004475,5.17688181450802,36.7100803492115
ENSSSCG00000047800,61.9022889309256,63.0869528964226
ENSSSCG00000059566,0.293723790894072,0.509862227072381
ENSSSCG00000058663,0.697594003373421,1.59756831149346
ENSSSCG00000062560,50.116621821301,49.6605809168499
ENSSSCG00000057254,0.146861895447036,0.951742823868445
ENSSSCG00000056387,0.330439264755831,0.883761193592128
ENSSSCG00000054452,0.954602320405733,0.645825487625016
ENSSSCG00000053341,0.293723790894072,0.883761193592128
ENSSSCG00000051809,2.79037601349368,7.7499058515002
ENSSSCG00000061057,9.43587678247206,19.2048105530597
ENSSSCG00000004328,45.9310578010605,100.102950581878
ENSSSCG00000004291,6.31506150422254,1.35963260552635
ENSSSCG00000004293,77.543080796035,80.5242410622981
ENSSSCG00000004294,111.908764330641,99.0492353125946
ENSSSCG00000022994,11.8590980573482,9.07554764188839
ENSSSCG00000026943,16.2282394468975,5.81242938862515
ENSSSCG00000004289,29.5926719325777,45.2757657640275
ENSSSCG00000051834,8.5914208836516,8.39573133912521
ENSSSCG00000026246,2.45993674873785,3.39908151381588
ENSSSCG00000004279,19.8997868330734,21.0743053856584
ENSSSCG00000035281,20.6340963103085,33.616916171639
ENSSSCG00000004300,6.97594003373421,8.42972215426337
ENSSSCG00000055021,0.514016634064626,0.781788748177651
ENSSSCG00000004302,46.3349280135398,34.4326957349548
ENSSSCG00000004304,60.8008247150729,40.5850332749616
ENSSSCG00000004303,29.2622326678219,22.3319655457703
ENSSSCG00000004306,26.7655804452223,23.8615522269874
ENSSSCG00000004307,57.7534403845469,52.039937976521
ENSSSCG00000004309,2.12949748398202,8.22577726343442
ENSSSCG00000050040,0.403870212479349,1.49559586607899
ENSSSCG00000004331,12.189537322104,14.6500413245464
ENSSSCG00000004330,0.991317794267492,1.1556877146974
ENSSSCG00000004280,8.81171372682216,0.985733639006604
ENSSSCG00000004281,3.23096169983479,5.30256716155277
ENSSSCG00000004283,3.52468549072886,0.0679816302763175
ENSSSCG00000058051,3.78169380776118,0.101972445414476
ENSSSCG00000004336,5.03001991906098,7.0021079184607
ENSSSCG00000029003,56.8722690118647,49.0487462443631
ENSSSCG00000057615,0,2.20940298398032
ENSSSCG00000033562,4.95658897133746,3.67100803492115
ENSSSCG00000052938,0.36715473861759,1.01972445414476
ENSSSCG00000058397,23.2408949544934,17.0293983842175
ENSSSCG00000061089,8.04068877572522,9.7213731295134
ENSSSCG00000042663,2.75366053963192,4.52077841337511
ENSSSCG00000063094,0.991317794267492,1.01972445414476
ENSSSCG00000045140,0.440585686341108,0.645825487625016
ENSSSCG00000044841,66.4550076897838,80.1163512806402
ENSSSCG00000038663,4.00198665093173,6.11834672486858
ENSSSCG00000037982,0.403870212479349,0.917752008730286
ENSSSCG00000004276,18.284305983156,13.9702250217832
ENSSSCG00000039025,6.27834603036079,1.01972445414476
ENSSSCG00000035730,18.1007286138472,28.4163214555007
ENSSSCG00000005177,4.18556402024052,6.18632835514489
ENSSSCG00000005178,24.3056436964844,23.3856808150532
ENSSSCG00000005180,25.0766686475814,31.4075131876587
ENSSSCG00000005182,7.01265550759596,7.10408036387518
ENSSSCG00000005183,83.9682887218428,78.144884002627
ENSSSCG00000005184,28.7482160337573,30.4217795486521
ENSSSCG00000005186,10.2436172074308,6.66219976707912
ENSSSCG00000005194,2.09278201012026,10.1972445414476
ENSSSCG00000005196,7.74696498483114,7.68192422122388
ENSSSCG00000005190,31.7588848904215,28.5862755311915
ENSSSCG00000005191,64.1786483103547,63.8347508294621
ENSSSCG00000036360,6.71893171670189,5.23458553127645
ENSSSCG00000054565,0.440585686341108,0.305917336243429
ENSSSCG00000041617,0.477301160202867,0.577843857348699
ENSSSCG00000061754,9.25229941316326,9.10953845702655
ENSSSCG00000061890,1.02803326812925,3.19513662298692
ENSSSCG00000005459,90.79736686013,93.4407508147984
ENSSSCG00000037744,1.39518800674684,1.7335315720461
ENSSSCG00000021386,14.2456038583625,8.76963030564496
ENSSSCG00000042365,1.4319034806086,2.03944890828953
ENSSSCG00000005460,34.6594073255005,24.3374236389217
ENSSSCG00000046439,70.383563392992,69.8511251089162
ENSSSCG00000005463,0.036715473861759,0.54385304221054
ENSSSCG00000022780,3.23096169983479,5.77843857348699
ENSSSCG00000005466,125.713782502663,119.613678471181
ENSSSCG00000005467,28.2709148735544,23.8615522269874
ENSSSCG00000005469,5.76432939629616,6.05036509459226
ENSSSCG00000026194,29.8129647757483,31.3735223725205
ENSSSCG00000005440,20.3403725194145,20.5304523434479
ENSSSCG00000005441,24.9298067521343,30.0478805821323
ENSSSCG00000005444,84.8127446206632,76.5813065062717
ENSSSCG00000005446,97.7365914200024,78.1108931874888
ENSSSCG00000005449,55.9176666914589,53.5355338426
ENSSSCG00000033120,76.625193949491,54.4872766664685
ENSSSCG00000005452,5.47060560540209,2.92321010188165
ENSSSCG00000005453,110.440145376171,78.4168105237322
ENSSSCG00000005455,47.3262458078073,12.7465556768095
ENSSSCG00000005457,26.0679864418489,6.52623650652648
ENSSSCG00000053039,18.4678833524648,20.7004064191387
ENSSSCG00000005424,16.1180930253122,32.3592560115271
ENSSSCG00000005423,75.2667214166059,78.2128656329033
ENSSSCG00000031592,20.560665362585,16.0776555603491
ENSSSCG00000005436,140.253110151919,129.40303323097
ENSSSCG00000005437,29.6293874064395,12.9165097525003
ENSSSCG00000005487,45.4904721147194,38.4436119212575
ENSSSCG00000005488,1.35847253288508,0.475871411934223
ENSSSCG00000023894,55.3302191096708,90.2456141918115
ENSSSCG00000005490,21.3684057875437,25.255175647652
ENSSSCG00000053522,121.968804168763,114.617028645871
ENSSSCG00000005229,73.3942322496562,198.778286927952
ENSSSCG00000059646,0.440585686341108,0.135963260552635
ENSSSCG00000036457,0.440585686341108,0.203944890828953
ENSSSCG00000005494,361.427124695155,62.509109039074
ENSSSCG00000005232,100.012950799431,115.364826578911
ENSSSCG00000005465,2.90052243507896,3.80697129547378
ENSSSCG00000005198,22.4698700033965,21.8560941338361
ENSSSCG00000005199,5.50732107926385,4.79270493448038
ENSSSCG00000005201,36.5318964924502,43.1003535951853
ENSSSCG00000005204,45.9310578010605,46.8393432603828
ENSSSCG00000005203,21.6988450522996,11.8967852983556
ENSSSCG00000005235,139.518800674684,360.336631279621
ENSSSCG00000005484,10.7943493153571,11.7948128529411
ENSSSCG00000005485,0.514016634064626,1.08770608442108
ENSSSCG00000005240,15.6040763912476,18.9328840319544
ENSSSCG00000005486,23.9384889578669,29.979898951856
ENSSSCG00000004233,4.14884854637876,1.5635774963553
ENSSSCG00000004236,2.75366053963192,0.509862227072381
ENSSSCG00000005241,39.762858192285,40.1431526781655
ENSSSCG00000004237,349.384449268498,216.317547539242
ENSSSCG00000038420,336.827757207777,250.954188165026
ENSSSCG00000004238,63.8849245194606,59.8578254582976
ENSSSCG00000004172,16.7055406071003,27.838477598152
ENSSSCG00000005243,188.05665711993,134.603627947109
ENSSSCG00000021149,4.2957104418258,5.40453960696724
ENSSSCG00000022387,8.07740424958698,8.97357519647391
ENSSSCG00000033258,3.19424622597303,0.475871411934223
ENSSSCG00000004154,7.23294835076652,5.88041101890146
ENSSSCG00000051392,0.514016634064626,0.339908151381588
ENSSSCG00000004177,1193.39976240261,529.508918222237
ENSSSCG00000043047,0.220292843170554,0.339908151381588
ENSSSCG00000051799,0.881171372682216,0.883761193592128
ENSSSCG00000004178,11.3450814232835,9.8913272052042
ENSSSCG00000061287,1.28504158516156,0.407889781657905
ENSSSCG00000041449,11.4919433187306,15.2958668121714
ENSSSCG00000043626,0.587447581788144,0.985733639006604
ENSSSCG00000060784,2.12949748398202,3.19513662298692
ENSSSCG00000004179,257.742626509548,6.08435590973042
ENSSSCG00000062611,2.49665222259961,2.88921928674349
ENSSSCG00000055985,0.440585686341108,0.305917336243429
ENSSSCG00000034087,2.75366053963192,1.63155912663162
ENSSSCG00000004180,2.0560665362585,0.169954075690794
ENSSSCG00000051325,0.954602320405733,2.27738461425664
ENSSSCG00000044363,1.50533442833212,1.42761423580267
ENSSSCG00000004149,107.539622941092,153.162613012543
ENSSSCG00000004150,52.3929812007301,33.4809529110864
ENSSSCG00000004181,99.3887877437816,3.56903558950667
ENSSSCG00000022968,2.38650580101433,2.10743053856584
ENSSSCG00000004193,18.2475905092942,38.3416394758431
ENSSSCG00000021443,45.7107649578899,11.0470149199016
ENSSSCG00000004534,2.45993674873785,3.26311825326324
ENSSSCG00000004528,7.52667214166059,8.25976807857258
ENSSSCG00000025992,43.2508282091521,47.0772789663499
ENSSSCG00000004529,18.8350380910824,21.7881125035598
ENSSSCG00000032835,9.3991613086103,11.556877146974
ENSSSCG00000004196,51.9891109882507,62.2711733331068
ENSSSCG00000004142,57.2027082766205,95.7861170593314
ENSSSCG00000004143,4.11213307251701,4.58876004365143
ENSSSCG00000004530,0.183577369308795,0.747797933039493
ENSSSCG00000004531,4.18556402024052,4.18087026199353
ENSSSCG00000005250,9.76631604722789,12.1347210043227
ENSSSCG00000005252,5.17688181450802,12.4746291557043
ENSSSCG00000035243,9.91317794267492,7.40999770011861
ENSSSCG00000004589,37.5232142867177,45.3777382094419
ENSSSCG00000035668,39.2488415582203,25.3231572779283
ENSSSCG00000030655,16.9258334502709,77.2271319938967
ENSSSCG00000004123,273.603711217828,148.811788674859
ENSSSCG00000005255,44.0952841079725,51.6660390100013
ENSSSCG00000004592,72.4763454031122,85.9967622995416
ENSSSCG00000021646,38.7715403980175,78.4508013388704
ENSSSCG00000005257,20.7442427318938,11.5908679621121
ENSSSCG00000057517,0.807740424958698,0.883761193592128
ENSSSCG00000004125,1.83577369308795,1.08770608442108
ENSSSCG00000004127,7.89382688027818,6.66219976707912
ENSSSCG00000024131,7.85711140641642,10.3332078020003
ENSSSCG00000024257,34.2555371130211,19.3407738136123
ENSSSCG00000004576,2.0560665362585,2.75325602619086
ENSSSCG00000005225,17.6234274536443,17.3693065355991
ENSSSCG00000004224,10.6842028937719,14.5140780639938
ENSSSCG00000004225,33.0806419494448,17.131370829632
ENSSSCG00000039823,2.42322127487609,0.339908151381588
ENSSSCG00000005227,28.9685088769278,35.2144844831325
ENSSSCG00000005221,60.8742556627964,80.8641492136797
ENSSSCG00000005222,7.3430947723518,16.6554994176978
ENSSSCG00000040918,17.8804357706766,23.3176991847769
ENSSSCG00000005224,85.2533303070043,117.098358150957
ENSSSCG00000004577,24.9665222259961,26.7507715137309
ENSSSCG00000004132,22.396439055673,39.1574190391589
ENSSSCG00000005205,33.3376502664772,38.5795751818102
ENSSSCG00000004578,893.58120284749,584.336103040087
ENSSSCG00000005207,67.1526016931572,21.0063237553821
ENSSSCG00000004133,91.2746680203328,75.0177290099164
ENSSSCG00000005208,17.7335738752296,23.5896257058822
ENSSSCG00000004134,19.3123392512852,15.635774963553
ENSSSCG00000036790,35.2468549072886,22.8078369577045
ENSSSCG00000039598,3.78169380776118,4.48678759823696
ENSSSCG00000004136,16.6321096593768,28.5862755311915
ENSSSCG00000005211,2.45993674873785,1.66554994176978
ENSSSCG00000004138,33.81495142668,42.8624178892182
ENSSSCG00000005212,17.9905821922619,15.4658208878622
ENSSSCG00000004199,72.4396299292505,85.0450194756732
ENSSSCG00000004139,3.78169380776118,8.42972215426337
ENSSSCG00000005216,0.587447581788144,4.99664982530934
ENSSSCG00000004582,39.3589879798056,52.8217267246987
ENSSSCG00000004583,38.0739463946441,30.0818713972705
ENSSSCG00000004140,47.6934005464249,40.0751710478892
ENSSSCG00000005215,15.4939299696623,28.8921928674349
ENSSSCG00000004584,30.2535504620894,2.141421353704
ENSSSCG00000004586,50.4837765599186,48.1309942356328
ENSSSCG00000004587,72.5864918246975,59.7558530128831
ENSSSCG00000004156,50.5939229815039,59.4159448615015
ENSSSCG00000004588,2.79037601349368,0.577843857348699
ENSSSCG00000005217,15.5673609173858,21.41421353704
ENSSSCG00000004157,12.336399217551,0.917752008730286
ENSSSCG00000004159,0.73430947723518,0.611834672486858
ENSSSCG00000023595,58.5611808095056,86.9824959385483
ENSSSCG00000004160,24.4892210657932,13.3583903492964
ENSSSCG00000004535,10.0233243642602,10.8430700290726
ENSSSCG00000005219,42.4063723103316,55.3370470449224
ENSSSCG00000026041,30.4371278313982,38.2056762152904
ENSSSCG00000004223,85.5103386240367,57.9543398105607
ENSSSCG00000004190,22.54330095112,32.5292100872179
ENSSSCG00000005220,5.47060560540209,4.24885189226984
ENSSSCG00000039049,63.6646316762901,55.3370470449224
ENSSSCG00000042982,0.440585686341108,0.203944890828953
ENSSSCG00000056124,0.954602320405733,1.97146727801321
ENSSSCG00000051776,1.50533442833212,4.21486107713169
ENSSSCG00000043234,0.146861895447036,0.407889781657905
ENSSSCG00000054958,0.440585686341108,0.441880596796064
ENSSSCG00000060676,0.146861895447036,1.05371526928292
ENSSSCG00000057292,0.36715473861759,3.02518254729613
ENSSSCG00000004191,30.7308516222923,3.2971090684014
ENSSSCG00000056901,0.220292843170554,1.35963260552635
ENSSSCG00000053418,1.02803326812925,3.97692537116457
ENSSSCG00000053718,7.52667214166059,4.8606865647567
ENSSSCG00000061171,0.624163055649903,0.747797933039493
ENSSSCG00000058961,0.293723790894072,1.63155912663162
ENSSSCG00000061136,0.514016634064626,0.81577956331581
ENSSSCG00000004192,128.908028728636,56.6966796504488
ENSSSCG00000047530,0.403870212479349,0.203944890828953
ENSSSCG00000058411,2.57008317032313,3.09316417757245
ENSSSCG00000062003,0.991317794267492,3.80697129547378
ENSSSCG00000004201,1.90920464081147,0.54385304221054
ENSSSCG00000005062,42.6266651535022,40.3810883841326
ENSSSCG00000004537,99.3887877437816,67.3018139735543
ENSSSCG00000004209,92.0824084452915,71.8225923869294
ENSSSCG00000057314,8.15083519731049,9.58540986896077
ENSSSCG00000050857,21.8824224216084,44.3920045704353
ENSSSCG00000058562,2.79037601349368,5.40453960696724
ENSSSCG00000005096,201.935106239674,111.86377261968
ENSSSCG00000004538,32.897064580136,27.192652110527
ENSSSCG00000005097,13.3644324856803,14.8879770305135
ENSSSCG00000005098,0.844455898820457,0.917752008730286
ENSSSCG00000041512,3.37782359528183,2.00545809315137
ENSSSCG00000004541,36.9724821787913,38.5115935515339
ENSSSCG00000047303,0.440585686341108,0.54385304221054
ENSSSCG00000023408,31.1347218347716,15.8737106695201
ENSSSCG00000004542,125.016188499289,136.473122779707
ENSSSCG00000035715,2.97395338280248,2.82123765646718
ENSSSCG00000005102,23.0940330590464,25.4931113536191
ENSSSCG00000004543,10.7209183676336,15.4658208878622
ENSSSCG00000004544,47.1793839123603,44.4939770158498
ENSSSCG00000038602,1.13817968971453,0.713807117901334
ENSSSCG00000005066,40.6440295649672,40.5170516446852
ENSSSCG00000004545,0.293723790894072,0.679816302763175
ENSSSCG00000004215,5.54403655312561,1.93747646287505
ENSSSCG00000004216,58.340887966335,38.2056762152904
ENSSSCG00000004547,21.2582593659584,21.1422870159347
ENSSSCG00000004217,55.293503635809,51.2241584132052
ENSSSCG00000004163,162.098817099666,152.006925297846
ENSSSCG00000004218,8.15083519731049,16.0096739300728
ENSSSCG00000057184,3.92855570320821,1.5635774963553
ENSSSCG00000004220,7.89382688027818,9.24550171757918
ENSSSCG00000004221,24.0119199055904,20.5984339737242
ENSSSCG00000004548,1.21161063743805,0.509862227072381
ENSSSCG00000004222,34.0352442698506,41.1968679474484
ENSSSCG00000004549,25.2235305430284,33.3109988353956
ENSSSCG00000004165,14.8697669140124,9.34747416299366
ENSSSCG00000004550,138.197043615661,114.447074570181
ENSSSCG00000004551,58.8549046003996,69.1713088061531
ENSSSCG00000004552,28.0139065565221,21.2782502764874
ENSSSCG00000004554,3.74497833389942,0.679816302763175
ENSSSCG00000004203,17.8437202968149,20.2585258223426
ENSSSCG00000004558,38.0372309207823,40.8229689809287
ENSSSCG00000004204,0.403870212479349,0.747797933039493
ENSSSCG00000004205,46.7020827521574,28.0764133041191
ENSSSCG00000034137,272.171807737219,64.650530392778
ENSSSCG00000062397,27.2795970792869,27.5325602619086
ENSSSCG00000037275,3.70826286003766,1.80151320232241
ENSSSCG00000004207,32.0158932074538,20.4624707131716
ENSSSCG00000054762,19.8997868330734,39.0214557786062
ENSSSCG00000052089,1.35847253288508,2.24339379911848
ENSSSCG00000042703,102.215879231137,106.69716871868
ENSSSCG00000053390,0.36715473861759,0.611834672486858
ENSSSCG00000033894,3.59811643845238,1.66554994176978
ENSSSCG00000005065,37.3029214435471,49.7965441774026
ENSSSCG00000059141,1.87248916694971,4.35082433768432
ENSSSCG00000031332,35.1367084857033,43.1343444103235
ENSSSCG00000056139,9.47259225633382,9.65339149923709
ENSSSCG00000050757,5.61746750084912,5.13261308586197
ENSSSCG00000005067,0.624163055649903,0.407889781657905
ENSSSCG00000062659,2.45993674873785,2.27738461425664
ENSSSCG00000060884,1.94592011467323,5.0306406404475
ENSSSCG00000061752,2.12949748398202,2.54931113536191
ENSSSCG00000056433,10.8310647892189,6.22031917028305
ENSSSCG00000052935,0.293723790894072,0.54385304221054
ENSSSCG00000052386,0.293723790894072,0.54385304221054
ENSSSCG00000034124,31.3917301518039,28.9261836825731
ENSSSCG00000062236,0.36715473861759,1.25766016011187
ENSSSCG00000060280,3.12081527824951,0.611834672486858
ENSSSCG00000060378,0.110146421585277,0.475871411934223
ENSSSCG00000059265,0.220292843170554,0.407889781657905
ENSSSCG00000021588,67.6666183272218,8.1577956331581
ENSSSCG00000050451,3.08409980438775,3.1271549927106
ENSSSCG00000063217,0.991317794267492,0.883761193592128
ENSSSCG00000055354,17.0359798718562,15.635774963553
ENSSSCG00000058521,0.587447581788144,0.407889781657905
ENSSSCG00000018972,1.68891179764091,0.645825487625016
ENSSSCG00000004561,98.0303152108965,84.8410745848443
ENSSSCG00000038786,7.67353403710763,7.1720619941515
ENSSSCG00000025013,53.6413073120299,75.2896555310216
ENSSSCG00000028737,33.0072110017213,30.3877887335139
ENSSSCG00000005052,6.38849245194606,9.58540986896077
ENSSSCG00000004822,34.7695537470858,25.1192123870993
ENSSSCG00000032332,30.1066885666424,43.4062709314287
ENSSSCG00000004825,36.6787583878972,43.032371964909
ENSSSCG00000005054,135.03951286355,119.273770319799
ENSSSCG00000004795,101.701862597072,118.593954017036
ENSSSCG00000004732,0.881171372682216,0.0339908151381588
ENSSSCG00000005055,264.645135595559,487.122371744953
ENSSSCG00000005056,2.64351411804665,0.849770378453969
ENSSSCG00000005057,3.56140096459062,4.69073248906591
ENSSSCG00000040895,2.93723790894072,2.92321010188165
ENSSSCG00000005058,6.49863887353134,8.53169459967785
ENSSSCG00000032949,19.0920464081147,26.1389368412441
ENSSSCG00000004565,118.517549625758,7.10408036387518
ENSSSCG00000005060,221.834893072748,199.662048121545
ENSSSCG00000026571,44.021853160249,33.7528794321916
ENSSSCG00000004744,32.897064580136,53.6714971031527
ENSSSCG00000023158,43.2141127352903,36.8800344249022
ENSSSCG00000004661,20.2302260978292,21.41421353704
ENSSSCG00000004569,20.4505189409998,16.9614167539412
ENSSSCG00000004570,4035.91174877999,3224.13078829977
ENSSSCG00000004820,15.8243692344181,15.3298576273096
ENSSSCG00000033800,1.90920464081147,2.41334787480927
ENSSSCG00000004821,16.6321096593768,16.7234810479741
ENSSSCG00000005071,41.2314771467553,30.82966933031
ENSSSCG00000004839,0.660878529511662,0.713807117901334
ENSSSCG00000049460,1.02803326812925,0.679816302763175
ENSSSCG00000022299,104.932824296907,97.4516670011011
ENSSSCG00000004826,71.4115966611212,21.7881125035598
ENSSSCG00000055131,7.45324119393707,1.7335315720461
ENSSSCG00000005072,85.3634767285896,77.091168733344
ENSSSCG00000004836,0.073430947723518,0.54385304221054
ENSSSCG00000004823,52.1359728836978,41.2988403928629
ENSSSCG00000005073,31.685453942698,34.3307232895403
ENSSSCG00000030560,49.7127516088217,68.6954373942188
ENSSSCG00000004662,3.26767717369655,3.19513662298692
ENSSSCG00000004663,9.2155839393015,26.7847623288691
ENSSSCG00000005075,0.36715473861759,0.441880596796064
ENSSSCG00000024088,33.7048050050947,42.1146199561787
ENSSSCG00000026900,12.3731146914128,9.61940068409893
ENSSSCG00000027270,7.85711140641642,7.78389666663835
ENSSSCG00000005076,15.0900597571829,15.8057290392438
ENSSSCG00000043519,1.32175705902332,1.97146727801321
ENSSSCG00000004830,24.0119199055904,34.0248059532969
ENSSSCG00000031856,22.54330095112,9.7213731295134
ENSSSCG00000054906,0.807740424958698,0.883761193592128
ENSSSCG00000005103,14.6494740708418,17.8111871323952
ENSSSCG00000004832,71.1545883440889,71.0068128236136
ENSSSCG00000037343,24.6360829612403,23.555634890744
ENSSSCG00000005105,13.254286064095,11.8967852983556
ENSSSCG00000005106,63.370907885396,63.8687416446003
ENSSSCG00000004840,3.52468549072886,2.68527439591454
ENSSSCG00000026006,49.969759925854,55.676955196304
ENSSSCG00000035223,14.9064823878741,45.4797106548564
ENSSSCG00000004739,25.7742626509548,42.9983811497708
ENSSSCG00000004813,6.3517769780843,7.64793340608572
ENSSSCG00000005749,83.4909875616399,104.4877657347
ENSSSCG00000063327,0.293723790894072,0.339908151381588
ENSSSCG00000056777,5.61746750084912,6.90013547304623
ENSSSCG00000004745,44.4991543204519,46.669389184692
ENSSSCG00000028771,87.7866980034657,118.118082605102
ENSSSCG00000035284,53.164006151827,75.1876830856072
ENSSSCG00000004785,31.1347218347716,37.3559058368365
ENSSSCG00000055844,28.784931507619,21.0743053856584
ENSSSCG00000030487,14.9064823878741,14.3781148034412
ENSSSCG00000039061,58.9283355481232,75.4936004218506
ENSSSCG00000057874,12.9238467993392,13.3583903492964
ENSSSCG00000058109,0.293723790894072,1.49559586607899
ENSSSCG00000038452,2.75366053963192,3.56903558950667
ENSSSCG00000055636,0.440585686341108,1.01972445414476
ENSSSCG00000055290,9.80303152108965,11.99875774377
ENSSSCG00000004787,13.2910015379568,25.3571480930664
ENSSSCG00000035254,15.7509382866946,15.6697657786912
ENSSSCG00000057289,0.220292843170554,0.339908151381588
ENSSSCG00000040418,14.5026121753948,18.5589850654347
ENSSSCG00000005081,59.2954902867408,103.400059650279
ENSSSCG00000004802,23.0573175851846,23.4196716301914
ENSSSCG00000004789,264.167834435356,61.4893845849292
ENSSSCG00000005742,6.93922455987245,2.88921928674349
ENSSSCG00000005082,178.106763703393,223.55759116367
ENSSSCG00000004791,5.61746750084912,3.46706314409219
ENSSSCG00000005740,4.33242591568756,2.61729276563822
ENSSSCG00000005083,28.4177767690015,30.0818713972705
ENSSSCG00000004799,26.0679864418489,31.1015958514153
ENSSSCG00000004792,38.6613939764322,24.6433409751651
ENSSSCG00000005084,54.2654703676798,53.7054879182908
ENSSSCG00000005743,29.1888017200984,35.7243467102048
ENSSSCG00000039393,15.3103526003535,12.8145373070858
ENSSSCG00000005598,1.10146421585277,2.141421353704
ENSSSCG00000005087,2.60679864418489,0.475871411934223
ENSSSCG00000005089,12.4832611129981,17.4032973507373
ENSSSCG00000005090,23.6814806408345,17.9471503929478
ENSSSCG00000005600,53.5678763643064,48.6748472778433
ENSSSCG00000024529,14.0620264890537,15.9077014846583
ENSSSCG00000004834,32.6767717369655,43.7461790828103
ENSSSCG00000005599,16.154808499174,8.80362112078312
ENSSSCG00000005092,16.9625489241326,15.7377474089675
ENSSSCG00000050569,0.293723790894072,0.611834672486858
ENSSSCG00000005601,1709.83961774212,317.916093987199
ENSSSCG00000054331,26.6187185497753,55.880900087133
ENSSSCG00000055023,1.54204990219388,2.88921928674349
ENSSSCG00000005095,25.1868150691667,8.39573133912521
ENSSSCG00000059729,82.2059459764784,155.711924147905
ENSSSCG00000044231,0.73430947723518,0.917752008730286
ENSSSCG00000005602,64.7293804182811,62.2711733331068
ENSSSCG00000060230,0.844455898820457,0.27192652110527
ENSSSCG00000052653,0.330439264755831,5.77843857348699
ENSSSCG00000061900,47.987124337319,39.6332904510931
ENSSSCG00000058387,0.183577369308795,0.54385304221054
ENSSSCG00000058801,1.28504158516156,0.81577956331581
ENSSSCG00000056778,3.047384330526,11.4888955166977
ENSSSCG00000042837,1.87248916694971,1.29165097525003
ENSSSCG00000051146,0.183577369308795,0.611834672486858
ENSSSCG00000061741,0.954602320405733,1.97146727801321
ENSSSCG00000054949,0.146861895447036,0.475871411934223
ENSSSCG00000060976,11.7122361619011,13.9362342066451
ENSSSCG00000053803,1.13817968971453,2.37935705967111
ENSSSCG00000060694,0.403870212479349,0.339908151381588
ENSSSCG00000053134,0.660878529511662,3.50105395923035
ENSSSCG00000062562,0.73430947723518,1.63155912663162
ENSSSCG00000062715,0.440585686341108,0.135963260552635
ENSSSCG00000026014,0.036715473861759,0.54385304221054
ENSSSCG00000055525,1.4319034806086,2.51532032022375
ENSSSCG00000059991,0.440585686341108,0.135963260552635
ENSSSCG00000057496,11.7856671096246,11.5228863318358
ENSSSCG00000051017,0.146861895447036,0.373898966519746
ENSSSCG00000004814,47.069237490775,54.9291572632645
ENSSSCG00000026425,1.24832611129981,0.203944890828953
ENSSSCG00000029169,56.1379595346295,56.2547990536527
ENSSSCG00000005604,46.7755136998809,42.4885189226984
ENSSSCG00000036926,28.638069612172,36.9820068703167
ENSSSCG00000032752,19.5326320944558,22.7738461425664
ENSSSCG00000031426,27.6467518179045,33.5149437262245
ENSSSCG00000005607,24.5626520135168,28.5522847160534
ENSSSCG00000004725,31.0612908870481,26.6827898834546
ENSSSCG00000004728,3.4879700168671,1.80151320232241
ENSSSCG00000005608,286.123687804688,167.642700261399
ENSSSCG00000004729,100.233243642602,172.027515414221
ENSSSCG00000004730,113.9648308669,81.7479104072718
ENSSSCG00000033472,0.514016634064626,0.713807117901334
ENSSSCG00000004731,87.6765515818804,83.07355219766
ENSSSCG00000004746,4.95658897133746,4.41880596796064
ENSSSCG00000004747,61.9390044047874,72.0605280928966
ENSSSCG00000032141,19.3857701990087,16.8934351236649
ENSSSCG00000004659,0.881171372682216,1.5635774963553
ENSSSCG00000004666,33.9985287959888,76.1734167246138
ENSSSCG00000037384,51.0712241417067,50.0344798833697
ENSSSCG00000004668,8.62813635751336,10.9450424744871
ENSSSCG00000004670,1.13817968971453,1.05371526928292
ENSSSCG00000004671,6.93922455987245,7.10408036387518
ENSSSCG00000035964,0.587447581788144,0.339908151381588
ENSSSCG00000004672,6.46192339966958,15.2618759970333
ENSSSCG00000004673,2.2396439055673,1.35963260552635
ENSSSCG00000004674,4.00198665093173,4.58876004365143
ENSSSCG00000004675,3.30439264755831,1.25766016011187
ENSSSCG00000004676,0.954602320405733,0.781788748177651
ENSSSCG00000004678,2.12949748398202,0.81577956331581
ENSSSCG00000024912,28.7482160337573,32.9370998688758
ENSSSCG00000038220,50.1900527690245,78.0429115572125
ENSSSCG00000005751,556.05585163634,145.582661236734
ENSSSCG00000029715,7.45324119393707,5.77843857348699
ENSSSCG00000023996,134.63564265107,91.7412100578905
ENSSSCG00000031407,0.954602320405733,0.985733639006604
ENSSSCG00000023173,13.5112943811273,16.5535269722833
ENSSSCG00000021241,9.80303152108965,11.3189414410069
ENSSSCG00000040709,9.03200656999271,7.71591503636204
ENSSSCG00000024166,4.00198665093173,2.51532032022375
ENSSSCG00000032106,31.3182992040804,32.9031090537377
ENSSSCG00000031941,34.8062692209475,34.1607692138495
ENSSSCG00000035904,873.350976749661,661.495253403707
ENSSSCG00000035727,33.668089531233,35.9282916010338
ENSSSCG00000038459,9.32573036088678,14.4800872488556
ENSSSCG00000040710,227.268783204288,128.451290407102
ENSSSCG00000005609,3.92855570320821,5.60848449779619
ENSSSCG00000062903,0.440585686341108,1.05371526928292
ENSSSCG00000005610,28.9317934030661,7.51197014553308
ENSSSCG00000005611,13.107424168648,14.2761423580267
ENSSSCG00000005613,20.1567951501057,16.2136188209017
ENSSSCG00000005614,86.3180790489954,136.98298500678
ENSSSCG00000055491,8.88514467454567,7.5799517758094
ENSSSCG00000059456,57.9737332277174,25.9689827655533
ENSSSCG00000062610,10.206901733569,4.79270493448038
ENSSSCG00000054501,3.41453906914359,1.86949483259873
ENSSSCG00000056855,4.03870212479349,2.27738461425664
ENSSSCG00000047673,0.440585686341108,0.475871411934223
ENSSSCG00000019358,0.624163055649903,0.305917336243429
ENSSSCG00000062001,0.514016634064626,0.917752008730286
ENSSSCG00000057762,1.21161063743805,1.35963260552635
ENSSSCG00000037405,2.20292843170554,1.59756831149346
ENSSSCG00000037372,6.31506150422254,5.54050286751988
ENSSSCG00000029697,86.1345016796866,111.353910392608
ENSSSCG00000049216,0.73430947723518,1.05371526928292
ENSSSCG00000027726,9.87646246881317,21.0743053856584
ENSSSCG00000037508,607.273937673493,466.999809183163
ENSSSCG00000036639,173.737622313844,152.8566956763
ENSSSCG00000005518,71.4115966611212,105.847398340226
ENSSSCG00000038036,1.83577369308795,1.22366934497372
ENSSSCG00000005528,45.1600328499635,62.8830080055937
ENSSSCG00000005529,93.991613086103,82.2577726343442
ENSSSCG00000005530,3.59811643845238,2.37935705967111
ENSSSCG00000030089,38.2208082900911,32.2912743812508
ENSSSCG00000005532,20.8176736796173,17.8111871323952
ENSSSCG00000005533,3.19424622597303,1.32564179038819
ENSSSCG00000004679,18.2108750354325,15.7037565938293
ENSSSCG00000004687,226.754766570223,146.058532648668
ENSSSCG00000061749,0.403870212479349,0.339908151381588
ENSSSCG00000004684,52.9069978347947,48.5048932021525
ENSSSCG00000004691,55.2200726880855,56.1188357931001
ENSSSCG00000035827,36.715473861759,39.0214557786062
ENSSSCG00000004334,38.0005154469205,37.1519609460075
ENSSSCG00000051899,481.413293275384,236.576073361585
ENSSSCG00000004040,38.0739463946441,35.7923283404812
ENSSSCG00000004044,117.342654462182,116.724459184437
ENSSSCG00000004039,2.53336769646137,2.03944890828953
ENSSSCG00000004332,1.57876537605564,1.46160505094083
ENSSSCG00000061618,0.477301160202867,0.135963260552635
ENSSSCG00000027974,23.461187797664,20.7343972342768
ENSSSCG00000034239,16.6321096593768,15.635774963553
ENSSSCG00000038300,0.110146421585277,0.54385304221054
ENSSSCG00000029687,40.5705986172437,39.7352628965076
ENSSSCG00000005399,53.8983156290622,52.1079196067974
ENSSSCG00000005617,56.5418297471088,40.1091618630273
ENSSSCG00000005618,172.011995042341,134.39968305628
ENSSSCG00000005616,26.7288649713605,8.59967622995416
ENSSSCG00000005619,8.29769709275753,6.11834672486858
ENSSSCG00000005620,13.3277170118185,10.6391251382437
ENSSSCG00000005621,140.803842259846,160.164720931004
ENSSSCG00000005626,28.7482160337573,29.0621469431257
ENSSSCG00000005625,79.672578280017,40.6530149052379
ENSSSCG00000005627,69.465676546448,64.888466098745
ENSSSCG00000005623,172.599442624129,77.2611228090348
ENSSSCG00000005628,195.840337578622,36.6420987189351
ENSSSCG00000005629,1.06474874199101,0.509862227072381
ENSSSCG00000032481,47.1793839123603,32.12132030556
ENSSSCG00000005631,59.5524986037731,71.8225923869294
ENSSSCG00000005636,27.3163125531487,36.404163012968
ENSSSCG00000022655,19.4224856728705,29.7419632458889
ENSSSCG00000022295,19.5693475683175,17.5732514264281
ENSSSCG00000005640,70.383563392992,62.305164148245
ENSSSCG00000005641,27.2061661315634,9.48343742354629
ENSSSCG00000005643,185.596720371192,104.453774919562
ENSSSCG00000032748,35.797587015215,27.7025143375994
ENSSSCG00000005645,31.6120229949745,34.2967324744022
ENSSSCG00000005646,105.850711143451,95.8201078744695
ENSSSCG00000005648,32.5666253153802,25.7650378747243
ENSSSCG00000005649,51.6953871973566,43.5082433768432
ENSSSCG00000005650,103.207197025404,44.2560413098827
ENSSSCG00000005651,163.971306266616,122.264962051957
ENSSSCG00000005652,23.9752044317286,23.7255889664348
ENSSSCG00000005654,457.034218631176,637.293793025338
ENSSSCG00000005655,164.48532290068,161.864261687912
ENSSSCG00000005656,265.526306968241,243.714144540598
ENSSSCG00000005657,16.6321096593768,9.3134833478555
ENSSSCG00000063201,13.3277170118185,8.39573133912521
ENSSSCG00000005659,56.7254071164176,38.4436119212575
ENSSSCG00000005660,78.4976831164407,62.95098963587
ENSSSCG00000005661,4.14884854637876,2.61729276563822
ENSSSCG00000005662,10.5740564721866,13.8002709460925
ENSSSCG00000005663,6.93922455987245,8.49770378453969
ENSSSCG00000005664,44.6827316897607,49.4906268411591
ENSSSCG00000005665,2.2396439055673,2.34536624453295
ENSSSCG00000005666,12.0793909005187,13.052473013053
ENSSSCG00000005667,61.4984187184463,89.2598805528049
ENSSSCG00000005668,47.1426684384985,67.9476394611793
ENSSSCG00000005669,40.8643224081377,49.7965441774026
ENSSSCG00000056456,4.55271875885811,3.16114580784876
ENSSSCG00000054966,1.98263558853498,4.65674167392775
ENSSSCG00000005638,117.452800883767,52.1759012370737
ENSSSCG00000035245,1.06474874199101,0.135963260552635
ENSSSCG00000004144,27.7568982394898,27.6005418921849
ENSSSCG00000004145,24.379074644208,7.10408036387518
ENSSSCG00000004146,43.1406817875668,29.2321010188165
ENSSSCG00000004147,133.203739170462,154.284309912103
ENSSSCG00000004148,33.4110812142007,49.3206727654684
ENSSSCG00000060537,0.403870212479349,2.00545809315137
ENSSSCG00000034213,1.72562727150267,3.53504477436851
ENSSSCG00000005169,1016.72490217983,777.267969764276
ENSSSCG00000005170,21.0746819966497,29.8099448761652
ENSSSCG00000035863,10.3170481551543,14.9559586607899
ENSSSCG00000027257,95.9375332007762,83.9573133912521
ENSSSCG00000056034,2.12949748398202,0.747797933039493
ENSSSCG00000005393,8.18755067117225,2.34536624453295
ENSSSCG00000042524,0.477301160202867,1.01972445414476
ENSSSCG00000038171,18.7616071433588,3.8749529257501
ENSSSCG00000005398,177.886470860222,177.839944802847
ENSSSCG00000042952,0.146861895447036,0.407889781657905
ENSSSCG00000049199,9.10543751771623,7.37600688498045
ENSSSCG00000005471,7.01265550759596,5.8464202037633
ENSSSCG00000005472,19.3123392512852,83.1755246430745
ENSSSCG00000005474,4.22227949410228,14.3781148034412
ENSSSCG00000047560,1.28504158516156,0.577843857348699
ENSSSCG00000005475,2.49665222259961,2.58330195050007
ENSSSCG00000005477,54.6693405801591,52.3118644976263
ENSSSCG00000023714,10.5740564721866,4.48678759823696
ENSSSCG00000034278,57.8635868061322,47.0092973360736
ENSSSCG00000033177,23.2408949544934,18.2870585443294
ENSSSCG00000024648,35.4671477504592,31.2375591119679
ENSSSCG00000027688,16.6688251332386,20.4964615283097
ENSSSCG00000020987,24.4892210657932,25.8670103201388
ENSSSCG00000021173,5.50732107926385,4.14687944685537
ENSSSCG00000039861,11.8223825834864,10.3671986171384
ENSSSCG00000005478,26.7655804452223,28.5182939009152
ENSSSCG00000005479,1.4319034806086,1.18967852983556
ENSSSCG00000005480,39.4324189275291,54.0453960696724
ENSSSCG00000053708,89.5123252749684,40.24512512358
ENSSSCG00000005425,138.343905511108,164.175637117307
ENSSSCG00000054150,7.04937098145772,10.1632537263095
ENSSSCG00000005426,36.3850345970031,33.820861062468
ENSSSCG00000039896,16.4118168162063,16.0096739300728
ENSSSCG00000053150,0.36715473861759,2.07343972342768
ENSSSCG00000004803,9.06872204385447,2.51532032022375
ENSSSCG00000004806,2.64351411804665,1.66554994176978
ENSSSCG00000004807,52.3562657268683,23.3176991847769
ENSSSCG00000033657,2.82709148735544,0.135963260552635
ENSSSCG00000027232,0.36715473861759,0.407889781657905
ENSSSCG00000004811,3.45125454300534,3.80697129547378
ENSSSCG00000056845,5.58075202698736,6.52623650652648
ENSSSCG00000044690,4.22227949410228,4.24885189226984
ENSSSCG00000031669,16.8156870286856,12.2706842648753
ENSSSCG00000005671,78.4976831164407,79.3685533476007
ENSSSCG00000005672,169.0747571334,190.960399446176
ENSSSCG00000005673,11.7122361619011,9.1435292721647
ENSSSCG00000061305,4.66286518044339,2.99119173215797
ENSSSCG00000005678,12.7769849038921,13.8002709460925
ENSSSCG00000005679,18.9084690388059,19.6806819649939
ENSSSCG00000005680,0.73430947723518,0.54385304221054
ENSSSCG00000005688,10.9779266846659,15.7717382241057
ENSSSCG00000005683,47.6566850725632,59.5858989371923
ENSSSCG00000034518,29.9965421450571,32.0533386752837
ENSSSCG00000030426,36.7889048094825,32.9370998688758
ENSSSCG00000024341,43.6179829477697,48.2669574961854
ENSSSCG00000038868,117.452800883767,108.668635996694
ENSSSCG00000039311,79.8928711231875,97.5536394465156
ENSSSCG00000005699,1.21161063743805,1.05371526928292
ENSSSCG00000056056,1.6154808499174,0.339908151381588
ENSSSCG00000046947,4.66286518044339,2.41334787480927
ENSSSCG00000060776,89.9529109613095,162.204169839294
ENSSSCG00000005689,82.5363852412342,58.872091819291
ENSSSCG00000051973,0.330439264755831,1.39362342066451
ENSSSCG00000004047,28.3810612951397,36.2342089372772
ENSSSCG00000004048,65.4636898955163,84.3312123577719
ENSSSCG00000004049,28.3443458212779,24.6433409751651
ENSSSCG00000004050,73.2106548803474,81.7139195921336
ENSSSCG00000040317,21.2949748398202,30.625724439481
ENSSSCG00000004053,9.32573036088678,7.81788748177651
ENSSSCG00000004055,46.4450744351251,39.6332904510931
ENSSSCG00000004058,671.452585983848,656.940484175194
ENSSSCG00000004057,4.03870212479349,5.06463145558565
ENSSSCG00000033107,73.3575167757944,73.9980045557716
ENSSSCG00000024876,64.1786483103547,60.5716325761989
ENSSSCG00000018530,0.36715473861759,1.18967852983556
ENSSSCG00000004052,191.140756924317,239.533274278605
ENSSSCG00000053023,2.57008317032313,3.46706314409219
ENSSSCG00000060777,0.514016634064626,0.883761193592128
ENSSSCG00000052920,2.71694506577016,6.90013547304623
ENSSSCG00000046349,0.954602320405733,0.951742823868445
ENSSSCG00000061525,0.660878529511662,2.10743053856584
ENSSSCG00000056817,0.293723790894072,1.01972445414476
ENSSSCG00000005524,83.5644185093634,55.1670929692317
ENSSSCG00000061402,1.21161063743805,0.679816302763175
ENSSSCG00000062745,0.660878529511662,0.54385304221054
ENSSSCG00000004572,3.59811643845238,3.05917336243429
ENSSSCG00000004573,15.7142228128328,7.44398851525677
ENSSSCG00000036431,42.7735270489492,54.9971388935409
ENSSSCG00000039009,19.3857701990087,34.0927875835732
ENSSSCG00000060679,1.02803326812925,2.68527439591454
ENSSSCG00000005282,23.9017734840051,32.7331549780469
ENSSSCG00000004699,0.73430947723518,3.05917336243429
ENSSSCG00000004700,1984.17763843718,310.404123841666
ENSSSCG00000004701,45.7474804317517,31.7814121541784
ENSSSCG00000004702,13.1441396425097,6.0163742794541
ENSSSCG00000004703,38.1840928162293,21.0743053856584
ENSSSCG00000004704,44.3522924250048,72.3324546140018
ENSSSCG00000004705,90.0997728567565,85.2489643665022
ENSSSCG00000031949,89.5123252749684,93.8826314115945
ENSSSCG00000004708,24.7095139089638,28.9941653128494
ENSSSCG00000004710,8.55470540978984,11.0470149199016
ENSSSCG00000048742,1.17489516357629,0.951742823868445
ENSSSCG00000057474,17.5867119797826,13.9362342066451
ENSSSCG00000027161,28.0506220303839,51.8020022705539
ENSSSCG00000005247,70.677287183886,67.1318598978635
ENSSSCG00000005249,24.672798435102,41.9106750653497
ENSSSCG00000061837,1.24832611129981,2.48132950508559
ENSSSCG00000056909,0.257008317032313,0.611834672486858
ENSSSCG00000032999,9.32573036088678,10.4691710625529
ENSSSCG00000005109,1.24832611129981,1.25766016011187
ENSSSCG00000005110,298.203078705206,345.414663433969
ENSSSCG00000037292,37.4864988128559,2.58330195050007
ENSSSCG00000020666,37.1560595481001,23.6236165210203
ENSSSCG00000004736,2.0560665362585,0.54385304221054
ENSSSCG00000004737,20.1200796762439,33.0730631294285
ENSSSCG00000057430,3.85512475548469,6.83215384276991
ENSSSCG00000004166,49.4557432917893,54.385304221054
ENSSSCG00000004167,63.9216399933224,118.831889723003
ENSSSCG00000060550,14.3924657538095,16.5875177874215
ENSSSCG00000004169,52.7601359393477,46.2954902181722
ENSSSCG00000004170,11.7489516357629,6.5942181368028
ENSSSCG00000004311,30.0332576189188,37.253933391422
ENSSSCG00000060394,2.12949748398202,2.3113754293948
ENSSSCG00000039953,108.861380000115,149.015733565688
ENSSSCG00000051930,0.73430947723518,0.54385304221054
ENSSSCG00000032781,7.56338761552235,4.79270493448038
ENSSSCG00000060291,0.550732107926385,0.27192652110527
ENSSSCG00000004314,84.0050041957045,102.380335196134
ENSSSCG00000024249,1.32175705902332,0.407889781657905
ENSSSCG00000004317,76.0010308938411,51.4281033040342
ENSSSCG00000004318,41.74549378082,60.7075958367515
ENSSSCG00000004322,61.0578330321052,76.6832789516861
ENSSSCG00000004324,36.6053274401737,27.4305878164941
ENSSSCG00000027558,108.494225261498,34.6366406257838
ENSSSCG00000005378,33.1907883710301,26.3088909169349
ENSSSCG00000005379,135.333236654444,40.8229689809287
ENSSSCG00000005380,186.514607217736,287.766240959652
ENSSSCG00000005382,47.987124337319,65.4323191409556
ENSSSCG00000042369,18.9818999865294,17.131370829632
ENSSSCG00000005383,44.3155769511431,27.5665510770467
ENSSSCG00000038914,121.27121016539,59.8238346431594
ENSSSCG00000005701,10.3170481551543,4.21486107713169
ENSSSCG00000042995,2.09278201012026,6.66219976707912
ENSSSCG00000005702,54.8529179494679,48.0290217902183
ENSSSCG00000005704,11.1615040539747,14.2761423580267
ENSSSCG00000005706,140.730411312122,153.468530348787
ENSSSCG00000005707,3.26767717369655,3.19513662298692
ENSSSCG00000005710,72.659922772421,27.6345327073231
ENSSSCG00000034178,14.1354574367772,8.25976807857258
ENSSSCG00000005711,59.4423521821878,53.9094328091198
ENSSSCG00000041350,0.440585686341108,1.1556877146974
ENSSSCG00000028172,1.76234274536443,1.29165097525003
ENSSSCG00000005713,5.36045918381681,5.64247531293435
ENSSSCG00000005715,279.882057248189,267.745650843277
ENSSSCG00000005716,45.1233173761018,51.394112488896
ENSSSCG00000005717,5.80104487015792,3.8749529257501
ENSSSCG00000031465,8.07740424958698,12.5086199708424
ENSSSCG00000005719,57.9370177538557,66.7239701162056
ENSSSCG00000004738,97.6631604722789,42.3525556621458
ENSSSCG00000004087,135.773822340785,145.582661236734
ENSSSCG00000004088,24.5993674873785,17.335315720461
ENSSSCG00000004089,15.4572144958005,14.3781148034412
ENSSSCG00000050987,7.08608645531948,14.8539862153754
ENSSSCG00000042025,1.17489516357629,1.08770608442108
ENSSSCG00000004090,8.81171372682216,9.55141905382261
ENSSSCG00000031733,80.4068877572522,116.146615327088
ENSSSCG00000004092,46.5552208567104,46.3294810333104
ENSSSCG00000032778,87.3461123171246,38.5115935515339
ENSSSCG00000047804,0.477301160202867,0.339908151381588
ENSSSCG00000032787,50.3369146644716,54.4872766664685
ENSSSCG00000004244,6.68221624284013,4.62275085878959
ENSSSCG00000004245,10.353763629016,13.2904087190201
ENSSSCG00000004247,3.23096169983479,4.99664982530934
ENSSSCG00000004249,14.1354574367772,11.9647669286319
ENSSSCG00000062089,67.1158862192954,49.3886543957447
ENSSSCG00000004246,14.2456038583625,38.8854925180536
ENSSSCG00000054004,0.587447581788144,0.509862227072381
ENSSSCG00000005078,82.0223686071696,59.8238346431594
ENSSSCG00000032928,4.99330444519922,7.1720619941515
ENSSSCG00000037854,28.8950779292043,45.2077841337511
ENSSSCG00000034798,42.9203889443963,41.0948955020339
ENSSSCG00000027678,19.2756237774235,31.0676050362771
ENSSSCG00000051993,0.220292843170554,0.747797933039493
ENSSSCG00000038033,20.9645355750644,21.3122410916255
ENSSSCG00000004771,13.5480098549891,10.3332078020003
ENSSSCG00000004772,45.3068947454106,43.8141607130866
ENSSSCG00000004774,60.6172473457641,88.4101101743509
ENSSSCG00000053306,7.01265550759596,7.13807117901334
ENSSSCG00000004776,1.68891179764091,1.22366934497372
ENSSSCG00000023975,52.5765585700389,77.1931411787585
ENSSSCG00000063043,2.64351411804665,4.01091618630273
ENSSSCG00000004779,2.20292843170554,2.41334787480927
ENSSSCG00000004781,3.047384330526,3.63701721978299
ENSSSCG00000004782,3.23096169983479,0.27192652110527
ENSSSCG00000005720,16.5219632377915,16.6554994176978
ENSSSCG00000005723,0.293723790894072,0.611834672486858
ENSSSCG00000045836,7.74696498483114,9.58540986896077
ENSSSCG00000005724,55.1833572142237,53.3655797669092
ENSSSCG00000005725,21.1848284182349,23.8615522269874
ENSSSCG00000005727,33.1173574233066,47.111269781488
ENSSSCG00000005729,13.107424168648,21.8900849489742
ENSSSCG00000005731,34.4391144823299,39.8372353419221
ENSSSCG00000039188,73.9816798314444,62.8830080055937
ENSSSCG00000022250,197.529249376263,189.906684176893
ENSSSCG00000046003,81.0677662867638,85.011028660535
ENSSSCG00000032110,50.7407848769509,41.1628771323102
ENSSSCG00000005738,31.538592047251,35.7923283404812
ENSSSCG00000031532,20.3403725194145,18.9328840319544
ENSSSCG00000004718,9.69288509950437,18.5249942502965
ENSSSCG00000022039,5.03001991906098,5.81242938862515
ENSSSCG00000044105,1.57876537605564,1.18967852983556
ENSSSCG00000044127,0.440585686341108,0.441880596796064
ENSSSCG00000035719,14.6861895447036,14.0042158369214
ENSSSCG00000004726,18.7248916694971,20.2245350072045
ENSSSCG00000038735,64.3622256796635,50.6123237407184
ENSSSCG00000004719,29.8863957234718,35.1804936679943
ENSSSCG00000005506,15.9712311298652,19.0348564773689
ENSSSCG00000028117,32.6767717369655,30.2518254729613
ENSSSCG00000057386,0.257008317032313,1.7335315720461
ENSSSCG00000054168,4.40585686341108,4.04490700144089
ENSSSCG00000028671,0.073430947723518,5.94839264917778
ENSSSCG00000004748,35.9811643845238,30.625724439481
ENSSSCG00000035544,23.5346187453875,18.2870585443294
ENSSSCG00000004750,16.301670394621,17.6412330567044
ENSSSCG00000004751,112.018910752227,101.768500523647
ENSSSCG00000004752,6.79236266442541,7.91985992719099
ENSSSCG00000004753,37.0826286003766,45.9215912516525
ENSSSCG00000038521,3.52468549072886,1.69954075690794
ENSSSCG00000004755,21.0379665227879,8.63366704509232
ENSSSCG00000004757,34.6961227993622,33.616916171639
ENSSSCG00000004758,29.3723790894072,22.8078369577045
ENSSSCG00000004759,88.4475765329774,85.5208908876074
ENSSSCG00000004760,4.99330444519922,4.52077841337511
ENSSSCG00000005612,0.146861895447036,0.373898966519746
ENSSSCG00000004761,17.5867119797826,20.4284798980334
ENSSSCG00000004762,11.9692444789334,11.6928404075266
ENSSSCG00000061289,31.2815837302187,16.9954075690794
ENSSSCG00000004765,4.55271875885811,7.34201606984229
ENSSSCG00000004766,1.83577369308795,1.80151320232241
ENSSSCG00000042522,2.97395338280248,0.54385304221054
ENSSSCG00000036700,8.33441256661929,8.76963030564496
ENSSSCG00000048769,7.52667214166059,7.30802525470413
ENSSSCG00000004694,3.23096169983479,4.55476922851327
ENSSSCG00000004695,7.82039593255466,11.4209138864213
ENSSSCG00000040383,52.0258264621125,47.6891136388367
ENSSSCG00000054394,42.9203889443963,51.2921400434816
ENSSSCG00000004698,22.3597235818112,34.4326957349548
ENSSSCG00000024263,262.111767899097,190.076638252584
ENSSSCG00000004709,28.8950779292043,35.8943007858956
ENSSSCG00000004714,0.660878529511662,0.611834672486858
ENSSSCG00000034771,34.8062692209475,32.7331549780469
ENSSSCG00000004716,26.6187185497753,17.8111871323952
ENSSSCG00000004717,39.8362891400085,37.1859517611457
ENSSSCG00000024623,43.874991264802,47.6551228236986
ENSSSCG00000032702,17.6968584013678,14.2421515428885
ENSSSCG00000012014,29.84968024961,27.7365051527375
ENSSSCG00000012000,41.5986318853729,25.5610929838954
ENSSSCG00000012001,8.73828277909864,4.82669574961854
ENSSSCG00000012002,6.86579361214893,10.9790332896253
ENSSSCG00000012004,1.02803326812925,0.27192652110527
ENSSSCG00000037517,1.57876537605564,0.985733639006604
ENSSSCG00000012006,7.93054235413994,2.92321010188165
ENSSSCG00000012007,37.4864988128559,17.7432055021189
ENSSSCG00000038062,0.73430947723518,0.645825487625016
ENSSSCG00000021038,118.811273416652,47.2812238571788
ENSSSCG00000033025,27.6467518179045,30.82966933031
ENSSSCG00000012018,0.514016634064626,1.69954075690794
ENSSSCG00000012019,0.220292843170554,0.407889781657905
ENSSSCG00000059268,1.21161063743805,0.169954075690794
ENSSSCG00000062471,5.17688181450802,2.95720091701981
ENSSSCG00000052492,0.73430947723518,0.407889781657905
ENSSSCG00000063207,0.403870212479349,0.203944890828953
ENSSSCG00000045021,0.991317794267492,0.679816302763175
ENSSSCG00000050085,6.75564719056365,3.53504477436851
ENSSSCG00000055111,3.047384330526,2.95720091701981
ENSSSCG00000058638,1.21161063743805,1.25766016011187
ENSSSCG00000050520,0.771024951096939,0.577843857348699
ENSSSCG00000060148,3.4879700168671,1.83550401746057
ENSSSCG00000049248,0.146861895447036,0.373898966519746
ENSSSCG00000011491,60.8008247150729,65.738236477199
ENSSSCG00000011493,26.0679864418489,35.6903558950667
ENSSSCG00000011494,55.1099262665002,47.8930585296657
ENSSSCG00000011495,37.7067916560265,39.3273731148497
ENSSSCG00000011489,4.11213307251701,4.21486107713169
ENSSSCG00000027617,0.991317794267492,1.32564179038819
ENSSSCG00000011492,181.007286138472,146.466422430326
ENSSSCG00000035818,8.33441256661929,4.69073248906591
ENSSSCG00000054111,1.50533442833212,1.80151320232241
ENSSSCG00000011485,52.5031276223153,59.1440183403962
ENSSSCG00000011486,0.881171372682216,0.203944890828953
ENSSSCG00000011497,96.0843950962232,111.217947132055
ENSSSCG00000011498,6.31506150422254,5.60848449779619
ENSSSCG00000011499,113.34066781125,265.638220304711
ENSSSCG00000011496,24.5626520135168,110.266204308187
ENSSSCG00000011500,2.79037601349368,2.34536624453295
ENSSSCG00000011501,108.090355049018,84.3991939880482
ENSSSCG00000033199,1.94592011467323,0.407889781657905
ENSSSCG00000011504,23.7549115885581,28.0764133041191
ENSSSCG00000011510,49.3088813963423,34.8065947014746
ENSSSCG00000011506,60.32352355487,71.9585556474821
ENSSSCG00000033154,75.6338761552235,61.455393769791
ENSSSCG00000052599,0.954602320405733,1.83550401746057
ENSSSCG00000011511,47.4363922293926,51.0202135223763
ENSSSCG00000052366,0.36715473861759,0.339908151381588
ENSSSCG00000055133,0.146861895447036,0.747797933039493
ENSSSCG00000052080,1.46861895447036,1.63155912663162
ENSSSCG00000058450,0.146861895447036,0.441880596796064
ENSSSCG00000060589,0.183577369308795,0.441880596796064
ENSSSCG00000057885,1.10146421585277,0.101972445414476
ENSSSCG00000011577,0,0.577843857348699
ENSSSCG00000011538,19.1287618819764,30.6937060697574
ENSSSCG00000023082,0.624163055649903,0.81577956331581
ENSSSCG00000021585,0.440585686341108,0.27192652110527
ENSSSCG00000023891,10.9412112108042,6.69619058221727
ENSSSCG00000039010,0.36715473861759,0.985733639006604
ENSSSCG00000036136,42.4430877841934,23.759579781573
ENSSSCG00000011535,94.13847498155,81.6799287769955
ENSSSCG00000034197,235.015748189119,103.977903507628
ENSSSCG00000011609,947.626380371999,77.0571779182059
ENSSSCG00000028031,91.4582453896416,83.07355219766
ENSSSCG00000011610,16.0079466037269,27.4645786316323
ENSSSCG00000026158,6.38849245194606,6.35628243083569
ENSSSCG00000033624,95.4602320405733,116.044642881674
ENSSSCG00000011542,22.54330095112,27.6685235224612
ENSSSCG00000011540,103.170481551543,106.765150348957
ENSSSCG00000011546,55.5872274267031,45.8876004365143
ENSSSCG00000054876,2.34979032715257,1.69954075690794
ENSSSCG00000011548,21.8457069477466,29.0281561279876
ENSSSCG00000011549,2.90052243507896,3.02518254729613
ENSSSCG00000011550,19.3857701990087,35.4524201890996
ENSSSCG00000011552,273.64042669169,411.798725398793
ENSSSCG00000011551,65.206681578484,69.7831434786399
ENSSSCG00000011555,23.314325902217,31.3395315573824
ENSSSCG00000011557,0.917886846543975,1.29165097525003
ENSSSCG00000032623,4.33242591568756,4.52077841337511
ENSSSCG00000011556,2.01935106239674,2.20940298398032
ENSSSCG00000011559,36.8990512310678,31.4415040027968
ENSSSCG00000011560,40.2401593524878,22.3999471760466
ENSSSCG00000011561,18.8350380910824,13.3583903492964
ENSSSCG00000011562,88.814731271595,73.2502066227321
ENSSSCG00000011563,9.69288509950437,10.0952720960331
ENSSSCG00000011565,120.169745949537,113.291386855483
ENSSSCG00000011567,17.219557241165,21.7541216884216
ENSSSCG00000011570,3.37782359528183,4.38481515282248
ENSSSCG00000011569,29.8129647757483,31.7474213390403
ENSSSCG00000011572,121.124348269943,66.0101629983043
ENSSSCG00000023084,229.288134266685,299.663026258008
ENSSSCG00000011600,49.2354504486188,19.7146727801321
ENSSSCG00000011601,14.9799133355977,15.2278851818951
ENSSSCG00000011602,41.2314771467553,47.6551228236986
ENSSSCG00000011603,177.702893490913,189.294849504406
ENSSSCG00000011604,25.2602460168902,28.7222387917441
ENSSSCG00000011576,9.03200656999271,15.4318300727241
ENSSSCG00000011575,26.3617102327429,27.4645786316323
ENSSSCG00000030581,58.6346117572291,59.1780091555344
ENSSSCG00000011578,14.7596204924271,10.2992169868621
ENSSSCG00000023225,1.17489516357629,0.81577956331581
ENSSSCG00000033000,39.9831510354555,66.8599333767583
ENSSSCG00000011580,14.2823193322242,19.2388013681979
ENSSSCG00000011581,9.43587678247206,3.67100803492115
ENSSSCG00000045850,0.550732107926385,0.203944890828953
ENSSSCG00000029877,22.3597235818112,26.6827898834546
ENSSSCG00000024453,120.793909005187,127.737483289201
ENSSSCG00000011583,3.23096169983479,1.08770608442108
ENSSSCG00000011582,28.1607684519691,26.988707219698
ENSSSCG00000035811,750.39085478663,529.474927407099
ENSSSCG00000011587,157.619529288531,118.661935647312
ENSSSCG00000033303,28.4177767690015,21.1422870159347
ENSSSCG00000011589,234.391585133469,278.214821905829
ENSSSCG00000011592,54.1553239460945,36.3701721978299
ENSSSCG00000011593,25.2235305430284,27.4985694467704
ENSSSCG00000036643,31.2815837302187,40.890950611205
ENSSSCG00000034318,16.2649549207592,18.3210493594676
ENSSSCG00000011594,20.3036570455527,26.342881732073
ENSSSCG00000011598,25.9578400202636,29.4020550945073
ENSSSCG00000040702,20.5973808364468,26.0029735806914
ENSSSCG00000011599,2.16621295784378,0.54385304221054
ENSSSCG00000027812,42.4063723103316,44.0860872341919
ENSSSCG00000023354,38.5879630287087,50.0344798833697
ENSSSCG00000024552,70.0164086543744,94.3585028235287
ENSSSCG00000042319,0.660878529511662,0.849770378453969
ENSSSCG00000058190,0.477301160202867,0.135963260552635
ENSSSCG00000057327,8.04068877572522,16.7574718631123
ENSSSCG00000058457,3.85512475548469,3.19513662298692
ENSSSCG00000061213,0.73430947723518,1.08770608442108
ENSSSCG00000050913,0.73430947723518,3.16114580784876
ENSSSCG00000056748,1.39518800674684,4.14687944685537
ENSSSCG00000056333,1.79905821922619,5.0306406404475
ENSSSCG00000061614,0.220292843170554,0.339908151381588
ENSSSCG00000062195,1.06474874199101,0.27192652110527
ENSSSCG00000030032,0.183577369308795,0.54385304221054
ENSSSCG00000023393,56.7254071164176,65.6702548469227
ENSSSCG00000011737,21.9191378954701,49.0147554292249
ENSSSCG00000011746,38.0739463946441,35.8943007858956
ENSSSCG00000040946,9.2155839393015,9.75536394465156
ENSSSCG00000011751,78.4609676425789,87.4583673504825
ENSSSCG00000036114,145.136268175533,76.4793340608572
ENSSSCG00000011738,31.6487384688362,25.255175647652
ENSSSCG00000011739,34.6594073255005,30.7276968848955
ENSSSCG00000011740,1.68891179764091,4.62275085878959
ENSSSCG00000040950,27.2428816054252,2.10743053856584
ENSSSCG00000011741,46.922375595328,34.2967324744022
ENSSSCG00000035525,1.10146421585277,0.475871411934223
ENSSSCG00000011743,66.8955933761249,59.4499356766397
ENSSSCG00000039994,0.440585686341108,0.441880596796064
ENSSSCG00000026829,34.1086752175741,45.6496647305472
ENSSSCG00000024714,31.685453942698,41.9446658804879
ENSSSCG00000029608,125.199765868598,111.591846098575
ENSSSCG00000035883,30.8409980438775,42.4545281075603
ENSSSCG00000051128,0.220292843170554,0.611834672486858
ENSSSCG00000030467,14.5026121753948,29.1981102036784
ENSSSCG00000011745,44.1319995818343,41.332831208001
ENSSSCG00000028905,25.8476935986783,33.4469620959482
ENSSSCG00000011750,11.1615040539747,15.7717382241057
ENSSSCG00000011752,34.6961227993622,36.2681997524154
ENSSSCG00000020906,22.690162846567,26.8187531440073
ENSSSCG00000011755,40.5705986172437,34.6366406257838
ENSSSCG00000026579,5.25031276223153,9.61940068409893
ENSSSCG00000035746,10.5006255244631,4.52077841337511
ENSSSCG00000029352,95.1297927758175,115.092900057806
ENSSSCG00000011727,14.319034806086,28.5522847160534
ENSSSCG00000024205,14.7229050185654,18.6949483259873
ENSSSCG00000011747,36.2748881754179,4.89467737989486
ENSSSCG00000024916,46.2982125396781,37.9677405093233
ENSSSCG00000042044,0.514016634064626,0.27192652110527
ENSSSCG00000011723,94.2119059292735,35.758337525343
ENSSSCG00000057007,0.220292843170554,0.339908151381588
ENSSSCG00000026718,104.675815979875,72.2304821685873
ENSSSCG00000011666,1.35847253288508,1.83550401746057
ENSSSCG00000027467,207.332280897353,213.360346622222
ENSSSCG00000031098,12.1161063743805,13.8682525763688
ENSSSCG00000036610,48.0972707589043,52.447827758179
ENSSSCG00000025316,99.0950639528875,57.4784683986265
ENSSSCG00000028855,37.8169380776118,42.7604454438037
ENSSSCG00000025810,7.9672578280017,5.4385304221054
ENSSSCG00000030567,138.857922145172,71.9585556474821
ENSSSCG00000027646,57.8635868061322,282.089774831579
ENSSSCG00000011997,35.3202858550121,30.8976509605863
ENSSSCG00000011733,93.6978892952089,74.7797933039493
ENSSSCG00000032398,10.9779266846659,6.28830080055937
ENSSSCG00000034645,61.0945485059669,58.6341561133238
ENSSSCG00000036885,21.4418367352672,25.4251297233427
ENSSSCG00000011731,40.2034438786261,29.334073464231
ENSSSCG00000032182,113.046944020356,129.029134264451
ENSSSCG00000027432,5.7276139224344,3.63701721978299
ENSSSCG00000027571,44.792878111346,54.0453960696724
ENSSSCG00000011732,23.5713342192493,27.7365051527375
ENSSSCG00000031077,65.8675601079956,64.7864936533306
ENSSSCG00000023434,14.4291812276713,10.1972445414476
ENSSSCG00000045484,2.16621295784378,1.1556877146974
ENSSSCG00000025463,206.157385733777,96.6698782529235
ENSSSCG00000021774,14.0253110151919,17.6072422415662
ENSSSCG00000022952,41.5252009376494,35.3844385588233
ENSSSCG00000029080,0.660878529511662,0.203944890828953
ENSSSCG00000011720,108.787949052392,174.712789810136
ENSSSCG00000037044,184.899126367818,201.531542954143
ENSSSCG00000011624,10.7576338414954,5.4385304221054
ENSSSCG00000058656,2.97395338280248,3.80697129547378
ENSSSCG00000011623,43.7281293693549,51.6320481948631
ENSSSCG00000027556,10.1334707858455,11.5908679621121
ENSSSCG00000025651,26.5452876020517,22.4339379911848
ENSSSCG00000033185,22.9104556897376,25.4251297233427
ENSSSCG00000011650,33.0439264755831,49.2866819503302
ENSSSCG00000011653,23.8283425362816,18.0151320232241
ENSSSCG00000047511,0.220292843170554,1.59756831149346
ENSSSCG00000020984,11.8223825834864,4.72472330420407
ENSSSCG00000028623,14.8697669140124,4.58876004365143
ENSSSCG00000026018,42.4430877841934,42.3525556621458
ENSSSCG00000026130,2.64351411804665,0.475871411934223
ENSSSCG00000011729,41.2681926206171,25.5950837990335
ENSSSCG00000059377,0.587447581788144,0.475871411934223
ENSSSCG00000062045,0.36715473861759,0.54385304221054
ENSSSCG00000038366,2.8638069612172,8.53169459967785
ENSSSCG00000058182,0.146861895447036,0.407889781657905
ENSSSCG00000035935,9.58273867791909,0.27192652110527
ENSSSCG00000063368,4.00198665093173,5.64247531293435
ENSSSCG00000054093,0.477301160202867,0.27192652110527
ENSSSCG00000060663,3.78169380776118,0.985733639006604
ENSSSCG00000060947,0,0.611834672486858
ENSSSCG00000057651,0.293723790894072,0.81577956331581
ENSSSCG00000057188,0.440585686341108,0.951742823868445
ENSSSCG00000045498,2.97395338280248,2.141421353704
ENSSSCG00000054636,4.25899496796404,6.11834672486858
ENSSSCG00000048257,0.624163055649903,0.679816302763175
ENSSSCG00000060585,1.79905821922619,0.849770378453969
ENSSSCG00000057488,0.624163055649903,0.951742823868445
ENSSSCG00000011652,38.991833241188,42.7944362589419
ENSSSCG00000052282,13.5112943811273,12.848528122224
ENSSSCG00000053584,4.36914138954932,4.14687944685537
ENSSSCG00000062818,0.440585686341108,0.407889781657905
ENSSSCG00000042151,6.31506150422254,5.74444775834883
ENSSSCG00000054668,4.2957104418258,3.56903558950667
ENSSSCG00000059095,297.725777545004,256.42670940227
ENSSSCG00000021508,2.90052243507896,1.42761423580267
ENSSSCG00000025701,49.0885885531718,54.385304221054
ENSSSCG00000060620,4.84644254975219,0.645825487625016
ENSSSCG00000027443,15.7142228128328,15.839719854382
ENSSSCG00000027505,13.2910015379568,7.20605280928966
ENSSSCG00000026746,24.4157901180697,19.8846268558229
ENSSSCG00000023814,32.897064580136,27.2606337408033
ENSSSCG00000021203,33.0806419494448,21.7541216884216
ENSSSCG00000028562,8.18755067117225,4.52077841337511
ENSSSCG00000035771,17.5867119797826,20.3265074526189
ENSSSCG00000011662,108.971526421701,58.022321440837
ENSSSCG00000024001,72.9536465633151,110.300195123325
ENSSSCG00000031557,28.2341993996927,21.5501767975926
ENSSSCG00000023929,45.4537566408576,45.8876004365143
ENSSSCG00000056342,0.257008317032313,1.32564179038819
ENSSSCG00000011627,1.32175705902332,0.169954075690794
ENSSSCG00000028724,9.65616962564261,9.1435292721647
ENSSSCG00000011628,42.2227949410228,38.545584366672
ENSSSCG00000011664,21.0379665227879,24.8132950508559
ENSSSCG00000031142,10.0233243642602,9.04155682675023
ENSSSCG00000011635,12.5199765868598,7.44398851525677
ENSSSCG00000027294,90.5036430692359,50.6803053709947
ENSSSCG00000021966,23.2776104283552,24.0994879329546
ENSSSCG00000028203,7.63681856324587,2.51532032022375
ENSSSCG00000012021,34.3289680607446,38.7155384423628
ENSSSCG00000023028,68.0337730658394,24.4393960843361
ENSSSCG00000011639,75.8908844722558,43.882142343363
ENSSSCG00000036503,22.5800164249818,21.1422870159347
ENSSSCG00000038399,129.054890624083,101.020702590608
ENSSSCG00000011641,53.4210144688593,26.0709552109678
ENSSSCG00000037655,48.7214338145542,44.3580137552972
ENSSSCG00000012020,0.440585686341108,0.135963260552635
ENSSSCG00000011642,81.8755067117225,67.3358047886925
ENSSSCG00000011643,46.0412042226458,43.1683352254616
ENSSSCG00000033057,50.2267682428863,35.1465028528562
ENSSSCG00000025119,73.2106548803474,28.1783857495336
ENSSSCG00000011645,27.8670446610751,26.9207255894217
ENSSSCG00000012026,130.376647683106,53.1956256912184
ENSSSCG00000012027,9.54602320405733,12.5426107859806
ENSSSCG00000011646,0.440585686341108,0.441880596796064
ENSSSCG00000012022,780.497543353272,590.590413025508
ENSSSCG00000024492,36.9357667049295,4.01091618630273
ENSSSCG00000024000,11.8958135312099,21.1762778310729
ENSSSCG00000031176,4.69958065430515,3.8749529257501
ENSSSCG00000037568,115.360018873647,108.940562517799
ENSSSCG00000038900,31.685453942698,31.8154029693166
ENSSSCG00000040879,280.506220303839,357.03952221122
ENSSSCG00000037935,36.1647417538326,18.7629299562636
ENSSSCG00000011616,317.111547744012,172.877285792675
ENSSSCG00000012030,15.2002061787682,22.0940298398032
ENSSSCG00000047073,0.587447581788144,0.305917336243429
ENSSSCG00000057080,0.73430947723518,0.54385304221054
ENSSSCG00000046895,0.771024951096939,0.203944890828953
ENSSSCG00000056645,23.1674640067699,18.2190769140531
ENSSSCG00000011611,24.2322127487609,30.82966933031
ENSSSCG00000011615,267.619088978361,233.652863259703
ENSSSCG00000012083,50.8509312985362,45.1398025034748
ENSSSCG00000040779,15.6040763912476,22.263983915494
ENSSSCG00000011612,367.742186199378,194.223517699439
ENSSSCG00000011618,27.6100363440428,68.0156210914557
ENSSSCG00000011619,15.8243692344181,20.3944890828953
ENSSSCG00000011620,104.602385032151,92.5569896212063
ENSSSCG00000011621,276.834672917663,147.180229548227
ENSSSCG00000011622,1.65219632377915,2.03944890828953
ENSSSCG00000024134,77.8000891130673,93.9506130418708
ENSSSCG00000022857,94.0650440338265,65.092410989574
ENSSSCG00000024827,26.6921494974988,40.4830608295471
ENSSSCG00000021397,4.22227949410228,4.01091618630273
ENSSSCG00000061599,190.626740290253,139.19238799076
ENSSSCG00000047521,1.06474874199101,2.65128358077638
ENSSSCG00000051317,0.954602320405733,0.781788748177651
ENSSSCG00000048156,0.146861895447036,0.475871411934223
ENSSSCG00000053108,3.52468549072886,1.12169689955924
ENSSSCG00000044633,4.99330444519922,1.22366934497372
ENSSSCG00000057234,0.514016634064626,0.135963260552635
ENSSSCG00000051313,0.514016634064626,1.42761423580267
ENSSSCG00000033653,64.8028113660046,73.3521790681466
ENSSSCG00000057600,0.183577369308795,0.577843857348699
ENSSSCG00000056176,0.257008317032313,0.441880596796064
ENSSSCG00000062784,1.13817968971453,1.90348564773689
ENSSSCG00000045164,0.403870212479349,1.35963260552635
ENSSSCG00000011514,30.9144289916011,22.8078369577045
ENSSSCG00000012084,13.5847253288508,14.6500413245464
ENSSSCG00000033898,1.68891179764091,0.373898966519746
ENSSSCG00000011978,23.5713342192493,20.7343972342768
ENSSSCG00000025821,38.8816868196028,46.023563697067
ENSSSCG00000011949,28.8583624553426,40.4490700144089
ENSSSCG00000011952,413.673244000438,418.256980275043
ENSSSCG00000060340,0.293723790894072,0.407889781657905
ENSSSCG00000011528,0.440585686341108,0.475871411934223
ENSSSCG00000011953,27.426458974734,42.9983811497708
ENSSSCG00000011529,11.4919433187306,10.9790332896253
ENSSSCG00000036491,71.2280192918124,77.7709850361072
ENSSSCG00000011956,16.301670394621,19.8846268558229
ENSSSCG00000011530,20.0099332546586,20.9383421251058
ENSSSCG00000028677,3.26767717369655,5.26857634641461
ENSSSCG00000021791,19.0920464081147,16.281600451178
ENSSSCG00000023806,32.3830479460714,30.2518254729613
ENSSSCG00000011531,6.02133771332847,8.08981400288178
ENSSSCG00000011532,145.356561018704,96.3979517318182
ENSSSCG00000031273,1.10146421585277,0.849770378453969
ENSSSCG00000027675,37.009197652653,45.9895728819288
ENSSSCG00000022486,23.4244723238022,22.3659563609085
ENSSSCG00000011946,47.6934005464249,55.5749827508896
ENSSSCG00000011977,35.5772941720445,29.1641193885402
ENSSSCG00000034493,9.65616962564261,38.103703769876
ENSSSCG00000011951,20.1567951501057,41.4348036534155
ENSSSCG00000022506,625.55824365665,493.682599066618
ENSSSCG00000011516,57.7167249106851,43.1343444103235
ENSSSCG00000011950,24.6360829612403,34.5686589955074
ENSSSCG00000011527,28.1974839258309,27.4645786316323
ENSSSCG00000011959,16.1180930253122,58.872091819291
ENSSSCG00000023437,260.716579892351,92.930888587726
ENSSSCG00000054999,2.68022959190841,2.141421353704
ENSSSCG00000022290,2.71694506577016,1.90348564773689
ENSSSCG00000025053,49.0151576054482,59.9258070885739
ENSSSCG00000011518,11.27165047556,15.5677933332767
ENSSSCG00000011519,16.3751013423445,19.476737074165
ENSSSCG00000011961,167.679569126653,105.813407525088
ENSSSCG00000037216,83.3074101923311,86.506624526614
ENSSSCG00000012074,40.2034438786261,14.989949475928
ENSSSCG00000012075,21.478552209129,2.7192652110527
ENSSSCG00000011962,0.954602320405733,0.645825487625016
ENSSSCG00000011521,149.945995251424,35.2824661134088
ENSSSCG00000012076,184.788979946233,42.5565005529748
ENSSSCG00000011522,7.30637929849004,7.7499058515002
ENSSSCG00000011965,21.2582593659584,6.18632835514489
ENSSSCG00000048446,0.514016634064626,0.339908151381588
ENSSSCG00000011524,3.01066885666424,2.95720091701981
ENSSSCG00000011963,86.2446481012718,66.4180527799622
ENSSSCG00000012077,173.811053261567,112.543588922444
ENSSSCG00000024336,33.4845121619242,28.484303085777
ENSSSCG00000011968,90.026341909033,64.2766314262582
ENSSSCG00000036580,6.79236266442541,6.86614465790807
ENSSSCG00000027745,139.335223305375,159.348941367688
ENSSSCG00000030486,68.9149444385216,63.3248886023898
ENSSSCG00000063218,0.110146421585277,0.713807117901334
ENSSSCG00000059724,0.257008317032313,1.12169689955924
ENSSSCG00000054827,0.771024951096939,1.80151320232241
ENSSSCG00000011970,4.9198734974757,6.11834672486858
ENSSSCG00000011972,28.8216469814808,14.5480688791319
ENSSSCG00000011973,9.06872204385447,2.92321010188165
ENSSSCG00000011980,49.8228980304069,45.173793318613
ENSSSCG00000034501,25.1868150691667,25.8670103201388
ENSSSCG00000022895,17.6601429275061,13.8682525763688
ENSSSCG00000027278,60.2868080810082,67.879657830903
ENSSSCG00000047991,0.220292843170554,0.54385304221054
ENSSSCG00000029511,0.440585686341108,0.135963260552635
ENSSSCG00000045444,0.991317794267492,1.39362342066451
ENSSSCG00000040224,322.141567663073,107.478957466858
ENSSSCG00000063265,0.550732107926385,0
ENSSSCG00000057561,3.047384330526,1.18967852983556
ENSSSCG00000012087,69.7594003373421,49.9664982530934
ENSSSCG00000030016,25.8109781248166,10.9450424744871
ENSSSCG00000023078,5.25031276223153,6.62820895194096
ENSSSCG00000021991,50.9243622462597,43.032371964909
ENSSSCG00000037663,45.3436102192723,66.6899793010675
ENSSSCG00000060594,7.26966382462828,10.2312353565858
ENSSSCG00000062774,2.90052243507896,0.81577956331581
ENSSSCG00000050565,1.32175705902332,1.25766016011187
ENSSSCG00000056411,12.9605622732009,10.1632537263095
ENSSSCG00000043782,7.93054235413994,0.203944890828953
ENSSSCG00000051023,6.49863887353134,11.2849506258687
ENSSSCG00000059582,0.881171372682216,0.951742823868445
ENSSSCG00000057439,1.46861895447036,0.849770378453969
ENSSSCG00000011178,0.624163055649903,0.339908151381588
ENSSSCG00000036855,102.289310178861,174.712789810136
ENSSSCG00000034369,1.54204990219388,0.509862227072381
ENSSSCG00000011195,2.16621295784378,1.12169689955924
ENSSSCG00000011695,5.06673539292274,2.141421353704
ENSSSCG00000011179,39.3957034536674,30.625724439481
ENSSSCG00000032424,57.5698630152381,70.5649322268176
ENSSSCG00000011181,33.7415204789565,30.5237519940666
ENSSSCG00000012050,94.6524916156147,158.873069955754
ENSSSCG00000011182,12.2262527959657,8.97357519647391
ENSSSCG00000011698,182.402474145219,526.789653011184
ENSSSCG00000011183,172.452580728682,145.684633682148
ENSSSCG00000025293,54.8529179494679,60.1297519794028
ENSSSCG00000029094,32.7134872108273,32.4272376418035
ENSSSCG00000011704,76.6619094233528,89.9736876707062
ENSSSCG00000011699,17.2562727150267,14.140179097474
ENSSSCG00000011700,4.9198734974757,1.97146727801321
ENSSSCG00000038948,35.797587015215,20.12256256179
ENSSSCG00000012066,0.587447581788144,0.509862227072381
ENSSSCG00000022318,5.76432939629616,3.09316417757245
ENSSSCG00000037110,25.5539698077843,134.195738165451
ENSSSCG00000011933,33.9618133221271,28.9261836825731
ENSSSCG00000029811,6.20491508263727,5.67646612807251
ENSSSCG00000011701,2.57008317032313,0.81577956331581
ENSSSCG00000012049,0.440585686341108,1.05371526928292
ENSSSCG00000011199,36.0913108061091,26.8867347742836
ENSSSCG00000030335,0.697594003373421,0.0679816302763175
ENSSSCG00000062206,21.7722760000231,25.2891664627901
ENSSSCG00000033018,50.2267682428863,60.0617703491265
ENSSSCG00000033733,335.469284674892,288.989910304626
ENSSSCG00000011689,66.7487314806778,73.1142433621795
ENSSSCG00000051671,1.32175705902332,0.985733639006604
ENSSSCG00000037381,44.4624388465901,40.2111343084418
ENSSSCG00000011937,1.57876537605564,1.66554994176978
ENSSSCG00000011201,8.92186014840743,29.5040275399218
ENSSSCG00000028122,21.1113974705114,17.4032973507373
ENSSSCG00000029219,48.9417266577247,59.4499356766397
ENSSSCG00000049233,1.50533442833212,1.46160505094083
ENSSSCG00000011212,20.6340963103085,21.5501767975926
ENSSSCG00000011208,9.61945415178085,11.7608220378029
ENSSSCG00000037190,0.514016634064626,0.0679816302763175
ENSSSCG00000011705,29.6661028803013,27.6345327073231
ENSSSCG00000034450,21.5152676829908,21.618158427869
ENSSSCG00000011213,184.605402576924,189.294849504406
ENSSSCG00000011706,2.34979032715257,1.18967852983556
ENSSSCG00000026981,46.5552208567104,54.6572307421593
ENSSSCG00000027459,52.9804287825182,51.9039747159684
ENSSSCG00000030697,43.4344055784609,35.8943007858956
ENSSSCG00000034167,3.15753075211127,17.9471503929478
ENSSSCG00000056685,7.56338761552235,7.47797933039493
ENSSSCG00000024938,56.9089844857264,45.4457198397183
ENSSSCG00000011216,2.93723790894072,1.46160505094083
ENSSSCG00000030260,231.821501963146,382.090752968043
ENSSSCG00000011217,76.8454867926615,90.9254304945747
ENSSSCG00000011190,28.5279231905867,34.1267783987114
ENSSSCG00000012034,11.5653742664541,10.911051659349
ENSSSCG00000011708,31.7956003642833,42.9643903346327
ENSSSCG00000058735,316.927970374704,227.602498165111
ENSSSCG00000026622,66.8955933761249,47.8250768993894
ENSSSCG00000011218,76.3314701585969,86.7445602325811
ENSSSCG00000021355,35.9811643845238,34.7726038863364
ENSSSCG00000028911,1.39518800674684,0.0679816302763175
ENSSSCG00000011710,105.153117140078,87.3224040899298
ENSSSCG00000021023,43.3976901045991,53.0596624306658
ENSSSCG00000011192,25.8844090725401,17.2333432750465
ENSSSCG00000023993,0.293723790894072,0.611834672486858
ENSSSCG00000011936,0.771024951096939,0.81577956331581
ENSSSCG00000011193,71.7053204520153,79.1306176416336
ENSSSCG00000011194,30.8777135177393,26.3768725472112
ENSSSCG00000029392,11.5653742664541,9.07554764188839
ENSSSCG00000034229,2.27635937942906,1.25766016011187
ENSSSCG00000040843,0.183577369308795,2.65128358077638
ENSSSCG00000032024,21.331690313682,34.5686589955074
ENSSSCG00000021598,35.8343024890768,29.7759540610271
ENSSSCG00000040827,118.701126995067,112.169689955924
ENSSSCG00000012035,27.9404756087986,30.8976509605863
ENSSSCG00000053786,120.867339952911,108.872580887522
ENSSSCG00000022706,4.51600328499635,4.41880596796064
ENSSSCG00000011943,53.6045918381681,73.0462617319032
ENSSSCG00000031388,43.5445520000462,82.1897910040679
ENSSSCG00000012037,45.3436102192723,60.809568282166
ENSSSCG00000011714,33.8883823744035,40.7549873506523
ENSSSCG00000012038,0.881171372682216,1.22366934497372
ENSSSCG00000011942,171.718271251447,152.48279670978
ENSSSCG00000012046,23.8283425362816,25.5610929838954
ENSSSCG00000011712,0.807740424958698,0.407889781657905
ENSSSCG00000036556,32.4931943676567,27.6005418921849
ENSSSCG00000011690,27.9771910826603,44.527967830988
ENSSSCG00000041300,0.073430947723518,0.475871411934223
ENSSSCG00000041289,19.0920464081147,17.8451779475333
ENSSSCG00000033115,137.13229487367,80.2183237260547
ENSSSCG00000035634,53.310868047274,52.3458553127645
ENSSSCG00000034378,43.4344055784609,31.5774672633495
ENSSSCG00000034624,85.1798993592808,54.0453960696724
ENSSSCG00000023842,1.65219632377915,0.54385304221054
ENSSSCG00000028192,7.08608645531948,9.34747416299366
ENSSSCG00000030677,42.2227949410228,44.2900321250209
ENSSSCG00000011940,28.8950779292043,20.9383421251058
ENSSSCG00000023674,350.412482536628,341.641682953634
ENSSSCG00000050552,0.477301160202867,0.679816302763175
ENSSSCG00000033593,4.55271875885811,3.80697129547378
ENSSSCG00000027089,23.1307485329082,29.4020550945073
ENSSSCG00000011670,93.2573036088678,77.5330493301401
ENSSSCG00000028377,36.4217500708649,30.6937060697574
ENSSSCG00000022073,88.1905682159451,94.4944660840813
ENSSSCG00000011672,24.4892210657932,26.8527439591454
ENSSSCG00000024614,33.2642193187536,32.0193478601455
ENSSSCG00000056217,26.2148483372959,26.7847623288691
ENSSSCG00000011197,17.5867119797826,24.0654971178164
ENSSSCG00000037647,21.4051212614055,24.8132950508559
ENSSSCG00000011198,17.6968584013678,14.0721974671977
ENSSSCG00000011204,0.440585686341108,0.407889781657905
ENSSSCG00000011205,23.9017734840051,28.688247976606
ENSSSCG00000037653,50.8509312985362,43.0663627800471
ENSSSCG00000012042,126.044221767419,123.284686506102
ENSSSCG00000024621,28.784931507619,35.8603099707575
ENSSSCG00000011677,52.1359728836978,130.456748500253
ENSSSCG00000011678,14.9799133355977,22.1960022852177
ENSSSCG00000011207,0.881171372682216,0.203944890828953
ENSSSCG00000031392,33.0806419494448,23.0117818485335
ENSSSCG00000011679,22.4698700033965,28.1104041192573
ENSSSCG00000060385,2.57008317032313,6.79816302763175
ENSSSCG00000043763,0.697594003373421,0.203944890828953
ENSSSCG00000045354,0.293723790894072,1.66554994176978
ENSSSCG00000055576,0.220292843170554,3.33109988353956
ENSSSCG00000054438,0.220292843170554,0.509862227072381
ENSSSCG00000036381,11.5653742664541,14.0382066520596
ENSSSCG00000056241,0.403870212479349,0.27192652110527
ENSSSCG00000011226,139.922670887163,154.964126214866
ENSSSCG00000038607,4.44257233727284,1.32564179038819
ENSSSCG00000011214,53.0538597302417,70.9048403781992
ENSSSCG00000012061,37.5966452344412,35.2144844831325
ENSSSCG00000011215,19.2021928296999,14.9559586607899
ENSSSCG00000026488,53.6413073120299,51.4620941191723
ENSSSCG00000012062,108.016924101295,197.146727801321
ENSSSCG00000011762,33.7048050050947,32.1893019358363
ENSSSCG00000024296,16.0079466037269,16.3835728965925
ENSSSCG00000027275,0.293723790894072,0.81577956331581
ENSSSCG00000037030,658.492023710647,460.77949001288
ENSSSCG00000011941,70.8608645531948,64.9224569138832
ENSSSCG00000012063,37.1560595481001,30.9316417757245
ENSSSCG00000027017,56.064528586906,61.4214029546529
ENSSSCG00000011912,12.5934075345833,15.4318300727241
ENSSSCG00000011763,10.5373409983248,11.352932256145
ENSSSCG00000036033,37.0459131265148,33.7188886170535
ENSSSCG00000011764,65.353543473931,37.0159976854549
ENSSSCG00000030480,97.2592902597995,133.719866753517
ENSSSCG00000011913,47.4363922293926,42.386546477284
ENSSSCG00000011229,264.057688013771,246.977262793861
ENSSSCG00000011914,4.33242591568756,5.33655797669092
ENSSSCG00000011915,17.6968584013678,15.0239402910662
ENSSSCG00000011765,22.54330095112,12.2366934497372
ENSSSCG00000011916,84.9228910422485,57.5124592137646
ENSSSCG00000050754,1.65219632377915,1.80151320232241
ENSSSCG00000038056,1.54204990219388,0.679816302763175
ENSSSCG00000011766,1.28504158516156,0.679816302763175
ENSSSCG00000011917,86.3915099967189,81.3740114407521
ENSSSCG00000011230,23.6447651669728,13.1204546433293
ENSSSCG00000021977,73.5043786712415,61.2854396941002
ENSSSCG00000011918,5.98462223946671,9.00756601161207
ENSSSCG00000022618,19.2021928296999,16.4515545268688
ENSSSCG00000024429,10.3904791028778,20.6664156040005
ENSSSCG00000063224,4.4792878111346,3.77298048033562
ENSSSCG00000043103,23.0573175851846,2.68527439591454
ENSSSCG00000011234,12.4098301652745,12.1007301891845
ENSSSCG00000055848,0.624163055649903,0.407889781657905
ENSSSCG00000038362,17.5867119797826,15.4658208878622
ENSSSCG00000058707,0.954602320405733,0.54385304221054
ENSSSCG00000055435,0.183577369308795,0.373898966519746
ENSSSCG00000051450,2.75366053963192,3.1271549927106
ENSSSCG00000048572,0.440585686341108,0.509862227072381
ENSSSCG00000011233,33.81495142668,30.9996234060008
ENSSSCG00000024663,35.0265620641181,36.0302640464483
ENSSSCG00000052197,1.17489516357629,1.01972445414476
ENSSSCG00000061947,5.58075202698736,4.99664982530934
ENSSSCG00000044764,0.514016634064626,0.611834672486858
ENSSSCG00000021271,201.200796762439,228.486259358703
ENSSSCG00000054332,1.24832611129981,1.5635774963553
ENSSSCG00000055262,2.71694506577016,2.68527439591454
ENSSSCG00000063536,2.20292843170554,3.39908151381588
ENSSSCG00000041575,0.330439264755831,0.373898966519746
ENSSSCG00000032220,49.969759925854,45.173793318613
ENSSSCG00000048278,0.293723790894072,0.373898966519746
ENSSSCG00000048855,6.24163055649903,4.07889781657905
ENSSSCG00000049319,1.39518800674684,0.883761193592128
ENSSSCG00000025826,43.6914138954932,57.172551062383
ENSSSCG00000036952,8.40784351434281,9.78935475978972
ENSSSCG00000011923,13.2910015379568,13.052473013053
ENSSSCG00000021042,37.6700761821647,61.2854396941002
ENSSSCG00000011767,58.047164175441,77.7369942209691
ENSSSCG00000011925,0.587447581788144,0.339908151381588
ENSSSCG00000011680,43.8382757909402,20.0885717466518
ENSSSCG00000011768,112.422780964706,142.047616462365
ENSSSCG00000011928,82.9035399798518,46.0915453273433
ENSSSCG00000011929,12.2262527959657,12.6445832313951
ENSSSCG00000011681,63.7380626240136,101.938454599338
ENSSSCG00000011930,31.7956003642833,31.5774672633495
ENSSSCG00000011683,11.9692444789334,16.3155912663162
ENSSSCG00000034660,0.660878529511662,0.0679816302763175
ENSSSCG00000011684,98.6911937404081,135.385416695286
ENSSSCG00000024119,154.24170569325,40.9589322414813
ENSSSCG00000011769,160.336474354301,192.761912648498
ENSSSCG00000037371,3.85512475548469,1.76752238718426
ENSSSCG00000059416,1.02803326812925,0.747797933039493
ENSSSCG00000051838,49.8963289781305,27.2266429256652
ENSSSCG00000039358,2.27635937942906,1.80151320232241
ENSSSCG00000039802,39.2855570320821,52.6857634641461
ENSSSCG00000027941,14.6494740708418,9.65339149923709
ENSSSCG00000011686,8.66485183137512,9.38146497813181
ENSSSCG00000011860,11.0146421585277,2.85522847160534
ENSSSCG00000036206,38.1106618685058,53.3995705820474
ENSSSCG00000011235,84.8861755683868,85.2489643665022
ENSSSCG00000041863,4.69958065430515,1.01972445414476
ENSSSCG00000011859,84.1885815650133,24.7453134205796
ENSSSCG00000022031,5.54403655312561,10.0952720960331
ENSSSCG00000011673,4.11213307251701,1.5635774963553
ENSSSCG00000031244,2.60679864418489,1.22366934497372
ENSSSCG00000060577,2.09278201012026,0.509862227072381
ENSSSCG00000040019,8.73828277909864,19.3067829984742
ENSSSCG00000062401,0.293723790894072,0.679816302763175
ENSSSCG00000059119,1.35847253288508,2.85522847160534
ENSSSCG00000026113,0.36715473861759,0.81577956331581
ENSSSCG00000050456,0.587447581788144,0.611834672486858
ENSSSCG00000011236,54.9263488971914,44.7319127218169
ENSSSCG00000029267,1.68891179764091,0.645825487625016
ENSSSCG00000053903,0.771024951096939,0.475871411934223
ENSSSCG00000057704,6.27834603036079,8.87160275105943
ENSSSCG00000061052,4.33242591568756,5.77843857348699
ENSSSCG00000049696,1.6154808499174,2.7192652110527
ENSSSCG00000052534,0.293723790894072,0.475871411934223
ENSSSCG00000053665,1.98263558853498,4.18087026199353
ENSSSCG00000011911,1.4319034806086,0.339908151381588
ENSSSCG00000054819,2.60679864418489,4.41880596796064
ENSSSCG00000045503,0.36715473861759,0.441880596796064
ENSSSCG00000009126,0.146861895447036,0.441880596796064
ENSSSCG00000054468,3.59811643845238,3.36509069867772
ENSSSCG00000011770,30.6941361484305,25.7650378747243
ENSSSCG00000037905,90.0997728567565,47.0092973360736
ENSSSCG00000061847,1.13817968971453,1.83550401746057
ENSSSCG00000052546,1.17489516357629,0.27192652110527
ENSSSCG00000055871,0.917886846543975,0.917752008730286
ENSSSCG00000058769,1.17489516357629,0
ENSSSCG00000063381,0.514016634064626,2.10743053856584
ENSSSCG00000059533,0.293723790894072,0.781788748177651
ENSSSCG00000011813,31.1347218347716,44.3920045704353
ENSSSCG00000011864,30.4371278313982,17.777196317257
ENSSSCG00000052253,0.624163055649903,0.81577956331581
ENSSSCG00000039990,1.39518800674684,2.51532032022375
ENSSSCG00000021206,9.58273867791909,3.33109988353956
ENSSSCG00000030362,6.46192339966958,18.1850860989149
ENSSSCG00000025128,0.771024951096939,0
ENSSSCG00000011825,77.4696498483114,56.2208082385146
ENSSSCG00000022081,57.9737332277174,41.8766842502116
ENSSSCG00000021656,1.76234274536443,10.70710676852
ENSSSCG00000011237,229.875581848473,181.612925283182
ENSSSCG00000059588,1.35847253288508,6.15233754000673
ENSSSCG00000028717,98.3240390017906,72.5703903199689
ENSSSCG00000011821,0.477301160202867,0.645825487625016
ENSSSCG00000025349,11.3450814232835,11.6248587772503
ENSSSCG00000011867,3073.92961812805,3161.79163333639
ENSSSCG00000011822,33.6313740573712,33.7868702473298
ENSSSCG00000061817,0.514016634064626,1.05371526928292
ENSSSCG00000043046,0.330439264755831,0.54385304221054
ENSSSCG00000048853,2.75366053963192,2.10743053856584
ENSSSCG00000053093,0.183577369308795,0.441880596796064
ENSSSCG00000060621,2.38650580101433,1.08770608442108
ENSSSCG00000034786,54.4490477369886,45.9215912516525
ENSSSCG00000027952,41.6353473592347,31.3735223725205
ENSSSCG00000024904,21.6988450522996,18.3210493594676
ENSSSCG00000011837,6.82907813828717,2.3113754293948
ENSSSCG00000011819,10.6474874199101,10.2312353565858
ENSSSCG00000029291,4.4792878111346,2.92321010188165
ENSSSCG00000027323,122.556251750551,103.909921877351
ENSSSCG00000011811,0.991317794267492,5.67646612807251
ENSSSCG00000011841,29.4090945632689,33.820861062468
ENSSSCG00000011843,81.0677662867638,67.5057588643833
ENSSSCG00000023871,5.21359728836978,3.84096211061194
ENSSSCG00000026934,7.01265550759596,6.69619058221727
ENSSSCG00000011810,22.54330095112,48.5048932021525
ENSSSCG00000024420,83.5277030355017,47.2472330420407
ENSSSCG00000031478,9.76631604722789,0
ENSSSCG00000057729,11.3083659494218,11.99875774377
ENSSSCG00000023527,4.14884854637876,2.27738461425664
ENSSSCG00000035414,20.7075272580321,28.9261836825731
ENSSSCG00000033030,15.3103526003535,19.0008656622307
ENSSSCG00000036536,10.206901733569,12.2366934497372
ENSSSCG00000031147,63.7380626240136,66.791951746482
ENSSSCG00000034711,23.2408949544934,22.0940298398032
ENSSSCG00000011760,95.7172403576057,105.167582037463
ENSSSCG00000011761,0.036715473861759,0.475871411934223
ENSSSCG00000021380,23.0573175851846,30.3537979183758
ENSSSCG00000033860,23.1674640067699,47.3831963025933
ENSSSCG00000030413,19.6060630421793,26.1729276563822
ENSSSCG00000056643,40.8643224081377,30.4217795486521
ENSSSCG00000038443,27.4998899224575,25.2891664627901
ENSSSCG00000039285,73.724671514412,81.8838736678244
ENSSSCG00000029268,5.76432939629616,1.80151320232241
ENSSSCG00000037583,50.7775003508127,45.3437473943038
ENSSSCG00000011848,32.5666253153802,45.5476922851327
ENSSSCG00000039249,124.318594495916,123.590603842345
ENSSSCG00000011849,119.17842815527,138.750507393964
ENSSSCG00000011264,36.2748881754179,11.8967852983556
ENSSSCG00000031304,20.7809582057556,14.3781148034412
ENSSSCG00000024556,31.3550146779422,37.0839793157312
ENSSSCG00000011831,19.1287618819764,33.0390723142903
ENSSSCG00000022195,11.5653742664541,16.5535269722833
ENSSSCG00000011304,30.8777135177393,47.8930585296657
ENSSSCG00000040904,2.68022959190841,9.04155682675023
ENSSSCG00000032080,6.42520792580782,13.3243995341582
ENSSSCG00000031356,30.9144289916011,15.0239402910662
ENSSSCG00000011850,280.579651251562,85.860799038989
ENSSSCG00000011306,7.74696498483114,5.50651205238172
ENSSSCG00000011826,22.6534473727053,14.9219678456517
ENSSSCG00000011307,5.32374370995505,8.25976807857258
ENSSSCG00000032344,9.83974699495141,10.8770608442108
ENSSSCG00000011309,4.4792878111346,1.46160505094083
ENSSSCG00000011827,71.1545883440889,48.8448013535341
ENSSSCG00000031576,22.396439055673,23.4196716301914
ENSSSCG00000011301,61.6085651400316,59.2799816009489
ENSSSCG00000011795,16.7055406071003,18.3550401746057
ENSSSCG00000011300,43.6179829477697,51.4620941191723
ENSSSCG00000011851,6.82907813828717,2.34536624453295
ENSSSCG00000026516,19.7896404114881,26.7847623288691
ENSSSCG00000011853,15.8978001821416,12.9165097525003
ENSSSCG00000011299,50.263483716748,26.8867347742836
ENSSSCG00000024024,2.12949748398202,3.53504477436851
ENSSSCG00000029708,22.1394307386407,26.6827898834546
ENSSSCG00000027139,107.870062205848,99.2871710185617
ENSSSCG00000022773,20.7442427318938,22.9438002182572
ENSSSCG00000011788,47.2528148600838,61.6253478454818
ENSSSCG00000037236,615.902074031007,516.218509503217
ENSSSCG00000011269,7.26966382462828,8.56568541481601
ENSSSCG00000055503,0.587447581788144,0.611834672486858
ENSSSCG00000011270,40.0198665093173,53.4335613971856
ENSSSCG00000025783,2.57008317032313,2.7192652110527
ENSSSCG00000011272,669.873820607793,530.698596752073
ENSSSCG00000056224,2.38650580101433,3.36509069867772
ENSSSCG00000011470,36.6787583878972,38.6815476272247
ENSSSCG00000030225,169.221619028847,214.719979227749
ENSSSCG00000032019,2.60679864418489,6.22031917028305
ENSSSCG00000026550,3.4879700168671,2.27738461425664
ENSSSCG00000011405,61.6819960877551,60.9115407275805
ENSSSCG00000011274,671.526016931572,514.31502385548
ENSSSCG00000011407,42.039217571714,34.1947600289877
ENSSSCG00000011408,364.841663764299,353.640440697404
ENSSSCG00000023229,14.9431978617359,42.5565005529748
ENSSSCG00000057050,31.9791777335921,24.847285865994
ENSSSCG00000011410,18.9818999865294,15.7377474089675
ENSSSCG00000043195,54.4857632108503,60.4016785005081
ENSSSCG00000011412,8.92186014840743,19.5107278893031
ENSSSCG00000022550,81.0310508129021,136.813030931089
ENSSSCG00000047010,0.146861895447036,0.475871411934223
ENSSSCG00000040431,1.83577369308795,2.37935705967111
ENSSSCG00000025408,29.5926719325777,46.023563697067
ENSSSCG00000011797,19.6427785160411,19.8846268558229
ENSSSCG00000035452,38.8816868196028,36.6760895340733
ENSSSCG00000011798,128.834597780912,28.9941653128494
ENSSSCG00000011474,158.831139925969,115.602762284878
ENSSSCG00000011799,0.550732107926385,0
ENSSSCG00000011278,56.064528586906,50.9182410769618
ENSSSCG00000011802,1.90920464081147,18.3890309897439
ENSSSCG00000011277,0.440585686341108,0.203944890828953
ENSSSCG00000025881,92.4862786577709,59.4839264917778
ENSSSCG00000011280,1.06474874199101,0.747797933039493
ENSSSCG00000011803,1080.24267196067,1007.65771477072
ENSSSCG00000022131,16.3751013423445,13.7322893158161
ENSSSCG00000011477,45.1967483238253,47.4851687480078
ENSSSCG00000011804,11.9692444789334,10.1972445414476
ENSSSCG00000034200,12.6301230084451,10.7750883987963
ENSSSCG00000033189,360.178798583856,867.071703359292
ENSSSCG00000055190,24.7462293828256,20.8703604948295
ENSSSCG00000025770,136.985432978223,69.4432353272583
ENSSSCG00000011482,24.8196603305491,15.8737106695201
ENSSSCG00000011806,0.550732107926385,1.35963260552635
ENSSSCG00000011432,5.32374370995505,6.69619058221727
ENSSSCG00000028184,319.57148449275,376.244332764279
ENSSSCG00000061023,30.0699730927806,44.8678759823696
ENSSSCG00000011438,78.90155332892,79.3005717173244
ENSSSCG00000011439,16.5219632377915,9.1435292721647
ENSSSCG00000011833,83.2706947184694,78.0089207420743
ENSSSCG00000011293,30.3269814098129,18.6949483259873
ENSSSCG00000011440,51.7688181450802,18.6609575108492
ENSSSCG00000011295,38.8816868196028,41.2988403928629
ENSSSCG00000011296,48.2808481282131,35.8603099707575
ENSSSCG00000011441,26.6921494974988,25.1192123870993
ENSSSCG00000011787,52.1726883575595,41.0609046868958
ENSSSCG00000023503,35.797587015215,24.3374236389217
ENSSSCG00000041195,0.257008317032313,0.747797933039493
ENSSSCG00000011297,36.5318964924502,16.2136188209017
ENSSSCG00000024417,1.28504158516156,3.94293455602642
ENSSSCG00000063377,17.6234274536443,20.564443158586
ENSSSCG00000011298,85.2900457808661,87.6623122413114
ENSSSCG00000035258,19.495916620594,18.3550401746057
ENSSSCG00000021439,25.1868150691667,32.8691182385995
ENSSSCG00000011312,29.7395338280248,24.3034328237835
ENSSSCG00000024201,57.7901558584086,67.9136486460412
ENSSSCG00000030359,49.8596135042687,30.4557703637902
ENSSSCG00000042021,0.146861895447036,0.407889781657905
ENSSSCG00000011463,62.306159143405,32.9370998688758
ENSSSCG00000021207,4.95658897133746,3.67100803492115
ENSSSCG00000032357,48.7214338145542,65.5682824015082
ENSSSCG00000059711,63.517769780843,129.606978121799
ENSSSCG00000060350,2.01935106239674,1.08770608442108
ENSSSCG00000063358,0.073430947723518,0.475871411934223
ENSSSCG00000035320,5.69089844857264,11.1829781804542
ENSSSCG00000031913,64.1052173626312,67.6077313097978
ENSSSCG00000041424,12.5934075345833,18.5589850654347
ENSSSCG00000020990,95.056361828094,95.9560711350222
ENSSSCG00000038724,53.5311608904446,60.9795223578568
ENSSSCG00000040296,30.2168349882276,21.1422870159347
ENSSSCG00000059878,1.65219632377915,2.51532032022375
ENSSSCG00000042928,0.146861895447036,0.407889781657905
ENSSSCG00000011791,17.7702893490913,16.9274259388031
ENSSSCG00000019512,0.844455898820457,3.02518254729613
ENSSSCG00000025921,17.7702893490913,19.8166452255466
ENSSSCG00000011793,0.587447581788144,1.5635774963553
ENSSSCG00000024109,18.6881761956353,15.9756831149346
ENSSSCG00000036423,66.2347148466132,75.0177290099164
ENSSSCG00000011854,21.5519831568525,47.5871411934223
ENSSSCG00000038584,7.19623287690476,6.424264061112
ENSSSCG00000011794,41.6720628330964,37.8317772487707
ENSSSCG00000031035,1.02803326812925,2.27738461425664
ENSSSCG00000011855,44.3155769511431,36.3361813826917
ENSSSCG00000011828,10.5006255244631,12.2366934497372
ENSSSCG00000059088,11.8590980573482,1.32564179038819
ENSSSCG00000060900,0.293723790894072,0.407889781657905
ENSSSCG00000052843,2.20292843170554,1.52958668121714
ENSSSCG00000052602,0.587447581788144,0
ENSSSCG00000060575,0.257008317032313,0.441880596796064
ENSSSCG00000054838,0.587447581788144,0.407889781657905
ENSSSCG00000034990,7.71024951096939,3.53504477436851
ENSSSCG00000045353,2.42322127487609,1.7335315720461
ENSSSCG00000019418,0.991317794267492,1.42761423580267
ENSSSCG00000018172,1.46861895447036,1.7335315720461
ENSSSCG00000020580,1.68891179764091,1.90348564773689
ENSSSCG00000018746,1.94592011467323,1.39362342066451
ENSSSCG00000019309,1.28504158516156,1.83550401746057
ENSSSCG00000040273,369.320951575434,299.527062997455
ENSSSCG00000011857,41.892355676267,53.5355338426
ENSSSCG00000026753,38.844971345741,33.4809529110864
ENSSSCG00000036828,58.8916200742614,45.173793318613
ENSSSCG00000011858,15.2736371264917,16.3155912663162
ENSSSCG00000039426,500.94592536984,418.256980275043
ENSSSCG00000034616,19.4592011467323,24.1674695632309
ENSSSCG00000011888,1.02803326812925,1.59756831149346
ENSSSCG00000011889,69.3555301248627,78.5527737842849
ENSSSCG00000011890,0.587447581788144,1.05371526928292
ENSSSCG00000011892,117.636378253076,136.269177888878
ENSSSCG00000011893,33.0439264755831,24.5413685297506
ENSSSCG00000011894,7.41652572007531,19.9865993012373
ENSSSCG00000011895,7.52667214166059,8.87160275105943
ENSSSCG00000011896,8.33441256661929,8.22577726343442
ENSSSCG00000011899,6.20491508263727,10.061281280895
ENSSSCG00000037639,16.448532290068,14.4800872488556
ENSSSCG00000032313,27.6467518179045,36.0302640464483
ENSSSCG00000011901,31.685453942698,19.272792183336
ENSSSCG00000026224,14.5393276492566,19.3747646287505
ENSSSCG00000011903,47.216099386222,24.9832491265467
ENSSSCG00000011904,110.62372274548,16.281600451178
ENSSSCG00000011905,0.514016634064626,0.203944890828953
ENSSSCG00000011906,3.81840928162293,3.09316417757245
ENSSSCG00000061104,0.293723790894072,0.81577956331581
ENSSSCG00000062764,33.1907883710301,45.9895728819288
ENSSSCG00000060201,22.2128616863642,25.7650378747243
ENSSSCG00000062719,3.56140096459062,4.75871411934223
ENSSSCG00000053337,17.8437202968149,18.2530677291913
ENSSSCG00000055578,0.36715473861759,2.92321010188165
ENSSSCG00000059664,1.79905821922619,3.39908151381588
ENSSSCG00000052707,0.881171372682216,1.35963260552635
ENSSSCG00000056033,2.16621295784378,2.78724684132902
ENSSSCG00000049029,0.293723790894072,0.645825487625016
ENSSSCG00000052096,2.60679864418489,2.20940298398032
ENSSSCG00000051565,3.37782359528183,3.05917336243429
ENSSSCG00000056686,3.74497833389942,3.46706314409219
ENSSSCG00000011845,46.1880661180928,53.8074603637053
ENSSSCG00000040510,44.7194471636224,40.0071894176128
ENSSSCG00000024513,33.8883823744035,45.173793318613
ENSSSCG00000032957,88.7045848500097,82.869607306831
ENSSSCG00000026281,108.567656209221,105.371526928292
ENSSSCG00000011336,15.0166288094594,11.7948128529411
ENSSSCG00000048318,3.81840928162293,20.8363696796913
ENSSSCG00000028740,7.23294835076652,10.9450424744871
ENSSSCG00000011246,21.2215438920967,14.8539862153754
ENSSSCG00000027550,23.7181961146963,26.5808174380401
ENSSSCG00000011249,121.528218482422,195.549159489827
ENSSSCG00000011251,33.9250978482653,27.8044867830139
ENSSSCG00000011250,22.4698700033965,24.0654971178164
ENSSSCG00000011253,40.6073140911054,41.0948955020339
ENSSSCG00000011256,0.146861895447036,0.373898966519746
ENSSSCG00000011255,0.330439264755831,1.01972445414476
ENSSSCG00000011254,2.60679864418489,2.92321010188165
ENSSSCG00000011257,1.76234274536443,3.60302640464483
ENSSSCG00000011259,0.771024951096939,2.00545809315137
ENSSSCG00000011261,66.418292215922,60.4696601307844
ENSSSCG00000011465,16.0079466037269,16.5875177874215
ENSSSCG00000031791,278.633731136889,157.207520013984
ENSSSCG00000011467,27.9771910826603,34.5346681803693
ENSSSCG00000038873,231.087192485911,203.774936753262
ENSSSCG00000034916,114.662424870273,62.9169988207318
ENSSSCG00000011263,413.820105895885,418.970787392945
ENSSSCG00000032596,2.53336769646137,4.21486107713169
ENSSSCG00000011310,2.82709148735544,2.3113754293948
ENSSSCG00000011471,257.191894401622,292.456973448718
ENSSSCG00000052616,0.330439264755831,1.05371526928292
ENSSSCG00000055206,0.440585686341108,0.645825487625016
ENSSSCG00000030575,4.69958065430515,0.951742823868445
ENSSSCG00000046162,0.73430947723518,0.781788748177651
ENSSSCG00000052811,0.550732107926385,1.18967852983556
ENSSSCG00000057463,1.76234274536443,1.49559586607899
ENSSSCG00000059369,1.54204990219388,1.25766016011187
ENSSSCG00000063054,0.844455898820457,1.12169689955924
ENSSSCG00000058236,0.660878529511662,1.42761423580267
ENSSSCG00000056248,0.660878529511662,0.27192652110527
ENSSSCG00000058944,0,2.44733868994743
ENSSSCG00000019894,0.697594003373421,0.81577956331581
ENSSSCG00000021408,184.972557315542,121.347210043227
ENSSSCG00000022616,41.892355676267,37.7637956184944
ENSSSCG00000011455,13.3644324856803,16.5875177874215
ENSSSCG00000011456,15.6775073389711,46.8393432603828
ENSSSCG00000037914,11.1615040539747,21.6521492430071
ENSSSCG00000011458,25.2602460168902,28.3823306403626
ENSSSCG00000060858,26.1781328634342,26.8527439591454
ENSSSCG00000027019,3.08409980438775,3.56903558950667
ENSSSCG00000011461,4.58943423271987,0.509862227072381
ENSSSCG00000035859,18.3210214570177,8.08981400288178
ENSSSCG00000011442,144.769113436916,149.491604977622
ENSSSCG00000011443,90.8340823339917,93.78065896618
ENSSSCG00000011444,30.767567096154,38.0697129547378
ENSSSCG00000034529,11.6755206880394,11.8627944832174
ENSSSCG00000035824,75.0831440472971,89.0899264771141
ENSSSCG00000011449,23.6447651669728,31.6114580784876
ENSSSCG00000011448,124.318594495916,96.0580435804366
ENSSSCG00000011447,90.6137894908212,51.7000298251395
ENSSSCG00000011446,115.580311716817,113.15542359493
ENSSSCG00000011450,1.21161063743805,0.577843857348699
ENSSSCG00000011451,3.85512475548469,3.77298048033562
ENSSSCG00000011453,10.2803326812925,251.328087131546
ENSSSCG00000033422,31.3550146779422,31.5774672633495
ENSSSCG00000011454,15.6775073389711,11.352932256145
ENSSSCG00000034614,32.5299098415185,29.4700367247836
ENSSSCG00000037433,7.08608645531948,3.16114580784876
ENSSSCG00000025272,32.1627551029009,28.9261836825731
ENSSSCG00000040581,16.448532290068,11.1489873653161
ENSSSCG00000011415,44.1319995818343,45.3777382094419
ENSSSCG00000011416,8.33441256661929,9.68738231437525
ENSSSCG00000032914,255.576413551704,53.8074603637053
ENSSSCG00000011417,49.3823123440658,55.0991113389553
ENSSSCG00000011424,52.5765585700389,45.5476922851327
ENSSSCG00000011423,23.7549115885581,43.4062709314287
ENSSSCG00000043327,0.954602320405733,0.27192652110527
ENSSSCG00000060753,0.954602320405733,0.54385304221054
ENSSSCG00000023177,13.2175705902332,14.3781148034412
ENSSSCG00000023033,58.4877498617821,56.0848449779619
ENSSSCG00000028446,35.5405786981827,35.7923283404812
ENSSSCG00000042259,42.1126485194375,56.6626888353106
ENSSSCG00000030229,76.625193949491,91.9451549487194
ENSSSCG00000023325,42.5899496796404,36.0982456767246
ENSSSCG00000027573,280.94680599018,224.84924213892
ENSSSCG00000059013,45.5639030624429,28.042422488981
ENSSSCG00000011426,16.5219632377915,4.38481515282248
ENSSSCG00000011437,75.5971606813617,133.65188512324
ENSSSCG00000011436,2.8638069612172,2.141421353704
ENSSSCG00000011435,62.2327281956815,71.0068128236136
ENSSSCG00000011434,35.4304322765974,48.0970034204946
ENSSSCG00000011433,156.150910334061,151.293118179945
ENSSSCG00000011347,26.1781328634342,37.7977864336325
ENSSSCG00000048408,9.3991613086103,19.4087554438886
ENSSSCG00000011346,294.494815845169,360.404612909897
ENSSSCG00000011350,16.3751013423445,15.8057290392438
ENSSSCG00000011351,85.6572005194837,87.3903857202062
ENSSSCG00000011359,9.2155839393015,10.2992169868621
ENSSSCG00000011358,3.70826286003766,3.8749529257501
ENSSSCG00000011357,160.226327932716,119.511706025766
ENSSSCG00000011353,19.2021928296999,24.8132950508559
ENSSSCG00000011355,43.6914138954932,34.1947600289877
ENSSSCG00000011356,140.253110151919,136.60908604026
ENSSSCG00000011361,7.7836804586929,7.95385074232915
ENSSSCG00000011360,2.71694506577016,1.22366934497372
ENSSSCG00000011364,15.1267752310447,12.7125648616714
ENSSSCG00000040922,36.9357667049295,36.3021905675535
ENSSSCG00000011363,28.4177767690015,30.183843842685
ENSSSCG00000011366,26.0679864418489,20.9383421251058
ENSSSCG00000011367,69.7594003373421,77.3970860695875
ENSSSCG00000011368,35.0265620641181,43.1343444103235
ENSSSCG00000011369,357.425138044224,376.210341949141
ENSSSCG00000011370,48.3175636020748,56.7646612807251
ENSSSCG00000011371,27.3897435008722,33.4469620959482
ENSSSCG00000011373,89.0717395886273,103.19611475945
ENSSSCG00000032031,188.533958280132,109.722351265976
ENSSSCG00000011375,151.818484418373,158.431189358958
ENSSSCG00000011377,355.075347717071,316.114580784876
ENSSSCG00000011378,32.4197634199332,32.767145793185
ENSSSCG00000011379,61.5718496661698,40.7889781657905
ENSSSCG00000011376,1.06474874199101,1.66554994176978
ENSSSCG00000058399,16.5219632377915,20.6324247888624
ENSSSCG00000056386,2.82709148735544,3.19513662298692
ENSSSCG00000011382,62.453021038852,46.6014075544157
ENSSSCG00000060656,292.034879096431,131.952344366332
ENSSSCG00000022080,252.198589956422,194.801361556788
ENSSSCG00000037459,43.9117067386637,35.3844385588233
ENSSSCG00000022975,1.39518800674684,2.17541216884216
ENSSSCG00000031594,33.7415204789565,38.0697129547378
ENSSSCG00000034357,200.760211076098,175.732514264281
ENSSSCG00000011384,4.88315802361394,8.56568541481601
ENSSSCG00000011385,73.6512405666885,57.9203489954225
ENSSSCG00000011386,25.737547177093,8.90559356619759
ENSSSCG00000011387,48.905011183863,43.8481515282248
ENSSSCG00000011389,28.491207716725,20.2925166374808
ENSSSCG00000062528,48.6480028668307,21.3802227219019
ENSSSCG00000011390,100.673829328943,111.523864468299
ENSSSCG00000011391,239.017734840051,357.175485471772
ENSSSCG00000049797,12.2262527959657,17.0633891993557
ENSSSCG00000011393,31.4284456256657,18.2530677291913
ENSSSCG00000026977,2.79037601349368,2.17541216884216
ENSSSCG00000025416,0.807740424958698,0.475871411934223
ENSSSCG00000027992,11.6755206880394,11.1829781804542
ENSSSCG00000025791,9.32573036088678,10.0952720960331
ENSSSCG00000011394,51.5852407757714,58.3962204073567
ENSSSCG00000011395,230.793468695017,315.264810406422
ENSSSCG00000011398,31.0245754131863,47.0432881512117
ENSSSCG00000042718,9.47259225633382,10.0272904657568
ENSSSCG00000011399,383.272831642902,328.453246680028
ENSSSCG00000011400,57.0191309073117,44.4939770158498
ENSSSCG00000011401,1.87248916694971,2.3113754293948
ENSSSCG00000051852,22.4698700033965,26.5808174380401
ENSSSCG00000011402,7.01265550759596,6.73018139735543
ENSSSCG00000011404,22.2128616863642,16.6554994176978
ENSSSCG00000011420,37.4497833389942,35.554392634514
ENSSSCG00000048899,2.68022959190841,0.985733639006604
ENSSSCG00000057646,2.09278201012026,2.41334787480927
ENSSSCG00000060422,2.93723790894072,3.56903558950667
ENSSSCG00000060968,2.79037601349368,3.67100803492115
ENSSSCG00000053956,0.146861895447036,0.509862227072381
ENSSSCG00000060904,9.17886846543974,11.8627944832174
ENSSSCG00000057242,122.923406489169,73.4541515135611
ENSSSCG00000055923,0.807740424958698,1.46160505094083
ENSSSCG00000058473,0.440585686341108,1.59756831149346
ENSSSCG00000019159,0.110146421585277,0.407889781657905
ENSSSCG00000018540,0.183577369308795,0.339908151381588
ENSSSCG00000018173,0.550732107926385,0.135963260552635
ENSSSCG00000011425,20.9278201012026,21.2782502764874
ENSSSCG00000060807,14.3924657538095,16.4175637117307
ENSSSCG00000011870,125.603636081077,89.7357519647391
ENSSSCG00000041693,0.550732107926385,1.12169689955924
ENSSSCG00000011872,5.54403655312561,2.44733868994743
ENSSSCG00000052036,8.7749982529604,10.9790332896253
ENSSSCG00000036766,8.66485183137512,7.85187829691467
ENSSSCG00000011873,8.5914208836516,11.9647669286319
ENSSSCG00000011874,26.0312709679871,25.4931113536191
ENSSSCG00000011876,14.8697669140124,19.0348564773689
ENSSSCG00000027709,34.6961227993622,27.6005418921849
ENSSSCG00000028475,84.8861755683868,77.9749299269362
ENSSSCG00000053171,16.3751013423445,16.9274259388031
ENSSSCG00000026990,48.1707017066278,50.1364523287842
ENSSSCG00000025107,8.99529109613095,6.39027324597385
ENSSSCG00000011877,11.8223825834864,5.33655797669092
ENSSSCG00000025436,18.8350380910824,20.7343972342768
ENSSSCG00000011880,2.01935106239674,0.81577956331581
ENSSSCG00000011881,26.5820030759135,25.9349919504151
ENSSSCG00000011884,5.58075202698736,4.01091618630273
ENSSSCG00000011885,2.79037601349368,1.66554994176978
ENSSSCG00000036613,1.50533442833212,1.22366934497372
ENSSSCG00000030305,303.269814098129,131.374500508984
ENSSSCG00000012029,25.0032376998579,31.5094856330732
ENSSSCG00000011772,54.3389013154033,53.9434236242579
ENSSSCG00000025942,77.5063653221732,63.9027324597385
ENSSSCG00000021749,4.00198665093173,4.14687944685537
ENSSSCG00000024393,44.939740006793,49.5586084714355
ENSSSCG00000031476,2.8638069612172,1.97146727801321
ENSSSCG00000011775,56.7988380641411,68.7974098396333
ENSSSCG00000011776,70.3101324452685,41.7407209896589
ENSSSCG00000032328,1.39518800674684,2.17541216884216
ENSSSCG00000033424,27.2428816054252,21.618158427869
ENSSSCG00000011782,32.6400562631037,38.2396670304286
ENSSSCG00000062141,13.0707086947862,13.3923811644345
ENSSSCG00000011783,69.2086682294157,64.6845212079161
ENSSSCG00000025374,97.3694366813848,103.094142314035
ENSSSCG00000024437,204.284896566827,218.594932153499
ENSSSCG00000028856,52.2094038314213,58.1582847013896
ENSSSCG00000026185,1.76234274536443,1.29165097525003
ENSSSCG00000021319,12.0426754266569,7.51197014553308
ENSSSCG00000054583,1.13817968971453,1.01972445414476
ENSSSCG00000053887,0.624163055649903,0.339908151381588
ENSSSCG00000052048,20.266941571691,24.7453134205796
ENSSSCG00000046387,218.714077794498,168.764397160958
ENSSSCG00000030255,373.433084647951,343.069297189436
ENSSSCG00000053702,10.6107719460483,13.1204546433293
ENSSSCG00000021581,4.4792878111346,6.35628243083569
ENSSSCG00000022507,22.6534473727053,31.271549927106
ENSSSCG00000023909,3.08409980438775,4.48678759823696
ENSSSCG00000025270,14.9799133355977,11.2509598107305
ENSSSCG00000062432,0.991317794267492,0.917752008730286
ENSSSCG00000043503,2.93723790894072,2.82123765646718
ENSSSCG00000058799,0.146861895447036,0.441880596796064
ENSSSCG00000041813,10.6107719460483,10.6731159533818
ENSSSCG00000038376,5.47060560540209,5.09862227072381
ENSSSCG00000029774,55.4770810051178,53.093653245804
ENSSSCG00000011675,1.90920464081147,3.8749529257501
ENSSSCG00000054119,1.28504158516156,3.56903558950667
ENSSSCG00000061813,4.99330444519922,16.5875177874215
ENSSSCG00000011676,256.788024189142,117.438266302338
ENSSSCG00000028258,25.5172543339225,23.7255889664348
ENSSSCG00000032162,1.4319034806086,0.747797933039493
ENSSSCG00000011713,2.64351411804665,2.03944890828953
ENSSSCG00000011717,3.23096169983479,1.12169689955924
ENSSSCG00000031367,115.029579608891,2.95720091701981
ENSSSCG00000022105,2.68022959190841,0.407889781657905
ENSSSCG00000011629,27.5366053963192,25.5950837990335
ENSSSCG00000011630,1.57876537605564,1.25766016011187
ENSSSCG00000011631,33.7782359528183,24.5413685297506
ENSSSCG00000011632,52.1359728836978,50.5103512953039
ENSSSCG00000054039,50.7775003508127,56.8326429110014
ENSSSCG00000033350,443.743217093219,177.534027466603
ENSSSCG00000044713,0.36715473861759,0.407889781657905
ENSSSCG00000027820,30.7308516222923,53.1616348760803
ENSSSCG00000034515,0.73430947723518,0.203944890828953
ENSSSCG00000021511,0.146861895447036,0.475871411934223
ENSSSCG00000033637,1.79905821922619,4.96265901017118
ENSSSCG00000041735,9.17886846543974,9.7213731295134
ENSSSCG00000039224,2.68022959190841,3.7049988500593
ENSSSCG00000062072,8.5914208836516,9.99329965061867
ENSSSCG00000011342,91.4582453896416,110.776066535259
ENSSSCG00000029251,360.545953322473,334.843519926002
ENSSSCG00000011344,1.94592011467323,3.09316417757245
ENSSSCG00000011340,40.4604521956584,38.2056762152904
ENSSSCG00000062232,2.0560665362585,3.2971090684014
ENSSSCG00000048463,12.6301230084451,12.4406383405661
ENSSSCG00000012089,57.9003022799939,47.6551228236986
ENSSSCG00000012088,226.05717256685,123.114732430411
ENSSSCG00000038089,224.918992877136,127.363584322681
ENSSSCG00000030696,40.5338831433819,26.2749001017967
ENSSSCG00000011756,0.36715473861759,0.475871411934223
ENSSSCG00000035037,16.9992643979944,26.6827898834546
ENSSSCG00000022164,34.7695537470858,26.9207255894217
ENSSSCG00000021698,17.7335738752296,24.3714144540598
ENSSSCG00000034758,75.3401523643294,89.8037335950154
ENSSSCG00000027357,54.8162024756062,71.0068128236136
ENSSSCG00000037061,35.4671477504592,29.7759540610271
ENSSSCG00000038081,42.7368115750875,52.5837910187316
ENSSSCG00000039085,53.9350311029239,56.7646612807251
ENSSSCG00000029627,31.685453942698,40.8229689809287
ENSSSCG00000025525,61.4617032445845,57.1045694321067
ENSSSCG00000022246,16.9258334502709,12.5766016011187
ENSSSCG00000028197,119.692444789334,131.578445399813
ENSSSCG00000024500,50.6306384553656,58.3962204073567
ENSSSCG00000023762,9.58273867791909,12.8825189373622
ENSSSCG00000053846,0.73430947723518,3.67100803492115
ENSSSCG00000027165,44.1687150556961,46.669389184692
ENSSSCG00000035795,25.7008317032313,22.8758185879808
ENSSSCG00000031249,143.704364694925,150.137430465247
ENSSSCG00000025133,15.8610847082799,12.9165097525003
ENSSSCG00000028571,18.3577369308795,16.3155912663162
ENSSSCG00000054232,5.03001991906098,5.74444775834883
ENSSSCG00000057336,5.25031276223153,8.42972215426337
ENSSSCG00000044255,1.35847253288508,2.24339379911848
ENSSSCG00000049147,1.72562727150267,2.34536624453295
ENSSSCG00000027738,60.6539628196258,54.0793868848106
ENSSSCG00000024222,32.5666253153802,17.8791687626715
ENSSSCG00000030247,13.1808551163715,22.1960022852177
ENSSSCG00000011239,111.688471487471,88.002220392693
ENSSSCG00000011241,2.75366053963192,4.01091618630273
ENSSSCG00000011245,119.692444789334,185.215951687827
ENSSSCG00000042530,0.844455898820457,0.611834672486858
ENSSSCG00000011243,125.603636081077,163.495820814544
ENSSSCG00000039888,0.36715473861759,1.39362342066451
ENSSSCG00000056460,1.17489516357629,3.56903558950667
ENSSSCG00000011882,193.967848411673,236.30414684048
ENSSSCG00000051935,0.440585686341108,0.135963260552635
ENSSSCG00000011284,63.7013471501518,76.6832789516861
ENSSSCG00000030065,98.9482020574405,97.5196486313775
ENSSSCG00000011286,14.8697669140124,18.4910034351584
ENSSSCG00000011287,20.5973808364468,37.4918690973891
ENSSSCG00000050245,175.169525794452,175.732514264281
ENSSSCG00000011290,56.9089844857264,46.3294810333104
ENSSSCG00000031154,7.04937098145772,4.52077841337511
ENSSSCG00000011292,13.5847253288508,15.0579311062043
ENSSSCG00000011294,47.2528148600838,54.2493409605014
ENSSSCG00000049863,0.550732107926385,1.12169689955924
ENSSSCG00000030528,31.9057467858686,31.679439708764
ENSSSCG00000060376,3.52468549072886,1.76752238718426
ENSSSCG00000057067,12.5934075345833,4.72472330420407
ENSSSCG00000027594,52.0625419359742,46.2614994030341
ENSSSCG00000026761,149.505409565083,139.158397175622
ENSSSCG00000038281,1.17489516357629,0.611834672486858
ENSSSCG00000035537,23.3877568499405,28.8921928674349
ENSSSCG00000028883,12.6668384823068,8.22577726343442
ENSSSCG00000020706,73.1372239326239,81.5099747013047
ENSSSCG00000031111,0.330439264755831,0.441880596796064
ENSSSCG00000012053,3.30439264755831,0.985733639006604
ENSSSCG00000012054,18.0272976661237,10.7750883987963
ENSSSCG00000012055,36.5318964924502,35.962282416172
ENSSSCG00000012056,2.16621295784378,0.645825487625016
ENSSSCG00000027179,0.514016634064626,0.101972445414476
ENSSSCG00000012059,70.7874336054713,43.3722801162906
ENSSSCG00000011313,38.991833241188,43.2363168557379
ENSSSCG00000027176,69.3555301248627,63.7667691991858
ENSSSCG00000028643,232.51909596652,57.5124592137646
ENSSSCG00000063482,0.403870212479349,0.169954075690794
ENSSSCG00000011314,127.365978826442,95.6501537987787
ENSSSCG00000062437,0.293723790894072,0.407889781657905
ENSSSCG00000011316,0.403870212479349,1.08770608442108
ENSSSCG00000054177,199.475169490937,57.9543398105607
ENSSSCG00000011318,1.54204990219388,0.679816302763175
ENSSSCG00000011317,78.0938129039614,26.6487990683165
ENSSSCG00000026707,0.881171372682216,0.407889781657905
ENSSSCG00000011322,1.68891179764091,0.339908151381588
ENSSSCG00000063596,1.83577369308795,0.883761193592128
ENSSSCG00000024344,4.25899496796404,1.83550401746057
ENSSSCG00000023557,1.28504158516156,0.81577956331581
ENSSSCG00000029879,531.676776992132,207.513926418459
ENSSSCG00000045673,3.59811643845238,2.54931113536191
ENSSSCG00000026945,25.9211245464018,16.281600451178
ENSSSCG00000023395,1.21161063743805,0.475871411934223
ENSSSCG00000056944,0.293723790894072,1.39362342066451
ENSSSCG00000032551,2.42322127487609,3.90894374088826
ENSSSCG00000021997,158.133545922596,154.012383390997
ENSSSCG00000038857,1.39518800674684,0.237935705967111
ENSSSCG00000040146,0.146861895447036,1.35963260552635
ENSSSCG00000043557,0.807740424958698,0.611834672486858
ENSSSCG00000011324,7.63681856324587,9.41545579326997
ENSSSCG00000011325,2.64351411804665,1.80151320232241
ENSSSCG00000011326,12.5934075345833,19.5447187044413
ENSSSCG00000011329,121.234494691528,109.008544148075
ENSSSCG00000011330,138.674344775864,238.445568194184
ENSSSCG00000054848,25.9945554941254,62.95098963587
ENSSSCG00000011332,89.2920324317978,99.4231342791144
ENSSSCG00000051293,7.71024951096939,5.06463145558565
ENSSSCG00000040687,2.75366053963192,9.00756601161207
ENSSSCG00000002795,62.0858663002344,15.193894366757
ENSSSCG00000002802,7.23294835076652,8.29375889371074
ENSSSCG00000021911,128.026857355954,1589.10459852406
ENSSSCG00000026505,13.107424168648,33.3789804656719
ENSSSCG00000002799,127.292547878718,121.007301891845
ENSSSCG00000040881,10.7209183676336,8.08981400288178
ENSSSCG00000032985,144.989406280086,159.31495055255
ENSSSCG00000002781,1.24832611129981,11.5908679621121
ENSSSCG00000002779,65.353543473931,62.5430998542121
ENSSSCG00000035983,520.478557464295,563.43175173012
ENSSSCG00000002778,60.3969545025935,74.9837381947782
ENSSSCG00000002777,9.87646246881317,34.1267783987114
ENSSSCG00000002776,100.637113855081,98.8452904217657
ENSSSCG00000002774,75.0464285734354,75.9694718337848
ENSSSCG00000024253,73.0270775110386,103.264096389726
ENSSSCG00000022722,2.8638069612172,5.06463145558565
ENSSSCG00000029590,26.5452876020517,19.7486635952702
ENSSSCG00000034863,5.54403655312561,4.18087026199353
ENSSSCG00000028661,22.6167318988435,15.5677933332767
ENSSSCG00000021711,0.954602320405733,0.679816302763175
ENSSSCG00000024750,54.7060560540209,53.8754419939816
ENSSSCG00000021803,73.7613869882738,71.1087852690281
ENSSSCG00000002767,104.822677875322,114.005193973384
ENSSSCG00000002768,15.9712311298652,13.4603627947109
ENSSSCG00000030295,85.8407778887925,101.700518893371
ENSSSCG00000002771,93.6611738213472,109.858314526529
ENSSSCG00000055661,0.110146421585277,0.509862227072381
ENSSSCG00000040313,36.7521893356207,37.1859517611457
ENSSSCG00000031781,13.9518800674684,14.3781148034412
ENSSSCG00000028350,4.4792878111346,5.50651205238172
ENSSSCG00000028609,53.1272906779652,36.8800344249022
ENSSSCG00000023514,20.6340963103085,51.2581492283434
ENSSSCG00000021105,374.277540546771,355.00007330293
ENSSSCG00000059913,12.8504158516156,12.9165097525003
ENSSSCG00000029578,56.1379595346295,60.6736050216134
ENSSSCG00000035227,33.9618133221271,49.5925992865736
ENSSSCG00000057510,9.3991613086103,6.93412628818439
ENSSSCG00000002769,43.8015603170785,55.2010837843698
ENSSSCG00000026038,4.99330444519922,5.98238346431594
ENSSSCG00000051564,2.42322127487609,4.96265901017118
ENSSSCG00000060951,0.954602320405733,1.52958668121714
ENSSSCG00000038329,53.7147382597534,37.7977864336325
ENSSSCG00000027660,137.022148452085,103.943912692489
ENSSSCG00000039548,51.5485253019096,40.3470975689944
ENSSSCG00000003762,38.6246785025704,19.5787095195794
ENSSSCG00000033425,0.514016634064626,2.58330195050007
ENSSSCG00000003787,147.596204924271,173.421138834886
ENSSSCG00000003788,12.0059599527952,8.3277497088489
ENSSSCG00000035582,8.51798993592808,6.73018139735543
ENSSSCG00000003763,87.5296896864334,61.9992468120016
ENSSSCG00000025085,10.9044957369424,12.2366934497372
ENSSSCG00000003781,90.3567811737888,53.9094328091198
ENSSSCG00000040109,0.293723790894072,0.951742823868445
ENSSSCG00000003783,24.5626520135168,34.7726038863364
ENSSSCG00000003784,4.00198665093173,4.24885189226984
ENSSSCG00000024494,2.12949748398202,3.43307232895403
ENSSSCG00000003775,49.6760361349599,42.4545281075603
ENSSSCG00000003776,42.8469579966727,27.8044867830139
ENSSSCG00000003777,0.330439264755831,0.645825487625016
ENSSSCG00000003779,9.69288509950437,8.87160275105943
ENSSSCG00000003780,126.264514610589,104.215839213595
ENSSSCG00000003766,56.7254071164176,76.2413983548901
ENSSSCG00000003771,104.896108823045,162.544077990675
ENSSSCG00000003768,101.738578070934,110.776066535259
ENSSSCG00000003770,6.13148413491375,8.3277497088489
ENSSSCG00000040220,40.5338831433819,43.1343444103235
ENSSSCG00000003772,41.2314771467553,46.6353983695538
ENSSSCG00000003773,1.72562727150267,0.441880596796064
ENSSSCG00000053847,0.587447581788144,0.81577956331581
ENSSSCG00000019290,0.146861895447036,0.373898966519746
ENSSSCG00000019699,0.514016634064626,0.339908151381588
ENSSSCG00000019065,0.403870212479349,0.781788748177651
ENSSSCG00000035230,33.2275038448919,32.5632009023561
ENSSSCG00000034905,45.0131709545165,33.8888426927443
ENSSSCG00000031493,43.0672508398433,44.7998943520932
ENSSSCG00000056651,0.110146421585277,0.441880596796064
ENSSSCG00000035967,36.3850345970031,34.0587967684351
ENSSSCG00000033920,29.702818354163,28.5522847160534
ENSSSCG00000034455,14.4291812276713,17.0973800144939
ENSSSCG00000002648,2.75366053963192,1.46160505094083
ENSSSCG00000002646,65.6472672648251,73.012270916765
ENSSSCG00000002645,179.391805288554,139.804222663247
ENSSSCG00000002650,21.2215438920967,32.767145793185
ENSSSCG00000002651,4.55271875885811,1.69954075690794
ENSSSCG00000024974,559.543821653207,435.218397028985
ENSSSCG00000024756,61.9022889309256,52.889708354975
ENSSSCG00000039541,175.096094846729,237.357862109763
ENSSSCG00000023866,24.525936539655,23.9975154875401
ENSSSCG00000002639,0.403870212479349,0.849770378453969
ENSSSCG00000036102,83.2706947184694,62.1692008876924
ENSSSCG00000002635,76.478332054044,86.6085969720285
ENSSSCG00000024687,12.1161063743805,6.73018139735543
ENSSSCG00000029228,37.1560595481001,49.7285625471263
ENSSSCG00000022310,34.1453906914358,37.4238874671128
ENSSSCG00000029339,7.56338761552235,6.15233754000673
ENSSSCG00000025401,86.8688111569218,104.657719810391
ENSSSCG00000003726,9.54602320405733,5.06463145558565
ENSSSCG00000023677,58.0838796493027,72.1964913534492
ENSSSCG00000020694,0.36715473861759,1.1556877146974
ENSSSCG00000021971,0.587447581788144,0.0679816302763175
ENSSSCG00000026662,3.6715473861759,5.47252123724356
ENSSSCG00000020740,0.36715473861759,0.611834672486858
ENSSSCG00000027160,0.991317794267492,0.339908151381588
ENSSSCG00000022739,143.961373011957,146.126514278944
ENSSSCG00000002633,156.518065072679,219.818601498473
ENSSSCG00000003722,5.9111912917432,17.5052697961518
ENSSSCG00000002637,12.1161063743805,19.7146727801321
ENSSSCG00000035965,0.991317794267492,1.5635774963553
ENSSSCG00000056858,4.22227949410228,4.41880596796064
ENSSSCG00000041404,1.39518800674684,2.95720091701981
ENSSSCG00000002640,110.954162010236,148.029999926681
ENSSSCG00000003721,25.2235305430284,53.4335613971856
ENSSSCG00000002668,94.8727844587852,72.7403443956597
ENSSSCG00000025005,2.0560665362585,1.76752238718426
ENSSSCG00000038048,0.771024951096939,5.16660390100013
ENSSSCG00000003728,43.4344055784609,42.182601586455
ENSSSCG00000032115,7.01265550759596,9.07554764188839
ENSSSCG00000031450,11.2349350016982,23.5896257058822
ENSSSCG00000003729,10.2436172074308,11.9647669286319
ENSSSCG00000057749,128.357296620709,123.420649766654
ENSSSCG00000003730,32.5666253153802,27.7365051527375
ENSSSCG00000003731,22.7268783204288,16.2476096360399
ENSSSCG00000003733,28.784931507619,23.0797634788098
ENSSSCG00000057415,20.6340963103085,8.97357519647391
ENSSSCG00000024800,93.8080357167942,64.1066773505674
ENSSSCG00000003736,1.94592011467323,4.79270493448038
ENSSSCG00000003737,3.15753075211127,0.747797933039493
ENSSSCG00000028047,88.3007146375303,75.7655269429559
ENSSSCG00000030002,23.4244723238022,26.6487990683165
ENSSSCG00000027700,68.1439194874247,87.2544224596535
ENSSSCG00000027455,34.879700168671,26.1729276563822
ENSSSCG00000020898,30.9144289916011,32.9370998688758
ENSSSCG00000002688,20.7809582057556,9.99329965061867
ENSSSCG00000040875,12.9972777470627,16.9274259388031
ENSSSCG00000003744,1.21161063743805,4.62275085878959
ENSSSCG00000053583,4.11213307251701,2.44733868994743
ENSSSCG00000027935,36.0913108061091,63.6647967537713
ENSSSCG00000020678,27.2428816054252,32.0533386752837
ENSSSCG00000035629,1.39518800674684,1.18967852983556
ENSSSCG00000032996,20.7809582057556,12.0327485589082
ENSSSCG00000002652,62.0491508263727,64.4805763170872
ENSSSCG00000003746,1.4319034806086,0.373898966519746
ENSSSCG00000026953,31.9057467858686,30.7956785151718
ENSSSCG00000002653,2.01935106239674,3.19513662298692
ENSSSCG00000002656,28.0139065565221,43.3722801162906
ENSSSCG00000002655,86.9055266307835,82.427726710035
ENSSSCG00000002654,42.039217571714,35.758337525343
ENSSSCG00000002666,69.3555301248627,109.042534963213
ENSSSCG00000002667,39.1386951366351,50.6803053709947
ENSSSCG00000003747,7.04937098145772,8.97357519647391
ENSSSCG00000002669,170.763668931041,45.2417749488893
ENSSSCG00000003748,0.844455898820457,0.135963260552635
ENSSSCG00000002670,61.388272296861,63.7667691991858
ENSSSCG00000038285,14.0987419629154,13.6303168704017
ENSSSCG00000037645,76.9556332142468,47.7231044539749
ENSSSCG00000002672,27.9771910826603,22.6038920668756
ENSSSCG00000002671,88.961593167042,179.947375341412
ENSSSCG00000052604,0.183577369308795,0.407889781657905
ENSSSCG00000046533,3.81840928162293,11.7268312226648
ENSSSCG00000061859,0.73430947723518,2.88921928674349
ENSSSCG00000054474,0.146861895447036,0.509862227072381
ENSSSCG00000023837,31.2815837302187,10.5371526928292
ENSSSCG00000054929,12.1528218482422,31.1695774816916
ENSSSCG00000054530,0.073430947723518,0.679816302763175
ENSSSCG00000062355,0,0.577843857348699
ENSSSCG00000059290,0,0.645825487625016
ENSSSCG00000002660,47.6199695987014,71.3467209749952
ENSSSCG00000038460,15.8610847082799,20.7004064191387
ENSSSCG00000034980,7.85711140641642,5.16660390100013
ENSSSCG00000029034,152.516078421747,193.611683026952
ENSSSCG00000045808,19.6427785160411,13.7662801309543
ENSSSCG00000059578,3.81840928162293,1.83550401746057
ENSSSCG00000056302,3.59811643845238,2.3113754293948
ENSSSCG00000002664,43.6179829477697,43.7461790828103
ENSSSCG00000060235,0.624163055649903,0.951742823868445
ENSSSCG00000002680,28.7115005598955,37.0159976854549
ENSSSCG00000002675,128.320581146848,74.4398851525677
ENSSSCG00000002681,49.6026051872364,59.8238346431594
ENSSSCG00000002682,143.484071851754,125.52808030522
ENSSSCG00000002689,103.31734344699,73.3861698832848
ENSSSCG00000002690,2.20292843170554,3.50105395923035
ENSSSCG00000036572,3.85512475548469,6.39027324597385
ENSSSCG00000039200,5.47060560540209,7.61394259094756
ENSSSCG00000040203,14.3557502799478,16.0096739300728
ENSSSCG00000035388,18.0640131399854,23.3176991847769
ENSSSCG00000032216,36.2014572276944,44.3920045704353
ENSSSCG00000039216,1.72562727150267,0.407889781657905
ENSSSCG00000032060,8.37112804048105,7.47797933039493
ENSSSCG00000038128,5.83776034401968,4.72472330420407
ENSSSCG00000031421,151.414614205894,143.101331731648
ENSSSCG00000027415,8.48127446206632,7.10408036387518
ENSSSCG00000002696,36.2014572276944,7.85187829691467
ENSSSCG00000002658,0.660878529511662,0
ENSSSCG00000029296,0.403870212479349,0.237935705967111
ENSSSCG00000062019,0.257008317032313,0.407889781657905
ENSSSCG00000054216,10.0233243642602,16.9614167539412
ENSSSCG00000061465,1.65219632377915,1.32564179038819
ENSSSCG00000057892,2.31307485329082,2.48132950508559
ENSSSCG00000060189,0.587447581788144,0.645825487625016
ENSSSCG00000056644,2.79037601349368,6.83215384276991
ENSSSCG00000045539,0.146861895447036,0.441880596796064
ENSSSCG00000062020,0.477301160202867,5.54050286751988
ENSSSCG00000054946,0.807740424958698,7.27403443956597
ENSSSCG00000044663,1.02803326812925,1.22366934497372
ENSSSCG00000054485,1.21161063743805,1.66554994176978
ENSSSCG00000053453,2.0560665362585,3.43307232895403
ENSSSCG00000054198,3.59811643845238,6.39027324597385
ENSSSCG00000059137,0.624163055649903,0.917752008730286
ENSSSCG00000042603,0.440585686341108,0.645825487625016
ENSSSCG00000061680,25.3336769646137,16.9614167539412
ENSSSCG00000003831,7.23294835076652,7.95385074232915
ENSSSCG00000025097,21.1113974705114,10.7410975836582
ENSSSCG00000005778,2.45993674873785,2.00545809315137
ENSSSCG00000025020,13.3277170118185,2.24339379911848
ENSSSCG00000005777,17.8070048229531,19.3747646287505
ENSSSCG00000003830,59.6626450253583,81.1020849196468
ENSSSCG00000056323,35.6874405936297,35.2484752982706
ENSSSCG00000003825,10.7209183676336,10.9790332896253
ENSSSCG00000058502,13.254286064095,7.71591503636204
ENSSSCG00000040920,55.146641740362,55.2010837843698
ENSSSCG00000061676,1.10146421585277,1.35963260552635
ENSSSCG00000003826,13.8050181720214,19.0688472925071
ENSSSCG00000003833,1.06474874199101,1.32564179038819
ENSSSCG00000003749,29.0052243507896,26.0029735806914
ENSSSCG00000003828,26.655434023637,26.0029735806914
ENSSSCG00000031912,169.441911872018,238.51354982446
ENSSSCG00000063412,6.5353543473931,13.1204546433293
ENSSSCG00000005780,5.69089844857264,14.5480688791319
ENSSSCG00000003875,129.20175251953,113.359368485759
ENSSSCG00000023171,24.9665222259961,22.2299931003558
ENSSSCG00000003760,12.4465456391363,12.4746291557043
ENSSSCG00000031172,125.677067028801,127.635510843786
ENSSSCG00000038475,15.2002061787682,5.33655797669092
ENSSSCG00000003876,16.5219632377915,14.8879770305135
ENSSSCG00000003877,50.7040694030892,40.5510424598234
ENSSSCG00000038632,33.7415204789565,30.9996234060008
ENSSSCG00000023376,2.68022959190841,5.47252123724356
ENSSSCG00000003753,7.23294835076652,5.40453960696724
ENSSSCG00000003755,30.9511444654628,23.3856808150532
ENSSSCG00000003756,127.476125248027,82.0878185586534
ENSSSCG00000003757,43.4344055784609,19.8506360406847
ENSSSCG00000003758,1.79905821922619,0.849770378453969
ENSSSCG00000029882,6.27834603036079,7.7499058515002
ENSSSCG00000053185,38.9551177673263,41.6387485442445
ENSSSCG00000022145,23.6447651669728,25.3911389082046
ENSSSCG00000026005,0.36715473861759,0.475871411934223
ENSSSCG00000003761,46.8489446476045,46.2954902181722
ENSSSCG00000037291,0.844455898820457,0.169954075690794
ENSSSCG00000055983,0.183577369308795,0.407889781657905
ENSSSCG00000058037,0.771024951096939,0.81577956331581
ENSSSCG00000022206,2.0560665362585,2.27738461425664
ENSSSCG00000038041,8.18755067117225,11.3869230712832
ENSSSCG00000036145,8.11411972344873,6.424264061112
ENSSSCG00000003839,120.573616162016,159.756831149346
ENSSSCG00000029633,89.879480013586,97.7915751524827
ENSSSCG00000027525,148.6242381924,130.796656651635
ENSSSCG00000027362,1.4319034806086,0.577843857348699
ENSSSCG00000056444,3.01066885666424,6.424264061112
ENSSSCG00000003843,10.353763629016,9.44944660840813
ENSSSCG00000003844,26.3249947588812,24.1334787480927
ENSSSCG00000036649,0.036715473861759,0.81577956331581
ENSSSCG00000037559,60.6172473457641,151.633026331326
ENSSSCG00000039594,70.8608645531948,79.5724982384296
ENSSSCG00000032083,53.7514537336152,59.8238346431594
ENSSSCG00000020677,17.0359798718562,12.4066475254279
ENSSSCG00000030538,3.56140096459062,3.1271549927106
ENSSSCG00000063048,17.1828417673032,17.4712789810136
ENSSSCG00000034261,254.65852670516,287.528305253685
ENSSSCG00000027641,82.2426614503401,119.783632546871
ENSSSCG00000029698,43.6546984216314,35.3504477436851
ENSSSCG00000053317,15.7509382866946,15.5677933332767
ENSSSCG00000028506,56.2848214300765,28.3483398252244
ENSSSCG00000028748,9.72960057336613,7.88586911205283
ENSSSCG00000003846,8.37112804048105,32.1553111206982
ENSSSCG00000003848,6.42520792580782,9.61940068409893
ENSSSCG00000003849,20.8911046273409,17.6412330567044
ENSSSCG00000003850,46.922375595328,35.6223742647904
ENSSSCG00000003851,21.4051212614055,19.9526084860992
ENSSSCG00000027114,55.8442357437354,42.6584729983892
ENSSSCG00000003854,15.9345156560034,23.0457726636716
ENSSSCG00000003857,43.874991264802,45.5816831002709
ENSSSCG00000027119,1.10146421585277,2.20940298398032
ENSSSCG00000034127,1.6154808499174,4.07889781657905
ENSSSCG00000038094,25.4805388600607,17.7432055021189
ENSSSCG00000003859,41.4150545160641,57.2745235077975
ENSSSCG00000028288,37.4864988128559,30.7616877000337
ENSSSCG00000003861,1.94592011467323,2.03944890828953
ENSSSCG00000003862,71.4115966611212,74.9837381947782
ENSSSCG00000003863,20.6708117841703,27.6005418921849
ENSSSCG00000038762,54.4490477369886,63.0189712661463
ENSSSCG00000003867,71.4850276088447,69.1713088061531
ENSSSCG00000046753,9.10543751771623,12.4406383405661
ENSSSCG00000021036,24.7095139089638,23.4196716301914
ENSSSCG00000003870,84.996321989972,82.869607306831
ENSSSCG00000021292,69.2453837032774,57.6824132894554
ENSSSCG00000059473,0.477301160202867,0.305917336243429
ENSSSCG00000003872,78.0938129039614,111.047993056365
ENSSSCG00000032960,11.0880731062512,15.193894366757
ENSSSCG00000040425,35.5405786981827,17.5052697961518
ENSSSCG00000038888,35.6874405936297,11.2509598107305
ENSSSCG00000037516,16.8524025025474,12.9844913827766
ENSSSCG00000023460,1.98263558853498,0.679816302763175
ENSSSCG00000037815,11.3817968971453,14.7180229548227
ENSSSCG00000003664,47.7301160202867,43.6442066373958
ENSSSCG00000037514,1.39518800674684,0.441880596796064
ENSSSCG00000003659,1.17489516357629,0.135963260552635
ENSSSCG00000034765,1.90920464081147,1.05371526928292
ENSSSCG00000003832,340.903174806432,330.594668033732
ENSSSCG00000059120,0.36715473861759,0.747797933039493
ENSSSCG00000041038,0.220292843170554,0.475871411934223
ENSSSCG00000051950,0.514016634064626,0.54385304221054
ENSSSCG00000052521,0.293723790894072,0.713807117901334
ENSSSCG00000061933,0.514016634064626,0.883761193592128
ENSSSCG00000052447,0.550732107926385,0.611834672486858
ENSSSCG00000056712,0.36715473861759,0.883761193592128
ENSSSCG00000042401,4.03870212479349,2.00545809315137
ENSSSCG00000060116,0.220292843170554,0.611834672486858
ENSSSCG00000061737,0.183577369308795,0.441880596796064
ENSSSCG00000058485,15.0166288094594,11.8288036680792
ENSSSCG00000059328,1.35847253288508,1.22366934497372
ENSSSCG00000059746,2.64351411804665,4.48678759823696
ENSSSCG00000059559,0.807740424958698,1.46160505094083
ENSSSCG00000051941,0.257008317032313,1.32564179038819
ENSSSCG00000043918,0.477301160202867,0.985733639006604
ENSSSCG00000046729,3.85512475548469,6.15233754000673
ENSSSCG00000054968,1.79905821922619,2.58330195050007
ENSSSCG00000061116,1.65219632377915,2.78724684132902
ENSSSCG00000031300,1.68891179764091,2.78724684132902
ENSSSCG00000034611,64.3255102058017,84.2632307274956
ENSSSCG00000029991,15.6775073389711,16.5195361571452
ENSSSCG00000058884,63.3341924115342,54.5552582967448
ENSSSCG00000031631,63.5544852547048,72.1285097231729
ENSSSCG00000039905,39.3589879798056,31.3395315573824
ENSSSCG00000032909,2.38650580101433,0.135963260552635
ENSSSCG00000051819,97.8467378415877,83.7873593155613
ENSSSCG00000003651,33.8883823744035,11.0130241047634
ENSSSCG00000032240,16.8156870286856,19.1028381076452
ENSSSCG00000003640,0.73430947723518,0.475871411934223
ENSSSCG00000003642,26.8757268668076,22.8758185879808
ENSSSCG00000003643,74.8995666779883,70.7008954873702
ENSSSCG00000003644,28.5279231905867,45.7176463608235
ENSSSCG00000003645,41.9290711501288,42.6924638135274
ENSSSCG00000039663,78.90155332892,95.1063007565682
ENSSSCG00000038533,55.5137964789796,46.3294810333104
ENSSSCG00000039797,57.1659928027587,102.584280086963
ENSSSCG00000038465,149.65227146053,145.004817379385
ENSSSCG00000037264,53.4210144688593,44.527967830988
ENSSSCG00000003679,59.7360759730819,51.1561767829289
ENSSSCG00000003680,89.108455062489,86.2346980055088
ENSSSCG00000003667,42.2962258887463,47.8930585296657
ENSSSCG00000039761,2.71694506577016,0.679816302763175
ENSSSCG00000003669,72.7333537201445,4.58876004365143
ENSSSCG00000003672,372.551913275268,372.335389023391
ENSSSCG00000036673,96.4882653087026,78.9946543810809
ENSSSCG00000003670,27.4631744485957,34.9425579620272
ENSSSCG00000027902,92.5229941316326,99.4911159093907
ENSSSCG00000023322,20.8911046273409,4.4527967830988
ENSSSCG00000025855,30.47384330526,28.9941653128494
ENSSSCG00000058331,18.9451845126676,21.3462319067637
ENSSSCG00000027417,16.9625489241326,15.193894366757
ENSSSCG00000059665,9.54602320405733,10.9790332896253
ENSSSCG00000038677,8.95857562226919,9.41545579326997
ENSSSCG00000039983,5.17688181450802,3.19513662298692
ENSSSCG00000032660,5.17688181450802,7.03609873359886
ENSSSCG00000034618,26.655434023637,29.6399908004744
ENSSSCG00000034292,32.4931943676567,37.4238874671128
ENSSSCG00000032016,9.17886846543974,7.91985992719099
ENSSSCG00000035690,248.673904465694,283.789315588487
ENSSSCG00000003627,44.3522924250048,44.324022940159
ENSSSCG00000037121,70.8241490793331,71.6866291263768
ENSSSCG00000031786,62.3428746172668,81.5439655164429
ENSSSCG00000035914,62.5264519865755,53.0596624306658
ENSSSCG00000037699,0.36715473861759,0.577843857348699
ENSSSCG00000037600,3.85512475548469,4.21486107713169
ENSSSCG00000003628,4.14884854637876,2.00545809315137
ENSSSCG00000003630,95.974248674638,75.3236463461598
ENSSSCG00000023904,90.7239359124064,73.9300229254953
ENSSSCG00000030177,90.4669275953741,74.6438300433966
ENSSSCG00000003954,192.609375878788,72.5024086896926
ENSSSCG00000003901,13.254286064095,15.1599035516188
ENSSSCG00000003895,56.0278131130442,53.093653245804
ENSSSCG00000038657,42.1493639932993,51.2241584132052
ENSSSCG00000003897,21.1848284182349,16.9954075690794
ENSSSCG00000003898,26.8022959190841,23.8615522269874
ENSSSCG00000033465,1.54204990219388,1.08770608442108
ENSSSCG00000003632,4.55271875885811,5.37054879182908
ENSSSCG00000003633,89.732618118139,53.4675522123237
ENSSSCG00000003634,23.3510413760787,24.6773317903033
ENSSSCG00000033641,1.10146421585277,0.135963260552635
ENSSSCG00000037213,66.8588779022631,64.0726865354293
ENSSSCG00000003637,155.857186543167,164.005683041616
ENSSSCG00000029954,318.359873855312,244.699878179605
ENSSSCG00000028892,3.92855570320821,4.04490700144089
ENSSSCG00000033892,8.26098161889577,4.89467737989486
ENSSSCG00000036832,105.042970718492,118.559963201898
ENSSSCG00000036709,102.546318495893,119.205788689523
ENSSSCG00000038916,19.1654773558382,18.1171044686386
ENSSSCG00000034647,23.0206021113229,26.546826622902
ENSSSCG00000025795,0.807740424958698,0.407889781657905
ENSSSCG00000003682,44.6827316897607,81.6799287769955
ENSSSCG00000038826,56.1379595346295,49.3886543957447
ENSSSCG00000003684,31.3917301518039,44.324022940159
ENSSSCG00000024223,58.7080427049526,59.6878713826068
ENSSSCG00000038026,61.3148413491375,73.9300229254953
ENSSSCG00000028805,117.746524674661,52.2778736824882
ENSSSCG00000034767,2.71694506577016,2.92321010188165
ENSSSCG00000021612,29.3723790894072,24.8812766811322
ENSSSCG00000003650,4.69958065430515,3.8749529257501
ENSSSCG00000003585,2.68022959190841,2.78724684132902
ENSSSCG00000035068,1.94592011467323,3.77298048033562
ENSSSCG00000053136,17.7335738752296,15.5677933332767
ENSSSCG00000045471,1.4319034806086,2.68527439591454
ENSSSCG00000044383,0.624163055649903,1.12169689955924
ENSSSCG00000050425,0.660878529511662,0.985733639006604
ENSSSCG00000059980,0.917886846543975,3.33109988353956
ENSSSCG00000049192,1.68891179764091,1.90348564773689
ENSSSCG00000059071,0.587447581788144,1.46160505094083
ENSSSCG00000051754,7.04937098145772,7.51197014553308
ENSSSCG00000048215,11.4552278448688,7.34201606984229
ENSSSCG00000048434,10.3170481551543,10.9790332896253
ENSSSCG00000045748,0.220292843170554,3.43307232895403
ENSSSCG00000003648,53.3842989949976,53.9774144393961
ENSSSCG00000024678,5.47060560540209,1.83550401746057
ENSSSCG00000003317,18.0272976661237,17.2673340901846
ENSSSCG00000003359,40.7541759865525,44.2220504947445
ENSSSCG00000003360,29.5192409848542,32.4952192720798
ENSSSCG00000025685,120.059599527952,146.092523463806
ENSSSCG00000026554,4.77301160202867,8.22577726343442
ENSSSCG00000034547,43.5445520000462,84.4331848031863
ENSSSCG00000035770,33.2275038448919,33.1750355748429
ENSSSCG00000035376,137.022148452085,116.928404075266
ENSSSCG00000028572,24.9298067521343,15.7717382241057
ENSSSCG00000029744,8.84842920068392,5.60848449779619
ENSSSCG00000027299,30.9511444654628,39.5653088208168
ENSSSCG00000003350,96.1578260439468,96.0920343955748
ENSSSCG00000003351,19.2756237774235,20.3944890828953
ENSSSCG00000003352,85.2900457808661,73.7940596649427
ENSSSCG00000003353,74.495696465509,81.7479104072718
ENSSSCG00000036305,7.19623287690476,5.30256716155277
ENSSSCG00000003885,91.9722620237063,60.163742794541
ENSSSCG00000039516,47.1059529646368,45.8536096213762
ENSSSCG00000003362,78.5343985903025,105.337536113154
ENSSSCG00000021436,4.55271875885811,5.4385304221054
ENSSSCG00000003888,11.0146421585277,4.18087026199353
ENSSSCG00000031102,57.9370177538557,54.0453960696724
ENSSSCG00000003393,5.39717465767857,7.98784155746731
ENSSSCG00000058056,3.45125454300534,2.75325602619086
ENSSSCG00000020872,12.4465456391363,14.1741699126122
ENSSSCG00000003395,4.4792878111346,2.68527439591454
ENSSSCG00000003396,489.160258260215,268.527439591454
ENSSSCG00000036868,15.4572144958005,13.2904087190201
ENSSSCG00000038967,165.182916904054,234.366670377605
ENSSSCG00000021890,385.10860533599,356.767595690114
ENSSSCG00000003894,10.3170481551543,56.6966796504488
ENSSSCG00000035074,6.09476866105199,7.10408036387518
ENSSSCG00000003379,35.8343024890768,46.2954902181722
ENSSSCG00000027869,23.314325902217,26.1389368412441
ENSSSCG00000036876,19.6794939899028,25.5271021687572
ENSSSCG00000003384,45.6740494840282,45.7856279910998
ENSSSCG00000036772,29.8863957234718,15.6017841484149
ENSSSCG00000003923,55.8809512175972,53.3655797669092
ENSSSCG00000038474,29.4825255109925,30.1158622124087
ENSSSCG00000003354,194.775588836631,255.406984948125
ENSSSCG00000033374,37.8169380776118,37.6278323579417
ENSSSCG00000029808,23.2776104283552,31.2375591119679
ENSSSCG00000003346,6.93922455987245,9.07554764188839
ENSSSCG00000034013,2.68022959190841,3.63701721978299
ENSSSCG00000003344,40.2768748263496,62.2371825179687
ENSSSCG00000003343,27.573320870181,24.847285865994
ENSSSCG00000031977,66.5284386375073,15.4318300727241
ENSSSCG00000038530,2.64351411804665,7.27403443956597
ENSSSCG00000003926,20.7809582057556,13.8342617612306
ENSSSCG00000003348,57.9737332277174,57.9543398105607
ENSSSCG00000037270,122.592967224413,142.863396025681
ENSSSCG00000038006,23.0206021113229,23.3856808150532
ENSSSCG00000003928,3.56140096459062,2.78724684132902
ENSSSCG00000003929,1.24832611129981,1.25766016011187
ENSSSCG00000003930,1428.26864869629,1033.93261487251
ENSSSCG00000003931,12.2996837436893,5.40453960696724
ENSSSCG00000033259,31.832315838145,26.6148082531783
ENSSSCG00000027423,41.1580461990318,40.5170516446852
ENSSSCG00000037341,55.7708047960119,48.3689299415999
ENSSSCG00000033257,42.2227949410228,40.7549873506523
ENSSSCG00000003400,13.7683026981596,12.2366934497372
ENSSSCG00000003398,82.2426614503401,69.6471802180873
ENSSSCG00000003881,33.1540728971684,37.7977864336325
ENSSSCG00000003333,2.16621295784378,0.781788748177651
ENSSSCG00000003882,0.477301160202867,4.07889781657905
ENSSSCG00000037318,13.401147959542,4.72472330420407
ENSSSCG00000038280,25.590685281646,24.405405269198
ENSSSCG00000003334,30.8042825700158,27.8724684132902
ENSSSCG00000045959,0.954602320405733,0.305917336243429
ENSSSCG00000003903,82.6098161889577,100.442858733259
ENSSSCG00000003904,49.1620195008953,45.3437473943038
ENSSSCG00000027991,9.98660889039844,2.07343972342768
ENSSSCG00000003905,5.32374370995505,6.05036509459226
ENSSSCG00000003329,18.2108750354325,15.2618759970333
ENSSSCG00000026991,17.7702893490913,29.7079724307508
ENSSSCG00000003338,5.43389013154033,3.16114580784876
ENSSSCG00000029145,113.414098758973,119.103816244108
ENSSSCG00000003339,28.1240529781074,26.9207255894217
ENSSSCG00000003908,428.836734705345,480.800080129256
ENSSSCG00000003909,54.1186084722327,74.4738759677058
ENSSSCG00000003913,40.974468829723,66.9619058221727
ENSSSCG00000003385,178.547349389734,167.132838034327
ENSSSCG00000035774,20.6708117841703,19.5107278893031
ENSSSCG00000033497,228.113239103109,289.805689867942
ENSSSCG00000022343,340.609451015538,300.682750712152
ENSSSCG00000003341,23.4244723238022,32.325265196389
ENSSSCG00000003342,152.809802212641,167.744672706813
ENSSSCG00000021880,39.6527117706997,44.6299402764024
ENSSSCG00000039651,0.697594003373421,1.01972445414476
ENSSSCG00000033456,2.2396439055673,2.27738461425664
ENSSSCG00000034502,59.8829378685289,72.2644729837255
ENSSSCG00000035940,36.0545953322473,42.9643903346327
ENSSSCG00000029843,83.931573247981,88.7840091408707
ENSSSCG00000020749,10.9044957369424,10.2312353565858
ENSSSCG00000003366,7.04937098145772,8.49770378453969
ENSSSCG00000054047,280.212496512945,250.376344307677
ENSSSCG00000003371,4.00198665093173,3.1271549927106
ENSSSCG00000003377,10.9044957369424,5.20059471613829
ENSSSCG00000034297,8.62813635751336,1.49559586607899
ENSSSCG00000003374,4.58943423271987,1.01972445414476
ENSSSCG00000040001,6.27834603036079,6.05036509459226
ENSSSCG00000003376,26.4718566543282,23.113754293948
ENSSSCG00000030253,52.4296966745918,62.6450722996266
ENSSSCG00000003382,41.7822092546817,60.2657152399555
ENSSSCG00000003383,24.1220663271757,35.5883834496522
ENSSSCG00000021490,1.98263558853498,0.985733639006604
ENSSSCG00000061276,0.220292843170554,0.611834672486858
ENSSSCG00000032606,6.05805318719023,4.21486107713169
ENSSSCG00000024622,18.57802977405,16.6894902328359
ENSSSCG00000032086,7.01265550759596,8.87160275105943
ENSSSCG00000003322,8.99529109613095,11.2169689955924
ENSSSCG00000026045,20.8176736796173,27.4985694467704
ENSSSCG00000003324,3.19424622597303,4.11288863171721
ENSSSCG00000035252,0.146861895447036,0.577843857348699
ENSSSCG00000063195,12.5566920607216,14.7180229548227
ENSSSCG00000039914,15.5673609173858,24.0315063026782
ENSSSCG00000027774,24.0486353794521,29.7419632458889
ENSSSCG00000040067,4.95658897133746,7.20605280928966
ENSSSCG00000003326,12.3731146914128,18.8649024016781
ENSSSCG00000052814,13.254286064095,17.4712789810136
ENSSSCG00000060636,1.39518800674684,1.1556877146974
ENSSSCG00000033340,5.36045918381681,4.82669574961854
ENSSSCG00000034301,4.9198734974757,7.68192422122388
ENSSSCG00000037257,4.18556402024052,8.49770378453969
ENSSSCG00000063019,0.330439264755831,0.407889781657905
ENSSSCG00000033232,34.732838273224,50.2384247741986
ENSSSCG00000038327,11.6755206880394,11.8627944832174
ENSSSCG00000052259,0.293723790894072,0.713807117901334
ENSSSCG00000032196,6.27834603036079,6.39027324597385
ENSSSCG00000039978,16.301670394621,21.7881125035598
ENSSSCG00000002849,1.94592011467323,0.203944890828953
ENSSSCG00000033351,16.154808499174,21.4821951673163
ENSSSCG00000060307,0.550732107926385,1.22366934497372
ENSSSCG00000040652,58.6713272310908,0.339908151381588
ENSSSCG00000003984,31.0980063609099,34.2287508441259
ENSSSCG00000033601,74.7159893086795,96.3639609166801
ENSSSCG00000002836,31.9791777335921,32.4612284569416
ENSSSCG00000003986,0.917886846543975,1.29165097525003
ENSSSCG00000045463,0.697594003373421,0.509862227072381
ENSSSCG00000029696,15.3103526003535,22.8418277728427
ENSSSCG00000002841,36.4584655447267,38.3416394758431
ENSSSCG00000037263,20.4505189409998,25.9349919504151
ENSSSCG00000057055,0.073430947723518,1.1556877146974
ENSSSCG00000003987,29.555956458716,45.8876004365143
ENSSSCG00000023391,212.252154394829,125.562071120358
ENSSSCG00000032298,26.9124423406693,8.53169459967785
ENSSSCG00000002838,9.17886846543974,10.6391251382437
ENSSSCG00000027085,123.621000492542,116.792440814713
ENSSSCG00000023921,1.4319034806086,0.407889781657905
ENSSSCG00000002854,10.8677802630807,8.12380481801994
ENSSSCG00000002852,8.5914208836516,7.54596096067124
ENSSSCG00000032153,12.6668384823068,9.92531802034236
ENSSSCG00000002855,0.550732107926385,1.83550401746057
ENSSSCG00000040286,60.5438163980406,53.3315889517711
ENSSSCG00000040796,46.7387982260192,42.386546477284
ENSSSCG00000034035,11.4552278448688,6.424264061112
ENSSSCG00000028097,89.1451705363508,106.493223827851
ENSSSCG00000038073,8.18755067117225,5.40453960696724
ENSSSCG00000021448,89.0717395886273,80.8301583985415
ENSSSCG00000029573,107.870062205848,96.9078139588906
ENSSSCG00000025741,3.59811643845238,1.66554994176978
ENSSSCG00000039875,10.353763629016,21.8900849489742
ENSSSCG00000002844,69.9429777066509,68.6274557639425
ENSSSCG00000033527,125.823928924248,104.351802474147
ENSSSCG00000026318,1.90920464081147,3.50105395923035
ENSSSCG00000002846,68.0337730658394,65.738236477199
ENSSSCG00000024443,8.44455898820457,7.98784155746731
ENSSSCG00000026239,105.850711143451,96.6698782529235
ENSSSCG00000021644,62.3795900911285,63.1889253418371
ENSSSCG00000039408,24.0119199055904,25.1871940173756
ENSSSCG00000062607,13.3644324856803,14.8539862153754
ENSSSCG00000040887,27.0225887622546,22.6718736971519
ENSSSCG00000036005,34.0719597437123,37.3898966519746
ENSSSCG00000025912,44.7561626374842,47.5871411934223
ENSSSCG00000029256,79.819440175464,65.738236477199
ENSSSCG00000002831,2.42322127487609,1.42761423580267
ENSSSCG00000035949,34.3656835346064,32.3932468266653
ENSSSCG00000003914,201.935106239674,190.450537219103
ENSSSCG00000037354,4.25899496796404,6.05036509459226
ENSSSCG00000046843,0.293723790894072,0.679816302763175
ENSSSCG00000003917,5.9111912917432,6.90013547304623
ENSSSCG00000003918,9.87646246881317,6.52623650652648
ENSSSCG00000003919,14.7229050185654,14.344123988303
ENSSSCG00000031652,64.2520792580782,66.7239701162056
ENSSSCG00000026181,61.7187115616168,51.4620941191723
ENSSSCG00000032648,63.5544852547048,76.8192422122388
ENSSSCG00000003920,0.403870212479349,0.27192652110527
ENSSSCG00000003921,1.46861895447036,1.86949483259873
ENSSSCG00000003922,30.2535504620894,26.5808174380401
ENSSSCG00000033591,65.6839827386868,97.9955200433117
ENSSSCG00000053115,1.06474874199101,1.5635774963553
ENSSSCG00000038250,1.46861895447036,1.83550401746057
ENSSSCG00000035477,1.54204990219388,1.52958668121714
ENSSSCG00000043977,25.0032376998579,29.2321010188165
ENSSSCG00000056702,1.87248916694971,2.48132950508559
ENSSSCG00000002835,13.1441396425097,18.1510952837768
ENSSSCG00000041123,20.6708117841703,27.192652110527
ENSSSCG00000034880,0.550732107926385,0.135963260552635
ENSSSCG00000035785,1.28504158516156,0.713807117901334
ENSSSCG00000002847,106.25458135593,233.482909184012
ENSSSCG00000058286,12.5566920607216,16.8934351236649
ENSSSCG00000055582,17.1094108195797,25.4251297233427
ENSSSCG00000060736,10.6474874199101,10.4011894322766
ENSSSCG00000056719,21.6621295784378,27.0226980348362
ENSSSCG00000060472,0.514016634064626,1.25766016011187
ENSSSCG00000053530,13.6581562765743,20.0885717466518
ENSSSCG00000053739,1.76234274536443,1.66554994176978
ENSSSCG00000056402,0.403870212479349,0.407889781657905
ENSSSCG00000053570,4.99330444519922,5.60848449779619
ENSSSCG00000055216,0.514016634064626,1.05371526928292
ENSSSCG00000022333,8.92186014840743,11.1149965501779
ENSSSCG00000059892,10.2436172074308,7.07008954873702
ENSSSCG00000062716,2.64351411804665,3.09316417757245
ENSSSCG00000043705,1.50533442833212,0
ENSSSCG00000058730,0.514016634064626,0.407889781657905
ENSSSCG00000045249,0.917886846543975,0.611834672486858
ENSSSCG00000041170,2.0560665362585,0.475871411934223
ENSSSCG00000055574,0.991317794267492,1.42761423580267
ENSSSCG00000041487,26.7655804452223,20.5984339737242
ENSSSCG00000038906,0.36715473861759,0.407889781657905
ENSSSCG00000055857,41.2314771467553,30.2518254729613
ENSSSCG00000042093,0.587447581788144,4.24885189226984
ENSSSCG00000047270,5.65418297471088,5.94839264917778
ENSSSCG00000058421,0,0.849770378453969
ENSSSCG00000048405,8.5914208836516,12.0667393740464
ENSSSCG00000033121,0.440585686341108,0.747797933039493
ENSSSCG00000032021,0.146861895447036,0.509862227072381
ENSSSCG00000028894,0.477301160202867,0.577843857348699
ENSSSCG00000003369,126.007506293557,147.656100960162
ENSSSCG00000053156,0.697594003373421,1.32564179038819
ENSSSCG00000058715,3.56140096459062,4.38481515282248
ENSSSCG00000018197,0.624163055649903,0.645825487625016
ENSSSCG00000057927,1.24832611129981,1.97146727801321
ENSSSCG00000054335,1.24832611129981,1.29165097525003
ENSSSCG00000059854,0.954602320405733,1.32564179038819
ENSSSCG00000045362,1.24832611129981,1.93747646287505
ENSSSCG00000055048,1.54204990219388,1.59756831149346
ENSSSCG00000054042,0.36715473861759,0.679816302763175
ENSSSCG00000059043,1.24832611129981,2.44733868994743
ENSSSCG00000003789,13.254286064095,16.7574718631123
ENSSSCG00000003821,2.97395338280248,1.25766016011187
ENSSSCG00000036505,201.347658657886,194.733379926512
ENSSSCG00000003823,108.898095473977,145.446697976181
ENSSSCG00000003816,9.28901488702502,8.19178644829626
ENSSSCG00000003818,31.3917301518039,42.5565005529748
ENSSSCG00000003819,16.2282394468975,22.4339379911848
ENSSSCG00000003820,51.1079396155685,49.1507186897776
ENSSSCG00000031640,47.0325220169133,26.9207255894217
ENSSSCG00000039793,79.7092937538788,69.2732812515675
ENSSSCG00000038861,75.8174535245323,60.5376417610607
ENSSSCG00000023243,33.1540728971684,51.8020022705539
ENSSSCG00000003790,28.0139065565221,23.3516899999151
ENSSSCG00000003791,187.359063116556,228.928139955499
ENSSSCG00000003792,12.7769849038921,9.44944660840813
ENSSSCG00000033443,0.771024951096939,0.169954075690794
ENSSSCG00000003795,75.0464285734354,67.3697956038307
ENSSSCG00000003797,1.02803326812925,2.61729276563822
ENSSSCG00000037066,72.4029144553887,18.0151320232241
ENSSSCG00000003798,308.777135177393,294.496422357007
ENSSSCG00000003799,0.440585686341108,0.849770378453969
ENSSSCG00000032043,13.0339932209244,10.4351802474147
ENSSSCG00000030423,61.241410401414,61.1494764335476
ENSSSCG00000022305,133.644324856803,155.270043551109
ENSSSCG00000039433,0.146861895447036,0.951742823868445
ENSSSCG00000031352,10.0967553119837,12.5426107859806
ENSSSCG00000025243,8.07740424958698,2.17541216884216
ENSSSCG00000003805,3.70826286003766,3.63701721978299
ENSSSCG00000025188,0.293723790894072,0.747797933039493
ENSSSCG00000003806,110.954162010236,95.2082732019827
ENSSSCG00000003807,14.6494740708418,7.78389666663835
ENSSSCG00000040337,30.3269814098129,20.8703604948295
ENSSSCG00000003809,347.879114840166,277.399042342514
ENSSSCG00000025672,9.14215299157799,8.53169459967785
ENSSSCG00000004829,155.08616159207,213.938190479571
ENSSSCG00000003811,12.0059599527952,8.83761193592128
ENSSSCG00000003812,98.8380556358552,84.3991939880482
ENSSSCG00000042211,0.73430947723518,1.05371526928292
ENSSSCG00000003815,9.80303152108965,11.5908679621121
ENSSSCG00000042826,0.293723790894072,0.475871411934223
ENSSSCG00000053688,3.34110812142007,4.89467737989486
ENSSSCG00000057035,2.31307485329082,0.54385304221054
ENSSSCG00000059353,0.073430947723518,0.509862227072381
ENSSSCG00000041959,0.660878529511662,2.20940298398032
ENSSSCG00000043666,0.110146421585277,1.01972445414476
ENSSSCG00000060767,0.257008317032313,0.339908151381588
ENSSSCG00000063105,63.6279162024283,104.351802474147
ENSSSCG00000025214,15.23692165263,20.0545809315137
ENSSSCG00000032154,39.6527117706997,55.9828725325475
ENSSSCG00000002917,13.8784491197449,18.2190769140531
ENSSSCG00000002918,1.76234274536443,2.44733868994743
ENSSSCG00000002919,3.4879700168671,3.1271549927106
ENSSSCG00000036294,24.8196603305491,29.6739816156126
ENSSSCG00000002857,3.85512475548469,2.65128358077638
ENSSSCG00000022948,2.64351411804665,1.05371526928292
ENSSSCG00000025152,29.2622326678219,41.7067301745208
ENSSSCG00000022312,61.1312639798287,37.9677405093233
ENSSSCG00000002865,22.9104556897376,27.0906796651125
ENSSSCG00000002863,20.1200796762439,33.4469620959482
ENSSSCG00000002864,0.771024951096939,0.27192652110527
ENSSSCG00000003035,37.4497833389942,40.3810883841326
ENSSSCG00000028054,14.6127585969801,16.8934351236649
ENSSSCG00000030182,12.8137003777539,30.9656325908626
ENSSSCG00000037132,1.21161063743805,0.781788748177651
ENSSSCG00000002927,1.65219632377915,1.66554994176978
ENSSSCG00000002867,45.5639030624429,51.598057379725
ENSSSCG00000002868,103.354058920852,97.4516670011011
ENSSSCG00000032803,8.44455898820457,5.64247531293435
ENSSSCG00000038806,52.7234204654859,35.9962732313101
ENSSSCG00000030049,248.784050887279,249.254647408118
ENSSSCG00000003016,79.4155699629847,60.809568282166
ENSSSCG00000003017,28.4544922428632,34.8065947014746
ENSSSCG00000003013,31.8690313120068,32.12132030556
ENSSSCG00000028794,84.7760291468015,83.7873593155613
ENSSSCG00000003015,10.4271945767396,13.2224270887438
ENSSSCG00000032536,15.4939299696623,12.202702634599
ENSSSCG00000032711,107.870062205848,86.9824959385483
ENSSSCG00000040022,2.31307485329082,3.84096211061194
ENSSSCG00000020837,91.0176597033005,92.7949253271734
ENSSSCG00000003018,5.69089844857264,5.20059471613829
ENSSSCG00000059920,65.7206982125486,58.872091819291
ENSSSCG00000029070,30.2535504620894,23.9975154875401
ENSSSCG00000003022,5.17688181450802,5.30256716155277
ENSSSCG00000003024,11.3817968971453,10.6731159533818
ENSSSCG00000003030,129.385329888839,129.199088340141
ENSSSCG00000025139,21.9558533693319,31.8493937844548
ENSSSCG00000022521,73.7981024621355,84.8750653999824
ENSSSCG00000002860,35.8710179629385,51.0202135223763
ENSSSCG00000002859,45.4170411669959,51.6320481948631
ENSSSCG00000003708,25.0399531737196,13.8002709460925
ENSSSCG00000003709,56.4316833255236,187.969207714018
ENSSSCG00000003718,3.59811643845238,4.21486107713169
ENSSSCG00000003719,36.1647417538326,42.9983811497708
ENSSSCG00000024419,54.0451775245092,47.961040159942
ENSSSCG00000003705,8.84842920068392,6.424264061112
ENSSSCG00000040452,97.8467378415877,61.65933866062
ENSSSCG00000029518,91.1645215987476,92.5569896212063
ENSSSCG00000002815,76.9923486881086,79.8444247595349
ENSSSCG00000035222,3.85512475548469,0.27192652110527
ENSSSCG00000026851,25.5539698077843,20.8703604948295
ENSSSCG00000002994,1.72562727150267,5.23458553127645
ENSSSCG00000033695,81.2513436560726,61.9652559968634
ENSSSCG00000003707,19.5693475683175,17.131370829632
ENSSSCG00000002993,2.2396439055673,0.577843857348699
ENSSSCG00000002817,244.6352023409,229.166075661466
ENSSSCG00000002869,159.785742246375,144.189037816069
ENSSSCG00000002813,95.4969475144351,82.5296991554494
ENSSSCG00000003710,9.06872204385447,16.4175637117307
ENSSSCG00000054571,6.3517769780843,16.0436647452109
ENSSSCG00000003711,5.28702823609329,8.7356394905068
ENSSSCG00000003006,0.293723790894072,1.08770608442108
ENSSSCG00000002812,17.2562727150267,9.92531802034236
ENSSSCG00000003712,30.7308516222923,52.6517726490079
ENSSSCG00000003716,99.7559424823991,106.051343231055
ENSSSCG00000003717,0.697594003373421,1.01972445414476
ENSSSCG00000040397,4.11213307251701,1.83550401746057
ENSSSCG00000025653,52.6867049916241,63.1209437115608
ENSSSCG00000028723,25.0032376998579,24.8812766811322
ENSSSCG00000025503,1.90920464081147,3.77298048033562
ENSSSCG00000002808,17.6234274536443,18.2870585443294
ENSSSCG00000002807,14.0620264890537,12.8145373070858
ENSSSCG00000022559,56.7621225902794,58.9400734495673
ENSSSCG00000002806,41.74549378082,79.0966268264954
ENSSSCG00000002805,56.3949678516618,57.3085143229357
ENSSSCG00000002804,76.7353403710763,82.2917634494823
ENSSSCG00000021893,74.2386881484767,80.0483696503639
ENSSSCG00000002803,44.8295935852077,60.163742794541
ENSSSCG00000028587,2.93723790894072,6.18632835514489
ENSSSCG00000002752,9.54602320405733,18.8309115865399
ENSSSCG00000032908,70.6038562361625,54.9291572632645
ENSSSCG00000022609,96.3414034132556,43.4062709314287
ENSSSCG00000003699,3.70826286003766,17.7092146869807
ENSSSCG00000002753,26.1047019157106,24.847285865994
ENSSSCG00000003700,20.9278201012026,24.3374236389217
ENSSSCG00000002754,11.8590980573482,6.49224569138832
ENSSSCG00000003701,33.4477966880624,30.0818713972705
ENSSSCG00000028010,15.2736371264917,14.6840321396846
ENSSSCG00000025478,33.81495142668,34.4326957349548
ENSSSCG00000003702,50.4103456121951,106.119324861332
ENSSSCG00000003687,34.1086752175741,57.5804408440409
ENSSSCG00000002755,10.6474874199101,15.9077014846583
ENSSSCG00000033944,67.5564719056365,67.879657830903
ENSSSCG00000002762,49.198734974757,46.8393432603828
ENSSSCG00000003524,21.8089914738848,8.42972215426337
ENSSSCG00000002761,0.36715473861759,0.339908151381588
ENSSSCG00000039514,27.0960197099781,7.07008954873702
ENSSSCG00000033741,14.9799133355977,22.1620114700795
ENSSSCG00000002759,26.655434023637,24.5413685297506
ENSSSCG00000037481,46.7755136998809,47.7231044539749
ENSSSCG00000062424,5.03001991906098,8.83761193592128
ENSSSCG00000025151,78.3875366948554,78.1108931874888
ENSSSCG00000032686,3.047384330526,1.76752238718426
ENSSSCG00000038994,162.355825416698,213.802227219019
ENSSSCG00000028109,4.25899496796404,5.50651205238172
ENSSSCG00000028638,16.6321096593768,19.7486635952702
ENSSSCG00000018018,0.477301160202867,0.339908151381588
ENSSSCG00000033032,10.6842028937719,9.51742823868445
ENSSSCG00000034165,68.1439194874247,66.8599333767583
ENSSSCG00000056207,8.95857562226919,5.26857634641461
ENSSSCG00000048110,3.01066885666424,2.41334787480927
ENSSSCG00000003690,5.87447581788144,3.1271549927106
ENSSSCG00000049263,6.57206982125486,8.90559356619759
ENSSSCG00000024174,77.543080796035,81.3400206256139
ENSSSCG00000003691,204.909059622477,199.832002197235
ENSSSCG00000038706,37.4130678651324,23.3516899999151
ENSSSCG00000033512,37.2662059696854,21.8560941338361
ENSSSCG00000003693,66.7487314806778,38.8175108877773
ENSSSCG00000032372,23.0206021113229,26.1389368412441
ENSSSCG00000025417,126.741815770792,92.7609345120352
ENSSSCG00000055674,0.293723790894072,0.645825487625016
ENSSSCG00000024305,27.6834672917663,34.7726038863364
ENSSSCG00000030300,145.026121753948,85.6908449632982
ENSSSCG00000024911,6.05805318719023,23.5216440756059
ENSSSCG00000061081,14.6494740708418,10.70710676852
ENSSSCG00000032710,1.21161063743805,0.339908151381588
ENSSSCG00000051968,1.17489516357629,1.1556877146974
ENSSSCG00000025830,27.6834672917663,21.2782502764874
ENSSSCG00000040663,250.729971001952,63.7327783840477
ENSSSCG00000039751,7.159517403043,11.352932256145
ENSSSCG00000038494,48.7948647622777,54.4192950361922
ENSSSCG00000002697,23.5346187453875,16.1116463754873
ENSSSCG00000003694,38.7715403980175,31.679439708764
ENSSSCG00000029030,40.5338831433819,46.0915453273433
ENSSSCG00000023125,4.88315802361394,3.19513662298692
ENSSSCG00000002703,78.1672438516849,79.4705257930152
ENSSSCG00000002704,266.994925922711,178.485770290472
ENSSSCG00000002706,3.30439264755831,5.26857634641461
ENSSSCG00000002707,89.6591871704154,91.9451549487194
ENSSSCG00000002708,128.467443042295,96.2959792864037
ENSSSCG00000002709,20.4505189409998,2.17541216884216
ENSSSCG00000028464,42.8469579966727,33.2770080202574
ENSSSCG00000033842,160.556767197472,90.8574488642983
ENSSSCG00000028878,98.3974699495141,51.1901675980671
ENSSSCG00000063476,0.954602320405733,0.713807117901334
ENSSSCG00000002895,64.8028113660046,81.4080022558902
ENSSSCG00000003697,1.72562727150267,0.339908151381588
ENSSSCG00000023127,0.917886846543975,0.101972445414476
ENSSSCG00000063299,2.20292843170554,3.26311825326324
ENSSSCG00000034816,9.80303152108965,9.17752008730286
ENSSSCG00000022668,9.54602320405733,9.75536394465156
ENSSSCG00000031942,49.969759925854,40.8229689809287
ENSSSCG00000027169,36.0178798583856,17.0973800144939
ENSSSCG00000057842,2.49665222259961,2.44733868994743
ENSSSCG00000032690,27.7936137133515,17.1993524599083
ENSSSCG00000003248,11.7489516357629,1.32564179038819
ENSSSCG00000035162,13.9151645936067,13.5623352401253
ENSSSCG00000037542,0.403870212479349,0.611834672486858
ENSSSCG00000032059,40.974468829723,42.7264546286656
ENSSSCG00000002898,19.9365023069351,18.7289391411255
ENSSSCG00000023498,190.039292708464,117.370284672062
ENSSSCG00000040678,2.16621295784378,0.645825487625016
ENSSSCG00000060190,39.909720087732,31.2035682968297
ENSSSCG00000039135,21.2949748398202,19.6466911498558
ENSSSCG00000062012,0.403870212479349,0.747797933039493
ENSSSCG00000029284,0.514016634064626,2.07343972342768
ENSSSCG00000058549,1.10146421585277,0.611834672486858
ENSSSCG00000039627,1.90920464081147,2.17541216884216
ENSSSCG00000002915,0.110146421585277,1.08770608442108
ENSSSCG00000054338,0.146861895447036,0.407889781657905
ENSSSCG00000060912,0.771024951096939,0.373898966519746
ENSSSCG00000058699,0.440585686341108,2.07343972342768
ENSSSCG00000039279,0.807740424958698,4.35082433768432
ENSSSCG00000059164,0.917886846543975,2.54931113536191
ENSSSCG00000044910,30.4371278313982,24.3374236389217
ENSSSCG00000054247,0.514016634064626,0.475871411934223
ENSSSCG00000002916,26.3617102327429,18.626966695711
ENSSSCG00000058470,193.233538934438,164.719490159517
ENSSSCG00000002929,0.660878529511662,0.849770378453969
ENSSSCG00000002910,18.7983226172206,15.4658208878622
ENSSSCG00000002921,45.1600328499635,27.5665510770467
ENSSSCG00000062589,6.5353543473931,6.11834672486858
ENSSSCG00000002923,13.2175705902332,11.556877146974
ENSSSCG00000028108,52.9804287825182,65.296355880403
ENSSSCG00000039196,17.7702893490913,28.8242112371586
ENSSSCG00000002926,33.8516669005418,48.8448013535341
ENSSSCG00000030149,94.0650440338265,87.3903857202062
ENSSSCG00000037792,28.2709148735544,40.3810883841326
ENSSSCG00000025355,69.5758229680333,33.1070539445666
ENSSSCG00000002931,4.44257233727284,7.61394259094756
ENSSSCG00000002932,25.6274007555078,68.933373100186
ENSSSCG00000026790,0.073430947723518,0.611834672486858
ENSSSCG00000040973,15.3470680742153,40.2111343084418
ENSSSCG00000033156,23.2041794806317,26.6827898834546
ENSSSCG00000061373,5.50732107926385,8.56568541481601
ENSSSCG00000002933,7.19623287690476,9.85733639006604
ENSSSCG00000029875,6.46192339966958,8.83761193592128
ENSSSCG00000002738,6.97594003373421,10.1632537263095
ENSSSCG00000002930,24.3056436964844,37.5938415428036
ENSSSCG00000002734,10.1334707858455,16.1796280057636
ENSSSCG00000029170,4.11213307251701,4.8606865647567
ENSSSCG00000031915,5.76432939629616,4.8606865647567
ENSSSCG00000002739,13.8417336458831,15.3638484424478
ENSSSCG00000032673,7.26966382462828,14.6500413245464
ENSSSCG00000023195,3.23096169983479,3.67100803492115
ENSSSCG00000002740,159.492018455481,139.838213478385
ENSSSCG00000002743,149.211685774189,128.85918018876
ENSSSCG00000002935,56.9824154334499,86.5746061568903
ENSSSCG00000042040,3.12081527824951,3.56903558950667
ENSSSCG00000063057,5.61746750084912,6.05036509459226
ENSSSCG00000038917,82.1325150287548,92.1151090244102
ENSSSCG00000002741,18.8350380910824,21.8221033186979
ENSSSCG00000033611,13.254286064095,9.68738231437525
ENSSSCG00000002938,8.92186014840743,9.95930883548052
ENSSSCG00000002746,4.11213307251701,8.49770378453969
ENSSSCG00000021946,10.060039838122,13.698298500678
ENSSSCG00000002749,2.64351411804665,9.41545579326997
ENSSSCG00000025218,4.18556402024052,4.31683352254616
ENSSSCG00000022423,2.60679864418489,1.83550401746057
ENSSSCG00000002748,37.8903690253353,37.253933391422
ENSSSCG00000021741,10.7943493153571,16.5535269722833
ENSSSCG00000002747,0.881171372682216,0.305917336243429
ENSSSCG00000034449,87.4562587387099,91.7412100578905
ENSSSCG00000029420,11.418512371007,17.2673340901846
ENSSSCG00000024267,87.3093968432629,79.8444247595349
ENSSSCG00000047099,1.6154808499174,1.90348564773689
ENSSSCG00000050436,0.440585686341108,0.237935705967111
ENSSSCG00000031612,12.7035539561686,12.0327485589082
ENSSSCG00000002937,9.28901488702502,18.423021804882
ENSSSCG00000025590,1.98263558853498,3.1271549927106
ENSSSCG00000029600,8.7749982529604,9.78935475978972
ENSSSCG00000029408,51.8422490928037,91.2313478308181
ENSSSCG00000053289,0.440585686341108,0.509862227072381
ENSSSCG00000060487,0.844455898820457,0.781788748177651
ENSSSCG00000054775,23.314325902217,40.4830608295471
ENSSSCG00000059270,23.5346187453875,32.2232927509745
ENSSSCG00000054974,6.05805318719023,9.92531802034236
ENSSSCG00000062804,3.96527117706997,4.8606865647567
ENSSSCG00000002944,0.293723790894072,0.509862227072381
ENSSSCG00000062150,0.146861895447036,0.54385304221054
ENSSSCG00000055623,0.220292843170554,0.81577956331581
ENSSSCG00000052747,0,0.713807117901334
ENSSSCG00000056084,0.257008317032313,1.5635774963553
ENSSSCG00000045991,0.844455898820457,1.39362342066451
ENSSSCG00000002950,59.111912917432,49.8305349925407
ENSSSCG00000059404,2.68022959190841,3.97692537116457
ENSSSCG00000032643,2.71694506577016,0.135963260552635
ENSSSCG00000025160,6.75564719056365,5.88041101890146
ENSSSCG00000038077,65.2801125262075,77.1251595484822
ENSSSCG00000002954,591.11912917432,416.217531366754
ENSSSCG00000056430,7.08608645531948,8.76963030564496
ENSSSCG00000058854,23.4244723238022,18.8988932168163
ENSSSCG00000002952,19.5326320944558,14.4121056185793
ENSSSCG00000038902,13.9885955413302,8.19178644829626
ENSSSCG00000002955,44.5358697943136,57.818376550008
ENSSSCG00000036658,88.1171372682216,68.2875476125609
ENSSSCG00000002957,4.25899496796404,5.60848449779619
ENSSSCG00000035216,5.06673539292274,4.48678759823696
ENSSSCG00000003499,1.83577369308795,6.424264061112
ENSSSCG00000003498,320.012070179091,492.220994015677
ENSSSCG00000039652,22.3597235818112,27.7704959678757
ENSSSCG00000024752,32.1627551029009,36.9480160551786
ENSSSCG00000003407,55.2200726880855,53.7734695485671
ENSSSCG00000003622,1.28504158516156,1.35963260552635
ENSSSCG00000022839,18.1741595615707,15.8057290392438
ENSSSCG00000003623,0.587447581788144,0
ENSSSCG00000003527,33.1173574233066,18.8309115865399
ENSSSCG00000003483,1.24832611129981,0.0679816302763175
ENSSSCG00000020926,69.465676546448,68.5934649488044
ENSSSCG00000003405,26.1047019157106,28.1443949343954
ENSSSCG00000003531,68.694651595351,59.1100275252581
ENSSSCG00000033887,0.624163055649903,0.883761193592128
ENSSSCG00000034429,1.06474874199101,0.849770378453969
ENSSSCG00000003532,107.90677767971,52.1419104219355
ENSSSCG00000025500,0.807740424958698,0.203944890828953
ENSSSCG00000023761,148.734384613986,124.100466069418
ENSSSCG00000036504,11.3450814232835,6.45825487625016
ENSSSCG00000035332,47.2528148600838,54.5212674816066
ENSSSCG00000032674,21.0746819966497,10.1292629111713
ENSSSCG00000003485,74.8261357302648,88.2741469137983
ENSSSCG00000024818,18.6147452479118,19.3407738136123
ENSSSCG00000024260,659.37319508333,513.533235107302
ENSSSCG00000025440,43.9851376863873,47.4851687480078
ENSSSCG00000023495,35.7241560674915,36.5401262735207
ENSSSCG00000023191,31.2448682563569,32.12132030556
ENSSSCG00000027827,16.9992643979944,11.0130241047634
ENSSSCG00000026025,42.4430877841934,34.1607692138495
ENSSSCG00000003486,67.336179062466,34.0587967684351
ENSSSCG00000026478,641.162320047897,297.895503870823
ENSSSCG00000027659,74.3488345700619,71.1427760841663
ENSSSCG00000026276,20.3770879932762,26.5128358077638
ENSSSCG00000031082,100.526967433496,67.6417221249359
ENSSSCG00000023326,194.518580519599,159.586877073655
ENSSSCG00000036293,132.469429693226,142.387524613747
ENSSSCG00000023126,186.257598900703,243.612172095184
ENSSSCG00000036534,24.9665222259961,6.22031917028305
ENSSSCG00000055869,25.2235305430284,19.9865993012373
ENSSSCG00000038848,2.12949748398202,1.80151320232241
ENSSSCG00000032860,5.61746750084912,2.37935705967111
ENSSSCG00000003539,4.33242591568756,4.65674167392775
ENSSSCG00000003541,38.4778166071234,46.6014075544157
ENSSSCG00000003543,42.1126485194375,51.7000298251395
ENSSSCG00000032947,79.3421390152612,72.9102984713505
ENSSSCG00000003438,51.1446550894303,71.3467209749952
ENSSSCG00000003439,85.9509243103778,118.797898907865
ENSSSCG00000003442,9.32573036088678,6.66219976707912
ENSSSCG00000003521,3.41453906914359,1.93747646287505
ENSSSCG00000020992,2.20292843170554,0
ENSSSCG00000003401,71.6318895042918,90.5855223431931
ENSSSCG00000003105,30.5105587791217,21.0063237553821
ENSSSCG00000003402,80.7006115481462,72.6383719502453
ENSSSCG00000003106,51.5485253019096,37.6618231730799
ENSSSCG00000003403,23.0573175851846,13.698298500678
ENSSSCG00000003404,28.1607684519691,41.8087026199353
ENSSSCG00000003488,175.75697337624,239.703228354296
ENSSSCG00000003107,137.462734138426,163.801738150787
ENSSSCG00000003108,1.35847253288508,0.203944890828953
ENSSSCG00000003489,90.7606513862682,78.3488288934559
ENSSSCG00000003109,14.9431978617359,22.6378828820137
ENSSSCG00000003110,53.4577299427211,56.8666337261396
ENSSSCG00000003111,75.2300059427442,61.3874121395147
ENSSSCG00000022029,21.2215438920967,24.405405269198
ENSSSCG00000034814,21.9925688431936,25.7990286898625
ENSSSCG00000003491,28.0139065565221,15.9416922997965
ENSSSCG00000003492,24.3056436964844,14.6500413245464
ENSSSCG00000061195,7.37981024621356,20.4964615283097
ENSSSCG00000003493,214.308220931087,149.151696826241
ENSSSCG00000062942,0.36715473861759,0.475871411934223
ENSSSCG00000056542,6.71893171670189,8.7356394905068
ENSSSCG00000003451,20.7075272580321,8.66765786023048
ENSSSCG00000020710,75.0464285734354,74.6098392282585
ENSSSCG00000042026,24.379074644208,13.4263719795727
ENSSSCG00000038825,21.6621295784378,11.1829781804542
ENSSSCG00000032113,46.4817899089869,24.405405269198
ENSSSCG00000028414,96.8554200473202,67.4717680492451
ENSSSCG00000058942,56.0278131130442,36.2002181221391
ENSSSCG00000024669,477.521453046037,375.700479722069
ENSSSCG00000037676,34.6226918516387,44.0181056039156
ENSSSCG00000054437,1.6154808499174,0.849770378453969
ENSSSCG00000027489,10.9412112108042,10.1632537263095
ENSSSCG00000021026,21.9191378954701,23.1817359242243
ENSSSCG00000031793,26.6187185497753,55.1670929692317
ENSSSCG00000003455,201.531236027195,258.772075646803
ENSSSCG00000008849,0.73430947723518,1.12169689955924
ENSSSCG00000024197,46.5552208567104,51.394112488896
ENSSSCG00000027741,20.266941571691,25.3571480930664
ENSSSCG00000032978,4.03870212479349,6.32229161569753
ENSSSCG00000034540,9.65616962564261,17.8791687626715
ENSSSCG00000045482,11.6020897403158,13.8682525763688
ENSSSCG00000040433,7.01265550759596,9.8913272052042
ENSSSCG00000056580,5.87447581788144,7.61394259094756
ENSSSCG00000003514,685.88176721152,781.244895135441
ENSSSCG00000046174,0.36715473861759,0.475871411934223
ENSSSCG00000063186,0.036715473861759,0.509862227072381
ENSSSCG00000002941,0.293723790894072,1.08770608442108
ENSSSCG00000046422,8.22426614503401,13.5623352401253
ENSSSCG00000003165,1170.26901386971,771.591503636204
ENSSSCG00000003187,258.844090725401,174.338890843616
ENSSSCG00000024823,109.99955968983,49.5925992865736
ENSSSCG00000029154,33.0439264755831,25.051230756823
ENSSSCG00000003161,18.5413143001883,14.1061882823359
ENSSSCG00000032668,41.2314771467553,37.7637956184944
ENSSSCG00000003183,116.791922354255,83.4134603490416
ENSSSCG00000038807,94.9462154065087,89.5997887041865
ENSSSCG00000003178,165.293063325639,152.720732415747
ENSSSCG00000003177,19.2021928296999,20.3604982677571
ENSSSCG00000003189,194.11471030712,174.338890843616
ENSSSCG00000024872,224.992423824859,30.4897611789284
ENSSSCG00000003191,1.79905821922619,0.611834672486858
ENSSSCG00000003199,149.505409565083,136.813030931089
ENSSSCG00000003198,19.1654773558382,19.3747646287505
ENSSSCG00000003197,131.404680951235,129.301060785556
ENSSSCG00000003196,54.999779844915,59.9937887188502
ENSSSCG00000003195,126.668384823068,152.550778340056
ENSSSCG00000030015,28.1607684519691,22.2299931003558
ENSSSCG00000003520,275.843355123395,201.463561323867
ENSSSCG00000021259,5.7276139224344,0.81577956331581
ENSSSCG00000003506,77.2860724790027,116.520514293608
ENSSSCG00000003505,310.759770765928,142.795414395405
ENSSSCG00000003508,38.8082558718792,62.101219257416
ENSSSCG00000003509,0.954602320405733,0.509862227072381
ENSSSCG00000003194,36.0178798583856,25.2211848325138
ENSSSCG00000003511,123.217130280063,136.60908604026
ENSSSCG00000003193,49.7494670826834,56.2887898687909
ENSSSCG00000003512,229.618573531441,191.266316782419
ENSSSCG00000003192,1.57876537605564,1.5635774963553
ENSSSCG00000040333,18.6147452479118,18.6949483259873
ENSSSCG00000003201,28.5279231905867,13.0864638281911
ENSSSCG00000003204,45.3803256931341,36.7780619794878
ENSSSCG00000037710,42.5165187319169,29.0281561279876
ENSSSCG00000003207,0.514016634064626,1.35963260552635
ENSSSCG00000003513,205.276214361094,60.5376417610607
ENSSSCG00000032607,36.5686119663119,59.0760367101199
ENSSSCG00000024009,13.2175705902332,19.8166452255466
ENSSSCG00000028045,33.8883823744035,33.1750355748429
ENSSSCG00000054068,1.13817968971453,0.747797933039493
ENSSSCG00000003459,2.09278201012026,2.03944890828953
ENSSSCG00000003460,15.8978001821416,14.8199954002372
ENSSSCG00000003464,36.0545953322473,36.4721446432443
ENSSSCG00000003463,0.624163055649903,0.407889781657905
ENSSSCG00000003461,60.3602390287318,81.577956331581
ENSSSCG00000003468,111.578325065886,90.5175407129168
ENSSSCG00000032950,0.881171372682216,1.76752238718426
ENSSSCG00000003466,0.991317794267492,0.883761193592128
ENSSSCG00000003465,177.445885173881,101.428592372266
ENSSSCG00000026103,40.8643224081377,50.0684706985078
ENSSSCG00000003072,11.6755206880394,15.3298576273096
ENSSSCG00000003071,2.53336769646137,3.22912743812508
ENSSSCG00000041935,71.3748811872595,46.1255361424814
ENSSSCG00000003070,17.4031346104738,25.7650378747243
ENSSSCG00000038289,7.82039593255466,14.8879770305135
ENSSSCG00000026345,1.87248916694971,1.52958668121714
ENSSSCG00000003076,2.2396439055673,3.80697129547378
ENSSSCG00000003470,26.9858732883929,8.76963030564496
ENSSSCG00000033420,10.5740564721866,15.635774963553
ENSSSCG00000003471,9.98660889039844,4.82669574961854
ENSSSCG00000022434,3.96527117706997,5.20059471613829
ENSSSCG00000003472,43.1773972614286,33.3449896505337
ENSSSCG00000003077,5.14016634064626,7.37600688498045
ENSSSCG00000003473,19.1287618819764,21.9240757641124
ENSSSCG00000024794,43.1773972614286,53.093653245804
ENSSSCG00000031083,80.2600258618051,80.7621767682652
ENSSSCG00000026699,10.9044957369424,14.989949475928
ENSSSCG00000003477,63.224045989949,63.5628243083569
ENSSSCG00000028218,8.55470540978984,11.2509598107305
ENSSSCG00000002866,6.93922455987245,14.6500413245464
ENSSSCG00000051830,0.991317794267492,0.509862227072381
ENSSSCG00000056787,11.418512371007,11.2169689955924
ENSSSCG00000056727,2.0560665362585,1.80151320232241
ENSSSCG00000003478,46.2982125396781,78.5187829691467
ENSSSCG00000042479,1.21161063743805,2.07343972342768
ENSSSCG00000059704,0.514016634064626,0.407889781657905
ENSSSCG00000058506,1.06474874199101,1.35963260552635
ENSSSCG00000041536,1.76234274536443,1.42761423580267
ENSSSCG00000061869,2.45993674873785,3.33109988353956
ENSSSCG00000003479,17.4398500843355,4.35082433768432
ENSSSCG00000056296,0.844455898820457,0.407889781657905
ENSSSCG00000033874,0.514016634064626,0.135963260552635
ENSSSCG00000052221,0.514016634064626,0.611834672486858
ENSSSCG00000062555,1.90920464081147,2.07343972342768
ENSSSCG00000062267,2.93723790894072,5.23458553127645
ENSSSCG00000046766,3.56140096459062,5.64247531293435
ENSSSCG00000061606,0.73430947723518,0.237935705967111
ENSSSCG00000058818,6.64550076897838,2.51532032022375
ENSSSCG00000054213,1.98263558853498,0.611834672486858
ENSSSCG00000059693,0.514016634064626,0.373898966519746
ENSSSCG00000055222,2.01935106239674,3.16114580784876
ENSSSCG00000023732,24.5626520135168,34.6026498106456
ENSSSCG00000059680,0.807740424958698,1.08770608442108
ENSSSCG00000030706,17.6968584013678,8.63366704509232
ENSSSCG00000034697,27.3530280270104,30.0138897669942
ENSSSCG00000052004,4.55271875885811,4.92866819503302
ENSSSCG00000059184,4.18556402024052,6.69619058221727
ENSSSCG00000057647,5.65418297471088,6.69619058221727
ENSSSCG00000050176,36.1280262799708,27.7365051527375
ENSSSCG00000051473,0.771024951096939,1.7335315720461
ENSSSCG00000046625,0,0.883761193592128
ENSSSCG00000062243,2.38650580101433,3.26311825326324
ENSSSCG00000052290,0.293723790894072,0.645825487625016
ENSSSCG00000003458,50.4837765599186,58.7361285587383
ENSSSCG00000003080,3.37782359528183,1.46160505094083
ENSSSCG00000003079,9.69288509950437,5.57449368265804
ENSSSCG00000003078,5.76432939629616,8.3277497088489
ENSSSCG00000003081,1.21161063743805,0.849770378453969
ENSSSCG00000027426,26.50857212819,13.3243995341582
ENSSSCG00000003083,7.04937098145772,5.67646612807251
ENSSSCG00000020657,150.056141673009,130.592711760806
ENSSSCG00000003090,94.8360689849234,86.4726337114759
ENSSSCG00000003089,32.7869181585508,35.3164569285469
ENSSSCG00000003088,118.958135312099,69.2392904364294
ENSSSCG00000038264,0.73430947723518,0.373898966519746
ENSSSCG00000033849,2.01935106239674,1.01972445414476
ENSSSCG00000025568,50.5939229815039,50.4423696650276
ENSSSCG00000038579,24.525936539655,10.4691710625529
ENSSSCG00000003172,0.220292843170554,0.679816302763175
ENSSSCG00000003171,1.06474874199101,0.0679816302763175
ENSSSCG00000035723,2.68022959190841,0.203944890828953
ENSSSCG00000003170,2.09278201012026,2.07343972342768
ENSSSCG00000003169,34.8429846948093,33.8548518776061
ENSSSCG00000003168,33.8883823744035,38.9534741483299
ENSSSCG00000052671,1047.3823228544,723.6644542914
ENSSSCG00000050878,3.70826286003766,7.7499058515002
ENSSSCG00000055498,16.8524025025474,23.1477451090861
ENSSSCG00000051668,2.79037601349368,3.7049988500593
ENSSSCG00000041471,0.477301160202867,0.883761193592128
ENSSSCG00000060745,0.440585686341108,0.135963260552635
ENSSSCG00000042051,0.514016634064626,0.305917336243429
ENSSSCG00000043030,95.9008177269145,170.735864438971
ENSSSCG00000055378,2.71694506577016,3.80697129547378
ENSSSCG00000059736,6.20491508263727,7.91985992719099
ENSSSCG00000042769,5.94790676560496,6.05036509459226
ENSSSCG00000050739,1.90920464081147,3.2971090684014
ENSSSCG00000028483,0.624163055649903,0.883761193592128
ENSSSCG00000023143,1.90920464081147,3.36509069867772
ENSSSCG00000027829,1.32175705902332,1.08770608442108
ENSSSCG00000025540,0.991317794267492,1.49559586607899
ENSSSCG00000052016,0.477301160202867,0.407889781657905
ENSSSCG00000034448,17.1828417673032,19.8166452255466
ENSSSCG00000002684,88.9248776931802,57.1385602472449
ENSSSCG00000034572,16.0446620775887,12.4406383405661
ENSSSCG00000035182,5.76432939629616,5.33655797669092
ENSSSCG00000002712,20.8176736796173,14.6500413245464
ENSSSCG00000031462,84.0784351434281,107.648911542549
ENSSSCG00000002714,17.6968584013678,32.6651733477706
ENSSSCG00000002718,4.62614970658163,11.4209138864213
ENSSSCG00000002716,6.82907813828717,5.20059471613829
ENSSSCG00000002715,25.4071079123372,18.3890309897439
ENSSSCG00000002724,19.7896404114881,17.0973800144939
ENSSSCG00000002720,0.257008317032313,4.69073248906591
ENSSSCG00000002719,7.93054235413994,7.13807117901334
ENSSSCG00000037473,1.4319034806086,5.81242938862515
ENSSSCG00000061257,19.0186154603912,94.2905211932524
ENSSSCG00000025425,41.5619164115112,62.6450722996266
ENSSSCG00000027973,42.5899496796404,48.0630126053565
ENSSSCG00000025323,135.994115183955,190.688472925071
ENSSSCG00000040629,2.09278201012026,7.47797933039493
ENSSSCG00000040037,41.4150545160641,44.7998943520932
ENSSSCG00000002729,32.5299098415185,24.6773317903033
ENSSSCG00000002722,25.0399531737196,30.4217795486521
ENSSSCG00000060523,21.5519831568525,34.6706314409219
ENSSSCG00000023280,2.90052243507896,3.09316417757245
ENSSSCG00000025975,9.65616962564261,12.6105924162569
ENSSSCG00000025928,519.891109882507,359.554842531443
ENSSSCG00000030425,61.1679794536905,52.2778736824882
ENSSSCG00000003148,11.0513576323895,22.8078369577045
ENSSSCG00000040556,14.2088883845007,4.99664982530934
ENSSSCG00000003147,11.1982195278365,7.54596096067124
ENSSSCG00000003146,43.9851376863873,10.1292629111713
ENSSSCG00000003145,174.582078212664,156.221786374978
ENSSSCG00000003143,6.86579361214893,7.03609873359886
ENSSSCG00000029151,63.8114935717371,45.4797106548564
ENSSSCG00000003142,8.70156730523688,3.97692537116457
ENSSSCG00000038580,49.9330444519922,23.113754293948
ENSSSCG00000003140,4.69958065430515,3.46706314409219
ENSSSCG00000003139,84.8861755683868,83.8553409458376
ENSSSCG00000003137,19.2021928296999,10.8090792139345
ENSSSCG00000003155,85.8040624149307,88.5800642500417
ENSSSCG00000003149,6.60878529511662,6.79816302763175
ENSSSCG00000003150,389.037161039198,156.765639417188
ENSSSCG00000003153,684.082708992293,1074.14374918095
ENSSSCG00000003154,74.8628512041266,81.5439655164429
ENSSSCG00000003152,184.128101416721,192.150077976011
ENSSSCG00000044760,93.6978892952089,130.728675021359
ENSSSCG00000003160,8.95857562226919,3.53504477436851
ENSSSCG00000023792,267.105072344297,419.820557771399
ENSSSCG00000003157,6.75564719056365,7.1720619941515
ENSSSCG00000022324,44.9030245329312,50.3403972196131
ENSSSCG00000003156,17.8437202968149,5.06463145558565
ENSSSCG00000022672,55.6239429005649,23.6236165210203
ENSSSCG00000003144,44.8295935852077,64.9224569138832
ENSSSCG00000003412,34.0719597437123,34.4326957349548
ENSSSCG00000003413,74.4589809916472,76.9212146576533
ENSSSCG00000003414,0.881171372682216,0.0679816302763175
ENSSSCG00000037325,19.1654773558382,21.3802227219019
ENSSSCG00000003417,0,8.02183237260547
ENSSSCG00000025667,40.5705986172437,17.2333432750465
ENSSSCG00000003421,57.8268713322704,38.6135659969483
ENSSSCG00000062839,12.0793909005187,9.48343742354629
ENSSSCG00000003423,8.99529109613095,10.1972445414476
ENSSSCG00000022401,59.1486283912937,75.5275912369888
ENSSSCG00000003428,121.932088694902,79.0626360113573
ENSSSCG00000003429,41.1947616728936,45.9895728819288
ENSSSCG00000003431,1.02803326812925,0.101972445414476
ENSSSCG00000003432,91.0543751771623,84.6711205091535
ENSSSCG00000003433,88.5577229545627,64.6845212079161
ENSSSCG00000003434,61.8288579832021,65.3983283258174
ENSSSCG00000003435,19.349054725147,18.8988932168163
ENSSSCG00000057215,1.6154808499174,0.135963260552635
ENSSSCG00000022208,51.2548015110155,14.7520137699609
ENSSSCG00000045223,1.83577369308795,1.22366934497372
ENSSSCG00000036909,76.6619094233528,81.8158920375481
ENSSSCG00000034096,42.810242522811,37.049988500593
ENSSSCG00000039770,18.2108750354325,35.5204018193759
ENSSSCG00000034727,72.9903620371769,81.4419930710284
ENSSSCG00000026793,118.737842468929,74.4738759677058
ENSSSCG00000039267,81.802075763999,73.3181882530084
ENSSSCG00000036620,15.1634907049065,13.5283444249872
ENSSSCG00000059847,9.50930773019558,14.4460964337175
ENSSSCG00000029430,35.797587015215,50.0684706985078
ENSSSCG00000034778,1.13817968971453,2.48132950508559
ENSSSCG00000034059,15.7142228128328,16.4515545268688
ENSSSCG00000026449,103.868075554916,88.2401560986601
ENSSSCG00000035849,578.19528237498,534.777494568652
ENSSSCG00000003940,34.6961227993622,27.9744408587047
ENSSSCG00000003941,90.8707978078535,101.258638296575
ENSSSCG00000003943,22.54330095112,19.8166452255466
ENSSSCG00000052567,0.587447581788144,1.46160505094083
ENSSSCG00000035238,41.7822092546817,45.7176463608235
ENSSSCG00000003949,25.4071079123372,3.05917336243429
ENSSSCG00000030906,2.34979032715257,1.93747646287505
ENSSSCG00000003950,31.6487384688362,19.9526084860992
ENSSSCG00000056591,2.09278201012026,6.25430998542121
ENSSSCG00000041987,8.44455898820457,6.05036509459226
ENSSSCG00000003951,35.9811643845238,35.7243467102048
ENSSSCG00000024697,42.6266651535022,24.2694420086453
ENSSSCG00000061946,49.3088813963423,42.3525556621458
ENSSSCG00000003112,4.66286518044339,5.71045694321067
ENSSSCG00000024240,79.4890009107082,71.5506658658242
ENSSSCG00000056729,3.19424622597303,1.97146727801321
ENSSSCG00000003113,1.79905821922619,0.679816302763175
ENSSSCG00000003114,67.7033338010836,74.3719035222913
ENSSSCG00000003115,20.560665362585,18.8988932168163
ENSSSCG00000029567,16.5586787116533,31.8493937844548
ENSSSCG00000003121,28.5646386644485,28.5522847160534
ENSSSCG00000003120,74.3121190962002,66.0441538134425
ENSSSCG00000022302,16.3383858684827,19.5787095195794
ENSSSCG00000028802,0.220292843170554,0.985733639006604
ENSSSCG00000029785,561.012440607677,432.567113448208
ENSSSCG00000003268,37.927084499197,35.0445304074417
ENSSSCG00000003267,59.3322057606025,48.164985050771
ENSSSCG00000003266,124.135017126607,87.7642846867259
ENSSSCG00000003265,3.63483191231414,3.90894374088826
ENSSSCG00000003264,94.5423451940294,74.3719035222913
ENSSSCG00000003263,58.8549046003996,49.2866819503302
ENSSSCG00000003262,13.3644324856803,16.3835728965925
ENSSSCG00000003261,27.5366053963192,30.9656325908626
ENSSSCG00000033542,21.4051212614055,31.5434764482113
ENSSSCG00000003257,20.7075272580321,32.4612284569416
ENSSSCG00000003255,3.01066885666424,2.54931113536191
ENSSSCG00000025532,3.30439264755831,1.25766016011187
ENSSSCG00000003256,323.169600931203,302.042383317679
ENSSSCG00000003253,191.61805808452,138.716516578826
ENSSSCG00000024413,230.169305639367,179.369531484064
ENSSSCG00000042257,0.624163055649903,1.18967852983556
ENSSSCG00000055840,4.55271875885811,3.53504477436851
ENSSSCG00000043562,21.5152676829908,23.113754293948
ENSSSCG00000054038,3.19424622597303,3.2971090684014
ENSSSCG00000054995,6.57206982125486,6.56022732166464
ENSSSCG00000031883,1.83577369308795,1.69954075690794
ENSSSCG00000040419,0.587447581788144,0.407889781657905
ENSSSCG00000003241,2.09278201012026,3.1271549927106
ENSSSCG00000036656,26.1781328634342,43.7801698979485
ENSSSCG00000032585,26.8390113929458,40.3470975689944
ENSSSCG00000032969,24.7095139089638,32.3592560115271
ENSSSCG00000038927,4.58943423271987,5.91440183403962
ENSSSCG00000046897,9.54602320405733,8.36174052398705
ENSSSCG00000038712,8.66485183137512,8.3277497088489
ENSSSCG00000003240,6.3517769780843,4.89467737989486
ENSSSCG00000003239,2.01935106239674,2.75325602619086
ENSSSCG00000003238,4.99330444519922,6.05036509459226
ENSSSCG00000058009,0.514016634064626,0.0679816302763175
ENSSSCG00000003236,0.330439264755831,0.54385304221054
ENSSSCG00000018357,0.771024951096939,0.951742823868445
ENSSSCG00000059123,3.30439264755831,3.26311825326324
ENSSSCG00000003234,2.49665222259961,1.63155912663162
ENSSSCG00000003233,7.74696498483114,9.24550171757918
ENSSSCG00000022906,15.9712311298652,13.1544454584674
ENSSSCG00000003231,2.20292843170554,1.69954075690794
ENSSSCG00000003230,0.330439264755831,0.849770378453969
ENSSSCG00000003229,39.2488415582203,48.4029207567381
ENSSSCG00000003228,1.83577369308795,2.48132950508559
ENSSSCG00000038043,0.36715473861759,0.917752008730286
ENSSSCG00000029231,0.073430947723518,0.475871411934223
ENSSSCG00000039922,35.4304322765974,10.8090792139345
ENSSSCG00000003269,7.9672578280017,11.5228863318358
ENSSSCG00000030857,268.390113929458,394.123501526951
ENSSSCG00000003271,2.93723790894072,2.24339379911848
ENSSSCG00000034284,3.74497833389942,3.56903558950667
ENSSSCG00000059775,1.57876537605564,1.25766016011187
ENSSSCG00000003278,0.73430947723518,0.441880596796064
ENSSSCG00000026365,0.220292843170554,0.679816302763175
ENSSSCG00000038287,15.5673609173858,20.2585258223426
ENSSSCG00000026417,17.2562727150267,11.3189414410069
ENSSSCG00000027189,140.289825625781,133.549912677826
ENSSSCG00000025353,1.35847253288508,0.27192652110527
ENSSSCG00000043687,131.000810738756,97.6896027070683
ENSSSCG00000042884,350.228905167319,282.123765646718
ENSSSCG00000021843,20.8543891534791,14.2081607277504
ENSSSCG00000024567,0.36715473861759,0.407889781657905
ENSSSCG00000003302,1.83577369308795,1.12169689955924
ENSSSCG00000003301,83.8948577741193,85.011028660535
ENSSSCG00000003288,41.0478997774465,43.6442066373958
ENSSSCG00000032656,10.1701862597072,7.27403443956597
ENSSSCG00000057251,0.73430947723518,0.373898966519746
ENSSSCG00000035829,16.8524025025474,20.3604982677571
ENSSSCG00000035612,0.844455898820457,0.645825487625016
ENSSSCG00000040725,0.550732107926385,0.203944890828953
ENSSSCG00000052569,1.39518800674684,0.339908151381588
ENSSSCG00000035417,12.9972777470627,5.26857634641461
ENSSSCG00000039460,463.018840870643,319.445680668416
ENSSSCG00000035344,29.8129647757483,36.3361813826917
ENSSSCG00000051380,0.146861895447036,0.645825487625016
ENSSSCG00000035924,2.57008317032313,48.5728748324289
ENSSSCG00000003289,26.2515638111577,29.53801835506
ENSSSCG00000049623,0.146861895447036,0.407889781657905
ENSSSCG00000025343,18.7616071433588,16.2136188209017
ENSSSCG00000058832,26.3249947588812,33.1410447597048
ENSSSCG00000037450,69.318814651001,157.071556753432
ENSSSCG00000033532,1.54204990219388,3.33109988353956
ENSSSCG00000060467,0.36715473861759,0.849770378453969
ENSSSCG00000025138,15.4939299696623,20.768388049415
ENSSSCG00000061310,22.2862926340877,21.1422870159347
ENSSSCG00000024661,23.1307485329082,28.8242112371586
ENSSSCG00000029156,18.1007286138472,22.9438002182572
ENSSSCG00000037024,16.0813775514504,14.2421515428885
ENSSSCG00000031349,28.5279231905867,39.7692537116457
ENSSSCG00000040721,4.66286518044339,6.11834672486858
ENSSSCG00000035081,16.448532290068,24.5073777146125
ENSSSCG00000034815,235.309471980013,256.358727771993
ENSSSCG00000039670,144.475389646022,148.165963187234
ENSSSCG00000003590,105.960857565036,156.187795559839
ENSSSCG00000022554,10.5373409983248,4.75871411934223
ENSSSCG00000025034,39.7995736661467,20.4624707131716
ENSSSCG00000003592,102.766611339063,68.8314006547715
ENSSSCG00000003591,80.884188917455,75.5955728672651
ENSSSCG00000032193,0.514016634064626,1.49559586607899
ENSSSCG00000003596,27.1694506577016,25.4931113536191
ENSSSCG00000031639,43.6546984216314,41.4008128382774
ENSSSCG00000036883,4.88315802361394,11.1489873653161
ENSSSCG00000023585,24.4525055919315,20.9383421251058
ENSSSCG00000003599,0,0.54385304221054
ENSSSCG00000003600,25.2235305430284,18.7629299562636
ENSSSCG00000003601,0.293723790894072,0.373898966519746
ENSSSCG00000034810,76.2580392108734,92.9648794028642
ENSSSCG00000003603,387.238102819972,94.6984109749103
ENSSSCG00000003604,16.154808499174,16.6894902328359
ENSSSCG00000003419,16.301670394621,14.6160505094083
ENSSSCG00000061687,0.440585686341108,0.27192652110527
ENSSSCG00000042592,0.917886846543975,1.01972445414476
ENSSSCG00000059852,1.32175705902332,1.46160505094083
ENSSSCG00000040607,3.37782359528183,4.48678759823696
ENSSSCG00000039885,138.454051932693,101.734509708509
ENSSSCG00000023122,186.734900060906,162.102197393879
ENSSSCG00000032563,11.5286587925923,18.0491228383623
ENSSSCG00000034017,115.323303399785,138.376608427444
ENSSSCG00000003617,40.3503057740731,42.2165924015932
ENSSSCG00000031514,6.24163055649903,4.99664982530934
ENSSSCG00000003610,16.5953941855151,23.6236165210203
ENSSSCG00000022014,95.9008177269145,122.061017161128
ENSSSCG00000037312,8.95857562226919,7.91985992719099
ENSSSCG00000003612,61.535134192308,55.0651205238172
ENSSSCG00000037566,9.47259225633382,6.11834672486858
ENSSSCG00000003616,14.6861895447036,5.60848449779619
ENSSSCG00000003613,113.524245180559,99.5251067245288
ENSSSCG00000026392,74.8628512041266,63.0189712661463
ENSSSCG00000022120,1.39518800674684,1.97146727801321
ENSSSCG00000021457,3.45125454300534,4.11288863171721
ENSSSCG00000029799,31.4284456256657,44.2900321250209
ENSSSCG00000032543,0.440585686341108,0.339908151381588
ENSSSCG00000028423,219.815542010351,249.424601483809
ENSSSCG00000021232,27.426458974734,25.2891664627901
ENSSSCG00000037621,103.53763629016,69.2052996212912
ENSSSCG00000030369,43.6914138954932,35.8263191556193
ENSSSCG00000022801,20.0466487285204,22.0260482095269
ENSSSCG00000032664,0.440585686341108,0.135963260552635
ENSSSCG00000026455,35.4304322765974,21.0063237553821
ENSSSCG00000003608,3.56140096459062,1.7335315720461
ENSSSCG00000025206,32.3463324722097,36.2002181221391
ENSSSCG00000032067,41.5986318853729,39.9731986024747
ENSSSCG00000003619,4.88315802361394,8.36174052398705
ENSSSCG00000003620,5.58075202698736,5.60848449779619
ENSSSCG00000032078,35.2101394334269,38.6815476272247
ENSSSCG00000025344,79.0116997505053,81.0001124742323
ENSSSCG00000003621,6.27834603036079,8.42972215426337
ENSSSCG00000063112,0.36715473861759,0.577843857348699
ENSSSCG00000002723,115.984181929297,97.4856578162393
ENSSSCG00000063318,0.293723790894072,0.747797933039493
ENSSSCG00000003713,30.2902659359512,32.325265196389
ENSSSCG00000059661,0.36715473861759,0.611834672486858
ENSSSCG00000003715,8.5914208836516,6.52623650652648
ENSSSCG00000021519,6.64550076897838,6.83215384276991
ENSSSCG00000034414,37.2662059696854,32.971090684014
ENSSSCG00000002820,21.1848284182349,20.0545809315137
ENSSSCG00000002819,8.5914208836516,10.8430700290726
ENSSSCG00000002818,109.926128742106,90.3815774523641
ENSSSCG00000029519,27.0593042361164,18.2530677291913
ENSSSCG00000025284,57.2027082766205,56.5607163898962
ENSSSCG00000025454,56.1379595346295,70.5649322268176
ENSSSCG00000029165,23.1674640067699,20.8703604948295
ENSSSCG00000024759,26.50857212819,27.6345327073231
ENSSSCG00000003652,80.4068877572522,70.1230516300215
ENSSSCG00000003653,75.5237297336382,66.0781446285806
ENSSSCG00000034367,5.17688181450802,16.0096739300728
ENSSSCG00000036451,1.10146421585277,1.90348564773689
ENSSSCG00000032082,6.13148413491375,1.52958668121714
ENSSSCG00000029705,0.220292843170554,0.407889781657905
ENSSSCG00000003660,136.067546131679,162.510087175537
ENSSSCG00000038956,17.9171512445384,8.80362112078312
ENSSSCG00000003662,3.89184022934645,2.7192652110527
ENSSSCG00000021333,118.958135312099,74.9837381947782
ENSSSCG00000026407,13.9885955413302,0.475871411934223
ENSSSCG00000032407,10.0967553119837,9.92531802034236
ENSSSCG00000040981,2.42322127487609,1.90348564773689
ENSSSCG00000010706,85.4736231501749,90.8574488642983
ENSSSCG00000022442,144.879259858501,145.1067898248
ENSSSCG00000046487,33.4110812142007,37.7637956184944
ENSSSCG00000028056,46.5919363305721,51.7680114554158
ENSSSCG00000030048,88.6311539022862,45.4117290245801
ENSSSCG00000020817,528.996547400223,386.271623230036
ENSSSCG00000023556,168.377163130027,124.950236447872
ENSSSCG00000026612,31.685453942698,35.7923283404812
ENSSSCG00000002987,1.24832611129981,1.93747646287505
ENSSSCG00000024773,1.6154808499174,0.577843857348699
ENSSSCG00000027197,60.5438163980406,69.9530975543307
ENSSSCG00000030510,47.4363922293926,48.7088380929815
ENSSSCG00000063541,0.440585686341108,0.373898966519746
ENSSSCG00000039235,106.695167042272,94.8683650506011
ENSSSCG00000002988,11.7122361619011,11.3189414410069
ENSSSCG00000028036,19.8997868330734,20.4284798980334
ENSSSCG00000002990,0.991317794267492,0.339908151381588
ENSSSCG00000002989,102.69318039134,109.008544148075
ENSSSCG00000027016,10.8677802630807,13.5283444249872
ENSSSCG00000025109,222.238763285227,140.620002226563
ENSSSCG00000021917,1.06474874199101,1.46160505094083
ENSSSCG00000038439,9.25229941316326,5.91440183403962
ENSSSCG00000026931,11.3450814232835,12.1007301891845
ENSSSCG00000025448,24.5993674873785,26.3768725472112
ENSSSCG00000021067,18.8717535649441,14.7520137699609
ENSSSCG00000037494,5.43389013154033,3.97692537116457
ENSSSCG00000033836,18.431167878603,15.4658208878622
ENSSSCG00000033760,142.125599318869,140.450048150872
ENSSSCG00000023228,23.6814806408345,26.1729276563822
ENSSSCG00000055235,21.5152676829908,16.9614167539412
ENSSSCG00000003000,13.0339932209244,21.5841676127308
ENSSSCG00000040533,37.927084499197,36.5401262735207
ENSSSCG00000002998,37.927084499197,31.1355866665534
ENSSSCG00000002997,0.660878529511662,1.69954075690794
ENSSSCG00000002996,25.6274007555078,20.0885717466518
ENSSSCG00000002995,48.6847183406924,59.8238346431594
ENSSSCG00000027515,12.7035539561686,9.78935475978972
ENSSSCG00000026257,49.1620195008953,37.1179701308694
ENSSSCG00000038619,35.797587015215,36.608107903797
ENSSSCG00000029558,0.807740424958698,0.339908151381588
ENSSSCG00000026386,4.73629612816691,27.192652110527
ENSSSCG00000030660,17.513281032059,17.8111871323952
ENSSSCG00000031074,3.74497833389942,1.86949483259873
ENSSSCG00000045776,9.50930773019558,6.96811710332254
ENSSSCG00000028387,15.4204990219388,17.6072422415662
ENSSSCG00000026526,2.68022959190841,4.07889781657905
ENSSSCG00000026731,19.0553309342529,16.3835728965925
ENSSSCG00000033546,235.089179136843,347.963974569331
ENSSSCG00000057268,2.57008317032313,4.282842707408
ENSSSCG00000033539,1.02803326812925,27.2266429256652
ENSSSCG00000040579,0.697594003373421,0.883761193592128
ENSSSCG00000003654,264.020972539909,434.980461323018
ENSSSCG00000038627,3.19424622597303,3.39908151381588
ENSSSCG00000002700,0.550732107926385,1.52958668121714
ENSSSCG00000002701,61.0945485059669,52.1419104219355
ENSSSCG00000046384,0.550732107926385,0.135963260552635
ENSSSCG00000003584,0.917886846543975,2.00545809315137
ENSSSCG00000003583,16.8891179764091,12.9505005676385
ENSSSCG00000030623,3.52468549072886,4.62275085878959
ENSSSCG00000003580,55.1833572142237,56.3907623142054
ENSSSCG00000031788,1.68891179764091,0.951742823868445
ENSSSCG00000038907,79.5991473322935,79.5724982384296
ENSSSCG00000027072,21.3684057875437,26.5808174380401
ENSSSCG00000029438,21.478552209129,15.3298576273096
ENSSSCG00000044404,9.14215299157799,8.93958438133575
ENSSSCG00000003085,101.408138806178,102.754234162654
ENSSSCG00000038879,18.9818999865294,9.82334557492788
ENSSSCG00000040264,33.9250978482653,38.8854925180536
ENSSSCG00000033194,7.74696498483114,8.56568541481601
ENSSSCG00000037056,51.181370563292,48.0630126053565
ENSSSCG00000035833,1.02803326812925,1.63155912663162
ENSSSCG00000035374,1.4319034806086,2.85522847160534
ENSSSCG00000035706,1.79905821922619,4.01091618630273
ENSSSCG00000040410,3.74497833389942,2.3113754293948
ENSSSCG00000022538,37.5966452344412,32.6311825326324
ENSSSCG00000036132,178.584064863596,127.057666986437
ENSSSCG00000039864,3.19424622597303,5.47252123724356
ENSSSCG00000039929,28.8950779292043,27.9744408587047
ENSSSCG00000036542,23.7549115885581,30.7956785151718
ENSSSCG00000020754,11.124788580113,11.5908679621121
ENSSSCG00000055289,14.9431978617359,12.6785740465332
ENSSSCG00000036870,10.6474874199101,8.63366704509232
ENSSSCG00000036317,144.181665855128,136.031242182911
ENSSSCG00000058475,21.8089914738848,18.1510952837768
ENSSSCG00000037184,1.94592011467323,1.39362342066451
ENSSSCG00000038229,50.0799063474392,49.898516622817
ENSSSCG00000021053,23.8650580101433,26.8187531440073
ENSSSCG00000033500,81.6919293424137,71.6526383112386
ENSSSCG00000032819,19.0920464081147,23.555634890744
ENSSSCG00000038367,9.2155839393015,11.2169689955924
ENSSSCG00000035791,61.6452806138933,65.092410989574
ENSSSCG00000038969,295.853288378054,395.721069838444
ENSSSCG00000038738,32.0158932074538,30.9996234060008
ENSSSCG00000040714,6.75564719056365,6.08435590973042
ENSSSCG00000003093,87.9335598989128,88.3761193592128
ENSSSCG00000003092,0.440585686341108,1.18967852983556
ENSSSCG00000038739,2.0560665362585,1.7335315720461
ENSSSCG00000035029,1.28504158516156,0.679816302763175
ENSSSCG00000003100,43.5078365261844,46.9413157057972
ENSSSCG00000038688,1.50533442833212,4.99664982530934
ENSSSCG00000003101,3.12081527824951,14.7860045850991
ENSSSCG00000003098,69.8695467589273,79.7084614989823
ENSSSCG00000003102,0.991317794267492,0.883761193592128
ENSSSCG00000033830,8.99529109613095,9.24550171757918
ENSSSCG00000022545,127.439409774165,145.446697976181
ENSSSCG00000026602,1.02803326812925,0.407889781657905
ENSSSCG00000022068,1.94592011467323,3.22912743812508
ENSSSCG00000022280,97.2225747859378,113.189414410069
ENSSSCG00000026152,59.4423521821878,49.6945717319881
ENSSSCG00000003104,124.318594495916,133.719866753517
ENSSSCG00000003103,16.4118168162063,16.8254534933886
ENSSSCG00000047379,8.07740424958698,7.10408036387518
ENSSSCG00000031616,1.28504158516156,1.49559586607899
ENSSSCG00000058768,1.54204990219388,0.135963260552635
ENSSSCG00000057046,1.4319034806086,2.82123765646718
ENSSSCG00000057804,0.807740424958698,1.63155912663162
ENSSSCG00000053348,2.0560665362585,1.80151320232241
ENSSSCG00000003738,36.2748881754179,22.7398553274282
ENSSSCG00000039052,13.4378634334038,17.4032973507373
ENSSSCG00000003741,19.0920464081147,19.4427462590268
ENSSSCG00000003740,6.79236266442541,7.1720619941515
ENSSSCG00000023276,35.7241560674915,41.7407209896589
ENSSSCG00000030018,13.5112943811273,9.24550171757918
ENSSSCG00000038859,12.5934075345833,17.4032973507373
ENSSSCG00000003743,101.004268593699,92.48900799093
ENSSSCG00000002959,13.1808551163715,14.344123988303
ENSSSCG00000002960,2.57008317032313,2.65128358077638
ENSSSCG00000058790,3.30439264755831,6.90013547304623
ENSSSCG00000002963,157.472667393084,129.029134264451
ENSSSCG00000002965,314.247740782795,218.255024002117
ENSSSCG00000002967,0.697594003373421,0.577843857348699
ENSSSCG00000024281,0.477301160202867,0.27192652110527
ENSSSCG00000022017,0.293723790894072,0.713807117901334
ENSSSCG00000028943,30.9511444654628,37.2879242065601
ENSSSCG00000035570,252.529029221178,236.542082546447
ENSSSCG00000022692,3.23096169983479,3.67100803492115
ENSSSCG00000026794,51.5118098280479,56.1188357931001
ENSSSCG00000026904,19.9732177807969,15.3298576273096
ENSSSCG00000047060,3.30439264755831,4.92866819503302
ENSSSCG00000002972,16.9992643979944,16.2136188209017
ENSSSCG00000031860,18.3210214570177,16.8594443085267
ENSSSCG00000038805,35.3937168027357,21.1762778310729
ENSSSCG00000002962,2.97395338280248,3.84096211061194
ENSSSCG00000003673,46.004488748784,51.394112488896
ENSSSCG00000021738,32.2729015244861,29.4020550945073
ENSSSCG00000031730,16.2282394468975,13.8682525763688
ENSSSCG00000027007,9.03200656999271,13.0864638281911
ENSSSCG00000039769,19.5693475683175,23.6576073361585
ENSSSCG00000036781,1.35847253288508,1.18967852983556
ENSSSCG00000038992,8.48127446206632,13.8342617612306
ENSSSCG00000060225,2.93723790894072,2.65128358077638
ENSSSCG00000024162,22.3597235818112,11.2849506258687
ENSSSCG00000028126,8.33441256661929,10.1292629111713
ENSSSCG00000022163,0.550732107926385,0.917752008730286
ENSSSCG00000047925,1.87248916694971,3.67100803492115
ENSSSCG00000022947,51.181370563292,45.5137014699946
ENSSSCG00000053480,2.09278201012026,2.61729276563822
ENSSSCG00000003582,7.23294835076652,38.6135659969483
ENSSSCG00000030682,38.2942392378146,30.3198071032376
ENSSSCG00000003549,42.1860794671611,40.9249414263431
ENSSSCG00000058342,0.293723790894072,0.475871411934223
ENSSSCG00000023235,18.8350380910824,26.1049460261059
ENSSSCG00000003554,157.80310665784,120.769366185878
ENSSSCG00000003553,53.0905752041035,71.6866291263768
ENSSSCG00000003551,26.6921494974988,6.76417221249359
ENSSSCG00000033516,39.762858192285,26.2409092866586
ENSSSCG00000003555,436.693846111761,578.421701206047
ENSSSCG00000003558,42.6266651535022,56.1188357931001
ENSSSCG00000003559,119.912737632505,135.385416695286
ENSSSCG00000040007,56.064528586906,38.8854925180536
ENSSSCG00000003561,35.5405786981827,50.4083788498894
ENSSSCG00000062214,2.0560665362585,1.5635774963553
ENSSSCG00000053928,9.2155839393015,10.1972445414476
ENSSSCG00000003564,13.2175705902332,12.5426107859806
ENSSSCG00000003566,298.203078705206,400.41180232751
ENSSSCG00000003567,13.0339932209244,14.0042158369214
ENSSSCG00000027325,6.27834603036079,11.7608220378029
ENSSSCG00000036755,10.060039838122,23.0117818485335
ENSSSCG00000003569,29.1153707723749,28.8921928674349
ENSSSCG00000003570,98.3240390017906,126.683768019918
ENSSSCG00000023636,32.2361860506244,35.8943007858956
ENSSSCG00000003572,31.9424622597303,18.9328840319544
ENSSSCG00000003573,19.0553309342529,13.698298500678
ENSSSCG00000056742,17.6968584013678,19.9526084860992
ENSSSCG00000003577,118.003532991693,143.509221513306
ENSSSCG00000047361,7.74696498483114,9.8913272052042
ENSSSCG00000047147,112.018910752227,63.0189712661463
ENSSSCG00000042438,0.550732107926385,1.7335315720461
ENSSSCG00000003578,51.5852407757714,5.33655797669092
ENSSSCG00000034570,666.349135117064,315.604718557804
ENSSSCG00000027894,35.4304322765974,39.7012720813694
ENSSSCG00000024927,58.8916200742614,54.589249111883
ENSSSCG00000021634,32.0893241551774,27.3286153710796
ENSSSCG00000028973,27.6100363440428,27.8044867830139
ENSSSCG00000029097,16.7789715548239,14.8539862153754
ENSSSCG00000030284,23.0940330590464,23.3516899999151
ENSSSCG00000046793,5.9111912917432,7.27403443956597
ENSSSCG00000030432,3.15753075211127,1.93747646287505
ENSSSCG00000027530,11.3083659494218,14.5480688791319
ENSSSCG00000038872,30.1066885666424,38.8515017029155
ENSSSCG00000047080,3.047384330526,0.611834672486858
ENSSSCG00000003586,229.1779878451,211.830759941005
ENSSSCG00000058017,13.2910015379568,6.66219976707912
ENSSSCG00000051929,168.524025025474,185.045997612136
ENSSSCG00000003589,33.2642193187536,37.5938415428036
ENSSSCG00000031380,108.714518104668,106.357260567299
ENSSSCG00000030420,289.09764118749,240.247081396506
ENSSSCG00000044428,0,0.849770378453969
ENSSSCG00000028530,6.57206982125486,4.8606865647567
ENSSSCG00000030513,138.013466246352,138.478580872859
ENSSSCG00000043241,4.03870212479349,4.282842707408
ENSSSCG00000035018,7.93054235413994,0
ENSSSCG00000030361,72.0724751906329,81.3400206256139
ENSSSCG00000032903,1.94592011467323,2.27738461425664
ENSSSCG00000040944,92.3027012884621,108.566663551279
ENSSSCG00000053045,7.30637929849004,6.35628243083569
ENSSSCG00000060855,12.2996837436893,6.96811710332254
ENSSSCG00000026626,89.3287479056596,68.6274557639425
ENSSSCG00000027916,66.6385850590925,53.9774144393961
ENSSSCG00000027407,341.784346179114,278.894638208593
ENSSSCG00000003214,0.440585686341108,0.951742823868445
ENSSSCG00000003212,6.64550076897838,6.73018139735543
ENSSSCG00000003211,76.9556332142468,72.4004362442781
ENSSSCG00000003216,12.336399217551,10.4351802474147
ENSSSCG00000003218,1.65219632377915,1.01972445414476
ENSSSCG00000003219,1.54204990219388,2.3113754293948
ENSSSCG00000039372,113.377383285112,112.61157055272
ENSSSCG00000003217,25.5172543339225,26.3088909169349
ENSSSCG00000029960,9.36244583474854,13.2224270887438
ENSSSCG00000003222,34.5125454300534,29.130128573402
ENSSSCG00000037098,4.80972707589043,6.05036509459226
ENSSSCG00000062536,6.49863887353134,4.52077841337511
ENSSSCG00000036814,31.538592047251,18.8309115865399
ENSSSCG00000024736,10.2436172074308,10.7410975836582
ENSSSCG00000036362,0.110146421585277,0.475871411934223
ENSSSCG00000040236,3.52468549072886,2.61729276563822
ENSSSCG00000060070,1.76234274536443,1.32564179038819
ENSSSCG00000037466,1.57876537605564,0.849770378453969
ENSSSCG00000055583,26.2882792850194,43.474252561705
ENSSSCG00000045200,36.5686119663119,49.3546635806065
ENSSSCG00000055391,0.771024951096939,0.849770378453969
ENSSSCG00000046995,0.881171372682216,0.611834672486858
ENSSSCG00000002872,43.9851376863873,54.6912215572974
ENSSSCG00000002873,248.527042570247,246.093501600269
ENSSSCG00000002875,2.49665222259961,2.95720091701981
ENSSSCG00000031169,62.0491508263727,69.0353455456004
ENSSSCG00000039166,17.4765655581973,15.9416922997965
ENSSSCG00000055296,1.06474874199101,1.93747646287505
ENSSSCG00000035876,4.95658897133746,6.05036509459226
ENSSSCG00000002877,24.9665222259961,22.4679288063229
ENSSSCG00000036886,7.30637929849004,2.44733868994743
ENSSSCG00000055443,5.1034508667845,11.1149965501779
ENSSSCG00000002879,45.7841959056135,124.474365035937
ENSSSCG00000023267,4.18556402024052,16.7574718631123
ENSSSCG00000021867,39.6527117706997,38.7155384423628
ENSSSCG00000024666,3.30439264755831,1.49559586607899
ENSSSCG00000025126,16.5586787116533,15.4998117030004
ENSSSCG00000021374,43.0305353659815,41.2648495777247
ENSSSCG00000025499,6.27834603036079,3.22912743812508
ENSSSCG00000002884,42.3696568364699,47.2132422269025
ENSSSCG00000002885,87.0891040000923,81.8498828526863
ENSSSCG00000002893,0.771024951096939,0.679816302763175
ENSSSCG00000041481,0.917886846543975,1.42761423580267
ENSSSCG00000033702,8.92186014840743,8.63366704509232
ENSSSCG00000002888,3.047384330526,5.64247531293435
ENSSSCG00000040012,67.483040957913,74.3719035222913
ENSSSCG00000002902,8.33441256661929,8.76963030564496
ENSSSCG00000041083,1.72562727150267,3.02518254729613
ENSSSCG00000038292,0.073430947723518,0.509862227072381
ENSSSCG00000002904,25.5539698077843,34.262741659264
ENSSSCG00000002905,68.2907813828717,62.9849804510082
ENSSSCG00000002906,2.20292843170554,1.7335315720461
ENSSSCG00000002907,85.5470540978984,87.3224040899298
ENSSSCG00000057394,3.74497833389942,4.55476922851327
ENSSSCG00000058519,1.06474874199101,2.141421353704
ENSSSCG00000027280,1.24832611129981,1.83550401746057
ENSSSCG00000030477,1.50533442833212,1.69954075690794
ENSSSCG00000028807,1.68891179764091,1.39362342066451
ENSSSCG00000027686,50.7775003508127,47.4511779328696
ENSSSCG00000049921,0.587447581788144,0.27192652110527
ENSSSCG00000059879,81.9122221855843,103.705976986522
ENSSSCG00000040559,13.4745789072655,16.9274259388031
ENSSSCG00000021745,1.32175705902332,1.25766016011187
ENSSSCG00000060526,12.9605622732009,15.4658208878622
ENSSSCG00000039678,2.64351411804665,5.09862227072381
ENSSSCG00000027374,43.8382757909402,42.1486107713169
ENSSSCG00000023920,111.358032222715,43.678197452534
ENSSSCG00000034921,0.293723790894072,0.577843857348699
ENSSSCG00000028485,335.873154887371,333.279942429647
ENSSSCG00000003964,35.7241560674915,34.0587967684351
ENSSSCG00000003965,71.6318895042918,110.878038980674
ENSSSCG00000058636,26.9858732883929,19.2048105530597
ENSSSCG00000003967,21.0379665227879,19.476737074165
ENSSSCG00000055268,1.76234274536443,3.43307232895403
ENSSSCG00000023266,68.2907813828717,77.5670401452783
ENSSSCG00000063334,0.477301160202867,0.305917336243429
ENSSSCG00000044385,0.550732107926385,0.339908151381588
ENSSSCG00000023371,86.83209568306,103.468041280555
ENSSSCG00000022774,111.137739379544,89.7697427798773
ENSSSCG00000034313,31.685453942698,32.6991641629087
ENSSSCG00000033207,3.41453906914359,1.49559586607899
ENSSSCG00000058863,2.31307485329082,0.27192652110527
ENSSSCG00000003128,20.3036570455527,20.6664156040005
ENSSSCG00000003129,4.03870212479349,6.83215384276991
ENSSSCG00000032098,6.90250908601069,4.55476922851327
ENSSSCG00000020988,9.65616962564261,7.44398851525677
ENSSSCG00000026689,386.283500499566,507.176952676467
ENSSSCG00000023377,29.9965421450571,20.1565533769281
ENSSSCG00000030544,2.90052243507896,3.60302640464483
ENSSSCG00000003132,169.919213032221,99.1172169428709
ENSSSCG00000003133,2.38650580101433,1.39362342066451
ENSSSCG00000003134,21.2582593659584,24.0654971178164
ENSSSCG00000003135,4.66286518044339,6.62820895194096
ENSSSCG00000003136,95.5336629882969,100.068959766739
ENSSSCG00000030561,3.74497833389942,3.60302640464483
ENSSSCG00000033167,35.4304322765974,41.9106750653497
ENSSSCG00000002763,56.064528586906,59.1440183403962
ENSSSCG00000002764,7.12280192918124,12.7805464919477
ENSSSCG00000025953,30.2168349882276,33.8888426927443
ENSSSCG00000034521,84.2252970388751,84.1272674669429
ENSSSCG00000034192,20.9278201012026,49.5925992865736
ENSSSCG00000002825,19.7529249376263,12.1687118194608
ENSSSCG00000002827,5.25031276223153,1.76752238718426
ENSSSCG00000002828,13.4745789072655,16.9954075690794
ENSSSCG00000002829,353.863737079633,91.8771733184431
ENSSSCG00000002822,175.940550745549,158.261235283267
ENSSSCG00000051585,7.04937098145772,9.3134833478555
ENSSSCG00000023162,8.04068877572522,17.6412330567044
ENSSSCG00000025652,509.060045093288,332.260217975502
ENSSSCG00000003037,30.0699730927806,30.8976509605863
ENSSSCG00000003038,52.7234204654859,52.5837910187316
ENSSSCG00000003046,212.28886986869,106.833131979233
ENSSSCG00000003049,0.881171372682216,0.849770378453969
ENSSSCG00000003040,48.5378564452454,44.3920045704353
ENSSSCG00000033684,0.954602320405733,1.1556877146974
ENSSSCG00000003042,846.6221117783,582.636562283179
ENSSSCG00000003044,0.514016634064626,1.22366934497372
ENSSSCG00000003043,0.660878529511662,0.679816302763175
ENSSSCG00000060817,0.36715473861759,0.407889781657905
ENSSSCG00000003048,6.13148413491375,15.6697657786912
ENSSSCG00000037422,1.10146421585277,2.03944890828953
ENSSSCG00000003047,0.807740424958698,0.781788748177651
ENSSSCG00000003051,3.26767717369655,2.78724684132902
ENSSSCG00000003062,0.697594003373421,1.63155912663162
ENSSSCG00000003063,19.0920464081147,14.5480688791319
ENSSSCG00000003064,15.1634907049065,14.4121056185793
ENSSSCG00000003054,11.5286587925923,10.6731159533818
ENSSSCG00000003055,42.3696568364699,53.9774144393961
ENSSSCG00000030637,48.8682957100012,53.2296165063566
ENSSSCG00000036291,3.26767717369655,4.8606865647567
ENSSSCG00000003059,26.2882792850194,27.8724684132902
ENSSSCG00000003061,17.6968584013678,27.8724684132902
ENSSSCG00000032434,6.16819960877551,2.61729276563822
ENSSSCG00000049211,0.293723790894072,0.645825487625016
ENSSSCG00000003068,20.413803467138,17.5732514264281
ENSSSCG00000003069,0.293723790894072,0.611834672486858
ENSSSCG00000035772,50.7040694030892,40.3470975689944
ENSSSCG00000033191,0.73430947723518,0.679816302763175
ENSSSCG00000044206,1.76234274536443,2.99119173215797
ENSSSCG00000038053,53.0538597302417,58.4642020376331
ENSSSCG00000031837,0.771024951096939,0.54385304221054
ENSSSCG00000038151,38.0739463946441,23.1817359242243
ENSSSCG00000032632,23.7549115885581,24.201460378369
ENSSSCG00000036210,115.029579608891,97.3496945556867
ENSSSCG00000063594,7.56338761552235,9.3134833478555
ENSSSCG00000035639,22.3230081079495,26.4448541774875
ENSSSCG00000036067,25.1868150691667,27.4305878164941
ENSSSCG00000022721,20.4505189409998,3.05917336243429
ENSSSCG00000036060,32.4931943676567,3.80697129547378
ENSSSCG00000033027,25.2235305430284,22.8078369577045
ENSSSCG00000024476,25.1133841214431,52.24388286735
ENSSSCG00000059433,0.624163055649903,2.85522847160534
ENSSSCG00000033811,41.4884854637876,46.8393432603828
ENSSSCG00000040749,18.9084690388059,23.0457726636716
ENSSSCG00000040139,15.8610847082799,4.41880596796064
ENSSSCG00000036321,34.2922525868829,34.9425579620272
ENSSSCG00000002793,3.52468549072886,3.19513662298692
ENSSSCG00000040125,34.0719597437123,38.1376945850141
ENSSSCG00000032443,12.2996837436893,9.7213731295134
ENSSSCG00000002788,7.19623287690476,3.94293455602642
ENSSSCG00000002787,36.6420429140355,41.8087026199353
ENSSSCG00000002786,96.5249807825644,72.4004362442781
ENSSSCG00000031199,5.61746750084912,6.05036509459226
ENSSSCG00000002790,26.5452876020517,21.41421353704
ENSSSCG00000026116,31.6487384688362,59.5858989371923
ENSSSCG00000002783,4.2957104418258,4.89467737989486
ENSSSCG00000002782,0.36715473861759,0.339908151381588
ENSSSCG00000003989,26.655434023637,49.3206727654684
ENSSSCG00000042594,1.02803326812925,1.63155912663162
ENSSSCG00000047003,6.09476866105199,8.42972215426337
ENSSSCG00000052885,0.73430947723518,0.611834672486858
ENSSSCG00000043116,12.9238467993392,22.5699012517374
ENSSSCG00000040688,1.02803326812925,2.54931113536191
ENSSSCG00000049941,1.10146421585277,2.17541216884216
ENSSSCG00000003990,9.54602320405733,18.5249942502965
ENSSSCG00000038009,20.6340963103085,30.0138897669942
ENSSSCG00000036554,16.5219632377915,19.5787095195794
ENSSSCG00000035527,17.5499965059208,18.8649024016781
ENSSSCG00000032352,14.465896701533,21.0743053856584
ENSSSCG00000041238,12.9605622732009,18.2530677291913
ENSSSCG00000041766,27.3163125531487,39.8032445267839
ENSSSCG00000003995,31.1347218347716,39.3273731148497
ENSSSCG00000021888,14.172172910639,20.12256256179
ENSSSCG00000023027,16.301670394621,17.8111871323952
ENSSSCG00000003998,15.0900597571829,18.0491228383623
ENSSSCG00000020436,0.183577369308795,0.339908151381588
ENSSSCG00000034027,15.1267752310447,15.9756831149346
ENSSSCG00000040038,3.85512475548469,6.66219976707912
ENSSSCG00000004001,0.807740424958698,0.27192652110527
ENSSSCG00000053935,10.0967553119837,9.10953845702655
ENSSSCG00000004002,450.462148809921,315.400773666975
ENSSSCG00000004004,6.82907813828717,8.63366704509232
ENSSSCG00000057276,3.81840928162293,5.91440183403962
ENSSSCG00000059362,3.59811643845238,5.23458553127645
ENSSSCG00000059241,1.10146421585277,1.42761423580267
ENSSSCG00000050419,8.55470540978984,11.8967852983556
ENSSSCG00000031342,24.8930912782726,20.2245350072045
ENSSSCG00000039930,21.0379665227879,17.3013249053228
ENSSSCG00000031449,4.55271875885811,10.9450424744871
ENSSSCG00000035664,22.5800164249818,23.5216440756059
ENSSSCG00000049523,0.697594003373421,1.22366934497372
ENSSSCG00000037920,312.522113511292,287.834222589928
ENSSSCG00000029362,86.6118028398894,89.4298346284957
ENSSSCG00000037734,65.0965351568987,60.8435590973042
ENSSSCG00000031562,78.754691433473,66.4180527799622
ENSSSCG00000062429,13.401147959542,11.0470149199016
ENSSSCG00000063297,2.34979032715257,1.93747646287505
ENSSSCG00000049887,41.6353473592347,32.4952192720798
ENSSSCG00000033509,0.807740424958698,1.05371526928292
ENSSSCG00000023973,44.0585686341108,34.8405855166127
ENSSSCG00000030505,30.4371278313982,26.6148082531783
ENSSSCG00000030000,6.64550076897838,9.99329965061867
ENSSSCG00000033735,3.78169380776118,0.849770378453969
ENSSSCG00000035420,24.0486353794521,15.9077014846583
ENSSSCG00000040575,39.2488415582203,14.9559586607899
ENSSSCG00000022204,219.117948006978,216.18158427869
ENSSSCG00000026816,2.27635937942906,2.41334787480927
ENSSSCG00000034107,2.27635937942906,3.09316417757245
ENSSSCG00000032231,16.0813775514504,13.3923811644345
ENSSSCG00000061598,3.01066885666424,5.81242938862515
ENSSSCG00000053077,67.0791707454337,41.7407209896589
ENSSSCG00000003336,164.962624060883,228.520250173841
ENSSSCG00000038351,8.29769709275753,10.5711435079674
ENSSSCG00000003332,353.239574023983,208.635623318018
ENSSSCG00000022151,5.98462223946671,5.37054879182908
ENSSSCG00000003971,25.5172543339225,32.6651733477706
ENSSSCG00000003972,2.93723790894072,3.73898966519746
ENSSSCG00000003973,20.413803467138,20.2925166374808
ENSSSCG00000048684,3.30439264755831,0.679816302763175
ENSSSCG00000033952,22.2862926340877,17.6412330567044
ENSSSCG00000003975,106.181150408207,202.313331702321
ENSSSCG00000003976,69.7961158112038,65.5003007712319
ENSSSCG00000039245,21.5886986307143,6.86614465790807
ENSSSCG00000003979,8.40784351434281,7.61394259094756
ENSSSCG00000003980,41.892355676267,48.4029207567381
ENSSSCG00000063595,11.0146421585277,22.7738461425664
ENSSSCG00000003981,9.17886846543974,9.82334557492788
ENSSSCG00000003983,46.8856601214662,32.3592560115271
ENSSSCG00000002986,0.183577369308795,0.679816302763175
ENSSSCG00000051232,3.30439264755831,2.34536624453295
ENSSSCG00000014137,9.06872204385447,15.3298576273096
ENSSSCG00000026780,7.12280192918124,21.9920573943887
ENSSSCG00000040325,146.861895447036,164.651508529241
ENSSSCG00000014151,51.9891109882507,59.1100275252581
ENSSSCG00000014152,9.72960057336613,15.0919219213425
ENSSSCG00000026233,14.3557502799478,19.4427462590268
ENSSSCG00000024193,35.7241560674915,40.890950611205
ENSSSCG00000035025,11.7122361619011,12.7465556768095
ENSSSCG00000014156,104.198514819672,119.375742765214
ENSSSCG00000014157,82.4996697673724,99.6610699850815
ENSSSCG00000027608,30.3269814098129,28.042422488981
ENSSSCG00000014146,39.1386951366351,43.3042984860143
ENSSSCG00000014147,32.9337800539978,38.7155384423628
ENSSSCG00000014148,12.5934075345833,13.5963260552635
ENSSSCG00000039760,0.991317794267492,0.441880596796064
ENSSSCG00000022656,21.7355605261613,28.688247976606
ENSSSCG00000014232,55.146641740362,10.1292629111713
ENSSSCG00000014233,29.555956458716,36.0642548615864
ENSSSCG00000014235,2.57008317032313,1.42761423580267
ENSSSCG00000022790,91.091090651024,66.384061964824
ENSSSCG00000014149,16.8156870286856,10.6391251382437
ENSSSCG00000039373,40.5705986172437,19.1368289227834
ENSSSCG00000031128,33.4110812142007,6.11834672486858
ENSSSCG00000014238,0.697594003373421,0.509862227072381
ENSSSCG00000014239,52.0625419359742,61.9652559968634
ENSSSCG00000014133,397.0044188672,269.819090566704
ENSSSCG00000014132,2.53336769646137,1.69954075690794
ENSSSCG00000056442,40.7174605126907,29.7419632458889
ENSSSCG00000014240,64.1419328364929,64.5145671322253
ENSSSCG00000045510,0.293723790894072,0.611834672486858
ENSSSCG00000014136,149.762417882115,61.0814948032713
ENSSSCG00000014242,5.21359728836978,6.05036509459226
ENSSSCG00000022402,129.568907258147,51.3601216737579
ENSSSCG00000014247,148.293798927645,70.666904672232
ENSSSCG00000061746,0.293723790894072,1.59756831149346
ENSSSCG00000062692,0.073430947723518,0.81577956331581
ENSSSCG00000062826,0.514016634064626,0.781788748177651
ENSSSCG00000054595,0.183577369308795,1.12169689955924
ENSSSCG00000053188,0.36715473861759,0.883761193592128
ENSSSCG00000058079,0.293723790894072,0.407889781657905
ENSSSCG00000014244,65.9777065295809,47.757095269113
ENSSSCG00000053092,0.660878529511662,0.951742823868445
ENSSSCG00000014248,46.7020827521574,27.0566888499744
ENSSSCG00000014249,1.02803326812925,1.08770608442108
ENSSSCG00000014250,7.67353403710763,6.11834672486858
ENSSSCG00000014161,17.5867119797826,22.6718736971519
ENSSSCG00000035571,2.45993674873785,4.07889781657905
ENSSSCG00000062599,7.01265550759596,8.49770378453969
ENSSSCG00000014163,25.0032376998579,51.1221859677908
ENSSSCG00000051601,4.03870212479349,3.05917336243429
ENSSSCG00000014182,12.7769849038921,3.8749529257501
ENSSSCG00000014184,162.722980155316,122.672851833615
ENSSSCG00000014225,4.58943423271987,4.31683352254616
ENSSSCG00000027857,33.81495142668,40.7209965355142
ENSSSCG00000025287,9.28901488702502,8.1577956331581
ENSSSCG00000040617,16.8156870286856,24.1334787480927
ENSSSCG00000024999,31.7588848904215,35.3164569285469
ENSSSCG00000028431,104.16179934581,56.4587439444817
ENSSSCG00000038779,10.060039838122,12.5086199708424
ENSSSCG00000014187,9.10543751771623,12.5426107859806
ENSSSCG00000039889,20.5239498887233,30.5577428092047
ENSSSCG00000025286,33.3743657403389,9.7213731295134
ENSSSCG00000013338,1.57876537605564,0.339908151381588
ENSSSCG00000049027,1.87248916694971,1.69954075690794
ENSSSCG00000060881,0.954602320405733,1.97146727801321
ENSSSCG00000057459,0.514016634064626,0.679816302763175
ENSSSCG00000013339,1.57876537605564,0.747797933039493
ENSSSCG00000056103,0.477301160202867,0.339908151381588
ENSSSCG00000058349,26.7655804452223,38.4436119212575
ENSSSCG00000052309,0.036715473861759,1.01972445414476
ENSSSCG00000057317,6.20491508263727,4.79270493448038
ENSSSCG00000055394,0.660878529511662,1.52958668121714
ENSSSCG00000013340,0.660878529511662,0
ENSSSCG00000039940,2.8638069612172,45.7516371759617
ENSSSCG00000026175,65.0231042091752,75.5615820521269
ENSSSCG00000014165,35.1734239595651,36.1322364918628
ENSSSCG00000014139,18.8717535649441,10.6731159533818
ENSSSCG00000013347,13.3277170118185,18.5929758805728
ENSSSCG00000014141,12.9238467993392,5.13261308586197
ENSSSCG00000063079,4.44257233727284,6.08435590973042
ENSSSCG00000031940,0.697594003373421,0.27192652110527
ENSSSCG00000029805,52.3195502530065,76.649288136548
ENSSSCG00000013344,23.461187797664,2.07343972342768
ENSSSCG00000039731,21.8089914738848,33.5489345413627
ENSSSCG00000014168,28.0506220303839,22.8078369577045
ENSSSCG00000013349,34.585976377777,29.6059999853363
ENSSSCG00000013351,37.7435071298882,37.6618231730799
ENSSSCG00000014170,161.070783831537,135.69133403153
ENSSSCG00000013352,1.21161063743805,0.339908151381588
ENSSSCG00000013331,14.0987419629154,15.8737106695201
ENSSSCG00000013332,2.01935106239674,0.849770378453969
ENSSSCG00000014171,39.7261427184232,32.8691182385995
ENSSSCG00000022806,81.4349210253814,73.9300229254953
ENSSSCG00000027860,32.1994705767626,20.12256256179
ENSSSCG00000013335,144.548820593745,127.669501658924
ENSSSCG00000014173,8.33441256661929,9.44944660840813
ENSSSCG00000013336,21.6988450522996,16.5875177874215
ENSSSCG00000013337,43.9484222125255,53.9434236242579
ENSSSCG00000059744,1.06474874199101,6.0163742794541
ENSSSCG00000037501,1.54204990219388,2.07343972342768
ENSSSCG00000022592,45.8209113794752,10.7410975836582
ENSSSCG00000023396,0.660878529511662,1.80151320232241
ENSSSCG00000052450,0.073430947723518,1.46160505094083
ENSSSCG00000036529,5.50732107926385,6.18632835514489
ENSSSCG00000054134,0.624163055649903,3.39908151381588
ENSSSCG00000014176,80.8474734435933,151.395090625359
ENSSSCG00000014177,39.1754106104968,45.8536096213762
ENSSSCG00000059615,13.107424168648,15.6017841484149
ENSSSCG00000054312,0.110146421585277,0.917752008730286
ENSSSCG00000014179,40.1667284047643,50.7142961861329
ENSSSCG00000035539,21.8457069477466,21.7201308732834
ENSSSCG00000056768,9.98660889039844,12.6445832313951
ENSSSCG00000058841,1.68891179764091,3.8749529257501
ENSSSCG00000062672,0.257008317032313,0.54385304221054
ENSSSCG00000062956,1.79905821922619,2.78724684132902
ENSSSCG00000054777,0.587447581788144,1.32564179038819
ENSSSCG00000059595,0.330439264755831,0.611834672486858
ENSSSCG00000046723,0.844455898820457,1.35963260552635
ENSSSCG00000021427,101.922155440243,105.23556366774
ENSSSCG00000051093,0.954602320405733,1.76752238718426
ENSSSCG00000021371,10.3170481551543,15.6697657786912
ENSSSCG00000023231,42.4063723103316,47.4851687480078
ENSSSCG00000038453,29.3723790894072,27.3626061862178
ENSSSCG00000035729,2.20292843170554,0.54385304221054
ENSSSCG00000013411,18.8350380910824,15.7377474089675
ENSSSCG00000043165,0.771024951096939,0.27192652110527
ENSSSCG00000013360,25.3336769646137,52.1079196067974
ENSSSCG00000013409,65.1699661046222,60.0277795339884
ENSSSCG00000013410,44.7561626374842,36.4721446432443
ENSSSCG00000043004,0.36715473861759,1.35963260552635
ENSSSCG00000021688,7.56338761552235,10.7750883987963
ENSSSCG00000032047,1.65219632377915,1.29165097525003
ENSSSCG00000013358,0.293723790894072,0.883761193592128
ENSSSCG00000013361,62.1960127218197,55.880900087133
ENSSSCG00000038037,0.440585686341108,0.645825487625016
ENSSSCG00000013362,9.43587678247206,7.91985992719099
ENSSSCG00000041063,8.84842920068392,7.03609873359886
ENSSSCG00000013363,0.587447581788144,0.407889781657905
ENSSSCG00000013366,130.04620841835,104.351802474147
ENSSSCG00000013367,40.4971676695202,31.3055407422442
ENSSSCG00000059019,45.1600328499635,52.9576899852513
ENSSSCG00000045256,0.550732107926385,1.25766016011187
ENSSSCG00000013369,76.8087713187998,35.6563650799285
ENSSSCG00000013382,60.2868080810082,43.678197452534
ENSSSCG00000040570,91.5316763373651,93.134833478555
ENSSSCG00000034191,8.40784351434281,12.0667393740464
ENSSSCG00000035649,1.10146421585277,0.27192652110527
ENSSSCG00000013389,2.8638069612172,4.52077841337511
ENSSSCG00000013388,6.86579361214893,22.8078369577045
ENSSSCG00000013391,70.8241490793331,50.1364523287842
ENSSSCG00000013392,169.625489241326,112.509598107305
ENSSSCG00000033786,16.8156870286856,11.5228863318358
ENSSSCG00000013393,59.4423521821878,78.8926819356665
ENSSSCG00000021170,67.9236266442541,80.4222686168836
ENSSSCG00000013395,27.2428816054252,24.7453134205796
ENSSSCG00000013397,12.1161063743805,25.4251297233427
ENSSSCG00000013399,27.6834672917663,59.1780091555344
ENSSSCG00000028827,196.611362529719,145.208762270214
ENSSSCG00000031706,81.7286448162755,157.003575123155
ENSSSCG00000013401,88.9248776931802,68.3895200579754
ENSSSCG00000013402,102.803326812925,111.387901207746
ENSSSCG00000013403,16.1180930253122,40.24512512358
ENSSSCG00000032323,94.8360689849234,70.021079184607
ENSSSCG00000035069,2.71694506577016,1.35963260552635
ENSSSCG00000014293,6.75564719056365,15.193894366757
ENSSSCG00000014296,185.486573949606,163.733756520511
ENSSSCG00000014285,78.3508212209937,83.2774970884889
ENSSSCG00000022060,2.57008317032313,9.41545579326997
ENSSSCG00000053400,11.124788580113,11.6588495923885
ENSSSCG00000062865,10.1334707858455,10.911051659349
ENSSSCG00000056448,0.587447581788144,0.951742823868445
ENSSSCG00000045343,0.440585686341108,0.27192652110527
ENSSSCG00000056261,0.293723790894072,0.679816302763175
ENSSSCG00000053135,0.917886846543975,1.49559586607899
ENSSSCG00000056918,0.220292843170554,0.441880596796064
ENSSSCG00000061328,0.220292843170554,0.475871411934223
ENSSSCG00000056290,1.10146421585277,3.39908151381588
ENSSSCG00000062753,0.477301160202867,0.27192652110527
ENSSSCG00000053630,0.771024951096939,0.917752008730286
ENSSSCG00000014287,8.88514467454567,8.76963030564496
ENSSSCG00000014288,32.4564788937949,43.2023260405998
ENSSSCG00000014289,43.103966313705,35.7923283404812
ENSSSCG00000040998,77.6532272176202,73.8280504800808
ENSSSCG00000014291,22.1394307386407,28.8582020522968
ENSSSCG00000056081,14.8697669140124,12.6445832313951
ENSSSCG00000014292,158.867855399831,193.169802430156
ENSSSCG00000026106,40.3870212479349,42.5904913681129
ENSSSCG00000026229,18.1007286138472,20.3265074526189
ENSSSCG00000061433,18.9451845126676,12.3726567102898
ENSSSCG00000014307,165.182916904054,161.116463754872
ENSSSCG00000020915,107.135752728613,134.807572837938
ENSSSCG00000014274,73.1372239326239,46.3974626635867
ENSSSCG00000014275,0.917886846543975,2.00545809315137
ENSSSCG00000061383,7.67353403710763,7.78389666663835
ENSSSCG00000014280,81.6184983946902,71.3467209749952
ENSSSCG00000014277,37.1560595481001,48.5048932021525
ENSSSCG00000014278,1.17489516357629,0.713807117901334
ENSSSCG00000014283,62.0124353525109,78.144884002627
ENSSSCG00000014264,129.091606097945,130.660693391082
ENSSSCG00000033213,11.2349350016982,10.6051343231055
ENSSSCG00000036686,139.739093517855,149.35564171707
ENSSSCG00000014267,18.6514607217736,22.060039024665
ENSSSCG00000014269,36.3850345970031,34.5006773652311
ENSSSCG00000014271,0,0.577843857348699
ENSSSCG00000014272,3.96527117706997,5.57449368265804
ENSSSCG00000030680,14.2088883845007,26.6148082531783
ENSSSCG00000038628,282.488855892374,281.851839125612
ENSSSCG00000014298,143.19034806086,135.963260552635
ENSSSCG00000014302,3.41453906914359,3.60302640464483
ENSSSCG00000038953,65.9777065295809,62.1352100725542
ENSSSCG00000037127,23.3877568499405,28.9941653128494
ENSSSCG00000014303,27.0225887622546,61.5573662152055
ENSSSCG00000014305,75.7807380506705,73.8280504800808
ENSSSCG00000014304,81.655213868552,42.1146199561787
ENSSSCG00000038955,29.5926719325777,28.0084316738428
ENSSSCG00000026644,98.9482020574405,113.359368485759
ENSSSCG00000034954,65.7206982125486,66.5540160405148
ENSSSCG00000038110,0.587447581788144,0.577843857348699
ENSSSCG00000014310,131.9186975853,2.00545809315137
ENSSSCG00000014311,0.624163055649903,0
ENSSSCG00000014416,66.9323088499866,78.2128656329033
ENSSSCG00000014314,5.83776034401968,2.92321010188165
ENSSSCG00000014316,48.8682957100012,25.8330195050007
ENSSSCG00000028976,6.5353543473931,6.25430998542121
ENSSSCG00000014319,56.9456999595882,76.6152973214098
ENSSSCG00000014418,30.9511444654628,9.85733639006604
ENSSSCG00000036549,171.681555777585,234.128734671637
ENSSSCG00000032423,26.8022959190841,4.58876004365143
ENSSSCG00000014321,17.0726953457179,20.3265074526189
ENSSSCG00000014420,1.21161063743805,4.92866819503302
ENSSSCG00000027852,1.10146421585277,0.373898966519746
ENSSSCG00000053951,2.45993674873785,1.25766016011187
ENSSSCG00000036516,1.32175705902332,0.713807117901334
ENSSSCG00000021414,4.07541759865525,3.19513662298692
ENSSSCG00000036961,3.56140096459062,1.5635774963553
ENSSSCG00000036348,1.50533442833212,1.42761423580267
ENSSSCG00000031384,3.23096169983479,2.82123765646718
ENSSSCG00000025141,0.73430947723518,0.509862227072381
ENSSSCG00000027371,130.743802421724,117.472257117477
ENSSSCG00000046808,1.39518800674684,1.1556877146974
ENSSSCG00000040315,1.4319034806086,0.645825487625016
ENSSSCG00000031533,0.917886846543975,0.883761193592128
ENSSSCG00000044449,1.17489516357629,0.951742823868445
ENSSSCG00000014399,20.1935106239674,25.2891664627901
ENSSSCG00000014339,340.903174806432,347.386130711982
ENSSSCG00000014401,31.6487384688362,38.4436119212575
ENSSSCG00000039309,103.794644607193,73.8960321103571
ENSSSCG00000032826,2.01935106239674,3.26311825326324
ENSSSCG00000014406,20.8543891534791,14.9559586607899
ENSSSCG00000014410,11.4552278448688,13.1544454584674
ENSSSCG00000014408,0.183577369308795,0.679816302763175
ENSSSCG00000014411,76.8822022665233,57.5124592137646
ENSSSCG00000014286,2.64351411804665,2.54931113536191
ENSSSCG00000055548,1.54204990219388,1.59756831149346
ENSSSCG00000049957,2.27635937942906,1.52958668121714
ENSSSCG00000043189,0.146861895447036,0.509862227072381
ENSSSCG00000050134,0.440585686341108,0.679816302763175
ENSSSCG00000043940,7.23294835076652,6.0163742794541
ENSSSCG00000014414,21.478552209129,30.7956785151718
ENSSSCG00000014387,100.930837645975,90.0416693009825
ENSSSCG00000014388,71.448312134983,66.7239701162056
ENSSSCG00000014389,1.13817968971453,0.27192652110527
ENSSSCG00000014390,16.9625489241326,14.7520137699609
ENSSSCG00000014391,32.3463324722097,23.3856808150532
ENSSSCG00000022289,85.1431838854191,45.3097565791656
ENSSSCG00000014396,61.4249877707228,35.758337525343
ENSSSCG00000014395,4.77301160202867,3.43307232895403
ENSSSCG00000014394,64.5458030489723,54.589249111883
ENSSSCG00000038940,49.7127516088217,43.5422341919814
ENSSSCG00000025295,181.154148033919,170.76985525411
ENSSSCG00000036322,3.30439264755831,1.97146727801321
ENSSSCG00000024954,13.254286064095,6.52623650652648
ENSSSCG00000014361,32.3463324722097,29.2321010188165
ENSSSCG00000038493,57.9003022799939,68.0156210914557
ENSSSCG00000014362,5.28702823609329,4.07889781657905
ENSSSCG00000014363,6.86579361214893,0.951742823868445
ENSSSCG00000014364,88.814731271595,79.0626360113573
ENSSSCG00000059551,15.4939299696623,15.2278851818951
ENSSSCG00000055768,40.3135903002114,27.8044867830139
ENSSSCG00000014366,31.538592047251,41.8426934350734
ENSSSCG00000014367,14.8697669140124,11.3189414410069
ENSSSCG00000044155,5.58075202698736,4.99664982530934
ENSSSCG00000014368,0.073430947723518,1.01972445414476
ENSSSCG00000014369,4.14884854637876,3.36509069867772
ENSSSCG00000014370,19.2389083035617,21.5161859824545
ENSSSCG00000014371,28.0139065565221,19.7146727801321
ENSSSCG00000014372,107.062321780889,116.418541848194
ENSSSCG00000032062,18.7248916694971,15.9416922997965
ENSSSCG00000014375,39.7995736661467,36.5401262735207
ENSSSCG00000014374,1.39518800674684,2.34536624453295
ENSSSCG00000014376,24.7462293828256,22.8078369577045
ENSSSCG00000029158,70.8975800270566,66.5540160405148
ENSSSCG00000029281,12.6668384823068,4.55476922851327
ENSSSCG00000014422,0.660878529511662,0.985733639006604
ENSSSCG00000038182,1.06474874199101,1.1556877146974
ENSSSCG00000029257,11.6755206880394,37.6618231730799
ENSSSCG00000047137,7.63681856324587,6.66219976707912
ENSSSCG00000014426,4.80972707589043,0.135963260552635
ENSSSCG00000014427,59.6626450253583,52.6517726490079
ENSSSCG00000014428,0.881171372682216,0.475871411934223
ENSSSCG00000023279,1.39518800674684,0.475871411934223
ENSSSCG00000014430,43.5078365261844,57.2065418775212
ENSSSCG00000014431,8.29769709275753,5.06463145558565
ENSSSCG00000014432,48.8682957100012,54.2493409605014
ENSSSCG00000014433,36.7521893356207,58.1582847013896
ENSSSCG00000014434,28.1974839258309,40.687005720376
ENSSSCG00000032383,69.2820991771392,22.3319655457703
ENSSSCG00000014435,314.688326469136,303.198071032376
ENSSSCG00000014436,70.0898396020979,64.8544752836069
ENSSSCG00000014437,4.14884854637876,9.48343742354629
ENSSSCG00000039045,7.63681856324587,6.62820895194096
ENSSSCG00000014440,60.6906782934876,72.7403443956597
ENSSSCG00000014441,24.7462293828256,19.2388013681979
ENSSSCG00000014377,1.50533442833212,0.781788748177651
ENSSSCG00000053239,0.36715473861759,0.373898966519746
ENSSSCG00000028168,106.401443251378,116.996385705542
ENSSSCG00000052586,4.4792878111346,3.05917336243429
ENSSSCG00000027249,0.403870212479349,0.713807117901334
ENSSSCG00000063245,0.293723790894072,0.339908151381588
ENSSSCG00000059785,0.073430947723518,1.35963260552635
ENSSSCG00000061423,2.20292843170554,4.35082433768432
ENSSSCG00000056638,2.60679864418489,0.407889781657905
ENSSSCG00000052618,482.58818843896,212.442594613492
ENSSSCG00000053624,1.06474874199101,0.81577956331581
ENSSSCG00000051238,1.17489516357629,0.747797933039493
ENSSSCG00000062860,0.660878529511662,0.407889781657905
ENSSSCG00000063455,3.19424622597303,2.07343972342768
ENSSSCG00000063036,1.76234274536443,1.80151320232241
ENSSSCG00000057516,1.32175705902332,2.37935705967111
ENSSSCG00000061322,0.477301160202867,0.0679816302763175
ENSSSCG00000049519,4.58943423271987,8.46371296940153
ENSSSCG00000018513,10.3170481551543,2.44733868994743
ENSSSCG00000019165,1.10146421585277,0.373898966519746
ENSSSCG00000055853,1.6154808499174,0.373898966519746
ENSSSCG00000013327,43.103966313705,68.3555292428372
ENSSSCG00000013286,3.70826286003766,4.14687944685537
ENSSSCG00000035489,11.5286587925923,10.1632537263095
ENSSSCG00000026145,0.440585686341108,0.203944890828953
ENSSSCG00000038082,26.1781328634342,33.9228335078824
ENSSSCG00000013292,37.6700761821647,29.1641193885402
ENSSSCG00000013293,21.2949748398202,17.8791687626715
ENSSSCG00000013294,13.107424168648,21.7201308732834
ENSSSCG00000013295,20.6708117841703,19.7826544104084
ENSSSCG00000028338,93.991613086103,62.2711733331068
ENSSSCG00000013296,1.24832611129981,0.203944890828953
ENSSSCG00000013297,30.1434040405041,7.64793340608572
ENSSSCG00000013302,117.269223514458,84.9430470302587
ENSSSCG00000013303,6.27834603036079,8.59967622995416
ENSSSCG00000013304,42.5899496796404,42.0466383259024
ENSSSCG00000013305,299.047534604027,251.600013652651
ENSSSCG00000013307,18.3577369308795,16.8934351236649
ENSSSCG00000013308,39.9464355615938,46.669389184692
ENSSSCG00000024791,203.256863298698,300.17288848508
ENSSSCG00000013310,0.697594003373421,0.27192652110527
ENSSSCG00000013311,18.1007286138472,14.7180229548227
ENSSSCG00000013312,171.644840303723,276.277345442954
ENSSSCG00000040954,52.6132740439006,45.3097565791656
ENSSSCG00000030326,35.5772941720445,30.4217795486521
ENSSSCG00000042341,5.94790676560496,10.6051343231055
ENSSSCG00000013314,34.7695537470858,37.2879242065601
ENSSSCG00000013313,45.6740494840282,52.1079196067974
ENSSSCG00000026433,3.81840928162293,2.58330195050007
ENSSSCG00000013315,81.5817829208285,73.65809640439
ENSSSCG00000025588,25.0766686475814,19.7146727801321
ENSSSCG00000055587,0,1.01972445414476
ENSSSCG00000044035,11.8958135312099,12.1687118194608
ENSSSCG00000056037,1.46861895447036,3.1271549927106
ENSSSCG00000048614,0.73430947723518,0.985733639006604
ENSSSCG00000047141,1.24832611129981,3.16114580784876
ENSSSCG00000049955,1.21161063743805,0.679816302763175
ENSSSCG00000057682,1.54204990219388,4.35082433768432
ENSSSCG00000054809,9.50930773019558,11.2509598107305
ENSSSCG00000060910,0.477301160202867,0.713807117901334
ENSSSCG00000052582,1.02803326812925,2.03944890828953
ENSSSCG00000060266,0.440585686341108,0.747797933039493
ENSSSCG00000058646,0.917886846543975,1.1556877146974
ENSSSCG00000023607,1.57876537605564,0.611834672486858
ENSSSCG00000025560,2.27635937942906,0.713807117901334
ENSSSCG00000028144,9.2155839393015,12.202702634599
ENSSSCG00000013658,15.7509382866946,13.2564179038819
ENSSSCG00000013659,58.0838796493027,61.1494764335476
ENSSSCG00000039619,48.7214338145542,62.2031917028305
ENSSSCG00000027434,19.2389083035617,104.045885137904
ENSSSCG00000013639,176.674860222784,139.090415545346
ENSSSCG00000013648,118.811273416652,165.025407495761
ENSSSCG00000013664,10.6107719460483,10.8430700290726
ENSSSCG00000013663,4.2957104418258,0.81577956331581
ENSSSCG00000013662,23.9384889578669,25.4251297233427
ENSSSCG00000024072,0.917886846543975,1.05371526928292
ENSSSCG00000013661,173.957915157014,154.454263987793
ENSSSCG00000013667,22.6167318988435,34.4326957349548
ENSSSCG00000025176,93.0002952918355,80.1163512806402
ENSSSCG00000013731,18.4678833524648,13.8682525763688
ENSSSCG00000033304,0.293723790894072,1.46160505094083
ENSSSCG00000013737,20.6708117841703,21.6521492430071
ENSSSCG00000013736,152.259070104714,158.907060770892
ENSSSCG00000013839,2.64351411804665,4.21486107713169
ENSSSCG00000013773,78.3141057471319,105.371526928292
ENSSSCG00000013772,1.24832611129981,0.339908151381588
ENSSSCG00000013771,93.8814666645177,80.8641492136797
ENSSSCG00000033298,29.3723790894072,37.2199425762838
ENSSSCG00000013758,7.41652572007531,7.88586911205283
ENSSSCG00000013757,38.8816868196028,51.0881951526526
ENSSSCG00000013756,16.301670394621,24.4733868994743
ENSSSCG00000013755,25.1500995953049,34.0587967684351
ENSSSCG00000013769,0.881171372682216,0.951742823868445
ENSSSCG00000013836,55.293503635809,57.3085143229357
ENSSSCG00000013838,58.3776034401968,59.4159448615015
ENSSSCG00000013837,86.0243552581013,100.374877102983
ENSSSCG00000022227,106.217865882069,118.831889723003
ENSSSCG00000013830,92.1191239191533,66.0441538134425
ENSSSCG00000013829,29.1153707723749,31.8493937844548
ENSSSCG00000013833,2.97395338280248,2.88921928674349
ENSSSCG00000027903,0.073430947723518,0.917752008730286
ENSSSCG00000052916,2.8638069612172,9.82334557492788
ENSSSCG00000027013,5.65418297471088,24.0994879329546
ENSSSCG00000057525,0.844455898820457,8.93958438133575
ENSSSCG00000062952,14.8330514401506,44.0181056039156
ENSSSCG00000062738,12.8871313254774,15.2958668121714
ENSSSCG00000046648,0.220292843170554,0.441880596796064
ENSSSCG00000057246,0.807740424958698,1.59756831149346
ENSSSCG00000013649,2.57008317032313,2.10743053856584
ENSSSCG00000013862,12.6301230084451,13.5283444249872
ENSSSCG00000013861,53.7147382597534,41.1968679474484
ENSSSCG00000013860,55.9543821653207,55.3710378600606
ENSSSCG00000013859,10.060039838122,13.3923811644345
ENSSSCG00000013858,19.495916620594,19.7826544104084
ENSSSCG00000013857,29.1153707723749,36.8120527946259
ENSSSCG00000013655,13.9151645936067,10.7750883987963
ENSSSCG00000013653,0.881171372682216,0.645825487625016
ENSSSCG00000013768,22.6167318988435,29.8439356913034
ENSSSCG00000013767,5.69089844857264,7.68192422122388
ENSSSCG00000013766,26.1047019157106,20.2245350072045
ENSSSCG00000013765,11.3083659494218,12.202702634599
ENSSSCG00000045290,12.336399217551,15.4318300727241
ENSSSCG00000013764,66.9690243238484,73.3861698832848
ENSSSCG00000013763,35.0999930118416,36.8120527946259
ENSSSCG00000013762,21.7355605261613,4.11288863171721
ENSSSCG00000013761,64.3622256796635,74.6778208585348
ENSSSCG00000013760,2.82709148735544,4.24885189226984
ENSSSCG00000038911,29.3356636155454,33.5829253565008
ENSSSCG00000013856,82.2793769242019,53.3995705820474
ENSSSCG00000013855,51.0712241417067,47.8930585296657
ENSSSCG00000055450,1.79905821922619,0.101972445414476
ENSSSCG00000013853,7.52667214166059,2.41334787480927
ENSSSCG00000013848,48.133986232766,42.9983811497708
ENSSSCG00000013849,327.061441160549,151.836971222155
ENSSSCG00000013656,38.7715403980175,41.4348036534155
ENSSSCG00000013734,53.1272906779652,25.255175647652
ENSSSCG00000013733,0.220292843170554,0.407889781657905
ENSSSCG00000038776,63.3341924115342,53.8414511788435
ENSSSCG00000013727,73.2106548803474,73.9640137406334
ENSSSCG00000013726,111.321316748853,107.309003391167
ENSSSCG00000013725,71.7053204520153,81.4080022558902
ENSSSCG00000052605,0.440585686341108,0.509862227072381
ENSSSCG00000013723,22.690162846567,29.0621469431257
ENSSSCG00000013721,66.7487314806778,58.7361285587383
ENSSSCG00000013722,13.3644324856803,14.7860045850991
ENSSSCG00000013720,112.018910752227,61.8632835514489
ENSSSCG00000013647,119.251859102993,114.243129679352
ENSSSCG00000013642,10.1701862597072,18.1171044686386
ENSSSCG00000023667,101.812009018658,93.0328610331405
ENSSSCG00000028460,3.70826286003766,2.141421353704
ENSSSCG00000013645,26.0312709679871,22.3319655457703
ENSSSCG00000013644,19.8997868330734,25.9689827655533
ENSSSCG00000013643,8.15083519731049,9.00756601161207
ENSSSCG00000025838,74.5324119393707,55.3030562297843
ENSSSCG00000040763,6.86579361214893,7.71591503636204
ENSSSCG00000048417,1.6154808499174,2.17541216884216
ENSSSCG00000022738,3.26767717369655,0.54385304221054
ENSSSCG00000033816,15.1634907049065,7.40999770011861
ENSSSCG00000013670,49.6026051872364,22.1620114700795
ENSSSCG00000023331,101.004268593699,89.8377244101536
ENSSSCG00000036342,1.87248916694971,2.37935705967111
ENSSSCG00000029347,5.36045918381681,6.22031917028305
ENSSSCG00000033388,2.42322127487609,6.39027324597385
ENSSSCG00000022634,27.2795970792869,35.4864110042377
ENSSSCG00000021757,11.7856671096246,12.9505005676385
ENSSSCG00000057753,12.8504158516156,40.5850332749616
ENSSSCG00000050273,0.477301160202867,1.69954075690794
ENSSSCG00000041142,10.7209183676336,19.5447187044413
ENSSSCG00000036520,16.7789715548239,30.4217795486521
ENSSSCG00000040187,22.2495771602259,23.2837083696387
ENSSSCG00000036608,7.67353403710763,9.48343742354629
ENSSSCG00000014190,31.4284456256657,34.8745763317509
ENSSSCG00000027074,21.0012510489261,22.7398553274282
ENSSSCG00000013715,14.9064823878741,30.1158622124087
ENSSSCG00000035663,26.8022959190841,42.0806291410405
ENSSSCG00000013714,52.246119305283,22.8758185879808
ENSSSCG00000032506,20.266941571691,18.0831136535005
ENSSSCG00000022845,177.813039912499,160.912518864044
ENSSSCG00000013754,13.8050181720214,16.1456371906254
ENSSSCG00000014195,45.8209113794752,46.9413157057972
ENSSSCG00000014196,28.7482160337573,32.3592560115271
ENSSSCG00000014197,51.5852407757714,44.4259953855735
ENSSSCG00000014198,0.403870212479349,0.135963260552635
ENSSSCG00000014199,19.7529249376263,17.4032973507373
ENSSSCG00000037019,1.83577369308795,0.54385304221054
ENSSSCG00000031518,28.1974839258309,8.36174052398705
ENSSSCG00000014203,24.9298067521343,40.9589322414813
ENSSSCG00000014204,37.1560595481001,38.4436119212575
ENSSSCG00000014207,34.9164156425328,35.7243467102048
ENSSSCG00000022048,280.726513147009,247.351161760381
ENSSSCG00000026230,106.65845156841,96.9418047740288
ENSSSCG00000029860,58.194026070888,60.8775499124423
ENSSSCG00000053658,47.9504088634572,38.8854925180536
ENSSSCG00000014211,39.3957034536674,41.0948955020339
ENSSSCG00000014213,1.32175705902332,2.10743053856584
ENSSSCG00000014217,39.1386951366351,40.24512512358
ENSSSCG00000033305,2.01935106239674,1.05371526928292
ENSSSCG00000038141,4.55271875885811,4.99664982530934
ENSSSCG00000038156,219.081232533116,147.010275472537
ENSSSCG00000057522,78.4242521687172,173.387148019748
ENSSSCG00000033912,68.4376432783187,76.2074075397519
ENSSSCG00000059192,1.98263558853498,0.883761193592128
ENSSSCG00000034887,14.3557502799478,4.58876004365143
ENSSSCG00000037595,50.9610777201215,31.3735223725205
ENSSSCG00000030672,24.5993674873785,29.8099448761652
ENSSSCG00000013978,45.0131709545165,67.9136486460412
ENSSSCG00000014223,22.8003092681523,18.9328840319544
ENSSSCG00000014224,27.573320870181,29.53801835506
ENSSSCG00000013919,9.80303152108965,11.99875774377
ENSSSCG00000054395,0.73430947723518,1.69954075690794
ENSSSCG00000025329,29.8863957234718,24.5753593448888
ENSSSCG00000051889,0.550732107926385,1.08770608442108
ENSSSCG00000027840,90.2466347522036,64.3786038716727
ENSSSCG00000050595,9.06872204385447,3.53504477436851
ENSSSCG00000042913,0.440585686341108,0.203944890828953
ENSSSCG00000013928,4.4792878111346,7.10408036387518
ENSSSCG00000039301,161.291076674707,181.952833434564
ENSSSCG00000057006,6.16819960877551,7.27403443956597
ENSSSCG00000052468,0.440585686341108,2.44733868994743
ENSSSCG00000055540,0.293723790894072,0.747797933039493
ENSSSCG00000055150,0.771024951096939,0.849770378453969
ENSSSCG00000060033,0.073430947723518,2.85522847160534
ENSSSCG00000057212,4.55271875885811,5.50651205238172
ENSSSCG00000019323,0.771024951096939,0.577843857348699
ENSSSCG00000013915,24.0853508533139,24.9492583114085
ENSSSCG00000013913,12.4465456391363,11.1489873653161
ENSSSCG00000013911,21.8089914738848,17.777196317257
ENSSSCG00000013909,1.72562727150267,0.407889781657905
ENSSSCG00000040666,38.8816868196028,40.0071894176128
ENSSSCG00000013940,1.17489516357629,1.08770608442108
ENSSSCG00000036756,26.6187185497753,26.1049460261059
ENSSSCG00000035650,77.8735200607908,62.0332376271397
ENSSSCG00000057247,2.75366053963192,7.24004362442781
ENSSSCG00000029724,1098.15982320521,658.402089226135
ENSSSCG00000032836,77.9102355346526,78.2808472631796
ENSSSCG00000037835,2.97395338280248,7.95385074232915
ENSSSCG00000025900,61.3515568229993,60.7075958367515
ENSSSCG00000013901,31.9791777335921,9.99329965061867
ENSSSCG00000013900,70.7507181316096,66.2820895194096
ENSSSCG00000013895,28.2709148735544,38.0697129547378
ENSSSCG00000013893,21.9191378954701,42.3525556621458
ENSSSCG00000013892,0.36715473861759,0.679816302763175
ENSSSCG00000013891,31.5018765733892,36.7440711643496
ENSSSCG00000028567,2.38650580101433,1.08770608442108
ENSSSCG00000014539,21.9191378954701,26.3768725472112
ENSSSCG00000014538,127.292547878718,105.40551774343
ENSSSCG00000013930,62.3428746172668,57.0705786169685
ENSSSCG00000013931,15.3470680742153,27.838477598152
ENSSSCG00000013932,9.36244583474854,26.546826622902
ENSSSCG00000013933,5.50732107926385,23.2837083696387
ENSSSCG00000013934,8.04068877572522,26.2749001017967
ENSSSCG00000013935,0.073430947723518,6.32229161569753
ENSSSCG00000056961,65.0965351568987,65.1264018047122
ENSSSCG00000013938,86.7219492614747,85.1809827362258
ENSSSCG00000021664,95.5336629882969,117.302303041786
ENSSSCG00000036970,49.2721659224806,46.1595269576196
ENSSSCG00000048260,2.49665222259961,2.44733868994743
ENSSSCG00000034062,9.80303152108965,2.141421353704
ENSSSCG00000022661,33.8516669005418,34.7046222560601
ENSSSCG00000014073,47.4731077032544,13.698298500678
ENSSSCG00000013752,21.7722760000231,24.4733868994743
ENSSSCG00000014074,8.99529109613095,10.5031618776911
ENSSSCG00000013751,34.4758299561917,35.4184293739614
ENSSSCG00000013744,35.1734239595651,41.7407209896589
ENSSSCG00000024549,4.77301160202867,4.62275085878959
ENSSSCG00000013742,53.6045918381681,64.0726865354293
ENSSSCG00000014075,126.337945558313,108.430700290726
ENSSSCG00000034569,27.3163125531487,27.0566888499744
ENSSSCG00000014076,23.0206021113229,32.5971917174942
ENSSSCG00000013747,50.5939229815039,43.1003535951853
ENSSSCG00000034859,9.58273867791909,10.6391251382437
ENSSSCG00000014072,9.17886846543974,12.7805464919477
ENSSSCG00000013746,2171.09611586739,481.445905616881
ENSSSCG00000014101,63.1873305160872,52.9916808003895
ENSSSCG00000013745,52.9437133086564,46.4994351090012
ENSSSCG00000013740,0.550732107926385,0.679816302763175
ENSSSCG00000013729,31.7221694165598,35.6563650799285
ENSSSCG00000013638,230.683322273432,228.35029609815
ENSSSCG00000013637,5.94790676560496,5.26857634641461
ENSSSCG00000013630,104.528954084428,91.0274029399891
ENSSSCG00000038623,8.81171372682216,8.63366704509232
ENSSSCG00000013632,2.64351411804665,1.76752238718426
ENSSSCG00000013633,19.1654773558382,22.1960022852177
ENSSSCG00000053292,436.436837794729,249.560564744362
ENSSSCG00000013905,243.717315494356,232.871074511526
ENSSSCG00000040181,42.8469579966727,70.3609873359886
ENSSSCG00000013634,69.2820991771392,53.9774144393961
ENSSSCG00000040524,216.841588627549,929.512830768089
ENSSSCG00000014081,12.3731146914128,38.5795751818102
ENSSSCG00000025955,77.7633736392055,97.3157037405485
ENSSSCG00000013635,24.9298067521343,25.051230756823
ENSSSCG00000013629,142.529469531348,93.4407508147984
ENSSSCG00000036963,3.4879700168671,2.41334787480927
ENSSSCG00000014082,20.6340963103085,32.5632009023561
ENSSSCG00000034260,0.807740424958698,0.577843857348699
ENSSSCG00000039684,27.7568982394898,33.4809529110864
ENSSSCG00000034314,45.4904721147194,33.1410447597048
ENSSSCG00000031657,128.834597780912,91.7412100578905
ENSSSCG00000053451,0.844455898820457,1.22366934497372
ENSSSCG00000013902,24.9665222259961,20.7343972342768
ENSSSCG00000014091,19.0553309342529,30.82966933031
ENSSSCG00000036363,3.81840928162293,4.21486107713169
ENSSSCG00000014092,0.991317794267492,0.577843857348699
ENSSSCG00000014093,0.293723790894072,1.35963260552635
ENSSSCG00000028512,129.165037045668,101.462583187404
ENSSSCG00000014094,37.0826286003766,37.6278323579417
ENSSSCG00000050058,0.220292843170554,0.339908151381588
ENSSSCG00000032994,49.6760361349599,49.0147554292249
ENSSSCG00000014097,22.2495771602259,16.0776555603491
ENSSSCG00000013897,10.9412112108042,10.061281280895
ENSSSCG00000014000,4.07541759865525,3.39908151381588
ENSSSCG00000035985,34.3656835346064,32.5632009023561
ENSSSCG00000033444,1.54204990219388,0.339908151381588
ENSSSCG00000039194,124.318594495916,135.623352401253
ENSSSCG00000013896,25.1868150691667,14.8199954002372
ENSSSCG00000032131,1.02803326812925,0.0679816302763175
ENSSSCG00000038604,378.940405727214,129.77693219749
ENSSSCG00000016928,7.85711140641642,4.92866819503302
ENSSSCG00000014083,3.30439264755831,4.89467737989486
ENSSSCG00000013622,42.957104418258,42.2505832167313
ENSSSCG00000023658,7.23294835076652,7.54596096067124
ENSSSCG00000014084,36.5318964924502,32.6991641629087
ENSSSCG00000013620,10.206901733569,8.66765786023048
ENSSSCG00000036310,18.9451845126676,19.0348564773689
ENSSSCG00000039659,13.9151645936067,11.7268312226648
ENSSSCG00000045953,19.5693475683175,19.9865993012373
ENSSSCG00000051837,19.7896404114881,15.2618759970333
ENSSSCG00000037146,8.81171372682216,11.0470149199016
ENSSSCG00000013618,0.440585686341108,0.305917336243429
ENSSSCG00000044084,14.9799133355977,13.3583903492964
ENSSSCG00000014100,82.2059459764784,61.6253478454818
ENSSSCG00000013625,19.6794939899028,18.1510952837768
ENSSSCG00000014066,2.12949748398202,0.679816302763175
ENSSSCG00000030351,4.33242591568756,5.4385304221054
ENSSSCG00000014067,0.73430947723518,0.101972445414476
ENSSSCG00000014071,258.62379788223,275.937437291573
ENSSSCG00000033168,25.2235305430284,29.8099448761652
ENSSSCG00000014070,18.5045988263265,18.7629299562636
ENSSSCG00000014068,19.1654773558382,20.2245350072045
ENSSSCG00000013927,12.7402694300304,20.2925166374808
ENSSSCG00000028317,18.6514607217736,26.4448541774875
ENSSSCG00000049430,12.6301230084451,10.3671986171384
ENSSSCG00000034795,63.9216399933224,48.9127829838104
ENSSSCG00000028536,74.8628512041266,69.7491526635018
ENSSSCG00000025839,168.891179764091,215.977639387861
ENSSSCG00000038535,20.0466487285204,16.5195361571452
ENSSSCG00000031590,1.90920464081147,3.05917336243429
ENSSSCG00000043957,82.4262388196489,74.5418575979821
ENSSSCG00000013627,294.93540153151,169.988066505932
ENSSSCG00000013616,20.6340963103085,23.113754293948
ENSSSCG00000013615,33.9250978482653,30.9996234060008
ENSSSCG00000040919,2.97395338280248,0.475871411934223
ENSSSCG00000013614,1105.79664176846,1317.2800498642
ENSSSCG00000013613,70.2734169714067,76.649288136548
ENSSSCG00000048276,0.624163055649903,0.101972445414476
ENSSSCG00000032282,4.73629612816691,2.65128358077638
ENSSSCG00000014108,1.02803326812925,0.135963260552635
ENSSSCG00000013115,0.550732107926385,0.781788748177651
ENSSSCG00000013735,17.6968584013678,17.6412330567044
ENSSSCG00000061158,9.69288509950437,10.1972445414476
ENSSSCG00000057097,10.6842028937719,11.8967852983556
ENSSSCG00000061215,6.60878529511662,8.53169459967785
ENSSSCG00000048773,0.73430947723518,1.97146727801321
ENSSSCG00000049971,1.06474874199101,1.22366934497372
ENSSSCG00000059883,0.36715473861759,1.35963260552635
ENSSSCG00000059382,0.403870212479349,0.27192652110527
ENSSSCG00000061691,0.624163055649903,0.339908151381588
ENSSSCG00000058229,0.36715473861759,1.32564179038819
ENSSSCG00000013753,32.4931943676567,26.5808174380401
ENSSSCG00000023739,0.73430947723518,1.1556877146974
ENSSSCG00000058266,0.146861895447036,0.475871411934223
ENSSSCG00000051583,0.550732107926385,0.407889781657905
ENSSSCG00000055092,20.5973808364468,22.1620114700795
ENSSSCG00000060995,2.71694506577016,10.5031618776911
ENSSSCG00000054319,5.1034508667845,7.51197014553308
ENSSSCG00000042811,2.2396439055673,3.2971090684014
ENSSSCG00000056178,5.83776034401968,6.96811710332254
ENSSSCG00000049610,9.76631604722789,8.7356394905068
ENSSSCG00000044985,1.02803326812925,1.7335315720461
ENSSSCG00000053460,0.550732107926385,0.135963260552635
ENSSSCG00000055823,0.330439264755831,1.05371526928292
ENSSSCG00000019671,0.183577369308795,0.441880596796064
ENSSSCG00000013906,57.5698630152381,50.2724155893368
ENSSSCG00000040706,78.9382688027818,99.5251067245288
ENSSSCG00000013276,11.7856671096246,13.2564179038819
ENSSSCG00000013650,103.794644607193,85.0790102908114
ENSSSCG00000033998,4.95658897133746,3.67100803492115
ENSSSCG00000040698,16.1915239730357,14.9559586607899
ENSSSCG00000013273,6.3517769780843,1.7335315720461
ENSSSCG00000035028,30.4004123575364,30.8976509605863
ENSSSCG00000029468,0.771024951096939,1.08770608442108
ENSSSCG00000029059,194.73887336277,199.967965457788
ENSSSCG00000031274,2.16621295784378,1.69954075690794
ENSSSCG00000050458,16.8156870286856,6.15233754000673
ENSSSCG00000013145,32.6767717369655,4.92866819503302
ENSSSCG00000033703,28.3443458212779,4.55476922851327
ENSSSCG00000014039,8.99529109613095,10.061281280895
ENSSSCG00000013147,11.6755206880394,3.43307232895403
ENSSSCG00000013148,1.28504158516156,0
ENSSSCG00000031819,221.431022860268,117.472257117477
ENSSSCG00000014040,259.431538307189,132.802114744786
ENSSSCG00000013278,44.6093007420372,38.4096211061194
ENSSSCG00000014041,12.9238467993392,12.9844913827766
ENSSSCG00000031182,121.234494691528,107.037076870062
ENSSSCG00000036359,0.954602320405733,0.849770378453969
ENSSSCG00000014044,59.7727914469436,54.589249111883
ENSSSCG00000031442,7.30637929849004,9.17752008730286
ENSSSCG00000037892,0.991317794267492,0.135963260552635
ENSSSCG00000014047,3.63483191231414,22.8418277728427
ENSSSCG00000014046,27.3530280270104,24.4393960843361
ENSSSCG00000033260,0.403870212479349,0.305917336243429
ENSSSCG00000022508,43.3242591568756,53.1276440609421
ENSSSCG00000012874,41.0478997774465,41.1288863171721
ENSSSCG00000035585,20.0466487285204,11.0470149199016
ENSSSCG00000014048,27.6834672917663,29.6399908004744
ENSSSCG00000037900,36.3483191231414,103.57001372597
ENSSSCG00000031769,283.847328425259,193.203793245294
ENSSSCG00000014049,7.9672578280017,14.140179097474
ENSSSCG00000014063,34.8062692209475,25.255175647652
ENSSSCG00000014051,20.1935106239674,19.5787095195794
ENSSSCG00000014052,0.587447581788144,1.18967852983556
ENSSSCG00000014053,0.330439264755831,0.645825487625016
ENSSSCG00000014055,0.330439264755831,0.611834672486858
ENSSSCG00000014056,48.9417266577247,61.2514488789621
ENSSSCG00000014057,63.370907885396,62.305164148245
ENSSSCG00000013181,214.051212614055,135.963260552635
ENSSSCG00000054091,54.6693405801591,70.2930057057123
ENSSSCG00000012844,23.3877568499405,48.5388840172907
ENSSSCG00000029179,49.8963289781305,50.6123237407184
ENSSSCG00000023379,38.4411011332617,21.1422870159347
ENSSSCG00000014058,18.2475905092942,19.2048105530597
ENSSSCG00000029985,33.0072110017213,29.7419632458889
ENSSSCG00000014060,107.649769362677,104.929646331496
ENSSSCG00000049665,0.403870212479349,1.86949483259873
ENSSSCG00000032364,23.1307485329082,23.6915981512966
ENSSSCG00000013176,49.1620195008953,50.1704431439223
ENSSSCG00000012843,13.1808551163715,9.7213731295134
ENSSSCG00000013177,25.8109781248166,23.8275614118493
ENSSSCG00000013178,63.1506150422254,53.0256716155277
ENSSSCG00000012842,467.277835838607,321.111230610186
ENSSSCG00000014062,6.20491508263727,9.27949253271734
ENSSSCG00000029521,56.6886916425559,63.3248886023898
ENSSSCG00000014061,12.2262527959657,14.344123988303
ENSSSCG00000012836,158.42726971349,132.73413311451
ENSSSCG00000029096,1.17489516357629,0.305917336243429
ENSSSCG00000014112,4.00198665093173,6.83215384276991
ENSSSCG00000014113,14.8697669140124,15.7717382241057
ENSSSCG00000040088,1.65219632377915,0.917752008730286
ENSSSCG00000059180,9.25229941316326,5.8464202037633
ENSSSCG00000021176,2.49665222259961,1.18967852983556
ENSSSCG00000012940,31.9424622597303,38.6475568120865
ENSSSCG00000012939,34.0352442698506,30.82966933031
ENSSSCG00000012950,12.4465456391363,10.4351802474147
ENSSSCG00000013174,281.534253571968,325.733981468975
ENSSSCG00000047415,5.39717465767857,5.09862227072381
ENSSSCG00000012835,0.624163055649903,0.475871411934223
ENSSSCG00000014114,46.5552208567104,73.6241055892519
ENSSSCG00000026098,0.917886846543975,3.1271549927106
ENSSSCG00000038364,30.5472742529835,33.0730631294285
ENSSSCG00000037847,39.3957034536674,36.2681997524154
ENSSSCG00000032911,7.01265550759596,3.02518254729613
ENSSSCG00000014116,17.366419136612,25.051230756823
ENSSSCG00000013263,24.8196603305491,18.6609575108492
ENSSSCG00000012871,0.660878529511662,0.0679816302763175
ENSSSCG00000039556,33.3376502664772,25.1871940173756
ENSSSCG00000014117,22.0659997909171,4.55476922851327
ENSSSCG00000012847,153.911266428494,119.579687656042
ENSSSCG00000012846,76.3681856324587,74.507866782844
ENSSSCG00000012845,2.12949748398202,1.69954075690794
ENSSSCG00000012943,26.6187185497753,27.3286153710796
ENSSSCG00000013473,2.90052243507896,1.66554994176978
ENSSSCG00000029279,55.7708047960119,62.2031917028305
ENSSSCG00000038304,76.6986248972145,89.2598805528049
ENSSSCG00000058325,112.422780964706,128.553262852516
ENSSSCG00000038008,76.478332054044,101.734509708509
ENSSSCG00000013448,74.1285417268914,109.790332896253
ENSSSCG00000012934,17.0726953457179,20.3944890828953
ENSSSCG00000032085,37.1927750219619,40.6530149052379
ENSSSCG00000040461,3.56140096459062,1.63155912663162
ENSSSCG00000012855,1.46861895447036,0.509862227072381
ENSSSCG00000021597,1.72562727150267,0.951742823868445
ENSSSCG00000032265,104.125083871948,129.165097525003
ENSSSCG00000060622,48.7214338145542,12.6105924162569
ENSSSCG00000028995,16.2649549207592,8.76963030564496
ENSSSCG00000032436,34.732838273224,46.1255361424814
ENSSSCG00000038912,214.712091143567,117.064367335819
ENSSSCG00000014565,84.6658827252162,88.5120826197654
ENSSSCG00000013102,0.991317794267492,0.237935705967111
ENSSSCG00000051873,0.514016634064626,0.203944890828953
ENSSSCG00000013100,1.10146421585277,0.917752008730286
ENSSSCG00000034506,0.917886846543975,0.54385304221054
ENSSSCG00000038067,0.514016634064626,0.339908151381588
ENSSSCG00000032591,16.7055406071003,18.8649024016781
ENSSSCG00000014119,122.51953627669,116.656477554161
ENSSSCG00000014121,61.9022889309256,65.5682824015082
ENSSSCG00000014123,29.6661028803013,19.4087554438886
ENSSSCG00000013118,16.8524025025474,17.4712789810136
ENSSSCG00000014124,0.36715473861759,0.407889781657905
ENSSSCG00000033780,23.461187797664,36.7440711643496
ENSSSCG00000031117,5.9111912917432,4.65674167392775
ENSSSCG00000013119,31.3182992040804,31.2035682968297
ENSSSCG00000014126,10.3904791028778,9.44944660840813
ENSSSCG00000014127,11.0880731062512,8.63366704509232
ENSSSCG00000014128,1.06474874199101,5.8464202037633
ENSSSCG00000014129,16.5953941855151,12.4066475254279
ENSSSCG00000013490,51.952395514389,53.9094328091198
ENSSSCG00000051760,1.13817968971453,1.32564179038819
ENSSSCG00000036095,0.220292843170554,1.01972445414476
ENSSSCG00000027302,25.0399531737196,32.767145793185
ENSSSCG00000035757,25.8109781248166,29.5040275399218
ENSSSCG00000024389,19.6794939899028,28.5862755311915
ENSSSCG00000013124,53.8983156290622,51.0202135223763
ENSSSCG00000025210,9.91317794267492,9.55141905382261
ENSSSCG00000012963,81.0310508129021,81.2380481801994
ENSSSCG00000013125,101.885439966381,81.78190122241
ENSSSCG00000013591,23.7549115885581,26.0709552109678
ENSSSCG00000014054,1.39518800674684,2.48132950508559
ENSSSCG00000053124,0.220292843170554,1.42761423580267
ENSSSCG00000051369,2.82709148735544,2.78724684132902
ENSSSCG00000055755,0.36715473861759,0.339908151381588
ENSSSCG00000061630,2.90052243507896,0.509862227072381
ENSSSCG00000054707,0.550732107926385,0
ENSSSCG00000052587,0.881171372682216,1.52958668121714
ENSSSCG00000012969,72.9536465633151,73.4201606984229
ENSSSCG00000060025,54.7060560540209,9.85733639006604
ENSSSCG00000057683,19.4592011467323,18.9668748470926
ENSSSCG00000012970,3.34110812142007,3.39908151381588
ENSSSCG00000036220,88.8514467454567,77.8389666663835
ENSSSCG00000028612,452.040914185977,190.382555588827
ENSSSCG00000054089,1.13817968971453,2.65128358077638
ENSSSCG00000042189,1.13817968971453,1.7335315720461
ENSSSCG00000062596,0.183577369308795,0.781788748177651
ENSSSCG00000012964,0.403870212479349,0.475871411934223
ENSSSCG00000012971,64.6559494705576,59.7898438280212
ENSSSCG00000012973,25.3336769646137,45.3777382094419
ENSSSCG00000012974,518.312344506451,551.05909501983
ENSSSCG00000028762,19.2389083035617,14.2761423580267
ENSSSCG00000040329,0.697594003373421,0.0679816302763175
ENSSSCG00000014098,10.206901733569,7.51197014553308
ENSSSCG00000061941,29.1888017200984,22.1280206549413
ENSSSCG00000013281,25.0766686475814,16.5535269722833
ENSSSCG00000012975,10.6842028937719,7.54596096067124
ENSSSCG00000013282,11.3450814232835,12.3386658951516
ENSSSCG00000057793,4.58943423271987,4.52077841337511
ENSSSCG00000021739,72.8802156155916,52.6857634641461
ENSSSCG00000013284,46.0412042226458,43.2363168557379
ENSSSCG00000013285,104.675815979875,97.7915751524827
ENSSSCG00000024569,18.284305983156,28.042422488981
ENSSSCG00000037427,58.5978962833673,60.1977336096792
ENSSSCG00000032010,119.472151946164,122.128998791404
ENSSSCG00000031513,21.1848284182349,36.1662273070009
ENSSSCG00000027045,102.509603022031,116.078633696812
ENSSSCG00000023709,36.5686119663119,52.3798461279026
ENSSSCG00000030137,4.88315802361394,8.7356394905068
ENSSSCG00000029035,13.6214408027126,16.0436647452109
ENSSSCG00000013223,18.0272976661237,29.3680642793692
ENSSSCG00000013589,20.266941571691,25.7650378747243
ENSSSCG00000040598,7.85711140641642,10.5711435079674
ENSSSCG00000013588,58.340887966335,46.2614994030341
ENSSSCG00000012854,25.1500995953049,16.7234810479741
ENSSSCG00000013586,22.1027152647789,19.1028381076452
ENSSSCG00000013584,78.2406747994084,103.434050465417
ENSSSCG00000013585,45.1233173761018,44.7998943520932
ENSSSCG00000014556,64.3255102058017,76.2753891700282
ENSSSCG00000014557,52.1726883575595,69.0013547304623
ENSSSCG00000014558,48.2441326543513,58.668146928462
ENSSSCG00000013579,3.12081527824951,0.27192652110527
ENSSSCG00000013573,41.8556402024052,48.9467737989486
ENSSSCG00000013576,89.3654633795214,58.2602571468041
ENSSSCG00000014559,94.2486214031353,78.586764599423
ENSSSCG00000031487,13.6948717504361,7.30802525470413
ENSSSCG00000036244,0.330439264755831,0.407889781657905
ENSSSCG00000014561,2.68022959190841,1.7335315720461
ENSSSCG00000012875,26.7655804452223,30.2178346578231
ENSSSCG00000025023,61.6819960877551,64.5825487625016
ENSSSCG00000034441,61.1679794536905,77.2271319938967
ENSSSCG00000012878,28.9685088769278,37.1179701308694
ENSSSCG00000012879,17.3297036627502,21.2782502764874
ENSSSCG00000036537,95.1665082496793,60.6736050216134
ENSSSCG00000012880,68.9516599123834,36.1662273070009
ENSSSCG00000034876,14.2823193322242,13.1884362736056
ENSSSCG00000013582,52.8702823609329,57.1045694321067
ENSSSCG00000037451,107.099037254751,119.681660101457
ENSSSCG00000054981,41.4150545160641,46.4314534787249
ENSSSCG00000013476,18.5045988263265,35.3504477436851
ENSSSCG00000024158,76.2580392108734,32.325265196389
ENSSSCG00000013475,49.8228980304069,41.6047577291063
ENSSSCG00000012882,4.2957104418258,2.41334787480927
ENSSSCG00000013583,45.7841959056135,50.748287001271
ENSSSCG00000013467,70.1999860236832,59.6878713826068
ENSSSCG00000022380,24.4157901180697,18.1510952837768
ENSSSCG00000013554,29.0786552985131,32.0193478601455
ENSSSCG00000013246,29.3356636155454,23.113754293948
ENSSSCG00000013552,53.6413073120299,53.5695246577382
ENSSSCG00000013248,73.8348179359973,22.5699012517374
ENSSSCG00000013551,327.685604216199,139.634268587556
ENSSSCG00000013249,93.2573036088678,68.3215384276991
ENSSSCG00000013252,4.77301160202867,3.94293455602642
ENSSSCG00000023097,18.284305983156,20.3265074526189
ENSSSCG00000013256,197.308956533093,229.09809403119
ENSSSCG00000013257,90.8340823339917,78.3148380783178
ENSSSCG00000033452,2.12949748398202,0.781788748177651
ENSSSCG00000013572,109.301965686456,110.538130829292
ENSSSCG00000013258,9.69288509950437,8.1577956331581
ENSSSCG00000013262,54.8529179494679,72.9782801016268
ENSSSCG00000013260,263.066370219503,260.675561294539
ENSSSCG00000013259,152.552793895609,118.797898907865
ENSSSCG00000013570,19.7896404114881,20.4624707131716
ENSSSCG00000029236,33.1907883710301,40.8229689809287
ENSSSCG00000022066,21.9558533693319,24.5413685297506
ENSSSCG00000050591,0.587447581788144,0.611834672486858
ENSSSCG00000025078,58.7447581788144,59.4499356766397
ENSSSCG00000013569,11.8590980573482,11.3189414410069
ENSSSCG00000013568,52.6499895177624,76.5813065062717
ENSSSCG00000032557,3.85512475548469,28.042422488981
ENSSSCG00000033759,3.4879700168671,2.41334787480927
ENSSSCG00000040421,104.602385032151,95.8201078744695
ENSSSCG00000026169,42.957104418258,50.0004890682315
ENSSSCG00000013481,67.62990285336,72.2304821685873
ENSSSCG00000052588,0.660878529511662,1.69954075690794
ENSSSCG00000056332,11.6388052141776,0.951742823868445
ENSSSCG00000054768,2.2396439055673,1.01972445414476
ENSSSCG00000043447,4.07541759865525,1.49559586607899
ENSSSCG00000043766,5.87447581788144,5.4385304221054
ENSSSCG00000050951,6.68221624284013,2.24339379911848
ENSSSCG00000056149,1.28504158516156,0.849770378453969
ENSSSCG00000038924,1.4319034806086,2.3113754293948
ENSSSCG00000013478,10.060039838122,10.2312353565858
ENSSSCG00000059500,35.3937168027357,39.1234282240207
ENSSSCG00000058940,3.01066885666424,3.46706314409219
ENSSSCG00000036792,5.54403655312561,3.84096211061194
ENSSSCG00000034545,5.25031276223153,5.30256716155277
ENSSSCG00000013471,5.50732107926385,3.8749529257501
ENSSSCG00000039774,3.89184022934645,5.23458553127645
ENSSSCG00000013469,3.23096169983479,5.81242938862515
ENSSSCG00000038635,5.94790676560496,7.37600688498045
ENSSSCG00000013155,110.807300114789,91.2313478308181
ENSSSCG00000013468,26.6187185497753,29.0961377582639
ENSSSCG00000040937,34.6594073255005,21.7541216884216
ENSSSCG00000012841,53.0905752041035,53.1956256912184
ENSSSCG00000023933,26.0679864418489,22.6378828820137
ENSSSCG00000012840,125.897359871972,239.703228354296
ENSSSCG00000059584,34.4023990084682,33.5149437262245
ENSSSCG00000012838,10.4639100506013,8.49770378453969
ENSSSCG00000013513,4.66286518044339,2.07343972342768
ENSSSCG00000012837,229.434996162132,103.739967801661
ENSSSCG00000013512,41.0111843035848,61.2854396941002
ENSSSCG00000013511,63.4076233592578,59.7218621977449
ENSSSCG00000013510,61.3148413491375,57.6824132894554
ENSSSCG00000013509,7.26966382462828,4.01091618630273
ENSSSCG00000013508,84.2987279865986,76.3433708003046
ENSSSCG00000013507,40.2768748263496,52.5498002035934
ENSSSCG00000013506,4.80972707589043,8.46371296940153
ENSSSCG00000013505,0.514016634064626,0.101972445414476
ENSSSCG00000013503,1.57876537605564,1.25766016011187
ENSSSCG00000013499,15.6775073389711,15.7717382241057
ENSSSCG00000013566,19.6060630421793,30.1158622124087
ENSSSCG00000040016,2.93723790894072,1.08770608442108
ENSSSCG00000033033,68.0337730658394,84.0932766518048
ENSSSCG00000012956,70.9710109747801,62.6450722996266
ENSSSCG00000013553,35.5038632243209,23.8955430421256
ENSSSCG00000029723,87.3461123171246,94.2905211932524
ENSSSCG00000013462,2.16621295784378,0.713807117901334
ENSSSCG00000013461,0.660878529511662,0.407889781657905
ENSSSCG00000013460,463.128987292228,320.805313273942
ENSSSCG00000013457,50.116621821301,52.7537450944224
ENSSSCG00000013453,41.7822092546817,41.5707669139682
ENSSSCG00000035812,1.39518800674684,2.17541216884216
ENSSSCG00000040157,245.075788027241,195.651131935242
ENSSSCG00000012853,29.2989481416837,17.1993524599083
ENSSSCG00000012852,2.01935106239674,2.51532032022375
ENSSSCG00000013455,9.65616962564261,18.4570126200202
ENSSSCG00000032366,23.7916270624198,23.6236165210203
ENSSSCG00000013498,0.881171372682216,1.69954075690794
ENSSSCG00000013497,14.9799133355977,17.5392606112899
ENSSSCG00000013496,9.80303152108965,13.3923811644345
ENSSSCG00000012850,28.3443458212779,37.4918690973891
ENSSSCG00000044406,37.8169380776118,32.2912743812508
ENSSSCG00000012848,99.315356796058,65.2623650652648
ENSSSCG00000027127,118.297256782587,103.026160683759
ENSSSCG00000037337,0.917886846543975,0.883761193592128
ENSSSCG00000012942,0.73430947723518,0.203944890828953
ENSSSCG00000014030,5.58075202698736,4.4527967830988
ENSSSCG00000014031,105.850711143451,114.583037830733
ENSSSCG00000012941,0.991317794267492,1.49559586607899
ENSSSCG00000039635,6.64550076897838,7.40999770011861
ENSSSCG00000014033,40.2034438786261,56.4247531293435
ENSSSCG00000014034,16.7789715548239,20.972332940244
ENSSSCG00000038918,171.681555777585,150.545320246905
ENSSSCG00000014035,43.6546984216314,41.8766842502116
ENSSSCG00000038323,0.991317794267492,0.747797933039493
ENSSSCG00000014036,152.773086738779,74.7458024888111
ENSSSCG00000014037,0.477301160202867,0.883761193592128
ENSSSCG00000014038,61.3148413491375,91.2653386459562
ENSSSCG00000032642,56.2848214300765,57.9203489954225
ENSSSCG00000013444,109.99955968983,126.003951717154
ENSSSCG00000013445,97.4795831029701,85.6228633330219
ENSSSCG00000063429,0.624163055649903,0.237935705967111
ENSSSCG00000013446,78.8648378550583,89.0559356619759
ENSSSCG00000038810,3.34110812142007,4.65674167392775
ENSSSCG00000013442,80.1865949140816,84.9430470302587
ENSSSCG00000024672,33.0806419494448,41.1288863171721
ENSSSCG00000040793,244.782064236347,186.847510814459
ENSSSCG00000040624,60.0665152378377,76.6832789516861
ENSSSCG00000013440,6.13148413491375,4.69073248906591
ENSSSCG00000021891,63.0404686206402,40.2111343084418
ENSSSCG00000040416,109.815982320521,123.556613027207
ENSSSCG00000030415,29.9598266711953,20.5984339737242
ENSSSCG00000025675,2674.83241725073,1634.78825406975
ENSSSCG00000032170,73.1005084587621,52.889708354975
ENSSSCG00000012944,4.2957104418258,6.90013547304623
ENSSSCG00000013495,27.3530280270104,20.7343972342768
ENSSSCG00000013494,9.06872204385447,8.70164867536864
ENSSSCG00000032429,2.34979032715257,2.92321010188165
ENSSSCG00000024242,43.6914138954932,33.3789804656719
ENSSSCG00000013492,13.3644324856803,14.2081607277504
ENSSSCG00000013491,60.6539628196258,72.8763076562124
ENSSSCG00000013464,83.8948577741193,97.8935475978972
ENSSSCG00000013463,18.9451845126676,19.7826544104084
ENSSSCG00000024570,112.312634543121,74.7797933039493
ENSSSCG00000012957,273.64042669169,253.061618703592
ENSSSCG00000013517,12.0059599527952,7.64793340608572
ENSSSCG00000028015,1.17489516357629,1.35963260552635
ENSSSCG00000012959,12.8871313254774,4.41880596796064
ENSSSCG00000012960,184.458540681477,90.2456141918115
ENSSSCG00000012961,147.522773976548,178.077880508814
ENSSSCG00000027334,52.4296966745918,51.7340206402776
ENSSSCG00000035293,38.2575237639529,22.0260482095269
ENSSSCG00000038954,43.2875436830138,58.9400734495673
ENSSSCG00000024771,25.5539698077843,24.5753593448888
ENSSSCG00000026063,51.6219562496331,34.5006773652311
ENSSSCG00000034898,82.6832471366812,47.8250768993894
ENSSSCG00000034615,101.738578070934,90.2456141918115
ENSSSCG00000035176,4.62614970658163,5.37054879182908
ENSSSCG00000038013,8.7749982529604,8.80362112078312
ENSSSCG00000033949,50.5572075076421,58.9060826344291
ENSSSCG00000022689,46.4450744351251,10.8090792139345
ENSSSCG00000026784,30.8042825700158,34.1267783987114
ENSSSCG00000022757,31.6487384688362,41.1288863171721
ENSSSCG00000028363,2.0560665362585,2.88921928674349
ENSSSCG00000026994,21.2582593659584,16.1456371906254
ENSSSCG00000012965,85.1431838854191,87.7302938715877
ENSSSCG00000013604,6.20491508263727,4.18087026199353
ENSSSCG00000012966,41.3049080944789,36.1322364918628
ENSSSCG00000040507,461.843945707066,491.167278746394
ENSSSCG00000024810,28.6747850860338,21.6861400581453
ENSSSCG00000060035,21.7722760000231,17.1993524599083
ENSSSCG00000013602,253.924217227925,214.618006782334
ENSSSCG00000013601,17.8437202968149,23.1817359242243
ENSSSCG00000013600,141.09756605074,126.751749650194
ENSSSCG00000013599,6.79236266442541,7.44398851525677
ENSSSCG00000013598,16.5953941855151,11.1829781804542
ENSSSCG00000013597,375.489151184209,297.521604904304
ENSSSCG00000041220,40.056581983179,27.0566888499744
ENSSSCG00000032833,285.609671170623,67.5397496795214
ENSSSCG00000013595,19.0920464081147,37.1179701308694
ENSSSCG00000013594,0.587447581788144,0.339908151381588
ENSSSCG00000013593,3.74497833389942,3.19513662298692
ENSSSCG00000013592,143.263779008584,122.366934497372
ENSSSCG00000029637,138.343905511108,145.888578572977
ENSSSCG00000022726,12.8137003777539,12.5426107859806
ENSSSCG00000024837,15.0166288094594,3.36509069867772
ENSSSCG00000012926,15.6775073389711,7.0021079184607
ENSSSCG00000039360,4.73629612816691,4.55476922851327
ENSSSCG00000012927,19.2021928296999,18.3890309897439
ENSSSCG00000029902,1.24832611129981,1.32564179038819
ENSSSCG00000038508,9.36244583474854,13.2904087190201
ENSSSCG00000033880,3.96527117706997,2.65128358077638
ENSSSCG00000039243,477.007436411973,379.983322429477
ENSSSCG00000036015,28.1974839258309,28.2463673798099
ENSSSCG00000039644,0.954602320405733,0.883761193592128
ENSSSCG00000022370,0.440585686341108,0.475871411934223
ENSSSCG00000031459,79.1218461720906,103.705976986522
ENSSSCG00000013545,1.83577369308795,1.1556877146974
ENSSSCG00000012889,29.4825255109925,36.5401262735207
ENSSSCG00000012890,38.9551177673263,37.4238874671128
ENSSSCG00000037455,48.905011183863,53.3995705820474
ENSSSCG00000028501,78.8648378550583,86.8125418628575
ENSSSCG00000012893,16.2649549207592,38.1376945850141
ENSSSCG00000013546,1.35847253288508,1.08770608442108
ENSSSCG00000051897,52.2828347791448,29.979898951856
ENSSSCG00000013550,59.8095069208054,72.2304821685873
ENSSSCG00000012884,113.707822549868,117.336293856924
ENSSSCG00000032785,2.93723790894072,3.36509069867772
ENSSSCG00000013538,190.590024816391,159.654858703932
ENSSSCG00000012885,85.7306314672072,99.9669873213249
ENSSSCG00000012886,50.9243622462597,24.7453134205796
ENSSSCG00000012856,140.767126785984,132.054316811747
ENSSSCG00000013539,93.1838726611443,67.1998415281399
ENSSSCG00000024254,19.349054725147,16.7574718631123
ENSSSCG00000038079,13.6581562765743,13.9362342066451
ENSSSCG00000023969,0.771024951096939,0.373898966519746
ENSSSCG00000013534,51.2915169848773,63.1889253418371
ENSSSCG00000012857,49.7127516088217,31.7474213390403
ENSSSCG00000013536,1.13817968971453,2.41334787480927
ENSSSCG00000035403,146.604887130004,154.114355836412
ENSSSCG00000013533,93.4775964520384,86.1667163752324
ENSSSCG00000012862,32.2729015244861,27.6685235224612
ENSSSCG00000012859,34.3656835346064,23.2497175545006
ENSSSCG00000021181,24.8930912782726,16.1456371906254
ENSSSCG00000062960,6.20491508263727,7.91985992719099
ENSSSCG00000013532,129.348614414977,158.159262837853
ENSSSCG00000033043,56.0278131130442,82.427726710035
ENSSSCG00000031764,15.1634907049065,13.3583903492964
ENSSSCG00000027307,34.585976377777,39.6672812662313
ENSSSCG00000033413,3.34110812142007,1.22366934497372
ENSSSCG00000040968,33.5579431096477,40.9249414263431
ENSSSCG00000013527,0.881171372682216,1.01972445414476
ENSSSCG00000027128,81.1044817606256,76.2413983548901
ENSSSCG00000059007,260.790010840074,227.194608383453
ENSSSCG00000030546,55.9910976391824,70.0550699997452
ENSSSCG00000013524,37.1560595481001,33.1410447597048
ENSSSCG00000013522,170.580091561732,214.651997597473
ENSSSCG00000012952,2.8638069612172,4.21486107713169
ENSSSCG00000012953,38.8082558718792,24.201460378369
ENSSSCG00000013523,96.1578260439468,124.304410960247
ENSSSCG00000057023,150.606873780935,128.689226113069
ENSSSCG00000042523,0.807740424958698,0.917752008730286
ENSSSCG00000012955,63.5912007285666,61.3874121395147
ENSSSCG00000014007,18.3210214570177,7.10408036387518
ENSSSCG00000014008,3.047384330526,0.475871411934223
ENSSSCG00000014009,38.991833241188,43.5762250071195
ENSSSCG00000049258,2.68022959190841,2.44733868994743
ENSSSCG00000014012,9.28901488702502,4.55476922851327
ENSSSCG00000014010,57.0558463811735,60.6396142064752
ENSSSCG00000014011,0.36715473861759,0.781788748177651
ENSSSCG00000057993,86.8688111569218,108.464691105865
ENSSSCG00000055787,6.20491508263727,6.90013547304623
ENSSSCG00000014015,2.60679864418489,2.51532032022375
ENSSSCG00000014016,233.877568499405,201.259616433038
ENSSSCG00000014017,166.541389436939,68.2195659822846
ENSSSCG00000028488,0.881171372682216,0.475871411934223
ENSSSCG00000014019,38.1840928162293,42.6924638135274
ENSSSCG00000014020,568.612543697061,309.860270799455
ENSSSCG00000063154,10.3170481551543,11.2509598107305
ENSSSCG00000014023,54.1553239460945,60.605623391337
ENSSSCG00000024043,60.2500926071465,13.698298500678
ENSSSCG00000052203,3.6715473861759,6.35628243083569
ENSSSCG00000027351,6.16819960877551,10.9450424744871
ENSSSCG00000029380,54.4857632108503,76.7512605819625
ENSSSCG00000028295,2.31307485329082,3.8749529257501
ENSSSCG00000053800,34.9531311163946,37.8657680639089
ENSSSCG00000014028,47.9504088634572,75.357637161298
ENSSSCG00000014029,25.4805388600607,101.122675036022
ENSSSCG00000013474,0.514016634064626,0.305917336243429
ENSSSCG00000037153,29.8129647757483,28.3823306403626
ENSSSCG00000063196,0.220292843170554,0.645825487625016
ENSSSCG00000057618,0.697594003373421,0.951742823868445
ENSSSCG00000044427,0.220292843170554,0.509862227072381
ENSSSCG00000055959,0.36715473861759,0.577843857348699
ENSSSCG00000061331,23.1674640067699,21.8560941338361
ENSSSCG00000055004,36.6787583878972,39.9392077873365
ENSSSCG00000056792,2.31307485329082,0.917752008730286
ENSSSCG00000053579,0.440585686341108,0.577843857348699
ENSSSCG00000062558,0.330439264755831,0.54385304221054
ENSSSCG00000055438,27.7568982394898,23.8615522269874
ENSSSCG00000057850,1.46861895447036,1.46160505094083
ENSSSCG00000052278,1.39518800674684,2.10743053856584
ENSSSCG00000060578,0.440585686341108,0.441880596796064
ENSSSCG00000029719,0.587447581788144,0.645825487625016
ENSSSCG00000061881,26.1414173895724,28.5522847160534
ENSSSCG00000014014,69.612538441895,72.162500538311
ENSSSCG00000014022,248.857481835002,251.905930988895
ENSSSCG00000021640,10.6107719460483,13.1204546433293
ENSSSCG00000012933,5.14016634064626,3.53504477436851
ENSSSCG00000012968,13.9885955413302,26.7847623288691
ENSSSCG00000047888,2.0560665362585,1.66554994176978
ENSSSCG00000029949,106.65845156841,27.838477598152
ENSSSCG00000063023,0.293723790894072,0.509862227072381
ENSSSCG00000038005,25.3703924384755,36.2002181221391
ENSSSCG00000052617,0.881171372682216,0.679816302763175
ENSSSCG00000049480,2.34979032715257,3.90894374088826
ENSSSCG00000042713,29.9965421450571,20.1565533769281
ENSSSCG00000042777,2.16621295784378,1.01972445414476
ENSSSCG00000047820,0.587447581788144,0.917752008730286
ENSSSCG00000051214,0.293723790894072,0.407889781657905
ENSSSCG00000049464,1.13817968971453,1.32564179038819
ENSSSCG00000018538,0.477301160202867,0.747797933039493
ENSSSCG00000027361,1.98263558853498,0.645825487625016
ENSSSCG00000012978,4.99330444519922,4.82669574961854
ENSSSCG00000012980,28.6747850860338,25.8670103201388
ENSSSCG00000012981,83.784711352534,89.0559356619759
ENSSSCG00000012982,24.0119199055904,23.4536624453295
ENSSSCG00000012983,130.596940526277,141.197846083911
ENSSSCG00000037531,35.3570013288739,26.1389368412441
ENSSSCG00000012986,1.10146421585277,1.1556877146974
ENSSSCG00000012988,150.606873780935,206.698146855143
ENSSSCG00000035604,8.18755067117225,16.6554994176978
ENSSSCG00000020737,15.0900597571829,16.6215086025596
ENSSSCG00000012985,121.748511325593,82.5296991554494
ENSSSCG00000012984,110.329998954586,79.7084614989823
ENSSSCG00000012994,1.06474874199101,0.917752008730286
ENSSSCG00000012995,137.536165086149,98.1994649341406
ENSSSCG00000012996,11.418512371007,10.5031618776911
ENSSSCG00000012997,6.93922455987245,6.25430998542121
ENSSSCG00000012999,136.324554448711,121.959044715714
ENSSSCG00000038112,1.24832611129981,1.46160505094083
ENSSSCG00000039740,213.830919770884,93.8486405964563
ENSSSCG00000013001,40.0198665093173,40.9589322414813
ENSSSCG00000027057,121.197779217666,116.452532663332
ENSSSCG00000013004,52.5765585700389,106.867122794371
ENSSSCG00000013005,90.5403585430977,70.021079184607
ENSSSCG00000047012,0.624163055649903,0.54385304221054
ENSSSCG00000013007,42.1126485194375,30.0478805821323
ENSSSCG00000013008,3.78169380776118,1.49559586607899
ENSSSCG00000013010,13.401147959542,24.0994879329546
ENSSSCG00000013011,5.94790676560496,6.15233754000673
ENSSSCG00000013012,10.7943493153571,12.9844913827766
ENSSSCG00000034387,30.1066885666424,27.9404500435665
ENSSSCG00000013015,0.073430947723518,1.01972445414476
ENSSSCG00000013016,39.4324189275291,40.3810883841326
ENSSSCG00000023890,46.3716434874016,49.8305349925407
ENSSSCG00000013017,60.5438163980406,57.9883306256988
ENSSSCG00000013019,52.0258264621125,50.4423696650276
ENSSSCG00000013020,24.9298067521343,34.1267783987114
ENSSSCG00000062583,220.292843170554,273.048218004829
ENSSSCG00000013022,157.068797180605,227.772452240802
ENSSSCG00000013023,10.3170481551543,15.7377474089675
ENSSSCG00000013024,0.550732107926385,0.27192652110527
ENSSSCG00000028806,20.1567951501057,20.2585258223426
ENSSSCG00000013030,86.978957578507,135.69133403153
ENSSSCG00000013029,43.1773972614286,57.7843857348699
ENSSSCG00000013028,28.1974839258309,34.8065947014746
ENSSSCG00000013027,0.624163055649903,1.83550401746057
ENSSSCG00000013031,3.70826286003766,5.88041101890146
ENSSSCG00000013032,75.8908844722558,66.1461262588569
ENSSSCG00000013034,48.0605552850425,94.4604752689432
ENSSSCG00000037999,23.5346187453875,33.3789804656719
ENSSSCG00000033757,100.747260276667,67.4037864189688
ENSSSCG00000054506,69.6859693896185,72.1285097231729
ENSSSCG00000013038,17.8070048229531,20.12256256179
ENSSSCG00000013039,25.7008317032313,20.3604982677571
ENSSSCG00000013040,9.25229941316326,4.07889781657905
ENSSSCG00000013041,2.27635937942906,1.80151320232241
ENSSSCG00000021620,171.644840303723,314.822929809626
ENSSSCG00000013043,13.9518800674684,14.9559586607899
ENSSSCG00000013046,95.5336629882969,110.300195123325
ENSSSCG00000022687,35.3202858550121,33.6509069867772
ENSSSCG00000013049,4.77301160202867,5.81242938862515
ENSSSCG00000013050,52.0625419359742,63.7667691991858
ENSSSCG00000013048,20.1200796762439,25.3571480930664
ENSSSCG00000031666,9.17886846543974,10.1972445414476
ENSSSCG00000013052,114.368701079379,114.141157233937
ENSSSCG00000013054,88.7045848500097,97.9955200433117
ENSSSCG00000026914,57.276139224344,43.7121882676722
ENSSSCG00000048856,217.539182630922,508.094704685197
ENSSSCG00000041050,4.2957104418258,2.54931113536191
ENSSSCG00000044913,0.697594003373421,1.59756831149346
ENSSSCG00000057738,6.3517769780843,8.76963030564496
ENSSSCG00000056754,8.84842920068392,14.140179097474
ENSSSCG00000060056,4.69958065430515,9.00756601161207
ENSSSCG00000012992,24.8930912782726,18.7289391411255
ENSSSCG00000013316,217.943052843401,295.312201920323
ENSSSCG00000024950,4.2957104418258,5.71045694321067
ENSSSCG00000013318,196.244207791102,60.809568282166
ENSSSCG00000013321,9.06872204385447,9.04155682675023
ENSSSCG00000013322,14.2456038583625,11.2169689955924
ENSSSCG00000026083,4.9198734974757,5.81242938862515
ENSSSCG00000013326,58.3041724924733,55.5409919357514
ENSSSCG00000063289,0.257008317032313,0.509862227072381
ENSSSCG00000060827,1.32175705902332,2.17541216884216
ENSSSCG00000014255,49.3455968702041,54.6912215572974
ENSSSCG00000030042,44.0585686341108,39.7012720813694
ENSSSCG00000021472,76.1111773154264,83.4134603490416
ENSSSCG00000027565,16.448532290068,11.99875774377
ENSSSCG00000023121,23.7916270624198,15.5677933332767
ENSSSCG00000039542,80.884188917455,84.0252950215284
ENSSSCG00000027779,86.6485183137512,87.8322663170022
ENSSSCG00000029635,1.57876537605564,4.58876004365143
ENSSSCG00000013423,25.2602460168902,19.6127003347176
ENSSSCG00000037642,3.70826286003766,4.55476922851327
ENSSSCG00000013420,0.991317794267492,0.54385304221054
ENSSSCG00000013419,31.9791777335921,32.2572835661127
ENSSSCG00000013416,48.5378564452454,52.039937976521
ENSSSCG00000029130,4.00198665093173,4.99664982530934
ENSSSCG00000013418,97.9935997370347,97.5536394465156
ENSSSCG00000013417,0.807740424958698,0.883761193592128
ENSSSCG00000037432,34.6226918516387,51.1901675980671
ENSSSCG00000013421,323.353178300511,303.50398836862
ENSSSCG00000013425,5.76432939629616,6.424264061112
ENSSSCG00000039575,36.715473861759,46.4994351090012
ENSSSCG00000037102,74.6792738348178,80.7621767682652
ENSSSCG00000013111,0.991317794267492,0.985733639006604
ENSSSCG00000013113,308.006110226296,51.0881951526526
ENSSSCG00000013110,44.021853160249,49.7965441774026
ENSSSCG00000013107,97.2960057336613,98.7773087914893
ENSSSCG00000013106,0.660878529511662,1.39362342066451
ENSSSCG00000013105,4.62614970658163,4.89467737989486
ENSSSCG00000013114,56.4316833255236,14.2081607277504
ENSSSCG00000039551,31.3182992040804,33.3449896505337
ENSSSCG00000039236,1.13817968971453,0.849770378453969
ENSSSCG00000035693,38.6613939764322,55.8469092719948
ENSSSCG00000033442,6.46192339966958,14.7180229548227
ENSSSCG00000027907,365.575973241534,296.739816156126
ENSSSCG00000032810,0.146861895447036,0.747797933039493
ENSSSCG00000039640,51.9156800405272,68.2195659822846
ENSSSCG00000052718,26.5820030759135,28.5862755311915
ENSSSCG00000040083,6.64550076897838,6.28830080055937
ENSSSCG00000014003,42.2595104148846,47.0092973360736
ENSSSCG00000014004,53.310868047274,52.4818185733171
ENSSSCG00000055196,0.807740424958698,0.645825487625016
ENSSSCG00000023178,2.01935106239674,1.69954075690794
ENSSSCG00000014088,117.416085409905,108.396709475588
ENSSSCG00000035355,7.26966382462828,14.4121056185793
ENSSSCG00000037582,32.6400562631037,11.1489873653161
ENSSSCG00000013056,1.13817968971453,0.135963260552635
ENSSSCG00000013045,49.5658897133746,49.252691135192
ENSSSCG00000030610,113.083659494218,176.820220348702
ENSSSCG00000040838,120.904055426772,126.139914977707
ENSSSCG00000013232,71.5584585565683,52.8557175398369
ENSSSCG00000013231,4.03870212479349,1.59756831149346
ENSSSCG00000013230,0.660878529511662,0.237935705967111
ENSSSCG00000032081,45.3803256931341,51.2921400434816
ENSSSCG00000013227,24.4157901180697,18.1850860989149
ENSSSCG00000013226,10.4639100506013,11.7948128529411
ENSSSCG00000013233,116.131043824744,123.182714060687
ENSSSCG00000013239,130.486794104691,119.137807059246
ENSSSCG00000013238,46.3349280135398,34.3307232895403
ENSSSCG00000013237,7.19623287690476,4.4527967830988
ENSSSCG00000013236,0.257008317032313,27.0226980348362
ENSSSCG00000013241,36.2381727015561,37.5938415428036
ENSSSCG00000013242,29.4090945632689,27.7025143375994
ENSSSCG00000013243,3.047384330526,3.77298048033562
ENSSSCG00000013244,38.7348249241557,129.063125079589
ENSSSCG00000013245,80.6271806004227,94.5284568992195
ENSSSCG00000023974,40.2401593524878,43.1003535951853
ENSSSCG00000013266,93.7713202429324,27.2606337408033
ENSSSCG00000013267,18.5045988263265,16.3495820814544
ENSSSCG00000056689,3.63483191231414,2.54931113536191
ENSSSCG00000013269,38.2575237639529,27.9064592284283
ENSSSCG00000013270,54.0084620506475,83.4474511641797
ENSSSCG00000025647,46.2247815919546,27.4645786316323
ENSSSCG00000039500,0.73430947723518,0.917752008730286
ENSSSCG00000024545,0.954602320405733,0.0679816302763175
ENSSSCG00000022404,105.373409983248,100.98671177547
ENSSSCG00000028025,15.3470680742153,14.1741699126122
ENSSSCG00000026293,53.8616001552004,34.1947600289877
ENSSSCG00000022866,99.4989341653668,147.146238733089
ENSSSCG00000038711,38.6613939764322,42.9643903346327
ENSSSCG00000032696,17.366419136612,17.1993524599083
ENSSSCG00000020665,11.4919433187306,11.2169689955924
ENSSSCG00000025571,39.762858192285,35.6223742647904
ENSSSCG00000037745,1.24832611129981,1.39362342066451
ENSSSCG00000035472,26.1781328634342,23.1817359242243
ENSSSCG00000028542,165.586787116533,185.181960872689
ENSSSCG00000020823,211.481129443732,129.980877088319
ENSSSCG00000032197,0.477301160202867,0.645825487625016
ENSSSCG00000024917,12.9605622732009,21.8900849489742
ENSSSCG00000023110,57.4597165936528,53.6375062880145
ENSSSCG00000038370,41.6720628330964,34.1267783987114
ENSSSCG00000027847,5.1034508667845,2.34536624453295
ENSSSCG00000058339,17.0726953457179,13.5283444249872
ENSSSCG00000028275,23.8283425362816,18.7289391411255
ENSSSCG00000030653,307.235085275199,204.72667957713
ENSSSCG00000020809,84.1151506172898,114.243129679352
ENSSSCG00000033054,22.0292843170554,26.9207255894217
ENSSSCG00000013061,78.9749842766436,105.609462634259
ENSSSCG00000013062,110.770584640927,86.3026796357851
ENSSSCG00000013064,1505.99530686163,758.708984698842
ENSSSCG00000013235,53.6045918381681,72.6723627653834
ENSSSCG00000013033,35.5038632243209,25.901001135277
ENSSSCG00000033411,77.2493570051409,103.807949431937
ENSSSCG00000013405,1272.92547878718,1282.74538168383
ENSSSCG00000020720,257.228609875483,213.870208849295
ENSSSCG00000029886,7.93054235413994,7.44398851525677
ENSSSCG00000036546,86.685233787613,49.456636026021
ENSSSCG00000022492,55.8075202698736,31.3735223725205
ENSSSCG00000013408,20.0833642023822,72.6043811351071
ENSSSCG00000019944,0.293723790894072,0.373898966519746
ENSSSCG00000013406,51.4383788803243,43.5082433768432
ENSSSCG00000032877,13.8784491197449,11.3869230712832
ENSSSCG00000014252,92.8534333963885,50.4423696650276
ENSSSCG00000058028,0.036715473861759,0.475871411934223
ENSSSCG00000036570,28.2709148735544,32.12132030556
ENSSSCG00000061959,2.97395338280248,2.44733868994743
ENSSSCG00000052109,0.477301160202867,0.985733639006604
ENSSSCG00000014256,8.48127446206632,29.7079724307508
ENSSSCG00000014257,0.514016634064626,0.475871411934223
ENSSSCG00000014258,19.7529249376263,25.8330195050007
ENSSSCG00000013065,25.2969614907519,19.7486635952702
ENSSSCG00000013067,2.34979032715257,0.339908151381588
ENSSSCG00000013066,15.2736371264917,8.90559356619759
ENSSSCG00000014540,2008.88715234614,1761.13211393828
ENSSSCG00000023090,3.6715473861759,1.35963260552635
ENSSSCG00000026349,3.78169380776118,2.24339379911848
ENSSSCG00000035645,4.62614970658163,4.72472330420407
ENSSSCG00000052603,3.19424622597303,6.93412628818439
ENSSSCG00000012896,64.0685018887694,54.6232399270211
ENSSSCG00000032003,120.426754266569,101.428592372266
ENSSSCG00000060071,1.10146421585277,0.679816302763175
ENSSSCG00000012902,101.775293544796,44.2900321250209
ENSSSCG00000012903,36.862335757206,67.233832343278
ENSSSCG00000062981,8.44455898820457,9.17752008730286
ENSSSCG00000012905,15.9712311298652,14.2421515428885
ENSSSCG00000012920,80.737327022008,63.7327783840477
ENSSSCG00000012909,1.6154808499174,2.00545809315137
ENSSSCG00000012910,25.1500995953049,23.0117818485335
ENSSSCG00000012911,3.59811643845238,5.50651205238172
ENSSSCG00000012912,1.13817968971453,2.27738461425664
ENSSSCG00000012913,63.1506150422254,49.3546635806065
ENSSSCG00000012914,14.3924657538095,15.8057290392438
ENSSSCG00000012915,3.4879700168671,3.90894374088826
ENSSSCG00000012916,41.7087783069582,36.8800344249022
ENSSSCG00000027956,46.6286518044339,45.2077841337511
ENSSSCG00000012917,24.4525055919315,23.2837083696387
ENSSSCG00000012918,79.3788544891229,79.7764431292586
ENSSSCG00000024189,100.82069122439,36.8120527946259
ENSSSCG00000014343,312.154958772675,360.404612909897
ENSSSCG00000026606,173.66419136612,168.322516564162
ENSSSCG00000026423,1.94592011467323,5.26857634641461
ENSSSCG00000029239,1.28504158516156,0.81577956331581
ENSSSCG00000014347,2.93723790894072,6.69619058221727
ENSSSCG00000014348,25.9211245464018,28.9601744977113
ENSSSCG00000014356,42.9938198921198,42.9983811497708
ENSSSCG00000014351,6.5353543473931,3.36509069867772
ENSSSCG00000014349,16.9258334502709,17.9471503929478
ENSSSCG00000036711,80.9943353390403,94.6644201597721
ENSSSCG00000029541,38.4043856593999,47.6211320085604
ENSSSCG00000021082,1.98263558853498,1.29165097525003
ENSSSCG00000050498,6.79236266442541,7.98784155746731
ENSSSCG00000057109,1.98263558853498,5.06463145558565
ENSSSCG00000052091,14.0620264890537,29.53801835506
ENSSSCG00000037898,131.551542846682,61.9652559968634
ENSSSCG00000054019,0.917886846543975,0.747797933039493
ENSSSCG00000054557,17.2562727150267,24.5073777146125
ENSSSCG00000048979,9.32573036088678,10.5031618776911
ENSSSCG00000014259,24.3056436964844,14.6500413245464
ENSSSCG00000052907,48.0238398111807,2.20940298398032
ENSSSCG00000046269,0.477301160202867,0.101972445414476
ENSSSCG00000037358,409.157240715442,356.631632429562
ENSSSCG00000035393,23.2408949544934,15.3638484424478
ENSSSCG00000054840,1.28504158516156,0.0679816302763175
ENSSSCG00000042767,8.00397330186346,3.90894374088826
ENSSSCG00000013377,0.660878529511662,0.135963260552635
ENSSSCG00000013378,2.34979032715257,0.339908151381588
ENSSSCG00000042162,1.6154808499174,0.54385304221054
ENSSSCG00000013380,430.268638185953,56.4247531293435
ENSSSCG00000025406,48.5378564452454,79.3345625324625
ENSSSCG00000013381,386.613939764322,294.360459096455
ENSSSCG00000018117,0.440585686341108,0.645825487625016
ENSSSCG00000013983,51.9156800405272,52.5837910187316
ENSSSCG00000048546,0.110146421585277,1.05371526928292
ENSSSCG00000024671,24.8930912782726,47.4511779328696
ENSSSCG00000029870,1.39518800674684,0
ENSSSCG00000013992,548.565894968541,409.215423448293
ENSSSCG00000013991,37.1560595481001,49.2187003200539
ENSSSCG00000029050,33.9618133221271,35.5204018193759
ENSSSCG00000013990,41.9290711501288,39.8712261570602
ENSSSCG00000013989,1.06474874199101,1.59756831149346
ENSSSCG00000013984,20.6708117841703,22.1620114700795
ENSSSCG00000052478,3.78169380776118,4.92866819503302
ENSSSCG00000013074,14.9799133355977,8.70164867536864
ENSSSCG00000013073,13.401147959542,14.2081607277504
ENSSSCG00000013072,75.0831440472971,71.0068128236136
ENSSSCG00000024015,105.299979035525,89.4298346284957
ENSSSCG00000063433,9.50930773019558,6.22031917028305
ENSSSCG00000027538,43.9484222125255,28.1104041192573
ENSSSCG00000013078,51.328232458739,61.65933866062
ENSSSCG00000021906,6.57206982125486,3.19513662298692
ENSSSCG00000013088,227.268783204288,273.456107786487
ENSSSCG00000050990,12.1161063743805,9.48343742354629
ENSSSCG00000013082,37.009197652653,30.7956785151718
ENSSSCG00000013083,105.850711143451,107.954828878792
ENSSSCG00000013084,38.2942392378146,33.820861062468
ENSSSCG00000037843,39.1019796627733,44.527967830988
ENSSSCG00000013086,22.8737402158758,29.3680642793692
ENSSSCG00000013087,64.28879473194,48.810810538396
ENSSSCG00000013094,235.346187453875,179.607467190031
ENSSSCG00000013093,19.8630713592116,2.17541216884216
ENSSSCG00000013079,20.1567951501057,24.847285865994
ENSSSCG00000036669,375.819590448965,617.171230463548
ENSSSCG00000050103,0.881171372682216,1.05371526928292
ENSSSCG00000021675,0.477301160202867,0.985733639006604
ENSSSCG00000013786,27.3897435008722,22.0940298398032
ENSSSCG00000054846,2.57008317032313,3.67100803492115
ENSSSCG00000013778,24.7095139089638,28.7562296068823
ENSSSCG00000031299,119.251859102993,88.6820366954562
ENSSSCG00000013784,117.452800883767,283.619361512797
ENSSSCG00000032842,33.3743657403389,45.4797106548564
ENSSSCG00000013782,6.24163055649903,2.99119173215797
ENSSSCG00000013779,169.368480924294,188.411088310814
ENSSSCG00000013776,21.7355605261613,18.626966695711
ENSSSCG00000013775,103.280627973128,124.134456884556
ENSSSCG00000026421,1.39518800674684,1.01972445414476
ENSSSCG00000029125,89.6224716965537,100.850748514917
ENSSSCG00000040026,0.220292843170554,0.577843857348699
ENSSSCG00000023647,0.624163055649903,1.93747646287505
ENSSSCG00000054759,16.0813775514504,14.0042158369214
ENSSSCG00000014327,59.8829378685289,64.3446130565345
ENSSSCG00000014326,5.7276139224344,0.54385304221054
ENSSSCG00000014325,13.254286064095,15.5338025181386
ENSSSCG00000051455,1.65219632377915,3.26311825326324
ENSSSCG00000021092,45.4170411669959,45.5476922851327
ENSSSCG00000014331,69.2820991771392,84.4331848031863
ENSSSCG00000014335,17.2929881888885,31.1015958514153
ENSSSCG00000014336,13.0707086947862,33.4809529110864
ENSSSCG00000014337,109.338681160318,101.870472969062
ENSSSCG00000014338,168.744317868644,196.772828834801
ENSSSCG00000027997,4.40585686341108,10.6731159533818
ENSSSCG00000014329,2.34979032715257,2.10743053856584
ENSSSCG00000014214,13.6948717504361,5.57449368265804
ENSSSCG00000014215,19.9732177807969,20.8363696796913
ENSSSCG00000029866,16.301670394621,12.7805464919477
ENSSSCG00000013042,2.31307485329082,4.99664982530934
ENSSSCG00000043175,15.1634907049065,22.0260482095269
ENSSSCG00000026837,0.624163055649903,0.54385304221054
ENSSSCG00000029095,0.440585686341108,0.577843857348699
ENSSSCG00000029549,1.17489516357629,1.1556877146974
ENSSSCG00000026212,0.660878529511662,0.849770378453969
ENSSSCG00000023669,0.514016634064626,0.81577956331581
ENSSSCG00000027032,1.50533442833212,2.92321010188165
ENSSSCG00000025513,0.440585686341108,0.747797933039493
ENSSSCG00000013063,27.2061661315634,25.6630654293099
ENSSSCG00000013890,3.37782359528183,0
ENSSSCG00000013889,404.53109100886,295.040275399218
ENSSSCG00000013888,4.2957104418258,3.43307232895403
ENSSSCG00000013887,1.39518800674684,0.203944890828953
ENSSSCG00000013886,6.20491508263727,3.97692537116457
ENSSSCG00000013885,4.00198665093173,2.54931113536191
ENSSSCG00000013884,26.3249947588812,36.2342089372772
ENSSSCG00000053735,58.3041724924733,49.7965441774026
ENSSSCG00000013883,8.44455898820457,9.55141905382261
ENSSSCG00000013878,50.5939229815039,40.3810883841326
ENSSSCG00000013879,160.042750563407,56.7986520958633
ENSSSCG00000040328,0.771024951096939,0
ENSSSCG00000059815,35.944448910662,4.282842707408
ENSSSCG00000036568,74.642558360956,30.3198071032376
ENSSSCG00000033453,32.3463324722097,7.03609873359886
ENSSSCG00000041467,1.06474874199101,1.35963260552635
ENSSSCG00000037025,58.9650510219849,28.7562296068823
ENSSSCG00000038440,33.2642193187536,24.6093501600269
ENSSSCG00000039330,36.0178798583856,30.2858162880994
ENSSSCG00000031251,38.4411011332617,45.3777382094419
ENSSSCG00000039295,16.8891179764091,20.4964615283097
ENSSSCG00000031877,14.3557502799478,16.1456371906254
ENSSSCG00000037099,0.257008317032313,0.645825487625016
ENSSSCG00000031073,62.2694436695432,56.4927347596199
ENSSSCG00000036575,3.30439264755831,2.37935705967111
ENSSSCG00000013873,123.180414806201,62.1692008876924
ENSSSCG00000013874,33.1907883710301,23.6915981512966
ENSSSCG00000013875,19.2756237774235,16.3155912663162
ENSSSCG00000013876,139.151645936067,186.745538369044
ENSSSCG00000036584,11.9325290050717,14.2421515428885
ENSSSCG00000013869,25.8476935986783,7.68192422122388
ENSSSCG00000013868,0.36715473861759,0.407889781657905
ENSSSCG00000013867,67.3728945363277,74.0999770011861
ENSSSCG00000013864,13.107424168648,32.12132030556
ENSSSCG00000013863,129.348614414977,136.065232998049
ENSSSCG00000029710,7.82039593255466,7.24004362442781
ENSSSCG00000014079,0.330439264755831,1.66554994176978
ENSSSCG00000014080,159.455302981619,92.9988702180024
ENSSSCG00000013018,71.2647347656742,98.4374006401078
ENSSSCG00000013298,21.5152676829908,22.5359104365993
ENSSSCG00000013299,27.0960197099781,23.6915981512966
ENSSSCG00000013300,93.1838726611443,50.5103512953039
ENSSSCG00000022741,106.842028937719,81.2380481801994
ENSSSCG00000014447,1.54204990219388,0.747797933039493
ENSSSCG00000014443,69.5758229680333,115.466799024325
ENSSSCG00000014448,2.42322127487609,4.99664982530934
ENSSSCG00000014450,25.0032376998579,36.3701721978299
ENSSSCG00000033262,205.459791730403,135.589361586115
ENSSSCG00000054578,495.879189976917,430.425692094504
ENSSSCG00000032731,65.5371208432398,61.4893845849292
ENSSSCG00000045414,1.17489516357629,1.18967852983556
ENSSSCG00000060733,6.93922455987245,8.08981400288178
ENSSSCG00000013437,45.5271875885811,50.6463145558565
ENSSSCG00000013436,27.7936137133515,28.1443949343954
ENSSSCG00000013435,88.5577229545627,78.2808472631796
ENSSSCG00000021750,52.9069978347947,62.9169988207318
ENSSSCG00000013434,4.9198734974757,4.79270493448038
ENSSSCG00000056068,0.146861895447036,1.5635774963553
ENSSSCG00000013433,48.7214338145542,11.2169689955924
ENSSSCG00000026387,9.36244583474854,13.3923811644345
ENSSSCG00000024379,1.83577369308795,1.52958668121714
ENSSSCG00000022265,28.8583624553426,31.0336142211389
ENSSSCG00000023329,3.19424622597303,6.0163742794541
ENSSSCG00000033169,435.62909736977,321.757056097811
ENSSSCG00000013427,67.2260326408807,65.8741997377517
ENSSSCG00000023142,14.172172910639,23.9975154875401
ENSSSCG00000024144,41.5252009376494,62.509109039074
ENSSSCG00000013426,79.52571638457,110.708084904983
ENSSSCG00000038701,1.32175705902332,1.42761423580267
ENSSSCG00000056515,39.3957034536674,32.5632009023561
ENSSSCG00000053466,332.605477713675,458.909995180281
ENSSSCG00000013432,55.4403655312561,42.82842707408
ENSSSCG00000035532,107.649769362677,111.387901207746
ENSSSCG00000034339,22.2862926340877,20.3944890828953
ENSSSCG00000013429,101.812009018658,89.1239172922522
ENSSSCG00000024052,116.277905720191,112.747533813273
ENSSSCG00000042865,2.71694506577016,1.66554994176978
ENSSSCG00000039815,27.6100363440428,29.7759540610271
ENSSSCG00000051737,0.293723790894072,1.22366934497372
ENSSSCG00000052398,3.15753075211127,3.90894374088826
ENSSSCG00000040185,39.2855570320821,36.2342089372772
ENSSSCG00000033323,20.0833642023822,21.0743053856584
ENSSSCG00000035762,34.8062692209475,41.3668220231392
ENSSSCG00000040863,9.32573036088678,9.58540986896077
ENSSSCG00000027984,1.17489516357629,0.339908151381588
ENSSSCG00000010428,0.440585686341108,2.00545809315137
ENSSSCG00000010429,18.6514607217736,65.942181368028
ENSSSCG00000034973,57.7901558584086,86.3706612660614
ENSSSCG00000056553,1.72562727150267,1.80151320232241
ENSSSCG00000029088,25.2235305430284,33.5829253565008
ENSSSCG00000010416,15.0900597571829,15.5338025181386
ENSSSCG00000029576,24.672798435102,55.9148909022711
ENSSSCG00000010787,0.146861895447036,0.475871411934223
ENSSSCG00000010446,1.28504158516156,1.83550401746057
ENSSSCG00000010447,3095.40817033718,1998.82988419943
ENSSSCG00000010780,20.3770879932762,20.7343972342768
ENSSSCG00000010779,0.881171372682216,1.97146727801321
ENSSSCG00000053907,0.807740424958698,0.373898966519746
ENSSSCG00000010448,4.2957104418258,3.16114580784876
ENSSSCG00000010450,298.386656074515,222.741811600354
ENSSSCG00000010449,6.27834603036079,11.6928404075266
ENSSSCG00000010451,27.6834672917663,23.2837083696387
ENSSSCG00000010426,0,1.39362342066451
ENSSSCG00000053385,0.257008317032313,4.07889781657905
ENSSSCG00000010433,38.4043856593999,43.9501239736393
ENSSSCG00000010435,26.3984257066047,20.7004064191387
ENSSSCG00000010437,29.0786552985131,29.3680642793692
ENSSSCG00000062685,54.4857632108503,47.961040159942
ENSSSCG00000010440,98.0670306847582,93.2707967391076
ENSSSCG00000023141,6.93922455987245,3.60302640464483
ENSSSCG00000031373,0.073430947723518,0.611834672486858
ENSSSCG00000010445,5.76432939629616,1.49559586607899
ENSSSCG00000010430,72.8802156155916,84.7391021394298
ENSSSCG00000045184,1.21161063743805,1.01972445414476
ENSSSCG00000044941,0.220292843170554,0.883761193592128
ENSSSCG00000032475,9.94989341653668,12.848528122224
ENSSSCG00000009702,16.5219632377915,18.2870585443294
ENSSSCG00000031537,11.6755206880394,10.4691710625529
ENSSSCG00000009699,1.24832611129981,2.03944890828953
ENSSSCG00000059603,0.330439264755831,0.985733639006604
ENSSSCG00000032048,2.90052243507896,36.7100803492115
ENSSSCG00000030118,13.107424168648,18.1850860989149
ENSSSCG00000009704,55.1833572142237,53.5695246577382
ENSSSCG00000009705,71.6686049781535,64.5485579473635
ENSSSCG00000022383,1.46861895447036,0.781788748177651
ENSSSCG00000028699,16.8524025025474,11.8288036680792
ENSSSCG00000034740,1.68891179764091,0
ENSSSCG00000026044,118.884704364376,68.2195659822846
ENSSSCG00000023666,101.077699541422,83.4134603490416
ENSSSCG00000009708,0.771024951096939,0
ENSSSCG00000009711,31.8690313120068,39.8712261570602
ENSSSCG00000009713,118.590980573482,112.169689955924
ENSSSCG00000009657,71.1178728702271,67.7097037552122
ENSSSCG00000009658,151.818484418373,102.516298456687
ENSSSCG00000009659,0.440585686341108,0.203944890828953
ENSSSCG00000030130,170.763668931041,70.9048403781992
ENSSSCG00000009662,0.440585686341108,2.54931113536191
ENSSSCG00000033325,20.9278201012026,19.1368289227834
ENSSSCG00000009664,92.4128477100474,86.6425877871667
ENSSSCG00000009666,186.588038165459,38.0017313244615
ENSSSCG00000009667,0.514016634064626,0.169954075690794
ENSSSCG00000009668,3089.60712546702,1370.16975821918
ENSSSCG00000020846,299.598266711953,94.8003834203248
ENSSSCG00000024972,47.0325220169133,35.2144844831325
ENSSSCG00000009670,1.13817968971453,0.645825487625016
ENSSSCG00000009671,3.15753075211127,0.305917336243429
ENSSSCG00000009672,105.997573038898,22.4339379911848
ENSSSCG00000009674,24.3056436964844,26.7167806985928
ENSSSCG00000009676,56.8722690118647,64.9904385441595
ENSSSCG00000058717,2.34979032715257,2.27738461425664
ENSSSCG00000052939,22.0292843170554,13.0184821979148
ENSSSCG00000009679,14.4291812276713,14.9559586607899
ENSSSCG00000009680,64.9129577875899,51.1561767829289
ENSSSCG00000009681,16.0446620775887,15.7717382241057
ENSSSCG00000009682,5.06673539292274,5.60848449779619
ENSSSCG00000009683,70.8241490793331,55.9828725325475
ENSSSCG00000009684,14.5760431231183,12.1007301891845
ENSSSCG00000060564,0.807740424958698,1.42761423580267
ENSSSCG00000009691,0.660878529511662,1.32564179038819
ENSSSCG00000031889,184.715548998509,44.527967830988
ENSSSCG00000028713,0.660878529511662,0
ENSSSCG00000056245,4.36914138954932,8.08981400288178
ENSSSCG00000058977,0.73430947723518,1.08770608442108
ENSSSCG00000057597,55.5872274267031,67.1318598978635
ENSSSCG00000042705,0.624163055649903,1.08770608442108
ENSSSCG00000062054,1.39518800674684,0.951742823868445
ENSSSCG00000046589,6.93922455987245,3.97692537116457
ENSSSCG00000058445,0.73430947723518,0.203944890828953
ENSSSCG00000043271,2.01935106239674,1.01972445414476
ENSSSCG00000048264,0.917886846543975,0.54385304221054
ENSSSCG00000044295,2.27635937942906,2.27738461425664
ENSSSCG00000009866,1.13817968971453,1.52958668121714
ENSSSCG00000009868,18.8350380910824,18.7969207714018
ENSSSCG00000034386,382.281513848635,535.72923739252
ENSSSCG00000030222,56.2481059562148,53.9774144393961
ENSSSCG00000009821,117.342654462182,90.143641746397
ENSSSCG00000009820,26.4718566543282,23.4196716301914
ENSSSCG00000009822,12.4465456391363,9.51742823868445
ENSSSCG00000009823,68.6212206476275,81.3400206256139
ENSSSCG00000009824,6.93922455987245,9.17752008730286
ENSSSCG00000009825,25.9945554941254,62.4751182239358
ENSSSCG00000009826,60.4336699764553,60.0957611642647
ENSSSCG00000009827,4.58943423271987,5.16660390100013
ENSSSCG00000010189,32.1994705767626,28.2803581949481
ENSSSCG00000009872,62.7834603036079,58.3282387770804
ENSSSCG00000009844,343.399827029032,280.764133041191
ENSSSCG00000009845,4.00198665093173,2.3113754293948
ENSSSCG00000010190,19.8630713592116,0.101972445414476
ENSSSCG00000009849,82.2426614503401,83.6513960550087
ENSSSCG00000009850,60.5805318719023,22.4339379911848
ENSSSCG00000010210,3.12081527824951,1.5635774963553
ENSSSCG00000009851,242.175265592162,265.196339707915
ENSSSCG00000009852,200.099332546586,43.3722801162906
ENSSSCG00000010211,232.555811440381,123.284686506102
ENSSSCG00000009853,101.151130489146,83.2095154582126
ENSSSCG00000009854,7.01265550759596,5.94839264917778
ENSSSCG00000009855,2.0560665362585,0.203944890828953
ENSSSCG00000009881,94.9829308803705,57.9203489954225
ENSSSCG00000046640,3.23096169983479,3.94293455602642
ENSSSCG00000024081,18.0640131399854,13.8002709460925
ENSSSCG00000010226,80.4436032311139,93.1688242936931
ENSSSCG00000036476,106.291296829792,149.457614162484
ENSSSCG00000010203,389.624608620986,350.275349998726
ENSSSCG00000030289,122.923406489169,95.4122180928116
ENSSSCG00000010204,7.52667214166059,7.40999770011861
ENSSSCG00000039130,1299.9847830233,842.394371568988
ENSSSCG00000039215,2.93723790894072,1.5635774963553
ENSSSCG00000010209,8.11411972344873,13.7322893158161
ENSSSCG00000023776,8.84842920068392,2.07343972342768
ENSSSCG00000036039,39.8730046138703,30.4557703637902
ENSSSCG00000009873,22.9104556897376,61.1494764335476
ENSSSCG00000009874,16.2282394468975,69.0353455456004
ENSSSCG00000009875,23.6447651669728,36.0302640464483
ENSSSCG00000009876,68.6579361214893,88.3421285440746
ENSSSCG00000024418,39.2121260843586,91.1973570156799
ENSSSCG00000031589,4.00198665093173,6.25430998542121
ENSSSCG00000028345,29.9965421450571,34.0927875835732
ENSSSCG00000034479,28.3810612951397,24.9152674962704
ENSSSCG00000010196,20.3403725194145,18.9328840319544
ENSSSCG00000009877,84.1885815650133,88.9879540316996
ENSSSCG00000009879,68.9883753862451,82.223781819206
ENSSSCG00000023596,6.60878529511662,4.21486107713169
ENSSSCG00000037204,36.2381727015561,46.3294810333104
ENSSSCG00000010198,35.2101394334269,35.6903558950667
ENSSSCG00000009880,17.6234274536443,15.839719854382
ENSSSCG00000010199,2.0560665362585,1.97146727801321
ENSSSCG00000010200,21.0746819966497,17.777196317257
ENSSSCG00000010201,4.51600328499635,2.03944890828953
ENSSSCG00000009856,48.4644254975219,10.3332078020003
ENSSSCG00000009858,117.52623183149,104.657719810391
ENSSSCG00000009859,3.41453906914359,9.65339149923709
ENSSSCG00000009860,15.4939299696623,16.485545342007
ENSSSCG00000023525,6.46192339966958,1.69954075690794
ENSSSCG00000033268,21.7355605261613,21.1082962007966
ENSSSCG00000009862,5.83776034401968,5.37054879182908
ENSSSCG00000010219,26.3984257066047,20.3604982677571
ENSSSCG00000035873,34.1086752175741,33.4809529110864
ENSSSCG00000039707,1.50533442833212,0.747797933039493
ENSSSCG00000010221,10.206901733569,7.68192422122388
ENSSSCG00000009864,73.577809618965,99.1172169428709
ENSSSCG00000010222,1.94592011467323,1.83550401746057
ENSSSCG00000010224,5.14016634064626,3.22912743812508
ENSSSCG00000009865,28.6747850860338,35.7923283404812
ENSSSCG00000036480,1.39518800674684,0.135963260552635
ENSSSCG00000009828,157.215659076052,178.349807029919
ENSSSCG00000031360,6.5353543473931,6.18632835514489
ENSSSCG00000053231,2.57008317032313,1.5635774963553
ENSSSCG00000054886,3.23096169983479,1.83550401746057
ENSSSCG00000061698,0.440585686341108,0.81577956331581
ENSSSCG00000056882,0.514016634064626,1.01972445414476
ENSSSCG00000045125,0.440585686341108,0.475871411934223
ENSSSCG00000061632,1.17489516357629,0.985733639006604
ENSSSCG00000062855,0.293723790894072,1.01972445414476
ENSSSCG00000059919,0.624163055649903,1.25766016011187
ENSSSCG00000050213,8.66485183137512,8.53169459967785
ENSSSCG00000009831,51.6586717234949,133.515921862688
ENSSSCG00000009832,9.43587678247206,16.1116463754873
ENSSSCG00000009833,26.9491578145311,32.5632009023561
ENSSSCG00000009834,113.303952337388,146.602385690879
ENSSSCG00000040595,37.0826286003766,36.1662273070009
ENSSSCG00000009836,27.3530280270104,33.8888426927443
ENSSSCG00000009839,16.6688251332386,6.66219976707912
ENSSSCG00000009840,118.223825834864,66.4520435951004
ENSSSCG00000059472,4.4792878111346,5.74444775834883
ENSSSCG00000009842,21.9191378954701,34.9425579620272
ENSSSCG00000010109,26.8757268668076,25.0852215719612
ENSSSCG00000034656,3.70826286003766,2.17541216884216
ENSSSCG00000010116,263.360094010397,77.940939111798
ENSSSCG00000010117,0.514016634064626,0.713807117901334
ENSSSCG00000062065,1.83577369308795,0.0679816302763175
ENSSSCG00000010138,27.426458974734,27.4645786316323
ENSSSCG00000010139,0.697594003373421,0.373898966519746
ENSSSCG00000010141,1.02803326812925,0.0679816302763175
ENSSSCG00000010188,28.9317934030661,33.1070539445666
ENSSSCG00000033787,14.7596204924271,16.281600451178
ENSSSCG00000032073,13.7315872242979,9.21151090244102
ENSSSCG00000038132,166.541389436939,230.831625603236
ENSSSCG00000038765,7.41652572007531,9.38146497813181
ENSSSCG00000010179,27.9404756087986,24.0315063026782
ENSSSCG00000010180,44.2421460034196,25.7310470595862
ENSSSCG00000010181,94.3587678247206,33.6848978019153
ENSSSCG00000010184,7.04937098145772,6.35628243083569
ENSSSCG00000010183,49.8596135042687,42.6244821832511
ENSSSCG00000009791,133.901333173835,181.171044686386
ENSSSCG00000021027,5.61746750084912,3.36509069867772
ENSSSCG00000009792,44.3522924250048,52.2778736824882
ENSSSCG00000010185,202.302260978292,134.433673871418
ENSSSCG00000010186,10.5373409983248,10.9450424744871
ENSSSCG00000010187,32.9704955278596,31.0336142211389
ENSSSCG00000010128,51.1079396155685,50.7822778164092
ENSSSCG00000009793,111.908764330641,164.821462604932
ENSSSCG00000028005,16.0446620775887,15.4658208878622
ENSSSCG00000009799,47.9136933895955,39.191409854297
ENSSSCG00000037762,16.9625489241326,16.4515545268688
ENSSSCG00000010130,21.2215438920967,25.901001135277
ENSSSCG00000009796,145.209699123257,154.046374206135
ENSSSCG00000010131,16.9992643979944,14.7520137699609
ENSSSCG00000057840,0.73430947723518,3.7049988500593
ENSSSCG00000009794,95.2766546712646,109.382443114595
ENSSSCG00000009801,25.3703924384755,22.3999471760466
ENSSSCG00000009802,10.4639100506013,11.5908679621121
ENSSSCG00000010132,134.488780755623,114.243129679352
ENSSSCG00000036483,52.1726883575595,46.2614994030341
ENSSSCG00000060069,27.6467518179045,20.9383421251058
ENSSSCG00000049371,0.771024951096939,0.407889781657905
ENSSSCG00000036280,226.424327305468,193.169802430156
ENSSSCG00000010114,23.9017734840051,22.1960022852177
ENSSSCG00000010133,44.3890078988666,55.880900087133
ENSSSCG00000010134,37.78022260375,35.3844385588233
ENSSSCG00000051618,78.3141057471319,97.6556118919301
ENSSSCG00000009807,20.3403725194145,33.1070539445666
ENSSSCG00000009808,8.22426614503401,7.34201606984229
ENSSSCG00000010135,68.2540659090099,82.8016256765547
ENSSSCG00000009809,55.6606583744266,35.5204018193759
ENSSSCG00000034510,53.7514537336152,33.0390723142903
ENSSSCG00000010136,44.7561626374842,50.2724155893368
ENSSSCG00000045641,1.46861895447036,0.917752008730286
ENSSSCG00000052847,1.6154808499174,1.66554994176978
ENSSSCG00000038308,71.3748811872595,76.853233027377
ENSSSCG00000037811,24.7829448566873,25.8330195050007
ENSSSCG00000010160,47.6566850725632,48.810810538396
ENSSSCG00000010161,11.6020897403158,9.1435292721647
ENSSSCG00000010162,13.401147959542,4.38481515282248
ENSSSCG00000009814,73.9082488837208,90.4835498977786
ENSSSCG00000010163,81.4349210253814,50.0344798833697
ENSSSCG00000009815,280.726513147009,238.411577379045
ENSSSCG00000010164,40.6073140911054,59.5858989371923
ENSSSCG00000051205,50.0799063474392,32.8011366083232
ENSSSCG00000009817,7.7836804586929,15.8057290392438
ENSSSCG00000009818,60.6539628196258,71.6526383112386
ENSSSCG00000010118,72.1459061383564,74.6778208585348
ENSSSCG00000034014,30.7308516222923,32.4952192720798
ENSSSCG00000009798,173.627475892258,206.086312182657
ENSSSCG00000046470,0.257008317032313,1.01972445414476
ENSSSCG00000040740,39.9831510354555,36.9140252400404
ENSSSCG00000052153,24.4157901180697,33.5149437262245
ENSSSCG00000044582,0.073430947723518,0.509862227072381
ENSSSCG00000010121,55.8075202698736,57.0365878018304
ENSSSCG00000061530,0.514016634064626,0.509862227072381
ENSSSCG00000053471,8.88514467454567,22.4679288063229
ENSSSCG00000047016,0.660878529511662,0.0679816302763175
ENSSSCG00000061477,2.57008317032313,4.48678759823696
ENSSSCG00000058305,0.293723790894072,0.339908151381588
ENSSSCG00000063011,134.855935494241,128.179363885997
ENSSSCG00000052310,11.3817968971453,12.3046750800135
ENSSSCG00000029803,23.7549115885581,30.3537979183758
ENSSSCG00000010122,10.353763629016,13.4603627947109
ENSSSCG00000010170,1.57876537605564,0.951742823868445
ENSSSCG00000010171,32.1260396290391,25.6630654293099
ENSSSCG00000010172,48.7948647622777,46.8733340755209
ENSSSCG00000040087,12.5566920607216,13.3243995341582
ENSSSCG00000010175,48.0238398111807,42.5225097378366
ENSSSCG00000010176,8.70156730523688,5.54050286751988
ENSSSCG00000036472,5.94790676560496,4.99664982530934
ENSSSCG00000038652,1.02803326812925,1.5635774963553
ENSSSCG00000010092,130.964095264894,152.754723230885
ENSSSCG00000010094,28.4544922428632,19.1368289227834
ENSSSCG00000010095,85.2166148331426,98.267446564417
ENSSSCG00000010096,16.7789715548239,17.6072422415662
ENSSSCG00000010097,66.9323088499866,69.579198587811
ENSSSCG00000031713,10.5740564721866,13.5963260552635
ENSSSCG00000010258,12.0059599527952,10.8090792139345
ENSSSCG00000010259,60.0665152378377,25.1192123870993
ENSSSCG00000010260,211.260836600561,118.899871353279
ENSSSCG00000010327,31.538592047251,34.2287508441259
ENSSSCG00000039544,1045.80355747834,720.197391147308
ENSSSCG00000035600,2.09278201012026,1.01972445414476
ENSSSCG00000010235,23.461187797664,35.2144844831325
ENSSSCG00000038913,33.7782359528183,39.0554465937444
ENSSSCG00000010241,5.83776034401968,10.1292629111713
ENSSSCG00000010243,81.9856531333078,88.0702020229693
ENSSSCG00000010245,79.52571638457,57.6824132894554
ENSSSCG00000010246,86.685233787613,29.7759540610271
ENSSSCG00000010247,98.1771771063435,86.710569417443
ENSSSCG00000010248,23.5713342192493,22.8758185879808
ENSSSCG00000028559,3.89184022934645,7.03609873359886
ENSSSCG00000031694,13.3644324856803,4.55476922851327
ENSSSCG00000023374,12.8871313254774,6.86614465790807
ENSSSCG00000009589,13.9518800674684,3.43307232895403
ENSSSCG00000010250,70.8975800270566,59.0080550798436
ENSSSCG00000010251,11.4919433187306,13.7322893158161
ENSSSCG00000009605,1.98263558853498,2.27738461425664
ENSSSCG00000010252,28.2709148735544,10.5031618776911
ENSSSCG00000010253,126.778531244654,133.142022896168
ENSSSCG00000009580,19.2756237774235,0.441880596796064
ENSSSCG00000039841,0.660878529511662,0.27192652110527
ENSSSCG00000021161,24.4525055919315,12.9165097525003
ENSSSCG00000028033,47.0325220169133,42.6584729983892
ENSSSCG00000010254,1.17489516357629,0.27192652110527
ENSSSCG00000036152,45.0131709545165,32.3932468266653
ENSSSCG00000009584,46.9590910691897,36.404163012968
ENSSSCG00000010256,3.96527117706997,4.55476922851327
ENSSSCG00000035249,80.590465126561,22.5359104365993
ENSSSCG00000009591,21.8824224216084,24.7793042357177
ENSSSCG00000009592,34.1821061652976,169.172286942616
ENSSSCG00000010278,28.1240529781074,41.8426934350734
ENSSSCG00000038545,0.440585686341108,0.169954075690794
ENSSSCG00000010280,17.6601429275061,11.7608220378029
ENSSSCG00000010281,802.600258618051,640.828837799707
ENSSSCG00000009630,0.183577369308795,0.54385304221054
ENSSSCG00000009631,24.8563758044108,5.20059471613829
ENSSSCG00000009638,22.54330095112,28.484303085777
ENSSSCG00000023662,20.7809582057556,16.3155912663162
ENSSSCG00000010283,45.2701792715488,35.2144844831325
ENSSSCG00000009633,19.2021928296999,20.8023788645532
ENSSSCG00000058071,28.7482160337573,33.1410447597048
ENSSSCG00000023130,49.6393206610981,44.3920045704353
ENSSSCG00000033113,43.9117067386637,39.8372353419221
ENSSSCG00000039915,25.5539698077843,21.41421353704
ENSSSCG00000061761,68.694651595351,54.385304221054
ENSSSCG00000033608,34.5125454300534,16.8594443085267
ENSSSCG00000031871,69.8328312850656,57.4444775834883
ENSSSCG00000031888,105.042970718492,290.417524540428
ENSSSCG00000010288,52.0625419359742,36.7440711643496
ENSSSCG00000010289,65.4636898955163,65.3303466955411
ENSSSCG00000033037,16.0446620775887,21.3802227219019
ENSSSCG00000031924,2.38650580101433,3.1271549927106
ENSSSCG00000009642,9.2155839393015,4.4527967830988
ENSSSCG00000010290,59.7360759730819,52.039937976521
ENSSSCG00000009644,31.5753075211127,23.6915981512966
ENSSSCG00000010292,99.2786413221963,134.637618762247
ENSSSCG00000033301,19.8263558853498,14.8539862153754
ENSSSCG00000052117,15.7876537605564,24.4733868994743
ENSSSCG00000025492,24.0119199055904,24.4733868994743
ENSSSCG00000010295,14.2456038583625,15.193894366757
ENSSSCG00000026898,26.1781328634342,26.7507715137309
ENSSSCG00000010100,19.7162094637646,22.1620114700795
ENSSSCG00000023482,33.0439264755831,37.2879242065601
ENSSSCG00000010101,19.7162094637646,16.9274259388031
ENSSSCG00000010298,158.170261396458,202.721221483979
ENSSSCG00000009645,1.06474874199101,1.08770608442108
ENSSSCG00000009646,1.65219632377915,0.0339908151381588
ENSSSCG00000010299,83.637849457087,81.6799287769955
ENSSSCG00000010102,32.5666253153802,31.8493937844548
ENSSSCG00000052017,0.807740424958698,0.27192652110527
ENSSSCG00000010300,13.8050181720214,22.8418277728427
ENSSSCG00000010301,76.2213237370116,99.0492353125946
ENSSSCG00000009648,4.18556402024052,0.0679816302763175
ENSSSCG00000010104,5.06673539292274,6.45825487625016
ENSSSCG00000010105,69.5391074941715,83.5154327944561
ENSSSCG00000009650,12.8137003777539,10.2312353565858
ENSSSCG00000010106,20.7075272580321,20.5984339737242
ENSSSCG00000010302,74.2386881484767,86.710569417443
ENSSSCG00000010107,67.5931873794983,65.6362640317845
ENSSSCG00000009593,10.353763629016,11.7268312226648
ENSSSCG00000009594,53.5678763643064,42.2845740318695
ENSSSCG00000010108,25.1500995953049,26.6487990683165
ENSSSCG00000010142,13.3277170118185,6.76417221249359
ENSSSCG00000010304,1.65219632377915,0.81577956331581
ENSSSCG00000010303,1.10146421585277,0.951742823868445
ENSSSCG00000009595,1.4319034806086,1.22366934497372
ENSSSCG00000051966,1.50533442833212,1.66554994176978
ENSSSCG00000010306,124.979473025428,84.8070837697061
ENSSSCG00000033204,1.54204990219388,0.27192652110527
ENSSSCG00000040631,22.3230081079495,12.0327485589082
ENSSSCG00000009601,1.35847253288508,0.373898966519746
ENSSSCG00000028694,80.2600258618051,64.8544752836069
ENSSSCG00000010143,26.1781328634342,34.1607692138495
ENSSSCG00000010144,0.917886846543975,0.27192652110527
ENSSSCG00000030228,0.807740424958698,2.3113754293948
ENSSSCG00000032622,24.2322127487609,22.8758185879808
ENSSSCG00000057024,22.3597235818112,17.6752238718426
ENSSSCG00000010145,27.3897435008722,33.7868702473298
ENSSSCG00000010146,53.6413073120299,46.9753065209354
ENSSSCG00000009626,53.1272906779652,59.1100275252581
ENSSSCG00000009625,5.06673539292274,6.22031917028305
ENSSSCG00000009627,17.6234274536443,18.8988932168163
ENSSSCG00000025986,4.11213307251701,3.80697129547378
ENSSSCG00000009628,170.249652296976,158.737106695201
ENSSSCG00000010148,23.608049693111,6.62820895194096
ENSSSCG00000009629,19.0553309342529,15.4318300727241
ENSSSCG00000038853,29.0786552985131,23.3176991847769
ENSSSCG00000026819,103.757929133331,72.0265372777584
ENSSSCG00000057206,2.8638069612172,0.203944890828953
ENSSSCG00000057404,0.477301160202867,0.577843857348699
ENSSSCG00000042510,0.293723790894072,0.577843857348699
ENSSSCG00000045477,16.4118168162063,28.9261836825731
ENSSSCG00000010151,26.0679864418489,32.7331549780469
ENSSSCG00000061246,0.697594003373421,0.441880596796064
ENSSSCG00000035523,47.6199695987014,89.3278621830812
ENSSSCG00000010308,17.1828417673032,20.8023788645532
ENSSSCG00000010309,158.023399501011,138.512571687997
ENSSSCG00000010310,43.1773972614286,53.7734695485671
ENSSSCG00000010311,62.5264519865755,105.099600407187
ENSSSCG00000033307,2.53336769646137,1.39362342066451
ENSSSCG00000033692,58.0104487015792,47.9270493448038
ENSSSCG00000034844,21.6621295784378,19.0008656622307
ENSSSCG00000010312,16.7789715548239,63.154934526699
ENSSSCG00000031680,33.521227635786,36.7440711643496
ENSSSCG00000060488,52.7601359393477,67.6757129400741
ENSSSCG00000010313,427.294684803151,620.808247683332
ENSSSCG00000055425,25.8476935986783,23.4536624453295
ENSSSCG00000010158,140.767126785984,148.131972372096
ENSSSCG00000026176,6.49863887353134,15.0919219213425
ENSSSCG00000041667,9.36244583474854,8.87160275105943
ENSSSCG00000010174,18.1007286138472,17.5732514264281
ENSSSCG00000010089,1.28504158516156,0.27192652110527
ENSSSCG00000048933,1.39518800674684,3.90894374088826
ENSSSCG00000053027,0.660878529511662,1.22366934497372
ENSSSCG00000041594,0.73430947723518,0.679816302763175
ENSSSCG00000054443,34.5492609039152,53.0596624306658
ENSSSCG00000056045,0.183577369308795,0.54385304221054
ENSSSCG00000046111,0.440585686341108,0.203944890828953
ENSSSCG00000050944,0.73430947723518,3.46706314409219
ENSSSCG00000055355,0.257008317032313,0.509862227072381
ENSSSCG00000043646,1.98263558853498,1.1556877146974
ENSSSCG00000044112,2.20292843170554,1.39362342066451
ENSSSCG00000062278,0.587447581788144,0.951742823868445
ENSSSCG00000059534,0.660878529511662,0.747797933039493
ENSSSCG00000057250,0.293723790894072,0.611834672486858
ENSSSCG00000057341,1.10146421585277,1.86949483259873
ENSSSCG00000044783,0.403870212479349,0.679816302763175
ENSSSCG00000051194,3.85512475548469,5.06463145558565
ENSSSCG00000061668,3.45125454300534,1.97146727801321
ENSSSCG00000061097,3.01066885666424,1.42761423580267
ENSSSCG00000010314,89.7693335920007,96.8398323286143
ENSSSCG00000010315,25.6274007555078,16.5195361571452
ENSSSCG00000019775,0.293723790894072,0.645825487625016
ENSSSCG00000010703,227.892946259938,151.259127364806
ENSSSCG00000010316,41.9290711501288,53.9094328091198
ENSSSCG00000010702,163.090134893933,95.2082732019827
ENSSSCG00000010317,21.0746819966497,12.0667393740464
ENSSSCG00000010728,329.521377909287,202.415304147735
ENSSSCG00000010319,21.625414104576,25.2211848325138
ENSSSCG00000035105,0.330439264755831,0.747797933039493
ENSSSCG00000040586,20.2302260978292,17.4032973507373
ENSSSCG00000010320,139.00478404062,139.022433915069
ENSSSCG00000024388,84.849460094525,69.3412628818439
ENSSSCG00000037237,15.8978001821416,15.9416922997965
ENSSSCG00000010765,80.7006115481462,85.1469919210877
ENSSSCG00000010322,50.3736301383333,46.5674167392775
ENSSSCG00000034308,1.76234274536443,1.01972445414476
ENSSSCG00000010719,10.7576338414954,19.6466911498558
ENSSSCG00000058782,4.2957104418258,7.44398851525677
ENSSSCG00000010325,80.2233103879434,219.036812750295
ENSSSCG00000023865,8.26098161889577,9.85733639006604
ENSSSCG00000010721,6.16819960877551,3.67100803492115
ENSSSCG00000023565,21.2215438920967,26.0709552109678
ENSSSCG00000010723,38.1473773423676,33.1070539445666
ENSSSCG00000010726,65.5371208432398,73.3521790681466
ENSSSCG00000010768,450.755872600815,862.177025979397
ENSSSCG00000039199,21.0746819966497,24.3374236389217
ENSSSCG00000056661,4.99330444519922,7.1720619941515
ENSSSCG00000010770,113.487529706697,187.527327117222
ENSSSCG00000024633,5.21359728836978,7.5799517758094
ENSSSCG00000026268,187.836364276759,89.497816258772
ENSSSCG00000010762,0.587447581788144,0.611834672486858
ENSSSCG00000054537,2.57008317032313,2.85522847160534
ENSSSCG00000042315,6.90250908601069,5.74444775834883
ENSSSCG00000061445,0.587447581788144,0.883761193592128
ENSSSCG00000056964,1.02803326812925,1.5635774963553
ENSSSCG00000057211,2.49665222259961,1.22366934497372
ENSSSCG00000044237,3.23096169983479,2.00545809315137
ENSSSCG00000053796,3.12081527824951,0.985733639006604
ENSSSCG00000059909,2.12949748398202,3.73898966519746
ENSSSCG00000010761,1.21161063743805,0.611834672486858
ENSSSCG00000010764,61.6085651400316,61.2174580638239
ENSSSCG00000023681,17.4765655581973,27.1586612953888
ENSSSCG00000029482,23.6814806408345,34.8745763317509
ENSSSCG00000037530,119.619013841611,154.930135399728
ENSSSCG00000010701,3.01066885666424,0.339908151381588
ENSSSCG00000010756,31.6120229949745,43.678197452534
ENSSSCG00000010757,1.46861895447036,1.05371526928292
ENSSSCG00000040426,14.4291812276713,7.07008954873702
ENSSSCG00000010759,53.6413073120299,57.376495953212
ENSSSCG00000010755,38.4043856593999,31.1695774816916
ENSSSCG00000026302,7.19623287690476,1.83550401746057
ENSSSCG00000010753,74.495696465509,2.41334787480927
ENSSSCG00000055799,11401.5498220829,1434.8542794271
ENSSSCG00000002980,2.71694506577016,0.373898966519746
ENSSSCG00000002978,0,0.54385304221054
ENSSSCG00000010734,121.89537322104,238.785476345565
ENSSSCG00000010735,45.1967483238253,44.7659035369551
ENSSSCG00000010732,55.4403655312561,40.687005720376
ENSSSCG00000035045,67.2994635886042,56.9006245412778
ENSSSCG00000010772,1.83577369308795,2.7192652110527
ENSSSCG00000010773,124.795895656119,121.993035530852
ENSSSCG00000041880,1.24832611129981,0.81577956331581
ENSSSCG00000048391,4.2957104418258,3.50105395923035
ENSSSCG00000010044,0.110146421585277,0.611834672486858
ENSSSCG00000010774,19.8630713592116,18.6949483259873
ENSSSCG00000033363,0.330439264755831,1.35963260552635
ENSSSCG00000034701,1.17489516357629,0
ENSSSCG00000010791,22.5800164249818,20.3944890828953
ENSSSCG00000038086,159.565449403205,178.757696811577
ENSSSCG00000009966,5.98462223946671,4.35082433768432
ENSSSCG00000009951,61.241410401414,153.570502794201
ENSSSCG00000033385,84.2620125127369,57.2745235077975
ENSSSCG00000009954,0.403870212479349,0.81577956331581
ENSSSCG00000010057,1.76234274536443,1.22366934497372
ENSSSCG00000010746,42.6633806273639,47.2472330420407
ENSSSCG00000010699,35.944448910662,34.4326957349548
ENSSSCG00000010700,22.396439055673,22.5359104365993
ENSSSCG00000042700,3.52468549072886,4.35082433768432
ENSSSCG00000062115,0.293723790894072,1.18967852983556
ENSSSCG00000053237,0.844455898820457,0.917752008730286
ENSSSCG00000027988,11.124788580113,17.2673340901846
ENSSSCG00000045438,0.550732107926385,0.713807117901334
ENSSSCG00000053690,0.73430947723518,1.29165097525003
ENSSSCG00000010056,30.8409980438775,17.2673340901846
ENSSSCG00000048831,0.881171372682216,0.577843857348699
ENSSSCG00000010055,17.2929881888885,19.7486635952702
ENSSSCG00000025393,54.1553239460945,69.579198587811
ENSSSCG00000009999,34.3289680607446,29.4360459096455
ENSSSCG00000010002,150.019426199147,152.8566956763
ENSSSCG00000056371,78.5711140641642,105.881389155365
ENSSSCG00000010005,36.9357667049295,53.1616348760803
ENSSSCG00000010006,6.75564719056365,10.0272904657568
ENSSSCG00000010007,10.3904791028778,19.4087554438886
ENSSSCG00000060999,61.6085651400316,65.1264018047122
ENSSSCG00000038709,10.7576338414954,18.0151320232241
ENSSSCG00000010062,107.649769362677,112.577579737582
ENSSSCG00000057266,27.573320870181,19.9865993012373
ENSSSCG00000035836,13.9885955413302,9.07554764188839
ENSSSCG00000010025,58.6713272310908,63.3928702326661
ENSSSCG00000010026,47.6199695987014,44.7659035369551
ENSSSCG00000010027,66.7854469545396,84.1272674669429
ENSSSCG00000010029,37.6700761821647,39.3273731148497
ENSSSCG00000010030,28.6013541383102,32.4272376418035
ENSSSCG00000009957,0.587447581788144,0.0679816302763175
ENSSSCG00000009958,1.28504158516156,42.9643903346327
ENSSSCG00000009959,4.9198734974757,6.49224569138832
ENSSSCG00000009960,33.1173574233066,32.0193478601455
ENSSSCG00000050530,1.68891179764091,1.80151320232241
ENSSSCG00000009962,56.6519761686941,55.8129184568567
ENSSSCG00000009963,41.5252009376494,30.6937060697574
ENSSSCG00000010009,3.41453906914359,4.04490700144089
ENSSSCG00000010010,82.6832471366812,85.418918442193
ENSSSCG00000010011,238.17327894123,187.391363856669
ENSSSCG00000010012,3.45125454300534,4.75871411934223
ENSSSCG00000033833,33.4477966880624,33.5489345413627
ENSSSCG00000010015,2.64351411804665,3.46706314409219
ENSSSCG00000010016,89.2553169579361,78.7227278599757
ENSSSCG00000020912,6.27834603036079,6.32229161569753
ENSSSCG00000010464,22.7268783204288,8.08981400288178
ENSSSCG00000010465,109.595689477351,124.202438514832
ENSSSCG00000010017,532.88838762957,832.57102599406
ENSSSCG00000010528,47.5832541248396,42.386546477284
ENSSSCG00000010529,0.917886846543975,0.849770378453969
ENSSSCG00000040359,0.881171372682216,0.781788748177651
ENSSSCG00000010530,3.41453906914359,2.20940298398032
ENSSSCG00000029781,107.429476519507,57.6824132894554
ENSSSCG00000030345,14.4291812276713,19.8846268558229
ENSSSCG00000010513,5.94790676560496,13.7322893158161
ENSSSCG00000010023,6.31506150422254,15.0919219213425
ENSSSCG00000010507,0.514016634064626,0.305917336243429
ENSSSCG00000010508,222.569202549983,162.238160654432
ENSSSCG00000010509,53.7881692074769,37.899758879047
ENSSSCG00000010476,180.34640760896,115.432808209187
ENSSSCG00000009956,122.005519642625,184.128245603406
ENSSSCG00000010533,10.8310647892189,15.9077014846583
ENSSSCG00000010534,33.3376502664772,29.7079724307508
ENSSSCG00000010535,8.99529109613095,13.2564179038819
ENSSSCG00000010536,0.697594003373421,0.917752008730286
ENSSSCG00000010467,37.1560595481001,42.2165924015932
ENSSSCG00000010468,7.48995666779883,6.52623650652648
ENSSSCG00000039887,76.0377463677029,59.5519081220541
ENSSSCG00000010470,52.0625419359742,37.8657680639089
ENSSSCG00000010471,4.99330444519922,2.10743053856584
ENSSSCG00000036314,2.34979032715257,1.18967852983556
ENSSSCG00000010473,10.7576338414954,11.1149965501779
ENSSSCG00000061268,23.1674640067699,10.4351802474147
ENSSSCG00000010454,40.9377533558613,49.4226452108828
ENSSSCG00000010456,16.1180930253122,16.485545342007
ENSSSCG00000031346,109.265250212595,9.51742823868445
ENSSSCG00000039261,8.18755067117225,6.15233754000673
ENSSSCG00000010457,6.42520792580782,5.64247531293435
ENSSSCG00000009967,86.3915099967189,74.7797933039493
ENSSSCG00000010459,4.25899496796404,24.9492583114085
ENSSSCG00000010531,5.17688181450802,7.61394259094756
ENSSSCG00000010532,1.6154808499174,1.42761423580267
ENSSSCG00000010512,3.45125454300534,2.07343972342768
ENSSSCG00000037185,16.2282394468975,11.9647669286319
ENSSSCG00000010514,50.0799063474392,45.4797106548564
ENSSSCG00000010517,60.2500926071465,52.3118644976263
ENSSSCG00000010518,30.1434040405041,33.2770080202574
ENSSSCG00000010519,29.5192409848542,29.8439356913034
ENSSSCG00000010520,56.7254071164176,71.4486934204097
ENSSSCG00000010521,24.525936539655,18.8649024016781
ENSSSCG00000010522,1.6154808499174,1.29165097525003
ENSSSCG00000010523,25.8476935986783,24.9152674962704
ENSSSCG00000036954,24.3056436964844,26.5128358077638
ENSSSCG00000010525,17.2929881888885,15.3298576273096
ENSSSCG00000036824,19.0920464081147,9.75536394465156
ENSSSCG00000009968,52.7968514132094,52.0739287916592
ENSSSCG00000034864,10.206901733569,3.7049988500593
ENSSSCG00000034860,16.1915239730357,11.0130241047634
ENSSSCG00000032261,72.659922772421,105.77941670995
ENSSSCG00000010460,18.7248916694971,21.41421353704
ENSSSCG00000030996,278.009568081239,149.661559053313
ENSSSCG00000022429,7.19623287690476,2.10743053856584
ENSSSCG00000010617,1.24832611129981,1.63155912663162
ENSSSCG00000036083,50.8142158246744,64.1066773505674
ENSSSCG00000010477,1.17489516357629,0.509862227072381
ENSSSCG00000010478,35.9077334368003,45.8876004365143
ENSSSCG00000010479,12.7402694300304,9.48343742354629
ENSSSCG00000010480,14.319034806086,1.5635774963553
ENSSSCG00000024359,14.7963359662889,14.0042158369214
ENSSSCG00000010556,57.423001119791,43.474252561705
ENSSSCG00000010481,2.97395338280248,1.29165097525003
ENSSSCG00000027230,6.42520792580782,7.47797933039493
ENSSSCG00000037592,45.0131709545165,55.3370470449224
ENSSSCG00000010483,29.702818354163,39.2933822997115
ENSSSCG00000029533,24.2689282226227,21.8560941338361
ENSSSCG00000010560,34.9531311163946,31.4415040027968
ENSSSCG00000030428,16.6688251332386,16.5195361571452
ENSSSCG00000021798,126.962108613963,114.786982721562
ENSSSCG00000010559,9.36244583474854,0.985733639006604
ENSSSCG00000010484,12.2262527959657,15.8057290392438
ENSSSCG00000022005,21.9925688431936,9.3134833478555
ENSSSCG00000010485,23.3510413760787,22.1960022852177
ENSSSCG00000061845,2.97395338280248,2.20940298398032
ENSSSCG00000010620,58.8549046003996,40.1091618630273
ENSSSCG00000010621,169.69892018905,114.175148049075
ENSSSCG00000035347,5.47060560540209,10.1972445414476
ENSSSCG00000022128,36.2014572276944,49.5586084714355
ENSSSCG00000024236,2.31307485329082,2.24339379911848
ENSSSCG00000030507,53.9717465767857,50.6123237407184
ENSSSCG00000009744,42.957104418258,45.2757657640275
ENSSSCG00000059716,0.660878529511662,1.93747646287505
ENSSSCG00000040815,4.88315802361394,4.65674167392775
ENSSSCG00000033051,2.53336769646137,0.509862227072381
ENSSSCG00000030026,8.29769709275753,14.989949475928
ENSSSCG00000009735,15.3470680742153,4.24885189226984
ENSSSCG00000026781,64.1052173626312,67.9136486460412
ENSSSCG00000058563,1.21161063743805,2.00545809315137
ENSSSCG00000062451,1.50533442833212,1.12169689955924
ENSSSCG00000010489,2.79037601349368,3.73898966519746
ENSSSCG00000055326,32.7869181585508,35.3844385588233
ENSSSCG00000051054,33.3009347926154,34.1607692138495
ENSSSCG00000010493,121.675080377869,78.7567186751138
ENSSSCG00000035618,43.6546984216314,54.4872766664685
ENSSSCG00000010625,98.8013401619934,115.160881688082
ENSSSCG00000010494,181.301009929366,270.804824205711
ENSSSCG00000045726,6.49863887353134,8.87160275105943
ENSSSCG00000035290,2.57008317032313,4.89467737989486
ENSSSCG00000010031,35.2835703811504,49.1507186897776
ENSSSCG00000009742,78.1305283778231,73.4881423286992
ENSSSCG00000009739,17.1461262934414,32.4612284569416
ENSSSCG00000010032,31.685453942698,31.475494817935
ENSSSCG00000028735,32.1994705767626,42.9643903346327
ENSSSCG00000010033,14.0987419629154,17.981141208086
ENSSSCG00000028018,65.500405369378,75.5615820521269
ENSSSCG00000010034,16.1180930253122,16.485545342007
ENSSSCG00000055956,50.9610777201215,61.9652559968634
ENSSSCG00000023569,16.9625489241326,17.8111871323952
ENSSSCG00000009741,16.2282394468975,18.9328840319544
ENSSSCG00000029226,87.2359658955393,108.022810509069
ENSSSCG00000010495,146.641602603865,85.6908449632982
ENSSSCG00000009748,69.6492539157568,84.7730929545679
ENSSSCG00000010496,40.056581983179,68.0156210914557
ENSSSCG00000010626,19.5693475683175,4.31683352254616
ENSSSCG00000010035,154.131559271664,112.679552182996
ENSSSCG00000042192,3.01066885666424,0.679816302763175
ENSSSCG00000010036,7.48995666779883,11.8288036680792
ENSSSCG00000010039,8.51798993592808,7.24004362442781
ENSSSCG00000010497,23.2408949544934,28.9601744977113
ENSSSCG00000009745,58.8916200742614,18.2870585443294
ENSSSCG00000035443,0.624163055649903,0.237935705967111
ENSSSCG00000031037,0.36715473861759,0.645825487625016
ENSSSCG00000046471,0.991317794267492,1.83550401746057
ENSSSCG00000033879,1.57876537605564,2.37935705967111
ENSSSCG00000009746,186.918477430215,180.18531104738
ENSSSCG00000009747,22.8737402158758,21.8900849489742
ENSSSCG00000030830,0.697594003373421,0
ENSSSCG00000009738,0.146861895447036,67.9816302763175
ENSSSCG00000038719,0.514016634064626,0.237935705967111
ENSSSCG00000035929,4.22227949410228,4.55476922851327
ENSSSCG00000024860,13.6581562765743,10.0952720960331
ENSSSCG00000010502,11.418512371007,17.131370829632
ENSSSCG00000009722,0.514016634064626,0.54385304221054
ENSSSCG00000010503,18.2108750354325,27.4645786316323
ENSSSCG00000010047,98.9849175313022,47.757095269113
ENSSSCG00000010046,28.7482160337573,52.6517726490079
ENSSSCG00000056696,126.007506293557,152.074906928122
ENSSSCG00000010504,10.4639100506013,14.4800872488556
ENSSSCG00000035148,20.7075272580321,20.8363696796913
ENSSSCG00000010052,103.721213659469,106.15331567647
ENSSSCG00000010505,0.440585686341108,0.577843857348699
ENSSSCG00000050121,6.13148413491375,6.69619058221727
ENSSSCG00000010527,8.40784351434281,6.35628243083569
ENSSSCG00000032821,4.73629612816691,1.22366934497372
ENSSSCG00000038904,14.6494740708418,9.61940068409893
ENSSSCG00000009755,41.8189247285435,96.771850698338
ENSSSCG00000010672,45.3068947454106,43.0663627800471
ENSSSCG00000054264,16.9992643979944,7.81788748177651
ENSSSCG00000009758,21.478552209129,23.9975154875401
ENSSSCG00000010656,0.440585686341108,0.27192652110527
ENSSSCG00000053106,0.146861895447036,0.475871411934223
ENSSSCG00000010053,48.7948647622777,45.2417749488893
ENSSSCG00000010452,22.690162846567,14.4121056185793
ENSSSCG00000010054,1.57876537605564,1.01972445414476
ENSSSCG00000010486,5.98462223946671,6.35628243083569
ENSSSCG00000010059,102.215879231137,74.4058943374295
ENSSSCG00000010058,68.1439194874247,70.4969505965413
ENSSSCG00000009998,62.159297247958,50.306406404475
ENSSSCG00000057185,8.00397330186346,11.5228863318358
ENSSSCG00000057183,1.21161063743805,1.32564179038819
ENSSSCG00000054147,0.403870212479349,0.645825487625016
ENSSSCG00000052820,1.39518800674684,1.46160505094083
ENSSSCG00000057968,5.25031276223153,3.09316417757245
ENSSSCG00000060561,5.14016634064626,6.83215384276991
ENSSSCG00000040413,67.9603421181159,80.1163512806402
ENSSSCG00000058992,0.587447581788144,0.305917336243429
ENSSSCG00000058078,0.183577369308795,0.339908151381588
ENSSSCG00000010379,52.7234204654859,79.7424523141204
ENSSSCG00000058540,3.37782359528183,2.58330195050007
ENSSSCG00000058877,80.7006115481462,54.6572307421593
ENSSSCG00000010351,62.6365984081608,74.8137841190874
ENSSSCG00000033616,9.2155839393015,9.48343742354629
ENSSSCG00000037951,15.8243692344181,28.9261836825731
ENSSSCG00000032144,18.9818999865294,22.6378828820137
ENSSSCG00000010352,2.60679864418489,0.917752008730286
ENSSSCG00000010674,74.3488345700619,79.7084614989823
ENSSSCG00000009729,16.9625489241326,25.697056244448
ENSSSCG00000009730,5.21359728836978,5.40453960696724
ENSSSCG00000010370,15.6775073389711,23.5896257058822
ENSSSCG00000052289,12.4098301652745,20.6664156040005
ENSSSCG00000009732,34.4023990084682,45.3437473943038
ENSSSCG00000009733,122.666398172137,103.57001372597
ENSSSCG00000010380,37.0826286003766,34.0248059532969
ENSSSCG00000009753,21.7722760000231,5.71045694321067
ENSSSCG00000042937,4.44257233727284,0.883761193592128
ENSSSCG00000043778,14.6127585969801,20.2585258223426
ENSSSCG00000009714,71.3748811872595,65.5682824015082
ENSSSCG00000040893,0.36715473861759,3.16114580784876
ENSSSCG00000010374,0.073430947723518,0.54385304221054
ENSSSCG00000010381,8.07740424958698,5.88041101890146
ENSSSCG00000038222,83.1238328230223,80.4902502471599
ENSSSCG00000050381,1.35847253288508,1.49559586607899
ENSSSCG00000010679,256.310723028939,240.960888514407
ENSSSCG00000009716,54.5224786847121,31.475494817935
ENSSSCG00000009717,45.5639030624429,37.5938415428036
ENSSSCG00000010376,1.46861895447036,14.5480688791319
ENSSSCG00000029331,412.388202415277,341.301774802252
ENSSSCG00000010680,41.0478997774465,44.1200780493301
ENSSSCG00000010681,12.5934075345833,14.5820596942701
ENSSSCG00000010682,140.363256573505,112.2376715862
ENSSSCG00000036758,10.1334707858455,9.8913272052042
ENSSSCG00000009720,38.8082558718792,19.1368289227834
ENSSSCG00000024300,79.52571638457,71.1767668993044
ENSSSCG00000009759,102.362741126584,84.8070837697061
ENSSSCG00000010336,0.146861895447036,0.713807117901334
ENSSSCG00000010337,2.34979032715257,6.39027324597385
ENSSSCG00000009761,188.864397544888,302.38229146906
ENSSSCG00000061214,1.68891179764091,1.12169689955924
ENSSSCG00000035760,4.14884854637876,7.91985992719099
ENSSSCG00000010339,29.3356636155454,39.7692537116457
ENSSSCG00000010340,375.70944402738,102.346344380996
ENSSSCG00000042383,0.991317794267492,0.237935705967111
ENSSSCG00000032962,172.966597362747,186.201685326834
ENSSSCG00000009764,21.8824224216084,30.8636601454481
ENSSSCG00000010664,140.877273207569,115.19487250322
ENSSSCG00000009765,284.434776007047,286.13468183302
ENSSSCG00000010341,137.058863925946,84.6031388788771
ENSSSCG00000010665,39.6894272445615,38.2056762152904
ENSSSCG00000009766,30.5105587791217,33.2090263899811
ENSSSCG00000020671,11.7856671096246,8.49770378453969
ENSSSCG00000009768,33.7048050050947,51.9039747159684
ENSSSCG00000010669,53.5678763643064,50.5103512953039
ENSSSCG00000032558,32.0526086813156,25.3231572779283
ENSSSCG00000010342,0.881171372682216,0.339908151381588
ENSSSCG00000009770,36.6787583878972,36.0642548615864
ENSSSCG00000009769,38.4043856593999,37.7637956184944
ENSSSCG00000009771,22.0292843170554,25.0172399416848
ENSSSCG00000009772,491.950634273709,214.753970042887
ENSSSCG00000009773,31.832315838145,40.4150791992708
ENSSSCG00000010345,118.847988890514,90.8234580491602
ENSSSCG00000024634,2.53336769646137,4.52077841337511
ENSSSCG00000022212,15.7142228128328,15.3978392575859
ENSSSCG00000010348,9.83974699495141,7.64793340608572
ENSSSCG00000009778,29.4825255109925,32.9370998688758
ENSSSCG00000009777,122.629682698275,97.5876302616538
ENSSSCG00000009776,54.1553239460945,66.2820895194096
ENSSSCG00000010687,28.491207716725,29.1981102036784
ENSSSCG00000009775,49.5658897133746,64.1066773505674
ENSSSCG00000009774,4.00198665093173,4.18087026199353
ENSSSCG00000009779,15.9345156560034,11.9647669286319
ENSSSCG00000010357,56.9456999595882,56.7986520958633
ENSSSCG00000009781,16.154808499174,20.564443158586
ENSSSCG00000009782,39.8730046138703,41.0609046868958
ENSSSCG00000010688,39.909720087732,42.6924638135274
ENSSSCG00000009783,28.2341993996927,28.2803581949481
ENSSSCG00000010690,58.340887966335,42.4545281075603
ENSSSCG00000009784,5.14016634064626,6.79816302763175
ENSSSCG00000010358,0.183577369308795,0.54385304221054
ENSSSCG00000060206,19.9732177807969,15.193894366757
ENSSSCG00000028889,23.5346187453875,24.3374236389217
ENSSSCG00000010691,0.073430947723518,1.32564179038819
ENSSSCG00000009786,59.3322057606025,47.315214672317
ENSSSCG00000010692,65.6472672648251,47.6891136388367
ENSSSCG00000010360,58.8549046003996,70.5989230419557
ENSSSCG00000009787,28.4544922428632,16.8254534933886
ENSSSCG00000024048,12.5566920607216,13.0864638281911
ENSSSCG00000009788,47.2528148600838,31.4075131876587
ENSSSCG00000039546,3.047384330526,1.42761423580267
ENSSSCG00000010627,307.418662644508,211.048971192828
ENSSSCG00000026850,3.26767717369655,5.67646612807251
ENSSSCG00000009751,5.14016634064626,5.23458553127645
ENSSSCG00000037918,36.6420429140355,130.15083116401
ENSSSCG00000060429,4.36914138954932,0.101972445414476
ENSSSCG00000037735,18.1007286138472,8.90559356619759
ENSSSCG00000050205,0.881171372682216,1.76752238718426
ENSSSCG00000026339,0.440585686341108,0.373898966519746
ENSSSCG00000053927,0.403870212479349,0.645825487625016
ENSSSCG00000059363,1.4319034806086,1.52958668121714
ENSSSCG00000058862,0.293723790894072,0.917752008730286
ENSSSCG00000010368,112.569642860153,86.8465326779956
ENSSSCG00000062741,0.807740424958698,1.22366934497372
ENSSSCG00000059008,0.697594003373421,0.441880596796064
ENSSSCG00000048761,5.17688181450802,1.08770608442108
ENSSSCG00000052895,1.02803326812925,0.645825487625016
ENSSSCG00000027767,7.52667214166059,8.39573133912521
ENSSSCG00000028341,8.44455898820457,7.5799517758094
ENSSSCG00000036770,0.807740424958698,0.475871411934223
ENSSSCG00000055707,5.32374370995505,7.40999770011861
ENSSSCG00000010628,57.0558463811735,59.2459907858107
ENSSSCG00000010639,3.01066885666424,4.96265901017118
ENSSSCG00000010640,7.9672578280017,9.27949253271734
ENSSSCG00000032408,39.1019796627733,31.9853570450074
ENSSSCG00000034754,207.148703528044,83.5834144247324
ENSSSCG00000010644,7.82039593255466,8.25976807857258
ENSSSCG00000010645,3.34110812142007,5.40453960696724
ENSSSCG00000010329,303.159667676544,150.069448834971
ENSSSCG00000010330,17.4398500843355,18.3550401746057
ENSSSCG00000033074,59.2220593390172,90.0756601161207
ENSSSCG00000010331,166.100803750598,167.268801294879
ENSSSCG00000010332,37.3029214435471,64.2766314262582
ENSSSCG00000010369,0.293723790894072,3.97692537116457
ENSSSCG00000051357,0.440585686341108,1.80151320232241
ENSSSCG00000042417,0.220292843170554,0.407889781657905
ENSSSCG00000054028,3.15753075211127,1.76752238718426
ENSSSCG00000042873,4.84644254975219,7.88586911205283
ENSSSCG00000063371,0.183577369308795,0.441880596796064
ENSSSCG00000055059,2.71694506577016,6.32229161569753
ENSSSCG00000063009,2.60679864418489,7.0021079184607
ENSSSCG00000056526,0.220292843170554,0.611834672486858
ENSSSCG00000010593,17.8070048229531,15.839719854382
ENSSSCG00000039704,1.76234274536443,0.441880596796064
ENSSSCG00000010594,76.9556332142468,85.3509368119166
ENSSSCG00000010359,11.0880731062512,8.39573133912521
ENSSSCG00000020954,5.14016634064626,4.41880596796064
ENSSSCG00000010597,6.09476866105199,7.85187829691467
ENSSSCG00000032165,40.3135903002114,37.6618231730799
ENSSSCG00000010599,34.9164156425328,60.1977336096792
ENSSSCG00000010600,15.1634907049065,12.0667393740464
ENSSSCG00000010603,38.4043856593999,27.7025143375994
ENSSSCG00000010604,38.0005154469205,56.9006245412778
ENSSSCG00000010605,22.54330095112,18.1850860989149
ENSSSCG00000010606,46.4450744351251,57.8523673651462
ENSSSCG00000010607,608.522263784793,38.103703769876
ENSSSCG00000010608,8.00397330186346,16.5535269722833
ENSSSCG00000010609,129.238467993392,157.64940061078
ENSSSCG00000043610,0.257008317032313,0.475871411934223
ENSSSCG00000010652,18.284305983156,25.901001135277
ENSSSCG00000010653,4.66286518044339,5.20059471613829
ENSSSCG00000022351,50.6306384553656,67.1658507130017
ENSSSCG00000010654,13.6948717504361,7.91985992719099
ENSSSCG00000030271,0.844455898820457,1.49559586607899
ENSSSCG00000010655,19.2756237774235,9.04155682675023
ENSSSCG00000010613,24.0853508533139,19.8166452255466
ENSSSCG00000010614,83.1605482968841,95.1742823868445
ENSSSCG00000010698,38.1106618685058,37.8657680639089
ENSSSCG00000051218,0.403870212479349,0.441880596796064
ENSSSCG00000049635,1.76234274536443,2.00545809315137
ENSSSCG00000050964,1.02803326812925,1.18967852983556
ENSSSCG00000047775,0.844455898820457,1.42761423580267
ENSSSCG00000056810,0.146861895447036,0.54385304221054
ENSSSCG00000057707,0.881171372682216,2.24339379911848
ENSSSCG00000058697,0.220292843170554,0.81577956331581
ENSSSCG00000060029,0.220292843170554,0.509862227072381
ENSSSCG00000010629,5.69089844857264,15.9077014846583
ENSSSCG00000040025,1.17489516357629,5.50651205238172
ENSSSCG00000010647,0.587447581788144,0.27192652110527
ENSSSCG00000053925,3.047384330526,8.25976807857258
ENSSSCG00000060789,1.13817968971453,1.86949483259873
ENSSSCG00000054634,2.8638069612172,1.32564179038819
ENSSSCG00000060936,7.85711140641642,3.09316417757245
ENSSSCG00000045261,1.24832611129981,0.81577956331581
ENSSSCG00000048494,1.57876537605564,1.49559586607899
ENSSSCG00000048917,15.0166288094594,11.9647669286319
ENSSSCG00000057578,0.73430947723518,1.35963260552635
ENSSSCG00000044927,4.51600328499635,1.35963260552635
ENSSSCG00000063099,1.21161063743805,0
ENSSSCG00000056519,20.413803467138,21.0743053856584
ENSSSCG00000010737,170.983961774212,176.310358121629
ENSSSCG00000010739,94.5056297201676,93.7466681510418
ENSSSCG00000010683,36.0913108061091,25.901001135277
ENSSSCG00000039838,6.31506150422254,3.67100803492115
ENSSSCG00000010685,115.763889086126,122.196980421681
ENSSSCG00000010738,48.7948647622777,48.5388840172907
ENSSSCG00000025820,29.0786552985131,36.404163012968
ENSSSCG00000049861,3.01066885666424,3.02518254729613
ENSSSCG00000025876,40.0198665093173,21.6521492430071
ENSSSCG00000010238,171.497978408276,214.482043521782
ENSSSCG00000010239,42.0025020978523,48.3009483113236
ENSSSCG00000010240,1.76234274536443,1.97146727801321
ENSSSCG00000022303,15.4572144958005,10.6391251382437
ENSSSCG00000010276,28.8950779292043,5.77843857348699
ENSSSCG00000010277,23.461187797664,13.2904087190201
ENSSSCG00000010686,89.3287479056596,154.318300727241
ENSSSCG00000010741,31.8690313120068,42.1146199561787
ENSSSCG00000010742,50.4837765599186,71.2787393447189
ENSSSCG00000010743,27.9771910826603,35.7923283404812
ENSSSCG00000010744,42.5165187319169,49.3206727654684
ENSSSCG00000010745,69.0250908601069,111.387901207746
ENSSSCG00000010548,13.6581562765743,13.9362342066451
ENSSSCG00000010550,22.1027152647789,16.2136188209017
ENSSSCG00000010551,14.7596204924271,12.9844913827766
ENSSSCG00000010552,4.22227949410228,6.90013547304623
ENSSSCG00000010554,192.829668721958,197.452645137564
ENSSSCG00000006164,5.03001991906098,5.47252123724356
ENSSSCG00000006165,48.2441326543513,61.0475039881331
ENSSSCG00000006166,71.4850276088447,70.7688771176465
ENSSSCG00000010555,38.1106618685058,41.8087026199353
ENSSSCG00000010563,58.8916200742614,60.2317244248173
ENSSSCG00000010564,17.2562727150267,18.9668748470926
ENSSSCG00000010565,144.622251541469,131.272528063569
ENSSSCG00000010566,20.9278201012026,24.9832491265467
ENSSSCG00000055478,2.38650580101433,5.26857634641461
ENSSSCG00000010568,7.56338761552235,8.22577726343442
ENSSSCG00000010569,140.620264890537,180.797145719866
ENSSSCG00000010570,3.81840928162293,4.24885189226984
ENSSSCG00000010571,39.762858192285,38.0697129547378
ENSSSCG00000010573,11.8958135312099,9.99329965061867
ENSSSCG00000010574,240.816793059277,214.1421353704
ENSSSCG00000010575,39.9464355615938,34.1607692138495
ENSSSCG00000010576,80.7006115481462,75.799517758094
ENSSSCG00000010577,1.06474874199101,0.577843857348699
ENSSSCG00000010578,0.403870212479349,0.203944890828953
ENSSSCG00000010580,73.6879560405503,81.6119471467192
ENSSSCG00000010581,154.131559271664,165.39930646228
ENSSSCG00000038504,16.3383858684827,21.6521492430071
ENSSSCG00000033359,157.325805497637,184.97801598186
ENSSSCG00000010584,8.15083519731049,20.4284798980334
ENSSSCG00000010585,104.418807662843,108.770608442108
ENSSSCG00000009612,2.79037601349368,2.03944890828953
ENSSSCG00000009611,70.9710109747801,72.2984637988637
ENSSSCG00000009610,1.50533442833212,1.42761423580267
ENSSSCG00000009613,28.9685088769278,11.4888955166977
ENSSSCG00000051235,1.57876537605564,0.203944890828953
ENSSSCG00000009614,73.430947723518,54.9631480784027
ENSSSCG00000009615,17.5499965059208,10.2312353565858
ENSSSCG00000009616,25.4071079123372,4.8606865647567
ENSSSCG00000009617,16.1915239730357,13.0184821979148
ENSSSCG00000033355,3.4879700168671,5.20059471613829
ENSSSCG00000061162,0.660878529511662,1.35963260552635
ENSSSCG00000009619,0.440585686341108,0.713807117901334
ENSSSCG00000009620,65.9042755818574,48.2329666810473
ENSSSCG00000009621,3.45125454300534,1.46160505094083
ENSSSCG00000009622,42.9938198921198,38.6135659969483
ENSSSCG00000055518,0.146861895447036,0.577843857348699
ENSSSCG00000010261,46.5552208567104,31.8833845995929
ENSSSCG00000010266,3.047384330526,3.46706314409219
ENSSSCG00000010267,1.46861895447036,1.49559586607899
ENSSSCG00000034444,132.689722536397,166.554994176978
ENSSSCG00000036446,4.11213307251701,3.09316417757245
ENSSSCG00000010271,0.220292843170554,0.611834672486858
ENSSSCG00000010272,40.3503057740731,9.75536394465156
ENSSSCG00000010273,8.00397330186346,3.2971090684014
ENSSSCG00000010274,84.0050041957045,89.4298346284957
ENSSSCG00000010275,41.7822092546817,47.1452605966262
ENSSSCG00000045502,2.97395338280248,1.49559586607899
ENSSSCG00000010384,78.90155332892,49.7285625471263
ENSSSCG00000010385,18.431167878603,16.8254534933886
ENSSSCG00000036822,1.24832611129981,0.849770378453969
ENSSSCG00000061821,2.82709148735544,4.01091618630273
ENSSSCG00000010391,1.06474874199101,1.93747646287505
ENSSSCG00000010394,0.697594003373421,0.441880596796064
ENSSSCG00000010747,0.844455898820457,0
ENSSSCG00000010165,1.17489516357629,1.29165097525003
ENSSSCG00000049255,0.991317794267492,1.05371526928292
ENSSSCG00000010166,43.9484222125255,31.0676050362771
ENSSSCG00000010169,16.9258334502709,11.5908679621121
ENSSSCG00000052826,1.50533442833212,6.32229161569753
ENSSSCG00000010537,51.181370563292,49.7285625471263
ENSSSCG00000037536,30.4004123575364,41.7747118047971
ENSSSCG00000010540,25.7742626509548,23.8615522269874
ENSSSCG00000010541,47.1059529646368,50.4083788498894
ENSSSCG00000010542,18.9084690388059,22.060039024665
ENSSSCG00000010543,3.81840928162293,3.7049988500593
ENSSSCG00000010544,51.4750943541861,69.6471802180873
ENSSSCG00000049992,5.25031276223153,8.7356394905068
ENSSSCG00000044372,2.53336769646137,2.41334787480927
ENSSSCG00000010167,16.0079466037269,14.140179097474
ENSSSCG00000010579,177.739608964775,129.912895458043
ENSSSCG00000010586,17.5499965059208,21.1082962007966
ENSSSCG00000041413,0.771024951096939,1.35963260552635
ENSSSCG00000038856,90.7606513862682,115.56877146974
ENSSSCG00000031782,42.039217571714,38.8175108877773
ENSSSCG00000010589,32.9704955278596,18.6949483259873
ENSSSCG00000029594,93.4775964520384,123.284686506102
ENSSSCG00000010591,5.47060560540209,0.611834672486858
ENSSSCG00000038633,35.1367084857033,24.0654971178164
ENSSSCG00000010592,21.8457069477466,25.5950837990335
ENSSSCG00000010631,30.6574206745687,28.042422488981
ENSSSCG00000031789,84.702598199078,83.3794695339034
ENSSSCG00000010635,67.5197564317748,65.942181368028
ENSSSCG00000032968,12.2262527959657,12.6785740465332
ENSSSCG00000010638,39.3222725059439,33.1410447597048
ENSSSCG00000059478,1.54204990219388,2.3113754293948
ENSSSCG00000010067,131.07424168648,97.213731295134
ENSSSCG00000010068,28.1607684519691,19.2388013681979
ENSSSCG00000039626,62.6365984081608,3.80697129547378
ENSSSCG00000010070,70.1265550759597,64.1066773505674
ENSSSCG00000010071,65.500405369378,73.1482341773176
ENSSSCG00000010073,14.3924657538095,22.4339379911848
ENSSSCG00000010076,0.330439264755831,0.713807117901334
ENSSSCG00000062733,0.954602320405733,1.69954075690794
ENSSSCG00000010078,31.4651610995274,37.899758879047
ENSSSCG00000010079,33.4477966880624,29.6399908004744
ENSSSCG00000010081,229.141272371238,212.136677277249
ENSSSCG00000056621,0.330439264755831,0.679816302763175
ENSSSCG00000054789,75.6338761552235,20.7343972342768
ENSSSCG00000010083,115.83732003385,109.756342081115
ENSSSCG00000010084,1.79905821922619,1.46160505094083
ENSSSCG00000054186,272.795970792869,4.92866819503302
ENSSSCG00000010086,28.3810612951397,9.65339149923709
ENSSSCG00000010087,15.2736371264917,12.3386658951516
ENSSSCG00000037143,127.10897050941,89.1918989225286
ENSSSCG00000010396,27.4998899224575,28.1104041192573
ENSSSCG00000033700,20.560665362585,23.9635246724019
ENSSSCG00000039871,0.477301160202867,0.203944890828953
ENSSSCG00000010399,101.885439966381,87.3224040899298
ENSSSCG00000010400,23.1674640067699,15.8737106695201
ENSSSCG00000010401,56.8355535380029,54.0793868848106
ENSSSCG00000010402,15.4939299696623,15.1599035516188
ENSSSCG00000010403,102.252594704999,130.626702575944
ENSSSCG00000010404,2.0560665362585,1.83550401746057
ENSSSCG00000042874,30.6574206745687,33.4469620959482
ENSSSCG00000029662,86.2079326274101,138.308626797168
ENSSSCG00000022256,3.08409980438775,16.3835728965925
ENSSSCG00000025787,20.0466487285204,6.32229161569753
ENSSSCG00000021075,5.39717465767857,1.22366934497372
ENSSSCG00000010649,0.440585686341108,4.75871411934223
ENSSSCG00000010650,12.9972777470627,9.1435292721647
ENSSSCG00000010651,87.749982529604,73.7260780346663
ENSSSCG00000010648,57.423001119791,77.1251595484822
ENSSSCG00000009971,88.0804217943598,67.1658507130017
ENSSSCG00000009972,285.315947379729,187.799253638327
ENSSSCG00000009975,31.3550146779422,5.37054879182908
ENSSSCG00000009973,27.0225887622546,24.3374236389217
ENSSSCG00000009974,521.102720519945,338.242601439818
ENSSSCG00000025564,38.2208082900911,42.7944362589419
ENSSSCG00000009977,0.220292843170554,0.645825487625016
ENSSSCG00000009978,91.3480989680563,76.7172697668243
ENSSSCG00000009979,1.87248916694971,3.67100803492115
ENSSSCG00000009988,50.5939229815039,53.5015430274619
ENSSSCG00000051359,21.4418367352672,27.3286153710796
ENSSSCG00000057224,4.33242591568756,8.80362112078312
ENSSSCG00000028707,96.7452736257349,240.824925253855
ENSSSCG00000025869,0.183577369308795,7.34201606984229
ENSSSCG00000024279,9.14215299157799,15.4318300727241
ENSSSCG00000024550,40.680745038829,57.0025969866922
ENSSSCG00000025186,33.3009347926154,33.6509069867772
ENSSSCG00000009994,80.590465126561,139.362342066451
ENSSSCG00000040961,2.38650580101433,0.475871411934223
ENSSSCG00000055807,1.35847253288508,1.66554994176978
ENSSSCG00000010212,122.703113645999,280.526197335224
ENSSSCG00000010214,5.28702823609329,1.63155912663162
ENSSSCG00000028327,40.9010378819995,46.669389184692
ENSSSCG00000009692,13.5847253288508,11.1829781804542
ENSSSCG00000054757,0.991317794267492,1.1556877146974
ENSSSCG00000059441,0.330439264755831,0.951742823868445
ENSSSCG00000009693,4.14884854637876,3.53504477436851
ENSSSCG00000035133,20.6708117841703,27.192652110527
ENSSSCG00000032852,18.9084690388059,16.485545342007
ENSSSCG00000027568,0.403870212479349,0.305917336243429
ENSSSCG00000009652,17.1094108195797,11.3869230712832
ENSSSCG00000009653,1.13817968971453,0.713807117901334
ENSSSCG00000047090,1.54204990219388,0.27192652110527
ENSSSCG00000035901,104.78596240146,93.6786865207655
ENSSSCG00000035269,9.25229941316326,0.203944890828953
ENSSSCG00000009578,28.4544922428632,25.6630654293099
ENSSSCG00000009885,60.8375401889346,94.9703374960156
ENSSSCG00000009886,28.491207716725,32.7331549780469
ENSSSCG00000009887,27.6100363440428,31.0336142211389
ENSSSCG00000009888,114.368701079379,55.676955196304
ENSSSCG00000009893,2.49665222259961,2.37935705967111
ENSSSCG00000038099,0.697594003373421,1.63155912663162
ENSSSCG00000009890,57.1659928027587,88.4101101743509
ENSSSCG00000059002,0.771024951096939,0.713807117901334
ENSSSCG00000009889,70.677287183886,67.6417221249359
ENSSSCG00000009896,15.383783548077,19.4087554438886
ENSSSCG00000033876,72.1826216122182,72.8423168410742
ENSSSCG00000009898,120.463469740431,109.382443114595
ENSSSCG00000036014,1832.10214570177,1254.73695000999
ENSSSCG00000040546,127.733133565059,95.7861170593314
ENSSSCG00000009901,3.19424622597303,2.95720091701981
ENSSSCG00000029365,2.57008317032313,4.99664982530934
ENSSSCG00000062912,8.51798993592808,8.53169459967785
ENSSSCG00000032747,16.7789715548239,18.2870585443294
ENSSSCG00000009906,63.5912007285666,54.9971388935409
ENSSSCG00000009904,86.83209568306,142.591469504576
ENSSSCG00000009903,28.8583624553426,22.2299931003558
ENSSSCG00000009910,221.46773833413,230.627680712407
ENSSSCG00000009911,0.844455898820457,1.01972445414476
ENSSSCG00000009912,18.4678833524648,15.5338025181386
ENSSSCG00000056057,1.35847253288508,1.05371526928292
ENSSSCG00000009914,401.18998288744,331.342465966771
ENSSSCG00000059198,106.144434934345,102.82221579293
ENSSSCG00000009916,47.9136933895955,28.0084316738428
ENSSSCG00000009917,45.9677732749222,40.0751710478892
ENSSSCG00000057664,0.036715473861759,0.81577956331581
ENSSSCG00000009919,1.17489516357629,1.76752238718426
ENSSSCG00000024329,19.4592011467323,21.8560941338361
ENSSSCG00000009921,6.75564719056365,5.09862227072381
ENSSSCG00000046622,17.6968584013678,17.131370829632
ENSSSCG00000040422,12.2629682698275,12.7125648616714
ENSSSCG00000009924,98.4341854233758,103.060151498897
ENSSSCG00000009925,63.1138995683637,68.5594741336662
ENSSSCG00000009926,33.7782359528183,40.2791159387181
ENSSSCG00000039012,30.0332576189188,26.4108633623493
ENSSSCG00000009929,3.63483191231414,3.16114580784876
ENSSSCG00000009927,2.38650580101433,2.10743053856584
ENSSSCG00000009931,18.1374440877089,16.3495820814544
ENSSSCG00000009932,12.0059599527952,10.5031618776911
ENSSSCG00000009933,87.8601289511892,86.7445602325811
ENSSSCG00000009934,183.577369308795,142.081607277504
ENSSSCG00000009936,4.11213307251701,0.475871411934223
ENSSSCG00000061436,37.3396369174089,44.2560413098827
ENSSSCG00000009938,32.7134872108273,29.4360459096455
ENSSSCG00000009940,22.8737402158758,28.7222387917441
ENSSSCG00000032917,34.0719597437123,55.2010837843698
ENSSSCG00000009942,0.954602320405733,0.237935705967111
ENSSSCG00000009943,11.0880731062512,18.8649024016781
ENSSSCG00000009944,60.8008247150729,73.9300229254953
ENSSSCG00000024495,2.12949748398202,1.35963260552635
ENSSSCG00000027124,20.7075272580321,9.17752008730286
ENSSSCG00000023380,94.1751904554118,111.455882838023
ENSSSCG00000009946,70.2367014975449,79.5385074232915
ENSSSCG00000009945,33.8883823744035,8.12380481801994
ENSSSCG00000015770,7.63681856324587,6.66219976707912
ENSSSCG00000015771,1.39518800674684,0.0679816302763175
ENSSSCG00000015772,150.129572620732,35.5883834496522
ENSSSCG00000015746,9.47259225633382,1.25766016011187
ENSSSCG00000023155,19.1287618819764,18.3550401746057
ENSSSCG00000023419,23.7916270624198,29.7419632458889
ENSSSCG00000029796,5.14016634064626,2.54931113536191
ENSSSCG00000015747,6.31506150422254,14.3101331731648
ENSSSCG00000015748,4.07541759865525,0.645825487625016
ENSSSCG00000015754,7.71024951096939,5.16660390100013
ENSSSCG00000015753,5.1034508667845,15.3298576273096
ENSSSCG00000015755,70.1999860236832,66.1801170739951
ENSSSCG00000015756,3.85512475548469,0.339908151381588
ENSSSCG00000036877,24.4892210657932,45.2757657640275
ENSSSCG00000053249,0.991317794267492,1.52958668121714
ENSSSCG00000032248,0.330439264755831,0.373898966519746
ENSSSCG00000027555,4.03870212479349,8.02183237260547
ENSSSCG00000023328,68.5845051737658,47.2132422269025
ENSSSCG00000015766,5.14016634064626,9.85733639006604
ENSSSCG00000015767,8.99529109613095,12.3046750800135
ENSSSCG00000030395,2.71694506577016,2.17541216884216
ENSSSCG00000015769,165.072770482468,71.3467209749952
ENSSSCG00000029304,8.66485183137512,2.92321010188165
ENSSSCG00000015712,49.7861825565452,43.7801698979485
ENSSSCG00000015726,3.12081527824951,0.101972445414476
ENSSSCG00000040701,15.2736371264917,6.28830080055937
ENSSSCG00000015714,30.1434040405041,30.82966933031
ENSSSCG00000036229,34.1086752175741,35.6223742647904
ENSSSCG00000038610,28.8583624553426,36.6760895340733
ENSSSCG00000025455,68.2540659090099,57.4444775834883
ENSSSCG00000039185,53.8616001552004,37.899758879047
ENSSSCG00000015743,27.0225887622546,26.3088909169349
ENSSSCG00000015718,5.7276139224344,6.45825487625016
ENSSSCG00000032213,58.1205951231645,50.6463145558565
ENSSSCG00000015729,56.5051142732471,54.5212674816066
ENSSSCG00000015730,43.7648448432167,38.0357221395996
ENSSSCG00000039157,69.1719527555539,75.9014902035085
ENSSSCG00000047828,0.587447581788144,0.169954075690794
ENSSSCG00000054656,75.8541689983941,36.9820068703167
ENSSSCG00000015733,5.80104487015792,6.90013547304623
ENSSSCG00000052347,1.17489516357629,2.41334787480927
ENSSSCG00000038305,9.06872204385447,8.36174052398705
ENSSSCG00000051026,8.40784351434281,1.05371526928292
ENSSSCG00000048604,0.954602320405733,2.41334787480927
ENSSSCG00000047818,1.24832611129981,2.85522847160534
ENSSSCG00000058574,8.15083519731049,9.3134833478555
ENSSSCG00000025924,464.414028877389,382.940523346496
ENSSSCG00000016230,11.7489516357629,8.63366704509232
ENSSSCG00000016166,15.3103526003535,13.1544454584674
ENSSSCG00000049911,0.624163055649903,0.849770378453969
ENSSSCG00000027669,185.045988263265,385.557816112135
ENSSSCG00000016160,3.26767717369655,5.4385304221054
ENSSSCG00000016164,14.0987419629154,27.2606337408033
ENSSSCG00000056431,0.183577369308795,0.407889781657905
ENSSSCG00000054367,0.330439264755831,0.339908151381588
ENSSSCG00000054900,2.75366053963192,4.41880596796064
ENSSSCG00000054533,0.73430947723518,3.36509069867772
ENSSSCG00000038149,25.4805388600607,13.3923811644345
ENSSSCG00000035592,0.36715473861759,1.25766016011187
ENSSSCG00000021852,2.01935106239674,0.339908151381588
ENSSSCG00000016232,15.5673609173858,15.9077014846583
ENSSSCG00000016233,17.2929881888885,7.5799517758094
ENSSSCG00000063355,2.0560665362585,1.97146727801321
ENSSSCG00000016255,55.6239429005649,69.1373179910149
ENSSSCG00000035058,37.8169380776118,101.836482153924
ENSSSCG00000048993,0,0.81577956331581
ENSSSCG00000016256,25.1868150691667,99.355152648838
ENSSSCG00000016267,151.96534631382,135.419407510424
ENSSSCG00000016248,40.9377533558613,37.7637956184944
ENSSSCG00000021968,1.35847253288508,2.88921928674349
ENSSSCG00000015906,0.146861895447036,0.441880596796064
ENSSSCG00000015879,4.80972707589043,1.12169689955924
ENSSSCG00000016300,54.1186084722327,58.8041101890146
ENSSSCG00000029753,22.9838866374611,26.546826622902
ENSSSCG00000015897,30.9878599393246,22.5019196214611
ENSSSCG00000027472,64.435656627387,15.8057290392438
ENSSSCG00000016301,1.13817968971453,1.39362342066451
ENSSSCG00000025729,22.3597235818112,17.3013249053228
ENSSSCG00000016243,17.2929881888885,14.7180229548227
ENSSSCG00000016244,3.26767717369655,1.12169689955924
ENSSSCG00000015907,67.5197564317748,45.819618806238
ENSSSCG00000016245,3.52468549072886,4.18087026199353
ENSSSCG00000015908,26.1047019157106,32.12132030556
ENSSSCG00000031572,100.306674590326,105.337536113154
ENSSSCG00000024204,4.4792878111346,2.37935705967111
ENSSSCG00000015913,3.41453906914359,5.37054879182908
ENSSSCG00000016008,30.1434040405041,28.1443949343954
ENSSSCG00000016027,66.1245684250279,76.9552054727914
ENSSSCG00000015871,14.0987419629154,18.9328840319544
ENSSSCG00000015872,53.1272906779652,35.4864110042377
ENSSSCG00000040847,17.6968584013678,10.8770608442108
ENSSSCG00000025174,51.2548015110155,50.4423696650276
ENSSSCG00000016270,2.0560665362585,9.75536394465156
ENSSSCG00000016295,19.0920464081147,21.8221033186979
ENSSSCG00000026146,2.90052243507896,0.135963260552635
ENSSSCG00000016297,0.36715473861759,0.577843857348699
ENSSSCG00000016298,7.74696498483114,5.54050286751988
ENSSSCG00000015889,27.4631744485957,34.7726038863364
ENSSSCG00000015892,43.5812674739079,31.3395315573824
ENSSSCG00000016272,103.280627973128,81.6459379618573
ENSSSCG00000016273,0.587447581788144,0.611834672486858
ENSSSCG00000023994,42.0025020978523,39.4633363754023
ENSSSCG00000033015,60.2500926071465,18.0831136535005
ENSSSCG00000009432,32.1627551029009,35.1465028528562
ENSSSCG00000015894,5.03001991906098,3.94293455602642
ENSSSCG00000016234,75.4502987859147,73.4541515135611
ENSSSCG00000016237,3.15753075211127,2.85522847160534
ENSSSCG00000015895,1.54204990219388,0
ENSSSCG00000015896,9.2155839393015,5.26857634641461
ENSSSCG00000025993,75.7440225768088,30.7616877000337
ENSSSCG00000016226,42.3696568364699,43.2023260405998
ENSSSCG00000015874,84.6658827252162,67.5057588643833
ENSSSCG00000025134,6.75564719056365,7.1720619941515
ENSSSCG00000016030,36.4951810185884,46.0915453273433
ENSSSCG00000015876,15.3470680742153,12.1007301891845
ENSSSCG00000033987,50.5204920337804,40.4490700144089
ENSSSCG00000016009,9.80303152108965,16.0436647452109
ENSSSCG00000016010,8.29769709275753,8.83761193592128
ENSSSCG00000016224,6.86579361214893,6.56022732166464
ENSSSCG00000015878,70.9710109747801,65.3643375106793
ENSSSCG00000046102,4.62614970658163,5.91440183403962
ENSSSCG00000016223,120.867339952911,78.5187829691467
ENSSSCG00000016022,1.98263558853498,7.07008954873702
ENSSSCG00000016031,13.9885955413302,8.76963030564496
ENSSSCG00000016275,371.597310954863,312.749490086199
ENSSSCG00000016032,0.587447581788144,0.679816302763175
ENSSSCG00000016033,68.2173504351482,44.6299402764024
ENSSSCG00000016258,16.154808499174,8.49770378453969
ENSSSCG00000034262,0.73430947723518,0.645825487625016
ENSSSCG00000015901,16.5586787116533,12.4746291557043
ENSSSCG00000025598,46.7387982260192,35.5883834496522
ENSSSCG00000037274,1387.18403344498,1258.88382945685
ENSSSCG00000038730,135.847253288508,192.761912648498
ENSSSCG00000024373,168.670886920921,161.388390275978
ENSSSCG00000015903,16.7422560809621,1.22366934497372
ENSSSCG00000015911,0.587447581788144,0.54385304221054
ENSSSCG00000023924,11.2349350016982,13.5963260552635
ENSSSCG00000015905,0.587447581788144,0.27192652110527
ENSSSCG00000015880,42.2962258887463,41.7747118047971
ENSSSCG00000016017,366.824299352834,159.620867888793
ENSSSCG00000035702,18.6881761956353,17.5052697961518
ENSSSCG00000015882,79.7460092277405,87.798275501864
ENSSSCG00000015883,29.6293874064395,28.7902204220205
ENSSSCG00000016018,13.9518800674684,5.37054879182908
ENSSSCG00000016279,18.9818999865294,19.4087554438886
ENSSSCG00000016019,121.932088694902,118.390009126207
ENSSSCG00000036050,26.7288649713605,31.4415040027968
ENSSSCG00000033334,39.9464355615938,44.324022940159
ENSSSCG00000021956,10.7576338414954,20.2245350072045
ENSSSCG00000015885,23.314325902217,2.7192652110527
ENSSSCG00000022177,55.9176666914589,52.3798461279026
ENSSSCG00000057909,0.440585686341108,0.81577956331581
ENSSSCG00000016020,8.73828277909864,10.5031618776911
ENSSSCG00000053123,0.036715473861759,0.577843857348699
ENSSSCG00000028949,15.7509382866946,18.3550401746057
ENSSSCG00000015988,436.950854428794,312.715499271061
ENSSSCG00000038466,58.7447581788144,85.011028660535
ENSSSCG00000015987,226.718051096362,216.623464875486
ENSSSCG00000016290,6.16819960877551,4.48678759823696
ENSSSCG00000016259,22.9104556897376,21.1762778310729
ENSSSCG00000023983,55.8442357437354,38.2736578455668
ENSSSCG00000016260,4.66286518044339,5.77843857348699
ENSSSCG00000037351,0.36715473861759,0.339908151381588
ENSSSCG00000016261,24.2689282226227,21.41421353704
ENSSSCG00000015886,3.23096169983479,0.917752008730286
ENSSSCG00000015888,39.762858192285,45.7176463608235
ENSSSCG00000053075,0.550732107926385,0.135963260552635
ENSSSCG00000053639,0.220292843170554,0.475871411934223
ENSSSCG00000063481,0.146861895447036,0.407889781657905
ENSSSCG00000043178,0.293723790894072,0.81577956331581
ENSSSCG00000053965,0.183577369308795,1.25766016011187
ENSSSCG00000044287,0.881171372682216,1.29165097525003
ENSSSCG00000046097,1.79905821922619,1.52958668121714
ENSSSCG00000050752,1.24832611129981,2.07343972342768
ENSSSCG00000062709,0.220292843170554,1.05371526928292
ENSSSCG00000058986,0.514016634064626,0.747797933039493
ENSSSCG00000061915,2.34979032715257,4.14687944685537
ENSSSCG00000056258,4.14884854637876,2.99119173215797
ENSSSCG00000062618,0.771024951096939,2.95720091701981
ENSSSCG00000061229,0.660878529511662,0.203944890828953
ENSSSCG00000052127,78.2039593255466,67.9476394611793
ENSSSCG00000034567,7.3430947723518,9.48343742354629
ENSSSCG00000016263,34.6594073255005,35.4184293739614
ENSSSCG00000032605,17.6601429275061,12.9844913827766
ENSSSCG00000035603,11.6388052141776,7.91985992719099
ENSSSCG00000038903,2.16621295784378,2.141421353704
ENSSSCG00000015996,9.14215299157799,7.7499058515002
ENSSSCG00000023133,21.331690313682,18.8988932168163
ENSSSCG00000038254,27.6467518179045,23.5896257058822
ENSSSCG00000016266,77.4696498483114,94.4944660840813
ENSSSCG00000050073,0.881171372682216,0.441880596796064
ENSSSCG00000015999,8.29769709275753,4.31683352254616
ENSSSCG00000041385,1.50533442833212,2.3113754293948
ENSSSCG00000049025,19.5693475683175,21.8560941338361
ENSSSCG00000036052,15.9345156560034,21.5161859824545
ENSSSCG00000057435,0.624163055649903,3.05917336243429
ENSSSCG00000059972,0.220292843170554,0.339908151381588
ENSSSCG00000052644,6.82907813828717,8.97357519647391
ENSSSCG00000051792,0.146861895447036,0.441880596796064
ENSSSCG00000061660,0.73430947723518,1.80151320232241
ENSSSCG00000041092,7.56338761552235,9.68738231437525
ENSSSCG00000050388,6.24163055649903,2.20940298398032
ENSSSCG00000018293,0.403870212479349,0.305917336243429
ENSSSCG00000019707,0.881171372682216,0.81577956331581
ENSSSCG00000016291,56.2481059562148,48.1989758659091
ENSSSCG00000053339,0.954602320405733,0.407889781657905
ENSSSCG00000023181,7.93054235413994,4.14687944685537
ENSSSCG00000056704,0.220292843170554,0.407889781657905
ENSSSCG00000062783,12.9972777470627,22.060039024665
ENSSSCG00000041701,0.403870212479349,1.08770608442108
ENSSSCG00000060864,0.440585686341108,0.203944890828953
ENSSSCG00000054266,2.01935106239674,3.73898966519746
ENSSSCG00000015828,71.0077264486419,43.6102158222577
ENSSSCG00000015830,0.293723790894072,0.407889781657905
ENSSSCG00000015774,12.2629682698275,9.92531802034236
ENSSSCG00000015775,57.6065784890998,28.8921928674349
ENSSSCG00000021731,35.650725119768,32.325265196389
ENSSSCG00000015779,47.5465386509779,67.5057588643833
ENSSSCG00000024555,22.4698700033965,42.7944362589419
ENSSSCG00000015776,88.7045848500097,103.604004541108
ENSSSCG00000015777,46.004488748784,58.7701193738765
ENSSSCG00000015780,51.2548015110155,44.4599862007116
ENSSSCG00000015781,3.4879700168671,1.83550401746057
ENSSSCG00000015782,39.6894272445615,52.039937976521
ENSSSCG00000015786,7.01265550759596,4.38481515282248
ENSSSCG00000034012,76.1111773154264,40.1431526781655
ENSSSCG00000015785,3.15753075211127,0.509862227072381
ENSSSCG00000034623,3.34110812142007,1.49559586607899
ENSSSCG00000015784,35.2835703811504,34.7046222560601
ENSSSCG00000015711,1.54204990219388,0.54385304221054
ENSSSCG00000038390,0.881171372682216,1.18967852983556
ENSSSCG00000015790,70.0531241282361,103.026160683759
ENSSSCG00000015709,36.3483191231414,24.9152674962704
ENSSSCG00000015710,154.829153275038,154.284309912103
ENSSSCG00000015791,38.844971345741,35.6903558950667
ENSSSCG00000015789,14.3924657538095,9.1435292721647
ENSSSCG00000015792,11.3450814232835,13.698298500678
ENSSSCG00000015798,13.9151645936067,15.9756831149346
ENSSSCG00000015793,25.5172543339225,17.2673340901846
ENSSSCG00000015794,42.5532342057787,41.2648495777247
ENSSSCG00000015795,30.7308516222923,37.8317772487707
ENSSSCG00000015796,182.035319406601,161.966234133326
ENSSSCG00000040445,138.270474563384,32.9031090537377
ENSSSCG00000022919,2.8638069612172,6.39027324597385
ENSSSCG00000036679,99.3887877437816,133.176013711306
ENSSSCG00000027211,34.1821061652976,44.7659035369551
ENSSSCG00000028646,63.8482090455989,56.8326429110014
ENSSSCG00000015695,40.4971676695202,35.112512037718
ENSSSCG00000015667,11.8958135312099,17.9471503929478
ENSSSCG00000033241,2.53336769646137,1.80151320232241
ENSSSCG00000015696,117.93010204397,118.016110159687
ENSSSCG00000015668,38.6613939764322,42.1486107713169
ENSSSCG00000015669,17.6234274536443,21.618158427869
ENSSSCG00000053606,0.514016634064626,0.305917336243429
ENSSSCG00000023627,9.54602320405733,10.4011894322766
ENSSSCG00000015697,78.4609676425789,106.969095239786
ENSSSCG00000015677,11.124788580113,8.39573133912521
ENSSSCG00000016399,51.9156800405272,52.8217267246987
ENSSSCG00000015699,0.440585686341108,0.645825487625016
ENSSSCG00000029073,0.807740424958698,4.01091618630273
ENSSSCG00000015701,44.3890078988666,47.757095269113
ENSSSCG00000023479,6.09476866105199,2.41334787480927
ENSSSCG00000015801,28.0139065565221,25.2211848325138
ENSSSCG00000031541,82.719962610543,79.0286451962191
ENSSSCG00000015802,66.1245684250279,91.9111641335813
ENSSSCG00000032687,23.5713342192493,23.4196716301914
ENSSSCG00000054605,1.39518800674684,1.80151320232241
ENSSSCG00000016397,0.771024951096939,0.27192652110527
ENSSSCG00000027901,1.28504158516156,2.88921928674349
ENSSSCG00000015707,2.75366053963192,3.09316417757245
ENSSSCG00000043652,0.257008317032313,0.441880596796064
ENSSSCG00000040715,0.660878529511662,1.22366934497372
ENSSSCG00000032198,25.6641162293695,24.5413685297506
ENSSSCG00000054718,3.63483191231414,4.31683352254616
ENSSSCG00000057261,6.60878529511662,8.70164867536864
ENSSSCG00000056347,4.73629612816691,5.57449368265804
ENSSSCG00000035195,22.1761462125024,17.8111871323952
ENSSSCG00000040172,2.49665222259961,0.203944890828953
ENSSSCG00000040467,0.697594003373421,0.339908151381588
ENSSSCG00000048143,9.58273867791909,11.1149965501779
ENSSSCG00000039416,4.84644254975219,23.2157267393624
ENSSSCG00000015689,87.0523885262305,78.3828197085941
ENSSSCG00000035564,26.5452876020517,26.546826622902
ENSSSCG00000015691,0.587447581788144,0.27192652110527
ENSSSCG00000015690,150.166288094594,109.382443114595
ENSSSCG00000015692,71.1913038179507,63.8347508294621
ENSSSCG00000015694,12.7035539561686,9.3134833478555
ENSSSCG00000054388,7.41652572007531,4.14687944685537
ENSSSCG00000053166,42.6266651535022,32.9370998688758
ENSSSCG00000047029,0.477301160202867,0.611834672486858
ENSSSCG00000056234,0.477301160202867,0.0679816302763175
ENSSSCG00000055030,1.10146421585277,1.52958668121714
ENSSSCG00000054690,0.220292843170554,0.339908151381588
ENSSSCG00000053862,1.76234274536443,2.78724684132902
ENSSSCG00000016133,41.0478997774465,34.7726038863364
ENSSSCG00000016134,17.513281032059,16.6894902328359
ENSSSCG00000016148,0.587447581788144,1.66554994176978
ENSSSCG00000016123,13.5847253288508,13.4603627947109
ENSSSCG00000036676,9.14215299157799,8.02183237260547
ENSSSCG00000029998,16.6688251332386,33.8548518776061
ENSSSCG00000042730,0.146861895447036,0.509862227072381
ENSSSCG00000034395,27.3163125531487,34.6026498106456
ENSSSCG00000036466,16.9258334502709,12.9165097525003
ENSSSCG00000024696,28.9317934030661,26.6487990683165
ENSSSCG00000016140,18.431167878603,79.2665809021862
ENSSSCG00000016141,5.17688181450802,5.60848449779619
ENSSSCG00000032040,0.73430947723518,0.747797933039493
ENSSSCG00000023264,85.620485045622,54.9291572632645
ENSSSCG00000016147,32.4564788937949,43.4062709314287
ENSSSCG00000016151,16.5586787116533,6.45825487625016
ENSSSCG00000032311,9.50930773019558,11.1149965501779
ENSSSCG00000022830,8.37112804048105,16.9274259388031
ENSSSCG00000016156,37.0826286003766,39.395354745126
ENSSSCG00000022197,76.8822022665233,66.8939241918964
ENSSSCG00000016395,11.0880731062512,15.9077014846583
ENSSSCG00000023716,3.45125454300534,0.0679816302763175
ENSSSCG00000022011,30.1066885666424,19.7826544104084
ENSSSCG00000015670,15.6775073389711,14.8539862153754
ENSSSCG00000016158,63.3341924115342,59.0420458949818
ENSSSCG00000034692,154.021412850079,110.232213493049
ENSSSCG00000023746,7.9672578280017,2.00545809315137
ENSSSCG00000015857,121.49150300856,67.6417221249359
ENSSSCG00000026383,24.5626520135168,33.0050814991521
ENSSSCG00000050050,0.257008317032313,0.475871411934223
ENSSSCG00000055275,0.881171372682216,0.0679816302763175
ENSSSCG00000016125,8.40784351434281,11.9647669286319
ENSSSCG00000051934,1.21161063743805,1.29165097525003
ENSSSCG00000016127,85.3634767285896,75.153692270469
ENSSSCG00000043724,0.183577369308795,0.509862227072381
ENSSSCG00000051876,0.36715473861759,0.781788748177651
ENSSSCG00000042361,0.550732107926385,0.577843857348699
ENSSSCG00000061770,0.624163055649903,1.01972445414476
ENSSSCG00000059296,0.697594003373421,1.18967852983556
ENSSSCG00000027331,609.880736317678,534.471577232408
ENSSSCG00000060173,4.73629612816691,4.69073248906591
ENSSSCG00000016128,447.855350165736,319.989533710627
ENSSSCG00000057595,0.330439264755831,0.679816302763175
ENSSSCG00000016129,1.02803326812925,1.49559586607899
ENSSSCG00000016130,0.954602320405733,2.7192652110527
ENSSSCG00000021343,13.6214408027126,10.3332078020003
ENSSSCG00000016131,2.97395338280248,1.35963260552635
ENSSSCG00000016090,153.801120006908,164.787471789794
ENSSSCG00000032849,37.1193440742383,26.9207255894217
ENSSSCG00000025228,142.749762374519,155.406006811662
ENSSSCG00000015859,57.6065784890998,46.0575545122051
ENSSSCG00000016323,77.1024951096939,65.0584201744359
ENSSSCG00000016342,12.2262527959657,10.9450424744871
ENSSSCG00000028633,50.3001991906098,63.1209437115608
ENSSSCG00000016338,29.1888017200984,20.8703604948295
ENSSSCG00000039230,32.3830479460714,32.6991641629087
ENSSSCG00000016313,0.660878529511662,0
ENSSSCG00000034293,19.9365023069351,13.5963260552635
ENSSSCG00000016317,60.0665152378377,39.7692537116457
ENSSSCG00000016091,6.93922455987245,6.25430998542121
ENSSSCG00000016092,9.25229941316326,2.88921928674349
ENSSSCG00000029606,21.478552209129,7.71591503636204
ENSSSCG00000016318,0.477301160202867,0.305917336243429
ENSSSCG00000016321,104.932824296907,122.740833463891
ENSSSCG00000016306,45.6740494840282,55.8469092719948
ENSSSCG00000036274,111.137739379544,83.2095154582126
ENSSSCG00000024777,10.7209183676336,12.4406383405661
ENSSSCG00000015839,1.90920464081147,1.1556877146974
ENSSSCG00000016322,79.5624318584317,22.2299931003558
ENSSSCG00000016340,26.6921494974988,30.0138897669942
ENSSSCG00000016330,189.158121335782,201.021680727071
ENSSSCG00000022671,1.24832611129981,0.611834672486858
ENSSSCG00000015840,16.1180930253122,18.4570126200202
ENSSSCG00000038933,4.22227949410228,4.282842707408
ENSSSCG00000015842,105.483556404834,87.9342387624167
ENSSSCG00000015843,29.9965421450571,24.7113226054414
ENSSSCG00000015844,57.8635868061322,27.4645786316323
ENSSSCG00000016332,0.073430947723518,0.475871411934223
ENSSSCG00000016331,7.159517403043,9.48343742354629
ENSSSCG00000027723,24.4157901180697,20.9383421251058
ENSSSCG00000015845,55.2200726880855,42.9983811497708
ENSSSCG00000047196,1.13817968971453,0.611834672486858
ENSSSCG00000015846,162.245678995113,195.481177859551
ENSSSCG00000038895,37.0459131265148,35.2824661134088
ENSSSCG00000016334,1.76234274536443,2.65128358077638
ENSSSCG00000038085,80.0030175447728,69.5452077726728
ENSSSCG00000033402,464.560890772836,339.160353448548
ENSSSCG00000052231,7.7836804586929,3.53504477436851
ENSSSCG00000055535,1.28504158516156,0.81577956331581
ENSSSCG00000056992,0.477301160202867,0.611834672486858
ENSSSCG00000016335,0.73430947723518,0.713807117901334
ENSSSCG00000041970,1.06474874199101,0.373898966519746
ENSSSCG00000053201,0.660878529511662,0.475871411934223
ENSSSCG00000026600,0.624163055649903,3.26311825326324
ENSSSCG00000056836,0.330439264755831,0.54385304221054
ENSSSCG00000058891,0.220292843170554,0.747797933039493
ENSSSCG00000055073,0.587447581788144,0.951742823868445
ENSSSCG00000016339,39.9831510354555,59.8578254582976
ENSSSCG00000016343,1.28504158516156,0.305917336243429
ENSSSCG00000048787,4.40585686341108,5.81242938862515
ENSSSCG00000060414,1.39518800674684,1.7335315720461
ENSSSCG00000058313,1.54204990219388,3.50105395923035
ENSSSCG00000060686,1.98263558853498,2.78724684132902
ENSSSCG00000016093,1.13817968971453,0.611834672486858
ENSSSCG00000016094,180.529984978269,155.473988441938
ENSSSCG00000016095,148.183652506059,302.518254729613
ENSSSCG00000016096,21.478552209129,23.5896257058822
ENSSSCG00000039654,61.7921425093404,86.5746061568903
ENSSSCG00000016098,16.301670394621,18.6609575108492
ENSSSCG00000036339,32.3463324722097,43.1003535951853
ENSSSCG00000016100,31.6487384688362,29.8439356913034
ENSSSCG00000016101,76.4049011063204,101.802491338785
ENSSSCG00000026940,8.70156730523688,6.90013547304623
ENSSSCG00000028157,15.0166288094594,17.8791687626715
ENSSSCG00000016105,82.7933935582665,120.667393740464
ENSSSCG00000016104,39.7261427184232,23.5216440756059
ENSSSCG00000031271,61.6085651400316,56.5947072050343
ENSSSCG00000016107,0.146861895447036,0.475871411934223
ENSSSCG00000035161,18.57802977405,15.7037565938293
ENSSSCG00000026184,2.8638069612172,1.39362342066451
ENSSSCG00000016109,58.5244653356438,33.7868702473298
ENSSSCG00000022296,4.77301160202867,3.97692537116457
ENSSSCG00000016110,53.4577299427211,75.0857106401927
ENSSSCG00000035842,95.0196463542322,81.7139195921336
ENSSSCG00000022225,77.0290641619703,71.9925464626202
ENSSSCG00000016113,29.1153707723749,32.0533386752837
ENSSSCG00000016114,23.5346187453875,23.6576073361585
ENSSSCG00000016115,2.12949748398202,2.44733868994743
ENSSSCG00000016116,27.7936137133515,28.9941653128494
ENSSSCG00000016117,19.5693475683175,23.7935705967111
ENSSSCG00000055761,23.314325902217,14.7520137699609
ENSSSCG00000034630,79.3421390152612,104.419784104424
ENSSSCG00000016119,8.73828277909864,14.140179097474
ENSSSCG00000055400,16.9992643979944,11.8288036680792
ENSSSCG00000016111,29.0052243507896,33.9228335078824
ENSSSCG00000059844,0.514016634064626,0.509862227072381
ENSSSCG00000057139,1.4319034806086,1.69954075690794
ENSSSCG00000043041,0.514016634064626,0.951742823868445
ENSSSCG00000062970,4.2957104418258,5.20059471613829
ENSSSCG00000059497,0.514016634064626,0.101972445414476
ENSSSCG00000059754,19.1287618819764,35.7243467102048
ENSSSCG00000057431,1.90920464081147,4.96265901017118
ENSSSCG00000060191,0.697594003373421,1.01972445414476
ENSSSCG00000061566,1.54204990219388,2.48132950508559
ENSSSCG00000019687,0.844455898820457,1.12169689955924
ENSSSCG00000040898,0.697594003373421,0.747797933039493
ENSSSCG00000016118,9.72960057336613,13.3923811644345
ENSSSCG00000016034,4390.17935607211,1106.80892252873
ENSSSCG00000016035,317.845857221248,180.083338601965
ENSSSCG00000016036,22.2495771602259,28.4503122706389
ENSSSCG00000027157,223.266796553356,145.174771455076
ENSSSCG00000031954,44.0585686341108,59.6198897523305
ENSSSCG00000032814,100.490251959634,136.745049300813
ENSSSCG00000016067,22.2862926340877,29.2321010188165
ENSSSCG00000055181,3.08409980438775,3.73898966519746
ENSSSCG00000016069,20.8543891534791,28.1443949343954
ENSSSCG00000016070,31.7588848904215,31.7474213390403
ENSSSCG00000061027,1.94592011467323,11.4549047015595
ENSSSCG00000016073,29.6661028803013,44.2220504947445
ENSSSCG00000016074,15.9712311298652,17.0633891993557
ENSSSCG00000063544,54.4857632108503,93.78065896618
ENSSSCG00000016076,23.461187797664,18.3890309897439
ENSSSCG00000016077,191.544627136797,299.663026258008
ENSSSCG00000016078,120.426754266569,180.117329417103
ENSSSCG00000016079,42.4798032580551,46.3974626635867
ENSSSCG00000037483,18.6881761956353,23.6576073361585
ENSSSCG00000061867,0.844455898820457,4.21486107713169
ENSSSCG00000021657,0.330439264755831,0.951742823868445
ENSSSCG00000016085,2.64351411804665,1.66554994176978
ENSSSCG00000016086,5.47060560540209,9.41545579326997
ENSSSCG00000016087,3.6715473861759,3.50105395923035
ENSSSCG00000016041,25.8476935986783,11.0130241047634
ENSSSCG00000041398,2.45993674873785,1.52958668121714
ENSSSCG00000016042,0.881171372682216,1.08770608442108
ENSSSCG00000016043,24.0119199055904,29.8779265064415
ENSSSCG00000016045,17.5499965059208,14.0042158369214
ENSSSCG00000016044,67.1158862192954,35.5204018193759
ENSSSCG00000033941,0.771024951096939,0.747797933039493
ENSSSCG00000016049,27.4998899224575,16.6215086025596
ENSSSCG00000016050,15.1267752310447,5.88041101890146
ENSSSCG00000016052,21.0746819966497,19.6806819649939
ENSSSCG00000016053,10.1334707858455,11.0810057350398
ENSSSCG00000029547,71.3748811872595,100.476849548397
ENSSSCG00000016056,47.987124337319,57.9543398105607
ENSSSCG00000016057,154.792437801176,103.841940247075
ENSSSCG00000016059,0.954602320405733,0.54385304221054
ENSSSCG00000016061,18.8717535649441,25.7310470595862
ENSSSCG00000016062,12.7035539561686,33.8548518776061
ENSSSCG00000026618,145.319845544842,62.1352100725542
ENSSSCG00000016064,2.12949748398202,2.20940298398032
ENSSSCG00000034494,8.18755067117225,21.3462319067637
ENSSSCG00000059388,0.36715473861759,0.81577956331581
ENSSSCG00000050974,1.54204990219388,1.08770608442108
ENSSSCG00000048686,0.293723790894072,0.373898966519746
ENSSSCG00000056318,0.293723790894072,0.951742823868445
ENSSSCG00000057911,1.79905821922619,4.92866819503302
ENSSSCG00000062435,10.8677802630807,35.5204018193759
ENSSSCG00000016075,525.435146435633,668.08947154051
ENSSSCG00000016083,12.5566920607216,57.6824132894554
ENSSSCG00000015944,58.2674570186115,62.8150263753174
ENSSSCG00000015945,6.31506150422254,6.86614465790807
ENSSSCG00000015947,8.44455898820457,16.4515545268688
ENSSSCG00000025049,31.0245754131863,33.4809529110864
ENSSSCG00000015914,0.954602320405733,0.54385304221054
ENSSSCG00000034351,18.3577369308795,26.1729276563822
ENSSSCG00000036153,1.21161063743805,2.65128358077638
ENSSSCG00000022496,39.909720087732,27.7704959678757
ENSSSCG00000032715,9.54602320405733,22.3999471760466
ENSSSCG00000015923,25.2235305430284,22.3659563609085
ENSSSCG00000015924,12.7402694300304,12.7465556768095
ENSSSCG00000027516,53.3842989949976,47.757095269113
ENSSSCG00000023297,17.9905821922619,21.0403145705203
ENSSSCG00000015965,4.66286518044339,9.27949253271734
ENSSSCG00000027348,57.0191309073117,73.8960321103571
ENSSSCG00000022345,45.5639030624429,31.271549927106
ENSSSCG00000038076,60.3969545025935,61.9312651817252
ENSSSCG00000015973,134.966081915826,146.908303027122
ENSSSCG00000015976,23.4979032715257,22.8078369577045
ENSSSCG00000015926,7.93054235413994,5.71045694321067
ENSSSCG00000015930,1.35847253288508,0.441880596796064
ENSSSCG00000040746,271.804652998602,166.181095210458
ENSSSCG00000015931,20.8543891534791,20.5984339737242
ENSSSCG00000057938,1.54204990219388,3.1271549927106
ENSSSCG00000015933,13.1808551163715,14.4460964337175
ENSSSCG00000031123,61.1312639798287,74.303921892015
ENSSSCG00000015948,93.4041655043148,92.4550171757918
ENSSSCG00000015935,62.9670376729167,73.1482341773176
ENSSSCG00000015936,4.58943423271987,5.20059471613829
ENSSSCG00000015937,44.3155769511431,93.2028151088313
ENSSSCG00000015938,118.370687730311,129.810923012628
ENSSSCG00000028458,11.418512371007,14.7520137699609
ENSSSCG00000015940,61.7554270354786,79.7084614989823
ENSSSCG00000015949,40.056581983179,40.5170516446852
ENSSSCG00000032177,0.807740424958698,0.679816302763175
ENSSSCG00000015952,34.3289680607446,26.5808174380401
ENSSSCG00000015951,7.08608645531948,9.7213731295134
ENSSSCG00000038355,1.4319034806086,1.52958668121714
ENSSSCG00000035909,29.1520862462366,37.3559058368365
ENSSSCG00000022233,0.146861895447036,1.97146727801321
ENSSSCG00000015955,233.179974496031,149.389632532208
ENSSSCG00000015943,154.682291379591,102.380335196134
ENSSSCG00000015958,22.690162846567,21.41421353704
ENSSSCG00000015959,10.4271945767396,11.1489873653161
ENSSSCG00000015981,1.32175705902332,0.305917336243429
ENSSSCG00000015982,8.7749982529604,5.40453960696724
ENSSSCG00000040349,17.1461262934414,17.131370829632
ENSSSCG00000015984,12.5566920607216,7.81788748177651
ENSSSCG00000015985,5.76432939629616,4.89467737989486
ENSSSCG00000022222,20.7809582057556,17.7092146869807
ENSSSCG00000015960,208.213452270035,105.643453449397
ENSSSCG00000015961,2.90052243507896,2.27738461425664
ENSSSCG00000015962,86.5750873660277,112.2376715862
ENSSSCG00000015963,49.8228980304069,45.5816831002709
ENSSSCG00000053311,0.514016634064626,0.985733639006604
ENSSSCG00000057272,1.83577369308795,2.10743053856584
ENSSSCG00000058055,0.514016634064626,1.01972445414476
ENSSSCG00000052315,0.36715473861759,0.611834672486858
ENSSSCG00000058207,0.550732107926385,0.81577956331581
ENSSSCG00000043455,0.624163055649903,0.611834672486858
ENSSSCG00000050000,0.514016634064626,0.577843857348699
ENSSSCG00000016185,196.905086320613,176.004440785386
ENSSSCG00000022483,0.73430947723518,0.135963260552635
ENSSSCG00000060885,28.8216469814808,34.5686589955074
ENSSSCG00000016186,109.815982320521,97.859556782759
ENSSSCG00000029002,30.4371278313982,26.7507715137309
ENSSSCG00000016187,71.8154668736006,62.2371825179687
ENSSSCG00000036938,118.958135312099,131.374500508984
ENSSSCG00000016196,1.02803326812925,0.917752008730286
ENSSSCG00000016194,13.8784491197449,16.9614167539412
ENSSSCG00000016193,30.7308516222923,30.8636601454481
ENSSSCG00000016192,1.32175705902332,2.65128358077638
ENSSSCG00000016191,26.2148483372959,35.4184293739614
ENSSSCG00000035775,10.3170481551543,14.1061882823359
ENSSSCG00000016202,20.9278201012026,23.6236165210203
ENSSSCG00000026964,66.3081457943367,100.816757699779
ENSSSCG00000015671,0.587447581788144,0.54385304221054
ENSSSCG00000057499,17.513281032059,15.7037565938293
ENSSSCG00000034942,4.66286518044339,81.9178644829626
ENSSSCG00000021898,42.4798032580551,34.7386130711982
ENSSSCG00000022301,32.2729015244861,22.0940298398032
ENSSSCG00000015821,0.514016634064626,0.135963260552635
ENSSSCG00000038325,0.771024951096939,0.169954075690794
ENSSSCG00000015823,55.0364953187767,76.445343245719
ENSSSCG00000040833,12.4832611129981,12.0327485589082
ENSSSCG00000015826,24.9298067521343,29.6399908004744
ENSSSCG00000039480,89.5857562226919,75.4596096067124
ENSSSCG00000055460,59.1853438651555,51.598057379725
ENSSSCG00000063257,0.183577369308795,0.373898966519746
ENSSSCG00000016026,1.50533442833212,0.611834672486858
ENSSSCG00000034468,28.638069612172,35.0445304074417
ENSSSCG00000016189,77.6532272176202,76.1734167246138
ENSSSCG00000036261,204.872344148615,187.731272008051
ENSSSCG00000055566,32.0526086813156,33.5149437262245
ENSSSCG00000016378,40.5705986172437,51.394112488896
ENSSSCG00000016376,46.0412042226458,47.2132422269025
ENSSSCG00000016379,574.670596884252,315.026874700455
ENSSSCG00000016370,317.184978691736,296.229953929054
ENSSSCG00000016368,37.6700761821647,37.3219150216983
ENSSSCG00000016372,128.026857355954,105.337536113154
ENSSSCG00000016400,4.73629612816691,3.84096211061194
ENSSSCG00000032684,49.6393206610981,45.5476922851327
ENSSSCG00000016374,15.0533442833212,16.0776555603491
ENSSSCG00000032919,32.1994705767626,34.7386130711982
ENSSSCG00000034147,16.3383858684827,16.0436647452109
ENSSSCG00000032505,43.5445520000462,52.1079196067974
ENSSSCG00000063392,3.52468549072886,2.20940298398032
ENSSSCG00000034101,52.0625419359742,55.9828725325475
ENSSSCG00000016201,51.2180860371538,65.942181368028
ENSSSCG00000016199,113.524245180559,44.2560413098827
ENSSSCG00000016200,75.5604452075,20.8363696796913
ENSSSCG00000036932,16.8524025025474,4.07889781657905
ENSSSCG00000040776,0.550732107926385,0
ENSSSCG00000016203,261.597751265033,330.594668033732
ENSSSCG00000016204,13.3644324856803,7.95385074232915
ENSSSCG00000016206,39.3589879798056,45.5476922851327
ENSSSCG00000016207,132.616291588673,135.181471804457
ENSSSCG00000016208,72.659922772421,87.1864408293772
ENSSSCG00000016210,33.5579431096477,33.1070539445666
ENSSSCG00000016211,66.6018695852308,88.6820366954562
ENSSSCG00000016213,84.6658827252162,58.4302112224949
ENSSSCG00000016214,48.5378564452454,47.111269781488
ENSSSCG00000016216,31.538592047251,61.5573662152055
ENSSSCG00000016215,189.598707022123,203.265074526189
ENSSSCG00000016217,73.2840858280709,97.6896027070683
ENSSSCG00000016218,2.45993674873785,0.917752008730286
ENSSSCG00000016220,40.1300129309026,35.5204018193759
ENSSSCG00000020785,3496.52472227689,2940.51142678698
ENSSSCG00000032522,49.7127516088217,77.9069482966599
ENSSSCG00000023935,42.2962258887463,21.6861400581453
ENSSSCG00000029968,0.257008317032313,1.22366934497372
ENSSSCG00000021610,160.92392193609,68.8314006547715
ENSSSCG00000027541,7.82039593255466,6.45825487625016
ENSSSCG00000028052,130.009492944489,126.853722095608
ENSSSCG00000020771,34.732838273224,9.58540986896077
ENSSSCG00000032964,68.0704885397011,58.8041101890146
ENSSSCG00000022846,115.727173612264,61.9652559968634
ENSSSCG00000016170,3.08409980438775,1.90348564773689
ENSSSCG00000016183,1.50533442833212,0.407889781657905
ENSSSCG00000015808,50.1533372951628,46.8053524452446
ENSSSCG00000028592,35.0999930118416,25.2891664627901
ENSSSCG00000015810,3.78169380776118,0.407889781657905
ENSSSCG00000033367,54.5591941585738,58.226266331666
ENSSSCG00000056490,1.24832611129981,0.917752008730286
ENSSSCG00000062496,0.257008317032313,0.339908151381588
ENSSSCG00000015814,37.8169380776118,70.7348863025084
ENSSSCG00000015815,85.0330374638338,54.9291572632645
ENSSSCG00000015816,8.29769709275753,7.98784155746731
ENSSSCG00000015820,47.8035469680102,57.4104867683501
ENSSSCG00000015819,22.396439055673,14.1061882823359
ENSSSCG00000015818,116.645060458808,73.2502066227321
ENSSSCG00000015742,2.82709148735544,2.92321010188165
ENSSSCG00000015741,50.3736301383333,58.7361285587383
ENSSSCG00000035189,8.15083519731049,0.883761193592128
ENSSSCG00000015735,37.009197652653,15.7037565938293
ENSSSCG00000015734,38.5145320809852,35.2824661134088
ENSSSCG00000035628,72.8802156155916,42.3185648470077
ENSSSCG00000027105,12.8504158516156,11.6928404075266
ENSSSCG00000036898,56.3215369039383,44.8338851672314
ENSSSCG00000040778,7.60010308938411,9.51742823868445
ENSSSCG00000023665,34.1086752175741,30.2178346578231
ENSSSCG00000039562,68.7313670692128,64.888466098745
ENSSSCG00000028195,10.0233243642602,7.13807117901334
ENSSSCG00000031951,100.967553119837,112.577579737582
ENSSSCG00000023693,2.8638069612172,0.54385304221054
ENSSSCG00000030354,4.95658897133746,9.61940068409893
ENSSSCG00000015721,38.844971345741,36.5401262735207
ENSSSCG00000043454,2.8638069612172,3.73898966519746
ENSSSCG00000015720,43.9484222125255,32.767145793185
ENSSSCG00000041958,13.8050181720214,21.0743053856584
ENSSSCG00000036716,353.716875184186,266.148082531783
ENSSSCG00000035392,96.3046879393938,77.2611228090348
ENSSSCG00000015861,49.4190278179276,57.7843857348699
ENSSSCG00000015860,13.8050181720214,14.6500413245464
ENSSSCG00000015862,174.91251747742,183.074530334123
ENSSSCG00000040850,2.75366053963192,4.75871411934223
ENSSSCG00000015864,2.0560665362585,3.05917336243429
ENSSSCG00000035410,57.1659928027587,69.0353455456004
ENSSSCG00000015866,26.1414173895724,36.4381538281062
ENSSSCG00000015867,100.049666273293,114.515056200457
ENSSSCG00000015868,16.3751013423445,16.3495820814544
ENSSSCG00000016173,22.9471711635994,28.9601744977113
ENSSSCG00000016175,29.9965421450571,39.0894374088826
ENSSSCG00000022758,72.7700691940063,49.6945717319881
ENSSSCG00000057002,4.95658897133746,7.7499058515002
ENSSSCG00000016177,40.6073140911054,38.9534741483299
ENSSSCG00000016174,217.392320735475,147.384174439056
ENSSSCG00000035501,41.5619164115112,41.0948955020339
ENSSSCG00000055833,0.514016634064626,0.713807117901334
ENSSSCG00000016381,80.5537496526992,64.3786038716727
ENSSSCG00000020790,43.2141127352903,42.5904913681129
ENSSSCG00000047413,4.2957104418258,1.42761423580267
ENSSSCG00000016364,70.0531241282361,67.6757129400741
ENSSSCG00000028180,15.8978001821416,18.0831136535005
ENSSSCG00000016367,55.6973738482884,55.4390194903369
ENSSSCG00000037779,21.0012510489261,24.0315063026782
ENSSSCG00000040095,4.95658897133746,3.36509069867772
ENSSSCG00000035083,0.514016634064626,0.27192652110527
ENSSSCG00000016401,8.62813635751336,4.58876004365143
ENSSSCG00000015825,99.3887877437816,154.52224561807
ENSSSCG00000015850,11.8223825834864,4.01091618630273
ENSSSCG00000015851,50.5204920337804,46.2275085878959
ENSSSCG00000062026,0.220292843170554,0.407889781657905
ENSSSCG00000056762,0.146861895447036,0.407889781657905
ENSSSCG00000022797,33.8516669005418,35.5883834496522
ENSSSCG00000033634,20.6708117841703,21.7201308732834
ENSSSCG00000035366,15.3103526003535,23.3516899999151
ENSSSCG00000015853,100.049666273293,144.325001076622
ENSSSCG00000057372,0.954602320405733,0.373898966519746
ENSSSCG00000035828,14.172172910639,8.08981400288178
ENSSSCG00000033126,114.699140344135,131.782390290641
ENSSSCG00000028679,150.900597571829,149.219678456517
ENSSSCG00000016002,2.38650580101433,4.18087026199353
ENSSSCG00000016005,16.4852477639298,20.2585258223426
ENSSSCG00000016205,20.4872344148615,16.3495820814544
ENSSSCG00000016349,61.8288579832021,56.8326429110014
ENSSSCG00000055593,1.06474874199101,1.66554994176978
ENSSSCG00000051581,0.587447581788144,0.237935705967111
ENSSSCG00000016365,49.5658897133746,110.980011426088
ENSSSCG00000020515,0.257008317032313,0.54385304221054
ENSSSCG00000016212,21.478552209129,26.3088909169349
ENSSSCG00000015673,1.13817968971453,0.679816302763175
ENSSSCG00000025298,15.0533442833212,16.7914626782504
ENSSSCG00000015355,53.2741525734123,3.16114580784876
ENSSSCG00000015356,0.514016634064626,1.83550401746057
ENSSSCG00000015357,1.54204990219388,1.05371526928292
ENSSSCG00000015358,3.78169380776118,3.19513662298692
ENSSSCG00000021126,4.66286518044339,0.883761193592128
ENSSSCG00000015360,63.7013471501518,73.9300229254953
ENSSSCG00000023118,86.6485183137512,64.5145671322253
ENSSSCG00000024591,4.99330444519922,1.97146727801321
ENSSSCG00000015378,6.38849245194606,10.5371526928292
ENSSSCG00000015379,117.195792566735,134.739591207661
ENSSSCG00000015380,18.0272976661237,13.698298500678
ENSSSCG00000038345,2.38650580101433,10.911051659349
ENSSSCG00000015362,239.238027683222,109.960286971944
ENSSSCG00000015363,245.773382030615,27.396597001356
ENSSSCG00000030484,38.698109450294,28.8921928674349
ENSSSCG00000024761,72.9536465633151,64.3446130565345
ENSSSCG00000039946,31.2081527824951,18.0151320232241
ENSSSCG00000015368,16.1915239730357,25.9349919504151
ENSSSCG00000023303,5.21359728836978,3.80697129547378
ENSSSCG00000054202,60.32352355487,33.3789804656719
ENSSSCG00000026412,66.2347148466132,82.5976807857258
ENSSSCG00000022126,192.646091352649,254.455242124256
ENSSSCG00000015350,3.70826286003766,9.00756601161207
ENSSSCG00000032740,156.004048438614,167.404764555432
ENSSSCG00000022543,0.550732107926385,0.713807117901334
ENSSSCG00000045406,0,0.577843857348699
ENSSSCG00000049585,0.293723790894072,0.611834672486858
ENSSSCG00000015353,63.0771840945019,56.6966796504488
ENSSSCG00000022009,2.27635937942906,1.18967852983556
ENSSSCG00000032709,46.9590910691897,58.1582847013896
ENSSSCG00000024313,126.998824087824,146.534404060602
ENSSSCG00000026722,45.3068947454106,38.4436119212575
ENSSSCG00000058909,9.14215299157799,6.69619058221727
ENSSSCG00000058419,8.95857562226919,13.8682525763688
ENSSSCG00000054609,0.110146421585277,0.407889781657905
ENSSSCG00000041760,1.02803326812925,1.35963260552635
ENSSSCG00000055058,0.514016634064626,0.54385304221054
ENSSSCG00000054060,0.440585686341108,1.18967852983556
ENSSSCG00000015631,40.6440295649672,40.6190240900997
ENSSSCG00000053246,0.220292843170554,0.407889781657905
ENSSSCG00000015632,4.58943423271987,4.24885189226984
ENSSSCG00000038506,149.615555986668,128.791198558484
ENSSSCG00000031141,9.32573036088678,5.37054879182908
ENSSSCG00000015611,26.5820030759135,27.0226980348362
ENSSSCG00000015612,83.2706947184694,113.223405225207
ENSSSCG00000015613,42.0759330455758,48.8787921686723
ENSSSCG00000032721,29.702818354163,18.0831136535005
ENSSSCG00000015616,180.97057066461,100.408867918121
ENSSSCG00000015618,66.8588779022631,24.0315063026782
ENSSSCG00000015619,83.6745649309487,66.9279150070346
ENSSSCG00000015617,44.4257233727284,20.5304523434479
ENSSSCG00000057883,0.183577369308795,0.509862227072381
ENSSSCG00000052946,3.52468549072886,1.22366934497372
ENSSSCG00000053833,9.3991613086103,6.96811710332254
ENSSSCG00000058599,4.55271875885811,9.75536394465156
ENSSSCG00000047638,1.06474874199101,0.475871411934223
ENSSSCG00000035996,0.881171372682216,1.39362342066451
ENSSSCG00000051304,0.660878529511662,0.27192652110527
ENSSSCG00000019663,1.87248916694971,1.86949483259873
ENSSSCG00000019034,1.06474874199101,0.509862227072381
ENSSSCG00000014976,4.36914138954932,3.97692537116457
ENSSSCG00000024022,19.9732177807969,2.17541216884216
ENSSSCG00000014977,85.2900457808661,8.80362112078312
ENSSSCG00000015020,4.44257233727284,5.81242938862515
ENSSSCG00000015021,66.9690243238484,65.1264018047122
ENSSSCG00000015022,6.97594003373421,3.50105395923035
ENSSSCG00000032941,41.7822092546817,51.9719563462447
ENSSSCG00000029538,74.2386881484767,59.6198897523305
ENSSSCG00000015023,27.1327351838399,26.7507715137309
ENSSSCG00000015027,34.0352442698506,30.625724439481
ENSSSCG00000021871,4.80972707589043,3.26311825326324
ENSSSCG00000036724,19.8630713592116,18.5929758805728
ENSSSCG00000015035,8.44455898820457,9.85733639006604
ENSSSCG00000049415,3.96527117706997,5.57449368265804
ENSSSCG00000015036,15.8610847082799,25.0852215719612
ENSSSCG00000015030,57.276139224344,61.4893845849292
ENSSSCG00000015031,47.216099386222,53.0596624306658
ENSSSCG00000015044,28.8950779292043,30.7956785151718
ENSSSCG00000023599,25.3336769646137,27.1586612953888
ENSSSCG00000015034,95.2766546712646,107.682902357687
ENSSSCG00000015037,7.30637929849004,4.24885189226984
ENSSSCG00000037207,0.110146421585277,1.35963260552635
ENSSSCG00000015320,1.17489516357629,0.135963260552635
ENSSSCG00000015322,231.564493646114,101.700518893371
ENSSSCG00000015329,23.4244723238022,32.6991641629087
ENSSSCG00000058261,5.32374370995505,0.373898966519746
ENSSSCG00000015039,10.5740564721866,3.84096211061194
ENSSSCG00000015040,90.2833502260653,66.6219976707912
ENSSSCG00000014975,2.16621295784378,4.8606865647567
ENSSSCG00000015332,14.5026121753948,11.0470149199016
ENSSSCG00000029515,79.1585616459524,3.19513662298692
ENSSSCG00000015333,1.10146421585277,0
ENSSSCG00000015331,81.948937659446,35.7243467102048
ENSSSCG00000015334,137.940035298628,323.830495821238
ENSSSCG00000015335,2.57008317032313,0.883761193592128
ENSSSCG00000015336,42.9203889443963,26.8527439591454
ENSSSCG00000015205,24.9298067521343,13.9702250217832
ENSSSCG00000022504,30.6941361484305,127.703492474062
ENSSSCG00000037534,0.146861895447036,0.747797933039493
ENSSSCG00000014987,3.6715473861759,0.135963260552635
ENSSSCG00000014988,0.514016634064626,0.339908151381588
ENSSSCG00000015233,22.8370247420141,25.255175647652
ENSSSCG00000014989,19.4592011467323,18.1510952837768
ENSSSCG00000025806,43.8015603170785,44.3580137552972
ENSSSCG00000015513,30.6574206745687,9.38146497813181
ENSSSCG00000015227,303.636968836747,185.861777175452
ENSSSCG00000033937,90.2833502260653,101.598546447957
ENSSSCG00000015515,11.6020897403158,1.29165097525003
ENSSSCG00000015534,36.0178798583856,31.7814121541784
ENSSSCG00000015537,36.9724821787913,27.9404500435665
ENSSSCG00000030017,18.1007286138472,26.7507715137309
ENSSSCG00000015538,12.4465456391363,9.8913272052042
ENSSSCG00000014994,58.5978962833673,71.4147026052715
ENSSSCG00000015539,49.8228980304069,57.2065418775212
ENSSSCG00000022413,11.9325290050717,11.0810057350398
ENSSSCG00000015540,16.7055406071003,16.6554994176978
ENSSSCG00000015231,25.5539698077843,34.8405855166127
ENSSSCG00000015535,296.918037120045,125.188172153839
ENSSSCG00000015232,48.0238398111807,35.6223742647904
ENSSSCG00000015462,19.2021928296999,12.6785740465332
ENSSSCG00000015337,81.3982055515197,67.1998415281399
ENSSSCG00000022525,37.7435071298882,33.0390723142903
ENSSSCG00000015473,44.5725852681754,24.4733868994743
ENSSSCG00000015474,18.6514607217736,25.7650378747243
ENSSSCG00000038838,0.917886846543975,0.713807117901334
ENSSSCG00000023850,3.52468549072886,3.60302640464483
ENSSSCG00000021059,0.73430947723518,1.39362342066451
ENSSSCG00000015234,0.550732107926385,0.339908151381588
ENSSSCG00000015340,20.2302260978292,13.3243995341582
ENSSSCG00000038187,19.8263558853498,32.1553111206982
ENSSSCG00000015252,36.715473861759,43.5422341919814
ENSSSCG00000015342,0.73430947723518,11.7268312226648
ENSSSCG00000015476,5.06673539292274,0.54385304221054
ENSSSCG00000015253,13.2910015379568,0.781788748177651
ENSSSCG00000015343,38.5145320809852,46.023563697067
ENSSSCG00000015480,153.507396216014,164.753480974655
ENSSSCG00000023886,35.1367084857033,31.7474213390403
ENSSSCG00000036169,21.5152676829908,21.3462319067637
ENSSSCG00000015345,10.2436172074308,15.1259127364806
ENSSSCG00000015235,26.0679864418489,19.8166452255466
ENSSSCG00000015346,59.4423521821878,38.5795751818102
ENSSSCG00000035066,1.98263558853498,7.51197014553308
ENSSSCG00000015237,13.254286064095,7.71591503636204
ENSSSCG00000015482,38.1473773423676,32.8351274234614
ENSSSCG00000015509,96.0843950962232,63.9707140900148
ENSSSCG00000015238,26.5820030759135,26.4108633623493
ENSSSCG00000015512,116.241190246329,8.7356394905068
ENSSSCG00000039332,8.48127446206632,3.19513662298692
ENSSSCG00000036157,12.3731146914128,30.1498530275468
ENSSSCG00000039322,56.3582523778,10.5031618776911
ENSSSCG00000015519,17.5499965059208,31.1695774816916
ENSSSCG00000015200,12.6668384823068,8.29375889371074
ENSSSCG00000015324,116.461483089499,126.853722095608
ENSSSCG00000015201,24.8563758044108,33.4469620959482
ENSSSCG00000036385,28.6747850860338,18.7969207714018
ENSSSCG00000015202,4.58943423271987,0.951742823868445
ENSSSCG00000015203,20.2302260978292,11.9647669286319
ENSSSCG00000021573,42.2595104148846,35.4184293739614
ENSSSCG00000015213,37.927084499197,32.6311825326324
ENSSSCG00000046103,4.58943423271987,5.81242938862515
ENSSSCG00000031220,0.110146421585277,0.54385304221054
ENSSSCG00000015523,67.483040957913,71.4147026052715
ENSSSCG00000015214,194.702157888908,93.9166222267326
ENSSSCG00000015522,1.06474874199101,0.509862227072381
ENSSSCG00000049961,3.23096169983479,2.27738461425664
ENSSSCG00000015524,72.6966382462828,84.8410745848443
ENSSSCG00000015525,40.3870212479349,40.8569597960668
ENSSSCG00000024674,7.93054235413994,14.7520137699609
ENSSSCG00000015326,1992.2183272129,396.366895326069
ENSSSCG00000015215,4.84644254975219,3.33109988353956
ENSSSCG00000021464,14.2456038583625,11.3869230712832
ENSSSCG00000015528,23.1307485329082,26.1049460261059
ENSSSCG00000015527,3.08409980438775,6.66219976707912
ENSSSCG00000015526,4.99330444519922,2.07343972342768
ENSSSCG00000033352,0.697594003373421,0.747797933039493
ENSSSCG00000024913,11.3450814232835,7.10408036387518
ENSSSCG00000015222,10.060039838122,9.78935475978972
ENSSSCG00000035741,44.5725852681754,33.9568243230206
ENSSSCG00000036943,0.073430947723518,11.8627944832174
ENSSSCG00000015223,1.10146421585277,2.17541216884216
ENSSSCG00000015014,5.25031276223153,9.68738231437525
ENSSSCG00000015013,170.3230832447,173.047239868366
ENSSSCG00000015144,2.27635937942906,5.0306406404475
ENSSSCG00000029261,40.4604521956584,42.5904913681129
ENSSSCG00000032621,57.7901558584086,60.4016785005081
ENSSSCG00000062714,26.1781328634342,33.1070539445666
ENSSSCG00000053283,3.96527117706997,4.58876004365143
ENSSSCG00000015145,13.8050181720214,20.1905441920663
ENSSSCG00000015327,44.5358697943136,45.0038392429222
ENSSSCG00000015175,21.1848284182349,14.989949475928
ENSSSCG00000015328,49.1620195008953,31.3395315573824
ENSSSCG00000025661,56.1012440607677,51.9719563462447
ENSSSCG00000036049,366.126705349461,34.9765487771654
ENSSSCG00000015196,59.9196533423907,45.0718208731985
ENSSSCG00000031091,1.6154808499174,1.90348564773689
ENSSSCG00000015483,14.2456038583625,9.95930883548052
ENSSSCG00000015305,22.396439055673,16.281600451178
ENSSSCG00000015197,122.372674381243,93.984603857009
ENSSSCG00000015241,19.0186154603912,29.9459081367179
ENSSSCG00000038958,6.3517769780843,2.58330195050007
ENSSSCG00000015307,27.573320870181,17.5392606112899
ENSSSCG00000015242,46.2247815919546,62.4751182239358
ENSSSCG00000015243,8.62813635751336,11.0810057350398
ENSSSCG00000015244,406.293433754225,324.782238645107
ENSSSCG00000050889,0.440585686341108,0.475871411934223
ENSSSCG00000036436,26.3249947588812,40.4830608295471
ENSSSCG00000015309,16.4852477639298,27.1246704802507
ENSSSCG00000015310,122.886691015307,171.347699111458
ENSSSCG00000035945,35.1367084857033,37.899758879047
ENSSSCG00000015246,132.579576114812,99.3891434639762
ENSSSCG00000015015,0.73430947723518,1.97146727801321
ENSSSCG00000031550,0.550732107926385,0.203944890828953
ENSSSCG00000015486,101.187845963008,93.4407508147984
ENSSSCG00000015247,74.3488345700619,119.953586622562
ENSSSCG00000015485,313.990732465763,131.680417845227
ENSSSCG00000015249,7.89382688027818,4.4527967830988
ENSSSCG00000015018,0.330439264755831,0.339908151381588
ENSSSCG00000015250,24.672798435102,21.4482043521782
ENSSSCG00000015206,17.8804357706766,20.5304523434479
ENSSSCG00000015019,14.8330514401506,45.9895728819288
ENSSSCG00000015487,1.24832611129981,0.475871411934223
ENSSSCG00000022536,12.189537322104,11.8627944832174
ENSSSCG00000015488,2.16621295784378,1.80151320232241
ENSSSCG00000062098,8.37112804048105,7.81788748177651
ENSSSCG00000052493,0,0.509862227072381
ENSSSCG00000015211,40.4237367217966,17.335315720461
ENSSSCG00000061235,9.54602320405733,10.6051343231055
ENSSSCG00000058788,462.982125396781,50.9862227072381
ENSSSCG00000061608,121.638364904008,5.91440183403962
ENSSSCG00000055795,0.036715473861759,0.611834672486858
ENSSSCG00000015212,5.9111912917432,4.92866819503302
ENSSSCG00000055536,0.257008317032313,0.407889781657905
ENSSSCG00000059161,0.073430947723518,0.475871411934223
ENSSSCG00000041219,0.991317794267492,2.37935705967111
ENSSSCG00000063031,0.697594003373421,0.407889781657905
ENSSSCG00000058137,1.50533442833212,3.94293455602642
ENSSSCG00000055418,0.440585686341108,0.407889781657905
ENSSSCG00000056450,2.57008317032313,6.08435590973042
ENSSSCG00000059579,2.45993674873785,0.883761193592128
ENSSSCG00000041798,0.183577369308795,0.747797933039493
ENSSSCG00000053247,0,0.951742823868445
ENSSSCG00000057612,0.293723790894072,2.51532032022375
ENSSSCG00000058826,9.25229941316326,29.5720091701981
ENSSSCG00000046782,0.220292843170554,0.577843857348699
ENSSSCG00000061884,0.771024951096939,1.05371526928292
ENSSSCG00000053939,3.01066885666424,4.282842707408
ENSSSCG00000015499,111.137739379544,90.2456141918115
ENSSSCG00000056181,34.732838273224,33.0050814991521
ENSSSCG00000015504,67.8501956965306,119.44372439549
ENSSSCG00000031435,17.366419136612,15.5338025181386
ENSSSCG00000015507,2.34979032715257,14.2761423580267
ENSSSCG00000040719,8.26098161889577,11.352932256145
ENSSSCG00000015508,3.26767717369655,0.611834672486858
ENSSSCG00000015541,20.413803467138,23.1817359242243
ENSSSCG00000031784,0.330439264755831,0.441880596796064
ENSSSCG00000055479,0.73430947723518,0.747797933039493
ENSSSCG00000061013,0.146861895447036,0.54385304221054
ENSSSCG00000050064,0.293723790894072,0.475871411934223
ENSSSCG00000046238,0.36715473861759,0.54385304221054
ENSSSCG00000035617,15.3103526003535,30.2178346578231
ENSSSCG00000049217,0.220292843170554,0.441880596796064
ENSSSCG00000059282,1.21161063743805,3.73898966519746
ENSSSCG00000051167,0.514016634064626,0.54385304221054
ENSSSCG00000041310,2.0560665362585,4.82669574961854
ENSSSCG00000048488,0.220292843170554,0.849770378453969
ENSSSCG00000018758,0.587447581788144,0
ENSSSCG00000015311,105.850711143451,71.3127301598571
ENSSSCG00000029092,1.6154808499174,2.68527439591454
ENSSSCG00000015313,29.8129647757483,31.5094856330732
ENSSSCG00000015314,48.2808481282131,48.5048932021525
ENSSSCG00000027356,0.36715473861759,0.611834672486858
ENSSSCG00000031835,18.7616071433588,18.0831136535005
ENSSSCG00000029967,21.5152676829908,13.3923811644345
ENSSSCG00000015315,12.2262527959657,16.4515545268688
ENSSSCG00000015316,0.477301160202867,0.917752008730286
ENSSSCG00000045005,13.7315872242979,16.0436647452109
ENSSSCG00000040183,2.09278201012026,4.4527967830988
ENSSSCG00000027372,26.5820030759135,30.82966933031
ENSSSCG00000025870,15.0166288094594,18.2870585443294
ENSSSCG00000022982,25.5539698077843,27.9064592284283
ENSSSCG00000049770,0.514016634064626,0.237935705967111
ENSSSCG00000053756,0.514016634064626,0.135963260552635
ENSSSCG00000055922,3.19424622597303,2.99119173215797
ENSSSCG00000054931,0.771024951096939,1.08770608442108
ENSSSCG00000057692,101.995586387966,5.33655797669092
ENSSSCG00000059783,0.330439264755831,2.17541216884216
ENSSSCG00000014961,49.8596135042687,50.102461513646
ENSSSCG00000014965,18.9084690388059,22.5019196214611
ENSSSCG00000014955,14.465896701533,10.70710676852
ENSSSCG00000014956,14.9064823878741,14.2421515428885
ENSSSCG00000030461,1.17489516357629,0.203944890828953
ENSSSCG00000032360,11.8223825834864,9.10953845702655
ENSSSCG00000014957,46.7387982260192,29.8439356913034
ENSSSCG00000034113,0,1.76752238718426
ENSSSCG00000037015,68.2540659090099,81.9858461132389
ENSSSCG00000014933,6.90250908601069,17.5732514264281
ENSSSCG00000014934,77.5797962698967,115.908679621121
ENSSSCG00000014946,52.9437133086564,53.5695246577382
ENSSSCG00000038682,44.7194471636224,47.4511779328696
ENSSSCG00000014948,14.6127585969801,11.4209138864213
ENSSSCG00000014950,2.60679864418489,2.37935705967111
ENSSSCG00000024933,11.5286587925923,16.5195361571452
ENSSSCG00000014943,92.155839393015,76.2753891700282
ENSSSCG00000014924,61.388272296861,56.2208082385146
ENSSSCG00000014927,1.83577369308795,0.679816302763175
ENSSSCG00000027093,5.76432939629616,6.25430998542121
ENSSSCG00000038588,0.550732107926385,0.135963260552635
ENSSSCG00000014935,3.56140096459062,23.0797634788098
ENSSSCG00000062029,14.3924657538095,3.39908151381588
ENSSSCG00000014959,1.46861895447036,8.46371296940153
ENSSSCG00000014960,25.9945554941254,86.7785510477193
ENSSSCG00000014967,18.8350380910824,27.4305878164941
ENSSSCG00000014969,27.1327351838399,22.909809403119
ENSSSCG00000014970,55.5505119528413,55.1331021540935
ENSSSCG00000034879,45.6373340101664,33.1750355748429
ENSSSCG00000014972,31.832315838145,48.4709023870144
ENSSSCG00000034924,22.7268783204288,28.6542571614678
ENSSSCG00000014915,21.4051212614055,21.4821951673163
ENSSSCG00000014921,357.939154678288,73.2841974378703
ENSSSCG00000014920,26.4718566543282,13.3583903492964
ENSSSCG00000035619,27.2428816054252,21.6861400581453
ENSSSCG00000014939,0,0.509862227072381
ENSSSCG00000014929,4.33242591568756,0.475871411934223
ENSSSCG00000057259,2.79037601349368,1.63155912663162
ENSSSCG00000061233,0.514016634064626,0.475871411934223
ENSSSCG00000052865,1.6154808499174,2.07343972342768
ENSSSCG00000060726,5.39717465767857,13.0864638281911
ENSSSCG00000041757,0.624163055649903,0.407889781657905
ENSSSCG00000059156,12.7769849038921,17.7092146869807
ENSSSCG00000050397,0.330439264755831,0.577843857348699
ENSSSCG00000059203,50.3001991906098,153.060640567129
ENSSSCG00000062648,0,1.08770608442108
ENSSSCG00000060928,0.036715473861759,1.83550401746057
ENSSSCG00000056609,2.34979032715257,2.3113754293948
ENSSSCG00000044939,1.21161063743805,4.35082433768432
ENSSSCG00000057122,0,0.679816302763175
ENSSSCG00000018225,1.68891179764091,3.19513662298692
ENSSSCG00000019283,0.807740424958698,2.03944890828953
ENSSSCG00000018303,0.220292843170554,0.611834672486858
ENSSSCG00000018558,2.09278201012026,2.58330195050007
ENSSSCG00000019648,0.73430947723518,1.05371526928292
ENSSSCG00000018178,0.954602320405733,1.35963260552635
ENSSSCG00000018329,1.6154808499174,2.20940298398032
ENSSSCG00000019977,3.52468549072886,4.31683352254616
ENSSSCG00000019451,1.4319034806086,1.86949483259873
ENSSSCG00000014949,32.6767717369655,29.9119173215797
ENSSSCG00000015402,35.5772941720445,43.7461790828103
ENSSSCG00000015403,14.0620264890537,5.71045694321067
ENSSSCG00000023784,39.909720087732,68.7974098396333
ENSSSCG00000050759,0.403870212479349,2.10743053856584
ENSSSCG00000015405,1.39518800674684,0.747797933039493
ENSSSCG00000061957,0.881171372682216,0.441880596796064
ENSSSCG00000054384,3.30439264755831,4.04490700144089
ENSSSCG00000020970,1.50533442833212,1.5635774963553
ENSSSCG00000024136,13.5480098549891,9.58540986896077
ENSSSCG00000015384,45.0131709545165,48.0970034204946
ENSSSCG00000015386,12.9972777470627,20.0545809315137
ENSSSCG00000038469,41.6720628330964,57.3085143229357
ENSSSCG00000030294,37.0459131265148,40.1771434933036
ENSSSCG00000052500,0.771024951096939,0.54385304221054
ENSSSCG00000015450,15.3470680742153,12.7805464919477
ENSSSCG00000015453,1288.38269328298,201.633515399558
ENSSSCG00000028840,9.69288509950437,6.96811710332254
ENSSSCG00000023793,6.79236266442541,6.66219976707912
ENSSSCG00000015455,122.005519642625,117.914137714273
ENSSSCG00000034739,79.1218461720906,59.2799816009489
ENSSSCG00000062427,5.17688181450802,6.35628243083569
ENSSSCG00000015426,4.84644254975219,3.36509069867772
ENSSSCG00000015391,125.677067028801,90.9254304945747
ENSSSCG00000025326,7.52667214166059,7.13807117901334
ENSSSCG00000015427,13.9885955413302,13.9702250217832
ENSSSCG00000015393,39.8362891400085,64.3106222413964
ENSSSCG00000035554,0.220292843170554,0.577843857348699
ENSSSCG00000015394,3.70826286003766,7.0021079184607
ENSSSCG00000029082,125.677067028801,167.030865588912
ENSSSCG00000026110,55.8075202698736,55.7449368265804
ENSSSCG00000015428,51.1446550894303,59.0760367101199
ENSSSCG00000015430,30.0699730927806,33.9228335078824
ENSSSCG00000054021,35.5038632243209,54.2833317756395
ENSSSCG00000015432,36.6053274401737,43.4402617465669
ENSSSCG00000015433,335.689577518062,240.654971178164
ENSSSCG00000058469,212.766171028893,210.26718244465
ENSSSCG00000015435,51.5485253019096,103.637995356246
ENSSSCG00000015396,6.02133771332847,3.77298048033562
ENSSSCG00000015398,6.13148413491375,9.27949253271734
ENSSSCG00000015399,1.24832611129981,1.35963260552635
ENSSSCG00000014766,8.99529109613095,7.61394259094756
ENSSSCG00000014768,13.5112943811273,9.00756601161207
ENSSSCG00000015407,51.8789645666654,31.4075131876587
ENSSSCG00000014780,19.495916620594,23.4196716301914
ENSSSCG00000031780,7.9672578280017,12.3726567102898
ENSSSCG00000046977,0,0.611834672486858
ENSSSCG00000027272,0.917886846543975,1.01972445414476
ENSSSCG00000037706,50.7040694030892,19.0348564773689
ENSSSCG00000035673,31.685453942698,30.6597152546192
ENSSSCG00000037556,54.4490477369886,42.386546477284
ENSSSCG00000057900,0.771024951096939,1.42761423580267
ENSSSCG00000058900,0.771024951096939,1.01972445414476
ENSSSCG00000042325,0.183577369308795,0.917752008730286
ENSSSCG00000019224,0.183577369308795,0.373898966519746
ENSSSCG00000015401,0.660878529511662,0.373898966519746
ENSSSCG00000015383,2.34979032715257,1.7335315720461
ENSSSCG00000015443,88.1171372682216,81.8498828526863
ENSSSCG00000014630,0.514016634064626,0.577843857348699
ENSSSCG00000014632,55.1099262665002,56.730670465587
ENSSSCG00000014634,4.69958065430515,6.73018139735543
ENSSSCG00000028979,20.1567951501057,23.8615522269874
ENSSSCG00000015444,155.233023487517,56.5947072050343
ENSSSCG00000062630,1.17489516357629,0
ENSSSCG00000022347,0.660878529511662,0.509862227072381
ENSSSCG00000014670,80.2233103879434,55.6429643811659
ENSSSCG00000040639,33.5946585835095,36.7440711643496
ENSSSCG00000032905,0.220292843170554,0.849770378453969
ENSSSCG00000014672,27.1327351838399,41.53677609883
ENSSSCG00000014868,38.698109450294,28.5522847160534
ENSSSCG00000015445,2.27635937942906,25.6630654293099
ENSSSCG00000015581,6.79236266442541,0.951742823868445
ENSSSCG00000014869,13.9885955413302,10.3332078020003
ENSSSCG00000015582,32.3830479460714,34.6366406257838
ENSSSCG00000015583,39.3589879798056,35.4184293739614
ENSSSCG00000015446,31.6487384688362,34.0587967684351
ENSSSCG00000015604,10.3170481551543,1.22366934497372
ENSSSCG00000035299,20.413803467138,7.34201606984229
ENSSSCG00000015543,15.7142228128328,26.1729276563822
ENSSSCG00000020963,72.6232072985593,30.4557703637902
ENSSSCG00000024028,36.2748881754179,37.9677405093233
ENSSSCG00000014875,38.698109450294,31.1015958514153
ENSSSCG00000023584,1.02803326812925,1.59756831149346
ENSSSCG00000052111,0.36715473861759,0.509862227072381
ENSSSCG00000058031,1.02803326812925,1.7335315720461
ENSSSCG00000014894,24.1220663271757,71.3467209749952
ENSSSCG00000029596,1.28504158516156,0.917752008730286
ENSSSCG00000059202,3.74497833389942,2.37935705967111
ENSSSCG00000054203,0.550732107926385,3.02518254729613
ENSSSCG00000053860,5.65418297471088,10.4351802474147
ENSSSCG00000052598,1.10146421585277,2.82123765646718
ENSSSCG00000057146,1.28504158516156,2.92321010188165
ENSSSCG00000054957,10.6474874199101,51.8359930856921
ENSSSCG00000053228,0.624163055649903,0.747797933039493
ENSSSCG00000060760,0.36715473861759,1.05371526928292
ENSSSCG00000014725,0.807740424958698,5.33655797669092
ENSSSCG00000015135,18.6881761956353,17.0293983842175
ENSSSCG00000020402,0.514016634064626,1.63155912663162
ENSSSCG00000030095,29.0786552985131,81.6799287769955
ENSSSCG00000027905,50.6306384553656,21.5161859824545
ENSSSCG00000015056,466.359948992063,50.5443421104421
ENSSSCG00000015136,2.45993674873785,5.71045694321067
ENSSSCG00000015137,0.440585686341108,0.135963260552635
ENSSSCG00000015138,53.8983156290622,54.8271848178501
ENSSSCG00000015065,24.8930912782726,22.7738461425664
ENSSSCG00000033806,7.85711140641642,28.8921928674349
ENSSSCG00000022070,40.5705986172437,72.1964913534492
ENSSSCG00000015584,0.36715473861759,0.747797933039493
ENSSSCG00000015586,34.732838273224,33.6509069867772
ENSSSCG00000028886,194.73887336277,169.376231833445
ENSSSCG00000015588,36.7521893356207,53.0256716155277
ENSSSCG00000015589,24.6360829612403,50.3403972196131
ENSSSCG00000014579,82.2059459764784,70.5989230419557
ENSSSCG00000015590,23.6447651669728,16.3835728965925
ENSSSCG00000014578,140.142963730334,148.709816229445
ENSSSCG00000015592,8.07740424958698,6.79816302763175
ENSSSCG00000014575,12.336399217551,5.81242938862515
ENSSSCG00000015067,37.4864988128559,37.2879242065601
ENSSSCG00000014577,40.6440295649672,28.2463673798099
ENSSSCG00000015593,13.5847253288508,15.5338025181386
ENSSSCG00000057143,1.72562727150267,0.305917336243429
ENSSSCG00000033335,12.2629682698275,6.11834672486858
ENSSSCG00000030921,108.12707052288,56.4927347596199
ENSSSCG00000014568,233.253405443755,222.809793230631
ENSSSCG00000015071,64.435656627387,67.5737404946596
ENSSSCG00000015600,0.954602320405733,0.169954075690794
ENSSSCG00000026547,51.2915169848773,5.20059471613829
ENSSSCG00000046596,9.54602320405733,2.51532032022375
ENSSSCG00000015602,32.0893241551774,26.988707219698
ENSSSCG00000015603,34.4391144823299,36.4381538281062
ENSSSCG00000015545,211.297552074423,265.944137640954
ENSSSCG00000014569,765.701207386984,550.243315456514
ENSSSCG00000015548,4.55271875885811,15.3638484424478
ENSSSCG00000015549,18.9818999865294,23.2157267393624
ENSSSCG00000015550,3.34110812142007,4.75871411934223
ENSSSCG00000039986,0.73430947723518,0.81577956331581
ENSSSCG00000044464,0.183577369308795,0.54385304221054
ENSSSCG00000014567,23.7916270624198,37.1179701308694
ENSSSCG00000022292,4.77301160202867,3.26311825326324
ENSSSCG00000026806,252.455598273455,282.735600319204
ENSSSCG00000030206,135.663675919199,184.570126200202
ENSSSCG00000039996,41.4517699899259,57.376495953212
ENSSSCG00000015255,8.55470540978984,18.8309115865399
ENSSSCG00000014827,42.8836734705345,61.1494764335476
ENSSSCG00000015126,61.9390044047874,85.6228633330219
ENSSSCG00000015256,147.596204924271,97.0777680345814
ENSSSCG00000015555,220.513136013724,171.925542968807
ENSSSCG00000036307,50.0064753997157,8.08981400288178
ENSSSCG00000037406,10.1701862597072,4.92866819503302
ENSSSCG00000015129,55.2200726880855,61.0814948032713
ENSSSCG00000022192,18.1374440877089,17.5052697961518
ENSSSCG00000014828,145.833862178907,128.553262852516
ENSSSCG00000015556,140.216394678058,138.410599242582
ENSSSCG00000028123,87.9335598989128,80.7961675834034
ENSSSCG00000015131,2.79037601349368,3.84096211061194
ENSSSCG00000015557,144.071519433542,68.2195659822846
ENSSSCG00000028149,12.9972777470627,11.9307761134937
ENSSSCG00000024027,117.012215197426,94.4604752689432
ENSSSCG00000014829,19.6794939899028,17.4032973507373
ENSSSCG00000015558,114.442132027103,95.6841446139169
ENSSSCG00000015045,37.8169380776118,21.1082962007966
ENSSSCG00000014830,6.75564719056365,6.05036509459226
ENSSSCG00000062444,43.5445520000462,39.2933822997115
ENSSSCG00000014831,9.17886846543974,15.9416922997965
ENSSSCG00000015559,1.94592011467323,0.713807117901334
ENSSSCG00000015560,121.087632796081,100.102950581878
ENSSSCG00000039370,5.39717465767857,3.97692537116457
ENSSSCG00000015563,71.742035925877,61.4893845849292
ENSSSCG00000015561,95.827386779191,64.650530392778
ENSSSCG00000030217,3.30439264755831,3.39908151381588
ENSSSCG00000031121,16.0813775514504,16.0776555603491
ENSSSCG00000015565,17.0726953457179,16.2136188209017
ENSSSCG00000015566,62.7834603036079,49.1507186897776
ENSSSCG00000014832,38.5879630287087,44.5619586461261
ENSSSCG00000014833,16.1180930253122,16.8594443085267
ENSSSCG00000015567,9.14215299157799,4.11288863171721
ENSSSCG00000014834,1.6154808499174,0.611834672486858
ENSSSCG00000015568,29.1153707723749,26.1389368412441
ENSSSCG00000015139,1.10146421585277,0.713807117901334
ENSSSCG00000015140,1264.5543507467,1873.98162019697
ENSSSCG00000021393,50.7775003508127,53.6035154728764
ENSSSCG00000015569,7.01265550759596,8.05582318774363
ENSSSCG00000015645,65.0965351568987,55.9488817174093
ENSSSCG00000015570,66.3081457943367,93.2028151088313
ENSSSCG00000022961,63.5544852547048,65.7722272923372
ENSSSCG00000035595,1.02803326812925,1.35963260552635
ENSSSCG00000015049,22.9838866374611,36.6760895340733
ENSSSCG00000015050,34.4391144823299,31.8154029693166
ENSSSCG00000014838,9.58273867791909,4.31683352254616
ENSSSCG00000029323,173.443898522949,93.3387783693839
ENSSSCG00000024060,3.74497833389942,2.20940298398032
ENSSSCG00000027506,45.5271875885811,50.2724155893368
ENSSSCG00000015576,93.3674500304531,115.908679621121
ENSSSCG00000014843,31.3182992040804,163.699765705373
ENSSSCG00000037428,9.91317794267492,9.75536394465156
ENSSSCG00000015052,37.8903690253353,21.41421353704
ENSSSCG00000015664,230.720037747293,64.2766314262582
ENSSSCG00000015577,23.7181961146963,25.8670103201388
ENSSSCG00000028674,1.10146421585277,1.08770608442108
ENSSSCG00000015579,5.61746750084912,0.679816302763175
ENSSSCG00000023351,15.0166288094594,13.3923811644345
ENSSSCG00000023057,7.23294835076652,9.07554764188839
ENSSSCG00000014580,16.7789715548239,19.6806819649939
ENSSSCG00000023451,29.2989481416837,31.3395315573824
ENSSSCG00000014581,22.6167318988435,25.0852215719612
ENSSSCG00000039647,169.919213032221,126.955694541023
ENSSSCG00000040650,0.587447581788144,0.407889781657905
ENSSSCG00000015607,11.5286587925923,9.07554764188839
ENSSSCG00000015293,8.37112804048105,6.83215384276991
ENSSSCG00000026404,25.2235305430284,13.3243995341582
ENSSSCG00000048244,1.6154808499174,0.305917336243429
ENSSSCG00000014598,72.6232072985593,82.1897910040679
ENSSSCG00000054525,0.110146421585277,0.577843857348699
ENSSSCG00000058297,0.293723790894072,0.407889781657905
ENSSSCG00000042502,0.073430947723518,0.441880596796064
ENSSSCG00000063176,0.440585686341108,0.135963260552635
ENSSSCG00000061084,7.41652572007531,8.56568541481601
ENSSSCG00000058564,0.440585686341108,0.27192652110527
ENSSSCG00000015297,10.8677802630807,2.34536624453295
ENSSSCG00000056949,0.697594003373421,0
ENSSSCG00000047092,1.02803326812925,0
ENSSSCG00000041589,0.807740424958698,1.59756831149346
ENSSSCG00000061667,0.697594003373421,3.26311825326324
ENSSSCG00000045328,7.60010308938411,9.3134833478555
ENSSSCG00000055388,0.881171372682216,0.747797933039493
ENSSSCG00000015053,0.587447581788144,0.475871411934223
ENSSSCG00000038540,3.15753075211127,2.00545809315137
ENSSSCG00000015298,66.9323088499866,56.5607163898962
ENSSSCG00000014599,0.954602320405733,0.475871411934223
ENSSSCG00000051840,51.2180860371538,57.2405326926593
ENSSSCG00000057945,0.844455898820457,0.169954075690794
ENSSSCG00000038122,2.01935106239674,0.849770378453969
ENSSSCG00000014602,0.36715473861759,0.509862227072381
ENSSSCG00000015115,22.6534473727053,24.6433409751651
ENSSSCG00000015299,32.6767717369655,39.2933822997115
ENSSSCG00000033089,10.7943493153571,13.1884362736056
ENSSSCG00000024693,69.0250908601069,54.8951664481264
ENSSSCG00000029189,61.3148413491375,48.0970034204946
ENSSSCG00000015116,296.514166907566,185.52186902407
ENSSSCG00000023080,92.4862786577709,58.4981928527712
ENSSSCG00000054880,18.8350380910824,7.20605280928966
ENSSSCG00000015119,0.917886846543975,0.0679816302763175
ENSSSCG00000029630,29.1153707723749,29.8779265064415
ENSSSCG00000015120,46.5185053828486,47.2132422269025
ENSSSCG00000023272,244.6352023409,234.706578528986
ENSSSCG00000032330,32.8603491062743,14.1061882823359
ENSSSCG00000023880,16.7422560809621,20.0885717466518
ENSSSCG00000015047,57.7534403845469,43.5422341919814
ENSSSCG00000039799,0.514016634064626,1.35963260552635
ENSSSCG00000045625,0.550732107926385,1.12169689955924
ENSSSCG00000037299,11.4552278448688,8.46371296940153
ENSSSCG00000014625,80.9943353390403,63.2908977872516
ENSSSCG00000015125,20.0099332546586,2.58330195050007
ENSSSCG00000014626,8.51798993592808,11.0810057350398
ENSSSCG00000015048,66.7854469545396,33.820861062468
ENSSSCG00000015074,72.3294835076652,84.569148063739
ENSSSCG00000014628,89.6959026442772,77.3970860695875
ENSSSCG00000015073,2487.14291486942,2833.27040502608
ENSSSCG00000015072,51.3649479326008,42.4885189226984
ENSSSCG00000015077,33.2275038448919,33.4469620959482
ENSSSCG00000015079,37.633360708303,39.599299635955
ENSSSCG00000015080,75.7440225768088,72.2984637988637
ENSSSCG00000015082,17.219557241165,25.6630654293099
ENSSSCG00000021487,3.15753075211127,3.16114580784876
ENSSSCG00000025182,11.8223825834864,14.7520137699609
ENSSSCG00000015084,9.54602320405733,12.2706842648753
ENSSSCG00000014627,57.1659928027587,42.5565005529748
ENSSSCG00000055670,52.9069978347947,62.9169988207318
ENSSSCG00000014633,170.983961774212,142.081607277504
ENSSSCG00000023728,11.6388052141776,13.1884362736056
ENSSSCG00000028517,41.1947616728936,44.1200780493301
ENSSSCG00000022398,344.795015035779,321.077239795048
ENSSSCG00000051213,0,0.679816302763175
ENSSSCG00000026269,11.5286587925923,7.54596096067124
ENSSSCG00000020783,34.3656835346064,45.4117290245801
ENSSSCG00000021041,6.05805318719023,5.74444775834883
ENSSSCG00000036352,1.87248916694971,0.54385304221054
ENSSSCG00000015290,87.6765515818804,25.3911389082046
ENSSSCG00000014896,0.807740424958698,0.407889781657905
ENSSSCG00000014876,16.9258334502709,2.51532032022375
ENSSSCG00000014877,3.74497833389942,10.8430700290726
ENSSSCG00000015285,1.02803326812925,4.82669574961854
ENSSSCG00000014878,40.2768748263496,53.2975981366329
ENSSSCG00000014880,4.9198734974757,2.48132950508559
ENSSSCG00000014881,57.6065784890998,62.9169988207318
ENSSSCG00000014882,53.8983156290622,60.6396142064752
ENSSSCG00000037251,18.1007286138472,22.909809403119
ENSSSCG00000014884,36.6787583878972,29.8439356913034
ENSSSCG00000031979,1.32175705902332,13.1544454584674
ENSSSCG00000033822,44.7561626374842,5.30256716155277
ENSSSCG00000039494,31.7588848904215,33.7868702473298
ENSSSCG00000036867,3.30439264755831,0.883761193592128
ENSSSCG00000014887,22.3597235818112,29.6739816156126
ENSSSCG00000015117,47.6934005464249,39.1234282240207
ENSSSCG00000047220,3.70826286003766,6.76417221249359
ENSSSCG00000056467,26.3984257066047,6.0163742794541
ENSSSCG00000059315,1.24832611129981,0.305917336243429
ENSSSCG00000060922,1.21161063743805,4.52077841337511
ENSSSCG00000055812,2.49665222259961,0.441880596796064
ENSSSCG00000055280,8.48127446206632,0.611834672486858
ENSSSCG00000031725,1.57876537605564,3.60302640464483
ENSSSCG00000039904,1.02803326812925,2.3113754293948
ENSSSCG00000033506,16.1180930253122,21.0743053856584
ENSSSCG00000014892,15.7142228128328,16.4515545268688
ENSSSCG00000014891,49.8596135042687,42.4205372924221
ENSSSCG00000014893,15.1267752310447,12.3726567102898
ENSSSCG00000014769,5.32374370995505,3.8749529257501
ENSSSCG00000014899,29.5192409848542,12.5766016011187
ENSSSCG00000014898,2.60679864418489,1.12169689955924
ENSSSCG00000014900,2.2396439055673,2.34536624453295
ENSSSCG00000035041,1.24832611129981,0.917752008730286
ENSSSCG00000055267,1.17489516357629,0.951742823868445
ENSSSCG00000060747,0.183577369308795,0.645825487625016
ENSSSCG00000014901,67.1158862192954,118.118082605102
ENSSSCG00000014902,125.346627764045,131.204546433293
ENSSSCG00000014903,19.7529249376263,32.9031090537377
ENSSSCG00000061925,0.73430947723518,0.135963260552635
ENSSSCG00000014904,4.62614970658163,5.23458553127645
ENSSSCG00000014905,27.2061661315634,27.6685235224612
ENSSSCG00000025187,13.8050181720214,18.6949483259873
ENSSSCG00000014909,80.590465126561,33.0730631294285
ENSSSCG00000059247,0.073430947723518,0.509862227072381
ENSSSCG00000059638,14.6494740708418,11.8288036680792
ENSSSCG00000061858,0.771024951096939,0.339908151381588
ENSSSCG00000014912,0.220292843170554,0.917752008730286
ENSSSCG00000046669,11.27165047556,9.41545579326997
ENSSSCG00000051028,2.16621295784378,2.00545809315137
ENSSSCG00000059660,1.6154808499174,1.86949483259873
ENSSSCG00000059027,10.206901733569,6.05036509459226
ENSSSCG00000041869,1.83577369308795,2.65128358077638
ENSSSCG00000053031,2.01935106239674,6.45825487625016
ENSSSCG00000055990,0.330439264755831,1.29165097525003
ENSSSCG00000014913,177.702893490913,229.845891964229
ENSSSCG00000057514,4.00198665093173,7.5799517758094
ENSSSCG00000057908,1.76234274536443,2.44733868994743
ENSSSCG00000057624,1.4319034806086,3.67100803492115
ENSSSCG00000055854,6.82907813828717,7.61394259094756
ENSSSCG00000054211,5.25031276223153,8.46371296940153
ENSSSCG00000039963,0.73430947723518,1.66554994176978
ENSSSCG00000015288,27.426458974734,34.262741659264
ENSSSCG00000050793,2.20292843170554,2.54931113536191
ENSSSCG00000015286,65.3902589477927,51.7000298251395
ENSSSCG00000014570,3.81840928162293,1.69954075690794
ENSSSCG00000062483,17.5499965059208,49.1167278746394
ENSSSCG00000014897,17.8070048229531,21.41421353704
ENSSSCG00000014907,32.0158932074538,33.2430172051193
ENSSSCG00000062997,30.4371278313982,28.3823306403626
ENSSSCG00000042234,1.13817968971453,1.7335315720461
ENSSSCG00000059302,27.5366053963192,30.2858162880994
ENSSSCG00000015287,7.12280192918124,4.79270493448038
ENSSSCG00000062999,0.807740424958698,0.441880596796064
ENSSSCG00000052331,0.146861895447036,0.441880596796064
ENSSSCG00000063231,0.991317794267492,1.49559586607899
ENSSSCG00000061249,0.293723790894072,0.373898966519746
ENSSSCG00000038471,10.7943493153571,10.4351802474147
ENSSSCG00000023441,1.02803326812925,0.339908151381588
ENSSSCG00000057622,3.89184022934645,2.51532032022375
ENSSSCG00000051511,1.10146421585277,0.849770378453969
ENSSSCG00000042206,3.85512475548469,2.10743053856584
ENSSSCG00000044191,0.514016634064626,0.747797933039493
ENSSSCG00000053719,0.73430947723518,0.985733639006604
ENSSSCG00000015301,1.32175705902332,0.679816302763175
ENSSSCG00000015302,1.17489516357629,2.27738461425664
ENSSSCG00000055798,34.4758299561917,63.9707140900148
ENSSSCG00000056914,3.08409980438775,7.20605280928966
ENSSSCG00000059774,0.954602320405733,0.747797933039493
ENSSSCG00000056760,2.38650580101433,4.89467737989486
ENSSSCG00000053328,1.65219632377915,1.35963260552635
ENSSSCG00000062722,0.587447581788144,0.54385304221054
ENSSSCG00000061504,126.301230084451,132.292252517714
ENSSSCG00000028201,31.3182992040804,32.3592560115271
ENSSSCG00000015002,3.52468549072886,4.07889781657905
ENSSSCG00000029651,1.83577369308795,2.3113754293948
ENSSSCG00000015001,27.1694506577016,17.6072422415662
ENSSSCG00000031723,0.991317794267492,0.54385304221054
ENSSSCG00000029198,43.2508282091521,47.2472330420407
ENSSSCG00000026153,85.9509243103778,63.3588794175279
ENSSSCG00000026959,21.0746819966497,20.4284798980334
ENSSSCG00000015008,1.21161063743805,1.46160505094083
ENSSSCG00000015009,17.9171512445384,19.5107278893031
ENSSSCG00000015010,58.9283355481232,122.536888573062
ENSSSCG00000015011,25.8476935986783,41.4008128382774
ENSSSCG00000015083,67.0791707454337,61.3874121395147
ENSSSCG00000038710,1.68891179764091,2.03944890828953
ENSSSCG00000015085,50.5572075076421,37.9677405093233
ENSSSCG00000050318,0.514016634064626,0.373898966519746
ENSSSCG00000015086,0.36715473861759,1.01972445414476
ENSSSCG00000029199,9.91317794267492,31.475494817935
ENSSSCG00000021651,4.2957104418258,9.04155682675023
ENSSSCG00000015089,8.22426614503401,9.68738231437525
ENSSSCG00000015090,18.5045988263265,16.6215086025596
ENSSSCG00000015091,10.6842028937719,12.3386658951516
ENSSSCG00000040140,2.38650580101433,1.80151320232241
ENSSSCG00000015093,1.79905821922619,0.951742823868445
ENSSSCG00000054409,1.02803326812925,1.22366934497372
ENSSSCG00000015095,65.9777065295809,65.738236477199
ENSSSCG00000052280,89.1451705363508,98.2334557492788
ENSSSCG00000023324,41.1213307251701,93.6107048904892
ENSSSCG00000029395,20.8543891534791,36.0642548615864
ENSSSCG00000029649,311.273787399993,240.586989547888
ENSSSCG00000030053,251.133841214431,183.890309897439
ENSSSCG00000024578,81.9856531333078,65.2283742501266
ENSSSCG00000015097,161.951955204219,173.319166389471
ENSSSCG00000015098,0.36715473861759,0.373898966519746
ENSSSCG00000015099,191.214187872041,193.849618732919
ENSSSCG00000015100,4.03870212479349,4.21486107713169
ENSSSCG00000015102,7.7836804586929,9.95930883548052
ENSSSCG00000036296,459.898025592393,389.568732298437
ENSSSCG00000037439,38.4043856593999,31.5434764482113
ENSSSCG00000015106,603.382097444147,128.349317961687
ENSSSCG00000015107,63.4443388331195,57.1385602472449
ENSSSCG00000015108,20.9645355750644,21.7201308732834
ENSSSCG00000042208,6.57206982125486,7.34201606984229
ENSSSCG00000015110,59.8829378685289,32.8351274234614
ENSSSCG00000015111,30.4004123575364,29.130128573402
ENSSSCG00000058033,11.27165047556,13.0864638281911
ENSSSCG00000015113,2.09278201012026,3.19513662298692
ENSSSCG00000044952,8.55470540978984,7.07008954873702
ENSSSCG00000027710,0.514016634064626,0.917752008730286
ENSSSCG00000043631,2.38650580101433,0.81577956331581
ENSSSCG00000056489,1.24832611129981,0.203944890828953
ENSSSCG00000015258,153.727689059185,106.051343231055
ENSSSCG00000015628,0.991317794267492,0.407889781657905
ENSSSCG00000015627,2.0560665362585,1.66554994176978
ENSSSCG00000014791,67.4096100101895,81.9178644829626
ENSSSCG00000014792,61.4249877707228,52.7537450944224
ENSSSCG00000039656,2.64351411804665,2.141421353704
ENSSSCG00000035653,51.328232458739,43.1683352254616
ENSSSCG00000014794,100.123097221017,99.1172169428709
ENSSSCG00000014799,0.917886846543975,1.69954075690794
ENSSSCG00000048448,1.83577369308795,1.63155912663162
ENSSSCG00000048507,1.13817968971453,0.713807117901334
ENSSSCG00000023796,33.7048050050947,31.0676050362771
ENSSSCG00000014800,45.7107649578899,40.5170516446852
ENSSSCG00000014802,314.798472890721,421.622070973721
ENSSSCG00000014803,80.590465126561,80.3202961714691
ENSSSCG00000014804,48.2808481282131,50.8842502618237
ENSSSCG00000014806,38.2208082900911,38.3756302909812
ENSSSCG00000056890,0.807740424958698,0.101972445414476
ENSSSCG00000022236,263.506955905844,101.292629111713
ENSSSCG00000053501,0.220292843170554,0.339908151381588
ENSSSCG00000014812,64.6559494705576,52.5837910187316
ENSSSCG00000014811,145.797146705045,173.421138834886
ENSSSCG00000014813,0.257008317032313,1.05371526928292
ENSSSCG00000036887,22.8003092681523,21.1422870159347
ENSSSCG00000015595,43.6546984216314,14.0042158369214
ENSSSCG00000015598,6.49863887353134,6.62820895194096
ENSSSCG00000038614,41.9290711501288,48.0630126053565
ENSSSCG00000015599,70.4569943407155,83.2095154582126
ENSSSCG00000053873,0.330439264755831,0.883761193592128
ENSSSCG00000026587,0.771024951096939,0.54385304221054
ENSSSCG00000038855,0.587447581788144,0.339908151381588
ENSSSCG00000015259,2.09278201012026,2.37935705967111
ENSSSCG00000028433,8.26098161889577,5.60848449779619
ENSSSCG00000022869,38.0005154469205,38.7155384423628
ENSSSCG00000028585,29.2255171939601,31.4075131876587
ENSSSCG00000028969,4.80972707589043,0.27192652110527
ENSSSCG00000058385,0.550732107926385,0.54385304221054
ENSSSCG00000035369,0.587447581788144,0.54385304221054
ENSSSCG00000021068,5.03001991906098,8.87160275105943
ENSSSCG00000028293,36.8990512310678,49.1167278746394
ENSSSCG00000039472,24.8563758044108,27.5665510770467
ENSSSCG00000023472,2.68022959190841,6.05036509459226
ENSSSCG00000022759,0.807740424958698,1.7335315720461
ENSSSCG00000015267,2.8638069612172,25.8670103201388
ENSSSCG00000015268,34.6594073255005,65.6022732166464
ENSSSCG00000015266,27.5366053963192,26.1049460261059
ENSSSCG00000055218,9.2155839393015,8.05582318774363
ENSSSCG00000015270,71.3748811872595,34.0927875835732
ENSSSCG00000015271,42.2227949410228,38.6815476272247
ENSSSCG00000015272,0.807740424958698,0.339908151381588
ENSSSCG00000015273,161.731662361048,220.770344322341
ENSSSCG00000033768,0.954602320405733,1.01972445414476
ENSSSCG00000059016,6.05805318719023,16.4175637117307
ENSSSCG00000059104,2.20292843170554,4.96265901017118
ENSSSCG00000028035,226.240749936159,280.832114671468
ENSSSCG00000023562,35.7608715413532,33.3109988353956
ENSSSCG00000015277,81.2880591299344,119.953586622562
ENSSSCG00000015276,18.9451845126676,18.4570126200202
ENSSSCG00000038350,1.98263558853498,0.407889781657905
ENSSSCG00000060360,29.9965421450571,43.7461790828103
ENSSSCG00000015281,27.9771910826603,34.3307232895403
ENSSSCG00000015282,61.2781258752757,56.2208082385146
ENSSSCG00000015283,93.3674500304531,99.5930883548051
ENSSSCG00000015284,64.0685018887694,109.484415560009
ENSSSCG00000015105,43.7281293693549,64.888466098745
ENSSSCG00000025606,59.2954902867408,67.4717680492451
ENSSSCG00000014871,16.3383858684827,11.99875774377
ENSSSCG00000032723,26.1781328634342,17.4712789810136
ENSSSCG00000053663,7.08608645531948,3.77298048033562
ENSSSCG00000060162,2.09278201012026,2.141421353704
ENSSSCG00000015375,23.0573175851846,41.4348036534155
ENSSSCG00000024802,12.2629682698275,9.99329965061867
ENSSSCG00000055366,0.220292843170554,0.577843857348699
ENSSSCG00000051403,0.73430947723518,1.1556877146974
ENSSSCG00000027529,60.5071009241788,70.9728220084755
ENSSSCG00000063374,41.5619164115112,46.0575545122051
ENSSSCG00000059893,0.403870212479349,0.917752008730286
ENSSSCG00000031170,37.3763523912706,57.6484224743172
ENSSSCG00000014982,0.293723790894072,1.49559586607899
ENSSSCG00000032241,3.45125454300534,9.24550171757918
ENSSSCG00000036722,12.9972777470627,13.7662801309543
ENSSSCG00000036695,1.68891179764091,1.5635774963553
ENSSSCG00000015387,99.9762353255697,140.450048150872
ENSSSCG00000029174,13.9885955413302,9.17752008730286
ENSSSCG00000020870,6.02133771332847,4.72472330420407
ENSSSCG00000026177,41.7087783069582,39.9392077873365
ENSSSCG00000024485,1.02803326812925,4.62275085878959
ENSSSCG00000032456,0.514016634064626,0.747797933039493
ENSSSCG00000035073,1.24832611129981,0.0339908151381588
ENSSSCG00000015390,16.9258334502709,7.44398851525677
ENSSSCG00000021822,57.7534403845469,65.6022732166464
ENSSSCG00000021702,25.5172543339225,50.1364523287842
ENSSSCG00000014850,160.483336249749,101.462583187404
ENSSSCG00000021638,9.50930773019558,6.35628243083569
ENSSSCG00000033899,0.624163055649903,1.08770608442108
ENSSSCG00000014852,59.9563688162524,70.225024075436
ENSSSCG00000014855,920.860799926777,686.852401496774
ENSSSCG00000014854,2.09278201012026,2.00545809315137
ENSSSCG00000014853,18.3577369308795,10.6391251382437
ENSSSCG00000039468,445.321982469275,408.195698994148
ENSSSCG00000014860,44.6460162158989,21.7201308732834
ENSSSCG00000014861,0.73430947723518,0.951742823868445
ENSSSCG00000034102,0.220292843170554,0.54385304221054
ENSSSCG00000056766,6.20491508263727,0.679816302763175
ENSSSCG00000054823,0.330439264755831,0.54385304221054
ENSSSCG00000015657,14.319034806086,4.24885189226984
ENSSSCG00000032446,2.09278201012026,0.713807117901334
ENSSSCG00000015659,14.2823193322242,13.4263719795727
ENSSSCG00000015660,23.0206021113229,21.7541216884216
ENSSSCG00000015662,21.0746819966497,14.8199954002372
ENSSSCG00000048603,1.10146421585277,0.135963260552635
ENSSSCG00000054337,11.124788580113,1.49559586607899
ENSSSCG00000014835,60.1399461855612,67.8116762006267
ENSSSCG00000020856,68.9149444385216,69.0693363607386
ENSSSCG00000060233,0.220292843170554,0.373898966519746
ENSSSCG00000014840,3.19424622597303,2.51532032022375
ENSSSCG00000014851,12.0426754266569,27.0566888499744
ENSSSCG00000025715,0.73430947723518,0.509862227072381
ENSSSCG00000046488,1.24832611129981,1.12169689955924
ENSSSCG00000031831,45.8943423271987,52.1419104219355
ENSSSCG00000015644,12.336399217551,9.51742823868445
ENSSSCG00000031970,3.41453906914359,2.00545809315137
ENSSSCG00000015648,45.6740494840282,30.4557703637902
ENSSSCG00000015649,34.1086752175741,22.6378828820137
ENSSSCG00000015650,95.4602320405733,53.2636073214948
ENSSSCG00000015652,0.440585686341108,0.203944890828953
ENSSSCG00000022742,263.433524958121,289.805689867942
ENSSSCG00000015489,3.23096169983479,6.424264061112
ENSSSCG00000015491,78.0938129039614,59.2119999706726
ENSSSCG00000015497,25.0766686475814,31.3395315573824
ENSSSCG00000015496,2.0560665362585,0.679816302763175
ENSSSCG00000015494,29.3723790894072,36.608107903797
ENSSSCG00000015493,0.477301160202867,0.747797933039493
ENSSSCG00000015498,25.6274007555078,45.7516371759617
ENSSSCG00000036198,1.32175705902332,2.00545809315137
ENSSSCG00000015492,11.4552278448688,10.4351802474147
ENSSSCG00000059522,16.1915239730357,14.344123988303
ENSSSCG00000019644,0.881171372682216,0.781788748177651
ENSSSCG00000019069,0.330439264755831,0.577843857348699
ENSSSCG00000039255,0.697594003373421,0.713807117901334
ENSSSCG00000018942,0.293723790894072,0.475871411934223
ENSSSCG00000019612,1.65219632377915,0.951742823868445
ENSSSCG00000018229,0.257008317032313,0.611834672486858
ENSSSCG00000030565,0.844455898820457,0.81577956331581
ENSSSCG00000026833,11.8958135312099,10.5711435079674
ENSSSCG00000014998,49.1253040270335,60.7075958367515
ENSSSCG00000014999,12.2262527959657,16.6215086025596
ENSSSCG00000024628,12.5934075345833,10.6051343231055
ENSSSCG00000051810,2.8638069612172,2.3113754293948
ENSSSCG00000015412,101.44485428004,100.102950581878
ENSSSCG00000015413,62.1960127218197,103.739967801661
ENSSSCG00000015414,5.7276139224344,9.07554764188839
ENSSSCG00000021210,32.3830479460714,31.2035682968297
ENSSSCG00000047749,13.6581562765743,14.2761423580267
ENSSSCG00000014918,1.98263558853498,0.781788748177651
ENSSSCG00000014919,25.2602460168902,19.7826544104084
ENSSSCG00000050702,0.624163055649903,0.713807117901334
ENSSSCG00000014917,81.7286448162755,119.137807059246
ENSSSCG00000014979,65.0965351568987,60.7415866518897
ENSSSCG00000014980,74.8628512041266,45.0378300580604
ENSSSCG00000031429,120.830624479049,177.22811013036
ENSSSCG00000063262,0.257008317032313,0.713807117901334
ENSSSCG00000059159,0.293723790894072,0.747797933039493
ENSSSCG00000055339,0.477301160202867,0.951742823868445
ENSSSCG00000015410,10.6107719460483,10.4011894322766
ENSSSCG00000038541,12.0426754266569,10.2312353565858
ENSSSCG00000038977,31.3182992040804,46.9753065209354
ENSSSCG00000031818,4.40585686341108,11.99875774377
ENSSSCG00000015411,39.0285487150498,42.9983811497708
ENSSSCG00000037822,3.74497833389942,4.282842707408
ENSSSCG00000043224,0.220292843170554,0.747797933039493
ENSSSCG00000054576,7.85711140641642,0.509862227072381
ENSSSCG00000036452,8.84842920068392,3.56903558950667
ENSSSCG00000028444,103.31734344699,84.0932766518048
ENSSSCG00000022903,4.18556402024052,7.44398851525677
ENSSSCG00000015422,47.3629612816691,36.9820068703167
ENSSSCG00000015423,35.3570013288739,32.5292100872179
ENSSSCG00000015424,91.9722620237063,78.8247003053902
ENSSSCG00000050858,0.073430947723518,0.509862227072381
ENSSSCG00000036113,13.6214408027126,13.3583903492964
ENSSSCG00000014996,0.183577369308795,0.645825487625016
ENSSSCG00000014997,115.617027190679,47.5871411934223
ENSSSCG00000028711,1.98263558853498,2.07343972342768
ENSSSCG00000056783,0.660878529511662,1.1556877146974
ENSSSCG00000045388,0.954602320405733,0.917752008730286
ENSSSCG00000029388,43.9851376863873,35.0785212225798
ENSSSCG00000014817,80.590465126561,68.1515843520083
ENSSSCG00000014818,24.9298067521343,27.0226980348362
ENSSSCG00000014819,9.2155839393015,6.83215384276991
ENSSSCG00000014820,44.4991543204519,46.2275085878959
ENSSSCG00000040207,3.81840928162293,1.1556877146974
ENSSSCG00000014823,0.73430947723518,0.407889781657905
ENSSSCG00000042041,0.220292843170554,0.645825487625016
ENSSSCG00000014822,128.320581146848,87.798275501864
ENSSSCG00000014825,4.99330444519922,2.44733868994743
ENSSSCG00000008753,81.948937659446,91.843182503305
ENSSSCG00000023001,70.6038562361625,62.3391549633832
ENSSSCG00000008754,1.17489516357629,1.35963260552635
ENSSSCG00000028814,20.7075272580321,13.5963260552635
ENSSSCG00000021828,44.9764554806547,49.5246176562973
ENSSSCG00000029227,18.0272976661237,13.2564179038819
ENSSSCG00000025315,12.8137003777539,10.4351802474147
ENSSSCG00000027340,33.7415204789565,33.9908151381588
ENSSSCG00000028581,5.58075202698736,6.49224569138832
ENSSSCG00000025902,29.6293874064395,32.9370998688758
ENSSSCG00000008758,746.609160978869,141.877662386675
ENSSSCG00000022446,11.418512371007,7.37600688498045
ENSSSCG00000040571,27.6467518179045,33.5829253565008
ENSSSCG00000029275,14.172172910639,8.63366704509232
ENSSSCG00000008756,96.5249807825644,102.482307641549
ENSSSCG00000038410,25.9211245464018,41.0948955020339
ENSSSCG00000022155,34.3656835346064,37.9337496941852
ENSSSCG00000008761,20.560665362585,19.1028381076452
ENSSSCG00000009051,13.5112943811273,11.9307761134937
ENSSSCG00000009052,77.6532272176202,50.1704431439223
ENSSSCG00000022649,34.4758299561917,18.7969207714018
ENSSSCG00000009067,0.073430947723518,0.54385304221054
ENSSSCG00000009050,5.36045918381681,7.03609873359886
ENSSSCG00000028927,0.881171372682216,1.01972445414476
ENSSSCG00000028632,0.587447581788144,0
ENSSSCG00000041979,0.220292843170554,0.54385304221054
ENSSSCG00000059656,2.64351411804665,8.53169459967785
ENSSSCG00000009061,46.1880661180928,50.5443421104421
ENSSSCG00000058604,17.8804357706766,16.9614167539412
ENSSSCG00000009062,2.49665222259961,3.53504477436851
ENSSSCG00000029920,42.7735270489492,46.9413157057972
ENSSSCG00000024596,29.8129647757483,22.2299931003558
ENSSSCG00000032749,11.6020897403158,13.0184821979148
ENSSSCG00000009053,7.71024951096939,11.1489873653161
ENSSSCG00000032741,90.7606513862682,69.8511251089162
ENSSSCG00000009055,27.9037601349368,29.2321010188165
ENSSSCG00000038236,2.75366053963192,1.18967852983556
ENSSSCG00000026360,36.7521893356207,3.90894374088826
ENSSSCG00000038550,98.4709008972376,97.5196486313775
ENSSSCG00000041625,1.65219632377915,2.61729276563822
ENSSSCG00000035973,82.9035399798518,93.6786865207655
ENSSSCG00000009037,19.7896404114881,23.5896257058822
ENSSSCG00000033834,0.587447581788144,0.135963260552635
ENSSSCG00000031904,62.7467448297461,59.1780091555344
ENSSSCG00000009122,10.9412112108042,12.9165097525003
ENSSSCG00000042317,0.881171372682216,1.05371526928292
ENSSSCG00000009039,10.353763629016,13.5283444249872
ENSSSCG00000009040,23.461187797664,23.1817359242243
ENSSSCG00000009042,73.3208013019327,105.133591222325
ENSSSCG00000009043,58.7814736526761,55.8129184568567
ENSSSCG00000033871,5.47060560540209,4.31683352254616
ENSSSCG00000009045,4.33242591568756,0.645825487625016
ENSSSCG00000048545,1.50533442833212,5.71045694321067
ENSSSCG00000043429,4.22227949410228,7.40999770011861
ENSSSCG00000058362,1.68891179764091,2.58330195050007
ENSSSCG00000050119,0.330439264755831,0.339908151381588
ENSSSCG00000061048,11.3083659494218,10.5031618776911
ENSSSCG00000057026,2.01935106239674,2.17541216884216
ENSSSCG00000029260,4.73629612816691,0.985733639006604
ENSSSCG00000009101,9.76631604722789,6.96811710332254
ENSSSCG00000036256,12.5199765868598,7.07008954873702
ENSSSCG00000009106,124.759180182257,113.665285822003
ENSSSCG00000031773,26.1414173895724,20.8363696796913
ENSSSCG00000023174,18.1374440877089,32.6311825326324
ENSSSCG00000009111,261.597751265033,497.897460143749
ENSSSCG00000009112,121.711795851731,41.6047577291063
ENSSSCG00000009113,30.9144289916011,26.8867347742836
ENSSSCG00000009114,3.4879700168671,4.41880596796064
ENSSSCG00000009115,1.94592011467323,0.679816302763175
ENSSSCG00000009100,0.991317794267492,0.373898966519746
ENSSSCG00000009132,21.4418367352672,1.80151320232241
ENSSSCG00000009133,10.9779266846659,8.76963030564496
ENSSSCG00000036236,31.538592047251,21.5501767975926
ENSSSCG00000009134,1.83577369308795,9.65339149923709
ENSSSCG00000009135,0.73430947723518,3.22912743812508
ENSSSCG00000009136,0.146861895447036,1.76752238718426
ENSSSCG00000009137,18.57802977405,15.635774963553
ENSSSCG00000009138,167.863146495962,85.5548817027456
ENSSSCG00000036158,0.954602320405733,0.475871411934223
ENSSSCG00000056927,0.514016634064626,0.0339908151381588
ENSSSCG00000063074,0.293723790894072,0.611834672486858
ENSSSCG00000061032,0.146861895447036,0.407889781657905
ENSSSCG00000054076,2.0560665362585,3.1271549927106
ENSSSCG00000021874,24.3423591703462,4.35082433768432
ENSSSCG00000029621,77.0657796358321,90.7554764188839
ENSSSCG00000009192,135.149659285135,94.5624477143576
ENSSSCG00000009193,35.797587015215,45.7176463608235
ENSSSCG00000022986,0.587447581788144,0.475871411934223
ENSSSCG00000009202,7.08608645531948,4.89467737989486
ENSSSCG00000009208,56.5051142732471,60.605623391337
ENSSSCG00000008908,18.3210214570177,21.6861400581453
ENSSSCG00000023269,78.1672438516849,106.561205458128
ENSSSCG00000009226,12.4832611129981,7.40999770011861
ENSSSCG00000027301,2.01935106239674,3.1271549927106
ENSSSCG00000022283,36.3850345970031,64.446585501949
ENSSSCG00000023593,190.479878394806,206.732137670282
ENSSSCG00000008903,30.8777135177393,45.8536096213762
ENSSSCG00000027403,34.879700168671,40.1431526781655
ENSSSCG00000032190,0.330439264755831,1.32564179038819
ENSSSCG00000028952,1.50533442833212,4.38481515282248
ENSSSCG00000008902,0.917886846543975,2.03944890828953
ENSSSCG00000026655,189.194836809644,236.949972328105
ENSSSCG00000008901,22.4698700033965,20.6664156040005
ENSSSCG00000008900,94.2119059292735,73.3521790681466
ENSSSCG00000009228,41.74549378082,49.252691135192
ENSSSCG00000008899,15.7876537605564,11.1829781804542
ENSSSCG00000032353,0.73430947723518,0.169954075690794
ENSSSCG00000008898,219.044517059254,73.3181882530084
ENSSSCG00000038107,0.220292843170554,0.611834672486858
ENSSSCG00000023357,32.603340789242,41.2648495777247
ENSSSCG00000036736,2.71694506577016,4.24885189226984
ENSSSCG00000058108,13.4745789072655,13.4603627947109
ENSSSCG00000025792,27.2428816054252,35.4864110042377
ENSSSCG00000022955,86.3180790489954,90.347586637226
ENSSSCG00000008913,410.552428722189,215.229841454821
ENSSSCG00000008887,19.3123392512852,19.1708197379215
ENSSSCG00000009229,14.7229050185654,10.0272904657568
ENSSSCG00000008888,7.12280192918124,5.91440183403962
ENSSSCG00000008889,0.660878529511662,0.101972445414476
ENSSSCG00000026079,3.01066885666424,6.424264061112
ENSSSCG00000057932,3.15753075211127,0.747797933039493
ENSSSCG00000055291,0.587447581788144,1.29165097525003
ENSSSCG00000008890,22.8737402158758,22.5019196214611
ENSSSCG00000039175,8.11411972344873,5.8464202037633
ENSSSCG00000035142,8.66485183137512,13.4603627947109
ENSSSCG00000043807,0.771024951096939,0.985733639006604
ENSSSCG00000032234,45.0131709545165,35.0105395923035
ENSSSCG00000008909,20.9645355750644,36.4721446432443
ENSSSCG00000050228,0.477301160202867,0.407889781657905
ENSSSCG00000053465,1.76234274536443,2.61729276563822
ENSSSCG00000052525,0.440585686341108,0.81577956331581
ENSSSCG00000047648,0.257008317032313,0.81577956331581
ENSSSCG00000057157,0.73430947723518,0
ENSSSCG00000046239,0.807740424958698,0.611834672486858
ENSSSCG00000060210,0.36715473861759,0.645825487625016
ENSSSCG00000053608,0.440585686341108,0.781788748177651
ENSSSCG00000052874,0.917886846543975,0.339908151381588
ENSSSCG00000057610,0.440585686341108,0.441880596796064
ENSSSCG00000051948,0.587447581788144,0.509862227072381
ENSSSCG00000009186,19.3857701990087,20.2245350072045
ENSSSCG00000028420,54.999779844915,55.8469092719948
ENSSSCG00000009169,11.1615040539747,9.07554764188839
ENSSSCG00000022361,2.64351411804665,2.00545809315137
ENSSSCG00000009172,30.9878599393246,21.7881125035598
ENSSSCG00000008995,23.6447651669728,3.1271549927106
ENSSSCG00000009151,12.6301230084451,13.0864638281911
ENSSSCG00000008988,40.3503057740731,28.4163214555007
ENSSSCG00000009152,7.04937098145772,8.36174052398705
ENSSSCG00000024314,1.83577369308795,0
ENSSSCG00000031901,85.1798993592808,57.5804408440409
ENSSSCG00000032094,13.3277170118185,10.0952720960331
ENSSSCG00000029813,6.20491508263727,5.4385304221054
ENSSSCG00000008997,0.220292843170554,0.883761193592128
ENSSSCG00000022353,32.897064580136,26.0369643958296
ENSSSCG00000008996,26.8022959190841,22.5019196214611
ENSSSCG00000026886,1.17489516357629,0.883761193592128
ENSSSCG00000009004,141.060850576878,22.5359104365993
ENSSSCG00000020879,38.844971345741,27.5665510770467
ENSSSCG00000009188,0.73430947723518,0.54385304221054
ENSSSCG00000024168,80.3334568095287,74.0659861860479
ENSSSCG00000008989,48.905011183863,77.3970860695875
ENSSSCG00000039563,0.660878529511662,0.917752008730286
ENSSSCG00000021784,19.6427785160411,17.4372881658754
ENSSSCG00000008990,27.0225887622546,29.53801835506
ENSSSCG00000038801,7.52667214166059,4.48678759823696
ENSSSCG00000023548,13.8417336458831,14.5140780639938
ENSSSCG00000030617,11.0146421585277,10.5031618776911
ENSSSCG00000021764,21.478552209129,26.6827898834546
ENSSSCG00000022788,32.3830479460714,34.8065947014746
ENSSSCG00000009157,9.36244583474854,24.3714144540598
ENSSSCG00000062602,3.19424622597303,1.93747646287505
ENSSSCG00000009160,142.162314792731,59.8238346431594
ENSSSCG00000023296,13.9151645936067,13.1544454584674
ENSSSCG00000008991,59.4423521821878,31.9513662298692
ENSSSCG00000022282,30.47384330526,26.5128358077638
ENSSSCG00000028101,2.97395338280248,3.39908151381588
ENSSSCG00000008993,14.2823193322242,2.99119173215797
ENSSSCG00000009162,0.954602320405733,0.27192652110527
ENSSSCG00000009164,24.4525055919315,16.7914626782504
ENSSSCG00000038080,156.664926968126,92.1830906546865
ENSSSCG00000008986,22.0292843170554,22.4339379911848
ENSSSCG00000025240,19.0553309342529,5.88041101890146
ENSSSCG00000062660,2.0560665362585,0.169954075690794
ENSSSCG00000009178,58.0104487015792,36.9140252400404
ENSSSCG00000009177,21.3684057875437,14.5480688791319
ENSSSCG00000009176,32.5299098415185,32.325265196389
ENSSSCG00000039327,2.01935106239674,3.56903558950667
ENSSSCG00000009179,0.771024951096939,1.49559586607899
ENSSSCG00000008987,373.21279180478,272.436383332342
ENSSSCG00000054992,1.83577369308795,1.12169689955924
ENSSSCG00000020717,25.6641162293695,22.1280206549413
ENSSSCG00000009180,27.6100363440428,37.4238874671128
ENSSSCG00000009018,205.423076256541,154.998117030004
ENSSSCG00000009181,11.3450814232835,14.3101331731648
ENSSSCG00000009182,0.403870212479349,0.645825487625016
ENSSSCG00000009019,1332.18425360006,1051.9137560806
ENSSSCG00000009021,301.507471352765,312.817471716475
ENSSSCG00000035409,0.257008317032313,0.441880596796064
ENSSSCG00000051020,0.293723790894072,0.475871411934223
ENSSSCG00000009023,10.5006255244631,15.7377474089675
ENSSSCG00000009185,123.327276701648,87.4923581656206
ENSSSCG00000053405,31.0612908870481,29.8779265064415
ENSSSCG00000037766,23.9017734840051,11.352932256145
ENSSSCG00000009140,29.1888017200984,36.0302640464483
ENSSSCG00000009141,23.314325902217,12.0327485589082
ENSSSCG00000009029,24.0853508533139,42.7604454438037
ENSSSCG00000009142,39.1019796627733,42.2505832167313
ENSSSCG00000009030,21.7722760000231,25.6290746141717
ENSSSCG00000039813,1.4319034806086,0.54385304221054
ENSSSCG00000030044,51.3649479326008,46.6353983695538
ENSSSCG00000009031,41.6720628330964,52.4138369430408
ENSSSCG00000040272,36.2014572276944,35.6903558950667
ENSSSCG00000009144,0.257008317032313,0.985733639006604
ENSSSCG00000009145,85.4736231501749,36.2681997524154
ENSSSCG00000009146,476.787143568802,415.3677609883
ENSSSCG00000009035,25.9211245464018,38.8854925180536
ENSSSCG00000009148,10.2436172074308,14.8879770305135
ENSSSCG00000008985,6.16819960877551,6.83215384276991
ENSSSCG00000053689,3.12081527824951,3.67100803492115
ENSSSCG00000061519,1.54204990219388,2.7192652110527
ENSSSCG00000050540,17.9171512445384,27.396597001356
ENSSSCG00000009150,185.156134684851,160.300684191557
ENSSSCG00000049801,0.844455898820457,1.49559586607899
ENSSSCG00000057196,0.220292843170554,0.339908151381588
ENSSSCG00000042273,8.37112804048105,17.4032973507373
ENSSSCG00000056212,0.697594003373421,0.509862227072381
ENSSSCG00000057637,3.41453906914359,18.7289391411255
ENSSSCG00000046523,0.807740424958698,2.37935705967111
ENSSSCG00000018727,0.660878529511662,1.12169689955924
ENSSSCG00000018533,0.477301160202867,0.27192652110527
ENSSSCG00000041076,0.73430947723518,0.509862227072381
ENSSSCG00000051466,0.330439264755831,0.883761193592128
ENSSSCG00000061051,0.220292843170554,0.577843857348699
ENSSSCG00000052555,0.624163055649903,0.475871411934223
ENSSSCG00000009015,17.0726953457179,14.140179097474
ENSSSCG00000059573,22.1761462125024,26.2749001017967
ENSSSCG00000060466,0.550732107926385,2.78724684132902
ENSSSCG00000046677,1.24832611129981,1.66554994176978
ENSSSCG00000060014,0.440585686341108,3.46706314409219
ENSSSCG00000044738,1.06474874199101,0.713807117901334
ENSSSCG00000035712,1.21161063743805,0.203944890828953
ENSSSCG00000008808,24.1220663271757,21.8221033186979
ENSSSCG00000008807,16.301670394621,14.8539862153754
ENSSSCG00000035621,0.624163055649903,1.5635774963553
ENSSSCG00000033373,21.1481129443732,16.5195361571452
ENSSSCG00000008812,13.2910015379568,14.344123988303
ENSSSCG00000008813,27.7568982394898,45.2077841337511
ENSSSCG00000008816,27.4998899224575,21.9580665792506
ENSSSCG00000038160,2.93723790894072,1.01972445414476
ENSSSCG00000037950,40.4237367217966,23.7935705967111
ENSSSCG00000036284,6.57206982125486,6.424264061112
ENSSSCG00000008835,8.51798993592808,1.7335315720461
ENSSSCG00000008836,20.0466487285204,8.05582318774363
ENSSSCG00000031636,74.8261357302648,80.0483696503639
ENSSSCG00000008838,7.3430947723518,7.03609873359886
ENSSSCG00000008819,0.477301160202867,0.54385304221054
ENSSSCG00000008820,14.172172910639,17.5052697961518
ENSSSCG00000008821,59.111912917432,84.36520317291
ENSSSCG00000008823,0.917886846543975,0.81577956331581
ENSSSCG00000008826,28.8583624553426,39.8372353419221
ENSSSCG00000058121,141.758444580251,165.807196243938
ENSSSCG00000008829,17.7702893490913,7.34201606984229
ENSSSCG00000008830,1.06474874199101,1.25766016011187
ENSSSCG00000008831,32.2729015244861,24.0654971178164
ENSSSCG00000058015,34.2188216391594,32.8011366083232
ENSSSCG00000008834,213.206756715234,206.290257073485
ENSSSCG00000008789,57.5698630152381,59.9937887188502
ENSSSCG00000008788,42.1860794671611,43.7461790828103
ENSSSCG00000026297,6.79236266442541,12.848528122224
ENSSSCG00000061243,695.170782098545,633.21489520876
ENSSSCG00000029385,17.1461262934414,15.4658208878622
ENSSSCG00000030150,86.1345016796866,40.0071894176128
ENSSSCG00000021793,144.622251541469,100.680794439226
ENSSSCG00000033602,65.5371208432398,57.8523673651462
ENSSSCG00000023112,74.5324119393707,77.8049758512454
ENSSSCG00000008792,35.4671477504592,47.6891136388367
ENSSSCG00000008794,0.771024951096939,0.883761193592128
ENSSSCG00000008796,79.8928711231875,63.7667691991858
ENSSSCG00000024496,17.8437202968149,14.3101331731648
ENSSSCG00000022168,42.0759330455758,33.616916171639
ENSSSCG00000022945,42.4798032580551,22.263983915494
ENSSSCG00000008799,55.293503635809,96.4319425469564
ENSSSCG00000037305,73.2473703542092,100.000978136463
ENSSSCG00000008801,73.1005084587621,65.7722272923372
ENSSSCG00000040147,0.587447581788144,0.679816302763175
ENSSSCG00000008803,5.36045918381681,15.4318300727241
ENSSSCG00000058773,1.13817968971453,1.46160505094083
ENSSSCG00000049086,2.42322127487609,1.80151320232241
ENSSSCG00000045759,0.403870212479349,0.339908151381588
ENSSSCG00000047290,0.587447581788144,0.305917336243429
ENSSSCG00000060729,0.440585686341108,0.475871411934223
ENSSSCG00000044256,3.56140096459062,3.56903558950667
ENSSSCG00000043129,1.83577369308795,3.05917336243429
ENSSSCG00000050499,1.94592011467323,2.141421353704
ENSSSCG00000053874,0.220292843170554,0.883761193592128
ENSSSCG00000008765,8.07740424958698,7.81788748177651
ENSSSCG00000008762,24.8930912782726,17.131370829632
ENSSSCG00000032413,35.7241560674915,28.1443949343954
ENSSSCG00000008768,12.0059599527952,4.82669574961854
ENSSSCG00000028471,87.4195432648481,48.5388840172907
ENSSSCG00000008770,1.13817968971453,3.02518254729613
ENSSSCG00000008771,38.1473773423676,28.4163214555007
ENSSSCG00000008772,10.5373409983248,12.9505005676385
ENSSSCG00000008773,45.9310578010605,35.9962732313101
ENSSSCG00000028983,223.156650131771,268.833356927698
ENSSSCG00000036125,115.470165295232,27.4985694467704
ENSSSCG00000061764,2.53336769646137,1.66554994176978
ENSSSCG00000029943,18.1374440877089,15.0579311062043
ENSSSCG00000036488,97.8100223677259,72.2984637988637
ENSSSCG00000008785,89.732618118139,27.9064592284283
ENSSSCG00000026583,6.60878529511662,2.65128358077638
ENSSSCG00000026592,3.41453906914359,2.41334787480927
ENSSSCG00000023785,1.06474874199101,0.441880596796064
ENSSSCG00000008787,18.0272976661237,16.281600451178
ENSSSCG00000008767,4.4792878111346,2.78724684132902
ENSSSCG00000059682,11.4552278448688,7.98784155746731
ENSSSCG00000055589,71.59517403043,96.3299701015419
ENSSSCG00000055860,0.514016634064626,1.32564179038819
ENSSSCG00000058594,0.220292843170554,0.883761193592128
ENSSSCG00000036155,11.0146421585277,9.3134833478555
ENSSSCG00000022173,34.2188216391594,49.7285625471263
ENSSSCG00000009083,67.3728945363277,68.6954373942188
ENSSSCG00000009084,12.0793909005187,7.64793340608572
ENSSSCG00000009085,1.68891179764091,1.25766016011187
ENSSSCG00000036213,14.9799133355977,15.5677933332767
ENSSSCG00000026290,5.36045918381681,7.30802525470413
ENSSSCG00000034743,64.7660958921428,46.465444293863
ENSSSCG00000009090,39.3957034536674,61.4214029546529
ENSSSCG00000009092,0.220292843170554,0.407889781657905
ENSSSCG00000009093,26.5452876020517,30.2178346578231
ENSSSCG00000060144,4.22227949410228,12.6105924162569
ENSSSCG00000009096,25.6641162293695,29.5720091701981
ENSSSCG00000044775,8.99529109613095,0.441880596796064
ENSSSCG00000009097,421.567070880717,265.332302968467
ENSSSCG00000062901,0.36715473861759,0.951742823868445
ENSSSCG00000060288,0.477301160202867,0.203944890828953
ENSSSCG00000056289,0.073430947723518,0.441880596796064
ENSSSCG00000060142,0.220292843170554,0.509862227072381
ENSSSCG00000009259,21.9925688431936,20.6664156040005
ENSSSCG00000027722,21.6988450522996,19.0008656622307
ENSSSCG00000009250,4.00198665093173,0.27192652110527
ENSSSCG00000029061,2.60679864418489,3.39908151381588
ENSSSCG00000037723,16.7055406071003,17.8451779475333
ENSSSCG00000036555,1.17489516357629,0.849770378453969
ENSSSCG00000009256,116.388052141776,62.95098963587
ENSSSCG00000009230,82.2426614503401,78.3828197085941
ENSSSCG00000009231,39.9464355615938,33.9228335078824
ENSSSCG00000009232,0.991317794267492,0.54385304221054
ENSSSCG00000009233,9.58273867791909,3.8749529257501
ENSSSCG00000009234,2.97395338280248,6.28830080055937
ENSSSCG00000038042,3.08409980438775,4.07889781657905
ENSSSCG00000009236,12.0793909005187,14.3101331731648
ENSSSCG00000051849,4.9198734974757,4.8606865647567
ENSSSCG00000009238,31.685453942698,31.3055407422442
ENSSSCG00000009239,44.792878111346,95.5481813533643
ENSSSCG00000009240,22.1027152647789,20.8023788645532
ENSSSCG00000009241,70.530425288439,66.9619058221727
ENSSSCG00000009242,19.2021928296999,23.2837083696387
ENSSSCG00000009243,8.40784351434281,12.7805464919477
ENSSSCG00000009244,331.871168236439,248.744785181046
ENSSSCG00000009245,21.0379665227879,13.5623352401253
ENSSSCG00000026729,49.6026051872364,33.0050814991521
ENSSSCG00000009246,34.2188216391594,32.4612284569416
ENSSSCG00000037245,303.783830732194,217.269290363111
ENSSSCG00000040448,4.03870212479349,5.20059471613829
ENSSSCG00000009249,173.076743784332,170.803846069248
ENSSSCG00000055411,0.550732107926385,0.0679816302763175
ENSSSCG00000029507,13.7315872242979,26.2749001017967
ENSSSCG00000033490,0.514016634064626,0.169954075690794
ENSSSCG00000043057,3.89184022934645,5.67646612807251
ENSSSCG00000053767,0.440585686341108,0.577843857348699
ENSSSCG00000047440,2.68022959190841,5.64247531293435
ENSSSCG00000055245,0.073430947723518,0.747797933039493
ENSSSCG00000058740,0.477301160202867,0.509862227072381
ENSSSCG00000009237,66.5284386375073,90.0076784858444
ENSSSCG00000008842,22.9838866374611,47.6891136388367
ENSSSCG00000008844,94.9462154065087,35.9282916010338
ENSSSCG00000032645,34.8429846948093,32.9370998688758
ENSSSCG00000008840,6.13148413491375,4.38481515282248
ENSSSCG00000008841,34.1453906914358,14.0382066520596
ENSSSCG00000008845,17.9538667184001,15.8057290392438
ENSSSCG00000053955,2.97395338280248,3.8749529257501
ENSSSCG00000008850,7.159517403043,7.95385074232915
ENSSSCG00000008892,9.2155839393015,14.0382066520596
ENSSSCG00000057119,6.38849245194606,6.90013547304623
ENSSSCG00000008852,25.6641162293695,34.466686550093
ENSSSCG00000008853,2.64351411804665,2.92321010188165
ENSSSCG00000008854,51.6953871973566,53.739478733429
ENSSSCG00000008857,93.991613086103,57.7843857348699
ENSSSCG00000008858,67.1158862192954,71.7546107566531
ENSSSCG00000020868,8.7749982529604,9.85733639006604
ENSSSCG00000008860,0.771024951096939,0.81577956331581
ENSSSCG00000008866,156.628211494264,79.9463972049494
ENSSSCG00000008870,432.802005882415,75.6975453126795
ENSSSCG00000008867,7.85711140641642,3.2971090684014
ENSSSCG00000024960,111.761902435194,92.4210263606537
ENSSSCG00000032722,0.954602320405733,0.611834672486858
ENSSSCG00000008873,64.1052173626312,273.150190450244
ENSSSCG00000008874,30.5105587791217,77.6010309604164
ENSSSCG00000041883,18.0640131399854,40.5850332749616
ENSSSCG00000008875,20.6340963103085,3.1271549927106
ENSSSCG00000028492,4.66286518044339,2.03944890828953
ENSSSCG00000008877,36.6787583878972,35.758337525343
ENSSSCG00000008878,41.5986318853729,56.322780683929
ENSSSCG00000031175,26.50857212819,32.3592560115271
ENSSSCG00000008881,59.5892140776348,59.4499356766397
ENSSSCG00000043799,3.6715473861759,6.08435590973042
ENSSSCG00000056962,3.047384330526,4.01091618630273
ENSSSCG00000060644,48.2441326543513,59.7218621977449
ENSSSCG00000061935,0.514016634064626,0.611834672486858
ENSSSCG00000062670,47.0325220169133,28.0764133041191
ENSSSCG00000056426,1.79905821922619,3.26311825326324
ENSSSCG00000038185,1.68891179764091,1.35963260552635
ENSSSCG00000039341,0.073430947723518,22.6038920668756
ENSSSCG00000008944,0.403870212479349,0.27192652110527
ENSSSCG00000008965,3.63483191231414,3.63701721978299
ENSSSCG00000008966,92.3761322361856,71.4826842355479
ENSSSCG00000008961,11.5653742664541,20.9383421251058
ENSSSCG00000063288,1.65219632377915,3.60302640464483
ENSSSCG00000008969,27.1694506577016,18.423021804882
ENSSSCG00000029348,19.495916620594,16.9274259388031
ENSSSCG00000060276,1.72562727150267,2.41334787480927
ENSSSCG00000061605,8.7749982529604,15.7717382241057
ENSSSCG00000008959,4.73629612816691,7.61394259094756
ENSSSCG00000035020,6.86579361214893,1.08770608442108
ENSSSCG00000008963,2.20292843170554,0.951742823868445
ENSSSCG00000036645,0.624163055649903,0
ENSSSCG00000023903,65.2801125262075,71.7546107566531
ENSSSCG00000008937,0.697594003373421,1.01972445414476
ENSSSCG00000026084,16.3383858684827,8.53169459967785
ENSSSCG00000008727,1.17489516357629,0.883761193592128
ENSSSCG00000039991,39.6527117706997,36.1322364918628
ENSSSCG00000008938,0.954602320405733,0.407889781657905
ENSSSCG00000035379,38.6246785025704,16.0096739300728
ENSSSCG00000039488,46.0412042226458,28.9601744977113
ENSSSCG00000031302,76.8087713187998,79.1306176416336
ENSSSCG00000025514,47.6566850725632,56.8666337261396
ENSSSCG00000029983,59.9563688162524,68.2535567974228
ENSSSCG00000008712,3.6715473861759,3.02518254729613
ENSSSCG00000032452,99.0583484790257,42.9643903346327
ENSSSCG00000008710,0.660878529511662,1.66554994176978
ENSSSCG00000008940,68.547789699904,60.7415866518897
ENSSSCG00000008942,135.223090232858,202.789203114255
ENSSSCG00000008943,19.2389083035617,34.2967324744022
ENSSSCG00000008709,2.97395338280248,0.339908151381588
ENSSSCG00000036501,249.444929416791,228.656213434394
ENSSSCG00000038180,42.5899496796404,15.193894366757
ENSSSCG00000032637,20.1567951501057,30.7956785151718
ENSSSCG00000008947,6.09476866105199,5.64247531293435
ENSSSCG00000024399,13.254286064095,11.0130241047634
ENSSSCG00000024592,95.7906713053292,90.5855223431931
ENSSSCG00000038731,37.5966452344412,33.4129712808101
ENSSSCG00000024892,3.59811643845238,2.78724684132902
ENSSSCG00000008728,6.75564719056365,8.36174052398705
ENSSSCG00000008729,7.63681856324587,9.07554764188839
ENSSSCG00000034122,34.5492609039152,37.0839793157312
ENSSSCG00000031700,0.146861895447036,0.441880596796064
ENSSSCG00000045703,0.403870212479349,0.849770378453969
ENSSSCG00000037539,11.27165047556,9.1435292721647
ENSSSCG00000008970,60.2133771332847,62.4751182239358
ENSSSCG00000022940,183.650800256518,157.615409795642
ENSSSCG00000037445,8.00397330186346,8.7356394905068
ENSSSCG00000029624,42.3329413626081,52.447827758179
ENSSSCG00000027349,81.4716364992432,92.3190539152392
ENSSSCG00000027746,429.828052499612,367.882592240292
ENSSSCG00000027178,2.57008317032313,3.8749529257501
ENSSSCG00000022358,30.9878599393246,31.1355866665534
ENSSSCG00000008735,52.6499895177624,59.5858989371923
ENSSSCG00000037527,1.24832611129981,0.679816302763175
ENSSSCG00000008948,0.697594003373421,1.97146727801321
ENSSSCG00000021289,114.258554657794,99.1172169428709
ENSSSCG00000038234,48.133986232766,52.8557175398369
ENSSSCG00000027286,25.590685281646,21.0743053856584
ENSSSCG00000032262,195.546613787728,132.190280072299
ENSSSCG00000035739,1.83577369308795,3.22912743812508
ENSSSCG00000036512,28.2341993996927,38.1376945850141
ENSSSCG00000032633,23.9384889578669,27.2266429256652
ENSSSCG00000008678,57.9370177538557,59.6198897523305
ENSSSCG00000008677,9.25229941316326,4.01091618630273
ENSSSCG00000030827,13.3644324856803,7.37600688498045
ENSSSCG00000008675,87.1992504216776,74.0659861860479
ENSSSCG00000008682,49.6760361349599,50.8162686315473
ENSSSCG00000008681,50.887646772398,48.5048932021525
ENSSSCG00000063120,12.0793909005187,6.28830080055937
ENSSSCG00000033541,28.1607684519691,19.0008656622307
ENSSSCG00000027718,23.4244723238022,34.908567146889
ENSSSCG00000008687,108.457509787636,127.125648616714
ENSSSCG00000032304,85.5103386240367,67.8456670157649
ENSSSCG00000037035,47.1059529646368,59.8578254582976
ENSSSCG00000008689,6.02133771332847,9.1435292721647
ENSSSCG00000034633,123.584285018681,112.033726695371
ENSSSCG00000054601,3.78169380776118,6.08435590973042
ENSSSCG00000008690,82.5363852412342,93.5427232602129
ENSSSCG00000029745,38.2942392378146,38.6475568120865
ENSSSCG00000023426,0.183577369308795,0.475871411934223
ENSSSCG00000008952,20.0099332546586,40.7209965355142
ENSSSCG00000008921,21.331690313682,24.5073777146125
ENSSSCG00000008923,0.440585686341108,1.18967852983556
ENSSSCG00000008924,20.5239498887233,18.5249942502965
ENSSSCG00000008691,17.8804357706766,19.9865993012373
ENSSSCG00000035505,115.029579608891,131.680417845227
ENSSSCG00000047476,1.4319034806086,0.475871411934223
ENSSSCG00000039276,16.5219632377915,5.88041101890146
ENSSSCG00000053199,0.257008317032313,0.339908151381588
ENSSSCG00000054715,0.146861895447036,0.781788748177651
ENSSSCG00000056469,37.009197652653,55.0991113389553
ENSSSCG00000032374,0,1.83550401746057
ENSSSCG00000028466,19.5693475683175,19.2388013681979
ENSSSCG00000008968,0.146861895447036,0.407889781657905
ENSSSCG00000042491,7.159517403043,9.34747416299366
ENSSSCG00000054054,0.073430947723518,0.475871411934223
ENSSSCG00000008698,67.4463254840512,62.1692008876924
ENSSSCG00000008700,0.771024951096939,0.951742823868445
ENSSSCG00000008702,5.9111912917432,1.80151320232241
ENSSSCG00000008701,219.228094428563,160.742564788353
ENSSSCG00000032151,10.3170481551543,1.80151320232241
ENSSSCG00000033873,17.9171512445384,25.7310470595862
ENSSSCG00000028085,26.0312709679871,21.6861400581453
ENSSSCG00000059110,19.3857701990087,28.5862755311915
ENSSSCG00000038829,24.1954972748992,29.6059999853363
ENSSSCG00000008703,1.39518800674684,1.90348564773689
ENSSSCG00000059898,1.21161063743805,1.1556877146974
ENSSSCG00000061994,5.69089844857264,8.46371296940153
ENSSSCG00000061545,2.16621295784378,2.48132950508559
ENSSSCG00000057151,0.514016634064626,0.373898966519746
ENSSSCG00000034251,0.771024951096939,0.169954075690794
ENSSSCG00000051354,0.697594003373421,2.00545809315137
ENSSSCG00000062149,0.146861895447036,0.407889781657905
ENSSSCG00000056806,0.477301160202867,1.05371526928292
ENSSSCG00000061843,14.5026121753948,18.8988932168163
ENSSSCG00000050735,0.220292843170554,0.475871411934223
ENSSSCG00000043216,1.57876537605564,0
ENSSSCG00000062945,0.220292843170554,0.54385304221054
ENSSSCG00000052014,0.697594003373421,0.849770378453969
ENSSSCG00000047882,0.587447581788144,1.1556877146974
ENSSSCG00000055957,49.198734974757,47.5191595631459
ENSSSCG00000029711,30.0699730927806,29.8779265064415
ENSSSCG00000051936,0.146861895447036,0.407889781657905
ENSSSCG00000047976,18.0272976661237,39.5653088208168
ENSSSCG00000021515,23.5346187453875,42.9303995194945
ENSSSCG00000039778,6.27834603036079,1.25766016011187
ENSSSCG00000008978,1.10146421585277,0.135963260552635
ENSSSCG00000008979,23.7181961146963,32.9031090537377
ENSSSCG00000008980,202.118683608983,254.183315603151
ENSSSCG00000008981,33.4845121619242,61.6253478454818
ENSSSCG00000008983,7.52667214166059,15.839719854382
ENSSSCG00000008984,77.543080796035,61.1834672486858
ENSSSCG00000052738,9.91317794267492,11.3189414410069
ENSSSCG00000008971,168.487309551612,79.4025441627388
ENSSSCG00000008972,0.514016634064626,0.0339908151381588
ENSSSCG00000008973,10.0233243642602,8.49770378453969
ENSSSCG00000008974,46.9590910691897,54.9971388935409
ENSSSCG00000032777,3.34110812142007,2.10743053856584
ENSSSCG00000032474,8.7749982529604,13.698298500678
ENSSSCG00000008976,0.073430947723518,12.0327485589082
ENSSSCG00000041895,0.771024951096939,0.339908151381588
ENSSSCG00000059464,2.60679864418489,1.08770608442108
ENSSSCG00000008724,51.2548015110155,48.5388840172907
ENSSSCG00000008723,87.0523885262305,23.5896257058822
ENSSSCG00000008722,8.5914208836516,8.80362112078312
ENSSSCG00000023907,42.7368115750875,32.2232927509745
ENSSSCG00000041048,0.440585686341108,2.07343972342768
ENSSSCG00000008721,3.23096169983479,2.24339379911848
ENSSSCG00000009002,7.52667214166059,8.08981400288178
ENSSSCG00000009007,27.0225887622546,18.4910034351584
ENSSSCG00000009009,1.94592011467323,0.917752008730286
ENSSSCG00000029200,46.2614970658163,53.9094328091198
ENSSSCG00000009011,9.06872204385447,13.8002709460925
ENSSSCG00000009010,92.8534333963885,75.8335085732322
ENSSSCG00000038186,47.7668314941484,49.7285625471263
ENSSSCG00000009012,11.6755206880394,17.1653616447702
ENSSSCG00000050277,0.36715473861759,1.59756831149346
ENSSSCG00000031736,12.6668384823068,11.4888955166977
ENSSSCG00000030396,151.891915366097,125.392117044668
ENSSSCG00000020711,27.6100363440428,28.484303085777
ENSSSCG00000028359,30.2168349882276,10.0952720960331
ENSSSCG00000008742,2.01935106239674,1.39362342066451
ENSSSCG00000008741,105.813995669589,2.48132950508559
ENSSSCG00000008745,24.8930912782726,10.0952720960331
ENSSSCG00000008750,7.9672578280017,6.32229161569753
ENSSSCG00000023934,6.49863887353134,10.5031618776911
ENSSSCG00000059381,0.917886846543975,0.747797933039493
ENSSSCG00000009060,18.0272976661237,23.3176991847769
ENSSSCG00000047367,1.65219632377915,0.883761193592128
ENSSSCG00000035622,303.600253362885,326.447788586877
ENSSSCG00000030957,32.4564788937949,36.6760895340733
ENSSSCG00000056724,2.27635937942906,5.0306406404475
ENSSSCG00000009166,12.1528218482422,10.1292629111713
ENSSSCG00000058307,0.660878529511662,1.05371526928292
ENSSSCG00000009211,42.9938198921198,44.3920045704353
ENSSSCG00000030548,40.5338831433819,29.2321010188165
ENSSSCG00000021712,58.8549046003996,28.9941653128494
ENSSSCG00000038867,56.6886916425559,47.0772789663499
ENSSSCG00000009215,9.2155839393015,7.0021079184607
ENSSSCG00000055653,2.38650580101433,2.54931113536191
ENSSSCG00000009217,49.7127516088217,55.7449368265804
ENSSSCG00000009216,6311.20637946706,552.690654146461
ENSSSCG00000041592,2.27635937942906,1.29165097525003
ENSSSCG00000009219,0.330439264755831,0.339908151381588
ENSSSCG00000009220,16.0079466037269,22.263983915494
ENSSSCG00000009221,2.53336769646137,4.18087026199353
ENSSSCG00000009222,1030.23619656096,595.281145514574
ENSSSCG00000053724,91.3113834941946,50.102461513646
ENSSSCG00000009225,636.242446550421,78.7227278599757
ENSSSCG00000057393,23.2041794806317,3.05917336243429
ENSSSCG00000048301,2.12949748398202,0.101972445414476
ENSSSCG00000053510,1.13817968971453,0
ENSSSCG00000009071,28.9685088769278,55.8129184568567
ENSSSCG00000057133,0.36715473861759,0.373898966519746
ENSSSCG00000009072,44.2788614772813,39.2933822997115
ENSSSCG00000034280,11.3083659494218,13.698298500678
ENSSSCG00000009074,7.3430947723518,5.67646612807251
ENSSSCG00000009075,17.4765655581973,16.4515545268688
ENSSSCG00000052949,1.50533442833212,2.37935705967111
ENSSSCG00000055606,10.0967553119837,3.46706314409219
ENSSSCG00000009077,62.1960127218197,103.637995356246
ENSSSCG00000009079,23.6447651669728,35.4524201890996
ENSSSCG00000008749,12.0793909005187,19.6466911498558
ENSSSCG00000022004,25.4805388600607,27.6005418921849
ENSSSCG00000008692,189.561991548262,192.795903463636
ENSSSCG00000008695,65.1332506307604,71.1087852690281
ENSSSCG00000008693,52.8335668870712,56.6626888353106
ENSSSCG00000008694,12.336399217551,12.9165097525003
ENSSSCG00000008697,138.784491197449,132.632160669095
ENSSSCG00000058478,0.660878529511662,0.0679816302763175
ENSSSCG00000009047,138.564198354278,97.5196486313775
ENSSSCG00000009049,29.6293874064395,28.5862755311915
ENSSSCG00000009048,40.680745038829,65.4323191409556
ENSSSCG00000051886,0.220292843170554,0.54385304221054
ENSSSCG00000056757,1.39518800674684,3.16114580784876
ENSSSCG00000009203,1.28504158516156,0.203944890828953
ENSSSCG00000039821,6.68221624284013,1.12169689955924
ENSSSCG00000032541,23.4244723238022,22.9438002182572
ENSSSCG00000026196,75.5971606813617,107.309003391167
ENSSSCG00000061629,0.220292843170554,0.509862227072381
ENSSSCG00000009209,9.69288509950437,10.5031618776911
ENSSSCG00000008737,27.5366053963192,9.92531802034236
ENSSSCG00000008740,118.994850785961,82.1218093737915
ENSSSCG00000060364,2.90052243507896,3.02518254729613
ENSSSCG00000008738,113.671107076006,130.048858718595
ENSSSCG00000026129,7.52667214166059,5.98238346431594
ENSSSCG00000009197,15.4204990219388,17.131370829632
ENSSSCG00000048161,0.403870212479349,0.135963260552635
ENSSSCG00000061180,3.52468549072886,6.15233754000673
ENSSSCG00000058312,0.771024951096939,0.747797933039493
ENSSSCG00000034811,60.2133771332847,54.5552582967448
ENSSSCG00000023604,134.341918860176,90.2796050069497
ENSSSCG00000029989,113.230521389665,107.98881969393
ENSSSCG00000026232,1.35847253288508,0.883761193592128
ENSSSCG00000040393,0.36715473861759,0.849770378453969
ENSSSCG00000008747,6.79236266442541,1.97146727801321
ENSSSCG00000008748,17.7335738752296,19.1028381076452
ENSSSCG00000009119,34.9898465902563,41.9446658804879
ENSSSCG00000009120,1.06474874199101,1.66554994176978
ENSSSCG00000031348,14.0987419629154,9.55141905382261
ENSSSCG00000009129,4.25899496796404,4.18087026199353
ENSSSCG00000009128,7.74696498483114,7.37600688498045
ENSSSCG00000055744,23.0573175851846,8.19178644829626
ENSSSCG00000009123,45.1233173761018,54.8951664481264
ENSSSCG00000009125,99.1317794267492,102.176390305305
ENSSSCG00000056445,0.146861895447036,0.679816302763175
ENSSSCG00000057698,2.0560665362585,2.20940298398032
ENSSSCG00000023273,36.7521893356207,40.5510424598234
ENSSSCG00000053285,13.6948717504361,19.5107278893031
ENSSSCG00000036008,40.680745038829,55.235074599508
ENSSSCG00000038307,60.5438163980406,46.9413157057972
ENSSSCG00000008261,15.6407918651093,11.5908679621121
ENSSSCG00000022842,3.56140096459062,1.46160505094083
ENSSSCG00000008309,53.5678763643064,53.3315889517711
ENSSSCG00000008310,30.9511444654628,36.5741170886588
ENSSSCG00000008311,1.39518800674684,4.79270493448038
ENSSSCG00000008262,19.7162094637646,6.69619058221727
ENSSSCG00000008250,0.440585686341108,2.24339379911848
ENSSSCG00000021287,5.32374370995505,6.0163742794541
ENSSSCG00000021007,14.3924657538095,15.7717382241057
ENSSSCG00000035958,5.80104487015792,3.39908151381588
ENSSSCG00000062275,0.514016634064626,0.203944890828953
ENSSSCG00000008263,1.02803326812925,0.407889781657905
ENSSSCG00000008265,9.98660889039844,9.85733639006604
ENSSSCG00000008266,25.737547177093,21.2442594613492
ENSSSCG00000039882,19.1287618819764,16.281600451178
ENSSSCG00000008268,67.6666183272218,71.07479445389
ENSSSCG00000033366,10.3170481551543,8.66765786023048
ENSSSCG00000008275,31.6487384688362,31.1695774816916
ENSSSCG00000008270,11.0513576323895,7.0021079184607
ENSSSCG00000057727,39.3957034536674,35.3164569285469
ENSSSCG00000022786,47.4731077032544,33.6509069867772
ENSSSCG00000035061,44.021853160249,34.8405855166127
ENSSSCG00000008287,47.4731077032544,35.962282416172
ENSSSCG00000008281,18.284305983156,17.6072422415662
ENSSSCG00000029593,6.90250908601069,5.88041101890146
ENSSSCG00000029485,148.6242381924,122.5708793882
ENSSSCG00000020931,35.8710179629385,37.4238874671128
ENSSSCG00000062991,1.35847253288508,2.37935705967111
ENSSSCG00000008428,44.7194471636224,22.2979747306321
ENSSSCG00000008429,271.253920890675,306.223253579672
ENSSSCG00000008447,12.8871313254774,12.2366934497372
ENSSSCG00000008282,50.6673539292274,41.5707669139682
ENSSSCG00000023156,42.6266651535022,38.0357221395996
ENSSSCG00000008448,74.2019726746149,74.4738759677058
ENSSSCG00000008449,0.440585686341108,1.12169689955924
ENSSSCG00000008274,226.461042779329,196.466911498558
ENSSSCG00000008451,28.1240529781074,29.1981102036784
ENSSSCG00000008456,12.1528218482422,21.0743053856584
ENSSSCG00000008289,7.82039593255466,7.91985992719099
ENSSSCG00000039221,159.345156560034,152.652750785471
ENSSSCG00000040854,27.6834672917663,29.130128573402
ENSSSCG00000008452,60.5438163980406,62.6450722996266
ENSSSCG00000008292,36.8990512310678,57.3425051380738
ENSSSCG00000008293,16.8524025025474,24.7793042357177
ENSSSCG00000008294,6987.21168420977,3493.20208093344
ENSSSCG00000008459,10.6107719460483,6.90013547304623
ENSSSCG00000038549,144.952690806224,185.419896578656
ENSSSCG00000038660,6.49863887353134,1.18967852983556
ENSSSCG00000008464,24.525936539655,24.4733868994743
ENSSSCG00000008466,117.232508040596,91.1633662005418
ENSSSCG00000008433,541.516523987083,476.687191497538
ENSSSCG00000008467,51.181370563292,38.1376945850141
ENSSSCG00000008300,24.0853508533139,14.6840321396846
ENSSSCG00000008434,51.8422490928037,32.1553111206982
ENSSSCG00000008298,34.5125454300534,47.7231044539749
ENSSSCG00000021325,184.495256155339,75.799517758094
ENSSSCG00000008297,14.9799133355977,17.7092146869807
ENSSSCG00000008437,37.3029214435471,43.5762250071195
ENSSSCG00000021579,0.991317794267492,1.63155912663162
ENSSSCG00000037977,46.4083589612634,64.7185120230543
ENSSSCG00000008440,18.6514607217736,14.989949475928
ENSSSCG00000045356,3.23096169983479,2.82123765646718
ENSSSCG00000008302,1.72562727150267,1.93747646287505
ENSSSCG00000031261,10.6107719460483,6.96811710332254
ENSSSCG00000035912,0.917886846543975,1.01972445414476
ENSSSCG00000008443,183.283645517901,66.4180527799622
ENSSSCG00000008303,218.714077794498,220.328463725545
ENSSSCG00000038383,99.0583484790257,86.0307531146798
ENSSSCG00000008444,7.37981024621356,7.5799517758094
ENSSSCG00000008445,27.573320870181,21.41421353704
ENSSSCG00000008304,20.2302260978292,22.5359104365993
ENSSSCG00000037751,4.95658897133746,4.24885189226984
ENSSSCG00000022162,21.2215438920967,18.1850860989149
ENSSSCG00000008468,53.7881692074769,41.8766842502116
ENSSSCG00000036418,76.0010308938411,60.4356693156463
ENSSSCG00000008307,9.32573036088678,6.96811710332254
ENSSSCG00000008601,90.2466347522036,39.4973271905405
ENSSSCG00000043781,222.936357288601,144.562936782589
ENSSSCG00000008619,95.2399391974028,92.8629069574497
ENSSSCG00000008470,17.0359798718562,19.918617670961
ENSSSCG00000024293,7.01265550759596,9.38146497813181
ENSSSCG00000008474,0.991317794267492,1.76752238718426
ENSSSCG00000008475,60.2133771332847,75.2556647158835
ENSSSCG00000021155,5.61746750084912,4.18087026199353
ENSSSCG00000008618,0.514016634064626,1.80151320232241
ENSSSCG00000008599,0.330439264755831,0.679816302763175
ENSSSCG00000061556,49.3455968702041,54.8271848178501
ENSSSCG00000008600,122.482820802828,165.22935238659
ENSSSCG00000008478,44.4991543204519,50.0004890682315
ENSSSCG00000022933,37.7435071298882,16.5195361571452
ENSSSCG00000008312,39.762858192285,80.8981400288178
ENSSSCG00000040621,3.30439264755831,2.61729276563822
ENSSSCG00000008617,21.331690313682,30.8976509605863
ENSSSCG00000008568,155.673609173858,168.866369606373
ENSSSCG00000008480,102.803326812925,91.1973570156799
ENSSSCG00000008479,60.9844020843817,37.9337496941852
ENSSSCG00000008482,17.5867119797826,16.9954075690794
ENSSSCG00000008483,0.73430947723518,1.42761423580267
ENSSSCG00000008484,97.7733068938642,139.022433915069
ENSSSCG00000008486,101.297992384593,76.445343245719
ENSSSCG00000008621,54.1553239460945,47.315214672317
ENSSSCG00000022708,71.3748811872595,75.7655269429559
ENSSSCG00000031905,0.697594003373421,0.407889781657905
ENSSSCG00000020878,47.216099386222,49.2187003200539
ENSSSCG00000008613,0.991317794267492,1.18967852983556
ENSSSCG00000008614,52.5398430961771,41.2988403928629
ENSSSCG00000008615,1.21161063743805,0.781788748177651
ENSSSCG00000008602,287.22515202054,209.689338587301
ENSSSCG00000038394,20.2302260978292,27.6345327073231
ENSSSCG00000008316,81.8387912378608,68.1515843520083
ENSSSCG00000008604,104.78596240146,149.491604977622
ENSSSCG00000008317,66.1612838988897,61.5573662152055
ENSSSCG00000058412,2.2396439055673,2.48132950508559
ENSSSCG00000053616,2.27635937942906,3.77298048033562
ENSSSCG00000008314,72.659922772421,74.2019494466006
ENSSSCG00000060496,1.90920464081147,0.577843857348699
ENSSSCG00000008487,73.7981024621355,120.225513143668
ENSSSCG00000008608,35.6140096459062,26.2069184715204
ENSSSCG00000030643,68.8782289646599,52.2098920522118
ENSSSCG00000008570,1.13817968971453,2.07343972342768
ENSSSCG00000008569,94.909499932647,83.719377685285
ENSSSCG00000008305,7.71024951096939,5.77843857348699
ENSSSCG00000033844,19.3123392512852,18.7969207714018
ENSSSCG00000008488,20.5239498887233,23.4536624453295
ENSSSCG00000008571,99.8293734301227,90.9254304945747
ENSSSCG00000058673,1.46861895447036,1.05371526928292
ENSSSCG00000008441,2.82709148735544,0.203944890828953
ENSSSCG00000008572,2.16621295784378,1.49559586607899
ENSSSCG00000008573,157.472667393084,158.805088325478
ENSSSCG00000008574,26.9124423406693,35.8943007858956
ENSSSCG00000008575,48.2441326543513,62.3731457785213
ENSSSCG00000048402,6.05805318719023,0.985733639006604
ENSSSCG00000008576,19.5693475683175,24.2354511935072
ENSSSCG00000060318,0.844455898820457,2.03944890828953
ENSSSCG00000056837,1.24832611129981,0.169954075690794
ENSSSCG00000051522,2.09278201012026,5.09862227072381
ENSSSCG00000047431,0.183577369308795,0.509862227072381
ENSSSCG00000051523,0.917886846543975,2.27738461425664
ENSSSCG00000059235,0.220292843170554,0.577843857348699
ENSSSCG00000059094,3.12081527824951,6.22031917028305
ENSSSCG00000054930,0.697594003373421,2.03944890828953
ENSSSCG00000029413,17.4398500843355,22.6378828820137
ENSSSCG00000060076,0.183577369308795,0.883761193592128
ENSSSCG00000053560,0.146861895447036,0.475871411934223
ENSSSCG00000008577,16.301670394621,18.7629299562636
ENSSSCG00000048122,6.05805318719023,8.02183237260547
ENSSSCG00000008578,61.4249877707228,62.1692008876924
ENSSSCG00000050679,0.807740424958698,1.90348564773689
ENSSSCG00000055702,5.39717465767857,1.39362342066451
ENSSSCG00000008581,17.7335738752296,27.9744408587047
ENSSSCG00000063378,0.881171372682216,0.373898966519746
ENSSSCG00000008583,47.6566850725632,65.5682824015082
ENSSSCG00000008228,2.0560665362585,2.27738461425664
ENSSSCG00000008164,85.8407778887925,75.2896555310216
ENSSSCG00000008582,1.79905821922619,3.63701721978299
ENSSSCG00000008584,7.30637929849004,6.79816302763175
ENSSSCG00000008585,0.73430947723518,0.305917336243429
ENSSSCG00000008586,5.21359728836978,5.8464202037633
ENSSSCG00000008587,37.4864988128559,31.9853570450074
ENSSSCG00000045531,3.41453906914359,1.5635774963553
ENSSSCG00000008192,136.030830657817,107.784874803101
ENSSSCG00000008589,11.124788580113,11.7948128529411
ENSSSCG00000008590,2.8638069612172,6.0163742794541
ENSSSCG00000033753,23.7916270624198,28.2463673798099
ENSSSCG00000041783,1.94592011467323,2.75325602619086
ENSSSCG00000008241,23.5346187453875,10.8090792139345
ENSSSCG00000008591,23.461187797664,36.6760895340733
ENSSSCG00000008242,55.3669345835325,58.3282387770804
ENSSSCG00000008593,21.0746819966497,9.3134833478555
ENSSSCG00000008245,291.631008883952,161.626325981945
ENSSSCG00000008162,27.7936137133515,62.0672284422779
ENSSSCG00000008150,2.31307485329082,2.07343972342768
ENSSSCG00000038714,12.189537322104,14.5140780639938
ENSSSCG00000008153,1.13817968971453,3.8749529257501
ENSSSCG00000025357,4.69958065430515,3.97692537116457
ENSSSCG00000008159,7.30637929849004,2.20940298398032
ENSSSCG00000032795,0.954602320405733,1.97146727801321
ENSSSCG00000030115,15.530645443524,13.698298500678
ENSSSCG00000023550,0.514016634064626,0.747797933039493
ENSSSCG00000045529,153.801120006908,135.521379955839
ENSSSCG00000008247,139.702378043993,147.622110145023
ENSSSCG00000055154,0.514016634064626,0.849770378453969
ENSSSCG00000060465,19.8997868330734,29.5040275399218
ENSSSCG00000044418,0.146861895447036,0.407889781657905
ENSSSCG00000063005,21.4051212614055,30.183843842685
ENSSSCG00000062306,0.293723790894072,0.747797933039493
ENSSSCG00000047947,0.514016634064626,1.46160505094083
ENSSSCG00000049469,0.514016634064626,0.849770378453969
ENSSSCG00000058139,0,0.679816302763175
ENSSSCG00000048673,2.79037601349368,2.141421353704
ENSSSCG00000053235,1.6154808499174,2.95720091701981
ENSSSCG00000044076,0.587447581788144,0.135963260552635
ENSSSCG00000008166,0.807740424958698,1.12169689955924
ENSSSCG00000008168,80.2600258618051,120.769366185878
ENSSSCG00000008167,84.7393136729397,106.119324861332
ENSSSCG00000008169,35.2101394334269,93.1688242936931
ENSSSCG00000008170,506.783685713859,373.627039998641
ENSSSCG00000008171,59.111912917432,79.436534977877
ENSSSCG00000033885,31.3550146779422,48.6748472778433
ENSSSCG00000008183,26.3249947588812,26.8867347742836
ENSSSCG00000030435,38.8816868196028,37.7977864336325
ENSSSCG00000045084,18.2108750354325,11.8627944832174
ENSSSCG00000008185,6.60878529511662,5.54050286751988
ENSSSCG00000034715,10.9412112108042,20.1565533769281
ENSSSCG00000028287,43.9851376863873,51.0202135223763
ENSSSCG00000008186,107.025606307027,113.90322152797
ENSSSCG00000008233,13.5847253288508,42.8964087043563
ENSSSCG00000008232,42.3696568364699,33.6848978019153
ENSSSCG00000033135,49.198734974757,54.0793868848106
ENSSSCG00000008187,25.1133841214431,90.5855223431931
ENSSSCG00000008175,24.5993674873785,23.9635246724019
ENSSSCG00000008188,35.9811643845238,28.8921928674349
ENSSSCG00000008176,0.807740424958698,2.65128358077638
ENSSSCG00000062938,156.150910334061,141.23183689905
ENSSSCG00000055832,6.86579361214893,25.4591205384809
ENSSSCG00000025010,35.2101394334269,32.0873294904219
ENSSSCG00000027381,140.69369583826,74.0659861860479
ENSSSCG00000008179,21.0746819966497,26.0369643958296
ENSSSCG00000058408,63.9216399933224,67.2678231584162
ENSSSCG00000008180,122.556251750551,109.348452299457
ENSSSCG00000008190,174.251638947908,72.0265372777584
ENSSSCG00000022300,222.128616863642,363.735712793437
ENSSSCG00000027113,3.08409980438775,10.2992169868621
ENSSSCG00000008240,7.159517403043,3.36509069867772
ENSSSCG00000008181,39.1019796627733,34.7726038863364
ENSSSCG00000033394,38.1106618685058,66.5540160405148
ENSSSCG00000008239,19.2389083035617,17.7092146869807
ENSSSCG00000008238,31.4284456256657,31.475494817935
ENSSSCG00000008237,80.0030175447728,61.7953019211726
ENSSSCG00000050627,322.398575980106,286.644544060093
ENSSSCG00000035478,141.060850576878,141.809680756398
ENSSSCG00000008218,35.0265620641181,46.1255361424814
ENSSSCG00000008222,133.056877275015,106.425242197575
ENSSSCG00000008221,33.9985287959888,37.4238874671128
ENSSSCG00000023710,6.05805318719023,11.5228863318358
ENSSSCG00000021746,22.2128616863642,21.1082962007966
ENSSSCG00000024564,68.0337730658394,60.9795223578568
ENSSSCG00000008225,40.680745038829,47.8250768993894
ENSSSCG00000008226,27.8303291872133,29.4020550945073
ENSSSCG00000008227,24.525936539655,66.5200252253767
ENSSSCG00000008230,3.70826286003766,1.12169689955924
ENSSSCG00000054074,0.403870212479349,1.39362342066451
ENSSSCG00000048037,0.954602320405733,2.00545809315137
ENSSSCG00000052244,0.36715473861759,0.475871411934223
ENSSSCG00000059723,2.68022959190841,9.85733639006604
ENSSSCG00000052002,2.60679864418489,7.91985992719099
ENSSSCG00000059111,0.36715473861759,2.37935705967111
ENSSSCG00000058553,2.93723790894072,14.7180229548227
ENSSSCG00000062338,1.24832611129981,2.75325602619086
ENSSSCG00000063364,0.440585686341108,0.611834672486858
ENSSSCG00000045784,0.220292843170554,0.509862227072381
ENSSSCG00000061270,0.403870212479349,1.1556877146974
ENSSSCG00000018864,0.587447581788144,0.373898966519746
ENSSSCG00000026710,129.752484627456,126.105924162569
ENSSSCG00000026248,27.9771910826603,15.0919219213425
ENSSSCG00000059318,5.80104487015792,5.8464202037633
ENSSSCG00000033691,1.94592011467323,0.917752008730286
ENSSSCG00000027300,0.440585686341108,0.135963260552635
ENSSSCG00000027855,1.94592011467323,2.141421353704
ENSSSCG00000026569,37.633360708303,29.9119173215797
ENSSSCG00000037065,91.1278061248858,165.977150319629
ENSSSCG00000020675,16.0813775514504,9.04155682675023
ENSSSCG00000031290,0.477301160202867,0.407889781657905
ENSSSCG00000040215,5.80104487015792,8.97357519647391
ENSSSCG00000007901,23.2408949544934,23.3516899999151
ENSSSCG00000024488,29.4090945632689,31.0336142211389
ENSSSCG00000023304,785.45413232461,951.436906532202
ENSSSCG00000008061,110.440145376171,131.578445399813
ENSSSCG00000028381,16.5953941855151,19.476737074165
ENSSSCG00000028454,37.1193440742383,54.5552582967448
ENSSSCG00000007907,184.605402576924,190.416546403965
ENSSSCG00000021236,112.753220229462,119.035834613832
ENSSSCG00000033311,9.47259225633382,13.698298500678
ENSSSCG00000007909,14.9064823878741,68.4235108731136
ENSSSCG00000007914,15.7509382866946,15.7717382241057
ENSSSCG00000007944,13.0339932209244,8.76963030564496
ENSSSCG00000025561,39.5058498752527,24.5753593448888
ENSSSCG00000007947,6.86579361214893,7.95385074232915
ENSSSCG00000023653,49.3823123440658,47.7910860842512
ENSSSCG00000022874,39.7261427184232,45.2417749488893
ENSSSCG00000007797,14.0620264890537,11.8627944832174
ENSSSCG00000037232,20.2302260978292,14.2081607277504
ENSSSCG00000032578,0.954602320405733,0.81577956331581
ENSSSCG00000021118,101.408138806178,87.7642846867259
ENSSSCG00000023984,53.2741525734123,56.0508541628238
ENSSSCG00000007895,76.1111773154264,67.5397496795214
ENSSSCG00000007896,34.6226918516387,22.4339379911848
ENSSSCG00000045157,7.159517403043,7.54596096067124
ENSSSCG00000032381,82.1692305026166,24.2694420086453
ENSSSCG00000022149,1.54204990219388,0.81577956331581
ENSSSCG00000007917,3.12081527824951,0.509862227072381
ENSSSCG00000036275,76.2947546847352,67.7436945703504
ENSSSCG00000007818,17.219557241165,18.5249942502965
ENSSSCG00000040182,87.6031206341569,79.436534977877
ENSSSCG00000035736,3.01066885666424,1.63155912663162
ENSSSCG00000039874,6.86579361214893,1.97146727801321
ENSSSCG00000007920,10.6107719460483,8.42972215426337
ENSSSCG00000007919,23.2408949544934,19.8846268558229
ENSSSCG00000025072,101.44485428004,10.0272904657568
ENSSSCG00000007925,11.3817968971453,9.99329965061867
ENSSSCG00000007926,12.7035539561686,35.7923283404812
ENSSSCG00000007927,47.6566850725632,71.3467209749952
ENSSSCG00000007924,86.2079326274101,79.3005717173244
ENSSSCG00000007931,57.9737332277174,57.4784683986265
ENSSSCG00000025486,202.926424033942,185.827786360314
ENSSSCG00000061894,11.7489516357629,11.0470149199016
ENSSSCG00000021837,44.2788614772813,44.3920045704353
ENSSSCG00000038320,71.2647347656742,48.5728748324289
ENSSSCG00000007736,205.937092890606,202.109386811492
ENSSSCG00000008062,0.587447581788144,0.237935705967111
ENSSSCG00000008058,25.2969614907519,17.7092146869807
ENSSSCG00000008057,43.8015603170785,36.6760895340733
ENSSSCG00000007932,50.6306384553656,47.6211320085604
ENSSSCG00000007795,50.2267682428863,46.2614994030341
ENSSSCG00000040745,4.95658897133746,7.34201606984229
ENSSSCG00000007801,10.3904791028778,10.9790332896253
ENSSSCG00000007800,2.45993674873785,2.44733868994743
ENSSSCG00000007780,95.9375332007762,51.8359930856921
ENSSSCG00000008056,153.470680742153,139.56628695728
ENSSSCG00000027098,39.9464355615938,47.1792514117643
ENSSSCG00000007933,1.10146421585277,0.747797933039493
ENSSSCG00000007786,148.660953666262,140.042158369214
ENSSSCG00000008054,2.01935106239674,2.24339379911848
ENSSSCG00000008055,8.44455898820457,10.9450424744871
ENSSSCG00000007778,9.17886846543974,4.75871411934223
ENSSSCG00000055551,0.954602320405733,0.781788748177651
ENSSSCG00000007788,44.2788614772813,33.4809529110864
ENSSSCG00000007939,41.1580461990318,50.9182410769618
ENSSSCG00000058422,5.65418297471088,8.3277497088489
ENSSSCG00000007798,34.585976377777,37.9337496941852
ENSSSCG00000007789,178.400487494287,162.476096360399
ENSSSCG00000026326,4.84644254975219,4.62275085878959
ENSSSCG00000007791,55.8442357437354,51.3601216737579
ENSSSCG00000025794,68.9883753862451,74.4058943374295
ENSSSCG00000008051,39.9831510354555,62.8150263753174
ENSSSCG00000007790,26.8390113929458,31.3735223725205
ENSSSCG00000047341,0.771024951096939,0.679816302763175
ENSSSCG00000007935,45.7474804317517,52.1419104219355
ENSSSCG00000035999,23.2408949544934,32.8351274234614
ENSSSCG00000033496,18.7983226172206,19.3067829984742
ENSSSCG00000008048,150.166288094594,143.203304177063
ENSSSCG00000037875,13.6948717504361,14.9559586607899
ENSSSCG00000007930,87.2726813694011,88.7160275105943
ENSSSCG00000023603,21.1848284182349,19.2388013681979
ENSSSCG00000007940,3.78169380776118,5.57449368265804
ENSSSCG00000007941,47.1793839123603,41.5027852836918
ENSSSCG00000052991,27.4631744485957,25.7310470595862
ENSSSCG00000038852,24.6360829612403,28.2463673798099
ENSSSCG00000007943,29.0786552985131,22.70586451229
ENSSSCG00000024587,31.8690313120068,45.4117290245801
ENSSSCG00000007942,94.7993535110617,109.450424744871
ENSSSCG00000023349,57.9003022799939,63.8687416446003
ENSSSCG00000008047,44.4624388465901,64.7185120230543
ENSSSCG00000036614,7.159517403043,8.7356394905068
ENSSSCG00000008044,31.9057467858686,20.9043513099676
ENSSSCG00000033059,2.42322127487609,3.97692537116457
ENSSSCG00000008043,57.2394237504823,60.4016785005081
ENSSSCG00000035594,56.9824154334499,48.3349391264617
ENSSSCG00000007949,34.7695537470858,80.7621767682652
ENSSSCG00000007950,20.9645355750644,44.0181056039156
ENSSSCG00000007951,116.351336667914,142.421515428885
ENSSSCG00000007952,51.5118098280479,39.599299635955
ENSSSCG00000036527,32.1260396290391,32.5292100872179
ENSSSCG00000007954,15.8978001821416,27.1246704802507
ENSSSCG00000007956,1.39518800674684,3.84096211061194
ENSSSCG00000007955,62.3795900911285,59.2459907858107
ENSSSCG00000007957,0.844455898820457,0.611834672486858
ENSSSCG00000021065,92.1925548668768,87.152450014239
ENSSSCG00000033390,0.881171372682216,1.22366934497372
ENSSSCG00000007958,52.5765585700389,61.9992468120016
ENSSSCG00000053387,7.85711140641642,9.24550171757918
ENSSSCG00000029285,9.83974699495141,13.3243995341582
ENSSSCG00000037309,12.8137003777539,18.8649024016781
ENSSSCG00000007963,29.4458100371307,25.7650378747243
ENSSSCG00000043838,0.183577369308795,0.509862227072381
ENSSSCG00000007965,6.38849245194606,10.8090792139345
ENSSSCG00000038889,0.550732107926385,0.373898966519746
ENSSSCG00000007967,27.0225887622546,25.5271021687572
ENSSSCG00000029375,29.8129647757483,42.4885189226984
ENSSSCG00000021569,1.72562727150267,2.10743053856584
ENSSSCG00000020895,18.7983226172206,24.3374236389217
ENSSSCG00000023315,18.57802977405,13.3923811644345
ENSSSCG00000027252,19.4592011467323,22.3319655457703
ENSSSCG00000027130,30.1434040405041,9.04155682675023
ENSSSCG00000023743,1.72562727150267,0.679816302763175
ENSSSCG00000008041,177.592747069328,207.174018267078
ENSSSCG00000008040,107.649769362677,108.022810509069
ENSSSCG00000008039,12.1528218482422,18.8988932168163
ENSSSCG00000008038,56.9456999595882,56.9346153564159
ENSSSCG00000023400,37.2662059696854,36.3361813826917
ENSSSCG00000008036,2.90052243507896,2.20940298398032
ENSSSCG00000008035,33.4477966880624,33.2770080202574
ENSSSCG00000008034,2.42322127487609,2.34536624453295
ENSSSCG00000037686,48.9784421315865,52.1759012370737
ENSSSCG00000022785,1.17489516357629,1.52958668121714
ENSSSCG00000007814,85.914208836516,107.173040130615
ENSSSCG00000007815,218.530500425189,307.344950479231
ENSSSCG00000007816,1.83577369308795,0.339908151381588
ENSSSCG00000007817,13.4745789072655,13.9362342066451
ENSSSCG00000033697,1596.35208803542,1253.1393816985
ENSSSCG00000034728,1.68891179764091,1.93747646287505
ENSSSCG00000030328,59.6993604992201,70.7688771176465
ENSSSCG00000032657,0.807740424958698,1.12169689955924
ENSSSCG00000032932,77.3227879528644,102.074417859891
ENSSSCG00000031216,4.73629612816691,3.73898966519746
ENSSSCG00000025711,21.7355605261613,21.9240757641124
ENSSSCG00000008012,45.1233173761018,49.252691135192
ENSSSCG00000008013,10.7576338414954,7.61394259094756
ENSSSCG00000008014,22.9838866374611,19.0688472925071
ENSSSCG00000039024,2.2396439055673,1.7335315720461
ENSSSCG00000021467,13.107424168648,13.698298500678
ENSSSCG00000008016,30.8042825700158,32.3592560115271
ENSSSCG00000008017,31.832315838145,41.1288863171721
ENSSSCG00000008018,111.027592957959,103.094142314035
ENSSSCG00000008019,80.4436032311139,60.7075958367515
ENSSSCG00000008026,48.8682957100012,59.0760367101199
ENSSSCG00000008020,178.987935076075,157.547428165366
ENSSSCG00000008021,9.25229941316326,8.42972215426337
ENSSSCG00000008022,118.994850785961,96.1940068409893
ENSSSCG00000037262,33.0072110017213,29.6059999853363
ENSSSCG00000008024,88.1538527420833,77.940939111798
ENSSSCG00000028139,2.2396439055673,1.66554994176978
ENSSSCG00000038882,16.8156870286856,14.6840321396846
ENSSSCG00000022963,21.1113974705114,28.9261836825731
ENSSSCG00000008031,65.6105517909633,61.5233754000673
ENSSSCG00000008030,31.7956003642833,34.908567146889
ENSSSCG00000008029,46.3716434874016,94.426484453805
ENSSSCG00000021560,77.3227879528644,90.1096509312589
ENSSSCG00000062538,5.9111912917432,5.64247531293435
ENSSSCG00000052393,2.38650580101433,2.07343972342768
ENSSSCG00000055693,7.19623287690476,12.2706842648753
ENSSSCG00000021536,2.64351411804665,1.08770608442108
ENSSSCG00000039715,1.02803326812925,1.29165097525003
ENSSSCG00000048138,0.807740424958698,0.849770378453969
ENSSSCG00000050997,1.76234274536443,3.16114580784876
ENSSSCG00000051865,0.73430947723518,0.203944890828953
ENSSSCG00000061273,0.881171372682216,1.1556877146974
ENSSSCG00000041169,0.73430947723518,0.475871411934223
ENSSSCG00000062646,0.624163055649903,0.0679816302763175
ENSSSCG00000052863,1.24832611129981,0.577843857348699
ENSSSCG00000041751,0.220292843170554,0.747797933039493
ENSSSCG00000063258,1.39518800674684,1.66554994176978
ENSSSCG00000056301,5.9111912917432,16.0436647452109
ENSSSCG00000058856,0.624163055649903,1.83550401746057
ENSSSCG00000061203,11.2349350016982,15.9077014846583
ENSSSCG00000062167,16.1915239730357,18.626966695711
ENSSSCG00000036096,11.1615040539747,7.91985992719099
ENSSSCG00000060192,1.10146421585277,0.781788748177651
ENSSSCG00000055817,18.1007286138472,29.7759540610271
ENSSSCG00000047720,2.49665222259961,2.88921928674349
ENSSSCG00000061098,0.807740424958698,1.52958668121714
ENSSSCG00000027755,0.220292843170554,0.373898966519746
ENSSSCG00000036739,0.477301160202867,0.407889781657905
ENSSSCG00000026828,1.35847253288508,1.42761423580267
ENSSSCG00000037719,43.9851376863873,66.6899793010675
ENSSSCG00000040569,37.3396369174089,48.0290217902183
ENSSSCG00000007557,23.8283425362816,32.3932468266653
ENSSSCG00000034390,0.881171372682216,0.849770378453969
ENSSSCG00000007599,48.0238398111807,41.9106750653497
ENSSSCG00000007565,76.1846082631499,84.4671756183245
ENSSSCG00000007568,117.122361619011,137.016975821918
ENSSSCG00000007727,6.64550076897838,14.3101331731648
ENSSSCG00000026457,0.807740424958698,0.475871411934223
ENSSSCG00000007733,13.8784491197449,13.5283444249872
ENSSSCG00000007732,78.754691433473,107.376985021444
ENSSSCG00000058184,1.72562727150267,0.54385304221054
ENSSSCG00000061064,14.4291812276713,7.78389666663835
ENSSSCG00000041587,3.37782359528183,3.53504477436851
ENSSSCG00000060090,0.73430947723518,0.883761193592128
ENSSSCG00000045286,0.36715473861759,0.475871411934223
ENSSSCG00000007563,14.4291812276713,19.8506360406847
ENSSSCG00000007564,0.624163055649903,0.81577956331581
ENSSSCG00000055213,37.7435071298882,33.2090263899811
ENSSSCG00000007681,220.659997909171,122.095007976266
ENSSSCG00000007558,138.086897194076,104.963637146634
ENSSSCG00000057358,13.0707086947862,12.4066475254279
ENSSSCG00000007560,47.1059529646368,42.4205372924221
ENSSSCG00000032956,4.25899496796404,2.00545809315137
ENSSSCG00000039119,137.279156769117,77.4310768847256
ENSSSCG00000007637,46.5552208567104,55.6429643811659
ENSSSCG00000007636,4.18556402024052,6.90013547304623
ENSSSCG00000007642,87.3461123171246,26.0709552109678
ENSSSCG00000032056,0.844455898820457,0.475871411934223
ENSSSCG00000037398,54.6693405801591,53.3655797669092
ENSSSCG00000033356,37.5232142867177,40.0071894176128
ENSSSCG00000007556,18.6514607217736,21.6521492430071
ENSSSCG00000038766,22.1761462125024,25.901001135277
ENSSSCG00000036247,36.5686119663119,42.3525556621458
ENSSSCG00000033926,13.7315872242979,13.9362342066451
ENSSSCG00000040977,15.6775073389711,13.1204546433293
ENSSSCG00000039390,106.364727777516,110.02826860222
ENSSSCG00000062464,7.85711140641642,5.20059471613829
ENSSSCG00000007572,30.0699730927806,30.9656325908626
ENSSSCG00000020813,37.2294904958236,48.1989758659091
ENSSSCG00000050310,1.13817968971453,0.679816302763175
ENSSSCG00000007541,17.9905821922619,42.0126475107642
ENSSSCG00000007542,7.37981024621356,6.56022732166464
ENSSSCG00000007543,55.146641740362,52.2778736824882
ENSSSCG00000007544,98.5810473188229,132.870096375063
ENSSSCG00000040103,69.0985218078304,57.2745235077975
ENSSSCG00000007547,9.25229941316326,10.4691710625529
ENSSSCG00000038964,14.0987419629154,14.0042158369214
ENSSSCG00000007549,0.220292843170554,0.509862227072381
ENSSSCG00000038777,31.7956003642833,29.334073464231
ENSSSCG00000007552,1.24832611129981,2.82123765646718
ENSSSCG00000026422,5.17688181450802,3.77298048033562
ENSSSCG00000007554,58.6346117572291,32.5632009023561
ENSSSCG00000007574,31.0980063609099,28.2463673798099
ENSSSCG00000007576,53.4944454165828,55.7449368265804
ENSSSCG00000007577,58.2674570186115,57.5804408440409
ENSSSCG00000007575,4.2957104418258,2.00545809315137
ENSSSCG00000007578,0.073430947723518,0.577843857348699
ENSSSCG00000007580,73.5043786712415,84.0592858366666
ENSSSCG00000035987,10.353763629016,24.4733868994743
ENSSSCG00000032527,45.0131709545165,37.4918690973891
ENSSSCG00000020986,2.71694506577016,0.679816302763175
ENSSSCG00000027768,10.7209183676336,13.5283444249872
ENSSSCG00000022553,146.935326394759,191.81016982463
ENSSSCG00000038526,21.7355605261613,12.5086199708424
ENSSSCG00000044331,23.4979032715257,13.8002709460925
ENSSSCG00000007585,1721.80886222105,1544.40667661738
ENSSSCG00000007586,32.1994705767626,17.2673340901846
ENSSSCG00000038489,1.6154808499174,0.0679816302763175
ENSSSCG00000007601,21.1113974705114,13.1884362736056
ENSSSCG00000008536,1.54204990219388,2.68527439591454
ENSSSCG00000008534,21.4051212614055,27.1586612953888
ENSSSCG00000008491,210.306234280155,212.102686462111
ENSSSCG00000037605,40.6440295649672,42.7944362589419
ENSSSCG00000007602,187.43249406428,158.533161804372
ENSSSCG00000007603,34.5492609039152,35.8263191556193
ENSSSCG00000007606,119.508867420025,136.405141149431
ENSSSCG00000030153,31.3917301518039,31.7134305239021
ENSSSCG00000007607,1.28504158516156,3.8749529257501
ENSSSCG00000007625,113.120374968079,56.2887898687909
ENSSSCG00000035534,2.09278201012026,4.282842707408
ENSSSCG00000007609,141.574867210943,87.1864408293772
ENSSSCG00000033450,69.1719527555539,70.9388311933373
ENSSSCG00000007623,35.4671477504592,32.6311825326324
ENSSSCG00000008508,81.6184983946902,60.2317244248173
ENSSSCG00000007622,15.9712311298652,18.0491228383623
ENSSSCG00000026896,29.0052243507896,28.2123765646718
ENSSSCG00000030147,10.6107719460483,13.5623352401253
ENSSSCG00000008538,3.45125454300534,3.53504477436851
ENSSSCG00000034019,70.8241490793331,70.1910332602978
ENSSSCG00000008540,442.201167191025,354.320257000167
ENSSSCG00000036665,7.23294835076652,10.2992169868621
ENSSSCG00000031809,29.2255171939601,39.1574190391589
ENSSSCG00000007618,27.2795970792869,12.202702634599
ENSSSCG00000029175,3.34110812142007,2.7192652110527
ENSSSCG00000007617,39.5792808229762,42.386546477284
ENSSSCG00000031485,2.64351411804665,1.08770608442108
ENSSSCG00000043842,4.4792878111346,3.26311825326324
ENSSSCG00000039842,19.7162094637646,21.7881125035598
ENSSSCG00000023320,0.477301160202867,0.747797933039493
ENSSSCG00000025901,55.3302191096708,37.4238874671128
ENSSSCG00000034756,3.70826286003766,2.3113754293948
ENSSSCG00000058057,454.500850934714,149.423623347346
ENSSSCG00000008529,97.7365914200024,95.2082732019827
ENSSSCG00000044640,1.28504158516156,1.59756831149346
ENSSSCG00000008535,31.9057467858686,39.2254006694352
ENSSSCG00000008495,35.944448910662,40.5510424598234
ENSSSCG00000008494,13.4378634334038,17.3013249053228
ENSSSCG00000008493,32.6767717369655,29.6399908004744
ENSSSCG00000039004,43.9484222125255,42.1486107713169
ENSSSCG00000008496,70.8975800270566,71.9245648323439
ENSSSCG00000008497,12.8137003777539,14.0721974671977
ENSSSCG00000021941,9.83974699495141,13.2564179038819
ENSSSCG00000008498,46.8122291737427,45.9895728819288
ENSSSCG00000031461,71.1545883440889,70.3949781511268
ENSSSCG00000037215,27.3163125531487,31.3055407422442
ENSSSCG00000034893,64.582518522834,65.0244293592977
ENSSSCG00000008499,18.7983226172206,18.9668748470926
ENSSSCG00000032180,42.4798032580551,49.6605809168499
ENSSSCG00000034288,29.8129647757483,26.6148082531783
ENSSSCG00000034153,88.1171372682216,92.48900799093
ENSSSCG00000008503,10.060039838122,14.0382066520596
ENSSSCG00000008504,52.6499895177624,33.7528794321916
ENSSSCG00000008509,4.36914138954932,2.54931113536191
ENSSSCG00000008510,923.137159306206,394.463409678332
ENSSSCG00000008512,16.5586787116533,16.7234810479741
ENSSSCG00000008518,43.874991264802,41.9786566956261
ENSSSCG00000008517,34.4391144823299,29.7079724307508
ENSSSCG00000008516,44.2421460034196,36.4381538281062
ENSSSCG00000008515,41.5252009376494,43.032371964909
ENSSSCG00000008521,0.110146421585277,0.475871411934223
ENSSSCG00000034092,13.8417336458831,13.7662801309543
ENSSSCG00000032054,19.2021928296999,13.0184821979148
ENSSSCG00000025271,0.807740424958698,0.917752008730286
ENSSSCG00000007646,33.81495142668,36.5061354583825
ENSSSCG00000007647,23.1307485329082,23.0457726636716
ENSSSCG00000007648,13.0339932209244,11.9307761134937
ENSSSCG00000007649,4.66286518044339,2.85522847160534
ENSSSCG00000007650,1.4319034806086,0.611834672486858
ENSSSCG00000007656,0.807740424958698,0.475871411934223
ENSSSCG00000026653,0.73430947723518,0.101972445414476
ENSSSCG00000007659,4.25899496796404,3.90894374088826
ENSSSCG00000023680,82.4629542935107,92.3530447303773
ENSSSCG00000007652,18.3577369308795,20.1565533769281
ENSSSCG00000062010,10.6842028937719,17.4712789810136
ENSSSCG00000025164,99.7926579562609,113.189414410069
ENSSSCG00000030337,15.4572144958005,27.3286153710796
ENSSSCG00000007664,21.6621295784378,39.2254006694352
ENSSSCG00000030469,3.85512475548469,0.475871411934223
ENSSSCG00000007665,3.34110812142007,2.34536624453295
ENSSSCG00000046279,16.0813775514504,33.6848978019153
ENSSSCG00000007667,79.8561556493258,110.57212164443
ENSSSCG00000025096,9.80303152108965,13.0864638281911
ENSSSCG00000027466,151.598191575203,75.357637161298
ENSSSCG00000032076,78.6812604857495,36.3021905675535
ENSSSCG00000023255,27.3530280270104,24.3374236389217
ENSSSCG00000060053,2.49665222259961,6.11834672486858
ENSSSCG00000007671,6.68221624284013,6.66219976707912
ENSSSCG00000037616,5.7276139224344,5.98238346431594
ENSSSCG00000007669,192.572660404926,170.905818514662
ENSSSCG00000022153,0.954602320405733,0.747797933039493
ENSSSCG00000007668,106.03428851276,128.995143449312
ENSSSCG00000007672,29.0419398246514,27.3626061862178
ENSSSCG00000008137,53.164006151827,42.6924638135274
ENSSSCG00000007674,10.2803326812925,3.22912743812508
ENSSSCG00000008138,157.729675710117,175.256642852347
ENSSSCG00000021359,61.2781258752757,77.0231871030677
ENSSSCG00000028020,31.5753075211127,26.3088909169349
ENSSSCG00000062995,12.2629682698275,15.1599035516188
ENSSSCG00000056264,2.49665222259961,3.2971090684014
ENSSSCG00000007675,76.772055844938,60.9115407275805
ENSSSCG00000056488,0.771024951096939,0.81577956331581
ENSSSCG00000023619,49.969759925854,46.4994351090012
ENSSSCG00000061594,0.220292843170554,0.781788748177651
ENSSSCG00000055898,5.80104487015792,13.5963260552635
ENSSSCG00000052409,0.624163055649903,0.54385304221054
ENSSSCG00000053345,1.6154808499174,2.17541216884216
ENSSSCG00000027486,53.1272906779652,71.8905740172058
ENSSSCG00000034266,224.882277403274,303.571969998896
ENSSSCG00000048711,2.42322127487609,6.56022732166464
ENSSSCG00000024789,143.263779008584,162.782013696642
ENSSSCG00000030303,6.75564719056365,6.05036509459226
ENSSSCG00000034347,33.7782359528183,53.9434236242579
ENSSSCG00000025698,55.6606583744266,270.838815020849
ENSSSCG00000021145,31.0980063609099,35.962282416172
ENSSSCG00000039053,0.073430947723518,0.475871411934223
ENSSSCG00000030709,0.477301160202867,0.611834672486858
ENSSSCG00000028879,101.004268593699,94.7324017900484
ENSSSCG00000033982,41.9657866239905,39.8712261570602
ENSSSCG00000038901,2.82709148735544,4.14687944685537
ENSSSCG00000038938,69.6492539157568,81.3740114407521
ENSSSCG00000054316,73.9082488837208,52.4818185733171
ENSSSCG00000058972,4.88315802361394,2.03944890828953
ENSSSCG00000007678,13.1441396425097,5.09862227072381
ENSSSCG00000030485,1.83577369308795,0.0679816302763175
ENSSSCG00000063463,2.93723790894072,3.8749529257501
ENSSSCG00000041835,3.4879700168671,4.55476922851327
ENSSSCG00000042876,2.64351411804665,2.24339379911848
ENSSSCG00000042205,0.220292843170554,0.713807117901334
ENSSSCG00000045247,0.293723790894072,1.01972445414476
ENSSSCG00000041121,1.54204990219388,3.53504477436851
ENSSSCG00000048179,9.10543751771623,9.00756601161207
ENSSSCG00000045545,14.1354574367772,22.8758185879808
ENSSSCG00000032549,43.5445520000462,49.9325074379552
ENSSSCG00000049539,1.76234274536443,0.951742823868445
ENSSSCG00000052744,0.110146421585277,2.20940298398032
ENSSSCG00000049698,3.15753075211127,6.52623650652648
ENSSSCG00000033217,1.46861895447036,4.14687944685537
ENSSSCG00000044546,3.96527117706997,1.93747646287505
ENSSSCG00000054166,2.09278201012026,0.781788748177651
ENSSSCG00000058218,0.146861895447036,0.407889781657905
ENSSSCG00000062108,1.4319034806086,0.339908151381588
ENSSSCG00000056486,5.7276139224344,7.51197014553308
ENSSSCG00000054210,0.477301160202867,0.849770378453969
ENSSSCG00000062155,2.12949748398202,4.52077841337511
ENSSSCG00000040260,5.76432939629616,5.91440183403962
ENSSSCG00000058897,1.68891179764091,3.05917336243429
ENSSSCG00000061281,3.78169380776118,7.30802525470413
ENSSSCG00000053751,1.54204990219388,1.42761423580267
ENSSSCG00000043811,1.28504158516156,0.747797933039493
ENSSSCG00000061829,0.257008317032313,0.475871411934223
ENSSSCG00000057179,40.4971676695202,63.2569069721134
ENSSSCG00000059470,0.146861895447036,0.407889781657905
ENSSSCG00000037652,1.87248916694971,1.39362342066451
ENSSSCG00000060739,1.87248916694971,1.29165097525003
ENSSSCG00000046754,0.771024951096939,0.883761193592128
ENSSSCG00000046214,34.8429846948093,33.3789804656719
ENSSSCG00000039098,0.220292843170554,0.679816302763175
ENSSSCG00000018712,0.440585686341108,0.645825487625016
ENSSSCG00000052306,0.587447581788144,0.203944890828953
ENSSSCG00000008118,50.9243622462597,17.8791687626715
ENSSSCG00000031787,2.31307485329082,4.01091618630273
ENSSSCG00000036748,1.65219632377915,1.86949483259873
ENSSSCG00000008117,14.1354574367772,15.0239402910662
ENSSSCG00000031072,15.4572144958005,14.2421515428885
ENSSSCG00000008113,26.1047019157106,24.4393960843361
ENSSSCG00000008143,37.927084499197,33.4809529110864
ENSSSCG00000037580,2.53336769646137,1.86949483259873
ENSSSCG00000008127,202.963139507804,185.385905763518
ENSSSCG00000039523,47.2895303339456,45.2077841337511
ENSSSCG00000008130,59.4423521821878,85.3169459967785
ENSSSCG00000008121,15.6040763912476,0.883761193592128
ENSSSCG00000063462,50.0799063474392,46.5334259241393
ENSSSCG00000008132,79.9295865970493,80.4562594320218
ENSSSCG00000008119,1.32175705902332,0.747797933039493
ENSSSCG00000034154,31.9057467858686,57.3085143229357
ENSSSCG00000008136,112.018910752227,128.48528122224
ENSSSCG00000008141,1.32175705902332,1.08770608442108
ENSSSCG00000028944,0.440585686341108,0.237935705967111
ENSSSCG00000008115,1.28504158516156,0.27192652110527
ENSSSCG00000059997,54.0084620506475,33.1070539445666
ENSSSCG00000008111,47.2528148600838,48.9467737989486
ENSSSCG00000023050,45.4537566408576,41.9786566956261
ENSSSCG00000008079,228.480393841726,215.501767975926
ENSSSCG00000008080,61.5718496661698,79.6744706838441
ENSSSCG00000008123,19.9732177807969,25.1871940173756
ENSSSCG00000035971,12.6668384823068,5.26857634641461
ENSSSCG00000037106,0.624163055649903,1.1556877146974
ENSSSCG00000008144,72.4396299292505,82.1897910040679
ENSSSCG00000008147,35.944448910662,44.1200780493301
ENSSSCG00000035390,24.2689282226227,24.9152674962704
ENSSSCG00000024636,32.3463324722097,29.3000826490928
ENSSSCG00000008001,124.649033760672,38.6475568120865
ENSSSCG00000008002,10.2436172074308,11.5228863318358
ENSSSCG00000008003,42.957104418258,66.7579609313438
ENSSSCG00000038296,7.82039593255466,5.98238346431594
ENSSSCG00000008134,2.16621295784378,0.917752008730286
ENSSSCG00000050615,235.750057666354,307.242978033817
ENSSSCG00000008135,41.7087783069582,37.253933391422
ENSSSCG00000008004,61.0578330321052,46.669389184692
ENSSSCG00000058140,4.14884854637876,1.66554994176978
ENSSSCG00000008006,31.5018765733892,23.7255889664348
ENSSSCG00000008007,37.5232142867177,36.2342089372772
ENSSSCG00000007988,62.7467448297461,59.5858989371923
ENSSSCG00000008008,76.1111773154264,100.952720960331
ENSSSCG00000032501,11.9692444789334,14.6840321396846
ENSSSCG00000007998,22.2495771602259,28.688247976606
ENSSSCG00000062928,39.6894272445615,46.0915453273433
ENSSSCG00000007991,152.956664108088,218.39098726267
ENSSSCG00000037970,0.881171372682216,5.47252123724356
ENSSSCG00000008009,46.922375595328,49.2866819503302
ENSSSCG00000008010,3.59811643845238,1.05371526928292
ENSSSCG00000008000,89.1818860102126,74.7458024888111
ENSSSCG00000008103,8.88514467454567,6.93412628818439
ENSSSCG00000008421,1.4319034806086,1.7335315720461
ENSSSCG00000008105,31.3917301518039,37.5598507276654
ENSSSCG00000033106,0.697594003373421,4.99664982530934
ENSSSCG00000057606,53.310868047274,267.983586549244
ENSSSCG00000008423,35.5772941720445,36.8460436097641
ENSSSCG00000008106,0.807740424958698,1.35963260552635
ENSSSCG00000007995,14.3557502799478,18.6609575108492
ENSSSCG00000008394,0.660878529511662,0.781788748177651
ENSSSCG00000032188,10.4639100506013,17.6412330567044
ENSSSCG00000008395,10.5373409983248,12.848528122224
ENSSSCG00000037013,1.98263558853498,1.86949483259873
ENSSSCG00000033792,27.0225887622546,35.2824661134088
ENSSSCG00000007992,76.3681856324587,87.9002479472785
ENSSSCG00000040786,448.699806064557,445.585595646123
ENSSSCG00000007993,50.2267682428863,70.3269965208505
ENSSSCG00000008410,23.2776104283552,17.4372881658754
ENSSSCG00000035854,87.4195432648481,88.3081377289364
ENSSSCG00000007987,41.2681926206171,62.1352100725542
ENSSSCG00000007986,4.51600328499635,5.54050286751988
ENSSSCG00000007985,89.8060490658625,66.9619058221727
ENSSSCG00000007984,63.1506150422254,59.959797903712
ENSSSCG00000023204,55.3302191096708,57.376495953212
ENSSSCG00000036541,0.73430947723518,0.441880596796064
ENSSSCG00000007980,46.004488748784,36.3361813826917
ENSSSCG00000008396,4.00198665093173,5.88041101890146
ENSSSCG00000008397,52.2828347791448,51.1561767829289
ENSSSCG00000054274,10.4271945767396,11.4549047015595
ENSSSCG00000038804,2.12949748398202,1.59756831149346
ENSSSCG00000007981,36.9724821787913,37.049988500593
ENSSSCG00000007978,0.293723790894072,1.29165097525003
ENSSSCG00000031882,19.0920464081147,19.476737074165
ENSSSCG00000008398,107.649769362677,117.574229562891
ENSSSCG00000008400,54.6693405801591,42.8624178892182
ENSSSCG00000008406,22.690162846567,27.6685235224612
ENSSSCG00000007866,3.63483191231414,1.80151320232241
ENSSSCG00000007859,8.00397330186346,3.43307232895403
ENSSSCG00000007861,1.32175705902332,0.339908151381588
ENSSSCG00000007982,28.5646386644485,25.697056244448
ENSSSCG00000037399,17.5867119797826,10.7410975836582
ENSSSCG00000007968,60.5438163980406,51.9379655311066
ENSSSCG00000008404,30.6941361484305,28.2123765646718
ENSSSCG00000007962,31.685453942698,35.0785212225798
ENSSSCG00000007823,3.92855570320821,4.82669574961854
ENSSSCG00000007970,30.0699730927806,31.0676050362771
ENSSSCG00000007973,2.75366053963192,2.03944890828953
ENSSSCG00000007826,26.1047019157106,24.3714144540598
ENSSSCG00000039712,0.73430947723518,0.509862227072381
ENSSSCG00000007851,2.68022959190841,0.339908151381588
ENSSSCG00000008066,8.88514467454567,8.12380481801994
ENSSSCG00000031876,33.3743657403389,58.9400734495673
ENSSSCG00000008068,124.208448074331,92.8289161423116
ENSSSCG00000046747,230.279452060952,275.053676097981
ENSSSCG00000034617,731.592532169409,576.620188003725
ENSSSCG00000008402,76.4416165801822,92.3530447303773
ENSSSCG00000008069,33.5946585835095,30.3198071032376
ENSSSCG00000008070,1.6154808499174,1.29165097525003
ENSSSCG00000032007,183.173499096316,213.258374176808
ENSSSCG00000034607,115.286587925923,41.0948955020339
ENSSSCG00000008073,33.9985287959888,19.9865993012373
ENSSSCG00000008072,95.1665082496793,17.0973800144939
ENSSSCG00000028549,58.5978962833673,24.0315063026782
ENSSSCG00000030204,19.0920464081147,22.2299931003558
ENSSSCG00000027166,88.3374301113921,107.852856433378
ENSSSCG00000028185,28.784931507619,49.898516622817
ENSSSCG00000022237,11.6020897403158,32.0873294904219
ENSSSCG00000008077,13.9518800674684,25.2211848325138
ENSSSCG00000063184,3.08409980438775,4.24885189226984
ENSSSCG00000026559,16.6688251332386,13.2564179038819
ENSSSCG00000047493,1.57876537605564,1.66554994176978
ENSSSCG00000053929,0.587447581788144,0.747797933039493
ENSSSCG00000008122,24.1587818010374,7.30802525470413
ENSSSCG00000061624,5.58075202698736,4.18087026199353
ENSSSCG00000056080,7.56338761552235,17.335315720461
ENSSSCG00000050063,1.83577369308795,3.90894374088826
ENSSSCG00000062885,2.71694506577016,3.94293455602642
ENSSSCG00000044588,22.9471711635994,33.5829253565008
ENSSSCG00000057504,6.5353543473931,4.89467737989486
ENSSSCG00000052853,0.587447581788144,1.05371526928292
ENSSSCG00000058096,1.6154808499174,1.69954075690794
ENSSSCG00000063437,0.844455898820457,1.12169689955924
ENSSSCG00000061655,8.26098161889577,13.1204546433293
ENSSSCG00000063058,0.440585686341108,1.35963260552635
ENSSSCG00000044236,0.073430947723518,0.645825487625016
ENSSSCG00000061277,1.21161063743805,0.883761193592128
ENSSSCG00000045719,0.293723790894072,0.339908151381588
ENSSSCG00000054359,0.624163055649903,0.475871411934223
ENSSSCG00000055520,2.34979032715257,0.237935705967111
ENSSSCG00000058293,0.550732107926385,0.475871411934223
ENSSSCG00000048319,0.477301160202867,0.203944890828953
ENSSSCG00000061349,0.330439264755831,0.339908151381588
ENSSSCG00000058363,3.30439264755831,3.2971090684014
ENSSSCG00000058966,2.71694506577016,1.52958668121714
ENSSSCG00000055055,0.550732107926385,1.49559586607899
ENSSSCG00000050003,0.550732107926385,0.373898966519746
ENSSSCG00000041715,32.4197634199332,45.2077841337511
ENSSSCG00000059465,3.41453906914359,0.645825487625016
ENSSSCG00000062887,1.10146421585277,2.41334787480927
ENSSSCG00000042134,0.477301160202867,0.577843857348699
ENSSSCG00000028691,0.073430947723518,2.41334787480927
ENSSSCG00000008125,4.03870212479349,1.32564179038819
ENSSSCG00000007979,72.6966382462828,82.3597450797587
ENSSSCG00000007864,108.604371683083,66.1461262588569
ENSSSCG00000034720,33.9618133221271,35.8943007858956
ENSSSCG00000025203,28.2341993996927,25.3911389082046
ENSSSCG00000052142,9.28901488702502,5.26857634641461
ENSSSCG00000024206,13.6948717504361,11.7948128529411
ENSSSCG00000023829,64.0685018887694,80.8301583985415
ENSSSCG00000029212,30.8409980438775,37.8317772487707
ENSSSCG00000007868,7.41652572007531,1.22366934497372
ENSSSCG00000033674,28.7482160337573,26.546826622902
ENSSSCG00000034827,3.6715473861759,6.96811710332254
ENSSSCG00000040637,1.17489516357629,0.27192652110527
ENSSSCG00000034655,19.6427785160411,18.6949483259873
ENSSSCG00000026748,10.2436172074308,2.20940298398032
ENSSSCG00000022200,2.57008317032313,2.65128358077638
ENSSSCG00000040943,27.720182765628,23.5216440756059
ENSSSCG00000032531,238.687295575295,369.888050333444
ENSSSCG00000010794,10.9412112108042,10.5711435079674
ENSSSCG00000010795,43.0672508398433,42.6924638135274
ENSSSCG00000040265,127.549556195751,89.5997887041865
ENSSSCG00000010797,39.0652641889116,36.0642548615864
ENSSSCG00000060815,0.330439264755831,0.373898966519746
ENSSSCG00000010798,89.9896264351713,81.4080022558902
ENSSSCG00000035768,412.535064310724,323.082697888199
ENSSSCG00000010799,76.2580392108734,63.154934526699
ENSSSCG00000007872,2.60679864418489,4.48678759823696
ENSSSCG00000028923,3.52468549072886,0.169954075690794
ENSSSCG00000007836,3.4879700168671,0
ENSSSCG00000030424,7.3430947723518,6.62820895194096
ENSSSCG00000036475,0.440585686341108,0.339908151381588
ENSSSCG00000007838,1.13817968971453,1.22366934497372
ENSSSCG00000039171,29.1153707723749,39.4293455602642
ENSSSCG00000007881,8.37112804048105,5.8464202037633
ENSSSCG00000030373,210.893681861944,203.027138820222
ENSSSCG00000027967,2.71694506577016,2.85522847160534
ENSSSCG00000032340,23.9384889578669,15.5677933332767
ENSSSCG00000007840,31.2448682563569,36.9820068703167
ENSSSCG00000007839,86.3915099967189,89.3618529982194
ENSSSCG00000007842,25.737547177093,47.3831963025933
ENSSSCG00000025266,339.3978403781,307.00504232785
ENSSSCG00000031629,8.81171372682216,13.3243995341582
ENSSSCG00000026686,5.36045918381681,6.08435590973042
ENSSSCG00000007845,71.9623287690476,67.3697956038307
ENSSSCG00000007853,14.6127585969801,18.423021804882
ENSSSCG00000007854,6.93922455987245,12.8145373070858
ENSSSCG00000007855,15.1267752310447,15.193894366757
ENSSSCG00000035000,3.63483191231414,3.33109988353956
ENSSSCG00000034074,4.2957104418258,11.3869230712832
ENSSSCG00000007857,308.373264964914,330.288750697489
ENSSSCG00000024748,42.8836734705345,50.4423696650276
ENSSSCG00000007847,7.41652572007531,13.7662801309543
ENSSSCG00000039080,17.1094108195797,7.30802525470413
ENSSSCG00000008637,40.6073140911054,51.3601216737579
ENSSSCG00000008638,306.941361484305,309.078482051278
ENSSSCG00000008648,19.8630713592116,7.68192422122388
ENSSSCG00000008647,17.8070048229531,11.4209138864213
ENSSSCG00000008641,19.2756237774235,16.3495820814544
ENSSSCG00000008640,58.7814736526761,52.3118644976263
ENSSSCG00000034536,0.440585686341108,0.27192652110527
ENSSSCG00000008624,10.060039838122,13.9022433915069
ENSSSCG00000025483,95.3500856189881,14.0382066520596
ENSSSCG00000039057,0.881171372682216,0.81577956331581
ENSSSCG00000008659,50.8509312985362,49.5246176562973
ENSSSCG00000008635,18.1007286138472,16.9614167539412
ENSSSCG00000027121,468.305869106736,225.053187029749
ENSSSCG00000003663,21.331690313682,14.9559586607899
ENSSSCG00000026068,1.65219632377915,8.76963030564496
ENSSSCG00000008664,253.41020059386,286.372617538987
ENSSSCG00000026161,33.3376502664772,26.1389368412441
ENSSSCG00000008629,53.0905752041035,60.4016785005081
ENSSSCG00000007848,2.27635937942906,7.85187829691467
ENSSSCG00000008644,128.761166833189,146.976284657398
ENSSSCG00000008645,55.0732107926385,9.7213731295134
ENSSSCG00000008631,7.74696498483114,8.90559356619759
ENSSSCG00000031741,4.9198734974757,0.679816302763175
ENSSSCG00000023908,5.7276139224344,13.6643076855398
ENSSSCG00000008344,18.9084690388059,10.6391251382437
ENSSSCG00000040267,24.2689282226227,19.8846268558229
ENSSSCG00000038643,10.9779266846659,7.61394259094756
ENSSSCG00000008633,877.022524135837,159.450913813103
ENSSSCG00000008358,161.878524256495,144.698900043142
ENSSSCG00000038148,0.220292843170554,0.339908151381588
ENSSSCG00000008346,40.2034438786261,37.6278323579417
ENSSSCG00000008347,4.44257233727284,4.55476922851327
ENSSSCG00000008348,1.87248916694971,1.22366934497372
ENSSSCG00000008389,25.4071079123372,30.2178346578231
ENSSSCG00000008634,7.93054235413994,3.39908151381588
ENSSSCG00000008349,3.70826286003766,2.58330195050007
ENSSSCG00000036115,68.0704885397011,64.1406681657056
ENSSSCG00000007849,142.859908796104,396.672812662313
ENSSSCG00000008646,16.9992643979944,18.0831136535005
ENSSSCG00000007850,42.7000961012257,106.187306491608
ENSSSCG00000008392,11.6388052141776,16.6554994176978
ENSSSCG00000063178,6.49863887353134,4.35082433768432
ENSSSCG00000039337,2.53336769646137,1.93747646287505
ENSSSCG00000050347,7.19623287690476,7.1720619941515
ENSSSCG00000061795,5.7276139224344,4.01091618630273
ENSSSCG00000036880,52.8702823609329,46.9073248906591
ENSSSCG00000042386,7.45324119393707,5.09862227072381
ENSSSCG00000045906,2.45993674873785,1.69954075690794
ENSSSCG00000008352,18.3944524047412,17.7092146869807
ENSSSCG00000008353,31.5753075211127,32.5971917174942
ENSSSCG00000039331,47.6566850725632,32.767145793185
ENSSSCG00000020799,50.8509312985362,48.8448013535341
ENSSSCG00000044627,11.9325290050717,9.78935475978972
ENSSSCG00000008359,216.03384820259,143.44123988303
ENSSSCG00000027324,56.6152606948324,33.7188886170535
ENSSSCG00000008360,61.9757198786492,98.1654741190025
ENSSSCG00000029313,34.2188216391594,42.3525556621458
ENSSSCG00000028282,12.9972777470627,5.30256716155277
ENSSSCG00000037002,27.2795970792869,20.972332940244
ENSSSCG00000008363,80.4068877572522,82.3257542646205
ENSSSCG00000008642,22.8003092681523,31.3055407422442
ENSSSCG00000008357,16.3383858684827,14.8199954002372
ENSSSCG00000039161,269.491578145311,222.028004482453
ENSSSCG00000030005,18.0272976661237,24.0654971178164
ENSSSCG00000028947,28.5279231905867,36.1662273070009
ENSSSCG00000027509,38.7715403980175,38.5795751818102
ENSSSCG00000008368,67.8501956965306,67.1318598978635
ENSSSCG00000025751,147.15561923793,91.0953845702655
ENSSSCG00000057114,4.44257233727284,5.77843857348699
ENSSSCG00000008372,41.8189247285435,36.7440711643496
ENSSSCG00000026713,34.5125454300534,28.7222387917441
ENSSSCG00000008374,49.4190278179276,65.1943834349885
ENSSSCG00000008376,19.7162094637646,20.4284798980334
ENSSSCG00000008377,196.427785160411,211.048971192828
ENSSSCG00000008378,50.1533372951628,47.5871411934223
ENSSSCG00000028228,200.429771811342,309.656325908626
ENSSSCG00000023539,36.3116036492796,25.2211848325138
ENSSSCG00000029570,49.969759925854,18.6949483259873
ENSSSCG00000008649,0.440585686341108,0.747797933039493
ENSSSCG00000055311,2.90052243507896,3.90894374088826
ENSSSCG00000046220,1.72562727150267,1.66554994176978
ENSSSCG00000045751,0.146861895447036,0.475871411934223
ENSSSCG00000060576,2.49665222259961,3.94293455602642
ENSSSCG00000059216,2.09278201012026,2.37935705967111
ENSSSCG00000042534,0.293723790894072,0.441880596796064
ENSSSCG00000045283,0.550732107926385,0.27192652110527
ENSSSCG00000008382,64.5458030489723,72.808326025936
ENSSSCG00000008383,18.2108750354325,43.7461790828103
ENSSSCG00000008384,0.881171372682216,0.713807117901334
ENSSSCG00000008386,67.5564719056365,71.2447485295807
ENSSSCG00000053455,1.17489516357629,1.22366934497372
ENSSSCG00000008385,11.7122361619011,15.0239402910662
ENSSSCG00000020736,54.5591941585738,10.4351802474147
ENSSSCG00000062269,0.36715473861759,0.373898966519746
ENSSSCG00000008388,13.8417336458831,10.9790332896253
ENSSSCG00000008326,2.0560665362585,2.07343972342768
ENSSSCG00000026446,37.5599297605794,31.1695774816916
ENSSSCG00000024776,41.5986318853729,36.8460436097641
ENSSSCG00000029790,44.1687150556961,85.3849276270548
ENSSSCG00000023409,107.356045571783,143.407249067892
ENSSSCG00000008332,11.0513576323895,13.7662801309543
ENSSSCG00000056128,234.318154185746,210.743053856584
ENSSSCG00000008334,11.8223825834864,15.3978392575859
ENSSSCG00000025674,23.8650580101433,22.9777910333953
ENSSSCG00000008335,19.0186154603912,17.131370829632
ENSSSCG00000008336,109.926128742106,101.802491338785
ENSSSCG00000008337,52.3562657268683,41.8766842502116
ENSSSCG00000025007,30.5472742529835,28.8582020522968
ENSSSCG00000008339,233.179974496031,66.2480987042714
ENSSSCG00000008340,106.328012303654,96.9418047740288
ENSSSCG00000055468,7.7836804586929,7.07008954873702
ENSSSCG00000044541,46.6653672782957,78.0429115572125
ENSSSCG00000041317,5.06673539292274,10.4011894322766
ENSSSCG00000058462,0.954602320405733,0.81577956331581
ENSSSCG00000042126,0.220292843170554,0.54385304221054
ENSSSCG00000058829,0.293723790894072,0.339908151381588
ENSSSCG00000052706,0.293723790894072,1.35963260552635
ENSSSCG00000058327,0.991317794267492,0.611834672486858
ENSSSCG00000054258,2.97395338280248,2.03944890828953
ENSSSCG00000049090,15.2736371264917,14.5140780639938
ENSSSCG00000044592,5.54403655312561,5.81242938862515
ENSSSCG00000050256,0.36715473861759,0.441880596796064
ENSSSCG00000058932,0.514016634064626,0.917752008730286
ENSSSCG00000042714,0.293723790894072,0.679816302763175
ENSSSCG00000049685,29.4090945632689,29.2660918339547
ENSSSCG00000059383,0.587447581788144,1.46160505094083
ENSSSCG00000049122,5.61746750084912,5.57449368265804
ENSSSCG00000038001,28.8583624553426,28.0084316738428
ENSSSCG00000034129,15.0166288094594,16.0436647452109
ENSSSCG00000008549,18.6514607217736,17.6072422415662
ENSSSCG00000008548,7.37981024621356,6.15233754000673
ENSSSCG00000008546,29.6293874064395,30.7956785151718
ENSSSCG00000039695,8.37112804048105,6.93412628818439
ENSSSCG00000008545,35.5038632243209,46.3634718484485
ENSSSCG00000028672,7.37981024621356,3.2971090684014
ENSSSCG00000029305,20.266941571691,8.90559356619759
ENSSSCG00000026367,306.20705200707,320.975267349633
ENSSSCG00000040062,31.685453942698,23.7255889664348
ENSSSCG00000022454,98.7279092142699,107.478957466858
ENSSSCG00000007682,2.93723790894072,3.1271549927106
ENSSSCG00000042324,22.4331545295347,26.9547164045599
ENSSSCG00000023912,40.974468829723,47.757095269113
ENSSSCG00000029300,8.7749982529604,7.95385074232915
ENSSSCG00000007687,19.349054725147,19.0008656622307
ENSSSCG00000007688,40.0932974570408,44.2900321250209
ENSSSCG00000027890,29.6661028803013,16.4515545268688
ENSSSCG00000007695,46.1880661180928,11.4209138864213
ENSSSCG00000057287,1.72562727150267,1.32564179038819
ENSSSCG00000025430,23.9384889578669,35.6903558950667
ENSSSCG00000036391,3.12081527824951,2.48132950508559
ENSSSCG00000007692,142.309176688178,179.777421265722
ENSSSCG00000039962,121.748511325593,200.205901163755
ENSSSCG00000037567,0.036715473861759,0.645825487625016
ENSSSCG00000032250,9.28901488702502,12.3726567102898
ENSSSCG00000044322,0.514016634064626,0.679816302763175
ENSSSCG00000058633,1.24832611129981,0.577843857348699
ENSSSCG00000061475,1.17489516357629,1.97146727801321
ENSSSCG00000042815,0.587447581788144,0.679816302763175
ENSSSCG00000008089,13.1808551163715,32.5292100872179
ENSSSCG00000008094,17.9905821922619,12.202702634599
ENSSSCG00000008098,32.2729015244861,32.9031090537377
ENSSSCG00000008097,23.9017734840051,29.2321010188165
ENSSSCG00000048125,0.881171372682216,2.37935705967111
ENSSSCG00000032288,41.5252009376494,47.9270493448038
ENSSSCG00000026465,80.884188917455,70.4969505965413
ENSSSCG00000025224,7.7836804586929,5.94839264917778
ENSSSCG00000061381,1.28504158516156,2.27738461425664
ENSSSCG00000008412,68.8415134907981,83.6853868701468
ENSSSCG00000008413,1.24832611129981,2.00545809315137
ENSSSCG00000008414,108.971526421701,75.357637161298
ENSSSCG00000008415,22.1394307386407,24.9152674962704
ENSSSCG00000037577,4.9198734974757,4.4527967830988
ENSSSCG00000043649,1.94592011467323,3.36509069867772
ENSSSCG00000035256,2.20292843170554,11.5908679621121
ENSSSCG00000027454,5.65418297471088,2.75325602619086
ENSSSCG00000029752,48.0605552850425,61.2174580638239
ENSSSCG00000029509,6.38849245194606,8.22577726343442
ENSSSCG00000027970,7.48995666779883,20.0205901163755
ENSSSCG00000054721,43.5445520000462,43.4402617465669
ENSSSCG00000027946,170.029359453806,174.440863289031
ENSSSCG00000027629,71.6318895042918,36.9140252400404
ENSSSCG00000029186,2.8638069612172,1.01972445414476
ENSSSCG00000040888,8.15083519731049,10.70710676852
ENSSSCG00000052107,36.9724821787913,36.0982456767246
ENSSSCG00000031967,153.690973585323,154.658208878622
ENSSSCG00000030122,26.8757268668076,29.2660918339547
ENSSSCG00000032921,24.525936539655,31.1355866665534
ENSSSCG00000037193,1.90920464081147,4.18087026199353
ENSSSCG00000046707,7.9672578280017,14.140179097474
ENSSSCG00000032556,438.566335278711,648.442780390655
ENSSSCG00000036817,63.3341924115342,53.8414511788435
ENSSSCG00000034774,13.0339932209244,13.7662801309543
ENSSSCG00000035430,60.4336699764553,72.4684178745545
ENSSSCG00000021811,4.03870212479349,9.48343742354629
ENSSSCG00000040682,91.6785382328122,86.9145143082719
ENSSSCG00000038055,6.38849245194606,4.21486107713169
ENSSSCG00000033744,32.5666253153802,27.2606337408033
ENSSSCG00000035561,14.9064823878741,10.7750883987963
ENSSSCG00000021557,44.4991543204519,12.1007301891845
ENSSSCG00000022778,17.3297036627502,12.7465556768095
ENSSSCG00000040162,168.45059407775,28.688247976606
ENSSSCG00000033623,3.34110812142007,1.76752238718426
ENSSSCG00000036603,50.4837765599186,40.4150791992708
ENSSSCG00000034927,194.041279359396,153.366557903372
ENSSSCG00000021845,127.95342640823,126.445832313951
ENSSSCG00000007803,54.999779844915,61.1494764335476
ENSSSCG00000007804,56.2481059562148,67.7436945703504
ENSSSCG00000007805,0.73430947723518,0.475871411934223
ENSSSCG00000007806,38.1473773423676,29.0961377582639
ENSSSCG00000007807,1.39518800674684,2.20940298398032
ENSSSCG00000007808,10.4639100506013,6.62820895194096
ENSSSCG00000060929,4.84644254975219,4.69073248906591
ENSSSCG00000007812,80.1498794402198,70.5649322268176
ENSSSCG00000007811,73.9449643575826,76.9891962879296
ENSSSCG00000057915,12.0059599527952,18.5249942502965
ENSSSCG00000007700,70.0898396020979,31.7474213390403
ENSSSCG00000007705,45.4537566408576,52.0739287916592
ENSSSCG00000007704,19.4592011467323,21.2782502764874
ENSSSCG00000007703,2.38650580101433,0.0679816302763175
ENSSSCG00000023004,0.73430947723518,0.135963260552635
ENSSSCG00000027342,86.3180790489954,103.604004541108
ENSSSCG00000007708,21.4418367352672,20.12256256179
ENSSSCG00000007709,29.5926719325777,26.9547164045599
ENSSSCG00000007710,4.03870212479349,6.15233754000673
ENSSSCG00000033358,16.3751013423445,14.4800872488556
ENSSSCG00000054170,11.0513576323895,8.53169459967785
ENSSSCG00000007772,7.9672578280017,12.4406383405661
ENSSSCG00000007715,57.9370177538557,47.757095269113
ENSSSCG00000035928,128.063572829815,177.432055021189
ENSSSCG00000007718,124.318594495916,252.857673812763
ENSSSCG00000007717,4.22227949410228,2.61729276563822
ENSSSCG00000025858,225.065854772583,382.634606010253
ENSSSCG00000030378,22.8370247420141,12.0667393740464
ENSSSCG00000025966,341.417191440497,301.804447611712
ENSSSCG00000028504,37.3763523912706,41.7067301745208
ENSSSCG00000007719,16.6688251332386,17.4712789810136
ENSSSCG00000007720,18.3944524047412,20.9383421251058
ENSSSCG00000007721,254.144510071096,258.942029722493
ENSSSCG00000007722,2.31307485329082,2.37935705967111
ENSSSCG00000028635,44.1687150556961,49.2187003200539
ENSSSCG00000007723,19.8263558853498,18.2870585443294
ENSSSCG00000024045,23.4979032715257,13.494353609849
ENSSSCG00000027487,15.4204990219388,17.6752238718426
ENSSSCG00000008193,0.697594003373421,0.577843857348699
ENSSSCG00000008194,92.3761322361856,93.2368059239695
ENSSSCG00000008195,79.52571638457,105.677444264536
ENSSSCG00000008196,4.33242591568756,20.6664156040005
ENSSSCG00000008197,68.9883753862451,111.761800174266
ENSSSCG00000058741,27.9771910826603,32.5971917174942
ENSSSCG00000008200,18.0640131399854,22.6378828820137
ENSSSCG00000008201,52.2094038314213,68.1175935368701
ENSSSCG00000008202,41.1213307251701,47.4171871177315
ENSSSCG00000008513,74.3121190962002,92.5569896212063
ENSSSCG00000036197,0.330439264755831,0.611834672486858
ENSSSCG00000059538,1.65219632377915,1.08770608442108
ENSSSCG00000052716,26.7655804452223,21.6521492430071
ENSSSCG00000035747,59.6993604992201,40.2111343084418
ENSSSCG00000061799,7.12280192918124,4.52077841337511
ENSSSCG00000026939,47.4731077032544,47.9950309750802
ENSSSCG00000025022,8.5914208836516,4.69073248906591
ENSSSCG00000040434,36.1647417538326,56.0848449779619
ENSSSCG00000036224,22.2128616863642,11.2849506258687
ENSSSCG00000058318,4.36914138954932,0
ENSSSCG00000008207,37.0459131265148,18.5249942502965
ENSSSCG00000008208,51.4383788803243,27.5325602619086
ENSSSCG00000007713,84.5557363036309,76.003462648923
ENSSSCG00000020555,0.440585686341108,1.5635774963553
ENSSSCG00000025565,87.1625349478158,71.2787393447189
ENSSSCG00000007873,0.917886846543975,0.611834672486858
ENSSSCG00000007874,94.9829308803705,98.4713914552459
ENSSSCG00000056244,3.63483191231414,8.46371296940153
ENSSSCG00000037673,39.6159962968379,33.3449896505337
ENSSSCG00000049172,4.00198665093173,4.62275085878959
ENSSSCG00000007878,29.4090945632689,24.6093501600269
ENSSSCG00000040412,7.26966382462828,8.93958438133575
ENSSSCG00000025106,59.8829378685289,48.2329666810473
ENSSSCG00000023294,65.6839827386868,62.3731457785213
ENSSSCG00000008213,0.660878529511662,0.407889781657905
ENSSSCG00000008217,1.94592011467323,1.49559586607899
ENSSSCG00000045267,1.35847253288508,2.27738461425664
ENSSSCG00000027135,125.273196816322,110.708084904983
ENSSSCG00000038626,44.6093007420372,37.2879242065601
ENSSSCG00000025363,103.354058920852,96.1940068409893
ENSSSCG00000023140,31.9791777335921,46.9753065209354
ENSSSCG00000037201,8.26098161889577,15.1259127364806
ENSSSCG00000039557,0.183577369308795,0.54385304221054
ENSSSCG00000021534,149.578840512806,41.6387485442445
ENSSSCG00000028978,42.4430877841934,52.2778736824882
ENSSSCG00000022058,154.058128323941,92.285063100101
ENSSSCG00000008550,41.74549378082,99.355152648838
ENSSSCG00000027409,68.9883753862451,125.90197927174
ENSSSCG00000008553,66.4550076897838,68.525483318528
ENSSSCG00000008554,5.80104487015792,8.49770378453969
ENSSSCG00000008555,15.6040763912476,23.2157267393624
ENSSSCG00000008556,38.844971345741,60.1297519794028
ENSSSCG00000008557,404.494375534999,268.153540624934
ENSSSCG00000056865,28.5646386644485,24.847285865994
ENSSSCG00000008558,114.515562974826,99.1172169428709
ENSSSCG00000008559,159.27172561231,96.3299701015419
ENSSSCG00000029185,99.9028043778462,82.7676348614166
ENSSSCG00000023378,17.6601429275061,18.1171044686386
ENSSSCG00000036192,31.0245754131863,37.049988500593
ENSSSCG00000039719,34.879700168671,42.7264546286656
ENSSSCG00000031432,234.795455345949,130.456748500253
ENSSSCG00000027288,22.8737402158758,28.1104041192573
ENSSSCG00000035090,233.767422077819,263.496798951007
ENSSSCG00000047832,1.90920464081147,2.85522847160534
ENSSSCG00000033377,20.7809582057556,21.9580665792506
ENSSSCG00000000146,4938.89211293609,4238.48469365271
ENSSSCG00000040479,49.7861825565452,56.526725574758
ENSSSCG00000029168,91.7886846543975,106.833131979233
ENSSSCG00000025321,135.002797389688,168.220544118748
ENSSSCG00000021285,30.6941361484305,31.9173754147311
ENSSSCG00000052755,6.75564719056365,12.0667393740464
ENSSSCG00000031365,5.61746750084912,4.14687944685537
ENSSSCG00000008668,12.9238467993392,15.7037565938293
ENSSSCG00000034517,27.6467518179045,29.0621469431257
ENSSSCG00000034768,31.3182992040804,31.2035682968297
ENSSSCG00000032705,11.0513576323895,10.8770608442108
ENSSSCG00000007592,50.1900527690245,43.9841147887774
ENSSSCG00000007593,0.220292843170554,0.679816302763175
ENSSSCG00000024245,1.50533442833212,2.68527439591454
ENSSSCG00000007590,12.7035539561686,11.0470149199016
ENSSSCG00000007589,40.0198665093173,26.8187531440073
ENSSSCG00000025940,29.3723790894072,19.4427462590268
ENSSSCG00000007596,1.39518800674684,0.54385304221054
ENSSSCG00000037070,0.807740424958698,1.63155912663162
ENSSSCG00000025629,1.13817968971453,0.679816302763175
ENSSSCG00000031088,724.176006449334,569.414135194435
ENSSSCG00000025305,38.698109450294,46.0575545122051
ENSSSCG00000029161,62.9670376729167,70.3609873359886
ENSSSCG00000024665,51.5852407757714,72.5703903199689
ENSSSCG00000028755,24.5993674873785,23.9635246724019
ENSSSCG00000054688,0.073430947723518,0.577843857348699
ENSSSCG00000054381,0.477301160202867,0.0679816302763175
ENSSSCG00000056353,2.09278201012026,3.56903558950667
ENSSSCG00000063431,0.440585686341108,0.645825487625016
ENSSSCG00000032798,53.7147382597534,57.4104867683501
ENSSSCG00000038543,2.09278201012026,0.339908151381588
ENSSSCG00000008562,38.3676701855381,29.2660918339547
ENSSSCG00000048033,0.257008317032313,0.407889781657905
ENSSSCG00000008563,3.96527117706997,3.26311825326324
ENSSSCG00000008564,0.477301160202867,0.475871411934223
ENSSSCG00000008565,16.5953941855151,13.1544454584674
ENSSSCG00000007743,127.622987143474,125.494089490082
ENSSSCG00000007744,11.3083659494218,13.494353609849
ENSSSCG00000007745,6.68221624284013,6.52623650652648
ENSSSCG00000020808,153.6175426376,193.611683026952
ENSSSCG00000007748,70.1265550759597,30.4897611789284
ENSSSCG00000036659,73.6512405666885,63.0529620812845
ENSSSCG00000007749,15.6775073389711,16.5535269722833
ENSSSCG00000029029,9.14215299157799,13.7662801309543
ENSSSCG00000007753,22.8737402158758,22.8078369577045
ENSSSCG00000024058,3.74497833389942,0.135963260552635
ENSSSCG00000035952,123.217130280063,162.714032066366
ENSSSCG00000025245,11.4919433187306,9.55141905382261
ENSSSCG00000036789,17.0726953457179,17.131370829632
ENSSSCG00000040811,1.39518800674684,0.81577956331581
ENSSSCG00000030798,227.746084364491,202.483285778012
ENSSSCG00000007760,0.587447581788144,1.01972445414476
ENSSSCG00000038600,68.1072040135629,67.7776853854886
ENSSSCG00000031247,36.0545953322473,37.4578782822509
ENSSSCG00000007763,57.129277328897,54.7592031875738
ENSSSCG00000057004,66.9690243238484,49.5246176562973
ENSSSCG00000007765,4.77301160202867,13.8002709460925
ENSSSCG00000026817,11.124788580113,12.2366934497372
ENSSSCG00000007767,5.36045918381681,5.94839264917778
ENSSSCG00000007768,23.4979032715257,18.3210493594676
ENSSSCG00000021238,10.9779266846659,4.79270493448038
ENSSSCG00000032369,22.4698700033965,12.7125648616714
ENSSSCG00000007782,37.1193440742383,42.4885189226984
ENSSSCG00000007770,40.9010378819995,35.0445304074417
ENSSSCG00000028186,56.6886916425559,42.7264546286656
ENSSSCG00000007774,11.6755206880394,15.1599035516188
ENSSSCG00000007776,27.7936137133515,28.7562296068823
ENSSSCG00000055147,4.22227949410228,2.65128358077638
ENSSSCG00000007754,11.8590980573482,5.77843857348699
ENSSSCG00000008081,22.2495771602259,7.27403443956597
ENSSSCG00000021704,11.7489516357629,11.2169689955924
ENSSSCG00000032834,8.70156730523688,8.93958438133575
ENSSSCG00000008090,1.02803326812925,0.135963260552635
ENSSSCG00000008096,42.5899496796404,40.4830608295471
ENSSSCG00000008099,10.9779266846659,11.4549047015595
ENSSSCG00000008101,21.5886986307143,13.6303168704017
ENSSSCG00000026954,63.4443388331195,60.809568282166
ENSSSCG00000007735,30.5839897268452,35.5204018193759
ENSSSCG00000040985,10.3904791028778,22.8078369577045
ENSSSCG00000007737,30.1801195143659,33.7528794321916
ENSSSCG00000032119,40.3135903002114,34.0587967684351
ENSSSCG00000007738,16.4118168162063,14.8879770305135
ENSSSCG00000007739,80.2233103879434,28.6542571614678
ENSSSCG00000028513,29.7762493018865,24.8132950508559
ENSSSCG00000058993,0.293723790894072,0.475871411934223
ENSSSCG00000054116,0.477301160202867,1.52958668121714
ENSSSCG00000049720,1.79905821922619,1.05371526928292
ENSSSCG00000057985,0.440585686341108,0.747797933039493
ENSSSCG00000048074,5.50732107926385,4.55476922851327
ENSSSCG00000019364,0.477301160202867,0.339908151381588
ENSSSCG00000063000,2.68022959190841,3.7049988500593
ENSSSCG00000051586,0.477301160202867,0.917752008730286
ENSSSCG00000045765,0.073430947723518,0.475871411934223
ENSSSCG00000050566,0.917886846543975,0.951742823868445
ENSSSCG00000051503,0.257008317032313,0.611834672486858
ENSSSCG00000058915,7.26966382462828,9.1435292721647
ENSSSCG00000063426,8.62813635751336,13.7322893158161
ENSSSCG00000057020,0.73430947723518,2.88921928674349
ENSSSCG00000062023,0.146861895447036,0.407889781657905
ENSSSCG00000037890,22.9104556897376,17.777196317257
ENSSSCG00000006173,1.13817968971453,1.01972445414476
ENSSSCG00000006172,59.111912917432,230.423735821578
ENSSSCG00000006171,3.19424622597303,0.611834672486858
ENSSSCG00000035887,36.0178798583856,40.3470975689944
ENSSSCG00000038500,16.5586787116533,10.4011894322766
ENSSSCG00000050559,1.24832611129981,4.38481515282248
ENSSSCG00000006174,1.28504158516156,0.81577956331581
ENSSSCG00000006175,7.3430947723518,5.94839264917778
ENSSSCG00000005961,0.771024951096939,0.101972445414476
ENSSSCG00000021628,22.0292843170554,23.113754293948
ENSSSCG00000006176,54.4123322631268,53.0596624306658
ENSSSCG00000006177,46.4083589612634,44.3920045704353
ENSSSCG00000006179,32.0158932074538,30.7276968848955
ENSSSCG00000006089,63.1506150422254,50.2724155893368
ENSSSCG00000006090,22.2862926340877,22.70586451229
ENSSSCG00000005987,39.8730046138703,50.8162686315473
ENSSSCG00000055783,59.1853438651555,68.8653914699096
ENSSSCG00000006132,0.807740424958698,1.08770608442108
ENSSSCG00000006115,6.68221624284013,4.58876004365143
ENSSSCG00000006116,0.220292843170554,0.441880596796064
ENSSSCG00000056684,92.8167179225267,102.720243347516
ENSSSCG00000006183,4.69958065430515,2.48132950508559
ENSSSCG00000021586,25.4805388600607,19.9865993012373
ENSSSCG00000006184,31.2081527824951,27.9744408587047
ENSSSCG00000028759,24.1220663271757,25.8670103201388
ENSSSCG00000040728,0.440585686341108,0.203944890828953
ENSSSCG00000005959,29.4458100371307,26.9207255894217
ENSSSCG00000005965,28.4544922428632,57.7503949197317
ENSSSCG00000005967,94.13847498155,77.8729574815217
ENSSSCG00000006003,130.596940526277,82.2917634494823
ENSSSCG00000029324,0.624163055649903,0.509862227072381
ENSSSCG00000006199,3.6715473861759,5.23458553127645
ENSSSCG00000006141,16.7789715548239,0.203944890828953
ENSSSCG00000006200,6.20491508263727,12.0667393740464
ENSSSCG00000006120,51.6953871973566,57.9203489954225
ENSSSCG00000057079,1.32175705902332,0.203944890828953
ENSSSCG00000006153,7.48995666779883,5.77843857348699
ENSSSCG00000006201,95.827386779191,107.750883987963
ENSSSCG00000005994,27.4631744485957,59.2799816009489
ENSSSCG00000005995,1.13817968971453,0.441880596796064
ENSSSCG00000006168,21.6988450522996,20.4964615283097
ENSSSCG00000006121,5.87447581788144,5.50651205238172
ENSSSCG00000040562,0.917886846543975,1.08770608442108
ENSSSCG00000006159,5.94790676560496,3.97692537116457
ENSSSCG00000005996,17.7702893490913,13.698298500678
ENSSSCG00000034242,3.52468549072886,6.05036509459226
ENSSSCG00000040180,21.4418367352672,32.0873294904219
ENSSSCG00000033669,19.5326320944558,48.9467737989486
ENSSSCG00000005997,234.758739872087,146.296468354635
ENSSSCG00000006126,90.3934966476506,56.1868174233764
ENSSSCG00000032111,1301.30654008232,873.224040899298
ENSSSCG00000006140,31.2815837302187,13.8002709460925
ENSSSCG00000032228,11.5286587925923,14.4800872488556
ENSSSCG00000006127,27.0960197099781,26.1049460261059
ENSSSCG00000006202,96.267972465532,144.35899189176
ENSSSCG00000006156,112.569642860153,107.716893172825
ENSSSCG00000021184,17.3297036627502,14.2761423580267
ENSSSCG00000024096,13.401147959542,11.9647669286319
ENSSSCG00000049630,22.9471711635994,26.8867347742836
ENSSSCG00000006135,80.884188917455,78.586764599423
ENSSSCG00000047247,1.65219632377915,1.22366934497372
ENSSSCG00000006001,239.091165787774,229.913873594506
ENSSSCG00000006160,1.21161063743805,0.0679816302763175
ENSSSCG00000006136,25.1133841214431,25.1192123870993
ENSSSCG00000052833,6.57206982125486,7.1720619941515
ENSSSCG00000006161,2.01935106239674,0.407889781657905
ENSSSCG00000006137,31.3550146779422,24.405405269198
ENSSSCG00000006002,7.52667214166059,2.51532032022375
ENSSSCG00000034398,79.4890009107082,122.774824279029
ENSSSCG00000039549,28.5646386644485,30.5577428092047
ENSSSCG00000006093,7.19623287690476,7.54596096067124
ENSSSCG00000037755,7.71024951096939,5.88041101890146
ENSSSCG00000006151,12.5566920607216,18.2190769140531
ENSSSCG00000034321,173.223605679779,351.872918310219
ENSSSCG00000036569,18.9818999865294,9.82334557492788
ENSSSCG00000006095,1.68891179764091,1.08770608442108
ENSSSCG00000005969,48.1707017066278,35.6223742647904
ENSSSCG00000006096,36.5686119663119,37.0839793157312
ENSSSCG00000025980,11.418512371007,13.5963260552635
ENSSSCG00000024780,11.3083659494218,18.7629299562636
ENSSSCG00000021284,7.56338761552235,6.32229161569753
ENSSSCG00000006098,8.00397330186346,7.95385074232915
ENSSSCG00000005938,1.6154808499174,0.203944890828953
ENSSSCG00000006169,0.587447581788144,1.22366934497372
ENSSSCG00000006099,79.1218461720906,50.1704431439223
ENSSSCG00000005970,46.9590910691897,36.9140252400404
ENSSSCG00000005971,39.5058498752527,50.4083788498894
ENSSSCG00000005941,18.2108750354325,8.83761193592128
ENSSSCG00000033791,35.1734239595651,35.8943007858956
ENSSSCG00000005975,16.3751013423445,18.9668748470926
ENSSSCG00000006100,163.751013423445,127.94142818003
ENSSSCG00000005944,60.3969545025935,66.2480987042714
ENSSSCG00000024290,1.76234274536443,1.01972445414476
ENSSSCG00000040681,1.02803326812925,0.611834672486858
ENSSSCG00000005976,69.5023920203098,82.427726710035
ENSSSCG00000005946,3.34110812142007,5.74444775834883
ENSSSCG00000033728,1.65219632377915,0.81577956331581
ENSSSCG00000006105,66.7120160068161,171.517653187149
ENSSSCG00000006106,4.11213307251701,0.339908151381588
ENSSSCG00000030603,10.1334707858455,9.21151090244102
ENSSSCG00000036441,2.68022959190841,1.7335315720461
ENSSSCG00000024412,61.2046949275522,68.3555292428372
ENSSSCG00000006107,14.3924657538095,13.6643076855398
ENSSSCG00000040731,10.3904791028778,12.3726567102898
ENSSSCG00000006143,6.09476866105199,3.05917336243429
ENSSSCG00000006108,54.3021858415415,71.0068128236136
ENSSSCG00000005955,107.943493153571,104.11386676818
ENSSSCG00000052227,9.98660889039844,10.7410975836582
ENSSSCG00000006203,45.9677732749222,47.5191595631459
ENSSSCG00000024424,88.1171372682216,102.856206608068
ENSSSCG00000006145,20.4505189409998,17.4372881658754
ENSSSCG00000005979,12.1528218482422,3.97692537116457
ENSSSCG00000006204,3.92855570320821,3.1271549927106
ENSSSCG00000006146,40.9010378819995,35.6903558950667
ENSSSCG00000006110,42.039217571714,51.598057379725
ENSSSCG00000049935,3.34110812142007,2.82123765646718
ENSSSCG00000006205,0.954602320405733,0.339908151381588
ENSSSCG00000037963,11.7856671096246,11.556877146974
ENSSSCG00000035521,2.68022959190841,1.46160505094083
ENSSSCG00000037733,25.7742626509548,16.7914626782504
ENSSSCG00000006206,7.12280192918124,4.35082433768432
ENSSSCG00000005981,367.044592196005,148.539862153754
ENSSSCG00000046234,1.02803326812925,0.27192652110527
ENSSSCG00000006209,25.9578400202636,35.2824661134088
ENSSSCG00000027872,1.24832611129981,2.34536624453295
ENSSSCG00000057538,0.36715473861759,0.54385304221054
ENSSSCG00000023848,0.660878529511662,0.54385304221054
ENSSSCG00000048429,0.330439264755831,0.475871411934223
ENSSSCG00000051130,0.293723790894072,0.577843857348699
ENSSSCG00000042179,17.8804357706766,18.8309115865399
ENSSSCG00000006213,10.5740564721866,14.1741699126122
ENSSSCG00000062341,0.440585686341108,1.1556877146974
ENSSSCG00000005982,31.7221694165598,26.4448541774875
ENSSSCG00000006149,5.61746750084912,4.4527967830988
ENSSSCG00000053707,0.844455898820457,0.54385304221054
ENSSSCG00000005983,3.30439264755831,2.51532032022375
ENSSSCG00000058595,3.047384330526,5.20059471613829
ENSSSCG00000051779,0.257008317032313,1.1556877146974
ENSSSCG00000056523,0.514016634064626,3.39908151381588
ENSSSCG00000043857,0.36715473861759,0.509862227072381
ENSSSCG00000021744,9.2155839393015,12.9844913827766
ENSSSCG00000006216,0.771024951096939,0.0339908151381588
ENSSSCG00000005986,0.220292843170554,0.81577956331581
ENSSSCG00000053596,11.7489516357629,13.8002709460925
ENSSSCG00000006218,10.6474874199101,15.6017841484149
ENSSSCG00000049444,0.660878529511662,0.611834672486858
ENSSSCG00000040208,1.13817968971453,0.917752008730286
ENSSSCG00000005984,30.4004123575364,30.9656325908626
ENSSSCG00000006219,20.8911046273409,21.3122410916255
ENSSSCG00000022989,4.22227949410228,3.36509069867772
ENSSSCG00000006220,26.7655804452223,34.7726038863364
ENSSSCG00000051417,0.660878529511662,0.679816302763175
ENSSSCG00000041624,0.660878529511662,0.475871411934223
ENSSSCG00000022092,1.24832611129981,1.12169689955924
ENSSSCG00000042468,0.440585686341108,0.713807117901334
ENSSSCG00000050230,0.146861895447036,0.747797933039493
ENSSSCG00000006155,71.7787513997388,65.8741997377517
ENSSSCG00000006214,15.7876537605564,17.0633891993557
ENSSSCG00000058295,0.624163055649903,0.203944890828953
ENSSSCG00000061321,9.25229941316326,10.3332078020003
ENSSSCG00000005943,122.996837436893,34.3647141046785
ENSSSCG00000048085,0.403870212479349,0.169954075690794
ENSSSCG00000063117,0.881171372682216,1.01972445414476
ENSSSCG00000054758,2.45993674873785,4.14687944685537
ENSSSCG00000005948,1.87248916694971,1.22366934497372
ENSSSCG00000006162,33.2642193187536,45.3777382094419
ENSSSCG00000044016,4.25899496796404,8.76963030564496
ENSSSCG00000045879,0.183577369308795,0.54385304221054
ENSSSCG00000018868,0.917886846543975,1.18967852983556
ENSSSCG00000005949,5.36045918381681,4.52077841337511
ENSSSCG00000053919,0.220292843170554,0.475871411934223
ENSSSCG00000046151,13.5112943811273,8.25976807857258
ENSSSCG00000005950,36.4584655447267,44.1200780493301
ENSSSCG00000006163,120.133030475675,31.1355866665534
ENSSSCG00000006000,36.0913108061091,52.6857634641461
ENSSSCG00000005951,1.4319034806086,0.81577956331581
ENSSSCG00000058888,2.45993674873785,3.63701721978299
ENSSSCG00000005952,97.3694366813848,113.223405225207
ENSSSCG00000054469,0.220292843170554,0.373898966519746
ENSSSCG00000005953,0.697594003373421,0.0679816302763175
ENSSSCG00000031717,1.46861895447036,17.6072422415662
ENSSSCG00000005880,32.5299098415185,40.1771434933036
ENSSSCG00000036160,34.1453906914358,42.9643903346327
ENSSSCG00000034031,64.6926649444193,76.7172697668243
ENSSSCG00000005893,10.7209183676336,10.8090792139345
ENSSSCG00000029830,765.00361338361,605.546371686298
ENSSSCG00000005890,13.8417336458831,14.9219678456517
ENSSSCG00000035123,11.7122361619011,9.51742823868445
ENSSSCG00000022161,93.5510273997619,90.789467234022
ENSSSCG00000005894,94.7259225633382,136.099223813188
ENSSSCG00000005895,8.73828277909864,9.75536394465156
ENSSSCG00000030451,22.5065854772583,17.8791687626715
ENSSSCG00000025736,5.25031276223153,2.00545809315137
ENSSSCG00000005930,20.7809582057556,11.5908679621121
ENSSSCG00000030831,10.3904791028778,15.0239402910662
ENSSSCG00000038397,161.694946887187,137.254911527885
ENSSSCG00000005899,40.5705986172437,31.1695774816916
ENSSSCG00000005901,132.54286064095,151.259127364806
ENSSSCG00000005902,1.90920464081147,1.39362342066451
ENSSSCG00000026924,8.04068877572522,19.918617670961
ENSSSCG00000053131,7.19623287690476,11.352932256145
ENSSSCG00000027076,32.5299098415185,39.191409854297
ENSSSCG00000005935,11.7489516357629,17.335315720461
ENSSSCG00000005933,40.4604521956584,32.5971917174942
ENSSSCG00000005934,49.8963289781305,34.6026498106456
ENSSSCG00000025116,16.5219632377915,12.8825189373622
ENSSSCG00000005904,70.0164086543744,53.8754419939816
ENSSSCG00000005905,0.514016634064626,0.135963260552635
ENSSSCG00000056391,6.60878529511662,5.33655797669092
ENSSSCG00000046182,21.9191378954701,19.7146727801321
ENSSSCG00000005907,31.2448682563569,36.5061354583825
ENSSSCG00000005908,20.4872344148615,17.8451779475333
ENSSSCG00000005909,22.6534473727053,23.0117818485335
ENSSSCG00000005910,2.75366053963192,1.83550401746057
ENSSSCG00000005918,19.495916620594,19.7146727801321
ENSSSCG00000005917,47.8035469680102,50.3403972196131
ENSSSCG00000005920,53.6045918381681,43.3722801162906
ENSSSCG00000034551,3.01066885666424,1.66554994176978
ENSSSCG00000006879,34.585976377777,41.3668220231392
ENSSSCG00000005924,139.996101834887,99.4911159093907
ENSSSCG00000026590,14.6127585969801,17.6412330567044
ENSSSCG00000030947,20.266941571691,19.0348564773689
ENSSSCG00000005916,37.7067916560265,24.5073777146125
ENSSSCG00000005915,79.1952771198141,103.264096389726
ENSSSCG00000005914,28.0139065565221,26.1389368412441
ENSSSCG00000031918,93.0370107656973,125.052208893286
ENSSSCG00000005912,167.789715548239,157.955317947024
ENSSSCG00000006950,223.156650131771,172.333432750465
ENSSSCG00000005925,13.7683026981596,15.193894366757
ENSSSCG00000005911,25.6641162293695,30.6597152546192
ENSSSCG00000023745,1.68891179764091,1.5635774963553
ENSSSCG00000005922,1.17489516357629,1.76752238718426
ENSSSCG00000005923,0.991317794267492,0.849770378453969
ENSSSCG00000032796,30.4004123575364,49.2866819503302
ENSSSCG00000039094,467.020827521574,537.190842443461
ENSSSCG00000040735,42.3696568364699,23.9975154875401
ENSSSCG00000025691,50.3001991906098,40.8229689809287
ENSSSCG00000026772,5.50732107926385,3.80697129547378
ENSSSCG00000006947,20.4872344148615,24.9152674962704
ENSSSCG00000062085,75.413583312053,61.455393769791
ENSSSCG00000038025,63.4443388331195,124.61032829649
ENSSSCG00000038800,198.520567170531,200.885717466518
ENSSSCG00000038253,49.3455968702041,60.5716325761989
ENSSSCG00000039466,127.916710934368,135.759315661806
ENSSSCG00000038417,40.974468829723,22.9438002182572
ENSSSCG00000006917,33.4477966880624,8.3277497088489
ENSSSCG00000047605,60.2133771332847,83.2774970884889
ENSSSCG00000036509,22.2128616863642,24.5753593448888
ENSSSCG00000037101,4.88315802361394,2.78724684132902
ENSSSCG00000022032,38.7348249241557,39.5313180056786
ENSSSCG00000030125,182.806344357698,145.378716345905
ENSSSCG00000058619,0.771024951096939,0.951742823868445
ENSSSCG00000030801,17.4765655581973,20.2585258223426
ENSSSCG00000034987,5.47060560540209,6.52623650652648
ENSSSCG00000039854,8.99529109613095,20.7004064191387
ENSSSCG00000006885,14.9064823878741,15.2958668121714
ENSSSCG00000062656,1.10146421585277,0.81577956331581
ENSSSCG00000006930,99.6457960608139,92.5569896212063
ENSSSCG00000006887,164.411891952957,138.240645166892
ENSSSCG00000063342,0.697594003373421,0.339908151381588
ENSSSCG00000006933,1.4319034806086,0.81577956331581
ENSSSCG00000006888,33.4110812142007,22.2299931003558
ENSSSCG00000046806,21.1848284182349,13.052473013053
ENSSSCG00000059930,0.183577369308795,0.373898966519746
ENSSSCG00000054069,0.183577369308795,0.407889781657905
ENSSSCG00000047210,16.4852477639298,4.8606865647567
ENSSSCG00000051090,6.13148413491375,9.24550171757918
ENSSSCG00000062147,23.2041794806317,29.4360459096455
ENSSSCG00000041166,0.477301160202867,0.883761193592128
ENSSSCG00000049098,0.220292843170554,0.509862227072381
ENSSSCG00000058709,12.0793909005187,11.1149965501779
ENSSSCG00000048678,0.514016634064626,0.339908151381588
ENSSSCG00000058460,1.06474874199101,0.781788748177651
ENSSSCG00000059334,6.38849245194606,1.80151320232241
ENSSSCG00000006923,10.7943493153571,11.8967852983556
ENSSSCG00000053430,1.6154808499174,0.0339908151381588
ENSSSCG00000040582,2.57008317032313,5.67646612807251
ENSSSCG00000042798,3.59811643845238,4.96265901017118
ENSSSCG00000047438,0.514016634064626,0.679816302763175
ENSSSCG00000055353,0.514016634064626,1.25766016011187
ENSSSCG00000006932,3.56140096459062,7.37600688498045
ENSSSCG00000024973,20.8543891534791,23.8955430421256
ENSSSCG00000006935,0.440585686341108,0.54385304221054
ENSSSCG00000006936,80.7740424958698,94.4944660840813
ENSSSCG00000006925,40.2034438786261,36.7780619794878
ENSSSCG00000031738,4.2957104418258,9.51742823868445
ENSSSCG00000006939,21.2582593659584,19.0688472925071
ENSSSCG00000006926,26.2148483372959,30.1498530275468
ENSSSCG00000006940,34.732838273224,39.599299635955
ENSSSCG00000006927,51.8422490928037,63.9367232748766
ENSSSCG00000028310,42.039217571714,42.0466383259024
ENSSSCG00000006897,10.4271945767396,15.3978392575859
ENSSSCG00000040439,56.7988380641411,40.2791159387181
ENSSSCG00000006898,19.6794939899028,23.759579781573
ENSSSCG00000006900,17.6601429275061,12.3726567102898
ENSSSCG00000006899,1310.41197760004,943.483055789873
ENSSSCG00000006901,59.258774812879,63.5288334932187
ENSSSCG00000006902,0.477301160202867,0.339908151381588
ENSSSCG00000006903,22.2128616863642,31.475494817935
ENSSSCG00000006904,10.3904791028778,10.70710676852
ENSSSCG00000035196,13.2910015379568,21.3122410916255
ENSSSCG00000006911,106.915459885442,49.7625533622644
ENSSSCG00000027251,14.3924657538095,10.2992169868621
ENSSSCG00000006912,6.86579361214893,15.4318300727241
ENSSSCG00000022534,47.6199695987014,55.7449368265804
ENSSSCG00000056532,0.514016634064626,0.27192652110527
ENSSSCG00000054002,0.624163055649903,1.66554994176978
ENSSSCG00000052408,3.37782359528183,1.46160505094083
ENSSSCG00000060336,4.95658897133746,6.0163742794541
ENSSSCG00000055484,9.91317794267492,12.5766016011187
ENSSSCG00000042787,4.80972707589043,5.74444775834883
ENSSSCG00000057986,0.844455898820457,0.509862227072381
ENSSSCG00000056423,0.587447581788144,0.747797933039493
ENSSSCG00000063107,4.51600328499635,7.10408036387518
ENSSSCG00000051442,1.21161063743805,4.72472330420407
ENSSSCG00000056565,0.440585686341108,0.407889781657905
ENSSSCG00000058148,2.0560665362585,0.917752008730286
ENSSSCG00000062190,1.13817968971453,1.63155912663162
ENSSSCG00000053687,0.146861895447036,0.781788748177651
ENSSSCG00000049063,1.32175705902332,1.80151320232241
ENSSSCG00000059518,0.293723790894072,0.339908151381588
ENSSSCG00000059777,0.403870212479349,0.27192652110527
ENSSSCG00000051057,1.06474874199101,0.611834672486858
ENSSSCG00000042741,1.57876537605564,1.42761423580267
ENSSSCG00000059700,16.0079466037269,6.49224569138832
ENSSSCG00000018923,2.93723790894072,2.141421353704
ENSSSCG00000036331,0.477301160202867,1.52958668121714
ENSSSCG00000028277,0.477301160202867,0.883761193592128
ENSSSCG00000030140,5.17688181450802,11.8967852983556
ENSSSCG00000037254,17.2929881888885,32.0873294904219
ENSSSCG00000006857,4.99330444519922,6.08435590973042
ENSSSCG00000006858,13.0707086947862,0.135963260552635
ENSSSCG00000006840,31.4284456256657,45.4117290245801
ENSSSCG00000006841,60.0297997639759,89.9736876707062
ENSSSCG00000021440,17.366419136612,12.4066475254279
ENSSSCG00000055828,111.87204885678,117.23432141151
ENSSSCG00000006846,2.75366053963192,2.68527439591454
ENSSSCG00000006850,57.5331475413763,81.1700665499231
ENSSSCG00000006848,30.620705200707,38.5115935515339
ENSSSCG00000062186,23.0206021113229,49.9325074379552
ENSSSCG00000006852,7.9672578280017,1.90348564773689
ENSSSCG00000029849,21.9558533693319,15.8057290392438
ENSSSCG00000061017,22.0659997909171,20.9043513099676
ENSSSCG00000006860,57.2027082766205,38.3416394758431
ENSSSCG00000006861,14.7963359662889,6.86614465790807
ENSSSCG00000006862,7.12280192918124,5.98238346431594
ENSSSCG00000006864,67.8501956965306,107.0710676852
ENSSSCG00000006865,25.9945554941254,22.6718736971519
ENSSSCG00000006866,34.0352442698506,33.9908151381588
ENSSSCG00000006867,0.587447581788144,1.69954075690794
ENSSSCG00000006869,8.26098161889577,13.0184821979148
ENSSSCG00000028821,6.24163055649903,5.37054879182908
ENSSSCG00000006870,37.7067916560265,32.767145793185
ENSSSCG00000006871,70.2734169714067,48.4709023870144
ENSSSCG00000006872,25.7742626509548,30.3537979183758
ENSSSCG00000006873,13.6948717504361,10.3671986171384
ENSSSCG00000006874,18.0272976661237,10.8770608442108
ENSSSCG00000006875,7.30637929849004,18.5589850654347
ENSSSCG00000006876,13.5847253288508,2.00545809315137
ENSSSCG00000006877,16.2649549207592,11.9307761134937
ENSSSCG00000006878,20.1935106239674,13.2564179038819
ENSSSCG00000006853,15.0900597571829,9.82334557492788
ENSSSCG00000059727,1.32175705902332,1.69954075690794
ENSSSCG00000043670,0.624163055649903,0.81577956331581
ENSSSCG00000060687,0.220292843170554,0.611834672486858
ENSSSCG00000051095,7.04937098145772,8.12380481801994
ENSSSCG00000045465,0.036715473861759,0.781788748177651
ENSSSCG00000006845,31.4284456256657,25.4251297233427
ENSSSCG00000006455,2.09278201012026,0.203944890828953
ENSSSCG00000006587,8.00397330186346,3.05917336243429
ENSSSCG00000027322,2.09278201012026,0.339908151381588
ENSSSCG00000006572,16.8891179764091,17.7092146869807
ENSSSCG00000028553,134.305203386314,120.531430479911
ENSSSCG00000034159,14.5760431231183,15.0579311062043
ENSSSCG00000006397,0.183577369308795,0.54385304221054
ENSSSCG00000033585,9.83974699495141,7.30802525470413
ENSSSCG00000060222,0.220292843170554,0.339908151381588
ENSSSCG00000006413,0.293723790894072,0.475871411934223
ENSSSCG00000048076,2.60679864418489,0.0679816302763175
ENSSSCG00000036223,13.8784491197449,7.61394259094756
ENSSSCG00000006415,2.12949748398202,0.407889781657905
ENSSSCG00000006567,33.9618133221271,42.0466383259024
ENSSSCG00000006568,49.6760361349599,57.9883306256988
ENSSSCG00000006562,21.6988450522996,24.4733868994743
ENSSSCG00000006569,7.74696498483114,18.0831136535005
ENSSSCG00000006571,119.031566259823,80.7621767682652
ENSSSCG00000006542,56.4683987993853,24.5073777146125
ENSSSCG00000034984,125.640351554939,113.087441964654
ENSSSCG00000006624,48.3909945497983,26.5128358077638
ENSSSCG00000022107,177.00529948754,164.889444235208
ENSSSCG00000006625,35.8343024890768,24.8132950508559
ENSSSCG00000031053,53.0905752041035,41.7407209896589
ENSSSCG00000038991,24.0486353794521,20.9383421251058
ENSSSCG00000006626,99.315356796058,86.3706612660614
ENSSSCG00000006582,39.0285487150498,16.485545342007
ENSSSCG00000006581,150.092857146871,47.2132422269025
ENSSSCG00000053832,13.8050181720214,8.29375889371074
ENSSSCG00000006578,2.01935106239674,0.747797933039493
ENSSSCG00000006577,0.844455898820457,0.135963260552635
ENSSSCG00000021084,82.4262388196489,39.0894374088826
ENSSSCG00000006592,1.39518800674684,0.339908151381588
ENSSSCG00000006627,39.7261427184232,38.1716854001523
ENSSSCG00000039568,29.702818354163,4.04490700144089
ENSSSCG00000006243,2.27635937942906,22.3999471760466
ENSSSCG00000006698,86.1345016796866,104.011894322766
ENSSSCG00000006398,0.660878529511662,0.237935705967111
ENSSSCG00000032887,36.2748881754179,33.5149437262245
ENSSSCG00000006232,161.364507622431,115.534780654602
ENSSSCG00000032846,142.529469531348,138.580553318273
ENSSSCG00000032573,18.0272976661237,23.3176991847769
ENSSSCG00000006233,18.1741595615707,13.3243995341582
ENSSSCG00000028902,139.298507831514,178.621733551024
ENSSSCG00000033922,3.74497833389942,0.135963260552635
ENSSSCG00000034495,0.477301160202867,0.135963260552635
ENSSSCG00000030578,30.1066885666424,22.9777910333953
ENSSSCG00000006260,50.1533372951628,37.5598507276654
ENSSSCG00000006261,114.515562974826,132.122298442023
ENSSSCG00000042752,40.8643224081377,58.3282387770804
ENSSSCG00000060730,192.756237774235,143.339267437615
ENSSSCG00000006262,0.146861895447036,0.475871411934223
ENSSSCG00000006263,44.5358697943136,44.6299402764024
ENSSSCG00000006264,3.01066885666424,0
ENSSSCG00000006247,2.97395338280248,4.69073248906591
ENSSSCG00000040470,1253.76000143135,831.755246430745
ENSSSCG00000006236,20.8911046273409,27.0566888499744
ENSSSCG00000006237,47.7668314941484,34.4326957349548
ENSSSCG00000006457,0.991317794267492,1.46160505094083
ENSSSCG00000006239,16.7789715548239,19.5107278893031
ENSSSCG00000036622,0.293723790894072,1.18967852983556
ENSSSCG00000049524,35.650725119768,59.5858989371923
ENSSSCG00000006240,2.97395338280248,4.24885189226984
ENSSSCG00000006235,0.220292843170554,1.1556877146974
ENSSSCG00000024970,33.1173574233066,35.7923283404812
ENSSSCG00000006267,168.560740499335,137.832755385234
ENSSSCG00000022190,35.3570013288739,33.2770080202574
ENSSSCG00000006273,6.16819960877551,5.40453960696724
ENSSSCG00000006553,152.809802212641,137.866746200372
ENSSSCG00000006274,35.797587015215,51.2921400434816
ENSSSCG00000006418,30.9144289916011,19.476737074165
ENSSSCG00000037532,1.50533442833212,0.54385304221054
ENSSSCG00000006554,58.0838796493027,49.0827370595012
ENSSSCG00000006555,79.52571638457,43.9501239736393
ENSSSCG00000006556,263.323378536535,175.120679591794
ENSSSCG00000006277,16.9258334502709,9.04155682675023
ENSSSCG00000031503,83.013686401437,78.1108931874888
ENSSSCG00000006280,23.608049693111,12.9505005676385
ENSSSCG00000033144,110.256568006862,110.470149199016
ENSSSCG00000025644,0.514016634064626,0.611834672486858
ENSSSCG00000050933,0.660878529511662,0.645825487625016
ENSSSCG00000058048,9.17886846543974,24.3714144540598
ENSSSCG00000059747,1.06474874199101,0.203944890828953
ENSSSCG00000025087,66.3815767420602,32.3592560115271
ENSSSCG00000031838,345.639470934599,270.057026272671
ENSSSCG00000006564,51.2180860371538,37.4578782822509
ENSSSCG00000006559,32.6400562631037,34.1267783987114
ENSSSCG00000006560,103.53763629016,4.21486107713169
ENSSSCG00000006561,63.9950709410459,36.5741170886588
ENSSSCG00000031262,813.321176985685,1291.07313139268
ENSSSCG00000022784,130.853948843309,80.7621767682652
ENSSSCG00000006682,32.4931943676567,28.042422488981
ENSSSCG00000006661,27.3163125531487,30.0478805821323
ENSSSCG00000006230,0.477301160202867,0.0679816302763175
ENSSSCG00000006231,44.8295935852077,47.0432881512117
ENSSSCG00000006248,0.954602320405733,2.20940298398032
ENSSSCG00000037823,1.06474874199101,0.645825487625016
ENSSSCG00000032367,75.8908844722558,91.0613937551273
ENSSSCG00000062171,2.0560665362585,2.44733868994743
ENSSSCG00000044065,0.624163055649903,1.59756831149346
ENSSSCG00000052134,0.293723790894072,0.54385304221054
ENSSSCG00000052708,3.96527117706997,1.76752238718426
ENSSSCG00000058658,4.00198665093173,1.97146727801321
ENSSSCG00000042589,1.57876537605564,0.54385304221054
ENSSSCG00000055032,0.477301160202867,0.407889781657905
ENSSSCG00000057500,0.440585686341108,0.339908151381588
ENSSSCG00000063092,0.36715473861759,1.18967852983556
ENSSSCG00000048200,1.35847253288508,0.951742823868445
ENSSSCG00000046734,81.7653602901373,107.614920727411
ENSSSCG00000056807,0.587447581788144,1.25766016011187
ENSSSCG00000060890,11.4552278448688,14.0721974671977
ENSSSCG00000045551,53.7147382597534,85.7928174087127
ENSSSCG00000055986,5.43389013154033,4.82669574961854
ENSSSCG00000026502,37.1193440742383,47.8590677145275
ENSSSCG00000051386,0.293723790894072,0.475871411934223
ENSSSCG00000028509,34.2922525868829,32.0193478601455
ENSSSCG00000059285,0.36715473861759,0.747797933039493
ENSSSCG00000057277,1.68891179764091,2.07343972342768
ENSSSCG00000060401,1.68891179764091,2.99119173215797
ENSSSCG00000051418,0.403870212479349,0.169954075690794
ENSSSCG00000052628,0.881171372682216,0.169954075690794
ENSSSCG00000050435,0.844455898820457,0.54385304221054
ENSSSCG00000006685,2.20292843170554,1.32564179038819
ENSSSCG00000057934,0.807740424958698,0.781788748177651
ENSSSCG00000052652,0.36715473861759,0.611834672486858
ENSSSCG00000058012,0.440585686341108,0.611834672486858
ENSSSCG00000057091,0.917886846543975,0.203944890828953
ENSSSCG00000056541,10.7943493153571,11.9307761134937
ENSSSCG00000037637,67.9603421181159,42.7944362589419
ENSSSCG00000006663,73.724671514412,67.8116762006267
ENSSSCG00000006664,26.7655804452223,27.9064592284283
ENSSSCG00000006688,35.6140096459062,35.1804936679943
ENSSSCG00000006689,44.7194471636224,43.0663627800471
ENSSSCG00000006665,80.6638960742845,72.2644729837255
ENSSSCG00000006666,4.14884854637876,3.33109988353956
ENSSSCG00000006690,7.56338761552235,8.49770378453969
ENSSSCG00000006691,20.0099332546586,18.0831136535005
ENSSSCG00000006667,18.9451845126676,19.3747646287505
ENSSSCG00000047083,3.92855570320821,5.20059471613829
ENSSSCG00000037355,43.3242591568756,34.5686589955074
ENSSSCG00000006678,3.23096169983479,3.26311825326324
ENSSSCG00000006693,13.9885955413302,5.20059471613829
ENSSSCG00000041677,11.4552278448688,6.35628243083569
ENSSSCG00000006618,0.257008317032313,0.611834672486858
ENSSSCG00000006619,97.5162985768319,74.303921892015
ENSSSCG00000006694,31.8690313120068,21.8560941338361
ENSSSCG00000006696,11.3450814232835,37.4918690973891
ENSSSCG00000006697,39.2121260843586,118.52597238676
ENSSSCG00000006620,26.5452876020517,20.3604982677571
ENSSSCG00000006621,80.8474734435933,160.23270256128
ENSSSCG00000006622,62.0858663002344,67.6417221249359
ENSSSCG00000006701,39.5058498752527,41.9446658804879
ENSSSCG00000006702,27.4998899224575,27.5665510770467
ENSSSCG00000006703,29.1888017200984,29.8779265064415
ENSSSCG00000060248,4.22227949410228,2.95720091701981
ENSSSCG00000024481,85.8774933626542,121.585145749194
ENSSSCG00000006628,44.2421460034196,41.7407209896589
ENSSSCG00000030547,53.4944454165828,88.4780918046272
ENSSSCG00000031869,43.6914138954932,43.6102158222577
ENSSSCG00000006631,1.57876537605564,0.27192652110527
ENSSSCG00000006632,28.7482160337573,25.5271021687572
ENSSSCG00000020965,16.9992643979944,20.3604982677571
ENSSSCG00000006635,9.65616962564261,15.8057290392438
ENSSSCG00000006636,6.49863887353134,7.68192422122388
ENSSSCG00000031881,73.2840858280709,59.1440183403962
ENSSSCG00000030278,7.52667214166059,9.78935475978972
ENSSSCG00000006639,2.45993674873785,7.30802525470413
ENSSSCG00000006640,4.18556402024052,12.5426107859806
ENSSSCG00000006641,40.5338831433819,37.8317772487707
ENSSSCG00000006642,46.922375595328,39.1234282240207
ENSSSCG00000006643,3.85512475548469,21.9240757641124
ENSSSCG00000006644,92.155839393015,100.510840363535
ENSSSCG00000006645,39.9464355615938,42.1486107713169
ENSSSCG00000006646,59.8462223946671,59.6878713826068
ENSSSCG00000052889,71.6318895042918,51.5300757494487
ENSSSCG00000006648,29.9231111973336,12.8825189373622
ENSSSCG00000038558,21.8089914738848,16.0776555603491
ENSSSCG00000049503,1.10146421585277,1.63155912663162
ENSSSCG00000006653,100.894122172114,124.202438514832
ENSSSCG00000039314,233.583844708511,286.644544060093
ENSSSCG00000006651,14.7963359662889,16.6215086025596
ENSSSCG00000029230,16.0813775514504,7.30802525470413
ENSSSCG00000026395,69.0618063339686,88.6140550651799
ENSSSCG00000030291,64.6192339966958,74.8477749342256
ENSSSCG00000030119,50.3736301383333,76.5473156911335
ENSSSCG00000052263,34.2188216391594,39.0894374088826
ENSSSCG00000038374,5.98462223946671,14.2761423580267
ENSSSCG00000045950,4.40585686341108,3.84096211061194
ENSSSCG00000028297,93.6611738213472,75.799517758094
ENSSSCG00000027875,16.4852477639298,117.608220378029
ENSSSCG00000035209,120.757193531325,183.924300712577
ENSSSCG00000043560,4.88315802361394,3.43307232895403
ENSSSCG00000060759,1.28504158516156,1.08770608442108
ENSSSCG00000055629,0.257008317032313,1.18967852983556
ENSSSCG00000057512,0.403870212479349,0.203944890828953
ENSSSCG00000062160,1.24832611129981,0.27192652110527
ENSSSCG00000036239,2.27635937942906,1.12169689955924
ENSSSCG00000049811,18.3944524047412,65.3643375106793
ENSSSCG00000046500,1.28504158516156,2.82123765646718
ENSSSCG00000053534,0.514016634064626,0.679816302763175
ENSSSCG00000062509,1.35847253288508,2.20940298398032
ENSSSCG00000055900,25.4071079123372,16.2476096360399
ENSSSCG00000059817,0.440585686341108,0.441880596796064
ENSSSCG00000055905,0.440585686341108,0.101972445414476
ENSSSCG00000006403,0.954602320405733,0.577843857348699
ENSSSCG00000006687,11.27165047556,12.7805464919477
ENSSSCG00000006717,23.3510413760787,61.1494764335476
ENSSSCG00000063017,13.7315872242979,40.0751710478892
ENSSSCG00000006719,5.28702823609329,84.6371296940153
ENSSSCG00000006720,3.41453906914359,7.24004362442781
ENSSSCG00000027153,13.8784491197449,10.061281280895
ENSSSCG00000037808,45.8209113794752,48.8787921686723
ENSSSCG00000006820,0.954602320405733,0.54385304221054
ENSSSCG00000006821,10.060039838122,15.9077014846583
ENSSSCG00000031125,37.4864988128559,22.263983915494
ENSSSCG00000006823,1.4319034806086,1.80151320232241
ENSSSCG00000006824,114.956148661167,94.8343742354629
ENSSSCG00000006788,2.38650580101433,1.46160505094083
ENSSSCG00000037772,233.436982813064,172.911276607814
ENSSSCG00000006790,258.954237146986,131.884362736056
ENSSSCG00000006791,118093.559333602,10095.238105218
ENSSSCG00000006792,7.01265550759596,0.577843857348699
ENSSSCG00000057886,15.1634907049065,10.8770608442108
ENSSSCG00000006793,6.86579361214893,9.75536394465156
ENSSSCG00000039977,3.81840928162293,2.95720091701981
ENSSSCG00000023706,0.440585686341108,1.18967852983556
ENSSSCG00000006761,4.00198665093173,2.3113754293948
ENSSSCG00000006762,19.2756237774235,15.7377474089675
ENSSSCG00000038970,2.60679864418489,2.88921928674349
ENSSSCG00000030154,30.5105587791217,40.8569597960668
ENSSSCG00000006766,28.5279231905867,13.0864638281911
ENSSSCG00000006767,32.4931943676567,35.112512037718
ENSSSCG00000034581,36.8990512310678,54.9631480784027
ENSSSCG00000054939,0.881171372682216,0.747797933039493
ENSSSCG00000006774,80.1865949140816,16.8934351236649
ENSSSCG00000006777,288.032892445499,150.001467204695
ENSSSCG00000006776,174.692224634249,97.8255659676209
ENSSSCG00000006775,140.399972047366,93.9166222267326
ENSSSCG00000006779,26.9124423406693,28.8242112371586
ENSSSCG00000006780,45.7841959056135,31.8833845995929
ENSSSCG00000006781,21.0746819966497,21.7881125035598
ENSSSCG00000026680,3.15753075211127,35.112512037718
ENSSSCG00000006783,38.9184022934645,37.4918690973891
ENSSSCG00000036030,22.0659997909171,18.2530677291913
ENSSSCG00000006785,96.4882653087026,73.1482341773176
ENSSSCG00000020964,126.631669349207,74.0659861860479
ENSSSCG00000006035,3.30439264755831,5.09862227072381
ENSSSCG00000006709,150.570158307074,160.538619897524
ENSSSCG00000006023,144.255096802851,70.021079184607
ENSSSCG00000006024,34.2188216391594,27.6345327073231
ENSSSCG00000006025,491.803772378262,134.94353609849
ENSSSCG00000006730,44.021853160249,42.6244821832511
ENSSSCG00000006731,2.90052243507896,3.80697129547378
ENSSSCG00000044178,0.330439264755831,0.509862227072381
ENSSSCG00000006732,61.535134192308,70.4289689662649
ENSSSCG00000006733,16.154808499174,12.3046750800135
ENSSSCG00000006734,0.844455898820457,0.27192652110527
ENSSSCG00000006735,180.456554030545,59.2799816009489
ENSSSCG00000006736,2.64351411804665,1.83550401746057
ENSSSCG00000040768,0.36715473861759,0.441880596796064
ENSSSCG00000006031,10.8310647892189,5.77843857348699
ENSSSCG00000006032,55.9176666914589,61.3194305092384
ENSSSCG00000038444,33.6313740573712,27.6005418921849
ENSSSCG00000006029,20.3770879932762,14.8879770305135
ENSSSCG00000006033,267.031641396573,214.584015967196
ENSSSCG00000006742,10.8310647892189,10.8430700290726
ENSSSCG00000006743,8.44455898820457,13.052473013053
ENSSSCG00000032417,1.13817968971453,0.747797933039493
ENSSSCG00000006748,37.4130678651324,39.5313180056786
ENSSSCG00000006750,0.440585686341108,0.169954075690794
ENSSSCG00000036553,76.9189177403851,15.7377474089675
ENSSSCG00000006009,59.3689212344643,46.6353983695538
ENSSSCG00000033577,10.4271945767396,11.6248587772503
ENSSSCG00000006751,7.52667214166059,7.03609873359886
ENSSSCG00000006752,374.0572477036,322.470863215712
ENSSSCG00000006013,15.6040763912476,8.59967622995416
ENSSSCG00000006014,120.610331635878,125.460098674944
ENSSSCG00000030493,10.1701862597072,10.0952720960331
ENSSSCG00000006016,268.206536560149,196.636865574248
ENSSSCG00000006018,23.461187797664,25.9349919504151
ENSSSCG00000032477,45.3068947454106,37.2879242065601
ENSSSCG00000006754,0.771024951096939,0.781788748177651
ENSSSCG00000031031,11.5653742664541,22.6718736971519
ENSSSCG00000006755,1.4319034806086,1.12169689955924
ENSSSCG00000052540,1.21161063743805,1.46160505094083
ENSSSCG00000055502,26.6187185497753,24.6093501600269
ENSSSCG00000059081,0.073430947723518,0.679816302763175
ENSSSCG00000006757,28.8950779292043,26.5808174380401
ENSSSCG00000045712,168.524025025474,53.4675522123237
ENSSSCG00000063513,0.697594003373421,1.22366934497372
ENSSSCG00000006760,180.456554030545,247.079235239276
ENSSSCG00000063331,0.330439264755831,0.339908151381588
ENSSSCG00000051427,1.13817968971453,0.917752008730286
ENSSSCG00000059649,0.550732107926385,0.713807117901334
ENSSSCG00000058372,5.14016634064626,5.26857634641461
ENSSSCG00000061522,7.71024951096939,14.989949475928
ENSSSCG00000053406,1.06474874199101,2.95720091701981
ENSSSCG00000052519,0.146861895447036,0.373898966519746
ENSSSCG00000059653,0.293723790894072,0.679816302763175
ENSSSCG00000056581,0.36715473861759,0.407889781657905
ENSSSCG00000059061,12.9605622732009,8.3277497088489
ENSSSCG00000061133,2.49665222259961,8.7356394905068
ENSSSCG00000053482,5.36045918381681,10.9450424744871
ENSSSCG00000063479,25.590685281646,23.8955430421256
ENSSSCG00000006088,226.938343939532,76.6152973214098
ENSSSCG00000006082,32.4931943676567,56.2208082385146
ENSSSCG00000006037,59.6993604992201,61.7953019211726
ENSSSCG00000006083,383.456409012211,249.934463710881
ENSSSCG00000006084,119.362005524578,118.288036680792
ENSSSCG00000006087,94.2119059292735,24.7453134205796
ENSSSCG00000006066,37.7067916560265,39.8032445267839
ENSSSCG00000027587,93.4775964520384,103.400059650279
ENSSSCG00000021180,22.54330095112,24.4393960843361
ENSSSCG00000053859,1.76234274536443,0.509862227072381
ENSSSCG00000006069,75.1565749950206,65.738236477199
ENSSSCG00000031418,0.220292843170554,0.577843857348699
ENSSSCG00000060790,125.45677418563,118.15207342024
ENSSSCG00000006071,23.7549115885581,25.3571480930664
ENSSSCG00000006073,44.9030245329312,37.6278323579417
ENSSSCG00000006074,33.3376502664772,41.2648495777247
ENSSSCG00000031917,0.991317794267492,0.407889781657905
ENSSSCG00000031267,18.3944524047412,22.3319655457703
ENSSSCG00000006078,9.3991613086103,4.55476922851327
ENSSSCG00000006079,67.2627481147425,48.810810538396
ENSSSCG00000050707,2.12949748398202,1.66554994176978
ENSSSCG00000006081,508.105442772883,382.464651934562
ENSSSCG00000006038,27.6467518179045,28.2463673798099
ENSSSCG00000006039,19.1654773558382,36.4721446432443
ENSSSCG00000006040,0.220292843170554,0.475871411934223
ENSSSCG00000027480,50.8142158246744,55.4390194903369
ENSSSCG00000022479,76.478332054044,77.7369942209691
ENSSSCG00000036139,23.5713342192493,22.060039024665
ENSSSCG00000006059,44.2054305295578,59.1440183403962
ENSSSCG00000006060,93.3674500304531,99.7290516153578
ENSSSCG00000056174,46.0412042226458,42.82842707408
ENSSSCG00000006062,507.077409504753,390.248548601201
ENSSSCG00000006063,667.670892176087,475.837421119084
ENSSSCG00000006064,1.32175705902332,0.54385304221054
ENSSSCG00000006065,17.8437202968149,14.8539862153754
ENSSSCG00000033112,34.9164156425328,22.0260482095269
ENSSSCG00000055461,0.146861895447036,0.645825487625016
ENSSSCG00000062313,0.587447581788144,0.475871411934223
ENSSSCG00000057171,1.68891179764091,1.52958668121714
ENSSSCG00000057022,0.477301160202867,2.03944890828953
ENSSSCG00000060670,0.36715473861759,0.679816302763175
ENSSSCG00000062937,3.52468549072886,5.30256716155277
ENSSSCG00000020407,0.146861895447036,0.407889781657905
ENSSSCG00000018501,0.697594003373421,0.985733639006604
ENSSSCG00000006312,6.42520792580782,6.05036509459226
ENSSSCG00000006298,0.514016634064626,0.27192652110527
ENSSSCG00000006396,78.5343985903025,34.1607692138495
ENSSSCG00000006395,249.958946050855,279.064592284283
ENSSSCG00000037821,233.14325902217,20.8023788645532
ENSSSCG00000047766,20.1935106239674,2.51532032022375
ENSSSCG00000006299,0.440585686341108,0.407889781657905
ENSSSCG00000031617,70.2367014975449,71.9585556474821
ENSSSCG00000006301,37.633360708303,28.4503122706389
ENSSSCG00000023957,2.71694506577016,2.75325602619086
ENSSSCG00000030318,126.117652715142,110.232213493049
ENSSSCG00000006352,3.26767717369655,2.75325602619086
ENSSSCG00000006318,22.396439055673,28.8921928674349
ENSSSCG00000006319,38.3676701855381,40.2111343084418
ENSSSCG00000035124,115.066295082753,36.3021905675535
ENSSSCG00000031579,4.77301160202867,12.2706842648753
ENSSSCG00000006333,4.22227949410228,2.41334787480927
ENSSSCG00000006383,30.1434040405041,33.8548518776061
ENSSSCG00000006374,0.403870212479349,0.169954075690794
ENSSSCG00000006375,0.220292843170554,0.679816302763175
ENSSSCG00000006378,0.624163055649903,0.169954075690794
ENSSSCG00000006379,1.35847253288508,1.35963260552635
ENSSSCG00000006328,0.660878529511662,0.203944890828953
ENSSSCG00000006329,1.02803326812925,1.25766016011187
ENSSSCG00000006381,0.403870212479349,1.12169689955924
ENSSSCG00000006382,0.660878529511662,0.475871411934223
ENSSSCG00000039867,9.47259225633382,12.0667393740464
ENSSSCG00000006281,0.844455898820457,0.781788748177651
ENSSSCG00000006282,74.8628512041266,52.0059471613829
ENSSSCG00000037314,105.116401666216,109.620378820562
ENSSSCG00000006324,88.043706320498,85.4869000724693
ENSSSCG00000006325,121.932088694902,84.9430470302587
ENSSSCG00000006353,0.550732107926385,0.713807117901334
ENSSSCG00000006335,82.6098161889577,10.5371526928292
ENSSSCG00000006336,58.340887966335,109.348452299457
ENSSSCG00000006337,11.0513576323895,9.92531802034236
ENSSSCG00000006321,0.881171372682216,4.38481515282248
ENSSSCG00000006338,16.3383858684827,17.4372881658754
ENSSSCG00000006340,127.182401457133,156.901602677741
ENSSSCG00000006354,6.05805318719023,5.64247531293435
ENSSSCG00000006283,28.491207716725,24.7793042357177
ENSSSCG00000006346,108.310647892189,91.4013019065089
ENSSSCG00000006284,7.41652572007531,6.32229161569753
ENSSSCG00000006357,3.92855570320821,2.78724684132902
ENSSSCG00000006285,11.124788580113,8.66765786023048
ENSSSCG00000006358,94.3587678247206,86.506624526614
ENSSSCG00000006350,2.12949748398202,1.25766016011187
ENSSSCG00000006347,4.07541759865525,4.282842707408
ENSSSCG00000039073,1.94592011467323,2.99119173215797
ENSSSCG00000006359,4.14884854637876,11.7268312226648
ENSSSCG00000036618,11.418512371007,8.46371296940153
ENSSSCG00000047932,2.2396439055673,22.5699012517374
ENSSSCG00000006344,32.603340789242,22.6038920668756
ENSSSCG00000006345,4.9198734974757,19.1028381076452
ENSSSCG00000006342,67.9236266442541,83.3454787187653
ENSSSCG00000006360,79.0116997505053,56.4927347596199
ENSSSCG00000006361,67.5197564317748,58.7361285587383
ENSSSCG00000006362,49.969759925854,64.8544752836069
ENSSSCG00000006363,79.0116997505053,47.6891136388367
ENSSSCG00000006365,43.2875436830138,41.1968679474484
ENSSSCG00000037793,46.3349280135398,44.1880596796064
ENSSSCG00000055102,27.7568982394898,28.9261836825731
ENSSSCG00000038597,22.6534473727053,18.8309115865399
ENSSSCG00000026861,23.1307485329082,43.9501239736393
ENSSSCG00000006372,5.06673539292274,3.46706314409219
ENSSSCG00000006371,54.8162024756062,57.1385602472449
ENSSSCG00000006370,38.2575237639529,29.2321010188165
ENSSSCG00000006369,185.633435845053,217.881125035598
ENSSSCG00000006286,0.991317794267492,0.203944890828953
ENSSSCG00000006287,0.514016634064626,0.0679816302763175
ENSSSCG00000006288,5.50732107926385,2.51532032022375
ENSSSCG00000006394,214.895668512875,210.539108965755
ENSSSCG00000006399,2.09278201012026,3.73898966519746
ENSSSCG00000006289,0.881171372682216,0.781788748177651
ENSSSCG00000006290,9.80303152108965,9.85733639006604
ENSSSCG00000028804,67.1893171670189,72.5024086896926
ENSSSCG00000022396,23.9752044317286,24.9492583114085
ENSSSCG00000006294,33.0439264755831,23.7255889664348
ENSSSCG00000006296,570.88890307649,338.242601439818
ENSSSCG00000061621,3.01066885666424,8.76963030564496
ENSSSCG00000035937,28.0506220303839,10.2312353565858
ENSSSCG00000006302,2.34979032715257,4.07889781657905
ENSSSCG00000006303,56.9824154334499,50.7822778164092
ENSSSCG00000006304,26.1047019157106,30.0138897669942
ENSSSCG00000006305,1.02803326812925,0.747797933039493
ENSSSCG00000006306,208.176736796173,185.827786360314
ENSSSCG00000006307,9.58273867791909,5.06463145558565
ENSSSCG00000006308,95.2766546712646,92.930888587726
ENSSSCG00000006309,15.6040763912476,21.6521492430071
ENSSSCG00000006310,1.35847253288508,1.97146727801321
ENSSSCG00000006311,0.073430947723518,0.577843857348699
ENSSSCG00000006385,158.317123291905,106.935104424647
ENSSSCG00000006386,290.419398246514,161.456371906254
ENSSSCG00000023091,111.321316748853,109.892305341667
ENSSSCG00000006388,115.396734347508,126.27587823826
ENSSSCG00000032164,191.948497349276,107.410975836582
ENSSSCG00000006390,22.396439055673,5.40453960696724
ENSSSCG00000054190,0.477301160202867,1.5635774963553
ENSSSCG00000006391,17.513281032059,44.969848427784
ENSSSCG00000006392,22.6167318988435,23.4876532604677
ENSSSCG00000006393,0.330439264755831,0.339908151381588
ENSSSCG00000006384,0.257008317032313,0.577843857348699
ENSSSCG00000057556,0.73430947723518,1.01972445414476
ENSSSCG00000047157,4.03870212479349,6.90013547304623
ENSSSCG00000053419,6.93922455987245,9.38146497813181
ENSSSCG00000051991,0.514016634064626,0.475871411934223
ENSSSCG00000052849,0.550732107926385,0.27192652110527
ENSSSCG00000058887,0,1.49559586607899
ENSSSCG00000051878,0.991317794267492,0.951742823868445
ENSSSCG00000056047,0.917886846543975,0.0679816302763175
ENSSSCG00000055139,2.20292843170554,2.27738461425664
ENSSSCG00000042400,1.13817968971453,1.49559586607899
ENSSSCG00000042114,3.15753075211127,4.24885189226984
ENSSSCG00000059201,64.4723721012488,68.4914925033899
ENSSSCG00000036538,0.036715473861759,0.509862227072381
ENSSSCG00000042062,2.38650580101433,4.14687944685537
ENSSSCG00000062927,26.1781328634342,57.6144316591791
ENSSSCG00000006474,34.2555371130211,20.7343972342768
ENSSSCG00000006481,3.63483191231414,3.50105395923035
ENSSSCG00000006480,21.5519831568525,17.335315720461
ENSSSCG00000006479,1.35847253288508,0.611834672486858
ENSSSCG00000006475,14.5760431231183,7.47797933039493
ENSSSCG00000006482,97.4428676291083,76.6832789516861
ENSSSCG00000035121,6.20491508263727,2.48132950508559
ENSSSCG00000006487,219.228094428563,221.654105515933
ENSSSCG00000006488,105.153117140078,65.6362640317845
ENSSSCG00000006489,2.45993674873785,2.78724684132902
ENSSSCG00000006490,63.5912007285666,87.798275501864
ENSSSCG00000006491,8.99529109613095,17.6412330567044
ENSSSCG00000055767,1.65219632377915,1.93747646287505
ENSSSCG00000052919,14.172172910639,11.556877146974
ENSSSCG00000006494,15.530645443524,15.2958668121714
ENSSSCG00000006495,47.7668314941484,34.5346681803693
ENSSSCG00000006496,326.216985261729,261.763267378961
ENSSSCG00000006497,0.954602320405733,0.883761193592128
ENSSSCG00000039186,34.3656835346064,30.9996234060008
ENSSSCG00000006500,42.1493639932993,64.0386957202911
ENSSSCG00000006501,468.342584580598,251.600013652651
ENSSSCG00000006502,145.90729312663,91.1633662005418
ENSSSCG00000006503,1.02803326812925,0.373898966519746
ENSSSCG00000006504,52.5398430961771,67.6077313097978
ENSSSCG00000023991,77.836804586929,75.8335085732322
ENSSSCG00000006506,17.0359798718562,12.4746291557043
ENSSSCG00000006510,63.4810543069813,82.5976807857258
ENSSSCG00000006157,16.1915239730357,20.9383421251058
ENSSSCG00000006508,93.5510273997619,121.721109009746
ENSSSCG00000006511,39.0652641889116,44.1880596796064
ENSSSCG00000006512,111.908764330641,157.717382241057
ENSSSCG00000026149,0.991317794267492,1.69954075690794
ENSSSCG00000006518,3.59811643845238,4.69073248906591
ENSSSCG00000006519,65.3168280000692,61.3534213243765
ENSSSCG00000006520,49.3823123440658,43.2703076708761
ENSSSCG00000006521,20.7809582057556,18.9668748470926
ENSSSCG00000006522,135.553529497614,89.0559356619759
ENSSSCG00000006523,4.88315802361394,3.16114580784876
ENSSSCG00000006524,53.9717465767857,26.1049460261059
ENSSSCG00000006525,60.2133771332847,9.8913272052042
ENSSSCG00000006526,3.047384330526,1.83550401746057
ENSSSCG00000006527,88.1905682159451,59.8578254582976
ENSSSCG00000054149,11.6020897403158,12.4066475254279
ENSSSCG00000006529,46.7755136998809,17.8451779475333
ENSSSCG00000006530,23.2408949544934,47.8590677145275
ENSSSCG00000006531,2.97395338280248,5.64247531293435
ENSSSCG00000036831,6.68221624284013,14.4121056185793
ENSSSCG00000006533,57.5698630152381,73.3861698832848
ENSSSCG00000006507,44.5358697943136,41.9786566956261
ENSSSCG00000006737,54.7794870017444,90.5515315280549
ENSSSCG00000006738,20.5239498887233,16.4515545268688
ENSSSCG00000006461,52.1726883575595,59.6878713826068
ENSSSCG00000006462,333.890519298836,621.522054801233
ENSSSCG00000006463,32.7134872108273,16.485545342007
ENSSSCG00000006466,3.30439264755831,1.22366934497372
ENSSSCG00000006467,47.987124337319,39.3613639299878
ENSSSCG00000006468,122.262527959657,120.599412110187
ENSSSCG00000006469,39.4324189275291,43.474252561705
ENSSSCG00000006470,14.4291812276713,14.8879770305135
ENSSSCG00000006471,28.3076303474162,25.6630654293099
ENSSSCG00000006472,4.4792878111346,1.76752238718426
ENSSSCG00000028606,52.7968514132094,69.4772261423965
ENSSSCG00000006538,25.5172543339225,26.5808174380401
ENSSSCG00000006539,103.574351764022,92.0131365789957
ENSSSCG00000054923,11.8223825834864,7.88586911205283
ENSSSCG00000006540,256.420869450525,317.746139911508
ENSSSCG00000055689,27.8670446610751,15.7717382241057
ENSSSCG00000036884,1.32175705902332,0.135963260552635
ENSSSCG00000006499,73.3575167757944,77.1931411787585
ENSSSCG00000052269,3.37782359528183,3.97692537116457
ENSSSCG00000006796,1.87248916694971,1.25766016011187
ENSSSCG00000025704,34.585976377777,34.262741659264
ENSSSCG00000029918,35.9811643845238,34.0248059532969
ENSSSCG00000026922,20.8911046273409,24.7793042357177
ENSSSCG00000051454,0.73430947723518,1.46160505094083
ENSSSCG00000006799,12.4832611129981,13.052473013053
ENSSSCG00000006800,6.09476866105199,3.50105395923035
ENSSSCG00000043070,0.550732107926385,0.475871411934223
ENSSSCG00000040889,51.034508667845,45.3097565791656
ENSSSCG00000006808,0.660878529511662,1.29165097525003
ENSSSCG00000006809,9.61945415178085,14.0042158369214
ENSSSCG00000006810,6.16819960877551,7.95385074232915
ENSSSCG00000006811,6.79236266442541,0.883761193592128
ENSSSCG00000006813,61.0211175582434,72.4684178745545
ENSSSCG00000056539,2.64351411804665,14.4800872488556
ENSSSCG00000006816,315.239058577063,284.027251294455
ENSSSCG00000037449,28.6013541383102,26.0709552109678
ENSSSCG00000006740,3375.73081327171,1676.18906690802
ENSSSCG00000063029,7.37981024621356,5.74444775834883
ENSSSCG00000022447,32.4197634199332,25.051230756823
ENSSSCG00000028620,45.4170411669959,32.0533386752837
ENSSSCG00000006889,54.0451775245092,39.8372353419221
ENSSSCG00000037549,116.902068775841,44.6299402764024
ENSSSCG00000006892,67.5197564317748,91.7072192427523
ENSSSCG00000006893,23.9017734840051,10.4691710625529
ENSSSCG00000006894,97.7365914200024,108.668635996694
ENSSSCG00000052762,0.477301160202867,0.849770378453969
ENSSSCG00000059490,7.60010308938411,6.18632835514489
ENSSSCG00000058491,1.10146421585277,0.781788748177651
ENSSSCG00000051612,0.844455898820457,0.917752008730286
ENSSSCG00000006890,7.89382688027818,0.645825487625016
ENSSSCG00000052405,0.330439264755831,1.66554994176978
ENSSSCG00000006192,24.4157901180697,18.9328840319544
ENSSSCG00000006193,228.663971211035,107.478957466858
ENSSSCG00000006194,34.4391144823299,48.1989758659091
ENSSSCG00000006197,14.0620264890537,8.29375889371074
ENSSSCG00000061520,0.183577369308795,0.713807117901334
ENSSSCG00000036964,90.1364883306183,151.802980407017
ENSSSCG00000035933,289.795235190864,474.239852807591
ENSSSCG00000037038,0.36715473861759,1.93747646287505
ENSSSCG00000039679,21.0379665227879,32.971090684014
ENSSSCG00000031698,67.2627481147425,45.6836555456854
ENSSSCG00000032763,38.2942392378146,42.4545281075603
ENSSSCG00000040119,7.19623287690476,8.36174052398705
ENSSSCG00000006954,227.342214152012,212.952456840565
ENSSSCG00000055397,44.8663090590695,39.5313180056786
ENSSSCG00000006948,3.92855570320821,1.66554994176978
ENSSSCG00000006955,13.1441396425097,10.0952720960331
ENSSSCG00000006956,30.8409980438775,34.6366406257838
ENSSSCG00000006957,39.6159962968379,44.3920045704353
ENSSSCG00000006958,23.1307485329082,43.9841147887774
ENSSSCG00000006959,12.8504158516156,25.9349919504151
ENSSSCG00000039881,25.4805388600607,26.1049460261059
ENSSSCG00000034689,0.991317794267492,0.509862227072381
ENSSSCG00000032483,25.0399531737196,33.1410447597048
ENSSSCG00000038121,0.587447581788144,0.713807117901334
ENSSSCG00000006609,0.881171372682216,0.917752008730286
ENSSSCG00000006610,205.239498887233,110.300195123325
ENSSSCG00000006612,96.0109641484997,133.074041265892
ENSSSCG00000057672,1.65219632377915,0.509862227072381
ENSSSCG00000006614,21.1113974705114,8.25976807857258
ENSSSCG00000021540,5.98462223946671,3.19513662298692
ENSSSCG00000026427,31.7221694165598,32.6991641629087
ENSSSCG00000026259,0.807740424958698,0.475871411934223
ENSSSCG00000027770,9.06872204385447,11.0810057350398
ENSSSCG00000027091,13.8417336458831,4.75871411934223
ENSSSCG00000028343,37.78022260375,40.6530149052379
ENSSSCG00000006543,89.0717395886273,90.4155682675023
ENSSSCG00000006544,73.1372239326239,84.8070837697061
ENSSSCG00000006546,4.77301160202867,5.54050286751988
ENSSSCG00000006547,9.3991613086103,13.5283444249872
ENSSSCG00000027628,10.9779266846659,7.24004362442781
ENSSSCG00000006550,61.8288579832021,43.4062709314287
ENSSSCG00000006551,1.35847253288508,1.69954075690794
ENSSSCG00000006552,24.7462293828256,25.255175647652
ENSSSCG00000040143,0.220292843170554,0.407889781657905
ENSSSCG00000006727,17.513281032059,31.2375591119679
ENSSSCG00000006728,11.4919433187306,14.0382066520596
ENSSSCG00000006729,44.4624388465901,96.1940068409893
ENSSSCG00000006726,162.355825416698,129.572987306661
ENSSSCG00000052385,0.807740424958698,1.25766016011187
ENSSSCG00000044784,32.4197634199332,25.4931113536191
ENSSSCG00000040535,21.331690313682,12.4066475254279
ENSSSCG00000031724,67.336179062466,156.425731265807
ENSSSCG00000036119,4.40585686341108,7.54596096067124
ENSSSCG00000032063,0.587447581788144,0.883761193592128
ENSSSCG00000037975,11.4552278448688,10.6051343231055
ENSSSCG00000053879,0.477301160202867,0.917752008730286
ENSSSCG00000033726,0.36715473861759,0.679816302763175
ENSSSCG00000035891,0.624163055649903,0.883761193592128
ENSSSCG00000055759,11.3817968971453,19.8506360406847
ENSSSCG00000036022,15.6040763912476,7.54596096067124
ENSSSCG00000031957,18.9451845126676,1.90348564773689
ENSSSCG00000006049,5.32374370995505,5.74444775834883
ENSSSCG00000006052,36.4217500708649,26.988707219698
ENSSSCG00000059124,0.514016634064626,0.407889781657905
ENSSSCG00000006054,39.2855570320821,34.2287508441259
ENSSSCG00000023873,192.352367561755,149.287660086793
ENSSSCG00000006048,31.6120229949745,26.546826622902
ENSSSCG00000006250,17.7335738752296,17.1653616447702
ENSSSCG00000006251,23.1307485329082,21.3122410916255
ENSSSCG00000006252,50.3001991906098,41.4687944685537
ENSSSCG00000054199,0.514016634064626,0.713807117901334
ENSSSCG00000006746,24.8563758044108,26.342881732073
ENSSSCG00000061647,36.2381727015561,22.70586451229
ENSSSCG00000058723,34.4391144823299,75.5955728672651
ENSSSCG00000006453,29.7395338280248,23.1817359242243
ENSSSCG00000034883,21.0012510489261,29.7759540610271
ENSSSCG00000006827,10.2803326812925,12.5086199708424
ENSSSCG00000006828,29.8863957234718,33.3789804656719
ENSSSCG00000006829,2.45993674873785,3.60302640464483
ENSSSCG00000006830,48.8682957100012,40.2111343084418
ENSSSCG00000006831,144.879259858501,107.376985021444
ENSSSCG00000006834,0.257008317032313,1.01972445414476
ENSSSCG00000036975,3.23096169983479,3.2971090684014
ENSSSCG00000006835,114.111692762347,74.7458024888111
ENSSSCG00000006836,105.520271878695,20.9383421251058
ENSSSCG00000033292,43.0672508398433,38.9194833331918
ENSSSCG00000037816,72.5497763508357,52.0739287916592
ENSSSCG00000020842,54.1186084722327,49.8305349925407
ENSSSCG00000034360,154.425283062558,108.940562517799
ENSSSCG00000018682,0.844455898820457,1.29165097525003
ENSSSCG00000057502,0.110146421585277,5.74444775834883
ENSSSCG00000012724,10.7576338414954,1.08770608442108
ENSSSCG00000030460,29.9231111973336,28.2123765646718
ENSSSCG00000012703,184.715548998509,206.494201964314
ENSSSCG00000012727,74.6792738348178,62.3731457785213
ENSSSCG00000012712,3.37782359528183,6.11834672486858
ENSSSCG00000012730,19.7162094637646,13.8002709460925
ENSSSCG00000022331,21.0012510489261,4.69073248906591
ENSSSCG00000060354,83.013686401437,85.214973551364
ENSSSCG00000041704,0.477301160202867,0.645825487625016
ENSSSCG00000060492,0.660878529511662,0.0679816302763175
ENSSSCG00000062625,0.587447581788144,2.75325602619086
ENSSSCG00000053448,0.293723790894072,1.42761423580267
ENSSSCG00000056899,0.514016634064626,1.12169689955924
ENSSSCG00000062680,1.39518800674684,0.203944890828953
ENSSSCG00000061970,0.440585686341108,0.203944890828953
ENSSSCG00000060015,4.4792878111346,9.78935475978972
ENSSSCG00000022372,0.36715473861759,0.441880596796064
ENSSSCG00000012637,49.4924587656511,45.5476922851327
ENSSSCG00000035488,24.8563758044108,27.9064592284283
ENSSSCG00000012634,5.25031276223153,4.69073248906591
ENSSSCG00000012633,76.9556332142468,78.5187829691467
ENSSSCG00000012587,3.08409980438775,1.25766016011187
ENSSSCG00000012589,1.4319034806086,3.50105395923035
ENSSSCG00000012590,3.30439264755831,2.17541216884216
ENSSSCG00000012631,49.198734974757,60.9455315427186
ENSSSCG00000040820,13.9151645936067,65.8741997377517
ENSSSCG00000012625,225.249432141891,429.168031934392
ENSSSCG00000012627,1.68891179764091,4.31683352254616
ENSSSCG00000012624,19.0920464081147,23.0117818485335
ENSSSCG00000012623,95.9008177269145,73.8960321103571
ENSSSCG00000012621,78.3875366948554,78.4847921540086
ENSSSCG00000012622,16.2649549207592,15.0579311062043
ENSSSCG00000012620,7.85711140641642,8.56568541481601
ENSSSCG00000012619,18.6881761956353,17.981141208086
ENSSSCG00000030849,332.495331292089,217.949106665874
ENSSSCG00000012617,45.2701792715488,50.8842502618237
ENSSSCG00000032973,10.6107719460483,10.5711435079674
ENSSSCG00000053432,30.3636968836747,34.1267783987114
ENSSSCG00000047468,61.6452806138933,52.9576899852513
ENSSSCG00000012613,31.2448682563569,27.5665510770467
ENSSSCG00000012608,25.443823386199,29.3680642793692
ENSSSCG00000012607,2.42322127487609,2.92321010188165
ENSSSCG00000012638,9.47259225633382,4.282842707408
ENSSSCG00000012639,73.3575167757944,83.5834144247324
ENSSSCG00000012591,94.3220523508588,80.3202961714691
ENSSSCG00000012593,0.36715473861759,1.39362342066451
ENSSSCG00000012594,0.514016634064626,1.1556877146974
ENSSSCG00000012595,29.9231111973336,19.1028381076452
ENSSSCG00000012597,245.663235609029,78.3488288934559
ENSSSCG00000012600,56.4683987993853,0.747797933039493
ENSSSCG00000062552,2.27635937942906,0.339908151381588
ENSSSCG00000012618,1.28504158516156,1.63155912663162
ENSSSCG00000055276,44.6093007420372,54.6232399270211
ENSSSCG00000056185,1.6154808499174,3.60302640464483
ENSSSCG00000058720,3.78169380776118,7.40999770011861
ENSSSCG00000047289,2.20292843170554,1.80151320232241
ENSSSCG00000049849,0.954602320405733,1.1556877146974
ENSSSCG00000049494,3.41453906914359,4.07889781657905
ENSSSCG00000012746,79.2687080675376,80.6602043228507
ENSSSCG00000052277,0.954602320405733,1.39362342066451
ENSSSCG00000012757,389.220738408507,308.398665748514
ENSSSCG00000012758,45.3436102192723,37.4918690973891
ENSSSCG00000012741,16.8891179764091,32.2232927509745
ENSSSCG00000026254,1.98263558853498,1.01972445414476
ENSSSCG00000029615,33.8516669005418,28.4503122706389
ENSSSCG00000012742,22.5800164249818,36.404163012968
ENSSSCG00000012743,39.3222725059439,55.5749827508896
ENSSSCG00000012744,30.5105587791217,29.4700367247836
ENSSSCG00000035908,22.9838866374611,12.7805464919477
ENSSSCG00000012824,1.94592011467323,1.39362342066451
ENSSSCG00000012823,31.0980063609099,38.103703769876
ENSSSCG00000029656,0.477301160202867,0.54385304221054
ENSSSCG00000028908,39.7995736661467,47.8250768993894
ENSSSCG00000012233,0.807740424958698,3.26311825326324
ENSSSCG00000012234,36.2014572276944,44.9018667975077
ENSSSCG00000012822,43.9117067386637,85.6228633330219
ENSSSCG00000025708,1.50533442833212,0.135963260552635
ENSSSCG00000012235,68.3274968567335,66.1801170739951
ENSSSCG00000012238,42.1126485194375,25.2211848325138
ENSSSCG00000025447,49.1253040270335,84.5011664334627
ENSSSCG00000024132,1.46861895447036,3.90894374088826
ENSSSCG00000021846,21.9191378954701,21.8900849489742
ENSSSCG00000012258,45.6373340101664,33.3109988353956
ENSSSCG00000012262,40.680745038829,47.3492054874551
ENSSSCG00000012219,4.25899496796404,3.2971090684014
ENSSSCG00000030800,2.82709148735544,1.93747646287505
ENSSSCG00000027777,28.7115005598955,44.6639310915406
ENSSSCG00000050495,1.06474874199101,1.01972445414476
ENSSSCG00000037269,2.57008317032313,0.747797933039493
ENSSSCG00000031868,18.0640131399854,31.7474213390403
ENSSSCG00000036246,4.4792878111346,4.18087026199353
ENSSSCG00000012731,162.172248047389,132.73413311451
ENSSSCG00000040446,1.13817968971453,1.5635774963553
ENSSSCG00000012739,17.2562727150267,17.0293983842175
ENSSSCG00000037995,3.37782359528183,3.60302640464483
ENSSSCG00000012251,113.157090441941,119.239779504661
ENSSSCG00000012252,174.91251747742,187.18741896584
ENSSSCG00000021460,1.06474874199101,0.577843857348699
ENSSSCG00000012253,43.5078365261844,33.7188886170535
ENSSSCG00000022309,2.79037601349368,2.00545809315137
ENSSSCG00000012257,92.4862786577709,176.956183609254
ENSSSCG00000023215,40.6440295649672,64.24264061112
ENSSSCG00000026984,5.50732107926385,3.33109988353956
ENSSSCG00000012241,23.7916270624198,33.0730631294285
ENSSSCG00000012817,34.7695537470858,42.6924638135274
ENSSSCG00000012223,0.587447581788144,0.27192652110527
ENSSSCG00000062015,6.24163055649903,7.61394259094756
ENSSSCG00000012816,7.60010308938411,12.4746291557043
ENSSSCG00000012813,19.349054725147,19.918617670961
ENSSSCG00000049603,0.073430947723518,0.441880596796064
ENSSSCG00000012812,0.330439264755831,0.577843857348699
ENSSSCG00000012811,41.9290711501288,34.6706314409219
ENSSSCG00000047540,0.660878529511662,0.305917336243429
ENSSSCG00000024233,0.954602320405733,0.849770378453969
ENSSSCG00000039998,10.0967553119837,5.94839264917778
ENSSSCG00000038442,33.3743657403389,32.8351274234614
ENSSSCG00000034345,0.587447581788144,0.203944890828953
ENSSSCG00000012753,1.94592011467323,0.951742823868445
ENSSSCG00000054901,5.83776034401968,2.54931113536191
ENSSSCG00000057979,0.293723790894072,2.27738461425664
ENSSSCG00000053830,1.54204990219388,2.99119173215797
ENSSSCG00000052859,0.220292843170554,1.5635774963553
ENSSSCG00000054215,1.06474874199101,1.49559586607899
ENSSSCG00000063391,1.21161063743805,0.713807117901334
ENSSSCG00000062936,0.587447581788144,0.203944890828953
ENSSSCG00000063356,0.220292843170554,0.611834672486858
ENSSSCG00000012386,11.5653742664541,16.2476096360399
ENSSSCG00000021647,8.70156730523688,3.84096211061194
ENSSSCG00000012382,104.235230293534,79.640479868706
ENSSSCG00000032728,42.0759330455758,42.82842707408
ENSSSCG00000012379,0.110146421585277,0.407889781657905
ENSSSCG00000045787,0.146861895447036,0.54385304221054
ENSSSCG00000012378,32.2729015244861,30.82966933031
ENSSSCG00000012377,5.25031276223153,1.66554994176978
ENSSSCG00000012376,0.991317794267492,0.577843857348699
ENSSSCG00000012375,19.1654773558382,18.2530677291913
ENSSSCG00000012363,5.69089844857264,7.44398851525677
ENSSSCG00000012371,35.6874405936297,19.0008656622307
ENSSSCG00000022676,19.0553309342529,19.272792183336
ENSSSCG00000028336,127.035539561686,105.40551774343
ENSSSCG00000012828,8.44455898820457,6.45825487625016
ENSSSCG00000012394,31.538592047251,41.6047577291063
ENSSSCG00000024163,75.9275999461176,89.0899264771141
ENSSSCG00000029771,5.98462223946671,8.12380481801994
ENSSSCG00000031033,3.81840928162293,2.44733868994743
ENSSSCG00000012474,21.5886986307143,34.6706314409219
ENSSSCG00000040194,0.954602320405733,0.951742823868445
ENSSSCG00000012504,14.319034806086,15.3978392575859
ENSSSCG00000053872,0,0.54385304221054
ENSSSCG00000023245,290.823268458993,241.844649708
ENSSSCG00000022209,7.26966382462828,13.9022433915069
ENSSSCG00000012392,0.771024951096939,0.951742823868445
ENSSSCG00000027115,96.0476796223615,127.601520028648
ENSSSCG00000012403,302.572220094756,386.543549751141
ENSSSCG00000012402,0.293723790894072,0.407889781657905
ENSSSCG00000012408,7.63681856324587,19.3747646287505
ENSSSCG00000024463,61.2046949275522,40.2111343084418
ENSSSCG00000035170,5.69089844857264,2.68527439591454
ENSSSCG00000012361,7.7836804586929,12.202702634599
ENSSSCG00000023862,5.28702823609329,5.30256716155277
ENSSSCG00000027657,21.6621295784378,15.9756831149346
ENSSSCG00000012367,3.01066885666424,2.61729276563822
ENSSSCG00000012366,50.6306384553656,48.0970034204946
ENSSSCG00000012365,159.602164877066,135.827297292082
ENSSSCG00000023312,24.8930912782726,21.5841676127308
ENSSSCG00000021834,0.954602320405733,0.577843857348699
ENSSSCG00000012405,1565.58452093926,1090.49333126241
ENSSSCG00000012409,45.9310578010605,23.7255889664348
ENSSSCG00000021200,16.9258334502709,12.7465556768095
ENSSSCG00000012411,37.7067916560265,27.2946245559415
ENSSSCG00000031849,3.4879700168671,1.90348564773689
ENSSSCG00000012416,17.3297036627502,14.5820596942701
ENSSSCG00000029458,68.400927804457,76.4113524305809
ENSSSCG00000028538,27.2795970792869,30.0478805821323
ENSSSCG00000012424,21.7722760000231,17.2673340901846
ENSSSCG00000012425,22.9838866374611,15.6697657786912
ENSSSCG00000012426,5.25031276223153,3.50105395923035
ENSSSCG00000020876,7.37981024621356,23.0457726636716
ENSSSCG00000032167,1.24832611129981,0.679816302763175
ENSSSCG00000012415,5.47060560540209,3.22912743812508
ENSSSCG00000012427,124.098301652745,57.2405326926593
ENSSSCG00000062125,1.24832611129981,0.135963260552635
ENSSSCG00000059965,35.4304322765974,20.3604982677571
ENSSSCG00000060094,11.3450814232835,4.07889781657905
ENSSSCG00000062240,0.660878529511662,0.54385304221054
ENSSSCG00000053982,0.954602320405733,0.849770378453969
ENSSSCG00000057542,1.17489516357629,1.39362342066451
ENSSSCG00000061597,15.3470680742153,22.3319655457703
ENSSSCG00000060560,1.68891179764091,2.24339379911848
ENSSSCG00000043604,7.159517403043,10.8090792139345
ENSSSCG00000042069,0.220292843170554,0.54385304221054
ENSSSCG00000058565,1.90920464081147,2.48132950508559
ENSSSCG00000056527,4.95658897133746,6.0163742794541
ENSSSCG00000047910,14.2456038583625,13.8342617612306
ENSSSCG00000057763,1.98263558853498,2.75325602619086
ENSSSCG00000019255,0.477301160202867,0.203944890828953
ENSSSCG00000018359,0.183577369308795,0.645825487625016
ENSSSCG00000012102,2.64351411804665,3.46706314409219
ENSSSCG00000012114,76.4416165801822,58.226266331666
ENSSSCG00000038044,8.18755067117225,9.38146497813181
ENSSSCG00000058492,96.6718426780114,77.091168733344
ENSSSCG00000022129,14.5760431231183,14.2421515428885
ENSSSCG00000025086,0.477301160202867,1.7335315720461
ENSSSCG00000012832,6.90250908601069,7.13807117901334
ENSSSCG00000038963,17.9538667184001,32.3932468266653
ENSSSCG00000024809,12.9238467993392,8.87160275105943
ENSSSCG00000012110,17.366419136612,11.0470149199016
ENSSSCG00000034487,18.284305983156,14.7860045850991
ENSSSCG00000012271,146.641602603865,162.917976957195
ENSSSCG00000012111,49.4557432917893,36.7100803492115
ENSSSCG00000012278,108.347363366051,116.214596957365
ENSSSCG00000012112,4.58943423271987,2.78724684132902
ENSSSCG00000055891,60.9109711366581,31.679439708764
ENSSSCG00000012108,46.0779196965075,44.324022940159
ENSSSCG00000021328,19.3123392512852,27.7704959678757
ENSSSCG00000022647,32.3096169983479,28.4163214555007
ENSSSCG00000025264,34.879700168671,40.687005720376
ENSSSCG00000026271,0.440585686341108,0.81577956331581
ENSSSCG00000024841,76.3314701585969,36.5061354583825
ENSSSCG00000023172,2.68022959190841,1.93747646287505
ENSSSCG00000028964,61.9022889309256,58.1582847013896
ENSSSCG00000026520,0.807740424958698,0.27192652110527
ENSSSCG00000021934,145.576853861874,145.1067898248
ENSSSCG00000028284,9.36244583474854,2.37935705967111
ENSSSCG00000030877,4.22227949410228,3.67100803492115
ENSSSCG00000021106,58.2674570186115,45.8876004365143
ENSSSCG00000012117,1.28504158516156,0.985733639006604
ENSSSCG00000012118,0.146861895447036,0.407889781657905
ENSSSCG00000012119,1177.94254790681,1475.67724840802
ENSSSCG00000012104,5.25031276223153,5.09862227072381
ENSSSCG00000012264,32.0893241551774,39.395354745126
ENSSSCG00000036036,1.79905821922619,4.01091618630273
ENSSSCG00000053604,0.073430947723518,0.679816302763175
ENSSSCG00000012265,15.9712311298652,3.8749529257501
ENSSSCG00000012266,27.4631744485957,33.2090263899811
ENSSSCG00000062070,4.58943423271987,11.0130241047634
ENSSSCG00000027701,21.5886986307143,36.9140252400404
ENSSSCG00000052410,0.330439264755831,0.747797933039493
ENSSSCG00000051231,0.697594003373421,0.27192652110527
ENSSSCG00000044694,2.60679864418489,6.45825487625016
ENSSSCG00000012267,50.3736301383333,123.522622212069
ENSSSCG00000022390,5.94790676560496,17.6412330567044
ENSSSCG00000057105,23.2776104283552,22.1960022852177
ENSSSCG00000062736,0.146861895447036,0.577843857348699
ENSSSCG00000021591,101.958870914105,70.021079184607
ENSSSCG00000012318,569.493715069744,222.163967743006
ENSSSCG00000012283,2.12949748398202,3.33109988353956
ENSSSCG00000012284,13.254286064095,17.2333432750465
ENSSSCG00000012286,3.23096169983479,3.94293455602642
ENSSSCG00000025981,9.76631604722789,9.99329965061867
ENSSSCG00000025599,38.4043856593999,32.3592560115271
ENSSSCG00000024793,10.6107719460483,10.2652261717239
ENSSSCG00000032768,38.3676701855381,29.3680642793692
ENSSSCG00000024958,24.4892210657932,10.6391251382437
ENSSSCG00000040599,15.7142228128328,14.0042158369214
ENSSSCG00000012324,48.7214338145542,60.9795223578568
ENSSSCG00000012325,116.204474772467,115.364826578911
ENSSSCG00000012448,32.897064580136,17.5732514264281
ENSSSCG00000032946,14.2088883845007,10.8770608442108
ENSSSCG00000012452,94.8360689849234,65.7722272923372
ENSSSCG00000031731,0.477301160202867,0.373898966519746
ENSSSCG00000012326,24.7095139089638,24.2694420086453
ENSSSCG00000012456,22.54330095112,7.27403443956597
ENSSSCG00000012327,46.4083589612634,58.9400734495673
ENSSSCG00000012328,248.527042570247,300.036925224527
ENSSSCG00000012329,28.6013541383102,40.041180232751
ENSSSCG00000035822,37.1193440742383,40.7549873506523
ENSSSCG00000012332,1.6154808499174,1.66554994176978
ENSSSCG00000012334,38.4043856593999,39.2254006694352
ENSSSCG00000012335,23.3877568499405,26.6148082531783
ENSSSCG00000012323,152.846517686503,132.088307626885
ENSSSCG00000023759,104.528954084428,113.461340931174
ENSSSCG00000036747,9.06872204385447,8.93958438133575
ENSSSCG00000032453,5.61746750084912,4.41880596796064
ENSSSCG00000012287,53.0905752041035,49.5925992865736
ENSSSCG00000012270,368.072625464134,347.012231745463
ENSSSCG00000038744,0.440585686341108,0.27192652110527
ENSSSCG00000039997,7.41652572007531,13.8002709460925
ENSSSCG00000012275,155.269738961379,191.980123900321
ENSSSCG00000012459,27.7936137133515,18.8988932168163
ENSSSCG00000012276,9.43587678247206,15.839719854382
ENSSSCG00000012277,287.22515202054,552.384736810218
ENSSSCG00000023546,0.477301160202867,0.781788748177651
ENSSSCG00000012336,46.8489446476045,48.164985050771
ENSSSCG00000021601,14.465896701533,26.2749001017967
ENSSSCG00000012290,56.6886916425559,47.2812238571788
ENSSSCG00000012462,1.83577369308795,3.56903558950667
ENSSSCG00000012291,27.4631744485957,21.9920573943887
ENSSSCG00000012463,38.698109450294,27.5665510770467
ENSSSCG00000012295,12.4832611129981,13.5963260552635
ENSSSCG00000036515,3.74497833389942,1.80151320232241
ENSSSCG00000012294,48.133986232766,61.6253478454818
ENSSSCG00000012293,18.3577369308795,19.5107278893031
ENSSSCG00000012292,1.4319034806086,1.83550401746057
ENSSSCG00000012298,3.78169380776118,1.29165097525003
ENSSSCG00000025156,10.9779266846659,16.0096739300728
ENSSSCG00000030577,33.2642193187536,31.1015958514153
ENSSSCG00000012434,47.069237490775,61.5233754000673
ENSSSCG00000012297,25.590685281646,21.7541216884216
ENSSSCG00000012300,2.31307485329082,2.82123765646718
ENSSSCG00000022584,3.19424622597303,4.38481515282248
ENSSSCG00000012435,173.517329470673,80.5582318774362
ENSSSCG00000032129,84.2620125127369,88.851990771147
ENSSSCG00000012322,170.286367770838,145.378716345905
ENSSSCG00000012437,18.9818999865294,19.3407738136123
ENSSSCG00000033770,4.07541759865525,2.82123765646718
ENSSSCG00000012440,194.518580519599,120.701384555602
ENSSSCG00000025545,48.133986232766,46.3634718484485
ENSSSCG00000026714,31.7221694165598,23.7255889664348
ENSSSCG00000039203,0.550732107926385,0.407889781657905
ENSSSCG00000042563,0.954602320405733,1.42761423580267
ENSSSCG00000012309,7.7836804586929,11.6588495923885
ENSSSCG00000012317,31.9424622597303,28.2803581949481
ENSSSCG00000023026,2.64351411804665,1.12169689955924
ENSSSCG00000062117,0.220292843170554,0.577843857348699
ENSSSCG00000059900,4.51600328499635,2.75325602619086
ENSSSCG00000012306,3.01066885666424,0.81577956331581
ENSSSCG00000012307,1.35847253288508,0.0679816302763175
ENSSSCG00000012494,14.6494740708418,11.9307761134937
ENSSSCG00000026742,0.881171372682216,0.611834672486858
ENSSSCG00000012308,2.12949748398202,2.34536624453295
ENSSSCG00000012288,24.8930912782726,25.051230756823
ENSSSCG00000039046,266.737917605679,170.871827699524
ENSSSCG00000012536,0.73430947723518,1.01972445414476
ENSSSCG00000032672,0.587447581788144,0.54385304221054
ENSSSCG00000012493,2.97395338280248,0.135963260552635
ENSSSCG00000012549,4.77301160202867,5.64247531293435
ENSSSCG00000012551,37.0826286003766,46.5334259241393
ENSSSCG00000022993,28.6013541383102,8.76963030564496
ENSSSCG00000033276,3.92855570320821,6.35628243083569
ENSSSCG00000037234,4.69958065430515,6.49224569138832
ENSSSCG00000036091,13.6214408027126,11.1829781804542
ENSSSCG00000012348,17.2562727150267,14.1061882823359
ENSSSCG00000012654,63.4810543069813,52.447827758179
ENSSSCG00000012347,0.403870212479349,0.883761193592128
ENSSSCG00000012512,13.8050181720214,29.3680642793692
ENSSSCG00000012530,5.69089844857264,7.54596096067124
ENSSSCG00000037228,29.0419398246514,24.9152674962704
ENSSSCG00000012556,16.7422560809621,23.5216440756059
ENSSSCG00000012352,2.49665222259961,2.99119173215797
ENSSSCG00000028062,0.771024951096939,1.32564179038819
ENSSSCG00000012514,0.587447581788144,0
ENSSSCG00000031196,1.32175705902332,2.51532032022375
ENSSSCG00000012557,8.44455898820457,13.9702250217832
ENSSSCG00000035264,42.8836734705345,46.7033799998301
ENSSSCG00000053162,1.50533442833212,3.19513662298692
ENSSSCG00000012558,31.1347218347716,25.4591205384809
ENSSSCG00000055308,1.65219632377915,0.849770378453969
ENSSSCG00000012560,30.4371278313982,22.3999471760466
ENSSSCG00000059044,0.624163055649903,2.07343972342768
ENSSSCG00000012643,1.21161063743805,2.24339379911848
ENSSSCG00000044675,1.54204990219388,2.41334787480927
ENSSSCG00000012655,11.2349350016982,16.3155912663162
ENSSSCG00000012656,22.8003092681523,16.2136188209017
ENSSSCG00000012657,61.0578330321052,38.0697129547378
ENSSSCG00000012362,20.8176736796173,24.3374236389217
ENSSSCG00000012490,6.86579361214893,1.86949483259873
ENSSSCG00000012491,4.11213307251701,2.65128358077638
ENSSSCG00000012492,21.6988450522996,1.39362342066451
ENSSSCG00000012658,0.73430947723518,0.135963260552635
ENSSSCG00000026301,60.9476866105199,41.2988403928629
ENSSSCG00000012676,4.62614970658163,6.96811710332254
ENSSSCG00000012644,3.6715473861759,6.0163742794541
ENSSSCG00000012269,113.9648308669,119.885604992286
ENSSSCG00000048443,0.587447581788144,0.781788748177651
ENSSSCG00000012651,3.01066885666424,1.59756831149346
ENSSSCG00000038423,21.2949748398202,19.3067829984742
ENSSSCG00000056417,64.1052173626312,53.6375062880145
ENSSSCG00000012273,77.3227879528644,149.457614162484
ENSSSCG00000034821,11.6020897403158,9.34747416299366
ENSSSCG00000038569,18.7248916694971,10.5371526928292
ENSSSCG00000012508,10.206901733569,5.54050286751988
ENSSSCG00000012652,3.047384330526,1.59756831149346
ENSSSCG00000012172,29.1153707723749,25.6630654293099
ENSSSCG00000040281,69.1352372816922,46.5334259241393
ENSSSCG00000012653,26.0679864418489,16.1796280057636
ENSSSCG00000012510,23.5713342192493,8.36174052398705
ENSSSCG00000012280,8.29769709275753,5.30256716155277
ENSSSCG00000012517,5.58075202698736,5.0306406404475
ENSSSCG00000012540,0.917886846543975,1.29165097525003
ENSSSCG00000012541,2.60679864418489,2.68527439591454
ENSSSCG00000012542,14.5026121753948,26.6827898834546
ENSSSCG00000039273,0.36715473861759,0.577843857348699
ENSSSCG00000026529,3.12081527824951,1.08770608442108
ENSSSCG00000012305,2.20292843170554,1.52958668121714
ENSSSCG00000012649,77.7633736392055,94.8003834203248
ENSSSCG00000012349,0.807740424958698,0.475871411934223
ENSSSCG00000012350,25.5172543339225,15.5677933332767
ENSSSCG00000041254,0.550732107926385,1.29165097525003
ENSSSCG00000043490,0.330439264755831,1.69954075690794
ENSSSCG00000036647,0.514016634064626,0.135963260552635
ENSSSCG00000060127,0.293723790894072,1.35963260552635
ENSSSCG00000059327,0.807740424958698,2.00545809315137
ENSSSCG00000022635,37.7435071298882,23.5216440756059
ENSSSCG00000061141,3.23096169983479,3.1271549927106
ENSSSCG00000012523,50.4103456121951,32.5632009023561
ENSSSCG00000044011,0,0.509862227072381
ENSSSCG00000012650,48.1707017066278,53.1956256912184
ENSSSCG00000048190,0.36715473861759,0.475871411934223
ENSSSCG00000062400,4.66286518044339,4.89467737989486
ENSSSCG00000056299,0.36715473861759,0.883761193592128
ENSSSCG00000012525,17.9538667184001,17.131370829632
ENSSSCG00000061079,1.57876537605564,2.99119173215797
ENSSSCG00000041898,0.477301160202867,1.29165097525003
ENSSSCG00000060434,0.807740424958698,0
ENSSSCG00000012527,18.3577369308795,4.79270493448038
ENSSSCG00000012528,54.9630643710532,45.615673915409
ENSSSCG00000039545,51.0712241417067,57.0365878018304
ENSSSCG00000012531,1.13817968971453,2.58330195050007
ENSSSCG00000012532,9.28901488702502,8.80362112078312
ENSSSCG00000012518,28.8583624553426,23.4876532604677
ENSSSCG00000012519,8.62813635751336,17.3693065355991
ENSSSCG00000012521,29.9965421450571,65.092410989574
ENSSSCG00000012520,33.4110812142007,45.173793318613
ENSSSCG00000021375,0.403870212479349,0.27192652110527
ENSSSCG00000012679,52.4664121484536,77.1591503636204
ENSSSCG00000012680,80.6271806004227,38.7835200726391
ENSSSCG00000031011,14.6861895447036,17.9471503929478
ENSSSCG00000022942,29.84968024961,29.2660918339547
ENSSSCG00000012535,0.330439264755831,0.747797933039493
ENSSSCG00000025028,90.1364883306183,112.917487888963
ENSSSCG00000012642,99.7192270085374,109.688360450838
ENSSSCG00000046055,0.146861895447036,0.747797933039493
ENSSSCG00000056590,3.26767717369655,1.59756831149346
ENSSSCG00000012564,6.79236266442541,6.39027324597385
ENSSSCG00000012173,505.718936971868,1708.58231373469
ENSSSCG00000059089,0.587447581788144,0.135963260552635
ENSSSCG00000033180,29.1153707723749,33.616916171639
ENSSSCG00000012174,14.4291812276713,14.8539862153754
ENSSSCG00000012569,10.6474874199101,7.03609873359886
ENSSSCG00000012133,0.550732107926385,0.713807117901334
ENSSSCG00000034896,44.9764554806547,36.4381538281062
ENSSSCG00000012134,32.2361860506244,39.6672812662313
ENSSSCG00000012685,22.5065854772583,23.4536624453295
ENSSSCG00000012571,155.747040121582,187.119437335564
ENSSSCG00000012121,2.8638069612172,0.339908151381588
ENSSSCG00000030908,3.01066885666424,5.20059471613829
ENSSSCG00000012686,56.064528586906,46.0915453273433
ENSSSCG00000012122,5.69089844857264,8.02183237260547
ENSSSCG00000012123,24.1220663271757,31.5434764482113
ENSSSCG00000025913,0.550732107926385,0.577843857348699
ENSSSCG00000012689,48.905011183863,33.6509069867772
ENSSSCG00000012572,210.19608785857,387.461301759872
ENSSSCG00000012124,23.6447651669728,29.0961377582639
ENSSSCG00000012691,16.448532290068,17.131370829632
ENSSSCG00000012125,18.9451845126676,13.7322893158161
ENSSSCG00000012695,25.9945554941254,26.1389368412441
ENSSSCG00000031027,1.02803326812925,0.203944890828953
ENSSSCG00000012126,22.9838866374611,34.3987049198167
ENSSSCG00000012581,23.3510413760787,17.981141208086
ENSSSCG00000025854,28.8583624553426,22.8758185879808
ENSSSCG00000012576,237.255392094687,496.163928571703
ENSSSCG00000025306,24.7829448566873,28.5522847160534
ENSSSCG00000012127,33.2275038448919,22.9438002182572
ENSSSCG00000012659,23.3510413760787,32.2572835661127
ENSSSCG00000012130,0.440585686341108,0.27192652110527
ENSSSCG00000012131,18.6147452479118,19.3067829984742
ENSSSCG00000012132,1.72562727150267,3.84096211061194
ENSSSCG00000012663,19.4224856728705,13.5623352401253
ENSSSCG00000012669,2.09278201012026,2.24339379911848
ENSSSCG00000012160,35.8710179629385,61.0475039881331
ENSSSCG00000012479,0.991317794267492,0.985733639006604
ENSSSCG00000012667,3.08409980438775,1.22366934497372
ENSSSCG00000012548,87.3828277909864,147.31619280878
ENSSSCG00000012583,47.1059529646368,36.1662273070009
ENSSSCG00000021205,5.25031276223153,12.0667393740464
ENSSSCG00000028695,1.13817968971453,1.01972445414476
ENSSSCG00000012487,3.23096169983479,2.88921928674349
ENSSSCG00000012489,11.8223825834864,9.41545579326997
ENSSSCG00000012481,49.8596135042687,15.1259127364806
ENSSSCG00000012482,7.48995666779883,0.0679816302763175
ENSSSCG00000012484,20.8911046273409,15.9756831149346
ENSSSCG00000012486,36.715473861759,30.9656325908626
ENSSSCG00000053526,0.477301160202867,0.101972445414476
ENSSSCG00000054921,0.257008317032313,0.339908151381588
ENSSSCG00000012545,0.220292843170554,0.339908151381588
ENSSSCG00000012546,2.09278201012026,1.69954075690794
ENSSSCG00000012547,17.1094108195797,19.2048105530597
ENSSSCG00000042962,0.220292843170554,0.81577956331581
ENSSSCG00000037670,29.555956458716,30.3198071032376
ENSSSCG00000062978,4.51600328499635,7.85187829691467
ENSSSCG00000061091,0.587447581788144,0.81577956331581
ENSSSCG00000052324,0.697594003373421,0.679816302763175
ENSSSCG00000042098,2.60679864418489,2.10743053856584
ENSSSCG00000061173,38.1840928162293,35.1465028528562
ENSSSCG00000057278,5.76432939629616,4.4527967830988
ENSSSCG00000037591,9.47259225633382,7.13807117901334
ENSSSCG00000027981,0.73430947723518,0.27192652110527
ENSSSCG00000012534,350.192189693457,265.196339707915
ENSSSCG00000061932,13.7683026981596,10.8430700290726
ENSSSCG00000047186,3.37782359528183,2.85522847160534
ENSSSCG00000042268,1.50533442833212,1.08770608442108
ENSSSCG00000051107,0.73430947723518,0.577843857348699
ENSSSCG00000056010,0.73430947723518,2.7192652110527
ENSSSCG00000044160,4.95658897133746,12.1687118194608
ENSSSCG00000046870,0.954602320405733,0.509862227072381
ENSSSCG00000041717,5.21359728836978,5.26857634641461
ENSSSCG00000030241,84.3354434604604,170.192011396761
ENSSSCG00000012566,5.9111912917432,5.13261308586197
ENSSSCG00000023334,24.8563758044108,24.9832491265467
ENSSSCG00000012161,1.50533442833212,1.5635774963553
ENSSSCG00000012175,0.403870212479349,0.81577956331581
ENSSSCG00000027652,29.1520862462366,226.276856374723
ENSSSCG00000029857,125.603636081077,97.7235935222064
ENSSSCG00000021322,68.1072040135629,118.254045865654
ENSSSCG00000031803,0.403870212479349,0.951742823868445
ENSSSCG00000030735,0.587447581788144,0.305917336243429
ENSSSCG00000012181,87.4195432648481,189.974665807169
ENSSSCG00000032223,141.060850576878,124.848264002457
ENSSSCG00000012182,9.32573036088678,8.22577726343442
ENSSSCG00000012163,94.9462154065087,62.3731457785213
ENSSSCG00000022240,10.6107719460483,10.5371526928292
ENSSSCG00000028148,89.1818860102126,116.11262451195
ENSSSCG00000012201,0.954602320405733,0.27192652110527
ENSSSCG00000012202,9.36244583474854,5.77843857348699
ENSSSCG00000012203,20.9645355750644,22.8418277728427
ENSSSCG00000052612,0.844455898820457,2.41334787480927
ENSSSCG00000012164,23.7549115885581,13.7322893158161
ENSSSCG00000032720,1.35847253288508,0
ENSSSCG00000012165,37.8903690253353,34.7726038863364
ENSSSCG00000012166,133.681040330664,69.6471802180873
ENSSSCG00000012171,231.89493291087,78.586764599423
ENSSSCG00000023643,85.9876397842395,80.6262135077126
ENSSSCG00000020735,0.477301160202867,1.97146727801321
ENSSSCG00000012135,1.68891179764091,8.3277497088489
ENSSSCG00000012136,10.4639100506013,8.08981400288178
ENSSSCG00000012137,9.17886846543974,7.81788748177651
ENSSSCG00000012138,1.02803326812925,0.951742823868445
ENSSSCG00000035893,5.83776034401968,7.0021079184607
ENSSSCG00000054041,0.330439264755831,0.577843857348699
ENSSSCG00000012141,5.28702823609329,1.80151320232241
ENSSSCG00000030283,9.80303152108965,11.7268312226648
ENSSSCG00000036074,16.2649549207592,15.1599035516188
ENSSSCG00000012144,0.477301160202867,0.645825487625016
ENSSSCG00000012146,25.7008317032313,20.9043513099676
ENSSSCG00000012147,0.954602320405733,0.135963260552635
ENSSSCG00000012148,154.572144958005,140.823947117392
ENSSSCG00000040713,13.9885955413302,17.6412330567044
ENSSSCG00000012149,413.820105895885,383.62033964926
ENSSSCG00000012150,39.7261427184232,26.4108633623493
ENSSSCG00000012151,15.530645443524,26.0369643958296
ENSSSCG00000012152,61.6085651400316,66.2480987042714
ENSSSCG00000012153,50.4470610860568,47.315214672317
ENSSSCG00000012155,7.9672578280017,8.53169459967785
ENSSSCG00000012156,21.331690313682,28.7562296068823
ENSSSCG00000030274,13.0707086947862,8.08981400288178
ENSSSCG00000012157,13.9885955413302,10.911051659349
ENSSSCG00000029756,0.587447581788144,0.237935705967111
ENSSSCG00000033979,1.50533442833212,0.985733639006604
ENSSSCG00000062873,0.293723790894072,0.577843857348699
ENSSSCG00000051458,0.257008317032313,0.407889781657905
ENSSSCG00000042020,0.514016634064626,0.54385304221054
ENSSSCG00000055725,1.32175705902332,1.05371526928292
ENSSSCG00000056011,1.35847253288508,2.95720091701981
ENSSSCG00000050474,9.72960057336613,11.7268312226648
ENSSSCG00000062351,0.624163055649903,2.00545809315137
ENSSSCG00000055294,0.36715473861759,0.747797933039493
ENSSSCG00000053215,0.954602320405733,0.849770378453969
ENSSSCG00000012759,23.7549115885581,50.8502594466855
ENSSSCG00000055934,1.39518800674684,3.46706314409219
ENSSSCG00000049239,3.15753075211127,4.79270493448038
ENSSSCG00000012768,3.23096169983479,4.24885189226984
ENSSSCG00000012767,22.1394307386407,20.9043513099676
ENSSSCG00000012766,93.220588135006,56.322780683929
ENSSSCG00000012771,76.8087713187998,55.9148909022711
ENSSSCG00000012769,2.68022959190841,9.1435292721647
ENSSSCG00000012770,14.0620264890537,16.1116463754873
ENSSSCG00000012773,18.7983226172206,26.7167806985928
ENSSSCG00000012772,222.826210867015,250.036436156296
ENSSSCG00000012779,26.50857212819,34.4326957349548
ENSSSCG00000012780,5.06673539292274,7.37600688498045
ENSSSCG00000024676,0.917886846543975,0.713807117901334
ENSSSCG00000012783,43.7648448432167,59.7898438280212
ENSSSCG00000012784,286.674419912614,136.813030931089
ENSSSCG00000012785,1.17489516357629,2.20940298398032
ENSSSCG00000012787,3.4879700168671,4.75871411934223
ENSSSCG00000012789,0.807740424958698,0.54385304221054
ENSSSCG00000012790,5.36045918381681,4.69073248906591
ENSSSCG00000012791,66.4917231636455,80.8981400288178
ENSSSCG00000012792,71.0811573963654,93.7466681510418
ENSSSCG00000012793,100.526967433496,98.9812536823183
ENSSSCG00000050581,4.80972707589043,5.91440183403962
ENSSSCG00000012795,32.1260396290391,42.0126475107642
ENSSSCG00000059337,3.37782359528183,4.35082433768432
ENSSSCG00000034742,21.7722760000231,22.8078369577045
ENSSSCG00000012604,386.063207656396,267.031843725375
ENSSSCG00000029478,96.4148343609791,122.774824279029
ENSSSCG00000030833,1.87248916694971,2.51532032022375
ENSSSCG00000012602,65.2801125262075,47.5871411934223
ENSSSCG00000044342,2.42322127487609,1.69954075690794
ENSSSCG00000012661,0.477301160202867,1.69954075690794
ENSSSCG00000032739,3.34110812142007,4.04490700144089
ENSSSCG00000054586,4.25899496796404,11.9647669286319
ENSSSCG00000012660,9.47259225633382,9.75536394465156
ENSSSCG00000045404,3.63483191231414,3.97692537116457
ENSSSCG00000051894,0.220292843170554,0.407889781657905
ENSSSCG00000037777,61.8288579832021,71.07479445389
ENSSSCG00000033299,3752.13785130246,3784.87726563398
ENSSSCG00000052976,0.403870212479349,0.373898966519746
ENSSSCG00000035997,1790.20979002551,955.073923751985
ENSSSCG00000037470,1.4319034806086,1.18967852983556
ENSSSCG00000037032,36.9357667049295,16.3495820814544
ENSSSCG00000039655,44.4991543204519,48.4709023870144
ENSSSCG00000044922,7.01265550759596,7.07008954873702
ENSSSCG00000037310,138.490767406555,113.053451149516
ENSSSCG00000030421,318.837175015515,297.827522240547
ENSSSCG00000025303,63.6279162024283,60.8775499124423
ENSSSCG00000023483,48.905011183863,82.0878185586534
ENSSSCG00000032959,10.9779266846659,12.6105924162569
ENSSSCG00000057536,32.3096169983479,33.4469620959482
ENSSSCG00000025766,34.5125454300534,36.2681997524154
ENSSSCG00000028934,47.1793839123603,51.7340206402776
ENSSSCG00000025108,84.7760291468015,54.4872766664685
ENSSSCG00000012825,67.336179062466,68.525483318528
ENSSSCG00000051609,0.073430947723518,0.441880596796064
ENSSSCG00000043749,33.0072110017213,38.1376945850141
ENSSSCG00000012247,195.987199474069,128.247345516273
ENSSSCG00000012249,65.6472672648251,52.1079196067974
ENSSSCG00000012250,61.5718496661698,50.102461513646
ENSSSCG00000012713,17.513281032059,23.555634890744
ENSSSCG00000012400,56.064528586906,40.890950611205
ENSSSCG00000012399,45.9677732749222,53.9434236242579
ENSSSCG00000012397,3.89184022934645,2.141421353704
ENSSSCG00000012396,120.426754266569,98.8452904217657
ENSSSCG00000027465,5.1034508667845,10.7750883987963
ENSSSCG00000012698,30.2168349882276,39.5313180056786
ENSSSCG00000012699,326.914579265102,168.458479824715
ENSSSCG00000023062,64.1419328364929,62.95098963587
ENSSSCG00000012584,28.8216469814808,9.85733639006604
ENSSSCG00000060482,11.0513576323895,8.70164867536864
ENSSSCG00000012585,3.6715473861759,2.7192652110527
ENSSSCG00000047465,0.146861895447036,0.747797933039493
ENSSSCG00000012586,55.7708047960119,112.373634846753
ENSSSCG00000002429,16.3383858684827,19.8506360406847
ENSSSCG00000002430,12.189537322104,14.0382066520596
ENSSSCG00000002431,15.6407918651093,14.5140780639938
ENSSSCG00000002432,6.64550076897838,1.46160505094083
ENSSSCG00000002433,79.1952771198141,64.9224569138832
ENSSSCG00000002434,18.5413143001883,25.8330195050007
ENSSSCG00000025768,1296.2398046894,1528.09108535106
ENSSSCG00000040166,103.831360081054,34.8065947014746
ENSSSCG00000040638,21.9191378954701,3.97692537116457
ENSSSCG00000002410,20.3403725194145,20.8023788645532
ENSSSCG00000002411,29.9598266711953,33.7528794321916
ENSSSCG00000002412,16.448532290068,21.7201308732834
ENSSSCG00000002414,159.785742246375,66.4860344102385
ENSSSCG00000037928,0.550732107926385,0.27192652110527
ENSSSCG00000027865,34.4391144823299,15.0239402910662
ENSSSCG00000002424,17.3297036627502,17.131370829632
ENSSSCG00000002425,61.4617032445845,48.8448013535341
ENSSSCG00000002426,87.5664051602952,110.776066535259
ENSSSCG00000002427,3.4879700168671,5.13261308586197
ENSSSCG00000002428,54.9263488971914,53.8754419939816
ENSSSCG00000052660,3.89184022934645,3.1271549927106
ENSSSCG00000021146,0.917886846543975,0.339908151381588
ENSSSCG00000057582,0.587447581788144,2.20940298398032
ENSSSCG00000062510,13.7315872242979,21.8900849489742
ENSSSCG00000055313,1.90920464081147,0.441880596796064
ENSSSCG00000051310,0.954602320405733,3.05917336243429
ENSSSCG00000045310,1.50533442833212,2.78724684132902
ENSSSCG00000001061,27.5366053963192,24.405405269198
ENSSSCG00000001062,10.9412112108042,5.8464202037633
ENSSSCG00000038455,22.8370247420141,7.44398851525677
ENSSSCG00000001068,58.5244653356438,51.7340206402776
ENSSSCG00000001067,14.2088883845007,18.1171044686386
ENSSSCG00000001063,27.7568982394898,53.3995705820474
ENSSSCG00000001064,30.9511444654628,43.474252561705
ENSSSCG00000001065,18.284305983156,33.0390723142903
ENSSSCG00000054763,9.58273867791909,7.98784155746731
ENSSSCG00000038290,1.90920464081147,1.39362342066451
ENSSSCG00000021576,6.20491508263727,4.04490700144089
ENSSSCG00000046603,2.31307485329082,0.169954075690794
ENSSSCG00000001070,52.8335668870712,54.5552582967448
ENSSSCG00000026034,59.8095069208054,61.7273202908963
ENSSSCG00000020858,79.52571638457,63.2229161569753
ENSSSCG00000001073,3.92855570320821,6.32229161569753
ENSSSCG00000001074,21.9558533693319,27.4645786316323
ENSSSCG00000001075,137.499449612287,127.329593507543
ENSSSCG00000001076,40.0932974570408,36.3701721978299
ENSSSCG00000024312,93.8080357167942,35.0105395923035
ENSSSCG00000001091,23.5713342192493,26.8527439591454
ENSSSCG00000001092,36.2748881754179,24.847285865994
ENSSSCG00000036411,30.9878599393246,31.5094856330732
ENSSSCG00000038752,315.38592047251,225.189150290302
ENSSSCG00000001095,60.6539628196258,37.3219150216983
ENSSSCG00000001097,33.4110812142007,17.4372881658754
ENSSSCG00000001099,5.21359728836978,5.81242938862515
ENSSSCG00000001100,84.6291672513544,82.6996532311402
ENSSSCG00000001090,39.5792808229762,29.4360459096455
ENSSSCG00000001078,12.1161063743805,22.3659563609085
ENSSSCG00000040178,4.95658897133746,4.89467737989486
ENSSSCG00000001080,12.1528218482422,9.48343742354629
ENSSSCG00000049691,0.697594003373421,1.32564179038819
ENSSSCG00000001085,19.4592011467323,32.3592560115271
ENSSSCG00000001087,32.3463324722097,35.1804936679943
ENSSSCG00000001089,8.95857562226919,14.9559586607899
ENSSSCG00000056309,16.448532290068,17.5392606112899
ENSSSCG00000057632,3.74497833389942,14.7520137699609
ENSSSCG00000001088,0.183577369308795,0.441880596796064
ENSSSCG00000001057,32.2361860506244,36.1662273070009
ENSSSCG00000060939,0.440585686341108,0.203944890828953
ENSSSCG00000047706,0.881171372682216,0.509862227072381
ENSSSCG00000042973,0.514016634064626,0.0679816302763175
ENSSSCG00000051868,0.36715473861759,3.63701721978299
ENSSSCG00000058123,0.991317794267492,7.10408036387518
ENSSSCG00000053187,0,0.747797933039493
ENSSSCG00000057138,0.220292843170554,0.679816302763175
ENSSSCG00000047883,2.42322127487609,1.86949483259873
ENSSSCG00000063452,0.330439264755831,1.29165097525003
ENSSSCG00000061649,50.4837765599186,15.3638484424478
ENSSSCG00000048623,0.257008317032313,0.339908151381588
ENSSSCG00000050667,1.35847253288508,2.20940298398032
ENSSSCG00000054652,8.70156730523688,11.3189414410069
ENSSSCG00000049507,5.83776034401968,11.1489873653161
ENSSSCG00000001760,3.37782359528183,2.92321010188165
ENSSSCG00000032498,22.8737402158758,26.546826622902
ENSSSCG00000001762,19.5693475683175,19.3407738136123
ENSSSCG00000027477,34.5125454300534,51.9039747159684
ENSSSCG00000001765,8.55470540978984,8.08981400288178
ENSSSCG00000001769,282.378709470788,205.440486695031
ENSSSCG00000001770,61.2781258752757,64.24264061112
ENSSSCG00000002628,48.0972707589043,55.9148909022711
ENSSSCG00000002629,111.651756013609,97.859556782759
ENSSSCG00000038491,5.39717465767857,4.31683352254616
ENSSSCG00000052947,26.7288649713605,14.0042158369214
ENSSSCG00000058308,5.7276139224344,10.4691710625529
ENSSSCG00000001732,26.3617102327429,27.7365051527375
ENSSSCG00000001731,11.3450814232835,11.0470149199016
ENSSSCG00000033245,0.146861895447036,0.509862227072381
ENSSSCG00000001746,6.49863887353134,14.4121056185793
ENSSSCG00000025488,9.54602320405733,6.0163742794541
ENSSSCG00000001750,132.506145167088,72.8423168410742
ENSSSCG00000002620,283.847328425259,221.008280028308
ENSSSCG00000038401,68.5110742260423,37.1179701308694
ENSSSCG00000002622,23.3877568499405,23.4196716301914
ENSSSCG00000025788,93.5510273997619,95.6841446139169
ENSSSCG00000001715,37.1560595481001,53.7054879182908
ENSSSCG00000001716,29.8863957234718,2.61729276563822
ENSSSCG00000001718,35.7608715413532,25.4931113536191
ENSSSCG00000001720,50.1533372951628,42.182601586455
ENSSSCG00000021218,0.73430947723518,0.407889781657905
ENSSSCG00000001723,283.333311791194,93.6446957056274
ENSSSCG00000032691,42.8469579966727,43.6102158222577
ENSSSCG00000001724,0.697594003373421,6.424264061112
ENSSSCG00000001727,11.8590980573482,17.131370829632
ENSSSCG00000030197,95.4602320405733,93.6446957056274
ENSSSCG00000001775,1.87248916694971,0.679816302763175
ENSSSCG00000001776,0.440585686341108,0.917752008730286
ENSSSCG00000038708,15.0166288094594,12.3726567102898
ENSSSCG00000040010,0.624163055649903,0.407889781657905
ENSSSCG00000001779,129.568907258147,115.262854133496
ENSSSCG00000001780,7.82039593255466,9.00756601161207
ENSSSCG00000040288,15.6407918651093,24.3034328237835
ENSSSCG00000001782,40.2768748263496,26.6827898834546
ENSSSCG00000038929,112.239203595397,43.8481515282248
ENSSSCG00000023467,17.9905821922619,24.9152674962704
ENSSSCG00000021587,142.713046900657,100.102950581878
ENSSSCG00000002627,55.7340893221501,62.7810355601792
ENSSSCG00000001786,98.3607544756523,103.366068835141
ENSSSCG00000001787,1.79905821922619,1.29165097525003
ENSSSCG00000001788,7.74696498483114,6.49224569138832
ENSSSCG00000001792,42.3329413626081,46.8393432603828
ENSSSCG00000031963,105.703849248004,94.3245120083905
ENSSSCG00000001773,103.831360081054,30.4557703637902
ENSSSCG00000024149,91.0176597033005,65.3983283258174
ENSSSCG00000047070,1.57876537605564,1.32564179038819
ENSSSCG00000001752,2.20292843170554,0.203944890828953
ENSSSCG00000001751,0.514016634064626,0.237935705967111
ENSSSCG00000036924,93.5510273997619,77.6010309604164
ENSSSCG00000001755,12.4465456391363,9.1435292721647
ENSSSCG00000001756,61.9757198786492,46.669389184692
ENSSSCG00000021873,1.10146421585277,12.8825189373622
ENSSSCG00000001757,43.1773972614286,30.7276968848955
ENSSSCG00000037646,205.716800047436,502.486220187401
ENSSSCG00000037209,24.0119199055904,13.2564179038819
ENSSSCG00000061697,2.34979032715257,1.22366934497372
ENSSSCG00000055942,0.954602320405733,1.97146727801321
ENSSSCG00000053818,0.697594003373421,0.237935705967111
ENSSSCG00000057483,0.587447581788144,0.747797933039493
ENSSSCG00000053129,0.587447581788144,0.339908151381588
ENSSSCG00000054574,1.94592011467323,1.39362342066451
ENSSSCG00000002623,5.9111912917432,6.66219976707912
ENSSSCG00000002140,0.991317794267492,0.645825487625016
ENSSSCG00000024396,10.206901733569,14.6160505094083
ENSSSCG00000058969,5.61746750084912,0.849770378453969
ENSSSCG00000002134,1.76234274536443,0.0679816302763175
ENSSSCG00000002135,39.0652641889116,31.6114580784876
ENSSSCG00000031649,9.65616962564261,3.19513662298692
ENSSSCG00000062585,0.587447581788144,0.203944890828953
ENSSSCG00000059608,62.2327281956815,148.403898893201
ENSSSCG00000001977,20.9278201012026,14.8539862153754
ENSSSCG00000022705,63.5912007285666,56.2208082385146
ENSSSCG00000059880,0.36715473861759,1.08770608442108
ENSSSCG00000001978,4.88315802361394,14.7860045850991
ENSSSCG00000057971,3.15753075211127,5.26857634641461
ENSSSCG00000057160,0.220292843170554,0.849770378453969
ENSSSCG00000001983,24.0853508533139,19.3407738136123
ENSSSCG00000001984,52.1359728836978,54.385304221054
ENSSSCG00000001985,0.807740424958698,0.577843857348699
ENSSSCG00000002269,79.0116997505053,64.4125946868108
ENSSSCG00000039616,18.3944524047412,34.2287508441259
ENSSSCG00000002268,12.8137003777539,10.5031618776911
ENSSSCG00000023724,28.7482160337573,33.1070539445666
ENSSSCG00000002275,44.4991543204519,41.6727393593826
ENSSSCG00000032647,0.477301160202867,0.747797933039493
ENSSSCG00000002276,115.323303399785,120.939320261569
ENSSSCG00000002277,2.09278201012026,2.75325602619086
ENSSSCG00000002254,105.189832613939,212.034704831834
ENSSSCG00000002257,9.32573036088678,8.12380481801994
ENSSSCG00000002267,54.228754893818,53.0596624306658
ENSSSCG00000002266,64.9129577875899,88.5460734349035
ENSSSCG00000002265,18.3210214570177,13.9702250217832
ENSSSCG00000039271,0.514016634064626,0.27192652110527
ENSSSCG00000032473,35.3937168027357,28.3823306403626
ENSSSCG00000002263,29.3356636155454,23.8275614118493
ENSSSCG00000051429,3.37782359528183,1.69954075690794
ENSSSCG00000002283,26.8022959190841,29.2321010188165
ENSSSCG00000001986,45.6740494840282,41.4348036534155
ENSSSCG00000002285,25.9945554941254,20.6664156040005
ENSSSCG00000002383,48.8315802361394,9.7213731295134
ENSSSCG00000001987,23.6447651669728,21.5501767975926
ENSSSCG00000001988,9.43587678247206,8.39573133912521
ENSSSCG00000002309,6.71893171670189,6.56022732166464
ENSSSCG00000002374,71.3381657133977,87.356394905068
ENSSSCG00000002375,3.63483191231414,1.08770608442108
ENSSSCG00000001989,1.90920464081147,0.849770378453969
ENSSSCG00000050616,29.702818354163,7.37600688498045
ENSSSCG00000002377,40.7174605126907,41.0609046868958
ENSSSCG00000001990,14.3924657538095,14.1061882823359
ENSSSCG00000001991,35.2835703811504,37.6618231730799
ENSSSCG00000002287,45.1600328499635,37.4918690973891
ENSSSCG00000038172,33.3009347926154,28.2803581949481
ENSSSCG00000040060,68.0704885397011,68.1175935368701
ENSSSCG00000002138,12.5199765868598,13.494353609849
ENSSSCG00000033278,75.3401523643294,54.4532858513303
ENSSSCG00000024445,35.9811643845238,37.0159976854549
ENSSSCG00000029203,71.5217430827065,60.8775499124423
ENSSSCG00000051291,3.63483191231414,4.55476922851327
ENSSSCG00000029544,42.6266651535022,36.6760895340733
ENSSSCG00000002378,17.7702893490913,24.2354511935072
ENSSSCG00000033295,38.8816868196028,33.3109988353956
ENSSSCG00000002379,21.9925688431936,18.7969207714018
ENSSSCG00000002290,5.98462223946671,2.82123765646718
ENSSSCG00000002380,46.8489446476045,47.5531503782841
ENSSSCG00000002127,123.474138597095,116.690468369299
ENSSSCG00000023791,19.4224856728705,8.66765786023048
ENSSSCG00000002381,135.369952128305,108.702626811832
ENSSSCG00000002292,21.1848284182349,20.3265074526189
ENSSSCG00000039351,6.42520792580782,5.57449368265804
ENSSSCG00000002311,52.2094038314213,59.6198897523305
ENSSSCG00000022900,67.4463254840512,73.3861698832848
ENSSSCG00000022147,94.3220523508588,84.1952490972192
ENSSSCG00000032583,117.819955622385,162.951967772333
ENSSSCG00000002129,1.76234274536443,2.41334787480927
ENSSSCG00000002279,235.052463662981,186.711547553906
ENSSSCG00000002313,12.5566920607216,21.7881125035598
ENSSSCG00000035684,766.802671602836,336.067189270976
ENSSSCG00000002280,197.67611127171,118.967852983556
ENSSSCG00000002388,0.587447581788144,0.0679816302763175
ENSSSCG00000002281,34.4391144823299,34.0927875835732
ENSSSCG00000002389,82.1325150287548,13.1544454584674
ENSSSCG00000037267,97.6264449984171,136.98298500678
ENSSSCG00000002390,32.4564788937949,18.8988932168163
ENSSSCG00000038947,278.523584715304,284.095232924731
ENSSSCG00000002392,65.6472672648251,41.8766842502116
ENSSSCG00000029760,118.517549625758,127.873446549753
ENSSSCG00000002262,42.8836734705345,44.0520964190537
ENSSSCG00000002260,1.13817968971453,3.19513662298692
ENSSSCG00000038313,71.742035925877,31.1015958514153
ENSSSCG00000002398,22.2128616863642,3.56903558950667
ENSSSCG00000002259,61.2046949275522,83.8553409458376
ENSSSCG00000023857,84.9596065161103,95.922080319884
ENSSSCG00000002258,1.10146421585277,4.58876004365143
ENSSSCG00000002399,8.15083519731049,1.76752238718426
ENSSSCG00000058514,27.0593042361164,30.9316417757245
ENSSSCG00000002329,6.86579361214893,2.88921928674349
ENSSSCG00000059583,0.36715473861759,1.83550401746057
ENSSSCG00000058085,1.46861895447036,3.60302640464483
ENSSSCG00000058138,0,0.509862227072381
ENSSSCG00000060237,0.146861895447036,0.407889781657905
ENSSSCG00000054734,2.20292843170554,2.27738461425664
ENSSSCG00000002330,43.2508282091521,42.4545281075603
ENSSSCG00000046098,0.330439264755831,0.747797933039493
ENSSSCG00000054347,3.45125454300534,6.25430998542121
ENSSSCG00000059232,0.440585686341108,0.373898966519746
ENSSSCG00000052563,0.514016634064626,0.441880596796064
ENSSSCG00000057233,0.110146421585277,0.441880596796064
ENSSSCG00000061469,2.12949748398202,3.53504477436851
ENSSSCG00000053970,2.31307485329082,3.80697129547378
ENSSSCG00000002332,65.4636898955163,42.8964087043563
ENSSSCG00000063413,0.220292843170554,0.713807117901334
ENSSSCG00000052641,21.7355605261613,12.5766016011187
ENSSSCG00000048983,6.60878529511662,4.48678759823696
ENSSSCG00000046975,0.146861895447036,0.407889781657905
ENSSSCG00000050687,11.0146421585277,19.3067829984742
ENSSSCG00000030309,218.163345686572,178.961641702406
ENSSSCG00000029754,6.64550076897838,2.78724684132902
ENSSSCG00000021718,43.1406817875668,36.404163012968
ENSSSCG00000002142,50.3369146644716,51.2241584132052
ENSSSCG00000002143,31.8690313120068,33.5829253565008
ENSSSCG00000002144,0.991317794267492,1.97146727801321
ENSSSCG00000002145,22.7268783204288,20.4964615283097
ENSSSCG00000002387,33.8883823744035,44.2560413098827
ENSSSCG00000002314,0.807740424958698,21.7541216884216
ENSSSCG00000002315,38.1106618685058,35.1804936679943
ENSSSCG00000002397,21.0012510489261,15.6017841484149
ENSSSCG00000002396,34.9531311163946,35.3844385588233
ENSSSCG00000036028,34.9898465902563,62.4751182239358
ENSSSCG00000002400,85.3267612547279,76.6152973214098
ENSSSCG00000030069,28.2341993996927,30.4897611789284
ENSSSCG00000002403,34.4758299561917,31.0336142211389
ENSSSCG00000002235,61.0211175582434,96.5339149923709
ENSSSCG00000001964,1.13817968971453,0.645825487625016
ENSSSCG00000002406,158.42726971349,199.254158339887
ENSSSCG00000002408,2.42322127487609,1.42761423580267
ENSSSCG00000054516,83.6745649309487,68.5934649488044
ENSSSCG00000002241,0.73430947723518,0.951742823868445
ENSSSCG00000002316,2.8638069612172,3.8749529257501
ENSSSCG00000036960,45.3803256931341,59.2459907858107
ENSSSCG00000031498,15.8978001821416,12.9844913827766
ENSSSCG00000049361,1.21161063743805,2.44733868994743
ENSSSCG00000002243,26.5452876020517,30.9656325908626
ENSSSCG00000060458,0.73430947723518,0.713807117901334
ENSSSCG00000026389,81.2513436560726,75.799517758094
ENSSSCG00000034753,44.6460162158989,36.7100803492115
ENSSSCG00000034290,8.81171372682216,9.68738231437525
ENSSSCG00000020701,4.9198734974757,2.92321010188165
ENSSSCG00000025906,14.5393276492566,22.3999471760466
ENSSSCG00000028167,14.8697669140124,13.4263719795727
ENSSSCG00000001955,62.0124353525109,47.0092973360736
ENSSSCG00000039550,7.67353403710763,8.02183237260547
ENSSSCG00000022932,71.9256132951858,72.2644729837255
ENSSSCG00000027667,130.082923892212,150.2733937258
ENSSSCG00000002245,12.0059599527952,25.697056244448
ENSSSCG00000027051,94.4689142463059,83.2435062733508
ENSSSCG00000029474,13.2910015379568,10.1972445414476
ENSSSCG00000002404,75.0831440472971,36.3021905675535
ENSSSCG00000034253,9.28901488702502,9.82334557492788
ENSSSCG00000033958,32.6767717369655,29.6059999853363
ENSSSCG00000002294,1.90920464081147,1.42761423580267
ENSSSCG00000002295,52.3929812007301,51.8020022705539
ENSSSCG00000002296,44.6460162158989,37.7298048033562
ENSSSCG00000002297,0.954602320405733,1.08770608442108
ENSSSCG00000002298,31.7588848904215,37.3219150216983
ENSSSCG00000062223,3.6715473861759,4.96265901017118
ENSSSCG00000037105,41.5252009376494,30.6597152546192
ENSSSCG00000001958,21.9558533693319,21.1422870159347
ENSSSCG00000001959,145.246414597119,151.089173289116
ENSSSCG00000040912,59.6626450253583,57.376495953212
ENSSSCG00000001960,22.6534473727053,20.4624707131716
ENSSSCG00000060304,49.2354504486188,43.7801698979485
ENSSSCG00000001963,23.5346187453875,40.2791159387181
ENSSSCG00000001975,17.4765655581973,14.8539862153754
ENSSSCG00000001946,24.8563758044108,25.8670103201388
ENSSSCG00000044591,15.8978001821416,16.281600451178
ENSSSCG00000001947,14.465896701533,16.6554994176978
ENSSSCG00000032377,42.039217571714,48.2329666810473
ENSSSCG00000002512,21.2949748398202,22.5019196214611
ENSSSCG00000037558,109.155103791009,119.783632546871
ENSSSCG00000002520,86.5383718921659,371.893508426595
ENSSSCG00000002515,3.01066885666424,4.48678759823696
ENSSSCG00000002516,81.6919293424137,65.3983283258174
ENSSSCG00000002517,12.8504158516156,9.48343742354629
ENSSSCG00000028877,6.3517769780843,8.42972215426337
ENSSSCG00000028304,302.24178083,249.968454526019
ENSSSCG00000001952,48.3175636020748,69.1713088061531
ENSSSCG00000036702,409.047094293857,463.090865442275
ENSSSCG00000024517,14.2823193322242,13.2904087190201
ENSSSCG00000001966,66.3815767420602,208.363696796913
ENSSSCG00000039701,107.392761045645,118.050100974825
ENSSSCG00000001968,20.7075272580321,17.7432055021189
ENSSSCG00000002305,31.5753075211127,30.7616877000337
ENSSSCG00000061987,1.46861895447036,2.10743053856584
ENSSSCG00000026663,20.413803467138,13.3583903492964
ENSSSCG00000001970,57.9370177538557,51.0202135223763
ENSSSCG00000002306,4.80972707589043,9.92531802034236
ENSSSCG00000002307,56.3215369039383,52.6857634641461
ENSSSCG00000001971,119.104997207546,103.094142314035
ENSSSCG00000028600,86.1345016796866,55.3710378600606
ENSSSCG00000001972,16.1180930253122,15.8737106695201
ENSSSCG00000033093,22.2862926340877,14.7860045850991
ENSSSCG00000040657,48.5378564452454,56.8326429110014
ENSSSCG00000060202,0.624163055649903,0
ENSSSCG00000022679,0.146861895447036,0.373898966519746
ENSSSCG00000002333,3.26767717369655,2.34536624453295
ENSSSCG00000001973,51.4383788803243,28.8242112371586
ENSSSCG00000028225,48.6480028668307,96.3299701015419
ENSSSCG00000002494,9.61945415178085,10.5711435079674
ENSSSCG00000002495,32.5666253153802,40.9589322414813
ENSSSCG00000002014,20.6708117841703,15.3978392575859
ENSSSCG00000002015,32.1994705767626,20.564443158586
ENSSSCG00000002016,19.9732177807969,26.342881732073
ENSSSCG00000002496,23.4979032715257,25.901001135277
ENSSSCG00000040339,16.2649549207592,10.70710676852
ENSSSCG00000002020,15.0166288094594,18.8649024016781
ENSSSCG00000033807,16.0813775514504,32.6651733477706
ENSSSCG00000027030,9.76631604722789,6.90013547304623
ENSSSCG00000002501,0.477301160202867,0.27192652110527
ENSSSCG00000002502,70.530425288439,75.4256187915743
ENSSSCG00000053614,13.9518800674684,3.2971090684014
ENSSSCG00000032134,25.443823386199,22.1280206549413
ENSSSCG00000002504,258.146496722027,236.066211134513
ENSSSCG00000040355,0.807740424958698,0.101972445414476
ENSSSCG00000002505,170.983961774212,218.356996447532
ENSSSCG00000001840,80.4436032311139,83.9573133912521
ENSSSCG00000002506,3.81840928162293,4.82669574961854
ENSSSCG00000001844,0.220292843170554,1.05371526928292
ENSSSCG00000002029,3.70826286003766,2.82123765646718
ENSSSCG00000027052,21.478552209129,44.8338851672314
ENSSSCG00000001846,34.2922525868829,43.4062709314287
ENSSSCG00000001847,4.99330444519922,2.48132950508559
ENSSSCG00000001841,0.146861895447036,0.54385304221054
ENSSSCG00000001867,1.65219632377915,1.22366934497372
ENSSSCG00000022794,10.1334707858455,10.70710676852
ENSSSCG00000001868,213.53719597999,208.499660057466
ENSSSCG00000002510,1.94592011467323,1.42761423580267
ENSSSCG00000002028,3.12081527824951,2.07343972342768
ENSSSCG00000057348,1.21161063743805,0.81577956331581
ENSSSCG00000002026,11.9325290050717,9.24550171757918
ENSSSCG00000001869,14.0987419629154,24.6773317903033
ENSSSCG00000001871,74.2019726746149,83.8553409458376
ENSSSCG00000001872,8.00397330186346,8.63366704509232
ENSSSCG00000002025,103.831360081054,86.5746061568903
ENSSSCG00000054284,215.593262516249,221.518142255381
ENSSSCG00000001903,33.3376502664772,26.8187531440073
ENSSSCG00000057418,29.3356636155454,41.9446658804879
ENSSSCG00000001904,36.1280262799708,33.1070539445666
ENSSSCG00000001905,11.3083659494218,7.03609873359886
ENSSSCG00000001907,31.5018765733892,24.1334787480927
ENSSSCG00000023165,9.76631604722789,14.9219678456517
ENSSSCG00000025273,20.4872344148615,58.4302112224949
ENSSSCG00000001908,42.039217571714,47.6211320085604
ENSSSCG00000002443,29.3356636155454,80.3542869866073
ENSSSCG00000001909,8.07740424958698,5.50651205238172
ENSSSCG00000001974,14.6861895447036,14.5140780639938
ENSSSCG00000001910,50.3736301383333,38.3076486607049
ENSSSCG00000001912,119.545582893887,90.4155682675023
ENSSSCG00000001931,41.1213307251701,10.1972445414476
ENSSSCG00000002444,47.9504088634572,121.925053900575
ENSSSCG00000001934,48.6480028668307,34.7046222560601
ENSSSCG00000001913,37.0459131265148,40.4490700144089
ENSSSCG00000001914,11.8590980573482,12.7465556768095
ENSSSCG00000001915,0.146861895447036,0.645825487625016
ENSSSCG00000001938,0.440585686341108,0.203944890828953
ENSSSCG00000001916,6.64550076897838,5.37054879182908
ENSSSCG00000001917,73.2473703542092,40.5510424598234
ENSSSCG00000002445,58.8181891265379,62.5770906693503
ENSSSCG00000001918,217.465751683198,183.006548703847
ENSSSCG00000037634,7.12280192918124,5.94839264917778
ENSSSCG00000039714,11.5286587925923,13.5623352401253
ENSSSCG00000053210,1.68891179764091,3.2971090684014
ENSSSCG00000039508,0.330439264755831,0.747797933039493
ENSSSCG00000054710,0.991317794267492,1.5635774963553
ENSSSCG00000001920,0.587447581788144,0.135963260552635
ENSSSCG00000049161,3.08409980438775,6.18632835514489
ENSSSCG00000031719,69.5391074941715,81.9518552981008
ENSSSCG00000061372,1.39518800674684,2.27738461425664
ENSSSCG00000062739,0.073430947723518,0.849770378453969
ENSSSCG00000053805,0.330439264755831,1.1556877146974
ENSSSCG00000001858,123.76786238799,123.114732430411
ENSSSCG00000039317,4.69958065430515,4.07889781657905
ENSSSCG00000054611,0.807740424958698,0
ENSSSCG00000055189,1.4319034806086,0.883761193592128
ENSSSCG00000048500,2.57008317032313,4.282842707408
ENSSSCG00000057947,14.319034806086,11.0130241047634
ENSSSCG00000057066,3.08409980438775,3.63701721978299
ENSSSCG00000054135,1.79905821922619,1.42761423580267
ENSSSCG00000031810,14.6127585969801,11.2169689955924
ENSSSCG00000001942,1.50533442833212,1.93747646287505
ENSSSCG00000055255,34.6226918516387,36.1662273070009
ENSSSCG00000033954,69.5758229680333,66.4180527799622
ENSSSCG00000036652,0.330439264755831,0.645825487625016
ENSSSCG00000023760,26.0679864418489,16.485545342007
ENSSSCG00000027457,73.8715334098591,50.4423696650276
ENSSSCG00000056849,0.293723790894072,0.441880596796064
ENSSSCG00000063116,0.220292843170554,0.339908151381588
ENSSSCG00000061790,18.6514607217736,23.7935705967111
ENSSSCG00000054175,0.146861895447036,0.611834672486858
ENSSSCG00000063425,0.110146421585277,0.917752008730286
ENSSSCG00000060022,0.073430947723518,0.611834672486858
ENSSSCG00000052301,11.124788580113,11.8627944832174
ENSSSCG00000058811,1.17489516357629,4.24885189226984
ENSSSCG00000001863,3.52468549072886,3.53504477436851
ENSSSCG00000001862,53.9350311029239,54.181359330225
ENSSSCG00000033721,2.27635937942906,2.58330195050007
ENSSSCG00000002446,35.0632775379798,38.545584366672
ENSSSCG00000055013,1.35847253288508,1.63155912663162
ENSSSCG00000054619,0.36715473861759,0.475871411934223
ENSSSCG00000033348,0.587447581788144,0.203944890828953
ENSSSCG00000001865,12.5199765868598,19.5107278893031
ENSSSCG00000001950,11.6755206880394,18.9328840319544
ENSSSCG00000043140,0.660878529511662,0.101972445414476
ENSSSCG00000001866,110.036275163692,101.768500523647
ENSSSCG00000001819,130.082923892212,156.459722080945
ENSSSCG00000001821,122.666398172137,129.335051600694
ENSSSCG00000001820,28.8950779292043,28.2463673798099
ENSSSCG00000002449,23.5713342192493,23.6915981512966
ENSSSCG00000002447,49.4190278179276,45.7856279910998
ENSSSCG00000002450,3.23096169983479,2.27738461425664
ENSSSCG00000002451,21.2215438920967,14.8879770305135
ENSSSCG00000002452,159.712311298652,137.3568839733
ENSSSCG00000002455,55.6973738482884,42.7264546286656
ENSSSCG00000040548,1.10146421585277,0.0679816302763175
ENSSSCG00000002456,7.52667214166059,13.6643076855398
ENSSSCG00000002457,75.4870142597765,40.9929230566195
ENSSSCG00000002458,13.4745789072655,9.55141905382261
ENSSSCG00000051892,40.9010378819995,36.8460436097641
ENSSSCG00000002460,29.2989481416837,24.8812766811322
ENSSSCG00000002461,64.2153637842165,78.0429115572125
ENSSSCG00000049777,0.257008317032313,0.713807117901334
ENSSSCG00000045052,1.10146421585277,0.373898966519746
ENSSSCG00000057340,1.65219632377915,0.645825487625016
ENSSSCG00000053514,0.073430947723518,0.577843857348699
ENSSSCG00000047048,7.01265550759596,8.76963030564496
ENSSSCG00000002131,6.57206982125486,9.07554764188839
ENSSSCG00000042615,10.7943493153571,7.30802525470413
ENSSSCG00000057191,0.807740424958698,0.441880596796064
ENSSSCG00000062191,39.7995736661467,51.0202135223763
ENSSSCG00000048556,39.9831510354555,44.969848427784
ENSSSCG00000044904,0.330439264755831,0.951742823868445
ENSSSCG00000051274,16.1915239730357,6.45825487625016
ENSSSCG00000024310,3.37782359528183,1.08770608442108
ENSSSCG00000001033,25.6274007555078,21.9580665792506
ENSSSCG00000001021,20.7809582057556,23.113754293948
ENSSSCG00000000994,90.2099192783418,44.7998943520932
ENSSSCG00000038404,78.0938129039614,58.1242938862515
ENSSSCG00000020758,48.3175636020748,55.8129184568567
ENSSSCG00000001009,82.0957995548931,88.6140550651799
ENSSSCG00000001008,54.4857632108503,49.3206727654684
ENSSSCG00000062050,17.6234274536443,24.1674695632309
ENSSSCG00000001826,176.78500664437,245.379694482368
ENSSSCG00000042047,0.440585686341108,0.407889781657905
ENSSSCG00000030131,21.478552209129,22.2979747306321
ENSSSCG00000053980,1.94592011467323,3.16114580784876
ENSSSCG00000038630,31.3917301518039,22.4339379911848
ENSSSCG00000052348,6.64550076897838,7.07008954873702
ENSSSCG00000001804,20.0466487285204,13.2224270887438
ENSSSCG00000001805,21.9191378954701,22.6038920668756
ENSSSCG00000021463,0.403870212479349,0.237935705967111
ENSSSCG00000020439,0.257008317032313,0.747797933039493
ENSSSCG00000044313,1.21161063743805,0.203944890828953
ENSSSCG00000029550,0.330439264755831,0.407889781657905
ENSSSCG00000001806,0.771024951096939,1.01972445414476
ENSSSCG00000033655,10.2436172074308,16.8934351236649
ENSSSCG00000001807,2.12949748398202,2.85522847160534
ENSSSCG00000036988,16.7422560809621,18.3890309897439
ENSSSCG00000001004,34.6961227993622,40.8229689809287
ENSSSCG00000031538,249.408213942929,182.39471403136
ENSSSCG00000035598,9.06872204385447,8.53169459967785
ENSSSCG00000000999,15.2736371264917,11.556877146974
ENSSSCG00000000998,20.0099332546586,16.281600451178
ENSSSCG00000002023,57.8268713322704,56.322780683929
ENSSSCG00000031269,24.9665222259961,18.2530677291913
ENSSSCG00000038717,14.4291812276713,15.0579311062043
ENSSSCG00000037420,3.4879700168671,3.84096211061194
ENSSSCG00000001049,34.9531311163946,25.3231572779283
ENSSSCG00000001052,23.2408949544934,17.9471503929478
ENSSSCG00000001053,29.4090945632689,23.8955430421256
ENSSSCG00000025582,62.8568912513314,62.101219257416
ENSSSCG00000035867,4.07541759865525,2.75325602619086
ENSSSCG00000001002,76.6986248972145,98.4034098249696
ENSSSCG00000031129,25.8844090725401,25.4931113536191
ENSSSCG00000030597,29.1888017200984,5.94839264917778
ENSSSCG00000001573,34.1086752175741,9.48343742354629
ENSSSCG00000001680,71.9623287690476,74.0999770011861
ENSSSCG00000001834,434.858072418673,68.5594741336662
ENSSSCG00000001682,0.73430947723518,0.203944890828953
ENSSSCG00000001000,13.254286064095,15.5677933332767
ENSSSCG00000040816,63.370907885396,79.3685533476007
ENSSSCG00000001056,63.8849245194606,38.0697129547378
ENSSSCG00000031489,46.4450744351251,46.5674167392775
ENSSSCG00000001835,26.8390113929458,8.36174052398705
ENSSSCG00000001837,52.4664121484536,47.6211320085604
ENSSSCG00000033381,42.039217571714,61.2854396941002
ENSSSCG00000000985,195.36303641842,199.628057306406
ENSSSCG00000001836,0.220292843170554,9.95930883548052
ENSSSCG00000041494,0.293723790894072,0.54385304221054
ENSSSCG00000001838,46.6286518044339,50.9522318921
ENSSSCG00000001022,227.378929625873,183.924300712577
ENSSSCG00000001849,1025.53661590665,34.466686550093
ENSSSCG00000001597,1.65219632377915,2.78724684132902
ENSSSCG00000038886,9.10543751771623,7.30802525470413
ENSSSCG00000001024,27.426458974734,33.6848978019153
ENSSSCG00000001589,0.954602320405733,0.305917336243429
ENSSSCG00000001025,182.145465828186,192.218059606288
ENSSSCG00000056995,5.32374370995505,4.8606865647567
ENSSSCG00000025423,0.697594003373421,0.475871411934223
ENSSSCG00000046358,34.9898465902563,32.2572835661127
ENSSSCG00000001027,3.047384330526,1.66554994176978
ENSSSCG00000034131,328.052758954817,127.261611877266
ENSSSCG00000001672,0.514016634064626,0.509862227072381
ENSSSCG00000001667,27.0593042361164,28.9601744977113
ENSSSCG00000040593,28.5646386644485,25.1192123870993
ENSSSCG00000037416,75.8174535245323,63.9027324597385
ENSSSCG00000030174,46.4450744351251,47.5191595631459
ENSSSCG00000036257,11.0880731062512,11.1149965501779
ENSSSCG00000001850,61.6819960877551,52.3118644976263
ENSSSCG00000021361,24.525936539655,32.4612284569416
ENSSSCG00000001852,211.113974705114,213.700254773604
ENSSSCG00000001873,25.6641162293695,21.9580665792506
ENSSSCG00000001875,55.3302191096708,63.9367232748766
ENSSSCG00000001877,18.3210214570177,17.4712789810136
ENSSSCG00000001878,39.6159962968379,45.9895728819288
ENSSSCG00000001880,101.040984067561,109.314461484319
ENSSSCG00000001881,118.15039488714,101.734509708509
ENSSSCG00000001882,17.9905821922619,9.95930883548052
ENSSSCG00000001884,23.0573175851846,19.0688472925071
ENSSSCG00000041453,0.771024951096939,0.169954075690794
ENSSSCG00000032355,1.13817968971453,0.883761193592128
ENSSSCG00000028777,9.2155839393015,14.0042158369214
ENSSSCG00000001010,96.8554200473202,113.019460334378
ENSSSCG00000001011,58.3776034401968,40.9929230566195
ENSSSCG00000031615,26.7655804452223,20.3604982677571
ENSSSCG00000052423,2.16621295784378,2.07343972342768
ENSSSCG00000059227,0.403870212479349,1.52958668121714
ENSSSCG00000000991,0.881171372682216,0.679816302763175
ENSSSCG00000039756,0.881171372682216,0.441880596796064
ENSSSCG00000000997,0.73430947723518,1.1556877146974
ENSSSCG00000057567,30.1801195143659,22.3659563609085
ENSSSCG00000062092,0.440585686341108,1.35963260552635
ENSSSCG00000001885,51.9156800405272,42.6244821832511
ENSSSCG00000044466,0.330439264755831,0.407889781657905
ENSSSCG00000062502,1.02803326812925,1.22366934497372
ENSSSCG00000041566,5.80104487015792,6.52623650652648
ENSSSCG00000062130,1.28504158516156,2.17541216884216
ENSSSCG00000027478,7.23294835076652,9.82334557492788
ENSSSCG00000057323,1.35847253288508,1.39362342066451
ENSSSCG00000059699,0.110146421585277,0.713807117901334
ENSSSCG00000062087,1.50533442833212,1.59756831149346
ENSSSCG00000062690,1.17489516357629,1.42761423580267
ENSSSCG00000043207,2.01935106239674,2.24339379911848
ENSSSCG00000056029,0.624163055649903,0.339908151381588
ENSSSCG00000059998,8.81171372682216,10.5371526928292
ENSSSCG00000001887,20.9645355750644,16.2476096360399
ENSSSCG00000050204,2.0560665362585,0.713807117901334
ENSSSCG00000057939,0.440585686341108,0.747797933039493
ENSSSCG00000024316,60.2133771332847,59.1440183403962
ENSSSCG00000001572,5.98462223946671,6.08435590973042
ENSSSCG00000029776,28.0873375042456,32.5971917174942
ENSSSCG00000024990,16.4852477639298,9.17752008730286
ENSSSCG00000001688,42.6266651535022,34.2967324744022
ENSSSCG00000001676,14.9799133355977,12.2706842648753
ENSSSCG00000033627,19.6060630421793,18.5929758805728
ENSSSCG00000028007,37.8169380776118,35.5204018193759
ENSSSCG00000001892,173.297036627502,77.6350217755546
ENSSSCG00000001679,76.1478927892881,69.579198587811
ENSSSCG00000001898,60.7641092412111,43.7121882676722
ENSSSCG00000001683,11.3450814232835,11.2849506258687
ENSSSCG00000001689,26.2882792850194,18.8309115865399
ENSSSCG00000016346,5.61746750084912,2.51532032022375
ENSSSCG00000001691,33.81495142668,29.3000826490928
ENSSSCG00000001899,12.8504158516156,6.11834672486858
ENSSSCG00000001692,30.8777135177393,38.0697129547378
ENSSSCG00000001900,53.8616001552004,36.0642548615864
ENSSSCG00000001793,7.9672578280017,14.4121056185793
ENSSSCG00000001795,3.23096169983479,6.22031917028305
ENSSSCG00000035432,26.2882792850194,24.2694420086453
ENSSSCG00000001577,38.3676701855381,51.4960849343105
ENSSSCG00000001578,28.7482160337573,28.3823306403626
ENSSSCG00000001800,10.6474874199101,7.95385074232915
ENSSSCG00000059332,55.2567881619473,48.4369115718762
ENSSSCG00000001801,19.5326320944558,13.5623352401253
ENSSSCG00000036178,13.0339932209244,12.202702634599
ENSSSCG00000001848,4.36914138954932,4.48678759823696
ENSSSCG00000001582,22.4698700033965,5.37054879182908
ENSSSCG00000027358,683.164822145749,491.405214452361
ENSSSCG00000001810,16.448532290068,17.7092146869807
ENSSSCG00000039952,76.772055844938,73.65809640439
ENSSSCG00000037507,35.1367084857033,33.0390723142903
ENSSSCG00000002632,0.073430947723518,0.747797933039493
ENSSSCG00000027778,28.5646386644485,24.6773317903033
ENSSSCG00000041322,25.0032376998579,12.1347210043227
ENSSSCG00000034070,48.9417266577247,60.0617703491265
ENSSSCG00000062622,0.771024951096939,0.475871411934223
ENSSSCG00000029183,71.8154668736006,56.5607163898962
ENSSSCG00000036907,0.917886846543975,0.54385304221054
ENSSSCG00000022451,52.0258264621125,46.7033799998301
ENSSSCG00000036356,0.954602320405733,1.52958668121714
ENSSSCG00000001814,235.199325558428,261.015469445921
ENSSSCG00000034090,53.6413073120299,51.4620941191723
ENSSSCG00000001816,1.50533442833212,1.35963260552635
ENSSSCG00000001486,33.8883823744035,34.5346681803693
ENSSSCG00000001817,59.6626450253583,61.9312651817252
ENSSSCG00000001488,31.3550146779422,51.0202135223763
ENSSSCG00000001818,25.5172543339225,21.9580665792506
ENSSSCG00000001808,2.53336769646137,1.01972445414476
ENSSSCG00000001921,139.00478404062,121.823081455161
ENSSSCG00000001925,34.4023990084682,38.0357221395996
ENSSSCG00000001924,94.4321987724441,139.090415545346
ENSSSCG00000054126,38.2942392378146,34.9765487771654
ENSSSCG00000001926,0.36715473861759,0.679816302763175
ENSSSCG00000001927,213.243472189096,114.209138864213
ENSSSCG00000001930,505.461928654836,418.936796577807
ENSSSCG00000036011,1.21161063743805,0.27192652110527
ENSSSCG00000059314,4.58943423271987,3.39908151381588
ENSSSCG00000041719,0.697594003373421,2.61729276563822
ENSSSCG00000050527,1.65219632377915,2.75325602619086
ENSSSCG00000042572,27.0960197099781,23.8955430421256
ENSSSCG00000001888,1.76234274536443,2.37935705967111
ENSSSCG00000060981,0.257008317032313,0.373898966519746
ENSSSCG00000055760,9.80303152108965,12.7805464919477
ENSSSCG00000047853,2.82709148735544,3.60302640464483
ENSSSCG00000042472,0.257008317032313,1.05371526928292
ENSSSCG00000054324,0.440585686341108,0.54385304221054
ENSSSCG00000061371,1.10146421585277,1.05371526928292
ENSSSCG00000061785,0.514016634064626,0.305917336243429
ENSSSCG00000056123,7.37981024621356,10.9790332896253
ENSSSCG00000061219,1.65219632377915,0
ENSSSCG00000061159,0.146861895447036,0.441880596796064
ENSSSCG00000042487,1.83577369308795,1.49559586607899
ENSSSCG00000062336,0.624163055649903,0.611834672486858
ENSSSCG00000048877,1.32175705902332,2.44733868994743
ENSSSCG00000052636,1.28504158516156,2.41334787480927
ENSSSCG00000052246,1.6154808499174,1.1556877146974
ENSSSCG00000054944,5.54403655312561,8.36174052398705
ENSSSCG00000037307,7.12280192918124,4.282842707408
ENSSSCG00000054731,27.7936137133515,33.9908151381588
ENSSSCG00000001535,5.50732107926385,4.07889781657905
ENSSSCG00000001536,9.06872204385447,166.554994176978
ENSSSCG00000001537,41.3783390422024,53.739478733429
ENSSSCG00000001538,12.2629682698275,18.5249942502965
ENSSSCG00000001539,49.5658897133746,59.7898438280212
ENSSSCG00000001546,14.2088883845007,18.3550401746057
ENSSSCG00000001543,511.556697315888,518.427912487197
ENSSSCG00000001544,63.6279162024283,83.0395613825218
ENSSSCG00000035972,1.54204990219388,1.49559586607899
ENSSSCG00000001493,10.1334707858455,9.41545579326997
ENSSSCG00000001549,61.6452806138933,298.541329358448
ENSSSCG00000001499,164.632184796127,154.182337466688
ENSSSCG00000001550,5.61746750084912,5.71045694321067
ENSSSCG00000001553,0.220292843170554,1.01972445414476
ENSSSCG00000001554,64.8028113660046,64.1746589808437
ENSSSCG00000001555,0.550732107926385,0.101972445414476
ENSSSCG00000001556,86.4649409444424,103.875931062213
ENSSSCG00000038774,33.3376502664772,30.7956785151718
ENSSSCG00000020803,44.2788614772813,46.0575545122051
ENSSSCG00000001561,14.9064823878741,9.00756601161207
ENSSSCG00000001101,9.3991613086103,0.0679816302763175
ENSSSCG00000031944,8.7749982529604,0.101972445414476
ENSSSCG00000001562,62.9670376729167,54.7252123724356
ENSSSCG00000001107,41.3049080944789,0.645825487625016
ENSSSCG00000001563,37.9637999730588,44.1200780493301
ENSSSCG00000037547,0.587447581788144,0.237935705967111
ENSSSCG00000036191,1.21161063743805,0.135963260552635
ENSSSCG00000035153,43.5445520000462,22.1960022852177
ENSSSCG00000037565,6.09476866105199,0.475871411934223
ENSSSCG00000037682,15.6407918651093,7.71591503636204
ENSSSCG00000045769,3.52468549072886,3.02518254729613
ENSSSCG00000021411,63.9950709410459,27.1586612953888
ENSSSCG00000040540,0.624163055649903,0.135963260552635
ENSSSCG00000033606,0.73430947723518,0
ENSSSCG00000001137,15.4204990219388,9.44944660840813
ENSSSCG00000001131,2.0560665362585,1.69954075690794
ENSSSCG00000001636,4.62614970658163,0.54385304221054
ENSSSCG00000020696,34.8062692209475,30.7276968848955
ENSSSCG00000001637,1.24832611129981,0.577843857348699
ENSSSCG00000001638,36.0178798583856,38.6475568120865
ENSSSCG00000038191,22.4331545295347,23.4536624453295
ENSSSCG00000001639,26.0312709679871,15.9077014846583
ENSSSCG00000001641,49.6393206610981,56.3567714990672
ENSSSCG00000001156,33.3743657403389,32.12132030556
ENSSSCG00000056213,1.65219632377915,1.39362342066451
ENSSSCG00000001646,44.8295935852077,72.0265372777584
ENSSSCG00000025410,1.28504158516156,0.339908151381588
ENSSSCG00000026472,58.6346117572291,55.031129708679
ENSSSCG00000042999,0.073430947723518,0.509862227072381
ENSSSCG00000046879,5.94790676560496,8.80362112078312
ENSSSCG00000001164,19.6427785160411,30.4217795486521
ENSSSCG00000040577,6.38849245194606,5.98238346431594
ENSSSCG00000044013,1.87248916694971,2.7192652110527
ENSSSCG00000041356,0.73430947723518,0.237935705967111
ENSSSCG00000033214,5.17688181450802,19.2048105530597
ENSSSCG00000001653,64.2153637842165,65.6022732166464
ENSSSCG00000001654,15.2002061787682,20.0885717466518
ENSSSCG00000001655,33.5946585835095,35.3164569285469
ENSSSCG00000001500,21.9191378954701,14.2761423580267
ENSSSCG00000022901,109.191819264871,110.57212164443
ENSSSCG00000001656,39.5792808229762,40.1771434933036
ENSSSCG00000001501,92.008977497568,88.206165283522
ENSSSCG00000001657,78.3875366948554,80.6941951379889
ENSSSCG00000001502,484.387246658186,433.348902196386
ENSSSCG00000001503,15.4939299696623,17.4032973507373
ENSSSCG00000001504,11.3083659494218,14.0042158369214
ENSSSCG00000001658,29.555956458716,21.7881125035598
ENSSSCG00000001505,24.525936539655,27.7704959678757
ENSSSCG00000001659,49.05187307931,56.0508541628238
ENSSSCG00000001506,145.797146705045,142.217570538056
ENSSSCG00000054523,19.2389083035617,17.6752238718426
ENSSSCG00000001509,57.129277328897,56.3907623142054
ENSSSCG00000001660,99.8660889039844,94.8343742354629
ENSSSCG00000001661,56.9456999595882,93.0668518482787
ENSSSCG00000030196,93.6611738213472,79.4025441627388
ENSSSCG00000026568,8.00397330186346,5.06463145558565
ENSSSCG00000001664,1.54204990219388,1.35963260552635
ENSSSCG00000062364,0.881171372682216,0.373898966519746
ENSSSCG00000026741,19.6060630421793,24.9492583114085
ENSSSCG00000056843,0.36715473861759,0.679816302763175
ENSSSCG00000061760,2.71694506577016,6.25430998542121
ENSSSCG00000054713,0.514016634064626,0.407889781657905
ENSSSCG00000063313,1.02803326812925,0.781788748177651
ENSSSCG00000061041,0.330439264755831,0.407889781657905
ENSSSCG00000057703,0.917886846543975,2.34536624453295
ENSSSCG00000053265,0.954602320405733,0.475871411934223
ENSSSCG00000060399,0.146861895447036,0.475871411934223
ENSSSCG00000053152,0.146861895447036,0.373898966519746
ENSSSCG00000048697,2.82709148735544,4.41880596796064
ENSSSCG00000001651,79.4155699629847,52.5498002035934
ENSSSCG00000059243,2.49665222259961,4.01091618630273
ENSSSCG00000053280,6.02133771332847,1.05371526928292
ENSSSCG00000052704,1.54204990219388,3.39908151381588
ENSSSCG00000054633,0.403870212479349,0.169954075690794
ENSSSCG00000056711,2.20292843170554,0.54385304221054
ENSSSCG00000033451,0.771024951096939,0.169954075690794
ENSSSCG00000047716,0.881171372682216,0.0339908151381588
ENSSSCG00000059210,0.587447581788144,0.0679816302763175
ENSSSCG00000059451,0.991317794267492,0.577843857348699
ENSSSCG00000058610,8.22426614503401,18.0831136535005
ENSSSCG00000035331,17.366419136612,20.5304523434479
ENSSSCG00000059172,2.90052243507896,6.79816302763175
ENSSSCG00000061527,0.293723790894072,0.781788748177651
ENSSSCG00000041434,4.18556402024052,2.58330195050007
ENSSSCG00000046312,0.440585686341108,0.135963260552635
ENSSSCG00000001507,136.544847291882,94.3245120083905
ENSSSCG00000001036,0.293723790894072,0.645825487625016
ENSSSCG00000062258,1.50533442833212,2.17541216884216
ENSSSCG00000062137,0.660878529511662,0.985733639006604
ENSSSCG00000033009,134.525496229485,146.602385690879
ENSSSCG00000001040,12.7769849038921,4.65674167392775
ENSSSCG00000001041,18.9818999865294,20.2245350072045
ENSSSCG00000001038,139.739093517855,118.831889723003
ENSSSCG00000001042,97.7733068938642,109.11051659349
ENSSSCG00000001045,5.28702823609329,2.85522847160534
ENSSSCG00000041131,4.00198665093173,2.41334787480927
ENSSSCG00000032146,81.0677662867638,44.1880596796064
ENSSSCG00000023956,97.8100223677259,45.8876004365143
ENSSSCG00000001478,7.08608645531948,2.20940298398032
ENSSSCG00000001479,2.09278201012026,1.66554994176978
ENSSSCG00000001822,5.32374370995505,4.79270493448038
ENSSSCG00000001823,14.0253110151919,13.6303168704017
ENSSSCG00000001825,13.5480098549891,10.2992169868621
ENSSSCG00000030626,9.83974699495141,8.83761193592128
ENSSSCG00000036742,19.0186154603912,36.9140252400404
ENSSSCG00000002252,58.1573105970262,69.2052996212912
ENSSSCG00000028159,4.58943423271987,8.76963030564496
ENSSSCG00000002337,47.2895303339456,45.1398025034748
ENSSSCG00000028663,114.699140344135,122.230971236819
ENSSSCG00000002340,70.7507181316096,64.1746589808437
ENSSSCG00000002341,4.55271875885811,5.16660390100013
ENSSSCG00000022178,103.611067237884,82.223781819206
ENSSSCG00000021676,1.24832611129981,2.20940298398032
ENSSSCG00000002344,23.8283425362816,27.838477598152
ENSSSCG00000002348,7.85711140641642,6.79816302763175
ENSSSCG00000039469,147.77978229358,198.166452255466
ENSSSCG00000062320,51.1079396155685,61.8972743665871
ENSSSCG00000002350,47.216099386222,69.8851159240544
ENSSSCG00000002351,75.0464285734354,47.0432881512117
ENSSSCG00000002352,22.5800164249818,25.5610929838954
ENSSSCG00000002353,48.133986232766,42.9643903346327
ENSSSCG00000002354,29.5926719325777,30.4217795486521
ENSSSCG00000002355,99.3887877437816,81.0680941045086
ENSSSCG00000002356,15.4939299696623,16.1456371906254
ENSSSCG00000002357,61.535134192308,70.4289689662649
ENSSSCG00000055314,15.8243692344181,16.7574718631123
ENSSSCG00000025000,0.587447581788144,0
ENSSSCG00000056471,9.94989341653668,6.424264061112
ENSSSCG00000002349,11.6020897403158,8.08981400288178
ENSSSCG00000029539,48.4644254975219,56.3567714990672
ENSSSCG00000001497,25.9211245464018,29.3000826490928
ENSSSCG00000001498,17.366419136612,26.6148082531783
ENSSSCG00000062828,2.12949748398202,2.10743053856584
ENSSSCG00000042854,1.65219632377915,1.12169689955924
ENSSSCG00000054858,0.587447581788144,0.475871411934223
ENSSSCG00000001824,30.6941361484305,40.8229689809287
ENSSSCG00000058159,0.624163055649903,2.07343972342768
ENSSSCG00000048394,2.09278201012026,2.99119173215797
ENSSSCG00000055865,1.83577369308795,4.79270493448038
ENSSSCG00000045171,0.293723790894072,0.747797933039493
ENSSSCG00000051895,0.146861895447036,0.679816302763175
ENSSSCG00000001510,7.85711140641642,1.39362342066451
ENSSSCG00000001511,44.9764554806547,68.7634190244952
ENSSSCG00000001512,65.8675601079956,50.9522318921
ENSSSCG00000001513,170.286367770838,194.869343187064
ENSSSCG00000060402,19.9732177807969,20.8023788645532
ENSSSCG00000001517,16.0813775514504,26.0709552109678
ENSSSCG00000001518,185.670151318915,142.829405210543
ENSSSCG00000030668,30.2168349882276,37.2199425762838
ENSSSCG00000001520,65.0231042091752,74.507866782844
ENSSSCG00000001516,24.7095139089638,41.2308587625866
ENSSSCG00000035895,19.495916620594,19.4087554438886
ENSSSCG00000021606,8.37112804048105,8.19178644829626
ENSSSCG00000036494,52.2828347791448,46.5334259241393
ENSSSCG00000025984,90.8707978078535,97.9955200433117
ENSSSCG00000002385,16.448532290068,9.51742823868445
ENSSSCG00000002386,26.9124423406693,23.2497175545006
ENSSSCG00000033526,15.6775073389711,14.1061882823359
ENSSSCG00000038851,0.771024951096939,1.29165097525003
ENSSSCG00000002464,50.3001991906098,20.768388049415
ENSSSCG00000040253,4.14884854637876,5.0306406404475
ENSSSCG00000002467,55.293503635809,71.4826842355479
ENSSSCG00000002469,9.94989341653668,6.96811710332254
ENSSSCG00000002470,136.618278239605,135.147480989319
ENSSSCG00000035297,534.099998267008,218.662913783775
ENSSSCG00000061690,71.3381657133977,50.4083788498894
ENSSSCG00000002474,11.1615040539747,10.2652261717239
ENSSSCG00000038515,21.0746819966497,18.1171044686386
ENSSSCG00000002479,10.5006255244631,0.747797933039493
ENSSSCG00000028190,56.064528586906,28.5182939009152
ENSSSCG00000002032,67.1526016931572,214.753970042887
ENSSSCG00000002035,43.2141127352903,29.3680642793692
ENSSSCG00000056336,8.11411972344873,13.5283444249872
ENSSSCG00000002034,249.22463657362,234.332679562466
ENSSSCG00000002037,29.2989481416837,18.423021804882
ENSSSCG00000002036,65.1699661046222,49.9325074379552
ENSSSCG00000031452,12.0426754266569,10.0272904657568
ENSSSCG00000029201,16.5586787116533,23.0457726636716
ENSSSCG00000033178,8.62813635751336,9.04155682675023
ENSSSCG00000030045,74.8995666779883,90.2456141918115
ENSSSCG00000026700,86.9055266307835,106.323269752161
ENSSSCG00000031874,19.3123392512852,10.8430700290726
ENSSSCG00000034465,234.354869659608,218.560941338361
ENSSSCG00000002039,277.495551447174,263.088909169349
ENSSSCG00000002040,21.3684057875437,24.5753593448888
ENSSSCG00000002041,12.6301230084451,16.9954075690794
ENSSSCG00000002042,109.485543055765,87.560339795897
ENSSSCG00000002045,28.0139065565221,22.5699012517374
ENSSSCG00000002051,47.6199695987014,49.5586084714355
ENSSSCG00000002050,112.606358334015,65.0244293592977
ENSSSCG00000056250,3.26767717369655,2.95720091701981
ENSSSCG00000001463,8.29769709275753,4.82669574961854
ENSSSCG00000001469,12.0059599527952,8.42972215426337
ENSSSCG00000001470,12.0426754266569,7.85187829691467
ENSSSCG00000001472,5.65418297471088,3.26311825326324
ENSSSCG00000062678,27.4631744485957,26.4108633623493
ENSSSCG00000001594,21.478552209129,22.6378828820137
ENSSSCG00000001596,99.4622186915051,62.4411274087976
ENSSSCG00000001595,109.081672843286,73.7260780346663
ENSSSCG00000058200,0.550732107926385,0.849770378453969
ENSSSCG00000063572,0.807740424958698,1.18967852983556
ENSSSCG00000043413,0.146861895447036,0.407889781657905
ENSSSCG00000001457,41.0846152513083,22.6718736971519
ENSSSCG00000025208,4.99330444519922,3.77298048033562
ENSSSCG00000001235,0.477301160202867,0.339908151381588
ENSSSCG00000063560,2.01935106239674,0.611834672486858
ENSSSCG00000063561,5.9111912917432,0.917752008730286
ENSSSCG00000063556,7.08608645531948,0.679816302763175
ENSSSCG00000024161,2.53336769646137,0.81577956331581
ENSSSCG00000001342,38.5879630287087,40.4150791992708
ENSSSCG00000058762,0.330439264755831,0.441880596796064
ENSSSCG00000038231,49.9330444519922,27.9744408587047
ENSSSCG00000002366,84.6658827252162,43.5762250071195
ENSSSCG00000002367,5.17688181450802,5.33655797669092
ENSSSCG00000002368,252.345451851869,341.063839096285
ENSSSCG00000002370,67.2994635886042,66.0441538134425
ENSSSCG00000039202,18.8350380910824,17.4032973507373
ENSSSCG00000002372,90.0997728567565,88.851990771147
ENSSSCG00000002373,0.807740424958698,0.305917336243429
ENSSSCG00000027922,70.7874336054713,20.8363696796913
ENSSSCG00000038553,6.86579361214893,3.1271549927106
ENSSSCG00000042447,15.7509382866946,11.1489873653161
ENSSSCG00000023366,4.18556402024052,4.282842707408
ENSSSCG00000001611,46.9590910691897,42.9303995194945
ENSSSCG00000001612,4.99330444519922,10.911051659349
ENSSSCG00000039270,0.514016634064626,1.08770608442108
ENSSSCG00000001616,0.514016634064626,0.27192652110527
ENSSSCG00000001619,103.868075554916,93.576714075351
ENSSSCG00000001620,2.57008317032313,1.18967852983556
ENSSSCG00000001621,20.6340963103085,17.4712789810136
ENSSSCG00000001624,3.59811643845238,3.09316417757245
ENSSSCG00000050940,76.0377463677029,83.6174052398705
ENSSSCG00000001629,2.49665222259961,4.58876004365143
ENSSSCG00000038520,16.4118168162063,18.8988932168163
ENSSSCG00000026752,5.17688181450802,5.8464202037633
ENSSSCG00000032284,40.6073140911054,42.4545281075603
ENSSSCG00000022224,43.1406817875668,43.7121882676722
ENSSSCG00000036801,27.1327351838399,28.3143490100862
ENSSSCG00000001453,89.2186014840743,48.5388840172907
ENSSSCG00000001455,28.7482160337573,11.1149965501779
ENSSSCG00000001456,49.05187307931,38.0017313244615
ENSSSCG00000001475,234.391585133469,92.1830906546865
ENSSSCG00000001476,43.7648448432167,48.0630126053565
ENSSSCG00000001477,124.245163548192,114.107166418799
ENSSSCG00000001725,14.2456038583625,19.1708197379215
ENSSSCG00000001726,2.53336769646137,3.97692537116457
ENSSSCG00000001992,16.0079466037269,15.6017841484149
ENSSSCG00000001994,24.0486353794521,21.0063237553821
ENSSSCG00000026947,22.9104556897376,10.8090792139345
ENSSSCG00000031938,52.9437133086564,51.598057379725
ENSSSCG00000033006,4.99330444519922,4.79270493448038
ENSSSCG00000033432,29.6293874064395,28.0084316738428
ENSSSCG00000025470,5.17688181450802,3.2971090684014
ENSSSCG00000054655,175.903835271687,148.505871338616
ENSSSCG00000002000,66.7120160068161,55.9148909022711
ENSSSCG00000002001,18.5045988263265,15.193894366757
ENSSSCG00000002002,85.5103386240367,75.2216739007453
ENSSSCG00000002003,52.7601359393477,58.2942479619423
ENSSSCG00000002004,6.27834603036079,6.86614465790807
ENSSSCG00000002005,3.6715473861759,3.97692537116457
ENSSSCG00000002006,125.383343237907,118.491981571621
ENSSSCG00000002007,0.807740424958698,0.883761193592128
ENSSSCG00000002008,77.0657796358321,82.9715797522455
ENSSSCG00000002009,5.76432939629616,1.52958668121714
ENSSSCG00000002012,3.6715473861759,2.92321010188165
ENSSSCG00000002013,47.5832541248396,29.0961377582639
ENSSSCG00000002436,81.5450674469667,60.7755774670279
ENSSSCG00000046060,1.4319034806086,1.59756831149346
ENSSSCG00000024377,16.3383858684827,17.2333432750465
ENSSSCG00000034114,0.73430947723518,1.08770608442108
ENSSSCG00000002440,136.985432978223,249.118684147565
ENSSSCG00000002441,91.6051072850887,106.017352415917
ENSSSCG00000052769,0.477301160202867,1.39362342066451
ENSSSCG00000002442,0,1.12169689955924
ENSSSCG00000001441,0,1.18967852983556
ENSSSCG00000032242,18.8717535649441,24.5413685297506
ENSSSCG00000023160,9.32573036088678,9.00756601161207
ENSSSCG00000031593,113.707822549868,89.9736876707062
ENSSSCG00000060493,538.358993234972,398.372353419221
ENSSSCG00000027053,40.4971676695202,12.1347210043227
ENSSSCG00000036573,267.17850329202,8.29375889371074
ENSSSCG00000037476,22.2495771602259,25.8330195050007
ENSSSCG00000001527,95.3133701451263,85.2489643665022
ENSSSCG00000001531,40.2401593524878,35.554392634514
ENSSSCG00000001532,8.15083519731049,9.1435292721647
ENSSSCG00000001533,23.7181961146963,20.3265074526189
ENSSSCG00000001534,106.364727777516,176.786229533564
ENSSSCG00000001523,22.1027152647789,0.237935705967111
ENSSSCG00000002508,80.2600258618051,78.8586911205283
ENSSSCG00000037284,15.7876537605564,14.1061882823359
ENSSSCG00000025892,36.4951810185884,37.5258599125273
ENSSSCG00000001346,86.4649409444424,68.5934649488044
ENSSSCG00000001347,77.1759260574174,57.3425051380738
ENSSSCG00000001379,448.075643008907,554.832075500165
ENSSSCG00000061414,7.63681856324587,8.08981400288178
ENSSSCG00000023018,2.20292843170554,1.05371526928292
ENSSSCG00000001434,6.79236266442541,6.5942181368028
ENSSSCG00000001436,39.9464355615938,29.7079724307508
ENSSSCG00000001695,33.1173574233066,24.7113226054414
ENSSSCG00000057650,0.991317794267492,3.19513662298692
ENSSSCG00000063238,0.73430947723518,1.22366934497372
ENSSSCG00000001696,33.0806419494448,33.6509069867772
ENSSSCG00000001697,30.7308516222923,28.4163214555007
ENSSSCG00000001698,0.146861895447036,0.373898966519746
ENSSSCG00000001700,27.7568982394898,15.4318300727241
ENSSSCG00000001701,368.292918307304,438.99137750932
ENSSSCG00000001702,49.5658897133746,47.5191595631459
ENSSSCG00000001703,9.80303152108965,7.81788748177651
ENSSSCG00000040047,1.68891179764091,0.54385304221054
ENSSSCG00000001705,91.8988310759827,96.0580435804366
ENSSSCG00000001706,15.8243692344181,22.8078369577045
ENSSSCG00000039903,13.254286064095,22.7398553274282
ENSSSCG00000001708,76.0377463677029,86.2007071903706
ENSSSCG00000001709,26.1781328634342,14.5140780639938
ENSSSCG00000001710,2.97395338280248,2.88921928674349
ENSSSCG00000001433,26.7655804452223,32.4272376418035
ENSSSCG00000002509,34.8429846948093,34.3987049198167
ENSSSCG00000001424,59.5524986037731,52.039937976521
ENSSSCG00000001426,18.0272976661237,16.3835728965925
ENSSSCG00000001427,204.101319197518,99.4911159093907
ENSSSCG00000001422,7.23294835076652,4.8606865647567
ENSSSCG00000024914,18.7616071433588,9.95930883548052
ENSSSCG00000001400,721.202053066532,707.688771176465
ENSSSCG00000001401,3.37782359528183,3.80697129547378
ENSSSCG00000001402,25.7742626509548,29.8779265064415
ENSSSCG00000001403,1.39518800674684,3.26311825326324
ENSSSCG00000052357,1.65219632377915,2.37935705967111
ENSSSCG00000030882,4.00198665093173,3.1271549927106
ENSSSCG00000032341,5.58075202698736,5.13261308586197
ENSSSCG00000001409,366.273567244908,371.587591090352
ENSSSCG00000001410,194.592011467323,150.239402910662
ENSSSCG00000001411,9.36244583474854,16.281600451178
ENSSSCG00000063581,16.2282394468975,20.4284798980334
ENSSSCG00000001413,34.8429846948093,45.5137014699946
ENSSSCG00000001414,73.7613869882738,65.8062181074753
ENSSSCG00000034923,85.3267612547279,118.69592646245
ENSSSCG00000040885,2.34979032715257,1.32564179038819
ENSSSCG00000036566,0.587447581788144,0.101972445414476
ENSSSCG00000034664,0.440585686341108,0.81577956331581
ENSSSCG00000038514,123.878008809575,140.144130814629
ENSSSCG00000039071,275.95350154498,290.961377582639
ENSSSCG00000035596,16.8524025025474,35.6563650799285
ENSSSCG00000063584,7.01265550759596,10.4011894322766
ENSSSCG00000036796,17.5867119797826,16.0436647452109
ENSSSCG00000038950,62.9670376729167,73.5221331438374
ENSSSCG00000039021,27.5366053963192,24.7453134205796
ENSSSCG00000030368,1.68891179764091,2.99119173215797
ENSSSCG00000063583,17.2562727150267,111.251937947194
ENSSSCG00000029160,71.0444419225036,294.768348878113
ENSSSCG00000001372,89.8060490658625,59.4499356766397
ENSSSCG00000024604,58.0838796493027,76.1734167246138
ENSSSCG00000025943,19.2021928296999,16.8254534933886
ENSSSCG00000001376,51.2180860371538,53.3315889517711
ENSSSCG00000031492,37.0826286003766,46.2614994030341
ENSSSCG00000023639,3.78169380776118,3.7049988500593
ENSSSCG00000001362,87.2359658955393,94.7663926051866
ENSSSCG00000022725,133.424032013632,113.90322152797
ENSSSCG00000027607,75.6338761552235,6.69619058221727
ENSSSCG00000001382,577.240680054575,504.593650725967
ENSSSCG00000001384,37.927084499197,39.8372353419221
ENSSSCG00000037154,19.1287618819764,37.4918690973891
ENSSSCG00000055497,1.65219632377915,1.29165097525003
ENSSSCG00000001391,20.3770879932762,22.5019196214611
ENSSSCG00000001392,2.31307485329082,0.475871411934223
ENSSSCG00000001394,9.50930773019558,5.16660390100013
ENSSSCG00000001395,0.660878529511662,0.951742823868445
ENSSSCG00000001396,29.5926719325777,17.8791687626715
ENSSSCG00000001398,15.23692165263,14.0382066520596
ENSSSCG00000056738,36.862335757206,32.9370998688758
ENSSSCG00000001438,105.446840930972,103.773958616799
ENSSSCG00000001439,4.88315802361394,1.5635774963553
ENSSSCG00000001440,37.1560595481001,27.9064592284283
ENSSSCG00000001435,120.133030475675,97.4516670011011
ENSSSCG00000001437,1.98263558853498,2.03944890828953
ENSSSCG00000001216,2.97395338280248,4.55476922851327
ENSSSCG00000001252,3.59811643845238,2.7192652110527
ENSSSCG00000001242,123.951439757298,139.226378805898
ENSSSCG00000001247,2.79037601349368,3.22912743812508
ENSSSCG00000063569,0.881171372682216,1.46160505094083
ENSSSCG00000001245,10.2803326812925,11.4549047015595
ENSSSCG00000024259,62.6733138820226,58.9400734495673
ENSSSCG00000001234,0.477301160202867,0.441880596796064
ENSSSCG00000001233,30.8409980438775,27.7704959678757
ENSSSCG00000060989,278.633731136889,164.379582008136
ENSSSCG00000062469,71.8154668736006,21.1082962007966
ENSSSCG00000001229,173.370467575226,105.575471819121
ENSSSCG00000052432,164.375176479095,351.940899940496
ENSSSCG00000001341,251.390849531464,244.291988397947
ENSSSCG00000042638,3.047384330526,4.89467737989486
ENSSSCG00000041410,3.74497833389942,4.11288863171721
ENSSSCG00000021130,7.74696498483114,7.61394259094756
ENSSSCG00000001430,88.9248776931802,70.4629597814031
ENSSSCG00000001431,5.9111912917432,4.14687944685537
ENSSSCG00000024403,43.9484222125255,76.7172697668243
ENSSSCG00000001421,12.3731146914128,20.2585258223426
ENSSSCG00000001423,40.9010378819995,41.332831208001
ENSSSCG00000001425,11.3450814232835,8.63366704509232
ENSSSCG00000023611,160.960637409951,89.8377244101536
ENSSSCG00000001418,52.246119305283,41.9106750653497
ENSSSCG00000001419,282.966157052576,302.688208805304
ENSSSCG00000001420,107.539622941092,110.912029795812
ENSSSCG00000001459,2.42322127487609,0.883761193592128
ENSSSCG00000025593,20.8543891534791,28.484303085777
ENSSSCG00000026951,21.4051212614055,16.3835728965925
ENSSSCG00000025618,60.3602390287318,36.6760895340733
ENSSSCG00000001564,224.882277403274,210.029246738683
ENSSSCG00000001567,1.28504158516156,2.141421353704
ENSSSCG00000040984,39.7995736661467,43.5422341919814
ENSSSCG00000035341,88.961593167042,90.347586637226
ENSSSCG00000001570,37.1193440742383,14.9219678456517
ENSSSCG00000001571,183.797662151965,204.216817350058
ENSSSCG00000001565,85.1798993592808,95.07230994143
ENSSSCG00000061569,1.35847253288508,1.42761423580267
ENSSSCG00000001483,2.53336769646137,3.94293455602642
ENSSSCG00000056389,13.5480098549891,10.1972445414476
ENSSSCG00000022664,4.11213307251701,5.40453960696724
ENSSSCG00000001201,36.715473861759,54.7592031875738
ENSSSCG00000001202,1.6154808499174,4.11288863171721
ENSSSCG00000057663,12.9972777470627,15.9416922997965
ENSSSCG00000021069,11.1982195278365,10.8090792139345
ENSSSCG00000001203,17.9905821922619,23.2497175545006
ENSSSCG00000001204,5.06673539292274,6.08435590973042
ENSSSCG00000001205,4.4792878111346,8.39573133912521
ENSSSCG00000001206,6.20491508263727,7.7499058515002
ENSSSCG00000001207,13.2175705902332,14.140179097474
ENSSSCG00000025335,17.2929881888885,21.8900849489742
ENSSSCG00000001209,11.3817968971453,20.2245350072045
ENSSSCG00000037512,3.74497833389942,4.62275085878959
ENSSSCG00000029425,34.4391144823299,30.3537979183758
ENSSSCG00000057382,1.13817968971453,0.54385304221054
ENSSSCG00000001232,1.35847253288508,2.37935705967111
ENSSSCG00000061628,0.624163055649903,0.475871411934223
ENSSSCG00000001471,332.09146107961,308.976509605863
ENSSSCG00000063586,0.514016634064626,0.339908151381588
ENSSSCG00000063578,2.79037601349368,1.83550401746057
ENSSSCG00000044205,1.06474874199101,0.577843857348699
ENSSSCG00000062260,4.69958065430515,8.59967622995416
ENSSSCG00000001474,64.28879473194,51.598057379725
ENSSSCG00000018622,0.257008317032313,0.781788748177651
ENSSSCG00000000522,326.841148317378,330.016824176383
ENSSSCG00000032321,51.5852407757714,28.8242112371586
ENSSSCG00000035495,31.5018765733892,32.1893019358363
ENSSSCG00000000927,8.99529109613095,12.8825189373622
ENSSSCG00000000926,38.0739463946441,51.7000298251395
ENSSSCG00000000523,11.7856671096246,14.6160505094083
ENSSSCG00000027503,31.832315838145,32.6651733477706
ENSSSCG00000000925,16.7422560809621,25.901001135277
ENSSSCG00000036744,0.477301160202867,1.08770608442108
ENSSSCG00000000934,43.3976901045991,52.2778736824882
ENSSSCG00000040399,1.24832611129981,0.475871411934223
ENSSSCG00000000936,1.28504158516156,0.203944890828953
ENSSSCG00000000940,3.45125454300534,5.8464202037633
ENSSSCG00000000939,37.1927750219619,36.9140252400404
ENSSSCG00000040348,1.46861895447036,0.849770378453969
ENSSSCG00000031716,39.2855570320821,16.6215086025596
ENSSSCG00000000932,0.660878529511662,0.203944890828953
ENSSSCG00000034948,31.7956003642833,69.4092445121202
ENSSSCG00000031580,23.0206021113229,22.6718736971519
ENSSSCG00000000920,63.7013471501518,45.0378300580604
ENSSSCG00000000473,70.1265550759597,53.1956256912184
ENSSSCG00000043102,22.8370247420141,8.46371296940153
ENSSSCG00000037910,179.391805288554,76.5133248759954
ENSSSCG00000024065,67.5931873794983,90.3815774523641
ENSSSCG00000000475,8.00397330186346,7.47797933039493
ENSSSCG00000000941,12.0059599527952,11.1829781804542
ENSSSCG00000038987,9.58273867791909,9.24550171757918
ENSSSCG00000061326,1.10146421585277,1.25766016011187
ENSSSCG00000053882,1.65219632377915,3.19513662298692
ENSSSCG00000054466,0.73430947723518,0.54385304221054
ENSSSCG00000053777,0.477301160202867,0.101972445414476
ENSSSCG00000055447,1.06474874199101,2.10743053856584
ENSSSCG00000059748,17.0359798718562,18.6949483259873
ENSSSCG00000000477,10.5740564721866,11.99875774377
ENSSSCG00000054456,0.477301160202867,0.0679816302763175
ENSSSCG00000041180,45.1967483238253,17.0293983842175
ENSSSCG00000000478,5.25031276223153,6.93412628818439
ENSSSCG00000044141,3.85512475548469,4.04490700144089
ENSSSCG00000000516,2.90052243507896,0.509862227072381
ENSSSCG00000000517,77.1392105835556,76.2753891700282
ENSSSCG00000022055,0.514016634064626,0.237935705967111
ENSSSCG00000000519,24.6360829612403,77.2271319938967
ENSSSCG00000033524,8.62813635751336,9.07554764188839
ENSSSCG00000000483,41.8189247285435,42.2845740318695
ENSSSCG00000032595,93.4408809781766,68.3215384276991
ENSSSCG00000000486,27.3897435008722,22.1280206549413
ENSSSCG00000000487,8.73828277909864,4.82669574961854
ENSSSCG00000000488,54.375616789265,41.8766842502116
ENSSSCG00000035404,0.73430947723518,0.747797933039493
ENSSSCG00000023630,1.54204990219388,1.80151320232241
ENSSSCG00000038031,49.2721659224806,55.8129184568567
ENSSSCG00000000492,15.8610847082799,12.4746291557043
ENSSSCG00000037845,13.6948717504361,8.22577726343442
ENSSSCG00000000493,11.1982195278365,11.5228863318358
ENSSSCG00000000496,199.658746860245,218.730895414052
ENSSSCG00000000499,2.57008317032313,2.61729276563822
ENSSSCG00000000500,44.939740006793,62.2711733331068
ENSSSCG00000023936,1.68891179764091,2.54931113536191
ENSSSCG00000000502,60.7641092412111,83.5154327944561
ENSSSCG00000031173,0.807740424958698,1.01972445414476
ENSSSCG00000000504,30.8409980438775,20.1565533769281
ENSSSCG00000025969,3.01066885666424,3.67100803492115
ENSSSCG00000055572,4.07541759865525,4.96265901017118
ENSSSCG00000030511,23.0573175851846,44.4259953855735
ENSSSCG00000000509,61.8655734570639,89.3278621830812
ENSSSCG00000021270,24.672798435102,29.5040275399218
ENSSSCG00000000510,36.5318964924502,37.9337496941852
ENSSSCG00000000512,31.5018765733892,26.7847623288691
ENSSSCG00000000599,27.2428816054252,20.7343972342768
ENSSSCG00000000515,6.68221624284013,7.37600688498045
ENSSSCG00000054160,131.404680951235,142.14958890778
ENSSSCG00000048992,0.954602320405733,0.747797933039493
ENSSSCG00000045667,2.16621295784378,3.94293455602642
ENSSSCG00000053428,1.87248916694971,4.62275085878959
ENSSSCG00000047171,0.146861895447036,0.441880596796064
ENSSSCG00000046584,0.183577369308795,0.81577956331581
ENSSSCG00000052508,3.12081527824951,3.90894374088826
ENSSSCG00000000571,5.61746750084912,6.52623650652648
ENSSSCG00000054950,0.36715473861759,0.81577956331581
ENSSSCG00000000573,8.07740424958698,8.63366704509232
ENSSSCG00000034733,102.766611339063,43.6442066373958
ENSSSCG00000059025,50.3369146644716,51.9379655311066
ENSSSCG00000021410,104.455523136704,88.4101101743509
ENSSSCG00000000600,79.0116997505053,46.1255361424814
ENSSSCG00000000844,32.2361860506244,43.7121882676722
ENSSSCG00000031329,6.3517769780843,7.98784155746731
ENSSSCG00000000846,36.3116036492796,45.615673915409
ENSSSCG00000000848,41.6353473592347,14.6500413245464
ENSSSCG00000000847,79.7827247016023,34.5006773652311
ENSSSCG00000056928,20.560665362585,22.5699012517374
ENSSSCG00000000849,3125.99216006402,461.799214467025
ENSSSCG00000039397,93.4408809781766,128.587253667655
ENSSSCG00000000853,28.2341993996927,29.979898951856
ENSSSCG00000000570,51.181370563292,52.4818185733171
ENSSSCG00000000576,545.591941585738,416.591430333274
ENSSSCG00000036499,0.514016634064626,1.29165097525003
ENSSSCG00000000854,0.697594003373421,0.645825487625016
ENSSSCG00000032580,118.15039488714,107.309003391167
ENSSSCG00000032123,5.7276139224344,2.3113754293948
ENSSSCG00000000579,54.8896334233297,31.0336142211389
ENSSSCG00000000580,16.7789715548239,15.4998117030004
ENSSSCG00000000583,17.0726953457179,14.0721974671977
ENSSSCG00000000584,1.76234274536443,5.16660390100013
ENSSSCG00000028662,52.1359728836978,50.2724155893368
ENSSSCG00000000587,27.6834672917663,26.7507715137309
ENSSSCG00000000588,42.4798032580551,38.5115935515339
ENSSSCG00000000837,5.58075202698736,2.3113754293948
ENSSSCG00000000843,27.1694506577016,18.4570126200202
ENSSSCG00000000136,5.32374370995505,1.08770608442108
ENSSSCG00000000137,7.26966382462828,5.77843857348699
ENSSSCG00000000789,14.5393276492566,13.2224270887438
ENSSSCG00000040822,1.68891179764091,4.35082433768432
ENSSSCG00000000791,5.39717465767857,13.494353609849
ENSSSCG00000031701,24.5626520135168,24.2694420086453
ENSSSCG00000031775,19.9732177807969,19.6806819649939
ENSSSCG00000000793,55.8075202698736,45.6496647305472
ENSSSCG00000034066,16.5219632377915,16.7914626782504
ENSSSCG00000034491,18.9084690388059,21.2782502764874
ENSSSCG00000000779,15.7142228128328,23.4876532604677
ENSSSCG00000000138,4.58943423271987,0.951742823868445
ENSSSCG00000000139,63.0404686206402,54.3173225907777
ENSSSCG00000000783,13.1441396425097,12.8145373070858
ENSSSCG00000038190,27.573320870181,22.9438002182572
ENSSSCG00000000133,96.6351272041496,80.286305356331
ENSSSCG00000000784,21.478552209129,32.6651733477706
ENSSSCG00000039587,3.74497833389942,3.90894374088826
ENSSSCG00000038966,140.179679204196,139.090415545346
ENSSSCG00000060319,0.624163055649903,0.407889781657905
ENSSSCG00000000816,9.32573036088678,10.061281280895
ENSSSCG00000021129,63.1138995683637,64.1066773505674
ENSSSCG00000021024,0.881171372682216,1.29165097525003
ENSSSCG00000000239,1.17489516357629,0
ENSSSCG00000021654,2.53336769646137,2.82123765646718
ENSSSCG00000024474,2.53336769646137,0.203944890828953
ENSSSCG00000000240,10.9412112108042,0.135963260552635
ENSSSCG00000000798,115.947466455435,96.6018966226472
ENSSSCG00000043201,0.220292843170554,0.407889781657905
ENSSSCG00000060059,0.587447581788144,0.101972445414476
ENSSSCG00000000130,2.53336769646137,3.26311825326324
ENSSSCG00000021944,13.1441396425097,6.25430998542121
ENSSSCG00000029412,0.257008317032313,0.951742823868445
ENSSSCG00000055678,96.9655664689055,5.20059471613829
ENSSSCG00000029668,8.70156730523688,4.11288863171721
ENSSSCG00000026067,5.06673539292274,5.23458553127645
ENSSSCG00000000135,27.2795970792869,15.8737106695201
ENSSSCG00000000252,615.277910975357,616.389441715371
ENSSSCG00000000807,18.2108750354325,7.68192422122388
ENSSSCG00000051741,0.660878529511662,0.135963260552635
ENSSSCG00000000253,210.563242597188,65.6022732166464
ENSSSCG00000000808,102.326025652722,94.4604752689432
ENSSSCG00000032028,362.271580593976,250.784234089335
ENSSSCG00000000263,108.016924101295,110.844048165536
ENSSSCG00000026597,4.18556402024052,0.373898966519746
ENSSSCG00000000810,78.5343985903025,33.1750355748429
ENSSSCG00000000811,19.4592011467323,9.85733639006604
ENSSSCG00000043909,59.9563688162524,46.7373708149683
ENSSSCG00000021166,45.857626853337,41.7067301745208
ENSSSCG00000033142,7.08608645531948,10.5031618776911
ENSSSCG00000000262,98.3240390017906,74.3379127071532
ENSSSCG00000000261,40.0198665093173,22.3659563609085
ENSSSCG00000023526,36.5318964924502,36.3361813826917
ENSSSCG00000000260,0.36715473861759,0.339908151381588
ENSSSCG00000036775,39.2855570320821,50.7142961861329
ENSSSCG00000027859,138.931353092896,133.345967786997
ENSSSCG00000000259,31.7956003642833,22.9777910333953
ENSSSCG00000020864,1.02803326812925,1.18967852983556
ENSSSCG00000028397,71.8154668736006,51.5300757494487
ENSSSCG00000025523,0.477301160202867,0.509862227072381
ENSSSCG00000036564,56.5051142732471,67.6077313097978
ENSSSCG00000000257,1.6154808499174,1.12169689955924
ENSSSCG00000000258,37.2662059696854,64.6165395776398
ENSSSCG00000049975,1.83577369308795,3.84096211061194
ENSSSCG00000000264,32.3463324722097,27.0566888499744
ENSSSCG00000000265,3.96527117706997,0.645825487625016
ENSSSCG00000055785,0.293723790894072,0.373898966519746
ENSSSCG00000049194,0.587447581788144,0.747797933039493
ENSSSCG00000046790,0.587447581788144,0.27192652110527
ENSSSCG00000063156,1.72562727150267,1.69954075690794
ENSSSCG00000058075,0.917886846543975,0.951742823868445
ENSSSCG00000055016,13.2910015379568,10.2652261717239
ENSSSCG00000060938,0.146861895447036,0.509862227072381
ENSSSCG00000000267,66.8955933761249,62.101219257416
ENSSSCG00000046295,25.4805388600607,27.2266429256652
ENSSSCG00000000268,19.8997868330734,12.9844913827766
ENSSSCG00000000272,45.857626853337,37.6618231730799
ENSSSCG00000000271,2.0560665362585,2.85522847160534
ENSSSCG00000000273,94.1751904554118,80.5922226925744
ENSSSCG00000000274,503.699585909471,498.747230522203
ENSSSCG00000000275,29.2255171939601,14.8879770305135
ENSSSCG00000000276,72.4396299292505,31.9513662298692
ENSSSCG00000000277,2.49665222259961,2.10743053856584
ENSSSCG00000000278,71.3381657133977,78.6547462296994
ENSSSCG00000062561,149.358547669636,156.73164860205
ENSSSCG00000028481,127.696418091198,131.238537248431
ENSSSCG00000022728,2.8638069612172,0.203944890828953
ENSSSCG00000034474,2.09278201012026,6.49224569138832
ENSSSCG00000038644,11.4552278448688,36.404163012968
ENSSSCG00000030585,14.5026121753948,23.4876532604677
ENSSSCG00000040798,6.20491508263727,7.1720619941515
ENSSSCG00000038993,163.897875318892,159.246968922274
ENSSSCG00000039191,136.434700870296,115.364826578911
ENSSSCG00000000288,429.57104418258,331.444438412186
ENSSSCG00000000289,0.220292843170554,0.407889781657905
ENSSSCG00000000290,184.458540681477,123.012759984997
ENSSSCG00000000292,13.107424168648,10.8090792139345
ENSSSCG00000000293,89.3287479056596,80.3202961714691
ENSSSCG00000026333,0.660878529511662,0.0679816302763175
ENSSSCG00000000295,6.68221624284013,3.7049988500593
ENSSSCG00000000297,7.04937098145772,4.69073248906591
ENSSSCG00000000298,3.45125454300534,21.8560941338361
ENSSSCG00000000120,31.3182992040804,31.6454488936258
ENSSSCG00000000121,1.06474874199101,0.849770378453969
ENSSSCG00000029945,7.71024951096939,8.29375889371074
ENSSSCG00000039348,128.394012094571,120.463448849635
ENSSSCG00000020777,78.0938129039614,182.904576258432
ENSSSCG00000021663,23.0573175851846,27.0226980348362
ENSSSCG00000033854,339.471271325824,223.523600348532
ENSSSCG00000034632,2.42322127487609,4.41880596796064
ENSSSCG00000028531,5.03001991906098,7.37600688498045
ENSSSCG00000024895,89.4388943272449,94.426484453805
ENSSSCG00000021728,0.73430947723518,0.373898966519746
ENSSSCG00000026108,0.183577369308795,0.407889781657905
ENSSSCG00000025260,56.4316833255236,35.554392634514
ENSSSCG00000030209,6.5353543473931,4.07889781657905
ENSSSCG00000024221,38.1106618685058,40.9249414263431
ENSSSCG00000000141,212.215438920967,211.218925268518
ENSSSCG00000000142,11.5653742664541,15.3638484424478
ENSSSCG00000000144,79.1585616459524,73.8960321103571
ENSSSCG00000000162,6.90250908601069,16.4515545268688
ENSSSCG00000000164,42.6266651535022,40.1771434933036
ENSSSCG00000039109,15.1267752310447,25.3571480930664
ENSSSCG00000038968,126.191083662866,84.5011664334627
ENSSSCG00000000167,22.9104556897376,35.6563650799285
ENSSSCG00000052141,0.220292843170554,0.475871411934223
ENSSSCG00000057209,29.9231111973336,27.7025143375994
ENSSSCG00000024881,32.9337800539978,37.0159976854549
ENSSSCG00000000171,49.3455968702041,12.3726567102898
ENSSSCG00000032861,16.1915239730357,19.7826544104084
ENSSSCG00000000232,20.7075272580321,11.4209138864213
ENSSSCG00000000233,28.7115005598955,25.5271021687572
ENSSSCG00000000234,5.54403655312561,3.16114580784876
ENSSSCG00000031321,16.4852477639298,5.09862227072381
ENSSSCG00000033687,23.2408949544934,22.3319655457703
ENSSSCG00000040636,3.45125454300534,3.60302640464483
ENSSSCG00000000248,4.69958065430515,2.24339379911848
ENSSSCG00000000250,0.624163055649903,0
ENSSSCG00000037806,5.14016634064626,0.101972445414476
ENSSSCG00000000131,19.2021928296999,5.16660390100013
ENSSSCG00000062762,1.57876537605564,1.1556877146974
ENSSSCG00000055168,0.293723790894072,0.54385304221054
ENSSSCG00000042139,24.1954972748992,7.07008954873702
ENSSSCG00000058508,2.31307485329082,4.4527967830988
ENSSSCG00000059218,6.13148413491375,12.9844913827766
ENSSSCG00000045128,23.2041794806317,5.94839264917778
ENSSSCG00000043586,0.440585686341108,0.54385304221054
ENSSSCG00000042921,3.047384330526,6.5942181368028
ENSSSCG00000053175,83.0504018752988,86.064743929818
ENSSSCG00000044335,0.293723790894072,1.1556877146974
ENSSSCG00000053804,1.68891179764091,3.84096211061194
ENSSSCG00000041189,11.8590980573482,23.8955430421256
ENSSSCG00000047641,0.514016634064626,0.203944890828953
ENSSSCG00000057223,2.38650580101433,0.54385304221054
ENSSSCG00000053481,2.12949748398202,0.577843857348699
ENSSSCG00000062487,8.73828277909864,12.7805464919477
ENSSSCG00000029249,4.66286518044339,15.1599035516188
ENSSSCG00000000950,12.6301230084451,2.99119173215797
ENSSSCG00000000951,46.8122291737427,85.7248357784364
ENSSSCG00000000952,38.698109450294,49.1507186897776
ENSSSCG00000000943,0.477301160202867,0.101972445414476
ENSSSCG00000038973,173.66419136612,228.860158325223
ENSSSCG00000036560,98.5076163710993,105.541481003983
ENSSSCG00000000948,0.514016634064626,0.237935705967111
ENSSSCG00000025041,14.8330514401506,21.5841676127308
ENSSSCG00000043130,1.21161063743805,2.20940298398032
ENSSSCG00000044577,1.57876537605564,1.29165097525003
ENSSSCG00000000890,18.9818999865294,18.5929758805728
ENSSSCG00000000873,47.3629612816691,6.56022732166464
ENSSSCG00000038487,15.0900597571829,28.2123765646718
ENSSSCG00000000862,47.3996767555308,56.2547990536527
ENSSSCG00000036075,23.8650580101433,37.6618231730799
ENSSSCG00000023972,13.8417336458831,7.40999770011861
ENSSSCG00000000863,0.771024951096939,2.24339379911848
ENSSSCG00000000864,71.5584585565683,100.918730145193
ENSSSCG00000000866,1.54204990219388,1.39362342066451
ENSSSCG00000000867,6.71893171670189,5.98238346431594
ENSSSCG00000000870,177.372454226158,131.340509693845
ENSSSCG00000000869,19.7529249376263,25.7990286898625
ENSSSCG00000047368,0.807740424958698,0.883761193592128
ENSSSCG00000000874,2.97395338280248,0.713807117901334
ENSSSCG00000000875,0.587447581788144,0.169954075690794
ENSSSCG00000038946,0.73430947723518,6.5942181368028
ENSSSCG00000000877,79.4522854368464,73.5561239589755
ENSSSCG00000036721,0.146861895447036,0.54385304221054
ENSSSCG00000025682,29.9231111973336,35.3844385588233
ENSSSCG00000026697,91.5683918112269,126.27587823826
ENSSSCG00000022083,4.62614970658163,2.41334787480927
ENSSSCG00000000884,36.0178798583856,82.1897910040679
ENSSSCG00000038772,26.9858732883929,13.1204546433293
ENSSSCG00000000886,390.909650206148,335.761271934732
ENSSSCG00000000856,3.34110812142007,0.54385304221054
ENSSSCG00000000857,19.6060630421793,21.618158427869
ENSSSCG00000000859,1.4319034806086,0.917752008730286
ENSSSCG00000000860,6.31506150422254,6.0163742794541
ENSSSCG00000033574,178.804357706766,259.281937873875
ENSSSCG00000000905,34.2555371130211,52.4138369430408
ENSSSCG00000000906,5.14016634064626,11.2169689955924
ENSSSCG00000024563,65.8308446341339,83.5154327944561
ENSSSCG00000000907,25.7742626509548,91.5372651670615
ENSSSCG00000053891,53.2007216256888,33.4809529110864
ENSSSCG00000030478,13.401147959542,16.485545342007
ENSSSCG00000000908,93.9181821383795,84.1272674669429
ENSSSCG00000040056,51.4750943541861,73.7600688498045
ENSSSCG00000044340,58.3041724924733,86.7445602325811
ENSSSCG00000054432,0.220292843170554,1.59756831149346
ENSSSCG00000056574,0.257008317032313,0.747797933039493
ENSSSCG00000051152,0.36715473861759,0.917752008730286
ENSSSCG00000060820,0.293723790894072,0.985733639006604
ENSSSCG00000041533,0.36715473861759,0.339908151381588
ENSSSCG00000055544,3.01066885666424,4.89467737989486
ENSSSCG00000054173,0.257008317032313,0.339908151381588
ENSSSCG00000054130,0.220292843170554,0.713807117901334
ENSSSCG00000044054,0.514016634064626,0.373898966519746
ENSSSCG00000058405,1.13817968971453,0.917752008730286
ENSSSCG00000050072,0.73430947723518,1.42761423580267
ENSSSCG00000018262,0.697594003373421,0.509862227072381
ENSSSCG00000000910,5.58075202698736,4.79270493448038
ENSSSCG00000057823,2.31307485329082,1.7335315720461
ENSSSCG00000031925,5.14016634064626,8.22577726343442
ENSSSCG00000000107,81.3614900776579,118.899871353279
ENSSSCG00000000108,54.6693405801591,43.2703076708761
ENSSSCG00000031660,1.02803326812925,0.475871411934223
ENSSSCG00000051883,34.1821061652976,30.7616877000337
ENSSSCG00000022364,17.8804357706766,11.1829781804542
ENSSSCG00000034776,0.477301160202867,1.08770608442108
ENSSSCG00000000002,3.26767717369655,1.59756831149346
ENSSSCG00000000003,112.09234169995,58.226266331666
ENSSSCG00000035583,0.624163055649903,0.475871411934223
ENSSSCG00000000005,17.9538667184001,18.2530677291913
ENSSSCG00000000006,5.21359728836978,7.20605280928966
ENSSSCG00000032428,59.5157831299113,47.0432881512117
ENSSSCG00000027365,15.4939299696623,19.9526084860992
ENSSSCG00000024864,108.567656209221,73.8280504800808
ENSSSCG00000000010,1564.00575556321,505.681356810388
ENSSSCG00000024718,209.792217646091,177.194119315222
ENSSSCG00000032971,1.76234274536443,2.82123765646718
ENSSSCG00000000967,142.34589216204,154.69219969376
ENSSSCG00000031420,11.6020897403158,9.99329965061867
ENSSSCG00000000965,10.2803326812925,10.0952720960331
ENSSSCG00000000964,88.7045848500097,69.6131894029491
ENSSSCG00000034843,67.8134802226688,104.793683070943
ENSSSCG00000032820,49.2354504486188,72.9782801016268
ENSSSCG00000000647,6.68221624284013,0.951742823868445
ENSSSCG00000000645,93.1838726611443,94.5284568992195
ENSSSCG00000000748,0.844455898820457,0.27192652110527
ENSSSCG00000000749,0.73430947723518,0.0339908151381588
ENSSSCG00000030076,1.54204990219388,0.917752008730286
ENSSSCG00000000751,7.26966382462828,6.56022732166464
ENSSSCG00000000719,38.5879630287087,40.5170516446852
ENSSSCG00000000720,5.32374370995505,8.12380481801994
ENSSSCG00000000721,3.12081527824951,4.48678759823696
ENSSSCG00000000722,2.01935106239674,2.58330195050007
ENSSSCG00000000723,26.0312709679871,31.0336142211389
ENSSSCG00000024219,11.5653742664541,9.99329965061867
ENSSSCG00000038694,17.2562727150267,19.9865993012373
ENSSSCG00000000728,13.3277170118185,10.2652261717239
ENSSSCG00000000732,2.68022959190841,1.93747646287505
ENSSSCG00000000730,2.01935106239674,1.22366934497372
ENSSSCG00000033327,12.1528218482422,10.9450424744871
ENSSSCG00000060236,4.03870212479349,7.61394259094756
ENSSSCG00000054928,2.64351411804665,1.80151320232241
ENSSSCG00000040334,62.8201757774696,51.3261308586197
ENSSSCG00000000092,18.3577369308795,53.7734695485671
ENSSSCG00000000093,116.094328350882,102.414326011272
ENSSSCG00000000095,110.770584640927,98.5733639006604
ENSSSCG00000000094,142.970055217689,236.236165210203
ENSSSCG00000039555,37.2294904958236,39.5313180056786
ENSSSCG00000000097,78.5711140641642,83.1415338279363
ENSSSCG00000043051,56.0278131130442,65.6702548469227
ENSSSCG00000035577,27.8670446610751,43.9841147887774
ENSSSCG00000055522,32.3463324722097,57.3085143229357
ENSSSCG00000000103,1.06474874199101,1.90348564773689
ENSSSCG00000000104,648.578845767972,1057.62421302381
ENSSSCG00000000105,63.9950709410459,17.5732514264281
ENSSSCG00000000955,34.6961227993622,23.0797634788098
ENSSSCG00000038763,27.720182765628,31.5434764482113
ENSSSCG00000031441,53.3475835211358,64.9904385441595
ENSSSCG00000031361,304.775148526461,467.815588746479
ENSSSCG00000000635,2.64351411804665,2.68527439591454
ENSSSCG00000000636,0.440585686341108,0.101972445414476
ENSSSCG00000000640,0.844455898820457,0.475871411934223
ENSSSCG00000040465,1.46861895447036,2.58330195050007
ENSSSCG00000026217,0.257008317032313,0.509862227072381
ENSSSCG00000029464,41.5619164115112,56.8326429110014
ENSSSCG00000000634,0.36715473861759,0.475871411934223
ENSSSCG00000000766,7.45324119393707,9.48343742354629
ENSSSCG00000054115,121.675080377869,100.61281280895
ENSSSCG00000040373,42.4430877841934,32.5292100872179
ENSSSCG00000000769,22.4698700033965,26.6487990683165
ENSSSCG00000000770,83.8581423002575,186.473611847939
ENSSSCG00000027190,89.0350241147655,60.4356693156463
ENSSSCG00000060615,3.01066885666424,2.44733868994743
ENSSSCG00000000774,53.6045918381681,35.2824661134088
ENSSSCG00000050087,0.257008317032313,0.373898966519746
ENSSSCG00000000778,3.92855570320821,1.59756831149346
ENSSSCG00000052986,1.83577369308795,1.39362342066451
ENSSSCG00000000656,1.13817968971453,1.42761423580267
ENSSSCG00000000653,0.440585686341108,0.135963260552635
ENSSSCG00000000734,18.3944524047412,12.5426107859806
ENSSSCG00000000735,70.6038562361625,74.303921892015
ENSSSCG00000000736,7.71024951096939,3.84096211061194
ENSSSCG00000000737,105.41012545711,88.2741469137983
ENSSSCG00000000738,44.6093007420372,13.1884362736056
ENSSSCG00000000739,6.42520792580782,1.22366934497372
ENSSSCG00000000740,4.4792878111346,4.69073248906591
ENSSSCG00000000741,6.57206982125486,15.9077014846583
ENSSSCG00000000742,31.2815837302187,24.7453134205796
ENSSSCG00000000743,1126.83460829124,476.6532006824
ENSSSCG00000000744,0.403870212479349,0.135963260552635
ENSSSCG00000000745,21.9191378954701,26.546826622902
ENSSSCG00000000746,36.3483191231414,46.9413157057972
ENSSSCG00000044015,0.624163055649903,0.883761193592128
ENSSSCG00000024152,62.9670376729167,47.1792514117643
ENSSSCG00000049579,0.73430947723518,1.22366934497372
ENSSSCG00000037609,34.1086752175741,31.2375591119679
ENSSSCG00000000633,79.8928711231875,91.5032743519234
ENSSSCG00000000753,120.096315001814,119.307761134937
ENSSSCG00000030165,3.41453906914359,2.141421353704
ENSSSCG00000000110,28.3810612951397,22.1960022852177
ENSSSCG00000000754,13.6948717504361,21.7881125035598
ENSSSCG00000000755,73.430947723518,78.2468564480415
ENSSSCG00000000111,3.96527117706997,2.78724684132902
ENSSSCG00000000759,3.23096169983479,2.141421353704
ENSSSCG00000000113,0.587447581788144,0.475871411934223
ENSSSCG00000000114,35.7608715413532,30.4557703637902
ENSSSCG00000052463,5.83776034401968,7.7499058515002
ENSSSCG00000000116,30.9144289916011,51.4281033040342
ENSSSCG00000000757,80.3334568095287,74.2359402617387
ENSSSCG00000039315,1.39518800674684,0.611834672486858
ENSSSCG00000026537,5.39717465767857,0.0679816302763175
ENSSSCG00000000117,93.4408809781766,109.960286971944
ENSSSCG00000000118,86.2446481012718,90.0416693009825
ENSSSCG00000000119,252.382167325731,201.055671542209
ENSSSCG00000000760,1.83577369308795,0.747797933039493
ENSSSCG00000023976,10.2803326812925,11.0470149199016
ENSSSCG00000059113,0.660878529511662,0.883761193592128
ENSSSCG00000000007,14.7596204924271,15.635774963553
ENSSSCG00000039522,17.7335738752296,31.8154029693166
ENSSSCG00000023749,0.697594003373421,0.135963260552635
ENSSSCG00000059591,1.72562727150267,0.407889781657905
ENSSSCG00000000968,158.610847082799,167.43875537057
ENSSSCG00000000970,135.25980570672,175.970449970248
ENSSSCG00000034272,191.985212823138,276.073400552125
ENSSSCG00000000059,67.0424552715719,50.0684706985078
ENSSSCG00000034265,22.2862926340877,19.5107278893031
ENSSSCG00000000061,17.2562727150267,12.1007301891845
ENSSSCG00000000062,15.1634907049065,10.4351802474147
ENSSSCG00000000063,5.21359728836978,4.11288863171721
ENSSSCG00000000064,294.751824162201,228.146351207322
ENSSSCG00000035082,30.620705200707,40.0071894176128
ENSSSCG00000037958,167.459276283483,213.59828232819
ENSSSCG00000035152,61.4984187184463,82.4957083403113
ENSSSCG00000033036,191.728204506105,229.845891964229
ENSSSCG00000028202,50.5204920337804,80.5582318774362
ENSSSCG00000000067,1.28504158516156,1.63155912663162
ENSSSCG00000000066,39.6159962968379,39.2593914845734
ENSSSCG00000000068,148.550807244677,172.503386826156
ENSSSCG00000034230,87.9702753727745,85.5888725178837
ENSSSCG00000033823,37.5966452344412,45.1058116883367
ENSSSCG00000000071,383.125969747455,309.758298354041
ENSSSCG00000000072,41.0478997774465,36.2342089372772
ENSSSCG00000000075,11.7122361619011,14.1061882823359
ENSSSCG00000000076,68.1806349612864,57.7843857348699
ENSSSCG00000000077,33.6313740573712,34.262741659264
ENSSSCG00000000078,15.6775073389711,18.626966695711
ENSSSCG00000000079,27.573320870181,21.0743053856584
ENSSSCG00000000080,0.36715473861759,0.339908151381588
ENSSSCG00000000025,3.15753075211127,2.03944890828953
ENSSSCG00000000024,7.82039593255466,5.13261308586197
ENSSSCG00000028346,48.7581492884159,43.678197452534
ENSSSCG00000027266,0.293723790894072,0.577843857348699
ENSSSCG00000000026,1.10146421585277,1.25766016011187
ENSSSCG00000060901,4.51600328499635,4.35082433768432
ENSSSCG00000000028,21.2949748398202,16.6894902328359
ENSSSCG00000038685,4.51600328499635,5.77843857348699
ENSSSCG00000035991,5.94790676560496,2.92321010188165
ENSSSCG00000039074,2.0560665362585,1.52958668121714
ENSSSCG00000035755,2.79037601349368,2.58330195050007
ENSSSCG00000026092,253.043045855243,193.577692211814
ENSSSCG00000035565,35.9077334368003,14.3101331731648
ENSSSCG00000034405,14.4291812276713,18.0831136535005
ENSSSCG00000000058,123.106983858478,119.137807059246
ENSSSCG00000000106,1.72562727150267,1.39362342066451
ENSSSCG00000049725,1.17489516357629,1.86949483259873
ENSSSCG00000056023,0.73430947723518,1.52958668121714
ENSSSCG00000053202,0.844455898820457,0.849770378453969
ENSSSCG00000061791,0.514016634064626,2.88921928674349
ENSSSCG00000060781,0.330439264755831,0.611834672486858
ENSSSCG00000063551,1.28504158516156,0.611834672486858
ENSSSCG00000053509,4.69958065430515,2.3113754293948
ENSSSCG00000062767,0.183577369308795,0.373898966519746
ENSSSCG00000052992,0.257008317032313,0.441880596796064
ENSSSCG00000052297,1.24832611129981,0.81577956331581
ENSSSCG00000049044,0.550732107926385,2.07343972342768
ENSSSCG00000062884,15.8610847082799,21.2782502764874
ENSSSCG00000058612,0.403870212479349,0.849770378453969
ENSSSCG00000060988,9.69288509950437,5.50651205238172
ENSSSCG00000060843,9.06872204385447,16.5875177874215
ENSSSCG00000047396,0.881171372682216,0.407889781657905
ENSSSCG00000018737,0.330439264755831,0.577843857348699
ENSSSCG00000000091,5.65418297471088,4.62275085878959
ENSSSCG00000054712,0.440585686341108,1.01972445414476
ENSSSCG00000055899,3.85512475548469,4.82669574961854
ENSSSCG00000062516,0.514016634064626,0.305917336243429
ENSSSCG00000000455,37.009197652653,46.7033799998301
ENSSSCG00000000456,2.09278201012026,3.67100803492115
ENSSSCG00000000361,455.382022307397,285.828764496777
ENSSSCG00000000363,8.15083519731049,9.10953845702655
ENSSSCG00000000364,33.3743657403389,31.7814121541784
ENSSSCG00000000365,82.9035399798518,78.0429115572125
ENSSSCG00000000366,79.8928711231875,84.1952490972192
ENSSSCG00000000367,37.3763523912706,35.0785212225798
ENSSSCG00000000368,22.1027152647789,7.71591503636204
ENSSSCG00000023715,293.099627838422,251.701986098066
ENSSSCG00000023788,20.7809582057556,20.3604982677571
ENSSSCG00000030998,1.72562727150267,9.78935475978972
ENSSSCG00000000469,25.443823386199,28.2803581949481
ENSSSCG00000026004,130.707086947862,194.733379926512
ENSSSCG00000036237,241.404240641065,101.666528078233
ENSSSCG00000000545,20.9278201012026,23.2837083696387
ENSSSCG00000053091,1.87248916694971,3.2971090684014
ENSSSCG00000000547,28.4177767690015,23.2497175545006
ENSSSCG00000000549,70.383563392992,49.0827370595012
ENSSSCG00000000551,2.90052243507896,2.00545809315137
ENSSSCG00000022288,19.7529249376263,14.6500413245464
ENSSSCG00000041972,31.2448682563569,28.4503122706389
ENSSSCG00000000553,30.8409980438775,24.4393960843361
ENSSSCG00000000554,16.7422560809621,19.2048105530597
ENSSSCG00000030443,23.461187797664,21.2782502764874
ENSSSCG00000022611,27.6467518179045,33.2430172051193
ENSSSCG00000000359,32.2361860506244,25.3571480930664
ENSSSCG00000034686,0.660878529511662,0
ENSSSCG00000000457,28.5646386644485,27.0226980348362
ENSSSCG00000000458,69.3922455987245,58.3622295922186
ENSSSCG00000000534,60.32352355487,67.7097037552122
ENSSSCG00000036751,58.8549046003996,32.767145793185
ENSSSCG00000033383,0.440585686341108,0.883761193592128
ENSSSCG00000000462,13.3277170118185,9.34747416299366
ENSSSCG00000029815,22.6534473727053,11.9647669286319
ENSSSCG00000039258,5.1034508667845,5.64247531293435
ENSSSCG00000000464,0.624163055649903,0.169954075690794
ENSSSCG00000000466,118.811273416652,120.463448849635
ENSSSCG00000024232,52.9804287825182,61.3534213243765
ENSSSCG00000031103,30.0699730927806,28.3143490100862
ENSSSCG00000045661,0.146861895447036,0.713807117901334
ENSSSCG00000000567,8.84842920068392,5.33655797669092
ENSSSCG00000039060,181.337725403228,154.896144584589
ENSSSCG00000040825,26.0679864418489,24.1674695632309
ENSSSCG00000000370,25.9211245464018,44.0520964190537
ENSSSCG00000000528,48.133986232766,51.7680114554158
ENSSSCG00000027429,8.18755067117225,8.93958438133575
ENSSSCG00000000371,0.771024951096939,0.679816302763175
ENSSSCG00000000530,6.46192339966958,8.7356394905068
ENSSSCG00000062039,27.1694506577016,31.5434764482113
ENSSSCG00000000376,49.4924587656511,26.6148082531783
ENSSSCG00000031139,32.3830479460714,29.9459081367179
ENSSSCG00000020725,68.5110742260423,74.2359402617387
ENSSSCG00000000531,6.79236266442541,9.10953845702655
ENSSSCG00000053807,368.990512310678,258.296204234868
ENSSSCG00000030616,62.7834603036079,100.782766884641
ENSSSCG00000000377,106.87874441158,134.433673871418
ENSSSCG00000034407,74.5324119393707,52.1759012370737
ENSSSCG00000033766,51.3649479326008,21.7541216884216
ENSSSCG00000033310,941.201172446191,877.336929531016
ENSSSCG00000033568,13.8050181720214,12.3046750800135
ENSSSCG00000000379,80.4803187049757,84.9770378453969
ENSSSCG00000022636,4.36914138954932,4.31683352254616
ENSSSCG00000037732,63.9583554671841,74.7797933039493
ENSSSCG00000036893,15.8610847082799,10.5031618776911
ENSSSCG00000026719,26.1414173895724,22.5699012517374
ENSSSCG00000038998,0.257008317032313,0.475871411934223
ENSSSCG00000027447,9.76631604722789,12.5086199708424
ENSSSCG00000000540,0.220292843170554,0.373898966519746
ENSSSCG00000063428,8.22426614503401,2.82123765646718
ENSSSCG00000000536,60.9476866105199,53.0596624306658
ENSSSCG00000000382,171.057392721935,191.708197379215
ENSSSCG00000000383,49.7494670826834,42.6584729983892
ENSSSCG00000000384,38.5512475548469,36.6420987189351
ENSSSCG00000000385,2.34979032715257,2.03944890828953
ENSSSCG00000000386,41.5619164115112,43.882142343363
ENSSSCG00000025190,5.36045918381681,3.05917336243429
ENSSSCG00000035686,119.435436472302,104.419784104424
ENSSSCG00000000394,140.069532782611,72.4684178745545
ENSSSCG00000000393,107.833346731986,92.48900799093
ENSSSCG00000000396,78.9382688027818,51.4281033040342
ENSSSCG00000000399,2.97395338280248,2.7192652110527
ENSSSCG00000000541,3.6715473861759,7.98784155746731
ENSSSCG00000000398,1.24832611129981,1.66554994176978
ENSSSCG00000000555,17.1094108195797,18.8649024016781
ENSSSCG00000028066,6.13148413491375,7.44398851525677
ENSSSCG00000000401,2.01935106239674,2.141421353704
ENSSSCG00000000402,41.5986318853729,42.3185648470077
ENSSSCG00000042702,0.550732107926385,0.577843857348699
ENSSSCG00000052150,0.183577369308795,0.373898966519746
ENSSSCG00000046199,0.954602320405733,1.01972445414476
ENSSSCG00000000403,62.1225817740962,86.064743929818
ENSSSCG00000059539,52.7968514132094,56.4587439444817
ENSSSCG00000062311,4.2957104418258,6.5942181368028
ENSSSCG00000000405,446.90074784533,454.763115733426
ENSSSCG00000000406,241.220663271757,326.277834511186
ENSSSCG00000060628,51.4016634064626,43.1683352254616
ENSSSCG00000020830,606.172473457641,535.015430274619
ENSSSCG00000026055,6.71893171670189,5.77843857348699
ENSSSCG00000027854,0.697594003373421,1.1556877146974
ENSSSCG00000052675,0.697594003373421,0.407889781657905
ENSSSCG00000037701,12.0793909005187,16.0776555603491
ENSSSCG00000037617,7.23294835076652,10.4691710625529
ENSSSCG00000055762,52.9437133086564,2.95720091701981
ENSSSCG00000000413,2.71694506577016,1.22366934497372
ENSSSCG00000025542,10.0967553119837,11.8627944832174
ENSSSCG00000000411,17.5867119797826,30.82966933031
ENSSSCG00000040435,117.416085409905,113.019460334378
ENSSSCG00000050398,3.89184022934645,7.44398851525677
ENSSSCG00000037077,36.5686119663119,23.113754293948
ENSSSCG00000027621,4.88315802361394,2.54931113536191
ENSSSCG00000026498,108.641087156945,113.495331746312
ENSSSCG00000000453,8.40784351434281,9.78935475978972
ENSSSCG00000057523,6.31506150422254,4.4527967830988
ENSSSCG00000052454,1.06474874199101,1.86949483259873
ENSSSCG00000059428,0.844455898820457,3.56903558950667
ENSSSCG00000019795,0.293723790894072,0.373898966519746
ENSSSCG00000037597,16.3383858684827,16.2136188209017
ENSSSCG00000039506,1111.15710095227,1484.07297974715
ENSSSCG00000052944,0.440585686341108,0.407889781657905
ENSSSCG00000000014,62.9303221990549,82.2917634494823
ENSSSCG00000031423,1.54204990219388,44.4259953855735
ENSSSCG00000000018,107.539622941092,97.9955200433117
ENSSSCG00000000019,78.4976831164407,77.6010309604164
ENSSSCG00000000021,37.4864988128559,30.3537979183758
ENSSSCG00000021748,12.5566920607216,10.0272904657568
ENSSSCG00000000022,128.981459676359,131.340509693845
ENSSSCG00000060019,23.9017734840051,22.9438002182572
ENSSSCG00000059058,241.514387062651,194.359480959992
ENSSSCG00000039538,15.530645443524,14.0382066520596
ENSSSCG00000038126,10.6474874199101,7.85187829691467
ENSSSCG00000000087,52.1359728836978,55.9828725325475
ENSSSCG00000020873,54.3021858415415,76.445343245719
ENSSSCG00000040494,1019.9191484058,821.014148847087
ENSSSCG00000060964,2.42322127487609,2.27738461425664
ENSSSCG00000000020,10.2803326812925,12.1687118194608
ENSSSCG00000000082,2.45993674873785,2.75325602619086
ENSSSCG00000018935,0.293723790894072,0.339908151381588
ENSSSCG00000034473,0.587447581788144,0.475871411934223
ENSSSCG00000031661,41.5986318853729,67.1998415281399
ENSSSCG00000000174,0.477301160202867,0.781788748177651
ENSSSCG00000000175,163.090134893933,148.743807044583
ENSSSCG00000032967,47.4731077032544,43.7461790828103
ENSSSCG00000000176,57.8268713322704,55.6089735660277
ENSSSCG00000038562,3.4879700168671,2.141421353704
ENSSSCG00000000179,96.6718426780114,94.6644201597721
ENSSSCG00000059895,74.3121190962002,19.4427462590268
ENSSSCG00000032202,97.185859312076,86.7445602325811
ENSSSCG00000051954,40.7908914604142,30.3198071032376
ENSSSCG00000000182,1.50533442833212,1.22366934497372
ENSSSCG00000000183,0.403870212479349,0.135963260552635
ENSSSCG00000000185,57.6432939629616,53.8414511788435
ENSSSCG00000042640,143.594218273339,236.542082546447
ENSSSCG00000000186,0.36715473861759,1.12169689955924
ENSSSCG00000000188,0.550732107926385,0.0679816302763175
ENSSSCG00000000189,22.7268783204288,36.0642548615864
ENSSSCG00000000190,187.799648802897,359.724796607134
ENSSSCG00000000194,90.2466347522036,81.9858461132389
ENSSSCG00000061347,496.613499454152,562.276064015422
ENSSSCG00000000195,2.16621295784378,0.849770378453969
ENSSSCG00000023176,1.72562727150267,0.27192652110527
ENSSSCG00000000197,43.5445520000462,26.7507715137309
ENSSSCG00000000198,7.19623287690476,1.63155912663162
ENSSSCG00000000199,105.483556404834,50.2384247741986
ENSSSCG00000000203,58.8916200742614,81.78190122241
ENSSSCG00000000202,48.6847183406924,36.5061354583825
ENSSSCG00000053843,0.807740424958698,1.01972445414476
ENSSSCG00000000205,8.15083519731049,10.5371526928292
ENSSSCG00000000204,54.3021858415415,71.8225923869294
ENSSSCG00000025114,18.0640131399854,13.2224270887438
ENSSSCG00000029652,746.242006240251,518.291949226645
ENSSSCG00000000209,23.314325902217,17.4712789810136
ENSSSCG00000040144,11.1615040539747,16.8594443085267
ENSSSCG00000000207,131.221103581927,172.707331716985
ENSSSCG00000000206,28.6747850860338,9.51742823868445
ENSSSCG00000000211,47.5832541248396,1.22366934497372
ENSSSCG00000000212,0.587447581788144,0
ENSSSCG00000000217,6.68221624284013,2.20940298398032
ENSSSCG00000000216,1.06474874199101,1.5635774963553
ENSSSCG00000000215,103.94150650264,97.3496945556867
ENSSSCG00000000214,34.879700168671,59.9258070885739
ENSSSCG00000056361,9.94989341653668,13.1544454584674
ENSSSCG00000024932,47.9504088634572,46.3294810333104
ENSSSCG00000032269,62.7834603036079,51.7340206402776
ENSSSCG00000000661,73.430947723518,61.7953019211726
ENSSSCG00000000665,61.7187115616168,132.564179038819
ENSSSCG00000031712,7.60010308938411,2.00545809315137
ENSSSCG00000000668,13.1808551163715,12.848528122224
ENSSSCG00000025531,77.2493570051409,127.839455734615
ENSSSCG00000060176,0.587447581788144,0.169954075690794
ENSSSCG00000028552,40.7541759865525,71.6526383112386
ENSSSCG00000000559,55.4770810051178,52.4818185733171
ENSSSCG00000027144,28.0506220303839,28.3143490100862
ENSSSCG00000055387,0.73430947723518,1.08770608442108
ENSSSCG00000050339,3.19424622597303,4.11288863171721
ENSSSCG00000026969,50.0064753997157,39.9052169721984
ENSSSCG00000033843,6.05805318719023,5.47252123724356
ENSSSCG00000040550,34.4391144823299,29.3000826490928
ENSSSCG00000000563,5.54403655312561,5.64247531293435
ENSSSCG00000029163,45.4904721147194,18.1510952837768
ENSSSCG00000041524,0.550732107926385,0.475871411934223
ENSSSCG00000055822,0.183577369308795,0.339908151381588
ENSSSCG00000022925,38.9551177673263,14.8539862153754
ENSSSCG00000039580,8.73828277909864,14.3101331731648
ENSSSCG00000025179,47.1059529646368,39.7352628965076
ENSSSCG00000033146,10.353763629016,1.97146727801321
ENSSSCG00000025252,56.8722690118647,60.9115407275805
ENSSSCG00000000672,8.40784351434281,4.62275085878959
ENSSSCG00000054936,0.917886846543975,1.52958668121714
ENSSSCG00000033913,11.5286587925923,7.51197014553308
ENSSSCG00000060530,119.765875737058,50.7822778164092
ENSSSCG00000055651,92.1191239191533,55.8129184568567
ENSSSCG00000027205,20.2302260978292,29.8099448761652
ENSSSCG00000026812,33.3009347926154,39.3273731148497
ENSSSCG00000024655,88.814731271595,80.6262135077126
ENSSSCG00000026919,0.514016634064626,1.42761423580267
ENSSSCG00000025537,43.3976901045991,31.8493937844548
ENSSSCG00000040186,35.7608715413532,29.1981102036784
ENSSSCG00000025117,246.067105821509,332.498153681469
ENSSSCG00000028373,82.6832471366812,87.9002479472785
ENSSSCG00000000679,72.5864918246975,70.4289689662649
ENSSSCG00000025460,6.3517769780843,9.10953845702655
ENSSSCG00000000685,371.74417285031,366.047088222832
ENSSSCG00000000684,91.9355465498445,64.888466098745
ENSSSCG00000000683,1.76234274536443,0.373898966519746
ENSSSCG00000000682,2.45993674873785,3.63701721978299
ENSSSCG00000000681,67.6666183272218,45.2757657640275
ENSSSCG00000000680,0.991317794267492,12.7125648616714
ENSSSCG00000000688,0.110146421585277,0.883761193592128
ENSSSCG00000022176,229.288134266685,254.523223754533
ENSSSCG00000061945,2.75366053963192,3.19513662298692
ENSSSCG00000000690,138.784491197449,127.601520028648
ENSSSCG00000000691,43.3609746307374,38.6135659969483
ENSSSCG00000000692,0.514016634064626,0.339908151381588
ENSSSCG00000000702,76.6619094233528,70.7008954873702
ENSSSCG00000044078,41.74549378082,42.5904913681129
ENSSSCG00000000700,11.8223825834864,8.7356394905068
ENSSSCG00000000699,4.40585686341108,4.21486107713169
ENSSSCG00000058536,2.75366053963192,3.56903558950667
ENSSSCG00000000697,221.210730017098,257.072534889895
ENSSSCG00000000696,41.0846152513083,49.8305349925407
ENSSSCG00000000695,23.9752044317286,21.8221033186979
ENSSSCG00000000694,1637.69371160376,822.203827376922
ENSSSCG00000000693,28.5279231905867,23.6576073361585
ENSSSCG00000039662,15.7142228128328,17.131370829632
ENSSSCG00000000703,9.28901488702502,22.3999471760466
ENSSSCG00000000704,72.5497763508357,61.0475039881331
ENSSSCG00000063084,1.02803326812925,1.66554994176978
ENSSSCG00000000706,77.4329343744497,76.5133248759954
ENSSSCG00000000707,46.0779196965075,52.889708354975
ENSSSCG00000000708,88.1905682159451,85.5208908876074
ENSSSCG00000000709,10.7576338414954,14.989949475928
ENSSSCG00000022230,333.817088351113,394.701345384299
ENSSSCG00000000601,1.79905821922619,0.883761193592128
ENSSSCG00000000602,164.999339534745,169.308250203169
ENSSSCG00000033337,21.625414104576,15.0579311062043
ENSSSCG00000037697,375.636013079656,454.525180027459
ENSSSCG00000000607,0.440585686341108,0.475871411934223
ENSSSCG00000000611,90.8707978078535,84.36520317291
ENSSSCG00000039307,27.4631744485957,22.7738461425664
ENSSSCG00000026724,1.72562727150267,1.90348564773689
ENSSSCG00000057970,1.50533442833212,3.05917336243429
ENSSSCG00000000612,66.7487314806778,78.9946543810809
ENSSSCG00000028516,58.3041724924733,72.162500538311
ENSSSCG00000029196,44.0585686341108,30.2858162880994
ENSSSCG00000028060,63.8482090455989,71.9925464626202
ENSSSCG00000000228,3.56140096459062,2.51532032022375
ENSSSCG00000053489,0.293723790894072,1.7335315720461
ENSSSCG00000016138,43.0305353659815,35.2144844831325
ENSSSCG00000033412,60.6906782934876,69.9530975543307
ENSSSCG00000050988,0.146861895447036,0.577843857348699
ENSSSCG00000034555,1.46861895447036,1.49559586607899
ENSSSCG00000000657,10.6842028937719,8.93958438133575
ENSSSCG00000000660,43.9851376863873,27.396597001356
ENSSSCG00000000664,4.9198734974757,9.10953845702655
ENSSSCG00000040743,103.611067237884,92.285063100101
ENSSSCG00000000029,170.690237983318,173.455129650024
ENSSSCG00000000034,145.760431231183,126.683768019918
ENSSSCG00000000033,16.0813775514504,30.6937060697574
ENSSSCG00000000031,20.8176736796173,18.423021804882
ENSSSCG00000000035,56.6519761686941,58.3282387770804
ENSSSCG00000000036,119.729160263196,122.264962051957
ENSSSCG00000000037,105.299979035525,86.6765786023048
ENSSSCG00000026962,10.7943493153571,26.5808174380401
ENSSSCG00000033983,19.6060630421793,29.1981102036784
ENSSSCG00000034350,38.3676701855381,22.5699012517374
ENSSSCG00000037425,4.07541759865525,1.80151320232241
ENSSSCG00000032171,41.5986318853729,52.1759012370737
ENSSSCG00000000046,21.9191378954701,5.77843857348699
ENSSSCG00000000045,25.8109781248166,31.4075131876587
ENSSSCG00000020945,24.9298067521343,24.7453134205796
ENSSSCG00000000050,125.383343237907,85.4869000724693
ENSSSCG00000038492,12.3731146914128,13.5283444249872
ENSSSCG00000000040,2.31307485329082,5.54050286751988
ENSSSCG00000042788,1.02803326812925,1.08770608442108
ENSSSCG00000000038,118.811273416652,111.931754249957
ENSSSCG00000019269,0.293723790894072,0.339908151381588
ENSSSCG00000019768,0.257008317032313,0.54385304221054
ENSSSCG00000000039,174.104777052461,187.663290377774
ENSSSCG00000044454,1.06474874199101,0.849770378453969
ENSSSCG00000000156,32.2361860506244,34.262741659264
ENSSSCG00000000157,5.83776034401968,7.91985992719099
ENSSSCG00000000158,58.8181891265379,48.5388840172907
ENSSSCG00000000160,20.6708117841703,28.688247976606
ENSSSCG00000041669,0.073430947723518,0.81577956331581
ENSSSCG00000000161,32.9337800539978,40.9589322414813
ENSSSCG00000039316,2.82709148735544,2.92321010188165
ENSSSCG00000000619,9.58273867791909,7.0021079184607
ENSSSCG00000040275,26.1414173895724,25.0172399416848
ENSSSCG00000029545,0.550732107926385,0.339908151381588
ENSSSCG00000029592,1.87248916694971,0.883761193592128
ENSSSCG00000033149,27.720182765628,28.042422488981
ENSSSCG00000037144,49.7861825565452,50.9522318921
ENSSSCG00000040400,0.146861895447036,1.18967852983556
ENSSSCG00000044330,1.72562727150267,2.68527439591454
ENSSSCG00000034418,26.3984257066047,25.697056244448
ENSSSCG00000032097,33.5946585835095,27.4305878164941
ENSSSCG00000032804,10.9779266846659,9.78935475978972
ENSSSCG00000000625,14.2456038583625,18.1850860989149
ENSSSCG00000000623,5.80104487015792,1.76752238718426
ENSSSCG00000040835,125.713782502663,52.9236991701132
ENSSSCG00000000795,0.881171372682216,0.883761193592128
ENSSSCG00000000800,5.65418297471088,5.74444775834883
ENSSSCG00000000799,10.3170481551543,5.50651205238172
ENSSSCG00000023868,3.85512475548469,3.39908151381588
ENSSSCG00000041764,51.5485253019096,30.9316417757245
ENSSSCG00000043418,18.431167878603,43.0663627800471
ENSSSCG00000000765,94.0650440338265,73.2502066227321
ENSSSCG00000000764,12.5934075345833,11.6928404075266
ENSSSCG00000035218,3.15753075211127,3.05917336243429
ENSSSCG00000000443,6.5353543473931,3.50105395923035
ENSSSCG00000000437,4.84644254975219,2.54931113536191
ENSSSCG00000023318,58.3776034401968,59.517917306916
ENSSSCG00000050998,22.396439055673,16.4175637117307
ENSSSCG00000000431,71.1545883440889,74.7458024888111
ENSSSCG00000000444,193.784271042364,183.68636500661
ENSSSCG00000000439,3.45125454300534,5.16660390100013
ENSSSCG00000000436,254.805388600607,72.9442892864887
ENSSSCG00000000449,163.751013423445,168.050590043057
ENSSSCG00000000435,102.986904182234,130.116840348872
ENSSSCG00000036029,2.38650580101433,3.39908151381588
ENSSSCG00000000433,14.465896701533,8.42972215426337
ENSSSCG00000035875,181.374440877089,96.4319425469564
ENSSSCG00000038732,4.51600328499635,4.41880596796064
ENSSSCG00000036731,67.4463254840512,58.4642020376331
ENSSSCG00000025092,76.5884784756292,77.8049758512454
ENSSSCG00000028637,1.28504158516156,1.12169689955924
ENSSSCG00000061324,10.6474874199101,10.8770608442108
ENSSSCG00000037619,11.4919433187306,5.88041101890146
ENSSSCG00000037767,20.3036570455527,22.70586451229
ENSSSCG00000029571,1.90920464081147,3.39908151381588
ENSSSCG00000031707,211.774853234626,248.778775996184
ENSSSCG00000033013,18.1741595615707,18.5929758805728
ENSSSCG00000000842,44.1319995818343,64.8544752836069
ENSSSCG00000020533,2.09278201012026,4.58876004365143
ENSSSCG00000019918,1.24832611129981,1.93747646287505
ENSSSCG00000000841,106.181150408207,139.498305327004
ENSSSCG00000000840,41.5986318853729,49.898516622817
ENSSSCG00000000839,25.9211245464018,34.7726038863364
ENSSSCG00000027792,6.13148413491375,9.41545579326997
ENSSSCG00000000838,15.6040763912476,12.5766016011187
ENSSSCG00000023803,36.2748881754179,18.6609575108492
ENSSSCG00000000891,145.90729312663,82.9715797522455
ENSSSCG00000000893,3.6715473861759,1.05371526928292
ENSSSCG00000000894,0.917886846543975,0.747797933039493
ENSSSCG00000000895,9.65616962564261,10.6391251382437
ENSSSCG00000000896,26.8390113929458,15.3978392575859
ENSSSCG00000030608,100.269959116464,77.4310768847256
ENSSSCG00000052218,0.293723790894072,0.339908151381588
ENSSSCG00000061426,0.257008317032313,0.475871411934223
ENSSSCG00000063366,0.36715473861759,0.441880596796064
ENSSSCG00000000900,31.3182992040804,29.7079724307508
ENSSSCG00000000901,10.6842028937719,4.62275085878959
ENSSSCG00000056848,6.90250908601069,5.81242938862515
ENSSSCG00000000902,20.6708117841703,21.4482043521782
ENSSSCG00000000801,4.14884854637876,5.37054879182908
ENSSSCG00000035938,0.36715473861759,0.679816302763175
ENSSSCG00000035733,1178.0526943284,1140.59579277606
ENSSSCG00000033171,6.75564719056365,10.5031618776911
ENSSSCG00000032693,14.6494740708418,18.0491228383623
ENSSSCG00000000971,26.8022959190841,28.5862755311915
ENSSSCG00000000972,45.6006185363047,52.0739287916592
ENSSSCG00000000973,16.7422560809621,16.3495820814544
ENSSSCG00000000974,25.8844090725401,28.2123765646718
ENSSSCG00000000975,8.37112804048105,4.92866819503302
ENSSSCG00000044259,2.90052243507896,3.67100803492115
ENSSSCG00000044685,0.807740424958698,0.81577956331581
ENSSSCG00000000982,14.172172910639,22.4339379911848
ENSSSCG00000000983,52.099257409836,94.8003834203248
ENSSSCG00000032936,17.2562727150267,20.8023788645532
ENSSSCG00000000981,200.650064654513,16.1796280057636
ENSSSCG00000000980,53.1272906779652,33.6848978019153
ENSSSCG00000052169,2.60679864418489,3.53504477436851
ENSSSCG00000035313,12.7769849038921,13.1204546433293
ENSSSCG00000061510,1.54204990219388,4.35082433768432
ENSSSCG00000000802,10.2436172074308,5.4385304221054
ENSSSCG00000038181,60.470385450317,76.7512605819625
ENSSSCG00000063493,0.183577369308795,0.373898966519746
ENSSSCG00000051329,0.183577369308795,0.917752008730286
ENSSSCG00000055214,0.403870212479349,0.577843857348699
ENSSSCG00000035790,165.513356168809,143.98509292524
ENSSSCG00000000915,463.863296769463,229.675937888539
ENSSSCG00000000916,338.77367732245,100.544831178674
ENSSSCG00000057104,1.13817968971453,0.713807117901334
ENSSSCG00000000917,0.514016634064626,0.27192652110527
ENSSSCG00000027898,136.324554448711,92.0131365789957
ENSSSCG00000028869,94.5790606678911,95.1742823868445
ENSSSCG00000000958,76.5517630017675,108.532672736141
ENSSSCG00000056187,0.440585686341108,0.339908151381588
ENSSSCG00000033544,2.71694506577016,2.27738461425664
ENSSSCG00000056277,5.17688181450802,10.1632537263095
ENSSSCG00000063591,119.655729315473,55.676955196304
ENSSSCG00000000712,0.697594003373421,0.135963260552635
ENSSSCG00000000804,243.607169072771,150.477338616629
ENSSSCG00000052460,3.01066885666424,1.90348564773689
ENSSSCG00000056755,5.21359728836978,10.2992169868621
ENSSSCG00000030685,32.3463324722097,34.1267783987114
ENSSSCG00000000806,63.7380626240136,79.6744706838441
ENSSSCG00000059840,0.991317794267492,1.05371526928292
ENSSSCG00000028182,40.3870212479349,42.5565005529748
ENSSSCG00000000152,77.689942691482,94.1205671175616
ENSSSCG00000046062,12.5566920607216,12.5426107859806
ENSSSCG00000000145,377.398355825021,321.281184685877
ENSSSCG00000000148,6.64550076897838,4.31683352254616
ENSSSCG00000031866,552.127295933132,425.497023899471
ENSSSCG00000036723,93.991613086103,61.6933294757581
ENSSSCG00000036787,14.5026121753948,9.78935475978972
ENSSSCG00000058255,0.807740424958698,2.34536624453295
ENSSSCG00000042498,0.330439264755831,1.22366934497372
ENSSSCG00000016810,17.5499965059208,24.6433409751651
ENSSSCG00000031705,176.638144748922,203.910900013814
ENSSSCG00000031509,38.8816868196028,36.4381538281062
ENSSSCG00000027681,86.5016564183042,107.920838063654
ENSSSCG00000032650,36.8990512310678,30.2858162880994
ENSSSCG00000036201,49.3088813963423,15.3298576273096
ENSSSCG00000016817,56.0278131130442,33.5149437262245
ENSSSCG00000016821,21.8824224216084,12.9165097525003
ENSSSCG00000016823,53.5678763643064,35.7243467102048
ENSSSCG00000016824,134.231772438591,76.003462648923
ENSSSCG00000038326,12.0059599527952,14.1741699126122
ENSSSCG00000054460,1.17489516357629,0.951742823868445
ENSSSCG00000016997,2.49665222259961,1.97146727801321
ENSSSCG00000016985,13.107424168648,10.4691710625529
ENSSSCG00000016986,6.82907813828717,10.9790332896253
ENSSSCG00000016990,108.677802630807,115.330835763773
ENSSSCG00000016989,42.4798032580551,39.8032445267839
ENSSSCG00000016988,78.8281223811965,37.9337496941852
ENSSSCG00000035845,56.6886916425559,28.6542571614678
ENSSSCG00000016991,57.276139224344,60.9795223578568
ENSSSCG00000016992,181.447871824813,480.936043389808
ENSSSCG00000027378,361.280262799708,154.182337466688
ENSSSCG00000023948,20.4872344148615,21.5841676127308
ENSSSCG00000022478,42.957104418258,39.2933822997115
ENSSSCG00000023307,82.6098161889577,64.3786038716727
ENSSSCG00000021229,97.6998759461407,92.2170814698247
ENSSSCG00000017022,3.23096169983479,1.7335315720461
ENSSSCG00000032806,14.7596204924271,13.9702250217832
ENSSSCG00000017024,162.612833733731,250.104417786572
ENSSSCG00000033783,0.220292843170554,1.12169689955924
ENSSSCG00000016998,457.805243582273,367.37273001322
ENSSSCG00000017000,10.0967553119837,13.8342617612306
ENSSSCG00000021902,111.982195278365,111.69381854399
ENSSSCG00000017003,0.146861895447036,0.917752008730286
ENSSSCG00000017005,224.294829821486,366.590941265042
ENSSSCG00000017006,3.45125454300534,2.51532032022375
ENSSSCG00000017008,3.85512475548469,1.66554994176978
ENSSSCG00000017010,0.073430947723518,0.475871411934223
ENSSSCG00000025965,1.79905821922619,0.951742823868445
ENSSSCG00000017012,138.747775723587,19.3067829984742
ENSSSCG00000017014,61.8655734570639,64.2086497959819
ENSSSCG00000017015,53.9717465767857,45.2077841337511
ENSSSCG00000035456,63.2974769376725,74.2699310768769
ENSSSCG00000017018,32.3463324722097,12.8145373070858
ENSSSCG00000016982,54.9630643710532,53.5015430274619
ENSSSCG00000016983,5.21359728836978,2.3113754293948
ENSSSCG00000043931,2.09278201012026,1.5635774963553
ENSSSCG00000046318,0.514016634064626,0.305917336243429
ENSSSCG00000053684,0,0.611834672486858
ENSSSCG00000058593,1.68891179764091,1.46160505094083
ENSSSCG00000045093,1.35847253288508,1.69954075690794
ENSSSCG00000052936,1.02803326812925,1.63155912663162
ENSSSCG00000056851,9.14215299157799,4.21486107713169
ENSSSCG00000016893,50.7040694030892,51.5300757494487
ENSSSCG00000016892,1.87248916694971,3.36509069867772
ENSSSCG00000057381,2.20292843170554,0.849770378453969
ENSSSCG00000035012,116.131043824744,69.1713088061531
ENSSSCG00000016934,22.3597235818112,28.6202663463297
ENSSSCG00000053180,6.09476866105199,4.75871411934223
ENSSSCG00000033814,45.0131709545165,44.2220504947445
ENSSSCG00000025194,35.7608715413532,33.820861062468
ENSSSCG00000016885,22.5800164249818,11.2169689955924
ENSSSCG00000016884,26.9124423406693,19.7486635952702
ENSSSCG00000016887,7.56338761552235,6.25430998542121
ENSSSCG00000016888,38.0372309207823,36.6760895340733
ENSSSCG00000016894,1.6154808499174,1.59756831149346
ENSSSCG00000031337,23.9384889578669,22.7398553274282
ENSSSCG00000056604,0.624163055649903,1.93747646287505
ENSSSCG00000016898,2.0560665362585,4.41880596796064
ENSSSCG00000016900,1.39518800674684,1.69954075690794
ENSSSCG00000016901,1.24832611129981,1.80151320232241
ENSSSCG00000016902,0.73430947723518,0.509862227072381
ENSSSCG00000016903,1.39518800674684,0.237935705967111
ENSSSCG00000048484,9.72960057336613,0.135963260552635
ENSSSCG00000021973,35.797587015215,21.7881125035598
ENSSSCG00000036183,8.70156730523688,0.509862227072381
ENSSSCG00000026849,9.50930773019558,2.65128358077638
ENSSSCG00000016907,41.5619164115112,36.7100803492115
ENSSSCG00000016911,65.6105517909633,54.2493409605014
ENSSSCG00000016912,25.2602460168902,26.0029735806914
ENSSSCG00000030343,10.2803326812925,11.8288036680792
ENSSSCG00000016913,0.954602320405733,0.135963260552635
ENSSSCG00000016915,0.514016634064626,0.339908151381588
ENSSSCG00000016916,54.081892998371,76.1054350943375
ENSSSCG00000016918,38.3309547116764,52.8217267246987
ENSSSCG00000016919,1.68891179764091,2.17541216884216
ENSSSCG00000016920,22.3230081079495,32.0533386752837
ENSSSCG00000016922,101.665147123211,104.725701440667
ENSSSCG00000016925,60.4336699764553,26.342881732073
ENSSSCG00000035276,0.293723790894072,0.373898966519746
ENSSSCG00000031796,5.1034508667845,11.7608220378029
ENSSSCG00000016929,23.4244723238022,33.6509069867772
ENSSSCG00000055991,4.80972707589043,4.04490700144089
ENSSSCG00000036059,0.807740424958698,0
ENSSSCG00000061729,0.954602320405733,1.08770608442108
ENSSSCG00000053766,0.844455898820457,1.35963260552635
ENSSSCG00000046432,0.220292843170554,0.339908151381588
ENSSSCG00000058258,1.17489516357629,2.58330195050007
ENSSSCG00000057009,2.2396439055673,3.53504477436851
ENSSSCG00000060355,0.477301160202867,0.81577956331581
ENSSSCG00000059995,6.09476866105199,4.41880596796064
ENSSSCG00000056657,1.65219632377915,2.07343972342768
ENSSSCG00000059429,7.3430947723518,14.8539862153754
ENSSSCG00000049042,0.183577369308795,0.339908151381588
ENSSSCG00000058458,0.587447581788144,1.29165097525003
ENSSSCG00000051151,8.73828277909864,10.4011894322766
ENSSSCG00000029484,46.9958065430515,24.3374236389217
ENSSSCG00000016877,73.2473703542092,38.7835200726391
ENSSSCG00000016878,2.71694506577016,4.8606865647567
ENSSSCG00000032275,14.5393276492566,11.2169689955924
ENSSSCG00000026527,6.16819960877551,0.475871411934223
ENSSSCG00000016873,1.65219632377915,1.49559586607899
ENSSSCG00000016872,277.679128816483,153.638484424478
ENSSSCG00000016871,31.2081527824951,111.795790989404
ENSSSCG00000032979,15.7509382866946,11.4549047015595
ENSSSCG00000016876,10.9412112108042,14.344123988303
ENSSSCG00000016874,76.3681856324587,81.4080022558902
ENSSSCG00000016882,32.8236336324125,19.5107278893031
ENSSSCG00000016827,26.4718566543282,29.3680642793692
ENSSSCG00000016826,6.27834603036079,3.90894374088826
ENSSSCG00000016828,35.650725119768,36.2002181221391
ENSSSCG00000016829,12.9238467993392,2.88921928674349
ENSSSCG00000016830,19.9732177807969,15.3298576273096
ENSSSCG00000016831,96.7085581518731,226.378828820137
ENSSSCG00000038727,3.08409980438775,0.577843857348699
ENSSSCG00000016974,54.999779844915,77.2611228090348
ENSSSCG00000023818,37.009197652653,29.3000826490928
ENSSSCG00000016975,18.6881761956353,23.3516899999151
ENSSSCG00000016976,12.7402694300304,10.6391251382437
ENSSSCG00000027293,111.321316748853,121.619136564332
ENSSSCG00000029037,3.08409980438775,0
ENSSSCG00000034500,16.2649549207592,5.20059471613829
ENSSSCG00000016832,0.440585686341108,0.407889781657905
ENSSSCG00000032726,158.537416135075,220.906307582894
ENSSSCG00000063417,0.293723790894072,0.407889781657905
ENSSSCG00000016957,0.330439264755831,7.91985992719099
ENSSSCG00000016958,152.442647474023,102.142399490167
ENSSSCG00000022430,81.9122221855843,56.5947072050343
ENSSSCG00000016981,123.878008809575,163.699765705373
ENSSSCG00000055217,1.02803326812925,1.63155912663162
ENSSSCG00000030186,48.2441326543513,55.4390194903369
ENSSSCG00000016841,11.7489516357629,38.7155384423628
ENSSSCG00000031990,6.97594003373421,7.98784155746731
ENSSSCG00000016842,67.483040957913,90.8914396794365
ENSSSCG00000016938,40.7174605126907,38.2736578455668
ENSSSCG00000016843,42.5532342057787,76.3433708003046
ENSSSCG00000016845,29.6293874064395,28.042422488981
ENSSSCG00000037608,7.82039593255466,5.88041101890146
ENSSSCG00000016941,4.62614970658163,4.11288863171721
ENSSSCG00000033581,0.844455898820457,0
ENSSSCG00000041202,21.8457069477466,23.1817359242243
ENSSSCG00000016942,24.672798435102,21.9580665792506
ENSSSCG00000016943,127.990141882092,194.495444220544
ENSSSCG00000016946,2.45993674873785,2.75325602619086
ENSSSCG00000016945,17.9538667184001,19.918617670961
ENSSSCG00000016948,13.7683026981596,19.8166452255466
ENSSSCG00000040603,4.25899496796404,5.88041101890146
ENSSSCG00000016778,13.0707086947862,13.2564179038819
ENSSSCG00000016954,104.088368398087,126.955694541023
ENSSSCG00000016846,20.0099332546586,17.5392606112899
ENSSSCG00000029326,6.57206982125486,1.42761423580267
ENSSSCG00000027147,14.7229050185654,5.37054879182908
ENSSSCG00000037463,85.3267612547279,94.8683650506011
ENSSSCG00000061094,13.1808551163715,19.6806819649939
ENSSSCG00000016961,27.9404756087986,29.3680642793692
ENSSSCG00000016963,18.7248916694971,16.7574718631123
ENSSSCG00000053324,0.220292843170554,0.339908151381588
ENSSSCG00000048222,0.73430947723518,0.509862227072381
ENSSSCG00000037053,12.6668384823068,14.2421515428885
ENSSSCG00000062385,0.220292843170554,0.407889781657905
ENSSSCG00000038615,21.625414104576,22.3999471760466
ENSSSCG00000016960,15.6040763912476,17.981141208086
ENSSSCG00000061389,17.1828417673032,8.08981400288178
ENSSSCG00000016959,30.6941361484305,26.0369643958296
ENSSSCG00000021514,85.9509243103778,104.283820843871
ENSSSCG00000028786,18.57802977405,33.2090263899811
ENSSSCG00000016970,31.2815837302187,23.5896257058822
ENSSSCG00000016969,4.18556402024052,3.02518254729613
ENSSSCG00000016968,22.8003092681523,31.7134305239021
ENSSSCG00000016971,53.2374370995505,53.8074603637053
ENSSSCG00000057257,0.36715473861759,0.475871411934223
ENSSSCG00000041125,2.53336769646137,0.54385304221054
ENSSSCG00000051049,3.15753075211127,0.611834672486858
ENSSSCG00000041874,0.514016634064626,0.101972445414476
ENSSSCG00000059780,0.330439264755831,0.339908151381588
ENSSSCG00000039883,1.4319034806086,0.883761193592128
ENSSSCG00000043993,1.06474874199101,1.29165097525003
ENSSSCG00000050773,0.514016634064626,0.645825487625016
ENSSSCG00000058454,9.17886846543974,6.22031917028305
ENSSSCG00000048792,17.5867119797826,26.988707219698
ENSSSCG00000063167,0.330439264755831,0.441880596796064
ENSSSCG00000041085,0.36715473861759,0.781788748177651
ENSSSCG00000016956,40.4237367217966,46.8053524452446
ENSSSCG00000016949,31.1714373086334,26.2069184715204
ENSSSCG00000039222,36.2381727015561,60.0277795339884
ENSSSCG00000026842,3.41453906914359,1.63155912663162
ENSSSCG00000032942,259.174529990157,98.4034098249696
ENSSSCG00000022306,290.823268458993,172.23146030505
ENSSSCG00000016780,6.13148413491375,3.2971090684014
ENSSSCG00000039609,21.1113974705114,28.8582020522968
ENSSSCG00000028239,33.81495142668,24.2694420086453
ENSSSCG00000016793,30.5839897268452,28.9941653128494
ENSSSCG00000016792,43.5078365261844,37.0839793157312
ENSSSCG00000016794,51.6953871973566,40.9249414263431
ENSSSCG00000017062,0.440585686341108,0.135963260552635
ENSSSCG00000017106,21.3684057875437,17.131370829632
ENSSSCG00000032827,346.814366098175,195.039297262755
ENSSSCG00000017103,4.9198734974757,5.23458553127645
ENSSSCG00000017104,83.7112804048105,66.1801170739951
ENSSSCG00000035825,1.54204990219388,0.54385304221054
ENSSSCG00000017102,42.5899496796404,52.1419104219355
ENSSSCG00000034302,189.304983231229,179.199577408373
ENSSSCG00000032698,201.347658657886,248.540840290217
ENSSSCG00000031800,1.24832611129981,0.679816302763175
ENSSSCG00000033176,104.932824296907,85.65685414816
ENSSSCG00000017072,29.84968024961,19.3747646287505
ENSSSCG00000034706,24.5993674873785,28.8921928674349
ENSSSCG00000017073,37.6700761821647,29.53801835506
ENSSSCG00000017116,26.6187185497753,23.2837083696387
ENSSSCG00000022569,0.146861895447036,4.01091618630273
ENSSSCG00000017076,0,1.46160505094083
ENSSSCG00000021527,6.46192339966958,8.93958438133575
ENSSSCG00000040193,34.6226918516387,19.2388013681979
ENSSSCG00000017032,2.12949748398202,0.339908151381588
ENSSSCG00000017033,46.8122291737427,52.8557175398369
ENSSSCG00000034522,14.0987419629154,17.8451779475333
ENSSSCG00000038662,9.25229941316326,8.63366704509232
ENSSSCG00000035993,17.8804357706766,13.7662801309543
ENSSSCG00000017036,10.9412112108042,26.4108633623493
ENSSSCG00000035118,73.577809618965,84.2972215426337
ENSSSCG00000017037,0.330439264755831,0.339908151381588
ENSSSCG00000039607,66.2347148466132,68.5934649488044
ENSSSCG00000017038,24.8196603305491,35.5883834496522
ENSSSCG00000040528,27.4998899224575,29.53801835506
ENSSSCG00000032090,88.9983086409038,78.8926819356665
ENSSSCG00000017041,0.440585686341108,2.88921928674349
ENSSSCG00000017042,66.271430320475,55.6429643811659
ENSSSCG00000020686,119.545582893887,127.057666986437
ENSSSCG00000017043,57.5331475413763,71.7886015717913
ENSSSCG00000017046,3.56140096459062,4.65674167392775
ENSSSCG00000058577,13.7315872242979,2.10743053856584
ENSSSCG00000036783,24.0119199055904,23.1477451090861
ENSSSCG00000033375,1.39518800674684,0.339908151381588
ENSSSCG00000039089,17.366419136612,6.35628243083569
ENSSSCG00000017119,121.014201848358,84.8410745848443
ENSSSCG00000017065,41.6353473592347,43.5422341919814
ENSSSCG00000017118,5.7276139224344,6.96811710332254
ENSSSCG00000017114,29.84968024961,31.3055407422442
ENSSSCG00000040154,16.4118168162063,13.7322893158161
ENSSSCG00000017066,91.2012370726093,198.302415516018
ENSSSCG00000017067,50.9243622462597,47.2812238571788
ENSSSCG00000017068,120.243176897261,64.1746589808437
ENSSSCG00000017069,196.905086320613,175.528569373452
ENSSSCG00000050100,0.403870212479349,0.611834672486858
ENSSSCG00000039763,23.9017734840051,43.2703076708761
ENSSSCG00000024126,213.206756715234,224.815251323782
ENSSSCG00000036387,10.8310647892189,10.5711435079674
ENSSSCG00000017095,8.99529109613095,14.6500413245464
ENSSSCG00000055161,9.47259225633382,9.38146497813181
ENSSSCG00000035676,95.2399391974028,92.3190539152392
ENSSSCG00000026414,85.0697529376956,41.5707669139682
ENSSSCG00000017082,984.562147076929,443.750091628663
ENSSSCG00000016781,120.683762583602,73.4881423286992
ENSSSCG00000017084,0.330439264755831,2.24339379911848
ENSSSCG00000035442,25.4805388600607,17.4372881658754
ENSSSCG00000017086,0.440585686341108,0.475871411934223
ENSSSCG00000016782,53.3842989949976,44.4939770158498
ENSSSCG00000034714,20.6708117841703,15.8057290392438
ENSSSCG00000016784,16.6321096593768,12.3046750800135
ENSSSCG00000063351,0,1.01972445414476
ENSSSCG00000059359,2.93723790894072,14.3101331731648
ENSSSCG00000062918,0.550732107926385,0.577843857348699
ENSSSCG00000059751,2.42322127487609,2.61729276563822
ENSSSCG00000061930,1.32175705902332,2.00545809315137
ENSSSCG00000059394,0.36715473861759,0.407889781657905
ENSSSCG00000051524,1.57876537605564,7.27403443956597
ENSSSCG00000059956,5.39717465767857,9.04155682675023
ENSSSCG00000058878,0.146861895447036,0.441880596796064
ENSSSCG00000049958,7.08608645531948,3.56903558950667
ENSSSCG00000048696,0,0.509862227072381
ENSSSCG00000028772,0.293723790894072,0.509862227072381
ENSSSCG00000016816,29.0419398246514,17.8111871323952
ENSSSCG00000031547,44.3522924250048,57.9883306256988
ENSSSCG00000017109,0.917886846543975,0.135963260552635
ENSSSCG00000017100,49.198734974757,55.7109460114422
ENSSSCG00000017099,12.8871313254774,15.4658208878622
ENSSSCG00000062392,2.64351411804665,4.96265901017118
ENSSSCG00000017098,53.6780227858916,53.8074603637053
ENSSSCG00000017101,4.95658897133746,5.88041101890146
ENSSSCG00000017025,0.036715473861759,0.54385304221054
ENSSSCG00000031959,160.703629092919,149.933485574418
ENSSSCG00000016834,13.7683026981596,11.1829781804542
ENSSSCG00000016835,15.7142228128328,17.0293983842175
ENSSSCG00000016836,23.7916270624198,28.8242112371586
ENSSSCG00000017047,264.865428438729,105.099600407187
ENSSSCG00000038248,6.24163055649903,4.11288863171721
ENSSSCG00000036047,18.3944524047412,15.4998117030004
ENSSSCG00000017052,12.8504158516156,7.7499058515002
ENSSSCG00000017054,33.9985287959888,33.0730631294285
ENSSSCG00000038003,0.477301160202867,0.747797933039493
ENSSSCG00000017058,28.7482160337573,23.0117818485335
ENSSSCG00000028875,2.60679864418489,2.41334787480927
ENSSSCG00000017061,0.881171372682216,0.169954075690794
ENSSSCG00000055480,0.220292843170554,0.407889781657905
ENSSSCG00000017053,0.807740424958698,1.5635774963553
ENSSSCG00000045434,0,0.679816302763175
ENSSSCG00000016848,8.5914208836516,21.4821951673163
ENSSSCG00000053585,5.25031276223153,12.3046750800135
ENSSSCG00000016850,2.90052243507896,15.5338025181386
ENSSSCG00000016851,12.1161063743805,14.3781148034412
ENSSSCG00000016853,25.443823386199,34.2967324744022
ENSSSCG00000016855,1.02803326812925,0.917752008730286
ENSSSCG00000016856,0.991317794267492,2.20940298398032
ENSSSCG00000016857,69.4289610725862,32.4612284569416
ENSSSCG00000061479,2.64351411804665,2.27738461425664
ENSSSCG00000024439,50.4103456121951,42.6924638135274
ENSSSCG00000034966,14.1354574367772,17.0293983842175
ENSSSCG00000024598,48.0238398111807,41.4348036534155
ENSSSCG00000033326,528.188806975265,394.157492342089
ENSSSCG00000063580,24.2322127487609,28.3823306403626
ENSSSCG00000053850,0.440585686341108,0.203944890828953
ENSSSCG00000016859,24.0119199055904,4.48678759823696
ENSSSCG00000016861,2.75366053963192,0.679816302763175
ENSSSCG00000061826,0.660878529511662,0.0679816302763175
ENSSSCG00000056357,0.550732107926385,0.203944890828953
ENSSSCG00000033993,49.0885885531718,8.46371296940153
ENSSSCG00000016863,61.3148413491375,45.3777382094419
ENSSSCG00000040855,30.4004123575364,38.3076486607049
ENSSSCG00000016865,9.43587678247206,4.11288863171721
ENSSSCG00000052066,0.36715473861759,0.475871411934223
ENSSSCG00000016866,7.9672578280017,13.6303168704017
ENSSSCG00000016867,213.31690313682,107.716893172825
ENSSSCG00000044736,1.98263558853498,1.01972445414476
ENSSSCG00000016869,0.697594003373421,1.25766016011187
ENSSSCG00000040959,24.5993674873785,26.988707219698
ENSSSCG00000016809,31.6487384688362,28.3483398252244
ENSSSCG00000016808,12.189537322104,15.3638484424478
ENSSSCG00000032931,5.43389013154033,3.2971090684014
ENSSSCG00000017087,70.2734169714067,45.5816831002709
ENSSSCG00000040411,55.9910976391824,101.122675036022
ENSSSCG00000017089,242.028403696715,147.384174439056
ENSSSCG00000017091,55.4036500573943,53.8074603637053
ENSSSCG00000036438,45.4537566408576,87.356394905068
ENSSSCG00000017094,144.03480395968,146.296468354635
ENSSSCG00000034763,12.9972777470627,22.263983915494
ENSSSCG00000009536,161.951955204219,176.990174424393
ENSSSCG00000040130,0.881171372682216,4.79270493448038
ENSSSCG00000009540,12.8871313254774,14.8879770305135
ENSSSCG00000009541,35.5038632243209,31.679439708764
ENSSSCG00000009542,8.66485183137512,2.58330195050007
ENSSSCG00000009543,3.047384330526,0
ENSSSCG00000044700,1216.34693356621,304.013850595692
ENSSSCG00000009545,908.304107866055,335.79526274987
ENSSSCG00000022719,2.93723790894072,1.22366934497372
ENSSSCG00000029502,68.3274968567335,74.2699310768769
ENSSSCG00000031757,22.7635937942906,29.0621469431257
ENSSSCG00000034818,22.1761462125024,21.7541216884216
ENSSSCG00000033732,103.354058920852,144.800872488556
ENSSSCG00000036545,0.073430947723518,0.441880596796064
ENSSSCG00000009551,106.291296829792,97.6216210767919
ENSSSCG00000046437,0.293723790894072,0.577843857348699
ENSSSCG00000061055,1.76234274536443,1.42761423580267
ENSSSCG00000058523,0.477301160202867,0.27192652110527
ENSSSCG00000055590,2.20292843170554,0
ENSSSCG00000058354,1.6154808499174,1.90348564773689
ENSSSCG00000043215,0.624163055649903,0.203944890828953
ENSSSCG00000047793,0.73430947723518,0.441880596796064
ENSSSCG00000045152,6.02133771332847,8.29375889371074
ENSSSCG00000009475,15.1634907049065,21.3802227219019
ENSSSCG00000009477,12.9605622732009,21.1762778310729
ENSSSCG00000029113,23.7181961146963,23.8275614118493
ENSSSCG00000009457,31.9057467858686,24.9832491265467
ENSSSCG00000031288,25.4805388600607,21.9920573943887
ENSSSCG00000009445,0.477301160202867,0.339908151381588
ENSSSCG00000009472,75.707307102947,117.472257117477
ENSSSCG00000009446,16.301670394621,42.4545281075603
ENSSSCG00000009444,31.3550146779422,1.05371526928292
ENSSSCG00000009473,98.6911937404081,83.1075430127981
ENSSSCG00000029837,29.6293874064395,8.66765786023048
ENSSSCG00000009434,6.82907813828717,7.13807117901334
ENSSSCG00000009435,21.1481129443732,25.7650378747243
ENSSSCG00000009436,15.1634907049065,14.5140780639938
ENSSSCG00000031378,14.319034806086,19.5787095195794
ENSSSCG00000037413,9.2155839393015,5.8464202037633
ENSSSCG00000031627,23.461187797664,19.1708197379215
ENSSSCG00000009440,73.8348179359973,66.4520435951004
ENSSSCG00000039338,58.047164175441,55.676955196304
ENSSSCG00000009442,0.587447581788144,1.97146727801321
ENSSSCG00000062876,38.5512475548469,66.8259425616201
ENSSSCG00000040929,3691.00658732263,1945.46430443252
ENSSSCG00000034156,34.8429846948093,22.8078369577045
ENSSSCG00000022868,1.10146421585277,0.27192652110527
ENSSSCG00000009419,42.7000961012257,38.6475568120865
ENSSSCG00000009420,11.2349350016982,10.7750883987963
ENSSSCG00000037452,11.27165047556,0.54385304221054
ENSSSCG00000009407,136.801855608914,125.732025196049
ENSSSCG00000009408,37.8169380776118,40.5510424598234
ENSSSCG00000009410,17.9538667184001,17.6072422415662
ENSSSCG00000009411,1.94592011467323,1.83550401746057
ENSSSCG00000009412,25.9945554941254,18.2530677291913
ENSSSCG00000009413,2.45993674873785,0.135963260552635
ENSSSCG00000009414,75.3401523643294,94.5624477143576
ENSSSCG00000060529,6.13148413491375,7.30802525470413
ENSSSCG00000023738,54.6693405801591,53.9434236242579
ENSSSCG00000040073,19.3857701990087,13.4263719795727
ENSSSCG00000025120,4.62614970658163,1.42761423580267
ENSSSCG00000009460,18.6147452479118,24.5413685297506
ENSSSCG00000024722,21.5886986307143,16.4175637117307
ENSSSCG00000035101,95.203223723541,126.479823129089
ENSSSCG00000025130,2.97395338280248,8.56568541481601
ENSSSCG00000009464,33.3743657403389,40.7549873506523
ENSSSCG00000009466,9.10543751771623,6.45825487625016
ENSSSCG00000040184,68.2907813828717,74.94974737964
ENSSSCG00000059342,225.763448775956,135.759315661806
ENSSSCG00000053145,6.64550076897838,4.75871411934223
ENSSSCG00000059963,3.70826286003766,7.37600688498045
ENSSSCG00000046323,0.660878529511662,0.577843857348699
ENSSSCG00000009535,46.0779196965075,28.1104041192573
ENSSSCG00000038949,4.22227949410228,1.39362342066451
ENSSSCG00000009509,154.535429484144,127.363584322681
ENSSSCG00000009526,1.50533442833212,1.25766016011187
ENSSSCG00000009527,2.90052243507896,4.72472330420407
ENSSSCG00000009528,44.6460162158989,38.8515017029155
ENSSSCG00000060223,0.293723790894072,0.509862227072381
ENSSSCG00000009531,4.69958065430515,4.69073248906591
ENSSSCG00000009532,15.4204990219388,12.9165097525003
ENSSSCG00000009534,33.2275038448919,30.2858162880994
ENSSSCG00000032046,38.7715403980175,48.6408564627052
ENSSSCG00000042169,1.10146421585277,0.611834672486858
ENSSSCG00000009349,6.5353543473931,4.8606865647567
ENSSSCG00000034348,48.5378564452454,64.1066773505674
ENSSSCG00000033919,87.4562587387099,65.1943834349885
ENSSSCG00000040557,0.514016634064626,0.135963260552635
ENSSSCG00000009356,29.7395338280248,31.1695774816916
ENSSSCG00000009357,3.63483191231414,2.85522847160534
ENSSSCG00000009360,29.4825255109925,21.2442594613492
ENSSSCG00000009358,13.8050181720214,14.9219678456517
ENSSSCG00000009359,159.969319615684,213.122410916255
ENSSSCG00000009502,11.3083659494218,7.95385074232915
ENSSSCG00000009361,56.9824154334499,153.842429315307
ENSSSCG00000009505,82.3160923980636,78.5527737842849
ENSSSCG00000009362,3.41453906914359,7.27403443956597
ENSSSCG00000045003,0.587447581788144,1.63155912663162
ENSSSCG00000039812,27.8670446610751,38.2736578455668
ENSSSCG00000056668,16.5219632377915,11.3189414410069
ENSSSCG00000026863,87.5664051602952,90.6535039734694
ENSSSCG00000009364,57.8635868061322,39.1574190391589
ENSSSCG00000058949,164.999339534745,199.56007567613
ENSSSCG00000043789,0.440585686341108,1.18967852983556
ENSSSCG00000040697,23.8283425362816,28.5862755311915
ENSSSCG00000037746,5.83776034401968,5.71045694321067
ENSSSCG00000029855,53.4944454165828,49.7965441774026
ENSSSCG00000009369,42.2595104148846,29.7079724307508
ENSSSCG00000009370,47.1793839123603,51.4960849343105
ENSSSCG00000009372,24.9665222259961,21.4482043521782
ENSSSCG00000009373,8.33441256661929,5.98238346431594
ENSSSCG00000009374,0.73430947723518,0.985733639006604
ENSSSCG00000009377,3.78169380776118,1.83550401746057
ENSSSCG00000035658,69.9062622327891,61.7613111060345
ENSSSCG00000009378,4.2957104418258,0.985733639006604
ENSSSCG00000022112,189.782284391432,259.044002167908
ENSSSCG00000009379,14.7963359662889,8.19178644829626
ENSSSCG00000009380,94.7259225633382,98.1314833038643
ENSSSCG00000009381,64.3989411535253,78.3488288934559
ENSSSCG00000033570,15.4572144958005,11.4888955166977
ENSSSCG00000060630,1.68891179764091,1.01972445414476
ENSSSCG00000009384,38.9551177673263,43.882142343363
ENSSSCG00000009385,0.991317794267492,0.441880596796064
ENSSSCG00000029598,9.94989341653668,26.2409092866586
ENSSSCG00000009516,91.2746680203328,65.3983283258174
ENSSSCG00000024385,11.0146421585277,16.4515545268688
ENSSSCG00000009517,1.06474874199101,0.577843857348699
ENSSSCG00000031808,289.317934030661,210.029246738683
ENSSSCG00000009519,7.89382688027818,11.8288036680792
ENSSSCG00000009522,28.8216469814808,30.5577428092047
ENSSSCG00000009523,47.6934005464249,35.2484752982706
ENSSSCG00000009524,87.4929742125717,73.0462617319032
ENSSSCG00000058822,0.220292843170554,0.81577956331581
ENSSSCG00000062693,0.697594003373421,0.475871411934223
ENSSSCG00000057230,0.220292843170554,0.509862227072381
ENSSSCG00000047974,0.220292843170554,1.7335315720461
ENSSSCG00000009399,3.78169380776118,1.80151320232241
ENSSSCG00000009400,73.9449643575826,83.4134603490416
ENSSSCG00000009401,40.5705986172437,44.4599862007116
ENSSSCG00000009403,646.008762597649,611.698709226305
ENSSSCG00000035098,32.3830479460714,33.4129712808101
ENSSSCG00000027551,22.0292843170554,16.281600451178
ENSSSCG00000009405,44.2788614772813,41.1968679474484
ENSSSCG00000061460,9.83974699495141,16.1116463754873
ENSSSCG00000060310,0.293723790894072,0.917752008730286
ENSSSCG00000056891,0,0.54385304221054
ENSSSCG00000057312,0.954602320405733,1.46160505094083
ENSSSCG00000056545,0.403870212479349,0.509862227072381
ENSSSCG00000057195,0.807740424958698,2.3113754293948
ENSSSCG00000062111,0.220292843170554,0.407889781657905
ENSSSCG00000058335,0.146861895447036,0.407889781657905
ENSSSCG00000057787,0.73430947723518,0.475871411934223
ENSSSCG00000043719,1.57876537605564,2.141421353704
ENSSSCG00000040538,23.3877568499405,24.405405269198
ENSSSCG00000009448,1.54204990219388,0.27192652110527
ENSSSCG00000009449,27.5366053963192,28.7562296068823
ENSSSCG00000031955,4.9198734974757,0
ENSSSCG00000038842,2.49665222259961,1.52958668121714
ENSSSCG00000056129,0.991317794267492,2.54931113536191
ENSSSCG00000009479,52.5031276223153,62.305164148245
ENSSSCG00000009480,136.471416344158,148.743807044583
ENSSSCG00000009488,1.39518800674684,1.1556877146974
ENSSSCG00000009482,28.2709148735544,19.7146727801321
ENSSSCG00000050522,0.514016634064626,0.27192652110527
ENSSSCG00000047723,0.660878529511662,0.645825487625016
ENSSSCG00000009486,1.39518800674684,1.08770608442108
ENSSSCG00000047038,0.220292843170554,0.339908151381588
ENSSSCG00000004054,0.881171372682216,0.407889781657905
ENSSSCG00000059731,0.220292843170554,0.441880596796064
ENSSSCG00000009333,19.2756237774235,37.0839793157312
ENSSSCG00000009334,227.892946259938,565.437209823271
ENSSSCG00000009335,87.6765515818804,44.9018667975077
ENSSSCG00000009336,14.2456038583625,9.10953845702655
ENSSSCG00000009341,19.6427785160411,25.3231572779283
ENSSSCG00000009345,35.2835703811504,71.0068128236136
ENSSSCG00000009347,0.146861895447036,1.25766016011187
ENSSSCG00000009572,1.57876537605564,0.0679816302763175
ENSSSCG00000029393,16.1915239730357,14.8199954002372
ENSSSCG00000022957,29.5192409848542,30.183843842685
ENSSSCG00000009570,84.0784351434281,94.5624477143576
ENSSSCG00000009569,42.7368115750875,37.5938415428036
ENSSSCG00000009568,26.8390113929458,31.9173754147311
ENSSSCG00000021814,115.360018873647,139.362342066451
ENSSSCG00000009268,24.3056436964844,28.9941653128494
ENSSSCG00000009270,156.077479386337,202.449294962874
ENSSSCG00000025308,9.69288509950437,23.6576073361585
ENSSSCG00000059376,35.1734239595651,39.9731986024747
ENSSSCG00000051933,0.220292843170554,2.20940298398032
ENSSSCG00000036326,47.4363922293926,51.2581492283434
ENSSSCG00000035318,105.189832613939,115.19487250322
ENSSSCG00000030113,4.51600328499635,3.02518254729613
ENSSSCG00000023771,1.39518800674684,1.39362342066451
ENSSSCG00000028865,64.3989411535253,61.0814948032713
ENSSSCG00000028249,19.0553309342529,15.4998117030004
ENSSSCG00000031280,35.3570013288739,25.4251297233427
ENSSSCG00000026744,121.528218482422,119.171797874385
ENSSSCG00000024667,81.802075763999,64.4805763170872
ENSSSCG00000009278,2.34979032715257,1.59756831149346
ENSSSCG00000009281,0.807740424958698,0.0679816302763175
ENSSSCG00000035493,12.4465456391363,15.839719854382
ENSSSCG00000009283,26.2515638111577,33.5829253565008
ENSSSCG00000035119,88.4475765329774,96.6018966226472
ENSSSCG00000024064,29.0786552985131,30.183843842685
ENSSSCG00000009298,32.0158932074538,35.9282916010338
ENSSSCG00000009300,37.3763523912706,43.5082433768432
ENSSSCG00000009302,37.0459131265148,47.961040159942
ENSSSCG00000009303,525.361715487909,343.749113492199
ENSSSCG00000039890,8.84842920068392,9.65339149923709
ENSSSCG00000009305,20.1935106239674,24.0654971178164
ENSSSCG00000037313,8.44455898820457,11.1489873653161
ENSSSCG00000009308,31.9424622597303,31.6114580784876
ENSSSCG00000009310,90.2833502260653,81.0341032893705
ENSSSCG00000009319,110.293283480724,156.255777190116
ENSSSCG00000025996,4.36914138954932,1.63155912663162
ENSSSCG00000029456,43.6914138954932,23.2497175545006
ENSSSCG00000035992,180.97057066461,138.308626797168
ENSSSCG00000009326,40.9377533558613,75.3236463461598
ENSSSCG00000009327,321.150249868806,553.540424524915
ENSSSCG00000028065,16.3383858684827,18.626966695711
ENSSSCG00000009330,4.11213307251701,6.62820895194096
ENSSSCG00000009331,16.7422560809621,7.24004362442781
ENSSSCG00000046261,29.0419398246514,56.2547990536527
ENSSSCG00000009348,20.1200796762439,46.9413157057972
ENSSSCG00000046579,0.587447581788144,1.63155912663162
ENSSSCG00000063006,0,0.917752008730286
ENSSSCG00000050382,0.807740424958698,0.203944890828953
ENSSSCG00000052437,1.17489516357629,2.3113754293948
ENSSSCG00000060926,7.01265550759596,4.89467737989486
ENSSSCG00000042547,0.293723790894072,0.475871411934223
ENSSSCG00000063206,0.36715473861759,0.679816302763175
ENSSSCG00000058070,4.00198665093173,9.61940068409893
ENSSSCG00000047668,0.146861895447036,0.54385304221054
ENSSSCG00000033434,1.21161063743805,0
ENSSSCG00000044333,0.844455898820457,1.42761423580267
ENSSSCG00000042951,0.403870212479349,1.25766016011187
ENSSSCG00000048254,0.36715473861759,0.441880596796064
ENSSSCG00000043867,1.65219632377915,2.88921928674349
ENSSSCG00000061816,5.14016634064626,11.3189414410069
ENSSSCG00000054814,7.19623287690476,15.193894366757
ENSSSCG00000047790,0.330439264755831,1.66554994176978
ENSSSCG00000055398,1.65219632377915,7.40999770011861
ENSSSCG00000049043,1.4319034806086,4.79270493448038
ENSSSCG00000044001,0.257008317032313,1.01972445414476
ENSSSCG00000061444,1.10146421585277,0.475871411934223
ENSSSCG00000055603,1.65219632377915,4.07889781657905
ENSSSCG00000041518,0.293723790894072,0.373898966519746
ENSSSCG00000058092,0.771024951096939,0.509862227072381
ENSSSCG00000054545,0.624163055649903,0.917752008730286
ENSSSCG00000053042,2.71694506577016,4.07889781657905
ENSSSCG00000047377,0.073430947723518,0.645825487625016
ENSSSCG00000046743,2.38650580101433,2.92321010188165
ENSSSCG00000053685,0.146861895447036,0.407889781657905
ENSSSCG00000046155,0.73430947723518,0.339908151381588
ENSSSCG00000049449,0.220292843170554,0.849770378453969
ENSSSCG00000049656,43.3976901045991,48.1309942356328
ENSSSCG00000036846,2.68022959190841,4.11288863171721
ENSSSCG00000043021,0.257008317032313,0.509862227072381
ENSSSCG00000043013,0.036715473861759,0.54385304221054
ENSSSCG00000009276,29.3723790894072,41.2308587625866
ENSSSCG00000009320,24.8196603305491,16.0776555603491
ENSSSCG00000037170,80.1498794402198,57.8523673651462
ENSSSCG00000055712,0.954602320405733,1.01972445414476
ENSSSCG00000049125,16.9625489241326,25.4591205384809
ENSSSCG00000056326,1.94592011467323,2.37935705967111
ENSSSCG00000009322,51.8422490928037,54.0453960696724
ENSSSCG00000009388,82.2426614503401,73.9980045557716
ENSSSCG00000009389,25.6274007555078,31.8833845995929
ENSSSCG00000009390,15.4572144958005,13.5963260552635
ENSSSCG00000009393,9.98660889039844,5.67646612807251
ENSSSCG00000053768,0.771024951096939,0.441880596796064
ENSSSCG00000021060,74.2019726746149,77.1931411787585
ENSSSCG00000009396,31.5018765733892,21.1422870159347
ENSSSCG00000009395,16.5953941855151,26.1389368412441
ENSSSCG00000009397,34.0352442698506,32.4952192720798
ENSSSCG00000031598,34.2555371130211,32.2232927509745
ENSSSCG00000022159,112.49621191243,70.7008954873702
ENSSSCG00000052494,1.4319034806086,4.41880596796064
ENSSSCG00000045895,0.183577369308795,0.679816302763175
ENSSSCG00000041698,0.110146421585277,0.81577956331581
ENSSSCG00000051290,7.63681856324587,5.50651205238172
ENSSSCG00000058373,0.073430947723518,0.577843857348699
ENSSSCG00000024125,25.7742626509548,27.9744408587047
ENSSSCG00000059626,1.06474874199101,1.29165097525003
ENSSSCG00000041994,1.32175705902332,1.22366934497372
ENSSSCG00000009511,113.157090441941,128.417299591964
ENSSSCG00000009513,0.514016634064626,0.373898966519746
ENSSSCG00000009422,190.736886711838,237.425843740039
ENSSSCG00000040405,2.71694506577016,4.31683352254616
ENSSSCG00000051361,0.073430947723518,0.475871411934223
ENSSSCG00000009425,22.8003092681523,20.2245350072045
ENSSSCG00000009426,5.69089844857264,6.18632835514489
ENSSSCG00000021818,9.3991613086103,11.2509598107305
ENSSSCG00000038251,14.4291812276713,8.87160275105943
ENSSSCG00000037572,22.8737402158758,11.0470149199016
ENSSSCG00000053321,0.293723790894072,0.441880596796064
ENSSSCG00000009553,31.8690313120068,29.8099448761652
ENSSSCG00000037561,99.3520722699198,95.1742823868445
ENSSSCG00000021158,47.4363922293926,61.3874121395147
ENSSSCG00000029503,4.2957104418258,0.577843857348699
ENSSSCG00000009558,1.94592011467323,0.441880596796064
ENSSSCG00000009557,21.5152676829908,25.6630654293099
ENSSSCG00000009556,78.6445450118877,74.1339678163242
ENSSSCG00000009555,330.329118334246,241.606714002032
ENSSSCG00000009554,41.7087783069582,30.5917336243429
ENSSSCG00000048674,1.46861895447036,1.63155912663162
ENSSSCG00000024103,9.65616962564261,2.58330195050007
ENSSSCG00000026536,12.1528218482422,17.8111871323952
ENSSSCG00000009563,57.5698630152381,66.9958966373109
ENSSSCG00000045154,1.35847253288508,4.35082433768432
ENSSSCG00000009560,47.3262458078073,48.3349391264617
ENSSSCG00000009564,0.697594003373421,0.169954075690794
ENSSSCG00000009565,465.515493093242,657.688282108234
ENSSSCG00000044825,9.32573036088678,14.1741699126122
ENSSSCG00000049805,25.737547177093,25.6290746141717
ENSSSCG00000009566,2.12949748398202,1.29165097525003
ENSSSCG00000009567,43.8382757909402,33.5149437262245
ENSSSCG00000054303,49.969759925854,64.2086497959819
ENSSSCG00000020899,28.6747850860338,31.9513662298692
ENSSSCG00000024679,8.44455898820457,6.35628243083569
ENSSSCG00000009338,19.495916620594,20.972332940244
ENSSSCG00000034291,1.79905821922619,3.1271549927106
ENSSSCG00000040566,27.0593042361164,35.758337525343
ENSSSCG00000029039,7.08608645531948,13.698298500678
ENSSSCG00000056102,0.73430947723518,2.17541216884216
ENSSSCG00000026996,48.7581492884159,62.6450722996266
ENSSSCG00000009498,4.03870212479349,5.57449368265804
ENSSSCG00000009500,71.6318895042918,72.7743352107979
ENSSSCG00000009501,173.223605679779,179.709439635445
ENSSSCG00000026082,269.27128530214,72.7403443956597
ENSSSCG00000009489,12.2996837436893,2.34536624453295
ENSSSCG00000009490,2.31307485329082,1.32564179038819
ENSSSCG00000009491,21.1481129443732,21.4482043521782
ENSSSCG00000009492,10.9044957369424,9.99329965061867
ENSSSCG00000053146,0.293723790894072,0.407889781657905
ENSSSCG00000060441,0.220292843170554,0.407889781657905
ENSSSCG00000045083,0.624163055649903,1.29165097525003
ENSSSCG00000009497,1.06474874199101,11.7268312226648
ENSSSCG00000009496,0.36715473861759,2.07343972342768
ENSSSCG00000026164,9.36244583474854,14.1741699126122
ENSSSCG00000026564,53.8616001552004,48.3689299415999
ENSSSCG00000009354,121.087632796081,121.143265152398
ENSSSCG00000024635,68.694651595351,62.0332376271397
ENSSSCG00000009428,182.84305983156,188.649024016781
ENSSSCG00000052062,0.954602320405733,0
ENSSSCG00000009430,123.547569544819,133.855830014069
ENSSSCG00000060520,27.2428816054252,28.8242112371586
ENSSSCG00000058703,10.0233243642602,8.93958438133575
ENSSSCG00000009431,3.047384330526,3.33109988353956
ENSSSCG00000057225,0.36715473861759,0.339908151381588
ENSSSCG00000009290,119.692444789334,93.2368059239695
ENSSSCG00000009293,47.6566850725632,38.6135659969483
ENSSSCG00000010811,67.9603421181159,73.8960321103571
ENSSSCG00000010814,4.2957104418258,3.02518254729613
ENSSSCG00000027207,22.1761462125024,19.7826544104084
ENSSSCG00000029778,10.060039838122,16.5875177874215
ENSSSCG00000027846,27.4631744485957,31.9173754147311
ENSSSCG00000010816,12.6301230084451,14.8199954002372
ENSSSCG00000010817,8.5914208836516,11.352932256145
ENSSSCG00000039095,1.13817968971453,0.27192652110527
ENSSSCG00000010801,50.3001991906098,53.5355338426
ENSSSCG00000010800,1.32175705902332,0.917752008730286
ENSSSCG00000031991,9.58273867791909,10.9450424744871
ENSSSCG00000032055,20.8911046273409,23.7255889664348
ENSSSCG00000010802,58.4877498617821,46.6353983695538
ENSSSCG00000037241,183.797662151965,673.154102996096
ENSSSCG00000040300,0.220292843170554,0.781788748177651
ENSSSCG00000032416,7.60010308938411,2.00545809315137
ENSSSCG00000033945,0.477301160202867,0.407889781657905
ENSSSCG00000010809,0.330439264755831,0.475871411934223
ENSSSCG00000010821,106.401443251378,75.7315361278177
ENSSSCG00000010822,35.9077334368003,36.0302640464483
ENSSSCG00000010823,62.4163055649903,77.7709850361072
ENSSSCG00000010824,116.131043824744,113.325377670621
ENSSSCG00000010825,24.2322127487609,20.1565533769281
ENSSSCG00000058600,0.220292843170554,0.747797933039493
ENSSSCG00000061415,1.28504158516156,2.65128358077638
ENSSSCG00000053863,0.220292843170554,0.645825487625016
ENSSSCG00000053269,2.38650580101433,4.99664982530934
ENSSSCG00000057737,0.440585686341108,1.29165097525003
ENSSSCG00000057973,1.06474874199101,2.51532032022375
ENSSSCG00000048837,1.76234274536443,5.4385304221054
ENSSSCG00000055448,3.26767717369655,8.39573133912521
ENSSSCG00000044167,0.293723790894072,0.645825487625016
ENSSSCG00000043065,0.257008317032313,1.22366934497372
ENSSSCG00000038539,0.917886846543975,1.22366934497372
ENSSSCG00000011010,20.7442427318938,25.2891664627901
ENSSSCG00000038811,25.0399531737196,7.37600688498045
ENSSSCG00000036693,6.71893171670189,4.99664982530934
ENSSSCG00000026552,54.8529179494679,42.2845740318695
ENSSSCG00000028655,93.8080357167942,93.7466681510418
ENSSSCG00000029783,0.697594003373421,0.747797933039493
ENSSSCG00000011069,375.342289288762,300.886695602981
ENSSSCG00000011070,24.7462293828256,27.7025143375994
ENSSSCG00000056325,1.57876537605564,2.44733868994743
ENSSSCG00000010960,104.56566955829,109.994277787082
ENSSSCG00000039950,6.93922455987245,5.13261308586197
ENSSSCG00000022760,413.232658314097,403.165058353701
ENSSSCG00000034203,26.7288649713605,24.4393960843361
ENSSSCG00000021571,98.4709008972376,113.767258267417
ENSSSCG00000026087,12.8137003777539,16.8254534933886
ENSSSCG00000021005,192.315652087894,163.291875923715
ENSSSCG00000035132,5.14016634064626,4.35082433768432
ENSSSCG00000010962,14.3557502799478,14.6160505094083
ENSSSCG00000040707,13.8417336458831,14.5480688791319
ENSSSCG00000038162,36.4584655447267,17.3013249053228
ENSSSCG00000010966,3.45125454300534,4.11288863171721
ENSSSCG00000055253,0.587447581788144,0.27192652110527
ENSSSCG00000010967,0.183577369308795,0.747797933039493
ENSSSCG00000010968,89.1818860102126,95.718135429055
ENSSSCG00000010969,84.5190208297692,50.8162686315473
ENSSSCG00000037000,59.8095069208054,69.8851159240544
ENSSSCG00000010971,1.83577369308795,1.66554994176978
ENSSSCG00000010972,47.6199695987014,41.4348036534155
ENSSSCG00000010973,22.0292843170554,21.2442594613492
ENSSSCG00000010974,9.28901488702502,5.77843857348699
ENSSSCG00000027428,44.6827316897607,45.3777382094419
ENSSSCG00000039342,150.974028519553,110.606112459569
ENSSSCG00000033196,181.81502656343,285.896746127053
ENSSSCG00000058971,30.2168349882276,24.3374236389217
ENSSSCG00000010980,46.9590910691897,69.0353455456004
ENSSSCG00000010981,13.6214408027126,21.8560941338361
ENSSSCG00000010984,29.8863957234718,31.1695774816916
ENSSSCG00000021761,54.999779844915,49.9325074379552
ENSSSCG00000024384,83.0871173491606,83.9573133912521
ENSSSCG00000010987,42.2227949410228,45.2417749488893
ENSSSCG00000034725,100.086381747155,94.3245120083905
ENSSSCG00000010990,26.8022959190841,24.4393960843361
ENSSSCG00000040513,31.2815837302187,1.86949483259873
ENSSSCG00000010992,0.624163055649903,0.917752008730286
ENSSSCG00000011003,23.1307485329082,25.5950837990335
ENSSSCG00000058178,5.25031276223153,3.50105395923035
ENSSSCG00000011004,31.7221694165598,35.0785212225798
ENSSSCG00000030408,44.6093007420372,29.4700367247836
ENSSSCG00000023807,79.7092937538788,68.5934649488044
ENSSSCG00000062233,0.771024951096939,0.101972445414476
ENSSSCG00000055669,1.10146421585277,1.93747646287505
ENSSSCG00000062406,1.32175705902332,1.22366934497372
ENSSSCG00000063495,6.24163055649903,1.29165097525003
ENSSSCG00000036524,0.330439264755831,0.883761193592128
ENSSSCG00000051266,5.25031276223153,4.55476922851327
ENSSSCG00000044435,0.477301160202867,0.373898966519746
ENSSSCG00000046263,1.54204990219388,2.27738461425664
ENSSSCG00000056577,11.1982195278365,16.8934351236649
ENSSSCG00000049283,5.14016634064626,4.89467737989486
ENSSSCG00000028046,0.587447581788144,0.81577956331581
ENSSSCG00000025759,1.13817968971453,0.81577956331581
ENSSSCG00000034119,8.00397330186346,4.92866819503302
ENSSSCG00000038184,4.40585686341108,2.51532032022375
ENSSSCG00000020705,5.36045918381681,7.95385074232915
ENSSSCG00000011018,16.5219632377915,15.4658208878622
ENSSSCG00000011020,54.5224786847121,46.669389184692
ENSSSCG00000011026,29.7762493018865,25.1532032022375
ENSSSCG00000011027,123.327276701648,135.385416695286
ENSSSCG00000011028,36.715473861759,40.1431526781655
ENSSSCG00000022045,0.587447581788144,0.645825487625016
ENSSSCG00000011022,71.3748811872595,49.8305349925407
ENSSSCG00000011023,16.448532290068,23.9975154875401
ENSSSCG00000011025,22.5800164249818,43.7461790828103
ENSSSCG00000011033,416.243327170762,282.361701352685
ENSSSCG00000011034,77.836804586929,11.0470149199016
ENSSSCG00000038007,17.1828417673032,25.2211848325138
ENSSSCG00000011036,29.555956458716,25.6290746141717
ENSSSCG00000011037,0.587447581788144,0.237935705967111
ENSSSCG00000011038,5.54403655312561,1.05371526928292
ENSSSCG00000011040,9.87646246881317,11.7268312226648
ENSSSCG00000011041,17.5867119797826,22.5359104365993
ENSSSCG00000011042,84.5924517774927,76.9552054727914
ENSSSCG00000044626,0.220292843170554,0.339908151381588
ENSSSCG00000011043,2.2396439055673,5.40453960696724
ENSSSCG00000022953,11.0146421585277,5.60848449779619
ENSSSCG00000011045,35.9077334368003,31.1695774816916
ENSSSCG00000011046,89.9896264351713,117.914137714273
ENSSSCG00000011047,150.717020202521,140.11013999949
ENSSSCG00000026499,2.27635937942906,5.50651205238172
ENSSSCG00000027110,2.57008317032313,2.68527439591454
ENSSSCG00000011049,5.25031276223153,9.7213731295134
ENSSSCG00000011048,8.88514467454567,7.44398851525677
ENSSSCG00000011051,18.7983226172206,17.3693065355991
ENSSSCG00000010874,66.271430320475,63.1889253418371
ENSSSCG00000060083,35.7608715413532,50.4423696650276
ENSSSCG00000010865,0.771024951096939,0.237935705967111
ENSSSCG00000057274,6.42520792580782,8.83761193592128
ENSSSCG00000039658,273.530280270104,291.743166330817
ENSSSCG00000021132,2.68022959190841,2.141421353704
ENSSSCG00000011056,44.0952841079725,45.2417749488893
ENSSSCG00000035850,1.6154808499174,4.92866819503302
ENSSSCG00000026354,32.1994705767626,31.1355866665534
ENSSSCG00000010876,39.7261427184232,40.1091618630273
ENSSSCG00000032984,26.5820030759135,35.4184293739614
ENSSSCG00000031659,49.4557432917893,53.1616348760803
ENSSSCG00000059887,0.440585686341108,1.63155912663162
ENSSSCG00000039618,25.0766686475814,38.4096211061194
ENSSSCG00000039244,74.3855500439237,47.3831963025933
ENSSSCG00000010877,439.924807811596,528.931074364888
ENSSSCG00000035059,1.02803326812925,0.679816302763175
ENSSSCG00000023247,142.859908796104,52.2778736824882
ENSSSCG00000011068,145.246414597119,137.832755385234
ENSSSCG00000030502,20.1567951501057,17.3013249053228
ENSSSCG00000035136,13.1441396425097,12.1007301891845
ENSSSCG00000010872,74.495696465509,69.0013547304623
ENSSSCG00000011065,0.807740424958698,0
ENSSSCG00000011064,49.4924587656511,55.0991113389553
ENSSSCG00000024127,74.8261357302648,64.5145671322253
ENSSSCG00000010860,41.1580461990318,25.8330195050007
ENSSSCG00000010861,46.3716434874016,75.7315361278177
ENSSSCG00000011061,2.20292843170554,3.26311825326324
ENSSSCG00000030156,1.68891179764091,0.747797933039493
ENSSSCG00000038536,1.54204990219388,0.339908151381588
ENSSSCG00000010862,36.2748881754179,43.882142343363
ENSSSCG00000053892,5.58075202698736,7.98784155746731
ENSSSCG00000044936,1.13817968971453,0.475871411934223
ENSSSCG00000041664,0.073430947723518,0.611834672486858
ENSSSCG00000050323,0.624163055649903,0.917752008730286
ENSSSCG00000057494,0.954602320405733,1.39362342066451
ENSSSCG00000054417,0.073430947723518,0.441880596796064
ENSSSCG00000060365,1.6154808499174,1.1556877146974
ENSSSCG00000010863,58.2674570186115,86.1667163752324
ENSSSCG00000058859,0.440585686341108,1.01972445414476
ENSSSCG00000056827,5.25031276223153,4.35082433768432
ENSSSCG00000053801,2.01935106239674,2.27738461425664
ENSSSCG00000045782,0.550732107926385,0.169954075690794
ENSSSCG00000048017,3.41453906914359,7.54596096067124
ENSSSCG00000010866,85.7306314672072,93.4407508147984
ENSSSCG00000034746,5.25031276223153,6.93412628818439
ENSSSCG00000029411,300.479438084635,302.00839250254
ENSSSCG00000010894,71.0444419225036,69.4772261423965
ENSSSCG00000024618,39.0652641889116,38.3416394758431
ENSSSCG00000010896,6.38849245194606,3.39908151381588
ENSSSCG00000010897,8.88514467454567,10.4691710625529
ENSSSCG00000021897,0.807740424958698,0.441880596796064
ENSSSCG00000031664,28.7115005598955,24.4733868994743
ENSSSCG00000010853,75.413583312053,150.81724676801
ENSSSCG00000010854,48.905011183863,32.5632009023561
ENSSSCG00000010855,27.0960197099781,15.0239402910662
ENSSSCG00000010858,26.5452876020517,29.4020550945073
ENSSSCG00000023971,605.768603245161,417.883081308524
ENSSSCG00000024180,109.558974003489,58.0563122559752
ENSSSCG00000030675,2.27635937942906,0.339908151381588
ENSSSCG00000021310,15.4939299696623,4.99664982530934
ENSSSCG00000023660,304.628286631014,78.0089207420743
ENSSSCG00000024288,5.06673539292274,4.38481515282248
ENSSSCG00000046588,98.9482020574405,84.6711205091535
ENSSSCG00000040100,29.9598266711953,25.1532032022375
ENSSSCG00000010878,9.03200656999271,6.18632835514489
ENSSSCG00000010879,13.0339932209244,16.8934351236649
ENSSSCG00000022034,15.6775073389711,9.95930883548052
ENSSSCG00000023775,8.62813635751336,9.99329965061867
ENSSSCG00000010882,23.9017734840051,24.6433409751651
ENSSSCG00000010884,0.403870212479349,0.81577956331581
ENSSSCG00000027882,26.8757268668076,14.0721974671977
ENSSSCG00000010826,63.7380626240136,135.011517728767
ENSSSCG00000010829,27.6100363440428,21.9580665792506
ENSSSCG00000032644,6.38849245194606,4.79270493448038
ENSSSCG00000010831,3.4879700168671,2.03944890828953
ENSSSCG00000010832,4.99330444519922,6.25430998542121
ENSSSCG00000010833,12.7035539561686,12.3386658951516
ENSSSCG00000010834,151.084174941138,103.57001372597
ENSSSCG00000010835,57.9370177538557,60.3336968702318
ENSSSCG00000010836,58.8181891265379,59.6878713826068
ENSSSCG00000011127,16.7789715548239,20.6664156040005
ENSSSCG00000034086,116.902068775841,129.572987306661
ENSSSCG00000033095,24.0119199055904,24.5073777146125
ENSSSCG00000011128,0.403870212479349,0.475871411934223
ENSSSCG00000035479,32.4564788937949,28.8582020522968
ENSSSCG00000011129,37.5232142867177,18.3550401746057
ENSSSCG00000024480,14.8697669140124,11.8967852983556
ENSSSCG00000035212,37.0459131265148,43.882142343363
ENSSSCG00000011157,90.9075132817152,71.0408036387518
ENSSSCG00000011158,38.698109450294,27.9404500435665
ENSSSCG00000051856,0.257008317032313,0.475871411934223
ENSSSCG00000011160,0.881171372682216,0.305917336243429
ENSSSCG00000057721,0.440585686341108,0.781788748177651
ENSSSCG00000029602,46.9590910691897,31.2375591119679
ENSSSCG00000052236,1.06474874199101,1.22366934497372
ENSSSCG00000061483,0.257008317032313,1.63155912663162
ENSSSCG00000063553,8.48127446206632,4.48678759823696
ENSSSCG00000050349,0.440585686341108,0.27192652110527
ENSSSCG00000062935,0.403870212479349,1.35963260552635
ENSSSCG00000031683,11.2349350016982,10.5711435079674
ENSSSCG00000047204,1.35847253288508,1.32564179038819
ENSSSCG00000054118,10.206901733569,23.3176991847769
ENSSSCG00000057505,14.9799133355977,13.4263719795727
ENSSSCG00000033745,0.807740424958698,0.645825487625016
ENSSSCG00000037997,11.418512371007,4.01091618630273
ENSSSCG00000042888,0.146861895447036,0.883761193592128
ENSSSCG00000029066,73.6145250928268,81.0341032893705
ENSSSCG00000028602,38.3676701855381,44.1540688644682
ENSSSCG00000011162,72.5864918246975,84.1272674669429
ENSSSCG00000063387,35.5772941720445,25.255175647652
ENSSSCG00000011147,3.70826286003766,3.22912743812508
ENSSSCG00000058443,1.54204990219388,2.37935705967111
ENSSSCG00000062058,2.64351411804665,2.24339379911848
ENSSSCG00000036941,8.33441256661929,6.28830080055937
ENSSSCG00000028790,8.33441256661929,10.6391251382437
ENSSSCG00000011137,251.390849531464,189.566776025511
ENSSSCG00000011136,67.3728945363277,64.6165395776398
ENSSSCG00000011145,23.6447651669728,28.4503122706389
ENSSSCG00000023105,145.503422914151,72.2644729837255
ENSSSCG00000029077,0.514016634064626,0.0679816302763175
ENSSSCG00000011125,0.917886846543975,0.883761193592128
ENSSSCG00000011163,55.5505119528413,103.604004541108
ENSSSCG00000011166,151.891915366097,188.071180159432
ENSSSCG00000011131,0.403870212479349,0.169954075690794
ENSSSCG00000011133,13.4378634334038,20.0545809315137
ENSSSCG00000011134,67.9236266442541,72.8763076562124
ENSSSCG00000022849,0.807740424958698,0.339908151381588
ENSSSCG00000030030,89.5857562226919,74.9837381947782
ENSSSCG00000039612,40.3870212479349,38.4776027363957
ENSSSCG00000056385,2.09278201012026,0.339908151381588
ENSSSCG00000056203,0.440585686341108,0.373898966519746
ENSSSCG00000055365,1.10146421585277,0.441880596796064
ENSSSCG00000049325,1.10146421585277,0.373898966519746
ENSSSCG00000052292,1.4319034806086,3.05917336243429
ENSSSCG00000011082,25.7742626509548,33.6848978019153
ENSSSCG00000011081,31.5018765733892,41.9786566956261
ENSSSCG00000011121,15.1267752310447,9.61940068409893
ENSSSCG00000011103,80.4436032311139,77.2611228090348
ENSSSCG00000026001,23.608049693111,22.4339379911848
ENSSSCG00000011085,55.0364953187767,72.4684178745545
ENSSSCG00000060456,0.917886846543975,0.849770378453969
ENSSSCG00000011087,3.92855570320821,3.43307232895403
ENSSSCG00000011090,22.690162846567,41.6047577291063
ENSSSCG00000011110,160.777060040643,32.0873294904219
ENSSSCG00000011111,8.48127446206632,10.2652261717239
ENSSSCG00000011112,29.2622326678219,30.0818713972705
ENSSSCG00000011113,28.7115005598955,25.4251297233427
ENSSSCG00000011114,43.9851376863873,43.2703076708761
ENSSSCG00000039539,11.8223825834864,23.759579781573
ENSSSCG00000011117,64.8395268398664,82.9715797522455
ENSSSCG00000022247,4.77301160202867,8.39573133912521
ENSSSCG00000011119,48.5011409713836,45.8536096213762
ENSSSCG00000011120,27.9037601349368,34.7726038863364
ENSSSCG00000046967,0.587447581788144,0.81577956331581
ENSSSCG00000032993,2.16621295784378,2.34536624453295
ENSSSCG00000024444,22.0292843170554,12.1347210043227
ENSSSCG00000010941,45.9310578010605,34.6706314409219
ENSSSCG00000038768,1.39518800674684,0.305917336243429
ENSSSCG00000036967,38.5512475548469,38.4436119212575
ENSSSCG00000010904,87.4195432648481,126.989685356161
ENSSSCG00000037431,24.2322127487609,19.6466911498558
ENSSSCG00000034151,121.675080377869,67.233832343278
ENSSSCG00000010926,9.98660889039844,2.27738461425664
ENSSSCG00000049544,0.514016634064626,0.0679816302763175
ENSSSCG00000058253,1.4319034806086,1.5635774963553
ENSSSCG00000044583,8.62813635751336,13.5283444249872
ENSSSCG00000011077,32.6400562631037,49.9325074379552
ENSSSCG00000011078,134.341918860176,122.740833463891
ENSSSCG00000010923,4.07541759865525,3.97692537116457
ENSSSCG00000011079,60.6539628196258,72.4684178745545
ENSSSCG00000010925,600.444859535206,803.40690660552
ENSSSCG00000011080,114.18512371007,104.691710625529
ENSSSCG00000010922,120.977486374496,98.8452904217657
ENSSSCG00000037669,0.881171372682216,0.883761193592128
ENSSSCG00000024975,0.917886846543975,7.10408036387518
ENSSSCG00000011076,11.124788580113,8.3277497088489
ENSSSCG00000027312,54.081892998371,25.4931113536191
ENSSSCG00000060272,0.954602320405733,3.39908151381588
ENSSSCG00000060657,0.293723790894072,0.849770378453969
ENSSSCG00000048108,1.02803326812925,0.917752008730286
ENSSSCG00000010928,115.763889086126,110.776066535259
ENSSSCG00000053080,25.590685281646,18.6609575108492
ENSSSCG00000054833,0.624163055649903,0.883761193592128
ENSSSCG00000010931,76.4049011063204,58.022321440837
ENSSSCG00000060444,0.110146421585277,1.32564179038819
ENSSSCG00000056714,17.4765655581973,19.7146727801321
ENSSSCG00000054371,0.293723790894072,0.849770378453969
ENSSSCG00000010929,63.1873305160872,116.724459184437
ENSSSCG00000010908,6.86579361214893,6.11834672486858
ENSSSCG00000033654,5.76432939629616,6.424264061112
ENSSSCG00000010943,59.4423521821878,45.6836555456854
ENSSSCG00000011171,298.606948917686,320.023524525765
ENSSSCG00000011167,11.0146421585277,10.4351802474147
ENSSSCG00000011168,6.05805318719023,6.39027324597385
ENSSSCG00000011169,17.366419136612,13.3923811644345
ENSSSCG00000027557,60.6906782934876,62.8830080055937
ENSSSCG00000035956,21.8457069477466,22.7398553274282
ENSSSCG00000028981,1.68891179764091,0.747797933039493
ENSSSCG00000039368,5.94790676560496,4.96265901017118
ENSSSCG00000063532,3.63483191231414,4.62275085878959
ENSSSCG00000010900,13.9151645936067,16.2476096360399
ENSSSCG00000053351,29.84968024961,27.396597001356
ENSSSCG00000010954,2.8638069612172,4.55476922851327
ENSSSCG00000010955,321.590835555147,244.020061876842
ENSSSCG00000032380,0.881171372682216,1.49559586607899
ENSSSCG00000010956,28.4544922428632,24.405405269198
ENSSSCG00000010957,13.5847253288508,11.1149965501779
ENSSSCG00000030694,0.660878529511662,7.64793340608572
ENSSSCG00000023031,0.220292843170554,0.441880596796064
ENSSSCG00000021624,39.1019796627733,50.7142961861329
ENSSSCG00000024061,22.3230081079495,0.54385304221054
ENSSSCG00000020976,667.487314806778,635.458289007878
ENSSSCG00000010915,41.5619164115112,19.4427462590268
ENSSSCG00000039843,106.474874199101,111.081983871503
ENSSSCG00000054480,10.1701862597072,12.1347210043227
ENSSSCG00000031201,197.749542219434,252.517765661381
ENSSSCG00000010912,3.45125454300534,1.18967852983556
ENSSSCG00000010959,8.66485183137512,1.18967852983556
ENSSSCG00000010911,7.45324119393707,13.9362342066451
ENSSSCG00000057685,8.44455898820457,10.8430700290726
ENSSSCG00000063163,8.18755067117225,10.2652261717239
ENSSSCG00000063271,0.624163055649903,0.849770378453969
ENSSSCG00000060084,0.036715473861759,0.577843857348699
ENSSSCG00000053885,18.3577369308795,9.17752008730286
ENSSSCG00000032301,0.587447581788144,0
ENSSSCG00000043552,0.624163055649903,1.22366934497372
ENSSSCG00000038150,4.99330444519922,5.16660390100013
ENSSSCG00000022787,44.8663090590695,52.889708354975
ENSSSCG00000055078,1.28504158516156,1.66554994176978
ENSSSCG00000010952,19.6427785160411,19.9865993012373
ENSSSCG00000034164,4.00198665093173,6.76417221249359
ENSSSCG00000031212,8.81171372682216,14.2421515428885
ENSSSCG00000010840,2.42322127487609,2.78724684132902
ENSSSCG00000046498,0.183577369308795,0.577843857348699
ENSSSCG00000028178,71.4850276088447,62.4071365936595
ENSSSCG00000025686,2.8638069612172,4.62275085878959
ENSSSCG00000025290,18.0640131399854,20.2925166374808
ENSSSCG00000041187,4.18556402024052,12.3046750800135
ENSSSCG00000024484,42.4430877841934,51.1901675980671
ENSSSCG00000052651,1.17489516357629,0.679816302763175
ENSSSCG00000026705,15.383783548077,17.4032973507373
ENSSSCG00000035034,17.2562727150267,24.5753593448888
ENSSSCG00000010849,126.117652715142,138.546562503135
ENSSSCG00000063222,0.477301160202867,1.5635774963553
ENSSSCG00000055285,1.02803326812925,1.66554994176978
ENSSSCG00000034972,5.54403655312561,4.38481515282248
ENSSSCG00000031483,2.8638069612172,4.48678759823696
ENSSSCG00000032397,36.9357667049295,29.4020550945073
ENSSSCG00000046945,68.7313670692128,88.4441009894891
ENSSSCG00000038646,120.243176897261,181.340998762077
ENSSSCG00000010994,25.6274007555078,26.8867347742836
ENSSSCG00000010995,82.4996697673724,70.0550699997452
ENSSSCG00000035454,224.58855361238,72.8763076562124
ENSSSCG00000010999,53.2741525734123,48.4709023870144
ENSSSCG00000011000,236.557798091313,408.025744918458
ENSSSCG00000011001,11.0146421585277,9.00756601161207
ENSSSCG00000011013,116.865353301979,130.52473013053
ENSSSCG00000011014,25.2235305430284,22.9777910333953
ENSSSCG00000010996,75.9643154199793,67.0638782675872
ENSSSCG00000045657,2.79037601349368,1.18967852983556
ENSSSCG00000054061,0.220292843170554,0.373898966519746
ENSSSCG00000031174,10.4639100506013,2.78724684132902
ENSSSCG00000010948,9.61945415178085,3.39908151381588
ENSSSCG00000010949,66.0144220034426,90.1776325615352
ENSSSCG00000051707,0.220292843170554,0.645825487625016
ENSSSCG00000058834,1.4319034806086,2.24339379911848
ENSSSCG00000052781,0.514016634064626,0.645825487625016
ENSSSCG00000056862,18.8717535649441,9.21151090244102
ENSSSCG00000021309,12.9238467993392,16.6215086025596
ENSSSCG00000011030,1.72562727150267,7.0021079184607
ENSSSCG00000032444,16.9992643979944,9.68738231437525
ENSSSCG00000031456,17.5499965059208,22.3659563609085
ENSSSCG00000047199,0.440585686341108,1.08770608442108
ENSSSCG00000057673,4.88315802361394,2.75325602619086
ENSSSCG00000011104,62.159297247958,79.9463972049494
ENSSSCG00000052364,4.62614970658163,3.80697129547378
ENSSSCG00000011106,18.1741595615707,12.4746291557043
ENSSSCG00000024021,18.6514607217736,16.5535269722833
ENSSSCG00000011107,92.4495631839091,85.214973551364
ENSSSCG00000036044,0.807740424958698,0.27192652110527
ENSSSCG00000033001,12.0059599527952,9.78935475978972
ENSSSCG00000056790,0.293723790894072,0.407889781657905
ENSSSCG00000058208,2.8638069612172,0.713807117901334
ENSSSCG00000032735,8.00397330186346,9.58540986896077
ENSSSCG00000033737,0.293723790894072,0.339908151381588
ENSSSCG00000021706,34.6226918516387,19.0348564773689
ENSSSCG00000024784,0.807740424958698,0.339908151381588
ENSSSCG00000027928,45.3068947454106,39.599299635955
ENSSSCG00000027314,52.6499895177624,54.2153501453632
ENSSSCG00000058221,0.403870212479349,0.135963260552635
ENSSSCG00000033907,0.440585686341108,0.509862227072381
ENSSSCG00000051637,2.20292843170554,3.73898966519746
ENSSSCG00000010885,12.8871313254774,19.5107278893031
ENSSSCG00000011176,1.50533442833212,1.35963260552635
ENSSSCG00000059631,1.28504158516156,1.39362342066451
ENSSSCG00000057680,1.13817968971453,2.27738461425664
ENSSSCG00000052804,1.6154808499174,2.00545809315137
ENSSSCG00000010888,0.257008317032313,0.54385304221054
ENSSSCG00000032896,9.25229941316326,7.51197014553308
ENSSSCG00000048861,7.45324119393707,6.424264061112
ENSSSCG00000056019,0.587447581788144,1.1556877146974
ENSSSCG00000011101,565.491728418812,474.035907916762
ENSSSCG00000011102,38.2575237639529,41.53677609883
ENSSSCG00000055367,0.330439264755831,1.49559586607899
ENSSSCG00000011071,20.0466487285204,28.8242112371586
ENSSSCG00000032929,146.53145618228,136.847021746227
ENSSSCG00000057984,0.146861895447036,0.611834672486858
ENSSSCG00000028135,12.5199765868598,13.3583903492964
ENSSSCG00000059535,0.110146421585277,1.35963260552635
ENSSSCG00000054010,0.771024951096939,3.50105395923035
ENSSSCG00000059769,0.146861895447036,0.373898966519746
ENSSSCG00000011074,33.9985287959888,34.1267783987114
ENSSSCG00000011075,121.968804168763,137.220920712747
ENSSSCG00000063450,0.514016634064626,0.0679816302763175
ENSSSCG00000049690,2.12949748398202,1.80151320232241
ENSSSCG00000037260,0.844455898820457,2.00545809315137
ENSSSCG00000032235,94.6892070894764,64.4125946868108
ENSSSCG00000039419,1.17489516357629,0.27192652110527
ENSSSCG00000033946,48.5745719191071,68.8993822850478
ENSSSCG00000034173,60.6539628196258,58.4981928527712
ENSSSCG00000040931,21.478552209129,2.44733868994743
ENSSSCG00000040086,26.2515638111577,25.0852215719612
ENSSSCG00000038718,54.3389013154033,55.4730103054751
ENSSSCG00000032761,197.235525585369,210.165209999236
ENSSSCG00000021825,212.876317450479,176.582284642735
ENSSSCG00000007540,31.3917301518039,21.8560941338361
ENSSSCG00000007539,5.58075202698736,8.12380481801994
ENSSSCG00000038617,50.3736301383333,52.5498002035934
ENSSSCG00000053677,21.5519831568525,20.8703604948295
ENSSSCG00000036835,67.62990285336,46.0575545122051
ENSSSCG00000026052,111.835333382918,134.39968305628
ENSSSCG00000033332,128.871313254774,140.314084890319
ENSSSCG00000035448,18.3577369308795,26.0029735806914
ENSSSCG00000037369,36.8990512310678,35.554392634514
ENSSSCG00000056699,43.9851376863873,45.0378300580604
ENSSSCG00000040554,1.21161063743805,0.747797933039493
ENSSSCG00000038631,11.3817968971453,17.0633891993557
ENSSSCG00000024694,28.6747850860338,30.2518254729613
ENSSSCG00000040401,0.660878529511662,0.203944890828953
ENSSSCG00000040118,136.067546131679,173.489120465162
ENSSSCG00000031474,4.73629612816691,5.94839264917778
ENSSSCG00000040107,56.0278131130442,77.2271319938967
ENSSSCG00000038405,0.293723790894072,0.373898966519746
ENSSSCG00000039160,16.2282394468975,15.2618759970333
ENSSSCG00000036595,54.8896334233297,48.5388840172907
ENSSSCG00000035304,53.9350311029239,54.8951664481264
ENSSSCG00000061743,0.257008317032313,0.611834672486858
ENSSSCG00000037562,20.6340963103085,33.2430172051193
ENSSSCG00000040388,6.05805318719023,5.98238346431594
ENSSSCG00000036712,77.1392105835556,64.650530392778
ENSSSCG00000031602,58.2307415447497,58.0903030711133
ENSSSCG00000035939,72.6966382462828,70.4629597814031
ENSSSCG00000058618,75.5971606813617,76.3433708003046
ENSSSCG00000034186,7.37981024621356,7.20605280928966
ENSSSCG00000029119,110.146421585277,118.050100974825
ENSSSCG00000055892,2.38650580101433,3.80697129547378
ENSSSCG00000036804,67.5564719056365,83.07355219766
ENSSSCG00000037865,11.4919433187306,2.88921928674349
ENSSSCG00000034841,26.1781328634342,18.0831136535005
ENSSSCG00000033548,24.7095139089638,14.4121056185793
ENSSSCG00000031228,6.68221624284013,18.9668748470926
ENSSSCG00000007538,0.440585686341108,0.883761193592128
ENSSSCG00000059072,0.697594003373421,0.27192652110527
ENSSSCG00000061999,0.660878529511662,0.373898966519746
ENSSSCG00000062929,2.64351411804665,2.17541216884216
ENSSSCG00000058198,6.05805318719023,5.64247531293435
ENSSSCG00000046327,0.257008317032313,1.52958668121714
ENSSSCG00000006979,1.46861895447036,0.611834672486858
ENSSSCG00000006968,17.7335738752296,18.6609575108492
ENSSSCG00000006969,160.373189828163,134.637618762247
ENSSSCG00000006970,31.4284456256657,11.8627944832174
ENSSSCG00000021988,99.3887877437816,72.4684178745545
ENSSSCG00000055878,7.71024951096939,13.5963260552635
ENSSSCG00000003935,0.36715473861759,0.407889781657905
ENSSSCG00000033117,0.550732107926385,0
ENSSSCG00000039442,1.6154808499174,0.781788748177651
ENSSSCG00000006981,6.97594003373421,8.46371296940153
ENSSSCG00000006982,10.3904791028778,11.6928404075266
ENSSSCG00000006983,71.5217430827065,70.9048403781992
ENSSSCG00000006984,23.3877568499405,24.847285865994
ENSSSCG00000027439,1.46861895447036,0
ENSSSCG00000036785,8.07740424958698,7.98784155746731
ENSSSCG00000021353,173.957915157014,281.511930974231
ENSSSCG00000006987,7.04937098145772,3.43307232895403
ENSSSCG00000006988,13.7315872242979,12.9505005676385
ENSSSCG00000040013,122.262527959657,149.933485574418
ENSSSCG00000007056,46.8122291737427,32.1893019358363
ENSSSCG00000035335,0.844455898820457,0.203944890828953
ENSSSCG00000006994,244.41490949773,241.776668077723
ENSSSCG00000006995,144.548820593745,78.2128656329033
ENSSSCG00000006996,25.2969614907519,24.9832491265467
ENSSSCG00000052785,0.36715473861759,0.509862227072381
ENSSSCG00000006972,5.9111912917432,5.13261308586197
ENSSSCG00000006966,1.6154808499174,1.93747646287505
ENSSSCG00000025403,0.477301160202867,0.27192652110527
ENSSSCG00000058810,7.159517403043,13.7322893158161
ENSSSCG00000056747,1.06474874199101,1.63155912663162
ENSSSCG00000053731,0.073430947723518,0.509862227072381
ENSSSCG00000043990,0.807740424958698,0.54385304221054
ENSSSCG00000049196,0.183577369308795,0.441880596796064
ENSSSCG00000007058,73.6145250928268,154.726190508899
ENSSSCG00000007061,1.4319034806086,0.135963260552635
ENSSSCG00000058180,12.5934075345833,6.424264061112
ENSSSCG00000048919,47.6566850725632,37.1859517611457
ENSSSCG00000032601,48.0238398111807,24.847285865994
ENSSSCG00000026466,36.5686119663119,38.4096211061194
ENSSSCG00000028479,71.7053204520153,57.3085143229357
ENSSSCG00000056538,32.897064580136,30.0138897669942
ENSSSCG00000030123,80.0030175447728,86.4046520811995
ENSSSCG00000007043,165.293063325639,153.876420130445
ENSSSCG00000039269,6.46192339966958,10.6731159533818
ENSSSCG00000039779,0.807740424958698,0.951742823868445
ENSSSCG00000007046,23.4979032715257,30.82966933031
ENSSSCG00000007047,12.7769849038921,3.50105395923035
ENSSSCG00000040202,40.056581983179,42.1146199561787
ENSSSCG00000053721,1.76234274536443,3.73898966519746
ENSSSCG00000007052,18.57802977405,29.7759540610271
ENSSSCG00000031857,53.8616001552004,58.7361285587383
ENSSSCG00000039969,14.5026121753948,13.3243995341582
ENSSSCG00000036001,14.319034806086,10.2652261717239
ENSSSCG00000024486,14.7229050185654,17.131370829632
ENSSSCG00000063303,48.8682957100012,51.8359930856921
ENSSSCG00000031510,55.1833572142237,52.7877359095605
ENSSSCG00000038960,39.5792808229762,28.7562296068823
ENSSSCG00000007004,41.5619164115112,26.2749001017967
ENSSSCG00000035371,1.90920464081147,2.58330195050007
ENSSSCG00000033750,10.3170481551543,13.6643076855398
ENSSSCG00000007034,19.6060630421793,19.3067829984742
ENSSSCG00000044174,1.76234274536443,0.611834672486858
ENSSSCG00000043561,5.43389013154033,11.1489873653161
ENSSSCG00000043729,0.073430947723518,1.93747646287505
ENSSSCG00000007421,8.5914208836516,5.91440183403962
ENSSSCG00000007422,35.797587015215,34.6026498106456
ENSSSCG00000007423,5.06673539292274,0.747797933039493
ENSSSCG00000007424,11.0513576323895,8.42972215426337
ENSSSCG00000007425,20.6708117841703,30.5577428092047
ENSSSCG00000007426,12.9605622732009,18.0491228383623
ENSSSCG00000007427,8.07740424958698,6.22031917028305
ENSSSCG00000007428,10.0967553119837,10.6391251382437
ENSSSCG00000007430,2.82709148735544,1.80151320232241
ENSSSCG00000007431,57.8635868061322,40.5170516446852
ENSSSCG00000007435,26.0679864418489,23.2837083696387
ENSSSCG00000035053,0.220292843170554,0.747797933039493
ENSSSCG00000022777,18.9084690388059,21.5841676127308
ENSSSCG00000023306,73.6879560405503,85.2829551816403
ENSSSCG00000051117,1.54204990219388,2.54931113536191
ENSSSCG00000007458,72.2927680338034,91.3673110913707
ENSSSCG00000007456,179.134796971522,26.3768725472112
ENSSSCG00000022258,7.37981024621356,0.339908151381588
ENSSSCG00000007439,0.073430947723518,2.27738461425664
ENSSSCG00000035078,8.33441256661929,7.95385074232915
ENSSSCG00000038594,65.2433970523457,29.979898951856
ENSSSCG00000035906,3.81840928162293,4.92866819503302
ENSSSCG00000007452,10.206901733569,11.1149965501779
ENSSSCG00000007451,42.7735270489492,18.3890309897439
ENSSSCG00000007352,13.6214408027126,13.4263719795727
ENSSSCG00000007395,54.0451775245092,61.3874121395147
ENSSSCG00000033586,37.6700761821647,47.5871411934223
ENSSSCG00000021861,101.848724492519,72.4684178745545
ENSSSCG00000039858,0.587447581788144,0.237935705967111
ENSSSCG00000035724,1.10146421585277,0.237935705967111
ENSSSCG00000033003,239.898906212733,250.682261643921
ENSSSCG00000033572,2.09278201012026,2.07343972342768
ENSSSCG00000007355,104.602385032151,92.0131365789957
ENSSSCG00000007356,99.4989341653668,89.9057060404299
ENSSSCG00000032566,31.7956003642833,31.8493937844548
ENSSSCG00000007359,26.4351411804665,22.5019196214611
ENSSSCG00000007358,7.74696498483114,12.9844913827766
ENSSSCG00000007360,78.2039593255466,97.0777680345814
ENSSSCG00000038990,7.08608645531948,1.83550401746057
ENSSSCG00000007362,388.376282509687,428.65816970732
ENSSSCG00000055642,2.64351411804665,4.4527967830988
ENSSSCG00000024325,2.75366053963192,0.169954075690794
ENSSSCG00000007364,70.3468479191302,55.880900087133
ENSSSCG00000007366,7.63681856324587,4.79270493448038
ENSSSCG00000022202,24.7829448566873,19.7146727801321
ENSSSCG00000007369,122.996837436893,134.059774904898
ENSSSCG00000031692,9.58273867791909,13.4603627947109
ENSSSCG00000039573,5684.39980969911,1513.57700728707
ENSSSCG00000007391,5.54403655312561,1.66554994176978
ENSSSCG00000031118,14.8330514401506,5.77843857348699
ENSSSCG00000037156,2.57008317032313,1.25766016011187
ENSSSCG00000007453,95.0930773019558,91.3333202762326
ENSSSCG00000007433,64.9129577875899,71.5506658658242
ENSSSCG00000007432,34.1453906914358,36.404163012968
ENSSSCG00000007436,3.26767717369655,2.65128358077638
ENSSSCG00000007437,20.266941571691,33.5149437262245
ENSSSCG00000007438,74.5324119393707,89.5997887041865
ENSSSCG00000030820,65.1699661046222,47.6211320085604
ENSSSCG00000007454,236.924952829931,221.484151440242
ENSSSCG00000036684,29.9598266711953,19.9526084860992
ENSSSCG00000039591,166.871828701695,156.595685341497
ENSSSCG00000022714,32.2361860506244,30.0138897669942
ENSSSCG00000007373,1.50533442833212,0.781788748177651
ENSSSCG00000037912,18.6881761956353,22.2299931003558
ENSSSCG00000007370,0.220292843170554,0.713807117901334
ENSSSCG00000007371,8.5914208836516,1.32564179038819
ENSSSCG00000007334,57.3128546982058,71.3467209749952
ENSSSCG00000007336,94.5056297201676,92.9988702180024
ENSSSCG00000063164,11.6388052141776,13.2564179038819
ENSSSCG00000063138,6.93922455987245,10.4351802474147
ENSSSCG00000052330,0.514016634064626,0.747797933039493
ENSSSCG00000045287,2.34979032715257,2.20940298398032
ENSSSCG00000055075,0.36715473861759,0.475871411934223
ENSSSCG00000053206,2.97395338280248,5.98238346431594
ENSSSCG00000053038,0.440585686341108,0.27192652110527
ENSSSCG00000048424,0.660878529511662,0.135963260552635
ENSSSCG00000056364,7.52667214166059,0.475871411934223
ENSSSCG00000051590,4.69958065430515,2.82123765646718
ENSSSCG00000048962,1.32175705902332,1.32564179038819
ENSSSCG00000007108,41.8189247285435,36.4381538281062
ENSSSCG00000007109,80.6271806004227,94.0185946721471
ENSSSCG00000007116,82.8301090321283,81.6119471467192
ENSSSCG00000007114,18.5045988263265,31.3055407422442
ENSSSCG00000020853,45.5639030624429,48.4369115718762
ENSSSCG00000007072,6.90250908601069,13.8002709460925
ENSSSCG00000007073,5.06673539292274,56.3567714990672
ENSSSCG00000007074,18.1007286138472,14.2761423580267
ENSSSCG00000058041,0.146861895447036,0.509862227072381
ENSSSCG00000007077,23.0573175851846,26.5808174380401
ENSSSCG00000007076,5.61746750084912,6.45825487625016
ENSSSCG00000030112,7.9672578280017,4.01091618630273
ENSSSCG00000007079,4.14884854637876,2.58330195050007
ENSSSCG00000007080,44.0952841079725,34.8405855166127
ENSSSCG00000007488,3.30439264755831,4.24885189226984
ENSSSCG00000007504,51.8789645666654,60.6396142064752
ENSSSCG00000037602,24.3423591703462,18.1850860989149
ENSSSCG00000007492,54.4490477369886,40.24512512358
ENSSSCG00000007119,9.69288509950437,10.1292629111713
ENSSSCG00000007117,16.7055406071003,18.0151320232241
ENSSSCG00000007487,13.2910015379568,14.7180229548227
ENSSSCG00000031219,14.7963359662889,29.7759540610271
ENSSSCG00000007508,8.88514467454567,4.62275085878959
ENSSSCG00000034259,41.5619164115112,40.8569597960668
ENSSSCG00000007493,4.40585686341108,2.3113754293948
ENSSSCG00000007083,0.146861895447036,17.9471503929478
ENSSSCG00000007494,25.3703924384755,24.405405269198
ENSSSCG00000007495,0.36715473861759,0.339908151381588
ENSSSCG00000007084,0.587447581788144,0.679816302763175
ENSSSCG00000007085,1133.18638526933,1216.39531053415
ENSSSCG00000024692,420.906192351205,149.219678456517
ENSSSCG00000007088,122.042235116487,97.9275384130354
ENSSSCG00000007089,16.3751013423445,15.635774963553
ENSSSCG00000036377,10.353763629016,26.4448541774875
ENSSSCG00000052391,5.54403655312561,5.50651205238172
ENSSSCG00000007092,43.5812674739079,49.3546635806065
ENSSSCG00000007093,11.0513576323895,14.344123988303
ENSSSCG00000007094,271.584360155431,343.069297189436
ENSSSCG00000007462,1.6154808499174,12.5426107859806
ENSSSCG00000007463,104.749246927598,91.5372651670615
ENSSSCG00000007095,11.418512371007,10.9790332896253
ENSSSCG00000007496,44.0585686341108,42.182601586455
ENSSSCG00000029494,19.9365023069351,22.4679288063229
ENSSSCG00000007497,0.514016634064626,0.27192652110527
ENSSSCG00000007498,1.90920464081147,1.76752238718426
ENSSSCG00000007097,116.68177593267,70.5309414116794
ENSSSCG00000007501,1.94592011467323,1.05371526928292
ENSSSCG00000007503,39.3222725059439,43.2363168557379
ENSSSCG00000025589,8.88514467454567,9.48343742354629
ENSSSCG00000007098,20.7442427318938,20.0545809315137
ENSSSCG00000007476,104.712531453737,27.7025143375994
ENSSSCG00000007486,0.550732107926385,3.97692537116457
ENSSSCG00000007100,23.6447651669728,38.6475568120865
ENSSSCG00000028004,43.0305353659815,43.2023260405998
ENSSSCG00000028132,13.7315872242979,13.1544454584674
ENSSSCG00000025784,3.08409980438775,2.17541216884216
ENSSSCG00000038587,46.004488748784,37.2879242065601
ENSSSCG00000007465,59.9196533423907,40.1771434933036
ENSSSCG00000007466,117.673093726938,82.223781819206
ENSSSCG00000038858,95.0930773019558,82.2577726343442
ENSSSCG00000033324,26.8390113929458,27.7704959678757
ENSSSCG00000026506,65.6839827386868,50.4763604801657
ENSSSCG00000036129,119.435436472302,91.8771733184431
ENSSSCG00000032613,2.2396439055673,0.81577956331581
ENSSSCG00000030632,88.2272836898068,56.0508541628238
ENSSSCG00000053422,7.93054235413994,2.95720091701981
ENSSSCG00000007099,1.06474874199101,0.0679816302763175
ENSSSCG00000046267,0.36715473861759,1.52958668121714
ENSSSCG00000057660,1.10146421585277,1.08770608442108
ENSSSCG00000057453,0,5.98238346431594
ENSSSCG00000054391,0.073430947723518,0.781788748177651
ENSSSCG00000053829,0.073430947723518,0.475871411934223
ENSSSCG00000027287,55.9176666914589,49.252691135192
ENSSSCG00000007469,44.8663090590695,40.6190240900997
ENSSSCG00000007470,6.79236266442541,8.83761193592128
ENSSSCG00000027206,20.9278201012026,27.6005418921849
ENSSSCG00000007472,15.383783548077,17.1993524599083
ENSSSCG00000007473,107.90677767971,155.338025181385
ENSSSCG00000034952,52.1359728836978,52.3798461279026
ENSSSCG00000007510,230.720037747293,274.067942458974
ENSSSCG00000007512,12.2996837436893,15.8737106695201
ENSSSCG00000007513,60.6906782934876,62.7130539299029
ENSSSCG00000007514,113.524245180559,91.4013019065089
ENSSSCG00000007516,95.2399391974028,138.954452284793
ENSSSCG00000007517,42.3329413626081,46.9073248906591
ENSSSCG00000007520,274.448167116648,196.500902313696
ENSSSCG00000058036,2.68022959190841,1.05371526928292
ENSSSCG00000007477,13.0707086947862,7.98784155746731
ENSSSCG00000007481,3.4879700168671,4.8606865647567
ENSSSCG00000007482,3.92855570320821,3.67100803492115
ENSSSCG00000007484,51.7688181450802,87.6283214261733
ENSSSCG00000007485,165.146201430192,85.7588265935745
ENSSSCG00000007521,118.333972256449,87.152450014239
ENSSSCG00000007522,99.6825115346756,72.8423168410742
ENSSSCG00000007523,0.881171372682216,0.951742823868445
ENSSSCG00000060915,154.46199853642,140.620002226563
ENSSSCG00000007525,10.0233243642602,9.92531802034236
ENSSSCG00000007527,8.95857562226919,7.47797933039493
ENSSSCG00000007528,0.73430947723518,9.65339149923709
ENSSSCG00000007529,7.82039593255466,6.25430998542121
ENSSSCG00000007531,16.0813775514504,18.7289391411255
ENSSSCG00000044650,0.440585686341108,0.475871411934223
ENSSSCG00000036439,0.403870212479349,0.27192652110527
ENSSSCG00000034207,79.0851306982288,53.4675522123237
ENSSSCG00000007475,19.8997868330734,20.4964615283097
ENSSSCG00000062653,0.624163055649903,1.01972445414476
ENSSSCG00000007530,17.3297036627502,11.5228863318358
ENSSSCG00000048041,1.39518800674684,0.509862227072381
ENSSSCG00000061307,0.477301160202867,0.135963260552635
ENSSSCG00000057910,6.82907813828717,35.9282916010338
ENSSSCG00000055381,0.991317794267492,0.441880596796064
ENSSSCG00000050651,0.330439264755831,0.407889781657905
ENSSSCG00000054658,0.587447581788144,1.08770608442108
ENSSSCG00000056070,1.46861895447036,2.78724684132902
ENSSSCG00000043121,1.17489516357629,0.237935705967111
ENSSSCG00000057076,0.624163055649903,0.951742823868445
ENSSSCG00000059679,0.36715473861759,0.951742823868445
ENSSSCG00000059022,1.24832611129981,1.12169689955924
ENSSSCG00000043700,0.440585686341108,0.917752008730286
ENSSSCG00000058388,0.257008317032313,0.747797933039493
ENSSSCG00000051682,1.76234274536443,1.63155912663162
ENSSSCG00000007478,118.260541308726,107.410975836582
ENSSSCG00000058830,14.465896701533,14.8539862153754
ENSSSCG00000007198,7.52667214166059,9.27949253271734
ENSSSCG00000007189,35.4304322765974,11.4549047015595
ENSSSCG00000031519,0.917886846543975,0.611834672486858
ENSSSCG00000007130,13.9151645936067,0.475871411934223
ENSSSCG00000007131,0.440585686341108,0.577843857348699
ENSSSCG00000036286,69.8328312850656,63.9367232748766
ENSSSCG00000007133,50.0064753997157,96.126025210713
ENSSSCG00000007216,20.6340963103085,140.85793793253
ENSSSCG00000028461,64.6926649444193,123.046750800135
ENSSSCG00000007170,52.9069978347947,7.81788748177651
ENSSSCG00000027665,0.477301160202867,0.373898966519746
ENSSSCG00000007181,0.146861895447036,0.407889781657905
ENSSSCG00000063284,0.73430947723518,1.93747646287505
ENSSSCG00000007187,77.3595034267262,83.0055705673837
ENSSSCG00000007188,359.040618894141,285.658810421086
ENSSSCG00000007171,7.56338761552235,8.93958438133575
ENSSSCG00000007179,49.6026051872364,61.2174580638239
ENSSSCG00000039392,60.5071009241788,23.6915981512966
ENSSSCG00000007191,1.68891179764091,0.407889781657905
ENSSSCG00000007192,0.073430947723518,1.12169689955924
ENSSSCG00000038854,72.1091906644946,78.7227278599757
ENSSSCG00000023887,0.550732107926385,9.04155682675023
ENSSSCG00000037360,246.10382129537,280.05032592329
ENSSSCG00000007212,36.0545953322473,27.5325602619086
ENSSSCG00000038183,0.477301160202867,1.29165097525003
ENSSSCG00000055982,6.05805318719023,18.0831136535005
ENSSSCG00000035759,0.440585686341108,0.849770378453969
ENSSSCG00000007221,0,45.6496647305472
ENSSSCG00000036940,1.21161063743805,0.169954075690794
ENSSSCG00000007203,62.7467448297461,59.1780091555344
ENSSSCG00000036081,54.8529179494679,69.0013547304623
ENSSSCG00000007206,71.0077264486419,62.3731457785213
ENSSSCG00000039862,9.50930773019558,3.94293455602642
ENSSSCG00000007200,26.9124423406693,43.4402617465669
ENSSSCG00000007199,83.3441256661929,92.3190539152392
ENSSSCG00000023298,17.366419136612,10.9450424744871
ENSSSCG00000007160,67.8501956965306,63.3248886023898
ENSSSCG00000007161,41.6720628330964,58.8381010041528
ENSSSCG00000007162,9.10543751771623,8.97357519647391
ENSSSCG00000045134,14.6127585969801,17.1993524599083
ENSSSCG00000007164,0.073430947723518,2.85522847160534
ENSSSCG00000007165,66.8955933761249,75.799517758094
ENSSSCG00000007166,74.4222655177854,66.8939241918964
ENSSSCG00000007167,63.6279162024283,64.3786038716727
ENSSSCG00000007168,41.2681926206171,51.4960849343105
ENSSSCG00000007173,51.034508667845,64.7864936533306
ENSSSCG00000027676,88.7045848500097,100.306895472706
ENSSSCG00000040857,101.334707858455,86.6765786023048
ENSSSCG00000029289,0.220292843170554,1.69954075690794
ENSSSCG00000055487,42.9203889443963,35.0105395923035
ENSSSCG00000007252,4.14884854637876,4.99664982530934
ENSSSCG00000007253,93.7346047690707,70.4289689662649
ENSSSCG00000059506,0.954602320405733,1.1556877146974
ENSSSCG00000027070,91.0176597033005,151.327108995083
ENSSSCG00000022815,378.940405727214,374.20488385599
ENSSSCG00000040449,34.585976377777,32.2232927509745
ENSSSCG00000034913,6.20491508263727,3.33109988353956
ENSSSCG00000007135,5.25031276223153,6.45825487625016
ENSSSCG00000053479,5.03001991906098,6.5942181368028
ENSSSCG00000028529,24.0119199055904,85.3169459967785
ENSSSCG00000007228,178.767642232904,114.8209735367
ENSSSCG00000037016,29.6293874064395,6.76417221249359
ENSSSCG00000038384,19.0186154603912,36.9480160551786
ENSSSCG00000035357,38.5879630287087,70.1570424451597
ENSSSCG00000007235,8.99529109613095,2.03944890828953
ENSSSCG00000007231,0.881171372682216,0.747797933039493
ENSSSCG00000033613,55.0732107926385,54.589249111883
ENSSSCG00000055618,1.94592011467323,2.78724684132902
ENSSSCG00000056065,4.18556402024052,2.3113754293948
ENSSSCG00000007236,64.9129577875899,75.2556647158835
ENSSSCG00000007237,38.7348249241557,41.1968679474484
ENSSSCG00000007239,4.9198734974757,4.38481515282248
ENSSSCG00000007240,2.2396439055673,1.25766016011187
ENSSSCG00000007246,123.98815523116,95.07230994143
ENSSSCG00000007243,15.3103526003535,21.7541216884216
ENSSSCG00000007244,47.216099386222,60.5716325761989
ENSSSCG00000007247,100.710544802805,105.541481003983
ENSSSCG00000007248,82.8301090321283,114.107166418799
ENSSSCG00000007157,18.8717535649441,47.3831963025933
ENSSSCG00000035995,15.8978001821416,17.7092146869807
ENSSSCG00000007315,31.7956003642833,34.7386130711982
ENSSSCG00000007317,76.7353403710763,92.5569896212063
ENSSSCG00000036002,14.2088883845007,22.4339379911848
ENSSSCG00000036402,1812.86323739821,1958.38081418502
ENSSSCG00000039201,14.5026121753948,14.5820596942701
ENSSSCG00000055477,1.50533442833212,1.76752238718426
ENSSSCG00000007323,8.92186014840743,10.1632537263095
ENSSSCG00000007324,14.319034806086,29.2321010188165
ENSSSCG00000027806,16.301670394621,36.2681997524154
ENSSSCG00000031690,3.08409980438775,5.91440183403962
ENSSSCG00000007331,18.8717535649441,10.1632537263095
ENSSSCG00000028227,422.081087514781,172.367423565603
ENSSSCG00000025673,51.9891109882507,40.8569597960668
ENSSSCG00000063004,15.1267752310447,20.3604982677571
ENSSSCG00000027410,23.4979032715257,28.9601744977113
ENSSSCG00000029626,59.8462223946671,30.7616877000337
ENSSSCG00000047940,0.73430947723518,0.951742823868445
ENSSSCG00000007268,10.0233243642602,3.22912743812508
ENSSSCG00000034625,17.6968584013678,15.5338025181386
ENSSSCG00000021769,19.9365023069351,26.4108633623493
ENSSSCG00000007272,118.223825834864,92.930888587726
ENSSSCG00000007275,107.135752728613,82.0878185586534
ENSSSCG00000026617,90.5036430692359,79.2665809021862
ENSSSCG00000053652,1.39518800674684,1.49559586607899
ENSSSCG00000007278,40.4604521956584,30.3198071032376
ENSSSCG00000007280,108.237216944465,70.5989230419557
ENSSSCG00000043574,1.68891179764091,1.39362342066451
ENSSSCG00000037510,94.0650440338265,86.0987347449561
ENSSSCG00000007282,26.9124423406693,27.9404500435665
ENSSSCG00000007281,91.6785382328122,69.579198587811
ENSSSCG00000022099,82.2426614503401,29.8779265064415
ENSSSCG00000007284,37.4497833389942,37.253933391422
ENSSSCG00000007285,21.2582593659584,22.5699012517374
ENSSSCG00000007286,14.465896701533,16.1116463754873
ENSSSCG00000007287,39.5425653491144,30.4557703637902
ENSSSCG00000007288,63.9216399933224,143.271285807339
ENSSSCG00000007289,145.099552701671,109.11051659349
ENSSSCG00000007291,68.5845051737658,33.5489345413627
ENSSSCG00000026585,4.84644254975219,5.54050286751988
ENSSSCG00000040160,5.25031276223153,90.5175407129168
ENSSSCG00000022864,93.0370107656973,98.0974924887262
ENSSSCG00000028858,4.2957104418258,4.282842707408
ENSSSCG00000038237,26.7288649713605,28.9261836825731
ENSSSCG00000023261,0.110146421585277,0.747797933039493
ENSSSCG00000021138,62.1225817740962,54.6232399270211
ENSSSCG00000049711,0,1.39362342066451
ENSSSCG00000034045,212.142007973243,117.676202008306
ENSSSCG00000057781,1.83577369308795,2.37935705967111
ENSSSCG00000007305,3.96527117706997,0.713807117901334
ENSSSCG00000047420,45.6373340101664,40.1091618630273
ENSSSCG00000007307,32.5299098415185,42.4885189226984
ENSSSCG00000007308,31.5753075211127,33.1750355748429
ENSSSCG00000007309,161.731662361048,184.740080275893
ENSSSCG00000007311,31.6120229949745,36.8120527946259
ENSSSCG00000007312,41.9657866239905,39.9392077873365
ENSSSCG00000007313,1.83577369308795,0.577843857348699
ENSSSCG00000007314,85.0697529376956,137.118948267332
ENSSSCG00000056166,3.74497833389942,4.65674167392775
ENSSSCG00000047985,33.7415204789565,39.9392077873365
ENSSSCG00000007224,0.073430947723518,4.14687944685537
ENSSSCG00000053991,16.4852477639298,22.5019196214611
ENSSSCG00000044750,0.440585686341108,0.577843857348699
ENSSSCG00000055053,3.41453906914359,6.69619058221727
ENSSSCG00000052842,0.477301160202867,1.63155912663162
ENSSSCG00000062634,0.330439264755831,0.849770378453969
ENSSSCG00000037324,13.9885955413302,102.346344380996
ENSSSCG00000044004,0.807740424958698,8.02183237260547
ENSSSCG00000062907,0.807740424958698,2.99119173215797
ENSSSCG00000059987,1.17489516357629,2.58330195050007
ENSSSCG00000047192,8.33441256661929,16.7574718631123
ENSSSCG00000053536,0.403870212479349,0.54385304221054
ENSSSCG00000062032,206.194101207638,131.646427030089
ENSSSCG00000047748,0.36715473861759,0.679816302763175
ENSSSCG00000044567,6.97594003373421,11.8288036680792
ENSSSCG00000048082,22.5800164249818,31.1695774816916
ENSSSCG00000019046,0.624163055649903,0.237935705967111
ENSSSCG00000019599,0.403870212479349,0.441880596796064
ENSSSCG00000018196,0.624163055649903,0.917752008730286
ENSSSCG00000018372,2.09278201012026,3.60302640464483
ENSSSCG00000007249,37.009197652653,33.9228335078824
ENSSSCG00000007322,54.2654703676798,55.880900087133
ENSSSCG00000007264,12.9972777470627,14.344123988303
ENSSSCG00000055187,58.6713272310908,55.7449368265804
ENSSSCG00000007460,47.9136933895955,64.6845212079161
ENSSSCG00000025534,85.1064684115573,87.1864408293772
ENSSSCG00000027444,127.733133565059,143.679175588997
ENSSSCG00000022915,25.2602460168902,29.3680642793692
ENSSSCG00000030108,150.313149990041,146.160505094083
ENSSSCG00000027476,0.917886846543975,1.5635774963553
ENSSSCG00000023870,0.550732107926385,0.679816302763175
ENSSSCG00000007337,31.3550146779422,30.2858162880994
ENSSSCG00000007340,15.1634907049065,17.0973800144939
ENSSSCG00000007342,40.8643224081377,47.6211320085604
ENSSSCG00000023522,311.200356452269,2878.0023177479
ENSSSCG00000007344,8.62813635751336,8.12380481801994
ENSSSCG00000026605,23.608049693111,2.88921928674349
ENSSSCG00000028758,5.03001991906098,1.01972445414476
ENSSSCG00000025722,0.954602320405733,1.12169689955924
ENSSSCG00000041731,74.3121190962002,78.0429115572125
ENSSSCG00000063546,0.36715473861759,0.645825487625016
ENSSSCG00000021542,1.10146421585277,0.985733639006604
ENSSSCG00000007345,75.1565749950206,69.7151618483636
ENSSSCG00000007346,3.30439264755831,1.66554994176978
ENSSSCG00000007349,13.2175705902332,13.8002709460925
ENSSSCG00000007350,13.0339932209244,9.10953845702655
ENSSSCG00000007351,1.76234274536443,0.883761193592128
ENSSSCG00000058919,9.72960057336613,19.0348564773689
ENSSSCG00000007263,0.110146421585277,0.441880596796064
ENSSSCG00000022998,91.862115602121,84.6711205091535
ENSSSCG00000021255,6.90250908601069,3.56903558950667
ENSSSCG00000031648,33.4110812142007,4.82669574961854
ENSSSCG00000021453,0.697594003373421,0.203944890828953
ENSSSCG00000051506,1.90920464081147,2.17541216884216
ENSSSCG00000042318,0.587447581788144,0.54385304221054
ENSSSCG00000007381,360.802961639505,280.42422488981
ENSSSCG00000007382,3.08409980438775,0.0679816302763175
ENSSSCG00000007383,19.9732177807969,14.344123988303
ENSSSCG00000007064,25.2602460168902,26.6148082531783
ENSSSCG00000007067,199.291592121628,225.087177844887
ENSSSCG00000007063,16.7422560809621,11.0470149199016
ENSSSCG00000026985,1.72562727150267,1.93747646287505
ENSSSCG00000051557,1.72562727150267,2.92321010188165
ENSSSCG00000007066,7.56338761552235,6.25430998542121
ENSSSCG00000007139,6.82907813828717,3.36509069867772
ENSSSCG00000007140,23.1307485329082,99.2191893882854
ENSSSCG00000059435,4.03870212479349,3.1271549927106
ENSSSCG00000007142,44.4624388465901,45.2757657640275
ENSSSCG00000007143,58.5611808095056,57.0705786169685
ENSSSCG00000046612,0.917886846543975,1.97146727801321
ENSSSCG00000033297,16.7422560809621,15.4318300727241
ENSSSCG00000007151,24.379074644208,54.2833317756395
ENSSSCG00000053890,71.5584585565683,73.6241055892519
ENSSSCG00000007149,79.4155699629847,85.7588265935745
ENSSSCG00000035666,13.5847253288508,12.3386658951516
ENSSSCG00000007147,26.0679864418489,16.485545342007
ENSSSCG00000007146,1.90920464081147,0.645825487625016
ENSSSCG00000007145,80.2967413356669,113.427350116036
ENSSSCG00000021401,0.991317794267492,1.29165097525003
ENSSSCG00000007153,52.6132740439006,62.7470447450411
ENSSSCG00000007155,60.8742556627964,57.7843857348699
ENSSSCG00000025822,119.80259121092,11.7268312226648
ENSSSCG00000020715,50.8509312985362,52.0739287916592
ENSSSCG00000037513,7.41652572007531,3.56903558950667
ENSSSCG00000007019,80.3701722833904,68.1175935368701
ENSSSCG00000007022,4.4792878111346,2.03944890828953
ENSSSCG00000059771,3.6715473861759,3.97692537116457
ENSSSCG00000007023,10.5006255244631,11.7948128529411
ENSSSCG00000055703,6.64550076897838,9.21151090244102
ENSSSCG00000007033,13.2175705902332,19.0688472925071
ENSSSCG00000007032,350.596059905936,132.020325996609
ENSSSCG00000007030,75.2300059427442,57.3085143229357
ENSSSCG00000007031,30.9511444654628,27.0226980348362
ENSSSCG00000007026,79.819440175464,86.064743929818
ENSSSCG00000007027,51.0712241417067,56.0168633476856
ENSSSCG00000062996,0.403870212479349,0.237935705967111
ENSSSCG00000007000,81.8755067117225,61.2174580638239
ENSSSCG00000007003,6.16819960877551,5.23458553127645
ENSSSCG00000032320,5.94790676560496,3.50105395923035
ENSSSCG00000017665,71.1178728702271,65.5003007712319
ENSSSCG00000017605,47.3262458078073,52.24388286735
ENSSSCG00000017607,30.9878599393246,16.1116463754873
ENSSSCG00000017608,51.6953871973566,94.3245120083905
ENSSSCG00000025681,1.90920464081147,3.26311825326324
ENSSSCG00000017601,18.57802977405,20.8703604948295
ENSSSCG00000031433,5.98462223946671,4.65674167392775
ENSSSCG00000017602,8.33441256661929,10.1292629111713
ENSSSCG00000017609,47.9504088634572,76.8872238425151
ENSSSCG00000017604,14.0253110151919,28.9261836825731
ENSSSCG00000056293,19.495916620594,17.0293983842175
ENSSSCG00000017682,6.27834603036079,5.81242938862515
ENSSSCG00000035006,7.26966382462828,7.24004362442781
ENSSSCG00000017688,56.7254071164176,64.7525028381924
ENSSSCG00000017676,17.1094108195797,16.3835728965925
ENSSSCG00000017615,26.1047019157106,39.599299635955
ENSSSCG00000017614,144.622251541469,95.1742823868445
ENSSSCG00000026665,10.9779266846659,18.2870585443294
ENSSSCG00000017613,10.7943493153571,9.92531802034236
ENSSSCG00000017678,76.4049011063204,75.4936004218506
ENSSSCG00000017617,82.0223686071696,62.7810355601792
ENSSSCG00000039473,31.3182992040804,59.517917306916
ENSSSCG00000034994,26.4351411804665,36.1662273070009
ENSSSCG00000038505,100.012950799431,83.2095154582126
ENSSSCG00000035193,19.9732177807969,17.8451779475333
ENSSSCG00000017624,169.845782084497,69.7491526635018
ENSSSCG00000017623,102.509603022031,121.687118194608
ENSSSCG00000017626,220.145981275107,257.140516520171
ENSSSCG00000020962,222.459056128398,366.08107903797
ENSSSCG00000017635,43.2875436830138,47.4171871177315
ENSSSCG00000017636,0.440585686341108,0.135963260552635
ENSSSCG00000017638,70.6405717100243,106.187306491608
ENSSSCG00000034752,51.6219562496331,43.9841147887774
ENSSSCG00000017640,16.7789715548239,23.8615522269874
ENSSSCG00000017641,0.991317794267492,0.305917336243429
ENSSSCG00000017642,66.271430320475,39.6332904510931
ENSSSCG00000017643,7.67353403710763,6.73018139735543
ENSSSCG00000017645,2.45993674873785,2.07343972342768
ENSSSCG00000023955,9.61945415178085,11.7268312226648
ENSSSCG00000038932,33.0072110017213,36.1322364918628
ENSSSCG00000023727,100.159812694878,131.306518878707
ENSSSCG00000034217,15.8243692344181,9.27949253271734
ENSSSCG00000024411,0.146861895447036,1.49559586607899
ENSSSCG00000030262,1.02803326812925,0
ENSSSCG00000035400,87.6765515818804,88.7160275105943
ENSSSCG00000058136,29.7395338280248,22.909809403119
ENSSSCG00000017692,1.21161063743805,0.713807117901334
ENSSSCG00000017693,24.1954972748992,20.4964615283097
ENSSSCG00000017694,86.6118028398894,102.958179053483
ENSSSCG00000025775,39.7995736661467,43.2363168557379
ENSSSCG00000029874,42.6266651535022,44.6639310915406
ENSSSCG00000026596,57.2027082766205,58.7021377436002
ENSSSCG00000021275,18.3577369308795,19.4427462590268
ENSSSCG00000022417,36.5318964924502,50.2044339590605
ENSSSCG00000038478,21.4418367352672,28.9601744977113
ENSSSCG00000053444,1.57876537605564,0.373898966519746
ENSSSCG00000063044,0.183577369308795,4.41880596796064
ENSSSCG00000031292,1.13817968971453,0.135963260552635
ENSSSCG00000032343,0.514016634064626,0.883761193592128
ENSSSCG00000047189,1.68891179764091,5.09862227072381
ENSSSCG00000033457,23.6814806408345,6.62820895194096
ENSSSCG00000034722,7.30637929849004,2.03944890828953
ENSSSCG00000017705,5.94790676560496,5.20059471613829
ENSSSCG00000017706,0.293723790894072,0.883761193592128
ENSSSCG00000022196,2.75366053963192,1.86949483259873
ENSSSCG00000048537,0.587447581788144,0.169954075690794
ENSSSCG00000056119,18.0272976661237,23.8955430421256
ENSSSCG00000060934,4.33242591568756,4.21486107713169
ENSSSCG00000053905,1.02803326812925,1.1556877146974
ENSSSCG00000062370,15.8610847082799,14.2421515428885
ENSSSCG00000059741,1.17489516357629,0.203944890828953
ENSSSCG00000050184,5.32374370995505,4.82669574961854
ENSSSCG00000060678,0.146861895447036,0.611834672486858
ENSSSCG00000055140,0.293723790894072,0.373898966519746
ENSSSCG00000054616,0.587447581788144,0.475871411934223
ENSSSCG00000051634,4.73629612816691,8.93958438133575
ENSSSCG00000063157,1.35847253288508,0.917752008730286
ENSSSCG00000057725,1.02803326812925,2.03944890828953
ENSSSCG00000041793,1.06474874199101,2.48132950508559
ENSSSCG00000017690,18.8350380910824,22.6038920668756
ENSSSCG00000017411,1.39518800674684,0.0679816302763175
ENSSSCG00000032467,130.04620841835,113.359368485759
ENSSSCG00000017414,32.3463324722097,39.6672812662313
ENSSSCG00000034653,1.46861895447036,0.951742823868445
ENSSSCG00000017578,98.5810473188229,43.9501239736393
ENSSSCG00000020796,90.5036430692359,90.8574488642983
ENSSSCG00000017416,24.5626520135168,16.8594443085267
ENSSSCG00000017407,134.598927177208,22.909809403119
ENSSSCG00000017410,1.6154808499174,1.5635774963553
ENSSSCG00000038057,3.01066885666424,1.08770608442108
ENSSSCG00000017427,0.954602320405733,0.54385304221054
ENSSSCG00000017430,276.797957443801,333.381914875061
ENSSSCG00000017552,11.7489516357629,5.0306406404475
ENSSSCG00000017421,189.488560600538,101.870472969062
ENSSSCG00000023169,0.514016634064626,0.0679816302763175
ENSSSCG00000027198,45.4904721147194,43.5762250071195
ENSSSCG00000017585,4.00198665093173,2.00545809315137
ENSSSCG00000017584,92.7065715009414,51.8020022705539
ENSSSCG00000032404,12.2996837436893,20.6324247888624
ENSSSCG00000034779,17.3297036627502,19.1028381076452
ENSSSCG00000017422,81.3982055515197,33.9568243230206
ENSSSCG00000017429,44.3522924250048,29.3000826490928
ENSSSCG00000017428,438.272611487817,249.560564744362
ENSSSCG00000028051,176.454567379614,16.7234810479741
ENSSSCG00000017417,26.1414173895724,5.26857634641461
ENSSSCG00000017493,6.64550076897838,3.73898966519746
ENSSSCG00000017418,25.2969614907519,26.9547164045599
ENSSSCG00000017419,79.8928711231875,83.6853868701468
ENSSSCG00000017494,0.954602320405733,0.713807117901334
ENSSSCG00000033731,71.742035925877,34.5006773652311
ENSSSCG00000017551,59.1486283912937,96.0920343955748
ENSSSCG00000017553,58.047164175441,73.3181882530084
ENSSSCG00000017420,21.6988450522996,27.6345327073231
ENSSSCG00000017415,133.277170118185,124.678309926766
ENSSSCG00000017533,35.2835703811504,43.882142343363
ENSSSCG00000017534,39.5425653491144,39.6672812662313
ENSSSCG00000047569,1.79905821922619,1.25766016011187
ENSSSCG00000017535,54.7794870017444,48.4029207567381
ENSSSCG00000017540,22.7268783204288,14.5480688791319
ENSSSCG00000017539,29.555956458716,55.8469092719948
ENSSSCG00000017538,6.24163055649903,9.7213731295134
ENSSSCG00000017537,5.47060560540209,6.86614465790807
ENSSSCG00000061856,0.587447581788144,0.27192652110527
ENSSSCG00000017542,19.8263558853498,57.1385602472449
ENSSSCG00000017543,161.107499305398,167.268801294879
ENSSSCG00000017433,0.624163055649903,0.373898966519746
ENSSSCG00000017544,65.8308446341339,62.2031917028305
ENSSSCG00000025638,141.94202194956,147.962018296405
ENSSSCG00000017549,77.5063653221732,86.7785510477193
ENSSSCG00000021461,66.7487314806778,72.5024086896926
ENSSSCG00000017548,4.14884854637876,1.93747646287505
ENSSSCG00000017448,0.403870212479349,0.849770378453969
ENSSSCG00000017446,27.6467518179045,31.2035682968297
ENSSSCG00000058816,264.645135595559,410.609046868958
ENSSSCG00000017444,2.38650580101433,2.44733868994743
ENSSSCG00000017445,2.8638069612172,1.90348564773689
ENSSSCG00000033626,139.114930462205,210.64108141117
ENSSSCG00000017401,48.7581492884159,52.9236991701132
ENSSSCG00000038164,38.0005154469205,37.0839793157312
ENSSSCG00000018055,35.6874405936297,26.2409092866586
ENSSSCG00000018053,36.4217500708649,33.820861062468
ENSSSCG00000034044,28.3076303474162,7.44398851525677
ENSSSCG00000018052,8.40784351434281,9.27949253271734
ENSSSCG00000018051,120.64704710974,107.81886561824
ENSSSCG00000017495,27.3530280270104,48.9127829838104
ENSSSCG00000038715,73.9816798314444,69.4772261423965
ENSSSCG00000036812,197.125379163784,215.943648572723
ENSSSCG00000017592,39.6159962968379,46.0575545122051
ENSSSCG00000040134,7.19623287690476,7.81788748177651
ENSSSCG00000035671,214.932383986737,180.797145719866
ENSSSCG00000017496,50.887646772398,41.6047577291063
ENSSSCG00000031802,25.590685281646,23.8275614118493
ENSSSCG00000034040,18.3944524047412,16.6894902328359
ENSSSCG00000059634,33.9618133221271,22.4679288063229
ENSSSCG00000034379,58.6346117572291,62.6450722996266
ENSSSCG00000017884,131.441396425097,131.714408660365
ENSSSCG00000034773,0.771024951096939,2.88921928674349
ENSSSCG00000058004,1.76234274536443,2.17541216884216
ENSSSCG00000040648,0.293723790894072,0.951742823868445
ENSSSCG00000060027,0.660878529511662,0.203944890828953
ENSSSCG00000061292,0.440585686341108,0.611834672486858
ENSSSCG00000054406,0.403870212479349,0.203944890828953
ENSSSCG00000017723,1.02803326812925,0.645825487625016
ENSSSCG00000055301,7.9672578280017,11.5908679621121
ENSSSCG00000049350,1.24832611129981,3.94293455602642
ENSSSCG00000048095,11.8958135312099,20.2925166374808
ENSSSCG00000017885,240.229345477489,243.714144540598
ENSSSCG00000033707,1.50533442833212,0.747797933039493
ENSSSCG00000017593,19.5326320944558,15.9077014846583
ENSSSCG00000017886,48.133986232766,36.404163012968
ENSSSCG00000017888,4.88315802361394,4.18087026199353
ENSSSCG00000017497,107.759915784263,171.993524599083
ENSSSCG00000040177,1.10146421585277,6.28830080055937
ENSSSCG00000017727,59.4790676560496,67.8456670157649
ENSSSCG00000017728,51.2915169848773,19.8166452255466
ENSSSCG00000035446,302.278496303862,269.88707219698
ENSSSCG00000017403,247.278716458947,235.148459125782
ENSSSCG00000017731,81.1044817606256,68.6954373942188
ENSSSCG00000017732,151.561476101341,172.469396011018
ENSSSCG00000017502,26.7655804452223,23.6576073361585
ENSSSCG00000017733,33.9250978482653,34.0248059532969
ENSSSCG00000017734,2.53336769646137,2.68527439591454
ENSSSCG00000017735,24.6360829612403,27.3626061862178
ENSSSCG00000017501,0.073430947723518,0.475871411934223
ENSSSCG00000017500,4.22227949410228,3.97692537116457
ENSSSCG00000017499,21.331690313682,21.8900849489742
ENSSSCG00000017737,13.0339932209244,13.1544454584674
ENSSSCG00000017738,7.63681856324587,4.48678759823696
ENSSSCG00000017402,62.6365984081608,29.2660918339547
ENSSSCG00000017741,3.047384330526,3.05917336243429
ENSSSCG00000035954,2.53336769646137,3.46706314409219
ENSSSCG00000017743,10.6474874199101,9.44944660840813
ENSSSCG00000017744,36.4217500708649,39.8712261570602
ENSSSCG00000017745,28.8583624553426,27.1586612953888
ENSSSCG00000017498,45.4537566408576,37.5258599125273
ENSSSCG00000061452,10.4271945767396,14.5140780639938
ENSSSCG00000017406,98.0303152108965,73.7940596649427
ENSSSCG00000017504,42.3696568364699,46.8393432603828
ENSSSCG00000017527,11.0513576323895,4.48678759823696
ENSSSCG00000051715,1.24832611129981,0.747797933039493
ENSSSCG00000017790,13.3277170118185,19.2388013681979
ENSSSCG00000017789,2.8638069612172,3.09316417757245
ENSSSCG00000017788,37.3763523912706,34.5006773652311
ENSSSCG00000017787,111.064308431821,114.039184788523
ENSSSCG00000017793,7.60010308938411,14.8539862153754
ENSSSCG00000017792,17.2562727150267,13.2564179038819
ENSSSCG00000052963,8.29769709275753,10.5031618776911
ENSSSCG00000017794,5.17688181450802,10.6051343231055
ENSSSCG00000017795,40.5338831433819,36.3361813826917
ENSSSCG00000017797,5.83776034401968,3.60302640464483
ENSSSCG00000017796,58.4877498617821,41.8766842502116
ENSSSCG00000017799,197.05194821606,345.720580770213
ENSSSCG00000029262,57.0925618550352,51.7340206402776
ENSSSCG00000017801,1.13817968971453,3.22912743812508
ENSSSCG00000017804,255.099112391501,188.784987277334
ENSSSCG00000017803,21.331690313682,23.8275614118493
ENSSSCG00000028720,59.0017664958467,62.5770906693503
ENSSSCG00000017806,10.206901733569,11.8967852983556
ENSSSCG00000017809,71.0811573963654,56.526725574758
ENSSSCG00000017810,14.9431978617359,14.0042158369214
ENSSSCG00000057748,15.7876537605564,28.2463673798099
ENSSSCG00000017812,88.3374301113921,42.0126475107642
ENSSSCG00000036987,1.4319034806086,3.43307232895403
ENSSSCG00000017458,1.98263558853498,2.99119173215797
ENSSSCG00000024067,2.31307485329082,2.88921928674349
ENSSSCG00000017459,0.881171372682216,0.203944890828953
ENSSSCG00000028522,20.3403725194145,25.0172399416848
ENSSSCG00000017461,0.881171372682216,0.849770378453969
ENSSSCG00000017462,1.13817968971453,1.22366934497372
ENSSSCG00000017463,0.991317794267492,0.611834672486858
ENSSSCG00000017465,0.514016634064626,0.577843857348699
ENSSSCG00000038618,7.04937098145772,11.3869230712832
ENSSSCG00000017814,237.035099251516,206.188284628071
ENSSSCG00000036705,44.2054305295578,46.7033799998301
ENSSSCG00000039412,13.3644324856803,14.4121056185793
ENSSSCG00000062888,426.340082482745,313.123389052718
ENSSSCG00000036089,0.257008317032313,0.407889781657905
ENSSSCG00000039137,70.530425288439,74.94974737964
ENSSSCG00000021821,166.467958489215,188.615033201643
ENSSSCG00000017466,1.98263558853498,5.57449368265804
ENSSSCG00000017470,10.2436172074308,17.131370829632
ENSSSCG00000017472,93.3307345565913,70.5309414116794
ENSSSCG00000017473,15.6040763912476,1.63155912663162
ENSSSCG00000058554,0.146861895447036,0.475871411934223
ENSSSCG00000053096,0.844455898820457,1.35963260552635
ENSSSCG00000058952,8.84842920068392,7.81788748177651
ENSSSCG00000058592,0.146861895447036,0.679816302763175
ENSSSCG00000061640,1.17489516357629,2.54931113536191
ENSSSCG00000052462,3.63483191231414,3.53504477436851
ENSSSCG00000057796,1.02803326812925,1.69954075690794
ENSSSCG00000030707,18.3210214570177,20.8023788645532
ENSSSCG00000019270,0.403870212479349,0.305917336243429
ENSSSCG00000056910,10.0233243642602,0.305917336243429
ENSSSCG00000025248,90.0997728567565,75.6635544975414
ENSSSCG00000024108,48.2441326543513,22.70586451229
ENSSSCG00000024071,12.2262527959657,12.1687118194608
ENSSSCG00000050487,4.18556402024052,7.03609873359886
ENSSSCG00000017817,244.01103928525,242.966346607559
ENSSSCG00000040205,9.61945415178085,16.3155912663162
ENSSSCG00000040732,28.8583624553426,20.0205901163755
ENSSSCG00000038745,1.35847253288508,1.49559586607899
ENSSSCG00000017819,17.4765655581973,16.6554994176978
ENSSSCG00000017818,84.8861755683868,27.0906796651125
ENSSSCG00000017822,66.7854469545396,41.8087026199353
ENSSSCG00000039780,19.2756237774235,23.1817359242243
ENSSSCG00000028078,31.1714373086334,32.2912743812508
ENSSSCG00000025717,23.0206021113229,13.9022433915069
ENSSSCG00000017826,45.9310578010605,45.4797106548564
ENSSSCG00000062531,6.82907813828717,7.64793340608572
ENSSSCG00000038534,21.1113974705114,17.8111871323952
ENSSSCG00000017829,91.0543751771623,87.356394905068
ENSSSCG00000037159,30.5839897268452,20.0545809315137
ENSSSCG00000017832,11.0513576323895,13.7662801309543
ENSSSCG00000017836,133.020161801153,120.633402925325
ENSSSCG00000017835,51.8422490928037,66.5540160405148
ENSSSCG00000034858,23.7181961146963,10.1292629111713
ENSSSCG00000029709,0.403870212479349,0.135963260552635
ENSSSCG00000017342,2.0560665362585,0.679816302763175
ENSSSCG00000053264,0.220292843170554,0.475871411934223
ENSSSCG00000017861,14.3557502799478,6.45825487625016
ENSSSCG00000017349,5.54403655312561,12.3386658951516
ENSSSCG00000017325,53.4577299427211,84.2972215426337
ENSSSCG00000017577,1.10146421585277,1.18967852983556
ENSSSCG00000053573,0.550732107926385,0.169954075690794
ENSSSCG00000017864,8.29769709275753,6.35628243083569
ENSSSCG00000017865,27.7568982394898,18.0151320232241
ENSSSCG00000017866,73.6512405666885,49.3206727654684
ENSSSCG00000017376,0.587447581788144,0.883761193592128
ENSSSCG00000055493,24.9298067521343,25.1192123870993
ENSSSCG00000017868,6.24163055649903,6.32229161569753
ENSSSCG00000025856,59.4423521821878,39.2254006694352
ENSSSCG00000021306,17.0726953457179,12.0327485589082
ENSSSCG00000017367,6.79236266442541,0.679816302763175
ENSSSCG00000017379,7.41652572007531,5.47252123724356
ENSSSCG00000017265,51.181370563292,48.4029207567381
ENSSSCG00000023992,41.1580461990318,45.9895728819288
ENSSSCG00000023014,5.7276139224344,2.34536624453295
ENSSSCG00000017378,47.1426684384985,46.3974626635867
ENSSSCG00000017380,4.18556402024052,9.27949253271734
ENSSSCG00000030167,59.6993604992201,55.9488817174093
ENSSSCG00000017359,3.59811643845238,2.7192652110527
ENSSSCG00000017372,0.257008317032313,1.1556877146974
ENSSSCG00000020744,66.1979993727514,75.2556647158835
ENSSSCG00000017880,2.20292843170554,0.475871411934223
ENSSSCG00000039673,2.09278201012026,3.84096211061194
ENSSSCG00000017364,1.46861895447036,0.577843857348699
ENSSSCG00000017366,74.9362821518501,80.082360465502
ENSSSCG00000017879,19.3857701990087,7.37600688498045
ENSSSCG00000017365,46.8856601214662,36.2002181221391
ENSSSCG00000017882,108.971526421701,107.0710676852
ENSSSCG00000056031,12.7402694300304,11.3869230712832
ENSSSCG00000017371,19.8263558853498,23.1817359242243
ENSSSCG00000037238,4.36914138954932,5.33655797669092
ENSSSCG00000017883,0.660878529511662,3.63701721978299
ENSSSCG00000017352,9.50930773019558,9.10953845702655
ENSSSCG00000017351,0.624163055649903,1.49559586607899
ENSSSCG00000017730,0.183577369308795,0.679816302763175
ENSSSCG00000029838,10.8677802630807,11.1149965501779
ENSSSCG00000063008,4.55271875885811,4.282842707408
ENSSSCG00000058254,28.5646386644485,20.1565533769281
ENSSSCG00000055634,1.24832611129981,0.81577956331581
ENSSSCG00000017355,284.655068850217,108.634645181555
ENSSSCG00000058069,1.21161063743805,3.84096211061194
ENSSSCG00000052619,0.110146421585277,0.509862227072381
ENSSSCG00000056408,1.54204990219388,1.18967852983556
ENSSSCG00000060417,2.64351411804665,2.7192652110527
ENSSSCG00000058007,8.26098161889577,8.93958438133575
ENSSSCG00000055210,5.32374370995505,5.64247531293435
ENSSSCG00000060696,0.036715473861759,0.577843857348699
ENSSSCG00000017343,12.8504158516156,110.062259417358
ENSSSCG00000044492,2.53336769646137,3.80697129547378
ENSSSCG00000059605,0.293723790894072,0.679816302763175
ENSSSCG00000059284,0.73430947723518,0.917752008730286
ENSSSCG00000054404,2.82709148735544,3.16114580784876
ENSSSCG00000059004,10.0233243642602,4.04490700144089
ENSSSCG00000017360,120.169745949537,157.071556753432
ENSSSCG00000017344,15.23692165263,13.6303168704017
ENSSSCG00000017345,2.79037601349368,1.80151320232241
ENSSSCG00000056284,15.9345156560034,14.1061882823359
ENSSSCG00000038989,91.3848144419181,98.3014373795551
ENSSSCG00000017346,156.95865075902,371.281673754108
ENSSSCG00000058778,12.5934075345833,12.8825189373622
ENSSSCG00000017362,38.3309547116764,42.5565005529748
ENSSSCG00000022837,42.2595104148846,39.9392077873365
ENSSSCG00000017258,12.8504158516156,5.50651205238172
ENSSSCG00000017259,474.070198503032,370.058004409134
ENSSSCG00000017260,33.3376502664772,12.7805464919477
ENSSSCG00000017328,49.8596135042687,55.0651205238172
ENSSSCG00000017330,29.702818354163,26.7507715137309
ENSSSCG00000017261,3.92855570320821,2.75325602619086
ENSSSCG00000017262,2.42322127487609,0.475871411934223
ENSSSCG00000017333,9.50930773019558,7.81788748177651
ENSSSCG00000017264,48.6480028668307,38.6475568120865
ENSSSCG00000017335,22.690162846567,26.342881732073
ENSSSCG00000039336,94.5423451940294,91.3333202762326
ENSSSCG00000035402,0.917886846543975,0.339908151381588
ENSSSCG00000017337,14.7596204924271,25.5271021687572
ENSSSCG00000017338,32.0158932074538,42.3525556621458
ENSSSCG00000017339,103.721213659469,90.2796050069497
ENSSSCG00000017340,45.4904721147194,33.616916171639
ENSSSCG00000039101,0.36715473861759,0.339908151381588
ENSSSCG00000017256,8.95857562226919,6.05036509459226
ENSSSCG00000017257,17.1828417673032,9.00756601161207
ENSSSCG00000026473,11.9692444789334,11.7948128529411
ENSSSCG00000030211,196.023914947931,195.651131935242
ENSSSCG00000022101,16.0446620775887,14.7520137699609
ENSSSCG00000029460,10.5740564721866,13.8002709460925
ENSSSCG00000024059,149.65227146053,121.483173303779
ENSSSCG00000029763,26.8022959190841,32.9370998688758
ENSSSCG00000025507,241.844826327406,213.428328252499
ENSSSCG00000035057,44.0585686341108,43.6102158222577
ENSSSCG00000035199,24.7462293828256,28.7222387917441
ENSSSCG00000037979,39.1019796627733,37.6278323579417
ENSSSCG00000017383,0.881171372682216,5.57449368265804
ENSSSCG00000037487,112.459496438568,131.98633518147
ENSSSCG00000017384,3.45125454300534,7.64793340608572
ENSSSCG00000017385,73.6145250928268,61.2514488789621
ENSSSCG00000017386,68.3642123305952,59.3479632312252
ENSSSCG00000040866,0.36715473861759,0.441880596796064
ENSSSCG00000057849,38.2208082900911,44.2560413098827
ENSSSCG00000060121,14.3557502799478,25.5950837990335
ENSSSCG00000034782,80.1865949140816,82.5976807857258
ENSSSCG00000017389,30.6941361484305,20.4964615283097
ENSSSCG00000017382,90.2099192783418,145.1067898248
ENSSSCG00000017393,11.7489516357629,22.3319655457703
ENSSSCG00000017392,2.20292843170554,1.7335315720461
ENSSSCG00000017391,33.9250978482653,32.5971917174942
ENSSSCG00000059397,33.668089531233,33.0050814991521
ENSSSCG00000017395,76.4416165801822,80.3202961714691
ENSSSCG00000036106,23.2041794806317,29.3000826490928
ENSSSCG00000017396,3.30439264755831,1.01972445414476
ENSSSCG00000017397,34.7695537470858,43.7801698979485
ENSSSCG00000017398,63.5912007285666,74.9157565645019
ENSSSCG00000035147,5.87447581788144,5.98238346431594
ENSSSCG00000046466,38.8816868196028,33.5489345413627
ENSSSCG00000017268,4.07541759865525,2.44733868994743
ENSSSCG00000017298,6.71893171670189,12.8145373070858
ENSSSCG00000017299,10.8677802630807,12.1347210043227
ENSSSCG00000017300,84.1151506172898,35.7243467102048
ENSSSCG00000017301,31.7956003642833,35.9282916010338
ENSSSCG00000033421,10.0967553119837,11.8967852983556
ENSSSCG00000017306,7.85711140641642,4.55476922851327
ENSSSCG00000017308,49.6026051872364,45.8876004365143
ENSSSCG00000017310,69.1719527555539,69.1033271758767
ENSSSCG00000017311,10.9412112108042,9.34747416299366
ENSSSCG00000017313,0.073430947723518,2.82123765646718
ENSSSCG00000031893,52.3929812007301,37.049988500593
ENSSSCG00000017316,43.5812674739079,31.5434764482113
ENSSSCG00000017317,0.917886846543975,0.0339908151381588
ENSSSCG00000035524,1.6154808499174,0.577843857348699
ENSSSCG00000030183,38.0005154469205,26.342881732073
ENSSSCG00000017336,78.754691433473,140.48403896601
ENSSSCG00000017320,0.220292843170554,0.917752008730286
ENSSSCG00000052512,0.36715473861759,0.713807117901334
ENSSSCG00000052749,0.183577369308795,0.475871411934223
ENSSSCG00000061358,2.0560665362585,1.25766016011187
ENSSSCG00000046803,11.0880731062512,8.49770378453969
ENSSSCG00000017357,78.0203819562378,92.0811182092721
ENSSSCG00000036328,54.8529179494679,45.0718208731985
ENSSSCG00000034958,38.7715403980175,29.8779265064415
ENSSSCG00000031530,63.5912007285666,39.1574190391589
ENSSSCG00000037336,23.8283425362816,28.4503122706389
ENSSSCG00000028712,24.0853508533139,18.8988932168163
ENSSSCG00000037557,206.451109524671,162.408114730123
ENSSSCG00000038639,148.293798927645,228.044378761907
ENSSSCG00000017913,88.2272836898068,88.0362112078312
ENSSSCG00000017915,19.5693475683175,60.5376417610607
ENSSSCG00000017914,3.52468549072886,11.2169689955924
ENSSSCG00000031112,2.12949748398202,4.69073248906591
ENSSSCG00000033819,0.440585686341108,0.849770378453969
ENSSSCG00000027100,52.4296966745918,48.7428289081196
ENSSSCG00000035820,14.5760431231183,11.9307761134937
ENSSSCG00000017890,80.0397330186346,67.0298874524491
ENSSSCG00000017993,62.5998829342991,68.6954373942188
ENSSSCG00000034964,21.5519831568525,15.0579311062043
ENSSSCG00000017893,1.79905821922619,0.373898966519746
ENSSSCG00000017994,139.555516148546,194.461453405406
ENSSSCG00000022026,0.881171372682216,0.373898966519746
ENSSSCG00000017894,10.9412112108042,20.3265074526189
ENSSSCG00000017995,27.5366053963192,21.0063237553821
ENSSSCG00000017996,1.65219632377915,1.08770608442108
ENSSSCG00000017998,5.83776034401968,6.69619058221727
ENSSSCG00000037991,4.11213307251701,3.2971090684014
ENSSSCG00000039056,70.7507181316096,36.9140252400404
ENSSSCG00000039064,16.7055406071003,21.0403145705203
ENSSSCG00000035048,63.0404686206402,65.1264018047122
ENSSSCG00000036311,4.62614970658163,4.8606865647567
ENSSSCG00000033706,57.5331475413763,49.9325074379552
ENSSSCG00000017895,91.2379525464711,99.1512077580091
ENSSSCG00000017896,0.624163055649903,0.475871411934223
ENSSSCG00000017897,1.4319034806086,1.5635774963553
ENSSSCG00000022999,6.86579361214893,7.10408036387518
ENSSSCG00000017900,167.789715548239,370.49988500593
ENSSSCG00000017901,1.28504158516156,1.25766016011187
ENSSSCG00000017902,81.5083519731049,83.6174052398705
ENSSSCG00000053757,62.6733138820226,48.3689299415999
ENSSSCG00000017904,6.38849245194606,8.90559356619759
ENSSSCG00000017907,413.48966663113,493.886543957447
ENSSSCG00000017906,107.135752728613,119.307761134937
ENSSSCG00000032472,65.6839827386868,65.6702548469227
ENSSSCG00000058627,13.5112943811273,9.38146497813181
ENSSSCG00000017909,4.88315802361394,2.03944890828953
ENSSSCG00000051822,1.06474874199101,0.135963260552635
ENSSSCG00000017917,150.203003568456,171.109763405491
ENSSSCG00000017912,78.2039593255466,64.0047049051529
ENSSSCG00000024416,116.534914037223,1.46160505094083
ENSSSCG00000029553,21.9191378954701,30.4557703637902
ENSSSCG00000029944,334.147527615869,357.311448732325
ENSSSCG00000018005,6.71893171670189,1.01972445414476
ENSSSCG00000029441,2.31307485329082,0.135963260552635
ENSSSCG00000018007,111.4681786443,36.4721446432443
ENSSSCG00000034723,81.7286448162755,19.4427462590268
ENSSSCG00000018008,31.2815837302187,36.7100803492115
ENSSSCG00000040352,45.0498864283783,45.2757657640275
ENSSSCG00000018009,7.01265550759596,9.7213731295134
ENSSSCG00000033689,113.707822549868,112.407625661891
ENSSSCG00000036454,1.65219632377915,0.951742823868445
ENSSSCG00000040385,40.0932974570408,48.5048932021525
ENSSSCG00000062665,1.39518800674684,0.917752008730286
ENSSSCG00000035253,13.4745789072655,13.4603627947109
ENSSSCG00000034695,25.8844090725401,30.3198071032376
ENSSSCG00000018015,384.741450597372,543.887033025678
ENSSSCG00000018014,16.8524025025474,26.4448541774875
ENSSSCG00000031851,2.93723790894072,1.97146727801321
ENSSSCG00000018016,43.8382757909402,45.2077841337511
ENSSSCG00000039650,39.4691344013909,43.9841147887774
ENSSSCG00000039873,48.2074171804895,70.4289689662649
ENSSSCG00000036973,33.7048050050947,44.8338851672314
ENSSSCG00000050771,0.36715473861759,2.92321010188165
ENSSSCG00000031988,19.0186154603912,25.5610929838954
ENSSSCG00000018019,16.1180930253122,15.2618759970333
ENSSSCG00000040503,197.67611127171,205.780394846413
ENSSSCG00000049515,20.9278201012026,21.8560941338361
ENSSSCG00000040727,41.2314771467553,46.6014075544157
ENSSSCG00000028465,33.2275038448919,32.8011366083232
ENSSSCG00000039013,0.660878529511662,2.41334787480927
ENSSSCG00000018023,6.02133771332847,5.33655797669092
ENSSSCG00000039318,3.92855570320821,2.07343972342768
ENSSSCG00000037832,35.944448910662,67.879657830903
ENSSSCG00000018028,21.7722760000231,33.2770080202574
ENSSSCG00000053835,0.440585686341108,1.93747646287505
ENSSSCG00000018027,121.381356586975,76.3433708003046
ENSSSCG00000018026,73.724671514412,40.5510424598234
ENSSSCG00000034049,21.7722760000231,6.49224569138832
ENSSSCG00000018029,10.6474874199101,12.3046750800135
ENSSSCG00000025254,7.7836804586929,14.2761423580267
ENSSSCG00000018031,11.7489516357629,13.1204546433293
ENSSSCG00000036776,10.8310647892189,15.6017841484149
ENSSSCG00000018032,4.84644254975219,5.37054879182908
ENSSSCG00000018033,1261.1030962037,1312.69128982055
ENSSSCG00000018034,11.0880731062512,15.8737106695201
ENSSSCG00000035103,11.8223825834864,12.8825189373622
ENSSSCG00000018039,131.624973794406,140.789956302254
ENSSSCG00000023747,23.1674640067699,35.5883834496522
ENSSSCG00000036482,23.5713342192493,27.4985694467704
ENSSSCG00000034364,31.9424622597303,21.3462319067637
ENSSSCG00000017168,172.562727150267,142.965368471096
ENSSSCG00000024030,38.3309547116764,38.9874649634681
ENSSSCG00000018045,97.9935997370347,100.884739330055
ENSSSCG00000018044,11.2349350016982,3.97692537116457
ENSSSCG00000018042,0.844455898820457,0.135963260552635
ENSSSCG00000018041,153.654258111461,90.993412124851
ENSSSCG00000018046,3.34110812142007,3.02518254729613
ENSSSCG00000033329,1.10146421585277,1.7335315720461
ENSSSCG00000034609,0.440585686341108,0.135963260552635
ENSSSCG00000036007,91.3848144419181,57.0365878018304
ENSSSCG00000031076,39.762858192285,29.8439356913034
ENSSSCG00000039961,0.440585686341108,0.169954075690794
ENSSSCG00000039681,45.8943423271987,43.4062709314287
ENSSSCG00000040457,68.3274968567335,64.3786038716727
ENSSSCG00000018050,3.63483191231414,2.58330195050007
ENSSSCG00000018049,33.1173574233066,33.9568243230206
ENSSSCG00000018047,7.19623287690476,4.41880596796064
ENSSSCG00000041010,0.146861895447036,0.951742823868445
ENSSSCG00000036208,2.64351411804665,2.54931113536191
ENSSSCG00000038189,25.0766686475814,25.0172399416848
ENSSSCG00000035839,64.6559494705576,73.012270916765
ENSSSCG00000037151,13.8784491197449,15.635774963553
ENSSSCG00000039324,164.779046691574,183.380447670366
ENSSSCG00000040859,71.1913038179507,114.922945982115
ENSSSCG00000035120,101.555000701625,104.589738180114
ENSSSCG00000032392,3.34110812142007,1.42761423580267
ENSSSCG00000017169,51.7688181450802,41.1288863171721
ENSSSCG00000048201,3.37782359528183,4.04490700144089
ENSSSCG00000032655,47.7301160202867,38.0017313244615
ENSSSCG00000035728,38.1106618685058,34.0587967684351
ENSSSCG00000034058,181.484587298675,140.586011411425
ENSSSCG00000039148,824.042095353319,320.873294904219
ENSSSCG00000039424,162.649549207592,224.781260508644
ENSSSCG00000033620,23.5346187453875,39.1234282240207
ENSSSCG00000033148,56.4683987993853,72.1964913534492
ENSSSCG00000033082,120.390038792708,116.180606142227
ENSSSCG00000053661,17.3297036627502,19.1028381076452
ENSSSCG00000034716,23.6447651669728,26.7847623288691
ENSSSCG00000033788,8.15083519731049,11.2509598107305
ENSSSCG00000031531,10.5373409983248,11.8288036680792
ENSSSCG00000054603,1.65219632377915,2.92321010188165
ENSSSCG00000044615,5.17688181450802,5.4385304221054
ENSSSCG00000044655,0.514016634064626,1.01972445414476
ENSSSCG00000052373,0.73430947723518,0.54385304221054
ENSSSCG00000059974,0.660878529511662,0.407889781657905
ENSSSCG00000024467,7.52667214166059,7.24004362442781
ENSSSCG00000060551,3.70826286003766,1.5635774963553
ENSSSCG00000061910,7.45324119393707,6.45825487625016
ENSSSCG00000049865,3.89184022934645,4.65674167392775
ENSSSCG00000041710,0.514016634064626,0.509862227072381
ENSSSCG00000056014,2.2396439055673,3.90894374088826
ENSSSCG00000054912,0.440585686341108,1.7335315720461
ENSSSCG00000062758,0.73430947723518,0.475871411934223
ENSSSCG00000046461,43.9484222125255,48.8448013535341
ENSSSCG00000046841,11.1615040539747,10.1292629111713
ENSSSCG00000047466,34.5125454300534,40.5510424598234
ENSSSCG00000038146,1.10146421585277,0.509862227072381
ENSSSCG00000018456,1.4319034806086,0.985733639006604
ENSSSCG00000018462,1.28504158516156,0.713807117901334
ENSSSCG00000017167,37.2294904958236,28.0764133041191
ENSSSCG00000054680,2.38650580101433,0.54385304221054
ENSSSCG00000053434,3.23096169983479,2.34536624453295
ENSSSCG00000036056,2.71694506577016,4.65674167392775
ENSSSCG00000036308,41.4517699899259,49.4906268411591
ENSSSCG00000036956,10.206901733569,5.60848449779619
ENSSSCG00000033883,7.19623287690476,5.94839264917778
ENSSSCG00000040486,4.2957104418258,2.3113754293948
ENSSSCG00000033636,30.4004123575364,30.7956785151718
ENSSSCG00000037120,3.30439264755831,0.781788748177651
ENSSSCG00000031600,91.1645215987476,50.5783329255802
ENSSSCG00000041583,2.31307485329082,1.1556877146974
ENSSSCG00000033592,7.01265550759596,2.03944890828953
ENSSSCG00000032562,26.6187185497753,22.909809403119
ENSSSCG00000034373,32.2361860506244,38.2396670304286
ENSSSCG00000059540,29.84968024961,33.3109988353956
ENSSSCG00000057304,2.16621295784378,4.62275085878959
ENSSSCG00000053087,14.0987419629154,17.4712789810136
ENSSSCG00000059685,0.587447581788144,0.0679816302763175
ENSSSCG00000041926,0.771024951096939,0.951742823868445
ENSSSCG00000056352,0.73430947723518,0.101972445414476
ENSSSCG00000045725,0.477301160202867,0.203944890828953
ENSSSCG00000061401,6.93922455987245,6.83215384276991
ENSSSCG00000017246,15.8978001821416,22.1960022852177
ENSSSCG00000031686,34.2188216391594,35.2824661134088
ENSSSCG00000017248,73.7613869882738,88.3761193592128
ENSSSCG00000017249,0.146861895447036,2.85522847160534
ENSSSCG00000037754,37.2662059696854,34.3647141046785
ENSSSCG00000033537,5.39717465767857,10.3671986171384
ENSSSCG00000063353,0.991317794267492,2.27738461425664
ENSSSCG00000017251,12.2262527959657,35.112512037718
ENSSSCG00000039947,3.23096169983479,3.63701721978299
ENSSSCG00000034358,0.257008317032313,0.985733639006604
ENSSSCG00000036461,0.330439264755831,16.7914626782504
ENSSSCG00000017272,34.8429846948093,33.5149437262245
ENSSSCG00000017273,43.103966313705,44.2900321250209
ENSSSCG00000017274,52.8335668870712,52.1419104219355
ENSSSCG00000054188,28.8583624553426,24.9832491265467
ENSSSCG00000033528,60.8008247150729,74.7118116736729
ENSSSCG00000032181,16.0079466037269,7.1720619941515
ENSSSCG00000029005,29.3356636155454,16.6215086025596
ENSSSCG00000032176,60.6906782934876,63.2569069721134
ENSSSCG00000028925,46.0412042226458,47.9270493448038
ENSSSCG00000032092,1183.56001540766,2157.87290823087
ENSSSCG00000036057,14.3557502799478,13.3923811644345
ENSSSCG00000032612,23.4244723238022,0.747797933039493
ENSSSCG00000017277,74.1652572007531,50.8162686315473
ENSSSCG00000017278,67.3728945363277,75.7655269429559
ENSSSCG00000039909,78.7914069073348,63.1209437115608
ENSSSCG00000062259,51.9891109882507,61.9992468120016
ENSSSCG00000017282,0.330439264755831,0.577843857348699
ENSSSCG00000017283,0.073430947723518,0.679816302763175
ENSSSCG00000017285,1.06474874199101,0.985733639006604
ENSSSCG00000041822,143.153632586998,160.946509679182
ENSSSCG00000017287,136.471416344158,124.916245632733
ENSSSCG00000017288,50.5939229815039,59.4499356766397
ENSSSCG00000017289,100.82069122439,112.849506258687
ENSSSCG00000017290,53.3842989949976,63.4948426780806
ENSSSCG00000024813,29.84968024961,38.2396670304286
ENSSSCG00000022659,325.62953767994,249.288638223256
ENSSSCG00000017668,66.7120160068161,95.922080319884
ENSSSCG00000017669,4.66286518044339,4.75871411934223
ENSSSCG00000017670,41.7087783069582,64.888466098745
ENSSSCG00000017671,44.0585686341108,35.4864110042377
ENSSSCG00000017672,31.7956003642833,43.2703076708761
ENSSSCG00000017673,15.3470680742153,17.981141208086
ENSSSCG00000027060,93.3307345565913,77.7030034058309
ENSSSCG00000021384,0.771024951096939,0.747797933039493
ENSSSCG00000054187,9.72960057336613,10.9790332896253
ENSSSCG00000058622,7.159517403043,12.5086199708424
ENSSSCG00000017921,5.1034508667845,10.2992169868621
ENSSSCG00000017920,55.2200726880855,29.7759540610271
ENSSSCG00000017919,7.60010308938411,8.49770378453969
ENSSSCG00000017918,12.2629682698275,18.6609575108492
ENSSSCG00000017924,77.7633736392055,65.8062181074753
ENSSSCG00000017923,0.73430947723518,0.203944890828953
ENSSSCG00000060177,10.353763629016,10.8430700290726
ENSSSCG00000017929,52.3195502530065,48.0970034204946
ENSSSCG00000017928,46.7020827521574,32.2572835661127
ENSSSCG00000017927,10.9779266846659,4.52077841337511
ENSSSCG00000017926,23.7181961146963,18.7969207714018
ENSSSCG00000017925,34.9898465902563,41.2308587625866
ENSSSCG00000017932,2.2396439055673,1.76752238718426
ENSSSCG00000024285,48.3909945497983,63.6987875689095
ENSSSCG00000017947,68.9149444385216,72.162500538311
ENSSSCG00000025689,39.0652641889116,46.2614994030341
ENSSSCG00000017937,34.8429846948093,40.3131067538563
ENSSSCG00000017936,197.896404114881,193.611683026952
ENSSSCG00000017935,79.8928711231875,72.9782801016268
ENSSSCG00000027514,29.7395338280248,30.4557703637902
ENSSSCG00000017934,78.607829538026,101.326619926851
ENSSSCG00000023915,4.62614970658163,1.93747646287505
ENSSSCG00000017938,1.17489516357629,0.679816302763175
ENSSSCG00000038359,255.135827865363,232.803092881249
ENSSSCG00000017940,39.4691344013909,42.386546477284
ENSSSCG00000017942,0.550732107926385,0.611834672486858
ENSSSCG00000017943,3.08409980438775,2.95720091701981
ENSSSCG00000042089,4.40585686341108,4.65674167392775
ENSSSCG00000017945,0.110146421585277,0.611834672486858
ENSSSCG00000026142,39.9831510354555,44.3580137552972
ENSSSCG00000029391,36.715473861759,27.2606337408033
ENSSSCG00000028725,12.4465456391363,10.8090792139345
ENSSSCG00000051794,8.73828277909864,11.3869230712832
ENSSSCG00000056826,9.91317794267492,10.9790332896253
ENSSSCG00000046700,15.23692165263,19.6806819649939
ENSSSCG00000032469,51.181370563292,47.8930585296657
ENSSSCG00000021258,3.74497833389942,2.54931113536191
ENSSSCG00000028278,197.345672006955,188.581042386505
ENSSSCG00000040188,20.3036570455527,20.1905441920663
ENSSSCG00000036521,12.0426754266569,17.4712789810136
ENSSSCG00000017957,246.50769150785,218.594932153499
ENSSSCG00000017956,15.4939299696623,9.85733639006604
ENSSSCG00000017955,30.0332576189188,20.2585258223426
ENSSSCG00000017953,57.2394237504823,61.65933866062
ENSSSCG00000017952,11.7489516357629,7.61394259094756
ENSSSCG00000017951,4.33242591568756,12.1687118194608
ENSSSCG00000017950,37.633360708303,23.2157267393624
ENSSSCG00000017949,23.5713342192493,21.8560941338361
ENSSSCG00000017948,13.6214408027126,10.70710676852
ENSSSCG00000017963,263.249947588812,376.04038787345
ENSSSCG00000017962,84.4088744081839,64.3106222413964
ENSSSCG00000037096,7.08608645531948,5.23458553127645
ENSSSCG00000017971,20.9645355750644,17.5392606112899
ENSSSCG00000059632,132.432714219365,121.143265152398
ENSSSCG00000021363,400.712681727238,353.402504991437
ENSSSCG00000023166,7.23294835076652,10.70710676852
ENSSSCG00000037973,57.5698630152381,48.1989758659091
ENSSSCG00000017968,33.8516669005418,34.9425579620272
ENSSSCG00000025345,10.060039838122,19.4087554438886
ENSSSCG00000017978,10.1334707858455,4.48678759823696
ENSSSCG00000017983,190.7736021857,191.096362706729
ENSSSCG00000034868,111.835333382918,132.972068820477
ENSSSCG00000027528,57.129277328897,59.9258070885739
ENSSSCG00000028788,11.5653742664541,12.5086199708424
ENSSSCG00000028924,6.90250908601069,8.87160275105943
ENSSSCG00000049011,0.587447581788144,0.611834672486858
ENSSSCG00000038726,2.79037601349368,3.33109988353956
ENSSSCG00000022395,3.047384330526,5.09862227072381
ENSSSCG00000028048,9.72960057336613,5.91440183403962
ENSSSCG00000021434,2.2396439055673,1.69954075690794
ENSSSCG00000028850,604.70385450317,503.06406404475
ENSSSCG00000017986,35.1367084857033,27.192652110527
ENSSSCG00000038144,81.6919293424137,43.4062709314287
ENSSSCG00000026818,10.7209183676336,11.8288036680792
ENSSSCG00000030269,5.17688181450802,0.27192652110527
ENSSSCG00000027677,5.28702823609329,3.16114580784876
ENSSSCG00000038434,0.403870212479349,0.237935705967111
ENSSSCG00000048918,1.46861895447036,0.509862227072381
ENSSSCG00000035224,5.87447581788144,1.69954075690794
ENSSSCG00000017546,8.51798993592808,8.80362112078312
ENSSSCG00000024235,99.3887877437816,91.0953845702655
ENSSSCG00000029616,35.0632775379798,34.8745763317509
ENSSSCG00000052003,37.5232142867177,59.2119999706726
ENSSSCG00000028355,2293.46879024864,1928.77481419968
ENSSSCG00000023045,19.1287618819764,23.4536624453295
ENSSSCG00000022317,159.89588866796,107.003086054924
ENSSSCG00000039183,8.07740424958698,8.1577956331581
ENSSSCG00000028593,22.2862926340877,20.0545809315137
ENSSSCG00000017143,53.8616001552004,55.676955196304
ENSSSCG00000017142,63.370907885396,55.8469092719948
ENSSSCG00000017141,2.49665222259961,1.63155912663162
ENSSSCG00000017254,3.56140096459062,4.89467737989486
ENSSSCG00000062301,0.183577369308795,0.441880596796064
ENSSSCG00000052724,0.220292843170554,0.407889781657905
ENSSSCG00000017255,12.8871313254774,9.58540986896077
ENSSSCG00000055960,0.660878529511662,0.27192652110527
ENSSSCG00000017707,91.9722620237063,84.6371296940153
ENSSSCG00000034440,13.3277170118185,8.59967622995416
ENSSSCG00000033580,2.90052243507896,3.16114580784876
ENSSSCG00000039395,109.962844215968,136.881012561365
ENSSSCG00000036746,34.1086752175741,47.315214672317
ENSSSCG00000017712,234.465016081193,180.151320232241
ENSSSCG00000017713,7.56338761552235,6.86614465790807
ENSSSCG00000032652,5.39717465767857,5.30256716155277
ENSSSCG00000017717,5.50732107926385,7.7499058515002
ENSSSCG00000025796,15.6040763912476,18.423021804882
ENSSSCG00000061966,20.5973808364468,19.272792183336
ENSSSCG00000032552,97.956884263173,96.9757955891669
ENSSSCG00000024770,80.4436032311139,74.2359402617387
ENSSSCG00000018995,0.110146421585277,0.407889781657905
ENSSSCG00000017869,9.3991613086103,9.24550171757918
ENSSSCG00000031821,1.79905821922619,1.08770608442108
ENSSSCG00000017870,47.2528148600838,48.164985050771
ENSSSCG00000017873,32.2729015244861,26.4788449926257
ENSSSCG00000022405,20.3770879932762,46.4994351090012
ENSSSCG00000017874,37.5966452344412,23.7255889664348
ENSSSCG00000017876,39.6894272445615,28.2803581949481
ENSSSCG00000017877,48.0972707589043,40.0071894176128
ENSSSCG00000017583,12.7035539561686,22.4679288063229
ENSSSCG00000031307,0.514016634064626,0.611834672486858
ENSSSCG00000036135,3304.79651777079,611.120865368956
ENSSSCG00000039259,1.4319034806086,1.59756831149346
ENSSSCG00000028962,1.50533442833212,0.54385304221054
ENSSSCG00000017573,29.9965421450571,32.325265196389
ENSSSCG00000023783,13.8050181720214,16.281600451178
ENSSSCG00000061531,7.01265550759596,6.93412628818439
ENSSSCG00000017571,2.16621295784378,1.01972445414476
ENSSSCG00000028019,27.3163125531487,13.0864638281911
ENSSSCG00000017566,128.504158516156,110.94602061095
ENSSSCG00000017569,3.92855570320821,6.11834672486858
ENSSSCG00000017567,4.99330444519922,2.00545809315137
ENSSSCG00000017563,150.900597571829,120.123540698253
ENSSSCG00000027226,45.7107649578899,15.4658208878622
ENSSSCG00000017565,31.9791777335921,23.4876532604677
ENSSSCG00000017562,35.650725119768,8.7356394905068
ENSSSCG00000038760,40.6440295649672,54.2833317756395
ENSSSCG00000055086,16.2282394468975,28.688247976606
ENSSSCG00000017555,240.192630003627,341.981591105015
ENSSSCG00000017557,3.01066885666424,9.78935475978972
ENSSSCG00000040773,58.1205951231645,56.5607163898962
ENSSSCG00000033228,74.789420256403,69.0693363607386
ENSSSCG00000038348,20.6708117841703,16.485545342007
ENSSSCG00000017591,164.375176479095,134.093765720036
ENSSSCG00000041588,0.403870212479349,0.475871411934223
ENSSSCG00000055095,3.19424622597303,6.11834672486858
ENSSSCG00000017561,79.819440175464,40.5510424598234
ENSSSCG00000058635,0.183577369308795,0.509862227072381
ENSSSCG00000032049,54.2654703676798,57.8863581802844
ENSSSCG00000032450,15.0900597571829,19.7826544104084
ENSSSCG00000017756,20.8543891534791,29.8779265064415
ENSSSCG00000033123,58.5611808095056,89.6337795193246
ENSSSCG00000023719,20.8176736796173,20.6664156040005
ENSSSCG00000024626,31.2815837302187,32.4272376418035
ENSSSCG00000028920,35.6140096459062,32.1893019358363
ENSSSCG00000040883,29.5926719325777,29.2660918339547
ENSSSCG00000027801,0.697594003373421,2.00545809315137
ENSSSCG00000030358,11.6020897403158,7.61394259094756
ENSSSCG00000023478,20.1935106239674,21.0063237553821
ENSSSCG00000017763,6.68221624284013,16.7914626782504
ENSSSCG00000017761,23.2408949544934,21.9240757641124
ENSSSCG00000026706,33.8516669005418,42.8964087043563
ENSSSCG00000017759,25.2235305430284,261.151432706474
ENSSSCG00000017758,3.52468549072886,1.63155912663162
ENSSSCG00000061138,14.5026121753948,24.9832491265467
ENSSSCG00000017764,49.6026051872364,60.0957611642647
ENSSSCG00000017772,43.9851376863873,35.5204018193759
ENSSSCG00000017773,81.2513436560726,84.2292399123574
ENSSSCG00000017770,0.917886846543975,0.883761193592128
ENSSSCG00000017769,20.5973808364468,13.3923811644345
ENSSSCG00000035080,314.211025308933,232.191258208762
ENSSSCG00000038650,2.31307485329082,2.75325602619086
ENSSSCG00000017766,17.1461262934414,18.9668748470926
ENSSSCG00000032658,9.69288509950437,15.7037565938293
ENSSSCG00000039321,16.7422560809621,19.3747646287505
ENSSSCG00000017776,30.5472742529835,26.5808174380401
ENSSSCG00000017777,54.6326251062974,55.8469092719948
ENSSSCG00000017778,6.71893171670189,9.07554764188839
ENSSSCG00000017779,57.6432939629616,70.5989230419557
ENSSSCG00000035445,7.30637929849004,6.32229161569753
ENSSSCG00000017783,63.1138995683637,48.4709023870144
ENSSSCG00000017785,45.6740494840282,74.8477749342256
ENSSSCG00000019783,1.21161063743805,1.35963260552635
ENSSSCG00000054449,0.110146421585277,0.611834672486858
ENSSSCG00000058827,0.146861895447036,22.909809403119
ENSSSCG00000037202,1.10146421585277,0.373898966519746
ENSSSCG00000051900,0.146861895447036,0.883761193592128
ENSSSCG00000017140,20.4872344148615,24.201460378369
ENSSSCG00000017139,65.9409910557191,67.7097037552122
ENSSSCG00000017144,18.9818999865294,32.4612284569416
ENSSSCG00000060610,0.954602320405733,2.41334787480927
ENSSSCG00000030277,26.9124423406693,31.8833845995929
ENSSSCG00000055162,122.629682698275,103.230105574588
ENSSSCG00000017146,6.13148413491375,8.7356394905068
ENSSSCG00000021040,32.9337800539978,45.6496647305472
ENSSSCG00000017152,18.8717535649441,11.7948128529411
ENSSSCG00000017155,74.9362821518501,78.5527737842849
ENSSSCG00000017156,162.649549207592,54.1133776999487
ENSSSCG00000017158,210.783535440358,298.439356913034
ENSSSCG00000017159,11.5286587925923,9.17752008730286
ENSSSCG00000017160,32.8236336324125,37.5258599125273
ENSSSCG00000034146,17.0726953457179,16.8934351236649
ENSSSCG00000024261,7.01265550759596,18.2530677291913
ENSSSCG00000034696,2.31307485329082,1.83550401746057
ENSSSCG00000017137,10.6107719460483,6.62820895194096
ENSSSCG00000027229,17.513281032059,18.1171044686386
ENSSSCG00000017136,92.8901488702502,84.3991939880482
ENSSSCG00000017131,9.69288509950437,13.5623352401253
ENSSSCG00000017134,29.1888017200984,27.7704959678757
ENSSSCG00000053358,26.0312709679871,15.0239402910662
ENSSSCG00000017133,61.3515568229993,63.2908977872516
ENSSSCG00000017125,92.7432869748032,83.4814419793179
ENSSSCG00000017126,124.502171865225,188.411088310814
ENSSSCG00000017127,39.7261427184232,38.749529257501
ENSSSCG00000017128,34.9164156425328,33.3109988353956
ENSSSCG00000032116,66.1245684250279,35.554392634514
ENSSSCG00000039807,1.17489516357629,1.63155912663162
ENSSSCG00000035852,167.642853652792,201.871451105525
ENSSSCG00000024018,16.1915239730357,9.68738231437525
ENSSSCG00000029343,39.9464355615938,40.041180232751
ENSSSCG00000036592,46.2614970658163,62.2031917028305
ENSSSCG00000023139,18.6514607217736,16.3495820814544
ENSSSCG00000035923,14.172172910639,35.3164569285469
ENSSSCG00000037376,125.273196816322,163.223894293438
ENSSSCG00000017172,0.257008317032313,9.27949253271734
ENSSSCG00000055449,2.0560665362585,4.21486107713169
ENSSSCG00000017177,83.1605482968841,166.792929882945
ENSSSCG00000061815,2.16621295784378,5.98238346431594
ENSSSCG00000042682,16.1180930253122,25.5610929838954
ENSSSCG00000017181,3.92855570320821,2.82123765646718
ENSSSCG00000023362,13.9885955413302,20.1565533769281
ENSSSCG00000029901,62.4163055649903,72.7403443956597
ENSSSCG00000017178,48.2074171804895,191.300307597557
ENSSSCG00000017184,61.8288579832021,178.349807029919
ENSSSCG00000021342,0.991317794267492,1.83550401746057
ENSSSCG00000023423,63.9216399933224,112.815515443549
ENSSSCG00000017186,47.3262458078073,76.2074075397519
ENSSSCG00000017187,828.374521269006,847.255058133745
ENSSSCG00000017190,69.3555301248627,71.07479445389
ENSSSCG00000017191,107.466191993369,89.4638254436338
ENSSSCG00000017192,30.767567096154,46.0575545122051
ENSSSCG00000017193,3.19424622597303,3.67100803492115
ENSSSCG00000017194,4.77301160202867,4.69073248906591
ENSSSCG00000017198,114.405416553241,101.666528078233
ENSSSCG00000017197,77.6165117437585,82.0198369283771
ENSSSCG00000017196,42.4798032580551,39.7352628965076
ENSSSCG00000017195,16.8156870286856,19.8506360406847
ENSSSCG00000017199,15.9345156560034,14.2421515428885
ENSSSCG00000021672,130.009492944489,164.345591192998
ENSSSCG00000017200,117.048930671288,160.130730115866
ENSSSCG00000017201,41.2314771467553,54.9631480784027
ENSSSCG00000017202,502.377828850448,454.219262691215
ENSSSCG00000017203,18.2475905092942,17.1653616447702
ENSSSCG00000017204,79.4155699629847,107.512948281996
ENSSSCG00000017205,32.8236336324125,29.5720091701981
ENSSSCG00000023978,31.3182992040804,26.546826622902
ENSSSCG00000051419,5.80104487015792,0.849770378453969
ENSSSCG00000038844,29.3356636155454,40.2111343084418
ENSSSCG00000036248,1.76234274536443,2.34536624453295
ENSSSCG00000033518,84.5924517774927,77.499058515002
ENSSSCG00000036852,23.608049693111,24.405405269198
ENSSSCG00000040578,58.4510343879203,59.7558530128831
ENSSSCG00000034608,123.36399217551,137.90073701551
ENSSSCG00000017522,0.73430947723518,0.407889781657905
ENSSSCG00000032782,22.1761462125024,21.5501767975926
ENSSSCG00000054179,19.9732177807969,20.6324247888624
ENSSSCG00000017524,53.1272906779652,45.3437473943038
ENSSSCG00000017526,85.5470540978984,35.1465028528562
ENSSSCG00000017525,1001.41454957948,622.609760885654
ENSSSCG00000017529,89.0717395886273,64.0386957202911
ENSSSCG00000017528,29.4825255109925,15.3298576273096
ENSSSCG00000017516,26.3249947588812,21.1082962007966
ENSSSCG00000058498,5.61746750084912,8.56568541481601
ENSSSCG00000020309,0.514016634064626,0.645825487625016
ENSSSCG00000017226,4.66286518044339,10.1632537263095
ENSSSCG00000017227,10.060039838122,10.2992169868621
ENSSSCG00000017230,19.7896404114881,12.202702634599
ENSSSCG00000017231,29.0419398246514,46.6014075544157
ENSSSCG00000017232,791.769193828832,364.483510726476
ENSSSCG00000017233,5.83776034401968,5.13261308586197
ENSSSCG00000037541,1.24832611129981,0.611834672486858
ENSSSCG00000035960,6.71893171670189,3.53504477436851
ENSSSCG00000020967,0.954602320405733,0.101972445414476
ENSSSCG00000017236,0.514016634064626,0.441880596796064
ENSSSCG00000033918,1.32175705902332,0.373898966519746
ENSSSCG00000040989,192.095359244723,226.88869104721
ENSSSCG00000059713,66.0878529511662,0.509862227072381
ENSSSCG00000021724,281.16709883335,252.755701367348
ENSSSCG00000024357,272.759255319007,300.138897669942
ENSSSCG00000017238,32.897064580136,45.8536096213762
ENSSSCG00000017239,247.462293828256,184.196227233682
ENSSSCG00000046071,27.8303291872133,14.1061882823359
ENSSSCG00000017245,95.7539558314674,141.77568994126
ENSSSCG00000027923,0.991317794267492,0.135963260552635
ENSSSCG00000039498,1.06474874199101,1.18967852983556
ENSSSCG00000032411,18.8350380910824,8.12380481801994
ENSSSCG00000035511,49.6393206610981,26.8527439591454
ENSSSCG00000038130,48.2808481282131,36.4721446432443
ENSSSCG00000036383,352.13810980813,103.19611475945
ENSSSCG00000017164,401.18998288744,244.665887364467
ENSSSCG00000017165,31.0612908870481,23.2837083696387
ENSSSCG00000017154,1.87248916694971,2.44733868994743
ENSSSCG00000053183,1.35847253288508,2.20940298398032
ENSSSCG00000060519,0.587447581788144,0.81577956331581
ENSSSCG00000017475,88.8881622193185,38.0357221395996
ENSSSCG00000017471,1.83577369308795,1.49559586607899
ENSSSCG00000017479,36.7521893356207,35.4524201890996
ENSSSCG00000017478,63.1873305160872,6.45825487625016
ENSSSCG00000017477,133.570893909079,145.820596942701
ENSSSCG00000017476,100.086381747155,116.180606142227
ENSSSCG00000036933,8.18755067117225,17.2333432750465
ENSSSCG00000035969,92.5229941316326,144.562936782589
ENSSSCG00000029102,174.91251747742,191.708197379215
ENSSSCG00000034694,0.220292843170554,0.475871411934223
ENSSSCG00000017488,2.71694506577016,4.35082433768432
ENSSSCG00000017489,112.826651177185,107.546939097134
ENSSSCG00000017492,55.3669345835325,52.4138369430408
ENSSSCG00000051406,1.24832611129981,0.237935705967111
ENSSSCG00000017135,19.8997868330734,2.95720091701981
ENSSSCG00000017206,74.789420256403,76.7852513971006
ENSSSCG00000017208,5.32374370995505,6.93412628818439
ENSSSCG00000017209,43.3609746307374,46.2614994030341
ENSSSCG00000035134,22.9104556897376,20.8023788645532
ENSSSCG00000017211,52.1726883575595,58.226266331666
ENSSSCG00000017207,16.9625489241326,17.335315720461
ENSSSCG00000055773,0.624163055649903,0.747797933039493
ENSSSCG00000017212,164.118168162063,144.664909228004
ENSSSCG00000017213,26.3984257066047,24.3714144540598
ENSSSCG00000028210,14.5026121753948,8.29375889371074
ENSSSCG00000017214,5.14016634064626,4.07889781657905
ENSSSCG00000017215,9.65616962564261,13.1884362736056
ENSSSCG00000031958,176.931868539817,94.4604752689432
ENSSSCG00000032166,90.3200656999271,87.0504775688246
ENSSSCG00000034406,39.762858192285,35.0445304074417
ENSSSCG00000017218,80.8107579697315,61.455393769791
ENSSSCG00000017219,200.503202759066,74.2699310768769
ENSSSCG00000023151,1.24832611129981,0.679816302763175
ENSSSCG00000051219,1.65219632377915,1.12169689955924
ENSSSCG00000061997,6.31506150422254,4.18087026199353
ENSSSCG00000017990,19.1287618819764,11.1149965501779
ENSSSCG00000017991,5.61746750084912,3.53504477436851
ENSSSCG00000043014,0.403870212479349,1.32564179038819
ENSSSCG00000061077,1.35847253288508,1.42761423580267
ENSSSCG00000017941,50.116621821301,53.9434236242579
ENSSSCG00000056199,0.403870212479349,1.18967852983556
ENSSSCG00000020152,0.73430947723518,1.39362342066451
ENSSSCG00000042233,7.89382688027818,5.47252123724356
ENSSSCG00000017747,5.94790676560496,6.79816302763175
ENSSSCG00000017748,39.6159962968379,44.8678759823696
ENSSSCG00000017749,1.24832611129981,0.54385304221054
ENSSSCG00000017750,2.0560665362585,0.951742823868445
ENSSSCG00000017752,464.377313403528,243.13630068325
ENSSSCG00000017753,37.7435071298882,37.3559058368365
ENSSSCG00000017754,102.91347323451,59.959797903712
ENSSSCG00000017755,6.68221624284013,16.7234810479741
ENSSSCG00000054714,4.73629612816691,2.48132950508559
ENSSSCG00000058976,0.330439264755831,1.93747646287505
ENSSSCG00000044226,163.971306266616,182.564668107051
ENSSSCG00000017505,73.3575167757944,79.436534977877
ENSSSCG00000017506,35.0632775379798,41.4687944685537
ENSSSCG00000017507,1.68891179764091,2.34536624453295
ENSSSCG00000017508,26.9124423406693,20.0205901163755
ENSSSCG00000017509,256.237292081216,191.164344337005
ENSSSCG00000017510,13.3277170118185,12.0667393740464
ENSSSCG00000017511,9.14215299157799,21.7541216884216
ENSSSCG00000040642,126.48480745376,70.225024075436
ENSSSCG00000038880,624.273202071488,545.926481933968
ENSSSCG00000037753,0.514016634064626,0.747797933039493
ENSSSCG00000021478,16.448532290068,16.1796280057636
ENSSSCG00000033291,49.4924587656511,56.5607163898962
ENSSSCG00000037606,36.2381727015561,34.8405855166127
ENSSSCG00000039198,54.8896334233297,59.7218621977449
ENSSSCG00000022187,15.7142228128328,20.3604982677571
ENSSSCG00000032478,190.36973197322,236.881990697828
ENSSSCG00000035677,0.73430947723518,0.917752008730286
ENSSSCG00000018056,8.66485183137512,15.1259127364806
ENSSSCG00000046446,1.98263558853498,3.94293455602642
ENSSSCG00000018057,25.6641162293695,25.7650378747243
ENSSSCG00000020884,0.807740424958698,1.22366934497372
ENSSSCG00000023263,28.638069612172,34.2967324744022
ENSSSCG00000017513,97.6264449984171,89.9396968555681
ENSSSCG00000017514,144.512105119883,146.262477539497
ENSSSCG00000057498,1.90920464081147,1.97146727801321
ENSSSCG00000017517,0.440585686341108,0.475871411934223
ENSSSCG00000017518,27.0960197099781,21.9920573943887
ENSSSCG00000017519,31.7221694165598,28.6542571614678
ENSSSCG00000017520,187.983226172206,156.527703711221
ENSSSCG00000017521,47.216099386222,26.4108633623493
ENSSSCG00000056800,0.807740424958698,1.52958668121714
ENSSSCG00000018058,13.2910015379568,11.5228863318358
ENSSSCG00000050904,0.771024951096939,1.46160505094083
ENSSSCG00000017515,7.08608645531948,8.63366704509232
ENSSSCG00000040509,6.75564719056365,5.67646612807251
ENSSSCG00000036944,13.0707086947862,13.2564179038819
ENSSSCG00000017294,101.261276910731,107.037076870062
ENSSSCG00000017296,77.4329343744497,87.0164867536864
ENSSSCG00000017297,177.482600647743,270.63487013002
ENSSSCG00000035742,19.9732177807969,43.4062709314287
ENSSSCG00000028698,61.0945485059669,72.7063535805216
ENSSSCG00000043202,0.991317794267492,1.83550401746057
ENSSSCG00000016726,0.624163055649903,0.849770378453969
ENSSSCG00000058216,19.2021928296999,10.5711435079674
ENSSSCG00000031144,12.4465456391363,11.1489873653161
ENSSSCG00000016732,33.9985287959888,35.6563650799285
ENSSSCG00000033190,109.37539663418,84.5011664334627
ENSSSCG00000016674,41.9290711501288,42.9983811497708
ENSSSCG00000016676,9.28901488702502,117.574229562891
ENSSSCG00000033514,4.55271875885811,40.890950611205
ENSSSCG00000016677,82.2426614503401,61.6253478454818
ENSSSCG00000016679,7.01265550759596,7.95385074232915
ENSSSCG00000016678,22.1027152647789,11.8627944832174
ENSSSCG00000016733,2.93723790894072,3.1271549927106
ENSSSCG00000016734,28.7482160337573,29.6059999853363
ENSSSCG00000016691,54.4490477369886,223.55759116367
ENSSSCG00000016692,293.46678257704,317.848112356923
ENSSSCG00000016695,42.3329413626081,41.9786566956261
ENSSSCG00000037116,29.2989481416837,23.5216440756059
ENSSSCG00000016686,53.3475835211358,52.0059471613829
ENSSSCG00000016687,15.6040763912476,11.8288036680792
ENSSSCG00000016688,20.3036570455527,4.79270493448038
ENSSSCG00000016690,7.01265550759596,3.26311825326324
ENSSSCG00000050056,0.477301160202867,1.01972445414476
ENSSSCG00000033266,21.9925688431936,31.2035682968297
ENSSSCG00000022557,0.73430947723518,1.01972445414476
ENSSSCG00000028523,16.5953941855151,17.6752238718426
ENSSSCG00000023801,50.5939229815039,54.0114052545343
ENSSSCG00000032734,29.8863957234718,16.9954075690794
ENSSSCG00000016720,1.50533442833212,0.407889781657905
ENSSSCG00000016721,89.6591871704154,64.2086497959819
ENSSSCG00000016722,22.4698700033965,20.4964615283097
ENSSSCG00000040519,49.3823123440658,53.8074603637053
ENSSSCG00000016724,20.413803467138,26.2749001017967
ENSSSCG00000016725,156.55478054654,130.048858718595
ENSSSCG00000054171,1.10146421585277,1.76752238718426
ENSSSCG00000022912,15.530645443524,16.6215086025596
ENSSSCG00000021250,170.873815352626,102.142399490167
ENSSSCG00000038919,6.64550076897838,9.34747416299366
ENSSSCG00000022464,32.5666253153802,33.2430172051193
ENSSSCG00000023445,57.4964320675146,56.4927347596199
ENSSSCG00000026064,12.2262527959657,12.3386658951516
ENSSSCG00000016668,0.220292843170554,1.01972445414476
ENSSSCG00000016671,1.13817968971453,0.475871411934223
ENSSSCG00000016672,1.76234274536443,5.67646612807251
ENSSSCG00000021204,44.2421460034196,5.23458553127645
ENSSSCG00000028997,108.200501470604,68.1515843520083
ENSSSCG00000016701,7.52667214166059,8.3277497088489
ENSSSCG00000016703,330.549411177416,242.524466010763
ENSSSCG00000016704,14.1354574367772,10.8430700290726
ENSSSCG00000016705,30.767567096154,30.2178346578231
ENSSSCG00000016706,5.94790676560496,7.64793340608572
ENSSSCG00000016707,0.073430947723518,0.645825487625016
ENSSSCG00000016708,44.6460162158989,49.0827370595012
ENSSSCG00000037598,34.6226918516387,9.82334557492788
ENSSSCG00000016711,35.2101394334269,36.0982456767246
ENSSSCG00000036350,1042.05857914444,1135.63313376588
ENSSSCG00000026894,7.71024951096939,10.5711435079674
ENSSSCG00000033313,0.257008317032313,0.407889781657905
ENSSSCG00000034622,0.183577369308795,0.373898966519746
ENSSSCG00000016714,65.7941291602721,68.1175935368701
ENSSSCG00000016715,85.0697529376956,114.922945982115
ENSSSCG00000016716,17.366419136612,17.6752238718426
ENSSSCG00000016717,6.64550076897838,11.9647669286319
ENSSSCG00000016719,1.10146421585277,1.97146727801321
ENSSSCG00000038792,9.03200656999271,9.85733639006604
ENSSSCG00000030388,4.14884854637876,6.15233754000673
ENSSSCG00000062187,3.52468549072886,3.22912743812508
ENSSSCG00000060491,0.660878529511662,0.883761193592128
ENSSSCG00000058908,3.96527117706997,5.40453960696724
ENSSSCG00000057040,6.90250908601069,9.51742823868445
ENSSSCG00000062314,0.660878529511662,0
ENSSSCG00000062135,0.257008317032313,1.01972445414476
ENSSSCG00000059937,15.0166288094594,17.9131595778097
ENSSSCG00000052662,2.71694506577016,7.10408036387518
ENSSSCG00000041810,0.220292843170554,0.475871411934223
ENSSSCG00000058238,4.11213307251701,7.95385074232915
ENSSSCG00000052052,0.991317794267492,1.52958668121714
ENSSSCG00000055692,6.46192339966958,10.911051659349
ENSSSCG00000058539,0.587447581788144,1.12169689955924
ENSSSCG00000062807,0.697594003373421,0.169954075690794
ENSSSCG00000062371,0.036715473861759,0.475871411934223
ENSSSCG00000059146,0.110146421585277,0.781788748177651
ENSSSCG00000051193,1.13817968971453,1.93747646287505
ENSSSCG00000061302,0.550732107926385,1.18967852983556
ENSSSCG00000060851,0.954602320405733,2.3113754293948
ENSSSCG00000035077,2.57008317032313,0.441880596796064
ENSSSCG00000016750,101.481569753902,75.7655269429559
ENSSSCG00000016751,21.9191378954701,14.3781148034412
ENSSSCG00000016747,154.24170569325,167.472746185708
ENSSSCG00000039535,0.587447581788144,0.475871411934223
ENSSSCG00000036443,1.06474874199101,0.135963260552635
ENSSSCG00000025060,20.8911046273409,21.3802227219019
ENSSSCG00000039582,112.900082124909,94.630429344634
ENSSSCG00000016760,20.3770879932762,24.7793042357177
ENSSSCG00000016753,22.1394307386407,16.0436647452109
ENSSSCG00000016754,271.107058995228,116.350560217917
ENSSSCG00000023820,80.9943353390403,78.2468564480415
ENSSSCG00000016743,1591.35878359022,1547.39786834954
ENSSSCG00000055501,3.15753075211127,3.19513662298692
ENSSSCG00000016744,103.904791028778,89.5318070739102
ENSSSCG00000016745,21.8089914738848,21.1422870159347
ENSSSCG00000016509,154.168274745526,180.933108980419
ENSSSCG00000016746,5.39717465767857,2.99119173215797
ENSSSCG00000038700,19.3857701990087,17.5732514264281
ENSSSCG00000031847,26.8390113929458,27.7704959678757
ENSSSCG00000037087,0.881171372682216,0.747797933039493
ENSSSCG00000016585,34.1453906914358,15.9077014846583
ENSSSCG00000016532,15.1267752310447,18.2870585443294
ENSSSCG00000048509,1.10146421585277,1.12169689955924
ENSSSCG00000040673,6.79236266442541,5.4385304221054
ENSSSCG00000053763,16.6321096593768,25.3571480930664
ENSSSCG00000056043,0.991317794267492,2.07343972342768
ENSSSCG00000016535,732.400272594368,511.35782293846
ENSSSCG00000016756,21.0746819966497,20.3944890828953
ENSSSCG00000027491,39.8730046138703,31.9853570450074
ENSSSCG00000016758,22.0659997909171,21.0743053856584
ENSSSCG00000039425,8.84842920068392,9.8913272052042
ENSSSCG00000016742,6.68221624284013,4.18087026199353
ENSSSCG00000040608,33.5579431096477,36.5401262735207
ENSSSCG00000016510,12.9238467993392,23.8275614118493
ENSSSCG00000016511,75.6338761552235,61.8632835514489
ENSSSCG00000016512,81.1779127083491,91.7072192427523
ENSSSCG00000032786,0.954602320405733,5.30256716155277
ENSSSCG00000016513,25.3336769646137,27.7025143375994
ENSSSCG00000045348,5.83776034401968,6.66219976707912
ENSSSCG00000016516,4.2957104418258,2.37935705967111
ENSSSCG00000016738,138.013466246352,125.630052750635
ENSSSCG00000016518,51.8422490928037,42.9303995194945
ENSSSCG00000016737,377.765510563638,376.108369503727
ENSSSCG00000016763,15.8978001821416,19.0348564773689
ENSSSCG00000016755,19.0920464081147,17.2333432750465
ENSSSCG00000016519,4.14884854637876,2.41334787480927
ENSSSCG00000035581,7.7836804586929,3.26311825326324
ENSSSCG00000016520,190.810317659561,88.851990771147
ENSSSCG00000016521,3.08409980438775,1.25766016011187
ENSSSCG00000048439,26.4718566543282,22.9777910333953
ENSSSCG00000016522,12.2996837436893,13.7662801309543
ENSSSCG00000032532,1.87248916694971,1.59756831149346
ENSSSCG00000030497,22.0659997909171,22.9438002182572
ENSSSCG00000038147,0.660878529511662,3.36509069867772
ENSSSCG00000016572,71.3014502395359,74.2699310768769
ENSSSCG00000016772,99.021633005164,79.1306176416336
ENSSSCG00000016571,1.57876537605564,1.05371526928292
ENSSSCG00000016573,4.73629612816691,4.11288863171721
ENSSSCG00000016574,4.14884854637876,2.95720091701981
ENSSSCG00000023540,2.20292843170554,3.84096211061194
ENSSSCG00000016577,33.2275038448919,35.5883834496522
ENSSSCG00000016578,322.214998610797,355.645898790555
ENSSSCG00000055672,29.1153707723749,27.7025143375994
ENSSSCG00000016773,20.9645355750644,22.3319655457703
ENSSSCG00000031870,5.69089844857264,5.64247531293435
ENSSSCG00000016775,40.0932974570408,40.2111343084418
ENSSSCG00000056306,2.27635937942906,3.36509069867772
ENSSSCG00000034873,9.06872204385447,8.22577726343442
ENSSSCG00000016579,29.6661028803013,25.4931113536191
ENSSSCG00000039041,4.07541759865525,3.73898966519746
ENSSSCG00000039661,10.9044957369424,2.20940298398032
ENSSSCG00000016581,291.667724357813,153.978392575859
ENSSSCG00000040257,24.2322127487609,28.9261836825731
ENSSSCG00000055239,38.2942392378146,42.5225097378366
ENSSSCG00000061542,12.2996837436893,12.8825189373622
ENSSSCG00000040690,23.5713342192493,26.2409092866586
ENSSSCG00000033708,55.5872274267031,66.3160803345477
ENSSSCG00000035419,43.8382757909402,42.2165924015932
ENSSSCG00000037391,6.16819960877551,6.45825487625016
ENSSSCG00000055529,0.624163055649903,0.951742823868445
ENSSSCG00000032464,5.28702823609329,5.88041101890146
ENSSSCG00000016582,0.403870212479349,1.25766016011187
ENSSSCG00000054843,0.587447581788144,0.509862227072381
ENSSSCG00000016583,0.440585686341108,0.475871411934223
ENSSSCG00000059070,0.844455898820457,0.645825487625016
ENSSSCG00000045735,28.7115005598955,13.2564179038819
ENSSSCG00000053852,50.5939229815039,75.5955728672651
ENSSSCG00000057617,0.073430947723518,0.747797933039493
ENSSSCG00000049289,0.257008317032313,0.645825487625016
ENSSSCG00000044483,2.71694506577016,2.17541216884216
ENSSSCG00000055825,2.79037601349368,5.16660390100013
ENSSSCG00000060436,0,0.509862227072381
ENSSSCG00000052516,0.440585686341108,0.169954075690794
ENSSSCG00000060770,0.257008317032313,0.339908151381588
ENSSSCG00000031109,7.30637929849004,7.27403443956597
ENSSSCG00000059260,0.660878529511662,0
ENSSSCG00000062093,1.83577369308795,1.18967852983556
ENSSSCG00000054993,1.17489516357629,2.24339379911848
ENSSSCG00000039290,168.927895237953,183.992282342853
ENSSSCG00000019018,0.881171372682216,0.781788748177651
ENSSSCG00000036403,2.97395338280248,3.02518254729613
ENSSSCG00000016527,5.94790676560496,9.38146497813181
ENSSSCG00000056374,17.4031346104738,12.7465556768095
ENSSSCG00000030386,33.7415204789565,30.5917336243429
ENSSSCG00000016617,0.073430947723518,0.577843857348699
ENSSSCG00000016618,39.6894272445615,37.2199425762838
ENSSSCG00000016626,43.3242591568756,58.4642020376331
ENSSSCG00000016619,11.27165047556,9.27949253271734
ENSSSCG00000016620,10.5006255244631,5.13261308586197
ENSSSCG00000024351,53.2007216256888,83.7533685004232
ENSSSCG00000016634,99.7192270085374,96.9418047740288
ENSSSCG00000016635,55.6606583744266,63.6308059386332
ENSSSCG00000040344,186.771615534768,79.1985992719099
ENSSSCG00000038138,1.68891179764091,1.7335315720461
ENSSSCG00000016621,4.9198734974757,2.10743053856584
ENSSSCG00000016625,15.23692165263,25.7310470595862
ENSSSCG00000016628,220.770144330757,29.6059999853363
ENSSSCG00000016629,34.1821061652976,29.1981102036784
ENSSSCG00000028113,124.465456391363,140.755965487115
ENSSSCG00000016613,24.8196603305491,17.2333432750465
ENSSSCG00000016614,0.917886846543975,8.46371296940153
ENSSSCG00000016616,120.206461423399,114.990927612391
ENSSSCG00000016590,232.188656701764,127.499547583233
ENSSSCG00000016593,37.7435071298882,41.332831208001
ENSSSCG00000035211,9.61945415178085,8.3277497088489
ENSSSCG00000024157,13.4745789072655,15.9416922997965
ENSSSCG00000022865,1.10146421585277,0.305917336243429
ENSSSCG00000016597,14.9064823878741,14.9559586607899
ENSSSCG00000021354,32.2729015244861,35.0785212225798
ENSSSCG00000016599,0.550732107926385,5.30256716155277
ENSSSCG00000027118,2.42322127487609,4.14687944685537
ENSSSCG00000016603,1.72562727150267,2.37935705967111
ENSSSCG00000016604,73.8715334098591,65.6702548469227
ENSSSCG00000016541,7.12280192918124,9.61940068409893
ENSSSCG00000016605,0.73430947723518,0.305917336243429
ENSSSCG00000016606,12.4098301652745,8.66765786023048
ENSSSCG00000016542,8.51798993592808,9.34747416299366
ENSSSCG00000037869,49.05187307931,55.235074599508
ENSSSCG00000016543,12.336399217551,9.92531802034236
ENSSSCG00000016545,38.5145320809852,38.9874649634681
ENSSSCG00000016608,25.443823386199,21.5841676127308
ENSSSCG00000016609,11.6755206880394,13.9362342066451
ENSSSCG00000021562,2.27635937942906,2.141421353704
ENSSSCG00000016548,75.7440225768088,111.455882838023
ENSSSCG00000016549,38.9184022934645,47.5531503782841
ENSSSCG00000016611,58.4877498617821,63.9367232748766
ENSSSCG00000016551,0.514016634064626,0.101972445414476
ENSSSCG00000016553,71.0077264486419,62.1692008876924
ENSSSCG00000021466,23.3877568499405,18.5929758805728
ENSSSCG00000016643,16.7422560809621,12.6445832313951
ENSSSCG00000016639,0.844455898820457,0.203944890828953
ENSSSCG00000016554,14.9431978617359,6.73018139735543
ENSSSCG00000037368,0.477301160202867,0.54385304221054
ENSSSCG00000036149,0,0.781788748177651
ENSSSCG00000016556,59.8462223946671,51.2921400434816
ENSSSCG00000057639,13.8050181720214,12.5766016011187
ENSSSCG00000053695,0.257008317032313,0.747797933039493
ENSSSCG00000062848,1.17489516357629,1.83550401746057
ENSSSCG00000055335,8.51798993592808,10.0272904657568
ENSSSCG00000058780,1.65219632377915,5.23458553127645
ENSSSCG00000021885,11.1615040539747,9.04155682675023
ENSSSCG00000059863,2.57008317032313,7.95385074232915
ENSSSCG00000061899,9.03200656999271,8.39573133912521
ENSSSCG00000016652,3.23096169983479,1.29165097525003
ENSSSCG00000063241,2.71694506577016,5.40453960696724
ENSSSCG00000016557,1.10146421585277,0.781788748177651
ENSSSCG00000056966,0.587447581788144,1.1556877146974
ENSSSCG00000016653,89.6959026442772,33.2770080202574
ENSSSCG00000052285,0.257008317032313,0.373898966519746
ENSSSCG00000038158,21.7355605261613,22.909809403119
ENSSSCG00000058042,45.4904721147194,41.5707669139682
ENSSSCG00000016562,1.4319034806086,0.951742823868445
ENSSSCG00000016563,17.4398500843355,15.5677933332767
ENSSSCG00000016657,0.917886846543975,0.203944890828953
ENSSSCG00000027131,115.139726030476,112.2376715862
ENSSSCG00000016565,21.5152676829908,19.3067829984742
ENSSSCG00000016658,12.7035539561686,6.18632835514489
ENSSSCG00000016564,202.485838347601,221.72208714621
ENSSSCG00000016566,44.5358697943136,66.791951746482
ENSSSCG00000062966,9.61945415178085,13.5623352401253
ENSSSCG00000016567,9.06872204385447,11.6588495923885
ENSSSCG00000016568,20.8176736796173,23.3516899999151
ENSSSCG00000016569,66.6018695852308,103.57001372597
ENSSSCG00000016570,31.2081527824951,22.5019196214611
ENSSSCG00000048237,3.15753075211127,2.48132950508559
ENSSSCG00000055563,14.9799133355977,20.9383421251058
ENSSSCG00000057454,50.3001991906098,70.5989230419557
ENSSSCG00000043139,0.293723790894072,0.407889781657905
ENSSSCG00000059355,0.73430947723518,0.883761193592128
ENSSSCG00000052265,16.4852477639298,21.8221033186979
ENSSSCG00000016659,29.2255171939601,22.8078369577045
ENSSSCG00000062788,27.426458974734,35.6563650799285
ENSSSCG00000050311,1.24832611129981,1.12169689955924
ENSSSCG00000042281,0.73430947723518,0.509862227072381
ENSSSCG00000039703,33.5579431096477,30.8636601454481
ENSSSCG00000049100,1.06474874199101,0.0679816302763175
ENSSSCG00000052099,0.587447581788144,0.883761193592128
ENSSSCG00000016661,180.052683818066,171.925542968807
ENSSSCG00000056099,0.220292843170554,1.93747646287505
ENSSSCG00000047982,1.72562727150267,0.54385304221054
ENSSSCG00000054055,0.514016634064626,0.27192652110527
ENSSSCG00000027389,33.4477966880624,32.2912743812508
ENSSSCG00000027063,129.4220453627,49.0147554292249
ENSSSCG00000016664,14.3557502799478,12.6105924162569
ENSSSCG00000016646,45.4537566408576,24.0654971178164
ENSSSCG00000025910,63.1506150422254,55.031129708679
ENSSSCG00000025602,11.0146421585277,14.2081607277504
ENSSSCG00000016665,38.0372309207823,50.2044339590605
ENSSSCG00000024754,27.7936137133515,47.0432881512117
ENSSSCG00000057236,11.7122361619011,9.82334557492788
ENSSSCG00000052558,4.69958065430515,4.79270493448038
ENSSSCG00000059039,0.881171372682216,1.7335315720461
ENSSSCG00000042721,0.807740424958698,0.577843857348699
ENSSSCG00000051034,2.64351411804665,4.4527967830988
ENSSSCG00000062498,0.073430947723518,0.54385304221054
ENSSSCG00000057438,2.57008317032313,4.75871411934223
ENSSSCG00000052053,2.16621295784378,2.3113754293948
ENSSSCG00000016443,26.3249947588812,4.99664982530934
ENSSSCG00000016444,34.4758299561917,8.83761193592128
ENSSSCG00000024431,1.98263558853498,1.5635774963553
ENSSSCG00000016450,16.0446620775887,17.6072422415662
ENSSSCG00000016448,36.715473861759,86.2686888206469
ENSSSCG00000028169,7.30637929849004,8.05582318774363
ENSSSCG00000026661,5.14016634064626,4.79270493448038
ENSSSCG00000033272,124.538887339086,120.259503958806
ENSSSCG00000027024,10.5373409983248,7.44398851525677
ENSSSCG00000027986,42.957104418258,48.5048932021525
ENSSSCG00000016437,5.25031276223153,1.93747646287505
ENSSSCG00000016438,71.0811573963654,80.5582318774362
ENSSSCG00000016435,35.3202858550121,47.4851687480078
ENSSSCG00000016436,53.164006151827,28.1443949343954
ENSSSCG00000016441,39.1019796627733,35.3844385588233
ENSSSCG00000025737,0.073430947723518,1.42761423580267
ENSSSCG00000029241,0.257008317032313,1.01972445414476
ENSSSCG00000016409,98.0303152108965,91.1633662005418
ENSSSCG00000044842,0.220292843170554,0.611834672486858
ENSSSCG00000016411,47.987124337319,34.2287508441259
ENSSSCG00000016412,21.4418367352672,24.3034328237835
ENSSSCG00000016414,13.7315872242979,10.5711435079674
ENSSSCG00000057427,45.5639030624429,67.7097037552122
ENSSSCG00000061194,12.4832611129981,18.0151320232241
ENSSSCG00000016403,18.7616071433588,6.22031917028305
ENSSSCG00000038486,85.6572005194837,98.9472628671801
ENSSSCG00000016406,167.018690597142,186.371639402524
ENSSSCG00000039407,1.72562727150267,2.20940298398032
ENSSSCG00000033909,11.6755206880394,8.7356394905068
ENSSSCG00000027196,1.79905821922619,2.54931113536191
ENSSSCG00000027826,10.5006255244631,8.70164867536864
ENSSSCG00000031897,3.59811643845238,0.679816302763175
ENSSSCG00000016451,5.50732107926385,0.577843857348699
ENSSSCG00000016452,4.99330444519922,2.00545809315137
ENSSSCG00000016453,91.2012370726093,84.7730929545679
ENSSSCG00000032422,4.84644254975219,3.73898966519746
ENSSSCG00000016420,55.7708047960119,52.2778736824882
ENSSSCG00000025221,21.1481129443732,20.9383421251058
ENSSSCG00000016423,6.31506150422254,23.7935705967111
ENSSSCG00000016426,47.3262458078073,113.121432779792
ENSSSCG00000032315,1.54204990219388,3.39908151381588
ENSSSCG00000020663,92.8534333963885,139.464314511865
ENSSSCG00000016430,120.720478057464,115.500789839463
ENSSSCG00000016431,2.57008317032313,1.18967852983556
ENSSSCG00000016432,167.495991757344,166.249076840734
ENSSSCG00000016434,98.8747711097169,77.1931411787585
ENSSSCG00000016487,3.047384330526,11.1149965501779
ENSSSCG00000034639,2.09278201012026,6.22031917028305
ENSSSCG00000016488,20.4872344148615,28.8582020522968
ENSSSCG00000016489,0.293723790894072,1.80151320232241
ENSSSCG00000016491,43.8382757909402,47.0772789663499
ENSSSCG00000016492,19.349054725147,18.8309115865399
ENSSSCG00000016493,0.477301160202867,0.713807117901334
ENSSSCG00000016498,93.2940190827296,104.759692255805
ENSSSCG00000038693,7.37981024621356,9.65339149923709
ENSSSCG00000032266,40.5705986172437,36.0642548615864
ENSSSCG00000016501,26.8022959190841,61.9312651817252
ENSSSCG00000016502,74.5691274132325,58.6001652981857
ENSSSCG00000016504,1.57876537605564,0.577843857348699
ENSSSCG00000026733,8.51798993592808,14.8539862153754
ENSSSCG00000016459,12.0793909005187,9.65339149923709
ENSSSCG00000016461,246.470976033988,299.934952779113
ENSSSCG00000028274,1.06474874199101,1.35963260552635
ENSSSCG00000056050,0.440585686341108,1.22366934497372
ENSSSCG00000016464,31.2081527824951,39.4633363754023
ENSSSCG00000031799,8.29769709275753,6.45825487625016
ENSSSCG00000035615,30.0332576189188,43.474252561705
ENSSSCG00000062134,0.550732107926385,0.713807117901334
ENSSSCG00000016469,2.75366053963192,11.7608220378029
ENSSSCG00000016473,8.73828277909864,21.4482043521782
ENSSSCG00000052350,0.697594003373421,1.08770608442108
ENSSSCG00000044150,0.36715473861759,0.611834672486858
ENSSSCG00000016475,0.257008317032313,0.407889781657905
ENSSSCG00000032249,4.99330444519922,1.80151320232241
ENSSSCG00000025610,50.5939229815039,73.4881423286992
ENSSSCG00000028266,30.5839897268452,20.564443158586
ENSSSCG00000024184,71.4115966611212,54.6232399270211
ENSSSCG00000021475,139.408654253099,167.200819664603
ENSSSCG00000024070,15.383783548077,18.3890309897439
ENSSSCG00000052416,0.771024951096939,0.81577956331581
ENSSSCG00000054207,24.3056436964844,32.8691182385995
ENSSSCG00000053771,3.63483191231414,5.0306406404475
ENSSSCG00000044134,0.550732107926385,0.27192652110527
ENSSSCG00000046607,6.71893171670189,5.98238346431594
ENSSSCG00000057480,0.587447581788144,0.27192652110527
ENSSSCG00000056098,0.073430947723518,0.611834672486858
ENSSSCG00000055319,0.660878529511662,1.86949483259873
ENSSSCG00000049625,0.073430947723518,0.509862227072381
ENSSSCG00000058774,1.39518800674684,3.39908151381588
ENSSSCG00000042794,0.257008317032313,1.12169689955924
ENSSSCG00000013470,25.6641162293695,26.1729276563822
ENSSSCG00000016494,53.7881692074769,68.0496119065938
ENSSSCG00000032390,34.5492609039152,36.3361813826917
ENSSSCG00000016496,27.7936137133515,33.7868702473298
ENSSSCG00000053346,3.81840928162293,3.05917336243429
ENSSSCG00000016497,65.4269744216545,46.7033799998301
ENSSSCG00000061806,15.383783548077,20.2585258223426
ENSSSCG00000037158,30.6941361484305,27.5665510770467
ENSSSCG00000016682,26.8022959190841,29.6399908004744
ENSSSCG00000037575,24.7095139089638,26.7847623288691
ENSSSCG00000052320,0.220292843170554,0.475871411934223
ENSSSCG00000016684,7.74696498483114,12.202702634599
ENSSSCG00000016685,8.40784351434281,100.136941397016
ENSSSCG00000021652,12.4098301652745,15.4998117030004
ENSSSCG00000050786,2.34979032715257,2.7192652110527
ENSSSCG00000016768,14.319034806086,9.85733639006604
ENSSSCG00000053511,0.844455898820457,1.90348564773689
ENSSSCG00000062889,2.42322127487609,6.28830080055937
ENSSSCG00000016769,52.4664121484536,67.1998415281399
ENSSSCG00000061204,3.34110812142007,6.18632835514489
ENSSSCG00000039365,4.55271875885811,3.73898966519746
ENSSSCG00000039144,4.80972707589043,4.89467737989486
ENSSSCG00000038226,0.697594003373421,0.849770378453969
ENSSSCG00000031398,3.30439264755831,1.66554994176978
ENSSSCG00000033858,1.21161063743805,1.29165097525003
ENSSSCG00000055885,87.5296896864334,82.8356164916929
ENSSSCG00000056055,0.514016634064626,0.101972445414476
ENSSSCG00000036122,0.954602320405733,0.54385304221054
ENSSSCG00000038192,0.477301160202867,0.81577956331581
ENSSSCG00000059288,0.440585686341108,0.509862227072381
ENSSSCG00000057434,0.477301160202867,0.441880596796064
ENSSSCG00000051336,1.21161063743805,2.10743053856584
ENSSSCG00000036124,0.220292843170554,0.509862227072381
ENSSSCG00000018061,48.6480028668307,34.6706314409219
ENSSSCG00000018063,158.537416135075,85.2829551816403
ENSSSCG00000018065,1470.27115079414,1495.18797629733
ENSSSCG00000018069,1826.00737704072,1762.79766388005
ENSSSCG00000018072,1.39518800674684,0.441880596796064
ENSSSCG00000018073,6.09476866105199,1.80151320232241
ENSSSCG00000018075,11794.074953139,13052.9148936498
ENSSSCG00000018076,12.3731146914128,12.5086199708424
ENSSSCG00000018078,4805.68837376563,5112.21859677908
ENSSSCG00000018080,252.345451851869,313.4632972041
ENSSSCG00000018081,5844.846430475,6416.6841093362
ENSSSCG00000018082,6964.30122852003,7226.48128918769
ENSSSCG00000018084,614.617032445845,479.848337305387
ENSSSCG00000018086,194.628726941184,180.35526512307
ENSSSCG00000018087,2718.4504001985,2370.17953958381
ENSSSCG00000018091,2690.5099245897,2968.4178860154
ENSSSCG00000018092,1513.59540995101,1372.48113364857
ENSSSCG00000018093,0.403870212479349,0.27192652110527
ENSSSCG00000018094,3387.99378154153,3246.93862525748
ENSSSCG00000055777,6.27834603036079,3.26311825326324
ENSSSCG00000033720,33.7048050050947,18.8309115865399
ENSSSCG00000036444,1.35847253288508,1.01972445414476
ENSSSCG00000037334,30.6574206745687,24.1674695632309
ENSSSCG00000002554,4.88315802361394,4.24885189226984
ENSSSCG00000035669,10.0967553119837,8.83761193592128
ENSSSCG00000040365,18.0640131399854,17.777196317257
ENSSSCG00000002559,22.8370247420141,26.1049460261059
ENSSSCG00000036892,0.440585686341108,0.27192652110527
ENSSSCG00000002558,144.585536067607,147.010275472537
ENSSSCG00000002555,55.8442357437354,35.8263191556193
ENSSSCG00000002557,65.9409910557191,111.86377261968
ENSSSCG00000032544,140.326541099643,156.629676156636
ENSSSCG00000038713,169.038041659538,177.024165239531
ENSSSCG00000037142,310.466046975034,378.691671454227
ENSSSCG00000040089,18.5045988263265,10.5371526928292
ENSSSCG00000039825,0,0.849770378453969
ENSSSCG00000039537,0,0.509862227072381
ENSSSCG00000031132,22.0659997909171,23.8615522269874
ENSSSCG00000039139,151.120890415,160.06274848559
ENSSSCG00000060584,1.06474874199101,0.611834672486858
ENSSSCG00000056525,1.90920464081147,0.81577956331581
ENSSSCG00000063511,7.26966382462828,16.0436647452109
ENSSSCG00000058302,0.403870212479349,6.25430998542121
ENSSSCG00000053053,12.8137003777539,6.15233754000673
ENSSSCG00000036983,0.257008317032313,0.781788748177651
ENSSSCG00000040849,0.550732107926385,0.237935705967111
ENSSSCG00000031710,60.3602390287318,75.799517758094
ENSSSCG00000035555,54.0084620506475,65.0244293592977
ENSSSCG00000037671,80.7006115481462,95.9560711350222
ENSSSCG00000036990,0.293723790894072,0.441880596796064
ENSSSCG00000002540,90.6872204385447,84.9430470302587
ENSSSCG00000040738,389.955047885742,517.782086999572
ENSSSCG00000002536,0.807740424958698,2.37935705967111
ENSSSCG00000002535,2286.4928502149,3183.30781931884
ENSSSCG00000002533,33.9250978482653,37.4918690973891
ENSSSCG00000002531,55.4036500573943,55.7109460114422
ENSSSCG00000002532,14.9064823878741,15.3298576273096
ENSSSCG00000002530,28.0873375042456,29.5720091701981
ENSSSCG00000002528,46.1146351703693,50.5783329255802
ENSSSCG00000039713,6.3517769780843,5.26857634641461
ENSSSCG00000002526,59.8829378685289,60.2997060550936
ENSSSCG00000002525,85.1798993592808,91.1633662005418
ENSSSCG00000002523,173.297036627502,175.018707146379
ENSSSCG00000036871,15.4939299696623,10.5711435079674
ENSSSCG00000036612,17.9538667184001,10.8430700290726
ENSSSCG00000036820,17.4765655581973,23.6915981512966
ENSSSCG00000045485,61.2046949275522,66.9958966373109
ENSSSCG00000002552,1.24832611129981,0.407889781657905
ENSSSCG00000039553,6.57206982125486,4.14687944685537
ENSSSCG00000035093,10.2803326812925,13.6303168704017
ENSSSCG00000058170,3.96527117706997,2.82123765646718
ENSSSCG00000052434,4.51600328499635,2.68527439591454
ENSSSCG00000055564,2.79037601349368,12.5426107859806
ENSSSCG00000050849,0.257008317032313,0.407889781657905
ENSSSCG00000054269,0.514016634064626,0.169954075690794
ENSSSCG00000056138,0.440585686341108,0.339908151381588
ENSSSCG00000055300,2.2396439055673,1.35963260552635
ENSSSCG00000042471,2.12949748398202,2.03944890828953
ENSSSCG00000034335,0.36715473861759,0.441880596796064
ENSSSCG00000037775,57.6065784890998,30.3537979183758
ENSSSCG00000034709,155.893902017029,144.766881673418
ENSSSCG00000021669,64.9863887353134,69.0353455456004
ENSSSCG00000021220,226.90162846567,395.925014729273
ENSSSCG00000034738,16.0079466037269,16.2476096360399
ENSSSCG00000054301,21.2949748398202,18.0831136535005
ENSSSCG00000002547,143.557502799478,180.491228383623
ENSSSCG00000063242,0.514016634064626,0.611834672486858
ENSSSCG00000002546,16.6688251332386,27.2606337408033
ENSSSCG00000040945,57.129277328897,44.4259953855735
ENSSSCG00000002544,45.7107649578899,52.2778736824882
ENSSSCG00000037197,29.702818354163,31.9513662298692
ENSSSCG00000010892,2.01935106239674,0.849770378453969
ENSSSCG00000010893,89.9161954874477,99.3891434639762
ENSSSCG00000000959,51.8789645666654,41.1288863171721
ENSSSCG00000025780,29.702818354163,30.6597152546192
ENSSSCG00000038943,122.372674381243,165.637242168248
ENSSSCG00000039745,5.7276139224344,3.84096211061194
ENSSSCG00000031155,94.8727844587852,46.3634718484485
ENSSSCG00000062740,1.50533442833212,1.12169689955924
ENSSSCG00000022823,6.68221624284013,3.22912743812508
ENSSSCG00000005761,29.1153707723749,37.049988500593
ENSSSCG00000033162,102.91347323451,107.648911542549
ENSSSCG00000040042,3.59811643845238,0.611834672486858
ENSSSCG00000005753,98.7646246881317,107.309003391167
ENSSSCG00000005759,37.5599297605794,28.688247976606
ENSSSCG00000036914,111.064308431821,119.273770319799
ENSSSCG00000005762,3.37782359528183,1.69954075690794
ENSSSCG00000040967,15.7876537605564,19.3067829984742
ENSSSCG00000005756,1.90920464081147,0.0679816302763175
ENSSSCG00000039855,1.24832611129981,0
ENSSSCG00000054117,6.27834603036079,1.12169689955924
ENSSSCG00000044239,15.4204990219388,2.141421353704
ENSSSCG00000046512,10.4271945767396,10.8090792139345
ENSSSCG00000054801,8.81171372682216,12.5426107859806
ENSSSCG00000031630,20.560665362585,18.3210493594676
ENSSSCG00000052504,27.7568982394898,26.2409092866586
ENSSSCG00000034978,137.279156769117,141.605735865569
ENSSSCG00000037880,124.281879022054,142.183579722918
ENSSSCG00000005852,1.57876537605564,1.35963260552635
ENSSSCG00000033685,5.98462223946671,8.59967622995416
ENSSSCG00000005855,15.0533442833212,14.7520137699609
ENSSSCG00000005846,86.4649409444424,77.3630952544493
ENSSSCG00000005844,2.57008317032313,1.86949483259873
ENSSSCG00000005845,10.0967553119837,5.94839264917778
ENSSSCG00000037046,371.707457376448,426.414775908202
ENSSSCG00000040105,12.189537322104,11.1829781804542
ENSSSCG00000005856,1.65219632377915,0.849770378453969
ENSSSCG00000005857,3.63483191231414,2.44733868994743
ENSSSCG00000005858,3.01066885666424,3.50105395923035
ENSSSCG00000044438,0.587447581788144,0.781788748177651
ENSSSCG00000005859,36.7521893356207,32.4612284569416
ENSSSCG00000034562,33.8516669005418,36.1662273070009
ENSSSCG00000036027,6.46192339966958,8.02183237260547
ENSSSCG00000040396,22.8003092681523,26.1389368412441
ENSSSCG00000032828,51.328232458739,47.1792514117643
ENSSSCG00000031168,0.660878529511662,1.12169689955924
ENSSSCG00000032509,4.22227949410228,13.2224270887438
ENSSSCG00000039834,0.403870212479349,2.00545809315137
ENSSSCG00000027526,3.30439264755831,3.73898966519746
ENSSSCG00000033991,147.302481133377,112.169689955924
ENSSSCG00000039830,11.1615040539747,12.4406383405661
ENSSSCG00000040003,29.84968024961,28.7562296068823
ENSSSCG00000032279,1.65219632377915,0.475871411934223
ENSSSCG00000032303,2.12949748398202,2.37935705967111
ENSSSCG00000034566,52.7234204654859,82.0198369283771
ENSSSCG00000039264,583.262017767903,788.586911205283
ENSSSCG00000037395,7.93054235413994,9.7213731295134
ENSSSCG00000053158,2.01935106239674,2.3113754293948
ENSSSCG00000040080,43.7281293693549,75.3236463461598
ENSSSCG00000040164,0.844455898820457,1.90348564773689
ENSSSCG00000005840,2.12949748398202,3.67100803492115
ENSSSCG00000005838,42.2595104148846,57.4104867683501
ENSSSCG00000038203,84.4088744081839,98.8452904217657
ENSSSCG00000005832,211.150690178976,306.393207655363
ENSSSCG00000057521,2.27635937942906,6.15233754000673
ENSSSCG00000005841,67.2994635886042,64.7525028381924
ENSSSCG00000005830,2.27635937942906,1.59756831149346
ENSSSCG00000005842,24.2322127487609,37.049988500593
ENSSSCG00000038233,1.10146421585277,0.985733639006604
ENSSSCG00000021963,1.98263558853498,1.22366934497372
ENSSSCG00000005834,3.37782359528183,2.41334787480927
ENSSSCG00000005835,1.72562727150267,3.26311825326324
ENSSSCG00000005836,0.73430947723518,1.52958668121714
ENSSSCG00000005837,32.0158932074538,35.2144844831325
ENSSSCG00000005828,27.7936137133515,19.1028381076452
ENSSSCG00000038509,24.7095139089638,30.5917336243429
ENSSSCG00000034854,230.242736587091,170.531919548142
ENSSSCG00000040869,40.7174605126907,47.5531503782841
ENSSSCG00000031413,75.3768678381912,68.2875476125609
ENSSSCG00000035221,30.7308516222923,31.1015958514153
ENSSSCG00000038262,48.0605552850425,40.8229689809287
ENSSSCG00000031715,13.6948717504361,6.424264061112
ENSSSCG00000034732,15.9345156560034,9.55141905382261
ENSSSCG00000039487,26.6187185497753,28.4503122706389
ENSSSCG00000034036,90.2833502260653,104.181848398457
ENSSSCG00000040163,41.0846152513083,40.5170516446852
ENSSSCG00000054336,5.9111912917432,6.15233754000673
ENSSSCG00000038437,79.7092937538788,78.1108931874888
ENSSSCG00000039824,101.628431649349,106.799141164095
ENSSSCG00000033493,1.57876537605564,1.83550401746057
ENSSSCG00000044568,1.21161063743805,1.35963260552635
ENSSSCG00000005839,53.6045918381681,59.7218621977449
ENSSSCG00000018620,0.220292843170554,0.441880596796064
ENSSSCG00000038609,0.73430947723518,0.441880596796064
ENSSSCG00000049640,6.16819960877551,5.81242938862515
ENSSSCG00000044955,0.146861895447036,0.407889781657905
ENSSSCG00000032029,29.0786552985131,30.5237519940666
ENSSSCG00000030088,1.87248916694971,0.849770378453969
ENSSSCG00000037174,30.1066885666424,43.5422341919814
ENSSSCG00000035911,2.0560665362585,1.46160505094083
ENSSSCG00000032986,127.916710934368,95.6161629836406
ENSSSCG00000055271,1.21161063743805,3.2971090684014
ENSSSCG00000033673,794.63300079005,615.539671336917
ENSSSCG00000031488,54.7794870017444,42.7944362589419
ENSSSCG00000038870,59.258774812879,84.2972215426337
ENSSSCG00000007830,114.111692762347,160.368665821833
ENSSSCG00000021418,174.28835442177,106.187306491608
ENSSSCG00000029847,0.293723790894072,0.407889781657905
ENSSSCG00000028022,329.337800539978,199.01622263392
ENSSSCG00000022575,39.762858192285,36.4381538281062
ENSSSCG00000026140,39.3957034536674,52.3798461279026
ENSSSCG00000035657,76.8087713187998,76.003462648923
ENSSSCG00000040897,46.9590910691897,52.6177818338697
ENSSSCG00000033116,21.0746819966497,21.6521492430071
ENSSSCG00000026344,31.1347218347716,35.9962732313101
ENSSSCG00000055020,0.257008317032313,0.747797933039493
ENSSSCG00000042889,12.0793909005187,26.988707219698
ENSSSCG00000051245,37.9637999730588,47.3492054874551
ENSSSCG00000050753,0.697594003373421,0.81577956331581
ENSSSCG00000039476,1.6154808499174,1.83550401746057
ENSSSCG00000031130,33.3376502664772,33.5829253565008
ENSSSCG00000059460,0.587447581788144,0.339908151381588
ENSSSCG00000061150,0.587447581788144,0.203944890828953
ENSSSCG00000053365,0.403870212479349,0.339908151381588
ENSSSCG00000038556,3.96527117706997,2.20940298398032
ENSSSCG00000034039,70.3468479191302,51.4620941191723
ENSSSCG00000035675,80.9576198651786,96.0580435804366
ENSSSCG00000026890,263.543671379706,123.760557918036
ENSSSCG00000047232,94.3587678247206,37.9337496941852
ENSSSCG00000000223,4.36914138954932,3.84096211061194
ENSSSCG00000061033,24.2322127487609,28.3143490100862
ENSSSCG00000022674,0.550732107926385,0.101972445414476
ENSSSCG00000000220,32.9337800539978,48.9127829838104
ENSSSCG00000031206,83.6745649309487,120.667393740464
ENSSSCG00000037029,32.3830479460714,52.3118644976263
ENSSSCG00000032096,54.375616789265,79.8784155746731
ENSSSCG00000043595,1.94592011467323,1.18967852983556
ENSSSCG00000036726,2.8638069612172,1.18967852983556
ENSSSCG00000035428,5.32374370995505,4.55476922851327
ENSSSCG00000062013,0.587447581788144,0.169954075690794
ENSSSCG00000035307,0.73430947723518,0.237935705967111
ENSSSCG00000058484,5.76432939629616,1.1556877146974
ENSSSCG00000028124,38.698109450294,35.3164569285469
ENSSSCG00000055473,9.47259225633382,8.19178644829626
ENSSSCG00000048420,11.0146421585277,13.6303168704017
ENSSSCG00000057952,1.6154808499174,0.883761193592128
ENSSSCG00000001219,89.6591871704154,48.5388840172907
ENSSSCG00000057691,0.257008317032313,0.339908151381588
ENSSSCG00000040497,0.293723790894072,0.577843857348699
ENSSSCG00000034543,0.403870212479349,0.475871411934223
ENSSSCG00000060872,2.01935106239674,0.611834672486858
ENSSSCG00000062467,0.550732107926385,0.27192652110527
ENSSSCG00000051841,1.98263558853498,0.305917336243429
ENSSSCG00000028527,103.207197025404,51.1221859677908
ENSSSCG00000038869,15.1267752310447,6.28830080055937
ENSSSCG00000061568,3.85512475548469,3.43307232895403
ENSSSCG00000038178,10.4639100506013,9.7213731295134
ENSSSCG00000036947,39.6159962968379,42.9643903346327
ENSSSCG00000015833,14.5760431231183,14.7520137699609
ENSSSCG00000036062,3.45125454300534,3.63701721978299
ENSSSCG00000053920,1.72562727150267,2.27738461425664
ENSSSCG00000054932,0.257008317032313,1.83550401746057
ENSSSCG00000033181,1.57876537605564,31.7134305239021
ENSSSCG00000038275,8.99529109613095,2.75325602619086
ENSSSCG00000049427,1.94592011467323,1.25766016011187
ENSSSCG00000042926,0.954602320405733,1.25766016011187
ENSSSCG00000021494,11.9325290050717,10.4011894322766
ENSSSCG00000059293,4.73629612816691,11.6248587772503
ENSSSCG00000058973,7.56338761552235,8.7356394905068
ENSSSCG00000012359,1.79905821922619,1.29165097525003
ENSSSCG00000041985,4.18556402024052,1.63155912663162
ENSSSCG00000061672,0.550732107926385,0.373898966519746
ENSSSCG00000059011,0.807740424958698,1.01972445414476
ENSSSCG00000053301,0,0.747797933039493
ENSSSCG00000046452,1.98263558853498,1.32564179038819
ENSSSCG00000009499,0.403870212479349,0.985733639006604
ENSSSCG00000039344,0.220292843170554,3.50105395923035
ENSSSCG00000062771,0.514016634064626,1.7335315720461
ENSSSCG00000039860,4.44257233727284,2.75325602619086
ENSSSCG00000029990,18.3577369308795,16.7574718631123
ENSSSCG00000034220,3.41453906914359,1.39362342066451
ENSSSCG00000039985,6.13148413491375,2.51532032022375
ENSSSCG00000057701,16.8156870286856,5.54050286751988
ENSSSCG00000009495,0.807740424958698,2.95720091701981
ENSSSCG00000038269,0.220292843170554,1.01972445414476
ENSSSCG00000034353,2.12949748398202,1.93747646287505
ENSSSCG00000031855,0.807740424958698,0.54385304221054
ENSSSCG00000055200,0.917886846543975,0.441880596796064
ENSSSCG00000043890,0.844455898820457,0.645825487625016
ENSSSCG00000038679,5.54403655312561,7.54596096067124
ENSSSCG00000057082,9.36244583474854,0.101972445414476
ENSSSCG00000023531,1.17489516357629,0
ENSSSCG00000038135,1.13817968971453,1.90348564773689
ENSSSCG00000056764,0.073430947723518,1.08770608442108
ENSSSCG00000038462,0.220292843170554,0.407889781657905
ENSSSCG00000033927,0,0.645825487625016
ENSSSCG00000041163,0.477301160202867,0.373898966519746
ENSSSCG00000034524,9.47259225633382,10.7750883987963
ENSSSCG00000035091,1.94592011467323,1.66554994176978
ENSSSCG00000061639,0.220292843170554,0.781788748177651
ENSSSCG00000034866,0.036715473861759,1.86949483259873
ENSSSCG00000032894,1.17489516357629,4.18087026199353
ENSSSCG00000039921,0.807740424958698,0.645825487625016
ENSSSCG00000017324,0.660878529511662,0.339908151381588
ENSSSCG00000000887,5.80104487015792,2.85522847160534
ENSSSCG00000046993,0.403870212479349,0.713807117901334
ENSSSCG00000061109,1.10146421585277,0.169954075690794
ENSSSCG00000052697,0.36715473861759,0.645825487625016
ENSSSCG00000032599,3.63483191231414,3.60302640464483
ENSSSCG00000055221,4.62614970658163,2.92321010188165
ENSSSCG00000056610,400.161949619311,415.163816097471
ENSSSCG00000056698,19.8997868330734,18.0491228383623
ENSSSCG00000041461,14.6494740708418,23.6236165210203
ENSSSCG00000037477,10.353763629016,7.98784155746731
ENSSSCG00000013150,8.73828277909864,1.93747646287505
ENSSSCG00000031311,0.36715473861759,0.849770378453969
ENSSSCG00000003282,1.13817968971453,1.5635774963553
ENSSSCG00000053954,1.06474874199101,1.5635774963553
ENSSSCG00000037850,2.93723790894072,2.58330195050007
ENSSSCG00000059519,4.80972707589043,6.76417221249359
ENSSSCG00000038702,6.27834603036079,4.65674167392775
ENSSSCG00000031581,0.183577369308795,0.339908151381588
ENSSSCG00000035756,3.26767717369655,4.62275085878959
ENSSSCG00000016385,14.5026121753948,7.27403443956597
ENSSSCG00000037347,5.21359728836978,6.73018139735543
ENSSSCG00000034846,0.917886846543975,0.781788748177651
