,ovid00.txt,ovid03.txt
ENSSSCG00000028996,9.02134424224331,8.14210830536234
ENSSSCG00000005267,8.25071860262009,8.10696635353739
ENSSSCG00000005268,2.41167389764734,2.46182475270139
ENSSSCG00000005269,4.42463456318673,3.47035774820873
ENSSSCG00000031382,4.04606591171587,3.90290095805923
ENSSSCG00000005271,5.90134851173852,6.13466503074135
ENSSSCG00000005272,3.72006211070162,3.82545875338268
ENSSSCG00000005273,5.20396463099938,4.9076841093417
ENSSSCG00000023520,3.97373900404618,2.27181848867676
ENSSSCG00000057774,0.815176045257344,0.583244978335558
ENSSSCG00000037277,7.45228206730847,6.30310986832418
ENSSSCG00000005277,4.84525831401773,3.92566830912856
ENSSSCG00000004361,1.77049457016102,1.92963589847684
ENSSSCG00000004349,4.79462716891182,4.76167282931235
ENSSSCG00000004272,5.44432636742429,5.1820886029746
ENSSSCG00000037594,7.45952282676193,7.99031884448272
ENSSSCG00000004261,0.399364956748047,-0.78472289261437
ENSSSCG00000004351,4.22383521167787,4.04929482275839
ENSSSCG00000004262,4.13014416476626,4.33092973753301
ENSSSCG00000038757,3.20363233164379,3.49231184990847
ENSSSCG00000004353,5.46005503283644,5.34055036238222
ENSSSCG00000005284,2.78652913044763,2.78005038054984
ENSSSCG00000004263,3.95678279945859,4.18489146095046
ENSSSCG00000021802,3.80588715198576,3.91595483470141
ENSSSCG00000031105,3.1568866930164,2.95466616546181
ENSSSCG00000034919,5.78800571706302,6.09504122150347
ENSSSCG00000023834,7.65431342289304,7.85918592002911
ENSSSCG00000032533,2.47020003230929,2.65327091878993
ENSSSCG00000025941,7.56090464536194,7.73601613797768
ENSSSCG00000030268,7.15545918351216,7.31883611649692
ENSSSCG00000027002,5.0668810880132,4.68558492879445
ENSSSCG00000005266,1.94571802033876,2.5228257707732
ENSSSCG00000005288,5.23383154053975,5.7661156063134
ENSSSCG00000035934,2.13849555630404,1.5319870059135
ENSSSCG00000005036,1.38071206478968,-0.871778856036138
ENSSSCG00000004241,8.17704678081905,6.34774716405662
ENSSSCG00000005037,6.10668552293477,5.89942901341719
ENSSSCG00000004242,4.75594270375035,4.50299820673294
ENSSSCG00000005291,6.46909794716097,7.34862685434174
ENSSSCG00000005038,6.43460845592966,6.27931567542266
ENSSSCG00000033805,-2.20115708176131,-0.174001573015732
ENSSSCG00000033763,5.97730086756441,6.40326324641493
ENSSSCG00000004344,0.273552666612953,0.445993691080189
ENSSSCG00000005286,4.43201506340047,4.28387392765433
ENSSSCG00000005039,4.30378750477533,4.7670858037005
ENSSSCG00000005040,5.87270709425761,4.47239801062046
ENSSSCG00000004250,1.81633565189514,1.4081155707733
ENSSSCG00000005287,6.13861288084036,6.57356948786849
ENSSSCG00000005041,7.27005233202733,7.57174646419737
ENSSSCG00000020885,6.15802909907787,4.89620254742366
ENSSSCG00000004253,5.40736132224554,5.24032962488982
ENSSSCG00000054867,-0.868009231170092,-0.174001573015732
ENSSSCG00000060009,1.25318803729539,1.5319870059135
ENSSSCG00000054181,-0.451110226541143,-1.54570714867312
ENSSSCG00000062298,-0.774434225214997,-1.54570714867312
ENSSSCG00000004364,4.74610731022057,4.67602526698248
ENSSSCG00000005043,4.11799311054219,4.45461629104527
ENSSSCG00000004254,4.44666374966992,4.05815340206765
ENSSSCG00000005045,3.2710279851024,2.9031535920818
ENSSSCG00000005047,1.55306939928711,0.372139121137058
ENSSSCG00000004366,5.03653847075527,5.19687075950134
ENSSSCG00000027256,6.440109279927,6.13466503074135
ENSSSCG00000004367,-0.451110226541143,1.16736637209713
ENSSSCG00000039333,2.01288038415818,-0.481109027935221
ENSSSCG00000004368,5.23945103474902,5.02528647014623
ENSSSCG00000026294,6.35789552522554,5.26731884482486
ENSSSCG00000035648,4.42216598209886,4.62526744788878
ENSSSCG00000038522,3.57203861517619,1.23142354660134
ENSSSCG00000035259,6.47684982899222,7.14125349541868
ENSSSCG00000021451,4.13316600447482,4.16041892443633
ENSSSCG00000038507,8.0037990415736,7.63922291697183
ENSSSCG00000004339,5.90046202116531,5.43198889501237
ENSSSCG00000005004,2.30852357224583,2.15556008292513
ENSSSCG00000004347,4.61822801700036,4.75442379209726
ENSSSCG00000005006,7.28507370281974,6.97929951479251
ENSSSCG00000004275,4.83230137783426,5.38699393337877
ENSSSCG00000035611,4.44909080170269,4.17406599580183
ENSSSCG00000058931,5.498056546694,5.4701019849819
ENSSSCG00000005008,0.656208489639131,-0.119711717242417
ENSSSCG00000004358,5.32121796042666,4.65865660665415
ENSSSCG00000004270,2.57169531930446,3.19851591260962
ENSSSCG00000032489,3.71200060542836,3.29159958611275
ENSSSCG00000004990,3.18044883327868,3.51822324496375
ENSSSCG00000004340,1.623524972916,0.904668467894398
ENSSSCG00000058693,-0.380455165278715,-0.0169014492655093
ENSSSCG00000005009,5.64607823695749,5.84927457840417
ENSSSCG00000035240,2.91146944267663,3.72520071372487
ENSSSCG00000005011,5.31457829208385,5.58999107435698
ENSSSCG00000032312,6.91987379571838,6.97228681660178
ENSSSCG00000004342,2.56275792947573,1.91670578029932
ENSSSCG00000005012,6.77455908185175,6.64439817326624
ENSSSCG00000045405,-0.187145967968861,0.372139121137058
ENSSSCG00000005029,7.28948206805095,7.29623829445082
ENSSSCG00000060707,-1.45670196380968,-1.16974403207503
ENSSSCG00000005030,5.76578653108954,7.28873088323658
ENSSSCG00000053196,-1.78143407576197,-1.06343627958185
ENSSSCG00000004939,-1.60995061428548,-0.481109027935221
ENSSSCG00000057054,0.0359102671599988,-2.53471534769233
ENSSSCG00000021862,2.64973397156036,1.46251061004157
ENSSSCG00000005027,5.10739475802572,5.3597853458454
ENSSSCG00000047735,0.0866736428889641,1.10033230279389
ENSSSCG00000028092,6.8476661957914,5.18613514443708
ENSSSCG00000004941,3.54052006264698,3.97639707678708
ENSSSCG00000004942,2.36102042350312,2.35084832090034
ENSSSCG00000004943,5.0668810880132,4.82532545270496
ENSSSCG00000036735,3.68754223658763,3.97950917118174
ENSSSCG00000005015,5.17932544389196,5.43652540074434
ENSSSCG00000005016,4.6095751469293,5.30129350497104
ENSSSCG00000031354,3.18044883327868,2.99827857643353
ENSSSCG00000038941,2.78652913044763,2.76570058982809
ENSSSCG00000004945,10.5426447942531,9.89715997083101
ENSSSCG00000005787,5.48273895401173,5.36217178655447
ENSSSCG00000034516,5.72530928417818,6.53018989474992
ENSSSCG00000036634,5.88709887807812,6.14023777105422
ENSSSCG00000005785,5.33702958817175,5.43085253618089
ENSSSCG00000004946,3.23772367198998,2.8222627439312
ENSSSCG00000005020,2.29779101573986,2.34120312316572
ENSSSCG00000005786,4.94148279161934,4.7670858037005
ENSSSCG00000004947,-1.60995061428548,-1.28451287928067
ENSSSCG00000004948,1.72314896938536,2.49699765045707
ENSSSCG00000004971,5.05099086674281,4.65865660665415
ENSSSCG00000005021,5.26033131704889,5.30377860339417
ENSSSCG00000038767,5.73130419049872,5.12842388370465
ENSSSCG00000004963,6.34231216850389,6.50070867003545
ENSSSCG00000005022,4.80981511292778,5.844161887754
ENSSSCG00000004966,0.930831724376776,0.333743892305565
ENSSSCG00000026078,5.36300319929253,6.06165874661435
ENSSSCG00000004968,2.11423229533454,2.0048735807178
ENSSSCG00000005024,6.79616805371793,7.01765013781682
ENSSSCG00000004969,4.25468580026123,4.9093168986526
ENSSSCG00000004970,10.3069627916537,10.0453623284083
ENSSSCG00000023533,4.7441321596516,4.7598639818861
ENSSSCG00000004952,6.0064316937154,5.41139621891093
ENSSSCG00000005023,3.65847332354346,3.87643342550793
ENSSSCG00000004859,5.42596223239699,5.39167392083903
ENSSSCG00000005025,2.26510581356419,3.85625916799006
ENSSSCG00000004856,5.82023709398558,5.76971542273301
ENSSSCG00000004951,6.40303462318407,5.99094183541979
ENSSSCG00000038422,6.62963040552744,6.23963081559773
ENSSSCG00000057448,1.13756809465378,0.956127932608039
ENSSSCG00000004954,2.26510581356419,2.41661734632623
ENSSSCG00000005002,-0.774434225214997,-0.624943747829482
ENSSSCG00000004955,4.58330072513487,4.42067306302497
ENSSSCG00000030679,3.2710279851024,3.4024168103526
ENSSSCG00000004996,5.23945103474902,5.74341093486891
ENSSSCG00000027765,6.77262252806658,7.13638196278101
ENSSSCG00000004857,5.65766686339946,6.03797200837202
ENSSSCG00000004997,5.72830985120476,6.27994689240632
ENSSSCG00000021217,5.46125785720147,5.73790822879949
ENSSSCG00000004958,4.58108943663398,4.93358954631724
ENSSSCG00000005000,2.01288038415818,1.69231410194732
ENSSSCG00000026517,4.15116531784127,3.77977524102448
ENSSSCG00000004957,4.90658799498234,4.5539913667619
ENSSSCG00000004861,4.67738713961771,5.24032962488982
ENSSSCG00000032488,5.35396553052905,5.36455428623971
ENSSSCG00000053589,1.29696053674266,1.3895183870631
ENSSSCG00000004999,4.10265894494164,3.85286919280773
ENSSSCG00000063467,3.58091887238019,4.05520658198239
ENSSSCG00000004869,4.98561973078247,4.91745324073692
ENSSSCG00000022419,5.15425813202955,5.08140212872823
ENSSSCG00000060555,-1.78143407576197,-1.06343627958185
ENSSSCG00000004961,5.07161422501322,2.18820728069852
ENSSSCG00000004962,4.24074453303866,4.59515069021558
ENSSSCG00000043563,4.43691450389901,5.18748147330721
ENSSSCG00000063237,-0.313099436094831,0.124759019246936
ENSSSCG00000063081,-1.19180123640617,0.333743892305565
ENSSSCG00000056226,0.0866736428889641,-0.35032329061541
ENSSSCG00000049234,0.438976972203651,1.18903632798696
ENSSSCG00000004870,7.0815157594089,7.40063132139987
ENSSSCG00000004973,6.87454872921039,6.19548159960552
ENSSSCG00000004847,4.18941013204578,4.35509292916844
ENSSSCG00000035696,4.05883538511989,3.87976854376592
ENSSSCG00000004849,4.0004611099782,4.16589325392121
ENSSSCG00000004850,-1.19180123640617,-0.702622497962026
ENSSSCG00000004854,8.09224576037347,7.22066171559214
ENSSSCG00000004974,3.61590318182574,2.68411916779552
ENSSSCG00000004976,4.61822801700036,3.99804206402155
ENSSSCG00000036984,0.273552666612953,1.92963589847684
ENSSSCG00000004980,6.24300603502109,6.2912618256567
ENSSSCG00000004874,-2.46795088038493,-0.230414558288775
ENSSSCG00000004875,8.52556124886656,8.46003568124821
ENSSSCG00000037781,1.86076489630265,2.16652477447692
ENSSSCG00000005781,1.25318803729539,2.72177442956269
ENSSSCG00000004979,3.83215807275418,4.49432132126936
ENSSSCG00000020859,1.90386667628305,-2.85117878809169
ENSSSCG00000004843,0.316720715261423,-0.78472289261437
ENSSSCG00000025616,4.57221023248361,4.81839004793703
ENSSSCG00000026486,-0.380455165278715,-0.871778856036138
ENSSSCG00000026167,1.57100848239729,1.10033230279389
ENSSSCG00000004985,4.40975931685619,4.72134468506831
ENSSSCG00000004844,5.1587135431876,5.80610473563688
ENSSSCG00000004986,4.79843917096021,4.88462887697464
ENSSSCG00000004845,4.78889021334941,5.3000493486593
ENSSSCG00000022828,7.32228780689695,7.97539276336891
ENSSSCG00000032494,4.17775011141718,4.62327910601669
ENSSSCG00000004873,4.95691424552381,4.76528373456444
ENSSSCG00000004983,6.80377390554635,6.39046029664576
ENSSSCG00000032214,5.30657014253946,5.50399587745849
ENSSSCG00000032574,3.4513271840174,3.5267579808414
ENSSSCG00000038398,-1.45670196380968,-0.871778856036138
ENSSSCG00000005782,3.50363497723415,3.90290095805923
ENSSSCG00000040252,4.67116345666644,5.10296582238897
ENSSSCG00000062837,0.844970737784426,1.83659263049607
ENSSSCG00000041275,1.67419673092923,1.4081155707733
ENSSSCG00000056587,-0.774434225214997,-0.702622497962026
ENSSSCG00000060706,2.22034075006793,1.2726008670673
ENSSSCG00000054784,2.77109272783156,2.17740676095809
ENSSSCG00000034069,2.98690447673027,2.62174862191205
ENSSSCG00000060600,5.66916314405192,5.3597853458454
ENSSSCG00000060688,-2.79553649653186,-0.871778856036138
ENSSSCG00000054884,-1.976085364955,-0.871778856036138
ENSSSCG00000061619,-0.6037335549306,-0.35032329061541
ENSSSCG00000004989,4.36676028941965,4.23001443683658
ENSSSCG00000060152,0.13571138072984,0.51625090059353
ENSSSCG00000053633,-0.451110226541143,-0.964427270899581
ENSSSCG00000062595,0.13571138072984,0.294298826806809
ENSSSCG00000053742,1.72314896938536,0.85130538708557
ENSSSCG00000056642,7.48635654550003,7.1035966515736
ENSSSCG00000062224,1.18493366366352,2.3887969274946
ENSSSCG00000049454,-1.78143407576197,-0.702622497962026
ENSSSCG00000054354,-0.451110226541143,1.58198313393422
ENSSSCG00000063030,-1.60995061428548,-1.06343627958185
ENSSSCG00000058062,0.273552666612953,1.56550952137607
ENSSSCG00000019587,-0.868009231170092,-1.54570714867312
ENSSSCG00000018926,-1.60995061428548,-0.702622497962026
ENSSSCG00000034963,2.79418583351156,2.63759586230106
ENSSSCG00000004075,0.656208489639131,1.03003110897365
ENSSSCG00000004076,3.31958582976416,3.61345048558144
ENSSSCG00000004077,0.902775359205073,0.372139121137058
ENSSSCG00000004101,4.40226377999428,4.24560912629743
ENSSSCG00000004103,5.55549978627335,5.58693360271873
ENSSSCG00000004410,5.42965380765757,5.99556073705348
ENSSSCG00000004105,3.24891075232122,3.42997830511514
ENSSSCG00000033739,3.67929642676093,3.67233182298469
ENSSSCG00000004405,4.76765734603905,4.69886292122149
ENSSSCG00000004071,4.01363881748623,4.31869466461643
ENSSSCG00000046319,-0.313099436094831,1.4081155707733
ENSSSCG00000026042,-0.6037335549306,-1.28451287928067
ENSSSCG00000004113,4.09647935018081,4.64500158530316
ENSSSCG00000004404,1.60623101893403,1.2726008670673
ENSSSCG00000004403,3.80209480468758,3.58103602582508
ENSSSCG00000004402,4.1088121830748,3.19316420856271
ENSSSCG00000004401,5.89602137903612,5.51476168912881
ENSSSCG00000004399,1.1132890985785,-1.28451287928067
ENSSSCG00000037803,7.70571065531234,5.90925401352505
ENSSSCG00000004388,5.29041924137799,5.55495440154216
ENSSSCG00000004390,4.78313035335911,5.46899526475408
ENSSSCG00000043354,-0.868009231170092,-2.05555929136582
ENSSSCG00000004114,6.67387987392186,7.02557585690715
ENSSSCG00000004391,0.958352864156609,1.14536595329469
ENSSSCG00000052303,3.48955626337053,2.84291461693407
ENSSSCG00000004415,6.77019817459782,7.77750717148057
ENSSSCG00000004414,8.10749837266397,8.36596116659612
ENSSSCG00000004120,3.80966955664192,4.25077011986144
ENSSSCG00000004413,7.08268854785154,7.09966908009629
ENSSSCG00000004121,5.17052780659373,6.36629277169863
ENSSSCG00000004408,6.23740039788031,6.25512245754025
ENSSSCG00000004412,5.28091370311002,5.85182414526989
ENSSSCG00000031536,2.44123372499091,2.47951838830822
ENSSSCG00000004081,2.87583196824894,4.57882759907992
ENSSSCG00000004411,3.34065337130757,2.58135179761789
ENSSSCG00000033392,0.753674621171028,-0.35032329061541
ENSSSCG00000049158,3.28196073689979,5.01014909750059
ENSSSCG00000004382,7.20691878477854,6.64145397383061
ENSSSCG00000004082,8.32395447351113,9.50574027146398
ENSSSCG00000004383,5.09504975034944,5.01925056701287
ENSSSCG00000004384,-0.248748603557596,-0.119711717242417
ENSSSCG00000004385,6.8609422467547,6.93950206240397
ENSSSCG00000040199,4.57887475358054,4.2533437096518
ENSSSCG00000004387,6.44132884216072,6.58280744144321
ENSSSCG00000025777,9.63493924391303,7.63157729568908
ENSSSCG00000004432,6.41052616656954,6.08424027602535
ENSSSCG00000046251,-0.313099436094831,-3.82416175559903
ENSSSCG00000004433,0.72191195620079,-0.871778856036138
ENSSSCG00000004434,4.93975795223415,4.25077011986144
ENSSSCG00000037424,5.08259819521484,4.92715666566598
ENSSSCG00000004392,6.07874534104713,5.94073088773503
ENSSSCG00000004393,5.34226185448042,5.16578797361394
ENSSSCG00000004394,3.88330690365556,3.79751742732588
ENSSSCG00000004419,3.65847332354346,3.64906686383064
ENSSSCG00000041409,0.656208489639131,1.82279700553437
ENSSSCG00000025703,5.93290472327065,6.94985234779479
ENSSSCG00000004420,6.11052365821713,6.55021244711845
ENSSSCG00000004421,4.72423048653664,4.28638918755986
ENSSSCG00000004422,-0.0167046405169091,0.445993691080189
ENSSSCG00000004094,1.47899559533112,-2.05555929136582
ENSSSCG00000004423,1.83129794321605,2.62969400118923
ENSSSCG00000036621,3.55861489141936,3.74362256161478
ENSSSCG00000004425,6.27960319125433,7.28684791035125
ENSSSCG00000024361,3.42197555369151,3.2249806386688
ENSSSCG00000004065,1.38071206478968,1.3322436929096
ENSSSCG00000004070,5.75601824512826,5.99325313470795
ENSSSCG00000004370,4.9704938833126,5.01014909750059
ENSSSCG00000026382,5.84256275007152,5.91495451540991
ENSSSCG00000004106,5.88888779830326,6.07481359809265
ENSSSCG00000038554,5.42842433183003,5.11291963038247
ENSSSCG00000004104,5.10893048291671,4.84251948850174
ENSSSCG00000004369,3.81344207065432,2.05293699456738
ENSSSCG00000005575,5.55211694311536,5.63706435075708
ENSSSCG00000022804,5.47084451969123,6.24287198766786
ENSSSCG00000030067,6.11435160963968,5.80698091392924
ENSSSCG00000028867,4.95349926964163,5.1493010609875
ENSSSCG00000004371,3.82095763271074,4.84251948850174
ENSSSCG00000004109,-0.451110226541143,-0.624943747829482
ENSSSCG00000004110,5.94671115920423,5.92225079004934
ENSSSCG00000005167,-1.78143407576197,3.73628202580504
ENSSSCG00000028974,4.90128020948336,3.14962050828442
ENSSSCG00000033175,5.571182346918,5.66825734788469
ENSSSCG00000004373,3.69574118470893,3.38843606237055
ENSSSCG00000048240,0.874162537149699,-2.27533557831912
ENSSSCG00000004374,4.03963853930977,3.66848029011153
ENSSSCG00000056379,6.04223801060134,1.00581493118192
ENSSSCG00000037985,3.72006211070162,3.8392290700897
ENSSSCG00000005131,1.81633565189514,-0.871778856036138
ENSSSCG00000034120,0.399364956748047,-0.174001573015732
ENSSSCG00000031159,2.56275792947573,2.20956873606394
ENSSSCG00000043123,-0.96807720485524,0.169048095927475
ENSSSCG00000036168,3.49895732144611,3.29159958611275
ENSSSCG00000054729,0.515080245807192,1.70740881248283
ENSSSCG00000059324,0.985358817624548,2.95466616546181
ENSSSCG00000004379,2.06444617595092,2.07638127694377
ENSSSCG00000059436,-0.96807720485524,-0.702622497962026
ENSSSCG00000005587,5.52821230301143,4.61529822109948
ENSSSCG00000044325,-1.60995061428548,0.878233640758889
ENSSSCG00000037071,1.31835862021284,0.212017947135459
ENSSSCG00000005590,5.5050717233222,5.17667549814632
ENSSSCG00000049906,-0.774434225214997,0.445993691080189
ENSSSCG00000053064,-0.313099436094831,-0.551234614202225
ENSSSCG00000005591,-0.313099436094831,2.17740676095809
ENSSSCG00000028558,5.45764637141157,5.7044438144603
ENSSSCG00000049152,-1.31818014718968,-0.964427270899581
ENSSSCG00000005112,3.54506509105138,3.47917951940272
ENSSSCG00000054646,-0.071311274400066,0.956127932608039
ENSSSCG00000053219,0.515080245807192,1.67705978623095
ENSSSCG00000051118,0.0359102671599988,1.91670578029932
ENSSSCG00000041974,-0.96807720485524,-1.86487943217923
ENSSSCG00000048523,-0.525404570246514,-0.78472289261437
ENSSSCG00000053065,0.273552666612953,-0.35032329061541
ENSSSCG00000005588,-1.07560684537938,-0.0673909604895641
ENSSSCG00000005122,4.2739799794474,4.08151375048664
ENSSSCG00000005589,2.52644419656486,2.58952216140678
ENSSSCG00000061592,2.75548937239974,3.68763594710554
ENSSSCG00000005593,6.38540157080926,6.02673354101265
ENSSSCG00000050067,1.93190203123131,2.62174862191205
ENSSSCG00000042842,0.622199479864748,0.445993691080189
ENSSSCG00000005594,6.35142290366801,5.47341706084165
ENSSSCG00000005124,5.43700874039862,5.28754841518294
ENSSSCG00000034227,8.67001381421423,8.35910755010516
ENSSSCG00000005596,4.82857792151252,4.6410762936835
ENSSSCG00000005126,4.83044085090812,4.69886292122149
ENSSSCG00000005597,4.50847688485433,4.45908230991664
ENSSSCG00000005576,4.07463990953506,4.37413626289861
ENSSSCG00000032575,4.3064669884574,4.83394808526107
ENSSSCG00000022337,1.72314896938536,-1.86487943217923
ENSSSCG00000020743,6.08967535703974,6.19280259526404
ENSSSCG00000005173,4.67324100224767,5.13262355814524
ENSSSCG00000004894,4.8397195842579,4.19563630031025
ENSSSCG00000005582,6.64981628978922,6.5554356779709
ENSSSCG00000035941,2.79418583351156,2.64545467936437
ENSSSCG00000025744,4.87985160766444,5.02679150841308
ENSSSCG00000040366,3.37679712473895,3.62144157031221
ENSSSCG00000004896,3.95336751205018,4.06402904613183
ENSSSCG00000005164,1.55306939928711,-0.119711717242417
ENSSSCG00000028406,6.37841490344144,5.54553577579408
ENSSSCG00000004897,4.69998032258329,5.23252476480112
ENSSSCG00000004898,2.80180211518241,2.35084832090034
ENSSSCG00000004921,5.55324543907733,5.33205373668319
ENSSSCG00000005166,5.15128019537821,4.97471832009399
ENSSSCG00000005135,4.04285580484531,3.57693252722526
ENSSSCG00000004923,1.4598672457525,2.34120312316572
ENSSSCG00000005584,5.04458544686757,5.6488409011007
ENSSSCG00000038071,6.81181142761134,6.39920189151934
ENSSSCG00000005136,2.91849250426136,3.3065459485344
ENSSSCG00000035506,0.902775359205073,0.823864935560437
ENSSSCG00000047263,-1.60995061428548,-0.624943747829482
ENSSSCG00000004926,3.78298207960371,3.8460652516482
ENSSSCG00000043817,5.010482312458,5.65761065420225
ENSSSCG00000004927,5.93030124240034,5.90353089793953
ENSSSCG00000043301,1.49787364177406,1.85025758473298
ENSSSCG00000005585,5.0022423011846,5.27873286101792
ENSSSCG00000004928,3.06493409078251,2.97974874118209
ENSSSCG00000031075,0.0359102671599988,0.445993691080189
ENSSSCG00000031149,1.06346985097485,1.56550952137607
ENSSSCG00000051680,2.41167389764734,2.8222627439312
ENSSSCG00000004929,4.59649774906262,4.78676140820253
ENSSSCG00000054127,1.57100848239729,3.75819252703796
ENSSSCG00000005128,0.58736937234432,0.708565629647667
ENSSSCG00000005174,6.70416788958877,6.45224860684534
ENSSSCG00000004931,4.21530564497516,3.40704711347586
ENSSSCG00000031529,-0.525404570246514,-0.289123515071902
ENSSSCG00000056734,0.58736937234432,2.27181848867676
ENSSSCG00000004934,6.32325489986924,6.56479010188072
ENSSSCG00000054285,-3.22005278102631,0.212017947135459
ENSSSCG00000057864,-0.96807720485524,0.0318806818288641
ENSSSCG00000053403,-1.60995061428548,-0.964427270899581
ENSSSCG00000005498,-0.96807720485524,0.550136777985776
ENSSSCG00000059082,0.399364956748047,1.51492905093733
ENSSSCG00000057745,0.0359102671599988,0.445993691080189
ENSSSCG00000052950,2.02594564966019,2.58135179761789
ENSSSCG00000060748,1.93190203123131,2.74390468232849
ENSSSCG00000005150,6.17865071123825,6.27931567542266
ENSSSCG00000033910,1.36022556587904,1.05384751029812
ENSSSCG00000005502,3.59413760265918,1.12302483629253
ENSSSCG00000004935,6.06060714977924,6.19815563840447
ENSSSCG00000005152,1.58872724014143,1.82279700553437
ENSSSCG00000005501,4.64599671379048,4.68558492879445
ENSSSCG00000004936,4.55878811291572,4.42524523437298
ENSSSCG00000005503,4.72623305365658,5.01622311914729
ENSSSCG00000005504,5.27818629182259,-0.414234639036479
ENSSSCG00000054719,1.53490444243865,1.37067834071865
ENSSSCG00000054559,5.27408548264667,6.05651040135738
ENSSSCG00000051482,6.19464912310586,6.36985487051045
ENSSSCG00000042822,-0.774434225214997,0.124759019246936
ENSSSCG00000055858,-0.96807720485524,-0.964427270899581
ENSSSCG00000004937,3.28739620076941,3.84947123326037
ENSSSCG00000053029,4.01035565776863,4.26103704735011
ENSSSCG00000004938,4.4731393648411,4.65476834228662
ENSSSCG00000004899,5.63332902065736,5.65663886558661
ENSSSCG00000004901,5.0621323715976,5.09294286115984
ENSSSCG00000004902,-0.774434225214997,-1.86487943217923
ENSSSCG00000004903,3.16871586481386,-0.414234639036479
ENSSSCG00000036234,0.815176045257344,0.904668467894398
ENSSSCG00000004885,-0.451110226541143,-1.28451287928067
ENSSSCG00000026454,3.01993118422353,1.51492905093733
ENSSSCG00000004907,4.86720301054597,2.81531256473901
ENSSSCG00000004908,7.02040294092295,5.98321065155403
ENSSSCG00000034415,6.22895089022832,5.75616954441185
ENSSSCG00000004509,-0.313099436094831,0.409538950709052
ENSSSCG00000037300,-0.128066380263549,-1.86487943217923
ENSSSCG00000004508,6.26176585239736,6.19681923854709
ENSSSCG00000004912,6.52825653264089,5.07850246282217
ENSSSCG00000034704,5.28770975804547,5.39400823378912
ENSSSCG00000004517,6.31263177806902,5.84586813193984
ENSSSCG00000004917,3.05221872192619,3.66461844735113
ENSSSCG00000004518,-0.6037335549306,-2.53471534769233
ENSSSCG00000028076,5.23945103474902,5.72498636717766
ENSSSCG00000004506,4.71013414036412,4.74896301048348
ENSSSCG00000004489,13.6419224432722,13.1181430969169
ENSSSCG00000004487,4.52237304559854,4.27376880513718
ENSSSCG00000004918,0.902775359205073,-0.551234614202225
ENSSSCG00000021383,1.93190203123131,1.75176786229133
ENSSSCG00000004502,1.80121655797197,0.904668467894398
ENSSSCG00000035007,10.3197842702979,9.84857499472559
ENSSSCG00000004919,6.28572662761027,5.6721094751941
ENSSSCG00000032053,2.973479148401,2.49699765045707
ENSSSCG00000034730,5.76773227652265,5.7342280631979
ENSSSCG00000022643,3.50363497723415,3.7472788709232
ENSSSCG00000005771,4.85077586103389,4.86793232068353
ENSSSCG00000060420,5.89513160804564,5.31859996510395
ENSSSCG00000004500,4.99893307367509,5.33448645445424
ENSSSCG00000004520,2.68310743737727,2.6137592424759
ENSSSCG00000004507,2.10194590665749,1.9802277618688
ENSSSCG00000004505,5.69801959537293,5.76881631036579
ENSSSCG00000004485,8.69604635658569,5.74157903056097
ENSSSCG00000004486,4.95349926964163,4.71201982191071
ENSSSCG00000004490,4.09337959831602,4.40917883592708
ENSSSCG00000005508,3.20937045959201,3.32623657035711
ENSSSCG00000004492,0.183136955639335,1.3895183870631
ENSSSCG00000005507,5.44189128013448,5.32717596007143
ENSSSCG00000004493,2.42159462145349,1.35158900457553
ENSSSCG00000021072,2.67483616828021,3.531006489389
ENSSSCG00000004499,8.61663061002698,8.49525169523827
ENSSSCG00000039972,4.93457102648223,5.09150530822672
ENSSSCG00000005510,4.23513008473597,4.16862264865607
ENSSSCG00000004498,4.3896840233634,4.6893911272279
ENSSSCG00000005511,3.77912896115935,3.821995538918
ENSSSCG00000004521,-1.45670196380968,0.583244978335558
ENSSSCG00000005512,4.00706500947703,2.05293699456738
ENSSSCG00000004522,5.26584872854291,4.93839545274136
ENSSSCG00000032297,4.51544169628631,4.99945763374611
ENSSSCG00000024479,3.79065758076546,3.81155573333132
ENSSSCG00000004524,6.80945209526618,6.63456071863045
ENSSSCG00000034427,4.99229175929187,5.04918068006851
ENSSSCG00000004510,5.10739475802572,4.52019697202262
ENSSSCG00000004511,6.31263177806902,5.67978300986121
ENSSSCG00000041158,0.183136955639335,1.64605858351007
ENSSSCG00000055973,5.79946390010297,5.58591300389048
ENSSSCG00000004516,6.93942620572933,6.76156833545495
ENSSSCG00000049462,-0.686560683805019,-1.28451287928067
ENSSSCG00000056498,0.515080245807192,1.29275702200006
ENSSSCG00000057366,3.2320974322928,1.76625620955041
ENSSSCG00000055877,-1.45670196380968,-0.289123515071902
ENSSSCG00000028329,-0.96807720485524,-1.6964847871246
ENSSSCG00000024372,-1.45670196380968,-1.06343627958185
ENSSSCG00000060601,1.03789987789575,2.30196426756707
ENSSSCG00000004893,5.72129879566728,5.5072340647936
ENSSSCG00000004884,5.29447394907542,5.49205994961235
ENSSSCG00000004888,2.57169531930446,1.5319870059135
ENSSSCG00000039179,-2.46795088038493,-0.481109027935221
ENSSSCG00000061814,1.87527570583285,2.39813013632454
ENSSSCG00000051885,0.656208489639131,-1.54570714867312
ENSSSCG00000062696,5.29041924137799,5.65079434725573
ENSSSCG00000005514,4.3064669884574,4.20630170597606
ENSSSCG00000034749,5.63652690270746,5.68931788631331
ENSSSCG00000052639,0.316720715261423,-2.85117878809169
ENSSSCG00000053002,2.28697801836366,2.02910543258505
ENSSSCG00000056449,2.23166290725657,2.53133340228058
ENSSSCG00000047129,4.92762598850346,5.35380191622885
ENSSSCG00000059735,-1.78143407576197,-0.871778856036138
ENSSSCG00000063161,3.2710279851024,4.01633989926814
ENSSSCG00000048111,2.52644419656486,2.33149300780735
ENSSSCG00000004634,4.14219373129512,4.47680940564299
ENSSSCG00000004635,5.97393386506908,5.83474130253811
ENSSSCG00000004636,6.09433441884877,6.25768830188691
ENSSSCG00000004639,6.0130083815661,6.05503606476764
ENSSSCG00000004645,4.26298635018155,4.66253441976813
ENSSSCG00000004658,6.70923901651102,5.47672453666276
ENSSSCG00000004647,4.69385355143505,4.20630170597606
ENSSSCG00000004648,0.985358817624548,0.767366807455606
ENSSSCG00000056997,4.10265894494164,2.05293699456738
ENSSSCG00000004652,6.11969373528987,6.116403509572
ENSSSCG00000004653,5.9931876871325,6.31855261301655
ENSSSCG00000056133,2.86132678081369,2.15556008292513
ENSSSCG00000004657,1.03789987789575,0.212017947135459
ENSSSCG00000004644,4.14519046341781,-0.871778856036138
ENSSSCG00000004643,2.13849555630404,2.63759586230106
ENSSSCG00000004646,-0.774434225214997,-0.481109027935221
ENSSSCG00000004595,6.06219346788241,6.2048191314773
ENSSSCG00000004596,-0.868009231170092,1.10033230279389
ENSSSCG00000025578,7.6151350311629,7.78553073659212
ENSSSCG00000004597,2.12641493269169,5.49641172121801
ENSSSCG00000030605,5.19676139051812,5.22467745129542
ENSSSCG00000004598,2.80937840000644,3.11607796930512
ENSSSCG00000035038,4.84525831401773,4.22477852083292
ENSSSCG00000004600,6.22045160421942,6.06605703826803
ENSSSCG00000005375,3.16281340283161,2.7871721045049
ENSSSCG00000005376,3.54959584587351,4.30138934729478
ENSSSCG00000005400,2.77109272783156,2.30196426756707
ENSSSCG00000005403,3.73605122845562,4.27376880513718
ENSSSCG00000005305,6.14685934704553,5.61921729478744
ENSSSCG00000005307,0.622199479864748,1.12302483629253
ENSSSCG00000058191,-0.248748603557596,0.294298826806809
ENSSSCG00000026960,4.97723606822499,5.32717596007143
ENSSSCG00000004601,6.4086569245958,6.43421522693096
ENSSSCG00000004602,4.13618152792694,4.40917883592708
ENSSSCG00000004603,4.66491280882662,5.04769883008198
ENSSSCG00000037499,3.37679712473895,3.24580834698678
ENSSSCG00000004617,7.73086321753519,6.97618696761867
ENSSSCG00000053937,6.33314353247249,6.39978278553626
ENSSSCG00000004621,6.37075429655245,6.05945456220458
ENSSSCG00000004622,5.73230092411965,5.48331682702112
ENSSSCG00000004624,5.79470071168777,5.27999552869361
ENSSSCG00000004625,5.08883740603897,4.66253441976813
ENSSSCG00000004626,6.35854119308253,6.56064006648214
ENSSSCG00000004628,2.4891927659918,2.83606345429926
ENSSSCG00000004629,-0.071311274400066,-0.702622497962026
ENSSSCG00000004630,0.0359102671599988,0.372139121137058
ENSSSCG00000032517,5.1257164355028,5.54763412406406
ENSSSCG00000004632,-0.380455165278715,1.37067834071865
ENSSSCG00000031794,4.16599508484442,2.40740335383752
ENSSSCG00000035798,-0.96807720485524,-0.871778856036138
ENSSSCG00000004607,2.71572630700603,3.56455153299002
ENSSSCG00000004608,3.43672601243127,3.93210781488979
ENSSSCG00000054223,1.47899559533112,2.30196426756707
ENSSSCG00000004610,6.70264306906979,6.63258515245144
ENSSSCG00000032619,4.65653626027199,4.39059544189987
ENSSSCG00000004612,5.29312364564652,5.4887874847577
ENSSSCG00000024983,5.74716987851068,5.70067717402462
ENSSSCG00000004614,-0.774434225214997,-0.964427270899581
ENSSSCG00000004615,-0.071311274400066,-0.551234614202225
ENSSSCG00000004656,4.43691450389901,4.1073497926671
ENSSSCG00000024660,1.18493366366352,-0.0673909604895641
ENSSSCG00000059295,2.80937840000644,2.77289332642005
ENSSSCG00000052887,1.55306939928711,2.5565593570002
ENSSSCG00000062177,-1.19180123640617,0.212017947135459
ENSSSCG00000062439,3.00020602359109,3.39311138158518
ENSSSCG00000057596,0.399364956748047,1.05384751029812
ENSSSCG00000059103,3.98716192566061,4.49432132126936
ENSSSCG00000053433,-0.686560683805019,-0.78472289261437
ENSSSCG00000042551,0.958352864156609,1.61437655810064
ENSSSCG00000057375,0.622199479864748,-0.551234614202225
ENSSSCG00000063504,1.06346985097485,1.23142354660134
ENSSSCG00000004651,6.0614005268607,5.93192210846132
ENSSSCG00000004620,4.68358408933102,4.53507951859307
ENSSSCG00000005385,-0.451110226541143,0.0790671408551012
ENSSSCG00000005386,5.04779171172921,5.56741767556494
ENSSSCG00000040634,7.142021037934,6.28309884134831
ENSSSCG00000005388,5.010482312458,5.4887874847577
ENSSSCG00000030168,1.23079346436338,1.16736637209713
ENSSSCG00000005389,4.23513008473597,4.18219270048509
ENSSSCG00000055769,2.58057768336524,2.83606345429926
ENSSSCG00000005391,1.20804577791874,0.85130538708557
ENSSSCG00000005361,4.26574262125106,3.4614817017213
ENSSSCG00000005360,0.874162537149699,-0.174001573015732
ENSSSCG00000040711,2.05172648705434,1.59827076196444
ENSSSCG00000045508,8.27160901847893,7.86823887772474
ENSSSCG00000053078,5.92420812029285,5.74798054466076
ENSSSCG00000005366,5.29986255987986,5.34899724078999
ENSSSCG00000005367,4.91714533952582,5.35500058905182
ENSSSCG00000005368,1.93190203123131,2.02910543258505
ENSSSCG00000005371,4.37954063903287,4.44339038221649
ENSSSCG00000062892,7.07916731851077,7.27486500254604
ENSSSCG00000033222,2.30852357224583,2.27181848867676
ENSSSCG00000005296,1.94571802033876,2.56487093313837
ENSSSCG00000005297,4.80792534096778,5.3173706507578
ENSSSCG00000005300,8.9811359250206,8.35447037582073
ENSSSCG00000034874,5.73429232785805,4.71762196923097
ENSSSCG00000005303,6.84950465473823,6.62316409140781
ENSSSCG00000039782,6.10283714946184,5.93753391480702
ENSSSCG00000005301,4.6353796041241,4.21688884379801
ENSSSCG00000005308,6.07088717563072,6.21805449071637
ENSSSCG00000005309,7.24443097047318,7.66409726154815
ENSSSCG00000005310,5.84625033314283,6.19079007226016
ENSSSCG00000005311,-1.60995061428548,-0.174001573015732
ENSSSCG00000005312,-0.451110226541143,-0.702622497962026
ENSSSCG00000005313,3.54052006264698,3.9638811293773
ENSSSCG00000005314,3.97373900404618,4.29390876251916
ENSSSCG00000059309,2.71572630700603,4.85273840097803
ENSSSCG00000005316,11.0869600829113,11.4720737260563
ENSSSCG00000005317,8.81254571466873,8.96531529126907
ENSSSCG00000005318,5.28635310576143,4.7580528636841
ENSSSCG00000005319,6.48515168930017,6.92262390585124
ENSSSCG00000005320,4.87263742243448,4.29390876251916
ENSSSCG00000005322,7.408369179564,5.94471716713384
ENSSSCG00000025842,7.00646344467082,7.02933475968791
ENSSSCG00000005324,4.65022177640926,4.56646292723879
ENSSSCG00000005325,5.48273895401173,5.3501999105982
ENSSSCG00000005338,4.84893902233177,3.94490123394478
ENSSSCG00000031236,5.92682261005745,5.33812785687609
ENSSSCG00000037131,7.68320773580518,7.24801790208149
ENSSSCG00000037468,5.25756467832382,4.68558492879445
ENSSSCG00000005343,6.3992742126888,6.46006787799749
ENSSSCG00000005344,1.27524029214877,-1.40920704473941
ENSSSCG00000005346,4.2266672308481,3.84947123326037
ENSSSCG00000005349,4.93283789881118,4.56231770799206
ENSSSCG00000036340,4.84709984198571,4.23783285264826
ENSSSCG00000005347,4.35903738012276,4.15216828374264
ENSSSCG00000005350,2.30852357224583,2.91620519333423
ENSSSCG00000058091,4.96880340236247,4.5890511532462
ENSSSCG00000005352,-0.774434225214997,-2.27533557831912
ENSSSCG00000005354,3.44647652775207,2.91620519333423
ENSSSCG00000005355,1.99969571546966,1.9802277618688
ENSSSCG00000005356,5.10585739663894,5.5072340647936
ENSSSCG00000032554,5.68777985076774,5.59608664713038
ENSSSCG00000005358,3.91174070983612,2.92268698172859
ENSSSCG00000055084,-0.686560683805019,1.548845627756
ENSSSCG00000058329,0.902775359205073,1.42647607361694
ENSSSCG00000056356,0.47753036411502,-0.289123515071902
ENSSSCG00000054952,-0.6037335549306,-1.54570714867312
ENSSSCG00000049366,-2.20115708176131,-0.414234639036479
ENSSSCG00000041432,-1.976085364955,-0.964427270899581
ENSSSCG00000063066,4.46596679346418,3.4525507079545
ENSSSCG00000005373,5.33702958817175,4.12150571432688
ENSSSCG00000004013,6.9163698989227,7.8507132560282
ENSSSCG00000030535,6.81698841716223,6.11357341447669
ENSSSCG00000031776,2.93935885962289,3.58512788582312
ENSSSCG00000024019,4.43691450389901,4.10450186370333
ENSSSCG00000012314,3.85795915304224,4.12432030667515
ENSSSCG00000012315,6.14011574863639,6.02973903612609
ENSSSCG00000004017,0.958352864156609,1.66164245403454
ENSSSCG00000004016,1.38071206478968,0.615610397484158
ENSSSCG00000004018,6.81275408126522,7.13463813546653
ENSSSCG00000004010,5.26722479072991,5.66825734788469
ENSSSCG00000004009,0.183136955639335,1.05384751029812
ENSSSCG00000030155,6.12577489761312,6.52114167532764
ENSSSCG00000038931,4.91889741026036,4.60324349748763
ENSSSCG00000004008,4.32508531169335,4.44339038221649
ENSSSCG00000004012,4.24633721660844,3.68382510911523
ENSSSCG00000004029,6.76922729134869,7.16673326733202
ENSSSCG00000038153,5.91984008071749,5.33691507700456
ENSSSCG00000004032,2.69133155577395,2.29198550125994
ENSSSCG00000004033,4.16599508484442,4.16041892443633
ENSSSCG00000004037,5.09814591967378,5.26604502852297
ENSSSCG00000004024,6.59662430024219,5.94948620877504
ENSSSCG00000004022,5.74321978391688,5.33448645445424
ENSSSCG00000032916,6.36240914372261,6.57614152526864
ENSSSCG00000004020,6.55779394960966,6.29188783859524
ENSSSCG00000004027,0.515080245807192,0.372139121137058
ENSSSCG00000035027,2.51722112452346,2.06470675742136
ENSSSCG00000060508,1.99969571546966,1.31263544737941
ENSSSCG00000004064,6.0398247002444,6.18338670874276
ENSSSCG00000027404,4.55653890219201,5.17531904247595
ENSSSCG00000022580,0.13571138072984,-0.624943747829482
ENSSSCG00000032403,-0.6037335549306,-3.82416175559903
ENSSSCG00000004023,5.56560098184572,5.49749761615164
ENSSSCG00000038527,-0.6037335549306,-1.6964847871246
ENSSSCG00000062590,0.874162537149699,-1.06343627958185
ENSSSCG00000047676,1.72314896938536,1.91670578029932
ENSSSCG00000047753,1.03789987789575,2.07638127694377
ENSSSCG00000043814,-0.071311274400066,2.39813013632454
ENSSSCG00000048885,-0.774434225214997,0.79589242289581
ENSSSCG00000062461,1.38071206478968,0.615610397484158
ENSSSCG00000054024,-0.774434225214997,0.904668467894398
ENSSSCG00000050646,-0.868009231170092,-0.230414558288775
ENSSSCG00000059587,-2.20115708176131,-1.06343627958185
ENSSSCG00000063447,-0.6037335549306,-0.0673909604895641
ENSSSCG00000004484,8.50617052266744,5.5981127948841
ENSSSCG00000004454,4.9380310482183,3.77977524102448
ENSSSCG00000032015,9.11210769895306,8.55044381723199
ENSSSCG00000004469,6.56452524458507,6.33686832226518
ENSSSCG00000004470,6.12045528386034,5.54972942479363
ENSSSCG00000004473,3.43672601243127,4.46797308528954
ENSSSCG00000004478,6.00065239517442,5.72220227460997
ENSSSCG00000020702,6.59388509823682,6.71050762119278
ENSSSCG00000029129,3.72407603371596,2.45289588892133
ENSSSCG00000004456,5.1332823241636,4.17406599580183
ENSSSCG00000004457,5.64502009492865,6.50179133674327
ENSSSCG00000026346,1.97295929665426,1.70740881248283
ENSSSCG00000053568,-0.868009231170092,-1.54570714867312
ENSSSCG00000004458,4.62253506799777,2.92913977873282
ENSSSCG00000004460,5.80894335666908,5.74980434359014
ENSSSCG00000004472,4.52927125278867,4.5705962703615
ENSSSCG00000004446,5.8397908640115,5.72498636717766
ENSSSCG00000004453,0.689434225427014,2.02910543258505
ENSSSCG00000004479,4.89239027334682,5.39517397542625
ENSSSCG00000033155,7.33808777764937,7.00319673519017
ENSSSCG00000004480,5.8305125905654,5.83645871805103
ENSSSCG00000004435,5.69393241476293,4.49432132126936
ENSSSCG00000004438,6.15802909907787,5.90434987719646
ENSSSCG00000004441,3.11470366257417,3.45702311573383
ENSSSCG00000031898,3.26553038325255,2.86327503004226
ENSSSCG00000004464,8.85697580878906,7.85092568018664
ENSSSCG00000004465,4.30110303528958,4.18219270048509
ENSSSCG00000004466,0.72191195620079,-0.289123515071902
ENSSSCG00000028080,1.87527570583285,1.10033230279389
ENSSSCG00000004475,2.39162541398217,5.20087610814675
ENSSSCG00000047800,5.95356514392522,5.98088319434253
ENSSSCG00000059566,-1.45670196380968,-0.78472289261437
ENSSSCG00000058663,-0.380455165278715,0.738265774167816
ENSSSCG00000062560,5.64924801444397,5.63607861852144
ENSSSCG00000057254,-2.20115708176131,0.0318806818288641
ENSSSCG00000056387,-1.31818014718968,-0.0673909604895641
ENSSSCG00000054452,0.0359102671599988,-0.481109027935221
ENSSSCG00000053341,-1.45670196380968,-0.0673909604895641
ENSSSCG00000051809,1.51650785122028,2.96726196308175
ENSSSCG00000061057,3.24891075232122,4.2686895769555
ENSSSCG00000004328,5.52361378551654,6.64635764017117
ENSSSCG00000004291,2.67483616828021,0.51625090059353
ENSSSCG00000004293,6.27823889080841,6.33261540803968
ENSSSCG00000004294,6.80708889823148,6.63110170046354
ENSSSCG00000022994,3.57648557637632,3.19316420856271
ENSSSCG00000026943,4.02669724728887,2.5565593570002
ENSSSCG00000004289,4.89060569355461,5.50291486449861
ENSSSCG00000051834,3.11470366257417,3.08173696809818
ENSSSCG00000026246,1.33944395982878,1.79480357676921
ENSSSCG00000004279,4.31979026323652,4.40223808444598
ENSSSCG00000035281,4.37188602326707,5.07414200704571
ENSSSCG00000004300,2.81691510587633,3.08751753508833
ENSSSCG00000055021,-0.774434225214997,-0.230414558288775
ENSSSCG00000004302,5.53622460666058,5.108662119179
ENSSSCG00000004304,5.92769305480534,5.3453832041695
ENSSSCG00000004303,4.87444435354186,4.48559193398023
ENSSSCG00000004306,4.74610731022057,4.58087811400677
ENSSSCG00000004307,5.8535973423744,5.70350307589525
ENSSSCG00000004309,1.13756809465378,3.05248152111906
ENSSSCG00000050040,-1.07560684537938,0.647265633957376
ENSSSCG00000004331,3.61590318182574,3.87976854376592
ENSSSCG00000004330,0.0866736428889641,0.294298826806809
ENSSSCG00000004280,3.15093553532168,0.0790671408551012
ENSSSCG00000004281,1.72314896938536,2.42577286549425
ENSSSCG00000004283,1.84610665102851,-2.85117878809169
ENSSSCG00000058051,1.94571802033876,-2.53471534769233
ENSSSCG00000004336,2.35067276244516,2.8222627439312
ENSSSCG00000029003,5.83144310769255,5.61821928843511
ENSSSCG00000057615,-3.82416175559903,1.18903632798696
ENSSSCG00000033562,2.3297520885663,1.9036587274475
ENSSSCG00000052938,-1.19180123640617,0.124759019246936
ENSSSCG00000058397,4.54296949803801,4.09592418918778
ENSSSCG00000061089,3.01993118422353,3.29159958611275
ENSSSCG00000042663,1.49787364177406,2.19892754442265
ENSSSCG00000063094,0.0866736428889641,0.124759019246936
ENSSSCG00000045140,-0.96807720485524,-0.481109027935221
ENSSSCG00000044841,6.0558377031075,6.32529540233988
ENSSSCG00000038663,2.02594564966019,2.62969400118923
ENSSSCG00000037982,-1.07560684537938,-0.0169014492655093
ENSSSCG00000004276,4.19809371766512,3.81155573333132
ENSSSCG00000039025,2.66651720471281,0.124759019246936
ENSSSCG00000035730,4.1835919013962,4.83222767665003
ENSSSCG00000005177,2.08955398431033,2.64545467936437
ENSSSCG00000005178,4.60740379605084,4.55190225121471
ENSSSCG00000005180,4.65232967670573,4.97627701815204
ENSSSCG00000005182,2.82441264416951,2.84291461693407
ENSSSCG00000005183,6.3929849982317,6.28938215535522
ENSSSCG00000005184,4.84893902233177,4.93037669146169
ENSSSCG00000005186,3.36656240498575,2.75120663352335
ENSSSCG00000005194,1.1132890985785,3.36006143138542
ENSSSCG00000005196,2.96671934204476,2.95466616546181
ENSSSCG00000005190,4.99229175929187,4.84080927699702
ENSSSCG00000005191,6.00560749571433,5.99786465426408
ENSSSCG00000036360,2.7633121446217,2.40740335383752
ENSSSCG00000054565,-0.96807720485524,-1.40920704473941
ENSSSCG00000041617,-0.868009231170092,-0.624943747829482
ENSSSCG00000061754,3.22077869811913,3.19851591260962
ENSSSCG00000061890,0.13571138072984,1.70740881248283
ENSSSCG00000005459,6.5056997111335,6.54706940738146
ENSSSCG00000037744,0.551677535663921,0.85130538708557
ENSSSCG00000021386,3.83957701418461,3.14408396275198
ENSSSCG00000042365,0.58736937234432,1.07727712061465
ENSSSCG00000005460,5.11811065997627,4.6092834499602
ENSSSCG00000046439,6.13861288084036,6.12766869733837
ENSSSCG00000005463,-3.22005278102631,-0.702622497962026
ENSSSCG00000022780,1.72314896938536,2.54819961906087
ENSSSCG00000005466,6.97480880798773,6.90308965636101
ENSSSCG00000005467,4.82484483043853,4.58087811400677
ENSSSCG00000005469,2.54471531554339,2.6137592424759
ENSSSCG00000026194,4.90128020948336,4.97471832009399
ENSSSCG00000005440,4.35127290662356,4.36464601690874
ENSSSCG00000005441,4.64387953334966,4.91257694391658
ENSSSCG00000005444,6.40740941642169,6.26024959095985
ENSSSCG00000005446,6.61186845565839,6.28875505397159
ENSSSCG00000005449,5.80705244171022,5.74432601546784
ENSSSCG00000033120,6.26107537702852,5.76971542273301
ENSSSCG00000005452,2.47020003230929,1.58198313393422
ENSSSCG00000005453,6.78804265807493,6.29438917749058
ENSSSCG00000005455,5.56671898361033,3.68000417823861
ENSSSCG00000005457,4.70810908584026,2.72177442956269
ENSSSCG00000053039,4.21245121272598,4.37649910198119
ENSSSCG00000005424,4.01691452263613,5.01925056701287
ENSSSCG00000005423,6.23529265581277,6.29063554096127
ENSSSCG00000031592,4.36676028941965,4.01330633086429
ENSSSCG00000005436,7.13261479755709,7.01651432944266
ENSSSCG00000005437,4.89239027334682,3.69900843346431
ENSSSCG00000005487,5.5097296282133,5.26731884482486
ENSSSCG00000005488,0.515080245807192,-0.871778856036138
ENSSSCG00000023894,5.7918352317888,6.49691292541053
ENSSSCG00000005490,4.42216598209886,4.66253441976813
ENSSSCG00000053522,6.93120304276356,6.84156577858486
ENSSSCG00000005229,6.19898171102504,7.63552848202349
ENSSSCG00000059646,-0.96807720485524,-2.27533557831912
ENSSSCG00000036457,-0.96807720485524,-1.86487943217923
ENSSSCG00000005494,8.49784255795908,5.96762287188313
ENSSSCG00000005232,6.6450608846905,6.85094205036963
ENSSSCG00000005465,1.57100848239729,1.95515358576145
ENSSSCG00000005198,4.49444557226456,4.45461629104527
ENSSSCG00000005199,2.47972765327197,2.28193723327874
ENSSSCG00000005201,5.1938699938379,5.43198889501237
ENSSSCG00000005204,5.52361378551654,5.55182168682216
ENSSSCG00000005203,4.44423260771567,3.58103602582508
ENSSSCG00000005235,7.12504539819184,8.49348394919573
ENSSSCG00000005484,3.44160950748466,3.56869034806267
ENSSSCG00000005485,-0.774434225214997,0.212017947135459
ENSSSCG00000005240,3.97036366875897,4.24819193089915
ENSSSCG00000005486,4.58550862947328,4.9093168986526
ENSSSCG00000004233,2.07705469961597,0.708565629647667
ENSSSCG00000004236,1.49787364177406,-0.78472289261437
ENSSSCG00000005241,5.31590867260505,5.3296169098571
ENSSSCG00000004237,8.44896288372275,7.75747747373526
ENSSSCG00000038420,8.39616938517733,7.97168582778636
ENSSSCG00000004238,5.998996905796,5.9051683918046
ENSSSCG00000004172,4.06833886086946,4.80266240186344
ENSSSCG00000005243,7.5555648871846,7.07332979452989
ENSSSCG00000021149,2.12641493269169,2.45289588892133
ENSSSCG00000022387,3.02644675824992,3.17698894188192
ENSSSCG00000033258,1.70701541088768,-0.871778856036138
ENSSSCG00000004154,2.86859760426546,2.57313489923399
ENSSSCG00000051392,-0.774434225214997,-1.28451287928067
ENSSSCG00000004177,10.2209468227546,9.04870331579286
ENSSSCG00000043047,-1.78143407576197,-1.28451287928067
ENSSSCG00000051799,-0.071311274400066,-0.0673909604895641
ENSSSCG00000004178,3.5129450340698,3.31642485261404
ENSSSCG00000061287,0.438976972203651,-1.06343627958185
ENSSSCG00000041449,3.53138682335892,3.94171349924894
ENSSSCG00000043626,-0.6037335549306,0.0790671408551012
ENSSSCG00000060784,1.13756809465378,1.70740881248283
ENSSSCG00000004179,8.01018227302755,2.62174862191205
ENSSSCG00000062611,1.36022556587904,1.56550952137607
ENSSSCG00000055985,-0.96807720485524,-1.40920704473941
ENSSSCG00000034087,1.49787364177406,0.767366807455606
ENSSSCG00000004180,1.0885945093173,-2.05555929136582
ENSSSCG00000051325,0.0359102671599988,1.23142354660134
ENSSSCG00000044363,0.656208489639131,0.583244978335558
ENSSSCG00000004149,6.74967114344918,7.25958503086141
ENSSSCG00000004150,5.71324421711124,5.06830748898315
ENSSSCG00000004181,6.63603546011971,1.86379432043539
ENSSSCG00000022968,1.29696053674266,1.12302483629253
ENSSSCG00000004193,4.19520499262753,5.2634940168274
ENSSSCG00000021443,5.51668840903297,3.47477537670041
ENSSSCG00000004534,1.33944395982878,1.73713253770228
ENSSSCG00000004528,2.92548154303131,3.05838026318875
ENSSSCG00000025992,5.43700874039862,5.55912080087131
ENSSSCG00000004529,4.24074453303866,4.45013640418746
ENSSSCG00000032835,3.24332805561604,3.53946615614801
ENSSSCG00000004196,5.70209522963116,5.96212711463591
ENSSSCG00000004142,5.8397908640115,6.58280744144321
ENSSSCG00000004143,2.06444617595092,2.22013201354959
ENSSSCG00000004530,-1.976085364955,-0.289123515071902
ENSSSCG00000004531,2.08955398431033,2.08796208222624
ENSSSCG00000005250,3.29820607603459,3.60943828321365
ENSSSCG00000005252,2.39162541398217,3.64906686383064
ENSSSCG00000035243,3.31958582976416,2.9031535920818
ENSSSCG00000004589,5.23242324020512,5.5061554763962
ENSSSCG00000035668,5.29717077035146,4.66640183766178
ENSSSCG00000030655,4.08716004251789,6.27235399974426
ENSSSCG00000004123,8.09631601356726,7.21802910595822
ENSSSCG00000005255,5.46486032496086,5.69311426191051
ENSSSCG00000004592,6.18084278766174,6.4273941682063
ENSSSCG00000021646,5.27955064198672,6.29501383517458
ENSSSCG00000005257,4.37954063903287,3.54367745980086
ENSSSCG00000057517,-0.187145967968861,-0.0673909604895641
ENSSSCG00000004125,0.930831724376776,0.212017947135459
ENSSSCG00000004127,2.99357058002226,2.75120663352335
ENSSSCG00000024131,2.98690447673027,3.37903972325696
ENSSSCG00000024257,5.10123545853303,4.27883021383834
ENSSSCG00000004576,1.0885945093173,1.49766699261516
ENSSSCG00000005225,4.14519046341781,4.12432030667515
ENSSSCG00000004224,3.42690914917156,3.86638156038223
ENSSSCG00000004225,5.05099086674281,4.10450186370333
ENSSSCG00000039823,1.31835862021284,-1.28451287928067
ENSSSCG00000005227,4.85992513752501,5.1409864083489
ENSSSCG00000005221,5.92943237034477,6.33868716887911
ENSSSCG00000005222,2.89019276770254,4.06402904613183
ENSSSCG00000040918,4.16599508484442,4.54771492263576
ENSSSCG00000005224,6.41487833565619,6.87244640577728
ENSSSCG00000004577,4.64599671379048,4.74531097230522
ENSSSCG00000004132,4.48973797772101,5.2938124219317
ENSSSCG00000005205,5.0621323715976,5.27240289267437
ENSSSCG00000004578,9.80356880596225,9.19082871494807
ENSSSCG00000005207,6.07088717563072,4.3975922961604
ENSSSCG00000004133,6.51325790615126,6.23051660290929
ENSSSCG00000005208,4.15414349138175,4.56439180639477
ENSSSCG00000004134,4.27671534681653,3.97327825465553
ENSSSCG00000036790,5.14230932541009,4.51591646415802
ENSSSCG00000039598,1.94571802033876,2.18820728069852
ENSSSCG00000004136,4.06201017126539,4.84080927699702
ENSSSCG00000005211,1.33944395982878,0.79589242289581
ENSSSCG00000004138,5.08259819521484,5.42401552234302
ENSSSCG00000005212,4.17482032190468,3.95758220097463
ENSSSCG00000004199,6.18011246553698,6.41135181673751
ENSSSCG00000004139,1.94571802033876,3.08751753508833
ENSSSCG00000005216,-0.6037335549306,2.34120312316572
ENSSSCG00000004582,5.30120657359952,5.72498636717766
ENSSSCG00000004583,5.25340474682323,4.91420420819291
ENSSSCG00000004140,5.57785160705585,5.32717596007143
ENSSSCG00000005215,3.96019002095856,4.85612868314178
ENSSSCG00000004584,4.92239518125133,1.14536595329469
ENSSSCG00000004586,5.65976392169134,5.59100879334488
ENSSSCG00000004587,6.18303153842752,5.90271145350597
ENSSSCG00000004156,5.66290380476798,5.89449130768572
ENSSSCG00000004588,1.51650785122028,-0.624943747829482
ENSSSCG00000005217,3.96698041800067,4.42524523437298
ENSSSCG00000004157,3.63308226616768,-0.0169014492655093
ENSSSCG00000004159,-0.313099436094831,-0.551234614202225
ENSSSCG00000023595,5.87361079907213,6.44382351913071
ENSSSCG00000004160,4.61822801700036,3.7472788709232
ENSSSCG00000004535,3.33541525760166,3.44806439242055
ENSSSCG00000005219,5.40860887198974,5.7920130273752
ENSSSCG00000026041,4.93110268660768,5.25837842112513
ENSSSCG00000004223,6.41921741505931,5.85860104442169
ENSSSCG00000004190,4.49913785561178,5.02679150841308
ENSSSCG00000005220,2.47020003230929,2.1108484849407
ENSSSCG00000039049,5.99401900902855,5.7920130273752
ENSSSCG00000042982,-0.96807720485524,-1.86487943217923
ENSSSCG00000056124,0.0359102671599988,1.03003110897365
ENSSSCG00000051776,0.656208489639131,2.09945066583008
ENSSSCG00000043234,-2.20115708176131,-1.06343627958185
ENSSSCG00000054958,-0.96807720485524,-0.964427270899581
ENSSSCG00000060676,-2.20115708176131,0.169048095927475
ENSSSCG00000057292,-1.19180123640617,1.63030453743178
ENSSSCG00000004191,4.94492629620376,1.75176786229133
ENSSSCG00000056901,-1.78143407576197,0.51625090059353
ENSSSCG00000053418,0.13571138072984,2.01704038155276
ENSSSCG00000053718,2.92548154303131,2.30196426756707
ENSSSCG00000061171,-0.525404570246514,-0.289123515071902
ENSSSCG00000058961,-1.45670196380968,0.767366807455606
ENSSSCG00000061136,-0.774434225214997,-0.174001573015732
ENSSSCG00000004192,7.01098803687798,5.82698753183571
ENSSSCG00000047530,-1.07560684537938,-1.86487943217923
ENSSSCG00000058411,1.40091172062405,1.66164245403454
ENSSSCG00000062003,0.0866736428889641,1.95515358576145
ENSSSCG00000004201,0.985358817624548,-0.702622497962026
ENSSSCG00000005062,5.41607160017729,5.33812785687609
ENSSSCG00000004537,6.63603546011971,6.07408591133914
ENSSSCG00000004209,6.52595917657413,6.16778308455565
ENSSSCG00000057314,3.03939028735737,3.27142714031653
ENSSSCG00000050857,4.45634755530598,5.47452039550892
ENSSSCG00000058562,1.51650785122028,2.45289588892133
ENSSSCG00000005096,7.65825204198532,6.8065091274743
ENSSSCG00000004538,5.04297963835434,4.76888562468142
ENSSSCG00000005097,3.74792783995943,3.90290095805923
ENSSSCG00000005098,-0.128066380263549,-0.0169014492655093
ENSSSCG00000041512,1.78593734007211,1.05384751029812
ENSSSCG00000004541,5.21113208498388,5.26986310826736
ENSSSCG00000047303,-0.96807720485524,-0.702622497962026
ENSSSCG00000023408,4.96372004197033,3.99496973430403
ENSSSCG00000004542,6.96678542300678,7.09321899145116
ENSSSCG00000035715,1.60623101893403,1.5319870059135
ENSSSCG00000005102,4.53385180124496,4.67602526698248
ENSSSCG00000004543,3.43182593067921,3.95758220097463
ENSSSCG00000004544,5.56224176882914,5.47782534572173
ENSSSCG00000038602,0.273552666612953,-0.35032329061541
ENSSSCG00000005066,5.34747521332019,5.34296880694927
ENSSSCG00000004545,-1.45670196380968,-0.414234639036479
ENSSSCG00000004215,2.4891927659918,1.00581493118192
ENSSSCG00000004216,5.86818005941551,5.25837842112513
ENSSSCG00000004547,4.41473479340871,4.40686896030259
ENSSSCG00000004217,5.79087880566664,5.68073933826009
ENSSSCG00000004163,7.34135777053308,7.24866295918309
ENSSSCG00000004218,3.03939028735737,4.00721999059348
ENSSSCG00000057184,1.99969571546966,0.708565629647667
ENSSSCG00000004220,2.99357058002226,3.21972638842588
ENSSSCG00000004221,4.58991432698507,4.36939894340719
ENSSSCG00000004548,0.358634535634919,-0.78472289261437
ENSSSCG00000004222,5.09194692203948,5.36693285789626
ENSSSCG00000004549,4.66073061401041,5.06098100238443
ENSSSCG00000004165,3.90114359527128,3.23543207783835
ENSSSCG00000004550,7.11131958659592,6.83942628232623
ENSSSCG00000004551,5.88082013071857,6.11357341447669
ENSSSCG00000004552,4.81170241273209,4.41608635552787
ENSSSCG00000004554,1.93190203123131,-0.414234639036479
ENSSSCG00000004203,4.16304130144163,4.34547616188606
ENSSSCG00000004558,5.25201543317233,5.35380191622885
ENSSSCG00000004204,-1.07560684537938,-0.289123515071902
ENSSSCG00000004205,5.54759411124741,4.81490980275087
ENSSSCG00000034137,8.08874780872423,6.01616472554185
ENSSSCG00000062397,4.7734791882503,4.78676140820253
ENSSSCG00000037275,1.91795245276096,0.904668467894398
ENSSSCG00000004207,5.00389407279323,4.3598773802293
ENSSSCG00000054762,4.31979026323652,5.2888033942268
ENSSSCG00000052089,0.515080245807192,1.21038560183454
ENSSSCG00000042703,6.67647145893248,6.7383321924559
ENSSSCG00000053390,-1.19180123640617,-0.551234614202225
ENSSSCG00000033894,1.87527570583285,0.79589242289581
ENSSSCG00000005065,5.22394444625881,5.64001751284128
ENSSSCG00000059141,0.958352864156609,2.14451141952173
ENSSSCG00000031332,5.13780288506433,5.43312435947941
ENSSSCG00000056139,3.2544719292997,3.2815486205146
ENSSSCG00000050757,2.50793871030225,2.37940294608589
ENSSSCG00000005067,-0.525404570246514,-1.06343627958185
ENSSSCG00000062659,1.33944395982878,1.23142354660134
ENSSSCG00000060884,1.01186851910195,2.35084832090034
ENSSSCG00000061752,1.13756809465378,1.3895183870631
ENSSSCG00000056433,3.44647652775207,2.65327091878993
ENSSSCG00000052935,-1.45670196380968,-0.702622497962026
ENSSSCG00000052386,-1.45670196380968,-0.702622497962026
ENSSSCG00000034124,4.97555347361088,4.85782084125562
ENSSSCG00000062236,-1.19180123640617,0.409538950709052
ENSSSCG00000060280,1.67419673092923,-0.551234614202225
ENSSSCG00000060378,-2.46795088038493,-0.871778856036138
ENSSSCG00000059265,-1.78143407576197,-1.06343627958185
ENSSSCG00000021588,6.08187666158928,3.0406111856635
ENSSSCG00000050451,1.65750311577385,1.67705978623095
ENSSSCG00000063217,0.0866736428889641,-0.0673909604895641
ENSSSCG00000055354,4.09647935018081,3.97327825465553
ENSSSCG00000058521,-0.6037335549306,-1.06343627958185
ENSSSCG00000018972,0.815176045257344,-0.481109027935221
ENSSSCG00000004561,6.61619450602677,6.40789083806503
ENSSSCG00000038786,2.95310396076255,2.85652010228678
ENSSSCG00000025013,5.74716987851068,6.23573177279782
ENSSSCG00000028737,5.04779171172921,4.92876757693145
ENSSSCG00000005052,2.69133155577395,3.27142714031653
ENSSSCG00000004822,5.12267893524269,4.65476834228662
ENSSSCG00000032332,4.91539113841395,5.44217604620629
ENSSSCG00000004825,5.1996470039554,5.42971528157494
ENSSSCG00000005054,7.07799166294383,6.8989865153185
ENSSSCG00000004795,6.66920325689916,6.89074505741601
ENSSSCG00000004732,-0.071311274400066,-3.25715427767274
ENSSSCG00000005055,8.04829994915614,8.9283493109444
ENSSSCG00000005056,1.44048186623276,-0.119711717242417
ENSSSCG00000005057,1.86076489630265,2.25136556593904
ENSSSCG00000040895,1.58872724014143,1.58198313393422
ENSSSCG00000005058,2.71572630700603,3.10472155298875
ENSSSCG00000032949,4.26022480317067,4.71201982191071
ENSSSCG00000004565,6.88981585208082,2.84291461693407
ENSSSCG00000005060,7.79380137508624,7.64192616912308
ENSSSCG00000026571,5.4624596795659,5.07995302427817
ENSSSCG00000004744,5.04297963835434,5.74798054466076
ENSSSCG00000023158,5.43578551920261,5.20752707669586
ENSSSCG00000004661,4.34346641910837,4.42524523437298
ENSSSCG00000004569,4.35903738012276,4.09017727487734
ENSSSCG00000004570,11.9787039462971,11.6547259410362
ENSSSCG00000004820,3.99049823274098,3.94490123394478
ENSSSCG00000033800,0.985358817624548,1.31263544737941
ENSSSCG00000004821,4.06201017126539,4.06988085757199
ENSSSCG00000005071,5.36814227527916,4.9495473644986
ENSSSCG00000004839,-0.451110226541143,-0.35032329061541
ENSSSCG00000049460,0.13571138072984,-0.414234639036479
ENSSSCG00000022299,6.71429238065147,6.60765957354099
ENSSSCG00000004826,6.15951188664924,4.45013640418746
ENSSSCG00000055131,2.91146944267663,0.85130538708557
ENSSSCG00000005072,6.41673953933948,6.26981412918669
ENSSSCG00000004836,-2.79553649653186,-0.702622497962026
ENSSSCG00000004823,5.70615938259116,5.37049337859636
ENSSSCG00000005073,4.98895960204814,5.10439200651423
ENSSSCG00000030560,5.63759129012053,6.10362413180061
ENSSSCG00000004662,1.73910410091577,1.70740881248283
ENSSSCG00000004663,3.21508585528298,4.74713814699021
ENSSSCG00000005075,-1.19180123640617,-0.964427270899581
ENSSSCG00000024088,5.07790101566353,5.39866555924204
ENSSSCG00000026900,3.63734526362365,3.2764967565249
ENSSSCG00000027270,2.98690447673027,2.97351886149602
ENSSSCG00000005076,3.92226055202717,3.98880537664164
ENSSSCG00000043519,0.47753036411502,1.03003110897365
ENSSSCG00000004830,4.58991432698507,5.09150530822672
ENSSSCG00000031856,4.49913785561178,3.29159958611275
ENSSSCG00000054906,-0.187145967968861,-0.0673909604895641
ENSSSCG00000005103,3.87971294905474,4.16041892443633
ENSSSCG00000004832,6.15431544893751,6.15131908651599
ENSSSCG00000037343,4.62682929890177,4.56231770799206
ENSSSCG00000005105,3.73605122845562,3.58103602582508
ENSSSCG00000005106,5.98735498221357,5.99863180978143
ENSSSCG00000004840,1.84610665102851,1.46251061004157
ENSSSCG00000026006,5.64502009492865,5.8008364618452
ENSSSCG00000035223,3.90468462268559,5.50938882547415
ENSSSCG00000004739,4.69180549873651,5.42857712978116
ENSSSCG00000004813,2.68310743737727,2.94832678617514
ENSSSCG00000005749,6.38476781552375,6.70816450077494
ENSSSCG00000063327,-1.45670196380968,-1.28451287928067
ENSSSCG00000056777,2.50793871030225,2.8013109451847
ENSSSCG00000004745,5.47799294155948,5.54658533142559
ENSSSCG00000028771,6.45709004335801,6.88494789583059
ENSSSCG00000035284,5.73429232785805,6.23377829266707
ENSSSCG00000004785,4.96372004197033,5.2259883046466
ENSSSCG00000055844,4.85077586103389,4.40223808444598
ENSSSCG00000030487,3.90468462268559,3.85286919280773
ENSSSCG00000039061,5.88261684860608,6.23963081559773
ENSSSCG00000057874,3.69982325149067,3.7472788709232
ENSSSCG00000058109,-1.45670196380968,0.647265633957376
ENSSSCG00000038452,1.49787364177406,1.86379432043539
ENSSSCG00000055636,-0.96807720485524,0.124759019246936
ENSSSCG00000055290,3.30358079088575,3.59327695279127
ENSSSCG00000004787,3.74002097233019,4.66833166578833
ENSSSCG00000035254,3.98381788531011,3.97639707678708
ENSSSCG00000057289,-1.78143407576197,-1.28451287928067
ENSSSCG00000040418,3.86524692547764,4.21952353308925
ENSSSCG00000005081,5.89156702631567,6.69307773630184
ENSSSCG00000004802,4.53156334491792,4.5539913667619
ENSSSCG00000004789,8.04569632018648,5.94392079191933
ENSSSCG00000005742,2.80937840000644,1.56550952137607
ENSSSCG00000005082,7.47717005985111,7.80495806402807
ENSSSCG00000004791,2.50793871030225,1.82279700553437
ENSSSCG00000005740,2.13849555630404,1.42647607361694
ENSSSCG00000005083,4.83230137783426,4.91420420819291
ENSSSCG00000004799,4.70810908584026,4.96218773686444
ENSSSCG00000004792,5.27545371460337,4.6272530531723
ENSSSCG00000005084,5.76383815790859,5.74889273232238
ENSSSCG00000005743,4.87082822536318,5.16168387523602
ENSSSCG00000039393,3.9430728702114,3.68763594710554
ENSSSCG00000005598,0.229053005082177,1.14536595329469
ENSSSCG00000005087,1.42083245509814,-0.871778856036138
ENSSSCG00000005089,3.65005919311859,4.12712941865
ENSSSCG00000005090,4.56998186635638,4.17134688947373
ENSSSCG00000005600,5.74519618313172,5.60719540996505
ENSSSCG00000024529,3.82095763271074,3.99804206402155
ENSSSCG00000004834,5.03330707060819,5.45341137129948
ENSSSCG00000005599,4.02018280699358,3.14962050828442
ENSSSCG00000005092,4.09027317203002,3.98261456680239
ENSSSCG00000050569,-1.45670196380968,-0.551234614202225
ENSSSCG00000005601,10.7397046575517,8.31282238977166
ENSSSCG00000054331,4.73819043121227,5.80610473563688
ENSSSCG00000055023,0.689434225427014,1.56550952137607
ENSSSCG00000005095,4.65863496142359,3.08173696809818
ENSSSCG00000059729,6.36240914372261,7.28338939743787
ENSSSCG00000044231,-0.313099436094831,-0.0169014492655093
ENSSSCG00000005602,6.01792129714371,5.96212711463591
ENSSSCG00000060230,-0.128066380263549,-1.54570714867312
ENSSSCG00000052653,-1.31818014718968,2.54819961906087
ENSSSCG00000061900,5.58669626462812,5.31120831735989
ENSSSCG00000058387,-1.976085364955,-0.702622497962026
ENSSSCG00000058801,0.438976972203651,-0.174001573015732
ENSSSCG00000056778,1.64061407306523,3.531006489389
ENSSSCG00000042837,0.958352864156609,0.445993691080189
ENSSSCG00000051146,-1.976085364955,-0.551234614202225
ENSSSCG00000061741,0.0359102671599988,1.03003110897365
ENSSSCG00000054949,-2.20115708176131,-0.871778856036138
ENSSSCG00000060976,3.55861489141936,3.80805894242148
ENSSSCG00000053803,0.273552666612953,1.29275702200006
ENSSSCG00000060694,-1.07560684537938,-1.28451287928067
ENSSSCG00000053134,-0.451110226541143,1.83659263049607
ENSSSCG00000062562,-0.313099436094831,0.767366807455606
ENSSSCG00000062715,-0.96807720485524,-2.27533557831912
ENSSSCG00000026014,-3.22005278102631,-0.702622497962026
ENSSSCG00000055525,0.58736937234432,1.37067834071865
ENSSSCG00000059991,-0.96807720485524,-2.27533557831912
ENSSSCG00000057496,3.56757790427603,3.53524252347769
ENSSSCG00000051017,-2.20115708176131,-1.16974403207503
ENSSSCG00000004814,5.55887471586514,5.78135317657327
ENSSSCG00000026425,0.399364956748047,-1.86487943217923
ENSSSCG00000029169,5.81271776762271,5.8157135540232
ENSSSCG00000005604,5.5498572995587,5.41139621891093
ENSSSCG00000036926,4.84341443242693,5.21150298982333
ENSSSCG00000032752,4.29301952559771,4.51377143815058
ENSSSCG00000031426,4.79271738408291,5.06976833209942
ENSSSCG00000005607,4.62253506799777,4.83909703575288
ENSSSCG00000004725,4.9603211569672,4.74164966589106
ENSSSCG00000004728,1.83129794321605,0.904668467894398
ENSSSCG00000005608,8.16085086997066,7.38985310148735
ENSSSCG00000004729,6.64823289575631,7.42708729593491
ENSSSCG00000004730,6.83333814256995,6.35435518567467
ENSSSCG00000033472,-0.774434225214997,-0.35032329061541
ENSSSCG00000004731,6.45528020636283,6.37754271122057
ENSSSCG00000004746,2.3297520885663,2.16652477447692
ENSSSCG00000004747,5.95441960702048,6.17254990404872
ENSSSCG00000032141,4.28217057167977,4.08440737639126
ENSSSCG00000004659,-0.071311274400066,0.708565629647667
ENSSSCG00000004666,5.09039300180185,6.2525520416878
ENSSSCG00000037384,5.6764315476657,5.64688480634271
ENSSSCG00000004668,3.12080585067565,3.4614817017213
ENSSSCG00000004670,0.273552666612953,0.169048095927475
ENSSSCG00000004671,2.80937840000644,2.84291461693407
ENSSSCG00000035964,-0.6037335549306,-1.28451287928067
ENSSSCG00000004672,2.70764046952107,3.93851870543183
ENSSSCG00000004673,1.20804577791874,0.51625090059353
ENSSSCG00000004674,2.02594564966019,2.22013201354959
ENSSSCG00000004675,1.75488470892769,0.409538950709052
ENSSSCG00000004676,0.0359102671599988,-0.230414558288775
ENSSSCG00000004678,1.13756809465378,-0.174001573015732
ENSSSCG00000024912,4.84893902233177,5.04473055607433
ENSSSCG00000038220,5.65135733692992,6.28750003285826
ENSSSCG00000005751,9.11926894864043,7.18639400326366
ENSSSCG00000029715,2.91146944267663,2.54819961906087
ENSSSCG00000023996,7.0736727106612,6.52060765574571
ENSSSCG00000031407,0.0359102671599988,0.0790671408551012
ENSSSCG00000023173,3.76361274712647,4.05520658198239
ENSSSCG00000021241,3.30358079088575,3.50963771843793
ENSSSCG00000040709,3.18627972778561,2.96097781055992
ENSSSCG00000024166,2.02594564966019,1.37067834071865
ENSSSCG00000032106,4.97218238575621,5.04324412577071
ENSSSCG00000031941,5.12419848477992,5.09724694531504
ENSSSCG00000035904,9.77053415967306,9.36974076088502
ENSSSCG00000035727,5.07633188448823,5.16988042999242
ENSSSCG00000038459,3.2320974322928,3.86301531473544
ENSSSCG00000040710,7.82870362577992,7.00587010703394
ENSSSCG00000005609,1.99969571546966,2.50565850261184
ENSSSCG00000062903,-0.96807720485524,0.169048095927475
ENSSSCG00000005610,4.85809991816693,2.92268698172859
ENSSSCG00000005611,3.72006211070162,3.84265121000384
ENSSSCG00000005613,4.33823852752945,4.02540251895583
ENSSSCG00000005614,6.43277017715116,7.0985960659336
ENSSSCG00000055491,3.16281340283161,2.93556384253476
ENSSSCG00000059456,5.85908314938646,4.70263429516396
ENSSSCG00000062610,3.36141768815191,2.28193723327874
ENSSSCG00000054501,1.80121655797197,0.956127932608039
ENSSSCG00000056855,2.03889365526185,1.23142354660134
ENSSSCG00000047673,-0.96807720485524,-0.871778856036138
ENSSSCG00000019358,-0.525404570246514,-1.40920704473941
ENSSSCG00000062001,-0.774434225214997,-0.0169014492655093
ENSSSCG00000057762,0.358634535634919,0.51625090059353
ENSSSCG00000037405,1.18493366366352,0.738265774167816
ENSSSCG00000037372,2.67483616828021,2.48828449091058
ENSSSCG00000029697,6.42970116440799,6.79992262448215
ENSSSCG00000049216,-0.313099436094831,0.169048095927475
ENSSSCG00000027726,3.31427052102589,4.40223808444598
ENSSSCG00000037508,9.24637115764176,8.86749603747509
ENSSSCG00000036639,7.44135232988582,7.25670193160763
ENSSSCG00000005518,6.15951188664924,6.72680376686835
ENSSSCG00000038036,0.930831724376776,0.372139121137058
ENSSSCG00000005528,5.49922811422353,5.97621698508766
ENSSSCG00000005529,6.55554318720726,6.36331762281564
ENSSSCG00000005530,1.87527570583285,1.29275702200006
ENSSSCG00000030089,5.25894866087993,5.01622311914729
ENSSSCG00000005532,4.38462124576695,4.16041892443633
ENSSSCG00000005533,1.70701541088768,0.481549931933635
ENSSSCG00000004679,4.19231047185544,3.97950917118174
ENSSSCG00000004687,7.82543798457075,7.19109982474634
ENSSSCG00000061749,-1.07560684537938,-1.28451287928067
ENSSSCG00000004684,5.7273103554448,5.60215657364276
ENSSSCG00000004691,5.78896404914695,5.81222683846303
ENSSSCG00000035827,5.20108764917854,5.2888033942268
ENSSSCG00000004334,5.25062478032424,5.21810525889276
ENSSSCG00000051899,8.91134352740714,7.8865906356234
ENSSSCG00000004040,5.25340474682323,5.16442123764544
ENSSSCG00000004044,6.87545128152049,6.86783524681204
ENSSSCG00000004039,1.38071206478968,1.07727712061465
ENSSSCG00000004332,0.72191195620079,0.615610397484158
ENSSSCG00000061618,-0.868009231170092,-2.27533557831912
ENSSSCG00000027974,4.55653890219201,4.37885807754393
ENSSSCG00000034239,4.06201017126539,3.97327825465553
ENSSSCG00000038300,-2.46795088038493,-0.702622497962026
ENSSSCG00000029687,5.34487088878949,5.31490887511496
ENSSSCG00000005399,5.75405662602028,5.7053839399974
ENSSSCG00000005617,5.82304676813786,5.328396951206
ENSSSCG00000005618,7.42695718310341,7.07114338296236
ENSSSCG00000005616,4.7441321596516,3.11607796930512
ENSSSCG00000005619,3.06493409078251,2.62969400118923
ENSSSCG00000005620,3.74397982295811,3.42084951981263
ENSSSCG00000005621,7.13826589791271,7.32404819612225
ENSSSCG00000005626,4.84893902233177,4.86456969570531
ENSSSCG00000005625,6.31728902178077,5.347793567567
ENSSSCG00000005627,6.11969373528987,6.02145881131102
ENSSSCG00000005623,7.43187380119022,6.27298826933367
ENSSSCG00000005628,7.61405394016383,5.19820711165668
ENSSSCG00000005629,0.183136955639335,-0.78472289261437
ENSSSCG00000032481,5.56224176882914,5.00862658791186
ENSSSCG00000005631,5.89779927642927,6.16778308455565
ENSSSCG00000005636,4.77541459323819,5.18882654694905
ENSSSCG00000022655,4.28489046817365,4.89784837555117
ENSSSCG00000022295,4.29571906444649,4.14109351412293
ENSSSCG00000005640,6.13861288084036,5.9629135057341
ENSSSCG00000005641,4.7696005716592,3.25611051968982
ENSSSCG00000005643,7.5365759024702,6.70769541968191
ENSSSCG00000032748,5.16463276826677,4.79561692122977
ENSSSCG00000005645,4.98561973078247,5.10296582238897
ENSSSCG00000005646,6.72684888941654,6.58331893076625
ENSSSCG00000005648,5.02844635883866,4.69129046740901
ENSSSCG00000005649,5.69393241476293,5.44555584052269
ENSSSCG00000005650,6.69038613672063,5.4701019849819
ENSSSCG00000005651,7.35792041131602,6.93469984704478
ENSSSCG00000005652,4.58771315999164,4.57265850960416
ENSSSCG00000005654,8.83638101753195,9.31597441281416
ENSSSCG00000005655,7.36243395207676,7.33926960318774
ENSSSCG00000005656,8.05309433884728,7.92946384214187
ENSSSCG00000005657,4.06201017126539,3.2302158225148
ENSSSCG00000063201,3.74397982295811,3.08173696809818
ENSSSCG00000005659,5.82771743273607,5.26731884482486
ENSSSCG00000005660,6.29587494975555,5.97777406569102
ENSSSCG00000005661,2.07705469961597,1.42647607361694
ENSSSCG00000005662,3.41205745805196,3.7939864025381
ENSSSCG00000005663,2.80937840000644,3.09900964522632
ENSSSCG00000005664,5.48392302161755,5.63113982932755
ENSSSCG00000005665,1.20804577791874,1.2726008670673
ENSSSCG00000005666,3.60288327825035,3.7140336270478
ENSSSCG00000005667,5.94413249670088,6.48108043501374
ENSSSCG00000005668,5.56112029075251,6.08784958340505
ENSSSCG00000005669,5.35526009751844,5.64001751284128
ENSSSCG00000056456,2.20892903416734,1.69231410194732
ENSSSCG00000054966,1.03789987789575,2.24102933224071
ENSSSCG00000005638,6.87680405217137,5.70726235517994
ENSSSCG00000035245,0.183136955639335,-2.27533557831912
ENSSSCG00000004144,4.79843917096021,4.79031013887507
ENSSSCG00000004145,4.61174323469253,2.84291461693407
ENSSSCG00000004146,5.4333359610007,4.87296160819045
ENSSSCG00000004147,7.05825502870054,7.27010737287567
ENSSSCG00000004148,5.0652999186481,5.62618407504472
ENSSSCG00000060537,-1.07560684537938,1.05384751029812
ENSSSCG00000034213,0.844970737784426,1.85025758473298
ENSSSCG00000005169,9.98981363645893,9.60239908971287
ENSSSCG00000005170,4.40226377999428,4.9011344098055
ENSSSCG00000035863,3.37679712473895,3.90944266068508
ENSSSCG00000027257,6.58508453762293,6.39279657250342
ENSSSCG00000056034,1.13756809465378,-0.289123515071902
ENSSSCG00000005393,3.04581876338901,1.2726008670673
ENSSSCG00000042524,-0.868009231170092,0.124759019246936
ENSSSCG00000038171,4.23513008473597,1.9802277618688
ENSSSCG00000005398,7.47538525389153,7.47500801859847
ENSSSCG00000042952,-2.20115708176131,-1.06343627958185
ENSSSCG00000049199,3.19787128988667,2.8965832451145
ENSSSCG00000005471,2.82441264416951,2.56487093313837
ENSSSCG00000005472,4.27671534681653,6.37931102557438
ENSSSCG00000005474,2.10194590665749,3.85286919280773
ENSSSCG00000047560,0.438976972203651,-0.624943747829482
ENSSSCG00000005475,1.36022556587904,1.4081155707733
ENSSSCG00000005477,5.77452179396242,5.71101186423649
ENSSSCG00000023714,3.41205745805196,2.18820728069852
ENSSSCG00000034278,5.85634285333207,5.55703910523884
ENSSSCG00000033177,4.54296949803801,4.19831005265196
ENSSSCG00000024648,5.15128019537821,4.96846663279424
ENSSSCG00000027688,4.06517798633305,4.36226366882995
ENSSSCG00000020987,4.61822801700036,4.69697353074055
ENSSSCG00000021173,2.47972765327197,2.07638127694377
ENSSSCG00000039861,3.57203861517619,3.3837455426488
ENSSSCG00000005478,4.74610731022057,4.83738275994563
ENSSSCG00000005479,0.58736937234432,0.333743892305565
ENSSSCG00000005480,5.3038908506142,5.75798302693669
ENSSSCG00000053708,6.48515168930017,5.33327060833431
ENSSSCG00000005425,7.11285114146378,7.3597163162043
ENSSSCG00000054150,2.83187141988282,3.35527759167279
ENSSSCG00000005426,5.18806975769765,5.08284977909638
ENSSSCG00000039896,4.04285580484531,4.00721999059348
ENSSSCG00000053150,-1.19180123640617,1.10033230279389
ENSSSCG00000004803,3.19208715058532,1.37067834071865
ENSSSCG00000004806,1.44048186623276,0.79589242289581
ENSSSCG00000004807,5.71223422555393,4.54771492263576
ENSSSCG00000033657,1.53490444243865,-2.27533557831912
ENSSSCG00000027232,-1.19180123640617,-1.06343627958185
ENSSSCG00000004811,1.81633565189514,1.95515358576145
ENSSSCG00000056845,2.49859618532626,2.72177442956269
ENSSSCG00000044690,2.10194590665749,2.1108484849407
ENSSSCG00000031669,4.07778014376273,3.62542057526231
ENSSSCG00000005671,6.29587494975555,6.31177816157399
ENSSSCG00000005672,7.40211957428038,7.57766276561033
ENSSSCG00000005673,3.55861489141936,3.20384783775857
ENSSSCG00000061305,2.24289690050099,1.61437655810064
ENSSSCG00000005678,3.68342522284369,3.7939864025381
ENSSSCG00000005679,4.24633721660844,4.30387428077335
ENSSSCG00000005680,-0.313099436094831,-0.702622497962026
ENSSSCG00000005688,3.46578206002313,3.98571329242528
ENSSSCG00000005683,5.57674220250872,5.89860723515138
ENSSSCG00000034518,4.910115700849,5.00557674002046
ENSSSCG00000030426,5.20396463099938,5.04473055607433
ENSSSCG00000024341,5.449184246222,5.59507250516862
ENSSSCG00000038868,6.87680405217137,6.76472860012826
ENSSSCG00000039311,6.32126901372203,6.6091673141142
ENSSSCG00000005699,0.358634535634919,0.169048095927475
ENSSSCG00000056056,0.753674621171028,-1.28451287928067
ENSSSCG00000046947,2.24289690050099,1.31263544737941
ENSSSCG00000060776,6.49222974356041,7.34229470751795
ENSSSCG00000005689,6.36819169478514,5.88124087042352
ENSSSCG00000051973,-1.31818014718968,0.550136777985776
ENSSSCG00000004047,4.83044085090812,5.1820886029746
ENSSSCG00000004048,6.03417789377131,6.39920189151934
ENSSSCG00000004049,4.82857792151252,4.6272530531723
ENSSSCG00000004050,6.19537212525704,6.353755705575
ENSSSCG00000040317,4.41721611177701,4.93999387046855
ENSSSCG00000004053,3.2320974322928,2.97974874118209
ENSSSCG00000004055,5.5396448759211,5.31120831735989
ENSSSCG00000004058,9.39129320193866,9.35977369879783
ENSSSCG00000004057,2.03889365526185,2.36042946327191
ENSSSCG00000033107,6.19826051599716,6.21079007363549
ENSSSCG00000024876,6.00560749571433,5.92225079004934
ENSSSCG00000018530,-1.19180123640617,0.333743892305565
ENSSSCG00000004052,7.57902421000555,7.9045072298528
ENSSSCG00000053023,1.40091172062405,1.82279700553437
ENSSSCG00000060777,-0.774434225214997,-0.0673909604895641
ENSSSCG00000052920,1.47899559533112,2.8013109451847
ENSSSCG00000046349,0.0359102671599988,0.0318806818288641
ENSSSCG00000061525,-0.451110226541143,1.12302483629253
ENSSSCG00000056817,-1.45670196380968,0.124759019246936
ENSSSCG00000005524,6.38603504781738,5.78758099093802
ENSSSCG00000061402,0.358634535634919,-0.414234639036479
ENSSSCG00000062745,-0.451110226541143,-0.702622497962026
ENSSSCG00000004572,1.87527570583285,1.64605858351007
ENSSSCG00000004573,3.98046607575606,2.90969415186618
ENSSSCG00000036431,5.42102539212675,5.78313529708041
ENSSSCG00000039009,4.28217057167977,5.09437898308959
ENSSSCG00000060679,0.13571138072984,1.46251061004157
ENSSSCG00000005282,4.58330072513487,5.03578891472655
ENSSSCG00000004699,-0.313099436094831,1.64605858351007
ENSSSCG00000004700,10.9543766065873,8.27833181359113
ENSSSCG00000004701,5.5178449495159,4.99331246305197
ENSSSCG00000004702,3.72407603371596,2.60572537283493
ENSSSCG00000004703,5.25756467832382,4.40223808444598
ENSSSCG00000004704,5.47323126467531,6.17797848145497
ENSSSCG00000004705,6.49458139909541,6.41480451250074
ENSSSCG00000031949,6.48515168930017,6.55387069336267
ENSSSCG00000004708,4.63111078580486,4.86119921482685
ENSSSCG00000004710,3.10857555428554,3.47477537670041
ENSSSCG00000048742,0.316720715261423,0.0318806818288641
ENSSSCG00000057474,4.14219373129512,3.80805894242148
ENSSSCG00000027161,4.81358724684029,5.69690067375972
ENSSSCG00000005247,6.14461498149288,6.07044196175539
ENSSSCG00000005249,4.62897163062413,5.39167392083903
ENSSSCG00000061837,0.399364956748047,1.35158900457553
ENSSSCG00000056909,-1.60995061428548,-0.551234614202225
ENSSSCG00000032999,3.2320974322928,3.39777159849472
ENSSSCG00000005109,0.399364956748047,0.409538950709052
ENSSSCG00000005110,8.22049266434217,8.43248016568793
ENSSSCG00000037292,5.23101356380149,1.4081155707733
ENSSSCG00000020666,5.21826410629706,4.56646292723879
ENSSSCG00000004736,1.0885945093173,-0.702622497962026
ENSSSCG00000004737,4.33561746042181,5.05066100954908
ENSSSCG00000057430,1.97295929665426,2.7871721045049
ENSSSCG00000004166,5.63012403442248,5.76701640285638
ENSSSCG00000004167,5.999824887944,6.89363492605
ENSSSCG00000060550,3.85430141485533,4.05815340206765
ENSSSCG00000004169,5.72330543349625,5.53499800924374
ENSSSCG00000004170,3.56310335838579,2.73656558548579
ENSSSCG00000004311,4.91187632429108,5.22205216599255
ENSSSCG00000060394,1.13756809465378,1.25215911194267
ENSSSCG00000039953,6.7672835625379,7.2200040134169
ENSSSCG00000051930,-0.313099436094831,-0.702622497962026
ENSSSCG00000032781,2.93243688704098,2.28193723327874
ENSSSCG00000060291,-0.686560683805019,-1.54570714867312
ENSSSCG00000004314,6.39361515487282,6.67878915796015
ENSSSCG00000024249,0.47753036411502,-1.06343627958185
ENSSSCG00000004317,6.24928645093566,5.68646403429335
ENSSSCG00000004318,5.38598623578128,5.92548177188837
ENSSSCG00000004322,5.93377150722206,6.26216757808207
ENSSSCG00000004324,5.19676139051812,4.78142189117872
ENSSSCG00000027558,6.76241275244166,5.11716461428177
ENSSSCG00000005378,5.05577633706471,4.72134468506831
ENSSSCG00000005379,7.08112461797068,5.35380191622885
ENSSSCG00000005380,7.54369060755899,8.16910725060657
ENSSSCG00000005382,5.58669626462812,6.03348712154964
ENSSSCG00000042369,4.25190830353837,4.10450186370333
ENSSSCG00000005383,5.4720383857518,4.78853686468123
ENSSSCG00000038914,6.9229327400836,5.90434987719646
ENSSSCG00000005701,3.37679712473895,2.09945066583008
ENSSSCG00000042995,1.1132890985785,2.75120663352335
ENSSSCG00000005702,5.77935196082041,5.58795348006003
ENSSSCG00000005704,3.48955626337053,3.84265121000384
ENSSSCG00000005706,7.13751369558758,7.26246237998393
ENSSSCG00000005707,1.73910410091577,1.70740881248283
ENSSSCG00000005710,6.18448886299459,4.79208123614213
ENSSSCG00000034178,3.82843424607976,3.05838026318875
ENSSSCG00000005711,5.89513160804564,5.75435377945145
ENSSSCG00000041350,-0.96807720485524,0.294298826806809
ENSSSCG00000028172,0.874162537149699,0.445993691080189
ENSSSCG00000005713,2.44123372499091,2.51426767165911
ENSSSCG00000005715,8.12903886658941,8.06509949776002
ENSSSCG00000005716,5.498056546694,5.68551149439155
ENSSSCG00000005717,2.55376482786368,1.9802277618688
ENSSSCG00000031465,3.02644675824992,3.65297050406999
ENSSSCG00000005719,5.85817029557915,6.06165874661435
ENSSSCG00000004738,6.61078491314026,5.40677987546547
ENSSSCG00000004087,7.08581133072642,7.18639400326366
ENSSSCG00000004088,4.62468378118974,4.12150571432688
ENSSSCG00000004089,3.95678279945859,3.85286919280773
ENSSSCG00000050987,2.83929183176385,3.89961894959634
ENSSSCG00000042025,0.316720715261423,0.212017947135459
ENSSSCG00000004090,3.15093553532168,3.26633964668703
ENSSSCG00000031733,6.33051318403016,6.86067979400307
ENSSSCG00000004092,5.54305705575252,5.53605525631129
ENSSSCG00000032778,6.44983703290879,5.26986310826736
ENSSSCG00000047804,-0.868009231170092,-1.28451287928067
ENSSSCG00000032787,5.65556675244869,5.76971542273301
ENSSSCG00000004244,2.75548937239974,2.23061850955662
ENSSSCG00000004245,3.38188738520723,3.73995696235144
ENSSSCG00000004247,1.72314896938536,2.34120312316572
ENSSSCG00000004249,3.82843424607976,3.58920817305299
ENSSSCG00000062089,6.07009899982013,5.6281684200266
ENSSSCG00000004246,3.83957701418461,5.28377691460006
ENSSSCG00000054004,-0.6037335549306,-0.78472289261437
ENSSSCG00000005078,6.35918657210475,5.90434987719646
ENSSSCG00000032928,2.34025034678746,2.85652010228678
ENSSSCG00000037854,4.85627238671508,5.50075040552738
ENSSSCG00000034798,5.42596223239699,5.36336352821136
ENSSSCG00000027678,4.2739799794474,4.96061373372648
ENSSSCG00000051993,-1.78143407576197,-0.289123515071902
ENSSSCG00000038033,4.39472909651868,4.41838153206954
ENSSSCG00000004771,3.76750747339567,3.37903972325696
ENSSSCG00000004772,5.5039048935229,5.45564797462132
ENSSSCG00000004774,5.92333556974423,6.46729087743245
ENSSSCG00000053306,2.82441264416951,2.84973339804375
ENSSSCG00000004776,0.815176045257344,0.372139121137058
ENSSSCG00000023975,5.71828359603034,6.27171945118054
ENSSSCG00000063043,1.44048186623276,2.02910543258505
ENSSSCG00000004779,1.18493366366352,1.31263544737941
ENSSSCG00000004781,1.64061407306523,1.8904926055864
ENSSSCG00000004782,1.72314896938536,-1.54570714867312
ENSSSCG00000005720,4.0524647763966,4.06402904613183
ENSSSCG00000005723,-1.45670196380968,-0.551234614202225
ENSSSCG00000045836,2.96671934204476,3.27142714031653
ENSSSCG00000005724,5.78800571706302,5.73974479718111
ENSSSCG00000005725,4.40975931685619,4.58087811400677
ENSSSCG00000005727,5.0525877878967,5.56016052337376
ENSSSCG00000005729,3.72006211070162,4.45685102861095
ENSSSCG00000005731,5.10893048291671,5.31859996510395
ENSSSCG00000039188,6.21047206853294,5.97621698508766
ENSSSCG00000022250,7.62643784271935,7.56968291989951
ENSSSCG00000046003,6.34231216850389,6.41077556323308
ENSSSCG00000032110,5.66707971361673,5.36574406226189
ENSSSCG00000005738,4.9822721096957,5.16442123764544
ENSSSCG00000031532,4.35127290662356,4.24819193089915
ENSSSCG00000004718,3.28739620076941,4.21688884379801
ENSSSCG00000022039,2.35067276244516,2.5565593570002
ENSSSCG00000044105,0.72191195620079,0.333743892305565
ENSSSCG00000044127,-0.96807720485524,-0.964427270899581
ENSSSCG00000035719,3.88330690365556,3.81504406924068
ENSSSCG00000004726,4.23231464574282,4.34306192035883
ENSSSCG00000038735,6.00972378520905,5.66342767950857
ENSSSCG00000004719,4.90482090201148,5.13959596209233
ENSSSCG00000005506,4.00376683837186,4.25591271664972
ENSSSCG00000028117,5.03330707060819,4.92231311122127
ENSSSCG00000057386,-1.60995061428548,0.85130538708557
ENSSSCG00000054168,2.16235749758156,2.04107042155791
ENSSSCG00000028671,-2.79553649653186,2.58952216140678
ENSSSCG00000004748,5.17199781011746,4.93999387046855
ENSSSCG00000035544,4.56103382250096,4.19831005265196
ENSSSCG00000004750,4.03318240403036,4.14664152576464
ENSSSCG00000004751,6.80850728092383,6.67014758645433
ENSSSCG00000004752,2.77883157464872,2.99827857643353
ENSSSCG00000004753,5.21541552726595,5.52331686689231
ENSSSCG00000038521,1.84610665102851,0.823864935560437
ENSSSCG00000004755,4.39975658862565,3.12172282970965
ENSSSCG00000004757,5.11963502622843,5.07414200704571
ENSSSCG00000004758,4.87985160766444,4.51591646415802
ENSSSCG00000004759,6.46790164432271,6.41939529064542
ENSSSCG00000004760,2.34025034678746,2.19892754442265
ENSSSCG00000005612,-2.20115708176131,-1.16974403207503
ENSSSCG00000004761,4.14219373129512,4.35748713804954
ENSSSCG00000004762,3.58974480294054,3.55623811122485
ENSSSCG00000061289,4.9704938833126,4.09305359360425
ENSSSCG00000004765,2.20892903416734,2.88998283840744
ENSSSCG00000004766,0.930831724376776,0.904668467894398
ENSSSCG00000042522,1.60623101893403,-0.702622497962026
ENSSSCG00000036700,3.07124999498535,3.14408396275198
ENSSSCG00000048769,2.92548154303131,2.88335209564566
ENSSSCG00000004694,1.72314896938536,2.20956873606394
ENSSSCG00000004695,2.98020742906681,3.52249692414717
ENSSSCG00000040383,5.70311234171381,5.57772211669406
ENSSSCG00000054394,5.42596223239699,5.68265009537396
ENSSSCG00000004698,4.48737840746095,5.108662119179
ENSSSCG00000024263,8.03442665891408,7.57097298093151
ENSSSCG00000004709,4.85627238671508,5.16851756734465
ENSSSCG00000004714,-0.451110226541143,-0.551234614202225
ENSSSCG00000034771,5.12419848477992,5.03578891472655
ENSSSCG00000004716,4.73819043121227,4.16041892443633
ENSSSCG00000004717,5.31856575886511,5.21942209472372
ENSSSCG00000024623,5.45764637141157,5.57669497825297
ENSSSCG00000032702,4.15116531784127,3.8392290700897
ENSSSCG00000012014,4.90305164195241,4.79738151966837
ENSSSCG00000012000,5.38091044219599,4.67985673642103
ENSSSCG00000012001,3.13895906363686,2.29198550125994
ENSSSCG00000012002,2.79418583351156,3.46592655108512
ENSSSCG00000012004,0.13571138072984,-1.54570714867312
ENSSSCG00000037517,0.72191195620079,0.0790671408551012
ENSSSCG00000012006,3.00020602359109,1.58198313393422
ENSSSCG00000012007,5.23101356380149,4.1549237433736
ENSSSCG00000038062,-0.313099436094831,-0.481109027935221
ENSSSCG00000021038,6.89338475785313,5.56534792587947
ENSSSCG00000033025,4.79271738408291,4.9495473644986
ENSSSCG00000012018,-0.774434225214997,0.823864935560437
ENSSSCG00000012019,-1.78143407576197,-1.06343627958185
ENSSSCG00000059268,0.358634535634919,-2.05555929136582
ENSSSCG00000062471,2.39162541398217,1.59827076196444
ENSSSCG00000052492,-0.313099436094831,-1.06343627958185
ENSSSCG00000063207,-1.07560684537938,-1.86487943217923
ENSSSCG00000045021,0.0866736428889641,-0.414234639036479
ENSSSCG00000050085,2.77109272783156,1.85025758473298
ENSSSCG00000055111,1.64061407306523,1.59827076196444
ENSSSCG00000058638,0.358634535634919,0.409538950709052
ENSSSCG00000050520,-0.248748603557596,-0.624943747829482
ENSSSCG00000060148,1.83129794321605,0.930627626435109
ENSSSCG00000049248,-2.20115708176131,-1.16974403207503
ENSSSCG00000011491,5.92769305480534,6.04020923430508
ENSSSCG00000011493,4.70810908584026,5.1603132438677
ENSSSCG00000011494,5.78608714101831,5.58386963768483
ENSSSCG00000011495,5.23945103474902,5.3000493486593
ENSSSCG00000011489,2.06444617595092,2.09945066583008
ENSSSCG00000027617,0.0866736428889641,0.481549931933635
ENSSSCG00000011492,7.50046636648393,7.19512120494914
ENSSSCG00000035818,3.07124999498535,2.25136556593904
ENSSSCG00000054111,0.656208489639131,0.904668467894398
ENSSSCG00000011485,5.71626995629485,5.88788130133663
ENSSSCG00000011486,-0.071311274400066,-1.86487943217923
ENSSSCG00000011497,6.58728971578101,6.79816113329694
ENSSSCG00000011498,2.67483616828021,2.50565850261184
ENSSSCG00000011499,6.82541998679543,8.05370211252202
ENSSSCG00000011496,4.62253506799777,6.7857701043111
ENSSSCG00000011500,1.51650785122028,1.2726008670673
ENSSSCG00000011501,6.75703579895348,6.40036344575321
ENSSSCG00000033199,1.01186851910195,-1.06343627958185
ENSSSCG00000011504,4.57443516201582,4.81490980275087
ENSSSCG00000011510,5.625839613781,5.12421194834315
ENSSSCG00000011506,5.91633610193717,6.17050890968628
ENSSSCG00000033154,6.24230652036384,5.94312397685874
ENSSSCG00000052599,0.0359102671599988,0.930627626435109
ENSSSCG00000011511,5.57006779998055,5.67499183577983
ENSSSCG00000052366,-1.19180123640617,-1.28451287928067
ENSSSCG00000055133,-2.20115708176131,-0.289123515071902
ENSSSCG00000052080,0.622199479864748,0.767366807455606
ENSSSCG00000058450,-2.20115708176131,-0.964427270899581
ENSSSCG00000060589,-1.976085364955,-0.964427270899581
ENSSSCG00000057885,0.229053005082177,-2.53471534769233
ENSSSCG00000011577,-3.82416175559903,-0.624943747829482
ENSSSCG00000011538,4.26298635018155,4.94318540286659
ENSSSCG00000023082,-0.525404570246514,-0.174001573015732
ENSSSCG00000021585,-0.96807720485524,-1.54570714867312
ENSSSCG00000023891,3.46097984212366,2.75847181319094
ENSSSCG00000039010,-1.19180123640617,0.0790671408551012
ENSSSCG00000036136,5.40985534386528,4.57471780521643
ENSSSCG00000011535,6.55779394960966,6.35315597627104
ENSSSCG00000034197,7.87704675600231,6.70111221946895
ENSSSCG00000011609,9.88828182901605,6.26917846226732
ENSSSCG00000028031,6.51615439314546,6.37754271122057
ENSSSCG00000011610,4.00706500947703,4.78320392685906
ENSSSCG00000026158,2.69133155577395,2.68411916779552
ENSSSCG00000033624,6.57789434076666,6.85941337474983
ENSSSCG00000011542,4.49913785561178,4.79385016182077
ENSSSCG00000011540,6.6898731644217,6.73925049907765
ENSSSCG00000011546,5.79851251967709,5.52225023997777
ENSSSCG00000054876,1.27524029214877,0.823864935560437
ENSSSCG00000011548,4.45393269088626,4.8628854395471
ENSSSCG00000011549,1.57100848239729,1.63030453743178
ENSSSCG00000011550,4.28217057167977,5.15068218947751
ENSSSCG00000011552,8.09650954901012,8.68604267387312
ENSSSCG00000011551,6.02850889843663,6.12626534998739
ENSSSCG00000011555,4.54750682846432,4.97315793618583
ENSSSCG00000011557,-0.0167046405169091,0.445993691080189
ENSSSCG00000032623,2.13849555630404,2.19892754442265
ENSSSCG00000011556,1.06346985097485,1.18903632798696
ENSSSCG00000011559,5.20826937500679,4.97783403399885
ENSSSCG00000011560,5.33309289766878,4.48996323003244
ENSSSCG00000011561,4.24074453303866,3.7472788709232
ENSSSCG00000011562,6.47387326321275,6.19615057410542
ENSSSCG00000011563,3.28739620076941,3.34566205935238
ENSSSCG00000011565,6.90977706681873,6.82479295173429
ENSSSCG00000011567,4.11187898847788,4.44789123329679
ENSSSCG00000011570,1.78593734007211,2.15556008292513
ENSSSCG00000011569,4.90128020948336,4.99177207174354
ENSSSCG00000011572,6.9211855661438,6.04615826430035
ENSSSCG00000023084,7.84146184229823,8.22753693705383
ENSSSCG00000011600,5.62369262264826,4.30635494149973
ENSSSCG00000011601,3.91174070983612,3.93531682115972
ENSSSCG00000011602,5.36814227527916,5.57669497825297
ENSSSCG00000011603,7.47389622703556,7.56502912517063
ENSSSCG00000011604,4.66282322687629,4.84763799255932
ENSSSCG00000011576,3.18627972778561,3.95442239354423
ENSSSCG00000011575,4.72423048653664,4.78320392685906
ENSSSCG00000030581,5.8754165122288,5.88870921024551
ENSSSCG00000011578,3.89046806473539,3.37431850405851
ENSSSCG00000023225,0.316720715261423,-0.174001573015732
ENSSSCG00000033000,5.32386529521647,6.06459243042408
ENSSSCG00000011580,3.84327222703689,4.27123142631998
ENSSSCG00000011581,3.24891075232122,1.9036587274475
ENSSSCG00000045850,-0.686560683805019,-1.86487943217923
ENSSSCG00000029877,4.48737840746095,4.74164966589106
ENSSSCG00000024453,6.91724667125428,6.99783508385002
ENSSSCG00000011583,1.72314896938536,0.212017947135459
ENSSSCG00000011582,4.81922701920558,4.7580528636841
ENSSSCG00000035811,9.55163396257404,9.04861071411087
ENSSSCG00000011587,7.30094835447017,6.89157132502208
ENSSSCG00000033303,4.83230137783426,4.40686896030259
ENSSSCG00000011589,7.87321125271946,8.12042132726077
ENSSSCG00000011592,5.76091065555504,5.18748147330721
ENSSSCG00000011593,4.66073061401041,4.78498376406107
ENSSSCG00000036643,4.9704938833126,5.35619826677618
ENSSSCG00000034318,4.02994346964027,4.20097885888326
ENSSSCG00000011594,4.34867543476549,4.72320244690084
ENSSSCG00000011598,4.70201681126665,4.88130498851059
ENSSSCG00000040702,4.36932543273693,4.70451629151158
ENSSSCG00000011599,1.16144525464261,-0.702622497962026
ENSSSCG00000027812,5.40860887198974,5.46455987438176
ENSSSCG00000023354,5.27271595184586,5.64688480634271
ENSSSCG00000024552,6.13107496852341,6.56115947423222
ENSSSCG00000042319,-0.451110226541143,-0.119711717242417
ENSSSCG00000058190,-0.868009231170092,-2.27533557831912
ENSSSCG00000057327,3.01993118422353,4.07279788632357
ENSSSCG00000058457,1.97295929665426,1.70740881248283
ENSSSCG00000061213,-0.313099436094831,0.212017947135459
ENSSSCG00000050913,-0.313099436094831,1.69231410194732
ENSSSCG00000056748,0.551677535663921,2.07638127694377
ENSSSCG00000056333,0.902775359205073,2.35084832090034
ENSSSCG00000061614,-1.78143407576197,-1.28451287928067
ENSSSCG00000062195,0.183136955639335,-1.54570714867312
ENSSSCG00000030032,-1.976085364955,-0.702622497962026
ENSSSCG00000023393,5.82771743273607,6.0387181358968
ENSSSCG00000011737,4.45875838434298,5.61722059121868
ENSSSCG00000011746,5.25340474682323,5.16851756734465
ENSSSCG00000040946,3.21508585528298,3.29659893164535
ENSSSCG00000011751,6.29520061134084,6.45168846245054
ENSSSCG00000036114,7.18196569226148,6.25832905057989
ENSSSCG00000011738,4.98729063289967,4.66253441976813
ENSSSCG00000011739,5.11811065997627,4.94477852534688
ENSSSCG00000011740,0.815176045257344,2.23061850955662
ENSSSCG00000040950,4.77154118338875,1.12302483629253
ENSSSCG00000011741,5.55437305300408,5.10296582238897
ENSSSCG00000035525,0.229053005082177,-0.871778856036138
ENSSSCG00000011743,6.06536088094133,5.89531543311557
ENSSSCG00000039994,-0.96807720485524,-0.964427270899581
ENSSSCG00000026829,5.09504975034944,5.51476168912881
ENSSSCG00000024714,4.98895960204814,5.39284154943537
ENSSSCG00000029608,6.96890117005398,6.80300006831505
ENSSSCG00000035883,4.9500761910517,5.41024351712972
ENSSSCG00000051128,-1.78143407576197,-0.551234614202225
ENSSSCG00000030467,3.86524692547764,4.87128712629734
ENSSSCG00000011745,5.46605915131498,5.37167826878344
ENSSSCG00000028905,4.69589870083503,5.06684516514793
ENSSSCG00000011750,3.48955626337053,3.98571329242528
ENSSSCG00000011752,5.11963502622843,5.18343871162562
ENSSSCG00000020906,4.50847688485433,4.74896301048348
ENSSSCG00000011755,5.34487088878949,5.11716461428177
ENSSSCG00000026579,2.41167389764734,3.2764967565249
ENSSSCG00000035746,3.40207070621701,2.19892754442265
ENSSSCG00000029352,6.57289543658064,6.84753954345736
ENSSSCG00000011727,3.84695799941802,4.83909703575288
ENSSSCG00000024205,3.88689192745738,4.23001443683658
ENSSSCG00000011747,5.18370422580084,2.31187448705517
ENSSSCG00000024916,5.53508271261886,5.24938224769391
ENSSSCG00000042044,-0.774434225214997,-1.54570714867312
ENSSSCG00000011723,6.55891801539043,5.16305320567286
ENSSSCG00000057007,-1.78143407576197,-1.28451287928067
ENSSSCG00000026718,6.71075688517794,6.17594515792604
ENSSSCG00000011666,0.515080245807192,0.930627626435109
ENSSSCG00000027467,7.69629192888829,7.73762537107625
ENSSSCG00000031098,3.60723631482034,3.80103983095647
ENSSSCG00000036610,5.58999908153794,5.71475165371821
ENSSSCG00000025316,6.6317685848564,5.84672049790215
ENSSSCG00000028855,5.24365133741398,5.42058482653703
ENSSSCG00000025810,3.00681108817546,2.46182475270139
ENSSSCG00000030567,7.11819881576681,6.17050890968628
ENSSSCG00000027646,5.85634285333207,8.14037139008569
ENSSSCG00000011997,5.14530581768219,4.95271785559092
ENSSSCG00000011733,6.55103110062383,6.2259378131215
ENSSSCG00000032398,3.46578206002313,2.66877749283263
ENSSSCG00000034645,5.93463777071469,5.87540531462438
ENSSSCG00000036885,4.42709892752435,4.67218359493194
ENSSSCG00000011731,5.33177827675011,4.87797342430605
ENSSSCG00000032182,6.82167870474197,7.0123420315716
ENSSSCG00000027432,2.53560868035451,1.8904926055864
ENSSSCG00000027571,5.48746940475642,5.75798302693669
ENSSSCG00000011732,4.5632760418306,4.79738151966837
ENSSSCG00000031077,6.04304155112313,6.01919229581847
ENSSSCG00000023434,3.85795915304224,3.36006143138542
ENSSSCG00000045484,1.16144525464261,0.294298826806809
ENSSSCG00000025463,7.6880961189972,6.59604758048982
ENSSSCG00000021774,3.81720474561433,4.14387018686345
ENSSSCG00000022952,5.37836583289947,5.14791860904114
ENSSSCG00000029080,-0.451110226541143,-1.86487943217923
ENSSSCG00000011720,6.76631071521214,7.44942408446337
ENSSSCG00000037044,7.53114516315555,7.65536696954593
ENSSSCG00000011624,3.43672601243127,2.46182475270139
ENSSSCG00000058656,1.60623101893403,1.95515358576145
ENSSSCG00000011623,5.45281695069632,5.69216610415927
ENSSSCG00000027556,3.35107288630203,3.54367745980086
ENSSSCG00000025651,4.73421564024372,4.49214392126479
ENSSSCG00000033185,4.52237304559854,4.67218359493194
ENSSSCG00000011650,5.04939217599572,5.62519087810674
ENSSSCG00000011653,4.57887475358054,4.17677998695833
ENSSSCG00000047511,-1.78143407576197,0.738265774167816
ENSSSCG00000020984,3.57203861517619,2.26162827184794
ENSSSCG00000028623,3.90114359527128,2.22013201354959
ENSSSCG00000026018,5.40985534386528,5.40677987546547
ENSSSCG00000026130,1.44048186623276,-0.871778856036138
ENSSSCG00000011729,5.36942418903537,4.68176866206764
ENSSSCG00000059377,-0.6037335549306,-0.871778856036138
ENSSSCG00000062045,-1.19180123640617,-0.702622497962026
ENSSSCG00000038366,1.55306939928711,3.10472155298875
ENSSSCG00000058182,-2.20115708176131,-1.06343627958185
ENSSSCG00000035935,3.2710279851024,-1.54570714867312
ENSSSCG00000063368,2.02594564966019,2.51426767165911
ENSSSCG00000054093,-0.868009231170092,-1.54570714867312
ENSSSCG00000060663,1.94571802033876,0.0790671408551012
ENSSSCG00000060947,-3.82416175559903,-0.551234614202225
ENSSSCG00000057651,-1.45670196380968,-0.174001573015732
ENSSSCG00000057188,-0.96807720485524,0.0318806818288641
ENSSSCG00000045498,1.60623101893403,1.14536595329469
ENSSSCG00000054636,2.11423229533454,2.62969400118923
ENSSSCG00000048257,-0.525404570246514,-0.414234639036479
ENSSSCG00000060585,0.902775359205073,-0.119711717242417
ENSSSCG00000057488,-0.525404570246514,0.0318806818288641
ENSSSCG00000011652,5.28770975804547,5.4217292985024
ENSSSCG00000052282,3.76361274712647,3.69143674538927
ENSSSCG00000053584,2.15047586045883,2.07638127694377
ENSSSCG00000062818,-0.96807720485524,-1.06343627958185
ENSSSCG00000042151,2.67483616828021,2.53979115791429
ENSSSCG00000054668,2.12641493269169,1.86379432043539
ENSSSCG00000059095,8.21818219712846,8.00279968571684
ENSSSCG00000021508,1.57100848239729,0.583244978335558
ENSSSCG00000025701,5.61938903120933,5.76701640285638
ENSSSCG00000060620,2.29779101573986,-0.481109027935221
ENSSSCG00000027443,3.98046607575606,3.99189084785926
ENSSSCG00000027505,3.74002097233019,2.86327503004226
ENSSSCG00000026746,4.61390806913347,4.31869466461643
ENSSSCG00000023814,5.04297963835434,4.77247854456633
ENSSSCG00000021203,5.05099086674281,4.44789123329679
ENSSSCG00000028562,3.04581876338901,2.19892754442265
ENSSSCG00000035771,4.14219373129512,4.35029255848556
ENSSSCG00000011662,6.76874160460024,5.8602903068458
ENSSSCG00000024001,6.19030348469843,6.78621447850007
ENSSSCG00000031557,4.8229746562625,4.4343463351326
ENSSSCG00000023929,5.50856656109815,5.52225023997777
ENSSSCG00000056342,-1.60995061428548,0.481549931933635
ENSSSCG00000011627,0.47753036411502,-2.05555929136582
ENSSSCG00000028724,3.28196073689979,3.20384783775857
ENSSSCG00000011628,5.40236030719424,5.27113355936445
ENSSSCG00000011664,4.39975658862565,4.63714029296751
ENSSSCG00000031142,3.33541525760166,3.18779257833077
ENSSSCG00000011635,3.65427239246614,2.90969415186618
ENSSSCG00000027294,6.5010287558933,5.66536148746813
ENSSSCG00000021966,4.54523994700989,4.59515069021558
ENSSSCG00000028203,2.94624777947776,1.37067834071865
ENSSSCG00000012021,5.10431839526487,5.277469087269
ENSSSCG00000023028,6.08967535703974,4.61529822109948
ENSSSCG00000011639,6.24719601529726,5.45788111591405
ENSSSCG00000036503,4.50147828664791,4.40686896030259
ENSSSCG00000038399,7.01262983127885,6.65951488457641
ENSSSCG00000011641,5.74124067344783,4.70827293498612
ENSSSCG00000037655,5.6085735503078,5.47341706084165
ENSSSCG00000012020,-0.96807720485524,-2.27533557831912
ENSSSCG00000011642,6.3566033219723,6.07481359809265
ENSSSCG00000011643,5.52706404705212,5.43425893098871
ENSSSCG00000033057,5.65241084280685,5.13820417445314
ENSSSCG00000025119,6.19537212525704,4.82012702728268
ENSSSCG00000011645,4.80413835461514,4.75442379209726
ENSSSCG00000012026,7.02732250531874,5.73514898507128
ENSSSCG00000012027,3.26553038325255,3.65686361034676
ENSSSCG00000011646,-0.96807720485524,-0.964427270899581
ENSSSCG00000012022,9.60838057297932,9.2061863782784
ENSSSCG00000024492,5.20970144004725,2.02910543258505
ENSSSCG00000024000,3.58091887238019,4.40917883592708
ENSSSCG00000031176,2.25404409223782,1.9802277618688
ENSSSCG00000037568,6.85088196312334,6.76833187475307
ENSSSCG00000038900,4.98895960204814,4.99485121141109
ENSSSCG00000040879,8.13225181916077,8.48022501868319
ENSSSCG00000037935,5.17932544389196,4.23523141903256
ENSSSCG00000011616,8.30916756473937,7.43419337440559
ENSSSCG00000012030,3.93270424060577,4.47018724442896
ENSSSCG00000047073,-0.6037335549306,-1.40920704473941
ENSSSCG00000057080,-0.313099436094831,-0.702622497962026
ENSSSCG00000046895,-0.248748603557596,-1.86487943217923
ENSSSCG00000056645,4.53841785250263,4.1929575834908
ENSSSCG00000011611,4.60305126555482,4.9495473644986
ENSSSCG00000011615,8.0644175625514,7.86865856612573
ENSSSCG00000012083,5.67020373208027,5.49858269436313
ENSSSCG00000040779,3.97036366875897,4.48120735284949
ENSSSCG00000011612,8.5228276238695,7.60209821932459
ENSSSCG00000011618,4.79080506780207,6.08929078183107
ENSSSCG00000011619,3.99049823274098,4.35509292916844
ENSSSCG00000011620,6.70974515019399,6.53336988323963
ENSSSCG00000011621,8.11324851902839,7.20213176035201
ENSSSCG00000011622,0.784753030569422,1.07727712061465
ENSSSCG00000024134,6.28300830854712,6.55491420503875
ENSSSCG00000022857,6.55666900733792,6.02598118790188
ENSSSCG00000024827,4.74215430125552,5.34176009143201
ENSSSCG00000021397,2.10194590665749,2.02910543258505
ENSSSCG00000061599,7.57514071797166,7.12166788241481
ENSSSCG00000047521,0.183136955639335,1.44460584430091
ENSSSCG00000051317,0.0359102671599988,-0.230414558288775
ENSSSCG00000048156,-2.20115708176131,-0.871778856036138
ENSSSCG00000053108,1.84610665102851,0.253744895693059
ENSSSCG00000044633,2.34025034678746,0.372139121137058
ENSSSCG00000057234,-0.774434225214997,-2.27533557831912
ENSSSCG00000051313,-0.774434225214997,0.583244978335558
ENSSSCG00000033653,6.01955522484282,6.19815563840447
ENSSSCG00000057600,-1.976085364955,-0.624943747829482
ENSSSCG00000056176,-1.60995061428548,-0.964427270899581
ENSSSCG00000062784,0.273552666612953,0.98118532635575
ENSSSCG00000045164,-1.07560684537938,0.51625090059353
ENSSSCG00000011514,4.95349926964163,4.51591646415802
ENSSSCG00000012084,3.77139171369143,3.87976854376592
ENSSSCG00000033898,0.815176045257344,-1.16974403207503
ENSSSCG00000011978,4.5632760418306,4.37885807754393
ENSSSCG00000025821,5.28363596796118,5.52651202425053
ENSSSCG00000011949,4.85444253730434,5.34055036238222
ENSSSCG00000011952,8.69259383712822,8.70848910831385
ENSSSCG00000060340,-1.45670196380968,-1.06343627958185
ENSSSCG00000011528,-0.96807720485524,-0.871778856036138
ENSSSCG00000011953,4.78120527848248,5.42857712978116
ENSSSCG00000011529,3.53138682335892,3.46592655108512
ENSSSCG00000036491,6.15580205630978,6.2824690022205
ENSSSCG00000011956,4.03318240403036,4.31869466461643
ENSSSCG00000011530,4.32772556590621,4.39293149909293
ENSSSCG00000028677,1.73910410091577,2.41661734632623
ENSSSCG00000021791,4.26022480317067,4.03141279196531
ENSSSCG00000023806,5.02030860192329,4.92231311122127
ENSSSCG00000011531,2.60690129401979,3.0286423715673
ENSSSCG00000011532,7.18415274139196,6.5919866181498
ENSSSCG00000031273,0.229053005082177,-0.119711717242417
ENSSSCG00000027675,5.21256131263037,5.5254477578665
ENSSSCG00000022486,4.554286179396,4.4877792376076
ENSSSCG00000011946,5.57785160705585,5.79819509305547
ENSSSCG00000011977,5.15574479843408,4.86961069863746
ENSSSCG00000034493,3.28196073689979,5.25452978521948
ENSSSCG00000011951,4.33823852752945,5.37522711158507
ENSSSCG00000022506,9.2891630164647,8.9476460853895
ENSSSCG00000011516,5.85268100975393,5.43312435947941
ENSSSCG00000011950,4.62682929890177,5.11433601329505
ENSSSCG00000011527,4.82110205462146,4.78320392685906
ENSSSCG00000011959,4.01691452263613,5.88124087042352
ENSSSCG00000023437,8.02672894269991,6.53918171953136
ENSSSCG00000054999,1.4598672457525,1.14536595329469
ENSSSCG00000022290,1.47899559533112,0.98118532635575
ENSSSCG00000025053,5.61723241175549,5.90680402918139
ENSSSCG00000011518,3.50363497723415,3.96702031038741
ENSSSCG00000011519,4.03963853930977,4.28890006987828
ENSSSCG00000011961,7.39017021815562,6.72634070817297
ENSSSCG00000037216,6.38159485636328,6.43591546444292
ENSSSCG00000012074,5.33177827675011,3.91270242209889
ENSSSCG00000012075,4.42955908949299,1.48019588742595
ENSSSCG00000011962,0.0359102671599988,-0.481109027935221
ENSSSCG00000011521,7.22897810298438,5.14376328703917
ENSSSCG00000012076,7.53028580616536,5.41369886314879
ENSSSCG00000011522,2.88303023659174,2.96726196308175
ENSSSCG00000011965,4.41473479340871,2.64545467936437
ENSSSCG00000048446,-0.774434225214997,-1.28451287928067
ENSSSCG00000011524,1.623524972916,1.59827076196444
ENSSSCG00000011963,6.43154335537968,6.05503606476764
ENSSSCG00000012077,7.44196171469888,6.81524461513129
ENSSSCG00000024336,5.06846052634044,4.83566644473442
ENSSSCG00000011968,6.49340605049043,6.0078059972628
ENSSSCG00000036580,2.77883157464872,2.7942588453812
ENSSSCG00000027745,7.12314682665139,7.31668448097288
ENSSSCG00000030486,6.10822200257834,5.98630809850022
ENSSSCG00000063218,-2.46795088038493,-0.35032329061541
ENSSSCG00000059724,-1.60995061428548,0.253744895693059
ENSSSCG00000054827,-0.248748603557596,0.904668467894398
ENSSSCG00000011970,2.31917687589272,2.62969400118923
ENSSSCG00000011972,4.85261036404725,3.86973996983634
ENSSSCG00000011973,3.19208715058532,1.58198313393422
ENSSSCG00000011980,5.64077974877108,5.49966695708009
ENSSSCG00000034501,4.65863496142359,4.69697353074055
ENSSSCG00000022895,4.14818098370005,3.80103983095647
ENSSSCG00000027278,5.91545877588021,6.0864069438359
ENSSSCG00000047991,-1.78143407576197,-0.702622497962026
ENSSSCG00000029511,-0.96807720485524,-2.27533557831912
ENSSSCG00000045444,0.0866736428889641,0.550136777985776
ENSSSCG00000040224,8.33186696726817,6.748857591958
ENSSSCG00000063265,-0.686560683805019,-3.82416175559903
ENSSSCG00000057561,1.64061407306523,0.333743892305565
ENSSSCG00000012087,6.12577489761312,5.64492605578972
ENSSSCG00000030016,4.69385355143505,3.4614817017213
ENSSSCG00000023078,2.41167389764734,2.74390468232849
ENSSSCG00000021991,5.67228265917213,5.42971528157494
ENSSSCG00000037663,5.5050717233222,6.06092439259269
ENSSSCG00000060594,2.87583196824894,3.36482946075116
ENSSSCG00000062774,1.57100848239729,-0.174001573015732
ENSSSCG00000050565,0.47753036411502,0.409538950709052
ENSSSCG00000056411,3.70389380075518,3.35527759167279
ENSSSCG00000043782,3.00020602359109,-1.86487943217923
ENSSSCG00000051023,2.71572630700603,3.50532571906549
ENSSSCG00000059582,-0.071311274400066,0.0318806818288641
ENSSSCG00000057439,0.622199479864748,-0.119711717242417
ENSSSCG00000011178,-0.525404570246514,-1.28451287928067
ENSSSCG00000036855,6.67750679083,7.44942408446337
ENSSSCG00000034369,0.689434225427014,-0.78472289261437
ENSSSCG00000011195,1.16144525464261,0.253744895693059
ENSSSCG00000011695,2.36102042350312,1.14536595329469
ENSSSCG00000011179,5.30254933640218,4.93999387046855
ENSSSCG00000032424,5.84900984804076,6.1423220114797
ENSSSCG00000011181,5.07946844204484,4.93519329460956
ENSSSCG00000012050,6.56564407996885,7.31237155908117
ENSSSCG00000011182,3.62021716865338,3.17698894188192
ENSSSCG00000011698,7.51153959090384,9.04127633472666
ENSSSCG00000011183,7.43064621660792,7.18740368656781
ENSSSCG00000025293,5.77935196082041,5.91169984435843
ENSSSCG00000029094,5.0349236754073,5.02227167518048
ENSSSCG00000011704,6.26176585239736,6.49256266766502
ENSSSCG00000011699,4.11493928845344,3.82891367424594
ENSSSCG00000011700,2.31917687589272,1.03003110897365
ENSSSCG00000038948,5.16463276826677,4.33579486040362
ENSSSCG00000012066,-0.6037335549306,-0.78472289261437
ENSSSCG00000022318,2.54471531554339,1.66164245403454
ENSSSCG00000037110,4.6794557485285,7.06895365284723
ENSSSCG00000011933,5.08883740603897,4.85782084125562
ENSSSCG00000029811,2.64973397156036,2.5228257707732
ENSSSCG00000011701,1.40091172062405,-0.174001573015732
ENSSSCG00000012049,-0.96807720485524,0.169048095927475
ENSSSCG00000011199,5.17639885502505,4.75260582723064
ENSSSCG00000030335,-0.380455165278715,-2.85117878809169
ENSSSCG00000062206,4.44909080170269,4.66446942463303
ENSSSCG00000033018,5.65241084280685,5.9100697512749
ENSSSCG00000033733,8.3903402573169,8.17522752254567
ENSSSCG00000011689,6.06219346788241,6.19347281287766
ENSSSCG00000051671,0.47753036411502,0.0790671408551012
ENSSSCG00000037381,5.47680399491392,5.33205373668319
ENSSSCG00000011937,0.72191195620079,0.79589242289581
ENSSSCG00000011201,3.16871586481386,4.8862879538409
ENSSSCG00000028122,4.40476662179162,4.12712941865
ENSSSCG00000029219,5.61507256364194,5.89531543311557
ENSSSCG00000049233,0.656208489639131,0.615610397484158
ENSSSCG00000011212,4.37188602326707,4.4343463351326
ENSSSCG00000011208,3.27650471703377,3.56455153299002
ENSSSCG00000037190,-0.774434225214997,-2.85117878809169
ENSSSCG00000011705,4.8941726483828,4.79208123614213
ENSSSCG00000034450,4.43201506340047,4.43887544564125
ENSSSCG00000011213,7.52885240601243,7.56502912517063
ENSSSCG00000011706,1.27524029214877,0.333743892305565
ENSSSCG00000026981,5.54305705575252,5.7742025985924
ENSSSCG00000027459,5.72930865499576,5.69973397533212
ENSSSCG00000030697,5.44310933754436,5.16851756734465
ENSSSCG00000034167,1.69069938953273,4.17134688947373
ENSSSCG00000056685,2.93243688704098,2.91620519333423
ENSSSCG00000024938,5.83237302503664,5.50831184741858
ENSSSCG00000011216,1.58872724014143,0.615610397484158
ENSSSCG00000030260,7.85730967803913,8.57803788046209
ENSSSCG00000011217,6.26521328098968,6.50773152392686
ENSSSCG00000011190,4.83786860556221,5.0958136768621
ENSSSCG00000012034,3.54052006264698,3.45702311573383
ENSSSCG00000011708,4.99395495627502,5.42743807938283
ENSSSCG00000058735,8.3083323259531,7.83081982708141
ENSSSCG00000026622,6.06536088094133,5.58182337324485
ENSSSCG00000011218,6.2555396450739,6.43987491022669
ENSSSCG00000021355,5.17199781011746,5.12280523284831
ENSSSCG00000028911,0.551677535663921,-2.85117878809169
ENSSSCG00000011710,6.71731592463941,6.44944570750413
ENSSSCG00000021023,5.44189128013448,5.73146176517888
ENSSSCG00000011192,4.69794095515615,4.11302884015674
ENSSSCG00000023993,-1.45670196380968,-0.551234614202225
ENSSSCG00000011936,-0.248748603557596,-0.174001573015732
ENSSSCG00000011193,6.1654278438206,6.30745052526422
ENSSSCG00000011194,4.95178874558758,4.72505781956526
ENSSSCG00000029392,3.54052006264698,3.19316420856271
ENSSSCG00000034229,1.23079346436338,0.409538950709052
ENSSSCG00000040843,-1.976085364955,1.44460584430091
ENSSSCG00000032024,4.4196931698055,5.11433601329505
ENSSSCG00000021598,5.16610878762554,4.89949232825537
ENSSSCG00000040827,6.8920474525856,6.81044664376375
ENSSSCG00000012035,4.80792534096778,4.95271785559092
ENSSSCG00000053786,6.91812291106664,6.76743189945224
ENSSSCG00000022706,2.1974263314248,2.16652477447692
ENSSSCG00000011943,5.74618336833823,6.19213206614978
ENSSSCG00000031388,5.44675735151854,6.36212584322221
ENSSSCG00000012037,5.5050717233222,5.92790026853172
ENSSSCG00000011714,5.08572117345694,5.35140157866319
ENSSSCG00000012038,-0.071311274400066,0.372139121137058
ENSSSCG00000011942,7.42449257642378,7.25317030120981
ENSSSCG00000012046,4.57887475358054,4.67985673642103
ENSSSCG00000011712,-0.187145967968861,-1.06343627958185
ENSSSCG00000036556,5.02519676227631,4.79031013887507
ENSSSCG00000011690,4.80981511292778,5.47892531547877
ENSSSCG00000041300,-2.79553649653186,-0.871778856036138
ENSSSCG00000041289,4.26022480317067,4.1631586857311
ENSSSCG00000033115,7.1001669212429,6.32712888863466
ENSSSCG00000035634,5.73826690783978,5.71194772084708
ENSSSCG00000034378,5.44310933754436,4.98404534764041
ENSSSCG00000034624,6.41363619790703,5.75798302693669
ENSSSCG00000023842,0.784753030569422,-0.702622497962026
ENSSSCG00000028192,2.83929183176385,3.23543207783835
ENSSSCG00000030677,5.40236030719424,5.47120785687323
ENSSSCG00000011940,4.85627238671508,4.39293149909293
ENSSSCG00000023674,8.45320079987965,8.41663809834657
ENSSSCG00000050552,-0.868009231170092,-0.414234639036479
ENSSSCG00000033593,2.20892903416734,1.95515358576145
ENSSSCG00000027089,4.53613663328599,4.88130498851059
ENSSSCG00000011670,6.5442364004049,6.27805241232864
ENSSSCG00000028377,5.18952200438817,4.94318540286659
ENSSSCG00000022073,6.46370675514285,6.56323523724679
ENSSSCG00000011672,4.61822801700036,4.75078556862451
ENSSSCG00000024614,5.0589578546501,5.00404939490294
ENSSSCG00000056217,4.71619230465223,4.74713814699021
ENSSSCG00000011197,4.14219373129512,4.5931203752218
ENSSSCG00000037647,4.42463456318673,4.63714029296751
ENSSSCG00000011198,4.15116531784127,3.821995538918
ENSSSCG00000011204,-0.96807720485524,-1.06343627958185
ENSSSCG00000011205,4.58330072513487,4.8459338415019
ENSSSCG00000037653,5.67020373208027,5.43085253618089
ENSSSCG00000012042,6.97859384064401,6.94667554621063
ENSSSCG00000024621,4.85077586103389,5.1671534160316
ENSSSCG00000011677,5.70615938259116,7.0282081168368
ENSSSCG00000011678,3.91174070983612,4.47680940564299
ENSSSCG00000011207,-0.071311274400066,-1.86487943217923
ENSSSCG00000031392,5.05099086674281,4.52872007405245
ENSSSCG00000011679,4.49444557226456,4.81665097477776
ENSSSCG00000060385,1.40091172062405,2.78005038054984
ENSSSCG00000043763,-0.380455165278715,-1.86487943217923
ENSSSCG00000045354,-1.45670196380968,0.79589242289581
ENSSSCG00000055576,-1.78143407576197,1.76625620955041
ENSSSCG00000054438,-1.78143407576197,-0.78472289261437
ENSSSCG00000036381,3.54052006264698,3.81852399093819
ENSSSCG00000056241,-1.07560684537938,-1.54570714867312
ENSSSCG00000011226,7.12921348163807,7.27644739894238
ENSSSCG00000038607,2.17414207960379,0.481549931933635
ENSSSCG00000011214,5.73130419049872,6.14924781289382
ENSSSCG00000012061,5.2352384674893,5.1409864083489
ENSSSCG00000011215,4.26849363650016,3.90944266068508
ENSSSCG00000026488,5.74716987851068,5.68741594569529
ENSSSCG00000012062,6.75605601433397,7.62364231010244
ENSSSCG00000011762,5.07790101566353,5.01167000204327
ENSSSCG00000024296,4.00706500947703,4.040381512886
ENSSSCG00000027275,-1.45670196380968,-0.174001573015732
ENSSSCG00000037030,9.36317662394526,8.8481535226198
ENSSSCG00000011941,6.14835365336639,6.02221352588498
ENSSSCG00000012063,5.21826410629706,4.95430049213742
ENSSSCG00000027017,5.81083179648281,5.94232672146592
ENSSSCG00000011912,3.66266205759027,3.95442239354423
ENSSSCG00000011763,3.40707272351487,3.51393686828592
ENSSSCG00000036033,5.21398912579205,5.07850246282217
ENSSSCG00000011764,6.03175105150642,5.21282586299017
ENSSSCG00000030480,6.60481083877665,7.06383132035582
ENSSSCG00000011913,5.57006779998055,5.40793534688404
ENSSSCG00000011229,8.04509481486465,7.94864656873588
ENSSSCG00000011914,2.13849555630404,2.43487064882408
ENSSSCG00000011915,4.15116531784127,3.91595483470141
ENSSSCG00000011765,4.49913785561178,3.62144157031221
ENSSSCG00000011916,6.40928027439263,5.84757236057115
ENSSSCG00000050754,0.784753030569422,0.904668467894398
ENSSSCG00000038056,0.689434225427014,-0.414234639036479
ENSSSCG00000011766,0.438976972203651,-0.414234639036479
ENSSSCG00000011917,6.43399595655893,6.34774716405662
ENSSSCG00000011230,4.56775005300148,3.72148794745697
ENSSSCG00000021977,6.2011431355008,5.93913328682146
ENSSSCG00000011918,2.59818001558324,3.18240087297536
ENSSSCG00000022618,4.26849363650016,4.04632983398618
ENSSSCG00000024429,3.38695974883797,4.37413626289861
ENSSSCG00000063224,2.1858311792755,1.94245115943691
ENSSSCG00000043103,4.53156334491792,1.46251061004157
ENSSSCG00000011234,3.64159570151675,3.60541489159843
ENSSSCG00000055848,-0.525404570246514,-1.06343627958185
ENSSSCG00000038362,4.14219373129512,3.95758220097463
ENSSSCG00000058707,0.0359102671599988,-0.702622497962026
ENSSSCG00000055435,-1.976085364955,-1.16974403207503
ENSSSCG00000051450,1.49787364177406,1.67705978623095
ENSSSCG00000048572,-0.96807720485524,-0.78472289261437
ENSSSCG00000011233,5.08259819521484,4.95746056627677
ENSSSCG00000024663,5.1332823241636,5.17396131023383
ENSSSCG00000052197,0.316720715261423,0.124759019246936
ENSSSCG00000061947,2.49859618532626,2.34120312316572
ENSSSCG00000044764,-0.774434225214997,-0.551234614202225
ENSSSCG00000021271,7.65299815676644,7.83640911142282
ENSSSCG00000054332,0.399364956748047,0.708565629647667
ENSSSCG00000055262,1.47899559533112,1.46251061004157
ENSSSCG00000063536,1.18493366366352,1.79480357676921
ENSSSCG00000041575,-1.31818014718968,-1.16974403207503
ENSSSCG00000032220,5.64502009492865,5.49966695708009
ENSSSCG00000048278,-1.45670196380968,-1.16974403207503
ENSSSCG00000048855,2.65814999344391,2.05293699456738
ENSSSCG00000049319,0.551677535663921,-0.0673909604895641
ENSSSCG00000025826,5.45160706526987,5.8390310140528
ENSSSCG00000036952,3.08379945350479,3.30158101284314
ENSSSCG00000011923,3.74002097233019,3.7140336270478
ENSSSCG00000021042,5.23804821192958,5.93913328682146
ENSSSCG00000011767,5.86090712602336,6.28183888800295
ENSSSCG00000011925,-0.6037335549306,-1.28451287928067
ENSSSCG00000011680,5.45644053099475,4.33336434976636
ENSSSCG00000011768,6.81369611939351,7.15094748774372
ENSSSCG00000011928,6.37458968464991,5.5286382046041
ENSSSCG00000011929,3.62021716865338,3.66848029011153
ENSSSCG00000011681,5.99568021710541,6.67255321976239
ENSSSCG00000011930,4.99395495627502,4.98404534764041
ENSSSCG00000011683,3.58974480294054,4.03440856491599
ENSSSCG00000034660,-0.451110226541143,-2.85117878809169
ENSSSCG00000011684,6.6258809494516,7.081680476548
ENSSSCG00000024119,7.26970911292432,5.3585906435283
ENSSSCG00000011769,7.32559376737164,7.59120431433999
ENSSSCG00000037371,1.97295929665426,0.878233640758889
ENSSSCG00000059416,0.13571138072984,-0.289123515071902
ENSSSCG00000051838,5.642901479744,4.77068320310956
ENSSSCG00000039358,1.23079346436338,0.904668467894398
ENSSSCG00000039802,5.29851729291031,5.72127304853878
ENSSSCG00000027941,3.87971294905474,3.2815486205146
ENSSSCG00000011686,3.12688233693705,3.2406295410238
ENSSSCG00000011860,3.47056834606659,1.548845627756
ENSSSCG00000036206,5.25479272385376,5.74066220537511
ENSSSCG00000011235,6.4086569245958,6.41480451250074
ENSSSCG00000041863,2.25404409223782,0.124759019246936
ENSSSCG00000011859,6.39676181597491,4.63319352456153
ENSSSCG00000022031,2.4891927659918,3.34566205935238
ENSSSCG00000011673,2.06444617595092,0.708565629647667
ENSSSCG00000031244,1.42083245509814,0.372139121137058
ENSSSCG00000060577,1.1132890985785,-0.78472289261437
ENSSSCG00000040019,3.13895906363686,4.27630172910488
ENSSSCG00000062401,-1.45670196380968,-0.414234639036479
ENSSSCG00000059119,0.515080245807192,1.548845627756
ENSSSCG00000026113,-1.19180123640617,-0.174001573015732
ENSSSCG00000050456,-0.6037335549306,-0.551234614202225
ENSSSCG00000011236,5.78127950862714,5.48550758009279
ENSSSCG00000029267,0.815176045257344,-0.481109027935221
ENSSSCG00000053903,-0.248748603557596,-0.871778856036138
ENSSSCG00000057704,2.66651720471281,3.16063026235243
ENSSSCG00000061052,2.13849555630404,2.54819961906087
ENSSSCG00000049696,0.753674621171028,1.48019588742595
ENSSSCG00000052534,-1.45670196380968,-0.871778856036138
ENSSSCG00000053665,1.03789987789575,2.08796208222624
ENSSSCG00000011911,0.58736937234432,-1.28451287928067
ENSSSCG00000054819,1.42083245509814,2.16652477447692
ENSSSCG00000045503,-1.19180123640617,-0.964427270899581
ENSSSCG00000009126,-2.20115708176131,-0.964427270899581
ENSSSCG00000054468,1.87527570583285,1.78060050223319
ENSSSCG00000011770,4.94320557130479,4.69129046740901
ENSSSCG00000037905,6.49458139909541,5.55703910523884
ENSSSCG00000061847,0.273552666612953,0.930627626435109
ENSSSCG00000052546,0.316720715261423,-1.54570714867312
ENSSSCG00000055871,-0.0167046405169091,-0.0169014492655093
ENSSSCG00000058769,0.316720715261423,-3.82416175559903
ENSSSCG00000063381,-0.774434225214997,1.12302483629253
ENSSSCG00000059533,-1.45670196380968,-0.230414558288775
ENSSSCG00000011813,4.96372004197033,5.47452039550892
ENSSSCG00000011864,4.93110268660768,4.15767395027535
ENSSSCG00000052253,-0.525404570246514,-0.174001573015732
ENSSSCG00000039990,0.551677535663921,1.37067834071865
ENSSSCG00000021206,3.2710279851024,1.76625620955041
ENSSSCG00000030362,2.70764046952107,4.19027388372377
ENSSSCG00000025128,-0.248748603557596,-3.82416175559903
ENSSSCG00000011825,6.27687329897544,5.81484266481978
ENSSSCG00000022081,5.85908314938646,5.39050534647045
ENSSSCG00000021656,0.874162537149699,3.42997830511514
ENSSSCG00000011237,7.84515223680802,7.50528360100063
ENSSSCG00000059588,0.515080245807192,2.63759586230106
ENSSSCG00000028717,6.62050762311738,6.18271178801704
ENSSSCG00000011821,-0.868009231170092,-0.481109027935221
ENSSSCG00000025349,3.5129450340698,3.54787650620497
ENSSSCG00000011867,11.5859013489583,11.6265585904094
ENSSSCG00000011822,5.0747610448065,5.08140212872823
ENSSSCG00000061817,-0.774434225214997,0.169048095927475
ENSSSCG00000043046,-1.31818014718968,-0.702622497962026
ENSSSCG00000048853,1.49787364177406,1.12302483629253
ENSSSCG00000053093,-1.976085364955,-0.964427270899581
ENSSSCG00000060621,1.29696053674266,0.212017947135459
ENSSSCG00000034786,5.7687041660469,5.52331686689231
ENSSSCG00000027952,5.38218106576342,4.97471832009399
ENSSSCG00000024904,4.44423260771567,4.20097885888326
ENSSSCG00000011837,2.78652913044763,1.25215911194267
ENSSSCG00000011819,3.42197555369151,3.36482946075116
ENSSSCG00000029291,2.1858311792755,1.58198313393422
ENSSSCG00000027323,6.9381309235984,6.70016930524859
ENSSSCG00000011811,0.0866736428889641,2.5228257707732
ENSSSCG00000011841,4.88164953139426,5.08284977909638
ENSSSCG00000011843,6.34231216850389,6.0784465364087
ENSSSCG00000023871,2.40168448112881,1.96774514707322
ENSSSCG00000026934,2.82441264416951,2.75847181319094
ENSSSCG00000011810,4.49913785561178,5.60215657364276
ENSSSCG00000024420,6.38540157080926,5.56431193646517
ENSSSCG00000031478,3.29820607603459,-3.82416175559903
ENSSSCG00000057729,3.50829751564243,3.59327695279127
ENSSSCG00000023527,2.07705469961597,1.23142354660134
ENSSSCG00000035414,4.37699361041059,4.85782084125562
ENSSSCG00000033030,3.9430728702114,4.2533437096518
ENSSSCG00000036536,3.36141768815191,3.62144157031221
ENSSSCG00000031147,5.99568021710541,6.06312633421554
ENSSSCG00000034711,4.54296949803801,4.47018724442896
ENSSSCG00000011760,6.58177043752003,6.7175142354556
ENSSSCG00000011761,-3.22005278102631,-0.871778856036138
ENSSSCG00000021380,4.53156334491792,4.92715666566598
ENSSSCG00000033860,4.53841785250263,5.56845143796607
ENSSSCG00000030413,4.29841356141105,4.71388962247809
ENSSSCG00000056643,5.35526009751844,4.93037669146169
ENSSSCG00000038443,4.78505286291507,4.66446942463303
ENSSSCG00000039285,6.2054562939995,6.35675061816695
ENSSSCG00000029268,2.54471531554339,0.904668467894398
ENSSSCG00000037583,5.66812180492576,5.50507608102064
ENSSSCG00000011848,5.02844635883866,5.51154037267572
ENSSSCG00000039249,6.95871716721927,6.95024895658749
ENSSSCG00000011849,6.89783351046035,7.11708294219805
ENSSSCG00000011264,5.18370422580084,3.58103602582508
ENSSSCG00000031304,4.38208317888707,3.85286919280773
ENSSSCG00000024556,4.9738689143191,5.21546797586672
ENSSSCG00000011831,4.26298635018155,5.04918068006851
ENSSSCG00000022195,3.54052006264698,4.05520658198239
ENSSSCG00000011304,4.95178874558758,5.58386963768483
ENSSSCG00000040904,1.4598672457525,3.18779257833077
ENSSSCG00000032080,2.69950905799353,3.74362256161478
ENSSSCG00000031356,4.95349926964163,3.91595483470141
ENSSSCG00000011850,8.13262934358756,6.42511329643583
ENSSSCG00000011306,2.96671934204476,2.47951838830822
ENSSSCG00000011826,4.50614778903978,3.90617551717555
ENSSSCG00000011307,2.43144759083636,3.05838026318875
ENSSSCG00000032344,3.30893555670285,3.4525507079545
ENSSSCG00000011309,2.1858311792755,0.615610397484158
ENSSSCG00000011827,6.15431544893751,5.61221670860483
ENSSSCG00000031576,4.48973797772101,4.5539913667619
ENSSSCG00000011301,5.94671115920423,5.89119009014712
ENSSSCG00000011795,4.06833886086946,4.20364273726976
ENSSSCG00000011300,5.449184246222,5.68741594569529
ENSSSCG00000011851,2.78652913044763,1.2726008670673
ENSSSCG00000026516,4.31181107225069,4.74713814699021
ENSSSCG00000011853,3.9971477895836,3.69900843346431
ENSSSCG00000011299,5.65346357993863,4.75260582723064
ENSSSCG00000024024,1.13756809465378,1.85025758473298
ENSSSCG00000029708,4.4731393648411,4.74164966589106
ENSSSCG00000027139,6.75409444661469,6.63456071863045
ENSSSCG00000022773,4.37954063903287,4.52446481708795
ENSSSCG00000011788,5.56448211302513,5.94710365855002
ENSSSCG00000037236,9.26672234015373,9.01203515618638
ENSSSCG00000011269,2.87583196824894,3.11041093536038
ENSSSCG00000055503,-0.6037335549306,-0.551234614202225
ENSSSCG00000011270,5.32518714314715,5.74157903056097
ENSSSCG00000025783,1.40091172062405,1.48019588742595
ENSSSCG00000011272,9.38789740167518,9.05194063575563
ENSSSCG00000056224,1.29696053674266,1.78060050223319
ENSSSCG00000011470,5.1996470039554,5.27620420550736
ENSSSCG00000030225,7.40337166302501,7.74678671247851
ENSSSCG00000032019,1.42083245509814,2.65327091878993
ENSSSCG00000026550,1.83129794321605,1.23142354660134
ENSSSCG00000011405,5.94842771049298,5.93031471765407
ENSSSCG00000011274,9.39145095177423,9.00670631221494
ENSSSCG00000011407,5.3960845610006,5.09867879127759
ENSSSCG00000011408,8.51140562819412,8.46642724320826
ENSSSCG00000023229,3.90821698008974,5.41369886314879
ENSSSCG00000057050,5.0022423011846,4.63910963561341
ENSSSCG00000011410,4.25190830353837,3.98261456680239
ENSSSCG00000043195,5.76967540128639,5.91820186055785
ENSSSCG00000011412,3.16871586481386,4.29140658982071
ENSSSCG00000022550,6.34165919480393,7.0968059336182
ENSSSCG00000047010,-2.20115708176131,-0.871778856036138
ENSSSCG00000040431,0.930831724376776,1.29275702200006
ENSSSCG00000025408,4.89060569355461,5.52651202425053
ENSSSCG00000011797,4.30110303528958,4.31869466461643
ENSSSCG00000035452,5.28363596796118,5.19954222710953
ENSSSCG00000011798,7.01016643850664,4.86119921482685
ENSSSCG00000011474,7.31199091966331,6.85391267543477
ENSSSCG00000011799,-0.686560683805019,-3.82416175559903
ENSSSCG00000011278,5.81083179648281,5.6721094751941
ENSSSCG00000011802,0.985358817624548,4.20630170597606
ENSSSCG00000011277,-0.96807720485524,-1.86487943217923
ENSSSCG00000025881,6.53226812388839,5.8961390880406
ENSSSCG00000011280,0.183136955639335,-0.289123515071902
ENSSSCG00000011803,10.0772338120749,9.9768908210809
ENSSSCG00000022131,4.03963853930977,3.78689831996086
ENSSSCG00000011477,5.50039873113161,5.57154828813498
ENSSSCG00000011804,3.58974480294054,3.36006143138542
ENSSSCG00000034200,3.66683866522758,3.43904969020546
ENSSSCG00000033189,8.49285201315058,9.7601247561782
ENSSSCG00000055190,4.63324677385007,4.38825559595382
ENSSSCG00000025770,7.09862183428316,6.11922806381534
ENSSSCG00000011482,4.63750928594988,3.99496973430403
ENSSSCG00000011806,-0.686560683805019,0.51625090059353
ENSSSCG00000011432,2.43144759083636,2.75847181319094
ENSSSCG00000028184,8.32031335978314,8.55579652995976
ENSSSCG00000061023,4.9136348017377,5.48987913135382
ENSSSCG00000011438,6.30327194360304,6.31054301813829
ENSSSCG00000011439,4.0524647763966,3.20384783775857
ENSSSCG00000011833,6.38095942626565,6.28687211265369
ENSSSCG00000011293,4.92588449250737,4.23001443683658
ENSSSCG00000011440,5.69597745244933,4.22739885414628
ENSSSCG00000011295,5.28363596796118,5.37049337859636
ENSSSCG00000011296,5.59548702893816,5.1671534160316
ENSSSCG00000011441,4.74215430125552,4.65476834228662
ENSSSCG00000011787,5.70717363444949,5.36217178655447
ENSSSCG00000023503,5.16463276826677,4.6092834499602
ENSSSCG00000041195,-1.60995061428548,-0.289123515071902
ENSSSCG00000011297,5.1938699938379,4.02540251895583
ENSSSCG00000024417,0.438976972203651,2.0048735807178
ENSSSCG00000063377,4.14519046341781,4.36702443745831
ENSSSCG00000011298,6.41549900371293,6.45504607121017
ENSSSCG00000035258,4.29031492596082,4.20364273726976
ENSSSCG00000021439,4.65863496142359,5.041756162396
ENSSSCG00000011312,4.89773080592998,4.60727294079659
ENSSSCG00000024201,5.85451309335253,6.08712844394348
ENSSSCG00000030359,5.64184100430376,4.93198401326023
ENSSSCG00000042021,-2.20115708176131,-1.06343627958185
ENSSSCG00000011463,5.96293651888871,5.04473055607433
ENSSSCG00000021207,2.3297520885663,1.9036587274475
ENSSSCG00000032357,5.6085735503078,6.03647859468548
ENSSSCG00000059711,5.99069084338624,7.01878505269245
ENSSSCG00000060350,1.06346985097485,0.212017947135459
ENSSSCG00000063358,-2.79553649653186,-0.871778856036138
ENSSSCG00000035320,2.52644419656486,3.49231184990847
ENSSSCG00000031913,6.00395768579626,6.08062191629645
ENSSSCG00000041424,3.66266205759027,4.21952353308925
ENSSSCG00000020990,6.57178221280716,6.58536307656404
ENSSSCG00000038724,5.74420832196671,5.93192210846132
ENSSSCG00000040296,4.92064735578573,4.40686896030259
ENSSSCG00000059878,0.784753030569422,1.37067834071865
ENSSSCG00000042928,-2.20115708176131,-1.06343627958185
ENSSSCG00000011791,4.15711552970392,4.08729521014085
ENSSSCG00000019512,-0.128066380263549,1.63030453743178
ENSSSCG00000025921,4.15711552970392,4.31377143347378
ENSSSCG00000011793,-0.6037335549306,0.708565629647667
ENSSSCG00000024109,4.22949370163713,4.00416716456465
ENSSSCG00000036423,6.05105243667255,6.23051660290929
ENSSSCG00000011854,4.43446686348167,5.57463850492552
ENSSSCG00000038584,2.86132678081369,2.69929941392765
ENSSSCG00000011794,5.3834505712403,5.24421627796292
ENSSSCG00000031035,0.13571138072984,1.23142354660134
ENSSSCG00000011855,5.4720383857518,5.18613514443708
ENSSSCG00000011828,3.40207070621701,3.62144157031221
ENSSSCG00000059088,3.57648557637632,0.481549931933635
ENSSSCG00000060900,-1.45670196380968,-1.06343627958185
ENSSSCG00000052843,1.18493366366352,0.678241186296717
ENSSSCG00000052602,-0.6037335549306,-3.82416175559903
ENSSSCG00000060575,-1.60995061428548,-0.964427270899581
ENSSSCG00000054838,-0.6037335549306,-1.06343627958185
ENSSSCG00000034990,2.95992771317643,1.85025758473298
ENSSSCG00000045353,1.31835862021284,0.85130538708557
ENSSSCG00000019418,0.0866736428889641,0.583244978335558
ENSSSCG00000018172,0.622199479864748,0.85130538708557
ENSSSCG00000020580,0.815176045257344,0.98118532635575
ENSSSCG00000018746,1.01186851910195,0.550136777985776
ENSSSCG00000019309,0.438976972203651,0.930627626435109
ENSSSCG00000040273,8.52900686166309,8.22688236243783
ENSSSCG00000011857,5.39104423393494,5.74432601546784
ENSSSCG00000026753,5.28227547762598,5.06830748898315
ENSSSCG00000036828,5.8817187693641,5.49966695708009
ENSSSCG00000011858,3.93962493363013,4.03440856491599
ENSSSCG00000039426,8.96871417939026,8.70848910831385
ENSSSCG00000034616,4.28760524652537,4.59920276842609
ENSSSCG00000011888,0.13571138072984,0.738265774167816
ENSSSCG00000011889,6.11740667463343,6.29688618707959
ENSSSCG00000011890,-0.6037335549306,0.169048095927475
ENSSSCG00000011892,6.87905585495421,7.09106253762465
ENSSSCG00000011893,5.04939217599572,4.62128802000242
ENSSSCG00000011894,2.90441202540823,4.32604815274097
ENSSSCG00000011895,2.92548154303131,3.16063026235243
ENSSSCG00000011896,3.07124999498535,3.05248152111906
ENSSSCG00000011899,2.64973397156036,3.34083015316952
ENSSSCG00000037639,4.04606591171587,3.86301531473544
ENSSSCG00000032313,4.79271738408291,5.17396131023383
ENSSSCG00000011901,4.98895960204814,4.27376880513718
ENSSSCG00000026224,3.8688770527107,4.28135427487085
ENSSSCG00000011903,5.56336237580262,4.64696023338181
ENSSSCG00000011904,6.79043723447657,4.03141279196531
ENSSSCG00000011905,-0.774434225214997,-1.86487943217923
ENSSSCG00000011906,1.95940295449205,1.66164245403454
ENSSSCG00000061104,-1.45670196380968,-0.174001573015732
ENSSSCG00000062764,5.05577633706471,5.5254477578665
ENSSSCG00000060201,4.47790134455421,4.69129046740901
ENSSSCG00000062719,1.86076489630265,2.27181848867676
ENSSSCG00000053337,4.16304130144163,4.19563630031025
ENSSSCG00000055578,-1.19180123640617,1.58198313393422
ENSSSCG00000059664,0.902775359205073,1.79480357676921
ENSSSCG00000052707,-0.071311274400066,0.51625090059353
ENSSSCG00000056033,1.16144525464261,1.51492905093733
ENSSSCG00000049029,-1.45670196380968,-0.481109027935221
ENSSSCG00000052096,1.42083245509814,1.18903632798696
ENSSSCG00000051565,1.78593734007211,1.64605858351007
ENSSSCG00000056686,1.93190203123131,1.82279700553437
ENSSSCG00000011845,5.5316515975987,5.75162583985452
ENSSSCG00000040510,5.48510611821674,5.32473087335095
ENSSSCG00000024513,5.08572117345694,5.49966695708009
ENSSSCG00000032957,6.47208437148029,6.37399956691977
ENSSSCG00000026281,6.76338823093105,6.72030738088383
ENSSSCG00000011336,3.91525585396758,3.56869034806267
ENSSSCG00000048318,1.95940295449205,4.38591194894517
ENSSSCG00000028740,2.86859760426546,3.4614817017213
ENSSSCG00000011246,4.41224920002048,3.89961894959634
ENSSSCG00000027550,4.57221023248361,4.73614022506195
ENSSSCG00000011249,6.92598521229366,7.61190809942882
ENSSSCG00000011251,5.08728013113364,4.80090425473433
ENSSSCG00000011250,4.49444557226456,4.5931203752218
ENSSSCG00000011253,5.34617363871415,5.36336352821136
ENSSSCG00000011256,-2.20115708176131,-1.16974403207503
ENSSSCG00000011255,-1.31818014718968,0.124759019246936
ENSSSCG00000011254,1.42083245509814,1.58198313393422
ENSSSCG00000011257,0.874162537149699,1.8772052214074
ENSSSCG00000011259,-0.248748603557596,1.05384751029812
ENSSSCG00000011261,6.05504126012698,5.91982279620963
ENSSSCG00000011465,4.00706500947703,4.05815340206765
ENSSSCG00000031791,8.12259141523123,7.2971739799251
ENSSSCG00000011467,4.80981511292778,5.11291963038247
ENSSSCG00000038873,7.85273399176381,7.67133236424438
ENSSSCG00000034916,6.84213672027588,5.97699573545625
ENSSSCG00000011263,8.69310584313339,8.71094873190909
ENSSSCG00000032596,1.38071206478968,2.09945066583008
ENSSSCG00000011310,1.53490444243865,1.25215911194267
ENSSSCG00000011471,8.00709713914336,8.19242861099907
ENSSSCG00000052616,-1.31818014718968,0.169048095927475
ENSSSCG00000055206,-0.96807720485524,-0.481109027935221
ENSSSCG00000030575,2.25404409223782,0.0318806818288641
ENSSSCG00000046162,-0.313099436094831,-0.230414558288775
ENSSSCG00000052811,-0.686560683805019,0.333743892305565
ENSSSCG00000057463,0.874162537149699,0.647265633957376
ENSSSCG00000059369,0.689434225427014,0.409538950709052
ENSSSCG00000063054,-0.128066380263549,0.253744895693059
ENSSSCG00000058236,-0.451110226541143,0.583244978335558
ENSSSCG00000056248,-0.451110226541143,-1.54570714867312
ENSSSCG00000058944,-3.82416175559903,1.3322436929096
ENSSSCG00000019894,-0.380455165278715,-0.174001573015732
ENSSSCG00000021408,7.53171778356662,6.92383605875894
ENSSSCG00000022616,5.39104423393494,5.24162633967679
ENSSSCG00000011455,3.74792783995943,4.05815340206765
ENSSSCG00000011456,3.97710646081402,5.55182168682216
ENSSSCG00000037914,3.48955626337053,4.44113468012368
ENSSSCG00000011458,4.66282322687629,4.83050521400829
ENSSSCG00000060858,4.71417574184047,4.75078556862451
ENSSSCG00000027019,1.65750311577385,1.86379432043539
ENSSSCG00000011461,2.22034075006793,-0.78472289261437
ENSSSCG00000035859,4.20097667013157,3.0286423715673
ENSSSCG00000011442,7.1783132265376,7.22460164449542
ENSSSCG00000011443,6.50628251863798,6.55230400927072
ENSSSCG00000011444,4.94664497121198,5.25324462166577
ENSSSCG00000034529,3.55411241648467,3.57693252722526
ENSSSCG00000035824,6.23177289487126,6.47833304760414
ENSSSCG00000011449,4.56775005300148,4.98559400660405
ENSSSCG00000011448,6.95871716721927,6.58689428743221
ENSSSCG00000011447,6.50278213680805,5.69406179692953
ENSSSCG00000011446,6.85363264150331,6.82306158437153
ENSSSCG00000011450,0.358634535634919,-0.624943747829482
ENSSSCG00000011451,1.97295929665426,1.94245115943691
ENSSSCG00000011453,3.37168884069489,7.97383310914607
ENSSSCG00000033422,4.9738689143191,4.98404534764041
ENSSSCG00000011454,3.97710646081402,3.51393686828592
ENSSSCG00000034614,5.02682247550098,4.88462887697464
ENSSSCG00000037433,2.83929183176385,1.69231410194732
ENSSSCG00000025272,5.010482312458,4.85782084125562
ENSSSCG00000040581,4.04606591171587,3.48794767503683
ENSSSCG00000011415,5.46605915131498,5.5061554763962
ENSSSCG00000011416,3.07124999498535,3.28658285617744
ENSSSCG00000032914,7.99800916604158,5.75162583985452
ENSSSCG00000011417,5.62798341454991,5.78580435699611
ENSSSCG00000011424,5.71828359603034,5.51154037267572
ENSSSCG00000011423,4.57443516201582,5.44217604620629
ENSSSCG00000043327,0.0359102671599988,-1.54570714867312
ENSSSCG00000060753,0.0359102671599988,-0.702622497962026
ENSSSCG00000023177,3.73207053122084,3.85286919280773
ENSSSCG00000023033,5.87180282300716,5.81135384130525
ENSSSCG00000028446,5.15425813202955,5.16442123764544
ENSSSCG00000042259,5.39859813637721,5.82612342372705
ENSSSCG00000030229,6.26107537702852,6.52380881221184
ENSSSCG00000023325,5.41483048982722,5.17667549814632
ENSSSCG00000027573,8.13451548528299,7.81326693379551
ENSSSCG00000059013,5.51205295330468,4.81316652678404
ENSSSCG00000011426,4.0524647763966,2.15556008292513
ENSSSCG00000011437,6.24160666637074,7.06309807165631
ENSSSCG00000011436,1.55306939928711,1.14536595329469
ENSSSCG00000011435,5.96123715411541,6.15131908651599
ENSSSCG00000011434,5.14978891878731,5.58999107435698
ENSSSCG00000011433,7.28744911164955,7.24187543176529
ENSSSCG00000011347,4.71417574184047,5.24292189000465
ENSSSCG00000048408,3.24332805561604,4.28387392765433
ENSSSCG00000011346,8.20244404966901,8.49375605114966
ENSSSCG00000011350,4.03963853930977,3.98880537664164
ENSSSCG00000011351,6.42169104224284,6.45056752078923
ENSSSCG00000011359,3.21508585528298,3.37431850405851
ENSSSCG00000011358,1.91795245276096,1.9802277618688
ENSSSCG00000011357,7.32460277443095,6.90185993889811
ENSSSCG00000011353,4.26849363650016,4.63714029296751
ENSSSCG00000011355,5.45160706526987,5.09867879127759
ENSSSCG00000011356,7.13261479755709,7.09465483867173
ENSSSCG00000011361,2.973479148401,3.00440267505079
ENSSSCG00000011360,1.47899559533112,0.372139121137058
ENSSSCG00000011364,3.92575018851997,3.67617310087228
ENSSSCG00000040922,5.20970144004725,5.18478755799373
ENSSSCG00000011363,4.83230137783426,4.9190750172438
ENSSSCG00000011366,4.70810908584026,4.39293149909293
ENSSSCG00000011367,6.12577489761312,6.2755225628471
ENSSSCG00000011368,5.1332823241636,5.43312435947941
ENSSSCG00000011369,8.48178203390763,8.55566621199776
ENSSSCG00000011370,5.59658211774909,5.82871419691801
ENSSSCG00000011371,4.77927763142993,5.06684516514793
ENSSSCG00000011373,6.47803873788138,6.69023131943877
ENSSSCG00000032031,7.55922054010477,6.77864143901916
ENSSSCG00000011375,7.24687419195578,7.30835512518045
ENSSSCG00000011377,8.47226801531102,8.30462574388716
ENSSSCG00000011378,5.02193982963718,5.0372830421401
ENSSSCG00000011379,5.94585211705496,5.35260224665233
ENSSSCG00000011376,0.183136955639335,0.79589242289581
ENSSSCG00000058399,4.0524647763966,4.37176954762013
ENSSSCG00000056386,1.53490444243865,1.70740881248283
ENSSSCG00000011382,5.96632925510298,5.54448545605858
ENSSSCG00000060656,8.19034541187343,7.04464467863364
ENSSSCG00000022080,7.97882001186384,7.60638252424709
ENSSSCG00000037459,5.4588512047986,5.14791860904114
ENSSSCG00000022975,0.551677535663921,1.16736637209713
ENSSSCG00000031594,5.07946844204484,5.25324462166577
ENSSSCG00000034357,7.64983661712473,7.45781662401535
ENSSSCG00000011384,2.30852357224583,3.11041093536038
ENSSSCG00000011385,6.20402000678475,5.85775567089141
ENSSSCG00000011386,4.68975453448461,3.16610379149013
ENSSSCG00000011387,5.61399142581396,5.45676497735134
ENSSSCG00000011389,4.8360152490085,4.34788637011036
ENSSSCG00000062528,5.606400690301,4.42296095995685
ENSSSCG00000011390,6.65455607162562,6.80212146829756
ENSSSCG00000011391,7.90139973630788,8.48077419435015
ENSSSCG00000049797,3.62021716865338,4.09878908435793
ENSSSCG00000011393,4.97723606822499,4.19563630031025
ENSSSCG00000026977,1.51650785122028,1.16736637209713
ENSSSCG00000025416,-0.187145967968861,-0.871778856036138
ENSSSCG00000027992,3.55411241648467,3.49231184990847
ENSSSCG00000025791,3.2320974322928,3.34566205935238
ENSSSCG00000011394,5.69085941256581,5.86954605869405
ENSSSCG00000011395,7.8508996460463,8.30074317770363
ENSSSCG00000011398,4.95861870691914,5.55808032852045
ENSSSCG00000042718,3.2544719292997,3.33598200946115
ENSSSCG00000011399,8.58249345128586,8.35985408752611
ENSSSCG00000011400,5.83515918609015,5.47782534572173
ENSSSCG00000011401,0.958352864156609,1.25215911194267
ENSSSCG00000051852,4.49444557226456,4.73614022506195
ENSSSCG00000011402,2.82441264416951,2.76570058982809
ENSSSCG00000011404,4.47790134455421,4.06402904613183
ENSSSCG00000011420,5.2296025086371,5.15481765948851
ENSSSCG00000048899,1.4598672457525,0.0790671408551012
ENSSSCG00000057646,1.1132890985785,1.31263544737941
ENSSSCG00000060422,1.58872724014143,1.86379432043539
ENSSSCG00000060968,1.51650785122028,1.9036587274475
ENSSSCG00000053956,-2.20115708176131,-0.78472289261437
ENSSSCG00000060904,3.20937045959201,3.57693252722526
ENSSSCG00000057242,6.94244401584452,6.20015791992286
ENSSSCG00000055923,-0.187145967968861,0.615610397484158
ENSSSCG00000058473,-0.96807720485524,0.738265774167816
ENSSSCG00000019159,-2.46795088038493,-1.06343627958185
ENSSSCG00000018540,-1.976085364955,-1.28451287928067
ENSSSCG00000018173,-0.686560683805019,-2.27533557831912
ENSSSCG00000011425,4.39220876525379,4.41608635552787
ENSSSCG00000060807,3.85430141485533,4.04335873909601
ENSSSCG00000011870,6.97354492046927,6.48874540174848
ENSSSCG00000041693,-0.686560683805019,0.253744895693059
ENSSSCG00000011872,2.4891927659918,1.3322436929096
ENSSSCG00000052036,3.14495972721505,3.46592655108512
ENSSSCG00000036766,3.12688233693705,2.98595183448321
ENSSSCG00000011873,3.11470366257417,3.58920817305299
ENSSSCG00000011874,4.70608118483071,4.67602526698248
ENSSSCG00000011876,3.90114359527128,4.25591271664972
ENSSSCG00000027709,5.11963502622843,4.79031013887507
ENSSSCG00000028475,6.4086569245958,6.28624391903342
ENSSSCG00000053171,4.03963853930977,4.08729521014085
ENSSSCG00000026990,5.59219676624076,5.64981795480522
ENSSSCG00000025107,3.18044883327868,2.69172925686298
ENSSSCG00000011877,3.57203861517619,2.43487064882408
ENSSSCG00000025436,4.24074453303866,4.37885807754393
ENSSSCG00000011880,1.06346985097485,-0.174001573015732
ENSSSCG00000011881,4.73620440460341,4.70074984054406
ENSSSCG00000011884,2.49859618532626,2.02910543258505
ENSSSCG00000011885,1.51650785122028,0.79589242289581
ENSSSCG00000036613,0.656208489639131,0.372139121137058
ENSSSCG00000030305,8.24479371350764,7.03831636814501
ENSSSCG00000012029,4.64811079178396,4.98094303355547
ENSSSCG00000011772,5.76578653108954,5.75526194759512
ENSSSCG00000025942,6.27755625646809,5.99939855757934
ENSSSCG00000021749,2.02594564966019,2.07638127694377
ENSSSCG00000024393,5.49218439551075,5.63311737430673
ENSSSCG00000031476,1.55306939928711,1.03003110897365
ENSSSCG00000011775,5.82958147288099,6.10576190466154
ENSSSCG00000011776,6.13710844586137,5.38582156055003
ENSSSCG00000032328,0.551677535663921,1.16736637209713
ENSSSCG00000033424,4.77154118338875,4.43887544564125
ENSSSCG00000011782,5.03168865229825,5.25965902160451
ENSSSCG00000062141,3.71603698882729,3.7509259372459
ENSSSCG00000011783,6.11435160963968,6.01692221396116
ENSSSCG00000025374,6.60644258669088,6.68880600225588
ENSSSCG00000024437,7.67493704337114,7.77258182353957
ENSSSCG00000028856,5.70818717376348,5.86366290933903
ENSSSCG00000026185,0.874162537149699,0.445993691080189
ENSSSCG00000021319,3.59851706752444,2.92268698172859
ENSSSCG00000054583,0.273552666612953,0.124759019246936
ENSSSCG00000053887,-0.525404570246514,-1.28451287928067
ENSSSCG00000052048,4.34607327790409,4.63319352456153
ENSSSCG00000046387,7.7733676996221,7.399469982907
ENSSSCG00000030255,8.54497846646595,8.42265287062445
ENSSSCG00000053702,3.4170250288465,3.72148794745697
ENSSSCG00000021581,2.1858311792755,2.68411916779552
ENSSSCG00000022507,4.50614778903978,4.97003209620448
ENSSSCG00000023909,1.65750311577385,2.18820728069852
ENSSSCG00000025270,3.91174070983612,3.50100079312761
ENSSSCG00000062432,0.0866736428889641,-0.0169014492655093
ENSSSCG00000043503,1.58872724014143,1.5319870059135
ENSSSCG00000058799,-2.20115708176131,-0.964427270899581
ENSSSCG00000041813,3.4170250288465,3.42542113285521
ENSSSCG00000038376,2.47020003230929,2.36994739547508
ENSSSCG00000029774,5.79565460828945,5.73238445400436
ENSSSCG00000011675,0.985358817624548,1.9802277618688
ENSSSCG00000054119,0.438976972203651,1.86379432043539
ENSSSCG00000061813,2.34025034678746,4.05815340206765
ENSSSCG00000011676,8.00483050722121,6.8766256173667
ENSSSCG00000028258,4.67738713961771,4.57265850960416
ENSSSCG00000032162,0.58736937234432,-0.289123515071902
ENSSSCG00000011713,1.44048186623276,1.07727712061465
ENSSSCG00000011717,1.72314896938536,0.253744895693059
ENSSSCG00000031367,6.84674608702477,1.59827076196444
ENSSSCG00000022105,1.4598672457525,-1.06343627958185
ENSSSCG00000011629,4.78697281397828,4.68176866206764
ENSSSCG00000011630,0.72191195620079,0.409538950709052
ENSSSCG00000011631,5.0810341673325,4.62128802000242
ENSSSCG00000011632,5.70615938259116,5.66052209867394
ENSSSCG00000054039,5.66812180492576,5.83043879794058
ENSSSCG00000033350,8.79381057340182,7.47252516799708
ENSSSCG00000044713,-1.19180123640617,-1.06343627958185
ENSSSCG00000027820,4.94492629620376,5.7342280631979
ENSSSCG00000034515,-0.313099436094831,-1.86487943217923
ENSSSCG00000021511,-2.20115708176131,-0.871778856036138
ENSSSCG00000033637,0.902775359205073,2.33149300780735
ENSSSCG00000041735,3.20937045959201,3.29159958611275
ENSSSCG00000039224,1.4598672457525,1.91670578029932
ENSSSCG00000062072,3.11470366257417,3.33111751872742
ENSSSCG00000011342,6.51615439314546,6.79242138795366
ENSSSCG00000029251,8.4943216133256,8.38764719275928
ENSSSCG00000011344,1.01186851910195,1.66164245403454
ENSSSCG00000011340,5.3409555658296,5.25837842112513
ENSSSCG00000062232,1.0885945093173,1.75176786229133
ENSSSCG00000048463,3.66683866522758,3.64515263246846
ENSSSCG00000012089,5.85725686380513,5.57669497825297
ENSSSCG00000012088,7.82099418625159,6.94468648704869
ENSSSCG00000038089,7.81371426402029,6.99360833433702
ENSSSCG00000030696,5.34356696142168,4.71948452790664
ENSSSCG00000011756,-1.19180123640617,-0.871778856036138
ENSSSCG00000035037,4.09337959831602,4.74164966589106
ENSSSCG00000022164,5.12267893524269,4.75442379209726
ENSSSCG00000021698,4.15414349138175,4.6112911612196
ENSSSCG00000034758,6.23669815928662,6.48983708017605
ENSSSCG00000027357,5.77838722030087,6.15131908651599
ENSSSCG00000037061,5.15128019537821,4.89949232825537
ENSSSCG00000038081,5.41978853790186,5.71848177388551
ENSSSCG00000039085,5.75503776897366,5.82871419691801
ENSSSCG00000029627,4.98895960204814,5.35380191622885
ENSSSCG00000025525,5.9432719172745,5.83731665974715
ENSSSCG00000022246,4.08716004251789,3.66074623935973
ENSSSCG00000028197,6.90403880691247,7.04055306054755
ENSSSCG00000024500,5.66394891570636,5.86954605869405
ENSSSCG00000023762,3.2710279851024,3.69522755672695
ENSSSCG00000053846,-0.313099436094831,1.9036587274475
ENSSSCG00000027165,5.46725698231566,5.54658533142559
ENSSSCG00000035795,4.68770065038934,4.52019697202262
ENSSSCG00000031249,7.16766848251501,7.23081794319085
ENSSSCG00000025133,3.99382684223589,3.69900843346431
ENSSSCG00000028571,4.20385387305167,4.03440856491599
ENSSSCG00000054232,2.35067276244516,2.53979115791429
ENSSSCG00000057336,2.41167389764734,3.08751753508833
ENSSSCG00000044255,0.515080245807192,1.21038560183454
ENSSSCG00000049147,0.844970737784426,1.2726008670673
ENSSSCG00000027738,5.92420812029285,5.75888891407752
ENSSSCG00000024222,5.02844635883866,4.16589325392121
ENSSSCG00000030247,3.7280788200133,4.47680940564299
ENSSSCG00000011239,6.80424794253921,6.46062477903535
ENSSSCG00000011241,1.49787364177406,2.02910543258505
ENSSSCG00000011245,6.90403880691247,7.53361416883329
ENSSSCG00000042530,-0.128066380263549,-0.551234614202225
ENSSSCG00000011243,6.97354492046927,7.353732599693
ENSSSCG00000039888,-1.19180123640617,0.550136777985776
ENSSSCG00000056460,0.316720715261423,1.86379432043539
ENSSSCG00000011882,7.60019854416679,7.88493190700014
ENSSSCG00000051935,-0.96807720485524,-2.27533557831912
ENSSSCG00000011284,5.99484985216915,6.26216757808207
ENSSSCG00000030065,6.62963040552744,6.60866490898265
ENSSSCG00000011286,3.90114359527128,4.21424933416046
ENSSSCG00000011287,4.36932543273693,5.23121983981787
ENSSSCG00000050245,7.45318915211914,7.45781662401535
ENSSSCG00000011290,5.83237302503664,5.53605525631129
ENSSSCG00000031154,2.83187141988282,2.19892754442265
ENSSSCG00000011292,3.77139171369143,3.91919993155247
ENSSSCG00000011294,5.56448211302513,5.76340983709907
ENSSSCG00000049863,-0.686560683805019,0.253744895693059
ENSSSCG00000030528,4.99893307367509,4.98868634621883
ENSSSCG00000060376,1.84610665102851,0.878233640758889
ENSSSCG00000057067,3.66266205759027,2.26162827184794
ENSSSCG00000027594,5.70412873722908,5.53393998682789
ENSSSCG00000026761,7.2247347990624,7.1213157115601
ENSSSCG00000038281,0.316720715261423,-0.551234614202225
ENSSSCG00000035537,4.55202993354254,4.85612868314178
ENSSSCG00000028883,3.67100321646479,3.05248152111906
ENSSSCG00000020706,6.1939257584427,6.35015358442328
ENSSSCG00000031111,-1.31818014718968,-0.964427270899581
ENSSSCG00000012053,1.75488470892769,0.0790671408551012
ENSSSCG00000012054,4.17775011141718,3.43904969020546
ENSSSCG00000012055,5.1938699938379,5.17124200640732
ENSSSCG00000012056,1.16144525464261,-0.481109027935221
ENSSSCG00000027179,-0.774434225214997,-2.53471534769233
ENSSSCG00000012059,6.14685934704553,5.44104768629077
ENSSSCG00000011313,5.28770975804547,5.43652540074434
ENSSSCG00000027176,6.11740667463343,5.99632911833498
ENSSSCG00000028643,7.86164317900644,5.84757236057115
ENSSSCG00000063482,-1.07560684537938,-2.05555929136582
ENSSSCG00000011314,6.99363544249665,6.58075966879911
ENSSSCG00000062437,-1.45670196380968,-1.06343627958185
ENSSSCG00000011316,-1.07560684537938,0.212017947135459
ENSSSCG00000054177,7.64057568845759,5.85860104442169
ENSSSCG00000011318,0.689434225427014,-0.414234639036479
ENSSSCG00000011317,6.2884398344606,4.73981552237143
ENSSSCG00000026707,-0.071311274400066,-1.06343627958185
ENSSSCG00000011322,0.815176045257344,-1.28451287928067
ENSSSCG00000063596,0.930831724376776,-0.0673909604895641
ENSSSCG00000024344,2.11423229533454,0.930627626435109
ENSSSCG00000023557,0.438976972203651,-0.174001573015732
ENSSSCG00000029879,9.05459700124028,7.69755490267005
ENSSSCG00000045673,1.87527570583285,1.3895183870631
ENSSSCG00000026945,4.69998032258329,4.03141279196531
ENSSSCG00000023395,0.358634535634919,-0.871778856036138
ENSSSCG00000056944,-1.45670196380968,0.550136777985776
ENSSSCG00000032551,1.31835862021284,1.99260329927285
ENSSSCG00000021997,7.30564340566611,7.26756354054929
ENSSSCG00000038857,0.551677535663921,-1.6964847871246
ENSSSCG00000040146,-2.20115708176131,0.51625090059353
ENSSSCG00000043557,-0.187145967968861,-0.551234614202225
ENSSSCG00000011324,2.94624777947776,3.24580834698678
ENSSSCG00000011325,1.44048186623276,0.904668467894398
ENSSSCG00000011326,3.66266205759027,4.29390876251916
ENSSSCG00000011329,6.92249614492543,6.76923128898548
ENSSSCG00000011330,7.11629120680889,7.89794305879444
ENSSSCG00000054848,4.70405042932197,5.97777406569102
ENSSSCG00000011332,6.48159959722914,6.63653358325083
ENSSSCG00000051293,2.95992771317643,2.36042946327191
ENSSSCG00000040687,1.49787364177406,3.18240087297536
ENSSSCG00000002795,5.95783240765821,3.93210781488979
ENSSSCG00000002802,2.86859760426546,3.06425498526989
ENSSSCG00000021911,7.001097840129,10.6340622654073
ENSSSCG00000026505,3.72006211070162,5.06391606329236
ENSSSCG00000002799,6.99280389948556,6.91979158212574
ENSSSCG00000040881,3.43182593067921,3.0286423715673
ENSSSCG00000032985,7.18050581541647,7.31637684234686
ENSSSCG00000002781,0.399364956748047,3.54367745980086
ENSSSCG00000002779,6.03175105150642,5.96840627383791
ENSSSCG00000035983,9.02389039886437,9.13827762075453
ENSSSCG00000002778,5.9180891551232,6.22986337912766
ENSSSCG00000002777,3.31427052102589,5.0958136768621
ENSSSCG00000002776,6.65403019752835,6.6281302125495
ENSSSCG00000002774,6.23106791104398,6.24868781061411
ENSSSCG00000024253,6.19175348574161,6.69118074918986
ENSSSCG00000022722,1.55306939928711,2.36042946327191
ENSSSCG00000029590,4.73421564024372,4.30883134414237
ENSSSCG00000034863,2.4891927659918,2.08796208222624
ENSSSCG00000028661,4.50381492703754,3.96702031038741
ENSSSCG00000021711,0.0359102671599988,-0.414234639036479
ENSSSCG00000024750,5.77548912191863,5.75344503926109
ENSSSCG00000021803,6.20617390174707,6.15338739067858
ENSSSCG00000002767,6.71277822909811,6.83384869748497
ENSSSCG00000002768,4.00376683837186,3.75819252703796
ENSSSCG00000030295,6.42477712386793,6.66918420884441
ENSSSCG00000002771,6.55046609627525,6.78042691033545
ENSSSCG00000055661,-2.46795088038493,-0.78472289261437
ENSSSCG00000040313,5.20252685723836,5.21942209472372
ENSSSCG00000031781,3.80966955664192,3.85286919280773
ENSSSCG00000028350,2.1858311792755,2.47951838830822
ENSSSCG00000028609,5.73329696958958,5.20752707669586
ENSSSCG00000023514,4.37188602326707,5.68169503315142
ENSSSCG00000021105,8.5482365793969,8.47196219868892
ENSSSCG00000059913,3.69164753504792,3.69900843346431
ENSSSCG00000029578,5.81271776762271,5.92467470454403
ENSSSCG00000035227,5.08883740603897,5.63410513121946
ENSSSCG00000057510,3.24332805561604,2.80832874093041
ENSSSCG00000002769,5.45523368186334,5.78846848813099
ENSSSCG00000026038,2.34025034678746,2.59764651471072
ENSSSCG00000051564,1.31835862021284,2.33149300780735
ENSSSCG00000060951,0.0359102671599988,0.678241186296717
ENSSSCG00000038329,5.7491408774417,5.24292189000465
ENSSSCG00000027660,7.09900826118322,6.70064083939231
ENSSSCG00000039548,5.68983362219319,5.33691507700456
ENSSSCG00000003762,5.27408548264667,4.29640660302702
ENSSSCG00000033425,-0.774434225214997,1.4081155707733
ENSSSCG00000003787,7.20620154753805,7.43872296438237
ENSSSCG00000003788,3.59413760265918,3.07010588219071
ENSSSCG00000035582,3.10242130466837,2.76570058982809
ENSSSCG00000003763,6.4528635531954,5.95582050662637
ENSSSCG00000025085,3.4561615859508,3.62144157031221
ENSSSCG00000003781,6.49868759489424,5.75435377945145
ENSSSCG00000040109,-1.45670196380968,0.0318806818288641
ENSSSCG00000003783,4.62253506799777,5.12280523284831
ENSSSCG00000003784,2.02594564966019,2.1108484849407
ENSSSCG00000024494,1.13756809465378,1.8088681866303
ENSSSCG00000003775,5.63652690270746,5.41024351712972
ENSSSCG00000003776,5.42349592396768,4.80090425473433
ENSSSCG00000003777,-1.31818014718968,-0.481109027935221
ENSSSCG00000003779,3.28739620076941,3.16063026235243
ENSSSCG00000003780,6.98111169011828,6.70440757456923
ENSSSCG00000003766,5.82771743273607,6.25383782207014
ENSSSCG00000003771,6.71378784001834,7.3453134819512
ENSSSCG00000003768,6.66972363026673,6.79242138795366
ENSSSCG00000003770,2.63275319451676,3.07010588219071
ENSSSCG00000040220,5.34356696142168,5.43312435947941
ENSSSCG00000003772,5.36814227527916,5.54553577579408
ENSSSCG00000003773,0.844970737784426,-0.964427270899581
ENSSSCG00000053847,-0.6037335549306,-0.174001573015732
ENSSSCG00000019290,-2.20115708176131,-1.16974403207503
ENSSSCG00000019699,-0.774434225214997,-1.28451287928067
ENSSSCG00000019065,-1.07560684537938,-0.230414558288775
ENSSSCG00000035230,5.05736797286639,5.02829497824047
ENSSSCG00000034905,5.49453612490598,5.08574072923909
ENSSSCG00000031493,5.43088223660844,5.48769501151789
ENSSSCG00000056651,-2.46795088038493,-0.964427270899581
ENSSSCG00000035967,5.18806975769765,5.09294286115984
ENSSSCG00000033920,4.89595282410356,4.83909703575288
ENSSSCG00000034455,3.85795915304224,4.10164830170952
ENSSSCG00000002648,1.49787364177406,0.615610397484158
ENSSSCG00000002646,6.0382135810092,6.19146122524518
ENSSSCG00000002645,7.48753764896161,7.12799230153354
ENSSSCG00000002650,4.41224920002048,5.0372830421401
ENSSSCG00000002651,2.20892903416734,0.823864935560437
ENSSSCG00000024974,9.12828913163717,8.76582954337045
ENSSSCG00000024756,5.95356514392522,5.72683944852764
ENSSSCG00000039541,7.45258449228573,7.89134888460921
ENSSSCG00000023866,4.62038314979313,4.5890511532462
ENSSSCG00000002639,-1.07560684537938,-0.119711717242417
ENSSSCG00000036102,6.38095942626565,5.9597653661667
ENSSSCG00000002635,6.2583101661783,6.43761370055818
ENSSSCG00000024687,3.60723631482034,2.76570058982809
ENSSSCG00000029228,5.21826410629706,5.63804940994359
ENSSSCG00000022310,5.09659866559798,5.22860644357064
ENSSSCG00000029339,2.93243688704098,2.63759586230106
ENSSSCG00000025401,6.44193823689282,6.71050762119278
ENSSSCG00000003726,3.26553038325255,2.36042946327191
ENSSSCG00000023677,5.86181825031068,6.17526674608384
ENSSSCG00000020694,-1.19180123640617,0.294298826806809
ENSSSCG00000021971,-0.6037335549306,-2.85117878809169
ENSSSCG00000026662,1.90386667628305,2.47069869532763
ENSSSCG00000020740,-1.19180123640617,-0.551234614202225
ENSSSCG00000027160,0.0866736428889641,-1.28451287928067
ENSSSCG00000022739,7.17024510365296,7.19177083368106
ENSSSCG00000002633,7.29083578255187,7.78063275142251
ENSSSCG00000003722,2.58057768336524,4.13552408472035
ENSSSCG00000002637,3.60723631482034,4.30635494149973
ENSSSCG00000035965,0.0866736428889641,0.708565629647667
ENSSSCG00000056858,2.10194590665749,2.16652477447692
ENSSSCG00000041404,0.551677535663921,1.59827076196444
ENSSSCG00000002640,6.79473748166995,7.21043348338865
ENSSSCG00000003721,4.66073061401041,5.74157903056097
ENSSSCG00000002668,6.56899538946264,6.18608323865988
ENSSSCG00000025005,1.0885945093173,0.878233640758889
ENSSSCG00000038048,-0.248748603557596,2.3887969274946
ENSSSCG00000003728,5.44310933754436,5.40098859601281
ENSSSCG00000032115,2.82441264416951,3.19316420856271
ENSSSCG00000031450,3.49895732144611,4.56439180639477
ENSSSCG00000003729,3.36656240498575,3.58920817305299
ENSSSCG00000057749,7.00481461385176,6.94826482141362
ENSSSCG00000003730,5.02844635883866,4.79738151966837
ENSSSCG00000003731,4.5108022266219,4.02841078531082
ENSSSCG00000003733,4.85077586103389,4.53296281695554
ENSSSCG00000057415,4.37188602326707,3.17698894188192
ENSSSCG00000024800,6.55272478724163,6.00399050646674
ENSSSCG00000003736,1.01186851910195,2.28193723327874
ENSSSCG00000003737,1.69069938953273,-0.289123515071902
ENSSSCG00000028047,6.46550605855403,6.24481320146771
ENSSSCG00000030002,4.554286179396,4.73981552237143
ENSSSCG00000027700,6.09200676869927,6.44832302123868
ENSSSCG00000027455,5.12723279077222,4.71388962247809
ENSSSCG00000020898,4.95349926964163,5.04473055607433
ENSSSCG00000002688,4.38208317888707,3.33111751872742
ENSSSCG00000040875,3.7079528973128,4.08729521014085
ENSSSCG00000003744,0.358634535634919,2.23061850955662
ENSSSCG00000053583,2.06444617595092,1.3322436929096
ENSSSCG00000027935,5.17639885502505,5.99402274567693
ENSSSCG00000020678,4.77154118338875,5.00557674002046
ENSSSCG00000035629,0.551677535663921,0.333743892305565
ENSSSCG00000032996,4.38208317888707,3.59733428976383
ENSSSCG00000002652,5.95697996406559,6.01237130613481
ENSSSCG00000003746,0.58736937234432,-1.16974403207503
ENSSSCG00000026953,4.99893307367509,4.94795950229678
ENSSSCG00000002653,1.06346985097485,1.70740881248283
ENSSSCG00000002656,4.81170241273209,5.44104768629077
ENSSSCG00000002655,6.44254737432512,6.36629277169863
ENSSSCG00000002654,5.3960845610006,5.16305320567286
ENSSSCG00000002666,6.11740667463343,6.76968078591957
ENSSSCG00000002667,5.29312364564652,5.66536148746813
ENSSSCG00000003747,2.83187141988282,3.17698894188192
ENSSSCG00000002669,7.41645340203449,5.5018330409271
ENSSSCG00000003748,-0.128066380263549,-2.27533557831912
ENSSSCG00000002670,5.94154921686092,5.99632911833498
ENSSSCG00000038285,3.82470078273387,3.77620046959395
ENSSSCG00000037645,6.26727779087404,5.57874852437583
ENSSSCG00000002672,4.80981511292778,4.50299820673294
ENSSSCG00000002671,6.47625500693321,7.49199696766541
ENSSSCG00000052604,-1.976085364955,-1.06343627958185
ENSSSCG00000046533,1.95940295449205,3.56040081028268
ENSSSCG00000061859,-0.313099436094831,1.56550952137607
ENSSSCG00000054474,-2.20115708176131,-0.78472289261437
ENSSSCG00000023837,4.9704938833126,3.40704711347586
ENSSSCG00000054929,3.61157625649599,4.96533060070222
ENSSSCG00000054530,-2.79553649653186,-0.414234639036479
ENSSSCG00000062355,-3.82416175559903,-0.624943747829482
ENSSSCG00000059290,-3.82416175559903,-0.481109027935221
ENSSSCG00000002660,5.57563194419441,6.1582019335167
ENSSSCG00000038460,3.99382684223589,4.37649910198119
ENSSSCG00000034980,2.98690447673027,2.3887969274946
ENSSSCG00000029034,7.25348501149864,7.59754798600103
ENSSSCG00000045808,4.30110303528958,3.79044671428864
ENSSSCG00000059578,1.95940295449205,0.930627626435109
ENSSSCG00000056302,1.87527570583285,1.25215911194267
ENSSSCG00000002664,5.449184246222,5.45341137129948
ENSSSCG00000060235,-0.525404570246514,0.0318806818288641
ENSSSCG00000002680,4.84709984198571,5.21282586299017
ENSSSCG00000002675,7.00440211153805,6.21937137286622
ENSSSCG00000002681,5.63439576913845,5.90434987719646
ENSSSCG00000002682,7.16545628153489,6.97267730650697
ENSSSCG00000002689,6.69192396015363,6.19882337439353
ENSSSCG00000002690,1.18493366366352,1.83659263049607
ENSSSCG00000036572,1.97295929665426,2.69172925686298
ENSSSCG00000039200,2.47020003230929,2.94195942788852
ENSSSCG00000040203,3.85063437944186,4.00721999059348
ENSSSCG00000035388,4.18067396324146,4.54771492263576
ENSSSCG00000032216,5.18078651505005,5.47452039550892
ENSSSCG00000039216,0.844970737784426,-1.06343627958185
ENSSSCG00000032060,3.07753836957622,2.91620519333423
ENSSSCG00000038128,2.56275792947573,2.26162827184794
ENSSSCG00000031421,7.24303298395244,7.16160468500143
ENSSSCG00000027415,3.09624068973912,2.84291461693407
ENSSSCG00000002696,5.18078651505005,2.98595183448321
ENSSSCG00000002658,-0.451110226541143,-3.82416175559903
ENSSSCG00000029296,-1.07560684537938,-1.6964847871246
ENSSSCG00000062019,-1.60995061428548,-1.06343627958185
ENSSSCG00000054216,3.33541525760166,4.09017727487734
ENSSSCG00000061465,0.784753030569422,0.481549931933635
ENSSSCG00000057892,1.25318803729539,1.35158900457553
ENSSSCG00000060189,-0.6037335549306,-0.481109027935221
ENSSSCG00000056644,1.51650785122028,2.7871721045049
ENSSSCG00000045539,-2.20115708176131,-0.964427270899581
ENSSSCG00000062020,-0.868009231170092,2.48828449091058
ENSSSCG00000054946,-0.187145967968861,2.87669073668673
ENSSSCG00000044663,0.13571138072984,0.372139121137058
ENSSSCG00000054485,0.358634535634919,0.79589242289581
ENSSSCG00000053453,1.0885945093173,1.8088681866303
ENSSSCG00000054198,1.87527570583285,2.69172925686298
ENSSSCG00000059137,-0.525404570246514,-0.0169014492655093
ENSSSCG00000042603,-0.96807720485524,-0.481109027935221
ENSSSCG00000061680,4.66699936862858,4.09017727487734
ENSSSCG00000003831,2.86859760426546,3.00440267505079
ENSSSCG00000025097,4.40476662179162,3.43452112753612
ENSSSCG00000005778,1.33944395982878,1.05384751029812
ENSSSCG00000025020,3.74397982295811,1.21038560183454
ENSSSCG00000005777,4.16008145803367,4.28135427487085
ENSSSCG00000003830,5.90046202116531,6.34292224799078
ENSSSCG00000056323,5.1601956278221,5.14237551580596
ENSSSCG00000003825,3.43182593067921,3.46592655108512
ENSSSCG00000058502,3.73605122845562,2.96097781055992
ENSSSCG00000040920,5.78704674796927,5.78846848813099
ENSSSCG00000061676,0.229053005082177,0.51625090059353
ENSSSCG00000003826,3.79448007211224,4.25847715714734
ENSSSCG00000003833,0.183136955639335,0.481549931933635
ENSSSCG00000003749,4.86174805063218,4.70451629151158
ENSSSCG00000003828,4.74017372759755,4.70451629151158
ENSSSCG00000031912,7.40524776099978,7.8983541956447
ENSSSCG00000063412,2.72376707845927,3.72148794745697
ENSSSCG00000005780,2.52644419656486,3.86973996983634
ENSSSCG00000003875,7.01426975943282,6.82565785686323
ENSSSCG00000023171,4.64599671379048,4.47901005509696
ENSSSCG00000003760,3.64583365363513,3.64906686383064
ENSSSCG00000031172,6.97438763516309,6.99668356153929
ENSSSCG00000038475,3.93270424060577,2.43487064882408
ENSSSCG00000003876,4.0524647763966,3.90290095805923
ENSSSCG00000003877,5.6660368690374,5.34417651063089
ENSSSCG00000038632,5.07946844204484,4.95746056627677
ENSSSCG00000023376,1.4598672457525,2.47069869532763
ENSSSCG00000003753,2.86859760426546,2.45289588892133
ENSSSCG00000003755,4.95520776802301,4.55190225121471
ENSSSCG00000003756,6.99488185904177,6.36033632585198
ENSSSCG00000003757,5.44310933754436,4.3162351491245
ENSSSCG00000003758,0.902775359205073,-0.119711717242417
ENSSSCG00000029882,2.66651720471281,2.96726196308175
ENSSSCG00000053185,5.28635310576143,5.38229871499175
ENSSSCG00000022145,4.56775005300148,4.67025891591888
ENSSSCG00000026005,-1.19180123640617,-0.871778856036138
ENSSSCG00000003761,5.55211694311536,5.53499800924374
ENSSSCG00000037291,-0.128066380263549,-2.05555929136582
ENSSSCG00000055983,-1.976085364955,-1.06343627958185
ENSSSCG00000058037,-0.248748603557596,-0.174001573015732
ENSSSCG00000022206,1.0885945093173,1.23142354660134
ENSSSCG00000038041,3.04581876338901,3.51822324496375
ENSSSCG00000036145,3.03293303855187,2.69929941392765
ENSSSCG00000003839,6.91461475411008,7.32037103672012
ENSSSCG00000029633,6.49105247674133,6.61267925972656
ENSSSCG00000027525,7.2162105650216,7.03196017649097
ENSSSCG00000027362,0.58736937234432,-0.624943747829482
ENSSSCG00000056444,1.623524972916,2.69929941392765
ENSSSCG00000003843,3.38188738520723,3.25096862919518
ENSSSCG00000003844,4.72222513584158,4.59717815194758
ENSSSCG00000036649,-3.22005278102631,-0.174001573015732
ENSSSCG00000037559,5.92333556974423,7.24511157062792
ENSSSCG00000039594,6.14835365336639,6.31547725982141
ENSSSCG00000032083,5.75012536803968,5.90434987719646
ENSSSCG00000020677,4.09647935018081,3.64122775235665
ENSSSCG00000030538,1.86076489630265,1.67705978623095
ENSSSCG00000063048,4.1088121830748,4.13273128655751
ENSSSCG00000034261,7.99281992572194,8.16791417672013
ENSSSCG00000027641,6.36305279514839,6.90513685903944
ENSSSCG00000029698,5.45039616434714,5.14653483109961
ENSSSCG00000053317,3.98381788531011,3.96702031038741
ENSSSCG00000028506,5.8164823296396,4.82878069242527
ENSSSCG00000028748,3.29281126295419,2.99212837075843
ENSSSCG00000003846,3.07753836957622,5.01014909750059
ENSSSCG00000003848,2.69950905799353,3.2764967565249
ENSSSCG00000003849,4.3896840233634,4.14664152576464
ENSSSCG00000003850,5.55437305300408,5.15756806843256
ENSSSCG00000003851,4.42463456318673,4.32360115223717
ENSSSCG00000027114,5.80515904510945,5.41714595316496
ENSSSCG00000003854,4.0004611099782,4.53084300515973
ENSSSCG00000003857,5.45764637141157,5.51261494421435
ENSSSCG00000027119,0.229053005082177,1.18903632798696
ENSSSCG00000034127,0.753674621171028,2.05293699456738
ENSSSCG00000038094,4.67531556037161,4.1549237433736
ENSSSCG00000003859,5.3745404838255,5.84159873186458
ENSSSCG00000028288,5.23101356380149,4.94636989053278
ENSSSCG00000003861,1.01186851910195,1.07727712061465
ENSSSCG00000003862,6.15951188664924,6.22986337912766
ENSSSCG00000003863,4.37444207714264,4.79031013887507
ENSSSCG00000038762,5.7687041660469,5.9793294675707
ENSSSCG00000003867,6.16099315179093,6.11357341447669
ENSSSCG00000046753,3.19787128988667,3.64515263246846
ENSSSCG00000021036,4.63111078580486,4.5539913667619
ENSSSCG00000003870,6.41052616656954,6.37399956691977
ENSSSCG00000021292,6.1151159826117,5.85182414526989
ENSSSCG00000059473,-0.868009231170092,-1.40920704473941
ENSSSCG00000003872,6.2884398344606,6.79595624053279
ENSSSCG00000032960,3.48009354299061,3.93210781488979
ENSSSCG00000040425,5.15425813202955,4.13552408472035
ENSSSCG00000038888,5.1601956278221,3.50100079312761
ENSSSCG00000037516,4.0809135576596,3.70654059047283
ENSSSCG00000023460,1.03789987789575,-0.414234639036479
ENSSSCG00000037815,3.51757762897685,3.88641573936135
ENSSSCG00000003664,5.57896015914784,5.45004995148061
ENSSSCG00000037514,0.551677535663921,-0.964427270899581
ENSSSCG00000003659,0.316720715261423,-2.27533557831912
ENSSSCG00000034765,0.985358817624548,0.169048095927475
ENSSSCG00000003832,8.4135167735705,8.3692275093687
ENSSSCG00000059120,-1.19180123640617,-0.289123515071902
ENSSSCG00000041038,-1.78143407576197,-0.871778856036138
ENSSSCG00000051950,-0.774434225214997,-0.702622497962026
ENSSSCG00000052521,-1.45670196380968,-0.35032329061541
ENSSSCG00000061933,-0.774434225214997,-0.0673909604895641
ENSSSCG00000052447,-0.686560683805019,-0.551234614202225
ENSSSCG00000056712,-1.19180123640617,-0.0673909604895641
ENSSSCG00000042401,2.03889365526185,1.05384751029812
ENSSSCG00000060116,-1.78143407576197,-0.551234614202225
ENSSSCG00000061737,-1.976085364955,-0.964427270899581
ENSSSCG00000058485,3.91525585396758,3.57281732362671
ENSSSCG00000059328,0.515080245807192,0.372139121137058
ENSSSCG00000059746,1.44048186623276,2.18820728069852
ENSSSCG00000059559,-0.187145967968861,0.615610397484158
ENSSSCG00000051941,-1.60995061428548,0.481549931933635
ENSSSCG00000043918,-0.868009231170092,0.0790671408551012
ENSSSCG00000046729,1.97295929665426,2.63759586230106
ENSSSCG00000054968,0.902775359205073,1.4081155707733
ENSSSCG00000061116,0.784753030569422,1.51492905093733
ENSSSCG00000031300,0.815176045257344,1.51492905093733
ENSSSCG00000034611,6.00890146633993,6.39803940133197
ENSSSCG00000029991,3.97710646081402,4.05225373045946
ENSSSCG00000058884,5.9865198103191,5.77151196818462
ENSSSCG00000031631,5.99152360486484,6.17390896460109
ENSSSCG00000039905,5.30120657359952,4.97315793618583
ENSSSCG00000032909,1.29696053674266,-2.27533557831912
ENSSSCG00000051819,6.61349224508801,6.38987563605772
ENSSSCG00000003651,5.08572117345694,3.47035774820873
ENSSSCG00000032240,4.07778014376273,4.26103704735011
ENSSSCG00000003640,-0.313099436094831,-0.871778856036138
ENSSSCG00000003642,4.75201658885609,4.52019697202262
ENSSSCG00000003643,6.2282445257196,6.1450963230789
ENSSSCG00000003644,4.83786860556221,5.51690524441059
ENSSSCG00000003645,5.39230596753735,5.41829315531391
ENSSSCG00000039663,6.30327194360304,6.57253938761331
ENSSSCG00000038533,5.79660787460025,5.53605525631129
ENSSSCG00000039797,5.83886571723934,6.68165821728412
ENSSSCG00000038465,7.22615062088374,7.18065907844154
ENSSSCG00000037264,5.74124067344783,5.47892531547877
ENSSSCG00000003679,5.90223445792575,5.67882604711436
ENSSSCG00000003680,6.47863282511525,6.4313770373609
ENSSSCG00000003667,5.40486298168331,5.58386963768483
ENSSSCG00000039761,1.47899559533112,-0.414234639036479
ENSSSCG00000003669,6.18594471694462,2.22013201354959
ENSSSCG00000003672,8.54157083338806,8.54073226554493
ENSSSCG00000036673,6.59333663318138,6.30497174925713
ENSSSCG00000003670,4.78313035335911,5.12982513398175
ENSSSCG00000027902,6.53284029884662,6.63751900478353
ENSSSCG00000023322,4.3896840233634,2.17740676095809
ENSSSCG00000025855,4.93283789881118,4.86119921482685
ENSSSCG00000058331,4.24912544922369,4.42067306302497
ENSSSCG00000027417,4.09027317203002,3.93210781488979
ENSSSCG00000059665,3.26553038325255,3.46592655108512
ENSSSCG00000038677,3.17459427656436,3.24580834698678
ENSSSCG00000039983,2.39162541398217,1.70740881248283
ENSSSCG00000032660,2.39162541398217,2.82917960111973
ENSSSCG00000034618,4.74017372759755,4.89290524774863
ENSSSCG00000034292,5.02519676227631,5.22860644357064
ENSSSCG00000032016,3.20937045959201,2.99827857643353
ENSSSCG00000035690,7.95852064599038,8.14903513031087
ENSSSCG00000003627,5.47323126467531,5.47231288172762
ENSSSCG00000037121,6.14760669367645,6.16505209950577
ENSSSCG00000031786,5.96378545122736,6.35075456286298
ENSSSCG00000035914,5.96802263592547,5.73146176517888
ENSSSCG00000037699,-1.19180123640617,-0.624943747829482
ENSSSCG00000037600,1.97295929665426,2.09945066583008
ENSSSCG00000003628,2.07705469961597,1.05384751029812
ENSSSCG00000003630,6.58563614824078,6.2363823454814
ENSSSCG00000023904,6.50453338933597,6.20946533158455
ENSSSCG00000030177,6.5004438217188,6.22331482239427
ENSSSCG00000003954,7.59006264418522,6.1813609986034
ENSSSCG00000003901,3.73605122845562,3.92889165486827
ENSSSCG00000003895,5.80988788556403,5.73238445400436
ENSSSCG00000038657,5.39985328371588,5.68073933826009
ENSSSCG00000003897,4.40975931685619,4.09305359360425
ENSSSCG00000003898,4.7480797603667,4.58087811400677
ENSSSCG00000033465,0.689434225427014,0.212017947135459
ENSSSCG00000003632,2.20892903416734,2.44391141993357
ENSSSCG00000003633,6.4886950571607,5.74249527347919
ENSSSCG00000003634,4.54977015359489,4.62923592938974
ENSSSCG00000033641,0.229053005082177,-2.27533557831912
ENSSSCG00000037213,6.06456967937578,6.00322619591342
ENSSSCG00000003637,7.28473403919988,7.35822271215896
ENSSSCG00000029954,8.31483440059881,7.9352855584545
ENSSSCG00000028892,1.99969571546966,2.04107042155791
ENSSSCG00000033892,3.05859041486596,2.31187448705517
ENSSSCG00000036832,6.71580494472349,6.89033174608613
ENSSSCG00000036709,6.6811246125757,6.8981644848894
ENSSSCG00000038916,4.26574262125106,4.18489146095046
ENSSSCG00000034647,4.52927125278867,4.73429905934596
ENSSSCG00000025795,-0.187145967968861,-1.06343627958185
ENSSSCG00000003682,5.48392302161755,6.35315597627104
ENSSSCG00000038826,5.81271776762271,5.6281684200266
ENSSSCG00000003684,4.97555347361088,5.47231288172762
ENSSSCG00000024223,5.87721996813471,5.90107116699312
ENSSSCG00000038026,5.93982445693726,6.20946533158455
ENSSSCG00000028805,6.88040525150476,5.71007540015439
ENSSSCG00000034767,1.47899559533112,1.58198313393422
ENSSSCG00000021612,4.87985160766444,4.6410762936835
ENSSSCG00000003650,2.25404409223782,1.9802277618688
ENSSSCG00000003585,1.4598672457525,1.51492905093733
ENSSSCG00000035068,1.01186851910195,1.94245115943691
ENSSSCG00000053136,4.15414349138175,3.96702031038741
ENSSSCG00000045471,0.58736937234432,1.46251061004157
ENSSSCG00000044383,-0.525404570246514,0.253744895693059
ENSSSCG00000050425,-0.451110226541143,0.0790671408551012
ENSSSCG00000059980,-0.0167046405169091,1.76625620955041
ENSSSCG00000049192,0.815176045257344,0.98118532635575
ENSSSCG00000059071,-0.6037335549306,0.615610397484158
ENSSSCG00000051754,2.83187141988282,2.92268698172859
ENSSSCG00000048215,3.52679842945291,2.88998283840744
ENSSSCG00000048434,3.37679712473895,3.46592655108512
ENSSSCG00000045748,-1.78143407576197,1.8088681866303
ENSSSCG00000003648,5.7402500991664,5.75616954441185
ENSSSCG00000024678,2.47020003230929,0.930627626435109
ENSSSCG00000003317,4.17775011141718,4.11586000268243
ENSSSCG00000003359,5.35137290638597,5.46899526475408
ENSSSCG00000003360,4.88702989783632,5.02528647014623
ENSSSCG00000025685,6.90845487731928,7.19143536822515
ENSSSCG00000026554,2.27608336519157,3.05248152111906
ENSSSCG00000034547,5.44675735151854,6.40094387235832
ENSSSCG00000035770,5.05736797286639,5.05509290607859
ENSSSCG00000035376,7.09900826118322,6.87035225130638
ENSSSCG00000028572,4.64387953334966,3.98571329242528
ENSSSCG00000029744,3.1568866930164,2.50565850261184
ENSSSCG00000027299,4.95520776802301,5.30873599495493
ENSSSCG00000003350,6.58839104215538,6.58740433012163
ENSSSCG00000003351,4.2739799794474,4.35509292916844
ENSSSCG00000003352,6.41549900371293,6.20681219259001
ENSSSCG00000003353,6.22045160421942,6.35435518567467
ENSSSCG00000036305,2.86132678081369,2.42577286549425
ENSSSCG00000003885,6.52423375555904,5.91251420073265
ENSSSCG00000039516,5.55999794021735,5.52118282389106
ENSSSCG00000003362,6.29654897312109,6.71984223201894
ENSSSCG00000021436,2.20892903416734,2.46182475270139
ENSSSCG00000003888,3.47056834606659,2.08796208222624
ENSSSCG00000031102,5.85817029557915,5.75798302693669
ENSSSCG00000003393,2.45095392453259,3.01050088731778
ENSSSCG00000058056,1.81633565189514,1.49766699261516
ENSSSCG00000020872,3.64583365363513,3.83236034113543
ENSSSCG00000003395,2.1858311792755,1.46251061004157
ENSSSCG00000003396,8.93437139467533,8.06930476806424
ENSSSCG00000036868,3.95678279945859,3.73995696235144
ENSSSCG00000038967,7.36853697267412,7.87305793885167
ENSSSCG00000021890,8.58938580943946,8.4791260398042
ENSSSCG00000003894,3.37679712473895,5.82698753183571
ENSSSCG00000035074,2.62418726304154,2.84291461693407
ENSSSCG00000003379,5.16610878762554,5.53499800924374
ENSSSCG00000027869,4.54750682846432,4.71201982191071
ENSSSCG00000036876,4.30378750477533,4.67794227364016
ENSSSCG00000003384,5.51553094066225,5.51904561952395
ENSSSCG00000036772,4.90482090201148,3.97015267563597
ENSSSCG00000003923,5.80610605402212,5.73974479718111
ENSSSCG00000038474,4.88523867092674,4.91582963909084
ENSSSCG00000003354,7.60619170852383,7.99705271113958
ENSSSCG00000033374,5.24365133741398,5.23643247279447
ENSSSCG00000029808,4.54523994700989,4.96846663279424
ENSSSCG00000003346,2.80937840000644,3.19316420856271
ENSSSCG00000034013,1.4598672457525,1.8904926055864
ENSSSCG00000003344,5.33440632176148,5.96134029465412
ENSSSCG00000003343,4.78889021334941,4.63910963561341
ENSSSCG00000031977,6.05742927124661,3.95442239354423
ENSSSCG00000038530,1.44048186623276,2.87669073668673
ENSSSCG00000003926,4.38208317888707,3.79751742732588
ENSSSCG00000003348,5.85908314938646,5.85860104442169
ENSSSCG00000037270,6.93856281353623,7.15920509306169
ENSSSCG00000038006,4.52927125278867,4.55190225121471
ENSSSCG00000003928,1.86076489630265,1.51492905093733
ENSSSCG00000003929,0.399364956748047,0.409538950709052
ENSSSCG00000003930,10.4801227607028,10.0140247539732
ENSSSCG00000003931,3.62880663470464,2.45289588892133
ENSSSCG00000033259,4.99561623806536,4.73797904407895
ENSSSCG00000027423,5.3655750255456,5.34296880694927
ENSSSCG00000037341,5.80326316034439,5.5981127948841
ENSSSCG00000033257,5.40236030719424,5.35140157866319
ENSSSCG00000003400,3.79065758076546,3.62144157031221
ENSSSCG00000003398,6.36305279514839,6.12345455341577
ENSSSCG00000003881,5.05418294337059,5.24292189000465
ENSSSCG00000003333,1.16144525464261,-0.230414558288775
ENSSSCG00000003882,-0.868009231170092,2.05293699456738
ENSSSCG00000037318,3.75186508246608,2.26162827184794
ENSSSCG00000038280,4.68152139560982,4.61329608235131
ENSSSCG00000003334,4.94836160120768,4.80441840902587
ENSSSCG00000045959,0.0359102671599988,-1.40920704473941
ENSSSCG00000003903,6.36947356464966,6.65124469557774
ENSSSCG00000003904,5.62154243164184,5.50507608102064
ENSSSCG00000027991,3.33015805611298,1.10033230279389
ENSSSCG00000003905,2.43144759083636,2.6137592424759
ENSSSCG00000003329,4.19231047185544,3.93851870543183
ENSSSCG00000026991,4.15711552970392,4.89620254742366
ENSSSCG00000003338,2.46060907199472,1.69231410194732
ENSSSCG00000029145,6.82635379331671,6.89693056035961
ENSSSCG00000003339,4.8173495436804,4.75442379209726
ENSSSCG00000003908,8.74452197799819,8.90950495416869
ENSSSCG00000003909,5.75993349984545,6.2200293634499
ENSSSCG00000003913,5.35913684315831,6.06678878499706
ENSSSCG00000003385,7.48073306126906,7.38546050962801
ENSSSCG00000035774,4.37444207714264,4.29140658982071
ENSSSCG00000033497,7.83405261202914,8.17929332697818
ENSSSCG00000022343,8.41227346247892,8.23243680292035
ENSSSCG00000003341,4.554286179396,5.01773763720484
ENSSSCG00000003342,7.2562594772947,7.39073001723494
ENSSSCG00000021880,5.31191384494604,5.48222020171234
ENSSSCG00000039651,-0.380455165278715,0.124759019246936
ENSSSCG00000033456,1.20804577791874,1.23142354660134
ENSSSCG00000034502,5.90577281216022,6.17662325090229
ENSSSCG00000035940,5.17493333129471,5.42743807938283
ENSSSCG00000029843,6.39235456622335,6.47337452707799
ENSSSCG00000020749,3.4561615859508,3.36482946075116
ENSSSCG00000003366,2.83187141988282,3.09900964522632
ENSSSCG00000054047,8.13074073277149,7.96836100296339
ENSSSCG00000003371,2.02594564966019,1.67705978623095
ENSSSCG00000003377,3.4561615859508,2.39813013632454
ENSSSCG00000034297,3.12080585067565,0.647265633957376
ENSSSCG00000003374,2.22034075006793,0.124759019246936
ENSSSCG00000040001,2.66651720471281,2.6137592424759
ENSSSCG00000003376,4.7302298680067,4.53507951859307
ENSSSCG00000030253,5.71425350209557,5.97075393054763
ENSSSCG00000003382,5.38725239876187,5.91495451540991
ENSSSCG00000003383,4.59649774906262,5.15619351939602
ENSSSCG00000021490,1.03789987789575,0.0790671408551012
ENSSSCG00000061276,-1.78143407576197,-0.551234614202225
ENSSSCG00000032606,2.61557016783239,2.09945066583008
ENSSSCG00000024622,4.22099762230059,4.06695791884014
ENSSSCG00000032086,2.82441264416951,3.16063026235243
ENSSSCG00000003322,3.18044883327868,3.49666286288836
ENSSSCG00000026045,4.38462124576695,4.78498376406107
ENSSSCG00000003324,1.70701541088768,2.06470675742136
ENSSSCG00000035252,-2.20115708176131,-0.624943747829482
ENSSSCG00000063195,3.65847332354346,3.88641573936135
ENSSSCG00000039914,3.96698041800067,4.59108719892407
ENSSSCG00000027774,4.5921121407016,4.89784837555117
ENSSSCG00000040067,2.3297520885663,2.86327503004226
ENSSSCG00000003326,3.63734526362365,4.24302168950023
ENSSSCG00000052814,3.73605122845562,4.13273128655751
ENSSSCG00000060636,0.551677535663921,0.294298826806809
ENSSSCG00000033340,2.44123372499091,2.29198550125994
ENSSSCG00000034301,2.31917687589272,2.95466616546181
ENSSSCG00000037257,2.08955398431033,3.09900964522632
ENSSSCG00000063019,-1.31818014718968,-1.06343627958185
ENSSSCG00000033232,5.1211577835196,5.65274515197064
ENSSSCG00000038327,3.55411241648467,3.57693252722526
ENSSSCG00000052259,-1.45670196380968,-0.35032329061541
ENSSSCG00000032196,2.66651720471281,2.69172925686298
ENSSSCG00000039978,4.03318240403036,4.45013640418746
ENSSSCG00000002849,1.01186851910195,-1.86487943217923
ENSSSCG00000033351,4.02018280699358,4.42980296141655
ENSSSCG00000060307,-0.686560683805019,0.372139121137058
ENSSSCG00000040652,5.87631852198533,-1.28451287928067
ENSSSCG00000003984,4.96202160040939,5.10010921757055
ENSSSCG00000033601,6.22470750614868,6.59147819317302
ENSSSCG00000002836,5.0022423011846,5.02377986016407
ENSSSCG00000003986,-0.0167046405169091,0.445993691080189
ENSSSCG00000045463,-0.380455165278715,-0.78472289261437
ENSSSCG00000029696,3.9430728702114,4.51805830563484
ENSSSCG00000002841,5.19097279068705,5.2634940168274
ENSSSCG00000037263,4.35903738012276,4.70074984054406
ENSSSCG00000057055,-2.79553649653186,0.294298826806809
ENSSSCG00000003987,4.88881890354496,5.52225023997777
ENSSSCG00000023391,7.73011498642003,6.97306769074804
ENSSSCG00000032298,4.7539809818569,3.10472155298875
ENSSSCG00000002838,3.20937045959201,3.42084951981263
ENSSSCG00000027085,6.95060353592107,6.8686747363273
ENSSSCG00000023921,0.58736937234432,-1.06343627958185
ENSSSCG00000002854,3.4513271840174,3.03463919046406
ENSSSCG00000002852,3.11470366257417,2.92913977873282
ENSSSCG00000032153,3.67100321646479,3.3213390526125
ENSSSCG00000002855,-0.686560683805019,0.930627626435109
ENSSSCG00000040286,5.92158888387806,5.73882680523703
ENSSSCG00000040796,5.54872614919234,5.40793534688404
ENSSSCG00000034035,3.52679842945291,2.69929941392765
ENSSSCG00000028097,6.47922666781069,6.73557376024091
ENSSSCG00000038073,3.04581876338901,2.45289588892133
ENSSSCG00000021448,6.47803873788138,6.33808114142449
ENSSSCG00000029573,6.75409444661469,6.5995915696915
ENSSSCG00000025741,1.87527570583285,0.79589242289581
ENSSSCG00000039875,3.38188738520723,4.45685102861095
ENSSSCG00000002844,6.12956264834513,6.10219718801091
ENSSSCG00000033527,6.97607158923391,6.7062872605995
ENSSSCG00000026318,0.985358817624548,1.83659263049607
ENSSSCG00000002846,6.08967535703974,6.04020923430508
ENSSSCG00000024443,3.09003348262316,3.01050088731778
ENSSSCG00000026239,6.72684888941654,6.59604758048982
ENSSSCG00000021644,5.96463388431822,5.98321065155403
ENSSSCG00000039408,4.58991432698507,4.65865660665415
ENSSSCG00000062607,3.74792783995943,3.89961894959634
ENSSSCG00000040887,4.75985816320276,4.5073171578948
ENSSSCG00000036005,5.09349917035738,5.22729796801883
ENSSSCG00000025912,5.48628824540059,5.57463850492552
ENSSSCG00000029256,6.31994356933231,6.04020923430508
ENSSSCG00000002831,1.31835862021284,0.583244978335558
ENSSSCG00000035949,5.10585739663894,5.02076191189901
ENSSSCG00000003914,7.65825204198532,7.57380706114068
ENSSSCG00000037354,2.11423229533454,2.6137592424759
ENSSSCG00000046843,-1.45670196380968,-0.414234639036479
ENSSSCG00000003917,2.58057768336524,2.8013109451847
ENSSSCG00000003918,3.31427052102589,2.72177442956269
ENSSSCG00000003919,3.88689192745738,3.84947123326037
ENSSSCG00000031652,6.0072554211288,6.06165874661435
ENSSSCG00000026181,5.9492852208475,5.68741594569529
ENSSSCG00000032648,5.99152360486484,6.26472093422514
ENSSSCG00000003920,-1.07560684537938,-1.54570714867312
ENSSSCG00000003921,0.622199479864748,0.956127932608039
ENSSSCG00000003922,4.92239518125133,4.73614022506195
ENSSSCG00000033591,6.03901936552751,6.61568270937837
ENSSSCG00000053115,0.183136955639335,0.708565629647667
ENSSSCG00000038250,0.622199479864748,0.930627626435109
ENSSSCG00000035477,0.689434225427014,0.678241186296717
ENSSSCG00000043977,4.64811079178396,4.87296160819045
ENSSSCG00000056702,0.958352864156609,1.35158900457553
ENSSSCG00000002835,3.72407603371596,4.18758518243603
ENSSSCG00000041123,4.37444207714264,4.76888562468142
ENSSSCG00000034880,-0.686560683805019,-2.27533557831912
ENSSSCG00000035785,0.438976972203651,-0.35032329061541
ENSSSCG00000002847,6.73233931935929,7.86760911611603
ENSSSCG00000058286,3.65847332354346,4.08440737639126
ENSSSCG00000055582,4.10265894494164,4.67218359493194
ENSSSCG00000060736,3.42197555369151,3.38843606237055
ENSSSCG00000056719,4.44179736203252,4.7598639818861
ENSSSCG00000060472,-0.774434225214997,0.409538950709052
ENSSSCG00000053530,3.77912896115935,4.33336434976636
ENSSSCG00000053739,0.874162537149699,0.79589242289581
ENSSSCG00000056402,-1.07560684537938,-1.06343627958185
ENSSSCG00000053570,2.34025034678746,2.50565850261184
ENSSSCG00000055216,-0.774434225214997,0.169048095927475
ENSSSCG00000022333,3.16871586481386,3.48357025840186
ENSSSCG00000059892,3.36656240498575,2.83606345429926
ENSSSCG00000062716,1.44048186623276,1.66164245403454
ENSSSCG00000043705,0.656208489639131,-3.82416175559903
ENSSSCG00000058730,-0.774434225214997,-1.06343627958185
ENSSSCG00000045249,-0.0167046405169091,-0.551234614202225
ENSSSCG00000041170,1.0885945093173,-0.871778856036138
ENSSSCG00000055574,0.0866736428889641,0.583244978335558
ENSSSCG00000041487,4.74610731022057,4.36939894340719
ENSSSCG00000038906,-1.19180123640617,-1.06343627958185
ENSSSCG00000055857,5.36814227527916,4.92231311122127
ENSSSCG00000042093,-0.6037335549306,2.1108484849407
ENSSSCG00000047270,2.51722112452346,2.58952216140678
ENSSSCG00000058421,-3.82416175559903,-0.119711717242417
ENSSSCG00000048405,3.11470366257417,3.60138024815194
ENSSSCG00000033121,-0.96807720485524,-0.289123515071902
ENSSSCG00000032021,-2.20115708176131,-0.78472289261437
ENSSSCG00000028894,-0.868009231170092,-0.624943747829482
ENSSSCG00000003369,6.97817377151438,7.20678660924492
ENSSSCG00000053156,-0.380455165278715,0.481549931933635
ENSSSCG00000058715,1.86076489630265,2.15556008292513
ENSSSCG00000018197,-0.525404570246514,-0.481109027935221
ENSSSCG00000057927,0.399364956748047,1.03003110897365
ENSSSCG00000054335,0.399364956748047,0.445993691080189
ENSSSCG00000059854,0.0359102671599988,0.481549931933635
ENSSSCG00000045362,0.399364956748047,1.00581493118192
ENSSSCG00000055048,0.689434225427014,0.738265774167816
ENSSSCG00000054042,-1.19180123640617,-0.414234639036479
ENSSSCG00000059043,0.399364956748047,1.3322436929096
ENSSSCG00000003789,3.73605122845562,4.07279788632357
ENSSSCG00000003821,1.60623101893403,0.409538950709052
ENSSSCG00000036505,7.65405046557764,7.60587914823244
ENSSSCG00000003823,6.7677697403051,7.1850466587053
ENSSSCG00000003816,3.22644916538749,3.04655856183298
ENSSSCG00000003818,4.97555347361088,5.41369886314879
ENSSSCG00000003819,4.02669724728887,4.49214392126479
ENSSSCG00000003820,5.67746690819516,5.62121123871853
ENSSSCG00000031640,5.5577506163342,4.75442379209726
ENSSSCG00000039793,6.31795311671656,6.11569650610169
ENSSSCG00000038861,6.24580070686264,5.92144191270777
ENSSSCG00000023243,5.05418294337059,5.69690067375972
ENSSSCG00000003790,4.81170241273209,4.54981010610583
ENSSSCG00000003791,7.55020529184485,7.8391956542657
ENSSSCG00000003792,3.68342522284369,3.25096862919518
ENSSSCG00000033443,-0.248748603557596,-2.05555929136582
ENSSSCG00000003795,6.23106791104398,6.07554091799034
ENSSSCG00000003797,0.13571138072984,1.42647607361694
ENSSSCG00000037066,6.17938177352078,4.17677998695833
ENSSSCG00000003798,8.27075174336019,8.20245191787148
ENSSSCG00000003799,-0.96807720485524,-0.119711717242417
ENSSSCG00000032043,3.71200060542836,3.39311138158518
ENSSSCG00000030423,5.93809763257327,5.93593276776045
ENSSSCG00000022305,7.06301650372013,7.27929134602162
ENSSSCG00000039433,-2.20115708176131,0.0318806818288641
ENSSSCG00000031352,3.34587253533682,3.65686361034676
ENSSSCG00000025243,3.02644675824992,1.16736637209713
ENSSSCG00000003805,1.91795245276096,1.8904926055864
ENSSSCG00000025188,-1.45670196380968,-0.289123515071902
ENSSSCG00000003806,6.79473748166995,6.57408426231368
ENSSSCG00000003807,3.87971294905474,2.97351886149602
ENSSSCG00000040337,4.92588449250737,4.38825559595382
ENSSSCG00000003809,8.44273481649097,8.11618592916555
ENSSSCG00000025672,3.20363233164379,3.10472155298875
ENSSSCG00000004829,7.27758256768839,7.74152605179376
ENSSSCG00000003811,3.59413760265918,3.15513588774505
ENSSSCG00000003812,6.62802468884346,6.40036344575321
ENSSSCG00000042211,-0.313099436094831,0.169048095927475
ENSSSCG00000003815,3.30358079088575,3.54367745980086
ENSSSCG00000042826,-1.45670196380968,-0.871778856036138
ENSSSCG00000053688,1.77049457016102,2.31187448705517
ENSSSCG00000057035,1.25318803729539,-0.702622497962026
ENSSSCG00000059353,-2.79553649653186,-0.78472289261437
ENSSSCG00000041959,-0.451110226541143,1.18903632798696
ENSSSCG00000043666,-2.46795088038493,0.124759019246936
ENSSSCG00000060767,-1.60995061428548,-1.28451287928067
ENSSSCG00000063105,5.9931876871325,6.7062872605995
ENSSSCG00000025214,3.93616873698544,4.33092973753301
ENSSSCG00000032154,5.31191384494604,5.80873167576484
ENSSSCG00000002917,3.80209480468758,4.1929575834908
ENSSSCG00000002918,0.874162537149699,1.3322436929096
ENSSSCG00000002919,1.83129794321605,1.67705978623095
ENSSSCG00000036294,4.63750928594988,4.894554839589
ENSSSCG00000002857,1.97295929665426,1.44460584430091
ENSSSCG00000022948,1.44048186623276,0.169048095927475
ENSSSCG00000025152,4.87444435354186,5.38464823424468
ENSSSCG00000022312,5.93550351437316,5.24938224769391
ENSSSCG00000002865,4.52237304559854,4.76347941164988
ENSSSCG00000002863,4.33561746042181,5.06684516514793
ENSSSCG00000002864,-0.248748603557596,-1.54570714867312
ENSSSCG00000003035,5.2296025086371,5.33812785687609
ENSSSCG00000028054,3.87611001904801,4.08440737639126
ENSSSCG00000030182,3.68754223658763,4.95588139443383
ENSSSCG00000037132,0.358634535634919,-0.230414558288775
ENSSSCG00000002927,0.784753030569422,0.79589242289581
ENSSSCG00000002867,5.51205295330468,5.69121732285672
ENSSSCG00000002868,6.69243620390813,6.60765957354099
ENSSSCG00000032803,3.09003348262316,2.51426767165911
ENSSSCG00000038806,5.72230246345964,5.1726022990149
ENSSSCG00000030049,7.95915934360974,7.96188497532475
ENSSSCG00000003016,6.31263177806902,5.92790026853172
ENSSSCG00000003017,4.83415950847949,5.12421194834315
ENSSSCG00000003013,4.99727560906856,5.00862658791186
ENSSSCG00000028794,6.406785257578,6.38987563605772
ENSSSCG00000003015,3.39201434103731,3.73259770428485
ENSSSCG00000032536,3.96019002095856,3.61745156076489
ENSSSCG00000032711,6.75409444661469,6.44382351913071
ENSSSCG00000040022,1.25318803729539,1.96774514707322
ENSSSCG00000020837,6.50919302981951,6.53707103243454
ENSSSCG00000003018,2.52644419656486,2.39813013632454
ENSSSCG00000059920,6.0398247002444,5.88124087042352
ENSSSCG00000029070,4.92239518125133,4.5890511532462
ENSSSCG00000003022,2.39162541398217,2.42577286549425
ENSSSCG00000003024,3.51757762897685,3.42542113285521
ENSSSCG00000003030,7.01631705167045,7.01424002656353
ENSSSCG00000025139,4.46116519146152,4.99638832032183
ENSSSCG00000022521,6.20689115272842,6.40846824473285
ENSSSCG00000002860,5.16758329841418,5.67499183577983
ENSSSCG00000002859,5.50740255558884,5.69216610415927
ENSSSCG00000003708,4.65022177640926,3.7939864025381
ENSSSCG00000003709,5.82023709398558,7.55489410636706
ENSSSCG00000003718,1.87527570583285,2.09945066583008
ENSSSCG00000003719,5.17932544389196,5.42857712978116
ENSSSCG00000024419,5.75797720066211,5.58591300389048
ENSSSCG00000003705,3.1568866930164,2.69929941392765
ENSSSCG00000040452,6.61349224508801,5.94789827922539
ENSSSCG00000029518,6.51151721851719,6.53336988323963
ENSSSCG00000002815,6.26796530483865,6.32039468313476
ENSSSCG00000035222,1.97295929665426,-1.54570714867312
ENSSSCG00000026851,4.6794557485285,4.38825559595382
ENSSSCG00000002994,0.844970737784426,2.40740335383752
ENSSSCG00000033695,6.34557261124116,5.95503023866078
ENSSSCG00000003707,4.29571906444649,4.10450186370333
ENSSSCG00000002993,1.20804577791874,-0.624943747829482
ENSSSCG00000002817,7.9349043039769,7.8406938740901
ENSSSCG00000002869,7.32063198143835,7.17252370585205
ENSSSCG00000002813,6.57844870686984,6.36807492048316
ENSSSCG00000003710,3.19208715058532,4.04335873909601
ENSSSCG00000054571,2.68310743737727,4.01026637030448
ENSSSCG00000003711,2.42159462145349,3.13852608806589
ENSSSCG00000003006,-1.45670196380968,0.212017947135459
ENSSSCG00000002812,4.11493928845344,3.3213390526125
ENSSSCG00000003712,4.94492629620376,5.72034322357621
ENSSSCG00000003716,6.64135136889927,6.72957900220912
ENSSSCG00000003717,-0.380455165278715,0.124759019246936
ENSSSCG00000040397,2.06444617595092,0.930627626435109
ENSSSCG00000025653,5.72129879566728,5.98165943068977
ENSSSCG00000028723,4.64811079178396,4.6410762936835
ENSSSCG00000025503,0.985358817624548,1.94245115943691
ENSSSCG00000002808,4.14519046341781,4.19831005265196
ENSSSCG00000002807,3.82095763271074,3.68763594710554
ENSSSCG00000022559,5.82864975386362,5.88290384577575
ENSSSCG00000002806,5.38598623578128,6.30683123042235
ENSSSCG00000002805,5.81929931864219,5.84245362324048
ENSSSCG00000002804,6.26314581253844,6.36391314362667
ENSSSCG00000021893,6.21547046527307,6.32407178234385
ENSSSCG00000002803,5.48864959786772,5.91251420073265
ENSSSCG00000028587,1.58872724014143,2.64545467936437
ENSSSCG00000002752,3.26553038325255,4.24042960386224
ENSSSCG00000032908,6.14311679571619,5.78135317657327
ENSSSCG00000022609,6.59114068549535,5.44217604620629
ENSSSCG00000003699,1.91795245276096,4.15216828374264
ENSSSCG00000002753,4.71013414036412,4.63910963561341
ENSSSCG00000003700,4.39220876525379,4.6092834499602
ENSSSCG00000002754,3.57648557637632,2.71432159307234
ENSSSCG00000003701,5.0668810880132,4.91420420819291
ENSSSCG00000028010,3.93962493363013,3.8830959699169
ENSSSCG00000025478,5.08259819521484,5.108662119179
ENSSSCG00000003702,5.65766686339946,6.73050289557324
ENSSSCG00000003687,5.09504975034944,5.84927457840417
ENSSSCG00000002755,3.42197555369151,3.99804206402155
ENSSSCG00000033944,6.07952880857795,6.0864069438359
ENSSSCG00000002762,5.62261792772528,5.55182168682216
ENSSSCG00000003524,4.45151377755188,3.08751753508833
ENSSSCG00000002761,-1.19180123640617,-1.28451287928067
ENSSSCG00000039514,4.76376302489435,2.83606345429926
ENSSSCG00000033741,3.91174070983612,4.47460539424677
ENSSSCG00000002759,4.74017372759755,4.62128802000242
ENSSSCG00000037481,5.5498572995587,5.57874852437583
ENSSSCG00000062424,2.35067276244516,3.15513588774505
ENSSSCG00000025151,6.29385098818492,6.28875505397159
ENSSSCG00000032686,1.64061407306523,0.878233640758889
ENSSSCG00000038994,7.34364236355868,7.74060919292886
ENSSSCG00000028109,2.11423229533454,2.47951838830822
ENSSSCG00000028638,4.06201017126539,4.30883134414237
ENSSSCG00000018018,-0.868009231170092,-1.28451287928067
ENSSSCG00000033032,3.42690914917156,3.26123414910473
ENSSSCG00000034165,6.09200676869927,6.06459243042408
ENSSSCG00000056207,3.17459427656436,2.41661734632623
ENSSSCG00000048110,1.623524972916,1.31263544737941
ENSSSCG00000003690,2.57169531930446,1.67705978623095
ENSSSCG00000049263,2.73176328344457,3.16610379149013
ENSSSCG00000024174,6.27823889080841,6.34714493126685
ENSSSCG00000003691,7.67933675164772,7.64315324764117
ENSSSCG00000038706,5.22819007201224,4.54981010610583
ENSSSCG00000033512,5.22252645663605,4.45461629104527
ENSSSCG00000003693,6.06219346788241,5.28125709223048
ENSSSCG00000032372,4.52927125278867,4.71201982191071
ENSSSCG00000025417,6.98655200253013,6.53654287781172
ENSSSCG00000055674,-1.45670196380968,-0.481109027935221
ENSSSCG00000024305,4.79462716891182,5.12280523284831
ENSSSCG00000030300,7.18087092314451,6.42225712639579
ENSSSCG00000024911,2.61557016783239,4.5602406234569
ENSSSCG00000061081,3.87971294905474,3.42997830511514
ENSSSCG00000032710,0.358634535634919,-1.28451287928067
ENSSSCG00000051968,0.316720715261423,0.294298826806809
ENSSSCG00000025830,4.79462716891182,4.41608635552787
ENSSSCG00000040663,7.97039662626158,5.99556073705348
ENSSSCG00000039751,2.85401912853735,3.51393686828592
ENSSSCG00000038494,5.61074314266536,5.76791663730683
ENSSSCG00000002697,4.56103382250096,4.01633989926814
ENSSSCG00000003694,5.27955064198672,4.98868634621883
ENSSSCG00000029030,5.34356696142168,5.5286382046041
ENSSSCG00000023125,2.30852357224583,1.70740881248283
ENSSSCG00000002703,6.28979452680783,6.31362889626739
ENSSSCG00000002704,8.06104975116945,7.48023560186916
ENSSSCG00000002706,1.75488470892769,2.41661734632623
ENSSSCG00000002707,6.4875149012519,6.52380881221184
ENSSSCG00000002708,7.00605141359675,6.59046080537629
ENSSSCG00000002709,4.35903738012276,1.16736637209713
ENSSSCG00000028464,5.42349592396768,5.05951122969912
ENSSSCG00000033842,7.32757371343705,6.50665330751499
ENSSSCG00000028878,6.6215838906158,5.67978300986121
ENSSSCG00000063476,0.0359102671599988,-0.35032329061541
ENSSSCG00000002895,6.01955522484282,6.34834914555766
ENSSSCG00000003697,0.844970737784426,-1.28451287928067
ENSSSCG00000023127,-0.0167046405169091,-2.53471534769233
ENSSSCG00000063299,1.18493366366352,1.73713253770228
ENSSSCG00000034816,3.30358079088575,3.20916012966961
ENSSSCG00000022668,3.26553038325255,3.29659893164535
ENSSSCG00000031942,5.64502009492865,5.35380191622885
ENSSSCG00000027169,5.17346631733677,4.10164830170952
ENSSSCG00000057842,1.36022556587904,1.3322436929096
ENSSSCG00000032690,4.80034140148673,4.11019211079662
ENSSSCG00000003248,3.56310335838579,0.481549931933635
ENSSSCG00000035162,3.80588715198576,3.76902424332287
ENSSSCG00000037542,-1.07560684537938,-0.551234614202225
ENSSSCG00000032059,5.35913684315831,5.41943944595549
ENSSSCG00000002898,4.32244021673114,4.23262528609825
ENSSSCG00000023498,7.5706896030447,6.87579074299785
ENSSSCG00000040678,1.16144525464261,-0.481109027935221
ENSSSCG00000060190,5.32121796042666,4.96689946885965
ENSSSCG00000039135,4.41721611177701,4.30138934729478
ENSSSCG00000062012,-1.07560684537938,-0.289123515071902
ENSSSCG00000029284,-0.774434225214997,1.10033230279389
ENSSSCG00000058549,0.229053005082177,-0.551234614202225
ENSSSCG00000039627,0.985358817624548,1.16736637209713
ENSSSCG00000002915,-2.46795088038493,0.212017947135459
ENSSSCG00000054338,-2.20115708176131,-1.06343627958185
ENSSSCG00000060912,-0.248748603557596,-1.16974403207503
ENSSSCG00000058699,-0.96807720485524,1.10033230279389
ENSSSCG00000039279,-0.187145967968861,2.14451141952173
ENSSSCG00000059164,-0.0167046405169091,1.3895183870631
ENSSSCG00000044910,4.93110268660768,4.6092834499602
ENSSSCG00000054247,-0.774434225214997,-0.871778856036138
ENSSSCG00000002916,4.72423048653664,4.22477852083292
ENSSSCG00000058470,7.59472852389054,7.36448548441016
ENSSSCG00000002929,-0.451110226541143,-0.119711717242417
ENSSSCG00000002910,4.23794004006135,3.95758220097463
ENSSSCG00000002921,5.49922811422353,4.78853686468123
ENSSSCG00000062589,2.72376707845927,2.62969400118923
ENSSSCG00000002923,3.73207053122084,3.53946615614801
ENSSSCG00000028108,5.72930865499576,6.0304894326101
ENSSSCG00000039196,4.15711552970392,4.85273840097803
ENSSSCG00000002926,5.08416052936819,5.61221670860483
ENSSSCG00000030149,6.55666900733792,6.45056752078923
ENSSSCG00000037792,4.82484483043853,5.33812785687609
ENSSSCG00000025355,6.12197717607618,5.05213982164083
ENSSSCG00000002931,2.17414207960379,2.94195942788852
ENSSSCG00000002932,4.68358408933102,6.10860734979785
ENSSSCG00000026790,-2.79553649653186,-0.551234614202225
ENSSSCG00000040973,3.94651258611707,5.33205373668319
ENSSSCG00000033156,4.54069547030218,4.74164966589106
ENSSSCG00000061373,2.47972765327197,3.11041093536038
ENSSSCG00000002933,2.86132678081369,3.31149385632478
ENSSSCG00000029875,2.70764046952107,3.15513588774505
ENSSSCG00000002738,2.81691510587633,3.35527759167279
ENSSSCG00000002930,4.60740379605084,5.23513107916288
ENSSSCG00000002734,3.35107288630203,4.02238796674066
ENSSSCG00000029170,2.06444617595092,2.30196426756707
ENSSSCG00000031915,2.54471531554339,2.30196426756707
ENSSSCG00000002739,3.79829246233803,3.94808194064584
ENSSSCG00000032673,2.87583196824894,3.87976854376592
ENSSSCG00000023195,1.72314896938536,1.9036587274475
ENSSSCG00000002740,7.31797870142274,7.12834284655396
ENSSSCG00000002743,7.22189898024197,7.01044153630698
ENSSSCG00000002935,5.83423106346497,6.43704784393965
ENSSSCG00000042040,1.67419673092923,1.86379432043539
ENSSSCG00000063057,2.50793871030225,2.6137592424759
ENSSSCG00000038917,6.36112097874402,6.52647102740838
ENSSSCG00000002741,4.24074453303866,4.45237808649548
ENSSSCG00000033611,3.73605122845562,3.28658285617744
ENSSSCG00000002938,3.16871586481386,3.32623657035711
ENSSSCG00000002746,2.06444617595092,3.09900964522632
ENSSSCG00000021946,3.34065337130757,3.78334117662288
ENSSSCG00000002749,1.44048186623276,3.24580834698678
ENSSSCG00000025218,2.08955398431033,2.13337748815636
ENSSSCG00000022423,1.42083245509814,0.930627626435109
ENSSSCG00000002748,5.24644476071672,5.22205216599255
ENSSSCG00000021741,3.44160950748466,4.05520658198239
ENSSSCG00000002747,-0.071311274400066,-1.40920704473941
ENSSSCG00000034449,6.4516537068669,6.52060765574571
ENSSSCG00000029420,3.52219539589792,4.11586000268243
ENSSSCG00000024267,6.44923096621207,6.32039468313476
ENSSSCG00000047099,0.753674621171028,0.98118532635575
ENSSSCG00000050436,-0.96807720485524,-1.6964847871246
ENSSSCG00000031612,3.67515578070681,3.59733428976383
ENSSSCG00000002937,3.22644916538749,4.20895578306652
ENSSSCG00000025590,1.03789987789575,1.67705978623095
ENSSSCG00000029600,3.14495972721505,3.30158101284314
ENSSSCG00000029408,5.69801959537293,6.51257355054717
ENSSSCG00000053289,-0.96807720485524,-0.78472289261437
ENSSSCG00000060487,-0.128066380263549,-0.230414558288775
ENSSSCG00000054775,4.54750682846432,5.34176009143201
ENSSSCG00000059270,4.56103382250096,5.01318930492047
ENSSSCG00000054974,2.61557016783239,3.3213390526125
ENSSSCG00000062804,2.01288038415818,2.30196426756707
ENSSSCG00000002944,-1.45670196380968,-0.78472289261437
ENSSSCG00000062150,-2.20115708176131,-0.702622497962026
ENSSSCG00000055623,-1.78143407576197,-0.174001573015732
ENSSSCG00000052747,-3.82416175559903,-0.35032329061541
ENSSSCG00000056084,-1.60995061428548,0.708565629647667
ENSSSCG00000045991,-0.128066380263549,0.550136777985776
ENSSSCG00000002950,5.88709887807812,5.64100055838378
ENSSSCG00000059404,1.4598672457525,2.01704038155276
ENSSSCG00000032643,1.47899559533112,-2.27533557831912
ENSSSCG00000025160,2.77109272783156,2.57313489923399
ENSSSCG00000038077,6.03013088572831,6.27044951614775
ENSSSCG00000002954,9.20747719477139,8.70143841748158
ENSSSCG00000056430,2.83929183176385,3.14408396275198
ENSSSCG00000058854,4.554286179396,4.24560912629743
ENSSSCG00000002952,4.29301952559771,3.85625916799006
ENSSSCG00000038902,3.81344207065432,3.04655856183298
ENSSSCG00000002955,5.47918090918302,5.85521657405818
ENSSSCG00000036658,6.46250597162539,6.09504122150347
ENSSSCG00000002957,2.11423229533454,2.50565850261184
ENSSSCG00000035216,2.36102042350312,2.18820728069852
ENSSSCG00000003499,0.930831724376776,2.69929941392765
ENSSSCG00000003498,8.32230056092881,8.94336909531287
ENSSSCG00000039652,4.48737840746095,4.79914396241639
ENSSSCG00000024752,5.010482312458,5.21017890254012
ENSSSCG00000003407,5.78896404914695,5.75071537919199
ENSSSCG00000003622,0.438976972203651,0.51625090059353
ENSSSCG00000022839,4.18941013204578,3.98880537664164
ENSSSCG00000003623,-0.6037335549306,-3.82416175559903
ENSSSCG00000003527,5.0525877878967,4.24042960386224
ENSSSCG00000003483,0.399364956748047,-2.85117878809169
ENSSSCG00000020926,6.11969373528987,6.10148318650514
ENSSSCG00000003405,4.71013414036412,4.81839004793703
ENSSSCG00000003531,6.10360764583416,5.88705291704886
ENSSSCG00000033887,-0.525404570246514,-0.0673909604895641
ENSSSCG00000034429,0.183136955639335,-0.119711717242417
ENSSSCG00000003532,6.75458508863763,5.70632345330499
ENSSSCG00000025500,-0.187145967968861,-1.86487943217923
ENSSSCG00000023761,7.21727885273062,6.95618504180247
ENSSSCG00000036504,3.5129450340698,2.70683005586903
ENSSSCG00000035332,5.56448211302513,5.77061397510691
ENSSSCG00000032674,4.40226377999428,3.35047783641302
ENSSSCG00000003485,6.22683075831568,6.46507226523986
ENSSSCG00000024818,4.22383521167787,4.27883021383834
ENSSSCG00000024260,9.36510569157092,9.00451196488037
ENSSSCG00000025440,5.46125785720147,5.57154828813498
ENSSSCG00000023495,5.16167619146932,5.19419433590397
ENSSSCG00000023191,4.96880340236247,5.00862658791186
ENSSSCG00000027827,4.09337959831602,3.47035774820873
ENSSSCG00000026025,5.40985534386528,5.09724694531504
ENSSSCG00000003486,6.07482160862828,5.09294286115984
ENSSSCG00000026478,9.32470448241939,8.21900421376015
ENSSSCG00000027659,6.21760734535344,6.1540761669901
ENSSSCG00000026276,4.35386571031806,4.73245554093362
ENSSSCG00000031082,6.65245142414506,6.08134631461028
ENSSSCG00000023326,7.6042874917783,7.31883611649692
ENSSSCG00000036293,7.05028414789111,7.15439390237711
ENSSSCG00000023126,7.5417020242874,7.9288602526199
ENSSSCG00000036534,4.64599671379048,2.65327091878993
ENSSSCG00000055869,4.66073061401041,4.32604815274097
ENSSSCG00000038848,1.13756809465378,0.904668467894398
ENSSSCG00000032860,2.50793871030225,1.29275702200006
ENSSSCG00000003539,2.13849555630404,2.24102933224071
ENSSSCG00000003541,5.26859954166063,5.54448545605858
ENSSSCG00000003543,5.39859813637721,5.69406179692953
ENSSSCG00000032947,6.31129837092828,6.18944682888643
ENSSSCG00000003438,5.67850152622348,6.1582019335167
ENSSSCG00000003439,6.42662560910266,6.89322244191543
ENSSSCG00000003442,3.2320974322928,2.75120663352335
ENSSSCG00000003521,1.80121655797197,1.00581493118192
ENSSSCG00000020992,1.18493366366352,-3.82416175559903
ENSSSCG00000003401,6.16395112726794,6.50233236556787
ENSSSCG00000003105,4.93457102648223,4.3975922961604
ENSSSCG00000003402,6.33576909394098,6.1840613138751
ENSSSCG00000003106,5.68983362219319,5.23773269355231
ENSSSCG00000003403,4.53156334491792,3.78334117662288
ENSSSCG00000003404,4.81922701920558,5.38816535427931
ENSSSCG00000003488,7.45801732913334,7.90553018903417
ENSSSCG00000003107,7.10363732859091,7.35642834377802
ENSSSCG00000003108,0.515080245807192,-1.86487943217923
ENSSSCG00000003489,6.50511666809631,6.29313905014426
ENSSSCG00000003109,3.90821698008974,4.50515929850194
ENSSSCG00000003110,5.74223056805397,5.83130032597044
ENSSSCG00000003111,6.23458939026562,5.94152902525393
ENSSSCG00000022029,4.41224920002048,4.61329608235131
ENSSSCG00000034814,4.46356799005854,4.69318731035375
ENSSSCG00000003491,4.81170241273209,4.00110786487859
ENSSSCG00000003492,4.60740379605084,3.87976854376592
ENSSSCG00000061195,2.8973199146782,4.36226366882995
ENSSSCG00000003493,7.74401837982894,7.22131911806784
ENSSSCG00000062942,-1.19180123640617,-0.871778856036138
ENSSSCG00000056542,2.7633121446217,3.13852608806589
ENSSSCG00000003451,4.37699361041059,3.12734568941579
ENSSSCG00000020710,6.23106791104398,6.22265832889258
ENSSSCG00000042026,4.61174323469253,3.75456380719677
ENSSSCG00000038825,4.44179736203252,3.49231184990847
ENSSSCG00000032113,5.54078316613293,4.61329608235131
ENSSSCG00000028414,6.59881192339189,6.07772068024279
ENSSSCG00000058942,5.80988788556403,5.18073722967591
ENSSSCG00000024669,8.89963482086717,8.55371002866069
ENSSSCG00000037676,5.11658468135943,5.46233705516726
ENSSSCG00000054437,0.753674621171028,-0.119711717242417
ENSSSCG00000027489,3.46097984212366,3.35527759167279
ENSSSCG00000021026,4.45875838434298,4.53930362780532
ENSSSCG00000031793,4.73819043121227,5.78758099093802
ENSSSCG00000003455,7.6553647731292,8.01593148877053
ENSSSCG00000008849,-0.313099436094831,0.253744895693059
ENSSSCG00000024197,5.54305705575252,5.68551149439155
ENSSSCG00000027741,4.34607327790409,4.66833166578833
ENSSSCG00000032978,2.03889365526185,2.67646872321373
ENSSSCG00000034540,3.28196073689979,4.16589325392121
ENSSSCG00000045482,3.54506509105138,3.80103983095647
ENSSSCG00000040433,2.82441264416951,3.31642485261404
ENSSSCG00000056580,2.57169531930446,2.94195942788852
ENSSSCG00000003514,9.42196438737921,9.60976121461467
ENSSSCG00000046174,-1.19180123640617,-0.871778856036138
ENSSSCG00000063186,-3.22005278102631,-0.78472289261437
ENSSSCG00000002941,-1.45670196380968,0.212017947135459
ENSSSCG00000046422,3.05221872192619,3.76902424332287
ENSSSCG00000003165,10.1927113201745,9.59182524514419
ENSSSCG00000003187,8.01633281882843,7.44633454617763
ENSSSCG00000024823,6.78227940651499,5.63410513121946
ENSSSCG00000029154,5.04939217599572,4.65086957017807
ENSSSCG00000003161,4.21815444076135,3.82545875338268
ENSSSCG00000032668,5.36814227527916,5.24162633967679
ENSSSCG00000003183,6.86866833582653,6.38342868298309
ENSSSCG00000038807,6.57011076487324,6.48655956356461
ENSSSCG00000003178,7.36949825182312,7.25541870242243
ENSSSCG00000003177,4.26849363650016,4.35269474039829
ENSSSCG00000003189,7.60129006384941,7.44633454617763
ENSSSCG00000024872,7.81418504659338,4.93358954631724
ENSSSCG00000003191,0.902775359205073,-0.551234614202225
ENSSSCG00000003199,7.2247347990624,7.0968059336182
ENSSSCG00000003198,4.26574262125106,4.28135427487085
ENSSSCG00000003197,7.03864758000382,7.015377626162
ENSSSCG00000003196,5.78320448452261,5.90843781427465
ENSSSCG00000003195,6.98571636552903,7.25381305919428
ENSSSCG00000030015,4.81922701920558,4.47901005509696
ENSSSCG00000003520,8.10807441972273,7.6548804008091
ENSSSCG00000021259,2.53560868035451,-0.174001573015732
ENSSSCG00000003506,6.27345365349875,6.8653138433385
ENSSSCG00000003505,8.27998346625677,7.15851876165331
ENSSSCG00000003508,5.28091370311002,5.95818871651811
ENSSSCG00000003509,0.0359102671599988,-0.78472289261437
ENSSSCG00000003194,5.17346631733677,4.66059681610517
ENSSSCG00000003511,6.94588522962294,7.09465483867173
ENSSSCG00000003193,5.63865489283181,5.81658391782767
ENSSSCG00000003512,7.84353885064587,7.57997125173779
ENSSSCG00000003192,0.72191195620079,0.708565629647667
ENSSSCG00000040333,4.22383521167787,4.23001443683658
ENSSSCG00000003201,4.83786860556221,3.71776560175141
ENSSSCG00000003204,5.50623761016991,5.20354017609004
ENSSSCG00000037710,5.41234506144926,4.8628854395471
ENSSSCG00000003207,-0.774434225214997,0.51625090059353
ENSSSCG00000003513,7.68191856146137,5.92144191270777
ENSSSCG00000032607,5.19531641653183,5.88622405683599
ENSSSCG00000024009,3.73207053122084,4.31377143347378
ENSSSCG00000028045,5.08572117345694,5.05509290607859
ENSSSCG00000054068,0.273552666612953,-0.289123515071902
ENSSSCG00000003459,1.1132890985785,1.07727712061465
ENSSSCG00000003460,3.9971477895836,3.89632945781631
ENSSSCG00000003464,5.17493333129471,5.191512937895
ENSSSCG00000003463,-0.525404570246514,-1.06343627958185
ENSSSCG00000003461,5.91721289480227,6.35135529105942
ENSSSCG00000003468,6.80282536403103,6.5012501049499
ENSSSCG00000032950,-0.071311274400066,0.878233640758889
ENSSSCG00000003466,0.0866736428889641,-0.0673909604895641
ENSSSCG00000003465,7.4718090041546,6.66532425241429
ENSSSCG00000026103,5.35526009751844,5.64786318524589
ENSSSCG00000003072,3.55411241648467,3.94490123394478
ENSSSCG00000003071,1.38071206478968,1.72234722316666
ENSSSCG00000041935,6.15877068336283,5.52970012088263
ENSSSCG00000003070,4.1271159822859,4.69129046740901
ENSSSCG00000038289,2.98020742906681,3.90290095805923
ENSSSCG00000026345,0.958352864156609,0.678241186296717
ENSSSCG00000003076,1.20804577791874,1.95515358576145
ENSSSCG00000003470,4.75790176179072,3.14408396275198
ENSSSCG00000033420,3.41205745805196,3.97327825465553
ENSSSCG00000003471,3.33015805611298,2.29198550125994
ENSSSCG00000022434,2.01288038415818,2.39813013632454
ENSSSCG00000003472,5.43456125999104,5.06244927923497
ENSSSCG00000003077,2.38149571811378,2.8965832451145
ENSSSCG00000003473,4.26298635018155,4.45908230991664
ENSSSCG00000024794,5.43456125999104,5.73238445400436
ENSSSCG00000031083,6.32787803112669,6.33686832226518
ENSSSCG00000026699,3.4561615859508,3.91270242209889
ENSSSCG00000003477,5.98401138984016,5.99171268001845
ENSSSCG00000028218,3.10857555428554,3.50100079312761
ENSSSCG00000002866,2.80937840000644,3.87976854376592
ENSSSCG00000051830,0.0866736428889641,-0.78472289261437
ENSSSCG00000056787,3.52219539589792,3.49666286288836
ENSSSCG00000056727,1.0885945093173,0.904668467894398
ENSSSCG00000003478,5.53508271261886,6.29626233973533
ENSSSCG00000042479,0.358634535634919,1.10033230279389
ENSSSCG00000059704,-0.774434225214997,-1.06343627958185
ENSSSCG00000058506,0.183136955639335,0.51625090059353
ENSSSCG00000041536,0.874162537149699,0.583244978335558
ENSSSCG00000061869,1.33944395982878,1.76625620955041
ENSSSCG00000003479,4.13014416476626,2.14451141952173
ENSSSCG00000056296,-0.128066380263549,-1.06343627958185
ENSSSCG00000033874,-0.774434225214997,-2.27533557831912
ENSSSCG00000052221,-0.774434225214997,-0.551234614202225
ENSSSCG00000062555,0.985358817624548,1.10033230279389
ENSSSCG00000062267,1.58872724014143,2.40740335383752
ENSSSCG00000046766,1.86076489630265,2.51426767165911
ENSSSCG00000061606,-0.313099436094831,-1.6964847871246
ENSSSCG00000058818,2.74762395114334,1.37067834071865
ENSSSCG00000054213,1.03789987789575,-0.551234614202225
ENSSSCG00000059693,-0.774434225214997,-1.16974403207503
ENSSSCG00000055222,1.06346985097485,1.69231410194732
ENSSSCG00000023732,4.62253506799777,5.1157510070207
ENSSSCG00000059680,-0.187145967968861,0.212017947135459
ENSSSCG00000030706,4.15116531784127,3.12172282970965
ENSSSCG00000034697,4.77734740531865,4.91094784212134
ENSSSCG00000052004,2.20892903416734,2.32171709503593
ENSSSCG00000059184,2.08955398431033,2.75847181319094
ENSSSCG00000057647,2.51722112452346,2.75847181319094
ENSSSCG00000050176,5.17786289155235,4.79738151966837
ENSSSCG00000051473,-0.248748603557596,0.85130538708557
ENSSSCG00000046625,-3.82416175559903,-0.0673909604895641
ENSSSCG00000062243,1.29696053674266,1.73713253770228
ENSSSCG00000052290,-1.45670196380968,-0.481109027935221
ENSSSCG00000003458,5.65976392169134,5.87790915797897
ENSSSCG00000003080,1.78593734007211,0.615610397484158
ENSSSCG00000003079,3.28739620076941,2.49699765045707
ENSSSCG00000003078,2.54471531554339,3.07010588219071
ENSSSCG00000003081,0.358634535634919,-0.119711717242417
ENSSSCG00000027426,4.73222413057474,3.74362256161478
ENSSSCG00000003083,2.83187141988282,2.5228257707732
ENSSSCG00000020657,7.23003698174267,7.0297101118723
ENSSSCG00000003090,6.56843737822122,6.43534894121589
ENSSSCG00000003089,5.03815146069818,5.14514972461677
ENSSSCG00000003088,6.89516590543622,6.11498915598917
ENSSSCG00000038264,-0.313099436094831,-1.16974403207503
ENSSSCG00000033849,1.06346985097485,0.124759019246936
ENSSSCG00000025568,5.66290380476798,5.65858178866893
ENSSSCG00000038579,4.62038314979313,3.39777159849472
ENSSSCG00000003172,-1.78143407576197,-0.414234639036479
ENSSSCG00000003171,0.183136955639335,-2.85117878809169
ENSSSCG00000035723,1.4598672457525,-1.86487943217923
ENSSSCG00000003170,1.1132890985785,1.10033230279389
ENSSSCG00000003169,5.1257164355028,5.08429597829784
ENSSSCG00000003168,5.08572117345694,5.28629234350086
ENSSSCG00000052671,10.0326694870482,9.49931763924436
ENSSSCG00000050878,1.91795245276096,2.96726196308175
ENSSSCG00000055498,4.0809135576596,4.53719311918533
ENSSSCG00000051668,1.51650785122028,1.91670578029932
ENSSSCG00000041471,-0.868009231170092,-0.0673909604895641
ENSSSCG00000060745,-0.96807720485524,-2.27533557831912
ENSSSCG00000042051,-0.774434225214997,-1.40920704473941
ENSSSCG00000043030,6.58453271601756,7.4162185740489
ENSSSCG00000055378,1.47899559533112,1.95515358576145
ENSSSCG00000059736,2.64973397156036,2.99827857643353
ENSSSCG00000042769,2.58940569507994,2.6137592424759
ENSSSCG00000050739,0.985358817624548,1.75176786229133
ENSSSCG00000028483,-0.525404570246514,-0.0673909604895641
ENSSSCG00000023143,0.985358817624548,1.78060050223319
ENSSSCG00000027829,0.47753036411502,0.212017947135459
ENSSSCG00000025540,0.0866736428889641,0.647265633957376
ENSSSCG00000052016,-0.868009231170092,-1.06343627958185
ENSSSCG00000034448,4.1088121830748,4.31377143347378
ENSSSCG00000002684,6.47565993952836,5.83817409154583
ENSSSCG00000034572,4.01035565776863,3.64515263246846
ENSSSCG00000035182,2.54471531554339,2.43487064882408
ENSSSCG00000002712,4.38462124576695,3.87976854376592
ENSSSCG00000031462,6.3948746430149,6.75113559642283
ENSSSCG00000002714,4.15116531784127,5.0327960096912
ENSSSCG00000002718,2.23166290725657,3.52249692414717
ENSSSCG00000002716,2.78652913044763,2.39813013632454
ENSSSCG00000002715,4.67116345666644,4.20630170597606
ENSSSCG00000002724,4.31181107225069,4.10164830170952
ENSSSCG00000002720,-1.60995061428548,2.25136556593904
ENSSSCG00000002719,3.00020602359109,2.84973339804375
ENSSSCG00000037473,0.58736937234432,2.5565593570002
ENSSSCG00000061257,4.25468580026123,6.56012047166441
ENSSSCG00000025425,5.37963869856682,5.97075393054763
ENSSSCG00000027973,5.41483048982722,5.58897263693371
ENSSSCG00000025323,7.08814899000325,7.57560767232451
ENSSSCG00000040629,1.1132890985785,2.91620519333423
ENSSSCG00000040037,5.3745404838255,5.48769501151789
ENSSSCG00000002729,5.02682247550098,4.62923592938974
ENSSSCG00000002722,4.65022177640926,4.93037669146169
ENSSSCG00000060523,4.43446686348167,5.11857683779264
ENSSSCG00000023280,1.57100848239729,1.66164245403454
ENSSSCG00000025975,3.28196073689979,3.66461844735113
ENSSSCG00000025928,9.02226137637635,8.4903510825073
ENSSSCG00000030425,5.93636873882101,5.71007540015439
ENSSSCG00000003148,3.47533880561576,4.51591646415802
ENSSSCG00000040556,3.83587231237669,2.34120312316572
ENSSSCG00000003147,3.49426444992898,2.92913977873282
ENSSSCG00000003146,5.46125785720147,3.35047783641302
ENSSSCG00000003145,7.44834476267541,7.28810349863669
ENSSSCG00000003143,2.79418583351156,2.82917960111973
ENSSSCG00000029151,5.9973395145646,5.50938882547415
ENSSSCG00000003142,3.13293333695807,2.01704038155276
ENSSSCG00000038580,5.6439611762378,4.53507951859307
ENSSSCG00000003140,2.25404409223782,1.82279700553437
ENSSSCG00000003139,6.4086569245958,6.39104472039265
ENSSSCG00000003137,4.26849363650016,3.44356408236478
ENSSSCG00000003155,6.42416043543413,6.47005935336882
ENSSSCG00000003149,2.73971541326485,2.78005038054984
ENSSSCG00000003150,8.60402574706909,7.29311495274731
ENSSSCG00000003153,9.41817563749952,10.0690659807095
ENSSSCG00000003154,6.22753781519511,6.35075456286298
ENSSSCG00000003152,7.52511888680469,7.5866195369312
ENSSSCG00000044760,6.55103110062383,7.0312105448015
ENSSSCG00000003160,3.17459427656436,1.85025758473298
ENSSSCG00000023792,8.06164464238409,8.71387139817935
ENSSSCG00000003157,2.77109272783156,2.85652010228678
ENSSSCG00000022324,5.4910070916711,5.65566642194017
ENSSSCG00000003156,4.16304130144163,2.36042946327191
ENSSSCG00000022672,5.79946390010297,4.56646292723879
ENSSSCG00000003144,5.48864959786772,6.02221352588498
ENSSSCG00000003412,5.09349917035738,5.108662119179
ENSSSCG00000003413,6.21974106502654,6.26663299006543
ENSSSCG00000003414,-0.071311274400066,-2.85117878809169
ENSSSCG00000037325,4.26574262125106,4.42296095995685
ENSSSCG00000003417,-3.82416175559903,3.01657343115509
ENSSSCG00000025667,5.34487088878949,4.11302884015674
ENSSSCG00000003421,5.85542826342625,5.27367111016234
ENSSSCG00000062839,3.60288327825035,3.25611051968982
ENSSSCG00000003423,3.18044883327868,3.36006143138542
ENSSSCG00000022401,5.88799361546995,6.24027963280529
ENSSSCG00000003428,6.93076894361877,6.30621166962627
ENSSSCG00000003429,5.36685922145912,5.5254477578665
ENSSSCG00000003431,0.13571138072984,-2.53471534769233
ENSSSCG00000003432,6.50977442811435,6.40500033321753
ENSSSCG00000003433,6.46969572678901,6.01692221396116
ENSSSCG00000003434,5.95185469801922,6.03273828305471
ENSSSCG00000003435,4.27944553770892,4.24560912629743
ENSSSCG00000057215,0.753674621171028,-2.27533557831912
ENSSSCG00000022208,5.68160093593212,3.88972788725591
ENSSSCG00000045223,0.930831724376776,0.372139121137058
ENSSSCG00000036909,6.26176585239736,6.35555339908895
ENSSSCG00000034096,5.42226118687751,5.21414752426517
ENSSSCG00000039770,4.19231047185544,5.15344048620736
ENSSSCG00000034727,6.19102866738802,6.34895087597959
ENSSSCG00000026793,6.89249335875721,6.2200293634499
ENSSSCG00000039267,6.35530996027166,6.19748759321781
ENSSSCG00000036620,3.92923140453305,3.76542269970242
ENSSSCG00000059847,3.26001175181962,3.85964119624197
ENSSSCG00000029430,5.16463276826677,5.64786318524589
ENSSSCG00000034778,0.273552666612953,1.35158900457553
ENSSSCG00000034059,3.98046607575606,4.04632983398618
ENSSSCG00000026449,6.69958858463534,6.46451707868201
ENSSSCG00000035849,9.17558897507196,9.06298519072984
ENSSSCG00000003940,5.11963502622843,4.80967364264914
ENSSSCG00000003941,6.50686509079998,6.66290652472568
ENSSSCG00000003943,4.49913785561178,4.31377143347378
ENSSSCG00000052567,-0.6037335549306,0.615610397484158
ENSSSCG00000035238,5.38725239876187,5.51690524441059
ENSSSCG00000003949,4.67116345666644,1.64605858351007
ENSSSCG00000030906,1.27524029214877,1.00581493118192
ENSSSCG00000003950,4.98729063289967,4.32360115223717
ENSSSCG00000056591,1.1132890985785,2.66104503944852
ENSSSCG00000041987,3.09003348262316,2.6137592424759
ENSSSCG00000003951,5.17199781011746,5.16168387523602
ENSSSCG00000024697,5.41607160017729,4.60525962591967
ENSSSCG00000061946,5.625839613781,5.40677987546547
ENSSSCG00000003112,2.24289690050099,2.53133340228058
ENSSSCG00000024240,6.31396395394957,6.16231593496439
ENSSSCG00000056729,1.70701541088768,1.03003110897365
ENSSSCG00000003113,0.902775359205073,-0.414234639036479
ENSSSCG00000003114,6.0826584309347,6.21805449071637
ENSSSCG00000003115,4.36676028941965,4.24560912629743
ENSSSCG00000029567,4.05565359714783,4.99638832032183
ENSSSCG00000003121,4.8397195842579,4.83909703575288
ENSSSCG00000003120,6.21689540361184,6.04690017116283
ENSSSCG00000022302,4.03641408310966,4.29640660302702
ENSSSCG00000028802,-1.78143407576197,0.0790671408551012
ENSSSCG00000029785,9.1320702957102,8.75701542228405
ENSSSCG00000003268,5.24783944669195,5.13402073729621
ENSSSCG00000003267,5.89245899777216,5.5920257949103
ENSSSCG00000003266,6.95658642117533,6.45672194979672
ENSSSCG00000003265,1.88964201598903,1.99260329927285
ENSSSCG00000003264,6.56396550134617,6.21805449071637
ENSSSCG00000003263,5.88082013071857,5.62519087810674
ENSSSCG00000003262,3.74792783995943,4.040381512886
ENSSSCG00000003261,4.78697281397828,4.95588139443383
ENSSSCG00000033542,4.42463456318673,4.9824950244844
ENSSSCG00000003257,4.37699361041059,5.02377986016407
ENSSSCG00000003255,1.623524972916,1.3895183870631
ENSSSCG00000025532,1.75488470892769,0.409538950709052
ENSSSCG00000003256,8.33646262705085,8.23894417752043
ENSSSCG00000003253,7.58262097334769,7.11672965021324
ENSSSCG00000024413,7.84699390009683,7.48735857913736
ENSSSCG00000042257,-0.525404570246514,0.333743892305565
ENSSSCG00000055840,2.20892903416734,1.85025758473298
ENSSSCG00000043562,4.43201506340047,4.53507951859307
ENSSSCG00000054038,1.70701541088768,1.75176786229133
ENSSSCG00000054995,2.73176328344457,2.72918896313589
ENSSSCG00000031883,0.930831724376776,0.823864935560437
ENSSSCG00000040419,-0.6037335549306,-1.06343627958185
ENSSSCG00000003241,1.1132890985785,1.67705978623095
ENSSSCG00000036656,4.71417574184047,5.45453010638481
ENSSSCG00000032585,4.75004951746395,5.33691507700456
ENSSSCG00000032969,4.63111078580486,5.01925056701287
ENSSSCG00000038927,2.22034075006793,2.58135179761789
ENSSSCG00000046897,3.26553038325255,3.07593314641862
ENSSSCG00000038712,3.12688233693705,3.07010588219071
ENSSSCG00000003240,2.68310743737727,2.31187448705517
ENSSSCG00000003239,1.06346985097485,1.49766699261516
ENSSSCG00000003238,2.34025034678746,2.6137592424759
ENSSSCG00000058009,-0.774434225214997,-2.85117878809169
ENSSSCG00000003236,-1.31818014718968,-0.702622497962026
ENSSSCG00000018357,-0.248748603557596,0.0318806818288641
ENSSSCG00000059123,1.75488470892769,1.73713253770228
ENSSSCG00000003234,1.36022556587904,0.767366807455606
ENSSSCG00000003233,2.96671934204476,3.21972638842588
ENSSSCG00000022906,4.00376683837186,3.72520071372487
ENSSSCG00000003231,1.18493366366352,0.823864935560437
ENSSSCG00000003230,-1.31818014718968,-0.119711717242417
ENSSSCG00000003229,5.29717077035146,5.59912480267423
ENSSSCG00000003228,0.930831724376776,1.35158900457553
ENSSSCG00000038043,-1.19180123640617,-0.0169014492655093
ENSSSCG00000029231,-2.79553649653186,-0.871778856036138
ENSSSCG00000039922,5.14978891878731,3.44356408236478
ENSSSCG00000003269,3.00681108817546,3.53524252347769
ENSSSCG00000030857,8.06856697521155,8.62276217976056
ENSSSCG00000003271,1.58872724014143,1.21038560183454
ENSSSCG00000034284,1.93190203123131,1.86379432043539
ENSSSCG00000059775,0.72191195620079,0.409538950709052
ENSSSCG00000003278,-0.313099436094831,-0.964427270899581
ENSSSCG00000026365,-1.78143407576197,-0.414234639036479
ENSSSCG00000038287,3.96698041800067,4.34547616188606
ENSSSCG00000026417,4.11493928845344,3.50963771843793
ENSSSCG00000027189,7.13299222702407,7.06199749937107
ENSSSCG00000025353,0.515080245807192,-1.54570714867312
ENSSSCG00000043687,7.03420903992704,6.6111751868869
ENSSSCG00000042884,8.45244494158622,8.14054517574479
ENSSSCG00000021843,4.38715485538308,3.83579879339546
ENSSSCG00000024567,-1.19180123640617,-1.06343627958185
ENSSSCG00000003302,0.930831724376776,0.253744895693059
ENSSSCG00000003301,6.39172385860702,6.41077556323308
ENSSSCG00000003288,5.36171556486652,5.45004995148061
ENSSSCG00000032656,3.35625455934382,2.87669073668673
ENSSSCG00000057251,-0.313099436094831,-1.16974403207503
ENSSSCG00000035829,4.0809135576596,4.35269474039829
ENSSSCG00000035612,-0.128066380263549,-0.481109027935221
ENSSSCG00000040725,-0.686560683805019,-1.86487943217923
ENSSSCG00000052569,0.551677535663921,-1.28451287928067
ENSSSCG00000035417,3.7079528973128,2.41661734632623
ENSSSCG00000039460,8.85514685191535,8.31974543619802
ENSSSCG00000035344,4.90128020948336,5.18613514443708
ENSSSCG00000051380,-2.20115708176131,-0.481109027935221
ENSSSCG00000035924,1.40091172062405,5.6041742205326
ENSSSCG00000003289,4.7182060526972,4.88794512498589
ENSSSCG00000049623,-2.20115708176131,-1.06343627958185
ENSSSCG00000025343,4.23513008473597,4.02540251895583
ENSSSCG00000058832,4.72222513584158,5.05361711945132
ENSSSCG00000037450,6.11664351468046,7.29592626438735
ENSSSCG00000033532,0.689434225427014,1.76625620955041
ENSSSCG00000060467,-1.19180123640617,-0.119711717242417
ENSSSCG00000025138,3.96019002095856,4.38121320220084
ENSSSCG00000061310,4.4826476578462,4.40686896030259
ENSSSCG00000024661,4.53613663328599,4.85273840097803
ENSSSCG00000029156,4.1835919013962,4.52446481708795
ENSSSCG00000037024,4.01363881748623,3.8392290700897
ENSSSCG00000031349,4.83786860556221,5.3161402880247
ENSSSCG00000040721,2.24289690050099,2.62969400118923
ENSSSCG00000035081,4.04606591171587,4.61929418226102
ENSSSCG00000034815,7.87884817642711,8.00241726548813
ENSSSCG00000039670,7.17538458152351,7.21175733714854
ENSSSCG00000003590,6.72834835280666,7.28778970399559
ENSSSCG00000022554,3.40707272351487,2.27181848867676
ENSSSCG00000025034,5.31723782744668,4.3598773802293
ENSSSCG00000003592,6.68421839813678,6.10647379225352
ENSSSCG00000003591,6.3390443405812,6.24157639250644
ENSSSCG00000032193,-0.774434225214997,0.647265633957376
ENSSSCG00000003596,4.76765734603905,4.67602526698248
ENSSSCG00000031639,5.45039616434714,5.37404513368518
ENSSSCG00000036883,2.30852357224583,3.48794767503683
ENSSSCG00000023585,4.61606966000102,4.39293149909293
ENSSSCG00000003599,-3.82416175559903,-0.702622497962026
ENSSSCG00000003600,4.66073061401041,4.23523141903256
ENSSSCG00000003601,-1.45670196380968,-1.16974403207503
ENSSSCG00000034810,6.25415238679515,6.53970890916285
ENSSSCG00000003603,8.59733990994824,6.56634329256318
ENSSSCG00000003604,4.02018280699358,4.06695791884014
ENSSSCG00000003419,4.03318240403036,3.87643342550793
ENSSSCG00000061687,-0.96807720485524,-1.54570714867312
ENSSSCG00000042592,-0.0167046405169091,0.124759019246936
ENSSSCG00000059852,0.47753036411502,0.615610397484158
ENSSSCG00000040607,1.78593734007211,2.18820728069852
ENSSSCG00000039885,7.11399874156882,6.6696659780628
ENSSSCG00000023122,7.54539292859088,7.3413878420652
ENSSSCG00000032563,3.53596067044172,4.17948888215237
ENSSSCG00000034017,6.85042300641116,7.11319196385
ENSSSCG00000003617,5.33702958817175,5.40214871318906
ENSSSCG00000031514,2.65814999344391,2.34120312316572
ENSSSCG00000003610,4.05883538511989,4.56646292723879
ENSSSCG00000022014,6.58453271601756,6.93229273171174
ENSSSCG00000037312,3.17459427656436,2.99827857643353
ENSSSCG00000003612,5.94499256309059,5.78491521890004
ENSSSCG00000037566,3.2544719292997,2.62969400118923
ENSSSCG00000003616,3.88330690365556,2.50565850261184
ENSSSCG00000003613,6.82775337078712,6.6380114632581
ENSSSCG00000026392,6.22753781519511,5.9793294675707
ENSSSCG00000022120,0.551677535663921,1.03003110897365
ENSSSCG00000021457,1.81633565189514,2.06470675742136
ENSSSCG00000029799,4.97723606822499,5.47120785687323
ENSSSCG00000032543,-0.96807720485524,-1.28451287928067
ENSSSCG00000028423,7.78061267795373,7.96286806216868
ENSSSCG00000021232,4.78120527848248,4.66446942463303
ENSSSCG00000037621,6.6949946980658,6.11428145889437
ENSSSCG00000030369,5.45160706526987,5.16578797361394
ENSSSCG00000022801,4.33036099705535,4.46575552277162
ENSSSCG00000032664,-0.96807720485524,-2.27533557831912
ENSSSCG00000026455,5.14978891878731,4.3975922961604
ENSSSCG00000003608,1.86076489630265,0.85130538708557
ENSSSCG00000025206,5.01867552772342,5.18073722967591
ENSSSCG00000032067,5.38091044219599,5.32350677425345
ENSSSCG00000003619,2.30852357224583,3.07593314641862
ENSSSCG00000003620,2.49859618532626,2.50565850261184
ENSSSCG00000032078,5.14080874213337,5.27620420550736
ENSSSCG00000025344,6.30528274072034,6.34110873618452
ENSSSCG00000003621,2.66651720471281,3.08751753508833
ENSSSCG00000063112,-1.19180123640617,-0.624943747829482
ENSSSCG00000002723,6.8586619709695,6.60816232883225
ENSSSCG00000063318,-1.45670196380968,-0.289123515071902
ENSSSCG00000003713,4.92414089178785,5.01773763720484
ENSSSCG00000059661,-1.19180123640617,-0.551234614202225
ENSSSCG00000003715,3.11470366257417,2.72177442956269
ENSSSCG00000021519,2.74762395114334,2.7871721045049
ENSSSCG00000034414,5.22252645663605,5.04621545646272
ENSSSCG00000002820,4.40975931685619,4.33092973753301
ENSSSCG00000002819,3.11470366257417,3.44806439242055
ENSSSCG00000002818,6.78131662226727,6.4990831450395
ENSSSCG00000029519,4.7618119151819,4.19563630031025
ENSSSCG00000025284,5.8397908640115,5.82352798968779
ENSSSCG00000025454,5.81271776762271,6.1423220114797
ENSSSCG00000029165,4.53841785250263,4.38825559595382
ENSSSCG00000024759,4.73222413057474,4.79208123614213
ENSSSCG00000003652,6.33051318403016,6.13326847571961
ENSSSCG00000003653,6.240205939059,6.04764169669531
ENSSSCG00000034367,2.39162541398217,4.00721999059348
ENSSSCG00000036451,0.229053005082177,0.98118532635575
ENSSSCG00000032082,2.63275319451676,0.678241186296717
ENSSSCG00000029705,-1.78143407576197,-1.06343627958185
ENSSSCG00000003660,7.08892736878427,7.34501188859855
ENSSSCG00000038956,4.16894283300595,3.14962050828442
ENSSSCG00000003662,1.9863894410033,1.48019588742595
ENSSSCG00000021333,6.89516590543622,6.22986337912766
ENSSSCG00000026407,3.81344207065432,-0.871778856036138
ENSSSCG00000032407,3.34587253533682,3.3213390526125
ENSSSCG00000040981,1.31835862021284,0.98118532635575
ENSSSCG00000010706,6.4185983449994,6.50665330751499
ENSSSCG00000022442,7.17940993751045,7.18167278196066
ENSSSCG00000046487,5.0652999186481,5.24162633967679
ENSSSCG00000028056,5.5441926579847,5.69595500203908
ENSSSCG00000030048,6.4708905434892,5.5072340647936
ENSSSCG00000020817,9.04730682549269,8.59373534880769
ENSSSCG00000023556,7.39615726774313,6.96602456096783
ENSSSCG00000026612,4.98895960204814,5.16442123764544
ENSSSCG00000002987,0.399364956748047,1.00581493118192
ENSSSCG00000024773,0.753674621171028,-0.624943747829482
ENSSSCG00000027197,5.92158888387806,6.12977116216819
ENSSSCG00000030510,5.57006779998055,5.60820106879629
ENSSSCG00000063541,-0.96807720485524,-1.16974403207503
ENSSSCG00000039235,6.73830514463334,6.56892823358215
ENSSSCG00000002988,3.55861489141936,3.50963771843793
ENSSSCG00000028036,4.31979026323652,4.35748713804954
ENSSSCG00000002990,0.0866736428889641,-1.28451287928067
ENSSSCG00000002989,6.68318787327008,6.76923128898548
ENSSSCG00000027016,3.4513271840174,3.76542269970242
ENSSSCG00000025109,7.79642470792401,7.13638196278101
ENSSSCG00000021917,0.183136955639335,0.615610397484158
ENSSSCG00000038439,3.22077869811913,2.58135179761789
ENSSSCG00000026931,3.5129450340698,3.60541489159843
ENSSSCG00000025448,4.62468378118974,4.72505781956526
ENSSSCG00000021067,4.24354358486353,3.88972788725591
ENSSSCG00000037494,2.46060907199472,2.01704038155276
ENSSSCG00000033836,4.20959112166562,3.95758220097463
ENSSSCG00000033760,7.15173890369665,7.13463813546653
ENSSSCG00000023228,4.56998186635638,4.71388962247809
ENSSSCG00000055235,4.43201506340047,4.09017727487734
ENSSSCG00000003000,3.71200060542836,4.43661266768852
ENSSSCG00000040533,5.24783944669195,5.19419433590397
ENSSSCG00000002998,5.24783944669195,4.96376002461138
ENSSSCG00000002997,-0.451110226541143,0.823864935560437
ENSSSCG00000002996,4.68358408933102,4.33336434976636
ENSSSCG00000002995,5.60748752937562,5.90434987719646
ENSSSCG00000027515,3.67515578070681,3.30158101284314
ENSSSCG00000026257,5.62154243164184,5.21678722000717
ENSSSCG00000038619,5.16463276826677,5.19687075950134
ENSSSCG00000029558,-0.187145967968861,-1.28451287928067
ENSSSCG00000026386,2.26510581356419,4.76888562468142
ENSSSCG00000030660,4.13618152792694,4.16041892443633
ENSSSCG00000031074,1.93190203123131,0.956127932608039
ENSSSCG00000045776,3.26001175181962,2.81531256473901
ENSSSCG00000028387,3.95336751205018,4.14387018686345
ENSSSCG00000026526,1.4598672457525,2.05293699456738
ENSSSCG00000026731,4.25745795998169,4.040381512886
ENSSSCG00000033546,7.87749732202827,8.44308662532474
ENSSSCG00000057268,1.40091172062405,2.12215696247678
ENSSSCG00000033539,0.13571138072984,4.77068320310956
ENSSSCG00000040579,-0.380455165278715,-0.0673909604895641
ENSSSCG00000003654,8.04489425734742,8.76504072831526
ENSSSCG00000038627,1.70701541088768,1.79480357676921
ENSSSCG00000002700,-0.686560683805019,0.678241186296717
ENSSSCG00000002701,5.93463777071469,5.70632345330499
ENSSSCG00000046384,-0.686560683805019,-2.27533557831912
ENSSSCG00000003584,-0.0167046405169091,1.05384751029812
ENSSSCG00000003583,4.08404018078784,3.70277942753658
ENSSSCG00000030623,1.84610665102851,2.23061850955662
ENSSSCG00000003580,5.78800571706302,5.81919186317718
ENSSSCG00000031788,0.815176045257344,0.0318806818288641
ENSSSCG00000038907,6.31595991412537,6.31547725982141
ENSSSCG00000027072,4.42216598209886,4.73614022506195
ENSSSCG00000029438,4.42955908949299,3.94490123394478
ENSSSCG00000044404,3.20363233164379,3.17155663273452
ENSSSCG00000003085,6.66503349905095,6.68404474926755
ENSSSCG00000038879,4.25190830353837,3.3065459485344
ENSSSCG00000040264,5.08728013113364,5.28377691460006
ENSSSCG00000033194,2.96671934204476,3.11041093536038
ENSSSCG00000037056,5.67953540281485,5.58897263693371
ENSSSCG00000035833,0.13571138072984,0.767366807455606
ENSSSCG00000035374,0.58736937234432,1.548845627756
ENSSSCG00000035706,0.902775359205073,2.02910543258505
ENSSSCG00000040410,1.93190203123131,1.25215911194267
ENSSSCG00000022538,5.2352384674893,5.03129722562917
ENSSSCG00000036132,7.48102958123591,6.99014085019219
ENSSSCG00000039864,1.70701541088768,2.47069869532763
ENSSSCG00000039929,4.85627238671508,4.80967364264914
ENSSSCG00000036542,4.57443516201582,4.94795950229678
ENSSSCG00000020754,3.48483266148308,3.54367745980086
ENSSSCG00000055289,3.90821698008974,3.67233182298469
ENSSSCG00000036870,3.42197555369151,3.12172282970965
ENSSSCG00000036317,7.17244997931762,7.08854259410816
ENSSSCG00000058475,4.45151377755188,4.18758518243603
ENSSSCG00000037184,1.01186851910195,0.550136777985776
ENSSSCG00000038229,5.64819219558045,5.64296464222036
ENSSSCG00000021053,4.58108943663398,4.74896301048348
ENSSSCG00000033500,6.35336774108265,6.16436854471474
ENSSSCG00000032819,4.26022480317067,4.56231770799206
ENSSSCG00000038367,3.21508585528298,3.49666286288836
ENSSSCG00000035791,5.94756969014754,6.02598118790188
ENSSSCG00000038969,8.20908215478432,8.62859723932334
ENSSSCG00000038738,5.00389407279323,4.95746056627677
ENSSSCG00000040714,2.77109272783156,2.62174862191205
ENSSSCG00000003093,6.45949963300794,6.46673654416201
ENSSSCG00000003092,-0.96807720485524,0.333743892305565
ENSSSCG00000038739,1.0885945093173,0.85130538708557
ENSSSCG00000035029,0.438976972203651,-0.414234639036479
ENSSSCG00000003100,5.44554237150642,5.55495440154216
ENSSSCG00000038688,0.656208489639131,2.34120312316572
ENSSSCG00000003101,1.67419673092923,3.89303244851567
ENSSSCG00000003098,6.12804874119768,6.31793806660558
ENSSSCG00000003102,0.0866736428889641,-0.0673909604895641
ENSSSCG00000033830,3.18044883327868,3.21972638842588
ENSSSCG00000022545,6.99446650649765,7.1850466587053
ENSSSCG00000026602,0.13571138072984,-1.06343627958185
ENSSSCG00000022068,1.01186851910195,1.72234722316666
ENSSSCG00000022280,6.60426651241969,6.82349462104501
ENSSSCG00000026152,5.89513160804564,5.63706435075708
ENSSSCG00000003104,6.95871716721927,7.06383132035582
ENSSSCG00000003103,4.04285580484531,4.07861430914553
ENSSSCG00000047379,3.02644675824992,2.84291461693407
ENSSSCG00000031616,0.438976972203651,0.647265633957376
ENSSSCG00000058768,0.689434225427014,-2.27533557831912
ENSSSCG00000057046,0.58736937234432,1.5319870059135
ENSSSCG00000057804,-0.187145967968861,0.767366807455606
ENSSSCG00000053348,1.0885945093173,0.904668467894398
ENSSSCG00000003738,5.18370422580084,4.5116232181288
ENSSSCG00000039052,3.75579160912718,4.12712941865
ENSSSCG00000003741,4.26022480317067,4.28638918755986
ENSSSCG00000003740,2.77883157464872,2.85652010228678
ENSSSCG00000023276,5.16167619146932,5.38582156055003
ENSSSCG00000030018,3.76361274712647,3.21972638842588
ENSSSCG00000038859,3.66266205759027,4.12712941865
ENSSSCG00000003743,6.65928033252003,6.53231066570008
ENSSSCG00000002959,3.7280788200133,3.84947123326037
ENSSSCG00000002960,1.40091172062405,1.44460584430091
ENSSSCG00000058790,1.75488470892769,2.8013109451847
ENSSSCG00000002963,7.2996041000601,7.0123420315716
ENSSSCG00000002965,8.29608244926489,7.77033745820887
ENSSSCG00000002967,-0.380455165278715,-0.624943747829482
ENSSSCG00000024281,-0.868009231170092,-1.54570714867312
ENSSSCG00000022017,-1.45670196380968,-0.35032329061541
ENSSSCG00000028943,4.95520776802301,5.22336540580085
ENSSSCG00000035570,7.98070851492086,7.8863833988107
ENSSSCG00000022692,1.72314896938536,1.9036587274475
ENSSSCG00000026794,5.6888071019403,5.81222683846303
ENSSSCG00000026904,4.32508531169335,3.94490123394478
ENSSSCG00000047060,1.75488470892769,2.32171709503593
ENSSSCG00000002972,4.09337959831602,4.02540251895583
ENSSSCG00000031860,4.20097667013157,4.08151375048664
ENSSSCG00000038805,5.14829609910714,4.40917883592708
ENSSSCG00000002962,1.60623101893403,1.96774514707322
ENSSSCG00000003673,5.52591487645596,5.68551149439155
ENSSSCG00000021738,5.0154038231113,4.88130498851059
ENSSSCG00000031730,4.02669724728887,3.80103983095647
ENSSSCG00000027007,3.18627972778561,3.71776560175141
ENSSSCG00000039769,4.29571906444649,4.56853107906096
ENSSSCG00000036781,0.515080245807192,0.333743892305565
ENSSSCG00000038992,3.09624068973912,3.79751742732588
ENSSSCG00000060225,1.58872724014143,1.44460584430091
ENSSSCG00000024162,4.48737840746095,3.50532571906549
ENSSSCG00000028126,3.07124999498535,3.35047783641302
ENSSSCG00000022163,-0.686560683805019,-0.0169014492655093
ENSSSCG00000047925,0.958352864156609,1.9036587274475
ENSSSCG00000022947,5.67953540281485,5.51046500016064
ENSSSCG00000053480,1.1132890985785,1.42647607361694
ENSSSCG00000003582,2.86859760426546,5.27367111016234
ENSSSCG00000030682,5.26171264937064,4.92554395364835
ENSSSCG00000003549,5.40110734002319,5.35739495105277
ENSSSCG00000058342,-1.45670196380968,-0.871778856036138
ENSSSCG00000023235,4.24074453303866,4.71014759484874
ENSSSCG00000003554,7.30262691302382,6.91695368699389
ENSSSCG00000003553,5.73230092411965,6.16505209950577
ENSSSCG00000003551,4.74215430125552,2.77289332642005
ENSSSCG00000033516,5.31590867260505,4.71762196923097
ENSSSCG00000003555,8.77071141183017,9.17615374882126
ENSSSCG00000003558,5.41607160017729,5.81222683846303
ENSSSCG00000003559,6.90669007092894,7.081680476548
ENSSSCG00000040007,5.81083179648281,5.28377691460006
ENSSSCG00000003561,5.15425813202955,5.65761065420225
ENSSSCG00000062214,1.0885945093173,0.708565629647667
ENSSSCG00000053928,3.21508585528298,3.36006143138542
ENSSSCG00000003564,3.73207053122084,3.65686361034676
ENSSSCG00000003566,8.22049266434217,8.64559484101895
ENSSSCG00000003567,3.71200060542836,3.81504406924068
ENSSSCG00000027325,2.66651720471281,3.56455153299002
ENSSSCG00000036755,3.34065337130757,4.52872007405245
ENSSSCG00000003569,4.86720301054597,4.85612868314178
ENSSSCG00000003570,6.62050762311738,6.98589146488654
ENSSSCG00000023636,5.0137651842862,5.16851756734465
ENSSSCG00000003572,5.00058863626033,4.24819193089915
ENSSSCG00000003573,4.25745795998169,3.78334117662288
ENSSSCG00000056742,4.15116531784127,4.32360115223717
ENSSSCG00000003577,6.88354894382097,7.16570900834135
ENSSSCG00000047361,2.96671934204476,3.31642485261404
ENSSSCG00000047147,6.80850728092383,5.9793294675707
ENSSSCG00000042438,-0.686560683805019,0.85130538708557
ENSSSCG00000003578,5.69085941256581,2.43487064882408
ENSSSCG00000034570,9.38028711365905,8.30229745824837
ENSSSCG00000027894,5.14978891878731,5.31367641023427
ENSSSCG00000024927,5.8817187693641,5.77240940266197
ENSSSCG00000021634,5.00719195337052,4.77606253878755
ENSSSCG00000028973,4.79080506780207,4.80090425473433
ENSSSCG00000029097,4.07463990953506,3.89961894959634
ENSSSCG00000030284,4.53385180124496,4.54981010610583
ENSSSCG00000046793,2.58057768336524,2.87669073668673
ENSSSCG00000030432,1.69069938953273,1.00581493118192
ENSSSCG00000027530,3.50829751564243,3.86973996983634
ENSSSCG00000038872,4.91539113841395,5.28251755355786
ENSSSCG00000047080,1.64061407306523,-0.551234614202225
ENSSSCG00000003586,7.84076884115896,7.7272488415476
ENSSSCG00000058017,3.74002097233019,2.75120663352335
ENSSSCG00000051929,7.3974145395136,7.53229024964883
ENSSSCG00000003589,5.0589578546501,5.23513107916288
ENSSSCG00000031380,6.76533721142706,6.73373187099947
ENSSSCG00000030420,8.1757651049857,7.90879879263338
ENSSSCG00000044428,-3.82416175559903,-0.119711717242417
ENSSSCG00000028530,2.73176328344457,2.30196426756707
ENSSSCG00000030513,7.10940285377071,7.11425418092041
ENSSSCG00000043241,2.03889365526185,2.12215696247678
ENSSSCG00000035018,3.00020602359109,-3.82416175559903
ENSSSCG00000030361,6.17278883821706,6.34714493126685
ENSSSCG00000032903,1.01186851910195,1.23142354660134
ENSSSCG00000040944,6.52940384025782,6.7633750485654
ENSSSCG00000053045,2.88303023659174,2.68411916779552
ENSSSCG00000060855,3.62880663470464,2.81531256473901
ENSSSCG00000026626,6.48219222024598,6.10219718801091
ENSSSCG00000027916,6.05981333615816,5.75616954441185
ENSSSCG00000027407,8.41724029084895,8.12394135212894
ENSSSCG00000003214,-0.96807720485524,0.0318806818288641
ENSSSCG00000003212,2.74762395114334,2.76570058982809
ENSSSCG00000003211,6.26727779087404,6.17933244013365
ENSSSCG00000003216,3.63308226616768,3.39311138158518
ENSSSCG00000003218,0.784753030569422,0.124759019246936
ENSSSCG00000003219,0.689434225427014,1.25215911194267
ENSSSCG00000039372,6.82588696560865,6.81611526180262
ENSSSCG00000003217,4.67738713961771,4.72134468506831
ENSSSCG00000029960,3.23772367198998,3.73259770428485
ENSSSCG00000003222,5.11199703712157,4.86793232068353
ENSSSCG00000037098,2.28697801836366,2.6137592424759
ENSSSCG00000062536,2.71572630700603,2.19892754442265
ENSSSCG00000036814,4.9822721096957,4.24042960386224
ENSSSCG00000024736,3.36656240498575,3.43452112753612
ENSSSCG00000036362,-2.46795088038493,-0.871778856036138
ENSSSCG00000040236,1.84610665102851,1.42647607361694
ENSSSCG00000060070,0.874162537149699,0.481549931933635
ENSSSCG00000037466,0.72191195620079,-0.119711717242417
ENSSSCG00000055583,4.72021699382228,5.44443012194664
ENSSSCG00000045200,5.19531641653183,5.62717658870484
ENSSSCG00000055391,-0.248748603557596,-0.119711717242417
ENSSSCG00000046995,-0.071311274400066,-0.551234614202225
ENSSSCG00000002872,5.46125785720147,5.77509836143065
ENSSSCG00000002873,7.95766860907947,7.9434763809009
ENSSSCG00000002875,1.36022556587904,1.59827076196444
ENSSSCG00000031169,5.95697996406559,6.11073775674798
ENSSSCG00000039166,4.13316600447482,4.00110786487859
ENSSSCG00000055296,0.183136955639335,1.00581493118192
ENSSSCG00000035876,2.3297520885663,2.6137592424759
ENSSSCG00000002877,4.64599671379048,4.49432132126936
ENSSSCG00000036886,2.88303023659174,1.3322436929096
ENSSSCG00000055443,2.3712943946814,3.48357025840186
ENSSSCG00000002879,5.51900056359755,6.96052270016037
ENSSSCG00000023267,2.08955398431033,4.07279788632357
ENSSSCG00000021867,5.31191384494604,5.277469087269
ENSSSCG00000024666,1.75488470892769,0.647265633957376
ENSSSCG00000025126,4.05565359714783,3.96073510287991
ENSSSCG00000021374,5.42965380765757,5.3693075144551
ENSSSCG00000025499,2.66651720471281,1.72234722316666
ENSSSCG00000002884,5.40736132224554,5.56327520257934
ENSSSCG00000002885,6.44558920958141,6.35615213281683
ENSSSCG00000002893,-0.248748603557596,-0.414234639036479
ENSSSCG00000041481,-0.0167046405169091,0.583244978335558
ENSSSCG00000033702,3.16871586481386,3.12172282970965
ENSSSCG00000002888,1.64061407306523,2.51426767165911
ENSSSCG00000040012,6.07796144781656,6.21805449071637
ENSSSCG00000002902,3.07124999498535,3.14408396275198
ENSSSCG00000041083,0.844970737784426,1.63030453743178
ENSSSCG00000038292,-2.79553649653186,-0.78472289261437
ENSSSCG00000002904,4.6794557485285,5.10153822700633
ENSSSCG00000002905,6.09510946843699,5.97855197624505
ENSSSCG00000002906,1.18493366366352,0.85130538708557
ENSSSCG00000002907,6.41983621958606,6.44944570750413
ENSSSCG00000057394,1.93190203123131,2.20956873606394
ENSSSCG00000058519,0.183136955639335,1.14536595329469
ENSSSCG00000027280,0.399364956748047,0.930627626435109
ENSSSCG00000030477,0.656208489639131,0.823864935560437
ENSSSCG00000028807,0.815176045257344,0.550136777985776
ENSSSCG00000027686,5.66812180492576,5.57051674319295
ENSSSCG00000049921,-0.6037335549306,-1.54570714867312
ENSSSCG00000059879,6.35724956827513,6.69733685932913
ENSSSCG00000040559,3.75970747811426,4.08729521014085
ENSSSCG00000021745,0.47753036411502,0.409538950709052
ENSSSCG00000060526,3.70389380075518,3.95758220097463
ENSSSCG00000039678,1.44048186623276,2.36994739547508
ENSSSCG00000027374,5.45644053099475,5.39982754519845
ENSSSCG00000023920,6.79997599185868,5.45117129519752
ENSSSCG00000034921,-1.45670196380968,-0.624943747829482
ENSSSCG00000028485,8.39207570278836,8.3808960663426
ENSSSCG00000003964,5.16167619146932,5.09294286115984
ENSSSCG00000003965,6.16395112726794,6.79374797283888
ENSSSCG00000058636,4.75790176179072,4.2686895769555
ENSSSCG00000003967,4.39975658862565,4.28890006987828
ENSSSCG00000055268,0.874162537149699,1.8088681866303
ENSSSCG00000023266,6.09510946843699,6.2786841821441
ENSSSCG00000063334,-0.868009231170092,-1.40920704473941
ENSSSCG00000044385,-0.686560683805019,-1.28451287928067
ENSSSCG00000023371,6.44132884216072,6.69402529530262
ENSSSCG00000022774,6.79712098094004,6.48929134422056
ENSSSCG00000034313,4.98895960204814,5.03429323831529
ENSSSCG00000033207,1.80121655797197,0.647265633957376
ENSSSCG00000058863,1.25318803729539,-1.54570714867312
ENSSSCG00000003128,4.34867543476549,4.37413626289861
ENSSSCG00000003129,2.03889365526185,2.7871721045049
ENSSSCG00000032098,2.80180211518241,2.20956873606394
ENSSSCG00000020988,3.28196073689979,2.90969415186618
ENSSSCG00000026689,8.59377970071482,8.98654598915463
ENSSSCG00000023377,4.910115700849,4.3382212832415
ENSSSCG00000030544,1.57100848239729,1.8772052214074
ENSSSCG00000003132,7.40930428971695,6.63209083792059
ENSSSCG00000003133,1.29696053674266,0.550136777985776
ENSSSCG00000003134,4.41473479340871,4.5931203752218
ENSSSCG00000003135,2.24289690050099,2.74390468232849
ENSSSCG00000003136,6.57900286003561,6.64586802288963
ENSSSCG00000030561,1.93190203123131,1.8772052214074
ENSSSCG00000033167,5.14978891878731,5.39167392083903
ENSSSCG00000002763,5.81083179648281,5.88788130133663
ENSSSCG00000002764,2.84667427243885,3.68382510911523
ENSSSCG00000025953,4.92064735578573,5.08574072923909
ENSSSCG00000034521,6.39739032545119,6.39571160705486
ENSSSCG00000034192,4.39220876525379,5.63410513121946
ENSSSCG00000002825,4.30914150482149,3.61345048558144
ENSSSCG00000002827,2.41167389764734,0.878233640758889
ENSSSCG00000002828,3.75970747811426,4.09305359360425
ENSSSCG00000002829,8.46733772352205,6.52274254907937
ENSSSCG00000002822,7.45952282676193,7.30680736064651
ENSSSCG00000051585,2.83187141988282,3.2302158225148
ENSSSCG00000023162,3.01993118422353,4.14664152576464
ENSSSCG00000025652,8.99189189523344,8.37647607610232
ENSSSCG00000003037,4.9136348017377,4.95271785559092
ENSSSCG00000003038,5.72230246345964,5.71848177388551
ENSSSCG00000003046,7.73036443991182,6.74016822154916
ENSSSCG00000003049,-0.071311274400066,-0.119711717242417
ENSSSCG00000003040,5.60313525187246,5.47452039550892
ENSSSCG00000033684,0.0359102671599988,0.294298826806809
ENSSSCG00000003042,9.72569445885182,9.18662703279471
ENSSSCG00000003044,-0.774434225214997,0.372139121137058
ENSSSCG00000003043,-0.451110226541143,-0.414234639036479
ENSSSCG00000060817,-1.19180123640617,-1.06343627958185
ENSSSCG00000003048,2.63275319451676,3.97639707678708
ENSSSCG00000037422,0.229053005082177,1.07727712061465
ENSSSCG00000003047,-0.187145967968861,-0.230414558288775
ENSSSCG00000003051,1.73910410091577,1.51492905093733
ENSSSCG00000003062,-0.380455165278715,0.767366807455606
ENSSSCG00000003063,4.26022480317067,3.86973996983634
ENSSSCG00000003064,3.92923140453305,3.85625916799006
ENSSSCG00000003054,3.53596067044172,3.42542113285521
ENSSSCG00000003055,5.40736132224554,5.75616954441185
ENSSSCG00000030637,5.61290947718701,5.73606931946353
ENSSSCG00000036291,1.73910410091577,2.30196426756707
ENSSSCG00000003059,4.72021699382228,4.80441840902587
ENSSSCG00000003061,4.15116531784127,4.80441840902587
ENSSSCG00000032434,2.64126856623983,1.42647607361694
ENSSSCG00000049211,-1.45670196380968,-0.481109027935221
ENSSSCG00000003068,4.35645386259809,4.14109351412293
ENSSSCG00000003069,-1.45670196380968,-0.551234614202225
ENSSSCG00000035772,5.6660368690374,5.33691507700456
ENSSSCG00000033191,-0.313099436094831,-0.414234639036479
ENSSSCG00000044206,0.874162537149699,1.61437655810064
ENSSSCG00000038053,5.73130419049872,5.87122256142432
ENSSSCG00000031837,-0.248748603557596,-0.702622497962026
ENSSSCG00000038151,5.25340474682323,4.53930362780532
ENSSSCG00000032632,4.57443516201582,4.60122454762572
ENSSSCG00000036210,6.84674608702477,6.60615025560041
ENSSSCG00000063594,2.93243688704098,3.2302158225148
ENSSSCG00000035639,4.48501497173124,4.72876142191521
ENSSSCG00000036067,4.65863496142359,4.78142189117872
ENSSSCG00000022721,4.35903738012276,1.64605858351007
ENSSSCG00000036060,5.02519676227631,1.95515358576145
ENSSSCG00000033027,4.66073061401041,4.51591646415802
ENSSSCG00000024476,4.65443450167316,5.70913832781164
ENSSSCG00000059433,-0.525404570246514,1.548845627756
ENSSSCG00000033811,5.37709184321229,5.55182168682216
ENSSSCG00000040749,4.24633721660844,4.53084300515973
ENSSSCG00000040139,3.99382684223589,2.16652477447692
ENSSSCG00000036321,5.10277775040087,5.12982513398175
ENSSSCG00000002793,1.84610665102851,1.70740881248283
ENSSSCG00000040125,5.09349917035738,5.2558138049587
ENSSSCG00000032443,3.62880663470464,3.29159958611275
ENSSSCG00000002788,2.86132678081369,2.0048735807178
ENSSSCG00000002787,5.19820491869584,5.38816535427931
ENSSSCG00000002786,6.59388509823682,6.17933244013365
ENSSSCG00000031199,2.50793871030225,2.6137592424759
ENSSSCG00000002790,4.73421564024372,4.42524523437298
ENSSSCG00000026116,4.98729063289967,5.89860723515138
ENSSSCG00000002783,2.12641493269169,2.31187448705517
ENSSSCG00000002782,-1.19180123640617,-1.28451287928067
ENSSSCG00000003989,4.74017372759755,5.62618407504472
ENSSSCG00000042594,0.13571138072984,0.767366807455606
ENSSSCG00000047003,2.62418726304154,3.08751753508833
ENSSSCG00000052885,-0.313099436094831,-0.551234614202225
ENSSSCG00000043116,3.69982325149067,4.50083387288934
ENSSSCG00000040688,0.13571138072984,1.3895183870631
ENSSSCG00000049941,0.229053005082177,1.16736637209713
ENSSSCG00000003990,3.26553038325255,4.21688884379801
ENSSSCG00000038009,4.37188602326707,4.91094784212134
ENSSSCG00000036554,4.0524647763966,4.29640660302702
ENSSSCG00000035527,4.13919076147208,4.24302168950023
ENSSSCG00000032352,3.86160764102687,4.40223808444598
ENSSSCG00000041238,3.70389380075518,4.19563630031025
ENSSSCG00000041766,4.77541459323819,5.3173706507578
ENSSSCG00000003995,4.96372004197033,5.3000493486593
ENSSSCG00000021888,3.83215807275418,4.33579486040362
ENSSSCG00000023027,4.03318240403036,4.16041892443633
ENSSSCG00000003998,3.92226055202717,4.17948888215237
ENSSSCG00000020436,-1.976085364955,-1.28451287928067
ENSSSCG00000034027,3.92575018851997,4.00416716456465
ENSSSCG00000040038,1.97295929665426,2.75120663352335
ENSSSCG00000004001,-0.187145967968861,-1.54570714867312
ENSSSCG00000053935,3.34587253533682,3.19851591260962
ENSSSCG00000004002,8.8154879682301,8.30136509087555
ENSSSCG00000004004,2.78652913044763,3.12172282970965
ENSSSCG00000057276,1.95940295449205,2.58135179761789
ENSSSCG00000059362,1.87527570583285,2.40740335383752
ENSSSCG00000059241,0.229053005082177,0.583244978335558
ENSSSCG00000050419,3.10857555428554,3.58103602582508
ENSSSCG00000031342,4.64175924134234,4.34306192035883
ENSSSCG00000039930,4.39975658862565,4.11868562017974
ENSSSCG00000031449,2.20892903416734,3.4614817017213
ENSSSCG00000035664,4.50147828664791,4.5602406234569
ENSSSCG00000049523,-0.380455165278715,0.372139121137058
ENSSSCG00000037920,8.2881401417644,8.16944794771813
ENSSSCG00000029362,6.43766705827525,6.48382260039603
ENSSSCG00000037734,6.02607249318782,5.92870553396109
ENSSSCG00000031562,6.30058651373089,6.05503606476764
ENSSSCG00000062429,3.75186508246608,3.47477537670041
ENSSSCG00000063297,1.27524029214877,1.00581493118192
ENSSSCG00000049887,5.38218106576342,5.02528647014623
ENSSSCG00000033509,-0.187145967968861,0.169048095927475
ENSSSCG00000023973,5.46366050159774,5.12561729354074
ENSSSCG00000030505,4.93110268660768,4.73797904407895
ENSSSCG00000030000,2.74762395114334,3.33111751872742
ENSSSCG00000033735,1.94571802033876,-0.119711717242417
ENSSSCG00000035420,4.5921121407016,3.99804206402155
ENSSSCG00000040575,5.29717077035146,3.90944266068508
ENSSSCG00000022204,7.77602841804089,7.75657069962013
ENSSSCG00000026816,1.23079346436338,1.31263544737941
ENSSSCG00000034107,1.23079346436338,1.66164245403454
ENSSSCG00000032231,4.01363881748623,3.7509259372459
ENSSSCG00000061598,1.623524972916,2.5565593570002
ENSSSCG00000053077,6.06931039317648,5.38582156055003
ENSSSCG00000003336,7.36661249071585,7.83662365205914
ENSSSCG00000038351,3.06493409078251,3.41166260325713
ENSSSCG00000003332,8.46479128544741,7.7053296152321
ENSSSCG00000022151,2.59818001558324,2.44391141993357
ENSSSCG00000003971,4.67738713961771,5.0327960096912
ENSSSCG00000003972,1.58872724014143,1.92963589847684
ENSSSCG00000003973,4.35645386259809,4.34788637011036
ENSSSCG00000048684,1.75488470892769,-0.414234639036479
ENSSSCG00000033952,4.4826476578462,4.14664152576464
ENSSSCG00000003975,6.73134261227379,7.66095074691602
ENSSSCG00000003976,6.12653324374698,6.03498363348152
ENSSSCG00000039245,4.43691450389901,2.7942588453812
ENSSSCG00000003979,3.08379945350479,2.94195942788852
ENSSSCG00000003980,5.39104423393494,5.59912480267423
ENSSSCG00000063595,3.47056834606659,4.51377143815058
ENSSSCG00000003981,3.20937045959201,3.3065459485344
ENSSSCG00000003983,5.55324543907733,5.01925056701287
ENSSSCG00000002986,-1.976085364955,-0.414234639036479
ENSSSCG00000051232,1.75488470892769,1.2726008670673
ENSSSCG00000014137,3.19208715058532,3.94490123394478
ENSSSCG00000026780,2.84667427243885,4.46353454639644
ENSSSCG00000040325,7.19900949497988,7.36389019985388
ENSSSCG00000014151,5.70209522963116,5.88705291704886
ENSSSCG00000014152,3.29281126295419,3.9224377454893
ENSSSCG00000026233,3.85063437944186,4.28638918755986
ENSSSCG00000024193,5.16167619146932,5.35619826677618
ENSSSCG00000035025,3.55861489141936,3.68000417823861
ENSSSCG00000014156,6.70416788958877,6.90021868341041
ENSSSCG00000014157,6.36755033248495,6.63997961788747
ENSSSCG00000027608,4.92588449250737,4.81316652678404
ENSSSCG00000014146,5.29312364564652,5.43878831546672
ENSSSCG00000014147,5.04458544686757,5.277469087269
ENSSSCG00000014148,3.66266205759027,3.77261681843486
ENSSSCG00000039760,0.0866736428889641,-0.964427270899581
ENSSSCG00000022656,4.44666374966992,4.8459338415019
ENSSSCG00000014232,5.78704674796927,3.35047783641302
ENSSSCG00000014233,4.88881890354496,5.17531904247595
ENSSSCG00000014235,1.40091172062405,0.583244978335558
ENSSSCG00000022790,6.5103555922032,6.05429833108554
ENSSSCG00000014149,4.07778014376273,3.42084951981263
ENSSSCG00000039373,5.34487088878949,4.26359240337733
ENSSSCG00000031128,5.0652999186481,2.62969400118923
ENSSSCG00000014238,-0.380455165278715,-0.78472289261437
ENSSSCG00000014239,5.70412873722908,5.95503023866078
ENSSSCG00000014133,8.63326759038427,8.07622586177575
ENSSSCG00000014132,1.38071206478968,0.823864935560437
ENSSSCG00000056442,5.35007484504589,4.89784837555117
ENSSSCG00000014240,6.00478282658759,6.0131307883886
ENSSSCG00000045510,-1.45670196380968,-0.551234614202225
ENSSSCG00000014136,7.22721157616877,5.93432984173742
ENSSSCG00000014242,2.40168448112881,2.6137592424759
ENSSSCG00000022402,7.01836144276364,5.68455832515942
ENSSSCG00000014247,7.21300094740006,6.14440324517677
ENSSSCG00000061746,-1.45670196380968,0.738265774167816
ENSSSCG00000062692,-2.79553649653186,-0.174001573015732
ENSSSCG00000062826,-0.774434225214997,-0.230414558288775
ENSSSCG00000054595,-1.976085364955,0.253744895693059
ENSSSCG00000053188,-1.19180123640617,-0.0673909604895641
ENSSSCG00000058079,-1.45670196380968,-1.06343627958185
ENSSSCG00000014244,6.04544949087655,5.57977420233737
ENSSSCG00000053092,-0.451110226541143,0.0318806818288641
ENSSSCG00000014248,5.54759411124741,4.76167282931235
ENSSSCG00000014249,0.13571138072984,0.212017947135459
ENSSSCG00000014250,2.95310396076255,2.62969400118923
ENSSSCG00000014161,4.14219373129512,4.5073171578948
ENSSSCG00000035571,1.33944395982878,2.05293699456738
ENSSSCG00000062599,2.82441264416951,3.09900964522632
ENSSSCG00000014163,4.64811079178396,5.67786844917742
ENSSSCG00000051601,2.03889365526185,1.64605858351007
ENSSSCG00000014182,3.68342522284369,1.9802277618688
ENSSSCG00000014184,7.34689980487461,6.93950206240397
ENSSSCG00000014225,2.22034075006793,2.13337748815636
ENSSSCG00000027857,5.08259819521484,5.3501999105982
ENSSSCG00000025287,3.22644916538749,3.0406111856635
ENSSSCG00000040617,4.07778014376273,4.59717815194758
ENSSSCG00000024999,4.99229175929187,5.14514972461677
ENSSSCG00000028431,6.70365979513041,5.82092787800009
ENSSSCG00000038779,3.34065337130757,3.65297050406999
ENSSSCG00000014187,3.19787128988667,3.65686361034676
ENSSSCG00000039889,4.36419057709649,4.9367952621008
ENSSSCG00000025286,5.06371701444658,3.29159958611275
ENSSSCG00000013338,0.72191195620079,-1.28451287928067
ENSSSCG00000049027,0.958352864156609,0.823864935560437
ENSSSCG00000060881,0.0359102671599988,1.03003110897365
ENSSSCG00000057459,-0.774434225214997,-0.414234639036479
ENSSSCG00000013339,0.72191195620079,-0.289123515071902
ENSSSCG00000056103,-0.868009231170092,-1.28451287928067
ENSSSCG00000058349,4.74610731022057,5.26731884482486
ENSSSCG00000052309,-3.22005278102631,0.124759019246936
ENSSSCG00000057317,2.64973397156036,2.28193723327874
ENSSSCG00000055394,-0.451110226541143,0.678241186296717
ENSSSCG00000013340,-0.451110226541143,-3.82416175559903
ENSSSCG00000039940,1.55306939928711,5.51797582889845
ENSSSCG00000026175,6.02444593414276,6.24092815835416
ENSSSCG00000014165,5.13930659643712,5.17803067964322
ENSSSCG00000014139,4.24354358486353,3.42542113285521
ENSSSCG00000013347,3.74397982295811,4.22215341960819
ENSSSCG00000014141,3.69982325149067,2.37940294608589
ENSSSCG00000063079,2.17414207960379,2.62174862191205
ENSSSCG00000031940,-0.380455165278715,-1.54570714867312
ENSSSCG00000029805,5.71122352643362,6.26152853231757
ENSSSCG00000013344,4.55653890219201,1.10033230279389
ENSSSCG00000039731,4.45151377755188,5.07122769749239
ENSSSCG00000014168,4.81358724684029,4.51591646415802
ENSSSCG00000013349,5.11505708696343,4.89125376758923
ENSSSCG00000013351,5.24085249484085,5.23773269355231
ENSSSCG00000014170,7.33218304775785,7.08493502224228
ENSSSCG00000013352,0.358634535634919,-1.28451287928067
ENSSSCG00000013331,3.82470078273387,3.99496973430403
ENSSSCG00000013332,1.06346985097485,-0.119711717242417
ENSSSCG00000014171,5.31457829208385,5.041756162396
ENSSSCG00000022806,6.34882570209833,6.20946533158455
ENSSSCG00000027860,5.01212468214923,4.33579486040362
ENSSSCG00000013335,7.1761173003184,6.99706750444256
ENSSSCG00000014173,3.07124999498535,3.25096862919518
ENSSSCG00000013336,4.44423260771567,4.05815340206765
ENSSSCG00000013337,5.46005503283644,5.75526194759512
ENSSSCG00000059744,0.183136955639335,2.60572537283493
ENSSSCG00000037501,0.689434225427014,1.10033230279389
ENSSSCG00000022592,5.52015525276084,3.43452112753612
ENSSSCG00000023396,-0.451110226541143,0.904668467894398
ENSSSCG00000052450,-2.79553649653186,0.615610397484158
ENSSSCG00000036529,2.47972765327197,2.64545467936437
ENSSSCG00000054134,-0.525404570246514,1.79480357676921
ENSSSCG00000014176,6.3383898858276,7.24284703585215
ENSSSCG00000014177,5.29447394907542,5.52118282389106
ENSSSCG00000059615,3.72006211070162,3.97015267563597
ENSSSCG00000054312,-2.46795088038493,-0.0169014492655093
ENSSSCG00000014179,5.3304624568223,5.66632742027735
ENSSSCG00000035539,4.45393269088626,4.44564256294846
ENSSSCG00000056768,3.33015805611298,3.66848029011153
ENSSSCG00000058841,0.815176045257344,1.9802277618688
ENSSSCG00000062672,-1.60995061428548,-0.702622497962026
ENSSSCG00000062956,0.902775359205073,1.51492905093733
ENSSSCG00000054777,-0.6037335549306,0.481549931933635
ENSSSCG00000059595,-1.31818014718968,-0.551234614202225
ENSSSCG00000046723,-0.128066380263549,0.51625090059353
ENSSSCG00000021427,6.67232268537895,6.71844588491638
ENSSSCG00000051093,0.0359102671599988,0.878233640758889
ENSSSCG00000021371,3.37679712473895,3.97639707678708
ENSSSCG00000023231,5.40860887198974,5.57154828813498
ENSSSCG00000038453,4.87985160766444,4.77785120261121
ENSSSCG00000035729,1.18493366366352,-0.702622497962026
ENSSSCG00000013411,4.24074453303866,3.98261456680239
ENSSSCG00000043165,-0.248748603557596,-1.54570714867312
ENSSSCG00000013360,4.66699936862858,5.7053839399974
ENSSSCG00000013409,6.02769722044238,5.90925401352505
ENSSSCG00000013410,5.48628824540059,5.191512937895
ENSSSCG00000043004,-1.19180123640617,0.51625090059353
ENSSSCG00000021688,2.93243688704098,3.43904969020546
ENSSSCG00000032047,0.784753030569422,0.445993691080189
ENSSSCG00000013358,-1.45670196380968,-0.0673909604895641
ENSSSCG00000013361,5.96038672050187,5.80610473563688
ENSSSCG00000038037,-0.96807720485524,-0.481109027935221
ENSSSCG00000013362,3.24891075232122,2.99827857643353
ENSSSCG00000041063,3.1568866930164,2.82917960111973
ENSSSCG00000013363,-0.6037335549306,-1.06343627958185
ENSSSCG00000013366,7.02366334106916,6.7062872605995
ENSSSCG00000013367,5.34226185448042,4.97159586277685
ENSSSCG00000059019,5.49922811422353,5.72869015272528
ENSSSCG00000045256,-0.686560683805019,0.409538950709052
ENSSSCG00000013369,6.26452445398752,5.15894130909365
ENSSSCG00000013382,5.91545877588021,5.45117129519752
ENSSSCG00000040570,6.51731136163131,6.5423419715017
ENSSSCG00000034191,3.08379945350479,3.60138024815194
ENSSSCG00000035649,0.229053005082177,-1.54570714867312
ENSSSCG00000013389,1.55306939928711,2.19892754442265
ENSSSCG00000013388,2.79418583351156,4.51591646415802
ENSSSCG00000013391,6.14760669367645,5.64981795480522
ENSSSCG00000013392,7.40680931447035,6.81480909468257
ENSSSCG00000033786,4.07778014376273,3.53524252347769
ENSSSCG00000013393,5.89513160804564,6.30310986832418
ENSSSCG00000021170,6.0873401716932,6.33078888559566
ENSSSCG00000013395,4.77154118338875,4.63319352456153
ENSSSCG00000013397,3.60723631482034,4.67218359493194
ENSSSCG00000013399,4.79462716891182,5.88870921024551
ENSSSCG00000028827,7.61972065138471,7.1826857737054
ENSSSCG00000031706,6.3540154380447,7.29530200172725
ENSSSCG00000013401,6.47565993952836,6.09719174084958
ENSSSCG00000013402,6.68473338466047,6.80036266143153
ENSSSCG00000013403,4.01691452263613,5.33327060833431
ENSSSCG00000032323,6.56843737822122,6.13117110511574
ENSSSCG00000035069,1.47899559533112,0.51625090059353
ENSSSCG00000014293,2.77109272783156,3.93210781488979
ENSSSCG00000014296,7.53571977523626,7.35582972469342
ENSSSCG00000014285,6.29317570285316,6.38107717515464
ENSSSCG00000022060,1.40091172062405,3.24580834698678
ENSSSCG00000053400,3.48483266148308,3.55206336650421
ENSSSCG00000062865,3.35107288630203,3.45702311573383
ENSSSCG00000056448,-0.6037335549306,0.0318806818288641
ENSSSCG00000045343,-0.96807720485524,-1.54570714867312
ENSSSCG00000056261,-1.45670196380968,-0.414234639036479
ENSSSCG00000053135,-0.0167046405169091,0.647265633957376
ENSSSCG00000056918,-1.78143407576197,-0.964427270899581
ENSSSCG00000061328,-1.78143407576197,-0.871778856036138
ENSSSCG00000056290,0.229053005082177,1.79480357676921
ENSSSCG00000062753,-0.868009231170092,-1.54570714867312
ENSSSCG00000053630,-0.248748603557596,-0.0169014492655093
ENSSSCG00000014287,3.16281340283161,3.14408396275198
ENSSSCG00000014288,5.02356921503594,5.43539261094366
ENSSSCG00000014289,5.4321096204639,5.16442123764544
ENSSSCG00000040998,6.28028485796996,6.2074759349005
ENSSSCG00000014291,4.4731393648411,4.85443453794003
ENSSSCG00000056081,3.90114359527128,3.66848029011153
ENSSSCG00000014292,7.31232422698345,7.59425275807819
ENSSSCG00000026106,5.33833943482593,5.41484880853839
ENSSSCG00000026229,4.1835919013962,4.35029255848556
ENSSSCG00000061433,4.24912544922369,3.63729216539682
ENSSSCG00000014307,7.36853697267412,7.33259196108381
ENSSSCG00000020915,6.74424640161654,7.07551289759315
ENSSSCG00000014274,6.1939257584427,5.53816742894123
ENSSSCG00000014275,-0.0167046405169091,1.05384751029812
ENSSSCG00000061383,2.95310396076255,2.97351886149602
ENSSSCG00000014280,6.35207147415592,6.1582019335167
ENSSSCG00000014277,5.21826410629706,5.60215657364276
ENSSSCG00000014278,0.316720715261423,-0.35032329061541
ENSSSCG00000014283,5.9561270164928,6.28938215535522
ENSSSCG00000014264,7.0130399881122,7.03046052339709
ENSSSCG00000033213,3.49895732144611,3.4162633741764
ENSSSCG00000036686,7.12732039093093,7.22328953002589
ENSSSCG00000014267,4.2266672308481,4.46797308528954
ENSSSCG00000014269,5.18806975769765,5.11150185555258
ENSSSCG00000014271,-3.82416175559903,-0.624943747829482
ENSSSCG00000014272,2.01288038415818,2.49699765045707
ENSSSCG00000030680,3.83587231237669,4.73797904407895
ENSSSCG00000038628,8.14241046266364,8.13915430396522
ENSSSCG00000014298,7.1625013936459,7.08782180105534
ENSSSCG00000014302,1.80121655797197,1.8772052214074
ENSSSCG00000038953,6.04544949087655,5.95897725672264
ENSSSCG00000037127,4.55202993354254,4.86119921482685
ENSSSCG00000014303,4.75985816320276,5.94551310298757
ENSSSCG00000014305,6.24510254626447,6.2074759349005
ENSSSCG00000014304,6.35271975320687,5.39866555924204
ENSSSCG00000038955,4.89060569355461,4.81142114178654
ENSSSCG00000026644,6.62963040552744,6.82565785686323
ENSSSCG00000034954,6.0398247002444,6.05798323281301
ENSSSCG00000038110,-0.6037335549306,-0.624943747829482
ENSSSCG00000014310,7.04427695292846,1.05384751029812
ENSSSCG00000014311,-0.525404570246514,-3.82416175559903
ENSSSCG00000014416,6.06615164883462,6.29063554096127
ENSSSCG00000014314,2.56275792947573,1.58198313393422
ENSSSCG00000014316,5.61290947718701,4.69508166262017
ENSSSCG00000028976,2.72376707845927,2.66104503944852
ENSSSCG00000014319,5.83330234337037,6.26088920336053
ENSSSCG00000014418,4.95520776802301,3.31149385632478
ENSSSCG00000036549,7.42418420433603,7.87159297138242
ENSSSCG00000032423,4.7480797603667,2.22013201354959
ENSSSCG00000014321,4.09957245624403,4.35029255848556
ENSSSCG00000014420,0.358634535634919,2.32171709503593
ENSSSCG00000027852,0.229053005082177,-1.16974403207503
ENSSSCG00000053951,1.33944395982878,0.409538950709052
ENSSSCG00000036516,0.47753036411502,-0.35032329061541
ENSSSCG00000021414,2.05172648705434,1.70740881248283
ENSSSCG00000036961,1.86076489630265,0.708565629647667
ENSSSCG00000036348,0.656208489639131,0.583244978335558
ENSSSCG00000031384,1.72314896938536,1.5319870059135
ENSSSCG00000025141,-0.313099436094831,-0.78472289261437
ENSSSCG00000027371,7.03137738795366,6.87704287344569
ENSSSCG00000046808,0.551677535663921,0.294298826806809
ENSSSCG00000040315,0.58736937234432,-0.481109027935221
ENSSSCG00000031533,-0.0167046405169091,-0.0673909604895641
ENSSSCG00000044449,0.316720715261423,0.0318806818288641
ENSSSCG00000014399,4.34085484135535,4.66446942463303
ENSSSCG00000014339,8.4135167735705,8.44068931956464
ENSSSCG00000014401,4.98729063289967,5.26731884482486
ENSSSCG00000039309,6.69856898435893,6.20880250411737
ENSSSCG00000032826,1.06346985097485,1.73713253770228
ENSSSCG00000014406,4.38715485538308,3.90944266068508
ENSSSCG00000014410,3.52679842945291,3.72520071372487
ENSSSCG00000014408,-1.976085364955,-0.414234639036479
ENSSSCG00000014411,6.2659017792625,5.84757236057115
ENSSSCG00000014286,1.44048186623276,1.3895183870631
ENSSSCG00000055548,0.689434225427014,0.738265774167816
ENSSSCG00000049957,1.23079346436338,0.678241186296717
ENSSSCG00000043189,-2.20115708176131,-0.78472289261437
ENSSSCG00000050134,-0.96807720485524,-0.414234639036479
ENSSSCG00000043940,2.86859760426546,2.60572537283493
ENSSSCG00000014414,4.42955908949299,4.94795950229678
ENSSSCG00000014387,6.65823183287744,6.49365146249731
ENSSSCG00000014388,6.16025270932838,6.06165874661435
ENSSSCG00000014389,0.273552666612953,-1.54570714867312
ENSSSCG00000014390,4.09027317203002,3.88972788725591
ENSSSCG00000014391,5.01867552772342,4.55190225121471
ENSSSCG00000022289,6.41301472775422,5.50399587745849
ENSSSCG00000014396,5.94241082419902,5.16305320567286
ENSSSCG00000014395,2.27608336519157,1.8088681866303
ENSSSCG00000014394,6.01382836353571,5.77240940266197
ENSSSCG00000038940,5.63759129012053,5.44668068139813
ENSSSCG00000025295,7.50163597950003,7.41650564457346
ENSSSCG00000036322,1.75488470892769,1.03003110897365
ENSSSCG00000024954,3.73605122845562,2.72177442956269
ENSSSCG00000014361,5.01867552772342,4.87296160819045
ENSSSCG00000038493,5.85725686380513,6.08929078183107
ENSSSCG00000014362,2.42159462145349,2.05293699456738
ENSSSCG00000014363,2.79418583351156,0.0318806818288641
ENSSSCG00000014364,6.47387326321275,6.30621166962627
ENSSSCG00000059551,3.96019002095856,3.93531682115972
ENSSSCG00000055768,5.33571855120538,4.80090425473433
ENSSSCG00000014366,4.9822721096957,5.38933582479625
ENSSSCG00000014367,3.90114359527128,3.50963771843793
ENSSSCG00000044155,2.49859618532626,2.34120312316572
ENSSSCG00000014368,-2.79553649653186,0.124759019246936
ENSSSCG00000014369,2.07705469961597,1.78060050223319
ENSSSCG00000014370,4.27123941593492,4.43207643678805
ENSSSCG00000014371,4.81170241273209,4.30635494149973
ENSSSCG00000014372,6.74325788966757,6.8640514871742
ENSSSCG00000032062,4.23231464574282,4.00110786487859
ENSSSCG00000014375,5.31723782744668,5.19419433590397
ENSSSCG00000014374,0.551677535663921,1.2726008670673
ENSSSCG00000014376,4.63324677385007,4.51591646415802
ENSSSCG00000029158,6.14910022651584,6.05798323281301
ENSSSCG00000029281,3.67100321646479,2.20956873606394
ENSSSCG00000014422,-0.451110226541143,0.0790671408551012
ENSSSCG00000038182,0.183136955639335,0.294298826806809
ENSSSCG00000029257,3.55411241648467,5.23773269355231
ENSSSCG00000047137,2.94624777947776,2.75120663352335
ENSSSCG00000014426,2.28697801836366,-2.27533557831912
ENSSSCG00000014427,5.90046202116531,5.72034322357621
ENSSSCG00000014428,-0.071311274400066,-0.871778856036138
ENSSSCG00000023279,0.551677535663921,-0.871778856036138
ENSSSCG00000014430,5.44554237150642,5.83988742787271
ENSSSCG00000014431,3.06493409078251,2.36042946327191
ENSSSCG00000014432,5.61290947718701,5.76340983709907
ENSSSCG00000014433,5.20252685723836,5.86366290933903
ENSSSCG00000014434,4.82110205462146,5.34899724078999
ENSSSCG00000032383,6.11587995081581,4.48559193398023
ENSSSCG00000014435,8.29810328492109,8.24445246123246
ENSSSCG00000014436,6.13258570505617,6.02070370171788
ENSSSCG00000014437,2.07705469961597,3.25611051968982
ENSSSCG00000039045,2.94624777947776,2.74390468232849
ENSSSCG00000014440,5.92508014343666,6.18608323865988
ENSSSCG00000014441,4.63324677385007,4.27123142631998
ENSSSCG00000014377,0.656208489639131,-0.230414558288775
ENSSSCG00000053239,-1.19180123640617,-1.16974403207503
ENSSSCG00000028168,6.73433067013663,6.87119027790423
ENSSSCG00000052586,2.1858311792755,1.64605858351007
ENSSSCG00000027249,-1.07560684537938,-0.35032329061541
ENSSSCG00000063245,-1.45670196380968,-1.28451287928067
ENSSSCG00000059785,-2.79553649653186,0.51625090059353
ENSSSCG00000061423,1.18493366366352,2.14451141952173
ENSSSCG00000056638,1.42083245509814,-1.06343627958185
ENSSSCG00000052618,8.91485963823319,7.73140841357195
ENSSSCG00000053624,0.183136955639335,-0.174001573015732
ENSSSCG00000051238,0.316720715261423,-0.289123515071902
ENSSSCG00000062860,-0.451110226541143,-1.06343627958185
ENSSSCG00000063455,1.70701541088768,1.10033230279389
ENSSSCG00000063036,0.874162537149699,0.904668467894398
ENSSSCG00000057516,0.47753036411502,1.29275702200006
ENSSSCG00000061322,-0.868009231170092,-2.85117878809169
ENSSSCG00000049519,2.22034075006793,3.09327503299889
ENSSSCG00000018513,3.37679712473895,1.3322436929096
ENSSSCG00000019165,0.229053005082177,-1.16974403207503
ENSSSCG00000055853,0.753674621171028,-1.16974403207503
ENSSSCG00000013327,5.4321096204639,6.09647525718864
ENSSSCG00000013286,1.91795245276096,2.07638127694377
ENSSSCG00000035489,3.53596067044172,3.35527759167279
ENSSSCG00000026145,-0.96807720485524,-1.86487943217923
ENSSSCG00000038082,4.71417574184047,5.08718403481786
ENSSSCG00000013292,5.23804821192958,4.86961069863746
ENSSSCG00000013293,4.41721611177701,4.16589325392121
ENSSSCG00000013294,3.72006211070162,4.44564256294846
ENSSSCG00000013295,4.37444207714264,4.31130350329433
ENSSSCG00000028338,6.55554318720726,5.96212711463591
ENSSSCG00000013296,0.399364956748047,-1.86487943217923
ENSSSCG00000013297,4.91714533952582,2.94832678617514
ENSSSCG00000013302,6.87454872921039,6.40962236524799
ENSSSCG00000013303,2.66651720471281,3.11607796930512
ENSSSCG00000013304,5.41483048982722,5.39633877586901
ENSSSCG00000013305,8.2245713715374,7.97539276336891
ENSSSCG00000013307,4.20385387305167,4.08440737639126
ENSSSCG00000013308,5.32254223505146,5.54658533142559
ENSSSCG00000024791,7.66766108740527,8.22998895018017
ENSSSCG00000013310,-0.380455165278715,-1.54570714867312
ENSSSCG00000013311,4.1835919013962,3.88641573936135
ENSSSCG00000013312,7.4238757663205,8.11034187944476
ENSSSCG00000040954,5.71928936292719,5.50399587745849
ENSSSCG00000030326,5.15574479843408,4.93037669146169
ENSSSCG00000042341,2.58940569507994,3.4162633741764
ENSSSCG00000013314,5.12267893524269,5.22336540580085
ENSSSCG00000013313,5.51553094066225,5.7053839399974
ENSSSCG00000026433,1.95940295449205,1.4081155707733
ENSSSCG00000013315,6.35142290366801,6.20415416544012
ENSSSCG00000025588,4.65232967670573,4.30635494149973
ENSSSCG00000055587,-3.82416175559903,0.124759019246936
ENSSSCG00000044035,3.58091887238019,3.61345048558144
ENSSSCG00000056037,0.622199479864748,1.67705978623095
ENSSSCG00000048614,-0.313099436094831,0.0790671408551012
ENSSSCG00000047141,0.399364956748047,1.69231410194732
ENSSSCG00000049955,0.358634535634919,-0.414234639036479
ENSSSCG00000057682,0.689434225427014,2.14451141952173
ENSSSCG00000054809,3.26001175181962,3.50100079312761
ENSSSCG00000060910,-0.868009231170092,-0.35032329061541
ENSSSCG00000052582,0.13571138072984,1.07727712061465
ENSSSCG00000060266,-0.96807720485524,-0.289123515071902
ENSSSCG00000058646,-0.0167046405169091,0.294298826806809
ENSSSCG00000023607,0.72191195620079,-0.551234614202225
ENSSSCG00000025560,1.23079346436338,-0.35032329061541
ENSSSCG00000028144,3.21508585528298,3.61745156076489
ENSSSCG00000013658,3.98381788531011,3.73628202580504
ENSSSCG00000013659,5.86181825031068,5.93593276776045
ENSSSCG00000039619,5.6085735503078,5.96055304532066
ENSSSCG00000027434,4.27123941593492,6.7020545178235
ENSSSCG00000013639,7.46552915594611,7.1206111118444
ENSSSCG00000013648,6.89338475785313,7.36716122946342
ENSSSCG00000013664,3.4170250288465,3.44806439242055
ENSSSCG00000013663,2.12641493269169,-0.174001573015732
ENSSSCG00000013662,4.58550862947328,4.67218359493194
ENSSSCG00000024072,-0.0167046405169091,0.169048095927475
ENSSSCG00000013661,7.44317971266788,7.27169499333894
ENSSSCG00000013667,4.50381492703754,5.108662119179
ENSSSCG00000025176,6.54025799650472,6.32529540233988
ENSSSCG00000013731,4.21245121272598,3.80103983095647
ENSSSCG00000033304,-1.45670196380968,0.615610397484158
ENSSSCG00000013737,4.37444207714264,4.44113468012368
ENSSSCG00000013736,7.25105296932772,7.31268005288441
ENSSSCG00000013839,1.44048186623276,2.09945066583008
ENSSSCG00000013773,6.29250010129113,6.72030738088383
ENSSSCG00000013772,0.399364956748047,-1.28451287928067
ENSSSCG00000013771,6.55385280802547,6.33868716887911
ENSSSCG00000033298,4.87985160766444,5.22073772969425
ENSSSCG00000013758,2.90441202540823,2.99212837075843
ENSSSCG00000013757,5.28363596796118,5.6769102152066
ENSSSCG00000013756,4.03318240403036,4.61729758517607
ENSSSCG00000013755,4.65653626027199,5.09294286115984
ENSSSCG00000013769,-0.071311274400066,0.0318806818288641
ENSSSCG00000013836,5.79087880566664,5.84245362324048
ENSSSCG00000013838,5.8690866035283,5.89449130768572
ENSSSCG00000013837,6.42785661811734,6.65026860797117
ENSSSCG00000022227,6.73184105189025,6.89363492605
ENSSSCG00000013830,6.52653385864965,6.04690017116283
ENSSSCG00000013829,4.86720301054597,4.99638832032183
ENSSSCG00000013833,1.60623101893403,1.56550952137607
ENSSSCG00000027903,-2.79553649653186,-0.0169014492655093
ENSSSCG00000052916,1.55306939928711,3.3065459485344
ENSSSCG00000027013,2.51722112452346,4.59515069021558
ENSSSCG00000057525,-0.128066380263549,3.17155663273452
ENSSSCG00000062952,3.89759385518177,5.46233705516726
ENSSSCG00000062738,3.69574118470893,3.94171349924894
ENSSSCG00000046648,-1.78143407576197,-0.964427270899581
ENSSSCG00000057246,-0.187145967968861,0.738265774167816
ENSSSCG00000013649,1.40091172062405,1.12302483629253
ENSSSCG00000013862,3.66683866522758,3.76542269970242
ENSSSCG00000013861,5.7491408774417,5.36693285789626
ENSSSCG00000013860,5.80799820898824,5.79289780314744
ENSSSCG00000013859,3.34065337130757,3.7509259372459
ENSSSCG00000013858,4.29031492596082,4.31130350329433
ENSSSCG00000013857,4.86720301054597,5.20487036753822
ENSSSCG00000013655,3.80588715198576,3.43904969020546
ENSSSCG00000013653,-0.071311274400066,-0.481109027935221
ENSSSCG00000013768,4.50381492703754,4.90277462445624
ENSSSCG00000013767,2.52644419656486,2.95466616546181
ENSSSCG00000013766,4.71013414036412,4.34306192035883
ENSSSCG00000013765,3.50829751564243,3.61745156076489
ENSSSCG00000045290,3.63308226616768,3.95442239354423
ENSSSCG00000013764,6.0669419835308,6.19882337439353
ENSSSCG00000013763,5.13629760474782,5.20487036753822
ENSSSCG00000013762,4.44666374966992,2.06470675742136
ENSSSCG00000013761,6.00972378520905,6.22397101729669
ENSSSCG00000013760,1.53490444243865,2.1108484849407
ENSSSCG00000038911,4.87805144051966,5.07268558814864
ENSSSCG00000013856,6.36369615954025,5.74066220537511
ENSSSCG00000013855,5.6764315476657,5.58386963768483
ENSSSCG00000055450,0.902775359205073,-2.53471534769233
ENSSSCG00000013853,2.92548154303131,1.31263544737941
ENSSSCG00000013848,5.59109834236116,5.42857712978116
ENSSSCG00000013849,8.35372906381721,7.24704977532346
ENSSSCG00000013656,5.27955064198672,5.37522711158507
ENSSSCG00000013734,5.73329696958958,4.66253441976813
ENSSSCG00000013733,-1.78143407576197,-1.06343627958185
ENSSSCG00000038776,5.9865198103191,5.75253572630294
ENSSSCG00000013727,6.19537212525704,6.21012785466411
ENSSSCG00000013726,6.79950054888744,6.7465759848522
ENSSSCG00000013725,6.1654278438206,6.34834914555766
ENSSSCG00000052605,-0.96807720485524,-0.78472289261437
ENSSSCG00000013723,4.50847688485433,4.86456969570531
ENSSSCG00000013721,6.06219346788241,5.87790915797897
ENSSSCG00000013722,3.74792783995943,3.89303244851567
ENSSSCG00000013720,6.80850728092383,5.95265683411948
ENSSSCG00000013647,6.89872161714519,6.83685469161163
ENSSSCG00000013642,3.35625455934382,4.18489146095046
ENSSSCG00000023667,6.67076381425141,6.54076271084065
ENSSSCG00000028460,1.91795245276096,1.14536595329469
ENSSSCG00000013645,4.70608118483071,4.48559193398023
ENSSSCG00000013644,4.31979026323652,4.70263429516396
ENSSSCG00000013643,3.03939028735737,3.18240087297536
ENSSSCG00000025838,6.22116179363816,5.79112770865483
ENSSSCG00000040763,2.79418583351156,2.96097781055992
ENSSSCG00000048417,0.753674621171028,1.16736637209713
ENSSSCG00000022738,1.73910410091577,-0.702622497962026
ENSSSCG00000033816,3.92923140453305,2.9031535920818
ENSSSCG00000013670,5.63439576913845,4.47460539424677
ENSSSCG00000023331,6.65928033252003,6.49038260977115
ENSSSCG00000036342,0.958352864156609,1.29275702200006
ENSSSCG00000029347,2.44123372499091,2.65327091878993
ENSSSCG00000033388,1.31835862021284,2.69172925686298
ENSSSCG00000022634,4.7734791882503,5.1520619970427
ENSSSCG00000021757,3.56757790427603,3.70277942753658
ENSSSCG00000057753,3.69164753504792,5.3453832041695
ENSSSCG00000050273,-0.868009231170092,0.823864935560437
ENSSSCG00000041142,3.43182593067921,4.29390876251916
ENSSSCG00000036520,4.07463990953506,4.93037669146169
ENSSSCG00000040187,4.48027645305758,4.54561669196661
ENSSSCG00000036608,2.95310396076255,3.25611051968982
ENSSSCG00000014190,4.97723606822499,5.12702127110816
ENSSSCG00000027074,4.39724503254158,4.5116232181288
ENSSSCG00000013715,3.90468462268559,4.91582963909084
ENSSSCG00000035663,4.7480797603667,5.39750263663597
ENSSSCG00000013714,5.70920000153361,4.52019697202262
ENSSSCG00000032506,4.34607327790409,4.18219270048509
ENSSSCG00000022845,7.47478982755804,7.33076540893575
ENSSSCG00000013754,3.79448007211224,4.01936710234133
ENSSSCG00000014195,5.52015525276084,5.55495440154216
ENSSSCG00000014196,4.84893902233177,5.01925056701287
ENSSSCG00000014197,5.69085941256581,5.47562288702007
ENSSSCG00000014198,-1.07560684537938,-2.27533557831912
ENSSSCG00000014199,4.30914150482149,4.12712941865
ENSSSCG00000037019,0.930831724376776,-0.702622497962026
ENSSSCG00000031518,4.82110205462146,3.07593314641862
ENSSSCG00000014203,4.64387953334966,5.3585906435283
ENSSSCG00000014204,5.21826410629706,5.26731884482486
ENSSSCG00000014207,5.12874755393849,5.16168387523602
ENSSSCG00000022048,8.13338409619857,7.95082839046159
ENSSSCG00000026230,6.73780893369681,6.60009714393056
ENSSSCG00000029860,5.86454817576563,5.92951035016823
ENSSSCG00000053658,5.5855936432373,5.28377691460006
ENSSSCG00000014211,5.30254933640218,5.36336352821136
ENSSSCG00000014213,0.47753036411502,1.12302483629253
ENSSSCG00000014217,5.29312364564652,5.33327060833431
ENSSSCG00000033305,1.06346985097485,0.169048095927475
ENSSSCG00000038141,2.20892903416734,2.34120312316572
ENSSSCG00000038156,7.77578673721828,7.20046566782383
ENSSSCG00000057522,6.29452595758232,7.43844028127094
ENSSSCG00000033912,6.09820550974035,6.25319507512053
ENSSSCG00000059192,1.03789987789575,-0.0673909604895641
ENSSSCG00000034887,3.85063437944186,2.22013201354959
ENSSSCG00000037595,5.67332100039407,4.97471832009399
ENSSSCG00000030672,4.62468378118974,4.9011344098055
ENSSSCG00000013978,5.49453612490598,6.08712844394348
ENSSSCG00000014223,4.51544169628631,4.24819193089915
ENSSSCG00000014224,4.78889021334941,4.88794512498589
ENSSSCG00000013919,3.30358079088575,3.59327695279127
ENSSSCG00000054395,-0.313099436094831,0.823864935560437
ENSSSCG00000025329,4.90482090201148,4.62327910601669
ENSSSCG00000051889,-0.686560683805019,0.212017947135459
ENSSSCG00000027840,6.49692922756724,6.01009045752365
ENSSSCG00000050595,3.19208715058532,1.85025758473298
ENSSSCG00000042913,-0.96807720485524,-1.86487943217923
ENSSSCG00000013928,2.1858311792755,2.84291461693407
ENSSSCG00000039301,7.3341539775144,7.5079801891845
ENSSSCG00000057006,2.64126856623983,2.87669073668673
ENSSSCG00000052468,-0.96807720485524,1.3322436929096
ENSSSCG00000055540,-1.45670196380968,-0.289123515071902
ENSSSCG00000055150,-0.248748603557596,-0.119711717242417
ENSSSCG00000060033,-2.79553649653186,1.548845627756
ENSSSCG00000057212,2.20892903416734,2.47951838830822
ENSSSCG00000019323,-0.248748603557596,-0.624943747829482
ENSSSCG00000013915,4.59430661134251,4.64500158530316
ENSSSCG00000013913,3.64583365363513,3.48794767503683
ENSSSCG00000013911,4.45151377755188,4.15767395027535
ENSSSCG00000013909,0.844970737784426,-1.06343627958185
ENSSSCG00000040666,5.28363596796118,5.32473087335095
ENSSSCG00000013940,0.316720715261423,0.212017947135459
ENSSSCG00000036756,4.73819043121227,4.71014759484874
ENSSSCG00000035650,6.28436810830906,5.95661034194228
ENSSSCG00000057247,1.49787364177406,2.86999847748965
ENSSSCG00000029724,10.1009648651711,9.36297959348832
ENSSSCG00000032836,6.28504752786652,6.29188783859524
ENSSSCG00000037835,1.60623101893403,3.00440267505079
ENSSSCG00000025900,5.94068709464558,5.92548177188837
ENSSSCG00000013901,5.0022423011846,3.33111751872742
ENSSSCG00000013900,6.14611161307255,6.05208286385868
ENSSSCG00000013895,4.82484483043853,5.25324462166577
ENSSSCG00000013893,4.45875838434298,5.40677987546547
ENSSSCG00000013892,-1.19180123640617,-0.414234639036479
ENSSSCG00000013891,4.98059538171392,5.20220875704886
ENSSSCG00000028567,1.29696053674266,0.212017947135459
ENSSSCG00000014539,4.45875838434298,4.72505781956526
ENSSSCG00000014538,6.99280389948556,6.72077237982534
ENSSSCG00000013930,5.96378545122736,5.83645871805103
ENSSSCG00000013931,3.94651258611707,4.80266240186344
ENSSSCG00000013932,3.23772367198998,4.73429905934596
ENSSSCG00000013933,2.47972765327197,4.54561669196661
ENSSSCG00000013934,3.01993118422353,4.71948452790664
ENSSSCG00000013935,-2.79553649653186,2.67646872321373
ENSSSCG00000056961,6.02607249318782,6.02673354101265
ENSSSCG00000013938,6.43949911198964,6.41365453178898
ENSSSCG00000021664,6.57900286003561,6.87495538521512
ENSSSCG00000036970,5.62476651760348,5.5307612560974
ENSSSCG00000048260,1.36022556587904,1.3322436929096
ENSSSCG00000034062,3.30358079088575,1.14536595329469
ENSSSCG00000022661,5.08416052936819,5.11998768025969
ENSSSCG00000014073,5.571182346918,3.78334117662288
ENSSSCG00000013752,4.44909080170269,4.61729758517607
ENSSSCG00000014074,3.18044883327868,3.4024168103526
ENSSSCG00000013751,5.11046457479224,5.1493010609875
ENSSSCG00000013744,5.13930659643712,5.38582156055003
ENSSSCG00000024549,2.27608336519157,2.23061850955662
ENSSSCG00000013742,5.74618336833823,6.00322619591342
ENSSSCG00000014075,6.98194999772175,6.76156833545495
ENSSSCG00000034569,4.77541459323819,4.76167282931235
ENSSSCG00000014076,4.52927125278867,5.02979688289402
ENSSSCG00000013747,5.66290380476798,5.43198889501237
ENSSSCG00000034859,3.2710279851024,3.42084951981263
ENSSSCG00000014072,3.20937045959201,3.68382510911523
ENSSSCG00000013746,11.0842545912364,8.91144124213975
ENSSSCG00000014101,5.98317427954294,5.72961461529634
ENSSSCG00000013745,5.72830985120476,5.54132990108207
ENSSSCG00000013740,-0.686560683805019,-0.414234639036479
ENSSSCG00000013729,4.99062664269499,5.15894130909365
ENSSSCG00000013638,7.85021116465508,7.83555062969553
ENSSSCG00000013637,2.58940569507994,2.41661734632623
ENSSSCG00000013630,6.70873270520133,6.50934733913858
ENSSSCG00000038623,3.15093553532168,3.12172282970965
ENSSSCG00000013632,1.44048186623276,0.878233640758889
ENSSSCG00000013633,4.26574262125106,4.47680940564299
ENSSSCG00000053292,8.76986222696372,7.96365404960132
ENSSSCG00000013905,7.9294826074239,7.86382476257961
ENSSSCG00000040181,5.42349592396768,6.13815051520021
ENSSSCG00000013634,6.11587995081581,5.75616954441185
ENSSSCG00000040524,7.76096711720106,9.86044034192408
ENSSSCG00000014081,3.63734526362365,5.27240289267437
ENSSSCG00000025955,6.28232792773862,6.60564679852339
ENSSSCG00000013635,4.64387953334966,4.65086957017807
ENSSSCG00000013629,7.15583068439548,6.54706940738146
ENSSSCG00000036963,1.83129794321605,1.31263544737941
ENSSSCG00000014082,4.37188602326707,5.02829497824047
ENSSSCG00000034260,-0.187145967968861,-0.624943747829482
ENSSSCG00000039684,4.79843917096021,5.06830748898315
ENSSSCG00000034314,5.5097296282133,5.05361711945132
ENSSSCG00000031657,7.01016643850664,6.52060765574571
ENSSSCG00000053451,-0.128066380263549,0.372139121137058
ENSSSCG00000013902,4.64599671379048,4.37885807754393
ENSSSCG00000014091,4.25745795998169,4.9495473644986
ENSSSCG00000036363,1.95940295449205,2.09945066583008
ENSSSCG00000014092,0.0866736428889641,-0.624943747829482
ENSSSCG00000014093,-1.45670196380968,0.51625090059353
ENSSSCG00000028512,7.01385995212296,6.66580731212467
ENSSSCG00000014094,5.21541552726595,5.23643247279447
ENSSSCG00000050058,-1.78143407576197,-1.28451287928067
ENSSSCG00000032994,5.63652690270746,5.61722059121868
ENSSSCG00000014097,4.48027645305758,4.01330633086429
ENSSSCG00000013897,3.46097984212366,3.34083015316952
ENSSSCG00000014000,2.05172648705434,1.79480357676921
ENSSSCG00000035985,5.10585739663894,5.02829497824047
ENSSSCG00000033444,0.689434225427014,-1.28451287928067
ENSSSCG00000039194,6.95871716721927,7.08421242408259
ENSSSCG00000013896,4.65863496142359,3.89632945781631
ENSSSCG00000032131,0.13571138072984,-2.85117878809169
ENSSSCG00000038604,8.56609573299493,7.02067459574653
ENSSSCG00000016928,2.98690447673027,2.32171709503593
ENSSSCG00000014083,1.75488470892769,2.31187448705517
ENSSSCG00000013622,5.42719380733997,5.40330789822753
ENSSSCG00000023658,2.86859760426546,2.92913977873282
ENSSSCG00000014084,5.1938699938379,5.03429323831529
ENSSSCG00000013620,3.36141768815191,3.12734568941579
ENSSSCG00000036310,4.24912544922369,4.25591271664972
ENSSSCG00000039659,3.80588715198576,3.56040081028268
ENSSSCG00000045953,4.29571906444649,4.32604815274097
ENSSSCG00000051837,4.31181107225069,3.93851870543183
ENSSSCG00000037146,3.15093553532168,3.47477537670041
ENSSSCG00000013618,-0.96807720485524,-1.40920704473941
ENSSSCG00000044084,3.91174070983612,3.7472788709232
ENSSSCG00000014100,6.36240914372261,5.94710365855002
ENSSSCG00000013625,4.30378750477533,4.18758518243603
ENSSSCG00000014066,1.13756809465378,-0.414234639036479
ENSSSCG00000030351,2.13849555630404,2.46182475270139
ENSSSCG00000014067,-0.313099436094831,-2.53471534769233
ENSSSCG00000014071,8.01510480557682,8.10856627139746
ENSSSCG00000033168,4.66073061401041,4.9011344098055
ENSSSCG00000014070,4.21530564497516,4.23523141903256
ENSSSCG00000014068,4.26574262125106,4.34306192035883
ENSSSCG00000013927,3.67929642676093,4.34788637011036
ENSSSCG00000028317,4.2266672308481,4.72876142191521
ENSSSCG00000049430,3.66683866522758,3.3837455426488
ENSSSCG00000034795,5.999824887944,5.61422034480329
ENSSSCG00000028536,6.22753781519511,6.1255631640774
ENSSSCG00000025839,7.40055293367795,7.75520946892698
ENSSSCG00000038535,4.33036099705535,4.05225373045946
ENSSSCG00000031590,0.985358817624548,1.64605858351007
ENSSSCG00000043957,6.36626675188113,6.22134444500347
ENSSSCG00000013627,8.20460029700926,7.40988852738687
ENSSSCG00000013616,4.37188602326707,4.53507951859307
ENSSSCG00000013615,5.08728013113364,4.95746056627677
ENSSSCG00000040919,1.60623101893403,-0.871778856036138
ENSSSCG00000013614,10.110962284542,10.3634234928724
ENSSSCG00000013613,6.13635563965619,6.26152853231757
ENSSSCG00000048276,-0.525404570246514,-2.53471534769233
ENSSSCG00000032282,2.26510581356419,1.44460584430091
ENSSSCG00000014108,0.13571138072984,-2.27533557831912
ENSSSCG00000013115,-0.686560683805019,-0.230414558288775
ENSSSCG00000013735,4.15116531784127,4.14664152576464
ENSSSCG00000061158,3.28739620076941,3.36006143138542
ENSSSCG00000057097,3.42690914917156,3.58103602582508
ENSSSCG00000061215,2.73971541326485,3.10472155298875
ENSSSCG00000048773,-0.313099436094831,1.03003110897365
ENSSSCG00000049971,0.183136955639335,0.372139121137058
ENSSSCG00000059883,-1.19180123640617,0.51625090059353
ENSSSCG00000059382,-1.07560684537938,-1.54570714867312
ENSSSCG00000061691,-0.525404570246514,-1.28451287928067
ENSSSCG00000058229,-1.19180123640617,0.481549931933635
ENSSSCG00000013753,5.02519676227631,4.73614022506195
ENSSSCG00000023739,-0.313099436094831,0.294298826806809
ENSSSCG00000058266,-2.20115708176131,-0.871778856036138
ENSSSCG00000051583,-0.686560683805019,-1.06343627958185
ENSSSCG00000055092,4.36932543273693,4.47460539424677
ENSSSCG00000060995,1.47899559533112,3.4024168103526
ENSSSCG00000054319,2.3712943946814,2.92268698172859
ENSSSCG00000042811,1.20804577791874,1.75176786229133
ENSSSCG00000056178,2.56275792947573,2.81531256473901
ENSSSCG00000049610,3.29820607603459,3.13852608806589
ENSSSCG00000044985,0.13571138072984,0.85130538708557
ENSSSCG00000053460,-0.686560683805019,-2.27533557831912
ENSSSCG00000055823,-1.31818014718968,0.169048095927475
ENSSSCG00000019671,-1.976085364955,-0.964427270899581
ENSSSCG00000013906,5.84900984804076,5.6537195660185
ENSSSCG00000040706,6.30394252075762,6.6380114632581
ENSSSCG00000013276,3.56757790427603,3.73628202580504
ENSSSCG00000013650,6.69856898435893,6.41192784016177
ENSSSCG00000033998,2.3297520885663,1.9036587274475
ENSSSCG00000040698,4.02344370410475,3.90944266068508
ENSSSCG00000013273,2.68310743737727,0.85130538708557
ENSSSCG00000035028,4.9293653848513,4.95271785559092
ENSSSCG00000029468,-0.248748603557596,0.212017947135459
ENSSSCG00000029059,7.60591983139226,7.64413415955469
ENSSSCG00000031274,1.16144525464261,0.823864935560437
ENSSSCG00000050458,4.07778014376273,2.63759586230106
ENSSSCG00000013145,5.03330707060819,2.32171709503593
ENSSSCG00000033703,4.82857792151252,2.20956873606394
ENSSSCG00000014039,3.18044883327868,3.34083015316952
ENSSSCG00000013147,3.55411241648467,1.8088681866303
ENSSSCG00000013148,0.438976972203651,-3.82416175559903
ENSSSCG00000031819,7.79117326340514,6.87704287344569
ENSSSCG00000014040,8.01960241975217,7.05390087942196
ENSSSCG00000013278,5.4815539138041,5.26604502852297
ENSSSCG00000014041,3.69982325149067,3.70654059047283
ENSSSCG00000031182,6.92249614492543,6.7429178914822
ENSSSCG00000036359,0.0359102671599988,-0.119711717242417
ENSSSCG00000014044,5.90311986039518,5.77240940266197
ENSSSCG00000031442,2.88303023659174,3.20916012966961
ENSSSCG00000037892,0.0866736428889641,-2.27533557831912
ENSSSCG00000014047,1.88964201598903,4.51805830563484
ENSSSCG00000014046,4.77734740531865,4.61529822109948
ENSSSCG00000033260,-1.07560684537938,-1.40920704473941
ENSSSCG00000022508,5.43945207577435,5.73330655309291
ENSSSCG00000012874,5.36171556486652,5.36455428623971
ENSSSCG00000035585,4.33036099705535,3.47477537670041
ENSSSCG00000014048,4.79462716891182,4.89290524774863
ENSSSCG00000037900,5.18661604767241,6.6954454679096
ENSSSCG00000031769,8.14932994573105,7.59450650453644
ENSSSCG00000014049,3.00681108817546,3.82891367424594
ENSSSCG00000014063,5.12419848477992,4.66253441976813
ENSSSCG00000014051,4.34085484135535,4.29640660302702
ENSSSCG00000014052,-0.6037335549306,0.333743892305565
ENSSSCG00000014053,-1.31818014718968,-0.481109027935221
ENSSSCG00000014055,-1.31818014718968,-0.551234614202225
ENSSSCG00000014056,5.61507256364194,5.93833382244725
ENSSSCG00000014057,5.98735498221357,5.9629135057341
ENSSSCG00000013181,7.74228776550707,7.08782180105534
ENSSSCG00000054091,5.77452179396242,6.136757331746
ENSSSCG00000012844,4.55202993354254,5.60316574980417
ENSSSCG00000029179,5.642901479744,5.66342767950857
ENSSSCG00000023379,5.26722479072991,4.40686896030259
ENSSSCG00000014058,4.19520499262753,4.2686895769555
ENSSSCG00000029985,5.04779171172921,4.89784837555117
ENSSSCG00000014060,6.75114708522263,6.71424871632056
ENSSSCG00000049665,-1.07560684537938,0.956127932608039
ENSSSCG00000032364,4.53613663328599,4.5705962703615
ENSSSCG00000013176,5.62154243164184,5.65079434725573
ENSSSCG00000012843,3.7280788200133,3.29159958611275
ENSSSCG00000013177,4.69385355143505,4.57882759907992
ENSSSCG00000013178,5.98233668323829,5.73053848586162
ENSSSCG00000012842,8.86835455545106,8.32724627318232
ENSSSCG00000014062,2.64973397156036,3.2249806386688
ENSSSCG00000029521,5.82678450871965,5.98630809850022
ENSSSCG00000014061,3.62021716865338,3.84947123326037
ENSSSCG00000012836,7.30831944783588,7.05316256487666
ENSSSCG00000029096,0.316720715261423,-1.40920704473941
ENSSSCG00000014112,2.02594564966019,2.7871721045049
ENSSSCG00000014113,3.90114359527128,3.98571329242528
ENSSSCG00000040088,0.784753030569422,-0.0169014492655093
ENSSSCG00000059180,3.22077869811913,2.56487093313837
ENSSSCG00000021176,1.36022556587904,0.333743892305565
ENSSSCG00000012940,5.00058863626033,5.27493821378838
ENSSSCG00000012939,5.09194692203948,4.9495473644986
ENSSSCG00000012950,3.64583365363513,3.39311138158518
ENSSSCG00000013174,8.13752819230873,8.34786288300069
ENSSSCG00000047415,2.45095392453259,2.36994739547508
ENSSSCG00000012835,-0.525404570246514,-0.871778856036138
ENSSSCG00000014114,5.54305705575252,6.2034888927659
ENSSSCG00000026098,-0.0167046405169091,1.67705978623095
ENSSSCG00000038364,4.93630207462315,5.05066100954908
ENSSSCG00000037847,5.30254933640218,5.18343871162562
ENSSSCG00000032911,2.82441264416951,1.63030453743178
ENSSSCG00000014116,4.12408143035106,4.65086957017807
ENSSSCG00000013263,4.63750928594988,4.22739885414628
ENSSSCG00000012871,-0.451110226541143,-2.85117878809169
ENSSSCG00000039556,5.0621323715976,4.65865660665415
ENSSSCG00000014117,4.4683616149422,2.20956873606394
ENSSSCG00000012847,7.26661646109863,6.90267986699353
ENSSSCG00000012846,6.25623277430183,6.22068705407119
ENSSSCG00000012845,1.13756809465378,0.823864935560437
ENSSSCG00000012943,4.73819043121227,4.77606253878755
ENSSSCG00000013473,1.57100848239729,0.79589242289581
ENSSSCG00000029279,5.80326316034439,5.96055304532066
ENSSSCG00000038304,6.26245599746205,6.48108043501374
ENSSSCG00000058325,6.81369611939351,7.00701432307229
ENSSSCG00000038008,6.2583101661783,6.6696659780628
ENSSSCG00000013448,6.21333041540932,6.77953445088846
ENSSSCG00000012934,4.09957245624403,4.35509292916844
ENSSSCG00000032085,5.21968628940701,5.347793567567
ENSSSCG00000040461,1.86076489630265,0.767366807455606
ENSSSCG00000012855,0.622199479864748,-0.78472289261437
ENSSSCG00000021597,0.844970737784426,0.0318806818288641
ENSSSCG00000032265,6.70315152166614,7.01386062727122
ENSSSCG00000060622,5.6085735503078,3.66461844735113
ENSSSCG00000028995,4.02994346964027,3.14408396275198
ENSSSCG00000032436,5.1211577835196,5.52970012088263
ENSSSCG00000038912,7.74673372920115,6.87202781799532
ENSSSCG00000014565,6.40491115921575,6.4689526004244
ENSSSCG00000013102,0.0866736428889641,-1.6964847871246
ENSSSCG00000051873,-0.774434225214997,-1.86487943217923
ENSSSCG00000013100,0.229053005082177,-0.0169014492655093
ENSSSCG00000034506,-0.0167046405169091,-0.702622497962026
ENSSSCG00000038067,-0.774434225214997,-1.28451287928067
ENSSSCG00000032591,4.06833886086946,4.24302168950023
ENSSSCG00000014119,6.93769890432986,6.86699526852199
ENSSSCG00000014121,5.95356514392522,6.03647859468548
ENSSSCG00000014123,4.8941726483828,4.28387392765433
ENSSSCG00000013118,4.0809135576596,4.13273128655751
ENSSSCG00000014124,-1.19180123640617,-1.06343627958185
ENSSSCG00000033780,4.55653890219201,5.20220875704886
ENSSSCG00000031117,2.58057768336524,2.24102933224071
ENSSSCG00000013119,4.97218238575621,4.96689946885965
ENSSSCG00000014126,3.38695974883797,3.25096862919518
ENSSSCG00000014127,3.48009354299061,3.12172282970965
ENSSSCG00000014128,0.183136955639335,2.56487093313837
ENSSSCG00000014129,4.05883538511989,3.64122775235665
ENSSSCG00000013490,5.70107739997005,5.75435377945145
ENSSSCG00000051760,0.273552666612953,0.481549931933635
ENSSSCG00000036095,-1.78143407576197,0.124759019246936
ENSSSCG00000027302,4.65022177640926,5.0372830421401
ENSSSCG00000035757,4.69385355143505,4.8862879538409
ENSSSCG00000024389,4.30378750477533,4.84080927699702
ENSSSCG00000013124,5.75405662602028,5.67499183577983
ENSSSCG00000025210,3.31958582976416,3.26633964668703
ENSSSCG00000012963,6.34165919480393,6.34533672306503
ENSSSCG00000013125,6.67180324880313,6.35495441677707
ENSSSCG00000013591,4.57443516201582,4.70827293498612
ENSSSCG00000014054,0.551677535663921,1.35158900457553
ENSSSCG00000053124,-1.78143407576197,0.583244978335558
ENSSSCG00000051369,1.53490444243865,1.51492905093733
ENSSSCG00000055755,-1.19180123640617,-1.28451287928067
ENSSSCG00000061630,1.57100848239729,-0.78472289261437
ENSSSCG00000054707,-0.686560683805019,-3.82416175559903
ENSSSCG00000052587,-0.071311274400066,0.678241186296717
ENSSSCG00000012969,6.19030348469843,6.1994908014711
ENSSSCG00000060025,5.77548912191863,3.31149385632478
ENSSSCG00000057683,4.28760524652537,4.25077011986144
ENSSSCG00000012970,1.77049457016102,1.79480357676921
ENSSSCG00000036220,6.47446906787099,6.28372840562647
ENSSSCG00000028612,8.82053465026908,7.57329218775895
ENSSSCG00000054089,0.273552666612953,1.44460584430091
ENSSSCG00000042189,0.273552666612953,0.85130538708557
ENSSSCG00000062596,-1.976085364955,-0.230414558288775
ENSSSCG00000012964,-1.07560684537938,-0.871778856036138
ENSSSCG00000012971,6.01628551683753,5.90353089793953
ENSSSCG00000012973,4.66699936862858,5.5061554763962
ENSSSCG00000012974,9.0178742420686,9.10624785152227
ENSSSCG00000028762,4.27123941593492,3.84265121000384
ENSSSCG00000040329,-0.380455165278715,-2.85117878809169
ENSSSCG00000014098,3.36141768815191,2.92268698172859
ENSSSCG00000061941,4.87082822536318,4.47239801062046
ENSSSCG00000013281,4.65232967670573,4.05520658198239
ENSSSCG00000012975,3.42690914917156,2.92913977873282
ENSSSCG00000013282,3.5129450340698,3.63334581301382
ENSSSCG00000057793,2.22034075006793,2.19892754442265
ENSSSCG00000021739,6.1888520248449,5.72127304853878
ENSSSCG00000013284,5.52706404705212,5.43652540074434
ENSSSCG00000013285,6.71075688517794,6.61267925972656
ENSSSCG00000024569,4.19809371766512,4.81316652678404
ENSSSCG00000037427,5.87451393815992,5.9133280976874
ENSSSCG00000032010,6.90138266165351,6.93309554982059
ENSSSCG00000031513,4.40975931685619,5.17938458935815
ENSSSCG00000027045,6.68060833601617,6.85983563803315
ENSSSCG00000023709,5.19531641653183,5.71288297077377
ENSSSCG00000030137,2.30852357224583,3.13852608806589
ENSSSCG00000029035,3.77526552432603,4.01026637030448
ENSSSCG00000013223,4.17775011141718,4.8796401680909
ENSSSCG00000013589,4.34607327790409,4.69129046740901
ENSSSCG00000040598,2.98690447673027,3.41166260325713
ENSSSCG00000013588,5.86818005941551,5.53393998682789
ENSSSCG00000012854,4.65653626027199,4.06988085757199
ENSSSCG00000013586,4.47075246769041,4.26103704735011
ENSSSCG00000013584,6.29114794829061,6.69355159359657
ENSSSCG00000013585,5.498056546694,5.48769501151789
ENSSSCG00000014556,6.00890146633993,6.25448028279177
ENSSSCG00000014557,5.70717363444949,6.11002797058959
ENSSSCG00000014558,5.59439110826013,5.87624041200233
ENSSSCG00000013579,1.67419673092923,-1.54570714867312
ENSSSCG00000013573,5.38978139589586,5.61522112036291
ENSSSCG00000013576,6.48278459992807,5.86618719728336
ENSSSCG00000014559,6.55947972002332,6.2975097647776
ENSSSCG00000031487,3.78298207960371,2.88335209564566
ENSSSCG00000036244,-1.31818014718968,-1.06343627958185
ENSSSCG00000014561,1.4598672457525,0.85130538708557
ENSSSCG00000012875,4.74610731022057,4.92069497271026
ENSSSCG00000025023,5.94842771049298,6.01464855449803
ENSSSCG00000034441,5.93636873882101,6.27235399974426
ENSSSCG00000012878,4.85992513752501,5.21678722000717
ENSSSCG00000012879,4.12104048211035,4.41608635552787
ENSSSCG00000036537,6.57345172651003,5.92467470454403
ENSSSCG00000012880,6.10898962920017,5.17938458935815
ENSSSCG00000034876,3.84327222703689,3.72890394973383
ENSSSCG00000013582,5.72631016675642,5.83731665974715
ENSSSCG00000037451,6.74375223030616,6.90390888606614
ENSSSCG00000054981,5.3745404838255,5.53922235676728
ENSSSCG00000013476,4.21530564497516,5.14653483109961
ENSSSCG00000024158,6.25415238679515,5.01773763720484
ENSSSCG00000013475,5.64077974877108,5.38112251892845
ENSSSCG00000012882,2.12641493269169,1.31263544737941
ENSSSCG00000013583,5.51900056359755,5.66729270679477
ENSSSCG00000013467,6.13484884776472,5.90107116699312
ENSSSCG00000022380,4.61390806913347,4.18758518243603
ENSSSCG00000013554,4.86538698135486,5.00404939490294
ENSSSCG00000013246,4.87805144051966,4.53507951859307
ENSSSCG00000013552,5.74716987851068,5.74524051601228
ENSSSCG00000013248,6.20760804729809,4.50083387288934
ENSSSCG00000013551,8.35647908176468,7.12623829766428
ENSSSCG00000013249,6.5442364004049,6.09575841752458
ENSSSCG00000013252,2.27608336519157,2.0048735807178
ENSSSCG00000023097,4.19809371766512,4.35029255848556
ENSSSCG00000013256,7.62482856680015,7.840265970023
ENSSSCG00000013257,6.50628251863798,6.29251358001261
ENSSSCG00000033452,1.13756809465378,-0.230414558288775
ENSSSCG00000013572,6.77310691026758,6.789321271224
ENSSSCG00000013258,3.28739620076941,3.0406111856635
ENSSSCG00000013262,5.77935196082041,6.19079007226016
ENSSSCG00000013260,8.03966995168045,8.02650200676772
ENSSSCG00000013259,7.25383211165473,6.89322244191543
ENSSSCG00000013570,4.31181107225069,4.3598773802293
ENSSSCG00000029236,5.05577633706471,5.35380191622885
ENSSSCG00000022066,4.46116519146152,4.62128802000242
ENSSSCG00000050591,-0.6037335549306,-0.551234614202225
ENSSSCG00000025078,5.87812085138081,5.89531543311557
ENSSSCG00000013569,3.57648557637632,3.50963771843793
ENSSSCG00000013568,5.72029442914765,6.26024959095985
ENSSSCG00000032557,1.97295929665426,4.81316652678404
ENSSSCG00000033759,1.83129794321605,1.31263544737941
ENSSSCG00000040421,6.70974515019399,6.58331893076625
ENSSSCG00000026169,5.42719380733997,5.64590576349124
ENSSSCG00000013481,6.08109446838804,6.17594515792604
ENSSSCG00000052588,-0.451110226541143,0.823864935560437
ENSSSCG00000056332,3.54959584587351,0.0318806818288641
ENSSSCG00000054768,1.20804577791874,0.124759019246936
ENSSSCG00000043447,2.05172648705434,0.647265633957376
ENSSSCG00000043766,2.57169531930446,2.46182475270139
ENSSSCG00000050951,2.75548937239974,1.21038560183454
ENSSSCG00000056149,0.438976972203651,-0.119711717242417
ENSSSCG00000038924,0.58736937234432,1.25215911194267
ENSSSCG00000013478,3.34065337130757,3.36482946075116
ENSSSCG00000059500,5.14829609910714,5.29256179449722
ENSSSCG00000058940,1.623524972916,1.82279700553437
ENSSSCG00000036792,2.4891927659918,1.96774514707322
ENSSSCG00000034545,2.41167389764734,2.42577286549425
ENSSSCG00000013471,2.47972765327197,1.9802277618688
ENSSSCG00000039774,1.9863894410033,2.40740335383752
ENSSSCG00000013469,1.72314896938536,2.5565593570002
ENSSSCG00000038635,2.58940569507994,2.8965832451145
ENSSSCG00000013155,6.79282784295997,6.51257355054717
ENSSSCG00000013468,4.73819043121227,4.86625198789248
ENSSSCG00000040937,5.11811065997627,4.44789123329679
ENSSSCG00000012841,5.73230092411965,5.73514898507128
ENSSSCG00000023933,4.70810908584026,4.50515929850194
ENSSSCG00000012840,6.97691282975803,7.90553018903417
ENSSSCG00000059584,5.10739475802572,5.06976833209942
ENSSSCG00000012838,3.39705128589786,3.09900964522632
ENSSSCG00000013513,2.24289690050099,1.10033230279389
ENSSSCG00000012837,7.842385326301,6.69780931999439
ENSSSCG00000013512,5.36042678017409,5.93913328682146
ENSSSCG00000013511,5.9881896709092,5.90189154336704
ENSSSCG00000013510,5.93982445693726,5.85182414526989
ENSSSCG00000013509,2.87583196824894,2.02910543258505
ENSSSCG00000013508,6.39864652357003,6.25576434657004
ENSSSCG00000013507,5.33440632176148,5.71755014760796
ENSSSCG00000013506,2.28697801836366,3.09327503299889
ENSSSCG00000013505,-0.774434225214997,-2.53471534769233
ENSSSCG00000013503,0.72191195620079,0.409538950709052
ENSSSCG00000013499,3.97710646081402,3.98571329242528
ENSSSCG00000013566,4.29841356141105,4.91582963909084
ENSSSCG00000040016,1.58872724014143,0.212017947135459
ENSSSCG00000033033,6.08967535703974,6.39512907115154
ENSSSCG00000012956,6.15059221479202,5.97075393054763
ENSSSCG00000013553,5.15276993206664,4.58292571865496
ENSSSCG00000029723,6.44983703290879,6.56012047166441
ENSSSCG00000013462,1.16144525464261,-0.35032329061541
ENSSSCG00000013461,-0.451110226541143,-1.06343627958185
ENSSSCG00000013460,8.8554899579906,8.32587148887439
ENSSSCG00000013457,5.64924801444397,5.72313090256076
ENSSSCG00000013453,5.38725239876187,5.37994536315709
ENSSSCG00000035812,0.551677535663921,1.16736637209713
ENSSSCG00000040157,7.93749949887574,7.61265994990666
ENSSSCG00000012853,4.87624902435434,4.11019211079662
ENSSSCG00000012852,1.06346985097485,1.37067834071865
ENSSSCG00000013455,3.28196073689979,4.21160498650596
ENSSSCG00000032366,4.57665666553655,4.56646292723879
ENSSSCG00000013498,-0.071311274400066,0.823864935560437
ENSSSCG00000013497,3.91174070983612,4.138311486972
ENSSSCG00000013496,3.30358079088575,3.7509259372459
ENSSSCG00000012850,4.82857792151252,5.23121983981787
ENSSSCG00000044406,5.24365133741398,5.01622311914729
ENSSSCG00000012848,6.63496992380746,6.02973903612609
ENSSSCG00000027127,6.88713336696223,6.6878550078942
ENSSSCG00000037337,-0.0167046405169091,-0.0673909604895641
ENSSSCG00000012942,-0.313099436094831,-1.86487943217923
ENSSSCG00000014030,2.49859618532626,2.17740676095809
ENSSSCG00000014031,6.72684888941654,6.84113813308526
ENSSSCG00000012941,0.0866736428889641,0.647265633957376
ENSSSCG00000039635,2.74762395114334,2.9031535920818
ENSSSCG00000014033,5.33177827675011,5.82006013170994
ENSSSCG00000014034,4.07463990953506,4.39526377978291
ENSSSCG00000038918,7.42418420433603,7.2347302707791
ENSSSCG00000014035,5.45039616434714,5.39050534647045
ENSSSCG00000038323,0.0866736428889641,-0.289123515071902
ENSSSCG00000014036,7.2559129607212,6.22528251238936
ENSSSCG00000014037,-0.868009231170092,-0.0673909604895641
ENSSSCG00000014038,5.93982445693726,6.51311055172752
ENSSSCG00000032642,5.8164823296396,5.85775567089141
ENSSSCG00000013444,6.78227940651499,6.9781330963953
ENSSSCG00000013445,6.60807249111543,6.42111307323914
ENSSSCG00000063429,-0.525404570246514,-1.6964847871246
ENSSSCG00000013446,6.30260105461343,6.47778294172737
ENSSSCG00000038810,1.77049457016102,2.24102933224071
ENSSSCG00000013442,6.32655864751102,6.40962236524799
ENSSSCG00000024672,5.05099086674281,5.36455428623971
ENSSSCG00000040793,7.93576988775477,7.5462623570924
ENSSSCG00000040624,5.91018358608904,6.26216757808207
ENSSSCG00000013440,2.63275319451676,2.25136556593904
ENSSSCG00000021891,5.97982097262823,5.33205373668319
ENSSSCG00000040416,6.77987124010666,6.94985234779479
ENSSSCG00000030415,4.90835292616724,4.36939894340719
ENSSSCG00000025675,11.3852706669683,10.6749501677706
ENSSSCG00000032170,6.19320203090387,5.72683944852764
ENSSSCG00000012944,2.12641493269169,2.8013109451847
ENSSSCG00000013495,4.77734740531865,4.37885807754393
ENSSSCG00000013494,3.19208715058532,3.13294671925228
ENSSSCG00000032429,1.27524029214877,1.58198313393422
ENSSSCG00000024242,5.45160706526987,5.06391606329236
ENSSSCG00000013492,3.74792783995943,3.83579879339546
ENSSSCG00000013491,5.92420812029285,6.18877473791552
ENSSSCG00000013464,6.39172385860702,6.61418176613727
ENSSSCG00000013463,4.24912544922369,4.31130350329433
ENSSSCG00000024570,6.81228283142924,6.2259378131215
ENSSSCG00000012957,8.09650954901012,7.98374713899951
ENSSSCG00000013517,3.59413760265918,2.94832678617514
ENSSSCG00000028015,0.316720715261423,0.51625090059353
ENSSSCG00000012959,3.69574118470893,2.16652477447692
ENSSSCG00000012960,7.5277046596074,6.49691292541053
ENSSSCG00000012961,7.205483953545,7.47693617481554
ENSSSCG00000027334,5.71425350209557,5.69500871003376
ENSSSCG00000035293,5.26033131704889,4.46575552277162
ENSSSCG00000038954,5.43823092533778,5.88290384577575
ENSSSCG00000024771,4.6794557485285,4.62327910601669
ENSSSCG00000026063,5.69188447409536,5.11150185555258
ENSSSCG00000034898,6.37075429655245,5.58182337324485
ENSSSCG00000034615,6.66972363026673,6.49691292541053
ENSSSCG00000035176,2.23166290725657,2.44391141993357
ENSSSCG00000038013,3.14495972721505,3.14962050828442
ENSSSCG00000033949,5.66185793618594,5.88207259771081
ENSSSCG00000022689,5.5396448759211,3.44356408236478
ENSSSCG00000026784,4.94836160120768,5.0958136768621
ENSSSCG00000022757,4.98729063289967,5.36455428623971
ENSSSCG00000028363,1.0885945093173,1.56550952137607
ENSSSCG00000026994,4.41473479340871,4.01936710234133
ENSSSCG00000012965,6.41301472775422,6.45616353987902
ENSSSCG00000013604,2.64973397156036,2.08796208222624
ENSSSCG00000012966,5.37070496475195,5.17803067964322
ENSSSCG00000040507,8.85148196753124,8.94027779929534
ENSSSCG00000024810,4.84525831401773,4.44339038221649
ENSSSCG00000060035,4.44909080170269,4.11019211079662
ENSSSCG00000013602,7.98865505247675,7.74610162622531
ENSSSCG00000013601,4.16304130144163,4.53930362780532
ENSSSCG00000013600,7.14127079145242,6.98666501194654
ENSSSCG00000013599,2.77883157464872,2.90969415186618
ENSSSCG00000013598,4.05883538511989,3.49231184990847
ENSSSCG00000013597,8.55289844838735,8.2171927294928
ENSSSCG00000041220,5.32650778106284,4.76167282931235
ENSSSCG00000032833,8.15825740105827,6.07917202756176
ENSSSCG00000013595,4.26022480317067,5.21678722000717
ENSSSCG00000013594,-0.6037335549306,-1.28451287928067
ENSSSCG00000013593,1.93190203123131,1.70740881248283
ENSSSCG00000013592,7.16324068319799,6.93590190029602
ENSSSCG00000029637,7.11285114146378,7.1894209357374
ENSSSCG00000022726,3.68754223658763,3.65686361034676
ENSSSCG00000024837,3.91525585396758,1.78060050223319
ENSSSCG00000012926,3.97710646081402,2.8222627439312
ENSSSCG00000039360,2.26510581356419,2.20956873606394
ENSSSCG00000012927,4.26849363650016,4.20630170597606
ENSSSCG00000029902,0.399364956748047,0.481549931933635
ENSSSCG00000038508,3.23772367198998,3.73995696235144
ENSSSCG00000033880,2.01288038415818,1.44460584430091
ENSSSCG00000039243,8.89808125942906,8.57006011506619
ENSSSCG00000036015,4.82110205462146,4.82359472465805
ENSSSCG00000039644,0.0359102671599988,-0.0673909604895641
ENSSSCG00000022370,-0.96807720485524,-0.871778856036138
ENSSSCG00000031459,6.30729073913247,6.69733685932913
ENSSSCG00000013545,0.930831724376776,0.294298826806809
ENSSSCG00000012889,4.88523867092674,5.19419433590397
ENSSSCG00000012890,5.28635310576143,5.22860644357064
ENSSSCG00000037455,5.61399142581396,5.74066220537511
ENSSSCG00000028501,6.30260105461343,6.4410041874071
ENSSSCG00000012893,4.02994346964027,5.2558138049587
ENSSSCG00000013546,0.515080245807192,0.212017947135459
ENSSSCG00000051897,5.71021211875823,4.9093168986526
ENSSSCG00000013550,5.90400471981378,6.17594515792604
ENSSSCG00000012884,6.83008298690687,6.87537312456821
ENSSSCG00000032785,1.58872724014143,1.78060050223319
ENSSSCG00000013538,7.5748629252587,7.319450280565
ENSSSCG00000012885,6.42292626718143,6.64439817326624
ENSSSCG00000012886,5.67228265917213,4.63319352456153
ENSSSCG00000012856,7.1378898457737,7.04575856345948
ENSSSCG00000013539,6.54310083261714,6.07190064623826
ENSSSCG00000024254,4.27944553770892,4.07279788632357
ENSSSCG00000038079,3.77912896115935,3.80805894242148
ENSSSCG00000023969,-0.248748603557596,-1.16974403207503
ENSSSCG00000013534,5.682632594575,5.98321065155403
ENSSSCG00000012857,5.63759129012053,4.99177207174354
ENSSSCG00000013536,0.273552666612953,1.31263544737941
ENSSSCG00000035403,7.19648378220717,7.26851800338318
ENSSSCG00000013533,6.54763775065881,6.43024019629904
ENSSSCG00000012862,5.0154038231113,4.79385016182077
ENSSSCG00000012859,5.10585739663894,4.5435154052219
ENSSSCG00000021181,4.64175924134234,4.01936710234133
ENSSSCG00000062960,2.64973397156036,2.99827857643353
ENSSSCG00000013532,7.01590782557784,7.30587790426524
ENSSSCG00000033043,5.80988788556403,6.36629277169863
ENSSSCG00000031764,3.92923140453305,3.7472788709232
ENSSSCG00000027307,5.11505708696343,5.31244289158375
ENSSSCG00000033413,1.77049457016102,0.372139121137058
ENSSSCG00000040968,5.07161422501322,5.35739495105277
ENSSSCG00000013527,-0.071311274400066,0.124759019246936
ENSSSCG00000027128,6.34296484679715,6.25383782207014
ENSSSCG00000059007,8.02713511125342,7.82823283578572
ENSSSCG00000030546,5.80894335666908,6.13187056749719
ENSSSCG00000013524,5.21826410629706,5.05361711945132
ENSSSCG00000013522,7.41490225797565,7.74633002445872
ENSSSCG00000012952,1.55306939928711,2.09945066583008
ENSSSCG00000012953,5.28091370311002,4.60122454762572
ENSSSCG00000013523,6.58839104215538,6.95855265386942
ENSSSCG00000057023,7.23531974921127,7.00853853417365
ENSSSCG00000042523,-0.187145967968861,-0.0169014492655093
ENSSSCG00000012955,5.99235588592894,5.94152902525393
ENSSSCG00000014007,4.20097667013157,2.84291461693407
ENSSSCG00000014008,1.64061407306523,-0.871778856036138
ENSSSCG00000014009,5.28770975804547,5.44780464594053
ENSSSCG00000049258,1.4598672457525,1.3322436929096
ENSSSCG00000014012,3.22644916538749,2.20956873606394
ENSSSCG00000014010,5.83608671201415,5.92386718546021
ENSSSCG00000014011,-1.19180123640617,-0.230414558288775
ENSSSCG00000057993,6.44193823689282,6.76202022589367
ENSSSCG00000055787,2.64973397156036,2.8013109451847
ENSSSCG00000014015,1.42083245509814,1.37067834071865
ENSSSCG00000014016,7.87004492841977,7.65341970921113
ENSSSCG00000014017,7.38034821837703,6.0936057589716
ENSSSCG00000028488,-0.071311274400066,-0.871778856036138
ENSSSCG00000014019,5.25756467832382,5.41829315531391
ENSSSCG00000014020,9.15148103143347,8.27580245443818
ENSSSCG00000063154,3.37679712473895,3.50100079312761
ENSSSCG00000014023,5.76091065555504,5.92305921413092
ENSSSCG00000024043,5.91458091598252,3.78334117662288
ENSSSCG00000052203,1.90386667628305,2.68411916779552
ENSSSCG00000027351,2.64126856623983,3.4614817017213
ENSSSCG00000029380,5.76967540128639,6.26344482103622
ENSSSCG00000028295,1.25318803729539,1.9802277618688
ENSSSCG00000053800,5.13026072834138,5.24550950563547
ENSSSCG00000014028,5.5855936432373,6.23703262492626
ENSSSCG00000014029,4.67531556037161,6.66096942108741
ENSSSCG00000013474,-0.774434225214997,-1.40920704473941
ENSSSCG00000037153,4.90128020948336,4.83050521400829
ENSSSCG00000063196,-1.78143407576197,-0.481109027935221
ENSSSCG00000057618,-0.380455165278715,0.0318806818288641
ENSSSCG00000044427,-1.78143407576197,-0.78472289261437
ENSSSCG00000055959,-1.19180123640617,-0.624943747829482
ENSSSCG00000061331,4.53841785250263,4.45461629104527
ENSSSCG00000055004,5.1996470039554,5.32228163564926
ENSSSCG00000056792,1.25318803729539,-0.0169014492655093
ENSSSCG00000053579,-0.96807720485524,-0.624943747829482
ENSSSCG00000062558,-1.31818014718968,-0.702622497962026
ENSSSCG00000055438,4.79843917096021,4.58087811400677
ENSSSCG00000057850,0.622199479864748,0.615610397484158
ENSSSCG00000052278,0.551677535663921,1.12302483629253
ENSSSCG00000060578,-0.96807720485524,-0.964427270899581
ENSSSCG00000029719,-0.6037335549306,-0.481109027935221
ENSSSCG00000061881,4.71215635638209,4.83909703575288
ENSSSCG00000014014,6.12273752056834,6.17458801507568
ENSSSCG00000014022,7.95958498498853,7.9771453613162
ENSSSCG00000021640,3.4170250288465,3.72148794745697
ENSSSCG00000012933,2.38149571811378,1.85025758473298
ENSSSCG00000012968,3.81344207065432,4.74713814699021
ENSSSCG00000047888,1.0885945093173,0.79589242289581
ENSSSCG00000029949,6.73780893369681,4.80266240186344
ENSSSCG00000063023,-1.45670196380968,-0.78472289261437
ENSSSCG00000038005,4.66908291501137,5.18073722967591
ENSSSCG00000052617,-0.071311274400066,-0.414234639036479
ENSSSCG00000049480,1.27524029214877,1.99260329927285
ENSSSCG00000042713,4.910115700849,4.3382212832415
ENSSSCG00000042777,1.16144525464261,0.124759019246936
ENSSSCG00000047820,-0.6037335549306,-0.0169014492655093
ENSSSCG00000051214,-1.45670196380968,-1.06343627958185
ENSSSCG00000049464,0.273552666612953,0.481549931933635
ENSSSCG00000018538,-0.868009231170092,-0.289123515071902
ENSSSCG00000027361,1.03789987789575,-0.481109027935221
ENSSSCG00000012978,2.34025034678746,2.29198550125994
ENSSSCG00000012980,4.84525831401773,4.69697353074055
ENSSSCG00000012981,6.3898300796977,6.47778294172737
ENSSSCG00000012982,4.58991432698507,4.5560774615087
ENSSSCG00000012983,7.02975680225624,7.14229525857244
ENSSSCG00000037531,5.14680173314099,4.71201982191071
ENSSSCG00000012986,0.229053005082177,0.294298826806809
ENSSSCG00000012988,7.23531974921127,7.69187413353091
ENSSSCG00000035604,3.04581876338901,4.06402904613183
ENSSSCG00000020737,3.92226055202717,4.06109421530442
ENSSSCG00000012985,6.92859648645922,6.36807492048316
ENSSSCG00000012984,6.78660400214733,6.31793806660558
ENSSSCG00000012994,0.183136955639335,-0.0169014492655093
ENSSSCG00000012995,7.10440739784614,6.61867991933835
ENSSSCG00000012996,3.52219539589792,3.4024168103526
ENSSSCG00000012997,2.80937840000644,2.66104503944852
ENSSSCG00000012999,7.09164839208713,6.93108766627941
ENSSSCG00000038112,0.399364956748047,0.615610397484158
ENSSSCG00000039740,7.74080272768563,6.55334865434577
ENSSSCG00000013001,5.32518714314715,5.3585906435283
ENSSSCG00000027057,6.92205941760277,6.8644723953031
ENSSSCG00000013004,5.71828359603034,6.74062686396072
ENSSSCG00000013005,6.50161345300499,6.13117110511574
ENSSSCG00000047012,-0.525404570246514,-0.702622497962026
ENSSSCG00000013007,5.39859813637721,4.91257694391658
ENSSSCG00000013008,1.94571802033876,0.647265633957376
ENSSSCG00000013010,3.75186508246608,4.59515069021558
ENSSSCG00000013011,2.58940569507994,2.63759586230106
ENSSSCG00000013012,3.44160950748466,3.70654059047283
ENSSSCG00000034387,4.91539113841395,4.80792402424402
ENSSSCG00000013015,-2.79553649653186,0.124759019246936
ENSSSCG00000013016,5.3038908506142,5.33812785687609
ENSSSCG00000023890,5.5373655976072,5.64100055838378
ENSSSCG00000013017,5.92158888387806,5.85944592287998
ENSSSCG00000013019,5.70311234171381,5.65858178866893
ENSSSCG00000013020,4.64387953334966,5.0958136768621
ENSSSCG00000062583,7.78374090478578,8.0933847127417
ENSSSCG00000013022,7.29590092900289,7.83189637249892
ENSSSCG00000013023,3.37679712473895,3.98261456680239
ENSSSCG00000013024,-0.686560683805019,-1.54570714867312
ENSSSCG00000028806,4.33823852752945,4.34547616188606
ENSSSCG00000013030,6.44376487815878,7.08493502224228
ENSSSCG00000013029,5.43456125999104,5.85436921442438
ENSSSCG00000013028,4.82110205462146,5.12421194834315
ENSSSCG00000013027,-0.525404570246514,0.930627626435109
ENSSSCG00000013031,1.91795245276096,2.57313489923399
ENSSSCG00000013032,6.24719601529726,6.04912360533687
ENSSSCG00000013034,5.58889898249473,6.56271657642229
ENSSSCG00000037999,4.56103382250096,5.06391606329236
ENSSSCG00000033757,6.6556072451131,6.07626787140192
ENSSSCG00000054506,6.12425700843305,6.17390896460109
ENSSSCG00000013038,4.16008145803367,4.33579486040362
ENSSSCG00000013039,4.68770065038934,4.35269474039829
ENSSSCG00000013040,3.22077869811913,2.05293699456738
ENSSSCG00000013041,1.23079346436338,0.904668467894398
ENSSSCG00000021620,7.4238757663205,8.29872010638199
ENSSSCG00000013043,3.80966955664192,3.90944266068508
ENSSSCG00000013046,6.57900286003561,6.78621447850007
ENSSSCG00000022687,5.14530581768219,5.0755969571521
ENSSSCG00000013049,2.27608336519157,2.5565593570002
ENSSSCG00000013050,5.70412873722908,5.99632911833498
ENSSSCG00000013048,4.33561746042181,4.66833166578833
ENSSSCG00000031666,3.20937045959201,3.36006143138542
ENSSSCG00000013052,6.83843859414305,6.83556717527032
ENSSSCG00000013054,6.47208437148029,6.61568270937837
ENSSSCG00000026914,5.8416393796689,5.45229176801991
ENSSSCG00000048856,7.76559940893515,8.98915386755466
ENSSSCG00000041050,2.12641493269169,1.3895183870631
ENSSSCG00000044913,-0.380455165278715,0.738265774167816
ENSSSCG00000057738,2.68310743737727,3.14408396275198
ENSSSCG00000056754,3.1568866930164,3.82891367424594
ENSSSCG00000060056,2.25404409223782,3.18240087297536
ENSSSCG00000012992,4.64175924134234,4.23262528609825
ENSSSCG00000013316,7.76827447950636,8.20644182286677
ENSSSCG00000024950,2.12641493269169,2.53133340228058
ENSSSCG00000013318,7.6170249932457,5.92790026853172
ENSSSCG00000013321,3.19208715058532,3.18779257833077
ENSSSCG00000013322,3.83957701418461,3.49666286288836
ENSSSCG00000026083,2.31917687589272,2.5565593570002
ENSSSCG00000013326,5.86727294530077,5.79731356103817
ENSSSCG00000063289,-1.60995061428548,-0.78472289261437
ENSSSCG00000060827,0.47753036411502,1.16736637209713
ENSSSCG00000014255,5.62691191236823,5.77509836143065
ENSSSCG00000030042,5.46366050159774,5.31367641023427
ENSSSCG00000021472,6.25137386195762,6.38342868298309
ENSSSCG00000027565,4.04606591171587,3.59327695279127
ENSSSCG00000023121,4.57665666553655,3.96702031038741
ENSSSCG00000039542,6.3390443405812,6.39396329321516
ENSSSCG00000027779,6.43827800138246,6.45783812163525
ENSSSCG00000029635,0.72191195620079,2.22013201354959
ENSSSCG00000013423,4.66282322687629,4.29890012631961
ENSSSCG00000037642,1.91795245276096,2.20956873606394
ENSSSCG00000013420,0.0866736428889641,-0.702622497962026
ENSSSCG00000013419,5.0022423011846,5.01470700950205
ENSSSCG00000013416,5.60313525187246,5.70350307589525
ENSSSCG00000029130,2.02594564966019,2.34120312316572
ENSSSCG00000013418,6.61565445860807,6.6091673141142
ENSSSCG00000013417,-0.187145967968861,-0.0673909604895641
ENSSSCG00000037432,5.11658468135943,5.67978300986121
ENSSSCG00000013421,8.33728174230973,8.24590702285966
ENSSSCG00000013425,2.54471531554339,2.69929941392765
ENSSSCG00000039575,5.20108764917854,5.54132990108207
ENSSSCG00000037102,6.2239990604479,6.33686832226518
ENSSSCG00000013111,0.0866736428889641,0.0790671408551012
ENSSSCG00000013113,8.2671456147455,5.6769102152066
ENSSSCG00000013110,5.4624596795659,5.64001751284128
ENSSSCG00000013107,6.60535495983766,6.62713835495129
ENSSSCG00000013106,-0.451110226541143,0.550136777985776
ENSSSCG00000013105,2.23166290725657,2.31187448705517
ENSSSCG00000013114,5.82023709398558,3.83579879339546
ENSSSCG00000039551,4.97218238575621,5.06244927923497
ENSSSCG00000039236,0.273552666612953,-0.119711717242417
ENSSSCG00000035693,5.27545371460337,5.80522802490009
ENSSSCG00000033442,2.70764046952107,3.88641573936135
ENSSSCG00000027907,8.51430583264209,8.21339771461395
ENSSSCG00000032810,-2.20115708176131,-0.289123515071902
ENSSSCG00000039640,5.70005885171724,6.0936057589716
ENSSSCG00000052718,4.73620440460341,4.84080927699702
ENSSSCG00000040083,2.74762395114334,2.66877749283263
ENSSSCG00000014003,5.40361218711919,5.55703910523884
ENSSSCG00000014004,5.73826690783978,5.71568508830354
ENSSSCG00000055196,-0.187145967968861,-0.481109027935221
ENSSSCG00000023178,1.06346985097485,0.823864935560437
ENSSSCG00000014088,6.87635326954543,6.76111630342779
ENSSSCG00000035355,2.87583196824894,3.85625916799006
ENSSSCG00000037582,5.03168865229825,3.48794767503683
ENSSSCG00000013056,0.273552666612953,-2.27533557831912
ENSSSCG00000013045,5.63332902065736,5.62419699694949
ENSSSCG00000030610,6.82214689592708,7.46671517873054
ENSSSCG00000040838,6.91856083148017,6.97968811145259
ENSSSCG00000013232,6.16247289762601,5.7259132053783
ENSSSCG00000013231,2.03889365526185,0.738265774167816
ENSSSCG00000013230,-0.451110226541143,-1.6964847871246
ENSSSCG00000032081,5.50623761016991,5.68265009537396
ENSSSCG00000013227,4.61390806913347,4.19027388372377
ENSSSCG00000013226,3.39705128589786,3.56869034806267
ENSSSCG00000013233,6.86048647983676,6.94548243982416
ENSSSCG00000013239,7.02854016721901,6.89734198581012
ENSSSCG00000013238,5.53622460666058,5.10439200651423
ENSSSCG00000013237,2.86132678081369,2.17740676095809
ENSSSCG00000013236,-1.60995061428548,4.7598639818861
ENSSSCG00000013241,5.18224610802368,5.23513107916288
ENSSSCG00000013242,4.88164953139426,4.79561692122977
ENSSSCG00000013243,1.64061407306523,1.94245115943691
ENSSSCG00000013244,5.27818629182259,7.01272183038119
ENSSSCG00000013245,6.33445691048924,6.56375371167544
ENSSSCG00000023974,5.33309289766878,5.43198889501237
ENSSSCG00000013266,6.55216044593401,4.77247854456633
ENSSSCG00000013267,4.21530564497516,4.03739812999795
ENSSSCG00000056689,1.88964201598903,1.3895183870631
ENSSSCG00000013269,5.26033131704889,4.80617228142469
ENSSSCG00000013270,5.75699805538979,6.38401596154991
ENSSSCG00000025647,5.53279620952376,4.78320392685906
ENSSSCG00000039500,-0.313099436094831,-0.0169014492655093
ENSSSCG00000024545,0.0359102671599988,-2.85117878809169
ENSSSCG00000022404,6.72033314525179,6.65902971300673
ENSSSCG00000028025,3.94651258611707,3.83236034113543
ENSSSCG00000026293,5.75307481536054,5.09867879127759
ENSSSCG00000022866,6.63763229045798,7.20179869573743
ENSSSCG00000038711,5.27545371460337,5.42743807938283
ENSSSCG00000032696,4.12408143035106,4.11019211079662
ENSSSCG00000020665,3.53138682335892,3.49666286288836
ENSSSCG00000025571,5.31590867260505,5.15756806843256
ENSSSCG00000037745,0.399364956748047,0.550136777985776
ENSSSCG00000035472,4.71417574184047,4.53930362780532
ENSSSCG00000028542,7.37205853591289,7.53334948217232
ENSSSCG00000020823,7.72486647472235,7.02293878552458
ENSSSCG00000032197,-0.868009231170092,-0.481109027935221
ENSSSCG00000024917,3.70389380075518,4.45685102861095
ENSSSCG00000023110,5.84625033314283,5.74706777987592
ENSSSCG00000038370,5.3834505712403,5.0958136768621
ENSSSCG00000027847,2.3712943946814,1.2726008670673
ENSSSCG00000058339,4.09957245624403,3.76542269970242
ENSSSCG00000028275,4.57887475358054,4.23262528609825
ENSSSCG00000030653,8.2635304497396,7.67805254662045
ENSSSCG00000020809,6.39550397499581,6.83685469161163
ENSSSCG00000033054,4.46596679346418,4.75442379209726
ENSSSCG00000013061,6.30461278636694,6.72355923048698
ENSSSCG00000013062,6.79235003806565,6.43251298329939
ENSSSCG00000013064,10.5565689872741,9.56753685144573
ENSSSCG00000013235,5.74618336833823,6.18473560370908
ENSSSCG00000013033,5.15276993206664,4.69886292122149
ENSSSCG00000033411,6.27276875064886,6.69875377740706
ENSSSCG00000013405,10.3140120577262,10.3250983149122
ENSSSCG00000020720,8.00730302011525,7.74106769519636
ENSSSCG00000029886,3.00020602359109,2.90969415186618
ENSSSCG00000036546,6.43888868588098,5.6301500394033
ENSSSCG00000022492,5.80421141415611,4.97471832009399
ENSSSCG00000013408,4.3329916227296,6.18338670874276
ENSSSCG00000019944,-1.45670196380968,-1.16974403207503
ENSSSCG00000013406,5.68675186763389,5.44555584052269
ENSSSCG00000032877,3.80209480468758,3.51822324496375
ENSSSCG00000014252,6.5379796874042,5.65858178866893
ENSSSCG00000058028,-3.22005278102631,-0.871778856036138
ENSSSCG00000036570,4.82484483043853,5.00862658791186
ENSSSCG00000061959,1.60623101893403,1.3322436929096
ENSSSCG00000052109,-0.868009231170092,0.0790671408551012
ENSSSCG00000014256,3.09624068973912,4.89620254742366
ENSSSCG00000014257,-0.774434225214997,-0.871778856036138
ENSSSCG00000014258,4.30914150482149,4.69508166262017
ENSSSCG00000013065,4.66491280882662,4.30883134414237
ENSSSCG00000013067,1.27524029214877,-1.28451287928067
ENSSSCG00000013066,3.93962493363013,3.16610379149013
ENSSSCG00000014540,10.9722313069156,10.782345054531
ENSSSCG00000023090,1.90386667628305,0.51625090059353
ENSSSCG00000026349,1.94571802033876,1.21038560183454
ENSSSCG00000035645,2.23166290725657,2.26162827184794
ENSSSCG00000052603,1.70701541088768,2.80832874093041
ENSSSCG00000012896,6.00313207280052,5.77330627923349
ENSSSCG00000032003,6.91285747143334,6.66532425241429
ENSSSCG00000060071,0.229053005082177,-0.414234639036479
ENSSSCG00000012902,6.67024381600573,5.47120785687323
ENSSSCG00000012903,5.2068358870404,6.07262943578306
ENSSSCG00000062981,3.09003348262316,3.20916012966961
ENSSSCG00000012905,4.00376683837186,3.8392290700897
ENSSSCG00000012920,6.33642473838364,5.99556073705348
ENSSSCG00000012909,0.753674621171028,1.05384751029812
ENSSSCG00000012910,4.65653626027199,4.52872007405245
ENSSSCG00000012911,1.87527570583285,2.47951838830822
ENSSSCG00000012912,0.273552666612953,1.23142354660134
ENSSSCG00000012913,5.98233668323829,5.62717658870484
ENSSSCG00000012914,3.85430141485533,3.98880537664164
ENSSSCG00000012915,1.83129794321605,1.99260329927285
ENSSSCG00000012916,5.38471896059265,5.20752707669586
ENSSSCG00000027956,5.54532736704253,5.50075040552738
ENSSSCG00000012917,4.61606966000102,4.54561669196661
ENSSSCG00000012918,6.3119652285484,6.31916689775996
ENSSSCG00000024189,6.65665765325433,5.20487036753822
ENSSSCG00000014343,8.28644463315682,8.49375605114966
ENSSSCG00000026606,7.44074268756389,7.39568916345762
ENSSSCG00000026423,1.01186851910195,2.41661734632623
ENSSSCG00000029239,0.438976972203651,-0.174001573015732
ENSSSCG00000014347,1.58872724014143,2.75847181319094
ENSSSCG00000014348,4.69998032258329,4.85951101693745
ENSSSCG00000014356,5.42842433183003,5.42857712978116
ENSSSCG00000014351,2.72376707845927,1.78060050223319
ENSSSCG00000014349,4.08716004251789,4.17134688947373
ENSSSCG00000036711,6.34100592542976,6.56582574810781
ENSSSCG00000029541,5.26584872854291,5.5756671080113
ENSSSCG00000021082,1.03789987789575,0.445993691080189
ENSSSCG00000050498,2.77883157464872,3.01050088731778
ENSSSCG00000057109,1.03789987789575,2.36042946327191
ENSSSCG00000052091,3.82095763271074,4.88794512498589
ENSSSCG00000037898,7.04025821491708,5.95503023866078
ENSSSCG00000054019,-0.0167046405169091,-0.289123515071902
ENSSSCG00000054557,4.11493928845344,4.61929418226102
ENSSSCG00000048979,3.2320974322928,3.4024168103526
ENSSSCG00000014259,4.60740379605084,3.87976854376592
ENSSSCG00000052907,5.5877980439522,1.18903632798696
ENSSSCG00000046269,-0.868009231170092,-2.53471534769233
ENSSSCG00000037358,8.67676028892518,8.47857623627331
ENSSSCG00000035393,4.54296949803801,3.94808194064584
ENSSSCG00000054840,0.438976972203651,-2.85117878809169
ENSSSCG00000042767,3.01338605067572,1.99260329927285
ENSSSCG00000013377,-0.451110226541143,-2.27533557831912
ENSSSCG00000013378,1.27524029214877,-1.28451287928067
ENSSSCG00000042162,0.753674621171028,-0.702622497962026
ENSSSCG00000013380,8.74933038113129,5.82006013170994
ENSSSCG00000025406,5.60313525187246,6.31116072203751
ENSSSCG00000013381,8.59501307532557,8.20178585959203
ENSSSCG00000018117,-0.96807720485524,-0.481109027935221
ENSSSCG00000013983,5.70005885171724,5.71848177388551
ENSSSCG00000048546,-2.46795088038493,0.169048095927475
ENSSSCG00000024671,4.64175924134234,5.57051674319295
ENSSSCG00000029870,0.551677535663921,-3.82416175559903
ENSSSCG00000013992,9.09970658204833,8.67696539220736
ENSSSCG00000013991,5.21826410629706,5.62320243062958
ENSSSCG00000029050,5.08883740603897,5.15344048620736
ENSSSCG00000013990,5.39230596753735,5.31982823284828
ENSSSCG00000013989,0.183136955639335,0.738265774167816
ENSSSCG00000013984,4.37444207714264,4.47460539424677
ENSSSCG00000052478,1.94571802033876,2.32171709503593
ENSSSCG00000013074,3.91174070983612,3.13294671925228
ENSSSCG00000013073,3.75186508246608,3.83579879339546
ENSSSCG00000013072,6.23177289487126,6.15131908651599
ENSSSCG00000024015,6.71932810601228,6.48382260039603
ENSSSCG00000063433,3.26001175181962,2.65327091878993
ENSSSCG00000027538,5.46005503283644,4.81665097477776
ENSSSCG00000013078,5.6836635160149,5.94789827922539
ENSSSCG00000021906,2.73176328344457,1.70740881248283
ENSSSCG00000013088,7.82870362577992,8.09553770089907
ENSSSCG00000050990,3.60723631482034,3.25611051968982
ENSSSCG00000013082,5.21256131263037,4.94795950229678
ENSSSCG00000013083,6.72684888941654,6.75522696202846
ENSSSCG00000013084,5.26171264937064,5.08284977909638
ENSSSCG00000037843,5.29177207720485,5.47892531547877
ENSSSCG00000013086,4.52006629399332,4.8796401680909
ENSSSCG00000013087,6.00807867849159,5.61121384603368
ENSSSCG00000013094,7.87907319590555,7.48927031021683
ENSSSCG00000013093,4.31713543332827,1.16736637209713
ENSSSCG00000013079,4.33823852752945,4.63910963561341
ENSSSCG00000036669,8.55416725710301,9.26969182571727
ENSSSCG00000050103,-0.071311274400066,0.169048095927475
ENSSSCG00000021675,-0.868009231170092,0.0790671408551012
ENSSSCG00000013786,4.77927763142993,4.47018724442896
ENSSSCG00000054846,1.40091172062405,1.9036587274475
ENSSSCG00000013778,4.63111078580486,4.84934013300141
ENSSSCG00000031299,6.89872161714519,6.47171789246677
ENSSSCG00000013784,6.87680405217137,8.14817109379784
ENSSSCG00000032842,5.06371701444658,5.50938882547415
ENSSSCG00000013782,2.65814999344391,1.61437655810064
ENSSSCG00000013779,7.40462266604683,7.55828036314489
ENSSSCG00000013776,4.44666374966992,4.22477852083292
ENSSSCG00000013775,6.6914115344571,6.9565799137382
ENSSSCG00000026421,0.551677535663921,0.124759019246936
ENSSSCG00000029125,6.48692446107751,6.65708739347086
ENSSSCG00000040026,-1.78143407576197,-0.624943747829482
ENSSSCG00000023647,-0.525404570246514,1.00581493118192
ENSSSCG00000054759,4.01363881748623,3.81504406924068
ENSSSCG00000014327,5.90577281216022,6.00932937262905
ENSSSCG00000014326,2.53560868035451,-0.702622497962026
ENSSSCG00000014325,3.73605122845562,3.9638811293773
ENSSSCG00000051455,0.784753030569422,1.73713253770228
ENSSSCG00000021092,5.50740255558884,5.51154037267572
ENSSSCG00000014331,6.11587995081581,6.40094387235832
ENSSSCG00000014335,4.11799311054219,4.96218773686444
ENSSSCG00000014336,3.71603698882729,5.06830748898315
ENSSSCG00000014337,6.77359112989272,6.67159144774069
ENSSSCG00000014338,7.39929839515312,7.62090454779527
ENSSSCG00000027997,2.16235749758156,3.42542113285521
ENSSSCG00000014329,1.27524029214877,1.12302483629253
ENSSSCG00000014214,3.78298207960371,2.49699765045707
ENSSSCG00000014215,4.32508531169335,4.38591194894517
ENSSSCG00000029866,4.03318240403036,3.68382510911523
ENSSSCG00000013042,1.25318803729539,2.34120312316572
ENSSSCG00000043175,3.92923140453305,4.46575552277162
ENSSSCG00000026837,-0.525404570246514,-0.702622497962026
ENSSSCG00000029095,-0.96807720485524,-0.624943747829482
ENSSSCG00000029549,0.316720715261423,0.294298826806809
ENSSSCG00000026212,-0.451110226541143,-0.119711717242417
ENSSSCG00000023669,-0.774434225214997,-0.174001573015732
ENSSSCG00000027032,0.656208489639131,1.58198313393422
ENSSSCG00000025513,-0.96807720485524,-0.289123515071902
ENSSSCG00000013063,4.7696005716592,4.68558492879445
ENSSSCG00000013890,1.78593734007211,-3.82416175559903
ENSSSCG00000013889,8.66035834024607,8.20511308020766
ENSSSCG00000013888,2.12641493269169,1.8088681866303
ENSSSCG00000013887,0.551677535663921,-1.86487943217923
ENSSSCG00000013886,2.64973397156036,2.01704038155276
ENSSSCG00000013885,2.02594564966019,1.3895183870631
ENSSSCG00000013884,4.72222513584158,5.1820886029746
ENSSSCG00000053735,5.86727294530077,5.64001751284128
ENSSSCG00000013883,3.09003348262316,3.26633964668703
ENSSSCG00000013878,5.66290380476798,5.33812785687609
ENSSSCG00000013879,7.32294960532287,5.82957675512829
ENSSSCG00000040328,-0.248748603557596,-3.82416175559903
ENSSSCG00000059815,5.17052780659373,2.12215696247678
ENSSSCG00000036568,6.22329026668888,4.92554395364835
ENSSSCG00000033453,5.01867552772342,2.82917960111973
ENSSSCG00000041467,0.183136955639335,0.51625090059353
ENSSSCG00000037025,5.88351436914053,4.84934013300141
ENSSSCG00000038440,5.0589578546501,4.62526744788878
ENSSSCG00000039330,5.17346631733677,4.9239294368481
ENSSSCG00000031251,5.26722479072991,5.5061554763962
ENSSSCG00000039295,4.08404018078784,4.36226366882995
ENSSSCG00000031877,3.85063437944186,4.01936710234133
ENSSSCG00000037099,-1.60995061428548,-0.481109027935221
ENSSSCG00000031073,5.96208708671437,5.82179510267549
ENSSSCG00000036575,1.75488470892769,1.29275702200006
ENSSSCG00000013873,6.94545552651984,5.9597653661667
ENSSSCG00000013874,5.05577633706471,4.5705962703615
ENSSSCG00000013875,4.2739799794474,4.03440856491599
ENSSSCG00000013876,7.12124575331801,7.54547508568626
ENSSSCG00000036584,3.58533858691494,3.8392290700897
ENSSSCG00000013869,4.69589870083503,2.95466616546181
ENSSSCG00000013868,-1.19180123640617,-1.06343627958185
ENSSSCG00000013867,6.075607209294,6.21277490868918
ENSSSCG00000013864,3.72006211070162,5.00862658791186
ENSSSCG00000013863,7.01590782557784,7.08890285563472
ENSSSCG00000029710,2.98020742906681,2.86999847748965
ENSSSCG00000014079,-1.31818014718968,0.79589242289581
ENSSSCG00000014080,7.31764669805496,6.54023590621906
ENSSSCG00000013018,6.15654478594414,6.62216881252188
ENSSSCG00000013298,4.43201506340047,4.49866628722901
ENSSSCG00000013299,4.76376302489435,4.5705962703615
ENSSSCG00000013300,6.54310083261714,5.66052209867394
ENSSSCG00000022741,6.74028828343481,6.34533672306503
ENSSSCG00000014447,0.689434225427014,-0.289123515071902
ENSSSCG00000014443,6.12197717607618,6.85221592446137
ENSSSCG00000014448,1.31835862021284,2.34120312316572
ENSSSCG00000014450,4.64811079178396,5.18748147330721
ENSSSCG00000033262,7.68320773580518,7.08385098923536
ENSSSCG00000054578,8.95405005919457,8.74985680200701
ENSSSCG00000032731,6.03579352361428,5.94392079191933
ENSSSCG00000045414,0.316720715261423,0.333743892305565
ENSSSCG00000060733,2.80937840000644,3.0286423715673
ENSSSCG00000013437,5.51089175844609,5.66439490750112
ENSSSCG00000013436,4.80034140148673,4.81839004793703
ENSSSCG00000013435,6.46969572678901,6.29188783859524
ENSSSCG00000021750,5.7273103554448,5.97699573545625
ENSSSCG00000013434,2.31917687589272,2.28193723327874
ENSSSCG00000056068,-2.20115708176131,0.708565629647667
ENSSSCG00000013433,5.6085735503078,3.49666286288836
ENSSSCG00000026387,3.23772367198998,3.7509259372459
ENSSSCG00000024379,0.930831724376776,0.678241186296717
ENSSSCG00000022265,4.85444253730434,4.9590380114504
ENSSSCG00000023329,1.70701541088768,2.60572537283493
ENSSSCG00000033169,8.76719010152903,8.33014430052744
ENSSSCG00000013427,6.07246223663398,6.04318681569338
ENSSSCG00000023142,3.83215807275418,4.5890511532462
ENSSSCG00000024144,5.37836583289947,5.96762287188313
ENSSSCG00000013426,6.31462958087746,6.79153631986769
ENSSSCG00000038701,0.47753036411502,0.583244978335558
ENSSSCG00000056515,5.30254933640218,5.02829497824047
ENSSSCG00000053466,8.37797411938014,8.84228915067936
ENSSSCG00000013432,5.79470071168777,5.42287286329206
ENSSSCG00000035532,6.75114708522263,6.80036266143153
ENSSSCG00000034339,4.4826476578462,4.35509292916844
ENSSSCG00000013429,6.67076381425141,6.4788829438031
ENSSSCG00000024052,6.86230868424713,6.81785498045898
ENSSSCG00000042865,1.47899559533112,0.79589242289581
ENSSSCG00000039815,4.79080506780207,4.89949232825537
ENSSSCG00000051737,-1.45670196380968,0.372139121137058
ENSSSCG00000052398,1.69069938953273,1.99260329927285
ENSSSCG00000040185,5.29851729291031,5.1820886029746
ENSSSCG00000033323,4.3329916227296,4.40223808444598
ENSSSCG00000035762,5.12419848477992,5.37286218661485
ENSSSCG00000040863,3.2320974322928,3.27142714031653
ENSSSCG00000027984,0.316720715261423,-1.28451287928067
ENSSSCG00000010428,-0.96807720485524,1.05384751029812
ENSSSCG00000010429,4.2266672308481,6.0446733050152
ENSSSCG00000034973,5.85451309335253,6.43364803552299
ENSSSCG00000056553,0.844970737784426,0.904668467894398
ENSSSCG00000029088,4.66073061401041,5.07268558814864
ENSSSCG00000010416,3.92226055202717,3.9638811293773
ENSSSCG00000029576,4.62897163062413,5.80698091392924
ENSSSCG00000010787,-2.20115708176131,-0.871778856036138
ENSSSCG00000010446,0.438976972203651,0.930627626435109
ENSSSCG00000010447,11.5959466464604,10.9649907307923
ENSSSCG00000010780,4.35386571031806,4.37885807754393
ENSSSCG00000010779,-0.071311274400066,1.03003110897365
ENSSSCG00000053907,-0.187145967968861,-1.16974403207503
ENSSSCG00000010448,2.12641493269169,1.69231410194732
ENSSSCG00000010450,8.22138032124779,7.79968559361985
ENSSSCG00000010449,2.66651720471281,3.55623811122485
ENSSSCG00000010451,4.79462716891182,4.54561669196661
ENSSSCG00000010426,-3.82416175559903,0.550136777985776
ENSSSCG00000053385,-1.60995061428548,2.05293699456738
ENSSSCG00000010433,5.26584872854291,5.46011080587883
ENSSSCG00000010435,4.72623305365658,4.37649910198119
ENSSSCG00000010437,4.86538698135486,4.8796401680909
ENSSSCG00000062685,5.76967540128639,5.58591300389048
ENSSSCG00000010440,6.6167343513639,6.54444496680345
ENSSSCG00000023141,2.80937840000644,1.8772052214074
ENSSSCG00000031373,-2.79553649653186,-0.551234614202225
ENSSSCG00000010445,2.54471531554339,0.647265633957376
ENSSSCG00000010430,6.1888520248449,6.40615723020013
ENSSSCG00000045184,0.358634535634919,0.124759019246936
ENSSSCG00000044941,-1.78143407576197,-0.0673909604895641
ENSSSCG00000032475,3.32488162722013,3.69143674538927
ENSSSCG00000009702,4.0524647763966,4.19831005265196
ENSSSCG00000031537,3.55411241648467,3.39777159849472
ENSSSCG00000009699,0.399364956748047,1.07727712061465
ENSSSCG00000059603,-1.31818014718968,0.0790671408551012
ENSSSCG00000032048,1.57100848239729,5.20087610814675
ENSSSCG00000030118,3.72006211070162,4.19027388372377
ENSSSCG00000009704,5.78800571706302,5.74524051601228
ENSSSCG00000009705,6.1646896744868,6.01388987103624
ENSSSCG00000022383,0.622199479864748,-0.230414558288775
ENSSSCG00000028699,4.0809135576596,3.57281732362671
ENSSSCG00000034740,0.815176045257344,-3.82416175559903
ENSSSCG00000026044,6.89427560651968,6.0936057589716
ENSSSCG00000023666,6.6603280707036,6.38342868298309
ENSSSCG00000009708,-0.248748603557596,-3.82416175559903
ENSSSCG00000009711,4.99727560906856,5.31982823284828
ENSSSCG00000009713,6.89070890655356,6.81044664376375
ENSSSCG00000009657,6.15357157041036,6.08279402095725
ENSSSCG00000009658,7.24687419195578,6.6807024979962
ENSSSCG00000009659,-0.96807720485524,-1.86487943217923
ENSSSCG00000030130,7.41645340203449,6.14924781289382
ENSSSCG00000009662,-0.96807720485524,1.3895183870631
ENSSSCG00000033325,4.39220876525379,4.26359240337733
ENSSSCG00000009664,6.53112309274532,6.43817933532236
ENSSSCG00000009666,7.54425827111766,5.25067085495084
ENSSSCG00000009667,-0.774434225214997,-2.05555929136582
ENSSSCG00000009668,11.5932404445648,10.4202130654225
ENSSSCG00000020846,8.22722519902471,6.56789481289459
ENSSSCG00000024972,5.5577506163342,5.1409864083489
ENSSSCG00000009670,0.273552666612953,-0.481109027935221
ENSSSCG00000009671,1.69069938953273,-1.40920704473941
ENSSSCG00000009672,6.7288478278109,4.49214392126479
ENSSSCG00000009674,4.60740379605084,4.74348148056684
ENSSSCG00000009676,5.83144310769255,6.02372177162696
ENSSSCG00000058717,1.27524029214877,1.23142354660134
ENSSSCG00000052939,4.46596679346418,3.71029197340014
ENSSSCG00000009679,3.85795915304224,3.90944266068508
ENSSSCG00000009680,6.02200265191847,5.67882604711436
ENSSSCG00000009681,4.01035565776863,3.98571329242528
ENSSSCG00000009682,2.36102042350312,2.50565850261184
ENSSSCG00000009683,6.14760669367645,5.80873167576484
ENSSSCG00000009684,3.87249806869344,3.60541489159843
ENSSSCG00000060564,-0.187145967968861,0.583244978335558
ENSSSCG00000009691,-0.451110226541143,0.481549931933635
ENSSSCG00000031889,7.52971261699268,5.47892531547877
ENSSSCG00000028713,-0.451110226541143,-3.82416175559903
ENSSSCG00000056245,2.15047586045883,3.0286423715673
ENSSSCG00000058977,-0.313099436094831,0.212017947135459
ENSSSCG00000057597,5.79851251967709,6.07044196175539
ENSSSCG00000042705,-0.525404570246514,0.212017947135459
ENSSSCG00000062054,0.551677535663921,0.0318806818288641
ENSSSCG00000046589,2.80937840000644,2.01704038155276
ENSSSCG00000058445,-0.313099436094831,-1.86487943217923
ENSSSCG00000043271,1.06346985097485,0.124759019246936
ENSSSCG00000048264,-0.0167046405169091,-0.702622497962026
ENSSSCG00000044295,1.23079346436338,1.23142354660134
ENSSSCG00000009866,0.273552666612953,0.678241186296717
ENSSSCG00000009868,4.24074453303866,4.23783285264826
ENSSSCG00000034386,8.57875784104657,9.06555013289161
ENSSSCG00000030222,5.81554210966275,5.75616954441185
ENSSSCG00000009821,6.87545128152049,6.49528311559171
ENSSSCG00000009820,4.7302298680067,4.5539913667619
ENSSSCG00000009822,3.64583365363513,3.26123414910473
ENSSSCG00000009823,6.10206624137265,6.34714493126685
ENSSSCG00000009824,2.80937840000644,3.20916012966961
ENSSSCG00000009825,4.70405042932197,5.96683904429988
ENSSSCG00000009826,5.9189648835465,5.91088502804578
ENSSSCG00000009827,2.22034075006793,2.3887969274946
ENSSSCG00000010189,5.01212468214923,4.82532545270496
ENSSSCG00000009872,5.97393386506908,5.86786760549496
ENSSSCG00000009844,8.42404187914549,8.13357736883785
ENSSSCG00000009845,2.02594564966019,1.25215911194267
ENSSSCG00000010190,4.31713543332827,-2.53471534769233
ENSSSCG00000009849,6.36305279514839,6.38753462144988
ENSSSCG00000009850,5.92246249115247,4.49214392126479
ENSSSCG00000010210,1.67419673092923,0.708565629647667
ENSSSCG00000009851,7.92032803716059,8.05130087639135
ENSSSCG00000009852,7.64508127913896,5.44104768629077
ENSSSCG00000010211,7.86187089782802,6.94667554621063
ENSSSCG00000009853,6.66137504853333,6.3798999823697
ENSSSCG00000009854,2.82441264416951,2.58952216140678
ENSSSCG00000009855,1.0885945093173,-1.86487943217923
ENSSSCG00000009881,6.57066812937576,5.85775567089141
ENSSSCG00000046640,1.72314896938536,2.0048735807178
ENSSSCG00000024081,4.18067396324146,3.7939864025381
ENSSSCG00000010226,6.33117122087424,6.54286800778807
ENSSSCG00000036476,6.73283741479976,7.22427372773792
ENSSSCG00000010203,8.60620218425271,8.45263621015809
ENSSSCG00000030289,6.94244401584452,6.57716905768034
ENSSSCG00000010204,2.92548154303131,2.9031535920818
ENSSSCG00000039130,10.3443571664949,9.71847269072312
ENSSSCG00000039215,1.58872724014143,0.708565629647667
ENSSSCG00000010209,3.03293303855187,3.78689831996086
ENSSSCG00000023776,3.1568866930164,1.10033230279389
ENSSSCG00000036039,5.31989246911045,4.93198401326023
ENSSSCG00000009873,4.52237304559854,5.93593276776045
ENSSSCG00000009874,4.02669724728887,6.11073775674798
ENSSSCG00000009875,4.56775005300148,5.17396131023383
ENSSSCG00000009876,6.10283714946184,6.46618199781572
ENSSSCG00000024418,5.29582298985735,6.51203634940936
ENSSSCG00000031589,2.02594564966019,2.66104503944852
ENSSSCG00000028345,4.910115700849,5.09437898308959
ENSSSCG00000034479,4.83044085090812,4.64304027448696
ENSSSCG00000010196,4.35127290662356,4.24819193089915
ENSSSCG00000009877,6.39676181597491,6.47668210030036
ENSSSCG00000009879,6.10975684760179,6.36272185608188
ENSSSCG00000023596,2.73971541326485,2.09945066583008
ENSSSCG00000037204,5.18224610802368,5.53605525631129
ENSSSCG00000010198,5.14080874213337,5.1603132438677
ENSSSCG00000009880,4.14519046341781,3.99189084785926
ENSSSCG00000010199,1.0885945093173,1.03003110897365
ENSSSCG00000010200,4.40226377999428,4.15767395027535
ENSSSCG00000010201,2.1974263314248,1.07727712061465
ENSSSCG00000009856,5.60095417951715,3.37903972325696
ENSSSCG00000009858,6.87770519509032,6.71050762119278
ENSSSCG00000009859,1.80121655797197,3.2815486205146
ENSSSCG00000009860,3.96019002095856,4.04929482275839
ENSSSCG00000023525,2.70764046952107,0.823864935560437
ENSSSCG00000033268,4.44666374966992,4.40455538044212
ENSSSCG00000009862,2.56275792947573,2.44391141993357
ENSSSCG00000010219,4.72623305365658,4.35269474039829
ENSSSCG00000035873,5.09504975034944,5.06830748898315
ENSSSCG00000039707,0.656208489639131,-0.289123515071902
ENSSSCG00000010221,3.36141768815191,2.95466616546181
ENSSSCG00000009864,6.20258228823707,6.63209083792059
ENSSSCG00000010222,1.01186851910195,0.930627626435109
ENSSSCG00000010224,2.38149571811378,1.72234722316666
ENSSSCG00000009865,4.84525831401773,5.16442123764544
ENSSSCG00000036480,0.551677535663921,-2.27533557831912
ENSSSCG00000009828,7.29724863672142,7.479136631055
ENSSSCG00000031360,2.72376707845927,2.64545467936437
ENSSSCG00000053231,1.40091172062405,0.708565629647667
ENSSSCG00000054886,1.72314896938536,0.930627626435109
ENSSSCG00000061698,-0.96807720485524,-0.174001573015732
ENSSSCG00000056882,-0.774434225214997,0.124759019246936
ENSSSCG00000045125,-0.96807720485524,-0.871778856036138
ENSSSCG00000061632,0.316720715261423,0.0790671408551012
ENSSSCG00000062855,-1.45670196380968,0.124759019246936
ENSSSCG00000059919,-0.525404570246514,0.409538950709052
ENSSSCG00000050213,3.12688233693705,3.10472155298875
ENSSSCG00000009831,5.6929088078168,7.06163045528999
ENSSSCG00000009832,3.24891075232122,4.01633989926814
ENSSSCG00000009833,4.75594270375035,5.02829497824047
ENSSSCG00000009834,6.82495285677921,7.19645917792849
ENSSSCG00000040595,5.21541552726595,5.17938458935815
ENSSSCG00000009836,4.77734740531865,5.08574072923909
ENSSSCG00000009839,4.06517798633305,2.75120663352335
ENSSSCG00000009840,6.88623809573272,6.05577342139652
ENSSSCG00000059472,2.1858311792755,2.53979115791429
ENSSSCG00000009842,4.45875838434298,5.12982513398175
ENSSSCG00000010109,4.75201658885609,4.65282027324832
ENSSSCG00000034656,1.91795245276096,1.16736637209713
ENSSSCG00000010116,8.0412794462513,6.28561545175924
ENSSSCG00000010117,-0.774434225214997,-0.35032329061541
ENSSSCG00000062065,0.930831724376776,-2.85117878809169
ENSSSCG00000010138,4.78120527848248,4.78320392685906
ENSSSCG00000010139,-0.380455165278715,-1.16974403207503
ENSSSCG00000010141,0.13571138072984,-2.85117878809169
ENSSSCG00000010188,4.85809991816693,5.05213982164083
ENSSSCG00000033787,3.89046806473539,4.03141279196531
ENSSSCG00000032073,3.7868249346286,3.21445293239965
ENSSSCG00000038132,7.38034821837703,7.85113807307209
ENSSSCG00000038765,2.90441202540823,3.2406295410238
ENSSSCG00000010179,4.80792534096778,4.59108719892407
ENSSSCG00000010180,5.46964966485848,4.6893911272279
ENSSSCG00000010181,6.56116352293492,5.07705044142739
ENSSSCG00000010184,2.83187141988282,2.68411916779552
ENSSSCG00000010183,5.64184100430376,5.41599783805787
ENSSSCG00000009791,7.06578679089464,7.50177048419925
ENSSSCG00000021027,2.50793871030225,1.78060050223319
ENSSSCG00000009792,5.47323126467531,5.71007540015439
ENSSSCG00000010185,7.66087182703699,7.07150801507318
ENSSSCG00000010186,3.40707272351487,3.4614817017213
ENSSSCG00000010187,5.04618947000397,4.9590380114504
ENSSSCG00000010128,5.67746690819516,5.66825734788469
ENSSSCG00000009793,6.80708889823148,7.36537795094867
ENSSSCG00000028005,4.01035565776863,3.95758220097463
ENSSSCG00000009799,5.5844901784916,5.29506196617508
ENSSSCG00000037762,4.09027317203002,4.04632983398618
ENSSSCG00000010130,4.41224920002048,4.69886292122149
ENSSSCG00000009796,7.18269507708372,7.26788176499425
ENSSSCG00000010131,4.09337959831602,3.88972788725591
ENSSSCG00000057840,-0.313099436094831,1.91670578029932
ENSSSCG00000009794,6.57511931045335,6.77416806934284
ENSSSCG00000009801,4.66908291501137,4.48996323003244
ENSSSCG00000009802,3.39705128589786,3.54367745980086
ENSSSCG00000010132,7.07209897135836,6.83685469161163
ENSSSCG00000036483,5.70717363444949,5.53393998682789
ENSSSCG00000060069,4.79271738408291,4.39293149909293
ENSSSCG00000049371,-0.248748603557596,-1.06343627958185
ENSSSCG00000036280,7.82333473361671,7.59425275807819
ENSSSCG00000010114,4.58330072513487,4.47680940564299
ENSSSCG00000010133,5.47442315809282,5.80610473563688
ENSSSCG00000010134,5.24225259485008,5.14791860904114
ENSSSCG00000051618,6.29250010129113,6.61067348061354
ENSSSCG00000009807,4.35127290662356,5.05213982164083
ENSSSCG00000009808,3.05221872192619,2.88998283840744
ENSSSCG00000010135,6.09433441884877,6.37281658247077
ENSSSCG00000009809,5.80041465355763,5.15344048620736
ENSSSCG00000034510,5.75012536803968,5.04918068006851
ENSSSCG00000010136,5.48628824540059,5.6537195660185
ENSSSCG00000045641,0.622199479864748,-0.0169014492655093
ENSSSCG00000052847,0.753674621171028,0.79589242289581
ENSSSCG00000038308,6.15877068336283,6.26535856778187
ENSSSCG00000037811,4.6353796041241,4.69508166262017
ENSSSCG00000010160,5.57674220250872,5.61121384603368
ENSSSCG00000010161,3.54506509105138,3.20384783775857
ENSSSCG00000010162,3.75186508246608,2.15556008292513
ENSSSCG00000009814,6.20904076861806,6.50070867003545
ENSSSCG00000010163,6.34882570209833,5.64688480634271
ENSSSCG00000009815,8.13338409619857,7.89773744642405
ENSSSCG00000010164,5.34617363871415,5.89860723515138
ENSSSCG00000051205,5.64819219558045,5.03877562376105
ENSSSCG00000009817,2.973479148401,3.98880537664164
ENSSSCG00000009818,5.92420812029285,6.16436854471474
ENSSSCG00000010118,6.1742565408855,6.22397101729669
ENSSSCG00000034014,4.94492629620376,5.02528647014623
ENSSSCG00000009798,7.44043776976906,7.68759882891394
ENSSSCG00000046470,-1.60995061428548,0.124759019246936
ENSSSCG00000040740,5.32386529521647,5.2088535989099
ENSSSCG00000052153,4.61390806913347,5.06976833209942
ENSSSCG00000044582,-2.79553649653186,-0.78472289261437
ENSSSCG00000010121,5.80421141415611,5.83560026585064
ENSSSCG00000061530,-0.774434225214997,-0.78472289261437
ENSSSCG00000053471,3.16281340283161,4.49432132126936
ENSSSCG00000047016,-0.451110226541143,-2.85117878809169
ENSSSCG00000061477,1.40091172062405,2.18820728069852
ENSSSCG00000058305,-1.45670196380968,-1.28451287928067
ENSSSCG00000063011,7.07603010550195,7.00281442020822
ENSSSCG00000052310,3.51757762897685,3.62938863615046
ENSSSCG00000029803,4.57443516201582,4.92715666566598
ENSSSCG00000010122,3.38188738520723,3.75819252703796
ENSSSCG00000010170,0.72191195620079,0.0318806818288641
ENSSSCG00000010171,5.00883807095558,4.68558492879445
ENSSSCG00000010172,5.61074314266536,5.55286668107533
ENSSSCG00000040087,3.65847332354346,3.74362256161478
ENSSSCG00000010175,5.5877980439522,5.41254800042788
ENSSSCG00000010176,3.13293333695807,2.48828449091058
ENSSSCG00000036472,2.58940569507994,2.34120312316572
ENSSSCG00000038652,0.13571138072984,0.708565629647667
ENSSSCG00000010092,7.03380485833284,7.25573961673987
ENSSSCG00000010094,4.83415950847949,4.26359240337733
ENSSSCG00000010095,6.41425740046424,6.61967760720321
ENSSSCG00000010096,4.07463990953506,4.14387018686345
ENSSSCG00000010097,6.06615164883462,6.12204709886044
ENSSSCG00000031713,3.41205745805196,3.77261681843486
ENSSSCG00000010258,3.59413760265918,3.44356408236478
ENSSSCG00000010259,5.91018358608904,4.65476834228662
ENSSSCG00000010260,7.72336338618771,6.89445954068488
ENSSSCG00000010327,4.9822721096957,5.10010921757055
ENSSSCG00000039544,10.030493355636,9.4923897807152
ENSSSCG00000035600,1.1132890985785,0.124759019246936
ENSSSCG00000010235,4.55653890219201,5.1409864083489
ENSSSCG00000038913,5.0810341673325,5.29005728253173
ENSSSCG00000010241,2.56275792947573,3.35047783641302
ENSSSCG00000010243,6.35854119308253,6.46173793661024
ENSSSCG00000010245,6.31462958087746,5.85182414526989
ENSSSCG00000010246,6.43888868588098,4.89949232825537
ENSSSCG00000010247,6.61835267639678,6.43930993998302
ENSSSCG00000010248,4.5632760418306,4.52019697202262
ENSSSCG00000028559,1.9863894410033,2.82917960111973
ENSSSCG00000031694,3.74792783995943,2.20956873606394
ENSSSCG00000023374,3.69574118470893,2.7942588453812
ENSSSCG00000009589,3.80966955664192,1.8088681866303
ENSSSCG00000010250,6.14910022651584,5.88456490644528
ENSSSCG00000010251,3.53138682335892,3.78689831996086
ENSSSCG00000009605,1.03789987789575,1.23142354660134
ENSSSCG00000010252,4.82484483043853,3.4024168103526
ENSSSCG00000010253,6.9869696395943,7.05758679515619
ENSSSCG00000009580,4.2739799794474,-0.964427270899581
ENSSSCG00000039841,-0.451110226541143,-1.54570714867312
ENSSSCG00000021161,4.61606966000102,3.69900843346431
ENSSSCG00000028033,5.5577506163342,5.41714595316496
ENSSSCG00000010254,0.316720715261423,-1.54570714867312
ENSSSCG00000036152,5.49453612490598,5.02076191189901
ENSSSCG00000009584,5.55549978627335,5.18882654694905
ENSSSCG00000010256,2.01288038415818,2.20956873606394
ENSSSCG00000035249,6.33380037093741,4.49866628722901
ENSSSCG00000009591,4.45634755530598,4.63516825840664
ENSSSCG00000009592,5.09814591967378,7.40295119758514
ENSSSCG00000010278,4.8173495436804,5.38933582479625
ENSSSCG00000038545,-0.96807720485524,-2.05555929136582
ENSSSCG00000010280,4.14818098370005,3.56455153299002
ENSSSCG00000010281,9.64866450915274,9.32395399329458
ENSSSCG00000009630,-1.976085364955,-0.702622497962026
ENSSSCG00000009631,4.63963582860906,2.39813013632454
ENSSSCG00000009638,4.49913785561178,4.83566644473442
ENSSSCG00000023662,4.38208317888707,4.03440856491599
ENSSSCG00000010283,5.50273711924548,5.1409864083489
ENSSSCG00000009633,4.26849363650016,4.38356448850424
ENSSSCG00000058071,4.84893902233177,5.05361711945132
ENSSSCG00000023130,5.63546172943387,5.47452039550892
ENSSSCG00000033113,5.4588512047986,5.31859996510395
ENSSSCG00000039915,4.6794557485285,4.42524523437298
ENSSSCG00000061761,6.10360764583416,5.76701640285638
ENSSSCG00000033608,5.11199703712157,4.08151375048664
ENSSSCG00000031871,6.12729119146903,5.84586813193984
ENSSSCG00000031888,6.71580494472349,8.18233517843906
ENSSSCG00000010288,5.70412873722908,5.20220875704886
ENSSSCG00000010289,6.03417789377131,6.0312394389894
ENSSSCG00000033037,4.01035565776863,4.42296095995685
ENSSSCG00000031924,1.29696053674266,1.67705978623095
ENSSSCG00000009642,3.21508585528298,2.17740676095809
ENSSSCG00000010290,5.90223445792575,5.70350307589525
ENSSSCG00000009644,4.9839468912139,4.5705962703615
ENSSSCG00000010292,6.63443686038962,7.07369387452711
ENSSSCG00000033301,4.31447570902625,3.89961894959634
ENSSSCG00000052117,3.98716192566061,4.61729758517607
ENSSSCG00000025492,4.58991432698507,4.61729758517607
ENSSSCG00000010295,3.83957701418461,3.93210781488979
ENSSSCG00000026898,4.71417574184047,4.74531097230522
ENSSSCG00000010100,4.3064669884574,4.47460539424677
ENSSSCG00000023482,5.04939217599572,5.22336540580085
ENSSSCG00000010101,4.3064669884574,4.08729521014085
ENSSSCG00000010298,7.30597818251923,7.66385546545176
ENSSSCG00000009645,0.183136955639335,0.212017947135459
ENSSSCG00000009646,0.784753030569422,-3.25715427767274
ENSSSCG00000010299,6.38730116797822,6.35315597627104
ENSSSCG00000010102,5.02844635883866,4.99638832032183
ENSSSCG00000052017,-0.187145967968861,-1.54570714867312
ENSSSCG00000010300,3.79448007211224,4.51805830563484
ENSSSCG00000010301,6.25345825710301,6.63110170046354
ENSSSCG00000009648,2.08955398431033,-2.85117878809169
ENSSSCG00000010104,2.36102042350312,2.70683005586903
ENSSSCG00000010105,6.12121643064787,6.38518980197844
ENSSSCG00000009650,3.68754223658763,3.36482946075116
ENSSSCG00000010106,4.37699361041059,4.36939894340719
ENSSSCG00000010302,6.21547046527307,6.43930993998302
ENSSSCG00000010107,6.08031185087114,6.03797200837202
ENSSSCG00000009593,3.38188738520723,3.56040081028268
ENSSSCG00000009594,5.74519618313172,5.40446615262494
ENSSSCG00000010108,4.65653626027199,4.73981552237143
ENSSSCG00000010142,3.74397982295811,2.77289332642005
ENSSSCG00000010304,0.784753030569422,-0.174001573015732
ENSSSCG00000010303,0.229053005082177,0.0318806818288641
ENSSSCG00000009595,0.58736937234432,0.372139121137058
ENSSSCG00000051966,0.656208489639131,0.79589242289581
ENSSSCG00000010306,6.96636190100707,6.40731320021047
ENSSSCG00000033204,0.689434225427014,-1.54570714867312
ENSSSCG00000040631,4.48501497173124,3.59733428976383
ENSSSCG00000009601,0.515080245807192,-1.16974403207503
ENSSSCG00000028694,6.32787803112669,6.02070370171788
ENSSSCG00000010143,4.71417574184047,5.09724694531504
ENSSSCG00000010144,-0.0167046405169091,-1.54570714867312
ENSSSCG00000030228,-0.187145967968861,1.25215911194267
ENSSSCG00000032622,4.60305126555482,4.52019697202262
ENSSSCG00000057024,4.48737840746095,4.14940755127925
ENSSSCG00000010145,4.77927763142993,5.08140212872823
ENSSSCG00000010146,5.74716987851068,5.55599712994176
ENSSSCG00000009626,5.73329696958958,5.88705291704886
ENSSSCG00000009625,2.36102042350312,2.65327091878993
ENSSSCG00000009627,4.14519046341781,4.24560912629743
ENSSSCG00000025986,2.06444617595092,1.95515358576145
ENSSSCG00000009628,7.41210598901029,7.31113692378748
ENSSSCG00000010148,4.56551478173682,2.74390468232849
ENSSSCG00000009629,4.25745795998169,3.95442239354423
ENSSSCG00000038853,4.86538698135486,4.54771492263576
ENSSSCG00000026819,6.69805891387389,6.17186989336792
ENSSSCG00000057206,1.55306939928711,-1.86487943217923
ENSSSCG00000057404,-0.868009231170092,-0.624943747829482
ENSSSCG00000042510,-1.45670196380968,-0.624943747829482
ENSSSCG00000045477,4.04285580484531,4.85782084125562
ENSSSCG00000010151,4.70810908584026,5.03578891472655
ENSSSCG00000061246,-0.380455165278715,-0.964427270899581
ENSSSCG00000035523,5.57563194419441,6.48217792669784
ENSSSCG00000010308,4.1088121830748,4.38356448850424
ENSSSCG00000010309,7.30463860874513,7.11460807955238
ENSSSCG00000010310,5.43456125999104,5.75071537919199
ENSSSCG00000010311,5.96802263592547,6.71658198397457
ENSSSCG00000033307,1.38071206478968,0.550136777985776
ENSSSCG00000033692,5.85999542595801,5.58489168255374
ENSSSCG00000034844,4.44179736203252,4.2533437096518
ENSSSCG00000010312,4.07463990953506,5.9824352496107
ENSSSCG00000031680,5.07003823741589,5.20220875704886
ENSSSCG00000060488,5.72330543349625,6.08207034937564
ENSSSCG00000010313,8.7393257120092,9.27816777136765
ENSSSCG00000055425,4.69589870083503,4.5560774615087
ENSSSCG00000010158,7.1378898457737,7.21142648757883
ENSSSCG00000026176,2.71572630700603,3.9224377454893
ENSSSCG00000041667,3.23772367198998,3.16063026235243
ENSSSCG00000010174,4.1835919013962,4.14109351412293
ENSSSCG00000010089,0.438976972203651,-1.54570714867312
ENSSSCG00000048933,0.551677535663921,1.99260329927285
ENSSSCG00000053027,-0.451110226541143,0.372139121137058
ENSSSCG00000041594,-0.313099436094831,-0.414234639036479
ENSSSCG00000054443,5.11352787336289,5.73146176517888
ENSSSCG00000056045,-1.976085364955,-0.702622497962026
ENSSSCG00000046111,-0.96807720485524,-1.86487943217923
ENSSSCG00000050944,-0.313099436094831,1.82279700553437
ENSSSCG00000055355,-1.60995061428548,-0.78472289261437
ENSSSCG00000043646,1.03789987789575,0.294298826806809
ENSSSCG00000044112,1.18493366366352,0.550136777985776
ENSSSCG00000062278,-0.6037335549306,0.0318806818288641
ENSSSCG00000059534,-0.451110226541143,-0.289123515071902
ENSSSCG00000057250,-1.45670196380968,-0.551234614202225
ENSSSCG00000057341,0.229053005082177,0.956127932608039
ENSSSCG00000044783,-1.07560684537938,-0.414234639036479
ENSSSCG00000051194,1.97295929665426,2.36042946327191
ENSSSCG00000061668,1.81633565189514,1.03003110897365
ENSSSCG00000061097,1.623524972916,0.583244978335558
ENSSSCG00000010314,6.48928477328997,6.59857988938643
ENSSSCG00000010315,4.68358408933102,4.05225373045946
ENSSSCG00000019775,-1.45670196380968,-0.481109027935221
ENSSSCG00000010703,7.83265913515966,7.2415514182728
ENSSSCG00000010316,5.39230596753735,5.75435377945145
ENSSSCG00000010702,7.35014990782462,6.57408426231368
ENSSSCG00000010317,4.40226377999428,3.60138024815194
ENSSSCG00000010728,8.36453712025959,7.661677475017
ENSSSCG00000010319,4.43935799874297,4.66059681610517
ENSSSCG00000035105,-1.31818014718968,-0.289123515071902
ENSSSCG00000040586,4.34346641910837,4.12712941865
ENSSSCG00000010320,7.1197230889247,7.11990616784017
ENSSSCG00000024388,6.40803330534984,6.11711016673969
ENSSSCG00000037237,3.9971477895836,4.00110786487859
ENSSSCG00000010765,6.33576909394098,6.41307919750418
ENSSSCG00000010322,5.65661719006181,5.5434343711057
ENSSSCG00000034308,0.874162537149699,0.124759019246936
ENSSSCG00000010719,3.43672601243127,4.30138934729478
ENSSSCG00000058782,2.12641493269169,2.90969415186618
ENSSSCG00000010325,6.32721849014535,7.77549428839525
ENSSSCG00000023865,3.05859041486596,3.31149385632478
ENSSSCG00000010721,2.64126856623983,1.9036587274475
ENSSSCG00000023565,4.41224920002048,4.70827293498612
ENSSSCG00000010723,5.2561793668333,5.05213982164083
ENSSSCG00000010726,6.03579352361428,6.19815563840447
ENSSSCG00000010768,8.81642822348068,9.75195823975756
ENSSSCG00000039199,4.40226377999428,4.6092834499602
ENSSSCG00000056661,2.34025034678746,2.85652010228678
ENSSSCG00000010770,6.82728699580833,7.55149988275099
ENSSSCG00000024633,2.40168448112881,2.93556384253476
ENSSSCG00000026268,7.553874533443,6.48491800882333
ENSSSCG00000010762,-0.6037335549306,-0.551234614202225
ENSSSCG00000054537,1.40091172062405,1.548845627756
ENSSSCG00000042315,2.80180211518241,2.53979115791429
ENSSSCG00000061445,-0.6037335549306,-0.0673909604895641
ENSSSCG00000056964,0.13571138072984,0.708565629647667
ENSSSCG00000057211,1.36022556587904,0.372139121137058
ENSSSCG00000044237,1.72314896938536,1.05384751029812
ENSSSCG00000053796,1.67419673092923,0.0790671408551012
ENSSSCG00000059909,1.13756809465378,1.92963589847684
ENSSSCG00000010761,0.358634535634919,-0.551234614202225
ENSSSCG00000010764,5.94671115920423,5.93753391480702
ENSSSCG00000023681,4.13316600447482,4.7670858037005
ENSSSCG00000029482,4.56998186635638,5.12702127110816
ENSSSCG00000037530,6.90315396840695,7.27613105848269
ENSSSCG00000010701,1.623524972916,-1.28451287928067
ENSSSCG00000010756,4.98561973078247,5.45117129519752
ENSSSCG00000010757,0.622199479864748,0.169048095927475
ENSSSCG00000040426,3.85795915304224,2.83606345429926
ENSSSCG00000010759,5.74716987851068,5.844161887754
ENSSSCG00000010755,5.26584872854291,4.96533060070222
ENSSSCG00000026302,2.86132678081369,0.930627626435109
ENSSSCG00000010753,6.22045160421942,1.31263544737941
ENSSSCG00000055799,13.4769510537919,10.4867592937762
ENSSSCG00000002980,1.47899559533112,-1.16974403207503
ENSSSCG00000002978,-3.82416175559903,-0.702622497962026
ENSSSCG00000010734,6.93033471381658,7.89999757239543
ENSSSCG00000010735,5.50039873113161,5.4866017103815
ENSSSCG00000010732,5.79470071168777,5.34899724078999
ENSSSCG00000035045,6.07403557994093,5.83216133983232
ENSSSCG00000010772,0.930831724376776,1.48019588742595
ENSSSCG00000010773,6.96424242404235,6.93148946660905
ENSSSCG00000041880,0.399364956748047,-0.174001573015732
ENSSSCG00000048391,2.12641493269169,1.83659263049607
ENSSSCG00000010044,-2.46795088038493,-0.551234614202225
ENSSSCG00000010774,4.31713543332827,4.23001443683658
ENSSSCG00000033363,-1.31818014718968,0.51625090059353
ENSSSCG00000034701,0.316720715261423,-3.82416175559903
ENSSSCG00000010791,4.50147828664791,4.35509292916844
ENSSSCG00000038086,7.31864247903715,7.48243103526327
ENSSSCG00000009966,2.59818001558324,2.14451141952173
ENSSSCG00000009951,5.93809763257327,7.26342022251153
ENSSSCG00000033385,6.39801856123681,5.84159873186458
ENSSSCG00000009954,-1.07560684537938,-0.174001573015732
ENSSSCG00000010057,0.874162537149699,0.372139121137058
ENSSSCG00000010746,5.41731164375235,5.56431193646517
ENSSSCG00000010699,5.17052780659373,5.108662119179
ENSSSCG00000010700,4.48973797772101,4.49866628722901
ENSSSCG00000042700,1.84610665102851,2.14451141952173
ENSSSCG00000062115,-1.45670196380968,0.333743892305565
ENSSSCG00000053237,-0.128066380263549,-0.0169014492655093
ENSSSCG00000027988,3.48483266148308,4.11586000268243
ENSSSCG00000045438,-0.686560683805019,-0.35032329061541
ENSSSCG00000053690,-0.313099436094831,0.445993691080189
ENSSSCG00000010056,4.9500761910517,4.11586000268243
ENSSSCG00000048831,-0.071311274400066,-0.624943747829482
ENSSSCG00000010055,4.11799311054219,4.30883134414237
ENSSSCG00000025393,5.76091065555504,6.12204709886044
ENSSSCG00000009999,5.10431839526487,4.88296788999898
ENSSSCG00000010002,7.22968410850213,7.25670193160763
ENSSSCG00000056371,6.29722268173173,6.72726667698447
ENSSSCG00000010005,5.20970144004725,5.7342280631979
ENSSSCG00000010006,2.77109272783156,3.33598200946115
ENSSSCG00000010007,3.38695974883797,4.28387392765433
ENSSSCG00000060999,5.94671115920423,6.02673354101265
ENSSSCG00000038709,3.43672601243127,4.17677998695833
ENSSSCG00000010062,6.75114708522263,6.81568000414487
ENSSSCG00000057266,4.78889021334941,4.32604815274097
ENSSSCG00000035836,3.81344207065432,3.19316420856271
ENSSSCG00000010025,5.87631852198533,5.98785433172109
ENSSSCG00000010026,5.57563194419441,5.4866017103815
ENSSSCG00000010027,6.06298597332343,6.39571160705486
ENSSSCG00000010029,5.23804821192958,5.3000493486593
ENSSSCG00000010030,4.84156819118935,5.02227167518048
ENSSSCG00000009957,-0.6037335549306,-2.85117878809169
ENSSSCG00000009958,0.438976972203651,5.42743807938283
ENSSSCG00000009959,2.31917687589272,2.71432159307234
ENSSSCG00000009960,5.0525877878967,5.00404939490294
ENSSSCG00000050530,0.815176045257344,0.904668467894398
ENSSSCG00000009962,5.82585098103411,5.80435078107135
ENSSSCG00000009963,5.37836583289947,4.94318540286659
ENSSSCG00000010009,1.80121655797197,2.04107042155791
ENSSSCG00000010010,6.37075429655245,6.41767546029045
ENSSSCG00000010011,7.8962951422047,7.55045389764994
ENSSSCG00000010012,1.81633565189514,2.27181848867676
ENSSSCG00000033833,5.0668810880132,5.07122769749239
ENSSSCG00000010015,1.44048186623276,1.82279700553437
ENSSSCG00000010016,6.48100673067756,6.30000138376268
ENSSSCG00000020912,2.66651720471281,2.67646872321373
ENSSSCG00000010464,4.5108022266219,3.0286423715673
ENSSSCG00000010465,6.77697612429525,6.95736933352299
ENSSSCG00000010017,9.05788050825498,9.70155167279145
ENSSSCG00000010528,5.57452083079784,5.40793534688404
ENSSSCG00000010529,-0.0167046405169091,-0.119711717242417
ENSSSCG00000040359,-0.071311274400066,-0.230414558288775
ENSSSCG00000010530,1.80121655797197,1.18903632798696
ENSSSCG00000029781,6.74819369017459,5.85182414526989
ENSSSCG00000030345,3.85795915304224,4.31869466461643
ENSSSCG00000010513,2.58940569507994,3.78689831996086
ENSSSCG00000010023,2.67483616828021,3.9224377454893
ENSSSCG00000010507,-0.774434225214997,-1.40920704473941
ENSSSCG00000010508,7.7985675287676,7.34259686936916
ENSSSCG00000010509,5.75110918728245,5.24680157510061
ENSSSCG00000010476,7.49519134186234,6.85179142473055
ENSSSCG00000009956,6.93163701132955,7.52512001611413
ENSSSCG00000010533,3.44647652775207,3.99804206402155
ENSSSCG00000010534,5.0621323715976,4.89620254742366
ENSSSCG00000010535,3.18044883327868,3.73628202580504
ENSSSCG00000010536,-0.380455165278715,-0.0169014492655093
ENSSSCG00000010467,5.21826410629706,5.40214871318906
ENSSSCG00000010468,2.91849250426136,2.72177442956269
ENSSSCG00000039887,6.24998259024576,5.89778498852295
ENSSSCG00000010470,5.70412873722908,5.24550950563547
ENSSSCG00000010471,2.34025034678746,1.12302483629253
ENSSSCG00000036314,1.27524029214877,0.333743892305565
ENSSSCG00000010473,3.43672601243127,3.48357025840186
ENSSSCG00000061268,4.53841785250263,3.39311138158518
ENSSSCG00000010454,5.35784575175671,5.62915956994754
ENSSSCG00000010456,4.01691452263613,4.04929482275839
ENSSSCG00000031346,6.77262252806658,3.26123414910473
ENSSSCG00000039261,3.04581876338901,2.63759586230106
ENSSSCG00000010457,2.69950905799353,2.51426767165911
ENSSSCG00000009967,6.43399595655893,6.2259378131215
ENSSSCG00000010459,2.11423229533454,4.64500158530316
ENSSSCG00000010531,2.39162541398217,2.94195942788852
ENSSSCG00000010532,0.753674621171028,0.583244978335558
ENSSSCG00000010512,1.81633565189514,1.10033230279389
ENSSSCG00000037185,4.02669724728887,3.58920817305299
ENSSSCG00000010514,5.64819219558045,5.50938882547415
ENSSSCG00000010517,5.91458091598252,5.71101186423649
ENSSSCG00000010518,4.91714533952582,5.05951122969912
ENSSSCG00000010519,4.88702989783632,4.90277462445624
ENSSSCG00000010520,5.82771743273607,6.16026040068024
ENSSSCG00000010521,4.62038314979313,4.24302168950023
ENSSSCG00000010522,0.753674621171028,0.445993691080189
ENSSSCG00000010523,4.69589870083503,4.64304027448696
ENSSSCG00000036954,4.60740379605084,4.73245554093362
ENSSSCG00000010525,4.11799311054219,3.94490123394478
ENSSSCG00000036824,4.26022480317067,3.29659893164535
ENSSSCG00000009968,5.72430770674661,5.7044438144603
ENSSSCG00000034864,3.36141768815191,1.91670578029932
ENSSSCG00000034860,4.02344370410475,3.47035774820873
ENSSSCG00000032261,6.18448886299459,6.72587750080293
ENSSSCG00000010460,4.23231464574282,4.42524523437298
ENSSSCG00000030996,8.11935685205869,7.22624011120832
ENSSSCG00000022429,2.86132678081369,1.12302483629253
ENSSSCG00000010617,0.399364956748047,0.767366807455606
ENSSSCG00000036083,5.66916314405192,6.00399050646674
ENSSSCG00000010477,0.316720715261423,-0.78472289261437
ENSSSCG00000010478,5.16905630371321,5.52225023997777
ENSSSCG00000010479,3.67929642676093,3.25611051968982
ENSSSCG00000010480,3.84695799941802,0.708565629647667
ENSSSCG00000024359,3.89403535943633,3.81504406924068
ENSSSCG00000010556,5.84532932064866,5.44443012194664
ENSSSCG00000010481,1.60623101893403,0.445993691080189
ENSSSCG00000027230,2.69950905799353,2.91620519333423
ENSSSCG00000037592,5.49453612490598,5.7920130273752
ENSSSCG00000010483,4.89595282410356,5.29880411848161
ENSSSCG00000029533,4.60522917221993,4.45461629104527
ENSSSCG00000010560,5.13026072834138,4.97783403399885
ENSSSCG00000030428,4.06517798633305,4.05225373045946
ENSSSCG00000021798,6.98905601334932,6.84370210669866
ENSSSCG00000010559,3.23772367198998,0.0790671408551012
ENSSSCG00000010484,3.62021716865338,3.98880537664164
ENSSSCG00000022005,4.46356799005854,3.2302158225148
ENSSSCG00000010485,4.54977015359489,4.47680940564299
ENSSSCG00000061845,1.60623101893403,1.18903632798696
ENSSSCG00000010620,5.88082013071857,5.328396951206
ENSSSCG00000010621,7.40743346290854,6.83599647506663
ENSSSCG00000035347,2.47020003230929,3.36006143138542
ENSSSCG00000022128,5.18078651505005,5.63311737430673
ENSSSCG00000024236,1.25318803729539,1.21038560183454
ENSSSCG00000030507,5.75601824512826,5.66342767950857
ENSSSCG00000009744,5.42719380733997,5.50291486449861
ENSSSCG00000059716,-0.451110226541143,1.00581493118192
ENSSSCG00000040815,2.30852357224583,2.24102933224071
ENSSSCG00000033051,1.38071206478968,-0.78472289261437
ENSSSCG00000030026,3.06493409078251,3.91270242209889
ENSSSCG00000009735,3.94651258611707,2.1108484849407
ENSSSCG00000026781,6.00395768579626,6.08712844394348
ENSSSCG00000058563,0.358634535634919,1.05384751029812
ENSSSCG00000062451,0.656208489639131,0.253744895693059
ENSSSCG00000010489,1.51650785122028,1.92963589847684
ENSSSCG00000055326,5.03815146069818,5.14791860904114
ENSSSCG00000051054,5.06054598627753,5.09724694531504
ENSSSCG00000010493,6.92772658678718,6.30062361671843
ENSSSCG00000035618,5.45039616434714,5.76971542273301
ENSSSCG00000010625,6.62748905255654,6.84839092278752
ENSSSCG00000010494,7.50280464506259,8.08148550061746
ENSSSCG00000045726,2.71572630700603,3.16063026235243
ENSSSCG00000035290,1.40091172062405,2.31187448705517
ENSSSCG00000010031,5.14380834951412,5.62121123871853
ENSSSCG00000009742,6.28911733964142,6.2008247300341
ENSSSCG00000009739,4.10573884452747,5.02377986016407
ENSSSCG00000010032,4.98895960204814,4.97938937126153
ENSSSCG00000028735,5.01212468214923,5.42743807938283
ENSSSCG00000010033,3.82470078273387,4.17406599580183
ENSSSCG00000028018,6.03498593485456,6.24092815835416
ENSSSCG00000010034,4.01691452263613,4.04929482275839
ENSSSCG00000055956,5.67332100039407,5.95503023866078
ENSSSCG00000023569,4.09027317203002,4.16041892443633
ENSSSCG00000009741,4.02669724728887,4.24819193089915
ENSSSCG00000029226,6.44801806846954,6.75613458084789
ENSSSCG00000010495,7.19684486914931,6.42225712639579
ENSSSCG00000009748,6.12349746454672,6.40673533098398
ENSSSCG00000010496,5.32650778106284,6.08929078183107
ENSSSCG00000010626,4.29571906444649,2.13337748815636
ENSSSCG00000010035,7.26867896542943,6.81698538336751
ENSSSCG00000042192,1.623524972916,-0.414234639036479
ENSSSCG00000010036,2.91849250426136,3.57281732362671
ENSSSCG00000010039,3.10242130466837,2.86999847748965
ENSSSCG00000010497,4.54296949803801,4.85951101693745
ENSSSCG00000009745,5.8817187693641,4.19831005265196
ENSSSCG00000035443,-0.525404570246514,-1.6964847871246
ENSSSCG00000031037,-1.19180123640617,-0.481109027935221
ENSSSCG00000046471,0.0866736428889641,0.930627626435109
ENSSSCG00000033879,0.72191195620079,1.29275702200006
ENSSSCG00000009746,7.54680999665837,7.49390256628612
ENSSSCG00000009747,4.52006629399332,4.45685102861095
ENSSSCG00000030830,-0.380455165278715,-3.82416175559903
ENSSSCG00000009738,-2.20115708176131,6.08857036258097
ENSSSCG00000038719,-0.774434225214997,-1.6964847871246
ENSSSCG00000035929,2.10194590665749,2.20956873606394
ENSSSCG00000024860,3.77912896115935,3.34566205935238
ENSSSCG00000010502,3.52219539589792,4.10450186370333
ENSSSCG00000009722,-0.774434225214997,-0.702622497962026
ENSSSCG00000010503,4.19231047185544,4.78320392685906
ENSSSCG00000010047,6.63016524752098,5.57977420233737
ENSSSCG00000010046,4.84893902233177,5.72034322357621
ENSSSCG00000056696,6.97817377151438,7.24930772799597
ENSSSCG00000010504,3.39705128589786,3.86301531473544
ENSSSCG00000035148,4.37699361041059,4.38591194894517
ENSSSCG00000010052,6.69754866298765,6.73096462047904
ENSSSCG00000010505,-0.96807720485524,-0.624943747829482
ENSSSCG00000050121,2.63275319451676,2.75847181319094
ENSSSCG00000010527,3.08379945350479,2.68411916779552
ENSSSCG00000032821,2.26510581356419,0.372139121137058
ENSSSCG00000038904,3.87971294905474,3.2764967565249
ENSSSCG00000009755,5.38851745148493,6.59756749914942
ENSSSCG00000010672,5.5039048935229,5.43085253618089
ENSSSCG00000054264,4.09337959831602,2.97974874118209
ENSSSCG00000009758,4.42955908949299,4.5890511532462
ENSSSCG00000010656,-0.96807720485524,-1.54570714867312
ENSSSCG00000053106,-2.20115708176131,-0.871778856036138
ENSSSCG00000010053,5.61074314266536,5.5018330409271
ENSSSCG00000010452,4.50847688485433,3.85625916799006
ENSSSCG00000010054,0.72191195620079,0.124759019246936
ENSSSCG00000010486,2.59818001558324,2.68411916779552
ENSSSCG00000010059,6.67647145893248,6.21871308204642
ENSSSCG00000010058,6.09200676869927,6.14093285247991
ENSSSCG00000009998,5.9595357852827,5.65469332237927
ENSSSCG00000057185,3.01338605067572,3.53524252347769
ENSSSCG00000057183,0.358634535634919,0.481549931933635
ENSSSCG00000054147,-1.07560684537938,-0.481109027935221
ENSSSCG00000052820,0.551677535663921,0.615610397484158
ENSSSCG00000057968,2.41167389764734,1.66164245403454
ENSSSCG00000060561,2.38149571811378,2.7871721045049
ENSSSCG00000040413,6.08811898686136,6.32529540233988
ENSSSCG00000058992,-0.6037335549306,-1.40920704473941
ENSSSCG00000058078,-1.976085364955,-1.28451287928067
ENSSSCG00000010379,5.72230246345964,6.31855261301655
ENSSSCG00000058540,1.78593734007211,1.4081155707733
ENSSSCG00000058877,6.33576909394098,5.7742025985924
ENSSSCG00000010351,5.97055898618235,6.22659281633817
ENSSSCG00000033616,3.21508585528298,3.25611051968982
ENSSSCG00000037951,3.99049823274098,4.85782084125562
ENSSSCG00000032144,4.25190830353837,4.50515929850194
ENSSSCG00000010352,1.42083245509814,-0.0169014492655093
ENSSSCG00000010674,6.21760734535344,6.31793806660558
ENSSSCG00000009729,4.09027317203002,4.68748928322641
ENSSSCG00000009730,2.40168448112881,2.45289588892133
ENSSSCG00000010370,3.97710646081402,4.56439180639477
ENSSSCG00000052289,3.64159570151675,4.37413626289861
ENSSSCG00000009732,5.10739475802572,5.50507608102064
ENSSSCG00000009733,6.93942620572933,6.6954454679096
ENSSSCG00000010380,5.21541552726595,5.09150530822672
ENSSSCG00000009753,4.44909080170269,2.53133340228058
ENSSSCG00000042937,2.17414207960379,-0.0673909604895641
ENSSSCG00000043778,3.87611001904801,4.34547616188606
ENSSSCG00000009714,6.15877068336283,6.03647859468548
ENSSSCG00000040893,-1.19180123640617,1.69231410194732
ENSSSCG00000010374,-2.79553649653186,-0.702622497962026
ENSSSCG00000010381,3.02644675824992,2.57313489923399
ENSSSCG00000038222,6.37841490344144,6.3320068241296
ENSSSCG00000050381,0.515080245807192,0.647265633957376
ENSSSCG00000010679,8.00214716109584,7.91307762722107
ENSSSCG00000009716,5.77064598312145,4.97938937126153
ENSSSCG00000009717,5.51205295330468,5.23513107916288
ENSSSCG00000010376,0.622199479864748,3.86973996983634
ENSSSCG00000029331,8.68810601656881,8.41520230605523
ENSSSCG00000010680,5.36171556486652,5.46567000101113
ENSSSCG00000010681,3.66266205759027,3.87309057949637
ENSSSCG00000010682,7.13374678986443,6.81132018988726
ENSSSCG00000036758,3.35107288630203,3.31642485261404
ENSSSCG00000009720,5.28091370311002,4.26359240337733
ENSSSCG00000024300,6.31462958087746,6.15476461462062
ENSSSCG00000009759,6.67854138026744,6.40731320021047
ENSSSCG00000010336,-2.20115708176131,-0.35032329061541
ENSSSCG00000010337,1.27524029214877,2.69172925686298
ENSSSCG00000009761,7.56174596134705,8.240566445248
ENSSSCG00000061214,0.815176045257344,0.253744895693059
ENSSSCG00000035760,2.07705469961597,2.99827857643353
ENSSSCG00000010339,4.87805144051966,5.3161402880247
ENSSSCG00000010340,8.55374444483909,6.67831042620028
ENSSSCG00000042383,0.0866736428889641,-1.6964847871246
ENSSSCG00000032962,7.43493820051172,7.54126903378309
ENSSSCG00000009764,4.45634755530598,4.95113348098521
ENSSSCG00000010664,7.13901770825376,6.84881642411713
ENSSSCG00000009765,8.15231190654894,8.16090628940466
ENSSSCG00000010341,7.09939458460626,6.40384250777479
ENSSSCG00000010665,5.31324668362047,5.25837842112513
ENSSSCG00000009766,4.93457102648223,5.05656718461117
ENSSSCG00000020671,3.56757790427603,3.09900964522632
ENSSSCG00000009768,5.07790101566353,5.69973397533212
ENSSSCG00000010669,5.74519618313172,5.66052209867394
ENSSSCG00000032558,5.00554395541667,4.66640183766178
ENSSSCG00000010342,-0.071311274400066,-1.28451287928067
ENSSSCG00000009770,5.1996470039554,5.17531904247595
ENSSSCG00000009769,5.26584872854291,5.24162633967679
ENSSSCG00000009771,4.46596679346418,4.64891622594314
ENSSSCG00000009772,8.94257656948863,7.74701500228777
ENSSSCG00000009773,4.99561623806536,5.33933961809872
ENSSSCG00000010345,6.89383025094759,6.5061138969764
ENSSSCG00000024634,1.38071206478968,2.19892754442265
ENSSSCG00000022212,3.98046607575606,3.95125565027317
ENSSSCG00000010348,3.30893555670285,2.94832678617514
ENSSSCG00000009778,4.88523867092674,5.04473055607433
ENSSSCG00000009777,6.93899457422076,6.60966954434873
ENSSSCG00000009776,5.76091065555504,6.05208286385868
ENSSSCG00000010687,4.8360152490085,4.87128712629734
ENSSSCG00000009775,5.63332902065736,6.00399050646674
ENSSSCG00000009774,2.02594564966019,2.08796208222624
ENSSSCG00000009779,4.0004611099782,3.58920817305299
ENSSSCG00000010357,5.83330234337037,5.82957675512829
ENSSSCG00000009781,4.02018280699358,4.36702443745831
ENSSSCG00000009782,5.31989246911045,5.36217178655447
ENSSSCG00000010688,5.32121796042666,5.41829315531391
ENSSSCG00000009783,4.8229746562625,4.82532545270496
ENSSSCG00000010690,5.86818005941551,5.41024351712972
ENSSSCG00000009784,2.38149571811378,2.78005038054984
ENSSSCG00000010358,-1.976085364955,-0.702622497962026
ENSSSCG00000060206,4.32508531169335,3.93210781488979
ENSSSCG00000028889,4.56103382250096,4.6092834499602
ENSSSCG00000010691,-2.79553649653186,0.481549931933635
ENSSSCG00000009786,5.89245899777216,5.56638317189068
ENSSSCG00000010692,6.0382135810092,5.57772211669406
ENSSSCG00000010360,5.88082013071857,6.14301608969777
ENSSSCG00000009787,4.83415950847949,4.07861430914553
ENSSSCG00000024048,3.65847332354346,3.71776560175141
ENSSSCG00000009788,5.56448211302513,4.97627701815204
ENSSSCG00000039546,1.64061407306523,0.583244978335558
ENSSSCG00000010627,8.26439202535265,7.72191632041588
ENSSSCG00000026850,1.73910410091577,2.5228257707732
ENSSSCG00000009751,2.38149571811378,2.40740335383752
ENSSSCG00000037918,5.19820491869584,7.0248228996741
ENSSSCG00000060429,2.15047586045883,-2.53471534769233
ENSSSCG00000037735,4.1835919013962,3.16610379149013
ENSSSCG00000050205,-0.071311274400066,0.878233640758889
ENSSSCG00000026339,-0.96807720485524,-1.16974403207503
ENSSSCG00000053927,-1.07560684537938,-0.481109027935221
ENSSSCG00000059363,0.58736937234432,0.678241186296717
ENSSSCG00000058862,-1.45670196380968,-0.0169014492655093
ENSSSCG00000010368,6.81557835228502,6.44156849468982
ENSSSCG00000062741,-0.187145967968861,0.372139121137058
ENSSSCG00000059008,-0.380455165278715,-0.964427270899581
ENSSSCG00000048761,2.39162541398217,0.212017947135459
ENSSSCG00000052895,0.13571138072984,-0.481109027935221
ENSSSCG00000027767,2.92548154303131,3.08173696809818
ENSSSCG00000028341,3.09003348262316,2.93556384253476
ENSSSCG00000036770,-0.187145967968861,-0.871778856036138
ENSSSCG00000055707,2.43144759083636,2.9031535920818
ENSSSCG00000010628,5.83608671201415,5.89036360410687
ENSSSCG00000010639,1.623524972916,2.33149300780735
ENSSSCG00000010640,3.00681108817546,3.2249806386688
ENSSSCG00000032408,5.29177207720485,5.00252043110958
ENSSSCG00000034754,7.695014398713,6.38636268809496
ENSSSCG00000010644,2.98020742906681,3.05838026318875
ENSSSCG00000010645,1.77049457016102,2.45289588892133
ENSSSCG00000010329,8.24426975907978,7.23016485586678
ENSSSCG00000010330,4.13014416476626,4.20364273726976
ENSSSCG00000033074,5.88978142726504,6.49419555192788
ENSSSCG00000010331,7.37652812900827,7.38663317577395
ENSSSCG00000010332,5.22394444625881,6.0078059972628
ENSSSCG00000010369,-1.45670196380968,2.01704038155276
ENSSSCG00000051357,-0.96807720485524,0.904668467894398
ENSSSCG00000042417,-1.78143407576197,-1.06343627958185
ENSSSCG00000054028,1.69069938953273,0.878233640758889
ENSSSCG00000042873,2.29779101573986,2.99212837075843
ENSSSCG00000063371,-1.976085364955,-0.964427270899581
ENSSSCG00000055059,1.47899559533112,2.67646872321373
ENSSSCG00000063009,1.42083245509814,2.8222627439312
ENSSSCG00000056526,-1.78143407576197,-0.551234614202225
ENSSSCG00000010593,4.16008145803367,3.99189084785926
ENSSSCG00000039704,0.874162537149699,-0.964427270899581
ENSSSCG00000010594,6.26727779087404,6.41652776666218
ENSSSCG00000010359,3.48009354299061,3.08173696809818
ENSSSCG00000020954,2.38149571811378,2.16652477447692
ENSSSCG00000010597,2.62418726304154,2.98595183448321
ENSSSCG00000032165,5.33571855120538,5.23773269355231
ENSSSCG00000010599,5.12874755393849,5.9133280976874
ENSSSCG00000010600,3.92923140453305,3.60138024815194
ENSSSCG00000010603,5.26584872854291,4.79561692122977
ENSSSCG00000010604,5.25062478032424,5.83216133983232
ENSSSCG00000010605,4.49913785561178,4.19027388372377
ENSSSCG00000010606,5.5396448759211,5.85606343629172
ENSSSCG00000010607,9.24933340638403,5.25452978521948
ENSSSCG00000010608,3.01338605067572,4.05520658198239
ENSSSCG00000010609,7.01467945036718,7.30122161904961
ENSSSCG00000043610,-1.60995061428548,-0.871778856036138
ENSSSCG00000010652,4.19809371766512,4.69886292122149
ENSSSCG00000010653,2.24289690050099,2.39813013632454
ENSSSCG00000022351,5.66394891570636,6.07117148835321
ENSSSCG00000010654,3.78298207960371,2.99827857643353
ENSSSCG00000030271,-0.128066380263549,0.647265633957376
ENSSSCG00000010655,4.2739799794474,3.18779257833077
ENSSSCG00000010613,4.59430661134251,4.31377143347378
ENSSSCG00000010614,6.37905145500693,6.57356948786849
ENSSSCG00000010698,5.25479272385376,5.24550950563547
ENSSSCG00000051218,-1.07560684537938,-0.964427270899581
ENSSSCG00000049635,0.874162537149699,1.05384751029812
ENSSSCG00000050964,0.13571138072984,0.333743892305565
ENSSSCG00000047775,-0.128066380263549,0.583244978335558
ENSSSCG00000056810,-2.20115708176131,-0.702622497962026
ENSSSCG00000057707,-0.071311274400066,1.21038560183454
ENSSSCG00000058697,-1.78143407576197,-0.174001573015732
ENSSSCG00000060029,-1.78143407576197,-0.78472289261437
ENSSSCG00000010629,2.52644419656486,3.99804206402155
ENSSSCG00000040025,0.316720715261423,2.47951838830822
ENSSSCG00000010647,-0.6037335549306,-1.54570714867312
ENSSSCG00000053925,1.64061407306523,3.05838026318875
ENSSSCG00000060789,0.273552666612953,0.956127932608039
ENSSSCG00000054634,1.55306939928711,0.481549931933635
ENSSSCG00000060936,2.98690447673027,1.66164245403454
ENSSSCG00000045261,0.399364956748047,-0.174001573015732
ENSSSCG00000048494,0.72191195620079,0.647265633957376
ENSSSCG00000048917,3.91525585396758,3.58920817305299
ENSSSCG00000057578,-0.313099436094831,0.51625090059353
ENSSSCG00000044927,2.1974263314248,0.51625090059353
ENSSSCG00000063099,0.358634535634919,-3.82416175559903
ENSSSCG00000056519,4.35645386259809,4.40223808444598
ENSSSCG00000010737,7.41831257616022,7.46255081431365
ENSSSCG00000010739,6.5634055408513,6.55178140293871
ENSSSCG00000010683,5.17639885502505,4.69886292122149
ENSSSCG00000039838,2.67483616828021,1.9036587274475
ENSSSCG00000010685,6.85592087403946,6.93389792143282
ENSSSCG00000010738,5.61074314266536,5.60316574980417
ENSSSCG00000025820,4.86538698135486,5.18882654694905
ENSSSCG00000049861,1.623524972916,1.63030453743178
ENSSSCG00000025876,5.32518714314715,4.44113468012368
ENSSSCG00000010238,7.42264135441645,7.74518767153442
ENSSSCG00000010239,5.39482612914764,5.59608664713038
ENSSSCG00000010240,0.874162537149699,1.03003110897365
ENSSSCG00000022303,3.95678279945859,3.42084951981263
ENSSSCG00000010276,4.85627238671508,2.54819961906087
ENSSSCG00000010277,4.55653890219201,3.73995696235144
ENSSSCG00000010686,6.48219222024598,7.27042503676743
ENSSSCG00000010741,4.99727560906856,5.39866555924204
ENSSSCG00000010742,5.65976392169134,6.15682798855945
ENSSSCG00000010743,4.80981511292778,5.16442123764544
ENSSSCG00000010744,5.41234506144926,5.62618407504472
ENSSSCG00000010745,6.11052365821713,6.80036266143153
ENSSSCG00000010548,3.77912896115935,3.80805894242148
ENSSSCG00000010550,4.47075246769041,4.02540251895583
ENSSSCG00000010551,3.89046806473539,3.70654059047283
ENSSSCG00000010552,2.10194590665749,2.8013109451847
ENSSSCG00000010554,7.59171114889614,7.62587843954866
ENSSSCG00000006164,2.35067276244516,2.47069869532763
ENSSSCG00000006165,5.59439110826013,5.93352771037352
ENSSSCG00000006166,6.16099315179093,6.14648148080796
ENSSSCG00000010555,5.25479272385376,5.38816535427931
ENSSSCG00000010563,5.8817187693641,5.91414153574076
ENSSSCG00000010564,4.11493928845344,4.25077011986144
ENSSSCG00000010565,7.17684964716752,7.03719672022136
ENSSSCG00000010566,4.39220876525379,4.64696023338181
ENSSSCG00000055478,1.29696053674266,2.41661734632623
ENSSSCG00000010568,2.93243688704098,3.05248152111906
ENSSSCG00000010569,7.13638465623494,7.4987911504016
ENSSSCG00000010570,1.95940295449205,2.1108484849407
ENSSSCG00000010571,5.31590867260505,5.25324462166577
ENSSSCG00000010573,3.58091887238019,3.33111751872742
ENSSSCG00000010574,7.91221488533002,7.74290024849019
ENSSSCG00000010575,5.32254223505146,5.09724694531504
ENSSSCG00000010576,6.33576909394098,6.24545969272475
ENSSSCG00000010577,0.183136955639335,-0.624943747829482
ENSSSCG00000010578,-1.07560684537938,-1.86487943217923
ENSSSCG00000010580,6.2047383291306,6.35195576922091
ENSSSCG00000010581,7.26867896542943,7.37042485942542
ENSSSCG00000038504,4.03641408310966,4.44113468012368
ENSSSCG00000033359,7.29825859195102,7.53176034160947
ENSSSCG00000010584,3.03939028735737,4.35748713804954
ENSSSCG00000010585,6.70721270426396,6.76608088296514
ENSSSCG00000009612,1.51650785122028,1.07727712061465
ENSSSCG00000009611,6.15059221479202,6.17730102531221
ENSSSCG00000009610,0.656208489639131,0.583244978335558
ENSSSCG00000009613,4.85992513752501,3.531006489389
ENSSSCG00000051235,0.72191195620079,-1.86487943217923
ENSSSCG00000009614,6.19970254571176,5.78224451200223
ENSSSCG00000009615,4.13919076147208,3.36482946075116
ENSSSCG00000009616,4.67116345666644,2.30196426756707
ENSSSCG00000009617,4.02344370410475,3.71029197340014
ENSSSCG00000033355,1.83129794321605,2.39813013632454
ENSSSCG00000061162,-0.451110226541143,0.51625090059353
ENSSSCG00000009619,-0.96807720485524,-0.35032329061541
ENSSSCG00000009620,6.04384464434459,5.59405764981462
ENSSSCG00000009621,1.81633565189514,0.615610397484158
ENSSSCG00000009622,5.42842433183003,5.27367111016234
ENSSSCG00000055518,-2.20115708176131,-0.624943747829482
ENSSSCG00000010261,5.54305705575252,4.99792379327396
ENSSSCG00000010266,1.64061407306523,1.82279700553437
ENSSSCG00000010267,0.622199479864748,0.647265633957376
ENSSSCG00000034444,7.05268003963913,7.38046601715971
ENSSSCG00000036446,2.06444617595092,1.66164245403454
ENSSSCG00000010271,-1.78143407576197,-0.551234614202225
ENSSSCG00000010272,5.33702958817175,3.29659893164535
ENSSSCG00000010273,3.01338605067572,1.75176786229133
ENSSSCG00000010274,6.39361515487282,6.48382260039603
ENSSSCG00000010275,5.38725239876187,5.56119949710784
ENSSSCG00000045502,1.60623101893403,0.647265633957376
ENSSSCG00000010384,6.30327194360304,5.63804940994359
ENSSSCG00000010385,4.20959112166562,4.07861430914553
ENSSSCG00000036822,0.399364956748047,-0.119711717242417
ENSSSCG00000061821,1.53490444243865,2.02910543258505
ENSSSCG00000010391,0.183136955639335,1.00581493118192
ENSSSCG00000010394,-0.380455165278715,-0.964427270899581
ENSSSCG00000010747,-0.128066380263549,-3.82416175559903
ENSSSCG00000010165,0.316720715261423,0.445993691080189
ENSSSCG00000049255,0.0866736428889641,0.169048095927475
ENSSSCG00000010166,5.46005503283644,4.96061373372648
ENSSSCG00000010169,4.08716004251789,3.54367745980086
ENSSSCG00000052826,0.656208489639131,2.67646872321373
ENSSSCG00000010537,5.67953540281485,5.63804940994359
ENSSSCG00000037536,4.9293653848513,5.38699393337877
ENSSSCG00000010540,4.69180549873651,4.58087811400677
ENSSSCG00000010541,5.55999794021735,5.65761065420225
ENSSSCG00000010542,4.24633721660844,4.46797308528954
ENSSSCG00000010543,1.95940295449205,1.91670578029932
ENSSSCG00000010544,5.68777985076774,6.12345455341577
ENSSSCG00000049992,2.41167389764734,3.13852608806589
ENSSSCG00000044372,1.38071206478968,1.31263544737941
ENSSSCG00000010167,4.00706500947703,3.82891367424594
ENSSSCG00000010579,7.47419415537986,7.02218445035829
ENSSSCG00000010586,4.13919076147208,4.40455538044212
ENSSSCG00000041413,-0.248748603557596,0.51625090059353
ENSSSCG00000038856,6.50511666809631,6.85348867473715
ENSSSCG00000031782,5.3960845610006,5.28125709223048
ENSSSCG00000010589,5.04618947000397,4.23001443683658
ENSSSCG00000029594,6.54763775065881,6.94667554621063
ENSSSCG00000010591,2.47020003230929,-0.551234614202225
ENSSSCG00000038633,5.13780288506433,4.5931203752218
ENSSSCG00000010592,4.45393269088626,4.68176866206764
ENSSSCG00000010631,4.94148279161934,4.81316652678404
ENSSSCG00000031789,6.40553612920914,6.38284116525514
ENSSSCG00000010635,6.07874534104713,6.0446733050152
ENSSSCG00000032968,3.62021716865338,3.67233182298469
ENSSSCG00000010638,5.29986255987986,5.05361711945132
ENSSSCG00000059478,0.689434225427014,1.25215911194267
ENSSSCG00000010067,7.03501706357067,6.60413537228513
ENSSSCG00000010068,4.81922701920558,4.27123142631998
ENSSSCG00000039626,5.97055898618235,1.95515358576145
ENSSSCG00000010070,6.13334048049125,6.00399050646674
ENSSSCG00000010071,6.03498593485456,6.19414271927992
ENSSSCG00000010073,3.85430141485533,4.49214392126479
ENSSSCG00000010076,-1.31818014718968,-0.35032329061541
ENSSSCG00000062733,0.0359102671599988,0.823864935560437
ENSSSCG00000010078,4.97891670273886,5.24680157510061
ENSSSCG00000010079,5.0668810880132,4.89290524774863
ENSSSCG00000010081,7.84053776678516,7.72933012666674
ENSSSCG00000056621,-1.31818014718968,-0.414234639036479
ENSSSCG00000054789,6.24230652036384,4.37885807754393
ENSSSCG00000010083,6.85683515180927,6.77908801404934
ENSSSCG00000010084,0.902775359205073,0.615610397484158
ENSSSCG00000054186,8.09205165206497,2.32171709503593
ENSSSCG00000010086,4.83044085090812,3.2815486205146
ENSSSCG00000010087,3.93962493363013,3.63334581301382
ENSSSCG00000037143,6.99072294266053,6.47998210780654
ENSSSCG00000010396,4.78505286291507,4.81665097477776
ENSSSCG00000033700,4.36676028941965,4.58701223007775
ENSSSCG00000039871,-0.868009231170092,-1.86487943217923
ENSSSCG00000010399,6.67180324880313,6.44944570750413
ENSSSCG00000010400,4.53841785250263,3.99496973430403
ENSSSCG00000010401,5.8305125905654,5.75888891407752
ENSSSCG00000010402,3.96019002095856,3.92889165486827
ENSSSCG00000010403,6.67698921775535,7.0300853664251
ENSSSCG00000010404,1.0885945093173,0.930627626435109
ENSSSCG00000042874,4.94148279161934,5.06684516514793
ENSSSCG00000029662,6.43092955305326,7.11248338439771
ENSSSCG00000022256,1.65750311577385,4.040381512886
ENSSSCG00000025787,4.33036099705535,2.67646872321373
ENSSSCG00000021075,2.45095392453259,0.372139121137058
ENSSSCG00000010649,-0.96807720485524,2.27181848867676
ENSSSCG00000010650,3.7079528973128,3.20384783775857
ENSSSCG00000010651,6.45648701659228,6.20548379115997
ENSSSCG00000010648,5.84532932064866,6.27044951614775
ENSSSCG00000009971,6.46190520487016,6.07117148835321
ENSSSCG00000009972,8.15677332291472,7.55358958061311
ENSSSCG00000009975,4.9738689143191,2.44391141993357
ENSSSCG00000009973,4.75985816320276,4.6092834499602
ENSSSCG00000009974,9.02561922217315,8.40221546572993
ENSSSCG00000025564,5.25894866087993,5.4217292985024
ENSSSCG00000009977,-1.78143407576197,-0.481109027935221
ENSSSCG00000009978,6.51441719887262,6.26280634090481
ENSSSCG00000009979,0.958352864156609,1.9036587274475
ENSSSCG00000009988,5.66290380476798,5.74341093486891
ENSSSCG00000051359,4.42709892752435,4.77606253878755
ENSSSCG00000057224,2.13849555630404,3.14962050828442
ENSSSCG00000028707,6.59717151709486,7.91226358891116
ENSSSCG00000025869,-1.976085364955,2.88998283840744
ENSSSCG00000024279,3.20363233164379,3.95442239354423
ENSSSCG00000024550,5.34877561472642,5.83474130253811
ENSSSCG00000025186,5.06054598627753,5.0755969571521
ENSSSCG00000009994,6.33380037093741,7.12342744833487
ENSSSCG00000040961,1.29696053674266,-0.871778856036138
ENSSSCG00000055807,0.515080245807192,0.79589242289581
ENSSSCG00000010212,6.93985770813921,8.13235453519404
ENSSSCG00000010214,2.42159462145349,0.767366807455606
ENSSSCG00000028327,5.35655350390127,5.54658533142559
ENSSSCG00000009692,3.77139171369143,3.49231184990847
ENSSSCG00000054757,0.0866736428889641,0.294298826806809
ENSSSCG00000059441,-1.31818014718968,0.0318806818288641
ENSSSCG00000009693,2.07705469961597,1.85025758473298
ENSSSCG00000035133,4.37444207714264,4.76888562468142
ENSSSCG00000032852,4.24633721660844,4.04929482275839
ENSSSCG00000027568,-1.07560684537938,-1.40920704473941
ENSSSCG00000009652,4.10265894494164,3.51822324496375
ENSSSCG00000009653,0.273552666612953,-0.35032329061541
ENSSSCG00000047090,0.689434225427014,-1.54570714867312
ENSSSCG00000035901,6.71227315856378,6.55073562199995
ENSSSCG00000035269,3.22077869811913,-1.86487943217923
ENSSSCG00000009578,4.83415950847949,4.68558492879445
ENSSSCG00000009885,5.92856297469025,6.57047697796467
ENSSSCG00000009886,4.8360152490085,5.03578891472655
ENSSSCG00000009887,4.79080506780207,4.9590380114504
ENSSSCG00000009888,6.83843859414305,5.8008364618452
ENSSSCG00000009893,1.36022556587904,1.29275702200006
ENSSSCG00000038099,-0.380455165278715,0.767366807455606
ENSSSCG00000009890,5.83886571723934,6.46729087743245
ENSSSCG00000059002,-0.248748603557596,-0.35032329061541
ENSSSCG00000009889,6.14461498149288,6.08134631461028
ENSSSCG00000009896,3.94994412045387,4.28387392765433
ENSSSCG00000033876,6.17498983267029,6.18810233369973
ENSSSCG00000009898,6.91329699281212,6.77416806934284
ENSSSCG00000036014,10.8393396157633,10.2932501972625
ENSSSCG00000040546,6.99778598341749,6.58280744144321
ENSSSCG00000009901,1.70701541088768,1.59827076196444
ENSSSCG00000029365,1.40091172062405,2.34120312316572
ENSSSCG00000062912,3.10242130466837,3.10472155298875
ENSSSCG00000032747,4.07463990953506,4.19831005265196
ENSSSCG00000009906,5.99235588592894,5.78313529708041
ENSSSCG00000009904,6.44132884216072,7.15645780620568
ENSSSCG00000009903,4.85444253730434,4.47901005509696
ENSSSCG00000009910,7.79141238057973,7.84986324648034
ENSSSCG00000009911,-0.128066380263549,0.124759019246936
ENSSSCG00000009912,4.21245121272598,3.9638811293773
ENSSSCG00000056057,0.515080245807192,0.169048095927475
ENSSSCG00000009914,8.64839543323955,8.37248647365954
ENSSSCG00000059198,6.73084400039089,6.68499825776065
ENSSSCG00000009916,5.5844901784916,4.81142114178654
ENSSSCG00000009917,5.52476478976468,5.32717596007143
ENSSSCG00000057664,-3.22005278102631,-0.174001573015732
ENSSSCG00000009919,0.316720715261423,0.878233640758889
ENSSSCG00000024329,4.28760524652537,4.45461629104527
ENSSSCG00000009921,2.77109272783156,2.36994739547508
ENSSSCG00000046622,4.15116531784127,4.10450186370333
ENSSSCG00000040422,3.62451829412648,3.67617310087228
ENSSSCG00000009924,6.6221217234241,6.68833058343449
ENSSSCG00000009925,5.98149860036154,6.10076883145925
ENSSSCG00000009926,5.0810341673325,5.33448645445424
ENSSSCG00000039012,4.91187632429108,4.72691080919883
ENSSSCG00000009929,1.88964201598903,1.69231410194732
ENSSSCG00000009927,1.29696053674266,1.12302483629253
ENSSSCG00000009931,4.18650394975465,4.03739812999795
ENSSSCG00000009932,3.59413760265918,3.4024168103526
ENSSSCG00000009933,6.45829534124508,6.43987491022669
ENSSSCG00000009934,7.52079893976007,7.15129249993019
ENSSSCG00000009936,2.06444617595092,-0.871778856036138
ENSSSCG00000061436,5.22536104354269,5.4701019849819
ENSSSCG00000009938,5.0349236754073,4.88296788999898
ENSSSCG00000009940,4.52006629399332,4.84763799255932
ENSSSCG00000032917,5.09349917035738,5.78846848813099
ENSSSCG00000009942,0.0359102671599988,-1.6964847871246
ENSSSCG00000009943,3.48009354299061,4.24302168950023
ENSSSCG00000009944,5.92769305480534,6.20946533158455
ENSSSCG00000024495,1.13756809465378,0.51625090059353
ENSSSCG00000027124,4.37699361041059,3.20916012966961
ENSSSCG00000023380,6.55835609197605,6.80124233288735
ENSSSCG00000009946,6.1356024404275,6.31486140172162
ENSSSCG00000009945,5.08572117345694,3.03463919046406
ENSSSCG00000015770,2.94624777947776,2.75120663352335
ENSSSCG00000015771,0.551677535663921,-2.85117878809169
ENSSSCG00000015772,7.23074246939818,5.15619351939602
ENSSSCG00000015746,3.2544719292997,0.409538950709052
ENSSSCG00000023155,4.26298635018155,4.20364273726976
ENSSSCG00000023419,4.57665666553655,4.89784837555117
ENSSSCG00000029796,2.38149571811378,1.3895183870631
ENSSSCG00000015747,2.67483616828021,3.8460652516482
ENSSSCG00000015748,2.05172648705434,-0.481109027935221
ENSSSCG00000015754,2.95992771317643,2.3887969274946
ENSSSCG00000015753,2.3712943946814,3.94490123394478
ENSSSCG00000015755,6.13484884776472,6.04986398922773
ENSSSCG00000015756,1.97295929665426,-1.28451287928067
ENSSSCG00000036877,4.61822801700036,5.50291486449861
ENSSSCG00000053249,0.0866736428889641,0.678241186296717
ENSSSCG00000032248,-1.31818014718968,-1.16974403207503
ENSSSCG00000027555,2.03889365526185,3.01657343115509
ENSSSCG00000023328,6.10129492112634,5.56327520257934
ENSSSCG00000015766,2.38149571811378,3.31149385632478
ENSSSCG00000015767,3.18044883327868,3.62938863615046
ENSSSCG00000030395,1.47899559533112,1.16736637209713
ENSSSCG00000015769,7.36757505259012,6.1582019335167
ENSSSCG00000029304,3.12688233693705,1.58198313393422
ENSSSCG00000015712,5.63971771199746,5.45453010638481
ENSSSCG00000015726,1.67419673092923,-2.53471534769233
ENSSSCG00000040701,3.93962493363013,2.66877749283263
ENSSSCG00000015714,4.91714533952582,4.9495473644986
ENSSSCG00000036229,5.09504975034944,5.15756806843256
ENSSSCG00000038610,4.85444253730434,5.19954222710953
ENSSSCG00000025455,6.09433441884877,5.84586813193984
ENSSSCG00000039185,5.75307481536054,5.24680157510061
ENSSSCG00000015743,4.75985816320276,4.72134468506831
ENSSSCG00000015718,2.53560868035451,2.70683005586903
ENSSSCG00000032213,5.86272879954678,5.66439490750112
ENSSSCG00000015729,5.82211081794327,5.77061397510691
ENSSSCG00000015730,5.45402582232829,5.25195831225793
ENSSSCG00000039157,6.11358683147061,6.24739743010212
ENSSSCG00000047828,-0.6037335549306,-2.05555929136582
ENSSSCG00000054656,6.24649852976473,5.21150298982333
ENSSSCG00000015733,2.55376482786368,2.8013109451847
ENSSSCG00000052347,0.316720715261423,1.31263544737941
ENSSSCG00000038305,3.19208715058532,3.07593314641862
ENSSSCG00000051026,3.08379945350479,0.169048095927475
ENSSSCG00000048604,0.0359102671599988,1.31263544737941
ENSSSCG00000047818,0.399364956748047,1.548845627756
ENSSSCG00000058574,3.03939028735737,3.2302158225148
ENSSSCG00000025924,8.85948684458313,8.58124228221124
ENSSSCG00000016230,3.56310335838579,3.12172282970965
ENSSSCG00000016166,3.9430728702114,3.72520071372487
ENSSSCG00000049911,-0.525404570246514,-0.119711717242417
ENSSSCG00000027669,7.53229017678897,8.59106735542374
ENSSSCG00000016160,1.73910410091577,2.46182475270139
ENSSSCG00000016164,3.82470078273387,4.77247854456633
ENSSSCG00000056431,-1.976085364955,-1.06343627958185
ENSSSCG00000054367,-1.31818014718968,-1.28451287928067
ENSSSCG00000054900,1.49787364177406,2.16652477447692
ENSSSCG00000054533,-0.313099436094831,1.78060050223319
ENSSSCG00000038149,4.67531556037161,3.7509259372459
ENSSSCG00000035592,-1.19180123640617,0.409538950709052
ENSSSCG00000021852,1.06346985097485,-1.28451287928067
ENSSSCG00000016232,3.96698041800067,3.99804206402155
ENSSSCG00000016233,4.11799311054219,2.93556384253476
ENSSSCG00000063355,1.0885945093173,1.03003110897365
ENSSSCG00000016255,5.79946390010297,6.11286502239505
ENSSSCG00000035058,5.24365133741398,6.6711103211861
ENSSSCG00000048993,-3.82416175559903,-0.174001573015732
ENSSSCG00000016256,4.65863496142359,6.6355474881736
ENSSSCG00000016267,7.24826846305239,7.08204245550944
ENSSSCG00000016248,5.35784575175671,5.24162633967679
ENSSSCG00000021968,0.515080245807192,1.56550952137607
ENSSSCG00000015906,-2.20115708176131,-0.964427270899581
ENSSSCG00000015879,2.28697801836366,0.253744895693059
ENSSSCG00000016300,5.75993349984545,5.87957597596941
ENSSSCG00000029753,4.52697551328598,4.73429905934596
ENSSSCG00000015897,4.95691424552381,4.49649543996581
ENSSSCG00000027472,6.01136701814601,3.98880537664164
ENSSSCG00000016301,0.273552666612953,0.550136777985776
ENSSSCG00000025729,4.48737840746095,4.11868562017974
ENSSSCG00000016243,4.11799311054219,3.88641573936135
ENSSSCG00000016244,1.73910410091577,0.253744895693059
ENSSSCG00000015907,6.07874534104713,5.52011461746353
ENSSSCG00000016245,1.84610665102851,2.08796208222624
ENSSSCG00000015908,4.71013414036412,5.00862658791186
ENSSSCG00000031572,6.64928868484522,6.71984223201894
ENSSSCG00000024204,2.1858311792755,1.29275702200006
ENSSSCG00000015913,1.80121655797197,2.44391141993357
ENSSSCG00000016008,4.91714533952582,4.81839004793703
ENSSSCG00000016027,6.04865383818041,6.2672697792895
ENSSSCG00000015871,3.82470078273387,4.24819193089915
ENSSSCG00000015872,5.73329696958958,5.1520619970427
ENSSSCG00000040847,4.15116531784127,3.4525507079545
ENSSSCG00000025174,5.68160093593212,5.65858178866893
ENSSSCG00000016270,1.0885945093173,3.29659893164535
ENSSSCG00000016295,4.26022480317067,4.45237808649548
ENSSSCG00000026146,1.57100848239729,-2.27533557831912
ENSSSCG00000016297,-1.19180123640617,-0.624943747829482
ENSSSCG00000016298,2.96671934204476,2.48828449091058
ENSSSCG00000015889,4.78313035335911,5.12280523284831
ENSSSCG00000015892,5.44797130918404,4.97315793618583
ENSSSCG00000016272,6.6914115344571,6.35255599755553
ENSSSCG00000016273,-0.6037335549306,-0.551234614202225
ENSSSCG00000023994,5.39482612914764,5.3050195491924
ENSSSCG00000033015,5.91458091598252,4.18219270048509
ENSSSCG00000009432,5.010482312458,5.13820417445314
ENSSSCG00000015894,2.35067276244516,2.0048735807178
ENSSSCG00000016234,6.23880385044505,6.20015791992286
ENSSSCG00000016237,1.69069938953273,1.548845627756
ENSSSCG00000015895,0.689434225427014,-3.82416175559903
ENSSSCG00000015896,3.21508585528298,2.41661734632623
ENSSSCG00000025993,6.24440404764322,4.94636989053278
ENSSSCG00000016226,5.40736132224554,5.43539261094366
ENSSSCG00000015874,6.40491115921575,6.0784465364087
ENSSSCG00000025134,2.77109272783156,2.85652010228678
ENSSSCG00000016030,5.19242211952849,5.5286382046041
ENSSSCG00000015876,3.94651258611707,3.60541489159843
ENSSSCG00000033987,5.66081130886095,5.34055036238222
ENSSSCG00000016009,3.30358079088575,4.01026637030448
ENSSSCG00000016010,3.06493409078251,3.15513588774505
ENSSSCG00000016224,2.79418583351156,2.72918896313589
ENSSSCG00000015878,6.15059221479202,6.03198905566934
ENSSSCG00000046102,2.23166290725657,2.58135179761789
ENSSSCG00000016223,6.91812291106664,6.29626233973533
ENSSSCG00000016022,1.03789987789575,2.83606345429926
ENSSSCG00000016031,3.81344207065432,3.14408396275198
ENSSSCG00000016275,8.53787012533325,8.28918916112646
ENSSSCG00000016032,-0.6037335549306,-0.414234639036479
ENSSSCG00000016033,6.09355895266192,5.48222020171234
ENSSSCG00000016258,4.02018280699358,3.09900964522632
ENSSSCG00000034262,-0.313099436094831,-0.481109027935221
ENSSSCG00000015901,4.05565359714783,3.64906686383064
ENSSSCG00000025598,5.54872614919234,5.15619351939602
ENSSSCG00000037274,10.4380167039098,10.2980101450086
ENSSSCG00000038730,7.08659097142859,7.59120431433999
ENSSSCG00000024373,7.39867071655788,7.33502377221755
ENSSSCG00000015903,4.0714928252209,0.372139121137058
ENSSSCG00000015911,-0.6037335549306,-0.702622497962026
ENSSSCG00000023924,3.49895732144611,3.77261681843486
ENSSSCG00000015905,-0.6037335549306,-1.54570714867312
ENSSSCG00000015880,5.40486298168331,5.38699393337877
ENSSSCG00000016017,8.51922283924036,7.31914323121263
ENSSSCG00000035702,4.22949370163713,4.13552408472035
ENSSSCG00000015882,6.31861690609978,6.45728014365975
ENSSSCG00000015883,4.89239027334682,4.85104026756696
ENSSSCG00000016018,3.80966955664192,2.44391141993357
ENSSSCG00000016279,4.25190830353837,4.28387392765433
ENSSSCG00000016019,6.93076894361877,6.88826341145275
ENSSSCG00000036050,4.7441321596516,4.97783403399885
ENSSSCG00000033334,5.32254223505146,5.47231288172762
ENSSSCG00000021956,3.43672601243127,4.34306192035883
ENSSSCG00000015885,4.54750682846432,1.48019588742595
ENSSSCG00000022177,5.80705244171022,5.71288297077377
ENSSSCG00000057909,-0.96807720485524,-0.174001573015732
ENSSSCG00000016020,3.13895906363686,3.4024168103526
ENSSSCG00000053123,-3.22005278102631,-0.624943747829482
ENSSSCG00000028949,3.98381788531011,4.20364273726976
ENSSSCG00000015988,8.77156009715186,8.28903239036199
ENSSSCG00000038466,5.87812085138081,6.41077556323308
ENSSSCG00000015987,7.82520444138287,7.75951563407542
ENSSSCG00000016290,2.64126856623983,2.18820728069852
ENSSSCG00000016259,4.52237304559854,4.40917883592708
ENSSSCG00000023983,5.80515904510945,5.26093848637382
ENSSSCG00000016260,2.24289690050099,2.54819961906087
ENSSSCG00000037351,-1.19180123640617,-1.28451287928067
ENSSSCG00000016261,4.60522917221993,4.42524523437298
ENSSSCG00000015886,1.72314896938536,-0.0169014492655093
ENSSSCG00000015888,5.31590867260505,5.51690524441059
ENSSSCG00000053075,-0.686560683805019,-2.27533557831912
ENSSSCG00000053639,-1.78143407576197,-0.871778856036138
ENSSSCG00000063481,-2.20115708176131,-1.06343627958185
ENSSSCG00000043178,-1.45670196380968,-0.174001573015732
ENSSSCG00000053965,-1.976085364955,0.409538950709052
ENSSSCG00000044287,-0.071311274400066,0.445993691080189
ENSSSCG00000046097,0.902775359205073,0.678241186296717
ENSSSCG00000050752,0.399364956748047,1.10033230279389
ENSSSCG00000062709,-1.78143407576197,0.169048095927475
ENSSSCG00000058986,-0.774434225214997,-0.289123515071902
ENSSSCG00000061915,1.27524029214877,2.07638127694377
ENSSSCG00000056258,2.07705469961597,1.61437655810064
ENSSSCG00000062618,-0.248748603557596,1.59827076196444
ENSSSCG00000061229,-0.451110226541143,-1.86487943217923
ENSSSCG00000052127,6.29047139625823,6.08784958340505
ENSSSCG00000034567,2.89019276770254,3.25611051968982
ENSSSCG00000016263,5.11811065997627,5.1493010609875
ENSSSCG00000032605,4.14818098370005,3.70654059047283
ENSSSCG00000035603,3.54959584587351,2.99827857643353
ENSSSCG00000038903,1.16144525464261,1.14536595329469
ENSSSCG00000015996,3.20363233164379,2.96726196308175
ENSSSCG00000023133,4.4196931698055,4.24560912629743
ENSSSCG00000038254,4.79271738408291,4.56439180639477
ENSSSCG00000016266,6.27687329897544,6.56323523724679
ENSSSCG00000050073,-0.071311274400066,-0.964427270899581
ENSSSCG00000015999,3.06493409078251,2.13337748815636
ENSSSCG00000041385,0.656208489639131,1.25215911194267
ENSSSCG00000049025,4.29571906444649,4.45461629104527
ENSSSCG00000036052,4.0004611099782,4.43207643678805
ENSSSCG00000057435,-0.525404570246514,1.64605858351007
ENSSSCG00000059972,-1.78143407576197,-1.28451287928067
ENSSSCG00000052644,2.78652913044763,3.17698894188192
ENSSSCG00000051792,-2.20115708176131,-0.964427270899581
ENSSSCG00000061660,-0.313099436094831,0.904668467894398
ENSSSCG00000041092,2.93243688704098,3.28658285617744
ENSSSCG00000050388,2.65814999344391,1.18903632798696
ENSSSCG00000018293,-1.07560684537938,-1.40920704473941
ENSSSCG00000019707,-0.071311274400066,-0.174001573015732
ENSSSCG00000016291,5.81554210966275,5.59304208006401
ENSSSCG00000053339,0.0359102671599988,-1.06343627958185
ENSSSCG00000023181,3.00020602359109,2.07638127694377
ENSSSCG00000056704,-1.78143407576197,-1.06343627958185
ENSSSCG00000062783,3.7079528973128,4.46797308528954
ENSSSCG00000041701,-1.07560684537938,0.212017947135459
ENSSSCG00000060864,-0.96807720485524,-1.86487943217923
ENSSSCG00000054266,1.06346985097485,1.92963589847684
ENSSSCG00000015828,6.15133763071659,5.44892773551428
ENSSSCG00000015830,-1.45670196380968,-1.06343627958185
ENSSSCG00000015774,3.62451829412648,3.3213390526125
ENSSSCG00000015775,5.84992851463806,4.85612868314178
ENSSSCG00000021731,5.1587135431876,5.01773763720484
ENSSSCG00000015779,5.57340886100087,6.0784465364087
ENSSSCG00000024555,4.49444557226456,5.4217292985024
ENSSSCG00000015776,6.47208437148029,6.69591854828134
ENSSSCG00000015777,5.52591487645596,5.87874280769399
ENSSSCG00000015780,5.68160093593212,5.47672453666276
ENSSSCG00000015781,1.83129794321605,0.930627626435109
ENSSSCG00000015782,5.31324668362047,5.70350307589525
ENSSSCG00000015786,2.82441264416951,2.15556008292513
ENSSSCG00000034012,6.25137386195762,5.3296169098571
ENSSSCG00000015785,1.69069938953273,-0.78472289261437
ENSSSCG00000034623,1.77049457016102,0.647265633957376
ENSSSCG00000015784,5.14380834951412,5.11998768025969
ENSSSCG00000015711,0.689434225427014,-0.702622497962026
ENSSSCG00000038390,-0.071311274400066,0.333743892305565
ENSSSCG00000015790,6.13183053453816,6.6878550078942
ENSSSCG00000015709,5.18661604767241,4.64304027448696
ENSSSCG00000015710,7.27519084431865,7.27010737287567
ENSSSCG00000015791,5.28227547762598,5.1603132438677
ENSSSCG00000015789,3.85430141485533,3.20384783775857
ENSSSCG00000015792,3.5129450340698,3.78334117662288
ENSSSCG00000015798,3.80588715198576,4.00416716456465
ENSSSCG00000015793,4.67738713961771,4.11586000268243
ENSSSCG00000015794,5.41358831086513,5.3693075144551
ENSSSCG00000015795,4.94492629620376,5.24421627796292
ENSSSCG00000015796,7.50863381462316,7.34017780070553
ENSSSCG00000040445,7.11208556726582,5.04324412577071
ENSSSCG00000022919,1.55306939928711,2.69172925686298
ENSSSCG00000036679,6.63603546011971,7.05795486931904
ENSSSCG00000027211,5.09814591967378,5.4866017103815
ENSSSCG00000028646,5.99816844818499,5.83043879794058
ENSSSCG00000015695,5.34226185448042,5.13681104284072
ENSSSCG00000015667,3.58091887238019,4.17134688947373
ENSSSCG00000033241,1.38071206478968,0.904668467894398
ENSSSCG00000015696,6.88265144480235,6.88370261042776
ENSSSCG00000015668,5.27545371460337,5.39982754519845
ENSSSCG00000015669,4.14519046341781,4.43887544564125
ENSSSCG00000053606,-0.774434225214997,-1.40920704473941
ENSSSCG00000023627,3.26553038325255,3.38843606237055
ENSSSCG00000015697,6.29520061134084,6.74200191701085
ENSSSCG00000015677,3.48483266148308,3.08173696809818
ENSSSCG00000016399,5.70005885171724,5.72498636717766
ENSSSCG00000015699,-0.96807720485524,-0.481109027935221
ENSSSCG00000029073,-0.187145967968861,2.02910543258505
ENSSSCG00000015701,5.47442315809282,5.57977420233737
ENSSSCG00000023479,2.62418726304154,1.31263544737941
ENSSSCG00000015801,4.81170241273209,4.66059681610517
ENSSSCG00000031541,6.37139423639923,6.30559184264748
ENSSSCG00000015802,6.04865383818041,6.52327577915196
ENSSSCG00000032687,4.5632760418306,4.5539913667619
ENSSSCG00000054605,0.551677535663921,0.904668467894398
ENSSSCG00000016397,-0.248748603557596,-1.54570714867312
ENSSSCG00000027901,0.438976972203651,1.56550952137607
ENSSSCG00000015707,1.49787364177406,1.66164245403454
ENSSSCG00000043652,-1.60995061428548,-0.964427270899581
ENSSSCG00000040715,-0.451110226541143,0.372139121137058
ENSSSCG00000032198,4.68564383812519,4.62128802000242
ENSSSCG00000054718,1.88964201598903,2.13337748815636
ENSSSCG00000057261,2.73971541326485,3.13294671925228
ENSSSCG00000056347,2.26510581356419,2.49699765045707
ENSSSCG00000035195,4.4755223194615,4.16041892443633
ENSSSCG00000040172,1.36022556587904,-1.86487943217923
ENSSSCG00000040467,-0.380455165278715,-1.28451287928067
ENSSSCG00000048143,3.2710279851024,3.48357025840186
ENSSSCG00000039416,2.29779101573986,4.54141105348627
ENSSSCG00000015689,6.44498135539586,6.29376424922531
ENSSSCG00000035564,4.73421564024372,4.73429905934596
ENSSSCG00000015691,-0.6037335549306,-1.54570714867312
ENSSSCG00000015690,7.2310950838975,6.77416806934284
ENSSSCG00000015692,6.15505894410567,5.99786465426408
ENSSSCG00000015694,3.67515578070681,3.2302158225148
ENSSSCG00000054388,2.90441202540823,2.07638127694377
ENSSSCG00000053166,5.41607160017729,5.04473055607433
ENSSSCG00000047029,-0.868009231170092,-0.551234614202225
ENSSSCG00000056234,-0.868009231170092,-2.85117878809169
ENSSSCG00000055030,0.229053005082177,0.678241186296717
ENSSSCG00000054690,-1.78143407576197,-1.28451287928067
ENSSSCG00000053862,0.874162537149699,1.51492905093733
ENSSSCG00000016133,5.36171556486652,5.12280523284831
ENSSSCG00000016134,4.13618152792694,4.06695791884014
ENSSSCG00000016148,-0.6037335549306,0.79589242289581
ENSSSCG00000016123,3.77139171369143,3.75819252703796
ENSSSCG00000036676,3.20363233164379,3.01657343115509
ENSSSCG00000029998,4.06517798633305,5.08429597829784
ENSSSCG00000042730,-2.20115708176131,-0.78472289261437
ENSSSCG00000034395,4.77541459323819,5.1157510070207
ENSSSCG00000036466,4.08716004251789,3.69900843346431
ENSSSCG00000024696,4.85809991816693,4.73981552237143
ENSSSCG00000016140,4.20959112166562,6.30992504964985
ENSSSCG00000016141,2.39162541398217,2.50565850261184
ENSSSCG00000032040,-0.313099436094831,-0.289123515071902
ENSSSCG00000023264,6.42107303295058,5.78135317657327
ENSSSCG00000016147,5.02356921503594,5.44217604620629
ENSSSCG00000016151,4.05565359714783,2.70683005586903
ENSSSCG00000032311,3.26001175181962,3.48357025840186
ENSSSCG00000022830,3.07753836957622,4.08729521014085
ENSSSCG00000016156,5.21541552726595,5.3025365892674
ENSSSCG00000022197,6.2659017792625,6.06532492020273
ENSSSCG00000016395,3.48009354299061,3.99804206402155
ENSSSCG00000023716,1.81633565189514,-2.85117878809169
ENSSSCG00000022011,4.91539113841395,4.31130350329433
ENSSSCG00000015670,3.97710646081402,3.89961894959634
ENSSSCG00000016158,5.9865198103191,5.88539472015083
ENSSSCG00000034692,7.26764808183844,6.78532559320528
ENSSSCG00000023746,3.00681108817546,1.05384751029812
ENSSSCG00000015857,6.92554954005178,6.08134631461028
ENSSSCG00000026383,4.62253506799777,5.04769883008198
ENSSSCG00000050050,-1.60995061428548,-0.871778856036138
ENSSSCG00000055275,-0.071311274400066,-2.85117878809169
ENSSSCG00000016125,3.08379945350479,3.58920817305299
ENSSSCG00000051934,0.358634535634919,0.445993691080189
ENSSSCG00000016127,6.41673953933948,6.23312654437913
ENSSSCG00000043724,-1.976085364955,-0.78472289261437
ENSSSCG00000051876,-1.19180123640617,-0.230414558288775
ENSSSCG00000042361,-0.686560683805019,-0.624943747829482
ENSSSCG00000061770,-0.525404570246514,0.124759019246936
ENSSSCG00000059296,-0.380455165278715,0.333743892305565
ENSSSCG00000027331,9.25255013400702,9.06215977563765
ENSSSCG00000060173,2.26510581356419,2.25136556593904
ENSSSCG00000016128,8.80711624001788,8.32219897968482
ENSSSCG00000057595,-1.31818014718968,-0.414234639036479
ENSSSCG00000016129,0.13571138072984,0.647265633957376
ENSSSCG00000016130,0.0359102671599988,1.48019588742595
ENSSSCG00000021343,3.77526552432603,3.37903972325696
ENSSSCG00000016131,1.60623101893403,0.51625090059353
ENSSSCG00000016090,7.26558410215504,7.36508052344154
ENSSSCG00000032849,5.21684051984079,4.75442379209726
ENSSSCG00000025228,7.15805768300583,7.28055352521143
ENSSSCG00000015859,5.84992851463806,5.52757550611114
ENSSSCG00000016323,6.2700258831137,6.02522844224068
ENSSSCG00000016342,3.62021716865338,3.4614817017213
ENSSSCG00000028633,5.65451554944637,5.98165943068977
ENSSSCG00000016338,4.87082822536318,4.38825559595382
ENSSSCG00000039230,5.02030860192329,5.03429323831529
ENSSSCG00000016313,-0.451110226541143,-3.82416175559903
ENSSSCG00000034293,4.32244021673114,3.77261681843486
ENSSSCG00000016317,5.91018358608904,5.3161402880247
ENSSSCG00000016091,2.80937840000644,2.66104503944852
ENSSSCG00000016092,3.22077869811913,1.56550952137607
ENSSSCG00000029606,4.42955908949299,2.96097781055992
ENSSSCG00000016318,-0.868009231170092,-1.40920704473941
ENSSSCG00000016321,6.71429238065147,6.94030087984329
ENSSSCG00000016306,5.51553094066225,5.80522802490009
ENSSSCG00000036274,6.79712098094004,6.3798999823697
ENSSSCG00000024777,3.43182593067921,3.64515263246846
ENSSSCG00000015839,0.985358817624548,0.294298826806809
ENSSSCG00000016322,6.31529490084173,4.47901005509696
ENSSSCG00000016340,4.74215430125552,4.91094784212134
ENSSSCG00000016330,7.56398707501115,7.65171369772686
ENSSSCG00000022671,0.399364956748047,-0.551234614202225
ENSSSCG00000015840,4.01691452263613,4.21160498650596
ENSSSCG00000038933,2.10194590665749,2.12215696247678
ENSSSCG00000015842,6.7218393925467,6.4595107619048
ENSSSCG00000015843,4.910115700849,4.63121608403258
ENSSSCG00000015844,5.85634285333207,4.78320392685906
ENSSSCG00000016332,-2.79553649653186,-0.871778856036138
ENSSSCG00000016331,2.85401912853735,3.25611051968982
ENSSSCG00000027723,4.61390806913347,4.39293149909293
ENSSSCG00000015845,5.78896404914695,5.42857712978116
ENSSSCG00000047196,0.273552666612953,-0.551234614202225
ENSSSCG00000015846,7.34266369522304,7.61140664800997
ENSSSCG00000038895,5.21398912579205,5.14376328703917
ENSSSCG00000016334,0.874162537149699,1.44460584430091
ENSSSCG00000038085,6.32325489986924,6.12134285634458
ENSSSCG00000033402,8.8599429273589,8.4061238075462
ENSSSCG00000052231,2.973479148401,1.85025758473298
ENSSSCG00000055535,0.438976972203651,-0.174001573015732
ENSSSCG00000056992,-0.868009231170092,-0.551234614202225
ENSSSCG00000016335,-0.313099436094831,-0.35032329061541
ENSSSCG00000041970,0.183136955639335,-1.16974403207503
ENSSSCG00000053201,-0.451110226541143,-0.871778856036138
ENSSSCG00000026600,-0.525404570246514,1.73713253770228
ENSSSCG00000056836,-1.31818014718968,-0.702622497962026
ENSSSCG00000058891,-1.78143407576197,-0.289123515071902
ENSSSCG00000055073,-0.6037335549306,0.0318806818288641
ENSSSCG00000016339,5.32386529521647,5.9051683918046
ENSSSCG00000016343,0.438976972203651,-1.40920704473941
ENSSSCG00000048787,2.16235749758156,2.5565593570002
ENSSSCG00000060414,0.551677535663921,0.85130538708557
ENSSSCG00000058313,0.689434225427014,1.83659263049607
ENSSSCG00000060686,1.03789987789575,1.51492905093733
ENSSSCG00000016093,0.273552666612953,-0.551234614202225
ENSSSCG00000016094,7.49665856222327,7.28118420095387
ENSSSCG00000016095,7.21192948610563,8.24121484190967
ENSSSCG00000016096,4.42955908949299,4.56439180639477
ENSSSCG00000039654,5.95099871400634,6.43704784393965
ENSSSCG00000016098,4.03318240403036,4.22739885414628
ENSSSCG00000036339,5.01867552772342,5.43198889501237
ENSSSCG00000016100,4.98729063289967,4.90277462445624
ENSSSCG00000016101,6.25692557068227,6.67062903412635
ENSSSCG00000026940,3.13293333695807,2.8013109451847
ENSSSCG00000028157,3.91525585396758,4.16589325392121
ENSSSCG00000016105,6.37267326514267,6.91573573525266
ENSSSCG00000016104,5.31457829208385,4.5602406234569
ENSSSCG00000031271,5.94671115920423,5.82439365327476
ENSSSCG00000016107,-2.20115708176131,-0.871778856036138
ENSSSCG00000035161,4.22099762230059,3.97950917118174
ENSSSCG00000026184,1.55306939928711,0.550136777985776
ENSSSCG00000016109,5.87270709425761,5.08140212872823
ENSSSCG00000022296,2.27608336519157,2.01704038155276
ENSSSCG00000016110,5.74223056805397,6.23182216384115
ENSSSCG00000035842,6.57122527863168,6.353755705575
ENSSSCG00000022225,6.26865249132566,6.17118956201463
ENSSSCG00000016113,4.86720301054597,5.00557674002046
ENSSSCG00000016114,4.56103382250096,4.56853107906096
ENSSSCG00000016115,1.13756809465378,1.3322436929096
ENSSSCG00000016116,4.80034140148673,4.86119921482685
ENSSSCG00000016117,4.29571906444649,4.57677416558981
ENSSSCG00000055761,4.54750682846432,3.88972788725591
ENSSSCG00000034630,6.31129837092828,6.70722618602119
ENSSSCG00000016119,3.13895906363686,3.82891367424594
ENSSSCG00000055400,4.09337959831602,3.57281732362671
ENSSSCG00000016111,4.86174805063218,5.08718403481786
ENSSSCG00000059844,-0.774434225214997,-0.78472289261437
ENSSSCG00000057139,0.58736937234432,0.823864935560437
ENSSSCG00000043041,-0.774434225214997,0.0318806818288641
ENSSSCG00000062970,2.12641493269169,2.39813013632454
ENSSSCG00000059497,-0.774434225214997,-2.53471534769233
ENSSSCG00000059754,4.26298635018155,5.16168387523602
ENSSSCG00000057431,0.985358817624548,2.33149300780735
ENSSSCG00000060191,-0.380455165278715,0.124759019246936
ENSSSCG00000061566,0.689434225427014,1.35158900457553
ENSSSCG00000019687,-0.128066380263549,0.253744895693059
ENSSSCG00000040898,-0.380455165278715,-0.289123515071902
ENSSSCG00000016118,3.29281126295419,3.7509259372459
ENSSSCG00000016034,12.1000871623933,10.1122822842424
ENSSSCG00000016035,8.31250369270676,7.49308618935126
ENSSSCG00000016036,4.48027645305758,4.83394808526107
ENSSSCG00000027157,7.8030808367403,7.18234818881483
ENSSSCG00000031954,5.46366050159774,5.89942901341719
ENSSSCG00000032814,6.65192478218664,7.09608925828112
ENSSSCG00000016067,4.4826476578462,4.87296160819045
ENSSSCG00000055181,1.65750311577385,1.92963589847684
ENSSSCG00000016069,4.38715485538308,4.81839004793703
ENSSSCG00000016070,4.99229175929187,4.99177207174354
ENSSSCG00000061027,1.01186851910195,3.5267579808414
ENSSSCG00000016073,4.8941726483828,5.46899526475408
ENSSSCG00000016074,4.00376683837186,4.09878908435793
ENSSSCG00000063544,5.76967540128639,6.55230400927072
ENSSSCG00000016076,4.55653890219201,4.20630170597606
ENSSSCG00000016077,7.58206820845908,8.22753693705383
ENSSSCG00000016078,6.91285747143334,7.49335836632863
ENSSSCG00000016079,5.41110073973308,5.53816742894123
ENSSSCG00000037483,4.22949370163713,4.56853107906096
ENSSSCG00000061867,-0.128066380263549,2.09945066583008
ENSSSCG00000021657,-1.31818014718968,0.0318806818288641
ENSSSCG00000016085,1.44048186623276,0.79589242289581
ENSSSCG00000016086,2.47020003230929,3.24580834698678
ENSSSCG00000016087,1.90386667628305,1.83659263049607
ENSSSCG00000016041,4.69589870083503,3.47035774820873
ENSSSCG00000041398,1.33944395982878,0.678241186296717
ENSSSCG00000016042,-0.071311274400066,0.212017947135459
ENSSSCG00000016043,4.58991432698507,4.90441297644775
ENSSSCG00000016045,4.13919076147208,3.81504406924068
ENSSSCG00000016044,6.07009899982013,5.15344048620736
ENSSSCG00000033941,-0.248748603557596,-0.289123515071902
ENSSSCG00000016049,4.78505286291507,4.06109421530442
ENSSSCG00000016050,3.92575018851997,2.57313489923399
ENSSSCG00000016052,4.40226377999428,4.30387428077335
ENSSSCG00000016053,3.35107288630203,3.47917951940272
ENSSSCG00000029547,6.15877068336283,6.65173249184495
ENSSSCG00000016056,5.58669626462812,5.85860104442169
ENSSSCG00000016057,7.27484884564486,6.69922577435686
ENSSSCG00000016059,0.0359102671599988,-0.702622497962026
ENSSSCG00000016061,4.24354358486353,4.6893911272279
ENSSSCG00000016062,3.67515578070681,5.08429597829784
ENSSSCG00000026618,7.18378846336561,5.95897725672264
ENSSSCG00000016064,1.13756809465378,1.18903632798696
ENSSSCG00000034494,3.04581876338901,4.42067306302497
ENSSSCG00000059388,-1.19180123640617,-0.174001573015732
ENSSSCG00000050974,0.689434225427014,0.212017947135459
ENSSSCG00000048686,-1.45670196380968,-1.16974403207503
ENSSSCG00000056318,-1.45670196380968,0.0318806818288641
ENSSSCG00000057911,0.902775359205073,2.32171709503593
ENSSSCG00000062435,3.4513271840174,5.15344048620736
ENSSSCG00000016075,9.03756252984371,9.38404976034887
ENSSSCG00000016083,3.65847332354346,5.85182414526989
ENSSSCG00000015944,5.86636526046683,5.97465822213306
ENSSSCG00000015945,2.67483616828021,2.7942588453812
ENSSSCG00000015947,3.09003348262316,4.04632983398618
ENSSSCG00000025049,4.95861870691914,5.06830748898315
ENSSSCG00000015914,0.0359102671599988,-0.702622497962026
ENSSSCG00000034351,4.20385387305167,4.71388962247809
ENSSSCG00000036153,0.358634535634919,1.44460584430091
ENSSSCG00000022496,5.32121796042666,4.79914396241639
ENSSSCG00000032715,3.26553038325255,4.48996323003244
ENSSSCG00000015923,4.66073061401041,4.4877792376076
ENSSSCG00000015924,3.67929642676093,3.68000417823861
ENSSSCG00000027516,5.7402500991664,5.57977420233737
ENSSSCG00000023297,4.17482032190468,4.39991706035706
ENSSSCG00000015965,2.24289690050099,3.2249806386688
ENSSSCG00000027348,5.83515918609015,6.20880250411737
ENSSSCG00000022345,5.51205295330468,4.97003209620448
ENSSSCG00000038076,5.9180891551232,5.95423953757125
ENSSSCG00000015973,7.07720735998137,7.19946508796446
ENSSSCG00000015976,4.55878811291572,4.51591646415802
ENSSSCG00000015926,3.00020602359109,2.53133340228058
ENSSSCG00000015930,0.515080245807192,-0.964427270899581
ENSSSCG00000040746,8.08680083130835,7.37722504864279
ENSSSCG00000015931,4.38715485538308,4.36939894340719
ENSSSCG00000057938,0.689434225427014,1.67705978623095
ENSSSCG00000015933,3.7280788200133,3.85964119624197
ENSSSCG00000031123,5.93550351437316,6.21673640542722
ENSSSCG00000015948,6.54650485802362,6.53178076516095
ENSSSCG00000015935,5.97814139180601,6.19414271927992
ENSSSCG00000015936,2.22034075006793,2.39813013632454
ENSSSCG00000015937,5.4720383857518,6.5433938523407
ENSSSCG00000015938,6.88802808297148,7.02105220756349
ENSSSCG00000028458,3.52219539589792,3.88972788725591
ENSSSCG00000015940,5.95014222181702,6.31793806660558
ENSSSCG00000015949,5.32650778106284,5.34296880694927
ENSSSCG00000032177,-0.187145967968861,-0.414234639036479
ENSSSCG00000015952,5.10431839526487,4.73614022506195
ENSSSCG00000015951,2.83929183176385,3.29159958611275
ENSSSCG00000038355,0.58736937234432,0.678241186296717
ENSSSCG00000035909,4.86901675663762,5.2259883046466
ENSSSCG00000022233,-2.20115708176131,1.03003110897365
ENSSSCG00000015955,7.86573662850819,7.22361767053707
ENSSSCG00000015943,7.27382236291841,6.67878915796015
ENSSSCG00000015958,4.50847688485433,4.42524523437298
ENSSSCG00000015959,3.39201434103731,3.48794767503683
ENSSSCG00000015981,0.47753036411502,-1.40920704473941
ENSSSCG00000015982,3.14495972721505,2.45289588892133
ENSSSCG00000040349,4.10573884452747,4.10450186370333
ENSSSCG00000015984,3.65847332354346,2.97974874118209
ENSSSCG00000015985,2.54471531554339,2.31187448705517
ENSSSCG00000022222,4.38208317888707,4.15216828374264
ENSSSCG00000015960,7.70240837549436,6.72402318266471
ENSSSCG00000015961,1.57100848239729,1.23142354660134
ENSSSCG00000015962,6.43705585634021,6.81132018988726
ENSSSCG00000015963,5.64077974877108,5.51261494421435
ENSSSCG00000053311,-0.774434225214997,0.0790671408551012
ENSSSCG00000057272,0.930831724376776,1.12302483629253
ENSSSCG00000058055,-0.774434225214997,0.124759019246936
ENSSSCG00000052315,-1.19180123640617,-0.551234614202225
ENSSSCG00000058207,-0.686560683805019,-0.174001573015732
ENSSSCG00000043455,-0.525404570246514,-0.551234614202225
ENSSSCG00000050000,-0.774434225214997,-0.624943747829482
ENSSSCG00000016185,7.62187355725915,7.46004641357781
ENSSSCG00000022483,-0.313099436094831,-2.27533557831912
ENSSSCG00000060885,4.85261036404725,5.11433601329505
ENSSSCG00000016186,6.77987124010666,6.61368110451329
ENSSSCG00000029002,4.93110268660768,4.74531097230522
ENSSSCG00000016187,6.16764008837359,5.96134029465412
ENSSSCG00000036938,6.89516590543622,7.03831636814501
ENSSSCG00000016196,0.13571138072984,-0.0169014492655093
ENSSSCG00000016194,3.80209480468758,4.09017727487734
ENSSSCG00000016193,4.94492629620376,4.95113348098521
ENSSSCG00000016192,0.47753036411502,1.44460584430091
ENSSSCG00000016191,4.71619230465223,5.1493010609875
ENSSSCG00000035775,3.37679712473895,3.82545875338268
ENSSSCG00000016202,4.39220876525379,4.56646292723879
ENSSSCG00000026964,6.05264928971375,6.6566014047225
ENSSSCG00000015671,-0.6037335549306,-0.702622497962026
ENSSSCG00000057499,4.13618152792694,3.97950917118174
ENSSSCG00000034942,2.24289690050099,6.35734885534529
ENSSSCG00000021898,5.41110073973308,5.12139714438139
ENSSSCG00000022301,5.0154038231113,4.47018724442896
ENSSSCG00000015821,-0.774434225214997,-2.27533557831912
ENSSSCG00000038325,-0.248748603557596,-2.05555929136582
ENSSSCG00000015823,5.78416601014663,6.25768830188691
ENSSSCG00000040833,3.65005919311859,3.59733428976383
ENSSSCG00000015826,4.64387953334966,4.89290524774863
ENSSSCG00000039480,6.48633377915949,6.23898170646903
ENSSSCG00000055460,5.88888779830326,5.69121732285672
ENSSSCG00000063257,-1.976085364955,-1.16974403207503
ENSSSCG00000016026,0.656208489639131,-0.551234614202225
ENSSSCG00000034468,4.84341443242693,5.13402073729621
ENSSSCG00000016189,6.28028485796996,6.2525520416878
ENSSSCG00000036261,7.67907831636563,7.55306743984728
ENSSSCG00000055566,5.00554395541667,5.06976833209942
ENSSSCG00000016378,5.34487088878949,5.68551149439155
ENSSSCG00000016376,5.52706404705212,5.56327520257934
ENSSSCG00000016379,9.16676845315473,8.29965418413732
ENSSSCG00000016370,8.30950152490522,8.21091731576242
ENSSSCG00000016368,5.23804821192958,5.22467745129542
ENSSSCG00000016372,7.001097840129,6.71984223201894
ENSSSCG00000016400,2.26510581356419,1.96774514707322
ENSSSCG00000032684,5.63546172943387,5.51154037267572
ENSSSCG00000016374,3.91876245422037,4.01330633086429
ENSSSCG00000032919,5.01212468214923,5.12139714438139
ENSSSCG00000034147,4.03641408310966,4.01026637030448
ENSSSCG00000032505,5.44675735151854,5.7053839399974
ENSSSCG00000063392,1.84610665102851,1.18903632798696
ENSSSCG00000034101,5.70412873722908,5.80873167576484
ENSSSCG00000016201,5.68056853903119,6.0446733050152
ENSSSCG00000016199,6.82775337078712,5.4701019849819
ENSSSCG00000016200,6.24090647271242,4.38591194894517
ENSSSCG00000036932,4.0809135576596,2.05293699456738
ENSSSCG00000040776,-0.686560683805019,-3.82416175559903
ENSSSCG00000016203,8.03159543445985,8.3692275093687
ENSSSCG00000016204,3.74792783995943,3.00440267505079
ENSSSCG00000016206,5.30120657359952,5.51154037267572
ENSSSCG00000016207,7.05188185107161,7.07950669343649
ENSSSCG00000016208,6.18448886299459,6.44719946063312
ENSSSCG00000016210,5.07161422501322,5.05213982164083
ENSSSCG00000016211,6.05901908551679,6.47171789246677
ENSSSCG00000016213,6.40491115921575,5.87038455358443
ENSSSCG00000016214,5.60313525187246,5.56016052337376
ENSSSCG00000016216,4.9822721096957,5.94551310298757
ENSSSCG00000016215,7.5673422313822,7.6677193483884
ENSSSCG00000016217,6.19681704347561,6.6111751868869
ENSSSCG00000016218,1.33944395982878,-0.0169014492655093
ENSSSCG00000016220,5.32914543569624,5.15344048620736
ENSSSCG00000020785,11.7717349171743,11.521885816257
ENSSSCG00000032522,5.63759129012053,6.28498671059263
ENSSSCG00000023935,5.40486298168331,4.44339038221649
ENSSSCG00000029968,-1.60995061428548,0.372139121137058
ENSSSCG00000021610,7.33086759712078,6.10647379225352
ENSSSCG00000027541,2.98020742906681,2.70683005586903
ENSSSCG00000028052,7.02325619377716,6.98782455541337
ENSSSCG00000020771,5.1211577835196,3.27142714031653
ENSSSCG00000032964,6.09045291295559,5.87957597596941
ENSSSCG00000022846,6.85546351778607,5.95503023866078
ENSSSCG00000016170,1.65750311577385,0.98118532635575
ENSSSCG00000016183,0.656208489639131,-1.06343627958185
ENSSSCG00000015808,5.6503030611843,5.55077593509457
ENSSSCG00000028592,5.13629760474782,4.66446942463303
ENSSSCG00000015810,1.94571802033876,-1.06343627958185
ENSSSCG00000033367,5.77161591243067,5.86534625862362
ENSSSCG00000056490,0.399364956748047,-0.0169014492655093
ENSSSCG00000062496,-1.60995061428548,-1.28451287928067
ENSSSCG00000015814,5.24365133741398,6.14578906818281
ENSSSCG00000015815,6.4111487094142,5.78135317657327
ENSSSCG00000015816,3.06493409078251,3.01050088731778
ENSSSCG00000015820,5.58117471119953,5.84501526208916
ENSSSCG00000015819,4.48973797772101,3.82545875338268
ENSSSCG00000015818,6.86685415137423,6.19615057410542
ENSSSCG00000015742,1.53490444243865,1.58198313393422
ENSSSCG00000015741,5.65661719006181,5.87790915797897
ENSSSCG00000035189,3.03939028735737,-0.0673909604895641
ENSSSCG00000015735,5.21256131263037,3.97950917118174
ENSSSCG00000015734,5.26997298383171,5.14376328703917
ENSSSCG00000035628,6.1888520248449,5.40562347787441
ENSSSCG00000027105,3.69164753504792,3.55623811122485
ENSSSCG00000036898,5.81742193726398,5.4887874847577
ENSSSCG00000040778,2.93935885962289,3.26123414910473
ENSSSCG00000023665,5.09504975034944,4.92069497271026
ENSSSCG00000039562,6.10437773092913,6.02145881131102
ENSSSCG00000028195,3.33541525760166,2.84973339804375
ENSSSCG00000031951,6.65875617795028,6.81568000414487
ENSSSCG00000023693,1.55306939928711,-0.702622497962026
ENSSSCG00000030354,2.3297520885663,3.2764967565249
ENSSSCG00000015721,5.28227547762598,5.19419433590397
ENSSSCG00000043454,1.55306939928711,1.92963589847684
ENSSSCG00000015720,5.46005503283644,5.0372830421401
ENSSSCG00000041958,3.79448007211224,4.40223808444598
ENSSSCG00000036716,8.46673896585526,8.05646781245031
ENSSSCG00000035392,6.59059117591283,6.27298826933367
ENSSSCG00000015861,5.62905412150816,5.85436921442438
ENSSSCG00000015860,3.79448007211224,3.87976854376592
ENSSSCG00000015862,7.45107173304207,7.51684333784077
ENSSSCG00000040850,1.49787364177406,2.27181848867676
ENSSSCG00000015864,1.0885945093173,1.64605858351007
ENSSSCG00000035410,5.83886571723934,6.11073775674798
ENSSSCG00000015866,4.71215635638209,5.19017036770102
ENSSSCG00000015867,6.64559003775809,6.84028246160841
ENSSSCG00000015868,4.03963853930977,4.03739812999795
ENSSSCG00000016173,4.52467611478334,4.85951101693745
ENSSSCG00000016175,4.910115700849,5.29131008199206
ENSSSCG00000022758,6.18667209336519,5.63706435075708
ENSSSCG00000057002,2.3297520885663,2.96726196308175
ENSSSCG00000016177,5.34617363871415,5.28629234350086
ENSSSCG00000016174,7.76462542489339,7.2041285349163
ENSSSCG00000035501,5.37963869856682,5.36336352821136
ENSSSCG00000055833,-0.774434225214997,-0.35032329061541
ENSSSCG00000016381,6.33314353247249,6.01009045752365
ENSSSCG00000020790,5.43578551920261,5.41484880853839
ENSSSCG00000047413,2.12641493269169,0.583244978335558
ENSSSCG00000016364,6.13183053453816,6.08207034937564
ENSSSCG00000028180,3.9971477895836,4.18219270048509
ENSSSCG00000016367,5.8013647808669,5.79466572850851
ENSSSCG00000037779,4.39724503254158,4.59108719892407
ENSSSCG00000040095,2.3297520885663,1.78060050223319
ENSSSCG00000035083,-0.774434225214997,-1.54570714867312
ENSSSCG00000016401,3.12080585067565,2.22013201354959
ENSSSCG00000015825,6.63603546011971,7.27232955265782
ENSSSCG00000015850,3.57203861517619,2.02910543258505
ENSSSCG00000015851,5.66081130886095,5.53288118792569
ENSSSCG00000062026,-1.78143407576197,-1.06343627958185
ENSSSCG00000056762,-2.20115708176131,-1.06343627958185
ENSSSCG00000022797,5.08416052936819,5.15619351939602
ENSSSCG00000033634,4.37444207714264,4.44564256294846
ENSSSCG00000035366,3.9430728702114,4.54981010610583
ENSSSCG00000015853,6.64559003775809,7.17388279107248
ENSSSCG00000057372,0.0359102671599988,-1.16974403207503
ENSSSCG00000035828,3.83215807275418,3.0286423715673
ENSSSCG00000033126,6.84259832022103,7.0427862906454
ENSSSCG00000028679,7.23812933550849,7.221976221117
ENSSSCG00000016002,1.29696053674266,2.08796208222624
ENSSSCG00000016005,4.0492688917079,4.34547616188606
ENSSSCG00000016205,4.36161627946186,4.03739812999795
ENSSSCG00000016349,5.95185469801922,5.83043879794058
ENSSSCG00000055593,0.183136955639335,0.79589242289581
ENSSSCG00000051581,-0.6037335549306,-1.6964847871246
ENSSSCG00000016365,5.63332902065736,6.79507333902519
ENSSSCG00000020515,-1.60995061428548,-0.702622497962026
ENSSSCG00000016212,4.42955908949299,4.72134468506831
ENSSSCG00000015673,0.273552666612953,-0.414234639036479
ENSSSCG00000025298,3.91876245422037,4.07570902894581
ENSSSCG00000015355,5.73727428892082,1.69231410194732
ENSSSCG00000015356,-0.774434225214997,0.930627626435109
ENSSSCG00000015357,0.689434225427014,0.169048095927475
ENSSSCG00000015358,1.94571802033876,1.70740881248283
ENSSSCG00000021126,2.24289690050099,-0.0673909604895641
ENSSSCG00000015360,5.99484985216915,6.20946533158455
ENSSSCG00000023118,6.43827800138246,6.0131307883886
ENSSSCG00000024591,2.34025034678746,1.03003110897365
ENSSSCG00000015378,2.69133155577395,3.40704711347586
ENSSSCG00000015379,6.87364561190866,7.07478556356557
ENSSSCG00000015380,4.17775011141718,3.78334117662288
ENSSSCG00000038345,1.29696053674266,3.45702311573383
ENSSSCG00000015362,7.9027284044978,6.78176456520796
ENSSSCG00000015363,7.94159903378512,4.77963765158213
ENSSSCG00000030484,5.27682065017725,4.85612868314178
ENSSSCG00000024761,6.19030348469843,6.00932937262905
ENSSSCG00000039946,4.96711093826374,4.17677998695833
ENSSSCG00000015368,4.02344370410475,4.70074984054406
ENSSSCG00000023303,2.40168448112881,1.95515358576145
ENSSSCG00000054202,5.91633610193717,5.06391606329236
ENSSSCG00000026412,6.05105243667255,6.36926179780614
ENSSSCG00000022126,7.59033752581431,7.99166813462005
ENSSSCG00000015350,1.91795245276096,3.18240087297536
ENSSSCG00000032740,7.28609221412668,7.38780488951549
ENSSSCG00000022543,-0.686560683805019,-0.35032329061541
ENSSSCG00000045406,-3.82416175559903,-0.624943747829482
ENSSSCG00000049585,-1.45670196380968,-0.551234614202225
ENSSSCG00000015353,5.98066003034707,5.82698753183571
ENSSSCG00000022009,1.23079346436338,0.333743892305565
ENSSSCG00000032709,5.55549978627335,5.86366290933903
ENSSSCG00000024313,6.98947292627586,7.19579034654536
ENSSSCG00000026722,5.5039048935229,5.26731884482486
ENSSSCG00000058909,3.20363233164379,2.75847181319094
ENSSSCG00000058419,3.17459427656436,3.80103983095647
ENSSSCG00000054609,-2.46795088038493,-1.06343627958185
ENSSSCG00000041760,0.13571138072984,0.51625090059353
ENSSSCG00000055058,-0.774434225214997,-0.702622497962026
ENSSSCG00000054060,-0.96807720485524,0.333743892305565
ENSSSCG00000015631,5.34747521332019,5.34658888925348
ENSSSCG00000053246,-1.78143407576197,-1.06343627958185
ENSSSCG00000015632,2.22034075006793,2.1108484849407
ENSSSCG00000038506,7.22579679566795,7.00968063664815
ENSSSCG00000031141,3.2320974322928,2.44391141993357
ENSSSCG00000015611,4.73620440460341,4.7598639818861
ENSSSCG00000015612,6.38095942626565,6.823927527778
ENSSSCG00000015613,5.39734189610712,5.61321887453898
ENSSSCG00000032721,4.89595282410356,4.18219270048509
ENSSSCG00000015616,7.5001738150102,6.65075673432369
ENSSSCG00000015618,6.06456967937578,4.59108719892407
ENSSSCG00000015619,6.38793381161852,6.06605703826803
ENSSSCG00000015617,5.47561406763136,4.36464601690874
ENSSSCG00000057883,-1.976085364955,-0.78472289261437
ENSSSCG00000052946,1.84610665102851,0.372139121137058
ENSSSCG00000053833,3.24332805561604,2.81531256473901
ENSSSCG00000058599,2.20892903416734,3.29659893164535
ENSSSCG00000047638,0.183136955639335,-0.871778856036138
ENSSSCG00000035996,-0.071311274400066,0.550136777985776
ENSSSCG00000051304,-0.451110226541143,-1.54570714867312
ENSSSCG00000019663,0.958352864156609,0.956127932608039
ENSSSCG00000019034,0.183136955639335,-0.78472289261437
ENSSSCG00000014976,2.15047586045883,2.01704038155276
ENSSSCG00000024022,4.32508531169335,1.16736637209713
ENSSSCG00000014977,6.41549900371293,3.14962050828442
ENSSSCG00000015020,2.17414207960379,2.5565593570002
ENSSSCG00000015021,6.0669419835308,6.02673354101265
ENSSSCG00000015022,2.81691510587633,1.83659263049607
ENSSSCG00000032941,5.38725239876187,5.70161975647976
ENSSSCG00000029538,6.21547046527307,5.89942901341719
ENSSSCG00000015023,4.7657114994773,4.74531097230522
ENSSSCG00000015027,5.09194692203948,4.93999387046855
ENSSSCG00000021871,2.28697801836366,1.73713253770228
ENSSSCG00000036724,4.31713543332827,4.22215341960819
ENSSSCG00000015035,3.09003348262316,3.31149385632478
ENSSSCG00000049415,2.01288038415818,2.49699765045707
ENSSSCG00000015036,3.99382684223589,4.65282027324832
ENSSSCG00000015030,5.8416393796689,5.94392079191933
ENSSSCG00000015031,5.56336237580262,5.73146176517888
ENSSSCG00000015044,4.85627238671508,4.94795950229678
ENSSSCG00000023599,4.66699936862858,4.7670858037005
ENSSSCG00000015034,6.57511931045335,6.75159076599943
ENSSSCG00000015037,2.88303023659174,2.1108484849407
ENSSSCG00000037207,-2.46795088038493,0.51625090059353
ENSSSCG00000015320,0.316720715261423,-2.27533557831912
ENSSSCG00000015322,7.85570983809926,6.66918420884441
ENSSSCG00000015329,4.554286179396,5.03429323831529
ENSSSCG00000058261,2.43144759083636,-1.16974403207503
ENSSSCG00000015039,3.41205745805196,1.96774514707322
ENSSSCG00000015040,6.49751558816526,6.05945456220458
ENSSSCG00000014975,1.16144525464261,2.30196426756707
ENSSSCG00000015332,3.86524692547764,3.47477537670041
ENSSSCG00000029515,6.30795945134763,1.70740881248283
ENSSSCG00000015333,0.229053005082177,-3.82416175559903
ENSSSCG00000015331,6.35789552522554,5.16168387523602
ENSSSCG00000015334,7.10863544704367,8.33940934089171
ENSSSCG00000015335,1.40091172062405,-0.0673909604895641
ENSSSCG00000015336,5.42596223239699,4.75078556862451
ENSSSCG00000015205,4.64387953334966,3.81155573333132
ENSSSCG00000022504,4.94320557130479,6.99745134519468
ENSSSCG00000037534,-2.20115708176131,-0.289123515071902
ENSSSCG00000014987,1.90386667628305,-2.27533557831912
ENSSSCG00000014988,-0.774434225214997,-1.28451287928067
ENSSSCG00000015233,4.51775584817305,4.66253441976813
ENSSSCG00000014989,4.28760524652537,4.18758518243603
ENSSSCG00000025806,5.45523368186334,5.47341706084165
ENSSSCG00000015513,4.94148279161934,3.2406295410238
ENSSSCG00000015227,8.24653885523568,7.53863401070749
ENSSSCG00000033937,6.49751558816526,6.66773793515313
ENSSSCG00000015515,3.54506509105138,0.445993691080189
ENSSSCG00000015534,5.17346631733677,4.99331246305197
ENSSSCG00000015537,5.21113208498388,4.80792402424402
ENSSSCG00000030017,4.1835919013962,4.74531097230522
ENSSSCG00000015538,3.64583365363513,3.31642485261404
ENSSSCG00000014994,5.87451393815992,6.1595745712477
ENSSSCG00000015539,5.64077974877108,5.83988742787271
ENSSSCG00000022413,3.58533858691494,3.47917951940272
ENSSSCG00000015540,4.06833886086946,4.06402904613183
ENSSSCG00000015231,4.6794557485285,5.12561729354074
ENSSSCG00000015535,8.21426372646092,6.96876764311368
ENSSSCG00000015232,5.5877980439522,5.15756806843256
ENSSSCG00000015462,4.26849363650016,3.67233182298469
ENSSSCG00000015337,6.34817567048622,6.07190064623826
ENSSSCG00000022525,5.24085249484085,5.04918068006851
ENSSSCG00000015473,5.48036789939556,4.61729758517607
ENSSSCG00000015474,4.2266672308481,4.69129046740901
ENSSSCG00000038838,-0.0167046405169091,-0.35032329061541
ENSSSCG00000023850,1.84610665102851,1.8772052214074
ENSSSCG00000021059,-0.313099436094831,0.550136777985776
ENSSSCG00000015234,-0.686560683805019,-1.28451287928067
ENSSSCG00000015340,4.34346641910837,3.74362256161478
ENSSSCG00000038187,4.31447570902625,5.01014909750059
ENSSSCG00000015252,5.20108764917854,5.44668068139813
ENSSSCG00000015342,-0.313099436094831,3.56040081028268
ENSSSCG00000015476,2.36102042350312,-0.702622497962026
ENSSSCG00000015253,3.74002097233019,-0.230414558288775
ENSSSCG00000015343,5.26997298383171,5.52651202425053
ENSSSCG00000015480,7.26282752792838,7.3647830346038
ENSSSCG00000023886,5.13780288506433,4.99177207174354
ENSSSCG00000036169,4.43201506340047,4.42067306302497
ENSSSCG00000015345,3.36656240498575,3.92566830912856
ENSSSCG00000015235,4.70810908584026,4.31377143347378
ENSSSCG00000015346,5.89513160804564,5.27240289267437
ENSSSCG00000035066,1.03789987789575,2.92268698172859
ENSSSCG00000015237,3.73605122845562,2.96097781055992
ENSSSCG00000015482,5.2561793668333,5.04026666278459
ENSSSCG00000015509,6.58728971578101,6.00093083174875
ENSSSCG00000015238,4.73620440460341,4.72691080919883
ENSSSCG00000015512,6.86185334886904,3.13852608806589
ENSSSCG00000039332,3.09624068973912,1.70740881248283
ENSSSCG00000036157,3.63734526362365,4.91745324073692
ENSSSCG00000039322,5.81836093333299,3.4024168103526
ENSSSCG00000015519,4.13919076147208,4.96533060070222
ENSSSCG00000015200,3.67100321646479,3.06425498526989
ENSSSCG00000015324,6.86458320797269,6.98782455541337
ENSSSCG00000015201,4.63963582860906,5.06684516514793
ENSSSCG00000036385,4.84525831401773,4.23783285264826
ENSSSCG00000015202,2.22034075006793,0.0318806818288641
ENSSSCG00000015203,4.34346641910837,3.58920817305299
ENSSSCG00000021573,5.40361218711919,5.1493010609875
ENSSSCG00000015213,5.24783944669195,5.03129722562917
ENSSSCG00000046103,2.22034075006793,2.5565593570002
ENSSSCG00000031220,-2.46795088038493,-0.702622497962026
ENSSSCG00000015523,6.07796144781656,6.1595745712477
ENSSSCG00000015214,7.60564790301556,6.55439254354814
ENSSSCG00000015522,0.183136955639335,-0.78472289261437
ENSSSCG00000049961,1.72314896938536,1.23142354660134
ENSSSCG00000015524,6.18521697361121,6.40789083806503
ENSSSCG00000015525,5.33833943482593,5.35500058905182
ENSSSCG00000024674,3.00020602359109,3.88972788725591
ENSSSCG00000015326,10.9602109680637,8.63094941082268
ENSSSCG00000015215,2.29779101573986,1.76625620955041
ENSSSCG00000021464,3.83957701418461,3.51822324496375
ENSSSCG00000015528,4.53613663328599,4.71014759484874
ENSSSCG00000015527,1.65750311577385,2.75120663352335
ENSSSCG00000015526,2.34025034678746,1.10033230279389
ENSSSCG00000033352,-0.380455165278715,-0.289123515071902
ENSSSCG00000024913,3.5129450340698,2.84291461693407
ENSSSCG00000015222,3.34065337130757,3.30158101284314
ENSSSCG00000035741,5.48036789939556,5.08862589792323
ENSSSCG00000036943,-2.79553649653186,3.57693252722526
ENSSSCG00000015223,0.229053005082177,1.16736637209713
ENSSSCG00000015014,2.41167389764734,3.28658285617744
ENSSSCG00000015013,7.41272785065968,7.43561039956512
ENSSSCG00000015144,1.23079346436338,2.35084832090034
ENSSSCG00000029261,5.3409555658296,5.41484880853839
ENSSSCG00000032621,5.85451309335253,5.91820186055785
ENSSSCG00000062714,4.71417574184047,5.05213982164083
ENSSSCG00000053283,2.01288038415818,2.22013201354959
ENSSSCG00000015145,3.79448007211224,4.34064363200718
ENSSSCG00000015327,5.47918090918302,5.49423747625995
ENSSSCG00000015175,4.40975931685619,3.91270242209889
ENSSSCG00000015328,5.62154243164184,4.97315793618583
ENSSSCG00000025661,5.81177509023352,5.70161975647976
ENSSSCG00000036049,8.51647716631414,5.13122502458324
ENSSSCG00000015196,5.90665604641587,5.49641172121801
ENSSSCG00000031091,0.753674621171028,0.98118532635575
ENSSSCG00000015483,3.83957701418461,3.32623657035711
ENSSSCG00000015305,4.48973797772101,4.03141279196531
ENSSSCG00000015197,6.93596953239792,6.5554356779709
ENSSSCG00000015241,4.25468580026123,4.9076841093417
ENSSSCG00000038958,2.68310743737727,1.4081155707733
ENSSSCG00000015307,4.78889021334941,4.138311486972
ENSSSCG00000015242,5.53279620952376,5.96683904429988
ENSSSCG00000015243,3.12080585067565,3.47917951940272
ENSSSCG00000015244,8.66662870915497,8.34364230368024
ENSSSCG00000050889,-0.96807720485524,-0.871778856036138
ENSSSCG00000036436,4.72222513584158,5.34176009143201
ENSSSCG00000015309,4.0492688917079,4.76528373456444
ENSSSCG00000015310,6.94201328640795,7.42137712407579
ENSSSCG00000035945,5.13780288506433,5.24680157510061
ENSSSCG00000015246,7.05148259112392,6.63604061996282
ENSSSCG00000015015,-0.313099436094831,1.03003110897365
ENSSSCG00000031550,-0.686560683805019,-1.86487943217923
ENSSSCG00000015486,6.66189825266023,6.54706940738146
ENSSSCG00000015247,6.21760734535344,6.90718116082704
ENSSSCG00000015485,8.29490231992786,7.04167010771449
ENSSSCG00000015249,2.99357058002226,2.17740676095809
ENSSSCG00000015018,-1.31818014718968,-1.28451287928067
ENSSSCG00000015250,4.62897163062413,4.42752589772655
ENSSSCG00000015206,4.16599508484442,4.36464601690874
ENSSSCG00000015019,3.89759385518177,5.5254477578665
ENSSSCG00000015487,0.399364956748047,-0.871778856036138
ENSSSCG00000022536,3.61590318182574,3.57693252722526
ENSSSCG00000015488,1.16144525464261,0.904668467894398
ENSSSCG00000062098,3.07753836957622,2.97974874118209
ENSSSCG00000052493,-3.82416175559903,-0.78472289261437
ENSSSCG00000015211,5.33964809332735,4.12150571432688
ENSSSCG00000061235,3.26553038325255,3.4162633741764
ENSSSCG00000058788,8.85503246508821,5.67403168862787
ENSSSCG00000061608,6.92729144017627,2.58135179761789
ENSSSCG00000055795,-3.22005278102631,-0.551234614202225
ENSSSCG00000015212,2.58057768336524,2.32171709503593
ENSSSCG00000055536,-1.60995061428548,-1.06343627958185
ENSSSCG00000059161,-2.79553649653186,-0.871778856036138
ENSSSCG00000041219,0.0866736428889641,1.29275702200006
ENSSSCG00000063031,-0.380455165278715,-1.06343627958185
ENSSSCG00000058137,0.656208489639131,2.0048735807178
ENSSSCG00000055418,-0.96807720485524,-1.06343627958185
ENSSSCG00000056450,1.40091172062405,2.62174862191205
ENSSSCG00000059579,1.33944395982878,-0.0673909604895641
ENSSSCG00000041798,-1.976085364955,-0.289123515071902
ENSSSCG00000053247,-3.82416175559903,0.0318806818288641
ENSSSCG00000057612,-1.45670196380968,1.37067834071865
ENSSSCG00000058826,3.22077869811913,4.88960039478267
ENSSSCG00000046782,-1.78143407576197,-0.624943747829482
ENSSSCG00000061884,-0.248748603557596,0.169048095927475
ENSSSCG00000053939,1.623524972916,2.12215696247678
ENSSSCG00000015499,6.79712098094004,6.49691292541053
ENSSSCG00000056181,5.1211577835196,5.04769883008198
ENSSSCG00000015504,6.08578127892927,6.90103954454727
ENSSSCG00000031435,4.12408143035106,3.9638811293773
ENSSSCG00000015507,1.27524029214877,3.84265121000384
ENSSSCG00000040719,3.05859041486596,3.51393686828592
ENSSSCG00000015508,1.73910410091577,-0.551234614202225
ENSSSCG00000015541,4.35645386259809,4.53930362780532
ENSSSCG00000031784,-1.31818014718968,-0.964427270899581
ENSSSCG00000055479,-0.313099436094831,-0.289123515071902
ENSSSCG00000061013,-2.20115708176131,-0.702622497962026
ENSSSCG00000050064,-1.45670196380968,-0.871778856036138
ENSSSCG00000046238,-1.19180123640617,-0.702622497962026
ENSSSCG00000035617,3.9430728702114,4.92069497271026
ENSSSCG00000049217,-1.78143407576197,-0.964427270899581
ENSSSCG00000059282,0.358634535634919,1.92963589847684
ENSSSCG00000051167,-0.774434225214997,-0.702622497962026
ENSSSCG00000041310,1.0885945093173,2.29198550125994
ENSSSCG00000048488,-1.78143407576197,-0.119711717242417
ENSSSCG00000018758,-0.6037335549306,-3.82416175559903
ENSSSCG00000015311,6.72684888941654,6.15751512459695
ENSSSCG00000029092,0.753674621171028,1.46251061004157
ENSSSCG00000015313,4.90128020948336,4.98094303355547
ENSSSCG00000015314,5.59548702893816,5.60215657364276
ENSSSCG00000027356,-1.19180123640617,-0.551234614202225
ENSSSCG00000031835,4.23513008473597,4.18219270048509
ENSSSCG00000029967,4.43201506340047,3.7509259372459
ENSSSCG00000015315,3.62021716865338,4.04632983398618
ENSSSCG00000015316,-0.868009231170092,-0.0169014492655093
ENSSSCG00000045005,3.7868249346286,4.01026637030448
ENSSSCG00000040183,1.1132890985785,2.17740676095809
ENSSSCG00000027372,4.73620440460341,4.9495473644986
ENSSSCG00000025870,3.91525585396758,4.19831005265196
ENSSSCG00000022982,4.6794557485285,4.80617228142469
ENSSSCG00000049770,-0.774434225214997,-1.6964847871246
ENSSSCG00000053756,-0.774434225214997,-2.27533557831912
ENSSSCG00000055922,1.70701541088768,1.61437655810064
ENSSSCG00000054931,-0.248748603557596,0.212017947135459
ENSSSCG00000057692,6.67336099780386,2.43487064882408
ENSSSCG00000059783,-1.31818014718968,1.16736637209713
ENSSSCG00000014961,5.64184100430376,5.6488409011007
ENSSSCG00000014965,4.24633721660844,4.49649543996581
ENSSSCG00000014955,3.86160764102687,3.42997830511514
ENSSSCG00000014956,3.90468462268559,3.8392290700897
ENSSSCG00000030461,0.316720715261423,-1.86487943217923
ENSSSCG00000032360,3.57203861517619,3.19851591260962
ENSSSCG00000014957,5.54872614919234,4.90277462445624
ENSSSCG00000034113,-3.82416175559903,0.878233640758889
ENSSSCG00000037015,6.09433441884877,6.3585445860093
ENSSSCG00000014933,2.80180211518241,4.14109351412293
ENSSSCG00000014934,6.27892120230208,6.8577230846053
ENSSSCG00000014946,5.72830985120476,5.74524051601228
ENSSSCG00000038682,5.48510611821674,5.57051674319295
ENSSSCG00000014948,3.87611001904801,3.52249692414717
ENSSSCG00000014950,1.42083245509814,1.29275702200006
ENSSSCG00000024933,3.53596067044172,4.05225373045946
ENSSSCG00000014943,6.52710831189788,6.25448028279177
ENSSSCG00000014924,5.94154921686092,5.81484266481978
ENSSSCG00000014927,0.930831724376776,-0.414234639036479
ENSSSCG00000027093,2.54471531554339,2.66104503944852
ENSSSCG00000038588,-0.686560683805019,-2.27533557831912
ENSSSCG00000014935,1.86076489630265,4.53296281695554
ENSSSCG00000062029,3.85430141485533,1.79480357676921
ENSSSCG00000014959,0.622199479864748,3.09327503299889
ENSSSCG00000014960,4.70405042932197,6.44043965931035
ENSSSCG00000014967,4.24074453303866,4.78142189117872
ENSSSCG00000014969,4.7657114994773,4.52233247272101
ENSSSCG00000014970,5.79756051145255,5.78669294745071
ENSSSCG00000034879,5.51437254291368,5.05509290607859
ENSSSCG00000014972,4.99561623806536,5.60114669106076
ENSSSCG00000034924,4.5108022266219,4.84422767507354
ENSSSCG00000014915,4.42463456318673,4.42980296141655
ENSSSCG00000014921,8.48385488836181,6.19681923854709
ENSSSCG00000014920,4.7302298680067,3.7472788709232
ENSSSCG00000035619,4.77154118338875,4.44339038221649
ENSSSCG00000014939,-3.82416175559903,-0.78472289261437
ENSSSCG00000014929,2.13849555630404,-0.871778856036138
ENSSSCG00000057259,1.51650785122028,0.767366807455606
ENSSSCG00000061233,-0.774434225214997,-0.871778856036138
ENSSSCG00000052865,0.753674621171028,1.10033230279389
ENSSSCG00000060726,2.45095392453259,3.71776560175141
ENSSSCG00000041757,-0.525404570246514,-1.06343627958185
ENSSSCG00000059156,3.68342522284369,4.15216828374264
ENSSSCG00000050397,-1.31818014718968,-0.624943747829482
ENSSSCG00000059203,5.65451554944637,7.25862463781465
ENSSSCG00000062648,-3.82416175559903,0.212017947135459
ENSSSCG00000060928,-3.22005278102631,0.930627626435109
ENSSSCG00000056609,1.27524029214877,1.25215911194267
ENSSSCG00000044939,0.358634535634919,2.14451141952173
ENSSSCG00000057122,-3.82416175559903,-0.414234639036479
ENSSSCG00000018225,0.815176045257344,1.70740881248283
ENSSSCG00000019283,-0.187145967968861,1.07727712061465
ENSSSCG00000018303,-1.78143407576197,-0.551234614202225
ENSSSCG00000018558,1.1132890985785,1.4081155707733
ENSSSCG00000019648,-0.313099436094831,0.169048095927475
ENSSSCG00000018178,0.0359102671599988,0.51625090059353
ENSSSCG00000018329,0.753674621171028,1.18903632798696
ENSSSCG00000019977,1.84610665102851,2.13337748815636
ENSSSCG00000019451,0.58736937234432,0.956127932608039
ENSSSCG00000014949,5.03330707060819,4.90604947000577
ENSSSCG00000015402,5.15574479843408,5.45341137129948
ENSSSCG00000015403,3.82095763271074,2.53133340228058
ENSSSCG00000023784,5.32121796042666,6.10576190466154
ENSSSCG00000050759,-1.07560684537938,1.12302483629253
ENSSSCG00000015405,0.551677535663921,-0.289123515071902
ENSSSCG00000061957,-0.071311274400066,-0.964427270899581
ENSSSCG00000054384,1.75488470892769,2.04107042155791
ENSSSCG00000020970,0.656208489639131,0.708565629647667
ENSSSCG00000024136,3.76750747339567,3.27142714031653
ENSSSCG00000015384,5.49453612490598,5.58999107435698
ENSSSCG00000015386,3.7079528973128,4.33092973753301
ENSSSCG00000038469,5.3834505712403,5.84245362324048
ENSSSCG00000030294,5.21398912579205,5.33083583776941
ENSSSCG00000052500,-0.248748603557596,-0.702622497962026
ENSSSCG00000015450,3.94651258611707,3.68382510911523
ENSSSCG00000015453,10.3314243225303,7.65609651509823
ENSSSCG00000028840,3.28739620076941,2.81531256473901
ENSSSCG00000023793,2.77883157464872,2.75120663352335
ENSSSCG00000015455,6.93163701132955,6.88245624920815
ENSSSCG00000034739,6.30729073913247,5.89119009014712
ENSSSCG00000062427,2.39162541398217,2.68411916779552
ENSSSCG00000015426,2.29779101573986,1.78060050223319
ENSSSCG00000015391,6.97438763516309,6.50773152392686
ENSSSCG00000025326,2.92548154303131,2.84973339804375
ENSSSCG00000015427,3.81344207065432,3.81155573333132
ENSSSCG00000015393,5.31856575886511,6.00856788601686
ENSSSCG00000035554,-1.78143407576197,-0.624943747829482
ENSSSCG00000015394,1.91795245276096,2.8222627439312
ENSSSCG00000029082,6.97438763516309,7.38458038407116
ENSSSCG00000026110,5.80421141415611,5.80259469154206
ENSSSCG00000015428,5.67850152622348,5.88622405683599
ENSSSCG00000015430,4.9136348017377,5.08718403481786
ENSSSCG00000054021,5.15276993206664,5.76431232413909
ENSSSCG00000015432,5.19676139051812,5.44330352429917
ENSSSCG00000015433,8.3912871227217,7.91124539467983
ENSSSCG00000058469,7.73360341634503,7.71656401595613
ENSSSCG00000015435,5.68983362219319,6.6963914735741
ENSSSCG00000015396,2.60690129401979,1.94245115943691
ENSSSCG00000015398,2.63275319451676,3.2249806386688
ENSSSCG00000015399,0.399364956748047,0.51625090059353
ENSSSCG00000014766,3.18044883327868,2.94195942788852
ENSSSCG00000014768,3.76361274712647,3.18240087297536
ENSSSCG00000015407,5.69903958385738,4.97627701815204
ENSSSCG00000014780,4.29031492596082,4.5539913667619
ENSSSCG00000031780,3.00681108817546,3.63729216539682
ENSSSCG00000046977,-3.82416175559903,-0.551234614202225
ENSSSCG00000027272,-0.0167046405169091,0.124759019246936
ENSSSCG00000037706,5.6660368690374,4.25591271664972
ENSSSCG00000035673,4.98895960204814,4.94159051920655
ENSSSCG00000037556,5.7687041660469,5.40793534688404
ENSSSCG00000057900,-0.248748603557596,0.583244978335558
ENSSSCG00000058900,-0.248748603557596,0.124759019246936
ENSSSCG00000042325,-1.976085364955,-0.0169014492655093
ENSSSCG00000019224,-1.976085364955,-1.16974403207503
ENSSSCG00000015401,-0.451110226541143,-1.16974403207503
ENSSSCG00000015383,1.27524029214877,0.85130538708557
ENSSSCG00000015443,6.46250597162539,6.35615213281683
ENSSSCG00000014630,-0.774434225214997,-0.624943747829482
ENSSSCG00000014632,5.78608714101831,5.82785112269307
ENSSSCG00000014634,2.25404409223782,2.76570058982809
ENSSSCG00000028979,4.33823852752945,4.58087811400677
ENSSSCG00000015444,7.27894748864112,5.82439365327476
ENSSSCG00000062630,0.316720715261423,-3.82416175559903
ENSSSCG00000022347,-0.451110226541143,-0.78472289261437
ENSSSCG00000014670,6.32721849014535,5.79995654280253
ENSSSCG00000040639,5.07318849289376,5.20220875704886
ENSSSCG00000032905,-1.78143407576197,-0.119711717242417
ENSSSCG00000014672,4.7657114994773,5.37876724611025
ENSSSCG00000014868,5.27682065017725,4.83909703575288
ENSSSCG00000015445,1.23079346436338,4.68558492879445
ENSSSCG00000015581,2.77883157464872,0.0318806818288641
ENSSSCG00000014869,3.81344207065432,3.37903972325696
ENSSSCG00000015582,5.02030860192329,5.11716461428177
ENSSSCG00000015583,5.30120657359952,5.1493010609875
ENSSSCG00000015446,4.98729063289967,5.09294286115984
ENSSSCG00000015604,3.37679712473895,0.372139121137058
ENSSSCG00000035299,4.35645386259809,2.88998283840744
ENSSSCG00000015543,3.98046607575606,4.71388962247809
ENSSSCG00000020963,6.18376038472386,4.93198401326023
ENSSSCG00000024028,5.18370422580084,5.24938224769391
ENSSSCG00000014875,5.27682065017725,4.96218773686444
ENSSSCG00000023584,0.13571138072984,0.738265774167816
ENSSSCG00000052111,-1.19180123640617,-0.78472289261437
ENSSSCG00000058031,0.13571138072984,0.85130538708557
ENSSSCG00000014894,4.59649774906262,6.1582019335167
ENSSSCG00000029596,0.438976972203651,-0.0169014492655093
ENSSSCG00000059202,1.93190203123131,1.29275702200006
ENSSSCG00000054203,-0.686560683805019,1.63030453743178
ENSSSCG00000053860,2.51722112452346,3.39311138158518
ENSSSCG00000052598,0.229053005082177,1.5319870059135
ENSSSCG00000057146,0.438976972203651,1.58198313393422
ENSSSCG00000054957,3.42197555369151,5.69784572600834
ENSSSCG00000053228,-0.525404570246514,-0.289123515071902
ENSSSCG00000060760,-1.19180123640617,0.169048095927475
ENSSSCG00000014725,-0.187145967968861,2.43487064882408
ENSSSCG00000015135,4.22949370163713,4.09592418918778
ENSSSCG00000020402,-0.774434225214997,0.767366807455606
ENSSSCG00000030095,4.86538698135486,6.35315597627104
ENSSSCG00000027905,5.66394891570636,4.43207643678805
ENSSSCG00000015056,8.8655182713925,5.66149127596711
ENSSSCG00000015136,1.33944395982878,2.53133340228058
ENSSSCG00000015137,-0.96807720485524,-2.27533557831912
ENSSSCG00000015138,5.75405662602028,5.77867586137085
ENSSSCG00000015065,4.64175924134234,4.51377143815058
ENSSSCG00000033806,2.98690447673027,4.85612868314178
ENSSSCG00000022070,5.34487088878949,6.17526674608384
ENSSSCG00000015584,-1.19180123640617,-0.289123515071902
ENSSSCG00000015586,5.1211577835196,5.0755969571521
ENSSSCG00000028886,7.60591983139226,7.40468865992672
ENSSSCG00000015588,5.20252685723836,5.73053848586162
ENSSSCG00000015589,4.62682929890177,5.65566642194017
ENSSSCG00000014579,6.36240914372261,6.14301608969777
ENSSSCG00000015590,4.56775005300148,4.040381512886
ENSSSCG00000014578,7.13148191634889,7.21704063750762
ENSSSCG00000015592,3.02644675824992,2.78005038054984
ENSSSCG00000014575,3.63308226616768,2.5565593570002
ENSSSCG00000015067,5.23101356380149,5.22336540580085
ENSSSCG00000014577,5.34747521332019,4.82359472465805
ENSSSCG00000015593,3.77139171369143,3.9638811293773
ENSSSCG00000057143,0.844970737784426,-1.40920704473941
ENSSSCG00000033335,3.62451829412648,2.62969400118923
ENSSSCG00000030921,6.75752544184892,5.82179510267549
ENSSSCG00000014568,7.86619074010779,7.80012570286101
ENSSSCG00000015071,6.01136701814601,6.07989715406889
ENSSSCG00000015600,0.0359102671599988,-2.05555929136582
ENSSSCG00000026547,5.682632594575,2.39813013632454
ENSSSCG00000046596,3.26553038325255,1.37067834071865
ENSSSCG00000015602,5.00719195337052,4.7580528636841
ENSSSCG00000015603,5.10893048291671,5.19017036770102
ENSSSCG00000015545,7.72361400971937,8.05536216863152
ENSSSCG00000014569,9.58077053548542,9.10411079914538
ENSSSCG00000015548,2.20892903416734,3.94808194064584
ENSSSCG00000015549,4.25190830353837,4.54141105348627
ENSSSCG00000015550,1.77049457016102,2.27181848867676
ENSSSCG00000039986,-0.313099436094831,-0.174001573015732
ENSSSCG00000044464,-1.976085364955,-0.702622497962026
ENSSSCG00000014567,4.57665666553655,5.21678722000717
ENSSSCG00000022292,2.27608336519157,1.73713253770228
ENSSSCG00000026806,7.98028906115879,8.1436697431948
ENSSSCG00000030206,7.08464107912415,7.52857679946883
ENSSSCG00000039996,5.37581672751836,5.844161887754
ENSSSCG00000015255,3.10857555428554,4.24042960386224
ENSSSCG00000014827,5.42472960520609,5.93593276776045
ENSSSCG00000015126,5.95441960702048,6.42111307323914
ENSSSCG00000015256,7.20620154753805,6.60211767102624
ENSSSCG00000015555,7.78518241720252,7.42623220962688
ENSSSCG00000036307,5.64607823695749,3.0286423715673
ENSSSCG00000037406,3.35625455934382,2.32171709503593
ENSSSCG00000015129,5.78896404914695,5.93432984173742
ENSSSCG00000022192,4.18650394975465,4.13552408472035
ENSSSCG00000014828,7.18888000456556,7.00701432307229
ENSSSCG00000015556,7.13223726932338,7.11354612311186
ENSSSCG00000028123,6.45949963300794,6.33747485929123
ENSSSCG00000015131,1.51650785122028,1.96774514707322
ENSSSCG00000015557,7.17134796270011,6.0936057589716
ENSSSCG00000028149,3.7079528973128,3.58512788582312
ENSSSCG00000024027,6.87138534216766,6.56271657642229
ENSSSCG00000014829,4.30378750477533,4.12712941865
ENSSSCG00000015558,6.83936401476609,6.58127188452064
ENSSSCG00000015045,5.24365133741398,4.40455538044212
ENSSSCG00000014830,2.77109272783156,2.6137592424759
ENSSSCG00000062444,5.44675735151854,5.29880411848161
ENSSSCG00000014831,3.20937045959201,4.00110786487859
ENSSSCG00000015559,1.01186851910195,-0.35032329061541
ENSSSCG00000015560,6.92074844184718,6.64635764017117
ENSSSCG00000039370,2.45095392453259,2.01704038155276
ENSSSCG00000015563,6.16616563565582,5.94392079191933
ENSSSCG00000015561,6.58342843919819,6.01616472554185
ENSSSCG00000030217,1.75488470892769,1.79480357676921
ENSSSCG00000031121,4.01363881748623,4.01330633086429
ENSSSCG00000015565,4.09957245624403,4.02540251895583
ENSSSCG00000015566,5.97393386506908,5.62121123871853
ENSSSCG00000014832,5.27271595184586,5.48002444721275
ENSSSCG00000014833,4.01691452263613,4.08151375048664
ENSSSCG00000015567,3.20363233164379,2.06470675742136
ENSSSCG00000014834,0.753674621171028,-0.551234614202225
ENSSSCG00000015568,4.86720301054597,4.71201982191071
ENSSSCG00000015139,0.229053005082177,-0.35032329061541
ENSSSCG00000015140,10.3044936713589,10.8719452359945
ENSSSCG00000021393,5.66812180492576,5.74615443723713
ENSSSCG00000015569,2.82441264416951,3.02262052174299
ENSSSCG00000015645,6.02607249318782,5.80785656042351
ENSSSCG00000015570,6.05264928971375,6.5433938523407
ENSSSCG00000022961,5.99152360486484,6.04095420598499
ENSSSCG00000035595,0.13571138072984,0.51625090059353
ENSSSCG00000015049,4.52697551328598,5.19954222710953
ENSSSCG00000015050,5.10893048291671,4.99485121141109
ENSSSCG00000014838,3.2710279851024,2.13337748815636
ENSSSCG00000029323,7.43891221336621,6.54549531600588
ENSSSCG00000024060,1.93190203123131,1.18903632798696
ENSSSCG00000027506,5.51089175844609,5.6537195660185
ENSSSCG00000015576,6.54593807792499,6.8577230846053
ENSSSCG00000014843,4.97218238575621,7.35553032198072
ENSSSCG00000037428,3.31958582976416,3.29659893164535
ENSSSCG00000015052,5.24644476071672,4.42524523437298
ENSSSCG00000015664,7.85044069496035,6.0078059972628
ENSSSCG00000015577,4.57221023248361,4.69697353074055
ENSSSCG00000028674,0.229053005082177,0.212017947135459
ENSSSCG00000015579,2.50793871030225,-0.414234639036479
ENSSSCG00000023351,3.91525585396758,3.7509259372459
ENSSSCG00000023057,2.86859760426546,3.19316420856271
ENSSSCG00000014580,4.07463990953506,4.30387428077335
ENSSSCG00000023451,4.87624902435434,4.97315793618583
ENSSSCG00000014581,4.50381492703754,4.65282027324832
ENSSSCG00000039647,7.40930428971695,6.98898316766375
ENSSSCG00000040650,-0.6037335549306,-1.06343627958185
ENSSSCG00000015607,3.53596067044172,3.19316420856271
ENSSSCG00000015293,3.07753836957622,2.7871721045049
ENSSSCG00000026404,4.66073061401041,3.74362256161478
ENSSSCG00000048244,0.753674621171028,-1.40920704473941
ENSSSCG00000014598,6.18376038472386,6.36212584322221
ENSSSCG00000054525,-2.46795088038493,-0.624943747829482
ENSSSCG00000058297,-1.45670196380968,-1.06343627958185
ENSSSCG00000042502,-2.79553649653186,-0.964427270899581
ENSSSCG00000063176,-0.96807720485524,-2.27533557831912
ENSSSCG00000061084,2.90441202540823,3.11041093536038
ENSSSCG00000058564,-0.96807720485524,-1.54570714867312
ENSSSCG00000015297,3.4513271840174,1.2726008670673
ENSSSCG00000056949,-0.380455165278715,-3.82416175559903
ENSSSCG00000047092,0.13571138072984,-3.82416175559903
ENSSSCG00000041589,-0.187145967968861,0.738265774167816
ENSSSCG00000061667,-0.380455165278715,1.73713253770228
ENSSSCG00000045328,2.93935885962289,3.2302158225148
ENSSSCG00000055388,-0.071311274400066,-0.289123515071902
ENSSSCG00000015053,-0.6037335549306,-0.871778856036138
ENSSSCG00000038540,1.69069938953273,1.05384751029812
ENSSSCG00000015298,6.06615164883462,5.82352798968779
ENSSSCG00000014599,0.0359102671599988,-0.871778856036138
ENSSSCG00000051840,5.68056853903119,5.84074333360914
ENSSSCG00000057945,-0.128066380263549,-2.05555929136582
ENSSSCG00000038122,1.06346985097485,-0.119711717242417
ENSSSCG00000014602,-1.19180123640617,-0.78472289261437
ENSSSCG00000015115,4.50614778903978,4.6272530531723
ENSSSCG00000015299,5.03330707060819,5.29880411848161
ENSSSCG00000033089,3.44160950748466,3.72890394973383
ENSSSCG00000024693,6.11052365821713,5.78046129011308
ENSSSCG00000029189,5.93982445693726,5.58999107435698
ENSSSCG00000015116,8.21230049281155,7.53599416606303
ENSSSCG00000023080,6.53226812388839,5.87206008277923
ENSSSCG00000054880,4.24074453303866,2.86327503004226
ENSSSCG00000015119,-0.0167046405169091,-2.85117878809169
ENSSSCG00000029630,4.86720301054597,4.90441297644775
ENSSSCG00000015120,5.54192055893878,5.56327520257934
ENSSSCG00000023272,7.9349043039769,7.8751481723838
ENSSSCG00000032330,5.04137204048541,3.82545875338268
ENSSSCG00000023880,4.0714928252209,4.33336434976636
ENSSSCG00000015047,5.8535973423744,5.44668068139813
ENSSSCG00000039799,-0.774434225214997,0.51625090059353
ENSSSCG00000045625,-0.686560683805019,0.253744895693059
ENSSSCG00000037299,3.52679842945291,3.09327503299889
ENSSSCG00000014625,6.34100592542976,5.98553435999466
ENSSSCG00000015125,4.32772556590621,1.4081155707733
ENSSSCG00000014626,3.10242130466837,3.47917951940272
ENSSSCG00000015048,6.06298597332343,5.08284977909638
ENSSSCG00000015074,6.17791927831397,6.40326324641493
ENSSSCG00000014628,6.48810509988044,6.2755225628471
ENSSSCG00000015073,11.2803144427422,11.4682883284552
ENSSSCG00000015072,5.68469370130468,5.41139621891093
ENSSSCG00000015077,5.05736797286639,5.06684516514793
ENSSSCG00000015079,5.23664402372983,5.30997268575455
ENSSSCG00000015080,6.24440404764322,6.17730102531221
ENSSSCG00000015082,4.11187898847788,4.68558492879445
ENSSSCG00000021487,1.69069938953273,1.69231410194732
ENSSSCG00000025182,3.57203861517619,3.88972788725591
ENSSSCG00000015084,3.26553038325255,3.62542057526231
ENSSSCG00000014627,5.83886571723934,5.41369886314879
ENSSSCG00000055670,5.7273103554448,5.97699573545625
ENSSSCG00000014633,7.41831257616022,7.15129249993019
ENSSSCG00000023728,3.54959584587351,3.72890394973383
ENSSSCG00000028517,5.36685922145912,5.46567000101113
ENSSSCG00000022398,8.42989028296085,8.32709358404917
ENSSSCG00000051213,-3.82416175559903,-0.414234639036479
ENSSSCG00000026269,3.53596067044172,2.92913977873282
ENSSSCG00000020783,5.10585739663894,5.5072340647936
ENSSSCG00000021041,2.61557016783239,2.53979115791429
ENSSSCG00000036352,0.958352864156609,-0.702622497962026
ENSSSCG00000015290,6.45528020636283,4.67025891591888
ENSSSCG00000014896,-0.187145967968861,-1.06343627958185
ENSSSCG00000014876,4.08716004251789,1.37067834071865
ENSSSCG00000014877,1.93190203123131,3.44806439242055
ENSSSCG00000015285,0.13571138072984,2.29198550125994
ENSSSCG00000014878,5.33440632176148,5.73790822879949
ENSSSCG00000014880,2.31917687589272,1.35158900457553
ENSSSCG00000014881,5.84992851463806,5.97699573545625
ENSSSCG00000014882,5.75405662602028,5.92386718546021
ENSSSCG00000037251,4.1835919013962,4.52233247272101
ENSSSCG00000014884,5.1996470039554,4.90277462445624
ENSSSCG00000031979,0.47753036411502,3.72520071372487
ENSSSCG00000033822,5.48628824540059,2.42577286549425
ENSSSCG00000039494,4.99229175929187,5.08140212872823
ENSSSCG00000036867,1.75488470892769,-0.0673909604895641
ENSSSCG00000014887,4.48737840746095,4.894554839589
ENSSSCG00000015117,5.57785160705585,5.29256179449722
ENSSSCG00000047220,1.91795245276096,2.77289332642005
ENSSSCG00000056467,4.72623305365658,2.60572537283493
ENSSSCG00000059315,0.399364956748047,-1.40920704473941
ENSSSCG00000060922,0.358634535634919,2.19892754442265
ENSSSCG00000055812,1.36022556587904,-0.964427270899581
ENSSSCG00000055280,3.09624068973912,-0.551234614202225
ENSSSCG00000031725,0.72191195620079,1.8772052214074
ENSSSCG00000039904,0.13571138072984,1.25215911194267
ENSSSCG00000033506,4.01691452263613,4.40223808444598
ENSSSCG00000014892,3.98046607575606,4.04632983398618
ENSSSCG00000014891,5.64184100430376,5.40908989361252
ENSSSCG00000014893,3.92575018851997,3.63729216539682
ENSSSCG00000014769,2.43144759083636,1.9802277618688
ENSSSCG00000014899,4.88702989783632,3.66074623935973
ENSSSCG00000014898,1.42083245509814,0.253744895693059
ENSSSCG00000014900,1.20804577791874,1.2726008670673
ENSSSCG00000035041,0.399364956748047,-0.0169014492655093
ENSSSCG00000055267,0.316720715261423,0.0318806818288641
ENSSSCG00000060747,-1.976085364955,-0.481109027935221
ENSSSCG00000014901,6.07009899982013,6.88494789583059
ENSSSCG00000014902,6.97059153651557,7.03644980523775
ENSSSCG00000014903,4.30914150482149,5.04324412577071
ENSSSCG00000061925,-0.313099436094831,-2.27533557831912
ENSSSCG00000014904,2.23166290725657,2.40740335383752
ENSSSCG00000014905,4.7696005716592,4.79385016182077
ENSSSCG00000025187,3.79448007211224,4.23001443683658
ENSSSCG00000014909,6.33380037093741,5.05066100954908
ENSSSCG00000059247,-2.79553649653186,-0.78472289261437
ENSSSCG00000059638,3.87971294905474,3.57281732362671
ENSSSCG00000061858,-0.248748603557596,-1.28451287928067
ENSSSCG00000014912,-1.78143407576197,-0.0169014492655093
ENSSSCG00000046669,3.50363497723415,3.24580834698678
ENSSSCG00000051028,1.16144525464261,1.05384751029812
ENSSSCG00000059660,0.753674621171028,0.956127932608039
ENSSSCG00000059027,3.36141768815191,2.6137592424759
ENSSSCG00000041869,0.930831724376776,1.44460584430091
ENSSSCG00000053031,1.06346985097485,2.70683005586903
ENSSSCG00000055990,-1.31818014718968,0.445993691080189
ENSSSCG00000014913,7.47389622703556,7.84496594880936
ENSSSCG00000057514,2.02594564966019,2.93556384253476
ENSSSCG00000057908,0.874162537149699,1.3322436929096
ENSSSCG00000057624,0.58736937234432,1.9036587274475
ENSSSCG00000055854,2.78652913044763,2.94195942788852
ENSSSCG00000054211,2.41167389764734,3.09327503299889
ENSSSCG00000039963,-0.313099436094831,0.79589242289581
ENSSSCG00000015288,4.78120527848248,5.10153822700633
ENSSSCG00000050793,1.18493366366352,1.3895183870631
ENSSSCG00000015286,6.03256045260549,5.69406179692953
ENSSSCG00000014570,1.95940295449205,0.823864935560437
ENSSSCG00000062483,4.13919076147208,5.62021461123085
ENSSSCG00000014897,4.16008145803367,4.42524523437298
ENSSSCG00000014907,5.00389407279323,5.05803995812813
ENSSSCG00000062997,4.93110268660768,4.83050521400829
ENSSSCG00000042234,0.273552666612953,0.85130538708557
ENSSSCG00000059302,4.78697281397828,4.9239294368481
ENSSSCG00000015287,2.84667427243885,2.28193723327874
ENSSSCG00000062999,-0.187145967968861,-0.964427270899581
ENSSSCG00000052331,-2.20115708176131,-0.964427270899581
ENSSSCG00000063231,0.0866736428889641,0.647265633957376
ENSSSCG00000061249,-1.45670196380968,-1.16974403207503
ENSSSCG00000038471,3.44160950748466,3.39311138158518
ENSSSCG00000023441,0.13571138072984,-1.28451287928067
ENSSSCG00000057622,1.9863894410033,1.37067834071865
ENSSSCG00000051511,0.229053005082177,-0.119711717242417
ENSSSCG00000042206,1.97295929665426,1.12302483629253
ENSSSCG00000044191,-0.774434225214997,-0.289123515071902
ENSSSCG00000053719,-0.313099436094831,0.0790671408551012
ENSSSCG00000015301,0.47753036411502,-0.414234639036479
ENSSSCG00000015302,0.316720715261423,1.23142354660134
ENSSSCG00000055798,5.11046457479224,6.00093083174875
ENSSSCG00000056914,1.65750311577385,2.86327503004226
ENSSSCG00000059774,0.0359102671599988,-0.289123515071902
ENSSSCG00000056760,1.29696053674266,2.31187448705517
ENSSSCG00000053328,0.784753030569422,0.51625090059353
ENSSSCG00000062722,-0.6037335549306,-0.702622497962026
ENSSSCG00000061504,6.9815309048095,7.04835428841993
ENSSSCG00000028201,4.97218238575621,5.01925056701287
ENSSSCG00000015002,1.84610665102851,2.05293699456738
ENSSSCG00000029651,0.930831724376776,1.25215911194267
ENSSSCG00000015001,4.76765734603905,4.14387018686345
ENSSSCG00000031723,0.0866736428889641,-0.702622497962026
ENSSSCG00000029198,5.43700874039862,5.56431193646517
ENSSSCG00000026153,6.42662560910266,5.9870814222609
ENSSSCG00000026959,4.40226377999428,4.35748713804954
ENSSSCG00000015008,0.358634535634919,0.615610397484158
ENSSSCG00000015009,4.16894283300595,4.29140658982071
ENSSSCG00000015010,5.88261684860608,6.93790309938858
ENSSSCG00000015011,4.69589870083503,5.37404513368518
ENSSSCG00000015083,6.06931039317648,5.94152902525393
ENSSSCG00000038710,0.815176045257344,1.07727712061465
ENSSSCG00000015085,5.66185793618594,5.24938224769391
ENSSSCG00000050318,-0.774434225214997,-1.16974403207503
ENSSSCG00000015086,-1.19180123640617,0.124759019246936
ENSSSCG00000029199,3.31958582976416,4.97938937126153
ENSSSCG00000021651,2.12641493269169,3.18779257833077
ENSSSCG00000015089,3.05221872192619,3.28658285617744
ENSSSCG00000015090,4.21530564497516,4.06109421530442
ENSSSCG00000015091,3.42690914917156,3.63334581301382
ENSSSCG00000040140,1.29696053674266,0.904668467894398
ENSSSCG00000015093,0.902775359205073,0.0318806818288641
ENSSSCG00000054409,0.13571138072984,0.372139121137058
ENSSSCG00000015095,6.04544949087655,6.04020923430508
ENSSSCG00000052280,6.47922666781069,6.61917884951398
ENSSSCG00000023324,5.36428968550357,6.54968908244546
ENSSSCG00000029395,4.38715485538308,5.17531904247595
ENSSSCG00000029649,8.28236726407177,7.91083791569428
ENSSSCG00000030053,7.97271796434081,7.52325523484296
ENSSSCG00000024578,6.35854119308253,6.02898824913131
ENSSSCG00000015097,7.34005066265159,7.43787474882616
ENSSSCG00000015098,-1.19180123640617,-1.16974403207503
ENSSSCG00000015099,7.57957814220149,7.59931922691055
ENSSSCG00000015100,2.03889365526185,2.09945066583008
ENSSSCG00000015102,2.973479148401,3.32623657035711
ENSSSCG00000036296,8.84539144858402,8.60599530905578
ENSSSCG00000037439,5.26584872854291,4.9824950244844
ENSSSCG00000015106,9.23709667672874,7.0047249827859
ENSSSCG00000015107,5.98902387696479,5.83817409154583
ENSSSCG00000015108,4.39472909651868,4.44564256294846
ENSSSCG00000042208,2.73176328344457,2.88998283840744
ENSSSCG00000015110,5.90577281216022,5.04026666278459
ENSSSCG00000015111,4.9293653848513,4.86793232068353
ENSSSCG00000058033,3.50363497723415,3.71776560175141
ENSSSCG00000015113,1.1132890985785,1.70740881248283
ENSSSCG00000044952,3.10857555428554,2.83606345429926
ENSSSCG00000027710,-0.774434225214997,-0.0169014492655093
ENSSSCG00000043631,1.29696053674266,-0.174001573015732
ENSSSCG00000056489,0.399364956748047,-1.86487943217923
ENSSSCG00000015258,7.26489545222409,6.72957900220912
ENSSSCG00000015628,0.0866736428889641,-1.06343627958185
ENSSSCG00000015627,1.0885945093173,0.79589242289581
ENSSSCG00000014791,6.076392382404,6.35734885534529
ENSSSCG00000014792,5.94241082419902,5.72313090256076
ENSSSCG00000039656,1.44048186623276,1.14536595329469
ENSSSCG00000035653,5.6836635160149,5.43425893098871
ENSSSCG00000014794,6.64664776199914,6.63209083792059
ENSSSCG00000014799,-0.0167046405169091,0.823864935560437
ENSSSCG00000048448,0.930831724376776,0.767366807455606
ENSSSCG00000048507,0.273552666612953,-0.35032329061541
ENSSSCG00000023796,5.07790101566353,4.96061373372648
ENSSSCG00000014800,5.51668840903297,5.34296880694927
ENSSSCG00000014802,8.29860805185433,8.72004793826044
ENSSSCG00000014803,6.33380037093741,6.32896004775322
ENSSSCG00000014804,5.59548702893816,5.67114740720611
ENSSSCG00000014806,5.25894866087993,5.26477008652094
ENSSSCG00000056890,-0.187145967968861,-2.53471534769233
ENSSSCG00000022236,8.04208352069505,6.66339039451025
ENSSSCG00000053501,-1.78143407576197,-1.28451287928067
ENSSSCG00000014812,6.01628551683753,5.71848177388551
ENSSSCG00000014811,7.18851691836159,7.43872296438237
ENSSSCG00000014813,-1.60995061428548,0.169048095927475
ENSSSCG00000036887,4.51544169628631,4.40686896030259
ENSSSCG00000015595,5.45039616434714,3.81504406924068
ENSSSCG00000015598,2.71572630700603,2.74390468232849
ENSSSCG00000038614,5.39230596753735,5.58897263693371
ENSSSCG00000015599,6.14011574863639,6.3798999823697
ENSSSCG00000053873,-1.31818014718968,-0.0673909604895641
ENSSSCG00000026587,-0.248748603557596,-0.702622497962026
ENSSSCG00000038855,-0.6037335549306,-1.28451287928067
ENSSSCG00000015259,1.1132890985785,1.29275702200006
ENSSSCG00000028433,3.05859041486596,2.50565850261184
ENSSSCG00000022869,5.25062478032424,5.277469087269
ENSSSCG00000028585,4.87263742243448,4.97627701815204
ENSSSCG00000028969,2.28697801836366,-1.54570714867312
ENSSSCG00000058385,-0.686560683805019,-0.702622497962026
ENSSSCG00000035369,-0.6037335549306,-0.702622497962026
ENSSSCG00000021068,2.35067276244516,3.16063026235243
ENSSSCG00000028293,5.20826937500679,5.62021461123085
ENSSSCG00000039472,4.63963582860906,4.78853686468123
ENSSSCG00000023472,1.4598672457525,2.6137592424759
ENSSSCG00000022759,-0.187145967968861,0.85130538708557
ENSSSCG00000015267,1.55306939928711,4.69697353074055
ENSSSCG00000015268,5.11811065997627,6.03722549476816
ENSSSCG00000015266,4.78697281397828,4.71014759484874
ENSSSCG00000055218,3.21508585528298,3.02262052174299
ENSSSCG00000015270,6.15877068336283,5.09437898308959
ENSSSCG00000015271,5.40236030719424,5.27620420550736
ENSSSCG00000015272,-0.187145967968861,-1.28451287928067
ENSSSCG00000015273,7.33808777764937,7.78686366978156
ENSSSCG00000033768,0.0359102671599988,0.124759019246936
ENSSSCG00000059016,2.61557016783239,4.04335873909601
ENSSSCG00000059104,1.18493366366352,2.33149300780735
ENSSSCG00000028035,7.82216493458066,8.13392655958985
ENSSSCG00000023562,5.16315523724786,5.06098100238443
ENSSSCG00000015277,6.3462238165012,6.90718116082704
ENSSSCG00000015276,4.24912544922369,4.21160498650596
ENSSSCG00000038350,1.03789987789575,-1.06343627958185
ENSSSCG00000060360,4.910115700849,5.45341137129948
ENSSSCG00000015281,4.80981511292778,5.10439200651423
ENSSSCG00000015282,5.93896130311914,5.81484266481978
ENSSSCG00000015283,6.54593807792499,6.63899587619745
ENSSSCG00000015284,6.00313207280052,6.77551153725986
ENSSSCG00000015105,5.45281695069632,6.02145881131102
ENSSSCG00000025606,5.89156702631567,6.07772068024279
ENSSSCG00000014871,4.03641408310966,3.59327695279127
ENSSSCG00000032723,4.71417574184047,4.13273128655751
ENSSSCG00000053663,2.83929183176385,1.94245115943691
ENSSSCG00000060162,1.1132890985785,1.14536595329469
ENSSSCG00000015375,4.53156334491792,5.37522711158507
ENSSSCG00000024802,3.62451829412648,3.33111751872742
ENSSSCG00000055366,-1.78143407576197,-0.624943747829482
ENSSSCG00000051403,-0.313099436094831,0.294298826806809
ENSSSCG00000027529,5.92071474728034,6.15062899233613
ENSSSCG00000063374,5.37963869856682,5.52757550611114
ENSSSCG00000059893,-1.07560684537938,-0.0169014492655093
ENSSSCG00000031170,5.2267762512193,5.85097479017836
ENSSSCG00000014982,-1.45670196380968,0.647265633957376
ENSSSCG00000032241,1.81633565189514,3.21972638842588
ENSSSCG00000036722,3.7079528973128,3.79044671428864
ENSSSCG00000036695,0.815176045257344,0.708565629647667
ENSSSCG00000015387,6.64453153746843,7.13463813546653
ENSSSCG00000029174,3.81344207065432,3.20916012966961
ENSSSCG00000020870,2.60690129401979,2.26162827184794
ENSSSCG00000026177,5.38471896059265,5.32228163564926
ENSSSCG00000024485,0.13571138072984,2.23061850955662
ENSSSCG00000032456,-0.774434225214997,-0.289123515071902
ENSSSCG00000035073,0.399364956748047,-3.25715427767274
ENSSSCG00000015390,4.08716004251789,2.90969415186618
ENSSSCG00000021822,5.8535973423744,6.03722549476816
ENSSSCG00000021702,4.67738713961771,5.64981795480522
ENSSSCG00000014850,7.32691403328765,6.66580731212467
ENSSSCG00000021638,3.26001175181962,2.68411916779552
ENSSSCG00000033899,-0.525404570246514,0.212017947135459
ENSSSCG00000014852,5.90753874027632,6.13536280162018
ENSSSCG00000014855,9.84694968222314,9.42400438246172
ENSSSCG00000014854,1.1132890985785,1.05384751029812
ENSSSCG00000014853,4.20385387305167,3.42084951981263
ENSSSCG00000039468,8.79893352205935,8.67336647350594
ENSSSCG00000014860,5.48273895401173,4.44564256294846
ENSSSCG00000014861,-0.313099436094831,0.0318806818288641
ENSSSCG00000034102,-1.78143407576197,-0.702622497962026
ENSSSCG00000056766,2.64973397156036,-0.414234639036479
ENSSSCG00000054823,-1.31818014718968,-0.702622497962026
ENSSSCG00000015657,3.84695799941802,2.1108484849407
ENSSSCG00000032446,1.1132890985785,-0.35032329061541
ENSSSCG00000015659,3.84327222703689,3.75456380719677
ENSSSCG00000015660,4.52927125278867,4.44789123329679
ENSSSCG00000015662,4.40226377999428,3.89632945781631
ENSSSCG00000048603,0.229053005082177,-2.27533557831912
ENSSSCG00000054337,3.48483266148308,0.647265633957376
ENSSSCG00000014835,5.9119441267384,6.08496286023855
ENSSSCG00000020856,6.10822200257834,6.11144719387304
ENSSSCG00000060233,-1.78143407576197,-1.16974403207503
ENSSSCG00000014840,1.70701541088768,1.37067834071865
ENSSSCG00000014851,3.59851706752444,4.76167282931235
ENSSSCG00000025715,-0.313099436094831,-0.78472289261437
ENSSSCG00000046488,0.399364956748047,0.253744895693059
ENSSSCG00000031831,5.52246186224628,5.70632345330499
ENSSSCG00000015644,3.63308226616768,3.26123414910473
ENSSSCG00000031970,1.80121655797197,1.05384751029812
ENSSSCG00000015648,5.51553094066225,4.93198401326023
ENSSSCG00000015649,5.09504975034944,4.50515929850194
ENSSSCG00000015650,6.57789434076666,5.73698906712372
ENSSSCG00000015652,-0.96807720485524,-1.86487943217923
ENSSSCG00000022742,8.04168153949123,8.17929332697818
ENSSSCG00000015489,1.72314896938536,2.69929941392765
ENSSSCG00000015491,6.2884398344606,5.88953664432081
ENSSSCG00000015497,4.65232967670573,4.97315793618583
ENSSSCG00000015496,1.0885945093173,-0.414234639036479
ENSSSCG00000015494,4.87985160766444,5.19687075950134
ENSSSCG00000015493,-0.868009231170092,-0.289123515071902
ENSSSCG00000015498,4.68358408933102,5.51797582889845
ENSSSCG00000036198,0.47753036411502,1.05384751029812
ENSSSCG00000015492,3.52679842945291,3.39311138158518
ENSSSCG00000059522,4.02344370410475,3.84947123326037
ENSSSCG00000019644,-0.071311274400066,-0.230414558288775
ENSSSCG00000019069,-1.31818014718968,-0.624943747829482
ENSSSCG00000039255,-0.380455165278715,-0.35032329061541
ENSSSCG00000018942,-1.45670196380968,-0.871778856036138
ENSSSCG00000019612,0.784753030569422,0.0318806818288641
ENSSSCG00000018229,-1.60995061428548,-0.551234614202225
ENSSSCG00000030565,-0.128066380263549,-0.174001573015732
ENSSSCG00000026833,3.58091887238019,3.41166260325713
ENSSSCG00000014998,5.62046613320255,5.92548177188837
ENSSSCG00000014999,3.62021716865338,4.06109421530442
ENSSSCG00000024628,3.66266205759027,3.4162633741764
ENSSSCG00000051810,1.55306939928711,1.25215911194267
ENSSSCG00000015412,6.66555537833391,6.64635764017117
ENSSSCG00000015413,5.96038672050187,6.69780931999439
ENSSSCG00000015414,2.53560868035451,3.19316420856271
ENSSSCG00000021210,5.02030860192329,4.96689946885965
ENSSSCG00000047749,3.77912896115935,3.84265121000384
ENSSSCG00000014918,1.03789987789575,-0.230414558288775
ENSSSCG00000014919,4.66282322687629,4.31130350329433
ENSSSCG00000050702,-0.525404570246514,-0.35032329061541
ENSSSCG00000014917,6.3540154380447,6.89734198581012
ENSSSCG00000014979,6.02607249318782,5.92628838799838
ENSSSCG00000014980,6.22753781519511,5.49532500833184
ENSSSCG00000031429,6.91768485768493,7.47003803708986
ENSSSCG00000063262,-1.60995061428548,-0.35032329061541
ENSSSCG00000059159,-1.45670196380968,-0.289123515071902
ENSSSCG00000055339,-0.868009231170092,0.0318806818288641
ENSSSCG00000015410,3.4170250288465,3.38843606237055
ENSSSCG00000038541,3.59851706752444,3.36482946075116
ENSSSCG00000038977,4.97218238575621,5.55599712994176
ENSSSCG00000031818,2.16235749758156,3.59327695279127
ENSSSCG00000015411,5.28906513578681,5.42857712978116
ENSSSCG00000037822,1.93190203123131,2.12215696247678
ENSSSCG00000043224,-1.78143407576197,-0.289123515071902
ENSSSCG00000054576,2.98690447673027,-0.78472289261437
ENSSSCG00000036452,3.1568866930164,1.86379432043539
ENSSSCG00000028444,6.69192396015363,6.39512907115154
ENSSSCG00000022903,2.08955398431033,2.90969415186618
ENSSSCG00000015422,5.56783611966174,5.21150298982333
ENSSSCG00000015423,5.14680173314099,5.02679150841308
ENSSSCG00000015424,6.52423375555904,6.30186727810281
ENSSSCG00000050858,-2.79553649653186,-0.78472289261437
ENSSSCG00000036113,3.77526552432603,3.7472788709232
ENSSSCG00000014996,-1.976085364955,-0.481109027935221
ENSSSCG00000014997,6.85409057844859,5.57463850492552
ENSSSCG00000028711,1.03789987789575,1.10033230279389
ENSSSCG00000056783,-0.451110226541143,0.294298826806809
ENSSSCG00000045388,0.0359102671599988,-0.0169014492655093
ENSSSCG00000029388,5.46125785720147,5.13541656465696
ENSSSCG00000014817,6.33380037093741,6.09216886675081
ENSSSCG00000014818,4.64387953334966,4.7598639818861
ENSSSCG00000014819,3.21508585528298,2.7871721045049
ENSSSCG00000014820,5.47799294155948,5.53288118792569
ENSSSCG00000040207,1.95940295449205,0.294298826806809
ENSSSCG00000014823,-0.313099436094831,-1.06343627958185
ENSSSCG00000042041,-1.78143407576197,-0.481109027935221
ENSSSCG00000014822,7.00440211153805,6.45728014365975
ENSSSCG00000014825,2.34025034678746,1.3322436929096
ENSSSCG00000008753,6.35789552522554,6.52220912184838
ENSSSCG00000023001,6.14311679571619,5.96369946841599
ENSSSCG00000008754,0.316720715261423,0.51625090059353
ENSSSCG00000028814,4.37699361041059,3.77261681843486
ENSSSCG00000021828,5.49336073940098,5.63212894065207
ENSSSCG00000029227,4.17775011141718,3.73628202580504
ENSSSCG00000025315,3.68754223658763,3.39311138158518
ENSSSCG00000027340,5.07946844204484,5.09006632143558
ENSSSCG00000028581,2.49859618532626,2.71432159307234
ENSSSCG00000025902,4.89239027334682,5.04473055607433
ENSSSCG00000008758,9.54434561537043,7.14922118810997
ENSSSCG00000022446,3.52219539589792,2.8965832451145
ENSSSCG00000040571,4.79271738408291,5.07268558814864
ENSSSCG00000029275,3.83215807275418,3.12172282970965
ENSSSCG00000008756,6.59388509823682,6.68022440082727
ENSSSCG00000038410,4.69998032258329,5.36336352821136
ENSSSCG00000022155,5.10585739663894,5.24809248843103
ENSSSCG00000008761,4.36676028941965,4.26103704735011
ENSSSCG00000009051,3.76361274712647,3.58512788582312
ENSSSCG00000009052,6.28028485796996,5.65079434725573
ENSSSCG00000022649,5.11046457479224,4.23783285264826
ENSSSCG00000009067,-2.79553649653186,-0.702622497962026
ENSSSCG00000009050,2.44123372499091,2.82917960111973
ENSSSCG00000028927,-0.071311274400066,0.124759019246936
ENSSSCG00000028632,-0.6037335549306,-3.82416175559903
ENSSSCG00000041979,-1.78143407576197,-0.702622497962026
ENSSSCG00000059656,1.44048186623276,3.10472155298875
ENSSSCG00000009061,5.5316515975987,5.66149127596711
ENSSSCG00000058604,4.16599508484442,4.09017727487734
ENSSSCG00000009062,1.36022556587904,1.85025758473298
ENSSSCG00000029920,5.42102539212675,5.55495440154216
ENSSSCG00000024596,4.90128020948336,4.47901005509696
ENSSSCG00000032749,3.54506509105138,3.71029197340014
ENSSSCG00000009053,2.95992771317643,3.48794767503683
ENSSSCG00000032741,6.50511666809631,6.12766869733837
ENSSSCG00000009055,4.80603309036708,4.87296160819045
ENSSSCG00000038236,1.49787364177406,0.333743892305565
ENSSSCG00000026360,5.20252685723836,1.99260329927285
ENSSSCG00000038550,6.62265935580449,6.60866490898265
ENSSSCG00000041625,0.784753030569422,1.42647607361694
ENSSSCG00000035973,6.37458968464991,6.55073562199995
ENSSSCG00000009037,4.31181107225069,4.56439180639477
ENSSSCG00000033834,-0.6037335549306,-2.27533557831912
ENSSSCG00000031904,5.9730908851975,5.88870921024551
ENSSSCG00000009122,3.46097984212366,3.69900843346431
ENSSSCG00000042317,-0.071311274400066,0.169048095927475
ENSSSCG00000009039,3.38188738520723,3.76542269970242
ENSSSCG00000009040,4.55653890219201,4.53930362780532
ENSSSCG00000009042,6.19753896026768,6.71704818501624
ENSSSCG00000009043,5.8790211724262,5.80435078107135
ENSSSCG00000033871,2.47020003230929,2.13337748815636
ENSSSCG00000009045,2.13849555630404,-0.481109027935221
ENSSSCG00000048545,0.656208489639131,2.53133340228058
ENSSSCG00000043429,2.10194590665749,2.9031535920818
ENSSSCG00000058362,0.815176045257344,1.4081155707733
ENSSSCG00000050119,-1.31818014718968,-1.28451287928067
ENSSSCG00000061048,3.50829751564243,3.4024168103526
ENSSSCG00000057026,1.06346985097485,1.16736637209713
ENSSSCG00000029260,2.26510581356419,0.0790671408551012
ENSSSCG00000009101,3.29820607603459,2.81531256473901
ENSSSCG00000036256,3.65427239246614,2.83606345429926
ENSSSCG00000009106,6.96381815474383,6.82954352609844
ENSSSCG00000031773,4.71215635638209,4.38591194894517
ENSSSCG00000023174,4.18650394975465,5.03129722562917
ENSSSCG00000009111,8.03159543445985,8.95990920007841
ENSSSCG00000009112,6.92816160218847,5.38112251892845
ENSSSCG00000009113,4.95349926964163,4.75260582723064
ENSSSCG00000009114,1.83129794321605,2.16652477447692
ENSSSCG00000009115,1.01186851910195,-0.414234639036479
ENSSSCG00000009100,0.0866736428889641,-1.16974403207503
ENSSSCG00000009132,4.42709892752435,0.904668467894398
ENSSSCG00000009133,3.46578206002313,3.14408396275198
ENSSSCG00000036236,4.9822721096957,4.4343463351326
ENSSSCG00000009134,0.930831724376776,3.2815486205146
ENSSSCG00000009135,-0.313099436094831,1.72234722316666
ENSSSCG00000009136,-2.20115708176131,0.878233640758889
ENSSSCG00000009137,4.22099762230059,3.97327825465553
ENSSSCG00000009138,7.39174816796111,6.41996811213147
ENSSSCG00000036158,0.0359102671599988,-0.871778856036138
ENSSSCG00000056927,-0.774434225214997,-3.25715427767274
ENSSSCG00000063074,-1.45670196380968,-0.551234614202225
ENSSSCG00000061032,-2.20115708176131,-1.06343627958185
ENSSSCG00000054076,1.0885945093173,1.67705978623095
ENSSSCG00000021874,4.6095751469293,2.14451141952173
ENSSSCG00000029621,6.26933935064688,6.50503447047987
ENSSSCG00000009192,7.07916731851077,6.56427199984216
ENSSSCG00000009193,5.16463276826677,5.51690524441059
ENSSSCG00000022986,-0.6037335549306,-0.871778856036138
ENSSSCG00000009202,2.83929183176385,2.31187448705517
ENSSSCG00000009208,5.82211081794327,5.92305921413092
ENSSSCG00000008908,4.20097667013157,4.44339038221649
ENSSSCG00000023269,6.28979452680783,6.7364938237838
ENSSSCG00000009226,3.65005919311859,2.9031535920818
ENSSSCG00000027301,1.06346985097485,1.67705978623095
ENSSSCG00000022283,5.18806975769765,6.0116114238539
ENSSSCG00000023593,7.57402922603957,7.69211127937908
ENSSSCG00000008903,4.95178874558758,5.52118282389106
ENSSSCG00000027403,5.12723279077222,5.3296169098571
ENSSSCG00000032190,-1.31818014718968,0.481549931933635
ENSSSCG00000028952,0.656208489639131,2.15556008292513
ENSSSCG00000008902,-0.0167046405169091,1.07727712061465
ENSSSCG00000026655,7.56426696959197,7.88886827799277
ENSSSCG00000008901,4.49444557226456,4.37413626289861
ENSSSCG00000008900,6.55891801539043,6.19815563840447
ENSSSCG00000009228,5.38598623578128,5.62419699694949
ENSSSCG00000008899,3.98716192566061,3.49231184990847
ENSSSCG00000032353,-0.313099436094831,-2.05555929136582
ENSSSCG00000008898,7.77554501590243,6.19748759321781
ENSSSCG00000038107,-1.78143407576197,-0.551234614202225
ENSSSCG00000023357,5.0300684164041,5.3693075144551
ENSSSCG00000036736,1.47899559533112,2.1108484849407
ENSSSCG00000058108,3.75970747811426,3.75819252703796
ENSSSCG00000025792,4.77154118338875,5.1520619970427
ENSSSCG00000022955,6.43277017715116,6.49854089611379
ENSSSCG00000008913,8.68167053011699,7.75020727236613
ENSSSCG00000008887,4.27671534681653,4.26614324126282
ENSSSCG00000009229,3.88689192745738,3.33598200946115
ENSSSCG00000008888,2.84667427243885,2.58135179761789
ENSSSCG00000008889,-0.451110226541143,-2.53471534769233
ENSSSCG00000026079,1.623524972916,2.69929941392765
ENSSSCG00000057932,1.69069938953273,-0.289123515071902
ENSSSCG00000055291,-0.6037335549306,0.445993691080189
ENSSSCG00000008890,4.52006629399332,4.49649543996581
ENSSSCG00000039175,3.03293303855187,2.56487093313837
ENSSSCG00000035142,3.12688233693705,3.75819252703796
ENSSSCG00000043807,-0.248748603557596,0.0790671408551012
ENSSSCG00000032234,5.49453612490598,5.13262355814524
ENSSSCG00000008909,4.39472909651868,5.191512937895
ENSSSCG00000050228,-0.868009231170092,-1.06343627958185
ENSSSCG00000053465,0.874162537149699,1.42647607361694
ENSSSCG00000052525,-0.96807720485524,-0.174001573015732
ENSSSCG00000047648,-1.60995061428548,-0.174001573015732
ENSSSCG00000057157,-0.313099436094831,-3.82416175559903
ENSSSCG00000046239,-0.187145967968861,-0.551234614202225
ENSSSCG00000060210,-1.19180123640617,-0.481109027935221
ENSSSCG00000053608,-0.96807720485524,-0.230414558288775
ENSSSCG00000052874,-0.0167046405169091,-1.28451287928067
ENSSSCG00000057610,-0.96807720485524,-0.964427270899581
ENSSSCG00000051948,-0.6037335549306,-0.78472289261437
ENSSSCG00000009186,4.28217057167977,4.34306192035883
ENSSSCG00000028420,5.78320448452261,5.80522802490009
ENSSSCG00000009169,3.48955626337053,3.19316420856271
ENSSSCG00000022361,1.44048186623276,1.05384751029812
ENSSSCG00000009172,4.95691424552381,4.45013640418746
ENSSSCG00000008995,4.56775005300148,1.67705978623095
ENSSSCG00000009151,3.66683866522758,3.71776560175141
ENSSSCG00000008988,5.33702958817175,4.83222767665003
ENSSSCG00000009152,2.83187141988282,3.07593314641862
ENSSSCG00000024314,0.930831724376776,-3.82416175559903
ENSSSCG00000031901,6.41363619790703,5.84927457840417
ENSSSCG00000032094,3.74397982295811,3.34566205935238
ENSSSCG00000029813,2.64973397156036,2.46182475270139
ENSSSCG00000008997,-1.78143407576197,-0.0673909604895641
ENSSSCG00000022353,5.04297963835434,4.70639583599221
ENSSSCG00000008996,4.7480797603667,4.49649543996581
ENSSSCG00000026886,0.316720715261423,-0.0673909604895641
ENSSSCG00000009004,7.14089552185405,4.49866628722901
ENSSSCG00000020879,5.28227547762598,4.78853686468123
ENSSSCG00000009188,-0.313099436094831,-0.702622497962026
ENSSSCG00000024168,6.32919620923277,6.21211360036955
ENSSSCG00000008989,5.61399142581396,6.2755225628471
ENSSSCG00000039563,-0.451110226541143,-0.0169014492655093
ENSSSCG00000021784,4.30110303528958,4.12993307155193
ENSSSCG00000008990,4.75985816320276,4.88794512498589
ENSSSCG00000038801,2.92548154303131,2.18820728069852
ENSSSCG00000023548,3.79829246233803,3.86638156038223
ENSSSCG00000030617,3.47056834606659,3.4024168103526
ENSSSCG00000021764,4.42955908949299,4.74164966589106
ENSSSCG00000022788,5.02030860192329,5.12421194834315
ENSSSCG00000009157,3.23772367198998,4.6112911612196
ENSSSCG00000062602,1.70701541088768,1.00581493118192
ENSSSCG00000009160,7.15211136368227,5.90434987719646
ENSSSCG00000023296,3.80588715198576,3.72520071372487
ENSSSCG00000008991,5.89513160804564,5.00098984520581
ENSSSCG00000022282,4.93283789881118,4.73245554093362
ENSSSCG00000028101,1.60623101893403,1.79480357676921
ENSSSCG00000008993,3.84327222703689,1.61437655810064
ENSSSCG00000009162,0.0359102671599988,-1.54570714867312
ENSSSCG00000009164,4.61606966000102,4.07570902894581
ENSSSCG00000038080,7.29218822802148,6.52753453947909
ENSSSCG00000008986,4.46596679346418,4.49214392126479
ENSSSCG00000025240,4.25745795998169,2.57313489923399
ENSSSCG00000062660,1.0885945093173,-2.05555929136582
ENSSSCG00000009178,5.85999542595801,5.2088535989099
ENSSSCG00000009177,4.42216598209886,3.86973996983634
ENSSSCG00000009176,5.02682247550098,5.01773763720484
ENSSSCG00000039327,1.06346985097485,1.86379432043539
ENSSSCG00000009179,-0.248748603557596,0.647265633957376
ENSSSCG00000008987,8.54412731247434,8.09014919414468
ENSSSCG00000054992,0.930831724376776,0.253744895693059
ENSSSCG00000020717,4.68564383812519,4.47239801062046
ENSSSCG00000009180,4.79080506780207,5.22860644357064
ENSSSCG00000009018,7.68294999307916,7.27676367005314
ENSSSCG00000009181,3.5129450340698,3.8460652516482
ENSSSCG00000009182,-1.07560684537938,-0.481109027935221
ENSSSCG00000009019,10.3796541714091,10.038897333389
ENSSSCG00000009021,8.23638752198686,8.28950265155806
ENSSSCG00000035409,-1.60995061428548,-0.964427270899581
ENSSSCG00000051020,-1.45670196380968,-0.871778856036138
ENSSSCG00000009023,3.40207070621701,3.98261456680239
ENSSSCG00000009185,6.94717357154957,6.45224860684534
ENSSSCG00000053405,4.9603211569672,4.90441297644775
ENSSSCG00000037766,4.58330072513487,3.51393686828592
ENSSSCG00000009140,4.87082822536318,5.17396131023383
ENSSSCG00000009141,4.54750682846432,3.59733428976383
ENSSSCG00000009029,4.59430661134251,5.42058482653703
ENSSSCG00000009142,5.29177207720485,5.40330789822753
ENSSSCG00000009030,4.44909080170269,4.68367805729574
ENSSSCG00000039813,0.58736937234432,-0.702622497962026
ENSSSCG00000030044,5.68469370130468,5.54553577579408
ENSSSCG00000009031,5.3834505712403,5.71381761480263
ENSSSCG00000040272,5.18078651505005,5.1603132438677
ENSSSCG00000009144,-1.60995061428548,0.0790671408551012
ENSSSCG00000009145,6.4185983449994,5.18343871162562
ENSSSCG00000009146,8.89741493491573,8.69849042930298
ENSSSCG00000009035,4.69998032258329,5.28377691460006
ENSSSCG00000009148,3.36656240498575,3.90290095805923
ENSSSCG00000008985,2.64126856623983,2.7871721045049
ENSSSCG00000053689,1.67419673092923,1.9036587274475
ENSSSCG00000061519,0.689434225427014,1.48019588742595
ENSSSCG00000050540,4.16894283300595,4.77963765158213
ENSSSCG00000009150,7.53314834103776,7.32527183611458
ENSSSCG00000049801,-0.128066380263549,0.647265633957376
ENSSSCG00000057196,-1.78143407576197,-1.28451287928067
ENSSSCG00000042273,3.07753836957622,4.12712941865
ENSSSCG00000056212,-0.380455165278715,-0.78472289261437
ENSSSCG00000057637,1.80121655797197,4.23262528609825
ENSSSCG00000046523,-0.187145967968861,1.29275702200006
ENSSSCG00000018727,-0.451110226541143,0.253744895693059
ENSSSCG00000018533,-0.868009231170092,-1.54570714867312
ENSSSCG00000041076,-0.313099436094831,-0.78472289261437
ENSSSCG00000051466,-1.31818014718968,-0.0673909604895641
ENSSSCG00000061051,-1.78143407576197,-0.624943747829482
ENSSSCG00000052555,-0.525404570246514,-0.871778856036138
ENSSSCG00000009015,4.09957245624403,3.82891367424594
ENSSSCG00000059573,4.4755223194615,4.71948452790664
ENSSSCG00000060466,-0.686560683805019,1.51492905093733
ENSSSCG00000046677,0.399364956748047,0.79589242289581
ENSSSCG00000060014,-0.96807720485524,1.82279700553437
ENSSSCG00000044738,0.183136955639335,-0.35032329061541
ENSSSCG00000035712,0.358634535634919,-1.86487943217923
ENSSSCG00000008808,4.59649774906262,4.45237808649548
ENSSSCG00000008807,4.03318240403036,3.89961894959634
ENSSSCG00000035621,-0.525404570246514,0.708565629647667
ENSSSCG00000033373,4.40726512908314,4.05225373045946
ENSSSCG00000008812,3.74002097233019,3.84947123326037
ENSSSCG00000008813,4.79843917096021,5.50075040552738
ENSSSCG00000008816,4.78505286291507,4.46131014563678
ENSSSCG00000038160,1.58872724014143,0.124759019246936
ENSSSCG00000037950,5.33964809332735,4.57677416558981
ENSSSCG00000036284,2.73176328344457,2.69929941392765
ENSSSCG00000008835,3.10242130466837,0.85130538708557
ENSSSCG00000008836,4.33036099705535,3.02262052174299
ENSSSCG00000031636,6.22683075831568,6.32407178234385
ENSSSCG00000008838,2.89019276770254,2.82917960111973
ENSSSCG00000008819,-0.868009231170092,-0.702622497962026
ENSSSCG00000008820,3.83215807275418,4.13552408472035
ENSSSCG00000008821,5.88709887807812,6.39978278553626
ENSSSCG00000008823,-0.0167046405169091,-0.174001573015732
ENSSSCG00000008826,4.85444253730434,5.31859996510395
ENSSSCG00000058121,7.14800900558205,7.37397678299735
ENSSSCG00000008829,4.15711552970392,2.88998283840744
ENSSSCG00000008830,0.183136955639335,0.409538950709052
ENSSSCG00000008831,5.0154038231113,4.5931203752218
ENSSSCG00000058015,5.09969151613617,5.03877562376105
ENSSSCG00000008834,7.73658680021351,7.68902533863869
ENSSSCG00000008789,5.84900984804076,5.90843781427465
ENSSSCG00000008788,5.40110734002319,5.45341137129948
ENSSSCG00000026297,2.77883157464872,3.69143674538927
ENSSSCG00000061243,9.4413699454287,9.30671202526295
ENSSSCG00000029385,4.10573884452747,3.95758220097463
ENSSSCG00000030150,6.42970116440799,5.32473087335095
ENSSSCG00000021793,7.17684964716752,6.65465581096266
ENSSSCG00000033602,6.03579352361428,5.85606343629172
ENSSSCG00000023112,6.22116179363816,6.28309884134831
ENSSSCG00000008792,5.15128019537821,5.57772211669406
ENSSSCG00000008794,-0.248748603557596,-0.0673909604895641
ENSSSCG00000008796,6.32126901372203,5.99632911833498
ENSSSCG00000024496,4.16304130144163,3.8460652516482
ENSSSCG00000022168,5.39734189610712,5.07414200704571
ENSSSCG00000022945,5.41110073973308,4.48120735284949
ENSSSCG00000008799,5.79087880566664,6.59249486401396
ENSSSCG00000037305,6.19609476525942,6.64488828955012
ENSSSCG00000008801,6.19320203090387,6.04095420598499
ENSSSCG00000040147,-0.6037335549306,-0.414234639036479
ENSSSCG00000008803,2.44123372499091,3.95442239354423
ENSSSCG00000058773,0.273552666612953,0.615610397484158
ENSSSCG00000049086,1.31835862021284,0.904668467894398
ENSSSCG00000045759,-1.07560684537938,-1.28451287928067
ENSSSCG00000047290,-0.6037335549306,-1.40920704473941
ENSSSCG00000060729,-0.96807720485524,-0.871778856036138
ENSSSCG00000044256,1.86076489630265,1.86379432043539
ENSSSCG00000043129,0.930831724376776,1.64605858351007
ENSSSCG00000050499,1.01186851910195,1.14536595329469
ENSSSCG00000053874,-1.78143407576197,-0.0673909604895641
ENSSSCG00000008765,3.02644675824992,2.97974874118209
ENSSSCG00000008762,4.64175924134234,4.10450186370333
ENSSSCG00000032413,5.16167619146932,4.81839004793703
ENSSSCG00000008768,3.59413760265918,2.29198550125994
ENSSSCG00000028471,6.45104840302269,5.60316574980417
ENSSSCG00000008770,0.273552666612953,1.63030453743178
ENSSSCG00000008771,5.2561793668333,4.83222767665003
ENSSSCG00000008772,3.40707272351487,3.70277942753658
ENSSSCG00000008773,5.52361378551654,5.1726022990149
ENSSSCG00000028983,7.80236914718012,8.0709469776646
ENSSSCG00000036125,6.85225795787724,4.78498376406107
ENSSSCG00000061764,1.38071206478968,0.79589242289581
ENSSSCG00000029943,4.18650394975465,3.91919993155247
ENSSSCG00000036488,6.61295118498781,6.17730102531221
ENSSSCG00000008785,6.4886950571607,4.80617228142469
ENSSSCG00000026583,2.73971541326485,1.44460584430091
ENSSSCG00000026592,1.80121655797197,1.31263544737941
ENSSSCG00000023785,0.183136955639335,-0.964427270899581
ENSSSCG00000008787,4.17775011141718,4.03141279196531
ENSSSCG00000008767,2.1858311792755,1.51492905093733
ENSSSCG00000059682,3.52679842945291,3.01050088731778
ENSSSCG00000055589,6.1632122017769,6.59096958895732
ENSSSCG00000055860,-0.774434225214997,0.481549931933635
ENSSSCG00000058594,-1.78143407576197,-0.0673909604895641
ENSSSCG00000036155,3.47056834606659,3.2302158225148
ENSSSCG00000022173,5.09969151613617,5.63804940994359
ENSSSCG00000009083,6.075607209294,6.10362413180061
ENSSSCG00000009084,3.60288327825035,2.94832678617514
ENSSSCG00000009085,0.815176045257344,0.409538950709052
ENSSSCG00000036213,3.91174070983612,3.96702031038741
ENSSSCG00000026290,2.44123372499091,2.88335209564566
ENSSSCG00000034743,6.01873849230684,5.54027651377235
ENSSSCG00000009090,5.30254933640218,5.94232672146592
ENSSSCG00000009092,-1.78143407576197,-1.06343627958185
ENSSSCG00000009093,4.73421564024372,4.92069497271026
ENSSSCG00000060144,2.10194590665749,3.66461844735113
ENSSSCG00000009096,4.68564383812519,4.88960039478267
ENSSSCG00000044775,3.18044883327868,-0.964427270899581
ENSSSCG00000009097,8.71985975966101,8.05204014404632
ENSSSCG00000062901,-1.19180123640617,0.0318806818288641
ENSSSCG00000060288,-0.868009231170092,-1.86487943217923
ENSSSCG00000056289,-2.79553649653186,-0.964427270899581
ENSSSCG00000060142,-1.78143407576197,-0.78472289261437
ENSSSCG00000009259,4.46356799005854,4.37413626289861
ENSSSCG00000027722,4.44423260771567,4.2533437096518
ENSSSCG00000009250,2.02594564966019,-1.54570714867312
ENSSSCG00000029061,1.42083245509814,1.79480357676921
ENSSSCG00000037723,4.06833886086946,4.1631586857311
ENSSSCG00000036555,0.316720715261423,-0.119711717242417
ENSSSCG00000009256,6.86367382875335,5.97777406569102
ENSSSCG00000009230,6.36305279514839,6.29376424922531
ENSSSCG00000009231,5.32254223505146,5.08718403481786
ENSSSCG00000009232,0.0866736428889641,-0.702622497962026
ENSSSCG00000009233,3.2710279851024,1.9802277618688
ENSSSCG00000009234,1.60623101893403,2.66877749283263
ENSSSCG00000038042,1.65750311577385,2.05293699456738
ENSSSCG00000009236,3.60288327825035,3.8460652516482
ENSSSCG00000051849,2.31917687589272,2.30196426756707
ENSSSCG00000009238,4.98895960204814,4.97159586277685
ENSSSCG00000009239,5.48746940475642,6.57922192958461
ENSSSCG00000009240,4.47075246769041,4.38356448850424
ENSSSCG00000009241,6.14161705251116,6.06678878499706
ENSSSCG00000009242,4.26849363650016,4.54561669196661
ENSSSCG00000009243,3.08379945350479,3.68382510911523
ENSSSCG00000009244,8.37478616686071,7.95893168899774
ENSSSCG00000009245,4.39975658862565,3.76902424332287
ENSSSCG00000026729,5.63439576913845,5.04769883008198
ENSSSCG00000009246,5.09969151613617,5.02377986016407
ENSSSCG00000037245,8.24723632127744,7.76380898439559
ENSSSCG00000040448,2.03889365526185,2.39813013632454
ENSSSCG00000009249,7.43585625248389,7.41679265798748
ENSSSCG00000055411,-0.686560683805019,-2.85117878809169
ENSSSCG00000029507,3.7868249346286,4.71948452790664
ENSSSCG00000033490,-0.774434225214997,-2.05555929136582
ENSSSCG00000043057,1.9863894410033,2.5228257707732
ENSSSCG00000053767,-0.96807720485524,-0.624943747829482
ENSSSCG00000047440,1.4598672457525,2.51426767165911
ENSSSCG00000055245,-2.79553649653186,-0.289123515071902
ENSSSCG00000058740,-0.868009231170092,-0.78472289261437
ENSSSCG00000009237,6.05742927124661,6.49310716779468
ENSSSCG00000008842,4.52697551328598,5.57772211669406
ENSSSCG00000008844,6.57011076487324,5.16988042999242
ENSSSCG00000032645,5.1257164355028,5.04473055607433
ENSSSCG00000008840,2.63275319451676,2.15556008292513
ENSSSCG00000008841,5.09659866559798,3.81852399093819
ENSSSCG00000008845,4.17188457053865,3.98880537664164
ENSSSCG00000053955,1.60623101893403,1.9802277618688
ENSSSCG00000008850,2.85401912853735,3.00440267505079
ENSSSCG00000008892,3.21508585528298,3.81852399093819
ENSSSCG00000057119,2.69133155577395,2.8013109451847
ENSSSCG00000008852,4.68564383812519,5.11008268606693
ENSSSCG00000008853,1.44048186623276,1.58198313393422
ENSSSCG00000008854,5.69393241476293,5.74980434359014
ENSSSCG00000008857,6.55554318720726,5.85436921442438
ENSSSCG00000008858,6.07009899982013,6.16641823824127
ENSSSCG00000020868,3.14495972721505,3.31149385632478
ENSSSCG00000008860,-0.248748603557596,-0.174001573015732
ENSSSCG00000008866,7.29185023549566,6.32223440424945
ENSSSCG00000008870,8.75779849361136,6.24351934919942
ENSSSCG00000008867,2.98690447673027,1.75176786229133
ENSSSCG00000024960,6.80519554950715,6.53125066991833
ENSSSCG00000032722,0.0359102671599988,-0.551234614202225
ENSSSCG00000008873,6.00395768579626,8.09392326107333
ENSSSCG00000008874,4.93457102648223,6.27931567542266
ENSSSCG00000041883,4.18067396324146,5.3453832041695
ENSSSCG00000008875,4.37188602326707,1.67705978623095
ENSSSCG00000028492,2.24289690050099,1.07727712061465
ENSSSCG00000008877,5.1996470039554,5.16305320567286
ENSSSCG00000008878,5.38091044219599,5.81745375686674
ENSSSCG00000031175,4.73222413057474,5.01925056701287
ENSSSCG00000008881,5.89868740418196,5.89531543311557
ENSSSCG00000043799,1.90386667628305,2.62174862191205
ENSSSCG00000056962,1.64061407306523,2.02910543258505
ENSSSCG00000060644,5.59439110826013,5.90189154336704
ENSSSCG00000061935,-0.774434225214997,-0.551234614202225
ENSSSCG00000062670,5.5577506163342,4.81490980275087
ENSSSCG00000056426,0.902775359205073,1.73713253770228
ENSSSCG00000038185,0.815176045257344,0.51625090059353
ENSSSCG00000039341,-2.79553649653186,4.50299820673294
ENSSSCG00000008944,-1.07560684537938,-1.54570714867312
ENSSSCG00000008965,1.88964201598903,1.8904926055864
ENSSSCG00000008966,6.53055023619985,6.16094590423758
ENSSSCG00000008961,3.54052006264698,4.39293149909293
ENSSSCG00000063288,0.784753030569422,1.8772052214074
ENSSSCG00000008969,4.76765734603905,4.20895578306652
ENSSSCG00000029348,4.29031492596082,4.08729521014085
ENSSSCG00000060276,0.844970737784426,1.31263544737941
ENSSSCG00000061605,3.14495972721505,3.98571329242528
ENSSSCG00000008959,2.26510581356419,2.94195942788852
ENSSSCG00000035020,2.79418583351156,0.212017947135459
ENSSSCG00000008963,1.18493366366352,0.0318806818288641
ENSSSCG00000036645,-0.525404570246514,-3.82416175559903
ENSSSCG00000023903,6.03013088572831,6.16641823824127
ENSSSCG00000008937,-0.380455165278715,0.124759019246936
ENSSSCG00000026084,4.03641408310966,3.10472155298875
ENSSSCG00000008727,0.316720715261423,-0.0673909604895641
ENSSSCG00000039991,5.31191384494604,5.17803067964322
ENSSSCG00000008938,0.0359102671599988,-1.06343627958185
ENSSSCG00000035379,5.27408548264667,4.00721999059348
ENSSSCG00000039488,5.52706404705212,4.85951101693745
ENSSSCG00000031302,6.26452445398752,6.30745052526422
ENSSSCG00000025514,5.57674220250872,5.83130032597044
ENSSSCG00000029983,5.90753874027632,6.09432366877081
ENSSSCG00000008712,1.90386667628305,1.63030453743178
ENSSSCG00000032452,6.63123433703869,5.42743807938283
ENSSSCG00000008710,-0.451110226541143,0.79589242289581
ENSSSCG00000008940,6.10052318828196,5.92628838799838
ENSSSCG00000008942,7.07995055697891,7.66433901712623
ENSSSCG00000008943,4.27123941593492,5.10296582238897
ENSSSCG00000008709,1.60623101893403,-1.28451287928067
ENSSSCG00000036501,7.9629856027591,7.83748149570709
ENSSSCG00000038180,5.41483048982722,3.93210781488979
ENSSSCG00000032637,4.33823852752945,4.94795950229678
ENSSSCG00000008947,2.62418726304154,2.51426767165911
ENSSSCG00000024399,3.73605122845562,3.47035774820873
ENSSSCG00000024592,6.58287598366071,6.50233236556787
ENSSSCG00000038731,5.2352384674893,5.06538135758898
ENSSSCG00000024892,1.87527570583285,1.51492905093733
ENSSSCG00000008728,2.77109272783156,3.07593314641862
ENSSSCG00000008729,2.94624777947776,3.19316420856271
ENSSSCG00000034122,5.11352787336289,5.21546797586672
ENSSSCG00000031700,-2.20115708176131,-0.964427270899581
ENSSSCG00000045703,-1.07560684537938,-0.119711717242417
ENSSSCG00000037539,3.50363497723415,3.20384783775857
ENSSSCG00000008970,5.91370252159402,5.96683904429988
ENSSSCG00000022940,7.52137568062945,7.30091066504997
ENSSSCG00000037445,3.01338605067572,3.13852608806589
ENSSSCG00000029624,5.40611269276694,5.71475165371821
ENSSSCG00000027349,6.34947544095918,6.52965921453739
ENSSSCG00000027746,8.74785257866451,8.52337824215472
ENSSSCG00000027178,1.40091172062405,1.9802277618688
ENSSSCG00000022358,4.95691424552381,4.96376002461138
ENSSSCG00000008735,5.72029442914765,5.89860723515138
ENSSSCG00000037527,0.399364956748047,-0.414234639036479
ENSSSCG00000008948,-0.380455165278715,1.03003110897365
ENSSSCG00000021289,6.83704934923022,6.63209083792059
ENSSSCG00000038234,5.59109834236116,5.7259132053783
ENSSSCG00000027286,4.68152139560982,4.40223808444598
ENSSSCG00000032262,7.61188932476272,7.04724240668726
ENSSSCG00000035739,0.930831724376776,1.72234722316666
ENSSSCG00000036512,4.8229746562625,5.2558138049587
ENSSSCG00000032633,4.58550862947328,4.77068320310956
ENSSSCG00000008678,5.85817029557915,5.89942901341719
ENSSSCG00000008677,3.22077869811913,2.02910543258505
ENSSSCG00000030827,3.74792783995943,2.8965832451145
ENSSSCG00000008675,6.44741123699508,6.21211360036955
ENSSSCG00000008682,5.63652690270746,5.66922134440963
ENSSSCG00000008681,5.67124357009355,5.60215657364276
ENSSSCG00000063120,3.60288327825035,2.66877749283263
ENSSSCG00000033541,4.81922701920558,4.2533437096518
ENSSSCG00000027718,4.554286179396,5.12842388370465
ENSSSCG00000008687,6.7619247657467,6.9909121227687
ENSSSCG00000032304,6.41921741505931,6.0856850827214
ENSSSCG00000037035,5.55999794021735,5.9051683918046
ENSSSCG00000008689,2.60690129401979,3.20384783775857
ENSSSCG00000034633,6.9501752360664,6.80869796312749
ENSSSCG00000054601,1.94571802033876,2.62174862191205
ENSSSCG00000008690,6.36819169478514,6.54864178317381
ENSSSCG00000029745,5.26171264937064,5.27493821378838
ENSSSCG00000023426,-1.976085364955,-0.871778856036138
ENSSSCG00000008952,4.32772556590621,5.3501999105982
ENSSSCG00000008921,4.4196931698055,4.61929418226102
ENSSSCG00000008923,-0.96807720485524,0.333743892305565
ENSSSCG00000008924,4.36419057709649,4.21688884379801
ENSSSCG00000008691,4.16599508484442,4.32604815274097
ENSSSCG00000035505,6.84674608702477,7.04167010771449
ENSSSCG00000047476,0.58736937234432,-0.871778856036138
ENSSSCG00000039276,4.0524647763966,2.57313489923399
ENSSSCG00000053199,-1.60995061428548,-1.28451287928067
ENSSSCG00000054715,-2.20115708176131,-0.230414558288775
ENSSSCG00000056469,5.21256131263037,5.78580435699611
ENSSSCG00000032374,-3.82416175559903,0.930627626435109
ENSSSCG00000028466,4.29571906444649,4.27123142631998
ENSSSCG00000008968,-2.20115708176131,-1.06343627958185
ENSSSCG00000042491,2.85401912853735,3.23543207783835
ENSSSCG00000054054,-2.79553649653186,-0.871778856036138
ENSSSCG00000008698,6.07717712842339,5.9597653661667
ENSSSCG00000008700,-0.248748603557596,0.0318806818288641
ENSSSCG00000008702,2.58057768336524,0.904668467894398
ENSSSCG00000008701,7.77675321768484,7.32924151363019
ENSSSCG00000032151,3.37679712473895,0.904668467894398
ENSSSCG00000033873,4.16894283300595,4.6893911272279
ENSSSCG00000028085,4.70608118483071,4.44339038221649
ENSSSCG00000059110,4.28217057167977,4.84080927699702
ENSSSCG00000038829,4.60087006612891,4.89125376758923
ENSSSCG00000008703,0.551677535663921,0.98118532635575
ENSSSCG00000059898,0.358634535634919,0.294298826806809
ENSSSCG00000061994,2.52644419656486,3.09327503299889
ENSSSCG00000061545,1.16144525464261,1.35158900457553
ENSSSCG00000057151,-0.774434225214997,-1.16974403207503
ENSSSCG00000034251,-0.248748603557596,-2.05555929136582
ENSSSCG00000051354,-0.380455165278715,1.05384751029812
ENSSSCG00000062149,-2.20115708176131,-1.06343627958185
ENSSSCG00000056806,-0.868009231170092,0.169048095927475
ENSSSCG00000061843,3.86524692547764,4.24560912629743
ENSSSCG00000050735,-1.78143407576197,-0.871778856036138
ENSSSCG00000043216,0.72191195620079,-3.82416175559903
ENSSSCG00000062945,-1.78143407576197,-0.702622497962026
ENSSSCG00000052014,-0.380455165278715,-0.119711717242417
ENSSSCG00000047882,-0.6037335549306,0.294298826806809
ENSSSCG00000055957,5.62261792772528,5.57257909603647
ENSSSCG00000029711,4.9136348017377,4.90441297644775
ENSSSCG00000051936,-2.20115708176131,-1.06343627958185
ENSSSCG00000047976,4.17775011141718,5.30873599495493
ENSSSCG00000021515,4.56103382250096,5.42629812895989
ENSSSCG00000039778,2.66651720471281,0.409538950709052
ENSSSCG00000008978,0.229053005082177,-2.27533557831912
ENSSSCG00000008979,4.57221023248361,5.04324412577071
ENSSSCG00000008980,7.65956252916843,7.9901259856926
ENSSSCG00000008981,5.06846052634044,5.94710365855002
ENSSSCG00000008983,2.92548154303131,3.99189084785926
ENSSSCG00000008984,6.27823889080841,5.93673356340897
ENSSSCG00000052738,3.31958582976416,3.50963771843793
ENSSSCG00000008971,7.39710032427607,6.31239533697391
ENSSSCG00000008972,-0.774434225214997,-3.25715427767274
ENSSSCG00000008973,3.33541525760166,3.09900964522632
ENSSSCG00000008974,5.55549978627335,5.78313529708041
ENSSSCG00000032777,1.77049457016102,1.12302483629253
ENSSSCG00000032474,3.14495972721505,3.78334117662288
ENSSSCG00000008976,-2.79553649653186,3.59733428976383
ENSSSCG00000041895,-0.248748603557596,-1.28451287928067
ENSSSCG00000059464,1.42083245509814,0.212017947135459
ENSSSCG00000008724,5.68160093593212,5.60316574980417
ENSSSCG00000008723,6.44498135539586,4.56439180639477
ENSSSCG00000008722,3.11470366257417,3.14962050828442
ENSSSCG00000023907,5.41978853790186,5.01318930492047
ENSSSCG00000041048,-0.96807720485524,1.10033230279389
ENSSSCG00000008721,1.72314896938536,1.21038560183454
ENSSSCG00000009002,2.92548154303131,3.0286423715673
ENSSSCG00000009007,4.75985816320276,4.21424933416046
ENSSSCG00000009009,1.01186851910195,-0.0169014492655093
ENSSSCG00000029200,5.5339399140513,5.75435377945145
ENSSSCG00000009011,3.19208715058532,3.7939864025381
ENSSSCG00000009010,6.5379796874042,6.24610589441004
ENSSSCG00000038186,5.58006786009373,5.63804940994359
ENSSSCG00000009012,3.55411241648467,4.1073497926671
ENSSSCG00000050277,-1.19180123640617,0.738265774167816
ENSSSCG00000031736,3.67100321646479,3.531006489389
ENSSSCG00000030396,7.24757149593815,6.97111471232909
ENSSSCG00000020711,4.79080506780207,4.83566644473442
ENSSSCG00000028359,4.92064735578573,3.34566205935238
ENSSSCG00000008742,1.06346985097485,0.550136777985776
ENSSSCG00000008741,6.72634872176074,1.35158900457553
ENSSSCG00000008745,4.64175924134234,3.34566205935238
ENSSSCG00000008750,3.00681108817546,2.67646872321373
ENSSSCG00000023934,2.71572630700603,3.4024168103526
ENSSSCG00000059381,-0.0167046405169091,-0.289123515071902
ENSSSCG00000009060,4.17775011141718,4.54771492263576
ENSSSCG00000047367,0.784753030569422,-0.0673909604895641
ENSSSCG00000035622,8.24636443602694,8.35102023432315
ENSSSCG00000030957,5.02356921503594,5.19954222710953
ENSSSCG00000056724,1.23079346436338,2.35084832090034
ENSSSCG00000009166,3.61157625649599,3.35047783641302
ENSSSCG00000058307,-0.451110226541143,0.169048095927475
ENSSSCG00000009211,5.42842433183003,5.47452039550892
ENSSSCG00000030548,5.34356696142168,4.87296160819045
ENSSSCG00000021712,5.88082013071857,4.86119921482685
ENSSSCG00000038867,5.82678450871965,5.55912080087131
ENSSSCG00000009215,3.21508585528298,2.8222627439312
ENSSSCG00000055653,1.29696053674266,1.3895183870631
ENSSSCG00000009217,5.63759129012053,5.80259469154206
ENSSSCG00000009216,12.6237160207727,9.11051248286319
ENSSSCG00000041592,1.23079346436338,0.445993691080189
ENSSSCG00000009219,-1.31818014718968,-1.28451287928067
ENSSSCG00000009220,4.00706500947703,4.48120735284949
ENSSSCG00000009221,1.38071206478968,2.08796208222624
ENSSSCG00000009222,10.0088580783958,9.21759828210905
ENSSSCG00000053724,6.51383766895716,5.6488409011007
ENSSSCG00000009225,9.31359269097488,6.30000138376268
ENSSSCG00000057393,4.54069547030218,1.64605858351007
ENSSSCG00000048301,1.13756809465378,-2.53471534769233
ENSSSCG00000053510,0.273552666612953,-3.82416175559903
ENSSSCG00000009071,4.85992513752501,5.80435078107135
ENSSSCG00000057133,-1.19180123640617,-1.16974403207503
ENSSSCG00000009072,5.47084451969123,5.29880411848161
ENSSSCG00000034280,3.50829751564243,3.78334117662288
ENSSSCG00000009074,2.89019276770254,2.5228257707732
ENSSSCG00000009075,4.13316600447482,4.04632983398618
ENSSSCG00000052949,0.656208489639131,1.29275702200006
ENSSSCG00000055606,3.34587253533682,1.82279700553437
ENSSSCG00000009077,5.96038672050187,6.6963914735741
ENSSSCG00000009079,4.56775005300148,5.15068218947751
ENSSSCG00000008749,3.60288327825035,4.30138934729478
ENSSSCG00000022004,4.67531556037161,4.79031013887507
ENSSSCG00000008692,7.56706293284946,7.5914585974892
ENSSSCG00000008695,6.02688508553102,6.15338739067858
ENSSSCG00000008693,5.72530928417818,5.82612342372705
ENSSSCG00000008694,3.63308226616768,3.69900843346431
ENSSSCG00000008697,7.11743607483812,7.05205438412433
ENSSSCG00000058478,-0.451110226541143,-2.85117878809169
ENSSSCG00000009047,7.11514542953424,6.60866490898265
ENSSSCG00000009049,4.89239027334682,4.84080927699702
ENSSSCG00000009048,5.34877561472642,6.03348712154964
ENSSSCG00000051886,-1.78143407576197,-0.702622497962026
ENSSSCG00000056757,0.551677535663921,1.69231410194732
ENSSSCG00000009203,0.438976972203651,-1.86487943217923
ENSSSCG00000039821,2.75548937239974,0.253744895693059
ENSSSCG00000032541,4.554286179396,4.52446481708795
ENSSSCG00000026196,6.24160666637074,6.7465759848522
ENSSSCG00000061629,-1.78143407576197,-0.78472289261437
ENSSSCG00000009209,3.28739620076941,3.4024168103526
ENSSSCG00000008737,4.78697281397828,3.3213390526125
ENSSSCG00000008740,6.89561084895018,6.36093307831108
ENSSSCG00000060364,1.57100848239729,1.63030453743178
ENSSSCG00000008738,6.82961736452869,7.02369272648131
ENSSSCG00000026129,2.92548154303131,2.59764651471072
ENSSSCG00000009197,3.95336751205018,4.10450186370333
ENSSSCG00000048161,-1.07560684537938,-2.27533557831912
ENSSSCG00000061180,1.84610665102851,2.63759586230106
ENSSSCG00000058312,-0.248748603557596,-0.289123515071902
ENSSSCG00000034811,5.91370252159402,5.77151196818462
ENSSSCG00000023604,7.07052351349399,6.49745578645277
ENSSSCG00000029989,6.82401814274587,6.75568084281258
ENSSSCG00000026232,0.515080245807192,-0.0673909604895641
ENSSSCG00000040393,-1.19180123640617,-0.119711717242417
ENSSSCG00000008747,2.77883157464872,1.03003110897365
ENSSSCG00000008748,4.15414349138175,4.26103704735011
ENSSSCG00000009119,5.13177231731014,5.39284154943537
ENSSSCG00000009120,0.183136955639335,0.79589242289581
ENSSSCG00000031348,3.82470078273387,3.26633964668703
ENSSSCG00000009129,2.11423229533454,2.08796208222624
ENSSSCG00000009128,2.96671934204476,2.8965832451145
ENSSSCG00000055744,4.53156334491792,3.04655856183298
ENSSSCG00000009123,5.498056546694,5.78046129011308
ENSSSCG00000009125,6.63230263490877,6.675914381623
ENSSSCG00000056445,-2.20115708176131,-0.414234639036479
ENSSSCG00000057698,1.0885945093173,1.18903632798696
ENSSSCG00000023273,5.20252685723836,5.34417651063089
ENSSSCG00000053285,3.78298207960371,4.29140658982071
ENSSSCG00000036008,5.34877561472642,5.78935543970134
ENSSSCG00000038307,5.92158888387806,5.55495440154216
ENSSSCG00000008261,3.97373900404618,3.54367745980086
ENSSSCG00000022842,1.86076489630265,0.615610397484158
ENSSSCG00000008309,5.74519618313172,5.73882680523703
ENSSSCG00000008310,4.95520776802301,5.1955331683503
ENSSSCG00000008311,0.551677535663921,2.28193723327874
ENSSSCG00000008262,4.3064669884574,2.75847181319094
ENSSSCG00000008250,-0.96807720485524,1.21038560183454
ENSSSCG00000021287,2.43144759083636,2.60572537283493
ENSSSCG00000021007,3.85430141485533,3.98571329242528
ENSSSCG00000035958,2.55376482786368,1.79480357676921
ENSSSCG00000062275,-0.774434225214997,-1.86487943217923
ENSSSCG00000008263,0.13571138072984,-1.06343627958185
ENSSSCG00000008265,3.33015805611298,3.31149385632478
ENSSSCG00000008266,4.68975453448461,4.41378752178197
ENSSSCG00000039882,4.26298635018155,4.03141279196531
ENSSSCG00000008268,6.08187666158928,6.1526982853721
ENSSSCG00000033366,3.37679712473895,3.12734568941579
ENSSSCG00000008275,4.98729063289967,4.96533060070222
ENSSSCG00000008270,3.47533880561576,2.8222627439312
ENSSSCG00000057727,5.30254933640218,5.14514972461677
ENSSSCG00000022786,5.571182346918,5.0755969571521
ENSSSCG00000035061,5.4624596795659,5.12561729354074
ENSSSCG00000008287,5.571182346918,5.17124200640732
ENSSSCG00000008281,4.19809371766512,4.14387018686345
ENSSSCG00000029593,2.80180211518241,2.57313489923399
ENSSSCG00000029485,7.2162105650216,6.93830300631287
ENSSSCG00000020931,5.16758329841418,5.22860644357064
ENSSSCG00000062991,0.515080245807192,1.29275702200006
ENSSSCG00000008428,5.48510611821674,4.48340130909469
ENSSSCG00000008429,8.08387542968777,8.25877240872456
ENSSSCG00000008447,3.69574118470893,3.62144157031221
ENSSSCG00000008282,5.66499327009799,5.37994536315709
ENSSSCG00000023156,5.41607160017729,5.25195831225793
ENSSSCG00000008448,6.21475746798086,6.2200293634499
ENSSSCG00000008449,-0.96807720485524,0.253744895693059
ENSSSCG00000008274,7.82356857964419,7.61866068966829
ENSSSCG00000008451,4.8173495436804,4.87128712629734
ENSSSCG00000008456,3.61157625649599,4.40223808444598
ENSSSCG00000008289,2.98020742906681,2.99827857643353
ENSSSCG00000039221,7.31665022928729,7.25477665955476
ENSSSCG00000040854,4.79462716891182,4.86793232068353
ENSSSCG00000008452,5.92158888387806,5.97075393054763
ENSSSCG00000008292,5.20826937500679,5.84330800833719
ENSSSCG00000008293,4.0809135576596,4.63516825840664
ENSSSCG00000008294,12.7705155071323,11.7703633437638
ENSSSCG00000008459,3.4170250288465,2.8013109451847
ENSSSCG00000038549,7.18014061526599,7.53520126982354
ENSSSCG00000038660,2.71572630700603,0.333743892305565
ENSSSCG00000008464,4.62038314979313,4.61729758517607
ENSSSCG00000008466,6.87409724122768,6.51149894816512
ENSSSCG00000008433,9.08104942934565,8.89711250620652
ENSSSCG00000008467,5.67953540281485,5.2558138049587
ENSSSCG00000008300,4.59430661134251,3.8830959699169
ENSSSCG00000008434,5.69801959537293,5.01014909750059
ENSSSCG00000008298,5.11199703712157,5.57874852437583
ENSSSCG00000021325,7.52799168182293,6.24545969272475
ENSSSCG00000008297,3.91174070983612,4.15216828374264
ENSSSCG00000008437,5.22394444625881,5.44780464594053
ENSSSCG00000021579,0.0866736428889641,0.767366807455606
ENSSSCG00000037977,5.53850568688605,6.01767930486914
ENSSSCG00000008440,4.2266672308481,3.91270242209889
ENSSSCG00000045356,1.72314896938536,1.5319870059135
ENSSSCG00000008302,0.844970737784426,1.00581493118192
ENSSSCG00000031261,3.4170250288465,2.81531256473901
ENSSSCG00000035912,-0.0167046405169091,0.124759019246936
ENSSSCG00000008443,7.51848966789805,6.05503606476764
ENSSSCG00000008303,7.7733676996221,7.78397408976429
ENSSSCG00000038383,6.63123433703869,6.42796382315456
ENSSSCG00000008444,2.8973199146782,2.93556384253476
ENSSSCG00000008445,4.78889021334941,4.42524523437298
ENSSSCG00000008304,4.34346641910837,4.49866628722901
ENSSSCG00000037751,2.3297520885663,2.1108484849407
ENSSSCG00000022162,4.41224920002048,4.19027388372377
ENSSSCG00000008468,5.75110918728245,5.39050534647045
ENSSSCG00000036418,6.24928645093566,5.9190125560334
ENSSSCG00000008307,3.2320974322928,2.81531256473901
ENSSSCG00000008601,6.49692922756724,5.30625942849835
ENSSSCG00000043781,7.80094471395167,7.17625811378258
ENSSSCG00000008619,6.57456366328126,6.53812676197925
ENSSSCG00000008470,4.09647935018081,4.32114999424609
ENSSSCG00000024293,2.82441264416951,3.2406295410238
ENSSSCG00000008474,0.0866736428889641,0.878233640758889
ENSSSCG00000008475,5.91370252159402,6.23508090661092
ENSSSCG00000021155,2.50793871030225,2.08796208222624
ENSSSCG00000008618,-0.774434225214997,0.904668467894398
ENSSSCG00000008599,-1.31818014718968,-0.414234639036479
ENSSSCG00000061556,5.62691191236823,5.77867586137085
ENSSSCG00000008600,6.93726675565312,7.36894230643411
ENSSSCG00000008478,5.47799294155948,5.64590576349124
ENSSSCG00000022933,5.24085249484085,4.05225373045946
ENSSSCG00000008312,5.31590867260505,6.33929294186894
ENSSSCG00000040621,1.75488470892769,1.42647607361694
ENSSSCG00000008617,4.4196931698055,4.95271785559092
ENSSSCG00000008568,7.28303452052391,7.40034107440732
ENSSSCG00000008480,6.68473338466047,6.51203634940936
ENSSSCG00000008479,5.93203741823468,5.24809248843103
ENSSSCG00000008482,4.14219373129512,4.09305359360425
ENSSSCG00000008483,-0.313099436094831,0.583244978335558
ENSSSCG00000008484,6.6124099218954,7.11990616784017
ENSSSCG00000008486,6.66346672754009,6.25768830188691
ENSSSCG00000008621,5.76091065555504,5.56638317189068
ENSSSCG00000022708,6.15877068336283,6.24481320146771
ENSSSCG00000031905,-0.380455165278715,-1.06343627958185
ENSSSCG00000020878,5.56336237580262,5.62320243062958
ENSSSCG00000008613,0.0866736428889641,0.333743892305565
ENSSSCG00000008614,5.71727712747945,5.37049337859636
ENSSSCG00000008615,0.358634535634919,-0.230414558288775
ENSSSCG00000008602,8.1663926537798,7.71259516325216
ENSSSCG00000038394,4.34346641910837,4.79208123614213
ENSSSCG00000008316,6.35595678605771,6.09216886675081
ENSSSCG00000008604,6.71227315856378,7.22460164449542
ENSSSCG00000008317,6.04945381418918,5.94551310298757
ENSSSCG00000058412,1.20804577791874,1.35158900457553
ENSSSCG00000053616,1.23079346436338,1.94245115943691
ENSSSCG00000008314,6.18448886299459,6.21475701679215
ENSSSCG00000060496,0.985358817624548,-0.624943747829482
ENSSSCG00000008487,6.20689115272842,6.9104460303122
ENSSSCG00000008608,5.15722993443756,4.71575700283244
ENSSSCG00000030643,6.10745396730165,5.70820064641757
ENSSSCG00000008570,0.273552666612953,1.10033230279389
ENSSSCG00000008569,6.56955318495772,6.38870560358984
ENSSSCG00000008305,2.95992771317643,2.54819961906087
ENSSSCG00000033844,4.27671534681653,4.23783285264826
ENSSSCG00000008488,4.36419057709649,4.5560774615087
ENSSSCG00000008571,6.6424122041824,6.50773152392686
ENSSSCG00000058673,0.622199479864748,0.169048095927475
ENSSSCG00000008441,1.53490444243865,-1.86487943217923
ENSSSCG00000008572,1.16144525464261,0.647265633957376
ENSSSCG00000008573,7.2996041000601,7.31175437350696
ENSSSCG00000008574,4.7539809818569,5.16851756734465
ENSSSCG00000008575,5.59439110826013,5.96448500314811
ENSSSCG00000048402,2.61557016783239,0.0790671408551012
ENSSSCG00000008576,4.29571906444649,4.60324349748763
ENSSSCG00000060318,-0.128066380263549,1.07727712061465
ENSSSCG00000056837,0.399364956748047,-2.05555929136582
ENSSSCG00000051522,1.1132890985785,2.36994739547508
ENSSSCG00000047431,-1.976085364955,-0.78472289261437
ENSSSCG00000051523,-0.0167046405169091,1.23142354660134
ENSSSCG00000059235,-1.78143407576197,-0.624943747829482
ENSSSCG00000059094,1.67419673092923,2.65327091878993
ENSSSCG00000054930,-0.380455165278715,1.07727712061465
ENSSSCG00000029413,4.13014416476626,4.50515929850194
ENSSSCG00000060076,-1.976085364955,-0.0673909604895641
ENSSSCG00000053560,-2.20115708176131,-0.871778856036138
ENSSSCG00000008577,4.03318240403036,4.23523141903256
ENSSSCG00000048122,2.61557016783239,3.01657343115509
ENSSSCG00000008578,5.94241082419902,5.9597653661667
ENSSSCG00000050679,-0.187145967968861,0.98118532635575
ENSSSCG00000055702,2.45095392453259,0.550136777985776
ENSSSCG00000008581,4.15414349138175,4.80967364264914
ENSSSCG00000063378,-0.071311274400066,-1.16974403207503
ENSSSCG00000008583,5.57674220250872,6.03647859468548
ENSSSCG00000008228,1.0885945093173,1.23142354660134
ENSSSCG00000008164,6.42477712386793,6.23573177279782
ENSSSCG00000008582,0.902775359205073,1.8904926055864
ENSSSCG00000008584,2.88303023659174,2.78005038054984
ENSSSCG00000008585,-0.313099436094831,-1.40920704473941
ENSSSCG00000008586,2.40168448112881,2.56487093313837
ENSSSCG00000008587,5.23101356380149,5.00252043110958
ENSSSCG00000045531,1.80121655797197,0.708565629647667
ENSSSCG00000008192,7.0885382318887,6.75295541372836
ENSSSCG00000008589,3.48483266148308,3.56869034806267
ENSSSCG00000008590,1.55306939928711,2.60572537283493
ENSSSCG00000033753,4.57665666553655,4.82359472465805
ENSSSCG00000041783,1.01186851910195,1.49766699261516
ENSSSCG00000008241,4.56103382250096,3.44356408236478
ENSSSCG00000008591,4.55653890219201,5.19954222710953
ENSSSCG00000008242,5.79279102427396,5.86786760549496
ENSSSCG00000008593,4.40226377999428,3.2302158225148
ENSSSCG00000008245,8.1883493359262,7.33714824962959
ENSSSCG00000008162,4.80034140148673,5.95739974508196
ENSSSCG00000008150,1.25318803729539,1.10033230279389
ENSSSCG00000038714,3.61590318182574,3.86638156038223
ENSSSCG00000008153,0.273552666612953,1.9802277618688
ENSSSCG00000025357,2.25404409223782,2.01704038155276
ENSSSCG00000008159,2.88303023659174,1.18903632798696
ENSSSCG00000032795,0.0359102671599988,1.03003110897365
ENSSSCG00000030115,3.96358921455897,3.78334117662288
ENSSSCG00000023550,-0.774434225214997,-0.289123515071902
ENSSSCG00000045529,7.26558410215504,7.08312784777926
ENSSSCG00000008247,7.12694147451539,7.20645461765344
ENSSSCG00000055154,-0.774434225214997,-0.119711717242417
ENSSSCG00000060465,4.31979026323652,4.8862879538409
ENSSSCG00000044418,-2.20115708176131,-1.06343627958185
ENSSSCG00000063005,4.42463456318673,4.9190750172438
ENSSSCG00000062306,-1.45670196380968,-0.289123515071902
ENSSSCG00000047947,-0.774434225214997,0.615610397484158
ENSSSCG00000049469,-0.774434225214997,-0.119711717242417
ENSSSCG00000058139,-3.82416175559903,-0.414234639036479
ENSSSCG00000048673,1.51650785122028,1.14536595329469
ENSSSCG00000053235,0.753674621171028,1.59827076196444
ENSSSCG00000044076,-0.6037335549306,-2.27533557831912
ENSSSCG00000008166,-0.187145967968861,0.253744895693059
ENSSSCG00000008168,6.32787803112669,6.91695368699389
ENSSSCG00000008167,6.40616082858514,6.73050289557324
ENSSSCG00000008169,5.14080874213337,6.54286800778807
ENSSSCG00000008170,8.9854270397509,8.54572744379958
ENSSSCG00000008171,5.88709887807812,6.31301224846318
ENSSSCG00000033885,4.9738689143191,5.60719540996505
ENSSSCG00000008183,4.72222513584158,4.75260582723064
ENSSSCG00000030435,5.28363596796118,5.24292189000465
ENSSSCG00000045084,4.19231047185544,3.57693252722526
ENSSSCG00000008185,2.73971541326485,2.48828449091058
ENSSSCG00000034715,3.46097984212366,4.3382212832415
ENSSSCG00000028287,5.46125785720147,5.67499183577983
ENSSSCG00000008186,6.74276337958469,6.8325584944814
ENSSSCG00000008233,3.77139171369143,5.42515727708889
ENSSSCG00000008232,5.40736132224554,5.07705044142739
ENSSSCG00000033135,5.62261792772528,5.75888891407752
ENSSSCG00000008187,4.65443450167316,6.50233236556787
ENSSSCG00000008175,4.62468378118974,4.58701223007775
ENSSSCG00000008188,5.17199781011746,4.85612868314178
ENSSSCG00000008176,-0.187145967968861,1.44460584430091
ENSSSCG00000062938,7.28744911164955,7.14264234585691
ENSSSCG00000055832,2.79418583351156,4.67410570967858
ENSSSCG00000025010,5.14080874213337,5.00710246988583
ENSSSCG00000027381,7.13713744730321,6.21211360036955
ENSSSCG00000008179,4.40226377999428,4.70639583599221
ENSSSCG00000058408,5.999824887944,6.07335785735956
ENSSSCG00000008180,6.9381309235984,6.77371996854537
ENSSSCG00000008190,7.44561262804869,6.17186989336792
ENSSSCG00000022300,7.79570972645631,8.50702656815146
ENSSSCG00000027113,1.65750311577385,3.37431850405851
ENSSSCG00000008240,2.85401912853735,1.78060050223319
ENSSSCG00000008181,5.29177207720485,5.12280523284831
ENSSSCG00000033394,5.25479272385376,6.05798323281301
ENSSSCG00000008239,4.27123941593492,4.15216828374264
ENSSSCG00000008238,4.97723606822499,4.97938937126153
ENSSSCG00000008237,6.32325489986924,5.95107239246147
ENSSSCG00000050627,8.33301725537953,8.1634741011431
ENSSSCG00000035478,7.14089552185405,7.14853008945748
ENSSSCG00000008218,5.1332823241636,5.52970012088263
ENSSSCG00000008222,7.05666437177118,6.73465310956275
ENSSSCG00000008221,5.09039300180185,5.22860644357064
ENSSSCG00000023710,2.61557016783239,3.53524252347769
ENSSSCG00000021746,4.47790134455421,4.40455538044212
ENSSSCG00000024564,6.08967535703974,5.93192210846132
ENSSSCG00000008225,5.34877561472642,5.58182337324485
ENSSSCG00000008226,4.8022411271757,4.88130498851059
ENSSSCG00000008227,4.62038314979313,6.05724700503486
ENSSSCG00000008230,1.91795245276096,0.253744895693059
ENSSSCG00000054074,-1.07560684537938,0.550136777985776
ENSSSCG00000048037,0.0359102671599988,1.05384751029812
ENSSSCG00000052244,-1.19180123640617,-0.871778856036138
ENSSSCG00000059723,1.4598672457525,3.31149385632478
ENSSSCG00000052002,1.42083245509814,2.99827857643353
ENSSSCG00000059111,-1.19180123640617,1.29275702200006
ENSSSCG00000058553,1.58872724014143,3.88641573936135
ENSSSCG00000062338,0.399364956748047,1.49766699261516
ENSSSCG00000063364,-0.96807720485524,-0.551234614202225
ENSSSCG00000045784,-1.78143407576197,-0.78472289261437
ENSSSCG00000061270,-1.07560684537938,0.294298826806809
ENSSSCG00000018864,-0.6037335549306,-1.16974403207503
ENSSSCG00000026710,7.02040294092295,6.97929951479251
ENSSSCG00000026248,4.80981511292778,3.9224377454893
ENSSSCG00000059318,2.55376482786368,2.56487093313837
ENSSSCG00000033691,1.01186851910195,-0.0169014492655093
ENSSSCG00000027300,-0.96807720485524,-2.27533557831912
ENSSSCG00000027855,1.01186851910195,1.14536595329469
ENSSSCG00000026569,5.23664402372983,4.90604947000577
ENSSSCG00000037065,6.51093652227469,7.37545417408238
ENSSSCG00000020675,4.01363881748623,3.18779257833077
ENSSSCG00000031290,-0.868009231170092,-1.06343627958185
ENSSSCG00000040215,2.55376482786368,3.17698894188192
ENSSSCG00000007901,4.54296949803801,4.54981010610583
ENSSSCG00000024488,4.88164953139426,4.9590380114504
ENSSSCG00000023304,9.61751268807205,9.89407102612639
ENSSSCG00000008061,6.78804265807493,7.04055306054755
ENSSSCG00000028381,4.05883538511989,4.28890006987828
ENSSSCG00000028454,5.21684051984079,5.77151196818462
ENSSSCG00000007907,7.52885240601243,7.57354964741851
ENSSSCG00000021236,6.81792769534376,6.89610735730227
ENSSSCG00000033311,3.2544719292997,3.78334117662288
ENSSSCG00000007909,3.90468462268559,6.09790786886084
ENSSSCG00000007914,3.98381788531011,3.98571329242528
ENSSSCG00000007944,3.71200060542836,3.14408396275198
ENSSSCG00000025561,5.30657014253946,4.62327910601669
ENSSSCG00000007947,2.79418583351156,3.00440267505079
ENSSSCG00000023653,5.62798341454991,5.58079915161549
ENSSSCG00000022874,5.31457829208385,5.5018330409271
ENSSSCG00000007797,3.82095763271074,3.57693252722526
ENSSSCG00000037232,4.34346641910837,3.83579879339546
ENSSSCG00000032578,0.0359102671599988,-0.174001573015732
ENSSSCG00000021118,6.66503349905095,6.45672194979672
ENSSSCG00000023984,5.73727428892082,5.81048031556348
ENSSSCG00000007895,6.25137386195762,6.07917202756176
ENSSSCG00000007896,5.11658468135943,4.49214392126479
ENSSSCG00000045157,2.85401912853735,2.92913977873282
ENSSSCG00000032381,6.36176520500668,4.60525962591967
ENSSSCG00000022149,0.689434225427014,-0.174001573015732
ENSSSCG00000007917,1.67419673092923,-0.78472289261437
ENSSSCG00000036275,6.25484618267848,6.08351732971928
ENSSSCG00000007818,4.11187898847788,4.21688884379801
ENSSSCG00000040182,6.45407238579491,6.31301224846318
ENSSSCG00000035736,1.623524972916,0.767366807455606
ENSSSCG00000039874,2.79418583351156,1.03003110897365
ENSSSCG00000007920,3.4170250288465,3.08751753508833
ENSSSCG00000007919,4.54296949803801,4.31869466461643
ENSSSCG00000025072,6.66555537833391,3.33598200946115
ENSSSCG00000007925,3.51757762897685,3.33111751872742
ENSSSCG00000007926,3.67515578070681,5.16442123764544
ENSSSCG00000007927,5.57674220250872,6.1582019335167
ENSSSCG00000007924,6.43092955305326,6.31054301813829
ENSSSCG00000007931,5.85908314938646,5.84672049790215
ENSSSCG00000025486,7.66531457270828,7.53837024350456
ENSSSCG00000061894,3.56310335838579,3.47477537670041
ENSSSCG00000021837,5.47084451969123,5.47452039550892
ENSSSCG00000038320,6.15654478594414,5.6041742205326
ENSSSCG00000007736,7.68655420772109,7.65949619156795
ENSSSCG00000008062,-0.6037335549306,-1.6964847871246
ENSSSCG00000008058,4.66491280882662,4.15216828374264
ENSSSCG00000008057,5.45523368186334,5.19954222710953
ENSSSCG00000007932,5.66394891570636,5.5756671080113
ENSSSCG00000007795,5.65241084280685,5.53393998682789
ENSSSCG00000040745,2.3297520885663,2.88998283840744
ENSSSCG00000007801,3.38695974883797,3.46592655108512
ENSSSCG00000007800,1.33944395982878,1.3322436929096
ENSSSCG00000007780,6.58508453762293,5.69784572600834
ENSSSCG00000008056,7.26248258551777,7.12553609858411
ENSSSCG00000027098,5.32254223505146,5.56223772315125
ENSSSCG00000007933,0.229053005082177,-0.289123515071902
ENSSSCG00000007786,7.21656674882587,7.13044432987881
ENSSSCG00000008054,1.06346985097485,1.21038560183454
ENSSSCG00000008055,3.09003348262316,3.4614817017213
ENSSSCG00000007778,3.20937045959201,2.27181848867676
ENSSSCG00000055551,0.0359102671599988,-0.230414558288775
ENSSSCG00000007788,5.47084451969123,5.06830748898315
ENSSSCG00000007939,5.3655750255456,5.6721094751941
ENSSSCG00000058422,2.51722112452346,3.07010588219071
ENSSSCG00000007798,5.11505708696343,5.24809248843103
ENSSSCG00000007789,7.47954637158228,7.34471023218505
ENSSSCG00000026326,2.29779101573986,2.23061850955662
ENSSSCG00000007791,5.80515904510945,5.68455832515942
ENSSSCG00000025794,6.10975684760179,6.21871308204642
ENSSSCG00000008051,5.32386529521647,5.97465822213306
ENSSSCG00000007790,4.75004951746395,4.97471832009399
ENSSSCG00000047341,-0.248748603557596,-0.414234639036479
ENSSSCG00000007935,5.5178449495159,5.70632345330499
ENSSSCG00000035999,4.54296949803801,5.04026666278459
ENSSSCG00000033496,4.23794004006135,4.27630172910488
ENSSSCG00000008048,7.2310950838975,7.16263186101692
ENSSSCG00000037875,3.78298207960371,3.90944266068508
ENSSSCG00000007930,6.44862464480372,6.47227031539743
ENSSSCG00000023603,4.40975931685619,4.27123142631998
ENSSSCG00000007940,1.94571802033876,2.49699765045707
ENSSSCG00000007941,5.56224176882914,5.37758816621669
ENSSSCG00000052991,4.78313035335911,4.6893911272279
ENSSSCG00000038852,4.62682929890177,4.82359472465805
ENSSSCG00000007943,4.86538698135486,4.50947179456649
ENSSSCG00000024587,4.99727560906856,5.5072340647936
ENSSSCG00000007942,6.56787915106652,6.77506385361374
ENSSSCG00000023349,5.85725686380513,5.99863180978143
ENSSSCG00000008047,5.47680399491392,6.01767930486914
ENSSSCG00000036614,2.85401912853735,3.13852608806589
ENSSSCG00000008044,4.99893307367509,4.39059544189987
ENSSSCG00000033059,1.31835862021284,2.01704038155276
ENSSSCG00000008043,5.84071541790155,5.91820186055785
ENSSSCG00000035594,5.83423106346497,5.59710007670216
ENSSSCG00000007949,5.12267893524269,6.33686832226518
ENSSSCG00000007950,4.39472909651868,5.46233705516726
ENSSSCG00000007951,6.86321892409869,7.15473809145528
ENSSSCG00000007952,5.6888071019403,5.30997268575455
ENSSSCG00000036527,5.00883807095558,5.02679150841308
ENSSSCG00000007954,3.9971477895836,4.76528373456444
ENSSSCG00000007956,0.551677535663921,1.96774514707322
ENSSSCG00000007955,5.96463388431822,5.89036360410687
ENSSSCG00000007957,-0.128066380263549,-0.551234614202225
ENSSSCG00000021065,6.52768253650098,6.44663735202703
ENSSSCG00000033390,-0.071311274400066,0.372139121137058
ENSSSCG00000007958,5.71828359603034,5.95582050662637
ENSSSCG00000053387,2.98690447673027,3.21972638842588
ENSSSCG00000029285,3.30893555670285,3.74362256161478
ENSSSCG00000037309,3.68754223658763,4.24302168950023
ENSSSCG00000007963,4.88344521729375,4.69129046740901
ENSSSCG00000043838,-1.976085364955,-0.78472289261437
ENSSSCG00000007965,2.69133155577395,3.44356408236478
ENSSSCG00000038889,-0.686560683805019,-1.16974403207503
ENSSSCG00000007967,4.75985816320276,4.67794227364016
ENSSSCG00000029375,4.90128020948336,5.41139621891093
ENSSSCG00000021569,0.844970737784426,1.12302483629253
ENSSSCG00000020895,4.23794004006135,4.6092834499602
ENSSSCG00000023315,4.22099762230059,3.7509259372459
ENSSSCG00000027252,4.28760524652537,4.48559193398023
ENSSSCG00000027130,4.91714533952582,3.18779257833077
ENSSSCG00000023743,0.844970737784426,-0.414234639036479
ENSSSCG00000008041,7.47300207267682,7.69519063334459
ENSSSCG00000008040,6.75114708522263,6.75613458084789
ENSSSCG00000008039,3.61157625649599,4.24560912629743
ENSSSCG00000008038,5.83330234337037,5.83302184013956
ENSSSCG00000023400,5.22252645663605,5.18613514443708
ENSSSCG00000008036,1.57100848239729,1.18903632798696
ENSSSCG00000008035,5.0668810880132,5.05951122969912
ENSSSCG00000008034,1.31835862021284,1.2726008670673
ENSSSCG00000037686,5.61615289188526,5.70726235517994
ENSSSCG00000022785,0.316720715261423,0.678241186296717
ENSSSCG00000007814,6.42600971047727,6.74474809759826
ENSSSCG00000007815,7.77215665807711,8.26404613710104
ENSSSCG00000007816,0.930831724376776,-1.28451287928067
ENSSSCG00000007817,3.75970747811426,3.80805894242148
ENSSSCG00000033697,10.6406267695165,10.2914122482365
ENSSSCG00000034728,0.815176045257344,1.00581493118192
ENSSSCG00000030328,5.90134851173852,6.14648148080796
ENSSSCG00000032657,-0.187145967968861,0.253744895693059
ENSSSCG00000032932,6.27413823135318,6.67447484244561
ENSSSCG00000031216,2.26510581356419,1.92963589847684
ENSSSCG00000025711,4.44666374966992,4.45908230991664
ENSSSCG00000008012,5.498056546694,5.62419699694949
ENSSSCG00000008013,3.43672601243127,2.94195942788852
ENSSSCG00000008014,4.52697551328598,4.25847715714734
ENSSSCG00000039024,1.20804577791874,0.85130538708557
ENSSSCG00000021467,3.72006211070162,3.78334117662288
ENSSSCG00000008016,4.94836160120768,5.01925056701287
ENSSSCG00000008017,4.99561623806536,5.36455428623971
ENSSSCG00000008018,6.795691353968,6.68880600225588
ENSSSCG00000008019,6.33117122087424,5.92548177188837
ENSSSCG00000008026,5.61290947718701,5.88622405683599
ENSSSCG00000008020,7.48428728487203,7.30028855591226
ENSSSCG00000008021,3.22077869811913,3.08751753508833
ENSSSCG00000008022,6.89561084895018,6.58893337717498
ENSSSCG00000037262,5.04779171172921,4.89125376758923
ENSSSCG00000008024,6.46310648831359,6.28561545175924
ENSSSCG00000028139,1.20804577791874,0.79589242289581
ENSSSCG00000038882,4.07778014376273,3.8830959699169
ENSSSCG00000022963,4.40476662179162,4.85782084125562
ENSSSCG00000008031,6.03740734618676,5.94471716713384
ENSSSCG00000008030,4.99395495627502,5.12842388370465
ENSSSCG00000008029,5.5373655976072,6.56219772906786
ENSSSCG00000021560,6.27413823135318,6.49473943624114
ENSSSCG00000062538,2.58057768336524,2.51426767165911
ENSSSCG00000052393,1.29696053674266,1.10033230279389
ENSSSCG00000055693,2.86132678081369,3.62542057526231
ENSSSCG00000021536,1.44048186623276,0.212017947135459
ENSSSCG00000039715,0.13571138072984,0.445993691080189
ENSSSCG00000048138,-0.187145967968861,-0.119711717242417
ENSSSCG00000050997,0.874162537149699,1.69231410194732
ENSSSCG00000051865,-0.313099436094831,-1.86487943217923
ENSSSCG00000061273,-0.071311274400066,0.294298826806809
ENSSSCG00000041169,-0.313099436094831,-0.871778856036138
ENSSSCG00000062646,-0.525404570246514,-2.85117878809169
ENSSSCG00000052863,0.399364956748047,-0.624943747829482
ENSSSCG00000041751,-1.78143407576197,-0.289123515071902
ENSSSCG00000063258,0.551677535663921,0.79589242289581
ENSSSCG00000056301,2.58057768336524,4.01026637030448
ENSSSCG00000058856,-0.525404570246514,0.930627626435109
ENSSSCG00000061203,3.49895732144611,3.99804206402155
ENSSSCG00000062167,4.02344370410475,4.22477852083292
ENSSSCG00000036096,3.48955626337053,2.99827857643353
ENSSSCG00000060192,0.229053005082177,-0.230414558288775
ENSSSCG00000055817,4.1835919013962,4.89949232825537
ENSSSCG00000047720,1.36022556587904,1.56550952137607
ENSSSCG00000061098,-0.187145967968861,0.678241186296717
ENSSSCG00000027755,-1.78143407576197,-1.16974403207503
ENSSSCG00000036739,-0.868009231170092,-1.06343627958185
ENSSSCG00000026828,0.515080245807192,0.583244978335558
ENSSSCG00000037719,5.46125785720147,6.06092439259269
ENSSSCG00000040569,5.22536104354269,5.58795348006003
ENSSSCG00000007557,4.57887475358054,5.02076191189901
ENSSSCG00000034390,-0.071311274400066,-0.119711717242417
ENSSSCG00000007599,5.5877980439522,5.39167392083903
ENSSSCG00000007565,6.25276379328066,6.40152406553949
ENSSSCG00000007568,6.87274192890748,7.09895382600199
ENSSSCG00000007727,2.74762395114334,3.8460652516482
ENSSSCG00000026457,-0.187145967968861,-0.871778856036138
ENSSSCG00000007733,3.80209480468758,3.76542269970242
ENSSSCG00000007732,6.30058651373089,6.74748906074066
ENSSSCG00000058184,0.844970737784426,-0.702622497962026
ENSSSCG00000061064,3.85795915304224,2.97351886149602
ENSSSCG00000041587,1.78593734007211,1.85025758473298
ENSSSCG00000060090,-0.313099436094831,-0.0673909604895641
ENSSSCG00000045286,-1.19180123640617,-0.871778856036138
ENSSSCG00000007563,3.85795915304224,4.3162351491245
ENSSSCG00000007564,-0.525404570246514,-0.174001573015732
ENSSSCG00000055213,5.24085249484085,5.05656718461117
ENSSSCG00000007681,7.78614262591793,6.9326941966093
ENSSSCG00000007558,7.11016985251132,6.71471567183612
ENSSSCG00000057358,3.71603698882729,3.64122775235665
ENSSSCG00000007560,5.55999794021735,5.40908989361252
ENSSSCG00000032956,2.11423229533454,1.05384751029812
ENSSSCG00000039119,7.10171035522687,6.27615544123633
ENSSSCG00000007637,5.54305705575252,5.79995654280253
ENSSSCG00000007636,2.08955398431033,2.8013109451847
ENSSSCG00000007642,6.44983703290879,4.70827293498612
ENSSSCG00000032056,-0.128066380263549,-0.871778856036138
ENSSSCG00000037398,5.77452179396242,5.73974479718111
ENSSSCG00000033356,5.23242324020512,5.32473087335095
ENSSSCG00000007556,4.2266672308481,4.44113468012368
ENSSSCG00000038766,4.4755223194615,4.69886292122149
ENSSSCG00000036247,5.19531641653183,5.40677987546547
ENSSSCG00000033926,3.7868249346286,3.80805894242148
ENSSSCG00000040977,3.97710646081402,3.72148794745697
ENSSSCG00000039390,6.73383309006987,6.78265564658475
ENSSSCG00000062464,2.98690447673027,2.39813013632454
ENSSSCG00000007572,4.9136348017377,4.95588139443383
ENSSSCG00000020813,5.22110707193471,5.59304208006401
ENSSSCG00000050310,0.273552666612953,-0.414234639036479
ENSSSCG00000007541,4.17482032190468,5.39517397542625
ENSSSCG00000007542,2.8973199146782,2.72918896313589
ENSSSCG00000007543,5.78704674796927,5.71007540015439
ENSSSCG00000007544,6.62427105187071,7.05463881632018
ENSSSCG00000040103,6.11205605782135,5.84159873186458
ENSSSCG00000007547,3.22077869811913,3.39777159849472
ENSSSCG00000038964,3.82470078273387,3.81504406924068
ENSSSCG00000007549,-1.78143407576197,-0.78472289261437
ENSSSCG00000038777,4.99395495627502,4.87797342430605
ENSSSCG00000007552,0.399364956748047,1.5319870059135
ENSSSCG00000026422,2.39162541398217,1.94245115943691
ENSSSCG00000007554,5.8754165122288,5.02829497824047
ENSSSCG00000007574,4.96202160040939,4.82359472465805
ENSSSCG00000007576,5.74321978391688,5.80259469154206
ENSSSCG00000007577,5.86636526046683,5.84927457840417
ENSSSCG00000007575,2.12641493269169,1.05384751029812
ENSSSCG00000007578,-2.79553649653186,-0.624943747829482
ENSSSCG00000007580,6.2011431355008,6.39454629993503
ENSSSCG00000035987,3.38188738520723,4.61729758517607
ENSSSCG00000032527,5.49453612490598,5.23121983981787
ENSSSCG00000020986,1.47899559533112,-0.414234639036479
ENSSSCG00000027768,3.43182593067921,3.76542269970242
ENSSSCG00000022553,7.1997303157881,7.58406612854459
ENSSSCG00000038526,4.44666374966992,3.65297050406999
ENSSSCG00000044331,4.55878811291572,3.7939864025381
ENSSSCG00000007585,10.7497682344426,10.5929027273865
ENSSSCG00000007586,5.01212468214923,4.11586000268243
ENSSSCG00000038489,0.753674621171028,-2.85117878809169
ENSSSCG00000007601,4.40476662179162,3.72890394973383
ENSSSCG00000008536,0.689434225427014,1.46251061004157
ENSSSCG00000008534,4.42463456318673,4.7670858037005
ENSSSCG00000008491,7.71683184543957,7.72909902098268
ENSSSCG00000037605,5.34747521332019,5.4217292985024
ENSSSCG00000007602,7.5507703983218,7.30928298749404
ENSSSCG00000007603,5.11352787336289,5.16578797361394
ENSSSCG00000007606,6.90182569226813,7.0925005315981
ENSSSCG00000030153,4.97555347361088,4.99023003397364
ENSSSCG00000007607,0.438976972203651,1.9802277618688
ENSSSCG00000007625,6.82261493522156,5.81658391782767
ENSSSCG00000035534,1.1132890985785,2.12215696247678
ENSSSCG00000007609,7.14614043409566,6.44719946063312
ENSSSCG00000033450,6.11358683147061,6.14993856790082
ENSSSCG00000007623,5.15128019537821,5.03129722562917
ENSSSCG00000008508,6.35207147415592,5.91414153574076
ENSSSCG00000007622,4.00376683837186,4.17948888215237
ENSSSCG00000026896,4.86174805063218,4.82186191785048
ENSSSCG00000030147,3.4170250288465,3.76902424332287
ENSSSCG00000008538,1.81633565189514,1.85025758473298
ENSSSCG00000034019,6.14760669367645,6.13466503074135
ENSSSCG00000008540,8.78878913974892,8.46919737533089
ENSSSCG00000036665,2.86859760426546,3.37431850405851
ENSSSCG00000031809,4.87263742243448,5.2938124219317
ENSSSCG00000007618,4.7734791882503,3.61745156076489
ENSSSCG00000029175,1.77049457016102,1.48019588742595
ENSSSCG00000007617,5.30924446785701,5.40793534688404
ENSSSCG00000031485,1.44048186623276,0.212017947135459
ENSSSCG00000043842,2.1858311792755,1.73713253770228
ENSSSCG00000039842,4.3064669884574,4.45013640418746
ENSSSCG00000023320,-0.868009231170092,-0.289123515071902
ENSSSCG00000025901,5.7918352317888,5.22860644357064
ENSSSCG00000034756,1.91795245276096,1.25215911194267
ENSSSCG00000058057,8.8283630696453,7.22394573642977
ENSSSCG00000008529,6.61186845565839,6.57408426231368
ENSSSCG00000044640,0.438976972203651,0.738265774167816
ENSSSCG00000008535,4.99893307367509,5.2963104291021
ENSSSCG00000008495,5.17052780659373,5.34417651063089
ENSSSCG00000008494,3.75579160912718,4.11868562017974
ENSSSCG00000008493,5.03330707060819,4.89290524774863
ENSSSCG00000039004,5.46005503283644,5.39982754519845
ENSSSCG00000008496,6.14910022651584,6.16982793607987
ENSSSCG00000008497,3.68754223658763,3.821995538918
ENSSSCG00000021941,3.30893555670285,3.73628202580504
ENSSSCG00000008498,5.55098756373722,5.5254477578665
ENSSSCG00000031461,6.15431544893751,6.13884660273776
ENSSSCG00000037215,4.77541459323819,4.97159586277685
ENSSSCG00000034893,6.0146478797184,6.02447530361921
ENSSSCG00000008499,4.23794004006135,4.25077011986144
ENSSSCG00000032180,5.41110073973308,5.63607861852144
ENSSSCG00000034288,4.90128020948336,4.73797904407895
ENSSSCG00000034153,6.46250597162539,6.53231066570008
ENSSSCG00000008503,3.34065337130757,3.81852399093819
ENSSSCG00000008504,5.72029442914765,5.07995302427817
ENSSSCG00000008509,2.15047586045883,1.3895183870631
ENSSSCG00000008510,9.85051133757318,8.62400565980428
ENSSSCG00000008512,4.05565359714783,4.06988085757199
ENSSSCG00000008518,5.45764637141157,5.39400823378912
ENSSSCG00000008517,5.10893048291671,4.89620254742366
ENSSSCG00000008516,5.46964966485848,5.19017036770102
ENSSSCG00000008515,5.37836583289947,5.42971528157494
ENSSSCG00000008521,-2.46795088038493,-0.871778856036138
ENSSSCG00000034092,3.79829246233803,3.79044671428864
ENSSSCG00000032054,4.26849363650016,3.71029197340014
ENSSSCG00000025271,-0.187145967968861,-0.0169014492655093
ENSSSCG00000007646,5.08259819521484,5.19285425985635
ENSSSCG00000007647,4.53613663328599,4.53084300515973
ENSSSCG00000007648,3.71200060542836,3.58512788582312
ENSSSCG00000007649,2.24289690050099,1.548845627756
ENSSSCG00000007650,0.58736937234432,-0.551234614202225
ENSSSCG00000007656,-0.187145967968861,-0.871778856036138
ENSSSCG00000026653,-0.313099436094831,-2.53471534769233
ENSSSCG00000007659,2.11423229533454,1.99260329927285
ENSSSCG00000023680,6.36690868493489,6.53018989474992
ENSSSCG00000007652,4.20385387305167,4.3382212832415
ENSSSCG00000062010,3.42690914917156,4.13273128655751
ENSSSCG00000025164,6.64188188404685,6.82349462104501
ENSSSCG00000030337,3.95678279945859,4.77606253878755
ENSSSCG00000007664,4.44179736203252,5.2963104291021
ENSSSCG00000030469,1.97295929665426,-0.871778856036138
ENSSSCG00000007665,1.77049457016102,1.2726008670673
ENSSSCG00000046279,4.01363881748623,5.07705044142739
ENSSSCG00000007667,6.32060644374253,6.78976455310711
ENSSSCG00000025096,3.30358079088575,3.71776560175141
ENSSSCG00000027466,7.2447802555397,6.23703262492626
ENSSSCG00000032076,6.2992419219704,5.18478755799373
ENSSSCG00000023255,4.77734740531865,4.6092834499602
ENSSSCG00000060053,1.36022556587904,2.62969400118923
ENSSSCG00000007671,2.75548937239974,2.75120663352335
ENSSSCG00000037616,2.53560868035451,2.59764651471072
ENSSSCG00000007669,7.589787710172,7.41765335579344
ENSSSCG00000022153,0.0359102671599988,-0.289123515071902
ENSSSCG00000007668,6.72934712995188,7.01196213275119
ENSSSCG00000007672,4.86356866330921,4.77785120261121
ENSSSCG00000008137,5.73429232785805,5.41829315531391
ENSSSCG00000007674,3.37168884069489,1.72234722316666
ENSSSCG00000008138,7.30195572394212,7.45390618034424
ENSSSCG00000021359,5.93896130311914,6.2685425151428
ENSSSCG00000028020,4.9839468912139,4.72134468506831
ENSSSCG00000062995,3.62451829412648,3.92889165486827
ENSSSCG00000056264,1.36022556587904,1.75176786229133
ENSSSCG00000007675,6.26383529794194,5.93031471765407
ENSSSCG00000056488,-0.248748603557596,-0.174001573015732
ENSSSCG00000023619,5.64502009492865,5.54132990108207
ENSSSCG00000061594,-1.78143407576197,-0.230414558288775
ENSSSCG00000055898,2.55376482786368,3.77261681843486
ENSSSCG00000052409,-0.525404570246514,-0.702622497962026
ENSSSCG00000053345,0.753674621171028,1.16736637209713
ENSSSCG00000027486,5.73329696958958,6.16914664089194
ENSSSCG00000034266,7.81347881511126,8.24623005971562
ENSSSCG00000048711,1.31835862021284,2.72918896313589
ENSSSCG00000024789,7.16324068319799,7.34742287192825
ENSSSCG00000030303,2.77109272783156,2.6137592424759
ENSSSCG00000034347,5.0810341673325,5.75526194759512
ENSSSCG00000025698,5.80041465355763,8.0816665259128
ENSSSCG00000021145,4.96202160040939,5.17124200640732
ENSSSCG00000039053,-2.79553649653186,-0.871778856036138
ENSSSCG00000030709,-0.868009231170092,-0.551234614202225
ENSSSCG00000028879,6.65928033252003,6.56686065142408
ENSSSCG00000033982,5.39356659863323,5.31982823284828
ENSSSCG00000038901,1.53490444243865,2.07638127694377
ENSSSCG00000038938,6.12349746454672,6.34774716405662
ENSSSCG00000054316,6.20904076861806,5.71568508830354
ENSSSCG00000058972,2.30852357224583,1.07727712061465
ENSSSCG00000007678,3.72407603371596,2.36994739547508
ENSSSCG00000030485,0.930831724376776,-2.85117878809169
ENSSSCG00000063463,1.58872724014143,1.9802277618688
ENSSSCG00000041835,1.83129794321605,2.20956873606394
ENSSSCG00000042876,1.44048186623276,1.21038560183454
ENSSSCG00000042205,-1.78143407576197,-0.35032329061541
ENSSSCG00000045247,-1.45670196380968,0.124759019246936
ENSSSCG00000041121,0.689434225427014,1.85025758473298
ENSSSCG00000048179,3.19787128988667,3.18240087297536
ENSSSCG00000045545,3.82843424607976,4.52019697202262
ENSSSCG00000032549,5.44675735151854,5.64394568233457
ENSSSCG00000049539,0.874162537149699,0.0318806818288641
ENSSSCG00000052744,-2.46795088038493,1.18903632798696
ENSSSCG00000049698,1.69069938953273,2.72177442956269
ENSSSCG00000033217,0.622199479864748,2.07638127694377
ENSSSCG00000044546,2.01288038415818,1.00581493118192
ENSSSCG00000054166,1.1132890985785,-0.230414558288775
ENSSSCG00000058218,-2.20115708176131,-1.06343627958185
ENSSSCG00000062108,0.58736937234432,-1.28451287928067
ENSSSCG00000056486,2.53560868035451,2.92268698172859
ENSSSCG00000054210,-0.868009231170092,-0.119711717242417
ENSSSCG00000062155,1.13756809465378,2.19892754442265
ENSSSCG00000040260,2.54471531554339,2.58135179761789
ENSSSCG00000058897,0.815176045257344,1.64605858351007
ENSSSCG00000061281,1.94571802033876,2.88335209564566
ENSSSCG00000053751,0.689434225427014,0.583244978335558
ENSSSCG00000043811,0.438976972203651,-0.289123515071902
ENSSSCG00000061829,-1.60995061428548,-0.871778856036138
ENSSSCG00000057179,5.34226185448042,5.98476020629911
ENSSSCG00000059470,-2.20115708176131,-1.06343627958185
ENSSSCG00000037652,0.958352864156609,0.550136777985776
ENSSSCG00000060739,0.958352864156609,0.445993691080189
ENSSSCG00000046754,-0.248748603557596,-0.0673909604895641
ENSSSCG00000046214,5.1257164355028,5.06391606329236
ENSSSCG00000039098,-1.78143407576197,-0.414234639036479
ENSSSCG00000018712,-0.96807720485524,-0.481109027935221
ENSSSCG00000052306,-0.6037335549306,-1.86487943217923
ENSSSCG00000008118,5.67228265917213,4.16589325392121
ENSSSCG00000031787,1.25318803729539,2.02910543258505
ENSSSCG00000036748,0.784753030569422,0.956127932608039
ENSSSCG00000008117,3.82843424607976,3.91595483470141
ENSSSCG00000031072,3.95678279945859,3.8392290700897
ENSSSCG00000008113,4.71013414036412,4.61529822109948
ENSSSCG00000008143,5.24783944669195,5.06830748898315
ENSSSCG00000037580,1.38071206478968,0.956127932608039
ENSSSCG00000008127,7.66557548511506,7.53493687420949
ENSSSCG00000039523,5.56560098184572,5.50075040552738
ENSSSCG00000008130,5.89513160804564,6.41595357728614
ENSSSCG00000008121,3.97036366875897,-0.0673909604895641
ENSSSCG00000063462,5.64819219558045,5.54238251981962
ENSSSCG00000008132,6.3219312795503,6.33139798338721
ENSSSCG00000008119,0.47753036411502,-0.289123515071902
ENSSSCG00000034154,4.99893307367509,5.84245362324048
ENSSSCG00000008136,6.80850728092383,7.00625161322108
ENSSSCG00000008141,0.47753036411502,0.212017947135459
ENSSSCG00000028944,-0.96807720485524,-1.6964847871246
ENSSSCG00000008115,0.438976972203651,-1.54570714867312
ENSSSCG00000059997,5.75699805538979,5.05213982164083
ENSSSCG00000008111,5.56448211302513,5.61522112036291
ENSSSCG00000023050,5.50856656109815,5.39400823378912
ENSSSCG00000008079,7.83637208667188,7.75202826029865
ENSSSCG00000008080,5.94585211705496,6.31732325830403
ENSSSCG00000008123,4.32508531169335,4.65865660665415
ENSSSCG00000035971,3.67100321646479,2.41661734632623
ENSSSCG00000037106,-0.525404570246514,0.294298826806809
ENSSSCG00000008144,6.18011246553698,6.36212584322221
ENSSSCG00000008147,5.17052780659373,5.46567000101113
ENSSSCG00000035390,4.60522917221993,4.64304027448696
ENSSSCG00000024636,5.01867552772342,4.87630475270675
ENSSSCG00000008001,6.96254459771676,5.27493821378838
ENSSSCG00000008002,3.36656240498575,3.53524252347769
ENSSSCG00000008003,5.42719380733997,6.06239272702864
ENSSSCG00000038296,2.98020742906681,2.59764651471072
ENSSSCG00000008134,1.16144525464261,-0.0169014492655093
ENSSSCG00000050615,7.88154609655553,8.26356750306464
ENSSSCG00000008135,5.38471896059265,5.22205216599255
ENSSSCG00000008004,5.93377150722206,5.54658533142559
ENSSSCG00000058140,2.07705469961597,0.79589242289581
ENSSSCG00000008006,4.98059538171392,4.57265850960416
ENSSSCG00000008007,5.23242324020512,5.1820886029746
ENSSSCG00000007988,5.9730908851975,5.89860723515138
ENSSSCG00000008008,6.25137386195762,6.65854437822125
ENSSSCG00000032501,3.58974480294054,3.8830959699169
ENSSSCG00000007998,4.48027645305758,4.8459338415019
ENSSSCG00000062928,5.31324668362047,5.5286382046041
ENSSSCG00000007991,7.25764471190023,7.77123562336507
ENSSSCG00000037970,-0.071311274400066,2.47069869532763
ENSSSCG00000008009,5.55437305300408,5.62519087810674
ENSSSCG00000008010,1.87527570583285,0.169048095927475
ENSSSCG00000008000,6.47982026616894,6.22528251238936
ENSSSCG00000008103,3.16281340283161,2.80832874093041
ENSSSCG00000008421,0.58736937234432,0.85130538708557
ENSSSCG00000008105,4.97555347361088,5.23382851053965
ENSSSCG00000033106,-0.380455165278715,2.34120312316572
ENSSSCG00000057606,5.73826690783978,8.0663806607427
ENSSSCG00000008423,5.15574479843408,5.20619933365502
ENSSSCG00000008106,-0.187145967968861,0.51625090059353
ENSSSCG00000007995,3.85063437944186,4.22739885414628
ENSSSCG00000008394,-0.451110226541143,-0.230414558288775
ENSSSCG00000032188,3.39705128589786,4.14664152576464
ENSSSCG00000008395,3.40707272351487,3.69143674538927
ENSSSCG00000037013,1.03789987789575,0.956127932608039
ENSSSCG00000033792,4.75985816320276,5.14376328703917
ENSSSCG00000007992,6.25623277430183,6.45895343059113
ENSSSCG00000040786,8.80983353151941,8.79978715306651
ENSSSCG00000007993,5.65241084280685,6.13745409164448
ENSSSCG00000008410,4.54523994700989,4.12993307155193
ENSSSCG00000035854,6.45104840302269,6.46562723822969
ENSSSCG00000007987,5.36942418903537,5.95897725672264
ENSSSCG00000007986,2.1974263314248,2.48828449091058
ENSSSCG00000007985,6.48987424846532,6.06678878499706
ENSSSCG00000007984,5.98233668323829,5.90762115300122
ENSSSCG00000023204,5.7918352317888,5.844161887754
ENSSSCG00000036541,-0.313099436094831,-0.964427270899581
ENSSSCG00000007980,5.52591487645596,5.18613514443708
ENSSSCG00000008396,2.02594564966019,2.57313489923399
ENSSSCG00000008397,5.71021211875823,5.67882604711436
ENSSSCG00000054274,3.39201434103731,3.5267579808414
ENSSSCG00000038804,1.13756809465378,0.738265774167816
ENSSSCG00000007981,5.21113208498388,5.21414752426517
ENSSSCG00000007978,-1.45670196380968,0.445993691080189
ENSSSCG00000031882,4.26022480317067,4.28890006987828
ENSSSCG00000008398,6.75114708522263,6.87829391809843
ENSSSCG00000008400,5.77452179396242,5.42401552234302
ENSSSCG00000008406,4.50847688485433,4.79385016182077
ENSSSCG00000007866,1.88964201598903,0.904668467894398
ENSSSCG00000007859,3.01338605067572,1.8088681866303
ENSSSCG00000007861,0.47753036411502,-1.28451287928067
ENSSSCG00000007982,4.8397195842579,4.68748928322641
ENSSSCG00000037399,4.14219373129512,3.43452112753612
ENSSSCG00000007968,5.92158888387806,5.70067717402462
ENSSSCG00000008404,4.94320557130479,4.82186191785048
ENSSSCG00000007962,4.98895960204814,5.13541656465696
ENSSSCG00000007823,1.99969571546966,2.29198550125994
ENSSSCG00000007970,4.9136348017377,4.96061373372648
ENSSSCG00000007973,1.49787364177406,1.07727712061465
ENSSSCG00000007826,4.71013414036412,4.6112911612196
ENSSSCG00000039712,-0.313099436094831,-0.78472289261437
ENSSSCG00000007851,1.4598672457525,-1.28451287928067
ENSSSCG00000008066,3.16281340283161,3.03463919046406
ENSSSCG00000031876,5.06371701444658,5.88290384577575
ENSSSCG00000008068,6.95743909726319,6.53759899377658
ENSSSCG00000046747,7.84768391817331,8.10393943697975
ENSSSCG00000034617,9.51503555322902,9.17165396642566
ENSSSCG00000008402,6.25761803453474,6.53018989474992
ENSSSCG00000008069,5.07318849289376,4.92554395364835
ENSSSCG00000008070,0.753674621171028,0.445993691080189
ENSSSCG00000032007,7.51762273708842,7.73693591953198
ENSSSCG00000034607,6.84996390364712,5.36336352821136
ENSSSCG00000008073,5.09039300180185,4.32604815274097
ENSSSCG00000008072,6.57345172651003,4.10164830170952
ENSSSCG00000028549,5.87451393815992,4.59108719892407
ENSSSCG00000030204,4.26022480317067,4.47901005509696
ENSSSCG00000027166,6.46610532802327,6.75386446228446
ENSSSCG00000028185,4.85077586103389,5.64296464222036
ENSSSCG00000022237,3.54506509105138,5.00710246988583
ENSSSCG00000008077,3.80966955664192,4.66059681610517
ENSSSCG00000063184,1.65750311577385,2.1108484849407
ENSSSCG00000026559,4.06517798633305,3.73628202580504
ENSSSCG00000047493,0.72191195620079,0.79589242289581
ENSSSCG00000053929,-0.6037335549306,-0.289123515071902
ENSSSCG00000008122,4.59868556397053,2.88335209564566
ENSSSCG00000061624,2.49859618532626,2.08796208222624
ENSSSCG00000056080,2.93243688704098,4.12150571432688
ENSSSCG00000050063,0.930831724376776,1.99260329927285
ENSSSCG00000062885,1.47899559533112,2.0048735807178
ENSSSCG00000044588,4.52467611478334,5.07268558814864
ENSSSCG00000057504,2.72376707845927,2.31187448705517
ENSSSCG00000052853,-0.6037335549306,0.169048095927475
ENSSSCG00000058096,0.753674621171028,0.823864935560437
ENSSSCG00000063437,-0.128066380263549,0.253744895693059
ENSSSCG00000061655,3.05859041486596,3.72148794745697
ENSSSCG00000063058,-0.96807720485524,0.51625090059353
ENSSSCG00000044236,-2.79553649653186,-0.481109027935221
ENSSSCG00000061277,0.358634535634919,-0.0673909604895641
ENSSSCG00000045719,-1.45670196380968,-1.28451287928067
ENSSSCG00000054359,-0.525404570246514,-0.871778856036138
ENSSSCG00000055520,1.27524029214877,-1.6964847871246
ENSSSCG00000058293,-0.686560683805019,-0.871778856036138
ENSSSCG00000048319,-0.868009231170092,-1.86487943217923
ENSSSCG00000061349,-1.31818014718968,-1.28451287928067
ENSSSCG00000058363,1.75488470892769,1.75176786229133
ENSSSCG00000058966,1.47899559533112,0.678241186296717
ENSSSCG00000055055,-0.686560683805019,0.647265633957376
ENSSSCG00000050003,-0.686560683805019,-1.16974403207503
ENSSSCG00000041715,5.02193982963718,5.50075040552738
ENSSSCG00000059465,1.80121655797197,-0.481109027935221
ENSSSCG00000062887,0.229053005082177,1.31263544737941
ENSSSCG00000042134,-0.868009231170092,-0.624943747829482
ENSSSCG00000028691,-2.79553649653186,1.31263544737941
ENSSSCG00000008125,2.03889365526185,0.481549931933635
ENSSSCG00000007979,6.18521697361121,6.36510344829208
ENSSSCG00000007864,6.76387572294845,6.04912360533687
ENSSSCG00000034720,5.08883740603897,5.16851756734465
ENSSSCG00000025203,4.8229746562625,4.67025891591888
ENSSSCG00000052142,3.22644916538749,2.41661734632623
ENSSSCG00000024206,3.78298207960371,3.56869034806267
ENSSSCG00000023829,6.00313207280052,6.33808114142449
ENSSSCG00000029212,4.9500761910517,5.24421627796292
ENSSSCG00000007868,2.90441202540823,0.372139121137058
ENSSSCG00000033674,4.84893902233177,4.73429905934596
ENSSSCG00000034827,1.90386667628305,2.81531256473901
ENSSSCG00000040637,0.316720715261423,-1.54570714867312
ENSSSCG00000034655,4.30110303528958,4.23001443683658
ENSSSCG00000026748,3.36656240498575,1.18903632798696
ENSSSCG00000022200,1.40091172062405,1.44460584430091
ENSSSCG00000040943,4.79653442898202,4.5602406234569
ENSSSCG00000032531,7.89940443685111,8.53122002322399
ENSSSCG00000010794,3.46097984212366,3.41166260325713
ENSSSCG00000010795,5.43088223660844,5.41829315531391
ENSSSCG00000040265,6.99571220556149,6.48655956356461
ENSSSCG00000010797,5.29041924137799,5.17531904247595
ENSSSCG00000060815,-1.31818014718968,-1.16974403207503
ENSSSCG00000010798,6.49281801691371,6.34834914555766
ENSSSCG00000035768,8.68861961747729,8.33607470672164
ENSSSCG00000010799,6.25415238679515,5.9824352496107
ENSSSCG00000007872,1.42083245509814,2.18820728069852
ENSSSCG00000028923,1.84610665102851,-2.05555929136582
ENSSSCG00000007836,1.83129794321605,-3.82416175559903
ENSSSCG00000030424,2.89019276770254,2.74390468232849
ENSSSCG00000036475,-0.96807720485524,-1.28451287928067
ENSSSCG00000007838,0.273552666612953,0.372139121137058
ENSSSCG00000039171,4.86720301054597,5.30377860339417
ENSSSCG00000007881,3.07753836957622,2.56487093313837
ENSSSCG00000030373,7.72085475336146,7.66603017279995
ENSSSCG00000027967,1.47899559533112,1.548845627756
ENSSSCG00000032340,4.58550862947328,3.96702031038741
ENSSSCG00000007840,4.96880340236247,5.21150298982333
ENSSSCG00000007839,6.43399595655893,6.48272635961579
ENSSSCG00000007842,4.68975453448461,5.56845143796607
ENSSSCG00000025266,8.40713344813622,8.26245007239565
ENSSSCG00000031629,3.15093553532168,3.74362256161478
ENSSSCG00000026686,2.44123372499091,2.62174862191205
ENSSSCG00000007845,6.17058448076658,6.07554091799034
ENSSSCG00000007853,3.87611001904801,4.20895578306652
ENSSSCG00000007854,2.80937840000644,3.68763594710554
ENSSSCG00000007855,3.92575018851997,3.93210781488979
ENSSSCG00000035000,1.88964201598903,1.76625620955041
ENSSSCG00000034074,2.12641493269169,3.51822324496375
ENSSSCG00000007857,8.26886394306202,8.36789217195101
ENSSSCG00000024748,5.42472960520609,5.65858178866893
ENSSSCG00000007847,2.90441202540823,3.79044671428864
ENSSSCG00000039080,4.10265894494164,2.88335209564566
ENSSSCG00000008637,5.34617363871415,5.68455832515942
ENSSSCG00000008638,8.26215085763687,8.27215871394986
ENSSSCG00000008648,4.31713543332827,2.95466616546181
ENSSSCG00000008647,4.16008145803367,3.52249692414717
ENSSSCG00000008641,4.2739799794474,4.03739812999795
ENSSSCG00000008640,5.8790211724262,5.71101186423649
ENSSSCG00000034536,-0.96807720485524,-1.54570714867312
ENSSSCG00000008624,3.34065337130757,3.80455365542524
ENSSSCG00000025483,6.5762299631947,3.81852399093819
ENSSSCG00000039057,-0.071311274400066,-0.174001573015732
ENSSSCG00000008659,5.67020373208027,5.63212894065207
ENSSSCG00000008635,4.1835919013962,4.09017727487734
ENSSSCG00000027121,8.87152458775989,7.81457449724933
ENSSSCG00000003663,4.4196931698055,3.90944266068508
ENSSSCG00000026068,0.784753030569422,3.14408396275198
ENSSSCG00000008664,7.98573247069084,8.16210517032945
ENSSSCG00000026161,5.0621323715976,4.71201982191071
ENSSSCG00000008629,5.73230092411965,5.91820186055785
ENSSSCG00000007848,1.23079346436338,2.98595183448321
ENSSSCG00000008644,7.00934437197777,7.20013221830379
ENSSSCG00000008645,5.78512689536103,3.29159958611275
ENSSSCG00000008631,2.96671934204476,3.16610379149013
ENSSSCG00000031741,2.31917687589272,-0.414234639036479
ENSSSCG00000023908,2.53560868035451,3.77977524102448
ENSSSCG00000008344,4.24633721660844,3.42084951981263
ENSSSCG00000040267,4.60522917221993,4.31869466461643
ENSSSCG00000038643,3.46578206002313,2.94195942788852
ENSSSCG00000008633,9.77658601512245,7.31760700344364
ENSSSCG00000008358,7.33939666434363,7.17761368721795
ENSSSCG00000038148,-1.78143407576197,-1.28451287928067
ENSSSCG00000008346,5.33177827675011,5.23643247279447
ENSSSCG00000008347,2.17414207960379,2.20956873606394
ENSSSCG00000008348,0.958352864156609,0.372139121137058
ENSSSCG00000008389,4.67116345666644,4.92069497271026
ENSSSCG00000008634,3.00020602359109,1.79480357676921
ENSSSCG00000008349,1.91795245276096,1.4081155707733
ENSSSCG00000036115,6.09045291295559,6.00475441231823
ENSSSCG00000007849,7.15916989450651,8.63206226021156
ENSSSCG00000008646,4.09337959831602,4.18219270048509
ENSSSCG00000007850,5.41855062238469,6.73142619766014
ENSSSCG00000008392,3.54959584587351,4.06402904613183
ENSSSCG00000063178,2.71572630700603,2.14451141952173
ENSSSCG00000039337,1.38071206478968,1.00581493118192
ENSSSCG00000050347,2.86132678081369,2.85652010228678
ENSSSCG00000061795,2.53560868035451,2.02910543258505
ENSSSCG00000036880,5.72631016675642,5.55391091895061
ENSSSCG00000042386,2.91146944267663,2.36994739547508
ENSSSCG00000045906,1.33944395982878,0.823864935560437
ENSSSCG00000008352,4.20672534931271,4.15216828374264
ENSSSCG00000008353,4.9839468912139,5.02979688289402
ENSSSCG00000039331,5.57674220250872,5.0372830421401
ENSSSCG00000020799,5.67020373208027,5.61221670860483
ENSSSCG00000044627,3.58533858691494,3.30158101284314
ENSSSCG00000008359,7.75558476303281,7.16502576479925
ENSSSCG00000027324,5.82491684889773,5.07850246282217
ENSSSCG00000008360,5.95527356434354,6.61818081655698
ENSSSCG00000029313,5.09969151613617,5.40677987546547
ENSSSCG00000028282,3.7079528973128,2.42577286549425
ENSSSCG00000037002,4.7734791882503,4.39526377978291
ENSSSCG00000008363,6.33051318403016,6.36450841871792
ENSSSCG00000008642,4.51544169628631,4.97159586277685
ENSSSCG00000008357,4.03641408310966,3.89632945781631
ENSSSCG00000039161,8.07447408138768,7.79505632246442
ENSSSCG00000030005,4.17775011141718,4.5931203752218
ENSSSCG00000028947,4.83786860556221,5.17938458935815
ENSSSCG00000027509,5.27955064198672,5.27240289267437
ENSSSCG00000008368,6.08578127892927,6.07044196175539
ENSSSCG00000025751,7.20189061984522,6.51042354476061
ENSSSCG00000057114,2.17414207960379,2.54819961906087
ENSSSCG00000008372,5.38851745148493,5.20220875704886
ENSSSCG00000026713,5.11199703712157,4.84763799255932
ENSSSCG00000008374,5.62905412150816,6.02823707121911
ENSSSCG00000008376,4.3064669884574,4.35748713804954
ENSSSCG00000008377,7.61837345191567,7.72191632041588
ENSSSCG00000008378,5.6503030611843,5.57463850492552
ENSSSCG00000028228,7.64746090741885,8.27485280031111
ENSSSCG00000023539,5.18516087136045,4.66059681610517
ENSSSCG00000029570,5.64502009492865,4.23001443683658
ENSSSCG00000008649,-0.96807720485524,-0.289123515071902
ENSSSCG00000055311,1.57100848239729,1.99260329927285
ENSSSCG00000046220,0.844970737784426,0.79589242289581
ENSSSCG00000045751,-2.20115708176131,-0.871778856036138
ENSSSCG00000060576,1.36022556587904,2.0048735807178
ENSSSCG00000059216,1.1132890985785,1.29275702200006
ENSSSCG00000042534,-1.45670196380968,-0.964427270899581
ENSSSCG00000045283,-0.686560683805019,-1.54570714867312
ENSSSCG00000008382,6.01382836353571,6.18742961594696
ENSSSCG00000008383,4.19231047185544,5.45341137129948
ENSSSCG00000008384,-0.071311274400066,-0.35032329061541
ENSSSCG00000008386,6.07952880857795,6.15614052509243
ENSSSCG00000053455,0.316720715261423,0.372139121137058
ENSSSCG00000008385,3.55861489141936,3.91595483470141
ENSSSCG00000020736,5.77161591243067,3.39311138158518
ENSSSCG00000062269,-1.19180123640617,-1.16974403207503
ENSSSCG00000008388,3.79829246233803,3.46592655108512
ENSSSCG00000008326,1.0885945093173,1.10033230279389
ENSSSCG00000026446,5.23383154053975,4.96533060070222
ENSSSCG00000024776,5.38091044219599,5.20619933365502
ENSSSCG00000029790,5.46725698231566,6.41710172760305
ENSSSCG00000023409,6.74720788007203,7.16468402164881
ENSSSCG00000008332,3.47533880561576,3.79044671428864
ENSSSCG00000056128,7.872759345917,7.7198243045596
ENSSSCG00000008334,3.57203861517619,3.95125565027317
ENSSSCG00000025674,4.58108943663398,4.52659401443999
ENSSSCG00000008335,4.25468580026123,4.10450186370333
ENSSSCG00000008336,6.78131662226727,6.67062903412635
ENSSSCG00000008337,5.71223422555393,5.39050534647045
ENSSSCG00000025007,4.93630207462315,4.85443453794003
ENSSSCG00000008339,7.86573662850819,6.05134361809955
ENSSSCG00000008340,6.73333533833041,6.60009714393056
ENSSSCG00000055468,2.973479148401,2.83606345429926
ENSSSCG00000044541,5.5464611843299,6.28750003285826
ENSSSCG00000041317,2.36102042350312,3.38843606237055
ENSSSCG00000058462,0.0359102671599988,-0.174001573015732
ENSSSCG00000042126,-1.78143407576197,-0.702622497962026
ENSSSCG00000058829,-1.45670196380968,-1.28451287928067
ENSSSCG00000052706,-1.45670196380968,0.51625090059353
ENSSSCG00000058327,0.0866736428889641,-0.551234614202225
ENSSSCG00000054258,1.60623101893403,1.07727712061465
ENSSSCG00000049090,3.93962493363013,3.86638156038223
ENSSSCG00000044592,2.4891927659918,2.5565593570002
ENSSSCG00000050256,-1.19180123640617,-0.964427270899581
ENSSSCG00000058932,-0.774434225214997,-0.0169014492655093
ENSSSCG00000042714,-1.45670196380968,-0.414234639036479
ENSSSCG00000049685,4.88164953139426,4.8746341488283
ENSSSCG00000059383,-0.6037335549306,0.615610397484158
ENSSSCG00000049122,2.50793871030225,2.49699765045707
ENSSSCG00000038001,4.85444253730434,4.81142114178654
ENSSSCG00000034129,3.91525585396758,4.01026637030448
ENSSSCG00000008549,4.2266672308481,4.14387018686345
ENSSSCG00000008548,2.8973199146782,2.63759586230106
ENSSSCG00000008546,4.89239027334682,4.94795950229678
ENSSSCG00000039695,3.07753836957622,2.80832874093041
ENSSSCG00000008545,5.15276993206664,5.53711172916609
ENSSSCG00000028672,2.8973199146782,1.75176786229133
ENSSSCG00000029305,4.34607327790409,3.16610379149013
ENSSSCG00000026367,8.2586960946024,8.32663541966571
ENSSSCG00000040062,4.98895960204814,4.57265850960416
ENSSSCG00000022454,6.62641718300853,6.748857591958
ENSSSCG00000007682,1.58872724014143,1.67705978623095
ENSSSCG00000042324,4.49209369513494,4.75623946899784
ENSSSCG00000023912,5.35913684315831,5.57977420233737
ENSSSCG00000029300,3.14495972721505,3.00440267505079
ENSSSCG00000007687,4.27944553770892,4.2533437096518
ENSSSCG00000007688,5.3278272111768,5.47120785687323
ENSSSCG00000027890,4.8941726483828,4.04632983398618
ENSSSCG00000007695,5.5316515975987,3.52249692414717
ENSSSCG00000057287,0.844970737784426,0.481549931933635
ENSSSCG00000025430,4.58550862947328,5.1603132438677
ENSSSCG00000036391,1.67419673092923,1.35158900457553
ENSSSCG00000007692,7.15360024279045,7.4906342831053
ENSSSCG00000039962,6.92859648645922,7.64584915221859
ENSSSCG00000037567,-3.22005278102631,-0.481109027935221
ENSSSCG00000032250,3.22644916538749,3.63729216539682
ENSSSCG00000044322,-0.774434225214997,-0.414234639036479
ENSSSCG00000058633,0.399364956748047,-0.624943747829482
ENSSSCG00000061475,0.316720715261423,1.03003110897365
ENSSSCG00000042815,-0.6037335549306,-0.414234639036479
ENSSSCG00000008089,3.7280788200133,5.02679150841308
ENSSSCG00000008094,4.17482032190468,3.61745156076489
ENSSSCG00000008098,5.0154038231113,5.04324412577071
ENSSSCG00000008097,4.58330072513487,4.87296160819045
ENSSSCG00000048125,-0.071311274400066,1.29275702200006
ENSSSCG00000032288,5.37836583289947,5.58489168255374
ENSSSCG00000026465,6.3390443405812,6.14093285247991
ENSSSCG00000025224,2.973479148401,2.58952216140678
ENSSSCG00000061381,0.438976972203651,1.23142354660134
ENSSSCG00000008412,6.10668552293477,6.38812023132521
ENSSSCG00000008413,0.399364956748047,1.05384751029812
ENSSSCG00000008414,6.76874160460024,6.23703262492626
ENSSSCG00000008415,4.4731393648411,4.64304027448696
ENSSSCG00000037577,2.31917687589272,2.17740676095809
ENSSSCG00000043649,1.01186851910195,1.78060050223319
ENSSSCG00000035256,1.18493366366352,3.54367745980086
ENSSSCG00000027454,2.51722112452346,1.49766699261516
ENSSSCG00000029752,5.58889898249473,5.93753391480702
ENSSSCG00000029509,2.69133155577395,3.05248152111906
ENSSSCG00000027970,2.91849250426136,4.32849100983691
ENSSSCG00000054721,5.44675735151854,5.44330352429917
ENSSSCG00000027946,7.4102387941531,7.44717780389925
ENSSSCG00000027629,6.16395112726794,5.2088535989099
ENSSSCG00000029186,1.55306939928711,0.124759019246936
ENSSSCG00000040888,3.03939028735737,3.42997830511514
ENSSSCG00000052107,5.21113208498388,5.17667549814632
ENSSSCG00000031967,7.26455100395042,7.27359783458947
ENSSSCG00000030122,4.75201658885609,4.8746341488283
ENSSSCG00000032921,4.62038314979313,4.96376002461138
ENSSSCG00000037193,0.985358817624548,2.08796208222624
ENSSSCG00000046707,3.00681108817546,3.82891367424594
ENSSSCG00000032556,8.77688328910777,9.34099232999473
ENSSSCG00000036817,5.9865198103191,5.75253572630294
ENSSSCG00000034774,3.71200060542836,3.79044671428864
ENSSSCG00000035430,5.9189648835465,6.18068512932339
ENSSSCG00000021811,2.03889365526185,3.25611051968982
ENSSSCG00000040682,6.51962251882716,6.44269644750361
ENSSSCG00000038055,2.69133155577395,2.09945066583008
ENSSSCG00000033744,5.02844635883866,4.77247854456633
ENSSSCG00000035561,3.90468462268559,3.43904969020546
ENSSSCG00000021557,5.47799294155948,3.60541489159843
ENSSSCG00000022778,4.12104048211035,3.68000417823861
ENSSSCG00000040162,7.39678604058838,4.8459338415019
ENSSSCG00000033623,1.77049457016102,0.878233640758889
ENSSSCG00000036603,5.65976392169134,5.33933961809872
ENSSSCG00000034927,7.60074440723636,7.2615039010974
ENSSSCG00000021845,7.00027058843263,6.9831807792483
ENSSSCG00000007803,5.78320448452261,5.93593276776045
ENSSSCG00000007804,5.81554210966275,6.08351732971928
ENSSSCG00000007805,-0.313099436094831,-0.871778856036138
ENSSSCG00000007806,5.2561793668333,4.86625198789248
ENSSSCG00000007807,0.551677535663921,1.18903632798696
ENSSSCG00000007808,3.39705128589786,2.74390468232849
ENSSSCG00000060929,2.29779101573986,2.25136556593904
ENSSSCG00000007812,6.32589850294765,6.1423220114797
ENSSSCG00000007811,6.20975659607485,6.26790628756602
ENSSSCG00000057915,3.59413760265918,4.21688884379801
ENSSSCG00000007700,6.13258570505617,4.99177207174354
ENSSSCG00000007705,5.50856656109815,5.7044438144603
ENSSSCG00000007704,4.28760524652537,4.41608635552787
ENSSSCG00000007703,1.29696053674266,-2.85117878809169
ENSSSCG00000023004,-0.313099436094831,-2.27533557831912
ENSSSCG00000027342,6.43277017715116,6.69591854828134
ENSSSCG00000007708,4.42709892752435,4.33579486040362
ENSSSCG00000007709,4.89060569355461,4.75623946899784
ENSSSCG00000007710,2.03889365526185,2.63759586230106
ENSSSCG00000033358,4.03963853930977,3.86301531473544
ENSSSCG00000054170,3.47533880561576,3.10472155298875
ENSSSCG00000007772,3.00681108817546,3.64515263246846
ENSSSCG00000007715,5.85817029557915,5.57977420233737
ENSSSCG00000035928,7.00151128816313,7.47169660067936
ENSSSCG00000007718,6.95871716721927,7.98258431241499
ENSSSCG00000007717,2.10194590665749,1.42647607361694
ENSSSCG00000025858,7.81465567559006,8.58008951733216
ENSSSCG00000030378,4.51775584817305,3.60138024815194
ENSSSCG00000025966,8.41568999305417,8.23780750373964
ENSSSCG00000028504,5.2267762512193,5.38464823424468
ENSSSCG00000007719,4.06517798633305,4.13273128655751
ENSSSCG00000007720,4.20672534931271,4.39293149909293
ENSSSCG00000007721,7.98990577739809,8.01687844019581
ENSSSCG00000007722,1.25318803729539,1.29275702200006
ENSSSCG00000028635,5.46725698231566,5.62320243062958
ENSSSCG00000007723,4.31447570902625,4.19831005265196
ENSSSCG00000024045,4.55878811291572,3.76181214268344
ENSSSCG00000027487,3.95336751205018,4.14940755127925
ENSSSCG00000008193,-0.380455165278715,-0.624943747829482
ENSSSCG00000008194,6.53055023619985,6.5439195052993
ENSSSCG00000008195,6.31462958087746,6.72448698568934
ENSSSCG00000008196,2.13849555630404,4.37413626289861
ENSSSCG00000008197,6.10975684760179,6.8051942302896
ENSSSCG00000058741,4.80981511292778,5.02979688289402
ENSSSCG00000008200,4.18067396324146,4.50515929850194
ENSSSCG00000008201,5.70818717376348,6.09144988361656
ENSSSCG00000008202,5.36428968550357,5.56948446015565
ENSSSCG00000008513,6.21689540361184,6.53336988323963
ENSSSCG00000036197,-1.31818014718968,-0.551234614202225
ENSSSCG00000059538,0.784753030569422,0.212017947135459
ENSSSCG00000052716,4.74610731022057,4.44113468012368
ENSSSCG00000035747,5.90134851173852,5.33205373668319
ENSSSCG00000061799,2.84667427243885,2.19892754442265
ENSSSCG00000026939,5.571182346918,5.58693360271873
ENSSSCG00000025022,3.11470366257417,2.25136556593904
ENSSSCG00000040434,5.17932544389196,5.81135384130525
ENSSSCG00000036224,4.47790134455421,3.50532571906549
ENSSSCG00000058318,2.15047586045883,-3.82416175559903
ENSSSCG00000008207,5.21398912579205,4.21688884379801
ENSSSCG00000008208,5.68675186763389,4.78676140820253
ENSSSCG00000007713,6.40303462318407,6.24933256832297
ENSSSCG00000020555,-0.96807720485524,0.708565629647667
ENSSSCG00000025565,6.44680415016562,6.15682798855945
ENSSSCG00000007873,-0.0167046405169091,-0.551234614202225
ENSSSCG00000007874,6.57066812937576,6.62266653779207
ENSSSCG00000056244,1.88964201598903,3.09327503299889
ENSSSCG00000037673,5.31057977378538,5.06244927923497
ENSSSCG00000049172,2.02594564966019,2.23061850955662
ENSSSCG00000007878,4.88164953139426,4.62526744788878
ENSSSCG00000040412,2.87583196824894,3.17155663273452
ENSSSCG00000025106,5.90577281216022,5.59405764981462
ENSSSCG00000023294,6.03901936552751,5.96448500314811
ENSSSCG00000008213,-0.451110226541143,-1.06343627958185
ENSSSCG00000008217,1.01186851910195,0.647265633957376
ENSSSCG00000045267,0.515080245807192,1.23142354660134
ENSSSCG00000027135,6.9697466008543,6.79153631986769
ENSSSCG00000038626,5.4815539138041,5.22336540580085
ENSSSCG00000025363,6.69243620390813,6.58893337717498
ENSSSCG00000023140,5.0022423011846,5.55599712994176
ENSSSCG00000037201,3.05859041486596,3.92566830912856
ENSSSCG00000039557,-1.976085364955,-0.702622497962026
ENSSSCG00000021534,7.22544288365421,5.38229871499175
ENSSSCG00000028978,5.40985534386528,5.71007540015439
ENSSSCG00000022058,7.26799179155549,6.52912833904789
ENSSSCG00000008550,5.38598623578128,6.6355474881736
ENSSSCG00000027409,6.10975684760179,6.97696573418614
ENSSSCG00000008553,6.0558377031075,6.10005412252294
ENSSSCG00000008554,2.55376482786368,3.09900964522632
ENSSSCG00000008555,3.97036366875897,4.54141105348627
ENSSSCG00000008556,5.28227547762598,5.91169984435843
ENSSSCG00000008557,8.6602274173247,8.06729508109787
ENSSSCG00000056865,4.8397195842579,4.63910963561341
ENSSSCG00000008558,6.8402888421561,6.63209083792059
ENSSSCG00000008559,7.31598553420305,6.59096958895732
ENSSSCG00000029185,6.64347225999058,6.37222472628742
ENSSSCG00000023378,4.14818098370005,4.18489146095046
ENSSSCG00000036192,4.95861870691914,5.21414752426517
ENSSSCG00000039719,5.12723279077222,5.41943944595549
ENSSSCG00000031432,7.87569421301488,7.0282081168368
ENSSSCG00000027288,4.52006629399332,4.81665097477776
ENSSSCG00000035090,7.86936552530163,8.0420279254051
ENSSSCG00000047832,0.985358817624548,1.548845627756
ENSSSCG00000033377,4.38208317888707,4.46131014563678
ENSSSCG00000000146,12.2699921583526,12.0493566891381
ENSSSCG00000040479,5.63971771199746,5.82266180636285
ENSSSCG00000029168,6.52135346025692,6.74016822154916
ENSSSCG00000025321,7.07759956475965,7.39481525777296
ENSSSCG00000021285,4.94320557130479,4.99945763374611
ENSSSCG00000052755,2.77109272783156,3.60138024815194
ENSSSCG00000031365,2.50793871030225,2.07638127694377
ENSSSCG00000008668,3.69982325149067,3.97950917118174
ENSSSCG00000034517,4.79271738408291,4.86456969570531
ENSSSCG00000034768,4.97218238575621,4.96689946885965
ENSSSCG00000032705,3.47533880561576,3.4525507079545
ENSSSCG00000007592,5.65135733692992,5.46122435994378
ENSSSCG00000007593,-1.78143407576197,-0.414234639036479
ENSSSCG00000024245,0.656208489639131,1.46251061004157
ENSSSCG00000007590,3.67515578070681,3.47477537670041
ENSSSCG00000007589,5.32518714314715,4.74896301048348
ENSSSCG00000025940,4.87985160766444,4.28638918755986
ENSSSCG00000007596,0.551677535663921,-0.702622497962026
ENSSSCG00000037070,-0.187145967968861,0.767366807455606
ENSSSCG00000025629,0.273552666612953,-0.414234639036479
ENSSSCG00000031088,9.50033700821954,9.15351316094284
ENSSSCG00000025305,5.27682065017725,5.52757550611114
ENSSSCG00000029161,5.97814139180601,6.13815051520021
ENSSSCG00000024665,5.69085941256581,6.18271178801704
ENSSSCG00000028755,4.62468378118974,4.58701223007775
ENSSSCG00000054688,-2.79553649653186,-0.624943747829482
ENSSSCG00000054381,-0.868009231170092,-2.85117878809169
ENSSSCG00000056353,1.1132890985785,1.86379432043539
ENSSSCG00000063431,-0.96807720485524,-0.481109027935221
ENSSSCG00000032798,5.7491408774417,5.84501526208916
ENSSSCG00000038543,1.1132890985785,-1.28451287928067
ENSSSCG00000008562,5.26447135259588,4.8746341488283
ENSSSCG00000048033,-1.60995061428548,-1.06343627958185
ENSSSCG00000008563,2.01288038415818,1.73713253770228
ENSSSCG00000008564,-0.868009231170092,-0.871778856036138
ENSSSCG00000008565,4.05883538511989,3.72520071372487
ENSSSCG00000007743,6.99654207444822,6.97228681660178
ENSSSCG00000007744,3.50829751564243,3.76181214268344
ENSSSCG00000007745,2.75548937239974,2.72177442956269
ENSSSCG00000020808,7.26386186059031,7.59754798600103
ENSSSCG00000007748,6.13334048049125,4.93358954631724
ENSSSCG00000036659,6.20402000678475,5.98010654011956
ENSSSCG00000007749,3.97710646081402,4.05520658198239
ENSSSCG00000029029,3.20363233164379,3.79044671428864
ENSSSCG00000007753,4.52006629399332,4.51591646415802
ENSSSCG00000024058,1.93190203123131,-2.27533557831912
ENSSSCG00000035952,6.94588522962294,7.3468205037238
ENSSSCG00000025245,3.53138682335892,3.26633964668703
ENSSSCG00000036789,4.09957245624403,4.10450186370333
ENSSSCG00000040811,0.551677535663921,-0.174001573015732
ENSSSCG00000030798,7.8317294022746,7.66216175712264
ENSSSCG00000007760,-0.6037335549306,0.124759019246936
ENSSSCG00000038600,6.0912300500251,6.08424027602535
ENSSSCG00000031247,5.17493333129471,5.22991373345471
ENSSSCG00000007763,5.83793997682421,5.77688822030649
ENSSSCG00000057004,6.0669419835308,5.63212894065207
ENSSSCG00000007765,2.27608336519157,3.7939864025381
ENSSSCG00000026817,3.48483266148308,3.62144157031221
ENSSSCG00000007767,2.44123372499091,2.58952216140678
ENSSSCG00000007768,4.55878811291572,4.20097885888326
ENSSSCG00000021238,3.46578206002313,2.28193723327874
ENSSSCG00000032369,4.49444557226456,3.67617310087228
ENSSSCG00000007782,5.21684051984079,5.41139621891093
ENSSSCG00000007770,5.35655350390127,5.13402073729621
ENSSSCG00000028186,5.82678450871965,5.41943944595549
ENSSSCG00000007774,3.55411241648467,3.92889165486827
ENSSSCG00000007776,4.80034140148673,4.84934013300141
ENSSSCG00000055147,2.10194590665749,1.44460584430091
ENSSSCG00000007754,3.57648557637632,2.54819961906087
ENSSSCG00000008081,4.48027645305758,2.87669073668673
ENSSSCG00000021704,3.56310335838579,3.49666286288836
ENSSSCG00000032834,3.13293333695807,3.17155663273452
ENSSSCG00000008090,0.13571138072984,-2.27533557831912
ENSSSCG00000008096,5.41483048982722,5.34176009143201
ENSSSCG00000008099,3.46578206002313,3.5267579808414
ENSSSCG00000008101,4.43691450389901,3.77620046959395
ENSSSCG00000026954,5.98902387696479,5.92790026853172
ENSSSCG00000007735,4.9380310482183,5.15344048620736
ENSSSCG00000040985,3.38695974883797,4.51591646415802
ENSSSCG00000007737,4.91889741026036,5.07995302427817
ENSSSCG00000032119,5.33571855120538,5.09294286115984
ENSSSCG00000007738,4.04285580484531,3.90290095805923
ENSSSCG00000007739,6.32721849014535,4.84422767507354
ENSSSCG00000028513,4.89950659926293,4.63714029296751
ENSSSCG00000058993,-1.45670196380968,-0.871778856036138
ENSSSCG00000054116,-0.868009231170092,0.678241186296717
ENSSSCG00000049720,0.902775359205073,0.169048095927475
ENSSSCG00000057985,-0.96807720485524,-0.289123515071902
ENSSSCG00000048074,2.47972765327197,2.20956873606394
ENSSSCG00000019364,-0.868009231170092,-1.28451287928067
ENSSSCG00000063000,1.4598672457525,1.91670578029932
ENSSSCG00000051586,-0.868009231170092,-0.0169014492655093
ENSSSCG00000045765,-2.79553649653186,-0.871778856036138
ENSSSCG00000050566,-0.0167046405169091,0.0318806818288641
ENSSSCG00000051503,-1.60995061428548,-0.551234614202225
ENSSSCG00000058915,2.87583196824894,3.20384783775857
ENSSSCG00000063426,3.12080585067565,3.78689831996086
ENSSSCG00000057020,-0.313099436094831,1.56550952137607
ENSSSCG00000062023,-2.20115708176131,-1.06343627958185
ENSSSCG00000037890,4.52237304559854,4.15767395027535
ENSSSCG00000006173,0.273552666612953,0.124759019246936
ENSSSCG00000006172,5.88709887807812,7.84858729240132
ENSSSCG00000006171,1.70701541088768,-0.551234614202225
ENSSSCG00000035887,5.17346631733677,5.33691507700456
ENSSSCG00000038500,4.05565359714783,3.38843606237055
ENSSSCG00000050559,0.399364956748047,2.15556008292513
ENSSSCG00000006174,0.438976972203651,-0.174001573015732
ENSSSCG00000006175,2.89019276770254,2.58952216140678
ENSSSCG00000005961,-0.248748603557596,-2.53471534769233
ENSSSCG00000021628,4.46596679346418,4.53507951859307
ENSSSCG00000006176,5.76773227652265,5.73146176517888
ENSSSCG00000006177,5.53850568688605,5.47452039550892
ENSSSCG00000006179,5.00389407279323,4.94477852534688
ENSSSCG00000006089,5.98233668323829,5.6537195660185
ENSSSCG00000006090,4.4826476578462,4.50947179456649
ENSSSCG00000005987,5.31989246911045,5.66922134440963
ENSSSCG00000055783,5.88888779830326,6.10718532874288
ENSSSCG00000006132,-0.187145967968861,0.212017947135459
ENSSSCG00000006115,2.75548937239974,2.22013201354959
ENSSSCG00000006116,-1.78143407576197,-0.964427270899581
ENSSSCG00000056684,6.53740954751081,6.68356775859389
ENSSSCG00000006183,2.25404409223782,1.35158900457553
ENSSSCG00000021586,4.67531556037161,4.32604815274097
ENSSSCG00000006184,4.96711093826374,4.80967364264914
ENSSSCG00000028759,4.59649774906262,4.69697353074055
ENSSSCG00000040728,-0.96807720485524,-1.86487943217923
ENSSSCG00000005959,4.88344521729375,4.75442379209726
ENSSSCG00000005965,4.83415950847949,5.85352135680568
ENSSSCG00000005967,6.55779394960966,6.28435769529476
ENSSSCG00000006003,7.02975680225624,6.36391314362667
ENSSSCG00000029324,-0.525404570246514,-0.78472289261437
ENSSSCG00000006199,1.90386667628305,2.40740335383752
ENSSSCG00000006141,4.07463990953506,-1.86487943217923
ENSSSCG00000006200,2.64973397156036,3.60138024815194
ENSSSCG00000006120,5.69393241476293,5.85775567089141
ENSSSCG00000057079,0.47753036411502,-1.86487943217923
ENSSSCG00000006153,2.91849250426136,2.54819961906087
ENSSSCG00000006201,6.58342843919819,6.75250067456171
ENSSSCG00000005994,4.78313035335911,5.89119009014712
ENSSSCG00000005995,0.273552666612953,-0.964427270899581
ENSSSCG00000006168,4.44423260771567,4.36226366882995
ENSSSCG00000006121,2.57169531930446,2.47951838830822
ENSSSCG00000040562,-0.0167046405169091,0.212017947135459
ENSSSCG00000006159,2.58940569507994,2.01704038155276
ENSSSCG00000005996,4.15711552970392,3.78334117662288
ENSSSCG00000034242,1.84610665102851,2.6137592424759
ENSSSCG00000040180,4.42709892752435,5.00710246988583
ENSSSCG00000033669,4.29301952559771,5.61522112036291
ENSSSCG00000005997,7.87546866585211,7.19344699188595
ENSSSCG00000006126,6.49927324141193,5.8139712495827
ENSSSCG00000032111,10.3458231991516,9.77032447510034
ENSSSCG00000006140,4.9704938833126,3.7939864025381
ENSSSCG00000032228,3.53596067044172,3.86301531473544
ENSSSCG00000006127,4.76376302489435,4.71014759484874
ENSSSCG00000006202,6.59004145694729,7.17422236242163
ENSSSCG00000006156,6.81557835228502,6.75204579201555
ENSSSCG00000021184,4.12104048211035,3.84265121000384
ENSSSCG00000024096,3.75186508246608,3.58920817305299
ENSSSCG00000049630,4.52467611478334,4.75260582723064
ENSSSCG00000006135,6.3390443405812,6.2975097647776
ENSSSCG00000047247,0.784753030569422,0.372139121137058
ENSSSCG00000006001,7.90184276167995,7.84539246133436
ENSSSCG00000006160,0.358634535634919,-2.85117878809169
ENSSSCG00000006136,4.65443450167316,4.65476834228662
ENSSSCG00000052833,2.73176328344457,2.85652010228678
ENSSSCG00000006161,1.06346985097485,-1.06343627958185
ENSSSCG00000006137,4.9738689143191,4.61329608235131
ENSSSCG00000006002,2.92548154303131,1.37067834071865
ENSSSCG00000034398,6.31396395394957,6.94070012276028
ENSSSCG00000039549,4.8397195842579,4.9367952621008
ENSSSCG00000006093,2.86132678081369,2.92913977873282
ENSSSCG00000037755,2.95992771317643,2.57313489923399
ENSSSCG00000006151,3.65847332354346,4.1929575834908
ENSSSCG00000034321,7.43707941373399,8.45919990775449
ENSSSCG00000036569,4.25190830353837,3.3065459485344
ENSSSCG00000006095,0.815176045257344,0.212017947135459
ENSSSCG00000005969,5.59219676624076,5.15756806843256
ENSSSCG00000006096,5.19531641653183,5.21546797586672
ENSSSCG00000025980,3.52219539589792,3.77261681843486
ENSSSCG00000024780,3.50829751564243,4.23523141903256
ENSSSCG00000021284,2.93243688704098,2.67646872321373
ENSSSCG00000006098,3.01338605067572,3.00440267505079
ENSSSCG00000005938,0.753674621171028,-1.86487943217923
ENSSSCG00000006169,-0.6037335549306,0.372139121137058
ENSSSCG00000006099,6.30729073913247,5.65079434725573
ENSSSCG00000005970,5.55549978627335,5.2088535989099
ENSSSCG00000005971,5.30657014253946,5.65761065420225
ENSSSCG00000005941,4.19231047185544,3.15513588774505
ENSSSCG00000033791,5.13930659643712,5.16851756734465
ENSSSCG00000005975,4.03963853930977,4.25077011986144
ENSSSCG00000006100,7.3559817056131,7.00013537478712
ENSSSCG00000005944,5.9180891551232,6.05134361809955
ENSSSCG00000024290,0.874162537149699,0.124759019246936
ENSSSCG00000040681,0.13571138072984,-0.551234614202225
ENSSSCG00000005976,6.12045528386034,6.36629277169863
ENSSSCG00000005946,1.77049457016102,2.53979115791429
ENSSSCG00000033728,0.784753030569422,-0.174001573015732
ENSSSCG00000006105,6.0614005268607,7.42280678726297
ENSSSCG00000006106,2.06444617595092,-1.28451287928067
ENSSSCG00000030603,3.35107288630203,3.21445293239965
ENSSSCG00000036441,1.4598672457525,0.85130538708557
ENSSSCG00000024412,5.93723344468062,6.09647525718864
ENSSSCG00000006107,3.85430141485533,3.77977524102448
ENSSSCG00000040731,3.38695974883797,3.63729216539682
ENSSSCG00000006143,2.62418726304154,1.64605858351007
ENSSSCG00000006108,5.76481267341107,6.15131908651599
ENSSSCG00000005955,6.75507556385626,6.70299620111623
ENSSSCG00000052227,3.33015805611298,3.43452112753612
ENSSSCG00000006203,5.52476478976468,5.57257909603647
ENSSSCG00000024424,6.46250597162539,6.68547477578836
ENSSSCG00000006145,4.35903738012276,4.12993307155193
ENSSSCG00000005979,3.61157625649599,2.01704038155276
ENSSSCG00000006204,1.99969571546966,1.67705978623095
ENSSSCG00000006146,5.35655350390127,5.1603132438677
ENSSSCG00000006110,5.3960845610006,5.69121732285672
ENSSSCG00000049935,1.77049457016102,1.5319870059135
ENSSSCG00000006205,0.0359102671599988,-1.28451287928067
ENSSSCG00000037963,3.56757790427603,3.53946615614801
ENSSSCG00000035521,1.4598672457525,0.615610397484158
ENSSSCG00000037733,4.69180549873651,4.07570902894581
ENSSSCG00000006206,2.84667427243885,2.14451141952173
ENSSSCG00000005981,8.52008880935294,7.21539168359169
ENSSSCG00000046234,0.13571138072984,-1.54570714867312
ENSSSCG00000006209,4.70201681126665,5.14376328703917
ENSSSCG00000027872,0.399364956748047,1.2726008670673
ENSSSCG00000057538,-1.19180123640617,-0.702622497962026
ENSSSCG00000023848,-0.451110226541143,-0.702622497962026
ENSSSCG00000048429,-1.31818014718968,-0.871778856036138
ENSSSCG00000051130,-1.45670196380968,-0.624943747829482
ENSSSCG00000042179,4.16599508484442,4.24042960386224
ENSSSCG00000006213,3.41205745805196,3.83236034113543
ENSSSCG00000062341,-0.96807720485524,0.294298826806809
ENSSSCG00000005982,4.99062664269499,4.72876142191521
ENSSSCG00000006149,2.50793871030225,2.17740676095809
ENSSSCG00000053707,-0.128066380263549,-0.702622497962026
ENSSSCG00000005983,1.75488470892769,1.37067834071865
ENSSSCG00000058595,1.64061407306523,2.39813013632454
ENSSSCG00000051779,-1.60995061428548,0.294298826806809
ENSSSCG00000056523,-0.774434225214997,1.79480357676921
ENSSSCG00000043857,-1.19180123640617,-0.78472289261437
ENSSSCG00000021744,3.21508585528298,3.70654059047283
ENSSSCG00000006216,-0.248748603557596,-3.25715427767274
ENSSSCG00000005986,-1.78143407576197,-0.174001573015732
ENSSSCG00000053596,3.56310335838579,3.7939864025381
ENSSSCG00000006218,3.42197555369151,3.97015267563597
ENSSSCG00000049444,-0.451110226541143,-0.551234614202225
ENSSSCG00000040208,0.273552666612953,-0.0169014492655093
ENSSSCG00000005984,4.9293653848513,4.95588139443383
ENSSSCG00000006219,4.3896840233634,4.41838153206954
ENSSSCG00000022989,2.10194590665749,1.78060050223319
ENSSSCG00000006220,4.74610731022057,5.12280523284831
ENSSSCG00000051417,-0.451110226541143,-0.414234639036479
ENSSSCG00000041624,-0.451110226541143,-0.871778856036138
ENSSSCG00000022092,0.399364956748047,0.253744895693059
ENSSSCG00000042468,-0.96807720485524,-0.35032329061541
ENSSSCG00000050230,-2.20115708176131,-0.289123515071902
ENSSSCG00000006155,6.16690305037838,6.04318681569338
ENSSSCG00000006214,3.98716192566061,4.09878908435793
ENSSSCG00000058295,-0.525404570246514,-1.86487943217923
ENSSSCG00000061321,3.22077869811913,3.37903972325696
ENSSSCG00000005943,6.94330508911524,5.10581678216955
ENSSSCG00000048085,-1.07560684537938,-2.05555929136582
ENSSSCG00000063117,-0.071311274400066,0.124759019246936
ENSSSCG00000054758,1.33944395982878,2.07638127694377
ENSSSCG00000005948,0.958352864156609,0.372139121137058
ENSSSCG00000006162,5.0589578546501,5.5061554763962
ENSSSCG00000044016,2.11423229533454,3.14408396275198
ENSSSCG00000045879,-1.976085364955,-0.702622497962026
ENSSSCG00000018868,-0.0167046405169091,0.333743892305565
ENSSSCG00000005949,2.44123372499091,2.19892754442265
ENSSSCG00000053919,-1.78143407576197,-0.871778856036138
ENSSSCG00000046151,3.76361274712647,3.05838026318875
ENSSSCG00000005950,5.19097279068705,5.46567000101113
ENSSSCG00000006163,6.9093364716107,4.96376002461138
ENSSSCG00000006000,5.17639885502505,5.72127304853878
ENSSSCG00000005951,0.58736937234432,-0.174001573015732
ENSSSCG00000058888,1.33944395982878,1.8904926055864
ENSSSCG00000005952,6.60644258669088,6.823927527778
ENSSSCG00000054469,-1.78143407576197,-1.16974403207503
ENSSSCG00000005953,-0.380455165278715,-2.85117878809169
ENSSSCG00000031717,0.622199479864748,4.14387018686345
ENSSSCG00000005880,5.02682247550098,5.33083583776941
ENSSSCG00000036160,5.09659866559798,5.42743807938283
ENSSSCG00000034031,6.01710363882904,6.26280634090481
ENSSSCG00000005893,3.43182593067921,3.44356408236478
ENSSSCG00000029830,9.57945568675011,9.24226162482768
ENSSSCG00000005890,3.79829246233803,3.90617551717555
ENSSSCG00000035123,3.55861489141936,3.26123414910473
ENSSSCG00000022161,6.5487697543752,6.50557428468168
ENSSSCG00000005894,6.56676204834845,7.0892630272213
ENSSSCG00000005895,3.13895906363686,3.29659893164535
ENSSSCG00000030451,4.49679362161033,4.16589325392121
ENSSSCG00000025736,2.41167389764734,1.05384751029812
ENSSSCG00000005930,4.38208317888707,3.54367745980086
ENSSSCG00000030831,3.38695974883797,3.91595483470141
ENSSSCG00000038397,7.33776037034646,7.10145566546708
ENSSSCG00000005899,5.34487088878949,4.96533060070222
ENSSSCG00000005901,7.05108322065209,7.2415514182728
ENSSSCG00000005902,0.985358817624548,0.550136777985776
ENSSSCG00000026924,3.01993118422353,4.32114999424609
ENSSSCG00000053131,2.86132678081369,3.51393686828592
ENSSSCG00000027076,5.02682247550098,5.29506196617508
ENSSSCG00000005935,3.56310335838579,4.12150571432688
ENSSSCG00000005933,5.3409555658296,5.02979688289402
ENSSSCG00000005934,5.642901479744,5.1157510070207
ENSSSCG00000025116,4.0524647763966,3.69522755672695
ENSSSCG00000005904,6.13107496852341,5.75344503926109
ENSSSCG00000005905,-0.774434225214997,-2.27533557831912
ENSSSCG00000056391,2.73971541326485,2.43487064882408
ENSSSCG00000046182,4.45875838434298,4.30635494149973
ENSSSCG00000005907,4.96880340236247,5.19285425985635
ENSSSCG00000005908,4.36161627946186,4.1631586857311
ENSSSCG00000005909,4.50614778903978,4.52872007405245
ENSSSCG00000005910,1.49787364177406,0.930627626435109
ENSSSCG00000005918,4.29031492596082,4.30635494149973
ENSSSCG00000005917,5.58117471119953,5.65566642194017
ENSSSCG00000005920,5.74618336833823,5.44104768629077
ENSSSCG00000034551,1.623524972916,0.79589242289581
ENSSSCG00000006879,5.11505708696343,5.37286218661485
ENSSSCG00000005924,7.12997002292133,6.63751900478353
ENSSSCG00000026590,3.87611001904801,4.14664152576464
ENSSSCG00000030947,4.34607327790409,4.25591271664972
ENSSSCG00000005916,5.23945103474902,4.61929418226102
ENSSSCG00000005915,6.30862785374759,6.69118074918986
ENSSSCG00000005914,4.81170241273209,4.71201982191071
ENSSSCG00000031918,6.54082701204938,6.96720080630265
ENSSSCG00000005912,7.39111719512999,7.30401719316449
ENSSSCG00000006950,7.80236914718012,7.42964951819657
ENSSSCG00000005925,3.79065758076546,3.93210781488979
ENSSSCG00000005911,4.68564383812519,4.94159051920655
ENSSSCG00000023745,0.815176045257344,0.708565629647667
ENSSSCG00000005922,0.316720715261423,0.878233640758889
ENSSSCG00000005923,0.0866736428889641,-0.119711717242417
ENSSSCG00000032796,4.9293653848513,5.62519087810674
ENSSSCG00000039094,8.86756095781613,9.06948029363325
ENSSSCG00000040735,5.40736132224554,4.5890511532462
ENSSSCG00000025691,5.65451554944637,5.35380191622885
ENSSSCG00000026772,2.47972765327197,1.95515358576145
ENSSSCG00000006947,4.36161627946186,4.64304027448696
ENSSSCG00000062085,6.23810229482236,5.94312397685874
ENSSSCG00000038025,5.98902387696479,6.96209680256636
ENSSSCG00000038800,7.63365745235837,7.65073792748994
ENSSSCG00000038253,5.62691191236823,5.92225079004934
ENSSSCG00000039466,6.99985678463439,7.08565725865766
ENSSSCG00000038417,5.35913684315831,4.52446481708795
ENSSSCG00000006917,5.0668810880132,3.07010588219071
ENSSSCG00000047605,5.91370252159402,6.38107717515464
ENSSSCG00000036509,4.47790134455421,4.62327910601669
ENSSSCG00000037101,2.30852357224583,1.51492905093733
ENSSSCG00000022032,5.27818629182259,5.30749824314358
ENSSSCG00000030125,7.51472919953339,7.18437251427116
ENSSSCG00000058619,-0.248748603557596,0.0318806818288641
ENSSSCG00000030801,4.13316600447482,4.34547616188606
ENSSSCG00000034987,2.47020003230929,2.72177442956269
ENSSSCG00000039854,3.18044883327868,4.37649910198119
ENSSSCG00000006885,3.90468462268559,3.94171349924894
ENSSSCG00000062656,0.229053005082177,-0.174001573015732
ENSSSCG00000006930,6.63975865194892,6.53336988323963
ENSSSCG00000006887,7.36179002443627,7.11177445675571
ENSSSCG00000063342,-0.380455165278715,-1.28451287928067
ENSSSCG00000006933,0.58736937234432,-0.174001573015732
ENSSSCG00000006888,5.0652999186481,4.47901005509696
ENSSSCG00000046806,4.40975931685619,3.7140336270478
ENSSSCG00000059930,-1.976085364955,-1.16974403207503
ENSSSCG00000054069,-1.976085364955,-1.06343627958185
ENSSSCG00000047210,4.0492688917079,2.30196426756707
ENSSSCG00000051090,2.63275319451676,3.21972638842588
ENSSSCG00000062147,4.54069547030218,4.88296788999898
ENSSSCG00000041166,-0.868009231170092,-0.0673909604895641
ENSSSCG00000049098,-1.78143407576197,-0.78472289261437
ENSSSCG00000058709,3.60288327825035,3.48357025840186
ENSSSCG00000048678,-0.774434225214997,-1.28451287928067
ENSSSCG00000058460,0.183136955639335,-0.230414558288775
ENSSSCG00000059334,2.69133155577395,0.904668467894398
ENSSSCG00000006923,3.44160950748466,3.58103602582508
ENSSSCG00000053430,0.753674621171028,-3.25715427767274
ENSSSCG00000040582,1.40091172062405,2.5228257707732
ENSSSCG00000042798,1.87527570583285,2.33149300780735
ENSSSCG00000047438,-0.774434225214997,-0.414234639036479
ENSSSCG00000055353,-0.774434225214997,0.409538950709052
ENSSSCG00000006932,1.86076489630265,2.8965832451145
ENSSSCG00000024973,4.38715485538308,4.58292571865496
ENSSSCG00000006935,-0.96807720485524,-0.702622497962026
ENSSSCG00000006936,6.33708008499873,6.56323523724679
ENSSSCG00000006925,5.33177827675011,5.20354017609004
ENSSSCG00000031738,2.12641493269169,3.26123414910473
ENSSSCG00000006939,4.41473479340871,4.25847715714734
ENSSSCG00000006926,4.71619230465223,4.91745324073692
ENSSSCG00000006940,5.1211577835196,5.30997268575455
ENSSSCG00000006927,5.69801959537293,6.00016489809096
ENSSSCG00000028310,5.3960845610006,5.39633877586901
ENSSSCG00000006897,3.39201434103731,3.95125565027317
ENSSSCG00000040439,5.82958147288099,5.33448645445424
ENSSSCG00000006898,4.30378750477533,4.57471780521643
ENSSSCG00000006900,4.14818098370005,3.63729216539682
ENSSSCG00000006899,10.3558822560512,9.8819605479884
ENSSSCG00000006901,5.89067450304102,5.99094183541979
ENSSSCG00000006902,-0.868009231170092,-1.28451287928067
ENSSSCG00000006903,4.47790134455421,4.97938937126153
ENSSSCG00000006904,3.38695974883797,3.42997830511514
ENSSSCG00000035196,3.74002097233019,4.41838153206954
ENSSSCG00000006911,6.74127883150774,5.63903379699946
ENSSSCG00000027251,3.85430141485533,3.37431850405851
ENSSSCG00000006912,2.79418583351156,3.95442239354423
ENSSSCG00000022534,5.57563194419441,5.80259469154206
ENSSSCG00000056532,-0.774434225214997,-1.54570714867312
ENSSSCG00000054002,-0.525404570246514,0.79589242289581
ENSSSCG00000052408,1.78593734007211,0.615610397484158
ENSSSCG00000060336,2.3297520885663,2.60572537283493
ENSSSCG00000055484,3.31958582976416,3.66074623935973
ENSSSCG00000042787,2.28697801836366,2.53979115791429
ENSSSCG00000057986,-0.128066380263549,-0.78472289261437
ENSSSCG00000056423,-0.6037335549306,-0.289123515071902
ENSSSCG00000063107,2.1974263314248,2.84291461693407
ENSSSCG00000051442,0.358634535634919,2.26162827184794
ENSSSCG00000056565,-0.96807720485524,-1.06343627958185
ENSSSCG00000058148,1.0885945093173,-0.0169014492655093
ENSSSCG00000062190,0.273552666612953,0.767366807455606
ENSSSCG00000053687,-2.20115708176131,-0.230414558288775
ENSSSCG00000049063,0.47753036411502,0.904668467894398
ENSSSCG00000059518,-1.45670196380968,-1.28451287928067
ENSSSCG00000059777,-1.07560684537938,-1.54570714867312
ENSSSCG00000051057,0.183136955639335,-0.551234614202225
ENSSSCG00000042741,0.72191195620079,0.583244978335558
ENSSSCG00000059700,4.00706500947703,2.71432159307234
ENSSSCG00000018923,1.58872724014143,1.14536595329469
ENSSSCG00000036331,-0.868009231170092,0.678241186296717
ENSSSCG00000028277,-0.868009231170092,-0.0673909604895641
ENSSSCG00000030140,2.39162541398217,3.58103602582508
ENSSSCG00000037254,4.11799311054219,5.00710246988583
ENSSSCG00000006857,2.34025034678746,2.62174862191205
ENSSSCG00000006858,3.71603698882729,-2.27533557831912
ENSSSCG00000006840,4.97723606822499,5.5072340647936
ENSSSCG00000006841,5.90930250945386,6.49256266766502
ENSSSCG00000021440,4.12408143035106,3.64122775235665
ENSSSCG00000055828,6.80661579394689,6.87411954345836
ENSSSCG00000006846,1.49787364177406,1.46251061004157
ENSSSCG00000006850,5.84809059609031,6.34412999063198
ENSSSCG00000006848,4.93975795223415,5.26986310826736
ENSSSCG00000062186,4.52927125278867,5.64394568233457
ENSSSCG00000006852,3.00681108817546,0.98118532635575
ENSSSCG00000029849,4.46116519146152,3.98880537664164
ENSSSCG00000061017,4.4683616149422,4.39059544189987
ENSSSCG00000006860,5.8397908640115,5.2634940168274
ENSSSCG00000006861,3.89403535943633,2.7942588453812
ENSSSCG00000006862,2.84667427243885,2.59764651471072
ENSSSCG00000006864,6.08578127892927,6.74337566072632
ENSSSCG00000006865,4.70405042932197,4.5073171578948
ENSSSCG00000006866,5.09194692203948,5.09006632143558
ENSSSCG00000006867,-0.6037335549306,0.823864935560437
ENSSSCG00000006869,3.05859041486596,3.71029197340014
ENSSSCG00000028821,2.65814999344391,2.44391141993357
ENSSSCG00000006870,5.23945103474902,5.0372830421401
ENSSSCG00000006871,6.13635563965619,5.60114669106076
ENSSSCG00000006872,4.69180549873651,4.92715666566598
ENSSSCG00000006873,3.78298207960371,3.3837455426488
ENSSSCG00000006874,4.17775011141718,3.4525507079545
ENSSSCG00000006875,2.88303023659174,4.21952353308925
ENSSSCG00000006876,3.77139171369143,1.05384751029812
ENSSSCG00000006877,4.02994346964027,3.58512788582312
ENSSSCG00000006878,4.34085484135535,3.73628202580504
ENSSSCG00000006853,3.92226055202717,3.3065459485344
ENSSSCG00000059727,0.47753036411502,0.823864935560437
ENSSSCG00000043670,-0.525404570246514,-0.174001573015732
ENSSSCG00000060687,-1.78143407576197,-0.551234614202225
ENSSSCG00000051095,2.83187141988282,3.03463919046406
ENSSSCG00000045465,-3.22005278102631,-0.230414558288775
ENSSSCG00000006845,4.97723606822499,4.67218359493194
ENSSSCG00000006455,1.1132890985785,-1.86487943217923
ENSSSCG00000006587,3.01338605067572,1.64605858351007
ENSSSCG00000027322,1.1132890985785,-1.28451287928067
ENSSSCG00000006572,4.08404018078784,4.15216828374264
ENSSSCG00000028553,7.07012938006259,6.91411019849369
ENSSSCG00000034159,3.87249806869344,3.91919993155247
ENSSSCG00000006397,-1.976085364955,-0.702622497962026
ENSSSCG00000033585,3.30893555670285,2.88335209564566
ENSSSCG00000060222,-1.78143407576197,-1.28451287928067
ENSSSCG00000006413,-1.45670196380968,-0.871778856036138
ENSSSCG00000048076,1.42083245509814,-2.85117878809169
ENSSSCG00000036223,3.80209480468758,2.94195942788852
ENSSSCG00000006415,1.13756809465378,-1.06343627958185
ENSSSCG00000006567,5.08883740603897,5.39633877586901
ENSSSCG00000006568,5.63652690270746,5.85944592287998
ENSSSCG00000006562,4.44423260771567,4.61729758517607
ENSSSCG00000006569,2.96671934204476,4.18219270048509
ENSSSCG00000006571,6.89605565528082,6.33686832226518
ENSSSCG00000006542,5.82117426015564,4.61929418226102
ENSSSCG00000034984,6.97396633934755,6.82219512089094
ENSSSCG00000006624,5.59876980481445,4.73245554093362
ENSSSCG00000022107,7.46822386733425,7.36597262207222
ENSSSCG00000006625,5.16610878762554,4.63714029296751
ENSSSCG00000031053,5.73230092411965,5.38582156055003
ENSSSCG00000038991,4.5921121407016,4.39293149909293
ENSSSCG00000006626,6.63496992380746,6.43364803552299
ENSSSCG00000006582,5.28906513578681,4.04929482275839
ENSSSCG00000006581,7.23038976869395,5.56327520257934
ENSSSCG00000053832,3.79448007211224,3.06425498526989
ENSSSCG00000006578,1.06346985097485,-0.289123515071902
ENSSSCG00000006577,-0.128066380263549,-2.27533557831912
ENSSSCG00000021084,6.36626675188113,5.29131008199206
ENSSSCG00000006592,0.551677535663921,-1.28451287928067
ENSSSCG00000006627,5.31457829208385,5.25709668291765
ENSSSCG00000039568,4.89595282410356,2.04107042155791
ENSSSCG00000006243,1.23079346436338,4.48996323003244
ENSSSCG00000006698,6.42970116440799,6.70158344557917
ENSSSCG00000006398,-0.451110226541143,-1.6964847871246
ENSSSCG00000032887,5.18370422580084,5.06976833209942
ENSSSCG00000006232,7.33481035620377,6.85306454939126
ENSSSCG00000032846,7.15583068439548,7.11531561648468
ENSSSCG00000032573,4.17775011141718,4.54771492263576
ENSSSCG00000006233,4.18941013204578,3.74362256161478
ENSSSCG00000028902,7.12276681233904,7.4813337361811
ENSSSCG00000033922,1.93190203123131,-2.27533557831912
ENSSSCG00000034495,-0.868009231170092,-2.27533557831912
ENSSSCG00000030578,4.91539113841395,4.52659401443999
ENSSSCG00000006260,5.6503030611843,5.23382851053965
ENSSSCG00000006261,6.8402888421561,7.04650067584399
ENSSSCG00000042752,5.35526009751844,5.86786760549496
ENSSSCG00000060730,7.59116185659641,7.16400029239741
ENSSSCG00000006262,-2.20115708176131,-0.871778856036138
ENSSSCG00000006263,5.47918090918302,5.48222020171234
ENSSSCG00000006264,1.623524972916,-3.82416175559903
ENSSSCG00000006247,1.60623101893403,2.25136556593904
ENSSSCG00000040470,10.2921265286788,9.70013750130133
ENSSSCG00000006236,4.3896840233634,4.76167282931235
ENSSSCG00000006237,5.58006786009373,5.108662119179
ENSSSCG00000006457,0.0866736428889641,0.615610397484158
ENSSSCG00000006239,4.07463990953506,4.29140658982071
ENSSSCG00000036622,-1.45670196380968,0.333743892305565
ENSSSCG00000049524,5.1587135431876,5.89860723515138
ENSSSCG00000006240,1.60623101893403,2.1108484849407
ENSSSCG00000006235,-1.78143407576197,0.294298826806809
ENSSSCG00000024970,5.0525877878967,5.16442123764544
ENSSSCG00000006267,7.39772868633076,7.10751355971201
ENSSSCG00000022190,5.14680173314099,5.05951122969912
ENSSSCG00000006273,2.64126856623983,2.45289588892133
ENSSSCG00000006553,7.2562594772947,7.10786911550883
ENSSSCG00000006274,5.16463276826677,5.68265009537396
ENSSSCG00000006418,4.95349926964163,4.28890006987828
ENSSSCG00000037532,0.656208489639131,-0.702622497962026
ENSSSCG00000006554,5.86181825031068,5.61921729478744
ENSSSCG00000006555,6.31462958087746,5.46011080587883
ENSSSCG00000006556,8.04107835759828,7.45278696114427
ENSSSCG00000006277,4.08716004251789,3.18779257833077
ENSSSCG00000031503,6.37650356183739,6.28875505397159
ENSSSCG00000006280,4.56551478173682,3.70277942753658
ENSSSCG00000033144,6.78564410056129,6.78843429864057
ENSSSCG00000025644,-0.774434225214997,-0.551234614202225
ENSSSCG00000050933,-0.451110226541143,-0.481109027935221
ENSSSCG00000058048,3.20937045959201,4.6112911612196
ENSSSCG00000059747,0.183136955639335,-1.86487943217923
ENSSSCG00000025087,6.05424437722549,5.01925056701287
ENSSSCG00000031838,8.4334186230542,8.0774971865015
ENSSSCG00000006564,5.68056853903119,5.22991373345471
ENSSSCG00000006559,5.03168865229825,5.0958136768621
ENSSSCG00000006560,6.6949946980658,2.09945066583008
ENSSSCG00000006561,6.00147942803176,5.1955331683503
ENSSSCG00000031262,9.66780639425343,10.3344336942152
ENSSSCG00000022784,7.03259163369915,6.33686832226518
ENSSSCG00000006682,5.02519676227631,4.81316652678404
ENSSSCG00000006661,4.77541459323819,4.91257694391658
ENSSSCG00000006230,-0.868009231170092,-2.85117878809169
ENSSSCG00000006231,5.48864959786772,5.55808032852045
ENSSSCG00000006248,0.0359102671599988,1.18903632798696
ENSSSCG00000037823,0.183136955639335,-0.481109027935221
ENSSSCG00000032367,6.24719601529726,6.50988554230158
ENSSSCG00000062171,1.0885945093173,1.3322436929096
ENSSSCG00000044065,-0.525404570246514,0.738265774167816
ENSSSCG00000052134,-1.45670196380968,-0.702622497962026
ENSSSCG00000052708,2.01288038415818,0.878233640758889
ENSSSCG00000058658,2.02594564966019,1.03003110897365
ENSSSCG00000042589,0.72191195620079,-0.702622497962026
ENSSSCG00000055032,-0.868009231170092,-1.06343627958185
ENSSSCG00000057500,-0.96807720485524,-1.28451287928067
ENSSSCG00000063092,-1.19180123640617,0.333743892305565
ENSSSCG00000048200,0.515080245807192,0.0318806818288641
ENSSSCG00000046734,6.35466284435413,6.75068028319513
ENSSSCG00000056807,-0.6037335549306,0.409538950709052
ENSSSCG00000060890,3.52679842945291,3.821995538918
ENSSSCG00000045551,5.7491408774417,6.42397150686918
ENSSSCG00000055986,2.46060907199472,2.29198550125994
ENSSSCG00000026502,5.21684051984079,5.58284686825789
ENSSSCG00000051386,-1.45670196380968,-0.871778856036138
ENSSSCG00000028509,5.10277775040087,5.00404939490294
ENSSSCG00000059285,-1.19180123640617,-0.289123515071902
ENSSSCG00000057277,0.815176045257344,1.10033230279389
ENSSSCG00000060401,0.815176045257344,1.61437655810064
ENSSSCG00000051418,-1.07560684537938,-2.05555929136582
ENSSSCG00000052628,-0.071311274400066,-2.05555929136582
ENSSSCG00000050435,-0.128066380263549,-0.702622497962026
ENSSSCG00000006685,1.18493366366352,0.481549931933635
ENSSSCG00000057934,-0.187145967968861,-0.230414558288775
ENSSSCG00000052652,-1.19180123640617,-0.551234614202225
ENSSSCG00000058012,-0.96807720485524,-0.551234614202225
ENSSSCG00000057091,-0.0167046405169091,-1.86487943217923
ENSSSCG00000056541,3.44160950748466,3.58512788582312
ENSSSCG00000037637,6.08811898686136,5.4217292985024
ENSSSCG00000006663,6.2054562939995,6.08496286023855
ENSSSCG00000006664,4.74610731022057,4.80617228142469
ENSSSCG00000006688,5.15722993443756,5.13959596209233
ENSSSCG00000006689,5.48510611821674,5.43085253618089
ENSSSCG00000006665,6.33511315139991,6.17662325090229
ENSSSCG00000006666,2.07705469961597,1.76625620955041
ENSSSCG00000006690,2.93243688704098,3.09900964522632
ENSSSCG00000006691,4.32772556590621,4.18219270048509
ENSSSCG00000006667,4.24912544922369,4.28135427487085
ENSSSCG00000047083,1.99969571546966,2.39813013632454
ENSSSCG00000037355,5.43945207577435,5.11433601329505
ENSSSCG00000006678,1.72314896938536,1.73713253770228
ENSSSCG00000006693,3.81344207065432,2.39813013632454
ENSSSCG00000041677,3.52679842945291,2.68411916779552
ENSSSCG00000006618,-1.60995061428548,-0.551234614202225
ENSSSCG00000006619,6.60861538364544,6.21673640542722
ENSSSCG00000006694,4.99727560906856,4.45461629104527
ENSSSCG00000006696,3.5129450340698,5.23121983981787
ENSSSCG00000006697,5.29582298985735,6.88991831631458
ENSSSCG00000006620,4.73421564024372,4.35269474039829
ENSSSCG00000006621,6.3383898858276,7.32466014584912
ENSSSCG00000006622,5.95783240765821,6.08134631461028
ENSSSCG00000006701,5.30657014253946,5.39284154943537
ENSSSCG00000006702,4.78505286291507,4.78853686468123
ENSSSCG00000006703,4.87082822536318,4.90441297644775
ENSSSCG00000060248,2.10194590665749,1.59827076196444
ENSSSCG00000024481,6.42539354880729,6.92666046117417
ENSSSCG00000006628,5.46964966485848,5.38582156055003
ENSSSCG00000030547,5.74321978391688,6.46839890540025
ENSSSCG00000031869,5.45160706526987,5.44892773551428
ENSSSCG00000006631,0.72191195620079,-1.54570714867312
ENSSSCG00000006632,4.84893902233177,4.67794227364016
ENSSSCG00000020965,4.09337959831602,4.35269474039829
ENSSSCG00000006635,3.28196073689979,3.98880537664164
ENSSSCG00000006636,2.71572630700603,2.95466616546181
ENSSSCG00000031881,6.19681704347561,5.88788130133663
ENSSSCG00000030278,2.92548154303131,3.30158101284314
ENSSSCG00000006639,1.33944395982878,2.88335209564566
ENSSSCG00000006640,2.08955398431033,3.65686361034676
ENSSSCG00000006641,5.34356696142168,5.24421627796292
ENSSSCG00000006642,5.55437305300408,5.29256179449722
ENSSSCG00000006643,1.97295929665426,4.45908230991664
ENSSSCG00000006644,6.52710831189788,6.65222012323687
ENSSSCG00000006645,5.32254223505146,5.39982754519845
ENSSSCG00000006646,5.90488903684729,5.90107116699312
ENSSSCG00000052889,6.16395112726794,5.68931788631331
ENSSSCG00000006648,4.90658799498234,3.69522755672695
ENSSSCG00000038558,4.45151377755188,4.01330633086429
ENSSSCG00000049503,0.229053005082177,0.767366807455606
ENSSSCG00000006653,6.65770729716298,6.95736933352299
ENSSSCG00000039314,7.86823247528999,8.1634741011431
ENSSSCG00000006651,3.89403535943633,4.06109421530442
ENSSSCG00000029230,4.01363881748623,2.88335209564566
ENSSSCG00000026395,6.11129006147946,6.47061241161474
ENSSSCG00000030291,6.01546693064301,6.22724752230941
ENSSSCG00000030119,5.65661719006181,6.25960969486409
ENSSSCG00000052263,5.09969151613617,5.29131008199206
ENSSSCG00000038374,2.59818001558324,3.84265121000384
ENSSSCG00000045950,2.16235749758156,1.96774514707322
ENSSSCG00000028297,6.55046609627525,6.24545969272475
ENSSSCG00000027875,4.0492688917079,6.87871069202021
ENSSSCG00000035209,6.91680835169385,7.52352177978567
ENSSSCG00000043560,2.30852357224583,1.8088681866303
ENSSSCG00000060759,0.438976972203651,0.212017947135459
ENSSSCG00000055629,-1.60995061428548,0.333743892305565
ENSSSCG00000057512,-1.07560684537938,-1.86487943217923
ENSSSCG00000062160,0.399364956748047,-1.54570714867312
ENSSSCG00000036239,1.23079346436338,0.253744895693059
ENSSSCG00000049811,4.20672534931271,6.03198905566934
ENSSSCG00000046500,0.438976972203651,1.5319870059135
ENSSSCG00000053534,-0.774434225214997,-0.414234639036479
ENSSSCG00000062509,0.515080245807192,1.18903632798696
ENSSSCG00000055900,4.67116345666644,4.02841078531082
ENSSSCG00000059817,-0.96807720485524,-0.964427270899581
ENSSSCG00000055905,-0.96807720485524,-2.53471534769233
ENSSSCG00000006403,0.0359102671599988,-0.624943747829482
ENSSSCG00000006687,3.50363497723415,3.68382510911523
ENSSSCG00000006717,4.54977015359489,5.93593276776045
ENSSSCG00000063017,3.7868249346286,5.32717596007143
ENSSSCG00000006719,2.42159462145349,6.40442153664681
ENSSSCG00000006720,1.80121655797197,2.86999847748965
ENSSSCG00000027153,3.80209480468758,3.34083015316952
ENSSSCG00000037808,5.52015525276084,5.61321887453898
ENSSSCG00000006820,0.0359102671599988,-0.702622497962026
ENSSSCG00000006821,3.34065337130757,3.99804206402155
ENSSSCG00000031125,5.23101356380149,4.48120735284949
ENSSSCG00000006823,0.58736937234432,0.904668467894398
ENSSSCG00000006824,6.84582539106512,6.56841161576991
ENSSSCG00000006788,1.29696053674266,0.615610397484158
ENSSSCG00000037772,7.8673253941422,7.43447689080433
ENSSSCG00000006790,8.01694643369752,7.04390161067652
ENSSSCG00000006791,16.8495714174309,13.3013972036482
ENSSSCG00000006792,2.82441264416951,-0.624943747829482
ENSSSCG00000057886,3.92923140453305,3.4525507079545
ENSSSCG00000006793,2.79418583351156,3.29659893164535
ENSSSCG00000039977,1.95940295449205,1.59827076196444
ENSSSCG00000023706,-0.96807720485524,0.333743892305565
ENSSSCG00000006761,2.02594564966019,1.25215911194267
ENSSSCG00000006762,4.2739799794474,3.98261456680239
ENSSSCG00000038970,1.42083245509814,1.56550952137607
ENSSSCG00000030154,4.93457102648223,5.35500058905182
ENSSSCG00000006766,4.83786860556221,3.71776560175141
ENSSSCG00000006767,5.02519676227631,5.13681104284072
ENSSSCG00000034581,5.20826937500679,5.78224451200223
ENSSSCG00000054939,-0.071311274400066,-0.289123515071902
ENSSSCG00000006774,6.32655864751102,4.08440737639126
ENSSSCG00000006777,8.1704431417735,7.22951147276555
ENSSSCG00000006776,7.44925432563976,6.6131802690833
ENSSSCG00000006775,7.13412392334102,6.55439254354814
ENSSSCG00000006779,4.7539809818569,4.85273840097803
ENSSSCG00000006780,5.51900056359755,4.99792379327396
ENSSSCG00000006781,4.40226377999428,4.45013640418746
ENSSSCG00000026680,1.69069938953273,5.13681104284072
ENSSSCG00000006783,5.28499517653536,5.23121983981787
ENSSSCG00000036030,4.4683616149422,4.19563630031025
ENSSSCG00000006785,6.59333663318138,6.19414271927992
ENSSSCG00000020964,6.98529836545192,6.21211360036955
ENSSSCG00000006035,1.75488470892769,2.36994739547508
ENSSSCG00000006709,7.2349681658935,7.3274107119577
ENSSSCG00000006023,7.17318418968136,6.13117110511574
ENSSSCG00000006024,5.09969151613617,4.79208123614213
ENSSSCG00000006025,8.94214587963121,7.07696646651645
ENSSSCG00000006730,5.4624596795659,5.41599783805787
ENSSSCG00000006731,1.57100848239729,1.95515358576145
ENSSSCG00000044178,-1.31818014718968,-0.78472289261437
ENSSSCG00000006732,5.94499256309059,6.13954235458122
ENSSSCG00000006733,4.02018280699358,3.62938863615046
ENSSSCG00000006734,-0.128066380263549,-1.54570714867312
ENSSSCG00000006735,7.49607185312626,5.89119009014712
ENSSSCG00000006736,1.44048186623276,0.930627626435109
ENSSSCG00000040768,-1.19180123640617,-0.964427270899581
ENSSSCG00000006031,3.44647652775207,2.54819961906087
ENSSSCG00000006032,5.80705244171022,5.93993230842066
ENSSSCG00000038444,5.0747610448065,4.79031013887507
ENSSSCG00000006029,4.35386571031806,3.90290095805923
ENSSSCG00000006033,8.06124807549799,7.74587319182764
ENSSSCG00000006742,3.44647652775207,3.44806439242055
ENSSSCG00000006743,3.09003348262316,3.7140336270478
ENSSSCG00000032417,0.273552666612953,-0.289123515071902
ENSSSCG00000006748,5.22819007201224,5.30749824314358
ENSSSCG00000006750,-0.96807720485524,-2.05555929136582
ENSSSCG00000036553,6.26658994911956,3.98261456680239
ENSSSCG00000006009,5.89335041809243,5.54553577579408
ENSSSCG00000033577,3.39201434103731,3.54787650620497
ENSSSCG00000006751,2.92548154303131,2.82917960111973
ENSSSCG00000006752,8.54738734600678,8.33334062504201
ENSSSCG00000006013,3.97036366875897,3.11607796930512
ENSSSCG00000006014,6.91505374053472,6.97189622097525
ENSSSCG00000030493,3.35625455934382,3.34566205935238
ENSSSCG00000006016,8.06758010175319,7.61990770834684
ENSSSCG00000006018,4.55653890219201,4.70074984054406
ENSSSCG00000032477,5.5039048935229,5.22336540580085
ENSSSCG00000006754,-0.248748603557596,-0.230414558288775
ENSSSCG00000031031,3.54052006264698,4.5073171578948
ENSSSCG00000006755,0.58736937234432,0.253744895693059
ENSSSCG00000052540,0.358634535634919,0.615610397484158
ENSSSCG00000055502,4.73819043121227,4.62526744788878
ENSSSCG00000059081,-2.79553649653186,-0.414234639036479
ENSSSCG00000006757,4.85627238671508,4.73614022506195
ENSSSCG00000045712,7.3974145395136,5.74249527347919
ENSSSCG00000063513,-0.380455165278715,0.372139121137058
ENSSSCG00000006760,7.49607185312626,7.94924193833477
ENSSSCG00000063331,-1.31818014718968,-1.28451287928067
ENSSSCG00000051427,0.273552666612953,-0.0169014492655093
ENSSSCG00000059649,-0.686560683805019,-0.35032329061541
ENSSSCG00000058372,2.38149571811378,2.41661734632623
ENSSSCG00000061522,2.95992771317643,3.91270242209889
ENSSSCG00000053406,0.183136955639335,1.59827076196444
ENSSSCG00000052519,-2.20115708176131,-1.16974403207503
ENSSSCG00000059653,-1.45670196380968,-0.414234639036479
ENSSSCG00000056581,-1.19180123640617,-1.06343627958185
ENSSSCG00000059061,3.70389380075518,3.07010588219071
ENSSSCG00000061133,1.36022556587904,3.13852608806589
ENSSSCG00000053482,2.44123372499091,3.4614817017213
ENSSSCG00000063479,4.68152139560982,4.58292571865496
ENSSSCG00000006088,7.82660513375768,6.26088920336053
ENSSSCG00000006082,5.02519676227631,5.81484266481978
ENSSSCG00000006037,5.90134851173852,5.95107239246147
ENSSSCG00000006083,8.58318417073584,7.96581330968683
ENSSSCG00000006084,6.90005275293484,6.88702098583579
ENSSSCG00000006087,6.55891801539043,4.63319352456153
ENSSSCG00000006066,5.23945103474902,5.3173706507578
ENSSSCG00000027587,6.54763775065881,6.69307773630184
ENSSSCG00000021180,4.49913785561178,4.61529822109948
ENSSSCG00000053859,0.874162537149699,-0.78472289261437
ENSSSCG00000006069,6.23318182987976,6.04020923430508
ENSSSCG00000031418,-1.78143407576197,-0.624943747829482
ENSSSCG00000060790,6.97185801288943,6.88536275221533
ENSSSCG00000006071,4.57443516201582,4.66833166578833
ENSSSCG00000006073,5.4910070916711,5.23643247279447
ENSSSCG00000006074,5.0621323715976,5.3693075144551
ENSSSCG00000031917,0.0866736428889641,-1.06343627958185
ENSSSCG00000031267,4.20672534931271,4.48559193398023
ENSSSCG00000006078,3.24332805561604,2.20956873606394
ENSSSCG00000006079,6.07324912276531,5.61121384603368
ENSSSCG00000050707,1.13756809465378,0.79589242289581
ENSSSCG00000006081,8.98918435295379,8.5794486941691
ENSSSCG00000006038,4.79271738408291,4.82359472465805
ENSSSCG00000006039,4.26574262125106,5.191512937895
ENSSSCG00000006040,-1.78143407576197,-0.871778856036138
ENSSSCG00000027480,5.66916314405192,5.79466572850851
ENSSSCG00000022479,6.2583101661783,6.28183888800295
ENSSSCG00000036139,4.5632760418306,4.46797308528954
ENSSSCG00000006059,5.46845381961438,5.88788130133663
ENSSSCG00000006060,6.54593807792499,6.64096268924295
ENSSSCG00000056174,5.52706404705212,5.42287286329206
ENSSSCG00000006062,8.98626284430338,8.60851023229294
ENSSSCG00000006063,9.38314567817954,8.89453876037358
ENSSSCG00000006064,0.47753036411502,-0.702622497962026
ENSSSCG00000006065,4.16304130144163,3.89961894959634
ENSSSCG00000033112,5.12874755393849,4.46575552277162
ENSSSCG00000055461,-2.20115708176131,-0.481109027935221
ENSSSCG00000062313,-0.6037335549306,-0.871778856036138
ENSSSCG00000057171,0.815176045257344,0.678241186296717
ENSSSCG00000057022,-0.868009231170092,1.07727712061465
ENSSSCG00000060670,-1.19180123640617,-0.414234639036479
ENSSSCG00000062937,1.84610665102851,2.42577286549425
ENSSSCG00000020407,-2.20115708176131,-1.06343627958185
ENSSSCG00000018501,-0.380455165278715,0.0790671408551012
ENSSSCG00000006312,2.69950905799353,2.6137592424759
ENSSSCG00000006298,-0.774434225214997,-1.54570714867312
ENSSSCG00000006396,6.29654897312109,5.09724694531504
ENSSSCG00000006395,7.96595458210928,8.12482001802928
ENSSSCG00000037821,7.86550951909502,4.38356448850424
ENSSSCG00000047766,4.34085484135535,1.37067834071865
ENSSSCG00000006299,-0.96807720485524,-1.06343627958185
ENSSSCG00000031617,6.1356024404275,6.17050890968628
ENSSSCG00000006301,5.23664402372983,4.83394808526107
ENSSSCG00000023957,1.47899559533112,1.49766699261516
ENSSSCG00000030318,6.979433612147,6.78532559320528
ENSSSCG00000006352,1.73910410091577,1.49766699261516
ENSSSCG00000006318,4.48973797772101,4.85612868314178
ENSSSCG00000006319,5.26447135259588,5.33205373668319
ENSSSCG00000035124,6.8472062147604,5.18478755799373
ENSSSCG00000031579,2.27608336519157,3.62542057526231
ENSSSCG00000006333,2.10194590665749,1.31263544737941
ENSSSCG00000006383,4.91714533952582,5.08429597829784
ENSSSCG00000006374,-1.07560684537938,-2.05555929136582
ENSSSCG00000006375,-1.78143407576197,-0.414234639036479
ENSSSCG00000006378,-0.525404570246514,-2.05555929136582
ENSSSCG00000006379,0.515080245807192,0.51625090059353
ENSSSCG00000006328,-0.451110226541143,-1.86487943217923
ENSSSCG00000006329,0.13571138072984,0.409538950709052
ENSSSCG00000006381,-1.07560684537938,0.253744895693059
ENSSSCG00000006382,-0.451110226541143,-0.871778856036138
ENSSSCG00000039867,3.2544719292997,3.60138024815194
ENSSSCG00000006281,-0.128066380263549,-0.230414558288775
ENSSSCG00000006282,6.22753781519511,5.70256172350226
ENSSSCG00000037314,6.71681244047994,6.77730088392614
ENSSSCG00000006324,6.46130418783954,6.41882224163048
ENSSSCG00000006325,6.93076894361877,6.40962236524799
ENSSSCG00000006353,-0.686560683805019,-0.35032329061541
ENSSSCG00000006335,6.36947356464966,3.40704711347586
ENSSSCG00000006336,5.86818005941551,6.77371996854537
ENSSSCG00000006337,3.47533880561576,3.3213390526125
ENSSSCG00000006321,-0.071311274400066,2.15556008292513
ENSSSCG00000006338,4.03641408310966,4.12993307155193
ENSSSCG00000006340,6.99155568561614,7.29436510096568
ENSSSCG00000006354,2.61557016783239,2.51426767165911
ENSSSCG00000006283,4.8360152490085,4.63516825840664
ENSSSCG00000006346,6.75997116669159,6.51525655984773
ENSSSCG00000006284,2.90441202540823,2.67646872321373
ENSSSCG00000006357,1.99969571546966,1.51492905093733
ENSSSCG00000006285,3.48483266148308,3.12734568941579
ENSSSCG00000006358,6.56116352293492,6.43591546444292
ENSSSCG00000006350,1.13756809465378,0.409538950709052
ENSSSCG00000006347,2.05172648705434,2.12215696247678
ENSSSCG00000039073,1.01186851910195,1.61437655810064
ENSSSCG00000006359,2.07705469961597,3.56040081028268
ENSSSCG00000036618,3.52219539589792,3.09327503299889
ENSSSCG00000047932,1.20804577791874,4.50083387288934
ENSSSCG00000006344,5.0300684164041,4.50299820673294
ENSSSCG00000006345,2.31917687589272,4.26103704735011
ENSSSCG00000006342,6.0873401716932,6.3822534081712
ENSSSCG00000006360,6.30528274072034,5.82179510267549
ENSSSCG00000006361,6.07874534104713,5.87790915797897
ENSSSCG00000006362,5.64502009492865,6.02070370171788
ENSSSCG00000006363,6.30528274072034,5.57772211669406
ENSSSCG00000006365,5.43823092533778,5.36693285789626
ENSSSCG00000037793,5.53622460666058,5.46788769488721
ENSSSCG00000055102,4.79843917096021,4.85782084125562
ENSSSCG00000038597,4.50614778903978,4.24042960386224
ENSSSCG00000026861,4.53613663328599,5.46011080587883
ENSSSCG00000006372,2.36102042350312,1.82279700553437
ENSSSCG00000006371,5.77838722030087,5.83817409154583
ENSSSCG00000006370,5.26033131704889,4.87296160819045
ENSSSCG00000006369,7.5368611653532,7.76786461695389
ENSSSCG00000006286,0.0866736428889641,-1.86487943217923
ENSSSCG00000006287,-0.774434225214997,-2.85117878809169
ENSSSCG00000006288,2.47972765327197,1.37067834071865
ENSSSCG00000006394,7.74796629146283,7.71842794009701
ENSSSCG00000006399,1.1132890985785,1.92963589847684
ENSSSCG00000006289,-0.071311274400066,-0.230414558288775
ENSSSCG00000006290,3.30358079088575,3.31149385632478
ENSSSCG00000028804,6.07167492107877,6.1813609986034
ENSSSCG00000022396,4.58771315999164,4.64500158530316
ENSSSCG00000006294,5.04939217599572,4.57265850960416
ENSSSCG00000006296,9.15724441130941,8.40221546572993
ENSSSCG00000061621,1.623524972916,3.14408396275198
ENSSSCG00000035937,4.81358724684029,3.36482946075116
ENSSSCG00000006302,1.27524029214877,2.05293699456738
ENSSSCG00000006303,5.83423106346497,5.66825734788469
ENSSSCG00000006304,4.71013414036412,4.91094784212134
ENSSSCG00000006305,0.13571138072984,-0.289123515071902
ENSSSCG00000006306,7.70215404060742,7.53837024350456
ENSSSCG00000006307,3.2710279851024,2.36042946327191
ENSSSCG00000006308,6.57511931045335,6.53918171953136
ENSSSCG00000006309,3.97036366875897,4.44113468012368
ENSSSCG00000006310,0.515080245807192,1.03003110897365
ENSSSCG00000006311,-2.79553649653186,-0.624943747829482
ENSSSCG00000006385,7.30731651362365,6.74154371159899
ENSSSCG00000006386,8.1823444840785,7.33563108506093
ENSSSCG00000023091,6.79950054888744,6.78087293311409
ENSSSCG00000006388,6.85134077387656,6.98124145223467
ENSSSCG00000032164,7.58510579778222,6.74794538207051
ENSSSCG00000006390,4.48973797772101,2.45289588892133
ENSSSCG00000054190,-0.868009231170092,0.708565629647667
ENSSSCG00000006391,4.13618152792694,5.49314912376638
ENSSSCG00000006392,4.50381492703754,4.55816054417849
ENSSSCG00000006393,-1.31818014718968,-1.28451287928067
ENSSSCG00000006384,-1.60995061428548,-0.624943747829482
ENSSSCG00000057556,-0.313099436094831,0.124759019246936
ENSSSCG00000047157,2.03889365526185,2.8013109451847
ENSSSCG00000053419,2.80937840000644,3.2406295410238
ENSSSCG00000051991,-0.774434225214997,-0.871778856036138
ENSSSCG00000052849,-0.686560683805019,-1.54570714867312
ENSSSCG00000058887,-3.82416175559903,0.647265633957376
ENSSSCG00000051878,0.0866736428889641,0.0318806818288641
ENSSSCG00000056047,-0.0167046405169091,-2.85117878809169
ENSSSCG00000055139,1.18493366366352,1.23142354660134
ENSSSCG00000042400,0.273552666612953,0.647265633957376
ENSSSCG00000042114,1.69069938953273,2.1108484849407
ENSSSCG00000059201,6.01218793327975,6.09933905934541
ENSSSCG00000036538,-3.22005278102631,-0.78472289261437
ENSSSCG00000042062,1.29696053674266,2.07638127694377
ENSSSCG00000062927,4.71417574184047,5.85012493475306
ENSSSCG00000006474,5.10123545853303,4.37885807754393
ENSSSCG00000006481,1.88964201598903,1.83659263049607
ENSSSCG00000006480,4.43446686348167,4.12150571432688
ENSSSCG00000006479,0.515080245807192,-0.551234614202225
ENSSSCG00000006475,3.87249806869344,2.91620519333423
ENSSSCG00000006482,6.60752939421564,6.26216757808207
ENSSSCG00000035121,2.64973397156036,1.35158900457553
ENSSSCG00000006487,7.77675321768484,7.79262552490554
ENSSSCG00000006488,6.71731592463941,6.03797200837202
ENSSSCG00000006489,1.33944395982878,1.51492905093733
ENSSSCG00000006490,5.99235588592894,6.45728014365975
ENSSSCG00000006491,3.18044883327868,4.14664152576464
ENSSSCG00000055767,0.784753030569422,1.00581493118192
ENSSSCG00000052919,3.83215807275418,3.53946615614801
ENSSSCG00000006494,3.96358921455897,3.94171349924894
ENSSSCG00000006495,5.58006786009373,5.11291963038247
ENSSSCG00000006496,8.35000008794427,8.03250771056881
ENSSSCG00000006497,0.0359102671599988,-0.0673909604895641
ENSSSCG00000039186,5.10585739663894,4.95746056627677
ENSSSCG00000006500,5.39985328371588,6.00246148022923
ENSSSCG00000006501,8.87163767447415,7.97539276336891
ENSSSCG00000006502,7.18960590295234,6.51149894816512
ENSSSCG00000006503,0.13571138072984,-1.16974403207503
ENSSSCG00000006504,5.71727712747945,6.08062191629645
ENSSSCG00000023991,6.28368836863653,6.24610589441004
ENSSSCG00000006506,4.09647935018081,3.64906686383064
ENSSSCG00000006510,5.98985760093818,6.36926179780614
ENSSSCG00000006157,4.02344370410475,4.39293149909293
ENSSSCG00000006508,6.5487697543752,6.9282719262868
ENSSSCG00000006511,5.29041924137799,5.46788769488721
ENSSSCG00000006512,6.80708889823148,7.30184332605491
ENSSSCG00000026149,0.0866736428889641,0.823864935560437
ENSSSCG00000006518,1.87527570583285,2.25136556593904
ENSSSCG00000006519,6.03094119605083,5.94073088773503
ENSSSCG00000006520,5.62798341454991,5.43765730178753
ENSSSCG00000006521,4.38208317888707,4.25077011986144
ENSSSCG00000006522,7.08346987749389,6.47778294172737
ENSSSCG00000006523,2.30852357224583,1.69231410194732
ENSSSCG00000006524,5.75601824512826,4.71014759484874
ENSSSCG00000006525,5.91370252159402,3.31642485261404
ENSSSCG00000006526,1.64061407306523,0.930627626435109
ENSSSCG00000006527,6.46370675514285,5.9051683918046
ENSSSCG00000054149,3.54506509105138,3.64122775235665
ENSSSCG00000006529,5.5498572995587,4.1631586857311
ENSSSCG00000006530,4.54296949803801,5.58284686825789
ENSSSCG00000006531,1.60623101893403,2.51426767165911
ENSSSCG00000036831,2.75548937239974,3.85625916799006
ENSSSCG00000006533,5.84900984804076,6.19882337439353
ENSSSCG00000006507,5.47918090918302,5.39400823378912
ENSSSCG00000006737,5.7774218342207,6.50179133674327
ENSSSCG00000006738,4.36419057709649,4.04632983398618
ENSSSCG00000006461,5.70717363444949,5.90107116699312
ENSSSCG00000006462,8.38353614148045,9.27982544496136
ENSSSCG00000006463,5.0349236754073,4.04929482275839
ENSSSCG00000006466,1.75488470892769,0.372139121137058
ENSSSCG00000006467,5.58669626462812,5.30129350497104
ENSSSCG00000006468,6.93467114167302,6.91492319581706
ENSSSCG00000006469,5.3038908506142,5.44443012194664
ENSSSCG00000006470,3.85795915304224,3.90290095805923
ENSSSCG00000006471,4.82671258343489,4.68558492879445
ENSSSCG00000006472,2.1858311792755,0.878233640758889
ENSSSCG00000028606,5.72430770674661,6.11993333915839
ENSSSCG00000006538,4.67738713961771,4.73614022506195
ENSSSCG00000006539,6.69550585287556,6.52487428787541
ENSSSCG00000054923,3.57203861517619,2.99212837075843
ENSSSCG00000006540,8.00276683794423,8.31205110766167
ENSSSCG00000055689,4.80413835461514,3.98571329242528
ENSSSCG00000036884,0.47753036411502,-2.27533557831912
ENSSSCG00000006499,6.19826051599716,6.27171945118054
ENSSSCG00000052269,1.78593734007211,2.01704038155276
ENSSSCG00000006796,0.958352864156609,0.409538950709052
ENSSSCG00000025704,5.11505708696343,5.10153822700633
ENSSSCG00000029918,5.17199781011746,5.09150530822672
ENSSSCG00000026922,4.3896840233634,4.63516825840664
ENSSSCG00000051454,-0.313099436094831,0.615610397484158
ENSSSCG00000006799,3.65005919311859,3.7140336270478
ENSSSCG00000006800,2.62418726304154,1.83659263049607
ENSSSCG00000043070,-0.686560683805019,-0.871778856036138
ENSSSCG00000040889,5.6753954435686,5.50399587745849
ENSSSCG00000006808,-0.451110226541143,0.445993691080189
ENSSSCG00000006809,3.27650471703377,3.81504406924068
ENSSSCG00000006810,2.64126856623983,3.00440267505079
ENSSSCG00000006811,2.77883157464872,-0.0673909604895641
ENSSSCG00000006813,5.93290472327065,6.18068512932339
ENSSSCG00000056539,1.44048186623276,3.86301531473544
ENSSSCG00000006816,8.30062535537153,8.15024391272949
ENSSSCG00000037449,4.84156819118935,4.70827293498612
ENSSSCG00000006740,11.7210141192819,10.7110297341699
ENSSSCG00000063029,2.8973199146782,2.53979115791429
ENSSSCG00000022447,5.02193982963718,4.65086957017807
ENSSSCG00000028620,5.50740255558884,5.00557674002046
ENSSSCG00000006889,5.75797720066211,5.31859996510395
ENSSSCG00000037549,6.87002747860926,5.48222020171234
ENSSSCG00000006892,6.07874534104713,6.520073438421
ENSSSCG00000006893,4.58330072513487,3.39777159849472
ENSSSCG00000006894,6.61186845565839,6.76472860012826
ENSSSCG00000052762,-0.868009231170092,-0.119711717242417
ENSSSCG00000059490,2.93935885962289,2.64545467936437
ENSSSCG00000058491,0.229053005082177,-0.230414558288775
ENSSSCG00000051612,-0.128066380263549,-0.0169014492655093
ENSSSCG00000006890,2.99357058002226,-0.481109027935221
ENSSSCG00000052405,-1.31818014718968,0.79589242289581
ENSSSCG00000006192,4.61390806913347,4.24819193089915
ENSSSCG00000006193,7.83753042707574,6.748857591958
ENSSSCG00000006194,5.10893048291671,5.59304208006401
ENSSSCG00000006197,3.82095763271074,3.06425498526989
ENSSSCG00000061520,-1.976085364955,-0.35032329061541
ENSSSCG00000036964,6.49516871451372,7.24672692198013
ENSSSCG00000035933,8.17924129380668,8.88968765274084
ENSSSCG00000037038,-1.19180123640617,1.00581493118192
ENSSSCG00000039679,4.39975658862565,5.04621545646272
ENSSSCG00000031698,6.07324912276531,5.51583386488128
ENSSSCG00000032763,5.26171264937064,5.41024351712972
ENSSSCG00000040119,2.86132678081369,3.07593314641862
ENSSSCG00000006954,7.82916954310835,7.73486558579425
ENSSSCG00000055397,5.48982882631404,5.30749824314358
ENSSSCG00000006948,1.99969571546966,0.79589242289581
ENSSSCG00000006955,3.72407603371596,3.34566205935238
ENSSSCG00000006956,4.9500761910517,5.11716461428177
ENSSSCG00000006957,5.31057977378538,5.47452039550892
ENSSSCG00000006958,4.53613663328599,5.46122435994378
ENSSSCG00000006959,3.69164753504792,4.70074984054406
ENSSSCG00000039881,4.67531556037161,4.71014759484874
ENSSSCG00000034689,0.0866736428889641,-0.78472289261437
ENSSSCG00000032483,4.65022177640926,5.05361711945132
ENSSSCG00000038121,-0.6037335549306,-0.35032329061541
ENSSSCG00000006609,-0.071311274400066,-0.0169014492655093
ENSSSCG00000006610,7.68166058829612,6.78621447850007
ENSSSCG00000006612,6.58618754803237,7.05685036499081
ENSSSCG00000057672,0.784753030569422,-0.78472289261437
ENSSSCG00000006614,4.40476662179162,3.05838026318875
ENSSSCG00000021540,2.59818001558324,1.70740881248283
ENSSSCG00000026427,4.99062664269499,5.03429323831529
ENSSSCG00000026259,-0.187145967968861,-0.871778856036138
ENSSSCG00000027770,3.19208715058532,3.47917951940272
ENSSSCG00000027091,3.79829246233803,2.27181848867676
ENSSSCG00000028343,5.24225259485008,5.347793567567
ENSSSCG00000006543,6.47803873788138,6.49962519023303
ENSSSCG00000006544,6.1939257584427,6.40731320021047
ENSSSCG00000006546,2.27608336519157,2.48828449091058
ENSSSCG00000006547,3.24332805561604,3.76542269970242
ENSSSCG00000027628,3.46578206002313,2.86999847748965
ENSSSCG00000006550,5.95185469801922,5.44217604620629
ENSSSCG00000006551,0.515080245807192,0.823864935560437
ENSSSCG00000006552,4.63324677385007,4.66253441976813
ENSSSCG00000040143,-1.78143407576197,-1.06343627958185
ENSSSCG00000006727,4.13618152792694,4.96846663279424
ENSSSCG00000006728,3.53138682335892,3.81852399093819
ENSSSCG00000006729,5.47680399491392,6.58893337717498
ENSSSCG00000006726,7.34364236355868,7.01840684692474
ENSSSCG00000052385,-0.187145967968861,0.409538950709052
ENSSSCG00000044784,5.02193982963718,4.67602526698248
ENSSSCG00000040535,4.4196931698055,3.64122775235665
ENSSSCG00000031724,6.07482160862828,7.28998483453712
ENSSSCG00000036119,2.16235749758156,2.92913977873282
ENSSSCG00000032063,-0.6037335549306,-0.0673909604895641
ENSSSCG00000037975,3.52679842945291,3.4162633741764
ENSSSCG00000053879,-0.868009231170092,-0.0169014492655093
ENSSSCG00000033726,-1.19180123640617,-0.414234639036479
ENSSSCG00000035891,-0.525404570246514,-0.0673909604895641
ENSSSCG00000055759,3.51757762897685,4.3162351491245
ENSSSCG00000036022,3.97036366875897,2.92913977873282
ENSSSCG00000031957,4.24912544922369,0.98118532635575
ENSSSCG00000006049,2.43144759083636,2.53979115791429
ENSSSCG00000006052,5.18952200438817,4.7580528636841
ENSSSCG00000059124,-0.774434225214997,-1.06343627958185
ENSSSCG00000006054,5.29851729291031,5.10010921757055
ENSSSCG00000023873,7.5881370049071,7.22263302501227
ENSSSCG00000006048,4.98561973078247,4.73429905934596
ENSSSCG00000006250,4.15414349138175,4.1073497926671
ENSSSCG00000006251,4.53613663328599,4.41838153206954
ENSSSCG00000006252,5.65451554944637,5.37640812190129
ENSSSCG00000054199,-0.774434225214997,-0.35032329061541
ENSSSCG00000006746,4.63963582860906,4.72320244690084
ENSSSCG00000061647,5.18224610802368,4.50947179456649
ENSSSCG00000058723,5.10893048291671,6.24157639250644
ENSSSCG00000006453,4.89773080592998,4.53930362780532
ENSSSCG00000034883,4.39724503254158,4.89949232825537
ENSSSCG00000006827,3.37168884069489,3.65297050406999
ENSSSCG00000006828,4.90482090201148,5.06391606329236
ENSSSCG00000006829,1.33944395982878,1.8772052214074
ENSSSCG00000006830,5.61290947718701,5.33205373668319
ENSSSCG00000006831,7.17940993751045,6.74748906074066
ENSSSCG00000006834,-1.60995061428548,0.124759019246936
ENSSSCG00000036975,1.72314896938536,1.75176786229133
ENSSSCG00000006835,6.83519493924403,6.22528251238936
ENSSSCG00000006836,6.72234112571446,4.39293149909293
ENSSSCG00000033292,5.43088223660844,5.28503517727631
ENSSSCG00000037816,6.18230232373356,5.7044438144603
ENSSSCG00000020842,5.75993349984545,5.64100055838378
ENSSSCG00000034360,7.27142439249878,6.76833187475307
ENSSSCG00000018682,-0.128066380263549,0.445993691080189
ENSSSCG00000057502,-2.46795088038493,2.53979115791429
ENSSSCG00000012724,3.43672601243127,0.212017947135459
ENSSSCG00000030460,4.90658799498234,4.82186191785048
ENSSSCG00000012703,7.52971261699268,7.69045043925065
ENSSSCG00000012727,6.2239990604479,5.96448500314811
ENSSSCG00000012712,1.78593734007211,2.62969400118923
ENSSSCG00000012730,4.3064669884574,3.7939864025381
ENSSSCG00000022331,4.39724503254158,2.25136556593904
ENSSSCG00000060354,6.37650356183739,6.41422963672691
ENSSSCG00000041704,-0.868009231170092,-0.481109027935221
ENSSSCG00000060492,-0.451110226541143,-2.85117878809169
ENSSSCG00000062625,-0.6037335549306,1.49766699261516
ENSSSCG00000053448,-1.45670196380968,0.583244978335558
ENSSSCG00000056899,-0.774434225214997,0.253744895693059
ENSSSCG00000062680,0.551677535663921,-1.86487943217923
ENSSSCG00000061970,-0.96807720485524,-1.86487943217923
ENSSSCG00000060015,2.1858311792755,3.30158101284314
ENSSSCG00000022372,-1.19180123640617,-0.964427270899581
ENSSSCG00000012637,5.63119315446972,5.51154037267572
ENSSSCG00000035488,4.63963582860906,4.80617228142469
ENSSSCG00000012634,2.41167389764734,2.25136556593904
ENSSSCG00000012633,6.26727779087404,6.29626233973533
ENSSSCG00000012587,1.65750311577385,0.409538950709052
ENSSSCG00000012589,0.58736937234432,1.83659263049607
ENSSSCG00000012590,1.75488470892769,1.16736637209713
ENSSSCG00000012631,5.62261792772528,5.93111863691868
ENSSSCG00000040820,3.80588715198576,6.04318681569338
ENSSSCG00000012625,7.81583157684204,8.74563591644291
ENSSSCG00000012627,0.815176045257344,2.13337748815636
ENSSSCG00000012624,4.26022480317067,4.52872007405245
ENSSSCG00000012623,6.58453271601756,6.20880250411737
ENSSSCG00000012621,6.29385098818492,6.29563822251153
ENSSSCG00000012622,4.02994346964027,3.91919993155247
ENSSSCG00000012620,2.98690447673027,3.11041093536038
ENSSSCG00000012619,4.22949370163713,4.17406599580183
ENSSSCG00000030849,8.37749637535653,7.76831453983394
ENSSSCG00000012617,5.50273711924548,5.67114740720611
ENSSSCG00000032973,3.4170250288465,3.41166260325713
ENSSSCG00000053432,4.92762598850346,5.0958136768621
ENSSSCG00000047468,5.94756969014754,5.72869015272528
ENSSSCG00000012613,4.96880340236247,4.78853686468123
ENSSSCG00000012608,4.67324100224767,4.8796401680909
ENSSSCG00000012607,1.31835862021284,1.58198313393422
ENSSSCG00000012638,3.2544719292997,2.12215696247678
ENSSSCG00000012639,6.19826051599716,6.38636268809496
ENSSSCG00000012591,6.56060247362556,6.32896004775322
ENSSSCG00000012593,-1.19180123640617,0.550136777985776
ENSSSCG00000012594,-0.774434225214997,0.294298826806809
ENSSSCG00000012595,4.90658799498234,4.26103704735011
ENSSSCG00000012597,7.94095251275706,6.29313905014426
ENSSSCG00000012600,5.82117426015564,-0.289123515071902
ENSSSCG00000062552,1.23079346436338,-1.28451287928067
ENSSSCG00000012618,0.438976972203651,0.767366807455606
ENSSSCG00000055276,5.4815539138041,5.77330627923349
ENSSSCG00000056185,0.753674621171028,1.8772052214074
ENSSSCG00000058720,1.94571802033876,2.9031535920818
ENSSSCG00000047289,1.18493366366352,0.904668467894398
ENSSSCG00000049849,0.0359102671599988,0.294298826806809
ENSSSCG00000049494,1.80121655797197,2.05293699456738
ENSSSCG00000012746,6.30996373024927,6.33504717968477
ENSSSCG00000052277,0.0359102671599988,0.550136777985776
ENSSSCG00000012757,8.60470623645953,8.26898274612384
ENSSSCG00000012758,5.5050717233222,5.23121983981787
ENSSSCG00000012741,4.08404018078784,5.01318930492047
ENSSSCG00000026254,1.03789987789575,0.124759019246936
ENSSSCG00000029615,5.08416052936819,4.83394808526107
ENSSSCG00000012742,4.50147828664791,5.18882654694905
ENSSSCG00000012743,5.29986255987986,5.79819509305547
ENSSSCG00000012744,4.93457102648223,4.88462887697464
ENSSSCG00000035908,4.52697551328598,3.68382510911523
ENSSSCG00000012824,1.01186851910195,0.550136777985776
ENSSSCG00000012823,4.96202160040939,5.25452978521948
ENSSSCG00000029656,-0.868009231170092,-0.702622497962026
ENSSSCG00000028908,5.31723782744668,5.58182337324485
ENSSSCG00000012233,-0.187145967968861,1.73713253770228
ENSSSCG00000012234,5.18078651505005,5.4909699525563
ENSSSCG00000012822,5.4588512047986,6.42111307323914
ENSSSCG00000025708,0.656208489639131,-2.27533557831912
ENSSSCG00000012235,6.09588410187397,6.04986398922773
ENSSSCG00000012238,5.39859813637721,4.66059681610517
ENSSSCG00000025447,5.62046613320255,6.40210402548439
ENSSSCG00000024132,0.622199479864748,1.99260329927285
ENSSSCG00000021846,4.45875838434298,4.45685102861095
ENSSSCG00000012258,5.51437254291368,5.06098100238443
ENSSSCG00000012262,5.34877561472642,5.56741767556494
ENSSSCG00000012219,2.11423229533454,1.75176786229133
ENSSSCG00000030800,1.53490444243865,1.00581493118192
ENSSSCG00000027777,4.84709984198571,5.48331682702112
ENSSSCG00000050495,0.183136955639335,0.124759019246936
ENSSSCG00000037269,1.40091172062405,-0.289123515071902
ENSSSCG00000031868,4.18067396324146,4.99177207174354
ENSSSCG00000036246,2.1858311792755,2.08796208222624
ENSSSCG00000012731,7.34201088064311,7.05316256487666
ENSSSCG00000040446,0.273552666612953,0.708565629647667
ENSSSCG00000012739,4.11493928845344,4.09592418918778
ENSSSCG00000037995,1.78593734007211,1.8772052214074
ENSSSCG00000012251,6.82308282272392,6.89857555865184
ENSSSCG00000012252,7.45107173304207,7.54888349669392
ENSSSCG00000021460,0.183136955639335,-0.624943747829482
ENSSSCG00000012253,5.44554237150642,5.07850246282217
ENSSSCG00000022309,1.51650785122028,1.05384751029812
ENSSSCG00000012257,6.53226812388839,7.46782364876856
ENSSSCG00000023215,5.34747521332019,6.00704370594188
ENSSSCG00000026984,2.47972765327197,1.76625620955041
ENSSSCG00000012241,4.57665666553655,5.05066100954908
ENSSSCG00000012817,5.12267893524269,5.41829315531391
ENSSSCG00000012223,-0.6037335549306,-1.54570714867312
ENSSSCG00000062015,2.65814999344391,2.94195942788852
ENSSSCG00000012816,2.93935885962289,3.64906686383064
ENSSSCG00000012813,4.27944553770892,4.32114999424609
ENSSSCG00000049603,-2.79553649653186,-0.964427270899581
ENSSSCG00000012812,-1.31818014718968,-0.624943747829482
ENSSSCG00000012811,5.39230596753735,5.11857683779264
ENSSSCG00000047540,-0.451110226541143,-1.40920704473941
ENSSSCG00000024233,0.0359102671599988,-0.119711717242417
ENSSSCG00000039998,3.34587253533682,2.58952216140678
ENSSSCG00000038442,5.06371701444658,5.04026666278459
ENSSSCG00000034345,-0.6037335549306,-1.86487943217923
ENSSSCG00000012753,1.01186851910195,0.0318806818288641
ENSSSCG00000054901,2.56275792947573,1.3895183870631
ENSSSCG00000057979,-1.45670196380968,1.23142354660134
ENSSSCG00000053830,0.689434225427014,1.61437655810064
ENSSSCG00000052859,-1.78143407576197,0.708565629647667
ENSSSCG00000054215,0.183136955639335,0.647265633957376
ENSSSCG00000063391,0.358634535634919,-0.35032329061541
ENSSSCG00000062936,-0.6037335549306,-1.86487943217923
ENSSSCG00000063356,-1.78143407576197,-0.551234614202225
ENSSSCG00000012386,3.54052006264698,4.02841078531082
ENSSSCG00000021647,3.13293333695807,1.96774514707322
ENSSSCG00000012382,6.70467580516727,6.3167081878886
ENSSSCG00000032728,5.39734189610712,5.42287286329206
ENSSSCG00000012379,-2.46795088038493,-1.06343627958185
ENSSSCG00000045787,-2.20115708176131,-0.702622497962026
ENSSSCG00000012378,5.0154038231113,4.9495473644986
ENSSSCG00000012377,2.41167389764734,0.79589242289581
ENSSSCG00000012376,0.0866736428889641,-0.624943747829482
ENSSSCG00000012375,4.26574262125106,4.19563630031025
ENSSSCG00000012363,2.52644419656486,2.90969415186618
ENSSSCG00000012371,5.1601956278221,4.2533437096518
ENSSSCG00000022676,4.25745795998169,4.27376880513718
ENSSSCG00000028336,6.98988971875687,6.72077237982534
ENSSSCG00000012828,3.09003348262316,2.70683005586903
ENSSSCG00000012394,4.9822721096957,5.38112251892845
ENSSSCG00000024163,6.24789316378629,6.47833304760414
ENSSSCG00000029771,2.59818001558324,3.03463919046406
ENSSSCG00000031033,1.95940295449205,1.3322436929096
ENSSSCG00000012474,4.43691450389901,5.11857683779264
ENSSSCG00000040194,0.0359102671599988,0.0318806818288641
ENSSSCG00000012504,3.84695799941802,3.95125565027317
ENSSSCG00000053872,-3.82416175559903,-0.702622497962026
ENSSSCG00000023245,8.18434887971864,7.91835770970952
ENSSSCG00000022209,2.87583196824894,3.80455365542524
ENSSSCG00000012392,-0.248748603557596,0.0318806818288641
ENSSSCG00000027115,6.58673873715881,6.99629951643051
ENSSSCG00000012403,8.24147211715743,8.59475043082801
ENSSSCG00000012402,-1.45670196380968,-1.06343627958185
ENSSSCG00000012408,2.94624777947776,4.28135427487085
ENSSSCG00000024463,5.93723344468062,5.33205373668319
ENSSSCG00000035170,2.52644419656486,1.46251061004157
ENSSSCG00000012361,2.973479148401,3.61745156076489
ENSSSCG00000023862,2.42159462145349,2.42577286549425
ENSSSCG00000027657,4.44179736203252,4.00416716456465
ENSSSCG00000012367,1.623524972916,1.42647607361694
ENSSSCG00000012366,5.66394891570636,5.58999107435698
ENSSSCG00000012365,7.31897425335405,7.08637913369074
ENSSSCG00000023312,4.64175924134234,4.43661266768852
ENSSSCG00000021834,0.0359102671599988,-0.624943747829482
ENSSSCG00000012405,10.6125505360828,10.0908584290847
ENSSSCG00000012409,5.52361378551654,4.57265850960416
ENSSSCG00000021200,4.08716004251789,3.68000417823861
ENSSSCG00000012411,5.23945103474902,4.77427165461236
ENSSSCG00000031849,1.83129794321605,0.98118532635575
ENSSSCG00000012416,4.12104048211035,3.87309057949637
ENSSSCG00000029458,6.09743212208007,6.25704726848974
ENSSSCG00000028538,4.7734791882503,4.91257694391658
ENSSSCG00000012424,4.44909080170269,4.11586000268243
ENSSSCG00000012425,4.52697551328598,3.97639707678708
ENSSSCG00000012426,2.41167389764734,1.83659263049607
ENSSSCG00000020876,2.8973199146782,4.53084300515973
ENSSSCG00000032167,0.399364956748047,-0.414234639036479
ENSSSCG00000012415,2.47020003230929,1.72234722316666
ENSSSCG00000012427,6.95615989407296,5.84074333360914
ENSSSCG00000062125,0.399364956748047,-2.27533557831912
ENSSSCG00000059965,5.14978891878731,4.35269474039829
ENSSSCG00000060094,3.5129450340698,2.05293699456738
ENSSSCG00000062240,-0.451110226541143,-0.702622497962026
ENSSSCG00000053982,0.0359102671599988,-0.119711717242417
ENSSSCG00000057542,0.316720715261423,0.550136777985776
ENSSSCG00000061597,3.94651258611707,4.48559193398023
ENSSSCG00000060560,0.815176045257344,1.21038560183454
ENSSSCG00000043604,2.85401912853735,3.44356408236478
ENSSSCG00000042069,-1.78143407576197,-0.702622497962026
ENSSSCG00000058565,0.985358817624548,1.35158900457553
ENSSSCG00000056527,2.3297520885663,2.60572537283493
ENSSSCG00000047910,3.83957701418461,3.79751742732588
ENSSSCG00000057763,1.03789987789575,1.49766699261516
ENSSSCG00000019255,-0.868009231170092,-1.86487943217923
ENSSSCG00000018359,-1.976085364955,-0.481109027935221
ENSSSCG00000012102,1.44048186623276,1.82279700553437
ENSSSCG00000012114,6.25761803453474,5.86534625862362
ENSSSCG00000038044,3.04581876338901,3.2406295410238
ENSSSCG00000058492,6.59607687575041,6.26981412918669
ENSSSCG00000022129,3.87249806869344,3.8392290700897
ENSSSCG00000025086,-0.868009231170092,0.85130538708557
ENSSSCG00000012832,2.80180211518241,2.84973339804375
ENSSSCG00000038963,4.17188457053865,5.02076191189901
ENSSSCG00000024809,3.69982325149067,3.16063026235243
ENSSSCG00000012110,4.12408143035106,3.47477537670041
ENSSSCG00000034487,4.19809371766512,3.89303244851567
ENSSSCG00000012271,7.19684486914931,7.34862685434174
ENSSSCG00000012111,5.63012403442248,5.20087610814675
ENSSSCG00000012278,6.76045981452043,6.86152345632563
ENSSSCG00000012112,2.22034075006793,1.51492905093733
ENSSSCG00000055891,5.93030124240034,4.98868634621883
ENSSSCG00000012108,5.52821230301143,5.47231288172762
ENSSSCG00000021328,4.27671534681653,4.79914396241639
ENSSSCG00000022647,5.01704060285251,4.83222767665003
ENSSSCG00000025264,5.12723279077222,5.34899724078999
ENSSSCG00000026271,-0.96807720485524,-0.174001573015732
ENSSSCG00000024841,6.2555396450739,5.19285425985635
ENSSSCG00000023172,1.4598672457525,1.00581493118192
ENSSSCG00000028964,5.95356514392522,5.86366290933903
ENSSSCG00000026520,-0.187145967968861,-1.54570714867312
ENSSSCG00000021934,7.18633648008982,7.18167278196066
ENSSSCG00000028284,3.23772367198998,1.29275702200006
ENSSSCG00000030877,2.10194590665749,1.9036587274475
ENSSSCG00000021106,5.86636526046683,5.52225023997777
ENSSSCG00000012117,0.438976972203651,0.0790671408551012
ENSSSCG00000012118,-2.20115708176131,-1.06343627958185
ENSSSCG00000012119,10.2021397238379,10.5272303206004
ENSSSCG00000012104,2.41167389764734,2.36994739547508
ENSSSCG00000012264,5.00719195337052,5.3025365892674
ENSSSCG00000036036,0.902775359205073,2.02910543258505
ENSSSCG00000053604,-2.79553649653186,-0.414234639036479
ENSSSCG00000012265,4.00376683837186,1.9802277618688
ENSSSCG00000012266,4.78313035335911,5.05656718461117
ENSSSCG00000062070,2.22034075006793,3.47035774820873
ENSSSCG00000027701,4.43691450389901,5.2088535989099
ENSSSCG00000052410,-1.31818014718968,-0.289123515071902
ENSSSCG00000051231,-0.380455165278715,-1.54570714867312
ENSSSCG00000044694,1.42083245509814,2.70683005586903
ENSSSCG00000012267,5.65661719006181,6.94945562994108
ENSSSCG00000022390,2.58940569507994,4.14664152576464
ENSSSCG00000057105,4.54523994700989,4.47680940564299
ENSSSCG00000062736,-2.20115708176131,-0.624943747829482
ENSSSCG00000021591,6.67284193500102,6.13117110511574
ENSSSCG00000012318,9.15371474926138,7.79593923438269
ENSSSCG00000012283,1.13756809465378,1.76625620955041
ENSSSCG00000012284,3.73605122845562,4.11302884015674
ENSSSCG00000012286,1.72314896938536,2.0048735807178
ENSSSCG00000025981,3.29820607603459,3.33111751872742
ENSSSCG00000025599,5.26584872854291,5.01925056701287
ENSSSCG00000024793,3.4170250288465,3.36958178393062
ENSSSCG00000032768,5.26447135259588,4.8796401680909
ENSSSCG00000024958,4.61822801700036,3.42084951981263
ENSSSCG00000040599,3.98046607575606,3.81504406924068
ENSSSCG00000012324,5.6085735503078,5.93192210846132
ENSSSCG00000012325,6.86139786973517,6.85094205036963
ENSSSCG00000012448,5.04297963835434,4.14109351412293
ENSSSCG00000032946,3.83587231237669,3.4525507079545
ENSSSCG00000012452,6.56843737822122,6.04095420598499
ENSSSCG00000031731,-0.868009231170092,-1.16974403207503
ENSSSCG00000012326,4.63111078580486,4.60525962591967
ENSSSCG00000012456,4.49913785561178,2.87669073668673
ENSSSCG00000012327,5.53850568688605,5.88290384577575
ENSSSCG00000012328,7.95766860907947,8.22933548739
ENSSSCG00000012329,4.84156819118935,5.32595393470427
ENSSSCG00000035822,5.21684051984079,5.35140157866319
ENSSSCG00000012332,0.753674621171028,0.79589242289581
ENSSSCG00000012334,5.26584872854291,5.2963104291021
ENSSSCG00000012335,4.55202993354254,4.73797904407895
ENSSSCG00000012323,7.25660591065942,7.04612966736893
ENSSSCG00000023759,6.70873270520133,6.82695424311505
ENSSSCG00000036747,3.19208715058532,3.17155663273452
ENSSSCG00000032453,2.50793871030225,2.16652477447692
ENSSSCG00000012287,5.73230092411965,5.63410513121946
ENSSSCG00000012270,8.52412314455656,8.43913599628675
ENSSSCG00000038744,-0.96807720485524,-1.54570714867312
ENSSSCG00000039997,2.90441202540823,3.7939864025381
ENSSSCG00000012275,7.2792885172029,7.58534339764362
ENSSSCG00000012459,4.80034140148673,4.24560912629743
ENSSSCG00000012276,3.24891075232122,3.99189084785926
ENSSSCG00000012277,8.1663926537798,9.10971382414278
ENSSSCG00000023546,-0.868009231170092,-0.230414558288775
ENSSSCG00000012336,5.55211694311536,5.5920257949103
ENSSSCG00000021601,3.86160764102687,4.71948452790664
ENSSSCG00000012290,5.82678450871965,5.56534792587947
ENSSSCG00000012462,0.930831724376776,1.86379432043539
ENSSSCG00000012291,4.78313035335911,4.46353454639644
ENSSSCG00000012463,5.27682065017725,4.78853686468123
ENSSSCG00000012295,3.65005919311859,3.77261681843486
ENSSSCG00000036515,1.93190203123131,0.904668467894398
ENSSSCG00000012294,5.59109834236116,5.94710365855002
ENSSSCG00000012293,4.20385387305167,4.29140658982071
ENSSSCG00000012292,0.58736937234432,0.930627626435109
ENSSSCG00000012298,1.94571802033876,0.445993691080189
ENSSSCG00000025156,3.46578206002313,4.00721999059348
ENSSSCG00000030577,5.0589578546501,4.96218773686444
ENSSSCG00000012434,5.55887471586514,5.94471716713384
ENSSSCG00000012297,4.68152139560982,4.44789123329679
ENSSSCG00000012300,1.25318803729539,1.5319870059135
ENSSSCG00000022584,1.70701541088768,2.15556008292513
ENSSSCG00000012435,7.43952262952222,6.33322373533406
ENSSSCG00000032129,6.39801856123681,6.47447789426199
ENSSSCG00000012322,7.41241695334102,7.18437251427116
ENSSSCG00000012437,4.25190830353837,4.27883021383834
ENSSSCG00000033770,2.05172648705434,1.5319870059135
ENSSSCG00000012440,7.6042874917783,6.91614183342367
ENSSSCG00000025545,5.59109834236116,5.53711172916609
ENSSSCG00000026714,4.99062664269499,4.57265850960416
ENSSSCG00000039203,-0.686560683805019,-1.06343627958185
ENSSSCG00000042563,0.0359102671599988,0.583244978335558
ENSSSCG00000012309,2.973479148401,3.55206336650421
ENSSSCG00000012317,5.00058863626033,4.82532545270496
ENSSSCG00000023026,1.44048186623276,0.253744895693059
ENSSSCG00000062117,-1.78143407576197,-0.624943747829482
ENSSSCG00000059900,2.1974263314248,1.49766699261516
ENSSSCG00000012306,1.623524972916,-0.174001573015732
ENSSSCG00000012307,0.515080245807192,-2.85117878809169
ENSSSCG00000012494,3.87971294905474,3.58512788582312
ENSSSCG00000026742,-0.071311274400066,-0.551234614202225
ENSSSCG00000012308,1.13756809465378,1.2726008670673
ENSSSCG00000012288,4.64175924134234,4.65086957017807
ENSSSCG00000039046,8.05966071697387,7.41736651357478
ENSSSCG00000012536,-0.313099436094831,0.124759019246936
ENSSSCG00000032672,-0.6037335549306,-0.702622497962026
ENSSSCG00000012493,1.60623101893403,-2.27533557831912
ENSSSCG00000012549,2.27608336519157,2.51426767165911
ENSSSCG00000012551,5.21541552726595,5.54238251981962
ENSSSCG00000022993,4.84156819118935,3.14408396275198
ENSSSCG00000033276,1.99969571546966,2.68411916779552
ENSSSCG00000037234,2.25404409223782,2.71432159307234
ENSSSCG00000036091,3.77526552432603,3.49231184990847
ENSSSCG00000012348,4.11493928845344,3.82545875338268
ENSSSCG00000012654,5.98985760093818,5.71475165371821
ENSSSCG00000012347,-1.07560684537938,-0.0673909604895641
ENSSSCG00000012512,3.79448007211224,4.8796401680909
ENSSSCG00000012530,2.52644419656486,2.92913977873282
ENSSSCG00000037228,4.86356866330921,4.64304027448696
ENSSSCG00000012556,4.0714928252209,4.5602406234569
ENSSSCG00000012352,1.36022556587904,1.61437655810064
ENSSSCG00000028062,-0.248748603557596,0.481549931933635
ENSSSCG00000012514,-0.6037335549306,-3.82416175559903
ENSSSCG00000031196,0.47753036411502,1.37067834071865
ENSSSCG00000012557,3.09003348262316,3.81155573333132
ENSSSCG00000035264,5.42472960520609,5.54763412406406
ENSSSCG00000053162,0.656208489639131,1.70740881248283
ENSSSCG00000012558,4.96372004197033,4.67410570967858
ENSSSCG00000055308,0.784753030569422,-0.119711717242417
ENSSSCG00000012560,4.93110268660768,4.48996323003244
ENSSSCG00000059044,-0.525404570246514,1.10033230279389
ENSSSCG00000012643,0.358634535634919,1.21038560183454
ENSSSCG00000044675,0.689434225427014,1.31263544737941
ENSSSCG00000012655,3.49895732144611,4.03440856491599
ENSSSCG00000012656,4.51544169628631,4.02540251895583
ENSSSCG00000012657,5.93377150722206,5.25324462166577
ENSSSCG00000012362,4.38462124576695,4.6092834499602
ENSSSCG00000012490,2.79418583351156,0.956127932608039
ENSSSCG00000012491,2.06444617595092,1.44460584430091
ENSSSCG00000012492,4.44423260771567,0.550136777985776
ENSSSCG00000012658,-0.313099436094831,-2.27533557831912
ENSSSCG00000026301,5.93116959148725,5.37049337859636
ENSSSCG00000012676,2.23166290725657,2.81531256473901
ENSSSCG00000012644,1.90386667628305,2.60572537283493
ENSSSCG00000012269,6.83333814256995,6.90636378769271
ENSSSCG00000048443,-0.6037335549306,-0.230414558288775
ENSSSCG00000012651,1.623524972916,0.738265774167816
ENSSSCG00000038423,4.41721611177701,4.27630172910488
ENSSSCG00000056417,6.00395768579626,5.74706777987592
ENSSSCG00000012273,6.27413823135318,7.22427372773792
ENSSSCG00000034821,3.54506509105138,3.23543207783835
ENSSSCG00000038569,4.23231464574282,3.40704711347586
ENSSSCG00000012508,3.36141768815191,2.48828449091058
ENSSSCG00000012652,1.64061407306523,0.738265774167816
ENSSSCG00000012172,4.86720301054597,4.68558492879445
ENSSSCG00000040281,6.11282164767467,5.54238251981962
ENSSSCG00000012653,4.70810908584026,4.02238796674066
ENSSSCG00000012510,4.5632760418306,3.07593314641862
ENSSSCG00000012280,3.06493409078251,2.42577286549425
ENSSSCG00000012517,2.49859618532626,2.35084832090034
ENSSSCG00000012540,-0.0167046405169091,0.445993691080189
ENSSSCG00000012541,1.42083245509814,1.46251061004157
ENSSSCG00000012542,3.86524692547764,4.74164966589106
ENSSSCG00000039273,-1.19180123640617,-0.624943747829482
ENSSSCG00000026529,1.67419673092923,0.212017947135459
ENSSSCG00000012305,1.18493366366352,0.678241186296717
ENSSSCG00000012649,6.28232792773862,6.56789481289459
ENSSSCG00000012349,-0.187145967968861,-0.871778856036138
ENSSSCG00000012350,4.67738713961771,3.96702031038741
ENSSSCG00000041254,-0.686560683805019,0.445993691080189
ENSSSCG00000043490,-1.31818014718968,0.823864935560437
ENSSSCG00000036647,-0.774434225214997,-2.27533557831912
ENSSSCG00000060127,-1.45670196380968,0.51625090059353
ENSSSCG00000059327,-0.187145967968861,1.05384751029812
ENSSSCG00000022635,5.24085249484085,4.5602406234569
ENSSSCG00000061141,1.72314896938536,1.67705978623095
ENSSSCG00000012523,5.65766686339946,5.02829497824047
ENSSSCG00000044011,-3.82416175559903,-0.78472289261437
ENSSSCG00000012650,5.59219676624076,5.73514898507128
ENSSSCG00000048190,-1.19180123640617,-0.871778856036138
ENSSSCG00000062400,2.24289690050099,2.31187448705517
ENSSSCG00000056299,-1.19180123640617,-0.0673909604895641
ENSSSCG00000012525,4.17188457053865,4.10450186370333
ENSSSCG00000061079,0.72191195620079,1.61437655810064
ENSSSCG00000041898,-0.868009231170092,0.445993691080189
ENSSSCG00000060434,-0.187145967968861,-3.82416175559903
ENSSSCG00000012527,4.20385387305167,2.28193723327874
ENSSSCG00000012528,5.78224231763475,5.51368871596883
ENSSSCG00000039545,5.6764315476657,5.83560026585064
ENSSSCG00000012531,0.273552666612953,1.4081155707733
ENSSSCG00000012532,3.22644916538749,3.14962050828442
ENSSSCG00000012518,4.85444253730434,4.55816054417849
ENSSSCG00000012519,3.12080585067565,4.12432030667515
ENSSSCG00000012521,4.910115700849,6.02598118790188
ENSSSCG00000012520,5.0652999186481,5.49966695708009
ENSSSCG00000021375,-1.07560684537938,-1.54570714867312
ENSSSCG00000012679,5.71526208149482,6.27108462339697
ENSSSCG00000012680,6.33445691048924,5.27999552869361
ENSSSCG00000031011,3.88330690365556,4.17134688947373
ENSSSCG00000022942,4.90305164195241,4.8746341488283
ENSSSCG00000012535,-1.31818014718968,-0.289123515071902
ENSSSCG00000025028,6.49516871451372,6.82002668276034
ENSSSCG00000012642,6.64082065859621,6.77819472571236
ENSSSCG00000046055,-2.20115708176131,-0.289123515071902
ENSSSCG00000056590,1.73910410091577,0.738265774167816
ENSSSCG00000012564,2.77883157464872,2.69172925686298
ENSSSCG00000012173,8.98239318271724,10.7386434477585
ENSSSCG00000059089,-0.6037335549306,-2.27533557831912
ENSSSCG00000033180,4.86720301054597,5.07414200704571
ENSSSCG00000012174,3.85795915304224,3.89961894959634
ENSSSCG00000012569,3.42197555369151,2.82917960111973
ENSSSCG00000012133,-0.686560683805019,-0.35032329061541
ENSSSCG00000034896,5.49336073940098,5.19017036770102
ENSSSCG00000012134,5.0137651842862,5.31244289158375
ENSSSCG00000012685,4.49679362161033,4.5560774615087
ENSSSCG00000012571,7.2837145682605,7.54835964960955
ENSSSCG00000012121,1.55306939928711,-1.28451287928067
ENSSSCG00000030908,1.623524972916,2.39813013632454
ENSSSCG00000012686,5.81083179648281,5.5286382046041
ENSSSCG00000012122,2.52644419656486,3.01657343115509
ENSSSCG00000012123,4.59649774906262,4.9824950244844
ENSSSCG00000025913,-0.686560683805019,-0.624943747829482
ENSSSCG00000012689,5.61399142581396,5.0755969571521
ENSSSCG00000012572,7.71607629975548,8.59817106931096
ENSSSCG00000012124,4.56775005300148,4.86625198789248
ENSSSCG00000012691,4.04606591171587,4.10450186370333
ENSSSCG00000012125,4.24912544922369,3.78689831996086
ENSSSCG00000012695,4.70405042932197,4.71201982191071
ENSSSCG00000031027,0.13571138072984,-1.86487943217923
ENSSSCG00000012126,4.52697551328598,5.10724015213414
ENSSSCG00000012581,4.54977015359489,4.17406599580183
ENSSSCG00000025854,4.85444253730434,4.52019697202262
ENSSSCG00000012576,7.89072610800218,8.95487811293655
ENSSSCG00000025306,4.6353796041241,4.83909703575288
ENSSSCG00000012127,5.05736797286639,4.52446481708795
ENSSSCG00000012659,4.54977015359489,5.01470700950205
ENSSSCG00000012130,-0.96807720485524,-1.54570714867312
ENSSSCG00000012131,4.22383521167787,4.27630172910488
ENSSSCG00000012132,0.844970737784426,1.96774514707322
ENSSSCG00000012663,4.28489046817365,3.76902424332287
ENSSSCG00000012669,1.1132890985785,1.21038560183454
ENSSSCG00000012160,5.16758329841418,5.93352771037352
ENSSSCG00000012479,0.0866736428889641,0.0790671408551012
ENSSSCG00000012667,1.65750311577385,0.372139121137058
ENSSSCG00000012548,6.45044284510778,7.20346325042021
ENSSSCG00000012583,5.55999794021735,5.17938458935815
ENSSSCG00000021205,2.41167389764734,3.60138024815194
ENSSSCG00000028695,0.273552666612953,0.124759019246936
ENSSSCG00000012487,1.72314896938536,1.56550952137607
ENSSSCG00000012489,3.57203861517619,3.24580834698678
ENSSSCG00000012481,5.64184100430376,3.92566830912856
ENSSSCG00000012482,2.91849250426136,-2.85117878809169
ENSSSCG00000012484,4.3896840233634,4.00416716456465
ENSSSCG00000012486,5.20108764917854,4.95588139443383
ENSSSCG00000053526,-0.868009231170092,-2.53471534769233
ENSSSCG00000054921,-1.60995061428548,-1.28451287928067
ENSSSCG00000012545,-1.78143407576197,-1.28451287928067
ENSSSCG00000012546,1.1132890985785,0.823864935560437
ENSSSCG00000012547,4.10265894494164,4.2686895769555
ENSSSCG00000042962,-1.78143407576197,-0.174001573015732
ENSSSCG00000037670,4.88881890354496,4.92554395364835
ENSSSCG00000062978,2.1974263314248,2.98595183448321
ENSSSCG00000061091,-0.6037335549306,-0.174001573015732
ENSSSCG00000052324,-0.380455165278715,-0.414234639036479
ENSSSCG00000042098,1.42083245509814,1.12302483629253
ENSSSCG00000061173,5.25756467832382,5.13820417445314
ENSSSCG00000057278,2.54471531554339,2.17740676095809
ENSSSCG00000037591,3.2544719292997,2.84973339804375
ENSSSCG00000027981,-0.313099436094831,-1.54570714867312
ENSSSCG00000012534,8.45229372239471,8.05130087639135
ENSSSCG00000061932,3.79065758076546,3.44806439242055
ENSSSCG00000047186,1.78593734007211,1.548845627756
ENSSSCG00000042268,0.656208489639131,0.212017947135459
ENSSSCG00000051107,-0.313099436094831,-0.624943747829482
ENSSSCG00000056010,-0.313099436094831,1.48019588742595
ENSSSCG00000044160,2.3297520885663,3.61345048558144
ENSSSCG00000046870,0.0359102671599988,-0.78472289261437
ENSSSCG00000041717,2.40168448112881,2.41661734632623
ENSSSCG00000030241,6.3992742126888,7.41161766003124
ENSSSCG00000012566,2.58057768336524,2.37940294608589
ENSSSCG00000023334,4.63963582860906,4.64696023338181
ENSSSCG00000012161,0.656208489639131,0.708565629647667
ENSSSCG00000012175,-1.07560684537938,-0.174001573015732
ENSSSCG00000027652,4.86901675663762,7.82239508841374
ENSSSCG00000029857,6.97354492046927,6.6116767187494
ENSSSCG00000021322,6.0912300500251,6.88660660608147
ENSSSCG00000031803,-1.07560684537938,0.0318806818288641
ENSSSCG00000030735,-0.6037335549306,-1.40920704473941
ENSSSCG00000012181,6.45104840302269,7.5701990827496
ENSSSCG00000032223,7.14089552185405,6.96484735584451
ENSSSCG00000012182,3.2320974322928,3.05248152111906
ENSSSCG00000012163,6.57011076487324,5.96448500314811
ENSSSCG00000022240,3.4170250288465,3.40704711347586
ENSSSCG00000028148,6.47982026616894,6.86025777776013
ENSSSCG00000012201,0.0359102671599988,-1.54570714867312
ENSSSCG00000012202,3.23772367198998,2.54819961906087
ENSSSCG00000012203,4.39472909651868,4.51805830563484
ENSSSCG00000052612,-0.128066380263549,1.31263544737941
ENSSSCG00000012164,4.57443516201582,3.78689831996086
ENSSSCG00000032720,0.515080245807192,-3.82416175559903
ENSSSCG00000012165,5.24644476071672,5.12280523284831
ENSSSCG00000012166,7.06341258486655,6.12345455341577
ENSSSCG00000012171,7.85776644949855,6.2975097647776
ENSSSCG00000023643,6.42724124490794,6.3344396209407
ENSSSCG00000020735,-0.868009231170092,1.03003110897365
ENSSSCG00000012135,0.815176045257344,3.07010588219071
ENSSSCG00000012136,3.39705128589786,3.0286423715673
ENSSSCG00000012137,3.20937045959201,2.97974874118209
ENSSSCG00000012138,0.13571138072984,0.0318806818288641
ENSSSCG00000035893,2.56275792947573,2.8222627439312
ENSSSCG00000054041,-1.31818014718968,-0.624943747829482
ENSSSCG00000012141,2.42159462145349,0.904668467894398
ENSSSCG00000030283,3.30358079088575,3.56040081028268
ENSSSCG00000036074,4.02994346964027,3.92889165486827
ENSSSCG00000012144,-0.868009231170092,-0.481109027935221
ENSSSCG00000012146,4.68770065038934,4.39059544189987
ENSSSCG00000012147,0.0359102671599988,-2.27533557831912
ENSSSCG00000012148,7.27279514932577,7.13847177704886
ENSSSCG00000040713,3.81344207065432,4.14664152576464
ENSSSCG00000012149,8.69310584313339,8.58380068895034
ENSSSCG00000012150,5.31457829208385,4.72691080919883
ENSSSCG00000012151,3.96358921455897,4.70639583599221
ENSSSCG00000012152,5.94671115920423,6.05134361809955
ENSSSCG00000012153,5.65871577357301,5.56638317189068
ENSSSCG00000012155,3.00681108817546,3.10472155298875
ENSSSCG00000012156,4.4196931698055,4.84934013300141
ENSSSCG00000030274,3.71603698882729,3.0286423715673
ENSSSCG00000012157,3.81344207065432,3.45702311573383
ENSSSCG00000029756,-0.6037335549306,-1.6964847871246
ENSSSCG00000033979,0.656208489639131,0.0790671408551012
ENSSSCG00000062873,-1.45670196380968,-0.624943747829482
ENSSSCG00000051458,-1.60995061428548,-1.06343627958185
ENSSSCG00000042020,-0.774434225214997,-0.702622497962026
ENSSSCG00000055725,0.47753036411502,0.169048095927475
ENSSSCG00000056011,0.515080245807192,1.59827076196444
ENSSSCG00000050474,3.29281126295419,3.56040081028268
ENSSSCG00000062351,-0.525404570246514,1.05384751029812
ENSSSCG00000055294,-1.19180123640617,-0.289123515071902
ENSSSCG00000053215,0.0359102671599988,-0.119711717242417
ENSSSCG00000012759,4.57443516201582,5.67018469723041
ENSSSCG00000055934,0.551677535663921,1.82279700553437
ENSSSCG00000049239,1.69069938953273,2.28193723327874
ENSSSCG00000012768,1.72314896938536,2.1108484849407
ENSSSCG00000012767,4.4731393648411,4.39059544189987
ENSSSCG00000012766,6.54366872823891,5.81745375686674
ENSSSCG00000012771,6.26452445398752,5.80698091392924
ENSSSCG00000012769,1.4598672457525,3.20384783775857
ENSSSCG00000012770,3.82095763271074,4.01633989926814
ENSSSCG00000012773,4.23794004006135,4.74348148056684
ENSSSCG00000012772,7.8002319695891,7.96640163835404
ENSSSCG00000012779,4.73222413057474,5.108662119179
ENSSSCG00000012780,2.36102042350312,2.8965832451145
ENSSSCG00000024676,-0.0167046405169091,-0.35032329061541
ENSSSCG00000012783,5.45402582232829,5.90353089793953
ENSSSCG00000012784,8.16362442281085,7.0968059336182
ENSSSCG00000012785,0.316720715261423,1.18903632798696
ENSSSCG00000012787,1.83129794321605,2.27181848867676
ENSSSCG00000012789,-0.187145967968861,-0.702622497962026
ENSSSCG00000012790,2.44123372499091,2.25136556593904
ENSSSCG00000012791,6.05663370665249,6.33929294186894
ENSSSCG00000012792,6.1528273081287,6.55178140293871
ENSSSCG00000012793,6.65245142414506,6.63011188437089
ENSSSCG00000050581,2.28697801836366,2.58135179761789
ENSSSCG00000012795,5.00883807095558,5.39517397542625
ENSSSCG00000059337,1.78593734007211,2.14451141952173
ENSSSCG00000034742,4.44909080170269,4.51591646415802
ENSSSCG00000012604,8.59295686479317,8.06124916833287
ENSSSCG00000029478,6.59223907714892,6.94070012276028
ENSSSCG00000030833,0.958352864156609,1.37067834071865
ENSSSCG00000012602,6.03013088572831,5.57463850492552
ENSSSCG00000044342,1.31835862021284,0.823864935560437
ENSSSCG00000012661,-0.868009231170092,0.823864935560437
ENSSSCG00000032739,1.77049457016102,2.04107042155791
ENSSSCG00000054586,2.11423229533454,3.58920817305299
ENSSSCG00000012660,3.2544719292997,3.29659893164535
ENSSSCG00000045404,1.88964201598903,2.01704038155276
ENSSSCG00000051894,-1.78143407576197,-1.06343627958185
ENSSSCG00000037777,5.95185469801922,6.1526982853721
ENSSSCG00000033299,11.8735240594359,11.8860575099213
ENSSSCG00000052976,-1.07560684537938,-1.16974403207503
ENSSSCG00000035997,10.8059696391029,9.89957503312965
ENSSSCG00000037470,0.58736937234432,0.333743892305565
ENSSSCG00000037032,5.20970144004725,4.03739812999795
ENSSSCG00000039655,5.47799294155948,5.60114669106076
ENSSSCG00000044922,2.82441264416951,2.83606345429926
ENSSSCG00000037310,7.11438107216786,6.82176169392756
ENSSSCG00000030421,8.31699526304192,8.21867502212026
ENSSSCG00000025303,5.9931876871325,5.92951035016823
ENSSSCG00000023483,5.61399142581396,6.36033632585198
ENSSSCG00000032959,3.46578206002313,3.66461844735113
ENSSSCG00000057536,5.01704060285251,5.06684516514793
ENSSSCG00000025766,5.11199703712157,5.18343871162562
ENSSSCG00000028934,5.56224176882914,5.69500871003376
ENSSSCG00000025108,6.406785257578,5.76971542273301
ENSSSCG00000012825,6.07482160862828,6.10005412252294
ENSSSCG00000051609,-2.79553649653186,-0.964427270899581
ENSSSCG00000043749,5.04779171172921,5.2558138049587
ENSSSCG00000012247,7.6151350311629,7.00357894888529
ENSSSCG00000012249,6.0382135810092,5.7053839399974
ENSSSCG00000012250,5.94585211705496,5.6488409011007
ENSSSCG00000012713,4.13618152792694,4.56231770799206
ENSSSCG00000012400,5.81083179648281,5.35619826677618
ENSSSCG00000012399,5.52476478976468,5.75526194759512
ENSSSCG00000012397,1.9863894410033,1.14536595329469
ENSSSCG00000012396,6.91285747143334,6.6281302125495
ENSSSCG00000027465,2.3712943946814,3.43904969020546
ENSSSCG00000012698,4.92064735578573,5.30749824314358
ENSSSCG00000012699,8.353081238246,7.39685354819086
ENSSSCG00000023062,6.00478282658759,5.97777406569102
ENSSSCG00000012584,4.85261036404725,3.31149385632478
ENSSSCG00000060482,3.47533880561576,3.13294671925228
ENSSSCG00000012585,1.90386667628305,1.48019588742595
ENSSSCG00000047465,-2.20115708176131,-0.289123515071902
ENSSSCG00000012586,5.80326316034439,6.81306569694766
ENSSSCG00000002429,4.03641408310966,4.3162351491245
ENSSSCG00000002430,3.61590318182574,3.81852399093819
ENSSSCG00000002431,3.97373900404618,3.86638156038223
ENSSSCG00000002432,2.74762395114334,0.615610397484158
ENSSSCG00000002433,6.30862785374759,6.02221352588498
ENSSSCG00000002434,4.21815444076135,4.69508166262017
ENSSSCG00000025768,10.3401952988277,10.5775812762745
ENSSSCG00000040166,6.69907887457028,5.12421194834315
ENSSSCG00000040638,4.45875838434298,2.01704038155276
ENSSSCG00000002410,4.35127290662356,4.38356448850424
ENSSSCG00000002411,4.90835292616724,5.07995302427817
ENSSSCG00000002412,4.04606591171587,4.44564256294846
ENSSSCG00000002414,7.32063198143835,6.05651040135738
ENSSSCG00000037928,-0.686560683805019,-1.54570714867312
ENSSSCG00000027865,5.10893048291671,3.91595483470141
ENSSSCG00000002424,4.12104048211035,4.10450186370333
ENSSSCG00000002425,5.9432719172745,5.61221670860483
ENSSSCG00000002426,6.45346809610509,6.79242138795366
ENSSSCG00000002427,1.83129794321605,2.37940294608589
ENSSSCG00000002428,5.78127950862714,5.75344503926109
ENSSSCG00000052660,1.9863894410033,1.67705978623095
ENSSSCG00000021146,-0.0167046405169091,-1.28451287928067
ENSSSCG00000057582,-0.6037335549306,1.18903632798696
ENSSSCG00000062510,3.7868249346286,4.45685102861095
ENSSSCG00000055313,0.985358817624548,-0.964427270899581
ENSSSCG00000051310,0.0359102671599988,1.64605858351007
ENSSSCG00000045310,0.656208489639131,1.51492905093733
ENSSSCG00000001061,4.78697281397828,4.61329608235131
ENSSSCG00000001062,3.46097984212366,2.56487093313837
ENSSSCG00000038455,4.51775584817305,2.90969415186618
ENSSSCG00000001068,5.87270709425761,5.69500871003376
ENSSSCG00000001067,3.83587231237669,4.18489146095046
ENSSSCG00000001063,4.79843917096021,5.74066220537511
ENSSSCG00000001064,4.95520776802301,5.44443012194664
ENSSSCG00000001065,4.19809371766512,5.04918068006851
ENSSSCG00000054763,3.2710279851024,3.01050088731778
ENSSSCG00000038290,0.985358817624548,0.550136777985776
ENSSSCG00000021576,2.64973397156036,2.04107042155791
ENSSSCG00000046603,1.25318803729539,-2.05555929136582
ENSSSCG00000001070,5.72530928417818,5.77151196818462
ENSSSCG00000026034,5.90400471981378,5.94948620877504
ENSSSCG00000020858,6.31462958087746,5.98398563696774
ENSSSCG00000001073,1.99969571546966,2.67646872321373
ENSSSCG00000001074,4.46116519146152,4.78320392685906
ENSSSCG00000001075,7.10402241459863,6.993223469621
ENSSSCG00000001076,5.3278272111768,5.18748147330721
ENSSSCG00000024312,6.55272478724163,5.13262355814524
ENSSSCG00000001091,4.5632760418306,4.75078556862451
ENSSSCG00000001092,5.18370422580084,4.63910963561341
ENSSSCG00000036411,4.95691424552381,4.98094303355547
ENSSSCG00000038752,8.30129716352565,7.81544554829946
ENSSSCG00000001095,5.92420812029285,5.22467745129542
ENSSSCG00000001097,5.0652999186481,4.12993307155193
ENSSSCG00000001099,2.40168448112881,2.5565593570002
ENSSSCG00000001100,6.4042859183704,6.37104028500695
ENSSSCG00000001090,5.30924446785701,4.88296788999898
ENSSSCG00000001078,3.60723631482034,4.4877792376076
ENSSSCG00000040178,2.3297520885663,2.31187448705517
ENSSSCG00000001080,3.61157625649599,3.25611051968982
ENSSSCG00000049691,-0.380455165278715,0.481549931933635
ENSSSCG00000001085,4.28760524652537,5.01925056701287
ENSSSCG00000001087,5.01867552772342,5.13959596209233
ENSSSCG00000001089,3.17459427656436,3.90944266068508
ENSSSCG00000056309,4.04606591171587,4.138311486972
ENSSSCG00000057632,1.93190203123131,3.88972788725591
ENSSSCG00000001088,-1.976085364955,-0.964427270899581
ENSSSCG00000001057,5.0137651842862,5.17938458935815
ENSSSCG00000060939,-0.96807720485524,-1.86487943217923
ENSSSCG00000047706,-0.071311274400066,-0.78472289261437
ENSSSCG00000042973,-0.774434225214997,-2.85117878809169
ENSSSCG00000051868,-1.19180123640617,1.8904926055864
ENSSSCG00000058123,0.0866736428889641,2.84291461693407
ENSSSCG00000053187,-3.82416175559903,-0.289123515071902
ENSSSCG00000057138,-1.78143407576197,-0.414234639036479
ENSSSCG00000047883,1.31835862021284,0.956127932608039
ENSSSCG00000063452,-1.31818014718968,0.445993691080189
ENSSSCG00000061649,5.65976392169134,3.94808194064584
ENSSSCG00000048623,-1.60995061428548,-1.28451287928067
ENSSSCG00000050667,0.515080245807192,1.18903632798696
ENSSSCG00000054652,3.13293333695807,3.50963771843793
ENSSSCG00000049507,2.56275792947573,3.48794767503683
ENSSSCG00000001760,1.78593734007211,1.58198313393422
ENSSSCG00000032498,4.52006629399332,4.73429905934596
ENSSSCG00000001762,4.29571906444649,4.27883021383834
ENSSSCG00000027477,5.11199703712157,5.69973397533212
ENSSSCG00000001765,3.10857555428554,3.0286423715673
ENSSSCG00000001769,8.14184796626635,7.68307222014508
ENSSSCG00000001770,5.93896130311914,6.00704370594188
ENSSSCG00000002628,5.58999908153794,5.80698091392924
ENSSSCG00000002629,6.80377390554635,6.61368110451329
ENSSSCG00000038491,2.45095392453259,2.13337748815636
ENSSSCG00000052947,4.7441321596516,3.81504406924068
ENSSSCG00000058308,2.53560868035451,3.39777159849472
ENSSSCG00000001732,4.72423048653664,4.79738151966837
ENSSSCG00000001731,3.5129450340698,3.47477537670041
ENSSSCG00000033245,-2.20115708176131,-0.78472289261437
ENSSSCG00000001746,2.71572630700603,3.85625916799006
ENSSSCG00000025488,3.26553038325255,2.60572537283493
ENSSSCG00000001750,7.0506837395949,6.18810233369973
ENSSSCG00000002620,8.14932994573105,7.78841720359151
ENSSSCG00000038401,6.09975104239786,5.21678722000717
ENSSSCG00000002622,4.55202993354254,4.5539913667619
ENSSSCG00000025788,6.5487697543752,6.58127188452064
ENSSSCG00000001715,5.21826410629706,5.74889273232238
ENSSSCG00000001716,4.90482090201148,1.42647607361694
ENSSSCG00000001718,5.16315523724786,4.67602526698248
ENSSSCG00000001720,5.6503030611843,5.40098859601281
ENSSSCG00000021218,-0.313099436094831,-1.06343627958185
ENSSSCG00000001723,8.14671566439771,6.55021244711845
ENSSSCG00000032691,5.42349592396768,5.44892773551428
ENSSSCG00000001724,-0.380455165278715,2.69929941392765
ENSSSCG00000001727,3.57648557637632,4.10450186370333
ENSSSCG00000030197,6.57789434076666,6.55021244711845
ENSSSCG00000001775,0.958352864156609,-0.414234639036479
ENSSSCG00000001776,-0.96807720485524,-0.0169014492655093
ENSSSCG00000038708,3.91525585396758,3.63729216539682
ENSSSCG00000040010,-0.525404570246514,-1.06343627958185
ENSSSCG00000001779,7.01836144276364,6.84966705047556
ENSSSCG00000001780,2.98020742906681,3.18240087297536
ENSSSCG00000040288,3.97373900404618,4.60727294079659
ENSSSCG00000001782,5.33440632176148,4.74164966589106
ENSSSCG00000038929,6.81133986971083,5.45676497735134
ENSSSCG00000023467,4.17482032190468,4.64304027448696
ENSSSCG00000021587,7.15768675521662,6.64635764017117
ENSSSCG00000002627,5.80231428285497,5.97387820863721
ENSSSCG00000001786,6.62104585723012,6.6926037233162
ENSSSCG00000001787,0.902775359205073,0.445993691080189
ENSSSCG00000001788,2.96671934204476,2.71432159307234
ENSSSCG00000001792,5.40611269276694,5.55182168682216
ENSSSCG00000031963,6.72484717753281,6.56064006648214
ENSSSCG00000001773,6.69907887457028,4.93198401326023
ENSSSCG00000024149,6.50919302981951,6.03273828305471
ENSSSCG00000047070,0.72191195620079,0.481549931933635
ENSSSCG00000001752,1.18493366366352,-1.86487943217923
ENSSSCG00000001751,-0.774434225214997,-1.6964847871246
ENSSSCG00000036924,6.5487697543752,6.27931567542266
ENSSSCG00000001755,3.64583365363513,3.20384783775857
ENSSSCG00000001756,5.95527356434354,5.54658533142559
ENSSSCG00000021873,0.229053005082177,3.69522755672695
ENSSSCG00000001757,5.43456125999104,4.94477852534688
ENSSSCG00000037646,7.68501064673091,8.97314270958946
ENSSSCG00000037209,4.58991432698507,3.73628202580504
ENSSSCG00000061697,1.27524029214877,0.372139121137058
ENSSSCG00000055942,0.0359102671599988,1.03003110897365
ENSSSCG00000053818,-0.380455165278715,-1.6964847871246
ENSSSCG00000057483,-0.6037335549306,-0.289123515071902
ENSSSCG00000053129,-0.6037335549306,-1.28451287928067
ENSSSCG00000054574,1.01186851910195,0.550136777985776
ENSSSCG00000002623,2.58057768336524,2.75120663352335
ENSSSCG00000002140,0.0866736428889641,-0.481109027935221
ENSSSCG00000024396,3.36141768815191,3.87643342550793
ENSSSCG00000058969,2.50793871030225,-0.119711717242417
ENSSSCG00000002134,0.874162537149699,-2.85117878809169
ENSSSCG00000002135,5.29041924137799,4.98559400660405
ENSSSCG00000031649,3.28196073689979,1.70740881248283
ENSSSCG00000062585,-0.6037335549306,-1.86487943217923
ENSSSCG00000059608,5.96123715411541,7.21407116212849
ENSSSCG00000001977,4.39220876525379,3.89961894959634
ENSSSCG00000022705,5.99235588592894,5.81484266481978
ENSSSCG00000059880,-1.19180123640617,0.212017947135459
ENSSSCG00000001978,2.30852357224583,3.89303244851567
ENSSSCG00000057971,1.69069938953273,2.41661734632623
ENSSSCG00000057160,-1.78143407576197,-0.119711717242417
ENSSSCG00000001983,4.59430661134251,4.27883021383834
ENSSSCG00000001984,5.70615938259116,5.76701640285638
ENSSSCG00000001985,-0.187145967968861,-0.624943747829482
ENSSSCG00000002269,6.30528274072034,6.01085114112428
ENSSSCG00000039616,4.20672534931271,5.10010921757055
ENSSSCG00000002268,3.68754223658763,3.4024168103526
ENSSSCG00000023724,4.84893902233177,5.05213982164083
ENSSSCG00000002275,5.47799294155948,5.38347395291058
ENSSSCG00000032647,-0.868009231170092,-0.289123515071902
ENSSSCG00000002276,6.85042300641116,6.91898132441407
ENSSSCG00000002277,1.1132890985785,1.49766699261516
ENSSSCG00000002254,6.71781923314992,7.72863669852227
ENSSSCG00000002257,3.2320974322928,3.03463919046406
ENSSSCG00000002267,5.76286298369279,5.73146176517888
ENSSSCG00000002266,6.02200265191847,6.46950608302629
ENSSSCG00000002265,4.20097667013157,3.81155573333132
ENSSSCG00000039271,-0.774434225214997,-1.54570714867312
ENSSSCG00000032473,5.14829609910714,4.83050521400829
ENSSSCG00000002263,4.87805144051966,4.57882759907992
ENSSSCG00000051429,1.78593734007211,0.823864935560437
ENSSSCG00000002283,4.7480797603667,4.87296160819045
ENSSSCG00000001986,5.51553094066225,5.37522711158507
ENSSSCG00000002285,4.70405042932197,4.37413626289861
ENSSSCG00000002383,5.61182671654407,3.29159958611275
ENSSSCG00000001987,4.56775005300148,4.4343463351326
ENSSSCG00000001988,3.24891075232122,3.08173696809818
ENSSSCG00000002309,2.7633121446217,2.72918896313589
ENSSSCG00000002374,6.15802909907787,6.45000672318436
ENSSSCG00000002375,1.88964201598903,0.212017947135459
ENSSSCG00000001989,0.985358817624548,-0.119711717242417
ENSSSCG00000050616,4.89595282410356,2.8965832451145
ENSSSCG00000002377,5.35007484504589,5.36217178655447
ENSSSCG00000001990,3.85430141485533,3.82545875338268
ENSSSCG00000001991,5.14380834951412,5.23773269355231
ENSSSCG00000002287,5.49922811422353,5.23121983981787
ENSSSCG00000038172,5.06054598627753,4.82532545270496
ENSSSCG00000040060,6.09045291295559,6.09144988361656
ENSSSCG00000002138,3.65427239246614,3.76181214268344
ENSSSCG00000033278,6.23669815928662,5.76881631036579
ENSSSCG00000024445,5.17199781011746,5.21282586299017
ENSSSCG00000029203,6.16173321442698,5.92951035016823
ENSSSCG00000051291,1.88964201598903,2.20956873606394
ENSSSCG00000029544,5.41607160017729,5.19954222710953
ENSSSCG00000002378,4.15711552970392,4.60324349748763
ENSSSCG00000033295,5.28363596796118,5.06098100238443
ENSSSCG00000002379,4.46356799005854,4.23783285264826
ENSSSCG00000002290,2.59818001558324,1.5319870059135
ENSSSCG00000002380,5.55211694311536,5.57360916794991
ENSSSCG00000002127,6.94888957306481,6.86741531879944
ENSSSCG00000023791,4.28489046817365,3.12734568941579
ENSSSCG00000002381,7.0815157594089,6.76517950192596
ENSSSCG00000002292,4.40975931685619,4.35029255848556
ENSSSCG00000039351,2.69950905799353,2.49699765045707
ENSSSCG00000002311,5.70818717376348,5.89942901341719
ENSSSCG00000022900,6.07717712842339,6.19882337439353
ENSSSCG00000022147,6.56060247362556,6.39687597368155
ENSSSCG00000032583,6.88130414853059,7.3489276930156
ENSSSCG00000002129,0.874162537149699,1.31263544737941
ENSSSCG00000002279,7.87727205660474,7.54521256638637
ENSSSCG00000002313,3.65847332354346,4.45013640418746
ENSSSCG00000035684,9.58284417569685,8.39290873399453
ENSSSCG00000002280,7.62750969692376,6.89528368425635
ENSSSCG00000002388,-0.6037335549306,-2.85117878809169
ENSSSCG00000002281,5.10893048291671,5.09437898308959
ENSSSCG00000002389,6.36112097874402,3.72520071372487
ENSSSCG00000037267,6.61024283655353,7.0985960659336
ENSSSCG00000002390,5.02356921503594,4.24560912629743
ENSSSCG00000038947,8.12202113667134,8.15058909319277
ENSSSCG00000002392,6.0382135810092,5.39050534647045
ENSSSCG00000029760,6.88981585208082,6.99936901858878
ENSSSCG00000002262,5.42472960520609,5.46344889287302
ENSSSCG00000002260,0.273552666612953,1.70740881248283
ENSSSCG00000038313,6.16616563565582,4.96218773686444
ENSSSCG00000002398,4.47790134455421,1.86379432043539
ENSSSCG00000002259,5.93723344468062,6.39104472039265
ENSSSCG00000023857,6.40990335497306,6.58485231158212
ENSSSCG00000002258,0.229053005082177,2.22013201354959
ENSSSCG00000002399,3.03939028735737,0.878233640758889
ENSSSCG00000058514,4.7618119151819,4.95430049213742
ENSSSCG00000002329,2.79418583351156,1.56550952137607
ENSSSCG00000059583,-1.19180123640617,0.930627626435109
ENSSSCG00000058085,0.622199479864748,1.8772052214074
ENSSSCG00000058138,-3.82416175559903,-0.78472289261437
ENSSSCG00000060237,-2.20115708176131,-1.06343627958185
ENSSSCG00000054734,1.18493366366352,1.23142354660134
ENSSSCG00000002330,5.43700874039862,5.41024351712972
ENSSSCG00000046098,-1.31818014718968,-0.289123515071902
ENSSSCG00000054347,1.81633565189514,2.66104503944852
ENSSSCG00000059232,-0.96807720485524,-1.16974403207503
ENSSSCG00000052563,-0.774434225214997,-0.964427270899581
ENSSSCG00000057233,-2.46795088038493,-0.964427270899581
ENSSSCG00000061469,1.13756809465378,1.85025758473298
ENSSSCG00000053970,1.25318803729539,1.95515358576145
ENSSSCG00000002332,6.03417789377131,5.42515727708889
ENSSSCG00000063413,-1.78143407576197,-0.35032329061541
ENSSSCG00000052641,4.44666374966992,3.66074623935973
ENSSSCG00000048983,2.73971541326485,2.18820728069852
ENSSSCG00000046975,-2.20115708176131,-1.06343627958185
ENSSSCG00000050687,3.47056834606659,4.27630172910488
ENSSSCG00000030309,7.76973152095981,7.48407542060713
ENSSSCG00000029754,2.74762395114334,1.51492905093733
ENSSSCG00000021718,5.4333359610007,5.18882654694905
ENSSSCG00000002142,5.65556675244869,5.68073933826009
ENSSSCG00000002143,4.99727560906856,5.07268558814864
ENSSSCG00000002144,0.0866736428889641,1.03003110897365
ENSSSCG00000002145,4.5108022266219,4.36226366882995
ENSSSCG00000002387,5.08572117345694,5.4701019849819
ENSSSCG00000002314,-0.187145967968861,4.44789123329679
ENSSSCG00000002315,5.25479272385376,5.13959596209233
ENSSSCG00000002397,4.39724503254158,3.97015267563597
ENSSSCG00000002396,5.13026072834138,5.14791860904114
ENSSSCG00000036028,5.13177231731014,5.96683904429988
ENSSSCG00000002400,6.4161194048642,6.26088920336053
ENSSSCG00000030069,4.8229746562625,4.93358954631724
ENSSSCG00000002403,5.11046457479224,4.9590380114504
ENSSSCG00000002235,5.93290472327065,6.59401852819158
ENSSSCG00000001964,0.273552666612953,-0.481109027935221
ENSSSCG00000002406,7.30831944783588,7.63897691542266
ENSSSCG00000002408,1.31835862021284,0.583244978335558
ENSSSCG00000054516,6.38793381161852,6.10148318650514
ENSSSCG00000002241,-0.313099436094831,0.0318806818288641
ENSSSCG00000002316,1.55306939928711,1.9802277618688
ENSSSCG00000036960,5.50623761016991,5.89036360410687
ENSSSCG00000031498,3.9971477895836,3.70654059047283
ENSSSCG00000049361,0.358634535634919,1.3322436929096
ENSSSCG00000002243,4.73421564024372,4.95588139443383
ENSSSCG00000060458,-0.313099436094831,-0.35032329061541
ENSSSCG00000026389,6.34557261124116,6.24545969272475
ENSSSCG00000034753,5.48273895401173,5.20087610814675
ENSSSCG00000034290,3.15093553532168,3.28658285617744
ENSSSCG00000020701,2.31917687589272,1.58198313393422
ENSSSCG00000025906,3.8688770527107,4.48996323003244
ENSSSCG00000028167,3.90114359527128,3.75456380719677
ENSSSCG00000001955,5.9561270164928,5.55703910523884
ENSSSCG00000039550,2.95310396076255,3.01657343115509
ENSSSCG00000022932,6.16984894583941,6.17662325090229
ENSSSCG00000027667,7.02407037349132,7.23212323157785
ENSSSCG00000002245,3.59413760265918,4.68748928322641
ENSSSCG00000027051,6.56284536293175,6.3804886988311
ENSSSCG00000029474,3.74002097233019,3.36006143138542
ENSSSCG00000002404,6.23177289487126,5.18478755799373
ENSSSCG00000034253,3.22644916538749,3.3065459485344
ENSSSCG00000033958,5.03330707060819,4.89125376758923
ENSSSCG00000002294,0.985358817624548,0.583244978335558
ENSSSCG00000002295,5.71324421711124,5.69690067375972
ENSSSCG00000002296,5.48273895401173,5.24032962488982
ENSSSCG00000002297,0.0359102671599988,0.212017947135459
ENSSSCG00000002298,4.99229175929187,5.22467745129542
ENSSSCG00000062223,1.90386667628305,2.33149300780735
ENSSSCG00000037105,5.37836583289947,4.94159051920655
ENSSSCG00000001958,4.46116519146152,4.40686896030259
ENSSSCG00000001959,7.18305963125799,7.23993025836246
ENSSSCG00000040912,5.90046202116531,5.844161887754
ENSSSCG00000001960,4.50614778903978,4.3598773802293
ENSSSCG00000060304,5.62369262264826,5.45453010638481
ENSSSCG00000001963,4.56103382250096,5.33448645445424
ENSSSCG00000001975,4.13316600447482,3.89961894959634
ENSSSCG00000001946,4.63963582860906,4.69697353074055
ENSSSCG00000044591,3.9971477895836,4.03141279196531
ENSSSCG00000001947,3.86160764102687,4.06402904613183
ENSSSCG00000032377,5.3960845610006,5.59405764981462
ENSSSCG00000002512,4.41721611177701,4.49649543996581
ENSSSCG00000037558,6.77116840491589,6.90513685903944
ENSSSCG00000002520,6.43644439535795,8.5390194105538
ENSSSCG00000002515,1.623524972916,2.18820728069852
ENSSSCG00000002516,6.35336774108265,6.03273828305471
ENSSSCG00000002517,3.69164753504792,3.25611051968982
ENSSSCG00000028877,2.68310743737727,3.08751753508833
ENSSSCG00000028304,8.23989605620872,7.9660094459015
ENSSSCG00000001952,5.59658211774909,6.11357341447669
ENSSSCG00000036702,8.67637192559978,8.85537121767095
ENSSSCG00000024517,3.84327222703689,3.73995696235144
ENSSSCG00000001966,6.05424437722549,7.70344868025837
ENSSSCG00000039701,6.74770086932523,6.8841178250055
ENSSSCG00000001968,4.37699361041059,4.1549237433736
ENSSSCG00000002305,4.9839468912139,4.94636989053278
ENSSSCG00000061987,0.622199479864748,1.12302483629253
ENSSSCG00000026663,4.35645386259809,3.7472788709232
ENSSSCG00000001970,5.85817029557915,5.67499183577983
ENSSSCG00000002306,2.28697801836366,3.3213390526125
ENSSSCG00000002307,5.81742193726398,5.72127304853878
ENSSSCG00000001971,6.89694485673033,6.68880600225588
ENSSSCG00000028600,6.42970116440799,5.79289780314744
ENSSSCG00000001972,4.01691452263613,3.99496973430403
ENSSSCG00000033093,4.4826476578462,3.89303244851567
ENSSSCG00000040657,5.60313525187246,5.83043879794058
ENSSSCG00000060202,-0.525404570246514,-3.82416175559903
ENSSSCG00000022679,-2.20115708176131,-1.16974403207503
ENSSSCG00000002333,1.73910410091577,1.2726008670673
ENSSSCG00000001973,5.68675186763389,4.85273840097803
ENSSSCG00000028225,5.606400690301,6.59096958895732
ENSSSCG00000002494,3.27650471703377,3.41166260325713
ENSSSCG00000002495,5.02844635883866,5.3585906435283
ENSSSCG00000002014,4.37444207714264,3.95125565027317
ENSSSCG00000002015,5.01212468214923,4.36702443745831
ENSSSCG00000002016,4.32508531169335,4.72320244690084
ENSSSCG00000002496,4.55878811291572,4.69886292122149
ENSSSCG00000040339,4.02994346964027,3.42997830511514
ENSSSCG00000002020,3.91525585396758,4.24302168950023
ENSSSCG00000033807,4.01363881748623,5.0327960096912
ENSSSCG00000027030,3.29820607603459,2.8013109451847
ENSSSCG00000002501,-0.868009231170092,-1.54570714867312
ENSSSCG00000002502,6.14161705251116,6.23833230515638
ENSSSCG00000053614,3.80966955664192,1.75176786229133
ENSSSCG00000032134,4.67324100224767,4.47239801062046
ENSSSCG00000002504,8.01244051888063,7.88347895337651
ENSSSCG00000040355,-0.187145967968861,-2.53471534769233
ENSSSCG00000002505,7.41831257616022,7.77101113449204
ENSSSCG00000001840,6.33117122087424,6.39279657250342
ENSSSCG00000002506,1.95940295449205,2.29198550125994
ENSSSCG00000001844,-1.78143407576197,0.169048095927475
ENSSSCG00000002029,1.91795245276096,1.5319870059135
ENSSSCG00000027052,4.42955908949299,5.4887874847577
ENSSSCG00000001846,5.10277775040087,5.44217604620629
ENSSSCG00000001847,2.34025034678746,1.35158900457553
ENSSSCG00000001841,-2.20115708176131,-0.702622497962026
ENSSSCG00000001867,0.784753030569422,0.372139121137058
ENSSSCG00000022794,3.35107288630203,3.42997830511514
ENSSSCG00000001868,7.73882029640279,7.70438945428231
ENSSSCG00000002510,1.01186851910195,0.583244978335558
ENSSSCG00000002028,1.67419673092923,1.10033230279389
ENSSSCG00000057348,0.358634535634919,-0.174001573015732
ENSSSCG00000002026,3.58533858691494,3.21972638842588
ENSSSCG00000001869,3.82470078273387,4.62923592938974
ENSSSCG00000001871,6.21475746798086,6.39104472039265
ENSSSCG00000001872,3.01338605067572,3.12172282970965
ENSSSCG00000002025,6.69907887457028,6.43704784393965
ENSSSCG00000054284,7.75264044782579,7.79174058208356
ENSSSCG00000001903,5.0621323715976,4.74896301048348
ENSSSCG00000057418,4.87805144051966,5.39284154943537
ENSSSCG00000001904,5.17786289155235,5.05213982164083
ENSSSCG00000001905,3.50829751564243,2.82917960111973
ENSSSCG00000001907,4.98059538171392,4.59717815194758
ENSSSCG00000023165,3.29820607603459,3.90617551717555
ENSSSCG00000025273,4.36161627946186,5.87038455358443
ENSSSCG00000001908,5.3960845610006,5.5756671080113
ENSSSCG00000002443,4.87805144051966,6.32956991799622
ENSSSCG00000001909,3.02644675824992,2.47951838830822
ENSSSCG00000001974,3.88330690365556,3.86638156038223
ENSSSCG00000001910,5.65661719006181,5.26221681744568
ENSSSCG00000001912,6.90226858687627,6.49962519023303
ENSSSCG00000001931,5.36428968550357,3.36006143138542
ENSSSCG00000002444,5.5855936432373,6.93068575401449
ENSSSCG00000001934,5.606400690301,5.11998768025969
ENSSSCG00000001913,5.21398912579205,5.34055036238222
ENSSSCG00000001914,3.57648557637632,3.68000417823861
ENSSSCG00000001915,-2.20115708176131,-0.481109027935221
ENSSSCG00000001938,-0.96807720485524,-1.86487943217923
ENSSSCG00000001916,2.74762395114334,2.44391141993357
ENSSSCG00000001917,6.19609476525942,5.34417651063089
ENSSSCG00000002445,5.87992093197214,5.96918925062622
ENSSSCG00000001918,7.76511249910809,7.51630772454296
ENSSSCG00000037634,2.84667427243885,2.58952216140678
ENSSSCG00000039714,3.53596067044172,3.76902424332287
ENSSSCG00000053210,0.815176045257344,1.75176786229133
ENSSSCG00000039508,-1.31818014718968,-0.289123515071902
ENSSSCG00000054710,0.0866736428889641,0.708565629647667
ENSSSCG00000001920,-0.6037335549306,-2.27533557831912
ENSSSCG00000049161,1.65750311577385,2.64545467936437
ENSSSCG00000031719,6.12121643064787,6.35794684455758
ENSSSCG00000061372,0.551677535663921,1.23142354660134
ENSSSCG00000062739,-2.79553649653186,-0.119711717242417
ENSSSCG00000053805,-1.31818014718968,0.294298826806809
ENSSSCG00000001858,6.95231546495657,6.94468648704869
ENSSSCG00000039317,2.25404409223782,2.05293699456738
ENSSSCG00000054611,-0.187145967968861,-3.82416175559903
ENSSSCG00000055189,0.58736937234432,-0.0673909604895641
ENSSSCG00000048500,1.40091172062405,2.12215696247678
ENSSSCG00000057947,3.84695799941802,3.47035774820873
ENSSSCG00000057066,1.65750311577385,1.8904926055864
ENSSSCG00000054135,0.902775359205073,0.583244978335558
ENSSSCG00000031810,3.87611001904801,3.49666286288836
ENSSSCG00000001942,0.656208489639131,1.00581493118192
ENSSSCG00000055255,5.11658468135943,5.17938458935815
ENSSSCG00000033954,6.12197717607618,6.05503606476764
ENSSSCG00000036652,-1.31818014718968,-0.481109027935221
ENSSSCG00000023760,4.70810908584026,4.04929482275839
ENSSSCG00000027457,6.20832458581014,5.65858178866893
ENSSSCG00000056849,-1.45670196380968,-0.964427270899581
ENSSSCG00000063116,-1.78143407576197,-1.28451287928067
ENSSSCG00000061790,4.2266672308481,4.57677416558981
ENSSSCG00000054175,-2.20115708176131,-0.551234614202225
ENSSSCG00000063425,-2.46795088038493,-0.0169014492655093
ENSSSCG00000060022,-2.79553649653186,-0.551234614202225
ENSSSCG00000052301,3.48483266148308,3.57693252722526
ENSSSCG00000058811,0.316720715261423,2.1108484849407
ENSSSCG00000001863,1.84610665102851,1.85025758473298
ENSSSCG00000001862,5.75503776897366,5.76160316758169
ENSSSCG00000033721,1.23079346436338,1.4081155707733
ENSSSCG00000002446,5.13479075221014,5.27113355936445
ENSSSCG00000055013,0.515080245807192,0.767366807455606
ENSSSCG00000054619,-1.19180123640617,-0.871778856036138
ENSSSCG00000033348,-0.6037335549306,-1.86487943217923
ENSSSCG00000001865,3.65427239246614,4.29140658982071
ENSSSCG00000001950,3.55411241648467,4.24819193089915
ENSSSCG00000043140,-0.451110226541143,-2.53471534769233
ENSSSCG00000001866,6.7827605578028,6.67014758645433
ENSSSCG00000001819,7.02407037349132,7.2902981521393
ENSSSCG00000001821,6.93942620572933,7.01575662677666
ENSSSCG00000001820,4.85627238671508,4.82359472465805
ENSSSCG00000002449,4.5632760418306,4.5705962703615
ENSSSCG00000002447,5.62905412150816,5.51904561952395
ENSSSCG00000002450,1.72314896938536,1.23142354660134
ENSSSCG00000002451,4.41224920002048,3.90290095805923
ENSSSCG00000002452,7.31996911876451,7.10252655567818
ENSSSCG00000002455,5.8013647808669,5.41943944595549
ENSSSCG00000040548,0.229053005082177,-2.85117878809169
ENSSSCG00000002456,2.92548154303131,3.77977524102448
ENSSSCG00000002457,6.23950506508016,5.3597853458454
ENSSSCG00000002458,3.75970747811426,3.26633964668703
ENSSSCG00000051892,5.35655350390127,5.20619933365502
ENSSSCG00000002460,4.87624902435434,4.6410762936835
ENSSSCG00000002461,6.0064316937154,6.28750003285826
ENSSSCG00000049777,-1.60995061428548,-0.35032329061541
ENSSSCG00000045052,0.229053005082177,-1.16974403207503
ENSSSCG00000057340,0.784753030569422,-0.481109027935221
ENSSSCG00000053514,-2.79553649653186,-0.624943747829482
ENSSSCG00000047048,2.82441264416951,3.14408396275198
ENSSSCG00000002131,2.73176328344457,3.19316420856271
ENSSSCG00000042615,3.44160950748466,2.88335209564566
ENSSSCG00000057191,-0.187145967968861,-0.964427270899581
ENSSSCG00000062191,5.31723782744668,5.67499183577983
ENSSSCG00000048556,5.32386529521647,5.49314912376638
ENSSSCG00000044904,-1.31818014718968,0.0318806818288641
ENSSSCG00000051274,4.02344370410475,2.70683005586903
ENSSSCG00000024310,1.78593734007211,0.212017947135459
ENSSSCG00000001033,4.68358408933102,4.46131014563678
ENSSSCG00000001021,4.38208317888707,4.53507951859307
ENSSSCG00000000994,6.49634262855532,5.48769501151789
ENSSSCG00000038404,6.2884398344606,5.86282049756828
ENSSSCG00000020758,5.59658211774909,5.80435078107135
ENSSSCG00000001009,6.3604764646777,6.47061241161474
ENSSSCG00000001008,5.76967540128639,5.62618407504472
ENSSSCG00000062050,4.14519046341781,4.59920276842609
ENSSSCG00000001826,7.4664279524434,7.93928689126996
ENSSSCG00000042047,-0.96807720485524,-1.06343627958185
ENSSSCG00000030131,4.42955908949299,4.48340130909469
ENSSSCG00000053980,1.01186851910195,1.69231410194732
ENSSSCG00000038630,4.97555347361088,4.49214392126479
ENSSSCG00000052348,2.74762395114334,2.83606345429926
ENSSSCG00000001804,4.33036099705535,3.73259770428485
ENSSSCG00000001805,4.45875838434298,4.50299820673294
ENSSSCG00000021463,-1.07560684537938,-1.6964847871246
ENSSSCG00000020439,-1.60995061428548,-0.289123515071902
ENSSSCG00000044313,0.358634535634919,-1.86487943217923
ENSSSCG00000029550,-1.31818014718968,-1.06343627958185
ENSSSCG00000001806,-0.248748603557596,0.124759019246936
ENSSSCG00000033655,3.36656240498575,4.08440737639126
ENSSSCG00000001807,1.13756809465378,1.548845627756
ENSSSCG00000036988,4.0714928252209,4.20630170597606
ENSSSCG00000001004,5.11963502622843,5.35380191622885
ENSSSCG00000031538,7.96277329882183,7.51147823546377
ENSSSCG00000035598,3.19208715058532,3.10472155298875
ENSSSCG00000000999,3.93962493363013,3.53946615614801
ENSSSCG00000000998,4.32772556590621,4.03141279196531
ENSSSCG00000002023,5.85542826342625,5.81745375686674
ENSSSCG00000031269,4.64599671379048,4.19563630031025
ENSSSCG00000038717,3.85795915304224,3.91919993155247
ENSSSCG00000037420,1.83129794321605,1.96774514707322
ENSSSCG00000001049,5.13026072834138,4.66640183766178
ENSSSCG00000001052,4.54296949803801,4.17134688947373
ENSSSCG00000001053,4.88164953139426,4.58292571865496
ENSSSCG00000025582,5.97561834856723,5.95818871651811
ENSSSCG00000035867,2.05172648705434,1.49766699261516
ENSSSCG00000001002,6.26245599746205,6.62167091547878
ENSSSCG00000031129,4.69794095515615,4.67602526698248
ENSSSCG00000030597,4.87082822536318,2.58952216140678
ENSSSCG00000001573,5.09504975034944,3.25611051968982
ENSSSCG00000001680,6.17058448076658,6.21277490868918
ENSSSCG00000001834,8.76463481112168,6.10076883145925
ENSSSCG00000001682,-0.313099436094831,-1.86487943217923
ENSSSCG00000001000,3.73605122845562,3.96702031038741
ENSSSCG00000040816,5.98735498221357,6.31177816157399
ENSSSCG00000001056,5.998996905796,5.25324462166577
ENSSSCG00000031489,5.5396448759211,5.5434343711057
ENSSSCG00000001835,4.75004951746395,3.07593314641862
ENSSSCG00000001837,5.71526208149482,5.5756671080113
ENSSSCG00000033381,5.3960845610006,5.93913328682146
ENSSSCG00000000985,7.61053478901432,7.64168062812731
ENSSSCG00000001836,-1.78143407576197,3.32623657035711
ENSSSCG00000041494,-1.45670196380968,-0.702622497962026
ENSSSCG00000001838,5.54532736704253,5.67307090205004
ENSSSCG00000001022,7.82940244535934,7.52352177978567
ENSSSCG00000001849,10.0022624003044,5.11008268606693
ENSSSCG00000001597,0.784753030569422,1.51492905093733
ENSSSCG00000038886,3.19787128988667,2.88335209564566
ENSSSCG00000001024,4.78120527848248,5.07705044142739
ENSSSCG00000001589,0.0359102671599988,-1.40920704473941
ENSSSCG00000001025,7.50950616219671,7.58712967674652
ENSSSCG00000056995,2.43144759083636,2.30196426756707
ENSSSCG00000025423,-0.380455165278715,-0.871778856036138
ENSSSCG00000046358,5.13177231731014,5.01470700950205
ENSSSCG00000001027,1.64061407306523,0.79589242289581
ENSSSCG00000034131,8.35809429407994,6.99245343204329
ENSSSCG00000001672,-0.774434225214997,-0.78472289261437
ENSSSCG00000001667,4.7618119151819,4.85951101693745
ENSSSCG00000040593,4.8397195842579,4.65476834228662
ENSSSCG00000037416,6.24580070686264,5.99939855757934
ENSSSCG00000030174,5.5396448759211,5.57257909603647
ENSSSCG00000036257,3.48009354299061,3.48357025840186
ENSSSCG00000001850,5.94842771049298,5.71101186423649
ENSSSCG00000021361,4.62038314979313,5.02377986016407
ENSSSCG00000001852,7.72236045645334,7.73992116619352
ENSSSCG00000001873,4.68564383812519,4.46131014563678
ENSSSCG00000001875,5.7918352317888,6.00016489809096
ENSSSCG00000001877,4.20097667013157,4.13273128655751
ENSSSCG00000001878,5.31057977378538,5.5254477578665
ENSSSCG00000001880,6.65980429672506,6.77327172852463
ENSSSCG00000001881,6.88534226859342,6.6696659780628
ENSSSCG00000001882,4.17482032190468,3.32623657035711
ENSSSCG00000001884,4.53156334491792,4.25847715714734
ENSSSCG00000041453,-0.248748603557596,-2.05555929136582
ENSSSCG00000032355,0.273552666612953,-0.0673909604895641
ENSSSCG00000028777,3.21508585528298,3.81504406924068
ENSSSCG00000001010,6.59881192339189,6.82132813671115
ENSSSCG00000001011,5.8690866035283,5.3597853458454
ENSSSCG00000031615,4.74610731022057,4.35269474039829
ENSSSCG00000052423,1.16144525464261,1.10033230279389
ENSSSCG00000059227,-1.07560684537938,0.678241186296717
ENSSSCG00000000991,-0.071311274400066,-0.414234639036479
ENSSSCG00000039756,-0.071311274400066,-0.964427270899581
ENSSSCG00000000997,-0.313099436094831,0.294298826806809
ENSSSCG00000057567,4.91889741026036,4.4877792376076
ENSSSCG00000062092,-0.96807720485524,0.51625090059353
ENSSSCG00000001885,5.70005885171724,5.41599783805787
ENSSSCG00000044466,-1.31818014718968,-1.06343627958185
ENSSSCG00000062502,0.13571138072984,0.372139121137058
ENSSSCG00000041566,2.55376482786368,2.72177442956269
ENSSSCG00000062130,0.438976972203651,1.16736637209713
ENSSSCG00000027478,2.86859760426546,3.3065459485344
ENSSSCG00000057323,0.515080245807192,0.550136777985776
ENSSSCG00000059699,-2.46795088038493,-0.35032329061541
ENSSSCG00000062087,0.656208489639131,0.738265774167816
ENSSSCG00000062690,0.316720715261423,0.583244978335558
ENSSSCG00000043207,1.06346985097485,1.21038560183454
ENSSSCG00000056029,-0.525404570246514,-1.28451287928067
ENSSSCG00000059998,3.15093553532168,3.40704711347586
ENSSSCG00000001887,4.39472909651868,4.02841078531082
ENSSSCG00000050204,1.0885945093173,-0.35032329061541
ENSSSCG00000057939,-0.96807720485524,-0.289123515071902
ENSSSCG00000024316,5.91370252159402,5.88788130133663
ENSSSCG00000001572,2.59818001558324,2.62174862191205
ENSSSCG00000029776,4.81546962168668,5.02979688289402
ENSSSCG00000024990,4.0492688917079,3.20916012966961
ENSSSCG00000001688,5.41607160017729,5.10296582238897
ENSSSCG00000001676,3.91174070983612,3.62542057526231
ENSSSCG00000033627,4.29841356141105,4.22215341960819
ENSSSCG00000028007,5.24365133741398,5.15344048620736
ENSSSCG00000001892,7.43769060569107,6.27994689240632
ENSSSCG00000001679,6.2520689950063,6.12204709886044
ENSSSCG00000001898,5.92682261005745,5.45229176801991
ENSSSCG00000001683,3.5129450340698,3.50532571906549
ENSSSCG00000001689,4.72021699382228,4.24042960386224
ENSSSCG00000016346,2.50793871030225,1.37067834071865
ENSSSCG00000001691,5.08259819521484,4.87630475270675
ENSSSCG00000001899,3.69164753504792,2.62969400118923
ENSSSCG00000001692,4.95178874558758,5.25324462166577
ENSSSCG00000001900,5.75307481536054,5.17531904247595
ENSSSCG00000001793,3.00681108817546,3.85625916799006
ENSSSCG00000001795,1.72314896938536,2.65327091878993
ENSSSCG00000035432,4.72021699382228,4.60525962591967
ENSSSCG00000001577,5.26447135259588,5.6883672294262
ENSSSCG00000001578,4.84893902233177,4.83050521400829
ENSSSCG00000001800,3.42197555369151,3.00440267505079
ENSSSCG00000059332,5.78992174506682,5.60013610106851
ENSSSCG00000001801,4.29301952559771,3.76902424332287
ENSSSCG00000036178,3.71200060542836,3.61745156076489
ENSSSCG00000001848,2.15047586045883,2.18820728069852
ENSSSCG00000001582,4.49444557226456,2.44391141993357
ENSSSCG00000027358,9.41623876180668,8.94097641308536
ENSSSCG00000001810,4.04606591171587,4.15216828374264
ENSSSCG00000039952,6.26383529794194,6.20415416544012
ENSSSCG00000037507,5.13780288506433,5.04918068006851
ENSSSCG00000002632,-2.79553649653186,-0.289123515071902
ENSSSCG00000027778,4.8397195842579,4.62923592938974
ENSSSCG00000041322,4.64811079178396,3.60943828321365
ENSSSCG00000034070,5.61507256364194,5.9100697512749
ENSSSCG00000062622,-0.248748603557596,-0.871778856036138
ENSSSCG00000029183,6.16764008837359,5.82352798968779
ENSSSCG00000036907,-0.0167046405169091,-0.702622497962026
ENSSSCG00000022451,5.70311234171381,5.54763412406406
ENSSSCG00000036356,0.0359102671599988,0.678241186296717
ENSSSCG00000001814,7.87817290733522,8.02838147623086
ENSSSCG00000034090,5.74716987851068,5.68741594569529
ENSSSCG00000001816,0.656208489639131,0.51625090059353
ENSSSCG00000001486,5.08572117345694,5.11291963038247
ENSSSCG00000001817,5.90046202116531,5.95423953757125
ENSSSCG00000001488,4.9738689143191,5.67499183577983
ENSSSCG00000001818,4.67738713961771,4.46131014563678
ENSSSCG00000001808,1.38071206478968,0.124759019246936
ENSSSCG00000001921,7.1197230889247,6.92947934498391
ENSSSCG00000001925,5.10739475802572,5.25195831225793
ENSSSCG00000001924,6.56228496741861,7.1206111118444
ENSSSCG00000054126,5.26171264937064,5.13122502458324
ENSSSCG00000001926,-1.19180123640617,-0.414234639036479
ENSSSCG00000001927,7.7368351372793,6.83642564715508
ENSSSCG00000001930,8.98165991555323,8.71083170201477
ENSSSCG00000036011,0.358634535634919,-1.54570714867312
ENSSSCG00000059314,2.22034075006793,1.79480357676921
ENSSSCG00000041719,-0.380455165278715,1.42647607361694
ENSSSCG00000050527,0.784753030569422,1.49766699261516
ENSSSCG00000042572,4.76376302489435,4.58292571865496
ENSSSCG00000001888,0.874162537149699,1.29275702200006
ENSSSCG00000060981,-1.60995061428548,-1.16974403207503
ENSSSCG00000055760,3.30358079088575,3.68382510911523
ENSSSCG00000047853,1.53490444243865,1.8772052214074
ENSSSCG00000042472,-1.60995061428548,0.169048095927475
ENSSSCG00000054324,-0.96807720485524,-0.702622497962026
ENSSSCG00000061371,0.229053005082177,0.169048095927475
ENSSSCG00000061785,-0.774434225214997,-1.40920704473941
ENSSSCG00000056123,2.8973199146782,3.46592655108512
ENSSSCG00000061219,0.784753030569422,-3.82416175559903
ENSSSCG00000061159,-2.20115708176131,-0.964427270899581
ENSSSCG00000042487,0.930831724376776,0.647265633957376
ENSSSCG00000062336,-0.525404570246514,-0.551234614202225
ENSSSCG00000048877,0.47753036411502,1.3322436929096
ENSSSCG00000052636,0.438976972203651,1.31263544737941
ENSSSCG00000052246,0.753674621171028,0.294298826806809
ENSSSCG00000054944,2.4891927659918,3.07593314641862
ENSSSCG00000037307,2.84667427243885,2.12215696247678
ENSSSCG00000054731,4.80034140148673,5.09006632143558
ENSSSCG00000001535,2.47972765327197,2.05293699456738
ENSSSCG00000001536,3.19208715058532,7.38046601715971
ENSSSCG00000001537,5.37326311013623,5.74980434359014
ENSSSCG00000001538,3.62451829412648,4.21688884379801
ENSSSCG00000001539,5.63332902065736,5.90353089793953
ENSSSCG00000001546,3.83587231237669,4.20364273726976
ENSSSCG00000001543,8.99894922940487,9.01819583978231
ENSSSCG00000001544,5.9931876871325,6.37695279112407
ENSSSCG00000035972,0.689434225427014,0.647265633957376
ENSSSCG00000001493,3.35107288630203,3.24580834698678
ENSSSCG00000001549,5.94756969014754,8.22212779369875
ENSSSCG00000001499,7.36372094577314,7.26915396131031
ENSSSCG00000001550,2.50793871030225,2.53133340228058
ENSSSCG00000001553,-1.78143407576197,0.124759019246936
ENSSSCG00000001554,6.01955522484282,6.00551791389625
ENSSSCG00000001555,-0.686560683805019,-2.53471534769233
ENSSSCG00000001556,6.43522069537277,6.69969761693705
ENSSSCG00000038774,5.0621323715976,4.94795950229678
ENSSSCG00000020803,5.47084451969123,5.52757550611114
ENSSSCG00000001561,3.90468462268559,3.18240087297536
ENSSSCG00000001101,3.24332805561604,-2.85117878809169
ENSSSCG00000031944,3.14495972721505,-2.53471534769233
ENSSSCG00000001562,5.97814139180601,5.77599356843889
ENSSSCG00000001107,5.37070496475195,-0.481109027935221
ENSSSCG00000001563,5.2492327856947,5.46567000101113
ENSSSCG00000037547,-0.6037335549306,-1.6964847871246
ENSSSCG00000036191,0.358634535634919,-2.27533557831912
ENSSSCG00000035153,5.44675735151854,4.47680940564299
ENSSSCG00000037565,2.62418726304154,-0.871778856036138
ENSSSCG00000037682,3.97373900404618,2.96097781055992
ENSSSCG00000045769,1.84610665102851,1.63030453743178
ENSSSCG00000021411,6.00147942803176,4.7670858037005
ENSSSCG00000040540,-0.525404570246514,-2.27533557831912
ENSSSCG00000033606,-0.313099436094831,-3.82416175559903
ENSSSCG00000001137,3.95336751205018,3.25096862919518
ENSSSCG00000001131,1.0885945093173,0.823864935560437
ENSSSCG00000001636,2.23166290725657,-0.702622497962026
ENSSSCG00000020696,5.12419848477992,4.94477852534688
ENSSSCG00000001637,0.399364956748047,-0.624943747829482
ENSSSCG00000001638,5.17346631733677,5.27493821378838
ENSSSCG00000038191,4.49209369513494,4.5560774615087
ENSSSCG00000001639,4.70608118483071,3.99804206402155
ENSSSCG00000001641,5.63546172943387,5.81832307177282
ENSSSCG00000001156,5.06371701444658,5.00862658791186
ENSSSCG00000056213,0.784753030569422,0.550136777985776
ENSSSCG00000001646,5.48864959786772,6.17186989336792
ENSSSCG00000025410,0.438976972203651,-1.28451287928067
ENSSSCG00000026472,5.8754165122288,5.78402553248703
ENSSSCG00000042999,-2.79553649653186,-0.78472289261437
ENSSSCG00000046879,2.58940569507994,3.14962050828442
ENSSSCG00000001164,4.30110303528958,4.93037669146169
ENSSSCG00000040577,2.69133155577395,2.59764651471072
ENSSSCG00000044013,0.958352864156609,1.48019588742595
ENSSSCG00000041356,-0.313099436094831,-1.6964847871246
ENSSSCG00000033214,2.39162541398217,4.2686895769555
ENSSSCG00000001653,6.0064316937154,6.03722549476816
ENSSSCG00000001654,3.93270424060577,4.33336434976636
ENSSSCG00000001655,5.07318849289376,5.14514972461677
ENSSSCG00000001500,4.45875838434298,3.84265121000384
ENSSSCG00000022901,6.77165327550011,6.78976455310711
ENSSSCG00000001656,5.30924446785701,5.33083583776941
ENSSSCG00000001501,6.52480912521153,6.46396167839168
ENSSSCG00000001657,6.29385098818492,6.33565448267677
ENSSSCG00000001502,8.92022713014445,8.75962006094448
ENSSSCG00000001503,3.96019002095856,4.12712941865
ENSSSCG00000001504,3.50829751564243,3.81504406924068
ENSSSCG00000001658,4.88881890354496,4.45013640418746
ENSSSCG00000001505,4.62038314979313,4.79914396241639
ENSSSCG00000001659,5.61831112446146,5.81048031556348
ENSSSCG00000001506,7.18851691836159,7.15267172419085
ENSSSCG00000054523,4.27123941593492,4.14940755127925
ENSSSCG00000001509,5.83793997682421,5.81919186317718
ENSSSCG00000001660,6.64294232944926,6.56841161576991
ENSSSCG00000001661,5.83330234337037,6.54128932316809
ENSSSCG00000030196,6.55046609627525,6.31239533697391
ENSSSCG00000026568,3.01338605067572,2.36042946327191
ENSSSCG00000001664,0.689434225427014,0.51625090059353
ENSSSCG00000062364,-0.071311274400066,-1.16974403207503
ENSSSCG00000026741,4.29841356141105,4.64500158530316
ENSSSCG00000056843,-1.19180123640617,-0.414234639036479
ENSSSCG00000061760,1.47899559533112,2.66104503944852
ENSSSCG00000054713,-0.774434225214997,-1.06343627958185
ENSSSCG00000063313,0.13571138072984,-0.230414558288775
ENSSSCG00000061041,-1.31818014718968,-1.06343627958185
ENSSSCG00000057703,-0.0167046405169091,1.2726008670673
ENSSSCG00000053265,0.0359102671599988,-0.871778856036138
ENSSSCG00000060399,-2.20115708176131,-0.871778856036138
ENSSSCG00000053152,-2.20115708176131,-1.16974403207503
ENSSSCG00000048697,1.53490444243865,2.16652477447692
ENSSSCG00000001651,6.31263177806902,5.71755014760796
ENSSSCG00000059243,1.36022556587904,2.02910543258505
ENSSSCG00000053280,2.60690129401979,0.169048095927475
ENSSSCG00000052704,0.689434225427014,1.79480357676921
ENSSSCG00000054633,-1.07560684537938,-2.05555929136582
ENSSSCG00000056711,1.18493366366352,-0.702622497962026
ENSSSCG00000033451,-0.248748603557596,-2.05555929136582
ENSSSCG00000047716,-0.071311274400066,-3.25715427767274
ENSSSCG00000059210,-0.6037335549306,-2.85117878809169
ENSSSCG00000059451,0.0866736428889641,-0.624943747829482
ENSSSCG00000058610,3.05221872192619,4.18219270048509
ENSSSCG00000035331,4.12408143035106,4.36464601690874
ENSSSCG00000059172,1.57100848239729,2.78005038054984
ENSSSCG00000061527,-1.45670196380968,-0.230414558288775
ENSSSCG00000041434,2.08955398431033,1.4081155707733
ENSSSCG00000046312,-0.96807720485524,-2.27533557831912
ENSSSCG00000001507,7.09397662004839,6.56064006648214
ENSSSCG00000001036,-1.45670196380968,-0.481109027935221
ENSSSCG00000062258,0.656208489639131,1.16736637209713
ENSSSCG00000062137,-0.451110226541143,0.0790671408551012
ENSSSCG00000033009,7.07249256715271,7.19645917792849
ENSSSCG00000001040,3.68342522284369,2.24102933224071
ENSSSCG00000001041,4.25190830353837,4.34306192035883
ENSSSCG00000001038,7.12732039093093,6.89363492605
ENSSSCG00000001042,6.6124099218954,6.77057935985982
ENSSSCG00000001045,2.42159462145349,1.548845627756
ENSSSCG00000041131,2.02594564966019,1.31263544737941
ENSSSCG00000032146,6.34231216850389,5.46788769488721
ENSSSCG00000023956,6.61295118498781,5.52225023997777
ENSSSCG00000001478,2.83929183176385,1.18903632798696
ENSSSCG00000001479,1.1132890985785,0.79589242289581
ENSSSCG00000001822,2.43144759083636,2.28193723327874
ENSSSCG00000001823,3.81720474561433,3.77620046959395
ENSSSCG00000001825,3.76750747339567,3.37431850405851
ENSSSCG00000030626,3.30893555670285,3.15513588774505
ENSSSCG00000036742,4.25468580026123,5.2088535989099
ENSSSCG00000002252,5.86363877445708,6.11428145889437
ENSSSCG00000028159,2.22034075006793,3.14408396275198
ENSSSCG00000002337,5.56560098184572,5.49858269436313
ENSSSCG00000028663,6.84259832022103,6.93429893995784
ENSSSCG00000002340,6.14611161307255,6.00551791389625
ENSSSCG00000002341,2.20892903416734,2.3887969274946
ENSSSCG00000022178,6.6960168266445,6.36272185608188
ENSSSCG00000021676,0.399364956748047,1.18903632798696
ENSSSCG00000002344,4.57887475358054,4.80266240186344
ENSSSCG00000002348,2.98690447673027,2.78005038054984
ENSSSCG00000039469,7.20799397250366,7.63108263565364
ENSSSCG00000062320,5.67746690819516,5.95344840288275
ENSSSCG00000002350,5.56336237580262,6.1283698594433
ENSSSCG00000002351,6.23106791104398,5.55808032852045
ENSSSCG00000002352,4.50147828664791,4.67985673642103
ENSSSCG00000002353,5.59109834236116,5.42743807938283
ENSSSCG00000002354,4.89060569355461,4.93037669146169
ENSSSCG00000002355,6.63603546011971,6.34231799731328
ENSSSCG00000002356,3.96019002095856,4.01936710234133
ENSSSCG00000002357,5.94499256309059,6.13954235458122
ENSSSCG00000055314,3.99049823274098,4.07279788632357
ENSSSCG00000025000,-0.6037335549306,-3.82416175559903
ENSSSCG00000056471,3.32488162722013,2.69929941392765
ENSSSCG00000002349,3.54506509105138,3.0286423715673
ENSSSCG00000029539,5.60095417951715,5.81832307177282
ENSSSCG00000001497,4.69998032258329,4.87630475270675
ENSSSCG00000001498,4.12408143035106,4.73797904407895
ENSSSCG00000062828,1.13756809465378,1.12302483629253
ENSSSCG00000042854,0.784753030569422,0.253744895693059
ENSSSCG00000054858,-0.6037335549306,-0.871778856036138
ENSSSCG00000001824,4.94320557130479,5.35380191622885
ENSSSCG00000058159,-0.525404570246514,1.10033230279389
ENSSSCG00000048394,1.1132890985785,1.61437655810064
ENSSSCG00000055865,0.930831724376776,2.28193723327874
ENSSSCG00000045171,-1.45670196380968,-0.289123515071902
ENSSSCG00000051895,-2.20115708176131,-0.414234639036479
ENSSSCG00000001510,2.98690447673027,0.550136777985776
ENSSSCG00000001511,5.49336073940098,6.10504966562026
ENSSSCG00000001512,6.04304155112313,5.67307090205004
ENSSSCG00000001513,7.41241695334102,7.60688572468823
ENSSSCG00000060402,4.32508531169335,4.38356448850424
ENSSSCG00000001517,4.01363881748623,4.70827293498612
ENSSSCG00000001518,7.53714637184255,7.15886196817094
ENSSSCG00000030668,4.92064735578573,5.22073772969425
ENSSSCG00000001520,6.02444593414276,6.22068705407119
ENSSSCG00000001516,4.63111078580486,5.3681206747572
ENSSSCG00000035895,4.29031492596082,4.28387392765433
ENSSSCG00000021606,3.07753836957622,3.04655856183298
ENSSSCG00000036494,5.71021211875823,5.54238251981962
ENSSSCG00000025984,6.50686509079998,6.61568270937837
ENSSSCG00000002385,4.04606591171587,3.26123414910473
ENSSSCG00000002386,4.7539809818569,4.5435154052219
ENSSSCG00000033526,3.97710646081402,3.82545875338268
ENSSSCG00000038851,-0.248748603557596,0.445993691080189
ENSSSCG00000002464,5.65451554944637,4.38121320220084
ENSSSCG00000040253,2.07705469961597,2.35084832090034
ENSSSCG00000002467,5.79087880566664,6.16094590423758
ENSSSCG00000002469,3.32488162722013,2.81531256473901
ENSSSCG00000002470,7.09475186182671,7.07914407760093
ENSSSCG00000035297,9.06115655912658,7.77303027792918
ENSSSCG00000061690,6.15802909907787,5.65761065420225
ENSSSCG00000002474,3.48955626337053,3.36958178393062
ENSSSCG00000038515,4.40226377999428,4.18489146095046
ENSSSCG00000002479,3.40207070621701,-0.289123515071902
ENSSSCG00000028190,5.81083179648281,4.83738275994563
ENSSSCG00000002032,6.07088717563072,7.74701500228777
ENSSSCG00000002035,5.43578551920261,4.8796401680909
ENSSSCG00000056336,3.03293303855187,3.76542269970242
ENSSSCG00000002034,7.96171131024952,7.87284874883917
ENSSSCG00000002037,4.87624902435434,4.20895578306652
ENSSSCG00000002036,6.02769722044238,5.64394568233457
ENSSSCG00000031452,3.59851706752444,3.33598200946115
ENSSSCG00000029201,4.05565359714783,4.53084300515973
ENSSSCG00000033178,3.12080585067565,3.18779257833077
ENSSSCG00000030045,6.2282445257196,6.49691292541053
ENSSSCG00000026700,6.44254737432512,6.7332710310262
ENSSSCG00000031874,4.27671534681653,3.44806439242055
ENSSSCG00000034465,7.87298531701253,7.77235754405902
ENSSSCG00000002039,8.11668763809679,8.03979352017199
ENSSSCG00000002040,4.42216598209886,4.62327910601669
ENSSSCG00000002041,3.66683866522758,4.09305359360425
ENSSSCG00000002042,6.7755263848151,6.45336824360765
ENSSSCG00000002045,4.81170241273209,4.50083387288934
ENSSSCG00000002051,5.57563194419441,5.63311737430673
ENSSSCG00000002050,6.81604852705769,6.02447530361921
ENSSSCG00000056250,1.73910410091577,1.59827076196444
ENSSSCG00000001463,3.06493409078251,2.29198550125994
ENSSSCG00000001469,3.59413760265918,3.08751753508833
ENSSSCG00000001470,3.59851706752444,2.98595183448321
ENSSSCG00000001472,2.51722112452346,1.73713253770228
ENSSSCG00000062678,4.78313035335911,4.72691080919883
ENSSSCG00000001594,4.42955908949299,4.50515929850194
ENSSSCG00000001596,6.63710021003587,5.96605479062542
ENSSSCG00000001595,6.77019817459782,6.20548379115997
ENSSSCG00000058200,-0.686560683805019,-0.119711717242417
ENSSSCG00000063572,-0.187145967968861,0.333743892305565
ENSSSCG00000043413,-2.20115708176131,-1.06343627958185
ENSSSCG00000001457,5.36300319929253,4.5073171578948
ENSSSCG00000025208,2.34025034678746,1.94245115943691
ENSSSCG00000001235,-0.868009231170092,-1.28451287928067
ENSSSCG00000063560,1.06346985097485,-0.551234614202225
ENSSSCG00000063561,2.58057768336524,-0.0169014492655093
ENSSSCG00000063556,2.83929183176385,-0.414234639036479
ENSSSCG00000024161,1.38071206478968,-0.174001573015732
ENSSSCG00000001342,5.27271595184586,5.33933961809872
ENSSSCG00000058762,-1.31818014718968,-0.964427270899581
ENSSSCG00000038231,5.6439611762378,4.80967364264914
ENSSSCG00000002366,6.40491115921575,5.44780464594053
ENSSSCG00000002367,2.39162541398217,2.43487064882408
ENSSSCG00000002368,7.97965965176451,8.41419640056487
ENSSSCG00000002370,6.07403557994093,6.04690017116283
ENSSSCG00000039202,4.24074453303866,4.12712941865
ENSSSCG00000002372,6.49458139909541,6.47447789426199
ENSSSCG00000002373,-0.187145967968861,-1.40920704473941
ENSSSCG00000027922,6.14685934704553,4.38591194894517
ENSSSCG00000038553,2.79418583351156,1.67705978623095
ENSSSCG00000042447,3.98381788531011,3.48794767503683
ENSSSCG00000023366,2.08955398431033,2.12215696247678
ENSSSCG00000001611,5.55549978627335,5.42629812895989
ENSSSCG00000001612,2.34025034678746,3.45702311573383
ENSSSCG00000039270,-0.774434225214997,0.212017947135459
ENSSSCG00000001616,-0.774434225214997,-1.54570714867312
ENSSSCG00000001619,6.69958858463534,6.54916552784321
ENSSSCG00000001620,1.40091172062405,0.333743892305565
ENSSSCG00000001621,4.37188602326707,4.13273128655751
ENSSSCG00000001624,1.87527570583285,1.66164245403454
ENSSSCG00000050940,6.24998259024576,6.38694877377087
ENSSSCG00000001629,1.36022556587904,2.22013201354959
ENSSSCG00000038520,4.04285580484531,4.24560912629743
ENSSSCG00000026752,2.39162541398217,2.56487093313837
ENSSSCG00000032284,5.34617363871415,5.41024351712972
ENSSSCG00000022224,5.4333359610007,5.45229176801991
ENSSSCG00000036801,4.7657114994773,4.8270541069728
ENSSSCG00000001453,6.48041362039099,5.60316574980417
ENSSSCG00000001455,4.84893902233177,3.48357025840186
ENSSSCG00000001456,5.61831112446146,5.25067085495084
ENSSSCG00000001475,7.87321125271946,6.52753453947909
ENSSSCG00000001476,5.45402582232829,5.58897263693371
ENSSSCG00000001477,6.95786524639761,6.83513774769012
ENSSSCG00000001725,3.83957701418461,4.26614324126282
ENSSSCG00000001726,1.38071206478968,2.01704038155276
ENSSSCG00000001992,4.00706500947703,3.97015267563597
ENSSSCG00000001994,4.5921121407016,4.3975922961604
ENSSSCG00000026947,4.52237304559854,3.44356408236478
ENSSSCG00000031938,5.72830985120476,5.69121732285672
ENSSSCG00000033006,2.34025034678746,2.28193723327874
ENSSSCG00000033432,4.89239027334682,4.81142114178654
ENSSSCG00000025470,2.39162541398217,1.75176786229133
ENSSSCG00000054655,7.45922185289271,7.21506166652367
ENSSSCG00000002000,6.0614005268607,5.80698091392924
ENSSSCG00000002001,4.21530564497516,3.93210781488979
ENSSSCG00000002002,6.41921741505931,6.23442974665577
ENSSSCG00000002003,5.72330543349625,5.86702764605033
ENSSSCG00000002004,2.66651720471281,2.7942588453812
ENSSSCG00000002005,1.90386667628305,2.01704038155276
ENSSSCG00000002006,6.97101381885024,6.88950476803346
ENSSSCG00000002007,-0.187145967968861,-0.0673909604895641
ENSSSCG00000002008,6.26933935064688,6.37577222677998
ENSSSCG00000002009,2.54471531554339,0.678241186296717
ENSSSCG00000002012,1.90386667628305,1.58198313393422
ENSSSCG00000002013,5.57452083079784,4.86625198789248
ENSSSCG00000002436,6.35077404148098,5.92709455337835
ENSSSCG00000046060,0.58736937234432,0.738265774167816
ENSSSCG00000024377,4.03641408310966,4.11302884015674
ENSSSCG00000034114,-0.313099436094831,0.212017947135459
ENSSSCG00000002440,7.09862183428316,7.96109802323742
ENSSSCG00000002441,6.51846740303035,6.72911683356136
ENSSSCG00000052769,-0.868009231170092,0.550136777985776
ENSSSCG00000002442,-3.82416175559903,0.253744895693059
ENSSSCG00000001441,-3.82416175559903,0.333743892305565
ENSSSCG00000032242,4.24354358486353,4.62128802000242
ENSSSCG00000023160,3.2320974322928,3.18240087297536
ENSSSCG00000031593,6.83008298690687,6.49256266766502
ENSSSCG00000060493,9.07261369524478,8.63822917365938
ENSSSCG00000027053,5.34226185448042,3.60943828321365
ENSSSCG00000036573,8.06204110029215,3.06425498526989
ENSSSCG00000037476,4.48027645305758,4.69508166262017
ENSSSCG00000001527,6.57567474370294,6.41480451250074
ENSSSCG00000001531,5.33309289766878,5.15481765948851
ENSSSCG00000001532,3.03939028735737,3.20384783775857
ENSSSCG00000001533,4.57221023248361,4.35029255848556
ENSSSCG00000001534,6.73383309006987,7.46643792809584
ENSSSCG00000001523,4.47075246769041,-1.6964847871246
ENSSSCG00000002508,6.32787803112669,6.30248870699353
ENSSSCG00000037284,3.98716192566061,3.82545875338268
ENSSSCG00000025892,5.19242211952849,5.23252476480112
ENSSSCG00000001346,6.43522069537277,6.10148318650514
ENSSSCG00000001347,6.27139796872739,5.84330800833719
ENSSSCG00000001379,8.80782559223367,9.1160907484842
ENSSSCG00000061414,2.94624777947776,3.0286423715673
ENSSSCG00000023018,1.18493366366352,0.169048095927475
ENSSSCG00000001434,2.77883157464872,2.73656558548579
ENSSSCG00000001436,5.32254223505146,4.89620254742366
ENSSSCG00000001695,5.0525877878967,4.63121608403258
ENSSSCG00000057650,0.0866736428889641,1.70740881248283
ENSSSCG00000063238,-0.313099436094831,0.372139121137058
ENSSSCG00000001696,5.05099086674281,5.0755969571521
ENSSSCG00000001697,4.94492629620376,4.83222767665003
ENSSSCG00000001698,-2.20115708176131,-1.16974403207503
ENSSSCG00000001700,4.79843917096021,3.95442239354423
ENSSSCG00000001701,8.5249861791545,8.77828059370839
ENSSSCG00000001702,5.63332902065736,5.57257909603647
ENSSSCG00000001703,3.30358079088575,2.97974874118209
ENSSSCG00000040047,0.815176045257344,-0.702622497962026
ENSSSCG00000001705,6.52308232739654,6.58689428743221
ENSSSCG00000001706,3.99049823274098,4.51591646415802
ENSSSCG00000039903,3.73605122845562,4.5116232181288
ENSSSCG00000001708,6.24998259024576,6.43080872880856
ENSSSCG00000001709,4.71417574184047,3.86638156038223
ENSSSCG00000001710,1.60623101893403,1.56550952137607
ENSSSCG00000001433,4.74610731022057,5.02227167518048
ENSSSCG00000002509,5.1257164355028,5.10724015213414
ENSSSCG00000001424,5.89779927642927,5.70350307589525
ENSSSCG00000001426,4.17775011141718,4.040381512886
ENSSSCG00000001427,7.6736404538829,6.63751900478353
ENSSSCG00000001422,2.86859760426546,2.30196426756707
ENSSSCG00000024914,4.23513008473597,3.32623657035711
ENSSSCG00000001400,9.49440071395738,9.46711493514294
ENSSSCG00000001401,1.78593734007211,1.95515358576145
ENSSSCG00000001402,4.69180549873651,4.90441297644775
ENSSSCG00000001403,0.551677535663921,1.73713253770228
ENSSSCG00000052357,0.784753030569422,1.29275702200006
ENSSSCG00000030882,2.02594564966019,1.67705978623095
ENSSSCG00000032341,2.49859618532626,2.37940294608589
ENSSSCG00000001409,8.51705563712644,8.53783239545873
ENSSSCG00000001410,7.60483181022133,7.23179702018023
ENSSSCG00000001411,3.23772367198998,4.03141279196531
ENSSSCG00000063581,4.02669724728887,4.35748713804954
ENSSSCG00000001413,5.1257164355028,5.51046500016064
ENSSSCG00000001414,6.20617390174707,6.04169879317867
ENSSSCG00000034923,6.4161194048642,6.89198428143379
ENSSSCG00000040885,1.27524029214877,0.481549931933635
ENSSSCG00000036566,-0.6037335549306,-2.53471534769233
ENSSSCG00000034664,-0.96807720485524,-0.174001573015732
ENSSSCG00000038514,6.95359807993911,7.13149392474277
ENSSSCG00000039071,8.10865023686611,8.18503367264198
ENSSSCG00000035596,4.0809135576596,5.15894130909365
ENSSSCG00000063584,2.82441264416951,3.38843606237055
ENSSSCG00000036796,4.14219373129512,4.01026637030448
ENSSSCG00000038950,5.97814139180601,6.20149123208972
ENSSSCG00000039021,4.78697281397828,4.63319352456153
ENSSSCG00000030368,0.815176045257344,1.61437655810064
ENSSSCG00000063583,4.11493928845344,6.79860170776545
ENSSSCG00000029160,6.15208266169636,8.20378311262939
ENSSSCG00000001372,6.48987424846532,5.89531543311557
ENSSSCG00000024604,5.86181825031068,6.2525520416878
ENSSSCG00000025943,4.26849363650016,4.07861430914553
ENSSSCG00000001376,5.68056853903119,5.73882680523703
ENSSSCG00000031492,5.21541552726595,5.53393998682789
ENSSSCG00000023639,1.94571802033876,1.91670578029932
ENSSSCG00000001362,6.44801806846954,6.56737782482358
ENSSSCG00000022725,7.06063773055774,6.8325584944814
ENSSSCG00000027607,6.24230652036384,2.75847181319094
ENSSSCG00000001382,9.17320540366084,8.97917988276571
ENSSSCG00000001384,5.24783944669195,5.31859996510395
ENSSSCG00000037154,4.26298635018155,5.23121983981787
ENSSSCG00000055497,0.784753030569422,0.445993691080189
ENSSSCG00000001391,4.35386571031806,4.49649543996581
ENSSSCG00000001392,1.25318803729539,-0.871778856036138
ENSSSCG00000001394,3.26001175181962,2.3887969274946
ENSSSCG00000001395,-0.451110226541143,0.0318806818288641
ENSSSCG00000001396,4.89060569355461,4.16589325392121
ENSSSCG00000001398,3.93616873698544,3.81852399093819
ENSSSCG00000056738,5.2068358870404,5.04473055607433
ENSSSCG00000001438,6.72133748482802,6.69828162598662
ENSSSCG00000001439,2.30852357224583,0.708565629647667
ENSSSCG00000001440,5.21826410629706,4.80617228142469
ENSSSCG00000001435,6.9093364716107,6.60765957354099
ENSSSCG00000001437,1.03789987789575,1.07727712061465
ENSSSCG00000001216,1.60623101893403,2.20956873606394
ENSSSCG00000001252,1.87527570583285,1.48019588742595
ENSSSCG00000001242,6.95445252353339,7.1220199673234
ENSSSCG00000001247,1.51650785122028,1.72234722316666
ENSSSCG00000063569,-0.071311274400066,0.615610397484158
ENSSSCG00000001245,3.37168884069489,3.5267579808414
ENSSSCG00000024259,5.97140344633127,5.88290384577575
ENSSSCG00000001234,-0.868009231170092,-0.964427270899581
ENSSSCG00000001233,4.9500761910517,4.79914396241639
ENSSSCG00000060989,8.12259141523123,7.36150660232203
ENSSSCG00000062469,6.16764008837359,4.40455538044212
ENSSSCG00000001229,7.43830153882877,6.72309512906021
ENSSSCG00000052432,7.36146795280576,8.45947855271978
ENSSSCG00000001341,7.97419323712806,7.93287942098916
ENSSSCG00000042638,1.64061407306523,2.31187448705517
ENSSSCG00000041410,1.93190203123131,2.06470675742136
ENSSSCG00000021130,2.96671934204476,2.94195942788852
ENSSSCG00000001430,6.47565993952836,6.14023777105422
ENSSSCG00000001431,2.58057768336524,2.07638127694377
ENSSSCG00000024403,5.46005503283644,6.26280634090481
ENSSSCG00000001421,3.63734526362365,4.34547616188606
ENSSSCG00000001423,5.35655350390127,5.37167826878344
ENSSSCG00000001425,3.5129450340698,3.12172282970965
ENSSSCG00000023611,7.33119657224361,6.49038260977115
ENSSSCG00000001418,5.70920000153361,5.39167392083903
ENSSSCG00000001419,8.14484541594439,8.2420249281538
ENSSSCG00000001420,6.74967114344918,6.79418989686804
ENSSSCG00000001459,1.31835862021284,-0.0673909604895641
ENSSSCG00000025593,4.38715485538308,4.83566644473442
ENSSSCG00000026951,4.42463456318673,4.040381512886
ENSSSCG00000025618,5.91721289480227,5.19954222710953
ENSSSCG00000001564,7.81347881511126,7.71493110456212
ENSSSCG00000001567,0.438976972203651,1.14536595329469
ENSSSCG00000040984,5.31723782744668,5.44668068139813
ENSSSCG00000035341,6.47625500693321,6.49854089611379
ENSSSCG00000001570,5.21684051984079,3.90617551717555
ENSSSCG00000001571,7.52252847114401,7.67445634227313
ENSSSCG00000001565,6.41363619790703,6.57202406154074
ENSSSCG00000061569,0.515080245807192,0.583244978335558
ENSSSCG00000001483,1.38071206478968,2.0048735807178
ENSSSCG00000056389,3.76750747339567,3.36006143138542
ENSSSCG00000022664,2.06444617595092,2.45289588892133
ENSSSCG00000001201,5.20108764917854,5.77688822030649
ENSSSCG00000001202,0.753674621171028,2.06470675742136
ENSSSCG00000057663,3.7079528973128,4.00110786487859
ENSSSCG00000021069,3.49426444992898,3.44356408236478
ENSSSCG00000001203,4.17482032190468,4.5435154052219
ENSSSCG00000001204,2.36102042350312,2.62174862191205
ENSSSCG00000001205,2.1858311792755,3.08173696809818
ENSSSCG00000001206,2.64973397156036,2.96726196308175
ENSSSCG00000001207,3.73207053122084,3.82891367424594
ENSSSCG00000025335,4.11799311054219,4.45685102861095
ENSSSCG00000001209,3.51757762897685,4.34306192035883
ENSSSCG00000037512,1.93190203123131,2.23061850955662
ENSSSCG00000029425,5.10893048291671,4.92715666566598
ENSSSCG00000057382,0.273552666612953,-0.702622497962026
ENSSSCG00000001232,0.515080245807192,1.29275702200006
ENSSSCG00000061628,-0.525404570246514,-0.871778856036138
ENSSSCG00000001471,8.37574329250514,8.27168276426266
ENSSSCG00000063586,-0.774434225214997,-1.28451287928067
ENSSSCG00000063578,1.51650785122028,0.930627626435109
ENSSSCG00000044205,0.183136955639335,-0.624943747829482
ENSSSCG00000062260,2.25404409223782,3.11607796930512
ENSSSCG00000001474,6.00807867849159,5.69121732285672
ENSSSCG00000018622,-1.60995061428548,-0.230414558288775
ENSSSCG00000000522,8.35275721634076,8.36670416686403
ENSSSCG00000032321,5.69085941256581,4.85273840097803
ENSSSCG00000035495,4.98059538171392,5.01167000204327
ENSSSCG00000000927,3.18044883327868,3.69522755672695
ENSSSCG00000000926,5.25340474682323,5.69406179692953
ENSSSCG00000000523,3.56757790427603,3.87643342550793
ENSSSCG00000027503,4.99561623806536,5.0327960096912
ENSSSCG00000000925,4.0714928252209,4.69886292122149
ENSSSCG00000036744,-0.868009231170092,0.212017947135459
ENSSSCG00000000934,5.44189128013448,5.71007540015439
ENSSSCG00000040399,0.399364956748047,-0.871778856036138
ENSSSCG00000000936,0.438976972203651,-1.86487943217923
ENSSSCG00000000940,1.81633565189514,2.56487093313837
ENSSSCG00000000939,5.21968628940701,5.2088535989099
ENSSSCG00000040348,0.622199479864748,-0.119711717242417
ENSSSCG00000031716,5.29851729291031,4.06109421530442
ENSSSCG00000000932,-0.451110226541143,-1.86487943217923
ENSSSCG00000034948,4.99395495627502,6.11852244352302
ENSSSCG00000031580,4.52927125278867,4.5073171578948
ENSSSCG00000000920,5.99484985216915,5.49532500833184
ENSSSCG00000000473,6.13334048049125,5.73514898507128
ENSSSCG00000043102,4.51775584817305,3.09327503299889
ENSSSCG00000037910,7.48753764896161,6.25896951482147
ENSSSCG00000024065,6.08031185087114,6.4990831450395
ENSSSCG00000000475,3.01338605067572,2.91620519333423
ENSSSCG00000000941,3.59413760265918,3.49231184990847
ENSSSCG00000038987,3.2710279851024,3.21972638842588
ENSSSCG00000061326,0.229053005082177,0.409538950709052
ENSSSCG00000053882,0.784753030569422,1.70740881248283
ENSSSCG00000054466,-0.313099436094831,-0.702622497962026
ENSSSCG00000053777,-0.868009231170092,-2.53471534769233
ENSSSCG00000055447,0.183136955639335,1.12302483629253
ENSSSCG00000059748,4.09647935018081,4.23001443683658
ENSSSCG00000000477,3.41205745805196,3.59327695279127
ENSSSCG00000054456,-0.868009231170092,-2.85117878809169
ENSSSCG00000041180,5.50039873113161,4.09592418918778
ENSSSCG00000000478,2.41167389764734,2.80832874093041
ENSSSCG00000044141,1.97295929665426,2.04107042155791
ENSSSCG00000000516,1.57100848239729,-0.78472289261437
ENSSSCG00000000517,6.27071208903704,6.25448028279177
ENSSSCG00000022055,-0.774434225214997,-1.6964847871246
ENSSSCG00000000519,4.62682929890177,6.27235399974426
ENSSSCG00000033524,3.12080585067565,3.19316420856271
ENSSSCG00000000483,5.38851745148493,5.40446615262494
ENSSSCG00000032595,6.54707141554331,6.09575841752458
ENSSSCG00000000486,4.77927763142993,4.47239801062046
ENSSSCG00000000487,3.13895906363686,2.29198550125994
ENSSSCG00000000488,5.7667597318315,5.39050534647045
ENSSSCG00000035404,-0.313099436094831,-0.289123515071902
ENSSSCG00000023630,0.689434225427014,0.904668467894398
ENSSSCG00000038031,5.62476651760348,5.80435078107135
ENSSSCG00000000492,3.99382684223589,3.64906686383064
ENSSSCG00000037845,3.78298207960371,3.05248152111906
ENSSSCG00000000493,3.49426444992898,3.53524252347769
ENSSSCG00000000496,7.64190232348402,7.77347859296235
ENSSSCG00000000499,1.40091172062405,1.42647607361694
ENSSSCG00000000500,5.49218439551075,5.96212711463591
ENSSSCG00000023936,0.815176045257344,1.3895183870631
ENSSSCG00000000502,5.92682261005745,6.38518980197844
ENSSSCG00000031173,-0.187145967968861,0.124759019246936
ENSSSCG00000000504,4.9500761910517,4.3382212832415
ENSSSCG00000025969,1.623524972916,1.9036587274475
ENSSSCG00000055572,2.05172648705434,2.33149300780735
ENSSSCG00000030511,4.53156334491792,5.47562288702007
ENSSSCG00000000509,5.95271017445832,6.48217792669784
ENSSSCG00000021270,4.62897163062413,4.8862879538409
ENSSSCG00000000510,5.1938699938379,5.24809248843103
ENSSSCG00000000512,4.98059538171392,4.74713814699021
ENSSSCG00000000599,4.77154118338875,4.37885807754393
ENSSSCG00000000515,2.75548937239974,2.8965832451145
ENSSSCG00000054160,7.03864758000382,7.15198227687875
ENSSSCG00000048992,0.0359102671599988,-0.289123515071902
ENSSSCG00000045667,1.16144525464261,2.0048735807178
ENSSSCG00000053428,0.958352864156609,2.23061850955662
ENSSSCG00000047171,-2.20115708176131,-0.964427270899581
ENSSSCG00000046584,-1.976085364955,-0.174001573015732
ENSSSCG00000052508,1.67419673092923,1.99260329927285
ENSSSCG00000000571,2.50793871030225,2.72177442956269
ENSSSCG00000054950,-1.19180123640617,-0.174001573015732
ENSSSCG00000000573,3.02644675824992,3.12172282970965
ENSSSCG00000034733,6.68421839813678,5.45004995148061
ENSSSCG00000059025,5.65556675244869,5.70067717402462
ENSSSCG00000021410,6.7077195492027,6.46729087743245
ENSSSCG00000000600,6.30528274072034,5.52970012088263
ENSSSCG00000000844,5.0137651842862,5.45229176801991
ENSSSCG00000031329,2.68310743737727,3.01050088731778
ENSSSCG00000000846,5.18516087136045,5.51368871596883
ENSSSCG00000000848,5.38218106576342,3.87976854376592
ENSSSCG00000000847,6.31928039021148,5.11150185555258
ENSSSCG00000056928,4.36676028941965,4.50083387288934
ENSSSCG00000000849,11.610130824288,8.85134225194212
ENSSSCG00000039397,6.54707141554331,7.00739552684293
ENSSSCG00000000853,4.8229746562625,4.9093168986526
ENSSSCG00000000570,5.67953540281485,5.71568508830354
ENSSSCG00000000576,9.09186499906838,8.70273362635277
ENSSSCG00000036499,-0.774434225214997,0.445993691080189
ENSSSCG00000000854,-0.380455165278715,-0.481109027935221
ENSSSCG00000032580,6.88534226859342,6.7465759848522
ENSSSCG00000032123,2.53560868035451,1.25215911194267
ENSSSCG00000000579,5.78031605664214,4.9590380114504
ENSSSCG00000000580,4.07463990953506,3.96073510287991
ENSSSCG00000000583,4.09957245624403,3.821995538918
ENSSSCG00000000584,0.874162537149699,2.3887969274946
ENSSSCG00000028662,5.70615938259116,5.6537195660185
ENSSSCG00000000587,4.79462716891182,4.74531097230522
ENSSSCG00000000588,5.41110073973308,5.26986310826736
ENSSSCG00000000837,2.49859618532626,1.25215911194267
ENSSSCG00000000843,4.76765734603905,4.21160498650596
ENSSSCG00000000136,2.43144759083636,0.212017947135459
ENSSSCG00000000137,2.87583196824894,2.54819961906087
ENSSSCG00000000789,3.8688770527107,3.73259770428485
ENSSSCG00000040822,0.815176045257344,2.14451141952173
ENSSSCG00000000791,2.45095392453259,3.76181214268344
ENSSSCG00000031701,4.62253506799777,4.60525962591967
ENSSSCG00000031775,4.32508531169335,4.30387428077335
ENSSSCG00000000793,5.80421141415611,5.51476168912881
ENSSSCG00000034066,4.0524647763966,4.07570902894581
ENSSSCG00000034491,4.24633721660844,4.41608635552787
ENSSSCG00000000779,3.98046607575606,4.55816054417849
ENSSSCG00000000138,2.22034075006793,0.0318806818288641
ENSSSCG00000000139,5.97982097262823,5.76521424697553
ENSSSCG00000000783,3.72407603371596,3.68763594710554
ENSSSCG00000038190,4.78889021334941,4.52446481708795
ENSSSCG00000000133,6.59552924346189,6.32834991959083
ENSSSCG00000000784,4.42955908949299,5.0327960096912
ENSSSCG00000039587,1.93190203123131,1.99260329927285
ENSSSCG00000038966,7.13185964227123,7.1206111118444
ENSSSCG00000060319,-0.525404570246514,-1.06343627958185
ENSSSCG00000000816,3.2320974322928,3.34083015316952
ENSSSCG00000021129,5.98149860036154,6.00399050646674
ENSSSCG00000021024,-0.071311274400066,0.445993691080189
ENSSSCG00000000239,0.316720715261423,-3.82416175559903
ENSSSCG00000021654,1.38071206478968,1.5319870059135
ENSSSCG00000024474,1.38071206478968,-1.86487943217923
ENSSSCG00000000240,3.46097984212366,-2.27533557831912
ENSSSCG00000000798,6.85820548299787,6.59503341105615
ENSSSCG00000043201,-1.78143407576197,-1.06343627958185
ENSSSCG00000060059,-0.6037335549306,-2.53471534769233
ENSSSCG00000000130,1.38071206478968,1.73713253770228
ENSSSCG00000021944,3.72407603371596,2.66104503944852
ENSSSCG00000029412,-1.60995061428548,0.0318806818288641
ENSSSCG00000055678,6.60045046659464,2.39813013632454
ENSSSCG00000029668,3.13293333695807,2.06470675742136
ENSSSCG00000026067,2.36102042350312,2.40740335383752
ENSSSCG00000000135,4.7734791882503,3.99496973430403
ENSSSCG00000000252,9.26525972092604,9.26786337279188
ENSSSCG00000000807,4.19231047185544,2.95466616546181
ENSSSCG00000051741,-0.451110226541143,-2.27533557831912
ENSSSCG00000000253,7.71859324812407,6.03722549476816
ENSSSCG00000000808,6.67802417828967,6.56271657642229
ENSSSCG00000032028,8.50120875227064,7.97070873328237
ENSSSCG00000000263,6.75605601433397,6.79330591339879
ENSSSCG00000026597,2.08955398431033,-1.16974403207503
ENSSSCG00000000810,6.29654897312109,5.05509290607859
ENSSSCG00000000811,4.28760524652537,3.31149385632478
ENSSSCG00000043909,5.90753874027632,5.54868215481803
ENSSSCG00000021166,5.52130901848514,5.38464823424468
ENSSSCG00000033142,2.83929183176385,3.4024168103526
ENSSSCG00000000262,6.62050762311738,6.2173955986016
ENSSSCG00000000261,5.32518714314715,4.4877792376076
ENSSSCG00000023526,5.1938699938379,5.18613514443708
ENSSSCG00000000260,-1.19180123640617,-1.28451287928067
ENSSSCG00000036775,5.29851729291031,5.66632742027735
ENSSSCG00000027859,7.11896115365377,7.05979383285063
ENSSSCG00000000259,4.99395495627502,4.52659401443999
ENSSSCG00000020864,0.13571138072984,0.333743892305565
ENSSSCG00000028397,6.16764008837359,5.68931788631331
ENSSSCG00000025523,-0.868009231170092,-0.78472289261437
ENSSSCG00000036564,5.82211081794327,6.08062191629645
ENSSSCG00000000257,0.753674621171028,0.253744895693059
ENSSSCG00000000258,5.22252645663605,6.01540683919357
ENSSSCG00000049975,0.930831724376776,1.96774514707322
ENSSSCG00000000264,5.01867552772342,4.76167282931235
ENSSSCG00000000265,2.01288038415818,-0.481109027935221
ENSSSCG00000055785,-1.45670196380968,-1.16974403207503
ENSSSCG00000049194,-0.6037335549306,-0.289123515071902
ENSSSCG00000046790,-0.6037335549306,-1.54570714867312
ENSSSCG00000063156,0.844970737784426,0.823864935560437
ENSSSCG00000058075,-0.0167046405169091,0.0318806818288641
ENSSSCG00000055016,3.74002097233019,3.36958178393062
ENSSSCG00000060938,-2.20115708176131,-0.78472289261437
ENSSSCG00000000267,6.06536088094133,5.95818871651811
ENSSSCG00000046295,4.67531556037161,4.77068320310956
ENSSSCG00000000268,4.31979026323652,3.70654059047283
ENSSSCG00000000272,5.52130901848514,5.23773269355231
ENSSSCG00000000271,1.0885945093173,1.548845627756
ENSSSCG00000000273,6.55835609197605,6.33383180622905
ENSSSCG00000000274,8.97662173289542,8.96236902583675
ENSSSCG00000000275,4.87263742243448,3.90290095805923
ENSSSCG00000000276,6.18011246553698,5.00098984520581
ENSSSCG00000000277,1.36022556587904,1.12302483629253
ENSSSCG00000000278,6.15802909907787,6.2987561121666
ENSSSCG00000062561,7.22331758642687,7.29280224635382
ENSSSCG00000028481,6.99737146625111,7.03682331106635
ENSSSCG00000022728,1.55306939928711,-1.86487943217923
ENSSSCG00000034474,1.1132890985785,2.71432159307234
ENSSSCG00000038644,3.52679842945291,5.18882654694905
ENSSSCG00000030585,3.86524692547764,4.55816054417849
ENSSSCG00000040798,2.64973397156036,2.85652010228678
ENSSSCG00000038993,7.35727446551059,7.31576136822334
ENSSSCG00000039191,7.09281297573084,6.85094205036963
ENSSSCG00000000288,8.74698982764326,8.37293030803893
ENSSSCG00000000289,-1.78143407576197,-1.06343627958185
ENSSSCG00000000290,7.5277046596074,6.94349173389737
ENSSSCG00000000292,3.72006211070162,3.44356408236478
ENSSSCG00000000293,6.48219222024598,6.32896004775322
ENSSSCG00000026333,-0.451110226541143,-2.85117878809169
ENSSSCG00000000295,2.75548937239974,1.91670578029932
ENSSSCG00000000297,2.83187141988282,2.25136556593904
ENSSSCG00000000298,1.81633565189514,4.45461629104527
ENSSSCG00000000120,4.97218238575621,4.98714100494434
ENSSSCG00000000121,0.183136955639335,-0.119711717242417
ENSSSCG00000029945,2.95992771317643,3.06425498526989
ENSSSCG00000039348,7.00522699825453,6.91329674276621
ENSSSCG00000020777,6.2884398344606,7.51550393156562
ENSSSCG00000021663,4.53156334491792,4.7598639818861
ENSSSCG00000033854,8.40744548600166,7.80473876203793
ENSSSCG00000034632,1.31835862021284,2.16652477447692
ENSSSCG00000028531,2.35067276244516,2.8965832451145
ENSSSCG00000024895,6.48396863008673,6.56219772906786
ENSSSCG00000021728,-0.313099436094831,-1.16974403207503
ENSSSCG00000026108,-1.976085364955,-1.06343627958185
ENSSSCG00000025260,5.82023709398558,5.15481765948851
ENSSSCG00000030209,2.72376707845927,2.05293699456738
ENSSSCG00000024221,5.25479272385376,5.35739495105277
ENSSSCG00000000141,7.72986548978827,7.72307724197728
ENSSSCG00000000142,3.54052006264698,3.94808194064584
ENSSSCG00000000144,6.30795945134763,6.20880250411737
ENSSSCG00000000162,2.80180211518241,4.04632983398618
ENSSSCG00000000164,5.41607160017729,5.33083583776941
ENSSSCG00000039109,3.92575018851997,4.66833166578833
ENSSSCG00000038968,6.98027289511573,6.40210402548439
ENSSSCG00000000167,4.52237304559854,5.15894130909365
ENSSSCG00000052141,-1.78143407576197,-0.871778856036138
ENSSSCG00000057209,4.90658799498234,4.79561692122977
ENSSSCG00000024881,5.04458544686757,5.21282586299017
ENSSSCG00000000171,5.62691191236823,3.63729216539682
ENSSSCG00000032861,4.02344370410475,4.31130350329433
ENSSSCG00000000232,4.37699361041059,3.52249692414717
ENSSSCG00000000233,4.84709984198571,4.67794227364016
ENSSSCG00000000234,2.4891927659918,1.69231410194732
ENSSSCG00000031321,4.0492688917079,2.36994739547508
ENSSSCG00000033687,4.54296949803801,4.48559193398023
ENSSSCG00000040636,1.81633565189514,1.8772052214074
ENSSSCG00000000248,2.25404409223782,1.21038560183454
ENSSSCG00000000250,-0.525404570246514,-3.82416175559903
ENSSSCG00000037806,2.38149571811378,-2.53471534769233
ENSSSCG00000000131,4.26849363650016,2.3887969274946
ENSSSCG00000062762,0.72191195620079,0.294298826806809
ENSSSCG00000055168,-1.45670196380968,-0.702622497962026
ENSSSCG00000042139,4.60087006612891,2.83606345429926
ENSSSCG00000058508,1.25318803729539,2.17740676095809
ENSSSCG00000059218,2.63275319451676,3.70654059047283
ENSSSCG00000045128,4.54069547030218,2.58952216140678
ENSSSCG00000043586,-0.96807720485524,-0.702622497962026
ENSSSCG00000042921,1.64061407306523,2.73656558548579
ENSSSCG00000053175,6.37714095710501,6.42853325326065
ENSSSCG00000044335,-1.45670196380968,0.294298826806809
ENSSSCG00000053804,0.815176045257344,1.96774514707322
ENSSSCG00000041189,3.57648557637632,4.58292571865496
ENSSSCG00000047641,-0.774434225214997,-1.86487943217923
ENSSSCG00000057223,1.29696053674266,-0.702622497962026
ENSSSCG00000053481,1.13756809465378,-0.624943747829482
ENSSSCG00000062487,3.13895906363686,3.68382510911523
ENSSSCG00000029249,2.24289690050099,3.92889165486827
ENSSSCG00000000950,3.66683866522758,1.61437655810064
ENSSSCG00000000951,5.55098756373722,6.42282881294226
ENSSSCG00000000952,5.27682065017725,5.62121123871853
ENSSSCG00000000943,-0.868009231170092,-2.53471534769233
ENSSSCG00000038973,7.44074268756389,7.83876730552903
ENSSSCG00000036560,6.62319678790631,6.72263087828832
ENSSSCG00000000948,-0.774434225214997,-1.6964847871246
ENSSSCG00000025041,3.89759385518177,4.43661266768852
ENSSSCG00000043130,0.358634535634919,1.18903632798696
ENSSSCG00000044577,0.72191195620079,0.445993691080189
ENSSSCG00000000890,4.25190830353837,4.22215341960819
ENSSSCG00000000873,5.56783611966174,2.72918896313589
ENSSSCG00000038487,3.92226055202717,4.82186191785048
ENSSSCG00000000862,5.56895239133963,5.8157135540232
ENSSSCG00000036075,4.58108943663398,5.23773269355231
ENSSSCG00000023972,3.79829246233803,2.9031535920818
ENSSSCG00000000863,-0.248748603557596,1.21038560183454
ENSSSCG00000000864,6.16247289762601,6.6580588801101
ENSSSCG00000000866,0.689434225427014,0.550136777985776
ENSSSCG00000000867,2.7633121446217,2.59764651471072
ENSSSCG00000000870,7.47121209970152,7.03794324871072
ENSSSCG00000000869,4.30914150482149,4.69318731035375
ENSSSCG00000047368,-0.187145967968861,-0.0673909604895641
ENSSSCG00000000874,1.60623101893403,-0.35032329061541
ENSSSCG00000000875,-0.6037335549306,-2.05555929136582
ENSSSCG00000038946,-0.313099436094831,2.73656558548579
ENSSSCG00000000877,6.31329801977469,6.20215742637422
ENSSSCG00000036721,-2.20115708176131,-0.702622497962026
ENSSSCG00000025682,4.90658799498234,5.14791860904114
ENSSSCG00000026697,6.51788949812381,6.98124145223467
ENSSSCG00000022083,2.23166290725657,1.31263544737941
ENSSSCG00000000884,5.17346631733677,6.36212584322221
ENSSSCG00000038772,4.75790176179072,3.72148794745697
ENSSSCG00000000886,8.61095172458873,8.39159514655691
ENSSSCG00000000856,1.77049457016102,-0.702622497962026
ENSSSCG00000000857,4.29841356141105,4.43887544564125
ENSSSCG00000000859,0.58736937234432,-0.0169014492655093
ENSSSCG00000000860,2.67483616828021,2.60572537283493
ENSSSCG00000033574,7.48280742234467,8.0187704804132
ENSSSCG00000000905,5.10123545853303,5.71381761480263
ENSSSCG00000000906,2.38149571811378,3.49666286288836
ENSSSCG00000024563,6.04223801060134,6.38518980197844
ENSSSCG00000000907,4.69180549873651,6.51739938052273
ENSSSCG00000053891,5.73528699987266,5.06830748898315
ENSSSCG00000030478,3.75186508246608,4.04929482275839
ENSSSCG00000000908,6.5544164878465,6.39571160705486
ENSSSCG00000040056,5.68777985076774,6.20614814477029
ENSSSCG00000044340,5.86727294530077,6.43987491022669
ENSSSCG00000054432,-1.78143407576197,0.738265774167816
ENSSSCG00000056574,-1.60995061428548,-0.289123515071902
ENSSSCG00000051152,-1.19180123640617,-0.0169014492655093
ENSSSCG00000060820,-1.45670196380968,0.0790671408551012
ENSSSCG00000041533,-1.19180123640617,-1.28451287928067
ENSSSCG00000055544,1.623524972916,2.31187448705517
ENSSSCG00000054173,-1.60995061428548,-1.28451287928067
ENSSSCG00000054130,-1.78143407576197,-0.35032329061541
ENSSSCG00000044054,-0.774434225214997,-1.16974403207503
ENSSSCG00000058405,0.273552666612953,-0.0169014492655093
ENSSSCG00000050072,-0.313099436094831,0.583244978335558
ENSSSCG00000018262,-0.380455165278715,-0.78472289261437
ENSSSCG00000000910,2.49859618532626,2.28193723327874
ENSSSCG00000057823,1.25318803729539,0.85130538708557
ENSSSCG00000031925,2.38149571811378,3.05248152111906
ENSSSCG00000000107,6.34752534585891,6.89445954068488
ENSSSCG00000000108,5.77452179396242,5.43765730178753
ENSSSCG00000031660,0.13571138072984,-0.871778856036138
ENSSSCG00000051883,5.09814591967378,4.94636989053278
ENSSSCG00000022364,4.16599508484442,3.49231184990847
ENSSSCG00000034776,-0.868009231170092,0.212017947135459
ENSSSCG00000000002,1.73910410091577,0.738265774167816
ENSSSCG00000000003,6.80945209526618,5.86534625862362
ENSSSCG00000035583,-0.525404570246514,-0.871778856036138
ENSSSCG00000000005,4.17188457053865,4.19563630031025
ENSSSCG00000000006,2.40168448112881,2.86327503004226
ENSSSCG00000032428,5.89691060160545,5.55808032852045
ENSSSCG00000027365,3.96019002095856,4.32360115223717
ENSSSCG00000024864,6.76338823093105,6.2074759349005
ENSSSCG00000000010,10.6110950264411,8.98228598649678
ENSSSCG00000024718,7.71330257536354,7.46976142435344
ENSSSCG00000032971,0.874162537149699,1.5319870059135
ENSSSCG00000000967,7.15397222260669,7.27391473093732
ENSSSCG00000031420,3.54506509105138,3.33111751872742
ENSSSCG00000000965,3.37168884069489,3.34566205935238
ENSSSCG00000000964,6.47208437148029,6.12275099777246
ENSSSCG00000034843,6.08500120042345,6.71237938139937
ENSSSCG00000032820,5.62369262264826,6.19079007226016
ENSSSCG00000000647,2.75548937239974,0.0318806818288641
ENSSSCG00000000645,6.54310083261714,6.56375371167544
ENSSSCG00000000748,-0.128066380263549,-1.54570714867312
ENSSSCG00000000749,-0.313099436094831,-3.25715427767274
ENSSSCG00000030076,0.689434225427014,-0.0169014492655093
ENSSSCG00000000751,2.87583196824894,2.72918896313589
ENSSSCG00000000719,5.27271595184586,5.34296880694927
ENSSSCG00000000720,2.43144759083636,3.03463919046406
ENSSSCG00000000721,1.67419673092923,2.18820728069852
ENSSSCG00000000722,1.06346985097485,1.4081155707733
ENSSSCG00000000723,4.70608118483071,4.9590380114504
ENSSSCG00000024219,3.54052006264698,3.33111751872742
ENSSSCG00000038694,4.11493928845344,4.32604815274097
ENSSSCG00000000728,3.74397982295811,3.36958178393062
ENSSSCG00000000732,1.4598672457525,1.00581493118192
ENSSSCG00000000730,1.06346985097485,0.372139121137058
ENSSSCG00000033327,3.61157625649599,3.4614817017213
ENSSSCG00000060236,2.03889365526185,2.94195942788852
ENSSSCG00000054928,1.44048186623276,0.904668467894398
ENSSSCG00000040334,5.97477635266745,5.68360452576482
ENSSSCG00000000092,4.20385387305167,5.75071537919199
ENSSSCG00000000093,6.86003056889037,6.67926773091441
ENSSSCG00000000095,6.79235003806565,6.62415868414929
ENSSSCG00000000094,7.16028124923461,7.88451692668671
ENSSSCG00000039555,5.22110707193471,5.30749824314358
ENSSSCG00000000097,6.29722268173173,6.37872182824881
ENSSSCG00000043051,5.80988788556403,6.0387181358968
ENSSSCG00000035577,4.80413835461514,5.46122435994378
ENSSSCG00000055522,5.01867552772342,5.84245362324048
ENSSSCG00000000103,0.183136955639335,0.98118532635575
ENSSSCG00000000104,9.34129499183712,10.0467074953738
ENSSSCG00000000105,6.00147942803176,4.14109351412293
ENSSSCG00000000955,5.11963502622843,4.53296281695554
ENSSSCG00000038763,4.79653442898202,4.9824950244844
ENSSSCG00000031441,5.73925884427569,6.02372177162696
ENSSSCG00000031361,8.25193541805049,8.870013633326
ENSSSCG00000000635,1.44048186623276,1.46251061004157
ENSSSCG00000000636,-0.96807720485524,-2.53471534769233
ENSSSCG00000000640,-0.128066380263549,-0.871778856036138
ENSSSCG00000040465,0.622199479864748,1.4081155707733
ENSSSCG00000026217,-1.60995061428548,-0.78472289261437
ENSSSCG00000029464,5.37963869856682,5.83043879794058
ENSSSCG00000000634,-1.19180123640617,-0.871778856036138
ENSSSCG00000000766,2.91146944267663,3.25611051968982
ENSSSCG00000054115,6.92772658678718,6.65368202927445
ENSSSCG00000040373,5.40985534386528,5.02679150841308
ENSSSCG00000000769,4.49444557226456,4.73981552237143
ENSSSCG00000000770,6.39109287514162,7.54337359253144
ENSSSCG00000027190,6.47744440590762,5.9190125560334
ENSSSCG00000060615,1.623524972916,1.3322436929096
ENSSSCG00000000774,5.74618336833823,5.14376328703917
ENSSSCG00000050087,-1.60995061428548,-1.16974403207503
ENSSSCG00000000778,1.99969571546966,0.738265774167816
ENSSSCG00000052986,0.930831724376776,0.550136777985776
ENSSSCG00000000656,0.273552666612953,0.583244978335558
ENSSSCG00000000653,-0.96807720485524,-2.27533557831912
ENSSSCG00000000734,4.20672534931271,3.65686361034676
ENSSSCG00000000735,6.14311679571619,6.21673640542722
ENSSSCG00000000736,2.95992771317643,1.96774514707322
ENSSSCG00000000737,6.72083540243692,6.46507226523986
ENSSSCG00000000738,5.4815539138041,3.72890394973383
ENSSSCG00000000739,2.69950905799353,0.372139121137058
ENSSSCG00000000740,2.1858311792755,2.25136556593904
ENSSSCG00000000741,2.73176328344457,3.99804206402155
ENSSSCG00000000742,4.9704938833126,4.63319352456153
ENSSSCG00000000743,10.1381502482684,8.89700964448224
ENSSSCG00000000744,-1.07560684537938,-2.27533557831912
ENSSSCG00000000745,4.45875838434298,4.73429905934596
ENSSSCG00000000746,5.18661604767241,5.55495440154216
ENSSSCG00000044015,-0.525404570246514,-0.0673909604895641
ENSSSCG00000024152,5.97814139180601,5.56223772315125
ENSSSCG00000049579,-0.313099436094831,0.372139121137058
ENSSSCG00000037609,5.09504975034944,4.96846663279424
ENSSSCG00000000633,6.32126901372203,6.5168639736592
ENSSSCG00000000753,6.90889574180497,6.89939735495607
ENSSSCG00000030165,1.80121655797197,1.14536595329469
ENSSSCG00000000110,4.83044085090812,4.47680940564299
ENSSSCG00000000754,3.78298207960371,4.45013640418746
ENSSSCG00000000755,6.19970254571176,6.2912618256567
ENSSSCG00000000111,2.01288038415818,1.51492905093733
ENSSSCG00000000759,1.72314896938536,1.14536595329469
ENSSSCG00000000113,-0.6037335549306,-0.871778856036138
ENSSSCG00000000114,5.16315523724786,4.93198401326023
ENSSSCG00000052463,2.56275792947573,2.96726196308175
ENSSSCG00000000116,4.95349926964163,5.68646403429335
ENSSSCG00000000757,6.32919620923277,6.21541711479831
ENSSSCG00000039315,0.551677535663921,-0.551234614202225
ENSSSCG00000026537,2.45095392453259,-2.85117878809169
ENSSSCG00000000117,6.54707141554331,6.78176456520796
ENSSSCG00000000118,6.43154335537968,6.49365146249731
ENSSSCG00000000119,7.97986948540792,7.65195753720149
ENSSSCG00000000760,0.930831724376776,-0.289123515071902
ENSSSCG00000023976,3.37168884069489,3.47477537670041
ENSSSCG00000059113,-0.451110226541143,-0.0673909604895641
ENSSSCG00000000007,3.89046806473539,3.97327825465553
ENSSSCG00000039522,4.15414349138175,4.99485121141109
ENSSSCG00000023749,-0.380455165278715,-2.27533557831912
ENSSSCG00000059591,0.844970737784426,-1.06343627958185
ENSSSCG00000000968,7.30998945703073,7.38809766931891
ENSSSCG00000000970,7.08034201681325,7.45976787827928
ENSSSCG00000034272,7.58538162539015,8.10927677687908
ENSSSCG00000000059,6.06852135522853,5.64786318524589
ENSSSCG00000034265,4.4826476578462,4.29140658982071
ENSSSCG00000000061,4.11493928845344,3.60541489159843
ENSSSCG00000000062,3.92923140453305,3.39311138158518
ENSSSCG00000000063,2.40168448112881,2.06470675742136
ENSSSCG00000000064,8.20370225223497,7.83426194851308
ENSSSCG00000035082,4.93975795223415,5.32473087335095
ENSSSCG00000037958,7.38827439739315,7.73923281117906
ENSSSCG00000035152,5.94413249670088,6.36748111546286
ENSSSCG00000033036,7.58344972377628,7.84496594880936
ENSSSCG00000028202,5.66081130886095,6.33322373533406
ENSSSCG00000000067,0.438976972203651,0.767366807455606
ENSSSCG00000000066,5.31057977378538,5.2975578125826
ENSSSCG00000000068,7.21549793349213,7.43107101119764
ENSSSCG00000034230,6.46010140211744,6.42054070626925
ENSSSCG00000033823,5.2352384674893,5.49749761615164
ENSSSCG00000000071,8.58194063752598,8.27532770551338
ENSSSCG00000000072,5.36171556486652,5.1820886029746
ENSSSCG00000000075,3.55861489141936,3.82545875338268
ENSSSCG00000000076,6.09278306942836,5.85436921442438
ENSSSCG00000000077,5.0747610448065,5.10153822700633
ENSSSCG00000000078,3.97710646081402,4.22477852083292
ENSSSCG00000000079,4.78889021334941,4.40223808444598
ENSSSCG00000000080,-1.19180123640617,-1.28451287928067
ENSSSCG00000000025,1.69069938953273,1.07727712061465
ENSSSCG00000000024,2.98020742906681,2.37940294608589
ENSSSCG00000028346,5.60965875432836,5.45117129519752
ENSSSCG00000027266,-1.45670196380968,-0.624943747829482
ENSSSCG00000000026,0.229053005082177,0.409538950709052
ENSSSCG00000060901,2.1974263314248,2.14451141952173
ENSSSCG00000000028,4.41721611177701,4.06695791884014
ENSSSCG00000038685,2.1974263314248,2.54819961906087
ENSSSCG00000035991,2.58940569507994,1.58198313393422
ENSSSCG00000039074,1.0885945093173,0.678241186296717
ENSSSCG00000035755,1.51650785122028,1.4081155707733
ENSSSCG00000026092,7.98364128151816,7.59729477397302
ENSSSCG00000035565,5.16905630371321,3.8460652516482
ENSSSCG00000034405,3.85795915304224,4.18219270048509
ENSSSCG00000000058,6.94459573616494,6.89734198581012
ENSSSCG00000000106,0.844970737784426,0.550136777985776
ENSSSCG00000049725,0.316720715261423,0.956127932608039
ENSSSCG00000056023,-0.313099436094831,0.678241186296717
ENSSSCG00000053202,-0.128066380263549,-0.119711717242417
ENSSSCG00000061791,-0.774434225214997,1.56550952137607
ENSSSCG00000060781,-1.31818014718968,-0.551234614202225
ENSSSCG00000063551,0.438976972203651,-0.551234614202225
ENSSSCG00000053509,2.25404409223782,1.25215911194267
ENSSSCG00000062767,-1.976085364955,-1.16974403207503
ENSSSCG00000052992,-1.60995061428548,-0.964427270899581
ENSSSCG00000052297,0.399364956748047,-0.174001573015732
ENSSSCG00000049044,-0.686560683805019,1.10033230279389
ENSSSCG00000062884,3.99382684223589,4.41608635552787
ENSSSCG00000058612,-1.07560684537938,-0.119711717242417
ENSSSCG00000060988,3.28739620076941,2.47951838830822
ENSSSCG00000060843,3.19208715058532,4.05815340206765
ENSSSCG00000047396,-0.071311274400066,-1.06343627958185
ENSSSCG00000018737,-1.31818014718968,-0.624943747829482
ENSSSCG00000000091,2.51722112452346,2.23061850955662
ENSSSCG00000054712,-0.96807720485524,0.124759019246936
ENSSSCG00000055899,1.97295929665426,2.29198550125994
ENSSSCG00000062516,-0.774434225214997,-1.40920704473941
ENSSSCG00000000455,5.21256131263037,5.54763412406406
ENSSSCG00000000456,1.1132890985785,1.9036587274475
ENSSSCG00000000361,8.83115697807172,8.15936340571435
ENSSSCG00000000363,3.03939028735737,3.19851591260962
ENSSSCG00000000364,5.06371701444658,4.99331246305197
ENSSSCG00000000365,6.37458968464991,6.28750003285826
ENSSSCG00000000366,6.32126901372203,6.39687597368155
ENSSSCG00000000367,5.2267762512193,5.13541656465696
ENSSSCG00000000368,4.47075246769041,2.96097781055992
ENSSSCG00000023715,8.19559459409471,7.97597719927999
ENSSSCG00000023788,4.38208317888707,4.35269474039829
ENSSSCG00000030998,0.844970737784426,3.30158101284314
ENSSSCG00000000469,4.67324100224767,4.82532545270496
ENSSSCG00000026004,7.03097241216089,7.60587914823244
ENSSSCG00000036237,7.91572887572258,6.66870227869173
ENSSSCG00000000545,4.39220876525379,4.54561669196661
ENSSSCG00000053091,0.958352864156609,1.75176786229133
ENSSSCG00000000547,4.83230137783426,4.5435154052219
ENSSSCG00000000549,6.13861288084036,5.61921729478744
ENSSSCG00000000551,1.57100848239729,1.05384751029812
ENSSSCG00000022288,4.30914150482149,3.87976854376592
ENSSSCG00000041972,4.96880340236247,4.83394808526107
ENSSSCG00000000553,4.9500761910517,4.61529822109948
ENSSSCG00000000554,4.0714928252209,4.2686895769555
ENSSSCG00000030443,4.55653890219201,4.41608635552787
ENSSSCG00000022611,4.79271738408291,5.05803995812813
ENSSSCG00000000359,5.0137651842862,4.66833166578833
ENSSSCG00000034686,-0.451110226541143,-3.82416175559903
ENSSSCG00000000457,4.8397195842579,4.7598639818861
ENSSSCG00000000458,6.11816943110182,5.86870707618672
ENSSSCG00000000534,5.91633610193717,6.08279402095725
ENSSSCG00000036751,5.88082013071857,5.0372830421401
ENSSSCG00000033383,-0.96807720485524,-0.0673909604895641
ENSSSCG00000000462,3.74397982295811,3.23543207783835
ENSSSCG00000029815,4.50614778903978,3.58920817305299
ENSSSCG00000039258,2.3712943946814,2.51426767165911
ENSSSCG00000000464,-0.525404570246514,-2.05555929136582
ENSSSCG00000000466,6.89338475785313,6.91329674276621
ENSSSCG00000024232,5.72930865499576,5.94073088773503
ENSSSCG00000031103,4.9136348017377,4.8270541069728
ENSSSCG00000045661,-2.20115708176131,-0.35032329061541
ENSSSCG00000000567,3.1568866930164,2.43487064882408
ENSSSCG00000039060,7.50309666359342,7.27581464864367
ENSSSCG00000040825,4.70810908584026,4.59920276842609
ENSSSCG00000000370,4.69998032258329,5.46344889287302
ENSSSCG00000000528,5.59109834236116,5.69595500203908
ENSSSCG00000027429,3.04581876338901,3.17155663273452
ENSSSCG00000000371,-0.248748603557596,-0.414234639036479
ENSSSCG00000000530,2.70764046952107,3.13852608806589
ENSSSCG00000062039,4.76765734603905,4.9824950244844
ENSSSCG00000000376,5.63119315446972,4.73797904407895
ENSSSCG00000031139,5.02030860192329,4.9076841093417
ENSSSCG00000020725,6.09975104239786,6.21541711479831
ENSSSCG00000000531,2.77883157464872,3.19851591260962
ENSSSCG00000053807,8.52771572103339,8.01327671331458
ENSSSCG00000030616,5.97393386506908,6.65611525220797
ENSSSCG00000000377,6.74078364248452,7.07150801507318
ENSSSCG00000034407,6.22116179363816,5.70726235517994
ENSSSCG00000033766,5.68469370130468,4.44789123329679
ENSSSCG00000033310,9.8784673190258,9.77710307518474
ENSSSCG00000033568,3.79448007211224,3.62938863615046
ENSSSCG00000000379,6.33182895771377,6.4101990794646
ENSSSCG00000022636,2.15047586045883,2.13337748815636
ENSSSCG00000037732,6.00065239517442,6.2259378131215
ENSSSCG00000036893,3.99382684223589,3.4024168103526
ENSSSCG00000026719,4.71215635638209,4.50083387288934
ENSSSCG00000038998,-1.60995061428548,-0.871778856036138
ENSSSCG00000027447,3.29820607603459,3.65297050406999
ENSSSCG00000000540,-1.78143407576197,-1.16974403207503
ENSSSCG00000063428,3.05221872192619,1.5319870059135
ENSSSCG00000000536,5.93116959148725,5.73146176517888
ENSSSCG00000000382,7.41893176883128,7.58329922394294
ENSSSCG00000000383,5.63865489283181,5.41714595316496
ENSSSCG00000000384,5.27134511973265,5.19820711165668
ENSSSCG00000000385,1.27524029214877,1.07727712061465
ENSSSCG00000000386,5.37963869856682,5.45788111591405
ENSSSCG00000025190,2.44123372499091,1.64605858351007
ENSSSCG00000035686,6.90093949494886,6.70722618602119
ENSSSCG00000000394,7.13072616768646,6.18068512932339
ENSSSCG00000000393,6.75360363767393,6.53231066570008
ENSSSCG00000000396,6.30394252075762,5.68646403429335
ENSSSCG00000000399,1.60623101893403,1.48019588742595
ENSSSCG00000000541,1.90386667628305,3.01050088731778
ENSSSCG00000000398,0.399364956748047,0.79589242289581
ENSSSCG00000000555,4.10265894494164,4.24302168950023
ENSSSCG00000028066,2.63275319451676,2.90969415186618
ENSSSCG00000000401,1.06346985097485,1.14536595329469
ENSSSCG00000000402,5.38091044219599,5.40562347787441
ENSSSCG00000042702,-0.686560683805019,-0.624943747829482
ENSSSCG00000052150,-1.976085364955,-1.16974403207503
ENSSSCG00000046199,0.0359102671599988,0.124759019246936
ENSSSCG00000000403,5.95868434786585,6.42853325326065
ENSSSCG00000059539,5.72430770674661,5.82092787800009
ENSSSCG00000062311,2.12641493269169,2.73656558548579
ENSSSCG00000000405,8.80403834369366,8.82919519188912
ENSSSCG00000000406,7.91463167287624,8.35026911051636
ENSSSCG00000060628,5.6857231514949,5.43425893098871
ENSSSCG00000020830,9.24375234812146,9.06362685391247
ENSSSCG00000026055,2.7633121446217,2.54819961906087
ENSSSCG00000027854,-0.380455165278715,0.294298826806809
ENSSSCG00000052675,-0.380455165278715,-1.06343627958185
ENSSSCG00000037701,3.60288327825035,4.01330633086429
ENSSSCG00000037617,2.86859760426546,3.39777159849472
ENSSSCG00000055762,5.72830985120476,1.59827076196444
ENSSSCG00000000413,1.47899559533112,0.372139121137058
ENSSSCG00000025542,3.34587253533682,3.57693252722526
ENSSSCG00000000411,4.14219373129512,4.9495473644986
ENSSSCG00000040435,6.87635326954543,6.82132813671115
ENSSSCG00000050398,1.9863894410033,2.90969415186618
ENSSSCG00000037077,5.19531641653183,4.53507951859307
ENSSSCG00000027621,2.30852357224583,1.3895183870631
ENSSSCG00000026498,6.76436305029614,6.8273861131248
ENSSSCG00000000453,3.08379945350479,3.30158101284314
ENSSSCG00000057523,2.67483616828021,2.17740676095809
ENSSSCG00000052454,0.183136955639335,0.956127932608039
ENSSSCG00000059428,-0.128066380263549,1.86379432043539
ENSSSCG00000019795,-1.45670196380968,-1.16974403207503
ENSSSCG00000037597,4.03641408310966,4.02540251895583
ENSSSCG00000039506,10.1179385513609,10.5354147508308
ENSSSCG00000052944,-0.96807720485524,-1.06343627958185
ENSSSCG00000000014,5.97730086756441,6.36391314362667
ENSSSCG00000031423,0.689434225427014,5.47562288702007
ENSSSCG00000000018,6.74967114344918,6.61568270937837
ENSSSCG00000000019,6.29587494975555,6.27931567542266
ENSSSCG00000000021,5.23101356380149,4.92715666566598
ENSSSCG00000021748,3.65847332354346,3.33598200946115
ENSSSCG00000000022,7.01180916762471,7.03794324871072
ENSSSCG00000060019,4.58330072513487,4.52446481708795
ENSSSCG00000059058,7.91638679711857,7.60310743629185
ENSSSCG00000039538,3.96358921455897,3.81852399093819
ENSSSCG00000038126,3.42197555369151,2.98595183448321
ENSSSCG00000000087,5.70615938259116,5.80873167576484
ENSSSCG00000020873,5.76481267341107,6.25768830188691
ENSSSCG00000040494,9.99433873497922,9.68138712682166
ENSSSCG00000060964,1.31835862021284,1.23142354660134
ENSSSCG00000000020,3.37168884069489,3.61345048558144
ENSSSCG00000000082,1.33944395982878,1.49766699261516
ENSSSCG00000018935,-1.45670196380968,-1.28451287928067
ENSSSCG00000034473,-0.6037335549306,-0.871778856036138
ENSSSCG00000031661,5.38091044219599,6.07190064623826
ENSSSCG00000000174,-0.868009231170092,-0.230414558288775
ENSSSCG00000000175,7.35014990782462,7.21737020224724
ENSSSCG00000032967,5.571182346918,5.45341137129948
ENSSSCG00000000176,5.85542826342625,5.7990760867579
ENSSSCG00000038562,1.83129794321605,1.14536595329469
ENSSSCG00000000179,6.59607687575041,6.56582574810781
ENSSSCG00000059895,6.21689540361184,4.28638918755986
ENSSSCG00000032202,6.60372198061182,6.43987491022669
ENSSSCG00000051954,5.35266980084835,4.92554395364835
ENSSSCG00000000182,0.656208489639131,0.372139121137058
ENSSSCG00000000183,-1.07560684537938,-2.27533557831912
ENSSSCG00000000185,5.85084659662721,5.75253572630294
ENSSSCG00000042640,7.16656280604324,7.8863833988107
ENSSSCG00000000186,-1.19180123640617,0.253744895693059
ENSSSCG00000000188,-0.686560683805019,-2.85117878809169
ENSSSCG00000000189,4.5108022266219,5.17531904247595
ENSSSCG00000000190,7.55359261516789,8.49103271943667
ENSSSCG00000000194,6.49692922756724,6.3585445860093
ENSSSCG00000061347,8.9561845517664,9.13531575731942
ENSSSCG00000000195,1.16144525464261,-0.119711717242417
ENSSSCG00000023176,0.844970737784426,-1.54570714867312
ENSSSCG00000000197,5.44675735151854,4.74531097230522
ENSSSCG00000000198,2.86132678081369,0.767366807455606
ENSSSCG00000000199,6.7218393925467,5.65274515197064
ENSSSCG00000000203,5.8817187693641,6.35495441677707
ENSSSCG00000000202,5.60748752937562,5.19285425985635
ENSSSCG00000053843,-0.187145967968861,0.124759019246936
ENSSSCG00000000205,3.03939028735737,3.40704711347586
ENSSSCG00000000204,5.76481267341107,6.16778308455565
ENSSSCG00000025114,4.18067396324146,3.73259770428485
ENSSSCG00000029652,9.5436360439861,9.0178174794993
ENSSSCG00000000209,4.54750682846432,4.13273128655751
ENSSSCG00000040144,3.48955626337053,4.08151375048664
ENSSSCG00000000207,7.03663175445198,7.43277495606554
ENSSSCG00000000206,4.84525831401773,3.26123414910473
ENSSSCG00000000211,5.57452083079784,0.372139121137058
ENSSSCG00000000212,-0.6037335549306,-3.82416175559903
ENSSSCG00000000217,2.75548937239974,1.18903632798696
ENSSSCG00000000216,0.183136955639335,0.708565629647667
ENSSSCG00000000215,6.7006074648354,6.60615025560041
ENSSSCG00000000214,5.12723279077222,5.90680402918139
ENSSSCG00000056361,3.32488162722013,3.72520071372487
ENSSSCG00000024932,5.5855936432373,5.53605525631129
ENSSSCG00000032269,5.97393386506908,5.69500871003376
ENSSSCG00000000661,6.19970254571176,5.95107239246147
ENSSSCG00000000665,5.9492852208475,7.05131512376812
ENSSSCG00000031712,2.93935885962289,1.05384751029812
ENSSSCG00000000668,3.7280788200133,3.69143674538927
ENSSSCG00000025531,6.27276875064886,6.99898568777806
ENSSSCG00000060176,-0.6037335549306,-2.05555929136582
ENSSSCG00000028552,5.35137290638597,6.16436854471474
ENSSSCG00000000559,5.79565460828945,5.71568508830354
ENSSSCG00000027144,4.81358724684029,4.8270541069728
ENSSSCG00000055387,-0.313099436094831,0.212017947135459
ENSSSCG00000050339,1.70701541088768,2.06470675742136
ENSSSCG00000026969,5.64607823695749,5.32105545577137
ENSSSCG00000033843,2.61557016783239,2.47069869532763
ENSSSCG00000040550,5.10893048291671,4.87630475270675
ENSSSCG00000000563,2.4891927659918,2.51426767165911
ENSSSCG00000029163,5.5097296282133,4.18758518243603
ENSSSCG00000041524,-0.686560683805019,-0.871778856036138
ENSSSCG00000055822,-1.976085364955,-1.28451287928067
ENSSSCG00000022925,5.28635310576143,3.89961894959634
ENSSSCG00000039580,3.13895906363686,3.8460652516482
ENSSSCG00000025179,5.55999794021735,5.31490887511496
ENSSSCG00000033146,3.38188738520723,1.03003110897365
ENSSSCG00000025252,5.83144310769255,5.93031471765407
ENSSSCG00000000672,3.08379945350479,2.23061850955662
ENSSSCG00000054936,-0.0167046405169091,0.678241186296717
ENSSSCG00000033913,3.53596067044172,2.92268698172859
ENSSSCG00000060530,6.90492310305854,5.66825734788469
ENSSSCG00000055651,6.52653385864965,5.80435078107135
ENSSSCG00000027205,4.34346641910837,4.9011344098055
ENSSSCG00000026812,5.06054598627753,5.3000493486593
ENSSSCG00000024655,6.47387326321275,6.3344396209407
ENSSSCG00000026919,-0.774434225214997,0.583244978335558
ENSSSCG00000025537,5.44189128013448,4.99638832032183
ENSSSCG00000040186,5.16315523724786,4.87128712629734
ENSSSCG00000025117,7.94332167474959,8.3775086190336
ENSSSCG00000028373,6.37075429655245,6.45895343059113
ENSSSCG00000000679,6.18303153842752,6.13954235458122
ENSSSCG00000025460,2.68310743737727,3.19851591260962
ENSSSCG00000000685,8.53844008327549,8.51616346733266
ENSSSCG00000000684,6.52365815634846,6.02145881131102
ENSSSCG00000000683,0.874162537149699,-1.16974403207503
ENSSSCG00000000682,1.33944395982878,1.8904926055864
ENSSSCG00000000681,6.08187666158928,5.50291486449861
ENSSSCG00000000680,0.0866736428889641,3.67617310087228
ENSSSCG00000000688,-2.46795088038493,-0.0673909604895641
ENSSSCG00000022176,7.84146184229823,7.99205341441782
ENSSSCG00000061945,1.49787364177406,1.70740881248283
ENSSSCG00000000690,7.11743607483812,6.99629951643051
ENSSSCG00000000691,5.44067219345813,5.27367111016234
ENSSSCG00000000692,-0.774434225214997,-1.28451287928067
ENSSSCG00000000702,6.26176585239736,6.1450963230789
ENSSSCG00000044078,5.38598623578128,5.41484880853839
ENSSSCG00000000700,3.57203861517619,3.13852608806589
ENSSSCG00000000699,2.16235749758156,2.09945066583008
ENSSSCG00000058536,1.49787364177406,1.86379432043539
ENSSSCG00000000697,7.78973772748541,8.00642763100399
ENSSSCG00000000696,5.36300319929253,5.64100055838378
ENSSSCG00000000695,4.58771315999164,4.45237808649548
ENSSSCG00000000694,10.6775118377592,9.68347595029642
ENSSSCG00000000693,4.83786860556221,4.56853107906096
ENSSSCG00000039662,3.98046607575606,4.10450186370333
ENSSSCG00000000703,3.22644916538749,4.48996323003244
ENSSSCG00000000704,6.18230232373356,5.93352771037352
ENSSSCG00000063084,0.13571138072984,0.79589242289581
ENSSSCG00000000706,6.27619001802438,6.25896951482147
ENSSSCG00000000707,5.52821230301143,5.72683944852764
ENSSSCG00000000708,6.46370675514285,6.41939529064542
ENSSSCG00000000709,3.43672601243127,3.91270242209889
ENSSSCG00000022230,8.38321888864439,8.62487545856893
ENSSSCG00000000601,0.902775359205073,-0.0673909604895641
ENSSSCG00000000602,7.36693341603684,7.40410973827681
ENSSSCG00000033337,4.43935799874297,3.91919993155247
ENSSSCG00000037697,8.55346250113963,8.82844028197801
ENSSSCG00000000607,-0.96807720485524,-0.871778856036138
ENSSSCG00000000611,6.50686509079998,6.39978278553626
ENSSSCG00000039307,4.78313035335911,4.51377143815058
ENSSSCG00000026724,0.844970737784426,0.98118532635575
ENSSSCG00000057970,0.656208489639131,1.64605858351007
ENSSSCG00000000612,6.06219346788241,6.30497174925713
ENSSSCG00000028516,5.86727294530077,6.17458801507568
ENSSSCG00000029196,5.46366050159774,4.9239294368481
ENSSSCG00000028060,5.99816844818499,6.17118956201463
ENSSSCG00000000228,1.86076489630265,1.37067834071865
ENSSSCG00000053489,-1.45670196380968,0.85130538708557
ENSSSCG00000016138,5.42965380765757,5.1409864083489
ENSSSCG00000033412,5.92508014343666,6.12977116216819
ENSSSCG00000050988,-2.20115708176131,-0.624943747829482
ENSSSCG00000034555,0.622199479864748,0.647265633957376
ENSSSCG00000000657,3.42690914917156,3.17155663273452
ENSSSCG00000000660,5.46125785720147,4.77963765158213
ENSSSCG00000000664,2.31917687589272,3.19851591260962
ENSSSCG00000040743,6.6960168266445,6.52912833904789
ENSSSCG00000000029,7.41583314452604,7.43900559211544
ENSSSCG00000000034,7.18815374075592,6.98589146488654
ENSSSCG00000000033,4.01363881748623,4.94318540286659
ENSSSCG00000000031,4.38462124576695,4.20895578306652
ENSSSCG00000000035,5.82585098103411,5.86786760549496
ENSSSCG00000000036,6.90448102273888,6.93469984704478
ENSSSCG00000000037,6.71932810601228,6.43874474840607
ENSSSCG00000026962,3.44160950748466,4.73614022506195
ENSSSCG00000033983,4.29841356141105,4.87128712629734
ENSSSCG00000034350,5.26447135259588,4.50083387288934
ENSSSCG00000037425,2.05172648705434,0.904668467894398
ENSSSCG00000032171,5.38091044219599,5.70726235517994
ENSSSCG00000000046,4.45875838434298,2.54819961906087
ENSSSCG00000000045,4.69385355143505,4.97627701815204
ENSSSCG00000020945,4.64387953334966,4.63319352456153
ENSSSCG00000000050,6.97101381885024,6.41882224163048
ENSSSCG00000038492,3.63734526362365,3.76542269970242
ENSSSCG00000000040,1.25318803729539,2.48828449091058
ENSSSCG00000042788,0.13571138072984,0.212017947135459
ENSSSCG00000000038,6.89338475785313,6.80738506028016
ENSSSCG00000019269,-1.45670196380968,-1.28451287928067
ENSSSCG00000019768,-1.60995061428548,-0.702622497962026
ENSSSCG00000000039,7.44439668320719,7.55254511003963
ENSSSCG00000044454,0.183136955639335,-0.119711717242417
ENSSSCG00000000156,5.0137651842862,5.10153822700633
ENSSSCG00000000157,2.56275792947573,2.99827857643353
ENSSSCG00000000158,5.87992093197214,5.60316574980417
ENSSSCG00000000160,4.37444207714264,4.8459338415019
ENSSSCG00000041669,-2.79553649653186,-0.174001573015732
ENSSSCG00000000161,5.04458544686757,5.3585906435283
ENSSSCG00000039316,1.53490444243865,1.58198313393422
ENSSSCG00000000619,3.2710279851024,2.8222627439312
ENSSSCG00000040275,4.71215635638209,4.64891622594314
ENSSSCG00000029545,-0.686560683805019,-1.28451287928067
ENSSSCG00000029592,0.958352864156609,-0.0673909604895641
ENSSSCG00000033149,4.79653442898202,4.81316652678404
ENSSSCG00000037144,5.63971771199746,5.67307090205004
ENSSSCG00000040400,-2.20115708176131,0.333743892305565
ENSSSCG00000044330,0.844970737784426,1.46251061004157
ENSSSCG00000034418,4.72623305365658,4.68748928322641
ENSSSCG00000032097,5.07318849289376,4.78142189117872
ENSSSCG00000032804,3.46578206002313,3.30158101284314
ENSSSCG00000000625,3.83957701418461,4.19027388372377
ENSSSCG00000000623,2.55376482786368,0.878233640758889
ENSSSCG00000040835,6.97480880798773,5.72776509738926
ENSSSCG00000000795,-0.071311274400066,-0.0673909604895641
ENSSSCG00000000800,2.51722112452346,2.53979115791429
ENSSSCG00000000799,3.37679712473895,2.47951838830822
ENSSSCG00000023868,1.97295929665426,1.79480357676921
ENSSSCG00000041764,5.68983362219319,4.95430049213742
ENSSSCG00000043418,4.20959112166562,5.43085253618089
ENSSSCG00000000765,6.55666900733792,6.19615057410542
ENSSSCG00000000764,3.66266205759027,3.55623811122485
ENSSSCG00000035218,1.69069938953273,1.64605858351007
ENSSSCG00000000443,2.72376707845927,1.83659263049607
ENSSSCG00000000437,2.29779101573986,1.3895183870631
ENSSSCG00000023318,5.8690866035283,5.89696227299772
ENSSSCG00000050998,4.48973797772101,4.04335873909601
ENSSSCG00000000431,6.15431544893751,6.22528251238936
ENSSSCG00000000444,7.5988329822195,7.52165493020295
ENSSSCG00000000439,1.81633565189514,2.3887969274946
ENSSSCG00000000436,7.99365145949852,6.19011860690421
ENSSSCG00000000449,7.3559817056131,7.39335757090329
ENSSSCG00000000435,6.68730556342762,7.02444627364027
ENSSSCG00000036029,1.29696053674266,1.79480357676921
ENSSSCG00000000433,3.86160764102687,3.08751753508833
ENSSSCG00000035875,7.50338862302822,6.59249486401396
ENSSSCG00000038732,2.1974263314248,2.16652477447692
ENSSSCG00000036731,6.07717712842339,5.87122256142432
ENSSSCG00000025092,6.26038457103919,6.28309884134831
ENSSSCG00000028637,0.438976972203651,0.253744895693059
ENSSSCG00000061324,3.42197555369151,3.4525507079545
ENSSSCG00000037619,3.53138682335892,2.57313489923399
ENSSSCG00000037767,4.34867543476549,4.50947179456649
ENSSSCG00000029571,0.985358817624548,1.79480357676921
ENSSSCG00000031707,7.72686815985035,7.95912876294825
ENSSSCG00000033013,4.18941013204578,4.22215341960819
ENSSSCG00000000842,5.46605915131498,6.02070370171788
ENSSSCG00000020533,1.1132890985785,2.22013201354959
ENSSSCG00000019918,0.399364956748047,1.00581493118192
ENSSSCG00000000841,6.73134261227379,7.12483355755803
ENSSSCG00000000840,5.38091044219599,5.64296464222036
ENSSSCG00000000839,4.69998032258329,5.12280523284831
ENSSSCG00000027792,2.63275319451676,3.24580834698678
ENSSSCG00000000838,3.97036366875897,3.66074623935973
ENSSSCG00000023803,5.18370422580084,4.22739885414628
ENSSSCG00000000891,7.18960590295234,6.37577222677998
ENSSSCG00000000893,1.90386667628305,0.169048095927475
ENSSSCG00000000894,-0.0167046405169091,-0.289123515071902
ENSSSCG00000000895,3.28196073689979,3.42084951981263
ENSSSCG00000000896,4.75004951746395,3.95125565027317
ENSSSCG00000030608,6.64876088688135,6.27615544123633
ENSSSCG00000052218,-1.45670196380968,-1.28451287928067
ENSSSCG00000061426,-1.60995061428548,-0.871778856036138
ENSSSCG00000063366,-1.19180123640617,-0.964427270899581
ENSSSCG00000000900,4.97218238575621,4.89620254742366
ENSSSCG00000000901,3.42690914917156,2.23061850955662
ENSSSCG00000056848,2.80180211518241,2.5565593570002
ENSSSCG00000000902,4.37444207714264,4.42752589772655
ENSSSCG00000000801,2.07705469961597,2.44391141993357
ENSSSCG00000035938,-1.19180123640617,-0.414234639036479
ENSSSCG00000035733,10.2022746122028,10.1556609952813
ENSSSCG00000033171,2.77109272783156,3.4024168103526
ENSSSCG00000032693,3.87971294905474,4.17948888215237
ENSSSCG00000000971,4.7480797603667,4.84080927699702
ENSSSCG00000000972,5.51321321429358,5.7044438144603
ENSSSCG00000000973,4.0714928252209,4.03739812999795
ENSSSCG00000000974,4.69794095515615,4.82186191785048
ENSSSCG00000000975,3.07753836957622,2.32171709503593
ENSSSCG00000044259,1.57100848239729,1.9036587274475
ENSSSCG00000044685,-0.187145967968861,-0.174001573015732
ENSSSCG00000000982,3.83215807275418,4.49214392126479
ENSSSCG00000000983,5.70514441718593,6.56789481289459
ENSSSCG00000032936,4.11493928845344,4.38356448850424
ENSSSCG00000000981,7.64904514848991,4.02238796674066
ENSSSCG00000000980,5.73329696958958,5.07705044142739
ENSSSCG00000052169,1.42083245509814,1.85025758473298
ENSSSCG00000035313,3.68342522284369,3.72148794745697
ENSSSCG00000061510,0.689434225427014,2.14451141952173
ENSSSCG00000000802,3.36656240498575,2.46182475270139
ENSSSCG00000038181,5.91984008071749,6.26344482103622
ENSSSCG00000063493,-1.976085364955,-1.16974403207503
ENSSSCG00000051329,-1.976085364955,-0.0169014492655093
ENSSSCG00000055214,-1.07560684537938,-0.624943747829482
ENSSSCG00000035790,7.3714188907286,7.1704826744002
ENSSSCG00000000915,8.8577752488965,7.84389911551608
ENSSSCG00000000916,8.40447839782593,6.6527075898649
ENSSSCG00000057104,0.273552666612953,-0.35032329061541
ENSSSCG00000000917,-0.774434225214997,-1.54570714867312
ENSSSCG00000027898,7.09164839208713,6.52487428787541
ENSSSCG00000028869,6.56452524458507,6.57356948786849
ENSSSCG00000000958,6.2596934341126,6.76292358236035
ENSSSCG00000056187,-0.96807720485524,-1.28451287928067
ENSSSCG00000033544,1.47899559533112,1.23142354660134
ENSSSCG00000056277,2.39162541398217,3.35527759167279
ENSSSCG00000063591,6.90359645549622,5.8008364618452
ENSSSCG00000000712,-0.380455165278715,-2.27533557831912
ENSSSCG00000000804,7.92883063251332,7.23407895250961
ENSSSCG00000052460,1.623524972916,0.98118532635575
ENSSSCG00000056755,2.40168448112881,3.37431850405851
ENSSSCG00000030685,5.01867552772342,5.0958136768621
ENSSSCG00000000806,5.99568021710541,6.31732325830403
ENSSSCG00000059840,0.0866736428889641,0.169048095927475
ENSSSCG00000028182,5.33833943482593,5.41369886314879
ENSSSCG00000000152,6.28096620275333,6.55751968683798
ENSSSCG00000046062,3.65847332354346,3.65686361034676
ENSSSCG00000000145,8.56021398877538,8.32800947654187
ENSSSCG00000000148,2.74762395114334,2.13337748815636
ENSSSCG00000031866,9.10904138020917,8.73324438890218
ENSSSCG00000036723,6.55554318720726,5.94869246247328
ENSSSCG00000036787,3.86524692547764,3.30158101284314
ENSSSCG00000058255,-0.187145967968861,1.2726008670673
ENSSSCG00000042498,-1.31818014718968,0.372139121137058
ENSSSCG00000016810,4.13919076147208,4.6272530531723
ENSSSCG00000031705,7.46522943263757,7.67229430894191
ENSSSCG00000031509,5.28363596796118,5.19017036770102
ENSSSCG00000027681,6.43583267510879,6.75477293840571
ENSSSCG00000032650,5.20826937500679,4.9239294368481
ENSSSCG00000036201,5.625839613781,3.94490123394478
ENSSSCG00000016817,5.80988788556403,5.06976833209942
ENSSSCG00000016821,4.45634755530598,3.69900843346431
ENSSSCG00000016823,5.74519618313172,5.16168387523602
ENSSSCG00000016824,7.06934079002977,6.24933256832297
ENSSSCG00000038326,3.59413760265918,3.83236034113543
ENSSSCG00000054460,0.316720715261423,0.0318806818288641
ENSSSCG00000016997,1.36022556587904,1.03003110897365
ENSSSCG00000016985,3.72006211070162,3.39777159849472
ENSSSCG00000016986,2.78652913044763,3.46592655108512
ENSSSCG00000016990,6.76485021308531,6.85051717559233
ENSSSCG00000016989,5.41110073973308,5.3173706507578
ENSSSCG00000016988,6.30192985349865,5.24809248843103
ENSSSCG00000035845,5.82678450871965,4.84422767507354
ENSSSCG00000016991,5.8416393796689,5.93192210846132
ENSSSCG00000016992,7.50397236470534,8.90991280976051
ENSSSCG00000027378,8.49725633026471,7.26915396131031
ENSSSCG00000023948,4.36161627946186,4.43661266768852
ENSSSCG00000022478,5.42719380733997,5.29880411848161
ENSSSCG00000023307,6.36947356464966,6.01009045752365
ENSSSCG00000021229,6.61132678612425,6.52806600166274
ENSSSCG00000017022,1.72314896938536,0.85130538708557
ENSSSCG00000032806,3.89046806473539,3.81155573333132
ENSSSCG00000017024,7.34592334451512,7.96679372421918
ENSSSCG00000033783,-1.78143407576197,0.253744895693059
ENSSSCG00000016998,8.83881244407336,8.52137775452785
ENSSSCG00000017000,3.34587253533682,3.79751742732588
ENSSSCG00000021902,6.80803464161835,6.80431696590525
ENSSSCG00000017003,-2.20115708176131,-0.0169014492655093
ENSSSCG00000017005,7.80970639730673,8.51830494240915
ENSSSCG00000017006,1.81633565189514,1.37067834071865
ENSSSCG00000017008,1.97295929665426,0.79589242289581
ENSSSCG00000017010,-2.79553649653186,-0.871778856036138
ENSSSCG00000025965,0.902775359205073,0.0318806818288641
ENSSSCG00000017012,7.11705455309989,4.27630172910488
ENSSSCG00000017014,5.95271017445832,6.00628101162847
ENSSSCG00000017015,5.75601824512826,5.50075040552738
ENSSSCG00000035456,5.98568415466604,6.216076910918
ENSSSCG00000017018,5.01867552772342,3.68763594710554
ENSSSCG00000016982,5.78224231763475,5.74341093486891
ENSSSCG00000016983,2.40168448112881,1.25215911194267
ENSSSCG00000043931,1.1132890985785,0.708565629647667
ENSSSCG00000046318,-0.774434225214997,-1.40920704473941
ENSSSCG00000053684,-3.82416175559903,-0.551234614202225
ENSSSCG00000058593,0.815176045257344,0.615610397484158
ENSSSCG00000045093,0.515080245807192,0.823864935560437
ENSSSCG00000052936,0.13571138072984,0.767366807455606
ENSSSCG00000056851,3.20363233164379,2.09945066583008
ENSSSCG00000016893,5.6660368690374,5.68931788631331
ENSSSCG00000016892,0.958352864156609,1.78060050223319
ENSSSCG00000057381,1.18493366366352,-0.119711717242417
ENSSSCG00000035012,6.86048647983676,6.11357341447669
ENSSSCG00000016934,4.48737840746095,4.84251948850174
ENSSSCG00000053180,2.62418726304154,2.27181848867676
ENSSSCG00000033814,5.49453612490598,5.46899526475408
ENSSSCG00000025194,5.16315523724786,5.08284977909638
ENSSSCG00000016885,4.50147828664791,3.49666286288836
ENSSSCG00000016884,4.7539809818569,4.30883134414237
ENSSSCG00000016887,2.93243688704098,2.66104503944852
ENSSSCG00000016888,5.25201543317233,5.19954222710953
ENSSSCG00000016894,0.753674621171028,0.738265774167816
ENSSSCG00000031337,4.58550862947328,4.5116232181288
ENSSSCG00000056604,-0.525404570246514,1.00581493118192
ENSSSCG00000016898,1.0885945093173,2.16652477447692
ENSSSCG00000016900,0.551677535663921,0.823864935560437
ENSSSCG00000016901,0.399364956748047,0.904668467894398
ENSSSCG00000016902,-0.313099436094831,-0.78472289261437
ENSSSCG00000016903,0.551677535663921,-1.6964847871246
ENSSSCG00000048484,3.29281126295419,-2.27533557831912
ENSSSCG00000021973,5.16463276826677,4.45013640418746
ENSSSCG00000036183,3.13293333695807,-0.78472289261437
ENSSSCG00000026849,3.26001175181962,1.44460584430091
ENSSSCG00000016907,5.37963869856682,5.20087610814675
ENSSSCG00000016911,6.03740734618676,5.76340983709907
ENSSSCG00000016912,4.66282322687629,4.70451629151158
ENSSSCG00000030343,3.37168884069489,3.57281732362671
ENSSSCG00000016913,0.0359102671599988,-2.27533557831912
ENSSSCG00000016915,-0.774434225214997,-1.28451287928067
ENSSSCG00000016916,5.75895568184726,6.25126511435064
ENSSSCG00000016918,5.26309266037784,5.72498636717766
ENSSSCG00000016919,0.815176045257344,1.16736637209713
ENSSSCG00000016920,4.48501497173124,5.00557674002046
ENSSSCG00000016922,6.66868269576762,6.71144380485001
ENSSSCG00000016925,5.9189648835465,4.72320244690084
ENSSSCG00000035276,-1.45670196380968,-1.16974403207503
ENSSSCG00000031796,2.3712943946814,3.56455153299002
ENSSSCG00000016929,4.554286179396,5.0755969571521
ENSSSCG00000055991,2.28697801836366,2.04107042155791
ENSSSCG00000036059,-0.187145967968861,-3.82416175559903
ENSSSCG00000061729,0.0359102671599988,0.212017947135459
ENSSSCG00000053766,-0.128066380263549,0.51625090059353
ENSSSCG00000046432,-1.78143407576197,-1.28451287928067
ENSSSCG00000058258,0.316720715261423,1.4081155707733
ENSSSCG00000057009,1.20804577791874,1.85025758473298
ENSSSCG00000060355,-0.868009231170092,-0.174001573015732
ENSSSCG00000059995,2.62418726304154,2.16652477447692
ENSSSCG00000056657,0.784753030569422,1.10033230279389
ENSSSCG00000059429,2.89019276770254,3.89961894959634
ENSSSCG00000049042,-1.976085364955,-1.28451287928067
ENSSSCG00000058458,-0.6037335549306,0.445993691080189
ENSSSCG00000051151,3.13895906363686,3.38843606237055
ENSSSCG00000029484,5.55662564025962,4.6092834499602
ENSSSCG00000016877,6.19609476525942,5.27999552869361
ENSSSCG00000016878,1.47899559533112,2.30196426756707
ENSSSCG00000032275,3.8688770527107,3.49666286288836
ENSSSCG00000026527,2.64126856623983,-0.871778856036138
ENSSSCG00000016873,0.784753030569422,0.647265633957376
ENSSSCG00000016872,8.11764149581326,7.26405843108093
ENSSSCG00000016871,4.96711093826374,6.80563266252243
ENSSSCG00000032979,3.98381788531011,3.5267579808414
ENSSSCG00000016876,3.46097984212366,3.84947123326037
ENSSSCG00000016874,6.25623277430183,6.34834914555766
ENSSSCG00000016882,5.03976264926855,4.29140658982071
ENSSSCG00000016827,4.7302298680067,4.8796401680909
ENSSSCG00000016826,2.66651720471281,1.99260329927285
ENSSSCG00000016828,5.1587135431876,5.18073722967591
ENSSSCG00000016829,3.69982325149067,1.56550952137607
ENSSSCG00000016830,4.32508531169335,3.94490123394478
ENSSSCG00000016831,6.59662430024219,7.82304489475191
ENSSSCG00000038727,1.65750311577385,-0.624943747829482
ENSSSCG00000016974,5.78320448452261,6.27298826933367
ENSSSCG00000023818,5.21256131263037,4.87630475270675
ENSSSCG00000016975,4.22949370163713,4.54981010610583
ENSSSCG00000016976,3.67929642676093,3.42084951981263
ENSSSCG00000027293,6.79950054888744,6.92706349623171
ENSSSCG00000029037,1.65750311577385,-3.82416175559903
ENSSSCG00000034500,4.02994346964027,2.39813013632454
ENSSSCG00000016832,-0.96807720485524,-1.06343627958185
ENSSSCG00000032726,7.30932168531161,7.78775160822017
ENSSSCG00000063417,-1.45670196380968,-1.06343627958185
ENSSSCG00000016957,-1.31818014718968,2.99827857643353
ENSSSCG00000016958,7.25279056055792,6.67543469481175
ENSSSCG00000022430,6.35724956827513,5.82439365327476
ENSSSCG00000016981,6.95359807993911,7.35553032198072
ENSSSCG00000055217,0.13571138072984,0.767366807455606
ENSSSCG00000030186,5.59439110826013,5.79466572850851
ENSSSCG00000016841,3.56310335838579,5.277469087269
ENSSSCG00000031990,2.81691510587633,3.01050088731778
ENSSSCG00000016842,6.07796144781656,6.50719251644826
ENSSSCG00000016938,5.35007484504589,5.26093848637382
ENSSSCG00000016843,5.41358831086513,6.25576434657004
ENSSSCG00000016845,4.89239027334682,4.81316652678404
ENSSSCG00000037608,2.98020742906681,2.57313489923399
ENSSSCG00000016941,2.23166290725657,2.06470675742136
ENSSSCG00000033581,-0.128066380263549,-3.82416175559903
ENSSSCG00000041202,4.45393269088626,4.53930362780532
ENSSSCG00000016942,4.62897163062413,4.46131014563678
ENSSSCG00000016943,7.00068427357482,7.6041159477691
ENSSSCG00000016946,1.33944395982878,1.49766699261516
ENSSSCG00000016945,4.17188457053865,4.32114999424609
ENSSSCG00000016948,3.79065758076546,4.31377143347378
ENSSSCG00000040603,2.11423229533454,2.57313489923399
ENSSSCG00000016778,3.71603698882729,3.73628202580504
ENSSSCG00000016954,6.70264306906979,6.98898316766375
ENSSSCG00000016846,4.32772556590621,4.138311486972
ENSSSCG00000029326,2.73176328344457,0.583244978335558
ENSSSCG00000027147,3.88689192745738,2.44391141993357
ENSSSCG00000037463,6.4161194048642,6.56892823358215
ENSSSCG00000061094,3.7280788200133,4.30387428077335
ENSSSCG00000016961,4.80792534096778,4.8796401680909
ENSSSCG00000016963,4.23231464574282,4.07279788632357
ENSSSCG00000053324,-1.78143407576197,-1.28451287928067
ENSSSCG00000048222,-0.313099436094831,-0.78472289261437
ENSSSCG00000037053,3.67100321646479,3.8392290700897
ENSSSCG00000062385,-1.78143407576197,-1.06343627958185
ENSSSCG00000038615,4.43935799874297,4.48996323003244
ENSSSCG00000016960,3.97036366875897,4.17406599580183
ENSSSCG00000061389,4.1088121830748,3.0286423715673
ENSSSCG00000016959,4.94320557130479,4.70639583599221
ENSSSCG00000021514,6.42662560910266,6.70534772371449
ENSSSCG00000028786,4.22099762230059,5.05656718461117
ENSSSCG00000016970,4.9704938833126,4.56439180639477
ENSSSCG00000016969,2.08955398431033,1.63030453743178
ENSSSCG00000016968,4.51544169628631,4.99023003397364
ENSSSCG00000016971,5.73628098657902,5.75162583985452
ENSSSCG00000057257,-1.19180123640617,-0.871778856036138
ENSSSCG00000041125,1.38071206478968,-0.702622497962026
ENSSSCG00000051049,1.69069938953273,-0.551234614202225
ENSSSCG00000041874,-0.774434225214997,-2.53471534769233
ENSSSCG00000059780,-1.31818014718968,-1.28451287928067
ENSSSCG00000039883,0.58736937234432,-0.0673909604895641
ENSSSCG00000043993,0.183136955639335,0.445993691080189
ENSSSCG00000050773,-0.774434225214997,-0.481109027935221
ENSSSCG00000058454,3.20937045959201,2.65327091878993
ENSSSCG00000048792,4.14219373129512,4.7580528636841
ENSSSCG00000063167,-1.31818014718968,-0.964427270899581
ENSSSCG00000041085,-1.19180123640617,-0.230414558288775
ENSSSCG00000016956,5.33964809332735,5.55077593509457
ENSSSCG00000016949,4.96541648635799,4.71575700283244
ENSSSCG00000039222,5.18224610802368,5.90925401352505
ENSSSCG00000026842,1.80121655797197,0.767366807455606
ENSSSCG00000032942,8.01817288103227,6.62167091547878
ENSSSCG00000022306,8.18434887971864,7.42879594962058
ENSSSCG00000016780,2.63275319451676,1.75176786229133
ENSSSCG00000039609,4.40476662179162,4.85443453794003
ENSSSCG00000028239,5.08259819521484,4.60525962591967
ENSSSCG00000016793,4.9380310482183,4.86119921482685
ENSSSCG00000016792,5.44554237150642,5.21546797586672
ENSSSCG00000016794,5.69393241476293,5.35739495105277
ENSSSCG00000017062,-0.96807720485524,-2.27533557831912
ENSSSCG00000017106,4.42216598209886,4.10450186370333
ENSSSCG00000032827,8.43831330740792,7.60814295846012
ENSSSCG00000017103,2.31917687589272,2.40740335383752
ENSSSCG00000017104,6.3885661779566,6.04986398922773
ENSSSCG00000035825,0.689434225427014,-0.702622497962026
ENSSSCG00000017102,5.41483048982722,5.70632345330499
ENSSSCG00000034302,7.56510632767088,7.48599150429911
ENSSSCG00000032698,7.65405046557764,7.95774867962831
ENSSSCG00000031800,0.399364956748047,-0.414234639036479
ENSSSCG00000033176,6.71429238065147,6.42168521322133
ENSSSCG00000017072,4.90305164195241,4.28135427487085
ENSSSCG00000034706,4.62468378118974,4.85612868314178
ENSSSCG00000017073,5.23804821192958,4.88794512498589
ENSSSCG00000017116,4.73819043121227,4.54561669196661
ENSSSCG00000022569,-2.20115708176131,2.02910543258505
ENSSSCG00000017076,-3.82416175559903,0.615610397484158
ENSSSCG00000021527,2.70764046952107,3.17155663273452
ENSSSCG00000040193,5.11658468135943,4.27123142631998
ENSSSCG00000017032,1.13756809465378,-1.28451287928067
ENSSSCG00000017033,5.55098756373722,5.7259132053783
ENSSSCG00000034522,3.82470078273387,4.1631586857311
ENSSSCG00000038662,3.22077869811913,3.12172282970965
ENSSSCG00000035993,4.16599508484442,3.79044671428864
ENSSSCG00000017036,3.46097984212366,4.72691080919883
ENSSSCG00000035118,6.20258228823707,6.3986207635141
ENSSSCG00000017037,-1.31818014718968,-1.28451287928067
ENSSSCG00000039607,6.05105243667255,6.10148318650514
ENSSSCG00000017038,4.63750928594988,5.15619351939602
ENSSSCG00000040528,4.78505286291507,4.88794512498589
ENSSSCG00000032090,6.47684982899222,6.30310986832418
ENSSSCG00000017041,-0.96807720485524,1.56550952137607
ENSSSCG00000017042,6.05185108412857,5.79995654280253
ENSSSCG00000020686,6.90226858687627,6.99014085019219
ENSSSCG00000017043,5.84809059609031,6.16710082279825
ENSSSCG00000017046,1.86076489630265,2.24102933224071
ENSSSCG00000058577,3.7868249346286,1.12302483629253
ENSSSCG00000036783,4.58991432698507,4.53719311918533
ENSSSCG00000033375,0.551677535663921,-1.28451287928067
ENSSSCG00000039089,4.12408143035106,2.68411916779552
ENSSSCG00000017119,6.91987379571838,6.40789083806503
ENSSSCG00000017065,5.38218106576342,5.44668068139813
ENSSSCG00000017118,2.53560868035451,2.81531256473901
ENSSSCG00000017114,4.90305164195241,4.97159586277685
ENSSSCG00000040154,4.04285580484531,3.78689831996086
ENSSSCG00000017066,6.51209768111887,7.63207178617747
ENSSSCG00000017067,5.67228265917213,5.56534792587947
ENSSSCG00000017068,6.91065785377033,6.00551791389625
ENSSSCG00000017069,7.62187355725915,7.45614201729148
ENSSSCG00000050100,-1.07560684537938,-0.551234614202225
ENSSSCG00000039763,4.58330072513487,5.43765730178753
ENSSSCG00000024126,7.73658680021351,7.81304889128978
ENSSSCG00000036387,3.44647652775207,3.41166260325713
ENSSSCG00000017095,3.18044883327868,3.87976854376592
ENSSSCG00000055161,3.2544719292997,3.2406295410238
ENSSSCG00000035676,6.57456366328126,6.52965921453739
ENSSSCG00000026414,6.4117709837389,5.37994536315709
ENSSSCG00000017082,9.9434417097176,8.79383292011787
ENSSSCG00000016781,6.91593131285986,6.2008247300341
ENSSSCG00000017084,-1.31818014718968,1.21038560183454
ENSSSCG00000035442,4.67531556037161,4.12993307155193
ENSSSCG00000017086,-0.96807720485524,-0.871778856036138
ENSSSCG00000016782,5.7402500991664,5.47782534572173
ENSSSCG00000034714,4.37444207714264,3.98880537664164
ENSSSCG00000016784,4.06201017126539,3.62938863615046
ENSSSCG00000063351,-3.82416175559903,0.124759019246936
ENSSSCG00000059359,1.58872724014143,3.8460652516482
ENSSSCG00000062918,-0.686560683805019,-0.624943747829482
ENSSSCG00000059751,1.31835862021284,1.42647607361694
ENSSSCG00000061930,0.47753036411502,1.05384751029812
ENSSSCG00000059394,-1.19180123640617,-1.06343627958185
ENSSSCG00000051524,0.72191195620079,2.87669073668673
ENSSSCG00000059956,2.45095392453259,3.18779257833077
ENSSSCG00000058878,-2.20115708176131,-0.964427270899581
ENSSSCG00000049958,2.83929183176385,1.86379432043539
ENSSSCG00000048696,-3.82416175559903,-0.78472289261437
ENSSSCG00000028772,-1.45670196380968,-0.78472289261437
ENSSSCG00000016816,4.86356866330921,4.16041892443633
ENSSSCG00000031547,5.47323126467531,5.85944592287998
ENSSSCG00000017109,-0.0167046405169091,-2.27533557831912
ENSSSCG00000017100,5.62261792772528,5.80171584454056
ENSSSCG00000017099,3.69574118470893,3.95758220097463
ENSSSCG00000062392,1.44048186623276,2.33149300780735
ENSSSCG00000017098,5.74815571457162,5.75162583985452
ENSSSCG00000017101,2.3297520885663,2.57313489923399
ENSSSCG00000017025,-3.22005278102631,-0.702622497962026
ENSSSCG00000031959,7.32889216949789,7.22885779361915
ENSSSCG00000016834,3.79065758076546,3.49231184990847
ENSSSCG00000016835,3.98046607575606,4.09592418918778
ENSSSCG00000016836,4.57665666553655,4.85273840097803
ENSSSCG00000017047,8.04950004110613,6.71658198397457
ENSSSCG00000038248,2.65814999344391,2.06470675742136
ENSSSCG00000036047,4.20672534931271,3.96073510287991
ENSSSCG00000017052,3.69164753504792,2.96726196308175
ENSSSCG00000017054,5.09039300180185,5.05066100954908
ENSSSCG00000038003,-0.868009231170092,-0.289123515071902
ENSSSCG00000017058,4.84893902233177,4.52872007405245
ENSSSCG00000028875,1.42083245509814,1.31263544737941
ENSSSCG00000017061,-0.071311274400066,-2.05555929136582
ENSSSCG00000055480,-1.78143407576197,-1.06343627958185
ENSSSCG00000017053,-0.187145967968861,0.708565629647667
ENSSSCG00000045434,-3.82416175559903,-0.414234639036479
ENSSSCG00000016848,3.11470366257417,4.42980296141655
ENSSSCG00000053585,2.41167389764734,3.62938863615046
ENSSSCG00000016850,1.57100848239729,3.9638811293773
ENSSSCG00000016851,3.60723631482034,3.85286919280773
ENSSSCG00000016853,4.67324100224767,5.10296582238897
ENSSSCG00000016855,0.13571138072984,-0.0169014492655093
ENSSSCG00000016856,0.0866736428889641,1.18903632798696
ENSSSCG00000016857,6.11893178451205,5.02377986016407
ENSSSCG00000061479,1.44048186623276,1.23142354660134
ENSSSCG00000024439,5.65766686339946,5.41829315531391
ENSSSCG00000034966,3.82843424607976,4.09592418918778
ENSSSCG00000024598,5.5877980439522,5.37522711158507
ENSSSCG00000033326,9.04510254276767,8.62288657600583
ENSSSCG00000063580,4.60305126555482,4.83050521400829
ENSSSCG00000053850,-0.96807720485524,-1.86487943217923
ENSSSCG00000016859,4.58991432698507,2.18820728069852
ENSSSCG00000016861,1.49787364177406,-0.414234639036479
ENSSSCG00000061826,-0.451110226541143,-2.85117878809169
ENSSSCG00000056357,-0.686560683805019,-1.86487943217923
ENSSSCG00000033993,5.61938903120933,3.09327503299889
ENSSSCG00000016863,5.93982445693726,5.5061554763962
ENSSSCG00000040855,4.9293653848513,5.26221681744568
ENSSSCG00000016865,3.24891075232122,2.06470675742136
ENSSSCG00000052066,-1.19180123640617,-0.871778856036138
ENSSSCG00000016866,3.00681108817546,3.77620046959395
ENSSSCG00000016867,7.73733168320581,6.75204579201555
ENSSSCG00000044736,1.03789987789575,0.124759019246936
ENSSSCG00000016869,-0.380455165278715,0.409538950709052
ENSSSCG00000040959,4.62468378118974,4.7580528636841
ENSSSCG00000016809,4.98729063289967,4.82878069242527
ENSSSCG00000016808,3.61590318182574,3.94808194064584
ENSSSCG00000032931,2.46060907199472,1.75176786229133
ENSSSCG00000017087,6.13635563965619,5.51261494421435
ENSSSCG00000040411,5.80894335666908,6.66096942108741
ENSSSCG00000017089,7.91945313604342,7.2041285349163
ENSSSCG00000017091,5.79374618396117,5.75162583985452
ENSSSCG00000036438,5.50856656109815,6.45000672318436
ENSSSCG00000017094,7.17098043668461,7.19344699188595
ENSSSCG00000034763,3.7079528973128,4.48120735284949
ENSSSCG00000009536,7.34005066265159,7.46810063325511
ENSSSCG00000040130,-0.071311274400066,2.28193723327874
ENSSSCG00000009540,3.69574118470893,3.90290095805923
ENSSSCG00000009541,5.15276993206664,4.98868634621883
ENSSSCG00000009542,3.12688233693705,1.4081155707733
ENSSSCG00000009543,1.64061407306523,-3.82416175559903
ENSSSCG00000044700,10.2484225992697,8.24832803803051
ENSSSCG00000009545,9.82714352535644,8.39174115979398
ENSSSCG00000022719,1.58872724014143,0.372139121137058
ENSSSCG00000029502,6.09588410187397,6.216076910918
ENSSSCG00000031757,4.5131238264246,4.86456969570531
ENSSSCG00000034818,4.4755223194615,4.44789123329679
ENSSSCG00000033732,6.69243620390813,7.17862953207432
ENSSSCG00000036545,-2.79553649653186,-0.964427270899581
ENSSSCG00000009551,6.73283741479976,6.61017159980798
ENSSSCG00000046437,-1.45670196380968,-0.624943747829482
ENSSSCG00000061055,0.874162537149699,0.583244978335558
ENSSSCG00000058523,-0.868009231170092,-1.54570714867312
ENSSSCG00000055590,1.18493366366352,-3.82416175559903
ENSSSCG00000058354,0.753674621171028,0.98118532635575
ENSSSCG00000043215,-0.525404570246514,-1.86487943217923
ENSSSCG00000047793,-0.313099436094831,-0.964427270899581
ENSSSCG00000045152,2.60690129401979,3.06425498526989
ENSSSCG00000009475,3.92923140453305,4.42296095995685
ENSSSCG00000009477,3.70389380075518,4.40917883592708
ENSSSCG00000029113,4.57221023248361,4.57882759907992
ENSSSCG00000009457,4.99893307367509,4.64696023338181
ENSSSCG00000031288,4.67531556037161,4.46353454639644
ENSSSCG00000009445,-0.868009231170092,-1.28451287928067
ENSSSCG00000009472,6.24370521067141,6.87704287344569
ENSSSCG00000009446,4.03318240403036,5.41024351712972
ENSSSCG00000009444,4.9738689143191,0.169048095927475
ENSSSCG00000009473,6.6258809494516,6.37813239019647
ENSSSCG00000029837,4.89239027334682,3.12734568941579
ENSSSCG00000009434,2.78652913044763,2.84973339804375
ENSSSCG00000009435,4.40726512908314,4.69129046740901
ENSSSCG00000009436,3.92923140453305,3.86638156038223
ENSSSCG00000031378,3.84695799941802,4.29640660302702
ENSSSCG00000037413,3.21508585528298,2.56487093313837
ENSSSCG00000031627,4.55653890219201,4.26614324126282
ENSSSCG00000009440,6.20760804729809,6.05577342139652
ENSSSCG00000039338,5.86090712602336,5.8008364618452
ENSSSCG00000009442,-0.6037335549306,1.03003110897365
ENSSSCG00000062876,5.27134511973265,6.06385956855442
ENSSSCG00000040929,11.8498259888045,10.9259509455411
ENSSSCG00000034156,5.1257164355028,4.51591646415802
ENSSSCG00000022868,0.229053005082177,-1.54570714867312
ENSSSCG00000009419,5.41855062238469,5.27493821378838
ENSSSCG00000009420,3.49895732144611,3.43904969020546
ENSSSCG00000037452,3.50363497723415,-0.702622497962026
ENSSSCG00000009407,7.09668814568558,6.97501802899082
ENSSSCG00000009408,5.24365133741398,5.34417651063089
ENSSSCG00000009410,4.17188457053865,4.14387018686345
ENSSSCG00000009411,1.01186851910195,0.930627626435109
ENSSSCG00000009412,4.70405042932197,4.19563630031025
ENSSSCG00000009413,1.33944395982878,-2.27533557831912
ENSSSCG00000009414,6.23669815928662,6.56427199984216
ENSSSCG00000060529,2.63275319451676,2.88335209564566
ENSSSCG00000023738,5.77452179396242,5.75526194759512
ENSSSCG00000040073,4.28217057167977,3.75456380719677
ENSSSCG00000025120,2.23166290725657,0.583244978335558
ENSSSCG00000009460,4.22383521167787,4.62128802000242
ENSSSCG00000024722,4.43691450389901,4.04335873909601
ENSSSCG00000035101,6.57400780202184,6.98356833201685
ENSSSCG00000025130,1.60623101893403,3.11041093536038
ENSSSCG00000009464,5.06371701444658,5.35140157866319
ENSSSCG00000009466,3.19787128988667,2.70683005586903
ENSSSCG00000040184,6.09510946843699,6.22920985944524
ENSSSCG00000059342,7.81911901054544,7.08565725865766
ENSSSCG00000053145,2.74762395114334,2.27181848867676
ENSSSCG00000059963,1.91795245276096,2.8965832451145
ENSSSCG00000046323,-0.451110226541143,-0.624943747829482
ENSSSCG00000009535,5.52821230301143,4.81665097477776
ENSSSCG00000038949,2.10194590665749,0.550136777985776
ENSSSCG00000009509,7.27245258220022,6.99360833433702
ENSSSCG00000009526,0.656208489639131,0.409538950709052
ENSSSCG00000009527,1.57100848239729,2.26162827184794
ENSSSCG00000009528,5.48273895401173,5.28251755355786
ENSSSCG00000060223,-1.45670196380968,-0.78472289261437
ENSSSCG00000009531,2.25404409223782,2.25136556593904
ENSSSCG00000009532,3.95336751205018,3.69900843346431
ENSSSCG00000009534,5.05736797286639,4.9239294368481
ENSSSCG00000032046,5.27955064198672,5.60618904963061
ENSSSCG00000042169,0.229053005082177,-0.551234614202225
ENSSSCG00000009349,2.72376707845927,2.30196426756707
ENSSSCG00000034348,5.60313525187246,6.00399050646674
ENSSSCG00000033919,6.4516537068669,6.02823707121911
ENSSSCG00000040557,-0.774434225214997,-2.27533557831912
ENSSSCG00000009356,4.89773080592998,4.96533060070222
ENSSSCG00000009357,1.88964201598903,1.548845627756
ENSSSCG00000009360,4.88523867092674,4.41378752178197
ENSSSCG00000009358,3.79448007211224,3.90617551717555
ENSSSCG00000009359,7.32228780689695,7.73601613797768
ENSSSCG00000009502,3.50829751564243,3.00440267505079
ENSSSCG00000009361,5.83423106346497,7.2659713645802
ENSSSCG00000009505,6.36433923715408,6.29688618707959
ENSSSCG00000009362,1.80121655797197,2.87669073668673
ENSSSCG00000045003,-0.6037335549306,0.767366807455606
ENSSSCG00000039812,4.80413835461514,5.26093848637382
ENSSSCG00000056668,4.0524647763966,3.50963771843793
ENSSSCG00000026863,6.45346809610509,6.50341381491939
ENSSSCG00000009364,5.85634285333207,5.2938124219317
ENSSSCG00000058949,7.36693341603684,7.6411894207299
ENSSSCG00000043789,-0.96807720485524,0.333743892305565
ENSSSCG00000040697,4.57887475358054,4.84080927699702
ENSSSCG00000037746,2.56275792947573,2.53133340228058
ENSSSCG00000029855,5.74321978391688,5.64001751284128
ENSSSCG00000009369,5.40361218711919,4.89620254742366
ENSSSCG00000009370,5.56224176882914,5.6883672294262
ENSSSCG00000009372,4.64599671379048,4.42752589772655
ENSSSCG00000009373,3.07124999498535,2.59764651471072
ENSSSCG00000009374,-0.313099436094831,0.0790671408551012
ENSSSCG00000009377,1.94571802033876,0.930627626435109
ENSSSCG00000035658,6.12880589335069,5.95027951861118
ENSSSCG00000009378,2.12641493269169,0.0790671408551012
ENSSSCG00000022112,7.56873791355922,8.01744631284723
ENSSSCG00000009379,3.89403535943633,3.04655856183298
ENSSSCG00000009380,6.56676204834845,6.61768154105041
ENSSSCG00000009381,6.01054563563327,6.29313905014426
ENSSSCG00000033570,3.95678279945859,3.531006489389
ENSSSCG00000060630,0.815176045257344,0.124759019246936
ENSSSCG00000009384,5.28635310576143,5.45788111591405
ENSSSCG00000009385,0.0866736428889641,-0.964427270899581
ENSSSCG00000029598,3.32488162722013,4.71762196923097
ENSSSCG00000009516,6.51325790615126,6.03273828305471
ENSSSCG00000024385,3.47056834606659,4.04632983398618
ENSSSCG00000009517,0.183136955639335,-0.624943747829482
ENSSSCG00000031808,8.1768637539686,7.71493110456212
ENSSSCG00000009519,2.99357058002226,3.57281732362671
ENSSSCG00000009522,4.85261036404725,4.9367952621008
ENSSSCG00000009523,5.57785160705585,5.14237551580596
ENSSSCG00000009524,6.45225875685352,6.19213206614978
ENSSSCG00000058822,-1.78143407576197,-0.174001573015732
ENSSSCG00000062693,-0.380455165278715,-0.871778856036138
ENSSSCG00000057230,-1.78143407576197,-0.78472289261437
ENSSSCG00000047974,-1.78143407576197,0.85130538708557
ENSSSCG00000009399,1.94571802033876,0.904668467894398
ENSSSCG00000009400,6.20975659607485,6.38342868298309
ENSSSCG00000009401,5.34487088878949,5.47672453666276
ENSSSCG00000009403,9.33556738141673,9.25684372180813
ENSSSCG00000035098,5.02030860192329,5.06538135758898
ENSSSCG00000027551,4.46596679346418,4.03141279196531
ENSSSCG00000009405,5.47084451969123,5.36693285789626
ENSSSCG00000061460,3.30893555670285,4.01633989926814
ENSSSCG00000060310,-1.45670196380968,-0.0169014492655093
ENSSSCG00000056891,-3.82416175559903,-0.702622497962026
ENSSSCG00000057312,0.0359102671599988,0.615610397484158
ENSSSCG00000056545,-1.07560684537938,-0.78472289261437
ENSSSCG00000057195,-0.187145967968861,1.25215911194267
ENSSSCG00000062111,-1.78143407576197,-1.06343627958185
ENSSSCG00000058335,-2.20115708176131,-1.06343627958185
ENSSSCG00000057787,-0.313099436094831,-0.871778856036138
ENSSSCG00000043719,0.72191195620079,1.14536595329469
ENSSSCG00000040538,4.55202993354254,4.61329608235131
ENSSSCG00000009448,0.689434225427014,-1.54570714867312
ENSSSCG00000009449,4.78697281397828,4.84934013300141
ENSSSCG00000031955,2.31917687589272,-3.82416175559903
ENSSSCG00000038842,1.36022556587904,0.678241186296717
ENSSSCG00000056129,0.0866736428889641,1.3895183870631
ENSSSCG00000009479,5.71626995629485,5.9629135057341
ENSSSCG00000009480,7.09320096146476,7.21737020224724
ENSSSCG00000009488,0.551677535663921,0.294298826806809
ENSSSCG00000009482,4.82484483043853,4.30635494149973
ENSSSCG00000050522,-0.774434225214997,-1.54570714867312
ENSSSCG00000047723,-0.451110226541143,-0.481109027935221
ENSSSCG00000009486,0.551677535663921,0.212017947135459
ENSSSCG00000047038,-1.78143407576197,-1.28451287928067
ENSSSCG00000004054,-0.071311274400066,-1.06343627958185
ENSSSCG00000059731,-1.78143407576197,-0.964427270899581
ENSSSCG00000009333,4.2739799794474,5.21546797586672
ENSSSCG00000009334,7.83265913515966,9.14340293774559
ENSSSCG00000009335,6.45528020636283,5.4909699525563
ENSSSCG00000009336,3.83957701418461,3.19851591260962
ENSSSCG00000009341,4.30110303528958,4.66640183766178
ENSSSCG00000009345,5.14380834951412,6.15131908651599
ENSSSCG00000009347,-2.20115708176131,0.409538950709052
ENSSSCG00000009572,0.72191195620079,-2.85117878809169
ENSSSCG00000029393,4.02344370410475,3.89632945781631
ENSSSCG00000022957,4.88702989783632,4.9190750172438
ENSSSCG00000009570,6.3948746430149,6.56427199984216
ENSSSCG00000009569,5.41978853790186,5.23513107916288
ENSSSCG00000009568,4.75004951746395,4.99945763374611
ENSSSCG00000021814,6.85088196312334,7.12342744833487
ENSSSCG00000009268,4.60740379605084,4.86119921482685
ENSSSCG00000009270,7.28677082241341,7.66191963639022
ENSSSCG00000025308,3.28739620076941,4.56853107906096
ENSSSCG00000059376,5.13930659643712,5.32350677425345
ENSSSCG00000051933,-1.78143407576197,1.18903632798696
ENSSSCG00000036326,5.57006779998055,5.68169503315142
ENSSSCG00000035318,6.71781923314992,6.84881642411713
ENSSSCG00000030113,2.1974263314248,1.63030453743178
ENSSSCG00000023771,0.551677535663921,0.550136777985776
ENSSSCG00000028865,6.01054563563327,5.93432984173742
ENSSSCG00000028249,4.25745795998169,3.96073510287991
ENSSSCG00000031280,5.14680173314099,4.67218359493194
ENSSSCG00000026744,6.92598521229366,6.89775329396443
ENSSSCG00000024667,6.35530996027166,6.01237130613481
ENSSSCG00000009278,1.27524029214877,0.738265774167816
ENSSSCG00000009281,-0.187145967968861,-2.85117878809169
ENSSSCG00000035493,3.64583365363513,3.99189084785926
ENSSSCG00000009283,4.7182060526972,5.07268558814864
ENSSSCG00000035119,6.46790164432271,6.59503341105615
ENSSSCG00000024064,4.86538698135486,4.9190750172438
ENSSSCG00000009298,5.00389407279323,5.16988042999242
ENSSSCG00000009300,5.2267762512193,5.44555584052269
ENSSSCG00000009302,5.21398912579205,5.58591300389048
ENSSSCG00000009303,9.03736092240769,8.4255082580735
ENSSSCG00000039890,3.1568866930164,3.2815486205146
ENSSSCG00000009305,4.34085484135535,4.5931203752218
ENSSSCG00000037313,3.09003348262316,3.48794767503683
ENSSSCG00000009308,5.00058863626033,4.98559400660405
ENSSSCG00000009310,6.49751558816526,6.34171349344862
ENSSSCG00000009319,6.78612413118849,7.28841722504047
ENSSSCG00000025996,2.15047586045883,0.767366807455606
ENSSSCG00000029456,5.45160706526987,4.5435154052219
ENSSSCG00000035992,7.5001738150102,7.11248338439771
ENSSSCG00000009326,5.35784575175671,6.2363823454814
ENSSSCG00000009327,8.32742153051689,9.11272866230429
ENSSSCG00000028065,4.03641408310966,4.22477852083292
ENSSSCG00000009330,2.06444617595092,2.74390468232849
ENSSSCG00000009331,4.0714928252209,2.86999847748965
ENSSSCG00000046261,4.86356866330921,5.8157135540232
ENSSSCG00000009348,4.33561746042181,5.55495440154216
ENSSSCG00000046579,-0.6037335549306,0.767366807455606
ENSSSCG00000063006,-3.82416175559903,-0.0169014492655093
ENSSSCG00000050382,-0.187145967968861,-1.86487943217923
ENSSSCG00000052437,0.316720715261423,1.25215911194267
ENSSSCG00000060926,2.82441264416951,2.31187448705517
ENSSSCG00000042547,-1.45670196380968,-0.871778856036138
ENSSSCG00000063206,-1.19180123640617,-0.414234639036479
ENSSSCG00000058070,2.02594564966019,3.2764967565249
ENSSSCG00000047668,-2.20115708176131,-0.702622497962026
ENSSSCG00000033434,0.358634535634919,-3.82416175559903
ENSSSCG00000044333,-0.128066380263549,0.583244978335558
ENSSSCG00000042951,-1.07560684537938,0.409538950709052
ENSSSCG00000048254,-1.19180123640617,-0.964427270899581
ENSSSCG00000043867,0.784753030569422,1.56550952137607
ENSSSCG00000061816,2.38149571811378,3.50963771843793
ENSSSCG00000054814,2.86132678081369,3.93210781488979
ENSSSCG00000047790,-1.31818014718968,0.79589242289581
ENSSSCG00000055398,0.784753030569422,2.9031535920818
ENSSSCG00000049043,0.58736937234432,2.28193723327874
ENSSSCG00000044001,-1.60995061428548,0.124759019246936
ENSSSCG00000061444,0.229053005082177,-0.871778856036138
ENSSSCG00000055603,0.784753030569422,2.05293699456738
ENSSSCG00000041518,-1.45670196380968,-1.16974403207503
ENSSSCG00000058092,-0.248748603557596,-0.78472289261437
ENSSSCG00000054545,-0.525404570246514,-0.0169014492655093
ENSSSCG00000053042,1.47899559533112,2.05293699456738
ENSSSCG00000047377,-2.79553649653186,-0.481109027935221
ENSSSCG00000046743,1.29696053674266,1.58198313393422
ENSSSCG00000053685,-2.20115708176131,-1.06343627958185
ENSSSCG00000046155,-0.313099436094831,-1.28451287928067
ENSSSCG00000049449,-1.78143407576197,-0.119711717242417
ENSSSCG00000049656,5.44189128013448,5.59100879334488
ENSSSCG00000036846,1.4598672457525,2.06470675742136
ENSSSCG00000043021,-1.60995061428548,-0.78472289261437
ENSSSCG00000043013,-3.22005278102631,-0.702622497962026
ENSSSCG00000009276,4.87985160766444,5.3681206747572
ENSSSCG00000009320,4.63750928594988,4.01330633086429
ENSSSCG00000037170,6.32589850294765,5.85606343629172
ENSSSCG00000055712,0.0359102671599988,0.124759019246936
ENSSSCG00000049125,4.09027317203002,4.67410570967858
ENSSSCG00000056326,1.01186851910195,1.29275702200006
ENSSSCG00000009322,5.69801959537293,5.75798302693669
ENSSSCG00000009388,6.36305279514839,6.21079007363549
ENSSSCG00000009389,4.68358408933102,4.99792379327396
ENSSSCG00000009390,3.95678279945859,3.77261681843486
ENSSSCG00000009393,3.33015805611298,2.5228257707732
ENSSSCG00000053768,-0.248748603557596,-0.964427270899581
ENSSSCG00000021060,6.21475746798086,6.27171945118054
ENSSSCG00000009396,4.98059538171392,4.40686896030259
ENSSSCG00000009395,4.05883538511989,4.71201982191071
ENSSSCG00000009397,5.09194692203948,5.02528647014623
ENSSSCG00000031598,5.10123545853303,5.01318930492047
ENSSSCG00000022159,6.81463754279953,6.1450963230789
ENSSSCG00000052494,0.58736937234432,2.16652477447692
ENSSSCG00000045895,-1.976085364955,-0.414234639036479
ENSSSCG00000041698,-2.46795088038493,-0.174001573015732
ENSSSCG00000051290,2.94624777947776,2.47951838830822
ENSSSCG00000058373,-2.79553649653186,-0.624943747829482
ENSSSCG00000024125,4.69180549873651,4.80967364264914
ENSSSCG00000059626,0.183136955639335,0.445993691080189
ENSSSCG00000041994,0.47753036411502,0.372139121137058
ENSSSCG00000009511,6.82308282272392,7.00548849993463
ENSSSCG00000009513,-0.774434225214997,-1.16974403207503
ENSSSCG00000009422,7.57597377531869,7.89176190468795
ENSSSCG00000040405,1.47899559533112,2.13337748815636
ENSSSCG00000051361,-2.79553649653186,-0.871778856036138
ENSSSCG00000009425,4.51544169628631,4.34306192035883
ENSSSCG00000009426,2.52644419656486,2.64545467936437
ENSSSCG00000021818,3.24332805561604,3.50100079312761
ENSSSCG00000038251,3.85795915304224,3.16063026235243
ENSSSCG00000037572,4.52006629399332,3.47477537670041
ENSSSCG00000053321,-1.45670196380968,-0.964427270899581
ENSSSCG00000009553,4.99727560906856,4.9011344098055
ENSSSCG00000037561,6.63550279033569,6.57356948786849
ENSSSCG00000021158,5.57006779998055,5.94152902525393
ENSSSCG00000029503,2.12641493269169,-0.624943747829482
ENSSSCG00000009558,1.01186851910195,-0.964427270899581
ENSSSCG00000009557,4.43201506340047,4.68558492879445
ENSSSCG00000009556,6.29856915586317,6.21343591401454
ENSSSCG00000009555,8.36806844857569,7.91693804896752
ENSSSCG00000009554,5.38471896059265,4.93839545274136
ENSSSCG00000048674,0.622199479864748,0.767366807455606
ENSSSCG00000024103,3.28196073689979,1.4081155707733
ENSSSCG00000026536,3.61157625649599,4.16041892443633
ENSSSCG00000009563,5.84900984804076,6.0675201607663
ENSSSCG00000045154,0.515080245807192,2.14451141952173
ENSSSCG00000009560,5.56671898361033,5.59710007670216
ENSSSCG00000009564,-0.380455165278715,-2.05555929136582
ENSSSCG00000009565,8.86290395612717,9.3614148139913
ENSSSCG00000044825,3.2320974322928,3.83236034113543
ENSSSCG00000049805,4.68975453448461,4.68367805729574
ENSSSCG00000009566,1.13756809465378,0.445993691080189
ENSSSCG00000009567,5.45644053099475,5.06976833209942
ENSSSCG00000054303,5.64502009492865,6.00628101162847
ENSSSCG00000020899,4.84525831401773,5.00098984520581
ENSSSCG00000024679,3.09003348262316,2.68411916779552
ENSSSCG00000009338,4.29031492596082,4.39526377978291
ENSSSCG00000034291,0.902775359205073,1.67705978623095
ENSSSCG00000040566,4.7618119151819,5.16305320567286
ENSSSCG00000029039,2.83929183176385,3.78334117662288
ENSSSCG00000056102,-0.313099436094831,1.16736637209713
ENSSSCG00000026996,5.60965875432836,5.97075393054763
ENSSSCG00000009498,2.03889365526185,2.49699765045707
ENSSSCG00000009500,6.16395112726794,6.18675658436465
ENSSSCG00000009501,7.43707941373399,7.49008884868571
ENSSSCG00000026082,8.07329459349691,6.18608323865988
ENSSSCG00000009489,3.62880663470464,1.2726008670673
ENSSSCG00000009490,1.25318803729539,0.481549931933635
ENSSSCG00000009491,4.40726512908314,4.42752589772655
ENSSSCG00000009492,3.4561615859508,3.33111751872742
ENSSSCG00000053146,-1.45670196380968,-1.06343627958185
ENSSSCG00000060441,-1.78143407576197,-1.06343627958185
ENSSSCG00000045083,-0.525404570246514,0.445993691080189
ENSSSCG00000009497,0.183136955639335,3.56040081028268
ENSSSCG00000009496,-1.19180123640617,1.10033230279389
ENSSSCG00000026164,3.23772367198998,3.83236034113543
ENSSSCG00000026564,5.75307481536054,5.5981127948841
ENSSSCG00000009354,6.92074844184718,6.92141073363574
ENSSSCG00000024635,6.10360764583416,5.95661034194228
ENSSSCG00000009428,7.51501881458233,7.56010044539276
ENSSSCG00000052062,0.0359102671599988,-3.82416175559903
ENSSSCG00000009430,6.94974680902252,7.06529670068166
ENSSSCG00000060520,4.77154118338875,4.85273840097803
ENSSSCG00000058703,3.33541525760166,3.17155663273452
ENSSSCG00000009431,1.64061407306523,1.76625620955041
ENSSSCG00000057225,-1.19180123640617,-1.28451287928067
ENSSSCG00000009290,6.90403880691247,6.5439195052993
ENSSSCG00000009293,5.57674220250872,5.27367111016234
ENSSSCG00000010811,6.08811898686136,6.20880250411737
ENSSSCG00000010814,2.12641493269169,1.63030453743178
ENSSSCG00000027207,4.4755223194615,4.31130350329433
ENSSSCG00000029778,3.34065337130757,4.05815340206765
ENSSSCG00000027846,4.78313035335911,4.99945763374611
ENSSSCG00000010816,3.66683866522758,3.89632945781631
ENSSSCG00000010817,3.11470366257417,3.51393686828592
ENSSSCG00000039095,0.273552666612953,-1.54570714867312
ENSSSCG00000010801,5.65451554944637,5.74432601546784
ENSSSCG00000010800,0.47753036411502,-0.0169014492655093
ENSSSCG00000031991,3.2710279851024,3.4614817017213
ENSSSCG00000032055,4.3896840233634,4.57265850960416
ENSSSCG00000010802,5.87180282300716,5.54553577579408
ENSSSCG00000037241,7.52252847114401,9.39494410406087
ENSSSCG00000040300,-1.78143407576197,-0.230414558288775
ENSSSCG00000032416,2.93935885962289,1.05384751029812
ENSSSCG00000033945,-0.868009231170092,-1.06343627958185
ENSSSCG00000010809,-1.31818014718968,-0.871778856036138
ENSSSCG00000010821,6.73433067013663,6.24416642037926
ENSSSCG00000010822,5.16905630371321,5.17396131023383
ENSSSCG00000010823,5.96548181874815,6.2824690022205
ENSSSCG00000010824,6.86048647983676,6.8252254691133
ENSSSCG00000010825,4.60305126555482,4.3382212832415
ENSSSCG00000058600,-1.78143407576197,-0.289123515071902
ENSSSCG00000061415,0.438976972203651,1.44460584430091
ENSSSCG00000053863,-1.78143407576197,-0.481109027935221
ENSSSCG00000053269,1.29696053674266,2.34120312316572
ENSSSCG00000057737,-0.96807720485524,0.445993691080189
ENSSSCG00000057973,0.183136955639335,1.37067834071865
ENSSSCG00000048837,0.874162537149699,2.46182475270139
ENSSSCG00000055448,1.73910410091577,3.08173696809818
ENSSSCG00000044167,-1.45670196380968,-0.481109027935221
ENSSSCG00000043065,-1.60995061428548,0.372139121137058
ENSSSCG00000038539,-0.0167046405169091,0.372139121137058
ENSSSCG00000011010,4.37954063903287,4.66446942463303
ENSSSCG00000038811,4.65022177640926,2.8965832451145
ENSSSCG00000036693,2.7633121446217,2.34120312316572
ENSSSCG00000026552,5.77935196082041,5.40446615262494
ENSSSCG00000028655,6.55272478724163,6.55178140293871
ENSSSCG00000029783,-0.380455165278715,-0.289123515071902
ENSSSCG00000011069,8.55233417502023,8.23341478226779
ENSSSCG00000011070,4.63324677385007,4.79561692122977
ENSSSCG00000056325,0.72191195620079,1.3322436929096
ENSSSCG00000010960,6.70923901651102,6.78221017469347
ENSSSCG00000039950,2.80937840000644,2.37940294608589
ENSSSCG00000022760,8.69105672795721,8.65547921349875
ENSSSCG00000034203,4.7441321596516,4.61529822109948
ENSSSCG00000021571,6.62265935580449,6.83083642700023
ENSSSCG00000026087,3.68754223658763,4.07861430914553
ENSSSCG00000021005,7.58786170364526,7.35193263449332
ENSSSCG00000035132,2.38149571811378,2.14451141952173
ENSSSCG00000010962,3.85063437944186,3.87643342550793
ENSSSCG00000040707,3.79829246233803,3.86973996983634
ENSSSCG00000038162,5.19097279068705,4.11868562017974
ENSSSCG00000010966,1.81633565189514,2.06470675742136
ENSSSCG00000055253,-0.6037335549306,-1.54570714867312
ENSSSCG00000010967,-1.976085364955,-0.289123515071902
ENSSSCG00000010968,6.47982026616894,6.5817839184492
ENSSSCG00000010969,6.40240856837243,5.66922134440963
ENSSSCG00000037000,5.90400471981378,6.1283698594433
ENSSSCG00000010971,0.930831724376776,0.79589242289581
ENSSSCG00000010972,5.57563194419441,5.37522711158507
ENSSSCG00000010973,4.46596679346418,4.41378752178197
ENSSSCG00000010974,3.22644916538749,2.54819961906087
ENSSSCG00000027428,5.48392302161755,5.5061554763962
ENSSSCG00000039342,7.23883087798511,6.79020769882946
ENSSSCG00000033196,7.50688753544472,8.15970641138006
ENSSSCG00000058971,4.92064735578573,4.6092834499602
ENSSSCG00000010980,5.55549978627335,6.11073775674798
ENSSSCG00000010981,3.77526552432603,4.45461629104527
ENSSSCG00000010984,4.90482090201148,4.96533060070222
ENSSSCG00000021761,5.78320448452261,5.64394568233457
ENSSSCG00000024384,6.3777780708902,6.39279657250342
ENSSSCG00000010987,5.40236030719424,5.5018330409271
ENSSSCG00000034725,6.64611899681356,6.56064006648214
ENSSSCG00000010990,4.7480797603667,4.61529822109948
ENSSSCG00000040513,4.9704938833126,0.956127932608039
ENSSSCG00000010992,-0.525404570246514,-0.0169014492655093
ENSSSCG00000011003,4.53613663328599,4.68176866206764
ENSSSCG00000058178,2.41167389764734,1.83659263049607
ENSSSCG00000011004,4.99062664269499,5.13541656465696
ENSSSCG00000030408,5.4815539138041,4.88462887697464
ENSSSCG00000023807,6.31795311671656,6.10148318650514
ENSSSCG00000062233,-0.248748603557596,-2.53471534769233
ENSSSCG00000055669,0.229053005082177,1.00581493118192
ENSSSCG00000062406,0.47753036411502,0.372139121137058
ENSSSCG00000063495,2.65814999344391,0.445993691080189
ENSSSCG00000036524,-1.31818014718968,-0.0673909604895641
ENSSSCG00000051266,2.41167389764734,2.20956873606394
ENSSSCG00000044435,-0.868009231170092,-1.16974403207503
ENSSSCG00000046263,0.689434225427014,1.23142354660134
ENSSSCG00000056577,3.49426444992898,4.08440737639126
ENSSSCG00000049283,2.38149571811378,2.31187448705517
ENSSSCG00000028046,-0.6037335549306,-0.174001573015732
ENSSSCG00000025759,0.273552666612953,-0.174001573015732
ENSSSCG00000034119,3.01338605067572,2.32171709503593
ENSSSCG00000038184,2.16235749758156,1.37067834071865
ENSSSCG00000020705,2.44123372499091,3.00440267505079
ENSSSCG00000011018,4.0524647763966,3.95758220097463
ENSSSCG00000011020,5.77064598312145,5.54658533142559
ENSSSCG00000011026,4.89950659926293,4.65671378439684
ENSSSCG00000011027,6.94717357154957,7.081680476548
ENSSSCG00000011028,5.20108764917854,5.3296169098571
ENSSSCG00000022045,-0.6037335549306,-0.481109027935221
ENSSSCG00000011022,6.15877068336283,5.64100055838378
ENSSSCG00000011023,4.04606591171587,4.5890511532462
ENSSSCG00000011025,4.50147828664791,5.45341137129948
ENSSSCG00000011033,8.70152781307707,8.14176108955779
ENSSSCG00000011034,6.28368836863653,3.47477537670041
ENSSSCG00000038007,4.1088121830748,4.66059681610517
ENSSSCG00000011036,4.88881890354496,4.68367805729574
ENSSSCG00000011037,-0.6037335549306,-1.6964847871246
ENSSSCG00000011038,2.4891927659918,0.169048095927475
ENSSSCG00000011040,3.31427052102589,3.56040081028268
ENSSSCG00000011041,4.14219373129512,4.49866628722901
ENSSSCG00000011042,6.40366040643823,6.2672697792895
ENSSSCG00000044626,-1.78143407576197,-1.28451287928067
ENSSSCG00000011043,1.20804577791874,2.45289588892133
ENSSSCG00000022953,3.47056834606659,2.50565850261184
ENSSSCG00000011045,5.16905630371321,4.96533060070222
ENSSSCG00000011046,6.49281801691371,6.88245624920815
ENSSSCG00000011047,7.23637398537373,7.13114414462627
ENSSSCG00000026499,1.23079346436338,2.47951838830822
ENSSSCG00000027110,1.40091172062405,1.46251061004157
ENSSSCG00000011049,2.41167389764734,3.29159958611275
ENSSSCG00000011048,3.16281340283161,2.90969415186618
ENSSSCG00000011051,4.23794004006135,4.12432030667515
ENSSSCG00000010874,6.05185108412857,5.98321065155403
ENSSSCG00000060083,5.16315523724786,5.65858178866893
ENSSSCG00000010865,-0.248748603557596,-1.6964847871246
ENSSSCG00000057274,2.69950905799353,3.15513588774505
ENSSSCG00000039658,8.09592886477663,8.18890393654355
ENSSSCG00000021132,1.4598672457525,1.14536595329469
ENSSSCG00000011056,5.46486032496086,5.5018330409271
ENSSSCG00000035850,0.753674621171028,2.32171709503593
ENSSSCG00000026354,5.01212468214923,4.96376002461138
ENSSSCG00000010876,5.31457829208385,5.328396951206
ENSSSCG00000032984,4.73620440460341,5.1493010609875
ENSSSCG00000031659,5.63012403442248,5.7342280631979
ENSSSCG00000059887,-0.96807720485524,0.767366807455606
ENSSSCG00000039618,4.65232967670573,5.26604502852297
ENSSSCG00000039244,6.21831893593902,5.56845143796607
ENSSSCG00000010877,8.78134445687082,9.04712827827282
ENSSSCG00000035059,0.13571138072984,-0.414234639036479
ENSSSCG00000023247,7.15916989450651,5.71007540015439
ENSSSCG00000011068,7.18305963125799,7.10751355971201
ENSSSCG00000030502,4.33823852752945,4.11868562017974
ENSSSCG00000035136,3.72407603371596,3.60541489159843
ENSSSCG00000010872,6.22045160421942,6.11002797058959
ENSSSCG00000011065,-0.187145967968861,-3.82416175559903
ENSSSCG00000011064,5.63119315446972,5.78580435699611
ENSSSCG00000024127,6.22683075831568,6.0131307883886
ENSSSCG00000010860,5.3655750255456,4.69508166262017
ENSSSCG00000010861,5.5373655976072,6.24416642037926
ENSSSCG00000011061,1.18493366366352,1.73713253770228
ENSSSCG00000030156,0.815176045257344,-0.289123515071902
ENSSSCG00000038536,0.689434225427014,-1.28451287928067
ENSSSCG00000010862,5.18370422580084,5.45788111591405
ENSSSCG00000053892,2.49859618532626,3.01050088731778
ENSSSCG00000044936,0.273552666612953,-0.871778856036138
ENSSSCG00000041664,-2.79553649653186,-0.551234614202225
ENSSSCG00000050323,-0.525404570246514,-0.0169014492655093
ENSSSCG00000057494,0.0359102671599988,0.550136777985776
ENSSSCG00000054417,-2.79553649653186,-0.964427270899581
ENSSSCG00000060365,0.753674621171028,0.294298826806809
ENSSSCG00000010863,5.86636526046683,6.43024019629904
ENSSSCG00000058859,-0.96807720485524,0.124759019246936
ENSSSCG00000056827,2.41167389764734,2.14451141952173
ENSSSCG00000053801,1.06346985097485,1.23142354660134
ENSSSCG00000045782,-0.686560683805019,-2.05555929136582
ENSSSCG00000048017,1.80121655797197,2.92913977873282
ENSSSCG00000010866,6.42292626718143,6.54706940738146
ENSSSCG00000034746,2.41167389764734,2.80832874093041
ENSSSCG00000029411,8.23146119514947,8.23878185037198
ENSSSCG00000010894,6.15208266169636,6.11993333915839
ENSSSCG00000024618,5.29041924137799,5.2634940168274
ENSSSCG00000010896,2.69133155577395,1.79480357676921
ENSSSCG00000010897,3.16281340283161,3.39777159849472
ENSSSCG00000021897,-0.187145967968861,-0.964427270899581
ENSSSCG00000031664,4.84709984198571,4.61729758517607
ENSSSCG00000010853,6.23810229482236,7.23733260739579
ENSSSCG00000010854,5.61399142581396,5.02829497824047
ENSSSCG00000010855,4.76376302489435,3.91595483470141
ENSSSCG00000010858,4.73421564024372,4.88130498851059
ENSSSCG00000023971,9.24279092564342,8.70719905855704
ENSSSCG00000024180,6.77649303965249,5.86113419689763
ENSSSCG00000030675,1.23079346436338,-1.28451287928067
ENSSSCG00000021310,3.96019002095856,2.34120312316572
ENSSSCG00000023660,8.25124022062199,6.28687211265369
ENSSSCG00000024288,2.36102042350312,2.15556008292513
ENSSSCG00000046588,6.62963040552744,6.40500033321753
ENSSSCG00000040100,4.90835292616724,4.65671378439684
ENSSSCG00000010878,3.18627972778561,2.64545467936437
ENSSSCG00000010879,3.71200060542836,4.08440737639126
ENSSSCG00000022034,3.97710646081402,3.32623657035711
ENSSSCG00000023775,3.12080585067565,3.33111751872742
ENSSSCG00000010882,4.58330072513487,4.6272530531723
ENSSSCG00000010884,-1.07560684537938,-0.174001573015732
ENSSSCG00000027882,4.75201658885609,3.821995538918
ENSSSCG00000010826,5.99568021710541,7.07769270214995
ENSSSCG00000010829,4.79080506780207,4.46131014563678
ENSSSCG00000032644,2.69133155577395,2.28193723327874
ENSSSCG00000010831,1.83129794321605,1.07727712061465
ENSSSCG00000010832,2.34025034678746,2.66104503944852
ENSSSCG00000010833,3.67515578070681,3.63334581301382
ENSSSCG00000010834,7.23988255247585,6.6954454679096
ENSSSCG00000010835,5.85817029557915,5.91657910166002
ENSSSCG00000010836,5.87992093197214,5.90107116699312
ENSSSCG00000011127,4.07463990953506,4.37413626289861
ENSSSCG00000034086,6.87002747860926,7.01840684692474
ENSSSCG00000033095,4.58991432698507,4.61929418226102
ENSSSCG00000011128,-1.07560684537938,-0.871778856036138
ENSSSCG00000035479,5.02356921503594,4.85443453794003
ENSSSCG00000011129,5.23242324020512,4.20364273726976
ENSSSCG00000024480,3.90114359527128,3.58103602582508
ENSSSCG00000035212,5.21398912579205,5.45788111591405
ENSSSCG00000011157,6.50744742780949,6.1520088507562
ENSSSCG00000011158,5.27682065017725,4.80792402424402
ENSSSCG00000051856,-1.60995061428548,-0.871778856036138
ENSSSCG00000011160,-0.071311274400066,-1.40920704473941
ENSSSCG00000057721,-0.96807720485524,-0.230414558288775
ENSSSCG00000029602,5.55549978627335,4.96846663279424
ENSSSCG00000052236,0.183136955639335,0.372139121137058
ENSSSCG00000061483,-1.60995061428548,0.767366807455606
ENSSSCG00000063553,3.09624068973912,2.18820728069852
ENSSSCG00000050349,-0.96807720485524,-1.54570714867312
ENSSSCG00000062935,-1.07560684537938,0.51625090059353
ENSSSCG00000031683,3.49895732144611,3.41166260325713
ENSSSCG00000047204,0.515080245807192,0.481549931933635
ENSSSCG00000054118,3.36141768815191,4.54771492263576
ENSSSCG00000057505,3.91174070983612,3.75456380719677
ENSSSCG00000033745,-0.187145967968861,-0.481109027935221
ENSSSCG00000037997,3.52219539589792,2.02910543258505
ENSSSCG00000042888,-2.20115708176131,-0.0673909604895641
ENSSSCG00000029066,6.20330132660581,6.34171349344862
ENSSSCG00000028602,5.26447135259588,5.46677927407575
ENSSSCG00000011162,6.18303153842752,6.39571160705486
ENSSSCG00000063387,5.15574479843408,4.66253441976813
ENSSSCG00000011147,1.91795245276096,1.72234722316666
ENSSSCG00000058443,0.689434225427014,1.29275702200006
ENSSSCG00000062058,1.44048186623276,1.21038560183454
ENSSSCG00000036941,3.07124999498535,2.66877749283263
ENSSSCG00000028790,3.07124999498535,3.42084951981263
ENSSSCG00000011137,7.97419323712806,7.56709933194322
ENSSSCG00000011136,6.075607209294,6.01540683919357
ENSSSCG00000011145,4.56775005300148,4.83394808526107
ENSSSCG00000023105,7.18560893439776,6.17662325090229
ENSSSCG00000029077,-0.774434225214997,-2.85117878809169
ENSSSCG00000011125,-0.0167046405169091,-0.0673909604895641
ENSSSCG00000011163,5.79756051145255,6.69591854828134
ENSSSCG00000011166,7.24757149593815,7.55567625599181
ENSSSCG00000011131,-1.07560684537938,-2.05555929136582
ENSSSCG00000011133,3.75579160912718,4.33092973753301
ENSSSCG00000011134,6.0873401716932,6.18877473791552
ENSSSCG00000022849,-0.187145967968861,-1.28451287928067
ENSSSCG00000030030,6.48633377915949,6.22986337912766
ENSSSCG00000039612,5.33833943482593,5.2685915374127
ENSSSCG00000056385,1.1132890985785,-1.28451287928067
ENSSSCG00000056203,-0.96807720485524,-1.16974403207503
ENSSSCG00000055365,0.229053005082177,-0.964427270899581
ENSSSCG00000049325,0.229053005082177,-1.16974403207503
ENSSSCG00000052292,0.58736937234432,1.64605858351007
ENSSSCG00000011082,4.69180549873651,5.07705044142739
ENSSSCG00000011081,4.98059538171392,5.39400823378912
ENSSSCG00000011121,3.92575018851997,3.2764967565249
ENSSSCG00000011103,6.33117122087424,6.27298826933367
ENSSSCG00000026001,4.56551478173682,4.49214392126479
ENSSSCG00000011085,5.78416601014663,6.18068512932339
ENSSSCG00000060456,-0.0167046405169091,-0.119711717242417
ENSSSCG00000011087,1.99969571546966,1.8088681866303
ENSSSCG00000011090,4.50847688485433,5.38112251892845
ENSSSCG00000011110,7.32955094595991,5.00710246988583
ENSSSCG00000011111,3.09624068973912,3.36958178393062
ENSSSCG00000011112,4.87444435354186,4.91420420819291
ENSSSCG00000011113,4.84709984198571,4.67218359493194
ENSSSCG00000011114,5.46125785720147,5.43765730178753
ENSSSCG00000039539,3.57203861517619,4.57471780521643
ENSSSCG00000011117,6.02037149527516,6.37577222677998
ENSSSCG00000022247,2.27608336519157,3.08173696809818
ENSSSCG00000011119,5.60204512786405,5.52118282389106
ENSSSCG00000011120,4.80603309036708,5.12280523284831
ENSSSCG00000046967,-0.6037335549306,-0.174001573015732
ENSSSCG00000032993,1.16144525464261,1.2726008670673
ENSSSCG00000024444,4.46596679346418,3.60943828321365
ENSSSCG00000010941,5.52361378551654,5.11857683779264
ENSSSCG00000038768,0.551677535663921,-1.40920704473941
ENSSSCG00000036967,5.27134511973265,5.26731884482486
ENSSSCG00000010904,6.45104840302269,6.98936916506864
ENSSSCG00000037431,4.60305126555482,4.30138934729478
ENSSSCG00000034151,6.92772658678718,6.07262943578306
ENSSSCG00000010926,3.33015805611298,1.23142354660134
ENSSSCG00000049544,-0.774434225214997,-2.85117878809169
ENSSSCG00000058253,0.58736937234432,0.708565629647667
ENSSSCG00000044583,3.12080585067565,3.76542269970242
ENSSSCG00000011077,5.03168865229825,5.64394568233457
ENSSSCG00000011078,7.07052351349399,6.94030087984329
ENSSSCG00000010923,2.05172648705434,2.01704038155276
ENSSSCG00000011079,5.92420812029285,6.18068512932339
ENSSSCG00000010925,9.23005737599893,9.65011362453016
ENSSSCG00000011080,6.83612244218957,6.71097578895912
ENSSSCG00000010922,6.91943627372545,6.6281302125495
ENSSSCG00000037669,-0.071311274400066,-0.0673909604895641
ENSSSCG00000024975,-0.0167046405169091,2.84291461693407
ENSSSCG00000011076,3.48483266148308,3.07010588219071
ENSSSCG00000027312,5.75895568184726,4.67602526698248
ENSSSCG00000060272,0.0359102671599988,1.79480357676921
ENSSSCG00000060657,-1.45670196380968,-0.119711717242417
ENSSSCG00000048108,0.13571138072984,-0.0169014492655093
ENSSSCG00000010928,6.85592087403946,6.79242138795366
ENSSSCG00000053080,4.68152139560982,4.22739885414628
ENSSSCG00000054833,-0.525404570246514,-0.0673909604895641
ENSSSCG00000010931,6.25692557068227,5.8602903068458
ENSSSCG00000060444,-2.46795088038493,0.481549931933635
ENSSSCG00000056714,4.13316600447482,4.30635494149973
ENSSSCG00000054371,-1.45670196380968,-0.119711717242417
ENSSSCG00000010929,5.98317427954294,6.86783524681204
ENSSSCG00000010908,2.79418583351156,2.62969400118923
ENSSSCG00000033654,2.54471531554339,2.69929941392765
ENSSSCG00000010943,5.89513160804564,5.51583386488128
ENSSSCG00000011171,8.22244478911256,8.3223521876957
ENSSSCG00000011167,3.47056834606659,3.39311138158518
ENSSSCG00000011168,2.61557016783239,2.69172925686298
ENSSSCG00000011169,4.12408143035106,3.7509259372459
ENSSSCG00000027557,5.92508014343666,5.97621698508766
ENSSSCG00000035956,4.45393269088626,4.5116232181288
ENSSSCG00000028981,0.815176045257344,-0.289123515071902
ENSSSCG00000039368,2.58940569507994,2.33149300780735
ENSSSCG00000063532,1.88964201598903,2.23061850955662
ENSSSCG00000010900,3.80588715198576,4.02841078531082
ENSSSCG00000053351,4.90305164195241,4.77963765158213
ENSSSCG00000010954,1.55306939928711,2.20956873606394
ENSSSCG00000010955,8.32939897147657,7.93127309701971
ENSSSCG00000032380,-0.071311274400066,0.647265633957376
ENSSSCG00000010956,4.83415950847949,4.61329608235131
ENSSSCG00000010957,3.77139171369143,3.48357025840186
ENSSSCG00000030694,-0.451110226541143,2.94832678617514
ENSSSCG00000023031,-1.78143407576197,-0.964427270899581
ENSSSCG00000021624,5.29177207720485,5.66632742027735
ENSSSCG00000024061,4.48501497173124,-0.702622497962026
ENSSSCG00000020976,9.38274899387026,9.31181369579109
ENSSSCG00000010915,5.37963869856682,4.28638918755986
ENSSSCG00000039843,6.73532531572545,6.79639748874971
ENSSSCG00000054480,3.35625455934382,3.60943828321365
ENSSSCG00000031201,7.62804532554743,7.98064418290211
ENSSSCG00000010912,1.81633565189514,0.333743892305565
ENSSSCG00000010959,3.12688233693705,0.333743892305565
ENSSSCG00000010911,2.91146944267663,3.80805894242148
ENSSSCG00000057685,3.09003348262316,3.44806439242055
ENSSSCG00000063163,3.04581876338901,3.36958178393062
ENSSSCG00000063271,-0.525404570246514,-0.119711717242417
ENSSSCG00000060084,-3.22005278102631,-0.624943747829482
ENSSSCG00000053885,4.20385387305167,3.20916012966961
ENSSSCG00000032301,-0.6037335549306,-3.82416175559903
ENSSSCG00000043552,-0.525404570246514,0.372139121137058
ENSSSCG00000038150,2.34025034678746,2.3887969274946
ENSSSCG00000022787,5.48982882631404,5.72683944852764
ENSSSCG00000055078,0.438976972203651,0.79589242289581
ENSSSCG00000010952,4.30110303528958,4.32604815274097
ENSSSCG00000034164,2.02594564966019,2.77289332642005
ENSSSCG00000031212,3.15093553532168,3.8392290700897
ENSSSCG00000010840,1.31835862021284,1.51492905093733
ENSSSCG00000046498,-1.976085364955,-0.624943747829482
ENSSSCG00000028178,6.16099315179093,5.96527011039625
ENSSSCG00000025686,1.55306939928711,2.23061850955662
ENSSSCG00000025290,4.18067396324146,4.34788637011036
ENSSSCG00000041187,2.08955398431033,3.62938863615046
ENSSSCG00000024484,5.40985534386528,5.67978300986121
ENSSSCG00000052651,0.316720715261423,-0.414234639036479
ENSSSCG00000026705,3.94994412045387,4.12712941865
ENSSSCG00000035034,4.11493928845344,4.62327910601669
ENSSSCG00000010849,6.979433612147,7.11496189139295
ENSSSCG00000063222,-0.868009231170092,0.708565629647667
ENSSSCG00000055285,0.13571138072984,0.79589242289581
ENSSSCG00000034972,2.4891927659918,2.15556008292513
ENSSSCG00000031483,1.55306939928711,2.18820728069852
ENSSSCG00000032397,5.20970144004725,4.88130498851059
ENSSSCG00000046945,6.10437773092913,6.46784499779069
ENSSSCG00000038646,6.91065785377033,7.50312269556263
ENSSSCG00000010994,4.68358408933102,4.75260582723064
ENSSSCG00000010995,6.36755033248495,6.13187056749719
ENSSSCG00000035454,7.81159383924262,6.18877473791552
ENSSSCG00000010999,5.73727428892082,5.60114669106076
ENSSSCG00000011000,7.88647921778946,8.67276577991279
ENSSSCG00000011001,3.47056834606659,3.18240087297536
ENSSSCG00000011013,6.86957457327005,7.0289593098211
ENSSSCG00000011014,4.66073061401041,4.52659401443999
ENSSSCG00000010996,6.24858997555739,6.06898180092856
ENSSSCG00000045657,1.51650785122028,0.333743892305565
ENSSSCG00000054061,-1.78143407576197,-1.16974403207503
ENSSSCG00000031174,3.39705128589786,1.51492905093733
ENSSSCG00000010948,3.27650471703377,1.79480357676921
ENSSSCG00000010949,6.04625124517999,6.49582659013399
ENSSSCG00000051707,-1.78143407576197,-0.481109027935221
ENSSSCG00000058834,0.58736937234432,1.21038560183454
ENSSSCG00000052781,-0.774434225214997,-0.481109027935221
ENSSSCG00000056862,4.24354358486353,3.21445293239965
ENSSSCG00000021309,3.69982325149067,4.06109421530442
ENSSSCG00000011030,0.844970737784426,2.8222627439312
ENSSSCG00000032444,4.09337959831602,3.28658285617744
ENSSSCG00000031456,4.13919076147208,4.4877792376076
ENSSSCG00000047199,-0.96807720485524,0.212017947135459
ENSSSCG00000057673,2.30852357224583,1.49766699261516
ENSSSCG00000011104,5.9595357852827,6.32223440424945
ENSSSCG00000052364,2.23166290725657,1.95515358576145
ENSSSCG00000011106,4.18941013204578,3.64906686383064
ENSSSCG00000024021,4.2266672308481,4.05520658198239
ENSSSCG00000011107,6.53169572191469,6.41422963672691
ENSSSCG00000036044,-0.187145967968861,-1.54570714867312
ENSSSCG00000033001,3.59413760265918,3.30158101284314
ENSSSCG00000056790,-1.45670196380968,-1.06343627958185
ENSSSCG00000058208,1.55306939928711,-0.35032329061541
ENSSSCG00000032735,3.01338605067572,3.27142714031653
ENSSSCG00000033737,-1.45670196380968,-1.28451287928067
ENSSSCG00000021706,5.11658468135943,4.25591271664972
ENSSSCG00000024784,-0.187145967968861,-1.28451287928067
ENSSSCG00000027928,5.5039048935229,5.30997268575455
ENSSSCG00000027314,5.72029442914765,5.76250678514916
ENSSSCG00000058221,-1.07560684537938,-2.27533557831912
ENSSSCG00000033907,-0.96807720485524,-0.78472289261437
ENSSSCG00000051637,1.18493366366352,1.92963589847684
ENSSSCG00000010885,3.69574118470893,4.29140658982071
ENSSSCG00000011176,0.656208489639131,0.51625090059353
ENSSSCG00000059631,0.438976972203651,0.550136777985776
ENSSSCG00000057680,0.273552666612953,1.23142354660134
ENSSSCG00000052804,0.753674621171028,1.05384751029812
ENSSSCG00000010888,-1.60995061428548,-0.702622497962026
ENSSSCG00000032896,3.22077869811913,2.92268698172859
ENSSSCG00000048861,2.91146944267663,2.69929941392765
ENSSSCG00000056019,-0.6037335549306,0.294298826806809
ENSSSCG00000011101,9.1435420161363,8.88906718664095
ENSSSCG00000011102,5.26033131704889,5.37876724611025
ENSSSCG00000055367,-1.31818014718968,0.647265633957376
ENSSSCG00000011071,4.33036099705535,4.85273840097803
ENSSSCG00000032929,7.1957613370843,7.09716413782468
ENSSSCG00000057984,-2.20115708176131,-0.551234614202225
ENSSSCG00000028135,3.65427239246614,3.7472788709232
ENSSSCG00000059535,-2.46795088038493,0.51625090059353
ENSSSCG00000054010,-0.248748603557596,1.83659263049607
ENSSSCG00000059769,-2.20115708176131,-1.16974403207503
ENSSSCG00000011074,5.09039300180185,5.0958136768621
ENSSSCG00000011075,6.93120304276356,7.1010985253449
ENSSSCG00000063450,-0.774434225214997,-2.85117878809169
ENSSSCG00000049690,1.13756809465378,0.904668467894398
ENSSSCG00000037260,-0.128066380263549,1.05384751029812
ENSSSCG00000032235,6.56620317245018,6.01085114112428
ENSSSCG00000039419,0.316720715261423,-1.54570714867312
ENSSSCG00000033946,5.60422455278722,6.10789651447577
ENSSSCG00000034173,5.92420812029285,5.87206008277923
ENSSSCG00000040931,4.42955908949299,1.3322436929096
ENSSSCG00000040086,4.7182060526972,4.65282027324832
ENSSSCG00000038718,5.76578653108954,5.79554887942477
ENSSSCG00000032761,7.62429174233726,7.71586442308617
ENSSSCG00000021825,7.73434984089379,7.46477330445862
ENSSSCG00000007540,4.97555347361088,4.45461629104527
ENSSSCG00000007539,2.49859618532626,3.03463919046406
ENSSSCG00000038617,5.65661719006181,5.71755014760796
ENSSSCG00000053677,4.43446686348167,4.38825559595382
ENSSSCG00000036835,6.08109446838804,5.52757550611114
ENSSSCG00000026052,6.8061425344659,7.07114338296236
ENSSSCG00000033332,7.01057729617867,7.13324155439683
ENSSSCG00000035448,4.20385387305167,4.70451629151158
ENSSSCG00000037369,5.20826937500679,5.15481765948851
ENSSSCG00000056699,5.46125785720147,5.49532500833184
ENSSSCG00000040554,0.358634535634919,-0.289123515071902
ENSSSCG00000038631,3.51757762897685,4.09878908435793
ENSSSCG00000024694,4.84525831401773,4.92231311122127
ENSSSCG00000040401,-0.451110226541143,-1.86487943217923
ENSSSCG00000040118,7.08892736878427,7.43928816449184
ENSSSCG00000031474,2.26510581356419,2.58952216140678
ENSSSCG00000040107,5.80988788556403,6.27235399974426
ENSSSCG00000038405,-1.45670196380968,-1.16974403207503
ENSSSCG00000039160,4.02669724728887,3.93851870543183
ENSSSCG00000036595,5.78031605664214,5.60316574980417
ENSSSCG00000035304,5.75503776897366,5.78046129011308
ENSSSCG00000061743,-1.60995061428548,-0.551234614202225
ENSSSCG00000037562,4.37188602326707,5.05803995812813
ENSSSCG00000040388,2.61557016783239,2.59764651471072
ENSSSCG00000036712,6.27071208903704,6.01616472554185
ENSSSCG00000031602,5.8654570041951,5.86197759361297
ENSSSCG00000035939,6.18521697361121,6.14023777105422
ENSSSCG00000058618,6.24160666637074,6.25576434657004
ENSSSCG00000034186,2.8973199146782,2.86327503004226
ENSSSCG00000029119,6.78420304960608,6.8841178250055
ENSSSCG00000055892,1.29696053674266,1.95515358576145
ENSSSCG00000036804,6.07952880857795,6.37754271122057
ENSSSCG00000037865,3.53138682335892,1.56550952137607
ENSSSCG00000034841,4.71417574184047,4.18219270048509
ENSSSCG00000033548,4.63111078580486,3.85625916799006
ENSSSCG00000031228,2.75548937239974,4.25077011986144
ENSSSCG00000007538,-0.96807720485524,-0.0673909604895641
ENSSSCG00000059072,-0.380455165278715,-1.54570714867312
ENSSSCG00000061999,-0.451110226541143,-1.16974403207503
ENSSSCG00000062929,1.44048186623276,1.16736637209713
ENSSSCG00000058198,2.61557016783239,2.51426767165911
ENSSSCG00000046327,-1.60995061428548,0.678241186296717
ENSSSCG00000006979,0.622199479864748,-0.551234614202225
ENSSSCG00000006968,4.15414349138175,4.22739885414628
ENSSSCG00000006969,7.32592394713913,7.07369387452711
ENSSSCG00000006970,4.97723606822499,3.57693252722526
ENSSSCG00000021988,6.63603546011971,6.18068512932339
ENSSSCG00000055878,2.95992771317643,3.77261681843486
ENSSSCG00000003935,-1.19180123640617,-1.06343627958185
ENSSSCG00000033117,-0.686560683805019,-3.82416175559903
ENSSSCG00000039442,0.753674621171028,-0.230414558288775
ENSSSCG00000006981,2.81691510587633,3.09327503299889
ENSSSCG00000006982,3.38695974883797,3.55623811122485
ENSSSCG00000006983,6.16173321442698,6.14924781289382
ENSSSCG00000006984,4.55202993354254,4.63910963561341
ENSSSCG00000027439,0.622199479864748,-3.82416175559903
ENSSSCG00000036785,3.02644675824992,3.01050088731778
ENSSSCG00000021353,7.44317971266788,8.13741382646245
ENSSSCG00000006987,2.83187141988282,1.8088681866303
ENSSSCG00000006988,3.7868249346286,3.70277942753658
ENSSSCG00000040013,6.93467114167302,7.22885779361915
ENSSSCG00000007056,5.55098756373722,5.01167000204327
ENSSSCG00000035335,-0.128066380263549,-1.86487943217923
ENSSSCG00000006994,7.93360495378611,7.91795223488505
ENSSSCG00000006995,7.1761173003184,6.29063554096127
ENSSSCG00000006996,4.66491280882662,4.64696023338181
ENSSSCG00000052785,-1.19180123640617,-0.78472289261437
ENSSSCG00000006972,2.58057768336524,2.37940294608589
ENSSSCG00000006966,0.753674621171028,1.00581493118192
ENSSSCG00000025403,-0.868009231170092,-1.54570714867312
ENSSSCG00000058810,2.85401912853735,3.78689831996086
ENSSSCG00000056747,0.183136955639335,0.767366807455606
ENSSSCG00000053731,-2.79553649653186,-0.78472289261437
ENSSSCG00000043990,-0.187145967968861,-0.702622497962026
ENSSSCG00000049196,-1.976085364955,-0.964427270899581
ENSSSCG00000007058,6.20330132660581,7.27423155769232
ENSSSCG00000007061,0.58736937234432,-2.27533557831912
ENSSSCG00000058180,3.66266205759027,2.69929941392765
ENSSSCG00000048919,5.57674220250872,5.21942209472372
ENSSSCG00000032601,5.5877980439522,4.63910963561341
ENSSSCG00000026466,5.19531641653183,5.26604502852297
ENSSSCG00000028479,6.1654278438206,5.84245362324048
ENSSSCG00000056538,5.04297963835434,4.91094784212134
ENSSSCG00000030123,6.32325489986924,6.43421522693096
ENSSSCG00000007043,7.36949825182312,7.26628994037664
ENSSSCG00000039269,2.70764046952107,3.42542113285521
ENSSSCG00000039779,-0.187145967968861,0.0318806818288641
ENSSSCG00000007046,4.55878811291572,4.9495473644986
ENSSSCG00000007047,3.68342522284369,1.83659263049607
ENSSSCG00000040202,5.32650778106284,5.39866555924204
ENSSSCG00000053721,0.874162537149699,1.92963589847684
ENSSSCG00000007052,4.22099762230059,4.89949232825537
ENSSSCG00000031857,5.75307481536054,5.87790915797897
ENSSSCG00000039969,3.86524692547764,3.74362256161478
ENSSSCG00000036001,3.84695799941802,3.36958178393062
ENSSSCG00000024486,3.88689192745738,4.10450186370333
ENSSSCG00000063303,5.61290947718701,5.69784572600834
ENSSSCG00000031510,5.78800571706302,5.72405893316066
ENSSSCG00000038960,5.30924446785701,4.84934013300141
ENSSSCG00000007004,5.37963869856682,4.71948452790664
ENSSSCG00000035371,0.985358817624548,1.4081155707733
ENSSSCG00000033750,3.37679712473895,3.77977524102448
ENSSSCG00000007034,4.29841356141105,4.27630172910488
ENSSSCG00000044174,0.874162537149699,-0.551234614202225
ENSSSCG00000043561,2.46060907199472,3.48794767503683
ENSSSCG00000043729,-2.79553649653186,1.00581493118192
ENSSSCG00000007421,3.11470366257417,2.58135179761789
ENSSSCG00000007422,5.16463276826677,5.1157510070207
ENSSSCG00000007423,2.36102042350312,-0.289123515071902
ENSSSCG00000007424,3.47533880561576,3.08751753508833
ENSSSCG00000007425,4.37444207714264,4.9367952621008
ENSSSCG00000007426,3.70389380075518,4.17948888215237
ENSSSCG00000007427,3.02644675824992,2.65327091878993
ENSSSCG00000007428,3.34587253533682,3.42084951981263
ENSSSCG00000007430,1.53490444243865,0.904668467894398
ENSSSCG00000007431,5.85634285333207,5.34296880694927
ENSSSCG00000007435,4.70810908584026,4.54561669196661
ENSSSCG00000035053,-1.78143407576197,-0.289123515071902
ENSSSCG00000022777,4.24633721660844,4.43661266768852
ENSSSCG00000023306,6.2047383291306,6.41537915929304
ENSSSCG00000051117,0.689434225427014,1.3895183870631
ENSSSCG00000007458,6.1771874743719,6.51472035701091
ENSSSCG00000007456,7.48547008291359,4.72505781956526
ENSSSCG00000022258,2.8973199146782,-1.28451287928067
ENSSSCG00000007439,-2.79553649653186,1.23142354660134
ENSSSCG00000035078,3.07124999498535,3.00440267505079
ENSSSCG00000038594,6.02932012002761,4.9093168986526
ENSSSCG00000035906,1.95940295449205,2.32171709503593
ENSSSCG00000007452,3.36141768815191,3.48357025840186
ENSSSCG00000007451,5.42102539212675,4.20630170597606
ENSSSCG00000007352,3.77526552432603,3.75456380719677
ENSSSCG00000007395,5.75797720066211,5.94152902525393
ENSSSCG00000033586,5.23804821192958,5.57463850492552
ENSSSCG00000021861,6.67128362513889,6.18068512932339
ENSSSCG00000039858,-0.6037335549306,-1.6964847871246
ENSSSCG00000035724,0.229053005082177,-1.6964847871246
ENSSSCG00000033003,7.90670708288457,7.97012215877873
ENSSSCG00000033572,1.1132890985785,1.10033230279389
ENSSSCG00000007355,6.70974515019399,6.52487428787541
ENSSSCG00000007356,6.63763229045798,6.491473050504
ENSSSCG00000032566,4.99395495627502,4.99638832032183
ENSSSCG00000007359,4.72823284491832,4.49649543996581
ENSSSCG00000007358,2.96671934204476,3.70654059047283
ENSSSCG00000007360,6.29047139625823,6.60211767102624
ENSSSCG00000038990,2.83929183176385,0.930627626435109
ENSSSCG00000007362,8.6015733241777,8.74392122241258
ENSSSCG00000055642,1.44048186623276,2.17740676095809
ENSSSCG00000024325,1.49787364177406,-2.05555929136582
ENSSSCG00000007364,6.13786085945299,5.80610473563688
ENSSSCG00000007366,2.94624777947776,2.28193723327874
ENSSSCG00000022202,4.6353796041241,4.30635494149973
ENSSSCG00000007369,6.94330508911524,7.06749198415252
ENSSSCG00000031692,3.2710279851024,3.75819252703796
ENSSSCG00000039573,12.4728100288321,10.5638134523722
ENSSSCG00000007391,2.4891927659918,0.79589242289581
ENSSSCG00000031118,3.89759385518177,2.54819961906087
ENSSSCG00000037156,1.40091172062405,0.409538950709052
ENSSSCG00000007453,6.57233893206821,6.51418395481083
ENSSSCG00000007433,6.02200265191847,6.16231593496439
ENSSSCG00000007432,5.09659866559798,5.18882654694905
ENSSSCG00000007436,1.73910410091577,1.44460584430091
ENSSSCG00000007437,4.34607327790409,5.06976833209942
ENSSSCG00000007438,6.22116179363816,6.48655956356461
ENSSSCG00000030820,6.02769722044238,5.5756671080113
ENSSSCG00000007454,7.88871598146165,7.79151926153641
ENSSSCG00000036684,4.90835292616724,4.32360115223717
ENSSSCG00000039591,7.3832066619467,7.29155074254287
ENSSSCG00000022714,5.0137651842862,4.91094784212134
ENSSSCG00000007373,0.656208489639131,-0.230414558288775
ENSSSCG00000037912,4.22949370163713,4.47901005509696
ENSSSCG00000007370,-1.78143407576197,-0.35032329061541
ENSSSCG00000007371,3.11470366257417,0.481549931933635
ENSSSCG00000007334,5.84256275007152,6.1582019335167
ENSSSCG00000007336,6.5634055408513,6.54023590621906
ENSSSCG00000063164,3.54959584587351,3.73628202580504
ENSSSCG00000063138,2.80937840000644,3.39311138158518
ENSSSCG00000052330,-0.774434225214997,-0.289123515071902
ENSSSCG00000045287,1.27524029214877,1.18903632798696
ENSSSCG00000055075,-1.19180123640617,-0.871778856036138
ENSSSCG00000053206,1.60623101893403,2.59764651471072
ENSSSCG00000053038,-0.96807720485524,-1.54570714867312
ENSSSCG00000048424,-0.451110226541143,-2.27533557831912
ENSSSCG00000056364,2.92548154303131,-0.871778856036138
ENSSSCG00000051590,2.25404409223782,1.5319870059135
ENSSSCG00000048962,0.47753036411502,0.481549931933635
ENSSSCG00000007108,5.38851745148493,5.19017036770102
ENSSSCG00000007109,6.33445691048924,6.55595696248086
ENSSSCG00000007116,6.37331235454199,6.35195576922091
ENSSSCG00000007114,4.21530564497516,4.97159586277685
ENSSSCG00000020853,5.51205295330468,5.60013610106851
ENSSSCG00000007072,2.80180211518241,3.7939864025381
ENSSSCG00000007073,2.36102042350312,5.81832307177282
ENSSSCG00000007074,4.1835919013962,3.84265121000384
ENSSSCG00000058041,-2.20115708176131,-0.78472289261437
ENSSSCG00000007077,4.53156334491792,4.73614022506195
ENSSSCG00000007076,2.50793871030225,2.70683005586903
ENSSSCG00000030112,3.00681108817546,2.02910543258505
ENSSSCG00000007079,2.07705469961597,1.4081155707733
ENSSSCG00000007080,5.46486032496086,5.12561729354074
ENSSSCG00000007488,1.75488470892769,2.1108484849407
ENSSSCG00000007504,5.69903958385738,5.92386718546021
ENSSSCG00000037602,4.6095751469293,4.19027388372377
ENSSSCG00000007492,5.7687041660469,5.33327060833431
ENSSSCG00000007119,3.28739620076941,3.35047783641302
ENSSSCG00000007117,4.06833886086946,4.17677998695833
ENSSSCG00000007487,3.74002097233019,3.88641573936135
ENSSSCG00000031219,3.89403535943633,4.89949232825537
ENSSSCG00000007508,3.16281340283161,2.23061850955662
ENSSSCG00000034259,5.37963869856682,5.35500058905182
ENSSSCG00000007493,2.16235749758156,1.25215911194267
ENSSSCG00000007083,-2.20115708176131,4.17134688947373
ENSSSCG00000007494,4.66908291501137,4.61329608235131
ENSSSCG00000007495,-1.19180123640617,-1.28451287928067
ENSSSCG00000007084,-0.6037335549306,-0.414234639036479
ENSSSCG00000007085,10.1462591364601,10.2484799741611
ENSSSCG00000024692,8.71759669295295,7.221976221117
ENSSSCG00000007088,6.93207084939527,6.61468225407582
ENSSSCG00000007089,4.03963853930977,3.97327825465553
ENSSSCG00000036377,3.38188738520723,4.72876142191521
ENSSSCG00000052391,2.4891927659918,2.47951838830822
ENSSSCG00000007092,5.44797130918404,5.62717658870484
ENSSSCG00000007093,3.47533880561576,3.84947123326037
ENSSSCG00000007094,8.0856313823961,8.42265287062445
ENSSSCG00000007462,0.753674621171028,3.65686361034676
ENSSSCG00000007463,6.71176791114829,6.51739938052273
ENSSSCG00000007095,3.52219539589792,3.46592655108512
ENSSSCG00000007496,5.46366050159774,5.40098859601281
ENSSSCG00000029494,4.32244021673114,4.49432132126936
ENSSSCG00000007497,-0.774434225214997,-1.54570714867312
ENSSSCG00000007498,0.985358817624548,0.878233640758889
ENSSSCG00000007097,6.86730791140692,6.141627599181
ENSSSCG00000007501,1.01186851910195,0.169048095927475
ENSSSCG00000007503,5.29986255987986,5.43652540074434
ENSSSCG00000025589,3.16281340283161,3.25611051968982
ENSSSCG00000007098,4.37954063903287,4.33092973753301
ENSSSCG00000007476,6.7112624867277,4.79561692122977
ENSSSCG00000007486,-0.686560683805019,2.01704038155276
ENSSSCG00000007100,4.56775005300148,5.27493821378838
ENSSSCG00000028004,5.42965380765757,5.43539261094366
ENSSSCG00000028132,3.7868249346286,3.72520071372487
ENSSSCG00000025784,1.65750311577385,1.16736637209713
ENSSSCG00000038587,5.52591487645596,5.22336540580085
ENSSSCG00000007465,5.90665604641587,5.33083583776941
ENSSSCG00000007466,6.87950579405581,6.36272185608188
ENSSSCG00000038858,6.57233893206821,6.36331762281564
ENSSSCG00000033324,4.75004951746395,4.79914396241639
ENSSSCG00000026506,6.03901936552751,5.65955226986673
ENSSSCG00000036129,6.90093949494886,6.52274254907937
ENSSSCG00000032613,1.20804577791874,-0.174001573015732
ENSSSCG00000030632,6.46430677232101,5.81048031556348
ENSSSCG00000053422,3.00020602359109,1.59827076196444
ENSSSCG00000007099,0.183136955639335,-2.85117878809169
ENSSSCG00000046267,-1.19180123640617,0.678241186296717
ENSSSCG00000057660,0.229053005082177,0.212017947135459
ENSSSCG00000057453,-3.82416175559903,2.59764651471072
ENSSSCG00000054391,-2.79553649653186,-0.230414558288775
ENSSSCG00000053829,-2.79553649653186,-0.871778856036138
ENSSSCG00000027287,5.80705244171022,5.62419699694949
ENSSSCG00000007469,5.48982882631404,5.34658888925348
ENSSSCG00000007470,2.77883157464872,3.15513588774505
ENSSSCG00000027206,4.39220876525379,4.79031013887507
ENSSSCG00000007472,3.94994412045387,4.11019211079662
ENSSSCG00000007473,6.75458508863763,7.2799225736478
ENSSSCG00000034952,5.70615938259116,5.71288297077377
ENSSSCG00000007510,7.85044069496035,8.09876117074854
ENSSSCG00000007512,3.62880663470464,3.99496973430403
ENSSSCG00000007513,5.92508014343666,5.9723169153283
ENSSSCG00000007514,6.82775337078712,6.51525655984773
ENSSSCG00000007516,6.57456366328126,7.11920087921078
ENSSSCG00000007517,5.40611269276694,5.55391091895061
ENSSSCG00000007520,8.10076077342841,7.6189101796495
ENSSSCG00000058036,1.4598672457525,0.169048095927475
ENSSSCG00000007477,3.71603698882729,3.01050088731778
ENSSSCG00000007481,1.83129794321605,2.30196426756707
ENSSSCG00000007482,1.99969571546966,1.9036587274475
ENSSSCG00000007484,5.69597745244933,6.45448701212379
ENSSSCG00000007485,7.36821640390332,6.42340027304028
ENSSSCG00000007521,6.88758079432634,6.44663735202703
ENSSSCG00000007522,6.64028975299402,6.18810233369973
ENSSSCG00000007523,-0.071311274400066,0.0318806818288641
ENSSSCG00000060915,7.2717672038254,7.13638196278101
ENSSSCG00000007525,3.33541525760166,3.3213390526125
ENSSSCG00000007527,3.17459427656436,2.91620519333423
ENSSSCG00000007528,-0.313099436094831,3.2815486205146
ENSSSCG00000007529,2.98020742906681,2.66104503944852
ENSSSCG00000007531,4.01363881748623,4.23262528609825
ENSSSCG00000044650,-0.96807720485524,-0.871778856036138
ENSSSCG00000036439,-1.07560684537938,-1.54570714867312
ENSSSCG00000034207,6.30662171681476,5.74249527347919
ENSSSCG00000007475,4.31979026323652,4.36226366882995
ENSSSCG00000062653,-0.525404570246514,0.124759019246936
ENSSSCG00000007530,4.12104048211035,3.53524252347769
ENSSSCG00000048041,0.551677535663921,-0.78472289261437
ENSSSCG00000061307,-0.868009231170092,-2.27533557831912
ENSSSCG00000057910,2.78652913044763,5.16988042999242
ENSSSCG00000055381,0.0866736428889641,-0.964427270899581
ENSSSCG00000050651,-1.31818014718968,-1.06343627958185
ENSSSCG00000054658,-0.6037335549306,0.212017947135459
ENSSSCG00000056070,0.622199479864748,1.51492905093733
ENSSSCG00000043121,0.316720715261423,-1.6964847871246
ENSSSCG00000057076,-0.525404570246514,0.0318806818288641
ENSSSCG00000059679,-1.19180123640617,0.0318806818288641
ENSSSCG00000059022,0.399364956748047,0.253744895693059
ENSSSCG00000043700,-0.96807720485524,-0.0169014492655093
ENSSSCG00000058388,-1.60995061428548,-0.289123515071902
ENSSSCG00000051682,0.874162537149699,0.767366807455606
ENSSSCG00000007478,6.88668580079307,6.74794538207051
ENSSSCG00000058830,3.86160764102687,3.89961894959634
ENSSSCG00000007198,2.92548154303131,3.2249806386688
ENSSSCG00000007189,5.14978891878731,3.5267579808414
ENSSSCG00000031519,-0.0167046405169091,-0.551234614202225
ENSSSCG00000007130,3.80588715198576,-0.871778856036138
ENSSSCG00000007131,-0.96807720485524,-0.624943747829482
ENSSSCG00000036286,6.12729119146903,6.00016489809096
ENSSSCG00000007133,5.64607823695749,6.58791419255702
ENSSSCG00000007216,4.37188602326707,7.13881978530527
ENSSSCG00000028461,6.01710363882904,6.94389009489377
ENSSSCG00000007170,5.7273103554448,2.97974874118209
ENSSSCG00000027665,-0.868009231170092,-1.16974403207503
ENSSSCG00000007181,-2.20115708176131,-1.06343627958185
ENSSSCG00000063284,-0.313099436094831,1.00581493118192
ENSSSCG00000007187,6.27482248452044,6.37636262970971
ENSSSCG00000007188,8.48828671580621,8.15850553459571
ENSSSCG00000007171,2.93243688704098,3.17155663273452
ENSSSCG00000007179,5.63439576913845,5.93753391480702
ENSSSCG00000039392,5.92071474728034,4.5705962703615
ENSSSCG00000007191,0.815176045257344,-1.06343627958185
ENSSSCG00000007192,-2.79553649653186,0.253744895693059
ENSSSCG00000038854,6.17352287619424,6.30000138376268
ENSSSCG00000023887,-0.686560683805019,3.18779257833077
ENSSSCG00000037360,7.94353686031568,8.129905754072
ENSSSCG00000007212,5.17493333129471,4.78676140820253
ENSSSCG00000038183,-0.868009231170092,0.445993691080189
ENSSSCG00000055982,2.61557016783239,4.18219270048509
ENSSSCG00000035759,-0.96807720485524,-0.119711717242417
ENSSSCG00000007221,-3.82416175559903,5.51476168912881
ENSSSCG00000036940,0.358634535634919,-2.05555929136582
ENSSSCG00000007203,5.9730908851975,5.88870921024551
ENSSSCG00000036081,5.77935196082041,6.11002797058959
ENSSSCG00000007206,6.15133763071659,5.96448500314811
ENSSSCG00000039862,3.26001175181962,2.0048735807178
ENSSSCG00000007200,4.7539809818569,5.44330352429917
ENSSSCG00000007199,6.3822300067111,6.52965921453739
ENSSSCG00000023298,4.12408143035106,3.4614817017213
ENSSSCG00000007160,6.08578127892927,5.98630809850022
ENSSSCG00000007161,5.3834505712403,5.88040866336099
ENSSSCG00000007162,3.19787128988667,3.17698894188192
ENSSSCG00000045134,3.87611001904801,4.11019211079662
ENSSSCG00000007164,-2.79553649653186,1.548845627756
ENSSSCG00000007165,6.06536088094133,6.24545969272475
ENSSSCG00000007166,6.21903017571481,6.06532492020273
ENSSSCG00000007167,5.9931876871325,6.01009045752365
ENSSSCG00000007168,5.36942418903537,5.6883672294262
ENSSSCG00000007173,5.6753954435686,6.01919229581847
ENSSSCG00000027676,6.47208437148029,6.64929185952357
ENSSSCG00000040857,6.66398917379084,6.43874474840607
ENSSSCG00000029289,-1.78143407576197,0.823864935560437
ENSSSCG00000055487,5.42596223239699,5.13262355814524
ENSSSCG00000007252,2.07705469961597,2.34120312316572
ENSSSCG00000007253,6.55159588378571,6.13954235458122
ENSSSCG00000059506,0.0359102671599988,0.294298826806809
ENSSSCG00000027070,6.50919302981951,7.24219937250424
ENSSSCG00000022815,8.56609573299493,8.54795654162083
ENSSSCG00000040449,5.11505708696343,5.01318930492047
ENSSSCG00000034913,2.64973397156036,1.76625620955041
ENSSSCG00000007135,2.41167389764734,2.70683005586903
ENSSSCG00000053479,2.35067276244516,2.73656558548579
ENSSSCG00000028529,4.58991432698507,6.41595357728614
ENSSSCG00000007228,7.48251126759346,6.84412899296923
ENSSSCG00000037016,4.89239027334682,2.77289332642005
ENSSSCG00000038384,4.25468580026123,5.21017890254012
ENSSSCG00000035357,5.27271595184586,6.1339669222168
ENSSSCG00000007235,3.18044883327868,1.07727712061465
ENSSSCG00000007231,-0.071311274400066,-0.289123515071902
ENSSSCG00000033613,5.78512689536103,5.77240940266197
ENSSSCG00000055618,1.01186851910195,1.51492905093733
ENSSSCG00000056065,2.08955398431033,1.25215911194267
ENSSSCG00000007236,6.02200265191847,6.23508090661092
ENSSSCG00000007237,5.27818629182259,5.36693285789626
ENSSSCG00000007239,2.31917687589272,2.15556008292513
ENSSSCG00000007240,1.20804577791874,0.409538950709052
ENSSSCG00000007246,6.95487955563719,6.57202406154074
ENSSSCG00000007243,3.9430728702114,4.44789123329679
ENSSSCG00000007244,5.56336237580262,5.92225079004934
ENSSSCG00000007247,6.65508175410734,6.72263087828832
ENSSSCG00000007248,6.37331235454199,6.83513774769012
ENSSSCG00000007157,4.24354358486353,5.56845143796607
ENSSSCG00000035995,3.9971477895836,4.15216828374264
ENSSSCG00000007315,4.99395495627502,5.12139714438139
ENSSSCG00000007317,6.26314581253844,6.53336988323963
ENSSSCG00000036002,3.83587231237669,4.49214392126479
ENSSSCG00000036402,10.8241103572004,10.9354974198507
ENSSSCG00000039201,3.86524692547764,3.87309057949637
ENSSSCG00000055477,0.656208489639131,0.878233640758889
ENSSSCG00000007323,3.16871586481386,3.35527759167279
ENSSSCG00000007324,3.84695799941802,4.87296160819045
ENSSSCG00000027806,4.03318240403036,5.18343871162562
ENSSSCG00000031690,1.65750311577385,2.58135179761789
ENSSSCG00000007331,4.24354358486353,3.35527759167279
ENSSSCG00000028227,8.72161747165625,7.42993392886707
ENSSSCG00000025673,5.70209522963116,5.35500058905182
ENSSSCG00000063004,3.92575018851997,4.35269474039829
ENSSSCG00000027410,4.55878811291572,4.85951101693745
ENSSSCG00000029626,5.90488903684729,4.94636989053278
ENSSSCG00000047940,-0.313099436094831,0.0318806818288641
ENSSSCG00000007268,3.33541525760166,1.72234722316666
ENSSSCG00000034625,4.15116531784127,3.9638811293773
ENSSSCG00000021769,4.32244021673114,4.72691080919883
ENSSSCG00000007272,6.88623809573272,6.53918171953136
ENSSSCG00000007275,6.74424640161654,6.36033632585198
ENSSSCG00000026617,6.5010287558933,6.30992504964985
ENSSSCG00000053652,0.551677535663921,0.647265633957376
ENSSSCG00000007278,5.3409555658296,4.92554395364835
ENSSSCG00000007280,6.75899337423124,6.14301608969777
ENSSSCG00000043574,0.815176045257344,0.550136777985776
ENSSSCG00000037510,6.55666900733792,6.42910245870198
ENSSSCG00000007282,4.7539809818569,4.80792402424402
ENSSSCG00000007281,6.51962251882716,6.12204709886044
ENSSSCG00000022099,6.36305279514839,4.90441297644775
ENSSSCG00000007284,5.2296025086371,5.22205216599255
ENSSSCG00000007285,4.41473479340871,4.50083387288934
ENSSSCG00000007286,3.86160764102687,4.01633989926814
ENSSSCG00000007287,5.30790792487311,4.93198401326023
ENSSSCG00000007288,5.999824887944,7.16331623895597
ENSSSCG00000007289,7.1816008615203,6.77057935985982
ENSSSCG00000007291,6.10129492112634,5.07122769749239
ENSSSCG00000026585,2.29779101573986,2.48828449091058
ENSSSCG00000040160,2.41167389764734,6.5012501049499
ENSSSCG00000022864,6.54082701204938,6.61718209269904
ENSSSCG00000028858,2.12641493269169,2.12215696247678
ENSSSCG00000038237,4.7441321596516,4.85782084125562
ENSSSCG00000023261,-2.46795088038493,-0.289123515071902
ENSSSCG00000021138,5.95868434786585,5.77330627923349
ENSSSCG00000049711,-3.82416175559903,0.550136777985776
ENSSSCG00000034045,7.72936636704517,6.87954387883756
ENSSSCG00000057781,0.930831724376776,1.29275702200006
ENSSSCG00000007305,2.01288038415818,-0.35032329061541
ENSSSCG00000047420,5.51437254291368,5.328396951206
ENSSSCG00000007307,5.02682247550098,5.41139621891093
ENSSSCG00000007308,4.9839468912139,5.05509290607859
ENSSSCG00000007309,7.33808777764937,7.52990412919857
ENSSSCG00000007311,4.98561973078247,5.20487036753822
ENSSSCG00000007312,5.39356659863323,5.32228163564926
ENSSSCG00000007313,0.930831724376776,-0.624943747829482
ENSSSCG00000007314,6.4117709837389,7.1000265742101
ENSSSCG00000056166,1.93190203123131,2.24102933224071
ENSSSCG00000047985,5.07946844204484,5.32228163564926
ENSSSCG00000007224,-2.79553649653186,2.07638127694377
ENSSSCG00000053991,4.0492688917079,4.49649543996581
ENSSSCG00000044750,-0.96807720485524,-0.624943747829482
ENSSSCG00000055053,1.80121655797197,2.75847181319094
ENSSSCG00000052842,-0.868009231170092,0.767366807455606
ENSSSCG00000062634,-1.31818014718968,-0.119711717242417
ENSSSCG00000037324,3.81344207065432,6.67831042620028
ENSSSCG00000044004,-0.187145967968861,3.01657343115509
ENSSSCG00000062907,-0.187145967968861,1.61437655810064
ENSSSCG00000059987,0.316720715261423,1.4081155707733
ENSSSCG00000047192,3.07124999498535,4.07279788632357
ENSSSCG00000053536,-1.07560684537938,-0.702622497962026
ENSSSCG00000062032,7.68835294406852,7.04129785475115
ENSSSCG00000047748,-1.19180123640617,-0.414234639036479
ENSSSCG00000044567,2.81691510587633,3.57281732362671
ENSSSCG00000048082,4.50147828664791,4.96533060070222
ENSSSCG00000019046,-0.525404570246514,-1.6964847871246
ENSSSCG00000019599,-1.07560684537938,-0.964427270899581
ENSSSCG00000018196,-0.525404570246514,-0.0169014492655093
ENSSSCG00000018372,1.1132890985785,1.8772052214074
ENSSSCG00000007249,5.21256131263037,5.08718403481786
ENSSSCG00000007322,5.76383815790859,5.80610473563688
ENSSSCG00000007264,3.7079528973128,3.84947123326037
ENSSSCG00000055187,5.87631852198533,5.80259469154206
ENSSSCG00000007460,5.5844901784916,6.01692221396116
ENSSSCG00000025534,6.41239298977515,6.44719946063312
ENSSSCG00000027444,6.99778598341749,7.1674157028903
ENSSSCG00000022915,4.66282322687629,4.8796401680909
ENSSSCG00000030108,7.23250468068792,7.19210622115035
ENSSSCG00000027476,-0.0167046405169091,0.708565629647667
ENSSSCG00000023870,-0.686560683805019,-0.414234639036479
ENSSSCG00000007337,4.9738689143191,4.9239294368481
ENSSSCG00000007340,3.92923140453305,4.10164830170952
ENSSSCG00000007342,5.35526009751844,5.5756671080113
ENSSSCG00000023522,8.28202696258314,11.4908872257064
ENSSSCG00000007344,3.12080585067565,3.03463919046406
ENSSSCG00000026605,4.56551478173682,1.56550952137607
ENSSSCG00000028758,2.35067276244516,0.124759019246936
ENSSSCG00000025722,0.0359102671599988,0.253744895693059
ENSSSCG00000041731,6.21689540361184,6.28750003285826
ENSSSCG00000063546,-1.19180123640617,-0.481109027935221
ENSSSCG00000021542,0.229053005082177,0.0790671408551012
ENSSSCG00000007345,6.23318182987976,6.12486063623433
ENSSSCG00000007346,1.75488470892769,0.79589242289581
ENSSSCG00000007349,3.73207053122084,3.7939864025381
ENSSSCG00000007350,3.71200060542836,3.19851591260962
ENSSSCG00000007351,0.874162537149699,-0.0673909604895641
ENSSSCG00000058919,3.29281126295419,4.25591271664972
ENSSSCG00000007263,-2.46795088038493,-0.964427270899581
ENSSSCG00000022998,6.5225062685198,6.40500033321753
ENSSSCG00000021255,2.80180211518241,1.86379432043539
ENSSSCG00000031648,5.0652999186481,2.29198550125994
ENSSSCG00000021453,-0.380455165278715,-1.86487943217923
ENSSSCG00000051506,0.985358817624548,1.16736637209713
ENSSSCG00000042318,-0.6037335549306,-0.702622497962026
ENSSSCG00000007381,8.49534944345414,8.13183014617656
ENSSSCG00000007382,1.65750311577385,-2.85117878809169
ENSSSCG00000007383,4.32508531169335,3.84947123326037
ENSSSCG00000007064,4.66282322687629,4.73797904407895
ENSSSCG00000007067,7.63924783239662,7.81479230932102
ENSSSCG00000007063,4.0714928252209,3.47477537670041
ENSSSCG00000026985,0.844970737784426,1.00581493118192
ENSSSCG00000051557,0.844970737784426,1.58198313393422
ENSSSCG00000007066,2.93243688704098,2.66104503944852
ENSSSCG00000007139,2.78652913044763,1.78060050223319
ENSSSCG00000007140,4.53613663328599,6.63357327369812
ENSSSCG00000059435,2.03889365526185,1.67705978623095
ENSSSCG00000007142,5.47680399491392,5.50291486449861
ENSSSCG00000007143,5.87361079907213,5.83645871805103
ENSSSCG00000046612,-0.0167046405169091,1.03003110897365
ENSSSCG00000033297,4.0714928252209,3.95442239354423
ENSSSCG00000007151,4.61174323469253,5.76431232413909
ENSSSCG00000053890,6.16247289762601,6.2034888927659
ENSSSCG00000007149,6.31263177806902,6.42340027304028
ENSSSCG00000035666,3.77139171369143,3.63334581301382
ENSSSCG00000007147,4.70810908584026,4.04929482275839
ENSSSCG00000007146,0.985358817624548,-0.481109027935221
ENSSSCG00000007145,6.32853727073073,6.82652224378654
ENSSSCG00000021401,0.0866736428889641,0.445993691080189
ENSSSCG00000007153,5.71928936292719,5.97309777318788
ENSSSCG00000007155,5.92943237034477,5.85436921442438
ENSSSCG00000025822,6.90536504795447,3.56040081028268
ENSSSCG00000020715,5.67020373208027,5.7044438144603
ENSSSCG00000037513,2.90441202540823,1.86379432043539
ENSSSCG00000007019,6.32985484690773,6.09144988361656
ENSSSCG00000007022,2.1858311792755,1.07727712061465
ENSSSCG00000059771,1.90386667628305,2.01704038155276
ENSSSCG00000007023,3.40207070621701,3.56869034806267
ENSSSCG00000055703,2.74762395114334,3.21445293239965
ENSSSCG00000007033,3.73207053122084,4.25847715714734
ENSSSCG00000007032,8.45395626237036,7.04538736406656
ENSSSCG00000007030,6.23458939026562,5.84245362324048
ENSSSCG00000007031,4.95520776802301,4.7598639818861
ENSSSCG00000007026,6.31994356933231,6.42853325326065
ENSSSCG00000007027,5.6764315476657,5.80960626059723
ENSSSCG00000062996,-1.07560684537938,-1.6964847871246
ENSSSCG00000007000,6.3566033219723,5.93753391480702
ENSSSCG00000007003,2.64126856623983,2.40740335383752
ENSSSCG00000032320,2.58940569507994,1.83659263049607
ENSSSCG00000017665,6.15357157041036,6.03498363348152
ENSSSCG00000017605,5.56671898361033,5.70913832781164
ENSSSCG00000017607,4.95691424552381,4.01633989926814
ENSSSCG00000017608,5.69393241476293,6.56064006648214
ENSSSCG00000025681,0.985358817624548,1.73713253770228
ENSSSCG00000017601,4.22099762230059,4.38825559595382
ENSSSCG00000031433,2.59818001558324,2.24102933224071
ENSSSCG00000017602,3.07124999498535,3.35047783641302
ENSSSCG00000017609,5.5855936432373,6.26599591964571
ENSSSCG00000017604,3.81720474561433,4.85782084125562
ENSSSCG00000056293,4.29031492596082,4.09592418918778
ENSSSCG00000017682,2.66651720471281,2.5565593570002
ENSSSCG00000035006,2.87583196824894,2.86999847748965
ENSSSCG00000017688,5.82771743273607,6.01843599868281
ENSSSCG00000017676,4.10265894494164,4.040381512886
ENSSSCG00000017615,4.71013414036412,5.30997268575455
ENSSSCG00000017614,7.17684964716752,6.57356948786849
ENSSSCG00000026665,3.46578206002313,4.19831005265196
ENSSSCG00000017613,3.44160950748466,3.3213390526125
ENSSSCG00000017678,6.25692557068227,6.23963081559773
ENSSSCG00000017617,6.35918657210475,5.97387820863721
ENSSSCG00000039473,4.97218238575621,5.89696227299772
ENSSSCG00000034994,4.72823284491832,5.17938458935815
ENSSSCG00000038505,6.6450608846905,6.3798999823697
ENSSSCG00000035193,4.32508531169335,4.1631586857311
ENSSSCG00000017624,7.40868095029866,6.1255631640774
ENSSSCG00000017623,6.68060833601617,6.92786922872519
ENSSSCG00000017626,7.78277909570182,8.00680898980749
ENSSSCG00000020962,7.79785360872922,8.51629740269167
ENSSSCG00000017635,5.43823092533778,5.56948446015565
ENSSSCG00000017636,-0.96807720485524,-2.27533557831912
ENSSSCG00000017638,6.14386608308089,6.73142619766014
ENSSSCG00000034752,5.69188447409536,5.46122435994378
ENSSSCG00000017640,4.07463990953506,4.58087811400677
ENSSSCG00000017641,0.0866736428889641,-1.40920704473941
ENSSSCG00000017642,6.05185108412857,5.31120831735989
ENSSSCG00000017643,2.95310396076255,2.76570058982809
ENSSSCG00000017645,1.33944395982878,1.10033230279389
ENSSSCG00000023955,3.27650471703377,3.56040081028268
ENSSSCG00000038932,5.04779171172921,5.17803067964322
ENSSSCG00000023727,6.64717633345688,7.03757003275282
ENSSSCG00000034217,3.99049823274098,3.2249806386688
ENSSSCG00000024411,-2.20115708176131,0.647265633957376
ENSSSCG00000030262,0.13571138072984,-3.82416175559903
ENSSSCG00000035400,6.45528020636283,6.47227031539743
ENSSSCG00000058136,4.89773080592998,4.52233247272101
ENSSSCG00000017692,0.358634535634919,-0.35032329061541
ENSSSCG00000017693,4.60087006612891,4.36226366882995
ENSSSCG00000017694,6.43766705827525,6.68690338624343
ENSSSCG00000025775,5.31723782744668,5.43652540074434
ENSSSCG00000029874,5.41607160017729,5.48331682702112
ENSSSCG00000026596,5.8397908640115,5.87707502626764
ENSSSCG00000021275,4.20385387305167,4.28638918755986
ENSSSCG00000022417,5.1938699938379,5.65177007934665
ENSSSCG00000038478,4.42709892752435,4.85951101693745
ENSSSCG00000053444,0.72191195620079,-1.16974403207503
ENSSSCG00000063044,-1.976085364955,2.16652477447692
ENSSSCG00000031292,0.273552666612953,-2.27533557831912
ENSSSCG00000032343,-0.774434225214997,-0.0673909604895641
ENSSSCG00000047189,0.815176045257344,2.36994739547508
ENSSSCG00000033457,4.56998186635638,2.74390468232849
ENSSSCG00000034722,2.88303023659174,1.07727712061465
ENSSSCG00000017705,2.58940569507994,2.39813013632454
ENSSSCG00000017706,-1.45670196380968,-0.0673909604895641
ENSSSCG00000022196,1.49787364177406,0.956127932608039
ENSSSCG00000048537,-0.6037335549306,-2.05555929136582
ENSSSCG00000056119,4.17775011141718,4.58292571865496
ENSSSCG00000060934,2.13849555630404,2.09945066583008
ENSSSCG00000053905,0.13571138072984,0.294298826806809
ENSSSCG00000062370,3.99382684223589,3.8392290700897
ENSSSCG00000059741,0.316720715261423,-1.86487943217923
ENSSSCG00000050184,2.43144759083636,2.29198550125994
ENSSSCG00000060678,-2.20115708176131,-0.551234614202225
ENSSSCG00000055140,-1.45670196380968,-1.16974403207503
ENSSSCG00000054616,-0.6037335549306,-0.871778856036138
ENSSSCG00000051634,2.26510581356419,3.17155663273452
ENSSSCG00000063157,0.515080245807192,-0.0169014492655093
ENSSSCG00000057725,0.13571138072984,1.07727712061465
ENSSSCG00000041793,0.183136955639335,1.35158900457553
ENSSSCG00000017690,4.24074453303866,4.50299820673294
ENSSSCG00000017411,0.551677535663921,-2.85117878809169
ENSSSCG00000032467,7.02366334106916,6.82565785686323
ENSSSCG00000017414,5.01867552772342,5.31244289158375
ENSSSCG00000034653,0.622199479864748,0.0318806818288641
ENSSSCG00000017578,6.62427105187071,5.46011080587883
ENSSSCG00000020796,6.5010287558933,6.50665330751499
ENSSSCG00000017416,4.62253506799777,4.08151375048664
ENSSSCG00000017407,7.07327943674561,4.52233247272101
ENSSSCG00000017410,0.753674621171028,0.708565629647667
ENSSSCG00000038057,1.623524972916,0.212017947135459
ENSSSCG00000017427,0.0359102671599988,-0.702622497962026
ENSSSCG00000017430,8.11305721626546,8.38133732149364
ENSSSCG00000017552,3.56310335838579,2.35084832090034
ENSSSCG00000017421,7.56650417351923,6.67159144774069
ENSSSCG00000023169,-0.774434225214997,-2.85117878809169
ENSSSCG00000027198,5.5097296282133,5.44780464594053
ENSSSCG00000017585,2.02594564966019,1.05384751029812
ENSSSCG00000017584,6.53569777469833,5.69690067375972
ENSSSCG00000032404,3.62880663470464,4.37176954762013
ENSSSCG00000034779,4.12104048211035,4.26103704735011
ENSSSCG00000017422,6.34817567048622,5.08862589792323
ENSSSCG00000017429,5.47323126467531,4.87630475270675
ENSSSCG00000017428,8.77591689580305,7.96365404960132
ENSSSCG00000028051,7.46372988135933,4.06988085757199
ENSSSCG00000017417,4.71215635638209,2.41661734632623
ENSSSCG00000017493,2.74762395114334,1.92963589847684
ENSSSCG00000017418,4.66491280882662,4.75623946899784
ENSSSCG00000017419,6.32126901372203,6.38812023132521
ENSSSCG00000017494,0.0359102671599988,-0.35032329061541
ENSSSCG00000033731,6.16616563565582,5.11150185555258
ENSSSCG00000017551,5.88799361546995,6.58740433012163
ENSSSCG00000017553,5.86090712602336,6.19748759321781
ENSSSCG00000017420,4.44423260771567,4.79208123614213
ENSSSCG00000017415,7.05904969997563,6.96288321018287
ENSSSCG00000017533,5.14380834951412,5.45788111591405
ENSSSCG00000017534,5.30790792487311,5.31244289158375
ENSSSCG00000047569,0.902775359205073,0.409538950709052
ENSSSCG00000017535,5.7774218342207,5.59912480267423
ENSSSCG00000017540,4.5108022266219,3.86973996983634
ENSSSCG00000017539,4.88881890354496,5.80522802490009
ENSSSCG00000017538,2.65814999344391,3.29159958611275
ENSSSCG00000017537,2.47020003230929,2.7942588453812
ENSSSCG00000061856,-0.6037335549306,-1.54570714867312
ENSSSCG00000017542,4.31447570902625,5.83817409154583
ENSSSCG00000017543,7.33251172309173,7.38663317577395
ENSSSCG00000017433,-0.525404570246514,-1.16974403207503
ENSSSCG00000017544,6.04223801060134,5.96055304532066
ENSSSCG00000025638,7.14987516003409,7.2097711006791
ENSSSCG00000017549,6.27755625646809,6.44043965931035
ENSSSCG00000021461,6.06219346788241,6.1813609986034
ENSSSCG00000017548,2.07705469961597,1.00581493118192
ENSSSCG00000017448,-1.07560684537938,-0.119711717242417
ENSSSCG00000017446,4.79271738408291,4.96689946885965
ENSSSCG00000058816,8.04829994915614,8.68186944026758
ENSSSCG00000017444,1.29696053674266,1.3322436929096
ENSSSCG00000017445,1.55306939928711,0.98118532635575
ENSSSCG00000033626,7.12086523785566,7.71912629126852
ENSSSCG00000017401,5.60965875432836,5.72776509738926
ENSSSCG00000038164,5.25062478032424,5.21546797586672
ENSSSCG00000018055,5.1601956278221,4.71762196923097
ENSSSCG00000018053,5.18952200438817,5.08284977909638
ENSSSCG00000034044,4.82671258343489,2.90969415186618
ENSSSCG00000018052,3.08379945350479,3.2249806386688
ENSSSCG00000018051,6.91549259342425,6.75341000960585
ENSSSCG00000017495,4.77734740531865,5.61422034480329
ENSSSCG00000038715,6.21047206853294,6.11993333915839
ENSSSCG00000036812,7.62348613092295,7.75498247222345
ENSSSCG00000017592,5.31057977378538,5.52757550611114
ENSSSCG00000040134,2.86132678081369,2.97974874118209
ENSSSCG00000035671,7.74821267760122,7.4987911504016
ENSSSCG00000017496,5.67124357009355,5.38112251892845
ENSSSCG00000031802,4.68152139560982,4.57882759907992
ENSSSCG00000034040,4.20672534931271,4.06695791884014
ENSSSCG00000059634,5.08883740603897,4.49432132126936
ENSSSCG00000034379,5.8754165122288,5.97075393054763
ENSSSCG00000017884,7.03905040733764,7.04204226465164
ENSSSCG00000034773,-0.248748603557596,1.56550952137607
ENSSSCG00000058004,0.874162537149699,1.16736637209713
ENSSSCG00000040648,-1.45670196380968,0.0318806818288641
ENSSSCG00000060027,-0.451110226541143,-1.86487943217923
ENSSSCG00000061292,-0.96807720485524,-0.551234614202225
ENSSSCG00000054406,-1.07560684537938,-1.86487943217923
ENSSSCG00000017723,0.13571138072984,-0.481109027935221
ENSSSCG00000055301,3.00681108817546,3.54367745980086
ENSSSCG00000049350,0.399364956748047,2.0048735807178
ENSSSCG00000048095,3.58091887238019,4.34788637011036
ENSSSCG00000017885,7.90869231496442,7.92946384214187
ENSSSCG00000033707,0.656208489639131,-0.289123515071902
ENSSSCG00000017593,4.29301952559771,3.99804206402155
ENSSSCG00000017886,5.59109834236116,5.18882654694905
ENSSSCG00000017888,2.30852357224583,2.08796208222624
ENSSSCG00000017497,6.75262151858445,7.4268023234741
ENSSSCG00000040177,0.229053005082177,2.66877749283263
ENSSSCG00000017727,5.89602137903612,6.0856850827214
ENSSSCG00000017728,5.682632594575,4.31377143347378
ENSSSCG00000035446,8.24007125914095,8.07658921174348
ENSSSCG00000017403,7.95040590627884,7.87786095635487
ENSSSCG00000017731,6.34296484679715,6.10362413180061
ENSSSCG00000017732,7.24443097047318,7.43078682462355
ENSSSCG00000017502,4.74610731022057,4.56853107906096
ENSSSCG00000017733,5.08728013113364,5.09150530822672
ENSSSCG00000017734,1.38071206478968,1.46251061004157
ENSSSCG00000017735,4.62682929890177,4.77785120261121
ENSSSCG00000017501,-2.79553649653186,-0.871778856036138
ENSSSCG00000017500,2.10194590665749,2.01704038155276
ENSSSCG00000017499,4.4196931698055,4.45685102861095
ENSSSCG00000017737,3.71200060542836,3.72520071372487
ENSSSCG00000017738,2.94624777947776,2.18820728069852
ENSSSCG00000017402,5.97055898618235,4.8746341488283
ENSSSCG00000017741,1.64061407306523,1.64605858351007
ENSSSCG00000035954,1.38071206478968,1.82279700553437
ENSSSCG00000017743,3.42197555369151,3.25096862919518
ENSSSCG00000017744,5.18952200438817,5.31982823284828
ENSSSCG00000017745,4.85444253730434,4.7670858037005
ENSSSCG00000017498,5.50856656109815,5.23252476480112
ENSSSCG00000061452,3.39201434103731,3.86638156038223
ENSSSCG00000017406,6.61619450602677,6.20681219259001
ENSSSCG00000017504,5.40736132224554,5.55182168682216
ENSSSCG00000017527,3.47533880561576,2.18820728069852
ENSSSCG00000051715,0.399364956748047,-0.289123515071902
ENSSSCG00000017790,3.74397982295811,4.27123142631998
ENSSSCG00000017789,1.55306939928711,1.66164245403454
ENSSSCG00000017788,5.2267762512193,5.11150185555258
ENSSSCG00000017787,6.79616805371793,6.83427850887365
ENSSSCG00000017793,2.93935885962289,3.89961894959634
ENSSSCG00000017792,4.11493928845344,3.73628202580504
ENSSSCG00000052963,3.06493409078251,3.4024168103526
ENSSSCG00000017794,2.39162541398217,3.4162633741764
ENSSSCG00000017795,5.34356696142168,5.18613514443708
ENSSSCG00000017797,2.56275792947573,1.8772052214074
ENSSSCG00000017796,5.87180282300716,5.39050534647045
ENSSSCG00000017799,7.62294880661632,8.4337570657032
ENSSSCG00000029262,5.83701364200375,5.69500871003376
ENSSSCG00000017801,0.273552666612953,1.72234722316666
ENSSSCG00000017804,7.99531309060484,7.56113946237803
ENSSSCG00000017803,4.4196931698055,4.57882759907992
ENSSSCG00000028720,5.88441133166217,5.96918925062622
ENSSSCG00000017806,3.36141768815191,3.58103602582508
ENSSSCG00000017809,6.1528273081287,5.82266180636285
ENSSSCG00000017810,3.90821698008974,3.81504406924068
ENSSSCG00000057748,3.98716192566061,4.82359472465805
ENSSSCG00000017812,6.46610532802327,5.39517397542625
ENSSSCG00000036987,0.58736937234432,1.8088681866303
ENSSSCG00000017458,1.03789987789575,1.61437655810064
ENSSSCG00000024067,1.25318803729539,1.56550952137607
ENSSSCG00000017459,-0.071311274400066,-1.86487943217923
ENSSSCG00000028522,4.35127290662356,4.64891622594314
ENSSSCG00000017461,-0.071311274400066,-0.119711717242417
ENSSSCG00000017462,0.273552666612953,0.372139121137058
ENSSSCG00000017463,0.0866736428889641,-0.551234614202225
ENSSSCG00000017465,-0.774434225214997,-0.624943747829482
ENSSSCG00000038618,2.83187141988282,3.51822324496375
ENSSSCG00000017814,7.88938633488294,7.68831226008955
ENSSSCG00000036705,5.46845381961438,5.54763412406406
ENSSSCG00000039412,3.74792783995943,3.85625916799006
ENSSSCG00000062888,8.7360995715317,8.29091251612654
ENSSSCG00000036089,-1.60995061428548,-1.06343627958185
ENSSSCG00000039137,6.14161705251116,6.22920985944524
ENSSSCG00000021821,7.37971223884357,7.5598405741838
ENSSSCG00000017466,1.03789987789575,2.49699765045707
ENSSSCG00000017470,3.36656240498575,4.10450186370333
ENSSSCG00000017472,6.54537107507247,6.141627599181
ENSSSCG00000017473,3.97036366875897,0.767366807455606
ENSSSCG00000058554,-2.20115708176131,-0.871778856036138
ENSSSCG00000053096,-0.128066380263549,0.51625090059353
ENSSSCG00000058952,3.1568866930164,2.97974874118209
ENSSSCG00000058592,-2.20115708176131,-0.414234639036479
ENSSSCG00000061640,0.316720715261423,1.3895183870631
ENSSSCG00000052462,1.88964201598903,1.85025758473298
ENSSSCG00000057796,0.13571138072984,0.823864935560437
ENSSSCG00000030707,4.20097667013157,4.38356448850424
ENSSSCG00000019270,-1.07560684537938,-1.40920704473941
ENSSSCG00000056910,3.33541525760166,-1.40920704473941
ENSSSCG00000025248,6.49458139909541,6.24287198766786
ENSSSCG00000024108,5.59439110826013,4.50947179456649
ENSSSCG00000024071,3.62021716865338,3.61345048558144
ENSSSCG00000050487,2.08955398431033,2.82917960111973
ENSSSCG00000017817,7.93121976811086,7.92503164352792
ENSSSCG00000040205,3.27650471703377,4.03440856491599
ENSSSCG00000040732,4.85444253730434,4.32849100983691
ENSSSCG00000038745,0.515080245807192,0.647265633957376
ENSSSCG00000017819,4.13316600447482,4.06402904613183
ENSSSCG00000017818,6.4086569245958,4.76347941164988
ENSSSCG00000017822,6.06298597332343,5.38816535427931
ENSSSCG00000039780,4.2739799794474,4.53930362780532
ENSSSCG00000028078,4.96541648635799,5.01622311914729
ENSSSCG00000025717,4.52927125278867,3.80455365542524
ENSSSCG00000017826,5.52361378551654,5.50938882547415
ENSSSCG00000062531,2.78652913044763,2.94832678617514
ENSSSCG00000038534,4.40476662179162,4.16041892443633
ENSSSCG00000017829,6.50977442811435,6.45000672318436
ENSSSCG00000037159,4.9380310482183,4.33092973753301
ENSSSCG00000017832,3.47533880561576,3.79044671428864
ENSSSCG00000017836,7.05626643335743,6.91532952273859
ENSSSCG00000017835,5.69801959537293,6.05798323281301
ENSSSCG00000034858,4.57221023248361,3.35047783641302
ENSSSCG00000029709,-1.07560684537938,-2.27533557831912
ENSSSCG00000017342,1.0885945093173,-0.414234639036479
ENSSSCG00000053264,-1.78143407576197,-0.871778856036138
ENSSSCG00000017861,3.85063437944186,2.70683005586903
ENSSSCG00000017349,2.4891927659918,3.63334581301382
ENSSSCG00000017325,5.74223056805397,6.3986207635141
ENSSSCG00000017577,0.229053005082177,0.333743892305565
ENSSSCG00000053573,-0.686560683805019,-2.05555929136582
ENSSSCG00000017864,3.06493409078251,2.68411916779552
ENSSSCG00000017865,4.79843917096021,4.17677998695833
ENSSSCG00000017866,6.20402000678475,5.62618407504472
ENSSSCG00000017376,-0.6037335549306,-0.0673909604895641
ENSSSCG00000055493,4.64387953334966,4.65476834228662
ENSSSCG00000017868,2.65814999344391,2.67646872321373
ENSSSCG00000025856,5.89513160804564,5.2963104291021
ENSSSCG00000021306,4.09957245624403,3.59733428976383
ENSSSCG00000017367,2.77883157464872,-0.414234639036479
ENSSSCG00000017379,2.90441202540823,2.47069869532763
ENSSSCG00000017265,5.67953540281485,5.59912480267423
ENSSSCG00000023992,5.3655750255456,5.5254477578665
ENSSSCG00000023014,2.53560868035451,1.2726008670673
ENSSSCG00000017378,5.56112029075251,5.53816742894123
ENSSSCG00000017380,2.08955398431033,3.2249806386688
ENSSSCG00000030167,5.90134851173852,5.80785656042351
ENSSSCG00000017359,1.87527570583285,1.48019588742595
ENSSSCG00000017372,-1.60995061428548,0.294298826806809
ENSSSCG00000020744,6.05025334685619,6.23508090661092
ENSSSCG00000017880,1.18493366366352,-0.871778856036138
ENSSSCG00000039673,1.1132890985785,1.96774514707322
ENSSSCG00000017364,0.622199479864748,-0.624943747829482
ENSSSCG00000017366,6.22895089022832,6.32468372206833
ENSSSCG00000017879,4.28217057167977,2.8965832451145
ENSSSCG00000017365,5.55324543907733,5.18073722967591
ENSSSCG00000017882,6.76874160460024,6.74337566072632
ENSSSCG00000056031,3.67929642676093,3.51822324496375
ENSSSCG00000017371,4.31447570902625,4.53930362780532
ENSSSCG00000037238,2.15047586045883,2.43487064882408
ENSSSCG00000017883,-0.451110226541143,1.8904926055864
ENSSSCG00000017352,3.26001175181962,3.19851591260962
ENSSSCG00000017351,-0.525404570246514,0.647265633957376
ENSSSCG00000017730,-1.976085364955,-0.414234639036479
ENSSSCG00000029838,3.4513271840174,3.48357025840186
ENSSSCG00000063008,2.20892903416734,2.12215696247678
ENSSSCG00000058254,4.8397195842579,4.3382212832415
ENSSSCG00000055634,0.399364956748047,-0.174001573015732
ENSSSCG00000017355,8.15342855473487,6.76427755736107
ENSSSCG00000058069,0.358634535634919,1.96774514707322
ENSSSCG00000052619,-2.46795088038493,-0.78472289261437
ENSSSCG00000056408,0.689434225427014,0.333743892305565
ENSSSCG00000060417,1.44048186623276,1.48019588742595
ENSSSCG00000058007,3.05859041486596,3.17155663273452
ENSSSCG00000055210,2.43144759083636,2.51426767165911
ENSSSCG00000060696,-3.22005278102631,-0.624943747829482
ENSSSCG00000017343,3.69164753504792,6.78310098096676
ENSSSCG00000044492,1.38071206478968,1.95515358576145
ENSSSCG00000059605,-1.45670196380968,-0.414234639036479
ENSSSCG00000059284,-0.313099436094831,-0.0169014492655093
ENSSSCG00000054404,1.53490444243865,1.69231410194732
ENSSSCG00000059004,3.33541525760166,2.04107042155791
ENSSSCG00000017360,6.90977706681873,7.29592626438735
ENSSSCG00000017344,3.93616873698544,3.77620046959395
ENSSSCG00000017345,1.51650785122028,0.904668467894398
ENSSSCG00000056284,4.0004611099782,3.82545875338268
ENSSSCG00000038989,6.51499649608466,6.62017619252527
ENSSSCG00000017346,7.29488932136835,8.53664440291164
ENSSSCG00000058778,3.66266205759027,3.69522755672695
ENSSSCG00000017362,5.26309266037784,5.41369886314879
ENSSSCG00000022837,5.40361218711919,5.32228163564926
ENSSSCG00000017258,3.69164753504792,2.47951838830822
ENSSSCG00000017259,8.88917152832125,8.53188262592133
ENSSSCG00000017260,5.0621323715976,3.68382510911523
ENSSSCG00000017328,5.64184100430376,5.78491521890004
ENSSSCG00000017330,4.89595282410356,4.74531097230522
ENSSSCG00000017261,1.99969571546966,1.49766699261516
ENSSSCG00000017262,1.31835862021284,-0.871778856036138
ENSSSCG00000017333,3.26001175181962,2.97974874118209
ENSSSCG00000017264,5.606400690301,5.27493821378838
ENSSSCG00000017335,4.50847688485433,4.72320244690084
ENSSSCG00000039336,6.56396550134617,6.51418395481083
ENSSSCG00000035402,-0.0167046405169091,-1.28451287928067
ENSSSCG00000017337,3.89046806473539,4.67794227364016
ENSSSCG00000017338,5.00389407279323,5.40677987546547
ENSSSCG00000017339,6.69754866298765,6.49745578645277
ENSSSCG00000017340,5.5097296282133,5.07414200704571
ENSSSCG00000039101,-1.19180123640617,-1.28451287928067
ENSSSCG00000017256,3.17459427656436,2.6137592424759
ENSSSCG00000017257,4.1088121830748,3.18240087297536
ENSSSCG00000026473,3.58974480294054,3.56869034806267
ENSSSCG00000030211,7.61540517737865,7.61265994990666
ENSSSCG00000022101,4.01035565776863,3.88972788725591
ENSSSCG00000029460,3.41205745805196,3.7939864025381
ENSSSCG00000024059,7.22615062088374,6.92545068000332
ENSSSCG00000029763,4.7480797603667,5.04473055607433
ENSSSCG00000025507,7.91835876300338,7.73808482246102
ENSSSCG00000035057,5.46366050159774,5.44892773551428
ENSSSCG00000035199,4.63324677385007,4.84763799255932
ENSSSCG00000037979,5.29177207720485,5.23643247279447
ENSSSCG00000017383,-0.071311274400066,2.49699765045707
ENSSSCG00000037487,6.81416690788666,7.04501606914101
ENSSSCG00000017384,1.81633565189514,2.94832678617514
ENSSSCG00000017385,6.20330132660581,5.93833382244725
ENSSSCG00000017386,6.09665831960635,5.89284164315919
ENSSSCG00000040866,-1.19180123640617,-0.964427270899581
ENSSSCG00000057849,5.25894866087993,5.4701019849819
ENSSSCG00000060121,3.85063437944186,4.68176866206764
ENSSSCG00000034782,6.32655864751102,6.36926179780614
ENSSSCG00000017389,4.94320557130479,4.36226366882995
ENSSSCG00000017382,6.49634262855532,7.18167278196066
ENSSSCG00000017393,3.56310335838579,4.48559193398023
ENSSSCG00000017392,1.18493366366352,0.85130538708557
ENSSSCG00000017391,5.08728013113364,5.02979688289402
ENSSSCG00000059397,5.07633188448823,5.04769883008198
ENSSSCG00000017395,6.25761803453474,6.32896004775322
ENSSSCG00000036106,4.54069547030218,4.87630475270675
ENSSSCG00000017396,1.75488470892769,0.124759019246936
ENSSSCG00000017397,5.12267893524269,5.45453010638481
ENSSSCG00000017398,5.99235588592894,6.22855604359383
ENSSSCG00000035147,2.57169531930446,2.59764651471072
ENSSSCG00000046466,5.28363596796118,5.07122769749239
ENSSSCG00000017268,2.05172648705434,1.3322436929096
ENSSSCG00000017298,2.7633121446217,3.68763594710554
ENSSSCG00000017299,3.4513271840174,3.60943828321365
ENSSSCG00000017300,6.39550397499581,5.16168387523602
ENSSSCG00000017301,4.99395495627502,5.16988042999242
ENSSSCG00000033421,3.34587253533682,3.58103602582508
ENSSSCG00000017306,2.98690447673027,2.20956873606394
ENSSSCG00000017308,5.63439576913845,5.52225023997777
ENSSSCG00000017310,6.11358683147061,6.11215628230786
ENSSSCG00000017311,3.46097984212366,3.23543207783835
ENSSSCG00000017313,-2.79553649653186,1.5319870059135
ENSSSCG00000031893,5.71324421711124,5.21414752426517
ENSSSCG00000017316,5.44797130918404,4.9824950244844
ENSSSCG00000017317,-0.0167046405169091,-3.25715427767274
ENSSSCG00000035524,0.753674621171028,-0.624943747829482
ENSSSCG00000030183,5.25062478032424,4.72320244690084
ENSSSCG00000017336,6.30058651373089,7.13498706959536
ENSSSCG00000017320,-1.78143407576197,-0.0169014492655093
ENSSSCG00000052512,-1.19180123640617,-0.35032329061541
ENSSSCG00000052749,-1.976085364955,-0.871778856036138
ENSSSCG00000061358,1.0885945093173,0.409538950709052
ENSSSCG00000046803,3.48009354299061,3.09900964522632
ENSSSCG00000017357,6.28708386885996,6.52593897723238
ENSSSCG00000036328,5.77935196082041,5.49641172121801
ENSSSCG00000034958,5.27955064198672,4.90441297644775
ENSSSCG00000031530,5.99235588592894,5.2938124219317
ENSSSCG00000037336,4.57887475358054,4.83394808526107
ENSSSCG00000028712,4.59430661134251,4.24560912629743
ENSSSCG00000037557,7.69014944056354,7.34410673007
ENSSSCG00000038639,7.21300094740006,7.83361717599878
ENSSSCG00000017913,6.46430677232101,6.46118146518434
ENSSSCG00000017915,4.29571906444649,5.92144191270777
ENSSSCG00000017914,1.84610665102851,3.49666286288836
ENSSSCG00000031112,1.13756809465378,2.25136556593904
ENSSSCG00000033819,-0.96807720485524,-0.119711717242417
ENSSSCG00000027100,5.71425350209557,5.60920602710163
ENSSSCG00000035820,3.87249806869344,3.58512788582312
ENSSSCG00000017890,6.32391625491698,6.06825116595168
ENSSSCG00000017993,5.96971403145169,6.10362413180061
ENSSSCG00000034964,4.43446686348167,3.91919993155247
ENSSSCG00000017893,0.902775359205073,-1.16974403207503
ENSSSCG00000017994,7.12542481286393,7.60386388598553
ENSSSCG00000022026,-0.071311274400066,-1.16974403207503
ENSSSCG00000017894,3.46097984212366,4.35029255848556
ENSSSCG00000017995,4.78697281397828,4.3975922961604
ENSSSCG00000017996,0.784753030569422,0.212017947135459
ENSSSCG00000017998,2.56275792947573,2.75847181319094
ENSSSCG00000037991,2.06444617595092,1.75176786229133
ENSSSCG00000039056,6.14611161307255,5.2088535989099
ENSSSCG00000039064,4.06833886086946,4.39991706035706
ENSSSCG00000035048,5.97982097262823,6.02673354101265
ENSSSCG00000036311,2.23166290725657,2.30196426756707
ENSSSCG00000033706,5.84809059609031,5.64394568233457
ENSSSCG00000017895,6.51267791026765,6.63258515245144
ENSSSCG00000017896,-0.525404570246514,-0.871778856036138
ENSSSCG00000017897,0.58736937234432,0.708565629647667
ENSSSCG00000022999,2.79418583351156,2.84291461693407
ENSSSCG00000017900,7.39111719512999,8.53360397006276
ENSSSCG00000017901,0.438976972203651,0.409538950709052
ENSSSCG00000017902,6.35012488733232,6.38694877377087
ENSSSCG00000053757,5.97140344633127,5.5981127948841
ENSSSCG00000017904,2.69133155577395,3.16610379149013
ENSSSCG00000017907,8.69195357398813,8.94824186792453
ENSSSCG00000017906,6.74424640161654,6.89939735495607
ENSSSCG00000032472,6.03901936552751,6.0387181358968
ENSSSCG00000058627,3.76361274712647,3.2406295410238
ENSSSCG00000017909,2.30852357224583,1.07727712061465
ENSSSCG00000051822,0.183136955639335,-2.27533557831912
ENSSSCG00000017917,7.23144761223406,7.41937321248359
ENSSSCG00000017912,6.29047139625823,6.00169635898448
ENSSSCG00000024416,6.86549201434078,0.615610397484158
ENSSSCG00000029553,4.45875838434298,4.93198401326023
ENSSSCG00000029944,8.38464597733067,8.48132316104768
ENSSSCG00000018005,2.7633121446217,0.124759019246936
ENSSSCG00000029441,1.25318803729539,-2.27533557831912
ENSSSCG00000018007,6.80140138139571,5.191512937895
ENSSSCG00000034723,6.3540154380447,4.28638918755986
ENSSSCG00000018008,4.9704938833126,5.20087610814675
ENSSSCG00000040352,5.49571055358608,5.50291486449861
ENSSSCG00000018009,2.82441264416951,3.29159958611275
ENSSSCG00000033689,6.83008298690687,6.81350174393143
ENSSSCG00000036454,0.784753030569422,0.0318806818288641
ENSSSCG00000040385,5.3278272111768,5.60215657364276
ENSSSCG00000062665,0.551677535663921,-0.0169014492655093
ENSSSCG00000035253,3.75970747811426,3.75819252703796
ENSSSCG00000034695,4.69794095515615,4.92554395364835
ENSSSCG00000018015,8.58800996950641,9.0873502788319
ENSSSCG00000018014,4.0809135576596,4.72876142191521
ENSSSCG00000031851,1.58872724014143,1.03003110897365
ENSSSCG00000018016,5.45644053099475,5.50075040552738
ENSSSCG00000039650,5.30523111855549,5.46122435994378
ENSSSCG00000039873,5.59329435445022,6.13954235458122
ENSSSCG00000036973,5.07790101566353,5.4887874847577
ENSSSCG00000050771,-1.19180123640617,1.58198313393422
ENSSSCG00000031988,4.25468580026123,4.67985673642103
ENSSSCG00000018019,4.01691452263613,3.93851870543183
ENSSSCG00000040503,7.62750969692376,7.6854564161363
ENSSSCG00000049515,4.39220876525379,4.45461629104527
ENSSSCG00000040727,5.36814227527916,5.54448545605858
ENSSSCG00000028465,5.05736797286639,5.03877562376105
ENSSSCG00000039013,-0.451110226541143,1.31263544737941
ENSSSCG00000018023,2.60690129401979,2.43487064882408
ENSSSCG00000039318,1.99969571546966,1.10033230279389
ENSSSCG00000037832,5.17052780659373,6.0864069438359
ENSSSCG00000018028,4.44909080170269,5.05951122969912
ENSSSCG00000053835,-0.96807720485524,1.00581493118192
ENSSSCG00000018027,6.92424173337058,6.25576434657004
ENSSSCG00000018026,6.2054562939995,5.34417651063089
ENSSSCG00000034049,4.44909080170269,2.71432159307234
ENSSSCG00000018029,3.42197555369151,3.62938863615046
ENSSSCG00000025254,2.973479148401,3.84265121000384
ENSSSCG00000018031,3.56310335838579,3.72148794745697
ENSSSCG00000036776,3.44647652775207,3.97015267563597
ENSSSCG00000018032,2.29779101573986,2.44391141993357
ENSSSCG00000018033,10.3005510681639,10.3583893447364
ENSSSCG00000018034,3.48009354299061,3.99496973430403
ENSSSCG00000035103,3.57203861517619,3.69522755672695
ENSSSCG00000018039,7.04106285857862,7.13812368482531
ENSSSCG00000023747,4.53841785250263,5.15619351939602
ENSSSCG00000036482,4.5632760418306,4.78498376406107
ENSSSCG00000034364,5.00058863626033,4.42067306302497
ENSSSCG00000017168,7.43156700295711,7.16023397836066
ENSSSCG00000024030,5.26309266037784,5.28754841518294
ENSSSCG00000018045,6.61565445860807,6.65757321856333
ENSSSCG00000018044,3.49895732144611,2.01704038155276
ENSSSCG00000018042,-0.128066380263549,-2.27533557831912
ENSSSCG00000018041,7.26420647341892,6.5088089351218
ENSSSCG00000018046,1.77049457016102,1.63030453743178
ENSSSCG00000033329,0.229053005082177,0.85130538708557
ENSSSCG00000034609,-0.96807720485524,-2.27533557831912
ENSSSCG00000036007,6.51499649608466,5.83560026585064
ENSSSCG00000031076,5.31590867260505,4.90277462445624
ENSSSCG00000039961,-0.96807720485524,-2.05555929136582
ENSSSCG00000039681,5.52246186224628,5.44217604620629
ENSSSCG00000040457,6.09588410187397,6.01009045752365
ENSSSCG00000018050,1.88964201598903,1.4081155707733
ENSSSCG00000018049,5.0525877878967,5.08862589792323
ENSSSCG00000018047,2.86132678081369,2.16652477447692
ENSSSCG00000041010,-2.20115708176131,0.0318806818288641
ENSSSCG00000036208,1.44048186623276,1.3895183870631
ENSSSCG00000038189,4.65232967670573,4.64891622594314
ENSSSCG00000035839,6.01628551683753,6.19146122524518
ENSSSCG00000037151,3.80209480468758,3.97327825465553
ENSSSCG00000039324,7.36500679239646,7.51925113993871
ENSSSCG00000040859,6.15505894410567,6.84540889442268
ENSSSCG00000035120,6.66711988443293,6.70957082963926
ENSSSCG00000032392,1.77049457016102,0.583244978335558
ENSSSCG00000017169,5.69597745244933,5.36455428623971
ENSSSCG00000048201,1.78593734007211,2.04107042155791
ENSSSCG00000032655,5.57896015914784,5.25067085495084
ENSSSCG00000035728,5.25479272385376,5.09294286115984
ENSSSCG00000034058,7.50426414699544,7.13603336590252
ENSSSCG00000039148,9.68669762417211,8.3261771097343
ENSSSCG00000039424,7.34624890474029,7.8128308158251
ENSSSCG00000033620,4.56103382250096,5.29256179449722
ENSSSCG00000033148,5.82117426015564,6.17526674608384
ENSSSCG00000033082,6.91241781611224,6.86110168683418
ENSSSCG00000053661,4.12104048211035,4.26103704735011
ENSSSCG00000034716,4.56775005300148,4.74713814699021
ENSSSCG00000033788,3.03939028735737,3.50100079312761
ENSSSCG00000031531,3.40707272351487,3.57281732362671
ENSSSCG00000054603,0.784753030569422,1.58198313393422
ENSSSCG00000044615,2.39162541398217,2.46182475270139
ENSSSCG00000044655,-0.774434225214997,0.124759019246936
ENSSSCG00000052373,-0.313099436094831,-0.702622497962026
ENSSSCG00000059974,-0.451110226541143,-1.06343627958185
ENSSSCG00000024467,2.92548154303131,2.86999847748965
ENSSSCG00000060551,1.91795245276096,0.708565629647667
ENSSSCG00000061910,2.91146944267663,2.70683005586903
ENSSSCG00000049865,1.9863894410033,2.24102933224071
ENSSSCG00000041710,-0.774434225214997,-0.78472289261437
ENSSSCG00000056014,1.20804577791874,1.99260329927285
ENSSSCG00000054912,-0.96807720485524,0.85130538708557
ENSSSCG00000062758,-0.313099436094831,-0.871778856036138
ENSSSCG00000046461,5.46005503283644,5.61221670860483
ENSSSCG00000046841,3.48955626337053,3.35047783641302
ENSSSCG00000047466,5.11199703712157,5.34417651063089
ENSSSCG00000038146,0.229053005082177,-0.78472289261437
ENSSSCG00000018456,0.58736937234432,0.0790671408551012
ENSSSCG00000018462,0.438976972203651,-0.35032329061541
ENSSSCG00000017167,5.22110707193471,4.81490980275087
ENSSSCG00000054680,1.29696053674266,-0.702622497962026
ENSSSCG00000053434,1.72314896938536,1.2726008670673
ENSSSCG00000036056,1.47899559533112,2.24102933224071
ENSSSCG00000036308,5.37581672751836,5.63113982932755
ENSSSCG00000036956,3.36141768815191,2.50565850261184
ENSSSCG00000033883,2.86132678081369,2.58952216140678
ENSSSCG00000040486,2.12641493269169,1.25215911194267
ENSSSCG00000033636,4.9293653848513,4.94795950229678
ENSSSCG00000037120,1.75488470892769,-0.230414558288775
ENSSSCG00000031600,6.51151721851719,5.66245980262099
ENSSSCG00000041583,1.25318803729539,0.294298826806809
ENSSSCG00000033592,2.82441264416951,1.07727712061465
ENSSSCG00000032562,4.73819043121227,4.52233247272101
ENSSSCG00000034373,5.0137651842862,5.25965902160451
ENSSSCG00000059540,4.90305164195241,5.06098100238443
ENSSSCG00000057304,1.16144525464261,2.23061850955662
ENSSSCG00000053087,3.82470078273387,4.13273128655751
ENSSSCG00000059685,-0.6037335549306,-2.85117878809169
ENSSSCG00000041926,-0.248748603557596,0.0318806818288641
ENSSSCG00000056352,-0.313099436094831,-2.53471534769233
ENSSSCG00000045725,-0.868009231170092,-1.86487943217923
ENSSSCG00000061401,2.80937840000644,2.7871721045049
ENSSSCG00000017246,3.9971477895836,4.47680940564299
ENSSSCG00000031686,5.09969151613617,5.14376328703917
ENSSSCG00000017248,6.20617390174707,6.46673654416201
ENSSSCG00000017249,-2.20115708176131,1.548845627756
ENSSSCG00000037754,5.22252645663605,5.10581678216955
ENSSSCG00000033537,2.45095392453259,3.3837455426488
ENSSSCG00000063353,0.0866736428889641,1.23142354660134
ENSSSCG00000017251,3.62021716865338,5.13681104284072
ENSSSCG00000039947,1.72314896938536,1.8904926055864
ENSSSCG00000034358,-1.60995061428548,0.0790671408551012
ENSSSCG00000036461,-1.31818014718968,4.07570902894581
ENSSSCG00000017272,5.1257164355028,5.06976833209942
ENSSSCG00000017273,5.4321096204639,5.47120785687323
ENSSSCG00000017274,5.72530928417818,5.70632345330499
ENSSSCG00000054188,4.85444253730434,4.64696023338181
ENSSSCG00000033528,5.92769305480534,6.22462691387134
ENSSSCG00000032181,4.00706500947703,2.85652010228678
ENSSSCG00000029005,4.87805144051966,4.06109421530442
ENSSSCG00000032176,5.92508014343666,5.98476020629911
ENSSSCG00000028925,5.52706404705212,5.58489168255374
ENSSSCG00000032092,10.2090030009394,11.0754411795134
ENSSSCG00000036057,3.85063437944186,3.7509259372459
ENSSSCG00000032612,4.554286179396,-0.289123515071902
ENSSSCG00000017277,6.21404411814254,5.66922134440963
ENSSSCG00000017278,6.075607209294,6.24481320146771
ENSSSCG00000039909,6.30125833996812,5.98165943068977
ENSSSCG00000062259,5.70209522963116,5.95582050662637
ENSSSCG00000017282,-1.31818014718968,-0.624943747829482
ENSSSCG00000017283,-2.79553649653186,-0.414234639036479
ENSSSCG00000017285,0.183136955639335,0.0790671408551012
ENSSSCG00000041822,7.16213160675671,7.33106999493214
ENSSSCG00000017287,7.09320096146476,6.96563226598056
ENSSSCG00000017288,5.66290380476798,5.89531543311557
ENSSSCG00000017289,6.65665765325433,6.81915839409044
ENSSSCG00000017290,5.7402500991664,5.99017057873191
ENSSSCG00000024813,4.90305164195241,5.25965902160451
ENSSSCG00000022659,8.34740032138676,7.96208164629275
ENSSSCG00000017668,6.0614005268607,6.58485231158212
ENSSSCG00000017669,2.24289690050099,2.27181848867676
ENSSSCG00000017670,5.38471896059265,6.02145881131102
ENSSSCG00000017671,5.46366050159774,5.1520619970427
ENSSSCG00000017672,4.99395495627502,5.43765730178753
ENSSSCG00000017673,3.94651258611707,4.17406599580183
ENSSSCG00000027060,6.54537107507247,6.28120849845528
ENSSSCG00000021384,-0.248748603557596,-0.289123515071902
ENSSSCG00000054187,3.29281126295419,3.46592655108512
ENSSSCG00000058622,2.85401912853735,3.65297050406999
ENSSSCG00000017921,2.3712943946814,3.37431850405851
ENSSSCG00000017920,5.78896404914695,4.89949232825537
ENSSSCG00000017919,2.93935885962289,3.09900964522632
ENSSSCG00000017918,3.62451829412648,4.22739885414628
ENSSSCG00000017924,6.28232792773862,6.04169879317867
ENSSSCG00000017923,-0.313099436094831,-1.86487943217923
ENSSSCG00000060177,3.38188738520723,3.44806439242055
ENSSSCG00000017929,5.71122352643362,5.58999107435698
ENSSSCG00000017928,5.54759411124741,5.01470700950205
ENSSSCG00000017927,3.46578206002313,2.19892754442265
ENSSSCG00000017926,4.57221023248361,4.23783285264826
ENSSSCG00000017925,5.13177231731014,5.3681206747572
ENSSSCG00000017932,1.20804577791874,0.878233640758889
ENSSSCG00000024285,5.59876980481445,5.994791946313
ENSSSCG00000017947,6.10822200257834,6.17458801507568
ENSSSCG00000025689,5.29041924137799,5.53393998682789
ENSSSCG00000017937,5.1257164355028,5.33570127677008
ENSSSCG00000017936,7.62911598657601,7.59754798600103
ENSSSCG00000017935,6.32126901372203,6.19079007226016
ENSSSCG00000027514,4.89773080592998,4.93198401326023
ENSSSCG00000017934,6.29789607588128,6.66387410206269
ENSSSCG00000023915,2.23166290725657,1.00581493118192
ENSSSCG00000017938,0.316720715261423,-0.414234639036479
ENSSSCG00000038359,7.99552065999419,7.86340366543303
ENSSSCG00000017940,5.30523111855549,5.40793534688404
ENSSSCG00000017942,-0.686560683805019,-0.551234614202225
ENSSSCG00000017943,1.65750311577385,1.59827076196444
ENSSSCG00000042089,2.16235749758156,2.24102933224071
ENSSSCG00000017945,-2.46795088038493,-0.551234614202225
ENSSSCG00000026142,5.32386529521647,5.47341706084165
ENSSSCG00000029391,5.20108764917854,4.77247854456633
ENSSSCG00000028725,3.64583365363513,3.44356408236478
ENSSSCG00000051794,3.13895906363686,3.51822324496375
ENSSSCG00000056826,3.31958582976416,3.46592655108512
ENSSSCG00000046700,3.93616873698544,4.30387428077335
ENSSSCG00000032469,5.67953540281485,5.58386963768483
ENSSSCG00000021258,1.93190203123131,1.3895183870631
ENSSSCG00000028278,7.62509690414335,7.55958065615606
ENSSSCG00000040188,4.34867543476549,4.34064363200718
ENSSSCG00000036521,3.59851706752444,4.13273128655751
ENSSSCG00000017957,7.94590178562194,7.77258182353957
ENSSSCG00000017956,3.96019002095856,3.31149385632478
ENSSSCG00000017955,4.91187632429108,4.34547616188606
ENSSSCG00000017953,5.84071541790155,5.94789827922539
ENSSSCG00000017952,3.56310335838579,2.94195942788852
ENSSSCG00000017951,2.13849555630404,3.61345048558144
ENSSSCG00000017950,5.23664402372983,4.54141105348627
ENSSSCG00000017949,4.5632760418306,4.45461629104527
ENSSSCG00000017948,3.77526552432603,3.42997830511514
ENSSSCG00000017963,8.04067609618706,8.55501444555587
ENSSSCG00000017962,6.40052877223325,6.00856788601686
ENSSSCG00000037096,2.83929183176385,2.40740335383752
ENSSSCG00000017971,4.39472909651868,4.138311486972
ENSSSCG00000059632,7.04988444547939,6.92141073363574
ENSSSCG00000021363,8.6466783199337,8.46545643899316
ENSSSCG00000023166,2.86859760426546,3.42997830511514
ENSSSCG00000037973,5.84900984804076,5.59304208006401
ENSSSCG00000017968,5.08416052936819,5.12982513398175
ENSSSCG00000025345,3.34065337130757,4.28387392765433
ENSSSCG00000017978,3.35107288630203,2.18820728069852
ENSSSCG00000017983,7.57625135423899,7.57868921550338
ENSSSCG00000034868,6.8061425344659,7.05574501442377
ENSSSCG00000027528,5.83793997682421,5.90680402918139
ENSSSCG00000028788,3.54052006264698,3.65297050406999
ENSSSCG00000028924,2.80180211518241,3.16063026235243
ENSSSCG00000049011,-0.6037335549306,-0.551234614202225
ENSSSCG00000038726,1.51650785122028,1.76625620955041
ENSSSCG00000022395,1.64061407306523,2.36994739547508
ENSSSCG00000028048,3.29281126295419,2.58135179761789
ENSSSCG00000021434,1.20804577791874,0.823864935560437
ENSSSCG00000028850,9.24025319097832,8.97480057896604
ENSSSCG00000017986,5.13780288506433,4.76888562468142
ENSSSCG00000038144,6.35336774108265,5.44217604620629
ENSSSCG00000026818,3.43182593067921,3.57281732362671
ENSSSCG00000030269,2.39162541398217,-1.54570714867312
ENSSSCG00000027677,2.42159462145349,1.69231410194732
ENSSSCG00000038434,-1.07560684537938,-1.6964847871246
ENSSSCG00000048918,0.622199479864748,-0.78472289261437
ENSSSCG00000035224,2.57169531930446,0.823864935560437
ENSSSCG00000017546,3.10242130466837,3.14962050828442
ENSSSCG00000024235,6.63603546011971,6.51042354476061
ENSSSCG00000029616,5.13479075221014,5.12702127110816
ENSSSCG00000052003,5.23242324020512,5.88953664432081
ENSSSCG00000028355,11.1633597668724,10.9135216062776
ENSSSCG00000023045,4.26298635018155,4.5560774615087
ENSSSCG00000022317,7.32162570474906,6.74245997694114
ENSSSCG00000039183,3.02644675824992,3.0406111856635
ENSSSCG00000028593,4.4826476578462,4.33092973753301
ENSSSCG00000017143,5.75307481536054,5.8008364618452
ENSSSCG00000017142,5.98735498221357,5.80522802490009
ENSSSCG00000017141,1.36022556587904,0.767366807455606
ENSSSCG00000017254,1.86076489630265,2.31187448705517
ENSSSCG00000062301,-1.976085364955,-0.964427270899581
ENSSSCG00000052724,-1.78143407576197,-1.06343627958185
ENSSSCG00000017255,3.69574118470893,3.27142714031653
ENSSSCG00000055960,-0.451110226541143,-1.54570714867312
ENSSSCG00000017707,6.52423375555904,6.40442153664681
ENSSSCG00000034440,3.74397982295811,3.11607796930512
ENSSSCG00000033580,1.57100848239729,1.69231410194732
ENSSSCG00000039395,6.78179809470553,7.09752225311534
ENSSSCG00000036746,5.09504975034944,5.56638317189068
ENSSSCG00000017712,7.8736630180119,7.49363049196713
ENSSSCG00000017713,2.93243688704098,2.7942588453812
ENSSSCG00000032652,2.45095392453259,2.42577286549425
ENSSSCG00000017717,2.47972765327197,2.96726196308175
ENSSSCG00000025796,3.97036366875897,4.20895578306652
ENSSSCG00000061966,4.36932543273693,4.27376880513718
ENSSSCG00000032552,6.61511420895644,6.60060254105958
ENSSSCG00000024770,6.33117122087424,6.21541711479831
ENSSSCG00000018995,-2.46795088038493,-1.06343627958185
ENSSSCG00000017869,3.24332805561604,3.21972638842588
ENSSSCG00000031821,0.902775359205073,0.212017947135459
ENSSSCG00000017870,5.56448211302513,5.5920257949103
ENSSSCG00000017873,5.0154038231113,4.73060966380454
ENSSSCG00000022405,4.35386571031806,5.54132990108207
ENSSSCG00000017874,5.2352384674893,4.57265850960416
ENSSSCG00000017876,5.31324668362047,4.82532545270496
ENSSSCG00000017877,5.58999908153794,5.32473087335095
ENSSSCG00000017583,3.67515578070681,4.49432132126936
ENSSSCG00000031307,-0.774434225214997,-0.551234614202225
ENSSSCG00000036135,11.6903763464742,9.255480386949
ENSSSCG00000039259,0.58736937234432,0.738265774167816
ENSSSCG00000028962,0.656208489639131,-0.702622497962026
ENSSSCG00000017573,4.910115700849,5.01773763720484
ENSSSCG00000023783,3.79448007211224,4.03141279196531
ENSSSCG00000061531,2.82441264416951,2.80832874093041
ENSSSCG00000017571,1.16144525464261,0.124759019246936
ENSSSCG00000028019,4.77541459323819,3.71776560175141
ENSSSCG00000017566,7.00646344467082,6.79463168556919
ENSSSCG00000017569,1.99969571546966,2.62969400118923
ENSSSCG00000017567,2.34025034678746,1.05384751029812
ENSSSCG00000017563,7.23812933550849,6.90922256993334
ENSSSCG00000027226,5.51668840903297,3.95758220097463
ENSSSCG00000017565,5.0022423011846,4.55816054417849
ENSSSCG00000017562,5.1587135431876,3.13852608806589
ENSSSCG00000038760,5.34747521332019,5.76431232413909
ENSSSCG00000055086,4.02669724728887,4.8459338415019
ENSSSCG00000017555,7.90847186847753,8.41807246313591
ENSSSCG00000017557,1.623524972916,3.30158101284314
ENSSSCG00000040773,5.86272879954678,5.82352798968779
ENSSSCG00000033228,6.22612335474165,6.11144719387304
ENSSSCG00000038348,4.37444207714264,4.04929482275839
ENSSSCG00000017591,7.36146795280576,7.06785754018325
ENSSSCG00000041588,-1.07560684537938,-0.871778856036138
ENSSSCG00000055095,1.70701541088768,2.62969400118923
ENSSSCG00000017561,6.31994356933231,5.34417651063089
ENSSSCG00000058635,-1.976085364955,-0.78472289261437
ENSSSCG00000032049,5.76383815790859,5.85690980170861
ENSSSCG00000032450,3.92226055202717,4.31130350329433
ENSSSCG00000017756,4.38715485538308,4.90441297644775
ENSSSCG00000033123,5.87361079907213,6.48710633366835
ENSSSCG00000023719,4.38462124576695,4.37413626289861
ENSSSCG00000024626,4.9704938833126,5.02227167518048
ENSSSCG00000028920,5.15722993443756,5.01167000204327
ENSSSCG00000040883,4.89060569355461,4.8746341488283
ENSSSCG00000027801,-0.380455165278715,1.05384751029812
ENSSSCG00000030358,3.54506509105138,2.94195942788852
ENSSSCG00000023478,4.34085484135535,4.3975922961604
ENSSSCG00000017763,2.75548937239974,4.07570902894581
ENSSSCG00000017761,4.54296949803801,4.45908230991664
ENSSSCG00000026706,5.08416052936819,5.42515727708889
ENSSSCG00000017759,4.66073061401041,8.02913257897804
ENSSSCG00000017758,1.84610665102851,0.767366807455606
ENSSSCG00000061138,3.86524692547764,4.64696023338181
ENSSSCG00000017764,5.63439576913845,5.91088502804578
ENSSSCG00000017772,5.46125785720147,5.15344048620736
ENSSSCG00000017773,6.34557261124116,6.39745780478413
ENSSSCG00000017770,-0.0167046405169091,-0.0673909604895641
ENSSSCG00000017769,4.36932543273693,3.7509259372459
ENSSSCG00000035080,8.29591391845113,7.85960824988179
ENSSSCG00000038650,1.25318803729539,1.49766699261516
ENSSSCG00000017766,4.10573884452747,4.25077011986144
ENSSSCG00000032658,3.28739620076941,3.97950917118174
ENSSSCG00000039321,4.0714928252209,4.28135427487085
ENSSSCG00000017776,4.93630207462315,4.73614022506195
ENSSSCG00000017777,5.773553816977,5.80522802490009
ENSSSCG00000017778,2.7633121446217,3.19316420856271
ENSSSCG00000017779,5.85084659662721,6.14301608969777
ENSSSCG00000035445,2.88303023659174,2.67646872321373
ENSSSCG00000017783,5.98149860036154,5.60114669106076
ENSSSCG00000017785,5.51553094066225,6.22724752230941
ENSSSCG00000019783,0.358634535634919,0.51625090059353
ENSSSCG00000054449,-2.46795088038493,-0.551234614202225
ENSSSCG00000058827,-2.20115708176131,4.52233247272101
ENSSSCG00000037202,0.229053005082177,-1.16974403207503
ENSSSCG00000051900,-2.20115708176131,-0.0673909604895641
ENSSSCG00000017140,4.36161627946186,4.60122454762572
ENSSSCG00000017139,6.04464729076343,6.08279402095725
ENSSSCG00000017144,4.25190830353837,5.02377986016407
ENSSSCG00000060610,0.0359102671599988,1.31263544737941
ENSSSCG00000030277,4.7539809818569,4.99792379327396
ENSSSCG00000055162,6.93899457422076,6.69070611241613
ENSSSCG00000017146,2.63275319451676,3.13852608806589
ENSSSCG00000021040,5.04458544686757,5.51476168912881
ENSSSCG00000017152,4.24354358486353,3.56869034806267
ENSSSCG00000017155,6.22895089022832,6.29688618707959
ENSSSCG00000017156,7.34624890474029,5.75979423275686
ENSSSCG00000017158,7.72010131210659,8.2216350462531
ENSSSCG00000017159,3.53596067044172,3.20916012966961
ENSSSCG00000017160,5.03976264926855,5.23252476480112
ENSSSCG00000034146,4.09957245624403,4.08440737639126
ENSSSCG00000024261,2.82441264416951,4.19563630031025
ENSSSCG00000034696,1.25318803729539,0.930627626435109
ENSSSCG00000017137,3.4170250288465,2.74390468232849
ENSSSCG00000027229,4.13618152792694,4.18489146095046
ENSSSCG00000017136,6.53854960207252,6.40036344575321
ENSSSCG00000017131,3.28739620076941,3.76902424332287
ENSSSCG00000017134,4.87082822536318,4.79914396241639
ENSSSCG00000053358,4.70608118483071,3.91595483470141
ENSSSCG00000017133,5.94068709464558,5.98553435999466
ENSSSCG00000017125,6.53626859133628,6.38460300115023
ENSSSCG00000017126,6.96084477096083,7.55828036314489
ENSSSCG00000017127,5.31457829208385,5.27873286101792
ENSSSCG00000017128,5.12874755393849,5.06098100238443
ENSSSCG00000032116,6.04865383818041,5.15481765948851
ENSSSCG00000039807,0.316720715261423,0.767366807455606
ENSSSCG00000035852,7.38985442098257,7.65779735473992
ENSSSCG00000024018,4.02344370410475,3.28658285617744
ENSSSCG00000029343,5.32254223505146,5.32595393470427
ENSSSCG00000036592,5.5339399140513,5.96055304532066
ENSSSCG00000023139,4.2266672308481,4.03739812999795
ENSSSCG00000035923,3.83215807275418,5.14514972461677
ENSSSCG00000037376,6.9697466008543,7.35133214670061
ENSSSCG00000017172,-1.60995061428548,3.2249806386688
ENSSSCG00000055449,1.0885945093173,2.09945066583008
ENSSSCG00000017177,6.37905145500693,7.38252466731568
ENSSSCG00000061815,1.16144525464261,2.59764651471072
ENSSSCG00000042682,4.01691452263613,4.67985673642103
ENSSSCG00000017181,1.99969571546966,1.5319870059135
ENSSSCG00000023362,3.81344207065432,4.3382212832415
ENSSSCG00000029901,5.96548181874815,6.18608323865988
ENSSSCG00000017178,5.59329435445022,7.58022752232913
ENSSSCG00000017184,5.95185469801922,7.479136631055
ENSSSCG00000021342,0.0866736428889641,0.930627626435109
ENSSSCG00000023423,5.999824887944,6.81872405370891
ENSSSCG00000017186,5.56671898361033,6.25319507512053
ENSSSCG00000017187,9.6942621204102,9.72677254469252
ENSSSCG00000017190,6.11740667463343,6.1526982853721
ENSSSCG00000017191,6.74868634273512,6.48437040857479
ENSSSCG00000017192,4.94664497121198,5.52757550611114
ENSSSCG00000017193,1.70701541088768,1.9036587274475
ENSSSCG00000017194,2.27608336519157,2.25136556593904
ENSSSCG00000017198,6.83890137865626,6.66870227869173
ENSSSCG00000017197,6.27960319125433,6.35914207990567
ENSSSCG00000017196,5.41110073973308,5.31490887511496
ENSSSCG00000017195,4.07778014376273,4.3162351491245
ENSSSCG00000017199,4.0004611099782,3.8392290700897
ENSSSCG00000021672,7.02325619377716,7.36120837553924
ENSSSCG00000017200,6.87183767949772,7.32374212389197
ENSSSCG00000017201,5.36814227527916,5.78224451200223
ENSSSCG00000017202,8.97283151590236,8.827469102726
ENSSSCG00000017203,4.19520499262753,4.1073497926671
ENSSSCG00000017204,6.31263177806902,6.74931348069797
ENSSSCG00000017205,5.03976264926855,4.88960039478267
ENSSSCG00000023978,4.97218238575621,4.73429905934596
ENSSSCG00000051419,2.55376482786368,-0.119711717242417
ENSSSCG00000038844,4.87805144051966,5.33205373668319
ENSSSCG00000036248,0.874162537149699,1.2726008670673
ENSSSCG00000033518,6.40366040643823,6.27742036573399
ENSSSCG00000036852,4.56551478173682,4.61329608235131
ENSSSCG00000040578,5.87089798461025,5.90271145350597
ENSSSCG00000034608,6.9476027633179,7.10822458369962
ENSSSCG00000017522,-0.313099436094831,-1.06343627958185
ENSSSCG00000032782,4.4755223194615,4.4343463351326
ENSSSCG00000054179,4.32508531169335,4.37176954762013
ENSSSCG00000017524,5.73329696958958,5.50507608102064
ENSSSCG00000017526,6.41983621958606,5.13820417445314
ENSSSCG00000017525,9.96792511126753,9.28234776691258
ENSSSCG00000017529,6.47803873788138,6.00246148022923
ENSSSCG00000017528,4.88523867092674,3.94490123394478
ENSSSCG00000017516,4.72222513584158,4.40455538044212
ENSSSCG00000058498,2.50793871030225,3.11041093536038
ENSSSCG00000020309,-0.774434225214997,-0.481109027935221
ENSSSCG00000017226,2.24289690050099,3.35527759167279
ENSSSCG00000017227,3.34065337130757,3.37431850405851
ENSSSCG00000017230,4.31181107225069,3.61745156076489
ENSSSCG00000017231,4.86356866330921,5.54448545605858
ENSSSCG00000017232,9.62906456010453,8.50998896069772
ENSSSCG00000017233,2.56275792947573,2.37940294608589
ENSSSCG00000037541,0.399364956748047,-0.551234614202225
ENSSSCG00000035960,2.7633121446217,1.85025758473298
ENSSSCG00000020967,0.0359102671599988,-2.53471534769233
ENSSSCG00000017236,-0.774434225214997,-0.964427270899581
ENSSSCG00000033918,0.47753036411502,-1.16974403207503
ENSSSCG00000040989,7.58620879194357,7.82628954347679
ENSSSCG00000059713,6.04785341833793,-0.78472289261437
ENSSSCG00000021724,8.13564598780563,7.98200254746508
ENSSSCG00000024357,8.09185751763652,8.22982561222897
ENSSSCG00000017238,5.04297963835434,5.52118282389106
ENSSSCG00000017239,7.95147624651568,7.52565236834406
ENSSSCG00000046071,4.8022411271757,3.82545875338268
ENSSSCG00000017245,6.58232331648872,7.1481844159444
ENSSSCG00000027923,0.0866736428889641,-2.27533557831912
ENSSSCG00000039498,0.183136955639335,0.333743892305565
ENSSSCG00000032411,4.24074453303866,3.03463919046406
ENSSSCG00000035511,5.63546172943387,4.75078556862451
ENSSSCG00000038130,5.59548702893816,5.191512937895
ENSSSCG00000036383,8.46028657754072,6.69023131943877
ENSSSCG00000017164,8.64839543323955,7.93508520020138
ENSSSCG00000017165,4.9603211569672,4.54561669196661
ENSSSCG00000017154,0.958352864156609,1.3322436929096
ENSSSCG00000053183,0.515080245807192,1.18903632798696
ENSSSCG00000060519,-0.6037335549306,-0.174001573015732
ENSSSCG00000017475,6.4750646265752,5.25195831225793
ENSSSCG00000017471,0.930831724376776,0.647265633957376
ENSSSCG00000017479,5.20252685723836,5.15068218947751
ENSSSCG00000017478,5.98317427954294,2.70683005586903
ENSSSCG00000017477,7.06222401505458,7.18874883270103
ENSSSCG00000017476,6.64611899681356,6.86110168683418
ENSSSCG00000036933,3.04581876338901,4.11302884015674
ENSSSCG00000035969,6.53284029884662,7.17625811378258
ENSSSCG00000029102,7.45107173304207,7.58329922394294
ENSSSCG00000034694,-1.78143407576197,-0.871778856036138
ENSSSCG00000017488,1.47899559533112,2.14451141952173
ENSSSCG00000017489,6.81886636239854,6.74976922542353
ENSSSCG00000017492,5.79279102427396,5.71381761480263
ENSSSCG00000051406,0.399364956748047,-1.6964847871246
ENSSSCG00000017135,4.31979026323652,1.59827076196444
ENSSSCG00000017206,6.22612335474165,6.26408301872641
ENSSSCG00000017208,2.43144759083636,2.80832874093041
ENSSSCG00000017209,5.44067219345813,5.53393998682789
ENSSSCG00000035134,4.52237304559854,4.38356448850424
ENSSSCG00000017211,5.70717363444949,5.86534625862362
ENSSSCG00000017207,4.09027317203002,4.12150571432688
ENSSSCG00000055773,-0.525404570246514,-0.289123515071902
ENSSSCG00000017212,7.35921143593518,7.17727491325099
ENSSSCG00000017213,4.72623305365658,4.6112911612196
ENSSSCG00000028210,3.86524692547764,3.06425498526989
ENSSSCG00000017214,2.38149571811378,2.05293699456738
ENSSSCG00000017215,3.28196073689979,3.72890394973383
ENSSSCG00000031958,7.46762547740457,6.56271657642229
ENSSSCG00000032166,6.4981017105431,6.44494971094685
ENSSSCG00000034406,5.31590867260505,5.13402073729621
ENSSSCG00000017218,6.33773513405668,5.94312397685874
ENSSSCG00000017219,7.64798918109661,6.216076910918
ENSSSCG00000023151,0.399364956748047,-0.414234639036479
ENSSSCG00000051219,0.784753030569422,0.253744895693059
ENSSSCG00000061997,2.67483616828021,2.08796208222624
ENSSSCG00000017990,4.26298635018155,3.48357025840186
ENSSSCG00000017991,2.50793871030225,1.85025758473298
ENSSSCG00000043014,-1.07560684537938,0.481549931933635
ENSSSCG00000061077,0.515080245807192,0.583244978335558
ENSSSCG00000017941,5.64924801444397,5.75526194759512
ENSSSCG00000056199,-1.07560684537938,0.333743892305565
ENSSSCG00000020152,-0.313099436094831,0.550136777985776
ENSSSCG00000042233,2.99357058002226,2.47069869532763
ENSSSCG00000017747,2.58940569507994,2.78005038054984
ENSSSCG00000017748,5.31057977378538,5.48987913135382
ENSSSCG00000017749,0.399364956748047,-0.702622497962026
ENSSSCG00000017750,1.0885945093173,0.0318806818288641
ENSSSCG00000017752,8.8593728013571,7.92604015772187
ENSSSCG00000017753,5.24085249484085,5.2259883046466
ENSSSCG00000017754,6.68627724216731,5.90762115300122
ENSSSCG00000017755,2.75548937239974,4.06988085757199
ENSSSCG00000054714,2.26510581356419,1.35158900457553
ENSSSCG00000058976,-1.31818014718968,1.00581493118192
ENSSSCG00000044226,7.35792041131602,7.51282138269576
ENSSSCG00000017505,6.19826051599716,6.31301224846318
ENSSSCG00000017506,5.13479075221014,5.37640812190129
ENSSSCG00000017507,0.815176045257344,1.2726008670673
ENSSSCG00000017508,4.7539809818569,4.32849100983691
ENSSSCG00000017509,8.00173389527633,7.57920216671745
ENSSSCG00000017510,3.74397982295811,3.60138024815194
ENSSSCG00000017511,3.20363233164379,4.44789123329679
ENSSSCG00000040642,6.98362515299483,6.13536280162018
ENSSSCG00000038880,9.28619667351651,9.09274923020588
ENSSSCG00000037753,-0.774434225214997,-0.289123515071902
ENSSSCG00000021478,4.04606591171587,4.02238796674066
ENSSSCG00000033291,5.63119315446972,5.82352798968779
ENSSSCG00000037606,5.18224610802368,5.12561729354074
ENSSSCG00000039198,5.78031605664214,5.90189154336704
ENSSSCG00000022187,3.98046607575606,4.35269474039829
ENSSSCG00000032478,7.57319504476687,7.88845442856559
ENSSSCG00000035677,-0.313099436094831,-0.0169014492655093
ENSSSCG00000018056,3.12688233693705,3.92566830912856
ENSSSCG00000046446,1.03789987789575,2.0048735807178
ENSSSCG00000018057,4.68564383812519,4.69129046740901
ENSSSCG00000020884,-0.187145967968861,0.372139121137058
ENSSSCG00000023263,4.84341443242693,5.10296582238897
ENSSSCG00000017513,6.61024283655353,6.49201796195323
ENSSSCG00000017514,7.17575098743779,7.19311191600088
ENSSSCG00000057498,0.985358817624548,1.03003110897365
ENSSSCG00000017517,-0.96807720485524,-0.871778856036138
ENSSSCG00000017518,4.76376302489435,4.46353454639644
ENSSSCG00000017519,4.99062664269499,4.84422767507354
ENSSSCG00000017520,7.55500165596725,7.29092458328307
ENSSSCG00000017521,5.56336237580262,4.72691080919883
ENSSSCG00000056800,-0.187145967968861,0.678241186296717
ENSSSCG00000018058,3.74002097233019,3.53524252347769
ENSSSCG00000050904,-0.248748603557596,0.615610397484158
ENSSSCG00000017515,2.83929183176385,3.12172282970965
ENSSSCG00000040509,2.77109272783156,2.5228257707732
ENSSSCG00000036944,3.71603698882729,3.73628202580504
ENSSSCG00000017294,6.66294409202621,6.7429178914822
ENSSSCG00000017296,6.27619001802438,6.4443867249293
ENSSSCG00000017297,7.47210736379488,8.08058003326579
ENSSSCG00000035742,4.32508531169335,5.44217604620629
ENSSSCG00000028698,5.93463777071469,6.18540957853928
ENSSSCG00000043202,0.0866736428889641,0.930627626435109
ENSSSCG00000016726,-0.525404570246514,-0.119711717242417
ENSSSCG00000058216,4.26849363650016,3.41166260325713
ENSSSCG00000031144,3.64583365363513,3.48794767503683
ENSSSCG00000016732,5.09039300180185,5.15894130909365
ENSSSCG00000033190,6.77407518705112,6.40210402548439
ENSSSCG00000016674,5.39230596753735,5.42857712978116
ENSSSCG00000016676,3.22644916538749,6.87829391809843
ENSSSCG00000033514,2.20892903416734,5.35619826677618
ENSSSCG00000016677,6.36305279514839,5.94710365855002
ENSSSCG00000016679,2.82441264416951,3.00440267505079
ENSSSCG00000016678,4.47075246769041,3.57693252722526
ENSSSCG00000016733,1.58872724014143,1.67705978623095
ENSSSCG00000016734,4.84893902233177,4.89125376758923
ENSSSCG00000016691,5.7687041660469,7.80495806402807
ENSSSCG00000016692,8.19740023758066,8.3125139264063
ENSSSCG00000016695,5.40611269276694,5.39400823378912
ENSSSCG00000037116,4.87624902435434,4.5602406234569
ENSSSCG00000016686,5.73925884427569,5.70256172350226
ENSSSCG00000016687,3.97036366875897,3.57281732362671
ENSSSCG00000016688,4.34867543476549,2.28193723327874
ENSSSCG00000016690,2.82441264416951,1.73713253770228
ENSSSCG00000050056,-0.868009231170092,0.124759019246936
ENSSSCG00000033266,4.46356799005854,4.96689946885965
ENSSSCG00000022557,-0.313099436094831,0.124759019246936
ENSSSCG00000028523,4.05883538511989,4.14940755127925
ENSSSCG00000023801,5.66290380476798,5.75707657062003
ENSSSCG00000032734,4.90482090201148,4.09305359360425
ENSSSCG00000016720,0.656208489639131,-1.06343627958185
ENSSSCG00000016721,6.4875149012519,6.00628101162847
ENSSSCG00000016722,4.49444557226456,4.36226366882995
ENSSSCG00000040519,5.62798341454991,5.75162583985452
ENSSSCG00000016724,4.35645386259809,4.71948452790664
ENSSSCG00000016725,7.29117401279799,7.02369272648131
ENSSSCG00000054171,0.229053005082177,0.878233640758889
ENSSSCG00000022912,3.96358921455897,4.06109421530442
ENSSSCG00000021250,7.41738328858271,6.67543469481175
ENSSSCG00000038919,2.74762395114334,3.23543207783835
ENSSSCG00000022464,5.02844635883866,5.05803995812813
ENSSSCG00000023445,5.84717075804028,5.82179510267549
ENSSSCG00000026064,3.62021716865338,3.63334581301382
ENSSSCG00000016668,-1.78143407576197,0.124759019246936
ENSSSCG00000016671,0.273552666612953,-0.871778856036138
ENSSSCG00000016672,0.874162537149699,2.5228257707732
ENSSSCG00000021204,5.46964966485848,2.40740335383752
ENSSSCG00000028997,6.75850422937517,6.09216886675081
ENSSSCG00000016701,2.92548154303131,3.07010588219071
ENSSSCG00000016703,8.36903003985267,7.92240620244646
ENSSSCG00000016704,3.82843424607976,3.44806439242055
ENSSSCG00000016705,4.94664497121198,4.92069497271026
ENSSSCG00000016706,2.58940569507994,2.94832678617514
ENSSSCG00000016707,-2.79553649653186,-0.481109027935221
ENSSSCG00000016708,5.48273895401173,5.61921729478744
ENSSSCG00000037598,5.11658468135943,3.3065459485344
ENSSSCG00000016711,5.14080874213337,5.17667549814632
ENSSSCG00000036350,10.0253182035061,10.1493706167576
ENSSSCG00000026894,2.95992771317643,3.41166260325713
ENSSSCG00000033313,-1.60995061428548,-1.06343627958185
ENSSSCG00000034622,-1.976085364955,-1.16974403207503
ENSSSCG00000016714,6.04143402228069,6.09144988361656
ENSSSCG00000016715,6.4117709837389,6.84540889442268
ENSSSCG00000016716,4.12408143035106,4.14940755127925
ENSSSCG00000016717,2.74762395114334,3.58920817305299
ENSSSCG00000016719,0.229053005082177,1.03003110897365
ENSSSCG00000038792,3.18627972778561,3.31149385632478
ENSSSCG00000030388,2.07705469961597,2.63759586230106
ENSSSCG00000062187,1.84610665102851,1.72234722316666
ENSSSCG00000060491,-0.451110226541143,-0.0673909604895641
ENSSSCG00000058908,2.01288038415818,2.45289588892133
ENSSSCG00000057040,2.80180211518241,3.26123414910473
ENSSSCG00000062314,-0.451110226541143,-3.82416175559903
ENSSSCG00000062135,-1.60995061428548,0.124759019246936
ENSSSCG00000059937,3.91525585396758,4.16862264865607
ENSSSCG00000052662,1.47899559533112,2.84291461693407
ENSSSCG00000041810,-1.78143407576197,-0.871778856036138
ENSSSCG00000058238,2.06444617595092,3.00440267505079
ENSSSCG00000052052,0.0866736428889641,0.678241186296717
ENSSSCG00000055692,2.70764046952107,3.45702311573383
ENSSSCG00000058539,-0.6037335549306,0.253744895693059
ENSSSCG00000062807,-0.380455165278715,-2.05555929136582
ENSSSCG00000062371,-3.22005278102631,-0.871778856036138
ENSSSCG00000059146,-2.46795088038493,-0.230414558288775
ENSSSCG00000051193,0.273552666612953,1.00581493118192
ENSSSCG00000061302,-0.686560683805019,0.333743892305565
ENSSSCG00000060851,0.0359102671599988,1.25215911194267
ENSSSCG00000035077,1.40091172062405,-0.964427270899581
ENSSSCG00000016750,6.66607706890096,6.24481320146771
ENSSSCG00000016751,4.45875838434298,3.85286919280773
ENSSSCG00000016747,7.26970911292432,7.38839038971781
ENSSSCG00000039535,-0.6037335549306,-0.871778856036138
ENSSSCG00000036443,0.183136955639335,-2.27533557831912
ENSSSCG00000025060,4.3896840233634,4.42296095995685
ENSSSCG00000039582,6.81980441912132,6.56530801792478
ENSSSCG00000016760,4.35386571031806,4.63516825840664
ENSSSCG00000016753,4.4731393648411,4.01026637030448
ENSSSCG00000016754,8.08309431971152,6.86320930233569
ENSSSCG00000023820,6.34100592542976,6.2912618256567
ENSSSCG00000016743,10.6361072238887,10.595694095138
ENSSSCG00000055501,1.69069938953273,1.70740881248283
ENSSSCG00000016744,6.70009811468134,6.48546540129944
ENSSSCG00000016745,4.45151377755188,4.40686896030259
ENSSSCG00000016509,7.26902242966426,7.49987525652284
ENSSSCG00000016746,2.45095392453259,1.61437655810064
ENSSSCG00000038700,4.28217057167977,4.14109351412293
ENSSSCG00000031847,4.75004951746395,4.79914396241639
ENSSSCG00000037087,-0.071311274400066,-0.289123515071902
ENSSSCG00000016585,5.09659866559798,3.99804206402155
ENSSSCG00000016532,3.92575018851997,4.19831005265196
ENSSSCG00000048509,0.229053005082177,0.253744895693059
ENSSSCG00000040673,2.77883157464872,2.46182475270139
ENSSSCG00000053763,4.06201017126539,4.66833166578833
ENSSSCG00000056043,0.0866736428889641,1.10033230279389
ENSSSCG00000016535,9.5166273791381,8.99838833115606
ENSSSCG00000016756,4.40226377999428,4.35509292916844
ENSSSCG00000027491,5.31989246911045,5.00252043110958
ENSSSCG00000016758,4.4683616149422,4.40223808444598
ENSSSCG00000039425,3.1568866930164,3.31642485261404
ENSSSCG00000016742,2.75548937239974,2.08796208222624
ENSSSCG00000040608,5.07161422501322,5.19419433590397
ENSSSCG00000016510,3.69982325149067,4.57882759907992
ENSSSCG00000016511,6.24230652036384,5.95265683411948
ENSSSCG00000016512,6.3442693182319,6.520073438421
ENSSSCG00000032786,0.0359102671599988,2.42577286549425
ENSSSCG00000016513,4.66699936862858,4.79561692122977
ENSSSCG00000045348,2.56275792947573,2.75120663352335
ENSSSCG00000016516,2.12641493269169,1.29275702200006
ENSSSCG00000016738,7.10940285377071,6.97384814246643
ENSSSCG00000016518,5.69801959537293,5.42629812895989
ENSSSCG00000016737,8.56161658061309,8.55527518746752
ENSSSCG00000016763,3.9971477895836,4.25591271664972
ENSSSCG00000016755,4.26022480317067,4.11302884015674
ENSSSCG00000016519,2.07705469961597,1.31263544737941
ENSSSCG00000035581,2.973479148401,1.73713253770228
ENSSSCG00000016520,7.57652887976254,6.47447789426199
ENSSSCG00000016521,1.65750311577385,0.409538950709052
ENSSSCG00000048439,4.7302298680067,4.52659401443999
ENSSSCG00000016522,3.62880663470464,3.79044671428864
ENSSSCG00000032532,0.958352864156609,0.738265774167816
ENSSSCG00000030497,4.4683616149422,4.52446481708795
ENSSSCG00000038147,-0.451110226541143,1.78060050223319
ENSSSCG00000016572,6.15728713340248,6.216076910918
ENSSSCG00000016772,6.63069989130911,6.30745052526422
ENSSSCG00000016571,0.72191195620079,0.169048095927475
ENSSSCG00000016573,2.26510581356419,2.06470675742136
ENSSSCG00000016574,2.07705469961597,1.59827076196444
ENSSSCG00000023540,1.18493366366352,1.96774514707322
ENSSSCG00000016577,5.05736797286639,5.15619351939602
ENSSSCG00000016578,8.33219571461131,8.47458388213473
ENSSSCG00000055672,4.86720301054597,4.79561692122977
ENSSSCG00000016773,4.39472909651868,4.48559193398023
ENSSSCG00000031870,2.52644419656486,2.51426767165911
ENSSSCG00000016775,5.3278272111768,5.33205373668319
ENSSSCG00000056306,1.23079346436338,1.78060050223319
ENSSSCG00000034873,3.19208715058532,3.05248152111906
ENSSSCG00000016579,4.8941726483828,4.67602526698248
ENSSSCG00000039041,2.05172648705434,1.92963589847684
ENSSSCG00000039661,3.4561615859508,1.18903632798696
ENSSSCG00000016581,8.18853091153966,7.26724524589604
ENSSSCG00000040257,4.60305126555482,4.85782084125562
ENSSSCG00000055239,5.26171264937064,5.41254800042788
ENSSSCG00000061542,3.62880663470464,3.69522755672695
ENSSSCG00000040690,4.5632760418306,4.71762196923097
ENSSSCG00000033708,5.79851251967709,6.05282173101776
ENSSSCG00000035419,5.45644053099475,5.40214871318906
ENSSSCG00000037391,2.64126856623983,2.70683005586903
ENSSSCG00000055529,-0.525404570246514,0.0318806818288641
ENSSSCG00000032464,2.42159462145349,2.57313489923399
ENSSSCG00000016582,-1.07560684537938,0.409538950709052
ENSSSCG00000054843,-0.6037335549306,-0.78472289261437
ENSSSCG00000016583,-0.96807720485524,-0.871778856036138
ENSSSCG00000059070,-0.128066380263549,-0.481109027935221
ENSSSCG00000045735,4.84709984198571,3.73628202580504
ENSSSCG00000053852,5.66290380476798,6.24157639250644
ENSSSCG00000057617,-2.79553649653186,-0.289123515071902
ENSSSCG00000049289,-1.60995061428548,-0.481109027935221
ENSSSCG00000044483,1.47899559533112,1.16736637209713
ENSSSCG00000055825,1.51650785122028,2.3887969274946
ENSSSCG00000060436,-3.82416175559903,-0.78472289261437
ENSSSCG00000052516,-0.96807720485524,-2.05555929136582
ENSSSCG00000060770,-1.60995061428548,-1.28451287928067
ENSSSCG00000031109,2.88303023659174,2.87669073668673
ENSSSCG00000059260,-0.451110226541143,-3.82416175559903
ENSSSCG00000062093,0.930831724376776,0.333743892305565
ENSSSCG00000054993,0.316720715261423,1.21038560183454
ENSSSCG00000039290,7.40086639792676,7.52405472198014
ENSSSCG00000019018,-0.071311274400066,-0.230414558288775
ENSSSCG00000036403,1.60623101893403,1.63030453743178
ENSSSCG00000016527,2.58940569507994,3.2406295410238
ENSSSCG00000056374,4.1271159822859,3.68000417823861
ENSSSCG00000030386,5.07946844204484,4.93839545274136
ENSSSCG00000016617,-2.79553649653186,-0.624943747829482
ENSSSCG00000016618,5.31324668362047,5.22073772969425
ENSSSCG00000016626,5.43945207577435,5.87122256142432
ENSSSCG00000016619,3.50363497723415,3.2249806386688
ENSSSCG00000016620,3.40207070621701,2.37940294608589
ENSSSCG00000024351,5.73528699987266,6.38929073843651
ENSSSCG00000016634,6.64082065859621,6.60009714393056
ENSSSCG00000016635,5.80041465355763,5.99325313470795
ENSSSCG00000040344,7.54567645357796,6.30868831799797
ENSSSCG00000038138,0.815176045257344,0.85130538708557
ENSSSCG00000016621,2.31917687589272,1.12302483629253
ENSSSCG00000016625,3.93616873698544,4.6893911272279
ENSSSCG00000016628,7.78686236328925,4.89125376758923
ENSSSCG00000016629,5.09814591967378,4.87128712629734
ENSSSCG00000028113,6.9604195011519,7.13777550859409
ENSSSCG00000016613,4.63750928594988,4.11302884015674
ENSSSCG00000016614,-0.0167046405169091,3.09327503299889
ENSSSCG00000016616,6.91021752751123,6.84626153167244
ENSSSCG00000016590,7.85959209052496,6.99514676732655
ENSSSCG00000016593,5.24085249484085,5.37167826878344
ENSSSCG00000035211,3.27650471703377,3.07010588219071
ENSSSCG00000024157,3.75970747811426,4.00110786487859
ENSSSCG00000022865,0.229053005082177,-1.40920704473941
ENSSSCG00000016597,3.90468462268559,3.90944266068508
ENSSSCG00000021354,5.0154038231113,5.13541656465696
ENSSSCG00000016599,-0.686560683805019,2.42577286549425
ENSSSCG00000027118,1.31835862021284,2.07638127694377
ENSSSCG00000016603,0.844970737784426,1.29275702200006
ENSSSCG00000016604,6.20832458581014,6.0387181358968
ENSSSCG00000016541,2.84667427243885,3.2764967565249
ENSSSCG00000016605,-0.313099436094831,-1.40920704473941
ENSSSCG00000016606,3.64159570151675,3.12734568941579
ENSSSCG00000016542,3.10242130466837,3.23543207783835
ENSSSCG00000037869,5.61831112446146,5.78935543970134
ENSSSCG00000016543,3.63308226616768,3.3213390526125
ENSSSCG00000016545,5.26997298383171,5.28754841518294
ENSSSCG00000016608,4.67324100224767,4.43661266768852
ENSSSCG00000016609,3.55411241648467,3.80805894242148
ENSSSCG00000021562,1.23079346436338,1.14536595329469
ENSSSCG00000016548,6.24440404764322,6.80124233288735
ENSSSCG00000016549,5.28499517653536,5.57360916794991
ENSSSCG00000016611,5.87180282300716,6.00016489809096
ENSSSCG00000016551,-0.774434225214997,-2.53471534769233
ENSSSCG00000016553,6.15133763071659,5.9597653661667
ENSSSCG00000021466,4.55202993354254,4.22215341960819
ENSSSCG00000016643,4.0714928252209,3.66848029011153
ENSSSCG00000016639,-0.128066380263549,-1.86487943217923
ENSSSCG00000016554,3.90821698008974,2.76570058982809
ENSSSCG00000037368,-0.868009231170092,-0.702622497962026
ENSSSCG00000036149,-3.82416175559903,-0.230414558288775
ENSSSCG00000016556,5.90488903684729,5.68265009537396
ENSSSCG00000057639,3.79448007211224,3.66074623935973
ENSSSCG00000053695,-1.60995061428548,-0.289123515071902
ENSSSCG00000062848,0.316720715261423,0.930627626435109
ENSSSCG00000055335,3.10242130466837,3.33598200946115
ENSSSCG00000058780,0.784753030569422,2.40740335383752
ENSSSCG00000021885,3.48955626337053,3.18779257833077
ENSSSCG00000059863,1.40091172062405,3.00440267505079
ENSSSCG00000061899,3.18627972778561,3.08173696809818
ENSSSCG00000016652,1.72314896938536,0.445993691080189
ENSSSCG00000063241,1.47899559533112,2.45289588892133
ENSSSCG00000016557,0.229053005082177,-0.230414558288775
ENSSSCG00000056966,-0.6037335549306,0.294298826806809
ENSSSCG00000016653,6.48810509988044,5.05951122969912
ENSSSCG00000052285,-1.60995061428548,-1.16974403207503
ENSSSCG00000038158,4.44666374966992,4.52233247272101
ENSSSCG00000058042,5.5097296282133,5.37994536315709
ENSSSCG00000016562,0.58736937234432,0.0318806818288641
ENSSSCG00000016563,4.13014416476626,3.96702031038741
ENSSSCG00000016657,-0.0167046405169091,-1.86487943217923
ENSSSCG00000027131,6.8481260302113,6.81132018988726
ENSSSCG00000016565,4.43201506340047,4.27630172910488
ENSSSCG00000016658,3.67515578070681,2.64545467936437
ENSSSCG00000016564,7.66217993774774,7.79306779284222
ENSSSCG00000016566,5.47918090918302,6.06312633421554
ENSSSCG00000062966,3.27650471703377,3.76902424332287
ENSSSCG00000016567,3.19208715058532,3.55206336650421
ENSSSCG00000016568,4.38462124576695,4.54981010610583
ENSSSCG00000016569,6.05901908551679,6.6954454679096
ENSSSCG00000016570,4.96711093826374,4.49649543996581
ENSSSCG00000048237,1.69069938953273,1.35158900457553
ENSSSCG00000055563,3.91174070983612,4.39293149909293
ENSSSCG00000057454,5.65451554944637,6.14301608969777
ENSSSCG00000043139,-1.45670196380968,-1.06343627958185
ENSSSCG00000059355,-0.313099436094831,-0.0673909604895641
ENSSSCG00000052265,4.0492688917079,4.45237808649548
ENSSSCG00000016659,4.87263742243448,4.51591646415802
ENSSSCG00000062788,4.78120527848248,5.15894130909365
ENSSSCG00000050311,0.399364956748047,0.253744895693059
ENSSSCG00000042281,-0.313099436094831,-0.78472289261437
ENSSSCG00000039703,5.07161422501322,4.95113348098521
ENSSSCG00000049100,0.183136955639335,-2.85117878809169
ENSSSCG00000052099,-0.6037335549306,-0.0673909604895641
ENSSSCG00000016661,7.49284068116064,7.42623220962688
ENSSSCG00000056099,-1.78143407576197,1.00581493118192
ENSSSCG00000047982,0.844970737784426,-0.702622497962026
ENSSSCG00000054055,-0.774434225214997,-1.54570714867312
ENSSSCG00000027389,5.0668810880132,5.01622311914729
ENSSSCG00000027063,7.0167261617174,5.61722059121868
ENSSSCG00000016664,3.85063437944186,3.66461844735113
ENSSSCG00000016646,5.50856656109815,4.5931203752218
ENSSSCG00000025910,5.98233668323829,5.78402553248703
ENSSSCG00000025602,3.47056834606659,3.83579879339546
ENSSSCG00000016665,5.25201543317233,5.65177007934665
ENSSSCG00000024754,4.80034140148673,5.55808032852045
ENSSSCG00000057236,3.55861489141936,3.3065459485344
ENSSSCG00000052558,2.25404409223782,2.28193723327874
ENSSSCG00000059039,-0.071311274400066,0.85130538708557
ENSSSCG00000042721,-0.187145967968861,-0.624943747829482
ENSSSCG00000051034,1.44048186623276,2.17740676095809
ENSSSCG00000062498,-2.79553649653186,-0.702622497962026
ENSSSCG00000057438,1.40091172062405,2.27181848867676
ENSSSCG00000052053,1.16144525464261,1.25215911194267
ENSSSCG00000016443,4.72222513584158,2.34120312316572
ENSSSCG00000016444,5.11046457479224,3.15513588774505
ENSSSCG00000024431,1.03789987789575,0.708565629647667
ENSSSCG00000016450,4.01035565776863,4.14387018686345
ENSSSCG00000016448,5.20108764917854,6.43194512213246
ENSSSCG00000028169,2.88303023659174,3.02262052174299
ENSSSCG00000026661,2.38149571811378,2.28193723327874
ENSSSCG00000033272,6.96126991544797,6.9108536199824
ENSSSCG00000027024,3.40707272351487,2.90969415186618
ENSSSCG00000027986,5.42719380733997,5.60215657364276
ENSSSCG00000016437,2.41167389764734,1.00581493118192
ENSSSCG00000016438,6.1528273081287,6.33322373533406
ENSSSCG00000016435,5.14530581768219,5.57154828813498
ENSSSCG00000016436,5.73429232785805,4.81839004793703
ENSSSCG00000016441,5.29177207720485,5.14791860904114
ENSSSCG00000025737,-2.79553649653186,0.583244978335558
ENSSSCG00000029241,-1.60995061428548,0.124759019246936
ENSSSCG00000016409,6.61619450602677,6.51149894816512
ENSSSCG00000044842,-1.78143407576197,-0.551234614202225
ENSSSCG00000016411,5.58669626462812,5.10010921757055
ENSSSCG00000016412,4.42709892752435,4.60727294079659
ENSSSCG00000016414,3.7868249346286,3.41166260325713
ENSSSCG00000057427,5.51205295330468,6.08279402095725
ENSSSCG00000061194,3.65005919311859,4.17677998695833
ENSSSCG00000016403,4.23513008473597,2.65327091878993
ENSSSCG00000038486,6.42169104224284,6.62961672154509
ENSSSCG00000016406,7.38447526566321,7.54258474273029
ENSSSCG00000039407,0.844970737784426,1.18903632798696
ENSSSCG00000033909,3.55411241648467,3.13852608806589
ENSSSCG00000027196,0.902775359205073,1.3895183870631
ENSSSCG00000027826,3.40207070621701,3.13294671925228
ENSSSCG00000031897,1.87527570583285,-0.414234639036479
ENSSSCG00000016451,2.47972765327197,-0.624943747829482
ENSSSCG00000016452,2.34025034678746,1.05384751029812
ENSSSCG00000016453,6.51209768111887,6.40673533098398
ENSSSCG00000032422,2.29779101573986,1.92963589847684
ENSSSCG00000016420,5.80326316034439,5.71007540015439
ENSSSCG00000025221,4.40726512908314,4.39293149909293
ENSSSCG00000016423,2.67483616828021,4.57677416558981
ENSSSCG00000016426,5.56671898361033,6.82262841767954
ENSSSCG00000032315,0.689434225427014,1.79480357676921
ENSSSCG00000020663,6.5379796874042,7.12448215871117
ENSSSCG00000016430,6.9163698989227,6.8526402993238
ENSSSCG00000016431,1.40091172062405,0.333743892305565
ENSSSCG00000016432,7.3885905405753,7.37781485744605
ENSSSCG00000016434,6.62856012633594,6.27171945118054
ENSSSCG00000016487,1.64061407306523,3.48357025840186
ENSSSCG00000034639,1.1132890985785,2.65327091878993
ENSSSCG00000016488,4.36161627946186,4.85443453794003
ENSSSCG00000016489,-1.45670196380968,0.904668467894398
ENSSSCG00000016491,5.45644053099475,5.55912080087131
ENSSSCG00000016492,4.27944553770892,4.24042960386224
ENSSSCG00000016493,-0.868009231170092,-0.35032329061541
ENSSSCG00000016498,6.5448038492909,6.71191166896396
ENSSSCG00000038693,2.8973199146782,3.2815486205146
ENSSSCG00000032266,5.34487088878949,5.17531904247595
ENSSSCG00000016501,4.7480797603667,5.95423953757125
ENSSSCG00000016502,6.22187163362694,5.87456973357417
ENSSSCG00000016504,0.72191195620079,-0.624943747829482
ENSSSCG00000026733,3.10242130466837,3.89961894959634
ENSSSCG00000016459,3.60288327825035,3.2815486205146
ENSSSCG00000016461,7.9456869525342,8.228845195985
ENSSSCG00000028274,0.183136955639335,0.51625090059353
ENSSSCG00000056050,-0.96807720485524,0.372139121137058
ENSSSCG00000016464,4.96711093826374,5.3050195491924
ENSSSCG00000031799,3.06493409078251,2.70683005586903
ENSSSCG00000035615,4.91187632429108,5.44443012194664
ENSSSCG00000062134,-0.686560683805019,-0.35032329061541
ENSSSCG00000016469,1.49787364177406,3.56455153299002
ENSSSCG00000016473,3.13895906363686,4.42752589772655
ENSSSCG00000052350,-0.380455165278715,0.212017947135459
ENSSSCG00000044150,-1.19180123640617,-0.551234614202225
ENSSSCG00000016475,-1.60995061428548,-1.06343627958185
ENSSSCG00000032249,2.34025034678746,0.904668467894398
ENSSSCG00000025610,5.66290380476798,6.2008247300341
ENSSSCG00000028266,4.9380310482183,4.36702443745831
ENSSSCG00000024184,6.15951188664924,5.77330627923349
ENSSSCG00000021475,7.12390655511389,7.38604696184829
ENSSSCG00000024070,3.94994412045387,4.20630170597606
ENSSSCG00000052416,-0.248748603557596,-0.174001573015732
ENSSSCG00000054207,4.60740379605084,5.041756162396
ENSSSCG00000053771,1.88964201598903,2.35084832090034
ENSSSCG00000044134,-0.686560683805019,-1.54570714867312
ENSSSCG00000046607,2.7633121446217,2.59764651471072
ENSSSCG00000057480,-0.6037335549306,-1.54570714867312
ENSSSCG00000056098,-2.79553649653186,-0.551234614202225
ENSSSCG00000055319,-0.451110226541143,0.956127932608039
ENSSSCG00000049625,-2.79553649653186,-0.78472289261437
ENSSSCG00000058774,0.551677535663921,1.79480357676921
ENSSSCG00000042794,-1.60995061428548,0.253744895693059
ENSSSCG00000013470,4.68564383812519,4.71388962247809
ENSSSCG00000016494,5.75110918728245,6.09001084151463
ENSSSCG00000032390,5.11352787336289,5.18613514443708
ENSSSCG00000016496,4.80034140148673,5.08140212872823
ENSSSCG00000053346,1.95940295449205,1.64605858351007
ENSSSCG00000016497,6.03336939985756,5.54763412406406
ENSSSCG00000061806,3.94994412045387,4.34547616188606
ENSSSCG00000037158,4.94320557130479,4.78853686468123
ENSSSCG00000016682,4.7480797603667,4.89290524774863
ENSSSCG00000037575,4.63111078580486,4.74713814699021
ENSSSCG00000052320,-1.78143407576197,-0.871778856036138
ENSSSCG00000016684,2.96671934204476,3.61745156076489
ENSSSCG00000016685,3.08379945350479,6.64684709134431
ENSSSCG00000021652,3.64159570151675,3.96073510287991
ENSSSCG00000050786,1.27524029214877,1.48019588742595
ENSSSCG00000016768,3.84695799941802,3.31149385632478
ENSSSCG00000053511,-0.128066380263549,0.98118532635575
ENSSSCG00000062889,1.31835862021284,2.66877749283263
ENSSSCG00000016769,5.71526208149482,6.07190064623826
ENSSSCG00000061204,1.77049457016102,2.64545467936437
ENSSSCG00000039365,2.20892903416734,1.92963589847684
ENSSSCG00000039144,2.28697801836366,2.31187448705517
ENSSSCG00000038226,-0.380455165278715,-0.119711717242417
ENSSSCG00000031398,1.75488470892769,0.79589242289581
ENSSSCG00000033858,0.358634535634919,0.445993691080189
ENSSSCG00000055885,6.4528635531954,6.37340819594856
ENSSSCG00000056055,-0.774434225214997,-2.53471534769233
ENSSSCG00000036122,0.0359102671599988,-0.702622497962026
ENSSSCG00000038192,-0.868009231170092,-0.174001573015732
ENSSSCG00000059288,-0.96807720485524,-0.78472289261437
ENSSSCG00000057434,-0.868009231170092,-0.964427270899581
ENSSSCG00000051336,0.358634535634919,1.12302483629253
ENSSSCG00000036124,-1.78143407576197,-0.78472289261437
ENSSSCG00000018061,5.606400690301,5.11857683779264
ENSSSCG00000018063,7.30932168531161,6.41537915929304
ENSSSCG00000018065,10.5219356011407,10.5461790746386
ENSSSCG00000018069,10.8345324544623,10.7837087505709
ENSSSCG00000018072,0.551677535663921,-0.964427270899581
ENSSSCG00000018073,2.62418726304154,0.904668467894398
ENSSSCG00000018075,13.5257830798717,13.6720919953637
ENSSSCG00000018076,3.63734526362365,3.65297050406999
ENSSSCG00000018078,12.2305483752343,12.3197535316372
ENSSSCG00000018080,7.97965965176451,8.2924774180917
ENSSSCG00000018081,12.5129666268865,12.6476279162045
ENSSSCG00000018082,12.7657773118982,12.8190915182912
ENSSSCG00000018084,9.2637094473475,8.90664673198833
ENSSSCG00000018086,7.60510389244943,7.49526216876545
ENSSSCG00000018087,11.4086060544354,11.2108234008167
ENSSSCG00000018091,11.3937015665403,11.5355125988625
ENSSSCG00000018092,10.5638309923006,10.4226446100268
ENSSSCG00000018093,-1.07560684537938,-1.54570714867312
ENSSSCG00000018094,11.7262453711795,11.6648955650755
ENSSSCG00000055777,2.66651720471281,1.73713253770228
ENSSSCG00000033720,5.07790101566353,4.24042960386224
ENSSSCG00000036444,0.515080245807192,0.124759019246936
ENSSSCG00000037334,4.94148279161934,4.59920276842609
ENSSSCG00000002554,2.30852357224583,2.1108484849407
ENSSSCG00000035669,3.34587253533682,3.15513588774505
ENSSSCG00000040365,4.18067396324146,4.15767395027535
ENSSSCG00000002559,4.51775584817305,4.71014759484874
ENSSSCG00000036892,-0.96807720485524,-1.54570714867312
ENSSSCG00000002558,7.17648352021258,7.20046566782383
ENSSSCG00000002555,5.80515904510945,5.16578797361394
ENSSSCG00000002557,6.04464729076343,6.8065091274743
ENSSSCG00000032544,7.13336955777598,7.29186372029
ENSSSCG00000038713,7.40180638222911,7.46837756457333
ENSSSCG00000037142,8.27861952554472,8.56514862196685
ENSSSCG00000040089,4.21530564497516,3.40704711347586
ENSSSCG00000039825,-3.82416175559903,-0.119711717242417
ENSSSCG00000039537,-3.82416175559903,-0.78472289261437
ENSSSCG00000031132,4.4683616149422,4.58087811400677
ENSSSCG00000039139,7.24023294034526,7.32312978456
ENSSSCG00000060584,0.183136955639335,-0.551234614202225
ENSSSCG00000056525,0.985358817624548,-0.174001573015732
ENSSSCG00000063511,2.87583196824894,4.01026637030448
ENSSSCG00000058302,-1.07560684537938,2.66104503944852
ENSSSCG00000053053,3.68754223658763,2.63759586230106
ENSSSCG00000036983,-1.60995061428548,-0.230414558288775
ENSSSCG00000040849,-0.686560683805019,-1.6964847871246
ENSSSCG00000031710,5.91721289480227,6.24545969272475
ENSSSCG00000035555,5.75699805538979,6.02447530361921
ENSSSCG00000037671,6.33576909394098,6.58536307656404
ENSSSCG00000036990,-1.45670196380968,-0.964427270899581
ENSSSCG00000002540,6.5039498746618,6.40962236524799
ENSSSCG00000040738,8.60742498882837,9.0163977440267
ENSSSCG00000002536,-0.187145967968861,1.29275702200006
ENSSSCG00000002535,11.1589650350424,11.6363427469063
ENSSSCG00000002533,5.08728013113364,5.23121983981787
ENSSSCG00000002531,5.79374618396117,5.80171584454056
ENSSSCG00000002532,3.90468462268559,3.94490123394478
ENSSSCG00000002530,4.81546962168668,4.88960039478267
ENSSSCG00000002528,5.52935964578866,5.66245980262099
ENSSSCG00000039713,2.68310743737727,2.41661734632623
ENSSSCG00000002526,5.90577281216022,5.91576703721118
ENSSSCG00000002525,6.41363619790703,6.51149894816512
ENSSSCG00000002523,7.43769060569107,7.45194697657222
ENSSSCG00000036871,3.96019002095856,3.41166260325713
ENSSSCG00000036612,4.17188457053865,3.44806439242055
ENSSSCG00000036820,4.13316600447482,4.5705962703615
ENSSSCG00000045485,5.93723344468062,6.0675201607663
ENSSSCG00000002552,0.399364956748047,-1.06343627958185
ENSSSCG00000039553,2.73176328344457,2.07638127694377
ENSSSCG00000035093,3.37168884069489,3.77620046959395
ENSSSCG00000058170,2.01288038415818,1.5319870059135
ENSSSCG00000052434,2.1974263314248,1.46251061004157
ENSSSCG00000055564,1.51650785122028,3.65686361034676
ENSSSCG00000050849,-1.60995061428548,-1.06343627958185
ENSSSCG00000054269,-0.774434225214997,-2.05555929136582
ENSSSCG00000056138,-0.96807720485524,-1.28451287928067
ENSSSCG00000055300,1.20804577791874,0.51625090059353
ENSSSCG00000042471,1.13756809465378,1.07727712061465
ENSSSCG00000034335,-1.19180123640617,-0.964427270899581
ENSSSCG00000037775,5.84992851463806,4.92715666566598
ENSSSCG00000034709,7.28507370281974,7.17829099659229
ENSSSCG00000021669,6.02363196640709,6.11073775674798
ENSSSCG00000021220,7.82637177944654,8.62934044471168
ENSSSCG00000034738,4.00706500947703,4.02841078531082
ENSSSCG00000054301,4.41721611177701,4.18219270048509
ENSSSCG00000002547,7.16619405883097,7.49634892896885
ENSSSCG00000063242,-0.774434225214997,-0.551234614202225
ENSSSCG00000002546,4.06517798633305,4.77247854456633
ENSSSCG00000040945,5.83793997682421,5.47562288702007
ENSSSCG00000002544,5.51668840903297,5.71007540015439
ENSSSCG00000037197,4.89595282410356,5.00098984520581
ENSSSCG00000010892,1.06346985097485,-0.119711717242417
ENSSSCG00000010893,6.4916412302349,6.63604061996282
ENSSSCG00000000959,5.69903958385738,5.36455428623971
ENSSSCG00000025780,4.89595282410356,4.94159051920655
ENSSSCG00000038943,6.93596953239792,7.37249787743975
ENSSSCG00000039745,2.53560868035451,1.96774514707322
ENSSSCG00000031155,6.56899538946264,5.53711172916609
ENSSSCG00000062740,0.656208489639131,0.253744895693059
ENSSSCG00000022823,2.75548937239974,1.72234722316666
ENSSSCG00000005761,4.86720301054597,5.21414752426517
ENSSSCG00000033162,6.68627724216731,6.75113559642283
ENSSSCG00000040042,1.87527570583285,-0.551234614202225
ENSSSCG00000005753,6.6269532173275,6.7465759848522
ENSSSCG00000005759,5.23383154053975,4.8459338415019
ENSSSCG00000036914,6.79616805371793,6.8989865153185
ENSSSCG00000005762,1.78593734007211,0.823864935560437
ENSSSCG00000040967,3.98716192566061,4.27630172910488
ENSSSCG00000005756,0.985358817624548,-2.85117878809169
ENSSSCG00000039855,0.399364956748047,-3.82416175559903
ENSSSCG00000054117,2.66651720471281,0.253744895693059
ENSSSCG00000044239,3.95336751205018,1.14536595329469
ENSSSCG00000046512,3.39201434103731,3.44356408236478
ENSSSCG00000054801,3.15093553532168,3.65686361034676
ENSSSCG00000031630,4.36676028941965,4.20097885888326
ENSSSCG00000052504,4.79843917096021,4.71762196923097
ENSSSCG00000034978,7.10171035522687,7.1464548049223
ENSSSCG00000037880,6.95829126969154,7.15232704171966
ENSSSCG00000005852,0.72191195620079,0.51625090059353
ENSSSCG00000033685,2.59818001558324,3.11607796930512
ENSSSCG00000005855,3.91876245422037,3.88972788725591
ENSSSCG00000005846,6.43522069537277,6.27488940670629
ENSSSCG00000005844,1.40091172062405,0.956127932608039
ENSSSCG00000005845,3.34587253533682,2.58952216140678
ENSSSCG00000037046,8.53829761489825,8.73635226313082
ENSSSCG00000040105,3.61590318182574,3.49231184990847
ENSSSCG00000005856,0.784753030569422,-0.119711717242417
ENSSSCG00000005857,1.88964201598903,1.3322436929096
ENSSSCG00000005858,1.623524972916,1.83659263049607
ENSSSCG00000044438,-0.6037335549306,-0.230414558288775
ENSSSCG00000005859,5.20252685723836,5.02377986016407
ENSSSCG00000034562,5.08416052936819,5.17938458935815
ENSSSCG00000036027,2.70764046952107,3.01657343115509
ENSSSCG00000040396,4.51544169628631,4.71201982191071
ENSSSCG00000032828,5.6836635160149,5.56223772315125
ENSSSCG00000031168,-0.451110226541143,0.253744895693059
ENSSSCG00000032509,2.10194590665749,3.73259770428485
ENSSSCG00000039834,-1.07560684537938,1.05384751029812
ENSSSCG00000027526,1.75488470892769,1.92963589847684
ENSSSCG00000033991,7.2033290274971,6.81044664376375
ENSSSCG00000039830,3.48955626337053,3.64515263246846
ENSSSCG00000040003,4.90305164195241,4.84934013300141
ENSSSCG00000032279,0.784753030569422,-0.871778856036138
ENSSSCG00000032303,1.13756809465378,1.29275702200006
ENSSSCG00000034566,5.72230246345964,6.35914207990567
ENSSSCG00000039264,9.18817473575662,9.62325490824151
ENSSSCG00000037395,3.00020602359109,3.29159958611275
ENSSSCG00000053158,1.06346985097485,1.25215911194267
ENSSSCG00000040080,5.45281695069632,6.2363823454814
ENSSSCG00000040164,-0.128066380263549,0.98118532635575
ENSSSCG00000005840,1.13756809465378,1.9036587274475
ENSSSCG00000005838,5.40361218711919,5.84501526208916
ENSSSCG00000038203,6.40052877223325,6.6281302125495
ENSSSCG00000005832,7.72261125425838,8.25957269870196
ENSSSCG00000057521,1.23079346436338,2.63759586230106
ENSSSCG00000005841,6.07403557994093,6.01843599868281
ENSSSCG00000005830,1.23079346436338,0.738265774167816
ENSSSCG00000005842,4.60305126555482,5.21414752426517
ENSSSCG00000038233,0.229053005082177,0.0790671408551012
ENSSSCG00000021963,1.03789987789575,0.372139121137058
ENSSSCG00000005834,1.78593734007211,1.31263544737941
ENSSSCG00000005835,0.844970737784426,1.73713253770228
ENSSSCG00000005836,-0.313099436094831,0.678241186296717
ENSSSCG00000005837,5.00389407279323,5.1409864083489
ENSSSCG00000005828,4.80034140148673,4.26103704735011
ENSSSCG00000038509,4.63111078580486,4.93839545274136
ENSSSCG00000034854,7.84745394881528,7.41449495030623
ENSSSCG00000040869,5.35007484504589,5.57360916794991
ENSSSCG00000031413,6.23740039788031,6.09504122150347
ENSSSCG00000035221,4.94492629620376,4.96218773686444
ENSSSCG00000038262,5.58889898249473,5.35380191622885
ENSSSCG00000031715,3.78298207960371,2.69929941392765
ENSSSCG00000034732,4.0004611099782,3.26633964668703
ENSSSCG00000039487,4.73819043121227,4.83394808526107
ENSSSCG00000034036,6.49751558816526,6.70393727014953
ENSSSCG00000040163,5.36300319929253,5.34296880694927
ENSSSCG00000054336,2.58057768336524,2.63759586230106
ENSSSCG00000038437,6.31795311671656,6.28875505397159
ENSSSCG00000039824,6.66816194673655,6.73970943328573
ENSSSCG00000033493,0.72191195620079,0.930627626435109
ENSSSCG00000044568,0.358634535634919,0.51625090059353
ENSSSCG00000005839,5.74618336833823,5.90189154336704
ENSSSCG00000018620,-1.78143407576197,-0.964427270899581
ENSSSCG00000038609,-0.313099436094831,-0.964427270899581
ENSSSCG00000049640,2.64126856623983,2.5565593570002
ENSSSCG00000044955,-2.20115708176131,-1.06343627958185
ENSSSCG00000032029,4.86538698135486,4.93519329460956
ENSSSCG00000030088,0.958352864156609,-0.119711717242417
ENSSSCG00000037174,4.91539113841395,5.44668068139813
ENSSSCG00000035911,1.0885945093173,0.615610397484158
ENSSSCG00000032986,6.99985678463439,6.58024727115547
ENSSSCG00000055271,0.358634535634919,1.75176786229133
ENSSSCG00000033673,9.63427286968565,9.26587329204775
ENSSSCG00000031488,5.7774218342207,5.4217292985024
ENSSSCG00000038870,5.89067450304102,6.3986207635141
ENSSSCG00000007830,6.83519493924403,7.32588326713855
ENSSSCG00000021418,7.44591645419632,6.73142619766014
ENSSSCG00000029847,-1.45670196380968,-1.06343627958185
ENSSSCG00000028022,8.36373333872989,7.63725372905951
ENSSSCG00000022575,5.31590867260505,5.19017036770102
ENSSSCG00000026140,5.30254933640218,5.71288297077377
ENSSSCG00000035657,6.26452445398752,6.24933256832297
ENSSSCG00000040897,5.55549978627335,5.71941279894978
ENSSSCG00000033116,4.40226377999428,4.44113468012368
ENSSSCG00000026344,4.96372004197033,5.1726022990149
ENSSSCG00000055020,-1.60995061428548,-0.289123515071902
ENSSSCG00000042889,3.60288327825035,4.7580528636841
ENSSSCG00000051245,5.2492327856947,5.56741767556494
ENSSSCG00000050753,-0.380455165278715,-0.174001573015732
ENSSSCG00000039476,0.753674621171028,0.930627626435109
ENSSSCG00000031130,5.0621323715976,5.07268558814864
ENSSSCG00000059460,-0.6037335549306,-1.28451287928067
ENSSSCG00000061150,-0.6037335549306,-1.86487943217923
ENSSSCG00000053365,-1.07560684537938,-1.28451287928067
ENSSSCG00000038556,2.01288038415818,1.18903632798696
ENSSSCG00000034039,6.13786085945299,5.68741594569529
ENSSSCG00000035675,6.34035236011347,6.58689428743221
ENSSSCG00000026890,8.04228446930293,6.9522303667321
ENSSSCG00000047232,6.56116352293492,5.24809248843103
ENSSSCG00000000223,2.15047586045883,1.96774514707322
ENSSSCG00000061033,4.60305126555482,4.8270541069728
ENSSSCG00000022674,-0.686560683805019,-2.53471534769233
ENSSSCG00000000220,5.04458544686757,5.61422034480329
ENSSSCG00000031206,6.38793381161852,6.91573573525266
ENSSSCG00000037029,5.02030860192329,5.71101186423649
ENSSSCG00000032096,5.7667597318315,6.32100818421078
ENSSSCG00000043595,1.01186851910195,0.333743892305565
ENSSSCG00000036726,1.55306939928711,0.333743892305565
ENSSSCG00000035428,2.43144759083636,2.20956873606394
ENSSSCG00000062013,-0.6037335549306,-2.05555929136582
ENSSSCG00000035307,-0.313099436094831,-1.6964847871246
ENSSSCG00000058484,2.54471531554339,0.294298826806809
ENSSSCG00000028124,5.27682065017725,5.14514972461677
ENSSSCG00000055473,3.2544719292997,3.04655856183298
ENSSSCG00000048420,3.47056834606659,3.77620046959395
ENSSSCG00000057952,0.753674621171028,-0.0673909604895641
ENSSSCG00000001219,6.4875149012519,5.60316574980417
ENSSSCG00000057691,-1.60995061428548,-1.28451287928067
ENSSSCG00000040497,-1.45670196380968,-0.624943747829482
ENSSSCG00000034543,-1.07560684537938,-0.871778856036138
ENSSSCG00000060872,1.06346985097485,-0.551234614202225
ENSSSCG00000062467,-0.686560683805019,-1.54570714867312
ENSSSCG00000051841,1.03789987789575,-1.40920704473941
ENSSSCG00000028527,6.69038613672063,5.67786844917742
ENSSSCG00000038869,3.92575018851997,2.66877749283263
ENSSSCG00000061568,1.97295929665426,1.8088681866303
ENSSSCG00000038178,3.39705128589786,3.29159958611275
ENSSSCG00000036947,5.31057977378538,5.42743807938283
ENSSSCG00000015833,3.87249806869344,3.88972788725591
ENSSSCG00000036062,1.81633565189514,1.8904926055864
ENSSSCG00000053920,0.844970737784426,1.23142354660134
ENSSSCG00000054932,-1.60995061428548,0.930627626435109
ENSSSCG00000033181,0.72191195620079,4.99023003397364
ENSSSCG00000038275,3.18044883327868,1.49766699261516
ENSSSCG00000049427,1.01186851910195,0.409538950709052
ENSSSCG00000042926,0.0359102671599988,0.409538950709052
ENSSSCG00000021494,3.58533858691494,3.38843606237055
ENSSSCG00000059293,2.26510581356419,3.54787650620497
ENSSSCG00000058973,2.93243688704098,3.13852608806589
ENSSSCG00000012359,0.902775359205073,0.445993691080189
ENSSSCG00000041985,2.08955398431033,0.767366807455606
ENSSSCG00000061672,-0.686560683805019,-1.16974403207503
ENSSSCG00000059011,-0.187145967968861,0.124759019246936
ENSSSCG00000053301,-3.82416175559903,-0.289123515071902
ENSSSCG00000046452,1.03789987789575,0.481549931933635
ENSSSCG00000009499,-1.07560684537938,0.0790671408551012
ENSSSCG00000039344,-1.78143407576197,1.83659263049607
ENSSSCG00000062771,-0.774434225214997,0.85130538708557
ENSSSCG00000039860,2.17414207960379,1.49766699261516
ENSSSCG00000029990,4.20385387305167,4.07279788632357
ENSSSCG00000034220,1.80121655797197,0.550136777985776
ENSSSCG00000039985,2.63275319451676,1.37067834071865
ENSSSCG00000057701,4.07778014376273,2.48828449091058
ENSSSCG00000009495,-0.187145967968861,1.59827076196444
ENSSSCG00000038269,-1.78143407576197,0.124759019246936
ENSSSCG00000034353,1.13756809465378,1.00581493118192
ENSSSCG00000031855,-0.187145967968861,-0.702622497962026
ENSSSCG00000055200,-0.0167046405169091,-0.964427270899581
ENSSSCG00000043890,-0.128066380263549,-0.481109027935221
ENSSSCG00000038679,2.4891927659918,2.92913977873282
ENSSSCG00000057082,3.23772367198998,-2.53471534769233
ENSSSCG00000023531,0.316720715261423,-3.82416175559903
ENSSSCG00000038135,0.273552666612953,0.98118532635575
ENSSSCG00000056764,-2.79553649653186,0.212017947135459
ENSSSCG00000038462,-1.78143407576197,-1.06343627958185
ENSSSCG00000033927,-3.82416175559903,-0.481109027935221
ENSSSCG00000041163,-0.868009231170092,-1.16974403207503
ENSSSCG00000034524,3.2544719292997,3.43904969020546
ENSSSCG00000035091,1.01186851910195,0.79589242289581
ENSSSCG00000061639,-1.78143407576197,-0.230414558288775
ENSSSCG00000034866,-3.22005278102631,0.956127932608039
ENSSSCG00000032894,0.316720715261423,2.08796208222624
ENSSSCG00000039921,-0.187145967968861,-0.481109027935221
ENSSSCG00000017324,-0.451110226541143,-1.28451287928067
ENSSSCG00000000887,2.55376482786368,1.548845627756
ENSSSCG00000046993,-1.07560684537938,-0.35032329061541
ENSSSCG00000061109,0.229053005082177,-2.05555929136582
ENSSSCG00000052697,-1.19180123640617,-0.481109027935221
ENSSSCG00000032599,1.88964201598903,1.8772052214074
ENSSSCG00000055221,2.23166290725657,1.58198313393422
ENSSSCG00000056610,8.64469449246738,8.69778201488102
ENSSSCG00000056698,4.31979026323652,4.17948888215237
ENSSSCG00000041461,3.87971294905474,4.56646292723879
ENSSSCG00000037477,3.38188738520723,3.01050088731778
ENSSSCG00000013150,3.13895906363686,1.00581493118192
ENSSSCG00000031311,-1.19180123640617,-0.119711717242417
ENSSSCG00000003282,0.273552666612953,0.708565629647667
ENSSSCG00000053954,0.183136955639335,0.708565629647667
ENSSSCG00000037850,1.58872724014143,1.4081155707733
ENSSSCG00000059519,2.28697801836366,2.77289332642005
ENSSSCG00000038702,2.66651720471281,2.24102933224071
ENSSSCG00000031581,-1.976085364955,-1.28451287928067
ENSSSCG00000035756,1.73910410091577,2.23061850955662
ENSSSCG00000016385,3.86524692547764,2.87669073668673
ENSSSCG00000037347,2.40168448112881,2.76570058982809
ENSSSCG00000034846,-0.0167046405169091,-0.230414558288775
