genes	endo03_FC	endo03_FDR	endo06_FC	endo06_FDR	endo09_FC	endo09_FDR	endo12_FC	endo12_FDR	endo15_FC	endo15_FDR	endo18_FC	endo18_FDR	ovary03_FC	ovary03_FDR	ovary06_FC	ovary06_FDR	ovary09_FC	ovary09_FDR	ovary12_FC	ovary12_FDR	ovary15_FC	ovary15_FDR	ovary18_FC	ovary18_FDR	ovid03_FC	ovid03_FDR	ovid06_FC	ovid06_FDR	ovid09_FC	ovid09_FDR	ovid12_FC	ovid12_FDR	ovid15_FC	ovid15_FDR	ovid18_FC	ovid18_FDR	absMAX_FC	FC_sample	Min_FDR	FDR_sample
ENSSSCG00000000138	-1.21693538872289	0.999970279305184	-5.59555699951648	3.57090429675419e-05	-3.71649562860793	0.00406045791299222	-5.97750263780382	1.52711550908061e-05	-7.05656565681236	2.76368319702563e-06	-4.32562296808662	0.003369241939563	0	0	0	0	0	0	0	0	0	0	0.503660157661816	0.999898616998068	-2.26438572455204	0.239398811642394	-1.04154631808417	0.99998075372639	-2.65787346325334	0.107547332459881	-10.0173265066738	2.6270461969354e-06	0.772318341918487	0.999951635344029	0.28704211782833	0.999918096269946	10.0173265066738	ovid12	0	ovary03
ENSSSCG00000000211	-0.48588702423902	0.999970279305184	-0.237924583475681	0.999982221946195	-1.16847250216612	0.755224198947615	2.4076666346823	0.0977680531490285	0.207728775318503	0.999107661984216	-0.626491675516496	0.999963438149354	-3.27682106985847	0.110637053861234	-1.73917860241875	0.497396925999635	-2.41258857371816	0.262308496236274	-7.34481824240137	0.00496928553430896	0.707510720584442	0.951845147275273	-3.51636343833605	0.0695476052850108	-5.2761090068918	4.77386871448785e-05	-6.25537937660685	2.52140980308119e-06	-7.88243398547678	2.17703129869329e-08	-8.07984487655628	1.29962801533797e-08	-6.08044326639709	5.43263198719186e-06	-1.81564743586938	0.924543038239365	8.07984487655628	ovid12	1.29962801533797e-08	ovid12
ENSSSCG00000000240	0	0	0	0	0	0	0	0	0	0	0	0	0	0	0	0	0	0	0	0	0	0	0	0	-6.28491569521135	1.34245196802856e-05	-3.17639360660753	0.0280955355619065	-5.76219278610994	3.70081924576502e-05	-6.27248009850474	1.05094456582207e-05	-5.87481920460267	3.30426639134877e-05	0.917380558418989	0.999918096269946	6.28491569521135	ovid03	0	endo03
ENSSSCG00000000492	-0.609012566762549	0.999970279305184	-2.40294252265394	0.116080113566022	-2.92144237859597	0.0228926944197267	-4.02491076321817	0.00110450996570824	-3.38385254513495	0.00794851387214963	-1.67588246499913	0.999963438149354	-2.17370229979785	0.167850778578693	-1.26428772817726	0.599790310437789	-1.28586218423583	0.559642507219975	0.0983519832138825	0.98568574190188	7.40141060978735	4.75333737861452e-09	8.18922940640845	1.07413839942626e-09	-0.346385587733376	0.999905160632868	-0.431982875747101	0.99998075372639	-0.0249173772350168	0.999991240463336	0.599631891821078	0.999791955937091	-0.188214047453943	0.999951635344029	0.00997239041161331	0.999918096269946	8.18922940640845	ovary18	1.07413839942626e-09	ovary18
ENSSSCG00000000647	-0.0232532575103474	0.999970279305184	-0.743547374285422	0.999982221946195	-1.7871744266393	0.334033683195096	0.0311515927716097	0.996844970466461	-0.580056214482321	0.999107661984216	-0.0649774560273869	0.999963438149354	-8.52477019915511	4.52522365733992e-10	-6.76319698878544	1.05211314449093e-07	-6.82879552510588	8.37444761180453e-08	-6.20514816776049	4.00694166522823e-07	-1.37086160519233	0.463669748758484	-1.64507913114179	0.4279320888196	-2.80596201034802	0.0713874269784646	-2.05158575345318	0.355050546895584	-2.27067062088542	0.218889134440947	-1.05079395714185	0.906039285383659	-0.630138873035593	0.999951635344029	-0.553095193846331	0.999918096269946	8.52477019915511	ovary03	4.52522365733992e-10	ovary03
ENSSSCG00000000659	0	0	0	0	0	0	0	0	0	0	0	0	5.03394261822329	0.000506460460787013	6.94364766229791	6.31024395962711e-07	6.93846702637724	6.80841773642087e-07	5.89293936114188	1.30804635263249e-05	0	0	2.28299464952771	0.354265976449616	0	0	0	0	0	0	0	0	0	0	0	0	6.94364766229791	ovary06	0	endo03
ENSSSCG00000000857	-0.606692953066449	0.999970279305184	1.36937668529552	0.726540712808629	1.69200769355008	0.318501210218775	2.05145696126494	0.17141735246421	-1.1607851248649	0.714438434077741	-1.40276771827645	0.999963438149354	-1.31850371156579	0.643354790945111	-0.431952547412317	0.991565390997254	-0.62101328715112	0.915072181914973	-0.703470630121145	0.836347970994746	-0.323106611850407	0.999560378701902	0.555558654074053	0.999898616998068	0.140913548999953	0.999905160632868	-1.69238084182814	0.57943857281666	-2.08915372717824	0.284536033204805	-5.55921532407895	2.6187383659234e-05	-3.24322309418741	0.0222611584491846	0.497367149026932	0.999918096269946	5.55921532407895	ovid12	2.6187383659234e-05	ovid12
ENSSSCG00000000873	-1.52877203066962	0.999970279305184	-1.95500403697199	0.297344201765764	-2.21554466193264	0.120644701967168	-3.78823990091268	0.00253366123882803	-1.48150184966872	0.47886199545021	-0.552264333056034	0.999963438149354	-3.03992819907743	0.01990972776453	-3.6801481844577	0.00320915524603083	-4.04253385437414	0.00108746334786935	-6.23982075490026	7.91880336784823e-07	-2.69048429299953	0.0303448298573349	-0.799831475985124	0.998302848285184	-2.85110590771477	0.047557350196989	-0.470359677798813	0.99998075372639	-1.14304753175894	0.985546939818656	-1.06748686783924	0.882154758771256	-0.160708610228485	0.999951635344029	0.0929448282358213	0.999918096269946	6.23982075490026	ovary12	7.91880336784823e-07	ovary12
ENSSSCG00000000932	0	0	0	0	0	0	0	0	0	0	0	0	-0.86617627562743	0.930714241540737	-1.22845797038483	0.654963540001725	-2.4661695753511	0.103594630477863	-3.75605315819632	0.00508392497189162	0.14394375747704	0.999560378701902	-9.80770343664312	6.02470173025332e-06	-1.67492492034968	0.86533715299777	-7.30788421579548	0.00943428326363827	-3.24602141172225	0.176391386842777	-4.10279220164178	0.0605810120654157	0.310622648725004	0.999951635344029	-1.58792453597055	0.999918096269946	9.80770343664312	ovary18	0	endo03
ENSSSCG00000001101	-1.29773190341582	0.999970279305184	-8.20230869812314	0.000728406264705035	-2.98565226673258	0.0798726140605232	-8.11089064176883	0.00103195348672224	-3.47953401101565	0.043318136293361	-8.26659169415781	0.0023077879915116	0	0	0	0	0	0	0	0	0	0	0	0	-7.02119101581215	4.85672729821622e-06	-3.2416243787895	0.0248290770113423	-2.90652011685567	0.0505823214171787	-11.0508297015264	6.79962964821209e-08	-3.56521181075389	0.0117004130713411	0.266861025631989	0.999918096269946	11.0508297015264	ovid12	0	ovary03
ENSSSCG00000001107	0	0	0	0	0	0	0	0	0	0	0	0	-4.41686255137604	0.00287054511850961	-3.62016449352177	0.011190424611626	-4.10850172774625	0.00528344688993955	-5.15240342694152	0.000491975162072688	-3.9126680780092	0.00369446281209968	-1.3092603389771	0.712670121987179	-5.98935550343768	5.90575329943328e-06	-6.90582265163006	4.43254404245556e-07	-6.57964010913359	1.03699733930707e-06	-4.73848668121245	0.000190132210900477	-13.2785741752972	2.4176544784442e-11	-1.51099644695265	0.999918096269946	13.2785741752972	ovid15	0	endo03
ENSSSCG00000001213	0	0	0	0	0	0	0	0	0	0	0	0	0	0	-1.25525941205085	0.819852364954397	0	0	0	0	0	0	-0.934686036272975	0.999898616998068	0	0	0.913203963280947	0.99998075372639	6.83288155978054	7.38123256337206e-07	0.220234895914427	0.999791955937091	0	0	4.82591094384107	0.00455498650989115	6.83288155978054	ovid09	0	endo03
ENSSSCG00000001523	0.820552994076887	0.999970279305184	1.94056310102678	0.549147819995056	0	0	0	0	0	0	0	0	0	0	-0.808150086357397	0.94984562769504	0	0	0	0	0	0	0	0	-6.51128590804687	2.82009908091442e-06	-12.3627189381889	9.62886515000085e-10	-6.36909529002839	3.60575902673345e-06	-9.15713204455257	1.29962801533797e-08	-12.3766106939863	8.26649383380782e-10	-4.66443990792288	0.00363097107457106	12.3766106939863	ovid15	0	endo09
ENSSSCG00000001550	0.481989048497319	0.999970279305184	3.85642625921102	0.003077594910092	4.41954219959124	0.000435541158822512	5.19095500292893	3.3067502485041e-05	0.19893809072325	0.999107661984216	-0.552440374842109	0.999963438149354	0.408783644760091	0.999746826372654	3.22726642040094	0.0112852283684131	2.74179349704962	0.034773546619346	0.686932766244404	0.847665835216154	-2.02402680346048	0.186837745093207	-0.950076224995997	0.934320765781882	0.0236678802695854	0.999905160632868	1.05339013940624	0.99998075372639	0.996904454578169	0.999991240463336	3.21946654446769	0.0138652824561038	0.423953619258412	0.999951635344029	-1.75408821993424	0.999918096269946	5.19095500292893	endo12	3.3067502485041e-05	endo12
ENSSSCG00000001560	-0.706144680827633	0.999970279305184	-7.80178380691835	0.00231444088974231	-3.54482315085124	0.0523483062997587	-7.71046862768065	0.00298183353824548	-3.63631534321047	0.0504306134938098	-1.31616067755248	0.999963438149354	0	0	0	0	3.20239260810977	0.10928701046134	0	0	4.30424270956837	0.00618161593514604	6.6735946908769	9.88218253402678e-06	0	0	0	0	0	0	0	0	0	0	0	0	7.80178380691835	endo06	0	ovary03
ENSSSCG00000001625	-1.4604877588851	0.999970279305184	-1.93246170158093	0.717803169965409	0	0	6.56751914181713	4.59103691388063e-07	3.85993267024665	0.00455181719134976	0	0	0	0	0	0	0	0	0	0	0	0	0	0	0	0	2.17525891135162	0.45898460076246	2.44040448062065	0.279312008392439	0.545647933406972	0.999791955937091	0	0	0	0	6.56751914181713	endo12	0	endo09
ENSSSCG00000001726	-1.98405069786905	0.916695563948772	6.2686895294343	8.07971229112277e-07	6.92614981233457	7.52595358696227e-08	3.41142453858123	0.00877227271193334	4.62512791830116	0.000309137051071936	0.660355217145222	0.999963438149354	0	0	0	0	0	0	0	0	0	0	0	0	0.649686173286267	0.999905160632868	0.21391752200929	0.99998075372639	0.674288187662005	0.999991240463336	-0.184426510024286	0.999791955937091	1.00141243391734	0.999951635344029	-0.80768927959478	0.999918096269946	6.92614981233457	endo09	0	ovary03
ENSSSCG00000001736	0	0	7.71945391149121	0.00273796149769882	9.09938730491415	2.80911260419558e-05	10.2005299969111	6.95011857384771e-07	0	0	0	0	0	0	0	0	0	0	0	0	0	0	0	0	0	0	0	0	0	0	0	0	0	0	0	0	10.2005299969111	endo12	0	endo03
ENSSSCG00000001775	0	0	1.07515773829728	0.999982221946195	-0.0747566800971657	0.999890466505892	-1.34426114109403	0.734695387287488	0	0	-0.679273933557543	0.999963438149354	0	0	4.01820596322821	0.00753363110353782	5.41269933855758	9.962651100213e-05	6.24234423428747	3.8388423369023e-06	0	0	2.53313166339173	0.234977578033891	-1.45580221821275	0.866264452328124	-2.73122813795514	0.154500353926255	-4.74242249868319	0.00511395871723382	-3.15873528332799	0.0534683830750876	-3.33072738211469	0.0520470860844832	0.432908813186153	0.999918096269946	6.24234423428747	ovary12	0	endo03
ENSSSCG00000001789	0	0	0	0	0	0	0	0	0	0	0	0	0	0	8.34507652556439	0.000361458424455387	9.90866629062141	1.53465326007796e-06	7.13295998095398	0.00393420849397187	0	0	0	0	0	0	0	0	0	0	0	0	0	0	0	0	9.90866629062141	ovary09	0	endo03
ENSSSCG00000001836	1.19585911523276	0.999970279305184	6.77247208754465	2.19809647673155e-07	7.05923932325526	7.54327943009512e-08	6.59062681149531	4.00468372712027e-07	-0.0223092786579719	0.999107661984216	-0.476321328873384	0.999963438149354	0	0	0	0	0	0	0	0	1.53409752686984	0.64439797211642	0	0	5.47057782994438	9.97977979912733e-05	4.77106808697638	0.000943581691152705	3.75375805537247	0.0145756273405007	0.628140616315949	0.999791955937091	1.035468849496	0.999951635344029	0.702477669917808	0.999918096269946	7.05923932325526	endo09	0	ovary03
ENSSSCG00000001841	3.01754005946885	0.48820129578325	7.17024297928093	1.2420879973915e-06	4.68294076665194	0.00334971406784432	0	0	0	0	0	0	3.57718555594316	0.0127846069988954	9.4558773013512	5.20773502557033e-11	8.0838073365041	4.77385762167057e-09	4.35646419161933	0.000685405916525676	3.12878630490563	0.0237302783478402	0.914878911073354	0.999898616998068	1.85770642710351	0.79962135497289	4.31419042606865	0.0059508113559086	4.3091150131155	0.00543158340450974	0	0	0	0	1.5329467860595	0.999918096269946	9.4558773013512	ovary06	0	endo12
ENSSSCG00000001909	1.70059782193907	0.877731107955607	0.756729507474813	0.999982221946195	0.711481458009553	0.957518775534069	1.08165248840638	0.680498618173761	0.530627642956643	0.999107661984216	1.23696607759694	0.999963438149354	-2.64779203635523	0.0554142825153127	-3.86008003888484	0.00189513862427362	-3.51281085401056	0.00484079034573691	-5.73322331428225	3.21087867907297e-06	1.45309309422458	0.407668751569743	-0.855776576309241	0.9637086900752	-0.552385256888553	0.999905160632868	0.506609413506441	0.99998075372639	0.857174839070409	0.999991240463336	0.428161894229169	0.999791955937091	0.837514005798662	0.999951635344029	0.206719178353991	0.999918096269946	5.73322331428225	ovary12	3.21087867907297e-06	ovary12
ENSSSCG00000001989	1.52033119958307	0.999970279305184	4.65971704605156	0.00064606654162052	6.92865577478547	2.300703725377e-07	1.20008088655221	0.754573210339164	0	0	2.68347827375578	0.360649658888493	0	0	0	0	0	0	0	0	7.45399093044498	0.00252661501201261	9.62310432595026	1.20988081693663e-05	-1.16368525618828	0.999905160632868	1.70133293780291	0.608486690352597	0.724449552302574	0.999991240463336	-2.201978629423	0.253146084507004	-1.44404489393974	0.992390846726581	0.918757051646605	0.999918096269946	9.62310432595026	ovary18	0	endo15
ENSSSCG00000002013	0.292001067395837	0.999970279305184	1.02093557724923	0.989088364764145	0.96473907971872	0.803626033217936	1.56143922218976	0.3837729442027	-1.04999645896264	0.782696821918704	-0.769095920348408	0.999963438149354	3.56894189572354	0.00473612937632211	3.1631016090206	0.0122457591998452	5.85753665669384	2.25217745253583e-06	4.89701468185399	3.3775382140518e-05	2.03375359646019	0.144456627344217	0.659869357513365	0.999898616998068	-0.709541281620743	0.999905160632868	-1.02456020501046	0.99998075372639	-0.0587936459550537	0.999991240463336	-0.420218512691193	0.999791955937091	-0.793758386942245	0.999951635344029	-0.378429956523077	0.999918096269946	5.85753665669384	ovary09	2.25217745253583e-06	ovary09
ENSSSCG00000002241	0.0960771259204403	0.999970279305184	5.95392278741959	3.97209456838428e-06	4.50084187014651	0.000503759227605771	1.20720542838335	0.69725517637398	-1.0079816659425	0.935479003579902	-2.72631772417615	0.768291492639385	0	0	1.75137051476074	0.422649441291167	0.479953770856687	0.973791023848927	0	0	0	0	0	0	0.372213462773931	0.999905160632868	-0.478304095023939	0.99998075372639	-2.12971908405435	0.523379527475737	-0.608609769689775	0.999791955937091	-1.12539618710352	0.999951635344029	0.297223861949765	0.999918096269946	5.95392278741959	endo06	0	ovary03
ENSSSCG00000002262	0	0	0	0	0	0	0	0	0	0	0	0	-1.11865978939996	0.826579973651558	-1.2482596056534	0.6735689439921	-0.943461300341786	0.800875933235195	-3.00263005601076	0.0421873735707733	0.538794800306445	0.998725078460514	1.25583952612964	0.743869965909143	0.0387782467825322	0.999905160632868	0.364767988900197	0.99998075372639	-0.926408385630578	0.999991240463336	-7.6728724380482	3.34302530566459e-08	-1.50795335083338	0.822671854902339	0.648942483597141	0.999918096269946	7.6728724380482	ovid12	0	endo03
ENSSSCG00000002314	0	0	4.98761183287036	0.000263096718933687	6.82611252573251	3.91258253152233e-07	10.3266720040621	3.81154908153436e-12	7.79935159977128	2.48913803417351e-08	5.7955537923131	8.01859211325212e-05	1.00083405051591	0.84404594293076	0.438521526216031	0.990875860976357	0.821372238105546	0.826227714921414	2.83206089870597	0.0174513462958274	2.25990741846222	0.0872223023534535	0.63072651749605	0.999898616998068	4.74368601458215	0.000308653610795269	1.19615590985617	0.99998075372639	1.07815635433707	0.999991240463336	1.27021700899889	0.797476456867762	1.81726585788966	0.634041208450281	-0.0229096485250112	0.999918096269946	10.3266720040621	endo12	0	endo03
ENSSSCG00000002443	-0.488829458955428	0.999970279305184	0.637682498955222	0.999982221946195	1.67514717912176	0.322041372980771	0.193849778143319	0.986150609622786	2.3455270290648	0.10437199327787	1.18268953430824	0.999963438149354	1.9611968574919	0.248116767373983	4.16882950939427	0.000719578693032057	4.61091261126877	0.000147973845458455	6.38043362821356	2.17711434796538e-07	0.431579686226364	0.999560378701902	1.49829831567775	0.541168237961391	1.45358159963914	0.752306439008386	2.94969124980048	0.0404477174327342	2.89050923196366	0.0409532695694213	2.39294210672608	0.109629532772527	0.537542927865487	0.999951635344029	0.883627858924379	0.999918096269946	6.38043362821356	ovary12	2.17711434796538e-07	ovary12
ENSSSCG00000002450	0.926795150906892	0.999970279305184	2.31605688409497	0.141989754532063	5.63277022271599	4.16918778008171e-06	6.93930775628627	4.44478142493187e-08	7.33606055217769	2.08459503777852e-08	5.01215444231735	0.000208782066150604	-1.20617753857135	0.735310655529688	-0.445567754889875	0.990875860976357	0.163787686366128	0.993588085408779	-0.295224695673826	0.95936557606757	-0.336893035557822	0.999560378701902	1.31167735960686	0.685764204519633	-0.503762047061912	0.999905160632868	-1.45531944643875	0.85260209411331	1.3463981433172	0.838144607953198	1.25458616654771	0.754320420097884	0.534197575584929	0.999951635344029	-0.415703191736628	0.999918096269946	7.33606055217769	endo15	2.08459503777852e-08	endo15
ENSSSCG00000002456	-2.45957037193525	0.264530870462728	-3.64415398824848	0.00423148510085882	-5.30333524655507	1.96225646091061e-05	-2.40507414293251	0.0821708482243323	-0.065634487806934	0.999107661984216	0.256157757442049	0.999963438149354	-0.251140746435198	0.999746826372654	-1.29948195472602	0.5713613679743	-1.68554626717861	0.317592519279409	-3.75859239964252	0.00146771322781957	-1.99489602103771	0.156971121154725	-0.725430325920715	0.999898616998068	0.85994859672601	0.999905160632868	1.44796550846041	0.800355390752224	1.12707354659849	0.999815075630288	1.51597406918211	0.547730545254649	3.05215895553417	0.0336235496097253	0.0321704625026576	0.999918096269946	5.30333524655507	endo09	1.96225646091061e-05	endo09
ENSSSCG00000002479	-3.98612658876183	0.00896978301877409	-5.04882444275224	0.000135079241192228	-7.91580444957686	4.9070930777526e-07	-0.127541904485787	0.990891812137714	2.77650742799847	0.0378597708529097	1.18335794541335	0.999963438149354	0	0	0	0	0	0	0	0	0	0	0	0	-3.8038011132921	0.00580401303434866	-3.81443671997765	0.00551603283562917	-3.0289748844066	0.0354044055002955	-2.30189313830824	0.145291023002033	-0.940076490239423	0.999951635344029	-3.0085709867564	0.128816990039767	7.91580444957686	endo09	0	ovary03
ENSSSCG00000002737	0	0	0	0	0	0	0	0	0	0	0	0	8.26353035927016	0.000554928299281471	8.34507652556439	0.000361458424455387	8.82109053098808	5.02119909409895e-05	9.05136564533452	1.64215031810586e-05	8.10307248291013	0.000455641203076492	0	0	0	0	7.47483650044798	0.0103153530653397	8.68119964133335	0.000347348324465548	0	0	0	0	0	0	9.05136564533452	ovary12	0	endo03
ENSSSCG00000002777	-0.000997460321667873	0.999970279305184	4.02342530297747	0.00121705113125129	3.059236243027	0.0160256715579901	2.09044069672437	0.158391301432336	-0.954701105496208	0.845486869386107	-2.2223782683601	0.460198899914738	7.07280731212939	5.6396408997171e-08	4.04981928578931	0.00118014873779336	5.29793436109019	1.82789007983361e-05	6.00045247753299	9.3661894890923e-07	-1.34922669903031	0.554904097195595	-0.240915565546726	0.999898616998068	1.78838003939291	0.461118377192045	1.45585086601296	0.790841093194868	2.10130837288528	0.271769980488609	-0.375468141346475	0.999791955937091	-0.413106703579559	0.999951635344029	-1.19882257619354	0.999918096269946	7.07280731212939	ovary03	5.6396408997171e-08	ovary03
ENSSSCG00000002827	0.54180931132179	0.999970279305184	5.3099538787685	2.78907715536766e-05	5.65904315854546	6.97561052885084e-06	4.72502894473021	0.000168014379077392	1.58208535458055	0.4838527210503	-0.651077835173927	0.999963438149354	0	0	0	0	0	0	0	0	2.17272946304379	0.342637123325997	0	0	-1.56828970216786	0.687636010727252	-3.07642636205677	0.0441605007952201	-2.72697470049695	0.0892562994718446	-2.08460674979203	0.238861701238451	-1.81486499577165	0.585675656068345	-0.674370830063025	0.999918096269946	5.65904315854546	endo09	0	ovary03
ENSSSCG00000003044	-1.39652118578861	0.999970279305184	-0.254870211921732	0.999982221946195	-0.505347910320355	0.999890466505892	-0.170675791865131	0.986681766043777	-0.407766208871472	0.999107661984216	-0.0205167092229029	0.999963438149354	2.36957377445572	0.243082173229841	3.65321842412215	0.0120574894722628	4.15361039013315	0.00294460142881203	5.69813965943328	1.33901901035105e-05	3.53618098582022	0.010407821120725	0	0	1.24418788110083	0.999905160632868	0.695946865843203	0.99998075372639	1.45242548700178	0.856053749296249	1.29612821080251	0.81392488940711	2.04054022007182	0.497989826590518	0.336871704674446	0.999918096269946	5.69813965943328	ovary12	0	ovary18
ENSSSCG00000003047	0	0	0	0	0	0	0	0	8.48818200223279	1.12570981083465e-07	4.98559122529128	0.0223464506915951	0	0	0	0	0	0	0	0	5.89260549587036	1.3175014759057e-05	2.64361748153379	0.191861263698232	-0.0468527474206831	0.999905160632868	-7.59573441939322	0.0048194364747358	0.287280987349561	0.999991240463336	-2.52005427415977	0.256333707232691	-1.90414860903296	0.756879810281364	-1.8756353598671	0.999918096269946	8.48818200223279	endo15	0	endo03
ENSSSCG00000003048	0.00705347296417358	0.999970279305184	-3.66451775210292	0.00748496262324081	-10.4181777237221	6.11528736976729e-07	-3.95470685874469	0.00327223273292932	-2.8847419423817	0.0403997998385769	0.646196149741695	0.999963438149354	0	0	0	0	0	0	0	0	0	0	0	0	1.35304371534282	0.865278390595068	2.12166771268589	0.28741808456798	1.0606109120279	0.999991240463336	0.892240045138326	0.993809581767604	-0.0342120270850542	0.999951635344029	1.40957167160454	0.999918096269946	10.4181777237221	endo09	0	ovary03
ENSSSCG00000003053	0	0	0	0	0	0	0	0	0	0	0	0	8.938282210735	4.01950750217851e-09	7.66871900788244	2.0691072636536e-07	5.70815013427937	0.000147973845458455	5.43569665539088	0.000207237609270518	3.19393878379455	0.0865653142016483	0	0	0	0	0	0	0	0	0	0	0	0	0	0	8.938282210735	ovary03	0	endo03
ENSSSCG00000003073	0	0	0	0	0	0	0	0	0	0	0	0	-5.46103814124678	0.000487871390327431	-4.89599673895544	0.000953603418490507	-9.4936600703971	2.44486170224716e-05	-9.52855422035992	1.16119187237787e-05	-5.52671383550653	0.000175180305226109	-4.74523631223821	0.00107793205975957	0	0	0	0	0	0	0	0	0	0	0	0	9.52855422035992	ovary12	0	endo03
ENSSSCG00000003080	-0.89298070022762	0.999970279305184	-1.37265436132518	0.9478062059224	-6.92128084605423	0.0168931570655006	-2.71531129149374	0.234032652192289	-1.87565689148005	0.52007852693663	4.21313115283828	0.00453821903680171	-1.53874451454278	0.624029993488056	-3.78820404836585	0.0308573120929004	-2.52777768198586	0.18192948531012	-2.03659034675379	0.256680866439863	6.69337995038221	9.03847573567334e-08	2.99505281622998	0.0273023415382357	-1.20607494944739	0.999905160632868	-2.01031879238278	0.414056550163352	-1.63404538862099	0.629049321384685	-2.36635811380519	0.160727033581266	-1.33401017297737	0.999951635344029	2.03313012429462	0.695534130503244	6.92128084605423	endo09	9.03847573567334e-08	ovary15
ENSSSCG00000003251	-0.164160642085558	0.999970279305184	0	0	-1.37189536936338	0.77882250723504	0	0	0.82318138763298	0.962721219449258	-0.679273933557543	0.999963438149354	0	0	0	0	0	0	0	0	5.52934261673357	1.67279221759688e-05	1.71730911741999	0.574429273038897	0	0	0	0	0	0	0	0	0	0	0	0	5.52934261673357	ovary15	0	endo06
ENSSSCG00000003417	-4.57292056714813	0.00118156012817748	-0.287128719518256	0.999982221946195	2.64027670002678	0.044286503292272	3.26239911710326	0.00963090027203069	-3.82855322673687	0.00255635770296182	-2.65794280750178	0.170785035960248	0	0	0	0	0	0	0	0	2.8341062017488	0.170412145585775	0	0	10.8288867383849	4.83972190577783e-07	8.88479628140317	0.000244238296328106	0	0	0	0	0	0	0	0	10.8288867383849	ovid03	0	ovary03
ENSSSCG00000003483	0	0	0	0	3.273732775863	0.0937479082566849	3.45210034955191	0.0693226059608762	0	0	0	0	0	0	0	0	0	0	0	0	10.446773316635	2.18645307386862e-07	0	0	-4.11306736455789	0.0247297851869873	-3.29126603158288	0.0840284436577631	-4.15912598964972	0.022526563433858	-3.14530380148438	0.0796584351850383	-1.54346132006085	0.955128670478048	0.531732395568119	0.999918096269946	10.446773316635	ovary15	0	endo03
ENSSSCG00000003484	0	0	0	0	0	0	0	0	0	0	0	0	-2.78076812557803	0.0430400191671943	-2.81792222628829	0.0328170288355022	-3.46557444212617	0.00670659634011136	-11.8127550563131	4.09230736634777e-09	-3.03445489390499	0.0130546304869678	-1.2929888704323	0.693308862417359	0	0	0	0	0	0	0	0	0	0	0	0	11.8127550563131	ovary12	0	endo03
ENSSSCG00000003582	-1.96320521891483	0.621935005082473	0.812093604439714	0.999982221946195	1.52671066343944	0.409172739923678	2.42067466777532	0.0786255136594156	3.80289760853023	0.00242334928825363	3.97735061627957	0.00474894824113302	-0.624154211561289	0.999746826372654	0.481468177354177	0.987653063606917	0.819009662336329	0.832173212233772	1.00077431006344	0.672326370141696	5.23043034360753	1.18480647530411e-05	4.04310725480413	0.00117515948678326	2.41573702312501	0.146017431228901	0.24967195069761	0.99998075372639	0.000527581066826128	0.999991240463336	1.60517013040728	0.478518752864717	0.859880394517671	0.999951635344029	-0.589350922520184	0.999918096269946	5.23043034360753	ovary15	1.18480647530411e-05	ovary15
ENSSSCG00000003599	0	0	0	0	0	0	0	0	0	0	0	0	2.61285774575665	0.0592494439956621	3.0150132329878	0.017694458936431	2.63999885362167	0.0424033970941539	-2.5308011589939	0.0433527570437391	-7.91693714299888	4.46834122709694e-08	-6.56560033251674	1.68055804387801e-06	6.95710847485132	0.0245727559097777	9.49844688004484	3.37976847790395e-05	9.62506116661361	1.89397417594099e-05	0	0	8.57436607434839	0.000749852630756843	0	0	9.62506116661361	ovid09	0	endo03
ENSSSCG00000003640	-4.33790145055904	0.0127074974020656	-2.1227296769786	0.278294974607468	-4.24890760171687	0.00367135817992714	-5.18115924097091	0.000805361723176843	-9.43209939039153	2.54811357167277e-05	0.215359386641499	0.999963438149354	-1.80731032698651	0.522841801082651	-0.593726159316674	0.979734206928969	-2.07072473353759	0.362677836620198	-0.716615059815676	0.864651192921828	-2.44498877426409	0.18510188452977	-7.63017161679437	0.0029347205215708	-0.621143930497266	0.999905160632868	-1.96001268975581	0.669435553802631	-2.44240873038258	0.381457564483653	-7.38076019706343	0.00625692866840096	0.403497560859992	0.999951635344029	-0.753853543139175	0.999918096269946	9.43209939039153	endo15	2.54811357167277e-05	endo15
ENSSSCG00000003732	-4.9264776604258	0.00108698508380046	-1.57588144432585	0.572075784954388	-3.0965750364269	0.0193903265781035	6.48983084532207	2.46036818153671e-07	9.33715431154441	1.48372983905413e-11	5.72813676319126	1.67335562217996e-05	0	0	1.84412892864513	0.369992268550872	0	0	0.658923408455693	0.889351271530836	0.363810714436636	0.999560378701902	-0.391290974093798	0.999898616998068	0	0	0	0	0	0	0	0	0	0	0	0	9.33715431154441	endo15	0	ovary03
ENSSSCG00000003744	1.14938228547528	0.999970279305184	5.04346443519747	3.91009287450407e-05	5.17765320450666	2.03131646549308e-05	4.76995718913757	8.44753110430837e-05	1.2624163956063	0.628534129973147	0.459766612552751	0.999963438149354	-3.19084683233793	0.0284426325682359	-2.05537040719951	0.213081777011368	-2.20720482131385	0.164947699377964	-2.96163948869322	0.0269044434327682	-0.550274906551818	0.991225143904468	0.998657589666354	0.891827888520455	1.92795728298434	0.418233142714058	1.64763734818797	0.678543334853196	2.12376884309414	0.298141923662902	1.56774391752877	0.559019915842768	-0.31576550504714	0.999951635344029	0.253620480901879	0.999918096269946	5.17765320450666	endo09	2.03131646549308e-05	endo09
ENSSSCG00000003753	0.787672319283999	0.999970279305184	-4.91420813399658	0.00217931267096765	-3.79633726104929	0.0123059518887404	-8.92155532799329	9.3506513326149e-05	-2.9106310230138	0.0639886908394167	0.574141684053761	0.999963438149354	5.28975135165057	2.23225712932652e-05	5.77810153914814	2.84479054910706e-06	6.15271019373383	8.39393599511734e-07	6.76357139137173	5.38111734480139e-08	4.28361007921151	0.000273547560405682	0.873848252154503	0.955189511500593	-0.420114576570178	0.999905160632868	2.10750104072321	0.292652671267266	2.53133586668404	0.105871734751612	2.16586771488256	0.17991500186599	1.5703816754321	0.769441648128368	1.31436744545371	0.999918096269946	8.92155532799329	endo12	5.38111734480139e-08	ovary12
ENSSSCG00000003777	2.01242103067961	0.93933070190622	2.00164138937173	0.505534631370374	0	0	0	0	0	0	0	0	2.90835950730919	0.044819156229045	2.38704439155919	0.123275103943259	2.94229504287261	0.0316944573663448	6.3291943898188	4.97884069745388e-07	2.70863085094615	0.0451875222661449	2.52961237832611	0.105614089673084	0.957445101803469	0.999905160632868	0.165963207711858	0.99998075372639	0	0	0.723845924623582	0.999791955937091	0.551735351042198	0.999951635344029	0	0	6.3291943898188	ovary12	0	endo09
ENSSSCG00000003894	4.17662893993481	0.0033885240060913	0.581597586156055	0.999982221946195	4.14424333520426	0.00080770918020341	3.62579411909758	0.00405710992532285	-1.09957909315266	0.798386946569663	-0.597386790928008	0.999963438149354	10.5736657701005	2.61025557113052e-07	0	0	9.89418188204653	1.59310322847508e-06	10.5917284545286	9.36276511075458e-08	7.38401294901961	0.00301220323941782	0	0	2.45772936460946	0.13335624233499	-0.660070833342882	0.99998075372639	2.86929092987055	0.0445335639728812	3.029097882585	0.0226586756754782	0.703901898078781	0.999951635344029	0.518298768801186	0.999918096269946	10.5917284545286	ovary12	0	ovary06
ENSSSCG00000003954	-1.3355432770078	0.999970279305184	-1.57062213264961	0.554789988062767	-3.69326021908339	0.00284756930900556	-1.63263142004513	0.346831440014881	-1.2498961963482	0.636722156532364	-0.954471415167713	0.999963438149354	-2.54651938072824	0.106128652799287	-2.9509277306868	0.0392667804603845	-2.9071321545266	0.044488214132594	-9.542210728722	1.10731190905602e-05	-3.60318580409672	0.00676083434266192	-2.33660602156216	0.15072631873307	-1.40952235174387	0.795385372498377	-1.32558953882609	0.901110506679789	-1.68123933885324	0.526558232007886	-1.51891633804311	0.53624517810605	-0.606854263164812	0.999951635344029	-0.49814913528856	0.999918096269946	9.542210728722	ovary12	1.10731190905602e-05	ovary12
ENSSSCG00000004157	-1.52725866244287	0.999970279305184	-2.305721158983	0.147653443213677	-2.16457346702244	0.132348051271228	-4.65220223764869	0.000176550419889724	-1.76857511799667	0.321316735326193	-1.26191002898814	0.999963438149354	0	0	0	0	0	0	0	0	6.26693544109132	1.28277592686397e-06	3.88210918768873	0.00517058560848129	-3.74226922166893	0.0062262953975423	-3.31307910766052	0.0191203379164124	-2.37903958768598	0.161209663731796	-4.2337398929315	0.00120957554930032	-3.23454015694206	0.0251588852875778	-0.514262389960036	0.999918096269946	6.26693544109132	ovary15	0	ovary03
ENSSSCG00000004158	0	0	0	0	0	0	0	0	0	0	0	0	0	0	0	0	0	0	0	0	7.71134490784002	6.65029982145067e-07	4.71954411219164	0.0118803840103157	0	0	0	0	0	0	0	0	0	0	0	0	7.71134490784002	ovary15	0	endo03
ENSSSCG00000004179	-2.12669359708552	0.482548174512013	-9.27931292107792	1.73180088634033e-11	-10.352472596171	7.19694857034054e-13	-3.14538090164553	0.0130650578247506	-0.80385143720739	0.922087516808441	1.65491750525786	0.999963438149354	-1.1178536279794	0.803445592563615	-1.84485959991737	0.298154943730008	-2.31291147465081	0.142674122968881	-2.73992417755495	0.0443189808721023	-0.117294918077679	0.999560378701902	-0.074750941006875	0.999898616998068	-5.40366158496506	2.4115905477682e-05	-3.96871274943007	0.00228763115075537	-3.66428874451845	0.00511395871723382	-1.67185549960747	0.41909392928925	-0.225671192729314	0.999951635344029	-0.9214550613721	0.999918096269946	10.352472596171	endo09	7.19694857034054e-13	endo09
ENSSSCG00000004181	-3.312004313325	0.0341269028952527	-7.8781587359345	3.30676627688797e-09	-6.1733517756996	8.15648825349069e-07	0.486880354684667	0.933871959571298	1.54170477707594	0.438527082724027	1.86081159797867	0.768291492639385	-0.956663228335456	0.942723498945728	-0.19092432237352	0.999667845803702	-0.0661954419797272	0.999803500436176	-7.2810912535716	0.00567746944771426	1.28436178438505	0.599412918163943	2.05957852335896	0.26117934924917	-4.797758389117	0.000181678137366412	-3.89383093270149	0.00292089769060295	-3.97536907474118	0.00203693518733391	-4.29044470956452	0.000630491069521142	-1.14848953102028	0.999951635344029	-1.51400433519453	0.999918096269946	7.8781587359345	endo06	3.30676627688797e-09	endo06
ENSSSCG00000004195	0.820552994076887	0.999970279305184	0	0	0	0	0	0	0	0	0.998025467384631	0.999963438149354	-0.718068196967319	0.999746826372654	-3.48263634067089	0.0261403703522224	-4.14534876875193	0.0128698202751791	-2.2817026669505	0.142653401072987	8.83149772679971	3.58070532013499e-11	2.91527366910555	0.0306550158386387	0	0	0	0	0	0	0	0	4.51262916388181	0.00193375496740176	0	0	8.83149772679971	ovary15	0	endo06
ENSSSCG00000004218	0.44597153076144	0.999970279305184	0.209278111255956	0.999982221946195	-0.35466618254142	0.999890466505892	1.01701855494162	0.73966400520524	0.174990088542653	0.999107661984216	0.95079817920368	0.999963438149354	-3.86979552906422	0.00265002868973318	-2.9903017148491	0.0208782721692019	-4.40178182014137	0.000514508912720428	-6.77538241336277	6.17185236164175e-07	0.705052310909931	0.925475246105064	-1.20374444167236	0.754523170821351	0.973540889387007	0.999905160632868	-0.581699514830803	0.99998075372639	-1.72261019265955	0.524023359442613	-0.44979943682918	0.999791955937091	1.66551265365097	0.670168276820071	0.0773200318664283	0.999918096269946	6.77538241336277	ovary12	6.17185236164175e-07	ovary12
ENSSSCG00000004283	0	0	0	0	0	0	0	0	0	0	0	0	-3.82443532401383	0.00348779863207149	-3.09581314653219	0.017893350019724	-4.03279037789104	0.00178074529114671	-7.04900718857593	1.06146355394738e-06	-3.51037572722877	0.0040342636435749	-1.0782321210087	0.839425666744602	-5.60728137150673	0.000405502638061827	-9.71550483206526	7.49649072543947e-06	-2.9246359972959	0.069114128916154	-2.21750583961407	0.204228955064662	-9.7293827660301	1.045016376653e-05	-3.00983302532532	0.18717631052979	9.7293827660301	ovid15	0	endo03
ENSSSCG00000004509	2.44979329508872	0.28342555254597	6.42048659062222	3.38952559057235e-07	5.46616497531538	8.5367570290487e-06	3.31102658893158	0.00915583502431564	2.13515811547541	0.171053025838172	-1.50602227764581	0.999963438149354	2.64243967695242	0.0546152311557779	5.23517061692517	1.88658361405854e-05	5.31522382107994	1.36098946860247e-05	5.01284622430454	2.31718984047617e-05	1.57879833742689	0.335647720450892	-0.337236851849755	0.999898616998068	0.772691502017838	0.999905160632868	4.42032701960081	0.00101092339093922	4.91195666241689	0.000184278895617551	3.22275440092674	0.0207051709656889	3.67410515348852	0.0099043289800872	1.69326054840546	0.999918096269946	6.42048659062222	endo06	3.38952559057235e-07	endo06
ENSSSCG00000004521	0	0	0	0	0	0	0	0	0	0	0	0	3.48347794103594	0.00587288285124508	4.51057023807716	0.000231946317064365	4.97457587846983	4.32178457602578e-05	3.00305849369889	0.0109195317297538	-3.77368581079333	0.00176554281792746	-5.93940326825724	8.2825244523826e-06	2.26401421339702	0.349496733945234	4.77758056124382	0.000660038787376795	5.78623759549507	2.21736774227976e-05	2.13260355200474	0.326112197179652	3.71989733222963	0.014862950586312	0	0	5.93940326825724	ovary18	0	endo03
ENSSSCG00000004530	-0.704752749634268	0.999970279305184	-1.35456556840947	0.917176951860281	-2.17245115811918	0.323038091428756	-2.54633957786923	0.225054411249554	-2.2652238540433	0.326640949895684	-0.584337944138451	0.999963438149354	1.72507251858733	0.437914195920195	3.33222268296381	0.0124660442711871	3.55878621122606	0.00660272801278793	6.22566377400216	6.5444442933355e-07	5.90671270919344	2.00055271357061e-06	0.802569916261097	0.999898616998068	2.00048093291156	0.623202594058986	1.73005489292348	0.882354239693246	2.13704990006696	0.508195250455194	2.01292049330992	0.477866436337416	2.54857891529268	0.329160904701957	0	0	6.22566377400216	ovary12	0	ovid18
ENSSSCG00000004573	-0.667489232914815	0.999970279305184	-1.255713486085	0.83579426175751	-0.479686527275931	0.999890466505892	2.84472139704868	0.0289488601189386	5.87214776691593	3.3258686898525e-06	4.67036966621002	0.000633228298664783	0.449105024186915	0.999746826372654	1.22263927707057	0.718936215553137	1.25479861621006	0.667088947109427	0.981141777907319	0.755806490143362	0.541337990840015	0.999560378701902	1.11107603880128	0.891827888520455	-1.07747330692783	0.999905160632868	-0.348201119770103	0.99998075372639	0.00964344794563358	0.999991240463336	0.0425501034770759	0.999791955937091	-1.09475323379807	0.999951635344029	-0.0029547112287284	0.999918096269946	5.87214776691593	endo15	3.3258686898525e-06	endo15
ENSSSCG00000004584	-3.08684002742973	0.0603472480596715	-5.29933589828622	2.65701437598789e-05	-4.05900170026338	0.00102319624993895	-0.792532323986254	0.837709256144523	-1.11733526356563	0.737940570447326	-1.2569712199107	0.999963438149354	-0.241601263870493	0.999746826372654	-1.10467710449447	0.765501796269193	-0.968949254382277	0.797429862829311	-2.04141056323196	0.223457724641733	-1.26108774432155	0.631194865359384	-0.40370518117528	0.999898616998068	-3.81770453319484	0.00404479936967573	-3.02526408019925	0.0359020490991127	-1.5594754655785	0.629049321384685	-2.40050540840002	0.111480612955763	-1.98695229575651	0.40493916572091	-0.0531073371605169	0.999918096269946	5.29933589828622	endo06	2.65701437598789e-05	endo06
ENSSSCG00000004644	-1.24541536480081	0.999970279305184	3.0320217387352	0.0217210005828068	3.31306717190819	0.00776610340103896	0.331041798929385	0.964128086849178	-3.09825473688576	0.0162561469158543	-1.56185398632474	0.999963438149354	-2.93197934459196	0.0262398238204259	-2.51962144869329	0.06277549222741	-1.80745205258376	0.256114214273469	-1.79685022336205	0.20624053342425	-1.92174256181004	0.181779146930104	-0.663316421537927	0.999898616998068	-5.1978241732061	0.000100340191589001	-1.54598465721363	0.712849182379625	-1.23230139131562	0.921034698058352	-6.95998062996745	9.89607240953303e-07	-2.13392568195666	0.310351931226006	-0.57660045269811	0.999918096269946	6.95998062996745	ovid12	9.89607240953303e-07	ovid12
ENSSSCG00000004646	-0.0510162232162112	0.999970279305184	-2.51549226395069	0.143398045282789	-1.21283955069127	0.675477972250616	-2.32505569308745	0.145587048212884	-1.01436237892227	0.834453607858678	-1.32811369501037	0.999963438149354	-1.03534838983775	0.942723498945728	0.689197617625379	0.957002702256458	1.36979625712186	0.602088603218392	1.04792152915017	0.719986454803738	5.99874535106422	1.84060300324961e-06	5.51284613252771	2.49828424073589e-05	0.326821001330771	0.999905160632868	0.847228433327677	0.99998075372639	0.614610980896292	0.999991240463336	0.895643378917129	0.999791955937091	1.27079780263364	0.999951635344029	1.06982030576684	0.999918096269946	5.99874535106422	ovary15	1.84060300324961e-06	ovary15
ENSSSCG00000004676	-1.12776053731521	0.999970279305184	-1.0828806493031	0.978882066275364	-2.49832919627398	0.0935109103915782	-1.10426951668195	0.692965063537183	-0.87963799363015	0.898976379587449	-0.102935205134746	0.999963438149354	2.13171864076981	0.186097284124783	4.72781621941968	0.000128308998496403	5.52471592443958	7.62870007577242e-06	6.49147454992722	1.63326589512683e-07	1.766330948562	0.255696629766531	0.147343140324053	0.999898616998068	-0.286654429560141	0.999905160632868	0.0522504005446768	0.99998075372639	1.56271567152878	0.700285097386032	0.591013610616627	0.999791955937091	1.39812302468242	0.999951635344029	0.631634960254244	0.999918096269946	6.49147454992722	ovary12	1.63326589512683e-07	ovary12
ENSSSCG00000004678	0.613999975030509	0.999970279305184	-0.487095794828074	0.999982221946195	-0.832522293116923	0.901163177965241	-0.672032794827523	0.889032860560643	-0.488247714932442	0.999107661984216	-0.0493355847438435	0.999963438149354	2.32489807826278	0.12281772803967	5.0388257484202	4.38126877258462e-05	6.23372393604162	6.80841773642087e-07	7.26713465014684	8.39945555353415e-09	1.47520551717119	0.408529373637917	2.73302972175569	0.045125237215954	-1.37946554330959	0.918026179803183	-0.489207053127681	0.99998075372639	1.257654973258	0.923408954440992	0.612222370293418	0.999791955937091	0.662814782592589	0.999951635344029	-0.18017074824635	0.999918096269946	7.26713465014684	ovary12	8.39945555353415e-09	ovary12
ENSSSCG00000004679	-0.613405134724957	0.999970279305184	0.306981364441402	0.999982221946195	0.347093588994546	0.999890466505892	0.323670585151011	0.966414343847724	-0.904245898182793	0.866112778300655	-0.406785498325006	0.999963438149354	3.55859814524948	0.00492954551608484	4.00135566664862	0.00115940162725625	5.41565059093364	1.03344422547305e-05	7.03506821983351	1.93405518264968e-08	2.27353674577622	0.0853370996703524	1.17948767418008	0.774937656366128	-0.213634734353495	0.999905160632868	-0.165066654031955	0.99998075372639	0.237910639504334	0.999991240463336	-0.383818423852058	0.999791955937091	-0.258048039296354	0.999951635344029	-0.00856718318992424	0.999918096269946	7.03506821983351	ovary12	1.93405518264968e-08	ovary12
ENSSSCG00000004791	0.457879990664671	0.999970279305184	0.248985769065334	0.999982221946195	-0.271605561091444	0.999890466505892	-1.78901417440797	0.272007670665177	-2.21173644951251	0.140775126993712	-0.444178287911631	0.999963438149354	3.96496862513766	0.00171117545185213	4.7412763322288	0.000118462049142881	4.94425898050779	5.02275029308424e-05	5.77134210396965	1.7882977622745e-06	0.893939637680182	0.821734982106247	0.389337875558336	0.999898616998068	-0.695503597316562	0.999905160632868	-0.831206583947652	0.99998075372639	0.234716615025747	0.999991240463336	-0.389864434032256	0.999791955937091	0.469732458096329	0.999951635344029	-0.650404861936626	0.999918096269946	5.77134210396965	ovary12	1.7882977622745e-06	ovary12
ENSSSCG00000004803	0	0	0	0	0	0	0	0	0.545073787481651	0.999107661984216	0.886999106537618	0.999963438149354	0	0	0	0	0	0	0	0	0	0	0	0	-1.84833025318599	0.443150120351438	-8.01256520937871	9.76818245772762e-07	-7.01571642950971	4.03360259700112e-06	-6.95732713842802	3.93240360818932e-06	-2.85925470061857	0.0645036096580461	-0.327366355287938	0.999918096269946	8.01256520937871	ovid06	0	endo03
ENSSSCG00000004839	0.0958035059390768	0.999970279305184	-0.293613924691575	0.999982221946195	3.69337725177715	0.00670037119018464	7.68592093928272	9.9087647887058e-09	2.24824769035107	0.220943104127417	2.56064927409221	0.380002070656668	-4.13513526391544	0.0491790736810067	-7.38100637259576	0.00671109730234277	-2.90983281586386	0.164077265621219	-7.2810912535716	0.00567746944771426	-7.41638770312641	0.00339477342685718	-1.51929710743263	0.704833405889381	0.110439466095214	0.999905160632868	0.225521534475316	0.99998075372639	-1.3145545671981	0.999991240463336	-3.18782404712589	0.145291023002033	0.554598539925355	0.999951635344029	0.847022563138149	0.999918096269946	7.68592093928272	endo12	9.9087647887058e-09	endo12
ENSSSCG00000004874	0	0	0	0	0	0	0	0	0	0	0	0	3.33694272049698	0.103169107171737	8.2622951809488	3.06878243315338e-08	4.87953328462837	0.00192722654493584	3.70389012476078	0.0255022298326524	0	0	0	0	2.77880796692029	0.268100390739589	2.9283264538115	0.223271893483414	3.29358732932163	0.0975670197986098	3.30953707073648	0.0741558258975537	0	0	0	0	8.2622951809488	ovary06	0	endo03
ENSSSCG00000004890	4.7104759876163	0.0138307696206887	0	0	0	0	0	0	0	0	2.91092585080718	0.612600664960451	0.139078198156082	0.999746826372654	-0.470584751482538	0.990875860976357	0.609779778147161	0.926376989979084	-1.05101910102149	0.698745251915701	8.31259626651802	2.24720740656407e-10	-0.285476545279698	0.999898616998068	0	0	0	0	0	0	0	0	9.8142545329879	1.70411072644298e-05	0	0	9.8142545329879	ovid15	0	endo06
ENSSSCG00000004937	-0.709585134182901	0.999970279305184	-0.299795419267069	0.999982221946195	0.260284017204914	0.999890466505892	-0.746521333261346	0.862284220534027	-1.3905204819593	0.566701078910412	-0.415265665732973	0.999963438149354	-0.282742168993874	0.999746826372654	-1.79452848520808	0.272396588354581	-2.44564831610432	0.0699420526827295	-2.74483661920649	0.0225493153770696	-3.57049179344445	0.00257873436985048	-5.23346318740303	3.42435639990594e-05	0.565248925056693	0.999905160632868	0.633112218547471	0.99998075372639	0.610384394591413	0.999991240463336	0.104873004796063	0.999791955937091	-0.528800620910787	0.999951635344029	-0.178601378353804	0.999918096269946	5.23346318740303	ovary18	3.42435639990594e-05	ovary18
ENSSSCG00000005063	0	0	0	0	0	0	0	0	0	0	0	0	-4.2795518015116	0.00421505327109195	-3.7012918524459	0.0105732293107913	-9.27160114967704	5.00556693749075e-05	-9.3064873309996	2.41122879935384e-05	-3.77535307553145	0.00556256734204088	-1.47575563590614	0.605632180870542	0	0	0	0	0	0	0	0	0	0	0	0	9.3064873309996	ovary12	0	endo03
ENSSSCG00000005106	1.78486369079169	0.797554564256629	3.36789951827997	0.0094089963734292	3.01186365155908	0.0184591213575785	2.67872295406885	0.0444442542487131	0.553569676653868	0.999107661984216	-0.926558873398973	0.999963438149354	2.05601352165661	0.207189586381438	6.17656376783908	7.52817946981771e-07	5.69834682319192	4.10298890959457e-06	2.46485997746973	0.0474354204923962	1.87478793650399	0.202734740015937	0.528588671414113	0.999898616998068	0.0112885590455953	0.999905160632868	-0.655950096970006	0.99998075372639	-1.25722342910405	0.891151867599527	-1.84314108261747	0.316015444057968	-0.646367914970384	0.999951635344029	-0.683436614308276	0.999918096269946	6.17656376783908	ovary06	7.52817946981771e-07	ovary06
ENSSSCG00000005130	0	0	0	0	0	0	7.2090869370494	0.00682213074340223	9.45866351873146	1.89056460711607e-05	0	0	-2.05215901800584	0.241027485292788	-2.23690123500926	0.143805966907366	-5.67108896591422	0.000165158781560261	-2.57070992018322	0.0522100417811652	-1.95038393435701	0.198577041343463	-0.717947106666291	0.999898616998068	0	0	0.0738158807816614	0.99998075372639	0	0	0	0	1.96025214936751	0.656141291954424	0.29476182315886	0.999918096269946	9.45866351873146	endo15	0	endo03
ENSSSCG00000005136	1.19404016056062	0.999970279305184	3.65581169183586	0.00494839565250165	5.11710476238727	3.33948230832436e-05	3.48089737810668	0.00665915229109909	3.55455924165938	0.00606340058956148	2.59920951327001	0.227901045237665	-2.20437365943305	0.155433147864828	-2.30402222732341	0.106326838067059	-4.10933418943525	0.00111627807707576	-3.81855174503592	0.00148329979567957	-2.80576083267419	0.0231566384253831	-3.64574583620716	0.00403243988421206	0.391055294680917	0.999905160632868	-0.759078356003714	0.99998075372639	-0.764532231332807	0.999991240463336	0.732446389584794	0.999791955937091	0.510080397045578	0.999951635344029	-0.56576099644445	0.999918096269946	5.11710476238727	endo09	3.33948230832436e-05	endo09
ENSSSCG00000005167	1.57011787029634	0.999970279305184	2.89607234031175	0.0707211098128892	3.7182268785133	0.00624732629249834	2.12676593199505	0.236977409479728	1.00960553171521	0.900686539222679	0.569360321284357	0.999963438149354	-7.56773944419358	0.00482433368643018	-3.38951504664901	0.0753667604724189	-7.42966052322631	0.0075727181070802	-7.46440230859401	0.00383937845944041	-7.59979847210807	0.00219715509170354	-0.905201773035827	0.999898616998068	5.88299236995417	2.46082737349802e-05	4.9360205272345	0.000580973514337779	3.88822356206515	0.01034994688353	1.29929153081396	0.909190011887222	3.47543938764782	0.0360243777094708	2.06989970501911	0.999918096269946	7.59979847210807	ovary15	2.46082737349802e-05	ovid03
ENSSSCG00000005203	0.116239954721851	0.999970279305184	-1.90456423488282	0.322461218984378	-1.42174774635609	0.480125429821657	-2.31275287132544	0.100119481357569	0.958961046198746	0.837416199658583	0.522947407437839	0.999963438149354	-5.43748997588471	1.23466825614469e-05	-5.52204676767553	6.91786870328485e-06	-6.68542869108448	1.09582813554474e-07	-4.31904710658811	0.000209090888010194	-6.0711045727966	6.09579252008348e-07	-6.30067455698838	7.85345866373737e-07	-0.86680481476591	0.999905160632868	-1.58317664862161	0.678543334853196	-1.05714358704252	0.999991240463336	-2.11482175994347	0.198831960508832	0.219068380960993	0.999951635344029	-0.375095868284209	0.999918096269946	6.68542869108448	ovary09	1.09582813554474e-07	ovary09
ENSSSCG00000005216	1.07751791941758	0.999970279305184	0	0	0	0	0	0	2.82684710109581	0.109695970747747	0	0	7.51092025709664	1.10451113556904e-08	6.81199677133887	8.94115809743026e-08	6.5421829029287	2.06633188091575e-07	8.93638657265775	1.76022738215992e-11	8.31434931014427	2.06552748373912e-10	1.69101357879749	0.409432605607246	3.07890634863341	0.0429708255383362	3.35097792321378	0.0241873781154831	3.48260558613987	0.0145756273405007	4.96234971062961	0.000154560866325836	7.10587259613797	1.72034884460432e-07	-0.213896864424895	0.999918096269946	8.93638657265775	ovary12	0	endo06
ENSSSCG00000005222	0.485603661105854	0.999970279305184	0.25890254644096	0.999982221946195	-2.60656877099512	0.0654229005043571	-0.791578606448416	0.841880290195138	1.02302918727923	0.80370041454671	0.831309476840608	0.999963438149354	2.90809396509289	0.0494397698629862	2.8525694564472	0.0467266551229808	3.66476251963037	0.00578582836237906	6.22007934496433	8.36470678831062e-07	7.51558643304628	7.86443980591033e-09	2.86190549021342	0.0537427133477642	1.18105397726966	0.999905160632868	1.95236915263484	0.388525708848268	1.77984274072053	0.465573634061636	2.0234020731138	0.234437024737662	-0.860490437283155	0.999951635344029	0.590191550972289	0.999918096269946	7.51558643304628	ovary15	7.86443980591033e-09	ovary15
ENSSSCG00000005236	0	0	9.33631435034389	2.02707159400341e-05	9.09938730491415	2.80911260419558e-05	8.02428331210391	0.000788717253115203	8.18148173588778	0.000755175930796966	0	0	0	0	0	0	0	0	0	0	0	0	0	0	0	0	0	0	0	0	0	0	0	0	0	0	9.33631435034389	endo06	0	endo03
ENSSSCG00000005474	-4.51784399696466	0.00124040483045379	-2.3631376657151	0.127453746204376	-0.369964509036507	0.999890466505892	5.89773217000347	1.5514183657371e-06	0.57754313895314	0.994528661700009	-1.41571329123918	0.999963438149354	-0.524095265361138	0.999746826372654	-3.38993309918881	0.0150828386331728	-1.02685618359546	0.73374837163422	-3.6758312365078	0.00543612180062585	-9.8569330777607	2.32944276037164e-06	1.35722096761054	0.657059037239355	1.76671629971536	0.492569991728414	0.192648637739801	0.99998075372639	0.80245277794925	0.999991240463336	-0.813673146715608	0.999791955937091	0.341059513213798	0.999951635344029	-0.425053279194706	0.999918096269946	9.8569330777607	ovary15	1.5514183657371e-06	endo12
ENSSSCG00000005494	0.38588162614197	0.999970279305184	1.69835002312743	0.456748070974577	1.92728209534852	0.20903824274645	1.02726103883379	0.715147670726543	-0.22430210831316	0.999107661984216	0.366606640185626	0.999963438149354	-1.58129795712805	0.446986986763464	-1.92871592016974	0.217205726734174	-2.32355615815362	0.0946878686359337	-3.25726730089296	0.00600822794367355	6.18577621468244	3.82096052758172e-07	2.31542348581806	0.113856295772478	-2.53148221400039	0.109219078831184	-0.901073875832209	0.99998075372639	-0.625732818238224	0.999991240463336	-1.08517377073889	0.867994167966807	1.11337472143625	0.999951635344029	-0.556104836114081	0.999918096269946	6.18577621468244	ovary15	3.82096052758172e-07	ovary15
ENSSSCG00000005504	-1.4604877588851	0.999970279305184	0	0	0	0	-1.34426114109403	0.734695387287488	0	0	-0.361948184150319	0.999963438149354	0	0	0	0	0	0	0	0	0	0	0	0	-5.82317274122776	1.07085396413724e-05	-8.24214400221641	1.67479635467137e-08	-4.00954042908956	0.00203693518733391	-5.43421156215212	2.44088557499954e-05	-4.40558957106213	0.000868518876388054	-0.981093545427889	0.999918096269946	8.24214400221641	ovid06	0	endo06
ENSSSCG00000005638	0.637829097229171	0.999970279305184	-5.26447923966356	2.09502076118778e-05	-5.70298394288349	4.10748916951848e-06	-5.18266489543222	2.40022557697708e-05	-2.80017933888994	0.0354821644141892	0.00598007607374813	0.999963438149354	-0.322578784748155	0.999746826372654	0.00293329727993413	0.999667845803702	0.479590702270843	0.954310101025668	0.527254270541464	0.894521094264666	1.25947828942726	0.544336920960937	0.654564964319734	0.999898616998068	-1.17055779128139	0.999905160632868	2.74342675435648	0.0686295070908053	1.90124676095492	0.373961246648262	1.71622115106019	0.390458606641783	0.794150771633623	0.999951635344029	1.82386428834967	0.912583813400165	5.70298394288349	endo09	4.10748916951848e-06	endo09
ENSSSCG00000005742	-5.68843185503763	0.000493066164894173	-2.31040496910246	0.168715023286223	-2.77287767250176	0.0459589694362116	-6.13064104326113	3.80574741882034e-05	-10.3816225503701	1.14672426065939e-06	-5.48437355960394	0.000447455849291572	0	0	0	0	0	0	0	0	0	0	0	0	-1.26281016604231	0.953949398090217	-1.74119132087201	0.574952569196713	-1.88569995956905	0.415960407074479	-0.500602899408093	0.999791955937091	-0.287740206993123	0.999951635344029	-1.1578515806073	0.999918096269946	10.3816225503701	endo15	0	ovary03
ENSSSCG00000005756	-4.58748311501764	0.000885735168829864	-9.60297790204544	6.476700111653e-12	-9.2611705946306	1.48556100594527e-11	-2.97483613120578	0.0198537568193397	1.03735653667329	0.787062812087565	-0.0547733818283395	0.999963438149354	0	0	8.0052222323223	0.000939195299706827	0	0	0	0	0	0	0	0	-4.72428412748769	0.00571836011441893	-4.85599810497266	0.004187101846231	-8.78528664021476	0.000168082188791054	-8.75393485957122	0.000160206775599844	-3.35868029804379	0.0488146848186896	-0.72124639020509	0.999918096269946	9.60297790204544	endo06	0	ovary03
ENSSSCG00000005938	-0.765498845126882	0.999970279305184	1.14356753061678	0.906879456830697	2.079876639761	0.156968095373736	0.51337826972782	0.929137213681678	0.0549468174943932	0.999107661984216	-0.233569674819999	0.999963438149354	-7.2807640522631	1.0147034564918e-06	-6.3143090802607	5.55944931901802e-06	-11.313254367623	5.84799457902212e-08	-11.3481828393319	2.35792708692413e-08	-4.61112830074073	0.000210610813688157	-4.8959932367839	0.000201295767143963	-2.95876616313275	0.115919536910659	2.0321219080075	0.371616797927226	0.425194150261888	0.999991240463336	-1.30428892341993	0.784447127214981	0.994058391889589	0.999951635344029	-1.56757311554451	0.999918096269946	11.3481828393319	ovary12	2.35792708692413e-08	ovary12
ENSSSCG00000005979	-1.68807702744905	0.999970279305184	-1.34744741637043	0.803079354020901	-0.937566285868082	0.850302304998364	5.45256196751701	8.8377961070364e-06	0.896776635270251	0.883710013560229	-1.11808489276725	0.999963438149354	1.42374036972974	0.707208902918376	0.658237942218518	0.973871412568821	0	0	1.31715545498027	0.590958376898707	1.85700366468641	0.315448817751176	1.39971318564677	0.75284365834218	-1.61048983318238	0.621493780266192	-1.66249585659267	0.618361788363442	-1.82771429291777	0.442124931181784	-2.25785624606674	0.157295449044085	-2.51166469308081	0.143315151629213	-0.592552781385818	0.999918096269946	5.45256196751701	endo12	0	ovary09
ENSSSCG00000006051	-0.439413856791732	0.999970279305184	-1.94308985569337	0.636206088936241	-1.2117273748171	0.810470381415752	-1.18391794753467	0.766925710234501	0.0922245277581324	0.999107661984216	1.06122381634694	0.999963438149354	2.48536727115827	0.121085759287267	3.31107022832338	0.0138895642397623	3.29425080261491	0.0139086519438837	2.86014570703651	0.0271678601921471	7.33526361831157	1.39146264356149e-08	6.71242626172823	3.8661084442059e-07	0	0	0	0	0	0	0	0	1.30163239476326	0.999951635344029	0	0	7.33526361831157	ovary15	0	ovid03
ENSSSCG00000006106	1.64966377766087	0.999970279305184	7.12434979551707	3.21849108194511e-08	9.74824171911561	1.91447079491839e-12	5.77990185446146	3.54791200096167e-06	2.43565419835687	0.104936535825866	1.89321493703467	0.834475506448557	0	0	0	0	0	0	0	0	0	0	0	0	-3.57960926957929	0.0157663019935937	-3.0437287443694	0.0538077876868652	-3.94406830144113	0.00697845438994161	-5.81716413996189	0.000170210429859034	-9.95153237153795	5.43263198719186e-06	-1.07374132784743	0.999918096269946	9.95153237153795	ovid15	0	ovary03
ENSSSCG00000006116	0	0	0	0	0	0	0	0	0	0	1.29491597450813	0.999963438149354	3.41062211223144	0.0105909343410855	4.86173107101906	0.000118462049142881	5.26849317625566	2.56093047594495e-05	5.74727078786665	3.00002769181263e-06	0.667765908033571	0.965004585492388	-0.545544701726052	0.999898616998068	0.989956803270756	0.999905160632868	0.482093904888746	0.99998075372639	1.93586819407841	0.608579940916022	3.31291641103708	0.0361227667515676	1.98025224683993	0.7104010144839	0	0	5.74727078786665	ovary12	0	endo03
ENSSSCG00000006138	0.274024394303364	0.999970279305184	3.46550506596567	0.00664910597721871	3.21233434819613	0.0102111761358925	1.17733655283535	0.622153216923359	-1.36264063083886	0.559086869607352	-0.786964562874017	0.999963438149354	1.85589706634152	0.455434139103627	1.55641139617566	0.5757350288308	2.55170590184958	0.120119981988584	5.17954844258296	5.21798048492465e-05	5.59003351812604	1.34012765722434e-05	3.07585399880739	0.0440626568144811	0	0	0	0	0	0	0	0	7.05098260936516	0.0285004680144645	0	0	7.05098260936516	ovid15	0	ovid03
ENSSSCG00000006141	0	0	0	0	0	0	0	0	0	0	0	0	0	0	0	0	0	0	0	0	0	0	3.49113126330235	0.0717861604548233	-6.33182899795073	5.90575329943328e-06	-4.55144800095538	0.000627109822185141	-4.52714966133591	0.000646547068650319	-3.75994934722884	0.00374626608921857	-0.74207074165299	0.999951635344029	-1.01948422038669	0.999918096269946	6.33182899795073	ovid03	0	endo03
ENSSSCG00000006148	0	0	0	0	0	0	0	0	0	0	0	0	7.61981837940195	0.00303979070856551	9.22440241446454	2.18494327492643e-05	9.45518970208482	6.37839828022171e-06	7.13295998095398	0.00393420849397187	0	0	0	0	0	0	0	0	0	0	0	0	0	0	0	0	9.45518970208482	ovary09	0	endo03
ENSSSCG00000006149	0	0	0	0	0	0	0	0	0	0	0	0	0	0	0	0	0	0	0	0	0	0	0	0	-0.334911951648897	0.999905160632868	-3.68428051099549	0.0105787439992108	-4.80095377886523	0.000813520747199929	-10.3086752856437	1.08862615222196e-06	0.0773037425955213	0.999951635344029	-1.57766524598426	0.999918096269946	10.3086752856437	ovid12	0	endo03
ENSSSCG00000006233	1.62719500442294	0.999970279305184	5.59511388573628	6.93335297208693e-06	2.13747839968181	0.155919541246829	2.84732118943378	0.0333721810501823	3.4235122548532	0.00812553955466302	2.78214388735954	0.142665001991896	1.40824839439893	0.645882798589612	1.84339604186878	0.307472681217705	0.608141227601462	0.933917114179816	0.695290059560805	0.860546615315493	-0.763593778794539	0.948477021309768	-0.0744234997478425	0.999898616998068	-0.447690674908547	0.999905160632868	0.77159889742414	0.99998075372639	-0.0711283225931213	0.999991240463336	-0.692130191246102	0.999791955937091	-1.46173743867603	0.871880177858953	0.839297259513758	0.999918096269946	5.59511388573628	endo06	6.93335297208693e-06	endo06
ENSSSCG00000006238	-2.45572639936842	0.324282724689137	-4.10016358529119	0.00287039961656221	-0.994973688841843	0.801491357393715	1.54580346053776	0.40317836354879	2.79726005547184	0.0369526736737729	2.41289959599449	0.296378717657516	-3.00292489174514	0.181346630141267	-7.17086820942243	0.0104354671063213	-2.69982818751473	0.228170087305506	-7.07105099297805	0.00914980122560298	5.07149763758322	3.66523750652472e-05	5.46425816188313	2.39565057758532e-05	0	0	0	0	0	0	0	0	0	0	0	0	7.17086820942243	ovary06	0	ovid03
ENSSSCG00000006243	3.76572753607505	0.0172304153792593	5.23959348774481	4.11719449845676e-05	7.01476971219421	7.54327943009512e-08	8.26734121701508	8.32709568886214e-10	2.35040882713356	0.15125764665842	4.28755184868998	0.00368934145871456	-5.8723278104042	2.88815459392045e-06	-7.56701598682678	1.31411034833591e-08	-6.94747529209132	5.54928141810694e-08	-5.76656067698004	1.77943215958923e-06	-5.79769288680385	1.59859049203922e-06	-3.49218923420912	0.00514634942984258	3.29618538637895	0.0164671865410749	2.31623119632031	0.207561189355468	1.73684995014484	0.519187816101934	-2.23500192731764	0.226319628422306	-3.03772679572147	0.0786191771194692	-1.51244804572893	0.999918096269946	8.26734121701508	endo12	8.32709568886214e-10	endo12
ENSSSCG00000006264	0	0	0	0	0	0	0	0	0	0	0	0	0	0	0	0	0	0	0	0	0	0	0	0	-9.41635852183979	2.51786584017288e-05	-5.51195207049878	0.000616860653382956	-3.49482138609204	0.022847376963478	-4.41240175230838	0.00307119957130516	-3.60766886566158	0.020449618818755	-0.472854807710649	0.999918096269946	9.41635852183979	ovid03	0	endo03
ENSSSCG00000006316	0	0	0	0	0	0	0	0	0	0	0	0	-2.49127185047199	0.129755886348609	-2.5985467778354	0.09110477145784	-2.8730156503642	0.0553376228623875	-3.93580325553194	0.00499338244485347	-9.32577527748974	1.38334401672167e-05	-1.53895595594471	0.567481244587465	0	0	0	0	0	0	0	0	0	0	0	0	9.32577527748974	ovary15	0	endo03
ENSSSCG00000006464	0	0	0	0	0	0	0	0	0	0	0	0	-3.37205879073502	0.00837289933048928	-1.91123917180617	0.220644251890929	-3.67016704636591	0.00292505751795021	-6.6180387271393	1.63326589512683e-07	-2.54969807584	0.0428142577124629	-6.38769232121601	7.85345866373737e-07	0	0	0.990638300228709	0.99998075372639	0	0	0	0	0	0	0	0	6.6180387271393	ovary12	0	endo03
ENSSSCG00000006588	-2.08169174606189	0.999970279305184	0	0	0	0	-2.52438104617268	0.303280220420011	3.39255089609855	0.0134797072469321	2.1460989572108	0.679812692036173	0	0	0	0	0	0	0	0	9.83416736785217	3.36264480134922e-12	5.98051982242592	9.22465130621538e-06	0	0	0	0	0	0	0	0	0	0	0	0	9.83416736785217	ovary15	0	endo06
ENSSSCG00000006590	0	0	0	0	0	0	0	0	4.17891772889688	0.00560031413954439	2.71852250623239	0.494586882359197	0	0	0	0	1.33930979824859	0.705365192433053	4.56737684782718	0.000494834145732205	10.1894052801934	1.73336151762472e-12	5.80357459080072	2.363921757418e-05	0	0	0	0	0	0	0	0	0	0	0	0	10.1894052801934	ovary15	0	endo03
ENSSSCG00000006614	0.411310167169011	0.999970279305184	4.5509890304161	0.00023683672784081	5.32793657571933	1.40122557050611e-05	4.53529986278851	0.000208564769891414	-0.0550655362842084	0.999107661984216	-3.62892997925201	0.0394834159603436	0	0	0	0	0	0	0	0	0	0	0	0	-1.35337989556832	0.860119935198324	-2.0213071361669	0.345956805719349	-2.35918901276556	0.161209663731796	-0.175880583971562	0.999791955937091	-1.91565126944363	0.464440159697962	-1.9416461332665	0.809210995087106	5.32793657571933	endo09	0	ovary03
ENSSSCG00000006719	-0.996340045148865	0.999970279305184	0.607085805842541	0.999982221946195	2.65020377009828	0.0568792226427219	-0.367456142640964	0.964171504914569	-1.48086095333647	0.618799117653917	-0.835463489915093	0.999963438149354	4.29371868433063	0.000549017044138472	3.81466337004924	0.00193980289895064	3.67302265509392	0.00270725885914005	3.5029412265798	0.00274107561499759	1.25256307418228	0.545770750283382	-0.68598083564793	0.999898616998068	3.99963340013915	0.00202500434099817	5.02482447924884	7.84215656109352e-05	5.46170873856035	1.8526127995114e-05	3.36427259079615	0.00949881821509177	3.68444052302919	0.00611080638021249	-3.01421808700933	0.154242063982859	5.46170873856035	ovid09	1.8526127995114e-05	ovid09
ENSSSCG00000006791	-5.92737959755866	2.95121351058787e-05	-6.12512943777589	1.27006300990921e-06	-6.09921313788175	1.22847560209138e-06	-5.33631985869521	1.52711550908061e-05	-5.34807729581113	2.54133207579668e-05	-3.20874378109188	0.0394834159603436	-0.441872348609248	0.999746826372654	-1.60363658291389	0.364344775912253	-3.90826082797818	0.00135513087063225	-5.85305904783629	1.31475936867257e-06	-4.62636046790475	8.8186013011446e-05	-3.94306292122726	0.00145101526043021	-3.54818286407838	0.00721953355763361	-5.88690717762888	3.87108217424055e-06	-4.98602876335087	7.85964611593615e-05	-4.32500422690722	0.000528705320318851	-5.03849333383787	9.46344421571615e-05	-1.30673636367761	0.999918096269946	6.12512943777589	endo06	1.22847560209138e-06	endo09
ENSSSCG00000006792	0	0	0	0	0	0	0	0	0	0	0	0	0	0	0	0	0	0	0	0	0	0	0	0	-3.59114176920108	0.0110219357541355	-4.00410717227222	0.00434763418482401	-10.6598940910082	3.94977155541124e-07	-3.6653453065673	0.00702301452719978	-5.01559480449398	0.000479105793548038	-0.533959874770994	0.999918096269946	10.6598940910082	ovid09	0	endo03
ENSSSCG00000006796	-0.561291149866999	0.999970279305184	-7.24541576785203	0.00960276061767954	-2.9886254588931	0.149217473721071	-2.00133032802305	0.404785747553642	-0.344978880075699	0.999107661984216	-0.645367351899646	0.999963438149354	0	0	0	0	0	0	0	0	8.34327313390783	0.000221161145885708	9.45696952727908	2.17692441379011e-05	-0.572558065763616	0.999905160632868	-1.66454682832858	0.719439114944704	-2.35791882572535	0.265644332166659	0.703376740254331	0.999791955937091	-0.216569047757756	0.999951635344029	-0.738920486403643	0.999918096269946	9.45696952727908	ovary18	0	ovary03
ENSSSCG00000006802	1.27153299002607	0.999970279305184	0.148122531070122	0.999982221946195	0.309589620863923	0.999890466505892	-0.240599488927776	0.986150609622786	0.436457249047583	0.999107661984216	0.341082085197278	0.999963438149354	0.74797423571001	0.999746826372654	0	0	1.71564456203508	0.460413296903384	0.715326209343018	0.883355641444216	5.79985068197184	6.49114386684927e-06	3.69944334258578	0.00841094456481405	0	0	0	0	0	0	0	0	0	0	7.24598921822731	0.0517333133997592	7.24598921822731	ovid18	0	ovary06
ENSSSCG00000006836	-3.21133632211286	0.0407403560178316	-2.31205829214919	0.141589798569546	-1.06240965506802	0.736257045069767	1.13303791964337	0.647960157535934	2.96651435061772	0.0224451865705841	-0.843102160992493	0.999963438149354	2.17743877425295	0.181346630141267	5.88915887480344	2.5350907897222e-06	6.83951515655275	8.37444761180453e-08	8.46386283055308	1.45248943573836e-10	5.41120040402065	7.8321775863884e-06	0.418912676970086	0.999898616998068	-2.33305739054018	0.169734399795854	-1.96427258419171	0.373098386692778	-1.01184594552944	0.999991240463336	-3.13990157642098	0.0167013772032233	-1.29373931448208	0.999951635344029	-1.00105765342489	0.999918096269946	8.46386283055308	ovary12	1.45248943573836e-10	ovary12
ENSSSCG00000006858	-0.204793605535874	0.999970279305184	-0.722618837353348	0.999982221946195	-0.213842575994063	0.999890466505892	0.134993236588426	0.990891812137714	-0.307956046177373	0.999107661984216	0.616598153732972	0.999963438149354	1.92701734643302	0.275092209496368	5.44206123850854	1.11165656190649e-05	2.16012873383048	0.144446881853817	2.59958360267791	0.0372582598260993	-0.15777116289316	0.999560378701902	-0.211928581271623	0.999898616998068	-6.54138584704439	5.69098462472953e-06	-3.47021146775459	0.0129236799412888	-5.03426182590225	0.000181817675954794	-4.24361375697614	0.00114782662559359	-1.76993010800603	0.590278984428617	0.495434140896974	0.999918096269946	6.54138584704439	ovid03	5.69098462472953e-06	ovid03
ENSSSCG00000007079	0.115961721173097	0.999970279305184	-5.43952271833298	7.72103256064113e-05	-4.61267465871208	0.00053719541672713	-6.52428622945459	9.43426747720043e-06	-4.38878123821383	0.00114685724019807	-1.58184632337555	0.999963438149354	0.417291246143849	0.999746826372654	-0.0889439584049926	0.999667845803702	0.11808196693174	0.996127708742097	0.290737744707608	0.95936557606757	0.579711667494569	0.978113473066026	0.0159974799663144	0.999898616998068	-0.682566108442052	0.999905160632868	0.408110624107198	0.99998075372639	0.991834984827702	0.999991240463336	-1.13558704641699	0.862412625162938	-0.20989254125077	0.999951635344029	0.375586916502112	0.999918096269946	6.52428622945459	endo12	9.43426747720043e-06	endo12
ENSSSCG00000007083	0	0	0	0	0	0	0	0	0	0	0	0	0	0	0	0	0	0	0	0	0	0	0.911506168594014	0.999898616998068	6.89079705847694	2.11345710575256e-06	0	0	0	0	0	0	0	0	0	0	6.89079705847694	ovid03	0	endo03
ENSSSCG00000007130	0	0	1.26614479270732	0.999982221946195	0	0	0	0	0	0	0	0	-4.48120701867702	0.0221254524442641	-7.72707382655596	0.00282800431713796	-4.18602192885639	0.0326340790950897	-3.33564525243642	0.0538338263617132	-7.76250014547346	0.00147563313181442	-2.0549148952284	0.381768893450625	-4.85708385137766	0.000296865698134999	-6.19635063574401	7.70780091063017e-06	-8.54657321506194	1.39115987095252e-07	-4.48487869796479	0.000594940820421785	-4.37069493429629	0.00129415139260441	-1.61084392274014	0.999918096269946	8.54657321506194	ovid09	0	endo03
ENSSSCG00000007164	5.29432348893656	0.0025949642349797	4.55438403351182	0.00616117619929053	0	0	0	0	0	0	7.89501147734274	3.44675601635971e-07	0	0	0	0	0	0	0	0	0	0	0	0	5.19911314961986	0.0014880840596859	7.05268670354624	3.84106317194813e-06	3.29024011255111	0.154466688184217	0	0	0	0	0	0	7.89501147734274	endo18	0	endo09
ENSSSCG00000007221	0	0	0	0	0	0	0	0	0	0	0	0	-2.56591539744213	0.34684723048735	-2.55899005263933	0.29687333396455	0	0	0	0	0	0	0.285473013942208	0.999898616998068	13.3368333581193	8.43273301049504e-11	9.46874109034351	3.72017382283449e-05	0	0	0	0	0	0	0	0	13.3368333581193	ovid03	0	endo03
ENSSSCG00000007224	0	0	0	0	0	0	0	0	0	0	0	0	0	0	0	0	0	0	0	0	0	0	0	0	5.73683950470296	0.000287910946729268	7.4837281622601	9.7739918086504e-07	5.94955707044732	0.000136708568440861	6.07543149878779	7.78580802947684e-05	3.11634281230655	0.256596274202857	4.50858994500913	0.0421534630044044	7.4837281622601	ovid06	0	endo03
ENSSSCG00000007391	-3.45569850725028	0.0301209868510989	-5.47307921719205	3.28829386887663e-05	-4.40219132448986	0.000556733342264971	-3.4661337033356	0.00739873761727894	-2.94666491061276	0.0292411677532371	-0.481046572123928	0.999963438149354	-3.58256718834399	0.00839295228457656	-3.3961756338283	0.0111218262467738	-0.845856242562615	0.818601756821996	-2.26518730594467	0.0910437001609092	-3.74869044957017	0.00291517050955712	-1.14631348848362	0.808524743536254	-1.73226884910886	0.547382438822019	0.468404522976086	0.99998075372639	0.527282290801306	0.999991240463336	-0.649861842760035	0.999791955937091	0.110983955041088	0.999951635344029	1.7207239575757	0.999918096269946	5.47307921719205	endo06	3.28829386887663e-05	endo06
ENSSSCG00000007436	-1.41390175314992	0.999970279305184	-5.46586531235799	3.85490297548215e-05	-6.28329677073568	5.19984552629781e-06	-5.10830250591538	9.3506513326149e-05	-2.35062600159792	0.113663494769914	-0.570179710908885	0.999963438149354	-2.78495266218021	0.0715480699350304	-3.03807234021537	0.0351875079070366	-3.46113953261115	0.0175052859122249	-4.11506356952061	0.00323494715219611	4.81345982131643	5.35517688417826e-05	3.62976767978051	0.00394343836168044	-0.301122225145712	0.999905160632868	-0.966161864097439	0.99998075372639	-1.63049390943642	0.630033039073324	-2.10841928387461	0.250708405532312	-0.14820503036793	0.999951635344029	-1.07029598234025	0.999918096269946	6.28329677073568	endo09	5.19984552629781e-06	endo09
ENSSSCG00000007476	0.178189362649039	0.999970279305184	-1.71665974945042	0.746673187897477	-0.436607042898426	0.999890466505892	-1.84205667117625	0.487767540905896	-1.96244069482526	0.47403195881724	-1.17754825104072	0.999963438149354	-3.45842433453916	0.0128243934597501	-3.71154224403753	0.00682241675767714	-4.13453470790609	0.00298465751839592	-10.0425412504657	2.14741859656892e-06	-3.30541336141969	0.00994805745293393	-3.29331828454088	0.0157817777739703	-1.91817629072513	0.372899598787539	-3.34061013267574	0.0137848869724796	-3.65856332873614	0.00526540023337975	-4.42537358168534	0.00042651573800865	-0.668158513972191	0.999951635344029	-1.28517493234841	0.999918096269946	10.0425412504657	ovary12	2.14741859656892e-06	ovary12
ENSSSCG00000007485	-1.65943397211849	0.915657921053029	-3.49625842082041	0.00602404462004941	-5.37887258290626	1.05812664609625e-05	-5.49896727456302	6.82708509236363e-06	-2.80148061817286	0.0349053528349441	-1.65321649087701	0.999963438149354	-1.40677061933892	0.654441068095346	-0.0382779158522809	0.999667845803702	-1.25440623037326	0.640202753349153	-0.428244310817516	0.931746506753116	-1.72040849331682	0.340189996531785	-1.31816386458507	0.739142101755667	-0.945351032613229	0.999905160632868	-0.114777242706053	0.99998075372639	0.200752751329613	0.999991240463336	-1.29257833576098	0.703962631358999	-1.18239743046288	0.999951635344029	-0.0913432279904116	0.999918096269946	5.49896727456302	endo12	6.82708509236363e-06	endo12
ENSSSCG00000007486	-1.47354788108881	0.999970279305184	-4.53849545844336	0.000280801851247224	-6.09234640197267	2.1429515950663e-06	-2.90570676007418	0.0258517339568146	0.611695972917943	0.987843304816036	1.2702318509262	0.999963438149354	0	0	0	0	0	0	0	0	0	0	0	0	2.84231759938627	0.0822774565778063	4.84388003240473	0.000304105043883931	4.19509096354986	0.00203636253578806	2.77902507542496	0.0724756103602658	5.90788932081617	1.22296667362963e-05	2.25050466155351	0.646256726017258	6.09234640197267	endo09	0	ovary03
ENSSSCG00000007507	0	0	0	0	0	0	0	0	7.86079545402696	0.00178523477474824	14.6377007777673	2.75332453249549e-13	0	0	10.6634509189057	1.64428552982343e-07	10.595158180599	1.24731425295914e-07	11.6919234257274	1.70795674089991e-09	0	0	0	0	0	0	0.523372275725664	0.99998075372639	2.37190688063202	0.310220026639582	0	0	1.29859620218199	0.999951635344029	2.50625107261107	0.584555261516854	14.6377007777673	endo18	0	endo03
ENSSSCG00000007538	0	0	0	0	0	0	0	0	0	0	0	0	-9.14762349859837	6.37546785207336e-05	-4.96938728302866	0.00159576631908712	-5.60279304323656	0.0010443214735501	-5.680669519947	0.000475278563057316	-9.1797943255406	2.20780125386526e-05	-5.21634315906381	0.000915896224870442	0.997042254363122	0.999905160632868	0.62257563834369	0.99998075372639	-0.566964390856266	0.999991240463336	-0.0975978874089517	0.999791955937091	3.49642332799568	0.0201320206732962	-1.00788897198386	0.999918096269946	9.1797943255406	ovary15	0	endo03
ENSSSCG00000007578	7.14699353691178	0.0342907975507725	12.3070581558299	4.97162984131629e-10	11.841981603408	1.97411476922259e-09	10.6046205191543	2.01671960518489e-07	7.86079545402696	0.00178523477474824	0	0	0	0	0	0	0	0	0	0	0	0	0	0	2.90300567316447	0.306093180982559	0	0	0	0	2.73609574806484	0.294799085841898	0	0	0	0	12.3070581558299	endo06	0	endo18
ENSSSCG00000007603	0	0	0.504276317664451	0.999982221946195	1.6075414342767	0.50910319362916	-0.104835379305294	0.99417672871177	0	0	0	0	1.31932562360633	0.631675357394257	3.88497920284668	0.00158867789497278	3.28610248061632	0.0083774419929324	0.544083470431841	0.885874268355243	-0.468899076936956	0.999560378701902	-0.977997839819514	0.893741452851154	0.0523584114454679	0.999905160632868	0.072072974810653	0.99998075372639	-1.1327330325974	0.996627835668342	-5.64562714826841	1.43144583622525e-05	1.05751023276891	0.999951635344029	-0.608669309142007	0.999918096269946	5.64562714826841	ovid12	0	endo03
ENSSSCG00000007607	-0.382681264048152	0.999970279305184	-0.209786947081024	0.999982221946195	-1.46588517151142	0.531548368720004	-0.782042711991867	0.860063627558735	-1.99727709656026	0.295462016660917	-1.00701318912703	0.999963438149354	-2.24925325688553	0.154845172333325	-3.59004096395266	0.00670015943023835	-2.87211299243062	0.032200519511013	-10.7615524826456	1.952958773285e-07	-3.25200243897375	0.0090706364566123	-0.852715248592742	0.972626644408114	1.58906021720673	0.687636010727252	1.675681491841	0.654214607380629	0.879640906904049	0.999991240463336	1.42719177539099	0.652905159342826	0.573882955717218	0.999951635344029	-0.450010889570216	0.999918096269946	10.7615524826456	ovary12	1.952958773285e-07	ovary12
ENSSSCG00000007691	0	0	0	0	0	0	0	0	0	0	0	0	-3.69345543411275	0.0039492262163725	-2.75617089896086	0.0363884219269704	-4.67200657778124	0.000194670365482876	-6.20146038641502	1.62199224968732e-06	-3.42916618844939	0.00426304455523108	-1.40374053004065	0.608694820565606	0	0	0	0	0	0	0	0	0	0	0	0	6.20146038641502	ovary12	0	endo03
ENSSSCG00000007702	0	0	0	0	0	0	0	0	0	0	0	0	-3.79337486958161	0.00422208007431568	-3.0530063693408	0.0208379110158127	-5.04971547895495	0.000175046168205913	-6.66635749447693	3.89002546248221e-06	-3.38959177397034	0.00621043275407528	-1.51790748105574	0.534469059565621	0	0	0	0	0	0	0	0	0	0	0	0	6.66635749447693	ovary12	0	endo03
ENSSSCG00000007836	-1.39529146422418	0.999970279305184	-0.403636243539602	0.999982221946195	0.770715427435268	0.926170523692009	0.713084866035498	0.871962270807304	-2.43464105454816	0.0971117281827741	-0.566007500321016	0.999963438149354	0	0	0	0	0	0	0	0	0	0	-0.580688019872243	0.999898616998068	-9.62837316975514	1.36763578608347e-05	-1.49186158830595	0.813526059585588	-0.820370458442173	0.999991240463336	-5.02447564814224	0.000824862949119382	-2.25099614947198	0.304421598471745	-1.94366831829887	0.907686180037482	9.62837316975514	ovid03	0	ovary03
ENSSSCG00000007847	-0.429806276988978	0.999970279305184	-2.5257135524852	0.114441982138009	-5.93160421274423	7.50424672224585e-05	-10.0971992591029	1.84115610398907e-06	-5.06500762907047	0.000459252068317182	-2.77224713816009	0.176874691222346	0	0	0	0	0	0	0	0	0	0	0	0	0.891927616304196	0.999905160632868	1.18700358805065	0.99998075372639	0.851517443058735	0.999991240463336	1.28158588998019	0.719969240700904	0.0970588731632207	0.999951635344029	0.818211292114658	0.999918096269946	10.0971992591029	endo12	0	ovary03
ENSSSCG00000007848	-0.225959506460876	0.999970279305184	-2.61785126675624	0.078815626420562	-4.53164032987546	0.000482812389895868	-6.06125926234529	1.10173270596782e-05	-2.60678395025973	0.0657764625680102	-1.35352741536718	0.999963438149354	-0.559784412961931	0.999746826372654	0.105138282383324	0.999667845803702	-2.77327914172385	0.20539680295175	-2.85313472425166	0.137542146609898	-1.6126674749039	0.515235029472397	-0.80523222527224	0.999898616998068	1.78432613807827	0.493831963491628	2.59740040167488	0.111039796679954	2.80353381148273	0.0599027089987689	3.5757952169804	0.00581731014141803	2.38211774357537	0.19691304293344	1.31565942161888	0.999918096269946	6.06125926234529	endo12	1.10173270596782e-05	endo12
ENSSSCG00000007859	1.11998275138809	0.999970279305184	-3.839108536968	0.00938207004248232	-9.38721784509611	1.99616456673667e-05	-9.37411841681211	2.23287884462455e-05	-9.43209939039153	2.54811357167277e-05	-1.98801428241471	0.768291492639385	0	0	0	0	0	0	0	0	0	0	0	0	-1.22015811158986	0.981744591497438	-0.970148706922134	0.99998075372639	-0.500375428070782	0.999991240463336	-0.580999985018613	0.999791955937091	1.31193203702006	0.999951635344029	-0.957560866453879	0.999918096269946	9.43209939039153	endo15	0	ovary03
ENSSSCG00000007868	2.05116998706383	0.564862968746413	6.04919161178867	1.33225559219126e-06	5.1906847816999	2.34358098013684e-05	1.95475244363111	0.21821615327021	-0.801155080365963	0.942915948314727	1.86789449421851	0.813499194610787	0	0	2.13135545219588	0.419277793994169	0	0	0	0	0	0	0	0	-2.5951948055243	0.116895581985013	0.763253832536797	0.99998075372639	0.0958436302607345	0.999991240463336	-5.7118006956262	6.7188757325382e-05	-2.60475020091365	0.124635682761999	-1.95079051770299	0.845352177692105	6.04919161178867	endo06	0	ovary03
ENSSSCG00000007978	3.7838178344297	0.0127074974020656	-0.0263068254209313	0.999982221946195	2.4838888104515	0.0836359890453204	4.52119812068391	0.000296831487477857	1.16215491572696	0.754168848786089	3.2672228509885	0.0450978467932864	6.01932160666783	3.05777582875997e-06	-0.88285768650718	0.910692599270208	0.995483900346865	0.783090134241449	1.91081156900914	0.214253340914978	1.81478706994419	0.276872464177685	-0.0744034871823052	0.999898616998068	2.12009217066079	0.439098976028794	2.05925854985218	0.518966571795963	2.46772905309804	0.243969722011792	3.01172134411954	0.0601209544311778	0	0	0.430632468798882	0.999918096269946	6.01932160666783	ovary03	0	ovid15
ENSSSCG00000007995	1.48223515299946	0.999970279305184	1.74574758019542	0.425996923028981	1.26832385793168	0.588529249124232	1.62255205353564	0.354328464410797	0.270571106643966	0.999107661984216	0.0550758481223967	0.999963438149354	6.93644456540523	6.02497339214179e-08	3.86058242691716	0.00176079767808635	4.45011679477575	0.000246338624472365	6.67459982089526	7.46910225660115e-08	0.0020351052699074	0.999922725591019	0.133985446505739	0.999898616998068	0.378292003195632	0.999905160632868	-0.0126153062540053	0.99998075372639	0.317571931304438	0.999991240463336	0.745508538784794	0.999791955937091	0.179738320393345	0.999951635344029	-0.439144956026871	0.999918096269946	6.93644456540523	ovary03	6.02497339214179e-08	ovary03
ENSSSCG00000008054	0.547963516971255	0.999970279305184	0.751614355910205	0.999982221946195	0.981401160649211	0.829659290541191	1.84666976611103	0.278755186001364	-1.56043912787045	0.546388242292465	-1.53491400412499	0.999963438149354	-2.39511861986588	0.132815859482914	-2.26308093443341	0.141017653748497	-1.63724161836078	0.383701989322562	-9.84734395198992	3.99025267950765e-06	-4.31627384587682	0.00121741463220714	-1.06241492258974	0.870751271814228	0.151476964492133	0.999905160632868	-0.816705610804372	0.99998075372639	-0.616558452379259	0.999991240463336	-2.28271633450286	0.218207437672436	0.320505153041745	0.999951635344029	-0.103717339568791	0.999918096269946	9.84734395198992	ovary12	3.99025267950765e-06	ovary12
ENSSSCG00000008090	-1.8206085115814	0.833574330769747	-2.61219278612244	0.10039285727305	-3.18094559631688	0.0219679043304097	1.43869356375446	0.471073771646304	1.64970825683522	0.387622687723498	2.08997089698158	0.5715240364785	0.489993257856362	0.999746826372654	1.04607185215894	0.827584684392583	1.88819226749447	0.325720221063434	1.50782257185759	0.463520203599608	5.26310705912296	2.65196215556674e-05	2.63174745841197	0.0979760162459006	-2.87869953961874	0.186416028228774	-1.14043621495942	0.99998075372639	-0.210291986301507	0.999991240463336	0.137858279759097	0.999791955937091	-0.0353989061893928	0.999951635344029	-1.01648890328257	0.999918096269946	5.26310705912296	ovary15	2.65196215556674e-05	ovary15
ENSSSCG00000008134	-2.15118139423489	0.48820129578325	-0.583627575308974	0.999982221946195	-2.03920180735516	0.182666614436001	-2.21875096532149	0.132905618258082	1.72420669522667	0.34171961448316	-0.414494961244027	0.999963438149354	-4.64376646935331	0.000411399503229496	-2.21892862660867	0.130225194624683	-2.94522503623425	0.0239649423745276	-6.38529221854605	2.43557507479109e-06	-3.07469648332201	0.0119488107085586	-2.42397087640462	0.0975490528516661	-1.23501469005937	0.999905160632868	-1.08220652748099	0.99998075372639	-0.312803055338445	0.999991240463336	-1.65298331769425	0.530971564462136	-0.453762677446745	0.999951635344029	0.379018978022741	0.999918096269946	6.38529221854605	ovary12	2.43557507479109e-06	ovary12
ENSSSCG00000008155	0.931918889014679	0.999970279305184	2.82877122074195	0.0453718208723734	3.84245125796267	0.00204689104191703	5.21869396625847	2.25312722543639e-05	2.92656213202611	0.0302512666622458	0.596336604269061	0.999963438149354	0	0	0	0	0	0	0	0	0	0	0	0	0	0	0	0	0	0	0	0	0	0	0	0	5.21869396625847	endo12	0	ovary03
ENSSSCG00000008259	0.855498668894937	0.999970279305184	-0.145186244225368	0.999982221946195	0.186778763404602	0.999890466505892	4.11210587514218	0.00102666628615313	3.97075505357941	0.00196222613325167	0.249816993419327	0.999963438149354	4.25898036232721	0.0017699761570289	3.16289426040623	0.0261601220332052	3.51992672252587	0.0105480730965543	5.41469961719483	1.91264950089941e-05	0.77525929108368	0.951845147275273	1.29330385514915	0.82304466431117	0	0	-0.244041274865101	0.99998075372639	0	0	0	0	-0.58629755364793	0.999951635344029	0.237284004682109	0.999918096269946	5.41469961719483	ovary12	0	ovid03
ENSSSCG00000008294	-2.65160062183207	0.168629706298291	-3.12873091631376	0.0173997249560219	-2.90395607447792	0.0234856017491072	-1.42816460451318	0.466611935980143	-0.274333709925624	0.999107661984216	-1.43491693160954	0.999963438149354	-3.63499230426811	0.00384334766189704	-5.11210927966123	3.01596056507031e-05	-4.44920480522547	0.000242115973452501	-5.66591677488933	2.46410423869852e-06	-2.81498984119481	0.0203239055845905	-3.84233436018108	0.00194060251055637	-1.0001658327218	0.999905160632868	-4.18686960831123	0.0011417192026578	-5.56678061482936	1.25537146168515e-05	-4.67529196211667	0.000177695970630894	-1.15471293146645	0.999951635344029	-1.12460531754494	0.999918096269946	5.66591677488933	ovary12	2.46410423869852e-06	ovary12
ENSSSCG00000008348	-0.0619178506774915	0.999970279305184	-2.11556540584531	0.265460975408497	-1.84636735120975	0.286125121229352	-0.459301842582382	0.945111573063367	-0.893176009072214	0.887847948307756	-0.37823322869116	0.999963438149354	0.419207552277727	0.999746826372654	1.5286234703897	0.430434063920339	1.67695322203471	0.334853154704728	1.10385224696213	0.611953409076066	5.00295183354313	2.69342656737449e-05	3.02853482099639	0.0205658224447227	-0.611946323140225	0.999905160632868	-0.708005929091531	0.99998075372639	-0.581617663057632	0.999991240463336	0.159340792645322	0.999791955937091	0.480349604804763	0.999951635344029	0.551348652050071	0.999918096269946	5.00295183354313	ovary15	2.69342656737449e-05	ovary15
ENSSSCG00000008429	-0.466322367097174	0.999970279305184	-0.516377463703734	0.999982221946195	-0.769417855793834	0.922006700517752	-0.36350940481453	0.958990770297797	0.491280606699784	0.999107661984216	0.21159687853152	0.999963438149354	-1.70427341592945	0.392075729770516	1.3978525768653	0.510783485460212	0.957494608123435	0.754369351615107	-2.22538451880904	0.0984347576558453	6.83869846695246	3.67160976631624e-08	-0.360434304216117	0.999898616998068	0.174937169073481	0.999905160632868	0.649503122163837	0.99998075372639	0.476954704431219	0.999991240463336	0.888330414731064	0.990728601987329	0.261633493152116	0.999951635344029	0.247036012767195	0.999918096269946	6.83869846695246	ovary15	3.67160976631624e-08	ovary15
ENSSSCG00000008449	0.59326850908778	0.999970279305184	5.96160336139095	2.01618852326227e-06	3.27981162636912	0.0102391240574967	0.845302900510839	0.826932725930786	2.25683989313252	0.143069908765793	1.89445738723583	0.793615422050789	0.695063166127296	0.999746826372654	0	0	1.20965147857062	0.729961591908721	1.22050575366003	0.658971802199742	1.77835420636747	0.368853662511099	0.556351826026223	0.999898616998068	1.33947546959092	0.999835698844968	1.01898895838687	0.99998075372639	0.773935120652345	0.999991240463336	2.06031827647188	0.314496866274645	0.891083019552923	0.999951635344029	-0.146971032526447	0.999918096269946	5.96160336139095	endo06	0	ovary06
ENSSSCG00000008522	0	0	10.6212970147514	8.31798657325447e-13	9.98612709177732	6.69973757901474e-12	3.63119932615071	0.0197609340425998	0	0	2.90415822229145	0.349922708952876	-3.03852486512831	0.0882557026800558	-8.16585342001694	0.000927066995340633	-8.03086625154873	0.00178074529114671	-8.06567628569841	0.00084695309855186	4.48349477796749	0.000193688582427638	-0.996239772043368	0.939869311461476	0	0	0	0	2.7702719435815	0.369815794166397	0	0	0	0	0	0	10.6212970147514	endo06	0	endo03
ENSSSCG00000008563	-0.481790234438816	0.999970279305184	0.603991883549744	0.999982221946195	-0.392523514516445	0.999890466505892	0.625002290029893	0.925763257562053	-0.318258882541474	0.999107661984216	1.62415602645852	0.999963438149354	9.16570751400439	1.61405835995147e-10	8.53909496824967	9.42257655370583e-10	9.37377226557711	3.58596382906034e-11	10.2279069204228	5.70433008060386e-13	5.91932259217159	2.38781773856408e-06	2.41142670953535	0.148365433415841	-0.28082323054723	0.999905160632868	0.448831099350256	0.99998075372639	0.57766502876595	0.999991240463336	-0.426681767222191	0.999791955937091	0.285141199965004	0.999951635344029	-0.351205927133319	0.999918096269946	10.2279069204228	ovary12	5.70433008060386e-13	ovary12
ENSSSCG00000008564	0	0	0	0	0	0	0	0	0	0	0	0	7.00705354972009	0.012341769100757	9.07266728096332	3.78710194980482e-05	8.79013297689841	5.43712038607729e-05	10.3358116759844	2.189320766443e-07	0	0	0	0	-0.00428835158923816	0.999905160632868	-0.618784884925098	0.99998075372639	-1.51278488542346	0.97605126786034	-2.16656380627322	0.504245336971413	-0.961076920587611	0.999951635344029	0	0	10.3358116759844	ovary12	0	endo03
ENSSSCG00000008607	-0.671372775808456	0.999970279305184	0.138296514878023	0.999982221946195	-0.392523514516445	0.999890466505892	-1.74584535755682	0.585386546238248	-0.485793989762193	0.999107661984216	-1.08667333402378	0.999963438149354	0	0	4.87150817111964	0.00214063828272204	3.39370543971274	0.075150777726283	5.41497019610249	0.000219749934135136	8.16444446785371	1.99797145035971e-08	0	0	0	0	0	0	0	0	0	0	3.29969733046903	0.181280512014552	0	0	8.16444446785371	ovary15	0	ovary03
ENSSSCG00000008618	-2.68533635400682	0.172217589232252	-5.16105521484031	6.9554257091955e-05	-5.12296227656621	7.50424672224585e-05	-3.80838762845064	0.00286826416559227	-7.60738457309862	4.19710905594273e-07	-6.84212723928084	3.23239560862599e-06	-0.625074068721343	0.999746826372654	-0.259237460988465	0.999667845803702	0.229863841715497	0.989444930276669	-1.30193579695286	0.495031338930567	-1.40770490663701	0.469478086242629	-0.588865932498527	0.999898616998068	1.80051967905184	0.587451657369451	2.34551976145535	0.268887188366862	0.9349614553801	0.999991240463336	2.75589574186094	0.0783595380558424	1.46722216863977	0.999951635344029	1.16255254298637	0.999918096269946	7.60738457309862	endo15	4.19710905594273e-07	endo15
ENSSSCG00000008634	-0.918120674999314	0.999970279305184	-0.768970197817352	0.999982221946195	2.7009374436982	0.0417089103011656	6.53509375173746	2.41316940856729e-07	5.30621629739002	2.56238231652551e-05	3.60850801318368	0.0147736791080975	-0.948610119923229	0.989498175335034	0	0	0	0	0	0	0	0	-0.71661298068863	0.999898616998068	-1.22120542302465	0.980704780886914	-0.670602982665699	0.99998075372639	-0.582358203859147	0.999991240463336	-0.246021382934486	0.999791955937091	-0.856931937223908	0.999951635344029	-0.446709819979269	0.999918096269946	6.53509375173746	endo12	0	ovary06
ENSSSCG00000008741	0.294602479769933	0.999970279305184	0.197040977530876	0.999982221946195	1.31477551173556	0.569693592849734	0.519911174277242	0.929321667214328	-2.1139612871593	0.21905028372193	0.33269591026578	0.999963438149354	-7.24771116728415	0.00999743135401692	-3.06949118008971	0.134818793298297	-7.10982292358204	0.0144998365953533	-2.85313472425166	0.137542146609898	0.241002602526049	0.999560378701902	-1.38258742525463	0.793521717721321	-5.4117701974351	2.46082737349802e-05	-3.55941220722755	0.00775044558028595	-4.70763331947801	0.000214468052466106	-6.1947781584233	1.43351884167423e-06	-3.01349251403351	0.0359568169120689	-0.27032893570478	0.999918096269946	7.24771116728415	ovary03	1.43351884167423e-06	ovid12
ENSSSCG00000008758	-1.05389224680297	0.999970279305184	-1.65110575292741	0.487645808540422	-3.41607994911257	0.00579243870178577	-5.90045907967432	1.58315591743148e-06	-6.96457073566303	7.64539285657924e-08	-2.0582158744574	0.579819800886913	-2.21112605925345	0.157696940344185	-1.57244596551147	0.398644525104617	-1.05099797050191	0.702239022766069	-1.32593867309543	0.463520203599608	-2.8990924057429	0.0194203239836791	-2.42281906834578	0.0982084208263777	-2.39566940294914	0.147246172384009	-1.73020962561554	0.542287159859361	-1.62416600145913	0.568518326612046	-1.96215038825814	0.256333707232691	-1.40869755253992	0.906100691285668	-0.676835258018232	0.999918096269946	6.96457073566303	endo15	7.64539285657924e-08	endo15
ENSSSCG00000008769	-1.73417953838674	0.999970279305184	-2.38410215501774	0.240512842152089	-3.20174186795122	0.0500833654289388	-2.19442184913353	0.228441075849344	-1.86243106518964	0.383733788700818	-2.51019541639348	0.472636034095106	0	0	0	0	0	0	0.398451839527176	0.950489774008534	6.36085290456912	7.19198833375834e-07	6.31899842900984	2.09576772275223e-06	0	0	0	0	0	0	0.220234895914427	0.999791955937091	0	0	0	0	6.36085290456912	ovary15	0	ovary03
ENSSSCG00000008824	0	0	0	0	0	0	0	0	0	0	0	0	-3.84543513633565	0.00391308369597868	-4.24984099018849	0.00124350999853612	-5.50573318577181	7.29377712303487e-05	-10.8410466698259	1.53874342676734e-07	-4.0052561711884	0.00136562130182454	-1.72615833972443	0.397266836852489	0	0	0	0	0	0	0	0	0	0	0	0	10.8410466698259	ovary12	0	endo03
ENSSSCG00000008830	1.12101663592425	0.999970279305184	4.67421833779752	0.000137998504554396	5.09345362279566	2.70431168942807e-05	2.5757909699157	0.055348838009731	2.8928666309959	0.0285403738066738	0.340791329133901	0.999963438149354	0	0	0	0	0	0	0	0	0	0	0	0	0.239315510222814	0.999905160632868	2.24800367926022	0.268324662289592	1.35470407345235	0.876302035723125	0.251896338174254	0.999791955937091	-3.08767978868955	0.141604354668104	-1.86463148967974	0.999918096269946	5.09345362279566	endo09	0	ovary03
ENSSSCG00000008888	0.691404052808156	0.999970279305184	-0.442228059637593	0.999982221946195	-1.27678963026157	0.627310943031182	0.374816417150687	0.95871833411737	-0.0692293032413669	0.999107661984216	-0.679248219132907	0.999963438149354	-0.235673611398557	0.999746826372654	0.148431243483205	0.999667845803702	-1.08082025933401	0.673944297875364	-1.96605812589234	0.14405160081294	-5.60665323559984	3.02614696315503e-06	-4.56852924772984	0.00024525566259333	-0.268030124645169	0.999905160632868	0.367131014283781	0.99998075372639	0.0678153111099553	0.999991240463336	-1.65220742827809	0.467062939827946	-0.917550892547883	0.999951635344029	-0.503626283479625	0.999918096269946	5.60665323559984	ovary15	3.02614696315503e-06	ovary15
ENSSSCG00000008889	0.38170063589614	0.999970279305184	0	0	0	0	0	0	0	0	0	0	-1.24015476429118	0.689649500296173	-0.664022597075071	0.940172136099391	-2.44649178492216	0.0702236982386375	-4.89627969259157	4.55123223618206e-05	-8.51326273021271	1.13807639852289e-09	-7.39553019116743	5.19406319601376e-08	-2.64469065059635	0.3437726586716	0.0421584932260261	0.99998075372639	-0.326300087421988	0.999991240463336	-1.66246789724724	0.677630273080517	-1.42709778074754	0.999951635344029	-1.58792453597055	0.999918096269946	8.51326273021271	ovary15	0	endo06
ENSSSCG00000008926	-1.42038631806821	0.999970279305184	-2.73451441296365	0.0813121891836506	0.373037015091211	0.999890466505892	-9.66617033417346	8.29529537868262e-06	-0.445802396107582	0.999107661984216	2.10767840866701	0.557343505287913	-4.10717944919284	0.0171934014365914	-4.10023337455616	0.0152203313340523	-3.80354327730508	0.0270741456095569	-8.17490671832739	0.000630969016891289	-3.21436319934798	0.0372529518333219	0.267316982431292	0.999898616998068	0	0	0	0	0	0	0	0	0	0	1.22976913138056	0.999918096269946	9.66617033417346	endo12	0	ovid03
ENSSSCG00000008930	0	0	0	0	0	0	0	0	0	0	0	0	0	0	0	0	0	0	0	0	12.5131002981013	1.53533798306929e-10	8.72137180644406	0.000207476997663342	0	0	4.32048637033177	0.0164069567592311	3.40987622737708	0.123064085086951	0	0	0	0	0	0	12.5131002981013	ovary15	0	endo03
ENSSSCG00000008937	-0.419967168364226	0.999970279305184	-2.03248246185284	0.29379522593651	-3.08562324983925	0.0248624181419095	-1.97031416089202	0.230048258017614	-2.56702384996264	0.0864735955334141	-1.18283847958633	0.999963438149354	-1.2957148902334	0.725665349747989	2.3273070034058	0.110160699908905	2.10559981207083	0.164077265621219	2.1314164071949	0.116584497083956	4.34170116457334	0.000279118639276289	5.55921346058654	1.14844569573613e-05	0.544852301545456	0.999905160632868	0.631198448432586	0.99998075372639	1.17327124027123	0.999991240463336	0.970903227667426	0.996134886693895	-0.0607093709276446	0.999951635344029	-0.565997138454076	0.999918096269946	5.55921346058654	ovary18	1.14844569573613e-05	ovary18
ENSSSCG00000008949	0	0	9.72810028376252	5.16623533742788e-06	10.3739667110664	3.91258253152233e-07	7.92514340316898	0.00103452599486377	0	0	0	0	0	0	0	0	0	0	0	0	0	0	0	0	0	0	0	0	0	0	0	0	0	0	0	0	10.3739667110664	endo09	0	endo03
ENSSSCG00000008953	-2.14420004111838	0.570166290735723	-5.46081388989033	0.000393944836620936	-5.30250171146243	0.00055023951895283	-3.0177418873457	0.0383772504763109	-3.86510746355931	0.00764618666826225	1.60198968966081	0.999963438149354	3.09067724671103	0.160857345987454	0	0	0	0	0	0	8.4637886659221	6.53756524720327e-09	2.75906585801965	0.277777247610577	0	0	0.741906018672108	0.99998075372639	0	0	0	0	1.21450663361187	0.999951635344029	2.45528479285766	0.646256726017258	8.4637886659221	ovary15	0	ovary06
ENSSSCG00000008957	-1.27976119291591	0.999970279305184	-7.19795791830137	1.1344816237606e-06	-7.03957079161964	1.58977366860327e-06	-11.2051594468186	4.44478142493187e-08	-6.1729956699252	1.44752483351397e-05	0.525079432019009	0.999963438149354	-0.927677006621069	0.923313395087347	1.07313956465039	0.755460346201799	-0.479008417264981	0.965596560531847	-0.43621505703291	0.931746506753116	3.25221509074772	0.00776323015608758	-1.90489185463731	0.398008506038573	0	0	0.280199163130333	0.99998075372639	0.910388406837473	0.999991240463336	0	0	1.93646304034077	0.656141291954424	1.54889775661231	0.999918096269946	11.2051594468186	endo12	0	ovid03
ENSSSCG00000008963	-0.894966049012481	0.999970279305184	-1.11712941665968	0.999982221946195	1.25225543793812	0.678437516991294	-2.07482443005513	0.36870537916192	-7.28548136714048	0.00811971276987864	1.03002120186788	0.999963438149354	-1.67911161673627	0.382639188346905	0.316367306168358	0.999667845803702	-0.404605974065778	0.969899248007611	0.506371487235507	0.900785286844319	-2.51118890816436	0.0464313222698217	-9.18328402326571	4.16830188434497e-11	-1.20699250425037	0.999905160632868	2.05339339747066	0.345765959886342	1.31633488273614	0.875482845185686	1.41894389448501	0.638672938768016	1.00898187939144	0.999951635344029	-2.33287735166567	0.616400515881779	9.18328402326571	ovary18	4.16830188434497e-11	ovary18
ENSSSCG00000008976	0	0	0	0	0	0	0	0	0	0	0	0	0	0	0	0	0	0	0	0	0	0	0	0	7.27270236099946	2.37143211641102e-06	4.74172840122147	0.00551603283562917	3.57256365010556	0.0879304615585912	0	0	6.56764813088409	2.63023304942945e-05	0	0	7.27270236099946	ovid03	0	endo03
ENSSSCG00000008985	0.347556155784023	0.999970279305184	0.972524237586435	0.999982221946195	1.61074887543558	0.365173619037124	0.51881049870909	0.928619411119173	-1.18696322071552	0.705063837778969	-0.373085021354362	0.999963438149354	-3.54956706456072	0.0132511721492375	-1.97145254130485	0.241571102400852	-9.52084413238555	2.21891154177069e-05	-3.72937099361391	0.00546756211226699	-9.69169847348815	4.14529883050272e-06	-2.22530311782518	0.184861155273241	0.147390779073025	0.999905160632868	0.856014056564763	0.99998075372639	0.765897401041007	0.999991240463336	0.934838853761862	0.966304694937808	0.211483924291954	0.999951635344029	0.270960962453534	0.999918096269946	9.69169847348815	ovary15	4.14529883050272e-06	ovary15
ENSSSCG00000009182	0	0	0	0	0	0	7.12223336810646	0.00827268335650937	9.55693202695889	1.44752483351397e-05	0	0	0	0	0	0	0	0	0	0	0	0	0	0	0.67139925373589	0.999905160632868	0.810615174721968	0.99998075372639	0.464988842455365	0.999991240463336	2.23688774250393	0.242700133690658	-0.031249719545148	0.999951635344029	-0.883698884842127	0.999918096269946	9.55693202695889	endo15	0	endo03
ENSSSCG00000009219	0	0	0	0	0	0	0	0	0	0	0	0	7.40179587830715	6.02497339214179e-08	4.27747032285333	0.00189287578382454	8.31953859914369	3.0485742336796e-09	8.78683709642328	1.70826960065813e-10	8.88451068246851	1.45860325086566e-10	3.00289113598343	0.0590756478834826	0.0402301312479031	0.999905160632868	0	0	2.27106958615802	0.322270474163348	0.532851715614982	0.999791955937091	4.08740436489555	0.00512685427041239	0	0	8.88451068246851	ovary15	0	endo03
ENSSSCG00000009237	-0.815749222936328	0.999970279305184	-1.43532333489665	0.674750922357596	-2.84054333362984	0.0303218888510718	-3.10623580228754	0.017062777716511	-1.91425807129141	0.257576811002406	-0.430992300182113	0.999963438149354	1.22316870309082	0.716494440176594	5.4713344118506	9.31072760049598e-06	5.40162728222595	1.17144827764309e-05	3.5444031008446	0.00273977150516809	3.21694175693595	0.00755510072720071	3.33006617841946	0.00891529308581023	0.43605194683461	0.999905160632868	-0.284162061109108	0.99998075372639	-0.072249322943444	0.999991240463336	-0.132438485597881	0.999791955937091	-0.43147155555033	0.999951635344029	-0.454053112791674	0.999918096269946	5.4713344118506	ovary06	9.31072760049598e-06	ovary06
ENSSSCG00000009336	-0.00590765989624938	0.999970279305184	-0.840530379809395	0.999982221946195	-0.809843710141967	0.90687660804192	-1.97709835799475	0.202485380406856	-1.57311668423079	0.430187238957256	-0.0494218576796004	0.999963438149354	-3.78393717012167	0.00551134588896212	-5.33412489154347	0.000156623572323995	-6.92687913780602	1.69879367986096e-05	-6.0766546061886	2.85323432796398e-05	-4.61867701561639	0.000394880637717082	-1.12054284953785	0.828049742485782	-0.644815058383988	0.999905160632868	-0.533923761064674	0.99998075372639	-1.38294694246447	0.788275100543734	-3.23531181941822	0.0157673001199903	-1.11711607101072	0.999951635344029	-1.03001507840283	0.999918096269946	6.92687913780602	ovary09	1.69879367986096e-05	ovary09
ENSSSCG00000009434	0.39070562429614	0.999970279305184	0.162175136146064	0.999982221946195	-0.16644769733238	0.999890466505892	1.10874562934059	0.667054389620694	-0.698912050086734	0.96798785973612	0.588294466899236	0.999963438149354	4.91361390792595	7.69607328008863e-05	4.88044401180562	6.73008212622377e-05	4.06014098743811	0.000864084446932353	5.01327197080596	2.34213524456267e-05	2.25302016227643	0.0875814856886451	0.779661593349416	0.999898616998068	0.0638031190884992	0.999905160632868	1.24115139940743	0.984402515030187	0.95982755290673	0.999991240463336	0.310413016940857	0.999791955937091	0.699673360905146	0.999951635344029	0.929197827396125	0.999918096269946	5.01327197080596	ovary12	2.34213524456267e-05	ovary12
ENSSSCG00000009444	-3.42453669092377	0.039323322258131	-10.5203129281583	3.86961622204618e-07	-10.4417474461448	5.65985880740358e-07	-6.23567863664229	2.71795064486451e-05	-10.4866632624459	7.69149939484164e-07	-1.65513171296474	0.999963438149354	0	0	0	0	0	0	0	0	0	0	0	0	-4.88931335134194	0.000181166970922217	-6.1641004607505	3.84106317194813e-06	-6.55624299515479	1.45982209993538e-06	-12.7884456855612	2.92182973090873e-10	-2.57509818034908	0.114181954846078	-1.41648642691555	0.999918096269946	12.7884456855612	ovid12	0	ovary03
ENSSSCG00000009485	0	0	0	0	0	0	0	0	0	0	0	0	1.94505547708021	0.527389733694179	3.65993308560361	0.0178326284370506	4.02231679372025	0.0070685876798393	6.14806110265379	5.30343907965598e-06	0	0	1.8934111042557	0.58445632495795	0	0	0	0	0	0	0	0	0	0	0	0	6.14806110265379	ovary12	0	endo03
ENSSSCG00000009496	3.65749914959144	0.165050375171808	0	0	3.273732775863	0.0937479082566849	4.33580877887563	0.00914663623820434	0	0	0	0	0	0	0	0	0	0	0	0	0	0	0	0	2.48339758677413	0.216502483843894	6.0240173760416	7.67415920129325e-06	3.4108246151138	0.0235644150307167	3.17875611496251	0.0338689189349623	0.488269191297892	0.999951635344029	0.64856896034503	0.999918096269946	6.0240173760416	ovid06	0	endo06
ENSSSCG00000009517	-0.125150499494863	0.999970279305184	5.77921224518382	3.36422477861275e-06	2.14877735855221	0.147085016430407	-0.824054527311622	0.841880290195138	-1.22542028333607	0.70972118470471	-0.022842131596084	0.999963438149354	3.35428216618415	0.00983228891513575	5.03799044065892	4.63834987147851e-05	3.08592414205093	0.0160031918067535	0.313991186090034	0.955645513083633	3.77773001763653	0.0015826177818519	3.73008647395031	0.00309185161950742	-0.876752961754923	0.999905160632868	1.36718972391456	0.920297648680497	1.73402229232125	0.556295345585477	-0.200810377889685	0.999791955937091	0.3600455516362	0.999951635344029	-0.355732789779706	0.999918096269946	5.77921224518382	endo06	3.36422477861275e-06	endo06
ENSSSCG00000009543	0	0	0	0	0	0	7.12223336810646	0.00827268335650937	0	0	0	0	0	0	0	0	0	0	0	0	0	0	0	0	-9.4338205099274	2.46082737349802e-05	-3.59984687399959	0.0197590731480906	-2.13452260939202	0.319823469017291	-9.42728589869275	2.09440735874004e-05	-2.82820819526406	0.102222292498677	-0.289076520384615	0.999918096269946	9.4338205099274	ovid03	0	endo03
ENSSSCG00000009645	-2.17750084782591	0.67326209824019	-1.2595291755977	0.900898944233429	-2.663564315509	0.110727317963494	-2.63568590579673	0.120187036809154	-0.458014632211857	0.999107661984216	0.367365387670135	0.999963438149354	3.46977391294078	0.00610755300689151	3.93273831808309	0.00138439936691166	4.56716858966867	0.000160420952530921	5.61652177492146	2.82427706963936e-06	4.26183094247997	0.000287478290091972	2.12158889709161	0.177978445720658	0.0306500684691879	0.999905160632868	1.04176003762712	0.99998075372639	3.10733660840512	0.0316690490337436	2.52226856321133	0.104218977888014	3.55777765811073	0.0115687058188778	-1.54718430346896	0.999918096269946	5.61652177492146	ovary12	2.82427706963936e-06	ovary12
ENSSSCG00000009648	0	0	0	0	0	0	0	0	0	0	7.81380104693547	0.00848798648407407	-0.102683746179071	0.999746826372654	2.60114331041713	0.059434467969882	2.97515562661608	0.0223824752614892	2.31921558710115	0.0774160804231545	2.42981798653805	0.0679965048985049	-1.59070460969627	0.576664067883333	-5.85492403639534	0.000196562334413344	-4.46419754603255	0.00236320323790134	-4.94636872477474	0.000907388428300498	-9.88456655175937	4.30290395897557e-06	-1.48817400275897	0.887147136103168	-5.76935793740241	0.00234225986866258	9.88456655175937	ovid12	0	endo03
ENSSSCG00000009649	0	0	0	0	0	0	0	0	0	0	0	0	-6.04996346020976	7.42180149397639e-05	0.52671204783413	0.977852332068561	0.881946420092983	0.797913470969063	-3.56430632865618	0.00546940169769576	-4.1784664167291	0.001335120274538	-6.29007632624892	3.45573200936395e-05	0	0	0	0	0	0	0	0	0	0	0	0	6.29007632624892	ovary18	0	endo03
ENSSSCG00000009667	-3.5801659069764	0.18420687304822	-2.1229402970759	0.423991258908502	-3.49260852097043	0.05874014577043	-3.46529711995315	0.0647907704936627	-1.83674575950815	0.450741487314443	-2.24860542688735	0.77901896622322	4.78381531012388	0.00321315526443185	6.70998695139487	5.98543867208096e-06	4.3890328653568	0.0075727181070802	5.18946959206694	0.000446384667341619	6.53104057816587	6.20783562205444e-06	5.16413235590884	0.00107652436801638	-1.57202283450023	0.972093822315887	0.798542793315773	0.99998075372639	0.553553169026147	0.999991240463336	-1.30264148423955	0.910441968980488	0.240201709178477	0.999951635344029	-1.01002472975117	0.999918096269946	6.70998695139487	ovary06	5.98543867208096e-06	ovary06
ENSSSCG00000009699	4.0198233971945	0.00559264126029953	8.34185554944876	2.98678374453613e-10	8.64665450898464	7.18401221703053e-11	6.44202018858326	3.44526574109767e-07	3.33644490218556	0.0101107591095341	0.772489376483844	0.999963438149354	0.0173194112058929	0.999746826372654	0.397051799171189	0.999667845803702	1.97651147935399	0.211884338641247	2.4219093159479	0.0604174138467902	-2.49202223293071	0.107855509887163	0.168030804159034	0.999898616998068	0.706211913935824	0.999905160632868	1.55707181466468	0.754767848510882	2.5697739381375	0.11696387188185	0.540244277552365	0.999791955937091	0.545333240643306	0.999951635344029	-1.10443820557097	0.999918096269946	8.64665450898464	endo09	7.18401221703053e-11	endo09
ENSSSCG00000009738	2.77562762136487	0.156100927888723	2.71473999192062	0.0655750503082595	0.0685474133715901	0.999890466505892	0.772945067091241	0.862092697178531	-0.692529898273989	0.983897989116633	1.94941370012338	0.762165738185969	-2.80929814257355	0.0847410537403272	-1.81264710002632	0.338892991020309	-1.26157373461384	0.631881652519983	-8.8155595649808	0.000104747679270508	-8.95140312848827	4.68201960352656e-05	-2.2570783174023	0.202860793201956	8.81192619880973	3.537571724229e-09	8.39975541702208	1.08209686159729e-08	8.61311810221629	3.37772457706433e-09	2.32637007978575	0.34083382230899	2.60059961906361	0.349650488086891	0	0	8.95140312848827	ovary15	0	ovid18
ENSSSCG00000009855	-1.19045130341403	0.999970279305184	-4.53072825898282	0.000299726766542604	-4.40613884664134	0.000402016675448264	0.710831220482284	0.871853939113124	2.3860842004191	0.0962024385326799	1.07888524874455	0.999963438149354	-3.60602522082215	0.0109074279339824	-3.76651829471121	0.00703950816630652	-5.40833482239708	0.000397554370061224	-9.77978040753853	5.0323544299048e-06	-5.77796813683165	7.9188991165601e-05	-0.791675293221368	0.999898616998068	-3.30584710065206	0.047557350196989	0.452562655064621	0.99998075372639	0.40815480480715	0.999991240463336	0.243295471285049	0.999791955937091	0.605563026367702	0.999951635344029	-0.186098638943828	0.999918096269946	9.77978040753853	ovary12	5.0323544299048e-06	ovary12
ENSSSCG00000009856	-0.639133254740998	0.999970279305184	-5.66837268945624	5.46699233602427e-06	-1.65390403251827	0.334116785179605	3.08951893891707	0.0150033562444399	2.10262120446396	0.171114451565903	2.10466550427787	0.535356812335274	-3.69564909697205	0.0187280050840347	-2.70928208337549	0.0889715961445017	-2.40583661032348	0.150113529786339	-8.72266361409601	0.000136954491267913	-1.5480211201724	0.430696601887243	-2.38436305192156	0.168582024017174	-2.22915336797945	0.210727525562423	-0.123547346682748	0.99998075372639	0.133097893688111	0.999991240463336	0.837073239189196	0.999791955937091	0.78887923827408	0.999951635344029	0.505415681125135	0.999918096269946	8.72266361409601	ovary12	5.46699233602427e-06	endo06
ENSSSCG00000009870	0	0	0	0	0	0	0	0	0	0	0	0	0	0	2.68329701089808	0.0966029906257362	3.36922326084122	0.0182780091312306	6.21434246707593	1.5736342427224e-06	1.89530961992892	0.321924410573254	3.22760056281587	0.0301208366371885	0	0	0	0	0	0	0	0	0	0	2.34488140848439	0.999918096269946	6.21434246707593	ovary12	0	endo03
ENSSSCG00000009936	-4.51893864965486	0.0033824181744997	-6.52658349245278	1.14585549721154e-05	-10.546917629964	3.91258253152233e-07	-1.9918261589532	0.212714862505834	-10.591835683305	5.15859684561575e-07	-6.65006102539527	3.4430527579005e-05	-7.73042320229519	0.00325364198690915	-7.72707382655596	0.00282800431713796	-7.59226240084656	0.00520862846191628	-7.62702553203128	0.00268846099874319	-7.76250014547346	0.00147563313181442	-7.85152334520914	0.00171575471752596	-3.09947459439216	0.0437554800146121	-1.1699541388024	0.99998075372639	-2.56630710233982	0.134763651381075	-4.29180799008324	0.00263774375582627	-5.03288964600788	0.000897784191924716	3.87633923253787	0.0123764011275572	10.591835683305	endo15	3.91258253152233e-07	endo09
ENSSSCG00000009979	0	0	0	0	0	0	0	0	0	0	0	0	0	0	0	0	0	0	7.39428024653015	0.00212676520617025	9.28455576758503	1.16451106383552e-05	11.2397832864485	5.19406319601376e-08	0.969556231811727	0.999905160632868	-3.30551716571035	0.054511331431194	-4.74242249868319	0.00511395871723382	-8.72598600696803	0.000174560460092983	-3.8997017215179	0.0198267316682911	-2.09893708472962	0.863223541071207	11.2397832864485	ovary18	0	endo03
ENSSSCG00000010023	2.21092905196144	0.43818531324364	1.6199690898992	0.525073474284381	2.49443031065124	0.0665195199559866	3.18828112305378	0.0123139348316888	-1.63587299322967	0.414643885797533	-0.500377258905678	0.999963438149354	3.47111956732427	0.00630663222124288	2.93171208896159	0.0220480742552973	4.22156292996262	0.000543941459152119	5.24396846437425	1.0959096031227e-05	3.2889120889346	0.00587156707574207	0.658571885951488	0.999898616998068	1.25632188986967	0.951350958559678	-1.2126533595936	0.99998075372639	-0.218560455676693	0.999991240463336	-0.82365932909257	0.999791955937091	-0.69825642282463	0.999951635344029	1.29491320497721	0.999918096269946	5.24396846437425	ovary12	1.0959096031227e-05	ovary12
ENSSSCG00000010036	1.37802165215528	0.999970279305184	3.81401816383375	0.00237193334932687	5.70984030687587	3.22376535159417e-06	4.62661056144525	0.000142375443040298	-0.33367297056554	0.999107661984216	1.23015225833472	0.999963438149354	-0.338598152808776	0.999746826372654	-0.531277782856196	0.983170793843634	-0.320777864727404	0.982307921028474	0.690188359879989	0.847990678548615	-0.353820882736141	0.999560378701902	-0.275064353351647	0.999898616998068	0.658963282814974	0.999905160632868	1.35146185871746	0.894592745812668	1.01386307557054	0.999991240463336	1.3473834363759	0.671887871508497	0.209701416708374	0.999951635344029	0.528267659979481	0.999918096269946	5.70984030687587	endo09	3.22376535159417e-06	endo09
ENSSSCG00000010148	0.0761735606592187	0.999970279305184	-0.782215839448489	0.999982221946195	-1.13286445645611	0.71096503325219	-0.89010221012106	0.803720504445492	-0.865320230379207	0.904032675593166	-0.3131707381151	0.999963438149354	1.78677829490338	0.328350872533423	6.20148942670949	6.70155741983597e-07	5.22891010031527	1.86453887078757e-05	3.89297800921107	0.00084695309855186	2.49395032016478	0.0495670213720793	1.07858954744958	0.836870758782287	-1.83189738056645	0.436996613169688	-0.220365764365171	0.99998075372639	-0.515797453953537	0.999991240463336	-0.895674493558703	0.989405419745913	-0.537748115406836	0.999951635344029	-0.0207938243019692	0.999918096269946	6.20148942670949	ovary06	6.70155741983597e-07	ovary06
ENSSSCG00000010190	0	0	0	0	0	0	0	0	0	0	0	0	0	0	0	0	0	0	0	0	0	0	0	0	-7.54497026194641	4.38120815447602e-07	-5.31469158467719	6.05517960214638e-05	-12.161373035534	1.98172706115373e-09	-9.00302976772746	1.95180042439487e-08	-1.22754133333335	0.999951635344029	-0.159971315209574	0.999918096269946	12.161373035534	ovid09	0	endo03
ENSSSCG00000010273	0.314508823920555	0.999970279305184	0.999500150209674	0.999982221946195	-0.527858195505275	0.999890466505892	-1.35046578602822	0.561581440619894	-0.969246298276013	0.854581330901881	-0.436122197963866	0.999963438149354	0	0	0	0	0	0	0	0	6.32358026112928	7.24180984519904e-05	6.9700948450045	2.13815089954387e-05	-1.27838038560237	0.946442470987154	-1.38469250023114	0.881183404281124	-1.01927072026315	0.999991240463336	-2.03143900599652	0.249311674201972	0.385321779762438	0.999951635344029	-2.57768662673568	0.326382774149354	6.9700948450045	ovary18	0	ovary03
ENSSSCG00000010325	2.13571947055487	0.484587015820347	1.85986690680147	0.348211406445417	1.63345824382043	0.349601538994673	2.78166005064213	0.033830456784702	0.173539281394242	0.999107661984216	0.58430731836832	0.999963438149354	-2.04392629741055	0.20808756924789	-3.36401765785977	0.00768672141728228	-3.72547627798898	0.00262838138126142	-8.26318270292443	2.75552561922257e-09	-1.08400702149531	0.672282066382634	-1.64496426080779	0.432121243954813	1.44902966602463	0.755316264538974	1.10473134266704	0.99998075372639	0.416224719761249	0.999991240463336	-1.03966269376377	0.900468140392012	1.22267131826219	0.999951635344029	-0.603674374383454	0.999918096269946	8.26318270292443	ovary12	2.75552561922257e-09	ovary12
ENSSSCG00000010336	1.08071459982191	0.999970279305184	0	0	0	0	0	0	0	0	0.883733232505979	0.999963438149354	0	0	0	0	0	0	0	0	9.48170590551383	6.10014303563557e-06	7.43087910344397	0.00538061466710526	2.2472566319984	0.499039069334039	0	0	1.5142318730311	0.999815075630288	2.0387350603614	0.504954287890086	0	0	0	0	9.48170590551383	ovary15	0	endo06
ENSSSCG00000010337	0.183998525907858	0.999970279305184	-1.55340877534403	0.689361810146181	-2.38060392011678	0.159802661309253	-1.36296998595888	0.585386546238248	-0.403303554261725	0.999107661984216	0.41959582363689	0.999963438149354	0	0	0	0	0	0	0	0	5.89905818374911	6.5245943000719e-06	3.78901839956144	0.0086809311186987	1.44163480954285	0.799562177601876	0.584947004137032	0.99998075372639	1.44686522451735	0.755679085544069	0.877426239508393	0.999791955937091	0.296798066211032	0.999951635344029	0.858350335024989	0.999918096269946	5.89905818374911	ovary15	0	ovary03
ENSSSCG00000010370	-0.843816708799303	0.999970279305184	-2.09398933242252	0.24286848010303	-1.97151571968501	0.207529243128942	1.14201981913157	0.647374969786444	0.999845335034327	0.816991553362682	0.296823685439335	0.999963438149354	-1.17100111476431	0.7964797834788	-1.81157556325921	0.348232524534668	-1.14696284287343	0.699607006655435	-0.233385884468925	0.974339729172571	5.84409016618119	1.63868713598266e-06	1.64704661975064	0.460445771324163	0.589320169384489	0.999905160632868	-0.855580803295555	0.99998075372639	-0.772468265930118	0.999991240463336	1.39185985662912	0.63195923720994	2.0107111610172	0.381969579735943	-1.19834708936091	0.999918096269946	5.84409016618119	ovary15	1.63868713598266e-06	ovary15
ENSSSCG00000010400	-0.0318413088965382	0.999970279305184	0.0735413295306413	0.999982221946195	0.0384477665815606	0.999890466505892	0.383382719659146	0.957232074545816	-0.00626226059133024	0.999107661984216	0.136149387091764	0.999963438149354	0.886929924850714	0.898096123310655	5.44894733485575	8.70165794484762e-06	5.61619848778725	4.90010008835389e-06	5.88328430075352	1.07835792735576e-06	4.53127748483672	0.000118546910491563	0.688469462841704	0.999898616998068	-0.545334486361018	0.999905160632868	2.94104017286685	0.0415664460024374	3.38966635205299	0.0106595211816266	2.1671559164351	0.175632502315045	3.07449960013258	0.0306152877123189	-1.07629415498969	0.999918096269946	5.88328430075352	ovary12	1.07835792735576e-06	ovary12
ENSSSCG00000010428	11.5772646039688	1.10152179331671e-07	12.6252495457464	1.71121857697155e-10	12.786956841764	5.38323733629947e-11	13.3846052716827	1.09938378082624e-11	7.37784905079687	0.00576857485440675	0	0	-3.84119622015454	0.00630663222124288	-2.204467757979	0.157034014833398	-9.81244030790369	9.17632722672955e-06	-9.84734395198992	3.99025267950765e-06	-9.98333484161448	1.59811820922713e-06	-2.40207142139365	0.123518080369519	2.17523105000301	0.349384120250521	5.02505689030216	0.000210179138977757	4.37722823122623	0.00142422960230034	3.48317594661284	0.0132373993673761	-0.269781222134876	0.999951635344029	-1.00788897198386	0.999918096269946	13.3846052716827	endo12	0	endo18
ENSSSCG00000010437	0.650241610351383	0.999970279305184	4.34525062666239	0.000413705344839324	5.1401144031445	2.36778026985247e-05	0.497366464842367	0.932952892438513	1.12845855027834	0.732463457322582	-0.00767074430987132	0.999963438149354	2.99097932345011	0.0215390752513388	2.99632462915633	0.0182688359075428	3.20095735511404	0.0103034168105419	3.59291781675213	0.00210783057613484	0.506718092794076	0.999560378701902	0.73027077199067	0.999898616998068	0.0142854647859391	0.999905160632868	-0.762553669070722	0.99998075372639	-0.092894014098836	0.999991240463336	-0.278775227337917	0.999791955937091	-1.20818237985872	0.999951635344029	-1.35742275665022	0.999918096269946	5.1401144031445	endo09	2.36778026985247e-05	endo09
ENSSSCG00000010445	0.268403272821594	0.999970279305184	-4.37680100037674	0.00327073557709725	-2.54436872720912	0.0937383751759634	0.486296144682315	0.937721477791375	-0.824785612634937	0.931444464548187	0.407708696734115	0.999963438149354	-6.90275803679594	1.6694186626735e-07	-1.59466718738612	0.373626921157172	-3.50717198980537	0.0048826560314919	-5.91896161284143	1.7882977622745e-06	-5.72409671535647	3.01620834072279e-06	-7.04315386519104	1.24249899284435e-07	-1.94328611136705	0.401520075544539	-1.06482404721137	0.99998075372639	-1.22313269710287	0.947140948323673	-0.734287039915379	0.999791955937091	-0.996312656180544	0.999951635344029	-0.0791915267084456	0.999918096269946	7.04315386519104	ovary18	1.24249899284435e-07	ovary18
ENSSSCG00000010461	1.30710458156887	0.999970279305184	0	0	0	0	0	0	1.8622993227179	0.408362754759441	0	0	1.08855434163989	0.886371468455925	-0.548269966128192	0.992417255024285	0	0	0	0	8.5985621932031	2.24720740656407e-10	1.49881029203991	0.688696965841688	0	0	0.743458645536148	0.99998075372639	0.724722716280103	0.999991240463336	1.60100866920917	0.687599456991355	2.65544993035581	0.220109312455461	0	0	8.5985621932031	ovary15	0	endo06
ENSSSCG00000010475	1.59387598377139	0.999970279305184	12.7874696436285	6.16083013695476e-17	12.3926763794072	1.73534441515897e-16	9.61750136758284	1.6243365052105e-11	4.3794361106006	0.001634622459808	0	0	-0.818210534815235	0.999746826372654	-0.233124363674559	0.999667845803702	-2.45395991330621	0.321599403227524	-6.82513384370811	0.0148626380537958	-0.43155373764592	0.999560378701902	-2.04025600057673	0.49908040427424	0	0	0	0	2.93888596482789	0.291442560009159	0	0	0	0	0	0	12.7874696436285	endo06	0	endo18
ENSSSCG00000010479	-2.72854087075495	0.139476618465095	-0.863178266588447	0.999982221946195	-2.78600547858594	0.0309882142938111	3.32294885399046	0.00805569569029236	5.80401584730736	3.92458959971685e-06	3.90961434891333	0.00563349756772913	-4.07979375582855	0.00217097157560613	-3.52367992417998	0.00731181514417559	-4.08732951934165	0.00183648883560225	-5.1566237565487	7.77329630248599e-05	-0.99825233733261	0.741794376627002	-2.48707144810438	0.0891202553291487	-0.425742270233354	0.999905160632868	1.96571891352998	0.374633115249745	0.438473050534951	0.999991240463336	0.237304945547637	0.999791955937091	0.394421026701641	0.999951635344029	-0.0524216529164758	0.999918096269946	5.80401584730736	endo15	3.92458959971685e-06	endo15
ENSSSCG00000010591	1.87088792296209	0.999970279305184	2.5718373954534	0.261148871377896	2.05828887286316	0.389864572819416	0	0	0	0	0	0	-4.33918622260865	0.000495005897151758	-5.20389212510102	2.08607550954138e-05	-4.37595681963118	0.000302410857048859	0.0113455895763217	0.997276558882134	-7.58477113154888	2.3741113233768e-09	-3.76544805370182	0.00233855556250111	-3.15128254035225	0.0330404462685487	-2.41704575007732	0.184220749518717	-1.46903388351776	0.739291725662365	1.18538826954673	0.798604721586533	-2.57939437180069	0.141604354668104	-7.07220408935843	0.000370538314030889	7.58477113154888	ovary15	0	endo12
ENSSSCG00000010607	-1.44266301686962	0.999970279305184	-5.19148980854592	2.65701437598789e-05	-5.08544652997616	3.06937441651179e-05	-2.01214002471685	0.182756908677865	0.186236533266776	0.999107661984216	-0.00728600663546669	0.999963438149354	-3.12489499801614	0.0220808624288281	-2.7972226878111	0.0398755730237688	-2.54058157394434	0.070117061004928	-2.43711756460664	0.0618726606630992	3.02848042485857	0.0116648618826828	-0.875507910075563	0.960855101195225	-3.9971503047195	0.0018959464219712	-3.17022127656366	0.0222907795203635	-2.10861820689157	0.260193918319404	-3.29258504024756	0.0109595135120897	-2.32664308532719	0.198273232787217	-1.30367912977722	0.999918096269946	5.19148980854592	endo06	2.65701437598789e-05	endo06
ENSSSCG00000010610	0	0	0	0	0	0	7.02981416141975	0.0103210234329048	0	0	0	0	0	0	0	0	0	0	7.31054387200825	2.45636951297687e-06	0	0	0	0	0	0	0	0	0	0	5.06852166262391	0.000728182034375885	0	0	0	0	7.31054387200825	ovary12	0	endo03
ENSSSCG00000010647	-0.862411717368366	0.999970279305184	0.766647712640561	0.999982221946195	0.0398328826859145	0.999890466505892	-0.705517074110543	0.879558945120722	-1.64795441856272	0.412626839055386	-1.00497410256801	0.999963438149354	6.06518091636872	5.5308519668804e-06	7.19239802171213	9.32395496818992e-08	6.72451752483778	4.93604546450287e-07	6.02579797951321	2.89593503306689e-06	3.44143126918652	0.0102878194062382	0	0	-1.0988166360943	0.999905160632868	1.47425313413841	0.895877877116747	0.231956334470806	0.999991240463336	-1.08633337173632	0.993809581767604	-0.941229854643145	0.999951635344029	-0.84419541330934	0.999918096269946	7.19239802171213	ovary06	0	ovary18
ENSSSCG00000010701	-9.97611571266282	2.95121351058787e-05	-4.64230531431012	0.00105866619867154	-5.75447034768478	0.000133613120810064	-5.72710777571726	0.000144426699420322	-3.90920127512413	0.00544496138784348	-1.01552820082603	0.999963438149354	0	0	0	0	0	0	0	0	5.0171042081235	0.000871054352693992	0	0	-3.13037201353937	0.0492497787595726	-3.00546342199107	0.069209820008563	-2.50656690631594	0.170006313299758	-3.11783030420421	0.0400151368782498	-1.71867266782664	0.707640159248697	0.158340237216863	0.999918096269946	9.97611571266282	endo03	0	ovary03
ENSSSCG00000010753	-3.18034386668329	0.0581407898429591	-6.25876467767846	6.48431595026594e-06	-7.98011182165688	3.91258253152233e-07	-4.3981814625771	0.000689875623316467	-4.89478812337018	0.000261667002943157	-0.347185170562948	0.999963438149354	-2.06481195859502	0.39881039879129	-2.05774995629894	0.34594844324707	-2.07072473353759	0.362677836620198	-1.57948076912741	0.486041610901067	-0.774046823054486	0.94074312464981	-1.64416612103519	0.622825182652888	-4.94549931827367	0.00011463700338463	-4.87378156963859	0.000145679149604371	-3.74341239703199	0.00425162152261889	-4.70796847717	0.000186632985065755	-2.47413446267738	0.141604354668104	-0.145397470137909	0.999918096269946	7.98011182165688	endo09	3.91258253152233e-07	endo09
ENSSSCG00000010948	-0.580463762458939	0.999970279305184	0.75878067155397	0.999982221946195	0.36548092306126	0.999890466505892	-0.402529177209113	0.955724749623922	-0.468012846841204	0.999107661984216	-0.263287725828225	0.999963438149354	-4.36798841772986	0.000470682097433092	-5.61655124518916	5.13706634819334e-06	-6.13536264106173	8.45716685261501e-07	-5.14526741323729	1.44650096444281e-05	-0.424248245170051	0.999560378701902	-2.60656639357033	0.0581465427659505	-1.49960005824225	0.733132298546911	-1.27960821477004	0.950258187235337	-0.691956708836451	0.999991240463336	-1.10890007506325	0.862412625162938	-0.619171283922095	0.999951635344029	-2.69516667940403	0.254700640797255	6.13536264106173	ovary09	8.45716685261501e-07	ovary09
ENSSSCG00000011039	0	0	11.1726491438428	3.21849108194511e-08	10.0288736852654	1.23374045607709e-06	0	0	0	0	0	0	0	0	0	0	0	0	0	0	0	0	0	0	0	0	0	0	0	0	0	0	0	0	0	0	11.1726491438428	endo06	0	endo03
ENSSSCG00000011060	0	0	4.13885354576161	0.00390364868385902	5.83814194373293	1.2789695507013e-05	3.64564741590939	0.0127236693930056	1.29705494581005	0.802490977349397	1.68447367969569	0.999963438149354	0	0	0	0	0	0	0	0	3.11204065078013	0.101649786877932	0	0	0	0	0	0	0	0	0	0	0	0	0	0	5.83814194373293	endo09	0	endo03
ENSSSCG00000011241	1.24969801879014	0.999970279305184	-0.205737247079227	0.999982221946195	-1.09657371409337	0.73473732077722	-1.11412706801754	0.679680037161903	-0.606870799740386	0.991384814052236	1.65517916445177	0.999963438149354	-2.24072462133164	0.172700727532316	-1.84807845469154	0.284516617215545	-1.72266734212783	0.338041107679158	-3.11917259945296	0.0155540188987581	-10.0687708816452	1.1738136844129e-06	-0.717239785436529	0.999898616998068	0.54185741229851	0.999905160632868	0.466004655971826	0.99998075372639	0.791351358962213	0.999991240463336	-0.419757751210524	0.999791955937091	-0.914510540955155	0.999951635344029	-0.320527614941564	0.999918096269946	10.0687708816452	ovary15	1.1738136844129e-06	ovary15
ENSSSCG00000011277	0	0	6.74418234803443	5.16623533742788e-06	7.88926485499868	8.5578340381953e-08	5.55005601856108	0.000252549429312575	0	0	0	0	0	0	0	0	0	0	0	0	0	0	0	0	-1.09473888218054	0.999905160632868	-1.79760214992387	0.897627526267877	-0.157144739632487	0.999991240463336	0.221251755027682	0.999791955937091	0.309751654249866	0.999951635344029	0.388482660272678	0.999918096269946	7.88926485499868	endo09	0	endo03
ENSSSCG00000011322	-0.24078157710468	0.999970279305184	-2.68833305143117	0.078815626420562	-2.52559718126822	0.0796481653990723	-2.3825312476842	0.108970435829422	-1.6846625099597	0.38867883437799	0.547016157036777	0.999963438149354	-0.253687330530254	0.999746826372654	1.37295845505527	0.534096013356821	1.94093250921276	0.210060909536253	1.88762817449824	0.179780815823121	5.79946223264634	1.65618502791805e-06	4.09503811885912	0.00107652436801638	-2.29803341050137	0.303299482133799	-0.3772568101725	0.99998075372639	-0.551333520147135	0.999991240463336	-1.36824761101394	0.736248621334467	0.247689037934805	0.999951635344029	-1.01904187370889	0.999918096269946	5.79946223264634	ovary15	1.65618502791805e-06	ovary15
ENSSSCG00000011441	0	0	0	0	0	0	2.94107834420104	0.175531683788773	0	0	0	0	-4.2711252970038	0.00264356379562605	-4.8352394824384	0.000728976584026775	-3.55230693001982	0.0111334284303976	-3.6341444757041	0.00541902001417963	-4.90894698581392	0.00033692995528183	-5.08592139453828	0.000424281006832436	-0.0876093281057946	0.999905160632868	-3.99461485890457	0.00255241927098948	-7.30534085309786	2.53333356029489e-07	-2.48438308759817	0.0929427799870231	0.968849358707888	0.999951635344029	-1.60353706011591	0.999918096269946	7.30534085309786	ovid09	0	endo03
ENSSSCG00000011524	0.766126538535067	0.999970279305184	3.84691400226476	0.00260940174265047	5.84615812666722	2.53251820910803e-06	2.00734432862677	0.20621387028784	1.14857647889929	0.745986730365193	3.44392571215972	0.0255474840716409	-2.45974781836945	0.185486430316211	-0.953607751944113	0.843439941128239	0.0263781712617784	0.999803500436176	1.1508582568296	0.598062126296848	-0.707946219398772	0.94898745414336	-1.2806322810355	0.778258024227055	-0.0258135943500742	0.999905160632868	2.39373602675049	0.171478418960355	2.51812711252846	0.116439127712133	1.41287282782886	0.634519405023105	0.239924511913453	0.999951635344029	-0.472854807710649	0.999918096269946	5.84615812666722	endo09	2.53251820910803e-06	endo09
ENSSSCG00000011714	-0.477573314634368	0.999970279305184	-0.677460512699098	0.999982221946195	-0.683311340126833	0.973747220133321	-0.943605293066427	0.766925710234501	-0.283002463538986	0.999107661984216	-0.281068315504793	0.999963438149354	0.629382110565557	0.999746826372654	1.69017303544221	0.327018451452429	1.20384146274345	0.607502903437495	0.632935926317973	0.86023433362779	5.51349622833638	4.25931620694388e-06	1.37931676881329	0.626844893028741	0.266154199023674	0.999905160632868	0.0422750900017491	0.99998075372639	-0.219402861570488	0.999991240463336	0.190727013988582	0.999791955937091	-0.685950581187885	0.999951635344029	-0.158958557543342	0.999918096269946	5.51349622833638	ovary15	4.25931620694388e-06	ovary15
ENSSSCG00000011723	0.551532367588904	0.999970279305184	2.208198333479	0.171919748946757	1.83729107909641	0.243310867357201	0.268713162591767	0.977289948962765	0.664299114360572	0.976803046215934	-1.30414667788624	0.999963438149354	5.22832244857831	2.88280671554468e-05	3.70808387100817	0.0028054796619567	3.84858083903907	0.00172308206583326	4.25978142712981	0.00026862372685105	4.20923063473156	0.000359720550559557	2.11884660821627	0.182073784561313	-1.39751927794514	0.803101043709923	0.0764139142122338	0.99998075372639	-0.759525576132424	0.999991240463336	-0.276064379011992	0.999791955937091	-1.38589747902916	0.937444348580656	-0.58261009249906	0.999918096269946	5.22832244857831	ovary03	2.88280671554468e-05	ovary03
ENSSSCG00000011756	-0.0154240479331029	0.999970279305184	-0.20955052303209	0.999982221946195	1.03297071087845	0.792163738790179	-1.7726125362982	0.395354644163162	-0.369642675250185	0.999107661984216	-0.615311075810366	0.999963438149354	0.599921057815157	0.999746826372654	-1.24346797980946	0.610473898751359	-1.75255236089136	0.287432220490227	0.46636358640785	0.914185753841596	-4.41020093055918	0.00023572982102341	-6.51026689059844	9.92946798634919e-07	0.370264108584063	0.999905160632868	0.015770838918261	0.99998075372639	0	0	0	0	0.982406515400474	0.999951635344029	1.50148799239562	0.999918096269946	6.51026689059844	ovary18	0	ovid09
ENSSSCG00000011793	0	0	0	0	0	0	0	0	0	0	0	0	-2.99579667642222	0.0219527156144323	-1.53286312478261	0.414016745409191	-2.28606758890784	0.0998004383257428	-1.56135528103572	0.316084083395479	-1.52685320945966	0.364910790221547	-6.11703791559092	1.68055804387801e-06	1.40558817032711	0.932870541116055	3.88288945941406	0.00551603283562917	3.51101553776417	0.0139134284654186	0.896357057477463	0.999791955937091	2.68460549778299	0.133499684653631	1.49333045716721	0.999918096269946	6.11703791559092	ovary18	0	endo03
ENSSSCG00000011821	2.20012248509911	0.453030602124977	3.75072215188088	0.0030574512775306	5.30722819099832	1.41652729952586e-05	3.12749031565814	0.0146304731280469	3.44674078288468	0.00680468966854029	2.5943281079048	0.205417517514786	0	0	0	0	0	0	0	0	0	0	0	0	0.432791943779199	0.999905160632868	3.83514173742066	0.00721219086104556	4.37153175310598	0.00136439988004631	3.41767130888346	0.0154130649713776	1.3768229491553	0.999951635344029	-0.39718340269759	0.999918096269946	5.30722819099832	endo09	0	ovary03
ENSSSCG00000011837	-0.0873816547937316	0.999970279305184	-0.107489251585142	0.999982221946195	-0.257513471303139	0.999890466505892	1.44281502700662	0.461917854070814	0.227962781178285	0.999107661984216	0.700307500974139	0.999963438149354	-1.79747224111347	0.603937697956108	-0.233124363674559	0.999667845803702	-0.190319722095811	0.993588085408779	-3.46189481708944	0.0990314231690271	6.74356456970195	1.15388939182815e-07	3.69641698527884	0.00531875984590677	-1.56111953824325	0.683291815056465	-0.902828606120273	0.99998075372639	-0.497888783785262	0.999991240463336	-1.42673766091177	0.626841605878119	0.264926435200434	0.999951635344029	-1.75256282547614	0.999918096269946	6.74356456970195	ovary15	1.15388939182815e-07	ovary15
ENSSSCG00000011850	-1.28151769954184	0.999970279305184	-5.22302517743694	2.44252255390521e-05	-5.16411381800912	2.44508498762291e-05	-2.18122576138015	0.130015423050185	-0.147415802547375	0.999107661984216	1.28546955541026	0.999963438149354	-1.98039319915932	0.303140739914202	-1.74027488759194	0.35983425287892	-1.29855198327161	0.599069269472822	-3.80891884709759	0.00690644454110108	-2.0477993413774	0.192693973871131	-2.06745088266776	0.268150836457329	-1.70828742593539	0.518168283862035	-1.17022769523355	0.99998075372639	-0.732351229232235	0.999991240463336	-3.1140036085932	0.0175666075037324	-1.69907115634202	0.633168694525827	-1.69450455384294	0.999918096269946	5.22302517743694	endo06	2.44252255390521e-05	endo06
ENSSSCG00000011851	0.216631138654443	0.999970279305184	-5.67526422183589	1.63293522062133e-05	-7.61977442957815	2.28495332032026e-07	-3.42120811927639	0.00800912040233163	-2.58438117207019	0.0657504718633217	0.847245471738011	0.999963438149354	0	0	0	0	0	0	0	0	0	0	1.10443753201206	0.949068572188865	-1.54009776326546	0.704231015442119	1.23838568466914	0.984402515030187	0.821299783410404	0.999991240463336	0.496380791860861	0.999791955937091	-0.904085786022581	0.999951635344029	1.14117930702699	0.999918096269946	7.61977442957815	endo09	0	ovary03
ENSSSCG00000011904	-0.871107421862171	0.999970279305184	-7.19080747581287	3.21849108194511e-08	-6.44538028076765	3.59380633102688e-07	-5.97366598890969	1.55846830499361e-06	-4.55337076854542	0.000279542953925891	0.21822495237488	0.999963438149354	-2.10595725295704	0.220298150200493	-1.20095248703148	0.661568334988082	-1.11727928686959	0.677769854332879	-0.719425683274684	0.836347970994746	-0.913831495996086	0.814968529267001	-0.509273897686552	0.999898616998068	-2.76401297638639	0.0582501510349849	-0.544889332419552	0.99998075372639	-0.247130342955484	0.999991240463336	-1.58939374504765	0.48207594576659	-1.1473853401888	0.999951635344029	-0.26203512367041	0.999918096269946	7.19080747581287	endo06	3.21849108194511e-08	endo06
ENSSSCG00000011936	-1.23808299953423	0.999970279305184	-3.14588716086527	0.0374146451337452	-3.70967823133166	0.00987599330160207	-2.11512453661047	0.200461699075446	-2.08626564750299	0.234967015323846	-2.02003260579976	0.73919377184412	4.10613054990642	0.00147822005965329	2.80803274196607	0.0395783516317323	5.78697155134256	4.36803252205671e-06	5.40425363641635	9.54364385749764e-06	4.42569866029555	0.000252946750573185	5.03572666572862	8.26336641928391e-05	0.0809513608801122	0.999905160632868	-0.315552132189366	0.99998075372639	1.55208901381401	0.725028628357405	2.53564405249955	0.11045577108999	3.61337635388497	0.0111596885606552	1.50986312716121	0.999918096269946	5.78697155134256	ovary09	4.36803252205671e-06	ovary09
ENSSSCG00000012071	0	0	12.1443283682347	8.53226948210197e-10	0	0	12.6913746533307	1.13531962507442e-10	15.7161325354173	1.61065933107614e-15	0	0	0	0	2.15526249610322	0.287423862643468	0	0	3.87435079481252	0.00388779250235132	2.13994696460265	0.247057095912896	0	0	0	0	7.81575125286458	2.04111557925384e-08	0	0	8.74122331324119	5.31382993219512e-10	7.56745558521535	6.84009028658793e-08	0	0	15.7161325354173	endo15	0	endo03
ENSSSCG00000012167	0	0	0.159801904454192	0.999982221946195	1.93883582836878	0.318239446446775	0.212974185531446	0.986379007086765	0	0	0.477022692754984	0.999963438149354	-3.33881397523354	0.0106412395575321	-4.29920825127539	0.000716722720641291	-5.45723845394478	2.91461234519134e-05	-2.91612458888066	0.0157748237384814	-6.00312000428805	3.16907119619567e-06	-3.11426185774345	0.0168781571787126	0	0	0	0	0	0	0	0	0	0	0	0	6.00312000428805	ovary15	0	endo03
ENSSSCG00000012254	1.30105151307418	0.999970279305184	0	0	1.16975573770389	0.842910368603106	0	0	0	0	0	0	0	0	0	0	0	0	0	0	7.16475032350432	7.09115883047907e-07	4.30352380128603	0.0100123927847333	0	0	0	0	0	0	0	0	0	0	0	0	7.16475032350432	ovary15	0	endo06
ENSSSCG00000012306	-0.521099743932976	0.999970279305184	-1.91036425130982	0.327281092371622	-3.39972338003857	0.00781209254461819	-2.46661786570227	0.0771365984647727	-3.11653853131536	0.018013366564975	-1.31496480927252	0.999963438149354	0	0	0	0	0	0	0	0	0	0	0	0	-1.87816313919296	0.477241544271755	-1.11044985679836	0.99998075372639	-0.990716914472187	0.999991240463336	-9.40982402608845	2.2012821231335e-05	-3.03081267787683	0.0663903011616926	0.111099585808815	0.999918096269946	9.40982402608845	ovid12	0	ovary03
ENSSSCG00000012409	0.612582724645331	0.999970279305184	2.87325484588552	0.0379771715285289	3.49614179599142	0.00530251892490049	1.79274968475702	0.28368156292304	-1.95610612279343	0.292900751522797	-1.1945399240537	0.999963438149354	6.52334371870551	2.54562749932691e-07	5.48069700253686	8.34502585459634e-06	5.6140435582852	5.20838512584387e-06	5.7907251221728	1.62199224968732e-06	-0.095795643247191	0.999560378701902	-0.156561080971974	0.999898616998068	-0.952896407438691	0.999905160632868	-2.1176574262047	0.284992729934129	-1.78909997066158	0.453688721822321	-2.14383007240375	0.186380832493881	-3.50481436845706	0.0103009952652889	-3.33332700844345	0.053837151161345	6.52334371870551	ovary03	2.54562749932691e-07	ovary03
ENSSSCG00000012482	-2.70684470575629	0.174158628494813	-4.70048944569427	0.000345154783459235	-3.61257339620209	0.00534121591923774	-3.97430719680502	0.00226814854776069	-2.85484745908886	0.0379443070876194	-2.1509404870717	0.535356812335274	-0.444449982415602	0.999746826372654	-0.739272045006489	0.911569700740584	-0.320905566442438	0.981645618467064	-1.02753680008915	0.648653538800299	0.0336715125588811	0.999560378701902	-1.81186519297962	0.330685016874049	-6.69378891037416	1.35894676802301e-05	-4.09904869003152	0.00320012469148442	-3.50063110194052	0.0128953364849944	-4.74876713631724	0.000509934052891948	-3.76496294604353	0.00808177874724643	-1.93809201666853	0.854478070637865	6.69378891037416	ovid03	1.35894676802301e-05	ovid03
ENSSSCG00000012490	-1.16762251934749	0.999970279305184	-2.18815416755164	0.192599386348092	-2.28103444559138	0.111071139342139	1.16944129659064	0.629001923305097	-0.172201578193111	0.999107661984216	0.16654850259474	0.999963438149354	-4.08763288405913	0.00145599140088277	-2.81020711505169	0.0322014505029951	-3.3021777322737	0.00970235521055779	-6.42091078239735	1.07835792735576e-06	-1.85325291077138	0.210424673120272	-1.28993907615028	0.693308862417359	-1.87430372506947	0.433776374858344	-1.984014355385	0.396354740642375	-2.11766490175243	0.291442560009159	-2.11882914222837	0.217031672261559	-0.887996925506332	0.999951635344029	-1.59072823640195	0.999918096269946	6.42091078239735	ovary12	1.07835792735576e-06	ovary12
ENSSSCG00000012546	0.847983462374909	0.999970279305184	-1.6947983928135	0.543389336017924	-0.928932435956326	0.859660047144297	-1.85567703472239	0.303280220420011	-0.0674027418158005	0.999107661984216	-0.705679110862467	0.999963438149354	-2.84901332582229	0.0503022337392874	-2.31423354711388	0.12601112283624	-3.37833102973434	0.0144998365953533	-10.0134228217651	2.39521544200141e-06	-4.07444645178622	0.00178535326775392	-0.367281528269403	0.999898616998068	-0.299574901659017	0.999905160632868	-0.989656417707119	0.99998075372639	-0.667980259059903	0.999991240463336	-3.88866971362848	0.0129087562942311	-1.29395099553612	0.999951635344029	-0.100815143117592	0.999918096269946	10.0134228217651	ovary12	2.39521544200141e-06	ovary12
ENSSSCG00000012584	1.43520357653726	0.999970279305184	-2.74560376743201	0.187511739353605	-1.15208909369153	0.784945081588933	-0.00672870903005532	0.998990462685686	-1.12160903663794	0.828150340473244	-1.57611867613305	0.999963438149354	0	0	1.85255858891752	0.378212972100228	5.50273956868583	2.51634502688267e-05	5.33551058253446	2.77144320530375e-05	0	0	0	0	-1.54745820325969	0.665546512007601	-0.629898404235767	0.99998075372639	-1.06428550265133	0.999991240463336	-3.1897971552748	0.0157673001199903	-0.252467454190164	0.999951635344029	-0.182177105220091	0.999918096269946	5.50273956868583	ovary09	0	ovary03
ENSSSCG00000012600	0	0	0	0	0	0	0	0	0	0	0	0	-2.11702907626328	0.413181002149303	-3.06949118008971	0.134818793298297	-2.77327914172385	0.20539680295175	-2.85313472425166	0.137542146609898	-7.27972847064155	0.00478890967357827	-3.31586870353986	0.103021393537732	-6.23027617277144	2.76649648638132e-06	-4.52777491648855	0.000470514409846593	-9.65360998264262	3.7614329919181e-10	-9.59520794537887	4.88950973927818e-10	-6.93954318366406	3.32868461574676e-07	-0.30493055583748	0.999918096269946	9.65360998264262	ovid09	0	endo03
ENSSSCG00000012607	-2.53309844976786	0.866433015574932	0.902237417838847	0.999982221946195	2.45224414671616	0.114673628037323	2.08879638244005	0.232997984040956	3.16120236643935	0.026422799922431	1.47337634201979	0.999963438149354	-3.73861806631304	0.00849166741771609	-2.74196371886367	0.056920756282667	-2.73461311333681	0.058428607654007	-9.74477381778874	5.70374403455346e-06	-0.450200799303946	0.999560378701902	-0.390426216027433	0.999898616998068	0.270178782806911	0.999905160632868	-1.82567352888756	0.574952569196713	-0.808913873602541	0.999991240463336	-0.441623104703177	0.999791955937091	-2.06117431726829	0.460329500738167	-0.708163162369568	0.999918096269946	9.74477381778874	ovary12	5.70374403455346e-06	ovary12
ENSSSCG00000012644	-2.856854755849	0.131966574249693	-6.80268904575222	4.18060188169984e-06	-1.65765555320455	0.351520230272708	-5.0855499203623	0.000163838593019286	0.465244770842372	0.999107661984216	-0.666789297352134	0.999963438149354	0.0571035713247071	0.999746826372654	0.251699583802573	0.999667845803702	-1.38157788512235	0.531847789365408	0.712260441966319	0.836347970994746	-1.33672471067284	0.522589230124204	-0.658939330048023	0.999898616998068	0.711830990922566	0.999905160632868	-0.320674249220513	0.99998075372639	-0.592317380076471	0.999991240463336	0.188054168766171	0.999791955937091	-0.686624537054689	0.999951635344029	-0.437443516861498	0.999918096269946	6.80268904575222	endo06	4.18060188169984e-06	endo06
ENSSSCG00000012650	0.0613137269103157	0.999970279305184	0.727295295342745	0.999982221946195	1.06212667785069	0.736257045069767	0.89263769862229	0.787714669270589	0.525733066922303	0.999107661984216	0.0893004787649408	0.999963438149354	0.833546905990286	0.931084013885762	5.84268720766399	2.28958093115102e-06	4.74309107197348	8.73857013109523e-05	0.921283505662659	0.713381784049674	0.297865313177515	0.999560378701902	-0.151084446008502	0.999898616998068	0.143139194520378	0.999905160632868	0.400957777415381	0.99998075372639	0.346277638201331	0.999991240463336	-0.561285235740541	0.999791955937091	-0.100695477206769	0.999951635344029	-0.0756628072059558	0.999918096269946	5.84268720766399	ovary06	2.28958093115102e-06	ovary06
ENSSSCG00000012668	0	0	10.152971734995	1.27006300990921e-06	0	0	0	0	0	0	0	0	0	0	0	0	0	0	0	0	0	0	0	0	0	0	0	0	0	0	0	0	0	0	0	0	10.152971734995	endo06	0	endo03
ENSSSCG00000012833	-8.71064996568383	0.000883777594705359	-8.74619999444939	0.000142439970728772	-8.66776765646848	0.000207092479798929	-4.46172177692621	0.00645948225010314	-8.71260646945314	0.000226470626937484	-8.81055026103839	0.000447455849291572	-4.2550043295341	0.00335684611381139	-3.5823024619241	0.0110364026352927	-4.26029257122473	0.00346160824039028	-3.36054426283517	0.0112066276901128	0.472848643404933	0.999560378701902	-9.8208641911185	6.02470173025332e-06	0	0	0	0	0	0	0	0	0	0	0	0	9.8208641911185	ovary18	0	ovid03
ENSSSCG00000012835	-3.52058117872159	0.0620747496361336	4.23914012551694	0.000667059566651681	3.4700077789351	0.00568583930967022	6.2118818664746	6.78034308168594e-07	-0.113303304250476	0.999107661984216	-1.52017752744494	0.999963438149354	2.30495407058779	0.334604378814645	2.23007596717168	0.314607806447751	0	0	0	0	0	0	0	0	-0.388198628224456	0.999905160632868	-1.98366174081818	0.693079820100045	-1.6399055512208	0.849776435147982	-1.58057103624594	0.731842552565576	-2.3211168323557	0.561606088917896	0.136475323053842	0.999918096269946	6.2118818664746	endo12	0	ovary09
ENSSSCG00000012883	0	0	0	0	0	0	0	0	0	0	0	0	7.61981837940195	0.00303979070856551	0	0	0	0	0	0	9.01041836701972	2.7489133855273e-05	0	0	0	0	0	0	0	0	0	0	0	0	0	0	9.01041836701972	ovary15	0	endo03
ENSSSCG00000013015	0	0	7.48725289562003	3.93117258970855e-07	5.91613979383689	7.81800797083462e-05	0	0	5.55919615793294	0.000363310438172959	3.57430643331199	0.191936274094421	0	0	0	0	0	0	0	0	0	0	0	0	3.71768784965457	0.0643439336805886	0	0	0	0	0	0	0	0	0	0	7.48725289562003	endo06	0	endo03
ENSSSCG00000013102	-0.829920219117514	0.999970279305184	-3.44229173483985	0.0137097663814695	-3.00185745412244	0.0287072247268543	-3.35779231857781	0.0142221294774045	-0.59193917727277	0.99411772786583	-0.944479913843393	0.999963438149354	0.330807103764292	0.999746826372654	1.47746287521128	0.542384221456346	1.43504869504962	0.549355109325397	1.62971087249518	0.36344300707352	7.179023927834	2.39411891100484e-08	3.49364180507959	0.00891529308581023	-2.03867325647444	0.523818576720123	-0.827308676216902	0.99998075372639	-0.158049029319173	0.999991240463336	-0.458767162777278	0.999791955937091	0.0597468974346443	0.999951635344029	-0.383590361312962	0.999918096269946	7.179023927834	ovary15	2.39411891100484e-08	ovary15
ENSSSCG00000013148	-7.60360766272245	0.0146642387696674	5.2250345155333	3.54900304203839e-05	5.36581723175957	1.7699015255416e-05	2.37288856239108	0.112324412850118	1.17287170008268	0.754168848786089	-0.74222109868823	0.999963438149354	-7.31764838442857	0.00850102383912692	-0.88285768650718	0.910692599270208	-7.17971478919605	0.0128198528306246	-1.96035613356725	0.350552782696583	-0.116706404215767	0.999560378701902	0.232033843394706	0.999898616998068	-8.19092204501868	0.00109130234416539	1.57470207408094	0.738598656917045	-1.47204339766869	0.849381254509174	-0.764981054403908	0.999791955937091	-0.400372483514467	0.999951635344029	-1.55739354189529	0.999918096269946	8.19092204501868	ovid03	1.7699015255416e-05	endo09
ENSSSCG00000013236	4.81405693194046	0.000865958767569797	-3.1465122804088	0.168211498723967	4.73070499456125	0.000188750897789719	0.664384450861432	0.909259153715706	1.16153809011774	0.778864530241249	-1.74434273523233	0.999963438149354	2.90301537590219	0.0277126713259523	0.889347125542181	0.835189467838152	2.24574197499839	0.10928701046134	1.22654496855274	0.518075942477881	2.13572100911042	0.115749049015688	0.970443776362654	0.900708715242699	6.69188900130528	1.95373780688939e-06	1.88268625761445	0.678543334853196	6.0462580125198	1.25537146168515e-05	0.669781687503463	0.999791955937091	1.81036599644755	0.817880639431148	0.484264499057692	0.999918096269946	6.69188900130528	ovid03	1.95373780688939e-06	ovid03
ENSSSCG00000013248	-1.00254070184097	0.999970279305184	-0.694953824918528	0.999982221946195	-2.45905198433306	0.0698182512696034	-2.32053370732299	0.0977680531490285	-2.74726300853832	0.0403997998385769	-0.654939251339709	0.999963438149354	-5.08943523313724	4.55304383067989e-05	-4.02246670266054	0.00104840733335031	-3.66105648639501	0.00283962907697448	-6.20407947154527	3.74275887383035e-07	-2.56555443253475	0.0403228223061896	-4.52606009292808	0.000277561853842228	-1.70970538234017	0.519882311870084	-1.3077712695265	0.914109276760345	-0.795908414757981	0.999991240463336	-0.957186299670976	0.952135553445667	-0.922027163649916	0.999951635344029	-0.0476370383538917	0.999918096269946	6.20407947154527	ovary12	3.74275887383035e-07	ovary12
ENSSSCG00000013252	-0.654544499474302	0.999970279305184	-0.647239732486337	0.999982221946195	-1.4416917512272	0.545180841205463	-1.57304616008605	0.460560928844282	0.823639857059964	0.929404149904042	0.14330915734957	0.999963438149354	-4.08819806261344	0.00258693686397899	-3.84240667107588	0.0037703352447586	-3.65237124922418	0.00645470844428961	-7.18478849360987	4.04273192885636e-06	-1.23626605013629	0.578123278763206	-0.416962069975986	0.999898616998068	-0.275349579959301	0.999905160632868	-0.374258508709083	0.99998075372639	-0.68849271667889	0.999991240463336	-0.365707836594315	0.999791955937091	-0.607791827265393	0.999951635344029	-0.263771816971696	0.999918096269946	7.18478849360987	ovary12	4.04273192885636e-06	ovary12
ENSSSCG00000013320	0	0	0	0	0	0	0	0	0	0	0	0	-4.54223276887629	0.00212854928273407	-3.23810716974571	0.021339921681807	-4.23385573702653	0.00376378308089523	-9.56914194238588	1.02287862479692e-05	-4.03804184021258	0.00261665252095349	-0.945583860924144	0.935539982844572	0	0	0	0	0	0	0	0	0	0	0	0	9.56914194238588	ovary12	0	endo03
ENSSSCG00000013337	-0.0919794107907401	0.999970279305184	-1.8758176211336	0.361245895360224	-2.99571960243457	0.0254322399320607	-1.78229350429402	0.295393367845001	-2.15216745833961	0.17559437994151	-1.3955389073077	0.999963438149354	-5.18370700915886	6.02203739752656e-05	-6.48593532353044	1.09226669032984e-06	-6.37219802652727	1.98114509501777e-06	-12.4991037277697	3.80599207786462e-10	-0.707976752544393	0.923759090019059	-3.67137888734773	0.00366746409973253	0.295608878986622	0.999905160632868	0.110780881677163	0.99998075372639	0.343051994075641	0.999991240463336	0.21143397126244	0.999791955937091	-1.41275518890611	0.906100691285668	-0.523667994448085	0.999918096269946	12.4991037277697	ovary12	3.80599207786462e-10	ovary12
ENSSSCG00000013369	0	0	0	0	0	0	0	0	0	0	0	0	2.89953427082973	0.223343848055241	0	0	0	0	0	0	0	0	3.49113126330235	0.0717861604548233	-1.1070157860462	0.999905160632868	-6.27172623131306	1.85512790678391e-06	-5.57094130020553	1.5655242850347e-05	-4.997419709148	7.78580802947684e-05	-8.68584784848689	1.29926316812925e-09	-3.27160672733207	0.0595940122469679	8.68584784848689	ovid15	0	endo03
ENSSSCG00000013378	0.240637122488222	0.999970279305184	-3.18447390156147	0.0758258387838436	-4.9060564447445	0.00682508625537963	-1.43858389161734	0.568526888358658	-4.07514543444298	0.0180959966283396	-0.44244565300311	0.999963438149354	3.62125589117687	0.0227445401810173	6.53833966849314	2.45783964801221e-06	6.85673018258476	8.45716685261501e-07	7.3894152808378	7.46910225660115e-08	4.29008739981678	0.00215791139596075	0	0	-2.77341371478791	0.124807177341817	-3.22539644004596	0.0523319591637807	-1.98098445212113	0.423946183296271	-9.05286842199112	6.7188757325382e-05	-2.7978736811158	0.124738550558559	-1.62488477579673	0.999918096269946	9.05286842199112	ovid12	0	ovary18
ENSSSCG00000013462	-0.0338213289726698	0.999970279305184	-4.38929352511335	0.00132957823532874	-5.20675591804143	0.000209264443014258	-10.3319571845084	8.26724727226968e-07	-6.25803149723659	4.20270529057539e-05	-3.07078869579316	0.0846902056198302	-3.14636315376411	0.141108683028587	-0.88285768650718	0.910692599270208	-2.84317100733785	0.184252840777249	-7.21441869110356	0.0065751735680549	0.295931516459603	0.999560378701902	-0.654994267150083	0.999898616998068	-1.5956137358291	0.732599376580502	-3.10825747831585	0.0698968550741549	-3.4279811785141	0.03440120457449	-4.89384708043122	0.00248087215201719	-1.97714614242998	0.524143358443654	-0.512072869117605	0.999918096269946	10.3319571845084	endo12	8.26724727226968e-07	endo12
ENSSSCG00000013556	0.493099211632737	0.999970279305184	-0.843681990187337	0.999982221946195	-0.18335893212328	0.999890466505892	1.1090345764128	0.71865144215199	-1.76116176624547	0.514416999409847	0.0223572096199522	0.999963438149354	0.362261150413091	0.999746826372654	0.689197617625379	0.957002702256458	2.05947957956581	0.235546636470319	-0.399269896741121	0.950189818730375	5.27898710998064	2.20780125386526e-05	2.48257270636189	0.126413954243341	0	0	0	0	0	0	0	0	-0.269227778685064	0.999951635344029	0	0	5.27898710998064	ovary15	0	ovid03
ENSSSCG00000013665	-0.500178732650414	0.999970279305184	-4.62039284938109	0.00513604934020241	-8.64086754036467	0.000217935629709551	-4.43482227070653	0.0068335047725488	0.408552535273191	0.999107661984216	0.974771625168817	0.999963438149354	3.48048768536282	0.0770654987387596	6.68786124105364	6.35855377025226e-06	4.71002462661049	0.00315788933778686	0	0	0	0	0	0	0	0	3.20476811688165	0.201464923804566	4.64429405116332	0.00649292130567276	0	0	0	0	0	0	8.64086754036467	endo09	0	ovary12
ENSSSCG00000013714	-1.96895843722178	0.60989933527835	-8.08169297628983	2.15120648863132e-09	-8.4269273880035	1.02732781581258e-09	-4.59892900102065	0.00016625359695068	-4.23245804180333	0.000724295833837795	-0.118126474417917	0.999963438149354	-4.81391246101345	0.00288279131071762	-2.29014670611636	0.165468243107269	-8.84663832573974	0.000173011265053659	-4.59012509381718	0.00263585121246751	-0.0783544779989275	0.999560378701902	-0.554743054402421	0.999898616998068	-1.1913440948718	0.983575865797325	1.05209915099905	0.99998075372639	0.892454917695835	0.999991240463336	-0.0139557985616419	0.999791955937091	0.28265394858802	0.999951635344029	0.937329510583853	0.999918096269946	8.84663832573974	ovary09	1.02732781581258e-09	endo09
ENSSSCG00000013787	0	0	0	0	0	0	0	0	0	0	0	0	0	0	0	0	0	0	0	0	6.3463872891571	1.16451106383552e-05	3.54743158001534	0.0638379951980987	0	0	0	0	0	0	0	0	0	0	0	0	6.3463872891571	ovary15	0	endo03
ENSSSCG00000013835	0	0	0	0	0	0	0	0	0	0	0	0	0	0	0	0	0	0	0	0	10.7477480885649	7.55190086154845e-08	0	0	0	0	0	0	0	0	0	0	0	0	0	0	10.7477480885649	ovary15	0	endo03
ENSSSCG00000013842	-0.357655734131058	0.999970279305184	1.25563568179872	0.950838276718012	0.967417928755484	0.901163177965241	1.6511320006227	0.461808446855155	0.216123294631937	0.999107661984216	0.95345309099271	0.999963438149354	0	0	0	0	0	0	0	0	5.92757053800165	2.01101551242913e-05	6.32241720353979	1.24822674838159e-05	0	0	0	0	0	0	0	0	0	0	0	0	6.32241720353979	ovary18	0	ovary03
ENSSSCG00000013880	0	0	0	0	0	0	0	0	0	0	0	0	3.99265004797647	0.0229121683445575	0	0	4.03419890212714	0.0179237775055911	4.21625452900698	0.00692997858262268	6.35531375601163	1.15413453189194e-05	5.07117687465293	0.00132480921051577	0	0	0	0	0	0	0	0	-0.58629755364793	0.999951635344029	0	0	6.35531375601163	ovary15	0	endo03
ENSSSCG00000013887	0	0	0	0	0	0	0	0	0	0	0	0	-3.83238826243366	0.00234784536804444	-6.83733984739468	9.45485206509061e-08	-4.74866373316522	9.20673399342709e-05	-7.84226498933673	1.81679971260995e-09	-3.97806178907491	0.000742465411268035	-0.298375083244724	0.999898616998068	-2.74788243402897	0.17774732441885	-3.45122170055688	0.0576639758771707	-8.33397864741632	0.000659684793353845	-8.30265331111852	0.000574637303878635	-4.42936869667843	0.0140235842608662	-4.18752716741851	0.0772715927217849	8.33397864741632	ovid09	0	endo03
ENSSSCG00000013890	0	0	0	0	0	0	0	0	0	0	3.74438339389494	0.326534444137391	0	0	0	0	0	0	0	0	0	0	0	0	-9.58213895626114	1.60131586392558e-05	-9.6541788939749	8.80841758772005e-06	-5.59207258385183	0.000435347716399594	-6.44867699925633	0.000120168139380341	-5.70248528390912	0.000459700484174517	-3.52599996501565	0.0772715927217849	9.6541788939749	ovid06	0	endo03
ENSSSCG00000013909	0.208758473547688	0.999970279305184	-1.81205776195581	0.411917739818259	-1.02872995274625	0.77882250723504	-1.0744472547278	0.699651472748807	-1.61126576057326	0.426153409213166	0.0856556237603089	0.999963438149354	-5.10485442079749	0.00135603340097009	-5.0979029296072	0.00111763627970075	-3.26442973032322	0.0272041287217383	-9.17240851160513	3.6003600836538e-05	2.74826031527198	0.0276059462495963	-0.649819192784929	0.999898616998068	-2.06903063823938	0.416970218571623	-1.79299574537683	0.634951252964938	-0.955073653545224	0.999991240463336	-2.63377821375234	0.134792290203345	-0.824490053712318	0.999951635344029	0.508703585492247	0.999918096269946	9.17240851160513	ovary12	3.6003600836538e-05	ovary12
ENSSSCG00000013934	-1.47408588167774	0.999970279305184	5.90145203468862	3.29551479384319e-06	6.89318690445878	8.5578340381953e-08	0.0896142598652635	0.994305540817406	-3.41502541774721	0.0815418566754028	-2.64928827074298	0.557558191478787	-0.502934559358283	0.999746826372654	-0.42581395439488	0.999667845803702	-1.91087462207521	0.378269431121999	-7.81875805626402	0.00167200865033386	-0.890071984202098	0.876015939508058	0.780842141175096	0.999898616998068	1.70774504141428	0.526133962187402	-1.5940852096462	0.684341114490448	-2.47059600444994	0.140558240961446	-0.236634805042567	0.999791955937091	-1.11576195708091	0.999951635344029	-0.190381321918766	0.999918096269946	7.81875805626402	ovary12	8.5578340381953e-08	endo09
ENSSSCG00000013976	0	0	0	0	0	0	10.0320823748989	1.15377717575116e-06	10.1038148436274	2.09150106612212e-06	0	0	-0.148249388764465	0.999746826372654	7.33774248162977	3.01126289339801e-08	5.52003528827825	1.31322227480113e-05	4.9013028420059	6.04252836902577e-05	4.11852390199597	0.000831228527631774	-1.38258742525463	0.793521717721321	0	0	8.20855441436725	0.00158833034593889	7.51566118554136	0.00757390760749172	0	0	7.87628986586856	0.00469110240836639	0	0	10.1038148436274	endo15	0	endo03
ENSSSCG00000014008	0	0	0	0	0	0	0	0	0	0	0	0	0	0	0	0	3.42365458781334	0.042025698870511	3.21802297560699	0.0468874458489155	0	0	2.6139441605686	0.253887410447733	-2.66769932643984	0.13335624233499	-5.52941529747609	0.000582282451207883	-5.44375065301748	0.000696753035102995	-9.42728589869275	2.09440735874004e-05	-5.55415503964672	0.000636111543277808	-1.03825423420322	0.999918096269946	9.42728589869275	ovid12	0	endo03
ENSSSCG00000014047	-0.0909370006711029	0.999970279305184	0.520423682324744	0.999982221946195	0.171068159393579	0.999890466505892	1.96535131069271	0.20975501016855	-0.0949868032880711	0.999107661984216	1.24318302824208	0.999963438149354	-2.62438552298457	0.0592494439956621	-3.60157027973229	0.00399286884972951	-3.8872566401681	0.00172797710336041	-5.18153671501229	2.07226209714603e-05	-1.72636470931304	0.261353762744376	-2.58922431437083	0.0633394285703404	2.65024588728512	0.0860149250629226	2.05893145643033	0.330446965920804	1.57704157975002	0.629049321384685	-1.29913362500896	0.741092103590395	0.195882962979688	0.999951635344029	0.677843142087587	0.999918096269946	5.18153671501229	ovary12	2.07226209714603e-05	ovary12
ENSSSCG00000014091	-0.633040683709862	0.999970279305184	0.892083843254556	0.999982221946195	-0.329803906823362	0.999890466505892	0.409347151913462	0.953952705958149	0.623995590846091	0.986105978202707	-0.36196950175806	0.999963438149354	-7.31698514837327	3.87022625395798e-08	-6.2367609156139	8.19240453535054e-07	-5.93117706614159	2.44796206652766e-06	-4.75604808234169	6.04252836902577e-05	-1.50585167977447	0.376866484564658	-3.7715047259112	0.0024009747214136	0.693997185331154	0.999905160632868	1.39846369743095	0.843963853852868	1.82561403182472	0.425582009488774	1.77334143595255	0.357741761108744	-0.415551741738482	0.999951635344029	0.119733334141937	0.999918096269946	7.31698514837327	ovary03	3.87022625395798e-08	ovary03
ENSSSCG00000014117	-0.0400261417777995	0.999970279305184	-1.40763819020615	0.987811390355326	0	0	-1.22018137449868	0.789887439403763	0.535168712747928	0.999107661984216	0	0	-2.35566092588988	0.141108683028587	-1.35202526134129	0.566828084613918	0.108312858669599	0.998222116202975	-3.69773652402518	0.00456241621310567	-0.0252966347319621	0.999560378701902	1.43477322479687	0.592925329414344	-2.27526673898199	0.198923291800656	-5.01027818889414	0.000140596522144832	-2.55572680070384	0.103443150275471	-5.98966672718088	7.62479601145947e-06	-0.558231950973533	0.999951635344029	-2.43277191881299	0.374212588052953	5.98966672718088	ovid12	0	endo09
ENSSSCG00000014169	0	0	0	0	0	0	0	0	0	0	0	0	7.41928429960639	0.00492890773594426	9.34285648812255	1.4770930687973e-05	9.51321152343108	5.33541852957532e-06	14.6230787983212	9.86383073496321e-14	13.5946350945434	3.27923092170928e-12	0	0	0	0	0	0	0	0	7.65913029494878	0.00374626608921857	9.21242070101257	0.000121640887504197	0	0	14.6230787983212	ovary12	0	endo03
ENSSSCG00000014186	0	0	0	0	0	0	0	0	0	0	0	0	0	0	8.61993916865418	0.000158944590401449	8.82109053098808	5.02119909409895e-05	10.1595303124766	3.92160783649919e-07	0	0	0	0	0	0	0	0	0	0	0	0	0	0	0	0	10.1595303124766	ovary12	0	endo03
ENSSSCG00000014198	0	0	0	0	0	0	0	0	0	0	0	0	-7.75135445987335	7.23097606178286e-08	-7.74433050730719	7.14121269575361e-08	-8.93559888737861	1.74065092896598e-08	-12.376774747499	6.09080449069934e-10	-3.90117879168238	0.00118063250967222	-6.61628447448745	9.92946798634919e-07	-1.54027409742394	0.999905160632868	0.871663150782416	0.99998075372639	-0.156997750197077	0.999991240463336	0.437815620789086	0.999791955937091	0.173197013819667	0.999951635344029	-1.14081086031812	0.999918096269946	12.376774747499	ovary12	0	endo03
ENSSSCG00000014256	-0.199731457251138	0.999970279305184	1.18185293334145	0.875076672814704	1.48864751312376	0.43524380252273	-0.0731256140501632	0.995152472124031	-1.52097559263593	0.462631149496084	-0.298881563701537	0.999963438149354	-0.129485695524067	0.999746826372654	-2.99938167302208	0.0182688359075428	-3.97289067515486	0.00113395497365192	-4.8533783929033	4.07364535714632e-05	-5.53546203653649	4.14529883050272e-06	-4.19023444686813	0.000783798124651091	1.80796103758136	0.453083922296261	-1.1554420929133	0.99998075372639	-1.16412315563712	0.981059124749844	-1.79874552335827	0.365107321838305	-0.403004977409152	0.999951635344029	0.113837072791134	0.999918096269946	5.53546203653649	ovary15	4.14529883050272e-06	ovary15
ENSSSCG00000014257	1.61189833732645	0.999970279305184	6.90120935462125	6.40875601869922e-08	7.29176326317149	1.32599938169992e-08	1.50523492576828	0.444794275519653	0.0677066687431967	0.999107661984216	-0.102830603895745	0.999963438149354	-2.29727093735569	0.194969323856272	-1.70984386628928	0.386367432713204	-1.25390875289964	0.633369899768513	-0.57372861034619	0.887659248874297	-0.711446498157901	0.938439057582649	1.92859511416173	0.284810214933156	-0.110259294037666	0.999905160632868	-0.874660380631697	0.99998075372639	1.58037413888652	0.745672405768948	0.613291003974342	0.999791955937091	0.501602001939142	0.999951635344029	-0.503124615171793	0.999918096269946	7.29176326317149	endo09	1.32599938169992e-08	endo09
ENSSSCG00000014293	1.20021801525235	0.999970279305184	1.70496613080704	0.461293763779318	3.49409751328504	0.00495548214782427	4.66316968238634	0.000131029512699793	3.52289144876186	0.00563754077134632	2.48254402052051	0.252734551459708	4.31327952953356	0.000561692422388648	4.42202071454932	0.000336773799495729	5.41063259544216	1.09597010630738e-05	5.0839299173175	2.0115114216604e-05	1.96458853167873	0.172516512982142	1.13353058021928	0.812368260966402	1.16880271232176	0.999905160632868	1.90641631258402	0.419065485026106	2.48556953199539	0.118322008474386	1.31389611058663	0.69780557979586	1.8949496130335	0.477221699267384	2.27758543341603	0.479362534704407	5.41063259544216	ovary09	1.09597010630738e-05	ovary09
ENSSSCG00000014310	-0.397431469721338	0.999970279305184	-2.01575836476608	0.269797455087947	-2.27072029737492	0.110727317963494	-2.60266989046176	0.0558564188574242	-1.35905798416934	0.565625302864044	0.303072971086441	0.999963438149354	-0.960446214000976	0.863835793435645	-0.779914202790935	0.894429695672759	-1.88800119174	0.23156570188363	-0.252742321931242	0.966637684499044	3.75607251042859	0.00144887476160119	5.22411046456873	2.79392186145835e-05	-6.03645083286391	3.4159156702587e-06	-4.66462130392334	0.000277289204527951	-4.75906237744475	0.000182679298754189	-3.9663634003621	0.00159658402258491	-2.83534968917693	0.0552991361803264	-3.99406546862667	0.0103285608763814	6.03645083286391	ovid03	3.4159156702587e-06	ovid03
ENSSSCG00000014426	-7.13255819768583	0.039023590554922	-2.11176133934276	0.519685119041611	-0.972200572008207	0.90916109303282	0.214147006317708	0.986150609622786	2.16293747089549	0.21095991859376	1.04398395499092	0.999963438149354	0	0	0	0	0	0	0	0	6.86689257306078	1.88614114858841e-06	3.02006054078032	0.1787690487935	-5.09991141877691	0.000565164045033477	-4.09025393280233	0.00480553737000549	-4.57717584454846	0.00153654955712634	-4.51765073990513	0.00135969588286059	-5.25874638684846	0.000479105793548038	-1.84346988814934	0.9595889245014	7.13255819768583	endo03	0	ovary03
ENSSSCG00000014725	3.25681495114599	0.0390835249103343	-0.0688130085759439	0.999982221946195	1.92291990767885	0.221617451663362	3.80122374951931	0.00221953788069051	0.122534245344026	0.999107661984216	2.70491525568555	0.159050197358509	5.71632099939131	5.5308519668804e-06	-0.243993650500111	0.999667845803702	1.88727921312044	0.24507172803387	1.64709901147391	0.301735050487362	1.01562230065442	0.747745233615488	0.499648036310079	0.999898616998068	2.71727847611238	0.0975614561293391	1.78003300028151	0.597822738403643	2.19592421630196	0.28613116617624	3.24866863963415	0.0184392432935934	0.475355934965612	0.999951635344029	0.42235685488891	0.999918096269946	5.71632099939131	ovary03	5.5308519668804e-06	ovary03
ENSSSCG00000014727	3.76893646522587	0.0354882466306325	0	0	3.12898044193711	0.0415029902882629	4.85720513182039	0.000346886862704302	0	0	3.16909477474841	0.142665001991896	7.31908459754784	8.62951633733451e-07	0	0	3.09629663702718	0.134273131706352	4.01059693195818	0.011880092914522	0	0	0	0	0	0	0	0	0	0	3.74855699898017	0.116168359776296	0	0	0	0	7.31908459754784	ovary03	0	endo06
ENSSSCG00000014833	0.0797055633150707	0.999970279305184	-1.0355923868026	0.987811390355326	-1.38966490825345	0.509208698778752	-0.933892356442964	0.768900444815483	-1.60623428230663	0.410090004714259	-0.687833956041721	0.999963438149354	2.83076574104122	0.0341935190285614	4.63874665649216	0.000157338002530022	5.79034309563844	2.89089929613922e-06	1.61913587200705	0.292455267618409	2.65963761517664	0.0327615317815055	3.45593007480816	0.00589167598438986	0.0648585578895283	0.999905160632868	0.50220517080697	0.99998075372639	0.847605251476031	0.999991240463336	-1.03078727991376	0.909888847450856	-0.111051168839101	0.999951635344029	-0.557750613936512	0.999918096269946	5.79034309563844	ovary09	2.89089929613922e-06	ovary09
ENSSSCG00000014843	-2.0800940866965	0.606521407646075	-2.52913776280662	0.121831785375229	-1.60442884644413	0.405260032408214	-2.07675369971239	0.201447395611795	-1.69868793635172	0.391811424007393	-0.385331070694602	0.999963438149354	-4.0512039737021	0.00171117545185213	-5.71058497062371	1.18452547869433e-05	-4.82640012317825	0.000147973845458455	-4.64723468079481	0.000142362111044648	-2.31528847019897	0.0804545945280365	-4.71130680970434	0.000251010352567089	2.38581011930715	0.151135968782736	-7.36645676035747	1.83057667574357e-07	-5.3025137956565	5.03024602738657e-05	-6.4947618744418	1.24456831118609e-06	-3.29305288788803	0.0184691198498274	-0.542600123888341	0.999918096269946	7.36645676035747	ovid06	1.83057667574357e-07	ovid06
ENSSSCG00000014876	-1.30657464056858	0.999970279305184	-2.34494104846357	0.152435124163046	-3.498320149863	0.00784344838969072	-4.0505832815101	0.00218086944985923	-3.95227225771435	0.00314328697913293	-0.672174518177648	0.999963438149354	0.133703749908834	0.999746826372654	0.374457076637674	0.999667845803702	0.915815494850745	0.77526922421059	-0.109325433502718	0.985653075155936	0.765202726783628	0.892975229382957	0.108611021490959	0.999898616998068	-2.74826022154322	0.0684056666529836	-3.4773658715686	0.0119626152623175	-3.6109324680824	0.00736157151586763	-5.92448895634611	1.23252740786834e-05	-3.86844936816208	0.00469230299894808	-1.24907651561858	0.999918096269946	5.92448895634611	ovid12	1.23252740786834e-05	ovid12
ENSSSCG00000014977	-0.207312906898312	0.999970279305184	-1.34494733627537	0.739932130378508	-2.16429177545486	0.130119294165597	-2.13609233915852	0.143501672383987	-2.11404635280799	0.170314302080723	-1.32059565589588	0.999963438149354	-3.48614541036396	0.00590477797612529	-3.04386026702547	0.0168315898608028	-4.21622780404642	0.000561010454270113	-4.60561789137456	9.64213690419326e-05	-6.11220659865587	6.69619966653926e-07	-5.68004243604608	7.6551760519746e-06	-3.27556011759285	0.0155395817827661	-3.27849251375251	0.0167707396833784	-3.39733912237943	0.0107050300935338	-3.06551562493894	0.0206734003011946	-1.35621467254071	0.973412028991593	0.267356836057324	0.999918096269946	6.11220659865587	ovary15	6.69619966653926e-07	ovary15
ENSSSCG00000014982	-0.52617929809382	0.999970279305184	-6.1369297393387	1.02008357272564e-06	-10.0222439854328	6.69973757901474e-12	-8.43679191941395	5.9942844092274e-10	-2.51420556995685	0.0708772537917404	2.80177437657977	0.111740029877851	0	0	0	0	0	0	0	0	0	0	7.43087910344397	0.00538061466710526	2.33092632903602	0.312243585884609	6.96022437390473	4.81436815061156e-07	6.50505262887835	2.23314804996974e-06	3.8812328083326	0.00625692866840096	5.82643717912273	2.74578310648401e-05	3.71133924922211	0.0531941403067527	10.0222439854328	endo09	0	ovary03
ENSSSCG00000014983	0	0	0	0	0	0	0	0	0	0	0	0	0	0	0	0	0	0	0	0	10.5542275374518	1.45740531851069e-07	0	0	0	0	0	0	0	0	0	0	0	0	0	0	10.5542275374518	ovary15	0	endo03
ENSSSCG00000014985	0	0	0	0	0	0	-0.772878558276286	0.908274064313241	0	0	4.85265160707843	0.00086691838715462	-6.03326302441675	3.67974392474533e-06	-4.31827784626169	0.000544601243686867	-8.46620963480814	1.44223288814591e-08	-5.61226380206994	6.3753866128643e-06	2.77943249574242	0.0225161520754914	-0.782451822523792	0.999898616998068	0	0	0	0	0	0	0	0	3.62370464326058	0.0302633517983496	0	0	8.46620963480814	ovary09	0	endo03
ENSSSCG00000014988	-2.44459372821786	0.323431358132128	-3.91145343703947	0.00355280088501159	-6.48640237863599	1.12459549619726e-05	-10.6519936187234	3.39596844695373e-07	-0.933238217797749	0.860245633578927	0.130675341579329	0.999963438149354	-1.64745979746075	0.603290556996459	-1.85881021073531	0.422649441291167	-7.42966052322631	0.0075727181070802	-3.17302202899915	0.0753174433119702	8.19616870993509	4.69226971945521e-10	7.37005713618092	3.31424545669497e-08	-0.590393969224795	0.999905160632868	0.335436303056457	0.99998075372639	-2.88613632424373	0.319823469017291	-0.895230964045299	0.999791955937091	0.722826065390225	0.999951635344029	-0.0228359263723401	0.999918096269946	10.6519936187234	endo12	4.69226971945521e-10	ovary15
ENSSSCG00000015049	-4.07044315820495	0.00457653243181385	-5.23031500290785	3.15490718769631e-05	-6.20770380121465	1.2941665935483e-06	-5.90160452142635	3.45765134457337e-06	-7.76511253987573	3.76529190771622e-08	-7.2943576527777	2.28310219954805e-07	0.258151320159171	0.999746826372654	-1.79044059224952	0.534747817526148	-3.38426322317424	0.153961020600385	-6.82513384370811	0.0148626380537958	-1.55042548590862	0.587768784081072	-1.06284014506721	0.960573444484148	0.674113655252763	0.999905160632868	-0.233276123398906	0.99998075372639	0.290932048583936	0.999991240463336	0.718474959363678	0.999791955937091	-0.314610773560991	0.999951635344029	-1.7887948751044	0.958910699012023	7.76511253987573	endo15	3.76529190771622e-08	endo15
ENSSSCG00000015101	0	0	0	0	0	0	0	0	0	0	0	0	-3.97106262162831	0.00587288285124508	-4.53517758213141	0.00176079767808635	-9.53424646396239	2.15028363956553e-05	-5.27776166279101	0.000329177584039469	-3.31247859367191	0.0120703280090336	-1.0466396492819	0.879126055046783	0	0	0	0	0	0	0	0	0	0	0	0	9.53424646396239	ovary09	0	endo03
ENSSSCG00000015268	1.26822151631736	0.999970279305184	0.866136288807737	0.999982221946195	0.19123251756643	0.999890466505892	-1.32962164930799	0.532189831493342	-0.20841672993826	0.999107661984216	-0.761459064203934	0.999963438149354	3.09224136457398	0.0168872099441487	7.19549174470971	3.01126289339801e-08	7.0859678126928	2.90304006698482e-08	5.16650817028623	1.39809916923304e-05	-0.112885794832035	0.999560378701902	1.15116932482947	0.79019548926208	0.920412197118064	0.999905160632868	1.92915024872301	0.397135694258504	2.20576973986224	0.214136563115574	1.07460615233466	0.878047996932752	0.377090047822032	0.999951635344029	-0.968863496114749	0.999918096269946	7.19549174470971	ovary06	2.90304006698482e-08	ovary09
ENSSSCG00000015272	-0.897961212901754	0.999970279305184	4.69117668761221	0.000188371359426212	5.75045492308685	4.10748916951848e-06	6.06765904030665	1.28642301988993e-06	1.74707794598195	0.374873700638171	-2.08531628984801	0.86706080423616	0	0	0	0	0	0	0	0	0	0	0	0	-1.23799849878928	0.999905160632868	-0.892724190502646	0.99998075372639	-2.57914194644993	0.310555309140374	-1.54281530410557	0.711182622326462	-0.558574706007942	0.999951635344029	-7.47910636556674	0.0319518299720888	7.47910636556674	ovid18	0	ovary03
ENSSSCG00000015320	-0.724227716676036	0.999970279305184	-2.3038221312937	0.156073932192995	-5.27196431165627	6.34082862747345e-05	-6.223562275745	6.48137719278355e-06	-4.91214544516888	0.000226470626937484	-3.02476209802996	0.0783177409061905	-7.73042320229519	0.00325364198690915	-2.9941081887548	0.106233628195137	-7.59226240084656	0.00520862846191628	-7.62702553203128	0.00268846099874319	-2.6662742882113	0.122329067866247	0.438084880157814	0.999898616998068	-3.07057366796422	0.129772026084292	1.99698551847333	0.40606921141797	0.162580623670413	0.999991240463336	-1.62775976608759	0.610676287896271	-1.67636566979661	0.844953962362026	-0.0229501670232387	0.999918096269946	7.73042320229519	ovary03	6.48137719278355e-06	endo12
ENSSSCG00000015334	-0.154029578779012	0.999970279305184	-0.632297070795944	0.999982221946195	-1.37347986356128	0.514332398028804	-0.351349763788422	0.960288706470382	0.420455618017282	0.999107661984216	-0.622053020804282	0.999963438149354	-6.24467680515452	6.62497485711938e-07	-5.06290638944099	3.53185173353635e-05	-5.86979132105738	2.16717916268383e-06	-5.62085371559801	2.77003395564584e-06	-3.07317219554896	0.00986258192346516	-3.83365050750173	0.00196193234329564	1.23117112120347	0.953949398090217	1.12871301508276	0.99998075372639	1.04997516050173	0.999991240463336	0.867563863332965	0.999791955937091	-0.402260121993062	0.999951635344029	-0.606058721232924	0.999918096269946	6.24467680515452	ovary03	6.62497485711938e-07	ovary03
ENSSSCG00000015342	0	0	0.504276317664451	0.999982221946195	0.665772086745344	0.999890466505892	0.693679679276477	0.914250193734907	0.0917977110747226	0.999107661984216	0.378368543508057	0.999963438149354	-2.75686910146988	0.265912213323834	0.874818210781463	0.897320311612453	1.43183969759845	0.555828497363903	0.790313190125965	0.83953049148374	0.560611440883592	0.999560378701902	-1.47031024643	0.778823467006126	3.98918051581655	0.00340963334380383	6.99458147901583	1.85502302512085e-07	7.49704029860108	2.29746932438196e-08	7.21649179697123	5.01273446629916e-08	3.55790547515212	0.0133689649357238	2.38927969605276	0.499854475378987	7.49704029860108	ovid09	0	endo03
ENSSSCG00000015356	0	0	9.10224289781109	4.11719449845676e-05	11.776646077088	2.31235263884856e-09	11.6630323252779	4.58783876991394e-09	0	0	0	0	0	0	0	0	0	0	0	0	0	0	0.993474160457528	0.984209765368011	1.82742144616472	0.56592952893511	-0.724801490452187	0.99998075372639	-2.88613632424373	0.319823469017291	0.0932524285026745	0.999791955937091	0	0	-2.75497651974649	0.848967626455099	11.776646077088	endo09	0	endo03
ENSSSCG00000015363	0.667520142641625	0.999970279305184	0.134496573137919	0.999982221946195	-0.409395999143334	0.999890466505892	6.07198094935326	8.41430720408875e-07	4.71145660045178	0.000165900544605761	0.396785556902803	0.999963438149354	-2.65431529461176	0.0738589421203455	-2.14673222358159	0.166234055816246	-2.28333229979453	0.128347089948784	-1.36869461247281	0.454438959856915	-2.55269954145412	0.0560917162457466	-1.20595342431498	0.768755963424465	-3.16505362287141	0.019553792733532	-1.74379092468519	0.533651716537624	-1.7932285887937	0.44457141294006	-0.615576974684845	0.999791955937091	-2.79373897152958	0.0613920858871868	1.21218053001953	0.999918096269946	6.07198094935326	endo12	8.41430720408875e-07	endo12
ENSSSCG00000015401	2.23686584688617	0.49146716128771	4.97225520805332	8.88574683011839e-05	5.74326500834515	5.19984552629781e-06	2.80411342703217	0.0459236618177132	-1.47613475809125	0.661988609191448	0.147681135159532	0.999963438149354	0.585029505600182	0.999746826372654	2.54244917864711	0.0811557750632853	2.76384125544182	0.0439740636389246	2.78841674533746	0.028656636611597	-1.65582314403115	0.469497168645693	0.0946142096368207	0.999898616998068	-0.814410943341239	0.999905160632868	1.07005320847732	0.99998075372639	-0.517261367974653	0.999991240463336	0.314529126359426	0.999791955937091	-1.42709778074754	0.999951635344029	-1.18032442836394	0.999918096269946	5.74326500834515	endo09	5.19984552629781e-06	endo09
ENSSSCG00000015405	0.527230276020831	0.999970279305184	-2.06663839937162	0.260020152254528	-2.383142277998	0.0955527867055487	-2.92140123004568	0.0309235768295104	-2.58149740455068	0.0731163269686055	-1.79758820741375	0.889431373065422	0.224771244542158	0.999746826372654	0.439254102734827	0.992298854775212	0.759693184137283	0.868355001231561	0.366761555214869	0.945952331782165	0.923866571801528	0.805790952772048	5.18867561002905	3.57756117559787e-05	-0.895806798678255	0.999905160632868	1.07256900913192	0.99998075372639	0.236470820284588	0.999991240463336	0.237724694221178	0.999791955937091	-0.474441616727035	0.999951635344029	-0.14120016189394	0.999918096269946	5.18867561002905	ovary18	3.57756117559787e-05	ovary18
ENSSSCG00000015512	-0.62745156959533	0.999970279305184	0.643362817913777	0.999982221946195	-0.801639885125354	0.910889282034491	-2.53197842423312	0.0721115451240456	-2.80209125910607	0.0438251999599409	0.0220335432181952	0.999963438149354	-3.60883769394597	0.00811748889901059	-3.24179832196062	0.0160553036515481	-3.7782250372568	0.00516892723689361	-6.12194483380571	2.52544038173277e-05	-3.67622514273815	0.00355893715180575	-1.15009271298908	0.806447185826257	-3.73339045978901	0.00450850200470793	-3.54405725393277	0.00794444464001275	-3.46025731851095	0.00910759608569449	-3.79561321524963	0.00266391752561959	-4.23477253840589	0.00125970715699425	-1.87325770908768	0.86326060630674	6.12194483380571	ovary12	2.52544038173277e-05	ovary12
ENSSSCG00000015515	-2.78421069233863	0.131012883946822	-4.85181476018854	0.000119608415896454	-4.99558113714787	7.20607540072655e-05	-3.55737210971756	0.00502901238164047	-3.9946543238723	0.00173658039934632	-2.27587240901168	0.39671280170784	-2.5803444674862	0.095580907920313	-0.196107954759023	0.999667845803702	-1.53467431318243	0.440579696417369	-0.693408172454228	0.847986043824707	-3.99536282776652	0.00252661501201261	-1.64496522923888	0.475316765661629	-3.16272490245458	0.0252009837373826	-3.05519047986629	0.0368394674847176	-4.86236971878758	0.000319249482666776	-11.3544813197706	2.68114614749324e-08	-4.31860489316809	0.00163015305897418	-0.80283704527061	0.999918096269946	11.3544813197706	ovid12	2.68114614749324e-08	ovid12
ENSSSCG00000015618	-3.27591977504045	0.0365112552958572	-5.95938221983593	1.9872780312897e-06	-5.59189249497115	5.75291185419914e-06	-5.02258735136666	3.99234968632399e-05	-2.49990734908468	0.0735495830666912	0.410081954778183	0.999963438149354	-1.83321524519721	0.314100766006402	-1.6038971712447	0.378865912218191	-1.11616865205869	0.662479370011513	-2.49240070024953	0.0491094291825165	-2.52797512638401	0.050305800930234	0.696720652737751	0.999898616998068	-1.47602239657414	0.733132298546911	-0.773754441736419	0.99998075372639	0.0282073853893749	0.999991240463336	-0.434240162780993	0.999791955937091	-1.67244943702195	0.656982008193975	-0.282729314692567	0.999918096269946	5.95938221983593	endo06	1.9872780312897e-06	endo06
ENSSSCG00000015636	0	0	0	0	0	0	0	0	0	0	0	0	-3.10818241237656	0.0189424539129067	-5.22348705970704	5.09513506532308e-05	-5.03339712180038	8.76361400863094e-05	-7.63768766653691	1.50528161057825e-07	-3.00903191750198	0.0137588675746166	-0.518627960557745	0.999898616998068	0	0	0.744627481463839	0.99998075372639	0	0	0	0	0	0	0	0	7.63768766653691	ovary12	0	endo03
ENSSSCG00000015655	0	0	2.74093852578731	0.189716135740303	8.10326421728143	7.20811922970014e-09	7.94952918767516	1.40386090666158e-08	0	0	1.45455904587534	0.999963438149354	0	0	0	0	0	0	0	0	0	0	0	0	0	0	0	0	3.01633612857155	0.257006207801931	0	0	0	0	0	0	8.10326421728143	endo09	0	endo03
ENSSSCG00000015662	-0.421911523995348	0.999970279305184	-2.00350874185678	0.450612608589691	-2.03152796073096	0.307618657748426	-2.00362244321019	0.31974221285057	-2.91409340013981	0.108480147221783	-0.192497546922323	0.999963438149354	3.87953236082767	0.00258093668075946	5.42318328468598	1.32964224341811e-05	5.28448440320867	2.03901619413306e-05	6.35379113648244	3.04211651127564e-07	4.74581717869495	8.01011248259537e-05	3.96020294431941	0.00180286840835079	-0.507838408098683	0.999905160632868	1.08471073243985	0.99998075372639	0.0941468350176023	0.999991240463336	-1.92282370423606	0.284316439699021	-0.93738363462284	0.999951635344029	-1.85621288909561	0.892191328060376	6.35379113648244	ovary12	3.04211651127564e-07	ovary12
ENSSSCG00000015716	1.08071459982191	0.999970279305184	0	0	0	0	1.77789367370891	0.468725570610235	0	0	1.29491597450813	0.999963438149354	1.72466342876405	0.660960891852145	5.05295962286636	0.000378955176072469	4.39084512965576	0.00250476081612255	5.02689287768143	0.000207237609270518	5.59904630103184	3.55051294843039e-05	3.86210750556245	0.011418543928859	0	0	2.12617992472483	0.705737460348297	0	0	0	0	0	0	0	0	5.59904630103184	ovary15	0	endo06
ENSSSCG00000015726	0	0	0	0	0	0	0	0	0	0	0	0	-0.723369652575093	0.999746826372654	-2.59269766172398	0.173222846374057	-2.29187167391069	0.263466130791583	-7.62702553203128	0.00268846099874319	-2.09543914973581	0.261689225560412	0.639117238377516	0.999898616998068	-4.8765943687822	0.00172270560920358	-9.54015532040675	1.33068761193027e-05	-5.47805391293976	0.000634204366589346	-4.46416582399573	0.0026833699040314	-4.63538840321721	0.00281220625523963	-0.623936595533308	0.999918096269946	9.54015532040675	ovid06	0	endo03
ENSSSCG00000015810	-4.51942488278009	0.00142864698608468	-5.99973222821801	3.21167482960184e-06	-6.04192927339373	2.53627143736128e-06	-5.54791335098441	1.10173270596782e-05	-5.83889179880935	8.47245817497784e-06	-4.02050493293416	0.00485098615554708	-1.49294683032958	0.543688298684568	-2.58105037091371	0.0757588594165281	-2.08423616943552	0.189807970113978	-1.94501672995701	0.185145329528396	0.0535414738331236	0.999560378701902	0.914452958062104	0.941872386353445	-3.19894031771766	0.0364759991275215	-3.21976641825701	0.0379116363517395	-3.37030989034377	0.0250529682998279	-3.4463463304471	0.016785568510385	-2.36750766901827	0.241863038054157	-2.53128762626483	0.405618469336128	6.04192927339373	endo09	2.53627143736128e-06	endo09
ENSSSCG00000015839	1.09537592419804	0.999970279305184	-0.47909407692125	0.999982221946195	-0.157984082694057	0.999890466505892	-0.625916462212155	0.909734409937925	1.1030918761115	0.769009190744402	1.57165036313552	0.999963438149354	-1.96131784630487	0.315074066334294	-0.689887852028084	0.943856410620098	-0.612155591997104	0.926173088351405	-0.694441695456175	0.851972190765002	5.38889392763294	7.41994183890005e-06	-0.3257915260779	0.999898616998068	-0.722052740462684	0.999905160632868	-0.454495891272242	0.99998075372639	0.997126789319739	0.999991240463336	0.521857932139658	0.999791955937091	0.293186206814558	0.999951635344029	0.253246626379974	0.999918096269946	5.38889392763294	ovary15	7.41994183890005e-06	ovary15
ENSSSCG00000015895	0	0	0	0	0	0	0	0	0	0	0	0	-7.01033347290419	6.02497339214179e-08	-7.14868009307932	3.24537157236883e-08	-6.54021133936019	2.42999985405617e-07	-10.4449677432574	1.33442708299709e-12	-7.96818984046877	1.0105755341873e-09	-9.93857536430936	6.45296652053108e-12	-8.45313338622316	0.000484845219362497	-8.52506434884865	0.000359280821367677	-2.93882191011084	0.114333468294891	-8.44660800625635	0.000383863253650561	-8.53892119345978	0.000459700484174517	-8.40813649759227	0.00483199194874668	10.4449677432574	ovary12	0	endo03
ENSSSCG00000015930	0.0354117472782465	0.999970279305184	-0.237474176498141	0.999982221946195	-0.395013813465486	0.999890466505892	-0.280136810311247	0.979919527524023	-1.16047658868495	0.823226111065957	0.832374298184937	0.999963438149354	-0.50210901553527	0.999746826372654	0.23749460352566	0.999667845803702	0.483402364850069	0.96688946066435	0.721962486312082	0.85255467195958	5.54166073590811	6.45094080828271e-06	2.97767153126641	0.0314686320600636	-1.61060029537066	0.782325479024292	-1.28022959476218	0.99998075372639	-0.158245922895811	0.999991240463336	-0.781119434269813	0.999791955937091	-0.124087795264839	0.999951635344029	-1.05733161396393	0.999918096269946	5.54166073590811	ovary15	6.45094080828271e-06	ovary15
ENSSSCG00000016122	0	0	6.98655252445278	2.33371133555757e-06	0	0	0	0	0	0	0	0	0	0	0	0	0	0	0	0	0	0	3.1710426902367	0.134987011140413	0	0	0	0	0	0	0	0	0	0	0	0	6.98655252445278	endo06	0	endo03
ENSSSCG00000016159	0	0	0	0	0	0	0	0	7.05808783406468	0.0113332189685447	0	0	11.351550094708	2.20149245827902e-08	14.0814734251029	1.64540249841208e-12	14.2435223187257	4.42921936029808e-13	13.1554911996182	7.59397551890271e-12	0	0	0	0	0	0	3.8075854761244	0.0576639758771707	4.66848797315307	0.00600262272878122	0	0	0	0	0	0	14.2435223187257	ovary09	0	endo03
ENSSSCG00000016182	0	0	0	0	0	0	0	0	0	0	0	0	0	0	0	0	0	0	0	0	6.53111814048362	1.47615805613263e-06	1.35804760130892	0.887176898989174	0	0	0	0	0	0	0	0	0	0	0	0	6.53111814048362	ovary15	0	endo03
ENSSSCG00000016183	-1.25120361552812	0.999970279305184	-3.98720894810403	0.078815626420562	-1.95157242685514	0.435594099516842	-3.80710181143041	0.0790278342898113	0.31331985856978	0.999107661984216	0.852003625100832	0.999963438149354	0	0	0	0	0	0	0	0	8.03905681150128	3.13932826203326e-09	1.23038007585888	0.901128914599933	-1.87253218177983	0.560116512713715	-3.56052952595486	0.0435607885995646	-4.42836208054221	0.0114005852103465	-8.41194344209638	0.00042651573800865	-0.237105758080476	0.999951635344029	-1.78491697663553	0.999918096269946	8.41194344209638	ovid12	0	ovary03
ENSSSCG00000016184	-0.651741657794182	0.999970279305184	-3.89471698071174	0.0333858092024171	-3.73661473533597	0.0341039254120404	-2.43548702061423	0.194397434811345	-1.89120759765812	0.403645993397822	0.960397928572621	0.999963438149354	0	0	0	0	2.44358776119081	0.227936277253725	0	0	7.13875945479937	1.58949755210426e-07	4.96007925978009	0.00062917165852859	0	0	0	0	0	0	0	0	0	0	0	0	7.13875945479937	ovary15	0	ovary03
ENSSSCG00000016187	-0.755951982371696	0.999970279305184	-1.52014134066408	0.60176797528801	-3.08107382664133	0.0163604100606548	-0.583138349492387	0.911963757797032	-3.12718392001059	0.0161084232289916	-0.889983604889642	0.999963438149354	-3.59174680467491	0.015629020088227	-2.5985467778354	0.09110477145784	-3.06301456194325	0.0387081631285608	-2.37626652931038	0.0966640973869797	-9.32577527748974	1.38334401672167e-05	-2.44048326868449	0.132539745692274	-0.206504198004232	0.999905160632868	-0.208499960000075	0.99998075372639	-0.145555127949462	0.999991240463336	-0.34053756109776	0.999791955937091	-0.550704141791882	0.999951635344029	0.145236442749142	0.999918096269946	9.32577527748974	ovary15	1.38334401672167e-05	ovary15
ENSSSCG00000016218	0.231740757021706	0.999970279305184	0.398334712730271	0.999982221946195	0.445369278556312	0.999890466505892	0	0	-0.633717198699537	0.999107661984216	0	0	-7.03859265201117	5.81929552120304e-08	-5.28509271592225	1.64768036688907e-05	-4.72740256430252	9.54165600977852e-05	-5.24742155984562	1.09046233436322e-05	-6.30004164928231	2.77072136745949e-07	-8.03594030788542	2.02538464477705e-09	-1.41811060368262	0.87604101436359	-0.884823297321432	0.99998075372639	-1.26709016552205	0.946446294195347	-1.57458823137927	0.570554704077682	-1.42765515906066	0.980577676464563	-1.44068763834816	0.999918096269946	8.03594030788542	ovary18	0	endo12
ENSSSCG00000016239	0	0	0	0	7.62763024640496	0.0023246691531372	0	0	0	0	0	0	0	0	0	0	0	0	0	0	8.06456782923066	2.77174379927075e-08	6.22470517506135	4.220731873028e-05	0	0	0	0	0	0	0	0	0	0	0	0	8.06456782923066	ovary15	0	endo03
ENSSSCG00000016314	0	0	0	0	0	0	0	0	0	0	0	0	0	0	7.49305355393176	0.00351945573542505	7.79338827514064	0.00112240713093725	8.07907967976195	0.000308023948465225	9.82319962026042	1.86467964969736e-06	0	0	0	0	0	0	0	0	0	0	0	0	0	0	9.82319962026042	ovary15	0	endo03
ENSSSCG00000016423	0.022926545877728	0.999970279305184	-2.68780048422294	0.156113577287517	-1.31994403336625	0.652830536584148	0.6468413171637	0.906282539328987	-0.903001122101037	0.912186722421791	-1.82887744098649	0.999963438149354	-3.23480037212552	0.0296395110855305	-4.20700794591906	0.00429496010603793	-4.86957759115319	0.00192056902974503	-9.24100496067829	2.89143071310871e-05	-3.30193957741322	0.0147777660360954	-2.10205132560949	0.243157972533322	1.91296290819622	0.385248583205586	0.607092422136914	0.99998075372639	0.442599498588187	0.999991240463336	-0.513218930951907	0.999791955937091	1.88354282599806	0.487726582251526	-0.426578873328396	0.999918096269946	9.24100496067829	ovary12	2.89143071310871e-05	ovary12
ENSSSCG00000016555	0	0	0	0	3.57038051982342	0.0218374122215846	1.88120008936638	0.481322787725184	0	0	0	0	0	0	0	0	0	0	0	0	7.42553897959229	5.73104410111135e-08	1.35804760130892	0.887176898989174	0	0	3.5374356215588	0.105283757719102	0	0	2.91521703409389	0.226788460637374	3.18008554105225	0.229096560983949	0	0	7.42553897959229	ovary15	0	endo03
ENSSSCG00000016567	0.865432445860132	0.999970279305184	1.8394083810597	0.377969575355562	2.38444305205048	0.0887176616406434	1.34732073890558	0.534098786990451	1.7715695594009	0.330300319378417	0.0224482448425211	0.999963438149354	-5.38103945158013	1.8173259015932e-05	-2.41176536164845	0.0810494940196814	-4.26911750031735	0.000475481945427541	-4.96698041942759	3.03333340571731e-05	-4.93121003506193	3.40191659165811e-05	-2.19382367275148	0.152030361296828	0.362298391350214	0.999905160632868	-0.223795889663502	0.99998075372639	-0.484819799975452	0.999991240463336	-0.318886463838663	0.999791955937091	-0.181942376032559	0.999951635344029	-0.800944354426876	0.999918096269946	5.38103945158013	ovary03	1.8173259015932e-05	ovary03
ENSSSCG00000016628	-0.132476895397827	0.999970279305184	-1.08649727864798	0.945657381271112	-1.10545941737478	0.705762900448652	-0.90191055979833	0.783466954767026	-1.2803214450245	0.612504228073408	-0.562463591813918	0.999963438149354	-3.3520044223292	0.00950618718493478	-5.13164354987433	4.58411734295745e-05	-4.28063053583316	0.000579830873629109	-6.59571683106034	4.00694166522823e-07	-1.11215493294795	0.653792880434909	-1.07605041374182	0.836870758782287	-2.898397421748	0.0406805452821505	-3.27715305134428	0.0164069567592311	-3.48354184203689	0.00849278641252965	-4.65178401838808	0.000199873307071008	-3.4446406793526	0.0113672752933732	-1.2220690591367	0.999918096269946	6.59571683106034	ovary12	4.00694166522823e-07	ovary12
ENSSSCG00000016792	-0.382029364805103	0.999970279305184	1.06498520711605	0.96049142789592	0.0436854232332616	0.999890466505892	-0.15761718215708	0.986681766043777	0.808955120663534	0.919900263129395	0.427419880051709	0.999963438149354	-5.05074445498306	5.00808495203918e-05	-3.90397504989103	0.00148757993556988	-5.05492331682904	3.19684466785756e-05	-4.31507577649047	0.000212559320123	-5.23042686592869	1.12903375999938e-05	-4.24656086859675	0.000653983182390778	-0.2304538744927	0.999905160632868	0.0129020265335247	0.99998075372639	-0.232435086646444	0.999991240463336	0.507654547226669	0.999791955937091	0.164189227045329	0.999951635344029	-0.727800548783918	0.999918096269946	5.23042686592869	ovary15	1.12903375999938e-05	ovary15
ENSSSCG00000016878	1.56553678502234	0.999970279305184	1.57076399479885	0.568076750922889	0.793790222432839	0.91721808084151	1.47771063781969	0.445519948685957	1.38257748849831	0.55393612475496	0.873972401058146	0.999963438149354	-6.50074565405576	1.68491481310669e-05	-2.57068706310805	0.0695160910859546	-3.67253541972653	0.00604871997611489	-2.4891123388526	0.0558846165738257	-2.32455042019259	0.0879045296847908	-1.85033311480859	0.32781541005453	0.838142634796213	0.999905160632868	1.77550511813624	0.537989693024558	1.29573826666529	0.884511080035538	-0.199194512690725	0.999791955937091	0.24553863962976	0.999951635344029	-0.27778346277002	0.999918096269946	6.50074565405576	ovary03	1.68491481310669e-05	ovary03
ENSSSCG00000016892	4.42053253050856	0.00219646400101973	4.78068651119372	0.000159078750116552	4.52556742067186	0.00032077380206038	6.11057307890683	1.28376942838238e-06	2.68135929957142	0.0649993122435199	0.923274271354363	0.999963438149354	2.49576412041046	0.0784230588188153	3.3699022098063	0.00729518502037465	2.32233438987132	0.0906912715202892	2.52198908600354	0.0398331460255543	1.48754543065439	0.387942135707306	0.984219610706216	0.889938884756087	0.844182800135697	0.999905160632868	2.40878470130229	0.174639295829179	2.04890586620307	0.319823469017291	0.653981054320396	0.999791955937091	0.358068566997187	0.999951635344029	-0.110224124961162	0.999918096269946	6.11057307890683	endo12	1.28376942838238e-06	endo12
ENSSSCG00000016902	1.44842822372024	0.999970279305184	-0.806836181296056	0.999982221946195	-1.12539659769327	0.809301263306718	1.02726384657982	0.757673947677688	-0.157733497202333	0.999107661984216	0.608252756881124	0.999963438149354	0	0	1.48642242802828	0.616678910793067	0	0	0.715326209343018	0.883355641444216	6.04500575819992	2.74704114661255e-06	3.29787993555511	0.025057482742236	-0.522492172722284	0.999905160632868	0.675833977588242	0.99998075372639	0.872980635049958	0.999991240463336	-1.40609895322915	0.807492629044404	-3.50722147519315	0.124635682761999	0.738914197024454	0.999918096269946	6.04500575819992	ovary15	0	ovary03
ENSSSCG00000016957	-0.133149298752499	0.999970279305184	-2.72819765890947	0.078815626420562	-3.7239567693368	0.00725667545666696	-1.12825845168112	0.676803647494562	0.790920294437803	0.935890360944188	-1.03229875144935	0.999963438149354	1.05219826523476	0.847756208869606	0.984209651150632	0.815869403394366	1.80314072469919	0.301703123660617	1.9684850909461	0.177278453054099	3.83422486682172	0.00158599937372171	4.35248439894998	0.000667989521807187	4.5646836688083	0.00109793790068062	1.77951441261259	0.714205753691344	6.25449791193136	4.03360259700112e-06	1.7622711726701	0.542983391880552	1.24746425355067	0.999951635344029	1.11828186618097	0.999918096269946	6.25449791193136	ovid09	4.03360259700112e-06	ovid09
ENSSSCG00000016979	1.3376795251626	0.999970279305184	1.48642857937373	0.905002975066232	3.32318948249448	0.0308250905171758	5.68274044701998	2.9423260915931e-05	2.38508068657166	0.246807319546153	0	0	-0.10660134590296	0.999746826372654	-0.000754460576192952	0.999667845803702	-0.016461856333776	0.999803500436176	-0.222614161187432	0.97748512346818	-0.804372916875872	0.944190770862508	-1.14966191236336	0.916974202342156	0	0	0	0	0	0	0	0	0	0	0	0	5.68274044701998	endo12	0	endo18
ENSSSCG00000017009	0	0	0	0	0	0	0	0	0	0	0	0	0	0	0	0	0	0	0	0	0	0	0	0	0	0	8.2787114851035	0.00133760453494073	9.07521749474246	0.000105306827629238	10.5890968464577	5.84977048331988e-07	7.40225246903734	0.013495725930821	0	0	10.5890968464577	ovid12	0	endo03
ENSSSCG00000017010	5.61430229712058	0.000369142594963684	5.97449760010549	1.8376382517758e-05	4.92309122768349	0.000512476348692355	2.75987918129528	0.131580825695652	2.51448664161169	0.228818436739159	0	0	0	0	0	0	0	0	0	0	0	0	0	0	2.6252387126271	0.455952744431878	6.42182363274436	3.18632973515114e-05	5.8683324394466	0.000181783851256519	0	0	2.66025000296207	0.518214837139078	3.22116355796828	0.459392446470103	6.42182363274436	ovid06	0	endo18
ENSSSCG00000017135	0.977998211101692	0.999970279305184	4.56737884180796	0.00030494845660027	5.28070851041366	2.34358098013684e-05	3.93450721430576	0.00201622454129492	-1.59298368990202	0.57537157626235	-4.63452844026761	0.0494870492871367	-6.83583448233922	0.0229121683445575	-6.83249873547925	0.0199035211872452	-3.29202239361653	0.176299341092174	-6.73287241935415	0.0177948148984841	-0.214988561275549	0.999560378701902	-2.90373822523671	0.222336114323012	-2.74861756385102	0.0671773382609993	-2.07087094065512	0.318016073502055	-2.06999785587196	0.292292766169153	-1.36008055736	0.660507681280456	-3.73630219209359	0.00611080638021249	-0.390840631170252	0.999918096269946	6.83583448233922	ovary03	2.34358098013684e-05	endo09
ENSSSCG00000017144	0.898963256482902	0.999970279305184	2.92126281594479	0.0512579112350744	3.16548581868703	0.0201267503695712	3.42385823380565	0.0110524865006005	8.55255531513275	6.12842166500256e-10	7.29345646072294	1.19386591422459e-07	-6.10068367955189	1.2625022610433e-06	-2.92972976786816	0.0214528836800416	-3.23931629886824	0.00962730630946961	-3.18063152498839	0.00658755100904606	-2.97676943968294	0.01304559767073	-4.87579989007807	9.07043523206753e-05	0.77395395659758	0.999905160632868	1.98420960607151	0.361488867444618	1.14556171656582	0.982877368071482	0.694591591374671	0.999791955937091	2.12360441926186	0.304628731017326	0.0740580712808722	0.999918096269946	8.55255531513275	endo15	6.12842166500256e-10	endo15
ENSSSCG00000017187	-1.00454792623918	0.999970279305184	-1.27681724626641	0.800216224304447	-2.94599717394253	0.0206086410278212	-1.19617096447128	0.608608099852708	-1.69878021757935	0.350784754520664	-0.733254519145595	0.999963438149354	-2.57257607282035	0.0729262722549075	-2.00897110502081	0.192034563036518	-1.58237231407577	0.381473873652559	-5.28647718595015	3.20029615483019e-05	-2.09785049326658	0.131372769588365	-1.88426767849242	0.296607490554398	0.0325129928619226	0.999905160632868	0.165760709658073	0.99998075372639	0.176614634799193	0.999991240463336	0.00541613166301283	0.999791955937091	-0.159418624513413	0.999951635344029	0.40190487546881	0.999918096269946	5.28647718595015	ovary12	3.20029615483019e-05	ovary12
ENSSSCG00000017249	0	0	1.25895861623927	0.983884393723812	0	0	0	0	0	0	4.18033503300969	0.00848798648407407	0	0	0	0	0	0	0	0	0	0	0	0	4.24059357273251	0.00697817325251996	6.34211186843019	8.84822858868693e-06	3.75649283019967	0.0229380938885079	3.94868894729228	0.0110479704390403	0	0	2.69451950682433	0.589231591160567	6.34211186843019	ovid06	0	endo03
ENSSSCG00000017251	-2.03930453347844	0.55802457988171	-3.30635185670177	0.0129195193601922	-5.71090618428033	1.35730726307998e-05	-11.8154727968264	5.52324609015588e-09	-7.7415754751162	2.48002250379708e-07	-0.633699900239099	0.999963438149354	-3.16686596529746	0.0195098439627356	-3.49490945545577	0.00837355257093245	-1.95051485481612	0.221077447982121	-3.51850598495562	0.0046279445528679	0.0445400637664359	0.999560378701902	-0.311922874521992	0.999898616998068	1.5216636137075	0.688768919689482	1.89182874244829	0.424052430310563	1.91781976424394	0.369815794166397	2.12058775429764	0.194285412990231	1.02198191478517	0.999951635344029	0.332180954061467	0.999918096269946	11.8154727968264	endo12	5.52324609015588e-09	endo12
ENSSSCG00000017262	1.38723240201972	0.999970279305184	6.69871611308917	1.96529418552142e-07	5.98738607348087	2.1429515950663e-06	7.65209608693046	5.91046037102707e-09	5.63507467906638	1.44752483351397e-05	2.0014536575683	0.762165738185969	0.923212484403429	0.890395961664853	0.360031624150649	0.999667845803702	0.807073412696973	0.840511222958847	0.853297327378882	0.762156824979225	1.81898159568667	0.227540845339271	0.4608064491586	0.999898616998068	-2.3375912140982	0.251082843950623	-1.15911035427878	0.99998075372639	-0.879077439224193	0.999991240463336	-2.13403558824922	0.259806378119494	-1.85107696841837	0.614185015352718	0.455394489637423	0.999918096269946	7.65209608693046	endo12	5.91046037102707e-09	endo12
ENSSSCG00000017320	0	0	9.54069740082157	2.05041231060202e-10	6.57114975180592	8.49607427406386e-06	0	0	0	0	0	0	0	0	7.684697246168	0.00217107869509075	0	0	0	0	7.06424250097891	0.00654983074275549	0	0	2.0369893188884	0.552188024473996	0.482093904888746	0.99998075372639	0	0	0	0	0	0	0	0	9.54069740082157	endo06	0	endo03
ENSSSCG00000017359	-0.760180472042557	0.999970279305184	-1.99442436577803	0.397650047267156	-4.34924970506248	0.00805513721421517	-1.22386122608354	0.658833656684498	-2.91179748182059	0.0789653369841055	-1.25341006490697	0.999963438149354	5.83421298429387	3.95235229737483e-06	3.89792285680929	0.00193980289895064	4.86029944050101	7.81354485990545e-05	4.8937298287526	4.44561584409607e-05	2.34629810774029	0.0825195485339509	2.06402515435276	0.226828046121242	-0.403454007518071	0.999905160632868	0.297763408201808	0.99998075372639	0.0338247839617044	0.999991240463336	-1.42492388005214	0.651991856943393	-0.908550118850394	0.999951635344029	-0.992086829669571	0.999918096269946	5.83421298429387	ovary03	3.95235229737483e-06	ovary03
ENSSSCG00000017427	-1.24548263998471	0.999970279305184	-1.31758424833932	0.928761167576023	-1.15591878225833	0.800976667085308	4.81582271634188	0.000126674453841283	6.14262672722257	2.19970067834781e-06	1.2758449971215	0.999963438149354	-1.4868206424569	0.522841801082651	0.485256328221524	0.986161690866358	1.05891524994821	0.693783275510702	1.544754837084	0.326595412743275	0.807242155062119	0.868802251070094	-0.195744883063715	0.999898616998068	-0.806678214377845	0.999905160632868	-0.552245117131367	0.99998075372639	-0.685303653784438	0.999991240463336	-0.0981424780089363	0.999791955937091	1.82982382470346	0.607721040609006	-2.11539890711652	0.994436847888308	6.14262672722257	endo15	2.19970067834781e-06	endo15
ENSSSCG00000017445	0.34369387656068	0.999970279305184	0.232810588966533	0.999982221946195	-0.00519703402816813	0.999890466505892	-0.971185569322122	0.807283938261244	-2.86987485623332	0.117579542573046	-1.63216424371788	0.999963438149354	-12.9608339528566	1.61405835995147e-10	-6.2657767416333	1.57408220344435e-06	-12.8220052968826	3.6488413921487e-10	-5.72398258677438	4.41901141315891e-06	-12.9930569748262	3.58070532013499e-11	-7.50393351142026	6.29193324563075e-08	-0.588171239500606	0.999905160632868	-1.0384030705724	0.99998075372639	-0.742271722077617	0.999991240463336	0.557782302799888	0.999791955937091	-4.19921543759424	0.00679648181749654	1.57877627379456	0.999918096269946	12.9930569748262	ovary15	3.58070532013499e-11	ovary15
ENSSSCG00000017557	-0.0723914401239386	0.999970279305184	-2.11176133934276	0.519685119041611	-1.38032919899724	0.71096503325219	-0.36621673932777	0.971140289971899	-1.06563173876572	0.884854155001932	-7.23199984361577	0.0255474840716409	-4.74853997015476	0.000237761569416639	-3.32298474708352	0.00941738905901324	-3.57675536266733	0.00473302450345415	-7.9092974868228	5.47500625611168e-08	-5.94415784491517	3.02614696315503e-06	-0.652142072677814	0.999898616998068	1.69966695404925	0.552188024473996	1.34251326056517	0.91240911519888	1.92093118445499	0.383406162869053	1.16470952754307	0.826179377020726	1.48232860450566	0.868921841876705	0.0787239464563902	0.999918096269946	7.9092974868228	ovary12	5.47500625611168e-08	ovary12
ENSSSCG00000017717	1.71626602115768	0.883545094574196	1.46652806469117	0.658600354436621	1.87510707838256	0.239367543526004	1.08054027636364	0.692149958060466	-2.18291775922198	0.189666103619419	0.315033442245118	0.999963438149354	0.800786698322839	0.970067435058434	1.17637076915045	0.702478951090177	2.05012245619975	0.198929561032014	1.35206978248658	0.488875469176684	6.5472667965278	1.55333507556141e-07	4.86636239457419	0.000131697302760107	0.492493805486395	0.999905160632868	-0.420248651525311	0.99998075372639	-0.139555774639011	0.999991240463336	-0.668536712839571	0.999791955937091	0.219543751723741	0.999951635344029	0.50267815809368	0.999918096269946	6.5472667965278	ovary15	1.55333507556141e-07	ovary15
ENSSSCG00000017797	-0.631404377114758	0.999970279305184	-1.06035331247985	0.999982221946195	-0.25563269482787	0.999890466505892	-1.01095430667281	0.757384339939111	0.290385170260089	0.999107661984216	-0.0818412375505285	0.999963438149354	-4.86163157754602	9.16041746430044e-05	-2.27040303526897	0.107865951714741	-4.80869249022199	7.16452589237315e-05	-5.9073266774534	1.0502230406827e-06	-5.76010659600143	1.73890702704292e-06	-4.33208090201926	0.000504079269915081	-0.695530067845262	0.999905160632868	-0.34052252626707	0.99998075372639	-0.978768952649795	0.999991240463336	-1.00100875589469	0.941677253152063	-1.35504571601647	0.999951635344029	-2.37699927381914	0.46666483432966	5.9073266774534	ovary12	1.0502230406827e-06	ovary12
ENSSSCG00000017923	0.233114230208379	0.999970279305184	-0.831190739044279	0.999982221946195	0.18626388247591	0.999890466505892	-0.296727485902453	0.978134946094707	1.12354194518825	0.795436616409204	-1.81788850134503	0.999963438149354	-3.16286844198653	0.0305070295084561	7.11007653087991	3.24537157236883e-08	-0.725747986315453	0.884689992832585	6.34737256123455	2.60495073250823e-07	-2.03822254442583	0.182042044117364	-2.92848270899951	0.0452332999524379	-1.82597082068351	0.735288415495295	3.1583928369715	0.0362992801177932	0.471116228552242	0.999991240463336	4.78054351932932	0.000227902956724074	3.84911914455627	0.00604968618229315	0.898818061496942	0.999918096269946	7.11007653087991	ovary06	3.24537157236883e-08	ovary06
ENSSSCG00000018073	-1.10230755243876	0.999970279305184	0.555292974421065	0.999982221946195	0.750480909736226	0.944888079646819	-9.42187604491047	1.92048729136668e-05	-9.47985981136328	2.31668407461016e-05	-0.378120063929028	0.999963438149354	0.0397291437590831	0.999746826372654	0.202611900142105	0.999667845803702	1.36508735599798	0.503279177762114	-10.7789595631509	1.84897022600046e-07	-1.92801229185767	0.194725547335143	-0.86014853613973	0.969126373108613	-1.75587698266741	0.520446849158225	-1.64273332005628	0.655671154922118	-1.21054143852738	0.956045495537497	-10.4262377896773	7.41070142316687e-07	-7.46366101244224	7.50624654944725e-06	-1.66781039967503	0.999918096269946	10.7789595631509	ovary12	1.84897022600046e-07	ovary12
ENSSSCG00000018758	0	0	-0.743156055417706	0.999982221946195	-0.80065214150548	0.999890466505892	0	0	-1.8654501739752	0.584447947689608	-0.679273933557543	0.999963438149354	-3.47327831343542	0.0149691496749662	-3.05577062405812	0.0305489784506583	-4.71464137781303	0.001464199332693	-9.64704449186015	8.18950872599043e-06	-6.5655065296263	3.23595794138603e-05	-0.929062670255901	0.944114330402165	-7.06748981121507	0.0164671865410749	-1.42230532756504	0.99998075372639	-2.12259686333032	0.581020503985633	-7.06099461557061	0.0129087562942311	-2.23425044927161	0.632347793439877	-2.94603745779905	0.646256726017258	9.64704449186015	ovary12	0	endo03
ENSSSCG00000020771	0	0	0	0	1.48889760526641	0.653790489797608	0	0	0	0	0	0	-1.89807850138503	0.265912213323834	-4.14282938920971	0.000720920784417495	-5.09576542425291	2.70864645849779e-05	-6.14705292033442	4.33010105757875e-07	-6.54966549150064	9.85706805813871e-08	-5.11699147530715	3.80587923368705e-05	-1.85690757210399	0.416970218571623	-2.06076512926999	0.318381675919064	-2.73057750592688	0.0666331327308004	-5.9728853308087	5.07602654769392e-06	-3.8161680330701	0.00469230299894808	-8.2646083812489	1.52681460854956e-07	8.2646083812489	ovid18	0	endo03
ENSSSCG00000020864	-1.16328036225645	0.999970279305184	-1.90273964699446	0.397650047267156	-2.73249378348373	0.0681958701979693	0.314714950162516	0.972250276434329	-1.83424387972052	0.342992887589736	-0.686751951758689	0.999963438149354	0.590373457640276	0.999746826372654	1.30430682920595	0.583252641185919	2.23441255296607	0.11731959667035	1.53967901616786	0.341995811365989	5.46848523459923	5.36000282130329e-06	3.58112313661821	0.0044461487607027	0.20984680493385	0.999905160632868	1.28194693539812	0.999392157172777	1.3699882100081	0.865254630741659	-0.580953268171336	0.999791955937091	1.56006792218326	0.841570267521067	0.377588101011002	0.999918096269946	5.46848523459923	ovary15	5.36000282130329e-06	ovary15
ENSSSCG00000020927	0	0	0	0	0	0	0	0	0	0	0	0	0	0	2.72469116311743	0.140595938405318	2.25227492958784	0.305108597278801	0	0	7.7853768018522	1.68473919197778e-08	0	0	0	0	0	0	0	0	0	0	7.46329761424407	0.0116857921675158	0	0	7.7853768018522	ovary15	0	endo03
ENSSSCG00000020986	2.07350747216397	0.883545094574196	0	0	0	0	2.88840193666844	0.0748822146233589	0	0	0	0	0	0	0	0	0	0	0	0	0	0	0	0	-1.99177565946979	0.416014388377445	-0.754565632548789	0.99998075372639	-1.04385800394821	0.999991240463336	-9.26195466331796	3.36703026565013e-05	0.412232835061496	0.999951635344029	-1.70346495492376	0.999918096269946	9.26195466331796	ovid12	0	endo06
ENSSSCG00000021204	-0.181526234089959	0.999970279305184	-0.473565785324563	0.999982221946195	-0.36436148241665	0.999890466505892	-1.6422695496397	0.341247166082263	-0.540345708755573	0.999107661984216	-0.693494391022501	0.999963438149354	0	0	0	0	0	0	0	0	0	0	0	0	-3.07820240214	0.02591263990358	-0.0296576124345938	0.99998075372639	-0.513953650828252	0.999991240463336	-7.7178607318649	2.97757537375731e-08	-2.68648420484068	0.0839933524631956	-0.406059943671949	0.999918096269946	7.7178607318649	ovid12	0	ovary03
ENSSSCG00000021227	0	0	0	0	0	0	0	0	0	0	0	0	0	0	0	0	0	0	10.2281843918236	3.07233461112021e-07	0	0	0	0	0	0	0	0	0	0	0	0	0	0	0	0	10.2281843918236	ovary12	0	endo03
ENSSSCG00000021534	-0.31686429030318	0.999970279305184	-1.24665282538068	0.833269191608782	-0.639912899506692	0.993106493299783	4.18621651480291	0.000597041553363999	2.29187188716276	0.117579542573046	1.11959019831794	0.999963438149354	-2.05064781238868	0.216838345514597	-1.2807338371848	0.593435582935911	-2.25628597261455	0.116826693354334	-6.20985392138888	4.29452864522311e-06	0.973292437052676	0.752693391487367	-1.68053979741905	0.41775290881685	-1.84479717168491	0.416970218571623	-1.57834684469024	0.674212285681848	-0.894765626220494	0.999991240463336	-0.120375236255267	0.999791955937091	-2.09225489882711	0.322463531602397	-1.02938242259095	0.999918096269946	6.20985392138888	ovary12	4.29452864522311e-06	ovary12
ENSSSCG00000021585	0.178154953030855	0.999970279305184	-2.83686445244452	0.0410057127423293	-3.09327302869983	0.0162881195223207	-1.18313113662398	0.622308366030512	0.398430134861614	0.999107661984216	1.76343646527043	0.889431373065422	0.580408808010402	0.999746826372654	0.267354819103348	0.999667845803702	1.37590058450511	0.491625034650148	0.916723892011326	0.716993470863658	2.18346929931094	0.102415944902253	0.666418586945934	0.999898616998068	-0.68736000036108	0.999905160632868	6.16848374269188	4.09329914716175e-06	4.51886300780615	0.000944557905093078	-1.6521318437771	0.759317016156678	0.597278785176348	0.999951635344029	1.24140169232327	0.999918096269946	6.16848374269188	ovid06	4.09329914716175e-06	ovid06
ENSSSCG00000021767	0	0	0	0	0	0	1.76678282276253	0.540682262678513	0	0	0	0	5.11653111558151	6.11695792463653e-05	4.09421739333251	0.00126106041836418	4.35297250823162	0.000526921160614096	6.97749208039119	3.90816404306439e-08	0.66940917201024	0.963760981960974	1.90696998209289	0.32781541005453	0	0	0	0	0	0	7.65913029494878	0.00374626608921857	0	0	0	0	7.65913029494878	ovid12	0	endo03
ENSSSCG00000021971	0	0	0	0	0	0	0	0	0	0	1.54101394918087	0.999963438149354	-4.1119226648855	0.00209662448647598	-3.11079026304869	0.0186314945893621	-4.02072684730811	0.00222475232018732	-5.6623258839836	2.81753548861903e-05	-3.40684601342874	0.00601900397568718	-1.11130346638736	0.828049742485782	-3.03131010848058	0.256606423349337	0.00083726822871692	0.99998075372639	-3.07727170915466	0.238395541332056	-1.08633337173632	0.993809581767604	-2.23425044927161	0.632347793439877	-0.115219329198475	0.999918096269946	5.6623258839836	ovary12	0	endo03
ENSSSCG00000022083	-2.92757210532695	0.100203237073023	-3.48986705586327	0.00822476392567105	-5.5200195311247	2.57321981160143e-05	-5.49203483370542	2.94719137841863e-05	-2.77442762914586	0.043318136293361	-1.6402793901167	0.999963438149354	-1.32561619641853	0.691169571836471	-0.776358522948755	0.913284401114062	-3.56757516359108	0.0201085137158713	-1.22060725359441	0.576539187959941	-1.12131163634019	0.694218133712552	-0.80283254044691	0.999898616998068	-0.937516076181949	0.999905160632868	-1.22261734520347	0.99998075372639	-2.08726404985322	0.319823469017291	-1.75069271863527	0.413819677165671	0.0899087264034016	0.999951635344029	-0.998901385437262	0.999918096269946	5.5200195311247	endo09	2.57321981160143e-05	endo09
ENSSSCG00000022251	-3.70576392193646	0.0150358161720778	-5.31301708374555	4.07307573443514e-05	-11.846358127207	3.40511874328121e-09	3.34942858611868	0.00770383820255691	8.71049428225195	1.49361429806296e-10	7.24253912461976	6.84937117423651e-08	0	0	0	0	0	0	0	0	0	0	0	0	0	0	0	0	0	0	0	0	0	0	0	0	11.846358127207	endo09	0	ovary03
ENSSSCG00000022258	-3.47402597791057	0.0264292963922048	-7.9874092312964	6.40875601869922e-08	-12.007710802593	2.01203120568534e-09	-7.24320917332193	3.53210440272255e-07	-3.04841837576984	0.0210206041007915	0.245949278272476	0.999963438149354	-7.24771116728415	0.00999743135401692	-7.24436809560938	0.00894161580393686	-7.10982292358204	0.0144998365953533	-7.14451500384653	0.00775582119588143	0.823344012268575	0.903909317459812	3.03016654004996	0.0294609929393983	-4.42262113215214	0.00149653785120578	-3.03424129925544	0.0434964199796134	-5.45119421692426	0.000126546971767261	-5.70464519131994	6.7188757325382e-05	-2.96389961906342	0.0522862255326579	0.214528770577595	0.999918096269946	12.007710802593	endo09	2.01203120568534e-09	endo09
ENSSSCG00000022269	0	0	0	0	0	0	0	0	0	0	0	0	0	0	0	0	0	0	0	0	11.4026829793399	7.33973964627575e-09	0	0	0	0	0	0	0	0	0	0	0	0	0	0	11.4026829793399	ovary15	0	endo03
ENSSSCG00000022309	-0.444440967283471	0.999970279305184	-2.61512143659956	0.0748967852260823	-2.59621830085201	0.0549787331931037	-6.205649485316	3.51774986539302e-06	-2.15788793684737	0.162772239788491	-1.67631450906873	0.999963438149354	-0.694537942826384	0.999746826372654	0.60987210195523	0.956307414623905	0.240038790948205	0.988206643419267	0.914623546781864	0.727773885094059	3.77068108372122	0.00149452529666514	3.56409533559834	0.00463814730747074	-0.475636484125901	0.999905160632868	0.780206402505178	0.99998075372639	-0.121108909008306	0.999991240463336	-0.00668100515979483	0.999791955937091	0.361656012510117	0.999951635344029	-0.0230019827972749	0.999918096269946	6.205649485316	endo12	3.51774986539302e-06	endo12
ENSSSCG00000022405	-0.546973465723374	0.999970279305184	-0.33703629941069	0.999982221946195	-1.96689569385807	0.322041372980771	0.535890243295147	0.931581420892849	-0.320804509101332	0.999107661984216	-2.25463961627506	0.69481611402772	-3.28382954239219	0.0291932314414337	-0.376936399663428	0.999667845803702	-1.27212106538269	0.614904353942748	-2.28678766054488	0.117479063300061	-0.786411171463236	0.901316133065737	-2.26419362249394	0.188371326631123	1.19008981569397	0.984532180706307	-2.07706893953641	0.315234608768858	-5.79880671497308	1.61653695132209e-05	-6.59955652122732	1.5582375806717e-06	-1.10781617535213	0.999951635344029	-0.615650245918322	0.999918096269946	6.59955652122732	ovid12	1.5582375806717e-06	ovid12
ENSSSCG00000022554	0.580663882460446	0.999970279305184	-3.06623817806183	0.0992667709852993	-4.78784353239509	0.00916731218623892	-3.83805929156197	0.028759175794283	-2.42788541067358	0.202621037120199	-0.529689604466514	0.999963438149354	0	0	0	0	0	0	0	0	0	0	0	0	-1.1461340432409	0.999905160632868	-3.70461707027295	0.0073845081980412	-1.8958053331334	0.401570465890687	-7.17376859727367	1.71699154232533e-06	0.0382285933392206	0.999951635344029	0.323680646083576	0.999918096269946	7.17376859727367	ovid12	0	ovary03
ENSSSCG00000022569	5.03800853190428	0.0003482734811891	6.3410029280181	5.61771040847541e-07	6.20476241549799	7.33065459186962e-07	6.94770548735339	5.73683910068859e-08	1.95473026352375	0.26045512522734	-0.172914141607176	0.999963438149354	0	0	0	0	0	0	0	0	2.8856053667882	0.0557325403162617	0	0	4.73027762174748	0.00168255882038282	5.29824266531597	0.000314889854488916	6.23440920025611	1.4685254876698e-05	0	0	1.60713238205862	0.999951635344029	0	0	6.94770548735339	endo12	0	ovary03
ENSSSCG00000022649	-1.78917837450908	0.867800222277548	1.4806263667402	0.640567179157132	5.16721827046606	2.34358098013684e-05	0.815116553064756	0.830919277556491	2.24635631248564	0.134909957810906	0.813890777802938	0.999963438149354	-0.148964064221081	0.999746826372654	-0.257018605772674	0.999667845803702	-0.0768626026124169	0.99952824924684	0.0533427291467569	0.992778609711784	0.524635346887313	0.999560378701902	0.0112893140515803	0.999898616998068	-0.874934943979976	0.999905160632868	-0.36712721007767	0.99998075372639	-0.883860798315871	0.999991240463336	-0.867534018409388	0.999791955937091	-2.2581627326345	0.235507343338261	0.341537206635597	0.999918096269946	5.16721827046606	endo09	2.34358098013684e-05	endo09
ENSSSCG00000022679	2.86165722562396	0.125413283402743	-0.697185213129954	0.999982221946195	4.08956809916586	0.00102319624993895	5.81132656943364	3.13069361519271e-06	2.17212754794401	0.175242040901266	-0.102714394952351	0.999963438149354	3.37118279419996	0.0330589824173642	1.53346167667936	0.658778227700301	0	0	4.08771348468331	0.00272510988758476	3.17640591603011	0.0327851108476002	2.82130267210831	0.111586392842516	1.32240622256195	0.999905160632868	3.470768842994	0.052981753931178	1.39996145911118	0.999991240463336	0	0	0	0	0	0	5.81132656943364	endo12	0	ovary09
ENSSSCG00000022721	0.85575503731968	0.999970279305184	3.37439655008668	0.00994820892598402	5.97568084903334	1.39566593086013e-06	1.63611285254329	0.364003178839265	2.2544830671723	0.13779502420242	0.979869554313555	0.999963438149354	-2.54752527574291	0.223343848055241	-2.54048241090086	0.187263238741119	-1.6669738075691	0.503337875951739	-2.32076583007058	0.199674191220185	-0.477309570269668	0.999560378701902	-1.49591322982632	0.693917180382337	-2.73915547825746	0.0684306448662442	-2.07304688393234	0.316471821450729	-1.66493926355756	0.548431409386794	-4.04536410066907	0.0016451115569154	-1.86977581971618	0.497098934325913	-1.59702827398528	0.999918096269946	5.97568084903334	endo09	1.39566593086013e-06	endo09
ENSSSCG00000022728	0	0	0	0	0	0	0	0	0	0	0	0	1.7354901827987	0.580086061900209	0	0	0	0	1.12197997571808	0.753807305258907	1.30887099064853	0.713664369996064	0	0	-3.78302271505856	0.0143488351888414	0.0673299460732213	0.99998075372639	0.184911590060688	0.999991240463336	-9.33778300410721	2.6187383659234e-05	-2.0917048985241	0.420191235996718	-0.634748564072301	0.999918096269946	9.33778300410721	ovid12	0	endo03
ENSSSCG00000022919	0.297168732407761	0.999970279305184	0.137643097154504	0.999982221946195	-2.031017111921	0.174671852618185	-1.73866507825753	0.298461323072703	-3.0286879774449	0.0209268894451345	-0.626916441360443	0.999963438149354	-3.24417254348536	0.0190427014025938	-3.64857928104256	0.00715390070966795	-10.2048995459027	2.58963241205506e-06	-4.98574977691459	0.000232918759976099	-3.98321257247446	0.00191636512042673	-1.49924399088596	0.563373022608686	1.15671802427131	0.999905160632868	0.00666258508757127	0.99998075372639	-1.01568305744344	0.999991240463336	0.185569760169568	0.999791955937091	1.72595655477318	0.640670164373168	-0.0230029512811987	0.999918096269946	10.2048995459027	ovary09	2.58963241205506e-06	ovary09
ENSSSCG00000022948	2.22529305433543	0.49146716128771	-0.496109580582048	0.999982221946195	-3.26251331970573	0.0925018995242996	6.46676122794176	4.07838187814493e-07	2.42079700563275	0.11765860232606	2.28625084636643	0.486161636477319	0	0	0	0	0	0	0	0	0	0	0	0	-1.32334923119667	0.947302483140364	-1.71134948644783	0.651308161901991	-1.37074963572432	0.861909787348766	-3.24783032866793	0.0338689189349623	-0.487399578594906	0.999951635344029	-1.93798422531687	0.931794027430543	6.46676122794176	endo12	0	ovary03
ENSSSCG00000022951	0.831247619354081	0.999970279305184	-0.237744215352504	0.999982221946195	3.34623793542918	0.00987599330160207	1.41323660704133	0.531017521373417	-1.48086095333647	0.618799117653917	-0.253939178046359	0.999963438149354	0	0	1.33535307547793	0.706103487792256	3.76551205495674	0.00662301752194279	3.75486150625953	0.00404874638845357	5.9213447091286	4.24683180292398e-06	2.19350002594199	0.286636950516248	0	0	0	0	-0.156821725799221	0.999991240463336	1.0937923423219	0.965193575673344	0.401525832103559	0.999951635344029	0	0	5.9213447091286	ovary15	0	ovary03
ENSSSCG00000023032	0	0	0	0	0	0	0	0	0	0	0	0	-7.69363658514724	2.20149245827902e-08	-7.68652409130468	2.78008527119456e-08	-8.36435291172598	4.77385762167057e-09	-9.4083027391385	2.21958796534633e-10	-1.99735446719656	0.155883780095245	-13.9252218093342	4.15569483392398e-12	0	0	-1.79760214992387	0.897627526267877	0	0	0	0	-0.0497132809172096	0.999951635344029	0.388482660272678	0.999918096269946	13.9252218093342	ovary18	0	endo03
ENSSSCG00000023261	0	0	3.52842365766138	0.078815626420562	0	0	5.27394774417218	0.000617857809217174	0	0	0	0	-4.15723682812537	0.00171117545185213	-7.07845782766673	1.72257095637906e-06	-4.03655537398249	0.00192056902974503	-3.84051528234576	0.00188416573247214	-5.6218516053284	1.75636885340643e-05	-2.00367239898794	0.240294455975134	2.71504563590329	0.298358372633689	3.64180858255992	0.0489770486954221	0	0	0	0	2.26985248939722	0.661913458430303	0	0	7.07845782766673	ovary06	0	endo03
ENSSSCG00000023289	0	0	0	0	0	0	0	0	0	0	0	0	-11.9389941591038	5.69761518583953e-09	-11.9356297767728	8.29162744107358e-09	-6.18520613296639	5.44882915393387e-06	-11.8351166995782	3.84900797503223e-09	-11.971213061698	1.32469702722639e-09	-12.0606140325649	2.02538464477705e-09	0	0	0	0	0	0	0	0	0	0	0	0	12.0606140325649	ovary18	0	endo03
ENSSSCG00000023467	0.703273961576162	0.999970279305184	5.11573931368376	5.65234466653547e-05	5.52023279062586	1.22475375338767e-05	4.39681302586979	0.000548362709092367	-0.246267416375354	0.999107661984216	0.7328424864683	0.999963438149354	-1.1453487511408	0.769182320117705	0.518097692091128	0.98035258058163	1.17757296921163	0.623494341115537	2.6014710688383	0.0333811411968435	-2.35132354966987	0.0820504679906521	-2.63237769597241	0.0672134483939164	0.469689863714829	0.999905160632868	-0.144767685325469	0.99998075372639	-0.96066248621409	0.999991240463336	-0.673096963360285	0.999791955937091	-2.28906121365786	0.229096560983949	-0.00257505940102589	0.999918096269946	5.52023279062586	endo09	1.22475375338767e-05	endo09
ENSSSCG00000023706	-2.29009054637078	0.377276675354597	-4.63115267393373	0.00023683672784081	-4.20618084184879	0.000733511511896256	-4.53927719588238	0.000281225471956991	-5.55677727300927	2.31668407461016e-05	-2.7748508530298	0.132052609835915	-3.60952977153878	0.0560551544542358	-1.66377379551493	0.501777648807134	-3.30608687204373	0.0804853006728289	-3.38601964420004	0.0483318462105762	-2.14583610141244	0.240156119079729	-0.84056666520107	0.999898616998068	1.4240412967669	0.947205961359425	2.80008626235549	0.109259368973825	1.2922728226133	0.996627835668342	1.0095761773916	0.999791955937091	-0.155555182454494	0.999951635344029	1.38283547999169	0.999918096269946	5.55677727300927	endo15	2.31668407461016e-05	endo15
ENSSSCG00000023716	-2.48003708435653	0.345206809220751	-3.39266586909572	0.0193177253890451	-3.38069606915999	0.0164087356051765	-2.62307579162731	0.0773819065809674	-1.3373804912933	0.613116095636254	-0.571754122236682	0.999963438149354	-5.52918901903085	1.12402402657409e-05	-4.07315245813294	0.000953603418490507	-3.75842421184228	0.002239800939216	-2.92688168790864	0.0135999190000075	-1.73988128970528	0.253566971412023	-4.92978877077887	8.36633811995331e-05	-5.5769461020115	0.000447522617461606	-3.462055947807	0.0243737564028297	-2.79566217958374	0.0903063793558163	-1.89327638253733	0.345524650614376	-1.46655186261125	0.913176597220303	-0.576693099520707	0.999918096269946	5.5769461020115	ovid03	1.12402402657409e-05	ovary03
ENSSSCG00000023852	0	0	0	0	0	0	0	0	0	0	0	0	0	0	0	0	0	0	0	0	7.70956725156988	3.67160976631624e-08	4.21656207715829	0.00665160025600671	0	0	0	0	0	0	0	0	0	0	0	0	7.70956725156988	ovary15	0	endo03
ENSSSCG00000024061	3.38055300660203	0.0365112552958572	-1.22171642135487	0.956663881770382	-3.13284326513121	0.0778688431717642	-0.647556345713854	0.914066075781208	0.721350254024933	0.976202954331814	0.495710122237138	0.999963438149354	0	0	0	0	0	0	0	0	0	0	0	0	-5.3477977695087	5.539039571479e-05	-4.40207451916927	0.000847169839869861	-4.59285414725773	0.00045951543144849	-7.70100173185969	1.04893526134807e-07	-4.56023162318853	0.000636111543277808	-4.01855833466184	0.0107866564339415	7.70100173185969	ovid12	0	ovary03
ENSSSCG00000024204	2.61555543499109	0.443651653127586	0	0	0	0	0	0	1.80791546055184	0.490534985440642	0	0	-1.47920299775587	0.522841801082651	-1.97097311960038	0.203474603704512	-3.10370092578362	0.0159467567117964	-5.20611648485501	3.1889809317337e-05	-2.26798094259427	0.0890494188869743	0.851149172666478	0.968700931919758	-0.911445052821036	0.999905160632868	-0.928672098769812	0.99998075372639	-1.08794396172117	0.999991240463336	-1.53478688329766	0.568364234977539	-1.29448311952695	0.999951635344029	-1.09413109601886	0.999918096269946	5.20611648485501	ovary12	0	endo06
ENSSSCG00000024314	0	0	3.8893109865678	0.0130128547205836	6.8685173783664	6.62348025148552e-07	7.36055790431578	1.3822519167093e-07	7.35348096214151	2.33075103236531e-07	3.5581424099347	0.084018411184321	0	0	0	0	0	0	0	0	0	0	0	0	-8.70401336326348	0.000235515640349101	-3.8461114531352	0.0217564020307037	0.963888059222492	0.999991240463336	-8.69748499612361	0.000186632985065755	-4.82426838090855	0.00501246623366987	-1.57235334739574	0.999918096269946	8.70401336326348	ovid03	0	endo03
ENSSSCG00000024320	0	0	0	0	0	0	0	0	10.2083120593402	1.50553883564963e-06	7.41729037602224	0.0215533972381597	0	0	0	0	0	0	0	0	0	0	0	0	0	0	0	0	0	0	0	0	0	0	0	0	10.2083120593402	endo15	0	endo03
ENSSSCG00000024346	1.65055100970982	0.999970279305184	6.89569263008008	7.24999495860142e-07	6.67592910277604	1.2734944686307e-06	0	0	0	0	0	0	-1.55687873665926	0.565955279452358	-1.45733938994745	0.554682950630114	-2.1435017391696	0.237166863711604	-1.90718433250434	0.258934544223618	-0.835545060449598	0.88677665174792	1.29044937287623	0.718887502119294	0	0	1.72444333112913	0.914109276760345	1.97968717167279	0.664911842905569	0	0	2.50153155372817	0.412873599254025	0	0	6.89569263008008	endo06	0	endo12
ENSSSCG00000024416	1.21659544871213	0.999970279305184	1.04639275044504	0.999982221946195	1.66079197867545	0.384485013275011	0.864591435825372	0.830919277556491	0.453722056877839	0.999107661984216	-0.736340145398383	0.999963438149354	-0.173533233821492	0.999746826372654	-2.55899005263933	0.29687333396455	0	0	0	0	-3.55162104005625	0.0987791963944081	-0.704357087135798	0.999898616998068	-6.31277061455943	1.95373780688939e-06	-7.47761415090123	3.10208946079843e-08	-7.87140155939338	8.60560739194757e-09	-6.23476386802171	1.24456831118609e-06	-3.68005943868476	0.00604968618229315	-2.03290010689203	0.661135942731228	7.87140155939338	ovid09	0	ovary09
ENSSSCG00000024476	1.35233975003437	0.999970279305184	5.40139247266527	1.14585549721154e-05	5.71399661916297	3.18506547401296e-06	6.08737770094773	8.26724727226968e-07	0.103131003053909	0.999107661984216	-0.318462343854045	0.999963438149354	0.69422133302882	0.997439101414708	-0.345600103571931	0.999667845803702	-0.48101573131805	0.954080029041042	-0.125497769549644	0.984107475489556	-0.37659479201279	0.999560378701902	-1.23547850025892	0.73524511615268	1.05667405277717	0.999905160632868	1.54252934442494	0.706080602255698	2.16421950931604	0.236590622985184	3.0450748419087	0.0214210163075085	1.15805560492692	0.999951635344029	-1.22137546965777	0.999918096269946	6.08737770094773	endo12	8.26724727226968e-07	endo12
ENSSSCG00000024689	0	0	0	0	0	0	0	0	0	0	0	0	0	0	0	0	0	0	0	0	10.6673894971215	1.6484626057953e-11	5.31791188114382	0.00258299910979454	0	0	0	0	0	0	0	0	2.82205636903798	0.233916619296278	0	0	10.6673894971215	ovary15	0	endo03
ENSSSCG00000025413	1.39176882879114	0.999970279305184	-4.42564102580967	0.00282733935658497	-1.30129847812086	0.612434919495163	-2.3603997636533	0.132179715014178	-9.44819585026799	2.52877971053196e-05	-3.76304282712912	0.0279824374609963	0	0	0	0	0	0	0	0	0	0	0	0	0	0	0	0	0	0	0	0	0	0	0	0	9.44819585026799	endo15	0	ovary03
ENSSSCG00000025523	0	0	0	0	0	0	0	0	0	0	0	0	-5.21784575643228	6.11695792463653e-05	-4.47822434693943	0.000395687619304072	-4.29269454047664	0.000670583705732261	-5.43178302190147	1.64215031810586e-05	-3.64541622023288	0.0024674493216579	-0.903163918340178	0.944272791700747	0.0943634061857437	0.999905160632868	-1.91203170946788	0.813526059585588	-1.82547453175168	0.797573334793529	-1.19667479660737	0.962596272314273	0.113489824358211	0.999951635344029	-0.261312757057568	0.999918096269946	5.43178302190147	ovary12	0	endo03
ENSSSCG00000025527	0	0	0	0	0	0	0	0	0	0	0	0	5.95314329914216	1.76694943504105e-05	4.92982094725111	0.000390096410813412	5.36188560032323	8.30257844145438e-05	5.22194808287836	8.12061189394973e-05	0	0	0	0	0	0	0	0	0	0	0	0	0	0	0	0	5.95314329914216	ovary03	0	endo03
ENSSSCG00000025597	0	0	0	0	0	0	0	0	1.48815424381965	0.687779130342407	0	0	0	0	0	0	0	0	7.2254268213961	0.00324305686683007	10.1632050442646	6.21677440848419e-07	0	0	0	0	0	0	0	0	0	0	0.308454317488641	0.999951635344029	0.873728047184733	0.999918096269946	10.1632050442646	ovary15	0	endo03
ENSSSCG00000025721	0	0	0	0	0	0	0	0	0	0	0	0	8.48338097119052	1.94340378625948e-08	5.95888635243123	7.76308262645747e-05	10.086607978307	3.8226040377448e-11	11.1454104639042	5.70433008060386e-13	7.42004542904597	2.77072136745949e-07	0	0	0	0	0.875490243131448	0.99998075372639	3.07452430669512	0.0952481924024835	2.79786353051222	0.130996524490684	2.33373067224796	0.472845598171281	1.33404440048091	0.999918096269946	11.1454104639042	ovary12	0	endo03
ENSSSCG00000025795	-1.11163788120327	0.999970279305184	-2.99578455525981	0.0387472849081732	-2.43935038348362	0.0943219507850843	-2.24843993605081	0.14054068843099	0.234492742981102	0.999107661984216	0.74965189142139	0.999963438149354	-2.97282894873887	0.0726489514464689	-1.75923453165771	0.377142292515136	-1.09463422247791	0.72687067554577	-1.64295033443876	0.365696336383522	5.52221631905454	5.0458951954547e-06	5.67784450166723	8.13582443028e-06	-0.978048821927981	0.999905160632868	0.33632016549052	0.99998075372639	1.33132421179927	0.914286003829154	0.796152384171402	0.999791955937091	0.513690249486183	0.999951635344029	0.684385262395386	0.999918096269946	5.67784450166723	ovary18	5.0458951954547e-06	ovary15
ENSSSCG00000025996	-0.954847694151629	0.999970279305184	-1.5839242858754	0.601776974136363	-2.33890197153842	0.124156282467247	-1.80643377458481	0.304830490401077	-1.22671339550919	0.687779130342407	-1.45539004251868	0.999963438149354	-3.14867310976874	0.0316694462542623	-2.66091084194062	0.074046863890997	-1.9961486394334	0.235981161422229	-9.47259754623217	1.40222166040808e-05	-0.304912451395118	0.999560378701902	-0.644614839809757	0.999898616998068	-1.41865829850195	0.837108924895025	-1.14023211211113	0.99998075372639	-1.65818907373406	0.59556798231601	-0.802517751876342	0.999791955937091	1.13563221743167	0.999951635344029	-0.259349998526979	0.999918096269946	9.47259754623217	ovary12	1.40222166040808e-05	ovary12
ENSSSCG00000026146	-2.17155139732378	0.701779172019801	-3.22182630194959	0.0694205562687867	-0.452305375834107	0.999890466505892	-2.46221933038533	0.167094942357954	-2.36514772056346	0.208440115801733	-0.685300872233467	0.999963438149354	0.0305002426740392	0.999746826372654	-0.11923254046367	0.999667845803702	-0.702616801470417	0.914177461785393	-3.52737777666915	0.0356003793956498	0.0117790732735666	0.999560378701902	1.98714400523296	0.277777247610577	-4.37113931478893	0.00501696684826573	-3.21158055184373	0.044958720910295	-2.86398614946308	0.0865255003518173	-4.04584430833222	0.0065196880592461	-9.44856669691042	2.55784864848165e-05	-1.86141267354271	0.988323467718603	9.44856669691042	ovid15	2.55784864848165e-05	ovid15
ENSSSCG00000026156	0	0	0	0	0	0	0	0	11.8899512827512	4.18154882384611e-09	8.4130641413373	0.00196603376098605	0	0	0	0	0	0	0	0	0	0	0	0	0	0	0	0	0	0	0	0	0	0	0	0	11.8899512827512	endo15	0	endo03
ENSSSCG00000026402	0	0	0	0	0	0	0	0	0	0	0	0	0	0	7.10323655870425	0.00894161580393686	9.51321152343108	5.33541852957532e-06	9.2405087339682	8.96108405944489e-06	0	0	0	0	0	0	0	0	0	0	0	0	0	0	0	0	9.51321152343108	ovary09	0	endo03
ENSSSCG00000026407	-0.814135441130745	0.999970279305184	-1.96048624257155	0.315941817838732	-2.17767296562799	0.145946937606981	0.247626308092575	0.980565818546025	-1.00019241367024	0.823812911255221	-1.32643078765197	0.999963438149354	-6.19613402239139	1.18790310641238e-06	-4.37919716729993	0.000378955176072469	-5.76513176893353	4.28375846601688e-06	-7.6260226512603	6.73707456414982e-09	-2.93394364900117	0.0149250261759042	-5.69196312656293	7.6551760519746e-06	-4.86467459995198	0.000293213494687545	-2.35951003219253	0.183859054541148	-2.72990481204923	0.0729625392666672	-1.67126212267349	0.43733125003428	-2.25964240979818	0.246535588041764	0.197668744534881	0.999918096269946	7.6260226512603	ovary12	6.73707456414982e-09	ovary12
ENSSSCG00000026442	-9.88457916204253	3.07590982163754e-05	-3.56832269474936	0.0124244044209154	-3.2702025775933	0.0187489111882256	-4.10418160180455	0.00350429620209737	-9.88653827044267	6.00278257818325e-06	-4.67640650433886	0.0035102957015307	0	0	0	0	0	0	0	0	0	0	0	0	0	0	0	0	0	0	0	0	0	0	0	0	9.88653827044267	endo15	0	ovary03
ENSSSCG00000026790	0	0	0	0	6.0321006523231	0.000283464776388226	6.67932244194701	3.33790261071415e-05	0	0	0	0	0	0	0	0	0	0	0	0	0	0	0	0	2.98486029758172	0.26819763569885	0	0	3.35129792442125	0.137950936972595	0	0	0	0	0	0	6.67932244194701	endo12	0	endo03
ENSSSCG00000026849	-5.40458828618272	0.000202990568942934	-7.43341764443863	1.87109571787817e-07	-6.3007869492529	2.53251820910803e-06	-1.43321949883396	0.469737445571045	-12.0552773284184	3.54668372325758e-09	-12.1534250583826	4.52714036268105e-09	-4.80785355417992	0.000551776402257509	-4.07489628574523	0.00236375709205097	-5.07056809417135	0.000308746889097441	-6.11449451030806	2.58828215058992e-05	-4.01334505744967	0.00162172169025103	-2.27149737123471	0.150805838492263	-1.8409195155613	0.44730907069458	-0.648821031553012	0.99998075372639	-1.60438928094175	0.610824600930398	-2.5272521067798	0.0936781815446596	-3.11462607088502	0.035270910448222	4.0076505177944	0.0101710822071189	12.1534250583826	endo18	3.54668372325758e-09	endo15
ENSSSCG00000026886	1.08071459982191	0.999970279305184	2.2229744614134	0.361092980236971	1.90114348586155	0.403440569759916	3.15686218292344	0.041337477324245	0	0	0	0	0	0	0	0	0	0	0	0	9.39541570919054	7.89077090813717e-06	7.96883231062618	0.0014713605575184	-0.409026365815409	0.999905160632868	0.424029127363442	0.99998075372639	-0.571228002635529	0.999991240463336	-1.5036260119911	0.687313538122162	-1.09683279341187	0.999951635344029	2.4722302905031	0.395008319858595	9.39541570919054	ovary15	0	endo15
ENSSSCG00000027232	-0.439413856791732	0.999970279305184	1.14726604122229	0.987811390355326	4.43341272096572	0.000534108441095479	6.36736528022896	7.06789970665531e-07	5.42147675774711	3.32032486844159e-05	2.50273438243435	0.349922708952876	-3.21306621686915	0.12492439085706	-0.689313979188814	0.958719842181167	-1.37327855785573	0.664008405370943	-1.45472307093082	0.551817536362995	1.49800826598838	0.454233256279555	0.921389943081001	0.971689727160792	0.150079110258232	0.999905160632868	2.82627997704244	0.114328977196909	3.28543769689394	0.0326506131284725	2.15098713580767	0.29125899275202	2.8832894773509	0.104878307902051	0.735368573614171	0.999918096269946	6.36736528022896	endo12	7.06789970665531e-07	endo12
ENSSSCG00000027266	1.08473847227715	0.999970279305184	0.920413091651894	0.999982221946195	0	0	8.37221157919704	1.11195756330816e-09	0	0	0.886999106537618	0.999963438149354	3.09968752588129	0.0250889072415461	2.60478993576049	0.0742031957121124	3.07358989403833	0.0221990656344307	4.36175374380014	0.000326603099741231	0.241002602526049	0.999560378701902	-0.80523222527224	0.999898616998068	0.965682296188066	0.999905160632868	0.652326584225875	0.99998075372639	0	0	0	0	1.35886884296234	0.999951635344029	2.08923692410873	0.946066554654801	8.37221157919704	endo12	0	endo09
ENSSSCG00000027320	0	0	0	0	0	0	0	0	0	0	0	0	-6.05195867379775	3.30538272484935e-05	-7.5252824601989	2.28958093115102e-06	-6.30595710552464	2.17295690758368e-05	-5.82584946975795	2.8030614381199e-05	-10.8134739202386	8.47510863998245e-08	-5.5813218478757	6.4585490701564e-05	0	0	0	0	0	0	0	0	0	0	0	0	10.8134739202386	ovary15	0	endo03
ENSSSCG00000027365	0.957409303141788	0.999970279305184	-0.12007868320966	0.999982221946195	-2.42157964746315	0.0991291669613487	-2.65511037261679	0.0655348982528061	-1.10526883913287	0.764279714903459	-0.601672458945068	0.999963438149354	0	0	-0.684053825449473	0.97745955564334	0.924334086652298	0.852597026152766	0	0	7.21462789909136	2.98365763725531e-08	4.13022307875491	0.00202926642655523	0.364782452717541	0.999905160632868	1.02455618174855	0.99998075372639	1.09145005897272	0.999991240463336	0.753765913482884	0.999791955937091	-0.938045191651075	0.999951635344029	-0.189490647261627	0.999918096269946	7.21462789909136	ovary15	0	ovary03
ENSSSCG00000027404	-0.0523676178668217	0.999970279305184	3.52630342999443	0.00553983516462597	1.39266332023424	0.498787798851516	0.187739249566649	0.986150609622786	0.660630845361058	0.97878001730954	-0.629937205608008	0.999963438149354	3.39125283639237	0.0102626514693625	7.17739710578305	3.24537157236883e-08	7.04686600556993	5.35729121323056e-08	0.209886071277815	0.976630128325041	3.76131449053584	0.00195570484837883	-0.167280648619353	0.999898616998068	0.620198750839448	0.999905160632868	-0.285929038016564	0.99998075372639	0.771735812777976	0.999991240463336	-0.404177647172703	0.999791955937091	-1.08814153621563	0.999951635344029	-1.09921808954109	0.999918096269946	7.17739710578305	ovary06	3.24537157236883e-08	ovary06
ENSSSCG00000027607	-2.15633995516999	0.4687165572102	-4.1286359357479	0.00103642543803744	-5.40112170514248	1.72570906026718e-05	0.801458901735909	0.830919277556491	3.31324403318898	0.00888270752911298	2.66592567504902	0.160851343141366	-0.0445793719579247	0.999746826372654	0.151943612076031	0.999667845803702	0.780928002866409	0.84582303133137	0.729017706440037	0.821167491902694	0.0397022836058313	0.999560378701902	-1.21379752668659	0.747711940497433	-3.4967538511642	0.00880010190846211	-1.99083210356948	0.357575219649744	-3.0219609961353	0.0298762832876276	-2.10958290208907	0.196750117335766	-1.49786877625354	0.828546875653304	0.374185056054307	0.999918096269946	5.40112170514248	endo09	1.72570906026718e-05	endo09
ENSSSCG00000027654	0	0	0	0	0	0	0	0	0	0	0	0	-10.9000076348392	1.57149030948535e-07	-10.8966441575952	1.43649102328345e-07	-6.42469318740815	1.51028774900878e-05	-10.7961591170481	1.75261095197733e-07	-0.308026166945882	0.999560378701902	-4.23802395298319	0.00129191907297471	0	0	0	0	0	0	0	0	0	0	0	0	10.9000076348392	ovary03	0	endo03
ENSSSCG00000027954	2.3247686182597	0.36312199702896	3.48775033342382	0.00699121967278407	7.89195430626589	1.44356580641481e-09	8.57535522137588	1.34378404381046e-10	7.76348579724454	4.21401403900749e-09	4.03615153548758	0.00453821903680171	0	0	0	0	0	0	0	0	0	0	0	0	0	0	3.15688055351624	0.088263022138537	2.94935271580854	0.126480178928855	0	0	0	0	0	0	8.57535522137588	endo12	0	ovary03
ENSSSCG00000028112	0	0	0	0	0	0	0	0	0	0	0	0	4.37579655435411	0.00325364198690915	7.97837329058877	2.78008527119456e-08	9.73234966757558	3.7916008140995e-11	9.63551755738054	1.76022738215992e-11	5.81464530525349	1.74019470319431e-05	3.6925488026089	0.0178742972019719	0	0	0	0	3.22991363737165	0.0844023066026853	1.87009537539575	0.615415865661611	2.50153155372817	0.412873599254025	0	0	9.73234966757558	ovary09	0	endo03
ENSSSCG00000028204	0	0	0	0	0	0	0	0	0	0	2.99278212144325	0.544386123550537	-3.31328741796472	0.0476599000088447	-2.51659453251417	0.138840179181006	-1.44480317349548	0.555828497363903	-2.29525008462148	0.149334695273988	3.3326065588734	0.00614556094472052	5.68094072145783	8.26010422599468e-06	0	0	0	0	0	0	0	0	1.60492208687257	0.999951635344029	0	0	5.68094072145783	ovary18	0	endo03
ENSSSCG00000028274	-0.0282233910029284	0.999970279305184	4.50697501384527	0.000624480019120401	1.11742463366234	0.805831248665152	0.433835803058644	0.959902407367616	-0.675372152385336	0.999107661984216	1.69432370358287	0.999963438149354	-5.51491023699512	0.000425145584182062	-3.56914303052315	0.0114331997749443	-3.67442739595589	0.0103776263328015	-9.5824213408371	9.91252040745949e-06	-0.707965434458652	0.935899515405601	-1.59185315199868	0.514720051027152	0.351411883115986	0.999905160632868	0.507957677852622	0.99998075372639	-0.490815615786857	0.999991240463336	-0.098191060429966	0.999791955937091	1.09526141949672	0.999951635344029	-0.62971338475867	0.999918096269946	9.5824213408371	ovary12	9.91252040745949e-06	ovary12
ENSSSCG00000028376	0	0	0	0	0	0	0	0	0	0	0	0	0	0	0	0	0	0	0	0	10.0547788799464	8.59355133195362e-07	8.9659501331089	9.69822291808967e-05	0	0	0	0	0	0	0	0	0	0	0	0	10.0547788799464	ovary15	0	endo03
ENSSSCG00000028671	8.95910766681951	0.000369142594963684	9.42364590066858	1.54252874191374e-05	9.74229631783799	3.29982693413052e-06	9.86827248825384	1.99630692854096e-06	8.51061351308727	0.000318140870748255	0	0	0	0	0	0	0	0	0	0	0	0	0	0	6.25684877260707	5.539039571479e-05	3.92579008720017	0.0434964199796134	6.4247028213407	3.04118468642412e-05	4.03131029416207	0.0231541298517782	4.53395337373185	0.0103303428828038	0	0	9.86827248825384	endo12	0	endo18
ENSSSCG00000028691	0	0	0	0	0	0	0	0	0	0	0	0	3.45127632160072	0.00632859233835295	4.69173298759308	0.000125597185588352	5.29888499004367	1.43727211156634e-05	5.08867208512479	1.78986991015282e-05	-4.15002676656617	0.000529234937746764	-2.71049154507543	0.046553794802183	4.95695039490092	0.00285430350531916	7.15304909916054	3.00903522182754e-06	8.52848576781123	2.17703129869329e-08	6.36471666057352	2.96830039077667e-05	6.18041741665329	9.46344421571615e-05	0	0	8.52848576781123	ovid09	0	endo03
ENSSSCG00000028758	-1.97431238388689	0.889706279791769	-3.98184681278297	0.0266104423106399	-3.82372599129108	0.0280309011736542	-2.83639057074961	0.109786411528629	-3.91525499478574	0.0273577448179726	-0.0610109983985057	0.999963438149354	-7.62403047069185	0.00421505327109195	-7.6206823091185	0.00365784873680484	-7.48592216790863	0.00662301752194279	-7.5206716128604	0.00337148063589146	-7.65609592742366	0.00192335661236424	-3.69236433691357	0.0459607218918749	-2.29742039279778	0.222600038770635	-0.474282967989062	0.99998075372639	-3.24621357780987	0.0276334203483046	-10.1494523673235	1.66325771699236e-06	-4.18012212873306	0.00418649284938862	1.72976532062662	0.999918096269946	10.1494523673235	ovid12	1.66325771699236e-06	ovid12
ENSSSCG00000028814	-2.65144611085999	0.168629706298291	-3.91872338424863	0.00169612970872192	-5.14057751187912	2.39418623873428e-05	1.81592086517196	0.256314214020532	3.64837730498451	0.00370308916063578	3.13264530724558	0.0465883806171307	1.62259735426607	0.413543300187305	1.29117507365979	0.576342907961823	2.73061540863821	0.0327882385444514	1.74444437967373	0.226365707588566	4.17552126535935	0.0003834804832075	2.62447729645804	0.0561116781655799	-0.60677767556845	0.999905160632868	0.778149404053418	0.99998075372639	0.803515286911562	0.999991240463336	0.312521153576116	0.999791955937091	1.87074355342077	0.487788664692267	-0.0724624082620698	0.999918096269946	5.14057751187912	endo09	2.39418623873428e-05	endo09
ENSSSCG00000028964	-0.186444896620137	0.999970279305184	0.578562973168824	0.999982221946195	0.268437230394782	0.999890466505892	0.366854634616713	0.958591242095257	-0.723348631173977	0.9594660351854	-1.04247768104915	0.999963438149354	5.82193000101778	3.28204889675533e-06	5.41616599649907	1.03187294043971e-05	5.83610280804304	2.44796206652766e-06	5.08037026744214	1.91264950089941e-05	0.619270238923796	0.96467328161205	-0.272651783492235	0.999898616998068	-0.0900014167531816	0.999905160632868	0.0942166618028887	0.99998075372639	0.193280870830879	0.999991240463336	-0.0968965877629922	0.999791955937091	-0.69041618791493	0.999951635344029	0.495348003122479	0.999918096269946	5.83610280804304	ovary09	2.44796206652766e-06	ovary09
ENSSSCG00000028969	1.90234905075126	0.701779172019801	7.87531164580574	1.54690126221938e-09	8.70320717732696	5.80131396720897e-11	-4.79355991478953	0.00255665190658792	0.027797514658483	0.999107661984216	-2.37243536118898	0.481070021648267	0	0	0	0	0	0	0	0	0	0	0	0	-4.1227663713523	0.00449226976993685	-2.32126894695068	0.226612308545193	1.50739362690346	0.681776530677856	-6.04300688978378	8.47684378518361e-05	0.232966852615199	0.999951635344029	-1.07766540649915	0.999918096269946	8.70320717732696	endo09	0	ovary03
ENSSSCG00000028997	-0.208826845450954	0.999970279305184	-0.782925504186384	0.999982221946195	-0.654928052457737	0.985302060633103	-1.77612934751227	0.28368156292304	-0.231412834393122	0.999107661984216	-1.22976133315466	0.999963438149354	-2.58834204826402	0.255648225800102	-1.20061297734293	0.771524613506208	-1.30661674932972	0.70110171870754	-2.92303841150869	0.120910097426281	0.567707281672938	0.999560378701902	-0.463987032454313	0.999898616998068	-0.666853511584909	0.999905160632868	-0.0721065905273396	0.99998075372639	-0.970369347676887	0.999991240463336	-7.70443406142601	1.29962801533797e-08	-0.529047817899561	0.999951635344029	-1.28002735946448	0.999918096269946	7.70443406142601	ovid12	1.29962801533797e-08	ovid12
ENSSSCG00000029037	-0.575351107874362	0.999970279305184	-1.94308985569337	0.636206088936241	-0.485831913408783	0.999890466505892	1.73075545053487	0.379794468278354	1.57708377709896	0.51138042004794	-0.923350147311918	0.999963438149354	0	0	0	0	0	0	0	0	3.52232928101472	0.0170494994321697	0	0	-9.45107366796726	2.42970748481387e-05	-4.59323995476784	0.00273767538825774	-4.50632938922053	0.00311044336948086	-9.44453894399498	2.03951410051102e-05	-4.04936339812228	0.00859611231161829	-1.94981476037351	0.912583813400165	9.45107366796726	ovid03	0	ovary03
ENSSSCG00000029289	0	0	0	0	0	0	0	0	0	0	0	0	-2.7287193347076	0.0597719946601275	-3.60911630670973	0.0072590497538547	-6.04927714190424	5.02275029308424e-05	-10.4207371597409	6.03125899168272e-07	-6.41897790502823	9.15231612382783e-06	-4.08277860890805	0.0021710515642122	2.92277897365292	0.12414616506689	0	0	0	0	0	0	0	0	0	0	10.4207371597409	ovary12	0	endo03
ENSSSCG00000029311	0	0	0	0	0	0	0	0	0	0	0	0	0	0	10.6860385210333	1.54869263145911e-07	0	0	0	0	0	0	0	0	0	0	0	0	0	0	0	0	0	0	0	0	10.6860385210333	ovary06	0	endo03
ENSSSCG00000029414	0.282271972992918	0.999970279305184	-1.24024615296279	0.951573407149658	-1.6562339624618	0.49650190523206	-0.935796337746204	0.823423905672242	-0.304097672289518	0.999107661984216	0.359572720330963	0.999963438149354	-0.793994978366116	0.976426029349207	-0.911748797741555	0.865249998566792	-0.161272212678569	0.994057619801371	-2.32618227190699	0.140466025673683	5.47867983517018	6.20399114282596e-06	6.22525169593156	1.12879360370183e-06	0	0	1.90284226118414	0.693079820100045	0	0	0.888103124579925	0.999791955937091	1.12776327441754	0.999951635344029	1.07684068055383	0.999918096269946	6.22525169593156	ovary18	0	ovid03
ENSSSCG00000029443	0	0	0	0	0	0	0	0	0	0	0	0	-5.52806970552999	0.000415012021562599	-3.00430135489908	0.0344236047955915	-4.26029257122473	0.00346160824039028	-9.5955796220208	9.54364385749764e-06	-2.58047254616226	0.0609187634751343	-1.60501390647405	0.504747123578165	0	0	0	0	0	0	0	0	0	0	1.75319609208273	0.999918096269946	9.5955796220208	ovary12	0	endo03
ENSSSCG00000029449	0	0	0	0	0	0	0	0	0	0	0	0	-5.91622520862727	0.000117151731312005	-4.6360824326406	0.000953603418490507	-5.61225366933324	0.000202254884335339	-9.98370455796218	2.59998785570572e-06	-1.2817703970622	0.554362321460701	-0.644171672145298	0.999898616998068	0	0	0	0	0	0	0	0	1.94542226747473	0.835929495411873	0	0	9.98370455796218	ovary12	0	endo03
ENSSSCG00000029515	-2.79918881724346	0.134066310096881	-1.186772615982	0.87692778432422	-0.786262123565607	0.917527336092725	-3.80511349481879	0.00288778951287622	-4.67797084109403	0.000355370767069884	-4.29208313771591	0.00309682269166821	-1.61579614615972	0.646972639203009	-7.31430426372486	0.00767148880973266	-7.17971478919605	0.0128198528306246	-7.21441869110356	0.0065751735680549	0.104315318095208	0.999560378701902	-0.00768737816344691	0.999898616998068	-4.62888525880125	0.000301340047711304	-5.82510584984098	6.19613691629652e-06	-3.88310563917835	0.00276282081449205	-3.21788825744201	0.013541196272806	-4.53768459573292	0.000537729799863586	-0.0596308214665257	0.999918096269946	7.31430426372486	ovary06	6.19613691629652e-06	ovid06
ENSSSCG00000029675	-7.65990587244355	0.0127074974020656	-0.0908188488777509	0.999982221946195	-3.43843292282021	0.0658934702715604	5.6753206663579	5.88802625843916e-06	4.13060399644296	0.00137440868667257	-2.19440423997103	0.837773832762136	0	0	0	0	0	0	0	0	4.01981189698413	0.0124282036891654	0	0	0	0	0	0	0	0	0	0	0	0	0	0	7.65990587244355	endo03	0	ovary03
ENSSSCG00000029879	-2.24393555793805	0.408385886641641	-5.13803488288065	4.03780194664637e-05	-4.40647645484322	0.000369028782374063	-5.66617202078287	6.93023096547892e-06	-9.03437293125655	3.45187163951011e-09	-2.02908630844575	0.617976444320433	-0.836558693945878	0.942723498945728	-1.31386291365504	0.591345761792065	-0.544446117133552	0.936250482312847	-3.40023351048579	0.00858812125518002	-1.36011145494359	0.502077851040215	-0.674496060258506	0.999898616998068	-1.35732258875213	0.844654161139502	-0.725625896089316	0.99998075372639	-1.23496335280214	0.910557898108847	0.444396069495942	0.999791955937091	-2.6334301614423	0.0929598815641721	-0.840683189334596	0.999918096269946	9.03437293125655	endo15	3.45187163951011e-09	endo15
ENSSSCG00000029990	1.17917804282696	0.999970279305184	4.51475138618225	0.000263096718933687	6.56103314644979	1.88017134185614e-07	5.62195543904182	5.06236255310104e-06	0.879525301429116	0.891679872946211	0.987420544761352	0.999963438149354	1.16676791101496	0.809838434415246	0.812665764488933	0.915994307690334	1.83115306808317	0.321599403227524	2.35360912792074	0.0899825644653987	3.40137463403791	0.00689299089881122	3.34636890667205	0.012928757728758	-0.131550601336679	0.999905160632868	1.32318064743227	0.906568257184323	1.57997713826955	0.610697248896288	1.05306422974589	0.893572766835499	-0.210410016724553	0.999951635344029	-0.115350204009338	0.999918096269946	6.56103314644979	endo09	1.88017134185614e-07	endo09
ENSSSCG00000030088	-1.30250149887804	0.999970279305184	-2.08721302061334	0.249247323184281	-2.29952248791406	0.111839475421271	-1.65725563614331	0.350591794358961	-2.01855860775536	0.22415736203934	-0.90846367476611	0.999963438149354	-1.72323570882139	0.394513242680621	-1.14566879259656	0.701933644978497	-0.738964561424579	0.875780060470807	-0.0903185636551037	0.987680441281363	5.03092931105742	2.32456927965716e-05	3.40137875836821	0.00711543927738517	-1.13573610773238	0.999905160632868	0.209336681661581	0.99998075372639	0.255714830456487	0.999991240463336	0.456852536168387	0.999791955937091	0.638808705243863	0.999951635344029	-0.0229834833336097	0.999918096269946	5.03092931105742	ovary15	2.32456927965716e-05	ovary15
ENSSSCG00000030271	-0.276270454937487	0.999970279305184	-0.0604626522284256	0.999982221946195	-0.355360848456623	0.999890466505892	3.37597424633517	0.00927201626714324	0.0509401063063737	0.999107661984216	2.23136524286902	0.49932084562368	0.278698812306015	0.999746826372654	0.846427570931953	0.88042096159834	1.48243609689547	0.464992753525532	3.86464525536113	0.00123307849998547	5.01088501625228	3.23595794138603e-05	2.8058216959631	0.0433865300013957	0.821357674147367	0.999905160632868	0.780948172069146	0.99998075372639	1.01436106163065	0.999991240463336	2.57121133298656	0.0991118981767611	0.372166031196707	0.999951635344029	3.60614777523652	0.041861370987168	5.01088501625228	ovary15	3.23595794138603e-05	ovary15
ENSSSCG00000030300	-1.93109331497604	0.632993505873367	-0.745404168706392	0.999982221946195	-0.0820796529401235	0.999890466505892	0.594285101139571	0.908274064313241	1.61624882571708	0.393240877720015	-0.269597923224212	0.999963438149354	-3.02606627956669	0.0195098439627356	-4.1947975038405	0.000625410834713132	-3.07777161644548	0.0144204112528051	-5.31628460651238	8.80927700408868e-06	-2.7838363591378	0.0222558606756067	-4.13755080863748	0.000884980485023574	-0.759069401750126	0.999905160632868	-0.190846065025288	0.99998075372639	-0.283836722711719	0.999991240463336	0.0478251775947126	0.999791955937091	-1.96507128322577	0.412406411363075	-0.428112843160883	0.999918096269946	5.31628460651238	ovary12	8.80927700408868e-06	ovary12
ENSSSCG00000030303	0.374070806177307	0.999970279305184	1.01764520405902	0.999982221946195	1.17978471934406	0.754923573684666	-0.584788399460446	0.938046224621276	-1.11388379668584	0.884854155001932	-0.00348639974925056	0.999963438149354	-0.203637065743998	0.999746826372654	1.27809355651798	0.696369930713165	0.3667900627221	0.982307921028474	5.80646744335185	3.80120899838569e-06	2.89989412296769	0.0319158046599335	1.42570968288722	0.704833405889381	-0.158962015881797	0.999905160632868	-1.34300327944791	0.912990328160273	-0.482301881655055	0.999991240463336	-1.37274303799551	0.667918868511684	-3.20387154129313	0.031621468063089	-1.2054812909157	0.999918096269946	5.80646744335185	ovary12	3.80120899838569e-06	ovary12
ENSSSCG00000030388	-1.07546503942046	0.999970279305184	1.24099426598953	0.838107136870815	2.55472870449188	0.0568792226427219	4.54054962997814	0.000188319172045507	2.67001016762758	0.0502555745922262	1.75652977798039	0.913878229070267	1.38557623066703	0.603937697956108	2.04229832029332	0.183554139536493	1.97984153666516	0.20212674984501	1.67078152790036	0.279122440809812	6.06361915998705	7.15297811679518e-07	0.788550665151751	0.999898616998068	0.567924435296392	0.999905160632868	0.509731229309565	0.99998075372639	0.512443316567515	0.999991240463336	0.447118410260013	0.999791955937091	1.34099156261338	0.999951635344029	1.1615306115325	0.999918096269946	6.06361915998705	ovary15	7.15297811679518e-07	ovary15
ENSSSCG00000030433	1.52632665504743	0.999970279305184	0	0	0	0	0	0	0	0	0	0	0	0	0	0	0	0	0	0	7.028495497691	6.5245943000719e-06	5.97134331510815	0.000479742891979265	0	0	0	0	0	0	0	0	0	0	0	0	7.028495497691	ovary15	0	endo06
ENSSSCG00000030511	0.831358746374562	0.999970279305184	-5.05272438095245	4.20219908605945e-05	-4.13789319532697	0.000722746867337633	-5.09668834532193	3.33790261071415e-05	-1.01497301657065	0.80205152582976	-1.55026891775521	0.999963438149354	-1.49453063976652	0.65446723908209	-1.48742093110896	0.583252641185919	-4.37773218995137	0.0224019140229995	-3.52737777666915	0.0356003793956498	-2.0689229976859	0.255157187143138	-1.36572341984863	0.75233732402741	0.946046635714974	0.999905160632868	0.826686899227138	0.99998075372639	0.960095307719032	0.999991240463336	0.327807936093863	0.999791955937091	1.40633161901601	0.911842412603469	0.612978169619972	0.999918096269946	5.09668834532193	endo12	3.33790261071415e-05	endo12
ENSSSCG00000030626	-1.40079241745091	0.999970279305184	-0.490504087285957	0.999982221946195	-0.527122861879605	0.999890466505892	0.458165493477176	0.941709793410918	-0.135557169450534	0.999107661984216	0.0761290507596799	0.999963438149354	3.08038240613728	0.0233253289233083	0.761970007367512	0.921734812234664	1.76071670194701	0.32922504977852	5.11445982386912	2.59331209507764e-05	-0.529530937339459	0.999560378701902	-0.0745136897093942	0.999898616998068	-0.154891309822609	0.999905160632868	0.113044919196631	0.99998075372639	0.50626165584361	0.999991240463336	-0.114800943131249	0.999791955937091	0.0664418114974384	0.999951635344029	-0.722372904474484	0.999918096269946	5.11445982386912	ovary12	2.59331209507764e-05	ovary12
ENSSSCG00000030694	6.46563775513458	4.94609593110501e-06	0.713355688842956	0.999982221946195	1.38931807979176	0.565793981207294	-0.394996234453596	0.960757475882396	-1.59298368990202	0.57537157626235	0.717451770189591	0.999963438149354	0	0	0	0	0	0	0	0	0	0	0	0	3.52384444224406	0.0126275154003636	4.49014141894559	0.000847169839869861	4.49199878997697	0.000806323332574418	0.189700719884992	0.999791955937091	1.97700272590952	0.518046418527404	2.02837089199398	0.863223541071207	6.46563775513458	endo03	0	ovary03
ENSSSCG00000030998	2.05953048254688	0.535510764645522	2.70125019832761	0.0571104579757639	3.62720244161576	0.00336168023499254	3.51017632575863	0.00513463826291001	1.1763173511836	0.698085488944011	0.993981545235075	0.999963438149354	0.133322965617508	0.999746826372654	-0.497555482032602	0.986161690866358	-0.487812419035222	0.955795744752991	-0.942831103599077	0.724389940313348	0.506540412524351	0.999560378701902	-1.32524877533264	0.698199449463188	2.50105865248794	0.137440923356315	1.33576088460919	0.922542253687864	1.28449524450138	0.910223986702682	0.804645254865251	0.999791955937091	5.91088136337704	7.42508384883108e-06	1.17513966897906	0.999918096269946	5.91088136337704	ovid15	7.42508384883108e-06	ovid15
ENSSSCG00000031344	0	0	0	0	0	0	0	0	0	0	0.475816364535463	0.999963438149354	-2.30286029696045	0.156213441892171	-3.28871927095348	0.0170889087561696	-3.10873556199612	0.0260941331577728	-9.87997507780577	3.65059473213175e-06	-2.37036199277245	0.0886695573188974	1.11574657980181	0.826304721230171	0	0	0	0	0	0	0	0	0	0	0	0	9.87997507780577	ovary12	0	endo03
ENSSSCG00000031345	0	0	0	0	0	0	0	0	0	0	0	0	8.0605938121379	6.08800352779322e-08	7.08209341813456	1.68544493153372e-06	7.98835765409559	6.5859364777753e-08	9.51621617342237	1.45248943573836e-10	0	0	3.80004562538831	0.0349486718485562	0	0	0	0	0	0	0	0	0	0	0	0	9.51621617342237	ovary12	0	endo03
ENSSSCG00000031367	-6.88517580687555	2.98857545041456e-05	-0.632121262881882	0.999982221946195	-1.9458799036781	0.219218880928719	2.11332716522812	0.152116891152624	0.96609581911979	0.837118847502094	-0.186058421521739	0.999963438149354	-2.77305602049275	0.11036812077693	-2.35786120130932	0.173567513706377	-3.03608017528562	0.0677003794398136	-4.07992585691159	0.00939091743301754	-1.12303275338717	0.711867658471725	-1.30201848260104	0.758918301483192	-5.27953305027452	3.77147949271569e-05	1.04569853511087	0.99998075372639	-0.198927224192801	0.999991240463336	0.497798546898074	0.999791955937091	0.25458975600501	0.999951635344029	-0.954198570420243	0.999918096269946	6.88517580687555	endo03	2.98857545041456e-05	endo03
ENSSSCG00000031477	0	0	6.1772961477839	3.52919776557726e-06	3.35552810745484	0.0213361472468343	0	0	0	0	0	0	0	0	0	0	0	0	0	0	0	0	0	0	0	0	0	0	0	0	0	0	0	0	0	0	6.1772961477839	endo06	0	endo03
ENSSSCG00000031478	0	0	0	0	0	0	0	0	0	0	0	0	0	0	0	0	0	0	0	0	0	0	0	0	-11.1126277035388	1.62950978958527e-07	-11.1847276609047	5.73919913891545e-08	-7.12258237241492	3.29600023559156e-06	-11.1060865708658	5.72222616087537e-08	-11.1986161017851	6.84009028658793e-08	-4.25871373508271	0.010032222584538	11.1986161017851	ovid15	0	endo03
ENSSSCG00000031590	-0.351655638852884	0.999970279305184	1.7793651229549	0.39904218454442	2.70880192815907	0.0376462850347442	6.15755849642144	6.84342801196016e-07	7.01883689275227	6.10357280441122e-08	2.28722192149284	0.377475248217166	-2.46004005427769	0.392075729770516	-1.17992816693017	0.82866074294488	-2.15740401143686	0.452095547285488	-1.67693489725633	0.541192924101215	1.8535668578641	0.292990756756899	0.542413841123477	0.999898616998068	0.678919045739762	0.999905160632868	0.883913762686825	0.99998075372639	-0.535816828367454	0.999991240463336	-0.0983777396429237	0.999791955937091	0.00424794212317593	0.999951635344029	-0.0509305641910192	0.999918096269946	7.01883689275227	endo15	6.10357280441122e-08	endo15
ENSSSCG00000031723	0	0	0	0	0	0	0	0	0	0	0	0	0	0	7.49305355393176	0.00351945573542505	0	0	8.3494668511095	0.000140533917959248	9.44780661769794	6.5245943000719e-06	8.25320056402174	0.000779850114702544	-0.8608801229836	0.999905160632868	-0.539765794991412	0.99998075372639	-1.09908504936603	0.999991240463336	-0.267225821558765	0.999791955937091	-1.0212276515058	0.999951635344029	-0.192021236264297	0.999918096269946	9.44780661769794	ovary15	0	endo03
ENSSSCG00000031851	-0.224685849372779	0.999970279305184	-0.730455061398363	0.999982221946195	0.374174510440691	0.999890466505892	4.9670199719263	4.67467801013651e-05	5.2574629496685	2.88580029526591e-05	2.49736119019026	0.245548832486818	-0.0198355294959583	0.999746826372654	2.3796256291776	0.128107246903513	2.83218785144209	0.043594654559266	1.48264291935775	0.451576355390159	-0.717591822952808	0.9756891492367	0.171848908062246	0.999898616998068	-0.574130615775227	0.999905160632868	1.36046680128172	0.897627526267877	0.977675373800737	0.999991240463336	-0.0454331391517794	0.999791955937091	-0.892322159364984	0.999951635344029	0.741596427565122	0.999918096269946	5.2574629496685	endo15	2.88580029526591e-05	endo15
ENSSSCG00000031904	-0.408651679697996	0.999970279305184	-1.54391562841467	0.573614713821302	-1.21814887551479	0.622957811901019	-2.17902138557586	0.129916961714172	-1.88527518236028	0.26045512522734	0.0159680998813776	0.999963438149354	4.25016876489663	0.000773953795923044	6.37364738556898	4.5283579108826e-07	6.04211540844784	1.53465326007796e-06	4.98115849994591	3.12042307817957e-05	1.74947645805153	0.26841318323446	0.76142029530912	0.999898616998068	-0.0844733364073806	0.999905160632868	-0.260635579081921	0.99998075372639	0.0651749222320893	0.999991240463336	-0.18648505948868	0.999791955937091	-1.13488843936842	0.999951635344029	0.0340606705208517	0.999918096269946	6.37364738556898	ovary06	4.5283579108826e-07	ovary06
ENSSSCG00000031940	-0.484856247643203	0.999970279305184	0.52439692470331	0.999982221946195	0.846843127268429	0.919111611070523	0.0896142598652635	0.994305540817406	-1.02454158732696	0.882647425259192	-0.980506328642999	0.999963438149354	6.34446195780856	3.28204889675533e-06	3.49677778984786	0.0174623327008946	3.84594605579925	0.00705207758474674	7.39028496731282	3.65668241313016e-08	1.88972529500526	0.364337100119287	1.13171768730978	0.949068572188865	-1.3450448438488	0.999905160632868	0.671685673722403	0.99998075372639	-0.700648727547825	0.999991240463336	-0.535064723676615	0.999791955937091	-0.813543338558487	0.999951635344029	-1.66540744290748	0.999918096269946	7.39028496731282	ovary12	3.65668241313016e-08	ovary12
ENSSSCG00000031944	0	0	0	0	0	0	0	0	0	0	0	0	0	0	0	0	0	0	0	0	-2.63133248809437	0.227540845339271	0	0	-6.36675711588542	1.63952410255073e-05	-5.53141822106281	7.78791722742697e-05	-4.04851776568474	0.00304329251205299	-4.5239224046777	0.000737244503071718	-5.33886111219894	0.000181604756892506	-1.36813359780842	0.999918096269946	6.36675711588542	ovid03	0	endo03
ENSSSCG00000031955	0.692420730652299	0.999970279305184	-4.17910285399271	0.0162750701434003	-3.06133588947507	0.068506410080529	-2.46221933038533	0.167094942357954	-8.24444323134201	0.000786750614457849	-3.34695240662029	0.14166245013344	0	0	0	0	0	0	0	0	0	0	0	0	-10.1240761300946	2.85474440825644e-06	-2.72130831365681	0.102241857484663	-3.88531163527031	0.00680092226144381	-10.117537912694	1.78230454231755e-06	-3.00813008677906	0.0542628634036742	-0.628967651838191	0.999918096269946	10.1240761300946	ovid03	0	ovary03
ENSSSCG00000032094	-0.349889836429867	0.999970279305184	-0.793740937858991	0.999982221946195	0.0174756955052346	0.999890466505892	-0.106132355022557	0.991986341350819	-2.14389092549834	0.213553250405409	-0.978319590149639	0.999963438149354	5.69798272498697	4.93557811591331e-06	3.27842390527457	0.00941738905901324	2.66703302709761	0.0407181463171144	1.98536826827834	0.142653401072987	2.76858093223985	0.0240371218740294	-0.612503847040456	0.999898616998068	-0.400596994920124	0.999905160632868	-1.31560504758968	0.914109276760345	-1.76665952067215	0.478841738006803	-2.15783405551468	0.191531799714111	0.705216683538177	0.999951635344029	-0.423409633313399	0.999918096269946	5.69798272498697	ovary03	4.93557811591331e-06	ovary03
ENSSSCG00000032135	8.30182184702432	0.00214302618844353	0	0	7.27601827633074	0.00557382218081543	0	0	0	0	0	0	0	0	0	0	7.96951546623532	0.000684159384241064	0	0	14.1040326890361	7.36376310450778e-13	0	0	0	0	0	0	7.6305318300273	0.00575829736219943	0	0	6.88241693094715	0.0393897288433396	0	0	14.1040326890361	ovary15	0	endo06
ENSSSCG00000032282	-2.90861207744857	0.087959121469501	-3.95117256091738	0.00151141601627541	-2.66956750317278	0.0411354734782623	2.41703592933202	0.077935609983721	5.36582848576575	1.8992178536646e-05	2.94032624624527	0.0792235293930779	-0.206378152019812	0.999746826372654	0.42109762943573	0.992417255024285	1.41299833735287	0.472045939381449	1.72340876830634	0.23995075610191	2.33897534597939	0.0733484061684715	5.08269737783634	4.53452553006411e-05	-0.836012652651954	0.999905160632868	0.890846692845027	0.99998075372639	1.06292384303586	0.999991240463336	0.166136158764039	0.999791955937091	2.08154514356262	0.342426160586102	-0.176106014968461	0.999918096269946	5.36582848576575	endo15	1.8992178536646e-05	endo15
ENSSSCG00000032643	2.33047239750466	0.701431935890695	0	0	1.30227527657297	0.794822486867211	2.50597316272	0.178807680883194	0	0	0	0	0	0	0	0	1.4593617686547	0.669242643394757	0	0	0	0	0	0	-4.27695999532716	0.00633450224708429	-4.41064084688384	0.00480553737000549	-0.939852124148668	0.999991240463336	-9.26195466331796	3.36703026565013e-05	-9.35437881938172	3.30426639134877e-05	-1.47330436507197	0.999918096269946	9.35437881938172	ovid15	0	endo06
ENSSSCG00000032795	-2.01597650786211	0.859337057334225	-2.08808391247518	0.394836332746069	-1.9264055483215	0.340443349482616	1.5256825541692	0.450747982108397	2.88388369978285	0.0360905540249884	-0.423285066455881	0.999963438149354	1.16911095331669	0.785100122114558	2.83729543422974	0.0363988594051669	0.861258484345099	0.837620438627868	0.741687524851435	0.84141623294822	6.09805858561779	8.2508124270936e-07	2.06909250072211	0.239174897920942	1.04287009085427	0.999905160632868	-1.13258442704617	0.99998075372639	-1.52493079930403	0.849776435147982	-0.474514436459373	0.999791955937091	0.417716118514023	0.999951635344029	1.02790599155514	0.999918096269946	6.09805858561779	ovary15	8.2508124270936e-07	ovary15
ENSSSCG00000032797	2.77292215726837	0.237615845576823	2.99333193676623	0.051932455384505	5.78776971830004	7.51490528911793e-06	7.54291362476307	1.40386090666158e-08	4.10951184399416	0.00239710379853618	-0.962446176729537	0.999963438149354	-7.0967624482552	0.0132511721492375	0.649888600865386	0.961599082262163	0.895537916508279	0.839468722487145	-1.16727625390266	0.711630119921996	0.104212589933358	0.999560378701902	-2.2089698453042	0.398008506038573	0	0	0	0	2.26728477946003	0.470939221653921	0	0	0	0	0	0	7.54291362476307	endo12	0	ovid03
ENSSSCG00000032857	0	0	0	0	0	0	0	0	5.81767573457948	2.50264752287167e-05	4.25056722784917	0.0089157222434518	2.39866333353343	0.153885948025059	0.0722286713246492	0.999667845803702	3.09159996787472	0.0248029502441337	6.53434654059069	2.96227624293761e-07	10.1751386556125	7.36376310450778e-13	7.34855622154888	4.79609781376845e-08	0	0	0	0	0	0	7.60283223863801	0.00438263710759738	7.9633914798876	0.00373854255125233	0	0	10.1751386556125	ovary15	0	endo03
ENSSSCG00000033181	11.1321073660673	3.74886461811167e-07	0	0	10.0638874888189	1.11372317295566e-06	11.6707038930059	4.58783876991394e-09	0	0	0	0	0	0	0	0	0	0	0	0	0.964300259198364	0.906226875195374	0	0	4.32439933169034	0.000984391636076863	4.93857483586403	0.00013846073867131	4.95512322681249	0.000119409669479744	4.66106040935507	0.000245487355298919	-0.113574101361425	0.999951635344029	0.331201991850024	0.999918096269946	11.6707038930059	endo12	0	endo06
ENSSSCG00000033183	0	0	0	0	0	0	0	0	0	0	0	0	0	0	0	0	0	0	0	0	8.11961507311578	1.45740531851069e-07	4.29097561612967	0.0333749309431669	0	0	0	0	0	0	0	0	0	0	0	0	8.11961507311578	ovary15	0	endo03
ENSSSCG00000033251	-1.46589423523157	0.999970279305184	-6.90691207900635	0.0197304245374701	-2.65026253309244	0.254787925823227	-1.09160905202876	0.807283938261244	-0.637114311416163	0.999107661984216	1.40911218398648	0.999963438149354	1.28775514751737	0.858424471644861	0	0	0	0	1.37834229734968	0.645479542416899	6.34274411996166	1.86467964969736e-06	3.85628681548384	0.00886131255759377	0	0	0	0	0	0	0	0	0	0	0	0	6.90691207900635	endo06	0	ovary06
ENSSSCG00000033260	0.239636310357322	0.999970279305184	-4.22181637358298	0.00200564063701099	-3.90961722877522	0.00359450011116702	-10.3319571845084	8.26724727226968e-07	-1.98095645997476	0.249566595857512	-0.0378077767786018	0.999963438149354	-1.1869746782818	0.894288529664218	-1.17992816693017	0.82866074294488	-0.878969584682724	0.899217741472486	-2.23712647677756	0.352891661572415	2.48020724860966	0.0868349199656724	2.09704006413033	0.281704462403285	-0.395765982465891	0.999905160632868	-1.67330842891162	0.984402515030187	0.54683392239173	0.999991240463336	0.246821411780485	0.999791955937091	0.846372122038125	0.999951635344029	0.321637097774712	0.999918096269946	10.3319571845084	endo12	8.26724727226968e-07	endo12
ENSSSCG00000033333	0	0	0	0	0	0	0	0	0	0	1.29491597450813	0.999963438149354	3.2237564190879	0.0354252884053932	5.53080384811449	3.53185173353635e-05	5.27160449314612	7.16452589237315e-05	4.12323833698347	0.00167200865033386	0.746270203611027	0.97665077844542	0.913430297316292	0.999898616998068	0	0	0	0	0	0	0	0	0	0	0	0	5.53080384811449	ovary06	0	endo03
ENSSSCG00000033383	-2.41102458266971	0.612001291578948	-0.308718185807546	0.999982221946195	-7.77391606068797	0.00236614196607023	0.814202899038125	0.849605421336426	-1.29622937803825	0.733928234995354	-0.153007126521174	0.999963438149354	3.15159746257541	0.0378312203520394	6.73371352135685	4.5283579108826e-07	7.6645291037789	1.72128272038959e-08	8.21408765658372	1.18299340426497e-09	1.48233061409066	0.564094784826578	0.723871676377584	0.999898616998068	0.997042254363122	0.999905160632868	1.48108734368944	0.914109276760345	1.67280743862798	0.688453529144024	0.89469362968952	0.999791955937091	1.34368229522342	0.999951635344029	0.197447010632983	0.999918096269946	8.21408765658372	ovary12	1.18299340426497e-09	ovary12
ENSSSCG00000033493	-1.09076728792966	0.999970279305184	-1.81890334093992	0.401774898375388	-2.2890410319262	0.11809765336313	1.82690461213827	0.257703624887074	6.96754809836133	7.409675984162e-08	4.01922608550301	0.00448995750684971	-1.94880772777186	0.326045821651908	-1.94167407104628	0.278846727982418	-3.03659980046683	0.0467413866229575	-3.11819991264854	0.0267739822482034	-1.16305343296294	0.66359277946761	-0.743006171165944	0.999898616998068	0.216816941214613	0.999905160632868	0.848508467653891	0.99998075372639	0.195812029416397	0.999991240463336	0.381071736211137	0.999791955937091	-0.449530751859775	0.999951635344029	1.24872753927147	0.999918096269946	6.96754809836133	endo15	7.409675984162e-08	endo15
ENSSSCG00000033514	5.03173518627689	0.00576184037485668	6.37169084782633	1.98435236708517e-05	6.06160198835118	4.8502325022415e-05	6.61463198222012	6.93023096547892e-06	3.70988863546097	0.0438338666373043	0	0	-2.66454925167476	0.303035173795624	-1.69812257064727	0.590006684860008	-2.3617190837485	0.362677836620198	-1.47880986181784	0.596507291798524	-6.86778248560742	0.0117701175901845	-0.278798452047033	0.999898616998068	3.16573942067303	0.0206424143340865	2.93583541688283	0.0437944366855263	2.393705916831	0.148499001174845	3.51291389992543	0.00636346535548137	0.288681619410345	0.999951635344029	-0.235513284917679	0.999918096269946	6.86778248560742	ovary15	0	endo18
ENSSSCG00000033691	1.81660250820587	0.918112462846011	5.1705428665503	5.26489685442663e-05	6.84534828302183	1.2705663239891e-07	9.57291058760638	1.09938378082624e-11	6.24011981848552	2.0587163995882e-06	0.287304092222873	0.999963438149354	5.36848127925316	0.00012610197805867	3.86702572021286	0.00875027612197193	4.05568454437167	0.0048826560314919	4.92492688697848	0.000206017400239238	1.75692603526934	0.469497168645693	0	0	-1.08062407205343	0.999905160632868	-0.359414228935739	0.99998075372639	-1.12799573414693	0.999991240463336	-2.11510233755704	0.284453613613111	-3.95507623041095	0.017258286212984	-2.15430014317897	0.80122385146416	9.57291058760638	endo12	0	ovary18
ENSSSCG00000033702	-0.209713460386887	0.999970279305184	0.534979979930138	0.999982221946195	0.704144883642315	0.964136928435623	-0.360388683747401	0.960288706470382	0.232636460599951	0.999107661984216	-0.441988967280784	0.999963438149354	-3.81171245200842	0.00244242475975147	-5.65613972553296	4.88699654426269e-06	-5.42202799810952	1.04536643835875e-05	-6.14245715339942	5.14493726086223e-07	-3.80903861596786	0.00124401136203765	-5.7232151743819	6.02470173025332e-06	-0.0473472713178896	0.999905160632868	0.181169960707579	0.99998075372639	0.145159060234123	0.999991240463336	0.4399093679411	0.999791955937091	-0.243075852833307	0.999951635344029	-1.0401837234708	0.999918096269946	6.14245715339942	ovary12	5.14493726086223e-07	ovary12
ENSSSCG00000033780	0.285170075465955	0.999970279305184	-0.7116578124315	0.999982221946195	-3.43759385026656	0.00624732629249834	-3.04124397911428	0.0184829618250786	-2.67689195613244	0.0502555745922262	-0.295656679796815	0.999963438149354	-4.0894682773862	0.00270200088325538	-2.89019201054125	0.0343957410164789	-3.29705314985429	0.0144998365953533	-10.4133251134006	6.13642531917984e-07	-2.78883173875232	0.0314925382718168	-2.08685247400596	0.216024438508027	0.647137352217769	0.999905160632868	0.3280088884181	0.99998075372639	0.527090810153261	0.999991240463336	0.338213107606796	0.999791955937091	-0.0745721989047964	0.999951635344029	0.293861093462244	0.999918096269946	10.4133251134006	ovary12	6.13642531917984e-07	ovary12
ENSSSCG00000033806	1.15304767212737	0.999970279305184	-1.33069184028614	0.874987058544541	1.87161097821253	0.265720153858128	7.41404563011084	1.05690251976382e-08	1.44331613213759	0.546628120653458	1.54403130795295	0.999963438149354	-2.6568174151224	0.0953016773109625	-3.63580235931768	0.0122872688364821	-4.86957759115319	0.00192056902974503	-3.98694240314199	0.00436613186163652	-3.30193957741322	0.0147777660360954	-1.91050125090069	0.334903950818735	1.87801910911492	0.404997824201272	2.35734231051399	0.176059878104769	2.50104359786139	0.114211641607492	1.74806202497744	0.379011044433132	-2.10463756745504	0.349023527440438	0.296034057804213	0.999918096269946	7.41404563011084	endo12	1.05690251976382e-08	endo12
ENSSSCG00000033815	0	0	11.4802632978667	1.03444481682776e-08	11.6129152486395	3.99446312314812e-09	11.4477475158573	8.90371250295756e-09	0	0	0	0	0	0	0	0	0	0	0	0	0	0	0	0	0	0	0	0	0	0	0	0	0	0	0	0	11.6129152486395	endo09	0	endo03
ENSSSCG00000033834	0	0	0	0	0	0	0	0	0	0	0	0	9.02241737077954	6.02203739752656e-05	11.4015779272858	2.77032049667873e-08	11.7190635864806	3.89587690245876e-09	12.4781015944294	1.06451000628474e-10	0	0	0	0	-2.07596168351891	0.632851730997903	-0.245173550536154	0.99998075372639	0.42347559598536	0.999991240463336	-1.08633337173632	0.993809581767604	1.30631104055595	0.999951635344029	-2.94603745779905	0.646256726017258	12.4781015944294	ovary12	0	endo03
ENSSSCG00000033919	0.140559079322456	0.999970279305184	-1.02290767332951	0.988568894971538	-0.152666096522598	0.999890466505892	-0.975549591124725	0.74070338749413	-0.871298485681572	0.884854155001932	0.221073241528603	0.999963438149354	-4.66085532713116	0.000194961008636237	-4.43663240791088	0.000304472949804159	-5.02728964204295	3.77984718878476e-05	-4.74736584041442	5.72560891892784e-05	-3.08103261165774	0.00975525544108406	-5.15840993282323	3.56600858715968e-05	-0.423789098734938	0.999905160632868	-1.783634390557	0.507221369119892	-2.4135320202841	0.136452649246877	-2.67232259093974	0.0578791280025383	-1.82680790899755	0.51823299905964	-1.33249085155926	0.999918096269946	5.15840993282323	ovary18	3.56600858715968e-05	ovary18
ENSSSCG00000033922	-0.278455249124501	0.999970279305184	0	0	-1.48615458665609	0.71096503325219	-1.86009356696391	0.534098786990451	0.198024675757674	0.999107661984216	1.04760013006424	0.999963438149354	0	0	0	0	0	0	0	0	6.57621000787234	8.37008188815547e-07	3.18699527561181	0.0505386311682094	-4.73928967431875	0.00166266917260831	-6.73757180683092	6.05517960214638e-05	-9.75566846132284	8.20109969653941e-06	-5.68238685256052	0.000251211094595991	-1.54960100899579	0.835270462097854	-3.2213551227554	0.123281252670166	9.75566846132284	ovid09	0	endo06
ENSSSCG00000034000	0	0	0	0	0.876973563622608	0.961238226582202	3.02742372500085	0.0446082684288549	3.86584978318075	0.00599420870340919	0	0	0	0	0	0	0	0	0	0	9.44780661769794	6.5245943000719e-06	0	0	0	0	0	0	0	0	0	0	0	0	0	0	9.44780661769794	ovary15	0	endo03
ENSSSCG00000034015	0	0	1.22931892053795	0.999982221946195	2.62030334517975	0.123568095524283	1.07325071194662	0.821214260357268	0	0	0	0	4.15783565057358	0.00364279638021884	4.04090309431593	0.00421940812772781	4.31095264563738	0.0018785823274453	1.49694184204033	0.551817536362995	8.77636094147785	2.24720740656407e-10	2.48626279844361	0.194452097761043	0	0	0.536760815078211	0.99998075372639	0.767726620470543	0.999991240463336	0.246821411780485	0.999791955937091	2.25629105539422	0.375369412315338	0.101387791751486	0.999918096269946	8.77636094147785	ovary15	0	endo03
ENSSSCG00000034062	-3.41109948996784	0.262168485415535	-7.58046857034207	0.00417523426860558	-7.50227016873207	0.00462571072411918	-1.35667192480721	0.649590100914945	-0.581273693058688	0.999107661984216	2.49586099336	0.318761938111045	-4.76319171256489	0.000180406649998411	-2.74198788511627	0.0363988594051669	-3.11696611862687	0.0140447946053851	-3.53463108528089	0.00283949480165982	-5.52013738609525	6.5245943000719e-06	-6.80672057371125	3.85190404307065e-07	-2.19233877689756	0.244278295361903	-1.70646839490561	0.581414116809002	-1.72614863113798	0.517694971057627	-1.47165220998617	0.587221283455644	-1.33234986908409	0.999951635344029	0.329755284197133	0.999918096269946	7.58046857034207	endo06	3.85190404307065e-07	ovary18
ENSSSCG00000034114	-0.311879620230909	0.999970279305184	1.77026328089547	0.406179880066344	2.41667548019266	0.0773218442040099	2.39922423795342	0.0823068065983256	0.454176395157987	0.999107661984216	-1.01450118388122	0.999963438149354	0.101635915177819	0.999746826372654	1.17473957019862	0.720991975780368	-0.204454899807516	0.993158814916894	0.331006814390511	0.95851248302412	5.27762146871382	1.74019470319431e-05	2.43292725790098	0.121533939478053	0.564026060264212	0.999905160632868	0.749577897249444	0.99998075372639	1.66322003813421	0.638493727914636	-0.0980018605650931	0.999791955937091	1.20821861115452	0.999951635344029	0.353529109185902	0.999918096269946	5.27762146871382	ovary15	1.74019470319431e-05	ovary15
ENSSSCG00000034286	2.38907705122145	0.647688137858996	0	0	1.30227527657297	0.794822486867211	0	0	0	0	0	0	10.8108056084325	1.17607446809567e-07	8.65088804028145	0.000145750830322572	9.81949475522354	2.08303368138018e-06	9.26249890216297	8.38334575752749e-06	0	0	0	0	0	0	0	0	7.32414192402681	0.0117924455145615	0	0	0	0	0	0	10.8108056084325	ovary03	0	endo06
ENSSSCG00000034358	-3.28627070619881	0.323431358132128	-3.35671926350672	0.113630553633587	-1.25978039878219	0.750632541070531	-0.433355762557403	0.958181517494231	3.06902298191274	0.0263869660661968	-0.390102416492611	0.999963438149354	0	0	0	0	0	0	0	0	0	0	0	0	1.92126711647435	0.606920092047821	6.408291750784	3.6246915697324e-06	5.09257296575573	0.000252350836419505	4.03663630896666	0.00454520638172621	2.80708848831919	0.157766945246585	1.32426081890393	0.999918096269946	6.408291750784	ovid06	0	ovary03
ENSSSCG00000034639	-1.48516403135246	0.999970279305184	-1.52229437178157	0.640567179157132	-2.01415230619644	0.216234733252129	-2.22587581694673	0.155637843011066	-1.60133348703875	0.446295999919053	0.119225354289712	0.999963438149354	1.03653384810861	0.820731062032629	1.75114752890731	0.291902653815962	1.13834057134696	0.64094419480862	-0.394531328756933	0.934204651528209	-4.33687279774513	0.00022550811745695	-5.5476493909456	9.88218253402678e-06	1.56955093691765	0.68112884910012	2.56508155819589	0.12194508653704	2.78056455983079	0.0643671094468949	-0.12387522931145	0.999791955937091	1.52201685107101	0.838353049891271	-2.83651993418264	0.333195961742312	5.5476493909456	ovary18	9.88218253402678e-06	ovary18
ENSSSCG00000034731	0	0	0	0	0	0	0	0	9.93134210827491	3.66196410447457e-06	6.96102032858058	0.0528465013868082	0	0	0	0	0	0	0	0	0	0	0	0	0	0	0	0	0	0	0	0	0	0	0	0	9.93134210827491	endo15	0	endo03
ENSSSCG00000034740	0.427470265067865	0.999970279305184	1.20067861078332	0.862154168787297	5.10250789888754	2.57591393808433e-05	2.94639300843084	0.0218211614605326	3.82304918904763	0.00227920763061705	1.95599385915902	0.679812692036173	0	0	0	0	0	0	0	0	0	0	0	0	-8.5840199188018	0.000323703094180511	1.31467415785436	0.944207452447851	3.26562695386507	0.0180537411879529	-8.57749291571058	0.000264836889906389	-2.96441968954752	0.114181954846078	-2.07462274175812	0.896781857250007	8.5840199188018	ovid03	0	ovary03
ENSSSCG00000034866	0	0	0	0	3.01255884882386	0.149217473721071	3.03982562448559	0.147906358713651	4.49847813283567	0.00659946609971696	2.73180670276194	0.761846882425095	4.52408626549849	0.0202579958240655	4.53084061767212	0.0173954772434043	5.46356696517814	0.00151557672366438	6.25812379153122	7.94141647788366e-05	6.87312216545769	1.15831808819364e-05	0	0	5.50978302493638	0.00244830125263796	0	0	0	0	3.83533952121182	0.100159403983258	7.23185814430347	1.69474243024871e-05	4.98328125733369	0.044309713127624	7.23185814430347	ovid15	0	endo03
ENSSSCG00000034870	0	0	0	0	0	0	0	0	1.33369397140039	0.806842411423875	3.09920993721935	0.199260112108707	3.13092874529738	0.0752649522844154	5.94080912676105	1.93857574770462e-05	5.90268161276452	2.03901619413306e-05	5.55367424813316	3.98181731092463e-05	8.35371258755635	2.06821597246871e-09	4.84915747694481	0.000843639526205035	0	0	0	0	0	0	0	0	2.01890719751642	0.78746698196049	0	0	8.35371258755635	ovary15	0	endo03
ENSSSCG00000034942	0.152834860072986	0.999970279305184	-1.02711996796246	0.999982221946195	2.80379037570784	0.0410565492008743	-0.105707330440131	0.993737798316676	1.30264897865926	0.658971496396046	0.642910048462235	0.999963438149354	5.67856857761835	4.93557811591331e-06	6.3742841388147	3.71199496052614e-07	5.64538764787624	4.39673044390501e-06	6.2600163767602	3.03114777833406e-07	-4.35305679513708	0.000215969846059694	-2.15899793292328	0.162916786288063	4.13360258285152	0.00147744839782466	6.20680060131252	1.75441675249709e-06	6.32719741398863	1.03699733930707e-06	4.98551508160699	7.6766968254224e-05	4.63307370329967	0.000439596087348336	-2.42061572750926	0.459392446470103	6.3742841388147	ovary06	3.03114777833406e-07	ovary12
ENSSSCG00000035018	-4.21471447634912	0.0075847424920047	-0.0493423240187029	0.999982221946195	-1.4037815603881	0.519243916156697	-0.0649966702557061	0.996091772344722	2.57666157927728	0.0636570344325947	-1.22657048349923	0.999963438149354	-0.620705481435294	0.999746826372654	-1.39565124358497	0.629912274305798	-1.22798443585312	0.69251732119335	-1.17372463744206	0.651595020827474	-1.12539569973605	0.735258436499553	0.306007376087752	0.999898616998068	-10.8123835814801	4.20934711686006e-07	-4.66136444222182	0.000778010051950126	-6.26743117389308	2.04968561936183e-05	-4.13959292944941	0.00206658127255241	-2.89331676103714	0.0613763142639031	-0.607568516560583	0.999918096269946	10.8123835814801	ovid03	4.20934711686006e-07	ovid03
ENSSSCG00000035020	-0.319769830377391	0.999970279305184	-10.9602167040636	7.51469206367441e-08	-4.44618783064224	0.000722746867337633	-0.406932432241619	0.954699294455023	1.28083623481285	0.619331029000699	0.961240991432179	0.999963438149354	-1.94104818566687	0.394513242680621	-2.59957358349257	0.145970180481831	-3.5761507160316	0.0450717647524947	-2.69343070625209	0.0990314231690271	-2.98687297221362	0.0620624451141519	-0.159149700474269	0.999898616998068	-2.65322377642524	0.103460698442997	-6.14608301473791	3.25858163691522e-05	-3.3751761200468	0.0175336047455613	-1.51449489847628	0.568037380938487	-0.80759467792555	0.999951635344029	-0.409748681283543	0.999918096269946	10.9602167040636	endo06	7.51469206367441e-08	endo06
ENSSSCG00000035102	0	0	7.91773466469988	1.70078773171016e-08	5.98642232321562	1.42476245845002e-05	4.47387151548039	0.0020558976556697	1.76094658914392	0.59259917610189	0	0	0	0	0	0	0	0	0	0	0	0	-0.580688019872243	0.999898616998068	0	0	0	0	0	0	0	0	0	0	0	0	7.91773466469988	endo06	0	endo03
ENSSSCG00000035186	0	0	0	0	0	0	0	0	0	0	0	0	-7.91773232597376	1.05275607429729e-07	-12.0856530895598	5.41289410821696e-09	-11.9502040730849	6.95182256204749e-09	-11.9851373871377	2.16962992676989e-09	-7.98344086255832	3.67160976631624e-08	-12.2106403646505	1.47768899844191e-09	0	0	0	0	0	0	0	0	0	0	0	0	12.2106403646505	ovary18	0	endo03
ENSSSCG00000035195	-0.475220110947337	0.999970279305184	-1.86914590062531	0.347825713159172	-2.08625240279645	0.159757683455846	-1.73102470090873	0.303428688432415	-0.647569808284804	0.982880137952137	-0.282426599346471	0.999963438149354	-0.878868568373567	0.914358008472793	0.423828861911995	0.992417255024285	0.191455441284446	0.993084195670136	1.35906486760165	0.442250233157351	5.04441593382991	2.20780125386526e-05	4.67840057630077	0.000178104644129384	-0.316154663021598	0.999905160632868	0.0103640683578538	0.99998075372639	-0.369196450608614	0.999991240463336	0.000602909841687531	0.999791955937091	0.476200215852848	0.999951635344029	-0.192623967450394	0.999918096269946	5.04441593382991	ovary15	2.20780125386526e-05	ovary15
ENSSSCG00000035243	1.50404297813214	0.999970279305184	5.04929134145541	3.96222487617159e-05	4.32542056365159	0.000398963902789666	0.908798518164728	0.785086657109133	3.27989961819792	0.0103704357268397	-0.110361121735518	0.999963438149354	3.88808177249353	0.00209662448647598	5.50193361114649	8.11951757586171e-06	5.025556483491	3.87664046090391e-05	4.18661040812152	0.000343813438809129	2.59104047660322	0.0401807428251411	1.26170657088965	0.717570945073872	-0.419657710944598	0.999905160632868	0.0248178742541427	0.99998075372639	-0.346680881610172	0.999991240463336	-1.30411684262601	0.710256840381193	-1.12951127377204	0.999951635344029	-0.260520485220067	0.999918096269946	5.50193361114649	ovary06	8.11951757586171e-06	ovary06
ENSSSCG00000035269	-1.4604877588851	0.999970279305184	0.955482300301036	0.999982221946195	3.39540895221382	0.0131203633749533	5.68101001329056	9.43426747720043e-06	-0.675372152385336	0.999107661984216	-1.34362624364925	0.999963438149354	1.73556934076513	0.383541698938402	-0.293255475007465	0.999667845803702	-0.455954956985349	0.969153386871245	1.44344919730408	0.414457280924404	-3.49984923326152	0.0178173662694332	-3.10673817676212	0.0525606682777178	-5.47336709438094	9.97977979912733e-05	-6.17689465983891	1.66405817322691e-05	-7.04461543797942	3.99317738150478e-06	-6.03069814571186	2.31921434152474e-05	-5.63303062666952	7.61319550893283e-05	-2.71097382102092	0.250180822988871	7.04461543797942	ovid09	3.99317738150478e-06	ovid09
ENSSSCG00000035347	3.74095053533242	0.0341269028952527	3.96092552491486	0.00556097099270593	3.44283622374312	0.0173205921369066	7.53961027430366	2.60456268209483e-08	2.84783393835663	0.082336670074701	0	0	0	0	6.37231065911782	7.68458995080762e-06	6.4405457553748	5.56346633814431e-06	0	0	0	0	0	0	0.897867855669536	0.999905160632868	1.94019673017807	0.399686820185154	2.91107895286203	0.0409532695694213	-2.40585730946403	0.131573579066667	-4.15132079467276	0.00418056350177408	-0.13356740654303	0.999918096269946	7.53961027430366	endo12	0	endo18
ENSSSCG00000035377	0	0	0	0	0	0	0	0	0	0	0	0	0	0	9.95214364685858	1.99854108518702e-06	8.79013297689841	5.43712038607729e-05	0	0	6.97185159570829	0.00795319330235477	0	0	0	0	0	0	0	0	0	0	0	0	0	0	9.95214364685858	ovary06	0	endo03
ENSSSCG00000035421	2.24864501037886	0.640585004518938	0	0	1.92473949111369	0.349034026719996	2.51770306912336	0.131152396889186	0	0	0.696007328761319	0.999963438149354	-3.33195285918094	0.0231638319119435	-2.33529970165067	0.137021943059202	-2.70307529121491	0.0725013665715494	-9.33814665799044	2.18132187899077e-05	-2.4098353510848	0.0928831804598032	-1.31017792922471	0.715032245899558	0	0	0.209562682943914	0.99998075372639	1.35188295906835	0.999815075630288	0	0	0.308454317488641	0.999951635344029	0	0	9.33814665799044	ovary12	0	endo06
ENSSSCG00000035724	-2.45779397750575	0.294817777795485	3.60747495007236	0.00447097874483824	6.69511964547273	9.84856746225985e-08	7.50106797715604	5.91046037102707e-09	6.09812547508032	1.5099099929724e-06	4.71789960987378	0.000530617695380986	0	0	0	0	0	0	0	0	0	0	0	0	-2.19003687765636	0.422515881838627	-0.246061517334408	0.99998075372639	1.35713506848183	0.872551555367701	-1.67084057315228	0.594077473048481	-2.56742800816907	0.298342771302988	-0.604892923172336	0.999918096269946	7.50106797715604	endo12	0	ovary03
ENSSSCG00000035760	-0.189129516766883	0.999970279305184	0.302950195739387	0.999982221946195	-0.0190075117066865	0.999890466505892	0.205809438372454	0.985736452198249	2.74571358511523	0.0424706493270573	-0.823184024827953	0.999963438149354	3.81394091561402	0.00258093668075946	6.89196938266543	7.05191185850658e-08	7.44229829871443	9.2310355776094e-09	5.43157608587432	5.8263288653232e-06	0.196554701057504	0.999560378701902	0.581583824236658	0.999898616998068	0.932033913036297	0.999905160632868	1.73906971785935	0.558264158028182	2.26302155354773	0.200397265970422	0.564523637202714	0.999791955937091	1.59975665445333	0.749356207652884	-0.672353593946317	0.999918096269946	7.44229829871443	ovary09	9.2310355776094e-09	ovary09
ENSSSCG00000036008	0.0545121193905516	0.999970279305184	-1.13193815072041	0.911523676922067	-1.38129444761671	0.510192457183399	0.275530107264254	0.977202614513408	-0.206594177294347	0.999107661984216	-0.969724720445375	0.999963438149354	-7.578282698319	3.3637404239452e-07	-4.18639997709984	0.00105163479734582	-4.16920666891193	0.00111850581737463	-2.36153540638516	0.0664313895069279	-5.12899176837414	4.31619539698069e-05	-4.20058330843763	0.00107793205975957	0.441197346396893	0.999905160632868	0.675291541704737	0.99998075372639	1.01914620055532	0.999991240463336	0.192765503593051	0.999791955937091	-0.46740554568518	0.999951635344029	-0.0519676704493741	0.999918096269946	7.578282698319	ovary03	3.3637404239452e-07	ovary03
ENSSSCG00000036011	1.75169281460182	0.933487609653846	0.237226159782163	0.999982221946195	0.628323501202832	0.999890466505892	2.20956843987572	0.157401542889351	0.305648729708196	0.999107661984216	0.460644969101453	0.999963438149354	-2.91779297837012	0.028570750669889	-3.49468534238736	0.00587890946784222	-3.28497672055335	0.00988368189208425	-5.40963168254348	1.41661097800018e-05	-0.173064225234582	0.999560378701902	-0.621095744512762	0.999898616998068	-2.13765915215803	0.432594343233632	-0.246154143506591	0.99998075372639	-0.500590676567546	0.999991240463336	-1.67198955673629	0.577079616339695	-0.271557461148884	0.999951635344029	2.50553533288398	0.374212588052953	5.40963168254348	ovary12	1.41661097800018e-05	ovary12
ENSSSCG00000036059	0	0	0	0	0	0	0	0	0	0	0	0	-5.95622191188601	2.66137969609526e-06	-7.30673035980333	3.06878243315338e-08	-7.80356934142222	6.95182256204749e-09	-10.4078676266591	6.00922005837626e-12	-14.8353749409063	1.13725936320247e-13	-7.86342719792244	5.78468689515493e-09	-7.5239850070897	0.00609917591788429	-7.59573441939322	0.0048194364747358	-7.54873067267561	0.00515195780476939	-7.51747654793985	0.0044177805727303	-7.6095573153731	0.00498216225027871	-7.47910636556674	0.0319518299720888	14.8353749409063	ovary15	0	endo03
ENSSSCG00000036132	0	0	0	0	1.49395508355097	0.611070951890402	2.94958353034273	0.0535105785012456	1.40049073279136	0.702666237671475	0	0	2.38060557459924	0.13375675017297	3.27729276167284	0.013023341835013	3.0245011541519	0.0229669952058025	2.05709662493944	0.155782169617183	3.1479496164568	0.0117744994293057	0.801866596093493	0.999898616998068	-0.491105464181222	0.999905160632868	-2.41404742945645	0.15177553430342	-5.4626821175497	1.8526127995114e-05	-3.40955895783435	0.00800765049504246	0.00574401965700829	0.999951635344029	-1.38597433486264	0.999918096269946	5.4626821175497	ovid09	0	endo03
ENSSSCG00000036183	-5.11883257525984	0.00056381556729012	-5.05527111055282	0.000107546919374379	-6.01240538569094	9.50707482067992e-06	-1.56975823087193	0.3930266763224	-8.29738511810095	2.36285948336461e-07	-7.56761408031324	9.6929884785e-07	-9.16669885145283	6.11695792463653e-05	-4.02896330854434	0.00730785538823643	-4.1306003050978	0.00748432040239833	-9.06298140463389	5.01420364465282e-05	-9.19887041649699	2.09667786165806e-05	-5.23542121408245	0.000884980485023574	-4.08139529762496	0.00306672021548605	-0.277698796171358	0.99998075372639	-3.08792174060546	0.0326506131284725	-4.51180499243013	0.000764161131872107	-4.56070229146972	0.00109523593265625	4.02230531726588	0.010032222584538	9.19887041649699	ovary15	2.36285948336461e-07	endo15
ENSSSCG00000036274	0.193453064469104	0.999970279305184	-1.66602365442429	0.478054837277464	-2.08766209865752	0.152845068140547	1.06578441663471	0.6880294070506	1.892728699166	0.257543673899029	1.38988972925755	0.999963438149354	0.945721860918092	0.880240014874204	5.77068860752363	3.27039472815304e-06	5.62665812142468	5.33541852957532e-06	3.99841096353845	0.000667860154575981	1.36080580532391	0.48917106719704	-1.3939119475615	0.659491724123153	-0.417509152828616	0.999905160632868	0.768300462450816	0.99998075372639	0.755788116967678	0.999991240463336	1.05664394203273	0.886648325422507	0.199223503800162	0.999951635344029	0.22746048962987	0.999918096269946	5.77068860752363	ovary06	3.27039472815304e-06	ovary06
ENSSSCG00000036461	-1.5326705391951	0.999970279305184	1.48420574088879	0.707261481804558	4.78648449375395	0.000132881672253674	2.27987838837813	0.136074832304166	-7.60555876793952	0.00414223102092017	-3.66335823457373	0.160018959588078	1.47288491855808	0.610627758502655	3.90549915769208	0.00257914237897218	2.51426363558517	0.0870600260363964	2.00535874970967	0.184563891634506	-0.141973962687297	0.999560378701902	0.375548592514356	0.999898616998068	5.64844024833367	3.36472290295327e-05	1.81784984333782	0.681361630720627	0.751093163157445	0.999991240463336	0	0	0.551735351042198	0.999951635344029	4.17208580526344	0.0138348911485657	7.60555876793952	endo15	0	ovid12
ENSSSCG00000036538	8.33917932475986	0.00197561611352834	10.3707946672412	6.05451251449587e-07	8.52693599625186	0.000188750897789719	0	0	0	0	0	0	0	0	0	0	0	0	0	0	0	0	0	0	3.6443447405941	0.190998322161078	0	0	0	0	0	0	0	0	0	0	10.3707946672412	endo06	0	endo12
ENSSSCG00000036573	-0.986606800295553	0.999970279305184	2.80947426551519	0.0401690455365495	2.49747755700407	0.062929888418928	2.33143291962244	0.0941923316976762	-0.0644183074492976	0.999107661984216	-1.73292742730573	0.932235464687201	-1.37544648024191	0.685198445455548	-1.04848790190687	0.792475103138739	-3.99992712036328	0.0179237775055911	-3.11724357897015	0.0398331460255543	-8.50704570240679	0.000182121203828343	-2.29285589235752	0.217178918596284	-5.00889048259957	8.75234786247131e-05	-5.78036804969436	5.91595683042905e-06	-5.20570728128724	4.36092736416986e-05	-5.05045582632968	5.93208391163452e-05	-4.05696578162064	0.00198306220049105	-1.11067241878921	0.999918096269946	8.50704570240679	ovary15	5.91595683042905e-06	ovid06
ENSSSCG00000036622	0.131156953244651	0.999970279305184	-1.39307154641711	0.763900242693757	-4.14836933848934	0.00481756031074146	-1.83149268752058	0.30762531389773	-0.499806108406286	0.999107661984216	1.47476403285259	0.999963438149354	4.56534687763085	0.000259730259078439	4.16305166457511	0.000719578693032057	4.63017765617973	0.000139753178455396	5.09270719522704	1.84962724192314e-05	1.42394480735692	0.436805862910377	1.64270285907135	0.436917314772154	2.0018686244119	0.520434132175345	2.64259446473432	0.19079297065913	3.72854800673855	0.0122384886782885	2.69045793212729	0.119172759353656	2.79750298588429	0.14616878851794	0.430632468798882	0.999918096269946	5.09270719522704	ovary12	1.84962724192314e-05	ovary12
ENSSSCG00000036851	0	0	0	0	0	0	7.02981416141975	0.0103210234329048	0	0	0	0	0	0	0	0	0	0	0	0	10.9670320923833	3.52305686220932e-08	6.9745794491531	0.0149508408210434	0	0	0	0	0	0	0	0	0	0	0	0	10.9670320923833	ovary15	0	endo03
ENSSSCG00000036865	0.0341720075400378	0.999970279305184	-1.71417709695715	0.577594743956345	-1.19197897678588	0.720431384315864	-1.16390805629785	0.693801551898491	-0.00220639052624796	0.999507425913321	1.40614614194675	0.999963438149354	0.0468588323523917	0.999746826372654	1.29057793090641	0.641473052922647	2.32020371651473	0.123296642991051	0.814749495895873	0.813921102297574	5.12160845287191	2.67455323284019e-05	1.79442308619715	0.40339168356458	0	0	0	0	1.915540357928	0.792769977368013	0	0	3.41585929900566	0.0860914981408884	2.51355338989148	0.880460376819807	5.12160845287191	ovary15	0	ovid03
ENSSSCG00000036883	0.921123639949482	0.999970279305184	-1.71800982540986	0.461951800939577	-1.7910324100883	0.284373579886473	0.656485184517093	0.89185536084657	0.0979030567046398	0.999107661984216	-1.40162061409001	0.999963438149354	5.65862190187842	5.41161452006138e-06	4.80146717892318	8.78493610733566e-05	5.194824577279	2.03901619413306e-05	4.96603928586176	2.72296357226283e-05	-0.15177311339675	0.999560378701902	-0.920641067733896	0.933922031822103	1.1902941126089	0.996646792673384	1.56099987498251	0.704551545630145	2.19432744889504	0.230529086191035	0.238221535226968	0.999791955937091	0.785361204133475	0.999951635344029	-0.00150524850669376	0.999918096269946	5.65862190187842	ovary03	5.41161452006138e-06	ovary03
ENSSSCG00000036907	-1.64036285298752	0.982965928213937	5.7549352477889	3.29551479384319e-06	2.77826622266342	0.0324127516404089	3.57673696389732	0.00402664177483041	6.86630472321234	9.96063298899429e-08	6.68023146642061	4.16016564045731e-07	2.02210318385433	0.32709684692351	1.17016811306686	0.766956254337029	-0.640868860477697	0.954393558480247	0.398896609170433	0.949897969893061	3.77958380109698	0.00316460195025297	0.707473118219276	0.999898616998068	-0.750360184403281	0.999905160632868	-0.245857985522188	0.99998075372639	3.62574092317614	0.00839130545750481	0.0645796424617816	0.999791955937091	-0.390842702103095	0.999951635344029	1.73749371122812	0.999918096269946	6.86630472321234	endo15	9.96063298899429e-08	endo15
ENSSSCG00000036943	0	0	0	0	0	0	0	0	0	0	0	0	-4.0131708931417	0.003316390514563	-4.00604971858922	0.00289908872640688	-4.02014834287517	0.00311215345567824	-10.3370317215781	7.91880336784823e-07	-10.4730632035129	2.77755004396196e-07	-4.98388937136333	0.000335636765275851	7.25218761393937	2.42669887953428e-06	3.76592914502742	0.063927342798257	0	0	0	0	0	0	0	0	10.4730632035129	ovary15	0	endo03
ENSSSCG00000037013	0.203538515541534	0.999970279305184	0.931243427108493	0.999982221946195	0.373837692147154	0.999890466505892	0.683991436954597	0.889032860560643	0.0927664456346687	0.999107661984216	-1.42048728726398	0.999963438149354	5.36895194015299	2.51430893438545e-05	3.83246802639543	0.00257914237897218	4.52946771510137	0.000272990460522691	5.08892708279297	2.66345784435312e-05	1.92082339768157	0.213933010284891	0.704394459360336	0.999898616998068	-0.0845771726892189	0.999905160632868	-0.642704511958884	0.99998075372639	0.255744918444728	0.999991240463336	0.275221301352348	0.999791955937091	-0.169113272309951	0.999951635344029	-0.419257636899645	0.999918096269946	5.36895194015299	ovary03	2.51430893438545e-05	ovary03
ENSSSCG00000037028	0	0	0	0	0	0	0	0	0	0	0	0	0	0	0	0	0	0	9.50314557051839	3.62900804567948e-06	8.70074948751145	7.752202629285e-05	0	0	0	0	0	0	0	0	0	0	0	0	0	0	9.50314557051839	ovary12	0	endo03
ENSSSCG00000037207	0	0	0	0	0	0	0	0	0	0	0	0	-3.33085084429084	0.0148228411674215	-6.33891663967498	2.08607550954138e-05	-10.3784090103254	1.53465326007796e-06	-5.15926255586427	0.000139733569936639	-5.45313591156424	5.96534714823501e-05	-2.58277010271651	0.0784347792297882	3.57372869614709	0.0514824108261103	2.29475640654194	0.579136739506405	3.93204533560226	0.0210348640167811	3.93558007745085	0.0164794040429291	2.26985248939722	0.661913458430303	1.93359645282147	0.999918096269946	10.3784090103254	ovary09	0	endo03
ENSSSCG00000037358	-2.95828280317066	0.166370633575386	-3.34809520269125	0.0257497338612139	-4.16561983007417	0.00462571072411918	-4.13786187780284	0.00532422096231996	-0.440599944357626	0.999107661984216	-1.10068068610933	0.999963438149354	1.2999765991468	0.691169571836471	0.898697503417896	0.856570063955472	-1.13180332749689	0.729831757598219	0.618277773130919	0.877234196191389	3.2832748116124	0.0074150070363682	3.11664771819775	0.018888871735374	-0.198218419047809	0.999905160632868	0.78725720835346	0.99998075372639	-5.02862838546921	7.12803134918893e-05	-4.44687137517511	0.000369962535793761	-6.20769880367955	2.22403398372227e-06	-2.9790687961063	0.109431360155953	6.20769880367955	ovid15	2.22403398372227e-06	ovid15
ENSSSCG00000037416	-0.657177889153806	0.999970279305184	-1.36065957433273	0.728156847319074	-2.18182667122795	0.125935978496562	-0.495785947319205	0.932458946315951	-1.84609378579827	0.279575230217658	-1.0472978371797	0.999963438149354	4.25174352799125	0.000639772235038845	2.92944270572818	0.0218550174968575	4.20597740459214	0.000558756199716888	5.75639186838024	1.7882977622745e-06	0.253690166369272	0.999560378701902	1.52702016587344	0.517861447366856	-0.246636725627822	0.999905160632868	0.98233759052073	0.99998075372639	1.23704527094147	0.909563680615071	-0.00463141886548081	0.999791955937091	-1.16676749723771	0.999951635344029	0.455861525378619	0.999918096269946	5.75639186838024	ovary12	1.7882977622745e-06	ovary12
ENSSSCG00000037477	-0.333087076777972	0.999970279305184	-0.0840736439071716	0.999982221946195	-1.14744261501026	0.686299182614025	-2.47974922270565	0.0788180541611955	-3.21507963999207	0.0154707349732229	-1.4377203276532	0.999963438149354	0.159120131107658	0.999746826372654	-0.100253349721018	0.999667845803702	-1.45604020382198	0.455286219939571	-0.761623209162038	0.810940854919426	-1.5428461476254	0.368853662511099	-1.58896503289663	0.483387417395649	-0.374095642537022	0.999905160632868	-0.665193784997848	0.99998075372639	-2.90209545680407	0.0499748875106882	-1.95099175958495	0.279426945293686	-6.36420746493107	1.26019113352452e-05	-1.89408006394251	0.880460376819807	6.36420746493107	ovid15	1.26019113352452e-05	ovid15
ENSSSCG00000037524	0	0	0	0	0	0	0	0	0	0	0	0	0	0	0	0	0	0	0	0	6.17547750672493	2.07559291061765e-05	0	0	0	0	0	0	0	0	0	0	0	0	0	0	6.17547750672493	ovary15	0	endo03
ENSSSCG00000037541	-0.575414693666821	0.999970279305184	-2.60267072865978	0.104492926960912	-2.98348916802729	0.0341039254120404	-3.06985005824513	0.030621306718698	-2.87279564793115	0.0495607560031682	-0.542079405462502	0.999963438149354	-1.09175935332878	0.837410416293663	-0.901113487918916	0.86679223034482	0.484763832473866	0.95779176178503	-0.369193676219123	0.947716346635978	5.54974178905205	4.62824888497717e-06	2.56516899355849	0.0752902962080279	-1.0235042988502	0.999905160632868	-0.631441220838829	0.99998075372639	-0.437112958825394	0.999991240463336	-1.85073235338021	0.471005596877558	-0.771681380014861	0.999951635344029	0.615591377920016	0.999918096269946	5.54974178905205	ovary15	4.62824888497717e-06	ovary15
ENSSSCG00000037579	0	0	0	0	0	0	0	0	0	0	0	0	0	0	0	0	0	0	9.2405087339682	8.96108405944489e-06	8.18766152380295	0.000356974761578052	0	0	0	0	0	0	0	0	0	0	0	0	0	0	9.2405087339682	ovary12	0	endo03
ENSSSCG00000037620	0	0	0	0	0	0	12.3433394147594	3.88157504865857e-10	10.0485836205732	2.46453665181361e-06	0	0	0	0	0	0	0	0	0	0	0	0	0	0	0	0	0	0	0	0	0	0	0	0	0	0	12.3433394147594	endo12	0	endo03
ENSSSCG00000037735	-0.677604874939221	0.999970279305184	-1.255713486085	0.83579426175751	-2.52417216920223	0.0723209785284873	-1.45985671241459	0.465993789574168	-1.37121999353844	0.568802153456587	0.0165213400985488	0.999963438149354	0	0	0	0	1.20315875824365	0.774497795164831	1.49694184204033	0.551817536362995	8.44052869735867	7.72841992643305e-10	0	0	-1.02290109566884	0.999905160632868	-0.53774095036658	0.99998075372639	-0.173442334809531	0.999991240463336	-0.239863041387973	0.999791955937091	-0.43327594605082	0.999951635344029	-0.808339698867083	0.999918096269946	8.44052869735867	ovary15	0	ovary03
ENSSSCG00000037806	0	0	0	0	0	0	0	0	0	0	0	0	0	0	0	0	0	0	0	0	0	0	0	0	-5.59568598769279	0.000196562334413344	-6.28285072399536	5.04167717372672e-05	-10.2120730828328	1.89965006424263e-06	-10.1806760816758	1.5582375806717e-06	-5.35452630794536	0.000383862832415809	-2.44618585170245	0.434446225092443	10.2120730828328	ovid09	0	endo03
ENSSSCG00000038138	-0.440999709645243	0.999970279305184	-1.07005863346225	0.992667894580106	-1.03235658806702	0.797124472303119	-3.44115779101255	0.0200122675014981	-1.1265839582965	0.771822227905053	-0.281888409151883	0.999963438149354	0.570686757038208	0.999746826372654	-0.214885584175981	0.999667845803702	0.539854943009007	0.950918413613674	1.56147680105148	0.376337441179873	5.44814718066953	8.66465389543342e-06	4.14196305895188	0.00126480139525128	0.0375233564656081	0.999905160632868	0.37827417296193	0.99998075372639	-0.255359637319335	0.999991240463336	0.566419504058676	0.999791955937091	-0.509238800495403	0.999951635344029	0.00796566775227547	0.999918096269946	5.44814718066953	ovary15	8.66465389543342e-06	ovary15
ENSSSCG00000038160	-1.14695003234764	0.999970279305184	2.10175817060878	0.243532952691417	3.04157751368151	0.0190311429346557	-3.00814252335064	0.0558747523188899	-0.7377634516379	0.967620697405816	-0.763885890662649	0.999963438149354	0	0	0	0	0	0	0	0	0	0	0	0	-1.52221707534363	0.770101508074773	-0.709720618531413	0.99998075372639	-0.621579354562952	0.999991240463336	-9.37425313972216	2.39280706944835e-05	-2.26479091222997	0.310222338720992	-0.1948973016986	0.999918096269946	9.37425313972216	ovid12	0	ovary03
ENSSSCG00000038182	-6.37233842896088	3.28350217584194e-05	-6.44401957794464	3.36422477861275e-06	-7.24290478130496	7.87401358308364e-07	-5.68414018953984	2.23287884462455e-05	-1.89385999278722	0.270109529891104	4.9122116860921	0.000274260854913538	0	0	0	0	0	0	0	0	0	0	0	0	0.117769983979653	0.999905160632868	-0.642439721589312	0.99998075372639	1.43896622419289	0.797577499676566	1.63924549504382	0.507087399826819	1.43574535101227	0.971932107956323	-1.54718430346896	0.999918096269946	7.24290478130496	endo09	0	ovary03
ENSSSCG00000038489	-0.889362514549143	0.999970279305184	0.19803391091997	0.999982221946195	0.893732764773454	0.860268284213168	4.80207719011633	8.3694550262366e-05	5.48664045496495	1.44752483351397e-05	3.81228962566671	0.00848798648407407	0	0	0	0	1.68433064564617	0.52347623707241	1.12197997571808	0.753807305258907	1.30887099064853	0.713664369996064	0	0	-4.48388075369957	0.0101234466109845	-1.69807717472244	0.710211493276865	-2.02134943933945	0.442166792250961	-2.94628350447653	0.086497192078882	-3.68721634159183	0.0338778295873448	1.86331136525926	0.925483814822662	5.48664045496495	endo15	0	ovary03
ENSSSCG00000038521	-2.1353496669401	0.520435758113151	-2.28574367997131	0.175423211267208	-0.609324938030528	0.999890466505892	-0.460422435980623	0.94397753394887	-0.662344508334004	0.982146204100523	-0.679392865384875	0.999963438149354	4.43789128572744	0.000425145584182062	2.9042292289442	0.0249376191923481	4.1337692592522	0.00076560635616193	6.08027965357936	6.28930646006443e-07	1.29736117473325	0.531414190753004	0.984350851571782	0.901542329902418	-1.05041369396076	0.999905160632868	-0.621667676261584	0.99998075372639	-0.114239582293861	0.999991240463336	-0.397598587411592	0.999791955937091	-1.10070908909125	0.999951635344029	0.639258296275369	0.999918096269946	6.08027965357936	ovary12	6.28930646006443e-07	ovary12
ENSSSCG00000038594	-0.890709420810984	0.999970279305184	-1.42311723697133	0.675591945259883	-0.851749744240579	0.876148700251562	0.604694096281719	0.907173678001177	1.10492737912747	0.744257726357504	0.458488702106216	0.999963438149354	-3.48259363750382	0.00581852361585584	-1.07512640531763	0.718605039643999	-2.45627859253589	0.0663582767534043	-4.53927249488651	0.000107712512543248	-4.15436060445506	0.000407140678379481	-5.45605912878168	1.20988081693663e-05	-1.12172162368653	0.999905160632868	0.433397116630457	0.99998075372639	0.522202818298838	0.999991240463336	0.0552513745539142	0.999791955937091	-0.0509993979402729	0.999951635344029	-0.248393256880682	0.999918096269946	5.45605912878168	ovary18	1.20988081693663e-05	ovary18
ENSSSCG00000038929	-0.618756576139274	0.999970279305184	1.04826025132217	0.977035484230536	0.7933310543116	0.910708929008911	0.902823018227013	0.78462437012687	0.167339643052642	0.999107661984216	-0.181491902178537	0.999963438149354	1.39941114641147	0.582117062603386	1.02819780664182	0.759799266489476	1.28863410609069	0.559411664366331	1.36632309710025	0.439306657818122	7.11285625794579	1.49680764075681e-08	3.01954541900245	0.0202270310044888	-1.35590028816681	0.849183705657325	-2.16480122495944	0.257489750836269	-1.18971495384241	0.949727009512625	-0.707092409452176	0.999791955937091	-0.953344700726215	0.999951635344029	-0.105081202687476	0.999918096269946	7.11285625794579	ovary15	1.49680764075681e-08	ovary15
ENSSSCG00000039101	2.23071276131325	0.867800222277548	0	0	0	0	0	0	0	0	2.44683920414201	0.724075503308167	0	0	0	0	0	0	0	0	6.80082644469853	6.01009312073748e-07	1.8934111042557	0.58445632495795	-0.109870566603066	0.999905160632868	-0.108294472702847	0.99998075372639	0	0	0	0	-0.58629755364793	0.999951635344029	0.968240835015594	0.999918096269946	6.80082644469853	ovary15	0	endo06
ENSSSCG00000039103	0	0	0	0	0	0	0	0	0	0	0	0	0	0	0	0	0	0	0	0	10.9245290356919	3.85844980213299e-08	0	0	0	0	0	0	0	0	0	0	0	0	0	0	10.9245290356919	ovary15	0	endo03
ENSSSCG00000039214	-1.09539157344064	0.999970279305184	-3.42049221749946	0.0995312339075826	-2.30290530913645	0.268921711246158	-7.42817227321359	0.00615891563733993	-2.39570210838469	0.270369582827175	0.0734503825104104	0.999963438149354	-1.74625406225409	0.562319891416636	-1.73917860241875	0.497396925999635	0.209028528073262	0.993084195670136	-1.29969437780191	0.621771533461608	5.8657312566666	2.05661323189062e-06	1.44116916799604	0.655276466707881	0	0	-0.244041274865101	0.99998075372639	0	0	0	0	1.48250038104401	0.999951635344029	0.556210845931755	0.999918096269946	7.42817227321359	endo12	0	ovid03
ENSSSCG00000039252	1.87088792296209	0.999970279305184	1.57923113995322	0.88467144640076	2.79078528059176	0.119981446150573	0	0	1.52235493586296	0.739082911114514	3.81132099854034	0.0444143167294487	0.93726604921068	0.97443481915123	0	0	0	0	0	0	4.9444031207044	0.000138666665302169	6.65349813367694	9.92946798634919e-07	0	0	0	0	0	0	0	0	0	0	0	0	6.65349813367694	ovary18	0	endo12
ENSSSCG00000039270	-0.0935640192723854	0.999970279305184	-2.04078104548406	0.305935302325066	-1.93667479619948	0.251758350558262	-1.96965895058487	0.240198394640865	-2.8033046618134	0.0600856491817472	-0.982789823331348	0.999963438149354	-0.593637328878426	0.999746826372654	-0.242322952874651	0.999667845803702	0.365849571562468	0.979871103338436	0.258475331725692	0.967332598144475	4.17878189644582	0.00045770770224369	5.7037812787217	7.54335847725473e-06	1.07491069672381	0.999905160632868	0.894324605219956	0.99998075372639	0.9349614553801	0.999991240463336	1.21624485835463	0.875685273882984	0.240201709178477	0.999951635344029	-1.22817190898918	0.999918096269946	5.7037812787217	ovary18	7.54335847725473e-06	ovary18
ENSSSCG00000039341	6.0295474070498	0.000180226193909087	6.60927832524666	3.36422477861275e-06	6.88020218094435	1.11372317295566e-06	4.92706271267793	0.000818017838895663	2.91457459496665	0.141719899815417	0	0	-7.38435144753361	0.00736360268446416	-3.20612945707609	0.106248149689457	-2.90983281586386	0.164077265621219	-2.0270286960353	0.316421738684906	-7.41638770312641	0.00339477342685718	-1.92676720879542	0.486801604655005	8.18205998720113	1.62950978958527e-07	6.97254993015391	4.62419000758415e-06	7.89831865000669	2.20939242414984e-07	8.59675674049526	1.29962801533797e-08	0	0	0	0	8.59675674049526	ovid12	0	endo18
ENSSSCG00000039344	8.78052033196084	0.000602487545257795	0	0	8.14625008920495	0.000556733342264971	10.3797103844098	3.96618200672438e-07	0	0	0	0	0	0	0	0	0	0	0	0	0	0	0	0	3.96349960956872	0.00902196952200035	1.06060460833296	0.99998075372639	4.56915355013488	0.00154543718041951	5.00966504360676	0.00031859494413714	0	0	0	0	10.3797103844098	endo12	0	endo06
ENSSSCG00000039416	-0.518933933824194	0.999970279305184	-1.55134191515215	0.569361715045157	-2.99125085902576	0.0190311429346557	-1.84232424223566	0.245859254853008	-2.62391203056547	0.0554875859489017	-3.22660687337701	0.0380251374581693	2.51415150686344	0.0768513950890218	7.17643334953902	3.01126289339801e-08	6.76908736152196	8.37444761180453e-08	3.22526202943697	0.00600244153722241	2.44961976528046	0.055595658342148	2.75617657028441	0.0402290116524507	2.25906562873148	0.204826965367517	2.78960227773114	0.0652188349388851	2.82638438568548	0.0519985529095946	0.471333887187491	0.999791955937091	1.15401682294128	0.999951635344029	0.732926235402941	0.999918096269946	7.17643334953902	ovary06	3.01126289339801e-08	ovary06
ENSSSCG00000039553	0.0117948956748576	0.999970279305184	0.0700468417326174	0.999982221946195	-6.30068625265112	6.79456006362359e-07	0.768923664653543	0.842266624971365	-0.0609870516055242	0.999107661984216	0.151256719927964	0.999963438149354	-0.188443645616821	0.999746826372654	1.49488997439127	0.53154674841765	-1.08588186894891	0.802555408368732	0.139315544410541	0.984219459308994	4.76109580429858	0.000108873430029478	1.17606369668761	0.841039484069021	-0.663755704675029	0.999905160632868	0.345719231208966	0.99998075372639	-6.55142693845529	1.89397417594099e-05	-2.53336810185008	0.0991118981767611	-1.12596268683643	0.999951635344029	-0.336667880945801	0.999918096269946	6.55142693845529	ovid09	6.79456006362359e-07	endo09
ENSSSCG00000039557	2.06888230039475	0.93933070190622	0	0	2.00685726293404	0.37758473527018	2.11214127344192	0.326231134467682	1.33369397140039	0.806842411423875	1.55227907188389	0.999963438149354	2.52600889161331	0.2403536070971	0	0	2.44358776119081	0.227936277253725	2.60902338321523	0.127531205848587	6.50239626532814	1.61393865495081e-06	2.53313166339173	0.234977578033891	1.54421947911085	0.983292893682293	0	0	2.19334224159706	0.470939221653921	2.30681485515581	0.306593712671273	1.3854633729796	0.999951635344029	0	0	6.50239626532814	ovary15	0	endo06
ENSSSCG00000039573	-2.4785479683669	0.248297614805304	-6.5561196519732	1.85213600850397e-07	-6.41575890956435	2.68761417816904e-07	-6.1847713891054	6.29058777553959e-07	-0.416597274210555	0.999107661984216	-0.204794794403811	0.999963438149354	-2.12441551456131	0.176838586803444	-2.60170882921459	0.0509352862823537	-2.86674239199732	0.0250167517401082	-4.95473376309925	3.67227543051979e-05	-3.51528998787	0.00304080613309716	-2.42779196486044	0.0901337353121627	-1.90904286542313	0.375167300757505	-2.76229172092386	0.0652188349388851	-2.3019914537738	0.173662074858707	-3.24957989245633	0.012325746666688	-3.29934999309406	0.0164372379495116	-1.68707893286265	0.999918096269946	6.5561196519732	endo06	1.85213600850397e-07	endo06
ENSSSCG00000039651	0.151718298344982	0.999970279305184	-2.39603806922878	0.154892649799032	-3.48659452956407	0.0114703876107454	-4.18458541786224	0.00277372229871928	-2.32750841870756	0.141229396223817	-1.82544341876919	0.899234110401058	-1.39921876793626	0.734866423663678	-1.80023406766338	0.457491775804451	0.0704411902305189	0.999803500436176	0.139576553725875	0.984107475489556	7.11171120537447	2.39411891100484e-08	6.53692869931772	6.026548507673e-07	0.544852301545456	0.999905160632868	-0.171984237946686	0.99998075372639	1.11204254169123	0.999991240463336	1.26283111518019	0.813518886725195	-0.707701437021202	0.999951635344029	-0.26903581065095	0.999918096269946	7.11171120537447	ovary15	2.39411891100484e-08	ovary15
ENSSSCG00000039854	-0.121894146256374	0.999970279305184	1.61068065506493	0.522326214085156	1.87352319601523	0.229197696070511	2.4939189406508	0.0670258811816509	1.66196739554338	0.374975001719261	-0.245192588417694	0.999963438149354	4.32197658758313	0.000513853206871793	5.8814726747824	1.99854108518702e-06	5.09637437135978	2.70864645849779e-05	4.96691707026232	2.66345784435312e-05	0.671619135056302	0.939047520101011	0.0236240908755356	0.999898616998068	1.20201718546664	0.983292893682293	3.18636608822708	0.0221557414529333	3.23263552265072	0.0165845198978496	1.56233030424037	0.504954287890086	1.58149803254729	0.755276693481869	-0.610564841241427	0.999918096269946	5.8814726747824	ovary06	1.99854108518702e-06	ovary06
ENSSSCG00000039855	-5.73879415992511	0.000865958767569797	-9.90831417578424	3.21167482960184e-06	-4.12022429051162	0.00320868282304861	-4.66370319738079	0.00112267146590046	-1.61329332258794	0.437838756309323	-1.26500967266391	0.999963438149354	0	0	0	0	0	0	0	0	0	0	0	0	-8.14924706729238	0.00121373303893931	-0.204525068706546	0.99998075372639	-1.33172805306209	0.953128255983088	-2.35743626555598	0.242700133690658	-1.10656660281721	0.999951635344029	-0.784766330900402	0.999918096269946	9.90831417578424	endo06	0	ovary03
ENSSSCG00000039874	-0.180671001903163	0.999970279305184	1.1103347377305	0.938358544597466	0.23892750310877	0.999890466505892	-0.181771060425733	0.986379007086765	0.895151496153249	0.880331525441471	-0.432456147639374	0.999963438149354	-4.43132299810591	0.000554928299281471	-3.80495278843006	0.00260978113917252	-5.00700018411679	8.50109055218136e-05	-6.8692275977896	4.42521419888144e-07	-1.87397524182411	0.204203832873567	-1.35160666229195	0.652348864796326	-1.79785817059084	0.486584697928518	-0.684918262626027	0.99998075372639	-0.822331079973097	0.999991240463336	-1.94241794863734	0.293679424272432	-2.38950438252708	0.20390342222832	-1.24669210717437	0.999918096269946	6.8692275977896	ovary12	4.42521419888144e-07	ovary12
ENSSSCG00000039888	0	0	0	0	0	0	0	0	6.96569999975542	0.0135687192868345	0	0	0.76325860137897	0.97443481915123	0.386982141935052	0.999667845803702	0.794326689199836	0.85311060649227	2.19390852107052	0.0966640973869797	5.26039754081648	1.18480647530411e-05	1.62548439364522	0.469447468369448	1.91170598979024	0.550870686284368	1.70500056423984	0.75741456689063	0.10307970715876	0.999991240463336	0.382759557841632	0.999791955937091	2.27522920287334	0.376822463936	-0.0227553780941178	0.999918096269946	6.96569999975542	endo15	0	endo03
ENSSSCG00000039927	0	0	0	0	0	0	0	0	0	0	0	0	0	0	0	0	0	0	0	0	9.20561452130861	1.49574275364023e-05	0	0	0	0	0	0	0	0	0	0	0	0	0	0	9.20561452130861	ovary15	0	endo03
ENSSSCG00000039985	-0.622714426184332	0.999970279305184	1.10196834300929	0.951727575066573	0.808799377073002	0.912311977584074	0.938529335348652	0.773804866632173	-2.46639939063611	0.12233734049223	1.5074111943456	0.999963438149354	0	0	0	0	0	0	0	0	0	0	0	0	-1.28400338643632	0.947205961359425	0.756825637124019	0.99998075372639	1.41398036258954	0.766223835687515	5.411291794591	1.86727867967282e-05	2.14708658567298	0.300397343007183	1.16251894092679	0.999918096269946	5.411291794591	ovid12	0	ovary03
ENSSSCG00000040025	0.854230326970241	0.999970279305184	3.37244009380241	0.0202105026567093	4.38648670654459	0.000868895260905369	5.42564512341917	2.9423260915931e-05	2.9643313083129	0.0496241740188176	0.888970608300262	0.999963438149354	-1.73946194829816	0.45122030845676	-0.546443264334637	0.981652738167	-1.77296213515452	0.378375009534039	-2.7177762581131	0.0693821055722155	-0.533941435645748	0.999560378701902	-0.217265445386783	0.999898616998068	2.22435415341728	0.25059533957852	-0.783927537779305	0.99998075372639	-1.44909526087059	0.876302035723125	-1.38933203749173	0.758929532801936	-0.809305662485384	0.999951635344029	0.675311659160147	0.999918096269946	5.42564512341917	endo12	2.9423260915931e-05	endo12
ENSSSCG00000040042	0	0	0	0	0	0	0	0	0	0	0	0	0	0	0	0	0	0	0	0	0	0	0	0	-2.54742883519762	0.153361370589534	-2.68271732692056	0.123357080393038	-2.76338587480112	0.0947627623176223	-9.66663554262463	9.74679609562883e-06	-4.84045269842058	0.00156461278897397	-1.98846498138264	0.863223541071207	9.66663554262463	ovid12	0	endo03
ENSSSCG00000040053	0	0	0	0	0	0	0	0	0	0	0	0	0	0	0	0	0	0	0	0	6.18552273920557	2.01101551242913e-05	3.1710426902367	0.134987011140413	0	0	0	0	0	0	0	0	2.56795557804053	0.586817028430499	0	0	6.18552273920557	ovary15	0	endo03
ENSSSCG00000040083	1.13789288296397	0.999970279305184	1.13615222905797	0.915310739189006	1.09988389437632	0.718199853413194	1.83972199306854	0.254681416127026	-0.603358384738789	0.992149902835222	-0.112359362071298	0.999963438149354	-3.60245165816764	0.011901198666172	-3.01734183772575	0.0333872645456463	-3.29175355610956	0.0206690556460759	-9.60861897532921	9.19448387510226e-06	-0.987384832436592	0.766291967763815	-0.678487017205409	0.999898616998068	-0.079653309055966	0.999905160632868	0.510186291539039	0.99998075372639	0.116088381518751	0.999991240463336	-0.609269569364401	0.999791955937091	0.991994011519342	0.999951635344029	-0.603509000095549	0.999918096269946	9.60861897532921	ovary12	9.19448387510226e-06	ovary12
ENSSSCG00000040130	0.98569825349996	0.999970279305184	1.11907431362668	0.987811390355326	1.83294031804788	0.309339076215758	1.74758584933366	0.352140063083907	0.0224187819270696	0.999107661984216	0.0280330616569811	0.999963438149354	0	0	10.3130085776581	5.9881349420423e-07	8.47681689207629	0.000147217172470822	10.2281843918236	3.07233461112021e-07	9.05613463246296	2.35907961353119e-05	7.87610676189289	0.00188722334395107	2.4374667953482	0.17774732441885	2.62164075479408	0.126736374678171	1.20643556711745	0.999815075630288	0.0167791705710638	0.999791955937091	1.69235069254196	0.741202350006892	-0.0839934352472781	0.999918096269946	10.3130085776581	ovary06	0	ovary03
ENSSSCG00000040208	1.7490852737613	0.931951539092291	0.366589700179198	0.999982221946195	1.06809111148951	0.78725711996422	1.51036263419417	0.47524359084996	2.11492941047299	0.211112347398423	1.77674195511022	0.998143808118705	3.07064541517028	0.0194186569650984	2.65594181240251	0.0478873594687914	3.00726658965835	0.0190617788365762	1.48524503260736	0.376888684572047	5.13041894816267	1.82189250808562e-05	2.37977085114564	0.107238171217787	-0.309214501938536	0.999905160632868	0.525017812998381	0.99998075372639	-0.15814296890587	0.999991240463336	-0.0526017894745296	0.999791955937091	1.53795436787909	0.85923517860638	0.902725245776664	0.999918096269946	5.13041894816267	ovary15	1.82189250808562e-05	ovary15
ENSSSCG00000040464	0	0	0	0	0	0	0	0	0	0	0	0	0	0	8.38243746597423	0.000328968196658919	7.72955351002063	0.00134107721729763	9.10102650114024	1.39809916923304e-05	0	0	0	0	0	0	0	0	0	0	0	0	0	0	0	0	9.10102650114024	ovary12	0	endo03
ENSSSCG00000040648	0.605261212318574	0.999970279305184	-1.42590228616716	0.82126600343459	-0.852273623240631	0.931482947735131	-1.1214029864875	0.734695387287488	-0.777490398834789	0.965147662530982	-0.894981876241661	0.999963438149354	-0.410703561874518	0.999746826372654	-0.197977079281121	0.999667845803702	1.32653673441441	0.567557602480732	2.07976699486019	0.135471720123938	5.10029103465982	2.33805846331712e-05	1.70272365836453	0.435810895133764	1.6812727289219	0.795108105396945	0.744627481463839	0.99998075372639	1.6342064966228	0.784356708240738	1.41142438588411	0.797476456867762	1.3003021987523	0.999951635344029	0.966086161598007	0.999918096269946	5.10029103465982	ovary15	2.33805846331712e-05	ovary15
ENSSSCG00000040652	0	0	0	0	0	0	0	0	0	0	0	0	0	0	0	0	0	0	0	0	0	0	0	0	-7.41286726553112	1.62950978958527e-07	-13.7709802150272	5.92402248494249e-12	-13.7237316078125	8.66772579873873e-12	-13.6923101723072	1.12679298451145e-11	-13.784873607085	5.28055908440273e-12	-2.9569748376458	0.121069254005142	13.784873607085	ovid15	0	endo03
ENSSSCG00000040689	0	0	0	0	0	0	0	0	0	0	0	0	0	0	0	0	0	0	0	0	7.04847756424962	1.03899698299129e-06	0	0	0	0	0	0	0	0	0	0	0	0	0	0	7.04847756424962	ovary15	0	endo03
ENSSSCG00000040725	-0.357655734131058	0.999970279305184	-1.40763819020615	0.987811390355326	-0.93409042087305	0.962906533429737	0.337492248636634	0.977202614513408	0.873773637762158	0.954212455552611	4.52050683862994	0.00259000704830754	-4.86640882246885	0.000487871390327431	-4.85931628790205	0.000382664773756233	-5.12911938648148	0.00025592641769881	-6.17304683946944	2.13515118407836e-05	5.48639849144878	4.69762371766956e-06	-3.32567081401302	0.0128180173076617	-1.4138029976194	0.999905160632868	-1.14066603698644	0.99998075372639	-0.88607704301879	0.999991240463336	-2.37124361527404	0.383508711814045	3.3498965066344	0.0262478348970044	-0.022849406559366	0.999918096269946	6.17304683946944	ovary12	4.69762371766956e-06	ovary15
ENSSSCG00000040843	2.30820900075365	0.789306532426548	0	0	2.7321713216626	0.132937463971036	1.76678282276253	0.540682262678513	0	0	0	0	2.67525335746736	0.0502372904353796	2.82495526621827	0.0282219476744148	4.24763371505606	0.000473887680007829	3.91528833385387	0.000768906530821753	-0.697248001012344	0.929463911113344	-3.14564675744522	0.0147615603668253	3.82036265347109	0.0155491132289867	4.59937605452981	0.00194674817415266	6.17256591258329	1.25537146168515e-05	3.61390656633699	0.0200595199415403	3.80174049388518	0.0191522692252388	0	0	6.17256591258329	ovid09	0	endo06
ENSSSCG00000041010	3.59889449587465	0.182670160186121	5.84440935252308	0.000113437276919514	6.50485181108288	1.05812664609625e-05	3.71375138171643	0.0393124237204869	2.71655480819828	0.274564188919804	0	0	0.363264895966912	0.999746826372654	-0.62261187031791	0.975896891325574	1.0882813285221	0.73374837163422	0.0979037655862087	0.988301945809738	-0.0392087350912813	0.999560378701902	-0.217871932718777	0.999898616998068	2.66007652901095	0.264557656790286	3.41646012023921	0.0607519724434645	3.417818514737	0.0531331790389269	4.14627733198823	0.0064966806271206	1.50852755023109	0.999951635344029	2.03103135499156	0.999918096269946	6.50485181108288	endo09	0	endo18
ENSSSCG00000041871	0	0	12.7655766297184	1.06092059046079e-10	8.49308178534896	0.00020910338865781	0	0	0	0	0	0	0	0	0	0	0	0	0	0	0	0	0	0	0	0	0	0	0	0	0	0	0	0	0	0	12.7655766297184	endo06	0	endo03
ENSSSCG00000042264	0	0	0	0	0	0	0	0	0	0	0	0	0	0	6.47179353569413	1.30208286629924e-05	6.05824275959213	4.94232510391485e-05	0	0	0	0	0	0	0	0	0	0	0	0	0	0	0	0	0	0	6.47179353569413	ovary06	0	endo03
ENSSSCG00000042315	-0.939377178043735	0.999970279305184	-1.97238341608182	0.323103258080462	-2.18670531934722	0.151028528604387	-1.45290091762223	0.479927257507255	0.120330034769382	0.999107661984216	-0.290173892234693	0.999963438149354	3.96150139768714	0.00999396353899973	3.34671619945721	0.0373565574593465	4.91164810076416	0.000533372177870476	6.49815277028419	1.62199224968732e-06	1.53409752686984	0.64439797211642	0	0	-0.264766878922976	0.999905160632868	-0.358482134608564	0.99998075372639	0.263759619090621	0.999991240463336	-0.979876559431349	0.950869578047934	-0.168852507574367	0.999951635344029	-0.904373563535977	0.999918096269946	6.49815277028419	ovary12	0	ovary18
ENSSSCG00000042539	0	0	0	0	6.84344622538328	3.18506547401296e-06	5.48143779787211	0.000318818786556559	0	0	0	0	0	0	0	0	0	0	0	0	0	0	0	0	0	0	0	0	0	0	0	0	0	0	0	0	6.84344622538328	endo09	0	endo03
ENSSSCG00000042589	-3.47634984148759	0.0319941362401191	-0.88278040332231	0.999982221946195	-4.5034679257464	0.000556156386036897	-6.31040549552168	8.29529537868262e-06	-4.73333423117371	0.000421828542582452	-1.43403738514101	0.999963438149354	-4.16291695192289	0.00570868587596344	-2.1001571210201	0.208643700430042	-3.54000612580293	0.0171449518896357	-4.89848553347337	0.00105904028430579	1.13805939161536	0.65168671991059	3.87119865053728	0.00202198067443501	-1.52987650762401	0.821910510157902	0.475321866770985	0.99998075372639	-1.76812199631603	0.603445386583946	-2.91320844485616	0.0924185640179548	-1.98710254405826	0.561606088917896	0.571702697631049	0.999918096269946	6.31040549552168	endo12	8.29529537868262e-06	endo12
ENSSSCG00000043194	3.09956379204618	0.169321474106585	4.94936696747145	0.000299726766542604	5.89326297320131	1.06526446654739e-05	5.02596163986092	0.000196284590754527	2.80357191600349	0.101129497463875	2.19639254785372	0.834475506448557	0	0	0	0	0	0	0	0	0	0	0	0	0	0	0	0	0	0	0	0	0	0	0	0	5.89326297320131	endo09	0	ovary03
ENSSSCG00000044108	4.14116152796529	0.0217332883035	8.28906032671074	3.97125952956112e-09	9.59558652044833	2.78047496016412e-11	6.94971879228281	5.35881518821602e-07	3.09681681242822	0.0757375714889281	2.1853520748934	0.99397875890602	0	0	0	0	0	0	0	0	0	0	0	0	0	0	6.8939233459789	0.0362992801177932	7.57423948849719	0.00666750009027784	0	0	0	0	0	0	9.59558652044833	endo09	0	ovary03
ENSSSCG00000044226	-1.74147935342551	0.828308770025649	-2.0078024712045	0.263815395834201	-3.87918956730431	0.00156543912096334	-5.45689924273406	9.14733922893724e-06	-2.61957527764458	0.0556453463318428	-1.77660745414026	0.86632966987139	0.508340477920798	0.999746826372654	-1.2075189558325	0.64512312218048	-1.34476671648202	0.531071950728288	-1.79740918817015	0.222903040945423	-2.09548564948542	0.139760213346883	-0.725721107806459	0.999898616998068	0.15496025616959	0.999905160632868	-0.805770135021409	0.99998075372639	-0.823574308746965	0.999991240463336	0.787304854385822	0.999791955937091	0.61001455830953	0.999951635344029	-1.02364465622916	0.999918096269946	5.45689924273406	endo12	9.14733922893724e-06	endo12
ENSSSCG00000044239	-3.26088707277157	0.0407587196306513	-12.2314228657213	7.02586907093097e-10	-7.0145089281611	3.91539219284333e-07	-5.31464212982981	3.33204136419456e-05	-2.59409197974557	0.0636570344325947	-1.68737722914193	0.998143808118705	0	0	0	0	0	0	0	0	0	0	0	0	-2.84565188576424	0.0533861195413993	-0.577432196058706	0.99998075372639	-0.738328016795246	0.999991240463336	-0.911627372107028	0.978734035157745	-0.394249277613217	0.999951635344029	0.0635961996921306	0.999918096269946	12.2314228657213	endo06	0	ovary03
ENSSSCG00000044295	-0.93370341952765	0.999970279305184	-5.43178294753257	0.00018870901815965	-5.27189866697373	0.000280582096505168	-9.99565513181135	2.71327856711573e-06	-1.54305261449672	0.474882030710076	-0.645778535138807	0.999963438149354	-0.807881647183814	0.963403108560766	-3.54952488584795	0.0151803877820232	-3.24675935244513	0.0283483369229697	-9.15473737831859	3.79235409041683e-05	-3.40524987176775	0.012542591433454	-0.828051468747913	0.999898616998068	0.00064836331285304	0.999905160632868	-9.08567936478743	6.05517960214638e-05	-9.03851572640999	7.53597424071547e-05	-9.0071523546913	7.78580802947684e-05	-4.18090557027564	0.0099043289800872	-0.361703863103077	0.999918096269946	9.99565513181135	endo12	2.71327856711573e-06	endo12
ENSSSCG00000044775	-4.07280416132086	0.00559264126029953	-3.1972197859251	0.0163942460165864	-2.93816318188733	0.0240073015122733	-5.04764888484967	7.78724773375434e-05	-3.89696069739989	0.00249039241957563	-4.37151189901321	0.00241848670701191	0	0	0	0	0	0	0	0	0	0	0	0	-4.33381384224203	0.00157210918174611	-6.13627136648598	1.89234294759209e-05	-5.7366282744978	5.14851517993192e-05	-3.70473983673881	0.00562336821393525	-4.86836089902537	0.000517720666964424	-2.25647656172952	0.540377442477218	6.13627136648598	ovid06	0	ovary03
ENSSSCG00000045074	-0.812225061243479	0.999970279305184	-2.02988920555146	0.576071409760007	-2.27118055099772	0.331446347749747	-2.80206743231758	0.207688395813543	-7.05264710965175	0.0133066497876149	-3.11021889693627	0.460198899914738	0	0	0	0	0	0	0	0	9.97372058391506	1.16252146226818e-06	9.37462811397535	2.79392186145835e-05	0	0	0	0	0	0	0	0	0	0	0	0	9.97372058391506	ovary15	0	ovary03
ENSSSCG00000045226	0	0	0	0	0	0	0	0	2.92123104918559	0.202148855724236	2.63315255351501	0.837773832762136	0	0	0	0	0	0	0	0	10.5700710025053	1.41045917965584e-07	7.29421143522348	0.00737234726396202	0	0	0	0	0	0	0	0	0.806164874649714	0.999951635344029	0.29476182315886	0.999918096269946	10.5700710025053	ovary15	0	endo03
ENSSSCG00000045883	0	0	0	0	0	0	0	0	0	0	0	0	0	0	0	0	0	0	0	0	5.94376980260065	1.91968032298609e-05	3.45785005093629	0.0459607218918749	0	0	0	0	0	0	0	0	0	0	0	0	5.94376980260065	ovary15	0	endo03
ENSSSCG00000046140	0	0	0	0	0	0	0	0	0	0	0	0	7.45356563335646	3.4981835022254e-06	7.46850526421045	2.5350907897222e-06	7.86768959144121	6.80841773642087e-07	6.89938613400601	1.00551716117902e-05	6.25329422265139	8.91264026551918e-05	0	0	0	0	0	0	0	0	0	0	0	0	0	0	7.86768959144121	ovary09	0	endo03
ENSSSCG00000046162	0	0	0	0	0.638301143633888	0.999890466505892	0	0	0	0	0.475816364535463	0.999963438149354	-4.56867284517357	0.00196387221276109	-5.52111683278636	0.000324704877566762	-9.56068329816059	2.03901619413306e-05	-5.30419934242594	0.000308724538887669	-4.63531776401968	0.000802611478040751	-4.81227455086884	0.000912623219786992	0.089867145684201	0.999905160632868	0.0158599833301734	0.99998075372639	-0.668323532459315	0.999991240463336	-0.0980018605650931	0.999791955937091	-1.98517524007529	0.730647836580766	-0.63952991527938	0.999918096269946	9.56068329816059	ovary09	0	endo03
ENSSSCG00000046471	1.1264662980099	0.999970279305184	3.01263050216437	0.028197968420335	6.42098255545789	3.59380633102688e-07	4.225519345794	0.000681849572832383	4.3419983097171	0.0006236896599589	1.1973330664082	0.999963438149354	1.24655735648153	0.735310655529688	1.91157784887336	0.265350878091918	2.75780602249689	0.0429703530416184	4.00334116723566	0.000901850498976785	0.931721482503157	0.830464346638414	3.05936985336433	0.0244263379077783	0.88581332585502	0.999905160632868	-0.909136081919048	0.99998075372639	-0.327097787973609	0.999991240463336	0.502155363305795	0.999791955937091	2.18698431315524	0.329589507547838	-0.022933642197928	0.999918096269946	6.42098255545789	endo09	3.59380633102688e-07	endo09
ENSSSCG00000046640	-0.264972852178713	0.999970279305184	0.537878975068101	0.999982221946195	1.61748410157531	0.378854371080568	4.35047281993031	0.000407180578631968	2.75700566183044	0.0444611069724227	0.426755940252863	0.999963438149354	-1.50064319392128	0.777104666936313	-0.922412278294615	0.91917874536166	-0.0441155979896379	0.999803500436176	4.52712884342583	0.000261127616931413	5.33012416551432	2.01101551242913e-05	1.57332208389752	0.607805203841524	0.286950779579599	0.999905160632868	0.0615901150067107	0.99998075372639	0.0959093483181325	0.999991240463336	0.474822281346593	0.999791955937091	2.74618688659887	0.0765938180300402	0.349980745855236	0.999918096269946	5.33012416551432	ovary15	2.01101551242913e-05	ovary15
ENSSSCG00000047115	0	0	0	0	0	0	0	0	0	0	0	0	0	0	0	0	0	0	0	0	9.26522170411148	1.22561218798036e-05	0	0	0	0	0	0	0	0	0	0	0	0	0	0	9.26522170411148	ovary15	0	endo03
ENSSSCG00000047187	0	0	0	0	0	0	0	0	0	0	0	0	0	0	7.79963496786297	0.00160159275841303	7.18018115574233	0.00554021540745228	9.66048116522205	2.14741859656892e-06	0	0	0	0	0	0	0	0	0	0	0	0	0	0	0	0	9.66048116522205	ovary12	0	endo03
ENSSSCG00000047459	0	0	0	0	0	0	0	0	0	0	0	0	11.9347616554536	3.88134642063004e-09	10.2737804322636	6.67353812579494e-07	10.0195864165932	1.03565340606965e-06	10.9912498203886	2.06166450132788e-08	0	0	0	0	0	0	0	0	0	0	0	0	0	0	0	0	11.9347616554536	ovary03	0	endo03
ENSSSCG00000047552	0	0	0	0	0	0	7.2090869370494	0.00682213074340223	0	0	0	0	0	0	0	0	0	0	9.05136564533452	1.64215031810586e-05	0	0	0	0	0	0	0	0	0	0	0	0	0	0	0	0	9.05136564533452	ovary12	0	endo03
ENSSSCG00000048033	0	0	0	0	0	0	0	0	0	0	0	0	12.7825947689757	1.61405835995147e-10	10.4335990495496	3.94375306448947e-07	11.5991638175294	4.77385762167057e-09	11.8234822917671	1.06613299183258e-09	10.3764356713774	2.77072136745949e-07	0	0	0.657328253611764	0.999905160632868	0.63760823114414	0.99998075372639	0	0	0	0	0	0	0	0	12.7825947689757	ovary03	0	endo03
ENSSSCG00000048042	0	0	0	0	0	0	0	0	2.26699931978583	0.383733788700818	0	0	7.73952572007124	0.00235748388398799	9.32377728815644	1.57534454414913e-05	7.85451782532352	0.000957353804336684	8.64562543695481	5.85291502380942e-05	0	0	0	0	0	0	0	0	0	0	0	0	0	0	-0.0227553780941178	0.999918096269946	9.32377728815644	ovary06	0	endo03
ENSSSCG00000048151	0	0	0	0	0	0	0	0	0	0	0	0	7.26821739614595	0.0070025946823963	10.7009028159265	1.50949782934531e-07	9.69131917698818	3.02363751815349e-06	8.22059844766407	0.000205121257603585	0	0	0	0	0	0	0	0	0	0	0	0	0	0	0	0	10.7009028159265	ovary06	0	endo03
ENSSSCG00000048484	-5.02854090693149	0.000602487545257795	-6.08627699131091	6.12553805520115e-06	-4.93859361655546	0.000130153310938994	-0.348885820361617	0.961618896152401	-6.99001232266582	1.50553883564963e-06	-11.7773709014529	1.54297890659146e-08	-3.74285228484772	0.0163378037147548	-2.9461569080547	0.0564496080777412	-4.3984543673477	0.00693585736486418	-2.94349098062532	0.041474403084338	1.82100536636343	0.235105421275884	-3.00892971398437	0.0528447939264706	-6.11566814842679	2.3407132893003e-05	0.782291489858194	0.99998075372639	-3.55782529488559	0.0100070988697891	-3.55640740737593	0.0079357827585339	-3.92136458334494	0.00496161111819478	4.95142500408797	0.00136166571190106	11.7773709014529	endo18	1.54297890659146e-08	endo18
ENSSSCG00000048684	-1.06817773167638	0.999970279305184	-1.34469704087742	0.784973292794795	-3.23432264157814	0.0203344048004946	-9.79265454727955	5.39660310067944e-06	-9.85065711982522	6.7703263937736e-06	-3.80880056290024	0.0215533972381597	0	0	0	0	3.20239260810977	0.10928701046134	0	0	0	0	0	0	-2.27375945880193	0.254040870441505	-1.41395540847549	0.889005070641199	-1.12483351961497	0.999991240463336	-5.50204200073653	0.000436838137283089	-5.67081583189226	0.000479105793548038	-1.38241197113476	0.999918096269946	9.85065711982522	endo15	0	ovary03
ENSSSCG00000048959	-9.64062386159414	5.84738184436971e-05	-9.67621380934414	6.50266510339877e-06	-9.59769207104579	1.03447639084049e-05	-5.39163079532497	0.000416570994162124	-5.5106343129475	0.000421828542582452	-9.74063387697169	2.05148369092631e-05	-8.5348637383289	0.000425145584182062	-8.5315075817982	0.000336773799495729	-8.39640971156394	0.000670583705732261	-8.43124929241578	0.00030759268718153	-3.47077897111551	0.0191650070006603	-2.21698280132198	0.240264780509091	0	0	0	0	0	0	0	0	1.69031961301248	0.999951635344029	0	0	9.74063387697169	endo18	0	ovid03
ENSSSCG00000049557	0	0	0	0	0	0	0	0	0	0	0	0	-4.05305791830913	0.00244242475975147	-2.86003252406851	0.0337627855257552	-4.37277068376861	0.00100008929273189	-10.8575258551777	1.49628525757811e-07	-10.9935877566176	4.35382867454741e-08	-6.0743781559624	1.76759383872173e-05	0	0	0	0	0	0	0	0	0	0	0	0	10.9935877566176	ovary15	0	endo03
ENSSSCG00000050073	-1.27471063637274	0.999970279305184	-3.62248161540005	0.0370258181846516	-8.19964613285431	0.000758169378659985	-2.2437304801866	0.22349342949618	-2.84080400283814	0.104936535825866	-1.5722717351731	0.999963438149354	3.28649718963685	0.0724352212419995	4.02797485493723	0.0106482062049717	3.1618663353299	0.0762466688775037	6.50046498645541	2.76356271737152e-06	4.07723555534924	0.00595577850134407	2.6139441605686	0.253887410447733	-0.988637328434612	0.999905160632868	-0.919021207002796	0.99998075372639	-3.65870543695608	0.0756813259844509	-0.870200697004054	0.999791955937091	-3.21505433604268	0.144563063503803	-0.28444873582682	0.999918096269946	8.19964613285431	endo09	2.76356271737152e-06	ovary12
ENSSSCG00000050351	1.83468475806279	0.922244106652215	6.09284966858306	2.39035821465208e-06	7.84271860388143	3.40511874328121e-09	0.213726659121326	0.986379007086765	0.529438933728912	0.999107661984216	0.478408933967676	0.999963438149354	1.73114130295236	0.616298546291846	1.41905843060265	0.72066902908397	3.29657880442058	0.031613736640618	0	0	0	0	2.100098261777	0.409468946061076	0	0	0	0	0	0	0	0	1.69031961301248	0.999951635344029	0	0	7.84271860388143	endo09	0	ovary12
ENSSSCG00000050380	3.01754005946885	0.48820129578325	0	0	0	0	0	0	0	0	0	0	-3.7486215100824	0.00743865610819241	-3.90911424829735	0.0045540830314705	-3.60549168987464	0.00985609007909382	-9.92236596351599	3.15625409215646e-06	-4.64866985333767	0.000559320511465933	-0.89687081768206	0.954254244899596	0	0	0	0	0	0	0	0	0	0	0	0	9.92236596351599	ovary12	0	endo06
ENSSSCG00000050458	-1.2898318080924	0.999970279305184	-2.75556004757788	0.0477326970996499	-3.30993556660786	0.00816300586630408	-1.7864263026303	0.271712273805233	-2.30694941993952	0.113904131371958	-0.787361289753227	0.999963438149354	-1.91854921123023	0.265912213323834	0.0558893021011313	0.999667845803702	0.493707168821983	0.950918413613674	2.06270930193153	0.118049269239009	4.24158937304939	0.000308391904779154	5.46239499906804	1.20988081693663e-05	-1.44994532799459	0.770144447057008	0.507929684790112	0.99998075372639	0.00763879938729382	0.999991240463336	0.214414402304791	0.999791955937091	0.469314727775793	0.999951635344029	0.35683932885884	0.999918096269946	5.46239499906804	ovary18	1.20988081693663e-05	ovary18
ENSSSCG00000050793	0.782890658324494	0.999970279305184	0.648240297456986	0.999982221946195	0.551676925623752	0.999890466505892	6.80369618491017	9.17711725953444e-08	6.47221459567743	4.90842127596739e-07	1.5745907047819	0.999963438149354	1.58113490844482	0.482422182692809	2.22193732432546	0.137096750694051	2.87581287037921	0.0279647814610564	9.54954589301282	2.53256561592818e-12	1.74723019604215	0.275948326262909	0.34704593263534	0.999898616998068	0.210292921242244	0.999905160632868	-0.153665875671609	0.99998075372639	0.326072349726167	0.999991240463336	6.25783402903045	1.08862615222196e-06	6.42724762814112	1.25785011889566e-06	-0.680205747029556	0.999918096269946	9.54954589301282	ovary12	2.53256561592818e-12	ovary12
ENSSSCG00000051499	0	0	0	0	0	0	0	0	0	0	0	0	6.13667526804773	5.90698533149391e-05	6.58785685631737	8.70165794484762e-06	6.14062316423185	3.75897193090003e-05	5.81369703762944	6.51114077077689e-05	5.22619127977202	0.000453549784626159	3.02006054078032	0.1787690487935	0	0	0	0	0	0	0	0	0	0	0	0	6.58785685631737	ovary06	0	endo03
ENSSSCG00000051558	0	0	4.66666225457652	0.0162750701434003	0	0	4.68431455886516	0.0128418111565792	3.73763496386339	0.104936535825866	3.55339161611864	0.447570640941326	-3.77362745744961	0.00769797490140138	-2.96811992131306	0.0346808725071995	-3.14469463118668	0.02521521161927	-9.77978040753853	5.0323544299048e-06	-5.77796813683165	7.9188991165601e-05	-1.20590292311025	0.778258024227055	0	0	0	0	0	0	3.65621823518276	0.136140621072241	0	0	0	0	9.77978040753853	ovary12	0	endo03
ENSSSCG00000051666	0	0	0	0	0	0	0	0	0	0	0	0	0	0	8.73994001025913	0.000111546670302366	0	0	8.3494668511095	0.000140533917959248	11.9394855810138	1.06240293433643e-09	0	0	0	0	0	0	0	0	0	0	0	0	0	0	11.9394855810138	ovary15	0	endo03
ENSSSCG00000051849	-1.17618427253634	0.999970279305184	-1.59300016600744	0.704407387844678	-2.8641179807218	0.101378758553032	-3.79640133189093	0.031462938709802	-1.97832959645095	0.360281538535034	-1.09721261901866	0.999963438149354	0	0	6.20032023111148	4.21651761686365e-06	6.10518532329795	5.44882915393387e-06	3.74130489503765	0.00552784217821707	3.27367213480392	0.0209830899173207	3.22117852597692	0.0388105199894302	-0.0174453722750804	0.999905160632868	-0.103628423336997	0.99998075372639	-0.0954991309789531	0.999991240463336	-0.269618436079986	0.999791955937091	-0.419397656497374	0.999951635344029	-0.0556534948772682	0.999918096269946	6.20032023111148	ovary06	0	ovary03
ENSSSCG00000052429	0	0	10.7203671796876	1.82164776538833e-07	0	0	0	0	0	0	0	0	0	0	0	0	0	0	0	0	0	0	0	0	0	0	0	0	0	0	0	0	0	0	0	0	10.7203671796876	endo06	0	endo03
ENSSSCG00000052449	0	0	0	0	0	0	0	0	0	0	0	0	0	0	7.010826498136	0.0108289880088619	0	0	9.32652710517579	6.5553719544151e-06	0	0	0	0	0	0	0	0	0	0	0	0	0	0	0	0	9.32652710517579	ovary12	0	endo03
ENSSSCG00000052717	0	0	0	0	0	0	0	0	0	0	0	0	0	0	0	0	0	0	0	0	10.0771258252894	8.12458264625492e-07	0	0	0	0	0	0	0	0	0	0	0	0	0	0	10.0771258252894	ovary15	0	endo03
ENSSSCG00000052744	2.38218189353726	0.4687165572102	7.64884566318125	9.45757802665369e-09	7.23051069380353	4.59708231248951e-08	5.30501149853161	3.66657340725168e-05	2.86969375653493	0.0561065313502485	1.79356378979541	0.999963438149354	0	0	0	0	0	0	0	0	0	0	0	0	4.2723722939499	0.0093613023509886	2.44567977599693	0.480421406950438	0	0	2.59072552280604	0.2740933859405	2.00899238605768	0.874102946246197	0	0	7.64884566318125	endo06	0	ovary03
ENSSSCG00000052787	0	0	9.38934501548125	1.70179696075259e-05	7.91011993411776	0.00105377271085658	0	0	0	0	0	0	0	0	0	0	0	0	0	0	0	0	0	0	0	0	0	0	0	0	0	0	0	0	0	0	9.38934501548125	endo06	0	endo03
ENSSSCG00000052907	-2.30267969566702	0.558225335668407	-1.46659846943595	0.749268255475137	-2.38060392011678	0.159802661309253	-2.03484196667516	0.270482556124272	-1.39819756961041	0.622988263127541	0.0398072326929613	0.999963438149354	-0.820684053248504	0.994609496071237	-1.6754246211624	0.534096013356821	-1.63139838910972	0.553055516743287	-7.2810912535716	0.00567746944771426	-2.32016184586424	0.227364811224807	-0.623068000185378	0.999898616998068	-4.43927637414464	0.000598928929676088	-5.13648372338879	6.74273565145374e-05	-5.04830807934991	8.62537931878243e-05	-7.11143574678484	1.24793441904332e-07	-6.44500879243105	1.97119183819669e-06	-2.52378766496026	0.312048245268002	7.2810912535716	ovary12	1.24793441904332e-07	ovid12
ENSSSCG00000052947	0.0534190395405902	0.999970279305184	1.20265765033592	0.86341605862179	2.39151071602717	0.0817993213515284	3.22500921774951	0.0109720479706606	0.517129007418007	0.999107661984216	1.47253048495557	0.999963438149354	-0.756219615214748	0.966855279655369	0.149498005257123	0.999667845803702	0.00377128026984533	0.999803500436176	-0.353644133719194	0.945952331782165	-7.40130791835383	4.75333737861452e-09	-4.13805323360809	0.00087325867316151	-0.932321016982916	0.999905160632868	1.52400346212776	0.725334281849988	0.988839951021319	0.999991240463336	0.0320218895405007	0.999791955937091	0.129496153269773	0.999951635344029	-1.37562438943197	0.999918096269946	7.40130791835383	ovary15	4.75333737861452e-09	ovary15
ENSSSCG00000053150	0.415050526512229	0.999970279305184	-1.53180638813048	0.911523676922067	-0.80065214150548	0.999890466505892	-0.364679255523127	0.974704822524198	0.749637261605766	0.983844643626864	0.39597407594828	0.999963438149354	0	0	7.3495063779927	0.00493521846500603	0	0	9.19549655950208	1.02200609195255e-05	0	0	0	0	2.48339758677413	0.216502483843894	1.81155846494168	0.671943880380948	0	0	3.62962478011825	0.0105341714778001	1.9480266821011	0.630923460814066	0	0	9.19549655950208	ovary12	0	ovary03
ENSSSCG00000053490	-1.13540190548031	0.999970279305184	-1.49355440853718	0.813107707605497	-1.0456988656605	0.845279117439462	-2.1373177416599	0.304041618460304	-1.4254485826813	0.661907323562643	-1.61963488386208	0.999963438149354	1.57364925405101	0.624029993488056	0.463482063988508	0.999667845803702	1.54859261281415	0.546150971049667	1.46691026254636	0.516137167184466	5.59429705854195	1.16451106383552e-05	5.90358167064736	9.88218253402678e-06	0	0	0	0	0	0	0	0	0	0	0	0	5.90358167064736	ovary18	0	ovid03
ENSSSCG00000053630	0	0	0	0	0	0	0	0	0	0	0	0	-10.7562969724064	2.54562749932691e-07	-7.5003144560634	2.45783964801221e-06	-10.6175342954881	6.80841773642087e-07	-10.6524543599786	2.87799417675968e-07	-2.97377418356725	0.0186182952578016	-4.72447992526939	0.000471631614166948	0.250013703749219	0.999905160632868	-0.115186805052842	0.99998075372639	0.490957734337134	0.999991240463336	0.55083263455544	0.999791955937091	-0.752672333678333	0.999951635344029	0.581818286895923	0.999918096269946	10.7562969724064	ovary03	0	endo03
ENSSSCG00000053703	0	0	0	0	0	0	0	0	0	0	0	0	0	0	0	0	0	0	0	0	6.4483522095829	3.29620190367354e-06	5.09180079675923	0.000667989521807187	0	0	0.333627994565023	0.99998075372639	0	0	0	0	0.184400702413277	0.999951635344029	0	0	6.4483522095829	ovary15	0	endo03
ENSSSCG00000054096	0	0	7.02328612436064	0.0149936512225912	9.3468994664716	1.2789695507013e-05	0	0	0	0	0	0	0	0	0	0	0	0	0	0	0	0	0	0	0	0	0	0	0	0	0	0	0	0	0	0	9.3468994664716	endo09	0	endo03
ENSSSCG00000054186	0.681660589697343	0.999970279305184	0.645720319989562	0.999982221946195	0.205852275664593	0.999890466505892	1.01186538267298	0.724682248466542	1.73623955989682	0.338384086149016	0.969337530541121	0.999963438149354	-0.678925953981723	0.999746826372654	-0.671761004123306	0.938268949243486	-0.853280308827535	0.810355665212574	0.00629543389640082	0.998559701630832	1.31198948568141	0.505094376493249	-0.222191905304267	0.999898616998068	-5.78921295089093	6.38832850958985e-06	-6.56499092783737	4.81436815061156e-07	-5.91852932338232	3.99317738150478e-06	-5.32022257834137	2.38015210387163e-05	-5.26671873262571	4.76435990784846e-05	-0.0316082290785934	0.999918096269946	6.56499092783737	ovid06	4.81436815061156e-07	ovid06
ENSSSCG00000054392	0	0	0	0	0	0	0	0	0	0	0	0	0	0	0	0	0	0	0	0	9.22575846565213	1.38881325448643e-05	0	0	0	0	0	0	0	0	0	0	0	0	0	0	9.22575846565213	ovary15	0	endo03
ENSSSCG00000054576	-4.82166799225361	0.00211739146383663	-6.4214094407151	1.68242570423649e-05	-4.98972500615273	0.000297394513650132	0.0592471817689207	0.996447356229702	0.555595192992013	0.999107661984216	-10.5847671467369	8.62201673208543e-07	-5.56314279232882	0.000164464793335673	-10.2890865745806	1.13542074755062e-06	-10.1537184030026	3.02363751815349e-06	0.0170306291341753	0.996868198873807	-6.18685433711111	2.01101551242913e-05	-10.4140056877647	7.85345866373737e-07	-3.93419762232423	0.00482760726225689	-3.80856297636312	0.00652777824305221	-4.4244188541717	0.00132701609492215	-0.710280265383485	0.999791955937091	1.01070511721145	0.999951635344029	-5.40750958078754	0.00190715137774382	10.5847671467369	endo18	7.85345866373737e-07	ovary18
ENSSSCG00000054645	0	0	0	0	0	0	9.93349564698758	1.58315591743148e-06	8.90820774659879	0.000100521232104513	0	0	0	0	0	0	0	0	10.628438060955	2.53256561592818e-12	0	0	0	0	0	0	0	0	0	0	4.62323290923496	0.00123250115784571	4.98152498133802	0.000749852630756843	0	0	10.628438060955	ovary12	0	endo03
ENSSSCG00000054768	-0.615485239660484	0.999970279305184	0.486196481714113	0.999982221946195	-2.25437597587962	0.157143535237595	-4.10315263724013	0.0059034835171896	-3.65311404329664	0.0130849716515534	-0.758696213089191	0.999963438149354	-6.5284224703459	4.67829358929188e-07	-7.51289516555285	3.01126289339801e-08	-7.52690037300665	2.83176778410008e-08	-8.2753988302793	1.81679971260995e-09	-4.65746824331418	9.2474922262996e-05	-6.24194007239093	1.25962652711871e-06	-1.13170022270955	0.999905160632868	-0.965788856726262	0.99998075372639	0.524341417555407	0.999991240463336	-0.196045788604237	0.999791955937091	0.271953072514606	0.999951635344029	-0.594728123887421	0.999918096269946	8.2753988302793	ovary12	1.81679971260995e-09	ovary12
ENSSSCG00000054868	0	0	0	0	0	0	0	0	0	0	0	0	0	0	8.76844299716622	0.000101652736799363	9.2429712706242	1.34571808252447e-05	11.874349666444	9.02155393972065e-10	13.2033219400486	1.29550910497904e-11	7.9232143703751	0.00167979598773477	0	0	0	0	0	0	0	0	7.52186425845411	0.0103009952652889	0	0	13.2033219400486	ovary15	0	endo03
ENSSSCG00000055095	1.69406790635751	0.904123827960042	0.608586972477165	0.999982221946195	1.17301668652136	0.671203677562773	-9.65288995304706	8.49426788674124e-06	-5.57893772247491	0.000345141854673863	0.175299153990286	0.999963438149354	1.92673021831628	0.265912213323834	1.29323065150044	0.590006684860008	2.20805332809463	0.125419648765359	-9.5824213408371	9.91252040745949e-06	0.57459320058747	0.984632132619421	0.0273039169435176	0.999898616998068	0.936714857942112	0.999905160632868	0.0513729089237528	0.99998075372639	0.6549497247809	0.999991240463336	-6.36816719789202	0.000154560866325836	-9.58753956780103	1.63365220658824e-05	1.90319834456473	0.86326060630674	9.65288995304706	endo12	8.49426788674124e-06	endo12
ENSSSCG00000055617	0	0	1.99057650355124	0.603154826616394	0	0	0	0	0	0	0	0	0	0	0	0	0	0	0	0	6.47354499942426	7.35146452280442e-07	3.82258508105419	0.00690675948068037	0	0	0	0	0	0	0	0	1.40268564869381	0.999951635344029	0	0	6.47354499942426	ovary15	0	endo03
ENSSSCG00000055674	0	0	1.00903513387154	0.999982221946195	0	0	0	0	0	0	0	0	9.79097222121475	4.23169292153214e-06	0	0	9.43531869043477	6.82224544689153e-06	0	0	9.07846074902144	2.20780125386526e-05	0	0	1.12499563101914	0.999905160632868	0.652326584225875	0.99998075372639	1.07797897508879	0.999991240463336	0	0	0	0	0	0	9.79097222121475	ovary03	0	endo03
ENSSSCG00000055762	-5.42026001670789	0.0003482734811891	-3.92427418853862	0.00273796149769882	-4.24380108196244	0.000967461307114472	-2.70355052981301	0.0480622315268581	-4.9170779000434	0.00024348532773972	-4.44068715762301	0.00257780411506376	-3.12178691235454	0.025966605453016	-3.30579661309251	0.0152203313340523	-3.00116798385998	0.0290527122623987	-10.1174340434855	1.68151193945097e-06	0.268559871253575	0.999560378701902	0.491416802344644	0.999898616998068	-4.16012433990098	0.00141900980433453	-5.97893503462855	4.52083494293584e-06	-5.94501507068314	5.32162935006194e-06	-5.58677404617539	1.41213717643838e-05	-7.42502510111669	8.19583534431685e-08	-3.40717824049849	0.0475494548092479	10.1174340434855	ovary12	8.19583534431685e-08	ovid15
ENSSSCG00000055799	-5.18217878170328	0.000176583704180329	-12.0322709750322	6.78412362259592e-16	-17.9879850769219	1.44130075654502e-19	-8.83809244453276	6.38564950942264e-11	-5.44631841656957	1.47115642312007e-05	-2.18768565960325	0.455177544148543	-2.25024925905319	0.136517976250329	-3.45444487869653	0.00587890946784222	-5.40215843000424	1.36098946860247e-05	-6.80131487379602	9.76693426960426e-08	-2.47377852130529	0.0517116571521835	-2.78166697164051	0.0372139344907649	-2.99024993351711	0.0301937537498954	-3.85090355046776	0.00316246298768746	-3.76073678086297	0.0036829960626882	-6.67674360139443	1.66847449544051e-07	-4.00233299678759	0.00232834925120619	-1.47361719696893	0.999918096269946	17.9879850769219	endo09	1.44130075654502e-19	endo09
ENSSSCG00000056178	-2.27503000146711	0.389552132696706	-7.53377360221889	6.94519910340738e-08	-7.3730360067312	1.1476415965785e-07	-3.57605687947431	0.00470747210508794	-2.20418061038695	0.146083565331836	0.279556118709591	0.999963438149354	0	0	0	0	0	0	0	0	2.19626439463436	0.225916202729688	0	0	0.255177109533701	0.999905160632868	3.6582464709413	0.0059825862447186	2.5800127857564	0.0952481924024835	2.25829294487962	0.149120311327349	1.72215724994927	0.631104765642734	2.59830324484166	0.274706426813324	7.53377360221889	endo06	0	ovary03
ENSSSCG00000056251	0	0	0	0	0	0	0	0	0	0	0	0	-8.87353437586859	0.000159106813311906	-8.87017631871918	0.000121020565533006	-2.86190010933957	0.0702438489233287	-8.76985916326611	0.000120530525378989	5.08003209220894	2.20780125386526e-05	1.01392203443761	0.890268666043666	0	0	0	0	0	0	0	0	0	0	0	0	8.87353437586859	ovary03	0	endo03
ENSSSCG00000056379	-0.651966856358999	0.999970279305184	-1.71410383791482	0.446721999038423	-2.83881024804235	0.0278579310337809	-5.53916829952967	8.34178192754869e-06	-2.19150954752878	0.146136511642026	0.999670045228001	0.999963438149354	-1.53551223425797	0.476411224829896	2.93953374223379	0.0208203817858659	2.79311041946946	0.0283402378567991	2.24952901884812	0.0769672544794367	3.84321588065101	0.00110953548787532	-0.144352320556347	0.999898616998068	-5.08332773236517	8.19200208859337e-05	-2.10657260492221	0.289249765029226	-2.24548486644894	0.199554504210593	-3.66723174795081	0.0039114632979697	-1.14694149967534	0.999951635344029	-1.99485129744391	0.706592476968616	5.53916829952967	endo12	8.34178192754869e-06	endo12
ENSSSCG00000056400	0	0	6.4915690552304	1.304281886662e-05	4.90483241805615	0.00180676212159239	0	0	0	0	2.99278212144325	0.544386123550537	2.45602097404822	0.265912213323834	6.08757748989356	1.16101707176584e-05	4.95942163827253	0.000456843833203755	3.64232437517642	0.0114836852386183	2.06977413321066	0.338389068394983	0	0	0	0	0.93437176262448	0.99998075372639	1.82385570019947	0.661908330165368	0	0	0.909193184364103	0.999951635344029	0	0	6.4915690552304	endo06	0	endo03
ENSSSCG00000056414	0	0	0	0	0	0	0	0	0	0	0	0	0	0	0	0	0	0	0	0	9.65512514240317	3.29620190367354e-06	0	0	0	0	0	0	0	0	0	0	0	0	0	0	9.65512514240317	ovary15	0	endo03
ENSSSCG00000056525	3.70402114369156	0.0157207192431746	0.947288176096788	0.999982221946195	1.61607926484541	0.407588592918509	6.18655436817288	8.41430720408875e-07	2.16992097603598	0.182750164374499	0.631859122697431	0.999963438149354	-2.04816172007869	0.27594608504808	0.458093147900643	0.990013015259907	2.89850661688061	0.0249416316920963	2.00541625207037	0.145309808874677	-0.169375958520887	0.999560378701902	1.1129288705668	0.831608764975013	-1.22226844757535	0.999905160632868	-2.75918046042782	0.144366638851003	0.368859772142553	0.999991240463336	0.308825291056014	0.999791955937091	-2.26062159031628	0.357894673834516	1.99504467089795	0.784910146849984	6.18655436817288	endo12	8.41430720408875e-07	endo12
ENSSSCG00000056685	-0.993955038132219	0.999970279305184	-1.03718643495826	0.987811390355326	-1.55926415110432	0.404035413479262	-1.80633698421398	0.278587190653273	-1.62267617046174	0.408623383405885	-1.80325750333428	0.86706080423616	4.61751372074302	0.000716535443043696	2.61933334696499	0.108129824416657	6.09683272202336	4.12967515640963e-06	7.69548666190032	7.34527431614992e-09	3.60721118324361	0.00675952967895503	3.7251769716805	0.00776011508932938	-0.0163744663551835	0.999905160632868	0.504970631089593	0.99998075372639	-0.890377809187037	0.999991240463336	-0.192536901933999	0.999791955937091	-0.373886444506441	0.999951635344029	0.116940532381719	0.999918096269946	7.69548666190032	ovary12	7.34527431614992e-09	ovary12
ENSSSCG00000056997	-2.22949568885876	0.472320771870555	-1.26184042889038	0.83933516620057	-1.25527014677505	0.622957811901019	4.28242843415139	0.000451714397534343	5.46017169558773	1.47341752610336e-05	3.37816539340037	0.0260601936169683	-1.79579700910703	0.346885170218798	-1.67785913924245	0.351575646181196	-2.26673376770028	0.12864307766968	-0.2224505558437	0.97460759516424	-0.411427092782997	0.999560378701902	-3.03921423356274	0.0264360563697375	-2.06735096348636	0.294351253091913	-3.46385856863714	0.0122517465583533	-3.93028418554821	0.00310206728310166	-2.06678987496402	0.220378765375058	0.490663654996522	0.999951635344029	-0.294681921885545	0.999918096269946	5.46017169558773	endo15	1.47341752610336e-05	endo15
ENSSSCG00000057082	-6.45647668477948	4.03307041928844e-05	0.742086776574614	0.999982221946195	-0.041527042976721	0.999890466505892	0.0432227943557519	0.996832058863369	0.320126272597894	0.999107661984216	-0.031009545731676	0.999963438149354	-8.44396950898559	0.000517549251116484	0.179325225475526	0.999667845803702	-2.21357125704063	0.225542396785135	-1.93754329567856	0.25547935834122	-2.59071352336709	0.0947708892796033	-3.55669441859972	0.0258311699231516	-6.46019824716242	1.30231990530114e-05	-0.292924855891505	0.99998075372639	-1.26954716227881	0.898001470309693	-0.545759020167212	0.999791955937091	-1.60741306151539	0.748044949055583	-1.03937276112434	0.999918096269946	8.44396950898559	ovary03	1.30231990530114e-05	ovid03
ENSSSCG00000057453	0	0	0	0	0	0	0	0	0	0	0	0	0	0	0	0	0	0	0	0	0	0	0	0	10.4059456740482	2.00294105177899e-06	8.13481049470605	0.00195389225071697	9.76993673075241	1.25537146168515e-05	9.23932659297474	5.12987315942688e-05	10.08092268061	7.50624654944725e-06	0	0	10.4059456740482	ovid03	0	endo03
ENSSSCG00000057496	1.69444373627188	0.98527718251378	3.30905345460537	0.0146496778722043	2.8977075198065	0.0312681573943942	2.44702979996375	0.0942604562048614	0.0402942639762175	0.999107661984216	-2.30084382600651	0.740512232769778	1.47505752734758	0.566494206315701	5.66734824873506	6.18607020239649e-06	5.40303292406848	1.43727211156634e-05	2.90096731962994	0.0181847521054631	1.86198989765373	0.231791539295802	0.0769035601328841	0.999898616998068	-0.0325189707312247	0.999905160632868	-0.936419552736011	0.99998075372639	-1.70265207058709	0.52935612499974	-2.27321465985072	0.152610677314423	-0.940333308288163	0.999951635344029	-0.4727362472581	0.999918096269946	5.66734824873506	ovary06	6.18607020239649e-06	ovary06
ENSSSCG00000057515	0	0	9.97936685239822	2.33371133555757e-06	10.9048623003034	7.02633963841168e-08	0	0	0	0	0	0	0	0	0	0	0	0	0	0	0	0	0	0	0	0	2.36392573542102	0.457325498843679	1.62011186987374	0.935828890194734	0	0	0	0	0	0	10.9048623003034	endo09	0	endo03
ENSSSCG00000057522	-1.85939416098011	0.701779172019801	0.208967195147503	0.999982221946195	-0.42384664630666	0.999890466505892	0.835812204571565	0.81565621302158	0.608986142591423	0.988355594504555	0.408841943801012	0.999963438149354	-0.951557982306616	0.86435829728964	-1.03341179394109	0.748123383849067	-2.9522198707514	0.0193715553840208	-1.11146044925151	0.58868683657709	-7.6460178175923	2.33110483658178e-09	-5.03952834164717	5.15597897551526e-05	1.14458073689134	0.999905160632868	0.372122127100022	0.99998075372639	0.602669289130634	0.999991240463336	1.53238010306665	0.523326576149695	-1.11281171336978	0.999951635344029	0.16536863643215	0.999918096269946	7.6460178175923	ovary15	2.33110483658178e-09	ovary15
ENSSSCG00000057664	-0.782103044799146	0.999970279305184	-5.87916120734678	0.000102089433541737	-4.18997084111864	0.0026183765771475	-0.0587443962095691	0.996447356229702	2.09182334649517	0.182750164374499	0.941030259838433	0.999963438149354	0	0	0	0	0	0	0	0	0	0	0	0	4.3177671819784	0.0472496163579717	7.04907878720257	2.17163818460922e-05	6.81077555326603	5.03024602738657e-05	0	0	0	0	0	0	7.04907878720257	ovid06	0	ovary03
ENSSSCG00000057672	0	0	4.06299386577997	0.00415409217573546	5.73710463553823	1.42476245845002e-05	4.16373063970874	0.00254738940258629	0	0	0	0	0	0	0	0	0	0	0	0	0	0	0	0	-1.68762165925481	0.684188887324117	-3.38204310662169	0.0538508503971204	-3.60761985981061	0.0338325803179582	0.109689143700922	0.999791955937091	-2.42653493358874	0.295231027728223	-1.91883133360869	0.999918096269946	5.73710463553823	endo09	0	endo03
ENSSSCG00000057692	-2.40359123731193	0.304350565499843	-1.90063177485702	0.326886833366237	-1.07381589748669	0.731198194827593	-5.81553912160988	5.39591367580093e-06	-5.29010065432044	4.22009209691707e-05	-4.39487003604183	0.00196603376098605	-1.62047940497608	0.600998287366391	-3.55219691103629	0.0524442450035907	-7.59226240084656	0.00520862846191628	-3.33564525243642	0.0538338263617132	-2.6662742882113	0.122329067866247	-0.876943896056034	0.999898616998068	-4.25532339607193	0.000991979412119827	-6.12822694247567	2.61482660212226e-06	-4.66637630008486	0.000251565231447339	-2.45867824258641	0.0946554153531774	-3.69490276094291	0.00590922444936264	-0.430113801520155	0.999918096269946	7.59226240084656	ovary09	2.61482660212226e-06	ovid06
ENSSSCG00000057707	0	0	0	0	0	0	0	0	0	0	0	0	0	0	0	0	0	0	0	0	9.10044662125995	2.09764346528517e-05	0	0	1.34381678461078	0.947205961359425	0.211410929140001	0.99998075372639	0.953267709655253	0.999991240463336	0.0709625782404405	0.999791955937091	-0.462652531955766	0.999951635344029	-1.42545480902152	0.999918096269946	9.10044662125995	ovary15	0	endo03
ENSSSCG00000057883	-2.11777987241156	0.956913946879996	3.56843849458243	0.00840829725132567	4.65092578170985	0.000240155229835271	5.86910559134707	3.51774986539302e-06	3.63693566673411	0.0062693283927898	2.98977025564431	0.109197995248068	0	0	0	0	0	0	0	0	0	0	0	0	1.45188394552207	0.999905160632868	0	0	1.81701308840076	0.737048016285097	0	0	0.974496175012858	0.999951635344029	0	0	5.86910559134707	endo12	0	ovary03
ENSSSCG00000057970	-0.0664197254780259	0.999970279305184	-0.243693443115776	0.999982221946195	-0.489951972630076	0.999890466505892	-0.421211797475288	0.953042814046924	-1.42620076737438	0.55393612475496	0.0553188279088024	0.999963438149354	3.78888310291657	0.00258093668075946	4.19994640964751	0.000610967980899757	4.80075962486802	7.23024403473388e-05	6.49402515277919	1.46336549893462e-07	5.47299191918323	4.69049503309391e-06	2.94467729656112	0.0236755526810044	1.02091450902039	0.999905160632868	2.09272708184726	0.334969283271359	3.43700210223538	0.0119725217711335	3.55954193727441	0.00656791417691095	4.82340750569914	0.000288615009548442	-0.209983030966655	0.999918096269946	6.49402515277919	ovary12	1.46336549893462e-07	ovary12
ENSSSCG00000057979	4.19720600004115	0.0121024298573224	0	0	3.72292834323825	0.00969972013415597	4.66606101323788	0.000656981340702053	0	0	0	0	9.51713807455537	1.12402402657409e-05	0	0	9.14849581250113	1.81167682823598e-05	8.77364292116396	3.9753436936948e-05	8.70074948751145	7.752202629285e-05	0	0	2.9361262754632	0.0951554945180669	0	0	3.65463077454595	0.0145756273405007	3.23960110697912	0.0340318561254817	0	0	0	0	9.51713807455537	ovary03	0	endo06
ENSSSCG00000058051	0	0	0	0	0	0	0	0	0	0	0	0	-3.15248303067778	0.0175403485717486	-2.46454567792796	0.0790501577636591	-3.31044304258206	0.0103741689347769	-11.5677168220765	1.03192400468471e-08	-3.69059279668079	0.00243183096366799	-0.610351092187019	0.999898616998068	-5.15334793982474	0.000790803377914483	-5.8404910221832	0.000218499959265277	-6.66822375433474	7.12803134918893e-05	-1.53397767435678	0.571137978373466	-4.91216255773228	0.00127147294826485	-4.09633123992845	0.0281734002887148	11.5677168220765	ovary12	0	endo03
ENSSSCG00000058261	-3.22380389120928	0.0860225775174308	-4.59177964326103	0.00173204964319656	-9.56943989757125	1.10563417487789e-05	-5.36337895822158	0.000458116594819417	-2.55624145088757	0.100181643603014	-0.694110168507744	0.999963438149354	-2.18925381047648	0.21050154404704	-3.02266418124493	0.0364781722843268	-4.42132637640856	0.00336209572700637	-3.78530968539818	0.00567746944771426	-3.41467029877528	0.0109278011896926	-1.7515459445277	0.418630329399928	-3.81598968319632	0.00805999350454631	-3.2473715888324	0.0301710205243667	-5.29306848831429	0.000300960054626384	-5.23383701682554	0.000280514228127425	-1.59223912829668	0.78746698196049	-1.05187706122551	0.999918096269946	9.56943989757125	endo09	1.10563417487789e-05	endo09
ENSSSCG00000058266	0	0	0	0	1.04548954594448	0.90916109303282	0	0	0	0	0	0	0	0	0	0	0	0	0	0	8.11010611451163	2.39411891100484e-08	0	0	1.66671913573975	0.951350958559678	0	0	2.80516433533616	0.203668352325545	2.6724863258102	0.196071322551664	2.39515570948863	0.487288697509719	0	0	8.11010611451163	ovary15	0	endo03
ENSSSCG00000058302	4.50703923985992	0.00228591828364336	1.31542054506584	0.888157823861165	3.1033489323793	0.0258609705738578	6.63621891515197	3.53210440272255e-07	0.557845555834113	0.999107661984216	-1.45799938837232	0.999963438149354	0.751157104282219	0.999746826372654	2.84795482344483	0.0511138349977677	3.24288769638283	0.0189473470626414	2.75812136497502	0.0424511329787568	2.69668572012581	0.0547505587789389	0.146136691509043	0.999898616998068	3.93822755336856	0.00586319628121472	0.986516381832433	0.99998075372639	3.75122103901327	0.00905075218298679	3.98178686007939	0.00356819230154543	-1.12930842727266	0.999951635344029	0.101387791751486	0.999918096269946	6.63621891515197	endo12	3.53210440272255e-07	endo12
ENSSSCG00000058308	0.793857296566233	0.999970279305184	-0.492865279702809	0.999982221946195	0.186986002964916	0.999890466505892	1.35584951748832	0.54060619961521	1.293683646181	0.636722156532364	0.767587105959833	0.999963438149354	2.58016724374646	0.063811475850852	2.23466600248828	0.116165032594758	1.92101862108675	0.207751100210515	5.95885041668175	8.36470678831062e-07	-1.00523797070685	0.727529496271306	-0.315882684309169	0.999898616998068	0.869637974199878	0.999905160632868	1.70757148535684	0.575758391067468	1.48880540493774	0.696346753888447	3.38563821064487	0.00891707333390887	1.5314424467134	0.809758565010538	-0.526577068142883	0.999918096269946	5.95885041668175	ovary12	8.36470678831062e-07	ovary12
ENSSSCG00000058318	0	0	0	0	0	0	0	0	0	0	0	0	0	0	0	0	0	0	0	0	0	0	0	0	-9.95296764894972	5.03721181283481e-06	-10.0250283935143	3.04652702232604e-06	-9.97782245120301	3.99317738150478e-06	-5.90453559788422	0.000132654802549526	-10.0389095033258	4.41802756593914e-06	-1.10876283949502	0.999918096269946	10.0389095033258	ovid15	0	endo03
ENSSSCG00000058563	3.74144858534751	0.323431358132128	4.11024359426282	0.0606280682089759	0	0	7.7488383562501	8.26724727226968e-07	0	0	0	0	0	0	3.82271152919846	0.00950992795099923	3.85323877628801	0.0085418330416379	0	0	0	0	0	0	0.724931898206056	0.999905160632868	1.24479435154244	0.99998075372639	2.39997639599163	0.173205215583522	-2.12515078895373	0.334988907625504	-2.29746182572004	0.412406411363075	-0.259012503764873	0.999918096269946	7.7488383562501	endo12	0	endo09
ENSSSCG00000058610	-0.232407340367634	0.999970279305184	1.721766510227	0.481614646000734	3.43139945308083	0.00701665149604377	4.44200215354817	0.000330589334503868	5.55567448771255	1.44752483351397e-05	0.70277956295145	0.999963438149354	4.20878126520761	0.0008876506474388	1.72117333545113	0.329985067936529	1.62321445329862	0.375988607050529	2.67769410958163	0.0306947768343863	3.53001514821301	0.00327613826307226	1.2404668574872	0.75233732402741	1.13626240759434	0.999905160632868	-1.66052949637677	0.634951252964938	-0.84658640237934	0.999991240463336	0.629031562835499	0.999791955937091	-1.77439066470487	0.598713732197878	0.180738482568131	0.999918096269946	5.55567448771255	endo15	1.44752483351397e-05	endo15
ENSSSCG00000058706	-3.15024892177006	0.213900290104485	1.39412727531546	0.749268255475137	-3.06133588947507	0.068506410080529	-2.71980642034252	0.115187040004481	-3.55522574215333	0.0360927335025985	-0.38708147409532	0.999963438149354	0	0	6.67291997446468	6.66414453519623e-06	4.78023553631792	0.00259615769713578	7.34917916036614	3.62111648618564e-07	0	0	0	0	0	0	0	0	0	0	0	0	0	0	0	0	7.34917916036614	ovary12	0	ovary03
ENSSSCG00000058788	-0.152592959734538	0.999970279305184	-1.40884189325489	0.68694063353408	-1.72436850200506	0.297575076025826	-4.85128731414187	6.76274689823443e-05	-2.0555410420287	0.187349035869725	-1.60814757271244	0.999963438149354	-2.79619738396646	0.0359967421847811	-3.10535109817351	0.0141721354878021	-4.81432908230732	7.23024403473388e-05	-4.49132917696172	0.000129670441571019	-6.09208920859895	6.21677440848419e-07	-5.54006892704943	9.88218253402678e-06	-3.18266602798049	0.0188038292396108	-3.57920281725497	0.00718731574329969	-4.14059084094429	0.0012787753513103	-2.61164647274907	0.0659712645623159	-1.61203817917793	0.720276440447129	-0.244038318126315	0.999918096269946	6.09208920859895	ovary15	6.21677440848419e-07	ovary15
ENSSSCG00000058815	0	0	0	0	0	0	0	0	0	0	0	0	0	0	0	0	0	0	8.97351419237869	2.13515118407836e-05	0	0	0	0	0	0	0	0	0	0	0	0	0	0	0	0	8.97351419237869	ovary12	0	endo03
ENSSSCG00000058827	-1.47408588167774	0.999970279305184	0.793591102983354	0.999982221946195	4.66626033663433	0.000207859873050419	2.98995011845039	0.0278674193015752	-2.45676727798762	0.246807319546153	-2.64928827074298	0.557558191478787	1.66247356765602	0.487220014358066	3.79617515080443	0.00369892988918326	2.43277752191665	0.108404866915135	0.633577452354119	0.88454128016378	-2.90910432788297	0.145757950913958	-2.12707776787288	0.446786653284076	7.2429309011542	6.50071932595738e-07	2.71836504163164	0.263489559208143	3.60997948088847	0.0329770192740387	0	0	2.33887413448713	0.5230309712507	3.81863591695478	0.0756324864746165	7.2429309011542	ovid03	0	ovid12
ENSSSCG00000058944	0	0	12.9101855737187	6.58756166964787e-11	11.9300145106675	1.44356580641481e-09	0	0	0	0	0	0	0	0	0	0	0	0	0	0	0	0	0	0	9.11797417753073	9.83455883957455e-05	0	0	0	0	0	0	0	0	0	0	12.9101855737187	endo06	0	endo03
ENSSSCG00000059433	1.39976416267467	0.999970279305184	6.06432674902017	6.50266510339877e-06	7.25225178130466	8.88133252606237e-08	6.93883446833087	3.16773327950244e-07	2.29086186378194	0.260101770143795	0	0	0	0	0	0	0	0	0	0	0	0	0	0	2.1856758087683	0.306093180982559	1.82842458480878	0.579393181401053	2.78960163383433	0.0865255003518173	3.69931475014128	0.00619396770405317	0.992733857052805	0.999951635344029	-0.52095621288022	0.999918096269946	7.25225178130466	endo09	0	endo18
ENSSSCG00000059713	0	0	0	0	0	0	0	0	0	0	0	0	0.43075384365648	0.999746826372654	0	0	0	0	0	0	0	0	0	0	-7.0057981552869	3.74990360933279e-07	-9.01283321073647	9.62886515000085e-10	-9.88053525828558	2.09066619778684e-10	-8.8666051658949	1.09889574488005e-09	-6.08030176867959	5.12293585074798e-06	-2.00047232780471	0.70151699546321	9.88053525828558	ovid09	0	endo03
ENSSSCG00000059716	3.74144858534751	0.323431358132128	5.28335232345343	0.00322000084586835	4.26391678892727	0.0308250905171758	7.31099904795501	3.73159866614281e-06	0	0	0	0	0	0	9.18265317418693	2.55382307451662e-05	8.75849653698972	5.97299229935666e-05	0	0	0	0	0	0	1.54540310822481	0.795108105396945	1.5769120656077	0.791455833691261	3.13865984120851	0.0339728168058431	-0.0979342995393548	0.999791955937091	-0.974295208038159	0.999951635344029	-0.283911018127293	0.999918096269946	9.18265317418693	ovary06	0	endo15
ENSSSCG00000059721	0	0	0	0	0	0	0	0	0	0	0	0	0	0	0	0	0	0	0	0	10.6089347763223	1.21724473497921e-07	0	0	0	0	0	0	0	0	0	0	3.22391637303704	0.134366519464185	3.38345687533655	0.250180822988871	10.6089347763223	ovary15	0	endo03
ENSSSCG00000060025	-3.83412057468283	0.0210361775765387	-5.05201754243695	0.000393944836620936	-5.85094805671108	9.86388508489631e-05	-2.25418701488642	0.142361096497189	-2.2659977035032	0.154360242001146	1.42107932276961	0.999963438149354	-4.49373418258934	0.000334926841012496	-2.64646309370024	0.0447015540901783	-3.22275606480719	0.010072245063666	-3.19232844426507	0.00653476959910285	-5.05738914606285	2.20780125386526e-05	-6.28776466755547	9.58969266910478e-07	-2.47190147862533	0.129566338709242	-2.63785538078179	0.090748690538474	-2.12963480444304	0.2542336171178	-1.76906447525941	0.360776053023058	-1.46918982042287	0.849325186635198	-0.297322410317524	0.999918096269946	6.28776466755547	ovary18	9.58969266910478e-07	ovary18
ENSSSCG00000060097	1.08608674216196	0.999970279305184	0.434001603860861	0.999982221946195	0	0	0	0	1.15956814892976	0.835312286074985	0.888093270470596	0.999963438149354	0	0	0.755050235650852	0.956026383122017	1.6380789227532	0.505262007188098	0	0	5.93388667815545	4.13350583906974e-06	3.64655669930646	0.00992805243075998	0	0	1.11379151017103	0.99998075372639	0	0	0	0	0	0	1.33404440048091	0.999918096269946	5.93388667815545	ovary15	0	endo09
ENSSSCG00000060202	-5.320565493199	0.000865958767569797	-4.41407901165586	0.0012239346412578	-6.19114841312822	2.96820777767972e-05	-5.6053557759293	9.2931937579741e-05	1.43697732921256	0.513701340448255	2.87024901603604	0.0997087372153346	0	0	0	0	0	0	0	0	4.1059782534917	0.00355893715180575	1.70240386955993	0.701623946594139	-7.15431981171201	0.0137625235104138	2.47769365613864	0.191661647316443	1.76905872198618	0.573254133145823	-7.14782175988597	0.0108765403637569	3.86465219589348	0.00611080638021249	-3.03284750023115	0.591595280483171	7.15431981171201	ovid03	0	ovary03
ENSSSCG00000060319	-1.85840389304914	0.93933070190622	-3.36225642060439	0.0492195691222181	-4.1613498785205	0.0128868213694409	-2.86020824184387	0.0881071670990234	0.250951544218528	0.999107661984216	0.717027603434721	0.999963438149354	1.07927192231421	0.858424471644861	3.41309144526782	0.0107898406401658	4.17469092182599	0.00113675525475714	3.6357868807828	0.00337148063589146	5.96959125033554	1.76105976495589e-06	-1.3390589581418	0.835202813984395	-0.608383626550287	0.999905160632868	1.78786012753151	0.618361788363442	1.67761977522096	0.643796405363506	0.511308535062803	0.999791955937091	0.162492911151571	0.999951635344029	0.791949325282181	0.999918096269946	5.96959125033554	ovary15	1.76105976495589e-06	ovary15
ENSSSCG00000060492	0	0	4.26242111137448	0.0134825549246208	4.79814836032298	0.00241795105712446	3.30101876882916	0.0925336169915739	0	0	0	0	-5.13956443544448	0.00122235976731206	-4.1731135657631	0.00475975738833413	-9.17223219752865	6.56486909959268e-05	-9.2071143958958	3.20418720394289e-05	-2.69023257996303	0.0550113422941063	-5.37959133341097	0.000613624260943515	-3.2000395109165	0.195751301987059	-2.37801929504153	0.465372249668831	-1.72181451031869	0.783515635235925	-0.937724899003022	0.999791955937091	-1.11002800578468	0.999951635344029	-2.1581262982736	0.999918096269946	9.2071143958958	ovary12	0	endo03
ENSSSCG00000060584	4.76479992536274	0.012422166346602	4.43185082850773	0.00867798150894211	4.00697019919256	0.0191485029091654	7.6020996982089	2.62819867849424e-07	4.17751672458537	0.014072750514393	2.63315255351501	0.837773832762136	0	0	0	0	8.22234339276286	0.000319238440116926	7.74605169229552	0.000802987956525899	7.45399093044498	0.00252661501201261	6.88223460300644	0.0184102923341137	-0.794898337337668	0.999905160632868	0.142328064095234	0.99998075372639	-1.20174506530913	0.999991240463336	-0.254993785559062	0.999791955937091	-3.48690436954149	0.0765938180300402	0.0728716776332399	0.999918096269946	8.22234339276286	ovary09	0	ovary03
ENSSSCG00000060745	0	0	0	0	0	0	0	0	0	0	1.6747500101012	0.999963438149354	0	0	0	0	0	0	0	0	10.3943441803511	2.68559884837937e-07	0	0	-1.66450504778569	0.953949398090217	0	0	-0.417046172590469	0.999991240463336	-0.674892873722888	0.999791955937091	-1.82258822958523	0.975118908200646	-1.5780907342869	0.999918096269946	10.3943441803511	ovary15	0	endo03
ENSSSCG00000060795	0	0	2.9850205226804	0.118368282445229	2.3969753131922	0.239141687864659	0	0	0	0	0	0	-2.66454925167476	0.303035173795624	-0.140806342072304	0.999667845803702	-1.39787213867084	0.702239022766069	0.492554402041957	0.927232687340438	5.94072799044995	2.07803931229924e-06	3.89612342980337	0.00317364952334571	0	0	0.946635504225704	0.99998075372639	0.323230117921316	0.999991240463336	0	0	1.20363057885156	0.999951635344029	0.237284004682109	0.999918096269946	5.94072799044995	ovary15	0	endo03
ENSSSCG00000060874	0	0	0	0	0	0	0	0	7.05808783406468	0.0113332189685447	0	0	6.59727942234306	4.94958447698787e-07	6.23639443586866	1.59382623556763e-06	7.03275201827932	8.37444761180453e-08	7.34912105480306	1.61645176260783e-08	0.487840284200724	0.999560378701902	0.542413841123477	0.999898616998068	0	0	0	0	0	0	0	0	6.79012250602561	0.0470383759506427	0	0	7.34912105480306	ovary12	0	endo03
ENSSSCG00000060957	0	0	0	0	0	0	0	0	0	0	0	0	0	0	0	0	0	0	0	0	5.34858524901609	3.57637332764723e-05	2.48963606886665	0.177044112752452	0	0	0	0	0	0	0	0	0	0	0	0	5.34858524901609	ovary15	0	endo03
ENSSSCG00000060988	-0.576543366175717	0.999970279305184	-1.2686581468139	0.817248718985855	-3.17438308988906	0.0143854007386185	-4.4255095292657	0.000550124934264276	-1.77562440401265	0.32544863656635	-1.02573513840651	0.999963438149354	-2.56956293664091	0.0854900042603456	-3.55641139659538	0.00827141628540989	-3.47238175377903	0.0102243623684185	-6.0766546061886	2.85323432796398e-05	-3.19360162585301	0.0116023663597994	-1.47801858026295	0.575791334497276	-0.815288374209764	0.999905160632868	-1.30187785045608	0.92522107626306	-0.845107910603888	0.999991240463336	-0.666887066558391	0.999791955937091	0.117602644552504	0.999951635344029	-0.877042345535249	0.999918096269946	6.0766546061886	ovary12	2.85323432796398e-05	ovary12
ENSSSCG00000061081	-3.5926946198192	0.0157207192431746	-2.21702455492423	0.170331374629067	-2.6669029295928	0.0416963430651775	0.444462712849831	0.945111573063367	1.3128563607976	0.589317017030984	-0.717029433540532	0.999963438149354	-4.85275342493481	9.95943431439873e-05	-4.75816931156021	0.000106924289194296	-4.94584727319014	5.00556693749075e-05	-7.78005699940484	1.94153506653769e-09	-5.88157234169279	1.27307742166115e-06	-7.26080170993081	3.44257683972587e-08	-0.452120231369659	0.999905160632868	2.14714975452205	0.26961959030794	0.0835940710613233	0.999991240463336	2.09685684075434	0.20031626985985	-1.06688958503047	0.999951635344029	0.0197037513332856	0.999918096269946	7.78005699940484	ovary12	1.94153506653769e-09	ovary12
ENSSSCG00000061214	-1.4336240035004	0.999970279305184	-1.50587033393621	0.771505972217932	-3.73661473533597	0.0341039254120404	-0.13989567673726	0.99079852051814	0.301302172798059	0.999107661984216	-0.0584333654441075	0.999963438149354	0	0	-1.37935567295878	0.759799266489476	0	0	-0.369207404574427	0.95936557606757	5.52440808596237	1.13328260725381e-05	1.50068180264287	0.66882728465719	-0.588511273729027	0.999905160632868	-0.15552818681257	0.99998075372639	-0.359365517118879	0.999991240463336	0.661833677264162	0.999791955937091	0.180716909212587	0.999951635344029	0.383228611025309	0.999918096269946	5.52440808596237	ovary15	0	ovary03
ENSSSCG00000061450	0	0	0	0	0	0	6.2648404761324	0.000134090844524349	5.41359351121382	0.00225638546129648	0	0	0	0	0	0	0	0	9.17245263414891	1.0959096031227e-05	10.7196135808616	8.34677001907343e-08	0	0	0	0	0	0	0	0	3.82264154852805	0.0392704077137853	4.82063273676466	0.00498216225027871	0	0	10.7196135808616	ovary15	0	endo03
ENSSSCG00000061605	-0.696424959363916	0.999970279305184	-4.28796652564559	0.00064343484824194	-5.86379291434599	4.47933282441423e-06	-5.39825608461528	1.92048729136668e-05	-3.36617602814127	0.00858104410463645	1.21506624281676	0.999963438149354	0.255690714722085	0.999746826372654	0.246567865483244	0.999667845803702	-0.0237363850275215	0.999803500436176	-0.433471474731847	0.928766649803249	0.297166935453992	0.999560378701902	-0.0408388901134576	0.999898616998068	0.845549215522769	0.999905160632868	0.952377839208154	0.99998075372639	0.573114642255013	0.999991240463336	0.977440385746723	0.9447089981098	0.640086469585088	0.999951635344029	1.51854969507338	0.999918096269946	5.86379291434599	endo09	4.47933282441423e-06	endo09
ENSSSCG00000061608	-1.54232500072523	0.999970279305184	-1.018995026815	0.991223858300771	-2.42913861242264	0.0757443498275133	-4.66041934480184	0.0001515454779359	-2.81233229534352	0.0352545136318066	-2.48852319779294	0.243887596638189	-4.27498598720153	0.000636687471517585	-3.29408537206387	0.0089922652339311	-5.26929348267507	2.03901619413306e-05	-5.09443225439527	2.21055880230731e-05	-8.56342997128914	4.80578388606063e-10	-6.39669465237027	7.85345866373737e-07	-4.3611986312334	0.000690863945609084	-3.57851792339693	0.00733593514772405	-4.17939628282174	0.00119053808407313	-4.64152930563184	0.00021705379509064	-2.22654344233202	0.246535588041764	-1.39044524881564	0.999918096269946	8.56342997128914	ovary15	4.80578388606063e-10	ovary15
ENSSSCG00000061630	0	0	0	0	0	0	0	0	0	0	0	0	0	0	0	0	0	0	0	0	0	0	0	0	-2.49789450122255	0.18256683169165	-9.43469229714045	1.89234294759209e-05	-2.45287445814786	0.189553326617181	-1.69700301574996	0.477980335892778	-2.39758408754527	0.246535588041764	-1.11472539797439	0.999918096269946	9.43469229714045	ovid06	0	endo03
ENSSSCG00000061676	2.45294407458329	0.323431358132128	1.44765878623229	0.725812574763855	3.52798134970105	0.00604416156849621	6.22220769934907	8.26724727226968e-07	3.35330599783775	0.0113332189685447	1.30219294489638	0.999963438149354	0	0	0	0	0	0	0	0	0	0	0	0	0.302700769878986	0.999905160632868	0.572146844242468	0.99998075372639	0.814523829504041	0.999991240463336	0.123302771197688	0.999791955937091	-0.652792604065006	0.999951635344029	-0.534933751856031	0.999918096269946	6.22220769934907	endo12	0	ovary03
ENSSSCG00000061793	0	0	7.3374377294663	6.88104140943718e-07	3.95825367159027	0.0213361472468343	0	0	3.01361888349484	0.171447212329315	0	0	0	0	0	0	0	0	0	0	0	0	0	0	0	0	2.49398982138469	0.575758391067468	0	0	0	0	0	0	0	0	7.3374377294663	endo06	0	endo03
ENSSSCG00000061845	0	0	0	0	0	0	6.70768347649976	5.13863855777671e-06	0	0	0	0	0	0	0	0	0	0	0	0	0	0	0	0	-0.427985999698234	0.999905160632868	1.01936474353596	0.99998075372639	1.41294608581075	0.779664470025913	0.261618999273548	0.999791955937091	-4.96516682396207	0.00167180032395945	-1.0750410817296	0.999918096269946	6.70768347649976	endo12	0	endo03
ENSSSCG00000061957	-0.341611491412339	0.999970279305184	-2.39977654637567	0.142180735520052	-2.6787364032242	0.0553493403487986	-2.4878242268953	0.0856761104499748	-1.89642077624117	0.282404631740192	-1.46732656319063	0.999963438149354	-2.18178462428668	0.188277569242414	0.334285330042196	0.999667845803702	-0.256872978305471	0.986027298933155	-0.0146521127102591	0.997276558882134	1.07683716884434	0.686340263971706	5.18909751944566	3.42435639990594e-05	-0.988637328434612	0.999905160632868	0.750132100777282	0.99998075372639	0.953267709655253	0.999991240463336	1.24297567523563	0.812712378163619	2.25602415103647	0.298342771302988	-0.02292043946185	0.999918096269946	5.18909751944566	ovary18	3.42435639990594e-05	ovary18
ENSSSCG00000062462	0	0	0	0	0	0	9.20175552865318	2.05667644500798e-05	0	0	0	0	-6.92815433213434	0.0190427014025938	-2.74993984156184	0.225251170099032	-6.79050369516441	0.0262250081484879	-2.53375356411324	0.232438520346476	0.350347244974482	0.999560378701902	-7.04884564082639	0.0113576170310924	0	0	0	0	0	0	0	0	0	0	0	0	9.20175552865318	endo12	0	endo03
ENSSSCG00000062552	0	0	0	0	0	0	0	0	0	0	0	0	-3.28673366654457	0.0102626514693625	-2.83542416388615	0.0276541767526567	-2.79996877553791	0.0283110693679223	-1.54188717171138	0.324915002244111	-4.0643055414481	0.000579610915197939	-7.05278472146861	6.66269461387458e-08	-2.72769725168678	0.137380998275498	-2.48851955028887	0.21103696256281	-2.10388052170839	0.359120529814892	-2.45519612454308	0.158193961309825	-0.67063051486101	0.999951635344029	-3.14702657783302	0.193759733064585	7.05278472146861	ovary18	0	endo03
ENSSSCG00000062725	0	0	0	0	0	0	10.1791746452923	7.28042025482499e-07	0	0	0	0	0	0	0	0	0	0	8.53636094831593	1.81679971260995e-09	0	0	0	0	0	0	0	0	0	0	5.57310591953665	0.00152270842624006	0	0	0	0	10.1791746452923	endo12	0	endo03
ENSSSCG00000062751	0	0	0	0	0	0	0	0	0	0	0	0	0	0	0	0	0	0	0	0	9.07846074902144	2.20780125386526e-05	8.28960822536695	0.000696725560619911	0	0	0	0	0	0	0	0	0	0	0	0	9.07846074902144	ovary15	0	endo03
ENSSSCG00000062777	0	0	0	0	0	0	0	0	0	0	0	0	0	0	0	0	0	0	0	0	10.0090189441775	1.02767485074252e-06	0	0	0	0	0	0	0	0	0	0	0	0	0	0	10.0090189441775	ovary15	0	endo03
ENSSSCG00000062878	0	0	0.309810977317011	0.999982221946195	0	0	5.41714738573073	3.33204136419456e-05	0	0	0	0	0	0	0	0	0	0	4.14756006246913	0.00444542054670489	0	0	3.04451855177632	0.111586392842516	0	0	0.333627994565023	0.99998075372639	0.296697138756321	0.999991240463336	5.9622696213351	1.07758911859249e-05	0	0	0.29476182315886	0.999918096269946	5.9622696213351	ovid12	0	endo03
ENSSSCG00000063148	0	0	2.4469802399604	0.320999301445132	4.48212971195411	0.00194694259333565	5.86922167125013	2.23287884462455e-05	2.80848071262939	0.134909957810906	0	0	0	0	1.91744808741795	0.430790635982333	3.33599468766238	0.0289972794672381	2.29704591280278	0.194780246191056	2.27720333338177	0.218762582901948	3.91064689027013	0.00758954940400976	0	0	0	0	0	0	0	0	0	0	0	0	5.86922167125013	endo12	0	endo03
