genes,Min_FDR,Max_abs_logFC
ENSSSCG00000055799,1.44130075654502e-19,17.9879850769219
ENSSSCG00000010475,6.16083013695476e-17,12.7874696436285
ENSSSCG00000012071,1.61065933107614e-15,15.7161325354173
ENSSSCG00000014169,9.86383073496321e-14,14.6230787983212
ENSSSCG00000036059,1.13725936320247e-13,14.8353749409063
ENSSSCG00000007507,2.75332453249549e-13,14.6377007777673
ENSSSCG00000016159,4.42921936029808e-13,14.2435223187257
ENSSSCG00000025721,5.70433008060386e-13,11.1454104639042
ENSSSCG00000008563,5.70433008060386e-13,10.2279069204228
ENSSSCG00000004179,7.19694857034054e-13,10.352472596171
ENSSSCG00000032135,7.36376310450778e-13,14.1040326890361
ENSSSCG00000032857,7.36376310450778e-13,10.1751386556125
ENSSSCG00000008522,8.31798657325447e-13,10.6212970147514
ENSSSCG00000015895,1.33442708299709e-12,10.4449677432574
ENSSSCG00000006590,1.73336151762472e-12,10.1894052801934
ENSSSCG00000006106,1.91447079491839e-12,9.95153237153795
ENSSSCG00000054645,2.53256561592818e-12,10.628438060955
ENSSSCG00000050793,2.53256561592818e-12,9.54954589301282
ENSSSCG00000006588,3.36264480134922e-12,9.83416736785217
ENSSSCG00000002314,3.81154908153436e-12,10.3266720040621
ENSSSCG00000023032,4.15569483392398e-12,13.9252218093342
ENSSSCG00000040652,5.28055908440273e-12,13.784873607085
ENSSSCG00000005756,6.476700111653e-12,9.60297790204544
ENSSSCG00000014982,6.69973757901474e-12,10.0222439854328
ENSSSCG00000010428,1.09938378082624e-11,13.3846052716827
ENSSSCG00000033691,1.09938378082624e-11,9.57291058760638
ENSSSCG00000054868,1.29550910497904e-11,13.2033219400486
ENSSSCG00000003732,1.48372983905413e-11,9.33715431154441
ENSSSCG00000024689,1.6484626057953e-11,10.6673894971215
ENSSSCG00000028112,1.76022738215992e-11,9.73234966757558
ENSSSCG00000005216,1.76022738215992e-11,8.93638657265775
ENSSSCG00000001107,2.4176544784442e-11,13.2785741752972
ENSSSCG00000044108,2.78047496016412e-11,9.59558652044833
ENSSSCG00000017445,3.58070532013499e-11,12.9930569748262
ENSSSCG00000004195,3.58070532013499e-11,8.83149772679971
ENSSSCG00000008963,4.16830188434497e-11,9.18328402326571
ENSSSCG00000001841,5.20773502557033e-11,9.4558773013512
ENSSSCG00000028969,5.80131396720897e-11,8.70320717732696
ENSSSCG00000058944,6.58756166964787e-11,12.9101855737187
ENSSSCG00000009699,7.18401221703053e-11,8.64665450898464
ENSSSCG00000007221,8.43273301049504e-11,13.3368333581193
ENSSSCG00000041871,1.06092059046079e-10,12.7655766297184
ENSSSCG00000033834,1.06451000628474e-10,12.4781015944294
ENSSSCG00000027954,1.34378404381046e-10,8.57535522137588
ENSSSCG00000031345,1.45248943573836e-10,9.51621617342237
ENSSSCG00000006836,1.45248943573836e-10,8.46386283055308
ENSSSCG00000009219,1.45860325086566e-10,8.88451068246851
ENSSSCG00000022251,1.49361429806296e-10,11.846358127207
ENSSSCG00000008930,1.53533798306929e-10,12.5131002981013
ENSSSCG00000048033,1.61405835995147e-10,12.7825947689757
ENSSSCG00000017320,2.05041231060202e-10,9.54069740082157
ENSSSCG00000059713,2.09066619778684e-10,9.88053525828558
ENSSSCG00000004890,2.24720740656407e-10,9.8142545329879
ENSSSCG00000034015,2.24720740656407e-10,8.77636094147785
ENSSSCG00000010461,2.24720740656407e-10,8.5985621932031
ENSSSCG00000009444,2.92182973090873e-10,12.7884456855612
ENSSSCG00000012600,3.7614329919181e-10,9.65360998264262
ENSSSCG00000013337,3.80599207786462e-10,12.4991037277697
ENSSSCG00000037620,3.88157504865857e-10,12.3433394147594
ENSSSCG00000000647,4.52522365733992e-10,8.52477019915511
ENSSSCG00000014988,4.69226971945521e-10,10.6519936187234
ENSSSCG00000061608,4.80578388606063e-10,8.56342997128914
ENSSSCG00000007578,4.97162984131629e-10,12.3070581558299
ENSSSCG00000014198,6.09080449069934e-10,12.376774747499
ENSSSCG00000017144,6.12842166500256e-10,8.55255531513275
ENSSSCG00000044239,7.02586907093097e-10,12.2314228657213
ENSSSCG00000037735,7.72841992643305e-10,8.44052869735867
ENSSSCG00000001523,8.26649383380782e-10,12.3766106939863
ENSSSCG00000006243,8.32709568886214e-10,8.26734121701508
ENSSSCG00000013714,1.02732781581258e-09,8.84663832573974
ENSSSCG00000051666,1.06240293433643e-09,11.9394855810138
ENSSSCG00000000492,1.07413839942626e-09,8.18922940640845
ENSSSCG00000027266,1.11195756330816e-09,8.37221157919704
ENSSSCG00000008889,1.13807639852289e-09,8.51326273021271
ENSSSCG00000033383,1.18299340426497e-09,8.21408765658372
ENSSSCG00000013369,1.29926316812925e-09,8.68584784848689
ENSSSCG00000023289,1.32469702722639e-09,12.0606140325649
ENSSSCG00000035186,1.47768899844191e-09,12.2106403646505
ENSSSCG00000062725,1.81679971260995e-09,10.1791746452923
ENSSSCG00000013887,1.81679971260995e-09,8.33397864741632
ENSSSCG00000054768,1.81679971260995e-09,8.2753988302793
ENSSSCG00000061081,1.94153506653769e-09,7.78005699940484
ENSSSCG00000010190,1.98172706115373e-09,12.161373035534
ENSSSCG00000022258,2.01203120568534e-09,12.007710802593
ENSSSCG00000016218,2.02538464477705e-09,8.03594030788542
ENSSSCG00000034870,2.06821597246871e-09,8.35371258755635
ENSSSCG00000015356,2.31235263884856e-09,11.776646077088
ENSSSCG00000057522,2.33110483658178e-09,7.6460178175923
ENSSSCG00000010591,2.3741113233768e-09,7.58477113154888
ENSSSCG00000010325,2.75552561922257e-09,8.26318270292443
ENSSSCG00000016183,3.13932826203326e-09,8.41194344209638
ENSSSCG00000004181,3.30676627688797e-09,7.8781587359345
ENSSSCG00000009738,3.37772457706433e-09,8.95140312848827
ENSSSCG00000050351,3.40511874328121e-09,7.84271860388143
ENSSSCG00000029879,3.45187163951011e-09,9.03437293125655
ENSSSCG00000026849,3.54668372325758e-09,12.1534250583826
ENSSSCG00000047459,3.88134642063004e-09,11.9347616554536
ENSSSCG00000033815,3.99446312314812e-09,11.6129152486395
ENSSSCG00000003053,4.01950750217851e-09,8.938282210735
ENSSSCG00000003484,4.09230736634777e-09,11.8127550563131
ENSSSCG00000026156,4.18154882384611e-09,11.8899512827512
ENSSSCG00000033181,4.58783876991394e-09,11.6707038930059
ENSSSCG00000052947,4.75333737861452e-09,7.40130791835383
ENSSSCG00000017251,5.52324609015588e-09,11.8154727968264
ENSSSCG00000017262,5.91046037102707e-09,7.65209608693046
ENSSSCG00000035724,5.91046037102707e-09,7.50106797715604
ENSSSCG00000008953,6.53756524720327e-09,8.4637886659221
ENSSSCG00000026407,6.73707456414982e-09,7.6260226512603
ENSSSCG00000015655,7.20811922970014e-09,8.10326421728143
ENSSSCG00000022269,7.33973964627575e-09,11.4026829793399
ENSSSCG00000056685,7.34527431614992e-09,7.69548666190032
ENSSSCG00000005222,7.86443980591033e-09,7.51558643304628
ENSSSCG00000004678,8.39945555353415e-09,7.26713465014684
ENSSSCG00000024416,8.60560739194757e-09,7.87140155939338
ENSSSCG00000035760,9.2310355776094e-09,7.44229829871443
ENSSSCG00000052744,9.45757802665369e-09,7.64884566318125
ENSSSCG00000004839,9.9087647887058e-09,7.68592093928272
ENSSSCG00000058051,1.03192400468471e-08,11.5677168220765
ENSSSCG00000033806,1.05690251976382e-08,7.41404563011084
ENSSSCG00000039341,1.29962801533797e-08,8.59675674049526
ENSSSCG00000000211,1.29962801533797e-08,8.07984487655628
ENSSSCG00000028997,1.29962801533797e-08,7.70443406142601
ENSSSCG00000014257,1.32599938169992e-08,7.29176326317149
ENSSSCG00000006051,1.39146264356149e-08,7.33526361831157
ENSSSCG00000032797,1.40386090666158e-08,7.54291362476307
ENSSSCG00000014985,1.44223288814591e-08,8.46620963480814
ENSSSCG00000038929,1.49680764075681e-08,7.11285625794579
ENSSSCG00000048484,1.54297890659146e-08,11.7773709014529
ENSSSCG00000060874,1.61645176260783e-08,7.34912105480306
ENSSSCG00000005504,1.67479635467137e-08,8.24214400221641
ENSSSCG00000020927,1.68473919197778e-08,7.7853768018522
ENSSSCG00000035102,1.70078773171016e-08,7.91773466469988
ENSSSCG00000004679,1.93405518264968e-08,7.03506821983351
ENSSSCG00000008607,1.99797145035971e-08,8.16444446785371
ENSSSCG00000002450,2.08459503777852e-08,7.33606055217769
ENSSSCG00000028691,2.17703129869329e-08,8.52848576781123
ENSSSCG00000015342,2.29746932438196e-08,7.49704029860108
ENSSSCG00000005938,2.35792708692413e-08,11.3481828393319
ENSSSCG00000058266,2.39411891100484e-08,8.11010611451163
ENSSSCG00000013102,2.39411891100484e-08,7.179023927834
ENSSSCG00000039651,2.39411891100484e-08,7.11171120537447
ENSSSCG00000035347,2.60456268209483e-08,7.53961027430366
ENSSSCG00000015515,2.68114614749324e-08,11.3544813197706
ENSSSCG00000016239,2.77174379927075e-08,8.06456782923066
ENSSSCG00000015268,2.90304006698482e-08,7.19549174470971
ENSSSCG00000021204,2.97757537375731e-08,7.7178607318649
ENSSSCG00000027365,2.98365763725531e-08,7.21462789909136
ENSSSCG00000013976,3.01126289339801e-08,10.1038148436274
ENSSSCG00000039416,3.01126289339801e-08,7.17643334953902
ENSSSCG00000004874,3.06878243315338e-08,8.2622951809488
ENSSSCG00000011039,3.21849108194511e-08,11.1726491438428
ENSSSCG00000011904,3.21849108194511e-08,7.19080747581287
ENSSSCG00000027404,3.24537157236883e-08,7.17739710578305
ENSSSCG00000017923,3.24537157236883e-08,7.11007653087991
ENSSSCG00000002262,3.34302530566459e-08,7.6728724380482
ENSSSCG00000036851,3.52305686220932e-08,10.9670320923833
ENSSSCG00000031940,3.65668241313016e-08,7.39028496731282
ENSSSCG00000023852,3.67160976631624e-08,7.70956725156988
ENSSSCG00000008429,3.67160976631624e-08,6.83869846695246
ENSSSCG00000015049,3.76529190771622e-08,7.76511253987573
ENSSSCG00000039103,3.85844980213299e-08,10.9245290356919
ENSSSCG00000014091,3.87022625395798e-08,7.31698514837327
ENSSSCG00000021767,3.90816404306439e-08,7.65913029494878
ENSSSCG00000049557,4.35382867454741e-08,10.9935877566176
ENSSSCG00000008957,4.44478142493187e-08,11.2051594468186
ENSSSCG00000003599,4.46834122709694e-08,9.62506116661361
ENSSSCG00000009979,5.19406319601376e-08,11.2397832864485
ENSSSCG00000003753,5.38111734480139e-08,8.92155532799329
ENSSSCG00000017557,5.47500625611168e-08,7.9092974868228
ENSSSCG00000002777,5.6396408997171e-08,7.07280731212939
ENSSSCG00000031478,5.72222616087537e-08,11.1986161017851
ENSSSCG00000016555,5.73104410111135e-08,7.42553897959229
ENSSSCG00000022569,5.73683910068859e-08,6.94770548735339
ENSSSCG00000007995,6.02497339214179e-08,6.93644456540523
ENSSSCG00000031590,6.10357280441122e-08,7.01883689275227
ENSSSCG00000062552,6.66269461387458e-08,7.05278472146861
ENSSSCG00000001101,6.79962964821209e-08,11.0508297015264
ENSSSCG00000056178,6.94519910340738e-08,7.53377360221889
ENSSSCG00000057515,7.02633963841168e-08,10.9048623003034
ENSSSCG00000033493,7.409675984162e-08,6.96754809836133
ENSSSCG00000013378,7.46910225660115e-08,9.05286842199112
ENSSSCG00000035020,7.51469206367441e-08,10.9602167040636
ENSSSCG00000001726,7.52595358696227e-08,6.92614981233457
ENSSSCG00000001836,7.54327943009512e-08,7.05923932325526
ENSSSCG00000013835,7.55190086154845e-08,10.7477480885649
ENSSSCG00000008758,7.64539285657924e-08,6.96457073566303
ENSSSCG00000055762,8.19583534431685e-08,10.1174340434855
ENSSSCG00000061450,8.34677001907343e-08,10.7196135808616
ENSSSCG00000027320,8.47510863998245e-08,10.8134739202386
ENSSSCG00000011277,8.5578340381953e-08,7.88926485499868
ENSSSCG00000013934,8.5578340381953e-08,7.81875805626402
ENSSSCG00000059433,8.88133252606237e-08,7.25225178130466
ENSSSCG00000003080,9.03847573567334e-08,6.69337995038221
ENSSSCG00000010647,9.32395496818992e-08,7.19239802171213
ENSSSCG00000003894,9.36276511075458e-08,10.5917284545286
ENSSSCG00000020771,9.85706805813871e-08,8.2646083812489
ENSSSCG00000036907,9.96063298899429e-08,6.86630472321234
ENSSSCG00000024061,1.04893526134807e-07,7.70100173185969
ENSSSCG00000005203,1.09582813554474e-07,6.68542869108448
ENSSSCG00000003047,1.12570981083465e-07,8.48818200223279
ENSSSCG00000011837,1.15388939182815e-07,6.74356456970195
ENSSSCG00000034286,1.17607446809567e-07,10.8108056084325
ENSSSCG00000059721,1.21724473497921e-07,10.6089347763223
ENSSSCG00000010445,1.24249899284435e-07,7.04315386519104
ENSSSCG00000052907,1.24793441904332e-07,7.2810912535716
ENSSSCG00000024314,1.3822519167093e-07,8.70401336326348
ENSSSCG00000007130,1.39115987095252e-07,8.54657321506194
ENSSSCG00000045226,1.41045917965584e-07,10.5700710025053
ENSSSCG00000027654,1.43649102328345e-07,10.9000076348392
ENSSSCG00000014983,1.45740531851069e-07,10.5542275374518
ENSSSCG00000033183,1.45740531851069e-07,8.11961507311578
ENSSSCG00000057970,1.46336549893462e-07,6.49402515277919
ENSSSCG00000015636,1.50528161057825e-07,7.63768766653691
ENSSSCG00000048151,1.50949782934531e-07,10.7009028159265
ENSSSCG00000008824,1.53874342676734e-07,10.8410466698259
ENSSSCG00000029311,1.54869263145911e-07,10.6860385210333
ENSSSCG00000017717,1.55333507556141e-07,6.5472667965278
ENSSSCG00000016184,1.58949755210426e-07,7.13875945479937
ENSSSCG00000006464,1.63326589512683e-07,6.6180387271393
ENSSSCG00000004676,1.63326589512683e-07,6.49147454992722
ENSSSCG00000052429,1.82164776538833e-07,10.7203671796876
ENSSSCG00000014843,1.83057667574357e-07,7.36645676035747
ENSSSCG00000018073,1.84897022600046e-07,10.7789595631509
ENSSSCG00000039573,1.85213600850397e-07,6.5561196519732
ENSSSCG00000029990,1.88017134185614e-07,6.56103314644979
ENSSSCG00000007607,1.952958773285e-07,10.7615524826456
ENSSSCG00000002443,2.17711434796538e-07,6.38043362821356
ENSSSCG00000003483,2.18645307386862e-07,10.446773316635
ENSSSCG00000008564,2.189320766443e-07,10.3358116759844
ENSSSCG00000011851,2.28495332032026e-07,7.61977442957815
ENSSSCG00000001989,2.300703725377e-07,9.62310432595026
ENSSSCG00000036183,2.36285948336461e-07,9.19887041649699
ENSSSCG00000008634,2.41316940856729e-07,6.53509375173746
ENSSSCG00000011441,2.53333356029489e-07,7.30534085309786
ENSSSCG00000053630,2.54562749932691e-07,10.7562969724064
ENSSSCG00000012409,2.54562749932691e-07,6.52334371870551
ENSSSCG00000060584,2.62819867849424e-07,8.22234339276286
ENSSSCG00000060745,2.68559884837937e-07,10.3943441803511
ENSSSCG00000036943,2.77755004396196e-07,10.4730632035129
ENSSSCG00000034942,3.03114777833406e-07,6.3742841388147
ENSSSCG00000015662,3.04211651127564e-07,6.35379113648244
ENSSSCG00000040130,3.07233461112021e-07,10.3130085776581
ENSSSCG00000021227,3.07233461112021e-07,10.2281843918236
ENSSSCG00000036008,3.3637404239452e-07,7.578282698319
ENSSSCG00000004509,3.38952559057235e-07,6.42048659062222
ENSSSCG00000007164,3.44675601635971e-07,7.89501147734274
ENSSSCG00000058302,3.53210440272255e-07,6.63621891515197
ENSSSCG00000046471,3.59380633102688e-07,6.42098255545789
ENSSSCG00000058706,3.62111648618564e-07,7.34917916036614
ENSSSCG00000013248,3.74275887383035e-07,6.20407947154527
ENSSSCG00000005494,3.82096052758172e-07,6.18577621468244
ENSSSCG00000034062,3.85190404307065e-07,7.58046857034207
ENSSSCG00000009936,3.91258253152233e-07,10.591835683305
ENSSSCG00000008949,3.91258253152233e-07,10.3739667110664
ENSSSCG00000010753,3.91258253152233e-07,7.98011182165688
ENSSSCG00000014186,3.92160783649919e-07,10.1595303124766
ENSSSCG00000013015,3.93117258970855e-07,7.48725289562003
ENSSSCG00000006792,3.94977155541124e-07,10.6598940910082
ENSSSCG00000039344,3.96618200672438e-07,10.3797103844098
ENSSSCG00000016628,4.00694166522823e-07,6.59571683106034
ENSSSCG00000022948,4.07838187814493e-07,6.46676122794176
ENSSSCG00000008618,4.19710905594273e-07,7.60738457309862
ENSSSCG00000035018,4.20934711686006e-07,10.8123835814801
ENSSSCG00000039874,4.42521419888144e-07,6.8692275977896
ENSSSCG00000031904,4.5283579108826e-07,6.37364738556898
ENSSSCG00000001625,4.59103691388063e-07,6.56751914181713
ENSSSCG00000054186,4.81436815061156e-07,6.56499092783737
ENSSSCG00000003417,4.83972190577783e-07,10.8288867383849
ENSSSCG00000002479,4.9070930777526e-07,7.91580444957686
ENSSSCG00000003777,4.97884069745388e-07,6.3291943898188
ENSSSCG00000033702,5.14493726086223e-07,6.14245715339942
ENSSSCG00000017009,5.84977048331988e-07,10.5890968464577
ENSSSCG00000039101,6.01009312073748e-07,6.80082644469853
ENSSSCG00000029289,6.03125899168272e-07,10.4207371597409
ENSSSCG00000036538,6.05451251449587e-07,10.3707946672412
ENSSSCG00000003048,6.11528736976729e-07,10.4181777237221
ENSSSCG00000033780,6.13642531917984e-07,10.4133251134006
ENSSSCG00000004218,6.17185236164175e-07,6.77538241336277
ENSSSCG00000025597,6.21677440848419e-07,10.1632050442646
ENSSSCG00000058788,6.21677440848419e-07,6.09208920859895
ENSSSCG00000038521,6.28930646006443e-07,6.08027965357936
ENSSSCG00000000659,6.31024395962711e-07,6.94364766229791
ENSSSCG00000058827,6.50071932595738e-07,7.2429309011542
ENSSSCG00000004530,6.5444442933355e-07,6.22566377400216
ENSSSCG00000015334,6.62497485711938e-07,6.24467680515452
ENSSSCG00000004158,6.65029982145067e-07,7.71134490784002
ENSSSCG00000014977,6.69619966653926e-07,6.11220659865587
ENSSSCG00000010148,6.70155741983597e-07,6.20148942670949
ENSSSCG00000012835,6.78034308168594e-07,6.2118818664746
ENSSSCG00000039553,6.79456006362359e-07,6.55142693845529
ENSSSCG00000046140,6.80841773642087e-07,7.86768959144121
ENSSSCG00000061793,6.88104140943718e-07,7.3374377294663
ENSSSCG00000001736,6.95011857384771e-07,10.2005299969111
ENSSSCG00000027232,7.06789970665531e-07,6.36736528022896
ENSSSCG00000012254,7.09115883047907e-07,7.16475032350432
ENSSSCG00000030388,7.15297811679518e-07,6.06361915998705
ENSSSCG00000008769,7.19198833375834e-07,6.36085290456912
ENSSSCG00000024346,7.24999495860142e-07,6.89569263008008
ENSSSCG00000055617,7.35146452280442e-07,6.47354499942426
ENSSSCG00000001213,7.38123256337206e-07,6.83288155978054
ENSSSCG00000005106,7.52817946981771e-07,6.17656376783908
ENSSSCG00000054576,7.85345866373737e-07,10.5847671467369
ENSSSCG00000038182,7.87401358308364e-07,7.24290478130496
ENSSSCG00000000873,7.91880336784823e-07,6.23982075490026
ENSSSCG00000052717,8.12458264625492e-07,10.0771258252894
ENSSSCG00000032795,8.2508124270936e-07,6.09805858561779
ENSSSCG00000013462,8.26724727226968e-07,10.3319571845084
ENSSSCG00000033260,8.26724727226968e-07,10.3319571845084
ENSSSCG00000058563,8.26724727226968e-07,7.7488383562501
ENSSSCG00000061676,8.26724727226968e-07,6.22220769934907
ENSSSCG00000024476,8.26724727226968e-07,6.08737770094773
ENSSSCG00000058308,8.36470678831062e-07,5.95885041668175
ENSSSCG00000033922,8.37008188815547e-07,9.75566846132284
ENSSSCG00000056525,8.41430720408875e-07,6.18655436817288
ENSSSCG00000015363,8.41430720408875e-07,6.07198094935326
ENSSSCG00000010948,8.45716685261501e-07,6.13536264106173
ENSSSCG00000028376,8.59355133195362e-07,10.0547788799464
ENSSSCG00000014727,8.62951633733451e-07,7.31908459754784
ENSSSCG00000060025,9.58969266910478e-07,6.28776466755547
ENSSSCG00000004803,9.76818245772762e-07,8.01256520937871
ENSSSCG00000007224,9.7739918086504e-07,7.4837281622601
ENSSSCG00000004644,9.89607240953303e-07,6.95998062996745
ENSSSCG00000039252,9.92946798634919e-07,6.65349813367694
ENSSSCG00000011756,9.92946798634919e-07,6.51026689059844
ENSSSCG00000062777,1.02767485074252e-06,10.0090189441775
ENSSSCG00000040689,1.03899698299129e-06,7.04847756424962
ENSSSCG00000017797,1.0502230406827e-06,5.9073266774534
ENSSSCG00000004283,1.06146355394738e-06,9.7293827660301
ENSSSCG00000012490,1.07835792735576e-06,6.42091078239735
ENSSSCG00000010400,1.07835792735576e-06,5.88328430075352
ENSSSCG00000006149,1.08862615222196e-06,10.3086752856437
ENSSSCG00000029414,1.12879360370183e-06,6.22525169593156
ENSSSCG00000005742,1.14672426065939e-06,10.3816225503701
ENSSSCG00000045074,1.16252146226818e-06,9.97372058391506
ENSSSCG00000011241,1.1738136844129e-06,10.0687708816452
ENSSSCG00000006791,1.22847560209138e-06,6.12512943777589
ENSSSCG00000012668,1.27006300990921e-06,10.152971734995
ENSSSCG00000004157,1.28277592686397e-06,6.26693544109132
ENSSSCG00000016892,1.28376942838238e-06,6.11057307890683
ENSSSCG00000015272,1.28642301988993e-06,6.06765904030665
ENSSSCG00000007868,1.33225559219126e-06,6.04919161178867
ENSSSCG00000022721,1.39566593086013e-06,5.97568084903334
ENSSSCG00000008741,1.43351884167423e-06,7.24771116728415
ENSSSCG00000016182,1.47615805613263e-06,6.53111814048362
ENSSSCG00000024320,1.50553883564963e-06,10.2083120593402
ENSSSCG00000037207,1.53465326007796e-06,10.3784090103254
ENSSSCG00000001789,1.53465326007796e-06,9.90866629062141
ENSSSCG00000005474,1.5514183657371e-06,9.8569330777607
ENSSSCG00000037806,1.5582375806717e-06,10.2120730828328
ENSSSCG00000022405,1.5582375806717e-06,6.59955652122732
ENSSSCG00000009870,1.5736342427224e-06,6.21434246707593
ENSSSCG00000039557,1.61393865495081e-06,6.50239626532814
ENSSSCG00000042315,1.62199224968732e-06,6.49815277028419
ENSSSCG00000007691,1.62199224968732e-06,6.20146038641502
ENSSSCG00000010370,1.63868713598266e-06,5.84409016618119
ENSSSCG00000011322,1.65618502791805e-06,5.79946223264634
ENSSSCG00000028758,1.66325771699236e-06,10.1494523673235
ENSSSCG00000011793,1.68055804387801e-06,6.11703791559092
ENSSSCG00000022554,1.71699154232533e-06,7.17376859727367
ENSSSCG00000023261,1.72257095637906e-06,7.07845782766673
ENSSSCG00000060319,1.76105976495589e-06,5.96959125033554
ENSSSCG00000031955,1.78230454231755e-06,10.1240761300946
ENSSSCG00000004791,1.7882977622745e-06,5.77134210396965
ENSSSCG00000037416,1.7882977622745e-06,5.75639186838024
ENSSSCG00000004646,1.84060300324961e-06,5.99874535106422
ENSSSCG00000007847,1.84115610398907e-06,10.0971992591029
ENSSSCG00000016314,1.86467964969736e-06,9.82319962026042
ENSSSCG00000033251,1.86467964969736e-06,6.34274411996166
ENSSSCG00000014426,1.88614114858841e-06,6.86689257306078
ENSSSCG00000013236,1.95373780688939e-06,6.69188900130528
ENSSSCG00000015618,1.9872780312897e-06,5.95938221983593
ENSSSCG00000028671,1.99630692854096e-06,9.86827248825384
ENSSSCG00000035377,1.99854108518702e-06,9.95214364685858
ENSSSCG00000039854,1.99854108518702e-06,5.8814726747824
ENSSSCG00000057453,2.00294105177899e-06,10.4059456740482
ENSSSCG00000008449,2.01618852326227e-06,5.96160336139095
ENSSSCG00000039214,2.05661323189062e-06,7.42817227321359
ENSSSCG00000060795,2.07803931229924e-06,5.94072799044995
ENSSSCG00000007083,2.11345710575256e-06,6.89079705847694
ENSSSCG00000007486,2.1429515950663e-06,6.09234640197267
ENSSSCG00000007476,2.14741859656892e-06,10.0425412504657
ENSSSCG00000047187,2.14741859656892e-06,9.66048116522205
ENSSSCG00000017427,2.19970067834781e-06,6.14262672722257
ENSSSCG00000037358,2.22403398372227e-06,6.20769880367955
ENSSSCG00000002013,2.25217745253583e-06,5.85753665669384
ENSSSCG00000012650,2.28958093115102e-06,5.84268720766399
ENSSSCG00000016122,2.33371133555757e-06,6.98655252445278
ENSSSCG00000008976,2.37143211641102e-06,7.27270236099946
ENSSSCG00000012546,2.39521544200141e-06,10.0134228217651
ENSSSCG00000008134,2.43557507479109e-06,6.38529221854605
ENSSSCG00000028964,2.44796206652766e-06,5.83610280804304
ENSSSCG00000010610,2.45636951297687e-06,7.31054387200825
ENSSSCG00000008294,2.46410423869852e-06,5.66591677488933
ENSSSCG00000011524,2.53251820910803e-06,5.84615812666722
ENSSSCG00000015810,2.53627143736128e-06,6.04192927339373
ENSSSCG00000022919,2.58963241205506e-06,10.2048995459027
ENSSSCG00000029449,2.59998785570572e-06,9.98370455796218
ENSSSCG00000057692,2.61482660212226e-06,7.59226240084656
ENSSSCG00000000138,2.6270461969354e-06,10.0173265066738
ENSSSCG00000044295,2.71327856711573e-06,9.99565513181135
ENSSSCG00000016902,2.74704114661255e-06,6.04500575819992
ENSSSCG00000050073,2.76356271737152e-06,8.19964613285431
ENSSSCG00000009645,2.82427706963936e-06,5.61652177492146
ENSSSCG00000014833,2.89089929613922e-06,5.79034309563844
ENSSSCG00000006116,3.00002769181263e-06,5.74727078786665
ENSSSCG00000008888,3.02614696315503e-06,5.60665323559984
ENSSSCG00000058318,3.04652702232604e-06,10.0389095033258
ENSSSCG00000007978,3.05777582875997e-06,6.01932160666783
ENSSSCG00000022679,3.13069361519271e-06,5.81132656943364
ENSSSCG00000050380,3.15625409215646e-06,9.92236596351599
ENSSSCG00000012167,3.16907119619567e-06,6.00312000428805
ENSSSCG00000042539,3.18506547401296e-06,6.84344622538328
ENSSSCG00000001909,3.21087867907297e-06,5.73322331428225
ENSSSCG00000039855,3.21167482960184e-06,9.90831417578424
ENSSSCG00000010036,3.22376535159417e-06,5.70984030687587
ENSSSCG00000036274,3.27039472815304e-06,5.77068860752363
ENSSSCG00000056414,3.29620190367354e-06,9.65512514240317
ENSSSCG00000053703,3.29620190367354e-06,6.4483522095829
ENSSSCG00000004573,3.3258686898525e-06,5.87214776691593
ENSSSCG00000009517,3.36422477861275e-06,5.77921224518382
ENSSSCG00000014310,3.4159156702587e-06,6.03645083286391
ENSSSCG00000022309,3.51774986539302e-06,6.205649485316
ENSSSCG00000057883,3.51774986539302e-06,5.86910559134707
ENSSSCG00000031477,3.52919776557726e-06,6.1772961477839
ENSSSCG00000034358,3.6246915697324e-06,6.408291750784
ENSSSCG00000037028,3.62900804567948e-06,9.50314557051839
ENSSSCG00000031344,3.65059473213175e-06,9.87997507780577
ENSSSCG00000034731,3.66196410447457e-06,9.93134210827491
ENSSSCG00000059716,3.73159866614281e-06,9.18265317418693
ENSSSCG00000030303,3.80120899838569e-06,5.80646744335185
ENSSSCG00000001775,3.8388423369023e-06,6.24234423428747
ENSSSCG00000007702,3.89002546248221e-06,6.66635749447693
ENSSSCG00000010479,3.92458959971685e-06,5.80401584730736
ENSSSCG00000017359,3.95235229737483e-06,5.83421298429387
ENSSSCG00000002241,3.97209456838428e-06,5.95392278741959
ENSSSCG00000008054,3.99025267950765e-06,9.84734395198992
ENSSSCG00000035269,3.99317738150478e-06,7.04461543797942
ENSSSCG00000016957,4.03360259700112e-06,6.25449791193136
ENSSSCG00000013252,4.04273192885636e-06,7.18478849360987
ENSSSCG00000021585,4.09329914716175e-06,6.16848374269188
ENSSSCG00000005638,4.10748916951848e-06,5.70298394288349
ENSSSCG00000060097,4.13350583906974e-06,5.93388667815545
ENSSSCG00000008985,4.14529883050272e-06,9.69169847348815
ENSSSCG00000014256,4.14529883050272e-06,5.53546203653649
ENSSSCG00000012644,4.18060188169984e-06,6.80268904575222
ENSSSCG00000051849,4.21651761686365e-06,6.20032023111148
ENSSSCG00000055674,4.23169292153214e-06,9.79097222121475
ENSSSCG00000022951,4.24683180292398e-06,5.9213447091286
ENSSSCG00000011714,4.25931620694388e-06,5.51349622833638
ENSSSCG00000021534,4.29452864522311e-06,6.20985392138888
ENSSSCG00000009648,4.30290395897557e-06,9.88456655175937
ENSSSCG00000011936,4.36803252205671e-06,5.78697155134256
ENSSSCG00000061605,4.47933282441423e-06,5.86379291434599
ENSSSCG00000037541,4.62824888497717e-06,5.54974178905205
ENSSSCG00000040725,4.69762371766956e-06,6.17304683946944
ENSSSCG00000032094,4.93557811591331e-06,5.69798272498697
ENSSSCG00000030694,4.94609593110501e-06,6.46563775513458
ENSSSCG00000009855,5.0323544299048e-06,9.77978040753853
ENSSSCG00000051558,5.0323544299048e-06,9.77978040753853
ENSSSCG00000025795,5.0458951954547e-06,5.67784450166723
ENSSSCG00000061845,5.13863855777671e-06,6.70768347649976
ENSSSCG00000007436,5.19984552629781e-06,6.28329677073568
ENSSSCG00000015401,5.19984552629781e-06,5.74326500834515
ENSSSCG00000009485,5.30343907965598e-06,6.14806110265379
ENSSSCG00000026402,5.33541852957532e-06,9.51321152343108
ENSSSCG00000020864,5.36000282130329e-06,5.46848523459923
ENSSSCG00000048684,5.39660310067944e-06,9.85065711982522
ENSSSCG00000036883,5.41161452006138e-06,5.65862190187842
ENSSSCG00000009856,5.46699233602427e-06,8.72266361409601
ENSSSCG00000014725,5.5308519668804e-06,5.71632099939131
ENSSSCG00000006858,5.69098462472953e-06,6.54138584704439
ENSSSCG00000012607,5.70374403455346e-06,9.74477381778874
ENSSSCG00000029675,5.88802625843916e-06,5.6753206663579
ENSSSCG00000006141,5.90575329943328e-06,6.33182899795073
ENSSSCG00000036573,5.91595683042905e-06,8.50704570240679
ENSSSCG00000009667,5.98543867208096e-06,6.70998695139487
ENSSSCG00000026442,6.00278257818325e-06,9.88653827044267
ENSSSCG00000012833,6.02470173025332e-06,9.8208641911185
ENSSSCG00000000932,6.02470173025332e-06,9.80770343664312
ENSSSCG00000010336,6.10014303563557e-06,9.48170590551383
ENSSSCG00000057496,6.18607020239649e-06,5.66734824873506
ENSSSCG00000029515,6.19613691629652e-06,7.31430426372486
ENSSSCG00000013665,6.35855377025226e-06,8.64086754036467
ENSSSCG00000006148,6.37839828022171e-06,9.45518970208482
ENSSSCG00000015930,6.45094080828271e-06,5.54166073590811
ENSSSCG00000015320,6.48137719278355e-06,7.73042320229519
ENSSSCG00000006802,6.49114386684927e-06,5.79985068197184
ENSSSCG00000048959,6.50266510339877e-06,9.74063387697169
ENSSSCG00000031723,6.5245943000719e-06,9.44780661769794
ENSSSCG00000034000,6.5245943000719e-06,9.44780661769794
ENSSSCG00000030433,6.5245943000719e-06,7.028495497691
ENSSSCG00000010337,6.5245943000719e-06,5.89905818374911
ENSSSCG00000052449,6.5553719544151e-06,9.32652710517579
ENSSSCG00000007485,6.82708509236363e-06,5.49896727456302
ENSSSCG00000033514,6.93023096547892e-06,6.61463198222012
ENSSSCG00000006233,6.93335297208693e-06,5.59511388573628
ENSSSCG00000002827,6.97561052885084e-06,5.65904315854546
ENSSSCG00000015839,7.41994183890005e-06,5.38889392763294
ENSSSCG00000030998,7.42508384883108e-06,5.91088136337704
ENSSSCG00000039270,7.54335847725473e-06,5.7037812787217
ENSSSCG00000014117,7.62479601145947e-06,5.98966672718088
ENSSSCG00000009496,7.67415920129325e-06,6.0240173760416
ENSSSCG00000026886,7.89077090813717e-06,9.39541570919054
ENSSSCG00000035243,8.11951757586171e-06,5.50193361114649
ENSSSCG00000018758,8.18950872599043e-06,9.64704449186015
ENSSSCG00000028204,8.26010422599468e-06,5.68094072145783
ENSSSCG00000004521,8.2825244523826e-06,5.93940326825724
ENSSSCG00000008926,8.29529537868262e-06,9.66617033417346
ENSSSCG00000042589,8.29529537868262e-06,6.31040549552168
ENSSSCG00000056379,8.34178192754869e-06,5.53916829952967
ENSSSCG00000055095,8.49426788674124e-06,9.65288995304706
ENSSSCG00000038138,8.66465389543342e-06,5.44814718066953
ENSSSCG00000051499,8.70165794484762e-06,6.58785685631737
ENSSSCG00000013890,8.80841758772005e-06,9.6541788939749
ENSSSCG00000030300,8.80927700408868e-06,5.31628460651238
ENSSSCG00000005979,8.8377961070364e-06,5.45256196751701
ENSSSCG00000017249,8.84822858868693e-06,6.34211186843019
ENSSSCG00000037579,8.96108405944489e-06,9.2405087339682
ENSSSCG00000044226,9.14733922893724e-06,5.45689924273406
ENSSSCG00000040083,9.19448387510226e-06,9.60861897532921
ENSSSCG00000009237,9.31072760049598e-06,5.4713344118506
ENSSSCG00000007079,9.43426747720043e-06,6.52428622945459
ENSSSCG00000029443,9.54364385749764e-06,9.5955796220208
ENSSSCG00000040042,9.74679609562883e-06,9.66663554262463
ENSSSCG00000001560,9.88218253402678e-06,7.80178380691835
ENSSSCG00000053490,9.88218253402678e-06,5.90358167064736
ENSSSCG00000034639,9.88218253402678e-06,5.5476493909456
ENSSSCG00000028274,9.91252040745949e-06,9.5824213408371
ENSSSCG00000053150,1.02200609195255e-05,9.19549655950208
ENSSSCG00000013320,1.02287862479692e-05,9.56914194238588
ENSSSCG00000000240,1.05094456582207e-05,6.28491569521135
ENSSSCG00000041010,1.05812664609625e-05,6.50485181108288
ENSSSCG00000043194,1.06526446654739e-05,5.89326297320131
ENSSSCG00000062878,1.07758911859249e-05,5.9622696213351
ENSSSCG00000010023,1.0959096031227e-05,5.24396846437425
ENSSSCG00000014293,1.09597010630738e-05,5.41063259544216
ENSSSCG00000007848,1.10173270596782e-05,6.06125926234529
ENSSSCG00000058261,1.10563417487789e-05,9.56943989757125
ENSSSCG00000003954,1.10731190905602e-05,9.542210728722
ENSSSCG00000057979,1.12402402657409e-05,9.51713807455537
ENSSSCG00000023716,1.12402402657409e-05,5.5769461020115
ENSSSCG00000016792,1.12903375999938e-05,5.23042686592869
ENSSSCG00000061214,1.13328260725381e-05,5.52440808596237
ENSSSCG00000008937,1.14844569573613e-05,5.55921346058654
ENSSSCG00000013880,1.15413453189194e-05,6.35531375601163
ENSSSCG00000034866,1.15831808819364e-05,7.23185814430347
ENSSSCG00000056400,1.16101707176584e-05,6.4915690552304
ENSSSCG00000003073,1.16119187237787e-05,9.52855422035992
ENSSSCG00000013787,1.16451106383552e-05,6.3463872891571
ENSSSCG00000039888,1.18480647530411e-05,5.26039754081648
ENSSSCG00000003582,1.18480647530411e-05,5.23043034360753
ENSSSCG00000050458,1.20988081693663e-05,5.46239499906804
ENSSSCG00000038594,1.20988081693663e-05,5.45605912878168
ENSSSCG00000023467,1.22475375338767e-05,5.52023279062586
ENSSSCG00000047115,1.22561218798036e-05,9.26522170411148
ENSSSCG00000014876,1.23252740786834e-05,5.92448895634611
ENSSSCG00000013842,1.24822674838159e-05,6.32241720353979
ENSSSCG00000040843,1.25537146168515e-05,6.17256591258329
ENSSSCG00000037477,1.26019113352452e-05,6.36420746493107
ENSSSCG00000054096,1.2789695507013e-05,9.3468994664716
ENSSSCG00000011060,1.2789695507013e-05,5.83814194373293
ENSSSCG00000042264,1.30208286629924e-05,6.47179353569413
ENSSSCG00000057082,1.30231990530114e-05,8.44396950898559
ENSSSCG00000015726,1.33068761193027e-05,9.54015532040675
ENSSSCG00000003044,1.33901901035105e-05,5.69813965943328
ENSSSCG00000006138,1.34012765722434e-05,5.59003351812604
ENSSSCG00000012482,1.35894676802301e-05,6.69378891037416
ENSSSCG00000007836,1.36763578608347e-05,9.62837316975514
ENSSSCG00000016187,1.38334401672167e-05,9.32577527748974
ENSSSCG00000006316,1.38334401672167e-05,9.32577527748974
ENSSSCG00000054392,1.38881325448643e-05,9.22575846565213
ENSSSCG00000040464,1.39809916923304e-05,9.10102650114024
ENSSSCG00000006614,1.40122557050611e-05,5.32793657571933
ENSSSCG00000025996,1.40222166040808e-05,9.47259754623217
ENSSSCG00000011821,1.41652729952586e-05,5.30722819099832
ENSSSCG00000036011,1.41661097800018e-05,5.40963168254348
ENSSSCG00000057672,1.42476245845002e-05,5.73710463553823
ENSSSCG00000007603,1.43144583622525e-05,5.64562714826841
ENSSSCG00000009182,1.44752483351397e-05,9.55693202695889
ENSSSCG00000058610,1.44752483351397e-05,5.55567448771255
ENSSSCG00000038489,1.44752483351397e-05,5.48664045496495
ENSSSCG00000056997,1.47341752610336e-05,5.46017169558773
ENSSSCG00000039927,1.49574275364023e-05,9.20561452130861
ENSSSCG00000048042,1.57534454414913e-05,9.32377728815644
ENSSSCG00000031944,1.63952410255073e-05,6.36675711588542
ENSSSCG00000047552,1.64215031810586e-05,9.05136564533452
ENSSSCG00000002737,1.64215031810586e-05,9.05136564533452
ENSSSCG00000025523,1.64215031810586e-05,5.43178302190147
ENSSSCG00000003251,1.67279221759688e-05,5.52934261673357
ENSSSCG00000016878,1.68491481310669e-05,6.50074565405576
ENSSSCG00000009336,1.69879367986096e-05,6.92687913780602
ENSSSCG00000052787,1.70179696075259e-05,9.38934501548125
ENSSSCG00000027607,1.72570906026718e-05,5.40112170514248
ENSSSCG00000034114,1.74019470319431e-05,5.27762146871382
ENSSSCG00000025527,1.76694943504105e-05,5.95314329914216
ENSSSCG00000013148,1.7699015255416e-05,8.19092204501868
ENSSSCG00000016567,1.8173259015932e-05,5.38103945158013
ENSSSCG00000040208,1.82189250808562e-05,5.13041894816267
ENSSSCG00000017010,1.8376382517758e-05,6.42182363274436
ENSSSCG00000036622,1.84962724192314e-05,5.09270719522704
ENSSSCG00000036132,1.8526127995114e-05,5.4626821175497
ENSSSCG00000006719,1.8526127995114e-05,5.46170873856035
ENSSSCG00000039985,1.86727867967282e-05,5.411291794591
ENSSSCG00000005130,1.89056460711607e-05,9.45866351873146
ENSSSCG00000061630,1.89234294759209e-05,9.43469229714045
ENSSSCG00000044775,1.89234294759209e-05,6.13627136648598
ENSSSCG00000032282,1.8992178536646e-05,5.36582848576575
ENSSSCG00000008259,1.91264950089941e-05,5.41469961719483
ENSSSCG00000045883,1.91968032298609e-05,5.94376980260065
ENSSSCG00000002456,1.96225646091061e-05,5.30333524655507
ENSSSCG00000007859,1.99616456673667e-05,9.43209939039153
ENSSSCG00000040053,2.01101551242913e-05,6.18552273920557
ENSSSCG00000046640,2.01101551242913e-05,5.33012416551432
ENSSSCG00000005236,2.02707159400341e-05,9.33631435034389
ENSSSCG00000003744,2.03131646549308e-05,5.17765320450666
ENSSSCG00000046162,2.03901619413306e-05,9.56068329816059
ENSSSCG00000029037,2.03951410051102e-05,9.45107366796726
ENSSSCG00000062462,2.05667644500798e-05,9.20175552865318
ENSSSCG00000014047,2.07226209714603e-05,5.18153671501229
ENSSSCG00000037524,2.07559291061765e-05,6.17547750672493
ENSSSCG00000009543,2.09440735874004e-05,9.4338205099274
ENSSSCG00000014008,2.09440735874004e-05,9.42728589869275
ENSSSCG00000057707,2.09764346528517e-05,9.10044662125995
ENSSSCG00000058815,2.13515118407836e-05,8.97351419237869
ENSSSCG00000010273,2.13815089954387e-05,6.9700948450045
ENSSSCG00000015101,2.15028363956553e-05,9.53424646396239
ENSSSCG00000057664,2.17163818460922e-05,7.04907878720257
ENSSSCG00000006796,2.17692441379011e-05,9.45696952727908
ENSSSCG00000035421,2.18132187899077e-05,9.33814665799044
ENSSSCG00000012306,2.2012821231335e-05,9.40982402608845
ENSSSCG00000007538,2.20780125386526e-05,9.1797943255406
ENSSSCG00000062751,2.20780125386526e-05,9.07846074902144
ENSSSCG00000056251,2.20780125386526e-05,8.87353437586859
ENSSSCG00000013556,2.20780125386526e-05,5.27898710998064
ENSSSCG00000035195,2.20780125386526e-05,5.04441593382991
ENSSSCG00000063148,2.23287884462455e-05,5.86922167125013
ENSSSCG00000008155,2.25312722543639e-05,5.21869396625847
ENSSSCG00000023706,2.31668407461016e-05,5.55677727300927
ENSSSCG00000030088,2.32456927965716e-05,5.03092931105742
ENSSSCG00000040648,2.33805846331712e-05,5.10029103465982
ENSSSCG00000009434,2.34213524456267e-05,5.01327197080596
ENSSSCG00000017135,2.34358098013684e-05,5.28070851041366
ENSSSCG00000022649,2.34358098013684e-05,5.16721827046606
ENSSSCG00000010437,2.36778026985247e-05,5.1401144031445
ENSSSCG00000038160,2.39280706944835e-05,9.37425313972216
ENSSSCG00000028814,2.39418623873428e-05,5.14057751187912
ENSSSCG00000006238,2.39565057758532e-05,7.07105099297805
ENSSSCG00000005063,2.41122879935384e-05,9.3064873309996
ENSSSCG00000011850,2.44252255390521e-05,5.22302517743694
ENSSSCG00000005167,2.46082737349802e-05,7.59979847210807
ENSSSCG00000037013,2.51430893438545e-05,5.36895194015299
ENSSSCG00000012584,2.51634502688267e-05,5.50273956868583
ENSSSCG00000006264,2.51786584017288e-05,9.41635852183979
ENSSSCG00000015512,2.52544038173277e-05,6.12194483380571
ENSSSCG00000025413,2.52877971053196e-05,9.44819585026799
ENSSSCG00000003640,2.54811357167277e-05,9.43209939039153
ENSSSCG00000026146,2.55784864848165e-05,9.44856669691042
ENSSSCG00000022083,2.57321981160143e-05,5.5200195311247
ENSSSCG00000034740,2.57591393808433e-05,8.5840199188018
ENSSSCG00000030626,2.59331209507764e-05,5.11445982386912
ENSSSCG00000022728,2.6187383659234e-05,9.33778300410721
ENSSSCG00000000857,2.6187383659234e-05,5.55921532407895
ENSSSCG00000008090,2.65196215556674e-05,5.26310705912296
ENSSSCG00000004584,2.65701437598789e-05,5.29933589828622
ENSSSCG00000010607,2.65701437598789e-05,5.19148980854592
ENSSSCG00000036865,2.67455323284019e-05,5.12160845287191
ENSSSCG00000008348,2.69342656737449e-05,5.00295183354313
ENSSSCG00000008830,2.70431168942807e-05,5.09345362279566
ENSSSCG00000012883,2.7489133855273e-05,9.01041836701972
ENSSSCG00000021971,2.81753548861903e-05,5.6623258839836
ENSSSCG00000060988,2.85323432796398e-05,6.0766546061886
ENSSSCG00000011723,2.88280671554468e-05,5.22832244857831
ENSSSCG00000031851,2.88580029526591e-05,5.2574629496685
ENSSSCG00000016423,2.89143071310871e-05,9.24100496067829
ENSSSCG00000016979,2.9423260915931e-05,5.68274044701998
ENSSSCG00000040025,2.9423260915931e-05,5.42564512341917
ENSSSCG00000010701,2.95121351058787e-05,9.97611571266282
ENSSSCG00000060202,2.96820777767972e-05,6.19114841312822
ENSSSCG00000031367,2.98857545041456e-05,6.88517580687555
ENSSSCG00000024204,3.1889809317337e-05,5.20611648485501
ENSSSCG00000017187,3.20029615483019e-05,5.28647718595015
ENSSSCG00000060492,3.20418720394289e-05,9.2071143958958
ENSSSCG00000030271,3.23595794138603e-05,5.01088501625228
ENSSSCG00000007391,3.28829386887663e-05,5.47307921719205
ENSSSCG00000032643,3.30426639134877e-05,9.35437881938172
ENSSSCG00000001550,3.3067502485041e-05,5.19095500292893
ENSSSCG00000026790,3.33790261071415e-05,6.67932244194701
ENSSSCG00000030511,3.33790261071415e-05,5.09668834532193
ENSSSCG00000005136,3.33948230832436e-05,5.11710476238727
ENSSSCG00000036461,3.36472290295327e-05,7.60555876793952
ENSSSCG00000020986,3.36703026565013e-05,9.26195466331796
ENSSSCG00000004937,3.42435639990594e-05,5.23346318740303
ENSSSCG00000061957,3.42435639990594e-05,5.18909751944566
ENSSSCG00000009649,3.45573200936395e-05,6.29007632624892
ENSSSCG00000033333,3.53185173353635e-05,5.53080384811449
ENSSSCG00000015716,3.55051294843039e-05,5.59904630103184
ENSSSCG00000033919,3.56600858715968e-05,5.15840993282323
ENSSSCG00000060957,3.57637332764723e-05,5.34858524901609
ENSSSCG00000015405,3.57756117559787e-05,5.18867561002905
ENSSSCG00000013909,3.6003600836538e-05,9.17240851160513
ENSSSCG00000053050,3.6003600836538e-05,8.80394789279122
ENSSSCG00000000648,3.66523750652472e-05,5.01754803282038
ENSSSCG00000005699,3.67227543051979e-05,5.39173297964117
ENSSSCG00000036109,3.75231228072688e-05,9.17885725461246
ENSSSCG00000024495,3.75244832483209e-05,5.16512797749941
ENSSSCG00000006720,3.7863866308133e-05,5.16245068717175
ENSSSCG00000002639,3.91009287450407e-05,9.16039731350457
ENSSSCG00000009958,3.92415415319759e-05,6.28281656128195
ENSSSCG00000022163,3.9555089227432e-05,5.19880881349952
ENSSSCG00000031423,3.96222487617159e-05,5.04956623477231
ENSSSCG00000021902,3.98181731092463e-05,9.13684710979398
ENSSSCG00000024249,3.98181731092463e-05,9.13684710979398
ENSSSCG00000048443,4.01658638003528e-05,5.06138603212263
ENSSSCG00000009564,4.03780194664637e-05,9.14025494204196
ENSSSCG00000034102,4.07364535714632e-05,5.07574072092975
ENSSSCG00000013377,4.08762366520931e-05,5.39184874055921
ENSSSCG00000039825,4.11719449845676e-05,9.10224289781109
ENSSSCG00000013935,4.13394315969629e-05,8.85476179585945
ENSSSCG00000030033,4.14317320312332e-05,5.20579507093885
ENSSSCG00000041917,4.25529777365456e-05,9.02621253991264
ENSSSCG00000062035,4.33733666947208e-05,5.08983012727277
ENSSSCG00000010691,4.3373952375522e-05,8.97372610549346
ENSSSCG00000013594,4.41059404291514e-05,9.26041104756308
ENSSSCG00000033509,4.45940813493749e-05,5.23447515165098
ENSSSCG00000032561,4.49243573048951e-05,5.27908209241272
ENSSSCG00000001234,4.58229732293734e-05,9.27613965146195
ENSSSCG00000054117,4.72543041702403e-05,6.09972690029096
ENSSSCG00000006262,4.76109977051508e-05,9.25846637663872
ENSSSCG00000034610,4.76109977051508e-05,9.25846637663872
ENSSSCG00000049234,4.7674030003974e-05,6.09961455969571
ENSSSCG00000006693,4.7775961596409e-05,5.48221882466113
ENSSSCG00000058946,4.81503124730397e-05,8.9247647232453
ENSSSCG00000051948,4.8184442933921e-05,5.91451313025574
ENSSSCG00000000712,4.83964290973769e-05,5.51115729048011
ENSSSCG00000009580,4.92200287950108e-05,5.43297220908378
ENSSSCG00000029503,4.92945007060077e-05,9.1276094551922
ENSSSCG00000057578,4.95530250634029e-05,9.13724792632023
ENSSSCG00000002474,4.9582855602875e-05,5.39128194953957
ENSSSCG00000058863,4.99324634425835e-05,7.58046857034207
ENSSSCG00000062042,4.99324634425835e-05,6.19377127332381
ENSSSCG00000011802,5.03024602738657e-05,5.21507802654758
ENSSSCG00000028896,5.09513506532308e-05,6.07709261711111
ENSSSCG00000007219,5.09513506532308e-05,6.07709261711111
ENSSSCG00000000183,5.09609155038726e-05,5.16289221366733
ENSSSCG00000010044,5.12502045674783e-05,8.93260028789371
ENSSSCG00000007716,5.12502045674783e-05,8.93260028789371
ENSSSCG00000035077,5.14289360927735e-05,5.50547613796876
ENSSSCG00000035651,5.17852575099107e-05,5.77618067428043
ENSSSCG00000062278,5.24827961727649e-05,9.10827898438238
ENSSSCG00000036983,5.24827961727649e-05,5.3214877830211
ENSSSCG00000041649,5.2868407578173e-05,8.67871042772155
ENSSSCG00000046312,5.2868407578173e-05,8.67871042772155
ENSSSCG00000035554,5.28841621311137e-05,5.20089653165443
ENSSSCG00000034345,5.30897694830992e-05,5.18005240979164
ENSSSCG00000035667,5.33726650999996e-05,5.87977750454026
ENSSSCG00000015476,5.37561096374916e-05,5.64688000043365
ENSSSCG00000039445,5.72365077399924e-05,6.49992479067529
ENSSSCG00000013869,5.73455236730764e-05,5.28704427087269
ENSSSCG00000032509,5.75645655305883e-05,5.05146272076898
ENSSSCG00000012310,5.85291502380942e-05,5.14010427975187
ENSSSCG00000034044,5.85554630356995e-05,5.03619795103741
ENSSSCG00000004280,5.87635266881748e-05,5.64747663098129
ENSSSCG00000045353,5.95644734810899e-05,9.18958670871001
ENSSSCG00000006043,5.96534714823501e-05,8.78461747824927
ENSSSCG00000029441,6.00625261135271e-05,9.10872082977021
ENSSSCG00000012347,6.02203739752656e-05,5.4577932089281
ENSSSCG00000008118,6.02917581184254e-05,6.36967458777936
ENSSSCG00000059785,6.03844348170868e-05,9.07227114205016
ENSSSCG00000059381,6.05517960214638e-05,5.2370777714686
ENSSSCG00000002749,6.05517960214638e-05,5.13199465962771
ENSSSCG00000026537,6.10645287372253e-05,6.22136524990434
ENSSSCG00000009927,6.11695792463653e-05,5.01030558755347
ENSSSCG00000039704,6.14329923702736e-05,5.25813748316276
ENSSSCG00000057223,6.18979532381671e-05,9.16759841381051
ENSSSCG00000043631,6.18979532381671e-05,9.10656059889417
ENSSSCG00000054680,6.18979532381671e-05,9.10656059889417
ENSSSCG00000017998,6.30217708023584e-05,8.98512874038265
ENSSSCG00000007703,6.42264416824904e-05,9.07519444404196
ENSSSCG00000004361,6.49662385091294e-05,5.57632559806908
ENSSSCG00000062270,6.50190783913301e-05,8.61176387193907
ENSSSCG00000015717,6.55318425045534e-05,5.42632853423302
ENSSSCG00000009497,6.61121549074755e-05,5.55268310225734
ENSSSCG00000018072,6.68537706335505e-05,8.96499095590745
ENSSSCG00000060833,6.68537706335505e-05,8.96499095590745
ENSSSCG00000013067,6.70232755707238e-05,9.14526979902085
ENSSSCG00000053438,6.76274689823443e-05,5.20978208378741
ENSSSCG00000003307,6.82759006193007e-05,5.38574439876468
ENSSSCG00000006382,6.82962076591332e-05,5.12381317699206
ENSSSCG00000020992,6.90492259233719e-05,9.03846215707478
ENSSSCG00000033207,6.91592851184048e-05,5.94981848618424
ENSSSCG00000010047,6.9345483667088e-05,8.83429313096932
ENSSSCG00000021132,6.93743860077954e-05,5.95390326982902
ENSSSCG00000001441,6.99138694418658e-05,9.3800980632817
ENSSSCG00000043216,7.01580274429466e-05,8.48698498247532
ENSSSCG00000041979,7.10110058318886e-05,5.37650775021984
ENSSSCG00000047517,7.14190469698191e-05,8.7292506523736
ENSSSCG00000016617,7.2168775633771e-05,8.57708839896001
ENSSSCG00000054590,7.2168775633771e-05,8.57708839896001
ENSSSCG00000007527,7.25369749482722e-05,5.36656294355277
ENSSSCG00000014987,7.26117380922814e-05,5.09924063769726
ENSSSCG00000001582,7.49152965692654e-05,5.65932366336993
ENSSSCG00000006457,7.53045683073321e-05,5.0346953336806
ENSSSCG00000017883,7.5808151540663e-05,8.92385197125202
ENSSSCG00000045657,7.5889511556094e-05,5.10699188501609
ENSSSCG00000035429,7.76308262645747e-05,5.95888635243123
ENSSSCG00000052276,7.79564231451016e-05,5.78416919592096
ENSSSCG00000017448,7.81800797083462e-05,8.80043386079073
ENSSSCG00000058517,7.94141647788366e-05,8.90283403867133
ENSSSCG00000017909,7.94141647788366e-05,8.90283403867133
ENSSSCG00000030901,8.07477993785386e-05,8.98081639925237
ENSSSCG00000050854,8.07477993785386e-05,8.98081639925237
ENSSSCG00000034260,8.13476785321835e-05,6.04082383405333
ENSSSCG00000029231,8.15714825299575e-05,5.24691107174221
ENSSSCG00000006456,8.26336641928391e-05,5.14391943925187
ENSSSCG00000037554,8.36633811995331e-05,6.02107792395136
ENSSSCG00000022274,8.3966827257108e-05,8.67167390077723
ENSSSCG00000013333,8.48628816013832e-05,7.72607458210337
ENSSSCG00000058078,8.50631861236056e-05,5.02258477251939
ENSSSCG00000060759,8.61234743125414e-05,5.1427127721925
ENSSSCG00000055590,8.62258621489537e-05,8.96647108100912
ENSSSCG00000015253,8.94564109214536e-05,6.01342664842785
ENSSSCG00000043782,8.98210602006136e-05,5.49555413173049
ENSSSCG00000007528,8.99795941713834e-05,5.65714132584863
ENSSSCG00000053919,9.2931937579741e-05,5.6053557759293
ENSSSCG00000062740,9.32253017549485e-05,5.24162474337375
ENSSSCG00000006034,9.50369816390106e-05,5.42624009081827
ENSSSCG00000012712,9.64843519770259e-05,5.43068023099841
ENSSSCG00000031111,9.66438189310389e-05,5.97049737977787
ENSSSCG00000051026,9.70807267280655e-05,8.64884275848158
ENSSSCG00000036961,9.82206210534005e-05,5.40490550240113
ENSSSCG00000061804,9.85234182107359e-05,5.08936936615348
ENSSSCG00000010444,9.88519074233808e-05,5.27309194670145
ENSSSCG00000013340,9.95557404101224e-05,8.70683021422053
ENSSSCG00000007007,9.95557404101224e-05,5.70257816604291
ENSSSCG00000010480,0.000100738712288662,5.83391660825164
ENSSSCG00000055955,0.000101652736799363,8.76844299716622
ENSSSCG00000044059,0.000101943170164797,5.01909663250665
ENSSSCG00000044134,0.000102176288861857,8.88965320997531
ENSSSCG00000002720,0.000103052872187554,5.37662067945883
ENSSSCG00000035689,0.000103504188358018,8.7149020825932
ENSSSCG00000017295,0.000104000566324482,8.873876933719
ENSSSCG00000055921,0.000104747679270508,8.8155595649808
ENSSSCG00000034503,0.000105052044933764,8.82269736522273
ENSSSCG00000063044,0.000105306827629238,5.50314634506909
ENSSSCG00000052099,0.000108265649603028,8.67992831022739
ENSSSCG00000043234,0.000109086512391951,8.58075672423838
ENSSSCG00000061787,0.000109086512391951,8.58075672423838
ENSSSCG00000006455,0.000109300580395128,8.88609198740856
ENSSSCG00000034474,0.000109300580395128,8.88609198740856
ENSSSCG00000010800,0.000109837935268537,5.00083404340185
ENSSSCG00000002399,0.000111836286114601,8.82402566706061
ENSSSCG00000023472,0.000112689646423998,8.95718154018542
ENSSSCG00000044019,0.000112719219136813,8.79289031360882
ENSSSCG00000004074,0.000113473663640045,8.42939808919317
ENSSSCG00000024492,0.000113506857473954,5.0069287790047
ENSSSCG00000056769,0.000113629271648097,8.68522626711969
ENSSSCG00000008838,0.000114455806762711,5.224638727405
ENSSSCG00000050281,0.000114658563754315,6.35955747634395
ENSSSCG00000030461,0.000117151731312005,8.96354575362067
ENSSSCG00000036064,0.000117598392991896,5.18935673777433
ENSSSCG00000062660,0.000119218317993708,8.86061134532648
ENSSSCG00000022140,0.00012007093595374,5.64550234727137
ENSSSCG00000061653,0.000120567715449811,8.71086252729072
ENSSSCG00000052177,0.00012140915446513,5.23008479577678
ENSSSCG00000026260,0.000124937311921526,5.65786367346993
ENSSSCG00000055461,0.000125946353117852,8.65492718596231
ENSSSCG00000006125,0.00012602683120069,5.60994202446016
ENSSSCG00000040637,0.000127251969667564,5.24876741474204
ENSSSCG00000013571,0.00012804382792933,8.38998596427605
ENSSSCG00000052146,0.00012804382792933,8.38998596427605
ENSSSCG00000006099,0.00012804382792933,5.00358685158625
ENSSSCG00000011078,0.000128126834275413,8.74645437130072
ENSSSCG00000006820,0.000128514124623476,9.29154789637621
ENSSSCG00000016256,0.000131697302760107,8.79604525527554
ENSSSCG00000007029,0.000136282295761133,8.80632602409578
ENSSSCG00000061335,0.000136708568440861,8.99171923558021
ENSSSCG00000024227,0.000136954491267913,8.72266361409601
ENSSSCG00000054930,0.000136954491267913,8.72266361409601
ENSSSCG00000005131,0.000139242289954904,8.59607509052369
ENSSSCG00000047156,0.000140533917959248,8.3494668511095
ENSSSCG00000008834,0.000140533917959248,5.56692292552357
ENSSSCG00000039025,0.000142439970728772,5.17825144231618
ENSSSCG00000017439,0.000144426699420322,8.84007055561003
ENSSSCG00000055280,0.000144426699420322,8.78213309713545
ENSSSCG00000007112,0.00014727665922905,8.48372238173968
ENSSSCG00000057615,0.000148702064862374,8.97069658669864
ENSSSCG00000029295,0.000151698186400145,8.59235049589119
ENSSSCG00000063006,0.000154560866325836,8.86153090470732
ENSSSCG00000007917,0.000155440711462812,8.75752754343526
ENSSSCG00000057901,0.000156181986173242,5.69002653054616
ENSSSCG00000004041,0.000156517849100749,8.77753117717885
ENSSSCG00000053444,0.000156517849100749,8.77753117717885
ENSSSCG00000054181,0.000156863295286591,5.849758703598
ENSSSCG00000000653,0.000158383888793797,5.14769356359026
ENSSSCG00000038110,0.000159850032303813,5.6934598256727
ENSSSCG00000042458,0.000160721220955115,8.48525195913426
ENSSSCG00000024347,0.000160721220955115,8.30777676306586
ENSSSCG00000038107,0.000160982160757981,5.08059912752428
ENSSSCG00000024977,0.000161087411125677,6.20590609401729
ENSSSCG00000023090,0.000162109144135729,5.52257737663209
ENSSSCG00000014861,0.000162199222730914,7.31076140149842
ENSSSCG00000045406,0.000162238529332217,5.83717196549354
ENSSSCG00000058221,0.000162238529332217,5.23298244438443
ENSSSCG00000036545,0.000162458388890679,8.75101291322629
ENSSSCG00000053280,0.000162579001425885,5.16685759365256
ENSSSCG00000052237,0.000163526229449194,8.55187399958187
ENSSSCG00000007816,0.000166639443234486,8.78983921072398
ENSSSCG00000053718,0.000166744222560856,8.64884275848158
ENSSSCG00000025784,0.000166744222560856,5.51127468380913
ENSSSCG00000016064,0.000167823874511322,5.12958968721319
ENSSSCG00000031290,0.000170012067250777,5.1263389674885
ENSSSCG00000057502,0.0001729526952628,5.64911324200226
ENSSSCG00000017589,0.000174375106800753,5.38807052602654
ENSSSCG00000046947,0.000176550419889724,5.659008326653
ENSSSCG00000037452,0.000177695970630894,5.02081784746893
ENSSSCG00000053277,0.000178104644129384,8.7737171475063
ENSSSCG00000006497,0.000180001012621469,5.04487644687693
ENSSSCG00000051187,0.000180129859908777,8.72702251237206
ENSSSCG00000038066,0.000180129859908777,8.62337184874497
ENSSSCG00000006933,0.000181021477679277,8.26484600010833
ENSSSCG00000060151,0.000181918971864401,5.99790795645228
ENSSSCG00000012049,0.000186109145335057,8.66393545263356
ENSSSCG00000033256,0.000187258226046594,8.69456332075718
ENSSSCG00000052062,0.000188878741261642,7.83559465593674
ENSSSCG00000057140,0.0001923499755459,8.55597550472108
ENSSSCG00000021265,0.000192656616750173,5.83665418631838
ENSSSCG00000047976,0.000194678114612827,8.68108807580644
ENSSSCG00000061444,0.000194678114612827,8.68108807580644
ENSSSCG00000040453,0.000195699233363096,5.4920761372022
ENSSSCG00000027678,0.000196284590754527,5.62371395852212
ENSSSCG00000045878,0.000198706235004157,5.9978761076039
ENSSSCG00000009354,0.000202315647990223,5.19096939134956
ENSSSCG00000056093,0.000205011896736652,8.6654880380758
ENSSSCG00000055046,0.000205011896736652,5.74584898458022
ENSSSCG00000045580,0.000205121257603585,8.22059844766407
ENSSSCG00000003778,0.000206017400239238,8.57103991559035
ENSSSCG00000009232,0.000208564769891414,8.65468095276741
ENSSSCG00000040146,0.000209264443014258,5.20754638790505
ENSSSCG00000022490,0.000211670204793928,5.68993616015042
ENSSSCG00000051213,0.000212377961761831,5.74000782565701
ENSSSCG00000055976,0.000215764185759344,5.45933102804131
ENSSSCG00000035935,0.000216262465065024,5.1165905710185
ENSSSCG00000017522,0.000217935629709551,8.64086754036467
ENSSSCG00000031800,0.000217935629709551,5.0079868275591
ENSSSCG00000006328,0.000219749934135136,8.64778075093654
ENSSSCG00000033307,0.000219749934135136,8.54414444075388
ENSSSCG00000053859,0.000222178150010852,8.6387360967584
ENSSSCG00000025869,0.000222699453907623,7.76250014547346
ENSSSCG00000017172,0.000222699453907623,5.15028539799592
ENSSSCG00000013092,0.000227685500901524,8.90711713984045
ENSSSCG00000015126,0.000228601457174001,6.14930971537995
ENSSSCG00000048195,0.000236886899411956,8.41215881944114
ENSSSCG00000060350,0.000236886899411956,8.41215881944114
ENSSSCG00000044512,0.000237438769083411,8.48904383392348
ENSSSCG00000009100,0.000237484554322186,5.61868034166325
ENSSSCG00000039273,0.000238311094323854,8.64442391054133
ENSSSCG00000036331,0.000238965422437021,8.57669489970467
ENSSSCG00000054571,0.000240631383782791,8.51673802613614
ENSSSCG00000026985,0.000242208859979277,8.60843945758663
ENSSSCG00000055991,0.000245866522196564,6.07994916558972
ENSSSCG00000016733,0.000246431957286111,5.38072416896653
ENSSSCG00000033580,0.000247792098384794,8.66705548038134
ENSSSCG00000020859,0.0002481106050974,5.8226376409556
ENSSSCG00000001458,0.000250258175187333,8.00504649300497
ENSSSCG00000017459,0.000251110851234083,5.34123264593878
ENSSSCG00000059385,0.000263096718933687,8.54640164438617
ENSSSCG00000034528,0.000265928846165065,9.06062267444273
ENSSSCG00000044923,0.000265928846165065,8.57457185280598
ENSSSCG00000056910,0.000265956202472215,5.01404946008396
ENSSSCG00000008140,0.000267505999273286,8.12781143808028
ENSSSCG00000063166,0.000267505999273286,8.12781143808028
ENSSSCG00000050773,0.000267505999273286,8.12781143808028
ENSSSCG00000009977,0.00027309988593881,5.05562946746196
ENSSSCG00000004357,0.00027372867947077,8.63034658289858
ENSSSCG00000009646,0.000274061157594005,8.62433891300593
ENSSSCG00000049044,0.000277432441147493,8.26756438014164
ENSSSCG00000039758,0.000277432441147493,8.26756438014164
ENSSSCG00000015741,0.00028094399691711,8.46031204733368
ENSSSCG00000053614,0.00028094399691711,8.46031204733368
ENSSSCG00000052552,0.000282025353208352,6.02022693704557
ENSSSCG00000027845,0.000283464776388226,5.52269356461065
ENSSSCG00000036078,0.000287047945345443,8.68780529437455
ENSSSCG00000061098,0.000289364365645977,5.3289518248949
ENSSSCG00000053430,0.000293242418314928,8.59200052070134
ENSSSCG00000057215,0.000293242418314928,8.59200052070134
ENSSSCG00000014912,0.000303087811098968,8.47564277375737
ENSSSCG00000010252,0.000303687134123212,5.20046315844641
ENSSSCG00000054611,0.00030592488542805,8.52795193787244
ENSSSCG00000032374,0.00030721507541897,8.70380192368994
ENSSSCG00000021645,0.000307284246942576,8.64778075093654
ENSSSCG00000056318,0.000308023948465225,8.07907967976195
ENSSSCG00000000253,0.000308724538887669,5.30419934242594
ENSSSCG00000031700,0.000313627559257747,8.60185024226934
ENSSSCG00000038616,0.00031436458812563,8.22816605315093
ENSSSCG00000023737,0.00031436458812563,5.33849015488058
ENSSSCG00000038667,0.000315238031675361,8.58154288814795
ENSSSCG00000049585,0.000318035414757427,8.3491132960005
ENSSSCG00000054376,0.000318140870748255,8.51061351308727
ENSSSCG00000063035,0.000319238440116926,8.22234339276286
ENSSSCG00000029419,0.000326603099741231,8.40158901756099
ENSSSCG00000053480,0.000326603099741231,8.40158901756099
ENSSSCG00000017170,0.000326603099741231,8.40158901756099
ENSSSCG00000002552,0.000326603099741231,8.40158901756099
ENSSSCG00000046762,0.000326603099741231,5.28393965042878
ENSSSCG00000038924,0.000331116945400542,8.6203691847703
ENSSSCG00000053328,0.000333916348260492,8.49828601834295
ENSSSCG00000008702,0.000335054419305426,5.07185879550695
ENSSSCG00000002980,0.000338567659068025,5.50560960398642
ENSSSCG00000031796,0.000340090233151791,5.17292080639182
ENSSSCG00000001920,0.00034481080180802,5.26435889665983
ENSSSCG00000057968,0.000345825040753185,5.38509016918929
ENSSSCG00000023607,0.000346972753318193,8.48045916849619
ENSSSCG00000058335,0.000349787625817679,8.48520335406533
ENSSSCG00000000527,0.000352984014648008,5.26089572507562
ENSSSCG00000048984,0.000354238832731361,8.47753863950571
ENSSSCG00000034113,0.000355420622561106,8.649487208304
ENSSSCG00000061219,0.000355420622561106,8.55239460051735
ENSSSCG00000055296,0.000359720550559557,8.27507874231
ENSSSCG00000053069,0.000361458424455387,8.34507652556439
ENSSSCG00000036149,0.000382786253682743,8.3505048730704
ENSSSCG00000033204,0.000383863253650561,8.44660800625635
ENSSSCG00000003314,0.000394758477548837,8.34037394922094
ENSSSCG00000002028,0.000394758477548837,8.34037394922094
ENSSSCG00000037154,0.000394758477548837,8.34037394922094
ENSSSCG00000060429,0.000395694185146224,5.36143908589508
ENSSSCG00000008165,0.000401747900254771,8.14598687458164
ENSSSCG00000057590,0.000401747900254771,8.14598687458164
ENSSSCG00000004212,0.000402688765293973,8.27135655548884
ENSSSCG00000048545,0.000404885853635133,8.4903944467088
ENSSSCG00000039169,0.000413705344839324,8.37405967332542
ENSSSCG00000048861,0.000419971109717094,8.42397784227714
ENSSSCG00000061971,0.000421828542582452,8.40902331232873
ENSSSCG00000060775,0.000421828542582452,8.40902331232873
ENSSSCG00000001428,0.000425145584182062,8.5348637383289
ENSSSCG00000014377,0.00042651573800865,8.41194344209638
ENSSSCG00000044927,0.000433201652971605,8.48187886774798
ENSSSCG00000057439,0.000433726551273438,8.30876400045059
ENSSSCG00000048076,0.000439362620531882,6.2396838791493
ENSSSCG00000015477,0.000440339473196387,8.45902085123355
ENSSSCG00000054318,0.000448450492973783,8.26732047364423
ENSSSCG00000002442,0.000452046306628781,8.47914592633727
ENSSSCG00000000103,0.000455641203076492,8.10307248291013
ENSSSCG00000031242,0.000455641203076492,8.10307248291013
ENSSSCG00000055565,0.00045575917823386,5.07085330648814
ENSSSCG00000004453,0.000459700484174517,8.53892119345978
ENSSSCG00000051611,0.000466440837720653,8.88318984789078
ENSSSCG00000009866,0.000472241359772768,8.45025967830968
ENSSSCG00000017934,0.000475278563057316,8.2764459224176
ENSSSCG00000013341,0.000479105793548038,5.25804032026999
ENSSSCG00000028962,0.000480590476848254,8.5042503783262
ENSSSCG00000022337,0.000481075184908449,5.46966444726491
ENSSSCG00000014438,0.000486491825411415,7.92215384103148
ENSSSCG00000061721,0.000486491825411415,7.92215384103148
ENSSSCG00000022091,0.000487871390327431,5.46103814124678
ENSSSCG00000017978,0.000493610656189318,8.50929714822805
ENSSSCG00000003286,0.000499450381352355,5.66134113105011
ENSSSCG00000011461,0.000500861698711266,5.16606352934143
ENSSSCG00000049182,0.000514297879486914,8.36003842559701
ENSSSCG00000006679,0.000514639603223266,8.24338725949304
ENSSSCG00000009950,0.000514639603223266,8.24338725949304
ENSSSCG00000016295,0.000514639603223266,8.24338725949304
ENSSSCG00000032076,0.000514639603223266,8.24338725949304
ENSSSCG00000012198,0.000514639603223266,8.24338725949304
ENSSSCG00000016403,0.000514639603223266,8.24338725949304
ENSSSCG00000025838,0.000517549251116484,8.44396950898559
ENSSSCG00000016719,0.000517549251116484,8.44396950898559
ENSSSCG00000051895,0.000518623819000965,8.33709116667342
ENSSSCG00000042333,0.000518623819000965,8.33709116667342
ENSSSCG00000058011,0.0005214634801105,8.38486317067679
ENSSSCG00000056766,0.00052765809843803,5.41927143052022
ENSSSCG00000039027,0.000528656038857794,5.6881855990058
ENSSSCG00000027439,0.000532454491338652,8.46872579509789
ENSSSCG00000039823,0.000537729799863586,6.13450488777347
ENSSSCG00000055164,0.000539915870430058,8.39362318224147
ENSSSCG00000035909,0.000545949364246719,5.85272069427034
ENSSSCG00000043705,0.000546303507401342,8.41846836694155
ENSSSCG00000052385,0.000547264772868427,5.33722791715947
ENSSSCG00000038290,0.00055725970900558,8.35101859647309
ENSSSCG00000022896,0.000565768728723708,8.20955327230625
ENSSSCG00000047476,0.000574068765778285,8.43230433186906
ENSSSCG00000042692,0.00057417420394208,5.66039112168062
ENSSSCG00000059081,0.000574191220904554,8.29973385872928
ENSSSCG00000038768,0.000574637303878635,8.30265331111852
ENSSSCG00000007757,0.000579422807061862,5.29409303311633
ENSSSCG00000059671,0.000581860090170894,5.14615490081623
ENSSSCG00000006298,0.000581860090170894,5.14615490081623
ENSSSCG00000057650,0.000587129982844063,8.02375005396059
ENSSSCG00000023128,0.000591398390090018,8.26477843755537
ENSSSCG00000060477,0.000593246098972118,8.01321314693029
ENSSSCG00000023151,0.00060171477328555,8.27800634143594
ENSSSCG00000007382,0.000606342986742489,5.57140963324014
ENSSSCG00000060096,0.000609188064094406,5.37989246912898
ENSSSCG00000036013,0.00061066032511939,8.35101859647309
ENSSSCG00000053339,0.00061066032511939,8.35101859647309
ENSSSCG00000021866,0.000611613984972887,8.11704633337482
ENSSSCG00000015527,0.000612668292411766,8.38002746510228
ENSSSCG00000034920,0.000616042300517,5.63297329651581
ENSSSCG00000062630,0.00061735942080257,8.4142332161048
ENSSSCG00000058769,0.00061735942080257,8.31440591557095
ENSSSCG00000000934,0.000619070823804335,8.42547042322067
ENSSSCG00000010352,0.000619393932835029,8.30976481998794
ENSSSCG00000037110,0.000619903250777901,5.07774584746204
ENSSSCG00000032720,0.000627109822185141,8.34272942255819
ENSSSCG00000040329,0.00062776982706275,8.08309882947579
ENSSSCG00000053077,0.000630969016891289,8.17490671832739
ENSSSCG00000013892,0.000630969016891289,8.17490671832739
ENSSSCG00000035736,0.000632654556884656,5.36792945232708
ENSSSCG00000012493,0.000639215855075802,8.24065394104781
ENSSSCG00000012587,0.000662324488895587,8.24065394104781
ENSSSCG00000058484,0.000662324488895587,5.30057410248736
ENSSSCG00000002978,0.000672819343585877,7.80717220246013
ENSSSCG00000015806,0.000672819343585877,7.80717220246013
ENSSSCG00000040650,0.000672819343585877,5.56061294463335
ENSSSCG00000053879,0.000673377975831773,5.04676637839557
ENSSSCG00000005737,0.000678853549114491,7.96609355845458
ENSSSCG00000035457,0.000678853549114491,7.96609355845458
ENSSSCG00000017802,0.000684159384241064,7.96951546623532
ENSSSCG00000028976,0.00068807883848616,8.13940760544847
ENSSSCG00000040401,0.00068807883848616,8.13940760544847
ENSSSCG00000015377,0.000689875623316467,8.07141025888225
ENSSSCG00000058853,0.000691846845875904,8.22198567515521
ENSSSCG00000060012,0.000691846845875904,5.32685986959957
ENSSSCG00000027875,0.000699770256142159,5.59217772467809
ENSSSCG00000062406,0.000704139719424137,8.04143511865916
ENSSSCG00000042713,0.000704930412945677,5.07990116290052
ENSSSCG00000037202,0.000720163070114834,5.06115034481152
ENSSSCG00000033606,0.000741964844916685,7.47279230500857
ENSSSCG00000046097,0.000744432784848852,8.23960280383388
ENSSSCG00000047232,0.000745300839414264,5.01510705140473
ENSSSCG00000046815,0.000750845332067252,5.30142595800474
ENSSSCG00000059925,0.000755175930796966,8.18148173588778
ENSSSCG00000042502,0.000755175930796966,8.18148173588778
ENSSSCG00000051505,0.000755175930796966,8.18148173588778
ENSSSCG00000015236,0.000755834169320266,8.22297392368838
ENSSSCG00000032896,0.000755834169320266,8.22297392368838
ENSSSCG00000008115,0.00076472666240055,8.20655314682825
ENSSSCG00000003737,0.00076472666240055,8.10301291447491
ENSSSCG00000003846,0.00076472666240055,8.10301291447491
ENSSSCG00000058887,0.000770916698993882,8.40913217687288
ENSSSCG00000029870,0.000770916698993882,8.30917672733028
ENSSSCG00000013916,0.000779536509761037,7.91738289402271
ENSSSCG00000057206,0.000781196139528241,5.29588843034583
ENSSSCG00000049854,0.000786750614457849,8.24444323134201
ENSSSCG00000053301,0.000791170726989542,8.41886797969388
ENSSSCG00000039561,0.00080046134011684,8.47077575652102
ENSSSCG00000031075,0.000802987956525899,7.74605169229552
ENSSSCG00000007861,0.000820429057388639,8.25622449852814
ENSSSCG00000062030,0.000821255920313639,8.00925569966031
ENSSSCG00000042093,0.000821255920313639,8.00925569966031
ENSSSCG00000032133,0.000821255920313639,8.00925569966031
ENSSSCG00000062107,0.00082398559780608,8.0523468013728
ENSSSCG00000008441,0.000824862949119382,5.27730170738577
ENSSSCG00000017076,0.000837440818460793,8.37606400681375
ENSSSCG00000040829,0.000843639526205035,8.21585028464445
ENSSSCG00000013024,0.00084695309855186,8.16920695614919
ENSSSCG00000009631,0.00084695309855186,8.16585342001694
ENSSSCG00000056489,0.000868937519901933,8.23497899425893
ENSSSCG00000040826,0.000885972071297331,5.73960559227639
ENSSSCG00000007977,0.0008876506474388,8.09419207085555
ENSSSCG00000035066,0.000897964990588642,8.04338741051224
ENSSSCG00000040408,0.000897964990588642,7.95431448518101
ENSSSCG00000034405,0.000897964990588642,7.95431448518101
ENSSSCG00000053284,0.000897964990588642,7.95431448518101
ENSSSCG00000057321,0.000897964990588642,7.86696993628324
ENSSSCG00000055330,0.000897964990588642,7.86696993628324
ENSSSCG00000040356,0.000897964990588642,7.86696993628324
ENSSSCG00000062159,0.000905587624384674,7.97556478395792
ENSSSCG00000025410,0.00091302638827387,8.21571732181763
ENSSSCG00000040687,0.000925782181547906,7.04690072620707
ENSSSCG00000059290,0.000929364120282798,8.21306548548966
ENSSSCG00000050701,0.000929364120282798,8.20436237797456
ENSSSCG00000017444,0.000929780366629781,8.10486549504538
ENSSSCG00000033434,0.00093205507236892,8.16679713829372
ENSSSCG00000013536,0.00093205507236892,8.12396251011182
ENSSSCG00000052521,0.00093205507236892,7.96053917205802
ENSSSCG00000060452,0.00093205507236892,7.96053917205802
ENSSSCG00000051977,0.000939195299706827,8.0052222323223
ENSSSCG00000054353,0.00094275925205112,8.26714462024572
ENSSSCG00000010060,0.000951045291613414,8.02734766382389
ENSSSCG00000040715,0.000953603418490507,5.14965954131259
ENSSSCG00000022701,0.000968575286331503,7.68222678507693
ENSSSCG00000033544,0.000974109193031788,5.22006008955659
ENSSSCG00000063099,0.000978995139039965,8.1920553709157
ENSSSCG00000021959,0.000997340506565479,5.42965128699015
ENSSSCG00000017321,0.00100987762493552,8.62547682579284
ENSSSCG00000054443,0.00101760536207793,8.12751503649474
ENSSSCG00000031115,0.00102319624993895,8.08457779208424
ENSSSCG00000010426,0.00102472947926252,8.30756306469373
ENSSSCG00000049711,0.00102472947926252,8.30756306469373
ENSSSCG00000045021,0.0010310992885916,8.24161794645637
ENSSSCG00000003386,0.0010310992885916,8.24161794645637
ENSSSCG00000029043,0.0010310992885916,8.24161794645637
ENSSSCG00000048405,0.00103195348672224,8.11089064176883
ENSSSCG00000038300,0.00103195348672224,5.1017785071138
ENSSSCG00000058028,0.00103403416278882,7.81473138298005
ENSSSCG00000009469,0.00103403416278882,7.81473138298005
ENSSSCG00000035723,0.0010351651159361,5.25881662617579
ENSSSCG00000041061,0.00105377271085658,7.91011993411776
ENSSSCG00000058988,0.00105377271085658,5.07442347628373
ENSSSCG00000025592,0.00105579773001332,8.09148285348345
ENSSSCG00000058262,0.00105579773001332,8.09148285348345
ENSSSCG00000045401,0.00105579773001332,7.98797289442822
ENSSSCG00000005939,0.00105866619867154,8.14501446711511
ENSSSCG00000004180,0.00105866619867154,8.0807503002262
ENSSSCG00000024459,0.00105866619867154,8.06195556531974
ENSSSCG00000008319,0.00107793205975957,8.09762164874886
ENSSSCG00000061106,0.00108481910841864,8.0526645240987
ENSSSCG00000060278,0.00108481910841864,8.0526645240987
ENSSSCG00000047280,0.00108481910841864,8.0526645240987
ENSSSCG00000037079,0.00108481910841864,5.17509879240479
ENSSSCG00000000239,0.00110237991406766,8.13397024680081
ENSSSCG00000034701,0.00110237991406766,8.08688918817689
ENSSSCG00000003659,0.00110237991406766,8.05558224213932
ENSSSCG00000052639,0.00110237991406766,8.05558224213932
ENSSSCG00000011450,0.00110512269067701,8.1920553709157
ENSSSCG00000046603,0.00112726811446531,8.09148285348345
ENSSSCG00000055056,0.00112726811446531,8.08812996520215
ENSSSCG00000016521,0.00112726811446531,8.08812996520215
ENSSSCG00000056988,0.0011380852022184,8.07150723112873
ENSSSCG00000060726,0.0011380852022184,5.06316339838145
ENSSSCG00000048696,0.00114782662559359,8.12663157368572
ENSSSCG00000040950,0.00115084680465148,7.95064253130231
ENSSSCG00000040947,0.00115084680465148,7.95064253130231
ENSSSCG00000059145,0.00115084680465148,7.86159281816233
ENSSSCG00000017897,0.00115084680465148,7.86159281816233
ENSSSCG00000045063,0.0011699639641768,7.61544703383408
ENSSSCG00000055351,0.0011787965977203,7.9474932637884
ENSSSCG00000002497,0.00117959900083584,5.15661122399497
ENSSSCG00000037878,0.00117992802506445,8.00143457978512
ENSSSCG00000058808,0.0011820352959925,7.99776011555259
ENSSSCG00000006160,0.00118632696360445,8.13112250659484
ENSSSCG00000010632,0.0012049685223351,5.13452594795124
ENSSSCG00000053065,0.00122371427026257,8.17473070931519
ENSSSCG00000052241,0.00122371427026257,8.17473070931519
ENSSSCG00000016550,0.00123991261490595,7.85787463744948
ENSSSCG00000062812,0.0012442434975897,8.04763944629038
ENSSSCG00000053510,0.00125146226044867,8.08833221765509
ENSSSCG00000060341,0.0012578009369566,8.08613706623421
ENSSSCG00000042142,0.0012578009369566,8.08613706623421
ENSSSCG00000008754,0.00125970715699425,8.14781540277702
ENSSSCG00000009495,0.00127109800846888,5.03152137879506
ENSSSCG00000032303,0.00128375788248691,8.00242822410104
ENSSSCG00000003282,0.00128726499383367,7.5206716128604
ENSSSCG00000050177,0.00129415139260441,8.36636806585581
ENSSSCG00000059564,0.00130414649753446,7.8128970971501
ENSSSCG00000004410,0.00130414649753446,7.8128970971501
ENSSSCG00000052741,0.00130414649753446,7.8128970971501
ENSSSCG00000043154,0.00132480921051577,8.01305191637168
ENSSSCG00000031620,0.00132480921051577,7.95064253130231
ENSSSCG00000004713,0.00132701609492215,8.21306548548966
ENSSSCG00000011761,0.00132701609492215,5.727408071534
ENSSSCG00000009092,0.00133134199554823,7.90584497226631
ENSSSCG00000028062,0.00134107721729763,8.14008705916328
ENSSSCG00000010552,0.00134842948855524,8.04720326985264
ENSSSCG00000001235,0.00135603340097009,5.10485442079749
ENSSSCG00000005707,0.00136543675728301,7.99362046815497
ENSSSCG00000057157,0.00136543675728301,7.99362046815497
ENSSSCG00000047955,0.00137177426378142,5.06786471345713
ENSSSCG00000037128,0.00137440868667257,7.95991730865789
ENSSSCG00000051861,0.00137512445048135,7.87105040247857
ENSSSCG00000055812,0.00137712649067096,5.09827689391305
ENSSSCG00000040720,0.00137847712088954,7.70421260004237
ENSSSCG00000062169,0.00137847712088954,7.70421260004237
ENSSSCG00000041701,0.00138439936691166,8.00597962859086
ENSSSCG00000038135,0.00139081201441567,8.10217579152645
ENSSSCG00000052239,0.00139161198086209,5.05184482830483
ENSSSCG00000040548,0.00140703816225431,8.05504507310234
ENSSSCG00000022868,0.00140703816225431,7.96283429503653
ENSSSCG00000033927,0.00141174661842135,8.04447302627564
ENSSSCG00000000081,0.00141625375799168,7.81868471586701
ENSSSCG00000054070,0.00141625375799168,7.81868471586701
ENSSSCG00000038663,0.00141829142963778,5.57845329417799
ENSSSCG00000000760,0.00141829142963778,5.07144356411197
ENSSSCG00000057944,0.00141829142963778,5.07144356411197
ENSSSCG00000026852,0.00143792394713443,5.11272340808112
ENSSSCG00000023891,0.00144019550850556,7.98936050773214
ENSSSCG00000027160,0.00144019550850556,7.98936050773214
ENSSSCG00000049971,0.00144019550850556,7.98936050773214
ENSSSCG00000006281,0.00144047515129904,7.54542550549407
ENSSSCG00000004677,0.00144047515129904,7.54542550549407
ENSSSCG00000008215,0.00144047515129904,7.54542550549407
ENSSSCG00000038602,0.0014409077156398,8.04125665406637
ENSSSCG00000061313,0.00145767666800827,7.80366602481491
ENSSSCG00000062258,0.0014587672793769,5.03225021101551
ENSSSCG00000058062,0.001464199332693,8.10459099478145
ENSSSCG00000043700,0.001464199332693,8.10459099478145
ENSSSCG00000057867,0.00147563313181442,7.76250014547346
ENSSSCG00000058119,0.00148662895749174,8.0042998149663
ENSSSCG00000060033,0.0014880840596859,5.19911314961986
ENSSSCG00000002668,0.00149165487015806,7.96643273374093
ENSSSCG00000024666,0.00149165487015806,7.96643273374093
ENSSSCG00000061502,0.00149165487015806,7.96643273374093
ENSSSCG00000009749,0.00149165487015806,7.86295852939457
ENSSSCG00000019663,0.00149165487015806,7.86295852939457
ENSSSCG00000027113,0.00149165487015806,7.86295852939457
ENSSSCG00000023531,0.00149653785120578,8.06210179566038
ENSSSCG00000017313,0.00149653785120578,5.18186197910171
ENSSSCG00000035326,0.00155320150359656,7.91120749764772
ENSSSCG00000032433,0.00157997445748656,7.96643273374093
ENSSSCG00000040615,0.00157997445748656,7.96308096388553
ENSSSCG00000035890,0.00158599937372171,7.64560712880937
ENSSSCG00000052935,0.00158599937372171,7.64560712880937
ENSSSCG00000038114,0.00158599937372171,7.64560712880937
ENSSSCG00000049100,0.00158833034593889,8.00632251421961
ENSSSCG00000007099,0.00158833034593889,7.99248243061081
ENSSSCG00000003171,0.00159658402258491,7.94541898945807
ENSSSCG00000036443,0.00159658402258491,7.94541898945807
ENSSSCG00000036662,0.00160159275841303,7.79963496786297
ENSSSCG00000015333,0.00163146166651056,7.99413348277939
ENSSSCG00000054029,0.00165873883485661,5.43732199555849
ENSSSCG00000024420,0.00167200865033386,7.81875805626402
ENSSSCG00000034592,0.00170178926727798,7.7473407570202
ENSSSCG00000043729,0.00170951807636847,5.11830028381759
ENSSSCG00000014092,0.00172552551811635,8.0093317930996
ENSSSCG00000052938,0.00174076992420053,7.19008205022224
ENSSSCG00000017451,0.00179332852054156,5.25546159384526
ENSSSCG00000053238,0.00179401577953833,7.9008883812666
ENSSSCG00000050229,0.00180286840835079,5.46338522219788
ENSSSCG00000010141,0.00184703697222083,7.95589681595621
ENSSSCG00000015489,0.00185492561211479,5.41132958779124
ENSSSCG00000020838,0.00185762623074196,7.58451979909134
ENSSSCG00000014108,0.00187437007041506,7.95589681595621
ENSSSCG00000001682,0.00189608759281083,7.87660701787452
ENSSSCG00000004422,0.00192722654493584,7.99254118351405
ENSSSCG00000062233,0.00192722654493584,7.99254118351405
ENSSSCG00000037723,0.00194060251055637,7.79928725529332
ENSSSCG00000040342,0.00194060251055637,7.79928725529332
ENSSSCG00000020680,0.00194368124905829,7.7037399186506
ENSSSCG00000007260,0.00195389225071697,8.13481049470605
ENSSSCG00000059456,0.00197368799594777,7.87325611338493
ENSSSCG00000030262,0.00198306220049105,7.95589681595621
ENSSSCG00000060567,0.00201067674367615,7.68872679809105
ENSSSCG00000009144,0.00201067674367615,7.68872679809105
ENSSSCG00000016720,0.00203108084780998,7.8521869137254
ENSSSCG00000060679,0.00203693518733391,7.8950019304973
ENSSSCG00000046939,0.00204675619249216,7.82588008830447
ENSSSCG00000012199,0.00204675619249216,7.82588008830447
ENSSSCG00000057335,0.00204675619249216,7.82588008830447
ENSSSCG00000062774,0.00208724627201928,7.85664328276325
ENSSSCG00000004232,0.00209771840010054,7.82260592353715
ENSSSCG00000012075,0.00209771840010054,7.82260592353715
ENSSSCG00000006846,0.00209771840010054,7.82260592353715
ENSSSCG00000006399,0.00209771840010054,7.82260592353715
ENSSSCG00000061477,0.00210739170322682,7.72607458210337
ENSSSCG00000031365,0.00210739170322682,7.72607458210337
ENSSSCG00000061462,0.00210739170322682,7.72607458210337
ENSSSCG00000039315,0.00212854928273407,5.4518730225491
ENSSSCG00000059591,0.00213071305855295,5.5382799083728
ENSSSCG00000038323,0.00213725949540638,7.90364458245296
ENSSSCG00000027923,0.00213725949540638,7.81147356880546
ENSSSCG00000057151,0.00214936098069912,7.86735805746563
ENSSSCG00000032167,0.00214936098069912,7.86735805746563
ENSSSCG00000051710,0.00214936098069912,7.86735805746563
ENSSSCG00000016254,0.00215791139596075,7.76340395175455
ENSSSCG00000011947,0.00215791139596075,7.5207310731676
ENSSSCG00000034989,0.00215791139596075,7.5207310731676
ENSSSCG00000061565,0.00215791139596075,7.5207310731676
ENSSSCG00000047565,0.00215791139596075,7.5207310731676
ENSSSCG00000045027,0.00217107869509075,7.684697246168
ENSSSCG00000017641,0.00217366433737514,7.88980850401291
ENSSSCG00000042573,0.00218186574401928,5.36161541953897
ENSSSCG00000036910,0.00218859692314665,7.74508855438752
ENSSSCG00000031537,0.00218859692314665,7.74508855438752
ENSSSCG00000018042,0.00219040376263463,5.15349899951747
ENSSSCG00000021813,0.00219646400101973,7.97294107563217
ENSSSCG00000052310,0.00219715509170354,7.59979847210807
ENSSSCG00000014271,0.00221648121425236,7.73490590336954
ENSSSCG00000043139,0.00229368527083841,7.64264022025274
ENSSSCG00000061705,0.00229368527083841,7.64264022025274
ENSSSCG00000058362,0.00231444088974231,7.80178380691835
ENSSSCG00000060060,0.0023226945504778,7.86462919072556
ENSSSCG00000051866,0.0023246691531372,7.62763024640496
ENSSSCG00000053956,0.0023246691531372,7.62763024640496
ENSSSCG00000034402,0.00234225986866258,8.74677590437129
ENSSSCG00000051352,0.00235418965984099,7.75435758603081
ENSSSCG00000005152,0.0023598222895916,7.80954502912704
ENSSSCG00000053650,0.00236495812588886,5.32347335386795
ENSSSCG00000028331,0.00236614196607023,7.77391606068797
ENSSSCG00000029756,0.00237971202589479,7.77746508189686
ENSSSCG00000063551,0.00237971202589479,7.67739992379491
ENSSSCG00000040164,0.00237971202589479,7.67739992379491
ENSSSCG00000042233,0.00238044339822435,7.9126944978898
ENSSSCG00000004733,0.00239528708193876,7.87660701787452
ENSSSCG00000063299,0.00240058661324675,7.76826361827737
ENSSSCG00000051820,0.00240456037911802,7.97294107563217
ENSSSCG00000047974,0.00242334928825363,7.81866148352541
ENSSSCG00000047092,0.00242360746473046,7.8702276673149
ENSSSCG00000009942,0.00244143590408637,7.75727277295771
ENSSSCG00000008938,0.00244143590408637,7.75727277295771
ENSSSCG00000012147,0.00244143590408637,7.75727277295771
ENSSSCG00000062648,0.00250264115279608,7.95129117424903
ENSSSCG00000010522,0.00252631849095847,5.52670559866378
ENSSSCG00000013386,0.00252661501201261,7.54121463152626
ENSSSCG00000041892,0.00252661501201261,7.54121463152626
ENSSSCG00000047263,0.00252661501201261,7.54121463152626
ENSSSCG00000003366,0.00252661501201261,7.54121463152626
ENSSSCG00000010538,0.00252661501201261,7.54121463152626
ENSSSCG00000043004,0.00252661501201261,7.45399093044498
ENSSSCG00000008157,0.00252661501201261,7.45399093044498
ENSSSCG00000058794,0.00252661501201261,7.45399093044498
ENSSSCG00000022467,0.00261601027124777,7.82950591340483
ENSSSCG00000051117,0.00263723456976162,7.68091328039548
ENSSSCG00000034778,0.00265078667600005,7.7608571644679
ENSSSCG00000062860,0.00265078667600005,7.7608571644679
ENSSSCG00000058673,0.00265078667600005,7.7608571644679
ENSSSCG00000061487,0.00266176456304388,7.31232245668977
ENSSSCG00000004308,0.00266176456304388,7.31232245668977
ENSSSCG00000059964,0.00266176456304388,7.31232245668977
ENSSSCG00000060975,0.00266176456304388,7.31232245668977
ENSSSCG00000060928,0.00266478424984025,5.4833737230215
ENSSSCG00000012100,0.0026711890188936,7.57883800722591
ENSSSCG00000032923,0.0026711890188936,7.57883800722591
ENSSSCG00000009250,0.00268846099874319,7.73042320229519
ENSSSCG00000007114,0.00268846099874319,7.73042320229519
ENSSSCG00000027981,0.00268846099874319,7.72707382655596
ENSSSCG00000049579,0.00268846099874319,7.72707382655596
ENSSSCG00000037684,0.00268846099874319,7.62702553203128
ENSSSCG00000058897,0.00270110868901799,7.7235253836612
ENSSSCG00000003852,0.00271116684197929,5.50689886236851
ENSSSCG00000021018,0.00271788359990034,7.6980412968107
ENSSSCG00000011327,0.00272708138172474,7.56383146465052
ENSSSCG00000044062,0.00272708138172474,7.56383146465052
ENSSSCG00000058707,0.00272840882422171,7.8494285017317
ENSSSCG00000046870,0.00272840882422171,7.8494285017317
ENSSSCG00000006526,0.00273826185673069,5.09308121024792
ENSSSCG00000002388,0.00275025343876086,7.76826361827737
ENSSSCG00000043327,0.00276282081449205,7.78855287973243
ENSSSCG00000056047,0.0028113721086933,7.77926373579298
ENSSSCG00000036570,0.00282800431713796,7.72707382655596
ENSSSCG00000010578,0.00287723571579049,7.44155665070397
ENSSSCG00000053816,0.00287723571579049,7.44155665070397
ENSSSCG00000021867,0.00288279131071762,7.78081500220324
ENSSSCG00000017109,0.00290462671347248,7.77926373579298
ENSSSCG00000035105,0.00291517050955712,7.48015080321851
ENSSSCG00000038035,0.00291517050955712,7.48015080321851
ENSSSCG00000012882,0.00291517050955712,7.48015080321851
ENSSSCG00000012072,0.00291517050955712,7.48015080321851
ENSSSCG00000053684,0.00292216722804943,7.76553558679671
ENSSSCG00000022568,0.00292216722804943,7.76553558679671
ENSSSCG00000042725,0.00292216722804943,7.76553558679671
ENSSSCG00000023612,0.0029347205215708,7.63017161679437
ENSSSCG00000017061,0.00294460142881203,7.82816840892172
ENSSSCG00000039813,0.00295885281093945,7.5598036899497
ENSSSCG00000042730,0.00296698154985658,5.31433409994658
ENSSSCG00000062659,0.00298183353824548,7.71046862768065
ENSSSCG00000022988,0.00298183353824548,7.71046862768065
ENSSSCG00000042937,0.00298183353824548,7.71046862768065
ENSSSCG00000053075,0.00298183353824548,7.71046862768065
ENSSSCG00000009735,0.00298662491123663,8.14501446711511
ENSSSCG00000038536,0.00300019232453866,5.31968158701086
ENSSSCG00000015082,0.00304534912297347,7.67485857573284
ENSSSCG00000023691,0.00304534912297347,7.57482838760688
ENSSSCG00000057525,0.00304534912297347,7.57482838760688
ENSSSCG00000006452,0.003077594910092,7.69536586514055
ENSSSCG00000042995,0.00307797604638095,5.01290184341584
ENSSSCG00000058905,0.00308768167629944,7.67060032500212
ENSSSCG00000050502,0.00308768167629944,7.67060032500212
ENSSSCG00000002475,0.00308768167629944,7.67060032500212
ENSSSCG00000005098,0.00311886891203182,7.67131075378039
ENSSSCG00000030438,0.00314328697913293,7.63943706098117
ENSSSCG00000043518,0.00314328697913293,7.63943706098117
ENSSSCG00000057631,0.00314328697913293,7.63943706098117
ENSSSCG00000000651,0.0031563763621155,5.02426901691009
ENSSSCG00000056587,0.00317840554278425,8.20513916873809
ENSSSCG00000053700,0.00319442271713961,7.6631441659141
ENSSSCG00000016286,0.00321495013555292,7.67820736676378
ENSSSCG00000058240,0.00323320769501838,7.49708031378069
ENSSSCG00000006749,0.00323320769501838,7.49708031378069
ENSSSCG00000014027,0.00323761713994741,5.00806710988778
ENSSSCG00000056949,0.00324305686683007,7.39921911121928
ENSSSCG00000009413,0.00324305686683007,7.24082634741084
ENSSSCG00000047543,0.00324305686683007,7.2254268213961
ENSSSCG00000033414,0.00324305686683007,7.2254268213961
ENSSSCG00000042973,0.00324305686683007,7.2254268213961
ENSSSCG00000038838,0.00324664269162216,7.79309517114043
ENSSSCG00000055587,0.0032727178676241,7.85857032051503
ENSSSCG00000063351,0.0032727178676241,7.85857032051503
ENSSSCG00000028277,0.00327551868804128,8.10210017949497
ENSSSCG00000000748,0.00328909501412877,7.78397266194153
ENSSSCG00000062818,0.00328909501412877,7.78397266194153
ENSSSCG00000041504,0.00333205014001533,5.02176051801298
ENSSSCG00000050749,0.00334842919698753,7.93205458488374
ENSSSCG00000003431,0.00337148063589146,7.62403047069185
ENSSSCG00000015217,0.00337148063589146,7.62403047069185
ENSSSCG00000008524,0.00337148063589146,7.62403047069185
ENSSSCG00000055313,0.00337148063589146,7.62403047069185
ENSSSCG00000060830,0.00337148063589146,7.6206823091185
ENSSSCG00000023514,0.00337148063589146,7.5206716128604
ENSSSCG00000054249,0.00337148063589146,7.5206716128604
ENSSSCG00000051831,0.00337148063589146,7.5206716128604
ENSSSCG00000062665,0.00337148063589146,7.5206716128604
ENSSSCG00000038607,0.00339477342685718,7.54697369281411
ENSSSCG00000029545,0.00339477342685718,7.50530260319181
ENSSSCG00000012705,0.00339477342685718,7.41638770312641
ENSSSCG00000000296,0.00339477342685718,7.41638770312641
ENSSSCG00000048002,0.00339477342685718,7.41638770312641
ENSSSCG00000053209,0.00339820945586919,8.00504649300497
ENSSSCG00000058139,0.00341740347156033,7.83601166002517
ENSSSCG00000051934,0.00345683640458726,7.65825629579435
ENSSSCG00000054285,0.00349542530375613,5.26455828893517
ENSSSCG00000050609,0.00353875361266995,7.63906072872508
ENSSSCG00000006842,0.00353875361266995,7.63906072872508
ENSSSCG00000060324,0.00355893715180575,7.31046687725849
ENSSSCG00000054436,0.00355893715180575,7.31046687725849
ENSSSCG00000043838,0.00355893715180575,7.31046687725849
ENSSSCG00000046385,0.00355893715180575,7.31046687725849
ENSSSCG00000017720,0.00355893715180575,7.31046687725849
ENSSSCG00000016538,0.00355893715180575,7.31046687725849
ENSSSCG00000058958,0.00356607471380635,7.61430000828914
ENSSSCG00000045725,0.0036368320881513,7.66185736330371
ENSSSCG00000006876,0.0036368320881513,7.66185736330371
ENSSSCG00000037087,0.0036368320881513,7.66185736330371
ENSSSCG00000035964,0.00366353902068353,7.5783510735321
ENSSSCG00000019358,0.00366353902068353,7.5783510735321
ENSSSCG00000061244,0.00366353902068353,7.5783510735321
ENSSSCG00000031292,0.00368354638314369,7.67820736676378
ENSSSCG00000047716,0.00373854255125233,7.7344724807208
ENSSSCG00000006577,0.00374626608921857,7.67336644206353
ENSSSCG00000052224,0.00374626608921857,7.65913029494878
ENSSSCG00000057847,0.00374802832431292,5.67980997392539
ENSSSCG00000032301,0.00383937845944041,7.56773944419358
ENSSSCG00000052612,0.00383937845944041,7.46440230859401
ENSSSCG00000023771,0.00383937845944041,7.46440230859401
ENSSSCG00000057864,0.00383937845944041,7.46440230859401
ENSSSCG00000054303,0.00383937845944041,7.46440230859401
ENSSSCG00000061743,0.00383937845944041,7.46440230859401
ENSSSCG00000063069,0.00388513633202512,7.42709022988675
ENSSSCG00000055216,0.00388513633202512,7.42709022988675
ENSSSCG00000057579,0.00393420849397187,7.13295998095398
ENSSSCG00000058891,0.00393420849397187,7.13295998095398
ENSSSCG00000031813,0.0039607720584848,7.60408317150299
ENSSSCG00000050988,0.0039607720584848,7.60408317150299
ENSSSCG00000038177,0.00397839029958526,7.43856648160742
ENSSSCG00000052366,0.00397839029958526,7.34967561234977
ENSSSCG00000033229,0.00397839029958526,7.34967561234977
ENSSSCG00000042325,0.00397839029958526,7.34967561234977
ENSSSCG00000063396,0.00397839029958526,7.34967561234977
ENSSSCG00000058012,0.00403243988421206,7.55571306913392
ENSSSCG00000032224,0.00405672081056402,7.60555876793952
ENSSSCG00000022233,0.00405672081056402,7.56084553033872
ENSSSCG00000021059,0.00405672081056402,7.56084553033872
ENSSSCG00000005834,0.00405672081056402,7.56084553033872
ENSSSCG00000054840,0.00412276342817208,7.42306458578438
ENSSSCG00000043578,0.00412276342817208,7.42306458578438
ENSSSCG00000050765,0.00412276342817208,7.42306458578438
ENSSSCG00000031324,0.00413417734512958,7.56439196216868
ENSSSCG00000040728,0.00413417734512958,7.56439196216868
ENSSSCG00000033701,0.00414223102092017,7.60555876793952
ENSSSCG00000010656,0.0041671962920681,7.6912995807929
ENSSSCG00000042806,0.0041671962920681,7.6912995807929
ENSSSCG00000054220,0.00419623763262931,8.0840034687166
ENSSSCG00000057225,0.00423699455129844,7.51456381123589
ENSSSCG00000049915,0.00423699455129844,7.51456381123589
ENSSSCG00000046543,0.00423699455129844,7.51456381123589
ENSSSCG00000058459,0.00423699455129844,7.51456381123589
ENSSSCG00000053247,0.00431700279937582,7.75947857675875
ENSSSCG00000038877,0.00433291971391458,7.50916256525536
ENSSSCG00000009802,0.00433291971391458,7.40584895176819
ENSSSCG00000030228,0.00433291971391458,7.40584895176819
ENSSSCG00000037534,0.00433291971391458,7.40584895176819
ENSSSCG00000059232,0.00433291971391458,7.40584895176819
ENSSSCG00000023396,0.00435618175607694,7.232969208134
ENSSSCG00000010595,0.00435618175607694,7.232969208134
ENSSSCG00000007377,0.00435618175607694,7.232969208134
ENSSSCG00000017304,0.00435618175607694,7.232969208134
ENSSSCG00000056890,0.0044177805727303,7.51747654793985
ENSSSCG00000033581,0.00446505381063677,7.61252596538203
ENSSSCG00000030075,0.00449925679517533,7.2726686920741
ENSSSCG00000057125,0.00449925679517533,7.2726686920741
ENSSSCG00000007526,0.00451866089598544,7.73692691122566
ENSSSCG00000013461,0.00459345023989102,7.5477962169262
ENSSSCG00000040376,0.00459345023989102,7.5477962169262
ENSSSCG00000062194,0.00462571072411918,7.50227016873207
ENSSSCG00000015296,0.00462571072411918,7.35353078962065
ENSSSCG00000056112,0.00462571072411918,7.35353078962065
ENSSSCG00000058105,0.00462571072411918,7.35353078962065
ENSSSCG00000053040,0.00462571072411918,7.35353078962065
ENSSSCG00000028411,0.0046488579176632,7.36852488444199
ENSSSCG00000061149,0.00465028665211684,7.49464587431313
ENSSSCG00000053565,0.00469967067927427,7.64263065390193
ENSSSCG00000016903,0.00469967067927427,7.64263065390193
ENSSSCG00000007061,0.00471365225308634,5.2698350199153
ENSSSCG00000035529,0.00478890967357827,7.36859292101381
ENSSSCG00000048899,0.00478890967357827,7.27972847064155
ENSSSCG00000059222,0.00478890967357827,7.27972847064155
ENSSSCG00000047706,0.00478890967357827,7.27972847064155
ENSSSCG00000022675,0.00482433368643018,7.56773944419358
ENSSSCG00000053873,0.00482433368643018,7.56773944419358
ENSSSCG00000061153,0.00492890773594426,7.41928429960639
ENSSSCG00000061550,0.00493521846500603,7.3495063779927
ENSSSCG00000055784,0.00493521846500603,7.3495063779927
ENSSSCG00000035851,0.00496064578217744,7.51939570494269
ENSSSCG00000056056,0.00496822320995053,5.1336835873524
ENSSSCG00000060999,0.00496928553430896,7.44810630052293
ENSSSCG00000010339,0.00496928553430896,7.34481824240137
ENSSSCG00000018028,0.00496928553430896,7.34481824240137
ENSSSCG00000054946,0.00498216225027871,7.6095573153731
ENSSSCG00000036808,0.00499097987105716,7.44782527073719
ENSSSCG00000052471,0.00499097987105716,7.44782527073719
ENSSSCG00000055284,0.00499097987105716,7.44782527073719
ENSSSCG00000011141,0.00509729891387335,5.09774512260929
ENSSSCG00000040330,0.00511395871723382,7.6847099441958
ENSSSCG00000052323,0.00511395871723382,7.6847099441958
ENSSSCG00000047946,0.00511395871723382,7.6847099441958
ENSSSCG00000042582,0.00513604934020241,7.47968986076979
ENSSSCG00000063104,0.00513604934020241,7.47968986076979
ENSSSCG00000060539,0.00513604934020241,7.47968986076979
ENSSSCG00000023338,0.00513604934020241,7.47968986076979
ENSSSCG00000009281,0.00515195780476939,7.54873067267561
ENSSSCG00000040328,0.00524293153333475,7.54279483970394
ENSSSCG00000005961,0.00524293153333475,7.54279483970394
ENSSSCG00000038325,0.00524293153333475,7.48922374736064
ENSSSCG00000009708,0.00524293153333475,7.45724402176672
ENSSSCG00000053903,0.00524293153333475,7.45073724987333
ENSSSCG00000033451,0.00524293153333475,7.45073724987333
ENSSSCG00000025085,0.00531958297750266,7.48922374736064
ENSSSCG00000059008,0.00531958297750266,7.48922374736064
ENSSSCG00000062722,0.00531958297750266,7.48922374736064
ENSSSCG00000060355,0.00531958297750266,7.48922374736064
ENSSSCG00000035677,0.00531958297750266,7.48922374736064
ENSSSCG00000010747,0.00533585134187731,7.58777450272551
ENSSSCG00000004038,0.0053870470143916,7.15107107511959
ENSSSCG00000060029,0.0053870470143916,7.15107107511959
ENSSSCG00000052676,0.0053870470143916,7.15107107511959
ENSSSCG00000058594,0.0053870470143916,7.15107107511959
ENSSSCG00000053759,0.0053870470143916,7.15107107511959
ENSSSCG00000053162,0.00538904849144516,7.44121555251569
ENSSSCG00000001248,0.00543216096114177,7.74645602906469
ENSSSCG00000017542,0.00551134588896212,7.50916256525536
ENSSSCG00000010727,0.00554021540745228,7.18018115574233
ENSSSCG00000036884,0.00555265229597281,5.2380295722821
ENSSSCG00000043135,0.00557382218081543,7.27601827633074
ENSSSCG00000046899,0.00557382218081543,7.27601827633074
ENSSSCG00000004978,0.00567746944771426,7.38100637259576
ENSSSCG00000038043,0.00567746944771426,7.2810912535716
ENSSSCG00000058349,0.00567746944771426,7.2810912535716
ENSSSCG00000015020,0.00567746944771426,7.2810912535716
ENSSSCG00000028922,0.00567746944771426,7.2810912535716
ENSSSCG00000022200,0.00567746944771426,7.2810912535716
ENSSSCG00000001040,0.00567746944771426,7.2810912535716
ENSSSCG00000043890,0.00567746944771426,7.2810912535716
ENSSSCG00000013068,0.00569034665879585,7.20621646366621
ENSSSCG00000012192,0.00569034665879585,7.20621646366621
ENSSSCG00000052445,0.00569034665879585,7.20621646366621
ENSSSCG00000028294,0.00569034665879585,7.20621646366621
ENSSSCG00000008521,0.00569034665879585,7.20621646366621
ENSSSCG00000006465,0.00569034665879585,7.20621646366621
ENSSSCG00000046625,0.00569483261554952,7.65307542984497
ENSSSCG00000032108,0.00571236793984854,7.45562275094995
ENSSSCG00000047372,0.00575829736219943,7.6305318300273
ENSSSCG00000054103,0.00575829736219943,7.6305318300273
ENSSSCG00000014408,0.00576857485440675,7.37784905079687
ENSSSCG00000016297,0.00576857485440675,7.37784905079687
ENSSSCG00000055233,0.00576857485440675,7.37784905079687
ENSSSCG00000025128,0.00590922444936264,7.54279483970394
ENSSSCG00000038048,0.00590922444936264,7.54279483970394
ENSSSCG00000060434,0.00609917591788429,7.5239850070897
ENSSSCG00000011065,0.00609917591788429,7.5239850070897
ENSSSCG00000048993,0.00612786501023851,7.73490590336954
ENSSSCG00000059132,0.00615891563733993,7.42817227321359
ENSSSCG00000049462,0.00624732629249834,7.37746249700837
ENSSSCG00000058730,0.00624732629249834,7.37746249700837
ENSSSCG00000033979,0.00624732629249834,7.37746249700837
ENSSSCG00000036117,0.00624732629249834,7.37746249700837
ENSSSCG00000056352,0.00625692866840096,7.4589765171178
ENSSSCG00000004159,0.00625692866840096,7.38076019706343
ENSSSCG00000039186,0.0062946292022659,7.44810630052293
ENSSSCG00000048877,0.0062946292022659,7.44810630052293
ENSSSCG00000058421,0.00631193231645154,7.5967785740339
ENSSSCG00000044428,0.00631193231645154,7.5967785740339
ENSSSCG00000051583,0.00631224923189885,7.36416299442511
ENSSSCG00000059930,0.00631224923189885,7.36416299442511
ENSSSCG00000059291,0.00635335544903442,7.86288108023788
ENSSSCG00000003126,0.00645683893380994,7.29505173248777
ENSSSCG00000033463,0.00650718091859817,5.06319916811326
ENSSSCG00000062930,0.00654983074275549,7.06424250097891
ENSSSCG00000044268,0.00654983074275549,7.06424250097891
ENSSSCG00000063136,0.00654983074275549,7.06424250097891
ENSSSCG00000061723,0.00654983074275549,7.06424250097891
ENSSSCG00000045719,0.00654983074275549,7.06424250097891
ENSSSCG00000047189,0.0065751735680549,7.31764838442857
ENSSSCG00000052569,0.0065751735680549,7.21441869110356
ENSSSCG00000026861,0.0065751735680549,7.21441869110356
ENSSSCG00000059492,0.0065751735680549,7.21441869110356
ENSSSCG00000034686,0.00662301752194279,7.48592216790863
ENSSSCG00000062735,0.00666750009027784,7.57423948849719
ENSSSCG00000014067,0.00667694893759969,7.4589765171178
ENSSSCG00000031595,0.00671109730234277,7.38100637259576
ENSSSCG00000061629,0.00671146842025547,7.30430492476965
ENSSSCG00000052531,0.00671146842025547,7.30430492476965
ENSSSCG00000060463,0.00671146842025547,7.30430492476965
ENSSSCG00000056055,0.00671146842025547,7.30430492476965
ENSSSCG00000059919,0.00673989994724485,7.38889987348247
ENSSSCG00000031717,0.00673989994724485,7.38889987348247
ENSSSCG00000060359,0.00677353981831438,7.21755948555386
ENSSSCG00000009883,0.00677353981831438,7.12875661820065
ENSSSCG00000050205,0.00677353981831438,7.12875661820065
ENSSSCG00000042921,0.00677353981831438,7.12875661820065
ENSSSCG00000021218,0.00679648181749654,7.47279230500857
ENSSSCG00000060947,0.00686679081152353,7.41941934077226
ENSSSCG00000058882,0.00686679081152353,7.41941934077226
ENSSSCG00000014311,0.0069695007242792,7.3554302688698
ENSSSCG00000003356,0.0069695007242792,7.3554302688698
ENSSSCG00000002987,0.0069695007242792,7.3554302688698
ENSSSCG00000033490,0.0069695007242792,7.3554302688698
ENSSSCG00000012753,0.0069695007242792,7.3554302688698
ENSSSCG00000051803,0.00705368598218784,7.36442264369261
ENSSSCG00000062459,0.00705368598218784,7.36442264369261
ENSSSCG00000061606,0.0071280817960404,7.41199745660826
ENSSSCG00000032353,0.0071280817960404,7.41199745660826
ENSSSCG00000008124,0.00726323250963968,7.31076140149842
ENSSSCG00000016838,0.00726323250963968,7.31076140149842
ENSSSCG00000040822,0.00736360268446416,7.38435144753361
ENSSSCG00000049017,0.00736488835185485,7.86249690192616
ENSSSCG00000057824,0.00737234726396202,7.29421143522348
ENSSSCG00000043973,0.00737234726396202,7.29421143522348
ENSSSCG00000060659,0.00737234726396202,7.29421143522348
ENSSSCG00000052319,0.00737234726396202,7.29421143522348
ENSSSCG00000054682,0.00740519495970494,7.19008205022224
ENSSSCG00000027989,0.00740519495970494,7.19008205022224
ENSSSCG00000061590,0.00740519495970494,7.19008205022224
ENSSSCG00000030830,0.00741220498988472,7.39921911121928
ENSSSCG00000023749,0.00741220498988472,7.33844265485412
ENSSSCG00000059072,0.00741220498988472,7.30721515105027
ENSSSCG00000063031,0.00741220498988472,7.30721515105027
ENSSSCG00000058799,0.00758954940400976,7.21755948555386
ENSSSCG00000056727,0.00758954940400976,7.21755948555386
ENSSSCG00000010733,0.00758954940400976,7.21755948555386
ENSSSCG00000034921,0.00767148880973266,7.31430426372486
ENSSSCG00000035612,0.00775582119588143,7.24771116728415
ENSSSCG00000052878,0.00775582119588143,7.24771116728415
ENSSSCG00000056843,0.00775582119588143,7.24771116728415
ENSSSCG00000005452,0.00775582119588143,7.14451500384653
ENSSSCG00000032690,0.00775582119588143,7.14451500384653
ENSSSCG00000002997,0.00775582119588143,7.14451500384653
ENSSSCG00000008302,0.00775582119588143,7.14451500384653
ENSSSCG00000025772,0.00775582119588143,7.14451500384653
ENSSSCG00000058464,0.00781904605320616,7.589689731498
ENSSSCG00000046535,0.00794851387214963,7.22680941613152
ENSSSCG00000062109,0.00794851387214963,7.22680941613152
ENSSSCG00000011800,0.00794851387214963,7.22680941613152
ENSSSCG00000051733,0.00794851387214963,7.22680941613152
ENSSSCG00000047041,0.00794851387214963,7.22680941613152
ENSSSCG00000033578,0.00795319330235477,6.97185159570829
ENSSSCG00000028115,0.00795319330235477,6.97185159570829
ENSSSCG00000013338,0.00795319330235477,6.97185159570829
ENSSSCG00000062557,0.00795319330235477,6.97185159570829
ENSSSCG00000026754,0.00795319330235477,6.97185159570829
ENSSSCG00000062524,0.00795319330235477,6.97185159570829
ENSSSCG00000005992,0.00795319330235477,6.97185159570829
ENSSSCG00000038121,0.00795319330235477,6.97185159570829
ENSSSCG00000016591,0.00795319330235477,6.97185159570829
ENSSSCG00000059897,0.00799140436096508,7.04690072620707
ENSSSCG00000048106,0.00799140436096508,7.04690072620707
ENSSSCG00000013031,0.00799140436096508,7.04690072620707
ENSSSCG00000057642,0.00799140436096508,7.04690072620707
ENSSSCG00000043661,0.00799140436096508,7.04690072620707
ENSSSCG00000000716,0.00799140436096508,7.04690072620707
ENSSSCG00000051034,0.00799140436096508,7.04690072620707
ENSSSCG00000054793,0.00807717299720613,7.35270640602818
ENSSSCG00000013056,0.00808651541635926,7.31894087326304
ENSSSCG00000031858,0.00808651541635926,7.31894087326304
ENSSSCG00000029705,0.00811971276987864,7.28548136714048
ENSSSCG00000027796,0.00811971276987864,7.28548136714048
ENSSSCG00000009527,0.00811971276987864,7.28548136714048
ENSSSCG00000033236,0.00820446074695095,8.16349162796212
ENSSSCG00000053530,0.00821648394810564,7.29772529838897
ENSSSCG00000003414,0.00821648394810564,7.29772529838897
ENSSSCG00000059569,0.00821973879415679,7.10725635526659
ENSSSCG00000048573,0.00821973879415679,7.10725635526659
ENSSSCG00000060450,0.00821973879415679,7.10725635526659
ENSSSCG00000046251,0.00825189663987325,7.38726511398482
ENSSSCG00000003585,0.00827268335650937,7.12223336810646
ENSSSCG00000060939,0.00844552770308847,7.24082634741084
ENSSSCG00000016030,0.00850102383912692,7.31764838442857
ENSSSCG00000007488,0.00850102383912692,7.31764838442857
ENSSSCG00000041625,0.00865863595520701,7.37111546047345
ENSSSCG00000053321,0.00865863595520701,7.37111546047345
ENSSSCG00000023887,0.00867798150894211,7.26946142799077
ENSSSCG00000017331,0.00867798150894211,7.26946142799077
ENSSSCG00000009301,0.00882174380557427,8.12299340046689
ENSSSCG00000045465,0.00882768439007967,5.06062303876146
ENSSSCG00000053305,0.0089157222434518,7.76340395175455
ENSSSCG00000012871,0.00891707333390887,7.32169132594321
ENSSSCG00000014422,0.00891707333390887,7.22971862088727
ENSSSCG00000013230,0.00891707333390887,7.22971862088727
ENSSSCG00000009691,0.00891707333390887,7.22971862088727
ENSSSCG00000049444,0.00891707333390887,7.22971862088727
ENSSSCG00000015891,0.00894161580393686,7.24436809560938
ENSSSCG00000017025,0.00894161580393686,7.24436809560938
ENSSSCG00000055047,0.00894161580393686,7.10323655870425
ENSSSCG00000045138,0.00894161580393686,7.10323655870425
ENSSSCG00000055982,0.00894161580393686,7.10323655870425
ENSSSCG00000035073,0.00912042647541789,5.02770780965537
ENSSSCG00000005059,0.00914980122560298,7.07105099297805
ENSSSCG00000043977,0.00914980122560298,7.07105099297805
ENSSSCG00000003576,0.00914980122560298,7.07105099297805
ENSSSCG00000022980,0.00914980122560298,7.07105099297805
ENSSSCG00000016153,0.00916176562566266,7.57814583345562
ENSSSCG00000055770,0.00916176562566266,7.57814583345562
ENSSSCG00000007163,0.00916176562566266,7.57814583345562
ENSSSCG00000046827,0.00940637034659967,7.28275833649834
ENSSSCG00000063254,0.00940637034659967,7.28275833649834
ENSSSCG00000046265,0.00943186400238312,7.14491369598617
ENSSSCG00000061229,0.00943428326363827,7.30788421579548
ENSSSCG00000043140,0.00943428326363827,7.30788421579548
ENSSSCG00000053187,0.00951706532374493,7.41336992865202
ENSSSCG00000036354,0.00957277592111999,7.24541576785203
ENSSSCG00000055265,0.00960276061767954,7.24541576785203
ENSSSCG00000004436,0.00964292580677554,7.22779436703766
ENSSSCG00000043928,0.00964292580677554,7.22779436703766
ENSSSCG00000030552,0.00970220904610402,6.96011963228401
ENSSSCG00000022543,0.00970220904610402,6.96011963228401
ENSSSCG00000052493,0.00970220904610402,6.96011963228401
ENSSSCG00000055347,0.00970220904610402,6.96011963228401
ENSSSCG00000008908,0.00970220904610402,6.96011963228401
ENSSSCG00000055560,0.00970220904610402,6.96011963228401
ENSSSCG00000056837,0.00970220904610402,6.96011963228401
ENSSSCG00000037072,0.00970220904610402,6.96011963228401
ENSSSCG00000017863,0.00970220904610402,6.96011963228401
ENSSSCG00000032849,0.00988368189208425,7.31009376191259
ENSSSCG00000022226,0.00988368189208425,7.31009376191259
ENSSSCG00000008501,0.00999743135401692,7.24771116728415
