genes	endo03	endo06	endo09	endo12	endo15	endo18	ovary03	ovary06	ovary09	ovary12	ovary15	ovary18	ovid03	ovid06	ovid09	ovid12	ovid15	ovid18
ENSSSCG00000000010	-0.0252471102737624	-1.08986850534103	-1.73068405205652	-1.3075285378148	-0.214177401991579	0.546255586643228	-1.65943993846251	-2.62282517316339	-2.38566561354374	-4.34976048904092	-2.64689824198416	-0.774945278332931	-1.62893680714331	-1.16230863093338	-0.561159602837306	-0.948410123442245	-0.00632349417003066	-0.495867120238498
ENSSSCG00000000025	-0.193002866489065	-2.09085668147066	-1.81614568214688	-1.25491894968124	-1.76739944940778	-1.29093578927235	-1.541997988584	-0.790802040725187	0.620105443572638	0.498570640057573	3.43787564932091	3.63052452224622	-0.629514083231781	-0.297869713407212	0.345270870695682	0.393500951311052	-0.0263873787195944	0.105138085532929
ENSSSCG00000000029	-2.45308052342522	-0.492654642875221	-1.46878900894212	-2.93972721418639	-3.24605691473924	-2.51069818215113	-1.65638808031816	-2.47375939371447	-2.97887494227579	-3.23850065060255	-1.07847256486969	0.12863114583568	0.0231813611549868	-0.261736649768878	-0.962071584072426	-0.64694034208987	-0.0745542616147845	0.127687131159576
ENSSSCG00000000033	0.95819381664047	4.11006125042409	4.46198133943621	2.22584409446671	0.674620476817047	0.646293187238223	0.164208489267484	0.207400958397991	0.161830746750697	0.287153181373348	1.47006287576792	1.61307727028184	0.932363439264401	1.56940136751569	2.07246246716594	0.563181834721151	1.64499173901492	0.638738566076185
ENSSSCG00000000079	0.531245369548636	-0.00458639154827531	-0.663618158790025	-0.2297767587055	-1.03424472817357	0.455757879767937	0.0305002426740392	-0.11923254046367	2.26206069517754	3.9052169947371	1.27144398047112	1.74149009924801	-0.387716766854432	0.218415962874018	0.316412212813694	-0.0182850745221335	-0.942408574020768	0.0627168686326989
ENSSSCG00000000081	0	0	0	7.81868471586701	0	0	0	0	0	0	0	0	0	0	0	0	0	0
ENSSSCG00000000103	0.210371732959383	0.0239543331457939	1.39991432137514	-0.364679255523127	-1.8654501739752	-0.226121887427415	0	0	0	0	8.10307248291013	0	0.835504663079426	0.448006194786598	0.0275220861741016	1.62431515447578	0.0785907361190968	-1.06689561466951
ENSSSCG00000000130	-0.0107098933997052	-1.88410975002463	-1.81487728940539	-1.17480469842814	-1.895498362037	-0.607065170238216	-1.63882651663048	0.127491616018585	0.716896323242664	0.507628380942676	3.18871921389855	2.60157625375575	0.364633684995884	0.881703403411673	0.998249163565751	0.981440704690062	0.797796346894053	0.406957424831481
ENSSSCG00000000136	-0.439067138764208	-1.78569361450721	-1.97010096881466	-1.90954097935531	-1.15853470905155	-0.576561978441927	-1.34106681918303	0.590410709144235	1.29772551995048	0.601133437676604	4.98762199404951	3.6063934069073	-2.28650677925704	0.0567785270451761	-0.198963923151755	-0.738561163571475	0.873425833132525	-0.136737052186867
ENSSSCG00000000137	-0.391978024820469	-1.27268487666364	-1.51367391065511	-1.6279849001153	-1.47069998479761	-0.614108087137866	-0.158722763612881	0.367386731509029	0.90505395910227	0.130661669301952	2.97528197389938	3.40850315533579	-0.330983110799181	-0.352648253609229	-0.136999181690807	-0.683043869980526	-0.856876201054334	-0.160437056916678
ENSSSCG00000000138	-1.21693538872289	-5.59555699951648	-3.71649562860793	-5.97750263780382	-7.05656565681236	-4.32562296808662	0	0	0	0	0	0.503660157661816	-2.26438572455204	-1.04154631808417	-2.65787346325334	-10.0173265066738	0.772318341918487	0.28704211782833
ENSSSCG00000000142	0.634550397689045	0.512863291414386	0.120730482778573	0.543035257082026	-1.13297282298315	-0.640927381966172	3.75529528808381	2.40059523885688	4.05340949381635	2.59316389768902	0.159445910685179	0.509137744510089	0.409591642270325	0.0159443864793952	0.847833272539697	0.0899844488319542	0.307692606299198	0.628836246602399
ENSSSCG00000000162	2.64102537322329	2.43302483436308	2.63948636972954	3.68287568421626	1.81696464876165	0.909154697803441	0.959453179648335	1.06905581689296	1.64445148714182	1.23460424638677	0.731616178540802	1.62545273583753	1.25249604841686	0.337695159906002	-0.245595057576194	-1.27684450860149	0.200621319269143	0.136530930516057
ENSSSCG00000000183	0	0	0	0	0	0	0.80105477629391	1.94839914506075	1.62219989566838	0	5.16289221366733	0	-1.54027409742394	0	0	0	-1.38592629098444	0.512672747414406
ENSSSCG00000000197	-3.64481996642884	-3.14599558443558	-2.98462189603069	-2.548536253253	-2.67014248073213	-0.456968347148742	-2.08442827869702	-1.7123480938721	-1.79958185940707	-4.22005279322554	-3.20502559388914	-1.1636083193688	-0.702819962013834	-2.77867699523885	-4.01094170923903	-4.37685783472043	-2.05358465939946	-0.947075748259292
ENSSSCG00000000211	-0.48588702423902	-0.237924583475681	-1.16847250216612	2.4076666346823	0.207728775318503	-0.626491675516496	-3.27682106985847	-1.73917860241875	-2.41258857371816	-7.34481824240137	0.707510720584442	-3.51636343833605	-5.2761090068918	-6.25537937660685	-7.88243398547678	-8.07984487655628	-6.08044326639709	-1.81564743586938
ENSSSCG00000000212	-1.72830446875344	-4.72512217961738	-1.93547473844983	-1.36397015870892	-3.1294457813817	-0.888946885560325	0	0	0	0	0	0	-7.06748981121507	-7.13909689651506	-7.092185589556	-7.06099461557061	-7.15289317480168	-2.38986086445714
ENSSSCG00000000223	-0.350092979708922	-2.09201232945236	-1.95418383267087	-1.54684578024305	-2.16820729578615	-1.3443124787927	0.271265255079056	0.0514402067446166	0.738065003721728	0.997831119685884	3.24728756247337	4.07905150310828	-0.185681916491948	0.188844811338538	0.53841327833684	0.706441247315126	-0.372580379874535	0.261802048749727
ENSSSCG00000000239	-2.39171869024018	0.707035352178818	-0.426371203224084	-2.27520233623106	-7.48590852321119	-7.5835490312335	0	0	0	0	0	0	-8.06210179566038	-8.13397024680081	-4.98538549880867	-8.05558224213932	-3.22917267724696	-0.436102815706719
ENSSSCG00000000240	0	0	0	0	0	0	0	0	0	0	0	0	-6.28491569521135	-3.17639360660753	-5.76219278610994	-6.27248009850474	-5.87481920460267	0.917380558418989
ENSSSCG00000000253	0.159218879808572	0.120809993513716	0.870833358149126	1.72534349877436	0.520056584500765	-0.293274440840077	-1.74663583455573	-2.20294019437427	-3.27871461410952	-5.30419934242594	-1.24782123954217	-2.32621831680537	-1.68236909570997	-1.56769861635465	-0.786355236547243	-1.1779485528554	-0.855385803364275	0.233266030605855
ENSSSCG00000000261	0.558197834615606	-0.291225336717242	0.667195141156381	1.08757332987697	-1.05869826162386	0.38414110957246	-1.76255600090119	-2.39488903902346	-1.74460802688584	-3.08745295641504	-1.25025288571058	-1.60525656068621	-0.839286367279266	-2.23860169679744	-2.39024795144416	-2.5585881164102	0.0572588995004924	-0.60131470849924
ENSSSCG00000000291	-0.694331087428665	-2.65754712043248	-2.90390283520374	-2.87601832610471	-4.52634266941303	-1.27517234960226	0	0	0	1.07075094609394	3.2582213506313	2.11334411373368	0	0	0	1.57320094366108	0	1.5329467860595
ENSSSCG00000000296	0	0	0	0	0	0	-3.21306621686915	-3.20612945707609	-3.84013612573189	-7.2810912535716	-7.41638770312641	-1.92676720879542	0	0	0	0	0	0
ENSSSCG00000000443	0.472902437631054	0.702549224353513	0.481022490616644	-0.0381123626818877	-0.221764494648157	-1.79084189138568	-1.55594792361062	-3.76998967299094	-2.41123233778496	-4.59919677447865	-2.47041957924251	-0.702931296232079	-0.899632755913799	-0.0154485881317752	-0.0271649152245063	-1.30611918783521	0.905891711827831	-1.07140104214263
ENSSSCG00000000492	-0.609012566762549	-2.40294252265394	-2.92144237859597	-4.02491076321817	-3.38385254513495	-1.67588246499913	-2.17370229979785	-1.26428772817726	-1.28586218423583	0.0983519832138825	7.40141060978735	8.18922940640845	-0.346385587733376	-0.431982875747101	-0.0249173772350168	0.599631891821078	-0.188214047453943	0.00997239041161331
ENSSSCG00000000493	-0.730997441027541	-0.585675175972785	0.523543088956907	0.20726640873305	0.495387702085613	0.544894121167679	3.74871338987068	3.49826897589225	3.58495779007205	3.27853875774482	-0.232632652940813	-0.380432029493018	0.0412167591728972	0.410009618885923	0.408595724137142	0.152488894454306	-0.385533028131081	0.378795342446906
ENSSSCG00000000519	0.144622634244075	-0.751150779090698	-0.557263787912955	-1.26864746154662	-0.470654380527246	-0.311193456336847	1.05356536155807	2.1194144090318	1.60948813980353	3.4338787938118	2.03961008356504	2.38511255013022	1.64815895432249	-0.155425829024395	-0.855256487458584	-1.02091035774418	-1.4923854194939	-0.250766827223887
ENSSSCG00000000527	0	0	0	0	0	0	0	0	0	5.26089572507562	0	0	0	0	0	0	0	0
ENSSSCG00000000584	2.20176235885723	4.42742268666375	3.93496571094077	1.31589902780321	1.25249433807513	1.44444627710497	2.30495407058779	1.73168631035638	0	2.27015203388677	0	1.48219235084416	1.54934564488919	2.7196305901747	1.52073278804421	0.600590496216334	-0.607833768639474	-0.285259154797423
ENSSSCG00000000601	-0.727110962714164	-2.30496528890344	-2.29342162124051	-2.52652397264303	-2.64862928519682	-1.67003856569398	-0.319150058002872	0.357044363799981	0.324317378251625	0.242100477367447	4.44664799527989	4.00605314363943	-1.02186218678795	-1.85297384619922	-1.18409576714588	-2.11645333952989	-1.238895128287	-1.10995227642629
ENSSSCG00000000605	-0.434675615366037	-3.0274083515176	-0.230061961978119	-1.36520272886727	-3.91115939057889	-2.52451293780441	1.63226169372677	1.16804757692198	2.25181371559116	0.808678216021783	1.31496224278974	3.35243830277786	0	0	0	0	0	0
ENSSSCG00000000623	-0.214735654269538	0.271914449599582	1.2503482591196	0.786607839143156	-0.568561031109538	0.474877054162585	-1.39921876793626	-2.37143965426477	-0.19093430473112	0.45995925998977	1.68454383412587	3.79693896561748	-1.71208409480585	-0.484359294427702	-1.13933469950266	-0.772257630589817	-0.488484256673043	-0.127043984987124
ENSSSCG00000000640	-0.10920597634521	1.7946377575888	-0.858876789074045	-2.3559646367056	-2.47776852848618	0.119110635751327	-3.44577126032953	0.56487577460951	-4.67248973336853	-2.11581896541408	0.21562138364994	0.961982238150386	-0.821653319237956	0.182697387640603	-0.0382864768848401	0.0215677363652592	-2.18574937713025	0.0381577184744439
ENSSSCG00000000647	-0.0232532575103474	-0.743547374285422	-1.7871744266393	0.0311515927716097	-0.580056214482321	-0.0649774560273869	-8.52477019915511	-6.76319698878544	-6.82879552510588	-6.20514816776049	-1.37086160519233	-1.64507913114179	-2.80596201034802	-2.05158575345318	-2.27067062088542	-1.05079395714185	-0.630138873035593	-0.553095193846331
ENSSSCG00000000648	0.676985181901501	-1.43882538865807	-1.02078174353656	0	-1.68465957621424	-0.102140548996177	-0.578745588244091	-0.983166182325892	-0.939887874366829	-1.33979302842124	5.01754803282038	5.0063268001741	0	0	-0.923594232239108	0	0.141185975831864	0
ENSSSCG00000000651	0	0	0	0	0	0	0	4.25674545101142	0	5.02426901691009	0	3.67856434482298	0	0	0	0	0	0
ENSSSCG00000000653	-1.33071886882605	-1.1416529781866	-1.65292330717688	2.51306931537646	3.23282558094625	2.29431692102981	0	0	0	0	5.14769356359026	2.84204602547769	-1.66450504778569	3.40348869459633	-0.417046172590469	-0.674892873722888	-1.82258822958523	2.5496135811655
ENSSSCG00000000659	0	0	0	0	0	0	5.03394261822329	6.94364766229791	6.93846702637724	5.89293936114188	0	2.28299464952771	0	0	0	0	0	0
ENSSSCG00000000664	0.603836373859761	0.506496883103664	1.63736633921778	1.67188078806974	0.5500845589481	1.11323925280889	0.562710035520132	3.45220430973723	1.96045277285793	1.71683511548741	-1.0333493769509	0.472866992857148	0.888162041912968	0.663652704228231	0.461283337082398	1.25660583157486	-0.148715287512734	-0.748371021223527
ENSSSCG00000000680	1.2741116444755	0	0	0	0	0	0	0.999288902392198	1.94263247731678	1.610525966098	0.734107938433016	2.54649675907519	3.67485686211103	0.45580600162943	-0.451912139779741	-1.38365109275373	0.219602982406324	0.0292944291405792
ENSSSCG00000000692	0	0	0	0	0	0	-2.06529173247733	-4.25914787930172	-3.60981825861242	-4.32326462351247	-2.59458612004237	-1.17945841189353	-0.590393969224795	-1.44894940838691	-0.954669479719571	2.36943438509515	2.37011323872323	0.254999336536496
ENSSSCG00000000707	1.39896483252148	3.305864832713	4.06226070497979	3.19286662838714	1.99001116789368	-0.479737850001212	-2.19268096557215	-0.474797309310388	0.783761592606033	-0.0116057038925091	0.725005359397522	0.991220588414667	0.198893643891522	1.60624267013409	2.19420094639933	1.67894590557915	-0.00763327235162105	-0.408072241132962
ENSSSCG00000000712	1.28182854089838	0.53475950959848	0.185770075144421	0.491746715035517	2.15795291276137	2.70846677423847	0	0	2.90047257913735	0	5.51115729048011	0	-2.32218989127341	-1.88644360783569	-2.36885392862844	-3.2653205772889	0.23309486344893	-0.940360149090097
ENSSSCG00000000716	0	0	0	0	0	0	1.36372625534613	2.08376453329056	2.95754499249497	3.0058379009348	-7.04690072620707	-1.81414095120366	0	0	0	0	0	0
ENSSSCG00000000748	0	0	0	0	7.22680941613152	0	-3.75093362830021	-1.35143778802608	-7.78397266194153	-3.52737777666915	-2.85808862791884	-1.25981519605491	-1.61910132760474	-2.72967553257433	-4.51102227601381	-3.53936992851137	-7.67336644206353	0.495533014291077
ENSSSCG00000000749	1.0703954736518	0.156866131195666	-0.180979248910541	0.167640029340659	4.09020945477418	-0.248837119924357	-3.98434322939073	-2.770744657125	-3.26555675177115	-3.17959068729471	-1.90365241849832	-1.05992156677054	-4.26572585634781	-3.48254130654543	-1.46561673168276	-0.0980018605650931	-2.24179310378707	-0.753853543139175
ENSSSCG00000000759	-0.591713875858837	-1.3314895059384	-1.40885350356443	-0.496690854762682	-0.0913580980132644	-0.4608514744728	0.202485457435767	-0.0171761411710068	-0.114127509458616	0.307404291215093	3.41093516742436	3.54207800824416	-0.592394187756604	1.07386028439745	1.44665196304694	0.528809831716484	-0.4645228120428	0.435861822114855
ENSSSCG00000000760	0	0	3.49479481331294	0	5.07144356411197	0	0	0	0	0	0	0	-1.29064343461145	-1.71347654609313	0.0552168258147457	-3.38719599375709	-3.87119648519391	-1.33948108599431
ENSSSCG00000000781	1.70128208791789	-7.1679413788291	-1.95157242685514	-3.80710181143041	-1.06563173876572	-2.23665196425868	2.10312034579036	2.61571815140082	1.83115306808317	3.25671733830698	-1.46169562246299	-0.335324882547422	0	0	0	0	0	0
ENSSSCG00000000783	-0.575417725702923	0.898949925441495	3.55286470182584	2.61145472167135	4.78376141832367	1.31243751483702	-0.44263046842025	0.0166942362085473	-1.4909047127161	0.559120362363666	0.162454699402481	-1.75190268376606	-0.0366258712024714	-0.417862306592243	-1.5972370452163	-0.537815974668625	-0.0183007199977174	-0.445978633788226
ENSSSCG00000000789	0.3559651116841	0	0	-0.513034682058453	0.572289143000637	0	2.56323677848088	-0.058262035795641	1.76162261575504	3.81881277280276	0.362282679020395	0.221499016513809	-0.136929941359389	-2.02966616678132	-2.95234302466846	-1.04802096503467	0.326795433602787	-0.477293592442206
ENSSSCG00000000795	1.6050064671986	0	4.35459873440572	0	3.32008456505739	1.34326915397928	2.1431119317398	2.3730669517525	0.893864472199597	1.40850187182872	-0.844871224256427	-3.01516835991882	0.0042128915120647	-0.826720309764833	-0.0993798288602345	-1.66768988054343	-0.852055549773648	-1.59289213514731
ENSSSCG00000000810	-0.277374394724503	1.39688031813453	2.10365276135778	0.321776788873413	0.10636536319944	-0.390699815131643	-3.18585707658843	-2.87778992711689	-3.51569421571838	-4.04561897845459	-4.33723522529595	-4.15685023222694	-1.2431158689071	-1.12483864027812	-1.04026432042382	-1.91793462295738	-0.732554405186924	-0.957687457095673
ENSSSCG00000000856	-4.12928044252501	-1.28498911088385	-1.90258840094122	-2.71514892342265	2.74891438360008	0.0563395940447608	-1.2744076502145	-1.6754246211624	-1.63139838910972	-2.0270286960353	-2.00669355675102	-0.141139608766701	-2.60928384880169	-3.7324276198838	-3.83416545769066	-3.77456707009406	-3.59048678524589	-1.77119469896594
ENSSSCG00000000857	-0.606692953066449	1.36937668529552	1.69200769355008	2.05145696126494	-1.1607851248649	-1.40276771827645	-1.31850371156579	-0.431952547412317	-0.62101328715112	-0.703470630121145	-0.323106611850407	0.555558654074053	0.140913548999953	-1.69238084182814	-2.08915372717824	-5.55921532407895	-3.24322309418741	0.497367149026932
ENSSSCG00000000866	0.455967342494592	0	2.09751832855589	0	-0.89557048026219	0.175632748295993	-3.42644030934472	-3.41935157626168	-1.39697645723009	-3.77051760013247	-1.51485548773104	-1.5791333254804	-0.145570321529437	0.447015233294756	-0.19296460025753	-1.48346336987409	-1.20041145316814	0.940156681945051
ENSSSCG00000000873	-1.52877203066962	-1.95500403697199	-2.21554466193264	-3.78823990091268	-1.48150184966872	-0.552264333056034	-3.03992819907743	-3.6801481844577	-4.04253385437414	-6.23982075490026	-2.69048429299953	-0.799831475985124	-2.85110590771477	-0.470359677798813	-1.14304753175894	-1.06748686783924	-0.160708610228485	0.0929448282358213
ENSSSCG00000000917	1.6361179247545	2.30701729048375	2.99178632700836	0.361705559462998	4.62447880593814	2.79429684404381	0	0	0	0	0	0	-0.907707302404451	-2.01804831499497	-2.88613632424373	-1.30264148423955	2.32015157141513	0.168199723267354
ENSSSCG00000000924	0	0.0239050455621069	0.665772086745344	0	0	-0.101780419298371	0	4.41322668596781	4.97243447224218	4.92207244978357	0	0	0	0	0	0	-0.58629755364793	0
ENSSSCG00000000932	0	0	0	0	0	0	-0.86617627562743	-1.22845797038483	-2.4661695753511	-3.75605315819632	0.14394375747704	-9.80770343664312	-1.67492492034968	-7.30788421579548	-3.24602141172225	-4.10279220164178	0.310622648725004	-1.58792453597055
ENSSSCG00000000934	-0.462301079166151	-0.833362229394917	-1.234033715528	-2.78233254989412	-0.959208738571747	-0.531757017979032	-2.00026489209425	-2.44688466226976	-8.42547042322067	-2.22527668814805	-2.20345084824536	-1.07097356286938	0.268557292363725	0.337035234038619	-0.411550409140617	0.122719703955677	-0.981610806174014	0.618516037048893
ENSSSCG00000000936	0.867169908057684	3.91782153175407	4.20236859181547	1.24324590301039	1.65739835850288	1.04137330231084	-1.9096433807892	-1.96359424607495	-3.57880071348834	-2.45263318088887	-1.75577240723392	-0.746104790347947	-2.62962775171737	-1.20031315997461	-1.47204339766869	-0.901642058677826	1.1804908029088	-1.6815622790315
ENSSSCG00000000950	-0.550356120544027	-1.56047248961993	-3.87595859294758	-2.18225859354267	-4.78569899868935	-3.51856272095578	-0.0520283677760462	-0.340473581463978	0.316638832590655	-1.48790167204423	0.730568767601806	-1.29831951507348	-2.0764536586882	-0.397072699417559	-1.24451617072339	-2.03146131542922	-2.63029125608478	4.35876284363075
ENSSSCG00000000967	-0.639532762332059	-0.819218809781727	-1.56678275065733	-0.959767217050369	-1.72372198128894	-0.82717909779495	-2.5161824348028	-1.77768507520304	-0.797513222805183	-3.84632438676643	-2.17203967271225	-1.96139797161126	0.119996021729208	-0.102726655751788	-0.0560954304776434	0.0457389349438389	-0.646389771233425	-0.71431558129785
ENSSSCG00000000981	0.495486822542455	-0.380715976572436	-0.122759344358776	0.60514646280896	1.06224340943978	0.21007829331744	-0.95299936597178	-1.56581912164771	-1.76916784436727	-1.42590432271054	-0.0533882734396203	-1.01904216920363	-3.63206959941532	-4.18279176765324	-4.29343458258078	-3.2807223430878	-3.26837048631275	0.637257291009374
ENSSSCG00000000983	-0.807813055420599	3.68513929271875	4.06509724525016	2.17178568241313	-2.13986425237658	-0.86369017968632	-1.62519271298225	-0.816711266056179	-2.55975250070285	-1.1753949563728	-1.28100377935135	-0.878689136119747	0.863575050061517	0.22034972441016	-0.160800666996458	0.970794915729001	0.0649128067453392	-0.908625585385667
ENSSSCG00000001025	-0.0324106262056004	0.289340407021066	0.363898297546122	0.919878810041534	-0.12550669810026	-0.155441309112761	-0.411948919156721	1.28877480768146	3.23812101234713	3.82205957542428	1.39031118267298	0.437769725124773	0.0776509753447753	0.875229064330736	1.09933250986419	0.634436879643976	0.202332258547131	0.493528087669297
ENSSSCG00000001040	-1.49405631685244	-0.620280234866214	-0.953095380279618	-0.0985376019392745	0.518995236465313	0.571868024552454	-1.94000084087326	-2.24663020776378	-2.90983281586386	-7.2810912535716	-2.00669355675102	-0.941941907450246	-1.45528642254158	0.375952710154471	0.262381218937345	-0.628395068014356	-1.5750457193452	-0.148514955491754
ENSSSCG00000001045	-0.398182331146834	2.08697887036424	1.28406572591196	3.97566399731571	2.33292439971894	0.353106683766922	-2.74277953310822	-1.5690501034804	-2.5368091300276	-3.14696265336466	-3.80415101238025	-1.24703932559611	-0.887826541556955	-0.533853243975727	-0.109443201380442	-0.98195694385191	-1.50967344776486	2.77320122186712
ENSSSCG00000001052	-0.889413887479049	-1.70685136712912	-2.00226679468363	-1.79439694886191	-1.65815903796735	-0.229778091123236	-0.786562901678658	-0.201984356076895	0.436459201420762	0.0925793696642019	2.67512970439908	3.62632295610225	-0.372830053387086	-0.0493111562695629	-0.292353697114524	0.388049580951487	0.15434442276345	-0.0716992604228985
ENSSSCG00000001090	-0.0233694773807361	0.254133544686429	-0.326822889892527	-0.0317179348883861	0.252406347797731	-0.665150797861898	2.30597550709518	2.90290838021227	2.77757537728757	3.52011774516177	0.104905485043397	-0.542082021726745	-0.427106091692984	-0.00155344155206482	-0.0113330914077273	-0.219987732729433	-0.0987862371902017	-0.613277586833105
ENSSSCG00000001099	0.239235133055316	-0.626587732213727	0.701040026839972	-1.1899455268549	0.858497485388313	0.184479122899218	1.96241702223499	2.96921183334635	2.49937340599132	3.83828810337403	1.96158750569461	2.20574070153282	0.156736437077199	-0.0838788958323483	-0.753115404067635	-0.547355468251528	0.325630291192442	0.678489518174846
ENSSSCG00000001101	-1.29773190341582	-8.20230869812314	-2.98565226673258	-8.11089064176883	-3.47953401101565	-8.26659169415781	0	0	0	0	0	0	-7.02119101581215	-3.2416243787895	-2.90652011685567	-11.0508297015264	-3.56521181075389	0.266861025631989
ENSSSCG00000001107	0	0	0	0	0	0	-4.41686255137604	-3.62016449352177	-4.10850172774625	-5.15240342694152	-3.9126680780092	-1.3092603389771	-5.98935550343768	-6.90582265163006	-6.57964010913359	-4.73848668121245	-13.2785741752972	-1.51099644695265
ENSSSCG00000001213	0	0	0	0	0	0	0	-1.25525941205085	0	0	0	-0.934686036272975	0	0.913203963280947	6.83288155978054	0.220234895914427	0	4.82591094384107
ENSSSCG00000001234	0	0	1.39664605012459	0	0	0.422564973195149	-9.27613965146195	-2.58108745171992	-1.47476480345059	-2.35880922784727	-0.393919298553717	-4.38901142240785	-0.110184325178498	0.801963471370291	-0.848682533051864	1.5141928584703	1.74610493350694	-0.0228203920615682
ENSSSCG00000001235	-2.2726868390824	-6.99926989517971	0.882385178760677	-0.321906123333914	-0.729454525684132	-0.0154720934488103	-5.10485442079749	-2.3606901853468	-1.77794516667032	-3.60399865202554	-1.60410266762614	-4.78918687281992	-0.484423026776367	0.801963471370291	0.779176230519825	0.949388182370748	-0.0655479597576659	-1.69243245881802
ENSSSCG00000001248	0	0	0	0	0	0	0	0	0	0	0	0	0	7.74645602906469	0	0	0	0
ENSSSCG00000001403	0.711255713244659	0.869459567989936	-0.0189398987222366	0.765515034378985	0.883654855760659	-0.308122194903702	-1.81176763670775	-2.29716100361637	-3.84853812481643	-2.53111049310661	-2.07778765869752	-1.92589400977842	1.22318567468632	0.458004418693066	-0.158259931389414	1.26549367337602	0.706644407222478	-0.8079968453191
ENSSSCG00000001428	1.65055100970982	0	0	0	0	0	-8.5348637383289	-3.79854194399704	-8.39640971156394	-2.60488110977499	-0.261089504367124	-3.33467229060943	0	0	0	0	0	0
ENSSSCG00000001441	0	0	0	0	0	0	0	0	0	0	0	0	8.08007447224875	8.3779374242728	0	8.6555571199283	9.3800980632817	0
ENSSSCG00000001453	0.492300866550162	-1.19916745554929	-1.30171414100272	-0.0483409237641754	-0.792494785625398	-0.3341458604569	-1.23347679777813	-0.148649514648665	0.23004732569387	0.847534740450347	3.45057715023096	3.09402550179549	-0.878143799059574	0.0850156444048361	0.150978491038738	-0.167303588661675	0.718158762820682	0.370447851781432
ENSSSCG00000001456	0.409155078071603	-1.16855028395284	-1.00717593563366	-0.0348345500905925	-0.271395846272332	-0.376156685995704	-1.00264830770153	-0.179624593720338	0.36694781588417	1.25689621844471	3.90808135346	3.38626151374457	-0.368205345990212	0.395705271843507	0.481926610298736	0.402583478413477	1.23352658159417	0.638967640628978
ENSSSCG00000001457	-0.164045696511816	-1.32699640117757	-1.86845754669433	-0.369764093863401	-0.873164323403088	-0.289903795300008	-1.45113541716027	-0.336356493254994	-0.12465213831483	0.723002383639088	3.16386894479194	3.12832799525742	-0.857568808925794	0.188099669735889	-0.268542979474895	-0.0171532259687669	0.774911538187452	0.418781194942218
ENSSSCG00000001458	1.57897981510805	0	0	1.69597330499498	1.80791546055184	0	0	0	0	3.22140307188068	5.40877619335848	3.54743158001534	0	0	0	0	8.00504649300497	0
ENSSSCG00000001472	-0.288416474920983	-2.29969371553253	-2.48748086901488	-1.17943181851793	-1.78289377727324	-0.519183389268403	-2.44601771961774	-0.384129830040339	-0.642262345793567	0.212448515574611	2.29616421285671	3.39303068950825	-0.792243175301237	-0.606420535769076	-0.554682879305536	-1.07874000424345	-0.146938413119216	0.0851465013863034
ENSSSCG00000001488	0.878824374766536	0.401064886936253	0.859544850132957	1.44379559783153	3.62035738744778	1.81906020858513	0.612278856804229	0.403417925698966	0.968543949476293	1.82122550674412	-0.0492600239404131	1.16528930008338	0.702294494906158	0.430515417149191	0.823285227176947	-0.612596820750583	-0.0319605430663641	-0.0230364424275177
ENSSSCG00000001523	0.820552994076887	1.94056310102678	0	0	0	0	0	-0.808150086357397	0	0	0	0	-6.51128590804687	-12.3627189381889	-6.36909529002839	-9.15713204455257	-12.3766106939863	-4.66443990792288
ENSSSCG00000001536	-0.48080617799919	-0.492776714814021	0.0415580437239028	-0.634799288010855	1.84740152702855	-0.228487358446705	-0.0430666386928846	-0.445578633669784	-0.378025576128548	-1.35050470739042	0.588260063284204	-0.64620556478661	4.19829195978963	2.24696502669468	1.95708335656349	0.279324003188581	0.419127947706608	1.01691132774675
ENSSSCG00000001550	0.481989048497319	3.85642625921102	4.41954219959124	5.19095500292893	0.19893809072325	-0.552440374842109	0.408783644760091	3.22726642040094	2.74179349704962	0.686932766244404	-2.02402680346048	-0.950076224995997	0.0236678802695854	1.05339013940624	0.996904454578169	3.21946654446769	0.423953619258412	-1.75408821993424
ENSSSCG00000001560	-0.706144680827633	-7.80178380691835	-3.54482315085124	-7.71046862768065	-3.63631534321047	-1.31616067755248	0	0	3.20239260810977	0	4.30424270956837	6.6735946908769	0	0	0	0	0	0
ENSSSCG00000001565	-0.803666398945909	-0.974381019246217	-1.33025706056394	-0.6652502451903	-0.11175497985718	-0.416304438299886	2.44565234219724	3.13126857664974	3.79096357482719	4.34599204707826	2.88896123662016	1.38621579541283	0.158504412221338	0.183100234933359	0.737094903793696	0.0332233835088742	-0.49536123036868	-0.523435078113934
ENSSSCG00000001566	-1.07652154734292	-0.0443767867653124	-0.150883079788904	-0.302690359583053	-0.377827072118992	-0.882047475634914	0	0	3.03437648512901	2.63238678498047	3.2094811830734	4.86431327281224	0	0	0.2532125305322	0	0	0
ENSSSCG00000001572	0.299799094090988	-1.60535491458139	-1.44220005963938	-1.96278032671271	-1.73850719181712	-1.8613004325201	-0.548036405152596	0.0056036424668213	0.616199666766081	0.726309847002578	0.957054538308113	3.50821706987018	0.023826939111685	0.787466312026685	0.66203212973334	1.03994897816026	0.24271978861317	0.0957670942052781
ENSSSCG00000001582	-2.56400087961244	-4.05690066529945	-2.90094293706494	-1.76932523110104	-5.65932366336993	-4.42193909572466	0.664317882520518	0.329303642487133	1.97192561494543	0.0710085381352027	0.985463756904034	-0.848611470826903	-2.06394877140267	-2.81634189395102	-2.17678215430551	-2.52176151459481	-1.49606181303981	-0.650904363028352
ENSSSCG00000001595	0.0145377454875202	0.113221954284907	-0.878769420443855	-0.125257556094937	3.28219882592042	1.04221451360824	0.133264290184721	-0.387278270425366	0.638717413018906	-0.599480611837829	-0.763684485227629	0.182929837198709	-0.565133827047025	0.547642132789394	1.08191766217306	0.235394155322389	0.953662319120005	-0.433047151061637
ENSSSCG00000001596	-0.450155947561014	-0.367962754408144	-0.850292431686304	1.59096926700913	3.49295230649547	1.53166891364302	-0.0884406289952055	-0.16977038565276	0.275276661690548	0.344759691349866	0.644385443797775	0.519463145927078	-0.671614081618699	0.480567714015194	0.722474642585743	0.523653286965396	0.0649152184469277	-0.290219435874529
ENSSSCG00000001625	-1.4604877588851	-1.93246170158093	0	6.56751914181713	3.85993267024665	0	0	0	0	0	0	0	0	2.17525891135162	2.44040448062065	0.545647933406972	0	0
ENSSSCG00000001682	0	4.02578048386644	2.22139401299501	0	0	0	-7.87660701787452	-2.73887994855294	-4.33213964096589	-7.77316047762612	-2.49900427706277	-3.94503589807864	-1.82597082068351	-3.48254130654543	-7.41199745660826	-2.78339848308925	-1.41097080492434	-0.342568587476255
ENSSSCG00000001705	-0.561263441408693	-0.788297803176524	-2.13702239066621	-0.631595091754955	-1.16042745497472	-0.448687673787303	-2.7778766650212	-1.26397905997419	-1.23527702842166	-3.53729747623764	-1.01763431396691	0.0273039169435176	0.0638569151559319	-0.0110055265826604	0.378707358493402	0.232152774373837	-0.599818927156323	-0.555058842959049
ENSSSCG00000001715	-0.996374294670046	-0.218759367950722	-0.360288887293165	-0.0111388221465111	-0.309016355077087	0.563885419228642	2.21270207553198	2.07704147045359	2.48386485656497	4.52502917894997	2.63914426070885	1.64364131769847	0.531419217337319	0.442304470837682	0.701297509453903	0.744076775531687	0.17903278796167	-0.100633612794009
ENSSSCG00000001716	-0.0612404966118219	-0.829434117169786	-0.549308056975462	0.219302778564157	-0.0778905186187954	-0.374220381186195	-0.266800043510734	-0.0118764363073542	1.02306077162123	0.422967882905983	1.08776260139494	1.23727791170924	-3.51112445546968	-2.53995373502127	-2.27227386247763	-3.06548122276828	-1.25119300288033	-2.44302163851246
ENSSSCG00000001726	-1.98405069786905	6.2686895294343	6.92614981233457	3.41142453858123	4.62512791830116	0.660355217145222	0	0	0	0	0	0	0.649686173286267	0.21391752200929	0.674288187662005	-0.184426510024286	1.00141243391734	-0.80768927959478
ENSSSCG00000001736	0	7.71945391149121	9.09938730491415	10.2005299969111	0	0	0	0	0	0	0	0	0	0	0	0	0	0
ENSSSCG00000001746	-0.628717947084656	-2.5888221497809	-3.76452138201415	-2.90249562262874	0.0423063415731975	0.784753542813391	-1.68249920926476	0.62421585972654	1.37814380881349	1.1866708533832	-1.74932670738875	-0.941941907450246	1.14853403059425	0.888508118415592	0.298247147422379	-0.695245553089542	-2.48800027250453	0.237121910295763
ENSSSCG00000001751	0	0	0	0	0	0	0	0	0	0	4.94797482959745	0	-1.09706513616474	-1.44894940838691	0.982063480515427	1.33447017009498	1.12321763803378	-0.653134475256786
ENSSSCG00000001760	0.773526178684744	0.886473650638722	-0.367851080756776	-0.142420425392718	0.355167005609321	0.0603042301801837	-1.46071816307449	-2.30118247837375	-2.25668829803313	-3.34669466444103	-2.62072673713784	-0.293429039732008	-0.208247775868476	-0.15573201393006	-0.433764548051601	-0.533865210223028	0.157867301118912	-0.614830780381425
ENSSSCG00000001773	-0.341791819245054	1.30034227791574	0.351061051345962	-0.330360091172055	-1.25399173594957	0.0220233489529199	1.98601441457815	1.40033242289444	1.84606419423219	3.63348380346816	1.71319749746296	0.183185217258381	-1.76930704314719	-1.8071178880723	-1.47576246889372	-1.3767301145677	-1.28582511511372	-0.248399279318712
ENSSSCG00000001775	0	1.07515773829728	-0.0747566800971657	-1.34426114109403	0	-0.679273933557543	0	4.01820596322821	5.41269933855758	6.24234423428747	0	2.53313166339173	-1.45580221821275	-2.73122813795514	-4.74242249868319	-3.15873528332799	-3.33072738211469	0.432908813186153
ENSSSCG00000001780	0.487964625704318	0.563253136632516	0.127730390175587	1.13461981512398	0.218713708195438	0.110410382556993	2.80406885603138	2.49586888301573	3.11082084479921	3.22346031947055	0.550221034591083	0.0542475450640533	0.203788439285817	0.805777342115829	1.02496675977937	0.428560954293323	0.558515235356529	-0.157739549644419
ENSSSCG00000001789	0	0	0	0	0	0	0	8.34507652556439	9.90866629062141	7.13295998095398	0	0	0	0	0	0	0	0
ENSSSCG00000001808	1.05901437488671	-1.6236464455063	-1.57585404067122	-1.32741317904897	-0.868535670003828	-0.0680817403737588	-1.76041857500009	-2.01881206087349	-2.43173717611367	-3.37669886749417	-2.29580200374272	-0.331795269597435	-1.30915839650569	-1.06758452403179	-1.13506370769548	-2.86920230474541	1.04393857577085	-1.8766915204308
ENSSSCG00000001836	1.19585911523276	6.77247208754465	7.05923932325526	6.59062681149531	-0.0223092786579719	-0.476321328873384	0	0	0	0	1.53409752686984	0	5.47057782994438	4.77106808697638	3.75375805537247	0.628140616315949	1.035468849496	0.702477669917808
ENSSSCG00000001841	3.01754005946885	7.17024297928093	4.68294076665194	0	0	0	3.57718555594316	9.4558773013512	8.0838073365041	4.35646419161933	3.12878630490563	0.914878911073354	1.85770642710351	4.31419042606865	4.3091150131155	0	0	1.5329467860595
ENSSSCG00000001849	0.66907335970367	1.68750524781884	1.08429267836322	2.05348741089829	-1.16856286969767	-0.43510874968033	-0.430717147349948	-2.38851339290429	-1.18522061534075	-2.9793542741107	1.50598937135899	1.1429259246338	-4.89485409957262	-4.23034096412875	-3.63142553422876	-3.28604881730061	-4.07201587925019	-2.18439354237463
ENSSSCG00000001909	1.70059782193907	0.756729507474813	0.711481458009553	1.08165248840638	0.530627642956643	1.23696607759694	-2.64779203635523	-3.86008003888484	-3.51281085401056	-5.73322331428225	1.45309309422458	-0.855776576309241	-0.552385256888553	0.506609413506441	0.857174839070409	0.428161894229169	0.837514005798662	0.206719178353991
ENSSSCG00000001910	0.622915262745432	-0.101984243206803	-0.612282342720696	0.518735026024516	-1.3194033069768	-0.478063166529907	-1.85219561581464	-2.28080347133855	-1.63694529296373	-4.19874960366098	-1.78359109905037	-0.201984980865555	-0.394996424944197	0.0832248773307632	0.746657697021145	-0.621253647858612	0.263159915475353	-0.0314737754782322
ENSSSCG00000001920	0	0	0	0	0	0	-1.28086445799235	-0.779013045390127	-1.79129062236492	-5.26435889665983	-1.42413409334652	0.363230481979051	-2.07596168351891	-1.89680109013082	-7.092185589556	-7.06099461557061	-0.101910565436519	-0.213896864424895
ENSSSCG00000001931	-1.58599123314118	-3.50958458361138	-4.16928796464133	-2.85018895064759	-2.18979905789989	-1.35596489949678	-1.33590951536218	-0.200422773259426	-0.797283454922091	-0.295536777482337	-0.250590919097246	-2.55269020695127	-2.01123823664272	-1.89618607768761	-1.96569266351631	-2.27310453311406	-2.51853296510215	-1.21842021285453
ENSSSCG00000001938	-0.626465337216939	-1.80649569932812	-2.63049864009332	-0.122770198306381	-0.203381434789009	-1.52172892640352	-1.3666208007386	-1.99127193537184	-1.95792248258017	-1.20171851503511	-3.2161670331427	-4.08666625063659	-1.09473888218054	-0.82146343662894	-1.14154747121397	0	-0.155555182454494	-0.0228022953902422
ENSSSCG00000001963	-0.660522799649499	-0.461973139990401	-1.63968679955616	-0.792695998265966	0.034310598528842	-0.94190329173901	-0.798324201093498	-0.652676795360806	-0.566658612691119	-1.55203306640438	3.66768620761202	1.47054204742723	0.775135105507	0.520092698315656	0.968120609184356	0.506383297180871	0.232921167995386	-0.241261049815857
ENSSSCG00000001989	1.52033119958307	4.65971704605156	6.92865577478547	1.20008088655221	0	2.68347827375578	0	0	0	0	7.45399093044498	9.62310432595026	-1.16368525618828	1.70133293780291	0.724449552302574	-2.201978629423	-1.44404489393974	0.918757051646605
ENSSSCG00000002012	-0.835252315091565	0.0912697881500572	0.748968653816855	-0.77753741153806	-3.93984206752273	-1.9083325109789	2.85350227089494	2.36458311779565	4.03796686743947	2.74856632390872	-0.400914890209985	0.544283722911254	-0.328391426587179	-1.46177910196145	-0.801369804396507	-0.675340971683428	-1.00789623586878	-1.07993930846397
ENSSSCG00000002013	0.292001067395837	1.02093557724923	0.96473907971872	1.56143922218976	-1.04999645896264	-0.769095920348408	3.56894189572354	3.1631016090206	5.85753665669384	4.89701468185399	2.03375359646019	0.659869357513365	-0.709541281620743	-1.02456020501046	-0.0587936459550537	-0.420218512691193	-0.793758386942245	-0.378429956523077
ENSSSCG00000002014	-0.323605549087058	4.46248273855875	3.73131826302297	4.13408447840532	-0.181017046954309	-0.577969892195894	-2.00257647798708	-3.00546696138725	-2.23470753617371	-4.36217163126886	-2.09312265381363	-0.739702303142926	-0.424761694338984	-0.395298344275977	-0.680878686695885	-0.707932250474805	0.474515057255282	0.41731808840144
ENSSSCG00000002026	-1.5748636660982	-0.252324589160505	0.0767954623874772	1.47985339823459	0.97164261536018	-0.173134879268674	-2.11087773151637	-2.91997995011779	-2.21248197912821	-4.99417179444923	-1.87252952113339	-0.142411682816295	-0.367921340913166	-1.34267285014836	-1.25442156856506	-1.12035263064723	-0.472026137776872	0.370631834504135
ENSSSCG00000002028	0.929550503271787	0.099824168063918	-0.0219474165241913	1.34285878139954	0.0926319436535388	-0.102705297787549	-1.17575211283964	-2.32692265679672	-2.43244298964632	-8.34037394922094	-2.59071352336709	-0.31208349482764	-0.588868270159211	-2.32673212315574	-1.47712689464118	-1.8587558591378	-0.551795296370526	-1.07255509882835
ENSSSCG00000002029	1.21277054263347	0.739810843266672	3.74060183646852	1.44290817147393	0.808148344375204	-0.600264503052924	-1.0697451776295	-2.24183400935246	-0.949510391077608	-2.23930810305763	-1.54852933304526	-0.734738138132929	-0.393876303409036	-2.14480875972704	-0.771404022607756	-1.944548867217	0.248858355412096	-0.702859078504177
ENSSSCG00000002041	-0.00373270686442359	-0.853283118965203	-0.785656089432539	0.033482206794589	-0.360504427282597	-0.232788657864268	0.258054682797453	0.237231031859361	1.39341933868753	0.35808507770265	3.68076165423338	4.34560105773582	0.428146847645615	0.621104013932996	1.21233519231288	0.549102304946947	-0.171310904076396	-0.0230314453938728
ENSSSCG00000002134	0.819721525562851	-2.6391858256542	-2.47882491225093	-0.673016290367787	-1.4254485826813	2.95224688281813	0	0	0	0	0	0	-4.609084107486	-2.12005999340709	-0.933154980810399	0.672623836190534	0.0730238516359624	0.799803375444787
ENSSSCG00000002241	0.0960771259204403	5.95392278741959	4.50084187014651	1.20720542838335	-1.0079816659425	-2.72631772417615	0	1.75137051476074	0.479953770856687	0	0	0	0.372213462773931	-0.478304095023939	-2.12971908405435	-0.608609769689775	-1.12539618710352	0.297223861949765
ENSSSCG00000002262	0	0	0	0	0	0	-1.11865978939996	-1.2482596056534	-0.943461300341786	-3.00263005601076	0.538794800306445	1.25583952612964	0.0387782467825322	0.364767988900197	-0.926408385630578	-7.6728724380482	-1.50795335083338	0.648942483597141
ENSSSCG00000002265	0.0838313571084164	-0.456496755931412	-0.738936140320491	1.00631510026732	2.32059691553416	0.773927418295559	-3.30586572322713	-2.13649602828865	-2.35162046425789	-3.05684643796553	-2.92150562672697	-3.64845074613857	-0.391036498134886	0.938338275182828	1.01514257271554	0.383423247968884	-0.252422864038487	0.151019661916008
ENSSSCG00000002279	-0.788691011347357	-0.79113597953742	-1.31770840569021	0.0721394605181193	0.482689145065054	-0.0270587816927839	-1.92075551522917	-2.90892829650989	-1.91910301127636	-4.25410538656756	-3.15224300195496	-2.42972842902785	-0.33216463333694	-0.49263704842549	0.0469036333928855	-0.329286189330794	-1.27480207204971	-0.475659715747348
ENSSSCG00000002297	0	0	3.49479481331294	0	0	0	3.23591026152625	2.37675194778086	4.26340324873718	3.63906626659935	-3.61204176780762	-1.99328275903793	0.18750448501987	0.181011227693542	2.90329716483645	0.657926574248666	0.235484748607008	-3.64220351787383
ENSSSCG00000002314	0	4.98761183287036	6.82611252573251	10.3266720040621	7.79935159977128	5.7955537923131	1.00083405051591	0.438521526216031	0.821372238105546	2.83206089870597	2.25990741846222	0.63072651749605	4.74368601458215	1.19615590985617	1.07815635433707	1.27021700899889	1.81726585788966	-0.0229096485250112
ENSSSCG00000002361	0	0	0	0	0	0	-2.76359057854949	-1.59818108548515	-2.45302946515483	-2.94349098062532	-4.21051472463028	-0.300465960592592	0	0	0	0	0	0
ENSSSCG00000002383	-0.60061388442433	-3.4081406854226	-4.41605307619108	1.34875692452402	2.816789621213	1.66511381646182	1.26305626101696	-0.0754100935291844	1.27644052896377	-1.00507793175309	-1.11167869336649	-1.77966546950301	-2.32805811650741	-1.5129292078011	-1.80435204897738	-2.21795843196523	1.33632985130506	1.30054291086044
ENSSSCG00000002388	-1.24180747142628	-3.70288031947513	-3.54482315085124	-3.51750945183945	-7.76826361827737	-0.736340145398383	0	0	1.56566296872186	0	0.870498233304808	0	-3.03131010848058	2.32964419382845	2.15491195459755	1.10502580311148	1.67461892474226	0.727426550316703
ENSSSCG00000002399	-2.71753410278798	-8.82402566706061	-2.62790135018205	-8.73249504315091	-8.7904279757366	-4.84850045585977	0	0	0	0	0	0	-2.20240305411676	-4.44106006628853	-2.77876324533417	-1.13720105993214	-1.33795373047418	0.113220834750926
ENSSSCG00000002432	-0.164160642085558	0	-0.80065214150548	0	-0.168170559034723	-0.361948184150319	-1.13398224407037	-0.401052158261573	-0.825164825740371	-1.47880986181784	4.14053623777642	3.67993173045593	-2.1814330871157	0.123359892329704	-0.150727546171995	0.259362644961897	-1.88734749025589	0.825411900508101
ENSSSCG00000002442	-2.50376168206167	3.09118963796517	4.3866673903819	-0.407150723118232	4.16415113693975	0.773009096758444	0	4.33944795460131	0	4.89239098371792	0	0	7.99550864507277	8.20855441436725	0	8.47914592633727	7.33850974029164	0
ENSSSCG00000002443	-0.488829458955428	0.637682498955222	1.67514717912176	0.193849778143319	2.3455270290648	1.18268953430824	1.9611968574919	4.16882950939427	4.61091261126877	6.38043362821356	0.431579686226364	1.49829831567775	1.45358159963914	2.94969124980048	2.89050923196366	2.39294210672608	0.537542927865487	0.883627858924379
ENSSSCG00000002450	0.926795150906892	2.31605688409497	5.63277022271599	6.93930775628627	7.33606055217769	5.01215444231735	-1.20617753857135	-0.445567754889875	0.163787686366128	-0.295224695673826	-0.336893035557822	1.31167735960686	-0.503762047061912	-1.45531944643875	1.3463981433172	1.25458616654771	0.534197575584929	-0.415703191736628
ENSSSCG00000002456	-2.45957037193525	-3.64415398824848	-5.30333524655507	-2.40507414293251	-0.065634487806934	0.256157757442049	-0.251140746435198	-1.29948195472602	-1.68554626717861	-3.75859239964252	-1.99489602103771	-0.725430325920715	0.85994859672601	1.44796550846041	1.12707354659849	1.51597406918211	3.05215895553417	0.0321704625026576
ENSSSCG00000002467	0.0298286060206221	-0.592525462829694	-1.84937278297443	0.562606809133272	0.00274161731764389	-0.264273417116532	-2.03953085694952	-2.89968037665251	-3.44811286043208	-3.94210385086932	0.312020832109707	-1.32977899944285	0.370457747107553	-0.827657495274371	-1.91731021769553	-1.44790598812714	0.788332720950613	-0.452797598667981
ENSSSCG00000002474	-0.734597482918368	-3.85440579245158	-5.39128194953957	-3.66352979540945	-1.68587506204385	-0.972791811984928	-0.10995775498967	-0.276223792943707	0.448267251070321	1.5475181753412	-0.918315930936368	0.581175974357141	-0.120716256111346	0.148791247138277	-0.529941707045201	0.297207880044771	-0.253620722317813	-0.328302437970949
ENSSSCG00000002475	0	0	0	0	0	0	0	0	0	0	0	7.67060032500212	0	0	0	0	0	0
ENSSSCG00000002479	-3.98612658876183	-5.04882444275224	-7.91580444957686	-0.127541904485787	2.77650742799847	1.18335794541335	0	0	0	0	0	0	-3.8038011132921	-3.81443671997765	-3.0289748844066	-2.30189313830824	-0.940076490239423	-3.0085709867564
ENSSSCG00000002497	0	0	0	0	0	0	-5.15661122399497	-2.89308987961458	-3.31617825099726	-3.97009663450283	-3.28509128685697	-1.08958651139027	0	0	0	0	0	0
ENSSSCG00000002552	-1.89453077757615	-1.41817721374825	1.33388860238279	-0.519932179354095	-0.767371650562918	-1.54494162498685	-1.81727067532789	-1.69574582236179	-0.512233739527856	-8.40158901756099	-1.22686985711858	-0.488408576886731	-1.60331088213066	-0.631441220838829	0.751723011938079	-1.37057564789079	-0.314481084492111	1.50080876049524
ENSSSCG00000002623	0.293929817345616	1.40914367643328	2.61880467936665	3.71536939118218	4.18766888750374	-0.145577704120579	2.07936657844591	2.51340981164446	1.52210846724352	0.00851980941754228	-4.49217760461377	-2.6461505969899	0.17242839102837	2.06507564657396	1.63628975824878	-0.952785050651104	-0.473822373305452	-1.20276233801918
ENSSSCG00000002639	-2.47609799645138	-9.16039731350457	-3.15391600237007	-1.85973629306096	-1.02989000719039	-1.02255608240213	-1.45335257154136	0.549842203548814	-0.893707983776386	0.0407720053283198	3.88108850554073	1.40321850180875	1.06497634891379	1.5689802347361	0.0813786237500328	0.246821411780485	1.38812100079903	0.832344622084971
ENSSSCG00000002651	0.694075503045509	-0.496454191079717	-2.3077102687709	-0.981867515099868	-3.8387481894337	-1.89258949256851	-0.362715770835147	-0.550156910766259	-0.393378431701809	-1.40277797649201	-0.331882060956127	-1.151542522671	-1.41924012226494	-0.676922037695345	-1.22848599504829	-1.5266038323294	-1.29412756614024	2.82887966291574
ENSSSCG00000002668	-0.833929572752427	-1.51416948600314	-3.31308664231416	-1.301179650685	-0.650736318718776	-0.680996906833204	-7.96643273374093	-2.82870479905354	-0.386611758217747	-7.86295852939457	-2.33147133008665	-1.78424178068672	-0.383218118311909	-1.29929300514916	-0.666788896777486	0.293903544206448	0.587377682985086	-0.88771242934438
ENSSSCG00000002696	1.31673903755662	1.07256064417842	0.859147942346838	0.752177843302607	0.506670318493222	0.569370116797396	3.93468002807627	4.58452103707149	4.60570176047819	2.91056116662199	2.02381471116697	0.0674124116871688	-2.20430335920148	-1.01743106808398	-0.451315375837455	-1.73530737532936	0.112877546452157	1.02719109093983
ENSSSCG00000002700	2.83084612447783	1.26614479270732	3.85255363961977	0	3.51878963846995	1.79837704655662	1.37559158929113	0	0	1.12197997571808	2.5388068474704	0	1.46636204985439	1.12548391336635	1.62710612183128	0.240639975448409	0.815830407509245	-0.121526941785786
ENSSSCG00000002709	0.242836369098505	-0.422430060945907	-0.396725458147469	0.115896246808116	-1.67101063506474	-0.715671057745047	0.276702913968133	-0.703706949827327	-0.443083701650538	-1.2915570119141	0.57257470125845	-1.55263895618842	-3.23016465027723	-4.15417984468058	-4.68775153654702	-3.89387729563709	-1.95864141268984	-0.482667615520593
ENSSSCG00000002718	1.28259610830115	0.199618595721835	-0.396411100979641	-0.36828710802573	0.828405295302569	2.29431692102981	-0.570169081400962	-1.13093530017729	-0.340578591183692	0.593157701209841	-4.5018471765769	-3.4746832023165	1.30297609427813	1.38585275266862	1.76987504551031	1.39898146390652	-0.891202428876548	2.10711486871482
ENSSSCG00000002720	0.450082607310605	0.300155599299296	4.05660882197218	2.11444067561378	-1.86984477673589	1.57373723936977	1.12596414428223	0.963364069005666	1.26899082727567	0.665267455495931	4.18707036696124	2.81335911871692	4.16672335510704	2.78354138264403	5.37662067945883	4.51337573703902	4.73066812743815	1.15558883749684
ENSSSCG00000002737	0	0	0	0	0	0	8.26353035927016	8.34507652556439	8.82109053098808	9.05136564533452	8.10307248291013	0	0	7.47483650044798	8.68119964133335	0	0	0
ENSSSCG00000002747	0.868598463233225	1.7623064119854	1.07333081004121	-0.992987702213605	-2.64291771597384	-1.30701466167607	-3.93696254162713	-3.23744864399857	-3.62622849010509	-4.68904072637143	-3.31193542237466	-1.42066376764292	-1.5128262956787	-1.36178510828476	0.0110906268383754	-0.159167912523786	-1.04295480652272	0.519030152013335
ENSSSCG00000002749	-0.0430724518339284	3.08013121226853	1.87289942579609	2.53459318631354	-0.572798758118289	-0.996749214102916	3.9113261604441	2.30154918191777	2.454754380261	3.27089078727585	3.35023203328805	1.19039908282851	1.83084371549961	5.13199465962771	4.73308789175604	3.49578679443376	2.46552825024635	-0.309726630355652
ENSSSCG00000002764	2.93045832113795	4.85808843075776	3.60116466615141	1.92347260164682	-0.177025835013431	-0.0889912948563641	0.585910862713917	0.00985068100453959	1.19532564789454	0.276873105680106	1.12203198852145	0.819205470829083	0.843037290844698	0.88393250692955	0.909781313494054	0.572641945477442	0.389399808561322	-0.0837387358147247
ENSSSCG00000002777	-0.000997460321667873	4.02342530297747	3.059236243027	2.09044069672437	-0.954701105496208	-2.2223782683601	7.07280731212939	4.04981928578931	5.29793436109019	6.00045247753299	-1.34922669903031	-0.240915565546726	1.78838003939291	1.45585086601296	2.10130837288528	-0.375468141346475	-0.413106703579559	-1.19882257619354
ENSSSCG00000002814	1.23712776579068	0	0	1.03472615315036	0.37769532964726	0	1.62055213113886	3.29187018250011	2.34766547134912	1.96965705081223	3.32087386543852	0.0469787415966299	0	0	3.22648357261512	2.9970741968279	2.90624546345663	0
ENSSSCG00000002817	-0.576662749939966	-0.907675331084173	-2.24560261984228	-1.69413127755251	-1.7564828159679	-0.944022170326753	-2.25559100420654	-1.43331402803261	-1.39009710979502	-3.51177847534965	-2.50222625635542	-1.89277816824432	-0.0942367699827011	-0.186654985150122	0.235151441386409	-0.291779289102767	-0.736715394736775	-0.606040902284681
ENSSSCG00000002825	0.0347707855134755	1.23078424938446	0.196684792198495	1.08806298636491	-2.81264343447719	1.21480251258985	-0.596780645130907	-0.232432284245674	0.480934005793485	-0.587963086533108	1.41715426405341	0.793443580495679	-0.698689040532074	0.735256851740494	1.2453079316331	4.72906333596184	2.19971554710093	1.17326984273859
ENSSSCG00000002827	0.54180931132179	5.3099538787685	5.65904315854546	4.72502894473021	1.58208535458055	-0.651077835173927	0	0	0	0	2.17272946304379	0	-1.56828970216786	-3.07642636205677	-2.72697470049695	-2.08460674979203	-1.81486499577165	-0.674370830063025
ENSSSCG00000002835	0.878323448972658	-2.38913425913734	-1.97919012539548	-1.24646848561436	-0.335937601137107	0.707519902985681	-0.462205806149235	-1.61338254017403	-2.29187167391069	-2.37296297449498	3.6178924669595	1.43577775568648	0.465503332999501	0.507368107594868	0.311508091492497	0.660565350471694	1.12446817562192	0.0167006132980118
ENSSSCG00000002847	2.48434152692457	3.76460737153642	3.78403404480949	4.23114325052025	0.812003856540579	0.200610148807938	2.60410731895738	2.2036738847529	2.29110132359011	1.58172309262191	-1.84633979043545	-0.366640984134304	1.13575925599173	0.727749701447584	1.3774773223121	1.39685276901797	-0.919632863520945	0.108828649834569
ENSSSCG00000002849	1.70216907302	-0.393502653345258	-0.80262928158682	-1.00855493462873	-1.69375731349582	-0.701005141104429	0.939835091274826	0.0851314589945279	-0.205853203236222	-0.30690027721268	0.549485925752649	0.427475332707264	-3.22658750426805	-1.27016460590118	-2.28918216495634	-4.73945796844326	-2.4022692229606	1.3659164875225
ENSSSCG00000002887	-1.13908234796528	0.234274092917761	1.54757439089014	1.31915695509984	0.840697107967924	0.232620571488364	0	3.22512763597069	2.90047257913735	4.05636884058991	0	0	0	0	0	0	0	0
ENSSSCG00000002893	-0.194731148204645	0.139401943019106	1.89290875162642	-0.136350209117926	-0.953058134967619	-1.420114256164	-1.44294150310277	0.640927960671474	1.91612510710736	1.63313350139816	2.61918022010808	3.73645522636356	-0.180531558213189	0.358869727041041	0.446743048316321	-0.0313179091010747	-1.07134510672353	0.283563163839065
ENSSSCG00000002919	0.0907576304591075	-2.14903843543907	-2.02853184077131	-1.01567301169503	-1.48202181281108	-0.550337408707739	0.0586047944122835	-0.154160222322027	1.01541321003011	0.139430693904497	3.05026282621334	3.45488812281729	-0.157326607813396	0.566200971621191	0.809752883146096	-0.0536903776218873	0.696062201277677	0.625610663616361
ENSSSCG00000002927	-0.223884086059075	-0.557893987422677	-0.807761574245543	-0.105805110476443	0.0925592511922568	0.447942532689684	-1.83526611582647	-2.34028558578373	-1.67426308565719	-4.47885105686173	-2.34816178869851	-1.037983187615	0.0115826774531136	-0.48952841829988	0.576937826321018	-0.0357811768303506	0.80386961148461	0.128624223193321
ENSSSCG00000002960	-0.117654008366335	-0.801745471558728	-0.207133413756226	-0.980402165331552	-0.0607220706779561	-0.67980417342926	-0.235720756790178	-0.132538940602274	1.1002955404563	0.42134017022191	3.14661071795771	3.9971931013464	0.0448002081089447	-0.398337928805748	0.665234196452698	0.263540574966651	0.455483308015129	-0.152038769591475
ENSSSCG00000002962	0.14015436307754	-1.41603975859798	-1.93273489819283	-1.30635669175725	-1.68884456695065	-0.972090395445982	-1.37971441257357	-0.0277451812555513	0.94022763413844	0.461119381028704	2.9911797326666	3.55360557723675	0.368603146060899	0.54171147076025	0.767288949527376	0.679669306470393	0.232756581725586	0.337089782200055
ENSSSCG00000002978	0	0	0	0	0	0	0	0	0	7.80717220246013	0	0	6.95710847485132	0	0	0	0	0
ENSSSCG00000002980	-0.539566439328804	-5.50560960398642	-2.09890615532639	-1.93405714474309	-1.87284269506945	-0.527154505981898	0	0	0	0	0	0	-2.84667985271357	-3.84154194027578	-3.34694709087002	-4.26453238953789	-3.45978527418606	-1.58379968074785
ENSSSCG00000002987	0.0264500255978806	-2.01949037789509	-2.17245115811918	-0.00671799262564445	-7.3554302688698	0.147681135159532	0.110566719797427	-0.73009838461809	-0.242611851113982	-0.316731012075546	-3.5450470261919	-2.72600971539176	0.632375254583425	0.685986187503627	0.81767936552915	1.13306671644643	0.725519407117136	-0.202817623071485
ENSSSCG00000002997	0.449252775064714	-0.970938076548596	-1.79928102182688	-1.4851428871277	0.0926232838002897	0.45364062863312	-2.11702907626328	-0.963068542064286	-0.509638950513444	-7.14451500384653	-1.03720066131035	-0.30722557747138	1.35682816662947	0.936175151991657	0.796566516695454	0.535816965909446	1.0446767399126	-0.488514231517144
ENSSSCG00000003017	0.309390822808169	-0.861174637416075	-0.899926538365071	0.290847613846871	0.62510227161334	0.579860335041489	-0.454239847764996	-0.0986756609031075	0.554624181448653	-0.0122830434575021	3.56822080133581	1.49686832136123	0.290663416024333	0.652637634312596	1.11187190856353	-0.177001043332555	0.889155687596893	-0.0342469812331181
ENSSSCG00000003044	-1.39652118578861	-0.254870211921732	-0.505347910320355	-0.170675791865131	-0.407766208871472	-0.0205167092229029	2.36957377445572	3.65321842412215	4.15361039013315	5.69813965943328	3.53618098582022	0	1.24418788110083	0.695946865843203	1.45242548700178	1.29612821080251	2.04054022007182	0.336871704674446
ENSSSCG00000003047	0	0	0	0	8.48818200223279	4.98559122529128	0	0	0	0	5.89260549587036	2.64361748153379	-0.0468527474206831	-7.59573441939322	0.287280987349561	-2.52005427415977	-1.90414860903296	-1.8756353598671
ENSSSCG00000003048	0.00705347296417358	-3.66451775210292	-10.4181777237221	-3.95470685874469	-2.8847419423817	0.646196149741695	0	0	0	0	0	0	1.35304371534282	2.12166771268589	1.0606109120279	0.892240045138326	-0.0342120270850542	1.40957167160454
ENSSSCG00000003053	0	0	0	0	0	0	8.938282210735	7.66871900788244	5.70815013427937	5.43569665539088	3.19393878379455	0	0	0	0	0	0	0
ENSSSCG00000003069	3.40728121454293	0	0	3.77236823678591	3.18234046556168	4.79275943648284	0	0	0	0	3.33980677314549	1.62450395717209	1.04753692060532	1.86731001911521	1.82600597500849	1.47248892127688	1.80039606439583	0.29476182315886
ENSSSCG00000003073	0	0	0	0	0	0	-5.46103814124678	-4.89599673895544	-9.4936600703971	-9.52855422035992	-5.52671383550653	-4.74523631223821	0	0	0	0	0	0
ENSSSCG00000003080	-0.89298070022762	-1.37265436132518	-6.92128084605423	-2.71531129149374	-1.87565689148005	4.21313115283828	-1.53874451454278	-3.78820404836585	-2.52777768198586	-2.03659034675379	6.69337995038221	2.99505281622998	-1.20607494944739	-2.01031879238278	-1.63404538862099	-2.36635811380519	-1.33401017297737	2.03313012429462
ENSSSCG00000003081	-0.855454850144164	-1.45041315138069	-1.94780753667896	-3.60678608326553	-2.09547772331335	-0.736034778552436	-1.46407180080078	-1.6754246211624	-1.9459858707862	-2.98971097397673	-0.265316628006815	0.370804158701077	-0.509553753244907	0.0303456859769217	-0.876919829763852	-0.496979794150011	-0.228663891028102	-0.208609308154697
ENSSSCG00000003088	-0.0962188095562625	-0.956844003666083	-0.952511602359278	0.017583899165168	-1.14384335124903	-0.781474647276332	-0.450962286836819	-0.652703503196486	0.418137540489137	0.668821795293975	0.801601545210086	3.52489354866528	-0.780752667528582	-0.859653022188407	-0.661286857380196	-0.485410255477959	-0.602298453752477	-0.868588629005267
ENSSSCG00000003101	1.38906234525431	2.27312725434216	2.70211080147917	2.82044188186281	2.91083810577411	0.369190268756601	-1.38285320928758	-1.4492734381832	-2.79051900401779	-3.44441139056665	-3.73806727370716	-0.149808574046615	2.2426294593856	2.14292444605556	2.30674715936533	2.92484496525339	0.975293537459678	-1.96686325485702
ENSSSCG00000003126	0	0	0	0	0	0	-1.47235788414076	-2.99599129390275	-7.03637196937293	-7.07105099297805	-3.06842006534211	-7.29505173248777	0	0	0	0	0	0
ENSSSCG00000003139	0.184870681400532	0.412503310190115	0.442702435668008	0.685945816230981	0.00992238660849644	-0.0229816195557263	2.08748579213863	1.72169793888263	2.07400545217585	3.07480067382974	-0.0450588930557187	-0.00228158283831297	-0.0176260205678352	0.149735663701529	0.399291821167261	0.0461299353697561	-0.192470056363892	-0.327581052860334
ENSSSCG00000003145	1.64001094604274	-0.313849116827577	0.823306163861773	4.51042287157751	4.29245588676138	1.03711495875586	-0.544993350529649	-0.904533610973353	-0.639694996641466	-1.3132798511252	-0.900719569318812	-0.338947376934414	-0.160305517905649	-1.30997773348729	-0.731031750077305	1.14582392251519	0.0971476105764334	-0.479198678445779
ENSSSCG00000003156	0.458767999133675	-0.546790912837494	-0.584341402160815	0.170983455474031	-1.75446840668128	-2.03140337424794	-0.158894535216734	-0.00999442604565526	0.952890623841407	0.167463336299477	-1.22348545180243	0.972554354348022	-1.81598755719458	-1.84908512998388	-1.39651934415902	-3.52779342611179	-0.830811566489437	-1.53776055592194
ENSSSCG00000003171	0	0	0	0	0	0	0	0	0	0	0	0	-3.88446140304535	-4.01604722003844	-7.94541898945807	-7.91412408050784	-3.48690436954149	-1.41131365782894
ENSSSCG00000003214	0.771218506739756	0.945837564292335	2.82306114140809	2.65376078249622	4.06607233509667	1.85414571568224	0.561117885037136	1.49403849984938	0.728618594821443	1.91755384174067	2.39928105566121	0.506867428307525	1.1034454012769	0.3350327571182	1.1553434070063	0.122596309816486	0.661021513922048	1.0282751096987
ENSSSCG00000003231	0.129791326152702	-1.43214258275169	-1.1636359625731	-0.251129316183743	-1.30978515394912	-0.413126511985858	-0.438904553880477	0.179602346424305	1.21091841126225	1.17656283768094	3.60265832459338	4.54789174030181	-0.373423700728661	-0.199371117070901	0.577249257214219	-0.223658137748963	-0.113162267821698	-0.40540072405034
ENSSSCG00000003239	0.373024331050598	-0.545345489103471	0.655563727721934	0.129581381772287	1.00541946819007	0.0789730733719542	0.0296129652608256	0.942012514064872	4.46843559074316	-0.567763127621478	2.06083742100013	-0.479531219601704	0.446408290020503	0.570489766133225	0.759032902387049	0.578412147800792	0.388300088259182	0.261151191872626
ENSSSCG00000003251	-0.164160642085558	0	-1.37189536936338	0	0.82318138763298	-0.679273933557543	0	0	0	0	5.52934261673357	1.71730911741999	0	0	0	0	0	0
ENSSSCG00000003259	-0.452416336957661	-3.35671926350672	-4.12121838285578	0.611142140265312	0.386413921653207	-1.22988094722728	0	0.313578002738999	0	0.658923408455693	4.49996390641921	4.73107756976214	0	0	0	0	0	0
ENSSSCG00000003266	-0.395680615499041	-0.192375921645822	0.0385813518372412	1.54063792109934	1.67142396957348	0.361284424820036	-2.6205812870934	-1.48510693980083	-1.82834197986204	-4.65318781569446	-0.665230116757151	-1.34228981730532	-0.500183024368262	-0.878842255442985	-0.18721415815277	0.395491120105592	-0.228038405953758	-0.433372619878003
ENSSSCG00000003272	-0.374717589493393	-2.98353600268919	-1.44316343211255	-2.39482627994367	-1.53668509453783	-1.03911160581173	-3.40418164730803	-1.61941792201813	-1.42114982217541	-4.13986901282091	1.34589535605326	0.45921403466334	0	0	0	0	0	0
ENSSSCG00000003278	0.971972812380985	-2.02456821085729	-1.411871829403	0.159521367695825	-3.19153737416139	-0.598346110342275	-0.466436421887545	-0.459290191520073	0.945892553856767	1.57979349652725	4.48739254178205	2.56951933515333	-0.727039904086525	0.918960907154991	1.8169827939291	1.15961780827626	-0.781274630810491	-0.43492670188953
ENSSSCG00000003282	-0.727402331593395	-2.44345602624623	-1.9211721601427	-3.45974125914056	-5.11011440197037	-1.17618957264123	-1.34648443674529	-1.18923573190082	-0.625184311891465	-7.5206716128604	3.8654222988876	4.57580764190728	0.456605754087704	0.0838213667465762	0.171808831423292	-2.44270273888257	-2.61455872659317	-2.14990338247422
ENSSSCG00000003286	0	-0.429483924619495	0	0	0	0.0222369717244951	-3.99761045659269	-3.41935157626168	-3.11660799020386	-5.66134113105011	-1.39993258646633	-2.57206965981891	0	0	0	0	0	0
ENSSSCG00000003307	0	0	0	0	0	0	-4.63370522296474	-2.94065077700753	-3.33221839321588	-5.38574439876468	-2.54769139903046	-1.65180852482845	0	0	0	0	0	0
ENSSSCG00000003314	0	0	0	0	0	0	-3.31328741796472	-2.73503219174528	-8.30554102951264	-8.34037394922094	-2.08348076858387	-0.642069688474282	0	0	0	0	0	0
ENSSSCG00000003356	-0.124590998030842	-0.196921562315906	-2.17245115811918	0.627418104780008	-7.3554302688698	-3.41313745149458	0	0	0	0	0	0	0	0	0	0	0	0
ENSSSCG00000003366	0.984931206122294	-0.0989668688798993	0.0639075687101516	1.05143521394114	-0.514556117567334	-1.44391357925052	-0.322856912961854	-0.315733768874507	1.10570143160283	-3.11446867217333	-7.54121463152626	-0.33596018157089	0.269424695843055	0.659491192507328	-0.243733232186357	-0.595650016323806	1.63172631158318	1.08150427294536
ENSSSCG00000003374	-0.254701173257288	-1.55487268067412	-1.13068916304102	0.330447549876009	0.470593165036427	0.364449848464322	0.0411659166485403	1.20612768642934	1.62858305829605	3.44917723975493	0.165456325590868	0.101512669192126	-2.16529398079577	-2.03883534117527	-3.41092636968227	-2.73456817017545	-0.17211253017999	0.661701205385877
ENSSSCG00000003377	1.61839781463858	2.0350352641673	3.01732712441661	3.73054714305985	1.67297715153079	1.12613436186652	1.23709057902698	0.530041970384458	0.767713227115791	0.0920540298705391	0.78512455102711	-0.513862728331842	-1.0675346435356	-1.00141524360341	-1.09632151186867	-3.06069256180635	-1.38798036942534	1.85496243779117
ENSSSCG00000003386	0.0961425041434345	-0.773900579172454	-1.59202497139446	-0.992987702213605	-1.68465957621424	-0.102140548996177	-3.24934537408141	-4.20179542220882	-8.24161794645637	-2.45007773977681	-3.00246467306575	0.246455039948435	0	0	0	0	0	0
ENSSSCG00000003414	-1.69044561502785	-4.2081674427574	-3.13205916868846	-7.29772529838897	-0.389730269114374	-0.0357302681674171	-1.02024749453474	-1.51150691819647	-0.549077218076776	0.402119407768722	-1.36553565139057	0.419974112491901	-3.61268283559841	-1.01763342685317	-0.0993798288602345	2.69400484475223	2.27661431435671	-1.0154055661603
ENSSSCG00000003417	-4.57292056714813	-0.287128719518256	2.64027670002678	3.26239911710326	-3.82855322673687	-2.65794280750178	0	0	0	0	2.8341062017488	0	10.8288867383849	8.88479628140317	0	0	0	0
ENSSSCG00000003431	0	0	0	0	0	0	-7.62403047069185	-7.6206823091185	-7.48592216790863	-7.5206716128604	-0.423126719289658	-0.189375485253596	-3.27869910426026	-3.01219374294642	-2.35588114869241	-3.8218170309083	1.63036341211758	-0.738653640373736
ENSSSCG00000003451	-0.304049580254883	0.329284016635365	-0.371597987476098	0.840624708764403	-1.90340623746606	-0.11329259274365	0.267125467234746	-0.10520226992157	1.08018601921297	0.380128805487608	3.29513465421433	2.05466366684344	-1.25601429930741	-0.167431110248377	0.132094764723246	0.701294843975383	-0.200202970276028	0.309022890533043
ENSSSCG00000003472	-0.388011206586784	-0.138352834258655	-0.735469971324481	-2.02040027251582	-3.90588385024752	-0.97993401632159	0.591495799795492	0.98661524643716	1.21375402827203	0.684043468376276	-0.620305237599567	0.325231357710997	-0.372762808897771	-0.919154635926763	-0.398404317785372	-0.113399022782969	-1.41403238236005	-0.248269003077737
ENSSSCG00000003479	-0.356524848632343	-2.09741627446561	-1.73154017418839	-1.84610792339876	-1.30573403306312	0.166978321044671	-1.47080593203539	-2.28130036625368	-1.34166992518622	-3.53952377626947	-1.24299269414993	0.855718536954533	-2.00192951233521	-1.63034540569554	-1.98341416777832	-2.23415117345781	-1.00920028250178	-0.652513262504947
ENSSSCG00000003483	0	0	3.273732775863	3.45210034955191	0	0	0	0	0	0	10.446773316635	0	-4.11306736455789	-3.29126603158288	-4.15912598964972	-3.14530380148438	-1.54346132006085	0.531732395568119
ENSSSCG00000003484	0	0	0	0	0	0	-2.78076812557803	-2.81792222628829	-3.46557444212617	-11.8127550563131	-3.03445489390499	-1.2929888704323	0	0	0	0	0	0
ENSSSCG00000003498	-0.32399066191635	-1.01875238748059	-2.0964769224889	-0.739572693758507	-1.33207137884545	-0.61868708498805	-2.62880014454987	-1.50995708907258	-0.796972573252269	-3.65276569502126	-1.55729785593129	-1.46532095773034	0.621172911106043	0.266044955712209	0.957171493072834	0.316874541724522	-0.498420230077933	-0.116368208119215
ENSSSCG00000003521	-1.30088236752292	0.0240162291809249	-0.0051755561361157	-1.18391794753467	0.673573754674627	-1.75507241304634	-1.21416807139296	-1.94193309924593	-1.87277797354104	-4.15733637532139	-0.194437049590033	-0.290303027042513	-0.816093250700224	-1.65315061245563	0.147373304595177	-1.08109314352776	0.130620632845788	0.257665743989796
ENSSSCG00000003527	0.69324691353187	-0.0181176495934321	-0.87754617542489	0.065792869337215	1.34119713133028	-0.567872195726392	-1.89387418634864	-2.54155384639017	-2.6882346212165	-4.45068673240523	-2.66914626381615	-1.27063648965956	-0.81433890834782	-1.39134570536473	-1.04187288367704	-1.31911926003195	-0.613737194636122	0.109788740233956
ENSSSCG00000003576	0	0	0	0	0	0	0.38181127519815	-2.99599129390275	0.818145855950591	-7.07105099297805	0.0267527444677946	-2.28646209223811	0	0	0	0	0	0
ENSSSCG00000003578	0.105358492392466	-1.24224106809552	-0.713454861492058	-0.71695654566364	-0.614535465489141	-0.502968268252529	-0.913292571195118	-0.306138196279434	0.498121521870496	-0.200233407590264	2.95903193511232	2.56010764263599	-3.27190791627946	-3.09522229418284	-2.3017746006418	-3.61106255880067	-2.14733800858567	-1.59649343407331
ENSSSCG00000003582	-1.96320521891483	0.812093604439714	1.52671066343944	2.42067466777532	3.80289760853023	3.97735061627957	-0.624154211561289	0.481468177354177	0.819009662336329	1.00077431006344	5.23043034360753	4.04310725480413	2.41573702312501	0.24967195069761	0.000527581066826128	1.60517013040728	0.859880394517671	-0.589350922520184
ENSSSCG00000003585	0	0	0	7.12223336810646	0	0	0	0	0	0	0	0	0.0563931369934996	-0.942970020807448	-0.282011270996929	1.24933844796169	0.928847948796009	-0.404715646030037
ENSSSCG00000003599	0	0	0	0	0	0	2.61285774575665	3.0150132329878	2.63999885362167	-2.5308011589939	-7.91693714299888	-6.56560033251674	6.95710847485132	9.49844688004484	9.62506116661361	0	8.57436607434839	0
ENSSSCG00000003604	-0.475947611474608	-1.16943060715839	-1.58273825598934	-0.665033478567486	-3.05574093467658	-2.57184791063407	-0.790834603704283	-1.70276106098669	-0.442156200740011	-3.49857901964055	-2.78746945284133	-0.532961263169949	0.0469636193515352	-0.945947618459309	-0.805423773659781	-2.12375634426989	-1.04232207529353	2.79609458325884
ENSSSCG00000003633	-0.914045437677798	-1.11309510469408	-3.3985554474981	-1.19452122643692	-1.65390261660486	-0.783795873677247	-2.64044179483991	-3.08705837460549	-2.3291743274498	-4.80900666470787	-3.1612995782442	-3.74702557163998	-0.746920758971526	-0.0550269844919542	-0.149944909445082	-0.329870040308297	-0.60647958332308	-0.15652647809287
ENSSSCG00000003640	-4.33790145055904	-2.1227296769786	-4.24890760171687	-5.18115924097091	-9.43209939039153	0.215359386641499	-1.80731032698651	-0.593726159316674	-2.07072473353759	-0.716615059815676	-2.44498877426409	-7.63017161679437	-0.621143930497266	-1.96001268975581	-2.44240873038258	-7.38076019706343	0.403497560859992	-0.753853543139175
ENSSSCG00000003659	-1.47212648910219	-0.901149739263706	-1.60120793026128	-7.29772529838897	-1.69444807451489	-0.584337944138451	0	0	0	0	0	0	-3.07057366796422	-0.43790037173523	-3.11730046195121	-8.05558224213932	-4.1822445729616	0.185738367911626
ENSSSCG00000003669	1.11174018988089	0.395256589575948	-0.603522193857007	1.03130310999876	-0.389719847530379	-0.520745790116924	-0.601055824112319	-0.573152165123511	-0.709679409060905	-1.95317934959349	2.00960034911467	-2.39971349160095	-3.98514171255734	-4.13163147118302	-3.72603611965362	-3.22971127947974	-3.77234041825036	-0.130338676129357
ENSSSCG00000003687	0.381548161692404	-1.10265663241768	-0.977935317531716	-0.945844499680824	-0.179826684939673	-0.264702082053477	1.64389950998944	4.91649611588575	4.60053782515483	3.04833339321632	2.20331965233092	2.00385395638668	0.755364040093603	1.39411284489688	1.61091845332679	0.472251294667465	0.665478738916602	0.758495259786706
ENSSSCG00000003697	1.91712809495133	-0.134764798228077	-2.50805778960439	-2.33365798725261	-2.82365595493263	-0.576953879272507	0.633778657191138	0.110104010387885	-0.271125643366494	-1.26562745552784	-0.159495518215655	-0.831379162635188	-2.32898031510067	-1.62441926355972	-1.89610967359208	-4.56654488382525	-2.48911659942235	3.31376962587517
ENSSSCG00000003699	0.55684515994287	3.87457657273835	4.47923335928264	2.58420107878292	0.966130470260033	0.169567314698814	2.24169912102456	2.65064090156971	2.73597475273746	0.838939086257473	-0.769087058972595	0.1797782000834	2.25432856035283	2.54867821666993	1.90287209790513	3.16645526204281	-0.12329528215369	-0.340929049420641
ENSSSCG00000003721	0.28352497605912	-0.022559870383861	-0.751056579209919	-0.168776618103157	-1.24946027376465	-0.901147624525597	2.12187711019603	4.08455161872278	4.12319530783812	3.14675652545759	-1.26682068177054	-0.963644762955567	1.08284272540722	-0.573101376553055	-0.339706438560993	-0.370421360684835	1.86627440906527	0.380869962245529
ENSSSCG00000003722	-0.656891271142894	-0.87130558053288	-1.31687954341685	-0.756658572033121	0.0794319376082512	1.38424136453813	-3.05720582801836	-3.15611410816571	-3.66611186842393	-3.48537840442048	-2.81907334052241	-3.78764423433707	1.56555556033344	2.76542127086875	3.06683492521587	0.909813055883156	0.241833570334958	1.11305152697805
ENSSSCG00000003732	-4.9264776604258	-1.57588144432585	-3.0965750364269	6.48983084532207	9.33715431154441	5.72813676319126	0	1.84412892864513	0	0.658923408455693	0.363810714436636	-0.391290974093798	0	0	0	0	0	0
ENSSSCG00000003737	0.34369387656068	-2.36700493430044	-0.721213403260842	-0.780019082350873	-0.901993436995137	-0.0584333654441075	-3.07587105580737	-4.02832239608375	-2.76780878112677	-8.10301291447491	-1.58587835314696	-0.0381995320137265	-2.07160313580796	-2.4945067788212	-1.8792865003471	-0.0170601548902451	-0.39446961659107	1.09648293378891
ENSSSCG00000003744	1.14938228547528	5.04346443519747	5.17765320450666	4.76995718913757	1.2624163956063	0.459766612552751	-3.19084683233793	-2.05537040719951	-2.20720482131385	-2.96163948869322	-0.550274906551818	0.998657589666354	1.92795728298434	1.64763734818797	2.12376884309414	1.56774391752877	-0.31576550504714	0.253620480901879
ENSSSCG00000003753	0.787672319283999	-4.91420813399658	-3.79633726104929	-8.92155532799329	-2.9106310230138	0.574141684053761	5.28975135165057	5.77810153914814	6.15271019373383	6.76357139137173	4.28361007921151	0.873848252154503	-0.420114576570178	2.10750104072321	2.53133586668404	2.16586771488256	1.5703816754321	1.31436744545371
ENSSSCG00000003773	-1.37342328597323	-0.558552429944729	-0.702565819073623	-0.674488750090199	-1.37745469528693	-0.861246580130743	-1.23450337791069	-0.313834050807563	-1.71399759201379	-3.69619556387466	-2.607816327182	-2.45259996800865	-1.9547416135028	-1.2731305669682	-2.69340287281552	-3.04118873394659	-0.540190324188623	-1.57011341864504
ENSSSCG00000003777	2.01242103067961	2.00164138937173	0	0	0	0	2.90835950730919	2.38704439155919	2.94229504287261	6.3291943898188	2.70863085094615	2.52961237832611	0.957445101803469	0.165963207711858	0	0.723845924623582	0.551735351042198	0
ENSSSCG00000003778	0	0	0	0	0	0	-3.54399909598684	-4.49644727591811	-3.23580014624602	-8.57103991559035	0.652570473724684	-0.402422073034073	0	0	0	0	0	0
ENSSSCG00000003781	-1.64914551519872	-1.92375354657648	-3.04801412624002	-2.59623137164271	-2.11640116315848	-0.553927059741701	-2.09885631419897	-2.41154340959256	-2.51875457976949	-3.58801445940905	-0.20927385072726	1.50894208887266	-0.745047517127354	-0.268925490795997	-0.693296076205372	-0.465014769394798	-1.24865454644019	-0.353620524510492
ENSSSCG00000003788	2.1160752285366	0.401244484920451	-2.11305245230001	-1.6769932065736	0.39402538639224	1.50986295358086	1.00438058235773	0.323181270101972	-0.140680967603538	2.32783371498924	0.967250009197021	0.505034932860505	-0.527518055898878	0.297520377892013	-0.790447330962001	-4.44068422612718	1.94470485370636	0.796008890716938
ENSSSCG00000003789	-0.293902948500456	1.06876540669285	0.278379766432784	-0.244482994762629	3.79115537546563	1.15674675939271	-0.126868364954172	0.397591539987372	0.070831537909658	1.26968029452779	-0.0921629990777553	-0.84983235736075	0.338245171824717	0.222779621782234	-0.323599435002615	0.0954979091716698	-0.292602876807823	0.399848445038971
ENSSSCG00000003793	0	0	0	0	0	0	-2.39864296879477	-4.64809645423775	-4.35126151251635	-2.48762825491037	1.26231933782586	-3.93913410741347	0	0	0	0	0	0
ENSSSCG00000003797	-0.0621138113419946	2.02666797801841	1.84187851503226	2.34569137187361	3.51059628234591	2.96685159650088	-2.13371667920961	-1.29922475198893	-1.82132052110906	-0.553447972629981	1.73135938857184	-1.28107839067917	1.34443943475459	1.79934982632822	1.43941878819571	0.340650773304886	0.775618960023757	-0.12935555698072
ENSSSCG00000003807	-0.390215853429373	-0.593987689465404	-0.868375004780262	0.0372558193699837	0.210804390797609	-0.0807787462815866	1.20894903264405	1.18483095193103	3.09257365849508	3.25251426426296	0.353692090876511	-0.354079041963797	-0.911901286671241	-0.712139672822294	-0.798709020203571	-0.963657136811087	-0.664660850593876	-0.415207704292514
ENSSSCG00000003826	0.159450038304327	0.627305629811126	1.31224261386535	-0.21393135109207	1.94694006597811	0.764660628421647	1.20487495151433	1.11975471276082	0.933291160604427	3.3180075069944	0.1047282649504	0.0562915740795832	0.465897589868016	0.884626360754497	0.644019961453766	0.852401918450298	-0.137130586009032	1.01084631295848
ENSSSCG00000003846	-0.346691334315097	0.670717851541358	0.221448702802707	0.793800537396231	-0.448386910478783	-0.411311019905924	-1.19949959710815	-4.02832239608375	-1.97622973559061	-8.10301291447491	0.518527375605638	-1.26644041383825	1.94100079060165	1.97069593503133	1.37200603487662	-2.14752126856307	0.234269580311584	-1.18250788266708
ENSSSCG00000003852	0	0	0	0	0	0	0	0	-0.955456342154173	0.398896609170433	-0.349825868142838	0.780990004554115	0	5.50689886236851	3.86059019449427	0	3.58495040904367	0
ENSSSCG00000003894	4.17662893993481	0.581597586156055	4.14424333520426	3.62579411909758	-1.09957909315266	-0.597386790928008	10.5736657701005	0	9.89418188204653	10.5917284545286	7.38401294901961	0	2.45772936460946	-0.660070833342882	2.86929092987055	3.029097882585	0.703901898078781	0.518298768801186
ENSSSCG00000003931	1.3770271952723	-0.257779103283101	-3.07643946566222	-2.36712729604347	-3.55927681024327	-0.624141319166979	0.246775451839817	-0.499806968476534	0.0253328991677587	-1.41865460314848	-0.220260622966592	-0.498647288020678	-1.18571765278643	-1.18326459529009	-1.53460460498924	-0.946990112535407	-2.90255083643422	1.40239212994624
ENSSSCG00000003954	-1.3355432770078	-1.57062213264961	-3.69326021908339	-1.63263142004513	-1.2498961963482	-0.954471415167713	-2.54651938072824	-2.9509277306868	-2.9071321545266	-9.542210728722	-3.60318580409672	-2.33660602156216	-1.40952235174387	-1.32558953882609	-1.68123933885324	-1.51891633804311	-0.606854263164812	-0.49814913528856
ENSSSCG00000004017	-0.267772587090101	0.376118680046829	0.0353959164190843	0.800108676056611	0.837889660307238	0.187871759745102	4.29268965579665	1.62335546072067	2.50234999181714	3.03303273091848	0.730718326549295	1.52115152166436	0.722786903160309	2.91689116588872	2.57540728358237	0.205786522103734	-0.329476548100265	0.493343824632904
ENSSSCG00000004038	0	0	0	0	0	0	0	0	0	0	7.15107107511959	0	0	0	0	0	0	0
ENSSSCG00000004039	1.28289460271176	1.70353592559959	-0.0686955558416171	1.16191560391252	1.15614859407892	-0.398745786267502	-2.43927868933228	-0.874896352229386	-1.5552813048815	-1.13888150463876	3.3300695847729	-0.727303669446347	-0.312269735792511	1.00074800143759	-0.24448046150265	0.201922690281524	1.63965359866901	1.19789083216345
ENSSSCG00000004040	-0.0975835156759906	-1.59442342849503	-2.58750506729933	-1.56214025225172	-4.11924771938204	-0.670112425034125	0	0	0	0	0	0	-0.0891430608835315	-0.90101182835397	-0.671071285687968	0.574001566053059	-1.07386326502826	-2.00729585712055
ENSSSCG00000004041	0	0	0	0	0	0	-8.77753117717885	-1.67093705559226	-2.35704764347177	-8.67387176754961	0.416072894611814	-3.10230644327665	0	0	0	0	0	0
ENSSSCG00000004046	0	-0.958538734177189	0	0	-0.41540388227589	0	-2.36034275196933	-2.13282096997046	-2.45986564502773	-4.09299623617323	-2.42764240265378	-0.395981569932459	0	0	0	0	1.80454565269286	0
ENSSSCG00000004074	0	0	0	0	0	0	0	0	0	8.42939808919317	0	0	0	0	0	0	0	0
ENSSSCG00000004094	0.776581526066337	-4.97917996852641	-0.72825589745151	-0.96223577852682	1.84899579958465	2.12944160771264	-0.745755601177815	0.00985068100453959	-0.290407197867638	0.754714791020564	-0.972521950885939	-1.90933063976707	-3.96413047999833	-4.80998728957593	-3.53625379501575	-3.28729341948368	-0.673367903218626	0.142319170543933
ENSSSCG00000004101	-0.252237925197049	-0.266928088770722	-0.38003328695695	-0.522400228850065	-0.251361933916297	0.161870468995379	1.19205074892262	1.90689946924065	1.82283920896291	3.10171067409713	0.512206030318888	-0.52896977460102	-0.157174345325586	-0.680498973228578	-0.974672170146205	-1.61903609156461	-0.0259737959911864	-1.01270384330183
ENSSSCG00000004109	-0.65472967174205	-0.438486717543804	-0.0723322360971961	3.5638695564469	4.13396918575285	3.41256231833484	-0.261800648229425	-0.341523795147867	-0.0374250698384963	-0.119391421005267	2.3562097278656	3.77823264977613	-0.192331069626071	1.78595294000819	0.796566516695454	-0.801896144835537	0.641700153944392	-0.862877242153166
ENSSSCG00000004119	0	0	0	0	0	0	0	3.26636666227095	4.55843775647313	3.70389012476078	0	0	0	0	0	0	0	0
ENSSSCG00000004136	0.632701143658067	-0.46101485075675	-0.392974908732892	-0.531340273480261	-0.520560280972403	-0.236083232883297	3.96967335700333	3.98383975221957	4.27028336978947	4.95455909505281	1.07787893864063	0.447591021203601	0.78119146401133	0.556965778266346	1.00065815941861	0.917041558611639	0.931784170345303	0.186967946050676
ENSSSCG00000004147	0.0463708897247482	-1.09025883973299	-1.68323213888444	-1.92973297477362	-0.478268395953767	-0.112848608982339	-2.59986221982189	-2.59274507731439	-2.60701407041574	-4.63247169165715	-2.81718857959146	-1.85476502697972	0.211950242408521	0.087510347381773	-0.168749972016247	-0.301509894513115	-0.411026398873631	-0.546479651418702
ENSSSCG00000004157	-1.52725866244287	-2.305721158983	-2.16457346702244	-4.65220223764869	-1.76857511799667	-1.26191002898814	0	0	0	0	6.26693544109132	3.88210918768873	-3.74226922166893	-3.31307910766052	-2.37903958768598	-4.2337398929315	-3.23454015694206	-0.514262389960036
ENSSSCG00000004158	0	0	0	0	0	0	0	0	0	0	7.71134490784002	4.71954411219164	0	0	0	0	0	0
ENSSSCG00000004159	-1.71553344150753	-2.78504336193191	-2.26099806373899	-3.93288006477217	-1.20594355227595	-0.0385794953526143	0	0	0	0	0	1.48219235084416	-0.261522345542644	-1.23586477182108	-2.44240873038258	-7.38076019706343	-1.00134257202816	-1.33134011212618
ENSSSCG00000004179	-2.12669359708552	-9.27931292107792	-10.352472596171	-3.14538090164553	-0.80385143720739	1.65491750525786	-1.1178536279794	-1.84485959991737	-2.31291147465081	-2.73992417755495	-0.117294918077679	-0.074750941006875	-5.40366158496506	-3.96871274943007	-3.66428874451845	-1.67185549960747	-0.225671192729314	-0.9214550613721
ENSSSCG00000004180	-1.39652118578861	-8.0807503002262	-3.82372599129108	1.10240653631582	2.94324128212402	1.265931905166	0	0.97544750202398	0	0	0	1.08352874768736	-3.56278375092839	-3.69682663775022	-3.92237953187759	-1.81068418671257	-1.26846697617802	-0.969350208032326
ENSSSCG00000004181	-3.312004313325	-7.8781587359345	-6.1733517756996	0.486880354684667	1.54170477707594	1.86081159797867	-0.956663228335456	-0.19092432237352	-0.0661954419797272	-7.2810912535716	1.28436178438505	2.05957852335896	-4.797758389117	-3.89383093270149	-3.97536907474118	-4.29044470956452	-1.14848953102028	-1.51400433519453
ENSSSCG00000004192	-0.550187384360966	-0.762827267984452	0.314732206366102	3.33612064937827	3.93689166126062	1.66890985053199	-0.191448896941878	-0.509204504410424	-1.0998106859966	-2.15624880660341	3.19704101498302	1.32872253311107	-1.18494307344244	-0.124634243794777	0.654123077831229	-1.29783536104031	2.19927222634995	0.871032997145865
ENSSSCG00000004193	0.917730481712122	1.6073540505402	0.887474533976532	-0.883498317046304	-0.188166617402213	-0.233888456378048	-0.637722699919374	0.0928587959823032	0.120587300218496	0.919096564021411	3.07485995059548	3.98266745620575	1.07102324859251	1.76784115539447	1.72229507615434	1.92273628746326	0.919907103375003	0.123116509470428
ENSSSCG00000004195	0.820552994076887	0	0	0	0	0.998025467384631	-0.718068196967319	-3.48263634067089	-4.14534876875193	-2.2817026669505	8.83149772679971	2.91527366910555	0	0	0	0	4.51262916388181	0
ENSSSCG00000004201	0.202168962979288	-0.849160723736801	-0.997536165575633	-2.06917488931415	-0.800655636537161	-0.0181465540956277	0.0747177922183783	0.106943369290661	0.531907266715522	-0.260218105924039	0.486643042382608	1.08112015735229	-1.80335535537086	-1.48239060652354	-2.52166455978635	-4.71204028580985	-1.382999748733	-1.13439903888857
ENSSSCG00000004212	0	0	8.27135655548884	0	0	0	0	0	0	0	0	0	0	0	0	0	0	0
ENSSSCG00000004218	0.44597153076144	0.209278111255956	-0.35466618254142	1.01701855494162	0.174990088542653	0.95079817920368	-3.86979552906422	-2.9903017148491	-4.40178182014137	-6.77538241336277	0.705052310909931	-1.20374444167236	0.973540889387007	-0.581699514830803	-1.72261019265955	-0.44979943682918	1.66551265365097	0.0773200318664283
ENSSSCG00000004232	-3.73148176478952	-2.53147888567922	-7.82260592353715	-7.80954502912704	-3.73540978239873	-1.09643890859641	0	3.73768185165933	0	0	0	3.54743158001534	0	0	0	0	0	0
ENSSSCG00000004233	-0.46372052468377	-1.68515150504264	-2.66474832120013	-2.68084030366935	-0.86476791203862	-0.20938941253146	-1.58444809066707	-1.23743514778123	-1.41649054729457	-0.425445742682355	3.67147760653307	4.50580264680007	-1.40532815128235	-0.657030114829498	-1.48439163535761	-0.851463592717121	0.10680720334934	-0.797655378957427
ENSSSCG00000004236	-0.420786298232437	-1.80430444535414	-2.34995596263759	-4.55396138253651	-1.87713479466524	0.286139213658381	1.13540189938657	-0.124631100966686	-1.09337484884407	-0.664127766812183	3.13074690002054	3.61646288079741	-2.42304931593424	-0.208773963065582	-1.2968215837057	-1.11526823723576	-0.546202656768852	-0.0423341068031481
ENSSSCG00000004270	-0.660760316336384	-2.4261593199016	-1.94385028528281	-3.22528948763859	-1.27601359922575	-0.806116359983695	-2.3531591558707	-2.95878914913438	-1.97975778874737	-3.6341444757041	-1.45604124795356	-0.471406708837682	0.632533229201294	1.89783918054821	1.67843106125262	1.58716029233159	-3.41468576349805	1.26171075112743
ENSSSCG00000004280	2.70194853576867	2.4469802399604	3.46633717087183	2.49822814913076	2.57827390390791	2.03437957802944	-0.915045358926951	0.848766642761073	0.228110694971616	-0.210650844751711	-0.700034892094434	-0.55857709877944	-3.15443139726292	-2.3438158246305	-4.35137986105791	-5.64747663098129	-3.36576908199764	-1.86187589144174
ENSSSCG00000004281	1.99230874422677	2.91800492016745	3.15817877476129	3.49866613976965	-0.485793989762193	0.11820077865611	-3.62604421639058	-3.61895470539889	-1.11325681321318	-1.91183673534937	0.463125737956482	-0.0578878366265059	0.713958423302094	0.380512511985564	-4.00381943575562	-1.64692983030073	0.859609359735268	-1.19444727095161
ENSSSCG00000004283	0	0	0	0	0	0	-3.82443532401383	-3.09581314653219	-4.03279037789104	-7.04900718857593	-3.51037572722877	-1.0782321210087	-5.60728137150673	-9.71550483206526	-2.9246359972959	-2.21750583961407	-9.7293827660301	-3.00983302532532
ENSSSCG00000004308	0	0	0	0	2.86071828440276	0	0	0	0	7.31232245668977	0	0	0	0	0	0	3.15812605800477	0
ENSSSCG00000004318	-0.0658534561286509	3.94707800430562	3.8633252502418	1.70275363436106	-0.484310177909125	0.297595527178085	-0.105449093599851	-0.098284086003494	-0.502054290674591	0.35095735544795	-0.32453847156925	0.988701609322755	0.540208938001629	0.297970299196403	-0.11995898073599	0.0438363929602287	-0.21290537607283	-0.409133171192208
ENSSSCG00000004332	-0.848687865066596	-1.98704775226109	-1.44788116364009	0.0654997259941991	2.52598400777074	1.29053879757894	-3.36335235039947	-1.8528064084294	-2.20811035501107	-2.42675473511056	-0.739254812148883	-2.40497874637543	-0.110920975661577	1.05258634487151	1.7520212656188	2.76169075022866	1.83757764827467	0.0740492491653984
ENSSSCG00000004357	-8.62839035360849	-3.03731991877903	-3.44720391143086	-8.57242935232486	-8.63034658289858	-3.73292921951322	0	0	0	0	0	0	0	0	0	0	0	0
ENSSSCG00000004361	0	0	3.00098925222667	0	0	0	-5.14106962865945	-3.96867744950869	-3.22502437240825	-2.51132831996146	-3.78105172922594	-4.75876982905363	0.162119309142491	-3.41531950863594	-5.57632559806908	-3.9926061561625	-3.30491216742507	-2.13185141808098
ENSSSCG00000004366	-0.619267760823943	2.68861905433466	4.31394576475199	4.53957419403441	1.45162884283866	0.332345575572421	-2.47533452692598	-3.00554735236984	-2.35085696461112	-2.86334621065722	-2.35225684523829	-3.27982857106921	0.160638892408518	-2.39614385022284	-3.06345531842635	-2.85390299290539	-0.76047286650684	-0.524643733068174
ENSSSCG00000004384	-0.596084841477759	0.489668712742614	-0.339168059777965	-1.86009356696391	0.778861410439786	-0.476321328873384	2.28010915084003	4.10764026175498	3.17142620298665	3.43697845445941	2.79575601720056	2.27605271246599	0.13953455226718	-1.30586358414365	-1.72490932051528	-0.579931377288478	-0.34089751822054	-0.947988225622217
ENSSSCG00000004399	0.552729171346498	-0.647416619853036	-6.92128084605423	-0.775718644781512	0.994054002351345	-3.02339074885018	0	0	0	0	0	0	-2.60663577363905	-2.26159574134985	-4.90253619050586	-1.53338558138038	-0.323393057258942	0.272812532720131
ENSSSCG00000004410	-0.133321703705978	-1.03145602437068	-1.8150180435101	-2.72755327175072	-1.00140411621296	-0.591930136343996	-2.65013291118237	-1.66377379551493	-3.30608687204373	-3.38601964420004	-7.8128970971501	-1.33857331300193	0.566626714033809	0.0659472332422896	-0.0797329892109235	0.49203853544898	-0.245726879116739	-0.294434623892914
ENSSSCG00000004419	-0.308388558258005	-2.22821776093737	-2.33306677284378	-4.57977835667461	-1.58479605617638	1.96601102551879	0.651655560494056	1.97904477371817	1.43159499745217	4.20384613992975	0.262909818351471	0.355977001308461	-0.00945618832906045	-0.693095763560897	-1.3279521191538	-0.627445898409085	-1.75855926569197	-0.61406628053934
ENSSSCG00000004422	-1.93895374820681	-0.792032991708013	-2.06369787308405	-2.03556112174461	-0.116402895613334	-0.441719803186447	-2.21058861069216	-2.42193328506138	-7.99254118351405	-3.17577580470779	-2.75328743045275	-1.8128856448493	0.490829359243048	0.778735638371268	0.240710744276998	-0.041825649386155	-0.742112561775276	0.23890294237823
ENSSSCG00000004436	-2.19129316581202	-0.707000112500429	-3.06212411460088	-7.22779436703766	-1.21660769373879	-3.34315974677434	0	0	0	0	0	0	0	0	0	0	0	0
ENSSSCG00000004452	-0.469614426943583	1.23935954723692	2.04318544423779	0.874781856966213	-0.524067716649832	-0.527530443102042	2.56135051264517	3.02478341888057	2.29121094907363	2.38811898471401	4.54772024829751	3.68974820867944	0	0	0	0	4.04497769226064	0
ENSSSCG00000004453	-0.645198920070616	2.45954413408608	2.41194180839704	2.51516258814501	0.0314884208624673	-0.599307416586217	-2.28638625243279	-1.99314622835114	-2.1435017391696	-0.0309139581405171	-2.20345084824536	-1.39106213593503	1.37654628327212	-0.82899447378307	1.82103564689843	-1.89465177610813	-8.53892119345978	-0.244644869630145
ENSSSCG00000004465	1.23761637967063	1.74940885393261	1.44876442928443	2.83491037787238	0.814806114486745	0.496059808986039	2.98008961931242	3.03406883215151	3.01033598293587	4.45690132020773	1.12455623934944	0.161241058994204	-0.119327959954159	-0.036675809059635	-0.213695597273711	-0.087847310883906	0.00609527216005844	-0.475279618697978
ENSSSCG00000004475	0.661227804052209	-1.80321288899708	-2.43933801407216	-0.618792590946602	-0.504956260216916	0.110815554779867	-1.93141797313912	-2.37692155189056	-2.69996302065658	-3.77864367211565	-0.868531277359224	-0.531721125526295	2.82496521144593	-1.34044800862321	-1.6518833244476	-2.90817726470647	-0.604176774033877	0.0370490107974671
ENSSSCG00000004484	-2.02263282681307	-4.38098844003682	-3.09016506549053	-2.5067222387768	-1.08137458129512	-1.54566764535461	-1.01391027987622	-0.918849151393664	-0.228477451459499	-1.9906164226606	1.16050264928869	0.484603702737006	-2.90976774740628	-2.70576830484559	-3.18644632698223	-3.13104479885059	-0.816945620109254	-1.33311353213403
ENSSSCG00000004509	2.44979329508872	6.42048659062222	5.46616497531538	3.31102658893158	2.13515811547541	-1.50602227764581	2.64243967695242	5.23517061692517	5.31522382107994	5.01284622430454	1.57879833742689	-0.337236851849755	0.772691502017838	4.42032701960081	4.91195666241689	3.22275440092674	3.67410515348852	1.69326054840546
ENSSSCG00000004520	0.657895677159081	2.16563629454478	3.29744696418984	1.74599348083972	-1.64747451348356	2.24419195131309	-1.50064319392128	-1.89502839192682	1.36057003202846	-1.27444419883612	3.89099674653291	1.88731310065305	-0.0700881636648659	0.744168119916609	0.605926317726537	-0.662290967431965	0.34786888879885	-0.36990294078696
ENSSSCG00000004521	0	0	0	0	0	0	3.48347794103594	4.51057023807716	4.97457587846983	3.00305849369889	-3.77368581079333	-5.93940326825724	2.26401421339702	4.77758056124382	5.78623759549507	2.13260355200474	3.71989733222963	0
ENSSSCG00000004530	-0.704752749634268	-1.35456556840947	-2.17245115811918	-2.54633957786923	-2.2652238540433	-0.584337944138451	1.72507251858733	3.33222268296381	3.55878621122606	6.22566377400216	5.90671270919344	0.802569916261097	2.00048093291156	1.73005489292348	2.13704990006696	2.01292049330992	2.54857891529268	0
ENSSSCG00000004548	1.77375424181456	-0.371191142523932	-2.05802327898869	-3.81764948268503	-3.07756029294777	-1.04461917898668	0.136362143087876	-0.604218596999862	-0.153222737763315	-0.476026950597042	-0.351634015093341	-0.413975335220889	-1.24155938601627	-1.69528486931024	-1.86750042616644	-3.50245031881384	-2.13023387083147	1.17747244091148
ENSSSCG00000004554	2.27358646743294	0.69660560679479	-2.60262782413473	-2.61092038135532	-3.80697065221229	-0.945040805122819	1.09637632832561	0.250120980117805	-0.454397540688505	-1.00603925016372	0.766098925796616	-0.936919969006134	-2.45410533846138	-0.364455966907829	-1.02212692615917	-2.30486208554964	-1.48269968849434	3.43222732624107
ENSSSCG00000004565	0.508962996281865	3.39975103500272	3.49966172748238	3.63575310007482	3.41352515621321	1.04398395499092	1.02040184833941	1.95022514498444	1.45314518861546	2.29772392131366	0.934790919482936	1.87408506141351	-4.05946687631003	-3.34845087282411	-3.94408012685217	-4.39640421367189	-1.8348002864479	-1.22920992205179
ENSSSCG00000004572	-2.3004390351489	-2.4871656245549	-4.84193098695266	1.6050687058429	4.24396206888916	4.5591512727909	-1.10709136830856	-3.06882314677144	-0.888018352320298	0.730616444381965	-1.8460480352005	-1.18457847161357	-0.233788727677853	0.45967485917138	0.214954140828983	0.571497035292023	-0.696433673461347	0.14343730135194
ENSSSCG00000004573	-0.667489232914815	-1.255713486085	-0.479686527275931	2.84472139704868	5.87214776691593	4.67036966621002	0.449105024186915	1.22263927707057	1.25479861621006	0.981141777907319	0.541337990840015	1.11107603880128	-1.07747330692783	-0.348201119770103	0.00964344794563358	0.0425501034770759	-1.09475323379807	-0.0029547112287284
ENSSSCG00000004584	-3.08684002742973	-5.29933589828622	-4.05900170026338	-0.792532323986254	-1.11733526356563	-1.2569712199107	-0.241601263870493	-1.10467710449447	-0.968949254382277	-2.04141056323196	-1.26108774432155	-0.40370518117528	-3.81770453319484	-3.02526408019925	-1.5594754655785	-2.40050540840002	-1.98695229575651	-0.0531073371605169
ENSSSCG00000004597	0.858362156047774	2.64884953042853	2.96567433627639	0.214294519448414	-0.638826785501049	-0.102412323872933	-0.844444912330942	3.35781354531261	2.86536073764977	0.665423603559625	-2.91361766421832	-3.83875995417274	3.38991712996862	3.72123988538638	3.91201058471994	4.64568195825493	1.40692964999828	0.481201299556963
ENSSSCG00000004615	-0.378563313685101	0.398557578493128	3.84106278127618	2.50775871174289	4.28001318732406	3.08190566492622	0	0	0	0	0	0	-0.523119769890731	1.2931740189902	0.896830150343485	0.562011253596849	-1.52280916056227	-0.795156260137079
ENSSSCG00000004621	0.0990131193574873	-0.108062164135963	-0.480712356502618	-0.559459981927621	0.472323152156523	0.853249776111099	-2.44036579329134	-3.41935157626168	-3.11660799020386	-4.73319987807391	-1.77644966752081	-1.95552221525905	-0.311577872989105	0.104763840017716	0.235598949798481	-0.0470138367854097	-0.418736633055901	0.34526752228874
ENSSSCG00000004644	-1.24541536480081	3.0320217387352	3.31306717190819	0.331041798929385	-3.09825473688576	-1.56185398632474	-2.93197934459196	-2.51962144869329	-1.80745205258376	-1.79685022336205	-1.92174256181004	-0.663316421537927	-5.1978241732061	-1.54598465721363	-1.23230139131562	-6.95998062996745	-2.13392568195666	-0.57660045269811
ENSSSCG00000004646	-0.0510162232162112	-2.51549226395069	-1.21283955069127	-2.32505569308745	-1.01436237892227	-1.32811369501037	-1.03534838983775	0.689197617625379	1.36979625712186	1.04792152915017	5.99874535106422	5.51284613252771	0.326821001330771	0.847228433327677	0.614610980896292	0.895643378917129	1.27079780263364	1.06982030576684
ENSSSCG00000004675	-0.807157536170295	-1.24829257496118	-1.48578392100306	0.10106682174498	-0.244867037727749	-0.404616464466022	1.06421315079842	2.71612774791858	3.68523201344418	3.11445966885927	1.25667628778976	0.38334663520705	-1.3905153063528	-1.12206971437931	-0.292655171222628	-1.4577995082637	0.31202651430254	0.0699754819263889
ENSSSCG00000004676	-1.12776053731521	-1.0828806493031	-2.49832919627398	-1.10426951668195	-0.87963799363015	-0.102935205134746	2.13171864076981	4.72781621941968	5.52471592443958	6.49147454992722	1.766330948562	0.147343140324053	-0.286654429560141	0.0522504005446768	1.56271567152878	0.591013610616627	1.39812302468242	0.631634960254244
ENSSSCG00000004677	0	0	0	0	0	0	0	0	0	7.54542550549407	0	0	0	0	0	0	0	0
ENSSSCG00000004678	0.613999975030509	-0.487095794828074	-0.832522293116923	-0.672032794827523	-0.488247714932442	-0.0493355847438435	2.32489807826278	5.0388257484202	6.23372393604162	7.26713465014684	1.47520551717119	2.73302972175569	-1.37946554330959	-0.489207053127681	1.257654973258	0.612222370293418	0.662814782592589	-0.18017074824635
ENSSSCG00000004679	-0.613405134724957	0.306981364441402	0.347093588994546	0.323670585151011	-0.904245898182793	-0.406785498325006	3.55859814524948	4.00135566664862	5.41565059093364	7.03506821983351	2.27353674577622	1.17948767418008	-0.213634734353495	-0.165066654031955	0.237910639504334	-0.383818423852058	-0.258048039296354	-0.00856718318992424
ENSSSCG00000004694	1.45755804235727	0.417728398062072	0.259762538183685	0.214224619436414	0.0923375086388755	-0.10237887010341	2.41467609134675	1.46844616581439	2.1545076220725	3.33529020235061	-0.189108627244186	1.6356639555178	0.494842323152583	-1.03213056698055	-1.75562045260868	-0.579786491954526	0.376083910702803	-1.52445472641739
ENSSSCG00000004713	0	1.25895861623927	0.502313786309665	0	0	0	4.21459684407288	4.15650593922006	4.20301483588365	3.03386232299869	1.95430588674294	0.572903595674673	0	7.9749495525333	8.21306548548966	0	0	0
ENSSSCG00000004718	-1.24099463363801	-0.961300867267314	1.01187877967814	-0.358802221139525	0.63105068373342	0.612868329539716	1.48199477259985	3.80120959258473	2.94349068692	1.81441077392867	0.994878059663511	0.443667233276862	0.934162021615432	1.57538530818969	0.256152488293283	1.36041474117232	0.053687657561813	0.316137017553695
ENSSSCG00000004728	0.0904362703792668	-1.4468692574504	-2.11225846598867	-1.40741617987697	-1.10059833024103	-0.97784510284548	-0.963025425661871	-0.34050509576888	0.282426722306064	0.3882636933245	3.25688822843705	4.28492785326509	-0.951473013178081	-0.494302155300286	-0.479999776513778	-0.809109109602806	-0.382484912687884	-0.976362506013474
ENSSSCG00000004732	-0.573639081975639	0.281883137537671	4.196194080068	0.424880068319802	0.00546813199674443	-1.31098672284807	1.9856856773039	2.51344158259443	2.14103085413959	1.18149404750035	0	-1.50463179041971	-4.5273232806959	-0.437294116938367	-0.929945393208482	-3.60045655061634	-3.76890165090538	1.74432993108377
ENSSSCG00000004733	0	0	0	0	0	0	-7.87660701787452	-1.30582639308437	-1.86528207308973	-3.48178019803125	-1.51607418115984	-0.383460107263448	0	0	0	0	0	0
ENSSSCG00000004774	0.332516440116149	1.10362691237317	1.41092884142169	1.60677344461857	-0.123946283590812	-0.271822105241673	2.13637289953842	2.54277178670165	2.91798163863447	3.25244101849787	0.197634235846309	-0.276260789612381	0.544450006505629	0.211618594932036	0.754288471442332	0.240151282099256	0.584671796390794	-0.33709626674829
ENSSSCG00000004779	0.208442818552202	-1.16833681343728	-1.44753032504985	-1.63757594912176	-1.18493608435776	-0.808282879146326	-1.91016872822683	-0.526810116263077	0.375820524029054	-0.107856269128513	2.2799470802462	3.92853723441441	0.131361784752256	0.415193473367956	0.898797301910037	0.800614378467783	0.917278104036973	0.683654570063456
ENSSSCG00000004782	1.79942918853713	-0.405141839958759	-2.05249276789551	-2.31864354749572	-2.50000767065565	-0.677859372847481	0.947783451871065	0.389520183515571	0.465005965974755	-0.347123296632021	0.774364443831411	-0.249152806909234	-3.5494209952412	-1.24451543550245	-1.48543840874147	-3.94430829738626	-1.37151296689586	2.84893422589484
ENSSSCG00000004789	-1.11207088632097	-3.39387754926841	-3.32524944857064	-2.51648871360605	0.103550812000695	2.25609713468354	0.033053791964211	0.544776048784438	0.119561622536007	-0.167481152198007	4.2146201923469	1.40326265552491	-2.1029661108924	1.07687556398264	-0.0417450882783043	-2.60977334464963	1.16166286488732	-0.394682340444172
ENSSSCG00000004791	0.457879990664671	0.248985769065334	-0.271605561091444	-1.78901417440797	-2.21173644951251	-0.444178287911631	3.96496862513766	4.7412763322288	4.94425898050779	5.77134210396965	0.893939637680182	0.389337875558336	-0.695503597316562	-0.831206583947652	0.234716615025747	-0.389864434032256	0.469732458096329	-0.650404861936626
ENSSSCG00000004803	0	0	0	0	0.545073787481651	0.886999106537618	0	0	0	0	0	0	-1.84833025318599	-8.01256520937871	-7.01571642950971	-6.95732713842802	-2.85925470061857	-0.327366355287938
ENSSSCG00000004822	0.21215154854974	1.04684649203964	-0.298996797393568	-0.920593724026016	-0.854329731602839	0.374775590959705	-2.17632045812044	-1.80192963793846	-2.42989020499683	-2.21830933915856	-2.54383654988238	-4.58977828221342	-0.468962991802878	-0.144182610850472	0.695397547803085	-0.895564082940742	-0.630278582788113	-0.189134778373985
ENSSSCG00000004836	0	0	0	0	0	0	2.99826901791144	0	0	4.11708721846854	0	0	2.81622600399086	0	0	3.28470921625224	0	0
ENSSSCG00000004839	0.0958035059390768	-0.293613924691575	3.69337725177715	7.68592093928272	2.24824769035107	2.56064927409221	-4.13513526391544	-7.38100637259576	-2.90983281586386	-7.2810912535716	-7.41638770312641	-1.51929710743263	0.110439466095214	0.225521534475316	-1.3145545671981	-3.18782404712589	0.554598539925355	0.847022563138149
ENSSSCG00000004849	-0.0501131701575001	-0.0941165518027787	0.0498833098777876	-0.0317236724852112	-2.2248319055932	-0.526395687251505	-2.32754985716096	-4.74583341626115	-3.29504640894986	-3.95341222489775	-2.46177360471077	-1.7892470476584	0.166081054653674	-1.40068170417952	-1.19190627157379	-1.20143219170837	0.163042213373584	-0.970414330508006
ENSSSCG00000004874	0	0	0	0	0	0	3.33694272049698	8.2622951809488	4.87953328462837	3.70389012476078	0	0	2.77880796692029	2.9283264538115	3.29358732932163	3.30953707073648	0	0
ENSSSCG00000004875	-0.450793842499346	1.14671981639836	1.13342313377238	0.397278097091273	-0.28311918870262	-0.380780463154489	3.80660380688053	4.42029240819445	3.8829065205457	3.70634360449217	-2.10993312481306	-1.19559376383805	-0.0655376103424877	-0.202352254698221	-0.0206882125588942	0.0670386965672237	-0.951071103270938	-0.874389926740686
ENSSSCG00000004890	4.7104759876163	0	0	0	0	2.91092585080718	0.139078198156082	-0.470584751482538	0.609779778147161	-1.05101910102149	8.31259626651802	-0.285476545279698	0	0	0	0	9.8142545329879	0
ENSSSCG00000004891	2.82333463790815	-1.28029654515182	-1.69065452252317	1.10918183133994	3.75956888214597	0.446406857338428	0.171118174531785	0.689197617625379	-0.317750525062388	1.58629319173731	0.751602186749125	0.116823177328203	0	0	0	0	-0.58629755364793	0
ENSSSCG00000004894	0.0584291033080013	-1.63372010446855	-4.02147016484576	1.46592385038985	3.3839009465709	1.10722647863068	-1.80336056062381	-0.552675702202428	-7.10982292358204	-1.89045244631023	-2.18350261337938	-3.31586870353986	-0.645965451667133	-0.178257386582752	-0.560178584102122	-0.654987919435245	0.105343124944318	-0.275678558919953
ENSSSCG00000004896	0.241692255080257	0.0792182260597354	0.079249071750703	0.850243042716603	0.844036668476737	0.359184628494025	-2.31235045922175	-2.37792683957448	-2.09007848090714	-2.35539644269037	-3.53628226985466	-2.76754566206426	0.111118558489453	0.514285899876023	0.898275904454928	1.23402588039402	0.183050111767346	0.0175970064764087
ENSSSCG00000004902	0.743724264367002	3.70475132673281	4.94806033227971	3.56558381945797	4.01463707506114	1.40381469880623	3.8306326094113	3.49551855532864	3.43991935034559	3.31056328835883	1.46325832017867	0.542099837032331	-1.31508618422391	0.402129473272589	0.673189283852118	-1.87246993409951	0.501602001939142	-1.22817190898918
ENSSSCG00000004903	-3.23314817389576	-4.70230539248287	-4.54080977768656	1.22382560300858	1.73813233500692	-1.27145841279809	-1.5458589290153	-1.13067680922744	-2.77327914172385	-2.85313472425166	-2.58454974990381	1.82575269862591	-3.70550697505134	-2.14719925007303	-1.21230378206223	-2.52815167923684	-1.48194404072798	-1.60649591360155
ENSSSCG00000004907	-0.481315930112803	-3.66135346042797	-2.77528117895794	-3.31353850097212	-1.01340596903711	0.327892474478024	0.585015934612222	1.70934514120635	1.9066186378177	1.63643105044571	1.5149039858689	-0.34069807634558	-2.06224554576491	-1.57406923787005	-1.40158685986783	-1.27415235762617	-0.473227560955757	-1.08410855823586
ENSSSCG00000004919	-0.70052328777379	1.70587123406956	1.55832307018893	0.339085755853393	-0.353156862626237	0.00272613218547068	2.08837598961711	2.49173600791032	3.28647219357296	2.8261253873807	0.163297555693876	1.17260284222024	-0.614266657695425	0.0766055744670083	0.105041368399526	-0.50661208202388	-0.802813957895325	-0.323363239503847
ENSSSCG00000004937	-0.709585134182901	-0.299795419267069	0.260284017204914	-0.746521333261346	-1.3905204819593	-0.415265665732973	-0.282742168993874	-1.79452848520808	-2.44564831610432	-2.74483661920649	-3.57049179344445	-5.23346318740303	0.565248925056693	0.633112218547471	0.610384394591413	0.104873004796063	-0.528800620910787	-0.178601378353804
ENSSSCG00000004968	-0.967864975390191	-3.03679026323505	-4.98705834961127	-0.0249176644377767	1.56487896273836	0.450224773418834	1.48235280940551	3.7229292985681	3.23274890058165	2.61896704586179	3.30546486012806	0.18606422588859	-0.111123574356739	-0.875060158868928	-0.183671494441405	-0.0258306637092421	-0.0752062299930856	-0.372771394216542
ENSSSCG00000004978	0	0	0	0	0	0	-3.21306621686915	-7.38100637259576	-7.24637659772206	-7.2810912535716	-3.27859130480231	-4.36816420024702	0	0	0	0	0	0
ENSSSCG00000005025	1.18893649732025	0.376833074791456	3.63945982644	1.0591534236608	-2.06905287012898	-0.201809860190551	-1.3993754805379	0.117844712524434	0.262058896707351	-0.0234346050180728	-1.74856496111863	-3.35760191744205	1.60454811955427	-0.0983499814407757	0.623944839532177	-1.74909737994434	0.293385548398504	0.331770270266119
ENSSSCG00000005045	-0.495263533469	-0.870621199786348	-0.549448374675266	0.0488246814089919	0.334932341296029	0.14392846694375	-0.844181412018747	-1.05202207837545	-1.33561076513571	-1.04575221662694	4.52807015007947	-0.0036379947106057	-0.370770244454105	0.407848717812363	0.0372990158839123	-0.25602581626807	0.0437881735159734	-0.624309866939901
ENSSSCG00000005059	0	0	0	0	0	0	-3.00292489174514	-2.03649204459044	-7.03637196937293	-7.07105099297805	-3.98870861730398	-0.233684388945341	0	0	0	0	0	0
ENSSSCG00000005063	0	0	0	0	0	0	-4.2795518015116	-3.7012918524459	-9.27160114967704	-9.3064873309996	-3.77535307553145	-1.47575563590614	0	0	0	0	0	0
ENSSSCG00000005098	-1.32552270633304	-2.1229402970759	-7.67131075378039	-3.46529711995315	-0.955017511518582	0.141458946870316	0.0469857198846839	1.25074895350913	0.423381412047032	0.210174854378074	-1.01660566120947	-1.48329661671079	0.119483222790426	-3.68310524275589	-1.85545194460226	-3.53936992851137	-0.79094951111638	-0.223370577890526
ENSSSCG00000005106	1.78486369079169	3.36789951827997	3.01186365155908	2.67872295406885	0.553569676653868	-0.926558873398973	2.05601352165661	6.17656376783908	5.69834682319192	2.46485997746973	1.87478793650399	0.528588671414113	0.0112885590455953	-0.655950096970006	-1.25722342910405	-1.84314108261747	-0.646367914970384	-0.683436614308276
ENSSSCG00000005109	-0.485699281377217	0.300701423046119	0.632820517383969	-3.75350463736799	0.439387857171967	-0.192497546922323	-2.40425100889117	-2.4839592320241	-4.55439356516024	-2.93366378199298	-1.65664878506258	-1.45885435943511	0.0107095487102779	0.0575805327666796	-0.0760465103683629	0.834043441340919	-0.404294764043417	0.210710615536197
ENSSSCG00000005130	0	0	0	7.2090869370494	9.45866351873146	0	-2.05215901800584	-2.23690123500926	-5.67108896591422	-2.57070992018322	-1.95038393435701	-0.717947106666291	0	0.0738158807816614	0	0	1.96025214936751	0.29476182315886
ENSSSCG00000005131	-3.28627070619881	1.84422294900774	2.09636202342459	0.0776662427934643	0.53777334805751	-1.54720669663451	-4.39264705571489	-2.44688466226976	-8.42547042322067	-2.89190218775409	-8.59607509052369	-2.38189954569152	-2.84700462125843	-0.96710663934879	-4.66838527034703	-1.00747339654722	-0.578387076321684	-0.669613537461944
ENSSSCG00000005136	1.19404016056062	3.65581169183586	5.11710476238727	3.48089737810668	3.55455924165938	2.59920951327001	-2.20437365943305	-2.30402222732341	-4.10933418943525	-3.81855174503592	-2.80576083267419	-3.64574583620716	0.391055294680917	-0.759078356003714	-0.764532231332807	0.732446389584794	0.510080397045578	-0.56576099644445
ENSSSCG00000005152	-1.34090131306353	-0.487927870944982	-1.3871569908917	-7.80954502912704	0.643255455621637	-0.308122194903702	-1.65241184159486	-0.661975244539345	-2.62243612695704	-6.99364443654344	-2.4335778974629	-0.335324882547422	0.238923239165141	0.649409092790256	-0.525575199409095	0.164186095261458	0.27549868905732	-0.486090710065331
ENSSSCG00000005167	1.57011787029634	2.89607234031175	3.7182268785133	2.12676593199505	1.00960553171521	0.569360321284357	-7.56773944419358	-3.38951504664901	-7.42966052322631	-7.46440230859401	-7.59979847210807	-0.905201773035827	5.88299236995417	4.9360205272345	3.88822356206515	1.29929153081396	3.47543938764782	2.06989970501911
ENSSSCG00000005199	1.35350236186363	0.730998347234527	0.66260742752089	-0.0838383348388051	-0.306797738252941	-0.334513233565621	2.63629995895326	1.89978408752432	2.60842852615647	4.40381751416053	-0.198816440356583	-1.09811053296949	-0.200338393543315	-0.89000204079342	-0.686466502035242	-1.02245397715746	0.0607957694613028	-0.3326859145863
ENSSSCG00000005203	0.116239954721851	-1.90456423488282	-1.42174774635609	-2.31275287132544	0.958961046198746	0.522947407437839	-5.43748997588471	-5.52204676767553	-6.68542869108448	-4.31904710658811	-6.0711045727966	-6.30067455698838	-0.86680481476591	-1.58317664862161	-1.05714358704252	-2.11482175994347	0.219068380960993	-0.375095868284209
ENSSSCG00000005216	1.07751791941758	0	0	0	2.82684710109581	0	7.51092025709664	6.81199677133887	6.5421829029287	8.93638657265775	8.31434931014427	1.69101357879749	3.07890634863341	3.35097792321378	3.48260558613987	4.96234971062961	7.10587259613797	-0.213896864424895
ENSSSCG00000005222	0.485603661105854	0.25890254644096	-2.60656877099512	-0.791578606448416	1.02302918727923	0.831309476840608	2.90809396509289	2.8525694564472	3.66476251963037	6.22007934496433	7.51558643304628	2.86190549021342	1.18105397726966	1.95236915263484	1.77984274072053	2.0234020731138	-0.860490437283155	0.590191550972289
ENSSSCG00000005236	0	9.33631435034389	9.09938730491415	8.02428331210391	8.18148173588778	0	0	0	0	0	0	0	0	0	0	0	0	0
ENSSSCG00000005240	0.487356918440559	3.75777747820234	-0.240599983233749	-1.00638358729061	-0.279930364881291	-0.969791460154878	-0.396130701961212	0.77228451592351	1.54370766846807	1.19293460840928	3.15010390050271	3.80161775930631	0.278899514541209	0.833603704009021	1.08123306653961	1.05096878711875	0.295234832941558	0.12824840062266
ENSSSCG00000005266	-1.57337746052517	-0.857240988213462	0.975538502090006	-0.973120253969921	0.0927034492987419	0.333605435740755	0	4.65929364554373	3.53397762548065	1.74552482333715	2.97490396205741	2.3830586468807	0.585399149696054	0.866592216961921	0.334286397664876	0.689976094154643	-0.434963438318777	-0.299748256322546
ENSSSCG00000005277	0.426249007039024	1.27277112381512	4.04998105100648	3.46150697539802	1.64113099295352	0.530854333424839	-0.777490335964638	-0.559688387332138	-0.711159859117585	1.26680509727866	2.37606900149011	0.931188054150179	-0.922561656275989	-0.358351620095655	-0.254189096531649	0.0833574976473652	0.0912052074204013	-0.549963211523416
ENSSSCG00000005287	1.15768114426436	2.11573797192279	2.69694139886473	2.07941539761651	0.29821206432411	-0.179957097389827	-1.56397574870336	-2.32705178812561	-2.27012487214473	-2.1923930213892	-3.14970702634428	-0.129534211593866	0.435309671751567	1.08544558320352	0.618232052412467	0.404527879962394	0.542572244326676	1.08105510334625
ENSSSCG00000005380	1.04486726325186	0.127867402918937	0.326955492679382	0.820483541700197	-0.0708334033487743	0.627037978579542	1.65920587185197	2.50064773662695	3.36205868648981	2.81926130705283	1.48970805791233	1.70589305349425	0.625596722395138	-1.30144080109258	-0.330152580907829	-0.936504740385091	0.336405741679083	-0.235943375276337
ENSSSCG00000005385	0.0228535477763701	0.400513038228166	-1.5312728761737	0.590890348829349	2.58346203109743	3.29515213117097	-0.119804575273891	4.61127073757678	3.9946491786423	0.249160095052596	0.62092054125558	-0.102420808916174	0.57365583437332	1.74649791621572	1.68714976288828	1.67901794302273	2.57233022538046	2.41369406235219
ENSSSCG00000005398	-1.21835239740869	-2.08418979501403	-1.78691097780222	0.306474084108261	-2.10832608281304	-1.92702444931645	-3.16435062255349	-1.87873257040521	-2.44252140826635	-4.08408410045413	-1.0943899016498	-1.16975531100498	-0.000377375671159433	0.315968917945613	0.282804660171717	-0.0764505260123726	-0.158408094521686	0.445260648920714
ENSSSCG00000005441	0.306358372099684	0.601060018725814	0.211209360303587	0.400808298707558	0.712491846604038	0.5284921733817	2.36441438339327	1.27634552562483	3.31173683456529	1.48255284036269	0.578861689402233	-0.0177371372051423	0.269348046791685	0.112158711320096	0.442314589112527	0.182337957405105	0.476164657183908	0.0147045956483763
ENSSSCG00000005452	-0.791758401489678	0.409459559511053	0.30045581569584	0.602552696137	-0.519907842873385	-1.14324386006453	-0.148249388764465	-0.812921518391697	-0.249085067564882	-7.14451500384653	1.53179547140431	3.64501581067747	-0.903134128401764	-0.227658823115933	0.0977100155411704	0.281922706029375	-0.073841458193832	0.0615222901874338
ENSSSCG00000005474	-4.51784399696466	-2.3631376657151	-0.369964509036507	5.89773217000347	0.57754313895314	-1.41571329123918	-0.524095265361138	-3.38993309918881	-1.02685618359546	-3.6758312365078	-9.8569330777607	1.35722096761054	1.76671629971536	0.192648637739801	0.80245277794925	-0.813673146715608	0.341059513213798	-0.425053279194706
ENSSSCG00000005485	-1.57739248024812	-2.59649328232879	-3.95876759893804	-3.67046365518007	-0.805131156622926	0.997609732209935	0	0	0	0	0	0	1.07491069672381	1.02703631678439	1.72583682236761	1.13167767654919	1.3054490079408	0.0758416088540796
ENSSSCG00000005494	0.38588162614197	1.69835002312743	1.92728209534852	1.02726103883379	-0.22430210831316	0.366606640185626	-1.58129795712805	-1.92871592016974	-2.32355615815362	-3.25726730089296	6.18577621468244	2.31542348581806	-2.53148221400039	-0.901073875832209	-0.625732818238224	-1.08517377073889	1.11337472143625	-0.556104836114081
ENSSSCG00000005498	2.10531384940132	1.56706536446098	2.0812699092313	2.12416915804058	2.44195748032373	0.324444790621181	1.1548832804047	1.35351093307136	0.849418444056028	-0.314115114080936	-0.561269102464763	-4.89226615040823	1.65152988921188	2.30677539756012	2.0269396968625	1.06375958506098	1.96525338452688	0.197447010632983
ENSSSCG00000005503	-1.44007345825073	-3.28469652319986	-2.32445958585049	-1.04762534274462	0.437184834431826	0.856951743104467	-0.486315489294252	0.112970378291174	0.719221484421305	0.431844226405879	4.35882223404993	3.53979656763317	0.290648481470406	0.892318592032807	1.10027695868513	0.719781783114295	0.160872525506373	0.419264229392474
ENSSSCG00000005504	-1.4604877588851	0	0	-1.34426114109403	0	-0.361948184150319	0	0	0	0	0	0	-5.82317274122776	-8.24214400221641	-4.00954042908956	-5.43421156215212	-4.40558957106213	-0.981093545427889
ENSSSCG00000005638	0.637829097229171	-5.26447923966356	-5.70298394288349	-5.18266489543222	-2.80017933888994	0.00598007607374813	-0.322578784748155	0.00293329727993413	0.479590702270843	0.527254270541464	1.25947828942726	0.654564964319734	-1.17055779128139	2.74342675435648	1.90124676095492	1.71622115106019	0.794150771633623	1.82386428834967
ENSSSCG00000005688	0.94192582961364	2.11760524168677	2.89763750992516	1.69081170353078	-0.561241079253832	0.574488500245647	2.93434277039341	4.63312774224104	4.58706518928314	3.43721747673201	-0.965516136132207	-0.655249994696264	0.522559862981515	1.50869592403859	1.71879723767415	-1.02739007243235	-0.346689171376086	-1.49107004183985
ENSSSCG00000005699	-0.197296526194353	-0.979289234733845	-2.08586281242051	-1.91167944211437	-2.10540536235812	-0.818609398641246	-1.13379172054569	-2.29238751310197	-2.52397518197748	-5.39173297964117	-0.217966537531826	0.185285737561478	-0.200656821193126	1.37787542754808	-0.0736206977757919	-0.817053696289678	1.32390936722377	0.485606376505983
ENSSSCG00000005707	-2.07677338830593	-7.99362046815497	-3.73661473533597	3.70190472270242	3.60725121170204	1.93733213015273	-7.67820736676378	-3.49998166021317	-3.20352806557723	-1.52970452300741	-0.837142152315414	-1.64588807060421	-0.0323436695808196	-0.613311160043484	-1.07779595551619	-0.444358454557512	0.390799431124932	1.84407318892728
ENSSSCG00000005737	0	0	0	0	0	0	0	0	0	0	7.96609355845458	0	0	0	0	0	0	0
ENSSSCG00000005742	-5.68843185503763	-2.31040496910246	-2.77287767250176	-6.13064104326113	-10.3816225503701	-5.48437355960394	0	0	0	0	0	0	-1.26281016604231	-1.74119132087201	-1.88569995956905	-0.500602899408093	-0.287740206993123	-1.1578515806073
ENSSSCG00000005756	-4.58748311501764	-9.60297790204544	-9.2611705946306	-2.97483613120578	1.03735653667329	-0.0547733818283395	0	8.0052222323223	0	0	0	0	-4.72428412748769	-4.85599810497266	-8.78528664021476	-8.75393485957122	-3.35868029804379	-0.72124639020509
ENSSSCG00000005762	-1.05917981307597	-2.12583374168071	-1.87102451374224	-0.678794045472736	-1.79633133938965	-1.77055032858656	0.271038805077832	3.8348035719644	2.48436787338641	-0.149793651944063	0.483958082716704	1.09283399912569	-0.989091575980682	-0.961591756560136	-0.798329151969739	-1.61825174545375	-0.96157177408238	-0.959800436260193
ENSSSCG00000005778	0.153208573936427	-0.915983524934898	-1.05993979851764	-1.1018471076295	0.149162670956954	0.159618048453508	-2.88333240518401	-2.49821689169894	-3.74278149266025	-2.35623513616482	-2.52630023541628	-2.47945893380915	-0.294104103713694	-1.30952901854182	-2.04695462473455	-2.06890882001206	0.0706022816288063	-0.387865441871783
ENSSSCG00000005780	0	2.65015958389343	0	3.37853634750783	0	0	0.615719789469261	-0.342618048385423	-1.83171644976679	-2.46745795084876	-4.50607038878036	-1.94914096143153	1.35341864264486	-0.122235145100892	0.547741870228196	2.15382108158742	0.296586796389703	-0.169737092730322
ENSSSCG00000005781	1.58497561526449	2.71983140869719	3.83290888363393	2.90388107134439	1.80304622888669	0.0261333402779654	2.37517991157059	2.68000874938755	3.18354956997048	3.30766672255191	0.450463457870354	-0.40638807298374	1.49466487339082	1.51540159893863	1.37007707840924	1.34028662672039	0.968038731576345	-0.641177792965478
ENSSSCG00000005785	0.235116404149624	-0.557160534756994	-1.4256485479487	-0.393400145173378	-1.45693532358057	-0.311629120875257	1.08817115695229	1.01999689467089	1.27968673258387	1.54605633175808	4.84179952810454	1.34568961674393	0.0939719290621006	0.506542795243415	0.932695862054144	0.34530623104284	0.0611053986964111	0.940322698203238
ENSSSCG00000005834	-1.9405722064904	-2.98353600268919	-7.56084553033872	-1.09743482953603	0.871979871566188	-0.93321287646453	0	0	0	0	0	0	-0.484306090499766	0.438337496792894	0.38331508318553	1.3934601134994	1.88204184907033	-0.614830780381425
ENSSSCG00000005938	-0.765498845126882	1.14356753061678	2.079876639761	0.51337826972782	0.0549468174943932	-0.233569674819999	-7.2807640522631	-6.3143090802607	-11.313254367623	-11.3481828393319	-4.61112830074073	-4.8959932367839	-2.95876616313275	2.0321219080075	0.425194150261888	-1.30428892341993	0.994058391889589	-1.56757311554451
ENSSSCG00000005939	-3.911325992177	-8.0807503002262	-8.00242822410104	-7.98936050773214	-8.04720326985264	-8.14501446711511	0	0	0	0	0	0	0	0	0	0	0	0
ENSSSCG00000005941	1.13602841068071	1.2863801511698	0.440406526395937	1.8817130952709	-2.40698482605223	-0.658640316167192	-4.18250533117427	-3.48299093509699	-3.07236254253148	-1.79864417096965	-1.46077405694673	-2.19815540312024	-1.04270113551317	-0.729386565345132	-0.750797933960449	-1.67699908583704	-1.79134026533666	-1.66357100569107
ENSSSCG00000005948	-1.06162107415848	3.53157964897877	3.51559298256406	-2.88390112360441	-1.06563173876572	1.04398395499092	-1.60651853708572	-1.02828521672564	-0.726621169247131	0	-0.526601077087275	0.756543736464235	-0.611946323140225	-2.20732117857379	-3.00026235830477	-2.94069619725955	-2.23266867438717	-1.5189801476596
ENSSSCG00000005953	0	0	0	0	3.98448227282386	0	-3.48798444448843	0.538128265075026	-1.70221402091903	-1.38024269839045	1.45903716673246	-0.554382246357907	-3.27753831623508	-2.45554251444375	-1.79932187304922	-2.3097928772702	-1.50462556602362	-0.100363829243858
ENSSSCG00000005961	-2.86988634996168	-4.23784959936172	-2.64410156424824	-0.229744874556659	-3.02400226694067	-3.38587248183333	0	0	0	0	0	0	-2.86571545871208	-3.552540118868	-0.547348136593435	-7.45073724987333	-7.54279483970394	0.53619710983996
ENSSSCG00000005965	0.226066321724723	-0.691227264687672	-3.36378502172063	-1.97990370383185	-1.98848191841451	0.871360549041215	-0.162627286236312	-0.03374018325461	0.253474517520936	-1.47876407728374	0.610128845656318	-0.0569079789950757	1.02106089712892	1.8902638609121	1.74036631894488	2.0131096920744	1.89283781403701	1.03253047844341
ENSSSCG00000005970	1.84997093828494	1.55832169565722	1.51282684502815	2.72003050611944	2.88453577881977	-0.612891449268565	1.43661391344649	1.26162780283454	1.303442494897	1.83241535029945	-1.75627926351939	-4.05791010327272	-0.347198535221393	-1.02859188015087	-2.14820618899321	-2.75329652261837	-0.0197346296149201	0.96158338169016
ENSSSCG00000005979	-1.68807702744905	-1.34744741637043	-0.937566285868082	5.45256196751701	0.896776635270251	-1.11808489276725	1.42374036972974	0.658237942218518	0	1.31715545498027	1.85700366468641	1.39971318564677	-1.61048983318238	-1.66249585659267	-1.82771429291777	-2.25785624606674	-2.51166469308081	-0.592552781385818
ENSSSCG00000005981	-1.16416931395481	-0.999211155615556	-2.07354907089612	-1.26384098333378	-0.679618513413087	0.434986537246514	-0.556818286611731	-1.04500940172142	-0.278317011490259	-0.487777094108203	3.08694907229804	3.2500862682786	-1.3050796892009	-0.79520392919873	-1.53538440476251	-2.87501907308254	-0.600395453351307	-1.31593922593567
ENSSSCG00000005992	0	0	0	0	0	0	0	0	0	0	6.97185159570829	0	0	0	0	0	0	0
ENSSSCG00000005994	-1.49675288597338	0.562329632515244	0.93257031742859	0.828428173051579	0.843411347385891	0.225782788120219	1.10637946498461	4.50610764442816	3.84351796725994	2.72223808502977	-1.78847771785349	-1.27650236044315	1.10992220649619	0.851581408648754	0.894133144127656	0.0392337810833055	0.241184824796464	-0.402439176443255
ENSSSCG00000006003	0.22466176029351	-0.195945100851736	-0.070008209435062	0.626002224091824	0.519864432246901	-0.205743443047085	-0.0103240909282267	3.77059649131757	2.22320310345381	3.34322307589512	-1.73150561016656	-1.5810470502252	-0.666272543006638	-0.0389566393473843	-0.210804307031197	-0.0990163038026589	-0.555772590230952	-0.0928378089177452
ENSSSCG00000006029	0.422834195400419	-0.0206636503305193	-0.209914508012505	-0.764555647709055	0.123080171141895	0.308899882526364	0.520839638274536	3.41008804988425	1.2794317313039	-0.338203700488275	0.208918142694491	-0.869593240768472	-0.452685007593647	0.134397177849934	-0.344303851242831	-0.203683249762354	0.049854866870176	0.399697037897892
ENSSSCG00000006031	-1.29514663291735	-1.95598939926414	-2.78098488071378	-3.44643848896667	-1.69747673133212	-1.1494190697652	1.29502742925143	0.884091737816129	-0.260147060351234	-0.414068477231593	-0.550691948831273	1.26587992295571	-0.905909840530119	-1.21251392921139	-1.50430857567878	-1.77818789866415	-1.28653234492854	-0.279114278718229
ENSSSCG00000006034	0	0	0	0	0	0.475816364535463	-1.77384965043606	-2.55531391467891	-5.42624009081827	-4.93518430000486	-1.39924811540235	-1.17682652622543	0	0	0	0	0	0
ENSSSCG00000006043	0	0	0	0	0	0	0	0	0	0	8.78461747824927	7.77700965549974	0	0	0	0	0	0
ENSSSCG00000006051	-0.439413856791732	-1.94308985569337	-1.2117273748171	-1.18391794753467	0.0922245277581324	1.06122381634694	2.48536727115827	3.31107022832338	3.29425080261491	2.86014570703651	7.33526361831157	6.71242626172823	0	0	0	0	1.30163239476326	0
ENSSSCG00000006060	-0.0823748215918641	0.811870826958905	0.705005713111068	0.0245338376946121	-0.123757734018877	-0.127109810745948	-3.0373924023442	-1.92232292863417	-2.98646041911044	-4.36747897378432	-2.23677745232749	-1.45320773241845	0.0950897996818968	0.0965736518243116	0.102073463599202	0.239213869529627	-0.748804712398865	0.062316098091495
ENSSSCG00000006064	0	0	0.982970143582332	1.10958245091041	0.889630218049574	1.52668055730623	-1.98153905616434	-0.984893406497902	-0.223616654585963	-0.122164682670255	2.12084317699589	4.00332622265019	-1.27431840983086	-1.16339032957589	-1.61843057122184	-3.22748233966838	-2.10551178237869	0.586735331276796
ENSSSCG00000006099	-0.105452417468264	0.202856306063891	0.134472374792462	0.406094320992428	0.547387607761187	-0.0184968095434879	-3.37778345983715	-3.50737675359193	-3.35347577521196	-5.00358685158625	-3.5820026356854	-1.49051367716382	-0.657191982143816	-0.184195654344805	-0.177637470463146	-0.0415133640217038	-0.684231083329008	0.333923430733635
ENSSSCG00000006106	1.64966377766087	7.12434979551707	9.74824171911561	5.77990185446146	2.43565419835687	1.89321493703467	0	0	0	0	0	0	-3.57960926957929	-3.0437287443694	-3.94406830144113	-5.81716413996189	-9.95153237153795	-1.07374132784743
ENSSSCG00000006116	0	0	0	0	0	1.29491597450813	3.41062211223144	4.86173107101906	5.26849317625566	5.74727078786665	0.667765908033571	-0.545544701726052	0.989956803270756	0.482093904888746	1.93586819407841	3.31291641103708	1.98025224683993	0
ENSSSCG00000006125	0	0	0	0	0	0	3.2594328643373	0	3.39370543971274	5.60994202446016	0	0	0	0	0	0	0	0
ENSSSCG00000006138	0.274024394303364	3.46550506596567	3.21233434819613	1.17733655283535	-1.36264063083886	-0.786964562874017	1.85589706634152	1.55641139617566	2.55170590184958	5.17954844258296	5.59003351812604	3.07585399880739	0	0	0	0	7.05098260936516	0
ENSSSCG00000006140	-1.10426807846756	-3.09379992384274	-4.28908912340949	0.632434075736378	0.675876196505639	0.585755106193251	3.59145702249912	2.93165105802827	2.49094374943736	3.16056829251885	2.67912896112339	-0.424692690922181	-1.18035923333207	-2.61447941170819	-1.9920270140456	-1.32126465352275	-1.67595480943953	-0.659595637670705
ENSSSCG00000006141	0	0	0	0	0	0	0	0	0	0	0	3.49113126330235	-6.33182899795073	-4.55144800095538	-4.52714966133591	-3.75994934722884	-0.74207074165299	-1.01948422038669
ENSSSCG00000006143	-0.258761729364088	1.36881836424129	1.75080570884917	1.19938531670071	1.01479785960432	0.430459213591307	1.75215593427534	4.37761088412138	3.56488049988489	3.46421203570004	1.41300756733199	2.42563824555899	-0.993394263282532	0.337670911746141	-0.220766704152708	-1.08016650587559	-1.12290098843521	-0.466929992761097
ENSSSCG00000006146	-0.0101251608407269	0.0979865315911025	0.321384939155705	-3.58693443668934	0.181034350349126	0.315733496475689	0.0256365067395469	-0.516278572392459	-1.57799085970795	-0.375401001782467	0.185984576438032	0.601722469710338	-0.196580444074733	-0.505918236512434	-1.70632004242873	0.0206414613970914	-0.569086892163721	0.761499805557772
ENSSSCG00000006148	0	0	0	0	0	0	7.61981837940195	9.22440241446454	9.45518970208482	7.13295998095398	0	0	0	0	0	0	0	0
ENSSSCG00000006149	0	0	0	0	0	0	0	0	0	0	0	0	-0.334911951648897	-3.68428051099549	-4.80095377886523	-10.3086752856437	0.0773037425955213	-1.57766524598426
ENSSSCG00000006160	-3.70513728710317	-3.9133927079239	-1.83757784450332	-1.66545734497772	-3.84510369938838	-1.76178147441226	-0.0614055149906416	1.10070842995501	1.91115270770741	1.68911435501034	0.535002912338495	3.26780125215277	-4.07015262454431	-2.67924490102833	-8.13112250659484	-4.05791745902664	-3.27341264538564	-0.892856358798193
ENSSSCG00000006186	-2.79204677426238	-1.23643091555186	-4.59340702052678	-2.77283446823954	-4.36951324978912	-0.238475934618968	-2.86876886064412	-1.50366918050429	-1.57454673624659	-1.1753949563728	-3.2490204230681	-0.511187834878571	0	0	0	0	0	0
ENSSSCG00000006199	-1.29574323778124	-0.173296714167902	-0.337195709200341	0.567681565318757	3.63386587762001	1.06343376010917	1.04555091839134	1.42325436730434	0.775125411804778	1.30592744758894	0.132105521726103	-0.219144692741494	0.511169887055698	1.04484783503117	0.416105393561752	-0.203048258448623	-0.148078311365485	0.808070422953687
ENSSSCG00000006213	0.517523089290866	1.08182787615903	0.83771986942715	0.81963610213435	0.21825969329191	0.428926172639956	2.14294189882271	2.89758971406068	3.33113003327506	4.97798966769311	0.498784307088074	1.4350043594126	0.42258245455244	0.747666068257028	1.02193387689781	1.06653523772685	0.493965474410764	-0.341050112221328
ENSSSCG00000006230	-2.68508273617666	-3.9631196609265	-3.58321753937414	-1.79437858928926	-0.258663662739044	0.645116929562699	1.68799204260381	1.21739843911098	3.07426566852844	1.56485212056794	2.22506569287168	2.57425868512386	-2.7342298323423	0	0	0	-1.36805340085	-0.137144019921363
ENSSSCG00000006233	1.62719500442294	5.59511388573628	2.13747839968181	2.84732118943378	3.4235122548532	2.78214388735954	1.40824839439893	1.84339604186878	0.608141227601462	0.695290059560805	-0.763593778794539	-0.0744234997478425	-0.447690674908547	0.77159889742414	-0.0711283225931213	-0.692130191246102	-1.46173743867603	0.839297259513758
ENSSSCG00000006238	-2.45572639936842	-4.10016358529119	-0.994973688841843	1.54580346053776	2.79726005547184	2.41289959599449	-3.00292489174514	-7.17086820942243	-2.69982818751473	-7.07105099297805	5.07149763758322	5.46425816188313	0	0	0	0	0	0
ENSSSCG00000006243	3.76572753607505	5.23959348774481	7.01476971219421	8.26734121701508	2.35040882713356	4.28755184868998	-5.8723278104042	-7.56701598682678	-6.94747529209132	-5.76656067698004	-5.79769288680385	-3.49218923420912	3.29618538637895	2.31623119632031	1.73684995014484	-2.23500192731764	-3.03772679572147	-1.51244804572893
ENSSSCG00000006262	0	0	0	0	0	0	-9.25846637663872	-4.52214099948016	-3.24675935244513	-3.3283691956778	0.334464219055092	-3.39391997257061	1.66671913573975	1.63214243389117	0	0	0	0
ENSSSCG00000006264	0	0	0	0	0	0	0	0	0	0	0	0	-9.41635852183979	-5.51195207049878	-3.49482138609204	-4.41240175230838	-3.60766886566158	-0.472854807710649
ENSSSCG00000006281	0	0	1.54094769656169	0	0	0	7.48927221717147	0	0	7.54542550549407	0	6.88223460300644	-0.110642243056489	0.228304603153147	-0.28838404135522	0.0215677363652592	0.110223300967063	-1.21436679100024
ENSSSCG00000006286	2.56402745629513	1.2537206810743	0.545683061557047	2.56674134803661	1.89062204703506	4.23269808226774	4.55083292350735	3.04156988852267	2.46451838976737	2.19084262205551	4.26286861983776	0.914878911073354	-2.2566943045336	-1.53094995655393	0.0859674160963913	-1.0393231414318	0.923867517090976	1.7719833932801
ENSSSCG00000006287	-2.1103820612145	-3.28858275452866	-3.14785970836693	-1.12728229369275	-2.25490651221575	-0.293408485030545	0.12618205990969	1.86588165717787	1.57278267256407	0.887833479063596	3.79887062019533	2.03689492588741	-2.84020077479073	0.0327591863449533	0.614610980896292	-1.55960320551307	-0.171573106279317	1.16255254298637
ENSSSCG00000006289	-1.13723066440005	-1.94840255118333	-2.46840393595594	-2.1496431994175	-1.57916054304534	0.243434759423111	-0.447684784105451	1.14154155363689	1.89836993198647	2.37639114281949	3.60670000561854	2.94940739498375	-0.171730278663886	-0.50722045849273	0.0633075938682417	-0.359592787879373	-0.271174866476733	-0.795156260137079
ENSSSCG00000006298	2.33747154970052	-0.707000112500429	0.56283967740407	-0.517150806919814	0.0923676836563852	-0.253384820736894	0	0	0	0	5.14615490081623	0	-0.907707302404451	-1.04190960170004	-0.157376280496129	0.180034950734323	-0.270177938106847	0.336871704674446
ENSSSCG00000006312	2.81179169662571	-3.23388628674925	0.329488895705522	-0.3062558670143	-2.72816482693232	1.06263498142397	0.751157104282219	0.177960555616185	0.480934005793485	0	0	-1.0589001285519	-0.0866596015887806	1.22894230456777	1.53147911829524	-3.95039931667259	-1.38244323859563	-0.355024604745138
ENSSSCG00000006316	0	0	0	0	0	0	-2.49127185047199	-2.5985467778354	-2.8730156503642	-3.93580325553194	-9.32577527748974	-1.53895595594471	0	0	0	0	0	0
ENSSSCG00000006321	0.45716210519207	-0.901149739263706	-2.17245115811918	-1.16517347583553	-0.708775687230365	0.147681135159532	1.50896260672229	4.17429547523615	4.0794085059466	2.33161707712629	4.38303827448301	1.45693255818787	2.30926613948293	1.52103452372784	1.86582382903383	1.0406192284391	1.30832718402894	-0.214489564510515
ENSSSCG00000006328	0	0	0	0	0	0	-8.64778075093654	-3.51004774570934	-3.61179196003362	-8.54414444075388	-3.01286731448973	-0.713183074097337	-1.67492492034968	-1.08477247049875	-1.72181451031869	-3.18782404712589	-0.352531035801722	-1.18032442836394
ENSSSCG00000006350	0.156543705354146	-1.19112903544024	-1.43315190772293	-1.5840143879115	-0.144663934076132	-0.696719032305445	-0.77520736294041	0.16654157462724	0.853856653592699	0.510505228510976	3.26459658051931	2.48076066049629	-0.757704309953759	0.00345240030661435	-0.158438878596077	-0.148913635886253	0.649774770543136	0.457990471238863
ENSSSCG00000006352	-0.234606330962274	0.549757091887035	-1.08632293418292	0.0820497511501154	-0.989115435787967	-0.189795655233046	-3.37642864551202	-3.24504183567231	-4.50100673459875	-4.9847289514912	-2.66182373927306	-2.50591379387879	-0.246763225885214	-0.49324344598415	-0.484002804305319	-2.24508028814853	-0.462220912393499	-1.07029598234025
ENSSSCG00000006357	-0.173683465240397	-1.98934968554058	-2.23765240497981	-1.05763819506321	-1.76489363894554	-1.07896255446982	-1.21048817780542	-0.192336177779808	0.732853071491249	0.556545892270425	3.09030846030282	3.46086416207048	-0.494495606367632	0.437310494678578	1.24857801645406	-0.0326888918578136	0.753513340663477	0.223937524510524
ENSSSCG00000006359	0.0466867339222375	-0.397041733659539	0.389608000364269	1.45959056119288	1.36994431464619	2.03489808953495	-0.499825632341565	1.46105889624166	1.40568663801366	-1.57878061376353	-0.370486226086464	-2.80460422073822	1.49803949697684	-0.558778012834692	-0.223818333272156	-4.30461828287642	0.923363101260138	0.487244418026258
ENSSSCG00000006372	0.112806193756605	-1.79816837876861	-1.26030973565641	-0.768231250168772	-1.79866611320866	-0.721599058246636	-1.19559488315613	-0.425391349285516	0.286434843817076	0.541701496785608	3.67311712976158	4.07292324757727	-0.54676328907912	0.483254919387337	0.726560449415155	0.370004744853396	0.464057020052576	0.668854769086473
ENSSSCG00000006379	0.318207340517652	-1.98023560223978	-1.63210452137174	-0.509252214792297	-0.970953389615465	-0.39855799275511	-0.905299964634273	-0.323332546225759	0.655135877261824	0.639782388393567	4.0732676591485	3.70600247380541	0.00122748362687919	0.731515094828115	1.12113338910492	0.819177523965616	0.819831803841746	1.39387143457901
ENSSSCG00000006381	0.576455060890724	-1.99655304805795	-0.515457019526847	-0.241908864687628	-0.931108986563886	-0.50903184123889	-1.78051174401317	-0.156254523752902	0.860172579794947	0.486073854819741	3.82870961204297	4.42515628841135	1.46370641995267	1.60538106470169	2.01403416414464	2.31200691166042	1.95744058214245	2.11977100912582
ENSSSCG00000006382	0.82119508894012	-0.660208602558838	0.0839585767615048	-0.118216944215157	-0.440812432728542	0.59154011564032	-1.74625406225409	-1.52074094318763	0.352669204826361	0.631563070731034	4.18104688691925	5.12381317699206	-0.470098030163437	-0.32721179370161	0.667791097487768	0.0530397156110732	-0.119794004459805	0.757178738949034
ENSSSCG00000006390	-0.7788217411188	-1.91337236796414	-1.3907208410657	-0.723412973970119	-1.15690126720981	-2.78276323969651	0.28398638000149	-0.964088732473224	0.116399575397636	-1.45753670657634	-1.03872350908479	0.0153216140624884	-2.05013253172966	-3.63866813547008	-3.60097652348426	-3.37132789669753	-1.46949216335379	-1.40485715587909
ENSSSCG00000006398	0.510715608548787	-2.3502552172073	-1.49610206885753	-1.00212599865669	-2.47172308569454	-0.848196160864672	-2.87864970207872	-1.57453305137317	-0.598381710404475	-0.871686656332858	1.64309765295168	3.63061087786818	-1.45690387229051	0.487257453281114	0.193668081547623	0.314529126359426	-0.439274394996055	0.264801175371541
ENSSSCG00000006399	-0.996340045148865	-3.24536365523072	-7.82260592353715	-1.223180685126	-1.79848438406394	-3.92523841595254	0	0	0	0	0	0	0.835889350856019	-0.989656417707119	0.329647473246347	1.06689964689386	-2.63107655532622	-2.03878405917241
ENSSSCG00000006450	0	0	0	0	0	0	0	0	0	0	4.88438269616953	3.77789460910153	0	0	0	0	0	0
ENSSSCG00000006452	-1.9968704162115	-7.69536586514055	-1.499453057404	-3.41112399566179	-2.57165094847721	-0.408980644327287	-3.21306621686915	2.34276296649322	1.77459903356739	0.264334251922468	3.28175898363328	2.66846249999614	0	0	0	0	0	0
ENSSSCG00000006455	-0.206487534348127	-0.0459054796385395	0.878407630043135	0.52095941747804	1.90360043249754	-0.405218796093208	1.15519954097497	2.27020021779819	4.27744067292778	4.10847400356748	2.40182792301485	0	-3.33132798863816	-1.07676091375901	-1.9828148662056	-8.88609198740856	-2.09605574228411	0.870569350096157
ENSSSCG00000006456	-0.0810860129880544	-0.938746599320946	-1.32520776203885	-2.60262115188669	-2.3159894972751	-1.35309113625158	1.0142224158071	1.51257779008513	1.8542951995313	2.26706180214005	2.47326783190115	5.14391943925187	0	2.16049179726458	1.08633392495615	1.25975135718525	2.28663618506304	0
ENSSSCG00000006457	-0.098488387493628	-2.18391506018462	-3.08110777890855	-3.0529903578542	-1.99529591929264	-1.53243489073973	0.172078806657333	1.1579238681395	2.1163579206742	2.39902635388177	3.38394965799782	5.0346953336806	0.558075408978831	1.56384712642983	1.0372959109599	1.37136497433095	1.58321402442596	0.91939323860257
ENSSSCG00000006462	-0.596445342963098	-1.2037048187762	-2.44942505992926	-2.43711175667985	-1.58757604382913	-0.982932955407781	-2.42465235413354	-1.54744835634024	-1.4388391456967	-4.15429326612506	-2.14075370912726	-2.11907726721905	0.89642163380009	0.517156639116747	0.584574317477963	0.825990236581372	0.0806666387870664	-0.194489719427328
ENSSSCG00000006464	0	0	0	0	0	0	-3.37205879073502	-1.91123917180617	-3.67016704636591	-6.6180387271393	-2.54969807584	-6.38769232121601	0	0.990638300228709	0	0	0	0
ENSSSCG00000006465	0.300755919473286	-1.64612955893761	0.185643879923069	0.099164272634189	-0.432555079674992	-0.793647078280608	2.53113192781492	2.15290907873402	0.757016305767712	-0.668220339435667	-7.20621646366621	-0.991677707020773	0	0	0	0	0	0
ENSSSCG00000006495	0.129410713059843	0.204095903911266	0.511770797447014	0.16981238431221	-1.46840773595494	-0.810846529217165	-0.546461902053962	-0.119600550048166	1.47175648789942	0.765215312064119	3.67433874113277	4.47495292521758	-0.46791276161622	-0.473499189812696	0.101285393548286	-0.272814712635766	-0.988508082982106	-0.0487682122745806
ENSSSCG00000006497	-0.585282143607745	-0.107424987220939	-1.34366687583929	-2.52296661937509	-5.04487644687693	0.305124738731173	-1.71397587419377	-1.91771999365598	-2.15791496903959	-3.34874232647154	-1.03313845922086	-0.837763245159785	-0.110711259384191	0.0522504005446768	-0.534350202901446	-0.625488451609801	0.48461743901547	-0.0229295781978283
ENSSSCG00000006512	2.18180535213779	3.77813853198726	4.7562638115297	4.45678833478528	3.15005642499748	-0.134849895352647	1.9651594615072	1.70441062359561	1.78772438916486	2.25586615790848	-1.40025072975084	-3.3310312894459	0.495002120540055	-0.938038839974393	-0.693473686455046	-1.89238695298553	-0.7092050760442	0.767149768816204
ENSSSCG00000006526	-0.369678992269792	-2.56330134643617	-2.56974915365676	-0.7639365828504	-1.30978515394912	-1.71302915792422	-1.17900290133761	-3.14073412524385	-2.83969633222741	-1.14074840239394	-5.09308121024792	-0.476524127574949	-0.730018586237458	0.586665882719326	0.487959278543601	0.909070070437185	0.810963134521381	-0.589635730908181
ENSSSCG00000006560	-1.68775690661648	2.05636052845724	1.65173729124074	1.15408047255373	-1.34117012796817	-1.09394392522447	-0.0924056132888823	-0.0113185835075308	-0.307989335289515	0.163188476915147	-0.60007488424598	-0.0538884756997639	-4.61707829874472	-4.53733851613914	-4.38065574906564	-3.94449429261828	-3.62488118183274	-0.53247777660506
ENSSSCG00000006577	-0.044126407470267	-1.39648938289318	-1.37070523068541	-2.33840473187691	-1.87857833902868	-0.0431359416180061	0	0	0	0	0	0	-2.59624637502935	0.272514131555471	0.174793799569808	-7.58126450227275	-7.67336644206353	1.44847846598606
ENSSSCG00000006588	-2.08169174606189	0	0	-2.52438104617268	3.39255089609855	2.1460989572108	0	0	0	0	9.83416736785217	5.98051982242592	0	0	0	0	0	0
ENSSSCG00000006590	0	0	0	0	4.17891772889688	2.71852250623239	0	0	1.33930979824859	4.56737684782718	10.1894052801934	5.80357459080072	0	0	0	0	0	0
ENSSSCG00000006614	0.411310167169011	4.5509890304161	5.32793657571933	4.53529986278851	-0.0550655362842084	-3.62892997925201	0	0	0	0	0	0	-1.35337989556832	-2.0213071361669	-2.35918901276556	-0.175880583971562	-1.91565126944363	-1.9416461332665
ENSSSCG00000006624	-0.392258157093886	-0.413178920586436	-0.735041936546375	-0.308769866034656	-0.979676729457075	0.19501284216637	1.35971828988185	-0.314167637698731	0.686081975418467	3.03772920362119	-1.68473140398158	-0.649092132167372	-0.86793905861201	-0.0271935982108867	0.368839881383583	-0.387228950577723	-0.342063770972844	-1.15099458191665
ENSSSCG00000006643	0.817739746232547	0.436481566363546	0.263158908004247	-0.653221957458504	0.0633464761990198	-0.653620451878359	0.939791944026055	0.946952649906337	0.986524739615618	1.63255463512251	-0.465108563023287	0.597269665503902	2.50630654297613	2.85109895962424	2.06531895858083	3.57256200492458	1.1208557874364	0.61967186759588
ENSSSCG00000006648	-0.120188248575312	-1.60151463528761	-1.36651072888575	-1.58901662892432	-1.28978414425434	-0.377470821104257	-1.22196005827734	0.185114759094297	0.258443044482701	1.10069568240585	2.83789096772164	3.89148339109591	-1.21556412696467	0.2732837790429	-0.543938263337098	-0.46312779365821	0.029736420737539	0.201093140682052
ENSSSCG00000006664	0.747593621101026	-0.631018743871106	-0.850813831468662	2.01304325000069	1.30840772273607	0.538233991276038	-2.10171273910456	-2.28707207688151	-2.34461695223025	-3.49092063051884	-2.14792859904696	-0.940974524205166	0.0602104252312982	1.28671809015255	1.38114952883808	2.0469604915717	1.32472443148364	0.355874785775373
ENSSSCG00000006679	0	0	0	0	0	0	-5.09774512260929	-3.20923024848542	-3.87201814542741	-8.24338725949304	-3.28286458529319	-1.03737344693491	0	0	0	0	0	0
ENSSSCG00000006685	0.635557807066552	1.49981402509881	1.64687137140666	1.31747246789714	0.295434043762975	-1.14107985091439	2.10312034579036	2.06789475606535	1.6300079701566	3.24567126074361	-0.0645141172217335	0.39674052273528	-0.730824306251851	-0.199371117070901	-0.74183164798609	-0.718228435275945	-0.623412460413602	-1.83479278273361
ENSSSCG00000006693	0.282054696295683	3.23537313257022	3.01509780839254	2.20361586161015	-1.55666822797671	-2.30801966820862	-0.502934559358283	0.348452965317587	0.653428346892949	-0.593331234867917	-1.18714667670924	-0.679224416087131	-1.4267340454708	-1.31229453381089	-1.40975774813425	-5.48221882466113	-4.66581295272486	0.747419066460158
ENSSSCG00000006702	-0.587117696045931	0.536179354729306	0.625829201993886	2.61740658326912	3.47560875665704	1.0721550448865	1.40769784505027	1.8399891225566	1.53901779389106	3.20104701313195	0.829975081681331	2.04361419255607	0.00349237582719912	0.80298281042498	0.276776834237979	0.472736864187456	0.00355326830151653	-0.307362408536138
ENSSSCG00000006717	2.5671656928266	4.80774236619258	4.56010781936575	2.18473930459187	0.714489685771542	0.0446290925999758	0.688194336829719	-0.0458202728999665	1.09409261771024	1.3257452834427	0.241715464061474	-0.0172492132425119	1.38868476138711	2.14546446835385	2.99977782082214	-0.837634322925791	-0.0540747124758805	1.34514508552415
ENSSSCG00000006719	-0.996340045148865	0.607085805842541	2.65020377009828	-0.367456142640964	-1.48086095333647	-0.835463489915093	4.29371868433063	3.81466337004924	3.67302265509392	3.5029412265798	1.25256307418228	-0.68598083564793	3.99963340013915	5.02482447924884	5.46170873856035	3.36427259079615	3.68444052302919	-3.01421808700933
ENSSSCG00000006720	-0.715258003296833	0.862383973100775	1.37837780394863	0.370791899867432	-0.234592633968042	-0.386920197081365	5.16245068717175	4.8414378230902	4.90386450824345	4.05917757591791	1.95540870071845	1.22529193197294	1.08332337933396	1.14942121860852	1.23764411145284	0.87707400457186	0.482379803227937	0.192448673158054
ENSSSCG00000006726	-0.486590465873966	-1.21634945836328	-2.60090119765779	-1.89502777143163	-1.55843182643133	-0.5067624913645	-1.46147509864303	-1.83832827105767	-2.41732737575603	-4.25276416115902	-0.49226678642444	-2.46576541950166	-0.325384245987918	-0.742372661580997	-1.11250337041056	-0.857022060296431	-1.09935696106706	-0.312137959590787
ENSSSCG00000006731	-0.392363266907536	-0.715524687463009	-1.04805860936809	3.20197499864615	1.27654150838745	0.991450461747077	2.47517335532759	2.37746014216114	2.65509832673592	3.43399943448633	0.665836071363134	1.15228415063406	0.391809030768011	-0.527575157300001	-0.679901712968091	0.311422639618056	0.230685629524732	-0.932444341244432
ENSSSCG00000006749	0	0	7.49708031378069	0	0	0	0	0	0	0	0	0	0	0	0	0	0	0
ENSSSCG00000006764	1.53573117715865	-0.912777786230235	0.448410169321584	-0.338709279876807	0.255236686087437	-0.161123682423723	2.98322712783588	3.34870866598438	4.38418028150047	4.3100702063728	2.65667522690744	2.73719259102706	0	1.89301981294624	2.26728477946003	2.86430241206156	0	1.85187362730915
ENSSSCG00000006771	0.413138430595873	0	0	4.45947867390042	4.6706746322827	0.886999106537618	2.09430969825006	1.63736480677611	1.14748484551775	2.72199756923108	0.501300120860177	0.0445789497478825	0	0.96638888743714	-0.00668890242578106	0	0	0
ENSSSCG00000006791	-5.92737959755866	-6.12512943777589	-6.09921313788175	-5.33631985869521	-5.34807729581113	-3.20874378109188	-0.441872348609248	-1.60363658291389	-3.90826082797818	-5.85305904783629	-4.62636046790475	-3.94306292122726	-3.54818286407838	-5.88690717762888	-4.98602876335087	-4.32500422690722	-5.03849333383787	-1.30673636367761
ENSSSCG00000006792	0	0	0	0	0	0	0	0	0	0	0	0	-3.59114176920108	-4.00410717227222	-10.6598940910082	-3.6653453065673	-5.01559480449398	-0.533959874770994
ENSSSCG00000006796	-0.561291149866999	-7.24541576785203	-2.9886254588931	-2.00133032802305	-0.344978880075699	-0.645367351899646	0	0	0	0	8.34327313390783	9.45696952727908	-0.572558065763616	-1.66454682832858	-2.35791882572535	0.703376740254331	-0.216569047757756	-0.738920486403643
ENSSSCG00000006800	0.0621016740811968	-1.72689243793184	-1.52290054615391	-1.0539570476261	-1.29399582754242	-0.690296562549604	-1.36212029147175	-0.261845469169153	0.0833156526080671	0.334767836334173	4.48914904269037	3.62898042311378	-0.799009123048215	-0.0371352884050525	0.330156731636624	0.327033536208247	0.460633052439708	0.148709665669906
ENSSSCG00000006802	1.27153299002607	0.148122531070122	0.309589620863923	-0.240599488927776	0.436457249047583	0.341082085197278	0.74797423571001	0	1.71564456203508	0.715326209343018	5.79985068197184	3.69944334258578	0	0	0	0	0	7.24598921822731
ENSSSCG00000006811	-0.156967608943856	0.0152032280933464	-1.14205017590066	0.438987588122777	3.46919824009483	0.799191339658578	-1.31960087535745	-0.77111507098844	-0.673036175015791	-2.29248732459269	-1.30790056683823	-2.5861667492035	-2.93593653883937	-1.31770272604274	-1.29650183416544	-4.60781088825414	-0.117389108674029	-1.02985152167999
ENSSSCG00000006820	0	0	0	0	0	9.29154789637621	0	0	0	0	0	0	-0.806678214377845	1.63314643440677	-0.272891694191072	-2.75985049917764	-0.647531180248298	-0.632227661590844
ENSSSCG00000006821	1.137549882639	3.17124108529315	2.10740270159681	2.0448389289503	0.703625383008	-0.0385838280269677	-0.731816160870002	0.167086510127214	-4.08060950554108	-1.08112033920847	-2.57505352883263	-1.490169525983	0.660856842174208	0.449138496693689	-2.49902756089174	-0.986568817414392	-1.54928703231878	-0.0283018214055499
ENSSSCG00000006836	-3.21133632211286	-2.31205829214919	-1.06240965506802	1.13303791964337	2.96651435061772	-0.843102160992493	2.17743877425295	5.88915887480344	6.83951515655275	8.46386283055308	5.41120040402065	0.418912676970086	-2.33305739054018	-1.96427258419171	-1.01184594552944	-3.13990157642098	-1.29373931448208	-1.00105765342489
ENSSSCG00000006842	-0.840508571796901	-7.63906072872508	-2.42253528695948	-4.278037728911	-0.6398587681841	0.00794100333244753	1.85589706634152	1.33535307547793	1.98991054718987	0	1.54907075681328	2.26541913991778	0	0	0	0	0	0.484264499057692
ENSSSCG00000006846	-2.7731656809457	-3.80198489382338	-7.82260592353715	-2.34277959928394	-0.00656260343867173	-0.102624706721453	-1.74938976759687	-1.48014254382084	-3.33017788195639	-1.83987228940002	-3.54048656665733	-1.47871533847429	-0.0362224222149029	0.393936388167205	0.482120669557651	1.1869652915788	0.0683531089190961	0.0149035221768667
ENSSSCG00000006858	-0.204793605535874	-0.722618837353348	-0.213842575994063	0.134993236588426	-0.307956046177373	0.616598153732972	1.92701734643302	5.44206123850854	2.16012873383048	2.59958360267791	-0.15777116289316	-0.211928581271623	-6.54138584704439	-3.47021146775459	-5.03426182590225	-4.24361375697614	-1.76993010800603	0.495434140896974
ENSSSCG00000006867	0	0	0.982970143582332	0	1.32694660676415	0.590108599414115	3.60626258964991	2.07420212255779	2.73857652401963	3.36877258207186	0.268775177981121	3.03892965631643	1.52555756906539	1.93514762087125	0.83654080005536	1.95941079822872	2.50039593660015	0.223285365485942
ENSSSCG00000006875	1.76123604715645	-1.94308985569337	-1.782970602675	-1.75530053035242	0.260946109824973	1.44467725237078	-1.77146692806179	-0.667350203931861	-1.37896847025962	0.647962032075096	-0.447813707258382	0.170121506217898	1.34436120271472	-1.10139936010288	-1.98551250001878	-4.39565537633886	0.491434840123336	0.597418628097964
ENSSSCG00000006876	0.302097660314301	-0.863141317711526	-1.90758168439303	0.557199806860645	-7.66185736330371	0.4426694818815	-2.0542682608373	-4.5042486046216	-2.2412300420294	-3.3104789271532	-1.30665468790431	-2.7986699316802	-2.75727935622016	-4.24686394319802	-3.9828834311023	-4.22929521068357	-4.54613018623063	-1.43465647150362
ENSSSCG00000006890	-2.39568096017948	0.13099764063411	-0.58627311402315	-1.99492354838949	-1.37255671670751	-1.45067404947592	-2.26474442107405	-2.11239955321429	-2.26775437502849	-2.43403087554286	-3.08955047978254	-0.25935738551466	-3.60249118155254	-3.89711266246955	-3.57635589188144	-3.74922507136669	-2.97117420731626	-2.21361323356027
ENSSSCG00000006933	-4.67266598155305	-4.03006809434321	-2.4048714435966	-3.36503685993362	-1.78750409995465	-1.18789755570455	0	0	0	8.26484600010833	0	0	-0.808339418550745	0.248204960193825	0.485307398963138	-0.382659183350738	-0.235314912895461	-0.0603186552904644
ENSSSCG00000006935	0	0	0	0	0	0	0	3.26636666227095	3.7837997143776	4.35328909103503	0	0	0.301075299369467	-1.22850324331581	0.949863577008422	-1.08230339391714	-0.846637409919625	-1.26500094745985
ENSSSCG00000006957	-0.996991089402063	-2.052473196982	-3.33558495508605	-2.19381121313944	-2.69441938753935	-0.813070308697759	-0.699275024953452	-1.40291488363272	-1.19230409397167	-2.55908097878498	1.91277871751878	0.089308350285939	0.164199485165643	-0.105805924183148	0.246506247459581	0.170184664438927	-0.17062363227894	0.247968586979413
ENSSSCG00000006972	-0.6890984123319	-0.77773604563287	0.102175375941772	-1.75412899015075	-0.896872814345699	-0.589758495129319	-1.44141894972786	-1.3384310168955	-3.95511698449352	-1.97807080946958	-1.01111149434886	-0.549664108602658	-0.203592166273983	-0.237967418769033	-0.097305592715671	-0.395766495500581	-0.602973389438234	-0.0320036726116392
ENSSSCG00000006979	-0.108655786909499	-1.85030991051259	-2.30420404524151	-2.03993298518757	-1.62341964787036	0.229629801274032	-0.974360668551137	0.19044054578227	0.52816114434316	1.38058960504276	4.37249733153966	4.74626789111742	-1.25720710007258	-1.39237099419842	-0.571744005470671	-2.08443169959475	-0.201581174852164	-0.81798968646081
ENSSSCG00000006984	0.285955245748316	2.64191438285978	3.36550768727955	2.08015995546732	1.27411232277668	0.245389237944296	0.20329538156468	0.405876663544366	-0.147162455588909	0.204181308572097	0.635500895492583	-0.0634582674900729	0.0873187877212743	0.0707489793947069	-0.389038359657174	-0.0192973180227688	0.107477292325772	0.102660501295042
ENSSSCG00000006987	1.17570270112249	2.08329056321195	2.63329618074132	3.76103253687925	1.91688791627248	0.500516703692805	0.468613503170281	1.89447926889197	2.06353904541298	1.50974842090012	-0.336754922762603	0.863112206708388	-1.03704392863901	-0.631902220189726	-0.220034288474638	0.704090373915226	1.1891008115061	-1.03716598801446
ENSSSCG00000007007	0	0	0	0	0.889630218049574	3.75959766908883	0	0	0	0	5.70257816604291	5.41169524903714	0	0	0	0	0	0
ENSSSCG00000007029	0.298054715388745	-0.880136931028254	-1.07207520411186	-8.80632602409578	-1.99727709656026	0.274956654142571	-2.37080705456686	-2.94305385078665	-2.15787686132244	-4.42254577659736	1.55699237233741	-0.38392204487835	0	0	0	0	0	0.430632468798882
ENSSSCG00000007032	-1.97810475105547	-3.30095540621458	-3.47201995011358	-2.8333533063936	-2.70917163753108	0.528367219845321	0.35813744367925	-0.575102164702768	0.701384068136708	2.47542520582844	2.05377160518062	0.439156147315278	-1.40901965561872	-0.222365557592087	-0.482061402365584	-0.992738842605582	-0.61316777537857	0.146665128249675
ENSSSCG00000007061	-1.06162107415848	-1.54132584497457	-1.16188065245812	-1.92389036246308	-7.13450541216741	-2.23665196425868	0	4.46906427242344	0	4.98652938971685	0	0.18606422588859	-3.35500667350142	-2.34519751117391	-5.2698350199153	-4.29811628263743	-4.46673350205363	-0.138056314257704
ENSSSCG00000007072	1.11777827751779	0.158603635786928	2.6486002414077	1.23632615516525	-1.2599443914735	0.995831830003305	-0.24641153985958	0.984455580884024	3.21921997865404	3.40010023885878	0.953562201238628	0.0133663238027607	0.999043047556032	2.0540865234353	1.8746866234211	1.10452470725535	1.16386895621822	1.2064670474946
ENSSSCG00000007073	0.408454954868845	2.49654695845362	-0.0623374271675748	-4.01742300548552	-3.119618611286	1.65208933037281	1.20674928923924	4.34029471261612	3.78089598168264	1.73147346512238	-0.444849468959438	0.58405347940755	3.47431764390658	2.31762845036276	2.06491140689413	2.37680513453277	4.15061880384304	0.135106383756509
ENSSSCG00000007079	0.115961721173097	-5.43952271833298	-4.61267465871208	-6.52428622945459	-4.38878123821383	-1.58184632337555	0.417291246143849	-0.0889439584049926	0.11808196693174	0.290737744707608	0.579711667494569	0.0159974799663144	-0.682566108442052	0.408110624107198	0.991834984827702	-1.13558704641699	-0.20989254125077	0.375586916502112
ENSSSCG00000007083	0	0	0	0	0	0	0	0	0	0	0	0.911506168594014	6.89079705847694	0	0	0	0	0
ENSSSCG00000007084	-0.763292550850221	-1.4954731527815	-3.9506912752215	-4.64867842675567	-3.56406623772984	-0.707801983699149	-0.639707586263069	-1.0292664861148	-2.58085925495636	-3.23473832475845	-0.611357992164174	-1.49307945388276	0.209222652338458	-0.915985151218331	0.592524354639796	-0.28884418819695	-0.461375500603595	-0.694185553224347
ENSSSCG00000007099	-1.43818530976383	-0.45927405163407	-0.936831291281085	-2.3066659476029	-1.2218790689734	-1.31800631815922	-7.67820736676378	-2.54048241090086	-2.23968112049957	-7.57482838760688	-1.31765453612534	-2.79069761504366	-3.88446140304535	-7.99248243061081	-2.40629820765317	-1.93946283667355	-1.12390558327246	-2.27223159728635
ENSSSCG00000007112	0	0	0	0	0	0	0	0	0	0	8.48372238173968	0	0	0	0	0	0	0
ENSSSCG00000007114	-1.16647050752728	0.244726753931819	-0.045232164162532	0.340150041103585	0.00830772550452613	-0.491090725697102	-7.73042320229519	-1.80305441589148	-7.59226240084656	-7.62702553203128	-3.06732142473572	-2.84293370495948	0.758393516848505	1.38183936686114	1.42978150612547	0.708606677341179	0.0832742213368035	1.35371359395976
ENSSSCG00000007130	0	1.26614479270732	0	0	0	0	-4.48120701867702	-7.72707382655596	-4.18602192885639	-3.33564525243642	-7.76250014547346	-2.0549148952284	-4.85708385137766	-6.19635063574401	-8.54657321506194	-4.48487869796479	-4.37069493429629	-1.61084392274014
ENSSSCG00000007135	-1.62579574619559	-2.00858344085275	-3.17218264145918	-4.08471514934023	-2.08140569255647	-0.0509878862536288	-0.45822703381052	0.093166053576855	-0.0306571549944295	-0.400138866427693	0.446100151854355	1.07740843255014	0.298514399664485	0.609455341004601	0.415759927582859	0.142279583602256	0.144865335735319	-0.552970053992093
ENSSSCG00000007139	0.74788093170433	4.87227515442263	1.44662263418747	0.144948028994449	0.606504228044621	-1.61519320804541	-0.410569573087965	4.06558813879649	2.97621408212217	0.589115504531788	1.99721430925121	-0.487918838802877	-1.02008680176364	-1.57503342718236	-1.74159316027265	-1.14478526115279	-3.28050400140223	-1.20339302230426
ENSSSCG00000007157	1.69131043663008	3.41962871346024	3.0475593674446	1.68292052729562	1.05466783970346	-0.0800863028673061	-1.13304644930095	-0.888655905697594	-1.30184490535731	-2.07798076139352	-1.48474758191852	-0.483460060827376	1.32794409123039	0.890526616483515	0.848072629707043	2.0982376608294	1.43067633790987	-0.356141565248144
ENSSSCG00000007163	0	0	0	0	0	0	0	0	0	0	0	0	0	0	0	0	7.57814583345562	0
ENSSSCG00000007164	5.29432348893656	4.55438403351182	0	0	0	7.89501147734274	0	0	0	0	0	0	5.19911314961986	7.05268670354624	3.29024011255111	0	0	0
ENSSSCG00000007170	-0.569043307741411	-1.80467526951481	-1.16803681655593	-0.557371489763482	-0.806979404427581	-1.45757593555389	-0.998027186905192	-1.13678517726763	0.782569867271541	-0.220114186948657	-1.54700267508729	0.453460069891533	-2.75791409109645	-3.09521876866651	-2.23334418325827	-3.76976117631005	-2.62019567426518	-2.02366063314532
ENSSSCG00000007185	0.0326887057802168	-2.14998620935531	-1.73166208127855	-2.27520233623106	-2.79669103402251	-2.98824027307318	0	1.35587852028941	1.90460410296538	2.21705278856497	1.80222410806427	4.78031864159641	0	0	0	1.29929153081396	0	0
ENSSSCG00000007189	-0.316994242712675	1.67317373035412	1.1003854412148	1.91995809519177	0.598509353428486	0.402553762249075	-3.72772423947725	-0.375906166146756	-1.58579000083744	-4.81293225014866	-2.59479465760681	-3.87749016284791	-1.62864763809122	-2.01120411299191	-1.55712216722259	-1.77415759656864	-1.54639803021104	-0.562297154183318
ENSSSCG00000007198	0.918323198299605	-0.110450375230184	-0.928310792843375	0.152695898612671	-1.87196769198657	-1.38527184501415	-1.70301840873396	-2.65304769261127	-1.5791209024099	-3.07142771151577	-1.81317285807021	-0.240444899525412	0.301874102513505	0.465531185738804	0.899446553504029	-1.45468618353729	0.140620013450388	-1.30891250640142
ENSSSCG00000007216	1.09151509797777	-3.06903789138587	-2.91118043742442	-7.07686029944562	-1.73086618366354	4.04440525076777	0	0	1.6380789227532	0	0	0	2.77087541514904	2.34106141402524	1.78606316826249	0.566140578520521	0.677690094983872	1.16541223442234
ENSSSCG00000007219	0	0	0	0	0	0	0	6.07709261711111	4.59785363971493	3.56027442120914	0	0	0	0	0	0	0	0
ENSSSCG00000007221	0	0	0	0	0	0	-2.56591539744213	-2.55899005263933	0	0	0	0.285473013942208	13.3368333581193	9.46874109034351	0	0	0	0
ENSSSCG00000007224	0	0	0	0	0	0	0	0	0	0	0	0	5.73683950470296	7.4837281622601	5.94955707044732	6.07543149878779	3.11634281230655	4.50858994500913
ENSSSCG00000007240	-0.624698979368631	-2.22953666924781	-2.15514743554247	-2.29657026402035	-2.41909673171762	-1.34732510181536	-2.01844165579896	-0.0469014254971378	1.01645269088335	0.71933936061919	3.7388028789274	4.08919799171028	-0.830313927221922	0.143849926665829	0.816166692505576	-0.939266319267336	0.188668826662725	-0.0467898783957399
ENSSSCG00000007260	0	0	0	0	0	0	0	0	0	0	0	0	0	8.13481049470605	0	0	0	0
ENSSSCG00000007286	-0.0122251718804248	-0.0882469803474755	-0.0329544376496775	1.08988643421559	-0.0162798880423471	-0.436167639548585	3.79273889230796	2.66164668084238	3.9222377760843	4.84777903711577	0.437635725265138	1.1592833496054	0.155403230562207	0.283074180042125	0.783136492569572	0.284879385007276	-0.0119883378550325	0.152524339987824
ENSSSCG00000007371	-0.484856247643203	-0.237474176498141	-0.806567687002984	1.01890224688142	0.790117473859309	4.21203737870952	0	0	0	0	0	0	-2.69215230943267	1.5223365575297	0.822287944033306	-1.64546556467163	-1.71508827550362	-0.664138820650914
ENSSSCG00000007373	1.13091305552766	-0.816088103502423	-1.16188065245812	-0.251799472723923	0.0923040039641072	0.581801203319702	0.051729684563898	4.31334805351762	3.42335319433321	1.88472721632605	-0.344416939954247	-0.814920778596771	-0.941336107272529	-0.112457022436004	0.183611066069125	-1.63979301472272	-0.982386119872087	-0.379279201253597
ENSSSCG00000007377	0	0	0	0	0	0	0	0	0	0	7.232969208134	0	0	0	0	0	0	0
ENSSSCG00000007382	0	0	0	0	0	0	-1.81227506164557	-2.78449134349466	-1.91087462207521	-1.99238987362324	-3.81651808685691	-1.36572341984863	-5.41489396523277	-4.59323995476784	-3.93679733364131	-4.4471166702149	-5.57140963324014	-2.59720448909876
ENSSSCG00000007391	-3.45569850725028	-5.47307921719205	-4.40219132448986	-3.4661337033356	-2.94666491061276	-0.481046572123928	-3.58256718834399	-3.3961756338283	-0.845856242562615	-2.26518730594467	-3.74869044957017	-1.14631348848362	-1.73226884910886	0.468404522976086	0.527282290801306	-0.649861842760035	0.110983955041088	1.7207239575757
ENSSSCG00000007435	0.647514472887714	-1.15376738775899	-1.68123954247168	-0.464961322338715	-2.11688305773137	-1.14932656595959	1.44520183875428	0.67517135521598	2.53099910025119	3.37771158417317	1.64978690574276	1.44487958829505	-0.162929099500373	0.191104784935378	0.788350471359086	0.336550207099814	0.919191458027291	-0.614997838002996
ENSSSCG00000007436	-1.41390175314992	-5.46586531235799	-6.28329677073568	-5.10830250591538	-2.35062600159792	-0.570179710908885	-2.78495266218021	-3.03807234021537	-3.46113953261115	-4.11506356952061	4.81345982131643	3.62976767978051	-0.301122225145712	-0.966161864097439	-1.63049390943642	-2.10841928387461	-0.14820503036793	-1.07029598234025
ENSSSCG00000007439	0	0	0	0	0	0	-2.01696445066589	-2.40087284613536	-2.6339164487152	-4.82997593227481	-2.084550453436	-1.9567300777116	4.8734496524396	0	0	0	0	0
ENSSSCG00000007456	-1.40475401879937	-2.193963078128	-2.14474935049038	-1.47553281656346	-1.15945220388646	-0.615299971715955	-1.80224471102976	-1.94234839838211	-1.68866061850005	-3.05422063643328	-1.80559920278895	-0.149103845289254	-2.76349439512772	-1.99155876439604	-2.64112893956018	-2.4881819353275	-0.505695523200981	0.217189597712919
ENSSSCG00000007476	0.178189362649039	-1.71665974945042	-0.436607042898426	-1.84205667117625	-1.96244069482526	-1.17754825104072	-3.45842433453916	-3.71154224403753	-4.13453470790609	-10.0425412504657	-3.30541336141969	-3.29331828454088	-1.91817629072513	-3.34061013267574	-3.65856332873614	-4.42537358168534	-0.668158513972191	-1.28517493234841
ENSSSCG00000007485	-1.65943397211849	-3.49625842082041	-5.37887258290626	-5.49896727456302	-2.80148061817286	-1.65321649087701	-1.40677061933892	-0.0382779158522809	-1.25440623037326	-0.428244310817516	-1.72040849331682	-1.31816386458507	-0.945351032613229	-0.114777242706053	0.200752751329613	-1.29257833576098	-1.18239743046288	-0.0913432279904116
ENSSSCG00000007486	-1.47354788108881	-4.53849545844336	-6.09234640197267	-2.90570676007418	0.611695972917943	1.2702318509262	0	0	0	0	0	0	2.84231759938627	4.84388003240473	4.19509096354986	2.77902507542496	5.90788932081617	2.25050466155351
ENSSSCG00000007488	0.602592744135301	1.15386386681434	0.25745952077441	0.643199412915374	-0.640232033437556	-0.215011172627077	-7.31764838442857	-2.17992809889287	-2.84317100733785	-2.92303841150869	2.16515129532231	-1.45256098584824	0.362260195824553	0.837684518500585	0.992281687623284	1.92380808580478	1.20607949319627	-1.15490049853125
ENSSSCG00000007495	0.495373304875583	-1.02711996796246	-1.85129205910159	-2.39482627994367	-0.460645071953352	-1.92005424279385	-0.921187110766448	-0.914065824895905	-0.0285366140539479	-1.49103922291773	4.01876024867215	1.62901615990666	-0.109870566603066	0.015770838918261	0.682805419720371	0	-0.58629755364793	0
ENSSSCG00000007507	0	0	0	0	7.86079545402696	14.6377007777673	0	10.6634509189057	10.595158180599	11.6919234257274	0	0	0	0.523372275725664	2.37190688063202	0	1.29859620218199	2.50625107261107
ENSSSCG00000007510	-0.194649320339584	-0.613478567826944	-2.44057539489734	-0.921658156540348	-1.39743088844888	-0.74176556370568	-2.41640298732309	-2.24647883387204	-2.2238212403205	-4.79805568249684	-3.53533386777766	-2.50046637788272	0.248385917254025	-0.263007805243357	-0.176795944789192	0.0141759670033193	-0.563046908094952	-0.529685123451879
ENSSSCG00000007522	-0.846125266051174	-0.711624770255785	-0.926900669914616	-0.100889359117102	-0.709310683110242	-0.405935071213795	0.65384666175361	0.467378988064324	0.76542932869126	0.913863861569867	3.31450472761868	4.01944643106046	-0.452540077948006	-0.710534689967533	-0.570425570542581	-0.859639923431132	-0.0504162182187331	-0.809506879364003
ENSSSCG00000007526	-0.040263124578276	-1.42128844587695	-0.461357207090247	-0.433355762557403	-1.35327028719869	-1.73657335075018	-0.820022948086001	-1.32034868494489	1.01663826141474	0.777638837184954	0.907933053161397	2.60713002302094	0	7.21342319725101	7.73692691122566	7.13178432134791	0	0
ENSSSCG00000007527	1.66809162811221	0.494311103406965	0.72626951816802	-1.06903111983369	0.276631379887437	-0.391326702328444	-1.03390386013183	-1.5597868971183	-2.61619046053602	-5.36656294355277	-3.69243240617724	1.03626027561053	-0.260480264741973	0.994269316050106	0.617598584617113	-0.241318934576213	0.843507194265635	0.322200513407215
ENSSSCG00000007528	0	5.65714132584863	4.58677877904695	2.1662799379895	0	0	-1.78698150443938	-2.35786120130932	-3.03608017528562	-3.11724357897015	-2.11442146012846	-0.819220262324771	3.70859163495316	2.0971076388206	1.32154407855542	-1.8135094734234	1.30751992989366	-0.753853543139175
ENSSSCG00000007538	0	0	0	0	0	0	-9.14762349859837	-4.96938728302866	-5.60279304323656	-5.680669519947	-9.1797943255406	-5.21634315906381	0.997042254363122	0.62257563834369	-0.566964390856266	-0.0975978874089517	3.49642332799568	-1.00788897198386
ENSSSCG00000007564	-0.900689009519562	-0.855048926075037	-1.84724853233712	-1.5161749005968	0.0296967773187785	-0.67625995447014	-3.71130833634838	-2.52830278683404	-2.4734834544154	-4.34478960149434	-1.75804543279231	-0.242377750242498	0.383875570934819	0.56918412187417	0.451505497001598	1.8289477567194	0.590924672329747	0.69284457922311
ENSSSCG00000007578	7.14699353691178	12.3070581558299	11.841981603408	10.6046205191543	7.86079545402696	0	0	0	0	0	0	0	2.90300567316447	0	0	2.73609574806484	0	0
ENSSSCG00000007602	-0.599180896341415	-1.47636228006753	-2.0804672635134	-0.350596958427455	-0.899865754042891	-0.524916554958512	-3.46992133045738	-3.08555439044734	-2.60640953637712	-3.82206344996969	-1.68037208510055	-0.505117931095356	-0.241580241536212	-0.0844922407715857	0.0943270823804132	-0.0315248742654051	-0.554089677506089	0.744557282354525
ENSSSCG00000007603	0	0.504276317664451	1.6075414342767	-0.104835379305294	0	0	1.31932562360633	3.88497920284668	3.28610248061632	0.544083470431841	-0.468899076936956	-0.977997839819514	0.0523584114454679	0.072072974810653	-1.1327330325974	-5.64562714826841	1.05751023276891	-0.608669309142007
ENSSSCG00000007607	-0.382681264048152	-0.209786947081024	-1.46588517151142	-0.782042711991867	-1.99727709656026	-1.00701318912703	-2.24925325688553	-3.59004096395266	-2.87211299243062	-10.7615524826456	-3.25200243897375	-0.852715248592742	1.58906021720673	1.675681491841	0.879640906904049	1.42719177539099	0.573882955717218	-0.450010889570216
ENSSSCG00000007665	-0.779348633530785	-1.34433580629082	-1.39205265878758	-1.29040615666484	-1.64551427975043	-1.40732994270821	-0.307225524734559	-2.01687773027377	-2.08762132130595	-0.41488685103015	-4.72069159910679	-1.80449446189602	-0.509705803252849	-0.687682445205321	-1.14075428192507	-1.55828699537376	-1.10588237896607	-1.13616005268401
ENSSSCG00000007678	-0.880116942928289	0.218021260738069	-0.646691331316297	0.86406282688441	-2.30203828429774	-1.55991465457435	-1.84022188776203	-2.16858508402625	-1.76795293118546	-3.72110730039234	-2.58959972994157	0.36666329990181	-1.36547655438015	-2.23733430169204	-2.85825706219496	-4.57130707102845	-3.94247001063711	-1.92050044907558
ENSSSCG00000007691	0	0	0	0	0	0	-3.69345543411275	-2.75617089896086	-4.67200657778124	-6.20146038641502	-3.42916618844939	-1.40374053004065	0	0	0	0	0	0
ENSSSCG00000007695	0.71234599829784	-1.72175400999067	-3.38820530650729	-1.35130217303895	-1.81692507491118	-0.608404360261558	0	0	-1.07941312328781	0	-0.156315052122844	-1.31590906602941	-2.01542257416365	-0.409531114413536	-0.207747707645753	-1.84827575606105	-1.12640210024121	-0.889382249174131
ENSSSCG00000007702	0	0	0	0	0	0	-3.79337486958161	-3.0530063693408	-5.04971547895495	-6.66635749447693	-3.38959177397034	-1.51790748105574	0	0	0	0	0	0
ENSSSCG00000007703	-1.26133755306971	-1.64612955893761	0	0	0	-0.102071095414159	0	-1.37935567295878	0	0	0	-0.198219576741967	-5.04554673118836	-2.17305588812569	-4.13697187266849	-9.07519444404196	-3.67998134887723	-1.51671353801613
ENSSSCG00000007716	0	0	8.93260028789371	0	0	0	0	0	0	0	0	0	0	0	0	0	0	0
ENSSSCG00000007722	-0.529982037473764	3.95865919319309	3.19891523507562	-0.00675829861039011	-1.22384895936073	-0.68988471103972	-1.32742977873072	-0.339539226172736	0.460959858501043	-0.513400074989749	1.53101959236154	2.46791900972399	0.0406833090354045	-0.201603689929755	-0.0698365551426351	-0.192855534643967	-0.604656237400815	-0.788798673425829
ENSSSCG00000007757	0	3.11585495256515	4.93031478742596	5.29409303311633	3.59496811041133	0	-0.173533233821492	-0.620175681777071	0.000464763955141841	-0.807937073285972	1.74766876236449	1.53586691041657	0	0	0	0	0	0
ENSSSCG00000007816	-0.577245120726695	-3.48156508289884	-2.36395992535283	-3.29626457151944	-7.54697369281411	-1.50471235586673	-2.91186970818865	-0.174583198047676	-1.26834178578389	-1.98953993489546	0.167899947956958	-0.776602373047376	-2.41802685496305	-8.77597637388914	-3.75924517728059	-4.65559042236223	-8.78983921072398	-1.65915296066488
ENSSSCG00000007836	-1.39529146422418	-0.403636243539602	0.770715427435268	0.713084866035498	-2.43464105454816	-0.566007500321016	0	0	0	0	0	-0.580688019872243	-9.62837316975514	-1.49186158830595	-0.820370458442173	-5.02447564814224	-2.25099614947198	-1.94366831829887
ENSSSCG00000007847	-0.429806276988978	-2.5257135524852	-5.93160421274423	-10.0971992591029	-5.06500762907047	-2.77224713816009	0	0	0	0	0	0	0.891927616304196	1.18700358805065	0.851517443058735	1.28158588998019	0.0970588731632207	0.818211292114658
ENSSSCG00000007848	-0.225959506460876	-2.61785126675624	-4.53164032987546	-6.06125926234529	-2.60678395025973	-1.35352741536718	-0.559784412961931	0.105138282383324	-2.77327914172385	-2.85313472425166	-1.6126674749039	-0.80523222527224	1.78432613807827	2.59740040167488	2.80353381148273	3.5757952169804	2.38211774357537	1.31565942161888
ENSSSCG00000007849	0.518585459410687	0.340320990760597	-0.16083952061852	0.149688474743661	-0.870142540213427	-0.715413274963073	-2.21730043747081	-2.61628023545218	-1.56748903217664	-3.3256453888952	-2.00959501013093	-1.60476118851552	1.47331990330682	1.4362579321667	1.49009654668507	2.21524773411864	0.646770559456355	0.70542940789567
ENSSSCG00000007850	0.0275438857282881	-1.23042117245939	-1.20751285450129	-1.73671303378366	-1.83755618588551	-1.88232754398349	-3.02517027410322	-2.29221864582161	-1.72778163756024	-4.33199156915011	-2.36655007624022	-1.07138709910467	1.31421096712929	0.643370794465462	1.26066192415515	1.29083572008054	0.171299750608717	0.209045823370283
ENSSSCG00000007851	-0.570266636287989	-2.08808391247518	-2.90577740316843	-2.87804853042064	-2.99866119020198	0.0155391417664929	-2.28650860057923	-4.91059982454119	-3.64986576849014	-4.69374846078778	-1.4753971540845	-0.78357856865799	-2.9629048525047	-1.84607094463227	-2.87431295321795	-2.37155217396082	-4.41613747956407	0.774802354108112
ENSSSCG00000007859	1.11998275138809	-3.839108536968	-9.38721784509611	-9.37411841681211	-9.43209939039153	-1.98801428241471	0	0	0	0	0	0	-1.22015811158986	-0.970148706922134	-0.500375428070782	-0.580999985018613	1.31193203702006	-0.957560866453879
ENSSSCG00000007861	-0.0918183269344797	-1.1045717555694	-1.18175198375771	-2.59994322059748	-4.6584797006697	-3.89303576919776	0	0	0	0	0	0	-1.94544037638175	-1.16339032957589	-8.25622449852814	-3.22748233966838	-3.39853237700716	-0.384093246919832
ENSSSCG00000007868	2.05116998706383	6.04919161178867	5.1906847816999	1.95475244363111	-0.801155080365963	1.86789449421851	0	2.13135545219588	0	0	0	0	-2.5951948055243	0.763253832536797	0.0958436302607345	-5.7118006956262	-2.60475020091365	-1.95079051770299
ENSSSCG00000007917	-1.43357485536488	-4.75015827498249	-1.41708568723107	-8.75752754343526	-2.57905399727088	0.188347089167808	-0.822104399656806	-1.61338254017403	-7.59226240084656	-1.39199017284565	-1.87710865797835	-0.630828796320498	-2.6033499905743	-1.09966669500934	-1.60985410818061	-1.5498528810271	-2.96835535608648	-1.00404794470518
ENSSSCG00000007950	-0.232875602179331	1.69419338902641	2.09639310503584	3.37009919285886	1.24210087502706	0.432498346991874	-0.710345820741236	-0.169655733940587	0.0729561552759052	-0.5047909002525	-1.30422681112707	-0.6981413827409	1.0699871781129	0.64258889337593	1.070656956908	0.752343604543801	0.54725965399267	0.134734877849212
ENSSSCG00000007977	0	0	0	4.1256121928495	0	2.17444215080908	8.09419207085555	0	0	0	0	0	0	0	0	0	0	0
ENSSSCG00000007978	3.7838178344297	-0.0263068254209313	2.4838888104515	4.52119812068391	1.16215491572696	3.2672228509885	6.01932160666783	-0.88285768650718	0.995483900346865	1.91081156900914	1.81478706994419	-0.0744034871823052	2.12009217066079	2.05925854985218	2.46772905309804	3.01172134411954	0	0.430632468798882
ENSSSCG00000007995	1.48223515299946	1.74574758019542	1.26832385793168	1.62255205353564	0.270571106643966	0.0550758481223967	6.93644456540523	3.86058242691716	4.45011679477575	6.67459982089526	0.0020351052699074	0.133985446505739	0.378292003195632	-0.0126153062540053	0.317571931304438	0.745508538784794	0.179738320393345	-0.439144956026871
ENSSSCG00000008012	-0.0865191760764194	0.568333158308995	0.560572854009443	0.624442756753066	-0.0670055603675832	-0.0665807927347786	3.40593486291711	2.98629512329931	2.99723030252145	3.71370620224955	0.300241638050716	-0.0571998631008299	0.126317591815104	0.168231903193459	0.322756843358016	0.0527968104189524	0.0254333948977385	-0.0817293860333965
ENSSSCG00000008054	0.547963516971255	0.751614355910205	0.981401160649211	1.84666976611103	-1.56043912787045	-1.53491400412499	-2.39511861986588	-2.26308093443341	-1.63724161836078	-9.84734395198992	-4.31627384587682	-1.06241492258974	0.151476964492133	-0.816705610804372	-0.616558452379259	-2.28271633450286	0.320505153041745	-0.103717339568791
ENSSSCG00000008072	-0.677640031578721	-1.71407697321833	-1.26300082381428	-2.67224368457659	-1.32017533909431	-0.514677367665716	0.20275129250875	0.10081892694766	-0.260893706564189	1.22260232747167	-1.05519058345617	1.05609574117762	-2.47637327491558	-2.31288610961673	-3.89780256539923	-2.8087038337186	-1.02365328839402	-0.957683323684627
ENSSSCG00000008073	-1.47317965372143	-0.903473232719235	-0.0564093887935833	-1.60235129390895	-0.0346440942684335	-0.575869031960111	-1.96419286946315	-2.22746518707633	-2.41029936455326	-1.3204151698316	-3.16437616372746	-1.52350226698721	-0.766308051461971	-0.667219684799532	-1.16479683791267	1.18276259193398	-1.37897613776412	-0.648979757660772
ENSSSCG00000008090	-1.8206085115814	-2.61219278612244	-3.18094559631688	1.43869356375446	1.64970825683522	2.08997089698158	0.489993257856362	1.04607185215894	1.88819226749447	1.50782257185759	5.26310705912296	2.63174745841197	-2.87869953961874	-1.14043621495942	-0.210291986301507	0.137858279759097	-0.0353989061893928	-1.01648890328257
ENSSSCG00000008101	-0.123750479073121	-0.90556297331025	-0.267715803915835	-0.376300326038701	-1.79116455941929	-0.659393003491328	0.40524227099336	2.18902059955306	3.55633851097509	2.9960594850365	-0.112726920949349	2.34838674579802	-0.663285053232215	-0.930802524910308	-0.206122984504003	-0.834530065158546	-1.16357178774774	0.335645403040049
ENSSSCG00000008103	-0.608722791860602	-0.150225928811738	0.0372934198738873	0.107763038834892	-0.693821544611845	-0.70240471736368	-0.826569331244401	-0.174973224555512	0.314792476742986	-0.0531159031434772	3.31515365019679	3.60392630091348	-0.357479678113076	-0.105200015458249	0.719741702027606	0.172266183615491	-0.5472786439245	-0.465887817734225
ENSSSCG00000008115	1.40263143704525	1.07377981231747	-0.292393978507453	-1.2091334221953	1.23022108913132	1.75488020185262	-8.20655314682825	-4.02832239608375	-2.76780878112677	-8.10301291447491	-4.10087587915473	-2.74927236298429	-2.22224886989791	-1.04938979051962	1.15220458152119	-8.18440039517617	1.2678329025336	-0.151755766513358
ENSSSCG00000008118	1.07556089346192	-0.729801043111792	-0.235500582494313	0.189184742893988	0.393479431554723	0.454596819564626	-4.70601860459072	-3.14164674630854	-3.24818094431235	-6.36967458777936	-2.8046503608872	-1.46758211092258	-1.50984533357068	-0.898463955583081	-0.0986715343249655	-0.0965266311728934	-0.659057960568192	0.261994225462007
ENSSSCG00000008119	-0.121777945928476	1.13045389608803	-2.62632870120614	-2.46231884169291	-4.97469417977422	-0.824644618290096	1.05864895684713	-0.0421745747520539	-0.317750525062388	-0.807937073285972	-1.10206789068082	1.11107603880128	-0.818056956030153	-0.607254619254086	-0.865377664792908	-2.08286968113368	-0.684861127869008	-0.490511386698085
ENSSSCG00000008121	-1.64501629864462	0.326891265283826	-0.72274656261074	-1.2706740883585	1.85556063694703	-3.11021889693627	-1.77047762745876	-0.920330703061633	-1.36634763544874	-2.84750358490883	-3.14262457530266	-1.07150599312395	-4.13534509646872	-4.21667226638726	-4.5590905651454	-3.96594526570166	-4.67252570917093	-0.979162865621116
ENSSSCG00000008124	-0.484415836382	-3.28999638603924	-7.31076140149842	-2.14475536140644	0.697234255228904	2.42864069475437	-2.66454925167476	-0.718807449097321	0.162474990410463	0.301285896579306	-2.72998608728332	-2.90373822523671	0	0	0	0	0	0
ENSSSCG00000008134	-2.15118139423489	-0.583627575308974	-2.03920180735516	-2.21875096532149	1.72420669522667	-0.414494961244027	-4.64376646935331	-2.21892862660867	-2.94522503623425	-6.38529221854605	-3.07469648332201	-2.42397087640462	-1.23501469005937	-1.08220652748099	-0.312803055338445	-1.65298331769425	-0.453762677446745	0.379018978022741
ENSSSCG00000008140	0	0	0	0	0	0	0	0	0	8.12781143808028	0	0	0	0	0	0	0	0
ENSSSCG00000008153	0.0967680655228265	2.14124126057953	3.78506184194353	3.05881034342042	1.88175218652173	0.126963792441885	0	3.79400639689989	3.97555457296217	4.59357541317033	0	0	1.76351003477093	2.22081117322304	1.0339608406761	-0.244417875725888	-2.20758224633078	0.109803855045013
ENSSSCG00000008155	0.931918889014679	2.82877122074195	3.84245125796267	5.21869396625847	2.92656213202611	0.596336604269061	0	0	0	0	0	0	0	0	0	0	0	0
ENSSSCG00000008157	0	0	0	0	0	0	0	0	0	0	7.45399093044498	0	0	0	0	0	0	0
ENSSSCG00000008165	0	0	0	0	0	0	0	0	0	0	8.14598687458164	0	0	0	0	0	0	0
ENSSSCG00000008215	0	0	0	0	0	0	0	0	0	7.54542550549407	0	0	0	0	0	0	0	0
ENSSSCG00000008240	-0.989786474792465	0.743826628450379	0.149742492369041	-0.742069207130215	-1.51750914194863	-0.213133257442546	1.32119773095283	1.76336742627201	1.91055321446886	2.82502965545129	2.39491462882894	4.04841843338818	-1.08821530732336	-0.378427448053265	-0.266087397846854	-1.06111741539207	-1.0087005406689	-1.13741582999863
ENSSSCG00000008250	0	3.92199023798022	4.0838758515318	4.45008705336546	0	0	3.92944316386821	4.3648867218389	4.18821775249204	3.96920496309442	1.25665811215067	1.42941363427045	2.33664614746183	1.65047035359498	2.07834891072525	1.92049214867329	1.99028482086468	0.844836739358237
ENSSSCG00000008259	0.855498668894937	-0.145186244225368	0.186778763404602	4.11210587514218	3.97075505357941	0.249816993419327	4.25898036232721	3.16289426040623	3.51992672252587	5.41469961719483	0.77525929108368	1.29330385514915	0	-0.244041274865101	0	0	-0.58629755364793	0.237284004682109
ENSSSCG00000008261	1.74865034249419	4.92522305356973	4.20323019566537	1.42912271271835	-1.63830807339992	0.387485192360996	0.267544830735087	1.6240263620121	1.78654233299296	1.55942999355904	2.66255084695566	2.07650866220595	-0.432182785515792	-0.501852539784927	-0.549008440056296	0.293305503693979	-1.52275833103698	-0.241972908303742
ENSSSCG00000008289	1.06998039184603	-0.085636695145035	0.516835685928814	0.630440190200556	-0.10240526377094	0.179813910964088	-1.51682255133287	-1.46470319095595	-2.0170635083322	-1.36841168964878	-2.21612189648962	-3.39024214950488	0.0182230467278408	-0.489627862243411	-0.151933769550814	-0.92569734013978	0.354484064931952	-0.0642242423716625
ENSSSCG00000008292	-0.0250633291480395	0.275728669823041	0.788797977903227	0.894935424818738	0.146017560847993	-0.104955931177312	-3.743933210653	-3.66796072672332	-3.21223957380212	-3.49745829884023	-2.47009939883702	-2.95247901162281	0.63595971031559	0.911716034526268	0.952966629451574	0.927619274698121	-0.02881367628222	0.322487553286715
ENSSSCG00000008294	-2.65160062183207	-3.12873091631376	-2.90395607447792	-1.42816460451318	-0.274333709925624	-1.43491693160954	-3.63499230426811	-5.11210927966123	-4.44920480522547	-5.66591677488933	-2.81498984119481	-3.84233436018108	-1.0001658327218	-4.18686960831123	-5.56678061482936	-4.67529196211667	-1.15471293146645	-1.12460531754494
ENSSSCG00000008302	-0.143258877342077	-0.764449961737153	-1.0456988656605	-0.31307586573967	-1.13942525781656	-1.46967909009757	-3.07642593661969	-3.06949118008971	-7.10982292358204	-7.14451500384653	-3.14193207231745	-1.38258742525463	0.166655498474705	-0.514765506954074	-1.89610967359208	-3.29815045522011	-1.36227017928924	-1.18048237265817
ENSSSCG00000008319	0	0	0	0	0	0	0	0	0	0	0	8.09762164874886	0	0	0	0	0	0
ENSSSCG00000008326	0.986388740700435	1.13586127025919	0.16058642859162	-0.564041742431615	0.092734094575162	0.0696354894243918	1.31772284959272	3.27104542689656	2.79470317372213	2.70237118698935	-1.65664650656236	-3.79354863606083	0.0121132677242476	1.28367638691846	1.05465555385915	-0.381465418989211	0.205077797685912	0.00248976952623643
ENSSSCG00000008348	-0.0619178506774915	-2.11556540584531	-1.84636735120975	-0.459301842582382	-0.893176009072214	-0.37823322869116	0.419207552277727	1.5286234703897	1.67695322203471	1.10385224696213	5.00295183354313	3.02853482099639	-0.611946323140225	-0.708005929091531	-0.581617663057632	0.159340792645322	0.480349604804763	0.551348652050071
ENSSSCG00000008397	-0.0743577072118726	-1.02971800930504	-0.0329431168105527	-1.35395105733441	-0.752698399145715	-1.10872236230531	0.169707602328238	1.46933609063799	2.33564179074632	3.04608460905865	-0.147113396859128	0.293109886195454	-0.0314262381270429	1.55671643562927	1.38396069384305	1.48017828522908	1.20908329552046	0.427490532701284
ENSSSCG00000008421	0	0	0	0	0	2.99278212144325	4.6228037357837	1.25007639263816	2.54376517032335	2.5134586028983	-0.110337118216263	1.70576723437051	0.275008474069832	-0.283639871585079	0.387678454460601	-3.34258858261873	-1.16048438310402	-1.71299025992658
ENSSSCG00000008429	-0.466322367097174	-0.516377463703734	-0.769417855793834	-0.36350940481453	0.491280606699784	0.21159687853152	-1.70427341592945	1.3978525768653	0.957494608123435	-2.22538451880904	6.83869846695246	-0.360434304216117	0.174937169073481	0.649503122163837	0.476954704431219	0.888330414731064	0.261633493152116	0.247036012767195
ENSSSCG00000008441	0	0	0	0	0	0	-1.5458589290153	-0.141131536905129	-0.509638950513444	-1.31814682120575	-1.20474587519459	-1.57198447103307	-3.76443586125742	-2.91482837831108	-2.32916725720479	-5.27730170738577	-1.94832850468386	-0.456072260811483
ENSSSCG00000008449	0.59326850908778	5.96160336139095	3.27981162636912	0.845302900510839	2.25683989313252	1.89445738723583	0.695063166127296	0	1.20965147857062	1.22050575366003	1.77835420636747	0.556351826026223	1.33947546959092	1.01898895838687	0.773935120652345	2.06031827647188	0.891083019552923	-0.146971032526447
ENSSSCG00000008465	0	3.19333806938935	4.4561285237726	0	3.33338010022703	0	-1.38637820084286	-0.0822852605730843	0	0	-1.452713437139	-1.0589001285519	0	0	0	0	0.716796076450801	0
ENSSSCG00000008488	0.0566181199359522	0.417784296175479	0.647522789622099	-0.40946955097939	0.45202185906762	0.282986019926421	3.80595940767298	3.63334171090674	2.86901842909619	3.5255137651178	-0.699599466936441	0.198598587631495	0.192466080959767	0.00558848895065351	-0.208621438766816	-0.265253779150984	-0.168030222951551	-0.00763553147469713
ENSSSCG00000008501	-1.8716782246739	-2.90036640773649	-6.92128084605423	-0.965429097335938	0.260946109824973	-2.06792606218817	-7.24771116728415	-1.13067680922744	-0.509638950513444	-1.89045244631023	-0.307876874933258	-1.2151937363247	0	0	0	0	0.627127090533837	0
ENSSSCG00000008504	-0.0320865040814188	0.872370558849027	1.46071246900022	4.1147567511266	2.46313173252325	1.3534948289819	0.263900700833179	0.498227885014322	0.880409274964776	0.999792410476832	2.64895286214361	0.554161928624372	-0.641354974145982	0.886795077652868	0.569671045295647	0.11858536349102	0.934148870329797	-0.219982499215012
ENSSSCG00000008521	0.743724264367002	2.50996037030374	0.284509134517908	0.573667083749442	-0.0138422322726213	-0.00348639974925056	-0.167156572689512	-0.479175816015475	-0.75440328532186	0.851102848053431	-7.20621646366621	-0.855835786281443	2.06779689073882	3.76176335658358	0	3.30953707073648	2.26985248939722	0
ENSSSCG00000008522	0	10.6212970147514	9.98612709177732	3.63119932615071	0	2.90415822229145	-3.03852486512831	-8.16585342001694	-8.03086625154873	-8.06567628569841	4.48349477796749	-0.996239772043368	0	0	2.7702719435815	0	0	0
ENSSSCG00000008524	0	0	0	0	0	0	-7.62403047069185	-3.44580539359883	-7.48592216790863	-7.5206716128604	-3.51829952909956	-1.94848010440678	0	0	0	0	0	0
ENSSSCG00000008535	-0.187730774375926	2.31495412339897	3.70160052537498	2.88332291149754	1.31944994913046	-0.0946686848404107	-0.740545333652102	0.796813041937197	0.254465872392033	1.20529799719342	3.89961583160795	0.533503377849677	0.297934653833219	0.403285013970933	1.12161251972437	1.54265127142004	-0.21399135585901	-0.36833978557866
ENSSSCG00000008536	-0.708674452624478	0.980206819844257	-0.134435900133982	-0.245573612793938	-2.88776139194595	-2.18960609296274	0	0	0	0	3.64825782493062	0.569074029065282	0.798466448758708	2.19042497741633	2.61042025103039	1.7540813003543	-0.172553127603966	0.365050555000936
ENSSSCG00000008550	-0.103234228468809	-0.863924614887742	-1.0310309188349	1.26496949139066	1.82273391737921	1.74565454655029	1.23641701447595	4.41041403817807	4.26835531321853	0.950229843861444	1.19056135226708	-0.630458860650322	1.25088589887441	0.879701522005038	2.08749609196312	1.00059112283151	0.386938271101093	0.107862339366048
ENSSSCG00000008563	-0.481790234438816	0.603991883549744	-0.392523514516445	0.625002290029893	-0.318258882541474	1.62415602645852	9.16570751400439	8.53909496824967	9.37377226557711	10.2279069204228	5.91932259217159	2.41142670953535	-0.28082323054723	0.448831099350256	0.57766502876595	-0.426681767222191	0.285141199965004	-0.351205927133319
ENSSSCG00000008564	0	0	0	0	0	0	7.00705354972009	9.07266728096332	8.79013297689841	10.3358116759844	0	0	-0.00428835158923816	-0.618784884925098	-1.51278488542346	-2.16656380627322	-0.961076920587611	0
ENSSSCG00000008565	-0.693773188763249	-0.990917873205485	-3.96679896231499	-3.09813121854733	-2.74912153123647	-1.42335423709202	0	0	0	0	0	0	-0.335132154070885	-0.958394581412162	-0.552518249326041	-0.201059045330599	-0.115451956414291	-1.62322652827778
ENSSSCG00000008572	-0.328156588379531	-1.69215351759589	-1.76861582136079	-2.19442184913353	-1.41916317092137	-0.358251497091899	-0.278613952009969	1.55218563728533	1.42105409372206	-1.04594278191191	1.34591837018644	3.6046407435776	-0.533140238702424	-0.573772486967314	-0.64746858285004	-0.978389981144522	-0.53926085284743	-0.995774698001966
ENSSSCG00000008599	-0.300061999503648	-2.00735654152629	-0.759071711396366	-2.03650464466762	-0.240310409993305	-0.374293333430636	0	0	0	0	0	4.70106080670055	1.03095608650101	1.47818101770836	1.36022084717311	0.426951492888916	0	0
ENSSSCG00000008601	0.752498827505572	-1.34379839464137	-0.691749500542387	0.0411976175904671	-0.886679352556054	0.880600462668197	-2.45241629839979	-1.7123623514004	-2.12283504755584	-3.31922911901819	-0.0574184783197299	-3.40467137589741	-1.19202747891613	-0.930034149144568	-0.784468553750276	-0.793875263988751	-0.628925318726576	-0.533895773653839
ENSSSCG00000008603	0	0	0	0	0	0	1.60040406872694	4.43861926722082	3.68610354002245	2.27015203388677	2.38954458125137	0	0	0	0	0	0	0
ENSSSCG00000008607	-0.671372775808456	0.138296514878023	-0.392523514516445	-1.74584535755682	-0.485793989762193	-1.08667333402378	0	4.87150817111964	3.39370543971274	5.41497019610249	8.16444446785371	0	0	0	0	0	3.29969733046903	0
ENSSSCG00000008618	-2.68533635400682	-5.16105521484031	-5.12296227656621	-3.80838762845064	-7.60738457309862	-6.84212723928084	-0.625074068721343	-0.259237460988465	0.229863841715497	-1.30193579695286	-1.40770490663701	-0.588865932498527	1.80051967905184	2.34551976145535	0.9349614553801	2.75589574186094	1.46722216863977	1.16255254298637
ENSSSCG00000008634	-0.918120674999314	-0.768970197817352	2.7009374436982	6.53509375173746	5.30621629739002	3.60850801318368	-0.948610119923229	0	0	0	0	-0.71661298068863	-1.22120542302465	-0.670602982665699	-0.582358203859147	-0.246021382934486	-0.856931937223908	-0.446709819979269
ENSSSCG00000008648	0.482062006314691	0.864647550585043	2.30948406384346	0.232925884919883	-0.295969059596732	1.42511273063107	-0.437507298210167	-1.40140214434913	-0.547711790993095	1.14929172547877	4.1973514662993	1.28649042824806	-1.3700410788987	-0.986419862370676	-0.590646972257839	-2.10022443027565	-0.448075987744923	-0.671875893504698
ENSSSCG00000008689	0.860073814328731	0.608802424953034	1.61215959909638	4.26098992187653	2.66717665712433	-0.136898817675282	1.91957145444658	2.01283559952082	2.47043520671995	2.48502770942836	0.620867944917364	0.23663964362975	0.602306306390601	0.129986703993552	0.148902015400342	0.0906636357404352	0.0702573432181804	-0.251101402517077
ENSSSCG00000008702	0.837094705580573	-1.66237267558073	-1.35956218349982	-2.6891328634558	-2.4506764805121	-0.898087428412474	0	0	2.04453143587902	0	0	0	-1.71178684360704	-2.40367314090185	-1.44348118683377	-5.07185879550695	-3.27275349781419	-1.85918048867978
ENSSSCG00000008703	2.45397415776137	2.70582463367428	3.6704588777778	1.41123155083216	-3.15353309207358	-0.833205352890993	-0.782774586840027	1.82796235679832	1.26000649090219	0.401973587321099	-0.7726319522173	-4.119477399372	0.44696904152899	0.204853513778172	1.00044207127669	-2.32799206728423	-0.816793693038232	-2.0856851229288
ENSSSCG00000008709	-2.51094447532082	0.769612437021733	0.542186036291087	-0.607908092490138	-4.88531316716964	-3.65903931023715	1.65086165191531	1.69726732131174	2.23919007309263	2.58395866720175	-3.25809728553344	-1.48683565630379	-3.11269607809645	-3.56470644214401	-1.36602392173385	-3.41748696514176	-2.8989091959794	-0.806645463147164
ENSSSCG00000008710	-0.814652219760951	0.729730628223014	0.765870813710728	-0.895800602947073	-2.76280318360515	-1.69462646854557	4.43859258679335	4.46840248182157	4.47159147576819	4.39055730965613	-0.704320229479064	-1.1424507912462	1.32775806431947	1.78595294000819	2.00405484838181	0.42941167406151	1.01235461480396	0.328574271536088
ENSSSCG00000008741	0.294602479769933	0.197040977530876	1.31477551173556	0.519911174277242	-2.1139612871593	0.33269591026578	-7.24771116728415	-3.06949118008971	-7.10982292358204	-2.85313472425166	0.241002602526049	-1.38258742525463	-5.4117701974351	-3.55941220722755	-4.70763331947801	-6.1947781584233	-3.01349251403351	-0.27032893570478
ENSSSCG00000008749	1.8008134983739	3.06875750650904	4.82801507308047	0.757298600381817	1.96019770210966	1.48069796771118	-0.403650547921599	0.9543480750033	2.939289369448	2.68118533515418	-0.0886581453921138	0.253835939850641	0.701535718815194	-0.129200806734229	0.230743727421544	0.481806297271502	0.820585056539958	-0.0230310639822553
ENSSSCG00000008754	-0.52708080888902	-0.821208190209917	-2.55008555824231	-0.950941034116818	-3.05162427509824	0.444986662576818	0	0	0	0	0	0	0.209951193235449	1.36447663324403	0.331978791516985	0.359617105067057	-8.14781540277702	-2.41367461899879
ENSSSCG00000008758	-1.05389224680297	-1.65110575292741	-3.41607994911257	-5.90045907967432	-6.96457073566303	-2.0582158744574	-2.21112605925345	-1.57244596551147	-1.05099797050191	-1.32593867309543	-2.8990924057429	-2.42281906834578	-2.39566940294914	-1.73020962561554	-1.62416600145913	-1.96215038825814	-1.40869755253992	-0.676835258018232
ENSSSCG00000008769	-1.73417953838674	-2.38410215501774	-3.20174186795122	-2.19442184913353	-1.86243106518964	-2.51019541639348	0	0	0	0.398451839527176	6.36085290456912	6.31899842900984	0	0	0	0.220234895914427	0	0
ENSSSCG00000008771	-0.438269150867072	-0.268597945015532	-0.560849963553506	0.341621809611189	0.438827354493842	0.0145884789558577	-2.60567228862154	-1.49060420337938	-2.17972444502674	-1.06205437498796	-3.65871428175208	-1.12545449247065	-0.424806927634418	-0.347668090194185	-0.34524453780806	-0.190312023698704	-0.136200464933033	0.0929606142998382
ENSSSCG00000008799	0.831819209609635	-1.14970609013509	-0.306336150924742	-0.121595474691428	-0.407400975817488	0.819482919108408	-1.55409177934298	-1.63829320670352	-0.936478042997904	-0.781312958553151	-3.0877880191291	-2.26359277843244	0.802352007794541	0.000540660899087092	1.09883550623397	-0.878590165897442	-0.498127473710646	0.210786480450977
ENSSSCG00000008803	-0.0505434086234561	2.27244776479649	4.26997451582171	3.23941588056542	1.52162918560018	0.602544739006117	2.51093189862051	2.93939941607932	2.31208351101913	2.13833186447152	1.61881865623178	2.76453662764491	1.52470603584763	1.95671546430569	0.425884157106145	0.59380189437167	0.202781628851319	0.310460361148493
ENSSSCG00000008813	0.0423531005817858	0.0240923156662756	-0.564054398513808	-0.628442134374598	-0.657953436222025	0.783220866333302	-1.31898322879807	1.93611167067696	1.87567777395755	0.662663662224201	1.26671060037421	-1.35657530936909	0.703636325239513	0.485231750027617	0.298526171741066	-3.07418304955586	-3.72366013082761	-0.292907336269241
ENSSSCG00000008824	0	0	0	0	0	0	-3.84543513633565	-4.24984099018849	-5.50573318577181	-10.8410466698259	-4.0052561711884	-1.72615833972443	0	0	0	0	0	0
ENSSSCG00000008830	1.12101663592425	4.67421833779752	5.09345362279566	2.5757909699157	2.8928666309959	0.340791329133901	0	0	0	0	0	0	0.239315510222814	2.24800367926022	1.35470407345235	0.251896338174254	-3.08767978868955	-1.86463148967974
ENSSSCG00000008832	0.352219179799685	2.8329365119776	3.98979141529973	3.20078808347691	3.44189450276842	1.27877486810167	-1.78775395569919	-0.0822852605730843	-0.764825641611338	0	-0.156315052122844	0.337143926204813	0	1.98551463019098	1.82600597500849	2.40738710036745	1.52152626220338	1.1347581430051
ENSSSCG00000008834	-0.458223798500594	-1.10024992512311	-2.8725339937482	-1.14162623088711	-1.53315894161593	-0.700880495575125	-2.54281579463173	-2.27404098543939	-2.96266141446653	-5.56692292552357	-3.60167091976217	-2.71946972073206	-0.0475764725815799	0.2617836559761	-0.0389322227775824	-0.020519662804607	-0.624811379890622	0.359453657775399
ENSSSCG00000008838	-1.07048814909822	-0.79593501438246	-0.287032060961505	-0.594955734652062	-0.0965565524249322	-0.395798216406707	-3.39623027293141	-3.47593632327052	-2.85105446000147	-5.224638727405	0.472765827584861	-1.49068739039674	-0.0615746898454879	0.233057848055605	-0.813306104627466	-0.307635091432447	1.17321869380015	0.575983570923311
ENSSSCG00000008857	1.45861751920189	1.85282677017032	2.07561758746788	2.41251196196347	2.58728644434205	0.0905540525494956	2.51013995003104	2.46934762853636	1.99837278360956	3.35252449603201	-1.79212521245873	-3.35286768572258	-0.701809887928195	-0.495513801815437	-0.9070026431306	-0.898882959640143	-0.256876784449147	0.667281558287076
ENSSSCG00000008888	0.691404052808156	-0.442228059637593	-1.27678963026157	0.374816417150687	-0.0692293032413669	-0.679248219132907	-0.235673611398557	0.148431243483205	-1.08082025933401	-1.96605812589234	-5.60665323559984	-4.56852924772984	-0.268030124645169	0.367131014283781	0.0678153111099553	-1.65220742827809	-0.917550892547883	-0.503626283479625
ENSSSCG00000008889	0.38170063589614	0	0	0	0	0	-1.24015476429118	-0.664022597075071	-2.44649178492216	-4.89627969259157	-8.51326273021271	-7.39553019116743	-2.64469065059635	0.0421584932260261	-0.326300087421988	-1.66246789724724	-1.42709778074754	-1.58792453597055
ENSSSCG00000008908	-0.0415630560105374	-0.0784042819717712	0.730849702501593	-1.23083510258407	-1.23810630425131	-0.421778760054354	-6.92815433213434	-2.74993984156184	-2.45395991330621	-6.82513384370811	-6.96011963228401	-2.04025600057673	0.243219441941018	-0.318115023791683	-0.63364760840527	-0.699348620139521	-0.78815784173777	-0.968784327767047
ENSSSCG00000008919	2.14881622499596	0	0	0	0	0	-3.9813779653913	-2.36512876439262	-2.6273129225326	-3.57225718883673	-4.49207695309382	-2.65100282618701	0	0	0	0	0	0
ENSSSCG00000008926	-1.42038631806821	-2.73451441296365	0.373037015091211	-9.66617033417346	-0.445802396107582	2.10767840866701	-4.10717944919284	-4.10023337455616	-3.80354327730508	-8.17490671832739	-3.21436319934798	0.267316982431292	0	0	0	0	0	1.22976913138056
ENSSSCG00000008930	0	0	0	0	0	0	0	0	0	0	12.5131002981013	8.72137180644406	0	4.32048637033177	3.40987622737708	0	0	0
ENSSSCG00000008937	-0.419967168364226	-2.03248246185284	-3.08562324983925	-1.97031416089202	-2.56702384996264	-1.18283847958633	-1.2957148902334	2.3273070034058	2.10559981207083	2.1314164071949	4.34170116457334	5.55921346058654	0.544852301545456	0.631198448432586	1.17327124027123	0.970903227667426	-0.0607093709276446	-0.565997138454076
ENSSSCG00000008938	0	0	0	0	0	0	0	7.010826498136	0	0	0	0	-1.21785050406744	-1.13258442704617	-1.04487895558349	-7.75727277295771	-2.93078577620164	-1.13031223052291
ENSSSCG00000008949	0	9.72810028376252	10.3739667110664	7.92514340316898	0	0	0	0	0	0	0	0	0	0	0	0	0	0
ENSSSCG00000008953	-2.14420004111838	-5.46081388989033	-5.30250171146243	-3.0177418873457	-3.86510746355931	1.60198968966081	3.09067724671103	0	0	0	8.4637886659221	2.75906585801965	0	0.741906018672108	0	0	1.21450663361187	2.45528479285766
ENSSSCG00000008957	-1.27976119291591	-7.19795791830137	-7.03957079161964	-11.2051594468186	-6.1729956699252	0.525079432019009	-0.927677006621069	1.07313956465039	-0.479008417264981	-0.43621505703291	3.25221509074772	-1.90489185463731	0	0.280199163130333	0.910388406837473	0	1.93646304034077	1.54889775661231
ENSSSCG00000008959	-0.55890366257651	-2.86704505065213	-4.44769751086629	-4.11051171054898	-2.78131294614438	1.28910066011517	0.908649760263867	0.1162270859181	1.39654623657061	0.355611795939386	0.320264649309117	0.140706917377187	0.684376798719438	0.469253976096711	0.160770318150139	0.837931129076336	1.27768833416363	0.587321048202518
ENSSSCG00000008963	-0.894966049012481	-1.11712941665968	1.25225543793812	-2.07482443005513	-7.28548136714048	1.03002120186788	-1.67911161673627	0.316367306168358	-0.404605974065778	0.506371487235507	-2.51118890816436	-9.18328402326571	-1.20699250425037	2.05339339747066	1.31633488273614	1.41894389448501	1.00898187939144	-2.33287735166567
ENSSSCG00000008965	0.145353805851462	-0.435794862726183	-0.952019165572851	-1.73372794815378	-1.54040696184663	-0.582437901298172	0.531016768039356	1.72050937836125	2.68826668704306	2.90531648675199	2.74569802125361	4.31538419092998	0.000866055042576189	0.52393130757664	-0.378229592041997	-1.43955272541798	0.872099081758917	-0.276974490060006
ENSSSCG00000008973	4.27703869803185	-1.2153161758242	-1.57513066033123	3.25426691025996	-0.484206000416829	-0.809130323917028	0.108653972403867	0.199162406925617	0.759086039693442	2.10311184368965	3.2525217374759	4.02817955852287	-0.238102146083794	-0.268255580069707	-0.727565706667844	-1.37018069648483	-0.261933231694918	-0.802426353325076
ENSSSCG00000008976	0	0	0	0	0	0	0	0	0	0	0	0	7.27270236099946	4.74172840122147	3.57256365010556	0	6.56764813088409	0
ENSSSCG00000008985	0.347556155784023	0.972524237586435	1.61074887543558	0.51881049870909	-1.18696322071552	-0.373085021354362	-3.54956706456072	-1.97145254130485	-9.52084413238555	-3.72937099361391	-9.69169847348815	-2.22530311782518	0.147390779073025	0.856014056564763	0.765897401041007	0.934838853761862	0.211483924291954	0.270960962453534
ENSSSCG00000008993	1.02254427145865	3.41083195499999	2.02601729299161	-0.554740141533582	-3.22615452591452	-2.63104603162984	0.691229703287779	2.08274981097634	0.905334818155417	0.901965529731939	-2.05832590988362	-1.12715712434599	-2.25375696090927	-1.13595721485488	-0.270462907409093	-4.10997576853304	-4.22490164639228	0.34190360043517
ENSSSCG00000008995	0.429165055123419	1.04977181364638	0.493276758037582	1.79996610211516	1.05261391539173	0.428268104600645	-4.72528393342154	-1.3334073032064	-1.67667215591264	-1.75873199767537	-3.26166831417919	-4.00938429820548	-2.91683310858008	-2.86214870128533	-3.6287040277804	-2.01931387906354	-3.74237442603193	-0.709923895515447
ENSSSCG00000008997	0.29503317057089	2.95694743609323	2.50350820300893	0.98076962207546	0.545342173571171	4.11819237253601e-05	2.29789796748914	4.22942297771482	3.2065723439676	3.29784587097692	2.59739225938685	1.56073718630293	1.98280702321743	4.18659946123447	2.23406275366248	2.24788211118041	1.82349217692601	0.962517052694035
ENSSSCG00000009002	-0.664735691003276	-1.55673554148854	-1.52520171684282	-1.60709918193167	-1.41264044590886	-0.360809411813527	-0.73277144466181	0.0415884275181973	0.88302577100915	0.633346699416044	4.3887712467994	3.87632408020432	0.104035560165166	1.51792696860357	1.14142507322488	1.02237437570835	0.13532836977941	0.21025108207467
ENSSSCG00000009004	-0.740527495925288	-2.48598509779166	-3.53396133141706	-3.7754501498973	-1.35098154346689	2.61952164539641	-2.64911599415903	-0.815425027810782	-0.0796648687562073	-2.11593923529327	4.68375224680002	2.89956800662155	-2.64578267738142	-3.60735125688803	-2.7830724586891	-1.45639219255024	0.552353080669085	0.485574819453157
ENSSSCG00000009011	-0.467180684183857	-0.344191862436126	-0.67071454901732	1.21016861404592	0.821389342177367	-0.019047598852695	3.39699844811151	2.24189141054553	2.57126708844944	1.51319420305777	-0.0358173086475318	0.226216698772075	0.60548484411066	1.14403296070673	1.15691488211807	1.61610168905538	0.290681715787569	0.318468343664702
ENSSSCG00000009053	-0.813555333424201	2.15799728507385	2.37252347987725	1.2316518946938	0.877051723288543	0.340986591495451	3.49380316519402	2.96165511003893	2.87345407258527	3.03478288990937	-1.98729906041292	-1.59754821272111	0.531808688932422	0.413513937444316	0.261266384949161	0.410936457372446	0.839376856643304	-0.415073217533398
ENSSSCG00000009062	0.244314646929768	-0.0974432030777582	0.0222875790931262	-0.407150723118232	0.788265747674324	-0.503187742403263	0.599873354103448	-1.39695965037309	-1.77907580184339	0.867532482206564	-4.92988778252674	-4.8697990540448	0.500985754636326	0.234944044413883	-0.0963226657776266	0.972538815825774	0.353677469170775	-1.40571684768561
ENSSSCG00000009089	-1.13908234796528	-3.1465122804088	-1.04964559347689	0.608056508714492	-0.450943657362658	-3.26961398066164	-4.44908395410584	-2.50332121912094	-2.19992386655905	-1.96361031130679	-3.95733649908478	-2.30250635216305	0	0	2.93888596482789	3.82264154852805	0	0
ENSSSCG00000009092	1.57897981510805	0	0	0	0	0	-2.87864970207872	-2.87160346375887	-1.77908063000655	-7.90584497226631	0.264480205351396	-1.34695632093326	0.875667778534184	0.856141974090583	0	0	2.57939228421756	0.702477669917808
ENSSSCG00000009098	0	3.46734536931644	0	0	0	0	-0.267010010582685	-2.29880533428104	-0.200953297018203	-4.28052009240021	-1.21209014484943	0.338646498463859	0	0.961992388482592	0	1.29929153081396	0.831022116131183	0
ENSSSCG00000009100	-1.10533164157673	-5.61868034166325	-3.92950582791153	-4.47298678149967	-2.71825143091832	1.6476911432203	0.895981118242886	1.60687264511176	0.776291277228054	1.83007462729841	0.658753637274458	0.0382705016226482	-1.39618032752516	1.03928940897327	0.784128053497705	-0.458767162777278	-0.565134842161319	1.4846073898029
ENSSSCG00000009132	-2.12513351126782	-1.45912854809647	-1.21276570966488	-2.79515352858071	-1.61385497903223	-0.200719120919093	-0.041432624502343	2.00007296724535	2.58640620940255	3.00534910788105	-0.0387556421411952	-0.347452335897562	-3.56991485045861	-1.55371898686901	-1.7258791109284	-2.84365134834213	-0.811144809089186	-0.794786742686298
ENSSSCG00000009134	0.337302318860017	1.04849224849172	4.70991325803525	3.26084197475768	1.42840073300546	0.472257772610275	0.00910251777605822	-0.0423765803879675	0.88455449122973	-0.232745285501132	-0.241769072305863	0.364326939435308	2.3918433856745	1.12963741157201	1.47131067766882	1.05014540854958	1.651191233513	-0.757532378165398
ENSSSCG00000009138	0.110771815379545	-2.45923513135355	-3.27947660347122	-3.41865740057049	-1.77586795380094	-0.0696364326496641	-1.32725191476872	-1.26830363230674	-1.51292823690328	-0.838397727510335	-1.1778270073521	-0.0309844051897011	-0.972326964025339	0.76123888151331	0.482286084364612	1.00881148377961	0.91364120626498	0.96712570565745
ENSSSCG00000009144	0	0	7.68872679809105	0	0	0	0	0	0	0	0	0	1.92126711647435	1.25387161389658	0	0	0	0
ENSSSCG00000009152	0.17984623950997	2.17622439986229	2.82715716838962	1.68450225010225	1.54811520535153	1.97009664246844	-3.21495789286327	-3.71191318264546	-3.36767949307014	-3.91589425652839	-0.584639015514376	-3.5764748152819	0.246167091359238	0.457738556070609	0.470329708149873	0.445465412951328	-0.0566115790311034	0.452442814255239
ENSSSCG00000009179	-1.58896874891619	-0.282405354818924	0.841278868610179	1.00331430292089	0.599526080554162	-0.552440374842109	2.44989623160639	3.60858878621359	4.22100630573121	3.52227315453372	4.74811893601523	1.59153584077321	0.95188815510616	0.0607144020576232	1.08846612640587	1.87808275069705	0.502737633556296	-0.243862551416
ENSSSCG00000009182	0	0	0	7.12223336810646	9.55693202695889	0	0	0	0	0	0	0	0.67139925373589	0.810615174721968	0.464988842455365	2.23688774250393	-0.031249719545148	-0.883698884842127
ENSSSCG00000009192	-0.551867151286023	0.00305851292583335	-0.0699312327858342	0.458539638020955	0.36258402597639	0.703970041520332	3.18169259458724	2.66452619618025	2.78329431804013	3.96972215380278	2.5724251775356	0.832144725945284	-0.515198373590261	-0.436525603708891	-0.428634139576727	-0.389892632530414	-0.216459692315387	-0.209364261391561
ENSSSCG00000009196	0	0	3.39255781957205	4.52756559745096	2.05801066444048	0	0	0	0	0	0	0	0	0	0	0	0	0
ENSSSCG00000009203	0.820552994076887	0	0	0	3.95498026872834	0	-2.66454925167476	-6.83249873547925	-6.6982628656067	-6.73287241935415	-2.72998608728332	-2.90373822523671	-2.62962775171737	-1.55980275888005	-2.45864330103786	-0.831693989147987	0.0897057164727823	0.401026130478894
ENSSSCG00000009216	-0.760204026973295	-0.881835330175256	-1.58935785408444	-2.91305382429383	-0.404065011726455	-0.040280719659653	-2.32593711510243	-2.28537416348041	-2.22815934843502	-2.20590875811471	4.47637349934659	2.57107732604057	-3.5133611692187	-3.52051800975865	-3.23953990987624	-2.55922467458418	-2.93912431349021	-1.39203345509431
ENSSSCG00000009219	0	0	0	0	0	0	7.40179587830715	4.27747032285333	8.31953859914369	8.78683709642328	8.88451068246851	3.00289113598343	0.0402301312479031	0	2.27106958615802	0.532851715614982	4.08740436489555	0
ENSSSCG00000009225	-1.35183129363793	-1.22655266489685	-1.06516390752092	-1.44347666628275	-1.0664257727716	-0.682631196917639	-0.116963678759032	0.639931949113368	-0.0995621638607526	0.915573218465355	0.0896505253002755	0.374946511825258	-3.0146536471253	-2.80240735964267	-3.41940642876833	-3.49641694591105	-3.05821976236774	-0.89661227524713
ENSSSCG00000009231	-0.31666176952137	1.9149998686636	1.88498073644919	1.00206757521274	0.442921932536131	-0.400650793152404	-0.385736749565545	-0.5814500268468	0.378115160970742	1.59359468430102	2.71681886183226	3.34379244527387	-0.235781801701647	0.281974825284605	0.438464731042411	0.347218515984286	-0.0135307206239521	0.322006352713565
ENSSSCG00000009232	-4.01941898101126	-2.01991705195455	-3.52945741308924	-8.65468095276741	-1.33475741865627	0.141759020350041	0	0	0	0	0	0	-0.8608801229836	-0.995885158034011	-0.739509747566976	-2.24422284516543	0.852475719263976	0.577440827814398
ENSSSCG00000009237	-0.815749222936328	-1.43532333489665	-2.84054333362984	-3.10623580228754	-1.91425807129141	-0.430992300182113	1.22316870309082	5.4713344118506	5.40162728222595	3.5444031008446	3.21694175693595	3.33006617841946	0.43605194683461	-0.284162061109108	-0.072249322943444	-0.132438485597881	-0.43147155555033	-0.454053112791674
ENSSSCG00000009239	-1.00286277577069	-0.218554370312478	-0.277534691502756	-0.393374409581478	3.95306393503951	1.12480726557266	-1.32895393470208	-2.96574244000442	-1.26352218110778	-1.02561441009629	-0.946300184146448	-1.91381065226911	1.09288355632498	1.7190220907174	1.59373482076666	0.598498668904068	-0.884890160997586	0.110146375352922
ENSSSCG00000009250	-0.550329247549243	-1.28134997446678	-2.10143595065129	-1.35581831636721	-2.08057188704385	-0.740667749933032	-7.73042320229519	-3.55219691103629	-0.855927387773023	-7.62702553203128	2.00682133549211	1.39931108281084	-3.85779456753784	-2.83602215378545	-2.11439335299496	-4.03464106208339	-2.51014940606394	-0.0632301502841018
ENSSSCG00000009281	-0.974150172425657	0.966999331105372	0.969412643321993	1.28857949510053	3.00205561390914	0.524608419574064	-0.322856912961854	1.8370406690258	1.77738035202767	2.31940499493455	1.00791696359627	0.860468966792284	-3.48780530435521	-2.66586949863928	-7.54873067267561	-3.47558197417847	-1.0238815427123	-0.479263727610571
ENSSSCG00000009301	0	0	0	0	0	0	0	0	0	0	0	0	0	0	0	0	0	8.12299340046689
ENSSSCG00000009331	-1.13962040918919	-1.00532627440759	-0.437659149450056	-0.0815957998476023	-0.318621343689472	-1.63783801305036	1.59217110423465	1.860496444736	2.07685970763359	3.43053107161686	1.09251770658333	-2.29865548945706	-1.20892483025601	-2.06759208790815	-2.02473821002357	-1.97618651863306	-0.566142071426747	-0.0198740314760913
ENSSSCG00000009336	-0.00590765989624938	-0.840530379809395	-0.809843710141967	-1.97709835799475	-1.57311668423079	-0.0494218576796004	-3.78393717012167	-5.33412489154347	-6.92687913780602	-6.0766546061886	-4.61867701561639	-1.12054284953785	-0.644815058383988	-0.533923761064674	-1.38294694246447	-3.23531181941822	-1.11711607101072	-1.03001507840283
ENSSSCG00000009338	-0.0106598547383362	0.70818324652502	2.00230956843285	3.29371201182866	1.83025799421714	0.69346182302667	0.110509041121325	0.410606476531449	0.92114283658804	0.395527525592261	1.05027162194057	0.69479481598867	0.105292385956923	0.414515637167211	0.497642135937198	0.338597161464578	-0.365060565959294	-0.180745134477154
ENSSSCG00000009354	-0.954077416281557	-1.58669997171039	-3.26429292449769	-1.51405239845296	-2.89882321646329	-1.2186614004645	-2.72706678925499	-3.57555910095466	-4.13453470790609	-5.19096939134956	-3.02747891238835	-4.6893623392976	0.000662653713037078	-0.111088705044725	-0.0558051453867283	0.09282417784449	-0.21848362559514	1.11292257873209
ENSSSCG00000009412	-0.492325609741307	-0.518355094067673	-0.825442002367086	0.0103944755764999	-1.59554372260703	-0.402319737235274	-1.31041450813063	-0.275335345430594	0.278095956343527	0.0835782500052561	3.89636111166829	4.14164189741472	-0.509966687695896	0.401597544309006	0.522017956787629	-0.535441987941186	-0.723230111100875	0.335850646730387
ENSSSCG00000009413	-1.21259564136574	-1.11712941665968	-7.24082634741084	-3.03483519119645	-3.15353309207358	-0.335241091372967	0	0	0	7.2254268213961	0	0	-4.1338402015024	-2.39575162628229	-2.21556864598094	-1.76612957259779	-2.62556912943046	-0.661310698536783
ENSSSCG00000009428	-0.300892345619857	-0.724107790901456	-2.31458585037983	-1.68087453281675	-1.73972439235606	-0.513130825176009	-2.46256315476699	-1.87396690394566	-1.45385533455038	-3.63189437713343	-2.07347871679217	-1.32374218692076	0.0450976974254415	0.1080609755678	0.104976070250813	0.0388884612356859	-0.905677454702548	-0.834791256321648
ENSSSCG00000009434	0.39070562429614	0.162175136146064	-0.16644769733238	1.10874562934059	-0.698912050086734	0.588294466899236	4.91361390792595	4.88044401180562	4.06014098743811	5.01327197080596	2.25302016227643	0.779661593349416	0.0638031190884992	1.24115139940743	0.95982755290673	0.310413016940857	0.699673360905146	0.929197827396125
ENSSSCG00000009444	-3.42453669092377	-10.5203129281583	-10.4417474461448	-6.23567863664229	-10.4866632624459	-1.65513171296474	0	0	0	0	0	0	-4.88931335134194	-6.1641004607505	-6.55624299515479	-12.7884456855612	-2.57509818034908	-1.41648642691555
ENSSSCG00000009469	0	0	0	0	0	0	0	0	0	0	7.81473138298005	7.29421143522348	0	0	0	0	0	0
ENSSSCG00000009474	-1.00398650877306	-0.667975293350954	0.291640459882794	0.597607649565742	-0.14653175481025	2.18610836451719	0	0	0	0	0	6.88223460300644	0	3.98547349146558	4.32973582054992	3.30535339051999	0.921361370193743	0.894715540616172
ENSSSCG00000009477	1.60698647927935	0.465214837362462	-0.321619726383046	1.82669248577367	3.84201022622652	1.6605063322587	0.630031936765956	4.40817443656629	2.99211802195631	2.01616915195891	1.69047422611099	1.86405789882433	0.70813020855513	0.474135839226768	1.23850438776002	0.99603619932856	1.50795642243923	1.06775966731977
ENSSSCG00000009485	0	0	0	0	0	0	1.94505547708021	3.65993308560361	4.02231679372025	6.14806110265379	0	1.8934111042557	0	0	0	0	0	0
ENSSSCG00000009495	3.9664958946915	0	4.22856247180093	5.03152137879506	0	0	-2.56591539744213	-2.00090133035784	0	-2.34292497633189	0	-1.27922087742851	1.86655992040001	2.45729031143743	2.20862051647321	2.55434096750659	-2.3785581141516	0.160528721815449
ENSSSCG00000009496	3.65749914959144	0	3.273732775863	4.33580877887563	0	0	0	0	0	0	0	0	2.48339758677413	6.0240173760416	3.4108246151138	3.17875611496251	0.488269191297892	0.64856896034503
ENSSSCG00000009497	4.98330319664756	0	4.61782625467363	5.55268310225734	0	0	0	0	0	0	0	0	3.45580452402152	2.56969324198394	4.4018174767242	4.18748669792749	-1.03716222407813	0.543309424207589
ENSSSCG00000009498	0.457761857274074	-0.969559259489335	-0.447507107330457	1.61307876118244	-3.63631534321047	-1.09596971332663	0	0	0	4.47842905520275	0	0	0.464515177163535	0.607665334522182	0.89834615757692	1.53684133244765	-0.171112677364295	1.14890414797993
ENSSSCG00000009517	-0.125150499494863	5.77921224518382	2.14877735855221	-0.824054527311622	-1.22542028333607	-0.022842131596084	3.35428216618415	5.03799044065892	3.08592414205093	0.313991186090034	3.77773001763653	3.73008647395031	-0.876752961754923	1.36718972391456	1.73402229232125	-0.200810377889685	0.3600455516362	-0.355732789779706
ENSSSCG00000009527	2.50887743712858	-2.2627608337767	-0.133569992144257	-1.09524254448422	-7.28548136714048	4.12908738493959	0.93726604921068	0	0	1.48420455776098	1.28194680995185	0.913430297316292	0.703070705620388	-0.549896015737278	0.305212299879302	0.0569514017531436	-0.846791297620212	0.479893712299526
ENSSSCG00000009542	-1.87037554073833	-3.92464036215515	-3.48449429032185	-3.94451073083322	-3.47471192840347	-0.801776474358204	-1.60741430847612	-0.803222718181154	-0.842014672526706	0.0139669247334355	3.23817391700182	2.38728296253326	-1.74423111336581	-0.711429256952379	-1.41086793252755	-2.61990144931052	-1.58398687881173	0.0191196602769996
ENSSSCG00000009543	0	0	0	7.12223336810646	0	0	0	0	0	0	0	0	-9.4338205099274	-3.59984687399959	-2.13452260939202	-9.42728589869275	-2.82820819526406	-0.289076520384615
ENSSSCG00000009564	-1.87579475980107	-9.14025494204196	-9.06177763385159	-9.04868318569394	-9.10664245484112	-0.636729899505946	0	0	0	0	0	0	-2.00936037594458	-1.47940380114882	-0.235193428906127	-3.2653205772889	-1.18755579106075	0.533480025789461
ENSSSCG00000009580	-1.95785841913251	-0.859843921210179	-1.70426755955919	-0.660019567698477	-1.74810573731212	-0.961661359733872	-1.24918902880141	-1.54993328336774	-0.68002169865371	-1.30232056525103	0.826075208057212	0.154684133948723	-5.43297220908378	-2.87188005129736	-3.21498156972067	-5.31450439796627	-2.29631167159778	-1.72750865732798
ENSSSCG00000009589	-1.02509445849792	-0.762300181569737	-1.09196387772978	-1.99927006205393	-0.400718914501778	-0.852058740747078	-1.62282251835611	0.325251488849077	1.19683266281403	0.629398459881529	3.29339663205618	3.16494507681107	-2.02149046932043	-0.517544550750635	-0.700449275192419	-2.57872517219152	-0.899552034769085	-0.432859346945028
ENSSSCG00000009612	0.150352837345071	-0.94803179706704	-0.910340565512074	-0.972250748371868	-2.23938652198862	-0.690917236957234	-0.711778343460144	-0.0647298286043476	0.332025140626522	-0.0978656289723961	3.72426115759494	3.78847044930435	-0.451441728382557	0.435160586710846	0.222328885884277	-0.117528427341581	0.523229919528018	0.442656371485937
ENSSSCG00000009616	0.235448252885171	-1.68044699058962	-1.98312142187899	-1.69242568236669	-2.60948880608567	-0.906887635825617	-2.96788945424486	-4.92961296765202	-3.64667144536994	-3.56071609115392	-0.0905296044268704	-1.36466253159991	-2.38494159029792	-3.72460082306002	-2.81056625076105	-2.38243414999582	-2.65068198850872	-0.0167958469289785
ENSSSCG00000009630	-1.91832669988693	-2.08943968667361	-3.39118790982163	-1.01143521972573	-1.74314792782968	0.535182868697831	3.61746599227535	0.226191316696816	0.0382539292277276	-2.47201202456706	2.52382489533423	1.10260072375651	1.54421947911085	1.21964192456304	0	0	3.60463037574878	0
ENSSSCG00000009631	1.16319927044051	0.57209121937605	0.661043765493396	-0.816391173698103	-0.676923879759848	-0.330229747388201	-1.74151873695104	-8.16585342001694	-3.69432246969053	-8.06567628569841	-3.10509740011496	-1.50687899280951	-2.25589995666645	-4.99867518866215	-3.49311776993583	-3.77044841120159	-2.42661121099069	-2.50595131953148
ENSSSCG00000009642	-0.410271716034966	0.206155040120699	-1.31906701866159	2.74596018802793	3.51422090034101	0.543399083245694	0.00831423946762012	-0.445232507265279	0.995032347948013	0.0314205304729144	0.286239622832115	1.87033430838137	-1.04862547735188	-0.941898062978974	-1.24674792501372	-2.45234053607312	-0.557319147961591	-1.17350921807135
ENSSSCG00000009644	-1.26493640425383	-1.70141875924002	-1.34379465054202	-0.861891013056214	-0.489246621122336	0.151562244081096	-0.95707472394481	-1.38985159926303	-0.137626426235808	-0.956261063114911	3.16358640697177	2.9209487203233	-0.414354185179212	1.0740719671864	1.15158644238083	1.06522813667994	0.224749429165007	0.332012382147792
ENSSSCG00000009645	-2.17750084782591	-1.2595291755977	-2.663564315509	-2.63568590579673	-0.458014632211857	0.367365387670135	3.46977391294078	3.93273831808309	4.56716858966867	5.61652177492146	4.26183094247997	2.12158889709161	0.0306500684691879	1.04176003762712	3.10733660840512	2.52226856321133	3.55777765811073	-1.54718430346896
ENSSSCG00000009646	-0.752461139010818	-1.84596897250064	-2.06480251475411	-2.64951541876821	-1.92876902634287	-0.225932318886091	-0.952080610747656	0.771558028204812	0.579354226740082	0.450560701073836	-1.31356205780172	-0.124331312360316	-5.43085534288034	-8.62433891300593	-2.46350472387369	-2.97861725258735	-1.75578132280012	-0.811448681283608
ENSSSCG00000009648	0	0	0	0	0	7.81380104693547	-0.102683746179071	2.60114331041713	2.97515562661608	2.31921558710115	2.42981798653805	-1.59070460969627	-5.85492403639534	-4.46419754603255	-4.94636872477474	-9.88456655175937	-1.48817400275897	-5.76935793740241
ENSSSCG00000009649	0	0	0	0	0	0	-6.04996346020976	0.52671204783413	0.881946420092983	-3.56430632865618	-4.1784664167291	-6.29007632624892	0	0	0	0	0	0
ENSSSCG00000009664	-0.879081316641413	-1.72109007028899	-0.765971045153021	1.35722344482822	0.567556469159423	-0.174553952140647	-0.151850933875369	1.49811253051652	2.07027181033649	3.07070006499753	3.73861522099296	2.20149047756178	-0.0930125158538352	0.287117508359911	0.563646760996805	0.467289179536904	0.269120215526337	-0.281595006525541
ENSSSCG00000009666	0.551951592182932	0.826633516716741	0.219278075030045	-0.300097428652624	0.116676639115643	-0.605648028473007	2.11890081720733	1.58145155918096	1.48334139089326	0.572697148720252	-0.559053605904106	0.856911414084274	-2.29558605583989	-2.2328393654768	-1.68198402782682	-3.526790947227	-2.57938324132571	-1.67771819195848
ENSSSCG00000009667	-3.5801659069764	-2.1229402970759	-3.49260852097043	-3.46529711995315	-1.83674575950815	-2.24860542688735	4.78381531012388	6.70998695139487	4.3890328653568	5.18946959206694	6.53104057816587	5.16413235590884	-1.57202283450023	0.798542793315773	0.553553169026147	-1.30264148423955	0.240201709178477	-1.01002472975117
ENSSSCG00000009668	-1.45393749927133	-4.14567574666372	-4.33567072032607	-1.67635056467342	-0.676181824494717	-0.176271563869051	2.02039259525434	2.70379524892543	2.99033075379652	2.48457279376581	3.09302677703421	3.67529341872159	-1.17306616291433	1.00119413500713	0.841621943595219	0.305296369185263	-0.00666553358904582	0.304725692753482
ENSSSCG00000009691	0	0	0	0	0	0	0	0	0	0	0	0	0.999427561106277	-2.77736573773362	-0.737411778737209	-7.22971862088727	-3.35612049612779	-1.18032442836394
ENSSSCG00000009699	4.0198233971945	8.34185554944876	8.64665450898464	6.44202018858326	3.33644490218556	0.772489376483844	0.0173194112058929	0.397051799171189	1.97651147935399	2.4219093159479	-2.49202223293071	0.168030804159034	0.706211913935824	1.55707181466468	2.5697739381375	0.540244277552365	0.545333240643306	-1.10443820557097
ENSSSCG00000009708	0	0	0	0	0	0	0	0	0	0	0	0	-7.45724402176672	-3.552540118868	-1.08256578793585	-7.45073724987333	-2.62415211417388	-0.412534532823092
ENSSSCG00000009709	1.07123098077347	2.72674671153264	2.7896326239384	0.49926311826553	-0.512256000322623	-1.09684979985806	2.91389069314065	1.11313261991846	2.39427950759565	4.35335731279604	-1.9441635458764	-2.12321648362762	0	0.617840707051	0	0.628140616315949	0	0
ENSSSCG00000009735	-0.985082749852357	-0.108644286783091	1.14127349544525	-0.780273570682741	-2.64356404134877	-8.14501446711511	-1.81393681953689	-2.95375380037016	-3.61662638274839	-3.69659261483335	-2.45653203026788	-1.15133732169164	-1.85173533928993	-0.92618214518473	-1.49907199421683	-1.39590232749423	-3.54948652343121	-1.19069109080935
ENSSSCG00000009738	2.77562762136487	2.71473999192062	0.0685474133715901	0.772945067091241	-0.692529898273989	1.94941370012338	-2.80929814257355	-1.81264710002632	-1.26157373461384	-8.8155595649808	-8.95140312848827	-2.2570783174023	8.81192619880973	8.39975541702208	8.61311810221629	2.32637007978575	2.60059961906361	0
ENSSSCG00000009745	1.39272141962704	1.05663005870924	2.03977661979312	1.97458734604939	1.49251106799463	0.301163403356764	-2.02820515416825	-2.29298912318536	-2.18781679351375	-3.40892301085258	-2.3392906420129	-0.683006891956474	-1.68699934358599	-1.01945572211004	-1.60634880403837	-2.04876429446911	0.8518152160258	-1.24617890842819
ENSSSCG00000009749	0	0	0	0	0	0	-3.79514750307647	-2.25749921245216	-3.49162462706352	-7.86295852939457	-3.8607359275002	-1.4099518154901	0	6.80162244874094	0	0	0	0
ENSSSCG00000009765	-0.563201451550103	-0.857263821595202	-1.64961742260838	-1.3692415017752	-1.57787188679868	-1.10763709801437	-0.883197714722928	-1.6150997744258	-1.38245639197827	-3.72289607855344	-2.15732821812021	-0.614055146850083	0.00859637681353222	0.236502515665904	0.12987799505753	0.0399549519686509	-0.591384515174161	0.101759924457509
ENSSSCG00000009798	-0.810638172680375	-1.20220193739781	-2.70115001605083	-2.51612060885625	-1.82386114021999	-1.21936374069524	-2.34412552365322	-2.07535121320958	-1.54871109509424	-3.8332606990635	-2.34160924271411	-1.06069562110652	0.247247645807487	0.188320684766842	-0.0772313672164166	0.767188633681942	-0.223393101268877	-0.991320106485822
ENSSSCG00000009802	-0.291275075188245	-0.73549022436025	-1.48823579717652	-0.803543073668344	-1.09822472594732	-0.796353753957662	-2.37848047423449	-3.33093890357708	-2.47361027227902	-7.40584895176819	-3.40341823320216	-2.05163622239798	0.147507432073801	0.256214945848517	0.525423164908283	0.0594260519090889	-0.55676645056594	-0.264842095367455
ENSSSCG00000009827	-0.20369960169408	-0.577305708051509	-0.828770085815241	-1.35908420967178	-1.9912559480996	-1.01953875349276	3.05313673122652	2.62340853097483	2.66751135088612	3.71964177688562	1.90362329190492	3.01587038962445	0.170745153798893	0.0444792350705719	-0.600298605667215	0.292897587075876	-0.537337721571868	-0.0939100731888172
ENSSSCG00000009855	-1.19045130341403	-4.53072825898282	-4.40613884664134	0.710831220482284	2.3860842004191	1.07888524874455	-3.60602522082215	-3.76651829471121	-5.40833482239708	-9.77978040753853	-5.77796813683165	-0.791675293221368	-3.30584710065206	0.452562655064621	0.40815480480715	0.243295471285049	0.605563026367702	-0.186098638943828
ENSSSCG00000009856	-0.639133254740998	-5.66837268945624	-1.65390403251827	3.08951893891707	2.10262120446396	2.10466550427787	-3.69564909697205	-2.70928208337549	-2.40583661032348	-8.72266361409601	-1.5480211201724	-2.38436305192156	-2.22915336797945	-0.123547346682748	0.133097893688111	0.837073239189196	0.78887923827408	0.505415681125135
ENSSSCG00000009866	-0.393552835822746	1.24426290308234	-0.216273535013435	-3.64097660421496	-8.45025967830968	-0.836975916891843	-1.46407180080078	-1.6754246211624	-1.63139838910972	-7.2810912535716	-0.444536107418114	0.550653767679507	0.424987113320635	1.35007854430557	0.74279407525465	-2.69966446015609	-5.04709397058991	0.343469891651467
ENSSSCG00000009870	0	0	0	0	0	0	0	2.68329701089808	3.36922326084122	6.21434246707593	1.89530961992892	3.22760056281587	0	0	0	0	0	2.34488140848439
ENSSSCG00000009883	0	0	3.07070730590562	0	0	0	-7.0967624482552	-2.91854490623735	-6.95897990881524	-0.18004515278558	-7.12875661820065	-0.433987271096523	0	0	0	0	0	0
ENSSSCG00000009893	-0.645589520171455	-0.0418055364499333	1.74868193391876	0.19357315774939	0.65519846612244	0.969140898265855	1.25835758851633	3.06907085167059	3.66417389280735	3.52845150036004	1.91683499264185	0.47441666073332	-0.069297613385692	0.968048553863617	0.598396570232315	-0.163401951069055	0.254275847975901	0.192948791117235
ENSSSCG00000009896	0.133466139713656	0.847030316374599	0.791339822636496	0.475821628309827	-0.54828596421007	-0.695568695939601	2.47759040505418	4.31328001883581	3.51103049407913	3.06199162859189	0.989258596536007	0.0841591550758069	0.335211447302256	0.501425358026193	0.835867103561457	0.285901728824934	-0.440218528477872	-0.137613759072096
ENSSSCG00000009921	0.972541701587382	0.485771429313883	3.73805142595372	-0.668801755282753	0.27493617193394	1.0249562022184	-1.39148387567887	-0.265069015178695	-0.248430670301275	0.882574614479928	0.777824643201957	-0.970456946951471	-0.405680507894068	-0.439410155497405	0.306165642347643	-1.39181919794733	-0.888498471120213	-0.270277026005695
ENSSSCG00000009927	2.1723526855617	2.24898918340775	2.7095620793634	-0.673016290367787	-2.00087516894881	-1.46967909009757	5.01030558755347	4.63004143832745	4.63124994191158	4.51724122756392	-1.09973342467623	-0.0159363165876741	-0.179062215501649	-0.0214864904139703	-0.507616392747559	-0.166457880131964	-1.58945258035489	0.760819751661562
ENSSSCG00000009931	1.06955555998396	1.03926215008966	0.672662394563672	1.34580956177211	0.616166926515667	-0.23586403136732	2.18079617176418	2.10331768762514	2.83259110126817	3.625552554479	-1.44347364423456	-1.72371444635669	-0.149679036695958	-0.443787182060863	-0.158739870236987	-0.738406672076032	-0.293097805378854	0.65051334242197
ENSSSCG00000009936	-4.51893864965486	-6.52658349245278	-10.546917629964	-1.9918261589532	-10.591835683305	-6.65006102539527	-7.73042320229519	-7.72707382655596	-7.59226240084656	-7.62702553203128	-7.76250014547346	-7.85152334520914	-3.09947459439216	-1.1699541388024	-2.56630710233982	-4.29180799008324	-5.03288964600788	3.87633923253787
ENSSSCG00000009942	0	0	0	0	0	0	2.02744862851809	1.06576799970397	0.48163665135766	0	-1.67290302915631	-1.27922087742851	-1.98447134786868	-2.33663082857474	-3.77363899933109	-7.75727277295771	-3.88385767191628	-3.64220351787383
ENSSSCG00000009950	0	0	0	0	0	0	-1.65903455190524	-2.63802466188404	-8.20856192728561	-8.24338725949304	-2.7120294468177	-0.973606676065747	0	0	0	0	0	0
ENSSSCG00000009954	-1.53172734359965	0.095559585534086	-0.693207447260214	0.461372604864862	1.97613489284111	-0.558037776740557	3.2594328643373	0	3.7837997143776	4.35328909103503	3.92706313411512	0	1.00639315752673	-0.529920494548347	-1.27413693100236	2.01504898974652	1.16666425082465	-0.0227809453847189
ENSSSCG00000009957	0.495373304875583	-0.296066334881148	2.2654197044482	-0.256788911162881	-0.547470933874847	0.00794100333244753	-2.77305602049275	-4.29667557217159	-3.03608017528562	-2.13627077732082	-0.922525903315449	-0.169537371551701	-3.03131010848058	-2.20923197576112	0.0110636363919934	-1.49374389193058	-2.23425044927161	-1.41923284704173
ENSSSCG00000009958	-1.11327090500144	0.2084894001309	-1.14140578597948	-4.22418967389561	-6.28281656128195	2.04594639738682	-0.672198553877058	-0.528326275252448	-1.50333796930117	-2.16160471178744	2.20707396552334	-0.848541670808956	5.0584571868295	2.88166036272702	1.85816224344489	-0.97515509047953	0.785999401106265	-2.1348801108823
ENSSSCG00000009977	0	0	0	0	5.05562946746196	2.60987944453424	2.84807562416401	4.40432247204484	1.65731508539846	0.262790432047258	4.97787451575009	1.26378822483038	1.53293307222845	2.00543818865671	1.99004630824691	1.54539219912834	1.82349217692601	0.962517052694035
ENSSSCG00000009979	0	0	0	0	0	0	0	0	0	7.39428024653015	9.28455576758503	11.2397832864485	0.969556231811727	-3.30551716571035	-4.74242249868319	-8.72598600696803	-3.8997017215179	-2.09893708472962
ENSSSCG00000010023	2.21092905196144	1.6199690898992	2.49443031065124	3.18828112305378	-1.63587299322967	-0.500377258905678	3.47111956732427	2.93171208896159	4.22156292996262	5.24396846437425	3.2889120889346	0.658571885951488	1.25632188986967	-1.2126533595936	-0.218560455676693	-0.82365932909257	-0.69825642282463	1.29491320497721
ENSSSCG00000010026	-1.23879331473554	-1.03444930921719	-0.951184454124895	0.109106933387353	1.45938278991539	0.217243895746024	2.21948388493901	3.29191642202778	3.42951945583461	3.24537591490586	0.95504419772597	2.56794858048962	-0.089157871994251	0.86516625319824	0.915937251549963	0.192492742329669	0.916313526073845	-0.880070869985246
ENSSSCG00000010036	1.37802165215528	3.81401816383375	5.70984030687587	4.62661056144525	-0.33367297056554	1.23015225833472	-0.338598152808776	-0.531277782856196	-0.320777864727404	0.690188359879989	-0.353820882736141	-0.275064353351647	0.658963282814974	1.35146185871746	1.01386307557054	1.3473834363759	0.209701416708374	0.528267659979481
ENSSSCG00000010044	0	0	8.93260028789371	0	8.44368767213827	0	0	0	0	0	0	0	2.42741847569344	0	0	0	0	4.16964041809354
ENSSSCG00000010047	-0.454974637799539	-1.14724564358354	-2.34011766980477	-0.880876937877816	-1.47195280738973	-0.733558556907178	-2.88185786216115	-2.68508852979396	-3.04863883527178	-2.87210576546217	-8.83429313096932	-1.5593627271278	-1.0514246441976	-1.17295340983258	-0.737559469895994	-1.4880750200156	-1.30825126555181	-0.590681193799626
ENSSSCG00000010056	-0.821922859935036	1.95400059846748	1.11735176239606	-0.783795379554026	0.447406260951997	0.753823076150074	3.21115560402299	3.35923490292485	3.59919119953325	3.34918810002974	1.71461976936863	-0.657897136148242	-0.836641863782672	-0.341057592936179	0.420394850208556	-1.45934994470518	-0.772371721391451	-1.20173303071308
ENSSSCG00000010057	-0.964914355379291	0.673055691837277	-0.116657836613335	-4.02796681037376	-2.2652238540433	-1.48046680559903	3.88265127629812	3.12344824066235	3.71220410957272	2.76752916803774	-0.56749539000568	1.47273649850089	-0.524695451594447	-1.12753007640766	-0.786968206875566	-2.21091362070667	-1.15293550004313	-1.89736930370771
ENSSSCG00000010060	0	0	0	0	1.07672099139441	1.20257834597876	-3.95958302676053	-2.42193328506138	-3.65599740165585	-8.02734766382389	-4.02518517850404	-0.239049674683944	0	0	0	0	-1.2498918976221	0
ENSSSCG00000010141	0	0	0	0	0	0	-2.72326278379264	-2.99377527617151	-3.91649641124497	-4.99102846414319	-3.37432927183905	-1.08460279011507	-3.83404796458041	-3.96562345312798	-7.8950019304973	-7.86371160466968	-7.95589681595621	0.810717347496209
ENSSSCG00000010148	0.0761735606592187	-0.782215839448489	-1.13286445645611	-0.89010221012106	-0.865320230379207	-0.3131707381151	1.78677829490338	6.20148942670949	5.22891010031527	3.89297800921107	2.49395032016478	1.07858954744958	-1.83189738056645	-0.220365764365171	-0.515797453953537	-0.895674493558703	-0.537748115406836	-0.0207938243019692
ENSSSCG00000010190	0	0	0	0	0	0	0	0	0	0	0	0	-7.54497026194641	-5.31469158467719	-12.161373035534	-9.00302976772746	-1.22754133333335	-0.159971315209574
ENSSSCG00000010201	4.17313419919964	4.20054385591668	2.87583905192621	0.275567645437002	-0.038083252473999	0.580337365136758	-3.3621765173189	0.400913868721326	-0.593587561087367	-0.855012913474239	-2.23820153851042	-0.336597903341178	-1.1451580734063	-2.18483504906464	-1.57498746888309	-2.39124712370056	-2.04102917328929	-1.18234706640401
ENSSSCG00000010210	2.48168695695178	2.71695453813853	3.53623086892535	1.76951505360701	1.69533503211188	0.928451244680516	-1.58831774219621	-0.952107655275266	-0.0151238436920166	-0.0392232988724137	-3.38089070552554	-0.949433518513335	-0.995044950294661	0.308935100950851	0.914703719614612	-1.04638875056943	0.150725418201734	-0.409372213524517
ENSSSCG00000010214	1.99338488941106	-0.441869516100852	-1.95183385856864	-1.92365644271527	-3.52028628455463	-0.958984013918604	0.90435576907655	0.169823572558152	-0.921923572073018	-0.65673608574779	0.167706602298059	-0.634981543802788	-1.6935128115895	-0.801448340796642	-1.71130071231563	-2.73810032497272	-1.63276771673648	2.63412982407153
ENSSSCG00000010224	-1.56322173376133	-1.74246504355411	-2.85879756134411	-2.7438610468663	-1.74957386084192	1.30032065082279	0.763496671856243	-0.848689030407044	-0.900599954980962	-4.5399759272632	-0.0536888226630527	-0.33831543966737	-0.669938533237879	0.309905533621934	0.0781949793384856	-0.513120131358984	0.0818853533405823	0.847109790358462
ENSSSCG00000010240	1.77545020194092	0.223672173945137	-0.880573834796692	-1.08223634442266	0.387223239780041	-0.321353403978191	1.44131357126913	3.54314915715856	2.09697766025478	0.532422270511674	0.409247598661643	-0.293945541395668	0.161392969862935	0.233529000821693	0.233008000834513	-0.256605333776906	-0.1846554271347	1.68405357052878
ENSSSCG00000010252	-1.0441856782576	-2.15463135728126	-2.40597119255336	-1.34800241460837	0.262411084534899	0.285726514924135	1.69180107338821	0.393273811218797	1.53901501195293	4.25864718547299	-2.41549556726348	-5.20046315844641	-1.42811405232772	-1.31584357008641	-0.775793454566252	-1.7738919738299	-0.999998597602195	-0.594827599191354
ENSSSCG00000010256	1.45069690846199	1.34049234406021	1.47000267134684	3.77427330531625	0.351701953450969	0.17550064501415	2.20118022630385	2.43729342526233	2.96425164370202	2.63222211243636	-1.94687910451312	-0.0171222073454479	0.19975086095072	0.648527098614757	0.19465779771366	-0.78624341471128	1.54139253960875	0.233052871345085
ENSSSCG00000010261	1.29485107378541	1.18035678237185	1.51825703812565	2.29031833886537	3.47101624692888	1.27493285211048	-0.364333637898788	0.313567904013928	-1.01111580214977	-0.268564819169202	0.251337970708274	-1.59906398933007	-0.546075260817521	-0.623138273092999	-1.00550414259228	-0.0461016179529189	-0.248861254999918	0.728585570029104
ENSSSCG00000010272	-0.0579387048709717	-0.304221245606028	0.39232914861526	0.306062418550084	-0.68413982501403	-0.812936104812075	3.60366507344991	2.87884959634459	4.13781964259717	4.1162390060007	1.83586304771866	1.20154090148103	-2.04781734700026	-1.94775156365584	-2.04110392625366	-2.57045005924112	-0.986395559597106	-1.6011224272033
ENSSSCG00000010273	0.314508823920555	0.999500150209674	-0.527858195505275	-1.35046578602822	-0.969246298276013	-0.436122197963866	0	0	0	0	6.32358026112928	6.9700948450045	-1.27838038560237	-1.38469250023114	-1.01927072026315	-2.03143900599652	0.385321779762438	-2.57768662673568
ENSSSCG00000010283	-0.043395168781181	-0.988533143785516	-1.60978354936132	2.17595984888379	3.39119923626409	-0.149861413442249	-1.95616628695248	-2.37663754406529	-1.8513914035399	-1.57410326655289	-1.50344541630083	-1.01440227342391	-0.362351905851449	0.75753379507646	0.641991553559604	0.381588802801524	1.72527548610366	-0.0585699598758009
ENSSSCG00000010325	2.13571947055487	1.85986690680147	1.63345824382043	2.78166005064213	0.173539281394242	0.58430731836832	-2.04392629741055	-3.36401765785977	-3.72547627798898	-8.26318270292443	-1.08400702149531	-1.64496426080779	1.44902966602463	1.10473134266704	0.416224719761249	-1.03966269376377	1.22267131826219	-0.603674374383454
ENSSSCG00000010336	1.08071459982191	0	0	0	0	0.883733232505979	0	0	0	0	9.48170590551383	7.43087910344397	2.2472566319984	0	1.5142318730311	2.0387350603614	0	0
ENSSSCG00000010337	0.183998525907858	-1.55340877534403	-2.38060392011678	-1.36296998595888	-0.403303554261725	0.41959582363689	0	0	0	0	5.89905818374911	3.78901839956144	1.44163480954285	0.584947004137032	1.44686522451735	0.877426239508393	0.296798066211032	0.858350335024989
ENSSSCG00000010339	-0.295639188654373	-0.780320305500041	-2.38222389552813	-1.43759892104552	-1.04814485555841	-0.625130216366915	-3.27682106985847	-2.71179471605095	-2.97354998005439	-7.34481824240137	3.18886725988201	0.101512669192126	0.438940936596654	0.563038584134118	0.513121177366591	0.252237543874185	-0.18668602215534	0.442066477604363
ENSSSCG00000010340	-0.430987772672666	-0.00173979309838833	0.0598684366576528	0.717668421724446	2.50920025173099	1.2715778014007	1.42519817928096	1.8008981253314	1.09836299555643	3.18522317724386	1.98125030251345	0.456809903419528	-1.87611255240308	-1.74661244377824	-1.5939915410975	-0.705299423516058	-0.611057268847187	-0.855624924226493
ENSSSCG00000010352	1.26015547190862	0.270191532811055	-0.635984075796875	0.533818419151126	0.548700504929347	1.59014700909252	-2.20317566998537	-8.30976481998794	-1.31399285329802	-3.91817299271138	-2.2702636848833	-0.82010219696453	-1.50162299067575	-1.1087399637442	-2.83430116845621	-2.91035398321019	-1.51117595705524	-0.960946503891813
ENSSSCG00000010359	1.09358902600403	-1.81785260865241	-1.84591404291171	-1.05021360435005	1.53454756345451	-0.565833044507588	-1.36306522866376	-1.93394815990845	-0.732513342147469	0.0288880493440095	-0.699085880456178	-0.501601291843825	-0.401096740649885	-3.2329655873328	-3.58361530383545	-3.80594764091314	0.371532483227466	-0.54692594377613
ENSSSCG00000010370	-0.843816708799303	-2.09398933242252	-1.97151571968501	1.14201981913157	0.999845335034327	0.296823685439335	-1.17100111476431	-1.81157556325921	-1.14696284287343	-0.233385884468925	5.84409016618119	1.64704661975064	0.589320169384489	-0.855580803295555	-0.772468265930118	1.39185985662912	2.0107111610172	-1.19834708936091
ENSSSCG00000010375	0	0	0	0	0	0	4.51032113144971	0	0	0	3.41496050610552	0	0	0	0	0	0	0
ENSSSCG00000010381	-0.10485703029338	1.18011671902193	2.20380407722665	3.33252380069669	0.353014864105719	-0.389989269938863	-1.72413322853544	-1.2111874658998	-0.395719661291076	-0.814125892176616	0.87640758835857	2.2092337472581	-0.457680483588675	-0.9509286634175	-0.0821133449917856	-0.97232142935036	-0.669799671438297	-1.18864894803761
ENSSSCG00000010384	-0.00414333804777387	-1.08396417818559	-2.0368766441706	-2.60928488392774	-1.65703819734702	-0.854392606059097	-2.18051699041261	-3.95110057522888	-4.61371271356781	-4.69374846078778	-3.23561279539877	-2.2356916657777	-0.665931644738785	-1.52522697868605	-1.15532989300349	-1.41973525595756	-1.17326526131247	-0.461281161274374
ENSSSCG00000010394	0.24576338481351	0.54834378559309	0	0	0	0	0.440541894139442	-0.150852510230625	1.85480721448119	4.11585863400766	2.69812879752938	1.5675074757446	-0.653492809071276	-1.47940380114882	-0.814919141467737	-0.0979698463536381	-0.270806719777566	-0.361393925064225
ENSSSCG00000010400	-0.0318413088965382	0.0735413295306413	0.0384477665815606	0.383382719659146	-0.00626226059133024	0.136149387091764	0.886929924850714	5.44894733485575	5.61619848778725	5.88328430075352	4.53127748483672	0.688469462841704	-0.545334486361018	2.94104017286685	3.38966635205299	2.1671559164351	3.07449960013258	-1.07629415498969
ENSSSCG00000010404	-0.0915821549905632	-1.18433755792196	-1.35883759717423	-1.27735195820585	-0.627935695014759	-1.24834925910628	-0.782774586840027	-0.424037901636987	0.1633249797606	-3.65611298419353	3.46265876404958	2.86301055130007	-0.163339470263441	1.90918564603557	1.31744627522814	0.707535639168062	0.53386995300575	0.00248976952623643
ENSSSCG00000010426	-0.956631218817967	-0.0896048279277453	2.5182651417798	1.49523110046561	2.45966275035225	1.54591678934581	3.77073143852248	1.93825936902907	2.30051166635783	3.2250325520778	-1.14837271581507	-2.00770846666688	8.30756306469373	0	0	7.28275833649834	7.33850974029164	0
ENSSSCG00000010428	11.5772646039688	12.6252495457464	12.786956841764	13.3846052716827	7.37784905079687	0	-3.84119622015454	-2.204467757979	-9.81244030790369	-9.84734395198992	-9.98333484161448	-2.40207142139365	2.17523105000301	5.02505689030216	4.37722823122623	3.48317594661284	-0.269781222134876	-1.00788897198386
ENSSSCG00000010437	0.650241610351383	4.34525062666239	5.1401144031445	0.497366464842367	1.12845855027834	-0.00767074430987132	2.99097932345011	2.99632462915633	3.20095735511404	3.59291781675213	0.506718092794076	0.73027077199067	0.0142854647859391	-0.762553669070722	-0.092894014098836	-0.278775227337917	-1.20818237985872	-1.35742275665022
ENSSSCG00000010444	4.20333770301097	0	2.67107476997651	2.08595342406444	0	0	4.94731842743863	2.94608150319539	5.1081250810702	5.27309194670145	0	0	0	0	7.02140414601163	0	0	0
ENSSSCG00000010445	0.268403272821594	-4.37680100037674	-2.54436872720912	0.486296144682315	-0.824785612634937	0.407708696734115	-6.90275803679594	-1.59466718738612	-3.50717198980537	-5.91896161284143	-5.72409671535647	-7.04315386519104	-1.94328611136705	-1.06482404721137	-1.22313269710287	-0.734287039915379	-0.996312656180544	-0.0791915267084456
ENSSSCG00000010448	-0.684704502109303	-0.377410235283885	-0.738621903567894	0.421931042293086	0.445464254849913	0.512493924007664	-0.339108958339437	1.48684469824179	0.570868695483166	1.79315001388846	3.54400397674564	1.18905235084304	-0.441917928308145	1.21713827087789	0.677668545646877	0.269172528898312	0.720689541605266	0.150837802181497
ENSSSCG00000010450	0.15002519596656	1.50849854812307	1.76162831959815	1.95426919369163	1.60950668791959	0.491422803882345	1.95292631282098	2.30692858216686	2.29476059514648	3.07591924775068	2.63406283709543	2.40397676256734	-0.421803377436646	-1.09825689766184	-0.562079890306962	0.606467185914889	-0.363806193835537	0.729384476849371
ENSSSCG00000010451	0.268144191322925	2.35446969953228	2.57722406274153	0.464059591295704	-0.232529455558539	0.578507126413066	-0.685990414008628	0.434958077308945	-0.0202585912445916	0.417520118081286	3.19243224563452	2.13560850286945	-0.249660349858776	-0.00784225970609451	0.0674238154443926	-0.620737026775704	0.0455064790893547	-0.0855909983890466
ENSSSCG00000010461	1.30710458156887	0	0	0	1.8622993227179	0	1.08855434163989	-0.548269966128192	0	0	8.5985621932031	1.49881029203991	0	0.743458645536148	0.724722716280103	1.60100866920917	2.65544993035581	0
ENSSSCG00000010474	0	4.6119567688356	4.87889184741795	4.03429477516975	0	0	0	0	0	0	0	0	0	0	0	0	0	0
ENSSSCG00000010475	1.59387598377139	12.7874696436285	12.3926763794072	9.61750136758284	4.3794361106006	0	-0.818210534815235	-0.233124363674559	-2.45395991330621	-6.82513384370811	-0.43155373764592	-2.04025600057673	0	0	2.93888596482789	0	0	0
ENSSSCG00000010479	-2.72854087075495	-0.863178266588447	-2.78600547858594	3.32294885399046	5.80401584730736	3.90961434891333	-4.07979375582855	-3.52367992417998	-4.08732951934165	-5.1566237565487	-0.99825233733261	-2.48707144810438	-0.425742270233354	1.96571891352998	0.438473050534951	0.237304945547637	0.394421026701641	-0.0524216529164758
ENSSSCG00000010480	-4.41989314239642	0.23457592710718	-3.12387708506189	-5.83391660825164	0.455155157647817	-0.00351342495565987	-1.49453063976652	-1.35143778802608	-2.8864674737471	-2.25034819668443	-3.81651808685691	-1.16115280750581	-3.19139042945144	-0.11291316320914	-3.55196109369359	-3.37980795809673	-3.87417893132262	-4.91647354053449
ENSSSCG00000010481	2.48673754982912	1.94056310102678	2.38417319009256	1.92897525443166	0	0	-2.0675457796451	-2.22352485333742	-2.60571091031991	-1.28777897954615	-4.60641527431987	-0.389779562594657	-1.20038456789923	-1.88102034469489	-1.7388157863571	-1.11402983025835	-0.803574052477101	-1.50086114780784
ENSSSCG00000010496	0.539566010244334	2.86157883032616	2.97823638915366	3.67526279246293	1.93745473113542	0.0783007932741661	-0.166742607400968	-0.177597079653209	-0.013495310704569	0.141634753073512	0.252788066717621	-0.249737305446635	0.763761481935294	0.142256355085356	0.223467951531641	-0.318104896624234	0.890350784982713	0.456284777786656
ENSSSCG00000010497	0.709571768292918	2.19738632130303	3.499004630381	3.41666881318002	2.16526147736096	0.346151069696796	0.10194132985068	0.54365188793169	1.17765210421841	0.763714385812618	0.97630707126105	1.94142159473035	0.317350585147373	-0.253887799629942	-0.270029414206743	-0.957333449820898	0.767762526836695	-0.102668465469859
ENSSSCG00000010507	1.29110321300168	-0.803046753107961	2.88902623246215	3.63258641947366	1.49416776790503	0.685654998667566	-2.78761125139951	-3.31641969742377	-2.57413972717349	-2.83886812565719	-1.69099254772547	-0.442530976196525	-0.740344234871009	-0.724801490452187	-0.157376280496129	-1.30264148423955	0.376814127986711	-1.22817190898918
ENSSSCG00000010522	0	0.504276317664451	0	-0.513034682058453	-0.225825719652747	1.15045773754886	-1.86053535547041	-0.766638583760857	-2.7451254657075	0.188408287963058	0.454667282991541	-0.0258272468506059	-0.321762437936413	-5.52670559866378	-3.00575217092094	-2.72824441840809	-1.72344213617474	-0.779117304469077
ENSSSCG00000010529	-0.117768368844565	-0.786680564318303	-0.407711508176669	-0.221279658069584	0.219919248155792	0.917715557583465	-1.47144483671731	-1.97646536350129	-1.74150799963738	-0.827567201421785	3.8292707254218	1.06307783541908	-0.110690085220702	-1.29633987671289	-0.889918514366213	-3.65906137057355	1.0344169284035	-0.416571059850109
ENSSSCG00000010530	-1.82593782680344	-0.547604560777209	-2.14750786808466	-1.62103299854334	1.58643823271478	1.10423793652494	1.8419534449353	2.01299929380322	3.17915442153524	4.36080059504857	2.47542821653927	0.6816039918853	-0.627018985877389	-1.92330046702122	-2.04832393766004	-3.29918622104055	0.153864772442548	-0.916633813326962
ENSSSCG00000010532	-1.4729936630795	-4.11832457152231	-4.94213892817452	-3.12649838240041	-2.55680481364122	0.630926487874997	2.89121126290999	3.30273864213351	4.07537297134551	3.35466386644766	3.46267338290303	2.23209083240438	-0.177840395200185	2.18538050354191	2.2795829377999	-0.165247844542225	2.39940596707208	0.744708794576766
ENSSSCG00000010535	0	0.602967673638825	0	1.34145080536718	0	0.656141840800227	-3.26169351535182	-3.25460551056183	-1.9642528796345	-4.56847636998204	-2.60308469085848	0.220232868410161	0.559221724441384	-0.183630822708185	-0.517688811792011	-1.10369761898822	0.412665001081172	-0.374498815427144
ENSSSCG00000010538	0	0	0	0	0	0	-3.3378773345909	-3.33093890357708	-1.08914677642238	-3.11446867217333	-7.54121463152626	-2.62158197654471	0	0	0	0	0	0
ENSSSCG00000010543	0.701270200372945	0.75763606291954	1.03835189450208	0.464631475331101	2.92177223508357	1.35757089049171	-3.43248167451951	-1.81771796091525	-3.65685993962353	-3.03383107369342	-1.77953146879338	-0.431855479512799	-0.0434476805675635	-0.503917342488384	-0.791931507665177	-0.126475052608005	-0.464631178261951	-0.993852534515217
ENSSSCG00000010552	0.00950176421860087	-1.59300016600744	-2.8641179807218	-1.53899912034196	-8.04720326985264	-4.10513127442003	0	0	0	0.715326209343018	0.795507492117451	0	0.708017971830707	0.382824894024461	0.815269306487029	0.713516482385812	-2.86121709932801	-3.04980374973349
ENSSSCG00000010554	2.05629042580715	1.06998042933277	0.230357916719622	0.703564902692618	0.021235445982723	-1.29061520957989	2.68330925568939	2.45482286511443	2.82497166234235	3.3775201832648	0.482065056766181	1.52589746368091	0.0341788804648954	-1.02403164794781	-0.26535060238144	-1.10187621951833	-0.415690842068608	1.14894046290652
ENSSSCG00000010578	0	0	4.10448956419171	4.99336804402734	0	0	0	0	7.44155665070397	0	0	0	-0.970507931818788	0	0	0	0	-1.45390064714517
ENSSSCG00000010591	1.87088792296209	2.5718373954534	2.05828887286316	0	0	0	-4.33918622260865	-5.20389212510102	-4.37595681963118	0.0113455895763217	-7.58477113154888	-3.76544805370182	-3.15128254035225	-2.41704575007732	-1.46903388351776	1.18538826954673	-2.57939437180069	-7.07220408935843
ENSSSCG00000010593	-0.773200023626221	-0.0450362861473117	0.0700338921310352	1.14003041539741	0.999471992964669	-0.220297008300999	2.16989800668655	2.67912278335868	3.47902094151284	2.80531218641696	3.08205719174008	0.803930064480395	-0.168853662987517	0.0574737100596457	0.272465420370696	-0.285666808050557	-0.160961208449114	-0.522654933278006
ENSSSCG00000010595	0	0	0	0	0	2.99278212144325	0	0	0	0	7.232969208134	0	0	0	0	0	0	0
ENSSSCG00000010607	-1.44266301686962	-5.19148980854592	-5.08544652997616	-2.01214002471685	0.186236533266776	-0.00728600663546669	-3.12489499801614	-2.7972226878111	-2.54058157394434	-2.43711756460664	3.02848042485857	-0.875507910075563	-3.9971503047195	-3.17022127656366	-2.10861820689157	-3.29258504024756	-2.32664308532719	-1.30367912977722
ENSSSCG00000010610	0	0	0	7.02981416141975	0	0	0	0	0	7.31054387200825	0	0	0	0	0	5.06852166262391	0	0
ENSSSCG00000010614	-0.481344492510973	-0.98438661485501	-2.2792947011333	-2.36851580715203	-1.38636118203384	-0.703287307801578	-3.01834875029446	-3.41935157626168	-3.68931530313432	-4.73319987807391	-2.09622011556151	-2.1883663069401	0.194662854232308	0.231491095639686	0.0545730762263281	0.0825157449999419	-0.652136658053455	-0.476560713822275
ENSSSCG00000010626	-1.59162977164522	-1.68980139706124	-1.2472381578549	-2.3965406847517	-3.83219464091343	-1.25027089813085	-3.26169351535182	0.284645284721066	-1.46540813213244	-3.6057940920406	-3.32864793739915	-0.987339985647234	-2.17940162381157	-2.20592524486032	-3.12683349206612	-1.71291767743171	-1.69326534016026	0.494410327368424
ENSSSCG00000010632	0	0	0	0	5.13452594795124	0	0	0	0	0	0	0	0	0	0	0	0	0
ENSSSCG00000010639	-0.329242561033357	-2.18153903336966	-4.42462563805385	-1.70226000937686	-0.568339590308198	0.288463494288668	0	0	0	2.46388577168165	0	2.75061182878909	0.72019857073316	2.76651403550869	2.5982778777746	-1.9904046853162	-1.98039815240313	-0.764357026605148
ENSSSCG00000010647	-0.862411717368366	0.766647712640561	0.0398328826859145	-0.705517074110543	-1.64795441856272	-1.00497410256801	6.06518091636872	7.19239802171213	6.72451752483778	6.02579797951321	3.44143126918652	0	-1.0988166360943	1.47425313413841	0.231956334470806	-1.08633337173632	-0.941229854643145	-0.84419541330934
ENSSSCG00000010655	0.627925973240467	-1.50618233918474	-1.63605198667911	0.552652186390631	-0.118414562666956	-1.71088798729676	-1.21544895777445	0.63845839569037	1.02480578965393	0.34020601050015	-4.19859208886923	-2.54435878025434	-1.09176075013205	-0.425169207404949	-0.606069479798098	-0.81260868733442	0.506534532491362	0.253614597054562
ENSSSCG00000010656	0	0	0	0	0	0	-1.14157915908261	-1.3947089074583	-7.6912995807929	-0.912475298345509	-3.72379641983822	-0.586479536877196	-0.68736000036108	0	0	-1.08230339391714	-0.155555182454494	0.55715464167977
ENSSSCG00000010682	0.524027569400956	0.797019127335996	0.228060803081401	0.547618221919532	-0.177412337283811	0.4422111993595	2.55673938833066	2.35163290142864	2.12939863753486	3.22585654200157	0.529367673519479	-0.630643970711347	-0.322596975362472	-0.407779047593466	-0.740132023237986	-0.758877027446974	-0.237531451876273	-0.0173897353772717
ENSSSCG00000010691	1.38950339340238	2.2930539521902	2.85032438933601	4.86653838610074	3.11163827599578	0.983144905914754	-2.51387568695546	-2.5067589409265	-2.20282939658303	-8.83787811502246	-8.97372610549346	-3.07697070272396	4.09476430389681	0	0	0	0	0
ENSSSCG00000010701	-9.97611571266282	-4.64230531431012	-5.75447034768478	-5.72710777571726	-3.90920127512413	-1.01552820082603	0	0	0	0	5.0171042081235	0	-3.13037201353937	-3.00546342199107	-2.50656690631594	-3.11783030420421	-1.71867266782664	0.158340237216863
ENSSSCG00000010727	0	0	0	0	0	0	0	0	7.18018115574233	0	0	0	0	0	0	0	0	0
ENSSSCG00000010733	0	2.94716276575922	3.95825367159027	0	0	0	-7.0967624482552	-7.09342182175703	-6.95897990881524	-6.99364443654344	-1.05377402275368	-7.21755948555386	0	0	0	0	0	0
ENSSSCG00000010734	1.11769619723572	4.56791006360664	4.22004514273692	2.64925700529839	0.486480476821074	0.929723107263406	-1.50773134494856	-1.08661506703606	-1.42170635481512	-1.22639549480819	-0.601171917990462	-1.86031016950739	0.970046158993647	0.416234185407584	0.392167772646511	0.525766750938844	-0.00448764348559943	-0.264669269850277
ENSSSCG00000010747	0	0	0	0	0	0	-3.50692213609932	-0.251793989948459	-1.44810207496341	-1.7484602049661	-0.125758979312336	-0.917052652286882	-7.58777450272551	-1.17661659424818	-2.33024759282812	-3.53936992851137	-3.15394829738541	0.0967499968649297
ENSSSCG00000010753	-3.18034386668329	-6.25876467767846	-7.98011182165688	-4.3981814625771	-4.89478812337018	-0.347185170562948	-2.06481195859502	-2.05774995629894	-2.07072473353759	-1.57948076912741	-0.774046823054486	-1.64416612103519	-4.94549931827367	-4.87378156963859	-3.74341239703199	-4.70796847717	-2.47413446267738	-0.145397470137909
ENSSSCG00000010761	-0.77144232414112	-0.0154969718154562	-1.59871226177681	-1.92595777459642	-4.35652345895468	0.461976544786686	-1.64745979746075	-2.4300157973367	-2.12926979629045	-2.21033975105771	-0.83263066363629	0.187332774399729	-0.980589558836628	-2.10495587327311	-1.19648730189323	-0.817053696289678	-1.50053769671762	-0.159907757705803
ENSSSCG00000010800	-1.15149823546902	-2.83518509208292	-0.526649474240865	2.18999970575641	2.06892819438595	0.167106420619162	1.20616938695237	1.1738986518872	2.11436395709804	1.92553235111368	1.60049403417295	5.00083404340185	-0.524169159166243	-1.82040063523957	-1.73270098514175	-0.180431587172818	0.981518949315512	1.10815425210476
ENSSSCG00000010809	4.31571960612396	3.05667530375529	3.55076223272628	3.64564741590939	1.48815424381965	1.68447367969569	-3.20189412434831	0.475907164541008	-1.10388072918079	-2.97178736069073	-2.85617522447099	-0.984660173053455	0.520364806435032	0.576962694610673	0.473362941294756	0.892485609589235	0	0
ENSSSCG00000010816	-0.0496930730528816	1.43894932707831	0.472786197756162	0.163247138353248	0.118378156079441	-0.0244625362914233	-0.031912475530426	0.0250781058585225	0.616467627685211	0.105670173374688	3.45053613964792	0.21235418748085	0.230601855528814	0.432435321105022	0.183080530992468	0.36982438886199	0.263968826421971	-0.264324654000387
ENSSSCG00000010853	0.4423162230388	1.95513754949777	1.96148637982196	2.62435889959079	0.369258021265777	-0.242970808290994	2.19726985011767	1.37326391939859	3.25938374461942	3.22761192170797	0.487593323430117	-0.20727150102797	0.999862908593686	0.666037657577493	1.00186492498961	0.824165667016563	0.605812285900149	-0.408846242990486
ENSSSCG00000010894	-0.195892866233821	2.08937224288229	2.15285522913267	1.7360591651869	0.470534943992918	0.194510943376573	-0.474254217548281	0.478363153296128	0.105126570813401	-1.5970995468387	-2.65742965577804	-3.34447800310917	-0.0321796091843023	0.111497565013357	0.0948988339857895	0.209065814248454	-0.0126578055204925	-0.060039775799479
ENSSSCG00000010908	0.00854315356810139	-1.66235955537268	-0.619417953849819	-1.23125110226736	-1.12233760004987	-0.63947494179353	-0.941559762886225	0.0602607770622689	0.00311293939135975	0.956839186382709	3.2914041108326	3.46064225578548	-0.16617142893797	1.06354234829691	1.04204970254999	1.23047398238494	0.51565037467854	0.929457320602607
ENSSSCG00000010922	-0.522072332362958	-1.96211832480749	-3.27325314978622	-0.320428813071515	-0.211230993216475	0.943479017803961	-2.20317566998537	-0.566454397365529	-1.57454673624659	-2.95549071476995	0.411953372754207	-0.256894928266447	-0.291482674352533	0.0707198230092893	-0.0178964505847617	-0.460476460070699	-0.348530167004106	-0.90250574350446
ENSSSCG00000010929	-0.351167285388497	1.32375061620118	2.85957339998634	3.58539991162762	0.067092595969766	0.104619156959205	-0.238686288487491	0.401647344171569	0.196782575253549	-0.108266859298963	0.313268637359261	-0.315156234224543	0.88535347481028	-1.03167468583397	-0.594877885356308	-0.702923732854978	-1.06440878068628	-0.301388171454852
ENSSSCG00000010948	-0.580463762458939	0.75878067155397	0.36548092306126	-0.402529177209113	-0.468012846841204	-0.263287725828225	-4.36798841772986	-5.61655124518916	-6.13536264106173	-5.14526741323729	-0.424248245170051	-2.60656639357033	-1.49960005824225	-1.27960821477004	-0.691956708836451	-1.10890007506325	-0.619171283922095	-2.69516667940403
ENSSSCG00000010960	0.0679811007673722	2.47889924241605	4.17591430809921	2.4221508612408	2.0032623856793	1.07246568459877	-2.33402571166649	-2.73503219174528	-1.44480317349548	-3.08631139168464	-1.82331108653033	-1.50391671530695	0.0730161966900834	0.0642661059086139	0.83561069912027	0.529577076614147	0.184260534032025	-0.181917619796722
ENSSSCG00000010974	0.0351456542941736	-2.22643525866593	-3.79385268794717	-1.77267641590445	-1.8753638622637	0.0945899540975978	-2.71107861328238	-1.50950654273648	-2.1508477847511	-3.15679618031697	-1.49541634315661	-2.43581288534213	-0.684429799860646	-2.36937768003829	-2.46629609162601	-4.0706867036959	-1.84451159809896	-0.529986030236147
ENSSSCG00000011000	0.756017577955748	0.260220099839173	-0.211625425421841	-0.075368587645197	0.31437164181601	0.0774398154961253	3.19563094453283	3.42927814042338	2.39106803831573	2.63500055392302	0.456632311185201	-0.605607468887693	0.786456155085028	0.208736376533895	-0.506508981699965	0.473068867501054	0.08250237991314	1.11265633742313
ENSSSCG00000011010	0.894196421446857	2.31150672072785	3.31423848559707	1.07698563884133	1.0387877100019	0.184423194639564	0.029751124529014	-0.121635497504288	-0.310633151053376	-0.0320561638006965	0.516249633126008	1.11577302993259	0.285753352194117	0.312924443682261	0.174811955813589	0.336643481907712	-0.101785994397763	0.0636581516032872
ENSSSCG00000011039	0	11.1726491438428	10.0288736852654	0	0	0	0	0	0	0	0	0	0	0	0	0	0	0
ENSSSCG00000011043	-1.51806881666809	-1.09221226785442	0.500015586089078	1.15304563933752	3.40641915907083	1.39882540766413	-0.542132678700866	0.607850102803243	-1.61193222130803	-0.817814189555219	-0.739951138964615	0.75807483772608	1.26924015359035	0.950157626246048	-0.206444416552415	-0.635452961968635	2.67706527871559	0.584405166531773
ENSSSCG00000011059	0	1.99057650355124	4.55157280824284	2.63497726987059	0	2.66812541105147	0	0	0	0	0	0	0	0	0	0	0	0
ENSSSCG00000011060	0	4.13885354576161	5.83814194373293	3.64564741590939	1.29705494581005	1.68447367969569	0	0	0	0	3.11204065078013	0	0	0	0	0	0	0
ENSSSCG00000011065	1.68591366104279	-0.184464322323397	-0.53245604923666	0.0436138360235916	-1.67774180436073	-0.220910204830494	0.239012195078753	0.168241108277877	-1.04160176017643	-0.911434119234785	0.0231184827639062	-1.15494257225611	-7.5239850070897	-1.23687587193424	-0.706418855686644	-1.54281530410557	-1.71496377017743	2.0962744879613
ENSSSCG00000011078	-0.458957439585501	-0.885732166179762	-2.06569322136427	-1.47721335645731	-2.08921356029626	-0.445729371989724	-2.74018202970292	-1.42370330159113	-2.1114107093086	-8.74645437130072	-3.47258963860073	-2.98551709571574	-0.130289776936849	-0.0546838955320507	-0.478818111684068	-0.779730634347648	-2.28468509092841	-0.71431004316215
ENSSSCG00000011106	-0.722677498710797	2.61888457394897	3.01942656482358	3.06586627045386	3.89548434369566	3.69249080421043	-1.07878648974345	0.265017256528137	-0.178132129554453	-0.107604273398818	-0.785417248068807	-0.869949126340707	-0.54273173162919	-0.647433466858985	-0.792400072287053	-0.352833826196677	-0.207008536928696	-0.625400247664833
ENSSSCG00000011110	0.164897216312673	0.481601294468612	-0.660336817648407	2.70222585128842	1.07447765234112	-0.209677664249386	-2.1936074217892	-3.26515359377243	-2.77133792459492	-3.80392883304207	-1.26710766983559	0.505415426361323	-2.32482715733534	-0.786457740838977	-1.77327218098063	-1.84395766621613	-0.175438577629204	-0.644175776563055
ENSSSCG00000011141	-4.07176341138786	2.03457526753506	0.445250345063535	-0.165039346636458	1.65836011662287	0.298466096738643	-5.09774512260929	-0.72000486866401	-1.60837795421701	-1.42978797573518	-2.7120294468177	-0.691242894879134	0	0	0	0	0	0
ENSSSCG00000011178	-0.263492962807926	-2.11176133934276	-2.91118043742442	-1.35250777964534	-3.00255713710051	-0.942120255617918	-0.678481599511849	-2.43894349256578	-3.25195134819013	-3.4700666963837	-0.855567334018857	-2.19259185026242	-0.868333303411585	-0.163457719406408	-0.157622187014066	-3.1059271861246	-2.3211168323557	0.471528913818234
ENSSSCG00000011207	1.89408112995089	0.0665779150249806	-1.87483481357058	-3.25310031611193	-3.63525652099757	-0.361416894972983	0.110260874971236	-0.228236998586856	-0.989963309212362	-0.575712724414928	-0.415015776993576	-0.638941456259556	-2.08756824503159	-1.81464002169486	-1.15009580397104	-1.66768988054343	-1.83987893552514	2.78651747524968
ENSSSCG00000011238	0	1.74008876695286	2.16278005406585	0	0	0	-1.38778194700055	-2.78403670784509	-1.74993853622301	-3.71092839837115	-2.44806897006557	0.903538587898688	0	0	0	0	0	0
ENSSSCG00000011241	1.24969801879014	-0.205737247079227	-1.09657371409337	-1.11412706801754	-0.606870799740386	1.65517916445177	-2.24072462133164	-1.84807845469154	-1.72266734212783	-3.11917259945296	-10.0687708816452	-0.717239785436529	0.54185741229851	0.466004655971826	0.791351358962213	-0.419757751210524	-0.914510540955155	-0.320527614941564
ENSSSCG00000011277	0	6.74418234803443	7.88926485499868	5.55005601856108	0	0	0	0	0	0	0	0	-1.09473888218054	-1.79760214992387	-0.157144739632487	0.221251755027682	0.309751654249866	0.388482660272678
ENSSSCG00000011298	0.223372012717089	0.739520456444639	0.780271507220466	0.639239128367729	0.0370005056765745	0.199411214941749	-0.840746897607994	0.26606701643029	0.328485424675682	0.310871304652906	3.15973787349857	0.433295613403432	0.03957733900303	0.106898603977316	0.406782368976369	0.261664534068636	-0.472761916791783	0.102382280381816
ENSSSCG00000011322	-0.24078157710468	-2.68833305143117	-2.52559718126822	-2.3825312476842	-1.6846625099597	0.547016157036777	-0.253687330530254	1.37295845505527	1.94093250921276	1.88762817449824	5.79946223264634	4.09503811885912	-2.29803341050137	-0.3772568101725	-0.551333520147135	-1.36824761101394	0.247689037934805	-1.01904187370889
ENSSSCG00000011327	0	0	7.56383146465052	0	0	7.04780184809645	0	0	0	0	0	0	0	0	0	0	0	3.94006715014989
ENSSSCG00000011361	0.452650723345011	0.0970214516078726	-0.977800961180046	-0.776197137543733	-0.898765412625824	-0.776003907258507	2.70197515414103	3.04161416404002	3.4150546659517	3.20068913266198	0.387817487114595	-0.396708172240576	0.0311835165953234	0.408507737987467	0.518198455194973	-0.495281152313485	0.446374710878482	-0.307816063219829
ENSSSCG00000011412	-0.313832430295543	-1.58112750664095	-1.49017352374492	-1.42560820810779	-1.34697678448214	-1.18442167486581	3.01596111110193	4.08634167379252	3.63280629917187	3.13555420669699	2.11049830333314	-0.984098533141015	1.1284640555197	0.631993516267971	0.545543311303482	0.0318401538043713	-0.302420987779911	-0.662021346669545
ENSSSCG00000011436	-0.585748942824286	-2.39315566501003	-3.97766198789435	-2.02649415350337	-2.72082229233099	-1.45674851887017	-1.64604707154632	-0.698596250095782	0.437469767363933	-0.286781012655921	1.58002267355631	3.48864181482007	-0.418617025754513	0.0524005954983135	0.388192440058523	-0.254302834017853	-0.0821291310156264	0.100794141543988
ENSSSCG00000011441	0	0	0	2.94107834420104	0	0	-4.2711252970038	-4.8352394824384	-3.55230693001982	-3.6341444757041	-4.90894698581392	-5.08592139453828	-0.0876093281057946	-3.99461485890457	-7.30534085309786	-2.48438308759817	0.968849358707888	-1.60353706011591
ENSSSCG00000011450	0.188588110394921	0.203184351262364	-1.11941129466527	-1.34919614198594	-3.66154841047996	-0.83095972445047	-0.147229113346636	0.658237942218518	0.479953770856687	1.1576465813876	0.239582684742856	1.54591790052212	-1.06244418325388	-0.894859189584958	-0.950423116903183	-1.80781831090377	-8.1920553709157	-0.74185646553472
ENSSSCG00000011453	0.251137800129421	-0.801870390747775	-1.58330362697643	0.567260215489979	0.534953437481766	-0.34287811341676	-0.2450746343503	0.889760957427027	1.8800541718098	1.49544789229702	1.100014262161	0.414136858184129	4.61101927162839	-0.221451443580442	0.572824449773884	-1.20471737279772	0.998721981894416	-0.174960527403287
ENSSSCG00000011461	0	0	0	0	0	0	0	0	0	0	0	0	-3.15909136004826	-5.16606352934143	-3.52519678360218	-3.24517607930013	-2.06427772309539	-0.528758777696335
ENSSSCG00000011489	-1.7388415023261	-4.06401290027193	-3.90587555927428	-2.9185372941462	-3.03915597652842	0.311048822859546	-2.64365263964652	-3.42619978381971	-3.12507969628481	-3.60874018821758	0.629683375128448	0.234965935735717	0.0355604364158536	2.43220158875836	-1.05759779209345	-4.29180799008324	0.660993057952929	0.552801219490473
ENSSSCG00000011500	-0.160972718413793	0.834763523657646	1.36511268827089	-0.0953980761348333	-1.40615948692413	-0.493122101925104	0.506314537335928	1.19421243410898	1.4593279809941	3.3777596010965	0.998925535202327	0.523223224832614	-0.250214189210607	0.191219382421742	0.320765977351851	-0.487638717964373	0.286457362319028	0.220552110211335
ENSSSCG00000011519	-0.239289744396054	-0.642929874027201	-0.354858922427691	-0.5955574892519	0.0213140757272617	-0.240876704548126	-1.43902310799839	-1.79758413008768	-1.82076386076323	-3.90681940964169	-0.080548927802815	0.642938122599298	0.250186274384298	0.339955488779481	1.26047583064444	1.61296359966212	0.383812400132315	0.491094125444774
ENSSSCG00000011524	0.766126538535067	3.84691400226476	5.84615812666722	2.00734432862677	1.14857647889929	3.44392571215972	-2.45974781836945	-0.953607751944113	0.0263781712617784	1.1508582568296	-0.707946219398772	-1.2806322810355	-0.0258135943500742	2.39373602675049	2.51812711252846	1.41287282782886	0.239924511913453	-0.472854807710649
ENSSSCG00000011587	-0.451661791557069	-0.658168161230649	-1.59360476193179	-0.479556007098747	-1.46719698049182	-0.915270763052574	-2.36959357713952	-2.73901626962096	-3.16598527448374	-4.80756951649868	-3.43047462195913	-2.07114087563737	-0.40957581672829	-0.350142311456451	0.0355434251389599	-0.491734450214338	-0.810406277438061	-0.120700744634301
ENSSSCG00000011591	0	0	0	0	0	0	-3.03852486512831	-3.43288778221578	-1.74889756749766	-4.70243725907974	-4.06352685905303	-4.2377269897929	0	0	0	0	0	0
ENSSSCG00000011609	0.251538622238598	-0.154212179345466	0.103812352405513	0.446510146571925	-0.47264567023066	0.00864987852494348	0.742419869175089	2.80197061758068	3.94254032454957	3.48107917404785	2.61834402190855	0.984068705050698	-3.62024121157623	-3.95062120456878	-3.66459826651195	-4.1635554114096	-2.92959322668124	-0.015068568360347
ENSSSCG00000011627	-0.705333478999989	1.19637616202022	1.35284309741706	-0.977601424798115	-0.749442476117369	-0.500383118355827	0	0	1.46371264119222	0	3.39894026341062	4.56980423519152	-2.92706924165719	-0.286718610689383	-0.801621124856921	-2.65765388980843	-3.39853237700716	3.16894731228932
ENSSSCG00000011630	-0.385617863774654	0.319800170899298	0.902397557804507	-0.997392011396964	-0.148965382111849	-0.835004606594142	0.924708265444001	1.00969187264275	-0.0544191519209068	0.722800869371107	3.90362710823186	0.316390575495451	-0.327028366472667	1.27859446038461	0.458271182522754	1.48374843789407	1.57475524603005	0.549378495760134
ENSSSCG00000011666	0	0	0	0	0	0	-2.46004005427769	-0.196547452510302	-0.878969584682724	1.39364708465906	4.84189860559441	1.30415877677132	0.432976418420986	-1.63971919366762	-0.197631970557885	1.01149014558714	-0.480291344334847	-1.63728855103394
ENSSSCG00000011680	1.43349602262553	1.66995885949342	0.888186029746813	0.977422626435033	0.740444867184169	0.794536473190429	3.14141168903494	3.00403066379629	2.5982364488657	3.4400348621622	0.6957701706519	-0.995768220315478	-1.12564440754515	0.772658700427233	0.679599618267618	-1.06501335083393	-0.662783124110735	-0.709256419519366
ENSSSCG00000011683	-0.102694945519478	-1.00998216707105	-1.08343976562512	0.133347954332264	1.30795771060899	0.557159041829364	3.47668125454567	4.34990296252905	4.20311955691543	4.42696752919658	3.91074813977323	-0.137568665817451	0.446777542008016	1.12501283614517	1.3266485879965	0.903348285360441	1.49470954756615	-0.944995417777232
ENSSSCG00000011714	-0.477573314634368	-0.677460512699098	-0.683311340126833	-0.943605293066427	-0.283002463538986	-0.281068315504793	0.629382110565557	1.69017303544221	1.20384146274345	0.632935926317973	5.51349622833638	1.37931676881329	0.266154199023674	0.0422750900017491	-0.219402861570488	0.190727013988582	-0.685950581187885	-0.158958557543342
ENSSSCG00000011723	0.551532367588904	2.208198333479	1.83729107909641	0.268713162591767	0.664299114360572	-1.30414667788624	5.22832244857831	3.70808387100817	3.84858083903907	4.25978142712981	4.20923063473156	2.11884660821627	-1.39751927794514	0.0764139142122338	-0.759525576132424	-0.276064379011992	-1.38589747902916	-0.58261009249906
ENSSSCG00000011726	2.3451408736037	4.57977338319944	4.72977896320813	3.08616018700436	0	0	0	0	0	0	0	0	0	4.10690683989305	4.22770649698601	1.9568778976274	0	2.74674757816283
ENSSSCG00000011727	3.42128401294559	-0.885970758157763	-1.41246587352696	-2.2605469256261	-2.69193847549279	-0.571407489893784	-0.416617500500282	3.52879343090458	2.52567330779423	2.2807193512763	-2.78582977759241	-2.73020327809112	0.995450371001396	0.661129802341666	1.14354360925477	3.43352140537123	0.375019355469332	0.969318306575795
ENSSSCG00000011747	-2.50719354006536	-4.46884150336645	-3.05528827606897	-3.5935446774146	-2.32971459116878	-4.06829808645568	1.41132006145176	1.15333358053074	2.53404076363958	4.05416207773832	2.25115454362044	1.73644423197942	-2.88856096093473	-2.27594655957816	-1.41337328412985	-2.03520771021527	-1.49613532243137	-1.54479502518989
ENSSSCG00000011756	-0.0154240479331029	-0.20955052303209	1.03297071087845	-1.7726125362982	-0.369642675250185	-0.615311075810366	0.599921057815157	-1.24346797980946	-1.75255236089136	0.46636358640785	-4.41020093055918	-6.51026689059844	0.370264108584063	0.015770838918261	0	0	0.982406515400474	1.50148799239562
ENSSSCG00000011761	0	0	0	0	0	0	0	0	0	0	0	0	3.54569298281912	0	5.727408071534	0	0	0
ENSSSCG00000011793	0	0	0	0	0	0	-2.99579667642222	-1.53286312478261	-2.28606758890784	-1.56135528103572	-1.52685320945966	-6.11703791559092	1.40558817032711	3.88288945941406	3.51101553776417	0.896357057477463	2.68460549778299	1.49333045716721
ENSSSCG00000011795	0.646344776274446	0.0959322869192965	0.532173077824689	0.856776747899484	1.26886026213739	0.743562814469032	-1.88464384555235	-1.28223906006747	-1.64393638914502	-3.30331749077216	-1.12180590990718	-1.2245383485583	0.135815364869372	0.0955972681884298	-0.168277430027287	1.16023986381367	0.536018743940097	0.213272610726769
ENSSSCG00000011800	0	0	0	0	7.22680941613152	0	0	0	0	0	0	0	0	0	0	0	0	0
ENSSSCG00000011802	1.21112093508813	-1.67113355741246	-2.08993408120686	-0.609033715434813	0.904463534361792	0.800421174448581	0.254198566170561	-0.000757396268551353	0.717937476493276	3.67232458257623	2.17307281240524	2.06258523909543	3.264817419044	4.34981551389273	5.21507802654758	2.51106980279194	0.0712200708453941	0.298245910493959
ENSSSCG00000011821	2.20012248509911	3.75072215188088	5.30722819099832	3.12749031565814	3.44674078288468	2.5943281079048	0	0	0	0	0	0	0.432791943779199	3.83514173742066	4.37153175310598	3.41767130888346	1.3768229491553	-0.39718340269759
ENSSSCG00000011825	1.2083721037039	1.2719682953853	2.22248675875938	0.883742627819993	0.911687869695119	0.85384827706997	0.87575751384754	1.1275600422394	0.97927782855673	1.34094867978178	3.16457193417488	1.42505794311615	-0.462495968732866	-0.620298668398634	-0.819121517926462	-0.797284600710587	-0.685296112760094	0.0824047772831289
ENSSSCG00000011831	1.76599871962168	0.800058177428608	-0.0989756886299373	0.895864029921978	3.02412078805747	2.35140160118035	-0.621693804597098	-2.43559392731077	-2.26106939851377	-3.62466717929411	-0.600150308827397	0.130981820718671	0.788289590092669	2.00946827627403	2.47625379311221	-0.0738875773213717	0.371091286253948	-0.613369209248977
ENSSSCG00000011837	-0.0873816547937316	-0.107489251585142	-0.257513471303139	1.44281502700662	0.227962781178285	0.700307500974139	-1.79747224111347	-0.233124363674559	-0.190319722095811	-3.46189481708944	6.74356456970195	3.69641698527884	-1.56111953824325	-0.902828606120273	-0.497888783785262	-1.42673766091177	0.264926435200434	-1.75256282547614
ENSSSCG00000011848	0.677263027372128	0.14115763305517	1.91423875944717	2.27937224920827	3.72396268145804	1.46422022131567	1.70648733205331	1.88378420547597	1.53524799268369	1.37032251072439	1.16434450214889	1.3139488138351	0.483928026604958	0.0541962712371663	0.33147862152634	0.309456269783028	0.190812551793634	0.884517172864822
ENSSSCG00000011850	-1.28151769954184	-5.22302517743694	-5.16411381800912	-2.18122576138015	-0.147415802547375	1.28546955541026	-1.98039319915932	-1.74027488759194	-1.29855198327161	-3.80891884709759	-2.0477993413774	-2.06745088266776	-1.70828742593539	-1.17022769523355	-0.732351229232235	-3.1140036085932	-1.69907115634202	-1.69450455384294
ENSSSCG00000011851	0.216631138654443	-5.67526422183589	-7.61977442957815	-3.42120811927639	-2.58438117207019	0.847245471738011	0	0	0	0	0	1.10443753201206	-1.54009776326546	1.23838568466914	0.821299783410404	0.496380791860861	-0.904085786022581	1.14117930702699
ENSSSCG00000011860	-0.0997523094294094	0.534506780942443	0.631390051797527	0.414899878790908	0.344869011352792	-0.165338527512208	-1.13514079353159	-0.492795265599833	0.119996328808407	-0.452107284218882	-3.92113596490628	-0.439561573602957	-1.94609449510178	-1.14432046785197	-0.87142756771688	-2.19606847724943	-2.17755359415417	-0.437865842411738
ENSSSCG00000011877	0.172493439375355	-0.443368568107852	0.345225161066896	-1.95808965589458	-0.789550813141016	0.51893798330535	-0.707407340703291	0.235836596508467	0.201506358366558	0.522134188453009	2.6615291351561	3.28282701734033	-1.1468853474081	-0.194223034798101	-1.1761470379796	0.31183083528033	0.0546927056242217	0.400796054660068
ENSSSCG00000011878	0	0	0	0	0	0	-0.535461455875692	-0.0829077328798468	-2.08007212474026	-1.17437361067036	3.36912140243258	0.180918517007401	0	0	0	0	4.78006890439166	0
ENSSSCG00000011884	-0.392762361655601	-1.69675429651962	-1.36215091379111	-1.11815207369926	-0.831507412443749	-0.53500850752917	0.324128111910913	0.0735000669398929	0.830334265641469	0.390913015798584	3.20918038213383	3.25969112087269	-0.476081683332891	0.343961856103924	0.517766936095231	-0.127267443662141	0.456477920235035	0.496874121346672
ENSSSCG00000011890	2.91853803864731	2.71070538795442	3.35319699361842	3.38077978104063	4.25769969869706	2.656337484526	0.992197752175216	1.08613439391019	0.890208178845453	1.38935917879408	1.96404379525488	1.26742548588202	0.838185694870608	0.703140944453812	1.89953364602421	1.91577490103476	1.65121201033304	-0.0228612147852001
ENSSSCG00000011904	-0.871107421862171	-7.19080747581287	-6.44538028076765	-5.97366598890969	-4.55337076854542	0.21822495237488	-2.10595725295704	-1.20095248703148	-1.11727928686959	-0.719425683274684	-0.913831495996086	-0.509273897686552	-2.76401297638639	-0.544889332419552	-0.247130342955484	-1.58939374504765	-1.1473853401888	-0.26203512367041
ENSSSCG00000011925	0.46947973458116	-1.13761507016782	-0.477207188895308	-0.21616740930828	-0.137690196754597	-0.852739536431167	-1.40612103560827	0.339489204904894	-0.484441828587363	0.344828476562116	2.80875085147624	3.5464984997175	-0.781503302914645	-0.436086667624485	0.0110636363919934	2.26782538499977	3.28052957628895	1.05862156971551
ENSSSCG00000011936	-1.23808299953423	-3.14588716086527	-3.70967823133166	-2.11512453661047	-2.08626564750299	-2.02003260579976	4.10613054990642	2.80803274196607	5.78697155134256	5.40425363641635	4.42569866029555	5.03572666572862	0.0809513608801122	-0.315552132189366	1.55208901381401	2.53564405249955	3.61337635388497	1.50986312716121
ENSSSCG00000011947	0	0	0	0	0	0	0	0	0	0	7.5207310731676	7.06136734354243	0	0	0	0	0	0
ENSSSCG00000012018	-0.558480067589414	2.37085679982547	-2.33808638155805	-3.59648880129847	-4.83723169672429	-1.10177386802667	0.171993467490859	0.343641318622253	0.195581645038869	0.642173792849055	2.72816648590715	0.23750387184381	1.71666690275524	-0.464989376668825	-1.14397618386531	-0.442069731827855	3.54605690797053	1.88822930675834
ENSSSCG00000012030	0.358956910831309	2.85979583525509	3.94867850969781	2.99053868107196	1.7387855931415	0.996277688866374	-1.22630209386549	-0.233124363674559	-1.49011296822855	-0.590098484522475	-1.29305863654635	1.24076258454056	0.539435044047112	2.18968831408431	2.03616504299628	1.23556288008252	-0.494233552059111	-0.0762583798161672
ENSSSCG00000012038	-1.24548263998471	-1.48506139986969	-0.631106842557296	-2.67678655269385	3.57321579604597	0.0734503825104104	2.13619845296152	0	0	0	2.76606166230584	0	0.471705820293142	0.719844969653675	1.1104314119636	-0.159167912523786	1.59733637030736	-2.00049224275392
ENSSSCG00000012049	-0.619267760823943	-8.66393545263356	-4.40681192200013	-2.12206796493469	-1.05199550936647	-0.964873147115766	3.00830888805648	3.28462860277399	3.93176339508385	3.22811184030568	0.200610788614241	-0.0969488023610244	1.24964233060383	0.862222660820184	2.07834891072525	-1.6521318437771	-0.0497132809172096	0.197447010632983
ENSSSCG00000012050	0.921502137099641	1.03312549302973	0.226860003797789	-0.142870746795888	-0.732153418704592	1.50231018987012	-3.09118861616909	-2.56130484501893	-1.88237366311229	-3.60987258399364	-2.29088733034197	-3.18498487318336	0.747135024340581	-0.588984592492663	-0.559309005121432	-1.0393357921698	-0.718882274875494	0.449842720613414
ENSSSCG00000012071	0	12.1443283682347	0	12.6913746533307	15.7161325354173	0	0	2.15526249610322	0	3.87435079481252	2.13994696460265	0	0	7.81575125286458	0	8.74122331324119	7.56745558521535	0
ENSSSCG00000012072	0	0	0	0	0	0	-3.27682106985847	1.93551387070716	-2.00970303497673	0.270628791432704	-7.48015080321851	-1.58308216005082	0	0	0	0	0	0
ENSSSCG00000012075	-0.996340045148865	-2.84470834178026	-7.82260592353715	-3.61658585328583	-3.73540978239873	-0.684490993051132	-1.31306791027249	-1.30599920727883	-0.595231028299868	-2.62046777354508	-0.518334831568983	-0.572306712380972	-2.97956515909346	-2.36139417637953	-1.62254651918568	-4.00102834506975	-1.03831679356981	-0.976631879112744
ENSSSCG00000012076	-0.274239115908174	-0.286546563079458	0.0131406453794769	-1.26642722569456	-2.0247940311648	0.451038723361317	-1.41956091081927	0.547174766058834	0.170410131841031	1.82400881105857	3.41507575863068	2.46318671749226	-2.11831216372006	-0.761675597172895	-2.03697104487297	-2.00232251029206	-1.4359461427669	-0.156274538753005
ENSSSCG00000012100	0	0	0	7.57883800722591	0	0	0	0	0	0	0	0	0	0	0	0	0	0
ENSSSCG00000012118	0.417952321815948	-0.558964756214879	0.688409402859492	1.10424455320116	-0.583193956938689	-2.5011030565725	-0.444660318424481	-0.338384180995101	1.44885146492802	1.57387945614796	1.82530182213142	4.53801227714212	1.44653413741392	0	2.39209913126616	1.77775661159834	1.28845960901343	0
ENSSSCG00000012121	0.41601327310281	4.28958393014223	3.42451043041972	3.44307962922309	0.894932147720416	1.17630331734576	1.7059622097816	0.177960555616185	0.701552010247442	0.399268014583967	0	0.146136691509043	-3.05833050005945	-1.94150399439722	-2.34775460307866	-1.47315381338165	-1.79790066414752	-2.59637853760851
ENSSSCG00000012135	2.72368285953323	2.7965804451073	2.77004960756861	3.32226359374651	2.75256182009334	1.29757342438768	0.0103437003726636	-1.36831592898701	0.736872963691804	-0.689079351429525	0.75817600170469	2.92956406380782	2.29883257284193	1.78140241163476	1.28126343277725	-0.263863983599322	3.15780728723759	-0.500593582106825
ENSSSCG00000012141	-0.116749652788634	-1.26727183119715	-1.35965889280018	-0.565713691846178	-0.626430809056134	0.293302069898953	0.463453014164679	3.48443652910975	3.1152735704385	2.66946074421401	0.0219290916300208	0.990299891812871	-1.55092200546021	-0.308211990667741	-0.613831715449191	-0.775824373788367	-0.686928555164266	-0.563015038466395
ENSSSCG00000012147	0.111673411844886	0.378197346233195	0.0774607895159233	0.490421021614955	-0.00641363548532388	0.616472961462814	0	0	0	0	0	0	-2.772258561533	-0.302188905665945	-1.04487895558349	-7.75727277295771	1.9648260312562	-0.719027274859985
ENSSSCG00000012153	0.201570739161194	-2.29298656494542	-3.4219672363917	-2.45445883989978	-1.47831710357476	0.618526226588437	-1.56864185534097	-1.42707859086527	-2.44943725169736	-2.57027798486667	-1.78453324933608	-0.270974556848319	-0.0924577011741362	-0.310374656326042	-0.0187951690660509	-0.445918911235018	0.502888039802999	-0.537254270079562
ENSSSCG00000012167	0	0.159801904454192	1.93883582836878	0.212974185531446	0	0.477022692754984	-3.33881397523354	-4.29920825127539	-5.45723845394478	-2.91612458888066	-6.00312000428805	-3.11426185774345	0	0	0	0	0	0
ENSSSCG00000012173	-0.231225063275893	1.7724808471156	1.99494524232951	1.23125908489986	1.40262415255252	0.046761973325669	3.39554568589883	2.32201840582873	2.03151201276922	2.69233660465918	1.48393444475499	2.13004580464374	1.75638318430232	0.838165901693859	0.481591100794641	0.417996854246877	-0.289330993389542	-0.66760208228007
ENSSSCG00000012192	0	0	0	0	0	0	-7.1742101224096	-7.17086820942243	-7.03637196937293	-7.07105099297805	-7.20621646366621	-1.49844328250703	0	0	0	0	0	0
ENSSSCG00000012198	0	0	0	0	0	0	-2.0694152722809	-3.20923024848542	-2.90817120034975	-8.24338725949304	-2.7120294468177	-0.499420239752696	0	0	0	0	0	0
ENSSSCG00000012199	0	7.82588008830447	7.0148443492916	7.29100730576332	0	0	-2.53585753442252	-3.03616785133071	-4.48844695379347	-2.62482129039127	-3.32864793739915	-0.869111349751653	0	0	0	0	0	0
ENSSSCG00000012233	0	3.07040561357711	4.24168381045354	2.78004395941436	2.2446273571497	1.96831843778206	-2.84363491787688	-0.580134381494515	-0.277015739282338	-2.62046777354508	-0.654276483928744	0.00756187764457074	2.0083773949269	2.53522134588092	0.424210402956567	1.45929296866552	-0.727140384425945	-0.233117147339428
ENSSSCG00000012236	0	3.8375896648049	1.48889760526641	0	0	0	0	0	0	0	0	0	0	0	0	0	0	0
ENSSSCG00000012254	1.30105151307418	0	1.16975573770389	0	0	0	0	0	0	0	7.16475032350432	4.30352380128603	0	0	0	0	0	0
ENSSSCG00000012306	-0.521099743932976	-1.91036425130982	-3.39972338003857	-2.46661786570227	-3.11653853131536	-1.31496480927252	0	0	0	0	0	0	-1.87816313919296	-1.11044985679836	-0.990716914472187	-9.40982402608845	-3.03081267787683	0.111099585808815
ENSSSCG00000012310	0	0	0	0	0	0	-2.41013491397107	-2.7071997371411	-3.89865426538604	-5.14010427975187	-3.40815016597973	-1.11298620849549	0	0	0	0	0	0
ENSSSCG00000012347	3.63330012802602	1.50828778375062	2.92237233571052	4.39772667992104	1.20890577397368	3.20484992520029	5.4577932089281	0	2.82288282181401	2.61609057691533	1.28194680995185	1.68557115199288	1.12127320472487	0.610249847585444	-1.58682657733058	0.437815620789086	-0.031249719545148	-0.476098777235519
ENSSSCG00000012409	0.612582724645331	2.87325484588552	3.49614179599142	1.79274968475702	-1.95610612279343	-1.1945399240537	6.52334371870551	5.48069700253686	5.6140435582852	5.7907251221728	-0.095795643247191	-0.156561080971974	-0.952896407438691	-2.1176574262047	-1.78909997066158	-2.14383007240375	-3.50481436845706	-3.33332700844345
ENSSSCG00000012482	-2.70684470575629	-4.70048944569427	-3.61257339620209	-3.97430719680502	-2.85484745908886	-2.1509404870717	-0.444449982415602	-0.739272045006489	-0.320905566442438	-1.02753680008915	0.0336715125588811	-1.81186519297962	-6.69378891037416	-4.09904869003152	-3.50063110194052	-4.74876713631724	-3.76496294604353	-1.93809201666853
ENSSSCG00000012490	-1.16762251934749	-2.18815416755164	-2.28103444559138	1.16944129659064	-0.172201578193111	0.16654850259474	-4.08763288405913	-2.81020711505169	-3.3021777322737	-6.42091078239735	-1.85325291077138	-1.28993907615028	-1.87430372506947	-1.984014355385	-2.11766490175243	-2.11882914222837	-0.887996925506332	-1.59072823640195
ENSSSCG00000012492	-1.94444071734476	-4.75015827498249	-1.66336012158513	-3.60455760645273	-4.6835145028264	-1.95240180999653	-0.390176005520125	-0.716339409726037	-1.16234459340324	-0.458188662872962	-1.77808719952758	-0.646829495270355	-3.95643818781681	-4.64004880489231	-3.71842645873743	-3.13341020923843	-2.81970986614207	-1.28710355829085
ENSSSCG00000012493	-2.13420204521073	-8.24065394104781	-3.98359832608712	-2.42487493193491	-8.20709370950988	-2.73978811680488	-2.46004005427769	-2.45311711420831	-2.15740401143686	0	-1.5670049336567	0.918802730902121	-4.40715445870071	-5.49427486562051	-2.67985180640396	-2.03944180294787	-4.56594224311013	-1.89742610077287
ENSSSCG00000012527	0.101666148189721	-0.892824714747221	-0.397337115347666	-1.07527089659242	-0.534813432351178	-0.146060299412408	-1.29389133658172	-2.4853757034888	-2.80297878639954	-3.42446183938421	-1.87570119646063	-0.868905320776502	-1.93649526664238	-2.44321936873928	-2.63093964238666	-1.68858425150451	-0.850087788368653	-0.396253963471686
ENSSSCG00000012540	0.246624869295071	0.325729015265764	-2.66633217563872	-3.36433346591901	-4.0564417792625	0.133178025156802	0.296561832861876	-0.277769813891515	-2.90983281586386	0.526080948888525	0.168132095964928	-0.443935259649386	0.490829359243048	-0.495914196987611	-0.478027654524189	0.0123577582832217	-0.10857349344528	0.331635179597764
ENSSSCG00000012546	0.847983462374909	-1.6947983928135	-0.928932435956326	-1.85567703472239	-0.0674027418158005	-0.705679110862467	-2.84901332582229	-2.31423354711388	-3.37833102973434	-10.0134228217651	-4.07444645178622	-0.367281528269403	-0.299574901659017	-0.989656417707119	-0.667980259059903	-3.88866971362848	-1.29395099553612	-0.100815143117592
ENSSSCG00000012558	-0.784731908868892	-1.35316268426765	-3.75121646896217	-1.20814544791909	-1.29973151471336	-0.861019958838303	-1.79747224111347	-1.00079734641702	-1.49011296822855	-6.82513384370811	-1.29305863654635	-2.99612142335245	-0.29029623179212	-0.142094573422771	-0.636290625460396	-0.338640211613038	-0.991884377509047	0.619653477266559
ENSSSCG00000012576	-0.679945458337666	2.59799228609816	3.2932953872376	3.63433458932082	2.53755895131156	-0.369275784519616	-1.01022053346886	-1.86848461182581	-1.17817214278493	0.711636921576553	-0.634206842300235	-0.376763960762034	1.06436197727817	-0.0556386957188406	-0.319684712506587	-1.74508851113455	1.25094485768193	-0.782183536546229
ENSSSCG00000012584	1.43520357653726	-2.74560376743201	-1.15208909369153	-0.00672870903005532	-1.12160903663794	-1.57611867613305	0	1.85255858891752	5.50273956868583	5.33551058253446	0	0	-1.54745820325969	-0.629898404235767	-1.06428550265133	-3.1897971552748	-0.252467454190164	-0.182177105220091
ENSSSCG00000012587	-1.55641084711245	-8.24065394104781	-3.42543777702671	-8.14922745173518	-2.13822003610819	-2.01506296693142	0	0	0	0	0	0	-1.2911170519646	-1.87924477392966	-3.52953739052071	-3.87728822035495	-2.19847072276392	0.228187422111642
ENSSSCG00000012590	-0.103773078722334	-0.510355902511586	-2.12801336288262	-0.902976084615492	-0.265133600783164	-1.38654594547453	-1.13267949224261	-0.843052856897047	-1.34132014181839	-4.35746247888671	-3.11758999855808	0.534253776963453	-0.60209821841328	-0.715392683002292	-0.948431689147649	-2.77178614712425	-1.85279691867708	-0.40572278471264
ENSSSCG00000012593	3.22589598374779	2.15926869035717	4.56842358864995	0	0	0	1.15519954097497	0	0	0	0	0	1.91170598979024	0.130006794336737	2.06098053730396	1.26973942541675	0.401525832103559	0
ENSSSCG00000012600	0	0	0	0	0	0	-2.11702907626328	-3.06949118008971	-2.77327914172385	-2.85313472425166	-7.27972847064155	-3.31586870353986	-6.23027617277144	-4.52777491648855	-9.65360998264262	-9.59520794537887	-6.93954318366406	-0.30493055583748
ENSSSCG00000012607	-2.53309844976786	0.902237417838847	2.45224414671616	2.08879638244005	3.16120236643935	1.47337634201979	-3.73861806631304	-2.74196371886367	-2.73461311333681	-9.74477381778874	-0.450200799303946	-0.390426216027433	0.270178782806911	-1.82567352888756	-0.808913873602541	-0.441623104703177	-2.06117431726829	-0.708163162369568
ENSSSCG00000012627	-1.54502537827002	1.06716752207873	2.30018214764042	2.28301703678506	0.805094414195603	0.436118761182211	2.96656489015404	4.190708601273	3.72914356955804	3.96778379066021	-0.431211964166821	-0.37670059735805	1.35158903067027	0.871585037757292	1.05720188024249	0.624421787377662	-0.0411547189488048	0.975050838162229
ENSSSCG00000012644	-2.856854755849	-6.80268904575222	-1.65765555320455	-5.0855499203623	0.465244770842372	-0.666789297352134	0.0571035713247071	0.251699583802573	-1.38157788512235	0.712260441966319	-1.33672471067284	-0.658939330048023	0.711830990922566	-0.320674249220513	-0.592317380076471	0.188054168766171	-0.686624537054689	-0.437443516861498
ENSSSCG00000012649	-0.552001303157111	0.156085744057454	0.304355895096468	0.204955774863761	0.464276617610847	0.136531077932996	0.390804002893904	4.87558958968177	4.09962486769669	1.21812000547652	-0.102917596320108	-0.252780334389867	0.285787373441686	0.217652070458158	-0.0242505058440593	-0.582910573073957	-0.129386518374619	-0.376273227203881
ENSSSCG00000012650	0.0613137269103157	0.727295295342745	1.06212667785069	0.89263769862229	0.525733066922303	0.0893004787649408	0.833546905990286	5.84268720766399	4.74309107197348	0.921283505662659	0.297865313177515	-0.151084446008502	0.143139194520378	0.400957777415381	0.346277638201331	-0.561285235740541	-0.100695477206769	-0.0756628072059558
ENSSSCG00000012652	-0.0223629317550702	-1.52620007740555	-1.05143361439508	-0.767094743746861	-1.62879953621365	-0.388163839273929	-0.797649582319709	0.0480640859973562	-0.00534639042066699	0.65133621221558	3.77714790933358	3.1406106080205	-0.92980201790733	0.634557177117472	0.988724297437368	0.155488664340789	-0.25492460751391	0.770953766966627
ENSSSCG00000012658	-0.401112482502154	2.45093478688757	2.65248939868606	-4.98872157216897	-1.44937240468594	-0.650829264350255	1.93488437188593	0.260414274521834	1.09231575388438	3.44455806823462	-0.518334831568983	0.00756187764457074	-2.39573698628866	-1.55297288306893	-1.14837537617985	-1.40609895322915	-4.41771048407203	-0.533604237115949
ENSSSCG00000012667	-0.387514263835681	3.79244108014224	4.33782250249907	1.11933533111143	0.972197992132849	0.39474078771479	-0.148249388764465	0.0276271376246522	-0.509638950513444	0.470932029987544	-3.14193207231745	0.24570708727533	-1.33050530934121	-0.429267719718109	-1.190940023788	0.93434504833846	-0.474318712566265	-0.460360172055218
ENSSSCG00000012668	0	10.152971734995	0	0	0	0	0	0	0	0	0	0	0	0	0	0	0	0
ENSSSCG00000012680	-1.72707110538749	-1.14709350053142	-1.45304693242885	0.314799422557956	-1.22829829238608	-1.48466463062468	-2.68899606879459	-1.48059600135377	-2.15139564208572	-3.07758451735363	-2.44559142521403	-1.06026989575222	-1.05573734412835	-3.78454398249318	-3.21987774538206	-3.98864284790384	-4.20202510160621	-1.28123527199588
ENSSSCG00000012705	0	0	0	0	0	0	-3.21306621686915	-3.20612945707609	-7.24637659772206	-7.2810912535716	-7.41638770312641	-1.06608665698549	0	0	0	0	0	0
ENSSSCG00000012712	-1.398194553925	0.435505407700081	-0.75696385259041	-5.43068023099841	-2.9436385280585	-1.34530783867057	-0.723110339469889	1.54787909368494	-0.68284873935886	-0.517776297051364	0.447619018309422	-0.0747597571161496	0.856204565475164	1.00981133156735	0.124859399211264	1.52633558919411	0.586965937299681	-0.206452574978111
ENSSSCG00000012724	-1.42814227872451	1.16275719490877	2.98900507341694	-1.62830534191446	2.96408804315299	-0.10261003134025	0	-0.808150086357397	-0.506705810357349	-0.587963086533108	1.71862508574046	0.244799080058144	-3.3007509075518	-3.73445523456677	-4.02270898035406	-2.43277242376805	-1.41113198238244	-2.51447591088935
ENSSSCG00000012753	0.830088085534912	-3.28999638603924	-0.394656111580302	0.988668546352715	-7.3554302688698	-3.41313745149458	0	0	0	0	0	0	-1.02840322081061	-0.884904784865873	-0.105097728461355	-1.23710479495794	-1.47146648690368	1.22439013608806
ENSSSCG00000012769	1.98879692476879	1.62528567437866	0.532657437109394	0.0776662427934643	-0.899711855113223	-0.96992294864671	2.50557631529099	3.62414734535451	3.26758784939501	2.6627948740077	0.170699335684287	-0.401539837106575	1.76871738667985	0.132748185362495	-0.854862526883262	-2.57610784189809	-0.65376928893104	0.458893431224137
ENSSSCG00000012773	1.90673931160523	-0.1890427478113	0.786097905644927	-1.62830534191446	0.658877155980302	0.16759239044088	4.58416713299688	4.31864842734243	2.96624215774329	1.73864284399096	-0.20927385072726	-1.21293853982608	0.507041891933724	-1.01313652502546	-2.71398418701159	-1.81235705659396	0.151551447311379	-0.656516231930219
ENSSSCG00000012774	0.267938498552677	-1.1048511309005	-2.21079751426473	0.0848405221372242	1.81745614301668	-0.0256230868164978	4.86102934116744	4.90416429948487	4.32742116634024	3.40248161974561	1.08852828889214	0	0	0	0	0	0	0
ENSSSCG00000012787	-0.672359863501779	-1.47811393187644	-2.18711124383067	-0.83488901086077	-0.758525517082541	-0.271728571699777	1.56432928059096	2.50527270388387	2.16989710027335	4.74404163091201	-0.225878876866217	0.151574672032883	0.447697307360339	0.0285161992693976	0.10412949643347	-0.129139235082289	1.06955077552764	-0.46289982547204
ENSSSCG00000012792	-0.40655624750213	-0.417987093856276	-0.275752160344395	-0.392784664952404	-1.5270858110054	-0.69358264104209	1.12583213970545	0.444266203395453	0.958388114257121	1.09417273130928	1.87395362612958	3.30896265592251	0.399278591976426	0.390538349238239	0.699989207111856	0.718466380302485	0.214747071544678	-0.693918460720391
ENSSSCG00000012832	0.398229934519216	0.941448257531666	0.373839112492728	2.07495616034857	0.639952367835768	0.834656408859462	0.990666742757959	0.839319869885646	2.07698546816766	1.26446602338244	3.14757554237428	2.28935938827273	0.0483829890801468	-0.51589371616681	-0.503536799270786	-0.597445160126942	0.573422608115435	-0.310613504402206
ENSSSCG00000012833	-8.71064996568383	-8.74619999444939	-8.66776765646848	-4.46172177692621	-8.71260646945314	-8.81055026103839	-4.2550043295341	-3.5823024619241	-4.26029257122473	-3.36054426283517	0.472848643404933	-9.8208641911185	0	0	0	0	0	0
ENSSSCG00000012835	-3.52058117872159	4.23914012551694	3.4700077789351	6.2118818664746	-0.113303304250476	-1.52017752744494	2.30495407058779	2.23007596717168	0	0	0	0	-0.388198628224456	-1.98366174081818	-1.6399055512208	-1.58057103624594	-2.3211168323557	0.136475323053842
ENSSSCG00000012852	2.38175378494197	0	1.61488081354123	3.34253310738637	0	2.32201183531916	-1.04393843326588	-2.9132632814584	-0.831338637418683	-4.58425423716973	-1.01885632849688	-0.877990181622469	0.316230005481795	1.25521680507111	0.688042074924417	-0.235555876042818	-2.86522487328814	0.0284270241379576
ENSSSCG00000012871	0	0	0	0	0	0	0	0	0	0	0	0	-3.2000395109165	-3.3314490052231	-7.26093529212359	-7.22971862088727	-7.32169132594321	-0.602837859376938
ENSSSCG00000012882	0.258062362144278	-1.1763115554116	-2.58834411825533	-0.476708525507862	-1.56521360715486	-1.02667604360083	-0.884438906237832	-2.71179471605095	-7.31009376191259	-1.51845005976059	-7.48015080321851	-1.77247920582926	-0.830706620766786	0.561576653753375	-0.919321508691353	-0.508917409775003	-2.49261564355732	3.01214717644584
ENSSSCG00000012883	0	0	0	0	0	0	7.61981837940195	0	0	0	9.01041836701972	0	0	0	0	0	0	0
ENSSSCG00000012941	-0.758754680589819	3.05828431618152	3.05105071650972	-1.17868953620935	-4.6835145028264	-1.7063038353238	1.06646650546376	1.0735888507667	-1.39787213867084	-2.44149213975928	-2.17260376486967	-0.517246496504326	0.59114357903796	0.245001990693133	-0.821354827503341	-1.51947984692121	0.852475719263976	-0.68642179403069
ENSSSCG00000012960	0.629348732109127	-0.278404471933687	-0.115292291154846	2.05589353370874	2.97075820024087	2.49052432619815	-1.35177391364465	-1.79475782055563	-2.55920131992131	-2.23030926280781	3.50320355083469	0.553569869619444	-1.03133183568833	-0.449266203791148	-0.459388234472402	-0.903858441500087	-2.18122642087561	-1.38465030143817
ENSSSCG00000013004	-0.175842682330975	-0.0698286938064138	-0.351804855136092	-0.367513127939403	-1.05028197865447	0.109788804234235	3.10543296417642	1.86532983297461	2.63422990110759	3.89884485758036	-0.349401423571029	-2.42773335668189	1.02326495725984	0.604450891208766	0.879440976902911	1.42802177013575	0.53531211550632	0.368097623110918
ENSSSCG00000013015	0	7.48725289562003	5.91613979383689	0	5.55919615793294	3.57430643331199	0	0	0	0	0	0	3.71768784965457	0	0	0	0	0
ENSSSCG00000013024	0	0	0	-0.364679255523127	-0.485793989762193	-1.65647989279108	-8.16920695614919	-3.99097650449727	-3.69432246969053	-8.06567628569841	-2.53426226163948	-1.98707718179985	-1.00642411579995	-2.11680475028137	-2.03019217895572	-2.37124361527404	-0.368941784161238	-0.465944984945216
ENSSSCG00000013031	0	6.93091590340339	0	0	0	0	-2.28561381237679	-7.0115809587122	-6.87719971235094	-3.54860902652128	-7.04690072620707	-2.52725321828495	0.664539969006344	-1.85661427643542	-2.80683592089388	-0.470757861038974	-1.17387393164999	-1.86918907836784
ENSSSCG00000013041	-0.0531485503796126	-2.05832872342757	-1.78361858704461	-0.767487619549972	-1.02637689437144	-0.757809905633396	-0.628944680373574	0.107307375711666	1.46463842922074	0.943279101669557	3.51562510028392	3.89535091649669	-0.336783603410139	0.241253336511371	0.654206236318772	0.136760065077949	0.0211099054224378	0.379648416766663
ENSSSCG00000013049	0.599655358058681	0.17190237081667	-0.0126392916534555	1.03261573469419	-0.667655986809563	-0.53493099163506	-2.23463124215516	-3.847856773293	-3.0829265601008	-2.77092719090215	-4.06835843312283	-3.53658302761192	0.284003131917231	0.025146749018471	-0.347900246875571	-0.59673345429315	-0.105031386756536	-0.263771816971696
ENSSSCG00000013056	0.725589827891452	-7.31894087326304	-0.80537741476539	-1.50344184723738	-7.28548136714048	-2.0748414109705	0	0	0	0	0	0	-3.02494409975831	-4.11189700708271	-2.09487592914087	-1.34370325787501	-2.20758224633078	-0.515324850370137
ENSSSCG00000013067	0	0	0	0	0	0	-0.309512408908445	0	0	-2.34292497633189	4.36175205362467	0.756543736464235	-2.77341371478791	-2.42838984520426	-1.24822201804396	-5.01097384822974	-9.14526979902085	-4.93769206479744
ENSSSCG00000013068	0	0	0	0	0	0	-7.1742101224096	-7.17086820942243	-7.03637196937293	-7.07105099297805	-7.20621646366621	-2.68663754265018	0	0	0	0	0	0
ENSSSCG00000013078	0.326495056993918	-0.749186530728689	0.0909112524131545	-0.286106440473318	0.00887743817820144	-0.672264966874051	-2.03519070075402	-1.67683030259633	-1.77604352297171	-3.62373057420209	-1.78532763954858	-1.69434561996765	0.26454605592278	0.96860106992267	1.18723095455502	1.35378254071656	0.0823928623874592	0.269256740327716
ENSSSCG00000013092	0	0	0	0	0	0	0	0	0	0	0	0	0	8.90711713984045	0	0	0	0
ENSSSCG00000013100	1.18212885978357	-1.02790927991797	-0.396785392595551	-1.21416638864897	-0.922916710651987	-0.76896447923518	-0.0199533700999386	-0.341227757065062	0.699466402579119	-0.646990535612569	3.83944458661616	1.71553163762149	-0.262094493500908	-0.901269021667225	0.713474467101983	-1.67084057315228	-0.22436084288683	-0.534933751856031
ENSSSCG00000013102	-0.829920219117514	-3.44229173483985	-3.00185745412244	-3.35779231857781	-0.59193917727277	-0.944479913843393	0.330807103764292	1.47746287521128	1.43504869504962	1.62971087249518	7.179023927834	3.49364180507959	-2.03867325647444	-0.827308676216902	-0.158049029319173	-0.458767162777278	0.0597468974346443	-0.383590361312962
ENSSSCG00000013148	-7.60360766272245	5.2250345155333	5.36581723175957	2.37288856239108	1.17287170008268	-0.74222109868823	-7.31764838442857	-0.88285768650718	-7.17971478919605	-1.96035613356725	-0.116706404215767	0.232033843394706	-8.19092204501868	1.57470207408094	-1.47204339766869	-0.764981054403908	-0.400372483514467	-1.55739354189529
ENSSSCG00000013230	0	0.0239319045262724	-0.100816090607804	-1.22018137449868	-1.340324872181	0	0	0	0	0	0	0	-1.45690387229051	-0.604873986904904	-2.69111691246854	-7.22971862088727	-0.850241592962795	-0.488514231517144
ENSSSCG00000013236	4.81405693194046	-3.1465122804088	4.73070499456125	0.664384450861432	1.16153809011774	-1.74434273523233	2.90301537590219	0.889347125542181	2.24574197499839	1.22654496855274	2.13572100911042	0.970443776362654	6.69188900130528	1.88268625761445	6.0462580125198	0.669781687503463	1.81036599644755	0.484264499057692
ENSSSCG00000013237	-0.278957639635676	-1.81193575401556	-1.46089680382132	-1.3137740135351	-1.6427567822386	-0.835663178441706	-0.0542536091960854	-0.171136801702137	-0.161291917414168	-0.116949894738392	3.33813786228777	3.27720564902586	-0.69198550511887	0.0330046224871753	0.0968184427421466	-0.00596116489160847	0.0551903537788825	-0.297690463109484
ENSSSCG00000013248	-1.00254070184097	-0.694953824918528	-2.45905198433306	-2.32053370732299	-2.74726300853832	-0.654939251339709	-5.08943523313724	-4.02246670266054	-3.66105648639501	-6.20407947154527	-2.56555443253475	-4.52606009292808	-1.70970538234017	-1.3077712695265	-0.795908414757981	-0.957186299670976	-0.922027163649916	-0.0476370383538917
ENSSSCG00000013252	-0.654544499474302	-0.647239732486337	-1.4416917512272	-1.57304616008605	0.823639857059964	0.14330915734957	-4.08819806261344	-3.84240667107588	-3.65237124922418	-7.18478849360987	-1.23626605013629	-0.416962069975986	-0.275349579959301	-0.374258508709083	-0.68849271667889	-0.365707836594315	-0.607791827265393	-0.263771816971696
ENSSSCG00000013320	0	0	0	0	0	0	-4.54223276887629	-3.23810716974571	-4.23385573702653	-9.56914194238588	-4.03804184021258	-0.945583860924144	0	0	0	0	0	0
ENSSSCG00000013333	0	5.15231506810217	4.95555685690578	-0.104835379305294	0	0	-2.69882382238396	-1.71246419829405	-2.39090885385704	-7.72607458210337	2.96081030044016	2.30821835404607	0	0	0	0	0	0
ENSSSCG00000013337	-0.0919794107907401	-1.8758176211336	-2.99571960243457	-1.78229350429402	-2.15216745833961	-1.3955389073077	-5.18370700915886	-6.48593532353044	-6.37219802652727	-12.4991037277697	-0.707976752544393	-3.67137888734773	0.295608878986622	0.110780881677163	0.343051994075641	0.21143397126244	-1.41275518890611	-0.523667994448085
ENSSSCG00000013338	0	0	0	0	0	0	0	0	0	0	6.97185159570829	0	-2.2009984741749	-3.62905568071301	-2.75472189968521	-1.19770083199785	-0.888256639023904	0.571702697631049
ENSSSCG00000013339	-0.12479024442183	1.25746991172979	-0.447507107330457	-1.12410428367962	-2.3646243897735	0.297888132239356	-2.31769262492242	-0.0134938279181237	-0.853843006544107	-1.4357214335759	-3.88589408366187	-2.90010069864703	-1.0736150538233	0.768012099831852	0.344850187781686	0.932625543955688	0.277766988381193	-1.19599584251587
ENSSSCG00000013340	0	1.33830105215656	-0.158898924804024	-2.52438104617268	0	-2.83228590710538	-3.54399909598684	-1.04772264678439	-3.63868568498745	-8.57103991559035	-8.70683021422053	-3.78745561502588	-7.23621921365099	-2.37801929504153	-2.29134656589791	-7.22971862088727	-1.25986982585898	-2.1581262982736
ENSSSCG00000013341	3.82025438214484	0	0	0	3.81632650345712	0	0	0	0	0	0	0	0	0	0	0	5.25804032026999	0
ENSSSCG00000013344	0.966422769912208	0.551512532662108	0.919373029425928	-0.944308476892181	-0.487850830527977	-0.942120255617918	0.790594449491394	-0.353890417991777	-0.0483546095824263	2.4184870557353	2.69087900582246	0.509494174883562	-3.4973823579755	-3.04132645232841	-3.40979283464682	-2.12275065866695	-3.48112938368917	-0.746332484581729
ENSSSCG00000013352	1.96653404437447	0.0885495187478213	-2.67676418516236	-2.40838687143971	-3.80984964618069	-1.06096108123064	1.07447450361398	0.204466464016734	0.705787827994215	-0.120007139025542	0.797914495641003	-1.33305117321199	-1.82034581897838	-0.764420204002797	-1.10971836058321	-2.53256130914799	-0.920235422150667	3.17092888975779
ENSSSCG00000013358	-4.12227496755009	-1.12960785093451	-4.59191424404175	-2.62497572088182	0.443567923474043	0.395799683852194	3.32358556769548	-2.7778265240261	-1.74150799963738	4.62397152843966	0.86233577196014	-2.30015338233635	1.57486958200812	0	0	0.594491378677775	0	4.66299822488473
ENSSSCG00000013360	-0.55628605618809	0.128171026753848	-0.78833095767281	-1.06859815960537	-0.0439453598807673	0.217026898774698	-0.648867310316781	-0.259870715333783	0.0244760509624	0.299580698254634	1.97362181229588	3.31388275525043	1.04031706976306	0.952614788311441	1.17135008055832	0.800622149171793	0.556631903158001	-0.431034271947359
ENSSSCG00000013369	0	0	0	0	0	0	2.89953427082973	0	0	0	0	3.49113126330235	-1.1070157860462	-6.27172623131306	-5.57094130020553	-4.997419709148	-8.68584784848689	-3.27160672733207
ENSSSCG00000013374	0	0	0	0	0	0	0	1.29479575749626	3.88015342687555	3.17468143362983	0	1.28311637812748	0	0	-1.58682657733058	0	-0.911516785865801	0
ENSSSCG00000013376	0.202043269872791	-2.60340611098072	-0.189015897389873	3.79604461347474	2.16278638841159	-0.34049503215048	0	0	0	0	0	0	0	0	0	0	0	0
ENSSSCG00000013377	0.413138430595873	0	0	5.39184874055921	5.31836394268583	3.18151570157224	0	3.2331830694797	3.53718319000172	0	2.89620211526045	0.916914965370503	-2.24469108595483	-1.80892038843348	-1.14723142996099	-3.18782404712589	-3.35612049612779	-2.1581262982736
ENSSSCG00000013378	0.240637122488222	-3.18447390156147	-4.9060564447445	-1.43858389161734	-4.07514543444298	-0.44244565300311	3.62125589117687	6.53833966849314	6.85673018258476	7.3894152808378	4.29008739981678	0	-2.77341371478791	-3.22539644004596	-1.98098445212113	-9.05286842199112	-2.7978736811158	-1.62488477579673
ENSSSCG00000013380	0.127138988919371	-0.0959061158006309	-0.615865732571134	-1.55088530579648	0.0416986263489806	0.222822016936129	-0.244431058236261	-0.0207804557016517	-1.38147281244188	0.100983832161054	1.93602057122751	-0.780236737756203	-2.93073955799278	-3.08406073614366	-3.59970092634382	-2.05002721466888	-2.53759546871019	0.105830534018273
ENSSSCG00000013386	0	0	0	0	0	0	-7.50916256525536	-7.50581581909675	-3.03457167861525	-7.40584895176819	-7.54121463152626	-0.846599402337036	0	0	0	0	0	0
ENSSSCG00000013411	1.76256805160467	0.504871123914532	-1.02482605017544	-0.392069614116238	-0.54970462079828	0.0388551770372695	-3.9194404310869	-3.97325204332583	-3.4130939247094	-4.04657640078508	-2.14260309485878	-3.31201582515917	-0.259123391545926	0.298862473834942	0.819828267361949	1.09683512214546	0.261767521253784	1.62854527429755
ENSSSCG00000013461	-1.21504094684184	-1.2872074533984	-2.42253528695948	-7.5477962169262	-2.91634127875084	-1.15340384069039	0	0	0	0	2.31599850949024	2.69584131060234	-0.690283028489269	-1.4018805817466	-0.418623475134629	-2.23229634710719	-7.32169132594321	-0.602837859376938
ENSSSCG00000013462	-0.0338213289726698	-4.38929352511335	-5.20675591804143	-10.3319571845084	-6.25803149723659	-3.07078869579316	-3.14636315376411	-0.88285768650718	-2.84317100733785	-7.21441869110356	0.295931516459603	-0.654994267150083	-1.5956137358291	-3.10825747831585	-3.4279811785141	-4.89384708043122	-1.97714614242998	-0.512072869117605
ENSSSCG00000013491	-0.211419552242062	-0.276948253421781	-0.201696198609587	0.114127491650376	-0.844335817866797	-0.499876996677526	2.98102693406175	1.89398865173859	2.74896276418632	3.99903732457639	-0.817310308357517	-1.40821660426041	0.264830357407043	0.504794992838327	0.8231604502078	0.502527584681944	-0.0968408626326896	0.00806079971740471
ENSSSCG00000013501	0	0	0	0	0	2.8497133539143	0	-0.400040551408832	-1.07941312328781	0	3.99730078272606	2.59481398082836	0	0	0	0	0	0
ENSSSCG00000013512	0.80029721557065	0.368406317736531	-0.93409042087305	1.1389317886142	0.0919008184796598	-0.555046776263302	-4.4153784836994	-3.4221761215699	-2.70584631072885	-3.96829895716562	-3.17757745152488	-3.67541457203623	0.579475603903784	-0.597634891422671	-1.85334213392097	-1.43585908769139	-0.0448450550903444	-0.595702310584499
ENSSSCG00000013517	1.91597601948115	0.435354417326179	-2.26979882406219	-1.63491438624996	-3.38172682486968	-0.76638219056659	0.640332049763407	0.00892576039773045	0.13340669022641	-0.540040155554064	0.649604826585754	-1.29817734792628	-0.650306891647548	-0.124452217047775	-0.273413328973679	-0.866359990613533	-0.113936147514263	2.52799582076651
ENSSSCG00000013536	-1.77823042241311	-1.1790225737625	-8.12396251011182	-3.35950492124908	-2.09987782680264	-0.84930131813557	0	0	0	7.31232245668977	0	0	1.0813606383069	1.08131838393526	0.585630372946308	1.64381374572699	0.999408142189883	0.109803855045013
ENSSSCG00000013545	-0.115716824304278	-0.404303298492087	1.29398631454999	-0.364896312640395	-1.77073565384238	0.824682538934875	0.849016790632289	2.99204154087814	4.52276911284074	3.77810822455176	4.67181215557551	2.7860914451093	-0.66560227350398	-0.162626343235672	0.00470763165739997	-0.785749779374897	0.652228654507905	0.37667617521683
ENSSSCG00000013551	-0.0182908715650211	-1.72566073914465	-1.95603811039704	-1.26133458671147	0.0124149955668952	-0.530931591501443	-2.08595872722638	-2.83056797441589	-1.82867510419033	-1.86616593301908	-1.65162232791948	1.28369631863416	-1.23063308489909	3.8301224014671	3.00379969391019	0.791151092546311	-1.30244497788431	1.6080933995738
ENSSSCG00000013553	0.231130555423294	-1.28180552960082	-1.27274330736271	-0.44617516300455	-0.912171023314181	-0.0526920358743032	-1.00064238287488	0.104764914162986	0.995233340661511	0.840512262637669	4.47245142280616	4.51095465148984	-0.571147368886525	0.228909088985218	0.118590870736537	-0.79668491801138	-0.62190799299572	0.160230998378313
ENSSSCG00000013556	0.493099211632737	-0.843681990187337	-0.18335893212328	1.1090345764128	-1.76116176624547	0.0223572096199522	0.362261150413091	0.689197617625379	2.05947957956581	-0.399269896741121	5.27898710998064	2.48257270636189	0	0	0	0	-0.269227778685064	0
ENSSSCG00000013571	0	0	0	0	0	0	0	7.6236015446534	8.02375005396059	8.38998596427605	0	0	0	0	0	0	0	4.40083243836326
ENSSSCG00000013579	-0.0290914498598014	0.0679832102133509	-0.707848855528849	-0.882276590529631	-0.298786772679948	0.012907067757408	-0.0900482736983268	3.01085797758975	3.84581850835797	3.72805575974041	4.0069662045097	1.38158175708754	-3.49944975671607	-1.48306221148665	-2.96944427995472	-3.48692685394152	-1.35704170977368	-1.10806851283542
ENSSSCG00000013594	0.711165136466349	1.08552863456451	0.526758463620081	-3.47808839316804	-9.26041104756308	-2.22876820169144	0	0	0	0	0	0.597282979300127	-0.781503302914645	-0.337474447774117	-1.33511156877624	-0.509038385422387	-0.101910565436519	1.52427350192607
ENSSSCG00000013604	-0.587797887474606	-2.57115197477408	-2.48867542316524	-1.70954849362578	-2.20249438027847	-1.27676154496461	-1.22762399109577	-0.951520702959049	-0.00420489441815449	0.14310135668853	3.89832491653437	4.17254439395093	-0.56911194018689	0.282600037519303	0.79306101277562	0.0550566934256075	0.359747232013454	0.350639428154395
ENSSSCG00000013614	-1.12296582357878	-1.68379883800158	-2.4578002892849	-0.769698442880488	0.2333568325515	-1.2584772266627	-2.68478399629076	-3.27369267153169	-3.3693180520004	-3.92894973059421	-0.374484835283025	-2.01615171300308	0.252475071237239	-1.95126144571851	-2.88511433060212	-2.66403865606589	0.223913566310414	-0.564101871885497
ENSSSCG00000013665	-0.500178732650414	-4.62039284938109	-8.64086754036467	-4.43482227070653	0.408552535273191	0.974771625168817	3.48048768536282	6.68786124105364	4.71002462661049	0	0	0	0	3.20476811688165	4.64429405116332	0	0	0
ENSSSCG00000013714	-1.96895843722178	-8.08169297628983	-8.4269273880035	-4.59892900102065	-4.23245804180333	-0.118126474417917	-4.81391246101345	-2.29014670611636	-8.84663832573974	-4.59012509381718	-0.0783544779989275	-0.554743054402421	-1.1913440948718	1.05209915099905	0.892454917695835	-0.0139557985616419	0.28265394858802	0.937329510583853
ENSSSCG00000013732	0	3.90704914408207	1.94486760063173	0	0	0	0	0	0	0	0	0	0	0	0	0	0	0
ENSSSCG00000013762	0.164558938859305	-0.80148859632374	0.0919593883399975	-0.298763449647645	-0.117888602927985	0.682445506800912	-0.644979828466516	-1.93479836293151	-1.24445511699994	-3.52099689400093	-1.32203586964315	0.70707681397572	-2.40057925371049	-1.8558947352815	-1.32340662479246	-2.28455998482512	-0.848820150820881	-1.00818584350188
ENSSSCG00000013787	0	0	0	0	0	0	0	0	0	0	6.3463872891571	3.54743158001534	0	0	0	0	0	0
ENSSSCG00000013788	0.759942465871951	-0.73421596971112	-0.0919380429499814	-3.72526812014357	0.586789951329415	0.6133018621232	0	1.8936298357196	3.5696094397232	4.98533445608911	1.49997686553919	1.49137475861956	0	-0.120249490585475	-0.610034578630766	0	0.654894456559092	0.758819327685549
ENSSSCG00000013835	0	0	0	0	0	0	0	0	0	0	10.7477480885649	0	0	0	0	0	0	0
ENSSSCG00000013839	-0.197054396966727	-2.07305594680604	-1.89231165769565	-1.16718219248812	-1.934940641236	-1.0574862068868	-0.927219962713692	-0.598840851700056	-0.367121965179038	0.374654863365492	3.63351397560466	3.59574088076146	0.672131477013229	1.19641001424549	0.964761981147892	1.44417711198258	0.654696667256429	1.3133457105134
ENSSSCG00000013842	-0.357655734131058	1.25563568179872	0.967417928755484	1.6511320006227	0.216123294631937	0.95345309099271	0	0	0	0	5.92757053800165	6.32241720353979	0	0	0	0	0	0
ENSSSCG00000013853	0.148365301815215	0.742025434238135	1.1864480116522	1.06997399654494	-0.93199023715523	1.41380895886847	0	0	0	0	4.48402240359345	3.37568909621644	-1.639186361271	-0.426441755430085	-0.86030212964339	-1.4728040689989	-0.694182782473244	0.0185681153959979
ENSSSCG00000013869	1.16979012965334	0.412847900309801	0.538235579788997	0.973075789813583	-0.0652034840257771	-1.12556667449064	-1.86408397510098	0.34425512426391	0.273841237492156	-2.04625736581905	-4.30053021239906	-0.759841956398572	-1.74991372283945	-3.24509589557092	-5.28704427087269	-4.26811683111201	-4.97006935356164	-3.10549767232213
ENSSSCG00000013880	0	0	0	0	0	0	3.99265004797647	0	4.03419890212714	4.21625452900698	6.35531375601163	5.07117687465293	0	0	0	0	-0.58629755364793	0
ENSSSCG00000013887	0	0	0	0	0	0	-3.83238826243366	-6.83733984739468	-4.74866373316522	-7.84226498933673	-3.97806178907491	-0.298375083244724	-2.74788243402897	-3.45122170055688	-8.33397864741632	-8.30265331111852	-4.42936869667843	-4.18752716741851
ENSSSCG00000013890	0	0	0	0	0	3.74438339389494	0	0	0	0	0	0	-9.58213895626114	-9.6541788939749	-5.59207258385183	-6.44867699925633	-5.70248528390912	-3.52599996501565
ENSSSCG00000013892	1.25346178794432	1.40245769857012	0	0	0	0	-1.59053792553508	-3.14073412524385	-3.80354327730508	-8.17490671832739	-1.91796481433182	-0.386686581578365	0.880855388650038	0.426770325817077	-0.156821725799221	0	-0.58629755364793	0
ENSSSCG00000013901	-0.361101664314895	-1.75102469015859	-1.652419171291	-0.589530180968704	-0.759186737173606	-0.190542949777804	-0.0657620207386714	1.25247011777859	1.93275295009212	1.78833446990198	3.1732004073958	2.6703560099345	-1.6776619904688	-0.923330985205019	-0.621422809549254	-1.24281791274972	-0.746663159906231	-0.236862977142371
ENSSSCG00000013909	0.208758473547688	-1.81205776195581	-1.02872995274625	-1.0744472547278	-1.61126576057326	0.0856556237603089	-5.10485442079749	-5.0979029296072	-3.26442973032322	-9.17240851160513	2.74826031527198	-0.649819192784929	-2.06903063823938	-1.79299574537683	-0.955073653545224	-2.63377821375234	-0.824490053712318	0.508703585492247
ENSSSCG00000013916	0	0	0	0	0	0	0	0	0	0	7.91738289402271	0	0	0.447863949983499	0	1.06002549537809	0	0
ENSSSCG00000013934	-1.47408588167774	5.90145203468862	6.89318690445878	0.0896142598652635	-3.41502541774721	-2.64928827074298	-0.502934559358283	-0.42581395439488	-1.91087462207521	-7.81875805626402	-0.890071984202098	0.780842141175096	1.70774504141428	-1.5940852096462	-2.47059600444994	-0.236634805042567	-1.11576195708091	-0.190381321918766
ENSSSCG00000013935	0	7.54346872791785	8.85476179585945	0	0	0	0	0	0	0	0	0	6.34473322562872	0	0	0	0	0
ENSSSCG00000013940	-0.0203425714197436	-2.64886635060559	-2.99821035463026	-2.04424590989819	-1.38193523387824	-1.21108956645882	-0.947824839219051	1.47588329966006	0.412282905569027	0.402580277876074	3.71440281942269	3.61016046412553	-0.110810621411349	0.558616890613955	0.232744189292065	1.00717790848792	1.3390432041019	0.781977751667018
ENSSSCG00000013976	0	0	0	10.0320823748989	10.1038148436274	0	-0.148249388764465	7.33774248162977	5.52003528827825	4.9013028420059	4.11852390199597	-1.38258742525463	0	8.20855441436725	7.51566118554136	0	7.87628986586856	0
ENSSSCG00000014008	0	0	0	0	0	0	0	0	3.42365458781334	3.21802297560699	0	2.6139441605686	-2.66769932643984	-5.52941529747609	-5.44375065301748	-9.42728589869275	-5.55415503964672	-1.03825423420322
ENSSSCG00000014012	0.733040183593527	0.794359891151451	0.928247767033438	1.50889499805084	1.71014270058991	0.506285647656327	-0.516446311871137	1.68042903197489	1.2094751786211	0.658692169255939	-0.130199509737604	-3.98343347432053	-1.02743582710608	0.577062183856369	0.74059904300496	-1.11502048846673	0.595953970435451	-0.451184892239085
ENSSSCG00000014027	-1.57478236592404	-2.60340611098072	-2.44576259722536	0	0	0	-2.77305602049275	-3.02348662489344	-2.05450221817041	-5.00806710988778	-2.62165421491168	-0.0146870296765667	0	0	0	0.885494874421902	0	0
ENSSSCG00000014047	-0.0909370006711029	0.520423682324744	0.171068159393579	1.96535131069271	-0.0949868032880711	1.24318302824208	-2.62438552298457	-3.60157027973229	-3.8872566401681	-5.18153671501229	-1.72636470931304	-2.58922431437083	2.65024588728512	2.05893145643033	1.57704157975002	-1.29913362500896	0.195882962979688	0.677843142087587
ENSSSCG00000014048	-0.339742375408665	0.33306868740185	0.634008611973959	0.186318043452811	0.463767463878431	-0.507807136046169	-0.422869839706083	-0.89841874595499	-0.26165487097955	0.576992164090838	3.29730103138631	3.70581197057344	0.098505174248624	-0.423887316017374	-0.326974256330157	0.2024696939867	-0.199794505056915	-1.03046632958286
ENSSSCG00000014052	-0.59038198033435	-3.28999638603924	-3.13205916868846	-1.57337277858869	-2.2652238540433	-2.85771188602934	-3.52161700976722	-3.32484497397298	-2.44252140826635	-3.76973679841085	-3.08145360978538	-1.27377026787949	1.01258466103368	-0.541937082016494	0.162017087274986	-0.190188742985753	-0.56721740214088	-1.98943460934478
ENSSSCG00000014054	-1.02275387368314	-1.88165536073639	-3.05496376990817	0.0163049857596326	-0.451309141133543	0.434240195142036	0.541101249066415	0.788054009150776	1.03596244213755	1.11679607440189	3.96722080604098	1.32335344311101	0.82866143850302	0.712750534492855	1.71945593730344	1.07731375016991	0.361180775223079	1.06642494098295
ENSSSCG00000014067	0	0	0	0	0	0	0	0	0	0	0	0	-2.79573655093018	-7.4589765171178	-2.8421790769532	-1.23872526474866	-1.12539618710352	-1.33134011212618
ENSSSCG00000014072	1.78402254692768	2.59457745256894	3.32878337894299	2.14766482763882	1.75430273613369	2.52150889247223	0.891869372781442	0.9662992490635	1.29070828155264	0.208718603661576	2.39465812374464	0.417616725878604	0.477365938434764	1.0721877484374	1.3385480120111	-0.181661874212447	1.39058517575103	0.588365096029904
ENSSSCG00000014082	0.114844798027506	0.516271334718238	0.809235720530849	-0.69698270557606	0.708917241217914	0.353457737250917	1.93595147038446	3.38790867168416	2.64774170931984	2.20862227113497	0.515349472592501	0.559899422556126	0.658099263145638	0.654555993652636	0.214546420737434	0.399879721186715	0.0948093503714606	0.153114594765183
ENSSSCG00000014083	0.898963256482902	1.10559559986567	1.35007570943461	0.213962900771508	-0.443431200819389	0.143844361708052	4.22295014576284	3.90312857692348	3.62355996408829	4.80581354750401	2.76033471010109	3.7635129420284	0.566203413256189	-1.30995904514095	-0.766661403876895	-1.49946354822227	-2.36456671294264	-1.08639334440808
ENSSSCG00000014091	-0.633040683709862	0.892083843254556	-0.329803906823362	0.409347151913462	0.623995590846091	-0.36196950175806	-7.31698514837327	-6.2367609156139	-5.93117706614159	-4.75604808234169	-1.50585167977447	-3.7715047259112	0.693997185331154	1.39846369743095	1.82561403182472	1.77334143595255	-0.415551741738482	0.119733334141937
ENSSSCG00000014092	0	0	0	0	0	0	-8.0093317930996	-2.30039787715749	-1.5890817184275	-3.05427311315021	-0.587444188214174	-0.90983398650195	-0.774100453809996	-0.047570663044045	-1.00044715652601	-0.848328932423199	-1.43219484947254	1.69323646329551
ENSSSCG00000014093	0	-0.293613924691575	0	0.212974185531446	0.227732712432714	0	-4.23071531542189	-1.50419437704501	0.700234684747925	0.130177724082544	0.200872097610128	0.69089548668942	2.19384714105897	3.09238231495651	2.37870392892872	2.52735786263845	1.46931855917644	2.2074728105712
ENSSSCG00000014108	3.1099018613964	1.63268481406896	1.40188320636627	3.48684616407458	1.26628461929628	0.379694515084321	0	0	0	0	0	0	-2.87869953961874	-7.94205866370036	-2.6127235579434	-2.8662893308896	-7.95589681595621	-1.01648890328257
ENSSSCG00000014110	2.92515118638536	0	3.273732775863	3.52209456316125	4.36455436175889	0	0	0	0	0	0	0	0	0	0	0	0	0
ENSSSCG00000014117	-0.0400261417777995	-1.40763819020615	0	-1.22018137449868	0.535168712747928	0	-2.35566092588988	-1.35202526134129	0.108312858669599	-3.69773652402518	-0.0252966347319621	1.43477322479687	-2.27526673898199	-5.01027818889414	-2.55572680070384	-5.98966672718088	-0.558231950973533	-2.43277191881299
ENSSSCG00000014124	-0.256863481390034	3.13395055403691	4.14861960902128	2.37725122498793	1.40376975220826	0.343219071714768	-0.23951425791717	0	0.0700283450817478	0.718628711780088	0.515303206577741	-0.0740748272067245	0.150079110258232	0	-0.156821725799221	0	-0.993274033910316	0.113115267545904
ENSSSCG00000014128	-0.0546426916640312	0.094019637058582	0.256253966369846	0.796488945066252	4.30136728406775	1.45215618935143	-2.59974111127431	-1.29562724933828	-1.97728419223422	0.500785906048991	-1.36987590319514	-1.54814931974214	2.452162432993	-0.1046373741294	-0.554572155722843	-0.561417674479659	1.03647715053013	-0.707187983622721
ENSSSCG00000014137	-0.116113875272441	0.693184365824159	0.980357387452524	-0.47242801530093	0.795401982185508	1.75948287952587	-1.70755003716277	2.39957976335794	1.68989610953794	-0.688456413756794	-4.02452269616	-1.60967673798531	0.757086536850953	-0.218062613083251	-0.887392229963655	-1.63610299527821	-2.08951228318039	-1.08794843390237
ENSSSCG00000014169	0	0	0	0	0	0	7.41928429960639	9.34285648812255	9.51321152343108	14.6230787983212	13.5946350945434	0	0	0	0	7.65913029494878	9.21242070101257	0
ENSSSCG00000014186	0	0	0	0	0	0	0	8.61993916865418	8.82109053098808	10.1595303124766	0	0	0	0	0	0	0	0
ENSSSCG00000014198	0	0	0	0	0	0	-7.75135445987335	-7.74433050730719	-8.93559888737861	-12.376774747499	-3.90117879168238	-6.61628447448745	-1.54027409742394	0.871663150782416	-0.156997750197077	0.437815620789086	0.173197013819667	-1.14081086031812
ENSSSCG00000014232	-1.50747823880364	-3.34284825416663	-1.72932214028396	-2.56085047078155	-1.29211059963677	-1.13814886059387	-0.604538115491199	-0.932880908511753	-1.01955513538273	-0.609671846941638	0.32735412840105	-0.550532698596605	-2.4442309303596	-1.83946823122377	-2.59193728866692	-2.38869698543138	-0.693328059387687	-0.822400645153785
ENSSSCG00000014255	-0.841048186979909	-0.598788747866715	0.0732963171578691	0.983576458361012	3.85867688917371	1.59696970796453	0.149096166894508	0.683358103593243	0.323429163572909	0.258248106696732	2.54207283741667	-0.595980074844999	0.148375319236073	-0.616968384990536	-1.07117751995358	-1.06033833134777	-0.479977131549672	0.0654270624447537
ENSSSCG00000014256	-0.199731457251138	1.18185293334145	1.48864751312376	-0.0731256140501632	-1.52097559263593	-0.298881563701537	-0.129485695524067	-2.99938167302208	-3.97289067515486	-4.8533783929033	-5.53546203653649	-4.19023444686813	1.80796103758136	-1.1554420929133	-1.16412315563712	-1.79874552335827	-0.403004977409152	0.113837072791134
ENSSSCG00000014257	1.61189833732645	6.90120935462125	7.29176326317149	1.50523492576828	0.0677066687431967	-0.102830603895745	-2.29727093735569	-1.70984386628928	-1.25390875289964	-0.57372861034619	-0.711446498157901	1.92859511416173	-0.110259294037666	-0.874660380631697	1.58037413888652	0.613291003974342	0.501602001939142	-0.503124615171793
ENSSSCG00000014258	0.842887341601357	2.84443847640352	3.37812723689665	0.829856870480973	-0.202002818189304	0.0646521217735606	0.90606687417251	2.01414509530041	1.56431558723248	2.04103223396905	0.175387619586523	-0.0710380159557442	0.387074147805883	0.0367967490814109	0.22092377672761	-0.0152549444014125	-0.419130523664226	0.0552324530559518
ENSSSCG00000014259	-1.18755572438815	-0.647815895302529	1.28642126106266	-2.11502489525736	-1.97216184880816	-0.998636287529225	-1.25414541162269	-3.51755020315778	-1.60119802546344	2.51248355746445	-2.01533562997908	-1.65773850951279	-0.730214025825713	-3.38659456538999	-2.89844775250732	-3.76554285578923	-1.87442797518599	-0.586236815863432
ENSSSCG00000014271	0	0	0	0	0	0	4.52408626549849	0	0	0	4.18624052068983	5.37787262996449	7.04388814402492	0	0	0	7.73490590336954	0
ENSSSCG00000014275	-0.811134433551869	3.30912227208998	3.19331850061247	-0.611245144694005	1.49858224767165	0.253624055711297	1.65676873977087	3.11929478582479	3.32299301554108	3.75694141523693	0.517294323933468	0.88655319639011	1.12379556623026	0.0158779332836096	0.405149075989592	0.114977075742941	0.753330735223623	-0.142590464871145
ENSSSCG00000014286	-1.27676327522244	2.88842827237629	3.46144989863207	3.94182369372939	2.17195776403392	0.723635667775096	-1.98153905616434	-1.17604030542207	-0.680501472532495	-1.05988331327663	-1.7309687837272	-0.781825561790098	-0.0522607350309803	1.34978377651397	1.34228759524335	-0.202086158702883	0.499342854849066	0.361073994991918
ENSSSCG00000014293	1.20021801525235	1.70496613080704	3.49409751328504	4.66316968238634	3.52289144876186	2.48254402052051	4.31327952953356	4.42202071454932	5.41063259544216	5.0839299173175	1.96458853167873	1.13353058021928	1.16880271232176	1.90641631258402	2.48556953199539	1.31389611058663	1.8949496130335	2.27758543341603
ENSSSCG00000014310	-0.397431469721338	-2.01575836476608	-2.27072029737492	-2.60266989046176	-1.35905798416934	0.303072971086441	-0.960446214000976	-0.779914202790935	-1.88800119174	-0.252742321931242	3.75607251042859	5.22411046456873	-6.03645083286391	-4.66462130392334	-4.75906237744475	-3.9663634003621	-2.83534968917693	-3.99406546862667
ENSSSCG00000014311	-0.206487534348127	0.38474827311424	-2.17245115811918	-7.29772529838897	-7.3554302688698	-0.245902340936346	-0.58723192934319	-7.0115809587122	-6.87719971235094	-1.65778549560365	0.407090204237908	2.98855933724814	-7.15431981171201	-3.24952233663005	-7.1790263330257	-2.1503994861059	-2.3211168323557	-0.93100545574144
ENSSSCG00000014326	2.17501814893842	0.0433853916978472	-1.8908466063397	-0.904845643605066	-2.42718753369252	-0.115958694912376	1.23791805949322	0.651800509489706	1.09801133621811	-0.462411058795098	0.377418971785999	-0.0401458780671597	-3.38609835728411	-1.50816726105831	-2.48495384734042	-4.36200654267931	-1.88274274976026	2.49313155558068
ENSSSCG00000014347	-0.0574072664533507	2.85565597934707	3.20836168731832	4.84352094835467	1.27446979311605	-0.332557662031423	0.946654848571698	0.154819496427412	0.624368852272406	0.767249235004505	-0.731220648059196	-0.464504870319361	1.18766512343268	0.276118617412728	-0.105507020973547	0.882242847059288	1.0338012905889	0.0643255144012568
ENSSSCG00000014362	0.231420548670073	-0.367354493062641	-0.761350653222081	-0.194623277966665	-0.939774515312514	0.591764490068488	0.0736251958063239	1.2029294753431	2.49486956016643	1.845249816521	3.47297337738995	0.687035046659938	-0.373921370312148	-0.33988936124592	-0.219985580761129	-0.744160497944668	1.54826749709996	0.554831454827538
ENSSSCG00000014377	-0.996340045148865	-2.84470834178026	-0.90650063361903	-1.35918364173686	-1.00036952141055	-1.53941572392686	-3.21306621686915	-2.24663020776378	-7.24637659772206	-3.91785222695293	-3.27859130480231	-0.362073317424703	-0.941336107272529	0.122955583944666	-0.0898002692967023	-8.41194344209638	-0.419337127987491	-2.36240354562254
ENSSSCG00000014408	0	0	0	0	7.37784905079687	0	3.41049976779774	0	0	0	0	0	1.86382346781306	0.739743440969195	2.19334224159706	2.55085282558573	0	0
ENSSSCG00000014418	-2.53512450154936	-1.80278961467327	-2.85819083187296	-0.97710630856333	0.640860044005538	-0.0117491474499665	-1.56826356944467	-1.75083916506836	-0.679333991418267	-1.33979302842124	1.36818197061777	-1.49591322982632	-1.65028298598457	-3.13206269245493	-3.8530791854993	-3.07500064776107	1.26176267792828	-1.16851662097136
ENSSSCG00000014420	1.03295515923658	0.710297176174355	1.14386706787447	-0.78049992536541	-1.48270780971548	-0.809903078843445	1.67735447370851	0.900401643899758	1.233802186433	2.27334383402359	-3.61967009818899	-1.2692451395623	2.02031813531376	0.407731406698659	-0.615461321053479	-2.12515078895373	0.588256863986533	1.09960258068754
ENSSSCG00000014422	0	1.37092717148612	0	0	0	0	-1.23988864764861	-1.16079775062896	-0.689740536489537	-0.38953694340987	-0.20291491011383	-3.17667552458396	0.57365583437332	1.66419536634793	-0.00673261529260616	-7.22971862088727	-3.35612049612779	-3.11472914672787
ENSSSCG00000014426	-7.13255819768583	-2.11176133934276	-0.972200572008207	0.214147006317708	2.16293747089549	1.04398395499092	0	0	0	0	6.86689257306078	3.02006054078032	-5.09991141877691	-4.09025393280233	-4.57717584454846	-4.51765073990513	-5.25874638684846	-1.84346988814934
ENSSSCG00000014428	-0.951770238695244	-1.29188132740075	-3.48806580877656	-2.11316534646584	2.19051094485077	-0.52332145506252	-0.747550030244475	-1.40077949389287	-0.325736088890451	-0.677351977316792	-0.0205576616339278	1.13760280511733	-0.882741354845353	-0.826720309764833	0.0110906268383754	0.222278066347847	0.350440769617908	0.598920744156495
ENSSSCG00000014438	2.05061936517147	0	0	0	0	0	7.34572725230563	7.49305355393176	7.91316215448849	7.92215384103148	0	0	0	0	0	1.33477321506522	0	1.75319609208273
ENSSSCG00000014443	1.30440171282381	0.0241177188538375	-0.355360848456623	0.0860278659716512	0.133118070126728	0.226375123126871	-2.79114919344947	-3.35975450995681	-1.95485980257682	-4.67361067631258	-1.94979181927785	-0.936926972844228	0.730783746820954	-1.32919086850351	-1.51521352696061	-2.18213999383171	-0.216571284056054	-0.299053260399973
ENSSSCG00000014570	-1.3881373498937	-0.0412672234987938	0.501675351968905	0.182697738771319	2.55186095997611	0.778523501980311	1.84183262381794	2.9439434889443	2.74826764010725	2.61711843297715	3.11098775057754	0.718447685576541	-1.16575214603326	-0.192410203254812	-0.0262995540965701	-0.169488439314985	-0.127387691177875	-0.914601379596927
ENSSSCG00000014599	1.09529202670128	0.315354494625863	0.632052087888571	2.36618698990518	3.4094789119738	0.188347089167808	-2.22407664160878	-2.04758563725547	-2.21002045950983	-4.96038563797202	-2.70486364135584	-0.0410674607910105	-0.997665505741608	0.408464711850396	-1.04487895558349	-0.274089561103787	1.7640181138996	-0.91006292449968
ENSSSCG00000014626	-0.2052403962858	-0.435716260135551	-1.31387438224977	-2.72043073842785	-2.21406092308581	-1.71080558914975	-1.82330662184708	-2.54938444317246	-3.08587099920613	-3.6758312365078	-1.84371993083041	-1.93321022205821	0.379331114968034	0.612365296230708	-0.248438617143282	0.0822822420694215	-0.54527809168501	-0.700629531729126
ENSSSCG00000014725	3.25681495114599	-0.0688130085759439	1.92291990767885	3.80122374951931	0.122534245344026	2.70491525568555	5.71632099939131	-0.243993650500111	1.88727921312044	1.64709901147391	1.01562230065442	0.499648036310079	2.71727847611238	1.78003300028151	2.19592421630196	3.24866863963415	0.475355934965612	0.42235685488891
ENSSSCG00000014727	3.76893646522587	0	3.12898044193711	4.85720513182039	0	3.16909477474841	7.31908459754784	0	3.09629663702718	4.01059693195818	0	0	0	0	0	3.74855699898017	0	0
ENSSSCG00000014813	0.0144353392259471	-0.335716831400079	0.0173736850322058	0.898704484512305	1.16522844656187	1.04398395499092	1.03896110574402	0.589504720913484	1.58971161601164	0.399268014583967	-0.0203733997630829	0.0402284677153263	2.01706757453572	1.63013814814357	2.10276968767373	3.94131865082256	2.62855165270716	0.484264499057692
ENSSSCG00000014823	0.69776077860096	-0.972667330245478	-2.14867208612955	-1.49793358076956	0.118218380121073	-0.516751444320411	1.67438522445641	3.40358070350268	2.81429786156736	3.65938992630864	1.84441502675533	2.22097486578048	-0.841328928823097	1.35670719234036	0.516728933003107	-0.0280537910352536	1.28332799670836	-0.753853543139175
ENSSSCG00000014827	-0.62829329369825	-2.32480285930377	-1.5289499490482	-4.39567357392674	-4.7778609583614	-3.91190870690101	-0.86846723497889	-4.46687660125056	-2.86576996525426	-4.64927530059695	-1.40863370891341	-2.50541885964514	0.511867313411886	-1.11481611587513	0.0144336221755817	-0.50210698516163	-2.56085524432439	-1.60152790530808
ENSSSCG00000014833	0.0797055633150707	-1.0355923868026	-1.38966490825345	-0.933892356442964	-1.60623428230663	-0.687833956041721	2.83076574104122	4.63874665649216	5.79034309563844	1.61913587200705	2.65963761517664	3.45593007480816	0.0648585578895283	0.50220517080697	0.847605251476031	-1.03078727991376	-0.111051168839101	-0.557750613936512
ENSSSCG00000014843	-2.0800940866965	-2.52913776280662	-1.60442884644413	-2.07675369971239	-1.69868793635172	-0.385331070694602	-4.0512039737021	-5.71058497062371	-4.82640012317825	-4.64723468079481	-2.31528847019897	-4.71130680970434	2.38581011930715	-7.36645676035747	-5.3025137956565	-6.4947618744418	-3.29305288788803	-0.542600123888341
ENSSSCG00000014861	-1.9477966593245	0.436980214822001	-7.31076140149842	-0.366658417253761	-0.832998163382642	-1.88786620606527	4.71208981090387	5.02715060244305	4.319106324369	4.64574690278331	3.92876193740311	1.66508528835144	0.372213462773931	0.853574260583993	0.603843442091671	-3.33886562330206	1.60946179234591	-1.99605219520878
ENSSSCG00000014871	-0.467169911496744	-0.993357152356281	-1.10094436985505	-0.00222101250990085	-1.38798077199099	0.221734121611489	2.77420690916692	2.5810605265229	3.5866194168697	3.04258600989447	0.783244961276322	0.493690867729345	-0.445239537197502	0.34749230015185	1.12948679291412	-0.252344652501363	0.399308514637354	0.121780623547739
ENSSSCG00000014876	-1.30657464056858	-2.34494104846357	-3.498320149863	-4.0505832815101	-3.95227225771435	-0.672174518177648	0.133703749908834	0.374457076637674	0.915815494850745	-0.109325433502718	0.765202726783628	0.108611021490959	-2.74826022154322	-3.4773658715686	-3.6109324680824	-5.92448895634611	-3.86844936816208	-1.24907651561858
ENSSSCG00000014877	0	0	0	0	0	0	0	0	0	0	0	0	1.53263211807596	-3.89686309481961	-0.92281722704967	-1.37599504274755	-1.27031972287746	-3.09718638561919
ENSSSCG00000014912	0	8.47564277375737	7.10725635526659	0	0	0	0	0	0	0	0	0	2.0369893188884	0.482093904888746	0	0.763969370483434	0	1.69347388302752
ENSSSCG00000014929	0.809995414888341	-3.93460739750178	-3.46030331849291	-2.76668217944202	-4.26796405099674	-0.578150164325234	0	0	0	0	0	0	-3.17468408679194	-3.52994155476987	-2.57481302810598	-4.93684557521838	-3.67935029339511	-2.43952751168588
ENSSSCG00000014935	0.767403547620356	0	1.24674711060791	0.473256358259116	0.0917977110747226	0	-3.30029009521336	-3.7012918524459	-1.83004449897307	-4.05242477346329	-1.25475254746616	-0.208843313596782	2.69460106710337	-1.01237642899188	-0.40057843889612	-2.52007251942048	-0.479514324124217	-0.763684097461884
ENSSSCG00000014959	3.45498506634544	2.59907926877792	4.37692529417615	2.60177068100667	3.7137944966609	3.38049454272179	3.27391192935102	2.25471115937545	3.77958434514207	1.50782257185759	1.1552733056412	4.51113765202326	2.52325434259372	1.8203523114191	2.71044363674298	1.31831883857303	0.879359712702221	1.6406818768365
ENSSSCG00000014975	0	0	0	0	0	0	-2.0888795615046	-3.59842615544149	-4.28429762349158	-2.79401337465721	-3.35322091478197	-2.90339126325408	1.16435834224423	-1.12641605588331	0.481319731002358	0.444225407095827	-2.33661107759705	0.900265184426353
ENSSSCG00000014977	-0.207312906898312	-1.34494733627537	-2.16429177545486	-2.13609233915852	-2.11404635280799	-1.32059565589588	-3.48614541036396	-3.04386026702547	-4.21622780404642	-4.60561789137456	-6.11220659865587	-5.68004243604608	-3.27556011759285	-3.27849251375251	-3.39733912237943	-3.06551562493894	-1.35621467254071	0.267356836057324
ENSSSCG00000014979	-0.63528787471031	-0.599574929471633	-1.13527257455254	-3.45489493515616	-0.785464832286833	-0.842819599224183	0.438916992172647	-0.11272042458956	-1.37308308412052	0.382107426065722	-1.17801959557437	-0.813493986898477	-0.099889151154386	-0.250325126921267	-1.02732953095093	-0.320710888771703	-0.921094306741423	-0.0576225140995793
ENSSSCG00000014982	-0.52617929809382	-6.1369297393387	-10.0222439854328	-8.43679191941395	-2.51420556995685	2.80177437657977	0	0	0	0	0	7.43087910344397	2.33092632903602	6.96022437390473	6.50505262887835	3.8812328083326	5.82643717912273	3.71133924922211
ENSSSCG00000014983	0	0	0	0	0	0	0	0	0	0	10.5542275374518	0	0	0	0	0	0	0
ENSSSCG00000014985	0	0	0	-0.772878558276286	0	4.85265160707843	-6.03326302441675	-4.31827784626169	-8.46620963480814	-5.61226380206994	2.77943249574242	-0.782451822523792	0	0	0	0	3.62370464326058	0
ENSSSCG00000014987	-2.63899921549722	0	-1.59202497139446	0	-1.68465957621424	2.26960562458353	0	0	0	0	5.09924063769726	0	-4.71075447928368	-2.97270743092231	-0.779047631373767	-5.09838467150858	-1.74267599751078	-0.207188077796547
ENSSSCG00000014988	-2.44459372821786	-3.91145343703947	-6.48640237863599	-10.6519936187234	-0.933238217797749	0.130675341579329	-1.64745979746075	-1.85881021073531	-7.42966052322631	-3.17302202899915	8.19616870993509	7.37005713618092	-0.590393969224795	0.335436303056457	-2.88613632424373	-0.895230964045299	0.722826065390225	-0.0228359263723401
ENSSSCG00000015020	-1.45660808339098	-1.25507869063209	-2.43481160584187	-4.51406134197776	-1.12551400553425	-0.385892471766442	-3.21306621686915	-1.45698696193128	-2.90983281586386	-7.2810912535716	-3.27859130480231	-1.20192857772482	0.387408598090367	1.05734625060873	0.792126524860765	0.736834537765342	-0.345590759110001	-0.297707967432342
ENSSSCG00000015035	-1.41154713125405	-0.330463637813185	0.626831051680392	0.603204821848013	1.13027525781707	0.408220267057351	0	0	0	1.60301057682219	2.40182792301485	4.28995519862093	0.223067786293379	0.57252672788992	0.219626996056313	0.862909880784313	-0.525304051763175	-0.268457936199882
ENSSSCG00000015039	-1.95392282494773	-3.08981374780993	-3.75294173706458	-3.31210729276251	-0.980950009383869	-0.85516486031697	-0.978199812161955	-1.3852971281546	-1.40759143114129	-1.6304328335661	-1.28457633118858	0.964634198118297	-1.45993476584022	-0.932672938257514	-2.34900000530127	-2.53770878663099	-0.76968282145192	-0.888655075818906
ENSSSCG00000015045	-0.0896310574957669	-0.950012865286597	-0.546251102164679	0.757825410898528	0.189565534566036	0.098877682191619	-1.50924748071356	-0.697902484065267	-1.58082021003318	-2.31369972008558	0.882469591926722	0.234363146220692	-0.841089195282687	-0.99091216086171	-1.5819162086355	-3.40497999403888	-0.36658063651318	-1.0946332476957
ENSSSCG00000015048	-0.477652428521652	-1.06888010048969	-3.64278073439117	-0.595165778796211	-2.20659026556598	-1.28476987087778	0.846480903571395	-1.13067680922744	0.24975967993718	-0.741684350304144	0.535002912338495	-0.00442992658869502	-0.981527474597524	-1.43380810516869	-1.18184708485211	-1.27277231356324	0.775350400860173	-1.31072739707554
ENSSSCG00000015049	-4.07044315820495	-5.23031500290785	-6.20770380121465	-5.90160452142635	-7.76511253987573	-7.2943576527777	0.258151320159171	-1.79044059224952	-3.38426322317424	-6.82513384370811	-1.55042548590862	-1.06284014506721	0.674113655252763	-0.233276123398906	0.290932048583936	0.718474959363678	-0.314610773560991	-1.7887948751044
ENSSSCG00000015056	-0.691330359984426	-1.72632307604057	-1.82567994072321	-2.05943532372732	-1.11219777890706	0.109106359080737	-0.0419112224903894	-0.632492126610633	-1.004800756225	-0.289126506782811	-0.560841097504706	-1.13816113716307	-3.20571008977174	-3.14758280821338	-3.29457603568775	-4.18040047170543	-2.59865468176147	-0.276968174861646
ENSSSCG00000015073	-0.0350861580968384	-1.32507693267861	-1.85682538535337	-0.517657519091975	0.578756383725267	-0.075013801079594	-1.95151089590265	-2.22423832695203	-2.45694607955873	-3.3893405214194	-0.48735886709412	-0.837040639679902	0.187978575936187	-1.47913808299101	-2.44693431068431	-2.15385109266423	0.832285897968309	-0.583128515198639
ENSSSCG00000015074	-0.512037799143516	-0.278407521119997	0.0465951036595282	0.459473561713888	0.81021198594803	0.0215916613020024	0.695417320826526	3.2122819107077	3.31149739894569	0.770551466013264	-0.0929722857619717	0.278951056656114	0.225534858038948	0.0763034394100372	0.433464854057078	0.280445094229351	-0.0744514928605414	-0.232294243476624
ENSSSCG00000015082	-0.866717351354721	-1.22491309921305	-2.75439705718565	-1.34298430135102	-0.865702981414811	-1.27383460276695	-3.50692213609932	-7.67485857573284	-0.679333991418267	-7.57482838760688	-3.57248238007957	-1.1216232646297	0.575523852202184	0.567607551582776	1.11351261461697	0.862245730578786	0.41421877125622	-0.245361518110422
ENSSSCG00000015086	0.766469332923061	-0.58324310053017	0.80725431424152	2.34722461438126	1.13765703341643	0.444755925084074	0	0	0	0	0	0	1.46271324561154	1.87846148548052	2.79018873803077	3.10330725750211	3.92946486615013	0.894715540616172
ENSSSCG00000015101	0	0	0	0	0	0	-3.97106262162831	-4.53517758213141	-9.53424646396239	-5.27776166279101	-3.31247859367191	-1.0466396492819	0	0	0	0	0	0
ENSSSCG00000015113	-0.140743850499902	0.115048759019366	-1.00996869670277	0.215048075592671	-1.25506945161647	-0.45528566221105	-2.1390222325382	-1.39042093147622	-1.13881082756103	-1.35017493230082	-1.63073842517485	-3.5394252257919	0.609407922836972	-0.148922260782256	0.0742691646730016	-0.345713982068864	0.432942998306993	-0.497086174418487
ENSSSCG00000015125	-0.722853498944578	0.240895092004378	-0.806668048190104	-1.21401340422741	-3.61754831915489	-1.10266232839026	-0.445653318246857	0.987570344771818	0.439193313418974	-2.2482208418894	0.128581883011518	-0.971917692942844	-2.95128408472208	-2.11701765210606	-2.35278946260989	-3.75845069740558	-1.06316083823886	-1.0413424930872
ENSSSCG00000015126	-1.38117072322411	-6.14930971537995	-5.07284495564504	1.99293213467608	-0.996688358171218	2.37873205402703	-0.507877262627279	-0.274909574296882	-0.46312552382437	-0.578533755084325	-0.843276233520965	-3.29596531270886	0.467119460692009	0.533483135948243	0.868703448088936	0.853078793427251	0.522350331962218	-0.323297257432312
ENSSSCG00000015144	0.439768859681613	0.34744384325975	1.08323823760885	-0.101870387070537	0.682420263086154	-0.684242725727152	4.63902250778313	4.28610115626497	4.95174278305936	3.72936338016298	0.671047730666063	-0.399500582633739	1.14248481974143	2.97879290449276	3.34807137285722	1.51521984256238	1.6106535751467	0.307612133709697
ENSSSCG00000015202	-0.0483428333526903	-0.806202659193084	-1.82576283195343	-4.89572680987808	-0.314897945380003	-0.43405923427473	-1.44891879867638	-1.44180953616725	-1.28854791765063	-0.739002161692667	-1.8337158279912	-0.703548680329105	-2.26438572455204	-1.71799102582257	-1.76374220533036	-2.15269731594823	-0.509892737344153	-0.545223191570192
ENSSSCG00000015212	1.46200169410101	2.74784404805603	3.94119028477068	1.44290817147393	-0.666150005522593	0.805116722250714	-0.774493379685398	-0.0252617700436581	-0.134008703125814	-1.01491504853348	-1.01985995347919	-0.804448804679062	-0.262036537591534	-1.29111564823161	-1.29832663478585	-2.61661221107675	-0.336446861878233	-1.73665261155728
ENSSSCG00000015217	0	0	0	0	0	0	-7.62403047069185	-3.44580539359883	-3.14937838605043	-7.5206716128604	-2.5598700701615	-1.18172785864595	0	0	0	0	0	0
ENSSSCG00000015236	-4.14497178590935	-3.65889129204158	-4.0573470904744	-8.22297392368838	-1.75841806741075	2.06356920541795	0	0	0	0	0	0	0	0	0	0	0	0
ENSSSCG00000015246	0.417902709533384	-0.748686106001184	-0.433699586117508	0.635665061441147	0.934398599268769	0.427824803525015	-2.2440501010584	-1.72413356432432	-0.53284201376069	-2.49711574497159	1.78212445917939	4.15004371099018	-0.415682335010615	-0.256696044852943	0.155210865378477	0.203110613769908	-0.372647686481001	0.051697960604255
ENSSSCG00000015253	-3.49468715294894	-1.99198190739013	-3.40476511740177	-2.79635318850353	-6.01342664842785	-0.72224696123563	1.12029860702244	2.68539117300903	2.46808861457285	3.64504215226983	3.15252871408572	-1.64726850583531	-4.07988610133969	-4.56662691436258	-4.47864063753715	-1.75183022738051	-2.23160108634691	-2.04560538409203
ENSSSCG00000015255	1.881387051449	1.33404077689391	1.51429454192574	-1.23582025309135	-0.777490398834789	-0.0180967107783715	-3.95524554926078	-3.27255178834665	-2.86290517067294	-3.84484717871922	-0.453815261295417	-3.45660767612271	1.13790682217205	0.940958535515884	0.659760020562816	1.3267691166643	0.143935030519058	0.483242924479219
ENSSSCG00000015267	0.876436155446891	-0.739896659284226	-2.4048714435966	-2.09879129288323	-0.642790980024775	-0.208344430696031	-1.22630209386549	-0.233124363674559	-1.49011296822855	-2.53375356411324	-0.56749539000568	1.77538391086095	3.17313204132895	2.9774213236014	4.17855046413944	1.32200354138286	0.995560089088252	0.799107317102313
ENSSSCG00000015268	1.26822151631736	0.866136288807737	0.19123251756643	-1.32962164930799	-0.20841672993826	-0.761459064203934	3.09224136457398	7.19549174470971	7.0859678126928	5.16650817028623	-0.112885794832035	1.15116932482947	0.920412197118064	1.92915024872301	2.20576973986224	1.07460615233466	0.377090047822032	-0.968863496114749
ENSSSCG00000015271	-0.593579959888693	0.14269698448086	1.03614235092319	0.748417973897346	-0.665217073731251	0.021833957692406	-1.1441238953907	-1.68770676257093	-1.3790030517298	-4.19107324269896	-1.63240145389895	-0.260316239619895	-0.126362762288921	-1.13356038861704	-1.15859735040575	0.0112539450920106	2.32765573214675	-0.647338045823527
ENSSSCG00000015272	-0.897961212901754	4.69117668761221	5.75045492308685	6.06765904030665	1.74707794598195	-2.08531628984801	0	0	0	0	0	0	-1.23799849878928	-0.892724190502646	-2.57914194644993	-1.54281530410557	-0.558574706007942	-7.47910636556674
ENSSSCG00000015285	2.06198944564608	0	2.4705347534583	4.00379469815488	1.86691136643088	0	0.171118174531785	0	-0.726621169247131	-0.589181391327291	-1.10206789068082	-1.84916663157524	2.22628808802839	-0.961386241606492	-0.440398556826088	0.518419158311821	1.02562122959458	-0.12935555698072
ENSSSCG00000015296	0	0	7.35353078962065	0	0	0	0	0	0	0	0	0	0	0	0	0	0	0
ENSSSCG00000015299	0.515186015287788	3.47937906030551	3.75825777262445	1.16704269444156	-0.348449350334203	1.05789729347342	0.436914876750429	3.53394110677779	4.57480353815869	4.23074828431299	0.79763602931418	-0.61310819272551	0.265988095157472	0.438013642007624	0.204665034649391	0.761855537056707	1.37103089966424	0.197473125402885
ENSSSCG00000015301	-1.21002706318627	-3.70805400759275	-3.32533219089669	-1.98244538011352	-0.367272150701154	-0.53866227117256	-2.45307860380438	0.336323451736255	0.399919508810605	0.878243597569828	1.01845713733332	-0.901326728350588	-0.95471442112865	-2.39732086027079	-1.41391268153917	-0.180431587172818	0.337904513435105	-1.01793710195315
ENSSSCG00000015320	-0.724227716676036	-2.3038221312937	-5.27196431165627	-6.223562275745	-4.91214544516888	-3.02476209802996	-7.73042320229519	-2.9941081887548	-7.59226240084656	-7.62702553203128	-2.6662742882113	0.438084880157814	-3.07057366796422	1.99698551847333	0.162580623670413	-1.62775976608759	-1.67636566979661	-0.0229501670232387
ENSSSCG00000015322	0.0735832462102831	-1.28707859790826	-0.895038038954727	-0.766119870564722	0.00367721160690451	-0.217987789387239	-3.12604407979994	-0.311084881681755	-1.4268880746068	-1.60443169701223	-2.94073316828085	-3.8744796257885	-1.18705191497158	-0.731853468071486	-1.37633362274718	-1.11121824423733	0.889506130366066	0.0275305073448316
ENSSSCG00000015333	0	2.32208617734841	0	0	0	0	0	2.59979760689914	0	0	3.45540263445968	2.53313166339173	-7.96935221901684	-0.901269021667225	-7.99413348277939	-3.92093972127515	-2.16045152790668	-0.28477234841688
ENSSSCG00000015334	-0.154029578779012	-0.632297070795944	-1.37347986356128	-0.351349763788422	0.420455618017282	-0.622053020804282	-6.24467680515452	-5.06290638944099	-5.86979132105738	-5.62085371559801	-3.07317219554896	-3.83365050750173	1.23117112120347	1.12871301508276	1.04997516050173	0.867563863332965	-0.402260121993062	-0.606058721232924
ENSSSCG00000015335	0.748305861830296	1.87316361070054	1.30731390051247	-0.147176903691332	-1.05921112147856	-0.380181590820054	1.98960713108296	1.98269926874757	1.64119081749287	3.57808465453367	0.800424035039827	1.29946617583148	-1.53537601125764	-1.01640320953313	-0.179216497152893	-0.526361468143329	-0.672559012924066	-1.5037672387126
ENSSSCG00000015342	0	0.504276317664451	0.665772086745344	0.693679679276477	0.0917977110747226	0.378368543508057	-2.75686910146988	0.874818210781463	1.43183969759845	0.790313190125965	0.560611440883592	-1.47031024643	3.98918051581655	6.99458147901583	7.49704029860108	7.21649179697123	3.55790547515212	2.38927969605276
ENSSSCG00000015353	1.30164629430769	-0.148193767513073	-0.012903050693506	-1.21920250965278	0.643182888276261	0.319212838946741	1.63635847690387	0.16382108609406	0.768744932643794	3.78916043479258	1.62439623174303	1.98887880356883	-0.153842651011818	0.52256472058147	0.0869301464061646	0.109060475406194	-1.69695604847489	-0.0113300996077945
ENSSSCG00000015355	0	0	1.39015854589292	0	0	0	1.98787415068185	0.844741720372666	0.30414828706434	4.32143705649098	-1.38864119432728	0.00758879020057525	-4.07302331824905	-2.5744269002567	-4.33742497838459	-4.17313426362328	-0.515623201959465	-3.16733493074855
ENSSSCG00000015356	0	9.10224289781109	11.776646077088	11.6630323252779	0	0	0	0	0	0	0	0.993474160457528	1.82742144616472	-0.724801490452187	-2.88613632424373	0.0932524285026745	0	-2.75497651974649
ENSSSCG00000015363	0.667520142641625	0.134496573137919	-0.409395999143334	6.07198094935326	4.71145660045178	0.396785556902803	-2.65431529461176	-2.14673222358159	-2.28333229979453	-1.36869461247281	-2.55269954145412	-1.20595342431498	-3.16505362287141	-1.74379092468519	-1.7932285887937	-0.615576974684845	-2.79373897152958	1.21218053001953
ENSSSCG00000015368	0.506818164055049	-0.751187136703708	-0.555403370832453	-1.41640208566727	-0.525761489256653	-0.736480520350326	1.85704697000603	2.9199657126811	3.86203708026904	2.49406560912746	2.25214009921755	2.00656069431662	0.679513464740002	0.244347027087102	0.694873365151995	0.45871812074763	0.805261053569806	-0.149418909420186
ENSSSCG00000015377	0	0	0	8.07141025888225	7.51456381123589	0	0	0	0	0	0	0	0	0	0	3.40953762272668	0	0
ENSSSCG00000015390	0.478954179951769	-0.451209421026896	-0.61652594400533	0.23744983894816	0.0987909160745259	0.323279504389728	1.53268592953868	4.37674067551113	3.58935287411426	3.36874006935235	-1.57307254637407	-1.93329969199043	-1.18460026951792	1.65559266389332	1.74638995461892	0.225135847110366	1.02454603026047	-0.0675131417128312
ENSSSCG00000015395	0	4.49441793762944	3.80138052434716	0	3.10044474541633	2.82414433129131	0	0	0	0	0	0	0	1.5335302140408	0	1.9568778976274	2.01890719751642	0
ENSSSCG00000015398	-0.604330468586402	-3.37213633488882	-3.76589952977462	-4.65595574665441	-2.86462420376128	-1.58341146259515	-0.572018038828833	0.12283948065021	-1.36276193430536	0.701943318006523	-1.92371361580934	-2.34820667001231	0.597457579176207	0.269909745387755	-0.184792822981845	-0.823304201841357	-0.0863713618073632	-0.63796390915701
ENSSSCG00000015401	2.23686584688617	4.97225520805332	5.74326500834515	2.80411342703217	-1.47613475809125	0.147681135159532	0.585029505600182	2.54244917864711	2.76384125544182	2.78841674533746	-1.65582314403115	0.0946142096368207	-0.814410943341239	1.07005320847732	-0.517261367974653	0.314529126359426	-1.42709778074754	-1.18032442836394
ENSSSCG00000015405	0.527230276020831	-2.06663839937162	-2.383142277998	-2.92140123004568	-2.58149740455068	-1.79758820741375	0.224771244542158	0.439254102734827	0.759693184137283	0.366761555214869	0.923866571801528	5.18867561002905	-0.895806798678255	1.07256900913192	0.236470820284588	0.237724694221178	-0.474441616727035	-0.14120016189394
ENSSSCG00000015445	0.563763044040776	-1.49257295776713	-0.968250798337067	-0.981161042420024	1.67709870212734	-0.576266081956111	-1.81727067532789	-2.38815017546351	-1.28539570438026	-1.99875836401861	-3.12764258800168	-0.266747916470201	3.49234743587941	1.20660358555765	1.1616288547651	-1.46290460744461	-1.26886406559019	-2.06116023922777
ENSSSCG00000015476	-0.916017774400121	-5.64688000043365	-5.48617776910192	-4.88702473170757	1.54553477981692	4.57878145383507	-2.39992212253943	-2.94757110407494	-2.40829850980972	-3.41676450488835	2.72365141045176	0.819471958717065	-3.2093654492516	-3.43692198530855	-3.08808292388341	-2.3943999496954	0.276897296626977	0.383832769131015
ENSSSCG00000015477	0	0	0	0	0	0	0	0	0	0	0	8.45902085123355	0	0	0	0	0	0
ENSSSCG00000015487	-0.164160642085558	-0.553652122543824	-0.392523514516445	-0.772878558276286	3.13815352030678	2.47008286701227	-0.671153817043683	4.42099157325391	3.59424319344157	0.107398397470049	4.72494654307683	0.169545055332865	-1.38312588380483	-0.687725202066033	-1.43036594590212	-0.859967738766113	-0.550457316563778	-0.0658627387187993
ENSSSCG00000015488	-0.341661715687133	0.0420604470057174	-0.203400876544968	-0.645497585109548	0.564679112339247	0.528549451973043	1.44337374012959	2.05382210316821	1.67679004484654	1.7843592409487	3.57985382698483	1.62534421039767	-0.265372258998238	0.714671089577869	0.512302690174028	0.227765109086708	-0.347117835632039	-0.0229911052690858
ENSSSCG00000015489	-0.595164644569043	0.149409489087088	0.958961124818211	-5.41132958779124	-0.878220700106868	-0.597386790928008	0	0	0	0	0	0	0.990589167525476	0.442736034944748	0.335582831154128	0.772051119103835	0.0361237775711049	-0.550788709096146
ENSSSCG00000015507	2.54265973292568	2.89044079827468	4.24714704017721	3.2637393774573	-0.00832030690103693	0.31750344420436	0.201810551074237	0.621986120486352	1.62602966796442	1.30719473636937	2.1621974664871	1.50706420989798	2.60074146692526	0.646802692906671	2.20108152353574	-0.265174865052379	-0.464258882857753	0.31626004360402
ENSSSCG00000015512	-0.62745156959533	0.643362817913777	-0.801639885125354	-2.53197842423312	-2.80209125910607	0.0220335432181952	-3.60883769394597	-3.24179832196062	-3.7782250372568	-6.12194483380571	-3.67622514273815	-1.15009271298908	-3.73339045978901	-3.54405725393277	-3.46025731851095	-3.79561321524963	-4.23477253840589	-1.87325770908768
ENSSSCG00000015513	-0.606779191776613	-2.23457326586925	-1.99837657745696	-1.73522478591418	-2.60794196615704	-1.43913159779431	-3.84924843628341	-1.38415158499639	-1.56225476157518	-1.87754335637847	-3.65871428175208	-1.44623040721142	-1.70788041227212	-2.05727418708488	-2.19125882741757	-2.98262665582379	-2.2027232354568	-0.759856857867946
ENSSSCG00000015515	-2.78421069233863	-4.85181476018854	-4.99558113714787	-3.55737210971756	-3.9946543238723	-2.27587240901168	-2.5803444674862	-0.196107954759023	-1.53467431318243	-0.693408172454228	-3.99536282776652	-1.64496522923888	-3.16272490245458	-3.05519047986629	-4.86236971878758	-11.3544813197706	-4.31860489316809	-0.80283704527061
ENSSSCG00000015526	0.147026535945836	-0.817467888559269	-0.654496740724502	-1.20997611989164	0.130604245547457	-0.208745966826895	-2.08560737150067	0.570229785550661	-0.781480830365816	-3.21490763061801	-3.28525729376915	-1.99228580120801	-1.26617610764344	-0.890567678415076	-1.03547337338086	-1.69136555864506	-0.604533069330646	0.0392091958094368
ENSSSCG00000015527	-0.748981209233804	-0.996006359273061	-0.83327243549536	-1.66747494968538	-1.02330003906337	-0.272403373985969	-8.38002746510228	-1.46458267794842	-2.36851990659004	-0.882165675887447	-4.27436242111704	-1.43995948638172	1.11004172324521	0.851576316634802	-0.246937864908859	0.152716375008943	-0.306887418878126	-0.00595748810969303
ENSSSCG00000015543	0.79259485794392	4.36245280835771	4.79276972666606	1.43689264235982	-1.57107828620696	-0.949548749033333	-0.169757803418902	0.449999205004495	1.07029093151782	-1.1078265794768	-0.00312169169917012	-0.586841692182652	0.735842542813248	-1.11158690315121	-1.32978853297727	-2.16623541961842	-1.83316232866631	-0.304976785820637
ENSSSCG00000015559	-0.470948461948635	-1.94022715830494	-1.97318782431125	-1.82981707463378	-2.03784630679324	-0.593445504544038	-1.6874250919732	-0.284170338279894	0.030377791051117	-0.348096291170692	4.15826349959728	3.83552504775948	-1.44122311782316	-0.273914202310187	-0.675326270997957	-0.965419522126761	-0.142203179961047	-0.258444802927136
ENSSSCG00000015579	-1.28090440048917	-0.70216380564231	-1.17015883938562	2.94720006477463	3.41956802187518	3.27073374123247	-0.284375900629964	0.210556062453975	-0.037605121067355	-2.78501894316109	2.43146914244606	-1.64016412287135	-3.03850176878683	-4.16417899458933	-3.49776274368116	-3.75671905549546	-0.330024075483695	-0.171755364978957
ENSSSCG00000015604	1.2750325187653	-0.779808855342154	-2.98519891321319	-1.64569739675723	-4.16960635549372	-1.09772564372383	0.222389513506815	-0.563419633787294	-0.387098509254599	-1.25684520667083	-0.409471417692542	-0.481918113368986	-3.07116844956311	-0.921554050482811	-2.29084306987066	-2.5022251646477	-2.94368127812599	3.57072176899624
ENSSSCG00000015616	-2.36861089656083	-2.85895627344144	-3.45960678413778	-3.88241422271136	-1.7489262349229	-0.051653263020906	-1.07524880703894	-0.497216746465236	-1.00025458416121	-0.728227096085125	-0.0820148844378327	-0.280029822791328	-0.849840192277267	-0.90819175489929	-1.16254723868393	-0.636053075112603	-1.63345361497265	-0.737425766342916
ENSSSCG00000015618	-3.27591977504045	-5.95938221983593	-5.59189249497115	-5.02258735136666	-2.49990734908468	0.410081954778183	-1.83321524519721	-1.6038971712447	-1.11616865205869	-2.49240070024953	-2.52797512638401	0.696720652737751	-1.47602239657414	-0.773754441736419	0.0282073853893749	-0.434240162780993	-1.67244943702195	-0.282729314692567
ENSSSCG00000015619	-1.38502312102279	-2.32458903864091	-2.85066191101291	-2.41235988684312	-2.21604738999145	-1.75609898463835	-1.49103548670196	-2.18723778839387	-2.11508686894647	-3.64495948582146	-2.12231877756831	0.209755713506915	-0.322162037902208	-0.934617177593003	-0.720459732494167	-0.44541677526413	-0.133864512086528	-0.495076121463342
ENSSSCG00000015632	-0.44903482921098	1.86648600399656	2.78221099302297	4.34782676734512	3.21203623870941	1.19533629675961	0.171118174531785	-0.620175681777071	-0.317750525062388	0.179294027831103	-0.376504644140147	1.06545809855019	-0.111132183130781	0.574600597832797	0.874815952524119	-0.206203311524009	0.55563090620475	-0.260620252840412
ENSSSCG00000015636	0	0	0	0	0	0	-3.10818241237656	-5.22348705970704	-5.03339712180038	-7.63768766653691	-3.00903191750198	-0.518627960557745	0	0.744627481463839	0	0	0	0
ENSSSCG00000015655	0	2.74093852578731	8.10326421728143	7.94952918767516	0	1.45455904587534	0	0	0	0	0	0	0	0	3.01633612857155	0	0	0
ENSSSCG00000015662	-0.421911523995348	-2.00350874185678	-2.03152796073096	-2.00362244321019	-2.91409340013981	-0.192497546922323	3.87953236082767	5.42318328468598	5.28448440320867	6.35379113648244	4.74581717869495	3.96020294431941	-0.507838408098683	1.08471073243985	0.0941468350176023	-1.92282370423606	-0.93738363462284	-1.85621288909561
ENSSSCG00000015671	1.01863339497399	-0.452126253131467	-0.341771495404834	-0.744482963699537	-0.79661796060482	-0.14007212600046	0.0468588323523917	-0.0127622651649899	0.0704411902305189	1.20591492017088	3.5735538717571	3.89180195173191	-0.110381336363753	0.394308853755735	1.26129010209085	1.10502580311148	0.852153318203295	0.433492864300359
ENSSSCG00000015673	0.491401646928198	-1.25527052827903	-1.41305431019312	-1.79767867995596	-1.00684048275414	-0.270018482409498	-1.07874391008151	-0.658909167149409	-0.0333632377426983	0.70321403467688	3.09690273779545	3.98290732584107	-0.739759763900944	0.904767344242645	0.171808831423292	1.49815340098978	0.940623873223293	1.18945199143712
ENSSSCG00000015709	0.0704044982945672	0.281973535679258	0.199895725550179	-0.181926297455728	0.891957450397173	0.380546358549457	3.98204722297009	2.95103976752357	2.31833939200315	3.43962457758863	1.1534114921381	-0.114513932806467	-0.54477823173289	0.378076960749893	-0.0159851080229163	0.14114397012401	-0.0217414130215369	-0.408211392439483
ENSSSCG00000015716	1.08071459982191	0	0	1.77789367370891	0	1.29491597450813	1.72466342876405	5.05295962286636	4.39084512965576	5.02689287768143	5.59904630103184	3.86210750556245	0	2.12617992472483	0	0	0	0
ENSSSCG00000015717	0	0	0	0	0	0	0	0	0	0	5.42632853423302	2.13952620399124	0	0	0	0	0	0
ENSSSCG00000015726	0	0	0	0	0	0	-0.723369652575093	-2.59269766172398	-2.29187167391069	-7.62702553203128	-2.09543914973581	0.639117238377516	-4.8765943687822	-9.54015532040675	-5.47805391293976	-4.46416582399573	-4.63538840321721	-0.623936595533308
ENSSSCG00000015733	0.915867669313292	0.0182205198299819	0.049895888246599	0.572630205080333	0.128212446950233	-0.399634171886868	-2.0826679224002	-1.99757255486672	-1.48970319049015	-4.36408799153656	-1.98821081108455	0.0269190186962498	0.25013723289784	0.420414684773112	0.407538558131485	0.032209008766364	1.31783497558788	-0.337837086386432
ENSSSCG00000015741	-0.304787299175164	-0.62766327587925	-2.83779028079702	-1.09217235292815	-0.991462745038532	-0.370255426362561	-3.43325019535848	-1.86888355524474	-3.12507969628481	-8.46031204733368	-3.49984923326152	-0.809166809265624	0.221561484593166	0.00327603855443258	0.259125886104497	-0.176366482608548	-0.582149103162954	-0.344407083641201
ENSSSCG00000015747	-0.774455303194755	-0.625627398459795	-1.93766885410068	0.148087568645055	-1.11362701610009	-1.30870615696734	-3.03539351953275	-3.34932042981098	-1.54791833809521	0.210249451676269	-2.00724581795984	-0.307572672871704	1.17960548422574	-0.165437861211962	-0.46572611008631	0.486058751965766	-0.69825642282463	-1.47018190387213
ENSSSCG00000015748	1.25039214816561	0.747204292040835	4.41660162505222	1.44122797621963	0.345178735254089	-0.629900559362898	0	0	1.30213901490239	0	0	0	-2.64946917517967	-3.7016145424662	-2.42292029090429	-0.891687208031154	-0.691054915641136	-2.35139583351902
ENSSSCG00000015795	-0.341795664234785	-1.15716630243204	-2.33764219776028	-3.62431285832106	-1.07239689766342	-0.0958685413079303	0.294966027738646	0	0	1.25508822271198	0.448328162498457	1.10107857761977	0.299871927419578	-0.675279681170277	-1.4837936140515	-0.282132188412657	-0.350436124008441	0.301259095503897
ENSSSCG00000015806	0	0	0	0	0	0	0	0	0	7.80717220246013	0	0	0	0	0	0	0	0
ENSSSCG00000015810	-4.51942488278009	-5.99973222821801	-6.04192927339373	-5.54791335098441	-5.83889179880935	-4.02050493293416	-1.49294683032958	-2.58105037091371	-2.08423616943552	-1.94501672995701	0.0535414738331236	0.914452958062104	-3.19894031771766	-3.21976641825701	-3.37030989034377	-3.4463463304471	-2.36750766901827	-2.53128762626483
ENSSSCG00000015839	1.09537592419804	-0.47909407692125	-0.157984082694057	-0.625916462212155	1.1030918761115	1.57165036313552	-1.96131784630487	-0.689887852028084	-0.612155591997104	-0.694441695456175	5.38889392763294	-0.3257915260779	-0.722052740462684	-0.454495891272242	0.997126789319739	0.521857932139658	0.293186206814558	0.253246626379974
ENSSSCG00000015879	0	0	0	0	0	0	-2.44033905203253	-4.40261028921049	-4.50967614030515	-4.59174371127815	0.303549951925363	0.720535090291037	-2.0959309014003	-0.511786731768041	0.749784322649202	1.90590739584131	-0.661424374239046	0.622538748230136
ENSSSCG00000015891	0	-1.09440873410511	-0.268430762638991	-1.22018137449868	-0.194122506385083	0	-2.11702907626328	-7.24436809560938	-1.80943219664618	-2.85313472425166	-4.06222062427932	-1.79005752661742	0	0	0	0	0	0
ENSSSCG00000015894	-0.870322986123949	-1.98245302477097	-1.78699588245925	-0.3691714995371	2.29380568163059	2.71894460224376	-1.26768429795142	0.10517037511293	0.29469746187948	-0.294763938669507	4.45386462633644	1.44487724453639	-0.350945763371239	1.28353110651722	0.556570993700787	-0.688074399346956	1.1717537784495	-0.379212287609771
ENSSSCG00000015895	0	0	0	0	0	0	-7.01033347290419	-7.14868009307932	-6.54021133936019	-10.4449677432574	-7.96818984046877	-9.93857536430936	-8.45313338622316	-8.52506434884865	-2.93882191011084	-8.44660800625635	-8.53892119345978	-8.40813649759227
ENSSSCG00000015903	0	0	0	0	0	0	0.0655269365830002	3.08268548146441	4.6774874065252	4.11239089719987	-1.19417520521067	0.957074455517794	-3.76939542353995	-4.37238724420296	-2.66773942761344	-2.50345435432076	-2.44566737035254	-1.36345947847819
ENSSSCG00000015907	0.55461583789133	-1.6562552172542	-1.08334249928986	-0.329672847901268	0.278925890667498	0.478313740315747	-2.16473846870363	-3.45469401123251	-1.85377332175408	-4.19742060269989	0.560614186061216	0.4416449532309	-0.559299594404411	-0.155878113606077	-0.194508210464711	0.0239048056758658	-0.459936989200818	0.49087756639089
ENSSSCG00000015930	0.0354117472782465	-0.237474176498141	-0.395013813465486	-0.280136810311247	-1.16047658868495	0.832374298184937	-0.50210901553527	0.23749460352566	0.483402364850069	0.721962486312082	5.54166073590811	2.97767153126641	-1.61060029537066	-1.28022959476218	-0.158245922895811	-0.781119434269813	-0.124087795264839	-1.05733161396393
ENSSSCG00000015959	0.948766305900134	0.0427965203090659	-0.908705601876098	-1.03532407262867	-0.529628099624441	0.264241364588639	1.2263269121677	2.8968322088719	2.48972303231259	3.4443486433936	0.581255910825993	0.69554992016047	0.0965221156094392	0.184299554338888	0.309742446435901	-0.166137355657839	0.349035726951292	0.0892701158956025
ENSSSCG00000015961	1.98812243536834	-0.228838361289888	-4.18481251582701	-2.83785790563945	-0.824618281194371	-1.73146282731482	0.565763277425484	0.0373536766432788	0.456671313120485	-0.263907308499984	-0.419474231772346	-1.58665595630612	-0.348335319185035	-0.742105159725691	-1.33000785403041	-1.69700301574996	1.05192282739185	1.54205802961479
ENSSSCG00000015965	0.168571139491877	0.470727661225249	-0.598770365079787	-0.337197371403624	2.46977809953501	1.67034596064795	1.55427333194409	2.36997499880242	3.06812733289546	3.28648974002346	1.39772512932399	1.14883931664824	0.992150449417387	0.0950651126135411	0.100372645430705	0.412206262860501	0.788039602850629	-0.456611097964867
ENSSSCG00000016030	-0.205859992329906	-0.224780736318184	-1.17862111835364	-2.02333548507434	-0.543404016995813	-0.109361322021115	-7.31764838442857	-1.86623840092705	-1.87932406226018	-1.96035613356725	1.4349418658995	0.286219344823774	0.336759847677271	0.192397759167332	-0.000838288450948943	-0.029189150005739	-0.972139166873424	-0.916587010245045
ENSSSCG00000016034	-1.48762598745732	-2.12829032446947	-1.0967105216302	-0.183475859897062	-0.804652484909797	-0.830124356589659	0.339564164103633	0.282909490090527	1.49431292943226	0.054570474513212	-0.944054565666137	0.257941669501166	-1.9878693997349	-2.26061941948319	-3.00923271221122	-3.88397717722405	-1.90327502900966	-1.28555335039665
ENSSSCG00000016064	0	0	0	0	0	0	-3.50568898515202	-1.28717621657588	-2.03114319989141	-2.54437733184206	-5.12958968721319	-3.5315934878081	0.0530356607422229	-0.781092747223866	-1.8392403819691	-0.370752388643666	0.609932274772605	-0.356593722196339
ENSSSCG00000016122	0	6.98655252445278	0	0	0	0	0	0	0	0	0	3.1710426902367	0	0	0	0	0	0
ENSSSCG00000016130	0	0	0	0	4.16548115722879	0.759601530648309	-1.65903455190524	-1.07161118008338	0.146621702514743	-1.55415336754052	-3.28286458529319	0.497697582730019	1.50593090689256	1.21878747607446	0.0945608054280635	-0.0439590703395596	1.54641334321186	-0.399355400189421
ENSSSCG00000016131	0.521499427542754	-0.970334343794333	-0.351485503495412	0.0228909527116469	0.377009895613607	-1.50803254186021	-0.739642956145988	-1.52486470166458	-1.94307814468082	-4.99915577255526	-1.5368177532733	0.0231803493340022	-1.12662959750104	-1.77464020112731	-1.49479934094154	-3.1001544870918	-0.219783706691967	-2.76506513552135
ENSSSCG00000016153	0	0	1.5639451674449	1.10958245091041	0	0.475816364535463	-4.35744271071873	-3.20346469928587	-3.47638276213301	-4.13030736117693	-1.9357876432872	-1.78220302861568	0	6.80162244874094	6.93463520470161	0	7.57814583345562	0
ENSSSCG00000016159	0	0	0	0	7.05808783406468	0	11.351550094708	14.0814734251029	14.2435223187257	13.1554911996182	0	0	0	3.8075854761244	4.66848797315307	0	0	0
ENSSSCG00000016166	-0.338830316945104	-0.487733255346647	-1.63349971826661	-0.737372191464423	-0.93783745779715	-0.456337409652597	0	3.55417511898662	3.85059025765928	4.59357541317033	3.11204065078013	0	-0.218888952903238	0.287345475505678	0.197959961437462	-0.247850561937757	-0.75704775076953	0.194843352725229
ENSSSCG00000016174	0.41481898712918	-1.15284473660258	-0.697015571412728	0.143612959407737	0.0822106627978424	0.330464570724333	-0.0387742538949861	1.31477652345842	2.13774332586044	0.516462202007241	3.75074930058784	4.23497077730394	-0.560705447851619	-0.397428012712848	-1.15363699336506	-1.25624576295399	0.27009586542155	0.108001243643242
ENSSSCG00000016182	0	0	0	0	0	0	0	0	0	0	6.53111814048362	1.35804760130892	0	0	0	0	0	0
ENSSSCG00000016183	-1.25120361552812	-3.98720894810403	-1.95157242685514	-3.80710181143041	0.31331985856978	0.852003625100832	0	0	0	0	8.03905681150128	1.23038007585888	-1.87253218177983	-3.56052952595486	-4.42836208054221	-8.41194344209638	-0.237105758080476	-1.78491697663553
ENSSSCG00000016184	-0.651741657794182	-3.89471698071174	-3.73661473533597	-2.43548702061423	-1.89120759765812	0.960397928572621	0	0	2.44358776119081	0	7.13875945479937	4.96007925978009	0	0	0	0	0	0
ENSSSCG00000016187	-0.755951982371696	-1.52014134066408	-3.08107382664133	-0.583138349492387	-3.12718392001059	-0.889983604889642	-3.59174680467491	-2.5985467778354	-3.06301456194325	-2.37626652931038	-9.32577527748974	-2.44048326868449	-0.206504198004232	-0.208499960000075	-0.145555127949462	-0.34053756109776	-0.550704141791882	0.145236442749142
ENSSSCG00000016203	-0.210337905204429	-0.997071206455393	-2.36559773253448	-1.13557499197564	-1.66155895799064	-1.06459094348744	-2.49519242711366	-2.48805322614355	-1.00021016620909	-3.42459352251865	-1.87821727913638	-1.96171080241877	0.337708238390046	0.0265411305595315	0.384197916839103	0.684373693696826	-0.294613484894244	-0.541221873235215
ENSSSCG00000016204	-1.6220937486534	0.643162863113013	-0.346765443003674	-0.719906792680933	-1.79803788342425	-1.95094815326896	0.784832280147966	-1.33785976006701	1.01901404322044	-4.00477697526525	-2.3626236678225	-2.40923775312354	-0.748349295642338	-0.960034625053992	-1.66555718848467	-2.21235126958443	-1.49415980947287	-0.823097230111558
ENSSSCG00000016218	0.231740757021706	0.398334712730271	0.445369278556312	0	-0.633717198699537	0	-7.03859265201117	-5.28509271592225	-4.72740256430252	-5.24742155984562	-6.30004164928231	-8.03594030788542	-1.41811060368262	-0.884823297321432	-1.26709016552205	-1.57458823137927	-1.42765515906066	-1.44068763834816
ENSSSCG00000016233	0.207375978154501	-1.64763666659383	-1.8173553469041	-1.45645767354403	-1.0025883440095	0.757295547582815	-1.66048411910689	-3.60034931509807	-3.44009736377462	-2.92388911791628	-2.83057854374543	-2.40207608636045	-1.18945508573566	-1.08188226936392	-0.97731672856904	-2.23535822969338	-0.526304744465424	-2.94587761766652
ENSSSCG00000016239	0	0	7.62763024640496	0	0	0	0	0	0	0	8.06456782923066	6.22470517506135	0	0	0	0	0	0
ENSSSCG00000016254	0	0	0	0	0	7.76340395175455	0	0	0	0	7.5207310731676	0	0	0	0	0	0	0
ENSSSCG00000016256	-0.839916571768248	0.145839164533192	0.648893068414741	-2.631472456056	-0.634329040814027	-0.46132659780384	-2.56473738968861	-1.32181781344509	-0.681673047858356	-1.25871745890059	-4.56903381589643	-8.79604525527554	1.97973742974842	2.72778665860889	2.36878162990767	2.89114195704259	-0.0364302212184129	-0.473459725721741
ENSSSCG00000016258	-0.655898694050986	4.75893140082974	4.28559450110961	-0.892324179047344	0.936325278502251	-2.52067067304054	-1.40856885292829	1.33581717811717	-0.742544800148325	0.356943159354872	-1.19655464927986	-4.13540560523264	-0.926463747925997	-0.956628929729009	-0.80030114123888	-0.857284711624694	-1.02013799963703	-0.575381568275411
ENSSSCG00000016270	-0.646533831317296	-1.45310937536909	-3.03675755308172	0.741142669026429	3.4201252282276	3.23443428099187	1.44757093235408	1.92604109197739	-0.176908037689821	3.20968394984433	-2.72182379562479	-0.723844965550913	2.2438682719969	1.33610068927908	2.47431510574113	1.52662985706325	-0.98959717398557	1.4343806347143
ENSSSCG00000016285	0	0	0	0	0	0	-4.24717851326608	-2.46241076822425	-4.90268893993536	0.153186543533737	-0.446833821195522	-3.92079943267361	0	0	0	0	0	0
ENSSSCG00000016286	0	0	0	0	0	0	-7.67820736676378	-7.67485857573284	-3.20352806557723	-1.33979302842124	-0.326265829384059	-2.79069761504366	0	0	0	0	0	0
ENSSSCG00000016295	0.512721553430365	-1.22925330316728	-2.4416387064454	-1.76404791657087	-0.573325132568108	0.15129159124148	-2.23701750890836	-0.543971445454433	-1.60837795421701	-8.24338725949304	1.90430817700764	-1.40688520683645	0.192776708132955	-1.05479118487574	-0.175480870185609	0.168999875952553	0.214780712416574	0.237628481390275
ENSSSCG00000016297	0	0	0	0	7.37784905079687	0	0	0	0	0	0	0	0.64803106912143	0.334469428579113	0.514191398473982	2.26616625039627	1.64235646601569	0
ENSSSCG00000016314	0	0	0	0	0	0	0	7.49305355393176	7.79338827514064	8.07907967976195	9.82319962026042	0	0	0	0	0	0	0
ENSSSCG00000016321	-0.147951814338472	-0.741094542207736	-1.92799951807904	-0.567206523863068	-0.598158930205873	-0.527010369956142	-1.98825036144762	-2.46176441593842	-1.67667215591264	-2.96652213096804	-3.83250345265468	-2.1357393354487	0.226140441950889	0.180511367994136	0.193312338483076	0.0734376150025644	-0.34078815245936	-0.210348541011226
ENSSSCG00000016403	-0.474936847269083	-1.7763570105139	-1.67337623543367	-0.879341330830126	-1.23596870831848	-2.05825096616877	-1.78329391194236	-2.89554055051959	-1.02838077154328	-8.24338725949304	-1.85052454791727	-1.24755800149024	-1.59203911468745	-1.50895816790287	-1.58543636808596	-0.698976344847695	0.926073366897366	-2.46404799154484
ENSSSCG00000016423	0.022926545877728	-2.68780048422294	-1.31994403336625	0.6468413171637	-0.903001122101037	-1.82887744098649	-3.23480037212552	-4.20700794591906	-4.86957759115319	-9.24100496067829	-3.30193957741322	-2.10205132560949	1.91296290819622	0.607092422136914	0.442599498588187	-0.513218930951907	1.88354282599806	-0.426578873328396
ENSSSCG00000016443	-0.238204777450696	-2.28521762501493	-3.32857720569679	0.221159014163459	-1.42582079264445	0.777363938430148	0.18871546291928	0.069934887003823	0.331700248656195	-0.0132098781466441	-0.628168607356385	-1.13600205942725	-2.39636853441808	-2.1396726970299	-2.27737218718005	-3.20740169814416	-2.21842084696465	-1.66283844027012
ENSSSCG00000016449	0	0	0	0	0	0	0	0	2.03165692513388	0	4.61538988951059	3.13468193974704	0	0	0	0	0	0
ENSSSCG00000016452	-0.248389171898196	-2.3279483345607	-1.53886069240765	-1.37606236633138	-1.52450617993371	-1.11042096222236	-0.895785755671035	0.0353667575274647	0.84735421906455	0.668387627182736	2.74139472364201	3.45723276520403	-1.31416654383621	-0.215410728070941	-0.660552487172703	0.43564108806663	0.239683133052403	-0.734589621591362
ENSSSCG00000016457	-3.04761450945178	-1.2665101336796	-2.95821418523135	-4.46172177692621	-3.62240005462664	0.186064880453095	0	0	0	0	0	0	0	0	0	0	0	0
ENSSSCG00000016469	-0.402206271858716	1.350433636767	2.17345428379209	1.23061355105674	3.23348488442505	2.13601001850033	-2.83575064272005	-1.68178141034043	-2.21319020030938	-2.60889597185827	-2.58883817944891	-1.11303635700061	2.09279748021023	3.09201276986835	3.46987035456734	2.31817013252307	0.0531084169499753	2.16835280319171
ENSSSCG00000016521	-0.451524835333075	3.29203142078397	3.10186649882263	3.97000514530784	-0.562003354710211	-3.10603168760589	-1.98153905616434	-8.08812996520215	-2.65277943767073	-3.69659261483335	0.66102445224374	-0.336597903341178	-1.2911170519646	-0.755406923975877	-0.691867386125195	-0.150852978676778	0.389921508698845	0.228187422111642
ENSSSCG00000016533	-1.72633423372747	-0.274760201394133	-1.48523552859827	-4.14784828147571	-2.31052695854599	-0.609769050666667	0.445608256992343	1.2115692565518	2.98321444722027	1.57457444397675	-3.98870861730398	0.532357167645676	0	0.986516381832433	1.69305450829104	0.246821411780485	0	-0.308661451109734
ENSSSCG00000016538	0	0	0	0	4.3184716985455	0	0	0	0	0	7.31046687725849	0	0	0	0	0	0	0
ENSSSCG00000016550	0	0	7.85787463744948	0	0	0	0	0	0	0	0	0	0	0	0	0	0	0
ENSSSCG00000016554	-0.479920691275509	0.162726229767876	-0.49910355579929	-1.40831335745261	0.314676121781941	-0.346435361911188	-4.61274662462412	-4.53781707666586	-4.88426754955262	-4.24503730515346	-0.420866202403177	-3.14463272330627	-1.15025199568052	-0.141140539693414	-0.603445826636299	-0.854264024927292	-0.00188827157786637	-0.0552830077109235
ENSSSCG00000016555	0	0	3.57038051982342	1.88120008936638	0	0	0	0	0	0	7.42553897959229	1.35804760130892	0	3.5374356215588	0	2.91521703409389	3.18008554105225	0
ENSSSCG00000016557	0.402961451535537	0.154568854435386	2.19736688317287	0.281112708836941	1.01807523737871	-1.31309684995632	-0.265891319771226	-2.03649204459044	-0.43618799630433	-1.81698843544175	3.34801107378557	-0.0743571835991275	-0.492219959347823	1.0131789456002	-1.35633955547309	0.203186123645567	0.342936813171935	-0.404437622592794
ENSSSCG00000016567	0.865432445860132	1.8394083810597	2.38444305205048	1.34732073890558	1.7715695594009	0.0224482448425211	-5.38103945158013	-2.41176536164845	-4.26911750031735	-4.96698041942759	-4.93121003506193	-2.19382367275148	0.362298391350214	-0.223795889663502	-0.484819799975452	-0.318886463838663	-0.181942376032559	-0.800944354426876
ENSSSCG00000016589	-0.124194409108834	-2.70933139680222	-0.294886282128246	-0.774498852014872	-0.538457210418328	-0.89961526120983	-3.7943437361592	-2.49532721775228	-1.49128345506422	-2.94741009786534	-2.28560423313983	-1.1533640481335	0	2.42020971664822	1.97968717167279	0	2.01890719751642	0
ENSSSCG00000016591	0	0	0	0	0	0	0	0	0	0	6.97185159570829	0	0	0	0	0	0	0
ENSSSCG00000016606	-0.87745210142286	0.0820553693167551	-0.0755778190930178	-0.63205399768191	-1.91400914326534	-0.607748900957492	3.32122859959647	3.18103056882306	2.92267303908844	3.70182023719242	2.40802763405959	2.49217346150212	-0.517547881026836	-0.221617922126987	-0.359844244635054	-0.685398957314973	-1.94416487881288	0.234212921017993
ENSSSCG00000016608	-0.189560631213396	-0.714882140580857	0.0185352226981087	-0.961637938438194	0.518102583842672	0.694298636550665	4.25478764645285	2.85872182510155	4.76418686025333	2.99171770033646	1.60049403417295	1.30402265377343	-0.237297288937724	-0.287138613473326	-0.330985521037675	-0.601504997877995	-1.6919603150526	0.0180037086351586
ENSSSCG00000016609	-1.64707280933521	-1.44744800586597	-2.12951465383947	-3.49043175432878	-0.452790925574752	-0.274612727453764	3.99909298112922	3.846857938349	3.83891202360402	2.41929808968298	1.55413318850895	2.30584032751156	0.255265466078451	0.18143847511226	-0.252391970118882	0.104164598705989	0.0547598215390522	-0.318975270667204
ENSSSCG00000016617	1.57011787029634	0.159801904454192	0	-0.104835379305294	0.763388441010236	1.20904177205297	0	7.42306458578438	0	8.57708839896001	8.26756438014164	0	2.90300567316447	5.76162204562448	4.4060862065808	0	0	0
ENSSSCG00000016626	-0.0457710074503166	1.47597046455135	0.78253578247318	-0.561293887958357	-0.129437018729405	1.26829661437943	-1.68249920926476	0.804127346425491	-0.96440791367099	-0.0556644321754965	3.25263035997411	-0.443935259649386	0.432340397115652	0.72819828437733	0.6153091727383	0.362117875472465	-0.93399629408164	-0.470996104191845
ENSSSCG00000016628	-0.132476895397827	-1.08649727864798	-1.10545941737478	-0.90191055979833	-1.2803214450245	-0.562463591813918	-3.3520044223292	-5.13164354987433	-4.28063053583316	-6.59571683106034	-1.11215493294795	-1.07605041374182	-2.898397421748	-3.27715305134428	-3.48354184203689	-4.65178401838808	-3.4446406793526	-1.2220690591367
ENSSSCG00000016639	-1.65417588595274	-4.68833910493605	-2.97029035768826	-2.07405194582115	-1.79967849989409	-0.18529359873517	0.981448813580843	0.304868963903604	1.55715691655279	1.0777249121801	1.00685560232041	0.31612983653546	-2.0264802094242	-0.597040625532254	0.223485694643141	0.132049200345405	-0.334856701771895	-0.734078102200785
ENSSSCG00000016664	1.18229296120678	-0.389658408839955	1.30052904091304	0.122194120358549	0.676456477378054	0.119053359275839	1.30267962216964	-3.55510492428345	0.701023892380574	-4.05126217955523	-2.27152672189112	-1.25184545655155	-0.186931333276908	-1.86830568083434	-1.44712392142791	-1.81370020189931	0.029273120142298	-0.600405436369871
ENSSSCG00000016672	3.04379815920051	3.08059859302359	2.46267000354527	4.23082198517388	1.84064842113821	2.8576723036011	-3.19833281015402	-3.42417196350533	-2.95974064419307	-3.20145832499997	-2.38225946468952	-0.645526317017818	1.68501184235494	-0.159220433741408	1.11233153749843	-0.159590170421138	0.250436712052033	-0.477257213393867
ENSSSCG00000016676	0.409863854977705	2.37303225879522	0.808637777781883	-0.135325857810906	-1.5220969185649	-2.29403785556718	-0.500466112936188	0.568236796850252	-0.508535011113341	-0.590098484522475	-1.29305863654635	0.565454367462743	3.66127144319142	1.51433236082218	0.846612123857252	-3.32051763746	-2.96576918642677	-1.19776330083153
ENSSSCG00000016678	-0.0413193354527006	-0.360271416150524	-0.303556569914702	-0.9046737635457	-0.65575058460903	-1.14196074967915	-0.849009415251197	-0.0821129308977064	-0.0364649482192121	0.13487647072626	3.09540828247467	0.969220736610811	-0.897531164607523	0.533231875180824	-0.077234542652679	-0.366365876638284	0.559799222903238	-0.150718256951413
ENSSSCG00000016679	0.651256399089717	0.482627626920741	0.177263353424902	-0.739441986582707	-0.906770493719677	-0.528079458574641	0.213936252163524	-0.71167963823011	-0.990142824061743	0.0831657323485734	3.14299738143988	0.643487864031289	0.18158527441632	0.389601683005285	-0.16624423657164	-0.061293537785328	0.584331569656273	0.574149559600016
ENSSSCG00000016684	0.913858159405266	-0.737755906382273	-1.30672574237196	3.88773525755103	4.91906100571236	3.23118700702724	-1.05922958408182	-0.617275073768579	1.30195704015778	0.0813310776496296	1.87933978763167	2.33955704068021	0.655197670669431	-0.524896897107763	0.21803960928775	0.288661452331666	0.513880450607486	0.180573755985157
ENSSSCG00000016685	1.50005382561286	3.52340455182667	2.89277592135154	2.07132356790624	-0.318523031689525	-0.118429409810252	-0.199001103017026	-0.693678395031285	0.111126149654134	0.335766928484187	1.06776676491821	-0.474141429030465	3.57340128577555	1.66308865318007	2.37536821846938	1.9335259476965	1.60198044468086	0.0743550944299057
ENSSSCG00000016686	0.0823587259996931	-1.70477291790034	-1.68226046600628	0.863782235891199	0.10260219008795	0.234290550341725	-3.11777721959161	-4.57252046419603	-4.48879574055281	-3.98665296441338	-3.06309436864228	-1.34695607814081	-0.0367432320743659	-0.423189629669341	-0.147886485050252	-0.375781508748298	-0.0241833653424282	-0.263391540326779
ENSSSCG00000016719	0.176863749510745	0.959748401923024	0.97565890064538	-0.358282185714354	-0.153396833560919	-0.277611609142759	-8.44396950898559	-4.26573702765898	-8.30554102951264	-2.10533859003531	-2.80904401512454	-1.34458950996074	0.837304561066586	-0.627414662023468	1.03993887232966	1.90910477914136	1.34079677184122	-0.837765184573759
ENSSSCG00000016720	-3.68278547936787	-7.8521869137254	-1.48861929043061	-3.00947144394815	-2.72845506869891	0.125928581549301	-1.65241184159486	0.256084556235675	-0.358795935746642	-1.73958187900714	0.104212589933358	0.838396885317462	-1.87253218177983	-1.27697124945779	-1.50864075624194	-2.4372821982621	-1.23243042956117	-0.733839571546592
ENSSSCG00000016733	0.655641521524641	-1.03704659815579	0.492904623316491	0.906478174991616	-0.488441732814719	-0.682992093385378	-2.67642467892796	-2.14892351553204	-3.0370217900233	-5.38072416896653	-2.28734604993917	-0.557073984738463	0.0902591660830904	-0.459714022632136	1.08801977055261	0.758476924447858	0.928082398964122	-0.615856253457135
ENSSSCG00000016742	-0.681734080525745	-1.70760039991653	-1.31219603147801	-0.699644975602686	-1.40659291579452	-0.835893203724182	0.0871239602482822	-0.0930598870811973	0.434641354417731	0.77965009692888	3.03948515608699	3.84556168023606	-0.675953911305008	-0.239015768254964	0.121252441209944	-0.302404833872779	-1.30332608163583	-0.960049288860915
ENSSSCG00000016743	-0.285298059356488	2.86523696355059	3.00512792656106	3.31486683333013	-0.725342914227006	-0.499592063333068	0.163879832506606	-0.211679829086538	0.154747792162436	0.21630002690745	-0.516497093440866	-1.16776733850033	-0.0404148333972075	-0.84545336115729	-0.909554977481344	-0.297629876350933	-2.16469923986633	-0.651658862632741
ENSSSCG00000016792	-0.382029364805103	1.06498520711605	0.0436854232332616	-0.15761718215708	0.808955120663534	0.427419880051709	-5.05074445498306	-3.90397504989103	-5.05492331682904	-4.31507577649047	-5.23042686592869	-4.24656086859675	-0.2304538744927	0.0129020265335247	-0.232435086646444	0.507654547226669	0.164189227045329	-0.727800548783918
ENSSSCG00000016823	2.28739894257197	0.270003570650992	3.75909507563944	4.3379730397206	1.67642075311993	-1.27850325721687	0.326300689145511	3.19057635181811	2.98267691143472	2.94024570829585	4.33143194867693	2.80209678338334	-0.584401122294336	-0.682300923789367	-1.52977233129999	-3.56369138504612	-0.540122369854818	-0.0825856464418031
ENSSSCG00000016829	-1.57401804000778	1.50413073267729	-1.78768087561665	-1.1762094036773	-0.258626125180239	-1.10156430127355	-3.6905768215914	0.0652813471918219	-4.3614463832665	1.14915801729742	-1.81949875312086	1.33623265284548	-2.15957475159779	-1.36592658205431	-2.12473024576148	-1.87023043324662	-0.93717420229352	0.0213468405141552
ENSSSCG00000016832	1.46506542293967	-1.82900721709542	-0.101444220677621	0.921971201049073	0.630520563498323	1.16107354827367	-3.50692213609932	-0.983166182325892	-1.6669738075691	-2.32076583007058	4.83122512249876	3.30398221113019	-0.110096990320127	1.91278178716596	1.49505046300803	0.559691187139463	-0.393834837210239	1.66722175840151
ENSSSCG00000016838	-0.206487534348127	-3.28999638603924	-7.31076140149842	-2.14475536140644	-0.968933164740634	-1.88786620606527	0.583449817267173	-0.0264030959956011	1.03129064441393	1.13293579240382	-1.77155662834525	1.9868134077492	0	2.38813940699268	0	0	0	0
ENSSSCG00000016848	1.5752049620149	1.2484432996669	0.973726723776737	2.52298555994825	-0.153075994186183	0.522004504717214	1.25558708007517	1.74084575299484	3.12540861203944	1.80103503837419	-0.238481050795682	3.61173153975627	1.32172829425108	0.870916305660635	0.218680365657053	-1.81735153977099	0.266325521690775	0.335255638032492
ENSSSCG00000016856	1.09408933246686	1.37639986623252	1.97839798458378	-0.0642171045631632	0.618284768223154	0.45196626422994	0.726145979088522	1.05972219262505	1.12976178166358	2.11835283847389	3.12634323043454	1.2185420107974	1.15270798886372	0.580967252508105	0.510716718131878	0.950743189291649	1.47645348082875	-0.253094232049725
ENSSSCG00000016871	0.374572811279653	3.88813483661515	3.9855735363148	2.57882420364624	-2.02063932036638	-1.81120431657657	0	0	0	0	0	0	1.84072397262953	0.768030932708606	-0.72506117591321	-0.846775961154637	-2.02603148494804	0.356730719219004
ENSSSCG00000016872	1.68095697443042	1.25410185619073	1.51803599517607	2.2638880785959	1.9473422786267	-0.476236110432086	2.94903357066543	2.2454107872701	2.56926774382923	3.57021953483424	-1.56072891590063	-2.82623679222059	-0.853860597704818	-1.4549505836645	-1.48124009749133	-1.92733223513377	-1.07848396692909	1.07680131241793
ENSSSCG00000016878	1.56553678502234	1.57076399479885	0.793790222432839	1.47771063781969	1.38257748849831	0.873972401058146	-6.50074565405576	-2.57068706310805	-3.67253541972653	-2.4891123388526	-2.32455042019259	-1.85033311480859	0.838142634796213	1.77550511813624	1.29573826666529	-0.199194512690725	0.24553863962976	-0.27778346277002
ENSSSCG00000016892	4.42053253050856	4.78068651119372	4.52556742067186	6.11057307890683	2.68135929957142	0.923274271354363	2.49576412041046	3.3699022098063	2.32233438987132	2.52198908600354	1.48754543065439	0.984219610706216	0.844182800135697	2.40878470130229	2.04890586620307	0.653981054320396	0.358068566997187	-0.110224124961162
ENSSSCG00000016900	2.01739665187116	3.30456199187642	2.89448911680509	4.20108823359939	2.32578334033539	1.6406916658232	-0.68310271917586	-1.73986560760285	-2.28418340957132	-1.26156055076504	4.05165687592396	-0.662349088532744	0.283870652950178	0.569662187416533	-0.0490005557581064	0.918088603903708	3.33049164540308	1.67999403157826
ENSSSCG00000016902	1.44842822372024	-0.806836181296056	-1.12539659769327	1.02726384657982	-0.157733497202333	0.608252756881124	0	1.48642242802828	0	0.715326209343018	6.04500575819992	3.29787993555511	-0.522492172722284	0.675833977588242	0.872980635049958	-1.40609895322915	-3.50722147519315	0.738914197024454
ENSSSCG00000016903	-0.0184152251875356	-3.22182630194959	-2.49009266161717	-0.313676044582451	-1.85794612721285	-2.77714584785299	-2.65013291118237	-2.07188333046349	-7.64263065390193	0.06865176850061	3.03572320761055	2.01681576291006	-2.5298613859698	-0.967298096923285	-1.69618472011002	-1.87483083506679	-4.42936869667843	4.27916307917601
ENSSSCG00000016917	0.456054818734467	-2.54601379919137	-1.54339768480132	-1.98126519737409	-1.48641658181847	-1.75511369775578	1.34880107340815	1.4427240118074	2.74066544277988	4.52244652175343	0	0	0	0	0	1.67910116638715	0	0
ENSSSCG00000016957	-0.133149298752499	-2.72819765890947	-3.7239567693368	-1.12825845168112	0.790920294437803	-1.03229875144935	1.05219826523476	0.984209651150632	1.80314072469919	1.9684850909461	3.83422486682172	4.35248439894998	4.5646836688083	1.77951441261259	6.25449791193136	1.7622711726701	1.24746425355067	1.11828186618097
ENSSSCG00000016974	-0.80095013027401	-1.11672811030568	-0.615349636119648	0.222791845805744	-0.455224361916108	0.143471263448241	0.632804112541145	3.27273736949272	3.02715208747487	1.14228885881867	-1.38008265920601	-1.21412137945079	0.490283452360408	0.986628049459768	0.72958483985044	0.000921466970796759	0.447692651811209	0.0674735292572432
ENSSSCG00000016979	1.3376795251626	1.48642857937373	3.32318948249448	5.68274044701998	2.38508068657166	0	-0.10660134590296	-0.000754460576192952	-0.016461856333776	-0.222614161187432	-0.804372916875872	-1.14966191236336	0	0	0	0	0	0
ENSSSCG00000016991	0.465758230708448	0.754032349061339	0.722600693393694	1.87751257049977	3.35289162309584	1.27134410077551	0.687780004974988	1.50887598541019	1.42401823810811	0.529449788545833	0.0206825019221475	-0.919770962144961	0.090383851377373	0.637400760769655	0.388681997979932	0.810692506070104	1.60886062562731	0.632858350718475
ENSSSCG00000017006	0.257393602129479	-1.4871748136414	-1.34352532508016	-1.3551056830125	-1.09871533083578	-0.897380189801743	-0.868824752294745	-0.340473581463978	0.691961937189954	0.779363699381683	3.92231039196232	3.4437208670394	-0.455693440812643	0.797494825709201	1.0136368619588	0.813604095578798	0.439158679869535	0.679044867230209
ENSSSCG00000017008	-0.148317338199263	-2.5450626221282	-2.24656514698414	-1.42787572127179	-1.48780681779554	-1.17977357750811	-1.55294958069	-0.238037162553467	0.8090701367905	0.864721738017528	3.61434120885631	3.18966011158371	-1.20861218812155	0.238103602679719	0.23525474668819	0.209284184057124	-0.371661491503161	1.37019481140882
ENSSSCG00000017009	0	0	0	0	0	0	0	0	0	0	0	0	0	8.2787114851035	9.07521749474246	10.5890968464577	7.40225246903734	0
ENSSSCG00000017010	5.61430229712058	5.97449760010549	4.92309122768349	2.75987918129528	2.51448664161169	0	0	0	0	0	0	0	2.6252387126271	6.42182363274436	5.8683324394466	0	2.66025000296207	3.22116355796828
ENSSSCG00000017018	1.11576529623038	0.560133381525021	1.21604873758103	-0.931636852319118	-1.96172875885495	-1.16230066113536	-2.01227141042524	-1.39385962604999	-1.53970878294627	-4.26343465469534	-1.36193886598687	0.156707324997856	-1.33552085549476	-1.90544694549971	-2.85311057036331	-4.55522700646622	-0.0811559172438849	-1.92895081230491
ENSSSCG00000017025	0	0.54834378559309	0	0	1.369827035396	1.7578719147326	-2.11702907626328	-7.24436809560938	-7.10982292358204	-1.31814682120575	-1.20474587519459	-1.38258742525463	3.73668027418289	0	4.01154364537726	0	0	0
ENSSSCG00000017061	0	0	0	0	0	0	-3.79514750307647	-2.82870479905354	-7.82816840892172	-2.03659034675379	-2.90230646856214	-1.78424178068672	-2.34450489530792	-0.130953924245741	-0.157958131816061	-0.870200697004054	-0.395962740429164	0.943014106213883
ENSSSCG00000017062	-0.299538180460343	-3.11958446059486	-4.48906542365852	-2.93032843296714	-3.05162427509824	-1.15355084729447	-0.336893263932914	1.84412892864513	2.63826633477781	3.60190558724864	1.47154682017885	0.765932815914133	-1.66450504778569	0.747369429770167	-0.734287528093373	-1.08230339391714	-0.679409455031059	-0.600288864377247
ENSSSCG00000017068	-0.974653332145475	4.16299458562235	2.70034807421469	0.737758369331748	0.162923461751415	-0.32458011999952	-0.450586657169806	1.50282883981643	2.99446639613693	3.34740451855516	0.620985880912218	0.815529781713973	-0.905833149234746	-1.1153405357988	-0.394136135475558	-0.582957623341297	-1.91630082149808	-0.302631623455946
ENSSSCG00000017076	0	0	0	0	7.30430492476965	0	0	0	0	0	0	0	8.37606400681375	0	0	0	0	0
ENSSSCG00000017087	-0.0176536872241981	-0.268402803991448	-0.596748335685158	-0.612405231318113	-1.29970639064305	0.213595408979126	1.88525989142148	3.25612263024557	4.2750680248136	4.10712195664762	3.17667530013448	3.23714525330775	-0.624475784317043	-0.215017489102807	0.0923913970659251	-0.309223974518624	0.0148655422283597	-0.0893586013109208
ENSSSCG00000017109	0	0.159801904454192	0	0.693679679276477	0	2.05373155464736	1.78031189239893	2.39190367898529	3.26692922304181	3.12828966928601	2.16567508925982	1.05658947366103	-2.71594053155844	-7.77926373579298	-1.46860825092677	-1.40896222245069	-1.00297266511482	-0.853753289760946
ENSSSCG00000017135	0.977998211101692	4.56737884180796	5.28070851041366	3.93450721430576	-1.59298368990202	-4.63452844026761	-6.83583448233922	-6.83249873547925	-3.29202239361653	-6.73287241935415	-0.214988561275549	-2.90373822523671	-2.74861756385102	-2.07087094065512	-2.06999785587196	-1.36008055736	-3.73630219209359	-0.390840631170252
ENSSSCG00000017144	0.898963256482902	2.92126281594479	3.16548581868703	3.42385823380565	8.55255531513275	7.29345646072294	-6.10068367955189	-2.92972976786816	-3.23931629886824	-3.18063152498839	-2.97676943968294	-4.87579989007807	0.77395395659758	1.98420960607151	1.14556171656582	0.694591591374671	2.12360441926186	0.0740580712808722
ENSSSCG00000017164	0.171617135122981	-0.793493142737374	-1.0719819934438	2.85760317350045	3.74586430445196	1.41689322934401	0.0432000104183491	0.431683691821341	1.25126967390884	1.21479184920131	0.240447220881221	0.390460636445552	-0.713462466111038	-1.03354930029972	-0.762402186273733	-0.617315379707118	1.1698285004303	-0.65400532279923
ENSSSCG00000017170	0	3.26942324537766	4.292319610835	0	0	0	-2.39525363233101	-3.05377559904763	-3.06636083791552	-8.40158901756099	-4.39954033605297	-0.570569531606576	0	0	0	0	0	0
ENSSSCG00000017172	-1.36936898963728	3.58185143192168	3.18639699749537	2.03692596179509	0.217594254393763	-0.085710011876243	0	0	0	0	0	0	5.15028539799592	4.25432162149842	4.21068804993606	4.69235901098677	1.29859620218199	0.964553187857145
ENSSSCG00000017181	-0.221192086715915	-0.326267810402355	-1.8941417505602	-0.303017693234879	-0.640099933925614	0.356948356531183	-0.924567747328216	-0.641052102023654	-0.0768699121679846	-0.594163151932244	-3.18778586369711	-1.02382868831543	-0.477035654204099	-0.273983322464012	0.0422215856853063	-0.884506804264023	0.706458214144371	0.118004942771686
ENSSSCG00000017187	-1.00454792623918	-1.27681724626641	-2.94599717394253	-1.19617096447128	-1.69878021757935	-0.733254519145595	-2.57257607282035	-2.00897110502081	-1.58237231407577	-5.28647718595015	-2.09785049326658	-1.88426767849242	0.0325129928619226	0.165760709658073	0.176614634799193	0.00541613166301283	-0.159418624513413	0.40190487546881
ENSSSCG00000017227	0.555317042747169	0.525950209963827	0.328854370098387	-0.404044178414627	-0.800663293622619	-0.108543200086884	3.52918677130195	3.08337585391898	3.22639164515412	3.53547144753662	-0.968033211879958	0.178026572413629	0.0338839511979264	0.84690921470785	1.04207604403422	0.346249974163623	0.269528236466269	0.196257676665676
ENSSSCG00000017236	1.25669362371637	-1.55236497485128	-0.296955079155616	-0.851044417933943	-0.298354072374386	0.48073749355825	0.105224494031983	-0.470584751482538	0.51687859053335	-0.0558474747535326	3.88472375549243	3.616878014225	-0.216155267626926	0.192020928994861	0.0335850000565364	-0.317935977731363	0.773210291064613	0.557830769254223
ENSSSCG00000017249	0	1.25895861623927	0	0	0	4.18033503300969	0	0	0	0	0	0	4.24059357273251	6.34211186843019	3.75649283019967	3.94868894729228	0	2.69451950682433
ENSSSCG00000017251	-2.03930453347844	-3.30635185670177	-5.71090618428033	-11.8154727968264	-7.7415754751162	-0.633699900239099	-3.16686596529746	-3.49490945545577	-1.95051485481612	-3.51850598495562	0.0445400637664359	-0.311922874521992	1.5216636137075	1.89182874244829	1.91781976424394	2.12058775429764	1.02198191478517	0.332180954061467
ENSSSCG00000017257	0.270315308843029	-0.724666945292404	-0.543962473881645	0.167370355480736	-0.586893703218504	-1.11288320510254	1.11701025683931	0.120249299202832	1.15869885873941	3.0598654433922	-0.566032246273151	-0.128300192068043	-0.931423302060669	-0.562692011168976	-0.4667631773546	-0.0560747652595548	0.574614009051995	-0.535680645655068
ENSSSCG00000017262	1.38723240201972	6.69871611308917	5.98738607348087	7.65209608693046	5.63507467906638	2.0014536575683	0.923212484403429	0.360031624150649	0.807073412696973	0.853297327378882	1.81898159568667	0.4608064491586	-2.3375912140982	-1.15911035427878	-0.879077439224193	-2.13403558824922	-1.85107696841837	0.455394489637423
ENSSSCG00000017274	-0.30182171638082	1.4456849089674	1.91368187478344	1.60187784530706	3.37549991295751	0.849532662021459	-0.936815180993662	-0.172475438200903	-0.281744587062322	-0.0400087162336032	-0.985884571235598	-0.862548769972129	-0.0190097712916121	-0.480501998524914	-0.652383676086817	-0.796585507665602	0.231609726731462	-1.30182020623796
ENSSSCG00000017295	0	0	0	0	0	0	-8.75249787164455	-8.749140443143	-8.61398883389248	-4.35746247888671	-3.68842513703356	-8.873876933719	0	0	0	0	0	0
ENSSSCG00000017304	0	0	0	0	0	0	0	0	0	0	7.232969208134	0	0	0	0	0	0	0
ENSSSCG00000017306	-0.261785738466946	-1.85352590063901	-1.22595285802272	-0.57059163227075	0.177877783274403	2.50676320756353	-0.184926151064186	-0.0826535966611454	0.860878036289881	-0.266284404324525	4.31993815344311	1.9124167095015	-0.786034070072221	-0.330141576988589	0.213385694796766	-1.55310355729758	1.13781845544079	-0.809681017072082
ENSSSCG00000017313	0	0	0	0	0	0	-0.956663228335456	-0.468916712815686	-0.64619262465346	0.264334251922468	3.88553319819616	1.56896290934291	5.18186197910171	2.38813940699268	0	0	3.18008554105225	0
ENSSSCG00000017320	0	9.54069740082157	6.57114975180592	0	0	0	0	7.684697246168	0	0	7.06424250097891	0	2.0369893188884	0.482093904888746	0	0	0	0
ENSSSCG00000017321	0	0	0	0	0	8.62547682579284	0	0	0	0	0	0	0	0	0	0	0	0
ENSSSCG00000017331	0	7.26946142799077	0	0	0	0	0	0	0	0	0	0	0	0	0	0	0	0
ENSSSCG00000017359	-0.760180472042557	-1.99442436577803	-4.34924970506248	-1.22386122608354	-2.91179748182059	-1.25341006490697	5.83421298429387	3.89792285680929	4.86029944050101	4.8937298287526	2.34629810774029	2.06402515435276	-0.403454007518071	0.297763408201808	0.0338247839617044	-1.42492388005214	-0.908550118850394	-0.992086829669571
ENSSSCG00000017411	1.30105151307418	0	0	0	0	0	0.130352346063015	-0.944402887586133	-0.393572207903947	-0.63517080709863	3.54820670382729	2.17567230320219	-4.27299702459579	-1.89816276223073	-1.15327925772466	-4.26075873735714	-1.70342185229577	0.220219460184255
ENSSSCG00000017421	0.770213826917671	1.5570345042414	1.4908560620136	1.39377052672448	-0.0641220964356601	-0.140741018056386	2.7454116163827	1.69363028334218	2.97184281237063	4.01449444022928	0.745334911504802	-1.28834442584547	-0.895345912497825	-1.28987811034286	-0.991340405946455	-1.23478667639093	-1.04708520992796	0.170998402195069
ENSSSCG00000017427	-1.24548263998471	-1.31758424833932	-1.15591878225833	4.81582271634188	6.14262672722257	1.2758449971215	-1.4868206424569	0.485256328221524	1.05891524994821	1.544754837084	0.807242155062119	-0.195744883063715	-0.806678214377845	-0.552245117131367	-0.685303653784438	-0.0981424780089363	1.82982382470346	-2.11539890711652
ENSSSCG00000017439	-2.59963800693257	-1.04779070130337	-0.785966841187538	-8.78213309713545	-8.84007055561003	-2.06935077935964	0	0	0	0	0	0	0	0.198449099075378	-0.292793223127861	0	0	-1.14081086031812
ENSSSCG00000017444	0	8.10486549504538	7.0148443492916	0	0	0	0	0	0	0	0	0	0.0362477436078716	0.762929181735937	0.0475858134631374	-1.59201123218804	-3.27300486861485	-1.9500410999971
ENSSSCG00000017445	0.34369387656068	0.232810588966533	-0.00519703402816813	-0.971185569322122	-2.86987485623332	-1.63216424371788	-12.9608339528566	-6.2657767416333	-12.8220052968826	-5.72398258677438	-12.9930569748262	-7.50393351142026	-0.588171239500606	-1.0384030705724	-0.742271722077617	0.557782302799888	-4.19921543759424	1.57877627379456
ENSSSCG00000017448	0	7.71945391149121	8.80043386079073	0	0	0	0	0	0	0	0	0	1.06497634891379	4.07386501797692	4.03265077890454	0.246821411780485	0.961220341249677	1.09387291844994
ENSSSCG00000017451	0	0	0	0	0	0	0	0	0	0	5.25546159384526	0	0	0	0	0	0	0
ENSSSCG00000017459	-0.526196743616781	-2.02988920555146	-0.436607042898426	0.517056491936632	1.55287112216656	2.73155924931268	0	5.34123264593878	2.74931791823215	0	0	0	-2.08756824503159	-0.50722045849273	-0.929945393208482	-1.09039489422949	-3.21505433604268	-2.57069400505696
ENSSSCG00000017470	-0.249769530255787	-2.84278075727921	-4.50843083684064	-2.78006221108303	-0.815818510738188	0.790651073647213	-1.48128020182697	-1.73440684279926	-0.511743961562872	-1.83064092651277	-0.68059218420953	-2.49384275728611	0.741665575891633	0.979442299911228	1.64297949660062	1.2707544961097	0.118949163370166	-0.432691329103371
ENSSSCG00000017478	-1.17439812690391	-3.23999563722781	-3.93554364918572	-2.5141758206465	-3.66410767255259	-2.42166735562112	0.254651641394676	-1.31847354091326	-0.89845042429162	-1.97474445751974	-1.27816450028881	-0.768174232436742	-3.28953439865999	-3.02388828637196	-2.47690650360257	-2.23624502193142	-2.46276530144483	-0.716721873619616
ENSSSCG00000017498	0.675072523065623	1.26635219610307	0.699582838478402	1.31695638050494	-1.70679644633483	-0.549973009094249	3.85996759777169	3.06794602567636	3.0646270731903	3.8744645120886	-1.11094174924977	0.431190194972858	-0.276484817216596	-0.825548691593091	-1.10823593045449	-1.90441813200597	0.12780245577889	-1.25224155836036
ENSSSCG00000017522	0.299158997656422	-3.09268080296978	-8.64086754036467	-0.60349813444382	-1.45889488903412	0.234624218868253	0	0	0	0	-0.21400061444827	-0.0739224443859827	-0.841328928823097	2.72778362277467	1.09971643851709	-2.38333792328336	-7.47279230500857	-0.173896606069163
ENSSSCG00000017542	-0.680938096612326	-0.930047963912532	-2.95264989125517	-2.37157625650197	-1.21795089852756	-0.0677717251198367	-7.50916256525536	-0.15630944110405	-0.921283265168028	-3.11446867217333	-1.4662320360793	-0.846599402337036	1.52683550872479	2.17071814910129	2.12171334920796	1.26628853168819	-0.0433277122003757	0.891513733918995
ENSSSCG00000017548	0.82944533507202	4.41073709696406	3.29335488533387	1.24893701636418	1.44006644063857	0.931886552754493	-1.03544387499339	-1.98311140404729	-1.15034192607614	-2.60160966348924	-1.37325846524015	0.228841859488295	-1.09678381094872	-0.876218594647458	-1.30431540890487	-2.45244966574419	-1.38997744352863	0.450977031594233
ENSSSCG00000017557	-0.0723914401239386	-2.11176133934276	-1.38032919899724	-0.36621673932777	-1.06563173876572	-7.23199984361577	-4.74853997015476	-3.32298474708352	-3.57675536266733	-7.9092974868228	-5.94415784491517	-0.652142072677814	1.69966695404925	1.34251326056517	1.92093118445499	1.16470952754307	1.48232860450566	0.0787239464563902
ENSSSCG00000017563	-1.15857023968659	-0.768040985555307	-2.46852894149446	-1.93930621622636	-3.330494743823	-1.50769963233974	-0.46696902121268	-0.906754513524696	-0.58470216707338	-1.89258422474921	-0.754770833359541	0.752916816112272	-0.329068805859207	-0.040421649816602	-0.276092505221424	-0.501748395941475	-1.59618687104507	-0.700944088359567
ENSSSCG00000017585	-0.35517803739468	-1.13052821021033	-1.1895077835856	0.551886139261787	-1.94113706649888	-2.13673436320141	-1.0154916474791	-1.24856262207582	-2.28024782204086	-4.99901298656447	-3.18378989524616	1.65752622104333	-0.995203517173754	-1.39808187311803	-1.01846902994745	-2.68814655044395	-0.664850348687155	-0.812702073608897
ENSSSCG00000017589	0	1.79951492661963	1.73914700530064	0	5.38807052602654	0	0	0	0	0	3.72149960573463	0	0	0	0	0	0	0
ENSSSCG00000017638	-0.429165562099579	-0.641026309317863	-1.59333698473712	-1.49434869354878	-2.00096400980787	-0.925173482901457	-0.450466100205217	-1.9048459673689	-1.07617494735377	-1.85116575420876	-4.46559621278367	-0.0874713122745337	0.588012228156023	0.511882031174395	0.726519841177139	0.96227362118282	0.553052878389315	0.360518191328782
ENSSSCG00000017641	0	0	0	0	0	0	-0.336893263932914	-0.140160431179627	0	0	0	-0.391290974093798	-1.68195235518071	-7.88980850401291	-1.89637824858947	-1.0393231414318	-1.0212276515058	-2.16959303955637
ENSSSCG00000017700	1.93131008572206	0	0	0.473256358259116	0.0917977110747226	0.378368543508057	1.37559158929113	0	0	1.60301057682219	4.90802463860609	3.14733988204505	0	0	0	0	-0.993274033910316	0.237284004682109
ENSSSCG00000017717	1.71626602115768	1.46652806469117	1.87510707838256	1.08054027636364	-2.18291775922198	0.315033442245118	0.800786698322839	1.17637076915045	2.05012245619975	1.35206978248658	6.5472667965278	4.86636239457419	0.492493805486395	-0.420248651525311	-0.139555774639011	-0.668536712839571	0.219543751723741	0.50267815809368
ENSSSCG00000017720	0	0	0	0	0	0	0	0	0	0	7.31046687725849	0	0	0	0	0	0	0
ENSSSCG00000017723	-1.09234322671865	-0.389951551419199	-0.903070058824718	0.500146764593797	1.08009749331619	0.450807710357111	-0.406730127242578	0.133224892752466	0.504666909093504	0.250131446803785	4.7963388538188	1.23459292183278	-0.66702618845891	0.0328908888329433	0.162499878321744	-0.992905732084821	2.90370119159908	1.27438669528996
ENSSSCG00000017749	0.821270565824948	-0.629925860185735	-0.12037452109192	-1.15828195941892	-0.0224762295846051	0.150373483794525	-1.69210071078006	0.112371496194981	-0.272102480221051	0.614774921751614	3.38985996822774	3.86502063856872	-1.19213859244106	-0.0863204576307773	-0.783193036315828	0.0232943434176395	0.592533105285003	0.442696511140301
ENSSSCG00000017750	0.164648550689247	-1.54527448976384	-1.60423776472986	-1.29363089265038	-1.11459856791393	-1.0082301127743	-1.07677297415241	0.0277722744925398	0.609499687137358	0.712939385172217	3.15290888521974	4.13061033055848	-1.10766281719463	-0.660410959030947	0.262178154254039	0.159794068472856	-0.148883468738455	0.169251678464234
ENSSSCG00000017755	-0.26540215718975	-0.0346701793446623	0.466166695770921	-0.0358857175516456	-0.675947769961187	-0.69718449625255	0.82683886382024	0.13635531166825	1.74615581890139	0.365333121330366	4.01934710695693	0.813841956342676	1.32290485277356	0.31103454758484	0.998293714698265	0.404584468653706	0.389335066421473	0.134414021991102
ENSSSCG00000017758	1.91389887437664	0.129509539698799	-2.4757984932154	-1.47721743467891	-3.51260426352051	-0.604913680407511	0.7776726054506	0.314911195344088	0.609575296270928	-0.400594692549739	0.200252025289987	-0.55254319862963	-1.10915172379345	-0.99744377831032	-1.31483422979799	-2.76611930780147	-1.10070908909125	2.42390524016988
ENSSSCG00000017797	-0.631404377114758	-1.06035331247985	-0.25563269482787	-1.01095430667281	0.290385170260089	-0.0818412375505285	-4.86163157754602	-2.27040303526897	-4.80869249022199	-5.9073266774534	-5.76010659600143	-4.33208090201926	-0.695530067845262	-0.34052252626707	-0.978768952649795	-1.00100875589469	-1.35504571601647	-2.37699927381914
ENSSSCG00000017802	0	0	0	0	0	0	7.85005689814631	0	7.96951546623532	0	0	0	0	0	0	0	0	0
ENSSSCG00000017861	-0.282474153533443	-0.320873243753814	0.744705071090017	0.763787224529969	-0.683617665420702	-0.707173549643421	-1.44566439881449	-0.733984395356826	-1.42121820717315	-2.07947678962553	0.687815533714444	3.60114225651937	-1.1518704477223	0.0366981068576762	-0.994585070509211	-0.229781751083277	0.752846950781313	-0.46898191939774
ENSSSCG00000017863	0	1.79951492661963	0	0	0	0	-2.75686910146988	-6.92481675708151	-6.79050369516441	-3.46189481708944	-6.96011963228401	-0.485484945084827	0	0	0	0	0	0
ENSSSCG00000017873	0.371614804845716	-0.265904182969983	0.0762518619957403	-1.18267440916417	-0.969141575605093	-0.184744942348371	1.94523172473674	3.61130848250019	3.71910104051049	2.51191874396953	1.97519243096428	1.77431144908255	-0.285439940730144	-1.19367203407632	-1.19341597779111	-2.28510860222541	-0.967316471888552	-0.868900339378948
ENSSSCG00000017883	0	0	1.95954981348967	0	0	0	-3.58319983235969	-4.8493147390124	-2.43915055916138	-8.92385197125202	-4.92191999059856	-1.09302009133189	2.4524473714477	1.62121369719071	1.89321112023372	2.41012678486748	-0.974295208038159	-2.55855255338595
ENSSSCG00000017885	0.681641172156959	1.86459328360584	0.593870529580983	0.323785287048326	-0.587347584067974	-1.08897726394115	-2.50219189712541	-2.53618518183092	-2.40791707612795	-3.24936881180631	-2.45298244178579	-1.93451798127139	0.020777209093384	0.147968532282411	0.286202639759857	0.381568141880996	-0.982150317306383	0.0513015379566249
ENSSSCG00000017897	0.193753133259048	0.429740097272657	0.219961855002439	-1.29715951026721	-0.8702993594409	0.27733095509758	-1.71956211608572	-1.3947089074583	-2.79379439259847	-2.47201202456706	-7.86159281816233	-1.38728183556074	0.126543180344602	0.615792101946808	-0.0178630176366732	0.139135069938456	-0.427257838864085	0.667140532040417
ENSSSCG00000017909	0	2.1241937092853	3.33825092472646	2.23829010085369	0.820963223915529	0.308272738316497	-2.20420228434224	-1.73117555384723	-2.77599611805492	-8.90283403867133	-3.62900038398751	-0.546409330296488	-1.25782011401225	-1.68490719715716	-1.16806941181492	-0.962828502221355	-1.15643014647968	-0.829349379204902
ENSSSCG00000017923	0.233114230208379	-0.831190739044279	0.18626388247591	-0.296727485902453	1.12354194518825	-1.81788850134503	-3.16286844198653	7.11007653087991	-0.725747986315453	6.34737256123455	-2.03822254442583	-2.92848270899951	-1.82597082068351	3.1583928369715	0.471116228552242	4.78054351932932	3.84911914455627	0.898818061496942
ENSSSCG00000017932	-1.48493767761287	-1.90771516453255	-3.99591973402253	-1.62095962208221	-0.918617585291214	-0.357868053111193	0	0	0	0	0	-0.0739224443859827	-0.340783334920581	1.67207328981806	1.00711165124731	-0.27386695151392	-1.80431248652047	0.215740561891168
ENSSSCG00000017934	0.362755276883103	0.280091489615395	0.154236632206154	1.21865061953746	0.662806351857012	0.323469504923176	-0.4777264772993	-0.883618783796734	-0.968949254382277	-8.2764459224176	-1.26108774432155	-0.285476545279698	0.366250162488391	0.728077921356577	0.802256532424645	1.13848276002595	0.234140900199649	0.554013058447132
ENSSSCG00000017956	-0.50857120001773	-1.38445012392349	-1.38357824938926	-1.30648845840606	-0.390595950218058	-0.727232534753594	-0.698395809911488	-0.429970274011645	0.867394237544645	0.598314660950168	2.58810185448533	3.97530068781308	-0.652198501785882	-0.0855165364703513	-0.356204126345798	-0.538755683980497	-0.489700026964422	-0.738231188253306
ENSSSCG00000017963	-0.64717127274674	-1.40931354747346	-2.56189619556037	-1.88639640674295	-2.02813188141416	-1.21379513892989	-1.20147503564066	-1.81416063930134	-1.35475498852569	-4.09625196545538	-1.85339266396536	-0.623776670264789	0.514447122793922	0.484916419947481	0.392108143973275	0.562499174607901	-0.220219646833922	0.163553544929918
ENSSSCG00000017978	-2.93795355822953	1.43837229358906	0.943234124533879	2.20626134069992	1.02511350506892	0.573221045350796	-2.53783695361744	-2.21297733332365	-8.50929714822805	-2.7177762581131	-2.28730406794906	-1.15483943667952	-1.17458353974783	-2.51988617253442	-3.67505388531891	-4.60734864804813	-0.666514369656305	-2.08506661442091
ENSSSCG00000017981	2.64334388205188	0	0	0	0	0	0	4.26439633141398	2.44358776119081	0	0	0	0	0	0	0	0	0
ENSSSCG00000017998	1.55990709014265	0.487574386598216	0.830356200744083	0.951985215701576	0.959087555157257	1.37357187610029	-1.90253014075749	-1.46187519540747	-2.66828781137493	-8.98512874038265	-1.4753971540845	-0.994420830286359	0.197785905668679	1.21093316846743	1.19661795716636	0.742880221334412	0.202302165294299	-0.515260758026349
ENSSSCG00000018028	-0.286396807496786	-1.05469836321358	-2.75985900018925	-0.674490744500997	-1.54184592967692	-0.394410383777158	-1.74625406225409	-1.73917860241875	-0.334833872524062	-7.34481824240137	-1.08752656094018	-2.56049801556034	0.611932424697638	0.549367986910108	0.72065410357333	0.850498637140464	0.0527371910314908	0.58674506801477
ENSSSCG00000018032	0.206978189552028	-1.49944467093329	-1.07144846908508	-1.4543914859238	-0.796583366568985	-0.882727838027368	0.14773509926898	0.220072181510673	0.633370363874636	0.201204214451728	3.47979888408319	4.06237113231201	0.148015292264141	0.00313964874135861	0.20604500056585	-0.542492942425088	-0.350852119122515	-0.184605867915655
ENSSSCG00000018042	-3.21340005305821	-2.05964048029836	0.99361630747421	2.2696924956705	4.76238260912897	3.38484792190184	-0.770312286623982	-2.50332121912094	-1.88170857754152	-5.15349899951747	-1.68066362411423	-0.81850792799428	-2.59624637502935	-0.956530224437695	-0.868852041233087	-0.809114074899089	0.487223153328726	0.0967499968649297
ENSSSCG00000018072	-2.246053636049	-0.0163804513131508	0.37383623215611	-8.07150723112873	-8.12936239135492	-1.17939160676924	-0.618110497941133	0.0959803164322022	1.37872061354803	-8.96499095590745	-2.12901129868915	-0.900519311499013	-1.64895151743199	-1.16766342405981	-0.759739158919132	-8.30265331111852	-5.33985770555732	-1.26435092440466
ENSSSCG00000018073	-1.10230755243876	0.555292974421065	0.750480909736226	-9.42187604491047	-9.47985981136328	-0.378120063929028	0.0397291437590831	0.202611900142105	1.36508735599798	-10.7789595631509	-1.92801229185767	-0.86014853613973	-1.75587698266741	-1.64273332005628	-1.21054143852738	-10.4262377896773	-7.46366101244224	-1.66781039967503
ENSSSCG00000018080	0.205165415457398	0.494719947668658	0.174654502904538	-3.48587576111571	-3.43331319120081	-0.162513559642827	0.479333776798747	1.40954112344782	1.71472886429264	-0.940843427019704	0.635021600254701	-0.1428337423836	0.31289152750361	-0.00689976886389705	0.337218126935306	-3.02019937173509	-2.93168684542697	0.415104776550689
ENSSSCG00000018758	0	-0.743156055417706	-0.80065214150548	0	-1.8654501739752	-0.679273933557543	-3.47327831343542	-3.05577062405812	-4.71464137781303	-9.64704449186015	-6.5655065296263	-0.929062670255901	-7.06748981121507	-1.42230532756504	-2.12259686333032	-7.06099461557061	-2.23425044927161	-2.94603745779905
ENSSSCG00000019358	0	0	0	0	7.5783510735321	0	0.714401967363485	-2.45311711420831	-0.878969584682724	-1.27444419883612	0.857500282248732	0.309569749442424	-1.0182835690578	-3.24952233663005	-3.16411245262435	-1.3625319501775	-2.00876035666427	1.05397773278866
ENSSSCG00000019663	-2.04041965181005	-1.96256274275079	-0.960031046953622	-2.75620849384529	-0.183956190845484	0.246761798227924	-1.85648893642182	-2.03906155322104	-1.37833621361629	-7.86295852939457	-1.60590808354598	-0.531902737019798	-0.00230345616146629	-0.394928989258353	0.21273072390319	-0.185608001628332	-2.12682677284989	-1.44150554879555
ENSSSCG00000019937	0	1.96160320169161	2.55994663901317	0.7904118496085	0	0	0	0	0	0	0	3.8367792334512	0	0	0	0	0	0
ENSSSCG00000020680	0	0	0	7.7037399186506	0	0	0	0	0	0	0	0	0	0	0	0	0	0
ENSSSCG00000020736	-1.71292079273152	-4.0026662722786	-2.95885514072762	-2.82479296565899	-1.71696677955536	-1.67234808447079	0.758021097839636	1.35748047882761	1.0685499096612	0.679086429186546	-3.62114755204082	-4.26097521027247	-2.38587356781507	-2.74475058768099	-2.49579376778689	-1.59942093649773	-1.24169532088558	-0.0337561255474131
ENSSSCG00000020771	0	0	1.48889760526641	0	0	0	-1.89807850138503	-4.14282938920971	-5.09576542425291	-6.14705292033442	-6.54966549150064	-5.11699147530715	-1.85690757210399	-2.06076512926999	-2.73057750592688	-5.9728853308087	-3.8161680330701	-8.2646083812489
ENSSSCG00000020785	-1.91159666792854	-2.38847905538772	-3.22483134315181	-1.16821415309949	-1.51260026468396	-1.50619701918926	-3.05673789458927	-3.6230158779846	-3.2218998829135	-3.60896453689134	-2.20472719402155	-3.39185888730506	-0.24985426477167	-1.34674928487588	-2.14828345535723	-2.35331791728894	0.979856590206533	-0.446031607500722
ENSSSCG00000020838	0	0	0.638301143633888	0	0.669296263633928	0	0	0	0	0	7.58451979909134	0	0	0	1.27585549908399	2.8186859557622	0	0
ENSSSCG00000020845	0	0	0	0	0	0	2.94062379745448	3.80908485135579	-0.772989008864258	-2.73391033689192	-3.98579662768143	1.45257512121458	0	0	0	0	0	0
ENSSSCG00000020859	1.97758915093203	0.69878927022675	1.31918761892206	1.69437815178877	-0.524457608372363	-1.24311914523608	0	0	0	0	0	0	-5.66610290424535	-5.79789466909088	-4.75754396015996	-5.65385181172138	-5.8226376409556	-1.49371832256354
ENSSSCG00000020864	-1.16328036225645	-1.90273964699446	-2.73249378348373	0.314714950162516	-1.83424387972052	-0.686751951758689	0.590373457640276	1.30430682920595	2.23441255296607	1.53967901616786	5.46848523459923	3.58112313661821	0.20984680493385	1.28194693539812	1.3699882100081	-0.580953268171336	1.56006792218326	0.377588101011002
ENSSSCG00000020872	0.0355370593662811	0.961575072185754	-0.457939923945427	-0.951776896735531	1.70912883199598	1.0295720126736	1.53409191798425	2.28035034779315	2.78883263601072	3.28144370087479	1.35002683600796	0.8680281268743	0.187456530360055	0.978711701895004	1.34866258277034	0.892612160503753	-0.584726517024247	0.457371727995116
ENSSSCG00000020927	0	0	0	0	0	0	0	2.72469116311743	2.25227492958784	0	7.7853768018522	0	0	0	0	0	7.46329761424407	0
ENSSSCG00000020986	2.07350747216397	0	0	2.88840193666844	0	0	0	0	0	0	0	0	-1.99177565946979	-0.754565632548789	-1.04385800394821	-9.26195466331796	0.412232835061496	-1.70346495492376
ENSSSCG00000020992	0	0	0	0	0	0	0	0	0	0	0	0	-8.96647108100912	-9.03846215707478	-8.99130145983339	-8.95994009784843	-5.08675941154287	-1.60192052133219
ENSSSCG00000021018	0	0	0	0	7.6980412968107	0	-2.43705735317271	-7.56439196216868	-7.42966052322631	-1.41927844399455	-1.93273747637041	-1.38539996202617	0	0	0	0	0	0
ENSSSCG00000021036	-0.882958229874994	0.161865440224737	0.107215398477731	1.81368111395811	1.63768204180961	0.36536663658899	-1.0125038363704	-0.840301808576521	-0.864208279821036	-1.80262623942458	-1.19692970899866	-4.19694054748968	-0.0773315955083526	0.369624907604917	0.436795124039259	-0.698499763482124	-0.47465834303511	-0.0933042024558137
ENSSSCG00000021053	-0.578636350988517	-1.5380179460994	-2.90422429505438	-3.35380476593956	-1.33489481856844	-1.15864973943934	0.0788992175857556	-0.118721117597856	0.872259271574542	-0.422303190165724	0.854611750696038	1.93942791911426	0.168312948352217	-0.611106757817251	-0.0642721073518855	-0.414914750347431	0.253445296705826	-0.920006939150895
ENSSSCG00000021059	0.579961494072361	-2.01244519487055	-7.56084553033872	1.02726384657982	0.937388315465982	1.90621199903407	-0.823847250132994	-0.124631100966686	-0.205215243079865	-2.95549071476995	-0.891255349885282	0.117471794328207	0.920297950708907	0.473078067765932	-0.30874823066026	-2.78339848308925	-1.12539618710352	-0.342568587476255
ENSSSCG00000021075	-1.48330512410932	2.42965224787623	2.66271561274081	-1.36508331145976	-4.03657757441631	-2.09512612364653	-3.07545477471755	-1.21196866719421	-1.18587178639038	-2.84581676187232	-2.49523804841422	-0.96975340547937	-2.13697659401278	-1.15996860631745	-1.12825807902134	-1.83580686868943	-2.5599131006228	-1.41333134112064
ENSSSCG00000021126	-1.27640352332873	0.644432924838411	-0.809790281625968	-3.44740090892246	-4.52634266941303	-0.631728297556693	-0.970165133337588	-3.06949118008971	-7.10982292358204	1.12033099626179	-1.20474587519459	-0.394013471860703	-2.39366745028352	-3.89569634694258	-2.81739657174815	-2.83095968167407	-3.92102671713884	-1.10321541793889
ENSSSCG00000021132	2.92515118638536	3.33683715172021	5.95390326982902	0	0	2.91092585080718	-1.88423805752047	-7.0115809587122	-2.54065593049274	-6.91184805313995	-1.37983973046942	-0.982268223433436	-0.323191378199767	-2.18097328033647	-3.99145213402323	-2.57610784189809	0.318508906307694	-1.1225135999386
ENSSSCG00000021146	0.144629355825379	-1.86117705455973	-1.47709791097835	-3.24156659425868	-1.57130393636457	-0.40822138809936	-1.85077646065915	0.49333270709038	0.215096570637075	0.0456917293366741	3.33573997315705	3.26767087140432	-1.42148215095417	0.88739159069197	-0.341383497619947	-0.418197607836591	-0.271230912686318	0.578669008851945
ENSSSCG00000021176	-0.32805207875769	-0.815404360448886	-0.572249224925529	-1.25007297148465	-0.566350202823624	-1.05672860358274	-1.13837490479743	-0.355625373897393	-0.0988944498496749	0.263842637334622	2.91751765084732	4.14653042253746	-1.06662951840175	0.204291493903913	0.480967270098464	0.645888920808313	-0.0201620578904495	0.0987766237749534
ENSSSCG00000021181	1.01181238490908	0.225905941802242	-0.53055518047253	1.14328260720603	0.146055103444776	-0.0291802230549807	0.54243811444817	0.612049212966924	0.896738186275123	0.568016609974831	-1.84286905269592	-3.87706010607579	-0.624462498691869	-0.838252861477028	-0.727706201157894	-1.11114010000569	-0.451223825312275	0.249496461332925
ENSSSCG00000021204	-0.181526234089959	-0.473565785324563	-0.36436148241665	-1.6422695496397	-0.540345708755573	-0.693494391022501	0	0	0	0	0	0	-3.07820240214	-0.0296576124345938	-0.513953650828252	-7.7178607318649	-2.68648420484068	-0.406059943671949
ENSSSCG00000021206	-0.658198538905474	-0.517717239124006	0.502906782199907	1.55302087244381	1.33156505686492	0.441955743626131	1.29131414317147	2.67256891683691	2.66935140702851	3.34392446766618	3.33895749377381	0.360112048196065	-1.52319376174075	-0.553595467384844	-1.14150411525016	-0.887548019060191	-1.08062252658459	-0.458232497953863
ENSSSCG00000021218	0.49715981482397	0.572275866407068	0.9004527125397	-0.885407800958957	1.11490582835913	0.176341395694116	-1.4918370635636	-1.48469023202234	-2.39476985541223	-3.05535790697371	-2.45446610886906	-1.29976395706711	-0.841328928823097	-0.108933808096304	0.324929454617409	-1.40609895322915	-7.47279230500857	2.88572291763088
ENSSSCG00000021220	0.231587496127596	-0.531910289744181	-1.65398020954046	0.903582547305737	0.165219516958732	-0.375975596766155	0.252830837691072	-0.739687756584388	1.76654801579788	-0.251448031620785	3.82243882921822	0.760943772442957	0.80314827993598	-0.147203377631819	-0.313372576575217	-0.49170820417208	0.335072186022014	0.075093035972237
ENSSSCG00000021227	0	0	0	0	0	0	0	0	0	10.2281843918236	0	0	0	0	0	0	0	0
ENSSSCG00000021232	0.278110586950681	1.8023327650698	3.30683414830966	3.36210896284792	2.21604059855747	1.03758287426885	-0.27853266690298	-1.7964550421692	-1.07653101062377	-0.998703935956845	1.1151618858672	-0.00479585767243811	-0.117029268454902	0.242716076542823	-0.232029406738123	-1.03231001837141	-0.197295587886153	-0.143812854629604
ENSSSCG00000021265	0	0	0	0	0	0	0	0	0	0	0	0	0	0	5.83665418631838	0	0	0
ENSSSCG00000021359	0.75666704570826	-0.176956432993663	-0.179979720925107	-0.769941008738952	-0.134638027562739	0.459834233392039	1.47550748340927	1.49445103262075	1.66392106703241	2.05161267896903	3.58669252218939	1.51322638877624	0.329899411019878	-0.492380688004098	-1.07553258439796	-1.53172195453484	0.895278361862242	-0.2052101380595
ENSSSCG00000021411	-1.20287672877608	0.49802255852636	1.36421309250283	0.962426680730235	0.603199586144386	0.635021861856507	2.96725876275099	3.93228120907153	3.77666905446188	4.56110897448888	1.40407040365559	1.38850502988354	-1.23641351290586	-1.61978222557926	-1.46244079835399	-0.904434170488531	-2.09126698142994	-0.367251004055283
ENSSSCG00000021448	-0.58808022018214	-1.07864057445838	-2.32721177575685	-2.31946863650722	-1.33842096578098	-0.996685380917622	-3.70327289193803	-2.86296464500324	-1.92767765475561	-3.78984598902937	-1.9468251174066	-2.48549516208042	-0.140066808721065	-0.346134330495749	-0.0199785916106148	0.101514441440022	-0.268412488940046	-1.08244588882924
ENSSSCG00000021534	-0.31686429030318	-1.24665282538068	-0.639912899506692	4.18621651480291	2.29187188716276	1.11959019831794	-2.05064781238868	-1.2807338371848	-2.25628597261455	-6.20985392138888	0.973292437052676	-1.68053979741905	-1.84479717168491	-1.57834684469024	-0.894765626220494	-0.120375236255267	-2.09225489882711	-1.02938242259095
ENSSSCG00000021536	0.211419517590347	3.49304964256036	0.125360077672889	-1.35667192480721	-2.14333446431024	-0.683615821519495	0	0	0	0	0	0	-1.27773356303331	-1.02232773284233	-1.11648391354005	-1.61965933386421	-1.63039000044369	-0.464101222097031
ENSSSCG00000021576	0.29557449476946	-0.852693667446601	-0.541076756915942	-0.341976276162186	-1.47247560168325	-0.781814133461019	-1.31805385746624	-1.643423426997	-0.994797968892387	-0.732424750036726	-3.67944710575349	-3.08630355584669	-0.61675755552048	0.197401553802551	0.951606292588033	-0.213926604330308	-0.315674022443945	-0.33617860710868
ENSSSCG00000021585	0.178154953030855	-2.83686445244452	-3.09327302869983	-1.18313113662398	0.398430134861614	1.76343646527043	0.580408808010402	0.267354819103348	1.37590058450511	0.916723892011326	2.18346929931094	0.666418586945934	-0.68736000036108	6.16848374269188	4.51886300780615	-1.6521318437771	0.597278785176348	1.24140169232327
ENSSSCG00000021597	0.943621473225221	-1.08811981720033	-1.13098147961362	2.46228826157719	2.05708770226469	2.49076784847875	1.59199690736931	1.61115580639324	1.2960047739833	0.825974643535663	3.88047883683464	-0.651211496452616	-0.855488246642349	0.263829717371614	-0.390313785893718	0.515608824438136	1.83566437225999	0.706300839879149
ENSSSCG00000021645	0	0	0	0	0	0	-8.64778075093654	-3.91145827274017	-3.20890642129219	-2.97573458117429	-2.60494571478043	-2.97253099498792	0	0	0	0	0.974496175012858	0
ENSSSCG00000021651	0.495057852110808	-0.233303704711535	0.28839344752576	-0.173186216494688	-0.756510509344093	-0.424439372907856	-1.25056229181266	-1.90291391525112	-1.0130488950206	-3.62662686021208	-1.19160326784043	0.989191148978868	1.07289718232187	-0.516928577922955	-0.134184966572881	-0.16144764591067	0.798973174081558	0.286229421410564
ENSSSCG00000021724	-0.5089374688413	-1.14317163604628	-2.68754467887531	-0.464168235421159	-1.79618467361466	-0.809251695690608	-3.01552148718612	-1.86152108875717	-2.48224589482083	-4.35355222764894	-3.0054734591228	-1.88371273991235	-0.153681605163418	-0.148249756496693	0.186244565713714	-0.921860947129023	-1.93866232994026	-0.33262804335936
ENSSSCG00000021767	0	0	0	1.76678282276253	0	0	5.11653111558151	4.09421739333251	4.35297250823162	6.97749208039119	0.66940917201024	1.90696998209289	0	0	0	7.65913029494878	0	0
ENSSSCG00000021774	1.03105976287323	-0.668510406606744	-0.252628469151665	0.560649431278066	0.244840265906941	0.287621415975855	1.63630789915893	2.51963989316965	2.35366622454108	3.3677560855963	-0.463807334651974	-0.965382161741814	0.328043887476242	0.399384178317482	0.521043786605599	1.0952039918263	0.250582304274013	0.177554257578415
ENSSSCG00000021813	5.36636444811181	0	0	0	2.71655480819828	0	0	0	0	0	0	0	0	0	7.97294107563217	0	0	0
ENSSSCG00000021852	-1.15476576040363	-2.43079139049508	-1.4882457168851	0.976770022434234	3.45981468009141	2.24408929939119	-0.473032065851599	-0.365111360704286	-0.653165141802841	-1.10137983543108	-1.4375384558086	0.693207782151746	-2.55521585015112	-0.383673896947542	-1.1291013530009	-1.01873954457321	-0.220562033730209	1.68521407652818
ENSSSCG00000021866	0	0	0	8.11704633337482	0	0	0	0	0	0	0	0	0	0	0	0	0	0
ENSSSCG00000021867	0.0144741432402485	0.688524197798622	0.900821314354726	-0.0361074894463814	-0.558150347337819	0.0907877242509166	-7.78081500220324	-0.766638583760857	-0.123508363916077	-1.12427220896556	-1.16010317281823	-0.231333683741373	-0.034502939775447	-0.0712267003306545	0.548989309031139	0.0557853343080612	-0.22395975333922	-0.226383155602143
ENSSSCG00000021873	0.0317976025640548	-2.98106316245682	-1.72736027116886	-1.49323341750772	0.0171747118018932	0.0144862738364609	-1.76636238436934	-4.49644727591811	-4.19964709132368	-4.27965963599549	-3.03976921848288	-1.12544493027342	3.54264621509025	-0.56636668596302	-1.25045955863045	-0.197298708239812	-0.370523395407192	0.239084192163057
ENSSSCG00000021897	-1.641798859775	-2.51206733931318	-1.89656096314695	-2.7305628422609	-4.38087162854662	-1.74204738940458	0	0	0	0	0	0	-0.863759797191409	-0.892724190502646	-1.14931311931642	0.248059038856862	-0.819434809347488	-0.670299377250265
ENSSSCG00000021902	2.11953662013636	4.17177344699458	2.79383198003221	-0.139680076405911	2.35061838359856	-2.14666497896583	-5.99135772951264	-2.22638774428675	-1.30857962290592	-9.13684710979398	2.91284030371859	-0.588313479915467	-0.00371987584831649	1.5878096530336	0.220087532440036	-1.46121922995653	-1.23977331412031	0.50432502579133
ENSSSCG00000021911	1.51725883323807	1.69132157632625	1.54808681082675	0.96277592496641	-1.31949335274029	0.0704060969372861	-1.80806659882008	-1.90155060604224	-1.65884430691689	-2.14264628987595	-0.86733422160115	-1.02122002509307	3.63364997787824	2.90145013226755	2.43466796168114	0.303217633126489	0.192061412003595	-0.954711974114443
ENSSSCG00000021933	-1.13908234796528	-3.1465122804088	-7.16732769170307	-2.96134108916437	-2.12176100130428	-1.52630998888176	-7.0967624482552	-1.38784007032366	-2.62243612695704	-3.63040540992477	3.07563564648614	4.99136017483737	0	0	1.8110731504264	0	0	0
ENSSSCG00000021956	0.238549019044454	-2.55722864606811	-2.11488716838226	-3.5057330623852	-1.44012542746421	-0.487597502107389	-0.284889669013921	-0.468916712815686	-0.96440791367099	-0.0556644321754965	2.35293377783917	4.15864397706433	0.910468830549185	0.796324862896864	0.919984535224267	0.375377815918767	0.257082976166715	0.328973303202179
ENSSSCG00000021959	0	0	0	0	0	0	-4.72528393342154	-3.75883482832412	-2.88492997651743	-5.42965128699015	-1.69576010178284	-0.920352289706274	0	0	0	0	0	0
ENSSSCG00000021963	-0.552438363842718	-0.694848653085846	-2.24997650727008	-0.655456507445874	2.16311707217298	-0.97244206076245	0	0	0	0	0	0	-0.694220039667977	-0.386323771282581	-0.590143498429646	3.41737334295621	3.84469909388752	-0.917000839963288
ENSSSCG00000021968	0.903769350491634	3.10598652419604	3.57576776983192	2.48690201966591	1.5083848570605	0.891524133727796	0	0	0	0	1.33880656090417	0	1.08621743825577	0.323925903926759	1.22904080093058	-2.69705192248371	0.349903129438755	0.547340819266014
ENSSSCG00000021971	0	0	0	0	0	1.54101394918087	-4.1119226648855	-3.11079026304869	-4.02072684730811	-5.6623258839836	-3.40684601342874	-1.11130346638736	-3.03131010848058	0.00083726822871692	-3.07727170915466	-1.08633337173632	-2.23425044927161	-0.115219329198475
ENSSSCG00000022083	-2.92757210532695	-3.48986705586327	-5.5200195311247	-5.49203483370542	-2.77442762914586	-1.6402793901167	-1.32561619641853	-0.776358522948755	-3.56757516359108	-1.22060725359441	-1.12131163634019	-0.80283254044691	-0.937516076181949	-1.22261734520347	-2.08726404985322	-1.75069271863527	0.0899087264034016	-0.998901385437262
ENSSSCG00000022091	0.820552994076887	2.36920038655204	3.45630648992464	1.19752992806343	0	0	-5.46103814124678	-3.51527109037467	-3.62056203053077	-4.27449166282362	-2.28049728481102	-4.74523631223821	0	0	0	1.10829732180536	1.035468849496	0
ENSSSCG00000022105	-1.75715876520401	-1.10376947562327	-1.92544005701625	-2.21145270671008	-0.456443960844955	-1.09405465050438	0	0	2.03165692513388	0	4.58440313182968	0	-2.70295517564341	0.595750046875248	-0.440879272303965	1.00498545304083	-0.195296635302505	-0.00340521631659192
ENSSSCG00000022140	0	0	0	0	0	0	0	4.22118369316942	0	0	5.64550234727137	0	0	0	0	0	0	0
ENSSSCG00000022163	-0.666922336675888	2.13924642777266	-1.25227169592015	1.25579605148061	5.19880881349952	3.72747555199204	0	0	0	0	0	0.450443602232506	0.73216043459522	0.015830156760697	1.13759850216337	1.34502360286303	1.06278810649996	-0.751825490670232
ENSSSCG00000022196	-1.13328104160078	3.18436701113322	4.80808789614627	2.86661859539625	0.878869631670187	-0.146881367612912	-1.04249644797297	-2.0214920751226	-3.25571861898836	-0.592867216097831	-2.09543914973581	-0.876943896056034	-0.557611031591967	0.123829020311952	-0.5536453186615	-0.711242389687389	-1.00734669045697	0.140237984098772
ENSSSCG00000022200	1.04927227448477	0.677415263866756	1.35385289815935	1.8630465284708	-0.491575718575339	-0.189844731723727	-3.21306621686915	-0.949559795378083	-0.64619262465346	-7.2810912535716	-3.27859130480231	1.10531130996672	0.0448002081089447	0.935391984686475	0.492592650859622	-3.6146678644316	1.15144031568971	-0.724390298901221
ENSSSCG00000022202	-0.579425239265624	0.123473188827249	-1.22302806231854	0.976431287572222	-0.712286542416719	1.06525245420486	-1.26032956937539	-2.27866155498257	-1.14999740657378	-3.33518364174402	-2.58450774444688	-1.34130788465055	-0.330011838825862	-0.921095753170156	-1.86337039525779	-2.45180954896974	-1.88931234358614	-0.643557373904051
ENSSSCG00000022226	0.0963983319646913	-0.831190739044279	0.035191928919903	-0.777432979647484	-0.898984263011319	-0.175924636216105	-3.27682106985847	-3.26988343833244	-7.31009376191259	-0.941987588858984	-0.607014177130249	-1.99055226141361	0	0	1.14764818104008	0	0	2.45528479285766
ENSSSCG00000022233	-0.840508571796901	-1.79423035652596	-7.56084553033872	-7.5477962169262	-2.51535235311303	-0.573583308536286	0	0	0	0	0	0	3.70725473233563	0	0	2.25965714504167	1.28845960901343	2.26390361639299
ENSSSCG00000022251	-3.70576392193646	-5.31301708374555	-11.846358127207	3.34942858611868	8.71049428225195	7.24253912461976	0	0	0	0	0	0	0	0	0	0	0	0
ENSSSCG00000022258	-3.47402597791057	-7.9874092312964	-12.007710802593	-7.24320917332193	-3.04841837576984	0.245949278272476	-7.24771116728415	-7.24436809560938	-7.10982292358204	-7.14451500384653	0.823344012268575	3.03016654004996	-4.42262113215214	-3.03424129925544	-5.45119421692426	-5.70464519131994	-2.96389961906342	0.214528770577595
ENSSSCG00000022269	0	0	0	0	0	0	0	0	0	0	11.4026829793399	0	0	0	0	0	0	0
ENSSSCG00000022274	0	0	0	0	0	0	0	0	0	0	8.67167390077723	0	0	0	0	0	0	0
ENSSSCG00000022292	-0.183261709620802	2.20588200036532	1.80139712831183	0.575846798595608	0.394026048730928	-0.790061598376785	-0.57180055860322	0.345076792343504	0.933863875165059	0.908648374697192	3.41713396128116	4.6399095769036	-0.548032127884267	1.03367982611849	0.0379866439230101	-0.0229283987978074	0.47948095666823	0.0206619951558693
ENSSSCG00000022309	-0.444440967283471	-2.61512143659956	-2.59621830085201	-6.205649485316	-2.15788793684737	-1.67631450906873	-0.694537942826384	0.60987210195523	0.240038790948205	0.914623546781864	3.77068108372122	3.56409533559834	-0.475636484125901	0.780206402505178	-0.121108909008306	-0.00668100515979483	0.361656012510117	-0.0230019827972749
ENSSSCG00000022331	-1.22233011642367	0.761919394759534	-0.356919707383729	-0.639910519305112	0.0722069064348126	-0.36129049165627	-2.19099050650131	-2.2237059594105	-2.27533772177296	-3.37472307396493	-1.1776178720749	-1.08178319651126	-2.16153672558224	-2.00520670642391	-2.89047396835714	-2.2349882411145	0.5603920523926	-0.911172691384633
ENSSSCG00000022337	0.413138430595873	0	0	0	0.889630218049574	1.13309708121035	-1.49758878370293	-0.380413178615531	-1.74867495571387	-0.670857419924848	-1.52679657604061	-0.513908666878858	-3.95679987706065	-3.68412630709593	-2.79926629341157	-5.46966444726491	-2.40210906035103	-2.47318636908045
ENSSSCG00000022370	-0.306409186514727	-2.1319841053535	-2.69588909531785	-3.23939238775217	-2.06376257418051	-0.891158933749185	0.584150832140282	1.1738986518872	1.39620372098511	1.61811943539563	4.61857189195302	1.95745408773775	0.110088008005704	0.862222660820184	0.573534423812116	-0.674892873722888	1.8331351192331	1.59152401492656
ENSSSCG00000022390	-0.327799307860151	3.01288552843907	2.82090935503319	2.62510040978858	0.279474217527541	-0.0576527088021807	-0.844669988396057	-0.864770412463122	-0.555989238026485	-0.870462520069555	-4.79864351754304	-3.17441202185228	1.56778838260624	1.71841887975126	1.18026243992714	1.25439847047458	-0.422265564729688	-0.661807182224109
ENSSSCG00000022405	-0.546973465723374	-0.33703629941069	-1.96689569385807	0.535890243295147	-0.320804509101332	-2.25463961627506	-3.28382954239219	-0.376936399663428	-1.27212106538269	-2.28678766054488	-0.786411171463236	-2.26419362249394	1.19008981569397	-2.07706893953641	-5.79880671497308	-6.59955652122732	-1.10781617535213	-0.615650245918322
ENSSSCG00000022430	0.101692845380323	0.851302132117745	1.00286902588991	-0.0695648020171481	0.305289628954214	0.197417756597272	1.62317090652229	3.62408988831687	2.31825885641494	2.5519046396523	-0.0755180790970353	-0.625903356448328	-0.533376832082104	-0.426553715854336	-0.399587367417767	-0.555828233089307	-0.444746672864047	-0.0511146976990137
ENSSSCG00000022447	-0.0346610369998882	0.246732081668904	-0.248710016061782	0.33014394165333	1.04346695683126	1.24483369015246	0.605345832945341	3.20168044623158	1.68558990368026	0.232852405273971	3.56617823915759	0.790439041185045	-0.371934330173649	0.200241578210074	0.139740945781345	-0.246411106352915	0.276505434775478	-0.682482410515884
ENSSSCG00000022467	0	0	0	0	0	0	-7.82950591340483	1.17625642970651	1.27533507375524	0.581702180962489	0.0557900758603825	0.601231468279565	0	0	0	0	0	0
ENSSSCG00000022483	-0.459925125720061	-2.17516827306382	-1.28807645101575	-0.999825067562804	-2.67805720345087	-2.30084382600651	0	0	1.20315875824365	1.3824515446466	2.5388068474704	4.04087247104768	-2.39573698628866	-0.245553319866799	-0.0211506228730255	-0.608609769689775	0.21172937268658	-0.87802228027538
ENSSSCG00000022490	-3.35606450837452	-3.42765734119383	-0.444903394496971	3.71415888239522	3.20843216797022	-0.685661445566937	-2.75686910146988	-0.811125470699577	-2.45395991330621	-2.53375356411324	-2.82232323395991	-7.04884564082639	0	4.55918928004473	3.41512583796647	3.39410425254192	5.68993616015042	1.93359645282147
ENSSSCG00000022543	-0.66213399469941	-7.0860692450378	-2.27118055099772	-2.80206743231758	-1.96244069482526	-1.01017829539801	-2.75686910146988	1.34250371656272	1.28551578248599	0.307826137245869	-6.96011963228401	-1.72731918390751	0.371561388825489	0.795568169933554	-0.600363351822208	1.03296455518055	1.33752242791496	0.238180689261
ENSSSCG00000022554	0.580663882460446	-3.06623817806183	-4.78784353239509	-3.83805929156197	-2.42788541067358	-0.529689604466514	0	0	0	0	0	0	-1.1461340432409	-3.70461707027295	-1.8958053331334	-7.17376859727367	0.0382285933392206	0.323680646083576
ENSSSCG00000022568	-2.21444831163532	-1.2936577099486	-1.37081603977802	3.03299913536655	2.95378136474261	2.21233352376957	0	4.58268322518521	0	0	0	4.54388673539455	0	0	0	7.76553558679671	0	0
ENSSSCG00000022569	5.03800853190428	6.3410029280181	6.20476241549799	6.94770548735339	1.95473026352375	-0.172914141607176	0	0	0	0	2.8856053667882	0	4.73027762174748	5.29824266531597	6.23440920025611	0	1.60713238205862	0
ENSSSCG00000022592	-0.296818740861966	-2.03881106513071	-1.94382855473503	4.02269661795745	0.155159279556056	-1.08127689723372	-1.86093790730963	-2.65562630358046	-3.04311475890783	-4.54608690307427	-0.897304326655152	-0.471172127483962	-2.092411100657	-0.217315436513406	-0.343483167350512	0.805748484615601	2.04066608970491	-0.222281929496764
ENSSSCG00000022609	-1.2329761315034	2.52663782537109	3.52532541492767	3.45375782611491	-0.569752233896509	-0.658087694723405	-2.67117903411821	-2.30217783398931	-1.65483402933539	-2.02164282228515	-0.64351948047789	-1.44923727919821	-1.15017187764959	-0.929504487612563	-0.460347354519145	-0.624031368303841	-0.417617747089124	-0.323936940560834
ENSSSCG00000022649	-1.78917837450908	1.4806263667402	5.16721827046606	0.815116553064756	2.24635631248564	0.813890777802938	-0.148964064221081	-0.257018605772674	-0.0768626026124169	0.0533427291467569	0.524635346887313	0.0112893140515803	-0.874934943979976	-0.36712721007767	-0.883860798315871	-0.867534018409388	-2.2581627326345	0.341537206635597
ENSSSCG00000022675	0.0963983319646913	0.094019637058582	0.323005117239674	0.140730517404332	0.674435941517407	-0.102412323872933	-7.56773944419358	0.341695624077276	0.882587884174242	1.00335979836079	0.0458086567013097	0.564426576528576	0	-0.697169715616691	-0.292793223127861	-0.740039205884703	0.434057117159212	0
ENSSSCG00000022679	2.86165722562396	-0.697185213129954	4.08956809916586	5.81132656943364	2.17212754794401	-0.102714394952351	3.37118279419996	1.53346167667936	0	4.08771348468331	3.17640591603011	2.82130267210831	1.32240622256195	3.470768842994	1.39996145911118	0	0	0
ENSSSCG00000022701	0	0	0	0	0	0	0	0	0	7.68222678507693	0	0	0	0	0	0	0	0
ENSSSCG00000022721	0.85575503731968	3.37439655008668	5.97568084903334	1.63611285254329	2.2544830671723	0.979869554313555	-2.54752527574291	-2.54048241090086	-1.6669738075691	-2.32076583007058	-0.477309570269668	-1.49591322982632	-2.73915547825746	-2.07304688393234	-1.66493926355756	-4.04536410066907	-1.86977581971618	-1.59702827398528
ENSSSCG00000022728	0	0	0	0	0	0	1.7354901827987	0	0	1.12197997571808	1.30887099064853	0	-3.78302271505856	0.0673299460732213	0.184911590060688	-9.33778300410721	-2.0917048985241	-0.634748564072301
ENSSSCG00000022739	-0.360078257569185	-0.0890024777702412	-0.110938059917113	-0.556235172251045	0.287844009756628	0.226213483209536	-0.127506688152381	0.435037514257486	1.24567341270335	1.40094479694769	3.0882109004462	1.26666188759035	0.0215355530507058	0.421378672722921	0.578612698437128	-0.111175108026766	-0.485911325489486	-0.443344377474363
ENSSSCG00000022742	0.682911803893875	0.807420541985886	-0.164082296560707	0.190905088719279	-0.302140841570948	0.0818846890585395	3.28743414697256	3.09249879740649	2.59854880880817	3.19453623254904	1.99241333670513	0.0948451752009125	0.137644764269888	0.315244074234471	0.247531056800385	0.451404770727047	-0.664535296244083	-0.366994726689545
ENSSSCG00000022842	-0.0266871020550645	-0.307048768628994	0.28253625405248	3.45175696191626	-0.846914335359712	0.198669984155752	0.26830041866235	-0.285129780373033	0.0871344395163758	3.42790673175319	0.512777958007352	0.92372235289981	-1.28232881225026	0.21885277980514	-0.628450383320291	3.3415145979418	-0.82679815224998	-0.555996047000853
ENSSSCG00000022868	0.555900133749376	0.930322995585891	0.456422124200541	0.385151014101003	-0.56386798947652	0.635934027845582	0	0	0	0	0	0	-2.00067904389607	-0.827779989159992	-2.45501270097449	-7.96283429503653	-0.476899239646723	-7.92440743579907
ENSSSCG00000022896	0	0	0	0	0	0	-1.21365768878478	-2.60418306855457	-0.445177199294558	-8.20955327230625	-0.641033680287891	0.0246186459798871	0	0	0	0	0	0.962517052694035
ENSSSCG00000022919	0.297168732407761	0.137643097154504	-2.031017111921	-1.73866507825753	-3.0286879774449	-0.626916441360443	-3.24417254348536	-3.64857928104256	-10.2048995459027	-4.98574977691459	-3.98321257247446	-1.49924399088596	1.15671802427131	0.00666258508757127	-1.01568305744344	0.185569760169568	1.72595655477318	-0.0230029512811987
ENSSSCG00000022948	2.22529305433543	-0.496109580582048	-3.26251331970573	6.46676122794176	2.42079700563275	2.28625084636643	0	0	0	0	0	0	-1.32334923119667	-1.71134948644783	-1.37074963572432	-3.24783032866793	-0.487399578594906	-1.93798422531687
ENSSSCG00000022951	0.831247619354081	-0.237744215352504	3.34623793542918	1.41323660704133	-1.48086095333647	-0.253939178046359	0	1.33535307547793	3.76551205495674	3.75486150625953	5.9213447091286	2.19350002594199	0	0	-0.156821725799221	1.0937923423219	0.401525832103559	0
ENSSSCG00000022980	0	0	0	0	0	0	-3.00292489174514	-7.17086820942243	-7.03637196937293	-7.07105099297805	-3.06842006534211	-1.97352527556889	0	0	0	0	0	0
ENSSSCG00000022988	0.195692094368326	-0.388823296596733	-1.28807645101575	-7.71046862768065	-0.463958693507715	0.841737764248515	0	0	0	0	0	0	0	0	0	0	0	0
ENSSSCG00000023014	0.217207695984131	-0.286774732589583	-1.21554682721836	1.02196789786662	0.0929059540017831	0.3238809448367	-0.0871259844613814	1.7947443346263	2.03982860987134	2.28794662518273	-3.29832183986461	-0.697744650968174	-1.28652031173527	-0.210392387010816	-0.177252852420637	-0.956700725225176	-0.26315495275426	-0.815716926178104
ENSSSCG00000023018	1.01124396254044	3.00345901139189	3.64350063920973	3.41281931582981	3.4939519925244	1.67283354109642	0	0	0	0	0	0	-1.06079557492344	0.573044789263676	1.70054858473549	-2.4079838677002	0.477970279398478	-1.11907655956234
ENSSSCG00000023032	0	0	0	0	0	0	-7.69363658514724	-7.68652409130468	-8.36435291172598	-9.4083027391385	-1.99735446719656	-13.9252218093342	0	-1.79760214992387	0	0	-0.0497132809172096	0.388482660272678
ENSSSCG00000023041	0	0	0	0	0	0	-2.56591539744213	0	-1.2993284821776	0	3.88510130972066	0.867029554606289	0	0	0	0	1.12776327441754	0
ENSSSCG00000023090	0.0209827323623601	-1.79025620721717	-1.38953742289592	-3.43518612966587	-2.0080344507196	-1.47361758592617	-1.04440880577097	-3.2226970230784	-1.60385622145165	-5.52257737663209	-1.68238086386441	-0.167786403550975	-1.43022961808401	-1.53027051187612	-1.99020577515998	-3.14379015533454	-1.78316197776605	-0.758766831963587
ENSSSCG00000023128	0	8.26477843755537	7.80366602481491	7.2090869370494	0	0	0	0	0	0	0	0	0	0	0	0	0	0
ENSSSCG00000023141	0.169233548797787	0.707016538140341	0.997762405943484	0.356634772421155	0.0425821691752497	0.411274586166268	2.44552990006018	2.23235327739043	2.64289993047784	3.39975887598823	1.05996163251636	0.805843924742792	-0.94471656378964	-0.938162320825689	-0.912871259848738	-0.637976128744695	-0.879902736950172	-0.167313326720383
ENSSSCG00000023151	-1.01359844762207	-8.27800634143594	-3.06133588947507	-8.18657185018561	-8.24444323134201	-4.3024170932823	1.62055213113886	0.762463368575362	1.64216112095251	1.63377677041243	-2.15604363116404	-0.459928210388466	-0.872534603738851	-0.871088243315323	-1.15263572403943	-1.85073235338021	-3.31633626872887	3.18403021439445
ENSSSCG00000023261	0	3.52842365766138	0	5.27394774417218	0	0	-4.15723682812537	-7.07845782766673	-4.03655537398249	-3.84051528234576	-5.6218516053284	-2.00367239898794	2.71504563590329	3.64180858255992	0	0	2.26985248939722	0
ENSSSCG00000023264	0.391483260249278	0.287989221706664	0.0938917818869507	0.652400080114815	0.232155829373677	-0.0545793681052345	2.39159572388583	2.30721576557819	2.197784021584	3.41092694335624	-0.157080023978615	-0.195032000730482	-0.640342309993625	-0.302562874463781	-0.578739147054234	-0.492332518425392	-0.282500411046986	0.155375915328535
ENSSSCG00000023280	1.68993107501587	4.66015600960531	1.88468708439334	0.340237244326699	1.59646865744092	0.721364194931011	0	0	0	0	0	0	0.0926341424414938	-0.462612714997051	-0.272288007813811	-0.876987384361467	-1.36365344657172	-0.136770798928674
ENSSSCG00000023289	0	0	0	0	0	0	-11.9389941591038	-11.9356297767728	-6.18520613296639	-11.8351166995782	-11.971213061698	-12.0606140325649	0	0	0	0	0	0
ENSSSCG00000023296	0.699327477964795	-1.60678487979756	0.124104692129289	-4.37474877343808	-3.09321567199158	0.251039203208741	1.53131795536236	-0.629991145306783	-0.598075711380526	-0.923476081982427	0.802183518133718	0.393829487378183	-0.0810810944897828	-2.36838176180721	-1.17737214572539	-4.01383078067469	-3.16277876822387	1.22281369156472
ENSSSCG00000023320	-0.557353652588477	3.99468238824249	4.49329059134369	-1.7753100191833	-1.43148152834841	-0.0753919719500923	-0.772380199204738	-0.666101959115482	0.189959893857338	-1.7574406318325	-0.400914890209985	2.20114591886932	0.642960393575233	3.37197657463102	3.571766492499	1.00161006654931	0.482839274508362	1.26849375546057
ENSSSCG00000023338	0	7.47968986076979	0	0	0	0	-3.06491804494508	-1.02533285429374	-2.97354028587341	-3.62744281587574	-3.60766767579306	-1.2305102920914	0	0	0	0	0	0
ENSSSCG00000023374	-0.277295206856221	-1.5775001805248	-1.69901681718073	-1.8666446184671	-0.849240327676032	-0.106137121296046	-0.990091036224094	-0.250309731038727	-0.589054915072228	0.338090967318745	4.17702340608453	2.79733683088554	-0.907926033733067	0.201409135670808	-0.464175810729178	-0.520302845045008	0.526975924442093	0.0761955973928048
ENSSSCG00000023396	-0.505013321053603	-0.827693430726185	-0.598469094246571	-2.42487493193491	-0.75926843877269	0.108121586408027	0	0	0	0	7.232969208134	0	1.44068094292607	1.35877111068948	1.59571081612307	1.58300963162635	1.01235461480396	0.558734861387885
ENSSSCG00000023426	0	0	0	0	2.82251958548524	0	3.33874127929351	2.13135545219588	0	2.66875617148404	4.52766411874457	0	1.35323218774709	0.875490243131448	0.962227964928957	1.25975135718525	0	0
ENSSSCG00000023451	-1.532073479407	-1.6674576041137	-3.66777320890746	-1.96730454948245	-1.86142620985527	-0.16891216845488	1.74204648147916	3.26769965342134	2.95444214971466	3.40429485089263	0.872210322809378	0.452007463326551	0.097120598625557	-0.56981648058382	-0.461322557490749	0.00429167722734212	-0.0720395588547227	-0.33904481265207
ENSSSCG00000023460	-0.422869351945062	-0.592525462829694	-2.26092665651193	-4.19215083404027	-0.820005961975502	0.295010063397553	1.26423395167853	0.950830278008993	0.841837441590513	0.759974990603396	-0.116334962086606	1.15529564454678	-1.5380759347405	0.207073276057654	-1.26537382177976	-2.83359762490272	0.0808889972608679	-0.192491867908342
ENSSSCG00000023467	0.703273961576162	5.11573931368376	5.52023279062586	4.39681302586979	-0.246267416375354	0.7328424864683	-1.1453487511408	0.518097692091128	1.17757296921163	2.6014710688383	-2.35132354966987	-2.63237769597241	0.469689863714829	-0.144767685325469	-0.96066248621409	-0.673096963360285	-2.28906121365786	-0.00257505940102589
ENSSSCG00000023472	-0.287646793106623	0.132479032625748	-1.55879496886438	-4.70627482615425	-8.95718154018542	0.0866141117737394	0	0	0	0	0	0	1.17334417786559	1.8468630655005	2.34995974667968	0.0690018864032591	-0.679700589121811	0.0538324126634229
ENSSSCG00000023514	-0.41827934637789	-1.21368498988091	-2.61507075239568	-3.63143257002251	-1.42110461574044	-1.25939878174475	-1.34648443674529	-1.69666289845402	-0.749587154835093	-7.5206716128604	-2.5598700701615	-1.59168936969841	1.31256683661529	0.482592125164891	0.386202564737749	0.423305604176016	0.374283948310517	-1.03818962312637
ENSSSCG00000023525	-1.02274139297813	-0.464476857289475	-0.622397927908577	-1.53271610643129	-1.61375942458839	-3.07011216994956	0.0511022917228712	1.27110050752629	1.29567656056245	0.698450338919038	4.6429577508838	1.48016660302445	-1.92406264116833	-0.786972657668591	-1.27698273764428	-2.19694147034056	1.14399424342231	0.706959413311281
ENSSSCG00000023531	0	0	2.3194627999023	0	0	0	3.73937212669811	0	0	0	3.82076786480051	0	-8.06210179566038	-1.91085850150408	-3.11730046195121	-3.45822052816514	-1.93615208261849	-3.9404792297561
ENSSSCG00000023557	0.117547792027955	-1.27322629701304	-0.671519923762124	-0.681742169222874	-0.884013909004355	-0.566507798440387	0.684640708142718	0.98378870073476	1.62766365969249	1.29215125562584	2.9852479430914	3.94483452988864	-0.652726662371853	0.115124436502174	-0.199876423117702	-0.581568156538159	-0.813364735138961	0.0952780627408233
ENSSSCG00000023607	0	0	0	1.85541125238758	1.48815424381965	1.99089505967147	0	0	0	0	2.23850084036576	1.35804760130892	-1.36124221403315	-4.58248539089458	-4.49688204006363	-8.48045916849619	-2.67818477152339	-0.540521840287533
ENSSSCG00000023612	0	3.37601193317411	2.3194627999023	2.81849603636475	0	0	-7.50916256525536	-4.25319659531868	-1.49801742060712	-7.40584895176819	-2.44498877426409	-7.63017161679437	0	2.93091375723789	0	2.53154008012758	0	0
ENSSSCG00000023691	0	0	0	0	0	0	-2.94890103059923	-3.49998166021317	-7.54007184743543	-7.57482838760688	-2.04321778266602	-0.435124260868206	0	0	0	0	0	0
ENSSSCG00000023706	-2.29009054637078	-4.63115267393373	-4.20618084184879	-4.53927719588238	-5.55677727300927	-2.7748508530298	-3.60952977153878	-1.66377379551493	-3.30608687204373	-3.38601964420004	-2.14583610141244	-0.84056666520107	1.4240412967669	2.80008626235549	1.2922728226133	1.0095761773916	-0.155555182454494	1.38283547999169
ENSSSCG00000023716	-2.48003708435653	-3.39266586909572	-3.38069606915999	-2.62307579162731	-1.3373804912933	-0.571754122236682	-5.52918901903085	-4.07315245813294	-3.75842421184228	-2.92688168790864	-1.73988128970528	-4.92978877077887	-5.5769461020115	-3.462055947807	-2.79566217958374	-1.89327638253733	-1.46655186261125	-0.576693099520707
ENSSSCG00000023737	0	0	0	0	0	0	0	0	0	0	5.33849015488058	0	0	0	0	0	0	0
ENSSSCG00000023749	1.83594474044874	1.48642857937373	0	0	0	0	0	1.95208357672951	0	0	0	0	-2.32218989127341	-2.85488895713584	-7.33844265485412	-7.30721515105027	-1.33739761113505	-0.361393925064225
ENSSSCG00000023762	-0.749802146443225	-0.112240686125685	-0.125394894669837	-0.0195457556183084	-1.91863635769658	-1.05669689880984	-1.47853499119697	-1.88524594647377	-0.342743627708412	-0.0535936530947013	2.27281773869017	3.77180747816979	0.426734687967819	0.95111689189605	0.857415589766913	0.641424693565679	0.440813193561371	0.234353642503409
ENSSSCG00000023771	-0.35615396184175	1.39666803606255	-0.320296485296911	0.0503923365948124	-1.11066366613966	-0.404094792231648	-1.45779564687447	-3.38951504664901	-7.42966052322631	-7.46440230859401	0.587863051694884	0.0882356680065825	-0.00161366263655364	0.311500516103946	-1.49166683042736	-0.390918094369808	-1.5125225955467	-0.362730341905179
ENSSSCG00000023788	-0.0131798088348745	2.25439444667932	2.82150388047515	2.63096020439329	3.46486954430004	0.0837322729231521	-0.370390675939919	-0.458265687272963	0.245604934122748	0.747705094304646	-0.725417972896246	0.0558916195896977	-0.0294829855025046	-0.377634844956231	0.00717304877384934	0.47431782634659	-0.392011595965927	-0.173304276704921
ENSSSCG00000023791	-0.628865073643417	0.0621376306680293	-0.295244092497397	0.189646636528127	-1.67462738926008	-0.985338527622435	3.14780626621352	4.2829269249889	4.84793215943401	4.15185346285207	-0.0271232318319035	1.10189925910808	-1.16360719456485	-0.675636435679954	-0.404899626010651	-1.45866168920491	-1.23182758784933	-1.23681480533733
ENSSSCG00000023806	0.148939320433143	3.41075567856076	3.09526841899237	1.73858649966502	-0.518488863869592	-0.103012765964762	2.33181949645338	0.247266406625937	-1.30467482384504	-0.836056775801019	1.8748649804401	1.59427221820162	-0.0982027326219887	-1.59671225036947	-1.36191081847876	-0.869065286618484	0.0899758543600199	0.400510531191724
ENSSSCG00000023834	-0.42874307771983	-0.988167142726001	-2.08130295658144	-1.17472343853339	-1.62008950844368	-0.940237463331095	-2.04899896783837	-1.80812560421864	-2.73203507963215	-3.57340036754171	-2.15947130305332	-1.55270135472568	0.204935267021878	0.130918843106774	0.233319845300821	-0.0625077524667338	-0.531139659216351	0.0792444933643006
ENSSSCG00000023852	0	0	0	0	0	0	0	0	0	0	7.70956725156988	4.21656207715829	0	0	0	0	0	0
ENSSSCG00000023868	0.531487329751271	-1.17552344850193	-1.20624764966599	-0.461398774103318	-1.75960403447969	-1.02562493689025	0.500258375280059	1.61269629663169	2.17288781331838	1.99599447851046	0.932866946298896	3.5189457764877	-0.181411307636598	0.56953943131154	0.203576493559966	-0.0848387187076241	0.32574001583164	-0.432908218981413
ENSSSCG00000023887	0	7.26946142799077	0	0	0	0	0	0	0	0	0	0	4.02633937792931	1.26588110666648	0.737146006044268	-1.18331551953976	-1.16586591316365	-3.77060344805379
ENSSSCG00000023891	-1.52074554045101	-3.98184681278297	-3.82372599129108	-7.98936050773214	-2.64356404134877	-2.17246062852448	1.60040406872694	3.30731439059366	3.43891518683487	4.08379334710271	0	1.59649564576622	-0.707991303616174	-3.99850448198769	-3.97717164388803	-2.20714222165758	-1.87557766265703	-2.21764686225296
ENSSSCG00000023904	-0.982230305433967	-1.25525712926683	-3.17143945644068	-0.860657190108102	-1.3602448010159	-0.852107685930693	-3.3621765173189	-0.816134731968121	-1.35298619153799	-4.62473386780955	-3.02736716874336	-2.41609621525333	-0.295306931235203	0.18376809588754	0.031818650788565	0.125356290653346	-0.397509205327911	-0.527358251974955
ENSSSCG00000023936	0.560258361241962	2.23066810217135	4.31129445406527	0.971269291538741	0.55620756300989	-0.61419710049763	-0.706835372783598	-0.402579260392503	-1.49801742060712	-2.55427709265209	-1.87415363578861	-0.0744585476604513	0.592744083449565	0.45719898068106	1.38146621847252	1.258265113916	0.970301763517874	-2.07462274175812
ENSSSCG00000023972	-0.619458481763148	-0.807702980135446	-0.937645079467456	-0.563399363154676	-0.0348070975752751	-0.233329717817495	0.216603133244066	4.03893024066088	3.58222550185054	2.29435194201852	1.82489554481739	1.44590210924392	-0.901080634493596	0.593091254683036	0.597795508026609	-0.385430322024456	0.617993943657046	0.0695688244279328
ENSSSCG00000024022	-0.689011365992265	-1.13508390377236	-1.86203144871484	-1.44883819609405	0.13710312033388	-0.584776486911868	-1.42150147013083	-0.670448002401473	-0.449603523406509	-0.552484451043464	0.134045252254703	-0.959414761183438	-3.19610141144	-1.17429467023105	-2.03581781129717	-3.85981409060461	-0.0313643416483501	-0.243163541639074
ENSSSCG00000024024	0.27020864559371	-1.8644305209832	-2.42627946982027	-2.4545987009592	-2.34689784672369	-2.08387668814494	-1.44299443097976	-0.67389339628973	-0.18324234574591	-0.685850570969524	-0.0690240443246763	3.44083985549354	0.730028819330405	1.20620740041562	0.839923821617401	1.40785702279311	0.483344266020227	0.206031609988535
ENSSSCG00000024058	0	0	0	0	0	0	-0.24227682674013	3.01652287189888	0.251319047910951	2.62315646335119	0.100077201815608	-1.28046007634638	-4.73928967431875	-0.379863648935716	-3.35625090796365	-0.703876012522562	-2.54492568047648	-1.16970975800386
ENSSSCG00000024061	3.38055300660203	-1.22171642135487	-3.13284326513121	-0.647556345713854	0.721350254024933	0.495710122237138	0	0	0	0	0	0	-5.3477977695087	-4.40207451916927	-4.59285414725773	-7.70100173185969	-4.56023162318853	-4.01855833466184
ENSSSCG00000024072	-0.107222229382664	-1.20960964199733	-1.36770274365982	-0.756141477630121	-0.61168028862358	-0.0365146623511957	-0.0337313460603872	0.731084226320904	0.917206843156324	0.624589950368175	3.20649785628148	3.0015452479082	0.19820684683108	0.277829373127115	0.196496058256185	0.343517081940707	0.367494424251827	0.418765144379458
ENSSSCG00000024132	0.226550131163926	1.29425273420551	3.3173367060902	0.21512493149367	0.146045943543351	0.706915779948845	0.43047288316734	-0.0496042580206319	0.683057962560605	0.269789965728482	3.23339046455024	0.895788224603939	1.40961816092218	0.0746359558432173	-0.194690180006181	0.222691267129273	1.78629625592634	0.178074810241496
ENSSSCG00000024204	2.61555543499109	0	0	0	1.80791546055184	0	-1.47920299775587	-1.97097311960038	-3.10370092578362	-5.20611648485501	-2.26798094259427	0.851149172666478	-0.911445052821036	-0.928672098769812	-1.08794396172117	-1.53478688329766	-1.29448311952695	-1.09413109601886
ENSSSCG00000024227	0	0	0	0	0	0	-4.65504595732846	-2.70928208337549	-2.08762132130595	-8.72266361409601	-2.78350540198392	-0.978891437036943	0	0	0	0	0	0
ENSSSCG00000024249	-4.34272451889096	-3.17206129227718	-0.90503934446894	1.17513061189278	-0.746138518819275	-1.502276195472	-2.67690651884571	-3.78914837962494	-2.81999921399549	-9.13684710979398	-1.88873529733927	-0.780487739273818	-1.68549069952046	-3.37345957356572	-1.99260241809973	-1.17497745483455	-0.632653424842069	1.29594579076513
ENSSSCG00000024300	0.267426179232449	-0.00560781857973186	0.0794301231261992	-0.0570594336684433	-0.868661797425529	-0.329567696403828	2.26346712154781	2.05099766167652	2.69984946647547	3.34674398444842	0.482010415490756	0.268442149324922	-0.160005671725869	-0.216101751886941	0.0715793272474446	0.104808455182198	-0.469964527382847	0.161162870897049
ENSSSCG00000024305	-1.0802301968281	4.18361580553144	2.01789337350934	1.24027961398563	-0.191628820094605	-0.687909536959669	2.05300149958183	-0.257418018615141	1.58209925142143	1.3119456612272	-2.45985479283515	-0.109282527256139	0.328879581309706	-0.177942378934164	0.0493206022323231	1.05794911993593	-1.80809382270122	-0.493900820625313
ENSSSCG00000024310	-2.1842964628601	-2.59300638453387	-3.65937645687489	-1.5355956842615	-1.33018612386803	-1.20511123819648	-1.68452941804342	-0.569683825307507	-0.132945916739134	-1.63895175228465	3.99905093775737	2.9234484098261	-1.63084778201211	-2.76025554799599	-1.35751665240586	-2.52567625988791	-0.645395804688239	1.43516688863736
ENSSSCG00000024311	0	0	0	0	0	0	0	0	0	0	4.43608514818943	2.93188357147428	0	0	0	0	0	0
ENSSSCG00000024314	0	3.8893109865678	6.8685173783664	7.36055790431578	7.35348096214151	3.5581424099347	0	0	0	0	0	0	-8.70401336326348	-3.8461114531352	0.963888059222492	-8.69748499612361	-4.82426838090855	-1.57235334739574
ENSSSCG00000024320	0	0	0	0	10.2083120593402	7.41729037602224	0	0	0	0	0	0	0	0	0	0	0	0
ENSSSCG00000024325	1.66087635142534	0	0	0	1.80791546055184	0	0	0	0	0	0	0	-3.98346461417179	-2.3791689985126	-3.04904040197722	-4.68392694194367	-3.88609769137951	-3.6392969071824
ENSSSCG00000024344	0.338984678800896	-1.35049809040713	-0.491345547525201	-0.919382285480555	-1.19736043195192	-0.509878375705867	-1.85029867066398	-0.449048889135498	0.00295301391193924	0.889307519785663	3.09094988502688	2.78420206748028	-1.21236660060837	0.0846782500353494	0.259121897584871	0.961537820868776	-0.0970430365609196	0.710836378401756
ENSSSCG00000024346	1.65055100970982	6.89569263008008	6.67592910277604	0	0	0	-1.55687873665926	-1.45733938994745	-2.1435017391696	-1.90718433250434	-0.835545060449598	1.29044937287623	0	1.72444333112913	1.97968717167279	0	2.50153155372817	0
ENSSSCG00000024347	0	0	7.42709022988675	0	0	0	0	7.85384291123488	0	8.30777676306586	0	0	0	0	0	0	0	0
ENSSSCG00000024357	-0.905888481028478	-1.16002144885117	-2.52747829413356	-1.85372405490532	-1.72668914387086	-1.12378665913321	-2.92349072450428	-2.05729398456944	-1.6815684762093	-4.33055881776837	-2.64474688314812	-2.14205914324198	0.138000022502669	0.0715376115700509	0.316676137724796	-0.0338670029076656	-0.473538519042529	-0.2760446073675
ENSSSCG00000024403	1.0435905382786	0.598105443801049	1.13230289962955	1.09815142937493	0.172273559701027	-0.398976247047159	-1.30114450669644	-2.80342843150615	-1.75842716386704	-3.35267311134744	-2.22306924832253	-0.219382804107483	0.80367813921668	0.0736312117185043	0.174417066805951	-0.198386648304465	0.957470565528316	-0.0278660086378064
ENSSSCG00000024416	1.21659544871213	1.04639275044504	1.66079197867545	0.864591435825372	0.453722056877839	-0.736340145398383	-0.173533233821492	-2.55899005263933	0	0	-3.55162104005625	-0.704357087135798	-6.31277061455943	-7.47761415090123	-7.87140155939338	-6.23476386802171	-3.68005943868476	-2.03290010689203
ENSSSCG00000024417	0.510715608548787	3.21674220008971	4.12619532475757	2.335318767376	3.43807686244304	3.22545126486876	-0.959379184020833	1.15459176269364	0.141347057313603	-0.0557863269344473	1.72901760107513	0.272162179853978	1.61412290492288	0.115124436502174	0.465482319515721	0.628327857337454	1.66103531679261	-0.564908415196839
ENSSSCG00000024420	-1.49239360597695	-1.45955465581418	-0.821882966194035	-1.24534725532874	-1.60659757004965	-1.79874181327606	-2.22036662069582	-2.47080164552883	-2.8864674737471	-7.81875805626402	-1.87933188973405	-1.06880796135914	-0.821966402977105	-1.09259129451693	-1.01458545659399	-0.708151901848845	-1.31168791224796	-0.126877861289282
ENSSSCG00000024428	0	0	0	0	0	0	-0.535461455875692	3.95328507585955	0.22202852493632	1.23020529301539	0.976853595254417	0.707534841660163	0	0	0	0	0	0
ENSSSCG00000024429	-0.894990900053209	-3.19295797274021	-3.5432945130625	-2.58740709463233	-0.521861909572312	-0.0901851801255174	-1.91136492135612	-1.75267769784943	-1.27767788335102	-3.83604822079169	-2.97412552205414	1.43853102364567	0.99172146687657	1.35105459234844	1.52112816763582	0.789891163142018	-0.504110495620207	-0.0128742816097692
ENSSSCG00000024459	0	8.06195556531974	7.7473407570202	0	0	0	0	0	0	0	0	0	0	0	0	0	0	0
ENSSSCG00000024467	1.49215303575817	0	0.909502188620255	0	0	0	-4.03601676043196	-3.45775772194296	-2.42792152022363	-3.80891884709759	-2.80624617421866	-2.31356598240329	-0.0559802751223808	-1.85836092608356	-0.979471033964948	-1.3844076914465	-1.0443257246388	0.491984802037097
ENSSSCG00000024474	0	0	0	0	0	0	0	0	0	0	0	0	-3.6064344237194	-4.30987318767951	-4.22297679028885	-3.37590621692119	0.218472716477762	0.511518160868766
ENSSSCG00000024476	1.35233975003437	5.40139247266527	5.71399661916297	6.08737770094773	0.103131003053909	-0.318462343854045	0.69422133302882	-0.345600103571931	-0.48101573131805	-0.125497769549644	-0.37659479201279	-1.23547850025892	1.05667405277717	1.54252934442494	2.16421950931604	3.0450748419087	1.15805560492692	-1.22137546965777
ENSSSCG00000024492	-1.34824231023469	-2.30803039461294	-1.43414738744663	1.42172663337487	-1.46720539385995	-1.04075392459012	0.610862560511333	1.22652548604734	1.97672738206096	1.14661738913267	1.31596060354798	2.35116831668426	-3.20160084560696	-5.0069287790047	-4.06443802203188	-1.91267856894138	-2.0419201044872	-1.01999167623597
ENSSSCG00000024495	-0.967629594698224	-2.89173819646118	-2.47462245908886	-2.28624055938164	-2.82308240555175	-0.996213772688713	-1.85200425802182	-0.346903671898437	1.25364475141725	1.05439033876217	3.76690968835094	5.16512797749941	-0.645607937060587	0.56643699434729	1.19104193690622	0.271708149153052	-0.107977313223161	-0.236614793009665
ENSSSCG00000024545	-1.37100403854385	-3.57925739693976	-2.62901809452207	-1.95757165011454	0.402379072911593	2.27270389063054	-0.0288220009165442	3.56153604189583	2.68255183106406	3.55117301791168	-1.81308980748085	-1.58308216005082	-3.72760698649467	-0.62217145868573	-0.607853490040776	-0.337853432185454	-1.15791082753362	-0.719027274859985
ENSSSCG00000024568	0	0	0	0	0	0	-2.38350917357501	-0.657811693525976	-2.39168798603717	-3.46752014174479	-0.340021113148883	-0.22939780907135	0	0	0	0	0	0
ENSSSCG00000024666	0.134665255305474	-4.3947310488419	-2.76189425514608	2.06154712452551	1.7352228307248	1.91786302492041	-7.96643273374093	-3.23011532608436	-2.93066322072729	-7.86295852939457	-1.92354973037734	-2.10161031039454	-1.14133974548258	3.30244403612731	2.11278344040893	0.588793489672108	0.878592473335811	1.54449729721374
ENSSSCG00000024669	-0.0256576663168179	2.95206785154936	3.62268876187973	4.7362489354402	0.712768054360025	0.195944887702495	-1.11821944817022	-1.52546022064897	-0.87954380625627	-1.57376821727501	-0.373176876321921	0.444085655322754	-0.345978977773851	-0.03419899148279	-0.382592683466667	-0.0478269663134965	0.966660127469086	-1.1656155834927
ENSSSCG00000024674	0.245555433921778	2.29759000054945	2.76424490993844	2.27414272978083	1.48343008771409	0.51533849313195	-2.57763252007863	-2.27067806351834	-2.23454498142935	-2.58650308452263	-2.25384181881373	-4.01517672340797	0.895049443188685	1.32175074639156	1.13302723011429	1.21212931316435	1.19851498992106	0.753117360423937
ENSSSCG00000024689	0	0	0	0	0	0	0	0	0	0	10.6673894971215	5.31791188114382	0	0	0	0	2.82205636903798	0
ENSSSCG00000024718	-0.520115372494113	-0.919088419827183	-2.52611605108387	-1.03450283572302	-1.70963055219206	-0.825588331178383	-3.62818431677954	-2.38526044075458	-2.62419193844651	-4.06593950422918	-2.31632688528725	-1.80368471956629	-0.243624854299478	-0.465557485208227	-0.38846159442024	0.0959528932593029	-0.621317491214744	0.000500591997246105
ENSSSCG00000024800	-0.832178530327705	0.874173981614932	1.30501613305856	-0.0518641823257539	0.310780354173397	0.16526055214279	0.0697856251478821	0.720458908588393	2.03655444975405	1.81765917830013	4.64404837211271	1.12727903860848	-0.549205435920072	-0.338558823204401	-0.168971480292667	0.0625607198175453	-0.481834597663699	-0.601487125997801
ENSSSCG00000024867	-0.384356014853857	-0.773900579172454	0.284509134517908	-0.992987702213605	-1.37122676253687	2.69383922417915	0	0	0	0	4.3277146314238	1.19122542640138	0	0.831376557578801	0.160901665825536	0	0	2.16912751625189
ENSSSCG00000024914	-0.462333670813908	-2.76845511298335	-3.78659848285505	-3.09674568019263	-1.3867509252807	-0.38213643694657	-2.56975549130479	-3.18294641037428	-2.36910290902402	-1.70762434497712	-1.03597438528058	-2.05244054710058	-0.91336609697266	2.63657938103241	1.85642367421738	0.460619280499525	0.38658721461375	1.2167912105885
ENSSSCG00000024954	0.592013854033938	-0.620330270118345	-0.986877071703527	-0.985627743563427	-2.13218068441187	-0.823239016047677	0.587343543630949	1.96554378118311	2.08519462101103	2.39486651389007	3.50106981924215	1.90526199826297	-1.02164088554187	0.393942653149363	0.400532972528374	-1.67454784107032	-0.525065411946924	-0.911128113710159
ENSSSCG00000024975	1.26549388493029	0.115941583714815	-0.227180120331297	1.42553575862237	0.502508548905734	1.57823663454868	2.68245820595448	2.021514465382	1.8862159692023	1.83254102806745	-3.32591875835671	-2.63300978863574	2.94623662244287	3.35578438088991	3.9756291313809	2.60045127009335	2.4002023329218	-0.416571059850109
ENSSSCG00000024977	0	0	0	0	0	0	-4.04897210911314	-3.46616346391998	-6.20590609401729	-5.35566421226528	-4.11595338025087	-1.04810896902842	0	0	0	0	0	0
ENSSSCG00000025005	1.56887767795516	-0.513930607385181	3.72492161817689	-1.45189106306715	2.41913998639407	0.894439152949792	2.16137990777008	2.32121388541692	2.35692645758561	3.15674815203103	1.92007826976477	0.956410367251446	-0.21765418564938	0.38781025716435	0.14210409700578	-0.205054225398175	0.941032897450495	-0.740786455582204
ENSSSCG00000025020	-1.50192137053142	-1.33406885461943	-1.73430715251927	-1.08751084823363	-2.58171809898553	-1.03976779277622	-0.159274894953281	-1.4385499082903	-1.01031254646141	-0.290397938432236	-2.63174097228376	-0.766365540965477	-2.56831756993466	-3.6581557858025	-4.19502158416445	-4.50452781032775	-3.96247368838963	-0.543646415656327
ENSSSCG00000025022	-0.0576575911183547	-2.26758514038775	-1.64734778878074	-3.06985005824513	-2.26014457415446	-0.855219378037024	-0.596780645130907	-0.808150086357397	0.480934005793485	-0.369207404574427	-1.85376057366343	-0.651430027189112	-0.872467797532943	-4.10597135245766	-1.23374401788822	-0.437333796367227	-1.73193514363629	0.0194745518177692
ENSSSCG00000025034	0.0223023515764189	-1.78654867594235	-1.61408337112485	-0.421190336619386	-1.05263842870352	-0.501980510908432	-0.110281465785546	0.285691499441166	0.917190383229728	0.457670685209103	2.56779956074793	3.33864624494322	-0.95962149462761	-0.388138729199034	0.331738893009787	-0.373360791634146	-0.351875428292815	0.0622223238118689
ENSSSCG00000025072	1.86396814099976	1.84317733032651	1.91851909848166	0.535059564743266	-0.488885858749435	-0.437517846846763	0.171712078879015	-1.73917860241875	-0.228737901441474	-2.09075568486507	-1.23762299388731	-1.58308216005082	-3.3381199861919	-4.1942549093337	-3.9605443606771	-2.91551149091733	-3.54410088196454	-1.96703122421279
ENSSSCG00000025085	-1.15645628932448	-1.22861529501539	-1.57426815095581	-7.48922374736064	-2.45676727798762	-1.50471235586673	1.54088032031411	0.592658918430008	0.106539131132177	2.25940322085946	-0.446077488419847	-0.32894131039142	0.166227182192755	0.387088876730494	-1.1727068320815	-0.668731206933779	1.50567992032081	-0.586005385609423
ENSSSCG00000025128	0	0	0	0	0	0	0	0	0	0	0	0	-7.45724402176672	-3.552540118868	-7.48198334129504	-3.40884267611196	-7.54279483970394	0.227257916602928
ENSSSCG00000025133	-0.295372114227793	-1.74317413917655	-1.18514281185984	-0.717413388988543	-0.777761409887032	-0.885023610955369	-0.0734174823034948	-0.239525418140751	0.737768281069429	0.65529278919758	3.48337610519876	3.95579845905156	-0.296183684372698	-0.347231843725519	-0.397842387825029	-0.624464546971683	0.167244936409881	-0.0879033282711093
ENSSSCG00000025188	0.836309792031767	-1.14731257807518	0.793161349163929	-0.177422865291526	-1.77638424957943	-2.09656201234088	2.53820138713887	2.00309492931167	4.82214277769552	4.80678124413577	-0.280222992243149	0.0609474583792034	1.33516408081517	0.0738158807816614	2.14674939724444	1.58737146897896	2.0694979994468	0
ENSSSCG00000025240	-0.401940479619507	0.0184810515481682	1.40608409177667	-1.2271758202242	4.11312737403153	0.323207284050498	-0.0590346061133835	0.891802472735562	1.079421787025	2.05700653716593	1.83917030923701	1.68716716739816	-1.69545762958938	0.542189631420577	1.38366918989468	2.38087163141934	1.09136351862318	0.00993514265189923
ENSSSCG00000025271	-0.355680577492531	-2.64909946049544	-2.55316067766532	-1.63561874313837	-2.2343514336493	-1.91724635064757	-1.38671109741206	-0.352282746799806	1.45175417939815	1.25669627380524	3.26056629501266	4.209202038865	0.183272718426232	0.199407249683373	0.549262687007087	0.0267711993068419	0.221126914842415	-0.233117147339428
ENSSSCG00000025286	-0.4874304512631	-1.20676871388803	-1.1690636435603	-1.22164825005946	-0.936874477570986	0.429504336851891	-1.12924386112014	-1.09304386326374	-1.67130014516179	-0.841030105395864	-1.69886339519548	0.366948451584332	-1.77904444241889	-2.39496755769311	-2.83601766200455	-3.8157174208062	-2.40645931124925	-1.80629058753841
ENSSSCG00000025410	-2.73765513192972	2.87506458558895	-0.711282667676232	0.306271796277422	3.97537999082632	4.79590805146758	-1.9020189487776	0.17810160975567	-2.15740401143686	0.696920065023678	0.401011710060044	-1.74320795385034	-1.90493553671826	-2.35680935372175	-8.21571732181763	-1.89240667329192	-2.78904528444975	-0.689754507146814
ENSSSCG00000025413	1.39176882879114	-4.42564102580967	-1.30129847812086	-2.3603997636533	-9.44819585026799	-3.76304282712912	0	0	0	0	0	0	0	0	0	0	0	0
ENSSSCG00000025483	-3.43723826706383	-2.60013608264756	-3.68824395703993	-1.52274794929682	0.29228731001606	-0.651182747432826	-2.52198402552179	-3.80766807675049	-3.65919975214702	-4.32606755300835	-3.17696062444809	-0.961318831843706	-2.76348894444099	0.103332342457762	-0.885725029119385	-1.56613155031598	-0.997683161302788	-0.332229272705301
ENSSSCG00000025500	0.737976577437968	2.80717276488107	2.22289677487202	1.69277268193767	2.29423456282805	-0.147163264548956	-1.45153222652714	-1.52312527324914	-1.44483490421162	-2.77237266426345	4.12593080467392	0.479782907034165	-1.96269071378839	-1.68973078534435	-0.157883838940378	-0.96552031779163	1.73852819242701	0.101936443424964
ENSSSCG00000025523	0	0	0	0	0	0	-5.21784575643228	-4.47822434693943	-4.29269454047664	-5.43178302190147	-3.64541622023288	-0.903163918340178	0.0943634061857437	-1.91203170946788	-1.82547453175168	-1.19667479660737	0.113489824358211	-0.261312757057568
ENSSSCG00000025527	0	0	0	0	0	0	5.95314329914216	4.92982094725111	5.36188560032323	5.22194808287836	0	0	0	0	0	0	0	0
ENSSSCG00000025592	0	0	0	0	0	0	-8.09148285348345	-3.91325304968248	-2.65277943767073	-7.98797289442822	0.518407234901298	-1.42913245077673	0	0	2.7702719435815	0	0	0
ENSSSCG00000025597	0	0	0	0	1.48815424381965	0	0	0	0	7.2254268213961	10.1632050442646	0	0	0	0	0	0.308454317488641	0.873728047184733
ENSSSCG00000025644	-0.770454456376432	-1.23960647605452	-0.837201515549758	-2.4952296239943	0.271312942713019	0.543038011330406	-2.49450136018445	-1.07733450488316	-1.40766956623517	-2.74701509685179	3.69309118765744	2.80776801390096	0.249362290916956	0	0.423091719381738	0.732940030758423	1.19889398308733	0.487871597937919
ENSSSCG00000025667	-1.65294296232521	1.90187901388048	3.16288444696482	1.5536848240797	-1.43562676287354	-0.487841765784596	1.58858978970744	3.34952235359593	3.02987665009819	4.52787716488011	0.435939443486662	-0.204445644106435	-1.23501952745611	-3.0796774660795	-2.82472839569778	-2.6607109731363	-3.81063030604225	-0.359685420341903
ENSSSCG00000025686	-0.621462266441146	-1.20937974668098	-1.23347052491338	-0.528983943988731	1.65511145075807	-0.0339624574456016	-0.613679266038617	0.270928429080295	0.444347956262961	1.29741943210898	3.20111687186355	4.2333421258185	0.689972601903267	2.26025721439672	1.71920419385584	1.47873869358668	1.50135680879975	0.767427702009588
ENSSSCG00000025698	-0.998195081210188	-0.342496636392231	-0.750683620673569	0.636430942409215	-1.14735555235081	1.12818560258951	-1.12353762919483	0.576586967190326	0.0958131921187384	-1.1901963210318	0.625700504108084	-4.04620215731073	2.28261377101606	2.47462912127385	1.9062605976465	0.296036510566894	2.29007710797888	-0.474004301995735
ENSSSCG00000025704	-0.203335771043805	0.511364825970016	-0.0239664744990203	-0.0272570136431918	-0.658505864130676	-0.487320911818596	-1.40752435601291	-0.279000349623692	0.394935324887381	0.957410066064091	3.86687081704657	3.96175038854594	-0.013544850111328	0.512620835345036	0.42715679510888	0.794038930915972	-0.0306290386513306	0.203260487778661
ENSSSCG00000025721	0	0	0	0	0	0	8.48338097119052	5.95888635243123	10.086607978307	11.1454104639042	7.42004542904597	0	0	0.875490243131448	3.07452430669512	2.79786353051222	2.33373067224796	1.33404440048091
ENSSSCG00000025759	0	0	1.2841619659332	0	2.29086186378194	0	-0.555320672396891	1.54578325030141	2.9271671469714	3.7904626714459	2.99557255768979	3.57590646898474	-0.478276844807643	-1.72947367019611	0.0961227532784016	1.46716957635938	1.48408443654735	-1.06403704386897
ENSSSCG00000025772	1.40450281157304	0	0	1.20200165759711	1.7769992680253	1.13309708121035	-2.11702907626328	-2.10999193077739	-1.80943219664618	-7.14451500384653	0.241002602526049	0.408416734485937	0	0	0	0	0.716796076450801	0
ENSSSCG00000025783	-1.25753877921255	0.238383380316398	0.163014094436855	2.72831866142821	0.767379977325904	0.174191843296301	-0.8438103518286	1.2924495022926	2.97745370755417	3.86538405299094	0.670640694580932	0.453663183013825	0.0812661550191163	0.988786514510531	1.07697920990936	1.30977790643574	1.36489144765789	-0.00257115288910496
ENSSSCG00000025784	-2.5195188575973	-1.67913655799441	-2.51136964037458	-5.49941070512326	-3.22793572851305	-3.29859008462462	-3.21852085045541	-4.76870971015962	-2.90701467119848	-5.51127468380913	-2.23442881589758	-1.17913796715026	-0.502699964025081	-0.937164740432792	-0.302696199244645	-2.67238851662132	-0.908306786116704	-0.799070577747654
ENSSSCG00000025795	-1.11163788120327	-2.99578455525981	-2.43935038348362	-2.24843993605081	0.234492742981102	0.74965189142139	-2.97282894873887	-1.75923453165771	-1.09463422247791	-1.64295033443876	5.52221631905454	5.67784450166723	-0.978048821927981	0.33632016549052	1.33132421179927	0.796152384171402	0.513690249486183	0.684385262395386
ENSSSCG00000025822	-1.07376876595566	-1.95596328951999	-3.075901202258	-2.80284285380106	-2.15784056745048	0.0522768649941187	-1.07401809267147	-1.87971959099105	-0.971090804423346	-2.45868911918382	0.932257500914872	0.976303578450438	-3.3522843608916	-3.06694541861161	-2.65057842577133	-4.02159076166284	-2.67283407492362	-0.839332649790347
ENSSSCG00000025838	0.230769947750084	0.480836389013171	0.287797196001342	0.685902626021676	0.0426864854081497	0.251332282904952	-8.44396950898559	-0.388267141805854	-0.281790975552056	0.550846894948266	-1.60296838477394	-1.59070460969627	-0.430479039978742	-0.331952142116314	0.0893668842541636	-0.132400935287465	-0.516660991870624	0.185672829536724
ENSSSCG00000025869	0	0	0	0	0	0	-1.81014355556236	-1.29562724933828	-2.29187167391069	-1.58190166743182	-7.76250014547346	-1.86551784944996	5.28831563330425	0	0	0	0	0
ENSSSCG00000025975	-0.542992126597689	-2.78720311827374	-4.29666587064993	-1.9797871584244	-1.90150873783118	-0.436122197963866	0	0	0	0	0	0	0.384958735269719	0.858373800795132	1.16388604223036	1.21523672681497	0.11890139936394	0.0724342082749242
ENSSSCG00000025993	-1.05457917327562	-4.5645204854247	-4.71036562680912	-1.84974874276991	-1.66646562358002	0.0327295232976451	0.171849531382538	1.20227816634988	-0.564811958046898	3.30702614949865	-0.189547705236072	0.378220021693902	-1.29987449687545	-0.215256126256885	-0.519118112088524	-0.822519592579607	-0.628431880225367	-0.528710547651875
ENSSSCG00000025996	-0.954847694151629	-1.5839242858754	-2.33890197153842	-1.80643377458481	-1.22671339550919	-1.45539004251868	-3.14867310976874	-2.66091084194062	-1.9961486394334	-9.47259754623217	-0.304912451395118	-0.644614839809757	-1.41865829850195	-1.14023211211113	-1.65818907373406	-0.802517751876342	1.13563221743167	-0.259349998526979
ENSSSCG00000026043	-2.99863468244858	-0.966129922225735	-2.91118043742442	-1.92389036246308	-1.06563173876572	0.810339816209253	-4.9967939795267	-2.54739855949634	-4.10721907317493	-4.76784637309617	1.86447392185514	-4.34609985727151	0	0.741906018672108	0	0	0.831022116131183	0
ENSSSCG00000026146	-2.17155139732378	-3.22182630194959	-0.452305375834107	-2.46221933038533	-2.36514772056346	-0.685300872233467	0.0305002426740392	-0.11923254046367	-0.702616801470417	-3.52737777666915	0.0117790732735666	1.98714400523296	-4.37113931478893	-3.21158055184373	-2.86398614946308	-4.04584430833222	-9.44856669691042	-1.86141267354271
ENSSSCG00000026153	-0.406526956399978	0.114854037510881	-0.315392985753579	-0.181400659757737	0.550342284501239	0.507486317420595	1.1643308571901	1.28268767004012	0.827324489872329	3.20293322848077	0.574435487402745	0.920705767802107	-0.439939926507848	0.0830744009384636	-0.184888511279056	-0.225421578100447	-0.268261293640162	-0.0441443701745605
ENSSSCG00000026156	0	0	0	0	11.8899512827512	8.4130641413373	0	0	0	0	0	0	0	0	0	0	0	0
ENSSSCG00000026254	0	0	0	0	0	0	-3.03716050733985	-2.49657571913911	-2.72497202209933	-3.79948886855268	-1.47823077746592	-0.170942774661065	-0.956218077779	1.23467763209911	0.892232553187483	0.774515694296533	-0.502647162015641	-0.688437087513166
ENSSSCG00000026260	2.85179895618181	2.63717242210126	4.2978388553601	3.85715194659451	5.65786367346993	4.03990495237082	0	0	0	0	0	0	0	0	0	0	0	0
ENSSSCG00000026281	0.255081713639438	0.479877982592384	0.318080795020989	0.734868677727555	-0.557512768066094	-0.084049904919373	3.42382008991282	2.71554218114203	3.21326019357023	2.74822752861516	-0.790896990560322	-0.663167462279329	-0.0431075097040143	0.0161934438009643	0.471787147074388	-0.0379440407975633	-0.217530064482843	-0.0123454141444099
ENSSSCG00000026402	0	0	0	0	0	0	0	7.10323655870425	9.51321152343108	9.2405087339682	0	0	0	0	0	0	0	0
ENSSSCG00000026407	-0.814135441130745	-1.96048624257155	-2.17767296562799	0.247626308092575	-1.00019241367024	-1.32643078765197	-6.19613402239139	-4.37919716729993	-5.76513176893353	-7.6260226512603	-2.93394364900117	-5.69196312656293	-4.86467459995198	-2.35951003219253	-2.72990481204923	-1.67126212267349	-2.25964240979818	0.197668744534881
ENSSSCG00000026422	0.155604585497891	2.14625170100109	3.15095537570714	4.7342227522958	3.19728862765352	1.33051986292912	0.408449768572613	0.0887747202053549	0.517253113730611	-0.319985510698908	-0.685845322132325	-0.366744527787557	-0.455921645270985	0.0395974692687358	0.0591720854590401	-0.249247819194828	-0.367404216824886	-0.475595109223817
ENSSSCG00000026442	-9.88457916204253	-3.56832269474936	-3.2702025775933	-4.10418160180455	-9.88653827044267	-4.67640650433886	0	0	0	0	0	0	0	0	0	0	0	0
ENSSSCG00000026453	0	4.63014222371201	0	0	0	0	0	0	0	0	4.01981189698413	3.02006054078032	0	0	0	0	0	0
ENSSSCG00000026457	0.732035248296265	1.80168369687377	1.36870116899	-0.533218920876353	-2.77974549876118	-1.7831937309978	1.46769151554646	1.72164299487512	2.19087163410633	1.84815435925465	3.39474467022317	-0.637801582766487	-0.75786382360215	0.246503421575652	0.0255088158215799	-2.52005427415977	-0.0876930569189836	-0.233117147339428
ENSSSCG00000026527	-0.0769128150161276	-2.61722089683321	-2.45483522525144	-2.90747992280185	-1.77638424957943	-3.08814650364236	-0.600278143347094	1.48646688583583	-0.0768626026124169	-1.03070591256233	1.14708122976329	-0.703198212475447	-3.68392152156308	-4.6161205058937	-3.02030138711207	-3.89154706888509	0.0145698792960436	-2.20206379979333
ENSSSCG00000026537	0	0	0	0	0	0	-3.74285228484772	-2.17848392531223	-3.43460742227003	-4.47847888367124	-4.76789704704393	-0.63515722373585	-6.22136524990434	-4.83065538054579	-1.89586218713988	-4.10897128358103	-2.82163858519928	-1.79344269029251
ENSSSCG00000026564	-0.419452802731984	-0.249448499093934	-1.64030341925699	-3.78796775358186	-1.12715316935321	-0.526369565722043	0.455462956352411	-0.138535476197984	-1.28497273483234	-2.31678390732589	-0.115043485657131	-0.0747581268109015	-0.155163048915524	0.0351597728205745	-0.562334127415378	-2.20744665741637	-0.703703336257558	-0.294924710876786
ENSSSCG00000026585	0.363481311567682	-1.46693537817784	-2.4303395256402	-2.40219807539838	-0.39952250195902	-0.0177338968029573	-0.0886731437373771	0.275305087011265	-0.0583744334352939	-0.389236214883626	3.1070804459185	1.19105501903917	0.192926367118193	0.632890475350744	-0.0232440560463576	-1.23433161326942	0.297502118757685	-0.818471243607472
ENSSSCG00000026597	-1.13191908649593	-2.78511268790962	-2.74739308536299	-4.5470833948768	-2.76076173732145	-0.13135412211731	-0.956648286690827	-1.64590388443876	-1.09486654390663	-1.5158827775276	-0.517086614154094	-1.09686727821925	-3.46929546882009	-2.54937284900702	-2.40029626545906	-4.31731582811934	-3.09462497075953	-1.39394124024946
ENSSSCG00000026605	1.79599886668294	4.54454770815988	0.598125463984347	-2.62300239598783	-1.4698838635347	0.938719113888838	0.85027970076103	1.0149289206453	1.44773839164582	1.15304206453183	1.14453927996359	1.02127006470474	-3.02859519484988	-2.05139029330376	-2.93110856730481	-2.98247435587675	-0.154146081292193	-0.22496331859913
ENSSSCG00000026653	0.0189341269255122	-1.75290380682905	-0.886282282566342	-2.01667562918175	-0.902788784740228	-0.305505791934744	-1.33705897082145	-0.440535903783199	0.532120766164492	-0.800509773064522	3.7631188728327	2.972812693018	-2.79573655093018	-1.38572366200059	-0.30874823066026	-2.07047119469692	-0.134282564716934	-1.33134011212618
ENSSSCG00000026680	0.0895638199945837	1.88657555156436	1.76431816494621	1.92437400716903	0.489189104433745	1.00289277770551	0.135846099769263	-0.0991922107729292	1.2237067315141	0.052140857021396	-0.636350134317934	0.928355225707964	3.47328308801529	2.31380439747999	2.54259765418907	0.044914641409941	3.36552728625334	-1.0208973258096
ENSSSCG00000026707	0.200732096859802	-1.96256274275079	-1.12879296801778	-2.09042210113494	-1.22276233883323	-0.214828631194652	-2.01628128978744	-0.255480224157398	-0.786418739526788	0.3383364785006	3.65712281170542	2.49648528483539	-1.10292635317118	-1.01763342685317	0.342221581342504	-0.0981033771310199	0.228918999166799	1.45336256684643
ENSSSCG00000026718	0.560624530233797	0.684680443250414	0.916877971161586	0.28082201738083	0.943046619649349	0.501909957244127	-2.7102162488977	-2.51193753844496	-1.35341232839117	-4.26070464598626	-2.77758490172351	-1.77120390969935	-0.535221141432132	-0.223485016044624	-0.358146930602377	-0.475180285223365	-0.768941406793519	0.105645870721959
ENSSSCG00000026742	-0.543286451946131	-2.81368076766162	-2.65078879101901	-2.58213079465867	-2.32104271011798	-1.68074911717741	-1.39129805514078	0.374100994037995	0.649097548508991	0.535388133634501	4.09410043541019	4.49353712196259	-0.523119769890731	1.16415262565944	0.807805026174166	0.898026880961981	0.811953425643253	0.848119843641726
ENSSSCG00000026754	0	0	0	0	0	0	0	0	0	0	6.97185159570829	0	0	0	0	0	0	0
ENSSSCG00000026790	0	0	6.0321006523231	6.67932244194701	0	0	0	0	0	0	0	0	2.98486029758172	0	3.35129792442125	0	0	0
ENSSSCG00000026791	0	0	0	0	0	0	0	0	2.44358776119081	2.68261755842686	3.76273128531622	0	0	0	0	0	0	0
ENSSSCG00000026816	-0.60882011573668	-0.0358238303097872	1.47709802134181	0.599577273850303	-0.661572178527771	-1.18964673508257	3.09067724671103	3.18445347925916	0	4.59357541317033	0	0	0.0841491057741738	0.120434482585481	0.26160733650043	-1.58773301391904	-0.976300730946422	-0.248772541323509
ENSSSCG00000026849	-5.40458828618272	-7.43341764443863	-6.3007869492529	-1.43321949883396	-12.0552773284184	-12.1534250583826	-4.80785355417992	-4.07489628574523	-5.07056809417135	-6.11449451030806	-4.01334505744967	-2.27149737123471	-1.8409195155613	-0.648821031553012	-1.60438928094175	-2.5272521067798	-3.11462607088502	4.0076505177944
ENSSSCG00000026852	0	4.86360077543717	3.75834660616476	1.76678282276253	4.64885457833119	5.11272340808112	0	0	0	0	0	0	0	-1.79760214992387	0	-1.6521318437771	-0.846637409919625	0.0915213324695524
ENSSSCG00000026861	0.161106063625337	-1.17859785954873	0.316245254453963	0.0559072535943085	-0.632400687635535	0.684305852541565	-0.515321191956805	-3.13942734820519	-0.318976933178884	-7.21441869110356	-0.285433111370859	-0.00768737816344691	0.925924927931447	1.08383656063351	1.60455120550233	1.50512746752955	0.15610281822149	0.647755344354096
ENSSSCG00000026886	1.08071459982191	2.2229744614134	1.90114348586155	3.15686218292344	0	0	0	0	0	0	9.39541570919054	7.96883231062618	-0.409026365815409	0.424029127363442	-0.571228002635529	-1.5036260119911	-1.09683279341187	2.4722302905031
ENSSSCG00000026894	0.756877061989521	-0.965667895038321	-2.62421566744796	-3.32365635991581	-1.53754692675789	0.247830083913349	-2.14499824396833	-2.54253357998561	-3.48918943641099	-3.71782044612885	-1.19890279377649	-0.520540798050069	0.455058653668178	0.10470442844209	-0.663098554472626	-0.411706268605362	-0.518886259190308	1.19887189389587
ENSSSCG00000026943	0.511195712408095	3.1296561492219	-0.396615171908119	-0.156002082007533	-0.196151026422056	-1.74889451216925	-3.28467565301964	-2.72027159823962	-4.18469081508699	-4.4133257622712	-2.03183838381911	-1.95537153920429	-1.48059070602539	-2.67542279486063	-1.39146760895141	-0.891826085317545	-0.272506189562611	-0.359616680230815
ENSSSCG00000026985	1.65055100970982	0	2.15070087883814	0	2.37777188117267	4.45595240339976	0	0	0	3.27042136446412	2.85970456987977	0	0.166655498474705	0.152171948648146	0.285979284248115	-8.60843945758663	-0.36673397883371	-1.76114906828473
ENSSSCG00000027024	-0.962265786370216	-1.05265569818097	-1.44712607351028	-2.80311146280091	-1.83026955123321	-1.99430465922105	-0.351600393501673	-2.19349163595879	-2.73270162588073	-2.96606608517386	-3.2634102156079	-1.49075612587253	-0.501112204397734	-0.782220874386583	-1.11354233957131	-0.0395025379772266	-0.344579254632605	-1.00740776145826
ENSSSCG00000027091	-2.92855087488589	0.697408935282316	0.55581193896454	-3.3436810300786	-3.69889072586649	0.0525724866068074	-3.79992001311805	-0.307316046900744	-0.166000814876641	-2.35821382366477	-0.732142991211408	1.02204686486906	-1.53950365906328	-0.21297834445878	-0.507556728824771	-2.13190909277111	-2.97005785952016	-1.15461376721293
ENSSSCG00000027113	0.00097322935567087	-0.576908072511498	-1.57013231153972	-1.69783150419349	-0.533281460509083	-0.600211893451228	0.906909634157846	-1.39565124358497	-0.555499716847622	-7.86295852939457	-2.90230646856214	-1.52425511041215	1.73816861107331	0.914265831388981	1.56130398688144	2.31798334866956	0.709383838913411	-0.483771179474766
ENSSSCG00000027114	-0.0837094656310966	0.198172790884503	0.177346652090327	-0.323805614939127	-0.059611944194734	-0.0399480238850021	0.804596137097899	0.816598167222061	0.679850302271924	4.37076474728787	0.0392477548608169	0.973485258090251	-0.38854081614956	-0.23949642930998	-0.618388800024553	-0.422638993072916	-0.209467273571373	0.0125599412487586
ENSSSCG00000027118	-1.64140502335864	-0.432779568364394	-1.10314880116934	-4.00666971030651	-2.29843552750006	-0.354293675701352	1.12083199009708	2.17394735556599	3.37615924742205	2.47422162235257	-2.00956302339355	0.302007893261718	0.77400957797766	1.37940935463208	1.91904907589129	0.75073925198249	-0.458070932730039	-0.0673044789366504
ENSSSCG00000027121	0.691723374095184	3.82220778881039	3.65691247860735	1.10571330974292	-1.57390933470021	0.0101082922801307	0.350188666073893	0.349002327106811	0.325223927290977	0.364401030947839	1.18247870765884	-0.942628303832769	-1.05717043094452	-1.11931547387424	-1.06071606611595	-1.0388873705299	-0.954970128769323	0.212299842490191
ENSSSCG00000027157	-0.211354211473918	-0.836343559038074	-0.59576405308763	-0.00178607125842492	0.124619023820354	-0.486004238322621	1.88829663355314	2.91389196258809	2.97034429575483	3.56641745060503	2.11289395032542	1.15502368480736	-0.620962614517	-0.242342162407336	0.485741803774868	-1.42251209660138	-2.56525636928726	-0.595938160875057
ENSSSCG00000027160	-3.911325992177	0.888480074915726	-0.0923082899832828	-7.98936050773214	-0.820393853721126	-2.00509067288177	0	0	0	0	0	0	-1.53200208953449	-0.476019979625383	0.0859674160963913	-2.81405129502538	-1.31796880979216	-1.44454574573898
ENSSSCG00000027196	-0.472227889840784	-2.43094992654819	-1.45079611616454	-1.65660514410334	-1.42989436590775	-1.32661533382497	-1.19821260814523	-0.14183347027326	0.485038402143882	0.48273608395787	2.52803648709091	3.81868057639684	0.501826385618443	1.14758769561469	0.547340591466316	-0.189263643340849	0.993691589885136	0.646334806847787
ENSSSCG00000027232	-0.439413856791732	1.14726604122229	4.43341272096572	6.36736528022896	5.42147675774711	2.50273438243435	-3.21306621686915	-0.689313979188814	-1.37327855785573	-1.45472307093082	1.49800826598838	0.921389943081001	0.150079110258232	2.82627997704244	3.28543769689394	2.15098713580767	2.8832894773509	0.735368573614171
ENSSSCG00000027266	1.08473847227715	0.920413091651894	0	8.37221157919704	0	0.886999106537618	3.09968752588129	2.60478993576049	3.07358989403833	4.36175374380014	0.241002602526049	-0.80523222527224	0.965682296188066	0.652326584225875	0	0	1.35886884296234	2.08923692410873
ENSSSCG00000027302	0.195387958710328	-0.105225652624081	-0.183995842476257	1.0104563228057	0.601671624641144	0.324140064662335	-3.58941113887534	-1.78990616206007	-3.68758525829426	-4.3415170644845	-1.05986972050462	-1.12639494196754	0.387958202478337	0.608331285678385	1.04309309646487	0.992449906943984	0.133946769422472	0.232178248470093
ENSSSCG00000027320	0	0	0	0	0	0	-6.05195867379775	-7.5252824601989	-6.30595710552464	-5.82584946975795	-10.8134739202386	-5.5813218478757	0	0	0	0	0	0
ENSSSCG00000027365	0.957409303141788	-0.12007868320966	-2.42157964746315	-2.65511037261679	-1.10526883913287	-0.601672458945068	0	-0.684053825449473	0.924334086652298	0	7.21462789909136	4.13022307875491	0.364782452717541	1.02455618174855	1.09145005897272	0.753765913482884	-0.938045191651075	-0.189490647261627
ENSSSCG00000027404	-0.0523676178668217	3.52630342999443	1.39266332023424	0.187739249566649	0.660630845361058	-0.629937205608008	3.39125283639237	7.17739710578305	7.04686600556993	0.209886071277815	3.76131449053584	-0.167280648619353	0.620198750839448	-0.285929038016564	0.771735812777976	-0.404177647172703	-1.08814153621563	-1.09921808954109
ENSSSCG00000027434	0.336204515870856	-1.43746379529576	-1.66421145066889	0.409474648330891	-0.562833607896616	0.75510208212622	1.63589516622331	4.99571520624926	4.93880955082684	2.3927491640309	0.30782844208864	-1.28731009089158	2.43485139662689	1.19200659511227	2.04356486987751	0.0967599944533746	0.539386782744672	-0.822580721530982
ENSSSCG00000027439	-3.5801659069764	-0.917331283501412	-3.49260852097043	-2.19149086595126	-7.7160412702867	-0.396469488989505	0	-1.89502839192682	0	-0.960096896792836	0.103937017552906	0.130437008906433	-8.38294986851476	-0.210811454207302	-3.43816693927016	-2.23439048916422	-8.46872579509789	-0.881762782625357
ENSSSCG00000027454	0.546423051302806	-0.135319337583311	-1.45777422046593	0.549439653645018	0.427469644850394	0.0410808604114113	-0.986441111688086	-3.22350335979664	-2.69619270444836	-3.46816651432052	-1.93195580722498	0.284280605642916	-1.03699492884578	-1.22703184160293	-2.51345437124364	-2.27359357094255	-1.34790481652007	-0.879459652064738
ENSSSCG00000027487	-0.230638390749904	-0.83603245799977	-0.796594669474342	-0.504265354521121	-0.58961061460769	-0.380575361471591	-0.4742955357896	-0.709507459401122	-0.559779023813206	-0.103706187935436	2.66143681481119	3.43969028699875	0.196826387228847	0.441578702630475	0.27410919826397	0.149995405224554	-0.289774498776298	-0.0333717907739951
ENSSSCG00000027505	-0.0458438058999884	-1.11474932056152	-0.0485170444734843	-2.0414171025467	-0.242016633027366	-0.403648135472715	-3.17768283866599	-1.20597603628046	-2.51747637319816	-3.51774760773942	-2.61838888901976	-1.74093466703061	-0.882764429757442	-0.380470442355976	-0.396382167944031	-0.408477979226839	-0.187403818769918	0.131707210127334
ENSSSCG00000027607	-2.15633995516999	-4.1286359357479	-5.40112170514248	0.801458901735909	3.31324403318898	2.66592567504902	-0.0445793719579247	0.151943612076031	0.780928002866409	0.729017706440037	0.0397022836058313	-1.21379752668659	-3.4967538511642	-1.99083210356948	-3.0219609961353	-2.10958290208907	-1.49786877625354	0.374185056054307
ENSSSCG00000027609	0	0	0	0	0	0	0	0	0	4.97200620250066	0	0	0	0	0	0	0	0
ENSSSCG00000027613	0	0	0	0	0	0	0	0	0	0	0	0	0	0	0	1.87009537539575	4.67738411811772	0
ENSSSCG00000027628	-0.260364326195857	-1.88249817975272	-2.41126432539455	0.713639231990593	3.87215490578693	2.29441389307352	-1.57189960128443	-0.980134227218571	-0.240916832068767	-0.644052669326616	0.74654982187018	1.03642154457344	-0.600236079571319	0.402223967965007	0.475039424393389	0.153058989240642	0.494778539335251	-0.746789852218606
ENSSSCG00000027641	-0.754117297131927	-0.81381585993439	-3.0307991170576	-4.55024572321655	-3.36429985745038	-1.07752888443825	-2.05522695098229	-1.85695070329095	-1.55232204357757	-3.6057940920406	-4.30053021239906	-1.65408253095213	0.542447673553858	0.798839062377277	0.295945816415872	-0.5903272841483	-0.0339036005493128	-0.495865209696015
ENSSSCG00000027654	0	0	0	0	0	0	-10.9000076348392	-10.8966441575952	-6.42469318740815	-10.7961591170481	-0.308026166945882	-4.23802395298319	0	0	0	0	0	0
ENSSSCG00000027678	-0.798355790792431	-1.53425450245882	-2.02611173693385	-5.62371395852212	-0.73742884012558	-0.0910843620993012	1.82354953175196	0	0	0	0	0	0.688508151640168	-0.361327526240964	-0.747649934261006	0.753820492829178	-0.49805671136407	-0.474118342302644
ENSSSCG00000027684	-0.532580316592065	-0.535038853528091	-0.854861697709983	1.542737483826	3.99731691286577	1.70704963878789	0	-1.37935567295878	0	0	-0.473956698954208	3.85800785140676	0	0	0	0	0	0
ENSSSCG00000027726	-0.526196156869584	-0.203743448827416	-0.550685028048271	-0.295201898544743	0.501480951179478	0.12291002278946	0.190054990052325	2.63564038385634	2.65956127343679	3.22115927453609	1.35613767041559	1.64452541841829	1.09307640559498	0.739199295753398	1.3987210520722	1.4859321013002	0.082185738897869	-0.199585738406342
ENSSSCG00000027762	-1.69044561502785	-1.1870884168791	-3.13205916868846	-3.10476612254776	-0.12862085273828	3.94811788283519	1.81253495483654	2.77608634700241	2.68134747342867	3.0517952001926	3.71311930641125	0.065173058915753	0	0.74627017708918	0.10307970715876	0	1.64235646601569	1.0382000063319
ENSSSCG00000027768	-1.23123362296413	-1.36746033681801	-1.59145440253638	-0.40311162440182	-0.765723107552626	-0.243435024239224	-1.58598947683047	-2.84313012349055	-2.81651017119962	-3.52994122966843	-1.84060482849422	1.10015931826127	0.335433621850292	-0.844002659429608	-0.0493762161951254	0.411852899940844	0.392327604754307	-0.712627074110214
ENSSSCG00000027796	-3.14960924965584	-3.22003738581981	-1.5312728761737	-3.03483519119645	-7.28548136714048	-2.0748414109705	0	0	0	0	0	0	0	0	0	0	0	0
ENSSSCG00000027826	0.0148250037686949	-2.01347362493715	-1.97608003345101	-1.46518501612707	-1.81062871532125	-1.22889562894937	-1.00563915384774	-0.0970106901672548	0.698334269693045	0.378313205543982	2.7844653768739	3.84159116853959	-0.270989319021697	0.722100343340772	0.617779057805386	0.249212558771638	0.419150675704624	0.759347394026627
ENSSSCG00000027845	0	4.6119567688356	5.52269356461065	0	0	0	0	1.03799497023578	2.12209707516091	0	1.08852828889214	0	0	0	0	0	0	1.54247398976405
ENSSSCG00000027875	0	3.86406829063269	0	4.99336804402734	0	0	-2.66758737985975	-4.59929669877684	-3.33862560058698	-1.98463787559709	-5.59217772467809	-0.683064608612942	2.83440944319123	-0.428172350430613	-1.12969680533524	-1.15382297458507	0.658179058578274	-0.761871873384791
ENSSSCG00000027901	2.69429285173042	3.95386067558976	3.30691076545619	2.10938969105753	0.43503661874871	-1.61963488386208	0	0	0	0	0	0	1.16612089850604	0.730286574127107	0.879640906904049	-2.87411139280966	-1.30750205924154	-0.197376943569321
ENSSSCG00000027903	0.15510284247939	0.862101586839313	2.40334439622437	1.43294877146578	0.896713979324162	0.800755411843504	0	0	0	0	4.32799516127942	4.34342635809412	3.56637525465548	0	0	0	0	0
ENSSSCG00000027922	-1.45422696454024	-2.64135366664973	-3.28366762632166	-0.859163312638209	0.652801124884622	0.743207566678117	-0.335105495016699	0.450624169781327	0.272090699275082	0.347879014179885	-1.62352970318824	-1.29367064815896	-1.76417376976512	-0.989964237409174	-1.29018183274753	-0.917345501016734	-1.09526364820046	-0.431077849598295
ENSSSCG00000027923	0	0	0	0	0	0	0	0	0	0	0	0	-2.82646047013876	-2.95994358325897	-3.82784509311363	-7.81147356880546	-1.0212276515058	0.12839917519965
ENSSSCG00000027954	2.3247686182597	3.48775033342382	7.89195430626589	8.57535522137588	7.76348579724454	4.03615153548758	0	0	0	0	0	0	0	3.15688055351624	2.94935271580854	0	0	0
ENSSSCG00000027967	-0.171266577223571	0.0775533266573536	-0.0485789288016008	-0.403175082313833	-0.546703504353506	-1.02192586617081	0.526381061671313	1.76163671734139	1.81102448930759	1.67429869458171	3.31501182215349	3.42296745279346	0.0715074974569931	-0.246668611834106	-0.323260712807789	0.215168375564017	0.436250932383368	-0.45024771553683
ENSSSCG00000027981	0	0	0.335014668989352	0	0	0.308272738316497	-3.55913797163073	-7.72707382655596	-7.59226240084656	-7.62702553203128	-1.36987590319514	-2.84293370495948	-1.41859193886405	-0.565053171138902	-3.39708357620691	-1.8135094734234	-2.55414957947851	-2.30914198203583
ENSSSCG00000027989	0	0	0	1.39124737352346	0	0	7.00705354972009	7.19008205022224	0	0	0	0	0	0	0	0	0	0
ENSSSCG00000028030	0	0	3.66742261977245	3.95237064365863	0	0	0	0	0	0	0	0	0	0	0	0	0	0
ENSSSCG00000028051	-0.727715473107928	-1.98364185252813	-1.66685493388668	-1.86682711240229	-2.2677500325258	-1.20058438986969	-0.933235958716802	-1.53790784190953	-1.31958359252607	-2.03094264531584	-2.32870218725027	-1.511031583945	-3.3990051522154	-4.14174327531921	-3.39188464656457	-4.95310883111894	-4.11894299054716	-1.60792607387811
ENSSSCG00000028062	-0.701985607207116	0.0239896631835727	-1.02078174353656	-0.992987702213605	-2.64291771597384	-0.00348639974925056	-2.83411407319695	-2.56952853864247	-8.14008705916328	-3.88352643873252	-4.17279265828605	-1.61616628349271	0.778402752990551	-0.825965100549801	-0.958459827908657	-0.241491945176698	2.02967763507982	0.283563163839065
ENSSSCG00000028092	0.213584461716814	-1.14055641499779	-0.810768487477181	0.0833580510164853	0.208014754743515	-0.229892333069933	2.65345789638194	2.97807169539576	3.32013012364096	3.66732950588508	2.75966451692082	0.927107910048292	-1.66332696931765	-1.69129169474058	-1.63977246951498	-0.612172154784728	-1.31974942084111	-0.0189032870098588
ENSSSCG00000028112	0	0	0	0	0	0	4.37579655435411	7.97837329058877	9.73234966757558	9.63551755738054	5.81464530525349	3.6925488026089	0	0	3.22991363737165	1.87009537539575	2.50153155372817	0
ENSSSCG00000028115	0	0	0	0	0	0	0	0	0	0	6.97185159570829	0	0	0	0	0	0	0
ENSSSCG00000028204	0	0	0	0	0	2.99278212144325	-3.31328741796472	-2.51659453251417	-1.44480317349548	-2.29525008462148	3.3326065588734	5.68094072145783	0	0	0	0	1.60492208687257	0
ENSSSCG00000028274	-0.0282233910029284	4.50697501384527	1.11742463366234	0.433835803058644	-0.675372152385336	1.69432370358287	-5.51491023699512	-3.56914303052315	-3.67442739595589	-9.5824213408371	-0.707965434458652	-1.59185315199868	0.351411883115986	0.507957677852622	-0.490815615786857	-0.098191060429966	1.09526141949672	-0.62971338475867
ENSSSCG00000028277	-0.552438363842718	-0.624882536608152	0.22963905303434	-0.824230445102742	-2.60066058646243	-8.10210017949497	2.78589652802889	1.29506166928516	1.59867075623349	2.65626401138783	4.13736255510526	2.92765149603963	0.882665894768179	1.17470925340845	-0.53144117754896	-1.19667479660737	1.77300321115558	0
ENSSSCG00000028284	0.68012047563764	0.796615076489342	0.581679199215396	0.551048218188524	0.367478143296103	-0.180444797037068	-0.0447422358615576	0.355322517526875	1.11202217400742	-0.0597291433689193	0.97143613107377	-0.183364167710197	-1.97432043295225	-2.56582602336358	-2.42229597420294	-3.50093805801405	-2.13547774989542	-1.82578213102885
ENSSSCG00000028294	0	0	0	0	0	0	-7.1742101224096	-2.03649204459044	-1.42139376076059	-1.81698843544175	-7.20621646366621	-0.991677707020773	0	0	0	0	0	0
ENSSSCG00000028295	0.19829648911008	-0.162892897136431	-0.31101735034229	-1.808118672794	-1.66970635910159	0.0937179778112393	-1.25287615496438	-3.04307442534034	-3.72635378796872	-4.38028680627246	-2.12471068692286	-0.41876816372862	0.743259193996007	0.38972605027463	-0.181500906247969	0.0532887081918001	1.19988473474268	-0.21849561344267
ENSSSCG00000028331	-0.587818921376058	-0.372497052955611	-7.77391606068797	-7.7608571644679	0.755910369280574	0.843669131805962	2.8636813170926	2.88756073330455	2.52948419211753	4.21484938469428	3.67068600421423	-0.247557305641371	0	0	0	0	2.469350746213	2.98829129656686
ENSSSCG00000028376	0	0	0	0	0	0	0	0	0	0	10.0547788799464	8.9659501331089	0	0	0	0	0	0
ENSSSCG00000028411	0	0	0	7.36852488444199	0	0	0	0	0	0	0	0	0	0	0	0	0	0
ENSSSCG00000028460	0.318952943672875	-0.158408937687924	-0.16022835390711	1.17076039237336	-0.12923994798178	-0.54023262259695	3.37120447870851	2.4574422387348	2.92994189218435	3.57449020174024	0.545685347561041	-0.0157295105336427	-0.790920770765836	0.0604215600384428	0.259546321843001	-0.801347890103712	-0.572454564411413	-0.872424176398983
ENSSSCG00000028512	1.97548263811772	0.654672246005675	0.634502319267846	2.24785672096865	1.65039613186015	-0.179474435092115	1.07210057828573	1.28854196553349	1.84107616064426	1.89188499454205	-2.56597523858117	-4.23097603850375	-0.348254355495148	-1.28272301177609	-0.969886800235026	-2.09599352665339	-0.304919017173161	0.670614450901784
ENSSSCG00000028530	0.550076411437329	1.45938654514973	1.71226339050416	2.18228112824928	0.241496343711493	-1.19790121967756	2.08087881381466	2.87557048243926	3.27751742775918	1.99352717249419	-1.49614660839067	0.504102587288971	-0.434846922418909	-0.835359437010151	-0.533645118289926	-1.74724442934011	-1.54519366216287	-0.819590397304436
ENSSSCG00000028559	1.35043143573203	0.391239127978295	-0.151716573778135	1.46889332788354	0.58069746132923	-0.174245277387769	-2.40266004689645	-1.98819632388494	-1.94603428410626	-3.53266283178391	-2.91152270872703	-2.97331857283745	0.853592917430501	-1.01920985044581	-1.0520834321059	-1.46608324355361	1.4205962306891	-0.0784406211522983
ENSSSCG00000028643	-0.662519236492318	0.258598891261352	2.05008926143327	1.43239255791852	3.50301429309443	0.81291102007965	-0.970837903692343	-1.05064515313179	-1.38252772665483	-0.919717093583453	0.374231606650794	1.09310235335634	-2.01531946438847	-2.44414433501488	-2.8894354044936	-1.10749427485742	-1.087045504909	0.0317195002679594
ENSSSCG00000028671	8.95910766681951	9.42364590066858	9.74229631783799	9.86827248825384	8.51061351308727	0	0	0	0	0	0	0	6.25684877260707	3.92579008720017	6.4247028213407	4.03131029416207	4.53395337373185	0
ENSSSCG00000028691	0	0	0	0	0	0	3.45127632160072	4.69173298759308	5.29888499004367	5.08867208512479	-4.15002676656617	-2.71049154507543	4.95695039490092	7.15304909916054	8.52848576781123	6.36471666057352	6.18041741665329	0
ENSSSCG00000028710	0	2.83852979096592	3.65880936728097	2.63316713927078	0	0	0	0	0	0	0	0	0	0	0	0	0	0
ENSSSCG00000028730	0	0	0	0	0	0	2.95252474578701	4.51883024767908	3.32912555221427	2.25107904596567	4.09085950696345	1.32272492200555	0	0	0	0	0	0
ENSSSCG00000028741	0	0	0	0	0	0	0	0	0	1.6388138662782	4.3478086766936	2.93057206546139	0	0	0	0	0	0
ENSSSCG00000028758	-1.97431238388689	-3.98184681278297	-3.82372599129108	-2.83639057074961	-3.91525499478574	-0.0610109983985057	-7.62403047069185	-7.6206823091185	-7.48592216790863	-7.5206716128604	-7.65609592742366	-3.69236433691357	-2.29742039279778	-0.474282967989062	-3.24621357780987	-10.1494523673235	-4.18012212873306	1.72976532062662
ENSSSCG00000028802	-0.838401981292072	-3.45927859360753	-1.24295536170444	-4.23101866643594	-2.82089667339308	-1.29915280450677	-0.0492738737843749	-0.809847557494519	-0.98474100050112	-2.34292497633189	3.55220751518073	2.76534805412536	2.13960664139677	1.67277068397955	1.62947828807792	0	0	1.18276635871726
ENSSSCG00000028814	-2.65144611085999	-3.91872338424863	-5.14057751187912	1.81592086517196	3.64837730498451	3.13264530724558	1.62259735426607	1.29117507365979	2.73061540863821	1.74444437967373	4.17552126535935	2.62447729645804	-0.60677767556845	0.778149404053418	0.803515286911562	0.312521153576116	1.87074355342077	-0.0724624082620698
ENSSSCG00000028875	-0.302548435109513	-1.77129771880324	-1.03185550549345	-2.34608357793155	-1.74909635158902	-0.970186812943124	-1.21565588369052	-0.586488710648327	0.123053305775799	1.40137538349683	4.55631597830697	3.43519350605936	-0.111047850430305	0.062501748387811	0.523632467333417	0.194273208332539	-0.0129185163657755	0.540671276854286
ENSSSCG00000028896	0.38170063589614	0	0	0	0.820963223915529	0	3.89351645599432	6.07709261711111	4.09055221387397	0	0	0	0	3.43483969408623	3.35129792442125	3.14804821197832	2.56795557804053	0
ENSSSCG00000028905	-0.391603006081336	1.0369949077528	0.985159548956891	0.0181178095587693	-0.28422658086461	0.219172260894091	0.921038082965692	3.03804512834823	3.04134854263691	1.85205076269084	3.55185912969463	2.34960800540229	0.371783677151623	-0.163455957099281	-0.46837164443738	-1.36289991317317	0.398499916141715	-0.52235862577625
ENSSSCG00000028922	0	0	0	0	0	0	-1.68249920926476	-0.109011139361734	-0.271116708333529	-7.2810912535716	-2.32016184586424	1.01627953613547	0	0	0	0	0	0
ENSSSCG00000028923	-0.803609700259915	-1.36143299063384	1.12882270363695	1.87197425395263	-0.329867255000263	-0.520513438554984	-2.75000440507347	-4.8493147390124	-4.55243897260861	-4.63247169165715	-4.36453766818492	-1.47837613720108	-4.33910343121623	-0.808387692224803	0.503661972565001	-4.32663617801982	-3.03786509183203	-2.20891702367553
ENSSSCG00000028927	0.812416390127213	1.71215659843413	-0.416841459557949	1.50112062645344	0.454087949543065	-0.896025307525989	0.172078806657333	3.1941876006795	3.4761118892943	2.04619968396239	-1.8086990150988	-4.2377269897929	0.20970778218212	-0.73997123364987	-0.0430874873301283	-1.21452864832598	0.186025429046017	-0.795156260137079
ENSSSCG00000028942	0	2.85479254480198	3.01255884882386	0	0	0	0	0	0	0	3.94011495189249	0.505793762818818	0	0	0	0	0	0
ENSSSCG00000028943	0.319061361726345	1.01717312422898	1.03047035944838	0.965790042182568	-0.32399832401158	-0.181897782889137	1.443150520794	1.27905506117228	1.90380862788617	3.18380791797183	0.016061844410259	0.550613469620707	0.2686807802716	0.124946069560909	0.187895685983899	0.035301607794017	-0.380888502358132	-0.34149252228017
ENSSSCG00000028962	2.61753481066762	0.695337894596068	2.43489306394691	0	0	-0.826505569171831	3.83305420899128	1.43084552860644	1.79293195227658	0	0.584153416193025	0.300367520810641	-1.46135989209023	-2.13153589924982	-1.80548203363725	-4.370048868335	-8.5042503783262	-0.022969785858382
ENSSSCG00000028964	-0.186444896620137	0.578562973168824	0.268437230394782	0.366854634616713	-0.723348631173977	-1.04247768104915	5.82193000101778	5.41616599649907	5.83610280804304	5.08037026744214	0.619270238923796	-0.272651783492235	-0.0900014167531816	0.0942166618028887	0.193280870830879	-0.0968965877629922	-0.69041618791493	0.495348003122479
ENSSSCG00000028969	1.90234905075126	7.87531164580574	8.70320717732696	-4.79355991478953	0.027797514658483	-2.37243536118898	0	0	0	0	0	0	-4.1227663713523	-2.32126894695068	1.50739362690346	-6.04300688978378	0.232966852615199	-1.07766540649915
ENSSSCG00000028976	1.89882603613823	-2.20550600454953	-1.93048240776043	-3.8899046325719	-3.34020102727354	0.00858729751682512	-1.96541088929951	-0.0973876076413939	-0.511861421941362	-8.13940760544847	0.930535778998612	-1.07000994167887	-0.0633709936213937	1.68805441159735	1.62458304676611	1.80433261884192	2.13208932715834	0.92701514484903
ENSSSCG00000028996	0.058681662897085	-1.02461685758351	-2.93723580489789	-3.84547952108137	-2.25047037343564	-0.445031566860429	-0.763664300673144	1.16045166026359	0.958584958663477	3.0028641004173	1.10725144210968	0.732247789441406	-0.87939021742624	0.0009022640798704	-0.642040349715769	-0.348795689329525	-0.480229718292464	-0.800070127175251
ENSSSCG00000028997	-0.208826845450954	-0.782925504186384	-0.654928052457737	-1.77612934751227	-0.231412834393122	-1.22976133315466	-2.58834204826402	-1.20061297734293	-1.30661674932972	-2.92303841150869	0.567707281672938	-0.463987032454313	-0.666853511584909	-0.0721065905273396	-0.970369347676887	-7.70443406142601	-0.529047817899561	-1.28002735946448
ENSSSCG00000029037	-0.575351107874362	-1.94308985569337	-0.485831913408783	1.73075545053487	1.57708377709896	-0.923350147311918	0	0	0	0	3.52232928101472	0	-9.45107366796726	-4.59323995476784	-4.50632938922053	-9.44453894399498	-4.04936339812228	-1.94981476037351
ENSSSCG00000029043	0	0	2.15070087883814	0	0	0	-4.20874223443782	-2.67109058629513	-8.24161794645637	-2.45007773977681	-4.27436242111704	-1.43995948638172	0	0	0	0	-0.164152791585196	1.17576151824104
ENSSSCG00000029066	1.79619987931507	1.37396840844361	1.26167516043486	2.26501158561885	2.12519107988342	-0.326840954262702	3.16556113053168	1.70865422949572	1.83512363922892	3.00308769997466	-2.11532001024629	-3.54872876408317	0.138530821351083	-1.10785129537048	-1.37648676402085	-1.48852781679402	-0.401952301390638	0.974035314508064
ENSSSCG00000029080	0	0	0	0	0	0	-2.57637482362381	-3.44782997690192	-3.83659156143397	-3.75064057655162	-2.64388195519104	-2.60183271263796	-1.67492492034968	1.19255589266796	0.712005783508581	1.81201958739153	0.0805611430941286	-0.0228809223069268
ENSSSCG00000029096	0.648029983638711	0.292313728390441	0.0677446732129931	1.33230157855515	0.00854010913821089	-0.119369779028179	1.55414739103574	2.75191985378206	3.19802449074357	3.52817358252558	2.18905530594102	2.17659173982773	-1.92606555300617	0.609122719197647	1.36153250314446	-1.28343181476566	0.953768530939309	0.105847775768466
ENSSSCG00000029186	0.560469265670382	-2.60110313135311	-4.37831787948837	-2.41138417156214	-3.51164382744284	-0.222765531616488	0.795448506620954	1.01909390179418	0.706592301061906	2.23292518516049	1.75564026768876	1.1961113436793	-1.48574668784485	-1.17228112705807	-1.7949192605931	-1.7349507654692	-1.6953087354462	0.0837460492192502
ENSSSCG00000029231	0	0	0	0	0	0	0	0	0	0	5.24691107174221	4.2981793856591	2.6252387126271	0	0	0	0	0
ENSSSCG00000029260	-0.0398878469234131	-1.94427911827074	-1.19720516901108	-1.80030907734951	-0.973148765116162	-0.908295934849824	-0.612926662239798	-2.17269091470721	-1.52033713706588	-0.887921090332528	-2.00719763625739	-0.409295506109571	-2.2593892538392	-1.32564683490099	-1.43982212655829	-4.75243730968908	-1.78884461620036	-1.6051672597603
ENSSSCG00000029289	0	0	0	0	0	0	-2.7287193347076	-3.60911630670973	-6.04927714190424	-10.4207371597409	-6.41897790502823	-4.08277860890805	2.92277897365292	0	0	0	0	0
ENSSSCG00000029295	6.9677778844784	7.02328612436064	8.59235049589119	0	0	0	0	0	0	0	0	0	0	0	0	0	0	0
ENSSSCG00000029304	-0.810644515323269	-0.593561656930434	-0.58419034909638	1.10831148261446	2.45583186952435	1.24400256809831	-0.041432624502343	2.96244378899086	3.97051407953637	3.33661476562659	3.26510286705679	2.4409772627692	-1.56617995735561	-0.422130615219024	0.051308864071373	-0.771282090113276	0.22405273076546	-0.313042123425383
ENSSSCG00000029311	0	0	0	0	0	0	0	10.6860385210333	0	0	0	0	0	0	0	0	0	0
ENSSSCG00000029323	0.301567582839909	2.9707855263917	3.74383155188883	0.965054453869392	0.964063443997049	1.15361047021569	0.666164353803312	0.171123102577231	0.669517287073566	1.15666853886488	-0.229663434908467	0.881351224876956	-0.893889100928662	-0.0860067831280132	-0.214502883874654	0.352679727015667	-0.401215674336544	-0.403067024619938
ENSSSCG00000029324	2.06198944564608	1.57923113995322	0	2.08595342406444	0	2.44683920414201	4.22042549821902	3.00898977338854	3.09713203370353	3.0151612511417	1.02918246685518	1.70262885397508	-0.289546870449474	-0.86709899974344	-0.655502819639311	-0.277015887301119	-0.0378622364023628	0.586426439444857
ENSSSCG00000029392	-0.853503026060449	-0.464606513515999	-1.51978476491399	-1.88761986949324	-0.281468558087009	-0.538705674285622	-0.785496784578481	3.68465477148657	3.49682271212932	-1.02517372215499	-2.42894149993712	-2.67655552420773	-0.349604403083564	0.453566477133137	0.658157774941756	0.544518532108259	-0.27706049822338	0.494570972249571
ENSSSCG00000029414	0.282271972992918	-1.24024615296279	-1.6562339624618	-0.935796337746204	-0.304097672289518	0.359572720330963	-0.793994978366116	-0.911748797741555	-0.161272212678569	-2.32618227190699	5.47867983517018	6.22525169593156	0	1.90284226118414	0	0.888103124579925	1.12776327441754	1.07684068055383
ENSSSCG00000029419	2.06198944564608	0	0	0	0	0	-1.81727067532789	-0.496619229523137	-2.49365352498505	-8.40158901756099	-0.391349859795433	-1.65194645332479	0	0	0	0	0	0
ENSSSCG00000029441	0	0	0	0	0	0	-0.37188292993784	0.388935480527277	0.818145855950591	1.50603740598195	-1.13123386821925	2.34224851633453	-4.04519494053324	-9.10872082977021	-9.06155579072284	-4.43282974792337	-1.07705769077161	-0.788798673425829
ENSSSCG00000029443	0	0	0	0	0	0	-5.52806970552999	-3.00430135489908	-4.26029257122473	-9.5955796220208	-2.58047254616226	-1.60501390647405	0	0	0	0	0	1.75319609208273
ENSSSCG00000029449	0	0	0	0	0	0	-5.91622520862727	-4.6360824326406	-5.61225366933324	-9.98370455796218	-1.2817703970622	-0.644171672145298	0	0	0	0	1.94542226747473	0
ENSSSCG00000029468	-0.683621340220788	-0.924713239489076	1.6384222376697	2.85597011675718	0.494558851458343	-0.198440024743433	-0.815208053594883	1.04607185215894	2.71902812292014	3.38800176247121	0.684029913732833	2.02961995743305	0.494047152482315	-0.466475501644361	0.767486470552262	-0.78448704522574	0.580452725155337	-0.947988225622217
ENSSSCG00000029503	-3.52058117872159	-4.16301010855645	-3.43115174502281	-9.1276094551922	-5.05362617123374	-0.353946045427374	0	0	0	0	0	0	-2.88465134250324	-1.47109224100372	0.705001949820766	-1.23903176941006	-1.85389030661917	1.01871064225728
ENSSSCG00000029515	-2.79918881724346	-1.186772615982	-0.786262123565607	-3.80511349481879	-4.67797084109403	-4.29208313771591	-1.61579614615972	-7.31430426372486	-7.17971478919605	-7.21441869110356	0.104315318095208	-0.00768737816344691	-4.62888525880125	-5.82510584984098	-3.88310563917835	-3.21788825744201	-4.53768459573292	-0.0596308214665257
ENSSSCG00000029536	0	0	0	0	0	0	2.09908608287442	3.00720352584885	3.51437803182285	0.811095552222212	-0.663547806906062	-0.334061497481297	0	0	3.68509525800823	0	0	0
ENSSSCG00000029545	1.89586120996133	1.8739436687098	1.67106964983695	3.22722108727921	0.788494279724263	0.700130010209287	-0.038624195227974	1.07336997392449	2.46160126274027	1.26046767206353	-7.41638770312641	-7.50530260319181	-0.68911078262029	-1.14066603698644	0.630750924845898	-2.92671075548685	-0.368941784161238	0.15630832112305
ENSSSCG00000029592	0.486574352995244	-0.198079329655828	-0.445147463629651	2.96042099468659	0.744715159367159	0.714920103790776	-2.31679082727605	-2.38889638281526	-1.1686215065595	-3.13583254501112	3.43909285237753	-1.04254625249447	-1.0794392519213	2.47444555789617	1.77376252350194	0.856788556065516	1.419309836063	0.186752046165666
ENSSSCG00000029598	0.950305943164696	1.87808826946605	1.86512575426859	3.60274462087157	-0.070538809392284	-0.311778841452417	0.434436792951292	-0.14162215762719	0.588472133100624	0.603280080000311	-2.20009614686303	-0.111020812880617	1.39866764903463	0.458503564818593	0.744659367298768	0.3889405626723	0.345579260127772	-0.944706897025713
ENSSSCG00000029606	-1.00369871274344	0.217559847498307	0.0907145231929821	-1.23056341191081	-0.228939159290129	-0.81029268342892	2.16983063945878	3.79597475431962	3.3872167725085	2.50956806707408	-0.408922795845744	0.0219533783575914	-1.47645913280559	-0.907748590118577	-0.954194890693802	-1.1664150445183	-0.542907316223036	1.13543995780312
ENSSSCG00000029621	-0.38727465701065	-0.428874364877459	-0.339522275331038	0.457194499634085	1.08158685137741	0.89032330622427	-0.283448652043613	-0.957532695577498	-1.60712404661777	-0.495376988048102	-2.45675770964279	-4.14353825483016	0.235881855466848	0.54355583228453	0.643332275032843	0.743150145135991	0.274999782806237	-0.253572216026978
ENSSSCG00000029656	0.3767260885227	1.54669831127341	3.60851873305462	3.63670659846353	-0.15962682554502	-0.128902213958596	-0.753620787328008	-0.992837542197329	-1.24976936346196	-3.16187611172625	-1.64684878264988	-1.28630822309128	0.186698939774525	2.23234788716448	2.23900909713169	-1.76650324646733	1.66226346084776	0.0831052861018629
ENSSSCG00000029675	-7.65990587244355	-0.0908188488777509	-3.43843292282021	5.6753206663579	4.13060399644296	-2.19440423997103	0	0	0	0	4.01981189698413	0	0	0	0	0	0	0
ENSSSCG00000029705	-0.136539227981316	1.71832814427411	-1.5312728761737	-0.641430023036626	-7.28548136714048	-1.41048910087879	0.636892111203803	1.86104980419549	0.106236179773538	-0.12567610283004	-1.25353664454348	-2.69907337662606	0.875667778534184	2.31607526851212	0	0.763969370483434	0	1.18276635871726
ENSSSCG00000029715	-0.276065590047036	-1.33230458696843	-1.03850532278473	-0.11552852076145	-0.961000878788712	-0.214004215306578	-1.01800087137386	-1.36121923091805	0.541876110373837	0.823366264720468	2.98640175119001	4.27151142343933	-0.366940851984242	-0.792883822960978	-0.965335037371203	-0.583613094629548	-0.606581439196055	-0.67662103748376
ENSSSCG00000029752	-1.22826640981147	-1.61648635211354	-2.48408940668002	-1.64477654576845	-1.94175728157674	-0.973046530920511	-1.74937566467411	-1.03633598640089	-0.593255213774237	-0.64328524246487	2.23032262535379	3.46928005248318	0.349061358074308	0.432056747575616	0.525164032039338	0.858257485226431	-0.104241527490231	-0.00442371633016413
ENSSSCG00000029753	-0.287484057525485	-1.04384961222241	-1.66923194047291	-2.05180047748559	-1.34608431143488	-0.608805202621931	0.278074713762707	3.30003879990007	1.89730017941727	2.0924490814059	3.52496407448575	3.6177967255576	0.207879463607192	-0.362102259949695	-0.241734862042817	-2.2176916441732	-2.4219126679176	-1.8124945810512
ENSSSCG00000029756	0.721700699504807	1.98487254074602	1.83025865909966	3.23216573260593	2.13478806635852	1.0184817425001	-3.60952977153878	-7.77746508189686	-2.7451254657075	-7.67739992379491	4.10817556939614	-1.11836179428616	-1.28817446985459	-0.158424474421191	1.32668239013787	0.896357057477463	1.57862260117829	0.145810766621892
ENSSSCG00000029805	0.422385046993946	3.78235724949622	4.22210008583653	2.02086664986115	0.108786292022225	-0.0209378686603478	0.254036618546232	0.627919608812497	0.457306737546761	1.09843508260193	-0.0173608739600453	0.786182583694495	0.550883634913269	0.389884289122975	0.478182225796972	-0.975329405328551	-0.19280678573711	-0.560147243141376
ENSSSCG00000029870	0	0	0	0	0	0	0	0	0	0	0	0	-8.30917672733028	-3.85056814324896	-2.07035656698792	-1.75069708097029	-2.90732246156057	-0.225775457552493
ENSSSCG00000029879	-2.24393555793805	-5.13803488288065	-4.40647645484322	-5.66617202078287	-9.03437293125655	-2.02908630844575	-0.836558693945878	-1.31386291365504	-0.544446117133552	-3.40023351048579	-1.36011145494359	-0.674496060258506	-1.35732258875213	-0.725625896089316	-1.23496335280214	0.444396069495942	-2.6334301614423	-0.840683189334596
ENSSSCG00000029990	1.17917804282696	4.51475138618225	6.56103314644979	5.62195543904182	0.879525301429116	0.987420544761352	1.16676791101496	0.812665764488933	1.83115306808317	2.35360912792074	3.40137463403791	3.34636890667205	-0.131550601336679	1.32318064743227	1.57997713826955	1.05306422974589	-0.210410016724553	-0.115350204009338
ENSSSCG00000030013	0	0	0	0	0	0	-2.81419321000185	1.06797037316222	-0.165888855880278	-3.03908227652782	-3.74297872430821	-2.82167083640638	0	0	0	0	0	0
ENSSSCG00000030033	0	0	0	0	0	0	3.11334228165488	4.18958017550789	4.18885851819404	5.20579507093885	0.628139120816532	3.55765712132914	0	0.617840707051	1.32674051006274	0	0	0
ENSSSCG00000030075	0	0	0	0	0	0	0	0	7.2726686920741	0	0	0	0	0	0	0	0	0
ENSSSCG00000030088	-1.30250149887804	-2.08721302061334	-2.29952248791406	-1.65725563614331	-2.01855860775536	-0.90846367476611	-1.72323570882139	-1.14566879259656	-0.738964561424579	-0.0903185636551037	5.03092931105742	3.40137875836821	-1.13573610773238	0.209336681661581	0.255714830456487	0.456852536168387	0.638808705243863	-0.0229834833336097
ENSSSCG00000030095	0.994222019772122	1.86180752266443	1.87135069273015	2.05048256332713	0.921217380817465	-1.41918907160192	1.14730341685027	1.98332749167951	1.48840295549621	-0.482031918940371	-3.16246017922998	-1.19266166722234	1.48988008203228	2.2008795290429	1.95821790841089	1.88381586985321	1.1091769705874	-0.182724117270001
ENSSSCG00000030113	-0.486182344929644	0.155007370795014	-0.617483980724876	0.465897311434277	-0.12903292131788	-1.31923982148134	-2.56591539744213	-2.55899005263933	-2.26317542725526	-2.34292497633189	-0.694146290971512	-1.27922087742851	-0.577330496361232	-0.545126772512752	-1.70583928795949	-4.99665708855849	-0.356743926320124	-0.210438393416943
ENSSSCG00000030168	0	0	0	0	0	0	-2.50538028907244	-4.85302695447617	-2.34813374222831	-2.63007947830647	-4.58367716735513	-1.90508900883657	-0.0653100560450231	-1.02858625586734	0.53003499063762	2.88140149697908	1.62319137253869	0.231789043308226
ENSSSCG00000030228	2.91853803864731	0	0	2.57786974597811	4.03582549862607	2.51287775401118	-0.600843762616984	-0.814123425689802	-1.75613725186111	-7.40584895176819	-1.29868682219506	-2.05163622239798	1.51167973833266	1.87300667095029	1.28412056159756	2.29364664720993	1.17075491952914	-0.670299377250265
ENSSSCG00000030262	-2.63899921549722	-1.18161935039092	-0.612653116547525	-0.584788399460446	0	-0.582289511802606	0	-0.140160431179627	0	1.76747796572932	-0.621922214157579	1.45011243028047	-7.8702276673149	-3.01219374294642	-2.35588114869241	-3.8218170309083	-7.95589681595621	-7.82529589159904
ENSSSCG00000030269	-1.93640051109126	-1.53355439214754	-0.247078178598868	-0.115650144838769	-0.446699960401567	-0.351717444065932	-1.68888669979436	-0.691085730651496	-0.852908519533187	0.486508321714921	1.18665299933138	1.18156717520654	-4.22880093502025	-1.19530140422309	-2.08495338480373	-3.41878517383115	-0.826275948177202	-2.45644513248711
ENSSSCG00000030271	-0.276270454937487	-0.0604626522284256	-0.355360848456623	3.37597424633517	0.0509401063063737	2.23136524286902	0.278698812306015	0.846427570931953	1.48243609689547	3.86464525536113	5.01088501625228	2.8058216959631	0.821357674147367	0.780948172069146	1.01436106163065	2.57121133298656	0.372166031196707	3.60614777523652
ENSSSCG00000030300	-1.93109331497604	-0.745404168706392	-0.0820796529401235	0.594285101139571	1.61624882571708	-0.269597923224212	-3.02606627956669	-4.1947975038405	-3.07777161644548	-5.31628460651238	-2.7838363591378	-4.13755080863748	-0.759069401750126	-0.190846065025288	-0.283836722711719	0.0478251775947126	-1.96507128322577	-0.428112843160883
ENSSSCG00000030303	0.374070806177307	1.01764520405902	1.17978471934406	-0.584788399460446	-1.11388379668584	-0.00348639974925056	-0.203637065743998	1.27809355651798	0.3667900627221	5.80646744335185	2.89989412296769	1.42570968288722	-0.158962015881797	-1.34300327944791	-0.482301881655055	-1.37274303799551	-3.20387154129313	-1.2054812909157
ENSSSCG00000030345	0.666706589701258	0.439056423669624	0.589577390779225	0.826128500766602	-2.24316033896342	-0.420564282132126	2.95761351181973	3.10330257711489	3.42838589631635	2.50011163022192	2.52999392982694	0.699413666932513	0.462543041291905	-1.03214110306279	-0.811053993932353	-1.21656686794582	-0.715775822024772	-0.0868082333823034
ENSSSCG00000030371	0	0	0	0	0	4.85973914420221	-0.915554835606392	-3.57987951170119	-2.3617190837485	-6.73287241935415	-0.625254676276218	-1.37792704831426	0	0	0	0	0	0
ENSSSCG00000030388	-1.07546503942046	1.24099426598953	2.55472870449188	4.54054962997814	2.67001016762758	1.75652977798039	1.38557623066703	2.04229832029332	1.97984153666516	1.67078152790036	6.06361915998705	0.788550665151751	0.567924435296392	0.509731229309565	0.512443316567515	0.447118410260013	1.34099156261338	1.1615306115325
ENSSSCG00000030433	1.52632665504743	0	0	0	0	0	0	0	0	0	7.028495497691	5.97134331510815	0	0	0	0	0	0
ENSSSCG00000030438	0	0	0	7.12223336810646	7.63943706098117	0	-0.309512408908445	-0.166437247858444	-0.317750525062388	-0.0811775410974135	0.463840321715529	0.116823177328203	0	0	0	1.87009537539575	0	0
ENSSSCG00000030461	0	0	0	-0.104835379305294	0.227732712432714	1.20904177205297	-8.96354575362067	-3.25460551056183	-2.95189269578534	-3.6057940920406	1.08141689215263	0.509324787925514	-2.50080750235907	-3.20410532604687	-8.08688918817689	-8.05558224213932	0.18623053797015	-1.55275667954138
ENSSSCG00000030485	-1.38766525434797	-1.45945371118327	-1.86973308948886	-1.84205667117625	-1.96244069482526	-0.600264503052924	-0.530879765568893	-0.450191527600545	0.529616004762092	-1.53812511844048	-2.24163742770051	-0.936392772010158	-4.66783366052899	-2.07296614499857	-2.20531039011989	-4.65559042236223	-0.300971311776271	-1.33948108599431
ENSSSCG00000030511	0.831358746374562	-5.05272438095245	-4.13789319532697	-5.09668834532193	-1.01497301657065	-1.55026891775521	-1.49453063976652	-1.48742093110896	-4.37773218995137	-3.52737777666915	-2.0689229976859	-1.36572341984863	0.946046635714974	0.826686899227138	0.960095307719032	0.327807936093863	1.40633161901601	0.612978169619972
ENSSSCG00000030544	-0.183636380890682	-0.0773682564518193	0.0751505782112015	0.763610172813043	-0.175826092550325	-0.560695481646021	1.76609786990111	1.83586594171202	2.3999262299616	3.43819091013507	0.24618788088664	0.953721830376269	0.312469103292303	-0.141259299936186	0.547984924667232	0.255458859868421	1.39389945799352	0.0824445987211002
ENSSSCG00000030552	0	0	1.58130961124139	2.41202977111456	3.98699843671387	0	-2.75686910146988	-1.79044059224952	-2.45395991330621	-2.53375356411324	-6.96011963228401	-1.47031024643	0	0	0	0	0	0
ENSSSCG00000030626	-1.40079241745091	-0.490504087285957	-0.527122861879605	0.458165493477176	-0.135557169450534	0.0761290507596799	3.08038240613728	0.761970007367512	1.76071670194701	5.11445982386912	-0.529530937339459	-0.0745136897093942	-0.154891309822609	0.113044919196631	0.50626165584361	-0.114800943131249	0.0664418114974384	-0.722372904474484
ENSSSCG00000030675	0	0	0	-0.294545831859721	1.08314965774243	-0.101780419298371	0	0	0	0	0	0	-2.72769725168678	-4.15581444403349	-2.77489364598159	-4.96525778092993	-2.62809856282529	-1.64913025014393
ENSSSCG00000030694	6.46563775513458	0.713355688842956	1.38931807979176	-0.394996234453596	-1.59298368990202	0.717451770189591	0	0	0	0	0	0	3.52384444224406	4.49014141894559	4.49199878997697	0.189700719884992	1.97700272590952	2.02837089199398
ENSSSCG00000030830	0	0	0	0	0	0	0	0	0	0	0	0	-7.31371801896957	-7.38540743519769	-7.33844265485412	-7.30721515105027	-7.39921911121928	-0.100363829243858
ENSSSCG00000030901	0	0	0	0	8.98081639925237	0	0	0	7.51912228998585	0	0	0	0	0	0	0	3.97435342686156	0
ENSSSCG00000030903	-7.13255819768583	-2.11176133934276	-2.91118043742442	-7.07686029944562	-3.00255713710051	0.810339816209253	-2.56591539744213	-1.02828521672564	0	0	3.35167844883827	0.969652628308541	0	0	0	0	0	0
ENSSSCG00000030998	2.05953048254688	2.70125019832761	3.62720244161576	3.51017632575863	1.1763173511836	0.993981545235075	0.133322965617508	-0.497555482032602	-0.487812419035222	-0.942831103599077	0.506540412524351	-1.32524877533264	2.50105865248794	1.33576088460919	1.28449524450138	0.804645254865251	5.91088136337704	1.17513966897906
ENSSSCG00000031027	1.47447962735123	0	0	0	0	0	-2.74746787299346	-3.10023362357121	-3.01624126217987	-4.65782188448115	-3.39508757761205	-0.40427926811228	-2.30893337401359	-0.879558835904346	-0.0118882453368076	-0.511005198641497	-0.904914206591056	-2.79202664820246
ENSSSCG00000031031	-0.735017886640615	-0.539999759584556	-1.65855663291406	-1.90799438110628	-1.0961436005992	-0.228121896491814	2.33302678607435	3.81259026655805	4.23504813835151	2.94685991646835	-1.55042548590862	0.171848908062246	0.97082210215654	0.914941287980022	0.569741475843505	1.29533719474338	-0.0839199520295381	-0.439402562909011
ENSSSCG00000031037	1.96226163843675	0.203184351262364	2.3994800940563	4.59561672478486	1.08639421661931	-0.102200818632606	0	0	0	1.82642594488531	0	0	0.8073444039525	0	0	0	0	0.894715540616172
ENSSSCG00000031075	0	0	2.64261535684174	0	0	1.32268615555465	7.00705354972009	0	0	7.74605169229552	0	0	0.434511329268484	0.0964599289470009	-0.767148733720804	1.62269428833071	-0.447176032694364	0.031260490241918
ENSSSCG00000031111	0	0	0	0	0	0	0	0	0	0	0	5.97049737977787	0.414468832845773	0	0	0	0	0
ENSSSCG00000031115	0.0561609385881012	-3.10673634822882	-8.08457779208424	-8.07150723112873	-2.46838019700001	-2.44400627039073	0	0	0	7.61544703383408	0	0	0	0	0	0	0	0
ENSSSCG00000031155	2.45937083982747	2.45246582906859	1.51537210908716	3.11672481337505	-0.168432687360089	0.82105981560746	0.356282376022118	1.07408874761333	1.49200438277041	1.06175014760439	-1.47182857949568	-2.19857066892818	-1.03293548478876	-1.41119189070133	-1.37642196920104	-3.44465314743592	-1.19215038282608	-1.10923659010772
ENSSSCG00000031216	-0.657095130510507	3.85630553473189	2.48902286834282	2.30378107032147	0.674750021452042	-0.558740206644555	2.59492740362752	2.03417762842972	2.62717154886635	2.13279579232836	1.74551697528499	-0.441007006527259	-0.340752669068014	-0.864943689616326	-0.998762802817166	-0.769040346737393	-0.624912161299399	-2.27404888389579
ENSSSCG00000031242	0	0	0	0	0	0	0	0	0	0	8.10307248291013	8.09762164874886	0	0	0	0	0	0
ENSSSCG00000031290	-0.942179518916798	-1.20561849950075	2.00903010317885	2.68984542328848	3.29615848314705	2.64255064130601	0	0	0	0	5.1263389674885	0	-0.22447334991507	-0.0402741814808842	-1.82547453175168	-1.76650324646733	-0.384220732802862	0.0831052861018629
ENSSSCG00000031292	-0.203267451458964	0.825587363490754	0.235677555898208	0.113325840413382	2.86506429976899	-0.546467473887748	-7.67820736676378	-4.42223935195477	-2.23968112049957	-2.72325652849078	-3.01510005766593	-3.74656303781937	-3.02494409975831	-0.156277632771348	-1.10662144936476	-3.41259174854842	-1.13301550138496	-1.38296388511862
ENSSSCG00000031311	1.2579158184858	-0.961370893762287	3.70670290277108	3.27447236743664	0.0919869184755461	0	-0.861153883989178	-0.697556406906212	-0.923788073267204	-1.03709272208975	-0.772326495627229	0.588255584172317	1.20092149913041	0	3.0589608442654	0.66053628908188	-0.775482392503452	0
ENSSSCG00000031324	0	0	1.16975573770389	0	0	0	-1.86588720592473	-7.56439196216868	-2.12926979629045	-3.17302202899915	-2.5035726148459	-0.257894884049191	0	0	0	0	0	0
ENSSSCG00000031344	0	0	0	0	0	0.475816364535463	-2.30286029696045	-3.28871927095348	-3.10873556199612	-9.87997507780577	-2.37036199277245	1.11574657980181	0	0	0	0	0	0
ENSSSCG00000031345	0	0	0	0	0	0	8.0605938121379	7.08209341813456	7.98835765409559	9.51621617342237	0	3.80004562538831	0	0	0	0	0	0
ENSSSCG00000031346	-0.119158874773413	-1.36467864684656	-0.891843773434141	-0.227336016979015	-1.62331171907511	-0.64264446043503	0.354538713055526	1.62824048655181	1.68523457052903	1.47469947176642	1.42950674108414	2.6570204717343	-3.52050859111812	-2.36815983620043	-2.85209249252486	-2.49029766125782	-3.04647159166313	-0.617454453482022
ENSSSCG00000031356	-1.11670027852101	-2.60473790812933	-3.29357679162911	-1.97314915064896	-1.501204745261	-0.26857202668683	-0.153050132736541	-0.224915234335606	0.11447248750113	-0.24416404956581	0.746476644749202	0.503095427586949	-1.0407993706587	-0.0990135011777518	-0.718978722966501	0.0586825469479094	-0.227014023016493	0.00579723182274531
ENSSSCG00000031365	-0.623936519554128	-0.626374066027573	-1.45954882446033	-0.919253242456098	-0.426915845057302	0.311473826343725	-2.38515530674448	-1.54485593113089	-0.609943720321782	-7.72607458210337	-1.97620133066722	-0.455996656989177	-0.437492256776947	-0.0614816784715093	-0.0410962218559531	-0.156199450384367	-0.518282048988652	-0.635923630315947
ENSSSCG00000031367	-6.88517580687555	-0.632121262881882	-1.9458799036781	2.11332716522812	0.96609581911979	-0.186058421521739	-2.77305602049275	-2.35786120130932	-3.03608017528562	-4.07992585691159	-1.12303275338717	-1.30201848260104	-5.27953305027452	1.04569853511087	-0.198927224192801	0.497798546898074	0.25458975600501	-0.954198570420243
ENSSSCG00000031380	-0.653798301129313	-0.45339881375917	-1.42672966412475	-1.06390914250883	-0.940998674096044	0.193754052748555	-2.53590574975819	-2.69433319045254	-1.67892022457141	-3.48158065004151	1.08057887391974	-1.35043285432794	-0.0316247943836931	-0.184154337860298	-0.208336047933872	-0.533082843198822	0.0141298373450402	0.0844286850106762
ENSSSCG00000031423	4.62177183261265	5.04956623477231	2.59583522754345	0.982693181602704	-1.4443036435017	-0.556243674320742	1.15519954097497	2.92494159645547	3.07979167725134	2.4346604726467	0	1.32272492200555	4.84450364899596	3.16124555733281	3.52735059701061	3.80443136509782	0.708630332954342	0.974869399388534
ENSSSCG00000031476	-0.275970050622798	-1.72204313676766	-1.2376248242172	-2.03790566201166	-0.926547571092339	-2.04136724324656	1.15569912559194	0.867117768473181	1.13563519866808	0.459971551753435	4.42910812531849	3.60177876525233	-0.537660228276445	0.287310708495865	-0.017890197829075	0.0253357128039729	0.631097481933995	-0.178856267552538
ENSSSCG00000031477	0	6.1772961477839	3.35552810745484	0	0	0	0	0	0	0	0	0	0	0	0	0	0	0
ENSSSCG00000031478	0	0	0	0	0	0	0	0	0	0	0	0	-11.1126277035388	-11.1847276609047	-7.12258237241492	-11.1060865708658	-11.1986161017851	-4.25871373508271
ENSSSCG00000031483	0.224699628784883	0.0895377270184104	-0.592711354310256	-3.17400373470443	-4.25291489560989	-0.573146622411453	0.337681694880853	-1.00311505684181	-2.04811728669126	-2.34853853568661	0.44661059647432	-1.03557550352493	0.646945570037406	-2.0662977858237	-0.585108019769275	-2.90996052805548	-4.19921543759424	-0.984268388698223
ENSSSCG00000031487	0.00389042367707011	-1.19856277131739	-1.24491199841441	-0.534457866733581	-1.44393994011591	-0.526796640020578	-1.06971921092306	-1.3063076609274	-0.114346124236202	-0.353895762251425	3.01819941754917	3.33823135925845	-0.905676166734505	-0.919357211878116	-0.120571408757106	-0.333185604990192	0.559283854400864	0.237986452308985
ENSSSCG00000031518	1.93558413661004	1.10047675884889	1.84596544614917	2.08204837987341	3.30850291198462	0.381970248579498	2.60012147729047	2.26505194780174	2.33405372133514	3.28189234583823	0.268890734954009	-2.18662073593173	-1.75315587810968	-1.99220320061819	-2.55283732827044	-2.34280264156862	-1.04996290130832	1.14425078576224
ENSSSCG00000031529	0	4.15030769852009	3.90783443365001	0	4.65009437018735	3.34417770855737	-1.58837073458819	-2.31370995869626	-3.09730651839157	-1.7523278617567	-2.20900280718434	-1.67235484189822	0.259050116940015	-1.5091659782524	-0.779608779666508	0.716807430839586	0.723631922001834	0.346682821868259
ENSSSCG00000031537	0.909431214744082	-0.0885650342327528	-0.101309300021914	-0.273451764893302	-0.251343989565921	-0.250659733645618	-3.45274524002739	-7.6206823091185	-7.48592216790863	-7.5206716128604	-3.51829952909956	-7.74508855438752	-0.157276872120097	-0.85910530125785	-1.50489328689113	-1.78080549856316	-0.206008766915622	-0.483949489163633
ENSSSCG00000031590	-0.351655638852884	1.7793651229549	2.70880192815907	6.15755849642144	7.01883689275227	2.28722192149284	-2.46004005427769	-1.17992816693017	-2.15740401143686	-1.67693489725633	1.8535668578641	0.542413841123477	0.678919045739762	0.883913762686825	-0.535816828367454	-0.0983777396429237	0.00424794212317593	-0.0509305641910192
ENSSSCG00000031595	0	0	0	0	0	0	-1.2744076502145	-7.38100637259576	-3.84013612573189	-1.71268139399201	-2.32016184586424	-1.70869415321108	0	0	0	0	0	0
ENSSSCG00000031620	0	0	0	0	0	0	-7.82950591340483	-7.82615548467598	-7.6912995807929	-7.72607458210337	-4.6440849718001	-7.95064253130231	0	0	0	0	4.01032648695349	0
ENSSSCG00000031640	0.00198743502204779	-1.39738390144977	-1.32727201324909	-1.16410847063166	-0.629443055717127	-1.07189423085393	-0.335886912029197	0.364438980620663	1.27068049665086	1.26790370010617	1.4422151823318	4.40323822774854	-0.804840294452411	0.175520550316588	0.0842117378003804	-0.305292887417843	-0.326478724960466	-0.569593933147265
ENSSSCG00000031648	-0.579956607577827	-4.55984834551846	-3.25139160112244	-1.32604681161183	-1.1159726946381	0.280479447426486	-0.475438976342212	-1.55963894112934	-0.898903214926487	-1.35871371734763	-0.8453626740747	0.217946650978229	-2.79009108510007	0.291666287008606	0.635312051572294	0.45855126324106	0.251914859516256	-0.43273360482629
ENSSSCG00000031661	-0.0512372034707149	2.52226113959515	1.77774777792155	0.664640286616663	-1.29919367463987	-0.375030839260377	0.355988534873371	2.29396520784938	2.08447814911563	3.4654093776055	0.851596996042222	0.305169120039613	0.691863453093989	0.0581889468943915	-0.746189539287332	-0.547507794837435	-0.680336043203224	-0.721786220070246
ENSSSCG00000031694	-0.543584717957732	-1.03338044760956	-0.879406476287576	-1.20303066430158	-0.842285562567823	-0.265216878303849	-1.17262518806352	-2.96273646871938	-1.68086802109868	-4.534924454962	-3.66041018081276	-0.08528774963118	-1.55202798977011	0.0460067737658337	0.333328779034616	-2.74569430087248	-0.763256413264676	-0.443194862056266
ENSSSCG00000031700	-1.21996301491513	-3.57925739693976	-3.41870986891909	-3.39096605713305	-8.60185024226934	-2.14993839332308	0	0	0	1.3824515446466	4.32356982323448	4.92686114198406	1.56082316215049	0	1.89784209173643	2.0387350603614	0	0
ENSSSCG00000031712	0.592356524354836	-0.414515001170958	0.993393529015881	4.60912943671612	0.613242454291401	1.62171866257764	-2.16473846870363	0.43714236384814	-0.599439469499162	-0.806574097217826	1.05996163251636	-0.536266725784179	-1.91975369239073	-0.692153058459445	-2.84715690428862	-1.06326347758377	-0.307670906194214	-0.468267830980589
ENSSSCG00000031717	-0.484415836382	-7.38889987348247	-2.17245115811918	-7.29772529838897	0.222920804662307	0.360780402745814	-2.30430005457957	-3.31150058986733	-2.85095109132444	-3.22540537757981	-4.1988463453181	-4.56157976809741	3.57967025199504	-1.17152128318906	-3.12547729294193	1.71598335983488	4.26426016244717	0.114123592428193
ENSSSCG00000031723	0	0	0	0	0	0	0	7.49305355393176	0	8.3494668511095	9.44780661769794	8.25320056402174	-0.8608801229836	-0.539765794991412	-1.09908504936603	-0.267225821558765	-1.0212276515058	-0.192021236264297
ENSSSCG00000031741	1.51619228670698	-0.288396521751386	-1.41808050463163	-1.14357744701738	-2.82612554608758	-0.715985708052577	0.92224263947615	0.640180843019592	0.617127248920511	-0.864697594307062	0.576223098488796	-0.890979303129806	-2.84736366654109	-1.20304525220706	-1.13588250615769	-3.97550298037918	-1.22850936271168	2.05196531137256
ENSSSCG00000031794	-1.19752457410978	-3.40582851662945	-3.4972837560032	-2.96548974196334	-2.93310940574759	-1.52692149959995	-0.524331210171116	-1.80488705042252	-1.75512782426706	-2.01248685027882	1.92852089801647	0.377349765587108	-1.7713750382879	-2.41850206513016	-3.20104382325696	-3.02383861066563	-0.69632714861197	-0.226241552724841
ENSSSCG00000031796	0	0	1.7456833358949	1.45425994911778	0	0	0.96836628402617	0	1.17178216143775	1.19635681044713	2.04155283057597	0.723871676377584	1.2037382286011	-2.36110740234871	-4.0880360266513	-5.17292080639182	-4.77521841170314	-0.400102505508257
ENSSSCG00000031800	0.579389314878794	-0.924440910899362	-5.0079868275591	-1.8889429545738	1.15241151526346	0.244290136138554	-0.773761452483143	-1.66377379551493	-0.781892797884769	-1.63227605919544	-1.42027285487177	-1.91592851298432	-0.872534603738851	-0.425989283260235	-0.84989794602425	-0.723306734492194	-1.54346132006085	2.9073120274244
ENSSSCG00000031813	-0.143258877342077	-3.59646237769732	-1.0456988656605	-7.60408317150299	-2.00087516894881	0.364939079796784	-6.92815433213434	-2.74993984156184	-2.45395991330621	-6.82513384370811	0.104122868694905	-0.745471615359399	0	0.0738158807816614	0	0	0.887987193873383	0.775050511958313
ENSSSCG00000031851	-0.224685849372779	-0.730455061398363	0.374174510440691	4.9670199719263	5.2574629496685	2.49736119019026	-0.0198355294959583	2.3796256291776	2.83218785144209	1.48264291935775	-0.717591822952808	0.171848908062246	-0.574130615775227	1.36046680128172	0.977675373800737	-0.0454331391517794	-0.892322159364984	0.741596427565122
ENSSSCG00000031855	0.096331875543232	-1.1336070737561	2.36647916642717	3.10231434584668	2.7344379860705	1.94870090328793	-1.00787468540151	-0.233124363674559	2.11966277400015	2.81868930936792	4.05978146223817	4.27233250590534	-0.566876532238387	-0.120897918945238	3.08921379036911	3.86505183097355	3.13793572688346	2.27927075908079
ENSSSCG00000031858	-0.894966049012481	-7.31894087326304	-7.24082634741084	-7.22779436703766	-0.638826785501049	1.59158934707718	0	0	0	0	0	0	0	0	0	0	1.50852755023109	0
ENSSSCG00000031866	0.608539046506179	0.764471065510426	1.20362238800995	1.21607268978658	0.507109912471033	0.389455359522138	0.0463150151342998	0.0376066219123587	1.08944956122292	1.78856868138403	4.22272737639712	0.755682682212754	-0.375848453998332	-1.04591431674142	-1.17477977578529	-0.93275633773311	1.00649763153329	-0.717273308645692
ENSSSCG00000031888	0.880576500202643	1.09333136906165	0.616922847501046	1.07953334662033	0.146546235404605	-0.889762984427501	-1.46871311264875	-1.82471452008818	-1.16001508081988	-1.30834890650891	-3.19378643562442	-1.79615694546908	1.46711020658457	0.226253493115663	0.0441012242174934	-0.031131918720995	-0.41668844049553	-0.739601231361773
ENSSSCG00000031889	-3.15970694698057	-4.01413523554888	-4.1725276691499	-2.59113139100788	-3.3804081011295	-2.49181425470726	0.419195467621908	1.12270974600559	1.03132862541853	1.18295557071698	-0.204199874563958	-0.0841200944501695	-2.05241314208948	-1.9197409925386	-1.78555567157135	-1.74411055896484	-0.995533045585195	-1.02616077889548
ENSSSCG00000031904	-0.408651679697996	-1.54391562841467	-1.21814887551479	-2.17902138557586	-1.88527518236028	0.0159680998813776	4.25016876489663	6.37364738556898	6.04211540844784	4.98115849994591	1.74947645805153	0.76142029530912	-0.0844733364073806	-0.260635579081921	0.0651749222320893	-0.18648505948868	-1.13488843936842	0.0340606705208517
ENSSSCG00000031916	0.047888153042028	-1.41313824704784	0.137933248520871	4.94996205027601	2.78067489282257	-0.917319760551166	-3.58661829872105	-0.401052158261573	1.21489928888179	1.44207834518061	1.47549064830041	3.06327258931377	0	0	0	1.72528547388557	2.54857891529268	0
ENSSSCG00000031940	-0.484856247643203	0.52439692470331	0.846843127268429	0.0896142598652635	-1.02454158732696	-0.980506328642999	6.34446195780856	3.49677778984786	3.84594605579925	7.39028496731282	1.88972529500526	1.13171768730978	-1.3450448438488	0.671685673722403	-0.700648727547825	-0.535064723676615	-0.813543338558487	-1.66540744290748
ENSSSCG00000031944	0	0	0	0	0	0	0	0	0	0	-2.63133248809437	0	-6.36675711588542	-5.53141822106281	-4.04851776568474	-4.5239224046777	-5.33886111219894	-1.36813359780842
ENSSSCG00000031955	0.692420730652299	-4.17910285399271	-3.06133588947507	-2.46221933038533	-8.24444323134201	-3.34695240662029	0	0	0	0	0	0	-10.1240761300946	-2.72130831365681	-3.88531163527031	-10.117537912694	-3.00813008677906	-0.628967651838191
ENSSSCG00000031957	1.30584323955872	-1.55422168328283	-1.1706873426878	4.43174009909347	-1.48579705332162	0.35081875575171	1.22390663286563	1.88416748803554	1.36515767805206	1.22798831301961	0.79739214385528	0.127578715665541	-3.31211105204873	-2.27979852407523	-2.99777253735273	-4.40258395849354	0.810131388035259	-0.344175685517449
ENSSSCG00000031977	-1.54265305723221	-0.661324121915169	-0.269574819564693	-1.14417229141897	-1.51702943203295	-0.790114839268609	-2.85002353174043	-3.86390931713825	-2.33324522412612	-3.9483483230013	-3.39573381441659	-2.1934028911637	-2.10774523277037	-2.56221023091383	-2.4858593454911	-1.72700241768005	-1.87412280664543	-1.02772231316304
ENSSSCG00000031999	-1.47999819028962	-0.322633956960552	-3.16790053543668	-2.16058148186658	-1.20610490048692	0.692876784170124	0	1.16225764334217	1.78315594091739	0	4.31087224742286	1.32272492200555	0	0	0	0	0	0.962517052694035
ENSSSCG00000032048	-0.315189502129338	-1.1544395229806	-0.803598747828062	-2.71531129149374	-0.204839547538425	1.81991590634552	0	0	0	0.808678216021783	1.09394052047876	0	3.65977187910186	2.14795892781763	0.634703717233697	2.89719376820527	4.5130957870481	0.891304678712975
ENSSSCG00000032076	0.187068740142967	-0.737154528850439	-2.68125849295358	-0.649726992506178	-1.24122332168043	-0.845393644324337	-4.175676075563	-3.20923024848542	-3.87201814542741	-8.24338725949304	-4.24129404423126	-2.88971715598249	-1.11586901887928	-1.29836759670618	-0.679183884390225	-1.9087777700376	-1.54181383312003	-1.42653692995825
ENSSSCG00000032082	-1.78990194860771	-0.245063892955767	-0.844466292513558	-4.06552088434297	-0.676923879759848	-0.813531436755613	-1.89250484051428	-2.30712512999375	-2.34578598699774	-3.72456587422375	-1.70903198903253	-1.70833968223671	-1.99997640959456	-2.26945751650347	-2.21682788874208	-2.39042334613287	-1.01143706790486	-0.266974974057647
ENSSSCG00000032094	-0.349889836429867	-0.793740937858991	0.0174756955052346	-0.106132355022557	-2.14389092549834	-0.978319590149639	5.69798272498697	3.27842390527457	2.66703302709761	1.98536826827834	2.76858093223985	-0.612503847040456	-0.400596994920124	-1.31560504758968	-1.76665952067215	-2.15783405551468	0.705216683538177	-0.423409633313399
ENSSSCG00000032108	-1.18171857209952	-7.45562275094995	-3.1987602641984	-1.4215812736936	-0.899711855113223	-0.96992294864671	0	2.83962888481241	0	0	0	0	0	0	0	0	-0.58629755364793	0
ENSSSCG00000032115	0.717978031114046	-0.0481614744733184	0.53493370734841	1.14777380143022	-0.936453526386025	1.28710573816012	0.482810514234112	3.1540538859459	2.61481395223831	-1.47637493625934	-3.17885687935501	-3.16860979813098	0.371817616078432	1.29650854515886	1.36390802103847	0.663470910807052	0.22132887575606	0.206761226225455
ENSSSCG00000032133	0	0	8.00925569966031	0	0	0	0	0	0	0	0	0	0	0	0	0	0	0
ENSSSCG00000032135	8.30182184702432	0	7.27601827633074	0	0	0	0	0	7.96951546623532	0	14.1040326890361	0	0	0	7.6305318300273	0	6.88241693094715	0
ENSSSCG00000032162	-0.44517894160591	-2.76427645119482	-2.3157717152025	-3.46780053092035	-2.84329493242998	-2.04143629121756	-1.60651853708572	-2.55899005263933	0.672949482960638	1.17286694653337	3.59826847122576	3.49872418912891	-0.933164872545548	1.06522007462729	0.0152035949552518	-0.135648478424247	0.815247194545064	0.937295476853105
ENSSSCG00000032167	-1.47683856414616	1.60510296651767	1.5617114387995	-0.230707021901129	-7.86735805746563	-0.614543574879483	-1.07270968520339	-0.400040551408832	-0.506705810357349	0	-0.881878298663518	-0.334061497481297	-0.872534603738851	-1.15863112454081	-0.84989794602425	-1.59076984511623	-0.550457316563778	-1.77576254401011
ENSSSCG00000032193	0.822092631840022	-2.0462243935226	-2.33764219776028	-1.79634912360197	-4.37699988179672	0.45282361686344	-1.24534211896364	-1.67218555940368	-0.447125813840749	-1.22100879055576	1.70981941922217	1.00369389683669	1.53275169934766	-0.146290787007973	0.0335850000565364	0.482814198148595	2.15896258892321	1.68439139521977
ENSSSCG00000032224	-3.4696841474852	-4.45832829800001	-7.56084553033872	-7.5477962169262	-7.60555876793952	0.296195335725719	0	0	0	0	1.38170238551236	0	0	0	0	0	0	0
ENSSSCG00000032240	2.56952288683564	0.424647250203149	0.285730315999106	0.615328688129143	2.95223775868571	1.65521592866253	-2.16219907269981	-4.67189097185584	-3.41120395544133	-4.45507409170585	-1.64931457684212	-1.3009222664728	0.183933956847795	0.683413923129022	0.0814805659786446	-1.47770729040086	0.933802898508583	-0.378310709600241
ENSSSCG00000032241	1.48281241842836	-2.72797973510645	-3.15390772097875	0.667065678887733	-1.05656680956648	-0.219422681837323	-0.0231479401774933	2.25182566848401	3.12140224152164	3.17876674036218	3.60480071267168	4.88118506024426	1.42047574609786	1.37715726136831	2.24230406660622	1.61233719603043	2.00441406559058	-0.768933279658583
ENSSSCG00000032269	-0.205116115886179	-0.160925102743636	-0.00323822306564706	1.0322466377167	0.731669196964622	0.156795450430196	0.615075066122978	3.43633255490903	2.7503690034471	1.06214180452047	0.186027746663513	0.249654678511478	-0.279249571796652	-0.173873049285698	0.0105817125443351	-0.135346334773483	0.302201554076431	0.140298558056566
ENSSSCG00000032282	-2.90861207744857	-3.95117256091738	-2.66956750317278	2.41703592933202	5.36582848576575	2.94032624624527	-0.206378152019812	0.42109762943573	1.41299833735287	1.72340876830634	2.33897534597939	5.08269737783634	-0.836012652651954	0.890846692845027	1.06292384303586	0.166136158764039	2.08154514356262	-0.176106014968461
ENSSSCG00000032301	-0.0154240479331029	-0.594962106586262	0.90765239626193	-4.03001474784717	0.0926553333506081	-2.23879123333157	-7.56773944419358	-1.6403725515042	-7.42966052322631	-7.46440230859401	-1.07123257746998	-1.01110999682954	-7.06748981121507	3.10138921335598	1.71647172272743	0.422188596283318	2.39160207711496	0.296810659885364
ENSSSCG00000032303	0.178823788249351	-3.98184681278297	-8.00242822410104	-1.16429968101045	0.495743813552862	-0.282517565188944	0	0	0	0	0	0	0.159745451308388	1.36080490176969	1.62511079586651	-2.24488018933577	1.93881804573148	-1.12249762904685
ENSSSCG00000032341	-0.368344693620176	-2.3626736629708	-2.58516554749562	-2.52460400922529	-1.86373410689224	-1.18148733279445	-0.509542971234888	0.209577776269082	0.146765785118384	0.970103001710866	3.35634719246378	3.62880984147312	-0.120666518918057	0.253006542917334	0.307322909159599	0.50486908066617	0.439209357715733	-0.0810747324752385
ENSSSCG00000032353	0	0	0	0	0	0	0	0	0	0	0	0	-2.08290747095983	-2.52911159636386	-7.41199745660826	-2.78339848308925	-1.57819875981291	1.50722653940653
ENSSSCG00000032355	-0.0297202896368536	-2.01166043511658	-1.84892289602686	-0.221753933060954	-0.221968074917959	-1.48404310898217	0.388237405833374	-0.171008791265174	1.44277750692072	0.891829123833231	3.30880083315041	2.9923261420111	-0.3633967976095	-0.874909020404079	-0.356546709870569	-0.145324271797041	-0.0566433182662088	-0.169163093015286
ENSSSCG00000032374	2.51846968318566	1.57923113995322	0	2.34714656840801	1.52235493586296	1.6747500101012	0	0	0	0	0	0	8.70380192368994	6.80162244874094	8.68119964133335	7.13178432134791	0	0
ENSSSCG00000032416	-0.091641254098322	-3.14110004326076	-3.62574847300998	-3.27641477800304	-1.44119750935175	-0.83592451686025	-1.35426445524284	-0.949486562388296	-1.91323470189212	-1.02901204224004	1.65052414996951	2.47061126046165	-1.91975369239073	-0.02766645868133	-0.512066107816211	-0.896558152368655	0.443112276645961	-0.0300080800176112
ENSSSCG00000032417	2.32993636775981	4.24542594551449	4.88292993720518	1.79143590259485	1.82104022871861	0.158774600048711	0.4168687941799	0.125069558565376	-0.943461300341786	-0.705231703832391	0.0503694388639351	-0.436267269267847	-0.603102298802447	0.469667156509163	0.312219037580481	-0.878169141174689	1.38468281535247	-1.16271457909539
ENSSSCG00000032419	3.18626337513602	0	2.91381978945037	4.67998727804369	0	0	0	0	0	0	0	0	0	0	0	0	0	0
ENSSSCG00000032423	0.70855983342111	1.13120170313028	2.46611671319631	1.34825542699242	2.31847104083866	0.746707463358165	-1.86668992303643	-0.729216800263986	-1.99343865928397	-3.46990596248261	-1.17061255813359	-0.0360491232987084	-2.54503117652709	-2.27415394074186	-1.82444909740016	-2.71422124185924	-2.92487838026144	-1.41026481679241
ENSSSCG00000032433	1.30710458156887	0	0	0	0	0	-7.96643273374093	-7.96308096388553	-3.49162462706352	-3.57157824979971	-1.92354973037734	-1.52425511041215	0	0	1.89918957124133	0.0384316065197033	1.82009194427628	0
ENSSSCG00000032438	0.3559651116841	0	0	0	0.466324365713678	0.158177579282202	0.226026427454459	0.646638164525725	1.20714095997345	1.55573812982733	4.67373059518216	0.865525358771021	0	0	0	0	0	0
ENSSSCG00000032446	1.56914827019816	-0.614899178969376	0.320723908233715	1.71078055701411	-1.38593891023142	0.298221902794642	1.44064195517191	2.54244917864711	2.43296642245081	4.68060140048847	1.5149200009367	0.547335660192849	-1.54596360219327	0.776802519788156	0.972648690836223	0.667277588143098	0.493609660353385	-1.60160182926157
ENSSSCG00000032456	-0.0615279469971663	-0.238150429728776	0.216616064250257	-0.906365346839423	1.36359426324736	-0.102784573080613	2.030711025343	3.57985969025657	4.06316775018138	3.74210542247644	-2.70966839884877	-1.89929748456589	0.536989451126805	-0.464989376668825	1.19694315503763	0.674355539367108	-1.06710206710926	0.168199723267354
ENSSSCG00000032473	0.316113191920695	-0.0544671561668373	0.161058610891057	0.532955405783084	0.247867881517053	-0.510478984427178	-0.0692384584635235	-0.230250336731712	0.318739383591736	0.67116610521749	-3.6675519855883	-1.38158297730318	-0.318455783216091	-0.297297090246028	-0.248268895168711	-1.03117530456323	-0.825591936536035	-0.944235788916275
ENSSSCG00000032509	0.54180931132179	3.31890500393022	4.62051179060561	5.05146272076898	1.38319271084085	1.71742811992653	2.45602097404822	0	2.53050167263594	2.17135036886624	0	1.48219235084416	1.64586747773096	0.88404867621652	1.73616020139471	0.100188328770234	0.0417577347587545	-0.912959432689951
ENSSSCG00000032525	0	0	0	0	0.616286982928224	0.888093270470596	2.40683307797434	2.54855463795414	2.15051636576506	1.36271026863256	4.11194203696278	0.767178080756512	0	0.447863949983499	0	0	0	0.775050511958313
ENSSSCG00000032557	3.60628817269086	2.14188706980315	4.89590334326617	1.03833192378774	-0.0644986677891552	0.00858137457894274	3.08735074607008	-1.19394791971849	2.39689204348821	-0.540356713003732	-0.010514958915692	0.353263539767815	2.86133816055055	-0.192920700026117	2.56233836842228	-0.834280341034714	-0.526711247353922	-0.261213683851072
ENSSSCG00000032561	-0.253503705224927	2.31067751285512	4.58771714009751	1.46227673344189	-0.654187688968442	-0.0270144352667879	0.17145494789075	1.52651734689715	1.66554049772031	1.8690680229075	3.36029762809302	5.27908209241272	0	1.86731001911521	0	0.700391601403841	0.528522258706307	0
ENSSSCG00000032607	1.13663402631437	1.54762094351168	1.3278892239905	2.79661800855446	1.51824705731771	0.581256530300389	-1.3730471144754	-1.58413880551439	-1.24742519415322	-0.953599796590553	-3.98483546357739	-3.18447558679222	0.69190085661502	0.284737240607472	0.702926062794185	-3.32911213278495	-0.61411242973695	-2.18150653797795
ENSSSCG00000032612	-0.958455474988279	-3.0050548542781	-2.44862026198732	-2.36416842943249	-2.66251985169606	-1.40932708940622	-0.348644522003248	-0.254678303629872	0.765925715737809	0.782993195678904	4.17734406328499	4.22727021928778	-4.96100800904008	-3.77984109226956	-4.1861874955075	-4.88465186637133	-4.45534182966407	-1.35133263724866
ENSSSCG00000032643	2.33047239750466	0	1.30227527657297	2.50597316272	0	0	0	0	1.4593617686547	0	0	0	-4.27695999532716	-4.41064084688384	-0.939852124148668	-9.26195466331796	-9.35437881938172	-1.47330436507197
ENSSSCG00000032656	-0.426062324621082	-0.771109854817514	-1.18842377450136	-0.724505624475635	-1.23518777903718	-0.368726708044271	-0.521000777069673	-2.09714303497128	-1.5572582562706	-3.49707164472538	-1.69026875046888	-0.633520044566966	-0.483269348665647	-0.942424978151709	-0.571783182795327	-1.02188357890341	0.462136121660113	-0.450045003731756
ENSSSCG00000032672	1.52632665504743	0	0	0	0	0	0.74797423571001	1.55641139617566	0	2.90488617996246	4.90907537633648	0.914878911073354	-0.110381336363753	-0.656173037434969	-7.092185589556	-1.49374389193058	-0.681443441821261	0.433492864300359
ENSSSCG00000032686	-0.262068510284944	-3.29738404596741	-2.55060056878656	-1.89874600634312	-3.25903776293961	-1.39030709775364	-1.32140503877738	-0.206344660727883	0.525827520751057	0.836842713182472	4.57445900884032	3.3526739401061	-0.784333301623397	0.485832722125272	0.584437874342863	-0.518549334782754	0.185030677486869	0.369618017373912
ENSSSCG00000032690	-1.33344280974466	-1.15505534694089	0.532574305627792	-0.925946811801136	-0.975537619382194	-1.89494908515017	-2.11702907626328	-1.53878634417601	-1.80943219664618	-7.14451500384653	-0.887104228363223	0.302007403988316	-0.692258119830272	-0.734273576885806	-0.664805977140252	0.121852587862224	-0.839382708774741	-0.822136200359229
ENSSSCG00000032715	0.450912673977338	3.02743968768574	3.66393862541805	2.15951358221454	1.56044879438854	0.938710577718943	-0.848289690474947	1.0866766959873	0.463913517374832	1.49988067895927	1.94905046342598	1.75931570198177	1.23014102986818	1.92237381456326	1.60957446793234	1.95400028521083	0.729939274787519	-0.0119788888000636
ENSSSCG00000032720	0.472909757902348	1.60307973411416	-0.80537741476539	-3.03483519119645	-1.88184213863661	0.159074805375669	0	0	0	0	0	0	-8.27082550526895	-8.34272942255819	-4.28071144983924	-8.26430264612374	-3.43793848467335	-2.04733779389516
ENSSSCG00000032768	1.23808099562673	0.438688693464623	-0.0382164434302417	0.498301523080871	-0.470604335414693	0.216107523419495	2.88059053104161	2.39315044156389	2.71501336041015	3.19370435790466	-0.491980838599903	-2.38651730825189	-0.385592146576175	-0.729373189003794	-0.334715081698413	-1.30110880811118	-0.643570888979398	0.499331136121248
ENSSSCG00000032777	0.796541918749394	-1.18466700670686	-0.516178719310117	0.755302471709891	-1.1938356354054	0.137775996698544	-1.01390005632629	-0.908041010190639	0.185542804293786	4.07333246265653	0.425373465232903	1.63568125357973	-0.663728105231795	-1.58133814501257	-2.20039264473519	-1.60250520675446	-1.25432639905584	0.877660799160454
ENSSSCG00000032795	-2.01597650786211	-2.08808391247518	-1.9264055483215	1.5256825541692	2.88388369978285	-0.423285066455881	1.16911095331669	2.83729543422974	0.861258484345099	0.741687524851435	6.09805858561779	2.06909250072211	1.04287009085427	-1.13258442704617	-1.52493079930403	-0.474514436459373	0.417716118514023	1.02790599155514
ENSSSCG00000032797	2.77292215726837	2.99333193676623	5.78776971830004	7.54291362476307	4.10951184399416	-0.962446176729537	-7.0967624482552	0.649888600865386	0.895537916508279	-1.16727625390266	0.104212589933358	-2.2089698453042	0	0	2.26728477946003	0	0	0
ENSSSCG00000032827	-1.69761855396884	-2.56088473096467	-3.02468451601627	-2.96624470950683	-2.41509834032135	-1.92537840926789	-2.45501022716112	-1.89710645964759	-2.52431331979878	-3.31845826744857	-1.65071137424199	-0.474086266012981	-0.830384543908938	-0.223900751401226	-0.586387049340671	-0.37298967928883	-1.14881405434578	0.10196785091976
ENSSSCG00000032849	-0.909766952561491	1.2449311443149	1.72753369448989	1.53204650360149	0.00814152741085787	-0.943959842980834	-1.74625406225409	-0.254678303629872	-7.31009376191259	-3.0534379628065	-0.169683925960016	-0.686853052803561	-0.463388959944265	-2.08346492953699	0.648310038035981	-0.574285622885158	-0.376051281467029	-0.482936301766116
ENSSSCG00000032857	0	0	0	0	5.81767573457948	4.25056722784917	2.39866333353343	0.0722286713246492	3.09159996787472	6.53434654059069	10.1751386556125	7.34855622154888	0	0	0	7.60283223863801	7.9633914798876	0
ENSSSCG00000032877	0.393727958856353	-1.17776748029214	-0.693251981792996	-0.775359901465724	-0.728211147094087	0.564356163771916	-2.61987416526976	-3.40893824871446	-2.23805095145503	-2.8589332517968	-0.463823153265085	-1.33303015823593	-0.285368068791856	-0.147501619775312	-0.813790116503029	-0.700566540661149	-2.51086500810675	-0.121716203151235
ENSSSCG00000032896	0.233807103534434	-3.25823597859113	-1.80060039063892	-8.22297392368838	-2.87721094439403	-1.09808441196843	-3.07642593661969	-0.963068542064286	-0.65999072827662	-7.14451500384653	-1.20474587519459	0.847257363630639	-0.300461306625829	-1.53661884626215	-4.42173539107446	-2.21539216697832	-2.11841185922605	-0.761421414042616
ENSSSCG00000032923	0	0	0	7.57883800722591	0	0	2.1855251548697	2.05226333303599	3.33015018599282	1.67446079593945	-1.20362138887117	1.3536572772951	0	0	0.600960339784005	0	0.401525832103559	0
ENSSSCG00000032950	1.25177214600548	1.70136051096228	0.293435652494649	1.94891970442855	1.40448851661338	1.22370803800223	2.66844954248042	3.32239305699826	4.22804835705598	4.01988279821105	1.34814281214707	1.21866604143596	1.00062466997109	1.71776710621692	1.6776492339038	1.06752126965134	1.24704556482999	0.848119843641726
ENSSSCG00000033003	0.76779970080227	-0.537269783585512	-1.15027033898852	1.60557196953693	2.38583257429305	1.28569476671471	-2.05195322898816	-2.04480094532394	-1.22607995198979	-3.61803006930578	-0.333456443999785	0.0105374312761495	0.0634321928948252	1.25835964326429	1.48585407748975	1.10710837240272	0.472302502964364	0.491172137958273
ENSSSCG00000033015	-1.78542626296449	-3.13222995671263	-3.41428600446474	-0.675425821253843	-1.41365341608681	-0.115531708723227	-2.57553341181519	-2.80707070770377	-1.0168893290307	-1.46694543325333	-0.768039459139039	-0.176466133889315	-1.73607400543045	-0.460819626783197	-0.414938622732857	-0.730416821277912	-1.22318894813834	-0.0292048402192908
ENSSSCG00000033018	0.307921077710077	-0.795088660577502	-0.971172058303469	0.148247328109091	0.234498591042255	0.434041644533232	0.249563652524473	0.955785965378785	-0.312320487872511	0.411803120075279	0.406447966221721	-3.38400422844054	0.257969796799881	2.08567804871031	1.79260357483801	1.8941566212442	1.37254913131327	0.710707633903795
ENSSSCG00000033117	1.81191737505406	1.22931892053795	2.10168350237976	1.07325071194662	0	0	-2.24594231381978	-1.94167407104628	-3.03659980046683	-3.69050553775302	-4.94263992866154	-0.953848432794312	-6.97509729092071	-0.973416815918099	-1.24270688440163	-1.18331551953976	-2.54104131368119	-6.93033393010226
ENSSSCG00000033146	-0.316107495146495	-1.88751909991765	-1.81210069131336	-1.44300512252401	-0.7927505391249	-0.611486262888715	-0.694349714905571	0.802646080710169	1.43478094969207	1.37756462237212	3.50173309059576	2.96101145027917	-2.3902028731401	0.870487284308911	-1.03091415419275	-2.23587190744137	0.417442824360104	-0.273715377445292
ENSSSCG00000033181	11.1321073660673	0	10.0638874888189	11.6707038930059	0	0	0	0	0	0	0.964300259198364	0	4.32439933169034	4.93857483586403	4.95512322681249	4.66106040935507	-0.113574101361425	0.331201991850024
ENSSSCG00000033183	0	0	0	0	0	0	0	0	0	0	8.11961507311578	4.29097561612967	0	0	0	0	0	0
ENSSSCG00000033199	0.222185993342141	0.132249891154287	1.13844792716994	-0.217854875302632	-0.779790268210646	-1.77937145522305	-0.488293675753704	3.92436248424101	1.87780003907268	2.61039123809843	0.315474391405838	-4.2377269897929	-2.24194561240764	-1.5765047985938	-2.28918216495634	-3.2141018185646	-1.18919727824586	0.202793479887798
ENSSSCG00000033204	-0.559018967357306	0.507833172716898	-0.469075133916501	-0.878478147991831	-1.10633429869751	-1.99256777005699	-1.70515239131835	-0.90847932481477	0.162474990410463	-1.47880986181784	-1.77155662834525	0.966751927664445	-2.48446021110239	-4.54862913827627	-3.19566431936184	-8.44660800625635	-4.57335036364436	0.974869399388534
ENSSSCG00000033207	-4.19772240078276	-1.79148855006162	-2.62371476612626	4.38000676703338	4.43901340652234	5.27028665948639	-5.6957968659569	-5.28736424737314	-5.94981848618424	-4.08624130326607	-3.80451311718544	-5.53807829360044	-1.18858339570315	-1.49760291168424	-2.10690224061587	-2.81902951555113	-1.72024242025452	-0.4322434722132
ENSSSCG00000033214	2.5980075275654	2.84079204272476	2.08681899138228	1.48385421744895	0.911233722689228	-0.774989163302773	-1.17900290133761	2.12244591347655	3.00650087234835	3.53313152754772	-0.726069257518813	-0.785438489660908	1.89041471084582	3.30928056653457	3.51834900213855	3.79411173055502	1.50000622950874	0.591869434726019
ENSSSCG00000033229	0	0	0	0	0	0	-3.14636315376411	-0.88285768650718	-1.30661674932972	-2.92303841150869	-7.34967561234977	-1.64195803162668	0	0	0	0	0	0
ENSSSCG00000033236	0	0	0	0	0	0	0	0	0	0	0	0	0	0	0	0	0	8.16349162796212
ENSSSCG00000033251	-1.46589423523157	-6.90691207900635	-2.65026253309244	-1.09160905202876	-0.637114311416163	1.40911218398648	1.28775514751737	0	0	1.37834229734968	6.34274411996166	3.85628681548384	0	0	0	0	0	0
ENSSSCG00000033256	0	7.87628688850724	7.27601827633074	8.32579731580979	8.69456332075718	0	0	0	0	0	0	0	0	0	0	0	0	0
ENSSSCG00000033260	0.239636310357322	-4.22181637358298	-3.90961722877522	-10.3319571845084	-1.98095645997476	-0.0378077767786018	-1.1869746782818	-1.17992816693017	-0.878969584682724	-2.23712647677756	2.48020724860966	2.09704006413033	-0.395765982465891	-1.67330842891162	0.54683392239173	0.246821411780485	0.846372122038125	0.321637097774712
ENSSSCG00000033293	0	2.83767374561189	3.85175644721718	1.52185717597673	0	0	-0.77714523935484	-0.683174063162684	-0.763120223567528	-1.53812511844048	-0.757627348318571	-0.272974289121394	0	0.015770838918261	0.10307970715876	0	1.39539876702497	0
ENSSSCG00000033307	-0.0723914401239386	-0.816088103502423	-0.173777380316261	0.365228587040458	0.0104082838187611	0.185290532406471	-2.53783695361744	-3.51004774570934	-4.17275336636985	-8.54414444075388	-0.621085988903797	-3.760549804719	-0.860165652326989	-1.65004837693545	-1.8017186827793	-2.02941170528175	0.513002037336328	-0.80768927959478
ENSSSCG00000033333	0	0	0	0	0	1.29491597450813	3.2237564190879	5.53080384811449	5.27160449314612	4.12323833698347	0.746270203611027	0.913430297316292	0	0	0	0	0	0
ENSSSCG00000033350	-0.549127582944383	-1.36031415481486	-0.414316637926969	-3.58168494240359	-1.26919126309185	-0.812759863174602	-0.526557919059358	-0.728616065864227	-1.25526031754224	-0.483820485582967	-1.63601849704839	-0.550998314895932	-1.32160798712185	-1.24372712537482	-0.913669957232878	-1.38497079044272	-1.59669377979261	-0.429898693275979
ENSSSCG00000033355	0.616396360802715	0.69650603370461	-0.0326579492347889	0.0422469955318796	-1.07843319885543	-1.10117199275369	0.963723752163221	3.17212623688246	3.75081397994033	1.48165819160504	1.33524806682231	0.247777142833249	0.575688568213594	0.68225197670763	0.998389165816162	-0.497789080091666	0.244755919901151	-0.0230095391353639
ENSSSCG00000033363	1.38404474895681	0.743014692056704	3.51497446243697	1.01808951131959	1.32003686467783	-0.833205352890993	1.48775676847984	0.911800410565278	2.30667423440092	2.15539021263335	1.09940943495029	0.507226340877334	2.02629661184331	1.42949537769646	2.2111133606774	1.18012062901358	1.24746425355067	0.127285653071261
ENSSSCG00000033382	-1.91208716880852	-3.35892158273042	-4.02737881602846	-0.828532963514946	1.74902073236956	-0.176386875059796	0	0	0	0	0	2.27605271246599	0	1.71518043782601	0	0	0	0
ENSSSCG00000033383	-2.41102458266971	-0.308718185807546	-7.77391606068797	0.814202899038125	-1.29622937803825	-0.153007126521174	3.15159746257541	6.73371352135685	7.6645291037789	8.21408765658372	1.48233061409066	0.723871676377584	0.997042254363122	1.48108734368944	1.67280743862798	0.89469362968952	1.34368229522342	0.197447010632983
ENSSSCG00000033414	0	0	0	0	0	0	0	0	7.18018115574233	7.2254268213961	0	0	0	0	0	0	0	0
ENSSSCG00000033425	0	0	0	0	0	0	-1.00792603654385	-2.39643325598681	-2.81276544705126	-4.98763102706823	-3.22697605398262	-0.731030970799334	2.31945954685725	2.7038068204026	2.90599751225962	0.0932524285026745	2.43414623263864	0.864297419929511
ENSSSCG00000033434	-8.16679713829372	-1.09221226785442	-8.12396251011182	-8.11089064176883	-4.03680322513743	-1.21878984606136	0	0	0	0	0	0	-8.1063323272788	0.915628427413342	-8.13112250659484	-1.5478558026398	-4.22648454110028	-1.4728132958682
ENSSSCG00000033451	0.578329265469	0.572777781763436	0.365138798982681	0.762876435396875	-0.112499333270456	0.571234226161274	0.972211925307742	0.909332747993618	-0.28783407775166	1.05750006110855	-0.156315052122844	0.337143926204813	-2.15288637874173	-1.45572247432316	-1.36827947913243	-7.45073724987333	-2.62415211417388	1.88222880264191
ENSSSCG00000033452	0.228729815539457	-0.579426446949584	-1.67469087839742	-1.06440267361537	-1.6988229233518	-1.1606473002395	-2.12454401381543	-2.03549449736106	-2.31149434151149	-3.9530518383595	-1.58249647422081	-2.28908626511781	-1.4405286662874	-0.973041277960838	-1.2577796637213	-1.62837205748502	-0.544310125501065	-0.878432574429736
ENSSSCG00000033457	-2.28382204440298	-2.35617161195356	-3.18009973873817	-2.05150106001308	-1.29507047572992	0.918368728706775	-2.03818690701604	-2.18211552522858	-1.7261019917629	-2.22075956402379	4.41326824622412	2.55935308140754	-1.83637696756822	-3.25612250285205	-2.12472475691882	-2.68883059245356	-3.9581943543893	-1.5483062997709
ENSSSCG00000033463	0	0	0	0	0	0.590108599414115	-1.13776736996505	1.10070842995501	0.552940043156909	1.71819745560441	-1.6126674749039	-4.23145451806902	0	0	0	0	0	5.06319916811326
ENSSSCG00000033465	-0.533299194930869	-1.81433977807827	-1.52681105612686	-0.728983692862906	-2.29471104780766	-0.97843061775367	0.838649586557253	0.91881908125284	1.34410099676701	0.7095552952313	4.54757408375736	2.42967534761101	-0.501842211974131	-0.550114796315345	-0.505001616283568	-0.44503812182758	-0.204875252712606	-0.326811075135393
ENSSSCG00000033472	0.549075681678502	1.5940442045113	2.86729871445494	2.40556560530045	4.17965104387373	1.68938272971159	0	1.81244565153486	1.36074170236805	0	0	0	0.470278202220985	0.939931820732501	0.423091719381738	-0.203642003231992	-0.614299494399877	-0.128761604535771
ENSSSCG00000033490	-0.293314313698012	0.330554038008739	-0.615058919769333	-0.997535094964232	-7.3554302688698	-0.903183057611234	-0.147229113346636	0	0	0	0.103641032383095	0.18606422588859	-1.57202283450023	-0.724801490452187	-0.954669479719571	-2.82799763411821	-2.9961247824895	0.0758416088540796
ENSSSCG00000033493	-1.09076728792966	-1.81890334093992	-2.2890410319262	1.82690461213827	6.96754809836133	4.01922608550301	-1.94880772777186	-1.94167407104628	-3.03659980046683	-3.11819991264854	-1.16305343296294	-0.743006171165944	0.216816941214613	0.848508467653891	0.195812029416397	0.381071736211137	-0.449530751859775	1.24872753927147
ENSSSCG00000033509	-0.0551380586972991	-1.00532797660242	0.0813862491085265	-2.46499053287851	-5.23447515165098	-2.37287323664719	-2.54033541047874	-2.03275255385133	-0.772546610063516	-1.28380468462865	-1.00782399764908	-1.11055103994621	0.381690498995974	1.78003300028151	1.69836687147795	-1.22548282605561	1.60286338563947	4.57315453109785
ENSSSCG00000033514	5.03173518627689	6.37169084782633	6.06160198835118	6.61463198222012	3.70988863546097	0	-2.66454925167476	-1.69812257064727	-2.3617190837485	-1.47880986181784	-6.86778248560742	-0.278798452047033	3.16573942067303	2.93583541688283	2.393705916831	3.51291389992543	0.288681619410345	-0.235513284917679
ENSSSCG00000033539	2.1604482005857	4.66900742130634	3.45774673782968	2.90911231137514	0.2626116510103	-0.0909851463143161	-1.95233924590413	0.146225446088426	0.72501670809177	-0.660998888583523	-0.891427746273542	-0.14154884391645	4.72111488341977	1.65579091003518	1.70208068335061	2.6279848898377	0.645878583334002	1.95928276076185
ENSSSCG00000033541	-1.00073833981629	-1.44769358814234	-3.41420519991952	-3.27069820818697	-4.14488875250215	-1.59862784250262	-0.826683634337691	-1.92668080869633	-1.3398017261567	-0.0116300496092926	-2.6718525382968	-1.22577997636412	-0.567512597734657	0.253277672501729	-1.66991550088673	-1.35491360878807	-0.991269230865137	-1.91199096592876
ENSSSCG00000033544	-1.53972735421102	-2.43362597982274	-4.37831787948837	-2.41138417156214	-1.45693654628317	-2.72722214131087	-0.824006067494523	-0.691975091560499	0.273566524449359	0.073020928691896	-0.891427746273542	-0.36320950433298	-0.254155999723266	-1.80710001736698	-1.11760909976861	-5.22006008955659	0.943169373496021	-2.22359213017387
ENSSSCG00000033562	0	0	0	1.28885522654005	0	0	0	0	0	0	0	0	-0.432722046944721	0.588580253899971	-4.21326998478553	2.13645681647637	-2.69888053409397	0.700534847085415
ENSSSCG00000033578	-0.901313536152932	-1.64981255212074	-2.14275901992701	-4.73180322767967	-1.0305626542387	-2.59141696128362	0	0	0	0	6.97185159570829	0	0	1.54677401055051	1.15148226222812	0	0	0
ENSSSCG00000033580	-1.5682235960466	-1.05938843637076	-2.46783205658392	-2.27223914890013	-2.39393780227616	-0.818674466297663	0	0	0	0	7.15107107511959	8.66705548038134	0.123954115734928	1.02550204420288	0.431699234378063	0.352015345882083	-0.327908495682285	-0.597737169137292
ENSSSCG00000033581	0	0	0.665772086745344	-0.770621772015636	1.45965819297637	-0.101780419298371	0.127307974279615	-0.0874841691806595	-0.88985121516314	-0.226114243083387	1.51532814080021	0.759661047674057	-7.58777450272551	-2.72967553257433	-7.61252596538203	-2.98390278829857	-0.544954050621817	-3.46621869557494
ENSSSCG00000033606	0	0	5.11942915254873	5.21176699171901	4.70654396265645	3.62652795446528	3.09067724671103	0	0	0	3.92706313411512	0	-7.38726511398482	-0.976052658037718	-3.39708357620691	-3.33886562330206	-7.47279230500857	1.98820727791136
ENSSSCG00000033608	-0.0803846239586099	-0.211635119710705	0.349338014601965	1.42785624427004	-0.927899440784276	-0.939601397522255	-1.71852104068041	-2.68585747533389	-1.95096611655036	-3.32125780466464	-0.377875458361935	-1.61597970739679	-1.03337079590877	-1.80123700075557	-1.10139856999998	-0.815119015352639	-1.30335479114628	-0.998500019947797
ENSSSCG00000033623	-0.239688604549025	-2.07284083566827	-1.21322306521535	-1.22152848278254	-1.90999303777177	-1.21099726668009	-1.65079626359376	-0.492314939888657	0.318867278288151	0.0976514169343826	3.10507368090206	3.64316755264369	-0.916905115349004	0.575441950920177	0.472453812917799	0.819027112530908	0.504494937598838	0.687588967273402
ENSSSCG00000033637	2.14485270108256	0.184028137329175	0.186740807440513	-2.83639057074961	-1.18021473379757	1.31422505720541	1.37559158929113	1.03799497023578	3.22749519171061	3.59473137053424	0	0	1.46161947594003	1.374544319667	0.748664738634117	1.32893207589708	-1.18261355328549	1.64517098064322
ENSSSCG00000033657	-0.310542987577403	-2.03766432717556	-4.26729643592107	-3.03267699509457	0.45274623140389	2.60126466793903	0	0.398357821989313	0	1.26789551590304	4.53856869418791	1.7223424630594	-4.33420202686258	-1.60261056831457	-2.24732217726843	-4.32177400736707	0.215223958807376	-1.47831543398022
ENSSSCG00000033691	1.81660250820587	5.1705428665503	6.84534828302183	9.57291058760638	6.24011981848552	0.287304092222873	5.36848127925316	3.86702572021286	4.05568454437167	4.92492688697848	1.75692603526934	0	-1.08062407205343	-0.359414228935739	-1.12799573414693	-2.11510233755704	-3.95507623041095	-2.15430014317897
ENSSSCG00000033701	-1.5326705391951	0.186819359579393	-1.63284351256246	-3.354837041085	-7.60555876793952	-0.496123124015497	0	0	0	0	1.08852828889214	0	0	0	0	0	0	0
ENSSSCG00000033702	-0.209713460386887	0.534979979930138	0.704144883642315	-0.360388683747401	0.232636460599951	-0.441988967280784	-3.81171245200842	-5.65613972553296	-5.42202799810952	-6.14245715339942	-3.80903861596786	-5.7232151743819	-0.0473472713178896	0.181169960707579	0.145159060234123	0.4399093679411	-0.243075852833307	-1.0401837234708
ENSSSCG00000033780	0.285170075465955	-0.7116578124315	-3.43759385026656	-3.04124397911428	-2.67689195613244	-0.295656679796815	-4.0894682773862	-2.89019201054125	-3.29705314985429	-10.4133251134006	-2.78883173875232	-2.08685247400596	0.647137352217769	0.3280088884181	0.527090810153261	0.338213107606796	-0.0745721989047964	0.293861093462244
ENSSSCG00000033787	0.228354158686734	2.3340954722871	1.71770065535062	0.688092907956873	-0.49622847943515	-0.492933770840467	2.07232317266072	0.974192487030982	1.88039608501479	2.2805108503403	3.29849982153964	2.65294069034559	0.141546587361269	0.00273007657083686	0.329633073018925	0.172126385675245	-0.175389339974023	0.640898444012702
ENSSSCG00000033806	1.15304767212737	-1.33069184028614	1.87161097821253	7.41404563011084	1.44331613213759	1.54403130795295	-2.6568174151224	-3.63580235931768	-4.86957759115319	-3.98694240314199	-3.30193957741322	-1.91050125090069	1.87801910911492	2.35734231051399	2.50104359786139	1.74806202497744	-2.10463756745504	0.296034057804213
ENSSSCG00000033815	0	11.4802632978667	11.6129152486395	11.4477475158573	0	0	0	0	0	0	0	0	0	0	0	0	0	0
ENSSSCG00000033822	-2.56665759107592	0.173628820063455	0.376561799685779	0.673933373215266	-0.775699804297637	-3.27197342813529	-2.10652814617467	-6.83249873547925	-6.6982628656067	-2.44149213975928	-6.86778248560742	-1.37792704831426	-3.07626562962534	-2.25013071172581	-4.0860979364393	-3.49065157995747	-3.67699455374736	-1.63758770048353
ENSSSCG00000033834	0	0	0	0	0	0	9.02241737077954	11.4015779272858	11.7190635864806	12.4781015944294	0	0	-2.07596168351891	-0.245173550536154	0.42347559598536	-1.08633337173632	1.30631104055595	-2.94603745779905
ENSSSCG00000033858	3.18484197606993	3.1125470619314	1.89591688603217	1.63550860374443	-0.891060164550568	0	2.91785751610765	3.32128659889874	3.62395041646451	3.76434882039082	3.04743781225853	0	0.0919656912188427	0.351298049447324	-0.876919829763852	-0.890566728091382	-1.40193286489009	-1.73285267864443
ENSSSCG00000033899	0	0	0	0	0	0	0	0	0	0	4.52390518334922	0	0.796971362537022	-0.743033688122332	0.395213155471492	-7.14782175988597	1.27817436874527	0.971811527283409
ENSSSCG00000033909	-0.00941415432913302	-1.94831292952746	-1.7449348098006	-2.11352866387294	-1.35910012748873	-0.624420697510145	-1.31194529233084	-0.531901256075097	-0.174918121128873	0.316273855900302	2.76444000371079	3.55715256051527	-0.418318251539137	0.00988484698654897	-0.321781913689274	-0.0583276639622132	0.0583698391560571	0.496803363751267
ENSSSCG00000033918	0.0214215275801596	-0.888485855835655	-1.06758236097279	-0.0951628991332907	-0.935069276984827	-0.377381333989672	-1.53148295863218	0.164803893930778	0.740689380793346	0.180760689341917	2.81051991898148	4.16362083313067	-1.80961861437243	0.167451262201357	0.713842604459589	0.0532137652692434	0.200758824093813	0.53342050013074
ENSSSCG00000033919	0.140559079322456	-1.02290767332951	-0.152666096522598	-0.975549591124725	-0.871298485681572	0.221073241528603	-4.66085532713116	-4.43663240791088	-5.02728964204295	-4.74736584041442	-3.08103261165774	-5.15840993282323	-0.423789098734938	-1.783634390557	-2.4135320202841	-2.67232259093974	-1.82680790899755	-1.33249085155926
ENSSSCG00000033922	-0.278455249124501	0	-1.48615458665609	-1.86009356696391	0.198024675757674	1.04760013006424	0	0	0	0	6.57621000787234	3.18699527561181	-4.73928967431875	-6.73757180683092	-9.75566846132284	-5.68238685256052	-1.54960100899579	-3.2213551227554
ENSSSCG00000033927	0	0	3.92523034859823	0	0	0	0	0	0	0	0	0	7.20320147885599	0	7.25420267683099	8.04447302627564	0	0
ENSSSCG00000033958	-1.49813486942894	1.0816881898275	0.568415582758999	-2.08733232694755	-1.24662838700178	-3.15809502269376	3.29779613418002	1.35812571658133	1.96975369674983	2.25544713126765	0.807987375722782	0.105462411697919	-0.142355673631143	-2.23028020159364	-2.72654652572176	-2.00694140298423	0.0408859885864513	-0.901663573453918
ENSSSCG00000033979	-0.771465899810424	-3.35671926350672	-7.37746249700837	-3.1714634678514	-0.775489378960946	-2.52441265586804	0	0	0	0	0	0	-0.608593318917239	0.0391123311288508	0.098104608068653	-0.207581064121819	-0.499203885321231	-0.0584831998654483
ENSSSCG00000034000	0	0	0.876973563622608	3.02742372500085	3.86584978318075	0	0	0	0	0	9.44780661769794	0	0	0	0	0	0	0
ENSSSCG00000034015	0	1.22931892053795	2.62030334517975	1.07325071194662	0	0	4.15783565057358	4.04090309431593	4.31095264563738	1.49694184204033	8.77636094147785	2.48626279844361	0	0.536760815078211	0.767726620470543	0.246821411780485	2.25629105539422	0.101387791751486
ENSSSCG00000034044	-3.56638993167402	-4.69866844911857	-5.03619795103741	-4.94945081298394	-1.61872277437833	-0.716187522519278	0.108130314996866	0.115296364428243	1.02347528653367	-0.407121619642198	-0.384597572700075	-1.10367855033661	-1.92641318518911	-0.237720152899878	-1.41360882565449	-0.641950656648204	-1.08814443257339	-0.408979670091627
ENSSSCG00000034062	-3.41109948996784	-7.58046857034207	-7.50227016873207	-1.35667192480721	-0.581273693058688	2.49586099336	-4.76319171256489	-2.74198788511627	-3.11696611862687	-3.53463108528089	-5.52013738609525	-6.80672057371125	-2.19233877689756	-1.70646839490561	-1.72614863113798	-1.47165220998617	-1.33234986908409	0.329755284197133
ENSSSCG00000034087	-1.31724667245641	-3.84334995966692	-4.35446105312634	-3.23914494163383	0.176484093962114	1.28428243549356	-2.90262990686246	-1.16834053379746	-1.32543756835789	-0.460912387176825	-0.157886516926439	1.37579155376488	-0.753512906749002	0.0785693413541888	0.0552594209331998	0.649006005581662	1.47448465020624	-0.0423341068031481
ENSSSCG00000034102	0.455967342494592	0.383743426921114	-0.158898924804024	-0.774498852014872	1.27779853305796	-0.208039278343381	3.80086947192976	3.79250207650577	3.80444493913043	5.07574072092975	-0.47515824332909	-0.970456946951471	1.28684006822378	1.84867189109002	1.23997156875272	0.888103124579925	0	1.69347388302752
ENSSSCG00000034107	0.749817960322866	2.90181091237239	3.37836007981231	1.96217314021468	0.289939049239273	-1.0075976805928	0.213690708545733	-1.89228834220892	-1.42121820717315	-1.09224568850845	-1.38864119432728	-0.90983398650195	0.441617824939381	0.120434482585481	0.295904992283022	0.136760065077949	0.130544748371732	-0.805153134808534
ENSSSCG00000034113	0	0	8.14625008920495	0	0	0	0	0	0	0	0	0	8.649487208304	0	0	0	0	0
ENSSSCG00000034114	-0.311879620230909	1.77026328089547	2.41667548019266	2.39922423795342	0.454176395157987	-1.01450118388122	0.101635915177819	1.17473957019862	-0.204454899807516	0.331006814390511	5.27762146871382	2.43292725790098	0.564026060264212	0.749577897249444	1.66322003813421	-0.0980018605650931	1.20821861115452	0.353529109185902
ENSSSCG00000034120	0.561470294172202	-0.411243162957486	0.44467059008277	-0.0410832115296389	3.66555225549855	2.75979297586614	-3.87982100131509	-3.03998146541503	-3.44133750077478	-3.19254067193143	-3.52957319609068	-2.11212610018904	-0.611051684645551	1.70648634930562	-0.158198971351132	-0.790019669236273	-1.35256206331178	0.380132179017948
ENSSSCG00000034192	0.212241718200502	2.34478025367217	3.3952715476212	1.78589991322076	1.78391797765004	0.0844832957910922	-0.772727324183184	-0.647548428491881	-1.20144252217155	-0.300167327844521	-2.43871762919602	-0.312269127977654	1.24452700228579	0.0677261740810363	-0.91672785006489	-1.20318563740073	0.0604271420434588	0.0242606668764551
ENSSSCG00000034220	0	2.6618728106643	0	1.69597330499498	0	4.11781697810972	0	0	0	0	3.41496050610552	0	-1.2901525078823	-0.156682987752459	0.930547010185389	3.7570985381326	2.22030229090217	1.26322807732219
ENSSSCG00000034260	0.936126863287526	0.0239050455621069	4.19618389759039	3.23403913294755	2.04239177361898	1.02563036872602	0	3.4174360148213	3.91442502277929	3.3138699123228	5.20659459018752	6.04082383405333	-0.480096863064783	1.09685271802154	-0.29452799584462	-1.95022582429982	0.0749643623220536	1.21335091829183
ENSSSCG00000034286	2.38907705122145	0	1.30227527657297	0	0	0	10.8108056084325	8.65088804028145	9.81949475522354	9.26249890216297	0	0	0	0	7.32414192402681	0	0	0
ENSSSCG00000034293	0.374010031001341	0.509503374299586	0.592946198381322	0.683812559195727	0.881061842923052	0.357831778492116	1.57319487818864	2.0112094016783	1.48333047192001	1.12527111196886	4.28794396429335	2.60373086992221	-0.552046597751174	-0.702345528700592	-0.42969829668519	-0.441840587126876	-0.102340729909335	0.393910265136669
ENSSSCG00000034335	0.54180931132179	-1.10376947562327	-0.023931707387718	0.00410224074938162	-1.03564685647122	0.644125861145128	-1.52779768715995	-3.03416214609197	-2.09271333523921	-3.51875743050254	-1.39952407731721	0.721805387298173	0.264368134994804	0	0.10307970715876	0.162565360616195	0.401525832103559	0.237284004682109
ENSSSCG00000034345	0.63936434766435	4.67670708868154	5.18005240979164	5.04770190184176	2.05410033316457	0.651089459151006	2.13003474910396	2.66892133639616	2.64117178106578	3.79132949520598	0.218228514070603	0.726727471476821	-1.50619551791376	-1.23309326246619	-1.5530648077511	-0.769000893686363	-1.6652761098684	-1.41923284704173
ENSSSCG00000034358	-3.28627070619881	-3.35671926350672	-1.25978039878219	-0.433355762557403	3.06902298191274	-0.390102416492611	0	0	0	0	0	0	1.92126711647435	6.408291750784	5.09257296575573	4.03663630896666	2.80708848831919	1.32426081890393
ENSSSCG00000034402	0	0	0	0	0	0	0	0	0	0	0	0	0	0	0	0	0	8.74677590437129
ENSSSCG00000034405	0	0	0	0	0	0	-3.75093362830021	-1.48742093110896	-7.78397266194153	-7.81875805626402	-7.95431448518101	-0.548741536199112	0.325564549262715	-2.67338591194146	-3.77166596519871	-2.04319016743651	-0.214944716757128	-1.05597150854084
ENSSSCG00000034441	0.517981477501273	-0.0378469403997344	0.184337441000529	1.26024795471425	0.175530774806966	-0.343685656265804	-0.941579772554358	-1.7866259608392	-1.63978592700118	-1.82167426293774	-3.60257755689642	-1.21908077047605	0.336309533388114	0.151395526760866	-0.83989193659588	0.055634756005695	0.87733894186656	-0.170610167801289
ENSSSCG00000034474	0	0	0	0	0	0	-0.0741572933624585	-1.96771323248392	-0.465374734530978	-0.748834340524214	-0.845560980338975	-0.026980481112804	1.63123709059661	-0.125514930236538	-0.859948262088159	-8.88609198740856	0.71358812124743	-1.26654823849718
ENSSSCG00000034503	0	8.82269736522273	7.49708031378069	0	0	0	0	0	0	0	0	0	0	0	0	0	0	0
ENSSSCG00000034528	0	0	0	0	8.57457185280598	9.06062267444273	0	0	0	0	0	0	0	0	0	0	0	0
ENSSSCG00000034592	0	0	7.7473407570202	0	0	0	0	0	0	0	0	0	0	0	0	0	0	0
ENSSSCG00000034607	-0.48041622132128	-0.80577667223251	0.137467874882057	-1.46541304036018	-0.513156722325821	-0.555929460514596	-1.89522047024097	-2.2595325328382	-2.96524916868759	-3.98774462628304	-3.47929768969551	-0.0665564690398609	-1.48809389104583	-1.32827836122052	-2.7443522560255	-1.35642521168024	-0.717921528296381	-0.648743228780772
ENSSSCG00000034610	0	0	0	0	0	6.96102032858058	-9.25846637663872	-2.82366006006364	-4.78331361045326	-4.30316551920249	-0.452703589019217	-2.31855812478736	0	0	0	0	0	0
ENSSSCG00000034639	-1.48516403135246	-1.52229437178157	-2.01415230619644	-2.22587581694673	-1.60133348703875	0.119225354289712	1.03653384810861	1.75114752890731	1.13834057134696	-0.394531328756933	-4.33687279774513	-5.5476493909456	1.56955093691765	2.56508155819589	2.78056455983079	-0.12387522931145	1.52201685107101	-2.83651993418264
ENSSSCG00000034660	0	0	0	0	0	1.20660939355352	0	0	0	0	4.11651050243462	3.26316815510093	-3.2000395109165	-0.824960356715388	-0.99731321169519	-2.23229634710719	-1.83407426100993	1.47311574201907
ENSSSCG00000034686	-0.46667129060924	-0.722618837353348	-2.98565226673258	-3.91793146592762	-4.03680322513743	-1.30557136557723	-3.45274524002739	-1.50699102273657	-7.48592216790863	-0.486513296926948	-2.96091720668592	-1.75908305862834	-7.23621921365099	-1.59109264684545	-3.24602141172225	-7.22971862088727	-3.35612049612779	0.610962932726392
ENSSSCG00000034701	0	0	0	0	0	0	2.92728547286218	-1.33106906747018	0.816367423084188	0.631563070731034	-0.951584908580418	-1.265713630343	-8.06210179566038	-3.20410532604687	-8.08688918817689	-8.05558224213932	-2.08599390269279	-2.67078659447478
ENSSSCG00000034723	0.611861897684217	-0.179242298273265	-0.585616007955745	-0.321448986732096	-0.571998139977464	-0.220406687907519	-1.51685856014229	-2.26447872494157	-1.9731781515031	-3.22848610740914	-1.23339067862545	-1.51714874403336	-2.07136030452779	-3.07215223689936	-2.70494798570257	-1.4324494321446	-1.3199085477741	0.092731497167997
ENSSSCG00000034731	0	0	0	0	9.93134210827491	6.96102032858058	0	0	0	0	0	0	0	0	0	0	0	0
ENSSSCG00000034740	0.427470265067865	1.20067861078332	5.10250789888754	2.94639300843084	3.82304918904763	1.95599385915902	0	0	0	0	0	0	-8.5840199188018	1.31467415785436	3.26562695386507	-8.57749291571058	-2.96441968954752	-2.07462274175812
ENSSSCG00000034756	0.0257022559075263	-1.26031206481484	-1.09751055032703	1.44644488825364	1.78240466728411	0.179874349385694	1.9563968672383	2.40164890003516	3.17961590460115	0.966685548927506	3.72841916017636	0.056993028188572	-0.680956007948835	0.398091278573318	0.449343554484794	-0.947867695916604	-0.0603606858181543	-0.023011335430946
ENSSSCG00000034776	-1.61616122019942	-3.11342782836928	-3.9789756998468	-3.71100775673457	-1.85232521915238	0.0054180201275439	-1.58164357390145	1.37429459596842	0.919082574419839	1.52145920698088	-1.96645252321219	-0.405742708959399	1.18088163917224	1.13305292231148	0.308185967970632	-1.19667479660737	0.546582003254061	2.33162411308538
ENSSSCG00000034778	-0.436777897747336	-0.0785387671286922	-1.6562339624618	-7.7608571644679	-0.514356558755757	0.0388077336063397	0	-1.25525941205085	0	-1.03627472524578	0.227985460742068	1.84655655533833	1.12136593837883	-0.293190548578495	0.613042250914184	-1.34370325787501	-0.318586048495852	-2.36805056171223
ENSSSCG00000034866	0	0	3.01255884882386	3.03982562448559	4.49847813283567	2.73180670276194	4.52408626549849	4.53084061767212	5.46356696517814	6.25812379153122	6.87312216545769	0	5.50978302493638	0	0	3.83533952121182	7.23185814430347	4.98328125733369
ENSSSCG00000034870	0	0	0	0	1.33369397140039	3.09920993721935	3.13092874529738	5.94080912676105	5.90268161276452	5.55367424813316	8.35371258755635	4.84915747694481	0	0	0	0	2.01890719751642	0
ENSSSCG00000034919	2.60499112865154	2.42433503926712	3.83001184285053	4.19555674709114	3.21134034337385	1.74787210715215	-1.39491020998635	-0.661975244539345	-0.867010136343225	-1.73958187900714	-0.156905022492353	0.920557840037308	0.307367158728513	0.215383061470974	0.269851970492419	0.386648319144661	-0.251598086818624	-0.397966447910013
ENSSSCG00000034920	-0.0400261417777995	0	-1.24780261748592	-0.648798791680935	0.0919008184796598	0	0	0	0	0	5.63297329651581	5.4354404365696	0	0	0	0	0	0
ENSSSCG00000034921	0	0	0	0	0	0	-0.889960165230421	-7.31430426372486	-1.87932406226018	-1.96035613356725	-1.68261461661212	-0.217871932718777	0.965682296188066	0	0	0.220234895914427	2.20337265036404	0
ENSSSCG00000034942	0.152834860072986	-1.02711996796246	2.80379037570784	-0.105707330440131	1.30264897865926	0.642910048462235	5.67856857761835	6.3742841388147	5.64538764787624	6.2600163767602	-4.35305679513708	-2.15899793292328	4.13360258285152	6.20680060131252	6.32719741398863	4.98551508160699	4.63307370329967	-2.42061572750926
ENSSSCG00000034989	0	0	0	0	0	0	0	0	0	0	7.5207310731676	0	0	0	0	0	0	0
ENSSSCG00000035018	-4.21471447634912	-0.0493423240187029	-1.4037815603881	-0.0649966702557061	2.57666157927728	-1.22657048349923	-0.620705481435294	-1.39565124358497	-1.22798443585312	-1.17372463744206	-1.12539569973605	0.306007376087752	-10.8123835814801	-4.66136444222182	-6.26743117389308	-4.13959292944941	-2.89331676103714	-0.607568516560583
ENSSSCG00000035020	-0.319769830377391	-10.9602167040636	-4.44618783064224	-0.406932432241619	1.28083623481285	0.961240991432179	-1.94104818566687	-2.59957358349257	-3.5761507160316	-2.69343070625209	-2.98687297221362	-0.159149700474269	-2.65322377642524	-6.14608301473791	-3.3751761200468	-1.51449489847628	-0.80759467792555	-0.409748681283543
ENSSSCG00000035037	-0.720797062549228	-1.47256120605218	-1.0830914429036	1.09825417979394	2.65138644993022	2.55889085446229	-0.857124490656315	-0.263988311567175	0.503736161260416	-2.72161731141253	-2.48518436429442	-3.38186366363049	0.650301322932947	1.49958791506896	1.65852549485961	1.23612556647362	0.912672922728252	0.967393088765367
ENSSSCG00000035066	7.22889007322906	0	0	0	0	0	-7.92221885896467	-7.91886750832664	-7.78397266194153	-7.81875805626402	-7.95431448518101	-8.04338741051224	1.9194116827624	-0.998918823264603	2.72028252209227	0.0770679308763386	1.3282623111833	-2.305373564813
ENSSSCG00000035073	-0.950459836405663	-1.52229437178157	-2.80297398171974	1.88876300488999	1.98902523466479	-1.07759517602346	0.901021002584366	4.76876046030365	3.19713590691847	4.44731586903626	-0.309086336531017	-1.93796613418258	-5.02770780965537	-0.525061077271249	-0.59980038155387	-0.539893836626446	-2.52957028791879	-2.7579218133035
ENSSSCG00000035074	-1.07928242920992	-2.32414229098132	-3.73394690489261	-0.552387842342358	2.89614245768411	2.64223389930581	2.79898266064215	1.05037821519397	1.92255818247691	2.14011977708831	-1.24977333187799	0.129717533505906	0.220928142452996	-0.0984915394137465	0.675250252768891	0.764319715092326	-0.1717646045568	-0.409041244618588
ENSSSCG00000035077	-0.525275944326029	-0.859314304279209	-2.19596049233556	-0.668801755282753	4.44665525411031	5.50547613796876	-0.960121084432367	-1.93581692564851	-0.234165849265275	-2.96775771217713	3.75859821074203	0.332094406485585	-2.52822623120431	-1.91041986829876	-0.928310760603732	-2.7540961120199	2.2932451807355	-0.902173039165426
ENSSSCG00000035102	0	7.91773466469988	5.98642232321562	4.47387151548039	1.76094658914392	0	0	0	0	0	0	-0.580688019872243	0	0	0	0	0	0
ENSSSCG00000035105	0	0	0	0	0	0	-7.44810630052293	-3.26988343833244	-1.43699572204626	-7.34481824240137	-7.48015080321851	-0.425858370042887	1.1676135515995	1.61509393351551	0	0.723845924623582	0.459440926120655	1.49470768817257
ENSSSCG00000035170	-0.0142648901474694	-1.50463052450907	-1.30756556129026	-1.54557119666972	-0.95202047144179	-0.781461303430446	-0.600235243253446	0.00604198409238765	0.772300565282231	0.942979203776111	3.25711294975701	4.24751466174316	-1.08233634873151	0.419037631774632	-0.0772918840583466	-0.45545809646356	0.522434793347332	-0.333080164792469
ENSSSCG00000035186	0	0	0	0	0	0	-7.91773232597376	-12.0856530895598	-11.9502040730849	-11.9851373871377	-7.98344086255832	-12.2106403646505	0	0	0	0	0	0
ENSSSCG00000035195	-0.475220110947337	-1.86914590062531	-2.08625240279645	-1.73102470090873	-0.647569808284804	-0.282426599346471	-0.878868568373567	0.423828861911995	0.191455441284446	1.35906486760165	5.04441593382991	4.67840057630077	-0.316154663021598	0.0103640683578538	-0.369196450608614	0.000602909841687531	0.476200215852848	-0.192623967450394
ENSSSCG00000035218	0.539762295930546	-1.03034514183646	-1.72372812762266	-2.51846711292307	-2.34396674288182	-1.64246688492579	-2.34798471922049	0.3405241085416	1.00174063201337	0.802721981141015	3.59203270153596	4.4734530749813	-0.0455901884980413	1.09381638784259	1.12124407907289	0.529781226178092	0.183568345990021	0.637415549466238
ENSSSCG00000035222	0	0	0	0	0	0	0.600915325501873	-0.415798181426887	0.143134333317145	-0.057806351756162	-1.85839381739127	1.01366212839201	-3.80391629097124	-2.63121755892662	-2.54323827704753	-3.47405914822223	-4.93987737285202	0.0440231777141857
ENSSSCG00000035243	1.50404297813214	5.04929134145541	4.32542056365159	0.908798518164728	3.27989961819792	-0.110361121735518	3.88808177249353	5.50193361114649	5.025556483491	4.18661040812152	2.59104047660322	1.26170657088965	-0.419657710944598	0.0248178742541427	-0.346680881610172	-1.30411684262601	-1.12951127377204	-0.260520485220067
ENSSSCG00000035256	0.45312217733182	-1.49250474387322	-0.227469744881638	-0.126573203199099	-1.44173026570195	-1.20516662803081	-0.568554288601276	-0.614722999030925	-0.037605121067355	0.749298554213328	4.18678570781847	3.50313968578197	2.39315629158189	0.639457123788678	2.72958080653441	2.42676239526929	1.11368346201176	1.38111680472716
ENSSSCG00000035269	-1.4604877588851	0.955482300301036	3.39540895221382	5.68101001329056	-0.675372152385336	-1.34362624364925	1.73556934076513	-0.293255475007465	-0.455954956985349	1.44344919730408	-3.49984923326152	-3.10673817676212	-5.47336709438094	-6.17689465983891	-7.04461543797942	-6.03069814571186	-5.63303062666952	-2.71097382102092
ENSSSCG00000035326	0	0	0	0	7.91120749764772	0	0	0	0	0	0	0	0	0	0	0	0	0
ENSSSCG00000035347	3.74095053533242	3.96092552491486	3.44283622374312	7.53961027430366	2.84783393835663	0	0	6.37231065911782	6.4405457553748	0	0	0	0.897867855669536	1.94019673017807	2.91107895286203	-2.40585730946403	-4.15132079467276	-0.13356740654303
ENSSSCG00000035377	0	0	0	0	0	0	0	9.95214364685858	8.79013297689841	0	6.97185159570829	0	0	0	0	0	0	0
ENSSSCG00000035392	0.880996112686573	-2.94954180855006	-4.04568907021984	-2.34690924020418	-0.494769323440071	-0.38623109600729	0.624933696111484	-0.212300157150788	-0.654890555540397	0.485866774358327	0.0649641746251333	1.00114435455161	-0.317847091290516	1.40605289560618	1.06184891362329	0.881417757043215	-1.03333017454745	1.56187758514837
ENSSSCG00000035421	2.24864501037886	0	1.92473949111369	2.51770306912336	0	0.696007328761319	-3.33195285918094	-2.33529970165067	-2.70307529121491	-9.33814665799044	-2.4098353510848	-1.31017792922471	0	0.209562682943914	1.35188295906835	0	0.308454317488641	0
ENSSSCG00000035429	0	0	0	0	0	0	5.47445308937222	5.95888635243123	5.19438061355193	4.39621985399256	5.06141619692049	0	0	0	0	0	0	0
ENSSSCG00000035457	0	0	0	0	0	0	0	0	0	0	7.96609355845458	0	0	0	0	0	0	0
ENSSSCG00000035529	0	0	0	0	0	0	-3.07642593661969	-1.13067680922744	-2.77327914172385	-7.14451500384653	-7.27972847064155	-7.36859292101381	0	0	0	0	0	0
ENSSSCG00000035554	0.416980527552756	-2.52428853085573	-1.06682123608662	1.83432364150244	5.20089653165443	0.310582661781987	0	0	0	0	0	0	1.37361973739738	0	0.568958444479517	1.54539219912834	2.51249096371611	1.37380200835696
ENSSSCG00000035612	-2.08169174606189	-0.320484750026686	-2.55163298196373	-0.584788399460446	1.36494172029411	-0.00348639974925056	-7.24771116728415	-7.24436809560938	-7.10982292358204	-7.14451500384653	1.13547773958694	-1.06521889554681	-0.384573023869519	-0.446117256077259	-2.33024759282812	-1.2892707803885	-0.981848767865453	1.25623828584818
ENSSSCG00000035617	-0.718165077462479	-0.885120475514345	0.183340583976167	0.875751006143801	-1.16182235901384	-1.17156191705636	2.95851505397913	0.670494395861248	1.08679783875687	3.1233716277459	-0.750262882486233	-0.0350150782591409	0.980687692609712	0.292113650335024	1.15250665686151	0.311143432194642	0.892155303357095	0.118512830595987
ENSSSCG00000035651	0	0	0	0	0	0	2.70465768763649	2.54289961749318	5.77618067428043	3.71074695506482	2.27869828066027	3.04451855177632	0	0	0	0	0	0
ENSSSCG00000035667	0	0	0	0	0	0	-4.57312349236464	-3.5799208160495	-3.53606244808575	-5.87977750454026	-5.21095117065268	-1.7859172431538	0	1.31344384423032	0	0	2.64769410624853	0
ENSSSCG00000035677	0.0354117472782465	-1.95385303648754	-1.3845880705059	-7.48922374736064	-0.402059996827941	-0.0439343707508856	1.82354953175196	2.73258826951801	1.71991565160326	2.44066161635442	3.03595666819826	1.74868167323097	0.319992611531116	0.28747951194688	-0.477362251906649	-1.8135094734234	0.650455259850709	-0.0228967128056904
ENSSSCG00000035689	0	0	8.7149020825932	0	0	0	0	7.10323655870425	0	0	0	0	0	0	0	0	0	0
ENSSSCG00000035715	0.474117229598296	-0.306633929927585	-0.112949054465466	-0.245035773357005	-0.491371988294827	0.226039966513568	2.38574810952952	3.33760377295251	2.93919262878876	2.14078623791935	-0.733592840159966	-1.95297935734104	-0.0759381364347118	0.871574334344936	0.875452608261272	-0.0633282084056679	0.644228657942341	1.17503904284502
ENSSSCG00000035723	0	0	0	0	0	0	0	0	0	0	0	0	-3.68759706750382	-4.07861163869601	-5.25881662617579	-5.2004634727843	-3.27295870500991	-3.60036801669584
ENSSSCG00000035724	-2.45779397750575	3.60747495007236	6.69511964547273	7.50106797715604	6.09812547508032	4.71789960987378	0	0	0	0	0	0	-2.19003687765636	-0.246061517334408	1.35713506848183	-1.67084057315228	-2.56742800816907	-0.604892923172336
ENSSSCG00000035736	-1.35479353265233	-2.58316815963713	-3.54682255517482	-3.18898281074053	-3.12738755404102	-0.796220600440423	-2.14666096081162	-1.05722345263336	-0.371116463000637	-1.08572852419567	-0.905998601617043	0.785622930007418	-0.882049171392019	0.394882193325318	-0.345843882295864	-5.36792945232708	-0.847182794884915	-0.44905762833226
ENSSSCG00000035760	-0.189129516766883	0.302950195739387	-0.0190075117066865	0.205809438372454	2.74571358511523	-0.823184024827953	3.81394091561402	6.89196938266543	7.44229829871443	5.43157608587432	0.196554701057504	0.581583824236658	0.932033913036297	1.73906971785935	2.26302155354773	0.564523637202714	1.59975665445333	-0.672353593946317
ENSSSCG00000035805	0	0	0	0	0	7.28063061559649	1.19165824990157	1.03473180427667	3.49114520956222	3.46366430857558	-0.890071984202098	-0.487674341378324	0	0	0	0	0	0
ENSSSCG00000035825	-0.902403650608652	-1.87165527174754	-4.87981491393812	-4.68419414581682	-2.59873532878372	-2.86456423354769	-0.852663339599426	-1.79254409397128	-1.23272682397778	-4.06749778625973	-1.34358332161531	-0.202602847490843	-1.49602491137185	-0.550114796315345	-1.37469346596775	-2.15461428437211	-1.01705693500566	-1.5993295092758
ENSSSCG00000035851	-3.350034774084	-7.51939570494269	-7.44121555251569	-1.12798206978886	-7.48590852321119	-7.5835490312335	0	0	0	0	0	0	0	-2.01804831499497	-2.88613632424373	0	0	1.33184871327331
ENSSSCG00000035890	0	0	0	0	0	0	0	0	0	0	7.64560712880937	0	0	-1.36087754328133	-1.27413693100236	-1.5279067418131	-1.69828276667588	0
ENSSSCG00000035891	2.00479296602617	1.78605019167202	0.478258610411732	0.287783604287363	1.12804162787398	3.10240934173028	2.65031900166311	2.34521862143853	4.2286370552784	2.55885766731387	1.38911839729853	1.08289350369089	0.498755618132961	0.520498481862266	0.451505497001598	-0.0160374385380616	0.54383018514483	0.0590007241897914
ENSSSCG00000035906	-0.368852526913404	-1.01183606360984	-1.05776531463737	-2.32162351376402	-2.5579960864966	-1.53925589045297	-0.521381487623044	-1.493617864896	-0.620849753428734	-0.702138573731643	3.72218692257769	-0.0741336034363849	0.367850936278848	-0.858770461643783	-0.483527680334963	0.549144212079757	-0.258469013469862	-1.86096308595561
ENSSSCG00000035909	-0.275074251567513	-1.14939729406314	-3.38996132480246	-2.97822702506793	-2.23073835664833	-1.0086977202347	-3.66434844898366	-5.85272069427034	-2.36993212563382	-4.71360901825457	-3.47380735008749	-2.34790270453894	0.357689262772974	-0.164092448773229	-0.140701514684226	0.219644406436409	-0.45223184725338	0.061631989159328
ENSSSCG00000035911	-0.0412966335251254	-0.886965655284997	-0.905274532635355	0.551970802669879	-1.07169157108593	-0.622989137068876	0.73107224476085	1.13018835844362	2.69915282155254	2.15337891939434	2.82068324103188	3.41491373843582	-0.49107738713963	-0.353182309045464	0.865382931045543	0.159794068472856	0.32885852984689	0.00248976952623643
ENSSSCG00000035924	1.71236358183849	0.552577035256623	1.90307097732168	0.949141178629527	0.0925166119668842	-0.27164212016666	-0.444660318424481	-0.543971445454433	-1.34782407126845	-1.01796043809693	-0.461707548532649	-2.67164410039814	4.23792013688483	1.00615439697412	1.79235532451998	-0.183166152198532	-0.231534747464538	-0.293764561255836
ENSSSCG00000035933	-0.743536897776855	-1.1832796518094	-0.220615439479694	-1.90720591094722	-2.28303811402916	-1.0433788905143	-2.17521513151345	-1.9543987717768	-1.72519296280872	-3.58208579429408	-1.9331536802545	-1.28684772374416	0.710574487106356	0.268545103079211	0.418663489038312	0.983268357116826	0.0806951410554363	-0.316323315033967
ENSSSCG00000035935	-1.4604877588851	0	0	0	-0.318258882541474	-1.08667333402378	0	0	0	0	0	0	-5.1165905710185	-3.26951803858118	-4.26782026512123	-4.02879551157147	-3.83274168190115	-0.632715930930367
ENSSSCG00000035958	-0.954841160147412	0.48672312700137	0.337342137747241	1.71613395613849	0.983952033276259	0.0254318302778411	-4.42160054926305	-3.97246655424962	-3.9922663143859	-2.18361232471021	-1.7408287459056	-3.15256281093362	-0.770393144654435	-0.619567618359847	-0.186287662481119	-0.413344411613377	-0.457037308532969	-0.726166763149311
ENSSSCG00000035964	0	0	0	0	7.5783510735321	0	0	0	0	0	0	0	-0.781503302914645	-1.89680109013082	-7.092185589556	-7.06099461557061	-4.09781135386514	0.366769831201669
ENSSSCG00000035971	1.17794222325129	-1.27449309201158	-0.117041747274367	-0.00673945967833438	-1.12420918034157	2.03288663256	-2.87112337467538	-0.754595394816408	-1.46968029099277	-4.54672324612442	0.0285803570566875	-2.70772181993035	-1.26486609993745	-0.39198533937231	-0.628960655370007	0.0178215777627897	-0.731179495734868	-0.414400824036495
ENSSSCG00000036008	0.0545121193905516	-1.13193815072041	-1.38129444761671	0.275530107264254	-0.206594177294347	-0.969724720445375	-7.578282698319	-4.18639997709984	-4.16920666891193	-2.36153540638516	-5.12899176837414	-4.20058330843763	0.441197346396893	0.675291541704737	1.01914620055532	0.192765503593051	-0.46740554568518	-0.0519676704493741
ENSSSCG00000036011	1.75169281460182	0.237226159782163	0.628323501202832	2.20956843987572	0.305648729708196	0.460644969101453	-2.91779297837012	-3.49468534238736	-3.28497672055335	-5.40963168254348	-0.173064225234582	-0.621095744512762	-2.13765915215803	-0.246154143506591	-0.500590676567546	-1.67198955673629	-0.271557461148884	2.50553533288398
ENSSSCG00000036013	-8.34906342516752	-4.28568603483707	-3.16790053543668	-5.02337481640481	-8.35101859647309	0.386301188606991	-8.24295692324607	-2.12591151745195	-3.76804721292326	-2.88534504791217	-2.60801774657234	1.47078597668429	0	1.970454149894	0	0	0	2.64032943838458
ENSSSCG00000036049	-0.590407041257832	-2.48954576038174	-1.97505116788771	-1.72488611024145	-1.34809092913151	-2.55664425894971	-0.16041481341179	0.867495910769525	0.890011830712614	-0.0837452472046112	-0.217274706978573	-0.428225617318094	-3.38771855173688	-4.1883917294209	-4.13610204222314	-4.26822000069615	-3.48730458233483	-1.17707934479016
ENSSSCG00000036059	0	0	0	0	0	0	-5.95622191188601	-7.30673035980333	-7.80356934142222	-10.4078676266591	-14.8353749409063	-7.86342719792244	-7.5239850070897	-7.59573441939322	-7.54873067267561	-7.51747654793985	-7.6095573153731	-7.47910636556674
ENSSSCG00000036060	0.227213720582814	0.369062026097631	1.19641038635731	0.825786403848134	-0.45782729914474	-0.312221565406806	-0.800819681444279	-1.7748467473402	-1.22369886014673	-2.39011539145564	3.4481359083424	1.40498108427975	-3.09194665872229	-2.33542378237093	-3.52003092042972	-2.63919062117478	0.40340470965577	-1.01146817467984
ENSSSCG00000036062	-1.49329171953526	3.64353473820587	3.69468563171511	-0.339415021118305	-0.120905122044457	0.813088584133492	-0.441910338056638	0.139970719623912	0.562194512041847	0.0366058943484022	0.633033561973233	0.944458578965533	0.0755407803527007	0.0437645088388693	-0.0985308501814565	-0.0984832216431018	0.457757945379136	-0.151153678433884
ENSSSCG00000036064	-0.854763103551702	-2.11285067493657	-2.74893655814517	-1.92246089919034	-2.67506270068476	-0.564052844265043	0	1.33535307547793	2.322983457046	2.46997525757953	3.63819794092452	5.18935673777433	0	0	1.15148226222812	0.220234895914427	0.627127090533837	1.05288577486715
ENSSSCG00000036078	-7.13255819768583	-0.816088103502423	-2.91118043742442	-0.626498912055441	-1.47352321781251	-1.09207604938243	-2.71638739067382	-3.68859720492544	-8.68780529437455	-4.43128333450114	-2.78350540198392	-1.65351231243965	0	0	0	0	0	0
ENSSSCG00000036109	0	0	0	0	0	0	9.17885725461246	8.18513371902126	8.552558065138	8.3494668511095	0	0	0	0	0	0	0	0
ENSSSCG00000036117	-0.360027463874169	-2.39944271146361	-7.37746249700837	0.147660456402802	2.27067722287029	1.16107354827367	0	-0.684053825449473	-0.955456342154173	-1.03627472524578	0	0	0	0	0	0	0	0
ENSSSCG00000036125	-2.02649239371783	-0.536135533586896	2.06313780640493	0.618135593568055	-2.43478606235913	-1.22737431464292	-0.782921402547686	0.731483217498427	-0.233248553228383	-1.62078268459427	-1.15492212380381	0.161274106131832	-2.06991531501841	-2.44363093175337	-3.17356314778491	-3.38154618293242	0.0150869754673758	-0.585895384560462
ENSSSCG00000036132	0	0	1.49395508355097	2.94958353034273	1.40049073279136	0	2.38060557459924	3.27729276167284	3.0245011541519	2.05709662493944	3.1479496164568	0.801866596093493	-0.491105464181222	-2.41404742945645	-5.4626821175497	-3.40955895783435	0.00574401965700829	-1.38597433486264
ENSSSCG00000036135	-1.32855826722802	-1.66110385354252	-0.700486434042381	0.116446419998969	-1.07999696284317	-0.558018069420259	-1.5302342906101	-2.32000609672586	-1.07092681430225	-3.40065156579046	-1.65311733599696	-0.494882006301628	-2.43502330993958	-2.47291848476798	-3.00210061642378	-3.83124901972797	-2.27834159042439	-1.25756547388565
ENSSSCG00000036136	0.731903275529847	0.162334554481374	-0.942804369156387	0.579985705971002	0.637737402430347	1.19227803542976	1.10350704876036	1.35769500688334	2.0961014383174	-0.0471203177649608	3.21958296390641	1.52787542358307	-0.836902369331488	0.666062988484866	0.728956611618317	-0.146819201130143	-0.354712181749811	-0.352432622589623
ENSSSCG00000036149	0	0	0	0	0	0	0	4.97258347531569	5.24491433558487	5.23747774010349	0	0	7.47713225966902	0	7.39084683373523	8.16602041868209	7.2018973214834	8.3505048730704
ENSSSCG00000036152	0.182013781256614	0.331386578096424	0.316779501549912	1.43693229833729	0.100085862676485	0.17423205410141	2.28125266400987	2.53497198403669	2.84552084118474	4.39939367298224	1.4009220317042	0.434766408385144	-0.47459902921821	-0.432639020155884	-0.143548245423124	-0.471081919994245	0.600770541181392	-0.565036695802536
ENSSSCG00000036183	-5.11883257525984	-5.05527111055282	-6.01240538569094	-1.56975823087193	-8.29738511810095	-7.56761408031324	-9.16669885145283	-4.02896330854434	-4.1306003050978	-9.06298140463389	-9.19887041649699	-5.23542121408245	-4.08139529762496	-0.277698796171358	-3.08792174060546	-4.51180499243013	-4.56070229146972	4.02230531726588
ENSSSCG00000036219	0	0	0	0	0	0	-2.89057444963293	-3.45469401123251	-3.15356656788682	-4.19742060269989	-3.21487699271908	-1.73919455361829	0	0	0	0	0	0
ENSSSCG00000036234	0	0	0	0	0	0	0	0	0	0	0	0	0.0928802377752653	-1.3059255862545	-2.34521324853778	-4.5355983419492	-1.97831072168958	-0.188506813844762
ENSSSCG00000036236	0.935456693404327	0.895920701595685	0.948646436872555	0.539631790771504	-0.333501588993287	-1.14719977283756	2.90644913679078	3.1199842748243	3.20952445558223	3.0430415704532	-0.980057539381958	-1.77255338426262	-0.54932501155807	0.226751816507396	-0.283199467271413	-0.628271939175029	-0.334299139053	0.17440206540413
ENSSSCG00000036239	-2.32795462235499	-0.112628357106021	0.311264301082682	0.454262072174399	-2.33193754577388	-0.558740206644555	0.8286669604419	0.758263395443265	2.20918402874817	3.63567413252274	0.422912301307122	1.2857788474268	-1.01817511491443	-1.6718908403999	-1.71437380238318	-1.09541713794259	-1.57768403735159	1.06565188261046
ENSSSCG00000036244	0.730322882552047	-2.11176133934276	-0.279773960275985	-1.92389036246308	-3.00255713710051	-3.19211665092069	0	0	1.05726012806639	0	3.3877403715909	3.85904923357381	0.300179808109201	0	-0.00668890242578106	0.0526950101255683	1.58981632986186	0.607574341870714
ENSSSCG00000036246	-0.19556335321406	-1.1664182771237	-1.52058936245498	-1.44756907997276	-1.76693159853615	-1.05477036551432	-0.485405426694259	0.247426091068254	1.13408011429988	1.5627723978091	2.89624862691231	3.77560717610004	-0.0993647542840738	0.787394171594619	0.464686898976069	-0.342468384462747	0.272182874392788	0.0573929152107279
ENSSSCG00000036274	0.193453064469104	-1.66602365442429	-2.08766209865752	1.06578441663471	1.892728699166	1.38988972925755	0.945721860918092	5.77068860752363	5.62665812142468	3.99841096353845	1.36080580532391	-1.3939119475615	-0.417509152828616	0.768300462450816	0.755788116967678	1.05664394203273	0.199223503800162	0.22746048962987
ENSSSCG00000036331	-2.30267969566702	-8.57669489970467	0.408831900180948	-1.77455979394749	-3.8538937764079	-1.51136873207332	-0.669391571405339	-2.09004831703188	-2.37536584409028	-1.03633213110564	-0.0400486196806487	-1.39476783315452	1.67104980569831	-2.86546141964945	1.38065545804954	1.94594687378165	-1.93702774025321	-2.09285871393038
ENSSSCG00000036354	-7.21001947149263	-7.24541576785203	-7.16732769170307	-7.15430026500558	-7.21196741613078	-7.30949717335672	0	0	0	0	0	0	0	0	0	0	0	4.06514067330368
ENSSSCG00000036438	-1.42887473143281	-1.25486314383883	-2.11861399889597	1.24657951206197	4.63202085313808	3.13248446448975	2.00629645900996	1.82658132211423	2.17205302700135	3.547606364307	2.05487517639968	-0.518347242095219	0.942446608960348	2.35149552829015	2.80973620971135	2.38674052891449	3.41973681729189	-3.29556047791805
ENSSSCG00000036443	0	0	0	0	0	0	-4.59859011849488	-2.89308987961458	-3.88888556392772	-3.97009663450283	-2.70727995797207	-0.354378659260776	-2.92911297808369	-3.46196395254896	-7.94541898945807	-7.91412408050784	-1.216200008194	-0.179762268367655
ENSSSCG00000036461	-1.5326705391951	1.48420574088879	4.78648449375395	2.27987838837813	-7.60555876793952	-3.66335823457373	1.47288491855808	3.90549915769208	2.51426363558517	2.00535874970967	-0.141973962687297	0.375548592514356	5.64844024833367	1.81784984333782	0.751093163157445	0	0.551735351042198	4.17208580526344
ENSSSCG00000036465	0	2.31028477303453	0	0	3.09681681242822	2.25529949306505	0	0	0	0	0	0	0	4.07306409821183	2.18845004921161	3.04601928846076	3.22686438902117	0
ENSSSCG00000036504	0	0	0	0	0	0	-1.2622786355627	0	0	0	0	0.0501392650722026	-0.812426315747762	-4.599199554592	-4.83006421136058	-4.77021985102141	-1.81479381154808	-0.794231850797199
ENSSSCG00000036538	8.33917932475986	10.3707946672412	8.52693599625186	0	0	0	0	0	0	0	0	0	3.6443447405941	0	0	0	0	0
ENSSSCG00000036545	0	0	0	0	8.75101291322629	0	0	0	0	0	0	0	2.51934273903784	0	0	0	0	0
ENSSSCG00000036566	0	0	0	0	0.545073787481651	1.68938272971159	-1.31306791027249	-7.0115809587122	-0.595231028299868	-3.54860902652128	3.76887297158627	1.63804973938376	-2.47596124816043	-0.915985151218331	-1.33511156877624	-2.46363290159643	-1.25829962960601	-0.84419541330934
ENSSSCG00000036570	2.12606505076693	2.15428939360184	1.91729667051133	1.41344664438004	0.682965734446142	-0.686705276648597	-1.62047940497608	-7.72707382655596	-1.71916436098023	-3.33564525243642	-0.00197011539937693	-1.86551784944996	0.184185634923534	-0.590137936637533	-1.20417415864811	-1.7738919738299	0.224807951990897	-1.29400443013622
ENSSSCG00000036573	-0.986606800295553	2.80947426551519	2.49747755700407	2.33143291962244	-0.0644183074492976	-1.73292742730573	-1.37544648024191	-1.04848790190687	-3.99992712036328	-3.11724357897015	-8.50704570240679	-2.29285589235752	-5.00889048259957	-5.78036804969436	-5.20570728128724	-5.05045582632968	-4.05696578162064	-1.11067241878921
ENSSSCG00000036622	0.131156953244651	-1.39307154641711	-4.14836933848934	-1.83149268752058	-0.499806108406286	1.47476403285259	4.56534687763085	4.16305166457511	4.63017765617973	5.09270719522704	1.42394480735692	1.64270285907135	2.0018686244119	2.64259446473432	3.72854800673855	2.69045793212729	2.79750298588429	0.430632468798882
ENSSSCG00000036662	0	0	0	0	0	0	0	7.79963496786297	0	0	0	0	0	0	0	0	0	0
ENSSSCG00000036808	0	0	0	7.2090869370494	7.44782527073719	0	0	0	0	0	0	0	0	0	0	0	0	0
ENSSSCG00000036822	0.126975176527408	-1.37420200742789	-2.24934632463154	-2.02914963442757	-2.0814232778244	-1.04258069972771	-0.058534812269566	0.0686158188213492	0.773786361085707	0.262589443266516	2.28981239833817	3.55099816339346	-0.552468493258483	0.496930101418111	0.559501665112613	-0.278096884538893	-0.271587514371329	0.347802248568143
ENSSSCG00000036824	0.872851424227886	0.41297607046831	0.499771665190268	2.10087772784135	0.400243309745627	0.840699849762112	2.9093935870619	3.5918178439344	3.15846048107607	2.18947027471389	0.424720741789489	-0.450155141078662	-0.9683851283739	0.0880811417863676	-0.212429024315946	-0.135107124132151	-0.0830439328757694	0.30546590781549
ENSSSCG00000036851	0	0	0	7.02981416141975	0	0	0	0	0	0	10.9670320923833	6.9745794491531	0	0	0	0	0	0
ENSSSCG00000036865	0.0341720075400378	-1.71417709695715	-1.19197897678588	-1.16390805629785	-0.00220639052624796	1.40614614194675	0.0468588323523917	1.29057793090641	2.32020371651473	0.814749495895873	5.12160845287191	1.79442308619715	0	0	1.915540357928	0	3.41585929900566	2.51355338989148
ENSSSCG00000036883	0.921123639949482	-1.71800982540986	-1.7910324100883	0.656485184517093	0.0979030567046398	-1.40162061409001	5.65862190187842	4.80146717892318	5.194824577279	4.96603928586176	-0.15177311339675	-0.920641067733896	1.1902941126089	1.56099987498251	2.19432744889504	0.238221535226968	0.785361204133475	-0.00150524850669376
ENSSSCG00000036884	0	0	0	0	0	0	0	0	0	0	0	0	-3.23989875698602	-5.2380295722821	-4.2413106181268	-3.62754289947427	-2.61176639619708	1.07121971374249
ENSSSCG00000036893	-1.5126507525282	1.13016966193336	-0.403892201869966	-0.991113620334204	0.976587550715763	2.57449580111012	4.01238772811002	2.88392180752624	2.55384673908542	2.78934368376797	-0.239321546726556	-2.58084700172021	-0.594463062164417	-0.409389450874123	-1.19206137414493	-1.30601333300183	-0.292675862093456	0.697647342739258
ENSSSCG00000036907	-1.64036285298752	5.7549352477889	2.77826622266342	3.57673696389732	6.86630472321234	6.68023146642061	2.02210318385433	1.17016811306686	-0.640868860477697	0.398896609170433	3.77958380109698	0.707473118219276	-0.750360184403281	-0.245857985522188	3.62574092317614	0.0645796424617816	-0.390842702103095	1.73749371122812
ENSSSCG00000036910	0	0	0	0	0	0	-7.62403047069185	-3.44580539359883	-7.48592216790863	-7.5206716128604	-1.5811133319767	-7.74508855438752	0	0	0	0	0	0
ENSSSCG00000036943	0	0	0	0	0	0	-4.0131708931417	-4.00604971858922	-4.02014834287517	-10.3370317215781	-10.4730632035129	-4.98388937136333	7.25218761393937	3.76592914502742	0	0	0	0
ENSSSCG00000036948	0.98569825349996	-1.03704659815579	-1.19307930327225	-3.10476612254776	-1.11902148824739	-0.102442610421524	0	0	0	0	0	0	0	0	4.22770649698601	3.56250785894179	0	0
ENSSSCG00000036961	-1.57415813464894	-2.4680020312848	-3.49745710325967	-5.21168409809802	-1.42020941008429	-0.360625393512069	-2.94101600171361	-1.90256127746399	-1.40047370605439	-5.40490550240113	-5.29627721850886	-0.388195009790766	-1.18531483752183	-1.20093070490916	-1.50752326780691	-3.50982190845361	-0.287162433780614	-0.0530279957551471
ENSSSCG00000036963	-0.632250329004479	-1.87807767658598	-2.28855691998427	-1.54957885555524	-1.78898532434722	-1.55023195028327	-1.44886509621658	0.192535356017151	0.724155629771685	0.402949058762102	2.73954175326113	3.85463174826037	-0.530540303993768	0.458711751740946	0.49001638723205	-0.293017361546046	-0.287470590453285	-0.547631631843178
ENSSSCG00000036983	3.39799200517292	0.821721735677521	1.81420561068442	5.3214877830211	1.98255899065238	0	-0.812822304005394	0.552243921922093	3.51992672252587	1.97313556277811	-0.621922214157579	0.916914965370503	1.58852432811906	0	0.350550869402209	1.40058379385358	0	0
ENSSSCG00000037013	0.203538515541534	0.931243427108493	0.373837692147154	0.683991436954597	0.0927664456346687	-1.42048728726398	5.36895194015299	3.83246802639543	4.52946771510137	5.08892708279297	1.92082339768157	0.704394459360336	-0.0845771726892189	-0.642704511958884	0.255744918444728	0.275221301352348	-0.169113272309951	-0.419257636899645
ENSSSCG00000037016	0.340753341876282	-0.0493018285213185	-0.265605673523823	-0.759766224971161	-3.8812320493387	-1.01846631927065	-0.711161575966081	0.654285937989692	0.484696660215056	0.933127819288456	-0.732865362721615	-0.367385876779984	-2.13031751196532	0.804625236122615	0.394198015720616	-0.806510102579692	-0.351523213024749	-0.326261596926146
ENSSSCG00000037025	-0.507843204920573	-0.989553893119197	-1.24022288483249	-0.01291479539427	-0.655880188069076	-0.0184881403094323	1.07522317572543	2.2018699839234	3.94459680376486	3.02736598557519	1.16751451088279	2.94058637213974	-1.0358721815559	-0.782524317972168	-0.0152447526549991	-1.01644033542022	-0.0654089585672071	-0.470129254982638
ENSSSCG00000037028	0	0	0	0	0	0	0	0	0	9.50314557051839	8.70074948751145	0	0	0	0	0	0	0
ENSSSCG00000037066	-1.83595229376441	-3.32979392892691	-3.42776872933653	-1.29434002559366	0.508690039419362	0.711610927508271	-0.479367298816421	-0.982400298891433	-0.431884457554076	-0.189938821206831	-0.612633957596962	0.822432568783458	-2.00657314242563	-1.70852260126127	-2.20909285781996	-3.10674733647845	-1.12649345727947	-1.13865189022141
ENSSSCG00000037072	0	0	0	0	0	0	-6.92815433213434	0.0860097410544939	-0.917405655298084	-0.998765661067327	-6.96011963228401	-7.04884564082639	0	0	0	0	0	0
ENSSSCG00000037079	0	0	0	0	5.17509879240479	0	0	0	0	0	0	0	0	0	0	0	0	0
ENSSSCG00000037087	-0.0183846784758541	-0.0908188488777509	-0.921432673901085	0.833851608129716	-7.66185736330371	-2.19440423997103	-1.70515239131835	-0.265069015178695	0.743293785097272	-0.906504236713363	0.104069110100876	1.71059303767069	-0.235492609680881	-0.130953924245741	-1.72723859243192	-3.60045655061634	-3.76890165090538	4.23670528126802
ENSSSCG00000037110	0.570509057480094	0.353850085949425	0.631738419690778	0.833018724571636	-0.600579199095069	-0.717609802772748	-4.02852880984208	-4.33514275260106	-4.03384684554161	-5.07774584746204	-3.11243734340577	-2.91670082689621	2.39251785719471	0.482332407261504	-0.394632135261441	-1.50767320930933	1.6163518837068	-0.514588428789734
ENSSSCG00000037128	0	0	0	7.12223336810646	7.95991730865789	0	0	0	0	0	0	0	0	0	0	0	0	0
ENSSSCG00000037154	1.33542493601268	0.302420964913729	-2.85588412945895	1.60928525186995	1.58957230057155	0.0961528677341876	-2.01628128978744	-3.30623777834667	-3.96899724765444	-8.34037394922094	-3.06641086448681	-3.2437576019305	0.970671280783045	1.34413315504277	0.670827193222294	1.75022432432457	-0.411922602960271	1.49075825995501
ENSSSCG00000037202	-0.940982307370582	-3.43214877771311	-2.42945492892893	-1.1842438867224	-5.06115034481152	-3.18429784974597	-0.664871364689899	-0.965066924539132	-0.408665095438429	-2.80059183014843	0.0892186053756934	0.113772153534092	-1.54754394870709	-0.978703358614987	-1.05949827807778	-3.92093972127515	-0.17875520723378	4.08405958002914
ENSSSCG00000037207	0	0	0	0	0	0	-3.33085084429084	-6.33891663967498	-10.3784090103254	-5.15926255586427	-5.45313591156424	-2.58277010271651	3.57372869614709	2.29475640654194	3.93204533560226	3.93558007745085	2.26985248939722	1.93359645282147
ENSSSCG00000037241	2.53380498419561	3.36941404903122	3.1447663620232	3.74350878908474	1.40636711638393	0.994807921778175	-2.44521769346159	-0.766438444945684	-1.05987161262099	-3.11606180915557	-3.13501125383933	-2.0650096307399	1.87279321945438	1.18636892554849	0.299963886267734	-1.33815498357555	0.989065619798886	-0.855072605065807
ENSSSCG00000037277	-0.126203014299542	4.00927641454382	4.25034352202908	3.07068749694318	2.65991279844829	1.13123912395021	0.589703218436465	0.364751079778598	-0.635736584347302	0.148661382109095	0.734529580668541	-0.387025789555642	-1.14983664799406	-1.95835830388715	-2.31306386770902	-1.80297765768561	-1.89453699678731	-0.535263840546868
ENSSSCG00000037292	-0.924101051607479	-2.56981095877596	-2.40776141716829	-1.53911262982941	-1.66125220768433	-1.56874094807336	-2.27360188886136	-2.35127681013582	-2.41704966415951	-3.20167145520958	-2.29400728563816	-0.734039201219196	-3.8567905199645	-4.5114039650365	-4.82803751829224	-3.9626070514531	-1.71339660943623	-0.295959536145711
ENSSSCG00000037319	0.3559651116841	0	0	0	0	0	1.94505547708021	0	3.52610269891707	0	2.52626270539935	4.37580118238167	0	0	0	0	0	-0.0227553780941178
ENSSSCG00000037324	2.15506277389219	3.0473077645734	4.31668922417037	2.82566501452732	3.45806439106926	2.30484873354483	2.34869183422881	3.24954619938735	3.08013904218922	2.41585613381975	1.86548114887618	2.26861942440084	2.87074373045287	3.94166114767	3.25621201864096	2.57291111352396	3.15021591410427	1.81130702133005
ENSSSCG00000037351	-0.343195562263498	-2.2187178214367	-2.69003564027995	-3.24230442379786	-2.15016185067284	-1.1344030655183	-1.84417906900618	-0.743918210820701	-2.16415663858706	-0.473891993946822	3.80622313081611	3.83926954617569	-0.109870566603066	2.22543411725293	1.75527490979928	0.963315536496153	2.03704282778744	1.10492303943059
ENSSSCG00000037358	-2.95828280317066	-3.34809520269125	-4.16561983007417	-4.13786187780284	-0.440599944357626	-1.10068068610933	1.2999765991468	0.898697503417896	-1.13180332749689	0.618277773130919	3.2832748116124	3.11664771819775	-0.198218419047809	0.78725720835346	-5.02862838546921	-4.44687137517511	-6.20769880367955	-2.9790687961063
ENSSSCG00000037416	-0.657177889153806	-1.36065957433273	-2.18182667122795	-0.495785947319205	-1.84609378579827	-1.0472978371797	4.25174352799125	2.92944270572818	4.20597740459214	5.75639186838024	0.253690166369272	1.52702016587344	-0.246636725627822	0.98233759052073	1.23704527094147	-0.00463141886548081	-1.16676749723771	0.455861525378619
ENSSSCG00000037420	0.150265923157087	0.0511111861775405	0.958472716515061	0.0422469955318796	1.39735831168051	0.603095242617985	1.55932248859106	3.08369124512242	3.44469298878601	4.39499207951085	0.932014038553742	0.469067993619931	0.13891256270263	0.280785196909884	-0.285299789376523	0.43957325086372	0.532070538252927	0.406642112951887
ENSSSCG00000037425	-0.31676504175474	-2.12858208264216	-1.64912885943879	-0.62941834464266	-1.74286528722575	-1.93731386686783	-1.40181769420668	-2.37808962187817	-0.24974293008893	-0.912475298345509	4.009197930155	3.43502371879493	-1.1757704974586	-1.13283595851353	-0.864472455034482	-1.8887819801014	-1.47940222669763	-0.357570677831628
ENSSSCG00000037432	-0.778542258971505	-1.09429769060635	-1.44401363575357	-1.47908383353468	-2.50144227520842	-0.148713830633629	-2.23853573317824	-3.27888887071453	-2.7815596538885	-3.53905601697907	-0.28987551195276	1.17693565129397	0.564089332010491	0.144414899829554	0.940159087556026	0.659544845258425	0.402766870859246	-0.513903637672498
ENSSSCG00000037452	-2.31634782099761	-3.65330522248796	-3.75124220785837	-4.44923081941951	-1.78791313137927	-0.189194752406619	-0.585726101527884	-2.17570129742162	-3.18482634025598	-3.527345854379	2.00214599899045	-0.410519957795464	-4.36224462261006	-4.9085334376904	-4.70642920656595	-5.02081784746893	-2.00950468574992	-0.662743018480408
ENSSSCG00000037477	-0.333087076777972	-0.0840736439071716	-1.14744261501026	-2.47974922270565	-3.21507963999207	-1.4377203276532	0.159120131107658	-0.100253349721018	-1.45604020382198	-0.761623209162038	-1.5428461476254	-1.58896503289663	-0.374095642537022	-0.665193784997848	-2.90209545680407	-1.95099175958495	-6.36420746493107	-1.89408006394251
ENSSSCG00000037501	0.885238748148974	0.171750975202286	0.0222875790931262	-0.237994836165668	0.130982358524948	0.543999840523556	2.16646814375581	0.450690426132818	0.148006829512402	3.49014230854486	0.471998515404034	0.796520929478444	0.426121275454462	0.404033564137537	0.330714620367686	0.063478793140676	-0.110003412515085	0.627535276245607
ENSSSCG00000037514	-2.20795817761924	0.654814357064457	-2.30804730550811	-4.03001474784717	-1.63419559125847	-0.214828631194652	-1.7229679750904	-1.64227167560579	-2.64815100791428	-4.11341909679135	-1.45525576558807	-1.41311788136622	-1.64895151743199	1.60011457827227	-1.69618472011002	-2.16061837880374	-2.90732246156057	1.60851523240392
ENSSSCG00000037524	0	0	0	0	0	0	0	0	0	0	6.17547750672493	0	0	0	0	0	0	0
ENSSSCG00000037532	-0.480030372715816	-1.3314895059384	-1.75143756795446	-1.7233172866183	-0.505735557996099	-0.270815757842017	-3.15741340626707	-4.630868445124	-3.97803362068215	-4.54475653260309	-1.08654095178821	-1.45055047428608	-1.46135989209023	0.325289262749363	-0.305896553598782	0.519829086975379	-0.769344474956661	-0.677534324310455
ENSSSCG00000037534	0.676162715262892	4.56945624758387	3.18819945211885	1.42791232509241	0	0	-3.3378773345909	-1.80023406766338	-2.07072473353759	-7.40584895176819	-2.44498877426409	0.0946142096368207	2.31396788090422	1.18937853260921	0	2.5097829776515	3.54852565201298	0
ENSSSCG00000037541	-0.575414693666821	-2.60267072865978	-2.98348916802729	-3.06985005824513	-2.87279564793115	-0.542079405462502	-1.09175935332878	-0.901113487918916	0.484763832473866	-0.369193676219123	5.54974178905205	2.56516899355849	-1.0235042988502	-0.631441220838829	-0.437112958825394	-1.85073235338021	-0.771681380014861	0.615591377920016
ENSSSCG00000037554	-1.35361795485305	-2.98166300744343	-1.84184788028104	-1.01539693207399	-0.859386118980136	-1.67639429477422	0	2.906461088817	3.71376632047874	0	4.82484625414902	6.02107792395136	0	0	1.15148226222812	0	0	0
ENSSSCG00000037565	0.963919637135302	-0.236133152290141	0.18549686898647	3.79566906578672	4.294235419701	0.477830346584353	1.02456476950437	-0.118721117597856	1.23324635879618	2.2262318016264	4.50320418690483	1.24076258454056	-3.66665595575692	-1.62006168716762	-2.94197779713957	-3.29445346832935	-3.31684551189537	1.40538108793995
ENSSSCG00000037567	0	0	0	4.25589534142309	4.36455436175889	0	-0.0335072898674513	-1.38443287268144	-6.6982628656067	-0.687748554754682	-0.100614677135643	-1.37792704831426	3.98277327818756	0	0	0	4.16583109234059	0
ENSSSCG00000037579	0	0	0	0	0	0	0	0	0	9.2405087339682	8.18766152380295	0	0	0	0	0	0	0
ENSSSCG00000037582	1.0516396279155	0.874765008349855	0.50948454824918	1.58172866371491	0.647547556028081	0.843625987058783	-0.061716658518346	3.72140579020199	1.9564329820319	1.12447680992021	4.49930961249206	0.509463112086627	-1.54935500658309	-1.14808045908658	-0.723473592094241	-2.62685259346229	-0.588749771199307	-1.00509555967609
ENSSSCG00000037598	-0.785779190951421	-1.49186145577433	-1.0071196955237	-0.732756967613412	-0.719489648921805	0.183623941451095	1.68395881922927	2.26544108378231	2.81978344026987	2.95111987158069	3.44884518034312	4.31830694182269	-1.8169674913636	-0.315978093632419	-1.05670515540077	-1.81938950532848	-1.89113275473841	-0.224641711272887
ENSSSCG00000037620	0	0	0	12.3433394147594	10.0485836205732	0	0	0	0	0	0	0	0	0	0	0	0	0
ENSSSCG00000037684	0	0	0	0	1.07672099139441	0	0.222295899343525	-2.0214920751226	-3.25571861898836	-7.62702553203128	1.78470441505307	0.639117238377516	0	0	0	0	0	0
ENSSSCG00000037697	-1.1028132291108	-1.2109476292792	0.026329978806886	-1.01847446139197	-2.18377604669524	-2.67829046934825	-1.29820148138766	-1.59957749927114	-2.1508869045688	-3.23913436969854	-1.83731103224084	0.145561379056514	0.275021894335204	-1.04367477764739	-1.59409084666719	-0.436808775929085	1.19740237262664	-0.591937236387047
ENSSSCG00000037705	0	0	0	0	0	0	-1.2744076502145	-1.26731508621383	-0.96440791367099	3.59364263403163	-0.763593778794539	-1.92676720879542	0	0	0	0	0	0
ENSSSCG00000037723	-0.242785204890549	-0.2370578601309	-0.919156438193968	-0.908236095796825	-0.719735161966694	-0.168151014102163	-2.54752527574291	-2.22679271293503	-1.25810316338436	0.232343814853247	-0.943110969931898	-7.79928725529332	0.0951832872760012	-0.043372934858306	-0.0636733268195788	0.368493054592004	-0.0254837673556391	0.186108855482056
ENSSSCG00000037735	-0.677604874939221	-1.255713486085	-2.52417216920223	-1.45985671241459	-1.37121999353844	0.0165213400985488	0	0	1.20315875824365	1.49694184204033	8.44052869735867	0	-1.02290109566884	-0.53774095036658	-0.173442334809531	-0.239863041387973	-0.43327594605082	-0.808339698867083
ENSSSCG00000037775	1.90691626307409	0.828245480027706	1.992606821221	2.88407572866509	1.07202620794297	0.301314614631405	-0.973701936602864	-0.482625378702913	0.760287129041094	0.684211551637936	2.67518413076487	3.48392611568918	-0.924257324526235	-1.77499640048384	-0.232326112546642	-2.89335083751668	-2.46567683530393	0.362713396924701
ENSSSCG00000037806	0	0	0	0	0	0	0	0	0	0	0	0	-5.59568598769279	-6.28285072399536	-10.2120730828328	-10.1806760816758	-5.35452630794536	-2.44618585170245
ENSSSCG00000037821	0.44422439963882	0.473126885103353	0.597397901560659	0.00309497886984003	-0.0988631170125318	0.599687051995162	-2.39934710412057	-1.5846499175978	-1.614839684532	-1.23480807828385	-0.126596769700509	-2.0892317985964	-3.48611760830753	-2.68226770007551	-2.62000591819386	-3.8727995636986	-1.79327272980739	-1.69406800979317
ENSSSCG00000037856	-0.190117208321868	0	0	0	0	0	-0.0198355294959583	-6.92481675708151	-2.45395991330621	-3.46189481708944	4.83517518018277	-0.89544645613729	0	-1.34293280285983	-2.78014937757602	-2.72203094648603	1.542311420491	-2.64903530727229
ENSSSCG00000037878	1.08071459982191	0	0	0	0	0	8.00143457978512	0	0	0	0	0	0	0	0	0	0	0
ENSSSCG00000037913	2.07350747216397	0.884844507327691	2.33192789342428	4.64438479558998	3.03558464157329	1.87601339077264	0	0	0	0	0	0	0	0	0	0	0	2.73451245447126
ENSSSCG00000037918	0.695540730548963	-1.29873123882018	-2.40529924568412	-1.30332701392264	-0.440256971895742	-0.454601953904132	-1.05107672892939	-0.87600216697991	-0.838706009441149	-0.667102594100979	-2.0381203971329	-0.980048561116936	1.82848786637211	1.25497988363177	1.14910953004856	4.52686188982508	1.9017124892501	1.7281845530656
ENSSSCG00000038001	-0.478558814900174	-0.371538984360672	0.0136069802543158	-0.605115221044228	-0.0462092618140862	0.00282579650807392	3.67083415549731	3.84633618911195	3.11630749368992	4.05988179775276	3.40164620621319	0.960924773687725	-0.0431215422725259	-0.12061763140638	-0.12968667881198	0.0903418365699811	-0.156235139008376	-0.123735545682724
ENSSSCG00000038035	0	0	0	0	0	0	-1.02041808132478	-7.44476035385212	-2.97354998005439	-7.34481824240137	-7.48015080321851	-2.56049801556034	0	0	0	0	0	0
ENSSSCG00000038043	0	0	0	0	0	0	-3.21306621686915	-2.24663020776378	-7.24637659772206	-7.2810912535716	0.729599171455233	1.48297095674884	1.31140065061244	2.00362273635919	0.970403027507605	0	-0.58629755364793	0.457533310705335
ENSSSCG00000038048	3.29655869233423	2.88063508906621	1.16628791924875	0	0	3.12950102102854	0.171307446385348	0.265265293140735	-0.190319722095811	-3.46189481708944	-1.0747281447889	-0.485484945084827	2.73736543334297	2.43103053015519	0.0922561472021467	-2.45331497609326	-7.54279483970394	2.52014052419469
ENSSSCG00000038055	-0.0769475621000354	-1.79109787179614	-1.10584382156968	-0.523673530811505	-1.44504134723294	-0.553987324663023	-0.662555364103344	-0.687610733506274	0.0988301765650823	0.0221961409743757	3.42052135348352	2.64051577012071	-0.59947700023594	0.0581276575999982	0.29896001263523	0.226481274054817	-0.145571240471949	0.77199543675769
ENSSSCG00000038062	0.198587918583251	-1.80424808346186	-2.57351784344213	-2.32505569308745	-1.1742885263167	-1.54962026180081	-1.23429210464245	-0.646872275092612	-1.50200397789047	1.33027659291277	4.97580917541527	3.30824423504642	-0.184063635128829	0.981512108279606	0.324929454617409	1.1293266023336	0.650455259850709	-0.0964220072051123
ENSSSCG00000038066	0	0	0	0	0	0	-3.28267190571172	-2.60997393665735	-4.2519757117192	-8.62337184874497	-4.62137792019445	-1.7051674688373	0	0	0	0	0	0
ENSSSCG00000038107	0.602511602794219	5.08059912752428	4.3985666472319	1.97275392406759	0	1.77256726604526	0	0	0	0	0	2.79493841699549	1.45547436181464	2.00543818865671	1.69618319778634	1.75556623520396	1.29632895283554	0
ENSSSCG00000038110	-0.0212975464563484	-2.78608638362345	-3.20382183062669	-5.6934598256727	-2.88633777812212	-0.881130301428938	0	0	0	0	3.58628835647013	5.07298506117244	-0.0236016671901495	1.91528523549614	1.00580777012669	0.704540971226105	0.531628502893476	1.64180743094789
ENSSSCG00000038114	0	0	0	0	0	0	0	0	0	0	7.64560712880937	0	0	0	0	0	0	0
ENSSSCG00000038121	0	0	0	0	0	0	0	0	0	0	6.97185159570829	0	0.279168868531135	0.450592834982939	-0.249873772567037	-0.0110674569567014	-1.09107167471745	-2.38986086445714
ENSSSCG00000038135	1.24128349297856	-0.721445356366196	1.57343592529602	0.180323915685395	-5.13904391491447	-0.285011543843599	0	0	0	0	0	0	0.739673541404798	-0.200487161173672	1.59759291181228	-1.13914758993775	-8.10217579152645	-0.390478758420162
ENSSSCG00000038138	-0.440999709645243	-1.07005863346225	-1.03235658806702	-3.44115779101255	-1.1265839582965	-0.281888409151883	0.570686757038208	-0.214885584175981	0.539854943009007	1.56147680105148	5.44814718066953	4.14196305895188	0.0375233564656081	0.37827417296193	-0.255359637319335	0.566419504058676	-0.509238800495403	0.00796566775227547
ENSSSCG00000038147	0	0	0	0	4.49847813283567	0	0.0895432040383086	-0.812122268211935	-1.08588186894891	-1.16727625390266	-1.05377402275368	1.89785329663779	2.34047826825098	0.936175151991657	-0.737411778737209	-4.10279220164178	0.200172932510905	-0.0228809223069268
ENSSSCG00000038160	-1.14695003234764	2.10175817060878	3.04157751368151	-3.00814252335064	-0.7377634516379	-0.763885890662649	0	0	0	0	0	0	-1.52221707534363	-0.709720618531413	-0.621579354562952	-9.37425313972216	-2.26479091222997	-0.1948973016986
ENSSSCG00000038177	0	0	0	0	0	0	-0.310594834708477	-2.17992809889287	-7.17971478919605	-7.21441869110356	-7.34967561234977	-7.43856648160742	0	0	0	0	0	0
ENSSSCG00000038182	-6.37233842896088	-6.44401957794464	-7.24290478130496	-5.68414018953984	-1.89385999278722	4.9122116860921	0	0	0	0	0	0	0.117769983979653	-0.642439721589312	1.43896622419289	1.63924549504382	1.43574535101227	-1.54718430346896
ENSSSCG00000038221	-1.98744642247813	3.48718456258617	3.54003750049857	2.70091139952175	2.54996656681232	-1.2917566608557	-4.66670940746467	-1.36278703938022	0.841508947244104	2.97353274230959	-0.107787556557555	-3.8124589950953	0	0	0	0	0	0
ENSSSCG00000038257	0	0	4.1439645887372	0	4.86373879602895	0	0	0	0	0	0	0	0	0	0	0	7.46329761424407	0
ENSSSCG00000038269	-0.89724620351162	-0.197236790655559	-0.0958951372562414	-1.98611610788037	0.413218117610415	1.21534437262951	2.43869388527526	2.74454475461541	0.796706245117824	3.60884005928768	3.33197383480237	1.76770836205369	2.18830191388749	1.47240535684303	0.828859877437499	2.10168248122842	1.70864395771446	0
ENSSSCG00000038275	1.14362121144686	0	0.802625399851427	2.31069323134277	0	0.651089459151006	0	0	-0.955456342154173	0	-0.349825868142838	0.27035078378797	-1.70642840366828	-0.870281725233177	-1.09462780480931	-1.62437945632597	-4.73262810127885	-0.266042920674722
ENSSSCG00000038283	1.81557589795737	2.49415336608714	4.1518612644313	2.81414286889775	1.73365921976344	0.371669780648558	0	0	0	0	0	0	0	0	0	0	0	0
ENSSSCG00000038290	-0.165494268372705	-1.89683938806153	-8.30621077881592	-0.530776530699948	-8.35101859647309	-3.14069641171495	0	0	0	0	4.56782141715301	0	-0.452900765528455	0.477846765357308	0.16279841479712	-1.09480456462245	-1.96388043202992	3.37670251161108
ENSSSCG00000038300	0	0	2.80782320949064	5.1017785071138	4.13701278531795	0	0	0	0	0	0	0	2.25878418210258	2.58229928776743	2.29915057663333	2.27111182268996	0	0
ENSSSCG00000038323	0	0	0	0	0	0	0	0	0	0	0	0	-0.404618669182891	-2.39084467665092	-3.82784509311363	-7.81147356880546	-7.90364458245296	-1.07018273510296
ENSSSCG00000038325	0.718448248008401	-0.968527809579457	-3.32356793592211	-7.48922374736064	-0.785949934045993	-0.874607599295795	0	0	0	0	0	0	-2.15288637874173	-1.30586358414365	-1.94286255949014	-7.45073724987333	-3.57722400988852	-2.37910792738267
ENSSSCG00000038345	0.359847975835577	-1.17115816328616	-1.34466120167316	-0.216857320782383	-1.21156768455103	-0.59860307627314	-0.659575170518529	0.17958312707248	1.14613447438516	0.864561206305897	3.5599441766818	3.20820319547426	2.19073670304065	1.3800379431284	1.51063842547205	1.04756045546204	0.562219306418897	1.10286940485236
ENSSSCG00000038410	-0.0817188195823387	2.54002968383133	2.67701480499912	1.10150188117683	2.91099005223645	0.952325933595928	3.31821416016785	2.41740051144157	2.48977769855563	2.07210197101665	1.51241810381789	0.23158968920348	0.664740226764988	0.677321120763144	0.556283250013428	0.64478690057569	-0.0566180402508948	0.139121361685123
ENSSSCG00000038418	0	0	0	0	0	0	0	0	0	0	3.45889319960336	3.47516345594417	0	0	0	0	0	0
ENSSSCG00000038475	-0.00964806167697304	2.01614768334566	2.89876178257568	4.08154482132901	1.04923215358904	0.496563782133554	1.10231837178404	0.594175937801344	0.818848160585478	1.61789562387962	1.06585145457332	0.670428175675887	-1.50933580628641	-1.31062467542328	-0.829579184871936	-1.6213021987033	-0.857225280889087	-0.511771619802458
ENSSSCG00000038489	-0.889362514549143	0.19803391091997	0.893732764773454	4.80207719011633	5.48664045496495	3.81228962566671	0	0	1.68433064564617	1.12197997571808	1.30887099064853	0	-4.48388075369957	-1.69807717472244	-2.02134943933945	-2.94628350447653	-3.68721634159183	1.86331136525926
ENSSSCG00000038515	0	0	0	0	0	0	0	0	0	0	0	2.66040346947055	-0.218109163205882	-0.308634841102296	-0.0710065122346153	-1.72366332990437	-4.96940143750378	-1.48002975867428
ENSSSCG00000038521	-2.1353496669401	-2.28574367997131	-0.609324938030528	-0.460422435980623	-0.662344508334004	-0.679392865384875	4.43789128572744	2.9042292289442	4.1337692592522	6.08027965357936	1.29736117473325	0.984350851571782	-1.05041369396076	-0.621667676261584	-0.114239582293861	-0.397598587411592	-1.10070908909125	0.639258296275369
ENSSSCG00000038536	-2.37907163457287	-0.781593622195324	-0.954816777452907	-1.17378548141055	-1.04907383222713	-0.849851430495325	-1.94713841403267	0.975828031077921	0.317497242174858	-1.65798301483528	-2.01473870138729	-2.35248463507639	-2.16714687792274	-1.38513018410487	-3.50835396569006	-5.31968158701086	-0.1409393071855	-2.39706538428603
ENSSSCG00000038540	-0.491978745534525	0.0241850747453995	-0.0773356164813191	0.955593942871486	0.331646086470623	-0.46777100768403	-2.22885890657742	-1.9577123577713	-1.24757921732939	-3.75948188806548	-3.81704677267056	-0.435624392589305	-0.653708838975126	-1.14745460280321	-0.882931303361714	-2.70628769549318	-0.86439829099406	-0.72003713155602
ENSSSCG00000038594	-0.890709420810984	-1.42311723697133	-0.851749744240579	0.604694096281719	1.10492737912747	0.458488702106216	-3.48259363750382	-1.07512640531763	-2.45627859253589	-4.53927249488651	-4.15436060445506	-5.45605912878168	-1.12172162368653	0.433397116630457	0.522202818298838	0.0552513745539142	-0.0509993979402729	-0.248393256880682
ENSSSCG00000038602	0	0	0	0	0	0	-1.2622786355627	0	-0.955456342154173	0.523262000975774	-0.757747467852147	0	-0.669813547708267	-0.49864248615709	-8.04125665406637	-2.44270273888257	-1.89051247136792	-2.93825232401527
ENSSSCG00000038607	-1.88198754897304	-1.95385303648754	-2.05024772873996	-2.7378380268409	-7.54697369281411	-2.64928827074298	-1.68249920926476	-1.26731508621383	-7.24637659772206	-2.98971097397673	-7.41638770312641	-0.941941907450246	-1.74134228897046	-0.478910246177357	-1.68221089945797	-3.09964560456782	-1.46115691018557	-1.1073052193939
ENSSSCG00000038610	-1.68179852136749	-2.2556924312379	-4.03513770615937	-2.15620836823114	0.791487174894122	0.770998895331001	-0.350518381053406	-0.887655093236282	-0.133936113129724	-1.82968463452546	0.033281103541008	0.961051632501091	0.345803372297723	1.28478849398776	0.829144935295584	0.30671227937232	-0.0675913209851897	-0.827467819529745
ENSSSCG00000038616	0	0	0	0	0	0	0	0	0	0	8.22816605315093	0	0	0	0	0	0	0
ENSSSCG00000038652	0	3.05216242420907	3.65880936728097	0	0	0	0	0	0	0	0	0	0.602850314227275	0.849831665549031	1.42237187906226	1.26033667735508	-1.37022104329542	-0.185660804216857
ENSSSCG00000038663	-1.14695003234764	-1.1045717555694	-4.56688121559826	-2.59994322059748	-5.57845329417799	-0.686155488577932	0	0	0	0	0	0	0.611875779077691	0.554104530045949	-0.0939690750718077	0.230997222585459	-2.51014940606394	-0.580956741790259
ENSSSCG00000038667	0	0	0	0	0	0	0	0	0	0	0	8.58154288814795	0	0	0	0	0	0
ENSSSCG00000038677	-0.159656271718429	-1.91166287671505	-2.1625770235685	0.866519608671629	-0.729511558026676	0.141481959761882	-6.83583448233922	-0.718807449097321	-1.39787213867084	-2.44149213975928	3.85891632612404	-1.37792704831426	0.0717271030777507	0.269146588939269	0.386052123159177	0.269734824652032	-0.428301884839871	0.660663336399032
ENSSSCG00000038685	0.541599034690297	0.0789338598501833	-2.91067286417307	1.71671447017432	0.996130738172873	-0.159876525552783	-1.89584276199344	-2.16050303139992	-0.7711961825167	-1.31537572859558	-4.21369331952397	-1.35947099407787	0.355325466125482	0.132211908341899	-1.24142193610743	-1.33852224241027	0.491877973435905	0.121790783472195
ENSSSCG00000038710	-0.124194409108834	-0.773900579172454	-1.59202497139446	-1.56437028503135	-2.08564850185206	-1.30701466167607	0	0	0	1.82642594488531	3.81705557427762	2.69584131060234	0.271439062426407	0.47627352452958	1.48520352714116	-0.162293568504197	-0.546580831028381	-0.788881283857088
ENSSSCG00000038768	0	0	0	0	0	0	0	0	0	0	0	0	-2.17314048467607	-2.88212279394882	-3.36438992119064	-8.30265331111852	-3.47629680096379	-1.01820434413352
ENSSSCG00000038801	-1.26707320634549	-0.302171650740096	-0.456687440631283	-2.23304917395204	-3.50021260205407	-1.86159991284108	-1.0335501282974	-1.30303666771435	-0.859119444259824	-0.723978535086203	0.301691462072821	1.22383363796361	-0.74575664863509	-0.21219136346142	0.238428867830343	0.319768951319724	0.337789392896647	-0.512323249007558
ENSSSCG00000038824	0	0	0	0	1.55402792581604	0	2.13619845296152	2.31198915018346	2.14617895850525	4.44269058685657	0	1.8934111042557	0	0	0	0	0	0
ENSSSCG00000038825	0.508109573648652	-0.974140589648751	-0.495357579602371	-2.80089589176051	-3.80465591989519	0.213196182338869	-0.945495170970261	-1.07436924187907	0.483402364850069	-1.8374390921886	-0.0204835583586602	0.547335660192849	-0.953595331628365	-1.56846270075629	-0.595019351365205	-2.8419311022959	-2.9833871031566	-0.0427265012717499
ENSSSCG00000038838	0.384009707641926	1.05723235133164	0.687251837966513	0.520792359387503	0.382189552282864	-0.189768129658644	0	0	0	0	0	0	-0.360809979508393	-2.84939881503904	2.41100774859222	-2.1337052206949	-7.79309517114043	-1.3340419785604
ENSSSCG00000038877	0	0	0	0	0	0	-7.50916256525536	-3.33093890357708	-3.03457167861525	-7.40584895176819	-2.44498877426409	-2.05163622239798	0	0	0	0	0	1.43997007864434
ENSSSCG00000038924	0	0	0	0	0	0	-8.6203691847703	-1.81091686601922	-2.38992277813811	-2.69036984349535	-1.34204834256403	-4.68899808089543	0.68912994422479	-3.48858544553719	-2.61426468850376	-2.36534961256452	-1.03005186283172	-1.49274095390336
ENSSSCG00000038929	-0.618756576139274	1.04826025132217	0.7933310543116	0.902823018227013	0.167339643052642	-0.181491902178537	1.39941114641147	1.02819780664182	1.28863410609069	1.36632309710025	7.11285625794579	3.01954541900245	-1.35590028816681	-2.16480122495944	-1.18971495384241	-0.707092409452176	-0.953344700726215	-0.105081202687476
ENSSSCG00000038946	0.658385387207479	1.00564267969445	1.54530750755851	0.963508963266081	3.50002640766495	1.77457188500251	1.009943098003	0.400271767149207	0.652634593487135	1.20591492017088	1.13045926925097	2.20483573679227	3.15906311968939	1.57526595112013	2.29388404651331	3.56019390146877	2.25702541522084	1.57982907250805
ENSSSCG00000038963	0.520012334468694	-0.433134248460255	-0.360917324015999	-0.180846074840041	-0.401037460761395	-0.155874249028951	3.24288258118826	2.88835324046127	3.08481283139081	3.6032912602518	0.451754378982393	-1.22190915757754	0.851240465710369	1.20489652384818	1.87306028370352	1.26210829555768	1.19441768315876	0.346972075937302
ENSSSCG00000038965	0	0	0	0	0	0	4.83239232307963	0.849384841142689	1.23935240130731	0	1.76985911142836	0.300367520810641	0	0	0	0	4.50934884799488	0
ENSSSCG00000038966	1.1833709343233	0.259423877733034	1.37729320846347	2.09371765174941	-0.382054659318117	0.806629200826317	0.114201534953943	2.58879817973778	2.48061188519156	1.66860771878685	3.86706667297769	1.21432017187125	-0.0112538622528697	2.29352648232158	2.82570083315707	2.43997916918793	0.72853316448258	0.544420531409463
ENSSSCG00000039009	-0.104027192463471	1.66516351333271	3.63919914739705	1.8559092968369	1.4222992233876	0.829515110103796	-0.50950198371987	-0.916640896598522	-1.08535259618979	-0.418246712612952	0.402644304301373	-0.0397590853941916	0.814326876630551	-0.322733277948306	-1.77612641186993	-0.967767233031283	0.918891309959869	-0.142586232162109
ENSSSCG00000039010	2.10666302685308	2.1543587592489	2.58190709815004	-1.5341212109923	-2.78906068649806	-0.688715253132774	-2.20864240976378	-1.98112133337603	-0.788512550148433	-2.23976259877948	1.00880756309544	-1.34737361345302	1.41401797312082	3.01651742075659	4.2976220648434	0.162565360616195	2.73152960216898	2.86849275605303
ENSSSCG00000039025	1.08071459982191	5.17825144231618	4.61647910066601	2.19062628659618	1.07672099139441	0	-0.361433128085374	-0.212360866818415	-0.370075053416464	-2.60542334244662	-0.620146845395558	1.6345075535925	-2.61698938299644	-2.65979696372872	-1.76688053321997	-3.50587557891086	-1.78121492818879	-2.11547275730481
ENSSSCG00000039027	0	0	1.42654146833238	2.18570527548601	0	0	-2.18560762154637	-3.42211045592137	-5.32875767721573	-4.47847888367124	-5.6881855990058	-0.247153339870966	0	0	0	0	0	0
ENSSSCG00000039053	-0.596084841477759	0	-0.189015897389873	-1.45850935050113	2.77265055408375	2.82891568522725	-1.90407150985747	-3.25859363380014	-2.65481740110313	-3.56345752754164	3.6492313446567	0.95262303933974	2.6252387126271	0	3.76436312849126	0	3.18008554105225	0
ENSSSCG00000039101	2.23071276131325	0	0	0	0	2.44683920414201	0	0	0	0	6.80082644469853	1.8934111042557	-0.109870566603066	-0.108294472702847	0	0	-0.58629755364793	0.968240835015594
ENSSSCG00000039102	1.71330206328246	1.25563568179872	0.889905415465581	3.71729307014557	0.714382408978676	-1.53225273549684	0	0	0	2.66875617148404	0	0	0	0	0.217350121078673	0	0	1.96371778145219
ENSSSCG00000039103	0	0	0	0	0	0	0	0	0	0	10.9245290356919	0	0	0	0	0	0	0
ENSSSCG00000039169	0	8.37405967332542	0	0	0	0	0.034727492614576	-0.684053825449473	0	0	0.227985460742068	1.5844002180795	0	0	0	0	0	0
ENSSSCG00000039186	0.18991103679995	0.165276910740277	-0.207953171524932	0.405757463399374	-0.404329895240332	-0.0114420145440477	-7.44810630052293	-2.71179471605095	-0.0374250698384963	-0.531218958643512	-1.08752656094018	-0.594508206656893	-0.148697853942314	-0.125911068320214	0.179068389057903	0.0658118126769593	-0.578712125882053	-0.340684526714344
ENSSSCG00000039199	-0.328160529032011	-1.31454982240784	-1.57345061668269	-0.832969155709704	-1.55365791915195	-1.04658001957507	4.39796616457345	4.33074400955397	4.69146507275041	4.13595143869633	0.941932850200768	1.01742158229616	0.207625102068437	0.14640179451431	0.712370994999812	0.647761168822623	-0.321075055370027	-0.358136185013928
ENSSSCG00000039200	-0.375781434830544	-0.0639534773653304	-0.565153018026978	0.0194668239243588	0.513610047196013	-0.0787219293838287	-0.155575523749355	4.15289929828116	1.5863931791379	1.67932185926006	0.393616407039414	0.883023408816434	0.476615791788518	1.48723161246347	0.460942494299174	1.80032531633784	0.467946729168433	0.408547284404433
ENSSSCG00000039214	-1.09539157344064	-3.42049221749946	-2.30290530913645	-7.42817227321359	-2.39570210838469	0.0734503825104104	-1.74625406225409	-1.73917860241875	0.209028528073262	-1.29969437780191	5.8657312566666	1.44116916799604	0	-0.244041274865101	0	0	1.48250038104401	0.556210845931755
ENSSSCG00000039217	0	0	0	0	0	0	0	0	0	0	0	4.93007451007204	0	0	0	0	0	0
ENSSSCG00000039218	0	0	0	0	0	0	-3.02517027410322	-1.45166998980526	-4.2519757117192	-4.33199156915011	-2.87378283102344	-0.879564443978229	0	0	0	0	0	0
ENSSSCG00000039252	1.87088792296209	1.57923113995322	2.79078528059176	0	1.52235493586296	3.81132099854034	0.93726604921068	0	0	0	4.9444031207044	6.65349813367694	0	0	0	0	0	0
ENSSSCG00000039270	-0.0935640192723854	-2.04078104548406	-1.93667479619948	-1.96965895058487	-2.8033046618134	-0.982789823331348	-0.593637328878426	-0.242322952874651	0.365849571562468	0.258475331725692	4.17878189644582	5.7037812787217	1.07491069672381	0.894324605219956	0.9349614553801	1.21624485835463	0.240201709178477	-1.22817190898918
ENSSSCG00000039271	0.128356885815834	-0.657957292375707	-0.601776541740079	0.722083480962461	0.2728045151523	0.812822140026374	-3.36742898607209	-2.32315278099212	-1.67266360762983	-4.30166159539937	-3.11404472084711	-1.8931382970918	-0.907707302404451	-1.04190960170004	-0.157376280496129	-1.30264148423955	-2.04305288677486	-0.820571801382571
ENSSSCG00000039273	0	0	0	0	0	0	-4.47649552027208	-8.64442391054133	-4.17275336636985	-3.69257258163778	-3.01286731448973	-2.09147545430504	0.64803106912143	0.74627017708918	0.760255583464033	0.819854435164609	1.91709078743068	1.96371778145219
ENSSSCG00000039315	0.41601327310281	0.110826535089004	-1.46925840606212	-0.457909079944772	-0.319208724667112	-2.06792606218817	-5.4518730225491	-3.96476642325061	-2.68949438478247	-4.30606287387925	-2.34061540577159	-2.25909775795311	-1.1834339588881	0.232263409342651	-0.759739158919132	-2.01065958923427	0.385372708408382	-0.683150753369125
ENSSSCG00000039333	-2.02107883392303	0.873881024015846	0.415369407007275	-0.61852293757763	0.81642113768831	-0.126540823362197	-0.363794034345748	0.835835191217358	-0.00593738014249327	0.158998106504218	-2.05186193872582	1.49687158320852	-2.60998415370784	-4.3862753273712	-2.05071813790121	-1.64062840982852	-1.50113702797444	-0.84586860678299
ENSSSCG00000039341	6.0295474070498	6.60927832524666	6.88020218094435	4.92706271267793	2.91457459496665	0	-7.38435144753361	-3.20612945707609	-2.90983281586386	-2.0270286960353	-7.41638770312641	-1.92676720879542	8.18205998720113	6.97254993015391	7.89831865000669	8.59675674049526	0	0
ENSSSCG00000039342	-0.790236682674313	-0.921785385445214	-2.6189131632783	-0.989369193868694	-1.84985925943648	-0.861783900138436	-2.80929814257355	-3.78150749389858	-2.68872625212767	-4.52417928538594	-3.06601164099316	-2.2570783174023	-0.448853884864854	-0.665376581581785	-0.10674802299981	-0.374605379433454	-0.958497982620373	-1.06139081519903
ENSSSCG00000039344	8.78052033196084	0	8.14625008920495	10.3797103844098	0	0	0	0	0	0	0	0	3.96349960956872	1.06060460833296	4.56915355013488	5.00966504360676	0	0
ENSSSCG00000039392	-0.211418811075387	-0.740833852300479	1.80161394922313	3.99365571134096	1.70314323281159	0.389294465607501	-1.19846365442539	-1.92017373677925	-0.987788162095012	0.0795039440354299	-2.06184581720343	-0.868137107691495	-1.35256547044634	-2.01144039582986	-0.662825861289761	-1.34408285999889	-0.966050705016045	-0.478276489821539
ENSSSCG00000039416	-0.518933933824194	-1.55134191515215	-2.99125085902576	-1.84232424223566	-2.62391203056547	-3.22660687337701	2.51415150686344	7.17643334953902	6.76908736152196	3.22526202943697	2.44961976528046	2.75617657028441	2.25906562873148	2.78960227773114	2.82638438568548	0.471333887187491	1.15401682294128	0.732926235402941
ENSSSCG00000039419	2.49605314470493	3.70268634387601	1.89319166754776	0.130622643551553	-0.787445090290941	0.870390085624401	0.194652945697288	0.00147313396494322	0.281734759615019	-0.340616774937976	1.22216419082147	-0.955510932090318	-2.09342862053961	1.24179717287392	2.1132553929982	-1.00565508352541	0.398610503587033	2.40705903924885
ENSSSCG00000039425	0.0536218531585523	0.953406627625696	1.21060320015818	1.16947365323509	0.754660967829973	0.140820259252957	0.404317018420954	0.82640963326605	0.498883711349781	0.509497820198988	3.14091382746278	0.487732201818913	0.160666926550847	-0.223221137809989	-0.0660116754800809	-0.519337185454153	-0.0458991000048752	-0.235357889747953
ENSSSCG00000039445	0	0	0	0	0	6.49992479067529	0	0	0	0	0	2.93819859855564	0	0	0	0	0	0
ENSSSCG00000039500	0.422320815388682	0.28339095862662	-0.18060028596589	-0.0271732699647173	-2.04855462077644	-1.39083927402491	2.30863096773461	1.53345350548523	0.993010363726633	1.97745861601231	4.34563961686489	1.86361553461916	0.319992611531116	-0.478304095023939	0.272712487587542	0.823602180911129	0.75970110993	-1.33134011212618
ENSSSCG00000039508	-2.09586001476637	-1.71455856390438	-3.94526027730186	-2.16804927176982	-3.47953401101565	-1.71675410757939	-0.745251031704609	-2.44594762849981	-4.8862282559377	-0.0621597366967536	-1.52660603612992	-0.0747389058160896	1.1676135515995	0	0	0	0.638478710236532	1.43840244093643
ENSSSCG00000039535	2.6307811167749	0	4.12830332662034	0	0	0	-1.76636238436934	0.0686158188213492	-0.139312949952251	-0.763867713130229	-0.560843339638894	-2.11838126461192	-0.301368627727516	-1.23309326246619	-0.692768036196814	-2.06357234179053	-0.270476243854522	-0.84419541330934
ENSSSCG00000039548	-1.01453909384362	-0.888280720072664	-0.425437075609925	-0.488009997090688	-0.317361860827892	-0.0529078740497915	2.47296911242008	2.18504651324147	2.98237544454717	4.57263131634124	2.41153780080312	0.0789488769943321	-0.353431978609635	-0.853693726517516	-0.547961943759706	-0.459817099297082	0.50567502940451	-0.431198734698551
ENSSSCG00000039553	0.0117948956748576	0.0700468417326174	-6.30068625265112	0.768923664653543	-0.0609870516055242	0.151256719927964	-0.188443645616821	1.49488997439127	-1.08588186894891	0.139315544410541	4.76109580429858	1.17606369668761	-0.663755704675029	0.345719231208966	-6.55142693845529	-2.53336810185008	-1.12596268683643	-0.336667880945801
ENSSSCG00000039557	2.06888230039475	0	2.00685726293404	2.11214127344192	1.33369397140039	1.55227907188389	2.52600889161331	0	2.44358776119081	2.60902338321523	6.50239626532814	2.53313166339173	1.54421947911085	0	2.19334224159706	2.30681485515581	1.3854633729796	0
ENSSSCG00000039561	0	0	0	0	0	0	0	0	0	0	0	0	0	8.47077575652102	7.18069938969166	0	0	0
ENSSSCG00000039568	-1.09467168613635	-2.00601129099558	-1.99889387030704	-1.19726435602862	-2.22260244551966	-1.24557100958027	-1.45021350161612	-1.61373000084323	-0.958570328723553	-2.31221668937541	-1.72901327377697	-0.447260829961346	-2.87506272152249	-3.36602198366427	-4.03417185723226	-3.80162409754275	-2.57402613159985	-1.4829663221368
ENSSSCG00000039573	-2.4785479683669	-6.5561196519732	-6.41575890956435	-6.1847713891054	-0.416597274210555	-0.204794794403811	-2.12441551456131	-2.60170882921459	-2.86674239199732	-4.95473376309925	-3.51528998787	-2.42779196486044	-1.90904286542313	-2.76229172092386	-2.3019914537738	-3.24957989245633	-3.29934999309406	-1.68707893286265
ENSSSCG00000039626	-0.146069321831668	-1.311420926306	-1.86449664094156	-0.789692741073998	-0.451096812253974	-0.0912764757382296	1.14872812786992	2.57195528768383	1.71690834735453	1.36176246529332	1.09840927567929	1.65772828353128	-4.03872067058727	-3.4356420410671	-3.15967928162346	-3.71483599564602	-3.55674247587361	0.392184124582051
ENSSSCG00000039651	0.151718298344982	-2.39603806922878	-3.48659452956407	-4.18458541786224	-2.32750841870756	-1.82544341876919	-1.39921876793626	-1.80023406766338	0.0704411902305189	0.139576553725875	7.11171120537447	6.53692869931772	0.544852301545456	-0.171984237946686	1.11204254169123	1.26283111518019	-0.707701437021202	-0.26903581065095
ENSSSCG00000039704	0	0	0	0	0	0	0	0	0	1.25808615284125	5.25813748316276	2.8387860564391	-1.9850386003222	-4.1867013298438	-1.92640796788712	-3.07148537311837	-2.83648778830309	0.499431973028252
ENSSSCG00000039707	1.4530426429869	1.86250083580763	-0.547925278062877	-2.95673555600616	0.092734094575162	1.19062827334562	1.47994754407688	2.00124943054079	2.34036355178614	3.16778647493601	-0.0874657321491449	-0.301406224480369	-1.00509843828952	0.0391123311288508	0.038148382588038	-0.992524101324122	-0.106268492051923	1.57071293501031
ENSSSCG00000039731	-0.28025479883578	1.96316656818568	-0.0413350257106263	-0.878127029956417	0.91805869028432	0.960011575066446	1.169396398953	1.67879741516887	1.68573128344569	0.955550851543786	4.77365703624403	2.50482644217949	0.621241765054984	0.298432913347156	0.68343034652517	-0.0889129389251722	0.101793752764048	1.11341828393354
ENSSSCG00000039758	0	0	0	0	0	0	0	0	0	0	8.26756438014164	7.61430000828914	0	0	0	0	0	0
ENSSSCG00000039760	1.27819335072222	1.5749327789304	0.238943441357964	-0.483359161325009	0.825814983626155	0.386328318496368	-3.533321936552	-1.14521899190927	-3.63269164902568	-0.670792478711516	-0.303749788470682	-1.0376060409166	-1.15776338793662	-0.476019979625383	-0.327097787973609	-1.51947984692121	0.363500037792768	-0.68642179403069
ENSSSCG00000039770	0.895962000920281	2.82795904157635	2.88118600978542	4.15862075069466	1.26015315136329	0.400255416273494	1.27172293896856	0.911692719445866	1.99569835649782	0.929888099906533	1.27637464707776	0.746449429054223	0.963677336940637	0.347470162248711	0.00596334832336455	1.16131453591971	-0.630409092511697	0.227282448903237
ENSSSCG00000039779	-2.83295332572547	-1.59395095841286	-1.68152636349128	-1.8745030050495	-1.00149226519371	-1.23748573135154	-1.62756073385238	1.25311579309037	0.201613483321008	3.51156605473645	3.69111012752323	1.33507512077189	0.235493569669047	0.99020571569577	0.93269367085598	0.568660518294362	0.908376611257935	-0.0229096485250112
ENSSSCG00000039798	-1.02747047981714	-2.04144624217882	-1.78037819155624	-2.19576875313442	-1.14202925879933	0.642602394628083	-1.03668179601995	-0.0619541428203774	0.946321634553506	0.171931919132371	4.10440627686571	4.5410055066299	0	0.672781144581947	0.833758870603363	0	1.15142287582462	1.10492303943059
ENSSSCG00000039813	-2.99863468244858	-3.06903789138587	-2.91118043742442	-7.07686029944562	-3.00255713710051	-1.09207604938243	0	7.5598036899497	0	0	0	7.14322928576711	-1.38942632634626	1.07999651375371	-1.62766478513458	-2.77276013275878	-0.131321288749181	-0.605607607601504
ENSSSCG00000039823	0	0	0	0	0	0	0	0	0	0	0	0	-2.81772588928533	-2.69279237882897	-6.02704356170327	-4.0997579508514	-6.13450488777347	-0.743676576376635
ENSSSCG00000039825	0	9.10224289781109	7.49708031378069	7.36852488444199	0	0	0	0	0	0	0	0	7.5967785740339	7.21342319725101	0	0	0	0
ENSSSCG00000039834	2.07350747216397	2.6618728106643	4.44261333766087	2.92482114757829	1.07672099139441	0	0.020373123280823	0	0	0.658923408455693	-0.879289063519844	0	2.29946200036476	1.04068675192655	1.01782418494092	1.33930017513239	0.0745921819921365	-0.0227809453847189
ENSSSCG00000039841	1.0896635681242	-2.68683006745573	-1.57214674338383	0.362088743877101	0.362036647859117	1.08312681885906	0	0	0	0	3.55466322735429	4.16966608312258	-1.26754603853022	0.0421584932260261	0.193668081547623	-0.677762390739046	0.310622648725004	0.558734861387885
ENSSSCG00000039854	-0.121894146256374	1.61068065506493	1.87352319601523	2.4939189406508	1.66196739554338	-0.245192588417694	4.32197658758313	5.8814726747824	5.09637437135978	4.96691707026232	0.671619135056302	0.0236240908755356	1.20201718546664	3.18636608822708	3.23263552265072	1.56233030424037	1.58149803254729	-0.610564841241427
ENSSSCG00000039855	-5.73879415992511	-9.90831417578424	-4.12022429051162	-4.66370319738079	-1.61329332258794	-1.26500967266391	0	0	0	0	0	0	-8.14924706729238	-0.204525068706546	-1.33172805306209	-2.35743626555598	-1.10656660281721	-0.784766330900402
ENSSSCG00000039874	-0.180671001903163	1.1103347377305	0.23892750310877	-0.181771060425733	0.895151496153249	-0.432456147639374	-4.43132299810591	-3.80495278843006	-5.00700018411679	-6.8692275977896	-1.87397524182411	-1.35160666229195	-1.79785817059084	-0.684918262626027	-0.822331079973097	-1.94241794863734	-2.38950438252708	-1.24669210717437
ENSSSCG00000039888	0	0	0	0	6.96569999975542	0	0.76325860137897	0.386982141935052	0.794326689199836	2.19390852107052	5.26039754081648	1.62548439364522	1.91170598979024	1.70500056423984	0.10307970715876	0.382759557841632	2.27522920287334	-0.0227553780941178
ENSSSCG00000039927	0	0	0	0	0	0	0	0	0	0	9.20561452130861	0	0	0	0	0	0	0
ENSSSCG00000039940	0.713424883162903	-1.97529113890056	-1.8849343050182	-1.75151270573962	-3.70140346746477	-0.0155874970538917	-0.788323593671367	2.30956501427609	2.13188646179257	2.32323425814266	0.454235347812798	-2.56542965521413	3.99573514415454	3.32979670799384	2.95052154979258	-3.36312176027292	-1.64662489578514	-1.97974533513482
ENSSSCG00000039956	-0.136539227981316	-3.22003738581981	-2.50396356554047	-1.50344184723738	-1.21660769373879	-0.613014388665137	0	0	1.12181682605306	0	4.83428777012365	2.79691356324029	0	0	0	0	0	0
ENSSSCG00000039985	-0.622714426184332	1.10196834300929	0.808799377073002	0.938529335348652	-2.46639939063611	1.5074111943456	0	0	0	0	0	0	-1.28400338643632	0.756825637124019	1.41398036258954	5.411291794591	2.14708658567298	1.16251894092679
ENSSSCG00000039986	0.0966650774568846	1.60577862756886	1.18444224207857	0.687523384725561	-0.9025529752234	-0.463789503111138	0	1.16659440094815	1.37670342779156	0.975797778271534	3.96587655665796	3.57759971074254	0.150930268662009	1.12696361797118	0.837472355239048	0.16348755018326	0.794352315237153	0.606163055186798
ENSSSCG00000040010	1.67398625979027	-1.94308985569337	-1.2117273748171	-0.775718644781512	-1.87565689148005	1.59014700909252	-1.20108488516391	-1.05720881555317	-0.627374725286603	-1.70313874237828	3.85853468978956	2.45557409714542	-0.608383626550287	-1.72699371984042	-0.435352408876755	-0.855828038001729	0.223538056358302	0.210000617453264
ENSSSCG00000040016	0.30253344419897	-1.99705963001992	-2.30428480343179	-1.56710516028001	-1.36821090005924	-1.45611239949271	-1.11838591841876	0.109766293080316	1.33693041350456	1.0571717692396	2.21494177268265	3.60679984886446	-1.42949622160962	0.11732714980084	-0.213581594843077	-0.0454331391517794	0.0347968389675486	-0.78875112023685
ENSSSCG00000040025	0.854230326970241	3.37244009380241	4.38648670654459	5.42564512341917	2.9643313083129	0.888970608300262	-1.73946194829816	-0.546443264334637	-1.77296213515452	-2.7177762581131	-0.533941435645748	-0.217265445386783	2.22435415341728	-0.783927537779305	-1.44909526087059	-1.38933203749173	-0.809305662485384	0.675311659160147
ENSSSCG00000040042	0	0	0	0	0	0	0	0	0	0	0	0	-2.54742883519762	-2.68271732692056	-2.76338587480112	-9.66663554262463	-4.84045269842058	-1.98846498138264
ENSSSCG00000040053	0	0	0	0	0	0	0	0	0	0	6.18552273920557	3.1710426902367	0	0	0	0	2.56795557804053	0
ENSSSCG00000040080	0.14733831199529	-0.437963828736149	-1.69367652348303	-0.707499724950046	-0.598239503339197	0.640934488796173	-1.63344867407354	-2.31713249839019	-2.33462495812178	-4.4081301297724	-3.65809020791606	-0.390212343439361	0.784480146687784	1.06821533307428	1.21657191131567	-0.119342525047771	0.933035152331877	-0.140319829386352
ENSSSCG00000040083	1.13789288296397	1.13615222905797	1.09988389437632	1.83972199306854	-0.603358384738789	-0.112359362071298	-3.60245165816764	-3.01734183772575	-3.29175355610956	-9.60861897532921	-0.987384832436592	-0.678487017205409	-0.079653309055966	0.510186291539039	0.116088381518751	-0.609269569364401	0.991994011519342	-0.603509000095549
ENSSSCG00000040088	-1.36579575665815	3.96037874602532	1.84865311091904	0.811555548483868	0.727444782937521	0.0565046560428479	0	0	0	0	0	0	-0.845136875001415	1.25893056139055	0.68778155446911	-2.11804550017565	0.257338773888263	0.0995518837656481
ENSSSCG00000040130	0.98569825349996	1.11907431362668	1.83294031804788	1.74758584933366	0.0224187819270696	0.0280330616569811	0	10.3130085776581	8.47681689207629	10.2281843918236	9.05613463246296	7.87610676189289	2.4374667953482	2.62164075479408	1.20643556711745	0.0167791705710638	1.69235069254196	-0.0839934352472781
ENSSSCG00000040146	3.4475989793105	0	5.20754638790505	3.72611507762254	0	3.69027838182557	0.751157104282219	-0.808150086357397	0.220380122844924	0.274902622778626	0	2.59481398082836	3.17265094114803	0	3.80220082771393	3.25523712258783	0	2.89296338438547
ENSSSCG00000040160	0.882335704016097	1.13120170313028	1.48985827556092	1.48328188563181	0.148083885123628	0.15491274902047	0.376666101484216	1.44575352364316	2.09674493298106	1.81970118678342	0.244107686695409	0.142962864602721	4.10658045189378	3.71868350188378	3.74161760519442	2.25230513917631	3.15618296304503	-0.952921288234124
ENSSSCG00000040162	-1.697402726836	-3.11394104671872	-1.95646134251638	-2.11215482284001	-0.597700766787844	0.503062783638403	-1.54879359988377	-2.66490515815516	-3.20622652378514	-3.27687003751414	-0.238527945271833	1.09594423276103	-2.55360965264317	-2.10911859740376	-2.42291069316484	-0.869914968459015	-0.735769298177776	-1.27075501888574
ENSSSCG00000040164	-1.3204756286322	-3.52034718766111	-2.47657087191019	-3.14102975145322	-2.4645678210602	-1.47436026503512	-1.86053535547041	-3.60258816637719	-3.30608687204373	-7.67739992379491	-2.71667123988793	-0.758704722976386	1.16837126613376	-0.6788680312344	0.223485694643141	-0.531337343658841	1.03311789757863	-0.95432740822401
ENSSSCG00000040172	0	0	0	0	0	0	-3.7400444182312	-1.13181397784714	-0.750701199145513	-2.52454737423258	-2.82128392773184	-1.27377026787949	-3.58540969734918	-3.71974775866686	-2.90791808009169	-3.5729207440344	-4.7131646142249	-2.39877587215089
ENSSSCG00000040177	0	0	0	0	0	0	-4.0917746646952	-3.51351540395905	-3.21075574504704	-3.0736083382358	-0.77090804139521	-1.61912520608507	2.50849156585664	-0.294747157346313	0.424734496914488	-2.39558357139649	-2.56742800816907	-1.74589899636704
ENSSSCG00000040193	-0.94190045964779	-1.49093827081783	-3.6650186664854	-1.54537932308434	-1.77186941724623	-1.36027130613828	0	0	0	0	0	0	-0.847551978156108	-1.01949409747015	-0.867317475727309	-0.973925445328955	-1.0088633747075	-0.808614172320325
ENSSSCG00000040207	1.54602872487638	1.04206604397125	0.384273848818447	1.51651438622346	-0.327885531334326	0.621514165923043	2.49356506937695	4.36135682078843	2.10935141202152	1.30703796253576	2.16289945585192	-0.867466729575201	-1.72038843655422	-0.487454747253517	-0.366892023899889	-2.09313270739975	-0.357870634664736	-0.0230121559477129
ENSSSCG00000040208	1.7490852737613	0.366589700179198	1.06809111148951	1.51036263419417	2.11492941047299	1.77674195511022	3.07064541517028	2.65594181240251	3.00726658965835	1.48524503260736	5.13041894816267	2.37977085114564	-0.309214501938536	0.525017812998381	-0.15814296890587	-0.0526017894745296	1.53795436787909	0.902725245776664
ENSSSCG00000040224	-1.66200847275648	-1.43969551554633	-3.46698295130752	-1.71250953967659	-1.52782963959408	-1.27854725409949	-1.726844430337	-2.35489107819671	-1.22197459528198	-2.56285681093434	-3.71573064622531	-2.04403939495303	-1.58360113121662	-0.900554742865447	-1.41659536939147	-1.63678077336376	-1.20729920841336	-0.929439312416472
ENSSSCG00000040328	0	0	0	0	0	0	0	0	0	0	0	0	-7.45724402176672	-7.52897532944037	-3.4670694608937	-7.45073724987333	-7.54279483970394	-3.33571077583694
ENSSSCG00000040329	0	0	0	0	0	1.54101394918087	-2.92030989196511	-1.93394815990845	-1.05195664187264	-3.65611298419353	-8.08309882947579	-2.59366622244956	-3.27753831623508	-7.38540743519769	-1.22473879269152	-3.2653205772889	-3.43364828140386	-0.0228892303798076
ENSSSCG00000040330	2.57388119913714	0	0	0	0	0	0	0	0	0	0	0	0	0	7.6847099441958	0	0	0
ENSSSCG00000040342	0	0	0	0	0	0	-0.578745588244091	-0.664032077596839	-2.642566659241	-3.28344810801201	0.348563542919919	-7.79928725529332	0	0	0	0	0	0
ENSSSCG00000040356	0	0	0	0	0	0	0	0	0	0	7.86696993628324	0	0	0	0	0	0	0
ENSSSCG00000040359	-1.48310337359111	-0.32875843606097	-1.39300297335766	-0.721145640290985	-0.207806729925829	0.163193319687976	-0.23951425791717	-1.37935567295878	0.220380122844924	-0.179295909988256	3.41282060430269	2.11034634692429	-0.171730278663886	0.295962227886542	0.0110906268383754	-0.97610091973012	0.0962117494947118	-1.13957430329651
ENSSSCG00000040376	-7.60360766272245	-1.2872074533984	-3.38214329752876	-7.5477962169262	-1.21906166381036	-1.73068758867818	0	0	0	0	0	0	0	0	0	0	0	0
ENSSSCG00000040401	-0.887385657190546	-1.84535549896598	-2.5496915337904	-1.2536149309068	-1.91933328239058	-2.6109152883575	-3.1122748322252	-4.06472588831421	-0.831922302707357	-8.13940760544847	-4.1372823439859	-0.933342273458384	-1.67492492034968	-1.08477247049875	0.914783423903311	-3.18782404712589	0.14160628830086	0.710067678785463
ENSSSCG00000040408	0	0	0	0	0	0	-7.92221885896467	-3.18590187052548	-3.44742888008334	-7.81875805626402	-7.95431448518101	-2.46485201611585	0	0	0	0	0	0
ENSSSCG00000040410	0.445995384329746	0.182959103049018	0.245323677343098	1.38254079822004	-0.63674062307308	0.717883724836531	1.77200240163303	2.55310001348651	3.50280890969869	3.27862442842567	-0.0811584266626417	-0.176975657056004	-0.695153056592544	-1.13621140238353	0.348345380044994	-0.936587869383156	0.789026760266159	0.0187577054437083
ENSSSCG00000040431	-2.32196875123285	-3.56635658876344	-3.21140345098428	-2.48440756099548	-1.39244895839469	-3.73503124162793	-0.481942983538512	-2.69299309483839	-1.62115469459296	-1.48257971020268	-0.686421661367944	-0.964712642869632	0.373393014001326	-0.162626343235672	-0.129889697359658	0.139850931129984	0.191678834826811	-1.13902578541477
ENSSSCG00000040453	0	0	0	0	0	0	0	0	0	0	5.4920761372022	0	0	0	0	0	0	0
ENSSSCG00000040464	0	0	0	0	0	0	0	8.38243746597423	7.72955351002063	9.10102650114024	0	0	0	0	0	0	0	0
ENSSSCG00000040513	-1.4835734983144	0.842694812047658	1.40117276992926	0.390426020744542	-2.70651268832982	-2.33478219466874	-0.893835167698079	0.278546976160354	0.340453761590545	-1.97451791312062	2.19296186769838	0.852898895641955	-4.06139546895726	-2.21290550907919	-2.42500961805344	-2.9131244506839	-3.00594359974741	-1.06403342687549
ENSSSCG00000040548	-1.93535441244741	-7.8521869137254	-7.77391606068797	-7.7608571644679	-7.81866148352541	-4.79138084044791	0	0	0	0	0	0	-3.93317251628235	-8.041203186411	-7.99413348277939	-7.96283429503653	-8.05504507310234	-7.92440743579907
ENSSSCG00000040575	0.148392100080442	0.973709453226458	2.41779074267731	0.668557920042078	-0.534653679535046	0.625622788340865	-0.686120227060244	-1.24676604267313	-1.00441120192889	-0.209474111140025	3.53794732136649	-0.117026926522997	-1.39166628385569	-1.86577881679657	-1.8540869324362	-2.3917836283226	-1.03526076893676	-0.414374021058281
ENSSSCG00000040581	0.660632274818478	-0.0660862304977361	0.197833660242631	1.7012326610083	0.267454708933664	0.0652970511320102	0.373971504261143	1.3791161814716	1.40867040739458	0.534280472073357	3.19069593304107	-0.0378912150136087	-0.560862270333156	-1.04282154493675	-1.19745850718543	-0.151038641896199	-0.889802362166892	0.443295226936227
ENSSSCG00000040582	-0.156391895880455	0.0974642296380844	-1.17497551571136	-2.5011802184852	-3.80926855099324	-1.67259988933425	-0.660613918413095	-1.3365857173418	-0.748971258001263	-1.11380495728139	-1.61169598411719	-0.563379495068814	1.14182421147282	0.98002353255077	0.939590892889018	1.19696540426181	1.71025660314862	-0.536461426427209
ENSSSCG00000040615	-1.01117755081791	-2.06875033128602	-3.43843292282021	-3.41112399566179	-3.52990908823681	-1.33385279337467	-1.85648893642182	-7.96308096388553	-3.49162462706352	-2.29454866981498	-2.33147133008665	-0.723452811728605	0	0	0	0	0	0
ENSSSCG00000040637	0	3.64647232890272	1.30227527657297	5.24876741474204	0	0	0	0	0	0	0	0	-2.09342862053961	-1.43096001791023	-1.56336567479051	0.110438176542771	-1.17865511263553	1.01852614913946
ENSSSCG00000040638	-1.89387920243163	-4.27329099556465	-1.62962855534299	-3.7863265351683	-0.657547311158399	-0.352189365538304	-2.49519242711366	-1.4533261768698	-2.54337471227353	-0.534398621591592	0.718240353515129	1.50074107730338	-2.46115621534392	-2.56042676941359	-2.12202178035545	-3.41049742629663	-0.686648434714639	-0.110176833885597
ENSSSCG00000040648	0.605261212318574	-1.42590228616716	-0.852273623240631	-1.1214029864875	-0.777490398834789	-0.894981876241661	-0.410703561874518	-0.197977079281121	1.32653673441441	2.07976699486019	5.10029103465982	1.70272365836453	1.6812727289219	0.744627481463839	1.6342064966228	1.41142438588411	1.3003021987523	0.966086161598007
ENSSSCG00000040650	-4.2820529819252	-5.2707750560392	-2.25543568851996	-4.1670792497558	-1.27301824488357	-1.38616634148813	-4.85626520835558	-4.8493147390124	-4.55243897260861	-5.56061294463335	0.083721650605861	-0.755353279961736	-0.521553626053347	-1.42230532756504	-1.1458048646305	-0.0978499791883496	-2.23425044927161	-0.319822542588326
ENSSSCG00000040652	0	0	0	0	0	0	0	0	0	0	0	0	-7.41286726553112	-13.7709802150272	-13.7237316078125	-13.6923101723072	-13.784873607085	-2.9569748376458
ENSSSCG00000040687	0	0	0	0	0	0	-0.58723192934319	1.17355276030906	0.204156148120181	-0.509017399597563	-7.04690072620707	-0.253432805116104	1.70818318122202	-2.87691756152638	-3.77354170060072	-5.23939408215647	-5.40814392649736	-0.297116607522016
ENSSSCG00000040689	0	0	0	0	0	0	0	0	0	0	7.04847756424962	0	0	0	0	0	0	0
ENSSSCG00000040715	-1.8716782246739	0.192708415986849	-1.782970602675	-0.775718644781512	0.411985744490323	-0.102253612964681	-4.59859011849488	-5.14965954131259	-4.85273250900539	-4.93277891244426	-1.131907829153	-1.39340812652665	0.884349144975057	1.48400611345391	2.09033325913762	3.14916537144617	2.96745133069425	1.15910933140021
ENSSSCG00000040719	0.658935055406175	-0.946530223218951	-1.15849217010439	-0.106263450853234	0.0468139585738322	0.42336751361508	0.732777540968945	1.49111981912857	1.27095537284047	0.542183253832895	3.11338631357768	0.873415119097517	0.45847006312989	0.749409220276724	0.645551094026317	0.85874694392439	0.896293447970335	0.201994106633359
ENSSSCG00000040720	0	0	0	0	0	0	0	0	0	0	7.70421260004237	0	0	0	0	0	0	0
ENSSSCG00000040725	-0.357655734131058	-1.40763819020615	-0.93409042087305	0.337492248636634	0.873773637762158	4.52050683862994	-4.86640882246885	-4.85931628790205	-5.12911938648148	-6.17304683946944	5.48639849144878	-3.32567081401302	-1.4138029976194	-1.14066603698644	-0.88607704301879	-2.37124361527404	3.3498965066344	-0.022849406559366
ENSSSCG00000040728	0.188588110394921	-1.85073203952001	-1.69065452252317	-0.683409749275598	-1.21254089768367	-0.421045932105388	-0.659420641555197	-7.56439196216868	-7.42966052322631	-1.63803412595323	-2.5035726148459	-0.394562552269682	-1.09473888218054	-0.368608523218832	-1.14154747121397	-1.6521318437771	-0.846637409919625	-0.0228022953902422
ENSSSCG00000040746	-0.873587939379147	0.680043764792058	1.01991048161283	-2.26856665729072	-1.65863981604325	-0.429572192208665	-1.04240729618453	-0.525551377493216	0.268281822037729	1.89053515993378	3.15831835843478	1.66547288840558	-0.709798997393009	-1.02581065018859	-0.0593862746819784	-2.55151460124433	-0.82925731809754	-0.553586535213179
ENSSSCG00000040793	-0.481325542145854	-1.15256831112725	-0.776470714065229	0.103402245873069	-0.955747570141217	-0.247045547172632	1.30044807680432	1.29654106213243	1.95015662498188	1.83403666756088	2.50855817681878	3.36195268251809	-0.389628444369128	-0.425111248178535	0.0613529191465323	-0.457963040058989	0.0247706433362541	-0.418082774059741
ENSSSCG00000040798	2.16646663565613	0	0	1.65860629671656	0	0.696007328761319	-2.52586398869721	-1.11070158915447	-2.0346847316027	-1.8837325640134	-3.49011894032865	-1.16376904862919	0.208838233687564	-0.438163957524493	-1.18333771307602	1.50826688113519	0.245249676952013	-1.13724661309773
ENSSSCG00000040811	-0.104232839785331	1.64612294643715	1.34257449758051	1.88041005316054	-1.69910502968811	-1.10884209096753	-0.33743396120665	0.771794920496612	0.50988875405374	-0.341065995415725	2.84287409211637	4.19787728434687	-0.770981344683451	0.148420156526836	0.546076237058554	-0.643523016169739	-0.349407053233614	0.585444202478127
ENSSSCG00000040820	1.89080594685328	1.97418463642249	1.17675702671398	0.884846166247726	1.21986441818145	1.51794262527643	-1.53417372350128	0.652654020046858	-0.513574220039052	0.00523183930752839	-3.38712417414678	-0.676264240517434	2.24269477805291	2.03202301529837	1.44980661970367	0.50010413493135	-0.872494646101938	-0.162772719718614
ENSSSCG00000040822	0.742451081901218	-0.396164327212582	-0.326859518591948	-1.19229383948481	-0.156449395007895	-1.03563513482217	-7.38435144753361	-2.24663020776378	-2.90983281586386	-0.727963538742258	-2.32016184586424	0.550653767679507	1.36289283456969	0.735716803923067	0.959715388081429	-0.974660677072569	-0.240910614942968	-0.736653212518581
ENSSSCG00000040826	0	0	0	0	0	0	0	0	0	0	4.39650471659894	5.73960559227639	0	0	0	0	0	0
ENSSSCG00000040829	0	0	0	0	0	0	0	0	0	0	7.64560712880937	8.21585028464445	0	0	0	0	0	0
ENSSSCG00000040843	2.30820900075365	0	2.7321713216626	1.76678282276253	0	0	2.67525335746736	2.82495526621827	4.24763371505606	3.91528833385387	-0.697248001012344	-3.14564675744522	3.82036265347109	4.59937605452981	6.17256591258329	3.61390656633699	3.80174049388518	0
ENSSSCG00000040849	2.40524742794531	1.41246865881475	2.35786689724732	3.70580801742022	-0.551235776228944	0.341082085197278	0	0	0	0	1.24498426136437	2.02598017559063	-1.19578194956023	-0.449509856536751	-0.476257391795012	-2.92671075548685	-4.00537763742278	-0.121526941785786
ENSSSCG00000040904	-0.315486268574585	2.15628197342473	1.37491137414372	1.05047519313866	-0.160679020789696	-0.834843207919379	-1.80336056062381	-0.552675702202428	-1.23672488371572	-0.330915720088672	3.74592912507772	-1.38258742525463	1.7525453080449	3.14417155441454	3.03520952099952	0.425197903771109	2.2082653585701	-0.14651320709549
ENSSSCG00000040931	-0.392697198969258	-1.27996995261652	-0.840327475773084	-0.691497329956614	-0.554788063358159	0.0257376795011147	-1.28889208097696	-1.61909046344107	-2.25769946586801	-3.21545022202315	1.12951226070795	0.200692921621371	-3.13130857768446	-2.60505295774322	-3.13934207140802	-3.82754066043586	-2.87813856320094	0.572469771675683
ENSSSCG00000040947	0	0	0	0	0	0	-3.65822068274037	-7.82615548467598	-7.6912995807929	-7.72607458210337	-7.86159281816233	-7.95064253130231	0	0	0	0	0	0
ENSSSCG00000040950	0	0	0	7.29100730576332	0	0	-2.69882382238396	-7.82615548467598	-7.6912995807929	-7.72607458210337	-7.86159281816233	-7.95064253130231	-3.68953839740671	-4.31870844827643	-4.55957650135295	-4.8723458806279	-3.5201487534457	-1.42348320375566
ENSSSCG00000040961	-1.860792304144	-3.76383381774322	-4.50297324474376	0.246437523620064	4.28765585711558	3.58225701763707	2.67198646005461	2.73854724409801	2.20682025362359	-0.339199883311411	2.17752547379276	-2.07633789964295	-2.3156052504353	1.17208075119499	1.59188819792865	-0.53481643870227	1.48479461130408	-0.372172067533153
ENSSSCG00000040981	-0.171314509114097	-2.58491675005945	-2.26751768066128	-1.91310982867859	-2.11570547755827	-1.06727461230632	-0.691448991338434	-0.13576599740861	0.363880035799922	0.334847992508814	3.35583381374551	4.19908039249845	-0.347566628726484	0.0303976094638523	0.100432999465856	-0.259844297377889	0.190511354571698	-0.0673044789366504
ENSSSCG00000041010	3.59889449587465	5.84440935252308	6.50485181108288	3.71375138171643	2.71655480819828	0	0.363264895966912	-0.62261187031791	1.0882813285221	0.0979037655862087	-0.0392087350912813	-0.217871932718777	2.66007652901095	3.41646012023921	3.417818514737	4.14627733198823	1.50852755023109	2.03103135499156
ENSSSCG00000041061	0	0	7.91011993411776	0	0	0	0	0	0	0	0	0	0	0	0	0	0	0
ENSSSCG00000041076	-1.21254714340132	-0.0135102952035594	0.237637395496653	-1.34528401476244	4.31883332527565	2.01914464958603	0	0	0	0	0	0	-0.522492172722284	-0.657354068376865	-0.668323532459315	-2.07047119469692	-0.590375374061418	-0.342568587476255
ENSSSCG00000041304	0	0	0	0	4.87768252636611	0	0	0	0	0	0	0	0	0	0	0	0	0
ENSSSCG00000041467	0.759955968798977	0.893424339891306	-1.2567121731087	-1.54783650006633	-0.0943752655858114	1.51392215815151	2.40133324419431	2.51773418876415	1.27787813252034	3.16213271600787	3.91617514231988	4.13341323640627	0.351411883115986	0.251576937176319	-1.42189547607169	-1.24787387586025	0.622351162719244	1.30513598866979
ENSSSCG00000041481	1.00933672325504	1.99647487822248	-0.173777380316261	-0.490495955444583	-0.168805412411987	1.27595135030027	-0.676391776505115	-1.89740641930089	-1.50368520318662	-3.70601091106452	-1.60085760242745	-4.07154523446647	0.634751401979276	0.317211328187841	0.83821913634573	0.898160744273334	0.330152393718849	0.500931349884706
ENSSSCG00000041502	0	0	0	0	0	0	0	0	0	0	3.48607689066271	0	0	0	0	0	0	0
ENSSSCG00000041504	0	0	2.67107476997651	0	3.29965668910508	2.50542323864611	0	0	0	0	5.02176051801298	0	0	2.49398982138469	2.67794855586886	2.82843451186224	0	0
ENSSSCG00000041625	-1.29220502764188	1.11704346141653	-0.497897784357227	0.640658404254962	0.0421339705015508	-0.00680844570307178	-1.08147434605721	0.0539878708529508	-7.37111546047345	-1.00301829822581	0.273516751453785	0.382880299577309	0.66227250155214	2.05269945463655	0.633423958222105	2.25196806219087	0.165906931387446	0.712377417762235
ENSSSCG00000041649	0	0	0	0	0	0	0	0	0	8.67871042772155	0	0	0	0	0	0	0	0
ENSSSCG00000041677	-1.50369297350382	-1.21432021263608	-0.740332786949692	-1.22311870386705	-1.92209086556706	-0.349026050620804	-2.71993527940022	-1.65121064461657	-4.67248973336853	-4.19233668744957	-3.10481173009364	-1.17144572778889	-0.849305459053633	-0.246985553294158	-0.104291263475939	-0.513413000354939	-0.756724227513904	-0.365762060316515
ENSSSCG00000041701	-0.113807908766597	-4.27489032022488	2.43514293587993	2.92847750017068	0.914947206073042	0.0809412441240553	-1.58164357390145	-8.00597962859086	-1.99795236261224	-0.360419466772242	-0.337222518616783	0.296164010882225	1.41948894912893	-1.67330842891162	1.23090446139557	3.3225904610208	0.511486899235773	0.321637097774712
ENSSSCG00000041871	0	12.7655766297184	8.49308178534896	0	0	0	0	0	0	0	0	0	0	0	0	0	0	0
ENSSSCG00000041892	0	0	0	0	0	0	-7.50916256525536	-7.50581581909675	-2.07072473353759	-7.40584895176819	-7.54121463152626	-1.19095567058805	0	0	0	0	0	0
ENSSSCG00000041917	-0.528602512312776	-1.72889702489952	-0.144553586651566	-2.83639057074961	-1.52477116436549	2.60611661667699	8.55218314953479	9.02621253991264	8.88108132215955	8.12781143808028	0	0	0	0.0738158807816614	0	0	0	0
ENSSSCG00000041935	-0.69621873532825	-1.15421687811663	-2.50992577059049	-0.41797996328167	0.584290864088788	-1.39591573456576	-3.01035454539322	-3.52802069027946	-2.40132816534013	-3.47386127530619	1.99357738677633	0.239563508456617	-0.629801938579994	-1.88395607434851	-2.23777658387906	-2.65226549534735	0.796568609570943	-0.419367162864164
ENSSSCG00000041979	-0.0400261417777995	-0.837202695837958	0.967417928755484	-0.430309941482203	1.0840325242284	-0.387676820620587	3.03817125422696	0	0	5.37650775021984	0	1.8934111042557	1.28684006822378	1.60902486861352	1.82099754959248	0	0	0.83834831555783
ENSSSCG00000042041	0.862673208539243	0	0.827577092510357	0	0	0	1.88655708625914	3.26695899993838	3.77567577396704	3.34249518205269	2.91945674629995	1.40951281639487	1.53293307222845	1.9550520346576	1.23997156875272	0.628140616315949	1.3737587349121	0
ENSSSCG00000042093	7.58043475248334	0	8.00925569966031	0	0	0	0	0	0	0	0	0	2.84524230696494	1.10496247127208	4.08861712762902	-1.08633337173632	-2.23425044927161	-1.01163273943513
ENSSSCG00000042142	0	0	0	0	0	0	0	0	0	0	0	0	0	0	0	8.08613706623421	0	0
ENSSSCG00000042233	-0.81924610301017	-0.227700361066968	0.490608315179346	0.408009666950149	-1.45170112821814	-0.972272357046831	-1.94104818566687	-1.93394815990845	-7.9126944978898	-2.69343070625209	0.903906424461119	1.34741631066824	-0.528162661201855	0.70139508193383	1.38945334604186	-0.276780032726911	-1.31919964229932	0.58163810826058
ENSSSCG00000042264	0	0	0	0	0	0	0	6.47179353569413	6.05824275959213	0	0	0	0	0	0	0	0	0
ENSSSCG00000042315	-0.939377178043735	-1.97238341608182	-2.18670531934722	-1.45290091762223	0.120330034769382	-0.290173892234693	3.96150139768714	3.34671619945721	4.91164810076416	6.49815277028419	1.53409752686984	0	-0.264766878922976	-0.358482134608564	0.263759619090621	-0.979876559431349	-0.168852507574367	-0.904373563535977
ENSSSCG00000042325	-1.33635325857734	0	0	0	0	-1.53225273549684	0.363264895966912	-0.0423090304908304	-2.84317100733785	0.913392746976717	-7.34967561234977	-1.86003108721103	2.29436872977547	1.86667440469397	0	0	0	0
ENSSSCG00000042333	0	0	0	0	8.33709116667342	7.71118243060126	0	0	0	0	0	0	0	0	0	0	0	0
ENSSSCG00000042458	0	0	0	0	0	0	8.48525195913426	7.5598036899497	8.02375005396059	8.30777676306586	0	0	0	0	0	0	0	0
ENSSSCG00000042479	1.17337258508358	3.92678180100562	4.30844570105321	4.25695699548909	2.26362502378835	-0.281419389580141	-0.787268847221857	-1.09996275289918	-0.549077218076776	-1.54988519964556	-2.57161128174118	-0.0381995320137265	0.772922334398822	-0.203259175857027	0.380591388530509	0.527800858355129	0.108927672204171	-1.73285267864443
ENSSSCG00000042502	0	0	0	0	8.18148173588778	0	0	0	0	0	0	0	2.51934273903784	0	0	0	0	0
ENSSSCG00000042522	1.7179020569018	-0.141562051155941	-1.92561663665425	-2.66070507834681	-1.99200764985755	-0.559664840248052	1.33839461008263	0.774271812008825	0.268289917031569	-0.0285223107507771	0.566691970061223	-0.466064770515216	-2.44157411154556	-0.541612163206699	-1.68659881932724	-4.39472593519597	-1.80006329094504	2.90899249920188
ENSSSCG00000042539	0	0	6.84344622538328	5.48143779787211	0	0	0	0	0	0	0	0	0	0	0	0	0	0
ENSSSCG00000042573	0	0	0	0	0	0	0	5.36161541953897	0	4.22105171076436	0	0	0	0	0	0	0	0
ENSSSCG00000042582	0	7.47968986076979	0	0	0	0	0	0	0	0	0	0	0	0	0	0	0	0
ENSSSCG00000042589	-3.47634984148759	-0.88278040332231	-4.5034679257464	-6.31040549552168	-4.73333423117371	-1.43403738514101	-4.16291695192289	-2.1001571210201	-3.54000612580293	-4.89848553347337	1.13805939161536	3.87119865053728	-1.52987650762401	0.475321866770985	-1.76812199631603	-2.91320844485616	-1.98710254405826	0.571702697631049
ENSSSCG00000042663	0.19219414973789	-0.0853665651810628	0.518890585070306	-0.0974604603841451	4.20823988570908	1.62416254699326	-1.29410442941427	-1.16207064120752	-2.61962490990518	-0.770073058168314	-0.0976663067268515	-0.0984895383504473	0.714317979857227	0.0318436785926047	0.31239868420799	1.3435859567163	0.520306795010882	0.302279525654066
ENSSSCG00000042692	1.08301012179151	0	0	0	0	0	0	0	0	0	5.66039112168062	5.22302228808935	0	0	0	0	0	0
ENSSSCG00000042713	-0.637374107178903	-1.20431958780875	-0.960031046953622	-0.931966617925056	-1.13593647691173	-0.25421726967271	-3.26524563048462	-3.73409996033984	-3.17383059190029	-3.82774284276017	-5.07990116290052	-1.33814217878862	-0.573443649302514	-1.10726228554908	-2.25475628511284	-1.38444568632079	0.782761726307923	-0.922249018280716
ENSSSCG00000042725	0	-0.701332695910038	0	-0.294545831859721	0.85021430293173	0	0	0	0	0	0	0	0	0	7.103249225948	7.76553558679671	0	0
ENSSSCG00000042730	0	0	0	0	5.31433409994658	3.99048136856767	0	0	0	0	0	2.66040346947055	1.76537089351473	1.72444333112913	1.27585549908399	1.45890696916171	0	0
ENSSSCG00000042806	0	0	0	0	0	0	-2.69882382238396	-2.12057373324262	-7.6912995807929	-0.691916266169915	-4.6440849718001	-2.94205289105265	0	0	0	6.87080587258486	0	0
ENSSSCG00000042842	-2.11799636800965	-3.76972739305154	-3.23047175298401	-3.89879158511488	-2.93925659806668	-2.76412632777309	-0.447107338292344	-0.816538218049498	-1.24385313876429	-1.10524928951502	0.970546272216983	2.54795688983748	-0.18465185001711	-0.17615933689093	-0.194690180006181	0.163952583860701	-1.67860328907228	0.354497784191485
ENSSSCG00000042918	0	0	0	0	1.74512722382564	0	0	2.80046706852057	3.39370543971274	0	4.71816922874501	0	0	6.80162244874094	0	0	0	0
ENSSSCG00000042921	-1.15830226559594	-1.2831014984874	-0.70692431351998	2.45096146024205	-0.970476231422468	-0.996630604462489	-0.986818650936097	-3.84080259797896	-1.65858918187938	3.90234682376961	-7.12875661820065	1.87742635258333	1.11250772374681	1.11827192066037	1.49276348301736	2.79834631300046	-0.838714953299044	-0.0760345037858035
ENSSSCG00000042937	-1.88495685623181	1.25746991172979	1.28292785176073	-7.71046862768065	-1.24583151279021	-1.09596971332663	0	0	0	0	0	0.693218778600525	-2.32391363388276	-2.45936124901007	-2.82114488723527	-3.8284165448379	-2.18664244360722	-2.03044364650357
ENSSSCG00000042973	-0.896294683579458	0.52439692470331	1.09008032715911	0.435919655808331	0.634508043073671	0.594941108790948	0	0	0	7.2254268213961	0	0	-2.84020077479073	-2.41739475768706	-2.33123182499002	-0.895230964045299	-0.750032292146396	0.68832689851746
ENSSSCG00000042995	1.00405056105283	0.687578901558911	1.30271538505599	0.127206759947676	-3.84067242809314	-0.860222501633497	0	-0.140160431179627	0	0	-0.403591722400123	0.68407087368945	1.668493109273	0.129231185563251	1.56859189371975	-0.0245610827012326	-5.01290184341584	-0.183079763799631
ENSSSCG00000043004	1.49215303575817	0	1.66815682085989	1.07325071194662	2.38998371841286	1.81494935177419	0	0	0	0	7.45399093044498	0	1.87619591399234	1.22891685490375	1.09521737931374	1.37614471726469	0.401525832103559	0
ENSSSCG00000043103	-4.63836723674417	-1.06304469367316	-1.72284811721807	-1.90505668956466	-3.67057416276037	-2.6595505261129	0.306494483619363	0	0	1.92440380445979	-0.621922214157579	-0.391290974093798	-3.09999056452228	-1.0139602450317	-1.77326424152761	-1.479849225905	-0.852748608273451	-0.519875447371261
ENSSSCG00000043121	0	0	0	0	0	6.96102032858058	-2.66454925167476	-6.83249873547925	-6.6982628656067	-2.44149213975928	4.59554133358142	1.96377706418358	-2.2827864542999	-2.41717867785079	-2.32981516739713	-2.08092099830504	-1.26539847182987	-1.20833863638195
ENSSSCG00000043135	0	0	7.27601827633074	0	0	0	0	0	0	0	0	0	0	0	0	0	0	0
ENSSSCG00000043139	0	0	7.10725635526659	7.64264022025274	0	0	0	0	0	0	0	0	0.467730337324868	0	0.296697138756321	0.978168332644089	0.528522258706307	0
ENSSSCG00000043140	0	0	0	0	0	0	0	0	0	0	0	0	-2.64469065059635	-7.30788421579548	-1.3145545671981	-3.18782404712589	-0.270708716578053	-3.11472914672787
ENSSSCG00000043154	0	0	0	0	0	0	0	0	0	0	0	8.01305191637168	0	0	0	0	0	0
ENSSSCG00000043194	3.09956379204618	4.94936696747145	5.89326297320131	5.02596163986092	2.80357191600349	2.19639254785372	0	0	0	0	0	0	0	0	0	0	0	0
ENSSSCG00000043216	-2.03737542662738	1.14799609242713	0.778325841841652	-0.752130721751898	-5.08515317160244	-4.3055746846395	2.77488377266076	2.71390574270218	3.18741356184964	3.41996075251023	-2.85808862791884	-2.05738191475306	-8.48698498247532	-4.58248539089458	-2.56541519553947	-1.43053200988228	-3.65413559118899	-2.43091394743694
ENSSSCG00000043234	0	0	0	0	1.96562283013122	1.45455904587534	0	0	0	0	8.58075672423838	0	1.44653413741392	1.89301981294624	1.5142318730311	0	0	0
ENSSSCG00000043327	-0.284970527543428	0.699947504302319	-1.53730915327979	-3.0581593086073	-0.722444361479461	-0.42300386380253	0.253297247604611	1.0407658426606	0.564356938353033	0.834203639155566	1.62477317457016	-0.696451461916214	-1.79511351410839	-0.773094828140725	-7.78855287973243	-0.794128136575454	-0.880268211590215	-1.89725172787851
ENSSSCG00000043429	-0.838401981292072	-4.41655514565064	0.54519430736031	-0.21977436889656	0.426328878850802	0.847440951679189	-0.746521903211456	-0.0676316507181764	-2.69982818751473	-1.81698843544175	-0.439048655194436	0.260661336646151	0.810802937508185	-0.16166690349669	0.859251212616029	0.514872914808044	0.349227115370021	0.218714164419439
ENSSSCG00000043518	0	0	0	0	7.63943706098117	0	0	0	0	0	0	0	0	0	0	0	0	0
ENSSSCG00000043578	0	0	0	0	0	0	0	7.42306458578438	0	0	0	0	0	0	0	0	0	0
ENSSSCG00000043605	0	0	0	0	0	0	0	0	0	0	4.04090392923336	3.22484392099615	0	0	0	0	0	0
ENSSSCG00000043631	0	8.53959689307531	0	0	0	0	0	0	0	0	0	0	-1.54353105127603	-5.17729309964718	-9.10656059889417	-1.94341012269405	-5.20202758399509	-4.96001695628008
ENSSSCG00000043649	0	0	0	0	0	0	0	0	0	0	0	0	0.788815684332609	-0.273914202310187	0.0673492061321486	-4.73945796844326	-3.38610189100774	-1.74301518751605
ENSSSCG00000043661	0	0	0	0	0	0	-7.01492014854134	-2.83670404319252	-2.54065593049274	-6.91184805313995	-7.04690072620707	-0.572306712380972	0	0	0	0	0	0
ENSSSCG00000043666	0.828547200517513	-1.28029654515182	1.62944925833795	-1.09160905202876	3.04555331504909	1.65459330710903	0.58066272797775	0.587744737094899	0.890208178845453	1.22050575366003	0.628139120816532	2.57197402076149	3.16024602776629	2.76566232901672	4.61216714931472	3.07350277310442	4.15803785356866	0
ENSSSCG00000043670	-0.971543822156091	-0.22212964349139	0.460302554701894	-1.21145889500657	-0.246267416375354	-0.440814473305516	1.74096076178327	3.93895964533261	3.32039985999545	3.35769505401576	2.21600120744863	0	0.383875570934819	0.307448203068372	0.075176343805292	0.978809813799748	-0.357342626938613	-1.28789571023583
ENSSSCG00000043700	-0.633102997830427	0.203184351262364	0.365138798982681	-1.6629916348465	-0.00653455598349666	-0.998329680093186	-1.33463812060769	-1.54791041042693	-8.10459099478145	-3.8480273258536	-0.172006259399871	-0.0746131515354021	1.05122455003409	0.253205351416054	0.0630056711300687	0.313590518825086	0.597278785176348	1.55213165027863
ENSSSCG00000043705	-3.63238792315227	0.799052078650568	-2.58521514028196	-0.885407800958957	-3.63631534321047	-7.86599826413091	-4.53159881858507	-2.64308891706487	-7.64263065390193	-2.10899006421532	-7.8128970971501	-4.7647956057987	-8.41846836694155	-1.01555794626082	-2.49689523601805	-1.0592370360682	-3.58560765279614	-5.21374417688031
ENSSSCG00000043729	0	0	0	0	0	0	0	0	0	0	0	0	4.64073985101535	4.630070632498	5.11830028381759	4.43533614171044	0	0
ENSSSCG00000043782	-4.20635081401544	-0.729339808455108	-3.1987602641984	-1.64007012389233	-1.35327028719869	-1.22988094722728	0	0	0	0	0	0	-5.25108928817875	-2.11677823597264	-5.29812877174323	-5.49555413173049	-2.56431731329494	-2.60378976283871
ENSSSCG00000043838	0	0	0	0	0	0	0	0	0	0	7.31046687725849	0	1.45188394552207	0	0	0	0	0
ENSSSCG00000043890	-0.964914355379291	0.024060636839155	0.253070063152095	-1.57337277858869	-3.2234819938029	0.926975058480631	-1.68249920926476	-2.6480407347946	-1.9459858707862	-7.2810912535716	-3.27859130480231	-0.530723154038709	-0.384573023869519	0.182697387640603	0.44497584343702	-1.02930827212453	-0.401546493298497	0.842279958822751
ENSSSCG00000043928	-0.0546426916640312	-0.967087597936364	-1.5312728761737	-7.22779436703766	-3.15353309207358	-0.102412323872933	0	1.84608955643309	2.03165692513388	0	3.8434694024754	2.74624055523604	0	1.06412733273594	0.831914790098739	0	0	0
ENSSSCG00000043931	0.448243572166613	-0.00680475131085987	0.24690482947658	-0.168521517319489	-0.213086044884236	-0.0724878117305543	2.16863336971949	1.59625430259424	2.10497459144844	3.59825378780722	-0.458768976785769	-0.424692690922181	-0.4195443003973	-0.907512861320325	-0.780070663562438	-0.149810027309095	-0.0609552394088	-0.100815143117592
ENSSSCG00000043973	0	0	0	0	0	0	0	0	0	0	0	7.29421143522348	0	0	0	0	0	0
ENSSSCG00000043977	-1.06128147719309	0.37231634782783	0.552756273536771	-0.0193466059756955	0.69819388812147	0.409174901630422	-2.04352803138873	-2.99599129390275	-0.944402196900913	-7.07105099297805	-3.06842006534211	-1.14165254779866	0.225401774589798	-0.103988299368065	0.306178109402427	-0.255047091225596	-0.588576150465589	-0.834432212548805
ENSSSCG00000044004	2.19393755028962	3.05948401139934	3.965579975916	2.66745840633778	3.40928634064339	2.28188512187073	2.10403066289537	3.03029102761976	2.44218572235032	1.96642322928113	1.58251861204045	2.09596280657493	3.30490173129523	4.14440942170346	3.46222472425645	2.75715204296047	3.150154947485	1.72132744051215
ENSSSCG00000044009	0	0	0	0	0	0	4.32950414379614	2.47940124347961	2.17816297257448	0.983296434233744	-0.307876874933258	1.40512422649249	0	0	0	0	0	0
ENSSSCG00000044019	0	0	0	0	0	0	-1.47728486447961	-3.75883482832412	-3.45763728944789	-8.79289031360882	-3.26166831417919	-0.879856612863974	0	0	0	0	0	0
ENSSSCG00000044059	0	0	0	0	3.33338010022703	2.73180670276194	0.813006689173563	4.03348894631226	3.65113595619568	5.01909663250665	1.67169523941792	0.807522073522575	0	0	0	0	0	0
ENSSSCG00000044062	0	0	7.56383146465052	0	6.96569999975542	0	0	0	0	0	0	0	0	0	0	0	0	0
ENSSSCG00000044108	4.14116152796529	8.28906032671074	9.59558652044833	6.94971879228281	3.09681681242822	2.1853520748934	0	0	0	0	0	0	0	6.8939233459789	7.57423948849719	0	0	0
ENSSSCG00000044134	-2.16945127510307	-1.19446422611946	-8.88965320997531	-2.29019754273374	-0.211443343249112	-0.298338082454701	0	0	0	0	0	0	-1.00642411579995	1.04980539294551	0.103468320766599	0.847327690829645	1.24052358476056	0.97112929035339
ENSSSCG00000044226	-1.74147935342551	-2.0078024712045	-3.87918956730431	-5.45689924273406	-2.61957527764458	-1.77660745414026	0.508340477920798	-1.2075189558325	-1.34476671648202	-1.79740918817015	-2.09548564948542	-0.725721107806459	0.15496025616959	-0.805770135021409	-0.823574308746965	0.787304854385822	0.61001455830953	-1.02364465622916
ENSSSCG00000044239	-3.26088707277157	-12.2314228657213	-7.0145089281611	-5.31464212982981	-2.59409197974557	-1.68737722914193	0	0	0	0	0	0	-2.84565188576424	-0.577432196058706	-0.738328016795246	-0.911627372107028	-0.394249277613217	0.0635961996921306
ENSSSCG00000044268	0	0	0	0	0	0.541273737022097	0	0	0	0	7.06424250097891	0	0	0	0	0	0	0
ENSSSCG00000044295	-0.93370341952765	-5.43178294753257	-5.27189866697373	-9.99565513181135	-1.54305261449672	-0.645778535138807	-0.807881647183814	-3.54952488584795	-3.24675935244513	-9.15473737831859	-3.40524987176775	-0.828051468747913	0.00064836331285304	-9.08567936478743	-9.03851572640999	-9.0071523546913	-4.18090557027564	-0.361703863103077
ENSSSCG00000044428	0	4.02729192475685	3.54509215308829	0	0	0	0.952766525722058	1.40999939098013	1.10373553442919	1.32510975105199	1.49257443043291	-0.527215934910185	7.5967785740339	7.53340575027079	6.84231181698896	0	0	0
ENSSSCG00000044512	0	0	0	0	0	0	0	8.48904383392348	0	0	0	0	0	0	0	0	0	0
ENSSSCG00000044738	-1.44340505929206	0.473936506161015	1.10206780613393	0.583384590762356	4.89388433569343	3.02373093301454	-1.38637820084286	0.676350212431479	0.89286484185042	0.274902622778626	0.324197331687087	0.583259025940349	-0.573982426033639	-0.779059233359807	-1.54600143609889	-2.12883427079937	-1.42064674155882	-0.0229409329792251
ENSSSCG00000044775	-4.07280416132086	-3.1972197859251	-2.93816318188733	-5.04764888484967	-3.89696069739989	-4.37151189901321	0	0	0	0	0	0	-4.33381384224203	-6.13627136648598	-5.7366282744978	-3.70473983673881	-4.86836089902537	-2.25647656172952
ENSSSCG00000044784	2.7863255209717	2.58633224510627	3.25093150918765	-0.233741910764245	-0.956191788076233	-1.3484882496666	0	0	0	0	0	1.70240386955993	-0.346712757856109	0.171196351962258	-0.074674651644162	-1.50947993862916	-0.89630198289064	-2.03389517675193
ENSSSCG00000044923	0	0	0	7.02981416141975	8.57457185280598	0	0	0	0	0	0	0	0	0	0	0	0	0
ENSSSCG00000044927	-3.38768357617869	-0.910911616831074	-4.25835669377956	-4.23101866643594	-8.48187886774798	-5.45475318227545	-7.0967624482552	-1.64535595895921	-6.95897990881524	-6.99364443654344	-7.12875661820065	-7.21755948555386	-1.72856406573867	0.0295425717740732	-2.77126998859746	-2.64137295631039	-3.61511191356912	-3.62701581948019
ENSSSCG00000044986	-1.14268130027228	-1.26396805353472	-3.13377561607533	-3.89571324871141	0.152388246526222	0.94569591355383	0	0	0	0	4.41084057788847	0	0	0	0	0	0	0
ENSSSCG00000045021	-2.04031859860476	-1.1336070737561	-0.654433737588928	-1.35250777964534	0.0923040039641072	-0.27097951503519	-2.27008366778317	-0.816868647778793	-8.24161794645637	-0.804614592135161	-0.597427436461097	1.3336805236625	-0.541276134281388	-0.356402753742122	0.173081925184956	0.190096315623315	1.91060995053495	0.742970264652581
ENSSSCG00000045027	0	0	0	0	0	0	0	7.684697246168	0	0	0	0	0	0	0	0	0	0
ENSSSCG00000045040	0	0	0	0	0	0	3.73937212669811	2.62974510901118	4.0459536545661	2.34939547428792	0	0	0	0	0	0	0	0
ENSSSCG00000045063	0	0	0	0	0	0	0	0	0	7.61544703383408	0	0	0	0	0	0	0	0
ENSSSCG00000045074	-0.812225061243479	-2.02988920555146	-2.27118055099772	-2.80206743231758	-7.05264710965175	-3.11021889693627	0	0	0	0	9.97372058391506	9.37462811397535	0	0	0	0	0	0
ENSSSCG00000045084	-1.34697676173808	-0.664193956936454	-0.233497770674443	-3.75085457616103	-0.315729956998402	-0.651317217759248	-0.35823890931069	-0.775473417062929	-1.0443992389403	-0.513833857592824	-2.06792347675227	0.985941341488688	-0.618169337148203	-0.291313085908345	-1.475739524004	0.849408417851623	-0.37805772757073	0.0671415938134769
ENSSSCG00000045138	0	0	0	0	0	0	0	7.10323655870425	0	0	0	0	0	0	0	0	0	0
ENSSSCG00000045146	0	0	0	0	0	0	0	0	0	1.82642594488531	4.1059782534917	4.27641212873746	0	0	0	0	0	0
ENSSSCG00000045164	1.55801643841487	0	1.64694427652142	0	0	0	-1.71956211608572	-0.722918925971734	-2.39090885385704	0.302569545438469	3.56304136426764	-1.64726850583531	1.74025076377573	1.32888123521817	1.32669838160423	2.15764133722364	1.54366410318632	0.101387791751486
ENSSSCG00000045226	0	0	0	0	2.92123104918559	2.63315255351501	0	0	0	0	10.5700710025053	7.29421143522348	0	0	0	0	0.806164874649714	0.29476182315886
ENSSSCG00000045326	0	0	0	0	0	0	0	2.906461088817	0	4.4379099420362	0	2.66040346947055	0	0	0	0	0	0
ENSSSCG00000045353	0	0	0	0	0	0	0	1.8936298357196	1.78315594091739	1.3824515446466	2.58172123914192	1.90385854198637	-0.482169122318348	-0.336625197905178	0.537489958137179	-1.96539590328357	-9.18958670871001	0.0821631377657193
ENSSSCG00000045401	-1.30088236752292	-1.37265436132518	-0.225578364325147	-2.1568847468152	-0.443431200819389	-1.09072010295463	-0.471664474081499	-2.95375380037016	-1.35298619153799	-7.98797289442822	-3.98579662768143	-0.992010116345428	0	0	1.47151907389432	1.28094758005836	0	0
ENSSSCG00000045406	0	0	3.10497085479884	0	5.83717196549354	3.34417770855737	0	0	0	0	0	0	7.04388814402492	0	0	0	0	0
ENSSSCG00000045465	0	0	0	0	1.64657741201523	2.94706111912194	-0.240227577812118	-0.811125470699577	-3.38426322317424	-3.46189481708944	-0.56749539000568	-0.609629694620069	4.25670405900059	5.06062303876146	3.59965278553524	4.78698224702668	4.22439773655064	0
ENSSSCG00000045502	-0.219723554931744	-2.46270340891105	-2.37858573697377	-2.12545660500919	-2.14748061271854	-1.14075064354724	-1.05384448669767	-0.191551199184245	1.11880836459168	0.220589186309889	2.98524197100674	3.7476940584136	-0.989550409523997	1.04863888722967	1.00810713857918	0.700260572337825	0.341338446203262	0.494450454170805
ENSSSCG00000045508	-0.343974248510821	-0.911941006672817	-2.35648294665255	-1.02425103809388	-1.36633422588745	-0.604256927816178	-1.39864551041138	-1.90916718416305	-2.04950140097394	-3.57892229704132	-3.07680861791779	-1.98332377218805	-0.403469846494544	-0.437593174656334	-0.14071844240864	-0.596254480074375	-0.587446608484477	-0.969670580520821
ENSSSCG00000045580	0	0	0	0	0	0	0	0	0	8.22059844766407	0	0	0	0	0	0	0	0
ENSSSCG00000045657	-2.46437276197466	-1.23200048431176	-1.51314150211457	-1.9389554085753	-1.60693028586776	-1.35851075481448	2.15164028269144	3.70496036491039	4.10992819414471	5.10699188501609	0.870498233304808	1.01209268586539	-1.22682623736201	-1.40397179937566	-0.88125625672135	-2.01760863397965	-2.80711919145533	-1.40908373186345
ENSSSCG00000045681	0	0	0	0	0	0	0	0	0	0	4.63132012022414	0	0	0	0	0	0	0
ENSSSCG00000045703	-0.401972388954387	0.256925148806131	0.849831304581377	0.214060328890619	-7.05264710965175	-4.02507185180354	-2.80674286563924	-1.91756958355563	-3.28812876664154	-3.77179998962887	-2.36655007624022	-4.23998256476682	1.06497634891379	0.290749996313341	1.32669838160423	-0.958078291953142	-0.911516785865801	0
ENSSSCG00000045719	0	2.05523574882679	1.8199722671912	0	0	0	0	0	0	0	7.06424250097891	0	0.20778066046357	1.32554063593291	1.15148226222812	0.356063650081912	1.10882453327326	0.430632468798882
ENSSSCG00000045725	-3.5259823572063	-2.6391858256542	-1.68913313785391	-7.60408317150299	-7.66185736330371	-3.1642499199351	0	0.755050235650852	1.46919096412332	0	0	0	-1.20911524177548	-1.1251050612718	-0.395645704618175	-2.72203094648603	-1.93702774025321	0.274140935741557
ENSSSCG00000045748	0	0	0	0	0	0	0	0	0	0	0	0	3.93524652554477	2.53769364469552	2.93222339106379	4.88855610065067	1.64759881250772	2.53745099836291
ENSSSCG00000045759	0.457761857274074	2.57777446649422	3.49795496421847	0.360941631201604	2.54687653829578	0.297888132239356	1.01104448548021	0.849384841142689	0	0.398451839527176	-0.21400061444827	-0.391290974093798	-0.245815716819676	0.290749996313341	-0.03289179016988	-0.233335293708928	-1.69828276667588	0
ENSSSCG00000045769	-0.46667129060924	0.670904865766376	1.75568419400012	1.57256116362236	1.93506334342311	1.0773413989342	3.07021164254309	3.08798947880011	2.87576479603066	3.69059203690858	3.13529231981879	1.97678613408586	-0.220174515967951	-2.24066833161728	-2.34416799741803	-0.953954827569513	-1.85309290016154	0.413900797185418
ENSSSCG00000045878	0	0	0	0	0	0	0	0	0	0	5.9978761076039	5.73960559227639	0	0	0	0	0	0
ENSSSCG00000045883	0	0	0	0	0	0	0	0	0	0	5.94376980260065	3.45785005093629	0	0	0	0	0	0
ENSSSCG00000046097	0	0	0	0	0	0	-3.1122748322252	-8.23960280383388	-2.80420026784559	-2.88534504791217	-0.0874172185070482	1.60028550534178	-0.233478275857812	0.494780987293456	1.29054459475146	2.38709160841854	-0.186393312392721	-0.827563615235989
ENSSSCG00000046102	-0.875397801351352	4.36198369000615	4.29104838054178	2.09324656185594	-1.06678081481419	0.0895279617856787	0.657294157903378	0.481770516330488	0.958693012837926	1.28524112352899	1.14332829397495	-0.0430782461787108	0.354120831580488	-0.579860293573348	0.425836839141558	-0.361255147036186	-1.24807892545382	-0.607259044959773
ENSSSCG00000046140	0	0	0	0	0	0	7.45356563335646	7.46850526421045	7.86768959144121	6.89938613400601	6.25329422265139	0	0	0	0	0	0	0
ENSSSCG00000046162	0	0	0.638301143633888	0	0	0.475816364535463	-4.56867284517357	-5.52111683278636	-9.56068329816059	-5.30419934242594	-4.63531776401968	-4.81227455086884	0.089867145684201	0.0158599833301734	-0.668323532459315	-0.0980018605650931	-1.98517524007529	-0.63952991527938
ENSSSCG00000046234	0.096366841176828	-0.314499864448634	-2.9886254588931	3.99160014340735	1.2317202560075	-0.179839054624199	0.695063166127296	0	0	3.94021747901199	0	0	-1.90155449219413	-3.01219374294642	-2.13792790971754	0.923981952269062	-2.06130327076055	-0.825453253642877
ENSSSCG00000046251	-0.384356014853857	-0.606423427642084	-0.0346327330446103	-0.584788399460446	-1.11388379668584	0.175632748295993	0	0	0	0	0	0	-7.38726511398482	-0.976052658037718	-1.01257990324907	-0.0980018605650931	-1.26112898485004	0.297223861949765
ENSSSCG00000046265	0	0	0	0	7.14491369598617	0	0	0	0	0	0	0	0	0	0	0	0	0
ENSSSCG00000046312	0	0	0	3.45210034955191	4.76086772087139	0	0	0	0	8.67871042772155	0	0	-1.66450504778569	-0.82146343662894	0.773935120652345	-2.05219240358299	0.387181436326427	-1.5780907342869
ENSSSCG00000046327	-0.964914355379291	-0.36561374912183	-1.19307930327225	-1.35488392838996	0.342611027940904	-0.903183057611234	-4.83938827667172	-3.17713978698382	-3.54482488849119	-4.61151055071013	-3.54877252790952	-1.7382393988583	2.55285140922515	2.85613212610374	2.29999427446346	1.77695575230402	2.18736584880921	0.744303881833919
ENSSSCG00000046385	0	0	0	0	0	0	0	0	0	0	7.31046687725849	0	0	0	0	0	0	0
ENSSSCG00000046471	1.1264662980099	3.01263050216437	6.42098255545789	4.225519345794	4.3419983097171	1.1973330664082	1.24655735648153	1.91157784887336	2.75780602249689	4.00334116723566	0.931721482503157	3.05936985336433	0.88581332585502	-0.909136081919048	-0.327097787973609	0.502155363305795	2.18698431315524	-0.022933642197928
ENSSSCG00000046515	0	0	0	0	0	0	2.45602097404822	1.95208357672951	3.08408122360521	4.11070624531148	2.65113876104113	0	0	0	0	0	0	0
ENSSSCG00000046518	4.96369317162707	0	0	4.79754593561831	0	0	0	0	0	0	0	0	0	0	2.85704088489152	0	0	0
ENSSSCG00000046533	0.996683408287721	-1.69601021246367	-1.72476225044655	-0.263628312693948	-0.208165665659928	-0.699640369426403	2.7308031459229	0	1.57823467456358	3.93653873059994	0	3.01520095323378	1.61764610348765	1.24138575860551	1.0286883020113	2.07618604860205	0.166357553533858	1.59278366423285
ENSSSCG00000046535	0	0	0	0	7.22680941613152	0	0	0	0	0	0	0	0	0	0	0	0	0
ENSSSCG00000046543	0	0	0	0	7.51456381123589	0	0	0	0	0	0	0	0	0	0	0	0	0
ENSSSCG00000046603	-1.59788623976415	0.55344834954625	0.566303495928265	-1.31392206604589	-1.2599443914735	-1.6959712107276	-8.09148285348345	-8.08812996520215	-3.61662638274839	-3.69659261483335	-1.05935052502662	-4.15998044776012	-3.73236542520441	-0.864661461983075	-2.42376186341655	-0.489813456557862	1.51000677208713	-0.828191038073751
ENSSSCG00000046625	0	0	0	0	4.07626322472688	0	0	0	0	0	0	0	7.65307542984497	0	0	0	0	0
ENSSSCG00000046640	-0.264972852178713	0.537878975068101	1.61748410157531	4.35047281993031	2.75700566183044	0.426755940252863	-1.50064319392128	-0.922412278294615	-0.0441155979896379	4.52712884342583	5.33012416551432	1.57332208389752	0.286950779579599	0.0615901150067107	0.0959093483181325	0.474822281346593	2.74618688659887	0.349980745855236
ENSSSCG00000046646	0	0	0	0	0	0	0	0	0	0	0	4.66006170353192	0	0	0	0	0	0
ENSSSCG00000046762	0	0	0	0	0	0	2.79354266066311	3.18445347925916	3.09629663702718	5.28393965042878	0	0	0	0	0	0	0	0
ENSSSCG00000046815	-0.800641523639616	-1.28029654515182	-0.257528475932731	-0.683409749275598	-0.226868510399142	0.2362347845695	0	0	0	0	3.72149960573463	5.30142595800474	0	0.0738158807816614	0	0	0	0
ENSSSCG00000046827	0	0	0	0	0	0	0	0	0	0	0	0	0	0	0	7.28275833649834	0	0
ENSSSCG00000046870	0	0	0	0	0	0	0	0	0	0	0	0	-0.899013747966626	-1.13258442704617	-1.04487895558349	-0.794128136575454	-7.8494285017317	-2.11539890711652
ENSSSCG00000046899	0	0	7.27601827633074	0	0	0	0	0	0	0	0	0	0	0	0	0	0	0
ENSSSCG00000046939	0	7.82588008830447	0	0	0	0	0	0	0	0	0	0	0	0	0	0	0	0
ENSSSCG00000046947	-0.447258343397467	-1.79707498965413	-1.71882239066162	-5.659008326653	-1.64858921600714	-1.66189256210978	-0.216487854510475	0.0192802990043131	0.593654154986827	-1.13758670454682	0.71307271173766	3.15694346169136	-0.948910014367114	-0.0961281162743785	-0.687214034928176	-1.87418456768862	-0.974623585738288	-0.671040033157184
ENSSSCG00000047041	0	0	0	0	7.22680941613152	0	0	0	0	0	0	0	0	0	0	0	0	0
ENSSSCG00000047073	-0.942179518916798	-2.00350874185678	-1.52408104586177	-2.79349387622667	-1.35764523332687	0.343291382448605	-3.5181304336629	-1.27622620825711	-3.09876933360009	-4.48057773613562	-1.35106753645263	-2.90298304649422	-0.931453568560859	0.144252642290313	-0.568662076169617	-1.08633337173632	1.57862260117829	-1.01163273943513
ENSSSCG00000047083	0.030852540608881	-0.158926173672967	1.65853904070854	2.60655833749652	2.8917324114921	0.530500022706967	3.33570170578132	2.00346714297219	1.75296001322765	2.65544849657439	0.96017388607543	0.314323268631193	0.404281633802477	-0.942734983213368	-0.876547063479348	-0.980515115660402	-0.398853912329771	0.812202459052363
ENSSSCG00000047092	0	0	0	0	0	0	0.813006689173563	1.52463719481919	0	0	0	0	-7.8702276673149	-3.41154018563851	-4.79349824112908	-3.8218170309083	-3.99032598614079	-0.0751654885409735
ENSSSCG00000047115	0	0	0	0	0	0	0	0	0	0	9.26522170411148	0	0	0	0	0	0	0
ENSSSCG00000047133	-0.896294683579458	-1.37865711373871	-1.21697339847471	0.0228593527347657	0.261584189439474	-0.596834302003625	0.468136493577538	-0.703974619063498	0.686233362447271	0	4.98309823884833	1.46405269054444	0	0	0	0	0.995936543558437	0
ENSSSCG00000047137	-0.207156855627206	3.9265078463984	1.16447533448547	-1.63872830359958	-0.20033081539095	0.0873158766210138	0	0	0	0	0	0	-0.196851262610271	1.66848146911497	1.17924181289828	1.33999099281663	-1.59639301477972	0.384843560795969
ENSSSCG00000047156	0	0	0	0	0	0	0	7.10323655870425	0	8.3494668511095	7.06424250097891	0	0	0	0	0	0	0
ENSSSCG00000047187	0	0	0	0	0	0	0	7.79963496786297	7.18018115574233	9.66048116522205	0	0	0	0	0	0	0	0
ENSSSCG00000047189	0	0	0	3.03982562448559	0	0	-7.31764838442857	-2.5813386259237	-7.17971478919605	-7.21441869110356	-1.68261461661212	-1.13519245614042	1.59149712785665	0.568037303822473	1.51492393199607	-0.129966008790745	-2.775234850692	0.207764217456133
ENSSSCG00000047210	-0.156068890654409	-1.74618790724635	-1.75202394877542	0.389240595594001	0.225343250464466	-0.057022259796843	2.28954476026868	1.9630776929563	2.79232934211145	3.18584336103213	-0.862792228335303	0.648995755277955	-1.76102057130431	0.928011779691457	0.190472761360744	-1.78929147405665	-0.74751729477428	1.04423424584856
ENSSSCG00000047232	-0.889691901734118	-1.53180638813048	0	0	0	1.11157617960638	-3.1326878585859	-2.49478394409919	-2.67141717660844	-5.01510705140473	-1.38357174994552	-2.23750057155398	-1.31457424754041	-0.261741187163576	-0.626761773630006	0.72164744246551	-1.27924441102552	0.966220745407961
ENSSSCG00000047236	0	0	2.52749735802953	1.71110289190307	4.41021565322589	1.53285822832358	0	1.57380180863947	1.68433064564617	3.07398458313236	2.70329874470191	2.56399575749689	0	0	0	0	0	0
ENSSSCG00000047263	0	1.69357332168545	2.54052483735224	0	2.6979641271865	0	-0.163435312949731	-1.80023406766338	-3.03457167861525	-2.15178639423189	-7.54121463152626	-2.05163622239798	1.15528021247496	0.523372275725664	0	1.16775261596915	0	0
ENSSSCG00000047280	0	0	0	0	8.0526645240987	0	0	0	0	0	0	0	0	0	0	0	0	0
ENSSSCG00000047372	0	0	0	0	0	0	0	0	0	0	0	0	0	0	7.6305318300273	0	0	0
ENSSSCG00000047438	-0.38638034153174	1.09603966449278	2.62226589281275	1.31104128804858	3.54631021662082	1.60898629809757	-0.535461455875692	0.0540852309903361	-2.08007212474026	-0.953814578494766	-0.363062995931445	-0.992010116345428	0.400331986028308	0.939931820732501	0.12035394136656	1.54530713932679	0.722826065390225	-0.820571801382571
ENSSSCG00000047459	0	0	0	0	0	0	11.9347616554536	10.2737804322636	10.0195864165932	10.9912498203886	0	0	0	0	0	0	0	0
ENSSSCG00000047476	-2.18034766249439	-2.80800859156313	-1.69065452252317	2.63778785133933	1.26628461929628	-0.998329680093186	0	0	0	0	0	0	-1.58041361771002	2.30963153580371	0.996583194055301	-1.56786042902515	-8.43230433186906	-1.13303332285657
ENSSSCG00000047517	0	0	0	0	0	0	0	0	0	0	8.7292506523736	0	0	0	0	0	0	0
ENSSSCG00000047543	0.80029721557065	0	0	-1.22018137449868	-0.194122506385083	0	7.18630565229351	7.10323655870425	0	7.2254268213961	0	0	0	0	0	0	0	0
ENSSSCG00000047552	0	0	0	7.2090869370494	0	0	0	0	0	9.05136564533452	0	0	0	0	0	0	0	0
ENSSSCG00000047560	-0.657095130510507	-2.08621325536257	-1.66790902577123	-1.64007012389233	-0.456443960844955	-0.23912991962865	-0.623138543844123	-2.79153694103607	-1.02323513431033	-3.8480273258536	-4.1372823439859	1.13998764482877	-1.14703390099376	-3.33294806701668	-1.28108211711602	-1.22125575879391	-0.938152609091392	-0.826436711561809
ENSSSCG00000047565	0	0	0	0	0	0	0	0	0	0	7.5207310731676	0	0	0	0	0	0	0
ENSSSCG00000047706	-0.873589936396803	0.152000902940134	0.416308455039225	-0.452444958038442	-0.752298509053595	-0.626584824646179	-2.11702907626328	-2.10999193077739	-0.827854239530974	0.0809118175495733	-7.27972847064155	-0.147898372125167	-0.784089597070371	-0.50722045849273	-0.831307500368458	-1.09039489422949	0.663509405553477	-1.0154055661603
ENSSSCG00000047716	0	0	0	0	0	0	-0.407116494544629	0.758263395443265	-0.506705810357349	0.811095552222212	0	0	-4.5273232806959	-1.36178510828476	-4.5721156279892	-3.60045655061634	-7.7344724807208	2.52540281129334
ENSSSCG00000047720	0.948340775764422	2.13301121358236	3.29471425130002	3.42230116387133	2.79109594252927	-0.102442610421524	1.06190057066546	-0.243355714531516	-0.207408794848447	0.478966589213612	1.15459581062429	-0.33181787010802	0.210338952874227	-0.873097080386512	-2.0682909345721	-0.457201114857609	-0.452270524000785	-1.15308290168471
ENSSSCG00000047932	2.36557905567167	-1.20978802311292	-2.60338728535016	1.67953016340125	-0.0855746074354907	-0.899528060937056	1.5490605853922	0.915278476990241	0.102327682523856	2.07133186806029	4.89634468607066	3.1628696293723	3.33050123985906	-0.177467639303909	-0.628559424597071	0.0790208050842631	0.726358064855113	0.403060182579502
ENSSSCG00000047946	0	0	0	0	0	0	0	0.755050235650852	0	0	0	0	0	0	7.6847099441958	6.96314463638226	0	0
ENSSSCG00000047955	0	5.06786471345713	3.273732775863	0	0	0	0	0	0	0	0	0	0	0	0	0	0	0
ENSSSCG00000047974	1.57460634960815	-4.67145448300033	1.25633792926811	-2.2940917346248	-7.81866148352541	-3.87652788558064	0	0	2.29746644054644	0	2.91710594480771	0.916008897335998	2.95127486863987	0	3.27540346703884	0	0	0.83834831555783
ENSSSCG00000047976	2.16475910379772	-0.113030187643746	-0.46332739499915	-8.68108807580644	-1.87202761807875	-0.0263725151376637	-2.37848047423449	-2.77285018129559	-1.08914677642238	-7.40584895176819	-3.40341823320216	-2.05163622239798	1.13386066974369	1.86905282267321	0.69429850286559	1.7139407170994	-1.44340570205979	-0.956651655959559
ENSSSCG00000048002	0	0	0	0	1.98255899065238	0.475816364535463	-2.25366935651273	-3.20612945707609	-3.84013612573189	-2.98971097397673	-7.41638770312641	-1.35190341850271	0	0	0	0	0	0
ENSSSCG00000048033	0	0	0	0	0	0	12.7825947689757	10.4335990495496	11.5991638175294	11.8234822917671	10.3764356713774	0	0.657328253611764	0.63760823114414	0	0	0	0
ENSSSCG00000048042	0	0	0	0	2.26699931978583	0	7.73952572007124	9.32377728815644	7.85451782532352	8.64562543695481	0	0	0	0	0	0	0	-0.0227553780941178
ENSSSCG00000048076	3.18626337513602	0	3.74505525655245	3.13224483117229	0	0	-3.80555740216435	-3.39713141696622	-2.52331167169761	-2.19621393323014	-4.42920843005357	-3.07766335313192	-5.17270101345719	-1.93085083912436	-2.39140690482643	-3.22768646126015	-6.2396838791493	-0.77866544716185
ENSSSCG00000048106	0	0	0	0	0	0	-0.737374114594778	-2.83670404319252	-6.87719971235094	-6.91184805313995	-7.04690072620707	-0.696451461916214	0	0.93437176262448	0	0.8899758847289	0	0
ENSSSCG00000048151	0	0	0	0	0	0	7.26821739614595	10.7009028159265	9.69131917698818	8.22059844766407	0	0	0	0	0	0	0	0
ENSSSCG00000048195	0	0	0	0	0	0	-3.65072112893773	-8.3766723377285	-4.8353774744662	-3.98506564282273	-8.41215881944114	-4.4486026124502	0	0	0	0	0	0
ENSSSCG00000048240	0.304077534581919	0.281939248182852	0.0951817927634772	-0.710584035387382	-1.21901537912852	-0.226926127655895	-1.73706795346357	-2.10649226030098	-0.841709269983927	-1.8837325640134	-4.46887567851345	-0.906627762343267	-3.65373568252434	-0.473160440118524	0.299985210951665	-1.67559146037614	-1.39257159320712	0.0357626252344992
ENSSSCG00000048264	1.29331816288691	0.957811955431939	-1.72359417660961	-1.95670492921097	-3.95426721256518	0.218516575526211	1.2763746070453	1.24798704750847	0.987378084587657	1.0080286867839	1.68314098000713	1.89929388715195	-0.750360184403281	-0.189574004294984	-1.61852646919257	-0.928805516961273	-0.271230912686318	2.22231029915922
ENSSSCG00000048301	0	0	0	0	0	0	0	0	0	0	0	0	-4.32613236290178	-3.2728555926411	-4.92757572751575	-4.86923582022198	-3.10892079566303	-1.78598578087961
ENSSSCG00000048318	1.32164839216271	1.47584060520146	1.54904633217548	0.737194904831465	0.991163333585991	0.841087924262014	1.03926811219528	1.3951381907185	2.05689572890141	1.67119408487036	3.7846251776811	1.60848104433858	2.44669955077896	0.666599188404135	3.69864569341326	3.34664172839599	2.59552264709481	-0.0230121559477129
ENSSSCG00000048391	1.26267984648515	1.19454515832167	1.18665199259076	3.36104740209066	2.23504423230241	0.377631549601466	-1.56720086313988	-0.221427450248785	-0.719872491439954	0.746295257340067	-0.70899064638316	-0.283269280429441	-0.294771470331901	-0.88743174288431	-0.473989213307382	-1.13430856528814	-1.96894742875119	0.557316705253789
ENSSSCG00000048402	0.846725352697	0.480419965590076	-0.349844556084561	-0.965429097335938	-2.83391503123965	-1.09072010295463	-0.787268847221857	-1.39710367211977	-1.46801553499403	-1.54988519964556	-1.36553565139057	0.193774381946606	-2.61419119985101	-2.52119721638431	-2.47598690760295	-2.93434371519205	-3.92435580342925	-1.4102834563392
ENSSSCG00000048405	0.135024708730602	-0.859314304279209	-1.31385380015343	-8.11089064176883	-1.30176296414926	-0.555409263556554	-1.37977128574786	-1.34294039662345	-2.0052927065224	-1.97697991218273	-1.27783816527133	0.914300733106802	0.48985392222345	-0.44476910589543	-0.973160653875808	-1.19982870083119	-1.61794048241279	-0.892749415006186
ENSSSCG00000048443	3.14522247089098	4.09210422101717	4.45351919030218	5.06138603212263	2.66962440099263	2.23394794040534	2.2237841241017	0.784425264036238	2.02903195504997	0.906053618356101	-1.19274484958395	-0.599530535875018	0.409642448453951	-0.0765970687190452	1.64135594560767	0.0707897057773036	1.36504075182936	1.29228760632196
ENSSSCG00000048484	-5.02854090693149	-6.08627699131091	-4.93859361655546	-0.348885820361617	-6.99001232266582	-11.7773709014529	-3.74285228484772	-2.9461569080547	-4.3984543673477	-2.94349098062532	1.82100536636343	-3.00892971398437	-6.11566814842679	0.782291489858194	-3.55782529488559	-3.55640740737593	-3.92136458334494	4.95142500408797
ENSSSCG00000048545	-1.34925709790871	-3.35671926350672	1.87141259025508	-3.1714634678514	0.759337775287404	0.564242933491468	0.93726604921068	0	0	0	0	0	1.9204137456684	-8.4903944467088	1.24944600178521	1.04943452588021	-0.0450461629685712	0.640213099445451
ENSSSCG00000048573	0	0	7.10725635526659	0	0	0	0	0	0	0	0	0	0	0	0	0	0	0
ENSSSCG00000048684	-1.06817773167638	-1.34469704087742	-3.23432264157814	-9.79265454727955	-9.85065711982522	-3.80880056290024	0	0	3.20239260810977	0	0	0	-2.27375945880193	-1.41395540847549	-1.12483351961497	-5.50204200073653	-5.67081583189226	-1.38241197113476
ENSSSCG00000048696	2.16499013447139	2.39099711847113	0	0	2.04666536537019	0	1.94129464625621	0.906878841823952	0	0	0	0	6.86477294126254	0	0	8.12663157368572	0	0
ENSSSCG00000048746	0	0	0	0	4.39921872156844	0	0	0	0	0	0	0	0	0	0	0	0	0
ENSSSCG00000048861	0.616424466305744	-2.88884309923934	-2.15176215633217	-8.42397784227714	-2.82089667339308	-1.37266511684994	-1.10680541358704	-1.45698696193128	0.0262920943520361	-1.45472307093082	-0.887821808488319	1.65011635281049	-0.214200034856784	-2.20903333951493	-4.34833091354651	-1.13356859576602	-1.44467949676594	-1.4201113784934
ENSSSCG00000048877	-1.13540190548031	-1.49355440853718	-0.509878800363586	-1.47153134894956	-0.603769529239033	-0.989530127291141	-7.44810630052293	-2.31038418902013	-0.44935590589543	-2.09075568486507	-0.712982994746733	-0.138208552366026	0.886547292848549	0.512359215138502	0.314224969172769	-0.0588841947663644	-0.978665362245582	-0.384093246919832
ENSSSCG00000048899	-0.871947830813047	-0.476898961768843	-1.39141058992501	-1.06034625222945	-2.24384947876941	-0.685937439045291	-1.80336056062381	-1.53878634417601	-3.70358245159188	-0.330915720088672	-7.27972847064155	-1.57198447103307	-1.43901631278082	0.132748185362495	-0.566122556695766	0.62958102763221	-0.62829586545197	-1.16542091758714
ENSSSCG00000048959	-9.64062386159414	-9.67621380934414	-9.59769207104579	-5.39163079532497	-5.5106343129475	-9.74063387697169	-8.5348637383289	-8.5315075817982	-8.39640971156394	-8.43124929241578	-3.47077897111551	-2.21698280132198	0	0	0	0	1.69031961301248	0
ENSSSCG00000048984	0	0	0	0	8.47753863950571	0	0	0	0	0	0	0	0	0	0	0	0	0
ENSSSCG00000048993	0	0	0	0	0	0	0	0	0	0	0	0	7.53819538264683	0	7.103249225948	0	7.73490590336954	0
ENSSSCG00000049017	0	0	0	0	0	7.86249690192616	0	0	0	0	1.08852828889214	0	0	0	0	0	0	0
ENSSSCG00000049034	0	0	0	0	0	2.63315255351501	3.6289203387797	2.62781969307659	3.52286484320632	1.97745861601231	-1.10206789068082	-1.06114782184417	0	0	0	0	0	0
ENSSSCG00000049044	0.645271566588378	-0.0164188606598765	1.12506329130302	-0.388953671940721	1.16999004550335	-0.998351242706974	8.00143457978512	7.85384291123488	7.2726686920741	0	8.26756438014164	7.55571306913392	1.90415737075691	2.14132774869448	1.97028619780633	2.9151952250007	1.69566084335761	1.10808417470608
ENSSSCG00000049100	-2.10991940091469	0.246316476559774	-0.355190280731598	-0.456087401652379	-0.601256766274084	-0.452920459270563	0	0	0	0	0	0	-3.88446140304535	-7.99248243061081	-7.94541898945807	-7.91412408050784	-8.00632251421961	-0.875859965029813
ENSSSCG00000049181	0	0	3.424804729419	0	4.39921872156844	0	0	0	0	0	3.02521207663945	0	0	0	0	0	0	0
ENSSSCG00000049182	-4.2820529819252	-2.82489195290973	-2.663564315509	-8.36003842559701	-1.77127735923031	-1.38616634148813	0	2.35175271856901	3.08825905247567	2.34939547428792	0	0	0	0	0	0	0	0
ENSSSCG00000049192	-0.786114933988831	-1.46993886131484	-0.903939313656476	-1.4589056360955	0.584152414580953	0.300329668109471	3.31168941834538	3.30863899691993	3.05933144499751	3.27457846075003	1.68188062862282	1.69893622904619	0.172125850057472	0.767034784656764	0.742433222295035	0.566419504058676	0.524700796527703	-0.260429950830157
ENSSSCG00000049217	0.862673208539243	1.59190937064118	0.951843284269771	1.97275392406759	4.21484309655569	0.779697673758419	1.72466342876405	0	0	0	2.06977413321066	2.06206094086971	0.989956803270756	1.23965458168589	0	1.0023970990793	1.12776327441754	0
ENSSSCG00000049234	-0.294312153534672	-0.665135610789089	-0.617483980724876	-0.0889298310394333	-0.490223142446127	-0.209320681322838	3.73074118826259	6.09961455969571	5.47401585043221	4.51784118011987	5.30201989316911	4.74986430813769	0.779774541679958	0.831024168033047	0.957504594383938	-0.901642058677826	-0.0796729304094356	0.678650423376777
ENSSSCG00000049239	-0.425634042529211	-0.796973519130455	-1.21696719494771	0.565627890178052	-0.925687933557285	-0.851994345635501	2.89240934860593	3.66837815640395	3.84569811677239	1.42532015955918	0.352722737389196	-0.456641585665312	0.601356269221125	0.545216070702912	0.391764003481664	0.202776028532013	0.567321326783134	0.135471500524866
ENSSSCG00000049333	0	1.69357332168545	3.4299190778726	0	4.17891772889688	1.6747500101012	0	0	0	0	0	1.80106625810903	0	0	3.01467334184737	3.65625356988204	0	0
ENSSSCG00000049364	0	0	0	0	0	0	-4.18016757508807	-3.85942386779727	-3.87184147059279	-4.91573411630094	-0.70102624338807	-2.28908626511781	0	0	0	0	0	0
ENSSSCG00000049444	-1.77552553299996	-1.39825109837231	-0.21160636490084	-1.8828187114976	-2.36938536998023	-0.121167731637975	-1.29285002144625	3.974410956055	3.25011593104846	1.11174643636876	0	-0.418540325618577	-0.110476445208815	0.33597588579664	0.313304196373594	-7.22971862088727	-2.40304860041314	0.448239545712002
ENSSSCG00000049462	-1.34925709790871	-1.42128844587695	-7.37746249700837	-3.1714634678514	-0.364056126535702	-3.47987734253005	0.306494483619363	0	0	0	0	0.406275744604357	-0.68911078262029	-1.54770584367332	-2.03019217895572	-1.65831632688172	-0.474783685698523	-1.10871574516462
ENSSSCG00000049557	0	0	0	0	0	0	-4.05305791830913	-2.86003252406851	-4.37277068376861	-10.8575258551777	-10.9935877566176	-6.0743781559624	0	0	0	0	0	0
ENSSSCG00000049579	0.620295759858452	0	0	0	0	0	-2.02857096402634	-7.72707382655596	-4.18602192885639	-7.62702553203128	-3.62470374714936	-1.54814931974214	0.733303244641229	-1.10011796965883	-0.888473943221871	-3.33886562330206	-0.344379913566855	-2.30914198203583
ENSSSCG00000049585	0	0	8.3491132960005	0	0	0	0	0	0	0	0	0	1.04753692060532	1.64584580456153	1.15148226222812	1.41142438588411	0	0
ENSSSCG00000049711	1.21292833630928	2.04415595741666	2.86276222639828	2.59954472693045	1.75095044888029	0.136529206603147	0	0	0	0	0	0	8.30756306469373	0	0	7.13178432134791	0	0
ENSSSCG00000049801	0.399207202055948	0.975886320281947	2.3388561336035	2.4938626674407	4.46267212848918	0.663698957304123	0	0	1.20315875824365	1.49694184204033	2.35311725858299	0	0.821357674147367	-0.0698507218302701	0.600539520107631	1.41748793360035	1.24415099175893	0.405689190101962
ENSSSCG00000049854	-2.83680410891573	-1.16790991116722	-4.02094390004435	-3.99361267434441	-8.24444323134201	-1.47361758592617	0	0	0	0	0	0	0	0	0	0	0	0
ENSSSCG00000049915	0	0	0	0	7.51456381123589	0	0	0	0	0	0	0	0	0	0	0	0	0
ENSSSCG00000049971	-0.234606330962274	0.327971253757302	0.557585742231856	-7.98936050773214	-0.468852196320539	-1.09721261901866	-0.896664088463043	-0.258778549642347	-2.69982818751473	-2.77967071338319	-7.20621646366621	0.429734093943424	0.199927252846205	-0.246026401546128	-0.0623053042975765	0.130348945767801	-0.271416610850073	-1.17282129283294
ENSSSCG00000050073	-1.27471063637274	-3.62248161540005	-8.19964613285431	-2.2437304801866	-2.84080400283814	-1.5722717351731	3.28649718963685	4.02797485493723	3.1618663353299	6.50046498645541	4.07723555534924	2.6139441605686	-0.988637328434612	-0.919021207002796	-3.65870543695608	-0.870200697004054	-3.21505433604268	-0.28444873582682
ENSSSCG00000050121	-0.479222074222688	-1.70760059459236	-0.0474923460287445	-0.914224931672649	-1.40916337305112	-0.492876813224039	-0.480793396865216	-2.00679661600196	-1.39504919079958	-1.47730048315818	-4.12569972355691	-0.727870232883427	0.127016768921663	-0.641550694705937	0.0868127357532297	-0.504601710909	0.238381474977523	-0.0230225820953478
ENSSSCG00000050135	0	0	0	0	0	0	1.95654500382422	3.75541008525288	3.5416516053837	3.87435079481252	0	0	0	0	0	0	0	0
ENSSSCG00000050177	0	0	0	0	4.56868772461901	0	0	0	0	0	0	0	0	0	0	0	8.36636806585581	0
ENSSSCG00000050204	-2.03895237477631	-2.68715288107274	-4.88529987413218	-4.99326035636581	-3.05798038221974	-1.04953620406836	-2.36203949132495	-1.71969015550811	-2.63181566918154	-1.98047087834814	1.60068042933166	-0.942170959548526	-1.52048271420717	-0.695063076347319	-1.63776558127228	-1.44119200455422	-3.05839510867751	-0.920648657583432
ENSSSCG00000050205	1.23712776579068	0	1.75744037379338	0	0.501917805799538	1.41543456548199	-1.17648280152238	-2.91854490623735	-2.62243612695704	-1.42523457696385	-7.12875661820065	-1.42095103557312	1.00062466997109	0.688908348070263	1.31809991822279	0.0709625782404405	0.462516938252793	0.848119843641726
ENSSSCG00000050229	0	0	0	0	0	0	0	0	0	0	0	5.46338522219788	0	0	0	0	0	0
ENSSSCG00000050281	0	0	0	0	0	0	0	6.35955747634395	0	0	0	0	0	0	0	0	0	0
ENSSSCG00000050351	1.83468475806279	6.09284966858306	7.84271860388143	0.213726659121326	0.529438933728912	0.478408933967676	1.73114130295236	1.41905843060265	3.29657880442058	0	0	2.100098261777	0	0	0	0	1.69031961301248	0
ENSSSCG00000050380	3.01754005946885	0	0	0	0	0	-3.7486215100824	-3.90911424829735	-3.60549168987464	-9.92236596351599	-4.64866985333767	-0.89687081768206	0	0	0	0	0	0
ENSSSCG00000050458	-1.2898318080924	-2.75556004757788	-3.30993556660786	-1.7864263026303	-2.30694941993952	-0.787361289753227	-1.91854921123023	0.0558893021011313	0.493707168821983	2.06270930193153	4.24158937304939	5.46239499906804	-1.44994532799459	0.507929684790112	0.00763879938729382	0.214414402304791	0.469314727775793	0.35683932885884
ENSSSCG00000050502	0	0	0	0	0	0	0	0	0	0	0	7.67060032500212	0	0	0	0	0	0
ENSSSCG00000050531	1.28182854089838	-0.606423427642084	0.95839158331735	0.79474287808153	3.43344606829948	0.784830313943457	-3.86017269501783	-2.54783765197766	-4.12298007384984	-2.06398231324406	-1.67682689593706	-0.695246612987803	0	-2.01804831499497	-2.88613632424373	-1.08460239817111	3.01839468023231	1.33184871327331
ENSSSCG00000050609	-2.19792325078705	-7.63906072872508	-1.27554876008136	-1.09743482953603	1.0302559469558	-0.93321287646453	0	0	0	0	0	0	0	0	0	0	0	0
ENSSSCG00000050701	0	0	0	0	0	0	0	0	0	0	0	0	0	0	0	8.20436237797456	6.79012250602561	0
ENSSSCG00000050749	0	0	0	0	0	0	0	0	0	0	0	0	0	7.93205458488374	7.6305318300273	0	0	0
ENSSSCG00000050750	0	0	0	0	0	0	0.187987267738413	1.08977468473636	1.66121100014057	1.87256948068449	-3.80701685632606	-2.19921549882133	0	0	0	0	0	0
ENSSSCG00000050759	0	0	0	0	0.763388441010236	0.272469814160854	0	0	0	0	3.47614630134361	1.08352874768736	2.37086199330111	0.536760815078211	0.767726620470543	1.01891873165352	3.22057318037872	1.03279992266451
ENSSSCG00000050765	0	0.54834378559309	0	0.843559666179106	0	0	0	7.42306458578438	0	0	0	0	0	0	0	1.14545738268588	0	0
ENSSSCG00000050773	-1.4604877588851	-1.93246170158093	0.683897952142469	-1.34426114109403	-0.675372152385336	-1.08667333402378	0	0	0	8.12781143808028	0	0	0.326821001330771	-2.97147802517654	-0.263256277338772	0.339353096817051	-1.73069641108343	-0.820571801382571
ENSSSCG00000050793	0.782890658324494	0.648240297456986	0.551676925623752	6.80369618491017	6.47221459567743	1.5745907047819	1.58113490844482	2.22193732432546	2.87581287037921	9.54954589301282	1.74723019604215	0.34704593263534	0.210292921242244	-0.153665875671609	0.326072349726167	6.25783402903045	6.42724762814112	-0.680205747029556
ENSSSCG00000050854	0	0	0	0	8.98081639925237	0	2.90543208228126	2.52700100505868	0	1.6388138662782	0	0	0	2.59260204123506	0	0	3.04965302077995	0
ENSSSCG00000050988	-2.25422146050814	-4.51463343441548	-3.43843292282021	-7.60408317150299	-3.52990908823681	-0.711756829998971	0	0	0	0	0	0	1.94448609627712	0	2.05713733541645	0	0	1.85187362730915
ENSSSCG00000051026	-0.954879341096819	-2.98353600268919	-1.44316343211255	-1.09743482953603	-7.60555876793952	-1.73068758867818	-0.751063291859434	-2.63544915676107	-2.33202014984141	-8.64884275848158	-3.68842513703356	1.48260352723482	-2.99097881666607	-5.46978532143529	-5.1644470523235	-4.91545242458599	-3.51933901611588	-0.469625577908634
ENSSSCG00000051034	0.646451091224732	0.596507648543435	3.04726013947464	0.595198847139462	0.0241601416519381	0.327842279697264	1.77767969339119	-0.580134381494515	1.59961717972535	-2.62046777354508	-7.04690072620707	-2.12707776787288	0.75127754340912	-0.988488440244032	0.0635104886747395	-1.17801854622658	-1.11792225916524	-1.86445893091745
ENSSSCG00000051117	0.52516430346329	-1.89278017108815	-0.525110262597572	-2.27520233623106	-0.839253941571757	-0.0414312863884176	7.68091328039548	0	0	0	0	0	0.7236306160282	-0.115512345034647	-0.420440883096695	0.181004884886794	0.0897524834790785	0.284320786266298
ENSSSCG00000051171	0	0	0	0	4.73396151745237	0	0	0	0	0	0	0	0	0	0	0	0	0
ENSSSCG00000051187	0	0	0	0	0	1.8657417878775	-8.72702251237206	-3.5892890582073	-8.5885194935774	-8.62337184874497	0.104702359969933	-3.05178830462368	0	0	0	0	1.28845960901343	0
ENSSSCG00000051213	2.14881622499596	0	3.898206319431	2.49822814913076	4.97931078172244	0	5.74000782565701	0	4.63622121854438	5.18946959206694	0	0	7.27671246355353	0	6.93463520470161	0	0	0
ENSSSCG00000051266	-0.41827934637789	-0.521800594104282	-0.776794865197706	-3.85185589103987	-2.92248726350102	-1.44498354068096	-0.420876020592767	-0.997032104116397	-0.871729942223709	-1.53637989480241	-1.20448441429433	0.827296943904237	-0.204840416957304	-1.25560709106984	-0.908215167345298	-1.86295193990341	-3.2527502853542	-0.205439760338016
ENSSSCG00000051352	0	0	0	0	7.75435758603081	0	0	0.800446473339403	0.344336903978565	0	0	-1.19169497375048	0	0	0	0	0	0
ENSSSCG00000051357	0	0	0	0	0	0	0	0	0	0	0	0	2.02086698109521	1.68208493313619	1.49505046300803	4.88742932793364	1.77670297151574	1.87305304486159
ENSSSCG00000051429	0.302998849453712	0.230310774109019	-0.120481459721969	0.421452986007055	-0.0630677785161966	-1.34063920601697	-0.071130191132665	-0.633742779981242	0.186683116992851	0.311239287161926	-4.08026114166185	-1.00973655143805	-0.989091575980682	-0.503111436434013	-0.239064560914346	-1.37124104052726	-1.36707307060467	-1.33418708571185
ENSSSCG00000051499	0	0	0	0	0	0	6.13667526804773	6.58785685631737	6.14062316423185	5.81369703762944	5.22619127977202	3.02006054078032	0	0	0	0	0	0
ENSSSCG00000051505	0	0	0	0	8.18148173588778	0	0	0	0	0	0	0	0	0	0	7.48318321185393	7.40225246903734	0
ENSSSCG00000051524	0	4.24123839099877	3.50555004204677	0	0	2.66012427956999	0	0	0	0	0	0	2.20080722933267	1.72485765673059	0.296861391818456	-0.523107495448116	2.75324763573521	-2.43091394743694
ENSSSCG00000051558	0	4.66666225457652	0	4.68431455886516	3.73763496386339	3.55339161611864	-3.77362745744961	-2.96811992131306	-3.14469463118668	-9.77978040753853	-5.77796813683165	-1.20590292311025	0	0	0	3.65621823518276	0	0
ENSSSCG00000051583	-2.16389492525653	-1.59300016600744	-0.438596759450527	-0.959546346312384	-0.186407815825683	-0.282517565188944	0	0	0	0	0	7.36416299442511	-0.429161105758993	-0.245047222294375	-1.4606601233765	-2.37124361527404	-0.368941784161238	-0.919262816796016
ENSSSCG00000051611	0	0	0	0	8.0070360985578	8.88318984789078	0	0	0	0	0	0	0	0	0	0	0	0
ENSSSCG00000051633	-2.18034766249439	-0.872577773933359	-1.11941129466527	-0.365600184438858	-1.78331667721208	-1.97553563932672	0.653437734832257	1.26548191072744	1.61398554179386	2.26706180214005	4.80813218783995	2.40111803092421	0	0	0	0	0	0
ENSSSCG00000051637	-1.04450373996977	-0.567449080375543	0.437221350032252	-4.31513333775335	-1.51905355935642	-0.717531421566572	-0.602896441847132	-0.156764936281053	-0.573363289710736	-0.655537325265479	-1.38626565925748	0.426717352580925	0.762040551786375	-0.0453625951770527	-0.232284296089271	0.1439667187631	0.124082772686861	0.157224608134533
ENSSSCG00000051666	0	0	0	0	0	0	0	8.73994001025913	0	8.3494668511095	11.9394855810138	0	0	0	0	0	0	0
ENSSSCG00000051710	-0.415497367390798	-1.54903510593993	-3.64390369072719	-3.61658585328583	-7.86735805746563	-1.41528402206919	0	0	0	0	0.77525929108368	2.47154118837735	0	0.209562682943914	0	0	0.71942151545538	0.775050511958313
ENSSSCG00000051733	0	0	0	0	7.22680941613152	0	0	2.95417830132821	0	0	1.22124942892852	1.16881308320543	0	0	0	0	0	0
ENSSSCG00000051803	-0.551128986558156	-0.263644439783387	-0.681760015279278	-7.36442264369261	-0.364056126535702	0.564242933491468	-0.815208053594883	0	-1.07941312328781	-1.16026871163759	0	-1.62884588269863	0	0	0.568958444479517	0.763969370483434	0	0
ENSSSCG00000051810	-0.191304148206998	-1.82900721709542	-0.681760015279278	-2.21145270671008	-1.18573517997797	-0.102470159202893	0.40436415106505	1.33349556685219	0.482382891168286	2.47598596714143	3.72844368760483	2.92677669442267	-0.308652262937512	-1.13762900974169	-1.63223183786463	-0.452456204493862	-0.723730299173571	-1.05803056083219
ENSSSCG00000051820	-0.99038889601119	-1.06289639862279	-1.95651564790277	-0.310665058466279	-0.311396232317617	-0.359206256779279	0	0	3.02543689444024	2.17135036886624	2.38954458125137	2.58943198010472	0	7.3500427090215	7.97294107563217	6.87080587258486	7.2018973214834	0
ENSSSCG00000051831	0	0	0	0	1.07900775951639	0.665405438879767	-2.49334837967098	-3.44580539359883	-1.39395239543661	-7.5206716128604	-1.98903493168601	-0.250442680074384	0	0	0	0	0	0
ENSSSCG00000051841	1.67486842576995	0.757050425410378	1.22087604768971	3.23578745271515	2.04448948635366	1.76461529787571	0	0	0	0	0	1.02580946351606	-2.67875215563982	-3.95689895899208	-1.20908148024966	-4.76636429497563	-4.9350582184745	0.961928411515138
ENSSSCG00000051849	-1.17618427253634	-1.59300016600744	-2.8641179807218	-3.79640133189093	-1.97832959645095	-1.09721261901866	0	6.20032023111148	6.10518532329795	3.74130489503765	3.27367213480392	3.22117852597692	-0.0174453722750804	-0.103628423336997	-0.0954991309789531	-0.269618436079986	-0.419397656497374	-0.0556534948772682
ENSSSCG00000051861	0	0	0	0	4.91537238214649	1.25538856476039	-3.28002545693505	-3.27301399078969	-7.87105040247857	-1.21661108031379	-2.63174097228376	-1.8271545099236	0	0	0	0	5.80411741181285	0
ENSSSCG00000051866	0	7.41296051032162	7.62763024640496	0	0	0	0	0	0	0	0	0	0	0	0	0	0	0
ENSSSCG00000051873	-0.0361962926181342	-2.72623018064296	-1.6460816633197	-2.05545220949552	-0.783090183533804	-1.93534560873995	-0.529970566955964	-0.577037369865524	0.113565683343979	-0.197366242655645	4.60577784527382	1.70136483196926	-1.31508618422391	0.114586592047099	-3.79954651527685	0	0.166716779136789	-0.0228359263723401
ENSSSCG00000051895	0	0	0	0	8.33709116667342	0	0	0	0	0	0	0	2.17731041580573	2.6727578261191	1.97968717167279	3.58992109183031	0	0
ENSSSCG00000051930	-1.56956125458303	-0.0215144547118606	1.13835148928333	2.78789043828984	4.41832734080609	0.450081065477406	-2.13071233625315	-1.6161928690727	-3.5761507160316	-0.913334947854943	-0.932027754356198	-0.447415790414757	-0.430156639133503	1.07053026071985	-0.231298066916598	0.530975019685275	-0.0705398359712341	-0.0228967128056904
ENSSSCG00000051934	-2.30840501027825	-2.38014633534305	-0.174230439999706	-7.65825629579435	-0.750341270531278	-0.533129249415262	0.117642218189952	0.281647669496727	-0.564811958046898	0.171223304688636	-1.31765453612534	-1.1216232646297	0.0919656912188427	-0.703372227942349	0.380591388530509	-0.142460359739947	1.03803767326173	0.253620480901879
ENSSSCG00000051948	0	0	0	0	0	0	-2.0461830656752	-3.87490426185806	-2.72942466642563	-5.91451313025574	-3.27767283320165	-0.0747906298854225	-0.202716869952534	0.00083726822871692	0.0110636363919934	-1.08633337173632	-7.15289317480168	1.10028954772552
ENSSSCG00000051969	1.03310388267937	-1.64612955893761	0.291640459882794	0.099164272634189	-1.0079816659425	0.51442969872525	0	0	0	3.00300026469075	4.34658194974033	4.62508889248881	0	0	0	0.784075662002835	0	0
ENSSSCG00000051977	0	0	0	0	0	0	0	8.0052222323223	0	0	0	0	0	0	0	0	0	0
ENSSSCG00000052062	-2.63899921549722	0	0	-2.52438104617268	0	0.545121276221783	0	1.73168631035638	0	0	5.0937024510207	2.64361748153379	-7.76378668922916	-7.83559465593674	-7.78855287973243	-7.75727277295771	-3.88385767191628	-1.39035161329913
ENSSSCG00000052099	-0.959454322358013	-2.46321566545634	0.306125204504514	-1.29562045066016	1.31942814823004	-2.01839459310911	-2.53783695361744	-8.64442391054133	-2.89431893961571	-3.69257258163778	-8.67992831022739	-4.71641522749471	0.585585618629902	2.48593934546387	1.29435671468277	2.30212410134057	-0.183732884660188	0.558338956250334
ENSSSCG00000052146	-1.4604877588851	-0.553652122543824	0	0	-0.485793989762193	0	0	0	0	8.38998596427605	0	0	0	0	0	0	0	0
ENSSSCG00000052177	0	0	0	0	0	0	0	0	0	0	5.23008479577678	2.69584131060234	0	1.1340536742903	0	0	1.3003021987523	0
ENSSSCG00000052224	-0.547238275500697	-0.429483924619495	0.309589620863923	0.0772100759089635	0.796278129124022	-0.744413430378971	-1.03534838983775	0.178222691621074	-0.726621169247131	-0.807937073285972	0.614884062601138	-1.84916663157524	0	0	0	7.65913029494878	7.05098260936516	0
ENSSSCG00000052231	-1.1785541453922	-2.75751064735201	-3.80166608591326	-3.36556668538642	-3.48723287240025	-2.88412194863406	-2.28743739745178	-2.76535432044251	-2.59991042925058	-1.17998520668069	-2.36249515606704	-1.37527880087921	-1.13774192576018	-1.95040639942101	-1.42591217080014	-2.29974536610634	-1.3269152159291	-0.796142367125885
ENSSSCG00000052237	0	0	0	0	0	0	0	0	0	0	8.44987100222793	8.55187399958187	0	0	0	0	0	0
ENSSSCG00000052239	-1.48516403135246	0.576245945526198	1.95177500421701	0.478210217299213	1.11595626576878	0.497429358468818	0	0	0	0	0	5.05184482830483	0	0	0	0	6.79012250602561	0
ENSSSCG00000052241	0	0	0	0	0	0	-3.1824373762836	-3.57679918218678	-8.17473070931519	-3.91817299271138	-3.65006755959252	-2.85586681085728	0	0	0	0	0	0
ENSSSCG00000052276	0	0	0	0	0	0	0	3.34387780702962	0	3.12260140686015	5.78416919592096	0	0	0	0	0	0	0
ENSSSCG00000052278	1.02770739451717	-0.236133152290141	-0.224908842485257	0.213412482041283	-0.168170559034723	0	-4.39264705571489	-3.42619978381971	-2.55237238335434	-3.20624948979738	-2.20345084824536	-1.1295605020246	0.593487491090927	0.25916223653296	0.116506549129034	0.629119217953244	-1.3439569171287	-1.09567894299757
ENSSSCG00000052310	-0.305997003253163	-1.30143363973773	-1.99552861459383	-0.7258525837412	-1.17523885317606	-0.704825727008029	-1.64745979746075	-1.85881021073531	-2.12926979629045	-2.21033975105771	-7.59979847210807	-1.70276849173398	0.112436287357695	0.0275280599926914	0.0448590312346062	0.383353575488506	-0.709169072298007	-0.511016346293949
ENSSSCG00000052319	0	0	0	0	0	0	0	0	0	0	0	7.29421143522348	0	0	0	0	0	0
ENSSSCG00000052323	0	0	0	0	0	0	0	0	0	0	0	0	0	0	7.6847099441958	0	0	0
ENSSSCG00000052347	-1.56201957769866	-2.03264404110872	-3.99846993185935	-1.97869163221111	0.724099500719838	0.727100400616852	-0.149052774323783	-0.883975820062345	-0.224203800493734	-1.62426054592267	0.182691507048849	1.26505142908622	1.03573107010099	1.66825083659686	1.45255395821436	0.706634515957786	0.72540114482314	-0.0229501670232387
ENSSSCG00000052366	0	1.01656058864598	1.11742463366234	2.97419525672971	0.0919869184755461	0.11820077865611	-3.14636315376411	-2.17992809889287	-0.729882593890622	-1.38805050846277	-7.34967561234977	-0.87520578586585	-0.109870566603066	0	0.833758870603363	0.162565360616195	-0.269227778685064	0
ENSSSCG00000052385	-0.00982363980891626	-2.70933139680222	-0.612653116547525	0.404893146092574	-0.388368886911577	0.257489018932066	0	5.33722791715947	4.55843775647313	3.12260140686015	4.10695645024218	3.97445290376208	0.635971608912954	-0.00604468789522106	-2.00960989087071	-0.0980572071675924	-0.27104757508146	-1.15058806604972
ENSSSCG00000052421	0	-0.701332695910038	0	0	3.14691502132671	0	2.06148206117291	3.74278637953777	2.16603773828454	2.19084262205551	1.41235263266529	1.71730911741999	0	0	1.62011186987374	1.87009537539575	0	0
ENSSSCG00000052429	0	10.7203671796876	0	0	0	0	0	0	0	0	0	0	0	0	0	0	0	0
ENSSSCG00000052432	2.07198376721813	0.515206757640709	0.35604904186195	2.36285413129398	1.6790173974739	0.18665682285861	1.4621282015075	1.79912560147875	1.15278008192681	3.11753915285408	2.08103423454535	1.08533667918332	1.0983200998956	0.901869409349518	-0.0706519498494197	1.45076423438477	1.20825841251299	0.0301056389540919
ENSSSCG00000052435	0.0964268413760667	0.628830270007323	1.21617459475344	1.30967217603491	2.23282473778562	-0.584337944138451	0	1.48139174807122	3.45437250977859	4.12637197946356	3.46919193942752	0	0	0	0	0	0	2.61518865733015
ENSSSCG00000052445	0	0	0	0	0	0	-3.00292489174514	-7.17086820942243	-2.69982818751473	-7.07105099297805	-7.20621646366621	-1.71651633809138	0	0.0738158807816614	0	0	0	0
ENSSSCG00000052449	0	0	0	0	0	0	0	7.010826498136	0	9.32652710517579	0	0	0	0	0	0	0	0
ENSSSCG00000052450	0	3.07215587423599	3.53652630892051	3.0804225747486	4.73533757784961	0	0	0	0	0	0	0	4.23518153595329	3.2658160929421	3.1597786629067	2.73609574806484	0	0
ENSSSCG00000052471	0	0	0	0	7.44782527073719	0	0	0	0	0	0	0	0	0	0	0	0	0
ENSSSCG00000052478	-1.2484592567507	-2.31208217730688	-1.88981167308101	-4.37947017648366	-0.875988996867768	-1.44764648327383	0.170866462458488	0	0.480934005793485	0	0.324197331687087	2.32851461016061	0.381773959713189	0.665736286057352	-0.0250725547253917	0.323070560648799	-1.12432094362018	-1.09286134596051
ENSSSCG00000052493	0	0	0	0	0	0	-6.92815433213434	-6.92481675708151	-6.79050369516441	-6.82513384370811	-6.96011963228401	-2.99612142335245	6.86477294126254	0	0	0	0	0
ENSSSCG00000052521	0	7.87628688850724	7.96053917205802	0	7.63943706098117	7.12965811873252	1.81300003895838	2.69737751406773	1.20315875824365	1.25808615284125	0	0	1.26845283190935	1.73854919196635	0.831914790098739	2.0143782402644	0	0
ENSSSCG00000052531	0	0	0	0	7.30430492476965	0	0	0	0	0	0	0	0	0	0	0	0	0
ENSSSCG00000052540	0.974499228962581	0.64068479541998	0.802625399851427	0.510754080622799	-0.14653175481025	0.51442969872525	-0.894747589185647	-1.15015450573551	-1.54039262338485	-0.975708497345417	-0.88449364095283	-3.83826008717614	0.269731679534944	-0.383067059313738	0.222353185052008	-1.13666739640576	-0.990158049432299	-1.4728132958682
ENSSSCG00000052552	3.87066673497576	0	0	4.79754593561831	0	0	0	0	6.02022693704557	0	0	0	0	0	0	0	0	0
ENSSSCG00000052556	0	0	0	0	3.40894614270453	4.42593565209036	-0.923683276687625	-2.08774362471586	-0.948028372623768	-3.28387180434475	3.22311444701796	-0.000552209471367901	0	0	0	0	2.44932385070123	0
ENSSSCG00000052569	-0.16509190834731	-1.73563819814296	-0.487425819440465	-0.664162920638952	0.207383893216696	-0.775953450048868	-3.14636315376411	-2.17992809889287	-7.17971478919605	-7.21441869110356	1.46184832969609	-0.654994267150083	-2.02319021902985	-2.15797487601409	-3.36438992119064	-2.32799206728423	-0.931641912249785	-2.66072255666119
ENSSSCG00000052612	0	0	0	7.2090869370494	0	0	-1.86588720592473	-1.132945384951	-1.55656248335999	-7.46440230859401	-3.46200207378396	-0.0744739792040248	1.51005836303587	0.315409099205035	-1.66614524045653	-0.710458629687893	1.5914348198847	0.495533014291077
ENSSSCG00000052639	0	0	0	0	0	0	0	0	0	0	0	0	-4.02592209292589	-4.15753503622843	-4.07197530777555	-8.05558224213932	-3.22917267724696	-0.697631112071689
ENSSSCG00000052653	3.41293447330768	2.31028477303453	2.3194627999023	2.17837263075114	1.76094658914392	0	0	0	3.20239260810977	0	3.87835246968325	3.43254432414713	4.11018614370746	0.745539176427782	0	0	0.720301029460201	0
ENSSSCG00000052676	0	0	0	0	0	0	0	0	0	0	7.15107107511959	0	0	0	0	0	0	0
ENSSSCG00000052717	0	0	0	0	0	0	0	0	0	0	10.0771258252894	0	0	0	0	0	0	0
ENSSSCG00000052741	0	0	3.19181806441734	0	0	0	0.597831401684232	-0.354400496112477	0.433388823748471	1.09624299736905	-7.8128970971501	-0.177148182312305	0	0	0	0	0	0
ENSSSCG00000052744	2.38218189353726	7.64884566318125	7.23051069380353	5.30501149853161	2.86969375653493	1.79356378979541	0	0	0	0	0	0	4.2723722939499	2.44567977599693	0	2.59072552280604	2.00899238605768	0
ENSSSCG00000052787	0	9.38934501548125	7.91011993411776	0	0	0	0	0	0	0	0	0	0	0	0	0	0	0
ENSSSCG00000052820	0.63157389990348	0.728160081474073	1.36122789615504	1.69825894740104	4.12544273992279	0.0222369717244951	2.98637844991111	2.56854589614191	2.19570435801514	0	1.81974731357989	1.32272492200555	0.0668872794834674	-0.284611557329994	-0.497966987391151	0.739084897160277	-0.56425529627834	0.371819676734426
ENSSSCG00000052843	-0.00986891559408367	0.123207997321122	0.134349253788275	1.57361294236984	-1.69938994487567	-0.658879960877594	-0.555320672396891	-0.548269966128192	1.47249937062818	0	3.57334434906017	2.63296035395306	-0.525011740234012	-0.508955379237132	-0.0432164048215161	-1.00258842480035	-0.967416991019585	-0.344164391897219
ENSSSCG00000052861	-0.894966049012481	-3.22003738581981	-0.324721057492723	-0.296727485902453	2.08584745302892	0.572175872412644	0.67218176379363	1.47239622718202	1.649860170816	3.36531952043491	0.376168262496449	0.0404287082077529	0	0	0	0	0	0
ENSSSCG00000052863	-1.41368988695269	-1.83245839667066	0.57895056638724	1.57859335430761	2.01244163587556	1.70793852465482	0	0	0	0	3.94123986807661	1.23451089714373	-1.10535892326746	-0.474674923272139	-1.15263572403943	-0.59847832801776	-1.76352926127852	-0.523238034535432
ENSSSCG00000052878	0	0	0	0	0	0	-7.24771116728415	-1.53878634417601	-7.10982292358204	-7.14451500384653	-2.58454974990381	-2.36000328076415	0	0	0	0	0	0
ENSSSCG00000052907	-2.30267969566702	-1.46659846943595	-2.38060392011678	-2.03484196667516	-1.39819756961041	0.0398072326929613	-0.820684053248504	-1.6754246211624	-1.63139838910972	-7.2810912535716	-2.32016184586424	-0.623068000185378	-4.43927637414464	-5.13648372338879	-5.04830807934991	-7.11143574678484	-6.44500879243105	-2.52378766496026
ENSSSCG00000052935	0	0	0	3.98557624702376	3.86673854707788	0	0	0	0	0	7.64560712880937	0	0.878902627014462	0.333627994565023	0.420803098783517	0	0.528522258706307	0
ENSSSCG00000052938	4.10127342369867	0	0	0	5.50646114270363	3.83116491341081	0	7.19008205022224	0	0	0	0	1.46271324561154	1.46490156472191	1.41556785379754	0.819854435164609	-0.993274033910316	0
ENSSSCG00000052947	0.0534190395405902	1.20265765033592	2.39151071602717	3.22500921774951	0.517129007418007	1.47253048495557	-0.756219615214748	0.149498005257123	0.00377128026984533	-0.353644133719194	-7.40130791835383	-4.13805323360809	-0.932321016982916	1.52400346212776	0.988839951021319	0.0320218895405007	0.129496153269773	-1.37562438943197
ENSSSCG00000052976	-0.428546315668569	-1.07569406456942	0.729065959585323	-0.668637917484648	0.389123973767272	-0.793647078280608	-3.62181578062368	-4.01617480534184	-4.27744505203428	-2.8224745758408	-1.13904386548636	-1.04646803358555	-0.109993954810349	-0.886381780715541	-0.610034578630766	-1.5279067418131	-0.722331947010279	-1.14081086031812
ENSSSCG00000052992	0.927203116950014	-0.320484750026686	-0.158898924804024	0.312473939405875	4.43786967554846	0.478408933967676	-1.38637820084286	0	-1.48229866202925	-1.16026871163759	-0.156315052122844	-1.0589001285519	0.771617278348336	0	0	0.409819179239487	0.71829392761503	0.484264499057692
ENSSSCG00000053040	0	0	7.35353078962065	0	0	0	0	0	0	0	0	0	0	0	0	0	0	0
ENSSSCG00000053050	3.01754005946885	0	0	0	0	0	7.18630565229351	0	0	8.80394789279122	0	0	0	0	0	0	0	0
ENSSSCG00000053065	-1.26133755306971	1.52412145869756	0.291640459882794	-0.311289084058921	-0.600090186895711	0.714852788975404	-3.1824373762836	-2.19607353360601	-8.17473070931519	-3.91817299271138	-5.12773843396803	-0.878689136119747	-0.669813547708267	-0.49864248615709	-1.29758272991743	-0.878169141174689	-0.580311533072334	-0.725532349184554
ENSSSCG00000053069	0	0	0	0	0	0	0	8.34507652556439	7.59272957284009	0	0	0	0	0	0	0	0	0
ENSSSCG00000053075	-3.63238792315227	-2.74560376743201	-2.58521514028196	-7.71046862768065	-3.63631534321047	-2.30084382600651	0	0	0	0	1.08852828889214	0	-1.98356916322456	-1.14066603698644	-0.0651457004797903	-1.97118305546815	-1.57284239342604	-0.227452619949217
ENSSSCG00000053077	-0.760508291431665	-0.622392177595179	-0.448919571268723	-1.0123371156187	-0.946931326309075	-0.98056584900009	-1.2714111301372	-2.82704442727802	-1.85811837511221	-8.17490671832739	-4.17279265828605	-1.61616628349271	-0.684351728193109	-0.822532541093078	-0.534567459136899	-1.07113271859445	-1.08815253763263	-0.578641833850453
ENSSSCG00000053150	0.415050526512229	-1.53180638813048	-0.80065214150548	-0.364679255523127	0.749637261605766	0.39597407594828	0	7.3495063779927	0	9.19549655950208	0	0	2.48339758677413	1.81155846494168	0	3.62962478011825	1.9480266821011	0
ENSSSCG00000053158	-0.725945218389736	0.0471930745924172	-2.43116972372589	-1.03484306445854	-0.336899628501184	-0.198852871527254	-1.1255038215044	-4.12232719073619	-2.50792498618327	-4.88150259827343	-3.7430156904874	0.282510505511643	0.194462386970814	0.599892833548252	0.716858933787476	0.0268583400562409	0.739282750078909	-1.98736763511089
ENSSSCG00000053162	-1.09539157344064	-0.907454944180074	-7.44121555251569	-3.23521309737239	-0.72488476444307	-0.813520480429224	0	0	0	0	0	0	1.0835618378349	0.697602973020991	0.098104608068653	0.691963374515144	0.299854806808516	-0.209983030966655
ENSSSCG00000053187	0	0	0	0	0	0	0	0	0	0	0	0	7.41336992865202	0	6.93463520470161	0	0	0
ENSSSCG00000053209	0	0	0	0	0	0	0	0	0	0	0	0	0	0	0	0	8.00504649300497	0
ENSSSCG00000053238	-7.86540528002677	-7.9008883812666	-3.64390369072719	-3.61658585328583	-7.86735805746563	0.310862189959069	0	0	0	0	0	0	0	-2.97147802517654	0	0	0	-0.367253969531771
ENSSSCG00000053247	0	0	0	0	0	0	0	0	0	0	0	0	7.75947857675875	0	6.84231181698896	7.04992715861391	0	0
ENSSSCG00000053277	0	-0.553652122543824	0	0	0	-1.65647989279108	0	0	0	0	7.64560712880937	8.7737171475063	0	0	0	1.36565157991132	0	0
ENSSSCG00000053280	2.31292585451164	2.51749333029545	3.96932515028586	4.56191414928028	5.16685759365256	0	3.34765159994977	4.00913581943307	4.45073062873734	4.14237942250634	3.96203568893964	1.34890041927648	-2.5096269350087	-2.39090758611493	-2.98556069338925	-2.45141147630503	-2.6249775330617	0.5438781210435
ENSSSCG00000053284	0	0	0	0	0	0	-3.75093362830021	-1.99484809766216	-3.44742888008334	-7.81875805626402	-7.95431448518101	-3.9906631930383	0	0	0	0	0	0
ENSSSCG00000053301	0	0	0	0	0	0	0	0	0	0	0	0	7.41336992865202	8.34561450564234	8.41886797969388	7.13178432134791	0	0
ENSSSCG00000053305	0	0	0	0	0	7.76340395175455	0	0	0	0	0	0	0	0	0	0	0	0
ENSSSCG00000053321	1.30105151307418	0	0.909502188620255	0	1.07672099139441	0	-0.706835372783598	-3.33093890357708	-7.37111546047345	-3.11446867217333	-1.87415363578861	-3.57744739932043	0.58201936206144	0.652326584225875	1.52781141542443	1.6937767608269	0	1.35571720758488
ENSSSCG00000053328	-2.47021822147621	-2.54236059463167	-8.49828601834295	-3.3322334170828	-1.6761227295415	-1.43390854755253	-1.60651853708572	-1.59949080332702	-1.2993284821776	-2.34292497633189	0.295113614560438	0.116823177328203	-0.280341611621521	0.469498242797743	-0.257575208567337	0.430901540377992	2.5040398864222	-0.0553059238066554
ENSSSCG00000053339	-3.25682382608645	1.30174061666338	1.50639465407237	0.84364026955177	-8.35101859647309	-1.89906035363544	0	0	0	0	0	0	-1.21785050406744	-0.360758155488758	0.0945608054280635	-7.75727277295771	0.696997404632353	0.765543109728929
ENSSSCG00000053345	0	-0.553652122543824	1.72064235952606	1.14540914217618	0	0	0	0	0	0	4.82420767825336	0	0.428313247508119	-0.749762679732472	0.530344542016625	1.55828328732988	-1.81573656109628	-1.47521500113123
ENSSSCG00000053385	-0.735517295310992	0.010522680959274	2.3581338908524	1.18416669634749	1.93991452630911	1.17979655059667	3.2201252360415	1.414973474104	1.54943595566606	2.63957382274344	-1.67454176305874	-1.40409910973386	3.96529286017516	1.39049112566708	2.40656216644276	1.72065769599325	1.81036599644755	0
ENSSSCG00000053430	0.956490245159516	0	0	0	3.83696600870219	1.10392419673183	-7.38435144753361	-0.19092432237352	-1.63139838910972	-2.0270286960353	0.104343370041192	-1.70869415321108	-5.39852119879705	-8.59200052070134	-8.54487295272584	-3.51611195433649	-1.55487645775674	-1.66625065077093
ENSSSCG00000053434	-0.387679756002367	-0.242151015692793	0.549207085142661	0.323378964786654	-0.528914619591736	0.357586078005856	1.96971233901317	2.47186789553837	3.2353248494702	4.02215797094125	0.723723301737148	1.73784596714371	-0.461407649961812	0.0349063008341321	0.123096991648162	0.580849760287587	-1.05758047547038	0.245131390548427
ENSSSCG00000053438	0	1.79416685654136	3.22738591995162	5.20978208378741	4.34643016667322	0.806236999834523	0	0	0	0	0	0	0	0	0	0	0	0
ENSSSCG00000053444	-2.3620316697591	1.09545351811242	-0.941883950039423	-3.30005465751288	-1.84753163013438	-1.44551858687399	-8.77753117717885	-2.66048232791458	-5.23277585553267	-8.67387176754961	-0.750843249716727	-0.125197745751089	-2.06517671216557	-1.57824817937308	-1.87400199315868	-3.48303689471611	-3.08516125178578	-1.73910375059014
ENSSSCG00000053480	0.434807665502493	-0.705100622402989	-0.900962748126144	-0.365600184438858	0.574302178698616	0.158774600048711	-1.15947017734448	-2.79625971041207	-0.703988598112425	-8.40158901756099	1.86587902106704	0.405384233585256	0.322044820130015	0.345674110661926	-0.597816693438251	-0.286975298800292	0.835781859756638	-0.899016766869664
ENSSSCG00000053490	-1.13540190548031	-1.49355440853718	-1.0456988656605	-2.1373177416599	-1.4254485826813	-1.61963488386208	1.57364925405101	0.463482063988508	1.54859261281415	1.46691026254636	5.59429705854195	5.90358167064736	0	0	0	0	0	0
ENSSSCG00000053509	-0.280476018136625	-0.129505531474721	0.531539473833375	0.858350888873012	-0.125305913788084	-0.963147734714326	-2.1120431960918	-2.21542780898498	-1.55540315276554	-1.93614936408695	-3.46572926740241	-1.945515389566	-1.02238279190953	-0.661372178312867	0.3085691987133	0.0203079202722399	-1.62606138415472	-1.16332509060466
ENSSSCG00000053510	0	0	0	0	0	0	0	0	0	0	0	0	-8.01647222745447	-8.08833221765509	-4.02634277366502	-3.96805888876122	-3.18353306599638	-3.89485517246954
ENSSSCG00000053530	-1.28254394773255	-1.76228433962794	-2.57389861962805	-7.29772529838897	-1.2865565954681	-0.903183057611234	0.034727492614576	0.0418110003348398	1.18570958161394	-0.245213418182619	-0.182280654258601	1.49983048570232	0.556463090589977	-0.763565901946876	-0.708963351184023	0.169530069626641	-0.66173913610311	-0.0543855101744245
ENSSSCG00000053565	0	3.40986053637199	1.61488081354123	0	0	0	-2.07896276393439	-2.64308891706487	-7.64263065390193	-2.82582806467881	-1.73791450170313	-1.46271806253717	0	0	0	0	0	0
ENSSSCG00000053614	-1.83355442867345	-1.86979283318653	0.626015707913286	-0.418137334459865	-2.79684418641518	-4.70762671543157	-1.00791088877159	-4.38569903313202	-3.52796523502624	-8.46031204733368	-3.49984923326152	-3.36374711423963	-2.07971274333294	-0.83360678740811	-1.82060887028718	-3.11037658107328	-3.00652077121991	2.19218932708272
ENSSSCG00000053630	0	0	0	0	0	0	-10.7562969724064	-7.5003144560634	-10.6175342954881	-10.6524543599786	-2.97377418356725	-4.72447992526939	0.250013703749219	-0.115186805052842	0.490957734337134	0.55083263455544	-0.752672333678333	0.581818286895923
ENSSSCG00000053650	0	0	0	5.32347335386795	4.01556012379448	0	0	2.14323047565368	0	3.16583618047463	4.61538988951059	1.48219235084416	0	0	0	0	2.56795557804053	0
ENSSSCG00000053662	0.561868108223949	1.56246883913143	0.390379519256281	-2.41852011164245	0	-1.45799938837232	-1.80047783125008	-3.35975450995681	-3.62972896502948	-3.71092839837115	-2.85833508506624	-0.136884281807145	0	0	0	0	1.86799248539817	0
ENSSSCG00000053684	0	0	0	0	1.76094658914392	0	0	0	0	0	0	0	7.12574276844218	0	7.45460337367122	7.76553558679671	0	0
ENSSSCG00000053700	0	7.6631441659141	7.42709022988675	0	0	0	0	0	0	0	0	0	0	0	0	0	0	0
ENSSSCG00000053703	0	0	0	0	0	0	0	0	0	0	6.4483522095829	5.09180079675923	0	0.333627994565023	0	0	0.184400702413277	0
ENSSSCG00000053718	-0.692127987965149	-1.85053549294144	-1.0456988656605	-0.481849803396539	-0.900833604535591	-1.33385279337467	-1.1964764740368	-2.63544915676107	-1.63872894450395	-8.64884275848158	-3.68842513703356	-2.88787143795981	-0.630388469212838	-0.604217720922963	-1.16480184965153	-1.04926482384932	0.187391168396167	-0.00902747846885865
ENSSSCG00000053719	-1.30088236752292	-0.272986952684872	1.67106964983695	-0.457909079944772	1.13103067574588	0.700130010209287	1.94505547708021	3.34671619945721	2.69004135910257	4.46371915810858	2.65113876104113	1.98019899864502	0.422609934039491	0.18488358447431	0.375322308343581	1.91292576825477	-0.344379913566855	-0.342568587476255
ENSSSCG00000053759	0	0	0	0	0	0	0	0	0	0	7.15107107511959	0	0	0	0	0	0	0
ENSSSCG00000053768	-0.70349324394013	-1.94806995663292	-2.41454863767622	-1.90339071843585	-1.66455259528747	-1.19905111030913	-0.753684706074598	-1.04952075361164	-0.19142884029296	0.328354501506331	3.11872937502841	3.80616814742626	-0.797018811868422	0.358869727041041	-0.0273799676238244	0.365195770204539	0.141726837991208	-0.16638795255195
ENSSSCG00000053816	0	0	0	0	0	0	0	0	7.44155665070397	0	0	0	0	0	0	0	0	0
ENSSSCG00000053832	0.921230534388296	-1.81948437851663	-1.15325861887477	1.06427210763028	2.17451987016392	2.1318501374616	-3.91552649868339	-4.44419494459079	-4.01547391296232	-4.67610008123465	2.83841612621296	0.561624558606071	-0.734788475908668	1.47997554303064	1.00579245590638	-0.945414952914879	1.33243755389542	1.76965649109604
ENSSSCG00000053850	0	0	0	0	0.973042982229426	0	-3.72186263275923	-4.12818567130569	-4.87132211031667	-3.5320478129676	-3.87162527693537	-2.99160102369353	-1.09473888218054	0	0	-1.6521318437771	0.597278785176348	-0.78974179274585
ENSSSCG00000053859	-0.835229967695619	-7.51939570494269	-2.30290530913645	-0.6031114464919	-3.35396024814429	-7.5835490312335	-0.336893263932914	0	0	0	0	-0.798761075456588	-1.78049086895796	-0.131279672816669	-1.1544207064947	-8.6387360967584	-2.51941801334022	2.34320456710321
ENSSSCG00000053873	-0.315189502129338	-0.964935590106719	-0.225578364325147	-6.90827046733495	0.548700504929347	-0.513436354966836	-7.56773944419358	-3.38951504664901	-2.12926979629045	-3.17302202899915	-1.71440698461296	-1.38539996202617	1.40731905279245	1.42949537769646	1.65841540675718	0.723845924623582	1.54560828596361	0.88540960477955
ENSSSCG00000053879	0	0	0	0	0	0	-1.3477045856445	-2.52644660057484	-4.96671548242531	-5.04676637839557	-1.32809097748207	-1.68727173135356	0.936848190439143	-1.1251050612718	-1.82547453175168	-1.76650324646733	0.879235437586264	1.79033260769397
ENSSSCG00000053903	0	0	0	0	0	0	0	0	0	0	0	0	-0.691122838279163	-0.825965100549801	-0.639671524306077	-7.45073724987333	-0.270974890938908	-0.603570182462787
ENSSSCG00000053919	-3.54373985740216	-2.03969176274535	-1.84291464968632	-5.6053557759293	-5.32455842152235	-1.10191896834512	0	0	0	0	0	0	1.09585277686002	2.05412382866861	2.04226327527678	0	0	0
ENSSSCG00000053929	0	0	0	0	0	0	4.8466032862945	2.07235000490724	2.8095098227206	3.85779604979744	0.274355337163865	2.55223540508276	0.345880117436955	-0.158424474421191	-0.249873772567037	-0.769000893686363	-0.270476243854522	-2.94603745779905
ENSSSCG00000053951	-1.69779460346494	-1.44429515960048	-2.24063158768759	-1.39621588129469	-3.87364004351734	-0.364435912012411	-2.43222465172142	-0.586810626332836	-1.12232822341447	-2.20203974574069	-2.00194072820983	-0.465258485120981	-0.965411713195896	-0.819436650750434	-1.31419219065737	-0.703636631419587	-3.72362783715798	-0.533345371062917
ENSSSCG00000053956	0	0	7.62763024640496	0	0	0	0	0	0	0	0	0	1.76537089351473	0	1.39996145911118	0	0	0
ENSSSCG00000054029	0	5.10556060382743	5.43732199555849	0	0	0	3.37802243724835	3.22512763597069	2.90047257913735	2.68261755842686	2.06977413321066	0	0	0	0	0	0	0
ENSSSCG00000054070	0	0	0	7.81868471586701	0	0	0	0	0	0	0	0	0	0	0	0	0	0
ENSSSCG00000054089	-0.845024187335751	0.222550182512678	2.01216205758176	-0.21616740930828	1.7761276723497	1.51292198446166	1.10839994056211	3.56344477012057	2.70334970012603	1.85870529316053	1.21745729150304	0.426406029518989	1.21677942175708	0.925485457078848	-0.304329742840703	0.827382464730988	0.604308548115717	-0.515324850370137
ENSSSCG00000054093	0	-1.64612955893761	-1.48615458665609	0	-0.600090186895711	-0.476321328873384	0	1.3826549097153	0	0	0	3.91302659940322	-0.801736359956023	1.33025695417984	-0.157269330671065	-1.76650324646733	-0.26999469312248	0.274140935741557
ENSSSCG00000054096	0	7.02328612436064	9.3468994664716	0	0	0	0	0	0	0	0	0	0	0	0	0	0	0
ENSSSCG00000054103	-2.2726868390824	-6.99926989517971	-2.74257861324427	-2.71531129149374	-2.83391503123965	-2.06792606218817	0	0	0	0	0	0	0	0	7.6305318300273	0	0	0
ENSSSCG00000054117	-2.46290119618593	-6.09972690029096	-4.98176840418476	-3.65660999323669	-1.00671410608123	-1.55533784980181	0	0	0	0	0	0	-2.4800510584387	-0.197189956849322	-0.210154006212336	0.494465074014815	0.185965879165538	-0.250869061993477
ENSSSCG00000054127	1.08288526532491	-0.591894484592842	-1.03371632470678	0.302339443846824	-2.23368403369012	-1.02346210208617	-4.55533685153582	-3.79759152331996	-4.07444024375591	-4.62283756364999	-2.46125729971398	-2.72316877905608	2.21261236675557	0.979487890348712	0.23755150376415	1.96665277874824	1.69833076158667	0.4005510070006
ENSSSCG00000054134	0	2.81219455347123	2.48975750096449	0.7904118496085	3.91686933616234	1.68938272971159	0	0	0	0	0	0	2.4368583467434	-0.743033688122332	1.65382490124748	0.455010478752033	0.0320603908792693	-0.300706906856995
ENSSSCG00000054162	0	0	0	0	4.39921872156844	0	0	0	0	0	0	0	0	0	0	0	0	0
ENSSSCG00000054181	0	4.02874213644396	4.59006499542344	5.05532261078846	5.849758703598	2.63315255351501	1.03094018093785	0	0	1.79427908228484	0	0	-1.26754603853022	-1.08477247049875	-1.3145545671981	1.369398067721	-0.193278934501492	-1.01288710223816
ENSSSCG00000054186	0.681660589697343	0.645720319989562	0.205852275664593	1.01186538267298	1.73623955989682	0.969337530541121	-0.678925953981723	-0.671761004123306	-0.853280308827535	0.00629543389640082	1.31198948568141	-0.222191905304267	-5.78921295089093	-6.56499092783737	-5.91852932338232	-5.32022257834137	-5.26671873262571	-0.0316082290785934
ENSSSCG00000054220	0	0	0	0	0	8.0840034687166	0	0	0	0	1.56582016037869	0	0	0	0	0	0	0
ENSSSCG00000054249	0	0	0	0	0	0	-1.92217823242301	-0.708592649338427	-4.07968169591846	-7.5206716128604	-2.5598700701615	-2.73649891413786	0	0	0	0	0	0
ENSSSCG00000054285	0	0	0	0	0	0	-1.78775395569919	-1.37935567295878	0	-0.845921409594302	-1.452713437139	-1.62884588269863	4.7308629735806	4.81148359709994	4.01154364537726	5.26455828893517	4.33484745276473	0
ENSSSCG00000054303	-0.605715573558857	-1.07534279857547	-2.48129955736561	-2.18345358472822	-1.92261107840563	-0.757710069973158	-1.86588720592473	-1.85881021073531	-2.12926979629045	-7.46440230859401	-1.71440698461296	-1.89216553751243	0.361684125305626	-0.00738078084342832	0.096984513531889	0.374312256787974	-0.699965851986872	-0.0262209905980534
ENSSSCG00000054318	0	0	0	0	0	0	0	8.26732047364423	0	0	0	0	0	0	0	0	0	0
ENSSSCG00000054353	0	0	0	4.4340408852405	5.72833534277462	4.69296569788701	0	0	0	0	0	3.19583948723801	0	0	0	7.13178432134791	8.26714462024572	6.99984263795617
ENSSSCG00000054371	-0.185876685906184	0.303081688127024	-0.0958951372562414	0.214674775488326	0.742349894809901	-0.585367648534422	0	3.0265407546563	4.11618630860614	2.4346604726467	1.66870357269428	1.64235690807593	1.51857272619704	0	0.831914790098739	1.53107341266819	0	0
ENSSSCG00000054376	0	0	0	0	8.51061351308727	0	0	0	0	0	0	0	0	0	0	0	0	0
ENSSSCG00000054392	0	0	0	0	0	0	0	0	0	0	9.22575846565213	0	0	0	0	0	0	0
ENSSSCG00000054399	0	0	0	0	0	0	0	0	0	0	0	0	0	4.06969107759762	4.66848797315307	0	0	0
ENSSSCG00000054436	0	0	0	0	0	0	0	0	0	0	7.31046687725849	0	0	0	0	0	0	0
ENSSSCG00000054443	2.9967816339797	1.49694225104649	3.10623353665948	0.0311240693904449	2.18089928440907	-1.49265767664819	-3.00018616640411	-8.12751503649474	0.444859825320434	-0.220175461363763	-4.02518517850404	-2.26609609529644	0.618896375212943	-0.623203290887442	-1.0310173674798	-1.00206481651686	0.506633103227631	-0.27169470999579
ENSSSCG00000054567	0.317349714950141	0.495202787085001	2.21860252634131	4.00143195261795	3.41352515621321	1.88991079554467	0	0	0	0	0	0	0	0.93437176262448	1.02156399367541	0.988631329940097	0	1.32426081890393
ENSSSCG00000054571	0	1.00903513387154	1.2841619659332	2.64816934630922	0.95249851524213	1.7511860219498	0.144280071854386	-1.34501727226885	-0.889162977770033	-8.51673802613614	-1.41954601168852	1.92266882085684	1.33616640700583	1.50749415455411	1.64671276874404	0.815051314253907	0.353279608076658	-0.391256661012037
ENSSSCG00000054576	-4.82166799225361	-6.4214094407151	-4.98972500615273	0.0592471817689207	0.555595192992013	-10.5847671467369	-5.56314279232882	-10.2890865745806	-10.1537184030026	0.0170306291341753	-6.18685433711111	-10.4140056877647	-3.93419762232423	-3.80856297636312	-4.4244188541717	-0.710280265383485	1.01070511721145	-5.40750958078754
ENSSSCG00000054590	0.0961425041434345	-2.70933139680222	-2.55163298196373	0.861497785212028	-1.37122676253687	0.257489018932066	0	0	0	8.57708839896001	7.5207310731676	0	0	0	0	0	0	1.85187362730915
ENSSSCG00000054603	-0.898964204288813	-0.0879849609559655	-0.882518533663719	-1.01388698663898	-0.903001122101037	0.480679000790094	0.69166404726761	-0.233124363674559	0.728618594821443	4.40244903545356	1.18586724229763	1.79999201740394	0.821496579875314	1.40852706308362	1.30131446267835	0.899591186810902	0.48245994748087	0.15712226778732
ENSSSCG00000054611	-4.43690013325728	-4.50746163909741	-8.52795193787244	-5.24511004383166	-4.44083140110859	-2.12086285435079	0	0	0	0	1.87866825832001	0	-7.5239850070897	-1.8789428504432	-2.00960989087071	-2.92011483396567	-7.6095573153731	-2.44583712217015
ENSSSCG00000054645	0	0	0	9.93349564698758	8.90820774659879	0	0	0	0	10.628438060955	0	0	0	0	0	4.62323290923496	4.98152498133802	0
ENSSSCG00000054654	0	2.79317046749508	4.6811702416868	1.98720614377989	0	0	0	0	0	0	0	0	0	0	0	0	0	0
ENSSSCG00000054656	0.415493529042335	2.41473408514645	3.56416720326605	1.57034774285606	0.792713370237949	-0.269558519091867	-1.03430021279665	-1.68497994432155	-0.968949254382277	0.69706826996109	-0.766551690631768	-0.0746342836513302	-1.03631675198165	0.687532586424744	0.618100364457395	1.01767961394104	-0.286599760527009	-0.861916431163217
ENSSSCG00000054680	-1.00398650877306	-0.500498141820585	0	-2.41852011164245	0	-2.17089215871091	0	0	0	0	0	0	-2.12461795907154	-3.91143250383532	-9.10656059889417	-4.47783273006778	-3.27300486861485	-1.64720966727937
ENSSSCG00000054682	0	0	0	0	0	0	0	7.19008205022224	0	0	6.97185159570829	0	0	0	0	0	0	0
ENSSSCG00000054690	0	0.821721735677521	0.762567335393301	0	0	0	0	3.00519792717292	0	4.26339385546146	0	4.01494858060438	0.615718101672886	2.05412382866861	1.5595390408821	2.38061992070734	0	0
ENSSSCG00000054719	0.493099211632737	1.36707461427278	1.33743958558484	-0.0734153379292857	3.31940664007812	2.08969289107774	-1.87956489817269	-1.94725224949889	-2.96040663007322	-3.62510650805712	-2.5773569187243	-1.23200332641047	-0.168297790625391	-0.38393456265723	-0.642963453335049	0.65614077301645	0.877516537709523	0.233388616700588
ENSSSCG00000054768	-0.615485239660484	0.486196481714113	-2.25437597587962	-4.10315263724013	-3.65311404329664	-0.758696213089191	-6.5284224703459	-7.51289516555285	-7.52690037300665	-8.2753988302793	-4.65746824331418	-6.24194007239093	-1.13170022270955	-0.965788856726262	0.524341417555407	-0.196045788604237	0.271953072514606	-0.594728123887421
ENSSSCG00000054793	0	0	0	0	0	0	0	0	0	0	0	0	0	0	0	7.35270640602818	0	0
ENSSSCG00000054840	0	0	0	0	0	0	7.09946177851968	7.42306458578438	0	0	0	0	-4.15474234228419	-1.77988912869054	-3.24612859559195	-1.63244416502794	-4.31109151956761	-0.689754507146814
ENSSSCG00000054868	0	0	0	0	0	0	0	8.76844299716622	9.2429712706242	11.874349666444	13.2033219400486	7.9232143703751	0	0	0	0	7.52186425845411	0
ENSSSCG00000054886	3.48402321918095	3.69228513324949	2.67246922266616	1.09158361335168	0.0923375086388755	0.453906778397825	-2.66454925167476	1.21984806589355	0.0380721474668343	-0.906504236713363	-1.20072148986976	0.018117006442454	-0.81429224667203	-2.2400872321233	-1.22330684009156	-3.536897777192	-2.40210906035103	-2.38638675581131
ENSSSCG00000054929	0.55099045215578	0.478417668020753	-0.416457400142711	0.333134666450609	0.172515838829393	-0.769398642188188	2.2755395500688	4.41891576253812	4.83247992237702	4.12432090571841	-0.881878298663518	-1.62884588269863	1.35852774539986	-0.260121212945636	0.571026652515297	0.0814163729537349	1.88189081474754	0.00287648363658418
ENSSSCG00000054930	0	4.37646122550715	4.45487946465963	0	3.7832754567349	0.883733232505979	-0.924030200189942	-2.25554364945686	-4.35126151251635	-8.72266361409601	-4.72069159910679	-0.934671831291446	1.54174096225863	-0.902483576117605	-0.594768730705181	0.737257875225365	1.35690119049765	-0.0228892303798076
ENSSSCG00000054939	-1.32552270633304	-0.480094402939664	-0.755205463862275	-1.20789490840418	3.68926348953326	0.724482412713486	2.89098236796777	1.60955522753599	2.81767247978195	3.87435669879693	2.008319877253	2.32081657386334	-0.235492609680881	-3.74420844517136	-0.492919927665765	-0.433105819681077	-1.04295480652272	-1.27544494893653
ENSSSCG00000054946	0.323643920608733	-0.0601004287809847	-2.09492223883882	-1.71520108993928	-2.03797225976374	-0.806116359983695	0	3.4174360148213	0	3.12260140686015	3.48170064882814	0	3.1638072047183	3.5250593765847	0.238589092276228	0.724235114632629	-7.6095573153731	2.84146520525482
ENSSSCG00000055030	0.0967378180116623	-0.0728884759124884	0.186919169611375	-1.49291096114194	0.296551600274219	0.459817370813001	4.44099547289042	2.83855794199235	2.88233857514218	2.93360685685587	1.17441930806201	1.2809595704374	0.472107121758264	0.820921462103519	1.21649906147901	1.03591814083657	1.37177810016042	0.0697880218761144
ENSSSCG00000055046	0	0	3.6864412976233	0	5.74584898458022	3.81834281459279	0	0	0	0	0	0	0	0	0	0	0	0
ENSSSCG00000055047	0	0	0	0	0	0	0	7.10323655870425	0	0	0	0	0	0	0	0	0	0
ENSSSCG00000055056	0	0	0.471002026313574	0	0	0	-3.92019762281899	-8.08812996520215	-2.33819195599425	-2.73391033689192	-3.98579662768143	-2.63416927083768	0	0	0	0	0	0
ENSSSCG00000055095	1.69406790635751	0.608586972477165	1.17301668652136	-9.65288995304706	-5.57893772247491	0.175299153990286	1.92673021831628	1.29323065150044	2.20805332809463	-9.5824213408371	0.57459320058747	0.0273039169435176	0.936714857942112	0.0513729089237528	0.6549497247809	-6.36816719789202	-9.58753956780103	1.90319834456473
ENSSSCG00000055131	-0.656868034608706	-0.916665121672318	-0.782416943433789	-0.361629078292952	-1.257705114223	-0.70240263540809	-1.85645101324943	-2.92039298713606	-2.43555184299608	-4.53069884154493	-2.25079497090052	-0.825646645617227	-2.10134009747682	-3.90105012862501	-2.69024665808665	-2.20625635940254	-1.95831476786018	-1.08747111381159
ENSSSCG00000055147	-0.123851785969206	-1.21384103286538	-1.4489751253809	-2.45761289257238	-2.31753460737378	-0.749298883789051	-1.7240698945915	0.299155930856254	-0.155802848491401	-0.885315611926543	4.00709010772463	4.74549243871908	-0.670438914965428	-0.310869702452216	-0.331461887853616	-1.21418296398815	-0.349499331364188	-0.268299038309258
ENSSSCG00000055164	0	0	0	0	0	0	0	0	0	0	0	8.39362318224147	0	0	0	0	0	0
ENSSSCG00000055200	1.12915985326723	-0.413191220423008	1.06352028056561	2.3171260698007	1.69624033046801	0.347502240387192	-1.72985951574926	-1.72280234662461	1.23162414834522	1.60765943474349	2.81437925392877	3.49537374921808	-1.0472434493563	-1.70601088067576	1.83632038569244	2.72736020215106	2.46192687988379	1.11062677451579
ENSSSCG00000055216	0	0	7.42709022988675	0	0	0	0	0	0	0	0	0	1.02929502856046	0.265509961502094	-0.637428124216666	2.83825644870123	-2.04305288677486	-1.48528388446518
ENSSSCG00000055233	0	0	0	0	7.37784905079687	0	0	0	0	0	0	0	0	0	0	0	0	0
ENSSSCG00000055265	-1.54698401526058	-7.24541576785203	-3.91108357755048	-2.00133032802305	-3.99999273457216	-3.26961398066164	0	0	0	0	0	0	0	1.63214243389117	1.5142318730311	1.33477321506522	0	0
ENSSSCG00000055280	-1.77794689870723	-2.38592065538908	-0.991556516032934	-8.78213309713545	-1.61326113947851	-0.127441944729478	-1.03391887540347	-1.83260664282314	-2.46524685583691	-1.57969575454371	-0.713001237742298	-0.104835251168577	-3.78345025563097	-2.1893978402422	-2.68459007454223	-3.93950770358754	-3.11888584489365	-1.6832505873123
ENSSSCG00000055284	0	0	0	0	7.44782527073719	0	0	0	0	0	0	0	0	0	0	0	0	0
ENSSSCG00000055294	0	3.39537865982791	3.80990436130394	0.917855994282112	0.436457249047583	-0.962446176729537	0	0	0	0	0	0	1.01751285374853	0.74627017708918	1.31648310499804	2.49593593008132	0.401525832103559	0
ENSSSCG00000055296	-0.95837291780522	0.682757818123086	1.5522685527847	-0.901295773862838	1.575899628217	-0.575278222009295	-1.14349514472639	-1.13636624512963	-3.20708580658702	-1.00644762449449	-8.27507874231	-1.14352682801371	0.86098121609596	-0.150244589641944	-0.429757803916712	0.741433039420463	0.797782670915104	-1.41131365782894
ENSSSCG00000055313	0	0	0	0	0	0	-7.62403047069185	-7.6206823091185	-3.14937838605043	-7.5206716128604	-0.59185342644475	-0.189375485253596	-2.10023862032389	0.443953539197789	0.443693610322595	0.389977560198027	-2.49890124507202	0.667564049100532
ENSSSCG00000055319	0	0	2.3194627999023	1.76678282276253	0	0	2.08209480635726	2.19142301356063	3.45513329765919	3.38306627767609	-0.0645141172217335	-1.63902409115747	1.49399201195382	0.579960840685938	0.254725893417768	0.314529126359426	1.25267474840518	-1.58792453597055
ENSSSCG00000055330	0	0	0	0	0	0	0	0	0	0	7.86696993628324	0	0	0	0	0	0	0
ENSSSCG00000055347	0	0	0	0	0	0	-6.92815433213434	-1.21923500564814	-6.79050369516441	-6.82513384370811	-6.96011963228401	-1.47031024643	0	0	0	0	0	0
ENSSSCG00000055351	0	0	0	0	0	0	-3.87970675232152	-2.9132632814584	-7.9126944978898	-7.9474932637884	0.184465550665845	-2.59366622244956	0	0	0	0	0	0
ENSSSCG00000055381	0	0	0	0	0.783665440762615	1.83558141052969	0.682083671499795	0.689197617625379	-0.149887013808034	1.28784858510473	3.45542427712656	1.19820009904642	-1.15776338793662	-0.74987433926914	-0.662059583823313	-1.14522336415787	0.525273198491736	-0.453549532629267
ENSSSCG00000055388	-3.45662425011915	-4.24234234848215	-3.36739352113995	-3.33956059425268	-0.085835164593135	-0.151640466327721	-4.63085227822951	-2.36733323895822	-4.32707326202592	-2.87210576546217	0.83561075470066	-0.341982833404966	-0.235492609680881	0.523415712043396	0.162392342667747	1.17037712813591	-0.271174866476733	0.781201800886457
ENSSSCG00000055404	0	0	0	0	4.49847813283567	0	0	0	0	0	0	0	0	0	0	0	0	0
ENSSSCG00000055449	-1.73612984966879	-0.602440682212266	-0.506530667591393	-0.585003521907871	3.3693337519076	1.34709258723286	0	0	0	0	0	0	1.03401482034219	0.75172016655916	0.64747488828798	1.13673030024872	0.59150659804346	-0.129654594180512
ENSSSCG00000055461	0	6.93091590340339	8.65492718596231	0	0	0	0	0	0	0	0	0	2.10379943110819	0	0	1.77775661159834	0	0
ENSSSCG00000055479	1.65055100970982	0	1.73914700530064	0	4.38914666534172	2.94706111912194	0	0	0	0	0	0	0.0261048146672055	-0.976052658037718	-0.157794779777268	0.70537686917078	0.357891925206942	-0.0228967128056904
ENSSSCG00000055501	1.32200069311716	2.84977783843067	3.83423982842102	2.53113971644345	0.291552704066724	0.201008286285336	0	0	0	0.975797778271534	0	0	0.0170571403164614	0.337478281175598	0.533284077387297	-0.850825231723689	-0.144059457373466	1.00908080464397
ENSSSCG00000055507	0	0	0	0	0	0	0	0	0	0	4.20505584552585	1.64235690807593	0	0	0	0	0	0
ENSSSCG00000055535	0.628209646323017	-0.748333183884431	-0.249421237308847	-2.62136512456856	-0.256440502953514	0.98178443391275	-1.50326896825667	0.179041163332709	-0.781892797884769	-0.988166031842388	4.85361517812904	-0.177148182312305	-0.652726662371853	-0.467671318694033	0.203150657876247	0.197730367805331	0.0573835913641417	-0.564908415196839
ENSSSCG00000055540	0	0	2.84711054838647	0	3.72298702383778	2.1853520748934	2.71764995483732	2.89383682818431	0	3.7828174898876	0	0	1.33516408081517	0	0	1.34766051480244	0	0
ENSSSCG00000055560	0	0	0	0	0	0	-6.92815433213434	-1.79044059224952	-6.79050369516441	-6.82513384370811	-6.96011963228401	-2.04025600057673	0	0	0	0	0	0
ENSSSCG00000055565	0	1.79951492661963	2.60727598822207	1.76678282276253	5.07085330648814	3.47263188075136	0	0	0	0	0	0	0	0	0	0	0	0
ENSSSCG00000055587	0	0	0	0	0	0	0	0	0	0	0	0	7.85857032051503	6.8939233459789	7.18069938969166	0	0	0
ENSSSCG00000055589	-0.823645204679443	-1.08301979190822	-2.43013816030146	-1.45462844125189	-3.7300946606418	-0.173135612923094	-1.07427982540276	-1.18156371997798	-1.13819613988746	-3.48178019803125	-1.51607418115984	-2.01175461979341	0.428099543992095	0.805901731769011	0.189819366244777	2.03612899799536	-2.79195402253369	-0.26228196030304
ENSSSCG00000055590	0	0	0	1.45425994911778	0	0	0	0	0	0	0	0	-8.96647108100912	-3.13245852302591	-3.45218067802849	-8.95994009784843	-2.16991331041114	-1.06867336395216
ENSSSCG00000055606	-0.0790617416003649	-1.60385939776466	-2.2843134804274	-2.34990346516525	-2.4604543978922	-1.30678012933947	0.27176237059041	-0.476698532746484	-1.00352241448757	-0.554868387236617	-0.0167728681708618	-0.846009959802808	-1.54090111818091	-0.0149754603164336	-1.30695761818123	-1.30615104701863	-2.26508333969633	4.28694762850044
ENSSSCG00000055617	0	1.99057650355124	0	0	0	0	0	0	0	0	6.47354499942426	3.82258508105419	0	0	0	0	1.40268564869381	0
ENSSSCG00000055653	1.49537088225292	2.85661577403178	3.71054121297574	1.07102072431082	1.83000065569626	0.908631210128793	-0.461014295665991	-1.3883618330167	0.142818033218556	-1.89932016968849	-0.663716273874857	-0.315441517334003	0.0950375683285063	-0.224630397233373	1.13934934700995	-2.02526728542806	0.274469451421369	-0.686178478152008
ENSSSCG00000055674	0	1.00903513387154	0	0	0	0	9.79097222121475	0	9.43531869043477	0	9.07846074902144	0	1.12499563101914	0.652326584225875	1.07797897508879	0	0	0
ENSSSCG00000055678	-1.04259312262302	-2.24957878849722	-1.08966238082882	0.249773397853364	-1.94180450027505	-1.61545582890637	0.401955915326741	0.368871452263928	1.29558352478346	-0.200965136316172	-0.158308419719339	0.993256459771755	-4.21956608105773	-3.7123297200623	-3.44286220877378	-4.77723861695813	-2.86427596605747	-1.18158812943407
ENSSSCG00000055762	-5.42026001670789	-3.92427418853862	-4.24380108196244	-2.70355052981301	-4.9170779000434	-4.44068715762301	-3.12178691235454	-3.30579661309251	-3.00116798385998	-10.1174340434855	0.268559871253575	0.491416802344644	-4.16012433990098	-5.97893503462855	-5.94501507068314	-5.58677404617539	-7.42502510111669	-3.40717824049849
ENSSSCG00000055770	0.602511602794219	0	1.60967159216133	0	1.07900775951639	1.46614588606948	0	0	4.29883464841775	0	0	0	0	0	0	0	7.57814583345562	0
ENSSSCG00000055784	0	0	0	0	0	0	0	7.3495063779927	0	0	0	0	0	0	0	0	0	0
ENSSSCG00000055798	2.00977636785531	1.60751630550391	1.40262517266218	-0.99123265100755	-0.560724371072025	0.179073316267406	-3.85687232685413	-3.42002717125818	-3.48279967575438	-4.68690596809135	-1.14748767901558	-2.07601294953808	0.891741176299309	0.434394775884836	0.358516144131291	1.17350619379187	-0.0707400353166186	-0.257738959065059
ENSSSCG00000055799	-5.18217878170328	-12.0322709750322	-17.9879850769219	-8.83809244453276	-5.44631841656957	-2.18768565960325	-2.25024925905319	-3.45444487869653	-5.40215843000424	-6.80131487379602	-2.47377852130529	-2.78166697164051	-2.99024993351711	-3.85090355046776	-3.76073678086297	-6.67674360139443	-4.00233299678759	-1.47361719696893
ENSSSCG00000055807	-0.695959963809226	0.18858801019173	-0.0494100443894566	0.257739660171386	2.91403131603567	0.277895523175316	0.735192391013996	1.43801995221381	0.299892986794314	-1.89599244901442	3.66366372516864	1.65155499069363	0.293151772701514	0.323925903926759	0.185799013291008	1.59567661682911	0.624936835347377	-0.144520810870315
ENSSSCG00000055812	-0.348758284925297	-1.28894762050399	-2.11305245230001	-1.5093548257023	-1.10633429869751	-0.917319760551166	-0.204746171085466	-2.17261644632069	0.0332001220772276	-2.2666090553241	-0.423126719289658	-1.44171452892052	-2.4864787807522	-1.86866887700735	-1.0735468008374	-5.09827689391305	-1.6544369254474	-0.823075446218928
ENSSSCG00000055853	-0.82646769355748	-0.851919653617496	-0.68920267392827	-1.52340810610152	-4.6584797006697	-0.102826726026203	-2.71050046867758	-0.985932769714524	-0.544379987840016	-3.05470144291428	-0.990495250559165	-0.436038183787825	-2.09825218612431	-0.347941152914209	-2.02134943933945	-2.94628350447653	-3.68721634159183	-0.233828352158038
ENSSSCG00000055921	0	0	0	0	0	0	-5.67002575627449	-2.80219237234863	-4.44415224274149	-8.8155595649808	-0.938189981557973	-1.89742124609252	0	0	0	0	0	0
ENSSSCG00000055934	0.43869677013839	-0.332199244511355	-0.582829724309262	-0.234196748080266	-1.3506609409856	-0.872115471259717	2.46989792718592	4.02431590994641	3.17337589881167	1.27523187756784	0.317595250079315	-0.166366630367009	1.31053390769352	1.60011457827227	1.23457206963129	1.79994193115606	0.607296305882895	0.282783792306607
ENSSSCG00000055955	0.275414889744806	2.4824329364749	1.13157440615561	-0.683409749275598	-1.78331667721208	-3.845853280856	0	8.76844299716622	0	0	0	0	0	0	0	0	0	0
ENSSSCG00000055976	0	0	0	0	0	0	0	0	0	0	5.45933102804131	2.66040346947055	0	0	0	0	0	0
ENSSSCG00000055982	0.931875449448232	1.47061146774196	-2.9886254588931	-2.96134108916437	-1.55098522177587	3.6179176013551	0	7.10323655870425	0	0	0	0	1.57701850816329	-0.374705257072487	0.0522898520245746	-0.581768897419401	0.349566431465244	0.110403984602069
ENSSSCG00000055991	-0.0986254554479979	0.358695392145741	-4.26729643592107	0.600261130846963	-2.96366579106206	-6.07994916558972	0.43515485411092	0.036171110808658	-2.48874294598217	0.173149799861589	-2.06631651193355	-2.5482445852067	-0.249598486004896	-0.53847054594062	-4.83401825379945	-1.08614902767206	-3.20822882223704	-2.95971162953408
ENSSSCG00000056047	0	0	0	0	0	0	-2.23701750890836	-2.22991512693547	-1.92659324323454	-3.95200697989817	0.378109210529111	-1.10408955595377	-3.67128895652011	-7.77926373579298	-7.73223033135518	-7.70095594433493	-3.27367702646231	-7.66256027807742
ENSSSCG00000056055	0	0	0	0	7.30430492476965	0	0	0	0	0	0	0	-2.28485191447058	0	-0.787346342482463	0.549527132892674	-2.4422774676268	-2.75497651974649
ENSSSCG00000056056	-0.0154240479331029	-5.1336835873524	-2.78402688329225	-4.03001474784717	-3.19064375807141	-2.08883543956706	0	0	0	0	0	0	-2.23407394813363	-1.88899029181077	-2.59849222780034	-4.47163965435519	-2.71126552192623	-0.622295969080647
ENSSSCG00000056093	0	0	0	0	8.6654880380758	0	-4.72816487045789	-3.17281120491752	-2.58249655152946	-2.95088889143538	-3.41467029877528	-3.59294934890196	0	0	0	0	0	0
ENSSSCG00000056099	0	0	0	0	0	0	0	3.30731439059366	3.39326246187958	4.79767321815484	0	0	3.11135391524827	0	2.62496974152007	2.75134624163808	3.16286377729285	3.14714642299399
ENSSSCG00000056112	0	0	7.35353078962065	0	0	0	0	0	0	0	0	0	0	0	0	0	0	0
ENSSSCG00000056178	-2.27503000146711	-7.53377360221889	-7.3730360067312	-3.57605687947431	-2.20418061038695	0.279556118709591	0	0	0	0	2.19626439463436	0	0.255177109533701	3.6582464709413	2.5800127857564	2.25829294487962	1.72215724994927	2.59830324484166
ENSSSCG00000056234	0	0	0	0	2.13486466049815	0	3.69117210812708	2.59686963140196	2.23495342758844	2.79192541886775	1.41522939014714	-0.0739224443859827	-2.7342298323423	0.0520267157570789	0.308185967970632	0.780322226999288	-0.508274347878226	-2.64903530727229
ENSSSCG00000056251	0	0	0	0	0	0	-8.87353437586859	-8.87017631871918	-2.86190010933957	-8.76985916326611	5.08003209220894	1.01392203443761	0	0	0	0	0	0
ENSSSCG00000056301	0.362386855941148	2.49627577315815	2.52509299000712	3.83386586003254	0.720137657745442	-0.099335378038131	-0.0745469208685576	-0.131692395440632	0.435667255227698	-0.158957246304368	-1.04192691089064	-0.358344604964626	1.43980310915732	-0.220280139950914	0.0571564688832701	0.284520886611332	0.467681567292587	-0.926690533634726
ENSSSCG00000056309	-1.49906151059766	-1.23683416973909	-1.62341426717819	-1.24649683546876	-1.20751103944804	1.73062473000246	-2.93458699459033	-3.46603846632096	-3.03005047745955	-3.15670241624667	-0.482445899841805	-0.129664068118714	0.0926050110930276	0.556467794171744	0.432510239787442	0.0540185896741568	0.244185823782866	0.296235613888275
ENSSSCG00000056318	0	0	0	0	0	1.36128729410759	0	7.42306458578438	0	8.07907967976195	0	0	1.6812727289219	1.94717919946576	1.28812641913236	2.31037193701168	0	0
ENSSSCG00000056332	-4.13386069008615	2.38514185445843	-2.87088811392424	-0.725449121877318	1.49224901184479	-0.306087940256566	-2.82980931146026	-0.938373068744123	-3.72635378796872	0.0588816751464214	0.767890332296405	0.726411765548297	-3.60610089591376	-0.326472473992834	-3.65352290224025	0.478588098060119	0.157117031883871	-0.217544826677452
ENSSSCG00000056352	0	0	0	0	0	0	0	0	0	0	0	0	-2.79573655093018	-7.4589765171178	-7.41199745660826	-7.38076019706343	-3.50722147519315	-0.753853543139175
ENSSSCG00000056364	-1.2109467212921	-0.268734430817346	-2.08711102255205	-2.37218055559872	-4.36951324978912	-1.17505022516107	-2.51042538745119	-1.92532011209592	-2.19992386655905	-2.2817026669505	-4.51471882149842	0.246551261571278	-3.97089804354482	-2.71263467083009	-2.74604356479952	-3.07134868029939	-1.70233820782764	-1.49148459730334
ENSSSCG00000056379	-0.651966856358999	-1.71410383791482	-2.83881024804235	-5.53916829952967	-2.19150954752878	0.999670045228001	-1.53551223425797	2.93953374223379	2.79311041946946	2.24952901884812	3.84321588065101	-0.144352320556347	-5.08332773236517	-2.10657260492221	-2.24548486644894	-3.66723174795081	-1.14694149967534	-1.99485129744391
ENSSSCG00000056400	0	6.4915690552304	4.90483241805615	0	0	2.99278212144325	2.45602097404822	6.08757748989356	4.95942163827253	3.64232437517642	2.06977413321066	0	0	0.93437176262448	1.82385570019947	0	0.909193184364103	0
ENSSSCG00000056414	0	0	0	0	0	0	0	0	0	0	9.65512514240317	0	0	0	0	0	0	0
ENSSSCG00000056423	0.759951998666308	1.81994670302599	0.753019935563892	1.02667730808458	1.06450796311108	0.737009872362057	2.52487602245905	2.83892756536695	2.59857252870882	3.25556947527954	0.665836071363134	2.24107249987635	0.345880117436955	1.67658681294311	0.83654080005536	1.21712376314709	0.582012728567865	2.44359665581014
ENSSSCG00000056433	-0.690762098428542	0.0791011006348581	0.187356576044187	-0.00747599628205127	0.805352157962431	-0.341183792488732	-0.349777438130045	0.410107405784869	0.914385031026403	0.3383364785006	3.26073418853211	0.859310644142147	-0.799679142432975	-0.291658804092347	-0.492751203425582	-1.01717835962948	0.0424660197367697	-0.969641823610244
ENSSSCG00000056489	0	3.46734536931644	0	0	0	0	0	0	0	0	0	0	-2.58795277399107	-3.69061247427497	-8.17403987005106	-8.14272607526445	-8.23497899425893	-4.02761444858481
ENSSSCG00000056525	3.70402114369156	0.947288176096788	1.61607926484541	6.18655436817288	2.16992097603598	0.631859122697431	-2.04816172007869	0.458093147900643	2.89850661688061	2.00541625207037	-0.169375958520887	1.1129288705668	-1.22226844757535	-2.75918046042782	0.368859772142553	0.308825291056014	-2.26062159031628	1.99504467089795
ENSSSCG00000056539	0.421100766898965	3.13221912785248	3.77078648338134	1.04236940359682	0.48787238989344	-0.129136960736253	1.29199416848435	1.25113821972281	0.582936288696355	0.878106790212344	1.15189582364133	-0.0745136897093942	2.45157477666325	1.38247923177166	1.37719908856246	3.05126325085046	-0.74054560379045	-0.519462159854928
ENSSSCG00000056587	-8.20513916873809	-1.40842939361879	-1.0550442036305	-2.01667562918175	1.26841978603003	0.0750531477410164	0	0	0	0	0	0	0.0807279973260965	-0.0539898897700095	-0.637428124216666	1.72922448072868	-0.490245879324513	-0.820571801382571
ENSSSCG00000056685	-0.993955038132219	-1.03718643495826	-1.55926415110432	-1.80633698421398	-1.62267617046174	-1.80325750333428	4.61751372074302	2.61933334696499	6.09683272202336	7.69548666190032	3.60721118324361	3.7251769716805	-0.0163744663551835	0.504970631089593	-0.890377809187037	-0.192536901933999	-0.373886444506441	0.116940532381719
ENSSSCG00000056711	1.34875798402616	0.283992530998042	1.71020596888524	3.92011122578567	4.48805013362396	0.477022692754984	0.171669950074149	-0.574910733112111	-0.96440791367099	-0.0556644321754965	1.68405891813354	-0.362073317424703	-2.0093626061578	-0.794402789287651	-3.45218067802849	-2.81790516553365	-2.99050874127406	1.90077811241473
ENSSSCG00000056727	-2.3484928496293	0.0500862469326246	-2.12273907729815	-2.95673555600616	-1.59410245814766	-2.8644102112284	-1.96608035723433	-1.38784007032366	-1.65858918187938	-1.16727625390266	0.45576318089069	-7.21755948555386	-0.190241237376315	-0.76696885973279	-2.04965644111431	-1.14729764270832	-2.89116715378894	-1.12617154342076
ENSSSCG00000056729	0.127228098712709	-1.56843316313987	-1.9731002535649	-1.50864939293142	-1.80680842473559	-1.39417668253554	-0.267262071344336	-0.153917035805029	1.32424075181662	0.501297278407504	3.54933317813876	4.81763866729265	-0.694971883710763	0.585464421358967	0.737342861249103	-0.0984727037105345	0.328485315843115	0.191971999262745
ENSSSCG00000056742	-0.411597180580374	-0.880435133184999	-3.68462971491855	-2.28828666475986	-2.71716124544932	-0.639424699528062	0	0	0	0	0	2.66040346947055	0.17304343732349	-0.333336169608732	-0.0632248711108921	-1.06859235648177	-0.315024938143042	-0.595889324689771
ENSSSCG00000056762	1.08071459982191	0	1.16975573770389	1.41795324908079	4.73581526975181	2.33333240892208	0	0	0	0	0	0	1.44653413741392	1.72444333112913	0	2.77157992973905	0	1.5329467860595
ENSSSCG00000056766	-2.89742180497938	0.133428125008722	-0.166472934002155	-2.07693355521735	-1.51060104700316	-1.66636363901945	-5.41927143052022	0.288406012360355	-3.1699300693036	-2.93366378199298	-3.09417644887907	-2.65068757991442	-3.18188615243513	-0.238397397947201	-2.42595896716739	-2.49470750919888	-3.27274543315213	-2.95730679253636
ENSSSCG00000056769	0	7.71945391149121	8.68522626711969	7.02981416141975	0	0	0	0	4.14478680159923	3.48272333745685	0	0	0	0	0	0	0	0
ENSSSCG00000056785	0	0	0	0	0	0	-1.38637820084286	3.05660600658994	1.13931843976218	0.619827046759561	3.96490123227304	0.337143926204813	0	0	0	0	0	0
ENSSSCG00000056807	2.92515118638536	3.69752478799529	4.34682779553275	0	0	0	0	0	0	0	0	0	1.09246680478759	0.656044772561533	1.00580777012669	-0.28884418819695	-1.09107167471745	0.925870427877852
ENSSSCG00000056837	-2.96867488777097	-1.66103156006755	-3.43843292282021	-3.41112399566179	-2.00087516894881	-1.09542885663834	-1.79747224111347	-1.79044059224952	-2.45395991330621	-6.82513384370811	-6.96011963228401	-1.47031024643	-2.84488942426739	-0.937781413531455	-1.23940466534945	-3.14530380148438	-2.1731574941747	-1.19679631998424
ENSSSCG00000056843	0	0	2.55033341476724	0	0	0	-7.24771116728415	-1.79630223281156	-2.77327914172385	-7.14451500384653	-3.14193207231745	-1.57198447103307	0.880855388650038	0	0	1.03002847124023	0	0
ENSSSCG00000056862	-0.245192616484738	-0.671719748677805	-0.119055136751642	0.0809469339340731	0.574082985992905	1.26446369995682	-1.04596908093049	-2.16388167461584	-2.45553631647346	-3.21306460772217	0.38740385881428	0.138569084625028	-1.03436513133885	1.50697140648658	1.042439197413	0.8728874240074	1.13418926563582	-0.451107764733002
ENSSSCG00000056890	-1.86149637329359	-0.100236293398056	0.683897952142469	-1.34426114109403	-1.46446124833739	0	0	0	0	0	0	0	-2.93245644403506	-0.615061997299351	-3.53381679227427	-7.51747654793985	-1.13810758239268	-2.84626337728251
ENSSSCG00000056910	0	-3.62750245352038	0	2.5866092047332	1.59863951520777	2.47176399329155	0	0	0	0	0	0	-5.01404946008396	-3.93883693569189	-3.78410770378881	-4.01176017279939	0.597352988412505	-0.53807188096573
ENSSSCG00000056949	0	0	0	0	0	0	7.18630565229351	0	0	7.2254268213961	0	0	-7.31371801896957	-2.45554251444375	-2.76862427519907	-3.2653205772889	-7.39921911121928	-1.44726026366948
ENSSSCG00000056988	-3.43617723353414	-1.81106311238848	-3.90587555927428	-8.07150723112873	-3.99741411628802	0.725115826522743	0	0	0	0	0	7.55571306913392	0	0	0	0	0	0
ENSSSCG00000056997	-2.22949568885876	-1.26184042889038	-1.25527014677505	4.28242843415139	5.46017169558773	3.37816539340037	-1.79579700910703	-1.67785913924245	-2.26673376770028	-0.2224505558437	-0.411427092782997	-3.03921423356274	-2.06735096348636	-3.46385856863714	-3.93028418554821	-2.06678987496402	0.490663654996522	-0.294681921885545
ENSSSCG00000057054	0.553957962392944	0.684309867213306	0.125360077672889	0.535059564743266	-0.0324098815782201	-0.102518405254989	-0.284889669013921	0.303690873572233	0.346352975118032	1.46159643187718	3.70377163141512	0.985337980394842	-3.17225812617452	-1.61248291064001	-1.52493079930403	-1.46527905107347	0.639439397216003	0.319548191992182
ENSSSCG00000057055	-1.06162107415848	-0.335716831400079	0.0173736850322058	-1.92389036246308	-0.373481653399291	-0.102341724883246	-2.00789429194205	-0.0421745747520539	-0.726621169247131	-1.38024269839045	-0.694146290971512	-0.0741840573675674	3.89752861889904	4.78407915439185	4.12061483053811	3.6308254622767	2.36350884467571	3.70400751973813
ENSSSCG00000057079	-0.653922664651764	-2.1229402970759	0.337944945879914	0.779678483838356	1.85663725320581	1.11587556876037	-1.24842675789512	-2.01970006063907	-1.08261669788153	-3.52734213874061	4.41150809548303	0.69596897556483	-2.67013259138086	-2.80436066695766	-2.71710371672324	-1.67294838330024	1.21312541821955	-0.866937208689678
ENSSSCG00000057082	-6.45647668477948	0.742086776574614	-0.041527042976721	0.0432227943557519	0.320126272597894	-0.031009545731676	-8.44396950898559	0.179325225475526	-2.21357125704063	-1.93754329567856	-2.59071352336709	-3.55669441859972	-6.46019824716242	-0.292924855891505	-1.26954716227881	-0.545759020167212	-1.60741306151539	-1.03937276112434
ENSSSCG00000057125	0	0	1.36339715780727	0	0	0	0	0	7.2726686920741	0	0	0	0	0	0	0	0	0
ENSSSCG00000057140	0	0	0	0	0	0	0	8.55597550472108	0	0	0	0	0	0	0	0	0	0
ENSSSCG00000057151	-1.47683856414616	0.0712176321765053	-1.89460390576089	-1.6769932065736	-7.86735805746563	-3.92523841595254	0	0	0	0	0	0	-0.454572207215468	-2.01804831499497	-0.377526691258685	-1.30264148423955	0.166716779136789	0.749399894302889
ENSSSCG00000057157	-0.897961212901754	-7.99362046815497	-2.77700672476669	-2.43548702061423	-0.381730197527709	-0.51575238359355	0	0	0	0	0	0	-7.38726511398482	-0.565053171138902	-3.39708357620691	-2.38333792328336	1.04514162162246	-1.73894021973279
ENSSSCG00000057160	1.45205029446252	1.67749015630534	1.30227527657297	3.28559756018244	3.61985829356307	1.01696462802406	0	0	0	0	0	0	1.92651016740636	2.63691958386482	1.99004630824691	4.85851909168539	3.76131108160986	1.18276635871726
ENSSSCG00000057206	0.688212884758329	-2.22396912268594	-1.58560469266533	-0.369073157837731	-1.03709156737072	0.341162118702285	-0.865813291405665	-0.0592642001482236	1.08261399249706	-0.37336486844358	1.95545361704249	1.22956353085504	-3.78302271505856	-1.07072598920285	-1.58183898413846	-5.29588843034583	-0.723730299173571	-1.77929003455528
ENSSSCG00000057215	-0.253656612127526	-0.779402784678035	-3.62946618552768	-1.38072846401074	-0.28221541010791	-0.208382379070911	-0.798787219747643	-0.720472358401341	0.163822619975694	-1.25617347847926	3.12695224114605	3.79962863625578	-3.5285323287379	-8.59200052070134	-3.57528422650016	-3.51611195433649	-1.55487645775674	0.603602003006051
ENSSSCG00000057223	0	0	0	0	0	0	0	0	0	0	0	0	-2.12461795907154	-2.67080445113947	-9.10656059889417	-4.07777217026189	-9.16759841381051	-9.0366833512224
ENSSSCG00000057225	7.06016675756189	0	7.10725635526659	7.02981416141975	7.51456381123589	0	1.73861151205993	0.944334354992109	2.35499727921484	1.89667008230107	0.746270203611027	0	-0.109870566603066	0	0	0	-0.58629755364793	0.457533310705335
ENSSSCG00000057273	0	0	0	0	0	0	-1.81227506164557	-2.47080164552883	-4.37773218995137	-4.45551902964535	-2.85808862791884	-4.90624900756745	0	1.63214243389117	0	1.87009537539575	0	2.46435891697253
ENSSSCG00000057321	0	0	0	0	0	0	0	0	0	0	7.86696993628324	0	0	3.41801876200969	0	0	0	0
ENSSSCG00000057335	0	7.82588008830447	0	0	0	0	0	0	0	0	0	0	0	3.00440278974513	0	2.9970741968279	0	0
ENSSSCG00000057365	0	0	0	0	0	0	-2.92656315517845	-1.77768507520304	-3.450531131911	-3.84632438676643	-3.56922117795351	-0.251295453501648	0	0	0	0	0	0
ENSSSCG00000057369	-0.698460548663257	1.45427899720655	2.11919503656602	1.21287930837782	4.50128503015062	2.89769006681863	0	0	0	0	0	0	0	0	0	0	0	0
ENSSSCG00000057393	-2.78853130607533	-2.5412995401088	-2.99565022158942	-3.66010272472611	-2.6238477036937	-0.952109215642102	-2.04816172007869	-2.23217453876826	-3.70864278829087	-1.29785685427015	-2.41262651706883	0.250550550976436	-2.92136577572468	-3.1737301137591	-3.48253375802506	-3.21029338417591	-2.93079414922957	-1.25496564468835
ENSSSCG00000057439	0.0960009636594657	-1.53180638813048	-0.392523514516445	0.625002290029893	-1.46446124833739	0.765462603874071	-2.13480667299987	-0.849193665549205	-1.00126480578655	-8.30876400045059	-1.79169225667228	1.1036404162856	-0.78617129448086	-1.24144762474343	-1.15355298866485	-3.37900314769892	0.0492081315331444	-1.01844498704035
ENSSSCG00000057453	0	0	0	0	0	0	0	0	0	0	0	0	10.4059456740482	8.13481049470605	9.76993673075241	9.23932659297474	10.08092268061	0
ENSSSCG00000057459	0	1.87678423387872	1.39015854589292	0	0	1.29491597450813	0.926254140068889	3.09736863885481	3.40272022328656	4.21115983448808	0.493018226860455	-0.0745251086100531	0.400331986028308	-0.244903006858341	-0.157376280496129	0.674355539367108	-1.47407854737165	-0.243085232395566
ENSSSCG00000057496	1.69444373627188	3.30905345460537	2.8977075198065	2.44702979996375	0.0402942639762175	-2.30084382600651	1.47505752734758	5.66734824873506	5.40303292406848	2.90096731962994	1.86198989765373	0.0769035601328841	-0.0325189707312247	-0.936419552736011	-1.70265207058709	-2.27321465985072	-0.940333308288163	-0.4727362472581
ENSSSCG00000057502	0	1.57923113995322	0	0	0	0	-1.9563273711417	-0.601260880150899	-1.64641034048404	-1.94679229498534	-1.25590449910629	-0.170351215419142	5.64911324200226	0	0	0	0	0
ENSSSCG00000057512	0	0	0	0	0	0	1.81300003895838	1.3826549097153	1.68433064564617	0	4.25893398482069	0	-0.970507931818788	0	-1.58682657733058	0	0	1.59415553191512
ENSSSCG00000057515	0	9.97936685239822	10.9048623003034	0	0	0	0	0	0	0	0	0	0	2.36392573542102	1.62011186987374	0	0	0
ENSSSCG00000057521	0	0.159801904454192	0.321103086796899	0.212974185531446	0.351955188584992	0.569360321284357	3.94877914086195	1.38910589761971	2.68866911150756	3.44172049703793	1.727941248628	0.450443602232506	1.43264680813372	0.819934420673715	0.804712248261119	0.618635595049219	1.99041889823596	0.879428509214745
ENSSSCG00000057522	-1.85939416098011	0.208967195147503	-0.42384664630666	0.835812204571565	0.608986142591423	0.408841943801012	-0.951557982306616	-1.03341179394109	-2.9522198707514	-1.11146044925151	-7.6460178175923	-5.03952834164717	1.14458073689134	0.372122127100022	0.602669289130634	1.53238010306665	-1.11281171336978	0.16536863643215
ENSSSCG00000057525	0.373868311303176	1.14634072187649	2.04164398825046	2.19279271734927	-2.32393183645068	0.914479937831227	-0.491901714470267	-0.983166182325892	-1.44810207496341	-7.57482838760688	-0.125758979312336	1.23262288076983	3.39730674734336	1.08355251267019	2.40968741470113	0.234668517805124	-0.0952206086079122	-0.54304245256109
ENSSSCG00000057578	0	7.02328612436064	0	0	9.13724792632023	7.28063061559649	0	0	0	1.12197997571808	0	1.49137475861956	0.88478787491101	0.130713214380191	-2.12971908405435	1.72314661954809	0.490599174879029	-0.0228967128056904
ENSSSCG00000057579	0	0	0	0	0	0	0	0	0	7.13295998095398	0	0	0	0	0	0	0	0
ENSSSCG00000057590	0	0	0	0	0	0	0	0	0	0	8.14598687458164	7.96883231062618	0	0	0	0	0	0
ENSSSCG00000057615	0	0	0	0	0	0	0	0	0	0	0	6.88223460300644	8.97069658669864	0	0	0	0	0
ENSSSCG00000057631	0	0	0	0	7.63943706098117	0	0	0	0	0	0	0	0	6.80162244874094	0	0	0	0
ENSSSCG00000057642	0	0	0	0	0	0	-2.84363491787688	-2.83670404319252	-6.87719971235094	-6.91184805313995	-7.04690072620707	-0.832293382655545	0	0	0	0	0	0
ENSSSCG00000057650	1.7675101578449	-0.840505810375355	-1.92753969266107	-2.68828795271395	-1.23315419989098	-0.530229975556826	0	7.49305355393176	8.02375005396059	0	0	0	1.68404160694153	1.88839426298859	1.69668417287628	0.758572697425001	2.253158640476	2.37660398412265
ENSSSCG00000057651	0.279931626248423	2.28613642170273	2.9871734090382	1.3358530262311	1.69376855408143	-1.09405465050438	4.48525804113288	3.04521614927174	3.1946691230773	2.17135036886624	0	0	1.45998953480997	2.05925854985218	2.28382188963591	2.7409694265438	0.806164874649714	0
ENSSSCG00000057664	-0.782103044799146	-5.87916120734678	-4.18997084111864	-0.0587443962095691	2.09182334649517	0.941030259838433	0	0	0	0	0	0	4.3177671819784	7.04907878720257	6.81077555326603	0	0	0
ENSSSCG00000057672	0	4.06299386577997	5.73710463553823	4.16373063970874	0	0	0	0	0	0	0	0	-1.68762165925481	-3.38204310662169	-3.60761985981061	0.109689143700922	-2.42653493358874	-1.91883133360869
ENSSSCG00000057674	0	0	0	4.52756559745096	4.7767096041525	4.77452133689685	0	0	0	0	0	0	0	0	0	0	0	0
ENSSSCG00000057692	-2.40359123731193	-1.90063177485702	-1.07381589748669	-5.81553912160988	-5.29010065432044	-4.39487003604183	-1.62047940497608	-3.55219691103629	-7.59226240084656	-3.33564525243642	-2.6662742882113	-0.876943896056034	-4.25532339607193	-6.12822694247567	-4.66637630008486	-2.45867824258641	-3.69490276094291	-0.430113801520155
ENSSSCG00000057701	-1.8266630545546	0.0944491385857299	-1.73657455272037	-0.405071586813807	-4.18832257402051	2.8837545635221	0	0	0	0	0	0	-1.60094888258987	0.185131607054327	0.753408910853844	3.92077924752936	2.32775848002061	1.23028943955947
ENSSSCG00000057707	0	0	0	0	0	0	0	0	0	0	9.10044662125995	0	1.34381678461078	0.211410929140001	0.953267709655253	0.0709625782404405	-0.462652531955766	-1.42545480902152
ENSSSCG00000057824	0	0	0	0	0	0	0	0	0	0	0	7.29421143522348	0	0	0	0	0	0
ENSSSCG00000057847	5.67980997392539	0	0	0	0	0	4.75432478424286	0	0	0	0	0	0	0	0	0	0	0
ENSSSCG00000057864	0.0959111093048301	0.148122531070122	-0.93409042087305	-1.22018137449868	1.26751000980321	0.0222369717244951	-1.29019341024701	-1.45070067578675	-1.81468231461398	-7.46440230859401	-3.46200207378396	-1.01110999682954	1.1034454012769	1.51659229710932	1.63896512445008	1.55480826041739	1.52591366513044	-1.5780907342869
ENSSSCG00000057867	0	0	0	0	0	0	-2.59974111127431	-7.72707382655596	-7.59226240084656	-7.62702553203128	-7.76250014547346	1.39931108281084	0	0	0	0	0	0
ENSSSCG00000057883	-2.11777987241156	3.56843849458243	4.65092578170985	5.86910559134707	3.63693566673411	2.98977025564431	0	0	0	0	0	0	1.45188394552207	0	1.81701308840076	0	0.974496175012858	0
ENSSSCG00000057885	0.0964527736654117	-0.967872616731187	0.426203527806546	-1.23187082113917	-1.35327028719869	-1.54720669663451	0	3.88731122790301	1.96255738869428	2.95883822516479	0	0	-3.3778236559622	-1.81809144111427	-2.04775275785389	-3.92093972127515	-2.56742800816907	0.156917986657809
ENSSSCG00000057901	0	0	0	0	2.16244939332935	0	3.5472368657991	5.56470927341763	5.69002653054616	4.39621985399256	3.11204065078013	0	0	0	0	0	0	0
ENSSSCG00000057908	-0.462603500813879	-0.284855197935613	0.588707977238762	0.214766976119002	-0.53661541007352	-0.470123326833818	1.82354953175196	2.15043062298009	2.71369562090962	3.95044484263303	1.92565274242444	1.66681973100629	0.472710367310233	-0.620744743924835	-0.158367996910714	0.465170719853121	-0.364713267642942	-0.35902132693139
ENSSSCG00000057912	0	0	0	0	0	0	0	4.41322668596781	0	3.77066987600363	0	0	0	0	0	0	0	0
ENSSSCG00000057944	0	0	0	0	5.07144356411197	4.46010473405578	-0.167772376364066	-1.15502692188094	-1.74889756749766	-0.671396039168258	-1.54852933304526	-3.28186156701719	0	1.31344384423032	0	0	1.16440599393806	0
ENSSSCG00000057968	-1.26074205304786	-1.72291387008876	-1.9720651747394	-1.21259206628134	-3.05162427509824	-0.646663864668125	0	0	0	0	0	0	-0.762475325545271	-1.54675659330932	-0.645553272190397	0.045257663303694	-5.38509016918929	-1.32304995705934
ENSSSCG00000057970	-0.0664197254780259	-0.243693443115776	-0.489951972630076	-0.421211797475288	-1.42620076737438	0.0553188279088024	3.78888310291657	4.19994640964751	4.80075962486802	6.49402515277919	5.47299191918323	2.94467729656112	1.02091450902039	2.09272708184726	3.43700210223538	3.55954193727441	4.82340750569914	-0.209983030966655
ENSSSCG00000057979	4.19720600004115	0	3.72292834323825	4.66606101323788	0	0	9.51713807455537	0	9.14849581250113	8.77364292116396	8.70074948751145	0	2.9361262754632	0	3.65463077454595	3.23960110697912	0	0
ENSSSCG00000058011	-1.61980876908683	-2.38410215501774	-8.34005211133046	-4.13401449584576	-8.38486317067679	-4.44286606228902	0	0	0	0	0	0	0	0	0	0	0	0
ENSSSCG00000058012	-1.6806831316534	-0.196294123482836	-0.802333196997437	0	-2.64291771597384	-0.89961526120983	0	0	0	0	0	7.55571306913392	0.469709592960326	-0.368608523218832	0.0630056711300687	-0.221731641505443	0.387181436326427	0.63462924054382
ENSSSCG00000058017	-0.218505862521717	4.59270196473344	4.6263727920308	1.99633448492691	-0.647948294699589	-0.728442486190113	0.320398930013221	1.17930975006307	0.789689432829062	2.23778625931656	0.335828426687951	1.17866849624816	-0.995902969796235	0.195526607801941	-0.663997264238581	-1.18845352258232	0.863992402731625	0.0545247981174387
ENSSSCG00000058028	0	0	0	0	0	0	0	0	0	0	7.81473138298005	0	3.54569298281912	0	0	0	0	0
ENSSSCG00000058051	0	0	0	0	0	0	-3.15248303067778	-2.46454567792796	-3.31044304258206	-11.5677168220765	-3.69059279668079	-0.610351092187019	-5.15334793982474	-5.8404910221832	-6.66822375433474	-1.53397767435678	-4.91216255773228	-4.09633123992845
ENSSSCG00000058062	1.40450281157304	0	0.982970143582332	0	0	0.696007328761319	-0.340655935443094	-1.54791041042693	-8.10459099478145	-2.09428374084901	-1.88245450003167	-0.488114615009464	1.34057071607025	0.352156407742326	-1.10662144936476	1.73767694215059	2.17000743155966	-0.221391164353793
ENSSSCG00000058078	0	0	1.16628791924875	0	1.20947149524812	1.63906059139976	4.95706221091464	3.04156988852267	3.46217641526538	5.02258477251939	1.89530961992892	3.49025008894795	0.873097512559956	1.31825414441341	0	0	0	0
ENSSSCG00000058105	0	0	7.35353078962065	0	0	0	0	0	0	0	0	0	0	0	0	0.409819179239487	0	0
ENSSSCG00000058119	-1.13328104160078	-2.19301267473066	-1.84184788028104	-7.9464638132092	-8.0042998149663	-0.97244206076245	0	0	0	0	0	2.47454472423652	0	0	0	1.14545738268588	2.62629400689172	0
ENSSSCG00000058139	0	0	0	0	0	0	0	0	0	0	0	0	7.27671246355353	6.8939233459789	7.83601166002517	0	0	0
ENSSSCG00000058216	-0.710279043625708	-1.15799821588025	-1.89810178975305	-0.366550175110417	0.758318113545811	0.941094772410457	2.64449480381059	2.97342298696235	4.392629137359	4.79281276890121	2.91142069905432	0.0606577472179378	-0.860869032753524	0.72493906124128	1.71646518028194	-0.286857662819098	1.49015200856028	-0.388265395100521
ENSSSCG00000058221	0.820552994076887	2.32208617734841	2.74540981146365	0	5.23298244438443	0	-3.76570396492317	0.673116287455801	-1.2622215037386	-3.54860902652128	-2.35172200546933	-1.3390589581418	-1.54027409742394	3.97299996149713	0.697787373274723	3.66584563553202	2.96933473586785	-0.476098777235519
ENSSSCG00000058240	0	0	7.49708031378069	0	0	0	0	0	0	0	0	0	0	0	0	0	0	0
ENSSSCG00000058255	-0.315754880414694	0.160748987506749	1.25225543793812	0.414845853215081	-0.524457608372363	0.741454818422787	3.53776076863734	2.03173639522915	3.07170401393813	2.50255353524808	-0.914883784169866	0.51668249272583	1.53270151331045	1.91733908894023	1.4429885629046	0.484093336488922	-0.207304846335761	1.59955327652672
ENSSSCG00000058261	-3.22380389120928	-4.59177964326103	-9.56943989757125	-5.36337895822158	-2.55624145088757	-0.694110168507744	-2.18925381047648	-3.02266418124493	-4.42132637640856	-3.78530968539818	-3.41467029877528	-1.7515459445277	-3.81598968319632	-3.2473715888324	-5.29306848831429	-5.23383701682554	-1.59223912829668	-1.05187706122551
ENSSSCG00000058262	0	0	0	0	0	0	-8.09148285348345	-3.91325304968248	-3.61662638274839	-7.98797289442822	-3.98579662768143	-1.15133732169164	0	0	0	0	0	0
ENSSSCG00000058265	0	0	0	0	4.33282968753286	0	-1.79747224111347	-2.74993984156184	-2.45395991330621	-3.46189481708944	-2.82232323395991	-2.99612142335245	0	0	0	0	0	0
ENSSSCG00000058266	0	0	1.04548954594448	0	0	0	0	0	0	0	8.11010611451163	0	1.66671913573975	0	2.80516433533616	2.6724863258102	2.39515570948863	0
ENSSSCG00000058302	4.50703923985992	1.31542054506584	3.1033489323793	6.63621891515197	0.557845555834113	-1.45799938837232	0.751157104282219	2.84795482344483	3.24288769638283	2.75812136497502	2.69668572012581	0.146136691509043	3.93822755336856	0.986516381832433	3.75122103901327	3.98178686007939	-1.12930842727266	0.101387791751486
ENSSSCG00000058308	0.793857296566233	-0.492865279702809	0.186986002964916	1.35584951748832	1.293683646181	0.767587105959833	2.58016724374646	2.23466600248828	1.92101862108675	5.95885041668175	-1.00523797070685	-0.315882684309169	0.869637974199878	1.70757148535684	1.48880540493774	3.38563821064487	1.5314424467134	-0.526577068142883
ENSSSCG00000058318	0	0	0	0	0	0	0	0	0	0	0	0	-9.95296764894972	-10.0250283935143	-9.97782245120301	-5.90453559788422	-10.0389095033258	-1.10876283949502
ENSSSCG00000058335	-1.57337746052517	-1.96475413894206	-2.21298924808559	-8.48520335406533	-1.02854745436069	-1.2237364747836	0	2.78330433957185	2.25227492958784	0	2.59005143132309	2.28299464952771	1.44653413741392	1.18937853260921	1.71874976271376	0	2.64769410624853	1.85187362730915
ENSSSCG00000058349	-0.34477098207842	-1.66276955913988	-2.65584891178564	-2.44779014534279	-1.68275665945334	-1.04972290009162	-1.2744076502145	-2.6480407347946	-1.9459858707862	-7.2810912535716	-0.763593778794539	-3.45257838571787	0.522292709840421	-0.397038032387433	-0.22764587513204	0.905227112537036	-0.353935555135628	-1.83869535877642
ENSSSCG00000058362	-0.89724620351162	-7.80178380691835	0.332855390818751	-1.57791680512721	-1.69938994487567	-0.32388051928582	0	0	0	0	0	0	0.611820105580675	-0.521157800569957	0.75908657437264	-0.533019889434937	-1.26757592685032	-0.590437406295939
ENSSSCG00000058401	0.767403547620356	1.21552049815328	0.764511146118831	1.83402305702352	-0.633717198699537	0	0	0	0	0	4.47776722444351	0	0	0	0	0	0	0
ENSSSCG00000058404	0	0	0	0	4.62101908750596	0	2.33167125232663	2.75316781888225	1.66827690860469	0.67801720076301	-0.116334962086606	-2.80503205435096	0	0	0	2.82843451186224	0	0
ENSSSCG00000058421	0	0	0	0	1.07672099139441	0	0	0	0	0	0	0	7.5967785740339	0	7.103249225948	0	0	0
ENSSSCG00000058440	0	0	0	0	0	0	0	0	0	0	3.91992760134654	0	0	0	0	0	7.46329761424407	0
ENSSSCG00000058443	0.384088797415642	2.18626732561706	2.98548976013664	-0.0470461380258604	3.20844731382097	-2.63669108545545	3.1486219358854	1.05873760106881	3.71712019314491	4.60160635165742	0	0.569074029065282	0.624272991041641	1.5576800100087	0.00348165161584566	1.26154065032446	-0.804015290090238	-0.555374827585515
ENSSSCG00000058459	0	0	0	0	7.51456381123589	0	0	0	0	0	0	0	0	0	0	0	0	0
ENSSSCG00000058464	0	0	0	0	0	0	0	0	0	0	0	0	0	7.589689731498	6.93463520470161	7.28275833649834	0	0
ENSSSCG00000058473	-1.46952274145378	-7.1679413788291	-7.08988267023438	-7.07686029944562	0.169799512602243	0.118578190152364	0	0	0	0	4.53486626056016	4.30134841169016	1.84798531653822	0.916393030914304	1.56880155882843	0.833629094296753	0.597278785176348	1.29010324277216
ENSSSCG00000058484	-4.27165736714455	-5.30057410248736	-3.03567996325736	-5.11491905409143	-1.78750409995465	-2.91404376773281	0	0	0	0	0	0	-2.31400719848043	-1.89498942389909	-3.53496729247122	-4.05388548859829	-3.09987078112079	0.900978796749124
ENSSSCG00000058517	0.0958035059390768	2.59407237761263	2.27660279307909	0	0	0	-5.75731329319584	-2.88947950069933	-3.56757516359108	-8.90283403867133	1.70905355820197	0.177242284361823	0	-2.97147802517654	0	0	-2.04305288677486	-1.22817190898918
ENSSSCG00000058521	-1.89828398113362	-2.20105041650454	-2.65114849012574	-4.49992001606453	0.517446994843717	1.14118049893857	-1.30606591758437	-0.566454397365529	-0.902062017241091	-0.527326487229324	-0.427863386307553	-0.878689136119747	-0.521553626053347	-0.337474447774117	-0.070781443544372	0.148250689126027	0.11892677396336	-0.213896864424895
ENSSSCG00000058536	-0.269293163013723	-0.152543896578543	0.956709980244831	1.03811642240876	-0.203591891726554	0.456733235380101	-3.20090586878984	-3.60190797916172	-1.57950262468856	-4.91573411630094	1.34062938429201	0.798734063803223	0.37365615814941	0.0318436785926047	0.986315856408551	0.966054843668658	1.1194750226465	0.985366230181272
ENSSSCG00000058563	3.74144858534751	4.11024359426282	0	7.7488383562501	0	0	0	3.82271152919846	3.85323877628801	0	0	0	0.724931898206056	1.24479435154244	2.39997639599163	-2.12515078895373	-2.29746182572004	-0.259012503764873
ENSSSCG00000058577	-1.79046751235327	-3.45716514087042	-3.06218465516431	-2.44006036542191	-2.95670965990306	-1.88699133602132	-1.41875712530625	-2.13838668963021	-1.57062615972187	-1.835340148769	-0.952957940925456	-0.83876514001051	-2.70138735234674	-2.72541189219171	-3.37945352398147	-2.49360276639207	-0.241968900828841	-1.07754991445879
ENSSSCG00000058580	-1.13147647633319	-3.56832269474936	-1.49252557156247	-4.6755641846223	-1.58680441171339	0.323476265137558	-7.01492014854134	-7.0115809587122	-6.87719971235094	-0.866724188540484	-0.0750491304987783	3.10471232668415	0	0	0	0	0	0
ENSSSCG00000058588	0	0	0	0	0	0	0	0	0	0	0	0	0	3.36002676298788	0	0	4.16509538383312	0
ENSSSCG00000058593	-2.52895698824556	-2.79060706422699	-2.43933801407216	-4.35097681827437	-4.46990196720244	-2.14993839332308	0	0	0	0	0	0	-0.20795591198805	-0.310353789633661	-0.00989112281956892	0.802474145577845	-1.61884578652251	0.0679292127524215
ENSSSCG00000058594	1.65672908801536	2.37365794343591	1.16628791924875	2.11214127344192	2.54783484378792	1.79837704655662	0	0	0	0	7.15107107511959	6.9745794491531	1.98280702321743	1.90284226118414	2.09265612900295	1.61890523093004	1.035468849496	0.702477669917808
ENSSSCG00000058610	-0.232407340367634	1.721766510227	3.43139945308083	4.44200215354817	5.55567448771255	0.70277956295145	4.20878126520761	1.72117333545113	1.62321445329862	2.67769410958163	3.53001514821301	1.2404668574872	1.13626240759434	-1.66052949637677	-0.84658640237934	0.629031562835499	-1.77439066470487	0.180738482568131
ENSSSCG00000058627	-0.849970823410349	3.561545553586	2.87647892075533	2.70280323040051	-0.473867442148967	-0.546389229026398	0	0	0	0	0	0	-0.526073431154896	-0.982306337064526	-0.722039196242571	-1.21216174933151	-1.08140395921914	-0.540756142574097
ENSSSCG00000058663	0	2.94716276575922	3.74505525655245	0	4.65009437018735	2.82414433129131	2.13619845296152	2.23007596717168	2.35110022485905	2.3626188743289	0	2.06206094086971	1.19030047305049	0.258452666394423	0.719059153964926	1.40265724297878	0.23309486344893	0.481251954450953
ENSSSCG00000058673	-0.587818921376058	-2.79600687423906	-1.33846712804252	-7.7608571644679	-0.673747787539238	-1.62653149027787	0	0	0	0	0.556905578283766	1.55459947020939	-0.477274362429079	-0.210811454207302	-0.270376258151071	-0.663111718860839	-0.836411820429677	-0.343764041991902
ENSSSCG00000058699	0	0	0	0	0	0	1.19166766559019	1.89596221005897	0.540503543949152	-0.574015299055616	0.515555832439394	0.1086339495654	2.22322148619578	3.98168450847493	3.48178914872875	0.953278121080834	-0.269781222134876	0.55715464167977
ENSSSCG00000058706	-3.15024892177006	1.39412727531546	-3.06133588947507	-2.71980642034252	-3.55522574215333	-0.38708147409532	0	6.67291997446468	4.78023553631792	7.34917916036614	0	0	0	0	0	0	0	0
ENSSSCG00000058707	0	0	0	0	0	0	0	0	0	0	0	0	-0.806678214377845	-1.0339722071958	0.140173509878929	-0.474514436459373	-7.8494285017317	-0.550355293452894
ENSSSCG00000058730	0.721700699504807	-0.623398203520929	-7.37746249700837	-0.653779083574764	0.717663750734475	-2.52441265586804	-1.92217823242301	-0.814586669634851	-1.87094395929629	0.286500589599725	-0.782959301335404	-1.94848010440678	-0.330444292363498	0.984141349134825	0.202199021302925	-0.895230964045299	0.166716779136789	-1.48528388446518
ENSSSCG00000058769	-8.31440591557095	-0.332199244511355	-8.27155652240031	-4.98872157216897	-2.43706542996247	0.266600867394003	-7.1742101224096	-0.889568655877334	-2.69982818751473	-2.77967071338319	-1.53915546792856	1.64822411797209	-8.06210179566038	0.959866909002864	-3.51707080852184	-1.00565508352541	-4.1822445729616	0.224083662230943
ENSSSCG00000058788	-0.152592959734538	-1.40884189325489	-1.72436850200506	-4.85128731414187	-2.0555410420287	-1.60814757271244	-2.79619738396646	-3.10535109817351	-4.81432908230732	-4.49132917696172	-6.09208920859895	-5.54006892704943	-3.18266602798049	-3.57920281725497	-4.14059084094429	-2.61164647274907	-1.61203817917793	-0.244038318126315
ENSSSCG00000058794	0	0	0	0	0	0	0	0	0	0	7.45399093044498	0	0	0	0	0	0	0
ENSSSCG00000058799	0	0	0	0	0	0	-0.819216414308638	-0.181332161976948	-1.08588186894891	-0.440516721714096	-1.71906247182526	-7.21755948555386	1.56082316215049	1.72444333112913	0	1.33477321506522	0	0
ENSSSCG00000058808	0	0	0	0	0	0	-3.70532178721006	-0.188558867216932	-2.12340190434372	-2.51909792008982	-3.77090202511406	-7.99776011555259	0	0	0	0	0	0
ENSSSCG00000058815	0	0	0	0	0	0	0	0	0	8.97351419237869	0	0	0	0	0	0	0	0
ENSSSCG00000058816	0.904785216593079	1.33712328427553	1.38867408080714	1.38245840677168	-1.455979692448	-0.573554534689067	-3.33757026015284	-0.630891573098393	-1.47052716611313	-4.23129670977521	-0.38902848230838	-0.568743108997781	0.63369772722059	1.44041193398251	1.28600723714344	1.37924378754978	-0.263599646372043	0.171752508390021
ENSSSCG00000058827	-1.47408588167774	0.793591102983354	4.66626033663433	2.98995011845039	-2.45676727798762	-2.64928827074298	1.66247356765602	3.79617515080443	2.43277752191665	0.633577452354119	-2.90910432788297	-2.12707776787288	7.2429309011542	2.71836504163164	3.60997948088847	0	2.33887413448713	3.81863591695478
ENSSSCG00000058853	0	0	0	0	8.22198567515521	0	0	0	0	0	0	0	0	0	0	0	0	0
ENSSSCG00000058863	-2.85379202053252	-7.58046857034207	-7.50227016873207	1.35368263068076	5.21813074559249	4.29664646540288	0	0	0	0	0	0	-3.06804989310863	0.250951324755167	-0.708080099075995	-0.944054395663342	-0.604656237400815	-0.355669426940622
ENSSSCG00000058882	0	0	0	0	0	0	0	0	0	0	0	1.59649564576622	0	0	0	7.41941934077226	0	0
ENSSSCG00000058887	0	0	0	0	0	0	-1.24866479051421	1.6761298927986	0.262504191653109	0.442492700487653	1.69988199242308	0.349380522481336	8.40913217687288	6.8939233459789	0	0	0	0
ENSSSCG00000058891	0	0	0	0	1.80791546055184	0	0	0	0	7.13295998095398	0	0	1.74310152202449	0	0	1.10829732180536	0	0
ENSSSCG00000058897	-0.459925125720061	-0.322093946148566	-7.7235253836612	-0.680654466260894	-0.802563618521945	0.176341395694116	0.8286669604419	-0.808150086357397	0	0	0	1.88414661637899	0.855362957160147	0.782442466684651	-0.978303498938889	0.284037988996749	-1.14796413743355	-0.957968877923458
ENSSSCG00000058905	0	0	0	0	0	0	0	0	0	0	0	7.67060032500212	0	0	0	0	0	0
ENSSSCG00000058919	0.2184319469115	-0.67103160878693	-0.665756935225474	-0.200700223737206	-1.46945011459049	-0.731458346316708	-0.68301542280764	-0.224214223281061	0.662217260967571	-0.315989904137824	4.19277031208408	4.67635833266643	0.96787146346534	0.955431221528285	0.917773264687499	-0.277958300705314	0.694141305756335	-0.457926309489365
ENSSSCG00000058944	0	12.9101855737187	11.9300145106675	0	0	0	0	0	0	0	0	0	9.11797417753073	0	0	0	0	0
ENSSSCG00000058946	0	0	0	0	0	0	8.9247647232453	7.42306458578438	0	8.71105366671156	0	0	0	0	0	0	0	0
ENSSSCG00000058958	0	0	0	0	0	0	0	0	0	0	0	7.61430000828914	0	0	0	0	0	0
ENSSSCG00000058969	0	0	0	0	0	0	0	0	0	0	0	0	-2.71843565830646	-4.88832691252406	-3.49776274368116	-1.86114837872385	-3.27276240526833	0.311802134610741
ENSSSCG00000058972	-0.604630768307978	-0.489319971517176	-0.160174749336503	0.771702441595133	-1.85940632123151	-1.97709284513287	-2.56625051096787	-2.52267812666455	-2.63092522316477	-4.28791895499655	-1.99010251295978	0.0671421354325542	-1.25782011401225	-1.83973279997825	-3.03488728885465	-4.53949019835058	-3.14824720186426	-0.867758992198951
ENSSSCG00000058988	0	2.94716276575922	5.07442347628373	3.45210034955191	0	0	-0.23951425791717	0.292363801692888	0.89286484185042	1.39284093328623	0	-0.0740748272067245	0	0	0	0	0	0
ENSSSCG00000059008	-3.41109948996784	0.344523233897408	-0.395013813465486	-7.48922374736064	-1.3105649121917	-3.04932739193975	0	0	0	0	0	0	-0.653492809071276	-1.16229568990097	-1.22473879269152	-1.73996442741024	-1.50462556602362	0.187318268434609
ENSSSCG00000059043	-0.0496303332119732	1.0442689331083	0.441052670922499	-1.14599972264541	0.138200063228314	-1.1435583716277	-0.719880962515769	-1.43668531294705	-3.0471440175568	-2.47337413903706	-3.86409723771333	-1.59435612985252	0.968727110238348	-0.333285895855411	0.00167884597584691	0.89901213301434	-0.602665019590717	0.642495060844158
ENSSSCG00000059072	-3.65773523974636	-1.53750258341897	-2.09210198403203	-1.34919614198594	-0.804649418636881	-6.97088351868381	-3.00292489174514	-2.99599129390275	-7.03637196937293	-7.07105099297805	-2.51103774292847	-1.30904623672859	-1.3450448438488	-2.85488895713584	-2.36885392862844	-7.30721515105027	-1.50462556602362	-2.23560920521053
ENSSSCG00000059078	-2.23982363772788	-4.56503196519033	-4.40681192200013	-4.37947017648366	-2.39393780227616	2.26074575770289	0	0	0	0	4.29238862166512	0	0	0	0	0	0	0
ENSSSCG00000059081	0	0	8.05638077447995	0	8.29973385872928	0	2.59275807204959	2.31198915018346	2.76364864195681	2.17135036886624	2.06977413321066	0	3.13582999269308	2.77165201458798	3.22648357261512	2.73609574806484	2.82881568138007	0
ENSSSCG00000059088	-3.00234783695405	0.522511193509969	-1.9470996318253	-3.81632400670607	-0.854189975790079	-1.34265956197028	-4.61543783328007	-0.601444100491915	-3.90573064607553	-2.20684664474484	-0.893199791120503	-0.744842513590549	-3.15697386596079	-0.0786202821093667	-2.81854694895104	-3.47434376876709	-0.345741576253025	-1.57597263851908
ENSSSCG00000059124	0	2.56987524164657	3.13398415916388	3.46115321927238	0	1.73283775059598	-0.011718046585822	0.780684563395706	0.233102443512639	0.00742902168842299	2.44367577480513	3.55100929895535	-0.330444292363498	1.74467390166585	0.423091719381738	2.97802726873438	3.19510761062403	1.29135048577807
ENSSSCG00000059132	0.478045243436595	-1.48506139986969	-1.00576661987024	-7.42817227321359	-2.39570210838469	-3.54366583853842	0	0	0	0	3.54548937475188	4.59820306145727	0	0	0	0	1.91038755423015	0
ENSSSCG00000059145	0	0	0	0	2.51448664161169	0	-1.909226266672	-7.82615548467598	-0.609943720321782	-0.797985000951776	-7.86159281816233	-1.51142658509598	0	0	0	0	0	0
ENSSSCG00000059222	0	0	0	0	0	0	0.0980160850214817	0.940765623411877	-0.373487910508511	0.601536688448985	-7.27972847064155	-0.929376974807482	0	0	0	0	0	0
ENSSSCG00000059232	-1.06162107415848	2.07541234906335	0.0173736850322058	1.68217031640868	0.96238856988501	-0.46197129281149	-1.80731032698651	-1.80023406766338	-1.27914568800144	-7.40584895176819	-2.44498877426409	-1.0668109210528	-0.234224905172098	-0.244543211597724	0.773935120652345	0.482230203790739	0.227929335026197	-1.5780907342869
ENSSSCG00000059248	0	0	0	0	0	0	1.72466342876405	3.62830571309773	4.52389817191028	2.53147229946294	0	0	0	0	0	0	0	0
ENSSSCG00000059282	0.688891992149692	1.22725901961267	0.779159190254228	1.7653000430258	3.34188703264225	-0.492641917467267	1.50237080760358	-0.402214603944782	-0.579530816127446	-2.36284683198746	2.32022827332021	3.03330654565587	1.62217930551669	1.0981781263525	0.816962548417037	0.440565972551675	1.983110384001	-1.25256398984498
ENSSSCG00000059290	1.30105151307418	0	2.86052781027585	2.30557108381259	1.80791546055184	0.759601530648309	0	0	2.26573775191401	1.49694184204033	0	0	7.20320147885599	0	8.21306548548966	8.20436237797456	7.52186425845411	0
ENSSSCG00000059291	7.86288108023788	7.02328612436064	0	0	0	0	0	0	0	0	0	0	0	0	0	0	0	0
ENSSSCG00000059359	-1.07427090242053	-2.23047230107372	-1.9528212605126	-4.59041347565034	-0.774115423549891	-1.08885588680323	0	0	0	0	0	0	2.28278414069117	1.8599472735999	2.25231933929784	2.30564245623451	2.09392410621158	-0.278402659604299
ENSSSCG00000059381	-1.95846111149895	4.44620686803719	-0.197934622909706	3.67229023843477	3.33550058599898	-0.485972268174272	-1.2622786355627	-1.25525941205085	-0.955456342154173	0	0	0	-0.294098730602573	5.2370777714686	-0.628981105407182	5.00233980834159	-1.5814318509819	-0.49404565871416
ENSSSCG00000059385	-8.5108640946529	-8.54640164438617	-4.28929502030666	-8.45491536206117	-2.85183770925861	0.449892584986948	0	0	0	0	0	0	0	0	0	0	2.68754988960848	0.873728047184733
ENSSSCG00000059394	-1.4604877588851	0.824974082704804	0.504638736548988	-0.197040874651827	1.78242350350953	0.477830346584353	-4.70425248349721	-2.87785860132112	-4.87079930249714	-3.29526865289012	-4.77134747479901	-4.06844382665424	0.150079110258232	1.17670708143029	0.42186801076134	0	0.570091510521561	0
ENSSSCG00000059404	-2.73839854456032	-1.59249851644348	-1.62294437958489	0.856776773803867	1.40677525386672	0.077214984599217	-1.95476126537138	-3.26392227249579	-1.64203494544897	-4.20041262099312	-1.53802851043592	-2.52273434505523	0.568523529501853	1.36906211054989	1.15790236255494	1.45151551706988	-0.461563657493974	0.580739629965416
ENSSSCG00000059433	1.39976416267467	6.06432674902017	7.25225178130466	6.93883446833087	2.29086186378194	0	0	0	0	0	0	0	2.1856758087683	1.82842458480878	2.78960163383433	3.69931475014128	0.992733857052805	-0.52095621288022
ENSSSCG00000059456	-0.808333394450137	-1.10776139197059	-3.28563147348232	-2.80384958107202	-4.04455662176412	-2.49842816350763	-3.70532178721006	-7.87325611338493	-1.86528207308973	-3.48178019803125	-2.812472566176	-2.67623365863371	-1.15847457426954	-1.35011743914451	-1.15408656406142	-1.45643062650038	-2.51751112515229	-1.23829033296566
ENSSSCG00000059476	0	0	0	0	0	0	4.52221604545389	4.43092944667692	4.29370442167871	4.87196349171992	2.64396269912237	2.84850096556131	0	0	0	0	0	0
ENSSSCG00000059492	0	0	0	0	0	0	-0.889960165230421	-2.5813386259237	-2.84317100733785	-7.21441869110356	-1.68261461661212	-0.00768737816344691	0	0	0	0	0	0
ENSSSCG00000059564	0	0	0	0	0	0	-2.65013291118237	-2.64308891706487	-7.64263065390193	-7.67739992379491	-7.8128970971501	-1.22427001807988	0	0	0	0	0	0
ENSSSCG00000059569	0	7.11009643026872	7.10725635526659	0	0	0	0	0	0	0	0	0	0	0	0	0	0	0
ENSSSCG00000059573	-0.569089170841676	-0.925149849079201	-0.107542022654403	-1.59733478219429	-1.41562720187585	-0.170233069451411	-2.35800942810275	-2.76241836505566	-3.22686179213098	-4.09965698744147	-2.83685896989037	0.41894197065729	0.244631831777941	-0.273543699379796	-0.655555437206266	0.0336618845978931	-0.54507931350847	-0.989689527527841
ENSSSCG00000059591	0.389310433574476	-0.837902933580996	-0.180979248910541	-1.91380191276424	-1.39203235538323	-2.70403954317999	1.40577473369342	0	0.932857285122757	1.19635681044713	0	1.43494533623338	-2.06903063823938	-3.7570541706018	-5.5382799083728	-3.61101718380655	-3.78213719405082	0.203230995992
ENSSSCG00000059609	-0.756542237043229	-3.19666218768951	-1.2024797707183	-1.31049577707772	-0.760573649460733	-0.70929277502241	-0.812822304005394	0	0.740507653805249	0	3.8425409340677	1.94782320814455	0	0	2.47343066618619	0	0	0
ENSSSCG00000059615	-0.215208764421744	-0.0262128489517698	0.142619083009361	-1.11648761755046	0.214241845736851	-0.0175259437040868	2.30798237206394	0.20148073818146	0.110566414640136	3.39231342513364	0.594593121047118	0.240253201202929	0.251249194401804	0.368428376523451	-0.02752626773673	0.626005006148204	-0.260419673255237	0.133760170939763
ENSSSCG00000059646	-1.4271741121582	-3.59257461418826	-4.96200298344999	-1.68552056870612	0.981842440838653	1.81113046599067	-6.83583448233922	-0.90847932481477	-0.825164825740371	0.0807268644037118	-0.100614677135643	2.11780306982407	-1.66450504778569	1.80203970715984	0.500031136672785	-0.221731641505443	1.4557584638583	0.0915213324695524
ENSSSCG00000059671	0	0	0	0	0	0	0	0	0	0	5.14615490081623	0	0	0	0	0	0	0
ENSSSCG00000059713	0	0	0	0	0	0	0.43075384365648	0	0	0	0	0	-7.0057981552869	-9.01283321073647	-9.88053525828558	-8.8666051658949	-6.08030176867959	-2.00047232780471
ENSSSCG00000059716	3.74144858534751	5.28335232345343	4.26391678892727	7.31099904795501	0	0	0	9.18265317418693	8.75849653698972	0	0	0	1.54540310822481	1.5769120656077	3.13865984120851	-0.0979342995393548	-0.974295208038159	-0.283911018127293
ENSSSCG00000059721	0	0	0	0	0	0	0	0	0	0	10.6089347763223	0	0	0	0	0	3.22391637303704	3.38345687533655
ENSSSCG00000059744	0.792524699040467	3.48962049951971	2.95836585805771	2.08903895330972	4.59358818231651	0.750527105390211	0	0	0	0	0	0	2.49347249212257	1.10135472519286	1.30167855469548	1.78062017954418	1.13316105557202	-0.0229409329792251
ENSSSCG00000059746	0.40414452306601	-0.52903637437133	-0.70747708109033	-0.311588858290913	1.93254964149983	0.602554751039942	4.13919525010664	0.517563518486099	0.962734515525952	2.64648439712223	-0.699413015168308	0.917411369974036	0.762237841114939	0.137371544014826	0.343219292963094	0.345655411992323	-0.0673601517247194	0.626339352867831
ENSSSCG00000059775	-0.840532643233993	-2.89826113874388	-3.02376212583821	-2.9956288337972	-2.62682708320701	-0.807289483757357	-1.41058529545562	-1.40342732302521	-0.122810638379669	-0.702205147750753	3.82788561727343	3.96841064812719	-0.327028366472667	0.592146856073935	0.195812029416397	-1.27121386379955	0.585288134840028	-0.163403324658179
ENSSSCG00000059785	0	0	0	0	9.07227114205016	0	2.99826901791144	0	0	0	0	0	4.13117051803538	0	0	0	0	0
ENSSSCG00000059815	-0.551858274588678	-2.47445431183131	-4.28092145918955	-1.58744712650678	-2.49841469854443	0.597958327207079	1.50953786256165	0.220659728317974	-0.63358608576607	-0.0201678911091867	-1.60587322266561	-0.502545849866687	-3.06781984956793	-3.20358517826007	-2.14498184310578	-1.21336557370245	-2.0323066232297	-2.09962328328161
ENSSSCG00000059897	0.505924990558534	0	0	0	0	0	-3.76570396492317	-7.0115809587122	-6.87719971235094	-2.62046777354508	-7.04690072620707	-3.99852900517775	0	-0.244041274865101	0	0	-0.133494980938545	0
ENSSSCG00000059919	-2.26124147217883	-7.38889987348247	-2.17245115811918	-4.02796681037376	-1.69444807451489	-3.41313745149458	0	0	0	0	0	0	1.00563680429065	1.01810182058471	1.30239801050589	-0.184677123503715	0.0320603908792693	-1.28789571023583
ENSSSCG00000059925	0	0	0	0	8.18148173588778	0	0	0	0	0	0	0	0	0	0	0	0	0
ENSSSCG00000059930	0	0	0	0	0	0	0	0	0	0	0	7.36416299442511	1.00891927456928	0	0	0	0.850442559937494	0
ENSSSCG00000059964	0	0	0	0	0	0	0	0	0	7.31232245668977	0	0	0	0	0	0	0	0
ENSSSCG00000059972	-0.384356014853857	-1.18161935039092	-1.99347243290332	0	-2.64291771597384	-0.732245305567115	-1.50755495801614	-1.41580785996125	-1.53780066135988	-1.79615903642648	-1.49050687574074	-4.18894973060974	0.615718101672886	0	0	0	0	0
ENSSSCG00000059998	0.0796134799363445	0.00685317457401833	0.0923523395231116	-1.18507283400917	0.496224836080342	-0.3670358237552	1.20576439271349	2.22267108115293	2.99670656644118	3.51143522042283	0.289744453914768	0.826228683832096	0.257872304230453	0.163364182436079	0.0789498359333775	0.759069979397972	0.316247432659098	0.0530362602175329
ENSSSCG00000060005	0	0	0	0	7.05808783406468	0	0	0	0	0	4.55654169981702	1.84279134716558	0	0	0	0	0	0
ENSSSCG00000060012	0	0	0	0	5.32685986959957	0	0	0	0	0	0	1.48219235084416	0	0	-0.156821725799221	-0.0973971476477815	-0.993274033910316	0
ENSSSCG00000060025	-3.83412057468283	-5.05201754243695	-5.85094805671108	-2.25418701488642	-2.2659977035032	1.42107932276961	-4.49373418258934	-2.64646309370024	-3.22275606480719	-3.19232844426507	-5.05738914606285	-6.28776466755547	-2.47190147862533	-2.63785538078179	-2.12963480444304	-1.76906447525941	-1.46918982042287	-0.297322410317524
ENSSSCG00000060029	0	0	0	0	0	0	0	0	0	0	7.15107107511959	0	1.194504534635	2.05412382866861	1.99004630824691	0.628140616315949	0	0
ENSSSCG00000060033	2.23071276131325	0	4.39034399004315	0	3.44361050251407	4.12332548246902	3.20933971236653	0	0	0	1.84375460941002	4.07834090038062	5.19911314961986	0	4.18911243052674	2.73609574806484	0	4.14287833227092
ENSSSCG00000060060	-1.30088236752292	-2.90036640773649	-2.74257861324427	0.603812632760463	0.994054002351345	-1.75507241304634	0	0	0	0	0	0	0	0	0	7.86462919072556	0	0
ENSSSCG00000060094	-1.47111521359028	-1.8427339901093	-2.42381352242027	-1.89202435055426	-1.45283980791251	-1.11724825079928	-1.17719844577562	-2.02566009252709	-1.32908757258439	-1.21924651842183	-3.76657724289722	-0.42591097497654	-1.47481683415898	-1.78931505699448	-1.47506467603232	-1.18944601699962	-1.88441074980279	-0.664807287475518
ENSSSCG00000060096	0	2.7561011888276	4.00697019919256	0	5.37989246912898	3.72562090463689	1.2463531336813	0	0	0.715326209343018	0	0	0	0	0.826432491998172	1.876259489036	0	0
ENSSSCG00000060097	1.08608674216196	0.434001603860861	0	0	1.15956814892976	0.888093270470596	0	0.755050235650852	1.6380789227532	0	5.93388667815545	3.64655669930646	0	1.11379151017103	0	0	0	1.33404440048091
ENSSSCG00000060151	0	0	0	0	0	0	1.72466342876405	0	2.03165692513388	0	3.58628835647013	0	0	0	0	0	5.99790795645228	0
ENSSSCG00000060152	-0.017146203439722	-3.88687052691405	-0.780048928066859	-2.39206188349072	-0.163587677923179	-0.0566827295544159	-0.0682452274849947	-1.70769610705566	-0.372446212641257	-1.35433525200722	-0.786411171463236	-0.658505485655033	0.401825321580929	-0.408652913429566	1.40512113241312	0.180761421605963	1.04633901642054	-0.305326078392771
ENSSSCG00000060173	-0.165811221354761	0.438773897230996	1.11390143497004	0.0189146999169452	1.01205670540012	0.699600993395966	2.22580827688613	3.39011587080854	2.99766356127026	1.4145816985238	0.267723726376435	0.990681327543816	-0.0139330152065093	0.378018419063394	0.851771603512758	0.0600285874484081	0.125475178242895	-0.574157414224746
ENSSSCG00000060192	-1.08256324159726	0.0240162291809249	0.354737430276511	0.910414248532061	-6.96586330630654	-0.29324539074098	-0.269806073028351	-0.0494733833612861	-0.278320829638479	-0.977755391114719	-4.82392727229693	0.263094646850879	-0.492219959347823	-0.691160477389497	-2.04775275785389	-1.19068386766287	-1.08588478296086	-0.755892816435809
ENSSSCG00000060202	-5.320565493199	-4.41407901165586	-6.19114841312822	-5.6053557759293	1.43697732921256	2.87024901603604	0	0	0	0	4.1059782534917	1.70240386955993	-7.15431981171201	2.47769365613864	1.76905872198618	-7.14782175988597	3.86465219589348	-3.03284750023115
ENSSSCG00000060206	1.27893678791267	-0.575220598257024	-1.35827343745453	-0.48714261999385	1.60795322569067	-0.858825046476734	-0.824721524569087	-0.924030255176314	-0.564769439616814	-0.27390499763548	-0.531008265367616	0.0246362985200643	-0.3944748485079	-3.42470097794582	-3.57040514997387	-4.42461876670415	0.200248050514706	-0.717973148751391
ENSSSCG00000060225	-1.41874179158326	0.212359542464826	0.679186675073343	0.646533943666195	-1.37566746757942	-1.1007357145235	1.25548669136932	1.49659609528574	1.44997507051463	2.8111175812778	3.56271139949428	1.52524733920793	-0.147535746647103	-0.952373476066431	-0.806685877737355	-0.172338436633921	-0.811608617741048	-0.985223601833887
ENSSSCG00000060231	0	1.01656058864598	1.29346041207229	3.89181018473335	3.74162836635828	-0.361948184150319	-0.319979490810201	-1.48014254382084	-1.53612708835705	0.0622868490570092	-2.71877187500962	-4.29380312631937	0	0.961992388482592	1.04901028820005	1.29929153081396	0	0
ENSSSCG00000060233	0	0	2.87708907580825	0	4.05836820993037	1.01696462802406	0	0	0	0	2.33425500765623	0	0.751539863682213	1.23965458168589	1.23997156875272	0	0	0
ENSSSCG00000060234	0	0	0	0	4.0599207154961	1.05563689668956	0	0	0	0	0	0	0	0	1.39996145911118	2.62026444163164	0	0
ENSSSCG00000060272	-0.547238275500697	4.50325164894515	2.00036169343589	0.995373572960779	-0.194122506385083	0.136529206603147	-1.04393843326588	0.508336058430703	-0.937434608501271	-1.54466261024601	-0.562367756308191	-0.0340842912547836	1.82739146922625	0.476956121765062	-0.464410955705625	-0.886466900372858	0.196103971528538	-0.329396228873116
ENSSSCG00000060278	0	0	0	0	8.0526645240987	0	0	0	0	0	0	0	0	0	0	0	0	0
ENSSSCG00000060319	-1.85840389304914	-3.36225642060439	-4.1613498785205	-2.86020824184387	0.250951544218528	0.717027603434721	1.07927192231421	3.41309144526782	4.17469092182599	3.6357868807828	5.96959125033554	-1.3390589581418	-0.608383626550287	1.78786012753151	1.67761977522096	0.511308535062803	0.162492911151571	0.791949325282181
ENSSSCG00000060324	0	0	0	0	0	0	0	0	0	0	7.31046687725849	0	0	0	0	0	0	0
ENSSSCG00000060340	0	0	0	0	0	0	0	0	0	0	0	2.81437859965826	0.467730337324868	3.93344849434228	2.88899882097734	0	0	0
ENSSSCG00000060341	0	0	0	0	0	0	0	0	0	0	0	0	0	0	0	8.08613706623421	0	0
ENSSSCG00000060350	0.188867476240382	-0.505472139233935	0.561594506116032	0.393828599913546	-4.77489720911117	-0.151203978363738	-0.960743165495888	0.0421829192023952	1.51521201428024	1.36737723065843	-8.41215881944114	0.749507598095835	-0.889911184202518	-0.09749696532703	0.501893639112259	0.289375717373677	-4.96147554355695	-0.0229875708341538
ENSSSCG00000060355	-1.47408588167774	-2.52428853085573	-1.3845880705059	-7.48922374736064	-2.85775620362543	-1.67208231150945	0	0	0	0	0	0	0.767785847570037	-0.935892996172953	-0.53144117754896	-0.211969290099184	-0.164152791585196	-0.714630588908368
ENSSSCG00000060359	0	0	0	0	0	0	-3.84754626463703	-2.91854490623735	-3.55273943682508	-6.99364443654344	-7.12875661820065	-7.21755948555386	0	0	0	0	0	0
ENSSSCG00000060362	0	0	0	0	0	0	0	0	0	0	0	0	0	2.75942226805546	2.51840184954077	3.87458612941532	0	0
ENSSSCG00000060429	0.679050290458505	-1.95385303648754	-2.36395992535283	-0.120698862918654	0.0313773807179929	0.0123632636438393	0	0	0	0	0	0	-5.36143908589508	-2.49162264324352	-2.5232190775318	-0.969660655040223	-0.372580379874535	-0.829226573767002
ENSSSCG00000060434	0.150092396158488	-1.88707178939529	-1.53361118509808	-2.90342892674745	-3.02472211081073	-0.828425026260943	-2.66454925167476	-1.69812257064727	-2.3617190837485	-6.73287241935415	-0.792799890160454	-1.37792704831426	-7.5239850070897	-1.11281056031313	-2.57914194644993	-1.22548282605561	-0.727140384425945	-1.0147174204097
ENSSSCG00000060450	0	0	7.10725635526659	0	0	0	0	0	0	0	0	0	0	0	0	0	0	0
ENSSSCG00000060452	0	6.93091590340339	7.96053917205802	0	0	0	0	0	0	0	0	0	0	0	0	0	0	0
ENSSSCG00000060463	0	0	0	0	7.30430492476965	0	0	0	0	0	0	0	0	0	0	0	0	0
ENSSSCG00000060477	0	0	0	0	0	0	0	0	0	0	8.01321314693029	0	0	0	0	0	0	0
ENSSSCG00000060492	0	4.26242111137448	4.79814836032298	3.30101876882916	0	0	-5.13956443544448	-4.1731135657631	-9.17223219752865	-9.2071143958958	-2.69023257996303	-5.37959133341097	-3.2000395109165	-2.37801929504153	-1.72181451031869	-0.937724899003022	-1.11002800578468	-2.1581262982736
ENSSSCG00000060496	0.0963983319646913	-0.707000112500429	0.18626388247591	0.475945551612935	-1.21660769373879	-2.7877341813091	-2.48974023681749	-3.04927620499035	-2.12349237624589	-3.1880789943178	-1.50179836892135	-1.50238295664308	-1.71657568619726	-1.41864479115751	-1.68203741426676	-1.20968711232453	-0.723049798117792	-1.62879959665496
ENSSSCG00000060539	0	7.47968986076979	0	0	0	0	0	0	0	0	0	0	0	3.20845740942302	0	1.45890696916171	0	0
ENSSSCG00000060555	0.325185926335747	0.68740997934991	1.08084573517147	-0.82979028333269	0.518429683148011	1.2833657801431	0	0	0	3.40076554761647	4.37617578588904	0	0.875667778534184	0.617840707051	0	0	0	0.702477669917808
ENSSSCG00000060567	0	0	7.68872679809105	0	0	0	0	0	0	0	0	0	0	0	0	0	0	0
ENSSSCG00000060584	4.76479992536274	4.43185082850773	4.00697019919256	7.6020996982089	4.17751672458537	2.63315255351501	0	0	8.22234339276286	7.74605169229552	7.45399093044498	6.88223460300644	-0.794898337337668	0.142328064095234	-1.20174506530913	-0.254993785559062	-3.48690436954149	0.0728716776332399
ENSSSCG00000060659	0	0	0	0	0	0	0	0	0	0	0	7.29421143522348	0	0	0	0	0	0
ENSSSCG00000060663	-2.75612375903759	-0.121008613870364	-2.29167239832578	-3.93571604873675	0.0116242160162798	-0.536914740576676	-1.86830642233766	-0.260361838366416	-2.48874294598217	-2.25140993775925	-0.70878350033267	2.86940282451125	-1.93500145485507	1.14768597294168	-1.63234803635819	-1.46022167361365	-0.419389611724082	-1.06378900653283
ENSSSCG00000060679	0	0	4.71405202412153	0	0	0	0.899789523375624	0	0	0	0	0	1.38137216766697	-1.86880580858314	-7.8950019304973	-0.813784446055769	0.725114100206884	0.168899566076138
ENSSSCG00000060703	1.45205029446252	1.84618234311127	0	2.11214127344192	4.11140080945978	2.90275292745324	0	0	0	0.851432386466193	0	0	0	-1.34293280285983	-0.681359395814757	-0.47193179836316	-1.93702774025321	-1.12223069651498
ENSSSCG00000060726	-1.44925705880346	-1.3756107979366	-2.07511676028614	-5.06316339838145	0.210817621321816	0.964626954383534	0	0	0	0	0	0	1.27710638032154	2.46670980130521	0.815972621989235	0.415662468588985	0.970144228770491	0.810188007590244
ENSSSCG00000060745	0	0	0	0	0	1.6747500101012	0	0	0	0	10.3943441803511	0	-1.66450504778569	0	-0.417046172590469	-0.674892873722888	-1.82258822958523	-1.5780907342869
ENSSSCG00000060759	0.508352449690814	0.362549348984415	2.3994800940563	4.10397876201649	5.1427127721925	0.792520433070735	2.30743758603919	1.28481130009073	0.768585403196465	1.64696512684344	3.45718909530753	0.538155477635705	-0.23963087076965	-0.729407237499831	-1.03501793212597	-0.52527010022739	0.479457952333902	1.99360153188623
ENSSSCG00000060775	0	0	0	0	8.40902331232873	0	0	0	0	0	1.97738322794005	0	0	0	0	3.72991906620554	3.11634281230655	0
ENSSSCG00000060795	0	2.9850205226804	2.3969753131922	0	0	0	-2.66454925167476	-0.140806342072304	-1.39787213867084	0.492554402041957	5.94072799044995	3.89612342980337	0	0.946635504225704	0.323230117921316	0	1.20363057885156	0.237284004682109
ENSSSCG00000060820	2.82643853678486	0	0	2.83507228978753	4.73396151745237	3.07024230596404	0	0	0	0	0	0	1.73166920018746	1.32554063593291	1.28812641913236	2.63811356805924	0.806164874649714	0
ENSSSCG00000060830	0	0	0	0	0	0	-4.37481428707369	-7.6206823091185	-7.48592216790863	-7.5206716128604	-2.5598700701615	-0.250442680074384	0	0	0.962227964928957	1.14545738268588	1.90529891106978	1.63100572828404
ENSSSCG00000060833	-2.78526865122354	-2.63900700848106	-2.12014579629763	-3.64097660421496	-1.00243440757249	1.33350299145093	-3.14841558066321	-4.89045934587051	-3.62972896502948	-8.96499095590745	-1.79039601713895	-0.900519311499013	0	1.06060460833296	0.704753917410302	0.763969370483434	0	1.28144389394368
ENSSSCG00000060845	0	0	0	0	0	0	1.94505547708021	2.89383682818431	2.76364864195681	0	4.64572507198064	1.98019899864502	0	0	0	0	0	0
ENSSSCG00000060874	0	0	0	0	7.05808783406468	0	6.59727942234306	6.23639443586866	7.03275201827932	7.34912105480306	0.487840284200724	0.542413841123477	0	0	0	0	6.79012250602561	0
ENSSSCG00000060878	0	0	0	0	0	0	0	0	1.24621966899669	0	4.62092006441706	1.49402107728407	0	0	0	0	7.27181994876504	0
ENSSSCG00000060928	0	0	0	0	0	0	0	0	0	0	0	0	5.4833737230215	0	5.43854060987962	0	0	0
ENSSSCG00000060936	1.37212847029162	-1.38350011467408	-0.808959093397615	1.2831694400049	-0.0588644977426969	-1.95300914284416	-1.54300409510886	0.359642779792644	0.53036992717602	0.346662980403111	-4.341842735394	-1.41351634356504	-1.34366897866019	0.0828680902684241	-0.31509008391451	0.108227290859606	1.04625226878246	-0.296710352913591
ENSSSCG00000060939	-2.19129316581202	-3.22003738581981	-7.24082634741084	-7.22779436703766	-0.638826785501049	0.780843456900845	-3.1824373762836	-3.17538865515595	-2.87433998237932	-0.8152730257761	-0.584716250256176	-0.296284879662501	-1.09473888218054	-0.82146343662894	-1.71107952679319	0.313590518825086	0.993674948254251	2.38000357881983
ENSSSCG00000060947	0	0	0	0	0	0	0	0	0	0	0	0	7.12574276844218	0	0	7.41941934077226	0	0
ENSSSCG00000060957	0	0	0	0	0	0	0	0	0	0	5.34858524901609	2.48963606886665	0	0	0	0	0	0
ENSSSCG00000060975	0	0	0	0	0	0	0	0	0	7.31232245668977	0	0	0	0	0	0	0	4.06577884759887
ENSSSCG00000060988	-0.576543366175717	-1.2686581468139	-3.17438308988906	-4.4255095292657	-1.77562440401265	-1.02573513840651	-2.56956293664091	-3.55641139659538	-3.47238175377903	-6.0766546061886	-3.19360162585301	-1.47801858026295	-0.815288374209764	-1.30187785045608	-0.845107910603888	-0.666887066558391	0.117602644552504	-0.877042345535249
ENSSSCG00000060999	0.0136523469504952	-1.0026666683717	-1.90119530864474	-0.524160211139532	-2.60552529339058	-0.465912930156594	-7.44810630052293	-7.44476035385212	-1.21812398944058	-7.34481824240137	-1.81308980748085	-1.265713630343	0.0801060040361204	0.150209670262014	0.486215950026718	0.439722132591687	-2.02480926480666	-0.661363346832289
ENSSSCG00000061027	-1.09559537792788	-0.892025636994718	-1.38286628424754	-2.96759372055786	0.632200348384288	0.141544903486964	0.22124149903992	0.823374012277249	-0.175374688612589	1.64535171653536	-0.271473508240607	-0.872255703340001	2.55472894368939	2.56544321479694	2.39146997482691	3.55200534385914	0.892892698502203	-0.195880470804783
ENSSSCG00000061081	-3.5926946198192	-2.21702455492423	-2.6669029295928	0.444462712849831	1.3128563607976	-0.717029433540532	-4.85275342493481	-4.75816931156021	-4.94584727319014	-7.78005699940484	-5.88157234169279	-7.26080170993081	-0.452120231369659	2.14714975452205	0.0835940710613233	2.09685684075434	-1.06688958503047	0.0197037513332856
ENSSSCG00000061091	0	0	4.82050593342438	0	0	4.2006534413366	-1.9112408644765	-0.466330255368954	-0.743741329381389	-0.394924823374048	-1.05305477196181	-0.768821017691072	0.470705571431759	-0.541937082016494	-0.249873772567037	0.754938404507264	-1.09107167471745	0.433492864300359
ENSSSCG00000061098	-0.12479024442183	-0.609805495751793	1.52534970360225	0.72746615195206	1.18875362960129	0.0892205477511555	3.99265004797647	5.02058396894956	4.81409987552072	5.3289518248949	5.16658409696915	4.90874139107637	0.917474333685403	0.246503421575652	-0.2245887486488	0.141653747008925	0.266732550495465	0.32325210882984
ENSSSCG00000061106	0	0	0	0	8.0526645240987	0	-1.07270968520339	-0.0822852605730843	-0.506705810357349	1.45147694258407	1.1552733056412	-0.484036338259188	0	0	0	0	0	0
ENSSSCG00000061116	-1.02950689468153	-2.5078866028678	-3.90304185384297	0.59320995746423	2.70287972155309	-0.1875960068947	-2.66454925167476	-0.718807449097321	-1.39787213867084	-0.0436385274016298	-2.17260376486967	-0.172890228253316	0.752889897281278	2.32422152312108	2.31788601384289	0.782952024343	0.235018293852892	0.391054102660146
ENSSSCG00000061137	0	0	0	0	0	0	-1.47235788414076	-1.05717692304049	-2.69982818751473	-1.24468281033727	1.75698943518414	3.6229525942821	0	0	0	0	0	0
ENSSSCG00000061149	0	0	0	0	0	0	0	0	0	0	6.97185159570829	7.49464587431313	0	0	0	0	0	0
ENSSSCG00000061153	0	0	0	0	0	0	7.41928429960639	0	0	0	0	0	0	0	0	0	0	0
ENSSSCG00000061213	0.645068347934502	1.01807972523312	1.08115516821536	0.393125365220365	1.26628461929628	-0.200854967879532	-3.55348824746224	-4.37710701208553	-4.20249855544924	-3.72524354261457	-4.16932230123556	-4.40090833448377	0.564026060264212	0.336165151958785	0.103663728933106	0.823602180911129	-0.270894983525168	0.297223861949765
ENSSSCG00000061214	-1.4336240035004	-1.50587033393621	-3.73661473533597	-0.13989567673726	0.301302172798059	-0.0584333654441075	0	-1.37935567295878	0	-0.369207404574427	5.52440808596237	1.50068180264287	-0.588511273729027	-0.15552818681257	-0.359365517118879	0.661833677264162	0.180716909212587	0.383228611025309
ENSSSCG00000061219	0	0	0	0	0	0	0	0	0	0	0	0	-8.55239460051735	-0.928269037940352	-2.63082786111079	0.558038840384146	-2.93278954740713	-1.50754637794577
ENSSSCG00000061229	0	0	0	0	0	0	0	0	2.44358776119081	2.53147229946294	0	0	-1.67492492034968	-7.30788421579548	-1.50386127134383	-0.266573984505008	-0.736015553282413	-3.11472914672787
ENSSSCG00000061244	0	0	0	0	7.5783510735321	0	0	0	0	0	0	0	0	0	0	0	0	0
ENSSSCG00000061313	0	0	7.80366602481491	0	0	0	0	0	0	0	0	0	0	0	0	0	0	0
ENSSSCG00000061335	0	0	0	0	0	0	0	0	0	0	0	0	0	0	8.99171923558021	0	0	0
ENSSSCG00000061436	-1.2492947546465	-0.667183843242081	-0.894285168598535	0.0310280790784933	-0.964508374077254	-0.460987166438349	-1.34798925782412	4.37726771615848	4.35800773742542	0.987907872685342	-0.0803193666634798	-0.472506328921059	0.245139867642778	-0.412175857131925	-0.656934216085937	-0.513105697218229	-0.12568125886629	0.0782823177403788
ENSSSCG00000061444	-4.60313605027266	-3.14599558443558	-2.57649326904165	-8.68108807580644	-5.52704147257521	-3.84161617046194	0	0	0	0	0	0	-1.20323103552929	-8.041203186411	-1.5947159294202	-1.98817305120224	-0.476899239646723	0.848779616794138
ENSSSCG00000061450	0	0	0	6.2648404761324	5.41359351121382	0	0	0	0	9.17245263414891	10.7196135808616	0	0	0	0	3.82264154852805	4.82063273676466	0
ENSSSCG00000061462	0	0	0	0	0	0	-2.69882382238396	-2.12057373324262	-2.39090885385704	-7.72607458210337	-1.78661022271536	1.16477025088934	0	0	0	0	0	0
ENSSSCG00000061477	0.70011669297404	-0.0959236784289217	-1.7136149863732	3.03982722170776	-3.11670077289894	-0.937430003468441	-3.65822068274037	-2.691779319844	-3.3547557989347	-7.72607458210337	0.366573234988606	3.96116135951066	0.802811137294672	0.870493187953876	0.766216604729079	0.198048473216791	0.0737510955858307	-1.39327192303672
ENSSSCG00000061487	0	0	0	0	0	0	0	7.10323655870425	0	7.31232245668977	0	0	0	0	0	0	0	0
ENSSSCG00000061502	0	0	0	0	0	0	-7.96643273374093	-1.53163438666785	-7.82816840892172	-7.86295852939457	-1.92354973037734	-2.10161031039454	0	4.34897896665837	3.57256365010556	0	0	0
ENSSSCG00000061538	0	0	3.80138052434716	0	0	3.81834281459279	0	0	0	0	4.26688489967109	0	0	0	0	0	0	0
ENSSSCG00000061545	-1.32781564351894	-1.05787179831067	-1.76533382089146	-3.30390548089193	-3.99600932253653	-4.18886326902909	0	0	0	0	0	0	0.195565750257999	-0.0851631993785436	-1.2823920161232	-0.553610891211096	-2.55667901881472	-0.582246459394283
ENSSSCG00000061550	0	0	0	0	0	0	7.34572725230563	7.3495063779927	0	0	0	0	0	0	0	0	0	0
ENSSSCG00000061565	0	0	0	0	0	0	0	0	0	0	7.5207310731676	0	0	0	0	0	0	0
ENSSSCG00000061569	0.394154349787238	-0.920516432708977	-2.31658625783628	-0.131150330220443	-1.29455589672042	-0.381186126902553	-1.0915070080073	0.265473290273191	-0.490764962251076	0.52980835468875	3.3255347198821	2.86912202245075	0.0713945559649236	0.270620608095275	-0.459613670215411	0.0839837374506005	1.21589126458036	0.809825540510685
ENSSSCG00000061590	0	0	0	0	0	0	0	7.19008205022224	0	0	0	0	0	0	0	0	0	0
ENSSSCG00000061605	-0.696424959363916	-4.28796652564559	-5.86379291434599	-5.39825608461528	-3.36617602814127	1.21506624281676	0.255690714722085	0.246567865483244	-0.0237363850275215	-0.433471474731847	0.297166935453992	-0.0408388901134576	0.845549215522769	0.952377839208154	0.573114642255013	0.977440385746723	0.640086469585088	1.51854969507338
ENSSSCG00000061606	-1.06162107415848	-0.816088103502423	-2.91118043742442	-1.61009486960252	-2.04429899734091	-7.23199984361577	0	0	0	0	0	0	-1.60794977262434	-1.10011796965883	-7.41199745660826	-1.08876647517919	-2.55414957947851	-0.43492670188953
ENSSSCG00000061608	-1.54232500072523	-1.018995026815	-2.42913861242264	-4.66041934480184	-2.81233229534352	-2.48852319779294	-4.27498598720153	-3.29408537206387	-5.26929348267507	-5.09443225439527	-8.56342997128914	-6.39669465237027	-4.3611986312334	-3.57851792339693	-4.17939628282174	-4.64152930563184	-2.22654344233202	-1.39044524881564
ENSSSCG00000061618	0.63157389990348	0	0.18532342910451	0.749082056625244	0.627556547057181	0.136529206603147	0	0	0	0	4.7724935177064	0	-1.77888140738063	-1.34293280285983	-2.22524487832231	-0.978635710538934	-1.36805340085	-1.69243245881802
ENSSSCG00000061629	0	0	0	0	7.30430492476965	0	0	0	0	0	0	0	1.194504534635	0	0	0	0	0.702477669917808
ENSSSCG00000061630	0	0	0	0	0	0	0	0	0	0	0	0	-2.49789450122255	-9.43469229714045	-2.45287445814786	-1.69700301574996	-2.39758408754527	-1.11472539797439
ENSSSCG00000061647	-0.047290721652893	-0.906156807396426	-0.78763811638768	0.577187536433585	0.324523164656251	-0.619419442730353	0.618182659318726	0.334716570335097	0.438032936983496	0.964234510230281	1.07684902560546	0.0941520060045076	-0.674340561628268	-3.06347713636292	-3.67738365173696	-2.68700812723679	0.47046261656037	-1.41505511075556
ENSSSCG00000061653	0	0	0	0	0	0	0	8.71086252729072	0	0	0	0	0	0	0	0	0	0
ENSSSCG00000061658	0	0	0	0	0	0	0	0	1.78925184488932	0.715326209343018	4.32131668571151	2.03792111066911	0	0	0	0	0	0
ENSSSCG00000061676	2.45294407458329	1.44765878623229	3.52798134970105	6.22220769934907	3.35330599783775	1.30219294489638	0	0	0	0	0	0	0.302700769878986	0.572146844242468	0.814523829504041	0.123302771197688	-0.652792604065006	-0.534933751856031
ENSSSCG00000061705	0	0	0	7.64264022025274	0	0	0	0	0	0	0	0	0	0	0	0	0	0
ENSSSCG00000061709	0	0	0	0	0	0	-0.0701211418202076	-1.89938449956869	-0.1009861252352	0.597325159649778	-4.94398971687263	-2.5087044104218	0	0	0.568958444479517	0	0	0
ENSSSCG00000061721	0	0	0	0	0	0	0	7.19008205022224	0	7.92215384103148	0	0	0	0	0	3.40953762272668	2.469350746213	0
ENSSSCG00000061723	0	0	0	0	0	0	0	0	0	0	7.06424250097891	0	0	0	0	0	0	0
ENSSSCG00000061743	0.173828114983633	0.31174848194069	-0.394180188505292	-1.92389036246308	0.0104082838187611	-3.19211665092069	-1.14005122499543	-2.4300157973367	-4.02342005123615	-7.46440230859401	-2.19010432573268	-3.08035979765557	1.23713483689222	0.93437176262448	0	1.47053186338342	0.909193184364103	1.15558883749684
ENSSSCG00000061749	0	0	4.18688353107381	0	0	0	-2.30603485706003	-2.29889331071276	-3.71354635231272	-4.76996967220452	-2.23677745232749	-1.26528802651197	-0.245815716819676	-0.529920494548347	0.187258620592676	0.524598143020734	-1.69828276667588	0.512672747414406
ENSSSCG00000061787	0	0	0	0	0	0	0	0	0	0	8.58075672423838	0	0	0	0	0	0	0
ENSSSCG00000061793	0	7.3374377294663	3.95825367159027	0	3.01361888349484	0	0	0	0	0	0	0	0	2.49398982138469	0	0	0	0
ENSSSCG00000061804	0	0	0	0	0	0	2.7308031459229	0	1.20315875824365	5.08936936615348	0	1.49137475861956	0	0	0	0	0	0
ENSSSCG00000061814	0.907423874323924	4.11342602997039	4.03842417464466	2.6266070228239	2.42263334553413	0.407731417500337	3.25394922549843	2.3970840103279	2.73191912014656	2.52347138370726	0.828471807438706	0.442693410702793	0.530890134328941	1.0199961214691	1.83996729057738	0.297572063765634	0.681935020286332	-0.370428633705925
ENSSSCG00000061845	0	0	0	6.70768347649976	0	0	0	0	0	0	0	0	-0.427985999698234	1.01936474353596	1.41294608581075	0.261618999273548	-4.96516682396207	-1.0750410817296
ENSSSCG00000061957	-0.341611491412339	-2.39977654637567	-2.6787364032242	-2.4878242268953	-1.89642077624117	-1.46732656319063	-2.18178462428668	0.334285330042196	-0.256872978305471	-0.0146521127102591	1.07683716884434	5.18909751944566	-0.988637328434612	0.750132100777282	0.953267709655253	1.24297567523563	2.25602415103647	-0.02292043946185
ENSSSCG00000061971	0	0	0	0	8.40902331232873	0	0	0	0	0	0	0	0	0	0	2.91521703409389	0	0
ENSSSCG00000062026	0.0961425041434345	-0.773900579172454	-0.0346327330446103	-0.992987702213605	3.6309705777377	1.69574132165398	0	0	0	0	0	0	0.875667778534184	0.741906018672108	0.568958444479517	0	0	0
ENSSSCG00000062030	0	0	8.00925569966031	0	0	0	0	0	0	0	0	0	0	0	0	0	0	0
ENSSSCG00000062035	0	1.9796517548731	3.63224609104221	3.85715194659451	0	0	4.09766514719818	5.08983012727277	4.91768133985141	4.26971325306266	1.69719220181501	1.06620109571734	0	3.77750836091513	4.27300215408763	0	3.3940511522946	0
ENSSSCG00000062042	0	0	3.49479481331294	0	6.19377127332381	5.36909232567809	0	0	0	0	0	0	0	0	0	0	0	2.60453035549459
ENSSSCG00000062065	0	0	0	0	0	0	0	0	0	0	0	0	-4.66783366052899	-2.86997273984027	-3.75924517728059	-4.65559042236223	-3.3022221457907	-1.65915296066488
ENSSSCG00000062107	0	0	0	0	0	0	0	8.0523468013728	7.59272957284009	0	0	0	0	0	0	0	0	0
ENSSSCG00000062109	0	0	0	0	7.22680941613152	0	0	0	0	0	0	0	0	0	0	0	0	0
ENSSSCG00000062134	0.61422211797963	1.85440157500631	2.62391117722601	2.57016535528272	4.26764632516307	3.34239359058408	-3.21306621686915	-3.20612945707609	-2.90983281586386	-1.45472307093082	-0.763593778794539	-1.51929710743263	0.371561388825489	1.8154549774792	2.56876981186622	0.744708373369926	-2.14181673282925	1.15099149235462
ENSSSCG00000062159	0	0	0	7.97556478395792	0	0	-7.31764838442857	-7.31430426372486	-2.84317100733785	-7.21441869110356	-7.34967561234977	-7.43856648160742	0	0	0	0	0	0
ENSSSCG00000062169	0	0	0	0	0	0	0	0	0	0	7.70421260004237	0	0	0	0	0	0	0
ENSSSCG00000062194	-1.88198754897304	-1.54613426526907	-7.50227016873207	-7.48922374736064	0.261584189439474	-1.35475656210222	0	0	0	0	0	0	0	0.130006794336737	0	0	-0.133494980938545	0.64856896034503
ENSSSCG00000062201	0	0	0	0	0	0	-3.14807608124144	-4.41419326054483	-4.11741351296449	-3.63722902317866	-3.5283452818323	-1.65240665922897	0	0	0	0	0	0
ENSSSCG00000062214	2.91628629771103	0.705164649123421	0.77029972899662	4.39748250095108	1.01247403346475	0.429202946683679	-1.02041808132478	-1.01331377663444	-1.69511555330025	-1.51845005976059	0.104368995872829	0.101512669192126	-0.394063412411202	1.12387700944562	1.88339741845156	-0.15073895129742	-0.271977737710076	-0.543530141954078
ENSSSCG00000062233	-0.351882610836947	1.64090932031252	0.804870688979171	1.13431404664946	-0.0418868730534436	-0.863466157056926	-3.00018616640411	-1.32141939701109	-7.99254118351405	-0.894387682869909	-1.51018765249627	-0.821222487611653	-2.86571545871208	-2.99845685137852	-2.51239461506936	-2.85337553589915	-2.62415211417388	-0.325734919553951
ENSSSCG00000062258	-1.08083141697646	-1.81189603959668	-3.13403691529	-0.274637628128765	2.12378577917608	1.81908620079899	0	3.09760798774117	0	0	4.71816922874501	5.03225021101551	0.529905337000628	1.17448469295548	1.22276124826513	0.324338518003081	1.537180938492	0.451126988636538
ENSSSCG00000062270	0	0	0	0	0	0	0	7.10323655870425	7.59272957284009	8.61176387193907	0	0	0	0	0	0	0	0.484264499057692
ENSSSCG00000062278	-1.46415898932523	-2.71210739930216	-2.42567194877603	-9.10827898438238	-0.36090593144911	-1.02467017795342	0	0	0	0	0	0	0.69198876554368	1.72302775199946	1.53470143745667	1.50905165065985	0.677791055413838	-0.213896864424895
ENSSSCG00000062298	0	3.84335376786786	4.03542755539184	3.57268271124648	3.45267530782946	1.85559703733629	0	0	0	0	0	0	-0.907707302404451	-2.01804831499497	-0.954669479719571	0.0932524285026745	-0.270177938106847	-2.75497651974649
ENSSSCG00000062401	-0.0661855907050406	-0.0823298954271482	-0.0347985855701539	-1.76762725768164	-0.623349922291197	0.133438498863623	2.58278012989752	1.72050937836125	1.47630026853694	3.75245158745799	-0.376504644140147	1.11107603880128	1.19850661571667	1.06412733273594	1.35188295906835	1.21099951052852	1.10882453327326	0.554801205935087
ENSSSCG00000062406	-0.776662653617767	0.0924414626109234	0.0207598902761417	-0.382150289529935	-0.261925571586363	-0.960582236110422	-3.83804656243514	-8.00597962859086	-2.57065967554271	-2.65178241473001	-8.04143511865916	-1.15594908623749	-0.11085852605613	-1.16339032957589	-2.30984377360264	0.995837301573767	0.463137132365016	-1.18660908336024
ENSSSCG00000062411	0	0	0	0	4.53010290223615	2.73180670276194	0	0	0.796706245117824	0	1.17941075876527	0.723871676377584	0	0	0	0	0	0
ENSSSCG00000062459	-0.657095130510507	-0.729339808455108	-0.567353787049972	-7.36442264369261	-1.03564685647122	-2.92445177706481	-0.089372072665582	-1.37935567295878	0	0.399268014583967	-0.473956698954208	0.918277546185628	0	1.03308205765327	0.832938243093811	0.81062844685523	0.871215741578449	0
ENSSSCG00000062462	0	0	0	9.20175552865318	0	0	-6.92815433213434	-2.74993984156184	-6.79050369516441	-2.53375356411324	0.350347244974482	-7.04884564082639	0	0	0	0	0	0
ENSSSCG00000062524	-0.270990219482155	-0.343452347586918	-0.180979248910541	-2.13229076296298	-2.82425804604389	-1.05122074309833	0	0	0	0	6.97185159570829	0	0	1.06060460833296	0.568958444479517	0	1.64759881250772	0
ENSSSCG00000062552	0	0	0	0	0	0	-3.28673366654457	-2.83542416388615	-2.79996877553791	-1.54188717171138	-4.0643055414481	-7.05278472146861	-2.72769725168678	-2.48851955028887	-2.10388052170839	-2.45519612454308	-0.67063051486101	-3.14702657783302
ENSSSCG00000062557	0	0	0	0	0	0	0	0	0	0	6.97185159570829	0	0	0	0	0	0	0
ENSSSCG00000062570	0	0	0	0	0	0	0	0	0	0	4.69022022803414	0	0	0	0	0	0	0
ENSSSCG00000062630	-8.31440591557095	-1.6236464455063	-8.27155652240031	-1.13624669207772	-1.01205601597137	-8.4142332161048	0	0	0	0	0	0	-8.06210179566038	1.80452423281081	-4.07197530777555	0.258046689971932	0.18623053797015	-8.01714562469842
ENSSSCG00000062648	0	0	0	0	0	0	0	0	0	0	0	0	7.95129117424903	0	7.45460337367122	0	0	0
ENSSSCG00000062659	-1.11758311676389	-2.43237431133098	-2.58521514028196	-7.71046862768065	-2.10728142392246	-0.208998850386992	0	0	0	0	6.97185159570829	0	-0.1110362058985	-1.35513623405436	-0.937138365192884	-0.671309071706135	-0.0717613322996252	-1.1788595052747
ENSSSCG00000062660	0	0	0	0	0	0	0	0	0	0	0	0	-3.56278375092839	-3.03311881008558	-3.92237953187759	-8.86061134532648	-0.0797721062730094	-1.30214206483281
ENSSSCG00000062665	0	0	0	0	0	0	-2.49334837967098	-4.36806308534044	-3.14937838605043	-7.5206716128604	-2.5598700701615	-2.42356209746864	-0.601919001814344	-0.906250120862837	-0.361037571784145	-1.63640310647092	-0.992687057456516	2.03835827632526
ENSSSCG00000062722	-1.66366842304738	-3.48156508289884	-3.32356793592211	-7.48922374736064	-0.679985156759034	0.169164896835396	-2.56591539744213	-3.48124774438094	-2.26317542725526	-0.807937073285972	-1.67290302915631	-1.84916663157524	-0.110381336363753	0.274691627872474	0.42347559598536	0.221763720927732	2.90841894594806	1.01571425206697
ENSSSCG00000062723	0	0	0	4.946241097249	3.83634642756373	0	0	0	0	0	0	0	0	0	0	0	0	0
ENSSSCG00000062725	0	0	0	10.1791746452923	0	0	0	0	0	8.53636094831593	0	0	0	0	0	5.57310591953665	0	0
ENSSSCG00000062735	0.505924990558534	0	0.815671026262019	0	0	1.17572552776031	0	0	0	0	1.61285948273701	0.617963452583867	0	0	7.57423948849719	6.87080587258486	0	0
ENSSSCG00000062740	1.08301012179151	5.24162474337375	4.02697324429863	1.63753888985899	3.32793173814311	1.39619846789783	-1.48380372547399	-1.79044059224952	-3.38426322317424	-0.135899951755593	1.58901196283853	0.964206275545286	-0.42295972186878	-2.58439081265993	-3.8734575812885	-1.74569323744879	-0.92610454487058	-0.917277941887052
ENSSSCG00000062751	0	0	0	0	0	0	0	0	0	0	9.07846074902144	8.28960822536695	0	0	0	0	0	0
ENSSSCG00000062767	0.192413598179425	0.11991909971771	0.911310206431714	0.939418505455811	4.1297911535815	0.651499343178716	1.15765809752684	0	0	0	0	0	1.00891927456928	1.73005489292348	1.30648433571871	1.72528547388557	0	1.53864761387076
ENSSSCG00000062771	0	0	3.01255884882386	4.73996369074311	0	0	0	0	0	0	0	0	1.74516279774219	0.265509961502094	2.79167175808369	2.47617907592209	-3.90661379136839	-0.820571801382571
ENSSSCG00000062774	-1.8415742899225	-0.0717124753424737	-1.94170402922533	-7.85664328276325	-2.82425804604389	0.299253112471029	0	0	0	0	3.19393878379455	2.66040346947055	-1.82447205983826	-0.716631243385517	-1.33000785403041	-2.30620615208482	-1.98526908266636	0.0481445480895284
ENSSSCG00000062777	0	0	0	0	0	0	0	0	0	0	10.0090189441775	0	0	0	0	0	0	0
ENSSSCG00000062812	0	0	0	0	0	0	-2.34913974471713	-8.04763944629038	-7.9126944978898	-3.65611298419353	-3.94530243115169	-3.16361197659629	0	0	0	0	0	0
ENSSSCG00000062818	0.974499228962581	0.129914949005072	0.802625399851427	-0.478927464930221	0.708885190499463	0.00382763393304521	-2.47786825230433	-0.234170262158645	-7.78397266194153	-3.52737777666915	-1.30152056084914	-2.05738191475306	-0.110096990320127	0.862222660820184	0.573534423812116	1.0095761773916	0.780633303338825	-0.432851538251462
ENSSSCG00000062860	-1.74577187107777	-0.582725485734632	-1.6562339624618	-7.7608571644679	-2.72845506869891	-1.14638252747144	-0.147229113346636	0	0	0	0.103641032383095	0.406275744604357	-0.690283028489269	-3.3314490052231	-2.69111691246854	-0.457568193513608	-7.32169132594321	-2.1581262982736
ENSSSCG00000062878	0	0.309810977317011	0	5.41714738573073	0	0	0	0	0	4.14756006246913	0	3.04451855177632	0	0.333627994565023	0.296697138756321	5.9622696213351	0	0.29476182315886
ENSSSCG00000062930	0	0	0	0	0	0	0	0	0	0	7.06424250097891	0	0	0	0	0	0	0
ENSSSCG00000062991	2.22255519520141	-3.70805400759275	-3.32533219089669	-2.30318585530179	-2.77178474655293	-0.00769847149514455	4.32615504446309	2.19867621926545	3.63833481295649	2.17742482417272	3.35817235830907	0.850941563755748	0.806580871995854	-0.646659547492616	-1.89620777688139	-1.97230892423949	0.493964094896838	-2.62237522762756
ENSSSCG00000063006	0	0	8.00925569966031	0	8.22198567515521	0	4.90570246588166	0	4.20634711208599	4.74167658166377	0	0	7.70725772551593	0	7.103249225948	8.86153090470732	0	0
ENSSSCG00000063031	2.23071276131325	0	0	0	2.75428041640661	0	-0.147229113346636	0	0	0	0	-0.798761075456588	-0.767781833807848	-3.40897222462532	-3.32352877445278	-7.30721515105027	-1.69381040487914	-3.1922120536648
ENSSSCG00000063035	0	0	0	0	0	0	7.00705354972009	7.90608758624596	8.22234339276286	0	0	0	0	0	0	0	0	0
ENSSSCG00000063044	4.37771924653326	3.44602751625478	4.67673354003535	4.05172670676386	2.05336953493953	3.22489028557585	0	0	0	0	2.1314121665558	1.00166680546268	4.55636908293746	3.12998172632594	5.50314634506909	2.72013272622338	0	3.59985156458811
ENSSSCG00000063066	0.122265248315288	2.97556847550084	3.05653770098882	-0.0370447028411114	2.22549348546124	3.08403589449475	-4.15202563130094	-4.83719600047417	-4.88965377484504	-3.6416570005593	-0.249052007579059	-3.48060409834354	-1.01783765575704	-1.40935842886771	-1.91108083882221	-1.58538487815408	0.997311623265505	-1.15873379889233
ENSSSCG00000063069	0	0	7.42709022988675	0	0	0	0	0	0	0	0	0	0	0	0	0	0	0
ENSSSCG00000063081	0.357988429074601	-0.0494794452722724	0.506514409609362	0.93348861132598	1.4375828263215	0.741454818422787	1.44484140974137	2.80399009486151	3.20452424245248	3.22730285499607	0.210874008859577	0.223743756238668	1.68421739734526	1.87846148548052	1.5953970924723	0.742393451815886	1.20363057885156	0.735368573614171
ENSSSCG00000063099	0	0	0	0	0	0	0	0	0	0	0	0	-8.1063323272788	-5.11291380635277	-8.13112250659484	-8.09981203278802	-8.1920553709157	-1.88286253872942
ENSSSCG00000063104	0	7.47968986076979	0	0	0	0	0	0	0	0	0	0	0	0	0	0	0	0
ENSSSCG00000063136	0	0	0	0	0	0	0	0	0	0	7.06424250097891	0	0	0	0	0	0	0
ENSSSCG00000063148	0	2.4469802399604	4.48212971195411	5.86922167125013	2.80848071262939	0	0	1.91744808741795	3.33599468766238	2.29704591280278	2.27720333338177	3.91064689027013	0	0	0	0	0	0
ENSSSCG00000063166	0	0	0	0	0	0	0	0	0	8.12781143808028	0	0	0	0	0	0	0	0
ENSSSCG00000063254	0.726261903810802	0	0	0.843559666179106	1.15956814892976	0	0	0	0	0	0	0	0	0	0	7.28275833649834	0	0
ENSSSCG00000063299	-0.706144680827633	-0.609805495751793	0.237013788396818	-3.51750945183945	-7.76826361827737	-1.31616067755248	0	0	0	0	0	0	0.565891321007481	-1.62467363268725	0.308821603077028	0.297734808400841	-5.08675941154287	0.092252724415311
ENSSSCG00000063351	0	0	0	-1.34426114109403	2.81666115700552	1.85612342176787	0	0	0	0	0	0	7.85857032051503	0	0	0	0	0
ENSSSCG00000063396	0	0	0	0	0	0	-2.58834204826402	-3.13942734820519	-2.84317100733785	-3.85117966448489	-7.34967561234977	-1.45256098584824	0	0	0	0	0	0
ENSSSCG00000063428	0.1418375384677	0.620887447801476	0.0129178216920797	-1.59381848912733	-3.03242494663416	-0.97949815862009	1.69113907524573	0.16031226435644	-0.402620610241537	-1.3314875837541	-3.78592574522962	-0.184564054497429	-1.54207789848211	-2.92031046748932	-1.62469866963562	-2.17531141805036	-2.26979276258693	-0.314500349717958
ENSSSCG00000063429	-0.31721810483413	-0.168040026436711	-0.759569204041208	-0.888335801951955	1.33886377711202	-0.623325661160432	-0.167772376364066	-0.113506618644142	0.850215070610827	-0.258504083238284	3.90227499619298	4.64720946720526	-1.37500447035153	-0.86709899974344	0.00167305666596167	-0.375671332512315	0.223538056358302	-0.1096712572173
ENSSSCG00000063445	0	0	0	0	4.83870049606666	0	0	0	0	0	0	0	0	0	0	0	0	0
ENSSSCG00000063511	2.80769337565766	0.092481205939877	-0.520983094294311	4.98622910073499	0.789387165106024	0.661037996711594	-2.96004543656787	0.120815615160146	0.0771836284798366	-0.502919507786909	-0.568691730229105	1.77499118043289	1.14156447778225	-3.69651485497027	-1.7637053023748	0.51493919613794	-3.80374079455699	1.93002007393672
ENSSSCG00000063551	-0.439413856791732	-1.62986039959233	-0.349844556084561	-0.775718644781512	-1.56222407780267	-0.923350147311918	-1.67087120488413	-1.85344567123238	-1.36066196985086	-7.67739992379491	-1.28433120251201	-0.84056666520107	-1.06517927657651	-3.33294806701668	-3.24612859559195	-2.3991105854677	-2.2148408492988	-1.33714423587207
ENSSSCG00000063556	-2.24779919510743	-4.44426207853657	-2.19060430254437	-2.09703154195168	-2.42537048507638	0.203233111508892	-1.95654294956495	-2.88130810831374	-0.711554523098157	-1.55044370520068	0.888817142878594	1.32118189946007	-3.37333625765415	-2.83429161087591	-3.10067357113116	-3.29080230218879	-3.15787702923815	-0.164174018016453
ENSSSCG00000063561	-2.52151256235423	-3.2953290834088	-1.70808781205571	-2.52715106158337	-3.04512817156659	0.490423073077187	-3.93743284533665	-2.11847963133583	-0.670595056027662	-1.27553718516455	0.349516705636031	0.489415729835602	-2.68142927466817	-1.10109409529658	-0.022075003303596	-1.75453490673031	-1.22709929288347	0.230841518936081
ENSSSCG00000063563	0	0	0	0	0	0	-2.75686910146988	1.0804054752408	1.68631319691187	1.64262826324669	3.33285736978183	3.57334364695636	0	0	0	0	0	0
ENSSSCG00000063577	0	0	0	0	0	0	3.33694272049698	4.33944795460131	0	0	0	0	0	0	0	0	0	0
ENSSSCG00000063587	0	0	0	0	0	0	0	0	0	0	3.91844199994256	4.44045974105051	0	0	0	0	0	0
ENSSSCG00000063596	0.463109650207022	-0.864207447405926	-0.88842385273616	-0.250452959471772	-0.831145161887522	0.924062930763927	-1.48134790265029	-0.951268142440172	-0.0990067518537307	-0.753142292354603	3.37728435250792	2.33209903922113	-1.05093793341851	-0.162626343235672	-0.553115187479366	-0.653011969847966	-0.826447730836375	0.165606048944271
