genes	endo03	endo06	endo09	ovary03	ovary06	ovary09	ovid03	ovid06	ovid09
ENSSSCG00000000033	0.95819381664047	4.11006125042409	4.46198133943621	0.164208489267484	0.207400958397991	0.161830746750697	0.932363439264401	1.56940136751569	2.07246246716594
ENSSSCG00000000138	-1.21693538872289	-5.59555699951648	-3.71649562860793	0	0	0	-2.26438572455204	-1.04154631808417	-2.65787346325334
ENSSSCG00000000142	0.634550397689045	0.512863291414386	0.120730482778573	3.75529528808381	2.40059523885688	4.05340949381635	0.409591642270325	0.0159443864793952	0.847833272539697
ENSSSCG00000000197	-3.64481996642884	-3.14599558443558	-2.98462189603069	-2.08442827869702	-1.7123480938721	-1.79958185940707	-0.702819962013834	-2.77867699523885	-4.01094170923903
ENSSSCG00000000211	-0.48588702423902	-0.237924583475681	-1.16847250216612	-3.27682106985847	-1.73917860241875	-2.41258857371816	-5.2761090068918	-6.25537937660685	-7.88243398547678
ENSSSCG00000000212	-1.72830446875344	-4.72512217961738	-1.93547473844983	0	0	0	-7.06748981121507	-7.13909689651506	-7.092185589556
ENSSSCG00000000239	-2.39171869024018	0.707035352178818	-0.426371203224084	0	0	0	-8.06210179566038	-8.13397024680081	-4.98538549880867
ENSSSCG00000000240	0	0	0	0	0	0	-6.28491569521135	-3.17639360660753	-5.76219278610994
ENSSSCG00000000584	2.20176235885723	4.42742268666375	3.93496571094077	2.30495407058779	1.73168631035638	0	1.54934564488919	2.7196305901747	1.52073278804421
ENSSSCG00000000640	-0.10920597634521	1.7946377575888	-0.858876789074045	-3.44577126032953	0.56487577460951	-4.67248973336853	-0.821653319237956	0.182697387640603	-0.0382864768848401
ENSSSCG00000000647	-0.0232532575103474	-0.743547374285422	-1.7871744266393	-8.52477019915511	-6.76319698878544	-6.82879552510588	-2.80596201034802	-2.05158575345318	-2.27067062088542
ENSSSCG00000000659	0	0	0	5.03394261822329	6.94364766229791	6.93846702637724	0	0	0
ENSSSCG00000000692	0	0	0	-2.06529173247733	-4.25914787930172	-3.60981825861242	-0.590393969224795	-1.44894940838691	-0.954669479719571
ENSSSCG00000000707	1.39896483252148	3.305864832713	4.06226070497979	-2.19268096557215	-0.474797309310388	0.783761592606033	0.198893643891522	1.60624267013409	2.19420094639933
ENSSSCG00000000748	0	0	0	-3.75093362830021	-1.35143778802608	-7.78397266194153	-1.61910132760474	-2.72967553257433	-4.51102227601381
ENSSSCG00000000795	1.6050064671986	0	4.35459873440572	2.1431119317398	2.3730669517525	0.893864472199597	0.0042128915120647	-0.826720309764833	-0.0993798288602345
ENSSSCG00000000873	-1.52877203066962	-1.95500403697199	-2.21554466193264	-3.03992819907743	-3.6801481844577	-4.04253385437414	-2.85110590771477	-0.470359677798813	-1.14304753175894
ENSSSCG00000000924	0	0.0239050455621069	0.665772086745344	0	4.41322668596781	4.97243447224218	0	0	0
ENSSSCG00000000932	0	0	0	-0.86617627562743	-1.22845797038483	-2.4661695753511	-1.67492492034968	-7.30788421579548	-3.24602141172225
ENSSSCG00000000934	-0.462301079166151	-0.833362229394917	-1.234033715528	-2.00026489209425	-2.44688466226976	-8.42547042322067	0.268557292363725	0.337035234038619	-0.411550409140617
ENSSSCG00000000936	0.867169908057684	3.91782153175407	4.20236859181547	-1.9096433807892	-1.96359424607495	-3.57880071348834	-2.62962775171737	-1.20031315997461	-1.47204339766869
ENSSSCG00000000981	0.495486822542455	-0.380715976572436	-0.122759344358776	-0.95299936597178	-1.56581912164771	-1.76916784436727	-3.63206959941532	-4.18279176765324	-4.29343458258078
ENSSSCG00000000983	-0.807813055420599	3.68513929271875	4.06509724525016	-1.62519271298225	-0.816711266056179	-2.55975250070285	0.863575050061517	0.22034972441016	-0.160800666996458
ENSSSCG00000001101	-1.29773190341582	-8.20230869812314	-2.98565226673258	0	0	0	-7.02119101581215	-3.2416243787895	-2.90652011685567
ENSSSCG00000001107	0	0	0	-4.41686255137604	-3.62016449352177	-4.10850172774625	-5.98935550343768	-6.90582265163006	-6.57964010913359
ENSSSCG00000001213	0	0	0	0	-1.25525941205085	0	0	0.913203963280947	6.83288155978054
ENSSSCG00000001234	0	0	1.39664605012459	-9.27613965146195	-2.58108745171992	-1.47476480345059	-0.110184325178498	0.801963471370291	-0.848682533051864
ENSSSCG00000001235	-2.2726868390824	-6.99926989517971	0.882385178760677	-5.10485442079749	-2.3606901853468	-1.77794516667032	-0.484423026776367	0.801963471370291	0.779176230519825
ENSSSCG00000001248	0	0	0	0	0	0	0	7.74645602906469	0
ENSSSCG00000001428	1.65055100970982	0	0	-8.5348637383289	-3.79854194399704	-8.39640971156394	0	0	0
ENSSSCG00000001441	0	0	0	0	0	0	8.08007447224875	8.3779374242728	0
ENSSSCG00000001523	0.820552994076887	1.94056310102678	0	0	-0.808150086357397	0	-6.51128590804687	-12.3627189381889	-6.36909529002839
ENSSSCG00000001536	-0.48080617799919	-0.492776714814021	0.0415580437239028	-0.0430666386928846	-0.445578633669784	-0.378025576128548	4.19829195978963	2.24696502669468	1.95708335656349
ENSSSCG00000001550	0.481989048497319	3.85642625921102	4.41954219959124	0.408783644760091	3.22726642040094	2.74179349704962	0.0236678802695854	1.05339013940624	0.996904454578169
ENSSSCG00000001560	-0.706144680827633	-7.80178380691835	-3.54482315085124	0	0	3.20239260810977	0	0	0
ENSSSCG00000001582	-2.56400087961244	-4.05690066529945	-2.90094293706494	0.664317882520518	0.329303642487133	1.97192561494543	-2.06394877140267	-2.81634189395102	-2.17678215430551
ENSSSCG00000001682	0	4.02578048386644	2.22139401299501	-7.87660701787452	-2.73887994855294	-4.33213964096589	-1.82597082068351	-3.48254130654543	-7.41199745660826
ENSSSCG00000001726	-1.98405069786905	6.2686895294343	6.92614981233457	0	0	0	0.649686173286267	0.21391752200929	0.674288187662005
ENSSSCG00000001736	0	7.71945391149121	9.09938730491415	0	0	0	0	0	0
ENSSSCG00000001775	0	1.07515773829728	-0.0747566800971657	0	4.01820596322821	5.41269933855758	-1.45580221821275	-2.73122813795514	-4.74242249868319
ENSSSCG00000001789	0	0	0	0	8.34507652556439	9.90866629062141	0	0	0
ENSSSCG00000001836	1.19585911523276	6.77247208754465	7.05923932325526	0	0	0	5.47057782994438	4.77106808697638	3.75375805537247
ENSSSCG00000001841	3.01754005946885	7.17024297928093	4.68294076665194	3.57718555594316	9.4558773013512	8.0838073365041	1.85770642710351	4.31419042606865	4.3091150131155
ENSSSCG00000001849	0.66907335970367	1.68750524781884	1.08429267836322	-0.430717147349948	-2.38851339290429	-1.18522061534075	-4.89485409957262	-4.23034096412875	-3.63142553422876
ENSSSCG00000001931	-1.58599123314118	-3.50958458361138	-4.16928796464133	-1.33590951536218	-0.200422773259426	-0.797283454922091	-2.01123823664272	-1.89618607768761	-1.96569266351631
ENSSSCG00000001989	1.52033119958307	4.65971704605156	6.92865577478547	0	0	0	-1.16368525618828	1.70133293780291	0.724449552302574
ENSSSCG00000002012	-0.835252315091565	0.0912697881500572	0.748968653816855	2.85350227089494	2.36458311779565	4.03796686743947	-0.328391426587179	-1.46177910196145	-0.801369804396507
ENSSSCG00000002013	0.292001067395837	1.02093557724923	0.96473907971872	3.56894189572354	3.1631016090206	5.85753665669384	-0.709541281620743	-1.02456020501046	-0.0587936459550537
ENSSSCG00000002014	-0.323605549087058	4.46248273855875	3.73131826302297	-2.00257647798708	-3.00546696138725	-2.23470753617371	-0.424761694338984	-0.395298344275977	-0.680878686695885
ENSSSCG00000002134	0.819721525562851	-2.6391858256542	-2.47882491225093	0	0	0	-4.609084107486	-2.12005999340709	-0.933154980810399
ENSSSCG00000002241	0.0960771259204403	5.95392278741959	4.50084187014651	0	1.75137051476074	0.479953770856687	0.372213462773931	-0.478304095023939	-2.12971908405435
ENSSSCG00000002297	0	0	3.49479481331294	3.23591026152625	2.37675194778086	4.26340324873718	0.18750448501987	0.181011227693542	2.90329716483645
ENSSSCG00000002314	0	4.98761183287036	6.82611252573251	1.00083405051591	0.438521526216031	0.821372238105546	4.74368601458215	1.19615590985617	1.07815635433707
ENSSSCG00000002383	-0.60061388442433	-3.4081406854226	-4.41605307619108	1.26305626101696	-0.0754100935291844	1.27644052896377	-2.32805811650741	-1.5129292078011	-1.80435204897738
ENSSSCG00000002399	-2.71753410278798	-8.82402566706061	-2.62790135018205	0	0	0	-2.20240305411676	-4.44106006628853	-2.77876324533417
ENSSSCG00000002442	-2.50376168206167	3.09118963796517	4.3866673903819	0	4.33944795460131	0	7.99550864507277	8.20855441436725	0
ENSSSCG00000002443	-0.488829458955428	0.637682498955222	1.67514717912176	1.9611968574919	4.16882950939427	4.61091261126877	1.45358159963914	2.94969124980048	2.89050923196366
ENSSSCG00000002450	0.926795150906892	2.31605688409497	5.63277022271599	-1.20617753857135	-0.445567754889875	0.163787686366128	-0.503762047061912	-1.45531944643875	1.3463981433172
ENSSSCG00000002456	-2.45957037193525	-3.64415398824848	-5.30333524655507	-0.251140746435198	-1.29948195472602	-1.68554626717861	0.85994859672601	1.44796550846041	1.12707354659849
ENSSSCG00000002474	-0.734597482918368	-3.85440579245158	-5.39128194953957	-0.10995775498967	-0.276223792943707	0.448267251070321	-0.120716256111346	0.148791247138277	-0.529941707045201
ENSSSCG00000002479	-3.98612658876183	-5.04882444275224	-7.91580444957686	0	0	0	-3.8038011132921	-3.81443671997765	-3.0289748844066
ENSSSCG00000002497	0	0	0	-5.15661122399497	-2.89308987961458	-3.31617825099726	0	0	0
ENSSSCG00000002639	-2.47609799645138	-9.16039731350457	-3.15391600237007	-1.45335257154136	0.549842203548814	-0.893707983776386	1.06497634891379	1.5689802347361	0.0813786237500328
ENSSSCG00000002668	-0.833929572752427	-1.51416948600314	-3.31308664231416	-7.96643273374093	-2.82870479905354	-0.386611758217747	-0.383218118311909	-1.29929300514916	-0.666788896777486
ENSSSCG00000002696	1.31673903755662	1.07256064417842	0.859147942346838	3.93468002807627	4.58452103707149	4.60570176047819	-2.20430335920148	-1.01743106808398	-0.451315375837455
ENSSSCG00000002709	0.242836369098505	-0.422430060945907	-0.396725458147469	0.276702913968133	-0.703706949827327	-0.443083701650538	-3.23016465027723	-4.15417984468058	-4.68775153654702
ENSSSCG00000002720	0.450082607310605	0.300155599299296	4.05660882197218	1.12596414428223	0.963364069005666	1.26899082727567	4.16672335510704	2.78354138264403	5.37662067945883
ENSSSCG00000002737	0	0	0	8.26353035927016	8.34507652556439	8.82109053098808	0	7.47483650044798	8.68119964133335
ENSSSCG00000002749	-0.0430724518339284	3.08013121226853	1.87289942579609	3.9113261604441	2.30154918191777	2.454754380261	1.83084371549961	5.13199465962771	4.73308789175604
ENSSSCG00000002764	2.93045832113795	4.85808843075776	3.60116466615141	0.585910862713917	0.00985068100453959	1.19532564789454	0.843037290844698	0.88393250692955	0.909781313494054
ENSSSCG00000002777	-0.000997460321667873	4.02342530297747	3.059236243027	7.07280731212939	4.04981928578931	5.29793436109019	1.78838003939291	1.45585086601296	2.10130837288528
ENSSSCG00000002827	0.54180931132179	5.3099538787685	5.65904315854546	0	0	0	-1.56828970216786	-3.07642636205677	-2.72697470049695
ENSSSCG00000002980	-0.539566439328804	-5.50560960398642	-2.09890615532639	0	0	0	-2.84667985271357	-3.84154194027578	-3.34694709087002
ENSSSCG00000003044	-1.39652118578861	-0.254870211921732	-0.505347910320355	2.36957377445572	3.65321842412215	4.15361039013315	1.24418788110083	0.695946865843203	1.45242548700178
ENSSSCG00000003047	0	0	0	0	0	0	-0.0468527474206831	-7.59573441939322	0.287280987349561
ENSSSCG00000003048	0.00705347296417358	-3.66451775210292	-10.4181777237221	0	0	0	1.35304371534282	2.12166771268589	1.0606109120279
ENSSSCG00000003053	0	0	0	8.938282210735	7.66871900788244	5.70815013427937	0	0	0
ENSSSCG00000003073	0	0	0	-5.46103814124678	-4.89599673895544	-9.4936600703971	0	0	0
ENSSSCG00000003171	0	0	0	0	0	0	-3.88446140304535	-4.01604722003844	-7.94541898945807
ENSSSCG00000003239	0.373024331050598	-0.545345489103471	0.655563727721934	0.0296129652608256	0.942012514064872	4.46843559074316	0.446408290020503	0.570489766133225	0.759032902387049
ENSSSCG00000003307	0	0	0	-4.63370522296474	-2.94065077700753	-3.33221839321588	0	0	0
ENSSSCG00000003314	0	0	0	-3.31328741796472	-2.73503219174528	-8.30554102951264	0	0	0
ENSSSCG00000003386	0.0961425041434345	-0.773900579172454	-1.59202497139446	-3.24934537408141	-4.20179542220882	-8.24161794645637	0	0	0
ENSSSCG00000003417	-4.57292056714813	-0.287128719518256	2.64027670002678	0	0	0	10.8288867383849	8.88479628140317	0
ENSSSCG00000003431	0	0	0	-7.62403047069185	-7.6206823091185	-7.48592216790863	-3.27869910426026	-3.01219374294642	-2.35588114869241
ENSSSCG00000003599	0	0	0	2.61285774575665	3.0150132329878	2.63999885362167	6.95710847485132	9.49844688004484	9.62506116661361
ENSSSCG00000003640	-4.33790145055904	-2.1227296769786	-4.24890760171687	-1.80731032698651	-0.593726159316674	-2.07072473353759	-0.621143930497266	-1.96001268975581	-2.44240873038258
ENSSSCG00000003669	1.11174018988089	0.395256589575948	-0.603522193857007	-0.601055824112319	-0.573152165123511	-0.709679409060905	-3.98514171255734	-4.13163147118302	-3.72603611965362
ENSSSCG00000003687	0.381548161692404	-1.10265663241768	-0.977935317531716	1.64389950998944	4.91649611588575	4.60053782515483	0.755364040093603	1.39411284489688	1.61091845332679
ENSSSCG00000003699	0.55684515994287	3.87457657273835	4.47923335928264	2.24169912102456	2.65064090156971	2.73597475273746	2.25432856035283	2.54867821666993	1.90287209790513
ENSSSCG00000003721	0.28352497605912	-0.022559870383861	-0.751056579209919	2.12187711019603	4.08455161872278	4.12319530783812	1.08284272540722	-0.573101376553055	-0.339706438560993
ENSSSCG00000003732	-4.9264776604258	-1.57588144432585	-3.0965750364269	0	1.84412892864513	0	0	0	0
ENSSSCG00000003744	1.14938228547528	5.04346443519747	5.17765320450666	-3.19084683233793	-2.05537040719951	-2.20720482131385	1.92795728298434	1.64763734818797	2.12376884309414
ENSSSCG00000003753	0.787672319283999	-4.91420813399658	-3.79633726104929	5.28975135165057	5.77810153914814	6.15271019373383	-0.420114576570178	2.10750104072321	2.53133586668404
ENSSSCG00000003778	0	0	0	-3.54399909598684	-4.49644727591811	-3.23580014624602	0	0	0
ENSSSCG00000003793	0	0	0	-2.39864296879477	-4.64809645423775	-4.35126151251635	0	0	0
ENSSSCG00000003852	0	0	0	0	0	-0.955456342154173	0	5.50689886236851	3.86059019449427
ENSSSCG00000003894	4.17662893993481	0.581597586156055	4.14424333520426	10.5736657701005	0	9.89418188204653	2.45772936460946	-0.660070833342882	2.86929092987055
ENSSSCG00000004017	-0.267772587090101	0.376118680046829	0.0353959164190843	4.29268965579665	1.62335546072067	2.50234999181714	0.722786903160309	2.91689116588872	2.57540728358237
ENSSSCG00000004041	0	0	0	-8.77753117717885	-1.67093705559226	-2.35704764347177	0	0	0
ENSSSCG00000004094	0.776581526066337	-4.97917996852641	-0.72825589745151	-0.745755601177815	0.00985068100453959	-0.290407197867638	-3.96413047999833	-4.80998728957593	-3.53625379501575
ENSSSCG00000004119	0	0	0	0	3.26636666227095	4.55843775647313	0	0	0
ENSSSCG00000004136	0.632701143658067	-0.46101485075675	-0.392974908732892	3.96967335700333	3.98383975221957	4.27028336978947	0.78119146401133	0.556965778266346	1.00065815941861
ENSSSCG00000004179	-2.12669359708552	-9.27931292107792	-10.352472596171	-1.1178536279794	-1.84485959991737	-2.31291147465081	-5.40366158496506	-3.96871274943007	-3.66428874451845
ENSSSCG00000004180	-1.39652118578861	-8.0807503002262	-3.82372599129108	0	0.97544750202398	0	-3.56278375092839	-3.69682663775022	-3.92237953187759
ENSSSCG00000004181	-3.312004313325	-7.8781587359345	-6.1733517756996	-0.956663228335456	-0.19092432237352	-0.0661954419797272	-4.797758389117	-3.89383093270149	-3.97536907474118
ENSSSCG00000004212	0	0	8.27135655548884	0	0	0	0	0	0
ENSSSCG00000004218	0.44597153076144	0.209278111255956	-0.35466618254142	-3.86979552906422	-2.9903017148491	-4.40178182014137	0.973540889387007	-0.581699514830803	-1.72261019265955
ENSSSCG00000004232	-3.73148176478952	-2.53147888567922	-7.82260592353715	0	3.73768185165933	0	0	0	0
ENSSSCG00000004280	2.70194853576867	2.4469802399604	3.46633717087183	-0.915045358926951	0.848766642761073	0.228110694971616	-3.15443139726292	-2.3438158246305	-4.35137986105791
ENSSSCG00000004281	1.99230874422677	2.91800492016745	3.15817877476129	-3.62604421639058	-3.61895470539889	-1.11325681321318	0.713958423302094	0.380512511985564	-4.00381943575562
ENSSSCG00000004283	0	0	0	-3.82443532401383	-3.09581314653219	-4.03279037789104	-5.60728137150673	-9.71550483206526	-2.9246359972959
ENSSSCG00000004357	-8.62839035360849	-3.03731991877903	-3.44720391143086	0	0	0	0	0	0
ENSSSCG00000004361	0	0	3.00098925222667	-5.14106962865945	-3.96867744950869	-3.22502437240825	0.162119309142491	-3.41531950863594	-5.57632559806908
ENSSSCG00000004366	-0.619267760823943	2.68861905433466	4.31394576475199	-2.47533452692598	-3.00554735236984	-2.35085696461112	0.160638892408518	-2.39614385022284	-3.06345531842635
ENSSSCG00000004384	-0.596084841477759	0.489668712742614	-0.339168059777965	2.28010915084003	4.10764026175498	3.17142620298665	0.13953455226718	-1.30586358414365	-1.72490932051528
ENSSSCG00000004399	0.552729171346498	-0.647416619853036	-6.92128084605423	0	0	0	-2.60663577363905	-2.26159574134985	-4.90253619050586
ENSSSCG00000004422	-1.93895374820681	-0.792032991708013	-2.06369787308405	-2.21058861069216	-2.42193328506138	-7.99254118351405	0.490829359243048	0.778735638371268	0.240710744276998
ENSSSCG00000004484	-2.02263282681307	-4.38098844003682	-3.09016506549053	-1.01391027987622	-0.918849151393664	-0.228477451459499	-2.90976774740628	-2.70576830484559	-3.18644632698223
ENSSSCG00000004509	2.44979329508872	6.42048659062222	5.46616497531538	2.64243967695242	5.23517061692517	5.31522382107994	0.772691502017838	4.42032701960081	4.91195666241689
ENSSSCG00000004521	0	0	0	3.48347794103594	4.51057023807716	4.97457587846983	2.26401421339702	4.77758056124382	5.78623759549507
ENSSSCG00000004565	0.508962996281865	3.39975103500272	3.49966172748238	1.02040184833941	1.95022514498444	1.45314518861546	-4.05946687631003	-3.34845087282411	-3.94408012685217
ENSSSCG00000004572	-2.3004390351489	-2.4871656245549	-4.84193098695266	-1.10709136830856	-3.06882314677144	-0.888018352320298	-0.233788727677853	0.45967485917138	0.214954140828983
ENSSSCG00000004584	-3.08684002742973	-5.29933589828622	-4.05900170026338	-0.241601263870493	-1.10467710449447	-0.968949254382277	-3.81770453319484	-3.02526408019925	-1.5594754655785
ENSSSCG00000004644	-1.24541536480081	3.0320217387352	3.31306717190819	-2.93197934459196	-2.51962144869329	-1.80745205258376	-5.1978241732061	-1.54598465721363	-1.23230139131562
ENSSSCG00000004676	-1.12776053731521	-1.0828806493031	-2.49832919627398	2.13171864076981	4.72781621941968	5.52471592443958	-0.286654429560141	0.0522504005446768	1.56271567152878
ENSSSCG00000004678	0.613999975030509	-0.487095794828074	-0.832522293116923	2.32489807826278	5.0388257484202	6.23372393604162	-1.37946554330959	-0.489207053127681	1.257654973258
ENSSSCG00000004679	-0.613405134724957	0.306981364441402	0.347093588994546	3.55859814524948	4.00135566664862	5.41565059093364	-0.213634734353495	-0.165066654031955	0.237910639504334
ENSSSCG00000004713	0	1.25895861623927	0.502313786309665	4.21459684407288	4.15650593922006	4.20301483588365	0	7.9749495525333	8.21306548548966
ENSSSCG00000004732	-0.573639081975639	0.281883137537671	4.196194080068	1.9856856773039	2.51344158259443	2.14103085413959	-4.5273232806959	-0.437294116938367	-0.929945393208482
ENSSSCG00000004733	0	0	0	-7.87660701787452	-1.30582639308437	-1.86528207308973	0	0	0
ENSSSCG00000004791	0.457879990664671	0.248985769065334	-0.271605561091444	3.96496862513766	4.7412763322288	4.94425898050779	-0.695503597316562	-0.831206583947652	0.234716615025747
ENSSSCG00000004803	0	0	0	0	0	0	-1.84833025318599	-8.01256520937871	-7.01571642950971
ENSSSCG00000004839	0.0958035059390768	-0.293613924691575	3.69337725177715	-4.13513526391544	-7.38100637259576	-2.90983281586386	0.110439466095214	0.225521534475316	-1.3145545671981
ENSSSCG00000004849	-0.0501131701575001	-0.0941165518027787	0.0498833098777876	-2.32754985716096	-4.74583341626115	-3.29504640894986	0.166081054653674	-1.40068170417952	-1.19190627157379
ENSSSCG00000004874	0	0	0	3.33694272049698	8.2622951809488	4.87953328462837	2.77880796692029	2.9283264538115	3.29358732932163
ENSSSCG00000004875	-0.450793842499346	1.14671981639836	1.13342313377238	3.80660380688053	4.42029240819445	3.8829065205457	-0.0655376103424877	-0.202352254698221	-0.0206882125588942
ENSSSCG00000004894	0.0584291033080013	-1.63372010446855	-4.02147016484576	-1.80336056062381	-0.552675702202428	-7.10982292358204	-0.645965451667133	-0.178257386582752	-0.560178584102122
ENSSSCG00000004902	0.743724264367002	3.70475132673281	4.94806033227971	3.8306326094113	3.49551855532864	3.43991935034559	-1.31508618422391	0.402129473272589	0.673189283852118
ENSSSCG00000004903	-3.23314817389576	-4.70230539248287	-4.54080977768656	-1.5458589290153	-1.13067680922744	-2.77327914172385	-3.70550697505134	-2.14719925007303	-1.21230378206223
ENSSSCG00000004968	-0.967864975390191	-3.03679026323505	-4.98705834961127	1.48235280940551	3.7229292985681	3.23274890058165	-0.111123574356739	-0.875060158868928	-0.183671494441405
ENSSSCG00000004978	0	0	0	-3.21306621686915	-7.38100637259576	-7.24637659772206	0	0	0
ENSSSCG00000005063	0	0	0	-4.2795518015116	-3.7012918524459	-9.27160114967704	0	0	0
ENSSSCG00000005098	-1.32552270633304	-2.1229402970759	-7.67131075378039	0.0469857198846839	1.25074895350913	0.423381412047032	0.119483222790426	-3.68310524275589	-1.85545194460226
ENSSSCG00000005106	1.78486369079169	3.36789951827997	3.01186365155908	2.05601352165661	6.17656376783908	5.69834682319192	0.0112885590455953	-0.655950096970006	-1.25722342910405
ENSSSCG00000005109	-0.485699281377217	0.300701423046119	0.632820517383969	-2.40425100889117	-2.4839592320241	-4.55439356516024	0.0107095487102779	0.0575805327666796	-0.0760465103683629
ENSSSCG00000005130	0	0	0	-2.05215901800584	-2.23690123500926	-5.67108896591422	0	0.0738158807816614	0
ENSSSCG00000005131	-3.28627070619881	1.84422294900774	2.09636202342459	-4.39264705571489	-2.44688466226976	-8.42547042322067	-2.84700462125843	-0.96710663934879	-4.66838527034703
ENSSSCG00000005136	1.19404016056062	3.65581169183586	5.11710476238727	-2.20437365943305	-2.30402222732341	-4.10933418943525	0.391055294680917	-0.759078356003714	-0.764532231332807
ENSSSCG00000005167	1.57011787029634	2.89607234031175	3.7182268785133	-7.56773944419358	-3.38951504664901	-7.42966052322631	5.88299236995417	4.9360205272345	3.88822356206515
ENSSSCG00000005203	0.116239954721851	-1.90456423488282	-1.42174774635609	-5.43748997588471	-5.52204676767553	-6.68542869108448	-0.86680481476591	-1.58317664862161	-1.05714358704252
ENSSSCG00000005216	1.07751791941758	0	0	7.51092025709664	6.81199677133887	6.5421829029287	3.07890634863341	3.35097792321378	3.48260558613987
ENSSSCG00000005236	0	9.33631435034389	9.09938730491415	0	0	0	0	0	0
ENSSSCG00000005266	-1.57337746052517	-0.857240988213462	0.975538502090006	0	4.65929364554373	3.53397762548065	0.585399149696054	0.866592216961921	0.334286397664876
ENSSSCG00000005277	0.426249007039024	1.27277112381512	4.04998105100648	-0.777490335964638	-0.559688387332138	-0.711159859117585	-0.922561656275989	-0.358351620095655	-0.254189096531649
ENSSSCG00000005385	0.0228535477763701	0.400513038228166	-1.5312728761737	-0.119804575273891	4.61127073757678	3.9946491786423	0.57365583437332	1.74649791621572	1.68714976288828
ENSSSCG00000005474	-4.51784399696466	-2.3631376657151	-0.369964509036507	-0.524095265361138	-3.38993309918881	-1.02685618359546	1.76671629971536	0.192648637739801	0.80245277794925
ENSSSCG00000005504	-1.4604877588851	0	0	0	0	0	-5.82317274122776	-8.24214400221641	-4.00954042908956
ENSSSCG00000005638	0.637829097229171	-5.26447923966356	-5.70298394288349	-0.322578784748155	0.00293329727993413	0.479590702270843	-1.17055779128139	2.74342675435648	1.90124676095492
ENSSSCG00000005688	0.94192582961364	2.11760524168677	2.89763750992516	2.93434277039341	4.63312774224104	4.58706518928314	0.522559862981515	1.50869592403859	1.71879723767415
ENSSSCG00000005707	-2.07677338830593	-7.99362046815497	-3.73661473533597	-7.67820736676378	-3.49998166021317	-3.20352806557723	-0.0323436695808196	-0.613311160043484	-1.07779595551619
ENSSSCG00000005742	-5.68843185503763	-2.31040496910246	-2.77287767250176	0	0	0	-1.26281016604231	-1.74119132087201	-1.88569995956905
ENSSSCG00000005756	-4.58748311501764	-9.60297790204544	-9.2611705946306	0	8.0052222323223	0	-4.72428412748769	-4.85599810497266	-8.78528664021476
ENSSSCG00000005834	-1.9405722064904	-2.98353600268919	-7.56084553033872	0	0	0	-0.484306090499766	0.438337496792894	0.38331508318553
ENSSSCG00000005938	-0.765498845126882	1.14356753061678	2.079876639761	-7.2807640522631	-6.3143090802607	-11.313254367623	-2.95876616313275	2.0321219080075	0.425194150261888
ENSSSCG00000005939	-3.911325992177	-8.0807503002262	-8.00242822410104	0	0	0	0	0	0
ENSSSCG00000005941	1.13602841068071	1.2863801511698	0.440406526395937	-4.18250533117427	-3.48299093509699	-3.07236254253148	-1.04270113551317	-0.729386565345132	-0.750797933960449
ENSSSCG00000005961	-2.86988634996168	-4.23784959936172	-2.64410156424824	0	0	0	-2.86571545871208	-3.552540118868	-0.547348136593435
ENSSSCG00000005994	-1.49675288597338	0.562329632515244	0.93257031742859	1.10637946498461	4.50610764442816	3.84351796725994	1.10992220649619	0.851581408648754	0.894133144127656
ENSSSCG00000006034	0	0	0	-1.77384965043606	-2.55531391467891	-5.42624009081827	0	0	0
ENSSSCG00000006106	1.64966377766087	7.12434979551707	9.74824171911561	0	0	0	-3.57960926957929	-3.0437287443694	-3.94406830144113
ENSSSCG00000006116	0	0	0	3.41062211223144	4.86173107101906	5.26849317625566	0.989956803270756	0.482093904888746	1.93586819407841
ENSSSCG00000006140	-1.10426807846756	-3.09379992384274	-4.28908912340949	3.59145702249912	2.93165105802827	2.49094374943736	-1.18035923333207	-2.61447941170819	-1.9920270140456
ENSSSCG00000006141	0	0	0	0	0	0	-6.33182899795073	-4.55144800095538	-4.52714966133591
ENSSSCG00000006143	-0.258761729364088	1.36881836424129	1.75080570884917	1.75215593427534	4.37761088412138	3.56488049988489	-0.993394263282532	0.337670911746141	-0.220766704152708
ENSSSCG00000006148	0	0	0	7.61981837940195	9.22440241446454	9.45518970208482	0	0	0
ENSSSCG00000006149	0	0	0	0	0	0	-0.334911951648897	-3.68428051099549	-4.80095377886523
ENSSSCG00000006160	-3.70513728710317	-3.9133927079239	-1.83757784450332	-0.0614055149906416	1.10070842995501	1.91115270770741	-4.07015262454431	-2.67924490102833	-8.13112250659484
ENSSSCG00000006186	-2.79204677426238	-1.23643091555186	-4.59340702052678	-2.86876886064412	-1.50366918050429	-1.57454673624659	0	0	0
ENSSSCG00000006233	1.62719500442294	5.59511388573628	2.13747839968181	1.40824839439893	1.84339604186878	0.608141227601462	-0.447690674908547	0.77159889742414	-0.0711283225931213
ENSSSCG00000006238	-2.45572639936842	-4.10016358529119	-0.994973688841843	-3.00292489174514	-7.17086820942243	-2.69982818751473	0	0	0
ENSSSCG00000006243	3.76572753607505	5.23959348774481	7.01476971219421	-5.8723278104042	-7.56701598682678	-6.94747529209132	3.29618538637895	2.31623119632031	1.73684995014484
ENSSSCG00000006262	0	0	0	-9.25846637663872	-4.52214099948016	-3.24675935244513	1.66671913573975	1.63214243389117	0
ENSSSCG00000006264	0	0	0	0	0	0	-9.41635852183979	-5.51195207049878	-3.49482138609204
ENSSSCG00000006281	0	0	1.54094769656169	7.48927221717147	0	0	-0.110642243056489	0.228304603153147	-0.28838404135522
ENSSSCG00000006286	2.56402745629513	1.2537206810743	0.545683061557047	4.55083292350735	3.04156988852267	2.46451838976737	-2.2566943045336	-1.53094995655393	0.0859674160963913
ENSSSCG00000006321	0.45716210519207	-0.901149739263706	-2.17245115811918	1.50896260672229	4.17429547523615	4.0794085059466	2.30926613948293	1.52103452372784	1.86582382903383
ENSSSCG00000006328	0	0	0	-8.64778075093654	-3.51004774570934	-3.61179196003362	-1.67492492034968	-1.08477247049875	-1.72181451031869
ENSSSCG00000006352	-0.234606330962274	0.549757091887035	-1.08632293418292	-3.37642864551202	-3.24504183567231	-4.50100673459875	-0.246763225885214	-0.49324344598415	-0.484002804305319
ENSSSCG00000006399	-0.996340045148865	-3.24536365523072	-7.82260592353715	0	0	0	0.835889350856019	-0.989656417707119	0.329647473246347
ENSSSCG00000006452	-1.9968704162115	-7.69536586514055	-1.499453057404	-3.21306621686915	2.34276296649322	1.77459903356739	0	0	0
ENSSSCG00000006455	-0.206487534348127	-0.0459054796385395	0.878407630043135	1.15519954097497	2.27020021779819	4.27744067292778	-3.33132798863816	-1.07676091375901	-1.9828148662056
ENSSSCG00000006512	2.18180535213779	3.77813853198726	4.7562638115297	1.9651594615072	1.70441062359561	1.78772438916486	0.495002120540055	-0.938038839974393	-0.693473686455046
ENSSSCG00000006560	-1.68775690661648	2.05636052845724	1.65173729124074	-0.0924056132888823	-0.0113185835075308	-0.307989335289515	-4.61707829874472	-4.53733851613914	-4.38065574906564
ENSSSCG00000006614	0.411310167169011	4.5509890304161	5.32793657571933	0	0	0	-1.35337989556832	-2.0213071361669	-2.35918901276556
ENSSSCG00000006679	0	0	0	-5.09774512260929	-3.20923024848542	-3.87201814542741	0	0	0
ENSSSCG00000006717	2.5671656928266	4.80774236619258	4.56010781936575	0.688194336829719	-0.0458202728999665	1.09409261771024	1.38868476138711	2.14546446835385	2.99977782082214
ENSSSCG00000006719	-0.996340045148865	0.607085805842541	2.65020377009828	4.29371868433063	3.81466337004924	3.67302265509392	3.99963340013915	5.02482447924884	5.46170873856035
ENSSSCG00000006720	-0.715258003296833	0.862383973100775	1.37837780394863	5.16245068717175	4.8414378230902	4.90386450824345	1.08332337933396	1.14942121860852	1.23764411145284
ENSSSCG00000006749	0	0	7.49708031378069	0	0	0	0	0	0
ENSSSCG00000006764	1.53573117715865	-0.912777786230235	0.448410169321584	2.98322712783588	3.34870866598438	4.38418028150047	0	1.89301981294624	2.26728477946003
ENSSSCG00000006791	-5.92737959755866	-6.12512943777589	-6.09921313788175	-0.441872348609248	-1.60363658291389	-3.90826082797818	-3.54818286407838	-5.88690717762888	-4.98602876335087
ENSSSCG00000006792	0	0	0	0	0	0	-3.59114176920108	-4.00410717227222	-10.6598940910082
ENSSSCG00000006796	-0.561291149866999	-7.24541576785203	-2.9886254588931	0	0	0	-0.572558065763616	-1.66454682832858	-2.35791882572535
ENSSSCG00000006821	1.137549882639	3.17124108529315	2.10740270159681	-0.731816160870002	0.167086510127214	-4.08060950554108	0.660856842174208	0.449138496693689	-2.49902756089174
ENSSSCG00000006836	-3.21133632211286	-2.31205829214919	-1.06240965506802	2.17743877425295	5.88915887480344	6.83951515655275	-2.33305739054018	-1.96427258419171	-1.01184594552944
ENSSSCG00000006842	-0.840508571796901	-7.63906072872508	-2.42253528695948	1.85589706634152	1.33535307547793	1.98991054718987	0	0	0
ENSSSCG00000006846	-2.7731656809457	-3.80198489382338	-7.82260592353715	-1.74938976759687	-1.48014254382084	-3.33017788195639	-0.0362224222149029	0.393936388167205	0.482120669557651
ENSSSCG00000006858	-0.204793605535874	-0.722618837353348	-0.213842575994063	1.92701734643302	5.44206123850854	2.16012873383048	-6.54138584704439	-3.47021146775459	-5.03426182590225
ENSSSCG00000006876	0.302097660314301	-0.863141317711526	-1.90758168439303	-2.0542682608373	-4.5042486046216	-2.2412300420294	-2.75727935622016	-4.24686394319802	-3.9828834311023
ENSSSCG00000006933	-4.67266598155305	-4.03006809434321	-2.4048714435966	0	0	0	-0.808339418550745	0.248204960193825	0.485307398963138
ENSSSCG00000007061	-1.06162107415848	-1.54132584497457	-1.16188065245812	0	4.46906427242344	0	-3.35500667350142	-2.34519751117391	-5.2698350199153
ENSSSCG00000007073	0.408454954868845	2.49654695845362	-0.0623374271675748	1.20674928923924	4.34029471261612	3.78089598168264	3.47431764390658	2.31762845036276	2.06491140689413
ENSSSCG00000007079	0.115961721173097	-5.43952271833298	-4.61267465871208	0.417291246143849	-0.0889439584049926	0.11808196693174	-0.682566108442052	0.408110624107198	0.991834984827702
ENSSSCG00000007083	0	0	0	0	0	0	6.89079705847694	0	0
ENSSSCG00000007099	-1.43818530976383	-0.45927405163407	-0.936831291281085	-7.67820736676378	-2.54048241090086	-2.23968112049957	-3.88446140304535	-7.99248243061081	-2.40629820765317
ENSSSCG00000007114	-1.16647050752728	0.244726753931819	-0.045232164162532	-7.73042320229519	-1.80305441589148	-7.59226240084656	0.758393516848505	1.38183936686114	1.42978150612547
ENSSSCG00000007130	0	1.26614479270732	0	-4.48120701867702	-7.72707382655596	-4.18602192885639	-4.85708385137766	-6.19635063574401	-8.54657321506194
ENSSSCG00000007139	0.74788093170433	4.87227515442263	1.44662263418747	-0.410569573087965	4.06558813879649	2.97621408212217	-1.02008680176364	-1.57503342718236	-1.74159316027265
ENSSSCG00000007164	5.29432348893656	4.55438403351182	0	0	0	0	5.19911314961986	7.05268670354624	3.29024011255111
ENSSSCG00000007219	0	0	0	0	6.07709261711111	4.59785363971493	0	0	0
ENSSSCG00000007221	0	0	0	-2.56591539744213	-2.55899005263933	0	13.3368333581193	9.46874109034351	0
ENSSSCG00000007224	0	0	0	0	0	0	5.73683950470296	7.4837281622601	5.94955707044732
ENSSSCG00000007260	0	0	0	0	0	0	0	8.13481049470605	0
ENSSSCG00000007373	1.13091305552766	-0.816088103502423	-1.16188065245812	0.051729684563898	4.31334805351762	3.42335319433321	-0.941336107272529	-0.112457022436004	0.183611066069125
ENSSSCG00000007382	0	0	0	-1.81227506164557	-2.78449134349466	-1.91087462207521	-5.41489396523277	-4.59323995476784	-3.93679733364131
ENSSSCG00000007391	-3.45569850725028	-5.47307921719205	-4.40219132448986	-3.58256718834399	-3.3961756338283	-0.845856242562615	-1.73226884910886	0.468404522976086	0.527282290801306
ENSSSCG00000007436	-1.41390175314992	-5.46586531235799	-6.28329677073568	-2.78495266218021	-3.03807234021537	-3.46113953261115	-0.301122225145712	-0.966161864097439	-1.63049390943642
ENSSSCG00000007439	0	0	0	-2.01696445066589	-2.40087284613536	-2.6339164487152	4.8734496524396	0	0
ENSSSCG00000007476	0.178189362649039	-1.71665974945042	-0.436607042898426	-3.45842433453916	-3.71154224403753	-4.13453470790609	-1.91817629072513	-3.34061013267574	-3.65856332873614
ENSSSCG00000007485	-1.65943397211849	-3.49625842082041	-5.37887258290626	-1.40677061933892	-0.0382779158522809	-1.25440623037326	-0.945351032613229	-0.114777242706053	0.200752751329613
ENSSSCG00000007486	-1.47354788108881	-4.53849545844336	-6.09234640197267	0	0	0	2.84231759938627	4.84388003240473	4.19509096354986
ENSSSCG00000007488	0.602592744135301	1.15386386681434	0.25745952077441	-7.31764838442857	-2.17992809889287	-2.84317100733785	0.362260195824553	0.837684518500585	0.992281687623284
ENSSSCG00000007507	0	0	0	0	10.6634509189057	10.595158180599	0	0.523372275725664	2.37190688063202
ENSSSCG00000007526	-0.040263124578276	-1.42128844587695	-0.461357207090247	-0.820022948086001	-1.32034868494489	1.01663826141474	0	7.21342319725101	7.73692691122566
ENSSSCG00000007528	0	5.65714132584863	4.58677877904695	-1.78698150443938	-2.35786120130932	-3.03608017528562	3.70859163495316	2.0971076388206	1.32154407855542
ENSSSCG00000007538	0	0	0	-9.14762349859837	-4.96938728302866	-5.60279304323656	0.997042254363122	0.62257563834369	-0.566964390856266
ENSSSCG00000007578	7.14699353691178	12.3070581558299	11.841981603408	0	0	0	2.90300567316447	0	0
ENSSSCG00000007691	0	0	0	-3.69345543411275	-2.75617089896086	-4.67200657778124	0	0	0
ENSSSCG00000007702	0	0	0	-3.79337486958161	-3.0530063693408	-5.04971547895495	0	0	0
ENSSSCG00000007703	-1.26133755306971	-1.64612955893761	0	0	-1.37935567295878	0	-5.04554673118836	-2.17305588812569	-4.13697187266849
ENSSSCG00000007716	0	0	8.93260028789371	0	0	0	0	0	0
ENSSSCG00000007757	0	3.11585495256515	4.93031478742596	-0.173533233821492	-0.620175681777071	0.000464763955141841	0	0	0
ENSSSCG00000007816	-0.577245120726695	-3.48156508289884	-2.36395992535283	-2.91186970818865	-0.174583198047676	-1.26834178578389	-2.41802685496305	-8.77597637388914	-3.75924517728059
ENSSSCG00000007836	-1.39529146422418	-0.403636243539602	0.770715427435268	0	0	0	-9.62837316975514	-1.49186158830595	-0.820370458442173
ENSSSCG00000007847	-0.429806276988978	-2.5257135524852	-5.93160421274423	0	0	0	0.891927616304196	1.18700358805065	0.851517443058735
ENSSSCG00000007848	-0.225959506460876	-2.61785126675624	-4.53164032987546	-0.559784412961931	0.105138282383324	-2.77327914172385	1.78432613807827	2.59740040167488	2.80353381148273
ENSSSCG00000007851	-0.570266636287989	-2.08808391247518	-2.90577740316843	-2.28650860057923	-4.91059982454119	-3.64986576849014	-2.9629048525047	-1.84607094463227	-2.87431295321795
ENSSSCG00000007859	1.11998275138809	-3.839108536968	-9.38721784509611	0	0	0	-1.22015811158986	-0.970148706922134	-0.500375428070782
ENSSSCG00000007861	-0.0918183269344797	-1.1045717555694	-1.18175198375771	0	0	0	-1.94544037638175	-1.16339032957589	-8.25622449852814
ENSSSCG00000007868	2.05116998706383	6.04919161178867	5.1906847816999	0	2.13135545219588	0	-2.5951948055243	0.763253832536797	0.0958436302607345
ENSSSCG00000007917	-1.43357485536488	-4.75015827498249	-1.41708568723107	-0.822104399656806	-1.61338254017403	-7.59226240084656	-2.6033499905743	-1.09966669500934	-1.60985410818061
ENSSSCG00000007977	0	0	0	8.09419207085555	0	0	0	0	0
ENSSSCG00000007978	3.7838178344297	-0.0263068254209313	2.4838888104515	6.01932160666783	-0.88285768650718	0.995483900346865	2.12009217066079	2.05925854985218	2.46772905309804
ENSSSCG00000007995	1.48223515299946	1.74574758019542	1.26832385793168	6.93644456540523	3.86058242691716	4.45011679477575	0.378292003195632	-0.0126153062540053	0.317571931304438
ENSSSCG00000008115	1.40263143704525	1.07377981231747	-0.292393978507453	-8.20655314682825	-4.02832239608375	-2.76780878112677	-2.22224886989791	-1.04938979051962	1.15220458152119
ENSSSCG00000008118	1.07556089346192	-0.729801043111792	-0.235500582494313	-4.70601860459072	-3.14164674630854	-3.24818094431235	-1.50984533357068	-0.898463955583081	-0.0986715343249655
ENSSSCG00000008121	-1.64501629864462	0.326891265283826	-0.72274656261074	-1.77047762745876	-0.920330703061633	-1.36634763544874	-4.13534509646872	-4.21667226638726	-4.5590905651454
ENSSSCG00000008124	-0.484415836382	-3.28999638603924	-7.31076140149842	-2.66454925167476	-0.718807449097321	0.162474990410463	0	0	0
ENSSSCG00000008134	-2.15118139423489	-0.583627575308974	-2.03920180735516	-4.64376646935331	-2.21892862660867	-2.94522503623425	-1.23501469005937	-1.08220652748099	-0.312803055338445
ENSSSCG00000008250	0	3.92199023798022	4.0838758515318	3.92944316386821	4.3648867218389	4.18821775249204	2.33664614746183	1.65047035359498	2.07834891072525
ENSSSCG00000008259	0.855498668894937	-0.145186244225368	0.186778763404602	4.25898036232721	3.16289426040623	3.51992672252587	0	-0.244041274865101	0
ENSSSCG00000008261	1.74865034249419	4.92522305356973	4.20323019566537	0.267544830735087	1.6240263620121	1.78654233299296	-0.432182785515792	-0.501852539784927	-0.549008440056296
ENSSSCG00000008294	-2.65160062183207	-3.12873091631376	-2.90395607447792	-3.63499230426811	-5.11210927966123	-4.44920480522547	-1.0001658327218	-4.18686960831123	-5.56678061482936
ENSSSCG00000008421	0	0	0	4.6228037357837	1.25007639263816	2.54376517032335	0.275008474069832	-0.283639871585079	0.387678454460601
ENSSSCG00000008449	0.59326850908778	5.96160336139095	3.27981162636912	0.695063166127296	0	1.20965147857062	1.33947546959092	1.01898895838687	0.773935120652345
ENSSSCG00000008465	0	3.19333806938935	4.4561285237726	-1.38637820084286	-0.0822852605730843	0	0	0	0
ENSSSCG00000008501	-1.8716782246739	-2.90036640773649	-6.92128084605423	-7.24771116728415	-1.13067680922744	-0.509638950513444	0	0	0
ENSSSCG00000008522	0	10.6212970147514	9.98612709177732	-3.03852486512831	-8.16585342001694	-8.03086625154873	0	0	2.7702719435815
ENSSSCG00000008524	0	0	0	-7.62403047069185	-3.44580539359883	-7.48592216790863	0	0	0
ENSSSCG00000008550	-0.103234228468809	-0.863924614887742	-1.0310309188349	1.23641701447595	4.41041403817807	4.26835531321853	1.25088589887441	0.879701522005038	2.08749609196312
ENSSSCG00000008563	-0.481790234438816	0.603991883549744	-0.392523514516445	9.16570751400439	8.53909496824967	9.37377226557711	-0.28082323054723	0.448831099350256	0.57766502876595
ENSSSCG00000008564	0	0	0	7.00705354972009	9.07266728096332	8.79013297689841	-0.00428835158923816	-0.618784884925098	-1.51278488542346
ENSSSCG00000008603	0	0	0	1.60040406872694	4.43861926722082	3.68610354002245	0	0	0
ENSSSCG00000008607	-0.671372775808456	0.138296514878023	-0.392523514516445	0	4.87150817111964	3.39370543971274	0	0	0
ENSSSCG00000008618	-2.68533635400682	-5.16105521484031	-5.12296227656621	-0.625074068721343	-0.259237460988465	0.229863841715497	1.80051967905184	2.34551976145535	0.9349614553801
ENSSSCG00000008710	-0.814652219760951	0.729730628223014	0.765870813710728	4.43859258679335	4.46840248182157	4.47159147576819	1.32775806431947	1.78595294000819	2.00405484838181
ENSSSCG00000008741	0.294602479769933	0.197040977530876	1.31477551173556	-7.24771116728415	-3.06949118008971	-7.10982292358204	-5.4117701974351	-3.55941220722755	-4.70763331947801
ENSSSCG00000008749	1.8008134983739	3.06875750650904	4.82801507308047	-0.403650547921599	0.9543480750033	2.939289369448	0.701535718815194	-0.129200806734229	0.230743727421544
ENSSSCG00000008803	-0.0505434086234561	2.27244776479649	4.26997451582171	2.51093189862051	2.93939941607932	2.31208351101913	1.52470603584763	1.95671546430569	0.425884157106145
ENSSSCG00000008824	0	0	0	-3.84543513633565	-4.24984099018849	-5.50573318577181	0	0	0
ENSSSCG00000008830	1.12101663592425	4.67421833779752	5.09345362279566	0	0	0	0.239315510222814	2.24800367926022	1.35470407345235
ENSSSCG00000008949	0	9.72810028376252	10.3739667110664	0	0	0	0	0	0
ENSSSCG00000008953	-2.14420004111838	-5.46081388989033	-5.30250171146243	3.09067724671103	0	0	0	0.741906018672108	0
ENSSSCG00000008957	-1.27976119291591	-7.19795791830137	-7.03957079161964	-0.927677006621069	1.07313956465039	-0.479008417264981	0	0.280199163130333	0.910388406837473
ENSSSCG00000008959	-0.55890366257651	-2.86704505065213	-4.44769751086629	0.908649760263867	0.1162270859181	1.39654623657061	0.684376798719438	0.469253976096711	0.160770318150139
ENSSSCG00000008973	4.27703869803185	-1.2153161758242	-1.57513066033123	0.108653972403867	0.199162406925617	0.759086039693442	-0.238102146083794	-0.268255580069707	-0.727565706667844
ENSSSCG00000008976	0	0	0	0	0	0	7.27270236099946	4.74172840122147	3.57256365010556
ENSSSCG00000008985	0.347556155784023	0.972524237586435	1.61074887543558	-3.54956706456072	-1.97145254130485	-9.52084413238555	0.147390779073025	0.856014056564763	0.765897401041007
ENSSSCG00000008995	0.429165055123419	1.04977181364638	0.493276758037582	-4.72528393342154	-1.3334073032064	-1.67667215591264	-2.91683310858008	-2.86214870128533	-3.6287040277804
ENSSSCG00000008997	0.29503317057089	2.95694743609323	2.50350820300893	2.29789796748914	4.22942297771482	3.2065723439676	1.98280702321743	4.18659946123447	2.23406275366248
ENSSSCG00000009089	-1.13908234796528	-3.1465122804088	-1.04964559347689	-4.44908395410584	-2.50332121912094	-2.19992386655905	0	0	2.93888596482789
ENSSSCG00000009100	-1.10533164157673	-5.61868034166325	-3.92950582791153	0.895981118242886	1.60687264511176	0.776291277228054	-1.39618032752516	1.03928940897327	0.784128053497705
ENSSSCG00000009134	0.337302318860017	1.04849224849172	4.70991325803525	0.00910251777605822	-0.0423765803879675	0.88455449122973	2.3918433856745	1.12963741157201	1.47131067766882
ENSSSCG00000009144	0	0	7.68872679809105	0	0	0	1.92126711647435	1.25387161389658	0
ENSSSCG00000009179	-1.58896874891619	-0.282405354818924	0.841278868610179	2.44989623160639	3.60858878621359	4.22100630573121	0.95188815510616	0.0607144020576232	1.08846612640587
ENSSSCG00000009219	0	0	0	7.40179587830715	4.27747032285333	8.31953859914369	0.0402301312479031	0	2.27106958615802
ENSSSCG00000009237	-0.815749222936328	-1.43532333489665	-2.84054333362984	1.22316870309082	5.4713344118506	5.40162728222595	0.43605194683461	-0.284162061109108	-0.072249322943444
ENSSSCG00000009250	-0.550329247549243	-1.28134997446678	-2.10143595065129	-7.73042320229519	-3.55219691103629	-0.855927387773023	-3.85779456753784	-2.83602215378545	-2.11439335299496
ENSSSCG00000009281	-0.974150172425657	0.966999331105372	0.969412643321993	-0.322856912961854	1.8370406690258	1.77738035202767	-3.48780530435521	-2.66586949863928	-7.54873067267561
ENSSSCG00000009336	-0.00590765989624938	-0.840530379809395	-0.809843710141967	-3.78393717012167	-5.33412489154347	-6.92687913780602	-0.644815058383988	-0.533923761064674	-1.38294694246447
ENSSSCG00000009354	-0.954077416281557	-1.58669997171039	-3.26429292449769	-2.72706678925499	-3.57555910095466	-4.13453470790609	0.000662653713037078	-0.111088705044725	-0.0558051453867283
ENSSSCG00000009413	-1.21259564136574	-1.11712941665968	-7.24082634741084	0	0	0	-4.1338402015024	-2.39575162628229	-2.21556864598094
ENSSSCG00000009434	0.39070562429614	0.162175136146064	-0.16644769733238	4.91361390792595	4.88044401180562	4.06014098743811	0.0638031190884992	1.24115139940743	0.95982755290673
ENSSSCG00000009444	-3.42453669092377	-10.5203129281583	-10.4417474461448	0	0	0	-4.88931335134194	-6.1641004607505	-6.55624299515479
ENSSSCG00000009474	-1.00398650877306	-0.667975293350954	0.291640459882794	0	0	0	0	3.98547349146558	4.32973582054992
ENSSSCG00000009477	1.60698647927935	0.465214837362462	-0.321619726383046	0.630031936765956	4.40817443656629	2.99211802195631	0.70813020855513	0.474135839226768	1.23850438776002
ENSSSCG00000009485	0	0	0	1.94505547708021	3.65993308560361	4.02231679372025	0	0	0
ENSSSCG00000009496	3.65749914959144	0	3.273732775863	0	0	0	2.48339758677413	6.0240173760416	3.4108246151138
ENSSSCG00000009497	4.98330319664756	0	4.61782625467363	0	0	0	3.45580452402152	2.56969324198394	4.4018174767242
ENSSSCG00000009517	-0.125150499494863	5.77921224518382	2.14877735855221	3.35428216618415	5.03799044065892	3.08592414205093	-0.876752961754923	1.36718972391456	1.73402229232125
ENSSSCG00000009543	0	0	0	0	0	0	-9.4338205099274	-3.59984687399959	-2.13452260939202
ENSSSCG00000009564	-1.87579475980107	-9.14025494204196	-9.06177763385159	0	0	0	-2.00936037594458	-1.47940380114882	-0.235193428906127
ENSSSCG00000009580	-1.95785841913251	-0.859843921210179	-1.70426755955919	-1.24918902880141	-1.54993328336774	-0.68002169865371	-5.43297220908378	-2.87188005129736	-3.21498156972067
ENSSSCG00000009616	0.235448252885171	-1.68044699058962	-1.98312142187899	-2.96788945424486	-4.92961296765202	-3.64667144536994	-2.38494159029792	-3.72460082306002	-2.81056625076105
ENSSSCG00000009631	1.16319927044051	0.57209121937605	0.661043765493396	-1.74151873695104	-8.16585342001694	-3.69432246969053	-2.25589995666645	-4.99867518866215	-3.49311776993583
ENSSSCG00000009645	-2.17750084782591	-1.2595291755977	-2.663564315509	3.46977391294078	3.93273831808309	4.56716858966867	0.0306500684691879	1.04176003762712	3.10733660840512
ENSSSCG00000009646	-0.752461139010818	-1.84596897250064	-2.06480251475411	-0.952080610747656	0.771558028204812	0.579354226740082	-5.43085534288034	-8.62433891300593	-2.46350472387369
ENSSSCG00000009648	0	0	0	-0.102683746179071	2.60114331041713	2.97515562661608	-5.85492403639534	-4.46419754603255	-4.94636872477474
ENSSSCG00000009649	0	0	0	-6.04996346020976	0.52671204783413	0.881946420092983	0	0	0
ENSSSCG00000009667	-3.5801659069764	-2.1229402970759	-3.49260852097043	4.78381531012388	6.70998695139487	4.3890328653568	-1.57202283450023	0.798542793315773	0.553553169026147
ENSSSCG00000009668	-1.45393749927133	-4.14567574666372	-4.33567072032607	2.02039259525434	2.70379524892543	2.99033075379652	-1.17306616291433	1.00119413500713	0.841621943595219
ENSSSCG00000009699	4.0198233971945	8.34185554944876	8.64665450898464	0.0173194112058929	0.397051799171189	1.97651147935399	0.706211913935824	1.55707181466468	2.5697739381375
ENSSSCG00000009708	0	0	0	0	0	0	-7.45724402176672	-3.552540118868	-1.08256578793585
ENSSSCG00000009738	2.77562762136487	2.71473999192062	0.0685474133715901	-2.80929814257355	-1.81264710002632	-1.26157373461384	8.81192619880973	8.39975541702208	8.61311810221629
ENSSSCG00000009855	-1.19045130341403	-4.53072825898282	-4.40613884664134	-3.60602522082215	-3.76651829471121	-5.40833482239708	-3.30584710065206	0.452562655064621	0.40815480480715
ENSSSCG00000009856	-0.639133254740998	-5.66837268945624	-1.65390403251827	-3.69564909697205	-2.70928208337549	-2.40583661032348	-2.22915336797945	-0.123547346682748	0.133097893688111
ENSSSCG00000009896	0.133466139713656	0.847030316374599	0.791339822636496	2.47759040505418	4.31328001883581	3.51103049407913	0.335211447302256	0.501425358026193	0.835867103561457
ENSSSCG00000009927	2.1723526855617	2.24898918340775	2.7095620793634	5.01030558755347	4.63004143832745	4.63124994191158	-0.179062215501649	-0.0214864904139703	-0.507616392747559
ENSSSCG00000009936	-4.51893864965486	-6.52658349245278	-10.546917629964	-7.73042320229519	-7.72707382655596	-7.59226240084656	-3.09947459439216	-1.1699541388024	-2.56630710233982
ENSSSCG00000009950	0	0	0	-1.65903455190524	-2.63802466188404	-8.20856192728561	0	0	0
ENSSSCG00000009957	0.495373304875583	-0.296066334881148	2.2654197044482	-2.77305602049275	-4.29667557217159	-3.03608017528562	-3.03131010848058	-2.20923197576112	0.0110636363919934
ENSSSCG00000009958	-1.11327090500144	0.2084894001309	-1.14140578597948	-0.672198553877058	-0.528326275252448	-1.50333796930117	5.0584571868295	2.88166036272702	1.85816224344489
ENSSSCG00000009977	0	0	0	2.84807562416401	4.40432247204484	1.65731508539846	1.53293307222845	2.00543818865671	1.99004630824691
ENSSSCG00000009979	0	0	0	0	0	0	0.969556231811727	-3.30551716571035	-4.74242249868319
ENSSSCG00000010023	2.21092905196144	1.6199690898992	2.49443031065124	3.47111956732427	2.93171208896159	4.22156292996262	1.25632188986967	-1.2126533595936	-0.218560455676693
ENSSSCG00000010036	1.37802165215528	3.81401816383375	5.70984030687587	-0.338598152808776	-0.531277782856196	-0.320777864727404	0.658963282814974	1.35146185871746	1.01386307557054
ENSSSCG00000010044	0	0	8.93260028789371	0	0	0	2.42741847569344	0	0
ENSSSCG00000010141	0	0	0	-2.72326278379264	-2.99377527617151	-3.91649641124497	-3.83404796458041	-3.96562345312798	-7.8950019304973
ENSSSCG00000010148	0.0761735606592187	-0.782215839448489	-1.13286445645611	1.78677829490338	6.20148942670949	5.22891010031527	-1.83189738056645	-0.220365764365171	-0.515797453953537
ENSSSCG00000010190	0	0	0	0	0	0	-7.54497026194641	-5.31469158467719	-12.161373035534
ENSSSCG00000010201	4.17313419919964	4.20054385591668	2.87583905192621	-3.3621765173189	0.400913868721326	-0.593587561087367	-1.1451580734063	-2.18483504906464	-1.57498746888309
ENSSSCG00000010272	-0.0579387048709717	-0.304221245606028	0.39232914861526	3.60366507344991	2.87884959634459	4.13781964259717	-2.04781734700026	-1.94775156365584	-2.04110392625366
ENSSSCG00000010352	1.26015547190862	0.270191532811055	-0.635984075796875	-2.20317566998537	-8.30976481998794	-1.31399285329802	-1.50162299067575	-1.1087399637442	-2.83430116845621
ENSSSCG00000010375	0	0	0	4.51032113144971	0	0	0	0	0
ENSSSCG00000010384	-0.00414333804777387	-1.08396417818559	-2.0368766441706	-2.18051699041261	-3.95110057522888	-4.61371271356781	-0.665931644738785	-1.52522697868605	-1.15532989300349
ENSSSCG00000010400	-0.0318413088965382	0.0735413295306413	0.0384477665815606	0.886929924850714	5.44894733485575	5.61619848778725	-0.545334486361018	2.94104017286685	3.38966635205299
ENSSSCG00000010426	-0.956631218817967	-0.0896048279277453	2.5182651417798	3.77073143852248	1.93825936902907	2.30051166635783	8.30756306469373	0	0
ENSSSCG00000010428	11.5772646039688	12.6252495457464	12.786956841764	-3.84119622015454	-2.204467757979	-9.81244030790369	2.17523105000301	5.02505689030216	4.37722823122623
ENSSSCG00000010437	0.650241610351383	4.34525062666239	5.1401144031445	2.99097932345011	2.99632462915633	3.20095735511404	0.0142854647859391	-0.762553669070722	-0.092894014098836
ENSSSCG00000010444	4.20333770301097	0	2.67107476997651	4.94731842743863	2.94608150319539	5.1081250810702	0	0	7.02140414601163
ENSSSCG00000010445	0.268403272821594	-4.37680100037674	-2.54436872720912	-6.90275803679594	-1.59466718738612	-3.50717198980537	-1.94328611136705	-1.06482404721137	-1.22313269710287
ENSSSCG00000010474	0	4.6119567688356	4.87889184741795	0	0	0	0	0	0
ENSSSCG00000010475	1.59387598377139	12.7874696436285	12.3926763794072	-0.818210534815235	-0.233124363674559	-2.45395991330621	0	0	2.93888596482789
ENSSSCG00000010479	-2.72854087075495	-0.863178266588447	-2.78600547858594	-4.07979375582855	-3.52367992417998	-4.08732951934165	-0.425742270233354	1.96571891352998	0.438473050534951
ENSSSCG00000010480	-4.41989314239642	0.23457592710718	-3.12387708506189	-1.49453063976652	-1.35143778802608	-2.8864674737471	-3.19139042945144	-0.11291316320914	-3.55196109369359
ENSSSCG00000010522	0	0.504276317664451	0	-1.86053535547041	-0.766638583760857	-2.7451254657075	-0.321762437936413	-5.52670559866378	-3.00575217092094
ENSSSCG00000010532	-1.4729936630795	-4.11832457152231	-4.94213892817452	2.89121126290999	3.30273864213351	4.07537297134551	-0.177840395200185	2.18538050354191	2.2795829377999
ENSSSCG00000010578	0	0	4.10448956419171	0	0	7.44155665070397	-0.970507931818788	0	0
ENSSSCG00000010591	1.87088792296209	2.5718373954534	2.05828887286316	-4.33918622260865	-5.20389212510102	-4.37595681963118	-3.15128254035225	-2.41704575007732	-1.46903388351776
ENSSSCG00000010607	-1.44266301686962	-5.19148980854592	-5.08544652997616	-3.12489499801614	-2.7972226878111	-2.54058157394434	-3.9971503047195	-3.17022127656366	-2.10861820689157
ENSSSCG00000010639	-0.329242561033357	-2.18153903336966	-4.42462563805385	0	0	0	0.72019857073316	2.76651403550869	2.5982778777746
ENSSSCG00000010647	-0.862411717368366	0.766647712640561	0.0398328826859145	6.06518091636872	7.19239802171213	6.72451752483778	-1.0988166360943	1.47425313413841	0.231956334470806
ENSSSCG00000010656	0	0	0	-1.14157915908261	-1.3947089074583	-7.6912995807929	-0.68736000036108	0	0
ENSSSCG00000010701	-9.97611571266282	-4.64230531431012	-5.75447034768478	0	0	0	-3.13037201353937	-3.00546342199107	-2.50656690631594
ENSSSCG00000010727	0	0	0	0	0	7.18018115574233	0	0	0
ENSSSCG00000010734	1.11769619723572	4.56791006360664	4.22004514273692	-1.50773134494856	-1.08661506703606	-1.42170635481512	0.970046158993647	0.416234185407584	0.392167772646511
ENSSSCG00000010747	0	0	0	-3.50692213609932	-0.251793989948459	-1.44810207496341	-7.58777450272551	-1.17661659424818	-2.33024759282812
ENSSSCG00000010753	-3.18034386668329	-6.25876467767846	-7.98011182165688	-2.06481195859502	-2.05774995629894	-2.07072473353759	-4.94549931827367	-4.87378156963859	-3.74341239703199
ENSSSCG00000010809	4.31571960612396	3.05667530375529	3.55076223272628	-3.20189412434831	0.475907164541008	-1.10388072918079	0.520364806435032	0.576962694610673	0.473362941294756
ENSSSCG00000010948	-0.580463762458939	0.75878067155397	0.36548092306126	-4.36798841772986	-5.61655124518916	-6.13536264106173	-1.49960005824225	-1.27960821477004	-0.691956708836451
ENSSSCG00000010960	0.0679811007673722	2.47889924241605	4.17591430809921	-2.33402571166649	-2.73503219174528	-1.44480317349548	0.0730161966900834	0.0642661059086139	0.83561069912027
ENSSSCG00000011039	0	11.1726491438428	10.0288736852654	0	0	0	0	0	0
ENSSSCG00000011059	0	1.99057650355124	4.55157280824284	0	0	0	0	0	0
ENSSSCG00000011060	0	4.13885354576161	5.83814194373293	0	0	0	0	0	0
ENSSSCG00000011065	1.68591366104279	-0.184464322323397	-0.53245604923666	0.239012195078753	0.168241108277877	-1.04160176017643	-7.5239850070897	-1.23687587193424	-0.706418855686644
ENSSSCG00000011141	-4.07176341138786	2.03457526753506	0.445250345063535	-5.09774512260929	-0.72000486866401	-1.60837795421701	0	0	0
ENSSSCG00000011277	0	6.74418234803443	7.88926485499868	0	0	0	-1.09473888218054	-1.79760214992387	-0.157144739632487
ENSSSCG00000011327	0	0	7.56383146465052	0	0	0	0	0	0
ENSSSCG00000011412	-0.313832430295543	-1.58112750664095	-1.49017352374492	3.01596111110193	4.08634167379252	3.63280629917187	1.1284640555197	0.631993516267971	0.545543311303482
ENSSSCG00000011441	0	0	0	-4.2711252970038	-4.8352394824384	-3.55230693001982	-0.0876093281057946	-3.99461485890457	-7.30534085309786
ENSSSCG00000011453	0.251137800129421	-0.801870390747775	-1.58330362697643	-0.2450746343503	0.889760957427027	1.8800541718098	4.61101927162839	-0.221451443580442	0.572824449773884
ENSSSCG00000011461	0	0	0	0	0	0	-3.15909136004826	-5.16606352934143	-3.52519678360218
ENSSSCG00000011524	0.766126538535067	3.84691400226476	5.84615812666722	-2.45974781836945	-0.953607751944113	0.0263781712617784	-0.0258135943500742	2.39373602675049	2.51812711252846
ENSSSCG00000011683	-0.102694945519478	-1.00998216707105	-1.08343976562512	3.47668125454567	4.34990296252905	4.20311955691543	0.446777542008016	1.12501283614517	1.3266485879965
ENSSSCG00000011723	0.551532367588904	2.208198333479	1.83729107909641	5.22832244857831	3.70808387100817	3.84858083903907	-1.39751927794514	0.0764139142122338	-0.759525576132424
ENSSSCG00000011726	2.3451408736037	4.57977338319944	4.72977896320813	0	0	0	0	4.10690683989305	4.22770649698601
ENSSSCG00000011747	-2.50719354006536	-4.46884150336645	-3.05528827606897	1.41132006145176	1.15333358053074	2.53404076363958	-2.88856096093473	-2.27594655957816	-1.41337328412985
ENSSSCG00000011761	0	0	0	0	0	0	3.54569298281912	0	5.727408071534
ENSSSCG00000011802	1.21112093508813	-1.67113355741246	-2.08993408120686	0.254198566170561	-0.000757396268551353	0.717937476493276	3.264817419044	4.34981551389273	5.21507802654758
ENSSSCG00000011821	2.20012248509911	3.75072215188088	5.30722819099832	0	0	0	0.432791943779199	3.83514173742066	4.37153175310598
ENSSSCG00000011850	-1.28151769954184	-5.22302517743694	-5.16411381800912	-1.98039319915932	-1.74027488759194	-1.29855198327161	-1.70828742593539	-1.17022769523355	-0.732351229232235
ENSSSCG00000011851	0.216631138654443	-5.67526422183589	-7.61977442957815	0	0	0	-1.54009776326546	1.23838568466914	0.821299783410404
ENSSSCG00000011904	-0.871107421862171	-7.19080747581287	-6.44538028076765	-2.10595725295704	-1.20095248703148	-1.11727928686959	-2.76401297638639	-0.544889332419552	-0.247130342955484
ENSSSCG00000011936	-1.23808299953423	-3.14588716086527	-3.70967823133166	4.10613054990642	2.80803274196607	5.78697155134256	0.0809513608801122	-0.315552132189366	1.55208901381401
ENSSSCG00000012049	-0.619267760823943	-8.66393545263356	-4.40681192200013	3.00830888805648	3.28462860277399	3.93176339508385	1.24964233060383	0.862222660820184	2.07834891072525
ENSSSCG00000012071	0	12.1443283682347	0	0	2.15526249610322	0	0	7.81575125286458	0
ENSSSCG00000012075	-0.996340045148865	-2.84470834178026	-7.82260592353715	-1.31306791027249	-1.30599920727883	-0.595231028299868	-2.97956515909346	-2.36139417637953	-1.62254651918568
ENSSSCG00000012121	0.41601327310281	4.28958393014223	3.42451043041972	1.7059622097816	0.177960555616185	0.701552010247442	-3.05833050005945	-1.94150399439722	-2.34775460307866
ENSSSCG00000012167	0	0.159801904454192	1.93883582836878	-3.33881397523354	-4.29920825127539	-5.45723845394478	0	0	0
ENSSSCG00000012199	0	7.82588008830447	7.0148443492916	-2.53585753442252	-3.03616785133071	-4.48844695379347	0	0	0
ENSSSCG00000012233	0	3.07040561357711	4.24168381045354	-2.84363491787688	-0.580134381494515	-0.277015739282338	2.0083773949269	2.53522134588092	0.424210402956567
ENSSSCG00000012347	3.63330012802602	1.50828778375062	2.92237233571052	5.4577932089281	0	2.82288282181401	1.12127320472487	0.610249847585444	-1.58682657733058
ENSSSCG00000012409	0.612582724645331	2.87325484588552	3.49614179599142	6.52334371870551	5.48069700253686	5.6140435582852	-0.952896407438691	-2.1176574262047	-1.78909997066158
ENSSSCG00000012482	-2.70684470575629	-4.70048944569427	-3.61257339620209	-0.444449982415602	-0.739272045006489	-0.320905566442438	-6.69378891037416	-4.09904869003152	-3.50063110194052
ENSSSCG00000012490	-1.16762251934749	-2.18815416755164	-2.28103444559138	-4.08763288405913	-2.81020711505169	-3.3021777322737	-1.87430372506947	-1.984014355385	-2.11766490175243
ENSSSCG00000012492	-1.94444071734476	-4.75015827498249	-1.66336012158513	-0.390176005520125	-0.716339409726037	-1.16234459340324	-3.95643818781681	-4.64004880489231	-3.71842645873743
ENSSSCG00000012493	-2.13420204521073	-8.24065394104781	-3.98359832608712	-2.46004005427769	-2.45311711420831	-2.15740401143686	-4.40715445870071	-5.49427486562051	-2.67985180640396
ENSSSCG00000012584	1.43520357653726	-2.74560376743201	-1.15208909369153	0	1.85255858891752	5.50273956868583	-1.54745820325969	-0.629898404235767	-1.06428550265133
ENSSSCG00000012587	-1.55641084711245	-8.24065394104781	-3.42543777702671	0	0	0	-1.2911170519646	-1.87924477392966	-3.52953739052071
ENSSSCG00000012593	3.22589598374779	2.15926869035717	4.56842358864995	1.15519954097497	0	0	1.91170598979024	0.130006794336737	2.06098053730396
ENSSSCG00000012600	0	0	0	-2.11702907626328	-3.06949118008971	-2.77327914172385	-6.23027617277144	-4.52777491648855	-9.65360998264262
ENSSSCG00000012627	-1.54502537827002	1.06716752207873	2.30018214764042	2.96656489015404	4.190708601273	3.72914356955804	1.35158903067027	0.871585037757292	1.05720188024249
ENSSSCG00000012644	-2.856854755849	-6.80268904575222	-1.65765555320455	0.0571035713247071	0.251699583802573	-1.38157788512235	0.711830990922566	-0.320674249220513	-0.592317380076471
ENSSSCG00000012649	-0.552001303157111	0.156085744057454	0.304355895096468	0.390804002893904	4.87558958968177	4.09962486769669	0.285787373441686	0.217652070458158	-0.0242505058440593
ENSSSCG00000012650	0.0613137269103157	0.727295295342745	1.06212667785069	0.833546905990286	5.84268720766399	4.74309107197348	0.143139194520378	0.400957777415381	0.346277638201331
ENSSSCG00000012667	-0.387514263835681	3.79244108014224	4.33782250249907	-0.148249388764465	0.0276271376246522	-0.509638950513444	-1.33050530934121	-0.429267719718109	-1.190940023788
ENSSSCG00000012668	0	10.152971734995	0	0	0	0	0	0	0
ENSSSCG00000012724	-1.42814227872451	1.16275719490877	2.98900507341694	0	-0.808150086357397	-0.506705810357349	-3.3007509075518	-3.73445523456677	-4.02270898035406
ENSSSCG00000012773	1.90673931160523	-0.1890427478113	0.786097905644927	4.58416713299688	4.31864842734243	2.96624215774329	0.507041891933724	-1.01313652502546	-2.71398418701159
ENSSSCG00000012774	0.267938498552677	-1.1048511309005	-2.21079751426473	4.86102934116744	4.90416429948487	4.32742116634024	0	0	0
ENSSSCG00000012833	-8.71064996568383	-8.74619999444939	-8.66776765646848	-4.2550043295341	-3.5823024619241	-4.26029257122473	0	0	0
ENSSSCG00000012835	-3.52058117872159	4.23914012551694	3.4700077789351	2.30495407058779	2.23007596717168	0	-0.388198628224456	-1.98366174081818	-1.6399055512208
ENSSSCG00000012882	0.258062362144278	-1.1763115554116	-2.58834411825533	-0.884438906237832	-2.71179471605095	-7.31009376191259	-0.830706620766786	0.561576653753375	-0.919321508691353
ENSSSCG00000012883	0	0	0	7.61981837940195	0	0	0	0	0
ENSSSCG00000013015	0	7.48725289562003	5.91613979383689	0	0	0	3.71768784965457	0	0
ENSSSCG00000013024	0	0	0	-8.16920695614919	-3.99097650449727	-3.69432246969053	-1.00642411579995	-2.11680475028137	-2.03019217895572
ENSSSCG00000013056	0.725589827891452	-7.31894087326304	-0.80537741476539	0	0	0	-3.02494409975831	-4.11189700708271	-2.09487592914087
ENSSSCG00000013092	0	0	0	0	0	0	0	8.90711713984045	0
ENSSSCG00000013148	-7.60360766272245	5.2250345155333	5.36581723175957	-7.31764838442857	-0.88285768650718	-7.17971478919605	-8.19092204501868	1.57470207408094	-1.47204339766869
ENSSSCG00000013236	4.81405693194046	-3.1465122804088	4.73070499456125	2.90301537590219	0.889347125542181	2.24574197499839	6.69188900130528	1.88268625761445	6.0462580125198
ENSSSCG00000013248	-1.00254070184097	-0.694953824918528	-2.45905198433306	-5.08943523313724	-4.02246670266054	-3.66105648639501	-1.70970538234017	-1.3077712695265	-0.795908414757981
ENSSSCG00000013252	-0.654544499474302	-0.647239732486337	-1.4416917512272	-4.08819806261344	-3.84240667107588	-3.65237124922418	-0.275349579959301	-0.374258508709083	-0.68849271667889
ENSSSCG00000013320	0	0	0	-4.54223276887629	-3.23810716974571	-4.23385573702653	0	0	0
ENSSSCG00000013333	0	5.15231506810217	4.95555685690578	-2.69882382238396	-1.71246419829405	-2.39090885385704	0	0	0
ENSSSCG00000013337	-0.0919794107907401	-1.8758176211336	-2.99571960243457	-5.18370700915886	-6.48593532353044	-6.37219802652727	0.295608878986622	0.110780881677163	0.343051994075641
ENSSSCG00000013358	-4.12227496755009	-1.12960785093451	-4.59191424404175	3.32358556769548	-2.7778265240261	-1.74150799963738	1.57486958200812	0	0
ENSSSCG00000013369	0	0	0	2.89953427082973	0	0	-1.1070157860462	-6.27172623131306	-5.57094130020553
ENSSSCG00000013378	0.240637122488222	-3.18447390156147	-4.9060564447445	3.62125589117687	6.53833966849314	6.85673018258476	-2.77341371478791	-3.22539644004596	-1.98098445212113
ENSSSCG00000013386	0	0	0	-7.50916256525536	-7.50581581909675	-3.03457167861525	0	0	0
ENSSSCG00000013462	-0.0338213289726698	-4.38929352511335	-5.20675591804143	-3.14636315376411	-0.88285768650718	-2.84317100733785	-1.5956137358291	-3.10825747831585	-3.4279811785141
ENSSSCG00000013512	0.80029721557065	0.368406317736531	-0.93409042087305	-4.4153784836994	-3.4221761215699	-2.70584631072885	0.579475603903784	-0.597634891422671	-1.85334213392097
ENSSSCG00000013536	-1.77823042241311	-1.1790225737625	-8.12396251011182	0	0	0	1.0813606383069	1.08131838393526	0.585630372946308
ENSSSCG00000013545	-0.115716824304278	-0.404303298492087	1.29398631454999	0.849016790632289	2.99204154087814	4.52276911284074	-0.66560227350398	-0.162626343235672	0.00470763165739997
ENSSSCG00000013571	0	0	0	0	7.6236015446534	8.02375005396059	0	0	0
ENSSSCG00000013665	-0.500178732650414	-4.62039284938109	-8.64086754036467	3.48048768536282	6.68786124105364	4.71002462661049	0	3.20476811688165	4.64429405116332
ENSSSCG00000013714	-1.96895843722178	-8.08169297628983	-8.4269273880035	-4.81391246101345	-2.29014670611636	-8.84663832573974	-1.1913440948718	1.05209915099905	0.892454917695835
ENSSSCG00000013869	1.16979012965334	0.412847900309801	0.538235579788997	-1.86408397510098	0.34425512426391	0.273841237492156	-1.74991372283945	-3.24509589557092	-5.28704427087269
ENSSSCG00000013887	0	0	0	-3.83238826243366	-6.83733984739468	-4.74866373316522	-2.74788243402897	-3.45122170055688	-8.33397864741632
ENSSSCG00000013890	0	0	0	0	0	0	-9.58213895626114	-9.6541788939749	-5.59207258385183
ENSSSCG00000013909	0.208758473547688	-1.81205776195581	-1.02872995274625	-5.10485442079749	-5.0979029296072	-3.26442973032322	-2.06903063823938	-1.79299574537683	-0.955073653545224
ENSSSCG00000013934	-1.47408588167774	5.90145203468862	6.89318690445878	-0.502934559358283	-0.42581395439488	-1.91087462207521	1.70774504141428	-1.5940852096462	-2.47059600444994
ENSSSCG00000013935	0	7.54346872791785	8.85476179585945	0	0	0	6.34473322562872	0	0
ENSSSCG00000013976	0	0	0	-0.148249388764465	7.33774248162977	5.52003528827825	0	8.20855441436725	7.51566118554136
ENSSSCG00000014008	0	0	0	0	0	3.42365458781334	-2.66769932643984	-5.52941529747609	-5.44375065301748
ENSSSCG00000014067	0	0	0	0	0	0	-2.79573655093018	-7.4589765171178	-2.8421790769532
ENSSSCG00000014083	0.898963256482902	1.10559559986567	1.35007570943461	4.22295014576284	3.90312857692348	3.62355996408829	0.566203413256189	-1.30995904514095	-0.766661403876895
ENSSSCG00000014091	-0.633040683709862	0.892083843254556	-0.329803906823362	-7.31698514837327	-6.2367609156139	-5.93117706614159	0.693997185331154	1.39846369743095	1.82561403182472
ENSSSCG00000014092	0	0	0	-8.0093317930996	-2.30039787715749	-1.5890817184275	-0.774100453809996	-0.047570663044045	-1.00044715652601
ENSSSCG00000014093	0	-0.293613924691575	0	-4.23071531542189	-1.50419437704501	0.700234684747925	2.19384714105897	3.09238231495651	2.37870392892872
ENSSSCG00000014108	3.1099018613964	1.63268481406896	1.40188320636627	0	0	0	-2.87869953961874	-7.94205866370036	-2.6127235579434
ENSSSCG00000014117	-0.0400261417777995	-1.40763819020615	0	-2.35566092588988	-1.35202526134129	0.108312858669599	-2.27526673898199	-5.01027818889414	-2.55572680070384
ENSSSCG00000014124	-0.256863481390034	3.13395055403691	4.14861960902128	-0.23951425791717	0	0.0700283450817478	0.150079110258232	0	-0.156821725799221
ENSSSCG00000014169	0	0	0	7.41928429960639	9.34285648812255	9.51321152343108	0	0	0
ENSSSCG00000014186	0	0	0	0	8.61993916865418	8.82109053098808	0	0	0
ENSSSCG00000014198	0	0	0	-7.75135445987335	-7.74433050730719	-8.93559888737861	-1.54027409742394	0.871663150782416	-0.156997750197077
ENSSSCG00000014257	1.61189833732645	6.90120935462125	7.29176326317149	-2.29727093735569	-1.70984386628928	-1.25390875289964	-0.110259294037666	-0.874660380631697	1.58037413888652
ENSSSCG00000014293	1.20021801525235	1.70496613080704	3.49409751328504	4.31327952953356	4.42202071454932	5.41063259544216	1.16880271232176	1.90641631258402	2.48556953199539
ENSSSCG00000014310	-0.397431469721338	-2.01575836476608	-2.27072029737492	-0.960446214000976	-0.779914202790935	-1.88800119174	-6.03645083286391	-4.66462130392334	-4.75906237744475
ENSSSCG00000014426	-7.13255819768583	-2.11176133934276	-0.972200572008207	0	0	0	-5.09991141877691	-4.09025393280233	-4.57717584454846
ENSSSCG00000014438	2.05061936517147	0	0	7.34572725230563	7.49305355393176	7.91316215448849	0	0	0
ENSSSCG00000014725	3.25681495114599	-0.0688130085759439	1.92291990767885	5.71632099939131	-0.243993650500111	1.88727921312044	2.71727847611238	1.78003300028151	2.19592421630196
ENSSSCG00000014727	3.76893646522587	0	3.12898044193711	7.31908459754784	0	3.09629663702718	0	0	0
ENSSSCG00000014827	-0.62829329369825	-2.32480285930377	-1.5289499490482	-0.86846723497889	-4.46687660125056	-2.86576996525426	0.511867313411886	-1.11481611587513	0.0144336221755817
ENSSSCG00000014833	0.0797055633150707	-1.0355923868026	-1.38966490825345	2.83076574104122	4.63874665649216	5.79034309563844	0.0648585578895283	0.50220517080697	0.847605251476031
ENSSSCG00000014843	-2.0800940866965	-2.52913776280662	-1.60442884644413	-4.0512039737021	-5.71058497062371	-4.82640012317825	2.38581011930715	-7.36645676035747	-5.3025137956565
ENSSSCG00000014861	-1.9477966593245	0.436980214822001	-7.31076140149842	4.71208981090387	5.02715060244305	4.319106324369	0.372213462773931	0.853574260583993	0.603843442091671
ENSSSCG00000014912	0	8.47564277375737	7.10725635526659	0	0	0	2.0369893188884	0.482093904888746	0
ENSSSCG00000014959	3.45498506634544	2.59907926877792	4.37692529417615	3.27391192935102	2.25471115937545	3.77958434514207	2.52325434259372	1.8203523114191	2.71044363674298
ENSSSCG00000014975	0	0	0	-2.0888795615046	-3.59842615544149	-4.28429762349158	1.16435834224423	-1.12641605588331	0.481319731002358
ENSSSCG00000014977	-0.207312906898312	-1.34494733627537	-2.16429177545486	-3.48614541036396	-3.04386026702547	-4.21622780404642	-3.27556011759285	-3.27849251375251	-3.39733912237943
ENSSSCG00000014982	-0.52617929809382	-6.1369297393387	-10.0222439854328	0	0	0	2.33092632903602	6.96022437390473	6.50505262887835
ENSSSCG00000014985	0	0	0	-6.03326302441675	-4.31827784626169	-8.46620963480814	0	0	0
ENSSSCG00000014987	-2.63899921549722	0	-1.59202497139446	0	0	0	-4.71075447928368	-2.97270743092231	-0.779047631373767
ENSSSCG00000014988	-2.44459372821786	-3.91145343703947	-6.48640237863599	-1.64745979746075	-1.85881021073531	-7.42966052322631	-0.590393969224795	0.335436303056457	-2.88613632424373
ENSSSCG00000015049	-4.07044315820495	-5.23031500290785	-6.20770380121465	0.258151320159171	-1.79044059224952	-3.38426322317424	0.674113655252763	-0.233276123398906	0.290932048583936
ENSSSCG00000015082	-0.866717351354721	-1.22491309921305	-2.75439705718565	-3.50692213609932	-7.67485857573284	-0.679333991418267	0.575523852202184	0.567607551582776	1.11351261461697
ENSSSCG00000015101	0	0	0	-3.97106262162831	-4.53517758213141	-9.53424646396239	0	0	0
ENSSSCG00000015126	-1.38117072322411	-6.14930971537995	-5.07284495564504	-0.507877262627279	-0.274909574296882	-0.46312552382437	0.467119460692009	0.533483135948243	0.868703448088936
ENSSSCG00000015144	0.439768859681613	0.34744384325975	1.08323823760885	4.63902250778313	4.28610115626497	4.95174278305936	1.14248481974143	2.97879290449276	3.34807137285722
ENSSSCG00000015217	0	0	0	-7.62403047069185	-3.44580539359883	-3.14937838605043	0	0	0
ENSSSCG00000015253	-3.49468715294894	-1.99198190739013	-3.40476511740177	1.12029860702244	2.68539117300903	2.46808861457285	-4.07988610133969	-4.56662691436258	-4.47864063753715
ENSSSCG00000015267	0.876436155446891	-0.739896659284226	-2.4048714435966	-1.22630209386549	-0.233124363674559	-1.49011296822855	3.17313204132895	2.9774213236014	4.17855046413944
ENSSSCG00000015268	1.26822151631736	0.866136288807737	0.19123251756643	3.09224136457398	7.19549174470971	7.0859678126928	0.920412197118064	1.92915024872301	2.20576973986224
ENSSSCG00000015272	-0.897961212901754	4.69117668761221	5.75045492308685	0	0	0	-1.23799849878928	-0.892724190502646	-2.57914194644993
ENSSSCG00000015296	0	0	7.35353078962065	0	0	0	0	0	0
ENSSSCG00000015299	0.515186015287788	3.47937906030551	3.75825777262445	0.436914876750429	3.53394110677779	4.57480353815869	0.265988095157472	0.438013642007624	0.204665034649391
ENSSSCG00000015320	-0.724227716676036	-2.3038221312937	-5.27196431165627	-7.73042320229519	-2.9941081887548	-7.59226240084656	-3.07057366796422	1.99698551847333	0.162580623670413
ENSSSCG00000015333	0	2.32208617734841	0	0	2.59979760689914	0	-7.96935221901684	-0.901269021667225	-7.99413348277939
ENSSSCG00000015334	-0.154029578779012	-0.632297070795944	-1.37347986356128	-6.24467680515452	-5.06290638944099	-5.86979132105738	1.23117112120347	1.12871301508276	1.04997516050173
ENSSSCG00000015342	0	0.504276317664451	0.665772086745344	-2.75686910146988	0.874818210781463	1.43183969759845	3.98918051581655	6.99458147901583	7.49704029860108
ENSSSCG00000015355	0	0	1.39015854589292	1.98787415068185	0.844741720372666	0.30414828706434	-4.07302331824905	-2.5744269002567	-4.33742497838459
ENSSSCG00000015356	0	9.10224289781109	11.776646077088	0	0	0	1.82742144616472	-0.724801490452187	-2.88613632424373
ENSSSCG00000015390	0.478954179951769	-0.451209421026896	-0.61652594400533	1.53268592953868	4.37674067551113	3.58935287411426	-1.18460026951792	1.65559266389332	1.74638995461892
ENSSSCG00000015395	0	4.49441793762944	3.80138052434716	0	0	0	0	1.5335302140408	0
ENSSSCG00000015401	2.23686584688617	4.97225520805332	5.74326500834515	0.585029505600182	2.54244917864711	2.76384125544182	-0.814410943341239	1.07005320847732	-0.517261367974653
ENSSSCG00000015476	-0.916017774400121	-5.64688000043365	-5.48617776910192	-2.39992212253943	-2.94757110407494	-2.40829850980972	-3.2093654492516	-3.43692198530855	-3.08808292388341
ENSSSCG00000015487	-0.164160642085558	-0.553652122543824	-0.392523514516445	-0.671153817043683	4.42099157325391	3.59424319344157	-1.38312588380483	-0.687725202066033	-1.43036594590212
ENSSSCG00000015507	2.54265973292568	2.89044079827468	4.24714704017721	0.201810551074237	0.621986120486352	1.62602966796442	2.60074146692526	0.646802692906671	2.20108152353574
ENSSSCG00000015515	-2.78421069233863	-4.85181476018854	-4.99558113714787	-2.5803444674862	-0.196107954759023	-1.53467431318243	-3.16272490245458	-3.05519047986629	-4.86236971878758
ENSSSCG00000015527	-0.748981209233804	-0.996006359273061	-0.83327243549536	-8.38002746510228	-1.46458267794842	-2.36851990659004	1.11004172324521	0.851576316634802	-0.246937864908859
ENSSSCG00000015543	0.79259485794392	4.36245280835771	4.79276972666606	-0.169757803418902	0.449999205004495	1.07029093151782	0.735842542813248	-1.11158690315121	-1.32978853297727
ENSSSCG00000015579	-1.28090440048917	-0.70216380564231	-1.17015883938562	-0.284375900629964	0.210556062453975	-0.037605121067355	-3.03850176878683	-4.16417899458933	-3.49776274368116
ENSSSCG00000015618	-3.27591977504045	-5.95938221983593	-5.59189249497115	-1.83321524519721	-1.6038971712447	-1.11616865205869	-1.47602239657414	-0.773754441736419	0.0282073853893749
ENSSSCG00000015636	0	0	0	-3.10818241237656	-5.22348705970704	-5.03339712180038	0	0.744627481463839	0
ENSSSCG00000015655	0	2.74093852578731	8.10326421728143	0	0	0	0	0	3.01633612857155
ENSSSCG00000015662	-0.421911523995348	-2.00350874185678	-2.03152796073096	3.87953236082767	5.42318328468598	5.28448440320867	-0.507838408098683	1.08471073243985	0.0941468350176023
ENSSSCG00000015716	1.08071459982191	0	0	1.72466342876405	5.05295962286636	4.39084512965576	0	2.12617992472483	0
ENSSSCG00000015726	0	0	0	-0.723369652575093	-2.59269766172398	-2.29187167391069	-4.8765943687822	-9.54015532040675	-5.47805391293976
ENSSSCG00000015748	1.25039214816561	0.747204292040835	4.41660162505222	0	0	1.30213901490239	-2.64946917517967	-3.7016145424662	-2.42292029090429
ENSSSCG00000015810	-4.51942488278009	-5.99973222821801	-6.04192927339373	-1.49294683032958	-2.58105037091371	-2.08423616943552	-3.19894031771766	-3.21976641825701	-3.37030989034377
ENSSSCG00000015879	0	0	0	-2.44033905203253	-4.40261028921049	-4.50967614030515	-2.0959309014003	-0.511786731768041	0.749784322649202
ENSSSCG00000015891	0	-1.09440873410511	-0.268430762638991	-2.11702907626328	-7.24436809560938	-1.80943219664618	0	0	0
ENSSSCG00000015895	0	0	0	-7.01033347290419	-7.14868009307932	-6.54021133936019	-8.45313338622316	-8.52506434884865	-2.93882191011084
ENSSSCG00000015903	0	0	0	0.0655269365830002	3.08268548146441	4.6774874065252	-3.76939542353995	-4.37238724420296	-2.66773942761344
ENSSSCG00000015961	1.98812243536834	-0.228838361289888	-4.18481251582701	0.565763277425484	0.0373536766432788	0.456671313120485	-0.348335319185035	-0.742105159725691	-1.33000785403041
ENSSSCG00000016030	-0.205859992329906	-0.224780736318184	-1.17862111835364	-7.31764838442857	-1.86623840092705	-1.87932406226018	0.336759847677271	0.192397759167332	-0.000838288450948943
ENSSSCG00000016122	0	6.98655252445278	0	0	0	0	0	0	0
ENSSSCG00000016153	0	0	1.5639451674449	-4.35744271071873	-3.20346469928587	-3.47638276213301	0	6.80162244874094	6.93463520470161
ENSSSCG00000016159	0	0	0	11.351550094708	14.0814734251029	14.2435223187257	0	3.8075854761244	4.66848797315307
ENSSSCG00000016218	0.231740757021706	0.398334712730271	0.445369278556312	-7.03859265201117	-5.28509271592225	-4.72740256430252	-1.41811060368262	-0.884823297321432	-1.26709016552205
ENSSSCG00000016239	0	0	7.62763024640496	0	0	0	0	0	0
ENSSSCG00000016258	-0.655898694050986	4.75893140082974	4.28559450110961	-1.40856885292829	1.33581717811717	-0.742544800148325	-0.926463747925997	-0.956628929729009	-0.80030114123888
ENSSSCG00000016285	0	0	0	-4.24717851326608	-2.46241076822425	-4.90268893993536	0	0	0
ENSSSCG00000016286	0	0	0	-7.67820736676378	-7.67485857573284	-3.20352806557723	0	0	0
ENSSSCG00000016314	0	0	0	0	7.49305355393176	7.79338827514064	0	0	0
ENSSSCG00000016423	0.022926545877728	-2.68780048422294	-1.31994403336625	-3.23480037212552	-4.20700794591906	-4.86957759115319	1.91296290819622	0.607092422136914	0.442599498588187
ENSSSCG00000016521	-0.451524835333075	3.29203142078397	3.10186649882263	-1.98153905616434	-8.08812996520215	-2.65277943767073	-1.2911170519646	-0.755406923975877	-0.691867386125195
ENSSSCG00000016550	0	0	7.85787463744948	0	0	0	0	0	0
ENSSSCG00000016554	-0.479920691275509	0.162726229767876	-0.49910355579929	-4.61274662462412	-4.53781707666586	-4.88426754955262	-1.15025199568052	-0.141140539693414	-0.603445826636299
ENSSSCG00000016567	0.865432445860132	1.8394083810597	2.38444305205048	-5.38103945158013	-2.41176536164845	-4.26911750031735	0.362298391350214	-0.223795889663502	-0.484819799975452
ENSSSCG00000016608	-0.189560631213396	-0.714882140580857	0.0185352226981087	4.25478764645285	2.85872182510155	4.76418686025333	-0.237297288937724	-0.287138613473326	-0.330985521037675
ENSSSCG00000016617	1.57011787029634	0.159801904454192	0	0	7.42306458578438	0	2.90300567316447	5.76162204562448	4.4060862065808
ENSSSCG00000016628	-0.132476895397827	-1.08649727864798	-1.10545941737478	-3.3520044223292	-5.13164354987433	-4.28063053583316	-2.898397421748	-3.27715305134428	-3.48354184203689
ENSSSCG00000016639	-1.65417588595274	-4.68833910493605	-2.97029035768826	0.981448813580843	0.304868963903604	1.55715691655279	-2.0264802094242	-0.597040625532254	0.223485694643141
ENSSSCG00000016686	0.0823587259996931	-1.70477291790034	-1.68226046600628	-3.11777721959161	-4.57252046419603	-4.48879574055281	-0.0367432320743659	-0.423189629669341	-0.147886485050252
ENSSSCG00000016719	0.176863749510745	0.959748401923024	0.97565890064538	-8.44396950898559	-4.26573702765898	-8.30554102951264	0.837304561066586	-0.627414662023468	1.03993887232966
ENSSSCG00000016720	-3.68278547936787	-7.8521869137254	-1.48861929043061	-1.65241184159486	0.256084556235675	-0.358795935746642	-1.87253218177983	-1.27697124945779	-1.50864075624194
ENSSSCG00000016792	-0.382029364805103	1.06498520711605	0.0436854232332616	-5.05074445498306	-3.90397504989103	-5.05492331682904	-0.2304538744927	0.0129020265335247	-0.232435086646444
ENSSSCG00000016829	-1.57401804000778	1.50413073267729	-1.78768087561665	-3.6905768215914	0.0652813471918219	-4.3614463832665	-2.15957475159779	-1.36592658205431	-2.12473024576148
ENSSSCG00000016838	-0.206487534348127	-3.28999638603924	-7.31076140149842	0.583449817267173	-0.0264030959956011	1.03129064441393	0	2.38813940699268	0
ENSSSCG00000016878	1.56553678502234	1.57076399479885	0.793790222432839	-6.50074565405576	-2.57068706310805	-3.67253541972653	0.838142634796213	1.77550511813624	1.29573826666529
ENSSSCG00000016892	4.42053253050856	4.78068651119372	4.52556742067186	2.49576412041046	3.3699022098063	2.32233438987132	0.844182800135697	2.40878470130229	2.04890586620307
ENSSSCG00000016903	-0.0184152251875356	-3.22182630194959	-2.49009266161717	-2.65013291118237	-2.07188333046349	-7.64263065390193	-2.5298613859698	-0.967298096923285	-1.69618472011002
ENSSSCG00000016957	-0.133149298752499	-2.72819765890947	-3.7239567693368	1.05219826523476	0.984209651150632	1.80314072469919	4.5646836688083	1.77951441261259	6.25449791193136
ENSSSCG00000017009	0	0	0	0	0	0	0	8.2787114851035	9.07521749474246
ENSSSCG00000017010	5.61430229712058	5.97449760010549	4.92309122768349	0	0	0	2.6252387126271	6.42182363274436	5.8683324394466
ENSSSCG00000017025	0	0.54834378559309	0	-2.11702907626328	-7.24436809560938	-7.10982292358204	3.73668027418289	0	4.01154364537726
ENSSSCG00000017061	0	0	0	-3.79514750307647	-2.82870479905354	-7.82816840892172	-2.34450489530792	-0.130953924245741	-0.157958131816061
ENSSSCG00000017062	-0.299538180460343	-3.11958446059486	-4.48906542365852	-0.336893263932914	1.84412892864513	2.63826633477781	-1.66450504778569	0.747369429770167	-0.734287528093373
ENSSSCG00000017068	-0.974653332145475	4.16299458562235	2.70034807421469	-0.450586657169806	1.50282883981643	2.99446639613693	-0.905833149234746	-1.1153405357988	-0.394136135475558
ENSSSCG00000017076	0	0	0	0	0	0	8.37606400681375	0	0
ENSSSCG00000017087	-0.0176536872241981	-0.268402803991448	-0.596748335685158	1.88525989142148	3.25612263024557	4.2750680248136	-0.624475784317043	-0.215017489102807	0.0923913970659251
ENSSSCG00000017109	0	0.159801904454192	0	1.78031189239893	2.39190367898529	3.26692922304181	-2.71594053155844	-7.77926373579298	-1.46860825092677
ENSSSCG00000017135	0.977998211101692	4.56737884180796	5.28070851041366	-6.83583448233922	-6.83249873547925	-3.29202239361653	-2.74861756385102	-2.07087094065512	-2.06999785587196
ENSSSCG00000017144	0.898963256482902	2.92126281594479	3.16548581868703	-6.10068367955189	-2.92972976786816	-3.23931629886824	0.77395395659758	1.98420960607151	1.14556171656582
ENSSSCG00000017170	0	3.26942324537766	4.292319610835	-2.39525363233101	-3.05377559904763	-3.06636083791552	0	0	0
ENSSSCG00000017172	-1.36936898963728	3.58185143192168	3.18639699749537	0	0	0	5.15028539799592	4.25432162149842	4.21068804993606
ENSSSCG00000017249	0	1.25895861623927	0	0	0	0	4.24059357273251	6.34211186843019	3.75649283019967
ENSSSCG00000017251	-2.03930453347844	-3.30635185670177	-5.71090618428033	-3.16686596529746	-3.49490945545577	-1.95051485481612	1.5216636137075	1.89182874244829	1.91781976424394
ENSSSCG00000017262	1.38723240201972	6.69871611308917	5.98738607348087	0.923212484403429	0.360031624150649	0.807073412696973	-2.3375912140982	-1.15911035427878	-0.879077439224193
ENSSSCG00000017295	0	0	0	-8.75249787164455	-8.749140443143	-8.61398883389248	0	0	0
ENSSSCG00000017313	0	0	0	-0.956663228335456	-0.468916712815686	-0.64619262465346	5.18186197910171	2.38813940699268	0
ENSSSCG00000017320	0	9.54069740082157	6.57114975180592	0	7.684697246168	0	2.0369893188884	0.482093904888746	0
ENSSSCG00000017331	0	7.26946142799077	0	0	0	0	0	0	0
ENSSSCG00000017359	-0.760180472042557	-1.99442436577803	-4.34924970506248	5.83421298429387	3.89792285680929	4.86029944050101	-0.403454007518071	0.297763408201808	0.0338247839617044
ENSSSCG00000017444	0	8.10486549504538	7.0148443492916	0	0	0	0.0362477436078716	0.762929181735937	0.0475858134631374
ENSSSCG00000017445	0.34369387656068	0.232810588966533	-0.00519703402816813	-12.9608339528566	-6.2657767416333	-12.8220052968826	-0.588171239500606	-1.0384030705724	-0.742271722077617
ENSSSCG00000017448	0	7.71945391149121	8.80043386079073	0	0	0	1.06497634891379	4.07386501797692	4.03265077890454
ENSSSCG00000017459	-0.526196743616781	-2.02988920555146	-0.436607042898426	0	5.34123264593878	2.74931791823215	-2.08756824503159	-0.50722045849273	-0.929945393208482
ENSSSCG00000017470	-0.249769530255787	-2.84278075727921	-4.50843083684064	-1.48128020182697	-1.73440684279926	-0.511743961562872	0.741665575891633	0.979442299911228	1.64297949660062
ENSSSCG00000017522	0.299158997656422	-3.09268080296978	-8.64086754036467	0	0	0	-0.841328928823097	2.72778362277467	1.09971643851709
ENSSSCG00000017542	-0.680938096612326	-0.930047963912532	-2.95264989125517	-7.50916256525536	-0.15630944110405	-0.921283265168028	1.52683550872479	2.17071814910129	2.12171334920796
ENSSSCG00000017548	0.82944533507202	4.41073709696406	3.29335488533387	-1.03544387499339	-1.98311140404729	-1.15034192607614	-1.09678381094872	-0.876218594647458	-1.30431540890487
ENSSSCG00000017557	-0.0723914401239386	-2.11176133934276	-1.38032919899724	-4.74853997015476	-3.32298474708352	-3.57675536266733	1.69966695404925	1.34251326056517	1.92093118445499
ENSSSCG00000017641	0	0	0	-0.336893263932914	-0.140160431179627	0	-1.68195235518071	-7.88980850401291	-1.89637824858947
ENSSSCG00000017797	-0.631404377114758	-1.06035331247985	-0.25563269482787	-4.86163157754602	-2.27040303526897	-4.80869249022199	-0.695530067845262	-0.34052252626707	-0.978768952649795
ENSSSCG00000017802	0	0	0	7.85005689814631	0	7.96951546623532	0	0	0
ENSSSCG00000017883	0	0	1.95954981348967	-3.58319983235969	-4.8493147390124	-2.43915055916138	2.4524473714477	1.62121369719071	1.89321112023372
ENSSSCG00000017923	0.233114230208379	-0.831190739044279	0.18626388247591	-3.16286844198653	7.11007653087991	-0.725747986315453	-1.82597082068351	3.1583928369715	0.471116228552242
ENSSSCG00000017978	-2.93795355822953	1.43837229358906	0.943234124533879	-2.53783695361744	-2.21297733332365	-8.50929714822805	-1.17458353974783	-2.51988617253442	-3.67505388531891
ENSSSCG00000017981	2.64334388205188	0	0	0	4.26439633141398	2.44358776119081	0	0	0
ENSSSCG00000018758	0	-0.743156055417706	-0.80065214150548	-3.47327831343542	-3.05577062405812	-4.71464137781303	-7.06748981121507	-1.42230532756504	-2.12259686333032
ENSSSCG00000020736	-1.71292079273152	-4.0026662722786	-2.95885514072762	0.758021097839636	1.35748047882761	1.0685499096612	-2.38587356781507	-2.74475058768099	-2.49579376778689
ENSSSCG00000020771	0	0	1.48889760526641	-1.89807850138503	-4.14282938920971	-5.09576542425291	-1.85690757210399	-2.06076512926999	-2.73057750592688
ENSSSCG00000020859	1.97758915093203	0.69878927022675	1.31918761892206	0	0	0	-5.66610290424535	-5.79789466909088	-4.75754396015996
ENSSSCG00000020992	0	0	0	0	0	0	-8.96647108100912	-9.03846215707478	-8.99130145983339
ENSSSCG00000021018	0	0	0	-2.43705735317271	-7.56439196216868	-7.42966052322631	0	0	0
ENSSSCG00000021059	0.579961494072361	-2.01244519487055	-7.56084553033872	-0.823847250132994	-0.124631100966686	-0.205215243079865	0.920297950708907	0.473078067765932	-0.30874823066026
ENSSSCG00000021132	2.92515118638536	3.33683715172021	5.95390326982902	-1.88423805752047	-7.0115809587122	-2.54065593049274	-0.323191378199767	-2.18097328033647	-3.99145213402323
ENSSSCG00000021265	0	0	0	0	0	0	0	0	5.83665418631838
ENSSSCG00000021585	0.178154953030855	-2.83686445244452	-3.09327302869983	0.580408808010402	0.267354819103348	1.37590058450511	-0.68736000036108	6.16848374269188	4.51886300780615
ENSSSCG00000021645	0	0	0	-8.64778075093654	-3.91145827274017	-3.20890642129219	0	0	0
ENSSSCG00000021767	0	0	0	5.11653111558151	4.09421739333251	4.35297250823162	0	0	0
ENSSSCG00000021813	5.36636444811181	0	0	0	0	0	0	0	7.97294107563217
ENSSSCG00000021867	0.0144741432402485	0.688524197798622	0.900821314354726	-7.78081500220324	-0.766638583760857	-0.123508363916077	-0.034502939775447	-0.0712267003306545	0.548989309031139
ENSSSCG00000021873	0.0317976025640548	-2.98106316245682	-1.72736027116886	-1.76636238436934	-4.49644727591811	-4.19964709132368	3.54264621509025	-0.56636668596302	-1.25045955863045
ENSSSCG00000021902	2.11953662013636	4.17177344699458	2.79383198003221	-5.99135772951264	-2.22638774428675	-1.30857962290592	-0.00371987584831649	1.5878096530336	0.220087532440036
ENSSSCG00000021959	0	0	0	-4.72528393342154	-3.75883482832412	-2.88492997651743	0	0	0
ENSSSCG00000021971	0	0	0	-4.1119226648855	-3.11079026304869	-4.02072684730811	-3.03131010848058	0.00083726822871692	-3.07727170915466
ENSSSCG00000022083	-2.92757210532695	-3.48986705586327	-5.5200195311247	-1.32561619641853	-0.776358522948755	-3.56757516359108	-0.937516076181949	-1.22261734520347	-2.08726404985322
ENSSSCG00000022091	0.820552994076887	2.36920038655204	3.45630648992464	-5.46103814124678	-3.51527109037467	-3.62056203053077	0	0	0
ENSSSCG00000022196	-1.13328104160078	3.18436701113322	4.80808789614627	-1.04249644797297	-2.0214920751226	-3.25571861898836	-0.557611031591967	0.123829020311952	-0.5536453186615
ENSSSCG00000022226	0.0963983319646913	-0.831190739044279	0.035191928919903	-3.27682106985847	-3.26988343833244	-7.31009376191259	0	0	1.14764818104008
ENSSSCG00000022233	-0.840508571796901	-1.79423035652596	-7.56084553033872	0	0	0	3.70725473233563	0	0
ENSSSCG00000022251	-3.70576392193646	-5.31301708374555	-11.846358127207	0	0	0	0	0	0
ENSSSCG00000022258	-3.47402597791057	-7.9874092312964	-12.007710802593	-7.24771116728415	-7.24436809560938	-7.10982292358204	-4.42262113215214	-3.03424129925544	-5.45119421692426
ENSSSCG00000022405	-0.546973465723374	-0.33703629941069	-1.96689569385807	-3.28382954239219	-0.376936399663428	-1.27212106538269	1.19008981569397	-2.07706893953641	-5.79880671497308
ENSSSCG00000022467	0	0	0	-7.82950591340483	1.17625642970651	1.27533507375524	0	0	0
ENSSSCG00000022490	-3.35606450837452	-3.42765734119383	-0.444903394496971	-2.75686910146988	-0.811125470699577	-2.45395991330621	0	4.55918928004473	3.41512583796647
ENSSSCG00000022554	0.580663882460446	-3.06623817806183	-4.78784353239509	0	0	0	-1.1461340432409	-3.70461707027295	-1.8958053331334
ENSSSCG00000022568	-2.21444831163532	-1.2936577099486	-1.37081603977802	0	4.58268322518521	0	0	0	0
ENSSSCG00000022569	5.03800853190428	6.3410029280181	6.20476241549799	0	0	0	4.73027762174748	5.29824266531597	6.23440920025611
ENSSSCG00000022649	-1.78917837450908	1.4806263667402	5.16721827046606	-0.148964064221081	-0.257018605772674	-0.0768626026124169	-0.874934943979976	-0.36712721007767	-0.883860798315871
ENSSSCG00000022675	0.0963983319646913	0.094019637058582	0.323005117239674	-7.56773944419358	0.341695624077276	0.882587884174242	0	-0.697169715616691	-0.292793223127861
ENSSSCG00000022679	2.86165722562396	-0.697185213129954	4.08956809916586	3.37118279419996	1.53346167667936	0	1.32240622256195	3.470768842994	1.39996145911118
ENSSSCG00000022721	0.85575503731968	3.37439655008668	5.97568084903334	-2.54752527574291	-2.54048241090086	-1.6669738075691	-2.73915547825746	-2.07304688393234	-1.66493926355756
ENSSSCG00000022919	0.297168732407761	0.137643097154504	-2.031017111921	-3.24417254348536	-3.64857928104256	-10.2048995459027	1.15671802427131	0.00666258508757127	-1.01568305744344
ENSSSCG00000023032	0	0	0	-7.69363658514724	-7.68652409130468	-8.36435291172598	0	-1.79760214992387	0
ENSSSCG00000023128	0	8.26477843755537	7.80366602481491	0	0	0	0	0	0
ENSSSCG00000023151	-1.01359844762207	-8.27800634143594	-3.06133588947507	1.62055213113886	0.762463368575362	1.64216112095251	-0.872534603738851	-0.871088243315323	-1.15263572403943
ENSSSCG00000023261	0	3.52842365766138	0	-4.15723682812537	-7.07845782766673	-4.03655537398249	2.71504563590329	3.64180858255992	0
ENSSSCG00000023280	1.68993107501587	4.66015600960531	1.88468708439334	0	0	0	0.0926341424414938	-0.462612714997051	-0.272288007813811
ENSSSCG00000023289	0	0	0	-11.9389941591038	-11.9356297767728	-6.18520613296639	0	0	0
ENSSSCG00000023320	-0.557353652588477	3.99468238824249	4.49329059134369	-0.772380199204738	-0.666101959115482	0.189959893857338	0.642960393575233	3.37197657463102	3.571766492499
ENSSSCG00000023338	0	7.47968986076979	0	-3.06491804494508	-1.02533285429374	-2.97354028587341	0	0	0
ENSSSCG00000023467	0.703273961576162	5.11573931368376	5.52023279062586	-1.1453487511408	0.518097692091128	1.17757296921163	0.469689863714829	-0.144767685325469	-0.96066248621409
ENSSSCG00000023531	0	0	2.3194627999023	3.73937212669811	0	0	-8.06210179566038	-1.91085850150408	-3.11730046195121
ENSSSCG00000023607	0	0	0	0	0	0	-1.36124221403315	-4.58248539089458	-4.49688204006363
ENSSSCG00000023612	0	3.37601193317411	2.3194627999023	-7.50916256525536	-4.25319659531868	-1.49801742060712	0	2.93091375723789	0
ENSSSCG00000023691	0	0	0	-2.94890103059923	-3.49998166021317	-7.54007184743543	0	0	0
ENSSSCG00000023706	-2.29009054637078	-4.63115267393373	-4.20618084184879	-3.60952977153878	-1.66377379551493	-3.30608687204373	1.4240412967669	2.80008626235549	1.2922728226133
ENSSSCG00000023716	-2.48003708435653	-3.39266586909572	-3.38069606915999	-5.52918901903085	-4.07315245813294	-3.75842421184228	-5.5769461020115	-3.462055947807	-2.79566217958374
ENSSSCG00000023749	1.83594474044874	1.48642857937373	0	0	1.95208357672951	0	-2.32218989127341	-2.85488895713584	-7.33844265485412
ENSSSCG00000023771	-0.35615396184175	1.39666803606255	-0.320296485296911	-1.45779564687447	-3.38951504664901	-7.42966052322631	-0.00161366263655364	0.311500516103946	-1.49166683042736
ENSSSCG00000023791	-0.628865073643417	0.0621376306680293	-0.295244092497397	3.14780626621352	4.2829269249889	4.84793215943401	-1.16360719456485	-0.675636435679954	-0.404899626010651
ENSSSCG00000023887	0	7.26946142799077	0	0	0	0	4.02633937792931	1.26588110666648	0.737146006044268
ENSSSCG00000023936	0.560258361241962	2.23066810217135	4.31129445406527	-0.706835372783598	-0.402579260392503	-1.49801742060712	0.592744083449565	0.45719898068106	1.38146621847252
ENSSSCG00000023972	-0.619458481763148	-0.807702980135446	-0.937645079467456	0.216603133244066	4.03893024066088	3.58222550185054	-0.901080634493596	0.593091254683036	0.597795508026609
ENSSSCG00000024058	0	0	0	-0.24227682674013	3.01652287189888	0.251319047910951	-4.73928967431875	-0.379863648935716	-3.35625090796365
ENSSSCG00000024061	3.38055300660203	-1.22171642135487	-3.13284326513121	0	0	0	-5.3477977695087	-4.40207451916927	-4.59285414725773
ENSSSCG00000024227	0	0	0	-4.65504595732846	-2.70928208337549	-2.08762132130595	0	0	0
ENSSSCG00000024249	-4.34272451889096	-3.17206129227718	-0.90503934446894	-2.67690651884571	-3.78914837962494	-2.81999921399549	-1.68549069952046	-3.37345957356572	-1.99260241809973
ENSSSCG00000024305	-1.0802301968281	4.18361580553144	2.01789337350934	2.05300149958183	-0.257418018615141	1.58209925142143	0.328879581309706	-0.177942378934164	0.0493206022323231
ENSSSCG00000024314	0	3.8893109865678	6.8685173783664	0	0	0	-8.70401336326348	-3.8461114531352	0.963888059222492
ENSSSCG00000024346	1.65055100970982	6.89569263008008	6.67592910277604	-1.55687873665926	-1.45733938994745	-2.1435017391696	0	1.72444333112913	1.97968717167279
ENSSSCG00000024347	0	0	7.42709022988675	0	7.85384291123488	0	0	0	0
ENSSSCG00000024416	1.21659544871213	1.04639275044504	1.66079197867545	-0.173533233821492	-2.55899005263933	0	-6.31277061455943	-7.47761415090123	-7.87140155939338
ENSSSCG00000024417	0.510715608548787	3.21674220008971	4.12619532475757	-0.959379184020833	1.15459176269364	0.141347057313603	1.61412290492288	0.115124436502174	0.465482319515721
ENSSSCG00000024459	0	8.06195556531974	7.7473407570202	0	0	0	0	0	0
ENSSSCG00000024467	1.49215303575817	0	0.909502188620255	-4.03601676043196	-3.45775772194296	-2.42792152022363	-0.0559802751223808	-1.85836092608356	-0.979471033964948
ENSSSCG00000024474	0	0	0	0	0	0	-3.6064344237194	-4.30987318767951	-4.22297679028885
ENSSSCG00000024476	1.35233975003437	5.40139247266527	5.71399661916297	0.69422133302882	-0.345600103571931	-0.48101573131805	1.05667405277717	1.54252934442494	2.16421950931604
ENSSSCG00000024492	-1.34824231023469	-2.30803039461294	-1.43414738744663	0.610862560511333	1.22652548604734	1.97672738206096	-3.20160084560696	-5.0069287790047	-4.06443802203188
ENSSSCG00000024666	0.134665255305474	-4.3947310488419	-2.76189425514608	-7.96643273374093	-3.23011532608436	-2.93066322072729	-1.14133974548258	3.30244403612731	2.11278344040893
ENSSSCG00000024977	0	0	0	-4.04897210911314	-3.46616346391998	-6.20590609401729	0	0	0
ENSSSCG00000025020	-1.50192137053142	-1.33406885461943	-1.73430715251927	-0.159274894953281	-1.4385499082903	-1.01031254646141	-2.56831756993466	-3.6581557858025	-4.19502158416445
ENSSSCG00000025022	-0.0576575911183547	-2.26758514038775	-1.64734778878074	-0.596780645130907	-0.808150086357397	0.480934005793485	-0.872467797532943	-4.10597135245766	-1.23374401788822
ENSSSCG00000025072	1.86396814099976	1.84317733032651	1.91851909848166	0.171712078879015	-1.73917860241875	-0.228737901441474	-3.3381199861919	-4.1942549093337	-3.9605443606771
ENSSSCG00000025128	0	0	0	0	0	0	-7.45724402176672	-3.552540118868	-7.48198334129504
ENSSSCG00000025188	0.836309792031767	-1.14731257807518	0.793161349163929	2.53820138713887	2.00309492931167	4.82214277769552	1.33516408081517	0.0738158807816614	2.14674939724444
ENSSSCG00000025410	-2.73765513192972	2.87506458558895	-0.711282667676232	-1.9020189487776	0.17810160975567	-2.15740401143686	-1.90493553671826	-2.35680935372175	-8.21571732181763
ENSSSCG00000025413	1.39176882879114	-4.42564102580967	-1.30129847812086	0	0	0	0	0	0
ENSSSCG00000025523	0	0	0	-5.21784575643228	-4.47822434693943	-4.29269454047664	0.0943634061857437	-1.91203170946788	-1.82547453175168
ENSSSCG00000025527	0	0	0	5.95314329914216	4.92982094725111	5.36188560032323	0	0	0
ENSSSCG00000025592	0	0	0	-8.09148285348345	-3.91325304968248	-2.65277943767073	0	0	2.7702719435815
ENSSSCG00000025721	0	0	0	8.48338097119052	5.95888635243123	10.086607978307	0	0.875490243131448	3.07452430669512
ENSSSCG00000025784	-2.5195188575973	-1.67913655799441	-2.51136964037458	-3.21852085045541	-4.76870971015962	-2.90701467119848	-0.502699964025081	-0.937164740432792	-0.302696199244645
ENSSSCG00000025838	0.230769947750084	0.480836389013171	0.287797196001342	-8.44396950898559	-0.388267141805854	-0.281790975552056	-0.430479039978742	-0.331952142116314	0.0893668842541636
ENSSSCG00000025869	0	0	0	-1.81014355556236	-1.29562724933828	-2.29187167391069	5.28831563330425	0	0
ENSSSCG00000025975	-0.542992126597689	-2.78720311827374	-4.29666587064993	0	0	0	0.384958735269719	0.858373800795132	1.16388604223036
ENSSSCG00000025993	-1.05457917327562	-4.5645204854247	-4.71036562680912	0.171849531382538	1.20227816634988	-0.564811958046898	-1.29987449687545	-0.215256126256885	-0.519118112088524
ENSSSCG00000026043	-2.99863468244858	-0.966129922225735	-2.91118043742442	-4.9967939795267	-2.54739855949634	-4.10721907317493	0	0.741906018672108	0
ENSSSCG00000026146	-2.17155139732378	-3.22182630194959	-0.452305375834107	0.0305002426740392	-0.11923254046367	-0.702616801470417	-4.37113931478893	-3.21158055184373	-2.86398614946308
ENSSSCG00000026260	2.85179895618181	2.63717242210126	4.2978388553601	0	0	0	0	0	0
ENSSSCG00000026402	0	0	0	0	7.10323655870425	9.51321152343108	0	0	0
ENSSSCG00000026407	-0.814135441130745	-1.96048624257155	-2.17767296562799	-6.19613402239139	-4.37919716729993	-5.76513176893353	-4.86467459995198	-2.35951003219253	-2.72990481204923
ENSSSCG00000026442	-9.88457916204253	-3.56832269474936	-3.2702025775933	0	0	0	0	0	0
ENSSSCG00000026453	0	4.63014222371201	0	0	0	0	0	0	0
ENSSSCG00000026527	-0.0769128150161276	-2.61722089683321	-2.45483522525144	-0.600278143347094	1.48646688583583	-0.0768626026124169	-3.68392152156308	-4.6161205058937	-3.02030138711207
ENSSSCG00000026537	0	0	0	-3.74285228484772	-2.17848392531223	-3.43460742227003	-6.22136524990434	-4.83065538054579	-1.89586218713988
ENSSSCG00000026605	1.79599886668294	4.54454770815988	0.598125463984347	0.85027970076103	1.0149289206453	1.44773839164582	-3.02859519484988	-2.05139029330376	-2.93110856730481
ENSSSCG00000026790	0	0	6.0321006523231	0	0	0	2.98486029758172	0	3.35129792442125
ENSSSCG00000026849	-5.40458828618272	-7.43341764443863	-6.3007869492529	-4.80785355417992	-4.07489628574523	-5.07056809417135	-1.8409195155613	-0.648821031553012	-1.60438928094175
ENSSSCG00000026852	0	4.86360077543717	3.75834660616476	0	0	0	0	-1.79760214992387	0
ENSSSCG00000026943	0.511195712408095	3.1296561492219	-0.396615171908119	-3.28467565301964	-2.72027159823962	-4.18469081508699	-1.48059070602539	-2.67542279486063	-1.39146760895141
ENSSSCG00000027232	-0.439413856791732	1.14726604122229	4.43341272096572	-3.21306621686915	-0.689313979188814	-1.37327855785573	0.150079110258232	2.82627997704244	3.28543769689394
ENSSSCG00000027320	0	0	0	-6.05195867379775	-7.5252824601989	-6.30595710552464	0	0	0
ENSSSCG00000027404	-0.0523676178668217	3.52630342999443	1.39266332023424	3.39125283639237	7.17739710578305	7.04686600556993	0.620198750839448	-0.285929038016564	0.771735812777976
ENSSSCG00000027434	0.336204515870856	-1.43746379529576	-1.66421145066889	1.63589516622331	4.99571520624926	4.93880955082684	2.43485139662689	1.19200659511227	2.04356486987751
ENSSSCG00000027439	-3.5801659069764	-0.917331283501412	-3.49260852097043	0	-1.89502839192682	0	-8.38294986851476	-0.210811454207302	-3.43816693927016
ENSSSCG00000027607	-2.15633995516999	-4.1286359357479	-5.40112170514248	-0.0445793719579247	0.151943612076031	0.780928002866409	-3.4967538511642	-1.99083210356948	-3.0219609961353
ENSSSCG00000027654	0	0	0	-10.9000076348392	-10.8966441575952	-6.42469318740815	0	0	0
ENSSSCG00000027845	0	4.6119567688356	5.52269356461065	0	1.03799497023578	2.12209707516091	0	0	0
ENSSSCG00000027875	0	3.86406829063269	0	-2.66758737985975	-4.59929669877684	-3.33862560058698	2.83440944319123	-0.428172350430613	-1.12969680533524
ENSSSCG00000027954	2.3247686182597	3.48775033342382	7.89195430626589	0	0	0	0	3.15688055351624	2.94935271580854
ENSSSCG00000027981	0	0	0.335014668989352	-3.55913797163073	-7.72707382655596	-7.59226240084656	-1.41859193886405	-0.565053171138902	-3.39708357620691
ENSSSCG00000027989	0	0	0	7.00705354972009	7.19008205022224	0	0	0	0
ENSSSCG00000028051	-0.727715473107928	-1.98364185252813	-1.66685493388668	-0.933235958716802	-1.53790784190953	-1.31958359252607	-3.3990051522154	-4.14174327531921	-3.39188464656457
ENSSSCG00000028062	-0.701985607207116	0.0239896631835727	-1.02078174353656	-2.83411407319695	-2.56952853864247	-8.14008705916328	0.778402752990551	-0.825965100549801	-0.958459827908657
ENSSSCG00000028112	0	0	0	4.37579655435411	7.97837329058877	9.73234966757558	0	0	3.22991363737165
ENSSSCG00000028274	-0.0282233910029284	4.50697501384527	1.11742463366234	-5.51491023699512	-3.56914303052315	-3.67442739595589	0.351411883115986	0.507957677852622	-0.490815615786857
ENSSSCG00000028331	-0.587818921376058	-0.372497052955611	-7.77391606068797	2.8636813170926	2.88756073330455	2.52948419211753	0	0	0
ENSSSCG00000028671	8.95910766681951	9.42364590066858	9.74229631783799	0	0	0	6.25684877260707	3.92579008720017	6.4247028213407
ENSSSCG00000028691	0	0	0	3.45127632160072	4.69173298759308	5.29888499004367	4.95695039490092	7.15304909916054	8.52848576781123
ENSSSCG00000028730	0	0	0	2.95252474578701	4.51883024767908	3.32912555221427	0	0	0
ENSSSCG00000028758	-1.97431238388689	-3.98184681278297	-3.82372599129108	-7.62403047069185	-7.6206823091185	-7.48592216790863	-2.29742039279778	-0.474282967989062	-3.24621357780987
ENSSSCG00000028814	-2.65144611085999	-3.91872338424863	-5.14057751187912	1.62259735426607	1.29117507365979	2.73061540863821	-0.60677767556845	0.778149404053418	0.803515286911562
ENSSSCG00000028896	0.38170063589614	0	0	3.89351645599432	6.07709261711111	4.09055221387397	0	3.43483969408623	3.35129792442125
ENSSSCG00000028923	-0.803609700259915	-1.36143299063384	1.12882270363695	-2.75000440507347	-4.8493147390124	-4.55243897260861	-4.33910343121623	-0.808387692224803	0.503661972565001
ENSSSCG00000028964	-0.186444896620137	0.578562973168824	0.268437230394782	5.82193000101778	5.41616599649907	5.83610280804304	-0.0900014167531816	0.0942166618028887	0.193280870830879
ENSSSCG00000028969	1.90234905075126	7.87531164580574	8.70320717732696	0	0	0	-4.1227663713523	-2.32126894695068	1.50739362690346
ENSSSCG00000029037	-0.575351107874362	-1.94308985569337	-0.485831913408783	0	0	0	-9.45107366796726	-4.59323995476784	-4.50632938922053
ENSSSCG00000029043	0	0	2.15070087883814	-4.20874223443782	-2.67109058629513	-8.24161794645637	0	0	0
ENSSSCG00000029186	0.560469265670382	-2.60110313135311	-4.37831787948837	0.795448506620954	1.01909390179418	0.706592301061906	-1.48574668784485	-1.17228112705807	-1.7949192605931
ENSSSCG00000029289	0	0	0	-2.7287193347076	-3.60911630670973	-6.04927714190424	2.92277897365292	0	0
ENSSSCG00000029295	6.9677778844784	7.02328612436064	8.59235049589119	0	0	0	0	0	0
ENSSSCG00000029311	0	0	0	0	10.6860385210333	0	0	0	0
ENSSSCG00000029324	2.06198944564608	1.57923113995322	0	4.22042549821902	3.00898977338854	3.09713203370353	-0.289546870449474	-0.86709899974344	-0.655502819639311
ENSSSCG00000029441	0	0	0	-0.37188292993784	0.388935480527277	0.818145855950591	-4.04519494053324	-9.10872082977021	-9.06155579072284
ENSSSCG00000029443	0	0	0	-5.52806970552999	-3.00430135489908	-4.26029257122473	0	0	0
ENSSSCG00000029449	0	0	0	-5.91622520862727	-4.6360824326406	-5.61225366933324	0	0	0
ENSSSCG00000029503	-3.52058117872159	-4.16301010855645	-3.43115174502281	0	0	0	-2.88465134250324	-1.47109224100372	0.705001949820766
ENSSSCG00000029515	-2.79918881724346	-1.186772615982	-0.786262123565607	-1.61579614615972	-7.31430426372486	-7.17971478919605	-4.62888525880125	-5.82510584984098	-3.88310563917835
ENSSSCG00000029756	0.721700699504807	1.98487254074602	1.83025865909966	-3.60952977153878	-7.77746508189686	-2.7451254657075	-1.28817446985459	-0.158424474421191	1.32668239013787
ENSSSCG00000029805	0.422385046993946	3.78235724949622	4.22210008583653	0.254036618546232	0.627919608812497	0.457306737546761	0.550883634913269	0.389884289122975	0.478182225796972
ENSSSCG00000029870	0	0	0	0	0	0	-8.30917672733028	-3.85056814324896	-2.07035656698792
ENSSSCG00000029879	-2.24393555793805	-5.13803488288065	-4.40647645484322	-0.836558693945878	-1.31386291365504	-0.544446117133552	-1.35732258875213	-0.725625896089316	-1.23496335280214
ENSSSCG00000029990	1.17917804282696	4.51475138618225	6.56103314644979	1.16676791101496	0.812665764488933	1.83115306808317	-0.131550601336679	1.32318064743227	1.57997713826955
ENSSSCG00000030033	0	0	0	3.11334228165488	4.18958017550789	4.18885851819404	0	0.617840707051	1.32674051006274
ENSSSCG00000030075	0	0	0	0	0	7.2726686920741	0	0	0
ENSSSCG00000030168	0	0	0	-2.50538028907244	-4.85302695447617	-2.34813374222831	-0.0653100560450231	-1.02858625586734	0.53003499063762
ENSSSCG00000030262	-2.63899921549722	-1.18161935039092	-0.612653116547525	0	-0.140160431179627	0	-7.8702276673149	-3.01219374294642	-2.35588114869241
ENSSSCG00000030269	-1.93640051109126	-1.53355439214754	-0.247078178598868	-1.68888669979436	-0.691085730651496	-0.852908519533187	-4.22880093502025	-1.19530140422309	-2.08495338480373
ENSSSCG00000030300	-1.93109331497604	-0.745404168706392	-0.0820796529401235	-3.02606627956669	-4.1947975038405	-3.07777161644548	-0.759069401750126	-0.190846065025288	-0.283836722711719
ENSSSCG00000030461	0	0	0	-8.96354575362067	-3.25460551056183	-2.95189269578534	-2.50080750235907	-3.20410532604687	-8.08688918817689
ENSSSCG00000030485	-1.38766525434797	-1.45945371118327	-1.86973308948886	-0.530879765568893	-0.450191527600545	0.529616004762092	-4.66783366052899	-2.07296614499857	-2.20531039011989
ENSSSCG00000030511	0.831358746374562	-5.05272438095245	-4.13789319532697	-1.49453063976652	-1.48742093110896	-4.37773218995137	0.946046635714974	0.826686899227138	0.960095307719032
ENSSSCG00000030675	0	0	0	0	0	0	-2.72769725168678	-4.15581444403349	-2.77489364598159
ENSSSCG00000030694	6.46563775513458	0.713355688842956	1.38931807979176	0	0	0	3.52384444224406	4.49014141894559	4.49199878997697
ENSSSCG00000030830	0	0	0	0	0	0	-7.31371801896957	-7.38540743519769	-7.33844265485412
ENSSSCG00000030901	0	0	0	0	0	7.51912228998585	0	0	0
ENSSSCG00000031031	-0.735017886640615	-0.539999759584556	-1.65855663291406	2.33302678607435	3.81259026655805	4.23504813835151	0.97082210215654	0.914941287980022	0.569741475843505
ENSSSCG00000031115	0.0561609385881012	-3.10673634822882	-8.08457779208424	0	0	0	0	0	0
ENSSSCG00000031292	-0.203267451458964	0.825587363490754	0.235677555898208	-7.67820736676378	-4.42223935195477	-2.23968112049957	-3.02494409975831	-0.156277632771348	-1.10662144936476
ENSSSCG00000031324	0	0	1.16975573770389	-1.86588720592473	-7.56439196216868	-2.12926979629045	0	0	0
ENSSSCG00000031345	0	0	0	8.0605938121379	7.08209341813456	7.98835765409559	0	0	0
ENSSSCG00000031367	-6.88517580687555	-0.632121262881882	-1.9458799036781	-2.77305602049275	-2.35786120130932	-3.03608017528562	-5.27953305027452	1.04569853511087	-0.198927224192801
ENSSSCG00000031423	4.62177183261265	5.04956623477231	2.59583522754345	1.15519954097497	2.92494159645547	3.07979167725134	4.84450364899596	3.16124555733281	3.52735059701061
ENSSSCG00000031477	0	6.1772961477839	3.35552810745484	0	0	0	0	0	0
ENSSSCG00000031478	0	0	0	0	0	0	-11.1126277035388	-11.1847276609047	-7.12258237241492
ENSSSCG00000031537	0.909431214744082	-0.0885650342327528	-0.101309300021914	-3.45274524002739	-7.6206823091185	-7.48592216790863	-0.157276872120097	-0.85910530125785	-1.50489328689113
ENSSSCG00000031595	0	0	0	-1.2744076502145	-7.38100637259576	-3.84013612573189	0	0	0
ENSSSCG00000031620	0	0	0	-7.82950591340483	-7.82615548467598	-7.6912995807929	0	0	0
ENSSSCG00000031648	-0.579956607577827	-4.55984834551846	-3.25139160112244	-0.475438976342212	-1.55963894112934	-0.898903214926487	-2.79009108510007	0.291666287008606	0.635312051572294
ENSSSCG00000031717	-0.484415836382	-7.38889987348247	-2.17245115811918	-2.30430005457957	-3.31150058986733	-2.85095109132444	3.57967025199504	-1.17152128318906	-3.12547729294193
ENSSSCG00000031723	0	0	0	0	7.49305355393176	0	-0.8608801229836	-0.539765794991412	-1.09908504936603
ENSSSCG00000031796	0	0	1.7456833358949	0.96836628402617	0	1.17178216143775	1.2037382286011	-2.36110740234871	-4.0880360266513
ENSSSCG00000031800	0.579389314878794	-0.924440910899362	-5.0079868275591	-0.773761452483143	-1.66377379551493	-0.781892797884769	-0.872534603738851	-0.425989283260235	-0.84989794602425
ENSSSCG00000031858	-0.894966049012481	-7.31894087326304	-7.24082634741084	0	0	0	0	0	0
ENSSSCG00000031889	-3.15970694698057	-4.01413523554888	-4.1725276691499	0.419195467621908	1.12270974600559	1.03132862541853	-2.05241314208948	-1.9197409925386	-1.78555567157135
ENSSSCG00000031904	-0.408651679697996	-1.54391562841467	-1.21814887551479	4.25016876489663	6.37364738556898	6.04211540844784	-0.0844733364073806	-0.260635579081921	0.0651749222320893
ENSSSCG00000031940	-0.484856247643203	0.52439692470331	0.846843127268429	6.34446195780856	3.49677778984786	3.84594605579925	-1.3450448438488	0.671685673722403	-0.700648727547825
ENSSSCG00000031944	0	0	0	0	0	0	-6.36675711588542	-5.53141822106281	-4.04851776568474
ENSSSCG00000031955	0.692420730652299	-4.17910285399271	-3.06133588947507	0	0	0	-10.1240761300946	-2.72130831365681	-3.88531163527031
ENSSSCG00000032094	-0.349889836429867	-0.793740937858991	0.0174756955052346	5.69798272498697	3.27842390527457	2.66703302709761	-0.400596994920124	-1.31560504758968	-1.76665952067215
ENSSSCG00000032108	-1.18171857209952	-7.45562275094995	-3.1987602641984	0	2.83962888481241	0	0	0	0
ENSSSCG00000032133	0	0	8.00925569966031	0	0	0	0	0	0
ENSSSCG00000032135	8.30182184702432	0	7.27601827633074	0	0	7.96951546623532	0	0	7.6305318300273
ENSSSCG00000032224	-3.4696841474852	-4.45832829800001	-7.56084553033872	0	0	0	0	0	0
ENSSSCG00000032240	2.56952288683564	0.424647250203149	0.285730315999106	-2.16219907269981	-4.67189097185584	-3.41120395544133	0.183933956847795	0.683413923129022	0.0814805659786446
ENSSSCG00000032301	-0.0154240479331029	-0.594962106586262	0.90765239626193	-7.56773944419358	-1.6403725515042	-7.42966052322631	-7.06748981121507	3.10138921335598	1.71647172272743
ENSSSCG00000032303	0.178823788249351	-3.98184681278297	-8.00242822410104	0	0	0	0.159745451308388	1.36080490176969	1.62511079586651
ENSSSCG00000032353	0	0	0	0	0	0	-2.08290747095983	-2.52911159636386	-7.41199745660826
ENSSSCG00000032374	2.51846968318566	1.57923113995322	0	0	0	0	8.70380192368994	6.80162244874094	8.68119964133335
ENSSSCG00000032417	2.32993636775981	4.24542594551449	4.88292993720518	0.4168687941799	0.125069558565376	-0.943461300341786	-0.603102298802447	0.469667156509163	0.312219037580481
ENSSSCG00000032433	1.30710458156887	0	0	-7.96643273374093	-7.96308096388553	-3.49162462706352	0	0	1.89918957124133
ENSSSCG00000032456	-0.0615279469971663	-0.238150429728776	0.216616064250257	2.030711025343	3.57985969025657	4.06316775018138	0.536989451126805	-0.464989376668825	1.19694315503763
ENSSSCG00000032509	0.54180931132179	3.31890500393022	4.62051179060561	2.45602097404822	0	2.53050167263594	1.64586747773096	0.88404867621652	1.73616020139471
ENSSSCG00000032557	3.60628817269086	2.14188706980315	4.89590334326617	3.08735074607008	-1.19394791971849	2.39689204348821	2.86133816055055	-0.192920700026117	2.56233836842228
ENSSSCG00000032561	-0.253503705224927	2.31067751285512	4.58771714009751	0.17145494789075	1.52651734689715	1.66554049772031	0	1.86731001911521	0
ENSSSCG00000032612	-0.958455474988279	-3.0050548542781	-2.44862026198732	-0.348644522003248	-0.254678303629872	0.765925715737809	-4.96100800904008	-3.77984109226956	-4.1861874955075
ENSSSCG00000032643	2.33047239750466	0	1.30227527657297	0	0	1.4593617686547	-4.27695999532716	-4.41064084688384	-0.939852124148668
ENSSSCG00000032720	0.472909757902348	1.60307973411416	-0.80537741476539	0	0	0	-8.27082550526895	-8.34272942255819	-4.28071144983924
ENSSSCG00000032797	2.77292215726837	2.99333193676623	5.78776971830004	-7.0967624482552	0.649888600865386	0.895537916508279	0	0	2.26728477946003
ENSSSCG00000032849	-0.909766952561491	1.2449311443149	1.72753369448989	-1.74625406225409	-0.254678303629872	-7.31009376191259	-0.463388959944265	-2.08346492953699	0.648310038035981
ENSSSCG00000032896	0.233807103534434	-3.25823597859113	-1.80060039063892	-3.07642593661969	-0.963068542064286	-0.65999072827662	-0.300461306625829	-1.53661884626215	-4.42173539107446
ENSSSCG00000032950	1.25177214600548	1.70136051096228	0.293435652494649	2.66844954248042	3.32239305699826	4.22804835705598	1.00062466997109	1.71776710621692	1.6776492339038
ENSSSCG00000033181	11.1321073660673	0	10.0638874888189	0	0	0	4.32439933169034	4.93857483586403	4.95512322681249
ENSSSCG00000033204	-0.559018967357306	0.507833172716898	-0.469075133916501	-1.70515239131835	-0.90847932481477	0.162474990410463	-2.48446021110239	-4.54862913827627	-3.19566431936184
ENSSSCG00000033207	-4.19772240078276	-1.79148855006162	-2.62371476612626	-5.6957968659569	-5.28736424737314	-5.94981848618424	-1.18858339570315	-1.49760291168424	-2.10690224061587
ENSSSCG00000033256	0	7.87628688850724	7.27601827633074	0	0	0	0	0	0
ENSSSCG00000033260	0.239636310357322	-4.22181637358298	-3.90961722877522	-1.1869746782818	-1.17992816693017	-0.878969584682724	-0.395765982465891	-1.67330842891162	0.54683392239173
ENSSSCG00000033333	0	0	0	3.2237564190879	5.53080384811449	5.27160449314612	0	0	0
ENSSSCG00000033382	-1.91208716880852	-3.35892158273042	-4.02737881602846	0	0	0	0	1.71518043782601	0
ENSSSCG00000033383	-2.41102458266971	-0.308718185807546	-7.77391606068797	3.15159746257541	6.73371352135685	7.6645291037789	0.997042254363122	1.48108734368944	1.67280743862798
ENSSSCG00000033414	0	0	0	0	0	7.18018115574233	0	0	0
ENSSSCG00000033434	-8.16679713829372	-1.09221226785442	-8.12396251011182	0	0	0	-8.1063323272788	0.915628427413342	-8.13112250659484
ENSSSCG00000033514	5.03173518627689	6.37169084782633	6.06160198835118	-2.66454925167476	-1.69812257064727	-2.3617190837485	3.16573942067303	2.93583541688283	2.393705916831
ENSSSCG00000033539	2.1604482005857	4.66900742130634	3.45774673782968	-1.95233924590413	0.146225446088426	0.72501670809177	4.72111488341977	1.65579091003518	1.70208068335061
ENSSSCG00000033544	-1.53972735421102	-2.43362597982274	-4.37831787948837	-0.824006067494523	-0.691975091560499	0.273566524449359	-0.254155999723266	-1.80710001736698	-1.11760909976861
ENSSSCG00000033562	0	0	0	0	0	0	-0.432722046944721	0.588580253899971	-4.21326998478553
ENSSSCG00000033581	0	0	0.665772086745344	0.127307974279615	-0.0874841691806595	-0.88985121516314	-7.58777450272551	-2.72967553257433	-7.61252596538203
ENSSSCG00000033606	0	0	5.11942915254873	3.09067724671103	0	0	-7.38726511398482	-0.976052658037718	-3.39708357620691
ENSSSCG00000033657	-0.310542987577403	-2.03766432717556	-4.26729643592107	0	0.398357821989313	0	-4.33420202686258	-1.60261056831457	-2.24732217726843
ENSSSCG00000033691	1.81660250820587	5.1705428665503	6.84534828302183	5.36848127925316	3.86702572021286	4.05568454437167	-1.08062407205343	-0.359414228935739	-1.12799573414693
ENSSSCG00000033702	-0.209713460386887	0.534979979930138	0.704144883642315	-3.81171245200842	-5.65613972553296	-5.42202799810952	-0.0473472713178896	0.181169960707579	0.145159060234123
ENSSSCG00000033780	0.285170075465955	-0.7116578124315	-3.43759385026656	-4.0894682773862	-2.89019201054125	-3.29705314985429	0.647137352217769	0.3280088884181	0.527090810153261
ENSSSCG00000033806	1.15304767212737	-1.33069184028614	1.87161097821253	-2.6568174151224	-3.63580235931768	-4.86957759115319	1.87801910911492	2.35734231051399	2.50104359786139
ENSSSCG00000033815	0	11.4802632978667	11.6129152486395	0	0	0	0	0	0
ENSSSCG00000033822	-2.56665759107592	0.173628820063455	0.376561799685779	-2.10652814617467	-6.83249873547925	-6.6982628656067	-3.07626562962534	-2.25013071172581	-4.0860979364393
ENSSSCG00000033834	0	0	0	9.02241737077954	11.4015779272858	11.7190635864806	-2.07596168351891	-0.245173550536154	0.42347559598536
ENSSSCG00000033919	0.140559079322456	-1.02290767332951	-0.152666096522598	-4.66085532713116	-4.43663240791088	-5.02728964204295	-0.423789098734938	-1.783634390557	-2.4135320202841
ENSSSCG00000033922	-0.278455249124501	0	-1.48615458665609	0	0	0	-4.73928967431875	-6.73757180683092	-9.75566846132284
ENSSSCG00000033979	-0.771465899810424	-3.35671926350672	-7.37746249700837	0	0	0	-0.608593318917239	0.0391123311288508	0.098104608068653
ENSSSCG00000034015	0	1.22931892053795	2.62030334517975	4.15783565057358	4.04090309431593	4.31095264563738	0	0.536760815078211	0.767726620470543
ENSSSCG00000034044	-3.56638993167402	-4.69866844911857	-5.03619795103741	0.108130314996866	0.115296364428243	1.02347528653367	-1.92641318518911	-0.237720152899878	-1.41360882565449
ENSSSCG00000034062	-3.41109948996784	-7.58046857034207	-7.50227016873207	-4.76319171256489	-2.74198788511627	-3.11696611862687	-2.19233877689756	-1.70646839490561	-1.72614863113798
ENSSSCG00000034087	-1.31724667245641	-3.84334995966692	-4.35446105312634	-2.90262990686246	-1.16834053379746	-1.32543756835789	-0.753512906749002	0.0785693413541888	0.0552594209331998
ENSSSCG00000034113	0	0	8.14625008920495	0	0	0	8.649487208304	0	0
ENSSSCG00000034260	0.936126863287526	0.0239050455621069	4.19618389759039	0	3.4174360148213	3.91442502277929	-0.480096863064783	1.09685271802154	-0.29452799584462
ENSSSCG00000034286	2.38907705122145	0	1.30227527657297	10.8108056084325	8.65088804028145	9.81949475522354	0	0	7.32414192402681
ENSSSCG00000034345	0.63936434766435	4.67670708868154	5.18005240979164	2.13003474910396	2.66892133639616	2.64117178106578	-1.50619551791376	-1.23309326246619	-1.5530648077511
ENSSSCG00000034358	-3.28627070619881	-3.35671926350672	-1.25978039878219	0	0	0	1.92126711647435	6.408291750784	5.09257296575573
ENSSSCG00000034405	0	0	0	-3.75093362830021	-1.48742093110896	-7.78397266194153	0.325564549262715	-2.67338591194146	-3.77166596519871
ENSSSCG00000034503	0	8.82269736522273	7.49708031378069	0	0	0	0	0	0
ENSSSCG00000034592	0	0	7.7473407570202	0	0	0	0	0	0
ENSSSCG00000034610	0	0	0	-9.25846637663872	-2.82366006006364	-4.78331361045326	0	0	0
ENSSSCG00000034686	-0.46667129060924	-0.722618837353348	-2.98565226673258	-3.45274524002739	-1.50699102273657	-7.48592216790863	-7.23621921365099	-1.59109264684545	-3.24602141172225
ENSSSCG00000034701	0	0	0	2.92728547286218	-1.33106906747018	0.816367423084188	-8.06210179566038	-3.20410532604687	-8.08688918817689
ENSSSCG00000034740	0.427470265067865	1.20067861078332	5.10250789888754	0	0	0	-8.5840199188018	1.31467415785436	3.26562695386507
ENSSSCG00000034866	0	0	3.01255884882386	4.52408626549849	4.53084061767212	5.46356696517814	5.50978302493638	0	0
ENSSSCG00000034870	0	0	0	3.13092874529738	5.94080912676105	5.90268161276452	0	0	0
ENSSSCG00000034921	0	0	0	-0.889960165230421	-7.31430426372486	-1.87932406226018	0.965682296188066	0	0
ENSSSCG00000034942	0.152834860072986	-1.02711996796246	2.80379037570784	5.67856857761835	6.3742841388147	5.64538764787624	4.13360258285152	6.20680060131252	6.32719741398863
ENSSSCG00000035018	-4.21471447634912	-0.0493423240187029	-1.4037815603881	-0.620705481435294	-1.39565124358497	-1.22798443585312	-10.8123835814801	-4.66136444222182	-6.26743117389308
ENSSSCG00000035020	-0.319769830377391	-10.9602167040636	-4.44618783064224	-1.94104818566687	-2.59957358349257	-3.5761507160316	-2.65322377642524	-6.14608301473791	-3.3751761200468
ENSSSCG00000035066	7.22889007322906	0	0	-7.92221885896467	-7.91886750832664	-7.78397266194153	1.9194116827624	-0.998918823264603	2.72028252209227
ENSSSCG00000035073	-0.950459836405663	-1.52229437178157	-2.80297398171974	0.901021002584366	4.76876046030365	3.19713590691847	-5.02770780965537	-0.525061077271249	-0.59980038155387
ENSSSCG00000035102	0	7.91773466469988	5.98642232321562	0	0	0	0	0	0
ENSSSCG00000035105	0	0	0	-7.44810630052293	-3.26988343833244	-1.43699572204626	1.1676135515995	1.61509393351551	0
ENSSSCG00000035186	0	0	0	-7.91773232597376	-12.0856530895598	-11.9502040730849	0	0	0
ENSSSCG00000035243	1.50404297813214	5.04929134145541	4.32542056365159	3.88808177249353	5.50193361114649	5.025556483491	-0.419657710944598	0.0248178742541427	-0.346680881610172
ENSSSCG00000035269	-1.4604877588851	0.955482300301036	3.39540895221382	1.73556934076513	-0.293255475007465	-0.455954956985349	-5.47336709438094	-6.17689465983891	-7.04461543797942
ENSSSCG00000035347	3.74095053533242	3.96092552491486	3.44283622374312	0	6.37231065911782	6.4405457553748	0.897867855669536	1.94019673017807	2.91107895286203
ENSSSCG00000035377	0	0	0	0	9.95214364685858	8.79013297689841	0	0	0
ENSSSCG00000035392	0.880996112686573	-2.94954180855006	-4.04568907021984	0.624933696111484	-0.212300157150788	-0.654890555540397	-0.317847091290516	1.40605289560618	1.06184891362329
ENSSSCG00000035429	0	0	0	5.47445308937222	5.95888635243123	5.19438061355193	0	0	0
ENSSSCG00000035612	-2.08169174606189	-0.320484750026686	-2.55163298196373	-7.24771116728415	-7.24436809560938	-7.10982292358204	-0.384573023869519	-0.446117256077259	-2.33024759282812
ENSSSCG00000035651	0	0	0	2.70465768763649	2.54289961749318	5.77618067428043	0	0	0
ENSSSCG00000035667	0	0	0	-4.57312349236464	-3.5799208160495	-3.53606244808575	0	1.31344384423032	0
ENSSSCG00000035689	0	0	8.7149020825932	0	7.10323655870425	0	0	0	0
ENSSSCG00000035723	0	0	0	0	0	0	-3.68759706750382	-4.07861163869601	-5.25881662617579
ENSSSCG00000035724	-2.45779397750575	3.60747495007236	6.69511964547273	0	0	0	-2.19003687765636	-0.246061517334408	1.35713506848183
ENSSSCG00000035760	-0.189129516766883	0.302950195739387	-0.0190075117066865	3.81394091561402	6.89196938266543	7.44229829871443	0.932033913036297	1.73906971785935	2.26302155354773
ENSSSCG00000035825	-0.902403650608652	-1.87165527174754	-4.87981491393812	-0.852663339599426	-1.79254409397128	-1.23272682397778	-1.49602491137185	-0.550114796315345	-1.37469346596775
ENSSSCG00000035851	-3.350034774084	-7.51939570494269	-7.44121555251569	0	0	0	0	-2.01804831499497	-2.88613632424373
ENSSSCG00000035891	2.00479296602617	1.78605019167202	0.478258610411732	2.65031900166311	2.34521862143853	4.2286370552784	0.498755618132961	0.520498481862266	0.451505497001598
ENSSSCG00000035909	-0.275074251567513	-1.14939729406314	-3.38996132480246	-3.66434844898366	-5.85272069427034	-2.36993212563382	0.357689262772974	-0.164092448773229	-0.140701514684226
ENSSSCG00000035924	1.71236358183849	0.552577035256623	1.90307097732168	-0.444660318424481	-0.543971445454433	-1.34782407126845	4.23792013688483	1.00615439697412	1.79235532451998
ENSSSCG00000035935	-1.4604877588851	0	0	0	0	0	-5.1165905710185	-3.26951803858118	-4.26782026512123
ENSSSCG00000035958	-0.954841160147412	0.48672312700137	0.337342137747241	-4.42160054926305	-3.97246655424962	-3.9922663143859	-0.770393144654435	-0.619567618359847	-0.186287662481119
ENSSSCG00000036008	0.0545121193905516	-1.13193815072041	-1.38129444761671	-7.578282698319	-4.18639997709984	-4.16920666891193	0.441197346396893	0.675291541704737	1.01914620055532
ENSSSCG00000036013	-8.34906342516752	-4.28568603483707	-3.16790053543668	-8.24295692324607	-2.12591151745195	-3.76804721292326	0	1.970454149894	0
ENSSSCG00000036049	-0.590407041257832	-2.48954576038174	-1.97505116788771	-0.16041481341179	0.867495910769525	0.890011830712614	-3.38771855173688	-4.1883917294209	-4.13610204222314
ENSSSCG00000036059	0	0	0	-5.95622191188601	-7.30673035980333	-7.80356934142222	-7.5239850070897	-7.59573441939322	-7.54873067267561
ENSSSCG00000036078	-7.13255819768583	-0.816088103502423	-2.91118043742442	-2.71638739067382	-3.68859720492544	-8.68780529437455	0	0	0
ENSSSCG00000036109	0	0	0	9.17885725461246	8.18513371902126	8.552558065138	0	0	0
ENSSSCG00000036117	-0.360027463874169	-2.39944271146361	-7.37746249700837	0	-0.684053825449473	-0.955456342154173	0	0	0
ENSSSCG00000036132	0	0	1.49395508355097	2.38060557459924	3.27729276167284	3.0245011541519	-0.491105464181222	-2.41404742945645	-5.4626821175497
ENSSSCG00000036149	0	0	0	0	4.97258347531569	5.24491433558487	7.47713225966902	0	7.39084683373523
ENSSSCG00000036183	-5.11883257525984	-5.05527111055282	-6.01240538569094	-9.16669885145283	-4.02896330854434	-4.1306003050978	-4.08139529762496	-0.277698796171358	-3.08792174060546
ENSSSCG00000036274	0.193453064469104	-1.66602365442429	-2.08766209865752	0.945721860918092	5.77068860752363	5.62665812142468	-0.417509152828616	0.768300462450816	0.755788116967678
ENSSSCG00000036331	-2.30267969566702	-8.57669489970467	0.408831900180948	-0.669391571405339	-2.09004831703188	-2.37536584409028	1.67104980569831	-2.86546141964945	1.38065545804954
ENSSSCG00000036354	-7.21001947149263	-7.24541576785203	-7.16732769170307	0	0	0	0	0	0
ENSSSCG00000036443	0	0	0	-4.59859011849488	-2.89308987961458	-3.88888556392772	-2.92911297808369	-3.46196395254896	-7.94541898945807
ENSSSCG00000036461	-1.5326705391951	1.48420574088879	4.78648449375395	1.47288491855808	3.90549915769208	2.51426363558517	5.64844024833367	1.81784984333782	0.751093163157445
ENSSSCG00000036465	0	2.31028477303453	0	0	0	0	0	4.07306409821183	2.18845004921161
ENSSSCG00000036504	0	0	0	-1.2622786355627	0	0	-0.812426315747762	-4.599199554592	-4.83006421136058
ENSSSCG00000036538	8.33917932475986	10.3707946672412	8.52693599625186	0	0	0	3.6443447405941	0	0
ENSSSCG00000036570	2.12606505076693	2.15428939360184	1.91729667051133	-1.62047940497608	-7.72707382655596	-1.71916436098023	0.184185634923534	-0.590137936637533	-1.20417415864811
ENSSSCG00000036573	-0.986606800295553	2.80947426551519	2.49747755700407	-1.37544648024191	-1.04848790190687	-3.99992712036328	-5.00889048259957	-5.78036804969436	-5.20570728128724
ENSSSCG00000036622	0.131156953244651	-1.39307154641711	-4.14836933848934	4.56534687763085	4.16305166457511	4.63017765617973	2.0018686244119	2.64259446473432	3.72854800673855
ENSSSCG00000036662	0	0	0	0	7.79963496786297	0	0	0	0
ENSSSCG00000036883	0.921123639949482	-1.71800982540986	-1.7910324100883	5.65862190187842	4.80146717892318	5.194824577279	1.1902941126089	1.56099987498251	2.19432744889504
ENSSSCG00000036884	0	0	0	0	0	0	-3.23989875698602	-5.2380295722821	-4.2413106181268
ENSSSCG00000036893	-1.5126507525282	1.13016966193336	-0.403892201869966	4.01238772811002	2.88392180752624	2.55384673908542	-0.594463062164417	-0.409389450874123	-1.19206137414493
ENSSSCG00000036907	-1.64036285298752	5.7549352477889	2.77826622266342	2.02210318385433	1.17016811306686	-0.640868860477697	-0.750360184403281	-0.245857985522188	3.62574092317614
ENSSSCG00000036910	0	0	0	-7.62403047069185	-3.44580539359883	-7.48592216790863	0	0	0
ENSSSCG00000036943	0	0	0	-4.0131708931417	-4.00604971858922	-4.02014834287517	7.25218761393937	3.76592914502742	0
ENSSSCG00000036948	0.98569825349996	-1.03704659815579	-1.19307930327225	0	0	0	0	0	4.22770649698601
ENSSSCG00000037013	0.203538515541534	0.931243427108493	0.373837692147154	5.36895194015299	3.83246802639543	4.52946771510137	-0.0845771726892189	-0.642704511958884	0.255744918444728
ENSSSCG00000037110	0.570509057480094	0.353850085949425	0.631738419690778	-4.02852880984208	-4.33514275260106	-4.03384684554161	2.39251785719471	0.482332407261504	-0.394632135261441
ENSSSCG00000037207	0	0	0	-3.33085084429084	-6.33891663967498	-10.3784090103254	3.57372869614709	2.29475640654194	3.93204533560226
ENSSSCG00000037277	-0.126203014299542	4.00927641454382	4.25034352202908	0.589703218436465	0.364751079778598	-0.635736584347302	-1.14983664799406	-1.95835830388715	-2.31306386770902
ENSSSCG00000037292	-0.924101051607479	-2.56981095877596	-2.40776141716829	-2.27360188886136	-2.35127681013582	-2.41704966415951	-3.8567905199645	-4.5114039650365	-4.82803751829224
ENSSSCG00000037324	2.15506277389219	3.0473077645734	4.31668922417037	2.34869183422881	3.24954619938735	3.08013904218922	2.87074373045287	3.94166114767	3.25621201864096
ENSSSCG00000037358	-2.95828280317066	-3.34809520269125	-4.16561983007417	1.2999765991468	0.898697503417896	-1.13180332749689	-0.198218419047809	0.78725720835346	-5.02862838546921
ENSSSCG00000037416	-0.657177889153806	-1.36065957433273	-2.18182667122795	4.25174352799125	2.92944270572818	4.20597740459214	-0.246636725627822	0.98233759052073	1.23704527094147
ENSSSCG00000037452	-2.31634782099761	-3.65330522248796	-3.75124220785837	-0.585726101527884	-2.17570129742162	-3.18482634025598	-4.36224462261006	-4.9085334376904	-4.70642920656595
ENSSSCG00000037532	-0.480030372715816	-1.3314895059384	-1.75143756795446	-3.15741340626707	-4.630868445124	-3.97803362068215	-1.46135989209023	0.325289262749363	-0.305896553598782
ENSSSCG00000037534	0.676162715262892	4.56945624758387	3.18819945211885	-3.3378773345909	-1.80023406766338	-2.07072473353759	2.31396788090422	1.18937853260921	0
ENSSSCG00000037806	0	0	0	0	0	0	-5.59568598769279	-6.28285072399536	-10.2120730828328
ENSSSCG00000037878	1.08071459982191	0	0	8.00143457978512	0	0	0	0	0
ENSSSCG00000038035	0	0	0	-1.02041808132478	-7.44476035385212	-2.97354998005439	0	0	0
ENSSSCG00000038107	0.602511602794219	5.08059912752428	4.3985666472319	0	0	0	1.45547436181464	2.00543818865671	1.69618319778634
ENSSSCG00000038182	-6.37233842896088	-6.44401957794464	-7.24290478130496	0	0	0	0.117769983979653	-0.642439721589312	1.43896622419289
ENSSSCG00000038221	-1.98744642247813	3.48718456258617	3.54003750049857	-4.66670940746467	-1.36278703938022	0.841508947244104	0	0	0
ENSSSCG00000038283	1.81557589795737	2.49415336608714	4.1518612644313	0	0	0	0	0	0
ENSSSCG00000038290	-0.165494268372705	-1.89683938806153	-8.30621077881592	0	0	0	-0.452900765528455	0.477846765357308	0.16279841479712
ENSSSCG00000038521	-2.1353496669401	-2.28574367997131	-0.609324938030528	4.43789128572744	2.9042292289442	4.1337692592522	-1.05041369396076	-0.621667676261584	-0.114239582293861
ENSSSCG00000038602	0	0	0	-1.2622786355627	0	-0.955456342154173	-0.669813547708267	-0.49864248615709	-8.04125665406637
ENSSSCG00000038610	-1.68179852136749	-2.2556924312379	-4.03513770615937	-0.350518381053406	-0.887655093236282	-0.133936113129724	0.345803372297723	1.28478849398776	0.829144935295584
ENSSSCG00000038663	-1.14695003234764	-1.1045717555694	-4.56688121559826	0	0	0	0.611875779077691	0.554104530045949	-0.0939690750718077
ENSSSCG00000038877	0	0	0	-7.50916256525536	-3.33093890357708	-3.03457167861525	0	0	0
ENSSSCG00000038924	0	0	0	-8.6203691847703	-1.81091686601922	-2.38992277813811	0.68912994422479	-3.48858544553719	-2.61426468850376
ENSSSCG00000038965	0	0	0	4.83239232307963	0.849384841142689	1.23935240130731	0	0	0
ENSSSCG00000039010	2.10666302685308	2.1543587592489	2.58190709815004	-2.20864240976378	-1.98112133337603	-0.788512550148433	1.41401797312082	3.01651742075659	4.2976220648434
ENSSSCG00000039025	1.08071459982191	5.17825144231618	4.61647910066601	-0.361433128085374	-0.212360866818415	-0.370075053416464	-2.61698938299644	-2.65979696372872	-1.76688053321997
ENSSSCG00000039027	0	0	1.42654146833238	-2.18560762154637	-3.42211045592137	-5.32875767721573	0	0	0
ENSSSCG00000039169	0	8.37405967332542	0	0.034727492614576	-0.684053825449473	0	0	0	0
ENSSSCG00000039186	0.18991103679995	0.165276910740277	-0.207953171524932	-7.44810630052293	-2.71179471605095	-0.0374250698384963	-0.148697853942314	-0.125911068320214	0.179068389057903
ENSSSCG00000039199	-0.328160529032011	-1.31454982240784	-1.57345061668269	4.39796616457345	4.33074400955397	4.69146507275041	0.207625102068437	0.14640179451431	0.712370994999812
ENSSSCG00000039200	-0.375781434830544	-0.0639534773653304	-0.565153018026978	-0.155575523749355	4.15289929828116	1.5863931791379	0.476615791788518	1.48723161246347	0.460942494299174
ENSSSCG00000039273	0	0	0	-4.47649552027208	-8.64442391054133	-4.17275336636985	0.64803106912143	0.74627017708918	0.760255583464033
ENSSSCG00000039315	0.41601327310281	0.110826535089004	-1.46925840606212	-5.4518730225491	-3.96476642325061	-2.68949438478247	-1.1834339588881	0.232263409342651	-0.759739158919132
ENSSSCG00000039333	-2.02107883392303	0.873881024015846	0.415369407007275	-0.363794034345748	0.835835191217358	-0.00593738014249327	-2.60998415370784	-4.3862753273712	-2.05071813790121
ENSSSCG00000039341	6.0295474070498	6.60927832524666	6.88020218094435	-7.38435144753361	-3.20612945707609	-2.90983281586386	8.18205998720113	6.97254993015391	7.89831865000669
ENSSSCG00000039344	8.78052033196084	0	8.14625008920495	0	0	0	3.96349960956872	1.06060460833296	4.56915355013488
ENSSSCG00000039416	-0.518933933824194	-1.55134191515215	-2.99125085902576	2.51415150686344	7.17643334953902	6.76908736152196	2.25906562873148	2.78960227773114	2.82638438568548
ENSSSCG00000039508	-2.09586001476637	-1.71455856390438	-3.94526027730186	-0.745251031704609	-2.44594762849981	-4.8862282559377	1.1676135515995	0	0
ENSSSCG00000039535	2.6307811167749	0	4.12830332662034	-1.76636238436934	0.0686158188213492	-0.139312949952251	-0.301368627727516	-1.23309326246619	-0.692768036196814
ENSSSCG00000039553	0.0117948956748576	0.0700468417326174	-6.30068625265112	-0.188443645616821	1.49488997439127	-1.08588186894891	-0.663755704675029	0.345719231208966	-6.55142693845529
ENSSSCG00000039561	0	0	0	0	0	0	0	8.47077575652102	7.18069938969166
ENSSSCG00000039568	-1.09467168613635	-2.00601129099558	-1.99889387030704	-1.45021350161612	-1.61373000084323	-0.958570328723553	-2.87506272152249	-3.36602198366427	-4.03417185723226
ENSSSCG00000039573	-2.4785479683669	-6.5561196519732	-6.41575890956435	-2.12441551456131	-2.60170882921459	-2.86674239199732	-1.90904286542313	-2.76229172092386	-2.3019914537738
ENSSSCG00000039626	-0.146069321831668	-1.311420926306	-1.86449664094156	1.14872812786992	2.57195528768383	1.71690834735453	-4.03872067058727	-3.4356420410671	-3.15967928162346
ENSSSCG00000039813	-2.99863468244858	-3.06903789138587	-2.91118043742442	0	7.5598036899497	0	-1.38942632634626	1.07999651375371	-1.62766478513458
ENSSSCG00000039823	0	0	0	0	0	0	-2.81772588928533	-2.69279237882897	-6.02704356170327
ENSSSCG00000039825	0	9.10224289781109	7.49708031378069	0	0	0	7.5967785740339	7.21342319725101	0
ENSSSCG00000039834	2.07350747216397	2.6618728106643	4.44261333766087	0.020373123280823	0	0	2.29946200036476	1.04068675192655	1.01782418494092
ENSSSCG00000039854	-0.121894146256374	1.61068065506493	1.87352319601523	4.32197658758313	5.8814726747824	5.09637437135978	1.20201718546664	3.18636608822708	3.23263552265072
ENSSSCG00000039855	-5.73879415992511	-9.90831417578424	-4.12022429051162	0	0	0	-8.14924706729238	-0.204525068706546	-1.33172805306209
ENSSSCG00000039874	-0.180671001903163	1.1103347377305	0.23892750310877	-4.43132299810591	-3.80495278843006	-5.00700018411679	-1.79785817059084	-0.684918262626027	-0.822331079973097
ENSSSCG00000040025	0.854230326970241	3.37244009380241	4.38648670654459	-1.73946194829816	-0.546443264334637	-1.77296213515452	2.22435415341728	-0.783927537779305	-1.44909526087059
ENSSSCG00000040130	0.98569825349996	1.11907431362668	1.83294031804788	0	10.3130085776581	8.47681689207629	2.4374667953482	2.62164075479408	1.20643556711745
ENSSSCG00000040146	3.4475989793105	0	5.20754638790505	0.751157104282219	-0.808150086357397	0.220380122844924	3.17265094114803	0	3.80220082771393
ENSSSCG00000040160	0.882335704016097	1.13120170313028	1.48985827556092	0.376666101484216	1.44575352364316	2.09674493298106	4.10658045189378	3.71868350188378	3.74161760519442
ENSSSCG00000040177	0	0	0	-4.0917746646952	-3.51351540395905	-3.21075574504704	2.50849156585664	-0.294747157346313	0.424734496914488
ENSSSCG00000040207	1.54602872487638	1.04206604397125	0.384273848818447	2.49356506937695	4.36135682078843	2.10935141202152	-1.72038843655422	-0.487454747253517	-0.366892023899889
ENSSSCG00000040328	0	0	0	0	0	0	-7.45724402176672	-7.52897532944037	-3.4670694608937
ENSSSCG00000040329	0	0	0	-2.92030989196511	-1.93394815990845	-1.05195664187264	-3.27753831623508	-7.38540743519769	-1.22473879269152
ENSSSCG00000040330	2.57388119913714	0	0	0	0	0	0	0	7.6847099441958
ENSSSCG00000040408	0	0	0	-7.92221885896467	-3.18590187052548	-3.44742888008334	0	0	0
ENSSSCG00000040464	0	0	0	0	8.38243746597423	7.72955351002063	0	0	0
ENSSSCG00000040513	-1.4835734983144	0.842694812047658	1.40117276992926	-0.893835167698079	0.278546976160354	0.340453761590545	-4.06139546895726	-2.21290550907919	-2.42500961805344
ENSSSCG00000040548	-1.93535441244741	-7.8521869137254	-7.77391606068797	0	0	0	-3.93317251628235	-8.041203186411	-7.99413348277939
ENSSSCG00000040615	-1.01117755081791	-2.06875033128602	-3.43843292282021	-1.85648893642182	-7.96308096388553	-3.49162462706352	0	0	0
ENSSSCG00000040638	-1.89387920243163	-4.27329099556465	-1.62962855534299	-2.49519242711366	-1.4533261768698	-2.54337471227353	-2.46115621534392	-2.56042676941359	-2.12202178035545
ENSSSCG00000040650	-4.2820529819252	-5.2707750560392	-2.25543568851996	-4.85626520835558	-4.8493147390124	-4.55243897260861	-0.521553626053347	-1.42230532756504	-1.1458048646305
ENSSSCG00000040652	0	0	0	0	0	0	-7.41286726553112	-13.7709802150272	-13.7237316078125
ENSSSCG00000040715	-1.8716782246739	0.192708415986849	-1.782970602675	-4.59859011849488	-5.14965954131259	-4.85273250900539	0.884349144975057	1.48400611345391	2.09033325913762
ENSSSCG00000040725	-0.357655734131058	-1.40763819020615	-0.93409042087305	-4.86640882246885	-4.85931628790205	-5.12911938648148	-1.4138029976194	-1.14066603698644	-0.88607704301879
ENSSSCG00000040728	0.188588110394921	-1.85073203952001	-1.69065452252317	-0.659420641555197	-7.56439196216868	-7.42966052322631	-1.09473888218054	-0.368608523218832	-1.14154747121397
ENSSSCG00000040822	0.742451081901218	-0.396164327212582	-0.326859518591948	-7.38435144753361	-2.24663020776378	-2.90983281586386	1.36289283456969	0.735716803923067	0.959715388081429
ENSSSCG00000040843	2.30820900075365	0	2.7321713216626	2.67525335746736	2.82495526621827	4.24763371505606	3.82036265347109	4.59937605452981	6.17256591258329
ENSSSCG00000040947	0	0	0	-3.65822068274037	-7.82615548467598	-7.6912995807929	0	0	0
ENSSSCG00000040950	0	0	0	-2.69882382238396	-7.82615548467598	-7.6912995807929	-3.68953839740671	-4.31870844827643	-4.55957650135295
ENSSSCG00000040961	-1.860792304144	-3.76383381774322	-4.50297324474376	2.67198646005461	2.73854724409801	2.20682025362359	-2.3156052504353	1.17208075119499	1.59188819792865
ENSSSCG00000041010	3.59889449587465	5.84440935252308	6.50485181108288	0.363264895966912	-0.62261187031791	1.0882813285221	2.66007652901095	3.41646012023921	3.417818514737
ENSSSCG00000041061	0	0	7.91011993411776	0	0	0	0	0	0
ENSSSCG00000041625	-1.29220502764188	1.11704346141653	-0.497897784357227	-1.08147434605721	0.0539878708529508	-7.37111546047345	0.66227250155214	2.05269945463655	0.633423958222105
ENSSSCG00000041677	-1.50369297350382	-1.21432021263608	-0.740332786949692	-2.71993527940022	-1.65121064461657	-4.67248973336853	-0.849305459053633	-0.246985553294158	-0.104291263475939
ENSSSCG00000041701	-0.113807908766597	-4.27489032022488	2.43514293587993	-1.58164357390145	-8.00597962859086	-1.99795236261224	1.41948894912893	-1.67330842891162	1.23090446139557
ENSSSCG00000041871	0	12.7655766297184	8.49308178534896	0	0	0	0	0	0
ENSSSCG00000041892	0	0	0	-7.50916256525536	-7.50581581909675	-2.07072473353759	0	0	0
ENSSSCG00000041917	-0.528602512312776	-1.72889702489952	-0.144553586651566	8.55218314953479	9.02621253991264	8.88108132215955	0	0.0738158807816614	0
ENSSSCG00000042093	7.58043475248334	0	8.00925569966031	0	0	0	2.84524230696494	1.10496247127208	4.08861712762902
ENSSSCG00000042233	-0.81924610301017	-0.227700361066968	0.490608315179346	-1.94104818566687	-1.93394815990845	-7.9126944978898	-0.528162661201855	0.70139508193383	1.38945334604186
ENSSSCG00000042264	0	0	0	0	6.47179353569413	6.05824275959213	0	0	0
ENSSSCG00000042315	-0.939377178043735	-1.97238341608182	-2.18670531934722	3.96150139768714	3.34671619945721	4.91164810076416	-0.264766878922976	-0.358482134608564	0.263759619090621
ENSSSCG00000042458	0	0	0	8.48525195913426	7.5598036899497	8.02375005396059	0	0	0
ENSSSCG00000042479	1.17337258508358	3.92678180100562	4.30844570105321	-0.787268847221857	-1.09996275289918	-0.549077218076776	0.772922334398822	-0.203259175857027	0.380591388530509
ENSSSCG00000042539	0	0	6.84344622538328	0	0	0	0	0	0
ENSSSCG00000042573	0	0	0	0	5.36161541953897	0	0	0	0
ENSSSCG00000042582	0	7.47968986076979	0	0	0	0	0	0	0
ENSSSCG00000042589	-3.47634984148759	-0.88278040332231	-4.5034679257464	-4.16291695192289	-2.1001571210201	-3.54000612580293	-1.52987650762401	0.475321866770985	-1.76812199631603
ENSSSCG00000042806	0	0	0	-2.69882382238396	-2.12057373324262	-7.6912995807929	0	0	0
ENSSSCG00000043103	-4.63836723674417	-1.06304469367316	-1.72284811721807	0.306494483619363	0	0	-3.09999056452228	-1.0139602450317	-1.77326424152761
ENSSSCG00000043135	0	0	7.27601827633074	0	0	0	0	0	0
ENSSSCG00000043139	0	0	7.10725635526659	0	0	0	0.467730337324868	0	0.296697138756321
ENSSSCG00000043140	0	0	0	0	0	0	-2.64469065059635	-7.30788421579548	-1.3145545671981
ENSSSCG00000043194	3.09956379204618	4.94936696747145	5.89326297320131	0	0	0	0	0	0
ENSSSCG00000043216	-2.03737542662738	1.14799609242713	0.778325841841652	2.77488377266076	2.71390574270218	3.18741356184964	-8.48698498247532	-4.58248539089458	-2.56541519553947
ENSSSCG00000043327	-0.284970527543428	0.699947504302319	-1.53730915327979	0.253297247604611	1.0407658426606	0.564356938353033	-1.79511351410839	-0.773094828140725	-7.78855287973243
ENSSSCG00000043429	-0.838401981292072	-4.41655514565064	0.54519430736031	-0.746521903211456	-0.0676316507181764	-2.69982818751473	0.810802937508185	-0.16166690349669	0.859251212616029
ENSSSCG00000043578	0	0	0	0	7.42306458578438	0	0	0	0
ENSSSCG00000043631	0	8.53959689307531	0	0	0	0	-1.54353105127603	-5.17729309964718	-9.10656059889417
ENSSSCG00000043666	0.828547200517513	-1.28029654515182	1.62944925833795	0.58066272797775	0.587744737094899	0.890208178845453	3.16024602776629	2.76566232901672	4.61216714931472
ENSSSCG00000043700	-0.633102997830427	0.203184351262364	0.365138798982681	-1.33463812060769	-1.54791041042693	-8.10459099478145	1.05122455003409	0.253205351416054	0.0630056711300687
ENSSSCG00000043705	-3.63238792315227	0.799052078650568	-2.58521514028196	-4.53159881858507	-2.64308891706487	-7.64263065390193	-8.41846836694155	-1.01555794626082	-2.49689523601805
ENSSSCG00000043729	0	0	0	0	0	0	4.64073985101535	4.630070632498	5.11830028381759
ENSSSCG00000043782	-4.20635081401544	-0.729339808455108	-3.1987602641984	0	0	0	-5.25108928817875	-2.11677823597264	-5.29812877174323
ENSSSCG00000044004	2.19393755028962	3.05948401139934	3.965579975916	2.10403066289537	3.03029102761976	2.44218572235032	3.30490173129523	4.14440942170346	3.46222472425645
ENSSSCG00000044009	0	0	0	4.32950414379614	2.47940124347961	2.17816297257448	0	0	0
ENSSSCG00000044059	0	0	0	0.813006689173563	4.03348894631226	3.65113595619568	0	0	0
ENSSSCG00000044062	0	0	7.56383146465052	0	0	0	0	0	0
ENSSSCG00000044108	4.14116152796529	8.28906032671074	9.59558652044833	0	0	0	0	6.8939233459789	7.57423948849719
ENSSSCG00000044134	-2.16945127510307	-1.19446422611946	-8.88965320997531	0	0	0	-1.00642411579995	1.04980539294551	0.103468320766599
ENSSSCG00000044239	-3.26088707277157	-12.2314228657213	-7.0145089281611	0	0	0	-2.84565188576424	-0.577432196058706	-0.738328016795246
ENSSSCG00000044295	-0.93370341952765	-5.43178294753257	-5.27189866697373	-0.807881647183814	-3.54952488584795	-3.24675935244513	0.00064836331285304	-9.08567936478743	-9.03851572640999
ENSSSCG00000044428	0	4.02729192475685	3.54509215308829	0.952766525722058	1.40999939098013	1.10373553442919	7.5967785740339	7.53340575027079	6.84231181698896
ENSSSCG00000044512	0	0	0	0	8.48904383392348	0	0	0	0
ENSSSCG00000044775	-4.07280416132086	-3.1972197859251	-2.93816318188733	0	0	0	-4.33381384224203	-6.13627136648598	-5.7366282744978
ENSSSCG00000045021	-2.04031859860476	-1.1336070737561	-0.654433737588928	-2.27008366778317	-0.816868647778793	-8.24161794645637	-0.541276134281388	-0.356402753742122	0.173081925184956
ENSSSCG00000045027	0	0	0	0	7.684697246168	0	0	0	0
ENSSSCG00000045040	0	0	0	3.73937212669811	2.62974510901118	4.0459536545661	0	0	0
ENSSSCG00000045138	0	0	0	0	7.10323655870425	0	0	0	0
ENSSSCG00000045465	0	0	0	-0.240227577812118	-0.811125470699577	-3.38426322317424	4.25670405900059	5.06062303876146	3.59965278553524
ENSSSCG00000045657	-2.46437276197466	-1.23200048431176	-1.51314150211457	2.15164028269144	3.70496036491039	4.10992819414471	-1.22682623736201	-1.40397179937566	-0.88125625672135
ENSSSCG00000046097	0	0	0	-3.1122748322252	-8.23960280383388	-2.80420026784559	-0.233478275857812	0.494780987293456	1.29054459475146
ENSSSCG00000046102	-0.875397801351352	4.36198369000615	4.29104838054178	0.657294157903378	0.481770516330488	0.958693012837926	0.354120831580488	-0.579860293573348	0.425836839141558
ENSSSCG00000046140	0	0	0	7.45356563335646	7.46850526421045	7.86768959144121	0	0	0
ENSSSCG00000046162	0	0	0.638301143633888	-4.56867284517357	-5.52111683278636	-9.56068329816059	0.089867145684201	0.0158599833301734	-0.668323532459315
ENSSSCG00000046251	-0.384356014853857	-0.606423427642084	-0.0346327330446103	0	0	0	-7.38726511398482	-0.976052658037718	-1.01257990324907
ENSSSCG00000046327	-0.964914355379291	-0.36561374912183	-1.19307930327225	-4.83938827667172	-3.17713978698382	-3.54482488849119	2.55285140922515	2.85613212610374	2.29999427446346
ENSSSCG00000046471	1.1264662980099	3.01263050216437	6.42098255545789	1.24655735648153	1.91157784887336	2.75780602249689	0.88581332585502	-0.909136081919048	-0.327097787973609
ENSSSCG00000046518	4.96369317162707	0	0	0	0	0	0	0	2.85704088489152
ENSSSCG00000046603	-1.59788623976415	0.55344834954625	0.566303495928265	-8.09148285348345	-8.08812996520215	-3.61662638274839	-3.73236542520441	-0.864661461983075	-2.42376186341655
ENSSSCG00000046625	0	0	0	0	0	0	7.65307542984497	0	0
ENSSSCG00000046899	0	0	7.27601827633074	0	0	0	0	0	0
ENSSSCG00000046939	0	7.82588008830447	0	0	0	0	0	0	0
ENSSSCG00000047092	0	0	0	0.813006689173563	1.52463719481919	0	-7.8702276673149	-3.41154018563851	-4.79349824112908
ENSSSCG00000047156	0	0	0	0	7.10323655870425	0	0	0	0
ENSSSCG00000047187	0	0	0	0	7.79963496786297	7.18018115574233	0	0	0
ENSSSCG00000047189	0	0	0	-7.31764838442857	-2.5813386259237	-7.17971478919605	1.59149712785665	0.568037303822473	1.51492393199607
ENSSSCG00000047372	0	0	0	0	0	0	0	0	7.6305318300273
ENSSSCG00000047459	0	0	0	11.9347616554536	10.2737804322636	10.0195864165932	0	0	0
ENSSSCG00000047543	0.80029721557065	0	0	7.18630565229351	7.10323655870425	0	0	0	0
ENSSSCG00000047946	0	0	0	0	0.755050235650852	0	0	0	7.6847099441958
ENSSSCG00000047955	0	5.06786471345713	3.273732775863	0	0	0	0	0	0
ENSSSCG00000048033	0	0	0	12.7825947689757	10.4335990495496	11.5991638175294	0.657328253611764	0.63760823114414	0
ENSSSCG00000048042	0	0	0	7.73952572007124	9.32377728815644	7.85451782532352	0	0	0
ENSSSCG00000048076	3.18626337513602	0	3.74505525655245	-3.80555740216435	-3.39713141696622	-2.52331167169761	-5.17270101345719	-1.93085083912436	-2.39140690482643
ENSSSCG00000048151	0	0	0	7.26821739614595	10.7009028159265	9.69131917698818	0	0	0
ENSSSCG00000048195	0	0	0	-3.65072112893773	-8.3766723377285	-4.8353774744662	0	0	0
ENSSSCG00000048301	0	0	0	0	0	0	-4.32613236290178	-3.2728555926411	-4.92757572751575
ENSSSCG00000048443	3.14522247089098	4.09210422101717	4.45351919030218	2.2237841241017	0.784425264036238	2.02903195504997	0.409642448453951	-0.0765970687190452	1.64135594560767
ENSSSCG00000048484	-5.02854090693149	-6.08627699131091	-4.93859361655546	-3.74285228484772	-2.9461569080547	-4.3984543673477	-6.11566814842679	0.782291489858194	-3.55782529488559
ENSSSCG00000048545	-1.34925709790871	-3.35671926350672	1.87141259025508	0.93726604921068	0	0	1.9204137456684	-8.4903944467088	1.24944600178521
ENSSSCG00000048573	0	0	7.10725635526659	0	0	0	0	0	0
ENSSSCG00000048861	0.616424466305744	-2.88884309923934	-2.15176215633217	-1.10680541358704	-1.45698696193128	0.0262920943520361	-0.214200034856784	-2.20903333951493	-4.34833091354651
ENSSSCG00000048877	-1.13540190548031	-1.49355440853718	-0.509878800363586	-7.44810630052293	-2.31038418902013	-0.44935590589543	0.886547292848549	0.512359215138502	0.314224969172769
ENSSSCG00000048959	-9.64062386159414	-9.67621380934414	-9.59769207104579	-8.5348637383289	-8.5315075817982	-8.39640971156394	0	0	0
ENSSSCG00000048993	0	0	0	0	0	0	7.53819538264683	0	7.103249225948
ENSSSCG00000049044	0.645271566588378	-0.0164188606598765	1.12506329130302	8.00143457978512	7.85384291123488	7.2726686920741	1.90415737075691	2.14132774869448	1.97028619780633
ENSSSCG00000049100	-2.10991940091469	0.246316476559774	-0.355190280731598	0	0	0	-3.88446140304535	-7.99248243061081	-7.94541898945807
ENSSSCG00000049234	-0.294312153534672	-0.665135610789089	-0.617483980724876	3.73074118826259	6.09961455969571	5.47401585043221	0.779774541679958	0.831024168033047	0.957504594383938
ENSSSCG00000049364	0	0	0	-4.18016757508807	-3.85942386779727	-3.87184147059279	0	0	0
ENSSSCG00000049462	-1.34925709790871	-1.42128844587695	-7.37746249700837	0.306494483619363	0	0	-0.68911078262029	-1.54770584367332	-2.03019217895572
ENSSSCG00000049557	0	0	0	-4.05305791830913	-2.86003252406851	-4.37277068376861	0	0	0
ENSSSCG00000049579	0.620295759858452	0	0	-2.02857096402634	-7.72707382655596	-4.18602192885639	0.733303244641229	-1.10011796965883	-0.888473943221871
ENSSSCG00000049585	0	0	8.3491132960005	0	0	0	1.04753692060532	1.64584580456153	1.15148226222812
ENSSSCG00000049711	1.21292833630928	2.04415595741666	2.86276222639828	0	0	0	8.30756306469373	0	0
ENSSSCG00000050073	-1.27471063637274	-3.62248161540005	-8.19964613285431	3.28649718963685	4.02797485493723	3.1618663353299	-0.988637328434612	-0.919021207002796	-3.65870543695608
ENSSSCG00000050204	-2.03895237477631	-2.68715288107274	-4.88529987413218	-2.36203949132495	-1.71969015550811	-2.63181566918154	-1.52048271420717	-0.695063076347319	-1.63776558127228
ENSSSCG00000050281	0	0	0	0	6.35955747634395	0	0	0	0
ENSSSCG00000050351	1.83468475806279	6.09284966858306	7.84271860388143	1.73114130295236	1.41905843060265	3.29657880442058	0	0	0
ENSSSCG00000050531	1.28182854089838	-0.606423427642084	0.95839158331735	-3.86017269501783	-2.54783765197766	-4.12298007384984	0	-2.01804831499497	-2.88613632424373
ENSSSCG00000050609	-2.19792325078705	-7.63906072872508	-1.27554876008136	0	0	0	0	0	0
ENSSSCG00000050749	0	0	0	0	0	0	0	7.93205458488374	7.6305318300273
ENSSSCG00000050765	0	0.54834378559309	0	0	7.42306458578438	0	0	0	0
ENSSSCG00000051026	-0.954879341096819	-2.98353600268919	-1.44316343211255	-0.751063291859434	-2.63544915676107	-2.33202014984141	-2.99097881666607	-5.46978532143529	-5.1644470523235
ENSSSCG00000051117	0.52516430346329	-1.89278017108815	-0.525110262597572	7.68091328039548	0	0	0.7236306160282	-0.115512345034647	-0.420440883096695
ENSSSCG00000051187	0	0	0	-8.72702251237206	-3.5892890582073	-8.5885194935774	0	0	0
ENSSSCG00000051213	2.14881622499596	0	3.898206319431	5.74000782565701	0	4.63622121854438	7.27671246355353	0	6.93463520470161
ENSSSCG00000051499	0	0	0	6.13667526804773	6.58785685631737	6.14062316423185	0	0	0
ENSSSCG00000051524	0	4.24123839099877	3.50555004204677	0	0	0	2.20080722933267	1.72485765673059	0.296861391818456
ENSSSCG00000051666	0	0	0	0	8.73994001025913	0	0	0	0
ENSSSCG00000051820	-0.99038889601119	-1.06289639862279	-1.95651564790277	0	0	3.02543689444024	0	7.3500427090215	7.97294107563217
ENSSSCG00000051849	-1.17618427253634	-1.59300016600744	-2.8641179807218	0	6.20032023111148	6.10518532329795	-0.0174453722750804	-0.103628423336997	-0.0954991309789531
ENSSSCG00000051861	0	0	0	-3.28002545693505	-3.27301399078969	-7.87105040247857	0	0	0
ENSSSCG00000051866	0	7.41296051032162	7.62763024640496	0	0	0	0	0	0
ENSSSCG00000051977	0	0	0	0	8.0052222323223	0	0	0	0
ENSSSCG00000052062	-2.63899921549722	0	0	0	1.73168631035638	0	-7.76378668922916	-7.83559465593674	-7.78855287973243
ENSSSCG00000052099	-0.959454322358013	-2.46321566545634	0.306125204504514	-2.53783695361744	-8.64442391054133	-2.89431893961571	0.585585618629902	2.48593934546387	1.29435671468277
ENSSSCG00000052241	0	0	0	-3.1824373762836	-3.57679918218678	-8.17473070931519	0	0	0
ENSSSCG00000052278	1.02770739451717	-0.236133152290141	-0.224908842485257	-4.39264705571489	-3.42619978381971	-2.55237238335434	0.593487491090927	0.25916223653296	0.116506549129034
ENSSSCG00000052323	0	0	0	0	0	0	0	0	7.6847099441958
ENSSSCG00000052385	-0.00982363980891626	-2.70933139680222	-0.612653116547525	0	5.33722791715947	4.55843775647313	0.635971608912954	-0.00604468789522106	-2.00960989087071
ENSSSCG00000052429	0	10.7203671796876	0	0	0	0	0	0	0
ENSSSCG00000052521	0	7.87628688850724	7.96053917205802	1.81300003895838	2.69737751406773	1.20315875824365	1.26845283190935	1.73854919196635	0.831914790098739
ENSSSCG00000052552	3.87066673497576	0	0	0	0	6.02022693704557	0	0	0
ENSSSCG00000052653	3.41293447330768	2.31028477303453	2.3194627999023	0	0	3.20239260810977	4.11018614370746	0.745539176427782	0
ENSSSCG00000052744	2.38218189353726	7.64884566318125	7.23051069380353	0	0	0	4.2723722939499	2.44567977599693	0
ENSSSCG00000052787	0	9.38934501548125	7.91011993411776	0	0	0	0	0	0
ENSSSCG00000052878	0	0	0	-7.24771116728415	-1.53878634417601	-7.10982292358204	0	0	0
ENSSSCG00000052907	-2.30267969566702	-1.46659846943595	-2.38060392011678	-0.820684053248504	-1.6754246211624	-1.63139838910972	-4.43927637414464	-5.13648372338879	-5.04830807934991
ENSSSCG00000052938	4.10127342369867	0	0	0	7.19008205022224	0	1.46271324561154	1.46490156472191	1.41556785379754
ENSSSCG00000052976	-0.428546315668569	-1.07569406456942	0.729065959585323	-3.62181578062368	-4.01617480534184	-4.27744505203428	-0.109993954810349	-0.886381780715541	-0.610034578630766
ENSSSCG00000053040	0	0	7.35353078962065	0	0	0	0	0	0
ENSSSCG00000053050	3.01754005946885	0	0	7.18630565229351	0	0	0	0	0
ENSSSCG00000053065	-1.26133755306971	1.52412145869756	0.291640459882794	-3.1824373762836	-2.19607353360601	-8.17473070931519	-0.669813547708267	-0.49864248615709	-1.29758272991743
ENSSSCG00000053069	0	0	0	0	8.34507652556439	7.59272957284009	0	0	0
ENSSSCG00000053150	0.415050526512229	-1.53180638813048	-0.80065214150548	0	7.3495063779927	0	2.48339758677413	1.81155846494168	0
ENSSSCG00000053158	-0.725945218389736	0.0471930745924172	-2.43116972372589	-1.1255038215044	-4.12232719073619	-2.50792498618327	0.194462386970814	0.599892833548252	0.716858933787476
ENSSSCG00000053162	-1.09539157344064	-0.907454944180074	-7.44121555251569	0	0	0	1.0835618378349	0.697602973020991	0.098104608068653
ENSSSCG00000053187	0	0	0	0	0	0	7.41336992865202	0	6.93463520470161
ENSSSCG00000053238	-7.86540528002677	-7.9008883812666	-3.64390369072719	0	0	0	0	-2.97147802517654	0
ENSSSCG00000053247	0	0	0	0	0	0	7.75947857675875	0	6.84231181698896
ENSSSCG00000053280	2.31292585451164	2.51749333029545	3.96932515028586	3.34765159994977	4.00913581943307	4.45073062873734	-2.5096269350087	-2.39090758611493	-2.98556069338925
ENSSSCG00000053301	0	0	0	0	0	0	7.41336992865202	8.34561450564234	8.41886797969388
ENSSSCG00000053321	1.30105151307418	0	0.909502188620255	-0.706835372783598	-3.33093890357708	-7.37111546047345	0.58201936206144	0.652326584225875	1.52781141542443
ENSSSCG00000053328	-2.47021822147621	-2.54236059463167	-8.49828601834295	-1.60651853708572	-1.59949080332702	-1.2993284821776	-0.280341611621521	0.469498242797743	-0.257575208567337
ENSSSCG00000053430	0.956490245159516	0	0	-7.38435144753361	-0.19092432237352	-1.63139838910972	-5.39852119879705	-8.59200052070134	-8.54487295272584
ENSSSCG00000053444	-2.3620316697591	1.09545351811242	-0.941883950039423	-8.77753117717885	-2.66048232791458	-5.23277585553267	-2.06517671216557	-1.57824817937308	-1.87400199315868
ENSSSCG00000053510	0	0	0	0	0	0	-8.01647222745447	-8.08833221765509	-4.02634277366502
ENSSSCG00000053565	0	3.40986053637199	1.61488081354123	-2.07896276393439	-2.64308891706487	-7.64263065390193	0	0	0
ENSSSCG00000053614	-1.83355442867345	-1.86979283318653	0.626015707913286	-1.00791088877159	-4.38569903313202	-3.52796523502624	-2.07971274333294	-0.83360678740811	-1.82060887028718
ENSSSCG00000053630	0	0	0	-10.7562969724064	-7.5003144560634	-10.6175342954881	0.250013703749219	-0.115186805052842	0.490957734337134
ENSSSCG00000053684	0	0	0	0	0	0	7.12574276844218	0	7.45460337367122
ENSSSCG00000053700	0	7.6631441659141	7.42709022988675	0	0	0	0	0	0
ENSSSCG00000053816	0	0	0	0	0	7.44155665070397	0	0	0
ENSSSCG00000053832	0.921230534388296	-1.81948437851663	-1.15325861887477	-3.91552649868339	-4.44419494459079	-4.01547391296232	-0.734788475908668	1.47997554303064	1.00579245590638
ENSSSCG00000053850	0	0	0	-3.72186263275923	-4.12818567130569	-4.87132211031667	-1.09473888218054	0	0
ENSSSCG00000053859	-0.835229967695619	-7.51939570494269	-2.30290530913645	-0.336893263932914	0	0	-1.78049086895796	-0.131279672816669	-1.1544207064947
ENSSSCG00000053873	-0.315189502129338	-0.964935590106719	-0.225578364325147	-7.56773944419358	-3.38951504664901	-2.12926979629045	1.40731905279245	1.42949537769646	1.65841540675718
ENSSSCG00000053879	0	0	0	-1.3477045856445	-2.52644660057484	-4.96671548242531	0.936848190439143	-1.1251050612718	-1.82547453175168
ENSSSCG00000053929	0	0	0	4.8466032862945	2.07235000490724	2.8095098227206	0.345880117436955	-0.158424474421191	-0.249873772567037
ENSSSCG00000053956	0	0	7.62763024640496	0	0	0	1.76537089351473	0	1.39996145911118
ENSSSCG00000054029	0	5.10556060382743	5.43732199555849	3.37802243724835	3.22512763597069	2.90047257913735	0	0	0
ENSSSCG00000054096	0	7.02328612436064	9.3468994664716	0	0	0	0	0	0
ENSSSCG00000054103	-2.2726868390824	-6.99926989517971	-2.74257861324427	0	0	0	0	0	7.6305318300273
ENSSSCG00000054117	-2.46290119618593	-6.09972690029096	-4.98176840418476	0	0	0	-2.4800510584387	-0.197189956849322	-0.210154006212336
ENSSSCG00000054127	1.08288526532491	-0.591894484592842	-1.03371632470678	-4.55533685153582	-3.79759152331996	-4.07444024375591	2.21261236675557	0.979487890348712	0.23755150376415
ENSSSCG00000054181	0	4.02874213644396	4.59006499542344	1.03094018093785	0	0	-1.26754603853022	-1.08477247049875	-1.3145545671981
ENSSSCG00000054186	0.681660589697343	0.645720319989562	0.205852275664593	-0.678925953981723	-0.671761004123306	-0.853280308827535	-5.78921295089093	-6.56499092783737	-5.91852932338232
ENSSSCG00000054318	0	0	0	0	8.26732047364423	0	0	0	0
ENSSSCG00000054371	-0.185876685906184	0.303081688127024	-0.0958951372562414	0	3.0265407546563	4.11618630860614	1.51857272619704	0	0.831914790098739
ENSSSCG00000054399	0	0	0	0	0	0	0	4.06969107759762	4.66848797315307
ENSSSCG00000054443	2.9967816339797	1.49694225104649	3.10623353665948	-3.00018616640411	-8.12751503649474	0.444859825320434	0.618896375212943	-0.623203290887442	-1.0310173674798
ENSSSCG00000054576	-4.82166799225361	-6.4214094407151	-4.98972500615273	-5.56314279232882	-10.2890865745806	-10.1537184030026	-3.93419762232423	-3.80856297636312	-4.4244188541717
ENSSSCG00000054611	-4.43690013325728	-4.50746163909741	-8.52795193787244	0	0	0	-7.5239850070897	-1.8789428504432	-2.00960989087071
ENSSSCG00000054654	0	2.79317046749508	4.6811702416868	0	0	0	0	0	0
ENSSSCG00000054680	-1.00398650877306	-0.500498141820585	0	0	0	0	-2.12461795907154	-3.91143250383532	-9.10656059889417
ENSSSCG00000054682	0	0	0	0	7.19008205022224	0	0	0	0
ENSSSCG00000054768	-0.615485239660484	0.486196481714113	-2.25437597587962	-6.5284224703459	-7.51289516555285	-7.52690037300665	-1.13170022270955	-0.965788856726262	0.524341417555407
ENSSSCG00000054840	0	0	0	7.09946177851968	7.42306458578438	0	-4.15474234228419	-1.77988912869054	-3.24612859559195
ENSSSCG00000054868	0	0	0	0	8.76844299716622	9.2429712706242	0	0	0
ENSSSCG00000054929	0.55099045215578	0.478417668020753	-0.416457400142711	2.2755395500688	4.41891576253812	4.83247992237702	1.35852774539986	-0.260121212945636	0.571026652515297
ENSSSCG00000054930	0	4.37646122550715	4.45487946465963	-0.924030200189942	-2.25554364945686	-4.35126151251635	1.54174096225863	-0.902483576117605	-0.594768730705181
ENSSSCG00000055030	0.0967378180116623	-0.0728884759124884	0.186919169611375	4.44099547289042	2.83855794199235	2.88233857514218	0.472107121758264	0.820921462103519	1.21649906147901
ENSSSCG00000055047	0	0	0	0	7.10323655870425	0	0	0	0
ENSSSCG00000055056	0	0	0.471002026313574	-3.92019762281899	-8.08812996520215	-2.33819195599425	0	0	0
ENSSSCG00000055216	0	0	7.42709022988675	0	0	0	1.02929502856046	0.265509961502094	-0.637428124216666
ENSSSCG00000055265	-1.54698401526058	-7.24541576785203	-3.91108357755048	0	0	0	0	1.63214243389117	1.5142318730311
ENSSSCG00000055313	0	0	0	-7.62403047069185	-7.6206823091185	-3.14937838605043	-2.10023862032389	0.443953539197789	0.443693610322595
ENSSSCG00000055351	0	0	0	-3.87970675232152	-2.9132632814584	-7.9126944978898	0	0	0
ENSSSCG00000055388	-3.45662425011915	-4.24234234848215	-3.36739352113995	-4.63085227822951	-2.36733323895822	-4.32707326202592	-0.235492609680881	0.523415712043396	0.162392342667747
ENSSSCG00000055461	0	6.93091590340339	8.65492718596231	0	0	0	2.10379943110819	0	0
ENSSSCG00000055587	0	0	0	0	0	0	7.85857032051503	6.8939233459789	7.18069938969166
ENSSSCG00000055590	0	0	0	0	0	0	-8.96647108100912	-3.13245852302591	-3.45218067802849
ENSSSCG00000055674	0	1.00903513387154	0	9.79097222121475	0	9.43531869043477	1.12499563101914	0.652326584225875	1.07797897508879
ENSSSCG00000055678	-1.04259312262302	-2.24957878849722	-1.08966238082882	0.401955915326741	0.368871452263928	1.29558352478346	-4.21956608105773	-3.7123297200623	-3.44286220877378
ENSSSCG00000055762	-5.42026001670789	-3.92427418853862	-4.24380108196244	-3.12178691235454	-3.30579661309251	-3.00116798385998	-4.16012433990098	-5.97893503462855	-5.94501507068314
ENSSSCG00000055784	0	0	0	0	7.3495063779927	0	0	0	0
ENSSSCG00000055799	-5.18217878170328	-12.0322709750322	-17.9879850769219	-2.25024925905319	-3.45444487869653	-5.40215843000424	-2.99024993351711	-3.85090355046776	-3.76073678086297
ENSSSCG00000055921	0	0	0	-5.67002575627449	-2.80219237234863	-4.44415224274149	0	0	0
ENSSSCG00000055934	0.43869677013839	-0.332199244511355	-0.582829724309262	2.46989792718592	4.02431590994641	3.17337589881167	1.31053390769352	1.60011457827227	1.23457206963129
ENSSSCG00000055955	0.275414889744806	2.4824329364749	1.13157440615561	0	8.76844299716622	0	0	0	0
ENSSSCG00000055982	0.931875449448232	1.47061146774196	-2.9886254588931	0	7.10323655870425	0	1.57701850816329	-0.374705257072487	0.0522898520245746
ENSSSCG00000055991	-0.0986254554479979	0.358695392145741	-4.26729643592107	0.43515485411092	0.036171110808658	-2.48874294598217	-0.249598486004896	-0.53847054594062	-4.83401825379945
ENSSSCG00000056047	0	0	0	-2.23701750890836	-2.22991512693547	-1.92659324323454	-3.67128895652011	-7.77926373579298	-7.73223033135518
ENSSSCG00000056056	-0.0154240479331029	-5.1336835873524	-2.78402688329225	0	0	0	-2.23407394813363	-1.88899029181077	-2.59849222780034
ENSSSCG00000056093	0	0	0	-4.72816487045789	-3.17281120491752	-2.58249655152946	0	0	0
ENSSSCG00000056112	0	0	7.35353078962065	0	0	0	0	0	0
ENSSSCG00000056178	-2.27503000146711	-7.53377360221889	-7.3730360067312	0	0	0	0.255177109533701	3.6582464709413	2.5800127857564
ENSSSCG00000056251	0	0	0	-8.87353437586859	-8.87017631871918	-2.86190010933957	0	0	0
ENSSSCG00000056318	0	0	0	0	7.42306458578438	0	1.6812727289219	1.94717919946576	1.28812641913236
ENSSSCG00000056332	-4.13386069008615	2.38514185445843	-2.87088811392424	-2.82980931146026	-0.938373068744123	-3.72635378796872	-3.60610089591376	-0.326472473992834	-3.65352290224025
ENSSSCG00000056352	0	0	0	0	0	0	-2.79573655093018	-7.4589765171178	-7.41199745660826
ENSSSCG00000056379	-0.651966856358999	-1.71410383791482	-2.83881024804235	-1.53551223425797	2.93953374223379	2.79311041946946	-5.08332773236517	-2.10657260492221	-2.24548486644894
ENSSSCG00000056400	0	6.4915690552304	4.90483241805615	2.45602097404822	6.08757748989356	4.95942163827253	0	0.93437176262448	1.82385570019947
ENSSSCG00000056489	0	3.46734536931644	0	0	0	0	-2.58795277399107	-3.69061247427497	-8.17403987005106
ENSSSCG00000056587	-8.20513916873809	-1.40842939361879	-1.0550442036305	0	0	0	0.0807279973260965	-0.0539898897700095	-0.637428124216666
ENSSSCG00000056685	-0.993955038132219	-1.03718643495826	-1.55926415110432	4.61751372074302	2.61933334696499	6.09683272202336	-0.0163744663551835	0.504970631089593	-0.890377809187037
ENSSSCG00000056766	-2.89742180497938	0.133428125008722	-0.166472934002155	-5.41927143052022	0.288406012360355	-3.1699300693036	-3.18188615243513	-0.238397397947201	-2.42595896716739
ENSSSCG00000056769	0	7.71945391149121	8.68522626711969	0	0	4.14478680159923	0	0	0
ENSSSCG00000056807	2.92515118638536	3.69752478799529	4.34682779553275	0	0	0	1.09246680478759	0.656044772561533	1.00580777012669
ENSSSCG00000056843	0	0	2.55033341476724	-7.24771116728415	-1.79630223281156	-2.77327914172385	0.880855388650038	0	0
ENSSSCG00000056910	0	-3.62750245352038	0	0	0	0	-5.01404946008396	-3.93883693569189	-3.78410770378881
ENSSSCG00000056949	0	0	0	7.18630565229351	0	0	-7.31371801896957	-2.45554251444375	-2.76862427519907
ENSSSCG00000057055	-1.06162107415848	-0.335716831400079	0.0173736850322058	-2.00789429194205	-0.0421745747520539	-0.726621169247131	3.89752861889904	4.78407915439185	4.12061483053811
ENSSSCG00000057082	-6.45647668477948	0.742086776574614	-0.041527042976721	-8.44396950898559	0.179325225475526	-2.21357125704063	-6.46019824716242	-0.292924855891505	-1.26954716227881
ENSSSCG00000057125	0	0	1.36339715780727	0	0	7.2726686920741	0	0	0
ENSSSCG00000057140	0	0	0	0	8.55597550472108	0	0	0	0
ENSSSCG00000057157	-0.897961212901754	-7.99362046815497	-2.77700672476669	0	0	0	-7.38726511398482	-0.565053171138902	-3.39708357620691
ENSSSCG00000057215	-0.253656612127526	-0.779402784678035	-3.62946618552768	-0.798787219747643	-0.720472358401341	0.163822619975694	-3.5285323287379	-8.59200052070134	-3.57528422650016
ENSSSCG00000057223	0	0	0	0	0	0	-2.12461795907154	-2.67080445113947	-9.10656059889417
ENSSSCG00000057225	7.06016675756189	0	7.10725635526659	1.73861151205993	0.944334354992109	2.35499727921484	-0.109870566603066	0	0
ENSSSCG00000057335	0	7.82588008830447	0	0	0	0	0	3.00440278974513	0
ENSSSCG00000057453	0	0	0	0	0	0	10.4059456740482	8.13481049470605	9.76993673075241
ENSSSCG00000057496	1.69444373627188	3.30905345460537	2.8977075198065	1.47505752734758	5.66734824873506	5.40303292406848	-0.0325189707312247	-0.936419552736011	-1.70265207058709
ENSSSCG00000057502	0	1.57923113995322	0	-1.9563273711417	-0.601260880150899	-1.64641034048404	5.64911324200226	0	0
ENSSSCG00000057515	0	9.97936685239822	10.9048623003034	0	0	0	0	2.36392573542102	1.62011186987374
ENSSSCG00000057615	0	0	0	0	0	0	8.97069658669864	0	0
ENSSSCG00000057650	1.7675101578449	-0.840505810375355	-1.92753969266107	0	7.49305355393176	8.02375005396059	1.68404160694153	1.88839426298859	1.69668417287628
ENSSSCG00000057651	0.279931626248423	2.28613642170273	2.9871734090382	4.48525804113288	3.04521614927174	3.1946691230773	1.45998953480997	2.05925854985218	2.28382188963591
ENSSSCG00000057664	-0.782103044799146	-5.87916120734678	-4.18997084111864	0	0	0	4.3177671819784	7.04907878720257	6.81077555326603
ENSSSCG00000057672	0	4.06299386577997	5.73710463553823	0	0	0	-1.68762165925481	-3.38204310662169	-3.60761985981061
ENSSSCG00000057692	-2.40359123731193	-1.90063177485702	-1.07381589748669	-1.62047940497608	-3.55219691103629	-7.59226240084656	-4.25532339607193	-6.12822694247567	-4.66637630008486
ENSSSCG00000057847	5.67980997392539	0	0	4.75432478424286	0	0	0	0	0
ENSSSCG00000057867	0	0	0	-2.59974111127431	-7.72707382655596	-7.59226240084656	0	0	0
ENSSSCG00000057883	-2.11777987241156	3.56843849458243	4.65092578170985	0	0	0	1.45188394552207	0	1.81701308840076
ENSSSCG00000057901	0	0	0	3.5472368657991	5.56470927341763	5.69002653054616	0	0	0
ENSSSCG00000057912	0	0	0	0	4.41322668596781	0	0	0	0
ENSSSCG00000057970	-0.0664197254780259	-0.243693443115776	-0.489951972630076	3.78888310291657	4.19994640964751	4.80075962486802	1.02091450902039	2.09272708184726	3.43700210223538
ENSSSCG00000057979	4.19720600004115	0	3.72292834323825	9.51713807455537	0	9.14849581250113	2.9361262754632	0	3.65463077454595
ENSSSCG00000058011	-1.61980876908683	-2.38410215501774	-8.34005211133046	0	0	0	0	0	0
ENSSSCG00000058017	-0.218505862521717	4.59270196473344	4.6263727920308	0.320398930013221	1.17930975006307	0.789689432829062	-0.995902969796235	0.195526607801941	-0.663997264238581
ENSSSCG00000058051	0	0	0	-3.15248303067778	-2.46454567792796	-3.31044304258206	-5.15334793982474	-5.8404910221832	-6.66822375433474
ENSSSCG00000058062	1.40450281157304	0	0.982970143582332	-0.340655935443094	-1.54791041042693	-8.10459099478145	1.34057071607025	0.352156407742326	-1.10662144936476
ENSSSCG00000058078	0	0	1.16628791924875	4.95706221091464	3.04156988852267	3.46217641526538	0.873097512559956	1.31825414441341	0
ENSSSCG00000058105	0	0	7.35353078962065	0	0	0	0	0	0
ENSSSCG00000058139	0	0	0	0	0	0	7.27671246355353	6.8939233459789	7.83601166002517
ENSSSCG00000058216	-0.710279043625708	-1.15799821588025	-1.89810178975305	2.64449480381059	2.97342298696235	4.392629137359	-0.860869032753524	0.72493906124128	1.71646518028194
ENSSSCG00000058240	0	0	7.49708031378069	0	0	0	0	0	0
ENSSSCG00000058261	-3.22380389120928	-4.59177964326103	-9.56943989757125	-2.18925381047648	-3.02266418124493	-4.42132637640856	-3.81598968319632	-3.2473715888324	-5.29306848831429
ENSSSCG00000058262	0	0	0	-8.09148285348345	-3.91325304968248	-3.61662638274839	0	0	0
ENSSSCG00000058302	4.50703923985992	1.31542054506584	3.1033489323793	0.751157104282219	2.84795482344483	3.24288769638283	3.93822755336856	0.986516381832433	3.75122103901327
ENSSSCG00000058318	0	0	0	0	0	0	-9.95296764894972	-10.0250283935143	-9.97782245120301
ENSSSCG00000058362	-0.89724620351162	-7.80178380691835	0.332855390818751	0	0	0	0.611820105580675	-0.521157800569957	0.75908657437264
ENSSSCG00000058421	0	0	0	0	0	0	7.5967785740339	0	7.103249225948
ENSSSCG00000058464	0	0	0	0	0	0	0	7.589689731498	6.93463520470161
ENSSSCG00000058484	-4.27165736714455	-5.30057410248736	-3.03567996325736	0	0	0	-2.31400719848043	-1.89498942389909	-3.53496729247122
ENSSSCG00000058517	0.0958035059390768	2.59407237761263	2.27660279307909	-5.75731329319584	-2.88947950069933	-3.56757516359108	0	-2.97147802517654	0
ENSSSCG00000058610	-0.232407340367634	1.721766510227	3.43139945308083	4.20878126520761	1.72117333545113	1.62321445329862	1.13626240759434	-1.66052949637677	-0.84658640237934
ENSSSCG00000058706	-3.15024892177006	1.39412727531546	-3.06133588947507	0	6.67291997446468	4.78023553631792	0	0	0
ENSSSCG00000058730	0.721700699504807	-0.623398203520929	-7.37746249700837	-1.92217823242301	-0.814586669634851	-1.87094395929629	-0.330444292363498	0.984141349134825	0.202199021302925
ENSSSCG00000058769	-8.31440591557095	-0.332199244511355	-8.27155652240031	-7.1742101224096	-0.889568655877334	-2.69982818751473	-8.06210179566038	0.959866909002864	-3.51707080852184
ENSSSCG00000058788	-0.152592959734538	-1.40884189325489	-1.72436850200506	-2.79619738396646	-3.10535109817351	-4.81432908230732	-3.18266602798049	-3.57920281725497	-4.14059084094429
ENSSSCG00000058827	-1.47408588167774	0.793591102983354	4.66626033663433	1.66247356765602	3.79617515080443	2.43277752191665	7.2429309011542	2.71836504163164	3.60997948088847
ENSSSCG00000058863	-2.85379202053252	-7.58046857034207	-7.50227016873207	0	0	0	-3.06804989310863	0.250951324755167	-0.708080099075995
ENSSSCG00000058887	0	0	0	-1.24866479051421	1.6761298927986	0.262504191653109	8.40913217687288	6.8939233459789	0
ENSSSCG00000058897	-0.459925125720061	-0.322093946148566	-7.7235253836612	0.8286669604419	-0.808150086357397	0	0.855362957160147	0.782442466684651	-0.978303498938889
ENSSSCG00000058944	0	12.9101855737187	11.9300145106675	0	0	0	9.11797417753073	0	0
ENSSSCG00000058946	0	0	0	8.9247647232453	7.42306458578438	0	0	0	0
ENSSSCG00000058969	0	0	0	0	0	0	-2.71843565830646	-4.88832691252406	-3.49776274368116
ENSSSCG00000058988	0	2.94716276575922	5.07442347628373	-0.23951425791717	0.292363801692888	0.89286484185042	0	0	0
ENSSSCG00000059078	-2.23982363772788	-4.56503196519033	-4.40681192200013	0	0	0	0	0	0
ENSSSCG00000059081	0	0	8.05638077447995	2.59275807204959	2.31198915018346	2.76364864195681	3.13582999269308	2.77165201458798	3.22648357261512
ENSSSCG00000059088	-3.00234783695405	0.522511193509969	-1.9470996318253	-4.61543783328007	-0.601444100491915	-3.90573064607553	-3.15697386596079	-0.0786202821093667	-2.81854694895104
ENSSSCG00000059145	0	0	0	-1.909226266672	-7.82615548467598	-0.609943720321782	0	0	0
ENSSSCG00000059248	0	0	0	1.72466342876405	3.62830571309773	4.52389817191028	0	0	0
ENSSSCG00000059290	1.30105151307418	0	2.86052781027585	0	0	2.26573775191401	7.20320147885599	0	8.21306548548966
ENSSSCG00000059291	7.86288108023788	7.02328612436064	0	0	0	0	0	0	0
ENSSSCG00000059381	-1.95846111149895	4.44620686803719	-0.197934622909706	-1.2622786355627	-1.25525941205085	-0.955456342154173	-0.294098730602573	5.2370777714686	-0.628981105407182
ENSSSCG00000059385	-8.5108640946529	-8.54640164438617	-4.28929502030666	0	0	0	0	0	0
ENSSSCG00000059394	-1.4604877588851	0.824974082704804	0.504638736548988	-4.70425248349721	-2.87785860132112	-4.87079930249714	0.150079110258232	1.17670708143029	0.42186801076134
ENSSSCG00000059433	1.39976416267467	6.06432674902017	7.25225178130466	0	0	0	2.1856758087683	1.82842458480878	2.78960163383433
ENSSSCG00000059456	-0.808333394450137	-1.10776139197059	-3.28563147348232	-3.70532178721006	-7.87325611338493	-1.86528207308973	-1.15847457426954	-1.35011743914451	-1.15408656406142
ENSSSCG00000059476	0	0	0	4.52221604545389	4.43092944667692	4.29370442167871	0	0	0
ENSSSCG00000059564	0	0	0	-2.65013291118237	-2.64308891706487	-7.64263065390193	0	0	0
ENSSSCG00000059569	0	7.11009643026872	7.10725635526659	0	0	0	0	0	0
ENSSSCG00000059591	0.389310433574476	-0.837902933580996	-0.180979248910541	1.40577473369342	0	0.932857285122757	-2.06903063823938	-3.7570541706018	-5.5382799083728
ENSSSCG00000059646	-1.4271741121582	-3.59257461418826	-4.96200298344999	-6.83583448233922	-0.90847932481477	-0.825164825740371	-1.66450504778569	1.80203970715984	0.500031136672785
ENSSSCG00000059713	0	0	0	0.43075384365648	0	0	-7.0057981552869	-9.01283321073647	-9.88053525828558
ENSSSCG00000059716	3.74144858534751	5.28335232345343	4.26391678892727	0	9.18265317418693	8.75849653698972	1.54540310822481	1.5769120656077	3.13865984120851
ENSSSCG00000059746	0.40414452306601	-0.52903637437133	-0.70747708109033	4.13919525010664	0.517563518486099	0.962734515525952	0.762237841114939	0.137371544014826	0.343219292963094
ENSSSCG00000059815	-0.551858274588678	-2.47445431183131	-4.28092145918955	1.50953786256165	0.220659728317974	-0.63358608576607	-3.06781984956793	-3.20358517826007	-2.14498184310578
ENSSSCG00000059919	-2.26124147217883	-7.38889987348247	-2.17245115811918	0	0	0	1.00563680429065	1.01810182058471	1.30239801050589
ENSSSCG00000060025	-3.83412057468283	-5.05201754243695	-5.85094805671108	-4.49373418258934	-2.64646309370024	-3.22275606480719	-2.47190147862533	-2.63785538078179	-2.12963480444304
ENSSSCG00000060033	2.23071276131325	0	4.39034399004315	3.20933971236653	0	0	5.19911314961986	0	4.18911243052674
ENSSSCG00000060202	-5.320565493199	-4.41407901165586	-6.19114841312822	0	0	0	-7.15431981171201	2.47769365613864	1.76905872198618
ENSSSCG00000060272	-0.547238275500697	4.50325164894515	2.00036169343589	-1.04393843326588	0.508336058430703	-0.937434608501271	1.82739146922625	0.476956121765062	-0.464410955705625
ENSSSCG00000060319	-1.85840389304914	-3.36225642060439	-4.1613498785205	1.07927192231421	3.41309144526782	4.17469092182599	-0.608383626550287	1.78786012753151	1.67761977522096
ENSSSCG00000060429	0.679050290458505	-1.95385303648754	-2.36395992535283	0	0	0	-5.36143908589508	-2.49162264324352	-2.5232190775318
ENSSSCG00000060434	0.150092396158488	-1.88707178939529	-1.53361118509808	-2.66454925167476	-1.69812257064727	-2.3617190837485	-7.5239850070897	-1.11281056031313	-2.57914194644993
ENSSSCG00000060450	0	0	7.10725635526659	0	0	0	0	0	0
ENSSSCG00000060452	0	6.93091590340339	7.96053917205802	0	0	0	0	0	0
ENSSSCG00000060492	0	4.26242111137448	4.79814836032298	-5.13956443544448	-4.1731135657631	-9.17223219752865	-3.2000395109165	-2.37801929504153	-1.72181451031869
ENSSSCG00000060539	0	7.47968986076979	0	0	0	0	0	3.20845740942302	0
ENSSSCG00000060567	0	0	7.68872679809105	0	0	0	0	0	0
ENSSSCG00000060584	4.76479992536274	4.43185082850773	4.00697019919256	0	0	8.22234339276286	-0.794898337337668	0.142328064095234	-1.20174506530913
ENSSSCG00000060679	0	0	4.71405202412153	0.899789523375624	0	0	1.38137216766697	-1.86880580858314	-7.8950019304973
ENSSSCG00000060830	0	0	0	-4.37481428707369	-7.6206823091185	-7.48592216790863	0	0	0.962227964928957
ENSSSCG00000060833	-2.78526865122354	-2.63900700848106	-2.12014579629763	-3.14841558066321	-4.89045934587051	-3.62972896502948	0	1.06060460833296	0.704753917410302
ENSSSCG00000060874	0	0	0	6.59727942234306	6.23639443586866	7.03275201827932	0	0	0
ENSSSCG00000060928	0	0	0	0	0	0	5.4833737230215	0	5.43854060987962
ENSSSCG00000060939	-2.19129316581202	-3.22003738581981	-7.24082634741084	-3.1824373762836	-3.17538865515595	-2.87433998237932	-1.09473888218054	-0.82146343662894	-1.71107952679319
ENSSSCG00000060999	0.0136523469504952	-1.0026666683717	-1.90119530864474	-7.44810630052293	-7.44476035385212	-1.21812398944058	0.0801060040361204	0.150209670262014	0.486215950026718
ENSSSCG00000061081	-3.5926946198192	-2.21702455492423	-2.6669029295928	-4.85275342493481	-4.75816931156021	-4.94584727319014	-0.452120231369659	2.14714975452205	0.0835940710613233
ENSSSCG00000061091	0	0	4.82050593342438	-1.9112408644765	-0.466330255368954	-0.743741329381389	0.470705571431759	-0.541937082016494	-0.249873772567037
ENSSSCG00000061098	-0.12479024442183	-0.609805495751793	1.52534970360225	3.99265004797647	5.02058396894956	4.81409987552072	0.917474333685403	0.246503421575652	-0.2245887486488
ENSSSCG00000061153	0	0	0	7.41928429960639	0	0	0	0	0
ENSSSCG00000061213	0.645068347934502	1.01807972523312	1.08115516821536	-3.55348824746224	-4.37710701208553	-4.20249855544924	0.564026060264212	0.336165151958785	0.103663728933106
ENSSSCG00000061219	0	0	0	0	0	0	-8.55239460051735	-0.928269037940352	-2.63082786111079
ENSSSCG00000061229	0	0	0	0	0	2.44358776119081	-1.67492492034968	-7.30788421579548	-1.50386127134383
ENSSSCG00000061313	0	0	7.80366602481491	0	0	0	0	0	0
ENSSSCG00000061335	0	0	0	0	0	0	0	0	8.99171923558021
ENSSSCG00000061436	-1.2492947546465	-0.667183843242081	-0.894285168598535	-1.34798925782412	4.37726771615848	4.35800773742542	0.245139867642778	-0.412175857131925	-0.656934216085937
ENSSSCG00000061444	-4.60313605027266	-3.14599558443558	-2.57649326904165	0	0	0	-1.20323103552929	-8.041203186411	-1.5947159294202
ENSSSCG00000061487	0	0	0	0	7.10323655870425	0	0	0	0
ENSSSCG00000061502	0	0	0	-7.96643273374093	-1.53163438666785	-7.82816840892172	0	4.34897896665837	3.57256365010556
ENSSSCG00000061550	0	0	0	7.34572725230563	7.3495063779927	0	0	0	0
ENSSSCG00000061590	0	0	0	0	7.19008205022224	0	0	0	0
ENSSSCG00000061605	-0.696424959363916	-4.28796652564559	-5.86379291434599	0.255690714722085	0.246567865483244	-0.0237363850275215	0.845549215522769	0.952377839208154	0.573114642255013
ENSSSCG00000061606	-1.06162107415848	-0.816088103502423	-2.91118043742442	0	0	0	-1.60794977262434	-1.10011796965883	-7.41199745660826
ENSSSCG00000061608	-1.54232500072523	-1.018995026815	-2.42913861242264	-4.27498598720153	-3.29408537206387	-5.26929348267507	-4.3611986312334	-3.57851792339693	-4.17939628282174
ENSSSCG00000061630	0	0	0	0	0	0	-2.49789450122255	-9.43469229714045	-2.45287445814786
ENSSSCG00000061653	0	0	0	0	8.71086252729072	0	0	0	0
ENSSSCG00000061721	0	0	0	0	7.19008205022224	0	0	0	0
ENSSSCG00000061793	0	7.3374377294663	3.95825367159027	0	0	0	0	2.49398982138469	0
ENSSSCG00000061814	0.907423874323924	4.11342602997039	4.03842417464466	3.25394922549843	2.3970840103279	2.73191912014656	0.530890134328941	1.0199961214691	1.83996729057738
ENSSSCG00000062030	0	0	8.00925569966031	0	0	0	0	0	0
ENSSSCG00000062035	0	1.9796517548731	3.63224609104221	4.09766514719818	5.08983012727277	4.91768133985141	0	3.77750836091513	4.27300215408763
ENSSSCG00000062065	0	0	0	0	0	0	-4.66783366052899	-2.86997273984027	-3.75924517728059
ENSSSCG00000062107	0	0	0	0	8.0523468013728	7.59272957284009	0	0	0
ENSSSCG00000062159	0	0	0	-7.31764838442857	-7.31430426372486	-2.84317100733785	0	0	0
ENSSSCG00000062194	-1.88198754897304	-1.54613426526907	-7.50227016873207	0	0	0	0	0.130006794336737	0
ENSSSCG00000062201	0	0	0	-3.14807608124144	-4.41419326054483	-4.11741351296449	0	0	0
ENSSSCG00000062233	-0.351882610836947	1.64090932031252	0.804870688979171	-3.00018616640411	-1.32141939701109	-7.99254118351405	-2.86571545871208	-2.99845685137852	-2.51239461506936
ENSSSCG00000062270	0	0	0	0	7.10323655870425	7.59272957284009	0	0	0
ENSSSCG00000062298	0	3.84335376786786	4.03542755539184	0	0	0	-0.907707302404451	-2.01804831499497	-0.954669479719571
ENSSSCG00000062406	-0.776662653617767	0.0924414626109234	0.0207598902761417	-3.83804656243514	-8.00597962859086	-2.57065967554271	-0.11085852605613	-1.16339032957589	-2.30984377360264
ENSSSCG00000062630	-8.31440591557095	-1.6236464455063	-8.27155652240031	0	0	0	-8.06210179566038	1.80452423281081	-4.07197530777555
ENSSSCG00000062648	0	0	0	0	0	0	7.95129117424903	0	7.45460337367122
ENSSSCG00000062735	0.505924990558534	0	0.815671026262019	0	0	0	0	0	7.57423948849719
ENSSSCG00000062740	1.08301012179151	5.24162474337375	4.02697324429863	-1.48380372547399	-1.79044059224952	-3.38426322317424	-0.42295972186878	-2.58439081265993	-3.8734575812885
ENSSSCG00000062812	0	0	0	-2.34913974471713	-8.04763944629038	-7.9126944978898	0	0	0
ENSSSCG00000062818	0.974499228962581	0.129914949005072	0.802625399851427	-2.47786825230433	-0.234170262158645	-7.78397266194153	-0.110096990320127	0.862222660820184	0.573534423812116
ENSSSCG00000062991	2.22255519520141	-3.70805400759275	-3.32533219089669	4.32615504446309	2.19867621926545	3.63833481295649	0.806580871995854	-0.646659547492616	-1.89620777688139
ENSSSCG00000063006	0	0	8.00925569966031	4.90570246588166	0	4.20634711208599	7.70725772551593	0	7.103249225948
ENSSSCG00000063035	0	0	0	7.00705354972009	7.90608758624596	8.22234339276286	0	0	0
ENSSSCG00000063044	4.37771924653326	3.44602751625478	4.67673354003535	0	0	0	4.55636908293746	3.12998172632594	5.50314634506909
ENSSSCG00000063066	0.122265248315288	2.97556847550084	3.05653770098882	-4.15202563130094	-4.83719600047417	-4.88965377484504	-1.01783765575704	-1.40935842886771	-1.91108083882221
ENSSSCG00000063069	0	0	7.42709022988675	0	0	0	0	0	0
ENSSSCG00000063099	0	0	0	0	0	0	-8.1063323272788	-5.11291380635277	-8.13112250659484
ENSSSCG00000063104	0	7.47968986076979	0	0	0	0	0	0	0
ENSSSCG00000063148	0	2.4469802399604	4.48212971195411	0	1.91744808741795	3.33599468766238	0	0	0
ENSSSCG00000063351	0	0	0	0	0	0	7.85857032051503	0	0
ENSSSCG00000063556	-2.24779919510743	-4.44426207853657	-2.19060430254437	-1.95654294956495	-2.88130810831374	-0.711554523098157	-3.37333625765415	-2.83429161087591	-3.10067357113116
ENSSSCG00000063577	0	0	0	3.33694272049698	4.33944795460131	0	0	0	0
