-1.21693538872289	-5.59555699951648	-3.71649562860793	-5.97750263780382	-7.05656565681236	-4.32562296808662	0	0	0	0	0	0.503660157661816	-2.26438572455204	-1.04154631808417	-2.65787346325334	-10.0173265066738	0.772318341918487	0.28704211782833
-0.48588702423902	-0.237924583475681	-1.16847250216612	2.4076666346823	0.207728775318503	-0.626491675516496	-3.27682106985847	-1.73917860241875	-2.41258857371816	-7.34481824240137	0.707510720584442	-3.51636343833605	-5.2761090068918	-6.25537937660685	-7.88243398547678	-8.07984487655628	-6.08044326639709	-1.81564743586938
0	0	0	0	0	0	0	0	0	0	0	0	-6.28491569521135	-3.17639360660753	-5.76219278610994	-6.27248009850474	-5.87481920460267	0.917380558418989
-0.609012566762549	-2.40294252265394	-2.92144237859597	-4.02491076321817	-3.38385254513495	-1.67588246499913	-2.17370229979785	-1.26428772817726	-1.28586218423583	0.0983519832138825	7.40141060978735	8.18922940640845	-0.346385587733376	-0.431982875747101	-0.0249173772350168	0.599631891821078	-0.188214047453943	0.00997239041161331
-0.0232532575103474	-0.743547374285422	-1.7871744266393	0.0311515927716097	-0.580056214482321	-0.0649774560273869	-8.52477019915511	-6.76319698878544	-6.82879552510588	-6.20514816776049	-1.37086160519233	-1.64507913114179	-2.80596201034802	-2.05158575345318	-2.27067062088542	-1.05079395714185	-0.630138873035593	-0.553095193846331
0	0	0	0	0	0	5.03394261822329	6.94364766229791	6.93846702637724	5.89293936114188	0	2.28299464952771	0	0	0	0	0	0
-0.606692953066449	1.36937668529552	1.69200769355008	2.05145696126494	-1.1607851248649	-1.40276771827645	-1.31850371156579	-0.431952547412317	-0.62101328715112	-0.703470630121145	-0.323106611850407	0.555558654074053	0.140913548999953	-1.69238084182814	-2.08915372717824	-5.55921532407895	-3.24322309418741	0.497367149026932
-1.52877203066962	-1.95500403697199	-2.21554466193264	-3.78823990091268	-1.48150184966872	-0.552264333056034	-3.03992819907743	-3.6801481844577	-4.04253385437414	-6.23982075490026	-2.69048429299953	-0.799831475985124	-2.85110590771477	-0.470359677798813	-1.14304753175894	-1.06748686783924	-0.160708610228485	0.0929448282358213
0	0	0	0	0	0	-0.86617627562743	-1.22845797038483	-2.4661695753511	-3.75605315819632	0.14394375747704	-9.80770343664312	-1.67492492034968	-7.30788421579548	-3.24602141172225	-4.10279220164178	0.310622648725004	-1.58792453597055
-1.29773190341582	-8.20230869812314	-2.98565226673258	-8.11089064176883	-3.47953401101565	-8.26659169415781	0	0	0	0	0	0	-7.02119101581215	-3.2416243787895	-2.90652011685567	-11.0508297015264	-3.56521181075389	0.266861025631989
0	0	0	0	0	0	-4.41686255137604	-3.62016449352177	-4.10850172774625	-5.15240342694152	-3.9126680780092	-1.3092603389771	-5.98935550343768	-6.90582265163006	-6.57964010913359	-4.73848668121245	-13.2785741752972	-1.51099644695265
0	0	0	0	0	0	0	-1.25525941205085	0	0	0	-0.934686036272975	0	0.913203963280947	6.83288155978054	0.220234895914427	0	4.82591094384107
0.820552994076887	1.94056310102678	0	0	0	0	0	-0.808150086357397	0	0	0	0	-6.51128590804687	-12.3627189381889	-6.36909529002839	-9.15713204455257	-12.3766106939863	-4.66443990792288
0.481989048497319	3.85642625921102	4.41954219959124	5.19095500292893	0.19893809072325	-0.552440374842109	0.408783644760091	3.22726642040094	2.74179349704962	0.686932766244404	-2.02402680346048	-0.950076224995997	0.0236678802695854	1.05339013940624	0.996904454578169	3.21946654446769	0.423953619258412	-1.75408821993424
-0.706144680827633	-7.80178380691835	-3.54482315085124	-7.71046862768065	-3.63631534321047	-1.31616067755248	0	0	3.20239260810977	0	4.30424270956837	6.6735946908769	0	0	0	0	0	0
-1.4604877588851	-1.93246170158093	0	6.56751914181713	3.85993267024665	0	0	0	0	0	0	0	0	2.17525891135162	2.44040448062065	0.545647933406972	0	0
-1.98405069786905	6.2686895294343	6.92614981233457	3.41142453858123	4.62512791830116	0.660355217145222	0	0	0	0	0	0	0.649686173286267	0.21391752200929	0.674288187662005	-0.184426510024286	1.00141243391734	-0.80768927959478
0	7.71945391149121	9.09938730491415	10.2005299969111	0	0	0	0	0	0	0	0	0	0	0	0	0	0
0	1.07515773829728	-0.0747566800971657	-1.34426114109403	0	-0.679273933557543	0	4.01820596322821	5.41269933855758	6.24234423428747	0	2.53313166339173	-1.45580221821275	-2.73122813795514	-4.74242249868319	-3.15873528332799	-3.33072738211469	0.432908813186153
0	0	0	0	0	0	0	8.34507652556439	9.90866629062141	7.13295998095398	0	0	0	0	0	0	0	0
1.19585911523276	6.77247208754465	7.05923932325526	6.59062681149531	-0.0223092786579719	-0.476321328873384	0	0	0	0	1.53409752686984	0	5.47057782994438	4.77106808697638	3.75375805537247	0.628140616315949	1.035468849496	0.702477669917808
3.01754005946885	7.17024297928093	4.68294076665194	0	0	0	3.57718555594316	9.4558773013512	8.0838073365041	4.35646419161933	3.12878630490563	0.914878911073354	1.85770642710351	4.31419042606865	4.3091150131155	0	0	1.5329467860595
1.70059782193907	0.756729507474813	0.711481458009553	1.08165248840638	0.530627642956643	1.23696607759694	-2.64779203635523	-3.86008003888484	-3.51281085401056	-5.73322331428225	1.45309309422458	-0.855776576309241	-0.552385256888553	0.506609413506441	0.857174839070409	0.428161894229169	0.837514005798662	0.206719178353991
1.52033119958307	4.65971704605156	6.92865577478547	1.20008088655221	0	2.68347827375578	0	0	0	0	7.45399093044498	9.62310432595026	-1.16368525618828	1.70133293780291	0.724449552302574	-2.201978629423	-1.44404489393974	0.918757051646605
0.292001067395837	1.02093557724923	0.96473907971872	1.56143922218976	-1.04999645896264	-0.769095920348408	3.56894189572354	3.1631016090206	5.85753665669384	4.89701468185399	2.03375359646019	0.659869357513365	-0.709541281620743	-1.02456020501046	-0.0587936459550537	-0.420218512691193	-0.793758386942245	-0.378429956523077
0.0960771259204403	5.95392278741959	4.50084187014651	1.20720542838335	-1.0079816659425	-2.72631772417615	0	1.75137051476074	0.479953770856687	0	0	0	0.372213462773931	-0.478304095023939	-2.12971908405435	-0.608609769689775	-1.12539618710352	0.297223861949765
0	0	0	0	0	0	-1.11865978939996	-1.2482596056534	-0.943461300341786	-3.00263005601076	0.538794800306445	1.25583952612964	0.0387782467825322	0.364767988900197	-0.926408385630578	-7.6728724380482	-1.50795335083338	0.648942483597141
0	4.98761183287036	6.82611252573251	10.3266720040621	7.79935159977128	5.7955537923131	1.00083405051591	0.438521526216031	0.821372238105546	2.83206089870597	2.25990741846222	0.63072651749605	4.74368601458215	1.19615590985617	1.07815635433707	1.27021700899889	1.81726585788966	-0.0229096485250112
-0.488829458955428	0.637682498955222	1.67514717912176	0.193849778143319	2.3455270290648	1.18268953430824	1.9611968574919	4.16882950939427	4.61091261126877	6.38043362821356	0.431579686226364	1.49829831567775	1.45358159963914	2.94969124980048	2.89050923196366	2.39294210672608	0.537542927865487	0.883627858924379
0.926795150906892	2.31605688409497	5.63277022271599	6.93930775628627	7.33606055217769	5.01215444231735	-1.20617753857135	-0.445567754889875	0.163787686366128	-0.295224695673826	-0.336893035557822	1.31167735960686	-0.503762047061912	-1.45531944643875	1.3463981433172	1.25458616654771	0.534197575584929	-0.415703191736628
-2.45957037193525	-3.64415398824848	-5.30333524655507	-2.40507414293251	-0.065634487806934	0.256157757442049	-0.251140746435198	-1.29948195472602	-1.68554626717861	-3.75859239964252	-1.99489602103771	-0.725430325920715	0.85994859672601	1.44796550846041	1.12707354659849	1.51597406918211	3.05215895553417	0.0321704625026576
-3.98612658876183	-5.04882444275224	-7.91580444957686	-0.127541904485787	2.77650742799847	1.18335794541335	0	0	0	0	0	0	-3.8038011132921	-3.81443671997765	-3.0289748844066	-2.30189313830824	-0.940076490239423	-3.0085709867564
0	0	0	0	0	0	8.26353035927016	8.34507652556439	8.82109053098808	9.05136564533452	8.10307248291013	0	0	7.47483650044798	8.68119964133335	0	0	0
-0.000997460321667873	4.02342530297747	3.059236243027	2.09044069672437	-0.954701105496208	-2.2223782683601	7.07280731212939	4.04981928578931	5.29793436109019	6.00045247753299	-1.34922669903031	-0.240915565546726	1.78838003939291	1.45585086601296	2.10130837288528	-0.375468141346475	-0.413106703579559	-1.19882257619354
0.54180931132179	5.3099538787685	5.65904315854546	4.72502894473021	1.58208535458055	-0.651077835173927	0	0	0	0	2.17272946304379	0	-1.56828970216786	-3.07642636205677	-2.72697470049695	-2.08460674979203	-1.81486499577165	-0.674370830063025
-1.39652118578861	-0.254870211921732	-0.505347910320355	-0.170675791865131	-0.407766208871472	-0.0205167092229029	2.36957377445572	3.65321842412215	4.15361039013315	5.69813965943328	3.53618098582022	0	1.24418788110083	0.695946865843203	1.45242548700178	1.29612821080251	2.04054022007182	0.336871704674446
0	0	0	0	8.48818200223279	4.98559122529128	0	0	0	0	5.89260549587036	2.64361748153379	-0.0468527474206831	-7.59573441939322	0.287280987349561	-2.52005427415977	-1.90414860903296	-1.8756353598671
0.00705347296417358	-3.66451775210292	-10.4181777237221	-3.95470685874469	-2.8847419423817	0.646196149741695	0	0	0	0	0	0	1.35304371534282	2.12166771268589	1.0606109120279	0.892240045138326	-0.0342120270850542	1.40957167160454
0	0	0	0	0	0	8.938282210735	7.66871900788244	5.70815013427937	5.43569665539088	3.19393878379455	0	0	0	0	0	0	0
0	0	0	0	0	0	-5.46103814124678	-4.89599673895544	-9.4936600703971	-9.52855422035992	-5.52671383550653	-4.74523631223821	0	0	0	0	0	0
-0.89298070022762	-1.37265436132518	-6.92128084605423	-2.71531129149374	-1.87565689148005	4.21313115283828	-1.53874451454278	-3.78820404836585	-2.52777768198586	-2.03659034675379	6.69337995038221	2.99505281622998	-1.20607494944739	-2.01031879238278	-1.63404538862099	-2.36635811380519	-1.33401017297737	2.03313012429462
-0.164160642085558	0	-1.37189536936338	0	0.82318138763298	-0.679273933557543	0	0	0	0	5.52934261673357	1.71730911741999	0	0	0	0	0	0
-4.57292056714813	-0.287128719518256	2.64027670002678	3.26239911710326	-3.82855322673687	-2.65794280750178	0	0	0	0	2.8341062017488	0	10.8288867383849	8.88479628140317	0	0	0	0
0	0	3.273732775863	3.45210034955191	0	0	0	0	0	0	10.446773316635	0	-4.11306736455789	-3.29126603158288	-4.15912598964972	-3.14530380148438	-1.54346132006085	0.531732395568119
0	0	0	0	0	0	-2.78076812557803	-2.81792222628829	-3.46557444212617	-11.8127550563131	-3.03445489390499	-1.2929888704323	0	0	0	0	0	0
-1.96320521891483	0.812093604439714	1.52671066343944	2.42067466777532	3.80289760853023	3.97735061627957	-0.624154211561289	0.481468177354177	0.819009662336329	1.00077431006344	5.23043034360753	4.04310725480413	2.41573702312501	0.24967195069761	0.000527581066826128	1.60517013040728	0.859880394517671	-0.589350922520184
0	0	0	0	0	0	2.61285774575665	3.0150132329878	2.63999885362167	-2.5308011589939	-7.91693714299888	-6.56560033251674	6.95710847485132	9.49844688004484	9.62506116661361	0	8.57436607434839	0
-4.33790145055904	-2.1227296769786	-4.24890760171687	-5.18115924097091	-9.43209939039153	0.215359386641499	-1.80731032698651	-0.593726159316674	-2.07072473353759	-0.716615059815676	-2.44498877426409	-7.63017161679437	-0.621143930497266	-1.96001268975581	-2.44240873038258	-7.38076019706343	0.403497560859992	-0.753853543139175
-4.9264776604258	-1.57588144432585	-3.0965750364269	6.48983084532207	9.33715431154441	5.72813676319126	0	1.84412892864513	0	0.658923408455693	0.363810714436636	-0.391290974093798	0	0	0	0	0	0
1.14938228547528	5.04346443519747	5.17765320450666	4.76995718913757	1.2624163956063	0.459766612552751	-3.19084683233793	-2.05537040719951	-2.20720482131385	-2.96163948869322	-0.550274906551818	0.998657589666354	1.92795728298434	1.64763734818797	2.12376884309414	1.56774391752877	-0.31576550504714	0.253620480901879
0.787672319283999	-4.91420813399658	-3.79633726104929	-8.92155532799329	-2.9106310230138	0.574141684053761	5.28975135165057	5.77810153914814	6.15271019373383	6.76357139137173	4.28361007921151	0.873848252154503	-0.420114576570178	2.10750104072321	2.53133586668404	2.16586771488256	1.5703816754321	1.31436744545371
2.01242103067961	2.00164138937173	0	0	0	0	2.90835950730919	2.38704439155919	2.94229504287261	6.3291943898188	2.70863085094615	2.52961237832611	0.957445101803469	0.165963207711858	0	0.723845924623582	0.551735351042198	0
4.17662893993481	0.581597586156055	4.14424333520426	3.62579411909758	-1.09957909315266	-0.597386790928008	10.5736657701005	0	9.89418188204653	10.5917284545286	7.38401294901961	0	2.45772936460946	-0.660070833342882	2.86929092987055	3.029097882585	0.703901898078781	0.518298768801186
-1.3355432770078	-1.57062213264961	-3.69326021908339	-1.63263142004513	-1.2498961963482	-0.954471415167713	-2.54651938072824	-2.9509277306868	-2.9071321545266	-9.542210728722	-3.60318580409672	-2.33660602156216	-1.40952235174387	-1.32558953882609	-1.68123933885324	-1.51891633804311	-0.606854263164812	-0.49814913528856
-1.52725866244287	-2.305721158983	-2.16457346702244	-4.65220223764869	-1.76857511799667	-1.26191002898814	0	0	0	0	6.26693544109132	3.88210918768873	-3.74226922166893	-3.31307910766052	-2.37903958768598	-4.2337398929315	-3.23454015694206	-0.514262389960036
0	0	0	0	0	0	0	0	0	0	7.71134490784002	4.71954411219164	0	0	0	0	0	0
-2.12669359708552	-9.27931292107792	-10.352472596171	-3.14538090164553	-0.80385143720739	1.65491750525786	-1.1178536279794	-1.84485959991737	-2.31291147465081	-2.73992417755495	-0.117294918077679	-0.074750941006875	-5.40366158496506	-3.96871274943007	-3.66428874451845	-1.67185549960747	-0.225671192729314	-0.9214550613721
-3.312004313325	-7.8781587359345	-6.1733517756996	0.486880354684667	1.54170477707594	1.86081159797867	-0.956663228335456	-0.19092432237352	-0.0661954419797272	-7.2810912535716	1.28436178438505	2.05957852335896	-4.797758389117	-3.89383093270149	-3.97536907474118	-4.29044470956452	-1.14848953102028	-1.51400433519453
0.820552994076887	0	0	0	0	0.998025467384631	-0.718068196967319	-3.48263634067089	-4.14534876875193	-2.2817026669505	8.83149772679971	2.91527366910555	0	0	0	0	4.51262916388181	0
0.44597153076144	0.209278111255956	-0.35466618254142	1.01701855494162	0.174990088542653	0.95079817920368	-3.86979552906422	-2.9903017148491	-4.40178182014137	-6.77538241336277	0.705052310909931	-1.20374444167236	0.973540889387007	-0.581699514830803	-1.72261019265955	-0.44979943682918	1.66551265365097	0.0773200318664283
0	0	0	0	0	0	-3.82443532401383	-3.09581314653219	-4.03279037789104	-7.04900718857593	-3.51037572722877	-1.0782321210087	-5.60728137150673	-9.71550483206526	-2.9246359972959	-2.21750583961407	-9.7293827660301	-3.00983302532532
2.44979329508872	6.42048659062222	5.46616497531538	3.31102658893158	2.13515811547541	-1.50602227764581	2.64243967695242	5.23517061692517	5.31522382107994	5.01284622430454	1.57879833742689	-0.337236851849755	0.772691502017838	4.42032701960081	4.91195666241689	3.22275440092674	3.67410515348852	1.69326054840546
0	0	0	0	0	0	3.48347794103594	4.51057023807716	4.97457587846983	3.00305849369889	-3.77368581079333	-5.93940326825724	2.26401421339702	4.77758056124382	5.78623759549507	2.13260355200474	3.71989733222963	0
-0.704752749634268	-1.35456556840947	-2.17245115811918	-2.54633957786923	-2.2652238540433	-0.584337944138451	1.72507251858733	3.33222268296381	3.55878621122606	6.22566377400216	5.90671270919344	0.802569916261097	2.00048093291156	1.73005489292348	2.13704990006696	2.01292049330992	2.54857891529268	0
-0.667489232914815	-1.255713486085	-0.479686527275931	2.84472139704868	5.87214776691593	4.67036966621002	0.449105024186915	1.22263927707057	1.25479861621006	0.981141777907319	0.541337990840015	1.11107603880128	-1.07747330692783	-0.348201119770103	0.00964344794563358	0.0425501034770759	-1.09475323379807	-0.0029547112287284
-3.08684002742973	-5.29933589828622	-4.05900170026338	-0.792532323986254	-1.11733526356563	-1.2569712199107	-0.241601263870493	-1.10467710449447	-0.968949254382277	-2.04141056323196	-1.26108774432155	-0.40370518117528	-3.81770453319484	-3.02526408019925	-1.5594754655785	-2.40050540840002	-1.98695229575651	-0.0531073371605169
-1.24541536480081	3.0320217387352	3.31306717190819	0.331041798929385	-3.09825473688576	-1.56185398632474	-2.93197934459196	-2.51962144869329	-1.80745205258376	-1.79685022336205	-1.92174256181004	-0.663316421537927	-5.1978241732061	-1.54598465721363	-1.23230139131562	-6.95998062996745	-2.13392568195666	-0.57660045269811
-0.0510162232162112	-2.51549226395069	-1.21283955069127	-2.32505569308745	-1.01436237892227	-1.32811369501037	-1.03534838983775	0.689197617625379	1.36979625712186	1.04792152915017	5.99874535106422	5.51284613252771	0.326821001330771	0.847228433327677	0.614610980896292	0.895643378917129	1.27079780263364	1.06982030576684
-1.12776053731521	-1.0828806493031	-2.49832919627398	-1.10426951668195	-0.87963799363015	-0.102935205134746	2.13171864076981	4.72781621941968	5.52471592443958	6.49147454992722	1.766330948562	0.147343140324053	-0.286654429560141	0.0522504005446768	1.56271567152878	0.591013610616627	1.39812302468242	0.631634960254244
0.613999975030509	-0.487095794828074	-0.832522293116923	-0.672032794827523	-0.488247714932442	-0.0493355847438435	2.32489807826278	5.0388257484202	6.23372393604162	7.26713465014684	1.47520551717119	2.73302972175569	-1.37946554330959	-0.489207053127681	1.257654973258	0.612222370293418	0.662814782592589	-0.18017074824635
-0.613405134724957	0.306981364441402	0.347093588994546	0.323670585151011	-0.904245898182793	-0.406785498325006	3.55859814524948	4.00135566664862	5.41565059093364	7.03506821983351	2.27353674577622	1.17948767418008	-0.213634734353495	-0.165066654031955	0.237910639504334	-0.383818423852058	-0.258048039296354	-0.00856718318992424
0.457879990664671	0.248985769065334	-0.271605561091444	-1.78901417440797	-2.21173644951251	-0.444178287911631	3.96496862513766	4.7412763322288	4.94425898050779	5.77134210396965	0.893939637680182	0.389337875558336	-0.695503597316562	-0.831206583947652	0.234716615025747	-0.389864434032256	0.469732458096329	-0.650404861936626
0	0	0	0	0.545073787481651	0.886999106537618	0	0	0	0	0	0	-1.84833025318599	-8.01256520937871	-7.01571642950971	-6.95732713842802	-2.85925470061857	-0.327366355287938
0.0958035059390768	-0.293613924691575	3.69337725177715	7.68592093928272	2.24824769035107	2.56064927409221	-4.13513526391544	-7.38100637259576	-2.90983281586386	-7.2810912535716	-7.41638770312641	-1.51929710743263	0.110439466095214	0.225521534475316	-1.3145545671981	-3.18782404712589	0.554598539925355	0.847022563138149
0	0	0	0	0	0	3.33694272049698	8.2622951809488	4.87953328462837	3.70389012476078	0	0	2.77880796692029	2.9283264538115	3.29358732932163	3.30953707073648	0	0
4.7104759876163	0	0	0	0	2.91092585080718	0.139078198156082	-0.470584751482538	0.609779778147161	-1.05101910102149	8.31259626651802	-0.285476545279698	0	0	0	0	9.8142545329879	0
-0.709585134182901	-0.299795419267069	0.260284017204914	-0.746521333261346	-1.3905204819593	-0.415265665732973	-0.282742168993874	-1.79452848520808	-2.44564831610432	-2.74483661920649	-3.57049179344445	-5.23346318740303	0.565248925056693	0.633112218547471	0.610384394591413	0.104873004796063	-0.528800620910787	-0.178601378353804
0	0	0	0	0	0	-4.2795518015116	-3.7012918524459	-9.27160114967704	-9.3064873309996	-3.77535307553145	-1.47575563590614	0	0	0	0	0	0
1.78486369079169	3.36789951827997	3.01186365155908	2.67872295406885	0.553569676653868	-0.926558873398973	2.05601352165661	6.17656376783908	5.69834682319192	2.46485997746973	1.87478793650399	0.528588671414113	0.0112885590455953	-0.655950096970006	-1.25722342910405	-1.84314108261747	-0.646367914970384	-0.683436614308276
0	0	0	7.2090869370494	9.45866351873146	0	-2.05215901800584	-2.23690123500926	-5.67108896591422	-2.57070992018322	-1.95038393435701	-0.717947106666291	0	0.0738158807816614	0	0	1.96025214936751	0.29476182315886
1.19404016056062	3.65581169183586	5.11710476238727	3.48089737810668	3.55455924165938	2.59920951327001	-2.20437365943305	-2.30402222732341	-4.10933418943525	-3.81855174503592	-2.80576083267419	-3.64574583620716	0.391055294680917	-0.759078356003714	-0.764532231332807	0.732446389584794	0.510080397045578	-0.56576099644445
1.57011787029634	2.89607234031175	3.7182268785133	2.12676593199505	1.00960553171521	0.569360321284357	-7.56773944419358	-3.38951504664901	-7.42966052322631	-7.46440230859401	-7.59979847210807	-0.905201773035827	5.88299236995417	4.9360205272345	3.88822356206515	1.29929153081396	3.47543938764782	2.06989970501911
0.116239954721851	-1.90456423488282	-1.42174774635609	-2.31275287132544	0.958961046198746	0.522947407437839	-5.43748997588471	-5.52204676767553	-6.68542869108448	-4.31904710658811	-6.0711045727966	-6.30067455698838	-0.86680481476591	-1.58317664862161	-1.05714358704252	-2.11482175994347	0.219068380960993	-0.375095868284209
1.07751791941758	0	0	0	2.82684710109581	0	7.51092025709664	6.81199677133887	6.5421829029287	8.93638657265775	8.31434931014427	1.69101357879749	3.07890634863341	3.35097792321378	3.48260558613987	4.96234971062961	7.10587259613797	-0.213896864424895
0.485603661105854	0.25890254644096	-2.60656877099512	-0.791578606448416	1.02302918727923	0.831309476840608	2.90809396509289	2.8525694564472	3.66476251963037	6.22007934496433	7.51558643304628	2.86190549021342	1.18105397726966	1.95236915263484	1.77984274072053	2.0234020731138	-0.860490437283155	0.590191550972289
0	9.33631435034389	9.09938730491415	8.02428331210391	8.18148173588778	0	0	0	0	0	0	0	0	0	0	0	0	0
-4.51784399696466	-2.3631376657151	-0.369964509036507	5.89773217000347	0.57754313895314	-1.41571329123918	-0.524095265361138	-3.38993309918881	-1.02685618359546	-3.6758312365078	-9.8569330777607	1.35722096761054	1.76671629971536	0.192648637739801	0.80245277794925	-0.813673146715608	0.341059513213798	-0.425053279194706
0.38588162614197	1.69835002312743	1.92728209534852	1.02726103883379	-0.22430210831316	0.366606640185626	-1.58129795712805	-1.92871592016974	-2.32355615815362	-3.25726730089296	6.18577621468244	2.31542348581806	-2.53148221400039	-0.901073875832209	-0.625732818238224	-1.08517377073889	1.11337472143625	-0.556104836114081
-1.4604877588851	0	0	-1.34426114109403	0	-0.361948184150319	0	0	0	0	0	0	-5.82317274122776	-8.24214400221641	-4.00954042908956	-5.43421156215212	-4.40558957106213	-0.981093545427889
0.637829097229171	-5.26447923966356	-5.70298394288349	-5.18266489543222	-2.80017933888994	0.00598007607374813	-0.322578784748155	0.00293329727993413	0.479590702270843	0.527254270541464	1.25947828942726	0.654564964319734	-1.17055779128139	2.74342675435648	1.90124676095492	1.71622115106019	0.794150771633623	1.82386428834967
-5.68843185503763	-2.31040496910246	-2.77287767250176	-6.13064104326113	-10.3816225503701	-5.48437355960394	0	0	0	0	0	0	-1.26281016604231	-1.74119132087201	-1.88569995956905	-0.500602899408093	-0.287740206993123	-1.1578515806073
-4.58748311501764	-9.60297790204544	-9.2611705946306	-2.97483613120578	1.03735653667329	-0.0547733818283395	0	8.0052222323223	0	0	0	0	-4.72428412748769	-4.85599810497266	-8.78528664021476	-8.75393485957122	-3.35868029804379	-0.72124639020509
-0.765498845126882	1.14356753061678	2.079876639761	0.51337826972782	0.0549468174943932	-0.233569674819999	-7.2807640522631	-6.3143090802607	-11.313254367623	-11.3481828393319	-4.61112830074073	-4.8959932367839	-2.95876616313275	2.0321219080075	0.425194150261888	-1.30428892341993	0.994058391889589	-1.56757311554451
-1.68807702744905	-1.34744741637043	-0.937566285868082	5.45256196751701	0.896776635270251	-1.11808489276725	1.42374036972974	0.658237942218518	0	1.31715545498027	1.85700366468641	1.39971318564677	-1.61048983318238	-1.66249585659267	-1.82771429291777	-2.25785624606674	-2.51166469308081	-0.592552781385818
-0.439413856791732	-1.94308985569337	-1.2117273748171	-1.18391794753467	0.0922245277581324	1.06122381634694	2.48536727115827	3.31107022832338	3.29425080261491	2.86014570703651	7.33526361831157	6.71242626172823	0	0	0	0	1.30163239476326	0
1.64966377766087	7.12434979551707	9.74824171911561	5.77990185446146	2.43565419835687	1.89321493703467	0	0	0	0	0	0	-3.57960926957929	-3.0437287443694	-3.94406830144113	-5.81716413996189	-9.95153237153795	-1.07374132784743
0	0	0	0	0	1.29491597450813	3.41062211223144	4.86173107101906	5.26849317625566	5.74727078786665	0.667765908033571	-0.545544701726052	0.989956803270756	0.482093904888746	1.93586819407841	3.31291641103708	1.98025224683993	0
0.274024394303364	3.46550506596567	3.21233434819613	1.17733655283535	-1.36264063083886	-0.786964562874017	1.85589706634152	1.55641139617566	2.55170590184958	5.17954844258296	5.59003351812604	3.07585399880739	0	0	0	0	7.05098260936516	0
0	0	0	0	0	0	0	0	0	0	0	3.49113126330235	-6.33182899795073	-4.55144800095538	-4.52714966133591	-3.75994934722884	-0.74207074165299	-1.01948422038669
0	0	0	0	0	0	7.61981837940195	9.22440241446454	9.45518970208482	7.13295998095398	0	0	0	0	0	0	0	0
0	0	0	0	0	0	0	0	0	0	0	0	-0.334911951648897	-3.68428051099549	-4.80095377886523	-10.3086752856437	0.0773037425955213	-1.57766524598426
1.62719500442294	5.59511388573628	2.13747839968181	2.84732118943378	3.4235122548532	2.78214388735954	1.40824839439893	1.84339604186878	0.608141227601462	0.695290059560805	-0.763593778794539	-0.0744234997478425	-0.447690674908547	0.77159889742414	-0.0711283225931213	-0.692130191246102	-1.46173743867603	0.839297259513758
-2.45572639936842	-4.10016358529119	-0.994973688841843	1.54580346053776	2.79726005547184	2.41289959599449	-3.00292489174514	-7.17086820942243	-2.69982818751473	-7.07105099297805	5.07149763758322	5.46425816188313	0	0	0	0	0	0
3.76572753607505	5.23959348774481	7.01476971219421	8.26734121701508	2.35040882713356	4.28755184868998	-5.8723278104042	-7.56701598682678	-6.94747529209132	-5.76656067698004	-5.79769288680385	-3.49218923420912	3.29618538637895	2.31623119632031	1.73684995014484	-2.23500192731764	-3.03772679572147	-1.51244804572893
0	0	0	0	0	0	0	0	0	0	0	0	-9.41635852183979	-5.51195207049878	-3.49482138609204	-4.41240175230838	-3.60766886566158	-0.472854807710649
0	0	0	0	0	0	-2.49127185047199	-2.5985467778354	-2.8730156503642	-3.93580325553194	-9.32577527748974	-1.53895595594471	0	0	0	0	0	0
0	0	0	0	0	0	-3.37205879073502	-1.91123917180617	-3.67016704636591	-6.6180387271393	-2.54969807584	-6.38769232121601	0	0.990638300228709	0	0	0	0
-2.08169174606189	0	0	-2.52438104617268	3.39255089609855	2.1460989572108	0	0	0	0	9.83416736785217	5.98051982242592	0	0	0	0	0	0
0	0	0	0	4.17891772889688	2.71852250623239	0	0	1.33930979824859	4.56737684782718	10.1894052801934	5.80357459080072	0	0	0	0	0	0
0.411310167169011	4.5509890304161	5.32793657571933	4.53529986278851	-0.0550655362842084	-3.62892997925201	0	0	0	0	0	0	-1.35337989556832	-2.0213071361669	-2.35918901276556	-0.175880583971562	-1.91565126944363	-1.9416461332665
-0.996340045148865	0.607085805842541	2.65020377009828	-0.367456142640964	-1.48086095333647	-0.835463489915093	4.29371868433063	3.81466337004924	3.67302265509392	3.5029412265798	1.25256307418228	-0.68598083564793	3.99963340013915	5.02482447924884	5.46170873856035	3.36427259079615	3.68444052302919	-3.01421808700933
-5.92737959755866	-6.12512943777589	-6.09921313788175	-5.33631985869521	-5.34807729581113	-3.20874378109188	-0.441872348609248	-1.60363658291389	-3.90826082797818	-5.85305904783629	-4.62636046790475	-3.94306292122726	-3.54818286407838	-5.88690717762888	-4.98602876335087	-4.32500422690722	-5.03849333383787	-1.30673636367761
0	0	0	0	0	0	0	0	0	0	0	0	-3.59114176920108	-4.00410717227222	-10.6598940910082	-3.6653453065673	-5.01559480449398	-0.533959874770994
-0.561291149866999	-7.24541576785203	-2.9886254588931	-2.00133032802305	-0.344978880075699	-0.645367351899646	0	0	0	0	8.34327313390783	9.45696952727908	-0.572558065763616	-1.66454682832858	-2.35791882572535	0.703376740254331	-0.216569047757756	-0.738920486403643
1.27153299002607	0.148122531070122	0.309589620863923	-0.240599488927776	0.436457249047583	0.341082085197278	0.74797423571001	0	1.71564456203508	0.715326209343018	5.79985068197184	3.69944334258578	0	0	0	0	0	7.24598921822731
-3.21133632211286	-2.31205829214919	-1.06240965506802	1.13303791964337	2.96651435061772	-0.843102160992493	2.17743877425295	5.88915887480344	6.83951515655275	8.46386283055308	5.41120040402065	0.418912676970086	-2.33305739054018	-1.96427258419171	-1.01184594552944	-3.13990157642098	-1.29373931448208	-1.00105765342489
-0.204793605535874	-0.722618837353348	-0.213842575994063	0.134993236588426	-0.307956046177373	0.616598153732972	1.92701734643302	5.44206123850854	2.16012873383048	2.59958360267791	-0.15777116289316	-0.211928581271623	-6.54138584704439	-3.47021146775459	-5.03426182590225	-4.24361375697614	-1.76993010800603	0.495434140896974
0.115961721173097	-5.43952271833298	-4.61267465871208	-6.52428622945459	-4.38878123821383	-1.58184632337555	0.417291246143849	-0.0889439584049926	0.11808196693174	0.290737744707608	0.579711667494569	0.0159974799663144	-0.682566108442052	0.408110624107198	0.991834984827702	-1.13558704641699	-0.20989254125077	0.375586916502112
0	0	0	0	0	0	0	0	0	0	0	0.911506168594014	6.89079705847694	0	0	0	0	0
0	1.26614479270732	0	0	0	0	-4.48120701867702	-7.72707382655596	-4.18602192885639	-3.33564525243642	-7.76250014547346	-2.0549148952284	-4.85708385137766	-6.19635063574401	-8.54657321506194	-4.48487869796479	-4.37069493429629	-1.61084392274014
5.29432348893656	4.55438403351182	0	0	0	7.89501147734274	0	0	0	0	0	0	5.19911314961986	7.05268670354624	3.29024011255111	0	0	0
0	0	0	0	0	0	-2.56591539744213	-2.55899005263933	0	0	0	0.285473013942208	13.3368333581193	9.46874109034351	0	0	0	0
0	0	0	0	0	0	0	0	0	0	0	0	5.73683950470296	7.4837281622601	5.94955707044732	6.07543149878779	3.11634281230655	4.50858994500913
-3.45569850725028	-5.47307921719205	-4.40219132448986	-3.4661337033356	-2.94666491061276	-0.481046572123928	-3.58256718834399	-3.3961756338283	-0.845856242562615	-2.26518730594467	-3.74869044957017	-1.14631348848362	-1.73226884910886	0.468404522976086	0.527282290801306	-0.649861842760035	0.110983955041088	1.7207239575757
-1.41390175314992	-5.46586531235799	-6.28329677073568	-5.10830250591538	-2.35062600159792	-0.570179710908885	-2.78495266218021	-3.03807234021537	-3.46113953261115	-4.11506356952061	4.81345982131643	3.62976767978051	-0.301122225145712	-0.966161864097439	-1.63049390943642	-2.10841928387461	-0.14820503036793	-1.07029598234025
0.178189362649039	-1.71665974945042	-0.436607042898426	-1.84205667117625	-1.96244069482526	-1.17754825104072	-3.45842433453916	-3.71154224403753	-4.13453470790609	-10.0425412504657	-3.30541336141969	-3.29331828454088	-1.91817629072513	-3.34061013267574	-3.65856332873614	-4.42537358168534	-0.668158513972191	-1.28517493234841
-1.65943397211849	-3.49625842082041	-5.37887258290626	-5.49896727456302	-2.80148061817286	-1.65321649087701	-1.40677061933892	-0.0382779158522809	-1.25440623037326	-0.428244310817516	-1.72040849331682	-1.31816386458507	-0.945351032613229	-0.114777242706053	0.200752751329613	-1.29257833576098	-1.18239743046288	-0.0913432279904116
-1.47354788108881	-4.53849545844336	-6.09234640197267	-2.90570676007418	0.611695972917943	1.2702318509262	0	0	0	0	0	0	2.84231759938627	4.84388003240473	4.19509096354986	2.77902507542496	5.90788932081617	2.25050466155351
0	0	0	0	7.86079545402696	14.6377007777673	0	10.6634509189057	10.595158180599	11.6919234257274	0	0	0	0.523372275725664	2.37190688063202	0	1.29859620218199	2.50625107261107
0	0	0	0	0	0	-9.14762349859837	-4.96938728302866	-5.60279304323656	-5.680669519947	-9.1797943255406	-5.21634315906381	0.997042254363122	0.62257563834369	-0.566964390856266	-0.0975978874089517	3.49642332799568	-1.00788897198386
7.14699353691178	12.3070581558299	11.841981603408	10.6046205191543	7.86079545402696	0	0	0	0	0	0	0	2.90300567316447	0	0	2.73609574806484	0	0
0	0.504276317664451	1.6075414342767	-0.104835379305294	0	0	1.31932562360633	3.88497920284668	3.28610248061632	0.544083470431841	-0.468899076936956	-0.977997839819514	0.0523584114454679	0.072072974810653	-1.1327330325974	-5.64562714826841	1.05751023276891	-0.608669309142007
-0.382681264048152	-0.209786947081024	-1.46588517151142	-0.782042711991867	-1.99727709656026	-1.00701318912703	-2.24925325688553	-3.59004096395266	-2.87211299243062	-10.7615524826456	-3.25200243897375	-0.852715248592742	1.58906021720673	1.675681491841	0.879640906904049	1.42719177539099	0.573882955717218	-0.450010889570216
0	0	0	0	0	0	-3.69345543411275	-2.75617089896086	-4.67200657778124	-6.20146038641502	-3.42916618844939	-1.40374053004065	0	0	0	0	0	0
0	0	0	0	0	0	-3.79337486958161	-3.0530063693408	-5.04971547895495	-6.66635749447693	-3.38959177397034	-1.51790748105574	0	0	0	0	0	0
-1.39529146422418	-0.403636243539602	0.770715427435268	0.713084866035498	-2.43464105454816	-0.566007500321016	0	0	0	0	0	-0.580688019872243	-9.62837316975514	-1.49186158830595	-0.820370458442173	-5.02447564814224	-2.25099614947198	-1.94366831829887
-0.429806276988978	-2.5257135524852	-5.93160421274423	-10.0971992591029	-5.06500762907047	-2.77224713816009	0	0	0	0	0	0	0.891927616304196	1.18700358805065	0.851517443058735	1.28158588998019	0.0970588731632207	0.818211292114658
-0.225959506460876	-2.61785126675624	-4.53164032987546	-6.06125926234529	-2.60678395025973	-1.35352741536718	-0.559784412961931	0.105138282383324	-2.77327914172385	-2.85313472425166	-1.6126674749039	-0.80523222527224	1.78432613807827	2.59740040167488	2.80353381148273	3.5757952169804	2.38211774357537	1.31565942161888
1.11998275138809	-3.839108536968	-9.38721784509611	-9.37411841681211	-9.43209939039153	-1.98801428241471	0	0	0	0	0	0	-1.22015811158986	-0.970148706922134	-0.500375428070782	-0.580999985018613	1.31193203702006	-0.957560866453879
2.05116998706383	6.04919161178867	5.1906847816999	1.95475244363111	-0.801155080365963	1.86789449421851	0	2.13135545219588	0	0	0	0	-2.5951948055243	0.763253832536797	0.0958436302607345	-5.7118006956262	-2.60475020091365	-1.95079051770299
3.7838178344297	-0.0263068254209313	2.4838888104515	4.52119812068391	1.16215491572696	3.2672228509885	6.01932160666783	-0.88285768650718	0.995483900346865	1.91081156900914	1.81478706994419	-0.0744034871823052	2.12009217066079	2.05925854985218	2.46772905309804	3.01172134411954	0	0.430632468798882
1.48223515299946	1.74574758019542	1.26832385793168	1.62255205353564	0.270571106643966	0.0550758481223967	6.93644456540523	3.86058242691716	4.45011679477575	6.67459982089526	0.0020351052699074	0.133985446505739	0.378292003195632	-0.0126153062540053	0.317571931304438	0.745508538784794	0.179738320393345	-0.439144956026871
0.547963516971255	0.751614355910205	0.981401160649211	1.84666976611103	-1.56043912787045	-1.53491400412499	-2.39511861986588	-2.26308093443341	-1.63724161836078	-9.84734395198992	-4.31627384587682	-1.06241492258974	0.151476964492133	-0.816705610804372	-0.616558452379259	-2.28271633450286	0.320505153041745	-0.103717339568791
-1.8206085115814	-2.61219278612244	-3.18094559631688	1.43869356375446	1.64970825683522	2.08997089698158	0.489993257856362	1.04607185215894	1.88819226749447	1.50782257185759	5.26310705912296	2.63174745841197	-2.87869953961874	-1.14043621495942	-0.210291986301507	0.137858279759097	-0.0353989061893928	-1.01648890328257
-2.15118139423489	-0.583627575308974	-2.03920180735516	-2.21875096532149	1.72420669522667	-0.414494961244027	-4.64376646935331	-2.21892862660867	-2.94522503623425	-6.38529221854605	-3.07469648332201	-2.42397087640462	-1.23501469005937	-1.08220652748099	-0.312803055338445	-1.65298331769425	-0.453762677446745	0.379018978022741
0.931918889014679	2.82877122074195	3.84245125796267	5.21869396625847	2.92656213202611	0.596336604269061	0	0	0	0	0	0	0	0	0	0	0	0
0.855498668894937	-0.145186244225368	0.186778763404602	4.11210587514218	3.97075505357941	0.249816993419327	4.25898036232721	3.16289426040623	3.51992672252587	5.41469961719483	0.77525929108368	1.29330385514915	0	-0.244041274865101	0	0	-0.58629755364793	0.237284004682109
-2.65160062183207	-3.12873091631376	-2.90395607447792	-1.42816460451318	-0.274333709925624	-1.43491693160954	-3.63499230426811	-5.11210927966123	-4.44920480522547	-5.66591677488933	-2.81498984119481	-3.84233436018108	-1.0001658327218	-4.18686960831123	-5.56678061482936	-4.67529196211667	-1.15471293146645	-1.12460531754494
-0.0619178506774915	-2.11556540584531	-1.84636735120975	-0.459301842582382	-0.893176009072214	-0.37823322869116	0.419207552277727	1.5286234703897	1.67695322203471	1.10385224696213	5.00295183354313	3.02853482099639	-0.611946323140225	-0.708005929091531	-0.581617663057632	0.159340792645322	0.480349604804763	0.551348652050071
-0.466322367097174	-0.516377463703734	-0.769417855793834	-0.36350940481453	0.491280606699784	0.21159687853152	-1.70427341592945	1.3978525768653	0.957494608123435	-2.22538451880904	6.83869846695246	-0.360434304216117	0.174937169073481	0.649503122163837	0.476954704431219	0.888330414731064	0.261633493152116	0.247036012767195
0.59326850908778	5.96160336139095	3.27981162636912	0.845302900510839	2.25683989313252	1.89445738723583	0.695063166127296	0	1.20965147857062	1.22050575366003	1.77835420636747	0.556351826026223	1.33947546959092	1.01898895838687	0.773935120652345	2.06031827647188	0.891083019552923	-0.146971032526447
0	10.6212970147514	9.98612709177732	3.63119932615071	0	2.90415822229145	-3.03852486512831	-8.16585342001694	-8.03086625154873	-8.06567628569841	4.48349477796749	-0.996239772043368	0	0	2.7702719435815	0	0	0
-0.481790234438816	0.603991883549744	-0.392523514516445	0.625002290029893	-0.318258882541474	1.62415602645852	9.16570751400439	8.53909496824967	9.37377226557711	10.2279069204228	5.91932259217159	2.41142670953535	-0.28082323054723	0.448831099350256	0.57766502876595	-0.426681767222191	0.285141199965004	-0.351205927133319
0	0	0	0	0	0	7.00705354972009	9.07266728096332	8.79013297689841	10.3358116759844	0	0	-0.00428835158923816	-0.618784884925098	-1.51278488542346	-2.16656380627322	-0.961076920587611	0
-0.671372775808456	0.138296514878023	-0.392523514516445	-1.74584535755682	-0.485793989762193	-1.08667333402378	0	4.87150817111964	3.39370543971274	5.41497019610249	8.16444446785371	0	0	0	0	0	3.29969733046903	0
-2.68533635400682	-5.16105521484031	-5.12296227656621	-3.80838762845064	-7.60738457309862	-6.84212723928084	-0.625074068721343	-0.259237460988465	0.229863841715497	-1.30193579695286	-1.40770490663701	-0.588865932498527	1.80051967905184	2.34551976145535	0.9349614553801	2.75589574186094	1.46722216863977	1.16255254298637
-0.918120674999314	-0.768970197817352	2.7009374436982	6.53509375173746	5.30621629739002	3.60850801318368	-0.948610119923229	0	0	0	0	-0.71661298068863	-1.22120542302465	-0.670602982665699	-0.582358203859147	-0.246021382934486	-0.856931937223908	-0.446709819979269
0.294602479769933	0.197040977530876	1.31477551173556	0.519911174277242	-2.1139612871593	0.33269591026578	-7.24771116728415	-3.06949118008971	-7.10982292358204	-2.85313472425166	0.241002602526049	-1.38258742525463	-5.4117701974351	-3.55941220722755	-4.70763331947801	-6.1947781584233	-3.01349251403351	-0.27032893570478
-1.05389224680297	-1.65110575292741	-3.41607994911257	-5.90045907967432	-6.96457073566303	-2.0582158744574	-2.21112605925345	-1.57244596551147	-1.05099797050191	-1.32593867309543	-2.8990924057429	-2.42281906834578	-2.39566940294914	-1.73020962561554	-1.62416600145913	-1.96215038825814	-1.40869755253992	-0.676835258018232
-1.73417953838674	-2.38410215501774	-3.20174186795122	-2.19442184913353	-1.86243106518964	-2.51019541639348	0	0	0	0.398451839527176	6.36085290456912	6.31899842900984	0	0	0	0.220234895914427	0	0
0	0	0	0	0	0	-3.84543513633565	-4.24984099018849	-5.50573318577181	-10.8410466698259	-4.0052561711884	-1.72615833972443	0	0	0	0	0	0
1.12101663592425	4.67421833779752	5.09345362279566	2.5757909699157	2.8928666309959	0.340791329133901	0	0	0	0	0	0	0.239315510222814	2.24800367926022	1.35470407345235	0.251896338174254	-3.08767978868955	-1.86463148967974
0.691404052808156	-0.442228059637593	-1.27678963026157	0.374816417150687	-0.0692293032413669	-0.679248219132907	-0.235673611398557	0.148431243483205	-1.08082025933401	-1.96605812589234	-5.60665323559984	-4.56852924772984	-0.268030124645169	0.367131014283781	0.0678153111099553	-1.65220742827809	-0.917550892547883	-0.503626283479625
0.38170063589614	0	0	0	0	0	-1.24015476429118	-0.664022597075071	-2.44649178492216	-4.89627969259157	-8.51326273021271	-7.39553019116743	-2.64469065059635	0.0421584932260261	-0.326300087421988	-1.66246789724724	-1.42709778074754	-1.58792453597055
-1.42038631806821	-2.73451441296365	0.373037015091211	-9.66617033417346	-0.445802396107582	2.10767840866701	-4.10717944919284	-4.10023337455616	-3.80354327730508	-8.17490671832739	-3.21436319934798	0.267316982431292	0	0	0	0	0	1.22976913138056
0	0	0	0	0	0	0	0	0	0	12.5131002981013	8.72137180644406	0	4.32048637033177	3.40987622737708	0	0	0
-0.419967168364226	-2.03248246185284	-3.08562324983925	-1.97031416089202	-2.56702384996264	-1.18283847958633	-1.2957148902334	2.3273070034058	2.10559981207083	2.1314164071949	4.34170116457334	5.55921346058654	0.544852301545456	0.631198448432586	1.17327124027123	0.970903227667426	-0.0607093709276446	-0.565997138454076
0	9.72810028376252	10.3739667110664	7.92514340316898	0	0	0	0	0	0	0	0	0	0	0	0	0	0
-2.14420004111838	-5.46081388989033	-5.30250171146243	-3.0177418873457	-3.86510746355931	1.60198968966081	3.09067724671103	0	0	0	8.4637886659221	2.75906585801965	0	0.741906018672108	0	0	1.21450663361187	2.45528479285766
-1.27976119291591	-7.19795791830137	-7.03957079161964	-11.2051594468186	-6.1729956699252	0.525079432019009	-0.927677006621069	1.07313956465039	-0.479008417264981	-0.43621505703291	3.25221509074772	-1.90489185463731	0	0.280199163130333	0.910388406837473	0	1.93646304034077	1.54889775661231
-0.894966049012481	-1.11712941665968	1.25225543793812	-2.07482443005513	-7.28548136714048	1.03002120186788	-1.67911161673627	0.316367306168358	-0.404605974065778	0.506371487235507	-2.51118890816436	-9.18328402326571	-1.20699250425037	2.05339339747066	1.31633488273614	1.41894389448501	1.00898187939144	-2.33287735166567
0	0	0	0	0	0	0	0	0	0	0	0	7.27270236099946	4.74172840122147	3.57256365010556	0	6.56764813088409	0
0.347556155784023	0.972524237586435	1.61074887543558	0.51881049870909	-1.18696322071552	-0.373085021354362	-3.54956706456072	-1.97145254130485	-9.52084413238555	-3.72937099361391	-9.69169847348815	-2.22530311782518	0.147390779073025	0.856014056564763	0.765897401041007	0.934838853761862	0.211483924291954	0.270960962453534
0	0	0	7.12223336810646	9.55693202695889	0	0	0	0	0	0	0	0.67139925373589	0.810615174721968	0.464988842455365	2.23688774250393	-0.031249719545148	-0.883698884842127
0	0	0	0	0	0	7.40179587830715	4.27747032285333	8.31953859914369	8.78683709642328	8.88451068246851	3.00289113598343	0.0402301312479031	0	2.27106958615802	0.532851715614982	4.08740436489555	0
-0.815749222936328	-1.43532333489665	-2.84054333362984	-3.10623580228754	-1.91425807129141	-0.430992300182113	1.22316870309082	5.4713344118506	5.40162728222595	3.5444031008446	3.21694175693595	3.33006617841946	0.43605194683461	-0.284162061109108	-0.072249322943444	-0.132438485597881	-0.43147155555033	-0.454053112791674
-0.00590765989624938	-0.840530379809395	-0.809843710141967	-1.97709835799475	-1.57311668423079	-0.0494218576796004	-3.78393717012167	-5.33412489154347	-6.92687913780602	-6.0766546061886	-4.61867701561639	-1.12054284953785	-0.644815058383988	-0.533923761064674	-1.38294694246447	-3.23531181941822	-1.11711607101072	-1.03001507840283
0.39070562429614	0.162175136146064	-0.16644769733238	1.10874562934059	-0.698912050086734	0.588294466899236	4.91361390792595	4.88044401180562	4.06014098743811	5.01327197080596	2.25302016227643	0.779661593349416	0.0638031190884992	1.24115139940743	0.95982755290673	0.310413016940857	0.699673360905146	0.929197827396125
-3.42453669092377	-10.5203129281583	-10.4417474461448	-6.23567863664229	-10.4866632624459	-1.65513171296474	0	0	0	0	0	0	-4.88931335134194	-6.1641004607505	-6.55624299515479	-12.7884456855612	-2.57509818034908	-1.41648642691555
0	0	0	0	0	0	1.94505547708021	3.65993308560361	4.02231679372025	6.14806110265379	0	1.8934111042557	0	0	0	0	0	0
3.65749914959144	0	3.273732775863	4.33580877887563	0	0	0	0	0	0	0	0	2.48339758677413	6.0240173760416	3.4108246151138	3.17875611496251	0.488269191297892	0.64856896034503
-0.125150499494863	5.77921224518382	2.14877735855221	-0.824054527311622	-1.22542028333607	-0.022842131596084	3.35428216618415	5.03799044065892	3.08592414205093	0.313991186090034	3.77773001763653	3.73008647395031	-0.876752961754923	1.36718972391456	1.73402229232125	-0.200810377889685	0.3600455516362	-0.355732789779706
0	0	0	7.12223336810646	0	0	0	0	0	0	0	0	-9.4338205099274	-3.59984687399959	-2.13452260939202	-9.42728589869275	-2.82820819526406	-0.289076520384615
-2.17750084782591	-1.2595291755977	-2.663564315509	-2.63568590579673	-0.458014632211857	0.367365387670135	3.46977391294078	3.93273831808309	4.56716858966867	5.61652177492146	4.26183094247997	2.12158889709161	0.0306500684691879	1.04176003762712	3.10733660840512	2.52226856321133	3.55777765811073	-1.54718430346896
0	0	0	0	0	7.81380104693547	-0.102683746179071	2.60114331041713	2.97515562661608	2.31921558710115	2.42981798653805	-1.59070460969627	-5.85492403639534	-4.46419754603255	-4.94636872477474	-9.88456655175937	-1.48817400275897	-5.76935793740241
0	0	0	0	0	0	-6.04996346020976	0.52671204783413	0.881946420092983	-3.56430632865618	-4.1784664167291	-6.29007632624892	0	0	0	0	0	0
-3.5801659069764	-2.1229402970759	-3.49260852097043	-3.46529711995315	-1.83674575950815	-2.24860542688735	4.78381531012388	6.70998695139487	4.3890328653568	5.18946959206694	6.53104057816587	5.16413235590884	-1.57202283450023	0.798542793315773	0.553553169026147	-1.30264148423955	0.240201709178477	-1.01002472975117
4.0198233971945	8.34185554944876	8.64665450898464	6.44202018858326	3.33644490218556	0.772489376483844	0.0173194112058929	0.397051799171189	1.97651147935399	2.4219093159479	-2.49202223293071	0.168030804159034	0.706211913935824	1.55707181466468	2.5697739381375	0.540244277552365	0.545333240643306	-1.10443820557097
2.77562762136487	2.71473999192062	0.0685474133715901	0.772945067091241	-0.692529898273989	1.94941370012338	-2.80929814257355	-1.81264710002632	-1.26157373461384	-8.8155595649808	-8.95140312848827	-2.2570783174023	8.81192619880973	8.39975541702208	8.61311810221629	2.32637007978575	2.60059961906361	0
-1.19045130341403	-4.53072825898282	-4.40613884664134	0.710831220482284	2.3860842004191	1.07888524874455	-3.60602522082215	-3.76651829471121	-5.40833482239708	-9.77978040753853	-5.77796813683165	-0.791675293221368	-3.30584710065206	0.452562655064621	0.40815480480715	0.243295471285049	0.605563026367702	-0.186098638943828
-0.639133254740998	-5.66837268945624	-1.65390403251827	3.08951893891707	2.10262120446396	2.10466550427787	-3.69564909697205	-2.70928208337549	-2.40583661032348	-8.72266361409601	-1.5480211201724	-2.38436305192156	-2.22915336797945	-0.123547346682748	0.133097893688111	0.837073239189196	0.78887923827408	0.505415681125135
0	0	0	0	0	0	0	2.68329701089808	3.36922326084122	6.21434246707593	1.89530961992892	3.22760056281587	0	0	0	0	0	2.34488140848439
-4.51893864965486	-6.52658349245278	-10.546917629964	-1.9918261589532	-10.591835683305	-6.65006102539527	-7.73042320229519	-7.72707382655596	-7.59226240084656	-7.62702553203128	-7.76250014547346	-7.85152334520914	-3.09947459439216	-1.1699541388024	-2.56630710233982	-4.29180799008324	-5.03288964600788	3.87633923253787
0	0	0	0	0	0	0	0	0	7.39428024653015	9.28455576758503	11.2397832864485	0.969556231811727	-3.30551716571035	-4.74242249868319	-8.72598600696803	-3.8997017215179	-2.09893708472962
2.21092905196144	1.6199690898992	2.49443031065124	3.18828112305378	-1.63587299322967	-0.500377258905678	3.47111956732427	2.93171208896159	4.22156292996262	5.24396846437425	3.2889120889346	0.658571885951488	1.25632188986967	-1.2126533595936	-0.218560455676693	-0.82365932909257	-0.69825642282463	1.29491320497721
1.37802165215528	3.81401816383375	5.70984030687587	4.62661056144525	-0.33367297056554	1.23015225833472	-0.338598152808776	-0.531277782856196	-0.320777864727404	0.690188359879989	-0.353820882736141	-0.275064353351647	0.658963282814974	1.35146185871746	1.01386307557054	1.3473834363759	0.209701416708374	0.528267659979481
0.0761735606592187	-0.782215839448489	-1.13286445645611	-0.89010221012106	-0.865320230379207	-0.3131707381151	1.78677829490338	6.20148942670949	5.22891010031527	3.89297800921107	2.49395032016478	1.07858954744958	-1.83189738056645	-0.220365764365171	-0.515797453953537	-0.895674493558703	-0.537748115406836	-0.0207938243019692
0	0	0	0	0	0	0	0	0	0	0	0	-7.54497026194641	-5.31469158467719	-12.161373035534	-9.00302976772746	-1.22754133333335	-0.159971315209574
0.314508823920555	0.999500150209674	-0.527858195505275	-1.35046578602822	-0.969246298276013	-0.436122197963866	0	0	0	0	6.32358026112928	6.9700948450045	-1.27838038560237	-1.38469250023114	-1.01927072026315	-2.03143900599652	0.385321779762438	-2.57768662673568
2.13571947055487	1.85986690680147	1.63345824382043	2.78166005064213	0.173539281394242	0.58430731836832	-2.04392629741055	-3.36401765785977	-3.72547627798898	-8.26318270292443	-1.08400702149531	-1.64496426080779	1.44902966602463	1.10473134266704	0.416224719761249	-1.03966269376377	1.22267131826219	-0.603674374383454
1.08071459982191	0	0	0	0	0.883733232505979	0	0	0	0	9.48170590551383	7.43087910344397	2.2472566319984	0	1.5142318730311	2.0387350603614	0	0
0.183998525907858	-1.55340877534403	-2.38060392011678	-1.36296998595888	-0.403303554261725	0.41959582363689	0	0	0	0	5.89905818374911	3.78901839956144	1.44163480954285	0.584947004137032	1.44686522451735	0.877426239508393	0.296798066211032	0.858350335024989
-0.843816708799303	-2.09398933242252	-1.97151571968501	1.14201981913157	0.999845335034327	0.296823685439335	-1.17100111476431	-1.81157556325921	-1.14696284287343	-0.233385884468925	5.84409016618119	1.64704661975064	0.589320169384489	-0.855580803295555	-0.772468265930118	1.39185985662912	2.0107111610172	-1.19834708936091
-0.0318413088965382	0.0735413295306413	0.0384477665815606	0.383382719659146	-0.00626226059133024	0.136149387091764	0.886929924850714	5.44894733485575	5.61619848778725	5.88328430075352	4.53127748483672	0.688469462841704	-0.545334486361018	2.94104017286685	3.38966635205299	2.1671559164351	3.07449960013258	-1.07629415498969
11.5772646039688	12.6252495457464	12.786956841764	13.3846052716827	7.37784905079687	0	-3.84119622015454	-2.204467757979	-9.81244030790369	-9.84734395198992	-9.98333484161448	-2.40207142139365	2.17523105000301	5.02505689030216	4.37722823122623	3.48317594661284	-0.269781222134876	-1.00788897198386
0.650241610351383	4.34525062666239	5.1401144031445	0.497366464842367	1.12845855027834	-0.00767074430987132	2.99097932345011	2.99632462915633	3.20095735511404	3.59291781675213	0.506718092794076	0.73027077199067	0.0142854647859391	-0.762553669070722	-0.092894014098836	-0.278775227337917	-1.20818237985872	-1.35742275665022
0.268403272821594	-4.37680100037674	-2.54436872720912	0.486296144682315	-0.824785612634937	0.407708696734115	-6.90275803679594	-1.59466718738612	-3.50717198980537	-5.91896161284143	-5.72409671535647	-7.04315386519104	-1.94328611136705	-1.06482404721137	-1.22313269710287	-0.734287039915379	-0.996312656180544	-0.0791915267084456
1.30710458156887	0	0	0	1.8622993227179	0	1.08855434163989	-0.548269966128192	0	0	8.5985621932031	1.49881029203991	0	0.743458645536148	0.724722716280103	1.60100866920917	2.65544993035581	0
1.59387598377139	12.7874696436285	12.3926763794072	9.61750136758284	4.3794361106006	0	-0.818210534815235	-0.233124363674559	-2.45395991330621	-6.82513384370811	-0.43155373764592	-2.04025600057673	0	0	2.93888596482789	0	0	0
-2.72854087075495	-0.863178266588447	-2.78600547858594	3.32294885399046	5.80401584730736	3.90961434891333	-4.07979375582855	-3.52367992417998	-4.08732951934165	-5.1566237565487	-0.99825233733261	-2.48707144810438	-0.425742270233354	1.96571891352998	0.438473050534951	0.237304945547637	0.394421026701641	-0.0524216529164758
1.87088792296209	2.5718373954534	2.05828887286316	0	0	0	-4.33918622260865	-5.20389212510102	-4.37595681963118	0.0113455895763217	-7.58477113154888	-3.76544805370182	-3.15128254035225	-2.41704575007732	-1.46903388351776	1.18538826954673	-2.57939437180069	-7.07220408935843
-1.44266301686962	-5.19148980854592	-5.08544652997616	-2.01214002471685	0.186236533266776	-0.00728600663546669	-3.12489499801614	-2.7972226878111	-2.54058157394434	-2.43711756460664	3.02848042485857	-0.875507910075563	-3.9971503047195	-3.17022127656366	-2.10861820689157	-3.29258504024756	-2.32664308532719	-1.30367912977722
0	0	0	7.02981416141975	0	0	0	0	0	7.31054387200825	0	0	0	0	0	5.06852166262391	0	0
-0.862411717368366	0.766647712640561	0.0398328826859145	-0.705517074110543	-1.64795441856272	-1.00497410256801	6.06518091636872	7.19239802171213	6.72451752483778	6.02579797951321	3.44143126918652	0	-1.0988166360943	1.47425313413841	0.231956334470806	-1.08633337173632	-0.941229854643145	-0.84419541330934
-9.97611571266282	-4.64230531431012	-5.75447034768478	-5.72710777571726	-3.90920127512413	-1.01552820082603	0	0	0	0	5.0171042081235	0	-3.13037201353937	-3.00546342199107	-2.50656690631594	-3.11783030420421	-1.71867266782664	0.158340237216863
-3.18034386668329	-6.25876467767846	-7.98011182165688	-4.3981814625771	-4.89478812337018	-0.347185170562948	-2.06481195859502	-2.05774995629894	-2.07072473353759	-1.57948076912741	-0.774046823054486	-1.64416612103519	-4.94549931827367	-4.87378156963859	-3.74341239703199	-4.70796847717	-2.47413446267738	-0.145397470137909
-0.580463762458939	0.75878067155397	0.36548092306126	-0.402529177209113	-0.468012846841204	-0.263287725828225	-4.36798841772986	-5.61655124518916	-6.13536264106173	-5.14526741323729	-0.424248245170051	-2.60656639357033	-1.49960005824225	-1.27960821477004	-0.691956708836451	-1.10890007506325	-0.619171283922095	-2.69516667940403
0	11.1726491438428	10.0288736852654	0	0	0	0	0	0	0	0	0	0	0	0	0	0	0
0	4.13885354576161	5.83814194373293	3.64564741590939	1.29705494581005	1.68447367969569	0	0	0	0	3.11204065078013	0	0	0	0	0	0	0
1.24969801879014	-0.205737247079227	-1.09657371409337	-1.11412706801754	-0.606870799740386	1.65517916445177	-2.24072462133164	-1.84807845469154	-1.72266734212783	-3.11917259945296	-10.0687708816452	-0.717239785436529	0.54185741229851	0.466004655971826	0.791351358962213	-0.419757751210524	-0.914510540955155	-0.320527614941564
0	6.74418234803443	7.88926485499868	5.55005601856108	0	0	0	0	0	0	0	0	-1.09473888218054	-1.79760214992387	-0.157144739632487	0.221251755027682	0.309751654249866	0.388482660272678
-0.24078157710468	-2.68833305143117	-2.52559718126822	-2.3825312476842	-1.6846625099597	0.547016157036777	-0.253687330530254	1.37295845505527	1.94093250921276	1.88762817449824	5.79946223264634	4.09503811885912	-2.29803341050137	-0.3772568101725	-0.551333520147135	-1.36824761101394	0.247689037934805	-1.01904187370889
0	0	0	2.94107834420104	0	0	-4.2711252970038	-4.8352394824384	-3.55230693001982	-3.6341444757041	-4.90894698581392	-5.08592139453828	-0.0876093281057946	-3.99461485890457	-7.30534085309786	-2.48438308759817	0.968849358707888	-1.60353706011591
0.766126538535067	3.84691400226476	5.84615812666722	2.00734432862677	1.14857647889929	3.44392571215972	-2.45974781836945	-0.953607751944113	0.0263781712617784	1.1508582568296	-0.707946219398772	-1.2806322810355	-0.0258135943500742	2.39373602675049	2.51812711252846	1.41287282782886	0.239924511913453	-0.472854807710649
-0.477573314634368	-0.677460512699098	-0.683311340126833	-0.943605293066427	-0.283002463538986	-0.281068315504793	0.629382110565557	1.69017303544221	1.20384146274345	0.632935926317973	5.51349622833638	1.37931676881329	0.266154199023674	0.0422750900017491	-0.219402861570488	0.190727013988582	-0.685950581187885	-0.158958557543342
0.551532367588904	2.208198333479	1.83729107909641	0.268713162591767	0.664299114360572	-1.30414667788624	5.22832244857831	3.70808387100817	3.84858083903907	4.25978142712981	4.20923063473156	2.11884660821627	-1.39751927794514	0.0764139142122338	-0.759525576132424	-0.276064379011992	-1.38589747902916	-0.58261009249906
-0.0154240479331029	-0.20955052303209	1.03297071087845	-1.7726125362982	-0.369642675250185	-0.615311075810366	0.599921057815157	-1.24346797980946	-1.75255236089136	0.46636358640785	-4.41020093055918	-6.51026689059844	0.370264108584063	0.015770838918261	0	0	0.982406515400474	1.50148799239562
0	0	0	0	0	0	-2.99579667642222	-1.53286312478261	-2.28606758890784	-1.56135528103572	-1.52685320945966	-6.11703791559092	1.40558817032711	3.88288945941406	3.51101553776417	0.896357057477463	2.68460549778299	1.49333045716721
2.20012248509911	3.75072215188088	5.30722819099832	3.12749031565814	3.44674078288468	2.5943281079048	0	0	0	0	0	0	0.432791943779199	3.83514173742066	4.37153175310598	3.41767130888346	1.3768229491553	-0.39718340269759
-0.0873816547937316	-0.107489251585142	-0.257513471303139	1.44281502700662	0.227962781178285	0.700307500974139	-1.79747224111347	-0.233124363674559	-0.190319722095811	-3.46189481708944	6.74356456970195	3.69641698527884	-1.56111953824325	-0.902828606120273	-0.497888783785262	-1.42673766091177	0.264926435200434	-1.75256282547614
-1.28151769954184	-5.22302517743694	-5.16411381800912	-2.18122576138015	-0.147415802547375	1.28546955541026	-1.98039319915932	-1.74027488759194	-1.29855198327161	-3.80891884709759	-2.0477993413774	-2.06745088266776	-1.70828742593539	-1.17022769523355	-0.732351229232235	-3.1140036085932	-1.69907115634202	-1.69450455384294
0.216631138654443	-5.67526422183589	-7.61977442957815	-3.42120811927639	-2.58438117207019	0.847245471738011	0	0	0	0	0	1.10443753201206	-1.54009776326546	1.23838568466914	0.821299783410404	0.496380791860861	-0.904085786022581	1.14117930702699
-0.871107421862171	-7.19080747581287	-6.44538028076765	-5.97366598890969	-4.55337076854542	0.21822495237488	-2.10595725295704	-1.20095248703148	-1.11727928686959	-0.719425683274684	-0.913831495996086	-0.509273897686552	-2.76401297638639	-0.544889332419552	-0.247130342955484	-1.58939374504765	-1.1473853401888	-0.26203512367041
-1.23808299953423	-3.14588716086527	-3.70967823133166	-2.11512453661047	-2.08626564750299	-2.02003260579976	4.10613054990642	2.80803274196607	5.78697155134256	5.40425363641635	4.42569866029555	5.03572666572862	0.0809513608801122	-0.315552132189366	1.55208901381401	2.53564405249955	3.61337635388497	1.50986312716121
0	12.1443283682347	0	12.6913746533307	15.7161325354173	0	0	2.15526249610322	0	3.87435079481252	2.13994696460265	0	0	7.81575125286458	0	8.74122331324119	7.56745558521535	0
0	0.159801904454192	1.93883582836878	0.212974185531446	0	0.477022692754984	-3.33881397523354	-4.29920825127539	-5.45723845394478	-2.91612458888066	-6.00312000428805	-3.11426185774345	0	0	0	0	0	0
1.30105151307418	0	1.16975573770389	0	0	0	0	0	0	0	7.16475032350432	4.30352380128603	0	0	0	0	0	0
-0.521099743932976	-1.91036425130982	-3.39972338003857	-2.46661786570227	-3.11653853131536	-1.31496480927252	0	0	0	0	0	0	-1.87816313919296	-1.11044985679836	-0.990716914472187	-9.40982402608845	-3.03081267787683	0.111099585808815
0.612582724645331	2.87325484588552	3.49614179599142	1.79274968475702	-1.95610612279343	-1.1945399240537	6.52334371870551	5.48069700253686	5.6140435582852	5.7907251221728	-0.095795643247191	-0.156561080971974	-0.952896407438691	-2.1176574262047	-1.78909997066158	-2.14383007240375	-3.50481436845706	-3.33332700844345
-2.70684470575629	-4.70048944569427	-3.61257339620209	-3.97430719680502	-2.85484745908886	-2.1509404870717	-0.444449982415602	-0.739272045006489	-0.320905566442438	-1.02753680008915	0.0336715125588811	-1.81186519297962	-6.69378891037416	-4.09904869003152	-3.50063110194052	-4.74876713631724	-3.76496294604353	-1.93809201666853
-1.16762251934749	-2.18815416755164	-2.28103444559138	1.16944129659064	-0.172201578193111	0.16654850259474	-4.08763288405913	-2.81020711505169	-3.3021777322737	-6.42091078239735	-1.85325291077138	-1.28993907615028	-1.87430372506947	-1.984014355385	-2.11766490175243	-2.11882914222837	-0.887996925506332	-1.59072823640195
0.847983462374909	-1.6947983928135	-0.928932435956326	-1.85567703472239	-0.0674027418158005	-0.705679110862467	-2.84901332582229	-2.31423354711388	-3.37833102973434	-10.0134228217651	-4.07444645178622	-0.367281528269403	-0.299574901659017	-0.989656417707119	-0.667980259059903	-3.88866971362848	-1.29395099553612	-0.100815143117592
1.43520357653726	-2.74560376743201	-1.15208909369153	-0.00672870903005532	-1.12160903663794	-1.57611867613305	0	1.85255858891752	5.50273956868583	5.33551058253446	0	0	-1.54745820325969	-0.629898404235767	-1.06428550265133	-3.1897971552748	-0.252467454190164	-0.182177105220091
0	0	0	0	0	0	-2.11702907626328	-3.06949118008971	-2.77327914172385	-2.85313472425166	-7.27972847064155	-3.31586870353986	-6.23027617277144	-4.52777491648855	-9.65360998264262	-9.59520794537887	-6.93954318366406	-0.30493055583748
-2.53309844976786	0.902237417838847	2.45224414671616	2.08879638244005	3.16120236643935	1.47337634201979	-3.73861806631304	-2.74196371886367	-2.73461311333681	-9.74477381778874	-0.450200799303946	-0.390426216027433	0.270178782806911	-1.82567352888756	-0.808913873602541	-0.441623104703177	-2.06117431726829	-0.708163162369568
-2.856854755849	-6.80268904575222	-1.65765555320455	-5.0855499203623	0.465244770842372	-0.666789297352134	0.0571035713247071	0.251699583802573	-1.38157788512235	0.712260441966319	-1.33672471067284	-0.658939330048023	0.711830990922566	-0.320674249220513	-0.592317380076471	0.188054168766171	-0.686624537054689	-0.437443516861498
0.0613137269103157	0.727295295342745	1.06212667785069	0.89263769862229	0.525733066922303	0.0893004787649408	0.833546905990286	5.84268720766399	4.74309107197348	0.921283505662659	0.297865313177515	-0.151084446008502	0.143139194520378	0.400957777415381	0.346277638201331	-0.561285235740541	-0.100695477206769	-0.0756628072059558
0	10.152971734995	0	0	0	0	0	0	0	0	0	0	0	0	0	0	0	0
-8.71064996568383	-8.74619999444939	-8.66776765646848	-4.46172177692621	-8.71260646945314	-8.81055026103839	-4.2550043295341	-3.5823024619241	-4.26029257122473	-3.36054426283517	0.472848643404933	-9.8208641911185	0	0	0	0	0	0
-3.52058117872159	4.23914012551694	3.4700077789351	6.2118818664746	-0.113303304250476	-1.52017752744494	2.30495407058779	2.23007596717168	0	0	0	0	-0.388198628224456	-1.98366174081818	-1.6399055512208	-1.58057103624594	-2.3211168323557	0.136475323053842
0	0	0	0	0	0	7.61981837940195	0	0	0	9.01041836701972	0	0	0	0	0	0	0
0	7.48725289562003	5.91613979383689	0	5.55919615793294	3.57430643331199	0	0	0	0	0	0	3.71768784965457	0	0	0	0	0
-0.829920219117514	-3.44229173483985	-3.00185745412244	-3.35779231857781	-0.59193917727277	-0.944479913843393	0.330807103764292	1.47746287521128	1.43504869504962	1.62971087249518	7.179023927834	3.49364180507959	-2.03867325647444	-0.827308676216902	-0.158049029319173	-0.458767162777278	0.0597468974346443	-0.383590361312962
-7.60360766272245	5.2250345155333	5.36581723175957	2.37288856239108	1.17287170008268	-0.74222109868823	-7.31764838442857	-0.88285768650718	-7.17971478919605	-1.96035613356725	-0.116706404215767	0.232033843394706	-8.19092204501868	1.57470207408094	-1.47204339766869	-0.764981054403908	-0.400372483514467	-1.55739354189529
4.81405693194046	-3.1465122804088	4.73070499456125	0.664384450861432	1.16153809011774	-1.74434273523233	2.90301537590219	0.889347125542181	2.24574197499839	1.22654496855274	2.13572100911042	0.970443776362654	6.69188900130528	1.88268625761445	6.0462580125198	0.669781687503463	1.81036599644755	0.484264499057692
-1.00254070184097	-0.694953824918528	-2.45905198433306	-2.32053370732299	-2.74726300853832	-0.654939251339709	-5.08943523313724	-4.02246670266054	-3.66105648639501	-6.20407947154527	-2.56555443253475	-4.52606009292808	-1.70970538234017	-1.3077712695265	-0.795908414757981	-0.957186299670976	-0.922027163649916	-0.0476370383538917
-0.654544499474302	-0.647239732486337	-1.4416917512272	-1.57304616008605	0.823639857059964	0.14330915734957	-4.08819806261344	-3.84240667107588	-3.65237124922418	-7.18478849360987	-1.23626605013629	-0.416962069975986	-0.275349579959301	-0.374258508709083	-0.68849271667889	-0.365707836594315	-0.607791827265393	-0.263771816971696
0	0	0	0	0	0	-4.54223276887629	-3.23810716974571	-4.23385573702653	-9.56914194238588	-4.03804184021258	-0.945583860924144	0	0	0	0	0	0
-0.0919794107907401	-1.8758176211336	-2.99571960243457	-1.78229350429402	-2.15216745833961	-1.3955389073077	-5.18370700915886	-6.48593532353044	-6.37219802652727	-12.4991037277697	-0.707976752544393	-3.67137888734773	0.295608878986622	0.110780881677163	0.343051994075641	0.21143397126244	-1.41275518890611	-0.523667994448085
0	0	0	0	0	0	2.89953427082973	0	0	0	0	3.49113126330235	-1.1070157860462	-6.27172623131306	-5.57094130020553	-4.997419709148	-8.68584784848689	-3.27160672733207
0.240637122488222	-3.18447390156147	-4.9060564447445	-1.43858389161734	-4.07514543444298	-0.44244565300311	3.62125589117687	6.53833966849314	6.85673018258476	7.3894152808378	4.29008739981678	0	-2.77341371478791	-3.22539644004596	-1.98098445212113	-9.05286842199112	-2.7978736811158	-1.62488477579673
-0.0338213289726698	-4.38929352511335	-5.20675591804143	-10.3319571845084	-6.25803149723659	-3.07078869579316	-3.14636315376411	-0.88285768650718	-2.84317100733785	-7.21441869110356	0.295931516459603	-0.654994267150083	-1.5956137358291	-3.10825747831585	-3.4279811785141	-4.89384708043122	-1.97714614242998	-0.512072869117605
0.493099211632737	-0.843681990187337	-0.18335893212328	1.1090345764128	-1.76116176624547	0.0223572096199522	0.362261150413091	0.689197617625379	2.05947957956581	-0.399269896741121	5.27898710998064	2.48257270636189	0	0	0	0	-0.269227778685064	0
-0.500178732650414	-4.62039284938109	-8.64086754036467	-4.43482227070653	0.408552535273191	0.974771625168817	3.48048768536282	6.68786124105364	4.71002462661049	0	0	0	0	3.20476811688165	4.64429405116332	0	0	0
-1.96895843722178	-8.08169297628983	-8.4269273880035	-4.59892900102065	-4.23245804180333	-0.118126474417917	-4.81391246101345	-2.29014670611636	-8.84663832573974	-4.59012509381718	-0.0783544779989275	-0.554743054402421	-1.1913440948718	1.05209915099905	0.892454917695835	-0.0139557985616419	0.28265394858802	0.937329510583853
0	0	0	0	0	0	0	0	0	0	6.3463872891571	3.54743158001534	0	0	0	0	0	0
0	0	0	0	0	0	0	0	0	0	10.7477480885649	0	0	0	0	0	0	0
-0.357655734131058	1.25563568179872	0.967417928755484	1.6511320006227	0.216123294631937	0.95345309099271	0	0	0	0	5.92757053800165	6.32241720353979	0	0	0	0	0	0
0	0	0	0	0	0	3.99265004797647	0	4.03419890212714	4.21625452900698	6.35531375601163	5.07117687465293	0	0	0	0	-0.58629755364793	0
0	0	0	0	0	0	-3.83238826243366	-6.83733984739468	-4.74866373316522	-7.84226498933673	-3.97806178907491	-0.298375083244724	-2.74788243402897	-3.45122170055688	-8.33397864741632	-8.30265331111852	-4.42936869667843	-4.18752716741851
0	0	0	0	0	3.74438339389494	0	0	0	0	0	0	-9.58213895626114	-9.6541788939749	-5.59207258385183	-6.44867699925633	-5.70248528390912	-3.52599996501565
0.208758473547688	-1.81205776195581	-1.02872995274625	-1.0744472547278	-1.61126576057326	0.0856556237603089	-5.10485442079749	-5.0979029296072	-3.26442973032322	-9.17240851160513	2.74826031527198	-0.649819192784929	-2.06903063823938	-1.79299574537683	-0.955073653545224	-2.63377821375234	-0.824490053712318	0.508703585492247
-1.47408588167774	5.90145203468862	6.89318690445878	0.0896142598652635	-3.41502541774721	-2.64928827074298	-0.502934559358283	-0.42581395439488	-1.91087462207521	-7.81875805626402	-0.890071984202098	0.780842141175096	1.70774504141428	-1.5940852096462	-2.47059600444994	-0.236634805042567	-1.11576195708091	-0.190381321918766
0	0	0	10.0320823748989	10.1038148436274	0	-0.148249388764465	7.33774248162977	5.52003528827825	4.9013028420059	4.11852390199597	-1.38258742525463	0	8.20855441436725	7.51566118554136	0	7.87628986586856	0
0	0	0	0	0	0	0	0	3.42365458781334	3.21802297560699	0	2.6139441605686	-2.66769932643984	-5.52941529747609	-5.44375065301748	-9.42728589869275	-5.55415503964672	-1.03825423420322
-0.0909370006711029	0.520423682324744	0.171068159393579	1.96535131069271	-0.0949868032880711	1.24318302824208	-2.62438552298457	-3.60157027973229	-3.8872566401681	-5.18153671501229	-1.72636470931304	-2.58922431437083	2.65024588728512	2.05893145643033	1.57704157975002	-1.29913362500896	0.195882962979688	0.677843142087587
-0.633040683709862	0.892083843254556	-0.329803906823362	0.409347151913462	0.623995590846091	-0.36196950175806	-7.31698514837327	-6.2367609156139	-5.93117706614159	-4.75604808234169	-1.50585167977447	-3.7715047259112	0.693997185331154	1.39846369743095	1.82561403182472	1.77334143595255	-0.415551741738482	0.119733334141937
-0.0400261417777995	-1.40763819020615	0	-1.22018137449868	0.535168712747928	0	-2.35566092588988	-1.35202526134129	0.108312858669599	-3.69773652402518	-0.0252966347319621	1.43477322479687	-2.27526673898199	-5.01027818889414	-2.55572680070384	-5.98966672718088	-0.558231950973533	-2.43277191881299
0	0	0	0	0	0	7.41928429960639	9.34285648812255	9.51321152343108	14.6230787983212	13.5946350945434	0	0	0	0	7.65913029494878	9.21242070101257	0
0	0	0	0	0	0	0	8.61993916865418	8.82109053098808	10.1595303124766	0	0	0	0	0	0	0	0
0	0	0	0	0	0	-7.75135445987335	-7.74433050730719	-8.93559888737861	-12.376774747499	-3.90117879168238	-6.61628447448745	-1.54027409742394	0.871663150782416	-0.156997750197077	0.437815620789086	0.173197013819667	-1.14081086031812
-0.199731457251138	1.18185293334145	1.48864751312376	-0.0731256140501632	-1.52097559263593	-0.298881563701537	-0.129485695524067	-2.99938167302208	-3.97289067515486	-4.8533783929033	-5.53546203653649	-4.19023444686813	1.80796103758136	-1.1554420929133	-1.16412315563712	-1.79874552335827	-0.403004977409152	0.113837072791134
1.61189833732645	6.90120935462125	7.29176326317149	1.50523492576828	0.0677066687431967	-0.102830603895745	-2.29727093735569	-1.70984386628928	-1.25390875289964	-0.57372861034619	-0.711446498157901	1.92859511416173	-0.110259294037666	-0.874660380631697	1.58037413888652	0.613291003974342	0.501602001939142	-0.503124615171793
1.20021801525235	1.70496613080704	3.49409751328504	4.66316968238634	3.52289144876186	2.48254402052051	4.31327952953356	4.42202071454932	5.41063259544216	5.0839299173175	1.96458853167873	1.13353058021928	1.16880271232176	1.90641631258402	2.48556953199539	1.31389611058663	1.8949496130335	2.27758543341603
-0.397431469721338	-2.01575836476608	-2.27072029737492	-2.60266989046176	-1.35905798416934	0.303072971086441	-0.960446214000976	-0.779914202790935	-1.88800119174	-0.252742321931242	3.75607251042859	5.22411046456873	-6.03645083286391	-4.66462130392334	-4.75906237744475	-3.9663634003621	-2.83534968917693	-3.99406546862667
-7.13255819768583	-2.11176133934276	-0.972200572008207	0.214147006317708	2.16293747089549	1.04398395499092	0	0	0	0	6.86689257306078	3.02006054078032	-5.09991141877691	-4.09025393280233	-4.57717584454846	-4.51765073990513	-5.25874638684846	-1.84346988814934
3.25681495114599	-0.0688130085759439	1.92291990767885	3.80122374951931	0.122534245344026	2.70491525568555	5.71632099939131	-0.243993650500111	1.88727921312044	1.64709901147391	1.01562230065442	0.499648036310079	2.71727847611238	1.78003300028151	2.19592421630196	3.24866863963415	0.475355934965612	0.42235685488891
3.76893646522587	0	3.12898044193711	4.85720513182039	0	3.16909477474841	7.31908459754784	0	3.09629663702718	4.01059693195818	0	0	0	0	0	3.74855699898017	0	0
0.0797055633150707	-1.0355923868026	-1.38966490825345	-0.933892356442964	-1.60623428230663	-0.687833956041721	2.83076574104122	4.63874665649216	5.79034309563844	1.61913587200705	2.65963761517664	3.45593007480816	0.0648585578895283	0.50220517080697	0.847605251476031	-1.03078727991376	-0.111051168839101	-0.557750613936512
-2.0800940866965	-2.52913776280662	-1.60442884644413	-2.07675369971239	-1.69868793635172	-0.385331070694602	-4.0512039737021	-5.71058497062371	-4.82640012317825	-4.64723468079481	-2.31528847019897	-4.71130680970434	2.38581011930715	-7.36645676035747	-5.3025137956565	-6.4947618744418	-3.29305288788803	-0.542600123888341
-1.30657464056858	-2.34494104846357	-3.498320149863	-4.0505832815101	-3.95227225771435	-0.672174518177648	0.133703749908834	0.374457076637674	0.915815494850745	-0.109325433502718	0.765202726783628	0.108611021490959	-2.74826022154322	-3.4773658715686	-3.6109324680824	-5.92448895634611	-3.86844936816208	-1.24907651561858
-0.207312906898312	-1.34494733627537	-2.16429177545486	-2.13609233915852	-2.11404635280799	-1.32059565589588	-3.48614541036396	-3.04386026702547	-4.21622780404642	-4.60561789137456	-6.11220659865587	-5.68004243604608	-3.27556011759285	-3.27849251375251	-3.39733912237943	-3.06551562493894	-1.35621467254071	0.267356836057324
-0.52617929809382	-6.1369297393387	-10.0222439854328	-8.43679191941395	-2.51420556995685	2.80177437657977	0	0	0	0	0	7.43087910344397	2.33092632903602	6.96022437390473	6.50505262887835	3.8812328083326	5.82643717912273	3.71133924922211
0	0	0	0	0	0	0	0	0	0	10.5542275374518	0	0	0	0	0	0	0
0	0	0	-0.772878558276286	0	4.85265160707843	-6.03326302441675	-4.31827784626169	-8.46620963480814	-5.61226380206994	2.77943249574242	-0.782451822523792	0	0	0	0	3.62370464326058	0
-2.44459372821786	-3.91145343703947	-6.48640237863599	-10.6519936187234	-0.933238217797749	0.130675341579329	-1.64745979746075	-1.85881021073531	-7.42966052322631	-3.17302202899915	8.19616870993509	7.37005713618092	-0.590393969224795	0.335436303056457	-2.88613632424373	-0.895230964045299	0.722826065390225	-0.0228359263723401
-4.07044315820495	-5.23031500290785	-6.20770380121465	-5.90160452142635	-7.76511253987573	-7.2943576527777	0.258151320159171	-1.79044059224952	-3.38426322317424	-6.82513384370811	-1.55042548590862	-1.06284014506721	0.674113655252763	-0.233276123398906	0.290932048583936	0.718474959363678	-0.314610773560991	-1.7887948751044
0	0	0	0	0	0	-3.97106262162831	-4.53517758213141	-9.53424646396239	-5.27776166279101	-3.31247859367191	-1.0466396492819	0	0	0	0	0	0
1.26822151631736	0.866136288807737	0.19123251756643	-1.32962164930799	-0.20841672993826	-0.761459064203934	3.09224136457398	7.19549174470971	7.0859678126928	5.16650817028623	-0.112885794832035	1.15116932482947	0.920412197118064	1.92915024872301	2.20576973986224	1.07460615233466	0.377090047822032	-0.968863496114749
-0.897961212901754	4.69117668761221	5.75045492308685	6.06765904030665	1.74707794598195	-2.08531628984801	0	0	0	0	0	0	-1.23799849878928	-0.892724190502646	-2.57914194644993	-1.54281530410557	-0.558574706007942	-7.47910636556674
-0.724227716676036	-2.3038221312937	-5.27196431165627	-6.223562275745	-4.91214544516888	-3.02476209802996	-7.73042320229519	-2.9941081887548	-7.59226240084656	-7.62702553203128	-2.6662742882113	0.438084880157814	-3.07057366796422	1.99698551847333	0.162580623670413	-1.62775976608759	-1.67636566979661	-0.0229501670232387
-0.154029578779012	-0.632297070795944	-1.37347986356128	-0.351349763788422	0.420455618017282	-0.622053020804282	-6.24467680515452	-5.06290638944099	-5.86979132105738	-5.62085371559801	-3.07317219554896	-3.83365050750173	1.23117112120347	1.12871301508276	1.04997516050173	0.867563863332965	-0.402260121993062	-0.606058721232924
0	0.504276317664451	0.665772086745344	0.693679679276477	0.0917977110747226	0.378368543508057	-2.75686910146988	0.874818210781463	1.43183969759845	0.790313190125965	0.560611440883592	-1.47031024643	3.98918051581655	6.99458147901583	7.49704029860108	7.21649179697123	3.55790547515212	2.38927969605276
0	9.10224289781109	11.776646077088	11.6630323252779	0	0	0	0	0	0	0	0.993474160457528	1.82742144616472	-0.724801490452187	-2.88613632424373	0.0932524285026745	0	-2.75497651974649
0.667520142641625	0.134496573137919	-0.409395999143334	6.07198094935326	4.71145660045178	0.396785556902803	-2.65431529461176	-2.14673222358159	-2.28333229979453	-1.36869461247281	-2.55269954145412	-1.20595342431498	-3.16505362287141	-1.74379092468519	-1.7932285887937	-0.615576974684845	-2.79373897152958	1.21218053001953
2.23686584688617	4.97225520805332	5.74326500834515	2.80411342703217	-1.47613475809125	0.147681135159532	0.585029505600182	2.54244917864711	2.76384125544182	2.78841674533746	-1.65582314403115	0.0946142096368207	-0.814410943341239	1.07005320847732	-0.517261367974653	0.314529126359426	-1.42709778074754	-1.18032442836394
0.527230276020831	-2.06663839937162	-2.383142277998	-2.92140123004568	-2.58149740455068	-1.79758820741375	0.224771244542158	0.439254102734827	0.759693184137283	0.366761555214869	0.923866571801528	5.18867561002905	-0.895806798678255	1.07256900913192	0.236470820284588	0.237724694221178	-0.474441616727035	-0.14120016189394
-0.62745156959533	0.643362817913777	-0.801639885125354	-2.53197842423312	-2.80209125910607	0.0220335432181952	-3.60883769394597	-3.24179832196062	-3.7782250372568	-6.12194483380571	-3.67622514273815	-1.15009271298908	-3.73339045978901	-3.54405725393277	-3.46025731851095	-3.79561321524963	-4.23477253840589	-1.87325770908768
-2.78421069233863	-4.85181476018854	-4.99558113714787	-3.55737210971756	-3.9946543238723	-2.27587240901168	-2.5803444674862	-0.196107954759023	-1.53467431318243	-0.693408172454228	-3.99536282776652	-1.64496522923888	-3.16272490245458	-3.05519047986629	-4.86236971878758	-11.3544813197706	-4.31860489316809	-0.80283704527061
-3.27591977504045	-5.95938221983593	-5.59189249497115	-5.02258735136666	-2.49990734908468	0.410081954778183	-1.83321524519721	-1.6038971712447	-1.11616865205869	-2.49240070024953	-2.52797512638401	0.696720652737751	-1.47602239657414	-0.773754441736419	0.0282073853893749	-0.434240162780993	-1.67244943702195	-0.282729314692567
0	0	0	0	0	0	-3.10818241237656	-5.22348705970704	-5.03339712180038	-7.63768766653691	-3.00903191750198	-0.518627960557745	0	0.744627481463839	0	0	0	0
0	2.74093852578731	8.10326421728143	7.94952918767516	0	1.45455904587534	0	0	0	0	0	0	0	0	3.01633612857155	0	0	0
-0.421911523995348	-2.00350874185678	-2.03152796073096	-2.00362244321019	-2.91409340013981	-0.192497546922323	3.87953236082767	5.42318328468598	5.28448440320867	6.35379113648244	4.74581717869495	3.96020294431941	-0.507838408098683	1.08471073243985	0.0941468350176023	-1.92282370423606	-0.93738363462284	-1.85621288909561
1.08071459982191	0	0	1.77789367370891	0	1.29491597450813	1.72466342876405	5.05295962286636	4.39084512965576	5.02689287768143	5.59904630103184	3.86210750556245	0	2.12617992472483	0	0	0	0
0	0	0	0	0	0	-0.723369652575093	-2.59269766172398	-2.29187167391069	-7.62702553203128	-2.09543914973581	0.639117238377516	-4.8765943687822	-9.54015532040675	-5.47805391293976	-4.46416582399573	-4.63538840321721	-0.623936595533308
-4.51942488278009	-5.99973222821801	-6.04192927339373	-5.54791335098441	-5.83889179880935	-4.02050493293416	-1.49294683032958	-2.58105037091371	-2.08423616943552	-1.94501672995701	0.0535414738331236	0.914452958062104	-3.19894031771766	-3.21976641825701	-3.37030989034377	-3.4463463304471	-2.36750766901827	-2.53128762626483
1.09537592419804	-0.47909407692125	-0.157984082694057	-0.625916462212155	1.1030918761115	1.57165036313552	-1.96131784630487	-0.689887852028084	-0.612155591997104	-0.694441695456175	5.38889392763294	-0.3257915260779	-0.722052740462684	-0.454495891272242	0.997126789319739	0.521857932139658	0.293186206814558	0.253246626379974
0	0	0	0	0	0	-7.01033347290419	-7.14868009307932	-6.54021133936019	-10.4449677432574	-7.96818984046877	-9.93857536430936	-8.45313338622316	-8.52506434884865	-2.93882191011084	-8.44660800625635	-8.53892119345978	-8.40813649759227
0.0354117472782465	-0.237474176498141	-0.395013813465486	-0.280136810311247	-1.16047658868495	0.832374298184937	-0.50210901553527	0.23749460352566	0.483402364850069	0.721962486312082	5.54166073590811	2.97767153126641	-1.61060029537066	-1.28022959476218	-0.158245922895811	-0.781119434269813	-0.124087795264839	-1.05733161396393
0	6.98655252445278	0	0	0	0	0	0	0	0	0	3.1710426902367	0	0	0	0	0	0
0	0	0	0	7.05808783406468	0	11.351550094708	14.0814734251029	14.2435223187257	13.1554911996182	0	0	0	3.8075854761244	4.66848797315307	0	0	0
0	0	0	0	0	0	0	0	0	0	6.53111814048362	1.35804760130892	0	0	0	0	0	0
-1.25120361552812	-3.98720894810403	-1.95157242685514	-3.80710181143041	0.31331985856978	0.852003625100832	0	0	0	0	8.03905681150128	1.23038007585888	-1.87253218177983	-3.56052952595486	-4.42836208054221	-8.41194344209638	-0.237105758080476	-1.78491697663553
-0.651741657794182	-3.89471698071174	-3.73661473533597	-2.43548702061423	-1.89120759765812	0.960397928572621	0	0	2.44358776119081	0	7.13875945479937	4.96007925978009	0	0	0	0	0	0
-0.755951982371696	-1.52014134066408	-3.08107382664133	-0.583138349492387	-3.12718392001059	-0.889983604889642	-3.59174680467491	-2.5985467778354	-3.06301456194325	-2.37626652931038	-9.32577527748974	-2.44048326868449	-0.206504198004232	-0.208499960000075	-0.145555127949462	-0.34053756109776	-0.550704141791882	0.145236442749142
0.231740757021706	0.398334712730271	0.445369278556312	0	-0.633717198699537	0	-7.03859265201117	-5.28509271592225	-4.72740256430252	-5.24742155984562	-6.30004164928231	-8.03594030788542	-1.41811060368262	-0.884823297321432	-1.26709016552205	-1.57458823137927	-1.42765515906066	-1.44068763834816
0	0	7.62763024640496	0	0	0	0	0	0	0	8.06456782923066	6.22470517506135	0	0	0	0	0	0
0	0	0	0	0	0	0	7.49305355393176	7.79338827514064	8.07907967976195	9.82319962026042	0	0	0	0	0	0	0
0.022926545877728	-2.68780048422294	-1.31994403336625	0.6468413171637	-0.903001122101037	-1.82887744098649	-3.23480037212552	-4.20700794591906	-4.86957759115319	-9.24100496067829	-3.30193957741322	-2.10205132560949	1.91296290819622	0.607092422136914	0.442599498588187	-0.513218930951907	1.88354282599806	-0.426578873328396
0	0	3.57038051982342	1.88120008936638	0	0	0	0	0	0	7.42553897959229	1.35804760130892	0	3.5374356215588	0	2.91521703409389	3.18008554105225	0
0.865432445860132	1.8394083810597	2.38444305205048	1.34732073890558	1.7715695594009	0.0224482448425211	-5.38103945158013	-2.41176536164845	-4.26911750031735	-4.96698041942759	-4.93121003506193	-2.19382367275148	0.362298391350214	-0.223795889663502	-0.484819799975452	-0.318886463838663	-0.181942376032559	-0.800944354426876
-0.132476895397827	-1.08649727864798	-1.10545941737478	-0.90191055979833	-1.2803214450245	-0.562463591813918	-3.3520044223292	-5.13164354987433	-4.28063053583316	-6.59571683106034	-1.11215493294795	-1.07605041374182	-2.898397421748	-3.27715305134428	-3.48354184203689	-4.65178401838808	-3.4446406793526	-1.2220690591367
-0.382029364805103	1.06498520711605	0.0436854232332616	-0.15761718215708	0.808955120663534	0.427419880051709	-5.05074445498306	-3.90397504989103	-5.05492331682904	-4.31507577649047	-5.23042686592869	-4.24656086859675	-0.2304538744927	0.0129020265335247	-0.232435086646444	0.507654547226669	0.164189227045329	-0.727800548783918
1.56553678502234	1.57076399479885	0.793790222432839	1.47771063781969	1.38257748849831	0.873972401058146	-6.50074565405576	-2.57068706310805	-3.67253541972653	-2.4891123388526	-2.32455042019259	-1.85033311480859	0.838142634796213	1.77550511813624	1.29573826666529	-0.199194512690725	0.24553863962976	-0.27778346277002
4.42053253050856	4.78068651119372	4.52556742067186	6.11057307890683	2.68135929957142	0.923274271354363	2.49576412041046	3.3699022098063	2.32233438987132	2.52198908600354	1.48754543065439	0.984219610706216	0.844182800135697	2.40878470130229	2.04890586620307	0.653981054320396	0.358068566997187	-0.110224124961162
1.44842822372024	-0.806836181296056	-1.12539659769327	1.02726384657982	-0.157733497202333	0.608252756881124	0	1.48642242802828	0	0.715326209343018	6.04500575819992	3.29787993555511	-0.522492172722284	0.675833977588242	0.872980635049958	-1.40609895322915	-3.50722147519315	0.738914197024454
-0.133149298752499	-2.72819765890947	-3.7239567693368	-1.12825845168112	0.790920294437803	-1.03229875144935	1.05219826523476	0.984209651150632	1.80314072469919	1.9684850909461	3.83422486682172	4.35248439894998	4.5646836688083	1.77951441261259	6.25449791193136	1.7622711726701	1.24746425355067	1.11828186618097
1.3376795251626	1.48642857937373	3.32318948249448	5.68274044701998	2.38508068657166	0	-0.10660134590296	-0.000754460576192952	-0.016461856333776	-0.222614161187432	-0.804372916875872	-1.14966191236336	0	0	0	0	0	0
0	0	0	0	0	0	0	0	0	0	0	0	0	8.2787114851035	9.07521749474246	10.5890968464577	7.40225246903734	0
5.61430229712058	5.97449760010549	4.92309122768349	2.75987918129528	2.51448664161169	0	0	0	0	0	0	0	2.6252387126271	6.42182363274436	5.8683324394466	0	2.66025000296207	3.22116355796828
0.977998211101692	4.56737884180796	5.28070851041366	3.93450721430576	-1.59298368990202	-4.63452844026761	-6.83583448233922	-6.83249873547925	-3.29202239361653	-6.73287241935415	-0.214988561275549	-2.90373822523671	-2.74861756385102	-2.07087094065512	-2.06999785587196	-1.36008055736	-3.73630219209359	-0.390840631170252
0.898963256482902	2.92126281594479	3.16548581868703	3.42385823380565	8.55255531513275	7.29345646072294	-6.10068367955189	-2.92972976786816	-3.23931629886824	-3.18063152498839	-2.97676943968294	-4.87579989007807	0.77395395659758	1.98420960607151	1.14556171656582	0.694591591374671	2.12360441926186	0.0740580712808722
-1.00454792623918	-1.27681724626641	-2.94599717394253	-1.19617096447128	-1.69878021757935	-0.733254519145595	-2.57257607282035	-2.00897110502081	-1.58237231407577	-5.28647718595015	-2.09785049326658	-1.88426767849242	0.0325129928619226	0.165760709658073	0.176614634799193	0.00541613166301283	-0.159418624513413	0.40190487546881
0	1.25895861623927	0	0	0	4.18033503300969	0	0	0	0	0	0	4.24059357273251	6.34211186843019	3.75649283019967	3.94868894729228	0	2.69451950682433
-2.03930453347844	-3.30635185670177	-5.71090618428033	-11.8154727968264	-7.7415754751162	-0.633699900239099	-3.16686596529746	-3.49490945545577	-1.95051485481612	-3.51850598495562	0.0445400637664359	-0.311922874521992	1.5216636137075	1.89182874244829	1.91781976424394	2.12058775429764	1.02198191478517	0.332180954061467
1.38723240201972	6.69871611308917	5.98738607348087	7.65209608693046	5.63507467906638	2.0014536575683	0.923212484403429	0.360031624150649	0.807073412696973	0.853297327378882	1.81898159568667	0.4608064491586	-2.3375912140982	-1.15911035427878	-0.879077439224193	-2.13403558824922	-1.85107696841837	0.455394489637423
0	9.54069740082157	6.57114975180592	0	0	0	0	7.684697246168	0	0	7.06424250097891	0	2.0369893188884	0.482093904888746	0	0	0	0
-0.760180472042557	-1.99442436577803	-4.34924970506248	-1.22386122608354	-2.91179748182059	-1.25341006490697	5.83421298429387	3.89792285680929	4.86029944050101	4.8937298287526	2.34629810774029	2.06402515435276	-0.403454007518071	0.297763408201808	0.0338247839617044	-1.42492388005214	-0.908550118850394	-0.992086829669571
-1.24548263998471	-1.31758424833932	-1.15591878225833	4.81582271634188	6.14262672722257	1.2758449971215	-1.4868206424569	0.485256328221524	1.05891524994821	1.544754837084	0.807242155062119	-0.195744883063715	-0.806678214377845	-0.552245117131367	-0.685303653784438	-0.0981424780089363	1.82982382470346	-2.11539890711652
0.34369387656068	0.232810588966533	-0.00519703402816813	-0.971185569322122	-2.86987485623332	-1.63216424371788	-12.9608339528566	-6.2657767416333	-12.8220052968826	-5.72398258677438	-12.9930569748262	-7.50393351142026	-0.588171239500606	-1.0384030705724	-0.742271722077617	0.557782302799888	-4.19921543759424	1.57877627379456
-0.0723914401239386	-2.11176133934276	-1.38032919899724	-0.36621673932777	-1.06563173876572	-7.23199984361577	-4.74853997015476	-3.32298474708352	-3.57675536266733	-7.9092974868228	-5.94415784491517	-0.652142072677814	1.69966695404925	1.34251326056517	1.92093118445499	1.16470952754307	1.48232860450566	0.0787239464563902
1.71626602115768	1.46652806469117	1.87510707838256	1.08054027636364	-2.18291775922198	0.315033442245118	0.800786698322839	1.17637076915045	2.05012245619975	1.35206978248658	6.5472667965278	4.86636239457419	0.492493805486395	-0.420248651525311	-0.139555774639011	-0.668536712839571	0.219543751723741	0.50267815809368
-0.631404377114758	-1.06035331247985	-0.25563269482787	-1.01095430667281	0.290385170260089	-0.0818412375505285	-4.86163157754602	-2.27040303526897	-4.80869249022199	-5.9073266774534	-5.76010659600143	-4.33208090201926	-0.695530067845262	-0.34052252626707	-0.978768952649795	-1.00100875589469	-1.35504571601647	-2.37699927381914
0.233114230208379	-0.831190739044279	0.18626388247591	-0.296727485902453	1.12354194518825	-1.81788850134503	-3.16286844198653	7.11007653087991	-0.725747986315453	6.34737256123455	-2.03822254442583	-2.92848270899951	-1.82597082068351	3.1583928369715	0.471116228552242	4.78054351932932	3.84911914455627	0.898818061496942
-1.10230755243876	0.555292974421065	0.750480909736226	-9.42187604491047	-9.47985981136328	-0.378120063929028	0.0397291437590831	0.202611900142105	1.36508735599798	-10.7789595631509	-1.92801229185767	-0.86014853613973	-1.75587698266741	-1.64273332005628	-1.21054143852738	-10.4262377896773	-7.46366101244224	-1.66781039967503
0	-0.743156055417706	-0.80065214150548	0	-1.8654501739752	-0.679273933557543	-3.47327831343542	-3.05577062405812	-4.71464137781303	-9.64704449186015	-6.5655065296263	-0.929062670255901	-7.06748981121507	-1.42230532756504	-2.12259686333032	-7.06099461557061	-2.23425044927161	-2.94603745779905
0	0	1.48889760526641	0	0	0	-1.89807850138503	-4.14282938920971	-5.09576542425291	-6.14705292033442	-6.54966549150064	-5.11699147530715	-1.85690757210399	-2.06076512926999	-2.73057750592688	-5.9728853308087	-3.8161680330701	-8.2646083812489
-1.16328036225645	-1.90273964699446	-2.73249378348373	0.314714950162516	-1.83424387972052	-0.686751951758689	0.590373457640276	1.30430682920595	2.23441255296607	1.53967901616786	5.46848523459923	3.58112313661821	0.20984680493385	1.28194693539812	1.3699882100081	-0.580953268171336	1.56006792218326	0.377588101011002
0	0	0	0	0	0	0	2.72469116311743	2.25227492958784	0	7.7853768018522	0	0	0	0	0	7.46329761424407	0
2.07350747216397	0	0	2.88840193666844	0	0	0	0	0	0	0	0	-1.99177565946979	-0.754565632548789	-1.04385800394821	-9.26195466331796	0.412232835061496	-1.70346495492376
-0.181526234089959	-0.473565785324563	-0.36436148241665	-1.6422695496397	-0.540345708755573	-0.693494391022501	0	0	0	0	0	0	-3.07820240214	-0.0296576124345938	-0.513953650828252	-7.7178607318649	-2.68648420484068	-0.406059943671949
0	0	0	0	0	0	0	0	0	10.2281843918236	0	0	0	0	0	0	0	0
-0.31686429030318	-1.24665282538068	-0.639912899506692	4.18621651480291	2.29187188716276	1.11959019831794	-2.05064781238868	-1.2807338371848	-2.25628597261455	-6.20985392138888	0.973292437052676	-1.68053979741905	-1.84479717168491	-1.57834684469024	-0.894765626220494	-0.120375236255267	-2.09225489882711	-1.02938242259095
0.178154953030855	-2.83686445244452	-3.09327302869983	-1.18313113662398	0.398430134861614	1.76343646527043	0.580408808010402	0.267354819103348	1.37590058450511	0.916723892011326	2.18346929931094	0.666418586945934	-0.68736000036108	6.16848374269188	4.51886300780615	-1.6521318437771	0.597278785176348	1.24140169232327
0	0	0	1.76678282276253	0	0	5.11653111558151	4.09421739333251	4.35297250823162	6.97749208039119	0.66940917201024	1.90696998209289	0	0	0	7.65913029494878	0	0
0	0	0	0	0	1.54101394918087	-4.1119226648855	-3.11079026304869	-4.02072684730811	-5.6623258839836	-3.40684601342874	-1.11130346638736	-3.03131010848058	0.00083726822871692	-3.07727170915466	-1.08633337173632	-2.23425044927161	-0.115219329198475
-2.92757210532695	-3.48986705586327	-5.5200195311247	-5.49203483370542	-2.77442762914586	-1.6402793901167	-1.32561619641853	-0.776358522948755	-3.56757516359108	-1.22060725359441	-1.12131163634019	-0.80283254044691	-0.937516076181949	-1.22261734520347	-2.08726404985322	-1.75069271863527	0.0899087264034016	-0.998901385437262
-3.70576392193646	-5.31301708374555	-11.846358127207	3.34942858611868	8.71049428225195	7.24253912461976	0	0	0	0	0	0	0	0	0	0	0	0
-3.47402597791057	-7.9874092312964	-12.007710802593	-7.24320917332193	-3.04841837576984	0.245949278272476	-7.24771116728415	-7.24436809560938	-7.10982292358204	-7.14451500384653	0.823344012268575	3.03016654004996	-4.42262113215214	-3.03424129925544	-5.45119421692426	-5.70464519131994	-2.96389961906342	0.214528770577595
0	0	0	0	0	0	0	0	0	0	11.4026829793399	0	0	0	0	0	0	0
-0.444440967283471	-2.61512143659956	-2.59621830085201	-6.205649485316	-2.15788793684737	-1.67631450906873	-0.694537942826384	0.60987210195523	0.240038790948205	0.914623546781864	3.77068108372122	3.56409533559834	-0.475636484125901	0.780206402505178	-0.121108909008306	-0.00668100515979483	0.361656012510117	-0.0230019827972749
-0.546973465723374	-0.33703629941069	-1.96689569385807	0.535890243295147	-0.320804509101332	-2.25463961627506	-3.28382954239219	-0.376936399663428	-1.27212106538269	-2.28678766054488	-0.786411171463236	-2.26419362249394	1.19008981569397	-2.07706893953641	-5.79880671497308	-6.59955652122732	-1.10781617535213	-0.615650245918322
0.580663882460446	-3.06623817806183	-4.78784353239509	-3.83805929156197	-2.42788541067358	-0.529689604466514	0	0	0	0	0	0	-1.1461340432409	-3.70461707027295	-1.8958053331334	-7.17376859727367	0.0382285933392206	0.323680646083576
5.03800853190428	6.3410029280181	6.20476241549799	6.94770548735339	1.95473026352375	-0.172914141607176	0	0	0	0	2.8856053667882	0	4.73027762174748	5.29824266531597	6.23440920025611	0	1.60713238205862	0
-1.78917837450908	1.4806263667402	5.16721827046606	0.815116553064756	2.24635631248564	0.813890777802938	-0.148964064221081	-0.257018605772674	-0.0768626026124169	0.0533427291467569	0.524635346887313	0.0112893140515803	-0.874934943979976	-0.36712721007767	-0.883860798315871	-0.867534018409388	-2.2581627326345	0.341537206635597
2.86165722562396	-0.697185213129954	4.08956809916586	5.81132656943364	2.17212754794401	-0.102714394952351	3.37118279419996	1.53346167667936	0	4.08771348468331	3.17640591603011	2.82130267210831	1.32240622256195	3.470768842994	1.39996145911118	0	0	0
0.85575503731968	3.37439655008668	5.97568084903334	1.63611285254329	2.2544830671723	0.979869554313555	-2.54752527574291	-2.54048241090086	-1.6669738075691	-2.32076583007058	-0.477309570269668	-1.49591322982632	-2.73915547825746	-2.07304688393234	-1.66493926355756	-4.04536410066907	-1.86977581971618	-1.59702827398528
0	0	0	0	0	0	1.7354901827987	0	0	1.12197997571808	1.30887099064853	0	-3.78302271505856	0.0673299460732213	0.184911590060688	-9.33778300410721	-2.0917048985241	-0.634748564072301
0.297168732407761	0.137643097154504	-2.031017111921	-1.73866507825753	-3.0286879774449	-0.626916441360443	-3.24417254348536	-3.64857928104256	-10.2048995459027	-4.98574977691459	-3.98321257247446	-1.49924399088596	1.15671802427131	0.00666258508757127	-1.01568305744344	0.185569760169568	1.72595655477318	-0.0230029512811987
2.22529305433543	-0.496109580582048	-3.26251331970573	6.46676122794176	2.42079700563275	2.28625084636643	0	0	0	0	0	0	-1.32334923119667	-1.71134948644783	-1.37074963572432	-3.24783032866793	-0.487399578594906	-1.93798422531687
0.831247619354081	-0.237744215352504	3.34623793542918	1.41323660704133	-1.48086095333647	-0.253939178046359	0	1.33535307547793	3.76551205495674	3.75486150625953	5.9213447091286	2.19350002594199	0	0	-0.156821725799221	1.0937923423219	0.401525832103559	0
0	0	0	0	0	0	-7.69363658514724	-7.68652409130468	-8.36435291172598	-9.4083027391385	-1.99735446719656	-13.9252218093342	0	-1.79760214992387	0	0	-0.0497132809172096	0.388482660272678
0	3.52842365766138	0	5.27394774417218	0	0	-4.15723682812537	-7.07845782766673	-4.03655537398249	-3.84051528234576	-5.6218516053284	-2.00367239898794	2.71504563590329	3.64180858255992	0	0	2.26985248939722	0
0	0	0	0	0	0	-11.9389941591038	-11.9356297767728	-6.18520613296639	-11.8351166995782	-11.971213061698	-12.0606140325649	0	0	0	0	0	0
0.703273961576162	5.11573931368376	5.52023279062586	4.39681302586979	-0.246267416375354	0.7328424864683	-1.1453487511408	0.518097692091128	1.17757296921163	2.6014710688383	-2.35132354966987	-2.63237769597241	0.469689863714829	-0.144767685325469	-0.96066248621409	-0.673096963360285	-2.28906121365786	-0.00257505940102589
-2.29009054637078	-4.63115267393373	-4.20618084184879	-4.53927719588238	-5.55677727300927	-2.7748508530298	-3.60952977153878	-1.66377379551493	-3.30608687204373	-3.38601964420004	-2.14583610141244	-0.84056666520107	1.4240412967669	2.80008626235549	1.2922728226133	1.0095761773916	-0.155555182454494	1.38283547999169
-2.48003708435653	-3.39266586909572	-3.38069606915999	-2.62307579162731	-1.3373804912933	-0.571754122236682	-5.52918901903085	-4.07315245813294	-3.75842421184228	-2.92688168790864	-1.73988128970528	-4.92978877077887	-5.5769461020115	-3.462055947807	-2.79566217958374	-1.89327638253733	-1.46655186261125	-0.576693099520707
0	0	0	0	0	0	0	0	0	0	7.70956725156988	4.21656207715829	0	0	0	0	0	0
3.38055300660203	-1.22171642135487	-3.13284326513121	-0.647556345713854	0.721350254024933	0.495710122237138	0	0	0	0	0	0	-5.3477977695087	-4.40207451916927	-4.59285414725773	-7.70100173185969	-4.56023162318853	-4.01855833466184
2.61555543499109	0	0	0	1.80791546055184	0	-1.47920299775587	-1.97097311960038	-3.10370092578362	-5.20611648485501	-2.26798094259427	0.851149172666478	-0.911445052821036	-0.928672098769812	-1.08794396172117	-1.53478688329766	-1.29448311952695	-1.09413109601886
0	3.8893109865678	6.8685173783664	7.36055790431578	7.35348096214151	3.5581424099347	0	0	0	0	0	0	-8.70401336326348	-3.8461114531352	0.963888059222492	-8.69748499612361	-4.82426838090855	-1.57235334739574
0	0	0	0	10.2083120593402	7.41729037602224	0	0	0	0	0	0	0	0	0	0	0	0
1.65055100970982	6.89569263008008	6.67592910277604	0	0	0	-1.55687873665926	-1.45733938994745	-2.1435017391696	-1.90718433250434	-0.835545060449598	1.29044937287623	0	1.72444333112913	1.97968717167279	0	2.50153155372817	0
1.21659544871213	1.04639275044504	1.66079197867545	0.864591435825372	0.453722056877839	-0.736340145398383	-0.173533233821492	-2.55899005263933	0	0	-3.55162104005625	-0.704357087135798	-6.31277061455943	-7.47761415090123	-7.87140155939338	-6.23476386802171	-3.68005943868476	-2.03290010689203
1.35233975003437	5.40139247266527	5.71399661916297	6.08737770094773	0.103131003053909	-0.318462343854045	0.69422133302882	-0.345600103571931	-0.48101573131805	-0.125497769549644	-0.37659479201279	-1.23547850025892	1.05667405277717	1.54252934442494	2.16421950931604	3.0450748419087	1.15805560492692	-1.22137546965777
0	0	0	0	0	0	0	0	0	0	10.6673894971215	5.31791188114382	0	0	0	0	2.82205636903798	0
1.39176882879114	-4.42564102580967	-1.30129847812086	-2.3603997636533	-9.44819585026799	-3.76304282712912	0	0	0	0	0	0	0	0	0	0	0	0
0	0	0	0	0	0	-5.21784575643228	-4.47822434693943	-4.29269454047664	-5.43178302190147	-3.64541622023288	-0.903163918340178	0.0943634061857437	-1.91203170946788	-1.82547453175168	-1.19667479660737	0.113489824358211	-0.261312757057568
0	0	0	0	0	0	5.95314329914216	4.92982094725111	5.36188560032323	5.22194808287836	0	0	0	0	0	0	0	0
0	0	0	0	1.48815424381965	0	0	0	0	7.2254268213961	10.1632050442646	0	0	0	0	0	0.308454317488641	0.873728047184733
0	0	0	0	0	0	8.48338097119052	5.95888635243123	10.086607978307	11.1454104639042	7.42004542904597	0	0	0.875490243131448	3.07452430669512	2.79786353051222	2.33373067224796	1.33404440048091
-1.11163788120327	-2.99578455525981	-2.43935038348362	-2.24843993605081	0.234492742981102	0.74965189142139	-2.97282894873887	-1.75923453165771	-1.09463422247791	-1.64295033443876	5.52221631905454	5.67784450166723	-0.978048821927981	0.33632016549052	1.33132421179927	0.796152384171402	0.513690249486183	0.684385262395386
-0.954847694151629	-1.5839242858754	-2.33890197153842	-1.80643377458481	-1.22671339550919	-1.45539004251868	-3.14867310976874	-2.66091084194062	-1.9961486394334	-9.47259754623217	-0.304912451395118	-0.644614839809757	-1.41865829850195	-1.14023211211113	-1.65818907373406	-0.802517751876342	1.13563221743167	-0.259349998526979
-2.17155139732378	-3.22182630194959	-0.452305375834107	-2.46221933038533	-2.36514772056346	-0.685300872233467	0.0305002426740392	-0.11923254046367	-0.702616801470417	-3.52737777666915	0.0117790732735666	1.98714400523296	-4.37113931478893	-3.21158055184373	-2.86398614946308	-4.04584430833222	-9.44856669691042	-1.86141267354271
0	0	0	0	11.8899512827512	8.4130641413373	0	0	0	0	0	0	0	0	0	0	0	0
0	0	0	0	0	0	0	7.10323655870425	9.51321152343108	9.2405087339682	0	0	0	0	0	0	0	0
-0.814135441130745	-1.96048624257155	-2.17767296562799	0.247626308092575	-1.00019241367024	-1.32643078765197	-6.19613402239139	-4.37919716729993	-5.76513176893353	-7.6260226512603	-2.93394364900117	-5.69196312656293	-4.86467459995198	-2.35951003219253	-2.72990481204923	-1.67126212267349	-2.25964240979818	0.197668744534881
-9.88457916204253	-3.56832269474936	-3.2702025775933	-4.10418160180455	-9.88653827044267	-4.67640650433886	0	0	0	0	0	0	0	0	0	0	0	0
0	0	6.0321006523231	6.67932244194701	0	0	0	0	0	0	0	0	2.98486029758172	0	3.35129792442125	0	0	0
-5.40458828618272	-7.43341764443863	-6.3007869492529	-1.43321949883396	-12.0552773284184	-12.1534250583826	-4.80785355417992	-4.07489628574523	-5.07056809417135	-6.11449451030806	-4.01334505744967	-2.27149737123471	-1.8409195155613	-0.648821031553012	-1.60438928094175	-2.5272521067798	-3.11462607088502	4.0076505177944
1.08071459982191	2.2229744614134	1.90114348586155	3.15686218292344	0	0	0	0	0	0	9.39541570919054	7.96883231062618	-0.409026365815409	0.424029127363442	-0.571228002635529	-1.5036260119911	-1.09683279341187	2.4722302905031
-0.439413856791732	1.14726604122229	4.43341272096572	6.36736528022896	5.42147675774711	2.50273438243435	-3.21306621686915	-0.689313979188814	-1.37327855785573	-1.45472307093082	1.49800826598838	0.921389943081001	0.150079110258232	2.82627997704244	3.28543769689394	2.15098713580767	2.8832894773509	0.735368573614171
1.08473847227715	0.920413091651894	0	8.37221157919704	0	0.886999106537618	3.09968752588129	2.60478993576049	3.07358989403833	4.36175374380014	0.241002602526049	-0.80523222527224	0.965682296188066	0.652326584225875	0	0	1.35886884296234	2.08923692410873
0	0	0	0	0	0	-6.05195867379775	-7.5252824601989	-6.30595710552464	-5.82584946975795	-10.8134739202386	-5.5813218478757	0	0	0	0	0	0
0.957409303141788	-0.12007868320966	-2.42157964746315	-2.65511037261679	-1.10526883913287	-0.601672458945068	0	-0.684053825449473	0.924334086652298	0	7.21462789909136	4.13022307875491	0.364782452717541	1.02455618174855	1.09145005897272	0.753765913482884	-0.938045191651075	-0.189490647261627
-0.0523676178668217	3.52630342999443	1.39266332023424	0.187739249566649	0.660630845361058	-0.629937205608008	3.39125283639237	7.17739710578305	7.04686600556993	0.209886071277815	3.76131449053584	-0.167280648619353	0.620198750839448	-0.285929038016564	0.771735812777976	-0.404177647172703	-1.08814153621563	-1.09921808954109
-2.15633995516999	-4.1286359357479	-5.40112170514248	0.801458901735909	3.31324403318898	2.66592567504902	-0.0445793719579247	0.151943612076031	0.780928002866409	0.729017706440037	0.0397022836058313	-1.21379752668659	-3.4967538511642	-1.99083210356948	-3.0219609961353	-2.10958290208907	-1.49786877625354	0.374185056054307
0	0	0	0	0	0	-10.9000076348392	-10.8966441575952	-6.42469318740815	-10.7961591170481	-0.308026166945882	-4.23802395298319	0	0	0	0	0	0
2.3247686182597	3.48775033342382	7.89195430626589	8.57535522137588	7.76348579724454	4.03615153548758	0	0	0	0	0	0	0	3.15688055351624	2.94935271580854	0	0	0
0	0	0	0	0	0	4.37579655435411	7.97837329058877	9.73234966757558	9.63551755738054	5.81464530525349	3.6925488026089	0	0	3.22991363737165	1.87009537539575	2.50153155372817	0
0	0	0	0	0	2.99278212144325	-3.31328741796472	-2.51659453251417	-1.44480317349548	-2.29525008462148	3.3326065588734	5.68094072145783	0	0	0	0	1.60492208687257	0
-0.0282233910029284	4.50697501384527	1.11742463366234	0.433835803058644	-0.675372152385336	1.69432370358287	-5.51491023699512	-3.56914303052315	-3.67442739595589	-9.5824213408371	-0.707965434458652	-1.59185315199868	0.351411883115986	0.507957677852622	-0.490815615786857	-0.098191060429966	1.09526141949672	-0.62971338475867
0	0	0	0	0	0	0	0	0	0	10.0547788799464	8.9659501331089	0	0	0	0	0	0
8.95910766681951	9.42364590066858	9.74229631783799	9.86827248825384	8.51061351308727	0	0	0	0	0	0	0	6.25684877260707	3.92579008720017	6.4247028213407	4.03131029416207	4.53395337373185	0
0	0	0	0	0	0	3.45127632160072	4.69173298759308	5.29888499004367	5.08867208512479	-4.15002676656617	-2.71049154507543	4.95695039490092	7.15304909916054	8.52848576781123	6.36471666057352	6.18041741665329	0
-1.97431238388689	-3.98184681278297	-3.82372599129108	-2.83639057074961	-3.91525499478574	-0.0610109983985057	-7.62403047069185	-7.6206823091185	-7.48592216790863	-7.5206716128604	-7.65609592742366	-3.69236433691357	-2.29742039279778	-0.474282967989062	-3.24621357780987	-10.1494523673235	-4.18012212873306	1.72976532062662
-2.65144611085999	-3.91872338424863	-5.14057751187912	1.81592086517196	3.64837730498451	3.13264530724558	1.62259735426607	1.29117507365979	2.73061540863821	1.74444437967373	4.17552126535935	2.62447729645804	-0.60677767556845	0.778149404053418	0.803515286911562	0.312521153576116	1.87074355342077	-0.0724624082620698
-0.186444896620137	0.578562973168824	0.268437230394782	0.366854634616713	-0.723348631173977	-1.04247768104915	5.82193000101778	5.41616599649907	5.83610280804304	5.08037026744214	0.619270238923796	-0.272651783492235	-0.0900014167531816	0.0942166618028887	0.193280870830879	-0.0968965877629922	-0.69041618791493	0.495348003122479
1.90234905075126	7.87531164580574	8.70320717732696	-4.79355991478953	0.027797514658483	-2.37243536118898	0	0	0	0	0	0	-4.1227663713523	-2.32126894695068	1.50739362690346	-6.04300688978378	0.232966852615199	-1.07766540649915
-0.208826845450954	-0.782925504186384	-0.654928052457737	-1.77612934751227	-0.231412834393122	-1.22976133315466	-2.58834204826402	-1.20061297734293	-1.30661674932972	-2.92303841150869	0.567707281672938	-0.463987032454313	-0.666853511584909	-0.0721065905273396	-0.970369347676887	-7.70443406142601	-0.529047817899561	-1.28002735946448
-0.575351107874362	-1.94308985569337	-0.485831913408783	1.73075545053487	1.57708377709896	-0.923350147311918	0	0	0	0	3.52232928101472	0	-9.45107366796726	-4.59323995476784	-4.50632938922053	-9.44453894399498	-4.04936339812228	-1.94981476037351
0	0	0	0	0	0	-2.7287193347076	-3.60911630670973	-6.04927714190424	-10.4207371597409	-6.41897790502823	-4.08277860890805	2.92277897365292	0	0	0	0	0
0	0	0	0	0	0	0	10.6860385210333	0	0	0	0	0	0	0	0	0	0
0.282271972992918	-1.24024615296279	-1.6562339624618	-0.935796337746204	-0.304097672289518	0.359572720330963	-0.793994978366116	-0.911748797741555	-0.161272212678569	-2.32618227190699	5.47867983517018	6.22525169593156	0	1.90284226118414	0	0.888103124579925	1.12776327441754	1.07684068055383
0	0	0	0	0	0	-5.52806970552999	-3.00430135489908	-4.26029257122473	-9.5955796220208	-2.58047254616226	-1.60501390647405	0	0	0	0	0	1.75319609208273
0	0	0	0	0	0	-5.91622520862727	-4.6360824326406	-5.61225366933324	-9.98370455796218	-1.2817703970622	-0.644171672145298	0	0	0	0	1.94542226747473	0
-2.79918881724346	-1.186772615982	-0.786262123565607	-3.80511349481879	-4.67797084109403	-4.29208313771591	-1.61579614615972	-7.31430426372486	-7.17971478919605	-7.21441869110356	0.104315318095208	-0.00768737816344691	-4.62888525880125	-5.82510584984098	-3.88310563917835	-3.21788825744201	-4.53768459573292	-0.0596308214665257
-7.65990587244355	-0.0908188488777509	-3.43843292282021	5.6753206663579	4.13060399644296	-2.19440423997103	0	0	0	0	4.01981189698413	0	0	0	0	0	0	0
-2.24393555793805	-5.13803488288065	-4.40647645484322	-5.66617202078287	-9.03437293125655	-2.02908630844575	-0.836558693945878	-1.31386291365504	-0.544446117133552	-3.40023351048579	-1.36011145494359	-0.674496060258506	-1.35732258875213	-0.725625896089316	-1.23496335280214	0.444396069495942	-2.6334301614423	-0.840683189334596
1.17917804282696	4.51475138618225	6.56103314644979	5.62195543904182	0.879525301429116	0.987420544761352	1.16676791101496	0.812665764488933	1.83115306808317	2.35360912792074	3.40137463403791	3.34636890667205	-0.131550601336679	1.32318064743227	1.57997713826955	1.05306422974589	-0.210410016724553	-0.115350204009338
-1.30250149887804	-2.08721302061334	-2.29952248791406	-1.65725563614331	-2.01855860775536	-0.90846367476611	-1.72323570882139	-1.14566879259656	-0.738964561424579	-0.0903185636551037	5.03092931105742	3.40137875836821	-1.13573610773238	0.209336681661581	0.255714830456487	0.456852536168387	0.638808705243863	-0.0229834833336097
-0.276270454937487	-0.0604626522284256	-0.355360848456623	3.37597424633517	0.0509401063063737	2.23136524286902	0.278698812306015	0.846427570931953	1.48243609689547	3.86464525536113	5.01088501625228	2.8058216959631	0.821357674147367	0.780948172069146	1.01436106163065	2.57121133298656	0.372166031196707	3.60614777523652
-1.93109331497604	-0.745404168706392	-0.0820796529401235	0.594285101139571	1.61624882571708	-0.269597923224212	-3.02606627956669	-4.1947975038405	-3.07777161644548	-5.31628460651238	-2.7838363591378	-4.13755080863748	-0.759069401750126	-0.190846065025288	-0.283836722711719	0.0478251775947126	-1.96507128322577	-0.428112843160883
0.374070806177307	1.01764520405902	1.17978471934406	-0.584788399460446	-1.11388379668584	-0.00348639974925056	-0.203637065743998	1.27809355651798	0.3667900627221	5.80646744335185	2.89989412296769	1.42570968288722	-0.158962015881797	-1.34300327944791	-0.482301881655055	-1.37274303799551	-3.20387154129313	-1.2054812909157
-1.07546503942046	1.24099426598953	2.55472870449188	4.54054962997814	2.67001016762758	1.75652977798039	1.38557623066703	2.04229832029332	1.97984153666516	1.67078152790036	6.06361915998705	0.788550665151751	0.567924435296392	0.509731229309565	0.512443316567515	0.447118410260013	1.34099156261338	1.1615306115325
1.52632665504743	0	0	0	0	0	0	0	0	0	7.028495497691	5.97134331510815	0	0	0	0	0	0
0.831358746374562	-5.05272438095245	-4.13789319532697	-5.09668834532193	-1.01497301657065	-1.55026891775521	-1.49453063976652	-1.48742093110896	-4.37773218995137	-3.52737777666915	-2.0689229976859	-1.36572341984863	0.946046635714974	0.826686899227138	0.960095307719032	0.327807936093863	1.40633161901601	0.612978169619972
-1.40079241745091	-0.490504087285957	-0.527122861879605	0.458165493477176	-0.135557169450534	0.0761290507596799	3.08038240613728	0.761970007367512	1.76071670194701	5.11445982386912	-0.529530937339459	-0.0745136897093942	-0.154891309822609	0.113044919196631	0.50626165584361	-0.114800943131249	0.0664418114974384	-0.722372904474484
6.46563775513458	0.713355688842956	1.38931807979176	-0.394996234453596	-1.59298368990202	0.717451770189591	0	0	0	0	0	0	3.52384444224406	4.49014141894559	4.49199878997697	0.189700719884992	1.97700272590952	2.02837089199398
2.05953048254688	2.70125019832761	3.62720244161576	3.51017632575863	1.1763173511836	0.993981545235075	0.133322965617508	-0.497555482032602	-0.487812419035222	-0.942831103599077	0.506540412524351	-1.32524877533264	2.50105865248794	1.33576088460919	1.28449524450138	0.804645254865251	5.91088136337704	1.17513966897906
0	0	0	0	0	0.475816364535463	-2.30286029696045	-3.28871927095348	-3.10873556199612	-9.87997507780577	-2.37036199277245	1.11574657980181	0	0	0	0	0	0
0	0	0	0	0	0	8.0605938121379	7.08209341813456	7.98835765409559	9.51621617342237	0	3.80004562538831	0	0	0	0	0	0
-6.88517580687555	-0.632121262881882	-1.9458799036781	2.11332716522812	0.96609581911979	-0.186058421521739	-2.77305602049275	-2.35786120130932	-3.03608017528562	-4.07992585691159	-1.12303275338717	-1.30201848260104	-5.27953305027452	1.04569853511087	-0.198927224192801	0.497798546898074	0.25458975600501	-0.954198570420243
0	6.1772961477839	3.35552810745484	0	0	0	0	0	0	0	0	0	0	0	0	0	0	0
0	0	0	0	0	0	0	0	0	0	0	0	-11.1126277035388	-11.1847276609047	-7.12258237241492	-11.1060865708658	-11.1986161017851	-4.25871373508271
-0.351655638852884	1.7793651229549	2.70880192815907	6.15755849642144	7.01883689275227	2.28722192149284	-2.46004005427769	-1.17992816693017	-2.15740401143686	-1.67693489725633	1.8535668578641	0.542413841123477	0.678919045739762	0.883913762686825	-0.535816828367454	-0.0983777396429237	0.00424794212317593	-0.0509305641910192
0	0	0	0	0	0	0	7.49305355393176	0	8.3494668511095	9.44780661769794	8.25320056402174	-0.8608801229836	-0.539765794991412	-1.09908504936603	-0.267225821558765	-1.0212276515058	-0.192021236264297
-0.224685849372779	-0.730455061398363	0.374174510440691	4.9670199719263	5.2574629496685	2.49736119019026	-0.0198355294959583	2.3796256291776	2.83218785144209	1.48264291935775	-0.717591822952808	0.171848908062246	-0.574130615775227	1.36046680128172	0.977675373800737	-0.0454331391517794	-0.892322159364984	0.741596427565122
-0.408651679697996	-1.54391562841467	-1.21814887551479	-2.17902138557586	-1.88527518236028	0.0159680998813776	4.25016876489663	6.37364738556898	6.04211540844784	4.98115849994591	1.74947645805153	0.76142029530912	-0.0844733364073806	-0.260635579081921	0.0651749222320893	-0.18648505948868	-1.13488843936842	0.0340606705208517
-0.484856247643203	0.52439692470331	0.846843127268429	0.0896142598652635	-1.02454158732696	-0.980506328642999	6.34446195780856	3.49677778984786	3.84594605579925	7.39028496731282	1.88972529500526	1.13171768730978	-1.3450448438488	0.671685673722403	-0.700648727547825	-0.535064723676615	-0.813543338558487	-1.66540744290748
0	0	0	0	0	0	0	0	0	0	-2.63133248809437	0	-6.36675711588542	-5.53141822106281	-4.04851776568474	-4.5239224046777	-5.33886111219894	-1.36813359780842
0.692420730652299	-4.17910285399271	-3.06133588947507	-2.46221933038533	-8.24444323134201	-3.34695240662029	0	0	0	0	0	0	-10.1240761300946	-2.72130831365681	-3.88531163527031	-10.117537912694	-3.00813008677906	-0.628967651838191
-0.349889836429867	-0.793740937858991	0.0174756955052346	-0.106132355022557	-2.14389092549834	-0.978319590149639	5.69798272498697	3.27842390527457	2.66703302709761	1.98536826827834	2.76858093223985	-0.612503847040456	-0.400596994920124	-1.31560504758968	-1.76665952067215	-2.15783405551468	0.705216683538177	-0.423409633313399
8.30182184702432	0	7.27601827633074	0	0	0	0	0	7.96951546623532	0	14.1040326890361	0	0	0	7.6305318300273	0	6.88241693094715	0
-2.90861207744857	-3.95117256091738	-2.66956750317278	2.41703592933202	5.36582848576575	2.94032624624527	-0.206378152019812	0.42109762943573	1.41299833735287	1.72340876830634	2.33897534597939	5.08269737783634	-0.836012652651954	0.890846692845027	1.06292384303586	0.166136158764039	2.08154514356262	-0.176106014968461
2.33047239750466	0	1.30227527657297	2.50597316272	0	0	0	0	1.4593617686547	0	0	0	-4.27695999532716	-4.41064084688384	-0.939852124148668	-9.26195466331796	-9.35437881938172	-1.47330436507197
-2.01597650786211	-2.08808391247518	-1.9264055483215	1.5256825541692	2.88388369978285	-0.423285066455881	1.16911095331669	2.83729543422974	0.861258484345099	0.741687524851435	6.09805858561779	2.06909250072211	1.04287009085427	-1.13258442704617	-1.52493079930403	-0.474514436459373	0.417716118514023	1.02790599155514
2.77292215726837	2.99333193676623	5.78776971830004	7.54291362476307	4.10951184399416	-0.962446176729537	-7.0967624482552	0.649888600865386	0.895537916508279	-1.16727625390266	0.104212589933358	-2.2089698453042	0	0	2.26728477946003	0	0	0
0	0	0	0	5.81767573457948	4.25056722784917	2.39866333353343	0.0722286713246492	3.09159996787472	6.53434654059069	10.1751386556125	7.34855622154888	0	0	0	7.60283223863801	7.9633914798876	0
11.1321073660673	0	10.0638874888189	11.6707038930059	0	0	0	0	0	0	0.964300259198364	0	4.32439933169034	4.93857483586403	4.95512322681249	4.66106040935507	-0.113574101361425	0.331201991850024
0	0	0	0	0	0	0	0	0	0	8.11961507311578	4.29097561612967	0	0	0	0	0	0
-1.46589423523157	-6.90691207900635	-2.65026253309244	-1.09160905202876	-0.637114311416163	1.40911218398648	1.28775514751737	0	0	1.37834229734968	6.34274411996166	3.85628681548384	0	0	0	0	0	0
0.239636310357322	-4.22181637358298	-3.90961722877522	-10.3319571845084	-1.98095645997476	-0.0378077767786018	-1.1869746782818	-1.17992816693017	-0.878969584682724	-2.23712647677756	2.48020724860966	2.09704006413033	-0.395765982465891	-1.67330842891162	0.54683392239173	0.246821411780485	0.846372122038125	0.321637097774712
0	0	0	0	0	1.29491597450813	3.2237564190879	5.53080384811449	5.27160449314612	4.12323833698347	0.746270203611027	0.913430297316292	0	0	0	0	0	0
-2.41102458266971	-0.308718185807546	-7.77391606068797	0.814202899038125	-1.29622937803825	-0.153007126521174	3.15159746257541	6.73371352135685	7.6645291037789	8.21408765658372	1.48233061409066	0.723871676377584	0.997042254363122	1.48108734368944	1.67280743862798	0.89469362968952	1.34368229522342	0.197447010632983
-1.09076728792966	-1.81890334093992	-2.2890410319262	1.82690461213827	6.96754809836133	4.01922608550301	-1.94880772777186	-1.94167407104628	-3.03659980046683	-3.11819991264854	-1.16305343296294	-0.743006171165944	0.216816941214613	0.848508467653891	0.195812029416397	0.381071736211137	-0.449530751859775	1.24872753927147
5.03173518627689	6.37169084782633	6.06160198835118	6.61463198222012	3.70988863546097	0	-2.66454925167476	-1.69812257064727	-2.3617190837485	-1.47880986181784	-6.86778248560742	-0.278798452047033	3.16573942067303	2.93583541688283	2.393705916831	3.51291389992543	0.288681619410345	-0.235513284917679
1.81660250820587	5.1705428665503	6.84534828302183	9.57291058760638	6.24011981848552	0.287304092222873	5.36848127925316	3.86702572021286	4.05568454437167	4.92492688697848	1.75692603526934	0	-1.08062407205343	-0.359414228935739	-1.12799573414693	-2.11510233755704	-3.95507623041095	-2.15430014317897
-0.209713460386887	0.534979979930138	0.704144883642315	-0.360388683747401	0.232636460599951	-0.441988967280784	-3.81171245200842	-5.65613972553296	-5.42202799810952	-6.14245715339942	-3.80903861596786	-5.7232151743819	-0.0473472713178896	0.181169960707579	0.145159060234123	0.4399093679411	-0.243075852833307	-1.0401837234708
0.285170075465955	-0.7116578124315	-3.43759385026656	-3.04124397911428	-2.67689195613244	-0.295656679796815	-4.0894682773862	-2.89019201054125	-3.29705314985429	-10.4133251134006	-2.78883173875232	-2.08685247400596	0.647137352217769	0.3280088884181	0.527090810153261	0.338213107606796	-0.0745721989047964	0.293861093462244
1.15304767212737	-1.33069184028614	1.87161097821253	7.41404563011084	1.44331613213759	1.54403130795295	-2.6568174151224	-3.63580235931768	-4.86957759115319	-3.98694240314199	-3.30193957741322	-1.91050125090069	1.87801910911492	2.35734231051399	2.50104359786139	1.74806202497744	-2.10463756745504	0.296034057804213
0	11.4802632978667	11.6129152486395	11.4477475158573	0	0	0	0	0	0	0	0	0	0	0	0	0	0
0	0	0	0	0	0	9.02241737077954	11.4015779272858	11.7190635864806	12.4781015944294	0	0	-2.07596168351891	-0.245173550536154	0.42347559598536	-1.08633337173632	1.30631104055595	-2.94603745779905
0.140559079322456	-1.02290767332951	-0.152666096522598	-0.975549591124725	-0.871298485681572	0.221073241528603	-4.66085532713116	-4.43663240791088	-5.02728964204295	-4.74736584041442	-3.08103261165774	-5.15840993282323	-0.423789098734938	-1.783634390557	-2.4135320202841	-2.67232259093974	-1.82680790899755	-1.33249085155926
-0.278455249124501	0	-1.48615458665609	-1.86009356696391	0.198024675757674	1.04760013006424	0	0	0	0	6.57621000787234	3.18699527561181	-4.73928967431875	-6.73757180683092	-9.75566846132284	-5.68238685256052	-1.54960100899579	-3.2213551227554
0	0	0.876973563622608	3.02742372500085	3.86584978318075	0	0	0	0	0	9.44780661769794	0	0	0	0	0	0	0
0	1.22931892053795	2.62030334517975	1.07325071194662	0	0	4.15783565057358	4.04090309431593	4.31095264563738	1.49694184204033	8.77636094147785	2.48626279844361	0	0.536760815078211	0.767726620470543	0.246821411780485	2.25629105539422	0.101387791751486
-3.41109948996784	-7.58046857034207	-7.50227016873207	-1.35667192480721	-0.581273693058688	2.49586099336	-4.76319171256489	-2.74198788511627	-3.11696611862687	-3.53463108528089	-5.52013738609525	-6.80672057371125	-2.19233877689756	-1.70646839490561	-1.72614863113798	-1.47165220998617	-1.33234986908409	0.329755284197133
-0.311879620230909	1.77026328089547	2.41667548019266	2.39922423795342	0.454176395157987	-1.01450118388122	0.101635915177819	1.17473957019862	-0.204454899807516	0.331006814390511	5.27762146871382	2.43292725790098	0.564026060264212	0.749577897249444	1.66322003813421	-0.0980018605650931	1.20821861115452	0.353529109185902
2.38907705122145	0	1.30227527657297	0	0	0	10.8108056084325	8.65088804028145	9.81949475522354	9.26249890216297	0	0	0	0	7.32414192402681	0	0	0
-3.28627070619881	-3.35671926350672	-1.25978039878219	-0.433355762557403	3.06902298191274	-0.390102416492611	0	0	0	0	0	0	1.92126711647435	6.408291750784	5.09257296575573	4.03663630896666	2.80708848831919	1.32426081890393
-1.48516403135246	-1.52229437178157	-2.01415230619644	-2.22587581694673	-1.60133348703875	0.119225354289712	1.03653384810861	1.75114752890731	1.13834057134696	-0.394531328756933	-4.33687279774513	-5.5476493909456	1.56955093691765	2.56508155819589	2.78056455983079	-0.12387522931145	1.52201685107101	-2.83651993418264
0	0	0	0	9.93134210827491	6.96102032858058	0	0	0	0	0	0	0	0	0	0	0	0
0.427470265067865	1.20067861078332	5.10250789888754	2.94639300843084	3.82304918904763	1.95599385915902	0	0	0	0	0	0	-8.5840199188018	1.31467415785436	3.26562695386507	-8.57749291571058	-2.96441968954752	-2.07462274175812
0	0	3.01255884882386	3.03982562448559	4.49847813283567	2.73180670276194	4.52408626549849	4.53084061767212	5.46356696517814	6.25812379153122	6.87312216545769	0	5.50978302493638	0	0	3.83533952121182	7.23185814430347	4.98328125733369
0	0	0	0	1.33369397140039	3.09920993721935	3.13092874529738	5.94080912676105	5.90268161276452	5.55367424813316	8.35371258755635	4.84915747694481	0	0	0	0	2.01890719751642	0
0.152834860072986	-1.02711996796246	2.80379037570784	-0.105707330440131	1.30264897865926	0.642910048462235	5.67856857761835	6.3742841388147	5.64538764787624	6.2600163767602	-4.35305679513708	-2.15899793292328	4.13360258285152	6.20680060131252	6.32719741398863	4.98551508160699	4.63307370329967	-2.42061572750926
-4.21471447634912	-0.0493423240187029	-1.4037815603881	-0.0649966702557061	2.57666157927728	-1.22657048349923	-0.620705481435294	-1.39565124358497	-1.22798443585312	-1.17372463744206	-1.12539569973605	0.306007376087752	-10.8123835814801	-4.66136444222182	-6.26743117389308	-4.13959292944941	-2.89331676103714	-0.607568516560583
-0.319769830377391	-10.9602167040636	-4.44618783064224	-0.406932432241619	1.28083623481285	0.961240991432179	-1.94104818566687	-2.59957358349257	-3.5761507160316	-2.69343070625209	-2.98687297221362	-0.159149700474269	-2.65322377642524	-6.14608301473791	-3.3751761200468	-1.51449489847628	-0.80759467792555	-0.409748681283543
0	7.91773466469988	5.98642232321562	4.47387151548039	1.76094658914392	0	0	0	0	0	0	-0.580688019872243	0	0	0	0	0	0
0	0	0	0	0	0	-7.91773232597376	-12.0856530895598	-11.9502040730849	-11.9851373871377	-7.98344086255832	-12.2106403646505	0	0	0	0	0	0
-0.475220110947337	-1.86914590062531	-2.08625240279645	-1.73102470090873	-0.647569808284804	-0.282426599346471	-0.878868568373567	0.423828861911995	0.191455441284446	1.35906486760165	5.04441593382991	4.67840057630077	-0.316154663021598	0.0103640683578538	-0.369196450608614	0.000602909841687531	0.476200215852848	-0.192623967450394
1.50404297813214	5.04929134145541	4.32542056365159	0.908798518164728	3.27989961819792	-0.110361121735518	3.88808177249353	5.50193361114649	5.025556483491	4.18661040812152	2.59104047660322	1.26170657088965	-0.419657710944598	0.0248178742541427	-0.346680881610172	-1.30411684262601	-1.12951127377204	-0.260520485220067
-1.4604877588851	0.955482300301036	3.39540895221382	5.68101001329056	-0.675372152385336	-1.34362624364925	1.73556934076513	-0.293255475007465	-0.455954956985349	1.44344919730408	-3.49984923326152	-3.10673817676212	-5.47336709438094	-6.17689465983891	-7.04461543797942	-6.03069814571186	-5.63303062666952	-2.71097382102092
3.74095053533242	3.96092552491486	3.44283622374312	7.53961027430366	2.84783393835663	0	0	6.37231065911782	6.4405457553748	0	0	0	0.897867855669536	1.94019673017807	2.91107895286203	-2.40585730946403	-4.15132079467276	-0.13356740654303
0	0	0	0	0	0	0	9.95214364685858	8.79013297689841	0	6.97185159570829	0	0	0	0	0	0	0
2.24864501037886	0	1.92473949111369	2.51770306912336	0	0.696007328761319	-3.33195285918094	-2.33529970165067	-2.70307529121491	-9.33814665799044	-2.4098353510848	-1.31017792922471	0	0.209562682943914	1.35188295906835	0	0.308454317488641	0
-2.45779397750575	3.60747495007236	6.69511964547273	7.50106797715604	6.09812547508032	4.71789960987378	0	0	0	0	0	0	-2.19003687765636	-0.246061517334408	1.35713506848183	-1.67084057315228	-2.56742800816907	-0.604892923172336
-0.189129516766883	0.302950195739387	-0.0190075117066865	0.205809438372454	2.74571358511523	-0.823184024827953	3.81394091561402	6.89196938266543	7.44229829871443	5.43157608587432	0.196554701057504	0.581583824236658	0.932033913036297	1.73906971785935	2.26302155354773	0.564523637202714	1.59975665445333	-0.672353593946317
0.0545121193905516	-1.13193815072041	-1.38129444761671	0.275530107264254	-0.206594177294347	-0.969724720445375	-7.578282698319	-4.18639997709984	-4.16920666891193	-2.36153540638516	-5.12899176837414	-4.20058330843763	0.441197346396893	0.675291541704737	1.01914620055532	0.192765503593051	-0.46740554568518	-0.0519676704493741
1.75169281460182	0.237226159782163	0.628323501202832	2.20956843987572	0.305648729708196	0.460644969101453	-2.91779297837012	-3.49468534238736	-3.28497672055335	-5.40963168254348	-0.173064225234582	-0.621095744512762	-2.13765915215803	-0.246154143506591	-0.500590676567546	-1.67198955673629	-0.271557461148884	2.50553533288398
0	0	0	0	0	0	-5.95622191188601	-7.30673035980333	-7.80356934142222	-10.4078676266591	-14.8353749409063	-7.86342719792244	-7.5239850070897	-7.59573441939322	-7.54873067267561	-7.51747654793985	-7.6095573153731	-7.47910636556674
0	0	1.49395508355097	2.94958353034273	1.40049073279136	0	2.38060557459924	3.27729276167284	3.0245011541519	2.05709662493944	3.1479496164568	0.801866596093493	-0.491105464181222	-2.41404742945645	-5.4626821175497	-3.40955895783435	0.00574401965700829	-1.38597433486264
-5.11883257525984	-5.05527111055282	-6.01240538569094	-1.56975823087193	-8.29738511810095	-7.56761408031324	-9.16669885145283	-4.02896330854434	-4.1306003050978	-9.06298140463389	-9.19887041649699	-5.23542121408245	-4.08139529762496	-0.277698796171358	-3.08792174060546	-4.51180499243013	-4.56070229146972	4.02230531726588
0.193453064469104	-1.66602365442429	-2.08766209865752	1.06578441663471	1.892728699166	1.38988972925755	0.945721860918092	5.77068860752363	5.62665812142468	3.99841096353845	1.36080580532391	-1.3939119475615	-0.417509152828616	0.768300462450816	0.755788116967678	1.05664394203273	0.199223503800162	0.22746048962987
-1.5326705391951	1.48420574088879	4.78648449375395	2.27987838837813	-7.60555876793952	-3.66335823457373	1.47288491855808	3.90549915769208	2.51426363558517	2.00535874970967	-0.141973962687297	0.375548592514356	5.64844024833367	1.81784984333782	0.751093163157445	0	0.551735351042198	4.17208580526344
8.33917932475986	10.3707946672412	8.52693599625186	0	0	0	0	0	0	0	0	0	3.6443447405941	0	0	0	0	0
-0.986606800295553	2.80947426551519	2.49747755700407	2.33143291962244	-0.0644183074492976	-1.73292742730573	-1.37544648024191	-1.04848790190687	-3.99992712036328	-3.11724357897015	-8.50704570240679	-2.29285589235752	-5.00889048259957	-5.78036804969436	-5.20570728128724	-5.05045582632968	-4.05696578162064	-1.11067241878921
0.131156953244651	-1.39307154641711	-4.14836933848934	-1.83149268752058	-0.499806108406286	1.47476403285259	4.56534687763085	4.16305166457511	4.63017765617973	5.09270719522704	1.42394480735692	1.64270285907135	2.0018686244119	2.64259446473432	3.72854800673855	2.69045793212729	2.79750298588429	0.430632468798882
0	0	0	7.02981416141975	0	0	0	0	0	0	10.9670320923833	6.9745794491531	0	0	0	0	0	0
0.0341720075400378	-1.71417709695715	-1.19197897678588	-1.16390805629785	-0.00220639052624796	1.40614614194675	0.0468588323523917	1.29057793090641	2.32020371651473	0.814749495895873	5.12160845287191	1.79442308619715	0	0	1.915540357928	0	3.41585929900566	2.51355338989148
0.921123639949482	-1.71800982540986	-1.7910324100883	0.656485184517093	0.0979030567046398	-1.40162061409001	5.65862190187842	4.80146717892318	5.194824577279	4.96603928586176	-0.15177311339675	-0.920641067733896	1.1902941126089	1.56099987498251	2.19432744889504	0.238221535226968	0.785361204133475	-0.00150524850669376
-1.64036285298752	5.7549352477889	2.77826622266342	3.57673696389732	6.86630472321234	6.68023146642061	2.02210318385433	1.17016811306686	-0.640868860477697	0.398896609170433	3.77958380109698	0.707473118219276	-0.750360184403281	-0.245857985522188	3.62574092317614	0.0645796424617816	-0.390842702103095	1.73749371122812
0	0	0	0	0	0	-4.0131708931417	-4.00604971858922	-4.02014834287517	-10.3370317215781	-10.4730632035129	-4.98388937136333	7.25218761393937	3.76592914502742	0	0	0	0
0.203538515541534	0.931243427108493	0.373837692147154	0.683991436954597	0.0927664456346687	-1.42048728726398	5.36895194015299	3.83246802639543	4.52946771510137	5.08892708279297	1.92082339768157	0.704394459360336	-0.0845771726892189	-0.642704511958884	0.255744918444728	0.275221301352348	-0.169113272309951	-0.419257636899645
0	0	0	0	0	0	0	0	0	9.50314557051839	8.70074948751145	0	0	0	0	0	0	0
0	0	0	0	0	0	-3.33085084429084	-6.33891663967498	-10.3784090103254	-5.15926255586427	-5.45313591156424	-2.58277010271651	3.57372869614709	2.29475640654194	3.93204533560226	3.93558007745085	2.26985248939722	1.93359645282147
-2.95828280317066	-3.34809520269125	-4.16561983007417	-4.13786187780284	-0.440599944357626	-1.10068068610933	1.2999765991468	0.898697503417896	-1.13180332749689	0.618277773130919	3.2832748116124	3.11664771819775	-0.198218419047809	0.78725720835346	-5.02862838546921	-4.44687137517511	-6.20769880367955	-2.9790687961063
-0.657177889153806	-1.36065957433273	-2.18182667122795	-0.495785947319205	-1.84609378579827	-1.0472978371797	4.25174352799125	2.92944270572818	4.20597740459214	5.75639186838024	0.253690166369272	1.52702016587344	-0.246636725627822	0.98233759052073	1.23704527094147	-0.00463141886548081	-1.16676749723771	0.455861525378619
-0.333087076777972	-0.0840736439071716	-1.14744261501026	-2.47974922270565	-3.21507963999207	-1.4377203276532	0.159120131107658	-0.100253349721018	-1.45604020382198	-0.761623209162038	-1.5428461476254	-1.58896503289663	-0.374095642537022	-0.665193784997848	-2.90209545680407	-1.95099175958495	-6.36420746493107	-1.89408006394251
0	0	0	0	0	0	0	0	0	0	6.17547750672493	0	0	0	0	0	0	0
-0.575414693666821	-2.60267072865978	-2.98348916802729	-3.06985005824513	-2.87279564793115	-0.542079405462502	-1.09175935332878	-0.901113487918916	0.484763832473866	-0.369193676219123	5.54974178905205	2.56516899355849	-1.0235042988502	-0.631441220838829	-0.437112958825394	-1.85073235338021	-0.771681380014861	0.615591377920016
0	0	0	0	0	0	0	0	0	9.2405087339682	8.18766152380295	0	0	0	0	0	0	0
0	0	0	12.3433394147594	10.0485836205732	0	0	0	0	0	0	0	0	0	0	0	0	0
-0.677604874939221	-1.255713486085	-2.52417216920223	-1.45985671241459	-1.37121999353844	0.0165213400985488	0	0	1.20315875824365	1.49694184204033	8.44052869735867	0	-1.02290109566884	-0.53774095036658	-0.173442334809531	-0.239863041387973	-0.43327594605082	-0.808339698867083
0	0	0	0	0	0	0	0	0	0	0	0	-5.59568598769279	-6.28285072399536	-10.2120730828328	-10.1806760816758	-5.35452630794536	-2.44618585170245
-0.440999709645243	-1.07005863346225	-1.03235658806702	-3.44115779101255	-1.1265839582965	-0.281888409151883	0.570686757038208	-0.214885584175981	0.539854943009007	1.56147680105148	5.44814718066953	4.14196305895188	0.0375233564656081	0.37827417296193	-0.255359637319335	0.566419504058676	-0.509238800495403	0.00796566775227547
-1.14695003234764	2.10175817060878	3.04157751368151	-3.00814252335064	-0.7377634516379	-0.763885890662649	0	0	0	0	0	0	-1.52221707534363	-0.709720618531413	-0.621579354562952	-9.37425313972216	-2.26479091222997	-0.1948973016986
-6.37233842896088	-6.44401957794464	-7.24290478130496	-5.68414018953984	-1.89385999278722	4.9122116860921	0	0	0	0	0	0	0.117769983979653	-0.642439721589312	1.43896622419289	1.63924549504382	1.43574535101227	-1.54718430346896
-0.889362514549143	0.19803391091997	0.893732764773454	4.80207719011633	5.48664045496495	3.81228962566671	0	0	1.68433064564617	1.12197997571808	1.30887099064853	0	-4.48388075369957	-1.69807717472244	-2.02134943933945	-2.94628350447653	-3.68721634159183	1.86331136525926
-2.1353496669401	-2.28574367997131	-0.609324938030528	-0.460422435980623	-0.662344508334004	-0.679392865384875	4.43789128572744	2.9042292289442	4.1337692592522	6.08027965357936	1.29736117473325	0.984350851571782	-1.05041369396076	-0.621667676261584	-0.114239582293861	-0.397598587411592	-1.10070908909125	0.639258296275369
-0.890709420810984	-1.42311723697133	-0.851749744240579	0.604694096281719	1.10492737912747	0.458488702106216	-3.48259363750382	-1.07512640531763	-2.45627859253589	-4.53927249488651	-4.15436060445506	-5.45605912878168	-1.12172162368653	0.433397116630457	0.522202818298838	0.0552513745539142	-0.0509993979402729	-0.248393256880682
-0.618756576139274	1.04826025132217	0.7933310543116	0.902823018227013	0.167339643052642	-0.181491902178537	1.39941114641147	1.02819780664182	1.28863410609069	1.36632309710025	7.11285625794579	3.01954541900245	-1.35590028816681	-2.16480122495944	-1.18971495384241	-0.707092409452176	-0.953344700726215	-0.105081202687476
2.23071276131325	0	0	0	0	2.44683920414201	0	0	0	0	6.80082644469853	1.8934111042557	-0.109870566603066	-0.108294472702847	0	0	-0.58629755364793	0.968240835015594
0	0	0	0	0	0	0	0	0	0	10.9245290356919	0	0	0	0	0	0	0
-1.09539157344064	-3.42049221749946	-2.30290530913645	-7.42817227321359	-2.39570210838469	0.0734503825104104	-1.74625406225409	-1.73917860241875	0.209028528073262	-1.29969437780191	5.8657312566666	1.44116916799604	0	-0.244041274865101	0	0	1.48250038104401	0.556210845931755
1.87088792296209	1.57923113995322	2.79078528059176	0	1.52235493586296	3.81132099854034	0.93726604921068	0	0	0	4.9444031207044	6.65349813367694	0	0	0	0	0	0
-0.0935640192723854	-2.04078104548406	-1.93667479619948	-1.96965895058487	-2.8033046618134	-0.982789823331348	-0.593637328878426	-0.242322952874651	0.365849571562468	0.258475331725692	4.17878189644582	5.7037812787217	1.07491069672381	0.894324605219956	0.9349614553801	1.21624485835463	0.240201709178477	-1.22817190898918
6.0295474070498	6.60927832524666	6.88020218094435	4.92706271267793	2.91457459496665	0	-7.38435144753361	-3.20612945707609	-2.90983281586386	-2.0270286960353	-7.41638770312641	-1.92676720879542	8.18205998720113	6.97254993015391	7.89831865000669	8.59675674049526	0	0
8.78052033196084	0	8.14625008920495	10.3797103844098	0	0	0	0	0	0	0	0	3.96349960956872	1.06060460833296	4.56915355013488	5.00966504360676	0	0
-0.518933933824194	-1.55134191515215	-2.99125085902576	-1.84232424223566	-2.62391203056547	-3.22660687337701	2.51415150686344	7.17643334953902	6.76908736152196	3.22526202943697	2.44961976528046	2.75617657028441	2.25906562873148	2.78960227773114	2.82638438568548	0.471333887187491	1.15401682294128	0.732926235402941
0.0117948956748576	0.0700468417326174	-6.30068625265112	0.768923664653543	-0.0609870516055242	0.151256719927964	-0.188443645616821	1.49488997439127	-1.08588186894891	0.139315544410541	4.76109580429858	1.17606369668761	-0.663755704675029	0.345719231208966	-6.55142693845529	-2.53336810185008	-1.12596268683643	-0.336667880945801
2.06888230039475	0	2.00685726293404	2.11214127344192	1.33369397140039	1.55227907188389	2.52600889161331	0	2.44358776119081	2.60902338321523	6.50239626532814	2.53313166339173	1.54421947911085	0	2.19334224159706	2.30681485515581	1.3854633729796	0
-2.4785479683669	-6.5561196519732	-6.41575890956435	-6.1847713891054	-0.416597274210555	-0.204794794403811	-2.12441551456131	-2.60170882921459	-2.86674239199732	-4.95473376309925	-3.51528998787	-2.42779196486044	-1.90904286542313	-2.76229172092386	-2.3019914537738	-3.24957989245633	-3.29934999309406	-1.68707893286265
0.151718298344982	-2.39603806922878	-3.48659452956407	-4.18458541786224	-2.32750841870756	-1.82544341876919	-1.39921876793626	-1.80023406766338	0.0704411902305189	0.139576553725875	7.11171120537447	6.53692869931772	0.544852301545456	-0.171984237946686	1.11204254169123	1.26283111518019	-0.707701437021202	-0.26903581065095
-0.121894146256374	1.61068065506493	1.87352319601523	2.4939189406508	1.66196739554338	-0.245192588417694	4.32197658758313	5.8814726747824	5.09637437135978	4.96691707026232	0.671619135056302	0.0236240908755356	1.20201718546664	3.18636608822708	3.23263552265072	1.56233030424037	1.58149803254729	-0.610564841241427
-5.73879415992511	-9.90831417578424	-4.12022429051162	-4.66370319738079	-1.61329332258794	-1.26500967266391	0	0	0	0	0	0	-8.14924706729238	-0.204525068706546	-1.33172805306209	-2.35743626555598	-1.10656660281721	-0.784766330900402
-0.180671001903163	1.1103347377305	0.23892750310877	-0.181771060425733	0.895151496153249	-0.432456147639374	-4.43132299810591	-3.80495278843006	-5.00700018411679	-6.8692275977896	-1.87397524182411	-1.35160666229195	-1.79785817059084	-0.684918262626027	-0.822331079973097	-1.94241794863734	-2.38950438252708	-1.24669210717437
0	0	0	0	6.96569999975542	0	0.76325860137897	0.386982141935052	0.794326689199836	2.19390852107052	5.26039754081648	1.62548439364522	1.91170598979024	1.70500056423984	0.10307970715876	0.382759557841632	2.27522920287334	-0.0227553780941178
0	0	0	0	0	0	0	0	0	0	9.20561452130861	0	0	0	0	0	0	0
-0.622714426184332	1.10196834300929	0.808799377073002	0.938529335348652	-2.46639939063611	1.5074111943456	0	0	0	0	0	0	-1.28400338643632	0.756825637124019	1.41398036258954	5.411291794591	2.14708658567298	1.16251894092679
0.854230326970241	3.37244009380241	4.38648670654459	5.42564512341917	2.9643313083129	0.888970608300262	-1.73946194829816	-0.546443264334637	-1.77296213515452	-2.7177762581131	-0.533941435645748	-0.217265445386783	2.22435415341728	-0.783927537779305	-1.44909526087059	-1.38933203749173	-0.809305662485384	0.675311659160147
0	0	0	0	0	0	0	0	0	0	0	0	-2.54742883519762	-2.68271732692056	-2.76338587480112	-9.66663554262463	-4.84045269842058	-1.98846498138264
0	0	0	0	0	0	0	0	0	0	6.18552273920557	3.1710426902367	0	0	0	0	2.56795557804053	0
1.13789288296397	1.13615222905797	1.09988389437632	1.83972199306854	-0.603358384738789	-0.112359362071298	-3.60245165816764	-3.01734183772575	-3.29175355610956	-9.60861897532921	-0.987384832436592	-0.678487017205409	-0.079653309055966	0.510186291539039	0.116088381518751	-0.609269569364401	0.991994011519342	-0.603509000095549
0.98569825349996	1.11907431362668	1.83294031804788	1.74758584933366	0.0224187819270696	0.0280330616569811	0	10.3130085776581	8.47681689207629	10.2281843918236	9.05613463246296	7.87610676189289	2.4374667953482	2.62164075479408	1.20643556711745	0.0167791705710638	1.69235069254196	-0.0839934352472781
1.7490852737613	0.366589700179198	1.06809111148951	1.51036263419417	2.11492941047299	1.77674195511022	3.07064541517028	2.65594181240251	3.00726658965835	1.48524503260736	5.13041894816267	2.37977085114564	-0.309214501938536	0.525017812998381	-0.15814296890587	-0.0526017894745296	1.53795436787909	0.902725245776664
0	0	0	0	0	0	0	8.38243746597423	7.72955351002063	9.10102650114024	0	0	0	0	0	0	0	0
0.605261212318574	-1.42590228616716	-0.852273623240631	-1.1214029864875	-0.777490398834789	-0.894981876241661	-0.410703561874518	-0.197977079281121	1.32653673441441	2.07976699486019	5.10029103465982	1.70272365836453	1.6812727289219	0.744627481463839	1.6342064966228	1.41142438588411	1.3003021987523	0.966086161598007
0	0	0	0	0	0	0	0	0	0	0	0	-7.41286726553112	-13.7709802150272	-13.7237316078125	-13.6923101723072	-13.784873607085	-2.9569748376458
0	0	0	0	0	0	0	0	0	0	7.04847756424962	0	0	0	0	0	0	0
-0.357655734131058	-1.40763819020615	-0.93409042087305	0.337492248636634	0.873773637762158	4.52050683862994	-4.86640882246885	-4.85931628790205	-5.12911938648148	-6.17304683946944	5.48639849144878	-3.32567081401302	-1.4138029976194	-1.14066603698644	-0.88607704301879	-2.37124361527404	3.3498965066344	-0.022849406559366
2.30820900075365	0	2.7321713216626	1.76678282276253	0	0	2.67525335746736	2.82495526621827	4.24763371505606	3.91528833385387	-0.697248001012344	-3.14564675744522	3.82036265347109	4.59937605452981	6.17256591258329	3.61390656633699	3.80174049388518	0
3.59889449587465	5.84440935252308	6.50485181108288	3.71375138171643	2.71655480819828	0	0.363264895966912	-0.62261187031791	1.0882813285221	0.0979037655862087	-0.0392087350912813	-0.217871932718777	2.66007652901095	3.41646012023921	3.417818514737	4.14627733198823	1.50852755023109	2.03103135499156
0	12.7655766297184	8.49308178534896	0	0	0	0	0	0	0	0	0	0	0	0	0	0	0
0	0	0	0	0	0	0	6.47179353569413	6.05824275959213	0	0	0	0	0	0	0	0	0
-0.939377178043735	-1.97238341608182	-2.18670531934722	-1.45290091762223	0.120330034769382	-0.290173892234693	3.96150139768714	3.34671619945721	4.91164810076416	6.49815277028419	1.53409752686984	0	-0.264766878922976	-0.358482134608564	0.263759619090621	-0.979876559431349	-0.168852507574367	-0.904373563535977
0	0	6.84344622538328	5.48143779787211	0	0	0	0	0	0	0	0	0	0	0	0	0	0
-3.47634984148759	-0.88278040332231	-4.5034679257464	-6.31040549552168	-4.73333423117371	-1.43403738514101	-4.16291695192289	-2.1001571210201	-3.54000612580293	-4.89848553347337	1.13805939161536	3.87119865053728	-1.52987650762401	0.475321866770985	-1.76812199631603	-2.91320844485616	-1.98710254405826	0.571702697631049
3.09956379204618	4.94936696747145	5.89326297320131	5.02596163986092	2.80357191600349	2.19639254785372	0	0	0	0	0	0	0	0	0	0	0	0
4.14116152796529	8.28906032671074	9.59558652044833	6.94971879228281	3.09681681242822	2.1853520748934	0	0	0	0	0	0	0	6.8939233459789	7.57423948849719	0	0	0
-1.74147935342551	-2.0078024712045	-3.87918956730431	-5.45689924273406	-2.61957527764458	-1.77660745414026	0.508340477920798	-1.2075189558325	-1.34476671648202	-1.79740918817015	-2.09548564948542	-0.725721107806459	0.15496025616959	-0.805770135021409	-0.823574308746965	0.787304854385822	0.61001455830953	-1.02364465622916
-3.26088707277157	-12.2314228657213	-7.0145089281611	-5.31464212982981	-2.59409197974557	-1.68737722914193	0	0	0	0	0	0	-2.84565188576424	-0.577432196058706	-0.738328016795246	-0.911627372107028	-0.394249277613217	0.0635961996921306
-0.93370341952765	-5.43178294753257	-5.27189866697373	-9.99565513181135	-1.54305261449672	-0.645778535138807	-0.807881647183814	-3.54952488584795	-3.24675935244513	-9.15473737831859	-3.40524987176775	-0.828051468747913	0.00064836331285304	-9.08567936478743	-9.03851572640999	-9.0071523546913	-4.18090557027564	-0.361703863103077
-4.07280416132086	-3.1972197859251	-2.93816318188733	-5.04764888484967	-3.89696069739989	-4.37151189901321	0	0	0	0	0	0	-4.33381384224203	-6.13627136648598	-5.7366282744978	-3.70473983673881	-4.86836089902537	-2.25647656172952
-0.812225061243479	-2.02988920555146	-2.27118055099772	-2.80206743231758	-7.05264710965175	-3.11021889693627	0	0	0	0	9.97372058391506	9.37462811397535	0	0	0	0	0	0
0	0	0	0	2.92123104918559	2.63315255351501	0	0	0	0	10.5700710025053	7.29421143522348	0	0	0	0	0.806164874649714	0.29476182315886
0	0	0	0	0	0	0	0	0	0	5.94376980260065	3.45785005093629	0	0	0	0	0	0
0	0	0	0	0	0	7.45356563335646	7.46850526421045	7.86768959144121	6.89938613400601	6.25329422265139	0	0	0	0	0	0	0
0	0	0.638301143633888	0	0	0.475816364535463	-4.56867284517357	-5.52111683278636	-9.56068329816059	-5.30419934242594	-4.63531776401968	-4.81227455086884	0.089867145684201	0.0158599833301734	-0.668323532459315	-0.0980018605650931	-1.98517524007529	-0.63952991527938
1.1264662980099	3.01263050216437	6.42098255545789	4.225519345794	4.3419983097171	1.1973330664082	1.24655735648153	1.91157784887336	2.75780602249689	4.00334116723566	0.931721482503157	3.05936985336433	0.88581332585502	-0.909136081919048	-0.327097787973609	0.502155363305795	2.18698431315524	-0.022933642197928
-0.264972852178713	0.537878975068101	1.61748410157531	4.35047281993031	2.75700566183044	0.426755940252863	-1.50064319392128	-0.922412278294615	-0.0441155979896379	4.52712884342583	5.33012416551432	1.57332208389752	0.286950779579599	0.0615901150067107	0.0959093483181325	0.474822281346593	2.74618688659887	0.349980745855236
0	0	0	0	0	0	0	0	0	0	9.26522170411148	0	0	0	0	0	0	0
0	0	0	0	0	0	0	7.79963496786297	7.18018115574233	9.66048116522205	0	0	0	0	0	0	0	0
0	0	0	0	0	0	11.9347616554536	10.2737804322636	10.0195864165932	10.9912498203886	0	0	0	0	0	0	0	0
0	0	0	7.2090869370494	0	0	0	0	0	9.05136564533452	0	0	0	0	0	0	0	0
0	0	0	0	0	0	12.7825947689757	10.4335990495496	11.5991638175294	11.8234822917671	10.3764356713774	0	0.657328253611764	0.63760823114414	0	0	0	0
0	0	0	0	2.26699931978583	0	7.73952572007124	9.32377728815644	7.85451782532352	8.64562543695481	0	0	0	0	0	0	0	-0.0227553780941178
0	0	0	0	0	0	7.26821739614595	10.7009028159265	9.69131917698818	8.22059844766407	0	0	0	0	0	0	0	0
-5.02854090693149	-6.08627699131091	-4.93859361655546	-0.348885820361617	-6.99001232266582	-11.7773709014529	-3.74285228484772	-2.9461569080547	-4.3984543673477	-2.94349098062532	1.82100536636343	-3.00892971398437	-6.11566814842679	0.782291489858194	-3.55782529488559	-3.55640740737593	-3.92136458334494	4.95142500408797
-1.06817773167638	-1.34469704087742	-3.23432264157814	-9.79265454727955	-9.85065711982522	-3.80880056290024	0	0	3.20239260810977	0	0	0	-2.27375945880193	-1.41395540847549	-1.12483351961497	-5.50204200073653	-5.67081583189226	-1.38241197113476
-9.64062386159414	-9.67621380934414	-9.59769207104579	-5.39163079532497	-5.5106343129475	-9.74063387697169	-8.5348637383289	-8.5315075817982	-8.39640971156394	-8.43124929241578	-3.47077897111551	-2.21698280132198	0	0	0	0	1.69031961301248	0
0	0	0	0	0	0	-4.05305791830913	-2.86003252406851	-4.37277068376861	-10.8575258551777	-10.9935877566176	-6.0743781559624	0	0	0	0	0	0
-1.27471063637274	-3.62248161540005	-8.19964613285431	-2.2437304801866	-2.84080400283814	-1.5722717351731	3.28649718963685	4.02797485493723	3.1618663353299	6.50046498645541	4.07723555534924	2.6139441605686	-0.988637328434612	-0.919021207002796	-3.65870543695608	-0.870200697004054	-3.21505433604268	-0.28444873582682
1.83468475806279	6.09284966858306	7.84271860388143	0.213726659121326	0.529438933728912	0.478408933967676	1.73114130295236	1.41905843060265	3.29657880442058	0	0	2.100098261777	0	0	0	0	1.69031961301248	0
3.01754005946885	0	0	0	0	0	-3.7486215100824	-3.90911424829735	-3.60549168987464	-9.92236596351599	-4.64866985333767	-0.89687081768206	0	0	0	0	0	0
-1.2898318080924	-2.75556004757788	-3.30993556660786	-1.7864263026303	-2.30694941993952	-0.787361289753227	-1.91854921123023	0.0558893021011313	0.493707168821983	2.06270930193153	4.24158937304939	5.46239499906804	-1.44994532799459	0.507929684790112	0.00763879938729382	0.214414402304791	0.469314727775793	0.35683932885884
0.782890658324494	0.648240297456986	0.551676925623752	6.80369618491017	6.47221459567743	1.5745907047819	1.58113490844482	2.22193732432546	2.87581287037921	9.54954589301282	1.74723019604215	0.34704593263534	0.210292921242244	-0.153665875671609	0.326072349726167	6.25783402903045	6.42724762814112	-0.680205747029556
0	0	0	0	0	0	6.13667526804773	6.58785685631737	6.14062316423185	5.81369703762944	5.22619127977202	3.02006054078032	0	0	0	0	0	0
0	4.66666225457652	0	4.68431455886516	3.73763496386339	3.55339161611864	-3.77362745744961	-2.96811992131306	-3.14469463118668	-9.77978040753853	-5.77796813683165	-1.20590292311025	0	0	0	3.65621823518276	0	0
0	0	0	0	0	0	0	8.73994001025913	0	8.3494668511095	11.9394855810138	0	0	0	0	0	0	0
-1.17618427253634	-1.59300016600744	-2.8641179807218	-3.79640133189093	-1.97832959645095	-1.09721261901866	0	6.20032023111148	6.10518532329795	3.74130489503765	3.27367213480392	3.22117852597692	-0.0174453722750804	-0.103628423336997	-0.0954991309789531	-0.269618436079986	-0.419397656497374	-0.0556534948772682
0	10.7203671796876	0	0	0	0	0	0	0	0	0	0	0	0	0	0	0	0
0	0	0	0	0	0	0	7.010826498136	0	9.32652710517579	0	0	0	0	0	0	0	0
0	0	0	0	0	0	0	0	0	0	10.0771258252894	0	0	0	0	0	0	0
2.38218189353726	7.64884566318125	7.23051069380353	5.30501149853161	2.86969375653493	1.79356378979541	0	0	0	0	0	0	4.2723722939499	2.44567977599693	0	2.59072552280604	2.00899238605768	0
0	9.38934501548125	7.91011993411776	0	0	0	0	0	0	0	0	0	0	0	0	0	0	0
-2.30267969566702	-1.46659846943595	-2.38060392011678	-2.03484196667516	-1.39819756961041	0.0398072326929613	-0.820684053248504	-1.6754246211624	-1.63139838910972	-7.2810912535716	-2.32016184586424	-0.623068000185378	-4.43927637414464	-5.13648372338879	-5.04830807934991	-7.11143574678484	-6.44500879243105	-2.52378766496026
0.0534190395405902	1.20265765033592	2.39151071602717	3.22500921774951	0.517129007418007	1.47253048495557	-0.756219615214748	0.149498005257123	0.00377128026984533	-0.353644133719194	-7.40130791835383	-4.13805323360809	-0.932321016982916	1.52400346212776	0.988839951021319	0.0320218895405007	0.129496153269773	-1.37562438943197
0.415050526512229	-1.53180638813048	-0.80065214150548	-0.364679255523127	0.749637261605766	0.39597407594828	0	7.3495063779927	0	9.19549655950208	0	0	2.48339758677413	1.81155846494168	0	3.62962478011825	1.9480266821011	0
-1.13540190548031	-1.49355440853718	-1.0456988656605	-2.1373177416599	-1.4254485826813	-1.61963488386208	1.57364925405101	0.463482063988508	1.54859261281415	1.46691026254636	5.59429705854195	5.90358167064736	0	0	0	0	0	0
0	0	0	0	0	0	-10.7562969724064	-7.5003144560634	-10.6175342954881	-10.6524543599786	-2.97377418356725	-4.72447992526939	0.250013703749219	-0.115186805052842	0.490957734337134	0.55083263455544	-0.752672333678333	0.581818286895923
0	0	0	0	0	0	0	0	0	0	6.4483522095829	5.09180079675923	0	0.333627994565023	0	0	0.184400702413277	0
0	7.02328612436064	9.3468994664716	0	0	0	0	0	0	0	0	0	0	0	0	0	0	0
0.681660589697343	0.645720319989562	0.205852275664593	1.01186538267298	1.73623955989682	0.969337530541121	-0.678925953981723	-0.671761004123306	-0.853280308827535	0.00629543389640082	1.31198948568141	-0.222191905304267	-5.78921295089093	-6.56499092783737	-5.91852932338232	-5.32022257834137	-5.26671873262571	-0.0316082290785934
0	0	0	0	0	0	0	0	0	0	9.22575846565213	0	0	0	0	0	0	0
-4.82166799225361	-6.4214094407151	-4.98972500615273	0.0592471817689207	0.555595192992013	-10.5847671467369	-5.56314279232882	-10.2890865745806	-10.1537184030026	0.0170306291341753	-6.18685433711111	-10.4140056877647	-3.93419762232423	-3.80856297636312	-4.4244188541717	-0.710280265383485	1.01070511721145	-5.40750958078754
0	0	0	9.93349564698758	8.90820774659879	0	0	0	0	10.628438060955	0	0	0	0	0	4.62323290923496	4.98152498133802	0
-0.615485239660484	0.486196481714113	-2.25437597587962	-4.10315263724013	-3.65311404329664	-0.758696213089191	-6.5284224703459	-7.51289516555285	-7.52690037300665	-8.2753988302793	-4.65746824331418	-6.24194007239093	-1.13170022270955	-0.965788856726262	0.524341417555407	-0.196045788604237	0.271953072514606	-0.594728123887421
0	0	0	0	0	0	0	8.76844299716622	9.2429712706242	11.874349666444	13.2033219400486	7.9232143703751	0	0	0	0	7.52186425845411	0
1.69406790635751	0.608586972477165	1.17301668652136	-9.65288995304706	-5.57893772247491	0.175299153990286	1.92673021831628	1.29323065150044	2.20805332809463	-9.5824213408371	0.57459320058747	0.0273039169435176	0.936714857942112	0.0513729089237528	0.6549497247809	-6.36816719789202	-9.58753956780103	1.90319834456473
0	1.99057650355124	0	0	0	0	0	0	0	0	6.47354499942426	3.82258508105419	0	0	0	0	1.40268564869381	0
0	1.00903513387154	0	0	0	0	9.79097222121475	0	9.43531869043477	0	9.07846074902144	0	1.12499563101914	0.652326584225875	1.07797897508879	0	0	0
-5.42026001670789	-3.92427418853862	-4.24380108196244	-2.70355052981301	-4.9170779000434	-4.44068715762301	-3.12178691235454	-3.30579661309251	-3.00116798385998	-10.1174340434855	0.268559871253575	0.491416802344644	-4.16012433990098	-5.97893503462855	-5.94501507068314	-5.58677404617539	-7.42502510111669	-3.40717824049849
-5.18217878170328	-12.0322709750322	-17.9879850769219	-8.83809244453276	-5.44631841656957	-2.18768565960325	-2.25024925905319	-3.45444487869653	-5.40215843000424	-6.80131487379602	-2.47377852130529	-2.78166697164051	-2.99024993351711	-3.85090355046776	-3.76073678086297	-6.67674360139443	-4.00233299678759	-1.47361719696893
-2.27503000146711	-7.53377360221889	-7.3730360067312	-3.57605687947431	-2.20418061038695	0.279556118709591	0	0	0	0	2.19626439463436	0	0.255177109533701	3.6582464709413	2.5800127857564	2.25829294487962	1.72215724994927	2.59830324484166
0	0	0	0	0	0	-8.87353437586859	-8.87017631871918	-2.86190010933957	-8.76985916326611	5.08003209220894	1.01392203443761	0	0	0	0	0	0
-0.651966856358999	-1.71410383791482	-2.83881024804235	-5.53916829952967	-2.19150954752878	0.999670045228001	-1.53551223425797	2.93953374223379	2.79311041946946	2.24952901884812	3.84321588065101	-0.144352320556347	-5.08332773236517	-2.10657260492221	-2.24548486644894	-3.66723174795081	-1.14694149967534	-1.99485129744391
0	6.4915690552304	4.90483241805615	0	0	2.99278212144325	2.45602097404822	6.08757748989356	4.95942163827253	3.64232437517642	2.06977413321066	0	0	0.93437176262448	1.82385570019947	0	0.909193184364103	0
0	0	0	0	0	0	0	0	0	0	9.65512514240317	0	0	0	0	0	0	0
3.70402114369156	0.947288176096788	1.61607926484541	6.18655436817288	2.16992097603598	0.631859122697431	-2.04816172007869	0.458093147900643	2.89850661688061	2.00541625207037	-0.169375958520887	1.1129288705668	-1.22226844757535	-2.75918046042782	0.368859772142553	0.308825291056014	-2.26062159031628	1.99504467089795
-0.993955038132219	-1.03718643495826	-1.55926415110432	-1.80633698421398	-1.62267617046174	-1.80325750333428	4.61751372074302	2.61933334696499	6.09683272202336	7.69548666190032	3.60721118324361	3.7251769716805	-0.0163744663551835	0.504970631089593	-0.890377809187037	-0.192536901933999	-0.373886444506441	0.116940532381719
-2.22949568885876	-1.26184042889038	-1.25527014677505	4.28242843415139	5.46017169558773	3.37816539340037	-1.79579700910703	-1.67785913924245	-2.26673376770028	-0.2224505558437	-0.411427092782997	-3.03921423356274	-2.06735096348636	-3.46385856863714	-3.93028418554821	-2.06678987496402	0.490663654996522	-0.294681921885545
-6.45647668477948	0.742086776574614	-0.041527042976721	0.0432227943557519	0.320126272597894	-0.031009545731676	-8.44396950898559	0.179325225475526	-2.21357125704063	-1.93754329567856	-2.59071352336709	-3.55669441859972	-6.46019824716242	-0.292924855891505	-1.26954716227881	-0.545759020167212	-1.60741306151539	-1.03937276112434
0	0	0	0	0	0	0	0	0	0	0	0	10.4059456740482	8.13481049470605	9.76993673075241	9.23932659297474	10.08092268061	0
1.69444373627188	3.30905345460537	2.8977075198065	2.44702979996375	0.0402942639762175	-2.30084382600651	1.47505752734758	5.66734824873506	5.40303292406848	2.90096731962994	1.86198989765373	0.0769035601328841	-0.0325189707312247	-0.936419552736011	-1.70265207058709	-2.27321465985072	-0.940333308288163	-0.4727362472581
0	9.97936685239822	10.9048623003034	0	0	0	0	0	0	0	0	0	0	2.36392573542102	1.62011186987374	0	0	0
-1.85939416098011	0.208967195147503	-0.42384664630666	0.835812204571565	0.608986142591423	0.408841943801012	-0.951557982306616	-1.03341179394109	-2.9522198707514	-1.11146044925151	-7.6460178175923	-5.03952834164717	1.14458073689134	0.372122127100022	0.602669289130634	1.53238010306665	-1.11281171336978	0.16536863643215
-0.782103044799146	-5.87916120734678	-4.18997084111864	-0.0587443962095691	2.09182334649517	0.941030259838433	0	0	0	0	0	0	4.3177671819784	7.04907878720257	6.81077555326603	0	0	0
0	4.06299386577997	5.73710463553823	4.16373063970874	0	0	0	0	0	0	0	0	-1.68762165925481	-3.38204310662169	-3.60761985981061	0.109689143700922	-2.42653493358874	-1.91883133360869
-2.40359123731193	-1.90063177485702	-1.07381589748669	-5.81553912160988	-5.29010065432044	-4.39487003604183	-1.62047940497608	-3.55219691103629	-7.59226240084656	-3.33564525243642	-2.6662742882113	-0.876943896056034	-4.25532339607193	-6.12822694247567	-4.66637630008486	-2.45867824258641	-3.69490276094291	-0.430113801520155
0	0	0	0	0	0	0	0	0	0	9.10044662125995	0	1.34381678461078	0.211410929140001	0.953267709655253	0.0709625782404405	-0.462652531955766	-1.42545480902152
-2.11777987241156	3.56843849458243	4.65092578170985	5.86910559134707	3.63693566673411	2.98977025564431	0	0	0	0	0	0	1.45188394552207	0	1.81701308840076	0	0.974496175012858	0
-0.0664197254780259	-0.243693443115776	-0.489951972630076	-0.421211797475288	-1.42620076737438	0.0553188279088024	3.78888310291657	4.19994640964751	4.80075962486802	6.49402515277919	5.47299191918323	2.94467729656112	1.02091450902039	2.09272708184726	3.43700210223538	3.55954193727441	4.82340750569914	-0.209983030966655
4.19720600004115	0	3.72292834323825	4.66606101323788	0	0	9.51713807455537	0	9.14849581250113	8.77364292116396	8.70074948751145	0	2.9361262754632	0	3.65463077454595	3.23960110697912	0	0
0	0	0	0	0	0	-3.15248303067778	-2.46454567792796	-3.31044304258206	-11.5677168220765	-3.69059279668079	-0.610351092187019	-5.15334793982474	-5.8404910221832	-6.66822375433474	-1.53397767435678	-4.91216255773228	-4.09633123992845
-3.22380389120928	-4.59177964326103	-9.56943989757125	-5.36337895822158	-2.55624145088757	-0.694110168507744	-2.18925381047648	-3.02266418124493	-4.42132637640856	-3.78530968539818	-3.41467029877528	-1.7515459445277	-3.81598968319632	-3.2473715888324	-5.29306848831429	-5.23383701682554	-1.59223912829668	-1.05187706122551
0	0	1.04548954594448	0	0	0	0	0	0	0	8.11010611451163	0	1.66671913573975	0	2.80516433533616	2.6724863258102	2.39515570948863	0
4.50703923985992	1.31542054506584	3.1033489323793	6.63621891515197	0.557845555834113	-1.45799938837232	0.751157104282219	2.84795482344483	3.24288769638283	2.75812136497502	2.69668572012581	0.146136691509043	3.93822755336856	0.986516381832433	3.75122103901327	3.98178686007939	-1.12930842727266	0.101387791751486
0.793857296566233	-0.492865279702809	0.186986002964916	1.35584951748832	1.293683646181	0.767587105959833	2.58016724374646	2.23466600248828	1.92101862108675	5.95885041668175	-1.00523797070685	-0.315882684309169	0.869637974199878	1.70757148535684	1.48880540493774	3.38563821064487	1.5314424467134	-0.526577068142883
0	0	0	0	0	0	0	0	0	0	0	0	-9.95296764894972	-10.0250283935143	-9.97782245120301	-5.90453559788422	-10.0389095033258	-1.10876283949502
3.74144858534751	4.11024359426282	0	7.7488383562501	0	0	0	3.82271152919846	3.85323877628801	0	0	0	0.724931898206056	1.24479435154244	2.39997639599163	-2.12515078895373	-2.29746182572004	-0.259012503764873
-0.232407340367634	1.721766510227	3.43139945308083	4.44200215354817	5.55567448771255	0.70277956295145	4.20878126520761	1.72117333545113	1.62321445329862	2.67769410958163	3.53001514821301	1.2404668574872	1.13626240759434	-1.66052949637677	-0.84658640237934	0.629031562835499	-1.77439066470487	0.180738482568131
-3.15024892177006	1.39412727531546	-3.06133588947507	-2.71980642034252	-3.55522574215333	-0.38708147409532	0	6.67291997446468	4.78023553631792	7.34917916036614	0	0	0	0	0	0	0	0
-0.152592959734538	-1.40884189325489	-1.72436850200506	-4.85128731414187	-2.0555410420287	-1.60814757271244	-2.79619738396646	-3.10535109817351	-4.81432908230732	-4.49132917696172	-6.09208920859895	-5.54006892704943	-3.18266602798049	-3.57920281725497	-4.14059084094429	-2.61164647274907	-1.61203817917793	-0.244038318126315
0	0	0	0	0	0	0	0	0	8.97351419237869	0	0	0	0	0	0	0	0
-1.47408588167774	0.793591102983354	4.66626033663433	2.98995011845039	-2.45676727798762	-2.64928827074298	1.66247356765602	3.79617515080443	2.43277752191665	0.633577452354119	-2.90910432788297	-2.12707776787288	7.2429309011542	2.71836504163164	3.60997948088847	0	2.33887413448713	3.81863591695478
0	12.9101855737187	11.9300145106675	0	0	0	0	0	0	0	0	0	9.11797417753073	0	0	0	0	0
1.39976416267467	6.06432674902017	7.25225178130466	6.93883446833087	2.29086186378194	0	0	0	0	0	0	0	2.1856758087683	1.82842458480878	2.78960163383433	3.69931475014128	0.992733857052805	-0.52095621288022
0	0	0	0	0	0	0.43075384365648	0	0	0	0	0	-7.0057981552869	-9.01283321073647	-9.88053525828558	-8.8666051658949	-6.08030176867959	-2.00047232780471
3.74144858534751	5.28335232345343	4.26391678892727	7.31099904795501	0	0	0	9.18265317418693	8.75849653698972	0	0	0	1.54540310822481	1.5769120656077	3.13865984120851	-0.0979342995393548	-0.974295208038159	-0.283911018127293
0	0	0	0	0	0	0	0	0	0	10.6089347763223	0	0	0	0	0	3.22391637303704	3.38345687533655
-3.83412057468283	-5.05201754243695	-5.85094805671108	-2.25418701488642	-2.2659977035032	1.42107932276961	-4.49373418258934	-2.64646309370024	-3.22275606480719	-3.19232844426507	-5.05738914606285	-6.28776466755547	-2.47190147862533	-2.63785538078179	-2.12963480444304	-1.76906447525941	-1.46918982042287	-0.297322410317524
1.08608674216196	0.434001603860861	0	0	1.15956814892976	0.888093270470596	0	0.755050235650852	1.6380789227532	0	5.93388667815545	3.64655669930646	0	1.11379151017103	0	0	0	1.33404440048091
-5.320565493199	-4.41407901165586	-6.19114841312822	-5.6053557759293	1.43697732921256	2.87024901603604	0	0	0	0	4.1059782534917	1.70240386955993	-7.15431981171201	2.47769365613864	1.76905872198618	-7.14782175988597	3.86465219589348	-3.03284750023115
-1.85840389304914	-3.36225642060439	-4.1613498785205	-2.86020824184387	0.250951544218528	0.717027603434721	1.07927192231421	3.41309144526782	4.17469092182599	3.6357868807828	5.96959125033554	-1.3390589581418	-0.608383626550287	1.78786012753151	1.67761977522096	0.511308535062803	0.162492911151571	0.791949325282181
0	4.26242111137448	4.79814836032298	3.30101876882916	0	0	-5.13956443544448	-4.1731135657631	-9.17223219752865	-9.2071143958958	-2.69023257996303	-5.37959133341097	-3.2000395109165	-2.37801929504153	-1.72181451031869	-0.937724899003022	-1.11002800578468	-2.1581262982736
4.76479992536274	4.43185082850773	4.00697019919256	7.6020996982089	4.17751672458537	2.63315255351501	0	0	8.22234339276286	7.74605169229552	7.45399093044498	6.88223460300644	-0.794898337337668	0.142328064095234	-1.20174506530913	-0.254993785559062	-3.48690436954149	0.0728716776332399
0	0	0	0	0	1.6747500101012	0	0	0	0	10.3943441803511	0	-1.66450504778569	0	-0.417046172590469	-0.674892873722888	-1.82258822958523	-1.5780907342869
0	2.9850205226804	2.3969753131922	0	0	0	-2.66454925167476	-0.140806342072304	-1.39787213867084	0.492554402041957	5.94072799044995	3.89612342980337	0	0.946635504225704	0.323230117921316	0	1.20363057885156	0.237284004682109
0	0	0	0	7.05808783406468	0	6.59727942234306	6.23639443586866	7.03275201827932	7.34912105480306	0.487840284200724	0.542413841123477	0	0	0	0	6.79012250602561	0
0	0	0	0	0	0	0	0	0	0	5.34858524901609	2.48963606886665	0	0	0	0	0	0
-0.576543366175717	-1.2686581468139	-3.17438308988906	-4.4255095292657	-1.77562440401265	-1.02573513840651	-2.56956293664091	-3.55641139659538	-3.47238175377903	-6.0766546061886	-3.19360162585301	-1.47801858026295	-0.815288374209764	-1.30187785045608	-0.845107910603888	-0.666887066558391	0.117602644552504	-0.877042345535249
-3.5926946198192	-2.21702455492423	-2.6669029295928	0.444462712849831	1.3128563607976	-0.717029433540532	-4.85275342493481	-4.75816931156021	-4.94584727319014	-7.78005699940484	-5.88157234169279	-7.26080170993081	-0.452120231369659	2.14714975452205	0.0835940710613233	2.09685684075434	-1.06688958503047	0.0197037513332856
-1.4336240035004	-1.50587033393621	-3.73661473533597	-0.13989567673726	0.301302172798059	-0.0584333654441075	0	-1.37935567295878	0	-0.369207404574427	5.52440808596237	1.50068180264287	-0.588511273729027	-0.15552818681257	-0.359365517118879	0.661833677264162	0.180716909212587	0.383228611025309
0	0	0	6.2648404761324	5.41359351121382	0	0	0	0	9.17245263414891	10.7196135808616	0	0	0	0	3.82264154852805	4.82063273676466	0
-0.696424959363916	-4.28796652564559	-5.86379291434599	-5.39825608461528	-3.36617602814127	1.21506624281676	0.255690714722085	0.246567865483244	-0.0237363850275215	-0.433471474731847	0.297166935453992	-0.0408388901134576	0.845549215522769	0.952377839208154	0.573114642255013	0.977440385746723	0.640086469585088	1.51854969507338
-1.54232500072523	-1.018995026815	-2.42913861242264	-4.66041934480184	-2.81233229534352	-2.48852319779294	-4.27498598720153	-3.29408537206387	-5.26929348267507	-5.09443225439527	-8.56342997128914	-6.39669465237027	-4.3611986312334	-3.57851792339693	-4.17939628282174	-4.64152930563184	-2.22654344233202	-1.39044524881564
0	0	0	0	0	0	0	0	0	0	0	0	-2.49789450122255	-9.43469229714045	-2.45287445814786	-1.69700301574996	-2.39758408754527	-1.11472539797439
2.45294407458329	1.44765878623229	3.52798134970105	6.22220769934907	3.35330599783775	1.30219294489638	0	0	0	0	0	0	0.302700769878986	0.572146844242468	0.814523829504041	0.123302771197688	-0.652792604065006	-0.534933751856031
0	7.3374377294663	3.95825367159027	0	3.01361888349484	0	0	0	0	0	0	0	0	2.49398982138469	0	0	0	0
0	0	0	6.70768347649976	0	0	0	0	0	0	0	0	-0.427985999698234	1.01936474353596	1.41294608581075	0.261618999273548	-4.96516682396207	-1.0750410817296
-0.341611491412339	-2.39977654637567	-2.6787364032242	-2.4878242268953	-1.89642077624117	-1.46732656319063	-2.18178462428668	0.334285330042196	-0.256872978305471	-0.0146521127102591	1.07683716884434	5.18909751944566	-0.988637328434612	0.750132100777282	0.953267709655253	1.24297567523563	2.25602415103647	-0.02292043946185
0	0	0	9.20175552865318	0	0	-6.92815433213434	-2.74993984156184	-6.79050369516441	-2.53375356411324	0.350347244974482	-7.04884564082639	0	0	0	0	0	0
0	0	0	0	0	0	-3.28673366654457	-2.83542416388615	-2.79996877553791	-1.54188717171138	-4.0643055414481	-7.05278472146861	-2.72769725168678	-2.48851955028887	-2.10388052170839	-2.45519612454308	-0.67063051486101	-3.14702657783302
0	0	0	10.1791746452923	0	0	0	0	0	8.53636094831593	0	0	0	0	0	5.57310591953665	0	0
0	0	0	0	0	0	0	0	0	0	9.07846074902144	8.28960822536695	0	0	0	0	0	0
0	0	0	0	0	0	0	0	0	0	10.0090189441775	0	0	0	0	0	0	0
0	0.309810977317011	0	5.41714738573073	0	0	0	0	0	4.14756006246913	0	3.04451855177632	0	0.333627994565023	0.296697138756321	5.9622696213351	0	0.29476182315886
0	2.4469802399604	4.48212971195411	5.86922167125013	2.80848071262939	0	0	1.91744808741795	3.33599468766238	2.29704591280278	2.27720333338177	3.91064689027013	0	0	0	0	0	0
