genes	endo03	endo06	endo09	endo12	endo15	endo18	ovary03	ovary06	ovary09	ovary12	ovary15	ovary18	ovid03	ovid06	ovid09	ovid12	ovid15	ovid18
ENSSSCG00000000081	0	0	0	7.81868471586701	0	0	0	0	0	0	0	0	0	0	0	0	0	0
ENSSSCG00000000103	0.210371732959383	0.0239543331457939	1.39991432137514	-0.364679255523127	-1.8654501739752	-0.226121887427415	0	0	0	0	8.10307248291013	0	0.835504663079426	0.448006194786598	0.0275220861741016	1.62431515447578	0.0785907361190968	-1.06689561466951
ENSSSCG00000000138	-1.21693538872289	-5.59555699951648	-3.71649562860793	-5.97750263780382	-7.05656565681236	-4.32562296808662	0	0	0	0	0	0.503660157661816	-2.26438572455204	-1.04154631808417	-2.65787346325334	-10.0173265066738	0.772318341918487	0.28704211782833
ENSSSCG00000000183	0	0	0	0	0	0	0.80105477629391	1.94839914506075	1.62219989566838	0	5.16289221366733	0	-1.54027409742394	0	0	0	-1.38592629098444	0.512672747414406
ENSSSCG00000000211	-0.48588702423902	-0.237924583475681	-1.16847250216612	2.4076666346823	0.207728775318503	-0.626491675516496	-3.27682106985847	-1.73917860241875	-2.41258857371816	-7.34481824240137	0.707510720584442	-3.51636343833605	-5.2761090068918	-6.25537937660685	-7.88243398547678	-8.07984487655628	-6.08044326639709	-1.81564743586938
ENSSSCG00000000239	-2.39171869024018	0.707035352178818	-0.426371203224084	-2.27520233623106	-7.48590852321119	-7.5835490312335	0	0	0	0	0	0	-8.06210179566038	-8.13397024680081	-4.98538549880867	-8.05558224213932	-3.22917267724696	-0.436102815706719
ENSSSCG00000000240	0	0	0	0	0	0	0	0	0	0	0	0	-6.28491569521135	-3.17639360660753	-5.76219278610994	-6.27248009850474	-5.87481920460267	0.917380558418989
ENSSSCG00000000253	0.159218879808572	0.120809993513716	0.870833358149126	1.72534349877436	0.520056584500765	-0.293274440840077	-1.74663583455573	-2.20294019437427	-3.27871461410952	-5.30419934242594	-1.24782123954217	-2.32621831680537	-1.68236909570997	-1.56769861635465	-0.786355236547243	-1.1779485528554	-0.855385803364275	0.233266030605855
ENSSSCG00000000296	0	0	0	0	0	0	-3.21306621686915	-3.20612945707609	-3.84013612573189	-7.2810912535716	-7.41638770312641	-1.92676720879542	0	0	0	0	0	0
ENSSSCG00000000492	-0.609012566762549	-2.40294252265394	-2.92144237859597	-4.02491076321817	-3.38385254513495	-1.67588246499913	-2.17370229979785	-1.26428772817726	-1.28586218423583	0.0983519832138825	7.40141060978735	8.18922940640845	-0.346385587733376	-0.431982875747101	-0.0249173772350168	0.599631891821078	-0.188214047453943	0.00997239041161331
ENSSSCG00000000527	0	0	0	0	0	0	0	0	0	5.26089572507562	0	0	0	0	0	0	0	0
ENSSSCG00000000647	-0.0232532575103474	-0.743547374285422	-1.7871744266393	0.0311515927716097	-0.580056214482321	-0.0649774560273869	-8.52477019915511	-6.76319698878544	-6.82879552510588	-6.20514816776049	-1.37086160519233	-1.64507913114179	-2.80596201034802	-2.05158575345318	-2.27067062088542	-1.05079395714185	-0.630138873035593	-0.553095193846331
ENSSSCG00000000648	0.676985181901501	-1.43882538865807	-1.02078174353656	0	-1.68465957621424	-0.102140548996177	-0.578745588244091	-0.983166182325892	-0.939887874366829	-1.33979302842124	5.01754803282038	5.0063268001741	0	0	-0.923594232239108	0	0.141185975831864	0
ENSSSCG00000000651	0	0	0	0	0	0	0	4.25674545101142	0	5.02426901691009	0	3.67856434482298	0	0	0	0	0	0
ENSSSCG00000000653	-1.33071886882605	-1.1416529781866	-1.65292330717688	2.51306931537646	3.23282558094625	2.29431692102981	0	0	0	0	5.14769356359026	2.84204602547769	-1.66450504778569	3.40348869459633	-0.417046172590469	-0.674892873722888	-1.82258822958523	2.5496135811655
ENSSSCG00000000659	0	0	0	0	0	0	5.03394261822329	6.94364766229791	6.93846702637724	5.89293936114188	0	2.28299464952771	0	0	0	0	0	0
ENSSSCG00000000712	1.28182854089838	0.53475950959848	0.185770075144421	0.491746715035517	2.15795291276137	2.70846677423847	0	0	2.90047257913735	0	5.51115729048011	0	-2.32218989127341	-1.88644360783569	-2.36885392862844	-3.2653205772889	0.23309486344893	-0.940360149090097
ENSSSCG00000000716	0	0	0	0	0	0	1.36372625534613	2.08376453329056	2.95754499249497	3.0058379009348	-7.04690072620707	-1.81414095120366	0	0	0	0	0	0
ENSSSCG00000000748	0	0	0	0	7.22680941613152	0	-3.75093362830021	-1.35143778802608	-7.78397266194153	-3.52737777666915	-2.85808862791884	-1.25981519605491	-1.61910132760474	-2.72967553257433	-4.51102227601381	-3.53936992851137	-7.67336644206353	0.495533014291077
ENSSSCG00000000760	0	0	3.49479481331294	0	5.07144356411197	0	0	0	0	0	0	0	-1.29064343461145	-1.71347654609313	0.0552168258147457	-3.38719599375709	-3.87119648519391	-1.33948108599431
ENSSSCG00000000857	-0.606692953066449	1.36937668529552	1.69200769355008	2.05145696126494	-1.1607851248649	-1.40276771827645	-1.31850371156579	-0.431952547412317	-0.62101328715112	-0.703470630121145	-0.323106611850407	0.555558654074053	0.140913548999953	-1.69238084182814	-2.08915372717824	-5.55921532407895	-3.24322309418741	0.497367149026932
ENSSSCG00000000873	-1.52877203066962	-1.95500403697199	-2.21554466193264	-3.78823990091268	-1.48150184966872	-0.552264333056034	-3.03992819907743	-3.6801481844577	-4.04253385437414	-6.23982075490026	-2.69048429299953	-0.799831475985124	-2.85110590771477	-0.470359677798813	-1.14304753175894	-1.06748686783924	-0.160708610228485	0.0929448282358213
ENSSSCG00000000932	0	0	0	0	0	0	-0.86617627562743	-1.22845797038483	-2.4661695753511	-3.75605315819632	0.14394375747704	-9.80770343664312	-1.67492492034968	-7.30788421579548	-3.24602141172225	-4.10279220164178	0.310622648725004	-1.58792453597055
ENSSSCG00000000934	-0.462301079166151	-0.833362229394917	-1.234033715528	-2.78233254989412	-0.959208738571747	-0.531757017979032	-2.00026489209425	-2.44688466226976	-8.42547042322067	-2.22527668814805	-2.20345084824536	-1.07097356286938	0.268557292363725	0.337035234038619	-0.411550409140617	0.122719703955677	-0.981610806174014	0.618516037048893
ENSSSCG00000001040	-1.49405631685244	-0.620280234866214	-0.953095380279618	-0.0985376019392745	0.518995236465313	0.571868024552454	-1.94000084087326	-2.24663020776378	-2.90983281586386	-7.2810912535716	-2.00669355675102	-0.941941907450246	-1.45528642254158	0.375952710154471	0.262381218937345	-0.628395068014356	-1.5750457193452	-0.148514955491754
ENSSSCG00000001101	-1.29773190341582	-8.20230869812314	-2.98565226673258	-8.11089064176883	-3.47953401101565	-8.26659169415781	0	0	0	0	0	0	-7.02119101581215	-3.2416243787895	-2.90652011685567	-11.0508297015264	-3.56521181075389	0.266861025631989
ENSSSCG00000001107	0	0	0	0	0	0	-4.41686255137604	-3.62016449352177	-4.10850172774625	-5.15240342694152	-3.9126680780092	-1.3092603389771	-5.98935550343768	-6.90582265163006	-6.57964010913359	-4.73848668121245	-13.2785741752972	-1.51099644695265
ENSSSCG00000001213	0	0	0	0	0	0	0	-1.25525941205085	0	0	0	-0.934686036272975	0	0.913203963280947	6.83288155978054	0.220234895914427	0	4.82591094384107
ENSSSCG00000001234	0	0	1.39664605012459	0	0	0.422564973195149	-9.27613965146195	-2.58108745171992	-1.47476480345059	-2.35880922784727	-0.393919298553717	-4.38901142240785	-0.110184325178498	0.801963471370291	-0.848682533051864	1.5141928584703	1.74610493350694	-0.0228203920615682
ENSSSCG00000001235	-2.2726868390824	-6.99926989517971	0.882385178760677	-0.321906123333914	-0.729454525684132	-0.0154720934488103	-5.10485442079749	-2.3606901853468	-1.77794516667032	-3.60399865202554	-1.60410266762614	-4.78918687281992	-0.484423026776367	0.801963471370291	0.779176230519825	0.949388182370748	-0.0655479597576659	-1.69243245881802
ENSSSCG00000001248	0	0	0	0	0	0	0	0	0	0	0	0	0	7.74645602906469	0	0	0	0
ENSSSCG00000001428	1.65055100970982	0	0	0	0	0	-8.5348637383289	-3.79854194399704	-8.39640971156394	-2.60488110977499	-0.261089504367124	-3.33467229060943	0	0	0	0	0	0
ENSSSCG00000001441	0	0	0	0	0	0	0	0	0	0	0	0	8.08007447224875	8.3779374242728	0	8.6555571199283	9.3800980632817	0
ENSSSCG00000001458	1.57897981510805	0	0	1.69597330499498	1.80791546055184	0	0	0	0	3.22140307188068	5.40877619335848	3.54743158001534	0	0	0	0	8.00504649300497	0
ENSSSCG00000001523	0.820552994076887	1.94056310102678	0	0	0	0	0	-0.808150086357397	0	0	0	0	-6.51128590804687	-12.3627189381889	-6.36909529002839	-9.15713204455257	-12.3766106939863	-4.66443990792288
ENSSSCG00000001550	0.481989048497319	3.85642625921102	4.41954219959124	5.19095500292893	0.19893809072325	-0.552440374842109	0.408783644760091	3.22726642040094	2.74179349704962	0.686932766244404	-2.02402680346048	-0.950076224995997	0.0236678802695854	1.05339013940624	0.996904454578169	3.21946654446769	0.423953619258412	-1.75408821993424
ENSSSCG00000001560	-0.706144680827633	-7.80178380691835	-3.54482315085124	-7.71046862768065	-3.63631534321047	-1.31616067755248	0	0	3.20239260810977	0	4.30424270956837	6.6735946908769	0	0	0	0	0	0
ENSSSCG00000001582	-2.56400087961244	-4.05690066529945	-2.90094293706494	-1.76932523110104	-5.65932366336993	-4.42193909572466	0.664317882520518	0.329303642487133	1.97192561494543	0.0710085381352027	0.985463756904034	-0.848611470826903	-2.06394877140267	-2.81634189395102	-2.17678215430551	-2.52176151459481	-1.49606181303981	-0.650904363028352
ENSSSCG00000001625	-1.4604877588851	-1.93246170158093	0	6.56751914181713	3.85993267024665	0	0	0	0	0	0	0	0	2.17525891135162	2.44040448062065	0.545647933406972	0	0
ENSSSCG00000001682	0	4.02578048386644	2.22139401299501	0	0	0	-7.87660701787452	-2.73887994855294	-4.33213964096589	-7.77316047762612	-2.49900427706277	-3.94503589807864	-1.82597082068351	-3.48254130654543	-7.41199745660826	-2.78339848308925	-1.41097080492434	-0.342568587476255
ENSSSCG00000001726	-1.98405069786905	6.2686895294343	6.92614981233457	3.41142453858123	4.62512791830116	0.660355217145222	0	0	0	0	0	0	0.649686173286267	0.21391752200929	0.674288187662005	-0.184426510024286	1.00141243391734	-0.80768927959478
ENSSSCG00000001736	0	7.71945391149121	9.09938730491415	10.2005299969111	0	0	0	0	0	0	0	0	0	0	0	0	0	0
ENSSSCG00000001775	0	1.07515773829728	-0.0747566800971657	-1.34426114109403	0	-0.679273933557543	0	4.01820596322821	5.41269933855758	6.24234423428747	0	2.53313166339173	-1.45580221821275	-2.73122813795514	-4.74242249868319	-3.15873528332799	-3.33072738211469	0.432908813186153
ENSSSCG00000001789	0	0	0	0	0	0	0	8.34507652556439	9.90866629062141	7.13295998095398	0	0	0	0	0	0	0	0
ENSSSCG00000001836	1.19585911523276	6.77247208754465	7.05923932325526	6.59062681149531	-0.0223092786579719	-0.476321328873384	0	0	0	0	1.53409752686984	0	5.47057782994438	4.77106808697638	3.75375805537247	0.628140616315949	1.035468849496	0.702477669917808
ENSSSCG00000001841	3.01754005946885	7.17024297928093	4.68294076665194	0	0	0	3.57718555594316	9.4558773013512	8.0838073365041	4.35646419161933	3.12878630490563	0.914878911073354	1.85770642710351	4.31419042606865	4.3091150131155	0	0	1.5329467860595
ENSSSCG00000001909	1.70059782193907	0.756729507474813	0.711481458009553	1.08165248840638	0.530627642956643	1.23696607759694	-2.64779203635523	-3.86008003888484	-3.51281085401056	-5.73322331428225	1.45309309422458	-0.855776576309241	-0.552385256888553	0.506609413506441	0.857174839070409	0.428161894229169	0.837514005798662	0.206719178353991
ENSSSCG00000001920	0	0	0	0	0	0	-1.28086445799235	-0.779013045390127	-1.79129062236492	-5.26435889665983	-1.42413409334652	0.363230481979051	-2.07596168351891	-1.89680109013082	-7.092185589556	-7.06099461557061	-0.101910565436519	-0.213896864424895
ENSSSCG00000001989	1.52033119958307	4.65971704605156	6.92865577478547	1.20008088655221	0	2.68347827375578	0	0	0	0	7.45399093044498	9.62310432595026	-1.16368525618828	1.70133293780291	0.724449552302574	-2.201978629423	-1.44404489393974	0.918757051646605
ENSSSCG00000002013	0.292001067395837	1.02093557724923	0.96473907971872	1.56143922218976	-1.04999645896264	-0.769095920348408	3.56894189572354	3.1631016090206	5.85753665669384	4.89701468185399	2.03375359646019	0.659869357513365	-0.709541281620743	-1.02456020501046	-0.0587936459550537	-0.420218512691193	-0.793758386942245	-0.378429956523077
ENSSSCG00000002028	0.929550503271787	0.099824168063918	-0.0219474165241913	1.34285878139954	0.0926319436535388	-0.102705297787549	-1.17575211283964	-2.32692265679672	-2.43244298964632	-8.34037394922094	-2.59071352336709	-0.31208349482764	-0.588868270159211	-2.32673212315574	-1.47712689464118	-1.8587558591378	-0.551795296370526	-1.07255509882835
ENSSSCG00000002241	0.0960771259204403	5.95392278741959	4.50084187014651	1.20720542838335	-1.0079816659425	-2.72631772417615	0	1.75137051476074	0.479953770856687	0	0	0	0.372213462773931	-0.478304095023939	-2.12971908405435	-0.608609769689775	-1.12539618710352	0.297223861949765
ENSSSCG00000002262	0	0	0	0	0	0	-1.11865978939996	-1.2482596056534	-0.943461300341786	-3.00263005601076	0.538794800306445	1.25583952612964	0.0387782467825322	0.364767988900197	-0.926408385630578	-7.6728724380482	-1.50795335083338	0.648942483597141
ENSSSCG00000002314	0	4.98761183287036	6.82611252573251	10.3266720040621	7.79935159977128	5.7955537923131	1.00083405051591	0.438521526216031	0.821372238105546	2.83206089870597	2.25990741846222	0.63072651749605	4.74368601458215	1.19615590985617	1.07815635433707	1.27021700899889	1.81726585788966	-0.0229096485250112
ENSSSCG00000002388	-1.24180747142628	-3.70288031947513	-3.54482315085124	-3.51750945183945	-7.76826361827737	-0.736340145398383	0	0	1.56566296872186	0	0.870498233304808	0	-3.03131010848058	2.32964419382845	2.15491195459755	1.10502580311148	1.67461892474226	0.727426550316703
ENSSSCG00000002399	-2.71753410278798	-8.82402566706061	-2.62790135018205	-8.73249504315091	-8.7904279757366	-4.84850045585977	0	0	0	0	0	0	-2.20240305411676	-4.44106006628853	-2.77876324533417	-1.13720105993214	-1.33795373047418	0.113220834750926
ENSSSCG00000002442	-2.50376168206167	3.09118963796517	4.3866673903819	-0.407150723118232	4.16415113693975	0.773009096758444	0	4.33944795460131	0	4.89239098371792	0	0	7.99550864507277	8.20855441436725	0	8.47914592633727	7.33850974029164	0
ENSSSCG00000002443	-0.488829458955428	0.637682498955222	1.67514717912176	0.193849778143319	2.3455270290648	1.18268953430824	1.9611968574919	4.16882950939427	4.61091261126877	6.38043362821356	0.431579686226364	1.49829831567775	1.45358159963914	2.94969124980048	2.89050923196366	2.39294210672608	0.537542927865487	0.883627858924379
ENSSSCG00000002450	0.926795150906892	2.31605688409497	5.63277022271599	6.93930775628627	7.33606055217769	5.01215444231735	-1.20617753857135	-0.445567754889875	0.163787686366128	-0.295224695673826	-0.336893035557822	1.31167735960686	-0.503762047061912	-1.45531944643875	1.3463981433172	1.25458616654771	0.534197575584929	-0.415703191736628
ENSSSCG00000002456	-2.45957037193525	-3.64415398824848	-5.30333524655507	-2.40507414293251	-0.065634487806934	0.256157757442049	-0.251140746435198	-1.29948195472602	-1.68554626717861	-3.75859239964252	-1.99489602103771	-0.725430325920715	0.85994859672601	1.44796550846041	1.12707354659849	1.51597406918211	3.05215895553417	0.0321704625026576
ENSSSCG00000002474	-0.734597482918368	-3.85440579245158	-5.39128194953957	-3.66352979540945	-1.68587506204385	-0.972791811984928	-0.10995775498967	-0.276223792943707	0.448267251070321	1.5475181753412	-0.918315930936368	0.581175974357141	-0.120716256111346	0.148791247138277	-0.529941707045201	0.297207880044771	-0.253620722317813	-0.328302437970949
ENSSSCG00000002475	0	0	0	0	0	0	0	0	0	0	0	7.67060032500212	0	0	0	0	0	0
ENSSSCG00000002479	-3.98612658876183	-5.04882444275224	-7.91580444957686	-0.127541904485787	2.77650742799847	1.18335794541335	0	0	0	0	0	0	-3.8038011132921	-3.81443671997765	-3.0289748844066	-2.30189313830824	-0.940076490239423	-3.0085709867564
ENSSSCG00000002497	0	0	0	0	0	0	-5.15661122399497	-2.89308987961458	-3.31617825099726	-3.97009663450283	-3.28509128685697	-1.08958651139027	0	0	0	0	0	0
ENSSSCG00000002552	-1.89453077757615	-1.41817721374825	1.33388860238279	-0.519932179354095	-0.767371650562918	-1.54494162498685	-1.81727067532789	-1.69574582236179	-0.512233739527856	-8.40158901756099	-1.22686985711858	-0.488408576886731	-1.60331088213066	-0.631441220838829	0.751723011938079	-1.37057564789079	-0.314481084492111	1.50080876049524
ENSSSCG00000002639	-2.47609799645138	-9.16039731350457	-3.15391600237007	-1.85973629306096	-1.02989000719039	-1.02255608240213	-1.45335257154136	0.549842203548814	-0.893707983776386	0.0407720053283198	3.88108850554073	1.40321850180875	1.06497634891379	1.5689802347361	0.0813786237500328	0.246821411780485	1.38812100079903	0.832344622084971
ENSSSCG00000002668	-0.833929572752427	-1.51416948600314	-3.31308664231416	-1.301179650685	-0.650736318718776	-0.680996906833204	-7.96643273374093	-2.82870479905354	-0.386611758217747	-7.86295852939457	-2.33147133008665	-1.78424178068672	-0.383218118311909	-1.29929300514916	-0.666788896777486	0.293903544206448	0.587377682985086	-0.88771242934438
ENSSSCG00000002720	0.450082607310605	0.300155599299296	4.05660882197218	2.11444067561378	-1.86984477673589	1.57373723936977	1.12596414428223	0.963364069005666	1.26899082727567	0.665267455495931	4.18707036696124	2.81335911871692	4.16672335510704	2.78354138264403	5.37662067945883	4.51337573703902	4.73066812743815	1.15558883749684
ENSSSCG00000002737	0	0	0	0	0	0	8.26353035927016	8.34507652556439	8.82109053098808	9.05136564533452	8.10307248291013	0	0	7.47483650044798	8.68119964133335	0	0	0
ENSSSCG00000002749	-0.0430724518339284	3.08013121226853	1.87289942579609	2.53459318631354	-0.572798758118289	-0.996749214102916	3.9113261604441	2.30154918191777	2.454754380261	3.27089078727585	3.35023203328805	1.19039908282851	1.83084371549961	5.13199465962771	4.73308789175604	3.49578679443376	2.46552825024635	-0.309726630355652
ENSSSCG00000002777	-0.000997460321667873	4.02342530297747	3.059236243027	2.09044069672437	-0.954701105496208	-2.2223782683601	7.07280731212939	4.04981928578931	5.29793436109019	6.00045247753299	-1.34922669903031	-0.240915565546726	1.78838003939291	1.45585086601296	2.10130837288528	-0.375468141346475	-0.413106703579559	-1.19882257619354
ENSSSCG00000002827	0.54180931132179	5.3099538787685	5.65904315854546	4.72502894473021	1.58208535458055	-0.651077835173927	0	0	0	0	2.17272946304379	0	-1.56828970216786	-3.07642636205677	-2.72697470049695	-2.08460674979203	-1.81486499577165	-0.674370830063025
ENSSSCG00000002978	0	0	0	0	0	0	0	0	0	7.80717220246013	0	0	6.95710847485132	0	0	0	0	0
ENSSSCG00000002980	-0.539566439328804	-5.50560960398642	-2.09890615532639	-1.93405714474309	-1.87284269506945	-0.527154505981898	0	0	0	0	0	0	-2.84667985271357	-3.84154194027578	-3.34694709087002	-4.26453238953789	-3.45978527418606	-1.58379968074785
ENSSSCG00000002987	0.0264500255978806	-2.01949037789509	-2.17245115811918	-0.00671799262564445	-7.3554302688698	0.147681135159532	0.110566719797427	-0.73009838461809	-0.242611851113982	-0.316731012075546	-3.5450470261919	-2.72600971539176	0.632375254583425	0.685986187503627	0.81767936552915	1.13306671644643	0.725519407117136	-0.202817623071485
ENSSSCG00000002997	0.449252775064714	-0.970938076548596	-1.79928102182688	-1.4851428871277	0.0926232838002897	0.45364062863312	-2.11702907626328	-0.963068542064286	-0.509638950513444	-7.14451500384653	-1.03720066131035	-0.30722557747138	1.35682816662947	0.936175151991657	0.796566516695454	0.535816965909446	1.0446767399126	-0.488514231517144
ENSSSCG00000003044	-1.39652118578861	-0.254870211921732	-0.505347910320355	-0.170675791865131	-0.407766208871472	-0.0205167092229029	2.36957377445572	3.65321842412215	4.15361039013315	5.69813965943328	3.53618098582022	0	1.24418788110083	0.695946865843203	1.45242548700178	1.29612821080251	2.04054022007182	0.336871704674446
ENSSSCG00000003047	0	0	0	0	8.48818200223279	4.98559122529128	0	0	0	0	5.89260549587036	2.64361748153379	-0.0468527474206831	-7.59573441939322	0.287280987349561	-2.52005427415977	-1.90414860903296	-1.8756353598671
ENSSSCG00000003048	0.00705347296417358	-3.66451775210292	-10.4181777237221	-3.95470685874469	-2.8847419423817	0.646196149741695	0	0	0	0	0	0	1.35304371534282	2.12166771268589	1.0606109120279	0.892240045138326	-0.0342120270850542	1.40957167160454
ENSSSCG00000003053	0	0	0	0	0	0	8.938282210735	7.66871900788244	5.70815013427937	5.43569665539088	3.19393878379455	0	0	0	0	0	0	0
ENSSSCG00000003073	0	0	0	0	0	0	-5.46103814124678	-4.89599673895544	-9.4936600703971	-9.52855422035992	-5.52671383550653	-4.74523631223821	0	0	0	0	0	0
ENSSSCG00000003080	-0.89298070022762	-1.37265436132518	-6.92128084605423	-2.71531129149374	-1.87565689148005	4.21313115283828	-1.53874451454278	-3.78820404836585	-2.52777768198586	-2.03659034675379	6.69337995038221	2.99505281622998	-1.20607494944739	-2.01031879238278	-1.63404538862099	-2.36635811380519	-1.33401017297737	2.03313012429462
ENSSSCG00000003126	0	0	0	0	0	0	-1.47235788414076	-2.99599129390275	-7.03637196937293	-7.07105099297805	-3.06842006534211	-7.29505173248777	0	0	0	0	0	0
ENSSSCG00000003171	0	0	0	0	0	0	0	0	0	0	0	0	-3.88446140304535	-4.01604722003844	-7.94541898945807	-7.91412408050784	-3.48690436954149	-1.41131365782894
ENSSSCG00000003251	-0.164160642085558	0	-1.37189536936338	0	0.82318138763298	-0.679273933557543	0	0	0	0	5.52934261673357	1.71730911741999	0	0	0	0	0	0
ENSSSCG00000003282	-0.727402331593395	-2.44345602624623	-1.9211721601427	-3.45974125914056	-5.11011440197037	-1.17618957264123	-1.34648443674529	-1.18923573190082	-0.625184311891465	-7.5206716128604	3.8654222988876	4.57580764190728	0.456605754087704	0.0838213667465762	0.171808831423292	-2.44270273888257	-2.61455872659317	-2.14990338247422
ENSSSCG00000003286	0	-0.429483924619495	0	0	0	0.0222369717244951	-3.99761045659269	-3.41935157626168	-3.11660799020386	-5.66134113105011	-1.39993258646633	-2.57206965981891	0	0	0	0	0	0
ENSSSCG00000003307	0	0	0	0	0	0	-4.63370522296474	-2.94065077700753	-3.33221839321588	-5.38574439876468	-2.54769139903046	-1.65180852482845	0	0	0	0	0	0
ENSSSCG00000003314	0	0	0	0	0	0	-3.31328741796472	-2.73503219174528	-8.30554102951264	-8.34037394922094	-2.08348076858387	-0.642069688474282	0	0	0	0	0	0
ENSSSCG00000003356	-0.124590998030842	-0.196921562315906	-2.17245115811918	0.627418104780008	-7.3554302688698	-3.41313745149458	0	0	0	0	0	0	0	0	0	0	0	0
ENSSSCG00000003366	0.984931206122294	-0.0989668688798993	0.0639075687101516	1.05143521394114	-0.514556117567334	-1.44391357925052	-0.322856912961854	-0.315733768874507	1.10570143160283	-3.11446867217333	-7.54121463152626	-0.33596018157089	0.269424695843055	0.659491192507328	-0.243733232186357	-0.595650016323806	1.63172631158318	1.08150427294536
ENSSSCG00000003386	0.0961425041434345	-0.773900579172454	-1.59202497139446	-0.992987702213605	-1.68465957621424	-0.102140548996177	-3.24934537408141	-4.20179542220882	-8.24161794645637	-2.45007773977681	-3.00246467306575	0.246455039948435	0	0	0	0	0	0
ENSSSCG00000003414	-1.69044561502785	-4.2081674427574	-3.13205916868846	-7.29772529838897	-0.389730269114374	-0.0357302681674171	-1.02024749453474	-1.51150691819647	-0.549077218076776	0.402119407768722	-1.36553565139057	0.419974112491901	-3.61268283559841	-1.01763342685317	-0.0993798288602345	2.69400484475223	2.27661431435671	-1.0154055661603
ENSSSCG00000003417	-4.57292056714813	-0.287128719518256	2.64027670002678	3.26239911710326	-3.82855322673687	-2.65794280750178	0	0	0	0	2.8341062017488	0	10.8288867383849	8.88479628140317	0	0	0	0
ENSSSCG00000003431	0	0	0	0	0	0	-7.62403047069185	-7.6206823091185	-7.48592216790863	-7.5206716128604	-0.423126719289658	-0.189375485253596	-3.27869910426026	-3.01219374294642	-2.35588114869241	-3.8218170309083	1.63036341211758	-0.738653640373736
ENSSSCG00000003483	0	0	3.273732775863	3.45210034955191	0	0	0	0	0	0	10.446773316635	0	-4.11306736455789	-3.29126603158288	-4.15912598964972	-3.14530380148438	-1.54346132006085	0.531732395568119
ENSSSCG00000003484	0	0	0	0	0	0	-2.78076812557803	-2.81792222628829	-3.46557444212617	-11.8127550563131	-3.03445489390499	-1.2929888704323	0	0	0	0	0	0
ENSSSCG00000003576	0	0	0	0	0	0	0.38181127519815	-2.99599129390275	0.818145855950591	-7.07105099297805	0.0267527444677946	-2.28646209223811	0	0	0	0	0	0
ENSSSCG00000003582	-1.96320521891483	0.812093604439714	1.52671066343944	2.42067466777532	3.80289760853023	3.97735061627957	-0.624154211561289	0.481468177354177	0.819009662336329	1.00077431006344	5.23043034360753	4.04310725480413	2.41573702312501	0.24967195069761	0.000527581066826128	1.60517013040728	0.859880394517671	-0.589350922520184
ENSSSCG00000003585	0	0	0	7.12223336810646	0	0	0	0	0	0	0	0	0.0563931369934996	-0.942970020807448	-0.282011270996929	1.24933844796169	0.928847948796009	-0.404715646030037
ENSSSCG00000003599	0	0	0	0	0	0	2.61285774575665	3.0150132329878	2.63999885362167	-2.5308011589939	-7.91693714299888	-6.56560033251674	6.95710847485132	9.49844688004484	9.62506116661361	0	8.57436607434839	0
ENSSSCG00000003640	-4.33790145055904	-2.1227296769786	-4.24890760171687	-5.18115924097091	-9.43209939039153	0.215359386641499	-1.80731032698651	-0.593726159316674	-2.07072473353759	-0.716615059815676	-2.44498877426409	-7.63017161679437	-0.621143930497266	-1.96001268975581	-2.44240873038258	-7.38076019706343	0.403497560859992	-0.753853543139175
ENSSSCG00000003659	-1.47212648910219	-0.901149739263706	-1.60120793026128	-7.29772529838897	-1.69444807451489	-0.584337944138451	0	0	0	0	0	0	-3.07057366796422	-0.43790037173523	-3.11730046195121	-8.05558224213932	-4.1822445729616	0.185738367911626
ENSSSCG00000003732	-4.9264776604258	-1.57588144432585	-3.0965750364269	6.48983084532207	9.33715431154441	5.72813676319126	0	1.84412892864513	0	0.658923408455693	0.363810714436636	-0.391290974093798	0	0	0	0	0	0
ENSSSCG00000003737	0.34369387656068	-2.36700493430044	-0.721213403260842	-0.780019082350873	-0.901993436995137	-0.0584333654441075	-3.07587105580737	-4.02832239608375	-2.76780878112677	-8.10301291447491	-1.58587835314696	-0.0381995320137265	-2.07160313580796	-2.4945067788212	-1.8792865003471	-0.0170601548902451	-0.39446961659107	1.09648293378891
ENSSSCG00000003744	1.14938228547528	5.04346443519747	5.17765320450666	4.76995718913757	1.2624163956063	0.459766612552751	-3.19084683233793	-2.05537040719951	-2.20720482131385	-2.96163948869322	-0.550274906551818	0.998657589666354	1.92795728298434	1.64763734818797	2.12376884309414	1.56774391752877	-0.31576550504714	0.253620480901879
ENSSSCG00000003753	0.787672319283999	-4.91420813399658	-3.79633726104929	-8.92155532799329	-2.9106310230138	0.574141684053761	5.28975135165057	5.77810153914814	6.15271019373383	6.76357139137173	4.28361007921151	0.873848252154503	-0.420114576570178	2.10750104072321	2.53133586668404	2.16586771488256	1.5703816754321	1.31436744545371
ENSSSCG00000003777	2.01242103067961	2.00164138937173	0	0	0	0	2.90835950730919	2.38704439155919	2.94229504287261	6.3291943898188	2.70863085094615	2.52961237832611	0.957445101803469	0.165963207711858	0	0.723845924623582	0.551735351042198	0
ENSSSCG00000003778	0	0	0	0	0	0	-3.54399909598684	-4.49644727591811	-3.23580014624602	-8.57103991559035	0.652570473724684	-0.402422073034073	0	0	0	0	0	0
ENSSSCG00000003846	-0.346691334315097	0.670717851541358	0.221448702802707	0.793800537396231	-0.448386910478783	-0.411311019905924	-1.19949959710815	-4.02832239608375	-1.97622973559061	-8.10301291447491	0.518527375605638	-1.26644041383825	1.94100079060165	1.97069593503133	1.37200603487662	-2.14752126856307	0.234269580311584	-1.18250788266708
ENSSSCG00000003852	0	0	0	0	0	0	0	0	-0.955456342154173	0.398896609170433	-0.349825868142838	0.780990004554115	0	5.50689886236851	3.86059019449427	0	3.58495040904367	0
ENSSSCG00000003894	4.17662893993481	0.581597586156055	4.14424333520426	3.62579411909758	-1.09957909315266	-0.597386790928008	10.5736657701005	0	9.89418188204653	10.5917284545286	7.38401294901961	0	2.45772936460946	-0.660070833342882	2.86929092987055	3.029097882585	0.703901898078781	0.518298768801186
ENSSSCG00000003954	-1.3355432770078	-1.57062213264961	-3.69326021908339	-1.63263142004513	-1.2498961963482	-0.954471415167713	-2.54651938072824	-2.9509277306868	-2.9071321545266	-9.542210728722	-3.60318580409672	-2.33660602156216	-1.40952235174387	-1.32558953882609	-1.68123933885324	-1.51891633804311	-0.606854263164812	-0.49814913528856
ENSSSCG00000004038	0	0	0	0	0	0	0	0	0	0	7.15107107511959	0	0	0	0	0	0	0
ENSSSCG00000004041	0	0	0	0	0	0	-8.77753117717885	-1.67093705559226	-2.35704764347177	-8.67387176754961	0.416072894611814	-3.10230644327665	0	0	0	0	0	0
ENSSSCG00000004074	0	0	0	0	0	0	0	0	0	8.42939808919317	0	0	0	0	0	0	0	0
ENSSSCG00000004157	-1.52725866244287	-2.305721158983	-2.16457346702244	-4.65220223764869	-1.76857511799667	-1.26191002898814	0	0	0	0	6.26693544109132	3.88210918768873	-3.74226922166893	-3.31307910766052	-2.37903958768598	-4.2337398929315	-3.23454015694206	-0.514262389960036
ENSSSCG00000004158	0	0	0	0	0	0	0	0	0	0	7.71134490784002	4.71954411219164	0	0	0	0	0	0
ENSSSCG00000004159	-1.71553344150753	-2.78504336193191	-2.26099806373899	-3.93288006477217	-1.20594355227595	-0.0385794953526143	0	0	0	0	0	1.48219235084416	-0.261522345542644	-1.23586477182108	-2.44240873038258	-7.38076019706343	-1.00134257202816	-1.33134011212618
ENSSSCG00000004179	-2.12669359708552	-9.27931292107792	-10.352472596171	-3.14538090164553	-0.80385143720739	1.65491750525786	-1.1178536279794	-1.84485959991737	-2.31291147465081	-2.73992417755495	-0.117294918077679	-0.074750941006875	-5.40366158496506	-3.96871274943007	-3.66428874451845	-1.67185549960747	-0.225671192729314	-0.9214550613721
ENSSSCG00000004180	-1.39652118578861	-8.0807503002262	-3.82372599129108	1.10240653631582	2.94324128212402	1.265931905166	0	0.97544750202398	0	0	0	1.08352874768736	-3.56278375092839	-3.69682663775022	-3.92237953187759	-1.81068418671257	-1.26846697617802	-0.969350208032326
ENSSSCG00000004181	-3.312004313325	-7.8781587359345	-6.1733517756996	0.486880354684667	1.54170477707594	1.86081159797867	-0.956663228335456	-0.19092432237352	-0.0661954419797272	-7.2810912535716	1.28436178438505	2.05957852335896	-4.797758389117	-3.89383093270149	-3.97536907474118	-4.29044470956452	-1.14848953102028	-1.51400433519453
ENSSSCG00000004195	0.820552994076887	0	0	0	0	0.998025467384631	-0.718068196967319	-3.48263634067089	-4.14534876875193	-2.2817026669505	8.83149772679971	2.91527366910555	0	0	0	0	4.51262916388181	0
ENSSSCG00000004212	0	0	8.27135655548884	0	0	0	0	0	0	0	0	0	0	0	0	0	0	0
ENSSSCG00000004218	0.44597153076144	0.209278111255956	-0.35466618254142	1.01701855494162	0.174990088542653	0.95079817920368	-3.86979552906422	-2.9903017148491	-4.40178182014137	-6.77538241336277	0.705052310909931	-1.20374444167236	0.973540889387007	-0.581699514830803	-1.72261019265955	-0.44979943682918	1.66551265365097	0.0773200318664283
ENSSSCG00000004232	-3.73148176478952	-2.53147888567922	-7.82260592353715	-7.80954502912704	-3.73540978239873	-1.09643890859641	0	3.73768185165933	0	0	0	3.54743158001534	0	0	0	0	0	0
ENSSSCG00000004280	2.70194853576867	2.4469802399604	3.46633717087183	2.49822814913076	2.57827390390791	2.03437957802944	-0.915045358926951	0.848766642761073	0.228110694971616	-0.210650844751711	-0.700034892094434	-0.55857709877944	-3.15443139726292	-2.3438158246305	-4.35137986105791	-5.64747663098129	-3.36576908199764	-1.86187589144174
ENSSSCG00000004283	0	0	0	0	0	0	-3.82443532401383	-3.09581314653219	-4.03279037789104	-7.04900718857593	-3.51037572722877	-1.0782321210087	-5.60728137150673	-9.71550483206526	-2.9246359972959	-2.21750583961407	-9.7293827660301	-3.00983302532532
ENSSSCG00000004308	0	0	0	0	2.86071828440276	0	0	0	0	7.31232245668977	0	0	0	0	0	0	3.15812605800477	0
ENSSSCG00000004357	-8.62839035360849	-3.03731991877903	-3.44720391143086	-8.57242935232486	-8.63034658289858	-3.73292921951322	0	0	0	0	0	0	0	0	0	0	0	0
ENSSSCG00000004361	0	0	3.00098925222667	0	0	0	-5.14106962865945	-3.96867744950869	-3.22502437240825	-2.51132831996146	-3.78105172922594	-4.75876982905363	0.162119309142491	-3.41531950863594	-5.57632559806908	-3.9926061561625	-3.30491216742507	-2.13185141808098
ENSSSCG00000004410	-0.133321703705978	-1.03145602437068	-1.8150180435101	-2.72755327175072	-1.00140411621296	-0.591930136343996	-2.65013291118237	-1.66377379551493	-3.30608687204373	-3.38601964420004	-7.8128970971501	-1.33857331300193	0.566626714033809	0.0659472332422896	-0.0797329892109235	0.49203853544898	-0.245726879116739	-0.294434623892914
ENSSSCG00000004422	-1.93895374820681	-0.792032991708013	-2.06369787308405	-2.03556112174461	-0.116402895613334	-0.441719803186447	-2.21058861069216	-2.42193328506138	-7.99254118351405	-3.17577580470779	-2.75328743045275	-1.8128856448493	0.490829359243048	0.778735638371268	0.240710744276998	-0.041825649386155	-0.742112561775276	0.23890294237823
ENSSSCG00000004436	-2.19129316581202	-0.707000112500429	-3.06212411460088	-7.22779436703766	-1.21660769373879	-3.34315974677434	0	0	0	0	0	0	0	0	0	0	0	0
ENSSSCG00000004453	-0.645198920070616	2.45954413408608	2.41194180839704	2.51516258814501	0.0314884208624673	-0.599307416586217	-2.28638625243279	-1.99314622835114	-2.1435017391696	-0.0309139581405171	-2.20345084824536	-1.39106213593503	1.37654628327212	-0.82899447378307	1.82103564689843	-1.89465177610813	-8.53892119345978	-0.244644869630145
ENSSSCG00000004509	2.44979329508872	6.42048659062222	5.46616497531538	3.31102658893158	2.13515811547541	-1.50602227764581	2.64243967695242	5.23517061692517	5.31522382107994	5.01284622430454	1.57879833742689	-0.337236851849755	0.772691502017838	4.42032701960081	4.91195666241689	3.22275440092674	3.67410515348852	1.69326054840546
ENSSSCG00000004521	0	0	0	0	0	0	3.48347794103594	4.51057023807716	4.97457587846983	3.00305849369889	-3.77368581079333	-5.93940326825724	2.26401421339702	4.77758056124382	5.78623759549507	2.13260355200474	3.71989733222963	0
ENSSSCG00000004530	-0.704752749634268	-1.35456556840947	-2.17245115811918	-2.54633957786923	-2.2652238540433	-0.584337944138451	1.72507251858733	3.33222268296381	3.55878621122606	6.22566377400216	5.90671270919344	0.802569916261097	2.00048093291156	1.73005489292348	2.13704990006696	2.01292049330992	2.54857891529268	0
ENSSSCG00000004573	-0.667489232914815	-1.255713486085	-0.479686527275931	2.84472139704868	5.87214776691593	4.67036966621002	0.449105024186915	1.22263927707057	1.25479861621006	0.981141777907319	0.541337990840015	1.11107603880128	-1.07747330692783	-0.348201119770103	0.00964344794563358	0.0425501034770759	-1.09475323379807	-0.0029547112287284
ENSSSCG00000004584	-3.08684002742973	-5.29933589828622	-4.05900170026338	-0.792532323986254	-1.11733526356563	-1.2569712199107	-0.241601263870493	-1.10467710449447	-0.968949254382277	-2.04141056323196	-1.26108774432155	-0.40370518117528	-3.81770453319484	-3.02526408019925	-1.5594754655785	-2.40050540840002	-1.98695229575651	-0.0531073371605169
ENSSSCG00000004644	-1.24541536480081	3.0320217387352	3.31306717190819	0.331041798929385	-3.09825473688576	-1.56185398632474	-2.93197934459196	-2.51962144869329	-1.80745205258376	-1.79685022336205	-1.92174256181004	-0.663316421537927	-5.1978241732061	-1.54598465721363	-1.23230139131562	-6.95998062996745	-2.13392568195666	-0.57660045269811
ENSSSCG00000004646	-0.0510162232162112	-2.51549226395069	-1.21283955069127	-2.32505569308745	-1.01436237892227	-1.32811369501037	-1.03534838983775	0.689197617625379	1.36979625712186	1.04792152915017	5.99874535106422	5.51284613252771	0.326821001330771	0.847228433327677	0.614610980896292	0.895643378917129	1.27079780263364	1.06982030576684
ENSSSCG00000004676	-1.12776053731521	-1.0828806493031	-2.49832919627398	-1.10426951668195	-0.87963799363015	-0.102935205134746	2.13171864076981	4.72781621941968	5.52471592443958	6.49147454992722	1.766330948562	0.147343140324053	-0.286654429560141	0.0522504005446768	1.56271567152878	0.591013610616627	1.39812302468242	0.631634960254244
ENSSSCG00000004677	0	0	0	0	0	0	0	0	0	7.54542550549407	0	0	0	0	0	0	0	0
ENSSSCG00000004678	0.613999975030509	-0.487095794828074	-0.832522293116923	-0.672032794827523	-0.488247714932442	-0.0493355847438435	2.32489807826278	5.0388257484202	6.23372393604162	7.26713465014684	1.47520551717119	2.73302972175569	-1.37946554330959	-0.489207053127681	1.257654973258	0.612222370293418	0.662814782592589	-0.18017074824635
ENSSSCG00000004679	-0.613405134724957	0.306981364441402	0.347093588994546	0.323670585151011	-0.904245898182793	-0.406785498325006	3.55859814524948	4.00135566664862	5.41565059093364	7.03506821983351	2.27353674577622	1.17948767418008	-0.213634734353495	-0.165066654031955	0.237910639504334	-0.383818423852058	-0.258048039296354	-0.00856718318992424
ENSSSCG00000004713	0	1.25895861623927	0.502313786309665	0	0	0	4.21459684407288	4.15650593922006	4.20301483588365	3.03386232299869	1.95430588674294	0.572903595674673	0	7.9749495525333	8.21306548548966	0	0	0
ENSSSCG00000004733	0	0	0	0	0	0	-7.87660701787452	-1.30582639308437	-1.86528207308973	-3.48178019803125	-1.51607418115984	-0.383460107263448	0	0	0	0	0	0
ENSSSCG00000004791	0.457879990664671	0.248985769065334	-0.271605561091444	-1.78901417440797	-2.21173644951251	-0.444178287911631	3.96496862513766	4.7412763322288	4.94425898050779	5.77134210396965	0.893939637680182	0.389337875558336	-0.695503597316562	-0.831206583947652	0.234716615025747	-0.389864434032256	0.469732458096329	-0.650404861936626
ENSSSCG00000004803	0	0	0	0	0.545073787481651	0.886999106537618	0	0	0	0	0	0	-1.84833025318599	-8.01256520937871	-7.01571642950971	-6.95732713842802	-2.85925470061857	-0.327366355287938
ENSSSCG00000004839	0.0958035059390768	-0.293613924691575	3.69337725177715	7.68592093928272	2.24824769035107	2.56064927409221	-4.13513526391544	-7.38100637259576	-2.90983281586386	-7.2810912535716	-7.41638770312641	-1.51929710743263	0.110439466095214	0.225521534475316	-1.3145545671981	-3.18782404712589	0.554598539925355	0.847022563138149
ENSSSCG00000004874	0	0	0	0	0	0	3.33694272049698	8.2622951809488	4.87953328462837	3.70389012476078	0	0	2.77880796692029	2.9283264538115	3.29358732932163	3.30953707073648	0	0
ENSSSCG00000004890	4.7104759876163	0	0	0	0	2.91092585080718	0.139078198156082	-0.470584751482538	0.609779778147161	-1.05101910102149	8.31259626651802	-0.285476545279698	0	0	0	0	9.8142545329879	0
ENSSSCG00000004937	-0.709585134182901	-0.299795419267069	0.260284017204914	-0.746521333261346	-1.3905204819593	-0.415265665732973	-0.282742168993874	-1.79452848520808	-2.44564831610432	-2.74483661920649	-3.57049179344445	-5.23346318740303	0.565248925056693	0.633112218547471	0.610384394591413	0.104873004796063	-0.528800620910787	-0.178601378353804
ENSSSCG00000004978	0	0	0	0	0	0	-3.21306621686915	-7.38100637259576	-7.24637659772206	-7.2810912535716	-3.27859130480231	-4.36816420024702	0	0	0	0	0	0
ENSSSCG00000005059	0	0	0	0	0	0	-3.00292489174514	-2.03649204459044	-7.03637196937293	-7.07105099297805	-3.98870861730398	-0.233684388945341	0	0	0	0	0	0
ENSSSCG00000005063	0	0	0	0	0	0	-4.2795518015116	-3.7012918524459	-9.27160114967704	-9.3064873309996	-3.77535307553145	-1.47575563590614	0	0	0	0	0	0
ENSSSCG00000005098	-1.32552270633304	-2.1229402970759	-7.67131075378039	-3.46529711995315	-0.955017511518582	0.141458946870316	0.0469857198846839	1.25074895350913	0.423381412047032	0.210174854378074	-1.01660566120947	-1.48329661671079	0.119483222790426	-3.68310524275589	-1.85545194460226	-3.53936992851137	-0.79094951111638	-0.223370577890526
ENSSSCG00000005106	1.78486369079169	3.36789951827997	3.01186365155908	2.67872295406885	0.553569676653868	-0.926558873398973	2.05601352165661	6.17656376783908	5.69834682319192	2.46485997746973	1.87478793650399	0.528588671414113	0.0112885590455953	-0.655950096970006	-1.25722342910405	-1.84314108261747	-0.646367914970384	-0.683436614308276
ENSSSCG00000005130	0	0	0	7.2090869370494	9.45866351873146	0	-2.05215901800584	-2.23690123500926	-5.67108896591422	-2.57070992018322	-1.95038393435701	-0.717947106666291	0	0.0738158807816614	0	0	1.96025214936751	0.29476182315886
ENSSSCG00000005131	-3.28627070619881	1.84422294900774	2.09636202342459	0.0776662427934643	0.53777334805751	-1.54720669663451	-4.39264705571489	-2.44688466226976	-8.42547042322067	-2.89190218775409	-8.59607509052369	-2.38189954569152	-2.84700462125843	-0.96710663934879	-4.66838527034703	-1.00747339654722	-0.578387076321684	-0.669613537461944
ENSSSCG00000005136	1.19404016056062	3.65581169183586	5.11710476238727	3.48089737810668	3.55455924165938	2.59920951327001	-2.20437365943305	-2.30402222732341	-4.10933418943525	-3.81855174503592	-2.80576083267419	-3.64574583620716	0.391055294680917	-0.759078356003714	-0.764532231332807	0.732446389584794	0.510080397045578	-0.56576099644445
ENSSSCG00000005152	-1.34090131306353	-0.487927870944982	-1.3871569908917	-7.80954502912704	0.643255455621637	-0.308122194903702	-1.65241184159486	-0.661975244539345	-2.62243612695704	-6.99364443654344	-2.4335778974629	-0.335324882547422	0.238923239165141	0.649409092790256	-0.525575199409095	0.164186095261458	0.27549868905732	-0.486090710065331
ENSSSCG00000005167	1.57011787029634	2.89607234031175	3.7182268785133	2.12676593199505	1.00960553171521	0.569360321284357	-7.56773944419358	-3.38951504664901	-7.42966052322631	-7.46440230859401	-7.59979847210807	-0.905201773035827	5.88299236995417	4.9360205272345	3.88822356206515	1.29929153081396	3.47543938764782	2.06989970501911
ENSSSCG00000005203	0.116239954721851	-1.90456423488282	-1.42174774635609	-2.31275287132544	0.958961046198746	0.522947407437839	-5.43748997588471	-5.52204676767553	-6.68542869108448	-4.31904710658811	-6.0711045727966	-6.30067455698838	-0.86680481476591	-1.58317664862161	-1.05714358704252	-2.11482175994347	0.219068380960993	-0.375095868284209
ENSSSCG00000005216	1.07751791941758	0	0	0	2.82684710109581	0	7.51092025709664	6.81199677133887	6.5421829029287	8.93638657265775	8.31434931014427	1.69101357879749	3.07890634863341	3.35097792321378	3.48260558613987	4.96234971062961	7.10587259613797	-0.213896864424895
ENSSSCG00000005222	0.485603661105854	0.25890254644096	-2.60656877099512	-0.791578606448416	1.02302918727923	0.831309476840608	2.90809396509289	2.8525694564472	3.66476251963037	6.22007934496433	7.51558643304628	2.86190549021342	1.18105397726966	1.95236915263484	1.77984274072053	2.0234020731138	-0.860490437283155	0.590191550972289
ENSSSCG00000005236	0	9.33631435034389	9.09938730491415	8.02428331210391	8.18148173588778	0	0	0	0	0	0	0	0	0	0	0	0	0
ENSSSCG00000005452	-0.791758401489678	0.409459559511053	0.30045581569584	0.602552696137	-0.519907842873385	-1.14324386006453	-0.148249388764465	-0.812921518391697	-0.249085067564882	-7.14451500384653	1.53179547140431	3.64501581067747	-0.903134128401764	-0.227658823115933	0.0977100155411704	0.281922706029375	-0.073841458193832	0.0615222901874338
ENSSSCG00000005474	-4.51784399696466	-2.3631376657151	-0.369964509036507	5.89773217000347	0.57754313895314	-1.41571329123918	-0.524095265361138	-3.38993309918881	-1.02685618359546	-3.6758312365078	-9.8569330777607	1.35722096761054	1.76671629971536	0.192648637739801	0.80245277794925	-0.813673146715608	0.341059513213798	-0.425053279194706
ENSSSCG00000005494	0.38588162614197	1.69835002312743	1.92728209534852	1.02726103883379	-0.22430210831316	0.366606640185626	-1.58129795712805	-1.92871592016974	-2.32355615815362	-3.25726730089296	6.18577621468244	2.31542348581806	-2.53148221400039	-0.901073875832209	-0.625732818238224	-1.08517377073889	1.11337472143625	-0.556104836114081
ENSSSCG00000005504	-1.4604877588851	0	0	-1.34426114109403	0	-0.361948184150319	0	0	0	0	0	0	-5.82317274122776	-8.24214400221641	-4.00954042908956	-5.43421156215212	-4.40558957106213	-0.981093545427889
ENSSSCG00000005638	0.637829097229171	-5.26447923966356	-5.70298394288349	-5.18266489543222	-2.80017933888994	0.00598007607374813	-0.322578784748155	0.00293329727993413	0.479590702270843	0.527254270541464	1.25947828942726	0.654564964319734	-1.17055779128139	2.74342675435648	1.90124676095492	1.71622115106019	0.794150771633623	1.82386428834967
ENSSSCG00000005699	-0.197296526194353	-0.979289234733845	-2.08586281242051	-1.91167944211437	-2.10540536235812	-0.818609398641246	-1.13379172054569	-2.29238751310197	-2.52397518197748	-5.39173297964117	-0.217966537531826	0.185285737561478	-0.200656821193126	1.37787542754808	-0.0736206977757919	-0.817053696289678	1.32390936722377	0.485606376505983
ENSSSCG00000005707	-2.07677338830593	-7.99362046815497	-3.73661473533597	3.70190472270242	3.60725121170204	1.93733213015273	-7.67820736676378	-3.49998166021317	-3.20352806557723	-1.52970452300741	-0.837142152315414	-1.64588807060421	-0.0323436695808196	-0.613311160043484	-1.07779595551619	-0.444358454557512	0.390799431124932	1.84407318892728
ENSSSCG00000005737	0	0	0	0	0	0	0	0	0	0	7.96609355845458	0	0	0	0	0	0	0
ENSSSCG00000005742	-5.68843185503763	-2.31040496910246	-2.77287767250176	-6.13064104326113	-10.3816225503701	-5.48437355960394	0	0	0	0	0	0	-1.26281016604231	-1.74119132087201	-1.88569995956905	-0.500602899408093	-0.287740206993123	-1.1578515806073
ENSSSCG00000005756	-4.58748311501764	-9.60297790204544	-9.2611705946306	-2.97483613120578	1.03735653667329	-0.0547733818283395	0	8.0052222323223	0	0	0	0	-4.72428412748769	-4.85599810497266	-8.78528664021476	-8.75393485957122	-3.35868029804379	-0.72124639020509
ENSSSCG00000005834	-1.9405722064904	-2.98353600268919	-7.56084553033872	-1.09743482953603	0.871979871566188	-0.93321287646453	0	0	0	0	0	0	-0.484306090499766	0.438337496792894	0.38331508318553	1.3934601134994	1.88204184907033	-0.614830780381425
ENSSSCG00000005938	-0.765498845126882	1.14356753061678	2.079876639761	0.51337826972782	0.0549468174943932	-0.233569674819999	-7.2807640522631	-6.3143090802607	-11.313254367623	-11.3481828393319	-4.61112830074073	-4.8959932367839	-2.95876616313275	2.0321219080075	0.425194150261888	-1.30428892341993	0.994058391889589	-1.56757311554451
ENSSSCG00000005939	-3.911325992177	-8.0807503002262	-8.00242822410104	-7.98936050773214	-8.04720326985264	-8.14501446711511	0	0	0	0	0	0	0	0	0	0	0	0
ENSSSCG00000005961	-2.86988634996168	-4.23784959936172	-2.64410156424824	-0.229744874556659	-3.02400226694067	-3.38587248183333	0	0	0	0	0	0	-2.86571545871208	-3.552540118868	-0.547348136593435	-7.45073724987333	-7.54279483970394	0.53619710983996
ENSSSCG00000005979	-1.68807702744905	-1.34744741637043	-0.937566285868082	5.45256196751701	0.896776635270251	-1.11808489276725	1.42374036972974	0.658237942218518	0	1.31715545498027	1.85700366468641	1.39971318564677	-1.61048983318238	-1.66249585659267	-1.82771429291777	-2.25785624606674	-2.51166469308081	-0.592552781385818
ENSSSCG00000005992	0	0	0	0	0	0	0	0	0	0	6.97185159570829	0	0	0	0	0	0	0
ENSSSCG00000006034	0	0	0	0	0	0.475816364535463	-1.77384965043606	-2.55531391467891	-5.42624009081827	-4.93518430000486	-1.39924811540235	-1.17682652622543	0	0	0	0	0	0
ENSSSCG00000006043	0	0	0	0	0	0	0	0	0	0	8.78461747824927	7.77700965549974	0	0	0	0	0	0
ENSSSCG00000006051	-0.439413856791732	-1.94308985569337	-1.2117273748171	-1.18391794753467	0.0922245277581324	1.06122381634694	2.48536727115827	3.31107022832338	3.29425080261491	2.86014570703651	7.33526361831157	6.71242626172823	0	0	0	0	1.30163239476326	0
ENSSSCG00000006099	-0.105452417468264	0.202856306063891	0.134472374792462	0.406094320992428	0.547387607761187	-0.0184968095434879	-3.37778345983715	-3.50737675359193	-3.35347577521196	-5.00358685158625	-3.5820026356854	-1.49051367716382	-0.657191982143816	-0.184195654344805	-0.177637470463146	-0.0415133640217038	-0.684231083329008	0.333923430733635
ENSSSCG00000006106	1.64966377766087	7.12434979551707	9.74824171911561	5.77990185446146	2.43565419835687	1.89321493703467	0	0	0	0	0	0	-3.57960926957929	-3.0437287443694	-3.94406830144113	-5.81716413996189	-9.95153237153795	-1.07374132784743
ENSSSCG00000006116	0	0	0	0	0	1.29491597450813	3.41062211223144	4.86173107101906	5.26849317625566	5.74727078786665	0.667765908033571	-0.545544701726052	0.989956803270756	0.482093904888746	1.93586819407841	3.31291641103708	1.98025224683993	0
ENSSSCG00000006125	0	0	0	0	0	0	3.2594328643373	0	3.39370543971274	5.60994202446016	0	0	0	0	0	0	0	0
ENSSSCG00000006138	0.274024394303364	3.46550506596567	3.21233434819613	1.17733655283535	-1.36264063083886	-0.786964562874017	1.85589706634152	1.55641139617566	2.55170590184958	5.17954844258296	5.59003351812604	3.07585399880739	0	0	0	0	7.05098260936516	0
ENSSSCG00000006141	0	0	0	0	0	0	0	0	0	0	0	3.49113126330235	-6.33182899795073	-4.55144800095538	-4.52714966133591	-3.75994934722884	-0.74207074165299	-1.01948422038669
ENSSSCG00000006148	0	0	0	0	0	0	7.61981837940195	9.22440241446454	9.45518970208482	7.13295998095398	0	0	0	0	0	0	0	0
ENSSSCG00000006149	0	0	0	0	0	0	0	0	0	0	0	0	-0.334911951648897	-3.68428051099549	-4.80095377886523	-10.3086752856437	0.0773037425955213	-1.57766524598426
ENSSSCG00000006160	-3.70513728710317	-3.9133927079239	-1.83757784450332	-1.66545734497772	-3.84510369938838	-1.76178147441226	-0.0614055149906416	1.10070842995501	1.91115270770741	1.68911435501034	0.535002912338495	3.26780125215277	-4.07015262454431	-2.67924490102833	-8.13112250659484	-4.05791745902664	-3.27341264538564	-0.892856358798193
ENSSSCG00000006233	1.62719500442294	5.59511388573628	2.13747839968181	2.84732118943378	3.4235122548532	2.78214388735954	1.40824839439893	1.84339604186878	0.608141227601462	0.695290059560805	-0.763593778794539	-0.0744234997478425	-0.447690674908547	0.77159889742414	-0.0711283225931213	-0.692130191246102	-1.46173743867603	0.839297259513758
ENSSSCG00000006238	-2.45572639936842	-4.10016358529119	-0.994973688841843	1.54580346053776	2.79726005547184	2.41289959599449	-3.00292489174514	-7.17086820942243	-2.69982818751473	-7.07105099297805	5.07149763758322	5.46425816188313	0	0	0	0	0	0
ENSSSCG00000006243	3.76572753607505	5.23959348774481	7.01476971219421	8.26734121701508	2.35040882713356	4.28755184868998	-5.8723278104042	-7.56701598682678	-6.94747529209132	-5.76656067698004	-5.79769288680385	-3.49218923420912	3.29618538637895	2.31623119632031	1.73684995014484	-2.23500192731764	-3.03772679572147	-1.51244804572893
ENSSSCG00000006262	0	0	0	0	0	0	-9.25846637663872	-4.52214099948016	-3.24675935244513	-3.3283691956778	0.334464219055092	-3.39391997257061	1.66671913573975	1.63214243389117	0	0	0	0
ENSSSCG00000006264	0	0	0	0	0	0	0	0	0	0	0	0	-9.41635852183979	-5.51195207049878	-3.49482138609204	-4.41240175230838	-3.60766886566158	-0.472854807710649
ENSSSCG00000006281	0	0	1.54094769656169	0	0	0	7.48927221717147	0	0	7.54542550549407	0	6.88223460300644	-0.110642243056489	0.228304603153147	-0.28838404135522	0.0215677363652592	0.110223300967063	-1.21436679100024
ENSSSCG00000006298	2.33747154970052	-0.707000112500429	0.56283967740407	-0.517150806919814	0.0923676836563852	-0.253384820736894	0	0	0	0	5.14615490081623	0	-0.907707302404451	-1.04190960170004	-0.157376280496129	0.180034950734323	-0.270177938106847	0.336871704674446
ENSSSCG00000006316	0	0	0	0	0	0	-2.49127185047199	-2.5985467778354	-2.8730156503642	-3.93580325553194	-9.32577527748974	-1.53895595594471	0	0	0	0	0	0
ENSSSCG00000006328	0	0	0	0	0	0	-8.64778075093654	-3.51004774570934	-3.61179196003362	-8.54414444075388	-3.01286731448973	-0.713183074097337	-1.67492492034968	-1.08477247049875	-1.72181451031869	-3.18782404712589	-0.352531035801722	-1.18032442836394
ENSSSCG00000006382	0.82119508894012	-0.660208602558838	0.0839585767615048	-0.118216944215157	-0.440812432728542	0.59154011564032	-1.74625406225409	-1.52074094318763	0.352669204826361	0.631563070731034	4.18104688691925	5.12381317699206	-0.470098030163437	-0.32721179370161	0.667791097487768	0.0530397156110732	-0.119794004459805	0.757178738949034
ENSSSCG00000006399	-0.996340045148865	-3.24536365523072	-7.82260592353715	-1.223180685126	-1.79848438406394	-3.92523841595254	0	0	0	0	0	0	0.835889350856019	-0.989656417707119	0.329647473246347	1.06689964689386	-2.63107655532622	-2.03878405917241
ENSSSCG00000006452	-1.9968704162115	-7.69536586514055	-1.499453057404	-3.41112399566179	-2.57165094847721	-0.408980644327287	-3.21306621686915	2.34276296649322	1.77459903356739	0.264334251922468	3.28175898363328	2.66846249999614	0	0	0	0	0	0
ENSSSCG00000006455	-0.206487534348127	-0.0459054796385395	0.878407630043135	0.52095941747804	1.90360043249754	-0.405218796093208	1.15519954097497	2.27020021779819	4.27744067292778	4.10847400356748	2.40182792301485	0	-3.33132798863816	-1.07676091375901	-1.9828148662056	-8.88609198740856	-2.09605574228411	0.870569350096157
ENSSSCG00000006456	-0.0810860129880544	-0.938746599320946	-1.32520776203885	-2.60262115188669	-2.3159894972751	-1.35309113625158	1.0142224158071	1.51257779008513	1.8542951995313	2.26706180214005	2.47326783190115	5.14391943925187	0	2.16049179726458	1.08633392495615	1.25975135718525	2.28663618506304	0
ENSSSCG00000006457	-0.098488387493628	-2.18391506018462	-3.08110777890855	-3.0529903578542	-1.99529591929264	-1.53243489073973	0.172078806657333	1.1579238681395	2.1163579206742	2.39902635388177	3.38394965799782	5.0346953336806	0.558075408978831	1.56384712642983	1.0372959109599	1.37136497433095	1.58321402442596	0.91939323860257
ENSSSCG00000006464	0	0	0	0	0	0	-3.37205879073502	-1.91123917180617	-3.67016704636591	-6.6180387271393	-2.54969807584	-6.38769232121601	0	0.990638300228709	0	0	0	0
ENSSSCG00000006465	0.300755919473286	-1.64612955893761	0.185643879923069	0.099164272634189	-0.432555079674992	-0.793647078280608	2.53113192781492	2.15290907873402	0.757016305767712	-0.668220339435667	-7.20621646366621	-0.991677707020773	0	0	0	0	0	0
ENSSSCG00000006497	-0.585282143607745	-0.107424987220939	-1.34366687583929	-2.52296661937509	-5.04487644687693	0.305124738731173	-1.71397587419377	-1.91771999365598	-2.15791496903959	-3.34874232647154	-1.03313845922086	-0.837763245159785	-0.110711259384191	0.0522504005446768	-0.534350202901446	-0.625488451609801	0.48461743901547	-0.0229295781978283
ENSSSCG00000006526	-0.369678992269792	-2.56330134643617	-2.56974915365676	-0.7639365828504	-1.30978515394912	-1.71302915792422	-1.17900290133761	-3.14073412524385	-2.83969633222741	-1.14074840239394	-5.09308121024792	-0.476524127574949	-0.730018586237458	0.586665882719326	0.487959278543601	0.909070070437185	0.810963134521381	-0.589635730908181
ENSSSCG00000006577	-0.044126407470267	-1.39648938289318	-1.37070523068541	-2.33840473187691	-1.87857833902868	-0.0431359416180061	0	0	0	0	0	0	-2.59624637502935	0.272514131555471	0.174793799569808	-7.58126450227275	-7.67336644206353	1.44847846598606
ENSSSCG00000006588	-2.08169174606189	0	0	-2.52438104617268	3.39255089609855	2.1460989572108	0	0	0	0	9.83416736785217	5.98051982242592	0	0	0	0	0	0
ENSSSCG00000006590	0	0	0	0	4.17891772889688	2.71852250623239	0	0	1.33930979824859	4.56737684782718	10.1894052801934	5.80357459080072	0	0	0	0	0	0
ENSSSCG00000006614	0.411310167169011	4.5509890304161	5.32793657571933	4.53529986278851	-0.0550655362842084	-3.62892997925201	0	0	0	0	0	0	-1.35337989556832	-2.0213071361669	-2.35918901276556	-0.175880583971562	-1.91565126944363	-1.9416461332665
ENSSSCG00000006679	0	0	0	0	0	0	-5.09774512260929	-3.20923024848542	-3.87201814542741	-8.24338725949304	-3.28286458529319	-1.03737344693491	0	0	0	0	0	0
ENSSSCG00000006693	0.282054696295683	3.23537313257022	3.01509780839254	2.20361586161015	-1.55666822797671	-2.30801966820862	-0.502934559358283	0.348452965317587	0.653428346892949	-0.593331234867917	-1.18714667670924	-0.679224416087131	-1.4267340454708	-1.31229453381089	-1.40975774813425	-5.48221882466113	-4.66581295272486	0.747419066460158
ENSSSCG00000006719	-0.996340045148865	0.607085805842541	2.65020377009828	-0.367456142640964	-1.48086095333647	-0.835463489915093	4.29371868433063	3.81466337004924	3.67302265509392	3.5029412265798	1.25256307418228	-0.68598083564793	3.99963340013915	5.02482447924884	5.46170873856035	3.36427259079615	3.68444052302919	-3.01421808700933
ENSSSCG00000006720	-0.715258003296833	0.862383973100775	1.37837780394863	0.370791899867432	-0.234592633968042	-0.386920197081365	5.16245068717175	4.8414378230902	4.90386450824345	4.05917757591791	1.95540870071845	1.22529193197294	1.08332337933396	1.14942121860852	1.23764411145284	0.87707400457186	0.482379803227937	0.192448673158054
ENSSSCG00000006749	0	0	7.49708031378069	0	0	0	0	0	0	0	0	0	0	0	0	0	0	0
ENSSSCG00000006791	-5.92737959755866	-6.12512943777589	-6.09921313788175	-5.33631985869521	-5.34807729581113	-3.20874378109188	-0.441872348609248	-1.60363658291389	-3.90826082797818	-5.85305904783629	-4.62636046790475	-3.94306292122726	-3.54818286407838	-5.88690717762888	-4.98602876335087	-4.32500422690722	-5.03849333383787	-1.30673636367761
ENSSSCG00000006792	0	0	0	0	0	0	0	0	0	0	0	0	-3.59114176920108	-4.00410717227222	-10.6598940910082	-3.6653453065673	-5.01559480449398	-0.533959874770994
ENSSSCG00000006796	-0.561291149866999	-7.24541576785203	-2.9886254588931	-2.00133032802305	-0.344978880075699	-0.645367351899646	0	0	0	0	8.34327313390783	9.45696952727908	-0.572558065763616	-1.66454682832858	-2.35791882572535	0.703376740254331	-0.216569047757756	-0.738920486403643
ENSSSCG00000006802	1.27153299002607	0.148122531070122	0.309589620863923	-0.240599488927776	0.436457249047583	0.341082085197278	0.74797423571001	0	1.71564456203508	0.715326209343018	5.79985068197184	3.69944334258578	0	0	0	0	0	7.24598921822731
ENSSSCG00000006820	0	0	0	0	0	9.29154789637621	0	0	0	0	0	0	-0.806678214377845	1.63314643440677	-0.272891694191072	-2.75985049917764	-0.647531180248298	-0.632227661590844
ENSSSCG00000006836	-3.21133632211286	-2.31205829214919	-1.06240965506802	1.13303791964337	2.96651435061772	-0.843102160992493	2.17743877425295	5.88915887480344	6.83951515655275	8.46386283055308	5.41120040402065	0.418912676970086	-2.33305739054018	-1.96427258419171	-1.01184594552944	-3.13990157642098	-1.29373931448208	-1.00105765342489
ENSSSCG00000006842	-0.840508571796901	-7.63906072872508	-2.42253528695948	-4.278037728911	-0.6398587681841	0.00794100333244753	1.85589706634152	1.33535307547793	1.98991054718987	0	1.54907075681328	2.26541913991778	0	0	0	0	0	0.484264499057692
ENSSSCG00000006846	-2.7731656809457	-3.80198489382338	-7.82260592353715	-2.34277959928394	-0.00656260343867173	-0.102624706721453	-1.74938976759687	-1.48014254382084	-3.33017788195639	-1.83987228940002	-3.54048656665733	-1.47871533847429	-0.0362224222149029	0.393936388167205	0.482120669557651	1.1869652915788	0.0683531089190961	0.0149035221768667
ENSSSCG00000006858	-0.204793605535874	-0.722618837353348	-0.213842575994063	0.134993236588426	-0.307956046177373	0.616598153732972	1.92701734643302	5.44206123850854	2.16012873383048	2.59958360267791	-0.15777116289316	-0.211928581271623	-6.54138584704439	-3.47021146775459	-5.03426182590225	-4.24361375697614	-1.76993010800603	0.495434140896974
ENSSSCG00000006876	0.302097660314301	-0.863141317711526	-1.90758168439303	0.557199806860645	-7.66185736330371	0.4426694818815	-2.0542682608373	-4.5042486046216	-2.2412300420294	-3.3104789271532	-1.30665468790431	-2.7986699316802	-2.75727935622016	-4.24686394319802	-3.9828834311023	-4.22929521068357	-4.54613018623063	-1.43465647150362
ENSSSCG00000006933	-4.67266598155305	-4.03006809434321	-2.4048714435966	-3.36503685993362	-1.78750409995465	-1.18789755570455	0	0	0	8.26484600010833	0	0	-0.808339418550745	0.248204960193825	0.485307398963138	-0.382659183350738	-0.235314912895461	-0.0603186552904644
ENSSSCG00000007007	0	0	0	0	0.889630218049574	3.75959766908883	0	0	0	0	5.70257816604291	5.41169524903714	0	0	0	0	0	0
ENSSSCG00000007029	0.298054715388745	-0.880136931028254	-1.07207520411186	-8.80632602409578	-1.99727709656026	0.274956654142571	-2.37080705456686	-2.94305385078665	-2.15787686132244	-4.42254577659736	1.55699237233741	-0.38392204487835	0	0	0	0	0	0.430632468798882
ENSSSCG00000007061	-1.06162107415848	-1.54132584497457	-1.16188065245812	-1.92389036246308	-7.13450541216741	-2.23665196425868	0	4.46906427242344	0	4.98652938971685	0	0.18606422588859	-3.35500667350142	-2.34519751117391	-5.2698350199153	-4.29811628263743	-4.46673350205363	-0.138056314257704
ENSSSCG00000007079	0.115961721173097	-5.43952271833298	-4.61267465871208	-6.52428622945459	-4.38878123821383	-1.58184632337555	0.417291246143849	-0.0889439584049926	0.11808196693174	0.290737744707608	0.579711667494569	0.0159974799663144	-0.682566108442052	0.408110624107198	0.991834984827702	-1.13558704641699	-0.20989254125077	0.375586916502112
ENSSSCG00000007083	0	0	0	0	0	0	0	0	0	0	0	0.911506168594014	6.89079705847694	0	0	0	0	0
ENSSSCG00000007099	-1.43818530976383	-0.45927405163407	-0.936831291281085	-2.3066659476029	-1.2218790689734	-1.31800631815922	-7.67820736676378	-2.54048241090086	-2.23968112049957	-7.57482838760688	-1.31765453612534	-2.79069761504366	-3.88446140304535	-7.99248243061081	-2.40629820765317	-1.93946283667355	-1.12390558327246	-2.27223159728635
ENSSSCG00000007112	0	0	0	0	0	0	0	0	0	0	8.48372238173968	0	0	0	0	0	0	0
ENSSSCG00000007114	-1.16647050752728	0.244726753931819	-0.045232164162532	0.340150041103585	0.00830772550452613	-0.491090725697102	-7.73042320229519	-1.80305441589148	-7.59226240084656	-7.62702553203128	-3.06732142473572	-2.84293370495948	0.758393516848505	1.38183936686114	1.42978150612547	0.708606677341179	0.0832742213368035	1.35371359395976
ENSSSCG00000007130	0	1.26614479270732	0	0	0	0	-4.48120701867702	-7.72707382655596	-4.18602192885639	-3.33564525243642	-7.76250014547346	-2.0549148952284	-4.85708385137766	-6.19635063574401	-8.54657321506194	-4.48487869796479	-4.37069493429629	-1.61084392274014
ENSSSCG00000007163	0	0	0	0	0	0	0	0	0	0	0	0	0	0	0	0	7.57814583345562	0
ENSSSCG00000007164	5.29432348893656	4.55438403351182	0	0	0	7.89501147734274	0	0	0	0	0	0	5.19911314961986	7.05268670354624	3.29024011255111	0	0	0
ENSSSCG00000007219	0	0	0	0	0	0	0	6.07709261711111	4.59785363971493	3.56027442120914	0	0	0	0	0	0	0	0
ENSSSCG00000007221	0	0	0	0	0	0	-2.56591539744213	-2.55899005263933	0	0	0	0.285473013942208	13.3368333581193	9.46874109034351	0	0	0	0
ENSSSCG00000007224	0	0	0	0	0	0	0	0	0	0	0	0	5.73683950470296	7.4837281622601	5.94955707044732	6.07543149878779	3.11634281230655	4.50858994500913
ENSSSCG00000007260	0	0	0	0	0	0	0	0	0	0	0	0	0	8.13481049470605	0	0	0	0
ENSSSCG00000007377	0	0	0	0	0	0	0	0	0	0	7.232969208134	0	0	0	0	0	0	0
ENSSSCG00000007382	0	0	0	0	0	0	-1.81227506164557	-2.78449134349466	-1.91087462207521	-1.99238987362324	-3.81651808685691	-1.36572341984863	-5.41489396523277	-4.59323995476784	-3.93679733364131	-4.4471166702149	-5.57140963324014	-2.59720448909876
ENSSSCG00000007391	-3.45569850725028	-5.47307921719205	-4.40219132448986	-3.4661337033356	-2.94666491061276	-0.481046572123928	-3.58256718834399	-3.3961756338283	-0.845856242562615	-2.26518730594467	-3.74869044957017	-1.14631348848362	-1.73226884910886	0.468404522976086	0.527282290801306	-0.649861842760035	0.110983955041088	1.7207239575757
ENSSSCG00000007436	-1.41390175314992	-5.46586531235799	-6.28329677073568	-5.10830250591538	-2.35062600159792	-0.570179710908885	-2.78495266218021	-3.03807234021537	-3.46113953261115	-4.11506356952061	4.81345982131643	3.62976767978051	-0.301122225145712	-0.966161864097439	-1.63049390943642	-2.10841928387461	-0.14820503036793	-1.07029598234025
ENSSSCG00000007476	0.178189362649039	-1.71665974945042	-0.436607042898426	-1.84205667117625	-1.96244069482526	-1.17754825104072	-3.45842433453916	-3.71154224403753	-4.13453470790609	-10.0425412504657	-3.30541336141969	-3.29331828454088	-1.91817629072513	-3.34061013267574	-3.65856332873614	-4.42537358168534	-0.668158513972191	-1.28517493234841
ENSSSCG00000007485	-1.65943397211849	-3.49625842082041	-5.37887258290626	-5.49896727456302	-2.80148061817286	-1.65321649087701	-1.40677061933892	-0.0382779158522809	-1.25440623037326	-0.428244310817516	-1.72040849331682	-1.31816386458507	-0.945351032613229	-0.114777242706053	0.200752751329613	-1.29257833576098	-1.18239743046288	-0.0913432279904116
ENSSSCG00000007486	-1.47354788108881	-4.53849545844336	-6.09234640197267	-2.90570676007418	0.611695972917943	1.2702318509262	0	0	0	0	0	0	2.84231759938627	4.84388003240473	4.19509096354986	2.77902507542496	5.90788932081617	2.25050466155351
ENSSSCG00000007488	0.602592744135301	1.15386386681434	0.25745952077441	0.643199412915374	-0.640232033437556	-0.215011172627077	-7.31764838442857	-2.17992809889287	-2.84317100733785	-2.92303841150869	2.16515129532231	-1.45256098584824	0.362260195824553	0.837684518500585	0.992281687623284	1.92380808580478	1.20607949319627	-1.15490049853125
ENSSSCG00000007507	0	0	0	0	7.86079545402696	14.6377007777673	0	10.6634509189057	10.595158180599	11.6919234257274	0	0	0	0.523372275725664	2.37190688063202	0	1.29859620218199	2.50625107261107
ENSSSCG00000007526	-0.040263124578276	-1.42128844587695	-0.461357207090247	-0.433355762557403	-1.35327028719869	-1.73657335075018	-0.820022948086001	-1.32034868494489	1.01663826141474	0.777638837184954	0.907933053161397	2.60713002302094	0	7.21342319725101	7.73692691122566	7.13178432134791	0	0
ENSSSCG00000007527	1.66809162811221	0.494311103406965	0.72626951816802	-1.06903111983369	0.276631379887437	-0.391326702328444	-1.03390386013183	-1.5597868971183	-2.61619046053602	-5.36656294355277	-3.69243240617724	1.03626027561053	-0.260480264741973	0.994269316050106	0.617598584617113	-0.241318934576213	0.843507194265635	0.322200513407215
ENSSSCG00000007528	0	5.65714132584863	4.58677877904695	2.1662799379895	0	0	-1.78698150443938	-2.35786120130932	-3.03608017528562	-3.11724357897015	-2.11442146012846	-0.819220262324771	3.70859163495316	2.0971076388206	1.32154407855542	-1.8135094734234	1.30751992989366	-0.753853543139175
ENSSSCG00000007538	0	0	0	0	0	0	-9.14762349859837	-4.96938728302866	-5.60279304323656	-5.680669519947	-9.1797943255406	-5.21634315906381	0.997042254363122	0.62257563834369	-0.566964390856266	-0.0975978874089517	3.49642332799568	-1.00788897198386
ENSSSCG00000007578	7.14699353691178	12.3070581558299	11.841981603408	10.6046205191543	7.86079545402696	0	0	0	0	0	0	0	2.90300567316447	0	0	2.73609574806484	0	0
ENSSSCG00000007603	0	0.504276317664451	1.6075414342767	-0.104835379305294	0	0	1.31932562360633	3.88497920284668	3.28610248061632	0.544083470431841	-0.468899076936956	-0.977997839819514	0.0523584114454679	0.072072974810653	-1.1327330325974	-5.64562714826841	1.05751023276891	-0.608669309142007
ENSSSCG00000007607	-0.382681264048152	-0.209786947081024	-1.46588517151142	-0.782042711991867	-1.99727709656026	-1.00701318912703	-2.24925325688553	-3.59004096395266	-2.87211299243062	-10.7615524826456	-3.25200243897375	-0.852715248592742	1.58906021720673	1.675681491841	0.879640906904049	1.42719177539099	0.573882955717218	-0.450010889570216
ENSSSCG00000007691	0	0	0	0	0	0	-3.69345543411275	-2.75617089896086	-4.67200657778124	-6.20146038641502	-3.42916618844939	-1.40374053004065	0	0	0	0	0	0
ENSSSCG00000007702	0	0	0	0	0	0	-3.79337486958161	-3.0530063693408	-5.04971547895495	-6.66635749447693	-3.38959177397034	-1.51790748105574	0	0	0	0	0	0
ENSSSCG00000007703	-1.26133755306971	-1.64612955893761	0	0	0	-0.102071095414159	0	-1.37935567295878	0	0	0	-0.198219576741967	-5.04554673118836	-2.17305588812569	-4.13697187266849	-9.07519444404196	-3.67998134887723	-1.51671353801613
ENSSSCG00000007716	0	0	8.93260028789371	0	0	0	0	0	0	0	0	0	0	0	0	0	0	0
ENSSSCG00000007757	0	3.11585495256515	4.93031478742596	5.29409303311633	3.59496811041133	0	-0.173533233821492	-0.620175681777071	0.000464763955141841	-0.807937073285972	1.74766876236449	1.53586691041657	0	0	0	0	0	0
ENSSSCG00000007816	-0.577245120726695	-3.48156508289884	-2.36395992535283	-3.29626457151944	-7.54697369281411	-1.50471235586673	-2.91186970818865	-0.174583198047676	-1.26834178578389	-1.98953993489546	0.167899947956958	-0.776602373047376	-2.41802685496305	-8.77597637388914	-3.75924517728059	-4.65559042236223	-8.78983921072398	-1.65915296066488
ENSSSCG00000007836	-1.39529146422418	-0.403636243539602	0.770715427435268	0.713084866035498	-2.43464105454816	-0.566007500321016	0	0	0	0	0	-0.580688019872243	-9.62837316975514	-1.49186158830595	-0.820370458442173	-5.02447564814224	-2.25099614947198	-1.94366831829887
ENSSSCG00000007847	-0.429806276988978	-2.5257135524852	-5.93160421274423	-10.0971992591029	-5.06500762907047	-2.77224713816009	0	0	0	0	0	0	0.891927616304196	1.18700358805065	0.851517443058735	1.28158588998019	0.0970588731632207	0.818211292114658
ENSSSCG00000007848	-0.225959506460876	-2.61785126675624	-4.53164032987546	-6.06125926234529	-2.60678395025973	-1.35352741536718	-0.559784412961931	0.105138282383324	-2.77327914172385	-2.85313472425166	-1.6126674749039	-0.80523222527224	1.78432613807827	2.59740040167488	2.80353381148273	3.5757952169804	2.38211774357537	1.31565942161888
ENSSSCG00000007859	1.11998275138809	-3.839108536968	-9.38721784509611	-9.37411841681211	-9.43209939039153	-1.98801428241471	0	0	0	0	0	0	-1.22015811158986	-0.970148706922134	-0.500375428070782	-0.580999985018613	1.31193203702006	-0.957560866453879
ENSSSCG00000007861	-0.0918183269344797	-1.1045717555694	-1.18175198375771	-2.59994322059748	-4.6584797006697	-3.89303576919776	0	0	0	0	0	0	-1.94544037638175	-1.16339032957589	-8.25622449852814	-3.22748233966838	-3.39853237700716	-0.384093246919832
ENSSSCG00000007868	2.05116998706383	6.04919161178867	5.1906847816999	1.95475244363111	-0.801155080365963	1.86789449421851	0	2.13135545219588	0	0	0	0	-2.5951948055243	0.763253832536797	0.0958436302607345	-5.7118006956262	-2.60475020091365	-1.95079051770299
ENSSSCG00000007917	-1.43357485536488	-4.75015827498249	-1.41708568723107	-8.75752754343526	-2.57905399727088	0.188347089167808	-0.822104399656806	-1.61338254017403	-7.59226240084656	-1.39199017284565	-1.87710865797835	-0.630828796320498	-2.6033499905743	-1.09966669500934	-1.60985410818061	-1.5498528810271	-2.96835535608648	-1.00404794470518
ENSSSCG00000007977	0	0	0	4.1256121928495	0	2.17444215080908	8.09419207085555	0	0	0	0	0	0	0	0	0	0	0
ENSSSCG00000007978	3.7838178344297	-0.0263068254209313	2.4838888104515	4.52119812068391	1.16215491572696	3.2672228509885	6.01932160666783	-0.88285768650718	0.995483900346865	1.91081156900914	1.81478706994419	-0.0744034871823052	2.12009217066079	2.05925854985218	2.46772905309804	3.01172134411954	0	0.430632468798882
ENSSSCG00000007995	1.48223515299946	1.74574758019542	1.26832385793168	1.62255205353564	0.270571106643966	0.0550758481223967	6.93644456540523	3.86058242691716	4.45011679477575	6.67459982089526	0.0020351052699074	0.133985446505739	0.378292003195632	-0.0126153062540053	0.317571931304438	0.745508538784794	0.179738320393345	-0.439144956026871
ENSSSCG00000008054	0.547963516971255	0.751614355910205	0.981401160649211	1.84666976611103	-1.56043912787045	-1.53491400412499	-2.39511861986588	-2.26308093443341	-1.63724161836078	-9.84734395198992	-4.31627384587682	-1.06241492258974	0.151476964492133	-0.816705610804372	-0.616558452379259	-2.28271633450286	0.320505153041745	-0.103717339568791
ENSSSCG00000008090	-1.8206085115814	-2.61219278612244	-3.18094559631688	1.43869356375446	1.64970825683522	2.08997089698158	0.489993257856362	1.04607185215894	1.88819226749447	1.50782257185759	5.26310705912296	2.63174745841197	-2.87869953961874	-1.14043621495942	-0.210291986301507	0.137858279759097	-0.0353989061893928	-1.01648890328257
ENSSSCG00000008115	1.40263143704525	1.07377981231747	-0.292393978507453	-1.2091334221953	1.23022108913132	1.75488020185262	-8.20655314682825	-4.02832239608375	-2.76780878112677	-8.10301291447491	-4.10087587915473	-2.74927236298429	-2.22224886989791	-1.04938979051962	1.15220458152119	-8.18440039517617	1.2678329025336	-0.151755766513358
ENSSSCG00000008118	1.07556089346192	-0.729801043111792	-0.235500582494313	0.189184742893988	0.393479431554723	0.454596819564626	-4.70601860459072	-3.14164674630854	-3.24818094431235	-6.36967458777936	-2.8046503608872	-1.46758211092258	-1.50984533357068	-0.898463955583081	-0.0986715343249655	-0.0965266311728934	-0.659057960568192	0.261994225462007
ENSSSCG00000008124	-0.484415836382	-3.28999638603924	-7.31076140149842	-2.14475536140644	0.697234255228904	2.42864069475437	-2.66454925167476	-0.718807449097321	0.162474990410463	0.301285896579306	-2.72998608728332	-2.90373822523671	0	0	0	0	0	0
ENSSSCG00000008134	-2.15118139423489	-0.583627575308974	-2.03920180735516	-2.21875096532149	1.72420669522667	-0.414494961244027	-4.64376646935331	-2.21892862660867	-2.94522503623425	-6.38529221854605	-3.07469648332201	-2.42397087640462	-1.23501469005937	-1.08220652748099	-0.312803055338445	-1.65298331769425	-0.453762677446745	0.379018978022741
ENSSSCG00000008140	0	0	0	0	0	0	0	0	0	8.12781143808028	0	0	0	0	0	0	0	0
ENSSSCG00000008155	0.931918889014679	2.82877122074195	3.84245125796267	5.21869396625847	2.92656213202611	0.596336604269061	0	0	0	0	0	0	0	0	0	0	0	0
ENSSSCG00000008157	0	0	0	0	0	0	0	0	0	0	7.45399093044498	0	0	0	0	0	0	0
ENSSSCG00000008165	0	0	0	0	0	0	0	0	0	0	8.14598687458164	0	0	0	0	0	0	0
ENSSSCG00000008215	0	0	0	0	0	0	0	0	0	7.54542550549407	0	0	0	0	0	0	0	0
ENSSSCG00000008259	0.855498668894937	-0.145186244225368	0.186778763404602	4.11210587514218	3.97075505357941	0.249816993419327	4.25898036232721	3.16289426040623	3.51992672252587	5.41469961719483	0.77525929108368	1.29330385514915	0	-0.244041274865101	0	0	-0.58629755364793	0.237284004682109
ENSSSCG00000008294	-2.65160062183207	-3.12873091631376	-2.90395607447792	-1.42816460451318	-0.274333709925624	-1.43491693160954	-3.63499230426811	-5.11210927966123	-4.44920480522547	-5.66591677488933	-2.81498984119481	-3.84233436018108	-1.0001658327218	-4.18686960831123	-5.56678061482936	-4.67529196211667	-1.15471293146645	-1.12460531754494
ENSSSCG00000008302	-0.143258877342077	-0.764449961737153	-1.0456988656605	-0.31307586573967	-1.13942525781656	-1.46967909009757	-3.07642593661969	-3.06949118008971	-7.10982292358204	-7.14451500384653	-3.14193207231745	-1.38258742525463	0.166655498474705	-0.514765506954074	-1.89610967359208	-3.29815045522011	-1.36227017928924	-1.18048237265817
ENSSSCG00000008319	0	0	0	0	0	0	0	0	0	0	0	8.09762164874886	0	0	0	0	0	0
ENSSSCG00000008348	-0.0619178506774915	-2.11556540584531	-1.84636735120975	-0.459301842582382	-0.893176009072214	-0.37823322869116	0.419207552277727	1.5286234703897	1.67695322203471	1.10385224696213	5.00295183354313	3.02853482099639	-0.611946323140225	-0.708005929091531	-0.581617663057632	0.159340792645322	0.480349604804763	0.551348652050071
ENSSSCG00000008429	-0.466322367097174	-0.516377463703734	-0.769417855793834	-0.36350940481453	0.491280606699784	0.21159687853152	-1.70427341592945	1.3978525768653	0.957494608123435	-2.22538451880904	6.83869846695246	-0.360434304216117	0.174937169073481	0.649503122163837	0.476954704431219	0.888330414731064	0.261633493152116	0.247036012767195
ENSSSCG00000008441	0	0	0	0	0	0	-1.5458589290153	-0.141131536905129	-0.509638950513444	-1.31814682120575	-1.20474587519459	-1.57198447103307	-3.76443586125742	-2.91482837831108	-2.32916725720479	-5.27730170738577	-1.94832850468386	-0.456072260811483
ENSSSCG00000008449	0.59326850908778	5.96160336139095	3.27981162636912	0.845302900510839	2.25683989313252	1.89445738723583	0.695063166127296	0	1.20965147857062	1.22050575366003	1.77835420636747	0.556351826026223	1.33947546959092	1.01898895838687	0.773935120652345	2.06031827647188	0.891083019552923	-0.146971032526447
ENSSSCG00000008501	-1.8716782246739	-2.90036640773649	-6.92128084605423	-0.965429097335938	0.260946109824973	-2.06792606218817	-7.24771116728415	-1.13067680922744	-0.509638950513444	-1.89045244631023	-0.307876874933258	-1.2151937363247	0	0	0	0	0.627127090533837	0
ENSSSCG00000008521	0.743724264367002	2.50996037030374	0.284509134517908	0.573667083749442	-0.0138422322726213	-0.00348639974925056	-0.167156572689512	-0.479175816015475	-0.75440328532186	0.851102848053431	-7.20621646366621	-0.855835786281443	2.06779689073882	3.76176335658358	0	3.30953707073648	2.26985248939722	0
ENSSSCG00000008522	0	10.6212970147514	9.98612709177732	3.63119932615071	0	2.90415822229145	-3.03852486512831	-8.16585342001694	-8.03086625154873	-8.06567628569841	4.48349477796749	-0.996239772043368	0	0	2.7702719435815	0	0	0
ENSSSCG00000008524	0	0	0	0	0	0	-7.62403047069185	-3.44580539359883	-7.48592216790863	-7.5206716128604	-3.51829952909956	-1.94848010440678	0	0	0	0	0	0
ENSSSCG00000008563	-0.481790234438816	0.603991883549744	-0.392523514516445	0.625002290029893	-0.318258882541474	1.62415602645852	9.16570751400439	8.53909496824967	9.37377226557711	10.2279069204228	5.91932259217159	2.41142670953535	-0.28082323054723	0.448831099350256	0.57766502876595	-0.426681767222191	0.285141199965004	-0.351205927133319
ENSSSCG00000008564	0	0	0	0	0	0	7.00705354972009	9.07266728096332	8.79013297689841	10.3358116759844	0	0	-0.00428835158923816	-0.618784884925098	-1.51278488542346	-2.16656380627322	-0.961076920587611	0
ENSSSCG00000008607	-0.671372775808456	0.138296514878023	-0.392523514516445	-1.74584535755682	-0.485793989762193	-1.08667333402378	0	4.87150817111964	3.39370543971274	5.41497019610249	8.16444446785371	0	0	0	0	0	3.29969733046903	0
ENSSSCG00000008618	-2.68533635400682	-5.16105521484031	-5.12296227656621	-3.80838762845064	-7.60738457309862	-6.84212723928084	-0.625074068721343	-0.259237460988465	0.229863841715497	-1.30193579695286	-1.40770490663701	-0.588865932498527	1.80051967905184	2.34551976145535	0.9349614553801	2.75589574186094	1.46722216863977	1.16255254298637
ENSSSCG00000008634	-0.918120674999314	-0.768970197817352	2.7009374436982	6.53509375173746	5.30621629739002	3.60850801318368	-0.948610119923229	0	0	0	0	-0.71661298068863	-1.22120542302465	-0.670602982665699	-0.582358203859147	-0.246021382934486	-0.856931937223908	-0.446709819979269
ENSSSCG00000008702	0.837094705580573	-1.66237267558073	-1.35956218349982	-2.6891328634558	-2.4506764805121	-0.898087428412474	0	0	2.04453143587902	0	0	0	-1.71178684360704	-2.40367314090185	-1.44348118683377	-5.07185879550695	-3.27275349781419	-1.85918048867978
ENSSSCG00000008741	0.294602479769933	0.197040977530876	1.31477551173556	0.519911174277242	-2.1139612871593	0.33269591026578	-7.24771116728415	-3.06949118008971	-7.10982292358204	-2.85313472425166	0.241002602526049	-1.38258742525463	-5.4117701974351	-3.55941220722755	-4.70763331947801	-6.1947781584233	-3.01349251403351	-0.27032893570478
ENSSSCG00000008754	-0.52708080888902	-0.821208190209917	-2.55008555824231	-0.950941034116818	-3.05162427509824	0.444986662576818	0	0	0	0	0	0	0.209951193235449	1.36447663324403	0.331978791516985	0.359617105067057	-8.14781540277702	-2.41367461899879
ENSSSCG00000008758	-1.05389224680297	-1.65110575292741	-3.41607994911257	-5.90045907967432	-6.96457073566303	-2.0582158744574	-2.21112605925345	-1.57244596551147	-1.05099797050191	-1.32593867309543	-2.8990924057429	-2.42281906834578	-2.39566940294914	-1.73020962561554	-1.62416600145913	-1.96215038825814	-1.40869755253992	-0.676835258018232
ENSSSCG00000008769	-1.73417953838674	-2.38410215501774	-3.20174186795122	-2.19442184913353	-1.86243106518964	-2.51019541639348	0	0	0	0.398451839527176	6.36085290456912	6.31899842900984	0	0	0	0.220234895914427	0	0
ENSSSCG00000008824	0	0	0	0	0	0	-3.84543513633565	-4.24984099018849	-5.50573318577181	-10.8410466698259	-4.0052561711884	-1.72615833972443	0	0	0	0	0	0
ENSSSCG00000008830	1.12101663592425	4.67421833779752	5.09345362279566	2.5757909699157	2.8928666309959	0.340791329133901	0	0	0	0	0	0	0.239315510222814	2.24800367926022	1.35470407345235	0.251896338174254	-3.08767978868955	-1.86463148967974
ENSSSCG00000008834	-0.458223798500594	-1.10024992512311	-2.8725339937482	-1.14162623088711	-1.53315894161593	-0.700880495575125	-2.54281579463173	-2.27404098543939	-2.96266141446653	-5.56692292552357	-3.60167091976217	-2.71946972073206	-0.0475764725815799	0.2617836559761	-0.0389322227775824	-0.020519662804607	-0.624811379890622	0.359453657775399
ENSSSCG00000008838	-1.07048814909822	-0.79593501438246	-0.287032060961505	-0.594955734652062	-0.0965565524249322	-0.395798216406707	-3.39623027293141	-3.47593632327052	-2.85105446000147	-5.224638727405	0.472765827584861	-1.49068739039674	-0.0615746898454879	0.233057848055605	-0.813306104627466	-0.307635091432447	1.17321869380015	0.575983570923311
ENSSSCG00000008888	0.691404052808156	-0.442228059637593	-1.27678963026157	0.374816417150687	-0.0692293032413669	-0.679248219132907	-0.235673611398557	0.148431243483205	-1.08082025933401	-1.96605812589234	-5.60665323559984	-4.56852924772984	-0.268030124645169	0.367131014283781	0.0678153111099553	-1.65220742827809	-0.917550892547883	-0.503626283479625
ENSSSCG00000008889	0.38170063589614	0	0	0	0	0	-1.24015476429118	-0.664022597075071	-2.44649178492216	-4.89627969259157	-8.51326273021271	-7.39553019116743	-2.64469065059635	0.0421584932260261	-0.326300087421988	-1.66246789724724	-1.42709778074754	-1.58792453597055
ENSSSCG00000008908	-0.0415630560105374	-0.0784042819717712	0.730849702501593	-1.23083510258407	-1.23810630425131	-0.421778760054354	-6.92815433213434	-2.74993984156184	-2.45395991330621	-6.82513384370811	-6.96011963228401	-2.04025600057673	0.243219441941018	-0.318115023791683	-0.63364760840527	-0.699348620139521	-0.78815784173777	-0.968784327767047
ENSSSCG00000008926	-1.42038631806821	-2.73451441296365	0.373037015091211	-9.66617033417346	-0.445802396107582	2.10767840866701	-4.10717944919284	-4.10023337455616	-3.80354327730508	-8.17490671832739	-3.21436319934798	0.267316982431292	0	0	0	0	0	1.22976913138056
ENSSSCG00000008930	0	0	0	0	0	0	0	0	0	0	12.5131002981013	8.72137180644406	0	4.32048637033177	3.40987622737708	0	0	0
ENSSSCG00000008937	-0.419967168364226	-2.03248246185284	-3.08562324983925	-1.97031416089202	-2.56702384996264	-1.18283847958633	-1.2957148902334	2.3273070034058	2.10559981207083	2.1314164071949	4.34170116457334	5.55921346058654	0.544852301545456	0.631198448432586	1.17327124027123	0.970903227667426	-0.0607093709276446	-0.565997138454076
ENSSSCG00000008938	0	0	0	0	0	0	0	7.010826498136	0	0	0	0	-1.21785050406744	-1.13258442704617	-1.04487895558349	-7.75727277295771	-2.93078577620164	-1.13031223052291
ENSSSCG00000008949	0	9.72810028376252	10.3739667110664	7.92514340316898	0	0	0	0	0	0	0	0	0	0	0	0	0	0
ENSSSCG00000008953	-2.14420004111838	-5.46081388989033	-5.30250171146243	-3.0177418873457	-3.86510746355931	1.60198968966081	3.09067724671103	0	0	0	8.4637886659221	2.75906585801965	0	0.741906018672108	0	0	1.21450663361187	2.45528479285766
ENSSSCG00000008957	-1.27976119291591	-7.19795791830137	-7.03957079161964	-11.2051594468186	-6.1729956699252	0.525079432019009	-0.927677006621069	1.07313956465039	-0.479008417264981	-0.43621505703291	3.25221509074772	-1.90489185463731	0	0.280199163130333	0.910388406837473	0	1.93646304034077	1.54889775661231
ENSSSCG00000008963	-0.894966049012481	-1.11712941665968	1.25225543793812	-2.07482443005513	-7.28548136714048	1.03002120186788	-1.67911161673627	0.316367306168358	-0.404605974065778	0.506371487235507	-2.51118890816436	-9.18328402326571	-1.20699250425037	2.05339339747066	1.31633488273614	1.41894389448501	1.00898187939144	-2.33287735166567
ENSSSCG00000008976	0	0	0	0	0	0	0	0	0	0	0	0	7.27270236099946	4.74172840122147	3.57256365010556	0	6.56764813088409	0
ENSSSCG00000008985	0.347556155784023	0.972524237586435	1.61074887543558	0.51881049870909	-1.18696322071552	-0.373085021354362	-3.54956706456072	-1.97145254130485	-9.52084413238555	-3.72937099361391	-9.69169847348815	-2.22530311782518	0.147390779073025	0.856014056564763	0.765897401041007	0.934838853761862	0.211483924291954	0.270960962453534
ENSSSCG00000009092	1.57897981510805	0	0	0	0	0	-2.87864970207872	-2.87160346375887	-1.77908063000655	-7.90584497226631	0.264480205351396	-1.34695632093326	0.875667778534184	0.856141974090583	0	0	2.57939228421756	0.702477669917808
ENSSSCG00000009100	-1.10533164157673	-5.61868034166325	-3.92950582791153	-4.47298678149967	-2.71825143091832	1.6476911432203	0.895981118242886	1.60687264511176	0.776291277228054	1.83007462729841	0.658753637274458	0.0382705016226482	-1.39618032752516	1.03928940897327	0.784128053497705	-0.458767162777278	-0.565134842161319	1.4846073898029
ENSSSCG00000009144	0	0	7.68872679809105	0	0	0	0	0	0	0	0	0	1.92126711647435	1.25387161389658	0	0	0	0
ENSSSCG00000009182	0	0	0	7.12223336810646	9.55693202695889	0	0	0	0	0	0	0	0.67139925373589	0.810615174721968	0.464988842455365	2.23688774250393	-0.031249719545148	-0.883698884842127
ENSSSCG00000009219	0	0	0	0	0	0	7.40179587830715	4.27747032285333	8.31953859914369	8.78683709642328	8.88451068246851	3.00289113598343	0.0402301312479031	0	2.27106958615802	0.532851715614982	4.08740436489555	0
ENSSSCG00000009232	-4.01941898101126	-2.01991705195455	-3.52945741308924	-8.65468095276741	-1.33475741865627	0.141759020350041	0	0	0	0	0	0	-0.8608801229836	-0.995885158034011	-0.739509747566976	-2.24422284516543	0.852475719263976	0.577440827814398
ENSSSCG00000009237	-0.815749222936328	-1.43532333489665	-2.84054333362984	-3.10623580228754	-1.91425807129141	-0.430992300182113	1.22316870309082	5.4713344118506	5.40162728222595	3.5444031008446	3.21694175693595	3.33006617841946	0.43605194683461	-0.284162061109108	-0.072249322943444	-0.132438485597881	-0.43147155555033	-0.454053112791674
ENSSSCG00000009250	-0.550329247549243	-1.28134997446678	-2.10143595065129	-1.35581831636721	-2.08057188704385	-0.740667749933032	-7.73042320229519	-3.55219691103629	-0.855927387773023	-7.62702553203128	2.00682133549211	1.39931108281084	-3.85779456753784	-2.83602215378545	-2.11439335299496	-4.03464106208339	-2.51014940606394	-0.0632301502841018
ENSSSCG00000009281	-0.974150172425657	0.966999331105372	0.969412643321993	1.28857949510053	3.00205561390914	0.524608419574064	-0.322856912961854	1.8370406690258	1.77738035202767	2.31940499493455	1.00791696359627	0.860468966792284	-3.48780530435521	-2.66586949863928	-7.54873067267561	-3.47558197417847	-1.0238815427123	-0.479263727610571
ENSSSCG00000009301	0	0	0	0	0	0	0	0	0	0	0	0	0	0	0	0	0	8.12299340046689
ENSSSCG00000009336	-0.00590765989624938	-0.840530379809395	-0.809843710141967	-1.97709835799475	-1.57311668423079	-0.0494218576796004	-3.78393717012167	-5.33412489154347	-6.92687913780602	-6.0766546061886	-4.61867701561639	-1.12054284953785	-0.644815058383988	-0.533923761064674	-1.38294694246447	-3.23531181941822	-1.11711607101072	-1.03001507840283
ENSSSCG00000009354	-0.954077416281557	-1.58669997171039	-3.26429292449769	-1.51405239845296	-2.89882321646329	-1.2186614004645	-2.72706678925499	-3.57555910095466	-4.13453470790609	-5.19096939134956	-3.02747891238835	-4.6893623392976	0.000662653713037078	-0.111088705044725	-0.0558051453867283	0.09282417784449	-0.21848362559514	1.11292257873209
ENSSSCG00000009413	-1.21259564136574	-1.11712941665968	-7.24082634741084	-3.03483519119645	-3.15353309207358	-0.335241091372967	0	0	0	7.2254268213961	0	0	-4.1338402015024	-2.39575162628229	-2.21556864598094	-1.76612957259779	-2.62556912943046	-0.661310698536783
ENSSSCG00000009434	0.39070562429614	0.162175136146064	-0.16644769733238	1.10874562934059	-0.698912050086734	0.588294466899236	4.91361390792595	4.88044401180562	4.06014098743811	5.01327197080596	2.25302016227643	0.779661593349416	0.0638031190884992	1.24115139940743	0.95982755290673	0.310413016940857	0.699673360905146	0.929197827396125
ENSSSCG00000009444	-3.42453669092377	-10.5203129281583	-10.4417474461448	-6.23567863664229	-10.4866632624459	-1.65513171296474	0	0	0	0	0	0	-4.88931335134194	-6.1641004607505	-6.55624299515479	-12.7884456855612	-2.57509818034908	-1.41648642691555
ENSSSCG00000009469	0	0	0	0	0	0	0	0	0	0	7.81473138298005	7.29421143522348	0	0	0	0	0	0
ENSSSCG00000009485	0	0	0	0	0	0	1.94505547708021	3.65993308560361	4.02231679372025	6.14806110265379	0	1.8934111042557	0	0	0	0	0	0
ENSSSCG00000009495	3.9664958946915	0	4.22856247180093	5.03152137879506	0	0	-2.56591539744213	-2.00090133035784	0	-2.34292497633189	0	-1.27922087742851	1.86655992040001	2.45729031143743	2.20862051647321	2.55434096750659	-2.3785581141516	0.160528721815449
ENSSSCG00000009496	3.65749914959144	0	3.273732775863	4.33580877887563	0	0	0	0	0	0	0	0	2.48339758677413	6.0240173760416	3.4108246151138	3.17875611496251	0.488269191297892	0.64856896034503
ENSSSCG00000009497	4.98330319664756	0	4.61782625467363	5.55268310225734	0	0	0	0	0	0	0	0	3.45580452402152	2.56969324198394	4.4018174767242	4.18748669792749	-1.03716222407813	0.543309424207589
ENSSSCG00000009517	-0.125150499494863	5.77921224518382	2.14877735855221	-0.824054527311622	-1.22542028333607	-0.022842131596084	3.35428216618415	5.03799044065892	3.08592414205093	0.313991186090034	3.77773001763653	3.73008647395031	-0.876752961754923	1.36718972391456	1.73402229232125	-0.200810377889685	0.3600455516362	-0.355732789779706
ENSSSCG00000009527	2.50887743712858	-2.2627608337767	-0.133569992144257	-1.09524254448422	-7.28548136714048	4.12908738493959	0.93726604921068	0	0	1.48420455776098	1.28194680995185	0.913430297316292	0.703070705620388	-0.549896015737278	0.305212299879302	0.0569514017531436	-0.846791297620212	0.479893712299526
ENSSSCG00000009543	0	0	0	7.12223336810646	0	0	0	0	0	0	0	0	-9.4338205099274	-3.59984687399959	-2.13452260939202	-9.42728589869275	-2.82820819526406	-0.289076520384615
ENSSSCG00000009564	-1.87579475980107	-9.14025494204196	-9.06177763385159	-9.04868318569394	-9.10664245484112	-0.636729899505946	0	0	0	0	0	0	-2.00936037594458	-1.47940380114882	-0.235193428906127	-3.2653205772889	-1.18755579106075	0.533480025789461
ENSSSCG00000009580	-1.95785841913251	-0.859843921210179	-1.70426755955919	-0.660019567698477	-1.74810573731212	-0.961661359733872	-1.24918902880141	-1.54993328336774	-0.68002169865371	-1.30232056525103	0.826075208057212	0.154684133948723	-5.43297220908378	-2.87188005129736	-3.21498156972067	-5.31450439796627	-2.29631167159778	-1.72750865732798
ENSSSCG00000009631	1.16319927044051	0.57209121937605	0.661043765493396	-0.816391173698103	-0.676923879759848	-0.330229747388201	-1.74151873695104	-8.16585342001694	-3.69432246969053	-8.06567628569841	-3.10509740011496	-1.50687899280951	-2.25589995666645	-4.99867518866215	-3.49311776993583	-3.77044841120159	-2.42661121099069	-2.50595131953148
ENSSSCG00000009645	-2.17750084782591	-1.2595291755977	-2.663564315509	-2.63568590579673	-0.458014632211857	0.367365387670135	3.46977391294078	3.93273831808309	4.56716858966867	5.61652177492146	4.26183094247997	2.12158889709161	0.0306500684691879	1.04176003762712	3.10733660840512	2.52226856321133	3.55777765811073	-1.54718430346896
ENSSSCG00000009646	-0.752461139010818	-1.84596897250064	-2.06480251475411	-2.64951541876821	-1.92876902634287	-0.225932318886091	-0.952080610747656	0.771558028204812	0.579354226740082	0.450560701073836	-1.31356205780172	-0.124331312360316	-5.43085534288034	-8.62433891300593	-2.46350472387369	-2.97861725258735	-1.75578132280012	-0.811448681283608
ENSSSCG00000009648	0	0	0	0	0	7.81380104693547	-0.102683746179071	2.60114331041713	2.97515562661608	2.31921558710115	2.42981798653805	-1.59070460969627	-5.85492403639534	-4.46419754603255	-4.94636872477474	-9.88456655175937	-1.48817400275897	-5.76935793740241
ENSSSCG00000009649	0	0	0	0	0	0	-6.04996346020976	0.52671204783413	0.881946420092983	-3.56430632865618	-4.1784664167291	-6.29007632624892	0	0	0	0	0	0
ENSSSCG00000009667	-3.5801659069764	-2.1229402970759	-3.49260852097043	-3.46529711995315	-1.83674575950815	-2.24860542688735	4.78381531012388	6.70998695139487	4.3890328653568	5.18946959206694	6.53104057816587	5.16413235590884	-1.57202283450023	0.798542793315773	0.553553169026147	-1.30264148423955	0.240201709178477	-1.01002472975117
ENSSSCG00000009691	0	0	0	0	0	0	0	0	0	0	0	0	0.999427561106277	-2.77736573773362	-0.737411778737209	-7.22971862088727	-3.35612049612779	-1.18032442836394
ENSSSCG00000009699	4.0198233971945	8.34185554944876	8.64665450898464	6.44202018858326	3.33644490218556	0.772489376483844	0.0173194112058929	0.397051799171189	1.97651147935399	2.4219093159479	-2.49202223293071	0.168030804159034	0.706211913935824	1.55707181466468	2.5697739381375	0.540244277552365	0.545333240643306	-1.10443820557097
ENSSSCG00000009708	0	0	0	0	0	0	0	0	0	0	0	0	-7.45724402176672	-3.552540118868	-1.08256578793585	-7.45073724987333	-2.62415211417388	-0.412534532823092
ENSSSCG00000009735	-0.985082749852357	-0.108644286783091	1.14127349544525	-0.780273570682741	-2.64356404134877	-8.14501446711511	-1.81393681953689	-2.95375380037016	-3.61662638274839	-3.69659261483335	-2.45653203026788	-1.15133732169164	-1.85173533928993	-0.92618214518473	-1.49907199421683	-1.39590232749423	-3.54948652343121	-1.19069109080935
ENSSSCG00000009738	2.77562762136487	2.71473999192062	0.0685474133715901	0.772945067091241	-0.692529898273989	1.94941370012338	-2.80929814257355	-1.81264710002632	-1.26157373461384	-8.8155595649808	-8.95140312848827	-2.2570783174023	8.81192619880973	8.39975541702208	8.61311810221629	2.32637007978575	2.60059961906361	0
ENSSSCG00000009749	0	0	0	0	0	0	-3.79514750307647	-2.25749921245216	-3.49162462706352	-7.86295852939457	-3.8607359275002	-1.4099518154901	0	6.80162244874094	0	0	0	0
ENSSSCG00000009802	-0.291275075188245	-0.73549022436025	-1.48823579717652	-0.803543073668344	-1.09822472594732	-0.796353753957662	-2.37848047423449	-3.33093890357708	-2.47361027227902	-7.40584895176819	-3.40341823320216	-2.05163622239798	0.147507432073801	0.256214945848517	0.525423164908283	0.0594260519090889	-0.55676645056594	-0.264842095367455
ENSSSCG00000009855	-1.19045130341403	-4.53072825898282	-4.40613884664134	0.710831220482284	2.3860842004191	1.07888524874455	-3.60602522082215	-3.76651829471121	-5.40833482239708	-9.77978040753853	-5.77796813683165	-0.791675293221368	-3.30584710065206	0.452562655064621	0.40815480480715	0.243295471285049	0.605563026367702	-0.186098638943828
ENSSSCG00000009856	-0.639133254740998	-5.66837268945624	-1.65390403251827	3.08951893891707	2.10262120446396	2.10466550427787	-3.69564909697205	-2.70928208337549	-2.40583661032348	-8.72266361409601	-1.5480211201724	-2.38436305192156	-2.22915336797945	-0.123547346682748	0.133097893688111	0.837073239189196	0.78887923827408	0.505415681125135
ENSSSCG00000009866	-0.393552835822746	1.24426290308234	-0.216273535013435	-3.64097660421496	-8.45025967830968	-0.836975916891843	-1.46407180080078	-1.6754246211624	-1.63139838910972	-7.2810912535716	-0.444536107418114	0.550653767679507	0.424987113320635	1.35007854430557	0.74279407525465	-2.69966446015609	-5.04709397058991	0.343469891651467
ENSSSCG00000009870	0	0	0	0	0	0	0	2.68329701089808	3.36922326084122	6.21434246707593	1.89530961992892	3.22760056281587	0	0	0	0	0	2.34488140848439
ENSSSCG00000009883	0	0	3.07070730590562	0	0	0	-7.0967624482552	-2.91854490623735	-6.95897990881524	-0.18004515278558	-7.12875661820065	-0.433987271096523	0	0	0	0	0	0
ENSSSCG00000009927	2.1723526855617	2.24898918340775	2.7095620793634	-0.673016290367787	-2.00087516894881	-1.46967909009757	5.01030558755347	4.63004143832745	4.63124994191158	4.51724122756392	-1.09973342467623	-0.0159363165876741	-0.179062215501649	-0.0214864904139703	-0.507616392747559	-0.166457880131964	-1.58945258035489	0.760819751661562
ENSSSCG00000009936	-4.51893864965486	-6.52658349245278	-10.546917629964	-1.9918261589532	-10.591835683305	-6.65006102539527	-7.73042320229519	-7.72707382655596	-7.59226240084656	-7.62702553203128	-7.76250014547346	-7.85152334520914	-3.09947459439216	-1.1699541388024	-2.56630710233982	-4.29180799008324	-5.03288964600788	3.87633923253787
ENSSSCG00000009942	0	0	0	0	0	0	2.02744862851809	1.06576799970397	0.48163665135766	0	-1.67290302915631	-1.27922087742851	-1.98447134786868	-2.33663082857474	-3.77363899933109	-7.75727277295771	-3.88385767191628	-3.64220351787383
ENSSSCG00000009950	0	0	0	0	0	0	-1.65903455190524	-2.63802466188404	-8.20856192728561	-8.24338725949304	-2.7120294468177	-0.973606676065747	0	0	0	0	0	0
ENSSSCG00000009958	-1.11327090500144	0.2084894001309	-1.14140578597948	-4.22418967389561	-6.28281656128195	2.04594639738682	-0.672198553877058	-0.528326275252448	-1.50333796930117	-2.16160471178744	2.20707396552334	-0.848541670808956	5.0584571868295	2.88166036272702	1.85816224344489	-0.97515509047953	0.785999401106265	-2.1348801108823
ENSSSCG00000009977	0	0	0	0	5.05562946746196	2.60987944453424	2.84807562416401	4.40432247204484	1.65731508539846	0.262790432047258	4.97787451575009	1.26378822483038	1.53293307222845	2.00543818865671	1.99004630824691	1.54539219912834	1.82349217692601	0.962517052694035
ENSSSCG00000009979	0	0	0	0	0	0	0	0	0	7.39428024653015	9.28455576758503	11.2397832864485	0.969556231811727	-3.30551716571035	-4.74242249868319	-8.72598600696803	-3.8997017215179	-2.09893708472962
ENSSSCG00000010023	2.21092905196144	1.6199690898992	2.49443031065124	3.18828112305378	-1.63587299322967	-0.500377258905678	3.47111956732427	2.93171208896159	4.22156292996262	5.24396846437425	3.2889120889346	0.658571885951488	1.25632188986967	-1.2126533595936	-0.218560455676693	-0.82365932909257	-0.69825642282463	1.29491320497721
ENSSSCG00000010036	1.37802165215528	3.81401816383375	5.70984030687587	4.62661056144525	-0.33367297056554	1.23015225833472	-0.338598152808776	-0.531277782856196	-0.320777864727404	0.690188359879989	-0.353820882736141	-0.275064353351647	0.658963282814974	1.35146185871746	1.01386307557054	1.3473834363759	0.209701416708374	0.528267659979481
ENSSSCG00000010044	0	0	8.93260028789371	0	8.44368767213827	0	0	0	0	0	0	0	2.42741847569344	0	0	0	0	4.16964041809354
ENSSSCG00000010047	-0.454974637799539	-1.14724564358354	-2.34011766980477	-0.880876937877816	-1.47195280738973	-0.733558556907178	-2.88185786216115	-2.68508852979396	-3.04863883527178	-2.87210576546217	-8.83429313096932	-1.5593627271278	-1.0514246441976	-1.17295340983258	-0.737559469895994	-1.4880750200156	-1.30825126555181	-0.590681193799626
ENSSSCG00000010060	0	0	0	0	1.07672099139441	1.20257834597876	-3.95958302676053	-2.42193328506138	-3.65599740165585	-8.02734766382389	-4.02518517850404	-0.239049674683944	0	0	0	0	-1.2498918976221	0
ENSSSCG00000010141	0	0	0	0	0	0	-2.72326278379264	-2.99377527617151	-3.91649641124497	-4.99102846414319	-3.37432927183905	-1.08460279011507	-3.83404796458041	-3.96562345312798	-7.8950019304973	-7.86371160466968	-7.95589681595621	0.810717347496209
ENSSSCG00000010148	0.0761735606592187	-0.782215839448489	-1.13286445645611	-0.89010221012106	-0.865320230379207	-0.3131707381151	1.78677829490338	6.20148942670949	5.22891010031527	3.89297800921107	2.49395032016478	1.07858954744958	-1.83189738056645	-0.220365764365171	-0.515797453953537	-0.895674493558703	-0.537748115406836	-0.0207938243019692
ENSSSCG00000010190	0	0	0	0	0	0	0	0	0	0	0	0	-7.54497026194641	-5.31469158467719	-12.161373035534	-9.00302976772746	-1.22754133333335	-0.159971315209574
ENSSSCG00000010252	-1.0441856782576	-2.15463135728126	-2.40597119255336	-1.34800241460837	0.262411084534899	0.285726514924135	1.69180107338821	0.393273811218797	1.53901501195293	4.25864718547299	-2.41549556726348	-5.20046315844641	-1.42811405232772	-1.31584357008641	-0.775793454566252	-1.7738919738299	-0.999998597602195	-0.594827599191354
ENSSSCG00000010273	0.314508823920555	0.999500150209674	-0.527858195505275	-1.35046578602822	-0.969246298276013	-0.436122197963866	0	0	0	0	6.32358026112928	6.9700948450045	-1.27838038560237	-1.38469250023114	-1.01927072026315	-2.03143900599652	0.385321779762438	-2.57768662673568
ENSSSCG00000010325	2.13571947055487	1.85986690680147	1.63345824382043	2.78166005064213	0.173539281394242	0.58430731836832	-2.04392629741055	-3.36401765785977	-3.72547627798898	-8.26318270292443	-1.08400702149531	-1.64496426080779	1.44902966602463	1.10473134266704	0.416224719761249	-1.03966269376377	1.22267131826219	-0.603674374383454
ENSSSCG00000010336	1.08071459982191	0	0	0	0	0.883733232505979	0	0	0	0	9.48170590551383	7.43087910344397	2.2472566319984	0	1.5142318730311	2.0387350603614	0	0
ENSSSCG00000010337	0.183998525907858	-1.55340877534403	-2.38060392011678	-1.36296998595888	-0.403303554261725	0.41959582363689	0	0	0	0	5.89905818374911	3.78901839956144	1.44163480954285	0.584947004137032	1.44686522451735	0.877426239508393	0.296798066211032	0.858350335024989
ENSSSCG00000010339	-0.295639188654373	-0.780320305500041	-2.38222389552813	-1.43759892104552	-1.04814485555841	-0.625130216366915	-3.27682106985847	-2.71179471605095	-2.97354998005439	-7.34481824240137	3.18886725988201	0.101512669192126	0.438940936596654	0.563038584134118	0.513121177366591	0.252237543874185	-0.18668602215534	0.442066477604363
ENSSSCG00000010352	1.26015547190862	0.270191532811055	-0.635984075796875	0.533818419151126	0.548700504929347	1.59014700909252	-2.20317566998537	-8.30976481998794	-1.31399285329802	-3.91817299271138	-2.2702636848833	-0.82010219696453	-1.50162299067575	-1.1087399637442	-2.83430116845621	-2.91035398321019	-1.51117595705524	-0.960946503891813
ENSSSCG00000010370	-0.843816708799303	-2.09398933242252	-1.97151571968501	1.14201981913157	0.999845335034327	0.296823685439335	-1.17100111476431	-1.81157556325921	-1.14696284287343	-0.233385884468925	5.84409016618119	1.64704661975064	0.589320169384489	-0.855580803295555	-0.772468265930118	1.39185985662912	2.0107111610172	-1.19834708936091
ENSSSCG00000010400	-0.0318413088965382	0.0735413295306413	0.0384477665815606	0.383382719659146	-0.00626226059133024	0.136149387091764	0.886929924850714	5.44894733485575	5.61619848778725	5.88328430075352	4.53127748483672	0.688469462841704	-0.545334486361018	2.94104017286685	3.38966635205299	2.1671559164351	3.07449960013258	-1.07629415498969
ENSSSCG00000010426	-0.956631218817967	-0.0896048279277453	2.5182651417798	1.49523110046561	2.45966275035225	1.54591678934581	3.77073143852248	1.93825936902907	2.30051166635783	3.2250325520778	-1.14837271581507	-2.00770846666688	8.30756306469373	0	0	7.28275833649834	7.33850974029164	0
ENSSSCG00000010428	11.5772646039688	12.6252495457464	12.786956841764	13.3846052716827	7.37784905079687	0	-3.84119622015454	-2.204467757979	-9.81244030790369	-9.84734395198992	-9.98333484161448	-2.40207142139365	2.17523105000301	5.02505689030216	4.37722823122623	3.48317594661284	-0.269781222134876	-1.00788897198386
ENSSSCG00000010437	0.650241610351383	4.34525062666239	5.1401144031445	0.497366464842367	1.12845855027834	-0.00767074430987132	2.99097932345011	2.99632462915633	3.20095735511404	3.59291781675213	0.506718092794076	0.73027077199067	0.0142854647859391	-0.762553669070722	-0.092894014098836	-0.278775227337917	-1.20818237985872	-1.35742275665022
ENSSSCG00000010444	4.20333770301097	0	2.67107476997651	2.08595342406444	0	0	4.94731842743863	2.94608150319539	5.1081250810702	5.27309194670145	0	0	0	0	7.02140414601163	0	0	0
ENSSSCG00000010445	0.268403272821594	-4.37680100037674	-2.54436872720912	0.486296144682315	-0.824785612634937	0.407708696734115	-6.90275803679594	-1.59466718738612	-3.50717198980537	-5.91896161284143	-5.72409671535647	-7.04315386519104	-1.94328611136705	-1.06482404721137	-1.22313269710287	-0.734287039915379	-0.996312656180544	-0.0791915267084456
ENSSSCG00000010461	1.30710458156887	0	0	0	1.8622993227179	0	1.08855434163989	-0.548269966128192	0	0	8.5985621932031	1.49881029203991	0	0.743458645536148	0.724722716280103	1.60100866920917	2.65544993035581	0
ENSSSCG00000010475	1.59387598377139	12.7874696436285	12.3926763794072	9.61750136758284	4.3794361106006	0	-0.818210534815235	-0.233124363674559	-2.45395991330621	-6.82513384370811	-0.43155373764592	-2.04025600057673	0	0	2.93888596482789	0	0	0
ENSSSCG00000010479	-2.72854087075495	-0.863178266588447	-2.78600547858594	3.32294885399046	5.80401584730736	3.90961434891333	-4.07979375582855	-3.52367992417998	-4.08732951934165	-5.1566237565487	-0.99825233733261	-2.48707144810438	-0.425742270233354	1.96571891352998	0.438473050534951	0.237304945547637	0.394421026701641	-0.0524216529164758
ENSSSCG00000010480	-4.41989314239642	0.23457592710718	-3.12387708506189	-5.83391660825164	0.455155157647817	-0.00351342495565987	-1.49453063976652	-1.35143778802608	-2.8864674737471	-2.25034819668443	-3.81651808685691	-1.16115280750581	-3.19139042945144	-0.11291316320914	-3.55196109369359	-3.37980795809673	-3.87417893132262	-4.91647354053449
ENSSSCG00000010522	0	0.504276317664451	0	-0.513034682058453	-0.225825719652747	1.15045773754886	-1.86053535547041	-0.766638583760857	-2.7451254657075	0.188408287963058	0.454667282991541	-0.0258272468506059	-0.321762437936413	-5.52670559866378	-3.00575217092094	-2.72824441840809	-1.72344213617474	-0.779117304469077
ENSSSCG00000010538	0	0	0	0	0	0	-3.3378773345909	-3.33093890357708	-1.08914677642238	-3.11446867217333	-7.54121463152626	-2.62158197654471	0	0	0	0	0	0
ENSSSCG00000010552	0.00950176421860087	-1.59300016600744	-2.8641179807218	-1.53899912034196	-8.04720326985264	-4.10513127442003	0	0	0	0.715326209343018	0.795507492117451	0	0.708017971830707	0.382824894024461	0.815269306487029	0.713516482385812	-2.86121709932801	-3.04980374973349
ENSSSCG00000010578	0	0	4.10448956419171	4.99336804402734	0	0	0	0	7.44155665070397	0	0	0	-0.970507931818788	0	0	0	0	-1.45390064714517
ENSSSCG00000010591	1.87088792296209	2.5718373954534	2.05828887286316	0	0	0	-4.33918622260865	-5.20389212510102	-4.37595681963118	0.0113455895763217	-7.58477113154888	-3.76544805370182	-3.15128254035225	-2.41704575007732	-1.46903388351776	1.18538826954673	-2.57939437180069	-7.07220408935843
ENSSSCG00000010595	0	0	0	0	0	2.99278212144325	0	0	0	0	7.232969208134	0	0	0	0	0	0	0
ENSSSCG00000010607	-1.44266301686962	-5.19148980854592	-5.08544652997616	-2.01214002471685	0.186236533266776	-0.00728600663546669	-3.12489499801614	-2.7972226878111	-2.54058157394434	-2.43711756460664	3.02848042485857	-0.875507910075563	-3.9971503047195	-3.17022127656366	-2.10861820689157	-3.29258504024756	-2.32664308532719	-1.30367912977722
ENSSSCG00000010610	0	0	0	7.02981416141975	0	0	0	0	0	7.31054387200825	0	0	0	0	0	5.06852166262391	0	0
ENSSSCG00000010632	0	0	0	0	5.13452594795124	0	0	0	0	0	0	0	0	0	0	0	0	0
ENSSSCG00000010647	-0.862411717368366	0.766647712640561	0.0398328826859145	-0.705517074110543	-1.64795441856272	-1.00497410256801	6.06518091636872	7.19239802171213	6.72451752483778	6.02579797951321	3.44143126918652	0	-1.0988166360943	1.47425313413841	0.231956334470806	-1.08633337173632	-0.941229854643145	-0.84419541330934
ENSSSCG00000010656	0	0	0	0	0	0	-1.14157915908261	-1.3947089074583	-7.6912995807929	-0.912475298345509	-3.72379641983822	-0.586479536877196	-0.68736000036108	0	0	-1.08230339391714	-0.155555182454494	0.55715464167977
ENSSSCG00000010691	1.38950339340238	2.2930539521902	2.85032438933601	4.86653838610074	3.11163827599578	0.983144905914754	-2.51387568695546	-2.5067589409265	-2.20282939658303	-8.83787811502246	-8.97372610549346	-3.07697070272396	4.09476430389681	0	0	0	0	0
ENSSSCG00000010701	-9.97611571266282	-4.64230531431012	-5.75447034768478	-5.72710777571726	-3.90920127512413	-1.01552820082603	0	0	0	0	5.0171042081235	0	-3.13037201353937	-3.00546342199107	-2.50656690631594	-3.11783030420421	-1.71867266782664	0.158340237216863
ENSSSCG00000010727	0	0	0	0	0	0	0	0	7.18018115574233	0	0	0	0	0	0	0	0	0
ENSSSCG00000010733	0	2.94716276575922	3.95825367159027	0	0	0	-7.0967624482552	-7.09342182175703	-6.95897990881524	-6.99364443654344	-1.05377402275368	-7.21755948555386	0	0	0	0	0	0
ENSSSCG00000010747	0	0	0	0	0	0	-3.50692213609932	-0.251793989948459	-1.44810207496341	-1.7484602049661	-0.125758979312336	-0.917052652286882	-7.58777450272551	-1.17661659424818	-2.33024759282812	-3.53936992851137	-3.15394829738541	0.0967499968649297
ENSSSCG00000010753	-3.18034386668329	-6.25876467767846	-7.98011182165688	-4.3981814625771	-4.89478812337018	-0.347185170562948	-2.06481195859502	-2.05774995629894	-2.07072473353759	-1.57948076912741	-0.774046823054486	-1.64416612103519	-4.94549931827367	-4.87378156963859	-3.74341239703199	-4.70796847717	-2.47413446267738	-0.145397470137909
ENSSSCG00000010800	-1.15149823546902	-2.83518509208292	-0.526649474240865	2.18999970575641	2.06892819438595	0.167106420619162	1.20616938695237	1.1738986518872	2.11436395709804	1.92553235111368	1.60049403417295	5.00083404340185	-0.524169159166243	-1.82040063523957	-1.73270098514175	-0.180431587172818	0.981518949315512	1.10815425210476
ENSSSCG00000010948	-0.580463762458939	0.75878067155397	0.36548092306126	-0.402529177209113	-0.468012846841204	-0.263287725828225	-4.36798841772986	-5.61655124518916	-6.13536264106173	-5.14526741323729	-0.424248245170051	-2.60656639357033	-1.49960005824225	-1.27960821477004	-0.691956708836451	-1.10890007506325	-0.619171283922095	-2.69516667940403
ENSSSCG00000011039	0	11.1726491438428	10.0288736852654	0	0	0	0	0	0	0	0	0	0	0	0	0	0	0
ENSSSCG00000011060	0	4.13885354576161	5.83814194373293	3.64564741590939	1.29705494581005	1.68447367969569	0	0	0	0	3.11204065078013	0	0	0	0	0	0	0
ENSSSCG00000011065	1.68591366104279	-0.184464322323397	-0.53245604923666	0.0436138360235916	-1.67774180436073	-0.220910204830494	0.239012195078753	0.168241108277877	-1.04160176017643	-0.911434119234785	0.0231184827639062	-1.15494257225611	-7.5239850070897	-1.23687587193424	-0.706418855686644	-1.54281530410557	-1.71496377017743	2.0962744879613
ENSSSCG00000011078	-0.458957439585501	-0.885732166179762	-2.06569322136427	-1.47721335645731	-2.08921356029626	-0.445729371989724	-2.74018202970292	-1.42370330159113	-2.1114107093086	-8.74645437130072	-3.47258963860073	-2.98551709571574	-0.130289776936849	-0.0546838955320507	-0.478818111684068	-0.779730634347648	-2.28468509092841	-0.71431004316215
ENSSSCG00000011141	-4.07176341138786	2.03457526753506	0.445250345063535	-0.165039346636458	1.65836011662287	0.298466096738643	-5.09774512260929	-0.72000486866401	-1.60837795421701	-1.42978797573518	-2.7120294468177	-0.691242894879134	0	0	0	0	0	0
ENSSSCG00000011241	1.24969801879014	-0.205737247079227	-1.09657371409337	-1.11412706801754	-0.606870799740386	1.65517916445177	-2.24072462133164	-1.84807845469154	-1.72266734212783	-3.11917259945296	-10.0687708816452	-0.717239785436529	0.54185741229851	0.466004655971826	0.791351358962213	-0.419757751210524	-0.914510540955155	-0.320527614941564
ENSSSCG00000011277	0	6.74418234803443	7.88926485499868	5.55005601856108	0	0	0	0	0	0	0	0	-1.09473888218054	-1.79760214992387	-0.157144739632487	0.221251755027682	0.309751654249866	0.388482660272678
ENSSSCG00000011322	-0.24078157710468	-2.68833305143117	-2.52559718126822	-2.3825312476842	-1.6846625099597	0.547016157036777	-0.253687330530254	1.37295845505527	1.94093250921276	1.88762817449824	5.79946223264634	4.09503811885912	-2.29803341050137	-0.3772568101725	-0.551333520147135	-1.36824761101394	0.247689037934805	-1.01904187370889
ENSSSCG00000011327	0	0	7.56383146465052	0	0	7.04780184809645	0	0	0	0	0	0	0	0	0	0	0	3.94006715014989
ENSSSCG00000011441	0	0	0	2.94107834420104	0	0	-4.2711252970038	-4.8352394824384	-3.55230693001982	-3.6341444757041	-4.90894698581392	-5.08592139453828	-0.0876093281057946	-3.99461485890457	-7.30534085309786	-2.48438308759817	0.968849358707888	-1.60353706011591
ENSSSCG00000011450	0.188588110394921	0.203184351262364	-1.11941129466527	-1.34919614198594	-3.66154841047996	-0.83095972445047	-0.147229113346636	0.658237942218518	0.479953770856687	1.1576465813876	0.239582684742856	1.54591790052212	-1.06244418325388	-0.894859189584958	-0.950423116903183	-1.80781831090377	-8.1920553709157	-0.74185646553472
ENSSSCG00000011461	0	0	0	0	0	0	0	0	0	0	0	0	-3.15909136004826	-5.16606352934143	-3.52519678360218	-3.24517607930013	-2.06427772309539	-0.528758777696335
ENSSSCG00000011524	0.766126538535067	3.84691400226476	5.84615812666722	2.00734432862677	1.14857647889929	3.44392571215972	-2.45974781836945	-0.953607751944113	0.0263781712617784	1.1508582568296	-0.707946219398772	-1.2806322810355	-0.0258135943500742	2.39373602675049	2.51812711252846	1.41287282782886	0.239924511913453	-0.472854807710649
ENSSSCG00000011714	-0.477573314634368	-0.677460512699098	-0.683311340126833	-0.943605293066427	-0.283002463538986	-0.281068315504793	0.629382110565557	1.69017303544221	1.20384146274345	0.632935926317973	5.51349622833638	1.37931676881329	0.266154199023674	0.0422750900017491	-0.219402861570488	0.190727013988582	-0.685950581187885	-0.158958557543342
ENSSSCG00000011723	0.551532367588904	2.208198333479	1.83729107909641	0.268713162591767	0.664299114360572	-1.30414667788624	5.22832244857831	3.70808387100817	3.84858083903907	4.25978142712981	4.20923063473156	2.11884660821627	-1.39751927794514	0.0764139142122338	-0.759525576132424	-0.276064379011992	-1.38589747902916	-0.58261009249906
ENSSSCG00000011756	-0.0154240479331029	-0.20955052303209	1.03297071087845	-1.7726125362982	-0.369642675250185	-0.615311075810366	0.599921057815157	-1.24346797980946	-1.75255236089136	0.46636358640785	-4.41020093055918	-6.51026689059844	0.370264108584063	0.015770838918261	0	0	0.982406515400474	1.50148799239562
ENSSSCG00000011761	0	0	0	0	0	0	0	0	0	0	0	0	3.54569298281912	0	5.727408071534	0	0	0
ENSSSCG00000011793	0	0	0	0	0	0	-2.99579667642222	-1.53286312478261	-2.28606758890784	-1.56135528103572	-1.52685320945966	-6.11703791559092	1.40558817032711	3.88288945941406	3.51101553776417	0.896357057477463	2.68460549778299	1.49333045716721
ENSSSCG00000011800	0	0	0	0	7.22680941613152	0	0	0	0	0	0	0	0	0	0	0	0	0
ENSSSCG00000011802	1.21112093508813	-1.67113355741246	-2.08993408120686	-0.609033715434813	0.904463534361792	0.800421174448581	0.254198566170561	-0.000757396268551353	0.717937476493276	3.67232458257623	2.17307281240524	2.06258523909543	3.264817419044	4.34981551389273	5.21507802654758	2.51106980279194	0.0712200708453941	0.298245910493959
ENSSSCG00000011821	2.20012248509911	3.75072215188088	5.30722819099832	3.12749031565814	3.44674078288468	2.5943281079048	0	0	0	0	0	0	0.432791943779199	3.83514173742066	4.37153175310598	3.41767130888346	1.3768229491553	-0.39718340269759
ENSSSCG00000011837	-0.0873816547937316	-0.107489251585142	-0.257513471303139	1.44281502700662	0.227962781178285	0.700307500974139	-1.79747224111347	-0.233124363674559	-0.190319722095811	-3.46189481708944	6.74356456970195	3.69641698527884	-1.56111953824325	-0.902828606120273	-0.497888783785262	-1.42673766091177	0.264926435200434	-1.75256282547614
ENSSSCG00000011850	-1.28151769954184	-5.22302517743694	-5.16411381800912	-2.18122576138015	-0.147415802547375	1.28546955541026	-1.98039319915932	-1.74027488759194	-1.29855198327161	-3.80891884709759	-2.0477993413774	-2.06745088266776	-1.70828742593539	-1.17022769523355	-0.732351229232235	-3.1140036085932	-1.69907115634202	-1.69450455384294
ENSSSCG00000011851	0.216631138654443	-5.67526422183589	-7.61977442957815	-3.42120811927639	-2.58438117207019	0.847245471738011	0	0	0	0	0	1.10443753201206	-1.54009776326546	1.23838568466914	0.821299783410404	0.496380791860861	-0.904085786022581	1.14117930702699
ENSSSCG00000011904	-0.871107421862171	-7.19080747581287	-6.44538028076765	-5.97366598890969	-4.55337076854542	0.21822495237488	-2.10595725295704	-1.20095248703148	-1.11727928686959	-0.719425683274684	-0.913831495996086	-0.509273897686552	-2.76401297638639	-0.544889332419552	-0.247130342955484	-1.58939374504765	-1.1473853401888	-0.26203512367041
ENSSSCG00000011936	-1.23808299953423	-3.14588716086527	-3.70967823133166	-2.11512453661047	-2.08626564750299	-2.02003260579976	4.10613054990642	2.80803274196607	5.78697155134256	5.40425363641635	4.42569866029555	5.03572666572862	0.0809513608801122	-0.315552132189366	1.55208901381401	2.53564405249955	3.61337635388497	1.50986312716121
ENSSSCG00000011947	0	0	0	0	0	0	0	0	0	0	7.5207310731676	7.06136734354243	0	0	0	0	0	0
ENSSSCG00000012049	-0.619267760823943	-8.66393545263356	-4.40681192200013	-2.12206796493469	-1.05199550936647	-0.964873147115766	3.00830888805648	3.28462860277399	3.93176339508385	3.22811184030568	0.200610788614241	-0.0969488023610244	1.24964233060383	0.862222660820184	2.07834891072525	-1.6521318437771	-0.0497132809172096	0.197447010632983
ENSSSCG00000012071	0	12.1443283682347	0	12.6913746533307	15.7161325354173	0	0	2.15526249610322	0	3.87435079481252	2.13994696460265	0	0	7.81575125286458	0	8.74122331324119	7.56745558521535	0
ENSSSCG00000012072	0	0	0	0	0	0	-3.27682106985847	1.93551387070716	-2.00970303497673	0.270628791432704	-7.48015080321851	-1.58308216005082	0	0	0	0	0	0
ENSSSCG00000012075	-0.996340045148865	-2.84470834178026	-7.82260592353715	-3.61658585328583	-3.73540978239873	-0.684490993051132	-1.31306791027249	-1.30599920727883	-0.595231028299868	-2.62046777354508	-0.518334831568983	-0.572306712380972	-2.97956515909346	-2.36139417637953	-1.62254651918568	-4.00102834506975	-1.03831679356981	-0.976631879112744
ENSSSCG00000012100	0	0	0	7.57883800722591	0	0	0	0	0	0	0	0	0	0	0	0	0	0
ENSSSCG00000012147	0.111673411844886	0.378197346233195	0.0774607895159233	0.490421021614955	-0.00641363548532388	0.616472961462814	0	0	0	0	0	0	-2.772258561533	-0.302188905665945	-1.04487895558349	-7.75727277295771	1.9648260312562	-0.719027274859985
ENSSSCG00000012167	0	0.159801904454192	1.93883582836878	0.212974185531446	0	0.477022692754984	-3.33881397523354	-4.29920825127539	-5.45723845394478	-2.91612458888066	-6.00312000428805	-3.11426185774345	0	0	0	0	0	0
ENSSSCG00000012192	0	0	0	0	0	0	-7.1742101224096	-7.17086820942243	-7.03637196937293	-7.07105099297805	-7.20621646366621	-1.49844328250703	0	0	0	0	0	0
ENSSSCG00000012198	0	0	0	0	0	0	-2.0694152722809	-3.20923024848542	-2.90817120034975	-8.24338725949304	-2.7120294468177	-0.499420239752696	0	0	0	0	0	0
ENSSSCG00000012199	0	7.82588008830447	7.0148443492916	7.29100730576332	0	0	-2.53585753442252	-3.03616785133071	-4.48844695379347	-2.62482129039127	-3.32864793739915	-0.869111349751653	0	0	0	0	0	0
ENSSSCG00000012254	1.30105151307418	0	1.16975573770389	0	0	0	0	0	0	0	7.16475032350432	4.30352380128603	0	0	0	0	0	0
ENSSSCG00000012306	-0.521099743932976	-1.91036425130982	-3.39972338003857	-2.46661786570227	-3.11653853131536	-1.31496480927252	0	0	0	0	0	0	-1.87816313919296	-1.11044985679836	-0.990716914472187	-9.40982402608845	-3.03081267787683	0.111099585808815
ENSSSCG00000012310	0	0	0	0	0	0	-2.41013491397107	-2.7071997371411	-3.89865426538604	-5.14010427975187	-3.40815016597973	-1.11298620849549	0	0	0	0	0	0
ENSSSCG00000012347	3.63330012802602	1.50828778375062	2.92237233571052	4.39772667992104	1.20890577397368	3.20484992520029	5.4577932089281	0	2.82288282181401	2.61609057691533	1.28194680995185	1.68557115199288	1.12127320472487	0.610249847585444	-1.58682657733058	0.437815620789086	-0.031249719545148	-0.476098777235519
ENSSSCG00000012409	0.612582724645331	2.87325484588552	3.49614179599142	1.79274968475702	-1.95610612279343	-1.1945399240537	6.52334371870551	5.48069700253686	5.6140435582852	5.7907251221728	-0.095795643247191	-0.156561080971974	-0.952896407438691	-2.1176574262047	-1.78909997066158	-2.14383007240375	-3.50481436845706	-3.33332700844345
ENSSSCG00000012482	-2.70684470575629	-4.70048944569427	-3.61257339620209	-3.97430719680502	-2.85484745908886	-2.1509404870717	-0.444449982415602	-0.739272045006489	-0.320905566442438	-1.02753680008915	0.0336715125588811	-1.81186519297962	-6.69378891037416	-4.09904869003152	-3.50063110194052	-4.74876713631724	-3.76496294604353	-1.93809201666853
ENSSSCG00000012490	-1.16762251934749	-2.18815416755164	-2.28103444559138	1.16944129659064	-0.172201578193111	0.16654850259474	-4.08763288405913	-2.81020711505169	-3.3021777322737	-6.42091078239735	-1.85325291077138	-1.28993907615028	-1.87430372506947	-1.984014355385	-2.11766490175243	-2.11882914222837	-0.887996925506332	-1.59072823640195
ENSSSCG00000012493	-2.13420204521073	-8.24065394104781	-3.98359832608712	-2.42487493193491	-8.20709370950988	-2.73978811680488	-2.46004005427769	-2.45311711420831	-2.15740401143686	0	-1.5670049336567	0.918802730902121	-4.40715445870071	-5.49427486562051	-2.67985180640396	-2.03944180294787	-4.56594224311013	-1.89742610077287
ENSSSCG00000012546	0.847983462374909	-1.6947983928135	-0.928932435956326	-1.85567703472239	-0.0674027418158005	-0.705679110862467	-2.84901332582229	-2.31423354711388	-3.37833102973434	-10.0134228217651	-4.07444645178622	-0.367281528269403	-0.299574901659017	-0.989656417707119	-0.667980259059903	-3.88866971362848	-1.29395099553612	-0.100815143117592
ENSSSCG00000012584	1.43520357653726	-2.74560376743201	-1.15208909369153	-0.00672870903005532	-1.12160903663794	-1.57611867613305	0	1.85255858891752	5.50273956868583	5.33551058253446	0	0	-1.54745820325969	-0.629898404235767	-1.06428550265133	-3.1897971552748	-0.252467454190164	-0.182177105220091
ENSSSCG00000012587	-1.55641084711245	-8.24065394104781	-3.42543777702671	-8.14922745173518	-2.13822003610819	-2.01506296693142	0	0	0	0	0	0	-1.2911170519646	-1.87924477392966	-3.52953739052071	-3.87728822035495	-2.19847072276392	0.228187422111642
ENSSSCG00000012600	0	0	0	0	0	0	-2.11702907626328	-3.06949118008971	-2.77327914172385	-2.85313472425166	-7.27972847064155	-3.31586870353986	-6.23027617277144	-4.52777491648855	-9.65360998264262	-9.59520794537887	-6.93954318366406	-0.30493055583748
ENSSSCG00000012607	-2.53309844976786	0.902237417838847	2.45224414671616	2.08879638244005	3.16120236643935	1.47337634201979	-3.73861806631304	-2.74196371886367	-2.73461311333681	-9.74477381778874	-0.450200799303946	-0.390426216027433	0.270178782806911	-1.82567352888756	-0.808913873602541	-0.441623104703177	-2.06117431726829	-0.708163162369568
ENSSSCG00000012644	-2.856854755849	-6.80268904575222	-1.65765555320455	-5.0855499203623	0.465244770842372	-0.666789297352134	0.0571035713247071	0.251699583802573	-1.38157788512235	0.712260441966319	-1.33672471067284	-0.658939330048023	0.711830990922566	-0.320674249220513	-0.592317380076471	0.188054168766171	-0.686624537054689	-0.437443516861498
ENSSSCG00000012650	0.0613137269103157	0.727295295342745	1.06212667785069	0.89263769862229	0.525733066922303	0.0893004787649408	0.833546905990286	5.84268720766399	4.74309107197348	0.921283505662659	0.297865313177515	-0.151084446008502	0.143139194520378	0.400957777415381	0.346277638201331	-0.561285235740541	-0.100695477206769	-0.0756628072059558
ENSSSCG00000012668	0	10.152971734995	0	0	0	0	0	0	0	0	0	0	0	0	0	0	0	0
ENSSSCG00000012705	0	0	0	0	0	0	-3.21306621686915	-3.20612945707609	-7.24637659772206	-7.2810912535716	-7.41638770312641	-1.06608665698549	0	0	0	0	0	0
ENSSSCG00000012712	-1.398194553925	0.435505407700081	-0.75696385259041	-5.43068023099841	-2.9436385280585	-1.34530783867057	-0.723110339469889	1.54787909368494	-0.68284873935886	-0.517776297051364	0.447619018309422	-0.0747597571161496	0.856204565475164	1.00981133156735	0.124859399211264	1.52633558919411	0.586965937299681	-0.206452574978111
ENSSSCG00000012753	0.830088085534912	-3.28999638603924	-0.394656111580302	0.988668546352715	-7.3554302688698	-3.41313745149458	0	0	0	0	0	0	-1.02840322081061	-0.884904784865873	-0.105097728461355	-1.23710479495794	-1.47146648690368	1.22439013608806
ENSSSCG00000012833	-8.71064996568383	-8.74619999444939	-8.66776765646848	-4.46172177692621	-8.71260646945314	-8.81055026103839	-4.2550043295341	-3.5823024619241	-4.26029257122473	-3.36054426283517	0.472848643404933	-9.8208641911185	0	0	0	0	0	0
ENSSSCG00000012835	-3.52058117872159	4.23914012551694	3.4700077789351	6.2118818664746	-0.113303304250476	-1.52017752744494	2.30495407058779	2.23007596717168	0	0	0	0	-0.388198628224456	-1.98366174081818	-1.6399055512208	-1.58057103624594	-2.3211168323557	0.136475323053842
ENSSSCG00000012871	0	0	0	0	0	0	0	0	0	0	0	0	-3.2000395109165	-3.3314490052231	-7.26093529212359	-7.22971862088727	-7.32169132594321	-0.602837859376938
ENSSSCG00000012882	0.258062362144278	-1.1763115554116	-2.58834411825533	-0.476708525507862	-1.56521360715486	-1.02667604360083	-0.884438906237832	-2.71179471605095	-7.31009376191259	-1.51845005976059	-7.48015080321851	-1.77247920582926	-0.830706620766786	0.561576653753375	-0.919321508691353	-0.508917409775003	-2.49261564355732	3.01214717644584
ENSSSCG00000012883	0	0	0	0	0	0	7.61981837940195	0	0	0	9.01041836701972	0	0	0	0	0	0	0
ENSSSCG00000013015	0	7.48725289562003	5.91613979383689	0	5.55919615793294	3.57430643331199	0	0	0	0	0	0	3.71768784965457	0	0	0	0	0
ENSSSCG00000013024	0	0	0	-0.364679255523127	-0.485793989762193	-1.65647989279108	-8.16920695614919	-3.99097650449727	-3.69432246969053	-8.06567628569841	-2.53426226163948	-1.98707718179985	-1.00642411579995	-2.11680475028137	-2.03019217895572	-2.37124361527404	-0.368941784161238	-0.465944984945216
ENSSSCG00000013031	0	6.93091590340339	0	0	0	0	-2.28561381237679	-7.0115809587122	-6.87719971235094	-3.54860902652128	-7.04690072620707	-2.52725321828495	0.664539969006344	-1.85661427643542	-2.80683592089388	-0.470757861038974	-1.17387393164999	-1.86918907836784
ENSSSCG00000013056	0.725589827891452	-7.31894087326304	-0.80537741476539	-1.50344184723738	-7.28548136714048	-2.0748414109705	0	0	0	0	0	0	-3.02494409975831	-4.11189700708271	-2.09487592914087	-1.34370325787501	-2.20758224633078	-0.515324850370137
ENSSSCG00000013067	0	0	0	0	0	0	-0.309512408908445	0	0	-2.34292497633189	4.36175205362467	0.756543736464235	-2.77341371478791	-2.42838984520426	-1.24822201804396	-5.01097384822974	-9.14526979902085	-4.93769206479744
ENSSSCG00000013068	0	0	0	0	0	0	-7.1742101224096	-7.17086820942243	-7.03637196937293	-7.07105099297805	-7.20621646366621	-2.68663754265018	0	0	0	0	0	0
ENSSSCG00000013092	0	0	0	0	0	0	0	0	0	0	0	0	0	8.90711713984045	0	0	0	0
ENSSSCG00000013102	-0.829920219117514	-3.44229173483985	-3.00185745412244	-3.35779231857781	-0.59193917727277	-0.944479913843393	0.330807103764292	1.47746287521128	1.43504869504962	1.62971087249518	7.179023927834	3.49364180507959	-2.03867325647444	-0.827308676216902	-0.158049029319173	-0.458767162777278	0.0597468974346443	-0.383590361312962
ENSSSCG00000013148	-7.60360766272245	5.2250345155333	5.36581723175957	2.37288856239108	1.17287170008268	-0.74222109868823	-7.31764838442857	-0.88285768650718	-7.17971478919605	-1.96035613356725	-0.116706404215767	0.232033843394706	-8.19092204501868	1.57470207408094	-1.47204339766869	-0.764981054403908	-0.400372483514467	-1.55739354189529
ENSSSCG00000013230	0	0.0239319045262724	-0.100816090607804	-1.22018137449868	-1.340324872181	0	0	0	0	0	0	0	-1.45690387229051	-0.604873986904904	-2.69111691246854	-7.22971862088727	-0.850241592962795	-0.488514231517144
ENSSSCG00000013236	4.81405693194046	-3.1465122804088	4.73070499456125	0.664384450861432	1.16153809011774	-1.74434273523233	2.90301537590219	0.889347125542181	2.24574197499839	1.22654496855274	2.13572100911042	0.970443776362654	6.69188900130528	1.88268625761445	6.0462580125198	0.669781687503463	1.81036599644755	0.484264499057692
ENSSSCG00000013248	-1.00254070184097	-0.694953824918528	-2.45905198433306	-2.32053370732299	-2.74726300853832	-0.654939251339709	-5.08943523313724	-4.02246670266054	-3.66105648639501	-6.20407947154527	-2.56555443253475	-4.52606009292808	-1.70970538234017	-1.3077712695265	-0.795908414757981	-0.957186299670976	-0.922027163649916	-0.0476370383538917
ENSSSCG00000013252	-0.654544499474302	-0.647239732486337	-1.4416917512272	-1.57304616008605	0.823639857059964	0.14330915734957	-4.08819806261344	-3.84240667107588	-3.65237124922418	-7.18478849360987	-1.23626605013629	-0.416962069975986	-0.275349579959301	-0.374258508709083	-0.68849271667889	-0.365707836594315	-0.607791827265393	-0.263771816971696
ENSSSCG00000013320	0	0	0	0	0	0	-4.54223276887629	-3.23810716974571	-4.23385573702653	-9.56914194238588	-4.03804184021258	-0.945583860924144	0	0	0	0	0	0
ENSSSCG00000013333	0	5.15231506810217	4.95555685690578	-0.104835379305294	0	0	-2.69882382238396	-1.71246419829405	-2.39090885385704	-7.72607458210337	2.96081030044016	2.30821835404607	0	0	0	0	0	0
ENSSSCG00000013337	-0.0919794107907401	-1.8758176211336	-2.99571960243457	-1.78229350429402	-2.15216745833961	-1.3955389073077	-5.18370700915886	-6.48593532353044	-6.37219802652727	-12.4991037277697	-0.707976752544393	-3.67137888734773	0.295608878986622	0.110780881677163	0.343051994075641	0.21143397126244	-1.41275518890611	-0.523667994448085
ENSSSCG00000013338	0	0	0	0	0	0	0	0	0	0	6.97185159570829	0	-2.2009984741749	-3.62905568071301	-2.75472189968521	-1.19770083199785	-0.888256639023904	0.571702697631049
ENSSSCG00000013340	0	1.33830105215656	-0.158898924804024	-2.52438104617268	0	-2.83228590710538	-3.54399909598684	-1.04772264678439	-3.63868568498745	-8.57103991559035	-8.70683021422053	-3.78745561502588	-7.23621921365099	-2.37801929504153	-2.29134656589791	-7.22971862088727	-1.25986982585898	-2.1581262982736
ENSSSCG00000013341	3.82025438214484	0	0	0	3.81632650345712	0	0	0	0	0	0	0	0	0	0	0	5.25804032026999	0
ENSSSCG00000013369	0	0	0	0	0	0	2.89953427082973	0	0	0	0	3.49113126330235	-1.1070157860462	-6.27172623131306	-5.57094130020553	-4.997419709148	-8.68584784848689	-3.27160672733207
ENSSSCG00000013377	0.413138430595873	0	0	5.39184874055921	5.31836394268583	3.18151570157224	0	3.2331830694797	3.53718319000172	0	2.89620211526045	0.916914965370503	-2.24469108595483	-1.80892038843348	-1.14723142996099	-3.18782404712589	-3.35612049612779	-2.1581262982736
ENSSSCG00000013378	0.240637122488222	-3.18447390156147	-4.9060564447445	-1.43858389161734	-4.07514543444298	-0.44244565300311	3.62125589117687	6.53833966849314	6.85673018258476	7.3894152808378	4.29008739981678	0	-2.77341371478791	-3.22539644004596	-1.98098445212113	-9.05286842199112	-2.7978736811158	-1.62488477579673
ENSSSCG00000013386	0	0	0	0	0	0	-7.50916256525536	-7.50581581909675	-3.03457167861525	-7.40584895176819	-7.54121463152626	-0.846599402337036	0	0	0	0	0	0
ENSSSCG00000013461	-1.21504094684184	-1.2872074533984	-2.42253528695948	-7.5477962169262	-2.91634127875084	-1.15340384069039	0	0	0	0	2.31599850949024	2.69584131060234	-0.690283028489269	-1.4018805817466	-0.418623475134629	-2.23229634710719	-7.32169132594321	-0.602837859376938
ENSSSCG00000013462	-0.0338213289726698	-4.38929352511335	-5.20675591804143	-10.3319571845084	-6.25803149723659	-3.07078869579316	-3.14636315376411	-0.88285768650718	-2.84317100733785	-7.21441869110356	0.295931516459603	-0.654994267150083	-1.5956137358291	-3.10825747831585	-3.4279811785141	-4.89384708043122	-1.97714614242998	-0.512072869117605
ENSSSCG00000013536	-1.77823042241311	-1.1790225737625	-8.12396251011182	-3.35950492124908	-2.09987782680264	-0.84930131813557	0	0	0	7.31232245668977	0	0	1.0813606383069	1.08131838393526	0.585630372946308	1.64381374572699	0.999408142189883	0.109803855045013
ENSSSCG00000013556	0.493099211632737	-0.843681990187337	-0.18335893212328	1.1090345764128	-1.76116176624547	0.0223572096199522	0.362261150413091	0.689197617625379	2.05947957956581	-0.399269896741121	5.27898710998064	2.48257270636189	0	0	0	0	-0.269227778685064	0
ENSSSCG00000013571	0	0	0	0	0	0	0	7.6236015446534	8.02375005396059	8.38998596427605	0	0	0	0	0	0	0	4.40083243836326
ENSSSCG00000013594	0.711165136466349	1.08552863456451	0.526758463620081	-3.47808839316804	-9.26041104756308	-2.22876820169144	0	0	0	0	0	0.597282979300127	-0.781503302914645	-0.337474447774117	-1.33511156877624	-0.509038385422387	-0.101910565436519	1.52427350192607
ENSSSCG00000013665	-0.500178732650414	-4.62039284938109	-8.64086754036467	-4.43482227070653	0.408552535273191	0.974771625168817	3.48048768536282	6.68786124105364	4.71002462661049	0	0	0	0	3.20476811688165	4.64429405116332	0	0	0
ENSSSCG00000013714	-1.96895843722178	-8.08169297628983	-8.4269273880035	-4.59892900102065	-4.23245804180333	-0.118126474417917	-4.81391246101345	-2.29014670611636	-8.84663832573974	-4.59012509381718	-0.0783544779989275	-0.554743054402421	-1.1913440948718	1.05209915099905	0.892454917695835	-0.0139557985616419	0.28265394858802	0.937329510583853
ENSSSCG00000013787	0	0	0	0	0	0	0	0	0	0	6.3463872891571	3.54743158001534	0	0	0	0	0	0
ENSSSCG00000013835	0	0	0	0	0	0	0	0	0	0	10.7477480885649	0	0	0	0	0	0	0
ENSSSCG00000013842	-0.357655734131058	1.25563568179872	0.967417928755484	1.6511320006227	0.216123294631937	0.95345309099271	0	0	0	0	5.92757053800165	6.32241720353979	0	0	0	0	0	0
ENSSSCG00000013869	1.16979012965334	0.412847900309801	0.538235579788997	0.973075789813583	-0.0652034840257771	-1.12556667449064	-1.86408397510098	0.34425512426391	0.273841237492156	-2.04625736581905	-4.30053021239906	-0.759841956398572	-1.74991372283945	-3.24509589557092	-5.28704427087269	-4.26811683111201	-4.97006935356164	-3.10549767232213
ENSSSCG00000013880	0	0	0	0	0	0	3.99265004797647	0	4.03419890212714	4.21625452900698	6.35531375601163	5.07117687465293	0	0	0	0	-0.58629755364793	0
ENSSSCG00000013887	0	0	0	0	0	0	-3.83238826243366	-6.83733984739468	-4.74866373316522	-7.84226498933673	-3.97806178907491	-0.298375083244724	-2.74788243402897	-3.45122170055688	-8.33397864741632	-8.30265331111852	-4.42936869667843	-4.18752716741851
ENSSSCG00000013890	0	0	0	0	0	3.74438339389494	0	0	0	0	0	0	-9.58213895626114	-9.6541788939749	-5.59207258385183	-6.44867699925633	-5.70248528390912	-3.52599996501565
ENSSSCG00000013892	1.25346178794432	1.40245769857012	0	0	0	0	-1.59053792553508	-3.14073412524385	-3.80354327730508	-8.17490671832739	-1.91796481433182	-0.386686581578365	0.880855388650038	0.426770325817077	-0.156821725799221	0	-0.58629755364793	0
ENSSSCG00000013909	0.208758473547688	-1.81205776195581	-1.02872995274625	-1.0744472547278	-1.61126576057326	0.0856556237603089	-5.10485442079749	-5.0979029296072	-3.26442973032322	-9.17240851160513	2.74826031527198	-0.649819192784929	-2.06903063823938	-1.79299574537683	-0.955073653545224	-2.63377821375234	-0.824490053712318	0.508703585492247
ENSSSCG00000013916	0	0	0	0	0	0	0	0	0	0	7.91738289402271	0	0	0.447863949983499	0	1.06002549537809	0	0
ENSSSCG00000013934	-1.47408588167774	5.90145203468862	6.89318690445878	0.0896142598652635	-3.41502541774721	-2.64928827074298	-0.502934559358283	-0.42581395439488	-1.91087462207521	-7.81875805626402	-0.890071984202098	0.780842141175096	1.70774504141428	-1.5940852096462	-2.47059600444994	-0.236634805042567	-1.11576195708091	-0.190381321918766
ENSSSCG00000013935	0	7.54346872791785	8.85476179585945	0	0	0	0	0	0	0	0	0	6.34473322562872	0	0	0	0	0
ENSSSCG00000013976	0	0	0	10.0320823748989	10.1038148436274	0	-0.148249388764465	7.33774248162977	5.52003528827825	4.9013028420059	4.11852390199597	-1.38258742525463	0	8.20855441436725	7.51566118554136	0	7.87628986586856	0
ENSSSCG00000014008	0	0	0	0	0	0	0	0	3.42365458781334	3.21802297560699	0	2.6139441605686	-2.66769932643984	-5.52941529747609	-5.44375065301748	-9.42728589869275	-5.55415503964672	-1.03825423420322
ENSSSCG00000014027	-1.57478236592404	-2.60340611098072	-2.44576259722536	0	0	0	-2.77305602049275	-3.02348662489344	-2.05450221817041	-5.00806710988778	-2.62165421491168	-0.0146870296765667	0	0	0	0.885494874421902	0	0
ENSSSCG00000014047	-0.0909370006711029	0.520423682324744	0.171068159393579	1.96535131069271	-0.0949868032880711	1.24318302824208	-2.62438552298457	-3.60157027973229	-3.8872566401681	-5.18153671501229	-1.72636470931304	-2.58922431437083	2.65024588728512	2.05893145643033	1.57704157975002	-1.29913362500896	0.195882962979688	0.677843142087587
ENSSSCG00000014067	0	0	0	0	0	0	0	0	0	0	0	0	-2.79573655093018	-7.4589765171178	-2.8421790769532	-1.23872526474866	-1.12539618710352	-1.33134011212618
ENSSSCG00000014091	-0.633040683709862	0.892083843254556	-0.329803906823362	0.409347151913462	0.623995590846091	-0.36196950175806	-7.31698514837327	-6.2367609156139	-5.93117706614159	-4.75604808234169	-1.50585167977447	-3.7715047259112	0.693997185331154	1.39846369743095	1.82561403182472	1.77334143595255	-0.415551741738482	0.119733334141937
ENSSSCG00000014092	0	0	0	0	0	0	-8.0093317930996	-2.30039787715749	-1.5890817184275	-3.05427311315021	-0.587444188214174	-0.90983398650195	-0.774100453809996	-0.047570663044045	-1.00044715652601	-0.848328932423199	-1.43219484947254	1.69323646329551
ENSSSCG00000014108	3.1099018613964	1.63268481406896	1.40188320636627	3.48684616407458	1.26628461929628	0.379694515084321	0	0	0	0	0	0	-2.87869953961874	-7.94205866370036	-2.6127235579434	-2.8662893308896	-7.95589681595621	-1.01648890328257
ENSSSCG00000014117	-0.0400261417777995	-1.40763819020615	0	-1.22018137449868	0.535168712747928	0	-2.35566092588988	-1.35202526134129	0.108312858669599	-3.69773652402518	-0.0252966347319621	1.43477322479687	-2.27526673898199	-5.01027818889414	-2.55572680070384	-5.98966672718088	-0.558231950973533	-2.43277191881299
ENSSSCG00000014169	0	0	0	0	0	0	7.41928429960639	9.34285648812255	9.51321152343108	14.6230787983212	13.5946350945434	0	0	0	0	7.65913029494878	9.21242070101257	0
ENSSSCG00000014186	0	0	0	0	0	0	0	8.61993916865418	8.82109053098808	10.1595303124766	0	0	0	0	0	0	0	0
ENSSSCG00000014198	0	0	0	0	0	0	-7.75135445987335	-7.74433050730719	-8.93559888737861	-12.376774747499	-3.90117879168238	-6.61628447448745	-1.54027409742394	0.871663150782416	-0.156997750197077	0.437815620789086	0.173197013819667	-1.14081086031812
ENSSSCG00000014256	-0.199731457251138	1.18185293334145	1.48864751312376	-0.0731256140501632	-1.52097559263593	-0.298881563701537	-0.129485695524067	-2.99938167302208	-3.97289067515486	-4.8533783929033	-5.53546203653649	-4.19023444686813	1.80796103758136	-1.1554420929133	-1.16412315563712	-1.79874552335827	-0.403004977409152	0.113837072791134
ENSSSCG00000014257	1.61189833732645	6.90120935462125	7.29176326317149	1.50523492576828	0.0677066687431967	-0.102830603895745	-2.29727093735569	-1.70984386628928	-1.25390875289964	-0.57372861034619	-0.711446498157901	1.92859511416173	-0.110259294037666	-0.874660380631697	1.58037413888652	0.613291003974342	0.501602001939142	-0.503124615171793
ENSSSCG00000014271	0	0	0	0	0	0	4.52408626549849	0	0	0	4.18624052068983	5.37787262996449	7.04388814402492	0	0	0	7.73490590336954	0
ENSSSCG00000014293	1.20021801525235	1.70496613080704	3.49409751328504	4.66316968238634	3.52289144876186	2.48254402052051	4.31327952953356	4.42202071454932	5.41063259544216	5.0839299173175	1.96458853167873	1.13353058021928	1.16880271232176	1.90641631258402	2.48556953199539	1.31389611058663	1.8949496130335	2.27758543341603
ENSSSCG00000014310	-0.397431469721338	-2.01575836476608	-2.27072029737492	-2.60266989046176	-1.35905798416934	0.303072971086441	-0.960446214000976	-0.779914202790935	-1.88800119174	-0.252742321931242	3.75607251042859	5.22411046456873	-6.03645083286391	-4.66462130392334	-4.75906237744475	-3.9663634003621	-2.83534968917693	-3.99406546862667
ENSSSCG00000014311	-0.206487534348127	0.38474827311424	-2.17245115811918	-7.29772529838897	-7.3554302688698	-0.245902340936346	-0.58723192934319	-7.0115809587122	-6.87719971235094	-1.65778549560365	0.407090204237908	2.98855933724814	-7.15431981171201	-3.24952233663005	-7.1790263330257	-2.1503994861059	-2.3211168323557	-0.93100545574144
ENSSSCG00000014377	-0.996340045148865	-2.84470834178026	-0.90650063361903	-1.35918364173686	-1.00036952141055	-1.53941572392686	-3.21306621686915	-2.24663020776378	-7.24637659772206	-3.91785222695293	-3.27859130480231	-0.362073317424703	-0.941336107272529	0.122955583944666	-0.0898002692967023	-8.41194344209638	-0.419337127987491	-2.36240354562254
ENSSSCG00000014408	0	0	0	0	7.37784905079687	0	3.41049976779774	0	0	0	0	0	1.86382346781306	0.739743440969195	2.19334224159706	2.55085282558573	0	0
ENSSSCG00000014422	0	1.37092717148612	0	0	0	0	-1.23988864764861	-1.16079775062896	-0.689740536489537	-0.38953694340987	-0.20291491011383	-3.17667552458396	0.57365583437332	1.66419536634793	-0.00673261529260616	-7.22971862088727	-3.35612049612779	-3.11472914672787
ENSSSCG00000014426	-7.13255819768583	-2.11176133934276	-0.972200572008207	0.214147006317708	2.16293747089549	1.04398395499092	0	0	0	0	6.86689257306078	3.02006054078032	-5.09991141877691	-4.09025393280233	-4.57717584454846	-4.51765073990513	-5.25874638684846	-1.84346988814934
ENSSSCG00000014438	2.05061936517147	0	0	0	0	0	7.34572725230563	7.49305355393176	7.91316215448849	7.92215384103148	0	0	0	0	0	1.33477321506522	0	1.75319609208273
ENSSSCG00000014725	3.25681495114599	-0.0688130085759439	1.92291990767885	3.80122374951931	0.122534245344026	2.70491525568555	5.71632099939131	-0.243993650500111	1.88727921312044	1.64709901147391	1.01562230065442	0.499648036310079	2.71727847611238	1.78003300028151	2.19592421630196	3.24866863963415	0.475355934965612	0.42235685488891
ENSSSCG00000014727	3.76893646522587	0	3.12898044193711	4.85720513182039	0	3.16909477474841	7.31908459754784	0	3.09629663702718	4.01059693195818	0	0	0	0	0	3.74855699898017	0	0
ENSSSCG00000014833	0.0797055633150707	-1.0355923868026	-1.38966490825345	-0.933892356442964	-1.60623428230663	-0.687833956041721	2.83076574104122	4.63874665649216	5.79034309563844	1.61913587200705	2.65963761517664	3.45593007480816	0.0648585578895283	0.50220517080697	0.847605251476031	-1.03078727991376	-0.111051168839101	-0.557750613936512
ENSSSCG00000014843	-2.0800940866965	-2.52913776280662	-1.60442884644413	-2.07675369971239	-1.69868793635172	-0.385331070694602	-4.0512039737021	-5.71058497062371	-4.82640012317825	-4.64723468079481	-2.31528847019897	-4.71130680970434	2.38581011930715	-7.36645676035747	-5.3025137956565	-6.4947618744418	-3.29305288788803	-0.542600123888341
ENSSSCG00000014861	-1.9477966593245	0.436980214822001	-7.31076140149842	-0.366658417253761	-0.832998163382642	-1.88786620606527	4.71208981090387	5.02715060244305	4.319106324369	4.64574690278331	3.92876193740311	1.66508528835144	0.372213462773931	0.853574260583993	0.603843442091671	-3.33886562330206	1.60946179234591	-1.99605219520878
ENSSSCG00000014876	-1.30657464056858	-2.34494104846357	-3.498320149863	-4.0505832815101	-3.95227225771435	-0.672174518177648	0.133703749908834	0.374457076637674	0.915815494850745	-0.109325433502718	0.765202726783628	0.108611021490959	-2.74826022154322	-3.4773658715686	-3.6109324680824	-5.92448895634611	-3.86844936816208	-1.24907651561858
ENSSSCG00000014912	0	8.47564277375737	7.10725635526659	0	0	0	0	0	0	0	0	0	2.0369893188884	0.482093904888746	0	0.763969370483434	0	1.69347388302752
ENSSSCG00000014977	-0.207312906898312	-1.34494733627537	-2.16429177545486	-2.13609233915852	-2.11404635280799	-1.32059565589588	-3.48614541036396	-3.04386026702547	-4.21622780404642	-4.60561789137456	-6.11220659865587	-5.68004243604608	-3.27556011759285	-3.27849251375251	-3.39733912237943	-3.06551562493894	-1.35621467254071	0.267356836057324
ENSSSCG00000014982	-0.52617929809382	-6.1369297393387	-10.0222439854328	-8.43679191941395	-2.51420556995685	2.80177437657977	0	0	0	0	0	7.43087910344397	2.33092632903602	6.96022437390473	6.50505262887835	3.8812328083326	5.82643717912273	3.71133924922211
ENSSSCG00000014983	0	0	0	0	0	0	0	0	0	0	10.5542275374518	0	0	0	0	0	0	0
ENSSSCG00000014985	0	0	0	-0.772878558276286	0	4.85265160707843	-6.03326302441675	-4.31827784626169	-8.46620963480814	-5.61226380206994	2.77943249574242	-0.782451822523792	0	0	0	0	3.62370464326058	0
ENSSSCG00000014987	-2.63899921549722	0	-1.59202497139446	0	-1.68465957621424	2.26960562458353	0	0	0	0	5.09924063769726	0	-4.71075447928368	-2.97270743092231	-0.779047631373767	-5.09838467150858	-1.74267599751078	-0.207188077796547
ENSSSCG00000014988	-2.44459372821786	-3.91145343703947	-6.48640237863599	-10.6519936187234	-0.933238217797749	0.130675341579329	-1.64745979746075	-1.85881021073531	-7.42966052322631	-3.17302202899915	8.19616870993509	7.37005713618092	-0.590393969224795	0.335436303056457	-2.88613632424373	-0.895230964045299	0.722826065390225	-0.0228359263723401
ENSSSCG00000015020	-1.45660808339098	-1.25507869063209	-2.43481160584187	-4.51406134197776	-1.12551400553425	-0.385892471766442	-3.21306621686915	-1.45698696193128	-2.90983281586386	-7.2810912535716	-3.27859130480231	-1.20192857772482	0.387408598090367	1.05734625060873	0.792126524860765	0.736834537765342	-0.345590759110001	-0.297707967432342
ENSSSCG00000015049	-4.07044315820495	-5.23031500290785	-6.20770380121465	-5.90160452142635	-7.76511253987573	-7.2943576527777	0.258151320159171	-1.79044059224952	-3.38426322317424	-6.82513384370811	-1.55042548590862	-1.06284014506721	0.674113655252763	-0.233276123398906	0.290932048583936	0.718474959363678	-0.314610773560991	-1.7887948751044
ENSSSCG00000015082	-0.866717351354721	-1.22491309921305	-2.75439705718565	-1.34298430135102	-0.865702981414811	-1.27383460276695	-3.50692213609932	-7.67485857573284	-0.679333991418267	-7.57482838760688	-3.57248238007957	-1.1216232646297	0.575523852202184	0.567607551582776	1.11351261461697	0.862245730578786	0.41421877125622	-0.245361518110422
ENSSSCG00000015101	0	0	0	0	0	0	-3.97106262162831	-4.53517758213141	-9.53424646396239	-5.27776166279101	-3.31247859367191	-1.0466396492819	0	0	0	0	0	0
ENSSSCG00000015126	-1.38117072322411	-6.14930971537995	-5.07284495564504	1.99293213467608	-0.996688358171218	2.37873205402703	-0.507877262627279	-0.274909574296882	-0.46312552382437	-0.578533755084325	-0.843276233520965	-3.29596531270886	0.467119460692009	0.533483135948243	0.868703448088936	0.853078793427251	0.522350331962218	-0.323297257432312
ENSSSCG00000015217	0	0	0	0	0	0	-7.62403047069185	-3.44580539359883	-3.14937838605043	-7.5206716128604	-2.5598700701615	-1.18172785864595	0	0	0	0	0	0
ENSSSCG00000015236	-4.14497178590935	-3.65889129204158	-4.0573470904744	-8.22297392368838	-1.75841806741075	2.06356920541795	0	0	0	0	0	0	0	0	0	0	0	0
ENSSSCG00000015253	-3.49468715294894	-1.99198190739013	-3.40476511740177	-2.79635318850353	-6.01342664842785	-0.72224696123563	1.12029860702244	2.68539117300903	2.46808861457285	3.64504215226983	3.15252871408572	-1.64726850583531	-4.07988610133969	-4.56662691436258	-4.47864063753715	-1.75183022738051	-2.23160108634691	-2.04560538409203
ENSSSCG00000015268	1.26822151631736	0.866136288807737	0.19123251756643	-1.32962164930799	-0.20841672993826	-0.761459064203934	3.09224136457398	7.19549174470971	7.0859678126928	5.16650817028623	-0.112885794832035	1.15116932482947	0.920412197118064	1.92915024872301	2.20576973986224	1.07460615233466	0.377090047822032	-0.968863496114749
ENSSSCG00000015272	-0.897961212901754	4.69117668761221	5.75045492308685	6.06765904030665	1.74707794598195	-2.08531628984801	0	0	0	0	0	0	-1.23799849878928	-0.892724190502646	-2.57914194644993	-1.54281530410557	-0.558574706007942	-7.47910636556674
ENSSSCG00000015296	0	0	7.35353078962065	0	0	0	0	0	0	0	0	0	0	0	0	0	0	0
ENSSSCG00000015320	-0.724227716676036	-2.3038221312937	-5.27196431165627	-6.223562275745	-4.91214544516888	-3.02476209802996	-7.73042320229519	-2.9941081887548	-7.59226240084656	-7.62702553203128	-2.6662742882113	0.438084880157814	-3.07057366796422	1.99698551847333	0.162580623670413	-1.62775976608759	-1.67636566979661	-0.0229501670232387
ENSSSCG00000015333	0	2.32208617734841	0	0	0	0	0	2.59979760689914	0	0	3.45540263445968	2.53313166339173	-7.96935221901684	-0.901269021667225	-7.99413348277939	-3.92093972127515	-2.16045152790668	-0.28477234841688
ENSSSCG00000015334	-0.154029578779012	-0.632297070795944	-1.37347986356128	-0.351349763788422	0.420455618017282	-0.622053020804282	-6.24467680515452	-5.06290638944099	-5.86979132105738	-5.62085371559801	-3.07317219554896	-3.83365050750173	1.23117112120347	1.12871301508276	1.04997516050173	0.867563863332965	-0.402260121993062	-0.606058721232924
ENSSSCG00000015342	0	0.504276317664451	0.665772086745344	0.693679679276477	0.0917977110747226	0.378368543508057	-2.75686910146988	0.874818210781463	1.43183969759845	0.790313190125965	0.560611440883592	-1.47031024643	3.98918051581655	6.99458147901583	7.49704029860108	7.21649179697123	3.55790547515212	2.38927969605276
ENSSSCG00000015356	0	9.10224289781109	11.776646077088	11.6630323252779	0	0	0	0	0	0	0	0.993474160457528	1.82742144616472	-0.724801490452187	-2.88613632424373	0.0932524285026745	0	-2.75497651974649
ENSSSCG00000015363	0.667520142641625	0.134496573137919	-0.409395999143334	6.07198094935326	4.71145660045178	0.396785556902803	-2.65431529461176	-2.14673222358159	-2.28333229979453	-1.36869461247281	-2.55269954145412	-1.20595342431498	-3.16505362287141	-1.74379092468519	-1.7932285887937	-0.615576974684845	-2.79373897152958	1.21218053001953
ENSSSCG00000015377	0	0	0	8.07141025888225	7.51456381123589	0	0	0	0	0	0	0	0	0	0	3.40953762272668	0	0
ENSSSCG00000015401	2.23686584688617	4.97225520805332	5.74326500834515	2.80411342703217	-1.47613475809125	0.147681135159532	0.585029505600182	2.54244917864711	2.76384125544182	2.78841674533746	-1.65582314403115	0.0946142096368207	-0.814410943341239	1.07005320847732	-0.517261367974653	0.314529126359426	-1.42709778074754	-1.18032442836394
ENSSSCG00000015405	0.527230276020831	-2.06663839937162	-2.383142277998	-2.92140123004568	-2.58149740455068	-1.79758820741375	0.224771244542158	0.439254102734827	0.759693184137283	0.366761555214869	0.923866571801528	5.18867561002905	-0.895806798678255	1.07256900913192	0.236470820284588	0.237724694221178	-0.474441616727035	-0.14120016189394
ENSSSCG00000015476	-0.916017774400121	-5.64688000043365	-5.48617776910192	-4.88702473170757	1.54553477981692	4.57878145383507	-2.39992212253943	-2.94757110407494	-2.40829850980972	-3.41676450488835	2.72365141045176	0.819471958717065	-3.2093654492516	-3.43692198530855	-3.08808292388341	-2.3943999496954	0.276897296626977	0.383832769131015
ENSSSCG00000015477	0	0	0	0	0	0	0	0	0	0	0	8.45902085123355	0	0	0	0	0	0
ENSSSCG00000015489	-0.595164644569043	0.149409489087088	0.958961124818211	-5.41132958779124	-0.878220700106868	-0.597386790928008	0	0	0	0	0	0	0.990589167525476	0.442736034944748	0.335582831154128	0.772051119103835	0.0361237775711049	-0.550788709096146
ENSSSCG00000015512	-0.62745156959533	0.643362817913777	-0.801639885125354	-2.53197842423312	-2.80209125910607	0.0220335432181952	-3.60883769394597	-3.24179832196062	-3.7782250372568	-6.12194483380571	-3.67622514273815	-1.15009271298908	-3.73339045978901	-3.54405725393277	-3.46025731851095	-3.79561321524963	-4.23477253840589	-1.87325770908768
ENSSSCG00000015515	-2.78421069233863	-4.85181476018854	-4.99558113714787	-3.55737210971756	-3.9946543238723	-2.27587240901168	-2.5803444674862	-0.196107954759023	-1.53467431318243	-0.693408172454228	-3.99536282776652	-1.64496522923888	-3.16272490245458	-3.05519047986629	-4.86236971878758	-11.3544813197706	-4.31860489316809	-0.80283704527061
ENSSSCG00000015527	-0.748981209233804	-0.996006359273061	-0.83327243549536	-1.66747494968538	-1.02330003906337	-0.272403373985969	-8.38002746510228	-1.46458267794842	-2.36851990659004	-0.882165675887447	-4.27436242111704	-1.43995948638172	1.11004172324521	0.851576316634802	-0.246937864908859	0.152716375008943	-0.306887418878126	-0.00595748810969303
ENSSSCG00000015618	-3.27591977504045	-5.95938221983593	-5.59189249497115	-5.02258735136666	-2.49990734908468	0.410081954778183	-1.83321524519721	-1.6038971712447	-1.11616865205869	-2.49240070024953	-2.52797512638401	0.696720652737751	-1.47602239657414	-0.773754441736419	0.0282073853893749	-0.434240162780993	-1.67244943702195	-0.282729314692567
ENSSSCG00000015636	0	0	0	0	0	0	-3.10818241237656	-5.22348705970704	-5.03339712180038	-7.63768766653691	-3.00903191750198	-0.518627960557745	0	0.744627481463839	0	0	0	0
ENSSSCG00000015655	0	2.74093852578731	8.10326421728143	7.94952918767516	0	1.45455904587534	0	0	0	0	0	0	0	0	3.01633612857155	0	0	0
ENSSSCG00000015662	-0.421911523995348	-2.00350874185678	-2.03152796073096	-2.00362244321019	-2.91409340013981	-0.192497546922323	3.87953236082767	5.42318328468598	5.28448440320867	6.35379113648244	4.74581717869495	3.96020294431941	-0.507838408098683	1.08471073243985	0.0941468350176023	-1.92282370423606	-0.93738363462284	-1.85621288909561
ENSSSCG00000015716	1.08071459982191	0	0	1.77789367370891	0	1.29491597450813	1.72466342876405	5.05295962286636	4.39084512965576	5.02689287768143	5.59904630103184	3.86210750556245	0	2.12617992472483	0	0	0	0
ENSSSCG00000015717	0	0	0	0	0	0	0	0	0	0	5.42632853423302	2.13952620399124	0	0	0	0	0	0
ENSSSCG00000015726	0	0	0	0	0	0	-0.723369652575093	-2.59269766172398	-2.29187167391069	-7.62702553203128	-2.09543914973581	0.639117238377516	-4.8765943687822	-9.54015532040675	-5.47805391293976	-4.46416582399573	-4.63538840321721	-0.623936595533308
ENSSSCG00000015741	-0.304787299175164	-0.62766327587925	-2.83779028079702	-1.09217235292815	-0.991462745038532	-0.370255426362561	-3.43325019535848	-1.86888355524474	-3.12507969628481	-8.46031204733368	-3.49984923326152	-0.809166809265624	0.221561484593166	0.00327603855443258	0.259125886104497	-0.176366482608548	-0.582149103162954	-0.344407083641201
ENSSSCG00000015806	0	0	0	0	0	0	0	0	0	7.80717220246013	0	0	0	0	0	0	0	0
ENSSSCG00000015810	-4.51942488278009	-5.99973222821801	-6.04192927339373	-5.54791335098441	-5.83889179880935	-4.02050493293416	-1.49294683032958	-2.58105037091371	-2.08423616943552	-1.94501672995701	0.0535414738331236	0.914452958062104	-3.19894031771766	-3.21976641825701	-3.37030989034377	-3.4463463304471	-2.36750766901827	-2.53128762626483
ENSSSCG00000015839	1.09537592419804	-0.47909407692125	-0.157984082694057	-0.625916462212155	1.1030918761115	1.57165036313552	-1.96131784630487	-0.689887852028084	-0.612155591997104	-0.694441695456175	5.38889392763294	-0.3257915260779	-0.722052740462684	-0.454495891272242	0.997126789319739	0.521857932139658	0.293186206814558	0.253246626379974
ENSSSCG00000015891	0	-1.09440873410511	-0.268430762638991	-1.22018137449868	-0.194122506385083	0	-2.11702907626328	-7.24436809560938	-1.80943219664618	-2.85313472425166	-4.06222062427932	-1.79005752661742	0	0	0	0	0	0
ENSSSCG00000015895	0	0	0	0	0	0	-7.01033347290419	-7.14868009307932	-6.54021133936019	-10.4449677432574	-7.96818984046877	-9.93857536430936	-8.45313338622316	-8.52506434884865	-2.93882191011084	-8.44660800625635	-8.53892119345978	-8.40813649759227
ENSSSCG00000015930	0.0354117472782465	-0.237474176498141	-0.395013813465486	-0.280136810311247	-1.16047658868495	0.832374298184937	-0.50210901553527	0.23749460352566	0.483402364850069	0.721962486312082	5.54166073590811	2.97767153126641	-1.61060029537066	-1.28022959476218	-0.158245922895811	-0.781119434269813	-0.124087795264839	-1.05733161396393
ENSSSCG00000016030	-0.205859992329906	-0.224780736318184	-1.17862111835364	-2.02333548507434	-0.543404016995813	-0.109361322021115	-7.31764838442857	-1.86623840092705	-1.87932406226018	-1.96035613356725	1.4349418658995	0.286219344823774	0.336759847677271	0.192397759167332	-0.000838288450948943	-0.029189150005739	-0.972139166873424	-0.916587010245045
ENSSSCG00000016064	0	0	0	0	0	0	-3.50568898515202	-1.28717621657588	-2.03114319989141	-2.54437733184206	-5.12958968721319	-3.5315934878081	0.0530356607422229	-0.781092747223866	-1.8392403819691	-0.370752388643666	0.609932274772605	-0.356593722196339
ENSSSCG00000016122	0	6.98655252445278	0	0	0	0	0	0	0	0	0	3.1710426902367	0	0	0	0	0	0
ENSSSCG00000016153	0	0	1.5639451674449	1.10958245091041	0	0.475816364535463	-4.35744271071873	-3.20346469928587	-3.47638276213301	-4.13030736117693	-1.9357876432872	-1.78220302861568	0	6.80162244874094	6.93463520470161	0	7.57814583345562	0
ENSSSCG00000016159	0	0	0	0	7.05808783406468	0	11.351550094708	14.0814734251029	14.2435223187257	13.1554911996182	0	0	0	3.8075854761244	4.66848797315307	0	0	0
ENSSSCG00000016182	0	0	0	0	0	0	0	0	0	0	6.53111814048362	1.35804760130892	0	0	0	0	0	0
ENSSSCG00000016183	-1.25120361552812	-3.98720894810403	-1.95157242685514	-3.80710181143041	0.31331985856978	0.852003625100832	0	0	0	0	8.03905681150128	1.23038007585888	-1.87253218177983	-3.56052952595486	-4.42836208054221	-8.41194344209638	-0.237105758080476	-1.78491697663553
ENSSSCG00000016184	-0.651741657794182	-3.89471698071174	-3.73661473533597	-2.43548702061423	-1.89120759765812	0.960397928572621	0	0	2.44358776119081	0	7.13875945479937	4.96007925978009	0	0	0	0	0	0
ENSSSCG00000016187	-0.755951982371696	-1.52014134066408	-3.08107382664133	-0.583138349492387	-3.12718392001059	-0.889983604889642	-3.59174680467491	-2.5985467778354	-3.06301456194325	-2.37626652931038	-9.32577527748974	-2.44048326868449	-0.206504198004232	-0.208499960000075	-0.145555127949462	-0.34053756109776	-0.550704141791882	0.145236442749142
ENSSSCG00000016218	0.231740757021706	0.398334712730271	0.445369278556312	0	-0.633717198699537	0	-7.03859265201117	-5.28509271592225	-4.72740256430252	-5.24742155984562	-6.30004164928231	-8.03594030788542	-1.41811060368262	-0.884823297321432	-1.26709016552205	-1.57458823137927	-1.42765515906066	-1.44068763834816
ENSSSCG00000016239	0	0	7.62763024640496	0	0	0	0	0	0	0	8.06456782923066	6.22470517506135	0	0	0	0	0	0
ENSSSCG00000016254	0	0	0	0	0	7.76340395175455	0	0	0	0	7.5207310731676	0	0	0	0	0	0	0
ENSSSCG00000016256	-0.839916571768248	0.145839164533192	0.648893068414741	-2.631472456056	-0.634329040814027	-0.46132659780384	-2.56473738968861	-1.32181781344509	-0.681673047858356	-1.25871745890059	-4.56903381589643	-8.79604525527554	1.97973742974842	2.72778665860889	2.36878162990767	2.89114195704259	-0.0364302212184129	-0.473459725721741
ENSSSCG00000016286	0	0	0	0	0	0	-7.67820736676378	-7.67485857573284	-3.20352806557723	-1.33979302842124	-0.326265829384059	-2.79069761504366	0	0	0	0	0	0
ENSSSCG00000016295	0.512721553430365	-1.22925330316728	-2.4416387064454	-1.76404791657087	-0.573325132568108	0.15129159124148	-2.23701750890836	-0.543971445454433	-1.60837795421701	-8.24338725949304	1.90430817700764	-1.40688520683645	0.192776708132955	-1.05479118487574	-0.175480870185609	0.168999875952553	0.214780712416574	0.237628481390275
ENSSSCG00000016297	0	0	0	0	7.37784905079687	0	0	0	0	0	0	0	0.64803106912143	0.334469428579113	0.514191398473982	2.26616625039627	1.64235646601569	0
ENSSSCG00000016314	0	0	0	0	0	0	0	7.49305355393176	7.79338827514064	8.07907967976195	9.82319962026042	0	0	0	0	0	0	0
ENSSSCG00000016403	-0.474936847269083	-1.7763570105139	-1.67337623543367	-0.879341330830126	-1.23596870831848	-2.05825096616877	-1.78329391194236	-2.89554055051959	-1.02838077154328	-8.24338725949304	-1.85052454791727	-1.24755800149024	-1.59203911468745	-1.50895816790287	-1.58543636808596	-0.698976344847695	0.926073366897366	-2.46404799154484
ENSSSCG00000016423	0.022926545877728	-2.68780048422294	-1.31994403336625	0.6468413171637	-0.903001122101037	-1.82887744098649	-3.23480037212552	-4.20700794591906	-4.86957759115319	-9.24100496067829	-3.30193957741322	-2.10205132560949	1.91296290819622	0.607092422136914	0.442599498588187	-0.513218930951907	1.88354282599806	-0.426578873328396
ENSSSCG00000016521	-0.451524835333075	3.29203142078397	3.10186649882263	3.97000514530784	-0.562003354710211	-3.10603168760589	-1.98153905616434	-8.08812996520215	-2.65277943767073	-3.69659261483335	0.66102445224374	-0.336597903341178	-1.2911170519646	-0.755406923975877	-0.691867386125195	-0.150852978676778	0.389921508698845	0.228187422111642
ENSSSCG00000016538	0	0	0	0	4.3184716985455	0	0	0	0	0	7.31046687725849	0	0	0	0	0	0	0
ENSSSCG00000016550	0	0	7.85787463744948	0	0	0	0	0	0	0	0	0	0	0	0	0	0	0
ENSSSCG00000016555	0	0	3.57038051982342	1.88120008936638	0	0	0	0	0	0	7.42553897959229	1.35804760130892	0	3.5374356215588	0	2.91521703409389	3.18008554105225	0
ENSSSCG00000016567	0.865432445860132	1.8394083810597	2.38444305205048	1.34732073890558	1.7715695594009	0.0224482448425211	-5.38103945158013	-2.41176536164845	-4.26911750031735	-4.96698041942759	-4.93121003506193	-2.19382367275148	0.362298391350214	-0.223795889663502	-0.484819799975452	-0.318886463838663	-0.181942376032559	-0.800944354426876
ENSSSCG00000016591	0	0	0	0	0	0	0	0	0	0	6.97185159570829	0	0	0	0	0	0	0
ENSSSCG00000016617	1.57011787029634	0.159801904454192	0	-0.104835379305294	0.763388441010236	1.20904177205297	0	7.42306458578438	0	8.57708839896001	8.26756438014164	0	2.90300567316447	5.76162204562448	4.4060862065808	0	0	0
ENSSSCG00000016628	-0.132476895397827	-1.08649727864798	-1.10545941737478	-0.90191055979833	-1.2803214450245	-0.562463591813918	-3.3520044223292	-5.13164354987433	-4.28063053583316	-6.59571683106034	-1.11215493294795	-1.07605041374182	-2.898397421748	-3.27715305134428	-3.48354184203689	-4.65178401838808	-3.4446406793526	-1.2220690591367
ENSSSCG00000016719	0.176863749510745	0.959748401923024	0.97565890064538	-0.358282185714354	-0.153396833560919	-0.277611609142759	-8.44396950898559	-4.26573702765898	-8.30554102951264	-2.10533859003531	-2.80904401512454	-1.34458950996074	0.837304561066586	-0.627414662023468	1.03993887232966	1.90910477914136	1.34079677184122	-0.837765184573759
ENSSSCG00000016720	-3.68278547936787	-7.8521869137254	-1.48861929043061	-3.00947144394815	-2.72845506869891	0.125928581549301	-1.65241184159486	0.256084556235675	-0.358795935746642	-1.73958187900714	0.104212589933358	0.838396885317462	-1.87253218177983	-1.27697124945779	-1.50864075624194	-2.4372821982621	-1.23243042956117	-0.733839571546592
ENSSSCG00000016733	0.655641521524641	-1.03704659815579	0.492904623316491	0.906478174991616	-0.488441732814719	-0.682992093385378	-2.67642467892796	-2.14892351553204	-3.0370217900233	-5.38072416896653	-2.28734604993917	-0.557073984738463	0.0902591660830904	-0.459714022632136	1.08801977055261	0.758476924447858	0.928082398964122	-0.615856253457135
ENSSSCG00000016792	-0.382029364805103	1.06498520711605	0.0436854232332616	-0.15761718215708	0.808955120663534	0.427419880051709	-5.05074445498306	-3.90397504989103	-5.05492331682904	-4.31507577649047	-5.23042686592869	-4.24656086859675	-0.2304538744927	0.0129020265335247	-0.232435086646444	0.507654547226669	0.164189227045329	-0.727800548783918
ENSSSCG00000016838	-0.206487534348127	-3.28999638603924	-7.31076140149842	-2.14475536140644	-0.968933164740634	-1.88786620606527	0.583449817267173	-0.0264030959956011	1.03129064441393	1.13293579240382	-1.77155662834525	1.9868134077492	0	2.38813940699268	0	0	0	0
ENSSSCG00000016878	1.56553678502234	1.57076399479885	0.793790222432839	1.47771063781969	1.38257748849831	0.873972401058146	-6.50074565405576	-2.57068706310805	-3.67253541972653	-2.4891123388526	-2.32455042019259	-1.85033311480859	0.838142634796213	1.77550511813624	1.29573826666529	-0.199194512690725	0.24553863962976	-0.27778346277002
ENSSSCG00000016892	4.42053253050856	4.78068651119372	4.52556742067186	6.11057307890683	2.68135929957142	0.923274271354363	2.49576412041046	3.3699022098063	2.32233438987132	2.52198908600354	1.48754543065439	0.984219610706216	0.844182800135697	2.40878470130229	2.04890586620307	0.653981054320396	0.358068566997187	-0.110224124961162
ENSSSCG00000016902	1.44842822372024	-0.806836181296056	-1.12539659769327	1.02726384657982	-0.157733497202333	0.608252756881124	0	1.48642242802828	0	0.715326209343018	6.04500575819992	3.29787993555511	-0.522492172722284	0.675833977588242	0.872980635049958	-1.40609895322915	-3.50722147519315	0.738914197024454
ENSSSCG00000016903	-0.0184152251875356	-3.22182630194959	-2.49009266161717	-0.313676044582451	-1.85794612721285	-2.77714584785299	-2.65013291118237	-2.07188333046349	-7.64263065390193	0.06865176850061	3.03572320761055	2.01681576291006	-2.5298613859698	-0.967298096923285	-1.69618472011002	-1.87483083506679	-4.42936869667843	4.27916307917601
ENSSSCG00000016957	-0.133149298752499	-2.72819765890947	-3.7239567693368	-1.12825845168112	0.790920294437803	-1.03229875144935	1.05219826523476	0.984209651150632	1.80314072469919	1.9684850909461	3.83422486682172	4.35248439894998	4.5646836688083	1.77951441261259	6.25449791193136	1.7622711726701	1.24746425355067	1.11828186618097
ENSSSCG00000016979	1.3376795251626	1.48642857937373	3.32318948249448	5.68274044701998	2.38508068657166	0	-0.10660134590296	-0.000754460576192952	-0.016461856333776	-0.222614161187432	-0.804372916875872	-1.14966191236336	0	0	0	0	0	0
ENSSSCG00000017009	0	0	0	0	0	0	0	0	0	0	0	0	0	8.2787114851035	9.07521749474246	10.5890968464577	7.40225246903734	0
ENSSSCG00000017010	5.61430229712058	5.97449760010549	4.92309122768349	2.75987918129528	2.51448664161169	0	0	0	0	0	0	0	2.6252387126271	6.42182363274436	5.8683324394466	0	2.66025000296207	3.22116355796828
ENSSSCG00000017025	0	0.54834378559309	0	0	1.369827035396	1.7578719147326	-2.11702907626328	-7.24436809560938	-7.10982292358204	-1.31814682120575	-1.20474587519459	-1.38258742525463	3.73668027418289	0	4.01154364537726	0	0	0
ENSSSCG00000017061	0	0	0	0	0	0	-3.79514750307647	-2.82870479905354	-7.82816840892172	-2.03659034675379	-2.90230646856214	-1.78424178068672	-2.34450489530792	-0.130953924245741	-0.157958131816061	-0.870200697004054	-0.395962740429164	0.943014106213883
ENSSSCG00000017076	0	0	0	0	7.30430492476965	0	0	0	0	0	0	0	8.37606400681375	0	0	0	0	0
ENSSSCG00000017109	0	0.159801904454192	0	0.693679679276477	0	2.05373155464736	1.78031189239893	2.39190367898529	3.26692922304181	3.12828966928601	2.16567508925982	1.05658947366103	-2.71594053155844	-7.77926373579298	-1.46860825092677	-1.40896222245069	-1.00297266511482	-0.853753289760946
ENSSSCG00000017135	0.977998211101692	4.56737884180796	5.28070851041366	3.93450721430576	-1.59298368990202	-4.63452844026761	-6.83583448233922	-6.83249873547925	-3.29202239361653	-6.73287241935415	-0.214988561275549	-2.90373822523671	-2.74861756385102	-2.07087094065512	-2.06999785587196	-1.36008055736	-3.73630219209359	-0.390840631170252
ENSSSCG00000017144	0.898963256482902	2.92126281594479	3.16548581868703	3.42385823380565	8.55255531513275	7.29345646072294	-6.10068367955189	-2.92972976786816	-3.23931629886824	-3.18063152498839	-2.97676943968294	-4.87579989007807	0.77395395659758	1.98420960607151	1.14556171656582	0.694591591374671	2.12360441926186	0.0740580712808722
ENSSSCG00000017170	0	3.26942324537766	4.292319610835	0	0	0	-2.39525363233101	-3.05377559904763	-3.06636083791552	-8.40158901756099	-4.39954033605297	-0.570569531606576	0	0	0	0	0	0
ENSSSCG00000017172	-1.36936898963728	3.58185143192168	3.18639699749537	2.03692596179509	0.217594254393763	-0.085710011876243	0	0	0	0	0	0	5.15028539799592	4.25432162149842	4.21068804993606	4.69235901098677	1.29859620218199	0.964553187857145
ENSSSCG00000017187	-1.00454792623918	-1.27681724626641	-2.94599717394253	-1.19617096447128	-1.69878021757935	-0.733254519145595	-2.57257607282035	-2.00897110502081	-1.58237231407577	-5.28647718595015	-2.09785049326658	-1.88426767849242	0.0325129928619226	0.165760709658073	0.176614634799193	0.00541613166301283	-0.159418624513413	0.40190487546881
ENSSSCG00000017249	0	1.25895861623927	0	0	0	4.18033503300969	0	0	0	0	0	0	4.24059357273251	6.34211186843019	3.75649283019967	3.94868894729228	0	2.69451950682433
ENSSSCG00000017251	-2.03930453347844	-3.30635185670177	-5.71090618428033	-11.8154727968264	-7.7415754751162	-0.633699900239099	-3.16686596529746	-3.49490945545577	-1.95051485481612	-3.51850598495562	0.0445400637664359	-0.311922874521992	1.5216636137075	1.89182874244829	1.91781976424394	2.12058775429764	1.02198191478517	0.332180954061467
ENSSSCG00000017262	1.38723240201972	6.69871611308917	5.98738607348087	7.65209608693046	5.63507467906638	2.0014536575683	0.923212484403429	0.360031624150649	0.807073412696973	0.853297327378882	1.81898159568667	0.4608064491586	-2.3375912140982	-1.15911035427878	-0.879077439224193	-2.13403558824922	-1.85107696841837	0.455394489637423
ENSSSCG00000017295	0	0	0	0	0	0	-8.75249787164455	-8.749140443143	-8.61398883389248	-4.35746247888671	-3.68842513703356	-8.873876933719	0	0	0	0	0	0
ENSSSCG00000017304	0	0	0	0	0	0	0	0	0	0	7.232969208134	0	0	0	0	0	0	0
ENSSSCG00000017313	0	0	0	0	0	0	-0.956663228335456	-0.468916712815686	-0.64619262465346	0.264334251922468	3.88553319819616	1.56896290934291	5.18186197910171	2.38813940699268	0	0	3.18008554105225	0
ENSSSCG00000017320	0	9.54069740082157	6.57114975180592	0	0	0	0	7.684697246168	0	0	7.06424250097891	0	2.0369893188884	0.482093904888746	0	0	0	0
ENSSSCG00000017321	0	0	0	0	0	8.62547682579284	0	0	0	0	0	0	0	0	0	0	0	0
ENSSSCG00000017331	0	7.26946142799077	0	0	0	0	0	0	0	0	0	0	0	0	0	0	0	0
ENSSSCG00000017359	-0.760180472042557	-1.99442436577803	-4.34924970506248	-1.22386122608354	-2.91179748182059	-1.25341006490697	5.83421298429387	3.89792285680929	4.86029944050101	4.8937298287526	2.34629810774029	2.06402515435276	-0.403454007518071	0.297763408201808	0.0338247839617044	-1.42492388005214	-0.908550118850394	-0.992086829669571
ENSSSCG00000017427	-1.24548263998471	-1.31758424833932	-1.15591878225833	4.81582271634188	6.14262672722257	1.2758449971215	-1.4868206424569	0.485256328221524	1.05891524994821	1.544754837084	0.807242155062119	-0.195744883063715	-0.806678214377845	-0.552245117131367	-0.685303653784438	-0.0981424780089363	1.82982382470346	-2.11539890711652
ENSSSCG00000017439	-2.59963800693257	-1.04779070130337	-0.785966841187538	-8.78213309713545	-8.84007055561003	-2.06935077935964	0	0	0	0	0	0	0	0.198449099075378	-0.292793223127861	0	0	-1.14081086031812
ENSSSCG00000017444	0	8.10486549504538	7.0148443492916	0	0	0	0	0	0	0	0	0	0.0362477436078716	0.762929181735937	0.0475858134631374	-1.59201123218804	-3.27300486861485	-1.9500410999971
ENSSSCG00000017445	0.34369387656068	0.232810588966533	-0.00519703402816813	-0.971185569322122	-2.86987485623332	-1.63216424371788	-12.9608339528566	-6.2657767416333	-12.8220052968826	-5.72398258677438	-12.9930569748262	-7.50393351142026	-0.588171239500606	-1.0384030705724	-0.742271722077617	0.557782302799888	-4.19921543759424	1.57877627379456
ENSSSCG00000017448	0	7.71945391149121	8.80043386079073	0	0	0	0	0	0	0	0	0	1.06497634891379	4.07386501797692	4.03265077890454	0.246821411780485	0.961220341249677	1.09387291844994
ENSSSCG00000017451	0	0	0	0	0	0	0	0	0	0	5.25546159384526	0	0	0	0	0	0	0
ENSSSCG00000017459	-0.526196743616781	-2.02988920555146	-0.436607042898426	0.517056491936632	1.55287112216656	2.73155924931268	0	5.34123264593878	2.74931791823215	0	0	0	-2.08756824503159	-0.50722045849273	-0.929945393208482	-1.09039489422949	-3.21505433604268	-2.57069400505696
ENSSSCG00000017522	0.299158997656422	-3.09268080296978	-8.64086754036467	-0.60349813444382	-1.45889488903412	0.234624218868253	0	0	0	0	-0.21400061444827	-0.0739224443859827	-0.841328928823097	2.72778362277467	1.09971643851709	-2.38333792328336	-7.47279230500857	-0.173896606069163
ENSSSCG00000017542	-0.680938096612326	-0.930047963912532	-2.95264989125517	-2.37157625650197	-1.21795089852756	-0.0677717251198367	-7.50916256525536	-0.15630944110405	-0.921283265168028	-3.11446867217333	-1.4662320360793	-0.846599402337036	1.52683550872479	2.17071814910129	2.12171334920796	1.26628853168819	-0.0433277122003757	0.891513733918995
ENSSSCG00000017557	-0.0723914401239386	-2.11176133934276	-1.38032919899724	-0.36621673932777	-1.06563173876572	-7.23199984361577	-4.74853997015476	-3.32298474708352	-3.57675536266733	-7.9092974868228	-5.94415784491517	-0.652142072677814	1.69966695404925	1.34251326056517	1.92093118445499	1.16470952754307	1.48232860450566	0.0787239464563902
ENSSSCG00000017589	0	1.79951492661963	1.73914700530064	0	5.38807052602654	0	0	0	0	0	3.72149960573463	0	0	0	0	0	0	0
ENSSSCG00000017641	0	0	0	0	0	0	-0.336893263932914	-0.140160431179627	0	0	0	-0.391290974093798	-1.68195235518071	-7.88980850401291	-1.89637824858947	-1.0393231414318	-1.0212276515058	-2.16959303955637
ENSSSCG00000017717	1.71626602115768	1.46652806469117	1.87510707838256	1.08054027636364	-2.18291775922198	0.315033442245118	0.800786698322839	1.17637076915045	2.05012245619975	1.35206978248658	6.5472667965278	4.86636239457419	0.492493805486395	-0.420248651525311	-0.139555774639011	-0.668536712839571	0.219543751723741	0.50267815809368
ENSSSCG00000017720	0	0	0	0	0	0	0	0	0	0	7.31046687725849	0	0	0	0	0	0	0
ENSSSCG00000017797	-0.631404377114758	-1.06035331247985	-0.25563269482787	-1.01095430667281	0.290385170260089	-0.0818412375505285	-4.86163157754602	-2.27040303526897	-4.80869249022199	-5.9073266774534	-5.76010659600143	-4.33208090201926	-0.695530067845262	-0.34052252626707	-0.978768952649795	-1.00100875589469	-1.35504571601647	-2.37699927381914
ENSSSCG00000017802	0	0	0	0	0	0	7.85005689814631	0	7.96951546623532	0	0	0	0	0	0	0	0	0
ENSSSCG00000017863	0	1.79951492661963	0	0	0	0	-2.75686910146988	-6.92481675708151	-6.79050369516441	-3.46189481708944	-6.96011963228401	-0.485484945084827	0	0	0	0	0	0
ENSSSCG00000017883	0	0	1.95954981348967	0	0	0	-3.58319983235969	-4.8493147390124	-2.43915055916138	-8.92385197125202	-4.92191999059856	-1.09302009133189	2.4524473714477	1.62121369719071	1.89321112023372	2.41012678486748	-0.974295208038159	-2.55855255338595
ENSSSCG00000017897	0.193753133259048	0.429740097272657	0.219961855002439	-1.29715951026721	-0.8702993594409	0.27733095509758	-1.71956211608572	-1.3947089074583	-2.79379439259847	-2.47201202456706	-7.86159281816233	-1.38728183556074	0.126543180344602	0.615792101946808	-0.0178630176366732	0.139135069938456	-0.427257838864085	0.667140532040417
ENSSSCG00000017909	0	2.1241937092853	3.33825092472646	2.23829010085369	0.820963223915529	0.308272738316497	-2.20420228434224	-1.73117555384723	-2.77599611805492	-8.90283403867133	-3.62900038398751	-0.546409330296488	-1.25782011401225	-1.68490719715716	-1.16806941181492	-0.962828502221355	-1.15643014647968	-0.829349379204902
ENSSSCG00000017923	0.233114230208379	-0.831190739044279	0.18626388247591	-0.296727485902453	1.12354194518825	-1.81788850134503	-3.16286844198653	7.11007653087991	-0.725747986315453	6.34737256123455	-2.03822254442583	-2.92848270899951	-1.82597082068351	3.1583928369715	0.471116228552242	4.78054351932932	3.84911914455627	0.898818061496942
ENSSSCG00000017934	0.362755276883103	0.280091489615395	0.154236632206154	1.21865061953746	0.662806351857012	0.323469504923176	-0.4777264772993	-0.883618783796734	-0.968949254382277	-8.2764459224176	-1.26108774432155	-0.285476545279698	0.366250162488391	0.728077921356577	0.802256532424645	1.13848276002595	0.234140900199649	0.554013058447132
ENSSSCG00000017978	-2.93795355822953	1.43837229358906	0.943234124533879	2.20626134069992	1.02511350506892	0.573221045350796	-2.53783695361744	-2.21297733332365	-8.50929714822805	-2.7177762581131	-2.28730406794906	-1.15483943667952	-1.17458353974783	-2.51988617253442	-3.67505388531891	-4.60734864804813	-0.666514369656305	-2.08506661442091
ENSSSCG00000017998	1.55990709014265	0.487574386598216	0.830356200744083	0.951985215701576	0.959087555157257	1.37357187610029	-1.90253014075749	-1.46187519540747	-2.66828781137493	-8.98512874038265	-1.4753971540845	-0.994420830286359	0.197785905668679	1.21093316846743	1.19661795716636	0.742880221334412	0.202302165294299	-0.515260758026349
ENSSSCG00000018028	-0.286396807496786	-1.05469836321358	-2.75985900018925	-0.674490744500997	-1.54184592967692	-0.394410383777158	-1.74625406225409	-1.73917860241875	-0.334833872524062	-7.34481824240137	-1.08752656094018	-2.56049801556034	0.611932424697638	0.549367986910108	0.72065410357333	0.850498637140464	0.0527371910314908	0.58674506801477
ENSSSCG00000018042	-3.21340005305821	-2.05964048029836	0.99361630747421	2.2696924956705	4.76238260912897	3.38484792190184	-0.770312286623982	-2.50332121912094	-1.88170857754152	-5.15349899951747	-1.68066362411423	-0.81850792799428	-2.59624637502935	-0.956530224437695	-0.868852041233087	-0.809114074899089	0.487223153328726	0.0967499968649297
ENSSSCG00000018072	-2.246053636049	-0.0163804513131508	0.37383623215611	-8.07150723112873	-8.12936239135492	-1.17939160676924	-0.618110497941133	0.0959803164322022	1.37872061354803	-8.96499095590745	-2.12901129868915	-0.900519311499013	-1.64895151743199	-1.16766342405981	-0.759739158919132	-8.30265331111852	-5.33985770555732	-1.26435092440466
ENSSSCG00000018073	-1.10230755243876	0.555292974421065	0.750480909736226	-9.42187604491047	-9.47985981136328	-0.378120063929028	0.0397291437590831	0.202611900142105	1.36508735599798	-10.7789595631509	-1.92801229185767	-0.86014853613973	-1.75587698266741	-1.64273332005628	-1.21054143852738	-10.4262377896773	-7.46366101244224	-1.66781039967503
ENSSSCG00000018758	0	-0.743156055417706	-0.80065214150548	0	-1.8654501739752	-0.679273933557543	-3.47327831343542	-3.05577062405812	-4.71464137781303	-9.64704449186015	-6.5655065296263	-0.929062670255901	-7.06748981121507	-1.42230532756504	-2.12259686333032	-7.06099461557061	-2.23425044927161	-2.94603745779905
ENSSSCG00000019358	0	0	0	0	7.5783510735321	0	0.714401967363485	-2.45311711420831	-0.878969584682724	-1.27444419883612	0.857500282248732	0.309569749442424	-1.0182835690578	-3.24952233663005	-3.16411245262435	-1.3625319501775	-2.00876035666427	1.05397773278866
ENSSSCG00000019663	-2.04041965181005	-1.96256274275079	-0.960031046953622	-2.75620849384529	-0.183956190845484	0.246761798227924	-1.85648893642182	-2.03906155322104	-1.37833621361629	-7.86295852939457	-1.60590808354598	-0.531902737019798	-0.00230345616146629	-0.394928989258353	0.21273072390319	-0.185608001628332	-2.12682677284989	-1.44150554879555
ENSSSCG00000020680	0	0	0	7.7037399186506	0	0	0	0	0	0	0	0	0	0	0	0	0	0
ENSSSCG00000020771	0	0	1.48889760526641	0	0	0	-1.89807850138503	-4.14282938920971	-5.09576542425291	-6.14705292033442	-6.54966549150064	-5.11699147530715	-1.85690757210399	-2.06076512926999	-2.73057750592688	-5.9728853308087	-3.8161680330701	-8.2646083812489
ENSSSCG00000020838	0	0	0.638301143633888	0	0.669296263633928	0	0	0	0	0	7.58451979909134	0	0	0	1.27585549908399	2.8186859557622	0	0
ENSSSCG00000020859	1.97758915093203	0.69878927022675	1.31918761892206	1.69437815178877	-0.524457608372363	-1.24311914523608	0	0	0	0	0	0	-5.66610290424535	-5.79789466909088	-4.75754396015996	-5.65385181172138	-5.8226376409556	-1.49371832256354
ENSSSCG00000020864	-1.16328036225645	-1.90273964699446	-2.73249378348373	0.314714950162516	-1.83424387972052	-0.686751951758689	0.590373457640276	1.30430682920595	2.23441255296607	1.53967901616786	5.46848523459923	3.58112313661821	0.20984680493385	1.28194693539812	1.3699882100081	-0.580953268171336	1.56006792218326	0.377588101011002
ENSSSCG00000020927	0	0	0	0	0	0	0	2.72469116311743	2.25227492958784	0	7.7853768018522	0	0	0	0	0	7.46329761424407	0
ENSSSCG00000020986	2.07350747216397	0	0	2.88840193666844	0	0	0	0	0	0	0	0	-1.99177565946979	-0.754565632548789	-1.04385800394821	-9.26195466331796	0.412232835061496	-1.70346495492376
ENSSSCG00000020992	0	0	0	0	0	0	0	0	0	0	0	0	-8.96647108100912	-9.03846215707478	-8.99130145983339	-8.95994009784843	-5.08675941154287	-1.60192052133219
ENSSSCG00000021018	0	0	0	0	7.6980412968107	0	-2.43705735317271	-7.56439196216868	-7.42966052322631	-1.41927844399455	-1.93273747637041	-1.38539996202617	0	0	0	0	0	0
ENSSSCG00000021059	0.579961494072361	-2.01244519487055	-7.56084553033872	1.02726384657982	0.937388315465982	1.90621199903407	-0.823847250132994	-0.124631100966686	-0.205215243079865	-2.95549071476995	-0.891255349885282	0.117471794328207	0.920297950708907	0.473078067765932	-0.30874823066026	-2.78339848308925	-1.12539618710352	-0.342568587476255
ENSSSCG00000021132	2.92515118638536	3.33683715172021	5.95390326982902	0	0	2.91092585080718	-1.88423805752047	-7.0115809587122	-2.54065593049274	-6.91184805313995	-1.37983973046942	-0.982268223433436	-0.323191378199767	-2.18097328033647	-3.99145213402323	-2.57610784189809	0.318508906307694	-1.1225135999386
ENSSSCG00000021204	-0.181526234089959	-0.473565785324563	-0.36436148241665	-1.6422695496397	-0.540345708755573	-0.693494391022501	0	0	0	0	0	0	-3.07820240214	-0.0296576124345938	-0.513953650828252	-7.7178607318649	-2.68648420484068	-0.406059943671949
ENSSSCG00000021218	0.49715981482397	0.572275866407068	0.9004527125397	-0.885407800958957	1.11490582835913	0.176341395694116	-1.4918370635636	-1.48469023202234	-2.39476985541223	-3.05535790697371	-2.45446610886906	-1.29976395706711	-0.841328928823097	-0.108933808096304	0.324929454617409	-1.40609895322915	-7.47279230500857	2.88572291763088
ENSSSCG00000021227	0	0	0	0	0	0	0	0	0	10.2281843918236	0	0	0	0	0	0	0	0
ENSSSCG00000021265	0	0	0	0	0	0	0	0	0	0	0	0	0	0	5.83665418631838	0	0	0
ENSSSCG00000021534	-0.31686429030318	-1.24665282538068	-0.639912899506692	4.18621651480291	2.29187188716276	1.11959019831794	-2.05064781238868	-1.2807338371848	-2.25628597261455	-6.20985392138888	0.973292437052676	-1.68053979741905	-1.84479717168491	-1.57834684469024	-0.894765626220494	-0.120375236255267	-2.09225489882711	-1.02938242259095
ENSSSCG00000021585	0.178154953030855	-2.83686445244452	-3.09327302869983	-1.18313113662398	0.398430134861614	1.76343646527043	0.580408808010402	0.267354819103348	1.37590058450511	0.916723892011326	2.18346929931094	0.666418586945934	-0.68736000036108	6.16848374269188	4.51886300780615	-1.6521318437771	0.597278785176348	1.24140169232327
ENSSSCG00000021645	0	0	0	0	0	0	-8.64778075093654	-3.91145827274017	-3.20890642129219	-2.97573458117429	-2.60494571478043	-2.97253099498792	0	0	0	0	0.974496175012858	0
ENSSSCG00000021767	0	0	0	1.76678282276253	0	0	5.11653111558151	4.09421739333251	4.35297250823162	6.97749208039119	0.66940917201024	1.90696998209289	0	0	0	7.65913029494878	0	0
ENSSSCG00000021813	5.36636444811181	0	0	0	2.71655480819828	0	0	0	0	0	0	0	0	0	7.97294107563217	0	0	0
ENSSSCG00000021866	0	0	0	8.11704633337482	0	0	0	0	0	0	0	0	0	0	0	0	0	0
ENSSSCG00000021867	0.0144741432402485	0.688524197798622	0.900821314354726	-0.0361074894463814	-0.558150347337819	0.0907877242509166	-7.78081500220324	-0.766638583760857	-0.123508363916077	-1.12427220896556	-1.16010317281823	-0.231333683741373	-0.034502939775447	-0.0712267003306545	0.548989309031139	0.0557853343080612	-0.22395975333922	-0.226383155602143
ENSSSCG00000021902	2.11953662013636	4.17177344699458	2.79383198003221	-0.139680076405911	2.35061838359856	-2.14666497896583	-5.99135772951264	-2.22638774428675	-1.30857962290592	-9.13684710979398	2.91284030371859	-0.588313479915467	-0.00371987584831649	1.5878096530336	0.220087532440036	-1.46121922995653	-1.23977331412031	0.50432502579133
ENSSSCG00000021959	0	0	0	0	0	0	-4.72528393342154	-3.75883482832412	-2.88492997651743	-5.42965128699015	-1.69576010178284	-0.920352289706274	0	0	0	0	0	0
ENSSSCG00000021971	0	0	0	0	0	1.54101394918087	-4.1119226648855	-3.11079026304869	-4.02072684730811	-5.6623258839836	-3.40684601342874	-1.11130346638736	-3.03131010848058	0.00083726822871692	-3.07727170915466	-1.08633337173632	-2.23425044927161	-0.115219329198475
ENSSSCG00000022083	-2.92757210532695	-3.48986705586327	-5.5200195311247	-5.49203483370542	-2.77442762914586	-1.6402793901167	-1.32561619641853	-0.776358522948755	-3.56757516359108	-1.22060725359441	-1.12131163634019	-0.80283254044691	-0.937516076181949	-1.22261734520347	-2.08726404985322	-1.75069271863527	0.0899087264034016	-0.998901385437262
ENSSSCG00000022091	0.820552994076887	2.36920038655204	3.45630648992464	1.19752992806343	0	0	-5.46103814124678	-3.51527109037467	-3.62056203053077	-4.27449166282362	-2.28049728481102	-4.74523631223821	0	0	0	1.10829732180536	1.035468849496	0
ENSSSCG00000022140	0	0	0	0	0	0	0	4.22118369316942	0	0	5.64550234727137	0	0	0	0	0	0	0
ENSSSCG00000022163	-0.666922336675888	2.13924642777266	-1.25227169592015	1.25579605148061	5.19880881349952	3.72747555199204	0	0	0	0	0	0.450443602232506	0.73216043459522	0.015830156760697	1.13759850216337	1.34502360286303	1.06278810649996	-0.751825490670232
ENSSSCG00000022200	1.04927227448477	0.677415263866756	1.35385289815935	1.8630465284708	-0.491575718575339	-0.189844731723727	-3.21306621686915	-0.949559795378083	-0.64619262465346	-7.2810912535716	-3.27859130480231	1.10531130996672	0.0448002081089447	0.935391984686475	0.492592650859622	-3.6146678644316	1.15144031568971	-0.724390298901221
ENSSSCG00000022226	0.0963983319646913	-0.831190739044279	0.035191928919903	-0.777432979647484	-0.898984263011319	-0.175924636216105	-3.27682106985847	-3.26988343833244	-7.31009376191259	-0.941987588858984	-0.607014177130249	-1.99055226141361	0	0	1.14764818104008	0	0	2.45528479285766
ENSSSCG00000022233	-0.840508571796901	-1.79423035652596	-7.56084553033872	-7.5477962169262	-2.51535235311303	-0.573583308536286	0	0	0	0	0	0	3.70725473233563	0	0	2.25965714504167	1.28845960901343	2.26390361639299
ENSSSCG00000022251	-3.70576392193646	-5.31301708374555	-11.846358127207	3.34942858611868	8.71049428225195	7.24253912461976	0	0	0	0	0	0	0	0	0	0	0	0
ENSSSCG00000022258	-3.47402597791057	-7.9874092312964	-12.007710802593	-7.24320917332193	-3.04841837576984	0.245949278272476	-7.24771116728415	-7.24436809560938	-7.10982292358204	-7.14451500384653	0.823344012268575	3.03016654004996	-4.42262113215214	-3.03424129925544	-5.45119421692426	-5.70464519131994	-2.96389961906342	0.214528770577595
ENSSSCG00000022269	0	0	0	0	0	0	0	0	0	0	11.4026829793399	0	0	0	0	0	0	0
ENSSSCG00000022274	0	0	0	0	0	0	0	0	0	0	8.67167390077723	0	0	0	0	0	0	0
ENSSSCG00000022309	-0.444440967283471	-2.61512143659956	-2.59621830085201	-6.205649485316	-2.15788793684737	-1.67631450906873	-0.694537942826384	0.60987210195523	0.240038790948205	0.914623546781864	3.77068108372122	3.56409533559834	-0.475636484125901	0.780206402505178	-0.121108909008306	-0.00668100515979483	0.361656012510117	-0.0230019827972749
ENSSSCG00000022337	0.413138430595873	0	0	0	0.889630218049574	1.13309708121035	-1.49758878370293	-0.380413178615531	-1.74867495571387	-0.670857419924848	-1.52679657604061	-0.513908666878858	-3.95679987706065	-3.68412630709593	-2.79926629341157	-5.46966444726491	-2.40210906035103	-2.47318636908045
ENSSSCG00000022405	-0.546973465723374	-0.33703629941069	-1.96689569385807	0.535890243295147	-0.320804509101332	-2.25463961627506	-3.28382954239219	-0.376936399663428	-1.27212106538269	-2.28678766054488	-0.786411171463236	-2.26419362249394	1.19008981569397	-2.07706893953641	-5.79880671497308	-6.59955652122732	-1.10781617535213	-0.615650245918322
ENSSSCG00000022467	0	0	0	0	0	0	-7.82950591340483	1.17625642970651	1.27533507375524	0.581702180962489	0.0557900758603825	0.601231468279565	0	0	0	0	0	0
ENSSSCG00000022490	-3.35606450837452	-3.42765734119383	-0.444903394496971	3.71415888239522	3.20843216797022	-0.685661445566937	-2.75686910146988	-0.811125470699577	-2.45395991330621	-2.53375356411324	-2.82232323395991	-7.04884564082639	0	4.55918928004473	3.41512583796647	3.39410425254192	5.68993616015042	1.93359645282147
ENSSSCG00000022543	-0.66213399469941	-7.0860692450378	-2.27118055099772	-2.80206743231758	-1.96244069482526	-1.01017829539801	-2.75686910146988	1.34250371656272	1.28551578248599	0.307826137245869	-6.96011963228401	-1.72731918390751	0.371561388825489	0.795568169933554	-0.600363351822208	1.03296455518055	1.33752242791496	0.238180689261
ENSSSCG00000022554	0.580663882460446	-3.06623817806183	-4.78784353239509	-3.83805929156197	-2.42788541067358	-0.529689604466514	0	0	0	0	0	0	-1.1461340432409	-3.70461707027295	-1.8958053331334	-7.17376859727367	0.0382285933392206	0.323680646083576
ENSSSCG00000022568	-2.21444831163532	-1.2936577099486	-1.37081603977802	3.03299913536655	2.95378136474261	2.21233352376957	0	4.58268322518521	0	0	0	4.54388673539455	0	0	0	7.76553558679671	0	0
ENSSSCG00000022569	5.03800853190428	6.3410029280181	6.20476241549799	6.94770548735339	1.95473026352375	-0.172914141607176	0	0	0	0	2.8856053667882	0	4.73027762174748	5.29824266531597	6.23440920025611	0	1.60713238205862	0
ENSSSCG00000022649	-1.78917837450908	1.4806263667402	5.16721827046606	0.815116553064756	2.24635631248564	0.813890777802938	-0.148964064221081	-0.257018605772674	-0.0768626026124169	0.0533427291467569	0.524635346887313	0.0112893140515803	-0.874934943979976	-0.36712721007767	-0.883860798315871	-0.867534018409388	-2.2581627326345	0.341537206635597
ENSSSCG00000022675	0.0963983319646913	0.094019637058582	0.323005117239674	0.140730517404332	0.674435941517407	-0.102412323872933	-7.56773944419358	0.341695624077276	0.882587884174242	1.00335979836079	0.0458086567013097	0.564426576528576	0	-0.697169715616691	-0.292793223127861	-0.740039205884703	0.434057117159212	0
ENSSSCG00000022679	2.86165722562396	-0.697185213129954	4.08956809916586	5.81132656943364	2.17212754794401	-0.102714394952351	3.37118279419996	1.53346167667936	0	4.08771348468331	3.17640591603011	2.82130267210831	1.32240622256195	3.470768842994	1.39996145911118	0	0	0
ENSSSCG00000022701	0	0	0	0	0	0	0	0	0	7.68222678507693	0	0	0	0	0	0	0	0
ENSSSCG00000022721	0.85575503731968	3.37439655008668	5.97568084903334	1.63611285254329	2.2544830671723	0.979869554313555	-2.54752527574291	-2.54048241090086	-1.6669738075691	-2.32076583007058	-0.477309570269668	-1.49591322982632	-2.73915547825746	-2.07304688393234	-1.66493926355756	-4.04536410066907	-1.86977581971618	-1.59702827398528
ENSSSCG00000022728	0	0	0	0	0	0	1.7354901827987	0	0	1.12197997571808	1.30887099064853	0	-3.78302271505856	0.0673299460732213	0.184911590060688	-9.33778300410721	-2.0917048985241	-0.634748564072301
ENSSSCG00000022868	0.555900133749376	0.930322995585891	0.456422124200541	0.385151014101003	-0.56386798947652	0.635934027845582	0	0	0	0	0	0	-2.00067904389607	-0.827779989159992	-2.45501270097449	-7.96283429503653	-0.476899239646723	-7.92440743579907
ENSSSCG00000022896	0	0	0	0	0	0	-1.21365768878478	-2.60418306855457	-0.445177199294558	-8.20955327230625	-0.641033680287891	0.0246186459798871	0	0	0	0	0	0.962517052694035
ENSSSCG00000022919	0.297168732407761	0.137643097154504	-2.031017111921	-1.73866507825753	-3.0286879774449	-0.626916441360443	-3.24417254348536	-3.64857928104256	-10.2048995459027	-4.98574977691459	-3.98321257247446	-1.49924399088596	1.15671802427131	0.00666258508757127	-1.01568305744344	0.185569760169568	1.72595655477318	-0.0230029512811987
ENSSSCG00000022948	2.22529305433543	-0.496109580582048	-3.26251331970573	6.46676122794176	2.42079700563275	2.28625084636643	0	0	0	0	0	0	-1.32334923119667	-1.71134948644783	-1.37074963572432	-3.24783032866793	-0.487399578594906	-1.93798422531687
ENSSSCG00000022951	0.831247619354081	-0.237744215352504	3.34623793542918	1.41323660704133	-1.48086095333647	-0.253939178046359	0	1.33535307547793	3.76551205495674	3.75486150625953	5.9213447091286	2.19350002594199	0	0	-0.156821725799221	1.0937923423219	0.401525832103559	0
ENSSSCG00000022980	0	0	0	0	0	0	-3.00292489174514	-7.17086820942243	-7.03637196937293	-7.07105099297805	-3.06842006534211	-1.97352527556889	0	0	0	0	0	0
ENSSSCG00000022988	0.195692094368326	-0.388823296596733	-1.28807645101575	-7.71046862768065	-0.463958693507715	0.841737764248515	0	0	0	0	0	0	0	0	0	0	0	0
ENSSSCG00000023032	0	0	0	0	0	0	-7.69363658514724	-7.68652409130468	-8.36435291172598	-9.4083027391385	-1.99735446719656	-13.9252218093342	0	-1.79760214992387	0	0	-0.0497132809172096	0.388482660272678
ENSSSCG00000023090	0.0209827323623601	-1.79025620721717	-1.38953742289592	-3.43518612966587	-2.0080344507196	-1.47361758592617	-1.04440880577097	-3.2226970230784	-1.60385622145165	-5.52257737663209	-1.68238086386441	-0.167786403550975	-1.43022961808401	-1.53027051187612	-1.99020577515998	-3.14379015533454	-1.78316197776605	-0.758766831963587
ENSSSCG00000023128	0	8.26477843755537	7.80366602481491	7.2090869370494	0	0	0	0	0	0	0	0	0	0	0	0	0	0
ENSSSCG00000023151	-1.01359844762207	-8.27800634143594	-3.06133588947507	-8.18657185018561	-8.24444323134201	-4.3024170932823	1.62055213113886	0.762463368575362	1.64216112095251	1.63377677041243	-2.15604363116404	-0.459928210388466	-0.872534603738851	-0.871088243315323	-1.15263572403943	-1.85073235338021	-3.31633626872887	3.18403021439445
ENSSSCG00000023261	0	3.52842365766138	0	5.27394774417218	0	0	-4.15723682812537	-7.07845782766673	-4.03655537398249	-3.84051528234576	-5.6218516053284	-2.00367239898794	2.71504563590329	3.64180858255992	0	0	2.26985248939722	0
ENSSSCG00000023289	0	0	0	0	0	0	-11.9389941591038	-11.9356297767728	-6.18520613296639	-11.8351166995782	-11.971213061698	-12.0606140325649	0	0	0	0	0	0
ENSSSCG00000023338	0	7.47968986076979	0	0	0	0	-3.06491804494508	-1.02533285429374	-2.97354028587341	-3.62744281587574	-3.60766767579306	-1.2305102920914	0	0	0	0	0	0
ENSSSCG00000023396	-0.505013321053603	-0.827693430726185	-0.598469094246571	-2.42487493193491	-0.75926843877269	0.108121586408027	0	0	0	0	7.232969208134	0	1.44068094292607	1.35877111068948	1.59571081612307	1.58300963162635	1.01235461480396	0.558734861387885
ENSSSCG00000023467	0.703273961576162	5.11573931368376	5.52023279062586	4.39681302586979	-0.246267416375354	0.7328424864683	-1.1453487511408	0.518097692091128	1.17757296921163	2.6014710688383	-2.35132354966987	-2.63237769597241	0.469689863714829	-0.144767685325469	-0.96066248621409	-0.673096963360285	-2.28906121365786	-0.00257505940102589
ENSSSCG00000023472	-0.287646793106623	0.132479032625748	-1.55879496886438	-4.70627482615425	-8.95718154018542	0.0866141117737394	0	0	0	0	0	0	1.17334417786559	1.8468630655005	2.34995974667968	0.0690018864032591	-0.679700589121811	0.0538324126634229
ENSSSCG00000023514	-0.41827934637789	-1.21368498988091	-2.61507075239568	-3.63143257002251	-1.42110461574044	-1.25939878174475	-1.34648443674529	-1.69666289845402	-0.749587154835093	-7.5206716128604	-2.5598700701615	-1.59168936969841	1.31256683661529	0.482592125164891	0.386202564737749	0.423305604176016	0.374283948310517	-1.03818962312637
ENSSSCG00000023531	0	0	2.3194627999023	0	0	0	3.73937212669811	0	0	0	3.82076786480051	0	-8.06210179566038	-1.91085850150408	-3.11730046195121	-3.45822052816514	-1.93615208261849	-3.9404792297561
ENSSSCG00000023607	0	0	0	1.85541125238758	1.48815424381965	1.99089505967147	0	0	0	0	2.23850084036576	1.35804760130892	-1.36124221403315	-4.58248539089458	-4.49688204006363	-8.48045916849619	-2.67818477152339	-0.540521840287533
ENSSSCG00000023612	0	3.37601193317411	2.3194627999023	2.81849603636475	0	0	-7.50916256525536	-4.25319659531868	-1.49801742060712	-7.40584895176819	-2.44498877426409	-7.63017161679437	0	2.93091375723789	0	2.53154008012758	0	0
ENSSSCG00000023691	0	0	0	0	0	0	-2.94890103059923	-3.49998166021317	-7.54007184743543	-7.57482838760688	-2.04321778266602	-0.435124260868206	0	0	0	0	0	0
ENSSSCG00000023706	-2.29009054637078	-4.63115267393373	-4.20618084184879	-4.53927719588238	-5.55677727300927	-2.7748508530298	-3.60952977153878	-1.66377379551493	-3.30608687204373	-3.38601964420004	-2.14583610141244	-0.84056666520107	1.4240412967669	2.80008626235549	1.2922728226133	1.0095761773916	-0.155555182454494	1.38283547999169
ENSSSCG00000023716	-2.48003708435653	-3.39266586909572	-3.38069606915999	-2.62307579162731	-1.3373804912933	-0.571754122236682	-5.52918901903085	-4.07315245813294	-3.75842421184228	-2.92688168790864	-1.73988128970528	-4.92978877077887	-5.5769461020115	-3.462055947807	-2.79566217958374	-1.89327638253733	-1.46655186261125	-0.576693099520707
ENSSSCG00000023737	0	0	0	0	0	0	0	0	0	0	5.33849015488058	0	0	0	0	0	0	0
ENSSSCG00000023749	1.83594474044874	1.48642857937373	0	0	0	0	0	1.95208357672951	0	0	0	0	-2.32218989127341	-2.85488895713584	-7.33844265485412	-7.30721515105027	-1.33739761113505	-0.361393925064225
ENSSSCG00000023771	-0.35615396184175	1.39666803606255	-0.320296485296911	0.0503923365948124	-1.11066366613966	-0.404094792231648	-1.45779564687447	-3.38951504664901	-7.42966052322631	-7.46440230859401	0.587863051694884	0.0882356680065825	-0.00161366263655364	0.311500516103946	-1.49166683042736	-0.390918094369808	-1.5125225955467	-0.362730341905179
ENSSSCG00000023852	0	0	0	0	0	0	0	0	0	0	7.70956725156988	4.21656207715829	0	0	0	0	0	0
ENSSSCG00000023887	0	7.26946142799077	0	0	0	0	0	0	0	0	0	0	4.02633937792931	1.26588110666648	0.737146006044268	-1.18331551953976	-1.16586591316365	-3.77060344805379
ENSSSCG00000023891	-1.52074554045101	-3.98184681278297	-3.82372599129108	-7.98936050773214	-2.64356404134877	-2.17246062852448	1.60040406872694	3.30731439059366	3.43891518683487	4.08379334710271	0	1.59649564576622	-0.707991303616174	-3.99850448198769	-3.97717164388803	-2.20714222165758	-1.87557766265703	-2.21764686225296
ENSSSCG00000024061	3.38055300660203	-1.22171642135487	-3.13284326513121	-0.647556345713854	0.721350254024933	0.495710122237138	0	0	0	0	0	0	-5.3477977695087	-4.40207451916927	-4.59285414725773	-7.70100173185969	-4.56023162318853	-4.01855833466184
ENSSSCG00000024204	2.61555543499109	0	0	0	1.80791546055184	0	-1.47920299775587	-1.97097311960038	-3.10370092578362	-5.20611648485501	-2.26798094259427	0.851149172666478	-0.911445052821036	-0.928672098769812	-1.08794396172117	-1.53478688329766	-1.29448311952695	-1.09413109601886
ENSSSCG00000024227	0	0	0	0	0	0	-4.65504595732846	-2.70928208337549	-2.08762132130595	-8.72266361409601	-2.78350540198392	-0.978891437036943	0	0	0	0	0	0
ENSSSCG00000024249	-4.34272451889096	-3.17206129227718	-0.90503934446894	1.17513061189278	-0.746138518819275	-1.502276195472	-2.67690651884571	-3.78914837962494	-2.81999921399549	-9.13684710979398	-1.88873529733927	-0.780487739273818	-1.68549069952046	-3.37345957356572	-1.99260241809973	-1.17497745483455	-0.632653424842069	1.29594579076513
ENSSSCG00000024314	0	3.8893109865678	6.8685173783664	7.36055790431578	7.35348096214151	3.5581424099347	0	0	0	0	0	0	-8.70401336326348	-3.8461114531352	0.963888059222492	-8.69748499612361	-4.82426838090855	-1.57235334739574
ENSSSCG00000024320	0	0	0	0	10.2083120593402	7.41729037602224	0	0	0	0	0	0	0	0	0	0	0	0
ENSSSCG00000024346	1.65055100970982	6.89569263008008	6.67592910277604	0	0	0	-1.55687873665926	-1.45733938994745	-2.1435017391696	-1.90718433250434	-0.835545060449598	1.29044937287623	0	1.72444333112913	1.97968717167279	0	2.50153155372817	0
ENSSSCG00000024347	0	0	7.42709022988675	0	0	0	0	7.85384291123488	0	8.30777676306586	0	0	0	0	0	0	0	0
ENSSSCG00000024416	1.21659544871213	1.04639275044504	1.66079197867545	0.864591435825372	0.453722056877839	-0.736340145398383	-0.173533233821492	-2.55899005263933	0	0	-3.55162104005625	-0.704357087135798	-6.31277061455943	-7.47761415090123	-7.87140155939338	-6.23476386802171	-3.68005943868476	-2.03290010689203
ENSSSCG00000024420	-1.49239360597695	-1.45955465581418	-0.821882966194035	-1.24534725532874	-1.60659757004965	-1.79874181327606	-2.22036662069582	-2.47080164552883	-2.8864674737471	-7.81875805626402	-1.87933188973405	-1.06880796135914	-0.821966402977105	-1.09259129451693	-1.01458545659399	-0.708151901848845	-1.31168791224796	-0.126877861289282
ENSSSCG00000024459	0	8.06195556531974	7.7473407570202	0	0	0	0	0	0	0	0	0	0	0	0	0	0	0
ENSSSCG00000024476	1.35233975003437	5.40139247266527	5.71399661916297	6.08737770094773	0.103131003053909	-0.318462343854045	0.69422133302882	-0.345600103571931	-0.48101573131805	-0.125497769549644	-0.37659479201279	-1.23547850025892	1.05667405277717	1.54252934442494	2.16421950931604	3.0450748419087	1.15805560492692	-1.22137546965777
ENSSSCG00000024492	-1.34824231023469	-2.30803039461294	-1.43414738744663	1.42172663337487	-1.46720539385995	-1.04075392459012	0.610862560511333	1.22652548604734	1.97672738206096	1.14661738913267	1.31596060354798	2.35116831668426	-3.20160084560696	-5.0069287790047	-4.06443802203188	-1.91267856894138	-2.0419201044872	-1.01999167623597
ENSSSCG00000024495	-0.967629594698224	-2.89173819646118	-2.47462245908886	-2.28624055938164	-2.82308240555175	-0.996213772688713	-1.85200425802182	-0.346903671898437	1.25364475141725	1.05439033876217	3.76690968835094	5.16512797749941	-0.645607937060587	0.56643699434729	1.19104193690622	0.271708149153052	-0.107977313223161	-0.236614793009665
ENSSSCG00000024666	0.134665255305474	-4.3947310488419	-2.76189425514608	2.06154712452551	1.7352228307248	1.91786302492041	-7.96643273374093	-3.23011532608436	-2.93066322072729	-7.86295852939457	-1.92354973037734	-2.10161031039454	-1.14133974548258	3.30244403612731	2.11278344040893	0.588793489672108	0.878592473335811	1.54449729721374
ENSSSCG00000024689	0	0	0	0	0	0	0	0	0	0	10.6673894971215	5.31791188114382	0	0	0	0	2.82205636903798	0
ENSSSCG00000024977	0	0	0	0	0	0	-4.04897210911314	-3.46616346391998	-6.20590609401729	-5.35566421226528	-4.11595338025087	-1.04810896902842	0	0	0	0	0	0
ENSSSCG00000025085	-1.15645628932448	-1.22861529501539	-1.57426815095581	-7.48922374736064	-2.45676727798762	-1.50471235586673	1.54088032031411	0.592658918430008	0.106539131132177	2.25940322085946	-0.446077488419847	-0.32894131039142	0.166227182192755	0.387088876730494	-1.1727068320815	-0.668731206933779	1.50567992032081	-0.586005385609423
ENSSSCG00000025128	0	0	0	0	0	0	0	0	0	0	0	0	-7.45724402176672	-3.552540118868	-7.48198334129504	-3.40884267611196	-7.54279483970394	0.227257916602928
ENSSSCG00000025410	-2.73765513192972	2.87506458558895	-0.711282667676232	0.306271796277422	3.97537999082632	4.79590805146758	-1.9020189487776	0.17810160975567	-2.15740401143686	0.696920065023678	0.401011710060044	-1.74320795385034	-1.90493553671826	-2.35680935372175	-8.21571732181763	-1.89240667329192	-2.78904528444975	-0.689754507146814
ENSSSCG00000025413	1.39176882879114	-4.42564102580967	-1.30129847812086	-2.3603997636533	-9.44819585026799	-3.76304282712912	0	0	0	0	0	0	0	0	0	0	0	0
ENSSSCG00000025523	0	0	0	0	0	0	-5.21784575643228	-4.47822434693943	-4.29269454047664	-5.43178302190147	-3.64541622023288	-0.903163918340178	0.0943634061857437	-1.91203170946788	-1.82547453175168	-1.19667479660737	0.113489824358211	-0.261312757057568
ENSSSCG00000025527	0	0	0	0	0	0	5.95314329914216	4.92982094725111	5.36188560032323	5.22194808287836	0	0	0	0	0	0	0	0
ENSSSCG00000025592	0	0	0	0	0	0	-8.09148285348345	-3.91325304968248	-2.65277943767073	-7.98797289442822	0.518407234901298	-1.42913245077673	0	0	2.7702719435815	0	0	0
ENSSSCG00000025597	0	0	0	0	1.48815424381965	0	0	0	0	7.2254268213961	10.1632050442646	0	0	0	0	0	0.308454317488641	0.873728047184733
ENSSSCG00000025721	0	0	0	0	0	0	8.48338097119052	5.95888635243123	10.086607978307	11.1454104639042	7.42004542904597	0	0	0.875490243131448	3.07452430669512	2.79786353051222	2.33373067224796	1.33404440048091
ENSSSCG00000025772	1.40450281157304	0	0	1.20200165759711	1.7769992680253	1.13309708121035	-2.11702907626328	-2.10999193077739	-1.80943219664618	-7.14451500384653	0.241002602526049	0.408416734485937	0	0	0	0	0.716796076450801	0
ENSSSCG00000025784	-2.5195188575973	-1.67913655799441	-2.51136964037458	-5.49941070512326	-3.22793572851305	-3.29859008462462	-3.21852085045541	-4.76870971015962	-2.90701467119848	-5.51127468380913	-2.23442881589758	-1.17913796715026	-0.502699964025081	-0.937164740432792	-0.302696199244645	-2.67238851662132	-0.908306786116704	-0.799070577747654
ENSSSCG00000025795	-1.11163788120327	-2.99578455525981	-2.43935038348362	-2.24843993605081	0.234492742981102	0.74965189142139	-2.97282894873887	-1.75923453165771	-1.09463422247791	-1.64295033443876	5.52221631905454	5.67784450166723	-0.978048821927981	0.33632016549052	1.33132421179927	0.796152384171402	0.513690249486183	0.684385262395386
ENSSSCG00000025838	0.230769947750084	0.480836389013171	0.287797196001342	0.685902626021676	0.0426864854081497	0.251332282904952	-8.44396950898559	-0.388267141805854	-0.281790975552056	0.550846894948266	-1.60296838477394	-1.59070460969627	-0.430479039978742	-0.331952142116314	0.0893668842541636	-0.132400935287465	-0.516660991870624	0.185672829536724
ENSSSCG00000025869	0	0	0	0	0	0	-1.81014355556236	-1.29562724933828	-2.29187167391069	-1.58190166743182	-7.76250014547346	-1.86551784944996	5.28831563330425	0	0	0	0	0
ENSSSCG00000025996	-0.954847694151629	-1.5839242858754	-2.33890197153842	-1.80643377458481	-1.22671339550919	-1.45539004251868	-3.14867310976874	-2.66091084194062	-1.9961486394334	-9.47259754623217	-0.304912451395118	-0.644614839809757	-1.41865829850195	-1.14023211211113	-1.65818907373406	-0.802517751876342	1.13563221743167	-0.259349998526979
ENSSSCG00000026146	-2.17155139732378	-3.22182630194959	-0.452305375834107	-2.46221933038533	-2.36514772056346	-0.685300872233467	0.0305002426740392	-0.11923254046367	-0.702616801470417	-3.52737777666915	0.0117790732735666	1.98714400523296	-4.37113931478893	-3.21158055184373	-2.86398614946308	-4.04584430833222	-9.44856669691042	-1.86141267354271
ENSSSCG00000026156	0	0	0	0	11.8899512827512	8.4130641413373	0	0	0	0	0	0	0	0	0	0	0	0
ENSSSCG00000026260	2.85179895618181	2.63717242210126	4.2978388553601	3.85715194659451	5.65786367346993	4.03990495237082	0	0	0	0	0	0	0	0	0	0	0	0
ENSSSCG00000026402	0	0	0	0	0	0	0	7.10323655870425	9.51321152343108	9.2405087339682	0	0	0	0	0	0	0	0
ENSSSCG00000026407	-0.814135441130745	-1.96048624257155	-2.17767296562799	0.247626308092575	-1.00019241367024	-1.32643078765197	-6.19613402239139	-4.37919716729993	-5.76513176893353	-7.6260226512603	-2.93394364900117	-5.69196312656293	-4.86467459995198	-2.35951003219253	-2.72990481204923	-1.67126212267349	-2.25964240979818	0.197668744534881
ENSSSCG00000026442	-9.88457916204253	-3.56832269474936	-3.2702025775933	-4.10418160180455	-9.88653827044267	-4.67640650433886	0	0	0	0	0	0	0	0	0	0	0	0
ENSSSCG00000026537	0	0	0	0	0	0	-3.74285228484772	-2.17848392531223	-3.43460742227003	-4.47847888367124	-4.76789704704393	-0.63515722373585	-6.22136524990434	-4.83065538054579	-1.89586218713988	-4.10897128358103	-2.82163858519928	-1.79344269029251
ENSSSCG00000026754	0	0	0	0	0	0	0	0	0	0	6.97185159570829	0	0	0	0	0	0	0
ENSSSCG00000026790	0	0	6.0321006523231	6.67932244194701	0	0	0	0	0	0	0	0	2.98486029758172	0	3.35129792442125	0	0	0
ENSSSCG00000026849	-5.40458828618272	-7.43341764443863	-6.3007869492529	-1.43321949883396	-12.0552773284184	-12.1534250583826	-4.80785355417992	-4.07489628574523	-5.07056809417135	-6.11449451030806	-4.01334505744967	-2.27149737123471	-1.8409195155613	-0.648821031553012	-1.60438928094175	-2.5272521067798	-3.11462607088502	4.0076505177944
ENSSSCG00000026852	0	4.86360077543717	3.75834660616476	1.76678282276253	4.64885457833119	5.11272340808112	0	0	0	0	0	0	0	-1.79760214992387	0	-1.6521318437771	-0.846637409919625	0.0915213324695524
ENSSSCG00000026861	0.161106063625337	-1.17859785954873	0.316245254453963	0.0559072535943085	-0.632400687635535	0.684305852541565	-0.515321191956805	-3.13942734820519	-0.318976933178884	-7.21441869110356	-0.285433111370859	-0.00768737816344691	0.925924927931447	1.08383656063351	1.60455120550233	1.50512746752955	0.15610281822149	0.647755344354096
ENSSSCG00000026886	1.08071459982191	2.2229744614134	1.90114348586155	3.15686218292344	0	0	0	0	0	0	9.39541570919054	7.96883231062618	-0.409026365815409	0.424029127363442	-0.571228002635529	-1.5036260119911	-1.09683279341187	2.4722302905031
ENSSSCG00000026985	1.65055100970982	0	2.15070087883814	0	2.37777188117267	4.45595240339976	0	0	0	3.27042136446412	2.85970456987977	0	0.166655498474705	0.152171948648146	0.285979284248115	-8.60843945758663	-0.36673397883371	-1.76114906828473
ENSSSCG00000027113	0.00097322935567087	-0.576908072511498	-1.57013231153972	-1.69783150419349	-0.533281460509083	-0.600211893451228	0.906909634157846	-1.39565124358497	-0.555499716847622	-7.86295852939457	-2.90230646856214	-1.52425511041215	1.73816861107331	0.914265831388981	1.56130398688144	2.31798334866956	0.709383838913411	-0.483771179474766
ENSSSCG00000027160	-3.911325992177	0.888480074915726	-0.0923082899832828	-7.98936050773214	-0.820393853721126	-2.00509067288177	0	0	0	0	0	0	-1.53200208953449	-0.476019979625383	0.0859674160963913	-2.81405129502538	-1.31796880979216	-1.44454574573898
ENSSSCG00000027232	-0.439413856791732	1.14726604122229	4.43341272096572	6.36736528022896	5.42147675774711	2.50273438243435	-3.21306621686915	-0.689313979188814	-1.37327855785573	-1.45472307093082	1.49800826598838	0.921389943081001	0.150079110258232	2.82627997704244	3.28543769689394	2.15098713580767	2.8832894773509	0.735368573614171
ENSSSCG00000027266	1.08473847227715	0.920413091651894	0	8.37221157919704	0	0.886999106537618	3.09968752588129	2.60478993576049	3.07358989403833	4.36175374380014	0.241002602526049	-0.80523222527224	0.965682296188066	0.652326584225875	0	0	1.35886884296234	2.08923692410873
ENSSSCG00000027320	0	0	0	0	0	0	-6.05195867379775	-7.5252824601989	-6.30595710552464	-5.82584946975795	-10.8134739202386	-5.5813218478757	0	0	0	0	0	0
ENSSSCG00000027365	0.957409303141788	-0.12007868320966	-2.42157964746315	-2.65511037261679	-1.10526883913287	-0.601672458945068	0	-0.684053825449473	0.924334086652298	0	7.21462789909136	4.13022307875491	0.364782452717541	1.02455618174855	1.09145005897272	0.753765913482884	-0.938045191651075	-0.189490647261627
ENSSSCG00000027404	-0.0523676178668217	3.52630342999443	1.39266332023424	0.187739249566649	0.660630845361058	-0.629937205608008	3.39125283639237	7.17739710578305	7.04686600556993	0.209886071277815	3.76131449053584	-0.167280648619353	0.620198750839448	-0.285929038016564	0.771735812777976	-0.404177647172703	-1.08814153621563	-1.09921808954109
ENSSSCG00000027439	-3.5801659069764	-0.917331283501412	-3.49260852097043	-2.19149086595126	-7.7160412702867	-0.396469488989505	0	-1.89502839192682	0	-0.960096896792836	0.103937017552906	0.130437008906433	-8.38294986851476	-0.210811454207302	-3.43816693927016	-2.23439048916422	-8.46872579509789	-0.881762782625357
ENSSSCG00000027607	-2.15633995516999	-4.1286359357479	-5.40112170514248	0.801458901735909	3.31324403318898	2.66592567504902	-0.0445793719579247	0.151943612076031	0.780928002866409	0.729017706440037	0.0397022836058313	-1.21379752668659	-3.4967538511642	-1.99083210356948	-3.0219609961353	-2.10958290208907	-1.49786877625354	0.374185056054307
ENSSSCG00000027654	0	0	0	0	0	0	-10.9000076348392	-10.8966441575952	-6.42469318740815	-10.7961591170481	-0.308026166945882	-4.23802395298319	0	0	0	0	0	0
ENSSSCG00000027678	-0.798355790792431	-1.53425450245882	-2.02611173693385	-5.62371395852212	-0.73742884012558	-0.0910843620993012	1.82354953175196	0	0	0	0	0	0.688508151640168	-0.361327526240964	-0.747649934261006	0.753820492829178	-0.49805671136407	-0.474118342302644
ENSSSCG00000027796	-3.14960924965584	-3.22003738581981	-1.5312728761737	-3.03483519119645	-7.28548136714048	-2.0748414109705	0	0	0	0	0	0	0	0	0	0	0	0
ENSSSCG00000027845	0	4.6119567688356	5.52269356461065	0	0	0	0	1.03799497023578	2.12209707516091	0	1.08852828889214	0	0	0	0	0	0	1.54247398976405
ENSSSCG00000027875	0	3.86406829063269	0	4.99336804402734	0	0	-2.66758737985975	-4.59929669877684	-3.33862560058698	-1.98463787559709	-5.59217772467809	-0.683064608612942	2.83440944319123	-0.428172350430613	-1.12969680533524	-1.15382297458507	0.658179058578274	-0.761871873384791
ENSSSCG00000027923	0	0	0	0	0	0	0	0	0	0	0	0	-2.82646047013876	-2.95994358325897	-3.82784509311363	-7.81147356880546	-1.0212276515058	0.12839917519965
ENSSSCG00000027954	2.3247686182597	3.48775033342382	7.89195430626589	8.57535522137588	7.76348579724454	4.03615153548758	0	0	0	0	0	0	0	3.15688055351624	2.94935271580854	0	0	0
ENSSSCG00000027981	0	0	0.335014668989352	0	0	0.308272738316497	-3.55913797163073	-7.72707382655596	-7.59226240084656	-7.62702553203128	-1.36987590319514	-2.84293370495948	-1.41859193886405	-0.565053171138902	-3.39708357620691	-1.8135094734234	-2.55414957947851	-2.30914198203583
ENSSSCG00000027989	0	0	0	1.39124737352346	0	0	7.00705354972009	7.19008205022224	0	0	0	0	0	0	0	0	0	0
ENSSSCG00000028062	-0.701985607207116	0.0239896631835727	-1.02078174353656	-0.992987702213605	-2.64291771597384	-0.00348639974925056	-2.83411407319695	-2.56952853864247	-8.14008705916328	-3.88352643873252	-4.17279265828605	-1.61616628349271	0.778402752990551	-0.825965100549801	-0.958459827908657	-0.241491945176698	2.02967763507982	0.283563163839065
ENSSSCG00000028112	0	0	0	0	0	0	4.37579655435411	7.97837329058877	9.73234966757558	9.63551755738054	5.81464530525349	3.6925488026089	0	0	3.22991363737165	1.87009537539575	2.50153155372817	0
ENSSSCG00000028115	0	0	0	0	0	0	0	0	0	0	6.97185159570829	0	0	0	0	0	0	0
ENSSSCG00000028204	0	0	0	0	0	2.99278212144325	-3.31328741796472	-2.51659453251417	-1.44480317349548	-2.29525008462148	3.3326065588734	5.68094072145783	0	0	0	0	1.60492208687257	0
ENSSSCG00000028274	-0.0282233910029284	4.50697501384527	1.11742463366234	0.433835803058644	-0.675372152385336	1.69432370358287	-5.51491023699512	-3.56914303052315	-3.67442739595589	-9.5824213408371	-0.707965434458652	-1.59185315199868	0.351411883115986	0.507957677852622	-0.490815615786857	-0.098191060429966	1.09526141949672	-0.62971338475867
ENSSSCG00000028277	-0.552438363842718	-0.624882536608152	0.22963905303434	-0.824230445102742	-2.60066058646243	-8.10210017949497	2.78589652802889	1.29506166928516	1.59867075623349	2.65626401138783	4.13736255510526	2.92765149603963	0.882665894768179	1.17470925340845	-0.53144117754896	-1.19667479660737	1.77300321115558	0
ENSSSCG00000028294	0	0	0	0	0	0	-7.1742101224096	-2.03649204459044	-1.42139376076059	-1.81698843544175	-7.20621646366621	-0.991677707020773	0	0	0	0	0	0
ENSSSCG00000028331	-0.587818921376058	-0.372497052955611	-7.77391606068797	-7.7608571644679	0.755910369280574	0.843669131805962	2.8636813170926	2.88756073330455	2.52948419211753	4.21484938469428	3.67068600421423	-0.247557305641371	0	0	0	0	2.469350746213	2.98829129656686
ENSSSCG00000028376	0	0	0	0	0	0	0	0	0	0	10.0547788799464	8.9659501331089	0	0	0	0	0	0
ENSSSCG00000028411	0	0	0	7.36852488444199	0	0	0	0	0	0	0	0	0	0	0	0	0	0
ENSSSCG00000028671	8.95910766681951	9.42364590066858	9.74229631783799	9.86827248825384	8.51061351308727	0	0	0	0	0	0	0	6.25684877260707	3.92579008720017	6.4247028213407	4.03131029416207	4.53395337373185	0
ENSSSCG00000028691	0	0	0	0	0	0	3.45127632160072	4.69173298759308	5.29888499004367	5.08867208512479	-4.15002676656617	-2.71049154507543	4.95695039490092	7.15304909916054	8.52848576781123	6.36471666057352	6.18041741665329	0
ENSSSCG00000028758	-1.97431238388689	-3.98184681278297	-3.82372599129108	-2.83639057074961	-3.91525499478574	-0.0610109983985057	-7.62403047069185	-7.6206823091185	-7.48592216790863	-7.5206716128604	-7.65609592742366	-3.69236433691357	-2.29742039279778	-0.474282967989062	-3.24621357780987	-10.1494523673235	-4.18012212873306	1.72976532062662
ENSSSCG00000028814	-2.65144611085999	-3.91872338424863	-5.14057751187912	1.81592086517196	3.64837730498451	3.13264530724558	1.62259735426607	1.29117507365979	2.73061540863821	1.74444437967373	4.17552126535935	2.62447729645804	-0.60677767556845	0.778149404053418	0.803515286911562	0.312521153576116	1.87074355342077	-0.0724624082620698
ENSSSCG00000028896	0.38170063589614	0	0	0	0.820963223915529	0	3.89351645599432	6.07709261711111	4.09055221387397	0	0	0	0	3.43483969408623	3.35129792442125	3.14804821197832	2.56795557804053	0
ENSSSCG00000028922	0	0	0	0	0	0	-1.68249920926476	-0.109011139361734	-0.271116708333529	-7.2810912535716	-2.32016184586424	1.01627953613547	0	0	0	0	0	0
ENSSSCG00000028962	2.61753481066762	0.695337894596068	2.43489306394691	0	0	-0.826505569171831	3.83305420899128	1.43084552860644	1.79293195227658	0	0.584153416193025	0.300367520810641	-1.46135989209023	-2.13153589924982	-1.80548203363725	-4.370048868335	-8.5042503783262	-0.022969785858382
ENSSSCG00000028964	-0.186444896620137	0.578562973168824	0.268437230394782	0.366854634616713	-0.723348631173977	-1.04247768104915	5.82193000101778	5.41616599649907	5.83610280804304	5.08037026744214	0.619270238923796	-0.272651783492235	-0.0900014167531816	0.0942166618028887	0.193280870830879	-0.0968965877629922	-0.69041618791493	0.495348003122479
ENSSSCG00000028969	1.90234905075126	7.87531164580574	8.70320717732696	-4.79355991478953	0.027797514658483	-2.37243536118898	0	0	0	0	0	0	-4.1227663713523	-2.32126894695068	1.50739362690346	-6.04300688978378	0.232966852615199	-1.07766540649915
ENSSSCG00000028976	1.89882603613823	-2.20550600454953	-1.93048240776043	-3.8899046325719	-3.34020102727354	0.00858729751682512	-1.96541088929951	-0.0973876076413939	-0.511861421941362	-8.13940760544847	0.930535778998612	-1.07000994167887	-0.0633709936213937	1.68805441159735	1.62458304676611	1.80433261884192	2.13208932715834	0.92701514484903
ENSSSCG00000028997	-0.208826845450954	-0.782925504186384	-0.654928052457737	-1.77612934751227	-0.231412834393122	-1.22976133315466	-2.58834204826402	-1.20061297734293	-1.30661674932972	-2.92303841150869	0.567707281672938	-0.463987032454313	-0.666853511584909	-0.0721065905273396	-0.970369347676887	-7.70443406142601	-0.529047817899561	-1.28002735946448
ENSSSCG00000029037	-0.575351107874362	-1.94308985569337	-0.485831913408783	1.73075545053487	1.57708377709896	-0.923350147311918	0	0	0	0	3.52232928101472	0	-9.45107366796726	-4.59323995476784	-4.50632938922053	-9.44453894399498	-4.04936339812228	-1.94981476037351
ENSSSCG00000029043	0	0	2.15070087883814	0	0	0	-4.20874223443782	-2.67109058629513	-8.24161794645637	-2.45007773977681	-4.27436242111704	-1.43995948638172	0	0	0	0	-0.164152791585196	1.17576151824104
ENSSSCG00000029231	0	0	0	0	0	0	0	0	0	0	5.24691107174221	4.2981793856591	2.6252387126271	0	0	0	0	0
ENSSSCG00000029289	0	0	0	0	0	0	-2.7287193347076	-3.60911630670973	-6.04927714190424	-10.4207371597409	-6.41897790502823	-4.08277860890805	2.92277897365292	0	0	0	0	0
ENSSSCG00000029295	6.9677778844784	7.02328612436064	8.59235049589119	0	0	0	0	0	0	0	0	0	0	0	0	0	0	0
ENSSSCG00000029311	0	0	0	0	0	0	0	10.6860385210333	0	0	0	0	0	0	0	0	0	0
ENSSSCG00000029414	0.282271972992918	-1.24024615296279	-1.6562339624618	-0.935796337746204	-0.304097672289518	0.359572720330963	-0.793994978366116	-0.911748797741555	-0.161272212678569	-2.32618227190699	5.47867983517018	6.22525169593156	0	1.90284226118414	0	0.888103124579925	1.12776327441754	1.07684068055383
ENSSSCG00000029419	2.06198944564608	0	0	0	0	0	-1.81727067532789	-0.496619229523137	-2.49365352498505	-8.40158901756099	-0.391349859795433	-1.65194645332479	0	0	0	0	0	0
ENSSSCG00000029441	0	0	0	0	0	0	-0.37188292993784	0.388935480527277	0.818145855950591	1.50603740598195	-1.13123386821925	2.34224851633453	-4.04519494053324	-9.10872082977021	-9.06155579072284	-4.43282974792337	-1.07705769077161	-0.788798673425829
ENSSSCG00000029443	0	0	0	0	0	0	-5.52806970552999	-3.00430135489908	-4.26029257122473	-9.5955796220208	-2.58047254616226	-1.60501390647405	0	0	0	0	0	1.75319609208273
ENSSSCG00000029449	0	0	0	0	0	0	-5.91622520862727	-4.6360824326406	-5.61225366933324	-9.98370455796218	-1.2817703970622	-0.644171672145298	0	0	0	0	1.94542226747473	0
ENSSSCG00000029503	-3.52058117872159	-4.16301010855645	-3.43115174502281	-9.1276094551922	-5.05362617123374	-0.353946045427374	0	0	0	0	0	0	-2.88465134250324	-1.47109224100372	0.705001949820766	-1.23903176941006	-1.85389030661917	1.01871064225728
ENSSSCG00000029515	-2.79918881724346	-1.186772615982	-0.786262123565607	-3.80511349481879	-4.67797084109403	-4.29208313771591	-1.61579614615972	-7.31430426372486	-7.17971478919605	-7.21441869110356	0.104315318095208	-0.00768737816344691	-4.62888525880125	-5.82510584984098	-3.88310563917835	-3.21788825744201	-4.53768459573292	-0.0596308214665257
ENSSSCG00000029545	1.89586120996133	1.8739436687098	1.67106964983695	3.22722108727921	0.788494279724263	0.700130010209287	-0.038624195227974	1.07336997392449	2.46160126274027	1.26046767206353	-7.41638770312641	-7.50530260319181	-0.68911078262029	-1.14066603698644	0.630750924845898	-2.92671075548685	-0.368941784161238	0.15630832112305
ENSSSCG00000029675	-7.65990587244355	-0.0908188488777509	-3.43843292282021	5.6753206663579	4.13060399644296	-2.19440423997103	0	0	0	0	4.01981189698413	0	0	0	0	0	0	0
ENSSSCG00000029705	-0.136539227981316	1.71832814427411	-1.5312728761737	-0.641430023036626	-7.28548136714048	-1.41048910087879	0.636892111203803	1.86104980419549	0.106236179773538	-0.12567610283004	-1.25353664454348	-2.69907337662606	0.875667778534184	2.31607526851212	0	0.763969370483434	0	1.18276635871726
ENSSSCG00000029756	0.721700699504807	1.98487254074602	1.83025865909966	3.23216573260593	2.13478806635852	1.0184817425001	-3.60952977153878	-7.77746508189686	-2.7451254657075	-7.67739992379491	4.10817556939614	-1.11836179428616	-1.28817446985459	-0.158424474421191	1.32668239013787	0.896357057477463	1.57862260117829	0.145810766621892
ENSSSCG00000029870	0	0	0	0	0	0	0	0	0	0	0	0	-8.30917672733028	-3.85056814324896	-2.07035656698792	-1.75069708097029	-2.90732246156057	-0.225775457552493
ENSSSCG00000029879	-2.24393555793805	-5.13803488288065	-4.40647645484322	-5.66617202078287	-9.03437293125655	-2.02908630844575	-0.836558693945878	-1.31386291365504	-0.544446117133552	-3.40023351048579	-1.36011145494359	-0.674496060258506	-1.35732258875213	-0.725625896089316	-1.23496335280214	0.444396069495942	-2.6334301614423	-0.840683189334596
ENSSSCG00000029990	1.17917804282696	4.51475138618225	6.56103314644979	5.62195543904182	0.879525301429116	0.987420544761352	1.16676791101496	0.812665764488933	1.83115306808317	2.35360912792074	3.40137463403791	3.34636890667205	-0.131550601336679	1.32318064743227	1.57997713826955	1.05306422974589	-0.210410016724553	-0.115350204009338
ENSSSCG00000030033	0	0	0	0	0	0	3.11334228165488	4.18958017550789	4.18885851819404	5.20579507093885	0.628139120816532	3.55765712132914	0	0.617840707051	1.32674051006274	0	0	0
ENSSSCG00000030075	0	0	0	0	0	0	0	0	7.2726686920741	0	0	0	0	0	0	0	0	0
ENSSSCG00000030088	-1.30250149887804	-2.08721302061334	-2.29952248791406	-1.65725563614331	-2.01855860775536	-0.90846367476611	-1.72323570882139	-1.14566879259656	-0.738964561424579	-0.0903185636551037	5.03092931105742	3.40137875836821	-1.13573610773238	0.209336681661581	0.255714830456487	0.456852536168387	0.638808705243863	-0.0229834833336097
ENSSSCG00000030228	2.91853803864731	0	0	2.57786974597811	4.03582549862607	2.51287775401118	-0.600843762616984	-0.814123425689802	-1.75613725186111	-7.40584895176819	-1.29868682219506	-2.05163622239798	1.51167973833266	1.87300667095029	1.28412056159756	2.29364664720993	1.17075491952914	-0.670299377250265
ENSSSCG00000030262	-2.63899921549722	-1.18161935039092	-0.612653116547525	-0.584788399460446	0	-0.582289511802606	0	-0.140160431179627	0	1.76747796572932	-0.621922214157579	1.45011243028047	-7.8702276673149	-3.01219374294642	-2.35588114869241	-3.8218170309083	-7.95589681595621	-7.82529589159904
ENSSSCG00000030271	-0.276270454937487	-0.0604626522284256	-0.355360848456623	3.37597424633517	0.0509401063063737	2.23136524286902	0.278698812306015	0.846427570931953	1.48243609689547	3.86464525536113	5.01088501625228	2.8058216959631	0.821357674147367	0.780948172069146	1.01436106163065	2.57121133298656	0.372166031196707	3.60614777523652
ENSSSCG00000030300	-1.93109331497604	-0.745404168706392	-0.0820796529401235	0.594285101139571	1.61624882571708	-0.269597923224212	-3.02606627956669	-4.1947975038405	-3.07777161644548	-5.31628460651238	-2.7838363591378	-4.13755080863748	-0.759069401750126	-0.190846065025288	-0.283836722711719	0.0478251775947126	-1.96507128322577	-0.428112843160883
ENSSSCG00000030303	0.374070806177307	1.01764520405902	1.17978471934406	-0.584788399460446	-1.11388379668584	-0.00348639974925056	-0.203637065743998	1.27809355651798	0.3667900627221	5.80646744335185	2.89989412296769	1.42570968288722	-0.158962015881797	-1.34300327944791	-0.482301881655055	-1.37274303799551	-3.20387154129313	-1.2054812909157
ENSSSCG00000030388	-1.07546503942046	1.24099426598953	2.55472870449188	4.54054962997814	2.67001016762758	1.75652977798039	1.38557623066703	2.04229832029332	1.97984153666516	1.67078152790036	6.06361915998705	0.788550665151751	0.567924435296392	0.509731229309565	0.512443316567515	0.447118410260013	1.34099156261338	1.1615306115325
ENSSSCG00000030433	1.52632665504743	0	0	0	0	0	0	0	0	0	7.028495497691	5.97134331510815	0	0	0	0	0	0
ENSSSCG00000030438	0	0	0	7.12223336810646	7.63943706098117	0	-0.309512408908445	-0.166437247858444	-0.317750525062388	-0.0811775410974135	0.463840321715529	0.116823177328203	0	0	0	1.87009537539575	0	0
ENSSSCG00000030461	0	0	0	-0.104835379305294	0.227732712432714	1.20904177205297	-8.96354575362067	-3.25460551056183	-2.95189269578534	-3.6057940920406	1.08141689215263	0.509324787925514	-2.50080750235907	-3.20410532604687	-8.08688918817689	-8.05558224213932	0.18623053797015	-1.55275667954138
ENSSSCG00000030511	0.831358746374562	-5.05272438095245	-4.13789319532697	-5.09668834532193	-1.01497301657065	-1.55026891775521	-1.49453063976652	-1.48742093110896	-4.37773218995137	-3.52737777666915	-2.0689229976859	-1.36572341984863	0.946046635714974	0.826686899227138	0.960095307719032	0.327807936093863	1.40633161901601	0.612978169619972
ENSSSCG00000030552	0	0	1.58130961124139	2.41202977111456	3.98699843671387	0	-2.75686910146988	-1.79044059224952	-2.45395991330621	-2.53375356411324	-6.96011963228401	-1.47031024643	0	0	0	0	0	0
ENSSSCG00000030626	-1.40079241745091	-0.490504087285957	-0.527122861879605	0.458165493477176	-0.135557169450534	0.0761290507596799	3.08038240613728	0.761970007367512	1.76071670194701	5.11445982386912	-0.529530937339459	-0.0745136897093942	-0.154891309822609	0.113044919196631	0.50626165584361	-0.114800943131249	0.0664418114974384	-0.722372904474484
ENSSSCG00000030694	6.46563775513458	0.713355688842956	1.38931807979176	-0.394996234453596	-1.59298368990202	0.717451770189591	0	0	0	0	0	0	3.52384444224406	4.49014141894559	4.49199878997697	0.189700719884992	1.97700272590952	2.02837089199398
ENSSSCG00000030830	0	0	0	0	0	0	0	0	0	0	0	0	-7.31371801896957	-7.38540743519769	-7.33844265485412	-7.30721515105027	-7.39921911121928	-0.100363829243858
ENSSSCG00000030901	0	0	0	0	8.98081639925237	0	0	0	7.51912228998585	0	0	0	0	0	0	0	3.97435342686156	0
ENSSSCG00000030998	2.05953048254688	2.70125019832761	3.62720244161576	3.51017632575863	1.1763173511836	0.993981545235075	0.133322965617508	-0.497555482032602	-0.487812419035222	-0.942831103599077	0.506540412524351	-1.32524877533264	2.50105865248794	1.33576088460919	1.28449524450138	0.804645254865251	5.91088136337704	1.17513966897906
ENSSSCG00000031075	0	0	2.64261535684174	0	0	1.32268615555465	7.00705354972009	0	0	7.74605169229552	0	0	0.434511329268484	0.0964599289470009	-0.767148733720804	1.62269428833071	-0.447176032694364	0.031260490241918
ENSSSCG00000031111	0	0	0	0	0	0	0	0	0	0	0	5.97049737977787	0.414468832845773	0	0	0	0	0
ENSSSCG00000031115	0.0561609385881012	-3.10673634822882	-8.08457779208424	-8.07150723112873	-2.46838019700001	-2.44400627039073	0	0	0	7.61544703383408	0	0	0	0	0	0	0	0
ENSSSCG00000031242	0	0	0	0	0	0	0	0	0	0	8.10307248291013	8.09762164874886	0	0	0	0	0	0
ENSSSCG00000031290	-0.942179518916798	-1.20561849950075	2.00903010317885	2.68984542328848	3.29615848314705	2.64255064130601	0	0	0	0	5.1263389674885	0	-0.22447334991507	-0.0402741814808842	-1.82547453175168	-1.76650324646733	-0.384220732802862	0.0831052861018629
ENSSSCG00000031292	-0.203267451458964	0.825587363490754	0.235677555898208	0.113325840413382	2.86506429976899	-0.546467473887748	-7.67820736676378	-4.42223935195477	-2.23968112049957	-2.72325652849078	-3.01510005766593	-3.74656303781937	-3.02494409975831	-0.156277632771348	-1.10662144936476	-3.41259174854842	-1.13301550138496	-1.38296388511862
ENSSSCG00000031324	0	0	1.16975573770389	0	0	0	-1.86588720592473	-7.56439196216868	-2.12926979629045	-3.17302202899915	-2.5035726148459	-0.257894884049191	0	0	0	0	0	0
ENSSSCG00000031344	0	0	0	0	0	0.475816364535463	-2.30286029696045	-3.28871927095348	-3.10873556199612	-9.87997507780577	-2.37036199277245	1.11574657980181	0	0	0	0	0	0
ENSSSCG00000031345	0	0	0	0	0	0	8.0605938121379	7.08209341813456	7.98835765409559	9.51621617342237	0	3.80004562538831	0	0	0	0	0	0
ENSSSCG00000031365	-0.623936519554128	-0.626374066027573	-1.45954882446033	-0.919253242456098	-0.426915845057302	0.311473826343725	-2.38515530674448	-1.54485593113089	-0.609943720321782	-7.72607458210337	-1.97620133066722	-0.455996656989177	-0.437492256776947	-0.0614816784715093	-0.0410962218559531	-0.156199450384367	-0.518282048988652	-0.635923630315947
ENSSSCG00000031367	-6.88517580687555	-0.632121262881882	-1.9458799036781	2.11332716522812	0.96609581911979	-0.186058421521739	-2.77305602049275	-2.35786120130932	-3.03608017528562	-4.07992585691159	-1.12303275338717	-1.30201848260104	-5.27953305027452	1.04569853511087	-0.198927224192801	0.497798546898074	0.25458975600501	-0.954198570420243
ENSSSCG00000031423	4.62177183261265	5.04956623477231	2.59583522754345	0.982693181602704	-1.4443036435017	-0.556243674320742	1.15519954097497	2.92494159645547	3.07979167725134	2.4346604726467	0	1.32272492200555	4.84450364899596	3.16124555733281	3.52735059701061	3.80443136509782	0.708630332954342	0.974869399388534
ENSSSCG00000031477	0	6.1772961477839	3.35552810745484	0	0	0	0	0	0	0	0	0	0	0	0	0	0	0
ENSSSCG00000031478	0	0	0	0	0	0	0	0	0	0	0	0	-11.1126277035388	-11.1847276609047	-7.12258237241492	-11.1060865708658	-11.1986161017851	-4.25871373508271
ENSSSCG00000031537	0.909431214744082	-0.0885650342327528	-0.101309300021914	-0.273451764893302	-0.251343989565921	-0.250659733645618	-3.45274524002739	-7.6206823091185	-7.48592216790863	-7.5206716128604	-3.51829952909956	-7.74508855438752	-0.157276872120097	-0.85910530125785	-1.50489328689113	-1.78080549856316	-0.206008766915622	-0.483949489163633
ENSSSCG00000031590	-0.351655638852884	1.7793651229549	2.70880192815907	6.15755849642144	7.01883689275227	2.28722192149284	-2.46004005427769	-1.17992816693017	-2.15740401143686	-1.67693489725633	1.8535668578641	0.542413841123477	0.678919045739762	0.883913762686825	-0.535816828367454	-0.0983777396429237	0.00424794212317593	-0.0509305641910192
ENSSSCG00000031595	0	0	0	0	0	0	-1.2744076502145	-7.38100637259576	-3.84013612573189	-1.71268139399201	-2.32016184586424	-1.70869415321108	0	0	0	0	0	0
ENSSSCG00000031620	0	0	0	0	0	0	-7.82950591340483	-7.82615548467598	-7.6912995807929	-7.72607458210337	-4.6440849718001	-7.95064253130231	0	0	0	0	4.01032648695349	0
ENSSSCG00000031700	-1.21996301491513	-3.57925739693976	-3.41870986891909	-3.39096605713305	-8.60185024226934	-2.14993839332308	0	0	0	1.3824515446466	4.32356982323448	4.92686114198406	1.56082316215049	0	1.89784209173643	2.0387350603614	0	0
ENSSSCG00000031717	-0.484415836382	-7.38889987348247	-2.17245115811918	-7.29772529838897	0.222920804662307	0.360780402745814	-2.30430005457957	-3.31150058986733	-2.85095109132444	-3.22540537757981	-4.1988463453181	-4.56157976809741	3.57967025199504	-1.17152128318906	-3.12547729294193	1.71598335983488	4.26426016244717	0.114123592428193
ENSSSCG00000031723	0	0	0	0	0	0	0	7.49305355393176	0	8.3494668511095	9.44780661769794	8.25320056402174	-0.8608801229836	-0.539765794991412	-1.09908504936603	-0.267225821558765	-1.0212276515058	-0.192021236264297
ENSSSCG00000031796	0	0	1.7456833358949	1.45425994911778	0	0	0.96836628402617	0	1.17178216143775	1.19635681044713	2.04155283057597	0.723871676377584	1.2037382286011	-2.36110740234871	-4.0880360266513	-5.17292080639182	-4.77521841170314	-0.400102505508257
ENSSSCG00000031800	0.579389314878794	-0.924440910899362	-5.0079868275591	-1.8889429545738	1.15241151526346	0.244290136138554	-0.773761452483143	-1.66377379551493	-0.781892797884769	-1.63227605919544	-1.42027285487177	-1.91592851298432	-0.872534603738851	-0.425989283260235	-0.84989794602425	-0.723306734492194	-1.54346132006085	2.9073120274244
ENSSSCG00000031813	-0.143258877342077	-3.59646237769732	-1.0456988656605	-7.60408317150299	-2.00087516894881	0.364939079796784	-6.92815433213434	-2.74993984156184	-2.45395991330621	-6.82513384370811	0.104122868694905	-0.745471615359399	0	0.0738158807816614	0	0	0.887987193873383	0.775050511958313
ENSSSCG00000031851	-0.224685849372779	-0.730455061398363	0.374174510440691	4.9670199719263	5.2574629496685	2.49736119019026	-0.0198355294959583	2.3796256291776	2.83218785144209	1.48264291935775	-0.717591822952808	0.171848908062246	-0.574130615775227	1.36046680128172	0.977675373800737	-0.0454331391517794	-0.892322159364984	0.741596427565122
ENSSSCG00000031858	-0.894966049012481	-7.31894087326304	-7.24082634741084	-7.22779436703766	-0.638826785501049	1.59158934707718	0	0	0	0	0	0	0	0	0	0	1.50852755023109	0
ENSSSCG00000031904	-0.408651679697996	-1.54391562841467	-1.21814887551479	-2.17902138557586	-1.88527518236028	0.0159680998813776	4.25016876489663	6.37364738556898	6.04211540844784	4.98115849994591	1.74947645805153	0.76142029530912	-0.0844733364073806	-0.260635579081921	0.0651749222320893	-0.18648505948868	-1.13488843936842	0.0340606705208517
ENSSSCG00000031940	-0.484856247643203	0.52439692470331	0.846843127268429	0.0896142598652635	-1.02454158732696	-0.980506328642999	6.34446195780856	3.49677778984786	3.84594605579925	7.39028496731282	1.88972529500526	1.13171768730978	-1.3450448438488	0.671685673722403	-0.700648727547825	-0.535064723676615	-0.813543338558487	-1.66540744290748
ENSSSCG00000031944	0	0	0	0	0	0	0	0	0	0	-2.63133248809437	0	-6.36675711588542	-5.53141822106281	-4.04851776568474	-4.5239224046777	-5.33886111219894	-1.36813359780842
ENSSSCG00000031955	0.692420730652299	-4.17910285399271	-3.06133588947507	-2.46221933038533	-8.24444323134201	-3.34695240662029	0	0	0	0	0	0	-10.1240761300946	-2.72130831365681	-3.88531163527031	-10.117537912694	-3.00813008677906	-0.628967651838191
ENSSSCG00000032076	0.187068740142967	-0.737154528850439	-2.68125849295358	-0.649726992506178	-1.24122332168043	-0.845393644324337	-4.175676075563	-3.20923024848542	-3.87201814542741	-8.24338725949304	-4.24129404423126	-2.88971715598249	-1.11586901887928	-1.29836759670618	-0.679183884390225	-1.9087777700376	-1.54181383312003	-1.42653692995825
ENSSSCG00000032094	-0.349889836429867	-0.793740937858991	0.0174756955052346	-0.106132355022557	-2.14389092549834	-0.978319590149639	5.69798272498697	3.27842390527457	2.66703302709761	1.98536826827834	2.76858093223985	-0.612503847040456	-0.400596994920124	-1.31560504758968	-1.76665952067215	-2.15783405551468	0.705216683538177	-0.423409633313399
ENSSSCG00000032108	-1.18171857209952	-7.45562275094995	-3.1987602641984	-1.4215812736936	-0.899711855113223	-0.96992294864671	0	2.83962888481241	0	0	0	0	0	0	0	0	-0.58629755364793	0
ENSSSCG00000032133	0	0	8.00925569966031	0	0	0	0	0	0	0	0	0	0	0	0	0	0	0
ENSSSCG00000032135	8.30182184702432	0	7.27601827633074	0	0	0	0	0	7.96951546623532	0	14.1040326890361	0	0	0	7.6305318300273	0	6.88241693094715	0
ENSSSCG00000032167	-1.47683856414616	1.60510296651767	1.5617114387995	-0.230707021901129	-7.86735805746563	-0.614543574879483	-1.07270968520339	-0.400040551408832	-0.506705810357349	0	-0.881878298663518	-0.334061497481297	-0.872534603738851	-1.15863112454081	-0.84989794602425	-1.59076984511623	-0.550457316563778	-1.77576254401011
ENSSSCG00000032224	-3.4696841474852	-4.45832829800001	-7.56084553033872	-7.5477962169262	-7.60555876793952	0.296195335725719	0	0	0	0	1.38170238551236	0	0	0	0	0	0	0
ENSSSCG00000032282	-2.90861207744857	-3.95117256091738	-2.66956750317278	2.41703592933202	5.36582848576575	2.94032624624527	-0.206378152019812	0.42109762943573	1.41299833735287	1.72340876830634	2.33897534597939	5.08269737783634	-0.836012652651954	0.890846692845027	1.06292384303586	0.166136158764039	2.08154514356262	-0.176106014968461
ENSSSCG00000032301	-0.0154240479331029	-0.594962106586262	0.90765239626193	-4.03001474784717	0.0926553333506081	-2.23879123333157	-7.56773944419358	-1.6403725515042	-7.42966052322631	-7.46440230859401	-1.07123257746998	-1.01110999682954	-7.06748981121507	3.10138921335598	1.71647172272743	0.422188596283318	2.39160207711496	0.296810659885364
ENSSSCG00000032303	0.178823788249351	-3.98184681278297	-8.00242822410104	-1.16429968101045	0.495743813552862	-0.282517565188944	0	0	0	0	0	0	0.159745451308388	1.36080490176969	1.62511079586651	-2.24488018933577	1.93881804573148	-1.12249762904685
ENSSSCG00000032353	0	0	0	0	0	0	0	0	0	0	0	0	-2.08290747095983	-2.52911159636386	-7.41199745660826	-2.78339848308925	-1.57819875981291	1.50722653940653
ENSSSCG00000032374	2.51846968318566	1.57923113995322	0	2.34714656840801	1.52235493586296	1.6747500101012	0	0	0	0	0	0	8.70380192368994	6.80162244874094	8.68119964133335	7.13178432134791	0	0
ENSSSCG00000032433	1.30710458156887	0	0	0	0	0	-7.96643273374093	-7.96308096388553	-3.49162462706352	-3.57157824979971	-1.92354973037734	-1.52425511041215	0	0	1.89918957124133	0.0384316065197033	1.82009194427628	0
ENSSSCG00000032509	0.54180931132179	3.31890500393022	4.62051179060561	5.05146272076898	1.38319271084085	1.71742811992653	2.45602097404822	0	2.53050167263594	2.17135036886624	0	1.48219235084416	1.64586747773096	0.88404867621652	1.73616020139471	0.100188328770234	0.0417577347587545	-0.912959432689951
ENSSSCG00000032561	-0.253503705224927	2.31067751285512	4.58771714009751	1.46227673344189	-0.654187688968442	-0.0270144352667879	0.17145494789075	1.52651734689715	1.66554049772031	1.8690680229075	3.36029762809302	5.27908209241272	0	1.86731001911521	0	0.700391601403841	0.528522258706307	0
ENSSSCG00000032643	2.33047239750466	0	1.30227527657297	2.50597316272	0	0	0	0	1.4593617686547	0	0	0	-4.27695999532716	-4.41064084688384	-0.939852124148668	-9.26195466331796	-9.35437881938172	-1.47330436507197
ENSSSCG00000032690	-1.33344280974466	-1.15505534694089	0.532574305627792	-0.925946811801136	-0.975537619382194	-1.89494908515017	-2.11702907626328	-1.53878634417601	-1.80943219664618	-7.14451500384653	-0.887104228363223	0.302007403988316	-0.692258119830272	-0.734273576885806	-0.664805977140252	0.121852587862224	-0.839382708774741	-0.822136200359229
ENSSSCG00000032720	0.472909757902348	1.60307973411416	-0.80537741476539	-3.03483519119645	-1.88184213863661	0.159074805375669	0	0	0	0	0	0	-8.27082550526895	-8.34272942255819	-4.28071144983924	-8.26430264612374	-3.43793848467335	-2.04733779389516
ENSSSCG00000032795	-2.01597650786211	-2.08808391247518	-1.9264055483215	1.5256825541692	2.88388369978285	-0.423285066455881	1.16911095331669	2.83729543422974	0.861258484345099	0.741687524851435	6.09805858561779	2.06909250072211	1.04287009085427	-1.13258442704617	-1.52493079930403	-0.474514436459373	0.417716118514023	1.02790599155514
ENSSSCG00000032797	2.77292215726837	2.99333193676623	5.78776971830004	7.54291362476307	4.10951184399416	-0.962446176729537	-7.0967624482552	0.649888600865386	0.895537916508279	-1.16727625390266	0.104212589933358	-2.2089698453042	0	0	2.26728477946003	0	0	0
ENSSSCG00000032849	-0.909766952561491	1.2449311443149	1.72753369448989	1.53204650360149	0.00814152741085787	-0.943959842980834	-1.74625406225409	-0.254678303629872	-7.31009376191259	-3.0534379628065	-0.169683925960016	-0.686853052803561	-0.463388959944265	-2.08346492953699	0.648310038035981	-0.574285622885158	-0.376051281467029	-0.482936301766116
ENSSSCG00000032857	0	0	0	0	5.81767573457948	4.25056722784917	2.39866333353343	0.0722286713246492	3.09159996787472	6.53434654059069	10.1751386556125	7.34855622154888	0	0	0	7.60283223863801	7.9633914798876	0
ENSSSCG00000032896	0.233807103534434	-3.25823597859113	-1.80060039063892	-8.22297392368838	-2.87721094439403	-1.09808441196843	-3.07642593661969	-0.963068542064286	-0.65999072827662	-7.14451500384653	-1.20474587519459	0.847257363630639	-0.300461306625829	-1.53661884626215	-4.42173539107446	-2.21539216697832	-2.11841185922605	-0.761421414042616
ENSSSCG00000032923	0	0	0	7.57883800722591	0	0	2.1855251548697	2.05226333303599	3.33015018599282	1.67446079593945	-1.20362138887117	1.3536572772951	0	0	0.600960339784005	0	0.401525832103559	0
ENSSSCG00000033181	11.1321073660673	0	10.0638874888189	11.6707038930059	0	0	0	0	0	0	0.964300259198364	0	4.32439933169034	4.93857483586403	4.95512322681249	4.66106040935507	-0.113574101361425	0.331201991850024
ENSSSCG00000033183	0	0	0	0	0	0	0	0	0	0	8.11961507311578	4.29097561612967	0	0	0	0	0	0
ENSSSCG00000033204	-0.559018967357306	0.507833172716898	-0.469075133916501	-0.878478147991831	-1.10633429869751	-1.99256777005699	-1.70515239131835	-0.90847932481477	0.162474990410463	-1.47880986181784	-1.77155662834525	0.966751927664445	-2.48446021110239	-4.54862913827627	-3.19566431936184	-8.44660800625635	-4.57335036364436	0.974869399388534
ENSSSCG00000033207	-4.19772240078276	-1.79148855006162	-2.62371476612626	4.38000676703338	4.43901340652234	5.27028665948639	-5.6957968659569	-5.28736424737314	-5.94981848618424	-4.08624130326607	-3.80451311718544	-5.53807829360044	-1.18858339570315	-1.49760291168424	-2.10690224061587	-2.81902951555113	-1.72024242025452	-0.4322434722132
ENSSSCG00000033229	0	0	0	0	0	0	-3.14636315376411	-0.88285768650718	-1.30661674932972	-2.92303841150869	-7.34967561234977	-1.64195803162668	0	0	0	0	0	0
ENSSSCG00000033236	0	0	0	0	0	0	0	0	0	0	0	0	0	0	0	0	0	8.16349162796212
ENSSSCG00000033251	-1.46589423523157	-6.90691207900635	-2.65026253309244	-1.09160905202876	-0.637114311416163	1.40911218398648	1.28775514751737	0	0	1.37834229734968	6.34274411996166	3.85628681548384	0	0	0	0	0	0
ENSSSCG00000033256	0	7.87628688850724	7.27601827633074	8.32579731580979	8.69456332075718	0	0	0	0	0	0	0	0	0	0	0	0	0
ENSSSCG00000033260	0.239636310357322	-4.22181637358298	-3.90961722877522	-10.3319571845084	-1.98095645997476	-0.0378077767786018	-1.1869746782818	-1.17992816693017	-0.878969584682724	-2.23712647677756	2.48020724860966	2.09704006413033	-0.395765982465891	-1.67330842891162	0.54683392239173	0.246821411780485	0.846372122038125	0.321637097774712
ENSSSCG00000033307	-0.0723914401239386	-0.816088103502423	-0.173777380316261	0.365228587040458	0.0104082838187611	0.185290532406471	-2.53783695361744	-3.51004774570934	-4.17275336636985	-8.54414444075388	-0.621085988903797	-3.760549804719	-0.860165652326989	-1.65004837693545	-1.8017186827793	-2.02941170528175	0.513002037336328	-0.80768927959478
ENSSSCG00000033333	0	0	0	0	0	1.29491597450813	3.2237564190879	5.53080384811449	5.27160449314612	4.12323833698347	0.746270203611027	0.913430297316292	0	0	0	0	0	0
ENSSSCG00000033383	-2.41102458266971	-0.308718185807546	-7.77391606068797	0.814202899038125	-1.29622937803825	-0.153007126521174	3.15159746257541	6.73371352135685	7.6645291037789	8.21408765658372	1.48233061409066	0.723871676377584	0.997042254363122	1.48108734368944	1.67280743862798	0.89469362968952	1.34368229522342	0.197447010632983
ENSSSCG00000033414	0	0	0	0	0	0	0	0	7.18018115574233	7.2254268213961	0	0	0	0	0	0	0	0
ENSSSCG00000033434	-8.16679713829372	-1.09221226785442	-8.12396251011182	-8.11089064176883	-4.03680322513743	-1.21878984606136	0	0	0	0	0	0	-8.1063323272788	0.915628427413342	-8.13112250659484	-1.5478558026398	-4.22648454110028	-1.4728132958682
ENSSSCG00000033451	0.578329265469	0.572777781763436	0.365138798982681	0.762876435396875	-0.112499333270456	0.571234226161274	0.972211925307742	0.909332747993618	-0.28783407775166	1.05750006110855	-0.156315052122844	0.337143926204813	-2.15288637874173	-1.45572247432316	-1.36827947913243	-7.45073724987333	-2.62415211417388	1.88222880264191
ENSSSCG00000033463	0	0	0	0	0	0.590108599414115	-1.13776736996505	1.10070842995501	0.552940043156909	1.71819745560441	-1.6126674749039	-4.23145451806902	0	0	0	0	0	5.06319916811326
ENSSSCG00000033490	-0.293314313698012	0.330554038008739	-0.615058919769333	-0.997535094964232	-7.3554302688698	-0.903183057611234	-0.147229113346636	0	0	0	0.103641032383095	0.18606422588859	-1.57202283450023	-0.724801490452187	-0.954669479719571	-2.82799763411821	-2.9961247824895	0.0758416088540796
ENSSSCG00000033493	-1.09076728792966	-1.81890334093992	-2.2890410319262	1.82690461213827	6.96754809836133	4.01922608550301	-1.94880772777186	-1.94167407104628	-3.03659980046683	-3.11819991264854	-1.16305343296294	-0.743006171165944	0.216816941214613	0.848508467653891	0.195812029416397	0.381071736211137	-0.449530751859775	1.24872753927147
ENSSSCG00000033509	-0.0551380586972991	-1.00532797660242	0.0813862491085265	-2.46499053287851	-5.23447515165098	-2.37287323664719	-2.54033541047874	-2.03275255385133	-0.772546610063516	-1.28380468462865	-1.00782399764908	-1.11055103994621	0.381690498995974	1.78003300028151	1.69836687147795	-1.22548282605561	1.60286338563947	4.57315453109785
ENSSSCG00000033514	5.03173518627689	6.37169084782633	6.06160198835118	6.61463198222012	3.70988863546097	0	-2.66454925167476	-1.69812257064727	-2.3617190837485	-1.47880986181784	-6.86778248560742	-0.278798452047033	3.16573942067303	2.93583541688283	2.393705916831	3.51291389992543	0.288681619410345	-0.235513284917679
ENSSSCG00000033544	-1.53972735421102	-2.43362597982274	-4.37831787948837	-2.41138417156214	-1.45693654628317	-2.72722214131087	-0.824006067494523	-0.691975091560499	0.273566524449359	0.073020928691896	-0.891427746273542	-0.36320950433298	-0.254155999723266	-1.80710001736698	-1.11760909976861	-5.22006008955659	0.943169373496021	-2.22359213017387
ENSSSCG00000033578	-0.901313536152932	-1.64981255212074	-2.14275901992701	-4.73180322767967	-1.0305626542387	-2.59141696128362	0	0	0	0	6.97185159570829	0	0	1.54677401055051	1.15148226222812	0	0	0
ENSSSCG00000033580	-1.5682235960466	-1.05938843637076	-2.46783205658392	-2.27223914890013	-2.39393780227616	-0.818674466297663	0	0	0	0	7.15107107511959	8.66705548038134	0.123954115734928	1.02550204420288	0.431699234378063	0.352015345882083	-0.327908495682285	-0.597737169137292
ENSSSCG00000033581	0	0	0.665772086745344	-0.770621772015636	1.45965819297637	-0.101780419298371	0.127307974279615	-0.0874841691806595	-0.88985121516314	-0.226114243083387	1.51532814080021	0.759661047674057	-7.58777450272551	-2.72967553257433	-7.61252596538203	-2.98390278829857	-0.544954050621817	-3.46621869557494
ENSSSCG00000033606	0	0	5.11942915254873	5.21176699171901	4.70654396265645	3.62652795446528	3.09067724671103	0	0	0	3.92706313411512	0	-7.38726511398482	-0.976052658037718	-3.39708357620691	-3.33886562330206	-7.47279230500857	1.98820727791136
ENSSSCG00000033691	1.81660250820587	5.1705428665503	6.84534828302183	9.57291058760638	6.24011981848552	0.287304092222873	5.36848127925316	3.86702572021286	4.05568454437167	4.92492688697848	1.75692603526934	0	-1.08062407205343	-0.359414228935739	-1.12799573414693	-2.11510233755704	-3.95507623041095	-2.15430014317897
ENSSSCG00000033701	-1.5326705391951	0.186819359579393	-1.63284351256246	-3.354837041085	-7.60555876793952	-0.496123124015497	0	0	0	0	1.08852828889214	0	0	0	0	0	0	0
ENSSSCG00000033702	-0.209713460386887	0.534979979930138	0.704144883642315	-0.360388683747401	0.232636460599951	-0.441988967280784	-3.81171245200842	-5.65613972553296	-5.42202799810952	-6.14245715339942	-3.80903861596786	-5.7232151743819	-0.0473472713178896	0.181169960707579	0.145159060234123	0.4399093679411	-0.243075852833307	-1.0401837234708
ENSSSCG00000033780	0.285170075465955	-0.7116578124315	-3.43759385026656	-3.04124397911428	-2.67689195613244	-0.295656679796815	-4.0894682773862	-2.89019201054125	-3.29705314985429	-10.4133251134006	-2.78883173875232	-2.08685247400596	0.647137352217769	0.3280088884181	0.527090810153261	0.338213107606796	-0.0745721989047964	0.293861093462244
ENSSSCG00000033806	1.15304767212737	-1.33069184028614	1.87161097821253	7.41404563011084	1.44331613213759	1.54403130795295	-2.6568174151224	-3.63580235931768	-4.86957759115319	-3.98694240314199	-3.30193957741322	-1.91050125090069	1.87801910911492	2.35734231051399	2.50104359786139	1.74806202497744	-2.10463756745504	0.296034057804213
ENSSSCG00000033815	0	11.4802632978667	11.6129152486395	11.4477475158573	0	0	0	0	0	0	0	0	0	0	0	0	0	0
ENSSSCG00000033834	0	0	0	0	0	0	9.02241737077954	11.4015779272858	11.7190635864806	12.4781015944294	0	0	-2.07596168351891	-0.245173550536154	0.42347559598536	-1.08633337173632	1.30631104055595	-2.94603745779905
ENSSSCG00000033919	0.140559079322456	-1.02290767332951	-0.152666096522598	-0.975549591124725	-0.871298485681572	0.221073241528603	-4.66085532713116	-4.43663240791088	-5.02728964204295	-4.74736584041442	-3.08103261165774	-5.15840993282323	-0.423789098734938	-1.783634390557	-2.4135320202841	-2.67232259093974	-1.82680790899755	-1.33249085155926
ENSSSCG00000033922	-0.278455249124501	0	-1.48615458665609	-1.86009356696391	0.198024675757674	1.04760013006424	0	0	0	0	6.57621000787234	3.18699527561181	-4.73928967431875	-6.73757180683092	-9.75566846132284	-5.68238685256052	-1.54960100899579	-3.2213551227554
ENSSSCG00000033927	0	0	3.92523034859823	0	0	0	0	0	0	0	0	0	7.20320147885599	0	7.25420267683099	8.04447302627564	0	0
ENSSSCG00000033979	-0.771465899810424	-3.35671926350672	-7.37746249700837	-3.1714634678514	-0.775489378960946	-2.52441265586804	0	0	0	0	0	0	-0.608593318917239	0.0391123311288508	0.098104608068653	-0.207581064121819	-0.499203885321231	-0.0584831998654483
ENSSSCG00000034000	0	0	0.876973563622608	3.02742372500085	3.86584978318075	0	0	0	0	0	9.44780661769794	0	0	0	0	0	0	0
ENSSSCG00000034015	0	1.22931892053795	2.62030334517975	1.07325071194662	0	0	4.15783565057358	4.04090309431593	4.31095264563738	1.49694184204033	8.77636094147785	2.48626279844361	0	0.536760815078211	0.767726620470543	0.246821411780485	2.25629105539422	0.101387791751486
ENSSSCG00000034044	-3.56638993167402	-4.69866844911857	-5.03619795103741	-4.94945081298394	-1.61872277437833	-0.716187522519278	0.108130314996866	0.115296364428243	1.02347528653367	-0.407121619642198	-0.384597572700075	-1.10367855033661	-1.92641318518911	-0.237720152899878	-1.41360882565449	-0.641950656648204	-1.08814443257339	-0.408979670091627
ENSSSCG00000034062	-3.41109948996784	-7.58046857034207	-7.50227016873207	-1.35667192480721	-0.581273693058688	2.49586099336	-4.76319171256489	-2.74198788511627	-3.11696611862687	-3.53463108528089	-5.52013738609525	-6.80672057371125	-2.19233877689756	-1.70646839490561	-1.72614863113798	-1.47165220998617	-1.33234986908409	0.329755284197133
ENSSSCG00000034102	0.455967342494592	0.383743426921114	-0.158898924804024	-0.774498852014872	1.27779853305796	-0.208039278343381	3.80086947192976	3.79250207650577	3.80444493913043	5.07574072092975	-0.47515824332909	-0.970456946951471	1.28684006822378	1.84867189109002	1.23997156875272	0.888103124579925	0	1.69347388302752
ENSSSCG00000034113	0	0	8.14625008920495	0	0	0	0	0	0	0	0	0	8.649487208304	0	0	0	0	0
ENSSSCG00000034114	-0.311879620230909	1.77026328089547	2.41667548019266	2.39922423795342	0.454176395157987	-1.01450118388122	0.101635915177819	1.17473957019862	-0.204454899807516	0.331006814390511	5.27762146871382	2.43292725790098	0.564026060264212	0.749577897249444	1.66322003813421	-0.0980018605650931	1.20821861115452	0.353529109185902
ENSSSCG00000034260	0.936126863287526	0.0239050455621069	4.19618389759039	3.23403913294755	2.04239177361898	1.02563036872602	0	3.4174360148213	3.91442502277929	3.3138699123228	5.20659459018752	6.04082383405333	-0.480096863064783	1.09685271802154	-0.29452799584462	-1.95022582429982	0.0749643623220536	1.21335091829183
ENSSSCG00000034286	2.38907705122145	0	1.30227527657297	0	0	0	10.8108056084325	8.65088804028145	9.81949475522354	9.26249890216297	0	0	0	0	7.32414192402681	0	0	0
ENSSSCG00000034345	0.63936434766435	4.67670708868154	5.18005240979164	5.04770190184176	2.05410033316457	0.651089459151006	2.13003474910396	2.66892133639616	2.64117178106578	3.79132949520598	0.218228514070603	0.726727471476821	-1.50619551791376	-1.23309326246619	-1.5530648077511	-0.769000893686363	-1.6652761098684	-1.41923284704173
ENSSSCG00000034358	-3.28627070619881	-3.35671926350672	-1.25978039878219	-0.433355762557403	3.06902298191274	-0.390102416492611	0	0	0	0	0	0	1.92126711647435	6.408291750784	5.09257296575573	4.03663630896666	2.80708848831919	1.32426081890393
ENSSSCG00000034402	0	0	0	0	0	0	0	0	0	0	0	0	0	0	0	0	0	8.74677590437129
ENSSSCG00000034405	0	0	0	0	0	0	-3.75093362830021	-1.48742093110896	-7.78397266194153	-7.81875805626402	-7.95431448518101	-0.548741536199112	0.325564549262715	-2.67338591194146	-3.77166596519871	-2.04319016743651	-0.214944716757128	-1.05597150854084
ENSSSCG00000034474	0	0	0	0	0	0	-0.0741572933624585	-1.96771323248392	-0.465374734530978	-0.748834340524214	-0.845560980338975	-0.026980481112804	1.63123709059661	-0.125514930236538	-0.859948262088159	-8.88609198740856	0.71358812124743	-1.26654823849718
ENSSSCG00000034503	0	8.82269736522273	7.49708031378069	0	0	0	0	0	0	0	0	0	0	0	0	0	0	0
ENSSSCG00000034528	0	0	0	0	8.57457185280598	9.06062267444273	0	0	0	0	0	0	0	0	0	0	0	0
ENSSSCG00000034592	0	0	7.7473407570202	0	0	0	0	0	0	0	0	0	0	0	0	0	0	0
ENSSSCG00000034610	0	0	0	0	0	6.96102032858058	-9.25846637663872	-2.82366006006364	-4.78331361045326	-4.30316551920249	-0.452703589019217	-2.31855812478736	0	0	0	0	0	0
ENSSSCG00000034639	-1.48516403135246	-1.52229437178157	-2.01415230619644	-2.22587581694673	-1.60133348703875	0.119225354289712	1.03653384810861	1.75114752890731	1.13834057134696	-0.394531328756933	-4.33687279774513	-5.5476493909456	1.56955093691765	2.56508155819589	2.78056455983079	-0.12387522931145	1.52201685107101	-2.83651993418264
ENSSSCG00000034686	-0.46667129060924	-0.722618837353348	-2.98565226673258	-3.91793146592762	-4.03680322513743	-1.30557136557723	-3.45274524002739	-1.50699102273657	-7.48592216790863	-0.486513296926948	-2.96091720668592	-1.75908305862834	-7.23621921365099	-1.59109264684545	-3.24602141172225	-7.22971862088727	-3.35612049612779	0.610962932726392
ENSSSCG00000034701	0	0	0	0	0	0	2.92728547286218	-1.33106906747018	0.816367423084188	0.631563070731034	-0.951584908580418	-1.265713630343	-8.06210179566038	-3.20410532604687	-8.08688918817689	-8.05558224213932	-2.08599390269279	-2.67078659447478
ENSSSCG00000034731	0	0	0	0	9.93134210827491	6.96102032858058	0	0	0	0	0	0	0	0	0	0	0	0
ENSSSCG00000034740	0.427470265067865	1.20067861078332	5.10250789888754	2.94639300843084	3.82304918904763	1.95599385915902	0	0	0	0	0	0	-8.5840199188018	1.31467415785436	3.26562695386507	-8.57749291571058	-2.96441968954752	-2.07462274175812
ENSSSCG00000034778	-0.436777897747336	-0.0785387671286922	-1.6562339624618	-7.7608571644679	-0.514356558755757	0.0388077336063397	0	-1.25525941205085	0	-1.03627472524578	0.227985460742068	1.84655655533833	1.12136593837883	-0.293190548578495	0.613042250914184	-1.34370325787501	-0.318586048495852	-2.36805056171223
ENSSSCG00000034866	0	0	3.01255884882386	3.03982562448559	4.49847813283567	2.73180670276194	4.52408626549849	4.53084061767212	5.46356696517814	6.25812379153122	6.87312216545769	0	5.50978302493638	0	0	3.83533952121182	7.23185814430347	4.98328125733369
ENSSSCG00000034870	0	0	0	0	1.33369397140039	3.09920993721935	3.13092874529738	5.94080912676105	5.90268161276452	5.55367424813316	8.35371258755635	4.84915747694481	0	0	0	0	2.01890719751642	0
ENSSSCG00000034920	-0.0400261417777995	0	-1.24780261748592	-0.648798791680935	0.0919008184796598	0	0	0	0	0	5.63297329651581	5.4354404365696	0	0	0	0	0	0
ENSSSCG00000034921	0	0	0	0	0	0	-0.889960165230421	-7.31430426372486	-1.87932406226018	-1.96035613356725	-1.68261461661212	-0.217871932718777	0.965682296188066	0	0	0.220234895914427	2.20337265036404	0
ENSSSCG00000034942	0.152834860072986	-1.02711996796246	2.80379037570784	-0.105707330440131	1.30264897865926	0.642910048462235	5.67856857761835	6.3742841388147	5.64538764787624	6.2600163767602	-4.35305679513708	-2.15899793292328	4.13360258285152	6.20680060131252	6.32719741398863	4.98551508160699	4.63307370329967	-2.42061572750926
ENSSSCG00000034989	0	0	0	0	0	0	0	0	0	0	7.5207310731676	0	0	0	0	0	0	0
ENSSSCG00000035018	-4.21471447634912	-0.0493423240187029	-1.4037815603881	-0.0649966702557061	2.57666157927728	-1.22657048349923	-0.620705481435294	-1.39565124358497	-1.22798443585312	-1.17372463744206	-1.12539569973605	0.306007376087752	-10.8123835814801	-4.66136444222182	-6.26743117389308	-4.13959292944941	-2.89331676103714	-0.607568516560583
ENSSSCG00000035020	-0.319769830377391	-10.9602167040636	-4.44618783064224	-0.406932432241619	1.28083623481285	0.961240991432179	-1.94104818566687	-2.59957358349257	-3.5761507160316	-2.69343070625209	-2.98687297221362	-0.159149700474269	-2.65322377642524	-6.14608301473791	-3.3751761200468	-1.51449489847628	-0.80759467792555	-0.409748681283543
ENSSSCG00000035066	7.22889007322906	0	0	0	0	0	-7.92221885896467	-7.91886750832664	-7.78397266194153	-7.81875805626402	-7.95431448518101	-8.04338741051224	1.9194116827624	-0.998918823264603	2.72028252209227	0.0770679308763386	1.3282623111833	-2.305373564813
ENSSSCG00000035073	-0.950459836405663	-1.52229437178157	-2.80297398171974	1.88876300488999	1.98902523466479	-1.07759517602346	0.901021002584366	4.76876046030365	3.19713590691847	4.44731586903626	-0.309086336531017	-1.93796613418258	-5.02770780965537	-0.525061077271249	-0.59980038155387	-0.539893836626446	-2.52957028791879	-2.7579218133035
ENSSSCG00000035077	-0.525275944326029	-0.859314304279209	-2.19596049233556	-0.668801755282753	4.44665525411031	5.50547613796876	-0.960121084432367	-1.93581692564851	-0.234165849265275	-2.96775771217713	3.75859821074203	0.332094406485585	-2.52822623120431	-1.91041986829876	-0.928310760603732	-2.7540961120199	2.2932451807355	-0.902173039165426
ENSSSCG00000035102	0	7.91773466469988	5.98642232321562	4.47387151548039	1.76094658914392	0	0	0	0	0	0	-0.580688019872243	0	0	0	0	0	0
ENSSSCG00000035105	0	0	0	0	0	0	-7.44810630052293	-3.26988343833244	-1.43699572204626	-7.34481824240137	-7.48015080321851	-0.425858370042887	1.1676135515995	1.61509393351551	0	0.723845924623582	0.459440926120655	1.49470768817257
ENSSSCG00000035186	0	0	0	0	0	0	-7.91773232597376	-12.0856530895598	-11.9502040730849	-11.9851373871377	-7.98344086255832	-12.2106403646505	0	0	0	0	0	0
ENSSSCG00000035195	-0.475220110947337	-1.86914590062531	-2.08625240279645	-1.73102470090873	-0.647569808284804	-0.282426599346471	-0.878868568373567	0.423828861911995	0.191455441284446	1.35906486760165	5.04441593382991	4.67840057630077	-0.316154663021598	0.0103640683578538	-0.369196450608614	0.000602909841687531	0.476200215852848	-0.192623967450394
ENSSSCG00000035243	1.50404297813214	5.04929134145541	4.32542056365159	0.908798518164728	3.27989961819792	-0.110361121735518	3.88808177249353	5.50193361114649	5.025556483491	4.18661040812152	2.59104047660322	1.26170657088965	-0.419657710944598	0.0248178742541427	-0.346680881610172	-1.30411684262601	-1.12951127377204	-0.260520485220067
ENSSSCG00000035269	-1.4604877588851	0.955482300301036	3.39540895221382	5.68101001329056	-0.675372152385336	-1.34362624364925	1.73556934076513	-0.293255475007465	-0.455954956985349	1.44344919730408	-3.49984923326152	-3.10673817676212	-5.47336709438094	-6.17689465983891	-7.04461543797942	-6.03069814571186	-5.63303062666952	-2.71097382102092
ENSSSCG00000035326	0	0	0	0	7.91120749764772	0	0	0	0	0	0	0	0	0	0	0	0	0
ENSSSCG00000035347	3.74095053533242	3.96092552491486	3.44283622374312	7.53961027430366	2.84783393835663	0	0	6.37231065911782	6.4405457553748	0	0	0	0.897867855669536	1.94019673017807	2.91107895286203	-2.40585730946403	-4.15132079467276	-0.13356740654303
ENSSSCG00000035377	0	0	0	0	0	0	0	9.95214364685858	8.79013297689841	0	6.97185159570829	0	0	0	0	0	0	0
ENSSSCG00000035421	2.24864501037886	0	1.92473949111369	2.51770306912336	0	0.696007328761319	-3.33195285918094	-2.33529970165067	-2.70307529121491	-9.33814665799044	-2.4098353510848	-1.31017792922471	0	0.209562682943914	1.35188295906835	0	0.308454317488641	0
ENSSSCG00000035429	0	0	0	0	0	0	5.47445308937222	5.95888635243123	5.19438061355193	4.39621985399256	5.06141619692049	0	0	0	0	0	0	0
ENSSSCG00000035457	0	0	0	0	0	0	0	0	0	0	7.96609355845458	0	0	0	0	0	0	0
ENSSSCG00000035529	0	0	0	0	0	0	-3.07642593661969	-1.13067680922744	-2.77327914172385	-7.14451500384653	-7.27972847064155	-7.36859292101381	0	0	0	0	0	0
ENSSSCG00000035554	0.416980527552756	-2.52428853085573	-1.06682123608662	1.83432364150244	5.20089653165443	0.310582661781987	0	0	0	0	0	0	1.37361973739738	0	0.568958444479517	1.54539219912834	2.51249096371611	1.37380200835696
ENSSSCG00000035612	-2.08169174606189	-0.320484750026686	-2.55163298196373	-0.584788399460446	1.36494172029411	-0.00348639974925056	-7.24771116728415	-7.24436809560938	-7.10982292358204	-7.14451500384653	1.13547773958694	-1.06521889554681	-0.384573023869519	-0.446117256077259	-2.33024759282812	-1.2892707803885	-0.981848767865453	1.25623828584818
ENSSSCG00000035651	0	0	0	0	0	0	2.70465768763649	2.54289961749318	5.77618067428043	3.71074695506482	2.27869828066027	3.04451855177632	0	0	0	0	0	0
ENSSSCG00000035667	0	0	0	0	0	0	-4.57312349236464	-3.5799208160495	-3.53606244808575	-5.87977750454026	-5.21095117065268	-1.7859172431538	0	1.31344384423032	0	0	2.64769410624853	0
ENSSSCG00000035677	0.0354117472782465	-1.95385303648754	-1.3845880705059	-7.48922374736064	-0.402059996827941	-0.0439343707508856	1.82354953175196	2.73258826951801	1.71991565160326	2.44066161635442	3.03595666819826	1.74868167323097	0.319992611531116	0.28747951194688	-0.477362251906649	-1.8135094734234	0.650455259850709	-0.0228967128056904
ENSSSCG00000035689	0	0	8.7149020825932	0	0	0	0	7.10323655870425	0	0	0	0	0	0	0	0	0	0
ENSSSCG00000035723	0	0	0	0	0	0	0	0	0	0	0	0	-3.68759706750382	-4.07861163869601	-5.25881662617579	-5.2004634727843	-3.27295870500991	-3.60036801669584
ENSSSCG00000035724	-2.45779397750575	3.60747495007236	6.69511964547273	7.50106797715604	6.09812547508032	4.71789960987378	0	0	0	0	0	0	-2.19003687765636	-0.246061517334408	1.35713506848183	-1.67084057315228	-2.56742800816907	-0.604892923172336
ENSSSCG00000035736	-1.35479353265233	-2.58316815963713	-3.54682255517482	-3.18898281074053	-3.12738755404102	-0.796220600440423	-2.14666096081162	-1.05722345263336	-0.371116463000637	-1.08572852419567	-0.905998601617043	0.785622930007418	-0.882049171392019	0.394882193325318	-0.345843882295864	-5.36792945232708	-0.847182794884915	-0.44905762833226
ENSSSCG00000035760	-0.189129516766883	0.302950195739387	-0.0190075117066865	0.205809438372454	2.74571358511523	-0.823184024827953	3.81394091561402	6.89196938266543	7.44229829871443	5.43157608587432	0.196554701057504	0.581583824236658	0.932033913036297	1.73906971785935	2.26302155354773	0.564523637202714	1.59975665445333	-0.672353593946317
ENSSSCG00000035851	-3.350034774084	-7.51939570494269	-7.44121555251569	-1.12798206978886	-7.48590852321119	-7.5835490312335	0	0	0	0	0	0	0	-2.01804831499497	-2.88613632424373	0	0	1.33184871327331
ENSSSCG00000035890	0	0	0	0	0	0	0	0	0	0	7.64560712880937	0	0	-1.36087754328133	-1.27413693100236	-1.5279067418131	-1.69828276667588	0
ENSSSCG00000035909	-0.275074251567513	-1.14939729406314	-3.38996132480246	-2.97822702506793	-2.23073835664833	-1.0086977202347	-3.66434844898366	-5.85272069427034	-2.36993212563382	-4.71360901825457	-3.47380735008749	-2.34790270453894	0.357689262772974	-0.164092448773229	-0.140701514684226	0.219644406436409	-0.45223184725338	0.061631989159328
ENSSSCG00000035935	-1.4604877588851	0	0	0	-0.318258882541474	-1.08667333402378	0	0	0	0	0	0	-5.1165905710185	-3.26951803858118	-4.26782026512123	-4.02879551157147	-3.83274168190115	-0.632715930930367
ENSSSCG00000035964	0	0	0	0	7.5783510735321	0	0	0	0	0	0	0	-0.781503302914645	-1.89680109013082	-7.092185589556	-7.06099461557061	-4.09781135386514	0.366769831201669
ENSSSCG00000036008	0.0545121193905516	-1.13193815072041	-1.38129444761671	0.275530107264254	-0.206594177294347	-0.969724720445375	-7.578282698319	-4.18639997709984	-4.16920666891193	-2.36153540638516	-5.12899176837414	-4.20058330843763	0.441197346396893	0.675291541704737	1.01914620055532	0.192765503593051	-0.46740554568518	-0.0519676704493741
ENSSSCG00000036011	1.75169281460182	0.237226159782163	0.628323501202832	2.20956843987572	0.305648729708196	0.460644969101453	-2.91779297837012	-3.49468534238736	-3.28497672055335	-5.40963168254348	-0.173064225234582	-0.621095744512762	-2.13765915215803	-0.246154143506591	-0.500590676567546	-1.67198955673629	-0.271557461148884	2.50553533288398
ENSSSCG00000036013	-8.34906342516752	-4.28568603483707	-3.16790053543668	-5.02337481640481	-8.35101859647309	0.386301188606991	-8.24295692324607	-2.12591151745195	-3.76804721292326	-2.88534504791217	-2.60801774657234	1.47078597668429	0	1.970454149894	0	0	0	2.64032943838458
ENSSSCG00000036059	0	0	0	0	0	0	-5.95622191188601	-7.30673035980333	-7.80356934142222	-10.4078676266591	-14.8353749409063	-7.86342719792244	-7.5239850070897	-7.59573441939322	-7.54873067267561	-7.51747654793985	-7.6095573153731	-7.47910636556674
ENSSSCG00000036064	-0.854763103551702	-2.11285067493657	-2.74893655814517	-1.92246089919034	-2.67506270068476	-0.564052844265043	0	1.33535307547793	2.322983457046	2.46997525757953	3.63819794092452	5.18935673777433	0	0	1.15148226222812	0.220234895914427	0.627127090533837	1.05288577486715
ENSSSCG00000036078	-7.13255819768583	-0.816088103502423	-2.91118043742442	-0.626498912055441	-1.47352321781251	-1.09207604938243	-2.71638739067382	-3.68859720492544	-8.68780529437455	-4.43128333450114	-2.78350540198392	-1.65351231243965	0	0	0	0	0	0
ENSSSCG00000036109	0	0	0	0	0	0	9.17885725461246	8.18513371902126	8.552558065138	8.3494668511095	0	0	0	0	0	0	0	0
ENSSSCG00000036117	-0.360027463874169	-2.39944271146361	-7.37746249700837	0.147660456402802	2.27067722287029	1.16107354827367	0	-0.684053825449473	-0.955456342154173	-1.03627472524578	0	0	0	0	0	0	0	0
ENSSSCG00000036132	0	0	1.49395508355097	2.94958353034273	1.40049073279136	0	2.38060557459924	3.27729276167284	3.0245011541519	2.05709662493944	3.1479496164568	0.801866596093493	-0.491105464181222	-2.41404742945645	-5.4626821175497	-3.40955895783435	0.00574401965700829	-1.38597433486264
ENSSSCG00000036149	0	0	0	0	0	0	0	4.97258347531569	5.24491433558487	5.23747774010349	0	0	7.47713225966902	0	7.39084683373523	8.16602041868209	7.2018973214834	8.3505048730704
ENSSSCG00000036183	-5.11883257525984	-5.05527111055282	-6.01240538569094	-1.56975823087193	-8.29738511810095	-7.56761408031324	-9.16669885145283	-4.02896330854434	-4.1306003050978	-9.06298140463389	-9.19887041649699	-5.23542121408245	-4.08139529762496	-0.277698796171358	-3.08792174060546	-4.51180499243013	-4.56070229146972	4.02230531726588
ENSSSCG00000036274	0.193453064469104	-1.66602365442429	-2.08766209865752	1.06578441663471	1.892728699166	1.38988972925755	0.945721860918092	5.77068860752363	5.62665812142468	3.99841096353845	1.36080580532391	-1.3939119475615	-0.417509152828616	0.768300462450816	0.755788116967678	1.05664394203273	0.199223503800162	0.22746048962987
ENSSSCG00000036331	-2.30267969566702	-8.57669489970467	0.408831900180948	-1.77455979394749	-3.8538937764079	-1.51136873207332	-0.669391571405339	-2.09004831703188	-2.37536584409028	-1.03633213110564	-0.0400486196806487	-1.39476783315452	1.67104980569831	-2.86546141964945	1.38065545804954	1.94594687378165	-1.93702774025321	-2.09285871393038
ENSSSCG00000036354	-7.21001947149263	-7.24541576785203	-7.16732769170307	-7.15430026500558	-7.21196741613078	-7.30949717335672	0	0	0	0	0	0	0	0	0	0	0	4.06514067330368
ENSSSCG00000036443	0	0	0	0	0	0	-4.59859011849488	-2.89308987961458	-3.88888556392772	-3.97009663450283	-2.70727995797207	-0.354378659260776	-2.92911297808369	-3.46196395254896	-7.94541898945807	-7.91412408050784	-1.216200008194	-0.179762268367655
ENSSSCG00000036461	-1.5326705391951	1.48420574088879	4.78648449375395	2.27987838837813	-7.60555876793952	-3.66335823457373	1.47288491855808	3.90549915769208	2.51426363558517	2.00535874970967	-0.141973962687297	0.375548592514356	5.64844024833367	1.81784984333782	0.751093163157445	0	0.551735351042198	4.17208580526344
ENSSSCG00000036538	8.33917932475986	10.3707946672412	8.52693599625186	0	0	0	0	0	0	0	0	0	3.6443447405941	0	0	0	0	0
ENSSSCG00000036545	0	0	0	0	8.75101291322629	0	0	0	0	0	0	0	2.51934273903784	0	0	0	0	0
ENSSSCG00000036570	2.12606505076693	2.15428939360184	1.91729667051133	1.41344664438004	0.682965734446142	-0.686705276648597	-1.62047940497608	-7.72707382655596	-1.71916436098023	-3.33564525243642	-0.00197011539937693	-1.86551784944996	0.184185634923534	-0.590137936637533	-1.20417415864811	-1.7738919738299	0.224807951990897	-1.29400443013622
ENSSSCG00000036573	-0.986606800295553	2.80947426551519	2.49747755700407	2.33143291962244	-0.0644183074492976	-1.73292742730573	-1.37544648024191	-1.04848790190687	-3.99992712036328	-3.11724357897015	-8.50704570240679	-2.29285589235752	-5.00889048259957	-5.78036804969436	-5.20570728128724	-5.05045582632968	-4.05696578162064	-1.11067241878921
ENSSSCG00000036622	0.131156953244651	-1.39307154641711	-4.14836933848934	-1.83149268752058	-0.499806108406286	1.47476403285259	4.56534687763085	4.16305166457511	4.63017765617973	5.09270719522704	1.42394480735692	1.64270285907135	2.0018686244119	2.64259446473432	3.72854800673855	2.69045793212729	2.79750298588429	0.430632468798882
ENSSSCG00000036662	0	0	0	0	0	0	0	7.79963496786297	0	0	0	0	0	0	0	0	0	0
ENSSSCG00000036808	0	0	0	7.2090869370494	7.44782527073719	0	0	0	0	0	0	0	0	0	0	0	0	0
ENSSSCG00000036851	0	0	0	7.02981416141975	0	0	0	0	0	0	10.9670320923833	6.9745794491531	0	0	0	0	0	0
ENSSSCG00000036865	0.0341720075400378	-1.71417709695715	-1.19197897678588	-1.16390805629785	-0.00220639052624796	1.40614614194675	0.0468588323523917	1.29057793090641	2.32020371651473	0.814749495895873	5.12160845287191	1.79442308619715	0	0	1.915540357928	0	3.41585929900566	2.51355338989148
ENSSSCG00000036883	0.921123639949482	-1.71800982540986	-1.7910324100883	0.656485184517093	0.0979030567046398	-1.40162061409001	5.65862190187842	4.80146717892318	5.194824577279	4.96603928586176	-0.15177311339675	-0.920641067733896	1.1902941126089	1.56099987498251	2.19432744889504	0.238221535226968	0.785361204133475	-0.00150524850669376
ENSSSCG00000036884	0	0	0	0	0	0	0	0	0	0	0	0	-3.23989875698602	-5.2380295722821	-4.2413106181268	-3.62754289947427	-2.61176639619708	1.07121971374249
ENSSSCG00000036907	-1.64036285298752	5.7549352477889	2.77826622266342	3.57673696389732	6.86630472321234	6.68023146642061	2.02210318385433	1.17016811306686	-0.640868860477697	0.398896609170433	3.77958380109698	0.707473118219276	-0.750360184403281	-0.245857985522188	3.62574092317614	0.0645796424617816	-0.390842702103095	1.73749371122812
ENSSSCG00000036910	0	0	0	0	0	0	-7.62403047069185	-3.44580539359883	-7.48592216790863	-7.5206716128604	-1.5811133319767	-7.74508855438752	0	0	0	0	0	0
ENSSSCG00000036943	0	0	0	0	0	0	-4.0131708931417	-4.00604971858922	-4.02014834287517	-10.3370317215781	-10.4730632035129	-4.98388937136333	7.25218761393937	3.76592914502742	0	0	0	0
ENSSSCG00000036961	-1.57415813464894	-2.4680020312848	-3.49745710325967	-5.21168409809802	-1.42020941008429	-0.360625393512069	-2.94101600171361	-1.90256127746399	-1.40047370605439	-5.40490550240113	-5.29627721850886	-0.388195009790766	-1.18531483752183	-1.20093070490916	-1.50752326780691	-3.50982190845361	-0.287162433780614	-0.0530279957551471
ENSSSCG00000036983	3.39799200517292	0.821721735677521	1.81420561068442	5.3214877830211	1.98255899065238	0	-0.812822304005394	0.552243921922093	3.51992672252587	1.97313556277811	-0.621922214157579	0.916914965370503	1.58852432811906	0	0.350550869402209	1.40058379385358	0	0
ENSSSCG00000037013	0.203538515541534	0.931243427108493	0.373837692147154	0.683991436954597	0.0927664456346687	-1.42048728726398	5.36895194015299	3.83246802639543	4.52946771510137	5.08892708279297	1.92082339768157	0.704394459360336	-0.0845771726892189	-0.642704511958884	0.255744918444728	0.275221301352348	-0.169113272309951	-0.419257636899645
ENSSSCG00000037028	0	0	0	0	0	0	0	0	0	9.50314557051839	8.70074948751145	0	0	0	0	0	0	0
ENSSSCG00000037072	0	0	0	0	0	0	-6.92815433213434	0.0860097410544939	-0.917405655298084	-0.998765661067327	-6.96011963228401	-7.04884564082639	0	0	0	0	0	0
ENSSSCG00000037079	0	0	0	0	5.17509879240479	0	0	0	0	0	0	0	0	0	0	0	0	0
ENSSSCG00000037087	-0.0183846784758541	-0.0908188488777509	-0.921432673901085	0.833851608129716	-7.66185736330371	-2.19440423997103	-1.70515239131835	-0.265069015178695	0.743293785097272	-0.906504236713363	0.104069110100876	1.71059303767069	-0.235492609680881	-0.130953924245741	-1.72723859243192	-3.60045655061634	-3.76890165090538	4.23670528126802
ENSSSCG00000037110	0.570509057480094	0.353850085949425	0.631738419690778	0.833018724571636	-0.600579199095069	-0.717609802772748	-4.02852880984208	-4.33514275260106	-4.03384684554161	-5.07774584746204	-3.11243734340577	-2.91670082689621	2.39251785719471	0.482332407261504	-0.394632135261441	-1.50767320930933	1.6163518837068	-0.514588428789734
ENSSSCG00000037128	0	0	0	7.12223336810646	7.95991730865789	0	0	0	0	0	0	0	0	0	0	0	0	0
ENSSSCG00000037154	1.33542493601268	0.302420964913729	-2.85588412945895	1.60928525186995	1.58957230057155	0.0961528677341876	-2.01628128978744	-3.30623777834667	-3.96899724765444	-8.34037394922094	-3.06641086448681	-3.2437576019305	0.970671280783045	1.34413315504277	0.670827193222294	1.75022432432457	-0.411922602960271	1.49075825995501
ENSSSCG00000037202	-0.940982307370582	-3.43214877771311	-2.42945492892893	-1.1842438867224	-5.06115034481152	-3.18429784974597	-0.664871364689899	-0.965066924539132	-0.408665095438429	-2.80059183014843	0.0892186053756934	0.113772153534092	-1.54754394870709	-0.978703358614987	-1.05949827807778	-3.92093972127515	-0.17875520723378	4.08405958002914
ENSSSCG00000037207	0	0	0	0	0	0	-3.33085084429084	-6.33891663967498	-10.3784090103254	-5.15926255586427	-5.45313591156424	-2.58277010271651	3.57372869614709	2.29475640654194	3.93204533560226	3.93558007745085	2.26985248939722	1.93359645282147
ENSSSCG00000037358	-2.95828280317066	-3.34809520269125	-4.16561983007417	-4.13786187780284	-0.440599944357626	-1.10068068610933	1.2999765991468	0.898697503417896	-1.13180332749689	0.618277773130919	3.2832748116124	3.11664771819775	-0.198218419047809	0.78725720835346	-5.02862838546921	-4.44687137517511	-6.20769880367955	-2.9790687961063
ENSSSCG00000037416	-0.657177889153806	-1.36065957433273	-2.18182667122795	-0.495785947319205	-1.84609378579827	-1.0472978371797	4.25174352799125	2.92944270572818	4.20597740459214	5.75639186838024	0.253690166369272	1.52702016587344	-0.246636725627822	0.98233759052073	1.23704527094147	-0.00463141886548081	-1.16676749723771	0.455861525378619
ENSSSCG00000037452	-2.31634782099761	-3.65330522248796	-3.75124220785837	-4.44923081941951	-1.78791313137927	-0.189194752406619	-0.585726101527884	-2.17570129742162	-3.18482634025598	-3.527345854379	2.00214599899045	-0.410519957795464	-4.36224462261006	-4.9085334376904	-4.70642920656595	-5.02081784746893	-2.00950468574992	-0.662743018480408
ENSSSCG00000037477	-0.333087076777972	-0.0840736439071716	-1.14744261501026	-2.47974922270565	-3.21507963999207	-1.4377203276532	0.159120131107658	-0.100253349721018	-1.45604020382198	-0.761623209162038	-1.5428461476254	-1.58896503289663	-0.374095642537022	-0.665193784997848	-2.90209545680407	-1.95099175958495	-6.36420746493107	-1.89408006394251
ENSSSCG00000037524	0	0	0	0	0	0	0	0	0	0	6.17547750672493	0	0	0	0	0	0	0
ENSSSCG00000037534	0.676162715262892	4.56945624758387	3.18819945211885	1.42791232509241	0	0	-3.3378773345909	-1.80023406766338	-2.07072473353759	-7.40584895176819	-2.44498877426409	0.0946142096368207	2.31396788090422	1.18937853260921	0	2.5097829776515	3.54852565201298	0
ENSSSCG00000037541	-0.575414693666821	-2.60267072865978	-2.98348916802729	-3.06985005824513	-2.87279564793115	-0.542079405462502	-1.09175935332878	-0.901113487918916	0.484763832473866	-0.369193676219123	5.54974178905205	2.56516899355849	-1.0235042988502	-0.631441220838829	-0.437112958825394	-1.85073235338021	-0.771681380014861	0.615591377920016
ENSSSCG00000037554	-1.35361795485305	-2.98166300744343	-1.84184788028104	-1.01539693207399	-0.859386118980136	-1.67639429477422	0	2.906461088817	3.71376632047874	0	4.82484625414902	6.02107792395136	0	0	1.15148226222812	0	0	0
ENSSSCG00000037579	0	0	0	0	0	0	0	0	0	9.2405087339682	8.18766152380295	0	0	0	0	0	0	0
ENSSSCG00000037620	0	0	0	12.3433394147594	10.0485836205732	0	0	0	0	0	0	0	0	0	0	0	0	0
ENSSSCG00000037684	0	0	0	0	1.07672099139441	0	0.222295899343525	-2.0214920751226	-3.25571861898836	-7.62702553203128	1.78470441505307	0.639117238377516	0	0	0	0	0	0
ENSSSCG00000037723	-0.242785204890549	-0.2370578601309	-0.919156438193968	-0.908236095796825	-0.719735161966694	-0.168151014102163	-2.54752527574291	-2.22679271293503	-1.25810316338436	0.232343814853247	-0.943110969931898	-7.79928725529332	0.0951832872760012	-0.043372934858306	-0.0636733268195788	0.368493054592004	-0.0254837673556391	0.186108855482056
ENSSSCG00000037735	-0.677604874939221	-1.255713486085	-2.52417216920223	-1.45985671241459	-1.37121999353844	0.0165213400985488	0	0	1.20315875824365	1.49694184204033	8.44052869735867	0	-1.02290109566884	-0.53774095036658	-0.173442334809531	-0.239863041387973	-0.43327594605082	-0.808339698867083
ENSSSCG00000037806	0	0	0	0	0	0	0	0	0	0	0	0	-5.59568598769279	-6.28285072399536	-10.2120730828328	-10.1806760816758	-5.35452630794536	-2.44618585170245
ENSSSCG00000037878	1.08071459982191	0	0	0	0	0	8.00143457978512	0	0	0	0	0	0	0	0	0	0	0
ENSSSCG00000038035	0	0	0	0	0	0	-1.02041808132478	-7.44476035385212	-2.97354998005439	-7.34481824240137	-7.48015080321851	-2.56049801556034	0	0	0	0	0	0
ENSSSCG00000038043	0	0	0	0	0	0	-3.21306621686915	-2.24663020776378	-7.24637659772206	-7.2810912535716	0.729599171455233	1.48297095674884	1.31140065061244	2.00362273635919	0.970403027507605	0	-0.58629755364793	0.457533310705335
ENSSSCG00000038048	3.29655869233423	2.88063508906621	1.16628791924875	0	0	3.12950102102854	0.171307446385348	0.265265293140735	-0.190319722095811	-3.46189481708944	-1.0747281447889	-0.485484945084827	2.73736543334297	2.43103053015519	0.0922561472021467	-2.45331497609326	-7.54279483970394	2.52014052419469
ENSSSCG00000038066	0	0	0	0	0	0	-3.28267190571172	-2.60997393665735	-4.2519757117192	-8.62337184874497	-4.62137792019445	-1.7051674688373	0	0	0	0	0	0
ENSSSCG00000038107	0.602511602794219	5.08059912752428	4.3985666472319	1.97275392406759	0	1.77256726604526	0	0	0	0	0	2.79493841699549	1.45547436181464	2.00543818865671	1.69618319778634	1.75556623520396	1.29632895283554	0
ENSSSCG00000038110	-0.0212975464563484	-2.78608638362345	-3.20382183062669	-5.6934598256727	-2.88633777812212	-0.881130301428938	0	0	0	0	3.58628835647013	5.07298506117244	-0.0236016671901495	1.91528523549614	1.00580777012669	0.704540971226105	0.531628502893476	1.64180743094789
ENSSSCG00000038114	0	0	0	0	0	0	0	0	0	0	7.64560712880937	0	0	0	0	0	0	0
ENSSSCG00000038121	0	0	0	0	0	0	0	0	0	0	6.97185159570829	0	0.279168868531135	0.450592834982939	-0.249873772567037	-0.0110674569567014	-1.09107167471745	-2.38986086445714
ENSSSCG00000038135	1.24128349297856	-0.721445356366196	1.57343592529602	0.180323915685395	-5.13904391491447	-0.285011543843599	0	0	0	0	0	0	0.739673541404798	-0.200487161173672	1.59759291181228	-1.13914758993775	-8.10217579152645	-0.390478758420162
ENSSSCG00000038138	-0.440999709645243	-1.07005863346225	-1.03235658806702	-3.44115779101255	-1.1265839582965	-0.281888409151883	0.570686757038208	-0.214885584175981	0.539854943009007	1.56147680105148	5.44814718066953	4.14196305895188	0.0375233564656081	0.37827417296193	-0.255359637319335	0.566419504058676	-0.509238800495403	0.00796566775227547
ENSSSCG00000038160	-1.14695003234764	2.10175817060878	3.04157751368151	-3.00814252335064	-0.7377634516379	-0.763885890662649	0	0	0	0	0	0	-1.52221707534363	-0.709720618531413	-0.621579354562952	-9.37425313972216	-2.26479091222997	-0.1948973016986
ENSSSCG00000038177	0	0	0	0	0	0	-0.310594834708477	-2.17992809889287	-7.17971478919605	-7.21441869110356	-7.34967561234977	-7.43856648160742	0	0	0	0	0	0
ENSSSCG00000038182	-6.37233842896088	-6.44401957794464	-7.24290478130496	-5.68414018953984	-1.89385999278722	4.9122116860921	0	0	0	0	0	0	0.117769983979653	-0.642439721589312	1.43896622419289	1.63924549504382	1.43574535101227	-1.54718430346896
ENSSSCG00000038290	-0.165494268372705	-1.89683938806153	-8.30621077881592	-0.530776530699948	-8.35101859647309	-3.14069641171495	0	0	0	0	4.56782141715301	0	-0.452900765528455	0.477846765357308	0.16279841479712	-1.09480456462245	-1.96388043202992	3.37670251161108
ENSSSCG00000038300	0	0	2.80782320949064	5.1017785071138	4.13701278531795	0	0	0	0	0	0	0	2.25878418210258	2.58229928776743	2.29915057663333	2.27111182268996	0	0
ENSSSCG00000038323	0	0	0	0	0	0	0	0	0	0	0	0	-0.404618669182891	-2.39084467665092	-3.82784509311363	-7.81147356880546	-7.90364458245296	-1.07018273510296
ENSSSCG00000038325	0.718448248008401	-0.968527809579457	-3.32356793592211	-7.48922374736064	-0.785949934045993	-0.874607599295795	0	0	0	0	0	0	-2.15288637874173	-1.30586358414365	-1.94286255949014	-7.45073724987333	-3.57722400988852	-2.37910792738267
ENSSSCG00000038489	-0.889362514549143	0.19803391091997	0.893732764773454	4.80207719011633	5.48664045496495	3.81228962566671	0	0	1.68433064564617	1.12197997571808	1.30887099064853	0	-4.48388075369957	-1.69807717472244	-2.02134943933945	-2.94628350447653	-3.68721634159183	1.86331136525926
ENSSSCG00000038521	-2.1353496669401	-2.28574367997131	-0.609324938030528	-0.460422435980623	-0.662344508334004	-0.679392865384875	4.43789128572744	2.9042292289442	4.1337692592522	6.08027965357936	1.29736117473325	0.984350851571782	-1.05041369396076	-0.621667676261584	-0.114239582293861	-0.397598587411592	-1.10070908909125	0.639258296275369
ENSSSCG00000038536	-2.37907163457287	-0.781593622195324	-0.954816777452907	-1.17378548141055	-1.04907383222713	-0.849851430495325	-1.94713841403267	0.975828031077921	0.317497242174858	-1.65798301483528	-2.01473870138729	-2.35248463507639	-2.16714687792274	-1.38513018410487	-3.50835396569006	-5.31968158701086	-0.1409393071855	-2.39706538428603
ENSSSCG00000038594	-0.890709420810984	-1.42311723697133	-0.851749744240579	0.604694096281719	1.10492737912747	0.458488702106216	-3.48259363750382	-1.07512640531763	-2.45627859253589	-4.53927249488651	-4.15436060445506	-5.45605912878168	-1.12172162368653	0.433397116630457	0.522202818298838	0.0552513745539142	-0.0509993979402729	-0.248393256880682
ENSSSCG00000038602	0	0	0	0	0	0	-1.2622786355627	0	-0.955456342154173	0.523262000975774	-0.757747467852147	0	-0.669813547708267	-0.49864248615709	-8.04125665406637	-2.44270273888257	-1.89051247136792	-2.93825232401527
ENSSSCG00000038607	-1.88198754897304	-1.95385303648754	-2.05024772873996	-2.7378380268409	-7.54697369281411	-2.64928827074298	-1.68249920926476	-1.26731508621383	-7.24637659772206	-2.98971097397673	-7.41638770312641	-0.941941907450246	-1.74134228897046	-0.478910246177357	-1.68221089945797	-3.09964560456782	-1.46115691018557	-1.1073052193939
ENSSSCG00000038616	0	0	0	0	0	0	0	0	0	0	8.22816605315093	0	0	0	0	0	0	0
ENSSSCG00000038663	-1.14695003234764	-1.1045717555694	-4.56688121559826	-2.59994322059748	-5.57845329417799	-0.686155488577932	0	0	0	0	0	0	0.611875779077691	0.554104530045949	-0.0939690750718077	0.230997222585459	-2.51014940606394	-0.580956741790259
ENSSSCG00000038667	0	0	0	0	0	0	0	0	0	0	0	8.58154288814795	0	0	0	0	0	0
ENSSSCG00000038768	0	0	0	0	0	0	0	0	0	0	0	0	-2.17314048467607	-2.88212279394882	-3.36438992119064	-8.30265331111852	-3.47629680096379	-1.01820434413352
ENSSSCG00000038838	0.384009707641926	1.05723235133164	0.687251837966513	0.520792359387503	0.382189552282864	-0.189768129658644	0	0	0	0	0	0	-0.360809979508393	-2.84939881503904	2.41100774859222	-2.1337052206949	-7.79309517114043	-1.3340419785604
ENSSSCG00000038877	0	0	0	0	0	0	-7.50916256525536	-3.33093890357708	-3.03457167861525	-7.40584895176819	-2.44498877426409	-2.05163622239798	0	0	0	0	0	1.43997007864434
ENSSSCG00000038924	0	0	0	0	0	0	-8.6203691847703	-1.81091686601922	-2.38992277813811	-2.69036984349535	-1.34204834256403	-4.68899808089543	0.68912994422479	-3.48858544553719	-2.61426468850376	-2.36534961256452	-1.03005186283172	-1.49274095390336
ENSSSCG00000038929	-0.618756576139274	1.04826025132217	0.7933310543116	0.902823018227013	0.167339643052642	-0.181491902178537	1.39941114641147	1.02819780664182	1.28863410609069	1.36632309710025	7.11285625794579	3.01954541900245	-1.35590028816681	-2.16480122495944	-1.18971495384241	-0.707092409452176	-0.953344700726215	-0.105081202687476
ENSSSCG00000039025	1.08071459982191	5.17825144231618	4.61647910066601	2.19062628659618	1.07672099139441	0	-0.361433128085374	-0.212360866818415	-0.370075053416464	-2.60542334244662	-0.620146845395558	1.6345075535925	-2.61698938299644	-2.65979696372872	-1.76688053321997	-3.50587557891086	-1.78121492818879	-2.11547275730481
ENSSSCG00000039027	0	0	1.42654146833238	2.18570527548601	0	0	-2.18560762154637	-3.42211045592137	-5.32875767721573	-4.47847888367124	-5.6881855990058	-0.247153339870966	0	0	0	0	0	0
ENSSSCG00000039101	2.23071276131325	0	0	0	0	2.44683920414201	0	0	0	0	6.80082644469853	1.8934111042557	-0.109870566603066	-0.108294472702847	0	0	-0.58629755364793	0.968240835015594
ENSSSCG00000039103	0	0	0	0	0	0	0	0	0	0	10.9245290356919	0	0	0	0	0	0	0
ENSSSCG00000039169	0	8.37405967332542	0	0	0	0	0.034727492614576	-0.684053825449473	0	0	0.227985460742068	1.5844002180795	0	0	0	0	0	0
ENSSSCG00000039186	0.18991103679995	0.165276910740277	-0.207953171524932	0.405757463399374	-0.404329895240332	-0.0114420145440477	-7.44810630052293	-2.71179471605095	-0.0374250698384963	-0.531218958643512	-1.08752656094018	-0.594508206656893	-0.148697853942314	-0.125911068320214	0.179068389057903	0.0658118126769593	-0.578712125882053	-0.340684526714344
ENSSSCG00000039214	-1.09539157344064	-3.42049221749946	-2.30290530913645	-7.42817227321359	-2.39570210838469	0.0734503825104104	-1.74625406225409	-1.73917860241875	0.209028528073262	-1.29969437780191	5.8657312566666	1.44116916799604	0	-0.244041274865101	0	0	1.48250038104401	0.556210845931755
ENSSSCG00000039252	1.87088792296209	1.57923113995322	2.79078528059176	0	1.52235493586296	3.81132099854034	0.93726604921068	0	0	0	4.9444031207044	6.65349813367694	0	0	0	0	0	0
ENSSSCG00000039270	-0.0935640192723854	-2.04078104548406	-1.93667479619948	-1.96965895058487	-2.8033046618134	-0.982789823331348	-0.593637328878426	-0.242322952874651	0.365849571562468	0.258475331725692	4.17878189644582	5.7037812787217	1.07491069672381	0.894324605219956	0.9349614553801	1.21624485835463	0.240201709178477	-1.22817190898918
ENSSSCG00000039273	0	0	0	0	0	0	-4.47649552027208	-8.64442391054133	-4.17275336636985	-3.69257258163778	-3.01286731448973	-2.09147545430504	0.64803106912143	0.74627017708918	0.760255583464033	0.819854435164609	1.91709078743068	1.96371778145219
ENSSSCG00000039315	0.41601327310281	0.110826535089004	-1.46925840606212	-0.457909079944772	-0.319208724667112	-2.06792606218817	-5.4518730225491	-3.96476642325061	-2.68949438478247	-4.30606287387925	-2.34061540577159	-2.25909775795311	-1.1834339588881	0.232263409342651	-0.759739158919132	-2.01065958923427	0.385372708408382	-0.683150753369125
ENSSSCG00000039341	6.0295474070498	6.60927832524666	6.88020218094435	4.92706271267793	2.91457459496665	0	-7.38435144753361	-3.20612945707609	-2.90983281586386	-2.0270286960353	-7.41638770312641	-1.92676720879542	8.18205998720113	6.97254993015391	7.89831865000669	8.59675674049526	0	0
ENSSSCG00000039344	8.78052033196084	0	8.14625008920495	10.3797103844098	0	0	0	0	0	0	0	0	3.96349960956872	1.06060460833296	4.56915355013488	5.00966504360676	0	0
ENSSSCG00000039416	-0.518933933824194	-1.55134191515215	-2.99125085902576	-1.84232424223566	-2.62391203056547	-3.22660687337701	2.51415150686344	7.17643334953902	6.76908736152196	3.22526202943697	2.44961976528046	2.75617657028441	2.25906562873148	2.78960227773114	2.82638438568548	0.471333887187491	1.15401682294128	0.732926235402941
ENSSSCG00000039445	0	0	0	0	0	6.49992479067529	0	0	0	0	0	2.93819859855564	0	0	0	0	0	0
ENSSSCG00000039553	0.0117948956748576	0.0700468417326174	-6.30068625265112	0.768923664653543	-0.0609870516055242	0.151256719927964	-0.188443645616821	1.49488997439127	-1.08588186894891	0.139315544410541	4.76109580429858	1.17606369668761	-0.663755704675029	0.345719231208966	-6.55142693845529	-2.53336810185008	-1.12596268683643	-0.336667880945801
ENSSSCG00000039557	2.06888230039475	0	2.00685726293404	2.11214127344192	1.33369397140039	1.55227907188389	2.52600889161331	0	2.44358776119081	2.60902338321523	6.50239626532814	2.53313166339173	1.54421947911085	0	2.19334224159706	2.30681485515581	1.3854633729796	0
ENSSSCG00000039561	0	0	0	0	0	0	0	0	0	0	0	0	0	8.47077575652102	7.18069938969166	0	0	0
ENSSSCG00000039573	-2.4785479683669	-6.5561196519732	-6.41575890956435	-6.1847713891054	-0.416597274210555	-0.204794794403811	-2.12441551456131	-2.60170882921459	-2.86674239199732	-4.95473376309925	-3.51528998787	-2.42779196486044	-1.90904286542313	-2.76229172092386	-2.3019914537738	-3.24957989245633	-3.29934999309406	-1.68707893286265
ENSSSCG00000039651	0.151718298344982	-2.39603806922878	-3.48659452956407	-4.18458541786224	-2.32750841870756	-1.82544341876919	-1.39921876793626	-1.80023406766338	0.0704411902305189	0.139576553725875	7.11171120537447	6.53692869931772	0.544852301545456	-0.171984237946686	1.11204254169123	1.26283111518019	-0.707701437021202	-0.26903581065095
ENSSSCG00000039704	0	0	0	0	0	0	0	0	0	1.25808615284125	5.25813748316276	2.8387860564391	-1.9850386003222	-4.1867013298438	-1.92640796788712	-3.07148537311837	-2.83648778830309	0.499431973028252
ENSSSCG00000039758	0	0	0	0	0	0	0	0	0	0	8.26756438014164	7.61430000828914	0	0	0	0	0	0
ENSSSCG00000039813	-2.99863468244858	-3.06903789138587	-2.91118043742442	-7.07686029944562	-3.00255713710051	-1.09207604938243	0	7.5598036899497	0	0	0	7.14322928576711	-1.38942632634626	1.07999651375371	-1.62766478513458	-2.77276013275878	-0.131321288749181	-0.605607607601504
ENSSSCG00000039823	0	0	0	0	0	0	0	0	0	0	0	0	-2.81772588928533	-2.69279237882897	-6.02704356170327	-4.0997579508514	-6.13450488777347	-0.743676576376635
ENSSSCG00000039825	0	9.10224289781109	7.49708031378069	7.36852488444199	0	0	0	0	0	0	0	0	7.5967785740339	7.21342319725101	0	0	0	0
ENSSSCG00000039854	-0.121894146256374	1.61068065506493	1.87352319601523	2.4939189406508	1.66196739554338	-0.245192588417694	4.32197658758313	5.8814726747824	5.09637437135978	4.96691707026232	0.671619135056302	0.0236240908755356	1.20201718546664	3.18636608822708	3.23263552265072	1.56233030424037	1.58149803254729	-0.610564841241427
ENSSSCG00000039855	-5.73879415992511	-9.90831417578424	-4.12022429051162	-4.66370319738079	-1.61329332258794	-1.26500967266391	0	0	0	0	0	0	-8.14924706729238	-0.204525068706546	-1.33172805306209	-2.35743626555598	-1.10656660281721	-0.784766330900402
ENSSSCG00000039874	-0.180671001903163	1.1103347377305	0.23892750310877	-0.181771060425733	0.895151496153249	-0.432456147639374	-4.43132299810591	-3.80495278843006	-5.00700018411679	-6.8692275977896	-1.87397524182411	-1.35160666229195	-1.79785817059084	-0.684918262626027	-0.822331079973097	-1.94241794863734	-2.38950438252708	-1.24669210717437
ENSSSCG00000039888	0	0	0	0	6.96569999975542	0	0.76325860137897	0.386982141935052	0.794326689199836	2.19390852107052	5.26039754081648	1.62548439364522	1.91170598979024	1.70500056423984	0.10307970715876	0.382759557841632	2.27522920287334	-0.0227553780941178
ENSSSCG00000039927	0	0	0	0	0	0	0	0	0	0	9.20561452130861	0	0	0	0	0	0	0
ENSSSCG00000039985	-0.622714426184332	1.10196834300929	0.808799377073002	0.938529335348652	-2.46639939063611	1.5074111943456	0	0	0	0	0	0	-1.28400338643632	0.756825637124019	1.41398036258954	5.411291794591	2.14708658567298	1.16251894092679
ENSSSCG00000040025	0.854230326970241	3.37244009380241	4.38648670654459	5.42564512341917	2.9643313083129	0.888970608300262	-1.73946194829816	-0.546443264334637	-1.77296213515452	-2.7177762581131	-0.533941435645748	-0.217265445386783	2.22435415341728	-0.783927537779305	-1.44909526087059	-1.38933203749173	-0.809305662485384	0.675311659160147
ENSSSCG00000040042	0	0	0	0	0	0	0	0	0	0	0	0	-2.54742883519762	-2.68271732692056	-2.76338587480112	-9.66663554262463	-4.84045269842058	-1.98846498138264
ENSSSCG00000040053	0	0	0	0	0	0	0	0	0	0	6.18552273920557	3.1710426902367	0	0	0	0	2.56795557804053	0
ENSSSCG00000040083	1.13789288296397	1.13615222905797	1.09988389437632	1.83972199306854	-0.603358384738789	-0.112359362071298	-3.60245165816764	-3.01734183772575	-3.29175355610956	-9.60861897532921	-0.987384832436592	-0.678487017205409	-0.079653309055966	0.510186291539039	0.116088381518751	-0.609269569364401	0.991994011519342	-0.603509000095549
ENSSSCG00000040130	0.98569825349996	1.11907431362668	1.83294031804788	1.74758584933366	0.0224187819270696	0.0280330616569811	0	10.3130085776581	8.47681689207629	10.2281843918236	9.05613463246296	7.87610676189289	2.4374667953482	2.62164075479408	1.20643556711745	0.0167791705710638	1.69235069254196	-0.0839934352472781
ENSSSCG00000040146	3.4475989793105	0	5.20754638790505	3.72611507762254	0	3.69027838182557	0.751157104282219	-0.808150086357397	0.220380122844924	0.274902622778626	0	2.59481398082836	3.17265094114803	0	3.80220082771393	3.25523712258783	0	2.89296338438547
ENSSSCG00000040164	-1.3204756286322	-3.52034718766111	-2.47657087191019	-3.14102975145322	-2.4645678210602	-1.47436026503512	-1.86053535547041	-3.60258816637719	-3.30608687204373	-7.67739992379491	-2.71667123988793	-0.758704722976386	1.16837126613376	-0.6788680312344	0.223485694643141	-0.531337343658841	1.03311789757863	-0.95432740822401
ENSSSCG00000040208	1.7490852737613	0.366589700179198	1.06809111148951	1.51036263419417	2.11492941047299	1.77674195511022	3.07064541517028	2.65594181240251	3.00726658965835	1.48524503260736	5.13041894816267	2.37977085114564	-0.309214501938536	0.525017812998381	-0.15814296890587	-0.0526017894745296	1.53795436787909	0.902725245776664
ENSSSCG00000040328	0	0	0	0	0	0	0	0	0	0	0	0	-7.45724402176672	-7.52897532944037	-3.4670694608937	-7.45073724987333	-7.54279483970394	-3.33571077583694
ENSSSCG00000040329	0	0	0	0	0	1.54101394918087	-2.92030989196511	-1.93394815990845	-1.05195664187264	-3.65611298419353	-8.08309882947579	-2.59366622244956	-3.27753831623508	-7.38540743519769	-1.22473879269152	-3.2653205772889	-3.43364828140386	-0.0228892303798076
ENSSSCG00000040330	2.57388119913714	0	0	0	0	0	0	0	0	0	0	0	0	0	7.6847099441958	0	0	0
ENSSSCG00000040342	0	0	0	0	0	0	-0.578745588244091	-0.664032077596839	-2.642566659241	-3.28344810801201	0.348563542919919	-7.79928725529332	0	0	0	0	0	0
ENSSSCG00000040356	0	0	0	0	0	0	0	0	0	0	7.86696993628324	0	0	0	0	0	0	0
ENSSSCG00000040376	-7.60360766272245	-1.2872074533984	-3.38214329752876	-7.5477962169262	-1.21906166381036	-1.73068758867818	0	0	0	0	0	0	0	0	0	0	0	0
ENSSSCG00000040401	-0.887385657190546	-1.84535549896598	-2.5496915337904	-1.2536149309068	-1.91933328239058	-2.6109152883575	-3.1122748322252	-4.06472588831421	-0.831922302707357	-8.13940760544847	-4.1372823439859	-0.933342273458384	-1.67492492034968	-1.08477247049875	0.914783423903311	-3.18782404712589	0.14160628830086	0.710067678785463
ENSSSCG00000040408	0	0	0	0	0	0	-7.92221885896467	-3.18590187052548	-3.44742888008334	-7.81875805626402	-7.95431448518101	-2.46485201611585	0	0	0	0	0	0
ENSSSCG00000040453	0	0	0	0	0	0	0	0	0	0	5.4920761372022	0	0	0	0	0	0	0
ENSSSCG00000040464	0	0	0	0	0	0	0	8.38243746597423	7.72955351002063	9.10102650114024	0	0	0	0	0	0	0	0
ENSSSCG00000040548	-1.93535441244741	-7.8521869137254	-7.77391606068797	-7.7608571644679	-7.81866148352541	-4.79138084044791	0	0	0	0	0	0	-3.93317251628235	-8.041203186411	-7.99413348277939	-7.96283429503653	-8.05504507310234	-7.92440743579907
ENSSSCG00000040615	-1.01117755081791	-2.06875033128602	-3.43843292282021	-3.41112399566179	-3.52990908823681	-1.33385279337467	-1.85648893642182	-7.96308096388553	-3.49162462706352	-2.29454866981498	-2.33147133008665	-0.723452811728605	0	0	0	0	0	0
ENSSSCG00000040637	0	3.64647232890272	1.30227527657297	5.24876741474204	0	0	0	0	0	0	0	0	-2.09342862053961	-1.43096001791023	-1.56336567479051	0.110438176542771	-1.17865511263553	1.01852614913946
ENSSSCG00000040648	0.605261212318574	-1.42590228616716	-0.852273623240631	-1.1214029864875	-0.777490398834789	-0.894981876241661	-0.410703561874518	-0.197977079281121	1.32653673441441	2.07976699486019	5.10029103465982	1.70272365836453	1.6812727289219	0.744627481463839	1.6342064966228	1.41142438588411	1.3003021987523	0.966086161598007
ENSSSCG00000040650	-4.2820529819252	-5.2707750560392	-2.25543568851996	-4.1670792497558	-1.27301824488357	-1.38616634148813	-4.85626520835558	-4.8493147390124	-4.55243897260861	-5.56061294463335	0.083721650605861	-0.755353279961736	-0.521553626053347	-1.42230532756504	-1.1458048646305	-0.0978499791883496	-2.23425044927161	-0.319822542588326
ENSSSCG00000040652	0	0	0	0	0	0	0	0	0	0	0	0	-7.41286726553112	-13.7709802150272	-13.7237316078125	-13.6923101723072	-13.784873607085	-2.9569748376458
ENSSSCG00000040687	0	0	0	0	0	0	-0.58723192934319	1.17355276030906	0.204156148120181	-0.509017399597563	-7.04690072620707	-0.253432805116104	1.70818318122202	-2.87691756152638	-3.77354170060072	-5.23939408215647	-5.40814392649736	-0.297116607522016
ENSSSCG00000040689	0	0	0	0	0	0	0	0	0	0	7.04847756424962	0	0	0	0	0	0	0
ENSSSCG00000040715	-1.8716782246739	0.192708415986849	-1.782970602675	-0.775718644781512	0.411985744490323	-0.102253612964681	-4.59859011849488	-5.14965954131259	-4.85273250900539	-4.93277891244426	-1.131907829153	-1.39340812652665	0.884349144975057	1.48400611345391	2.09033325913762	3.14916537144617	2.96745133069425	1.15910933140021
ENSSSCG00000040720	0	0	0	0	0	0	0	0	0	0	7.70421260004237	0	0	0	0	0	0	0
ENSSSCG00000040725	-0.357655734131058	-1.40763819020615	-0.93409042087305	0.337492248636634	0.873773637762158	4.52050683862994	-4.86640882246885	-4.85931628790205	-5.12911938648148	-6.17304683946944	5.48639849144878	-3.32567081401302	-1.4138029976194	-1.14066603698644	-0.88607704301879	-2.37124361527404	3.3498965066344	-0.022849406559366
ENSSSCG00000040728	0.188588110394921	-1.85073203952001	-1.69065452252317	-0.683409749275598	-1.21254089768367	-0.421045932105388	-0.659420641555197	-7.56439196216868	-7.42966052322631	-1.63803412595323	-2.5035726148459	-0.394562552269682	-1.09473888218054	-0.368608523218832	-1.14154747121397	-1.6521318437771	-0.846637409919625	-0.0228022953902422
ENSSSCG00000040822	0.742451081901218	-0.396164327212582	-0.326859518591948	-1.19229383948481	-0.156449395007895	-1.03563513482217	-7.38435144753361	-2.24663020776378	-2.90983281586386	-0.727963538742258	-2.32016184586424	0.550653767679507	1.36289283456969	0.735716803923067	0.959715388081429	-0.974660677072569	-0.240910614942968	-0.736653212518581
ENSSSCG00000040826	0	0	0	0	0	0	0	0	0	0	4.39650471659894	5.73960559227639	0	0	0	0	0	0
ENSSSCG00000040829	0	0	0	0	0	0	0	0	0	0	7.64560712880937	8.21585028464445	0	0	0	0	0	0
ENSSSCG00000040843	2.30820900075365	0	2.7321713216626	1.76678282276253	0	0	2.67525335746736	2.82495526621827	4.24763371505606	3.91528833385387	-0.697248001012344	-3.14564675744522	3.82036265347109	4.59937605452981	6.17256591258329	3.61390656633699	3.80174049388518	0
ENSSSCG00000040947	0	0	0	0	0	0	-3.65822068274037	-7.82615548467598	-7.6912995807929	-7.72607458210337	-7.86159281816233	-7.95064253130231	0	0	0	0	0	0
ENSSSCG00000040950	0	0	0	7.29100730576332	0	0	-2.69882382238396	-7.82615548467598	-7.6912995807929	-7.72607458210337	-7.86159281816233	-7.95064253130231	-3.68953839740671	-4.31870844827643	-4.55957650135295	-4.8723458806279	-3.5201487534457	-1.42348320375566
ENSSSCG00000041010	3.59889449587465	5.84440935252308	6.50485181108288	3.71375138171643	2.71655480819828	0	0.363264895966912	-0.62261187031791	1.0882813285221	0.0979037655862087	-0.0392087350912813	-0.217871932718777	2.66007652901095	3.41646012023921	3.417818514737	4.14627733198823	1.50852755023109	2.03103135499156
ENSSSCG00000041061	0	0	7.91011993411776	0	0	0	0	0	0	0	0	0	0	0	0	0	0	0
ENSSSCG00000041504	0	0	2.67107476997651	0	3.29965668910508	2.50542323864611	0	0	0	0	5.02176051801298	0	0	2.49398982138469	2.67794855586886	2.82843451186224	0	0
ENSSSCG00000041625	-1.29220502764188	1.11704346141653	-0.497897784357227	0.640658404254962	0.0421339705015508	-0.00680844570307178	-1.08147434605721	0.0539878708529508	-7.37111546047345	-1.00301829822581	0.273516751453785	0.382880299577309	0.66227250155214	2.05269945463655	0.633423958222105	2.25196806219087	0.165906931387446	0.712377417762235
ENSSSCG00000041649	0	0	0	0	0	0	0	0	0	8.67871042772155	0	0	0	0	0	0	0	0
ENSSSCG00000041701	-0.113807908766597	-4.27489032022488	2.43514293587993	2.92847750017068	0.914947206073042	0.0809412441240553	-1.58164357390145	-8.00597962859086	-1.99795236261224	-0.360419466772242	-0.337222518616783	0.296164010882225	1.41948894912893	-1.67330842891162	1.23090446139557	3.3225904610208	0.511486899235773	0.321637097774712
ENSSSCG00000041871	0	12.7655766297184	8.49308178534896	0	0	0	0	0	0	0	0	0	0	0	0	0	0	0
ENSSSCG00000041892	0	0	0	0	0	0	-7.50916256525536	-7.50581581909675	-2.07072473353759	-7.40584895176819	-7.54121463152626	-1.19095567058805	0	0	0	0	0	0
ENSSSCG00000041917	-0.528602512312776	-1.72889702489952	-0.144553586651566	-2.83639057074961	-1.52477116436549	2.60611661667699	8.55218314953479	9.02621253991264	8.88108132215955	8.12781143808028	0	0	0	0.0738158807816614	0	0	0	0
ENSSSCG00000041979	-0.0400261417777995	-0.837202695837958	0.967417928755484	-0.430309941482203	1.0840325242284	-0.387676820620587	3.03817125422696	0	0	5.37650775021984	0	1.8934111042557	1.28684006822378	1.60902486861352	1.82099754959248	0	0	0.83834831555783
ENSSSCG00000042093	7.58043475248334	0	8.00925569966031	0	0	0	0	0	0	0	0	0	2.84524230696494	1.10496247127208	4.08861712762902	-1.08633337173632	-2.23425044927161	-1.01163273943513
ENSSSCG00000042142	0	0	0	0	0	0	0	0	0	0	0	0	0	0	0	8.08613706623421	0	0
ENSSSCG00000042233	-0.81924610301017	-0.227700361066968	0.490608315179346	0.408009666950149	-1.45170112821814	-0.972272357046831	-1.94104818566687	-1.93394815990845	-7.9126944978898	-2.69343070625209	0.903906424461119	1.34741631066824	-0.528162661201855	0.70139508193383	1.38945334604186	-0.276780032726911	-1.31919964229932	0.58163810826058
ENSSSCG00000042264	0	0	0	0	0	0	0	6.47179353569413	6.05824275959213	0	0	0	0	0	0	0	0	0
ENSSSCG00000042315	-0.939377178043735	-1.97238341608182	-2.18670531934722	-1.45290091762223	0.120330034769382	-0.290173892234693	3.96150139768714	3.34671619945721	4.91164810076416	6.49815277028419	1.53409752686984	0	-0.264766878922976	-0.358482134608564	0.263759619090621	-0.979876559431349	-0.168852507574367	-0.904373563535977
ENSSSCG00000042325	-1.33635325857734	0	0	0	0	-1.53225273549684	0.363264895966912	-0.0423090304908304	-2.84317100733785	0.913392746976717	-7.34967561234977	-1.86003108721103	2.29436872977547	1.86667440469397	0	0	0	0
ENSSSCG00000042333	0	0	0	0	8.33709116667342	7.71118243060126	0	0	0	0	0	0	0	0	0	0	0	0
ENSSSCG00000042458	0	0	0	0	0	0	8.48525195913426	7.5598036899497	8.02375005396059	8.30777676306586	0	0	0	0	0	0	0	0
ENSSSCG00000042502	0	0	0	0	8.18148173588778	0	0	0	0	0	0	0	2.51934273903784	0	0	0	0	0
ENSSSCG00000042539	0	0	6.84344622538328	5.48143779787211	0	0	0	0	0	0	0	0	0	0	0	0	0	0
ENSSSCG00000042573	0	0	0	0	0	0	0	5.36161541953897	0	4.22105171076436	0	0	0	0	0	0	0	0
ENSSSCG00000042582	0	7.47968986076979	0	0	0	0	0	0	0	0	0	0	0	0	0	0	0	0
ENSSSCG00000042589	-3.47634984148759	-0.88278040332231	-4.5034679257464	-6.31040549552168	-4.73333423117371	-1.43403738514101	-4.16291695192289	-2.1001571210201	-3.54000612580293	-4.89848553347337	1.13805939161536	3.87119865053728	-1.52987650762401	0.475321866770985	-1.76812199631603	-2.91320844485616	-1.98710254405826	0.571702697631049
ENSSSCG00000042692	1.08301012179151	0	0	0	0	0	0	0	0	0	5.66039112168062	5.22302228808935	0	0	0	0	0	0
ENSSSCG00000042713	-0.637374107178903	-1.20431958780875	-0.960031046953622	-0.931966617925056	-1.13593647691173	-0.25421726967271	-3.26524563048462	-3.73409996033984	-3.17383059190029	-3.82774284276017	-5.07990116290052	-1.33814217878862	-0.573443649302514	-1.10726228554908	-2.25475628511284	-1.38444568632079	0.782761726307923	-0.922249018280716
ENSSSCG00000042725	0	-0.701332695910038	0	-0.294545831859721	0.85021430293173	0	0	0	0	0	0	0	0	0	7.103249225948	7.76553558679671	0	0
ENSSSCG00000042730	0	0	0	0	5.31433409994658	3.99048136856767	0	0	0	0	0	2.66040346947055	1.76537089351473	1.72444333112913	1.27585549908399	1.45890696916171	0	0
ENSSSCG00000042806	0	0	0	0	0	0	-2.69882382238396	-2.12057373324262	-7.6912995807929	-0.691916266169915	-4.6440849718001	-2.94205289105265	0	0	0	6.87080587258486	0	0
ENSSSCG00000042921	-1.15830226559594	-1.2831014984874	-0.70692431351998	2.45096146024205	-0.970476231422468	-0.996630604462489	-0.986818650936097	-3.84080259797896	-1.65858918187938	3.90234682376961	-7.12875661820065	1.87742635258333	1.11250772374681	1.11827192066037	1.49276348301736	2.79834631300046	-0.838714953299044	-0.0760345037858035
ENSSSCG00000042937	-1.88495685623181	1.25746991172979	1.28292785176073	-7.71046862768065	-1.24583151279021	-1.09596971332663	0	0	0	0	0	0.693218778600525	-2.32391363388276	-2.45936124901007	-2.82114488723527	-3.8284165448379	-2.18664244360722	-2.03044364650357
ENSSSCG00000042973	-0.896294683579458	0.52439692470331	1.09008032715911	0.435919655808331	0.634508043073671	0.594941108790948	0	0	0	7.2254268213961	0	0	-2.84020077479073	-2.41739475768706	-2.33123182499002	-0.895230964045299	-0.750032292146396	0.68832689851746
ENSSSCG00000042995	1.00405056105283	0.687578901558911	1.30271538505599	0.127206759947676	-3.84067242809314	-0.860222501633497	0	-0.140160431179627	0	0	-0.403591722400123	0.68407087368945	1.668493109273	0.129231185563251	1.56859189371975	-0.0245610827012326	-5.01290184341584	-0.183079763799631
ENSSSCG00000043004	1.49215303575817	0	1.66815682085989	1.07325071194662	2.38998371841286	1.81494935177419	0	0	0	0	7.45399093044498	0	1.87619591399234	1.22891685490375	1.09521737931374	1.37614471726469	0.401525832103559	0
ENSSSCG00000043135	0	0	7.27601827633074	0	0	0	0	0	0	0	0	0	0	0	0	0	0	0
ENSSSCG00000043139	0	0	7.10725635526659	7.64264022025274	0	0	0	0	0	0	0	0	0.467730337324868	0	0.296697138756321	0.978168332644089	0.528522258706307	0
ENSSSCG00000043140	0	0	0	0	0	0	0	0	0	0	0	0	-2.64469065059635	-7.30788421579548	-1.3145545671981	-3.18782404712589	-0.270708716578053	-3.11472914672787
ENSSSCG00000043154	0	0	0	0	0	0	0	0	0	0	0	8.01305191637168	0	0	0	0	0	0
ENSSSCG00000043194	3.09956379204618	4.94936696747145	5.89326297320131	5.02596163986092	2.80357191600349	2.19639254785372	0	0	0	0	0	0	0	0	0	0	0	0
ENSSSCG00000043216	-2.03737542662738	1.14799609242713	0.778325841841652	-0.752130721751898	-5.08515317160244	-4.3055746846395	2.77488377266076	2.71390574270218	3.18741356184964	3.41996075251023	-2.85808862791884	-2.05738191475306	-8.48698498247532	-4.58248539089458	-2.56541519553947	-1.43053200988228	-3.65413559118899	-2.43091394743694
ENSSSCG00000043234	0	0	0	0	1.96562283013122	1.45455904587534	0	0	0	0	8.58075672423838	0	1.44653413741392	1.89301981294624	1.5142318730311	0	0	0
ENSSSCG00000043327	-0.284970527543428	0.699947504302319	-1.53730915327979	-3.0581593086073	-0.722444361479461	-0.42300386380253	0.253297247604611	1.0407658426606	0.564356938353033	0.834203639155566	1.62477317457016	-0.696451461916214	-1.79511351410839	-0.773094828140725	-7.78855287973243	-0.794128136575454	-0.880268211590215	-1.89725172787851
ENSSSCG00000043518	0	0	0	0	7.63943706098117	0	0	0	0	0	0	0	0	0	0	0	0	0
ENSSSCG00000043578	0	0	0	0	0	0	0	7.42306458578438	0	0	0	0	0	0	0	0	0	0
ENSSSCG00000043631	0	8.53959689307531	0	0	0	0	0	0	0	0	0	0	-1.54353105127603	-5.17729309964718	-9.10656059889417	-1.94341012269405	-5.20202758399509	-4.96001695628008
ENSSSCG00000043661	0	0	0	0	0	0	-7.01492014854134	-2.83670404319252	-2.54065593049274	-6.91184805313995	-7.04690072620707	-0.572306712380972	0	0	0	0	0	0
ENSSSCG00000043700	-0.633102997830427	0.203184351262364	0.365138798982681	-1.6629916348465	-0.00653455598349666	-0.998329680093186	-1.33463812060769	-1.54791041042693	-8.10459099478145	-3.8480273258536	-0.172006259399871	-0.0746131515354021	1.05122455003409	0.253205351416054	0.0630056711300687	0.313590518825086	0.597278785176348	1.55213165027863
ENSSSCG00000043705	-3.63238792315227	0.799052078650568	-2.58521514028196	-0.885407800958957	-3.63631534321047	-7.86599826413091	-4.53159881858507	-2.64308891706487	-7.64263065390193	-2.10899006421532	-7.8128970971501	-4.7647956057987	-8.41846836694155	-1.01555794626082	-2.49689523601805	-1.0592370360682	-3.58560765279614	-5.21374417688031
ENSSSCG00000043729	0	0	0	0	0	0	0	0	0	0	0	0	4.64073985101535	4.630070632498	5.11830028381759	4.43533614171044	0	0
ENSSSCG00000043782	-4.20635081401544	-0.729339808455108	-3.1987602641984	-1.64007012389233	-1.35327028719869	-1.22988094722728	0	0	0	0	0	0	-5.25108928817875	-2.11677823597264	-5.29812877174323	-5.49555413173049	-2.56431731329494	-2.60378976283871
ENSSSCG00000043838	0	0	0	0	0	0	0	0	0	0	7.31046687725849	0	1.45188394552207	0	0	0	0	0
ENSSSCG00000043890	-0.964914355379291	0.024060636839155	0.253070063152095	-1.57337277858869	-3.2234819938029	0.926975058480631	-1.68249920926476	-2.6480407347946	-1.9459858707862	-7.2810912535716	-3.27859130480231	-0.530723154038709	-0.384573023869519	0.182697387640603	0.44497584343702	-1.02930827212453	-0.401546493298497	0.842279958822751
ENSSSCG00000043928	-0.0546426916640312	-0.967087597936364	-1.5312728761737	-7.22779436703766	-3.15353309207358	-0.102412323872933	0	1.84608955643309	2.03165692513388	0	3.8434694024754	2.74624055523604	0	1.06412733273594	0.831914790098739	0	0	0
ENSSSCG00000043973	0	0	0	0	0	0	0	0	0	0	0	7.29421143522348	0	0	0	0	0	0
ENSSSCG00000043977	-1.06128147719309	0.37231634782783	0.552756273536771	-0.0193466059756955	0.69819388812147	0.409174901630422	-2.04352803138873	-2.99599129390275	-0.944402196900913	-7.07105099297805	-3.06842006534211	-1.14165254779866	0.225401774589798	-0.103988299368065	0.306178109402427	-0.255047091225596	-0.588576150465589	-0.834432212548805
ENSSSCG00000044019	0	0	0	0	0	0	-1.47728486447961	-3.75883482832412	-3.45763728944789	-8.79289031360882	-3.26166831417919	-0.879856612863974	0	0	0	0	0	0
ENSSSCG00000044059	0	0	0	0	3.33338010022703	2.73180670276194	0.813006689173563	4.03348894631226	3.65113595619568	5.01909663250665	1.67169523941792	0.807522073522575	0	0	0	0	0	0
ENSSSCG00000044062	0	0	7.56383146465052	0	6.96569999975542	0	0	0	0	0	0	0	0	0	0	0	0	0
ENSSSCG00000044108	4.14116152796529	8.28906032671074	9.59558652044833	6.94971879228281	3.09681681242822	2.1853520748934	0	0	0	0	0	0	0	6.8939233459789	7.57423948849719	0	0	0
ENSSSCG00000044134	-2.16945127510307	-1.19446422611946	-8.88965320997531	-2.29019754273374	-0.211443343249112	-0.298338082454701	0	0	0	0	0	0	-1.00642411579995	1.04980539294551	0.103468320766599	0.847327690829645	1.24052358476056	0.97112929035339
ENSSSCG00000044226	-1.74147935342551	-2.0078024712045	-3.87918956730431	-5.45689924273406	-2.61957527764458	-1.77660745414026	0.508340477920798	-1.2075189558325	-1.34476671648202	-1.79740918817015	-2.09548564948542	-0.725721107806459	0.15496025616959	-0.805770135021409	-0.823574308746965	0.787304854385822	0.61001455830953	-1.02364465622916
ENSSSCG00000044239	-3.26088707277157	-12.2314228657213	-7.0145089281611	-5.31464212982981	-2.59409197974557	-1.68737722914193	0	0	0	0	0	0	-2.84565188576424	-0.577432196058706	-0.738328016795246	-0.911627372107028	-0.394249277613217	0.0635961996921306
ENSSSCG00000044268	0	0	0	0	0	0.541273737022097	0	0	0	0	7.06424250097891	0	0	0	0	0	0	0
ENSSSCG00000044295	-0.93370341952765	-5.43178294753257	-5.27189866697373	-9.99565513181135	-1.54305261449672	-0.645778535138807	-0.807881647183814	-3.54952488584795	-3.24675935244513	-9.15473737831859	-3.40524987176775	-0.828051468747913	0.00064836331285304	-9.08567936478743	-9.03851572640999	-9.0071523546913	-4.18090557027564	-0.361703863103077
ENSSSCG00000044428	0	4.02729192475685	3.54509215308829	0	0	0	0.952766525722058	1.40999939098013	1.10373553442919	1.32510975105199	1.49257443043291	-0.527215934910185	7.5967785740339	7.53340575027079	6.84231181698896	0	0	0
ENSSSCG00000044512	0	0	0	0	0	0	0	8.48904383392348	0	0	0	0	0	0	0	0	0	0
ENSSSCG00000044775	-4.07280416132086	-3.1972197859251	-2.93816318188733	-5.04764888484967	-3.89696069739989	-4.37151189901321	0	0	0	0	0	0	-4.33381384224203	-6.13627136648598	-5.7366282744978	-3.70473983673881	-4.86836089902537	-2.25647656172952
ENSSSCG00000044923	0	0	0	7.02981416141975	8.57457185280598	0	0	0	0	0	0	0	0	0	0	0	0	0
ENSSSCG00000044927	-3.38768357617869	-0.910911616831074	-4.25835669377956	-4.23101866643594	-8.48187886774798	-5.45475318227545	-7.0967624482552	-1.64535595895921	-6.95897990881524	-6.99364443654344	-7.12875661820065	-7.21755948555386	-1.72856406573867	0.0295425717740732	-2.77126998859746	-2.64137295631039	-3.61511191356912	-3.62701581948019
ENSSSCG00000045021	-2.04031859860476	-1.1336070737561	-0.654433737588928	-1.35250777964534	0.0923040039641072	-0.27097951503519	-2.27008366778317	-0.816868647778793	-8.24161794645637	-0.804614592135161	-0.597427436461097	1.3336805236625	-0.541276134281388	-0.356402753742122	0.173081925184956	0.190096315623315	1.91060995053495	0.742970264652581
ENSSSCG00000045027	0	0	0	0	0	0	0	7.684697246168	0	0	0	0	0	0	0	0	0	0
ENSSSCG00000045063	0	0	0	0	0	0	0	0	0	7.61544703383408	0	0	0	0	0	0	0	0
ENSSSCG00000045074	-0.812225061243479	-2.02988920555146	-2.27118055099772	-2.80206743231758	-7.05264710965175	-3.11021889693627	0	0	0	0	9.97372058391506	9.37462811397535	0	0	0	0	0	0
ENSSSCG00000045138	0	0	0	0	0	0	0	7.10323655870425	0	0	0	0	0	0	0	0	0	0
ENSSSCG00000045226	0	0	0	0	2.92123104918559	2.63315255351501	0	0	0	0	10.5700710025053	7.29421143522348	0	0	0	0	0.806164874649714	0.29476182315886
ENSSSCG00000045353	0	0	0	0	0	0	0	1.8936298357196	1.78315594091739	1.3824515446466	2.58172123914192	1.90385854198637	-0.482169122318348	-0.336625197905178	0.537489958137179	-1.96539590328357	-9.18958670871001	0.0821631377657193
ENSSSCG00000045401	-1.30088236752292	-1.37265436132518	-0.225578364325147	-2.1568847468152	-0.443431200819389	-1.09072010295463	-0.471664474081499	-2.95375380037016	-1.35298619153799	-7.98797289442822	-3.98579662768143	-0.992010116345428	0	0	1.47151907389432	1.28094758005836	0	0
ENSSSCG00000045406	0	0	3.10497085479884	0	5.83717196549354	3.34417770855737	0	0	0	0	0	0	7.04388814402492	0	0	0	0	0
ENSSSCG00000045465	0	0	0	0	1.64657741201523	2.94706111912194	-0.240227577812118	-0.811125470699577	-3.38426322317424	-3.46189481708944	-0.56749539000568	-0.609629694620069	4.25670405900059	5.06062303876146	3.59965278553524	4.78698224702668	4.22439773655064	0
ENSSSCG00000045580	0	0	0	0	0	0	0	0	0	8.22059844766407	0	0	0	0	0	0	0	0
ENSSSCG00000045657	-2.46437276197466	-1.23200048431176	-1.51314150211457	-1.9389554085753	-1.60693028586776	-1.35851075481448	2.15164028269144	3.70496036491039	4.10992819414471	5.10699188501609	0.870498233304808	1.01209268586539	-1.22682623736201	-1.40397179937566	-0.88125625672135	-2.01760863397965	-2.80711919145533	-1.40908373186345
ENSSSCG00000045719	0	2.05523574882679	1.8199722671912	0	0	0	0	0	0	0	7.06424250097891	0	0.20778066046357	1.32554063593291	1.15148226222812	0.356063650081912	1.10882453327326	0.430632468798882
ENSSSCG00000045725	-3.5259823572063	-2.6391858256542	-1.68913313785391	-7.60408317150299	-7.66185736330371	-3.1642499199351	0	0.755050235650852	1.46919096412332	0	0	0	-1.20911524177548	-1.1251050612718	-0.395645704618175	-2.72203094648603	-1.93702774025321	0.274140935741557
ENSSSCG00000045878	0	0	0	0	0	0	0	0	0	0	5.9978761076039	5.73960559227639	0	0	0	0	0	0
ENSSSCG00000045883	0	0	0	0	0	0	0	0	0	0	5.94376980260065	3.45785005093629	0	0	0	0	0	0
ENSSSCG00000046097	0	0	0	0	0	0	-3.1122748322252	-8.23960280383388	-2.80420026784559	-2.88534504791217	-0.0874172185070482	1.60028550534178	-0.233478275857812	0.494780987293456	1.29054459475146	2.38709160841854	-0.186393312392721	-0.827563615235989
ENSSSCG00000046140	0	0	0	0	0	0	7.45356563335646	7.46850526421045	7.86768959144121	6.89938613400601	6.25329422265139	0	0	0	0	0	0	0
ENSSSCG00000046162	0	0	0.638301143633888	0	0	0.475816364535463	-4.56867284517357	-5.52111683278636	-9.56068329816059	-5.30419934242594	-4.63531776401968	-4.81227455086884	0.089867145684201	0.0158599833301734	-0.668323532459315	-0.0980018605650931	-1.98517524007529	-0.63952991527938
ENSSSCG00000046251	-0.384356014853857	-0.606423427642084	-0.0346327330446103	-0.584788399460446	-1.11388379668584	0.175632748295993	0	0	0	0	0	0	-7.38726511398482	-0.976052658037718	-1.01257990324907	-0.0980018605650931	-1.26112898485004	0.297223861949765
ENSSSCG00000046265	0	0	0	0	7.14491369598617	0	0	0	0	0	0	0	0	0	0	0	0	0
ENSSSCG00000046312	0	0	0	3.45210034955191	4.76086772087139	0	0	0	0	8.67871042772155	0	0	-1.66450504778569	-0.82146343662894	0.773935120652345	-2.05219240358299	0.387181436326427	-1.5780907342869
ENSSSCG00000046385	0	0	0	0	0	0	0	0	0	0	7.31046687725849	0	0	0	0	0	0	0
ENSSSCG00000046471	1.1264662980099	3.01263050216437	6.42098255545789	4.225519345794	4.3419983097171	1.1973330664082	1.24655735648153	1.91157784887336	2.75780602249689	4.00334116723566	0.931721482503157	3.05936985336433	0.88581332585502	-0.909136081919048	-0.327097787973609	0.502155363305795	2.18698431315524	-0.022933642197928
ENSSSCG00000046535	0	0	0	0	7.22680941613152	0	0	0	0	0	0	0	0	0	0	0	0	0
ENSSSCG00000046543	0	0	0	0	7.51456381123589	0	0	0	0	0	0	0	0	0	0	0	0	0
ENSSSCG00000046603	-1.59788623976415	0.55344834954625	0.566303495928265	-1.31392206604589	-1.2599443914735	-1.6959712107276	-8.09148285348345	-8.08812996520215	-3.61662638274839	-3.69659261483335	-1.05935052502662	-4.15998044776012	-3.73236542520441	-0.864661461983075	-2.42376186341655	-0.489813456557862	1.51000677208713	-0.828191038073751
ENSSSCG00000046625	0	0	0	0	4.07626322472688	0	0	0	0	0	0	0	7.65307542984497	0	0	0	0	0
ENSSSCG00000046640	-0.264972852178713	0.537878975068101	1.61748410157531	4.35047281993031	2.75700566183044	0.426755940252863	-1.50064319392128	-0.922412278294615	-0.0441155979896379	4.52712884342583	5.33012416551432	1.57332208389752	0.286950779579599	0.0615901150067107	0.0959093483181325	0.474822281346593	2.74618688659887	0.349980745855236
ENSSSCG00000046762	0	0	0	0	0	0	2.79354266066311	3.18445347925916	3.09629663702718	5.28393965042878	0	0	0	0	0	0	0	0
ENSSSCG00000046815	-0.800641523639616	-1.28029654515182	-0.257528475932731	-0.683409749275598	-0.226868510399142	0.2362347845695	0	0	0	0	3.72149960573463	5.30142595800474	0	0.0738158807816614	0	0	0	0
ENSSSCG00000046827	0	0	0	0	0	0	0	0	0	0	0	0	0	0	0	7.28275833649834	0	0
ENSSSCG00000046870	0	0	0	0	0	0	0	0	0	0	0	0	-0.899013747966626	-1.13258442704617	-1.04487895558349	-0.794128136575454	-7.8494285017317	-2.11539890711652
ENSSSCG00000046899	0	0	7.27601827633074	0	0	0	0	0	0	0	0	0	0	0	0	0	0	0
ENSSSCG00000046939	0	7.82588008830447	0	0	0	0	0	0	0	0	0	0	0	0	0	0	0	0
ENSSSCG00000046947	-0.447258343397467	-1.79707498965413	-1.71882239066162	-5.659008326653	-1.64858921600714	-1.66189256210978	-0.216487854510475	0.0192802990043131	0.593654154986827	-1.13758670454682	0.71307271173766	3.15694346169136	-0.948910014367114	-0.0961281162743785	-0.687214034928176	-1.87418456768862	-0.974623585738288	-0.671040033157184
ENSSSCG00000047041	0	0	0	0	7.22680941613152	0	0	0	0	0	0	0	0	0	0	0	0	0
ENSSSCG00000047092	0	0	0	0	0	0	0.813006689173563	1.52463719481919	0	0	0	0	-7.8702276673149	-3.41154018563851	-4.79349824112908	-3.8218170309083	-3.99032598614079	-0.0751654885409735
ENSSSCG00000047115	0	0	0	0	0	0	0	0	0	0	9.26522170411148	0	0	0	0	0	0	0
ENSSSCG00000047156	0	0	0	0	0	0	0	7.10323655870425	0	8.3494668511095	7.06424250097891	0	0	0	0	0	0	0
ENSSSCG00000047187	0	0	0	0	0	0	0	7.79963496786297	7.18018115574233	9.66048116522205	0	0	0	0	0	0	0	0
ENSSSCG00000047189	0	0	0	3.03982562448559	0	0	-7.31764838442857	-2.5813386259237	-7.17971478919605	-7.21441869110356	-1.68261461661212	-1.13519245614042	1.59149712785665	0.568037303822473	1.51492393199607	-0.129966008790745	-2.775234850692	0.207764217456133
ENSSSCG00000047232	-0.889691901734118	-1.53180638813048	0	0	0	1.11157617960638	-3.1326878585859	-2.49478394409919	-2.67141717660844	-5.01510705140473	-1.38357174994552	-2.23750057155398	-1.31457424754041	-0.261741187163576	-0.626761773630006	0.72164744246551	-1.27924441102552	0.966220745407961
ENSSSCG00000047263	0	1.69357332168545	2.54052483735224	0	2.6979641271865	0	-0.163435312949731	-1.80023406766338	-3.03457167861525	-2.15178639423189	-7.54121463152626	-2.05163622239798	1.15528021247496	0.523372275725664	0	1.16775261596915	0	0
ENSSSCG00000047280	0	0	0	0	8.0526645240987	0	0	0	0	0	0	0	0	0	0	0	0	0
ENSSSCG00000047372	0	0	0	0	0	0	0	0	0	0	0	0	0	0	7.6305318300273	0	0	0
ENSSSCG00000047459	0	0	0	0	0	0	11.9347616554536	10.2737804322636	10.0195864165932	10.9912498203886	0	0	0	0	0	0	0	0
ENSSSCG00000047476	-2.18034766249439	-2.80800859156313	-1.69065452252317	2.63778785133933	1.26628461929628	-0.998329680093186	0	0	0	0	0	0	-1.58041361771002	2.30963153580371	0.996583194055301	-1.56786042902515	-8.43230433186906	-1.13303332285657
ENSSSCG00000047517	0	0	0	0	0	0	0	0	0	0	8.7292506523736	0	0	0	0	0	0	0
ENSSSCG00000047543	0.80029721557065	0	0	-1.22018137449868	-0.194122506385083	0	7.18630565229351	7.10323655870425	0	7.2254268213961	0	0	0	0	0	0	0	0
ENSSSCG00000047552	0	0	0	7.2090869370494	0	0	0	0	0	9.05136564533452	0	0	0	0	0	0	0	0
ENSSSCG00000047565	0	0	0	0	0	0	0	0	0	0	7.5207310731676	0	0	0	0	0	0	0
ENSSSCG00000047706	-0.873589936396803	0.152000902940134	0.416308455039225	-0.452444958038442	-0.752298509053595	-0.626584824646179	-2.11702907626328	-2.10999193077739	-0.827854239530974	0.0809118175495733	-7.27972847064155	-0.147898372125167	-0.784089597070371	-0.50722045849273	-0.831307500368458	-1.09039489422949	0.663509405553477	-1.0154055661603
ENSSSCG00000047716	0	0	0	0	0	0	-0.407116494544629	0.758263395443265	-0.506705810357349	0.811095552222212	0	0	-4.5273232806959	-1.36178510828476	-4.5721156279892	-3.60045655061634	-7.7344724807208	2.52540281129334
ENSSSCG00000047946	0	0	0	0	0	0	0	0.755050235650852	0	0	0	0	0	0	7.6847099441958	6.96314463638226	0	0
ENSSSCG00000047955	0	5.06786471345713	3.273732775863	0	0	0	0	0	0	0	0	0	0	0	0	0	0	0
ENSSSCG00000047974	1.57460634960815	-4.67145448300033	1.25633792926811	-2.2940917346248	-7.81866148352541	-3.87652788558064	0	0	2.29746644054644	0	2.91710594480771	0.916008897335998	2.95127486863987	0	3.27540346703884	0	0	0.83834831555783
ENSSSCG00000047976	2.16475910379772	-0.113030187643746	-0.46332739499915	-8.68108807580644	-1.87202761807875	-0.0263725151376637	-2.37848047423449	-2.77285018129559	-1.08914677642238	-7.40584895176819	-3.40341823320216	-2.05163622239798	1.13386066974369	1.86905282267321	0.69429850286559	1.7139407170994	-1.44340570205979	-0.956651655959559
ENSSSCG00000048002	0	0	0	0	1.98255899065238	0.475816364535463	-2.25366935651273	-3.20612945707609	-3.84013612573189	-2.98971097397673	-7.41638770312641	-1.35190341850271	0	0	0	0	0	0
ENSSSCG00000048033	0	0	0	0	0	0	12.7825947689757	10.4335990495496	11.5991638175294	11.8234822917671	10.3764356713774	0	0.657328253611764	0.63760823114414	0	0	0	0
ENSSSCG00000048042	0	0	0	0	2.26699931978583	0	7.73952572007124	9.32377728815644	7.85451782532352	8.64562543695481	0	0	0	0	0	0	0	-0.0227553780941178
ENSSSCG00000048076	3.18626337513602	0	3.74505525655245	3.13224483117229	0	0	-3.80555740216435	-3.39713141696622	-2.52331167169761	-2.19621393323014	-4.42920843005357	-3.07766335313192	-5.17270101345719	-1.93085083912436	-2.39140690482643	-3.22768646126015	-6.2396838791493	-0.77866544716185
ENSSSCG00000048106	0	0	0	0	0	0	-0.737374114594778	-2.83670404319252	-6.87719971235094	-6.91184805313995	-7.04690072620707	-0.696451461916214	0	0.93437176262448	0	0.8899758847289	0	0
ENSSSCG00000048151	0	0	0	0	0	0	7.26821739614595	10.7009028159265	9.69131917698818	8.22059844766407	0	0	0	0	0	0	0	0
ENSSSCG00000048195	0	0	0	0	0	0	-3.65072112893773	-8.3766723377285	-4.8353774744662	-3.98506564282273	-8.41215881944114	-4.4486026124502	0	0	0	0	0	0
ENSSSCG00000048405	0.135024708730602	-0.859314304279209	-1.31385380015343	-8.11089064176883	-1.30176296414926	-0.555409263556554	-1.37977128574786	-1.34294039662345	-2.0052927065224	-1.97697991218273	-1.27783816527133	0.914300733106802	0.48985392222345	-0.44476910589543	-0.973160653875808	-1.19982870083119	-1.61794048241279	-0.892749415006186
ENSSSCG00000048443	3.14522247089098	4.09210422101717	4.45351919030218	5.06138603212263	2.66962440099263	2.23394794040534	2.2237841241017	0.784425264036238	2.02903195504997	0.906053618356101	-1.19274484958395	-0.599530535875018	0.409642448453951	-0.0765970687190452	1.64135594560767	0.0707897057773036	1.36504075182936	1.29228760632196
ENSSSCG00000048484	-5.02854090693149	-6.08627699131091	-4.93859361655546	-0.348885820361617	-6.99001232266582	-11.7773709014529	-3.74285228484772	-2.9461569080547	-4.3984543673477	-2.94349098062532	1.82100536636343	-3.00892971398437	-6.11566814842679	0.782291489858194	-3.55782529488559	-3.55640740737593	-3.92136458334494	4.95142500408797
ENSSSCG00000048545	-1.34925709790871	-3.35671926350672	1.87141259025508	-3.1714634678514	0.759337775287404	0.564242933491468	0.93726604921068	0	0	0	0	0	1.9204137456684	-8.4903944467088	1.24944600178521	1.04943452588021	-0.0450461629685712	0.640213099445451
ENSSSCG00000048573	0	0	7.10725635526659	0	0	0	0	0	0	0	0	0	0	0	0	0	0	0
ENSSSCG00000048684	-1.06817773167638	-1.34469704087742	-3.23432264157814	-9.79265454727955	-9.85065711982522	-3.80880056290024	0	0	3.20239260810977	0	0	0	-2.27375945880193	-1.41395540847549	-1.12483351961497	-5.50204200073653	-5.67081583189226	-1.38241197113476
ENSSSCG00000048696	2.16499013447139	2.39099711847113	0	0	2.04666536537019	0	1.94129464625621	0.906878841823952	0	0	0	0	6.86477294126254	0	0	8.12663157368572	0	0
ENSSSCG00000048861	0.616424466305744	-2.88884309923934	-2.15176215633217	-8.42397784227714	-2.82089667339308	-1.37266511684994	-1.10680541358704	-1.45698696193128	0.0262920943520361	-1.45472307093082	-0.887821808488319	1.65011635281049	-0.214200034856784	-2.20903333951493	-4.34833091354651	-1.13356859576602	-1.44467949676594	-1.4201113784934
ENSSSCG00000048877	-1.13540190548031	-1.49355440853718	-0.509878800363586	-1.47153134894956	-0.603769529239033	-0.989530127291141	-7.44810630052293	-2.31038418902013	-0.44935590589543	-2.09075568486507	-0.712982994746733	-0.138208552366026	0.886547292848549	0.512359215138502	0.314224969172769	-0.0588841947663644	-0.978665362245582	-0.384093246919832
ENSSSCG00000048899	-0.871947830813047	-0.476898961768843	-1.39141058992501	-1.06034625222945	-2.24384947876941	-0.685937439045291	-1.80336056062381	-1.53878634417601	-3.70358245159188	-0.330915720088672	-7.27972847064155	-1.57198447103307	-1.43901631278082	0.132748185362495	-0.566122556695766	0.62958102763221	-0.62829586545197	-1.16542091758714
ENSSSCG00000048959	-9.64062386159414	-9.67621380934414	-9.59769207104579	-5.39163079532497	-5.5106343129475	-9.74063387697169	-8.5348637383289	-8.5315075817982	-8.39640971156394	-8.43124929241578	-3.47077897111551	-2.21698280132198	0	0	0	0	1.69031961301248	0
ENSSSCG00000048984	0	0	0	0	8.47753863950571	0	0	0	0	0	0	0	0	0	0	0	0	0
ENSSSCG00000048993	0	0	0	0	0	0	0	0	0	0	0	0	7.53819538264683	0	7.103249225948	0	7.73490590336954	0
ENSSSCG00000049017	0	0	0	0	0	7.86249690192616	0	0	0	0	1.08852828889214	0	0	0	0	0	0	0
ENSSSCG00000049044	0.645271566588378	-0.0164188606598765	1.12506329130302	-0.388953671940721	1.16999004550335	-0.998351242706974	8.00143457978512	7.85384291123488	7.2726686920741	0	8.26756438014164	7.55571306913392	1.90415737075691	2.14132774869448	1.97028619780633	2.9151952250007	1.69566084335761	1.10808417470608
ENSSSCG00000049100	-2.10991940091469	0.246316476559774	-0.355190280731598	-0.456087401652379	-0.601256766274084	-0.452920459270563	0	0	0	0	0	0	-3.88446140304535	-7.99248243061081	-7.94541898945807	-7.91412408050784	-8.00632251421961	-0.875859965029813
ENSSSCG00000049182	-4.2820529819252	-2.82489195290973	-2.663564315509	-8.36003842559701	-1.77127735923031	-1.38616634148813	0	2.35175271856901	3.08825905247567	2.34939547428792	0	0	0	0	0	0	0	0
ENSSSCG00000049234	-0.294312153534672	-0.665135610789089	-0.617483980724876	-0.0889298310394333	-0.490223142446127	-0.209320681322838	3.73074118826259	6.09961455969571	5.47401585043221	4.51784118011987	5.30201989316911	4.74986430813769	0.779774541679958	0.831024168033047	0.957504594383938	-0.901642058677826	-0.0796729304094356	0.678650423376777
ENSSSCG00000049444	-1.77552553299996	-1.39825109837231	-0.21160636490084	-1.8828187114976	-2.36938536998023	-0.121167731637975	-1.29285002144625	3.974410956055	3.25011593104846	1.11174643636876	0	-0.418540325618577	-0.110476445208815	0.33597588579664	0.313304196373594	-7.22971862088727	-2.40304860041314	0.448239545712002
ENSSSCG00000049462	-1.34925709790871	-1.42128844587695	-7.37746249700837	-3.1714634678514	-0.364056126535702	-3.47987734253005	0.306494483619363	0	0	0	0	0.406275744604357	-0.68911078262029	-1.54770584367332	-2.03019217895572	-1.65831632688172	-0.474783685698523	-1.10871574516462
ENSSSCG00000049557	0	0	0	0	0	0	-4.05305791830913	-2.86003252406851	-4.37277068376861	-10.8575258551777	-10.9935877566176	-6.0743781559624	0	0	0	0	0	0
ENSSSCG00000049579	0.620295759858452	0	0	0	0	0	-2.02857096402634	-7.72707382655596	-4.18602192885639	-7.62702553203128	-3.62470374714936	-1.54814931974214	0.733303244641229	-1.10011796965883	-0.888473943221871	-3.33886562330206	-0.344379913566855	-2.30914198203583
ENSSSCG00000049585	0	0	8.3491132960005	0	0	0	0	0	0	0	0	0	1.04753692060532	1.64584580456153	1.15148226222812	1.41142438588411	0	0
ENSSSCG00000049711	1.21292833630928	2.04415595741666	2.86276222639828	2.59954472693045	1.75095044888029	0.136529206603147	0	0	0	0	0	0	8.30756306469373	0	0	7.13178432134791	0	0
ENSSSCG00000049854	-2.83680410891573	-1.16790991116722	-4.02094390004435	-3.99361267434441	-8.24444323134201	-1.47361758592617	0	0	0	0	0	0	0	0	0	0	0	0
ENSSSCG00000049915	0	0	0	0	7.51456381123589	0	0	0	0	0	0	0	0	0	0	0	0	0
ENSSSCG00000049971	-0.234606330962274	0.327971253757302	0.557585742231856	-7.98936050773214	-0.468852196320539	-1.09721261901866	-0.896664088463043	-0.258778549642347	-2.69982818751473	-2.77967071338319	-7.20621646366621	0.429734093943424	0.199927252846205	-0.246026401546128	-0.0623053042975765	0.130348945767801	-0.271416610850073	-1.17282129283294
ENSSSCG00000050073	-1.27471063637274	-3.62248161540005	-8.19964613285431	-2.2437304801866	-2.84080400283814	-1.5722717351731	3.28649718963685	4.02797485493723	3.1618663353299	6.50046498645541	4.07723555534924	2.6139441605686	-0.988637328434612	-0.919021207002796	-3.65870543695608	-0.870200697004054	-3.21505433604268	-0.28444873582682
ENSSSCG00000050177	0	0	0	0	4.56868772461901	0	0	0	0	0	0	0	0	0	0	0	8.36636806585581	0
ENSSSCG00000050205	1.23712776579068	0	1.75744037379338	0	0.501917805799538	1.41543456548199	-1.17648280152238	-2.91854490623735	-2.62243612695704	-1.42523457696385	-7.12875661820065	-1.42095103557312	1.00062466997109	0.688908348070263	1.31809991822279	0.0709625782404405	0.462516938252793	0.848119843641726
ENSSSCG00000050229	0	0	0	0	0	0	0	0	0	0	0	5.46338522219788	0	0	0	0	0	0
ENSSSCG00000050281	0	0	0	0	0	0	0	6.35955747634395	0	0	0	0	0	0	0	0	0	0
ENSSSCG00000050351	1.83468475806279	6.09284966858306	7.84271860388143	0.213726659121326	0.529438933728912	0.478408933967676	1.73114130295236	1.41905843060265	3.29657880442058	0	0	2.100098261777	0	0	0	0	1.69031961301248	0
ENSSSCG00000050380	3.01754005946885	0	0	0	0	0	-3.7486215100824	-3.90911424829735	-3.60549168987464	-9.92236596351599	-4.64866985333767	-0.89687081768206	0	0	0	0	0	0
ENSSSCG00000050458	-1.2898318080924	-2.75556004757788	-3.30993556660786	-1.7864263026303	-2.30694941993952	-0.787361289753227	-1.91854921123023	0.0558893021011313	0.493707168821983	2.06270930193153	4.24158937304939	5.46239499906804	-1.44994532799459	0.507929684790112	0.00763879938729382	0.214414402304791	0.469314727775793	0.35683932885884
ENSSSCG00000050502	0	0	0	0	0	0	0	0	0	0	0	7.67060032500212	0	0	0	0	0	0
ENSSSCG00000050609	-2.19792325078705	-7.63906072872508	-1.27554876008136	-1.09743482953603	1.0302559469558	-0.93321287646453	0	0	0	0	0	0	0	0	0	0	0	0
ENSSSCG00000050701	0	0	0	0	0	0	0	0	0	0	0	0	0	0	0	8.20436237797456	6.79012250602561	0
ENSSSCG00000050749	0	0	0	0	0	0	0	0	0	0	0	0	0	7.93205458488374	7.6305318300273	0	0	0
ENSSSCG00000050765	0	0.54834378559309	0	0.843559666179106	0	0	0	7.42306458578438	0	0	0	0	0	0	0	1.14545738268588	0	0
ENSSSCG00000050773	-1.4604877588851	-1.93246170158093	0.683897952142469	-1.34426114109403	-0.675372152385336	-1.08667333402378	0	0	0	8.12781143808028	0	0	0.326821001330771	-2.97147802517654	-0.263256277338772	0.339353096817051	-1.73069641108343	-0.820571801382571
ENSSSCG00000050793	0.782890658324494	0.648240297456986	0.551676925623752	6.80369618491017	6.47221459567743	1.5745907047819	1.58113490844482	2.22193732432546	2.87581287037921	9.54954589301282	1.74723019604215	0.34704593263534	0.210292921242244	-0.153665875671609	0.326072349726167	6.25783402903045	6.42724762814112	-0.680205747029556
ENSSSCG00000050854	0	0	0	0	8.98081639925237	0	2.90543208228126	2.52700100505868	0	1.6388138662782	0	0	0	2.59260204123506	0	0	3.04965302077995	0
ENSSSCG00000050988	-2.25422146050814	-4.51463343441548	-3.43843292282021	-7.60408317150299	-3.52990908823681	-0.711756829998971	0	0	0	0	0	0	1.94448609627712	0	2.05713733541645	0	0	1.85187362730915
ENSSSCG00000051026	-0.954879341096819	-2.98353600268919	-1.44316343211255	-1.09743482953603	-7.60555876793952	-1.73068758867818	-0.751063291859434	-2.63544915676107	-2.33202014984141	-8.64884275848158	-3.68842513703356	1.48260352723482	-2.99097881666607	-5.46978532143529	-5.1644470523235	-4.91545242458599	-3.51933901611588	-0.469625577908634
ENSSSCG00000051034	0.646451091224732	0.596507648543435	3.04726013947464	0.595198847139462	0.0241601416519381	0.327842279697264	1.77767969339119	-0.580134381494515	1.59961717972535	-2.62046777354508	-7.04690072620707	-2.12707776787288	0.75127754340912	-0.988488440244032	0.0635104886747395	-1.17801854622658	-1.11792225916524	-1.86445893091745
ENSSSCG00000051117	0.52516430346329	-1.89278017108815	-0.525110262597572	-2.27520233623106	-0.839253941571757	-0.0414312863884176	7.68091328039548	0	0	0	0	0	0.7236306160282	-0.115512345034647	-0.420440883096695	0.181004884886794	0.0897524834790785	0.284320786266298
ENSSSCG00000051187	0	0	0	0	0	1.8657417878775	-8.72702251237206	-3.5892890582073	-8.5885194935774	-8.62337184874497	0.104702359969933	-3.05178830462368	0	0	0	0	1.28845960901343	0
ENSSSCG00000051213	2.14881622499596	0	3.898206319431	2.49822814913076	4.97931078172244	0	5.74000782565701	0	4.63622121854438	5.18946959206694	0	0	7.27671246355353	0	6.93463520470161	0	0	0
ENSSSCG00000051352	0	0	0	0	7.75435758603081	0	0	0.800446473339403	0.344336903978565	0	0	-1.19169497375048	0	0	0	0	0	0
ENSSSCG00000051499	0	0	0	0	0	0	6.13667526804773	6.58785685631737	6.14062316423185	5.81369703762944	5.22619127977202	3.02006054078032	0	0	0	0	0	0
ENSSSCG00000051505	0	0	0	0	8.18148173588778	0	0	0	0	0	0	0	0	0	0	7.48318321185393	7.40225246903734	0
ENSSSCG00000051558	0	4.66666225457652	0	4.68431455886516	3.73763496386339	3.55339161611864	-3.77362745744961	-2.96811992131306	-3.14469463118668	-9.77978040753853	-5.77796813683165	-1.20590292311025	0	0	0	3.65621823518276	0	0
ENSSSCG00000051583	-2.16389492525653	-1.59300016600744	-0.438596759450527	-0.959546346312384	-0.186407815825683	-0.282517565188944	0	0	0	0	0	7.36416299442511	-0.429161105758993	-0.245047222294375	-1.4606601233765	-2.37124361527404	-0.368941784161238	-0.919262816796016
ENSSSCG00000051611	0	0	0	0	8.0070360985578	8.88318984789078	0	0	0	0	0	0	0	0	0	0	0	0
ENSSSCG00000051666	0	0	0	0	0	0	0	8.73994001025913	0	8.3494668511095	11.9394855810138	0	0	0	0	0	0	0
ENSSSCG00000051710	-0.415497367390798	-1.54903510593993	-3.64390369072719	-3.61658585328583	-7.86735805746563	-1.41528402206919	0	0	0	0	0.77525929108368	2.47154118837735	0	0.209562682943914	0	0	0.71942151545538	0.775050511958313
ENSSSCG00000051733	0	0	0	0	7.22680941613152	0	0	2.95417830132821	0	0	1.22124942892852	1.16881308320543	0	0	0	0	0	0
ENSSSCG00000051803	-0.551128986558156	-0.263644439783387	-0.681760015279278	-7.36442264369261	-0.364056126535702	0.564242933491468	-0.815208053594883	0	-1.07941312328781	-1.16026871163759	0	-1.62884588269863	0	0	0.568958444479517	0.763969370483434	0	0
ENSSSCG00000051820	-0.99038889601119	-1.06289639862279	-1.95651564790277	-0.310665058466279	-0.311396232317617	-0.359206256779279	0	0	3.02543689444024	2.17135036886624	2.38954458125137	2.58943198010472	0	7.3500427090215	7.97294107563217	6.87080587258486	7.2018973214834	0
ENSSSCG00000051831	0	0	0	0	1.07900775951639	0.665405438879767	-2.49334837967098	-3.44580539359883	-1.39395239543661	-7.5206716128604	-1.98903493168601	-0.250442680074384	0	0	0	0	0	0
ENSSSCG00000051849	-1.17618427253634	-1.59300016600744	-2.8641179807218	-3.79640133189093	-1.97832959645095	-1.09721261901866	0	6.20032023111148	6.10518532329795	3.74130489503765	3.27367213480392	3.22117852597692	-0.0174453722750804	-0.103628423336997	-0.0954991309789531	-0.269618436079986	-0.419397656497374	-0.0556534948772682
ENSSSCG00000051861	0	0	0	0	4.91537238214649	1.25538856476039	-3.28002545693505	-3.27301399078969	-7.87105040247857	-1.21661108031379	-2.63174097228376	-1.8271545099236	0	0	0	0	5.80411741181285	0
ENSSSCG00000051866	0	7.41296051032162	7.62763024640496	0	0	0	0	0	0	0	0	0	0	0	0	0	0	0
ENSSSCG00000051895	0	0	0	0	8.33709116667342	0	0	0	0	0	0	0	2.17731041580573	2.6727578261191	1.97968717167279	3.58992109183031	0	0
ENSSSCG00000051934	-2.30840501027825	-2.38014633534305	-0.174230439999706	-7.65825629579435	-0.750341270531278	-0.533129249415262	0.117642218189952	0.281647669496727	-0.564811958046898	0.171223304688636	-1.31765453612534	-1.1216232646297	0.0919656912188427	-0.703372227942349	0.380591388530509	-0.142460359739947	1.03803767326173	0.253620480901879
ENSSSCG00000051948	0	0	0	0	0	0	-2.0461830656752	-3.87490426185806	-2.72942466642563	-5.91451313025574	-3.27767283320165	-0.0747906298854225	-0.202716869952534	0.00083726822871692	0.0110636363919934	-1.08633337173632	-7.15289317480168	1.10028954772552
ENSSSCG00000051977	0	0	0	0	0	0	0	8.0052222323223	0	0	0	0	0	0	0	0	0	0
ENSSSCG00000052062	-2.63899921549722	0	0	-2.52438104617268	0	0.545121276221783	0	1.73168631035638	0	0	5.0937024510207	2.64361748153379	-7.76378668922916	-7.83559465593674	-7.78855287973243	-7.75727277295771	-3.88385767191628	-1.39035161329913
ENSSSCG00000052099	-0.959454322358013	-2.46321566545634	0.306125204504514	-1.29562045066016	1.31942814823004	-2.01839459310911	-2.53783695361744	-8.64442391054133	-2.89431893961571	-3.69257258163778	-8.67992831022739	-4.71641522749471	0.585585618629902	2.48593934546387	1.29435671468277	2.30212410134057	-0.183732884660188	0.558338956250334
ENSSSCG00000052146	-1.4604877588851	-0.553652122543824	0	0	-0.485793989762193	0	0	0	0	8.38998596427605	0	0	0	0	0	0	0	0
ENSSSCG00000052177	0	0	0	0	0	0	0	0	0	0	5.23008479577678	2.69584131060234	0	1.1340536742903	0	0	1.3003021987523	0
ENSSSCG00000052224	-0.547238275500697	-0.429483924619495	0.309589620863923	0.0772100759089635	0.796278129124022	-0.744413430378971	-1.03534838983775	0.178222691621074	-0.726621169247131	-0.807937073285972	0.614884062601138	-1.84916663157524	0	0	0	7.65913029494878	7.05098260936516	0
ENSSSCG00000052237	0	0	0	0	0	0	0	0	0	0	8.44987100222793	8.55187399958187	0	0	0	0	0	0
ENSSSCG00000052239	-1.48516403135246	0.576245945526198	1.95177500421701	0.478210217299213	1.11595626576878	0.497429358468818	0	0	0	0	0	5.05184482830483	0	0	0	0	6.79012250602561	0
ENSSSCG00000052241	0	0	0	0	0	0	-3.1824373762836	-3.57679918218678	-8.17473070931519	-3.91817299271138	-3.65006755959252	-2.85586681085728	0	0	0	0	0	0
ENSSSCG00000052276	0	0	0	0	0	0	0	3.34387780702962	0	3.12260140686015	5.78416919592096	0	0	0	0	0	0	0
ENSSSCG00000052310	-0.305997003253163	-1.30143363973773	-1.99552861459383	-0.7258525837412	-1.17523885317606	-0.704825727008029	-1.64745979746075	-1.85881021073531	-2.12926979629045	-2.21033975105771	-7.59979847210807	-1.70276849173398	0.112436287357695	0.0275280599926914	0.0448590312346062	0.383353575488506	-0.709169072298007	-0.511016346293949
ENSSSCG00000052319	0	0	0	0	0	0	0	0	0	0	0	7.29421143522348	0	0	0	0	0	0
ENSSSCG00000052323	0	0	0	0	0	0	0	0	0	0	0	0	0	0	7.6847099441958	0	0	0
ENSSSCG00000052366	0	1.01656058864598	1.11742463366234	2.97419525672971	0.0919869184755461	0.11820077865611	-3.14636315376411	-2.17992809889287	-0.729882593890622	-1.38805050846277	-7.34967561234977	-0.87520578586585	-0.109870566603066	0	0.833758870603363	0.162565360616195	-0.269227778685064	0
ENSSSCG00000052385	-0.00982363980891626	-2.70933139680222	-0.612653116547525	0.404893146092574	-0.388368886911577	0.257489018932066	0	5.33722791715947	4.55843775647313	3.12260140686015	4.10695645024218	3.97445290376208	0.635971608912954	-0.00604468789522106	-2.00960989087071	-0.0980572071675924	-0.27104757508146	-1.15058806604972
ENSSSCG00000052429	0	10.7203671796876	0	0	0	0	0	0	0	0	0	0	0	0	0	0	0	0
ENSSSCG00000052445	0	0	0	0	0	0	-3.00292489174514	-7.17086820942243	-2.69982818751473	-7.07105099297805	-7.20621646366621	-1.71651633809138	0	0.0738158807816614	0	0	0	0
ENSSSCG00000052449	0	0	0	0	0	0	0	7.010826498136	0	9.32652710517579	0	0	0	0	0	0	0	0
ENSSSCG00000052471	0	0	0	0	7.44782527073719	0	0	0	0	0	0	0	0	0	0	0	0	0
ENSSSCG00000052493	0	0	0	0	0	0	-6.92815433213434	-6.92481675708151	-6.79050369516441	-6.82513384370811	-6.96011963228401	-2.99612142335245	6.86477294126254	0	0	0	0	0
ENSSSCG00000052521	0	7.87628688850724	7.96053917205802	0	7.63943706098117	7.12965811873252	1.81300003895838	2.69737751406773	1.20315875824365	1.25808615284125	0	0	1.26845283190935	1.73854919196635	0.831914790098739	2.0143782402644	0	0
ENSSSCG00000052531	0	0	0	0	7.30430492476965	0	0	0	0	0	0	0	0	0	0	0	0	0
ENSSSCG00000052552	3.87066673497576	0	0	4.79754593561831	0	0	0	0	6.02022693704557	0	0	0	0	0	0	0	0	0
ENSSSCG00000052569	-0.16509190834731	-1.73563819814296	-0.487425819440465	-0.664162920638952	0.207383893216696	-0.775953450048868	-3.14636315376411	-2.17992809889287	-7.17971478919605	-7.21441869110356	1.46184832969609	-0.654994267150083	-2.02319021902985	-2.15797487601409	-3.36438992119064	-2.32799206728423	-0.931641912249785	-2.66072255666119
ENSSSCG00000052612	0	0	0	7.2090869370494	0	0	-1.86588720592473	-1.132945384951	-1.55656248335999	-7.46440230859401	-3.46200207378396	-0.0744739792040248	1.51005836303587	0.315409099205035	-1.66614524045653	-0.710458629687893	1.5914348198847	0.495533014291077
ENSSSCG00000052639	0	0	0	0	0	0	0	0	0	0	0	0	-4.02592209292589	-4.15753503622843	-4.07197530777555	-8.05558224213932	-3.22917267724696	-0.697631112071689
ENSSSCG00000052676	0	0	0	0	0	0	0	0	0	0	7.15107107511959	0	0	0	0	0	0	0
ENSSSCG00000052717	0	0	0	0	0	0	0	0	0	0	10.0771258252894	0	0	0	0	0	0	0
ENSSSCG00000052741	0	0	3.19181806441734	0	0	0	0.597831401684232	-0.354400496112477	0.433388823748471	1.09624299736905	-7.8128970971501	-0.177148182312305	0	0	0	0	0	0
ENSSSCG00000052744	2.38218189353726	7.64884566318125	7.23051069380353	5.30501149853161	2.86969375653493	1.79356378979541	0	0	0	0	0	0	4.2723722939499	2.44567977599693	0	2.59072552280604	2.00899238605768	0
ENSSSCG00000052787	0	9.38934501548125	7.91011993411776	0	0	0	0	0	0	0	0	0	0	0	0	0	0	0
ENSSSCG00000052878	0	0	0	0	0	0	-7.24771116728415	-1.53878634417601	-7.10982292358204	-7.14451500384653	-2.58454974990381	-2.36000328076415	0	0	0	0	0	0
ENSSSCG00000052907	-2.30267969566702	-1.46659846943595	-2.38060392011678	-2.03484196667516	-1.39819756961041	0.0398072326929613	-0.820684053248504	-1.6754246211624	-1.63139838910972	-7.2810912535716	-2.32016184586424	-0.623068000185378	-4.43927637414464	-5.13648372338879	-5.04830807934991	-7.11143574678484	-6.44500879243105	-2.52378766496026
ENSSSCG00000052935	0	0	0	3.98557624702376	3.86673854707788	0	0	0	0	0	7.64560712880937	0	0.878902627014462	0.333627994565023	0.420803098783517	0	0.528522258706307	0
ENSSSCG00000052938	4.10127342369867	0	0	0	5.50646114270363	3.83116491341081	0	7.19008205022224	0	0	0	0	1.46271324561154	1.46490156472191	1.41556785379754	0.819854435164609	-0.993274033910316	0
ENSSSCG00000052947	0.0534190395405902	1.20265765033592	2.39151071602717	3.22500921774951	0.517129007418007	1.47253048495557	-0.756219615214748	0.149498005257123	0.00377128026984533	-0.353644133719194	-7.40130791835383	-4.13805323360809	-0.932321016982916	1.52400346212776	0.988839951021319	0.0320218895405007	0.129496153269773	-1.37562438943197
ENSSSCG00000053040	0	0	7.35353078962065	0	0	0	0	0	0	0	0	0	0	0	0	0	0	0
ENSSSCG00000053050	3.01754005946885	0	0	0	0	0	7.18630565229351	0	0	8.80394789279122	0	0	0	0	0	0	0	0
ENSSSCG00000053065	-1.26133755306971	1.52412145869756	0.291640459882794	-0.311289084058921	-0.600090186895711	0.714852788975404	-3.1824373762836	-2.19607353360601	-8.17473070931519	-3.91817299271138	-5.12773843396803	-0.878689136119747	-0.669813547708267	-0.49864248615709	-1.29758272991743	-0.878169141174689	-0.580311533072334	-0.725532349184554
ENSSSCG00000053069	0	0	0	0	0	0	0	8.34507652556439	7.59272957284009	0	0	0	0	0	0	0	0	0
ENSSSCG00000053075	-3.63238792315227	-2.74560376743201	-2.58521514028196	-7.71046862768065	-3.63631534321047	-2.30084382600651	0	0	0	0	1.08852828889214	0	-1.98356916322456	-1.14066603698644	-0.0651457004797903	-1.97118305546815	-1.57284239342604	-0.227452619949217
ENSSSCG00000053077	-0.760508291431665	-0.622392177595179	-0.448919571268723	-1.0123371156187	-0.946931326309075	-0.98056584900009	-1.2714111301372	-2.82704442727802	-1.85811837511221	-8.17490671832739	-4.17279265828605	-1.61616628349271	-0.684351728193109	-0.822532541093078	-0.534567459136899	-1.07113271859445	-1.08815253763263	-0.578641833850453
ENSSSCG00000053150	0.415050526512229	-1.53180638813048	-0.80065214150548	-0.364679255523127	0.749637261605766	0.39597407594828	0	7.3495063779927	0	9.19549655950208	0	0	2.48339758677413	1.81155846494168	0	3.62962478011825	1.9480266821011	0
ENSSSCG00000053162	-1.09539157344064	-0.907454944180074	-7.44121555251569	-3.23521309737239	-0.72488476444307	-0.813520480429224	0	0	0	0	0	0	1.0835618378349	0.697602973020991	0.098104608068653	0.691963374515144	0.299854806808516	-0.209983030966655
ENSSSCG00000053187	0	0	0	0	0	0	0	0	0	0	0	0	7.41336992865202	0	6.93463520470161	0	0	0
ENSSSCG00000053209	0	0	0	0	0	0	0	0	0	0	0	0	0	0	0	0	8.00504649300497	0
ENSSSCG00000053238	-7.86540528002677	-7.9008883812666	-3.64390369072719	-3.61658585328583	-7.86735805746563	0.310862189959069	0	0	0	0	0	0	0	-2.97147802517654	0	0	0	-0.367253969531771
ENSSSCG00000053247	0	0	0	0	0	0	0	0	0	0	0	0	7.75947857675875	0	6.84231181698896	7.04992715861391	0	0
ENSSSCG00000053277	0	-0.553652122543824	0	0	0	-1.65647989279108	0	0	0	0	7.64560712880937	8.7737171475063	0	0	0	1.36565157991132	0	0
ENSSSCG00000053280	2.31292585451164	2.51749333029545	3.96932515028586	4.56191414928028	5.16685759365256	0	3.34765159994977	4.00913581943307	4.45073062873734	4.14237942250634	3.96203568893964	1.34890041927648	-2.5096269350087	-2.39090758611493	-2.98556069338925	-2.45141147630503	-2.6249775330617	0.5438781210435
ENSSSCG00000053284	0	0	0	0	0	0	-3.75093362830021	-1.99484809766216	-3.44742888008334	-7.81875805626402	-7.95431448518101	-3.9906631930383	0	0	0	0	0	0
ENSSSCG00000053301	0	0	0	0	0	0	0	0	0	0	0	0	7.41336992865202	8.34561450564234	8.41886797969388	7.13178432134791	0	0
ENSSSCG00000053305	0	0	0	0	0	7.76340395175455	0	0	0	0	0	0	0	0	0	0	0	0
ENSSSCG00000053321	1.30105151307418	0	0.909502188620255	0	1.07672099139441	0	-0.706835372783598	-3.33093890357708	-7.37111546047345	-3.11446867217333	-1.87415363578861	-3.57744739932043	0.58201936206144	0.652326584225875	1.52781141542443	1.6937767608269	0	1.35571720758488
ENSSSCG00000053328	-2.47021822147621	-2.54236059463167	-8.49828601834295	-3.3322334170828	-1.6761227295415	-1.43390854755253	-1.60651853708572	-1.59949080332702	-1.2993284821776	-2.34292497633189	0.295113614560438	0.116823177328203	-0.280341611621521	0.469498242797743	-0.257575208567337	0.430901540377992	2.5040398864222	-0.0553059238066554
ENSSSCG00000053339	-3.25682382608645	1.30174061666338	1.50639465407237	0.84364026955177	-8.35101859647309	-1.89906035363544	0	0	0	0	0	0	-1.21785050406744	-0.360758155488758	0.0945608054280635	-7.75727277295771	0.696997404632353	0.765543109728929
ENSSSCG00000053430	0.956490245159516	0	0	0	3.83696600870219	1.10392419673183	-7.38435144753361	-0.19092432237352	-1.63139838910972	-2.0270286960353	0.104343370041192	-1.70869415321108	-5.39852119879705	-8.59200052070134	-8.54487295272584	-3.51611195433649	-1.55487645775674	-1.66625065077093
ENSSSCG00000053438	0	1.79416685654136	3.22738591995162	5.20978208378741	4.34643016667322	0.806236999834523	0	0	0	0	0	0	0	0	0	0	0	0
ENSSSCG00000053444	-2.3620316697591	1.09545351811242	-0.941883950039423	-3.30005465751288	-1.84753163013438	-1.44551858687399	-8.77753117717885	-2.66048232791458	-5.23277585553267	-8.67387176754961	-0.750843249716727	-0.125197745751089	-2.06517671216557	-1.57824817937308	-1.87400199315868	-3.48303689471611	-3.08516125178578	-1.73910375059014
ENSSSCG00000053480	0.434807665502493	-0.705100622402989	-0.900962748126144	-0.365600184438858	0.574302178698616	0.158774600048711	-1.15947017734448	-2.79625971041207	-0.703988598112425	-8.40158901756099	1.86587902106704	0.405384233585256	0.322044820130015	0.345674110661926	-0.597816693438251	-0.286975298800292	0.835781859756638	-0.899016766869664
ENSSSCG00000053490	-1.13540190548031	-1.49355440853718	-1.0456988656605	-2.1373177416599	-1.4254485826813	-1.61963488386208	1.57364925405101	0.463482063988508	1.54859261281415	1.46691026254636	5.59429705854195	5.90358167064736	0	0	0	0	0	0
ENSSSCG00000053510	0	0	0	0	0	0	0	0	0	0	0	0	-8.01647222745447	-8.08833221765509	-4.02634277366502	-3.96805888876122	-3.18353306599638	-3.89485517246954
ENSSSCG00000053530	-1.28254394773255	-1.76228433962794	-2.57389861962805	-7.29772529838897	-1.2865565954681	-0.903183057611234	0.034727492614576	0.0418110003348398	1.18570958161394	-0.245213418182619	-0.182280654258601	1.49983048570232	0.556463090589977	-0.763565901946876	-0.708963351184023	0.169530069626641	-0.66173913610311	-0.0543855101744245
ENSSSCG00000053565	0	3.40986053637199	1.61488081354123	0	0	0	-2.07896276393439	-2.64308891706487	-7.64263065390193	-2.82582806467881	-1.73791450170313	-1.46271806253717	0	0	0	0	0	0
ENSSSCG00000053614	-1.83355442867345	-1.86979283318653	0.626015707913286	-0.418137334459865	-2.79684418641518	-4.70762671543157	-1.00791088877159	-4.38569903313202	-3.52796523502624	-8.46031204733368	-3.49984923326152	-3.36374711423963	-2.07971274333294	-0.83360678740811	-1.82060887028718	-3.11037658107328	-3.00652077121991	2.19218932708272
ENSSSCG00000053630	0	0	0	0	0	0	-10.7562969724064	-7.5003144560634	-10.6175342954881	-10.6524543599786	-2.97377418356725	-4.72447992526939	0.250013703749219	-0.115186805052842	0.490957734337134	0.55083263455544	-0.752672333678333	0.581818286895923
ENSSSCG00000053650	0	0	0	5.32347335386795	4.01556012379448	0	0	2.14323047565368	0	3.16583618047463	4.61538988951059	1.48219235084416	0	0	0	0	2.56795557804053	0
ENSSSCG00000053684	0	0	0	0	1.76094658914392	0	0	0	0	0	0	0	7.12574276844218	0	7.45460337367122	7.76553558679671	0	0
ENSSSCG00000053700	0	7.6631441659141	7.42709022988675	0	0	0	0	0	0	0	0	0	0	0	0	0	0	0
ENSSSCG00000053703	0	0	0	0	0	0	0	0	0	0	6.4483522095829	5.09180079675923	0	0.333627994565023	0	0	0.184400702413277	0
ENSSSCG00000053718	-0.692127987965149	-1.85053549294144	-1.0456988656605	-0.481849803396539	-0.900833604535591	-1.33385279337467	-1.1964764740368	-2.63544915676107	-1.63872894450395	-8.64884275848158	-3.68842513703356	-2.88787143795981	-0.630388469212838	-0.604217720922963	-1.16480184965153	-1.04926482384932	0.187391168396167	-0.00902747846885865
ENSSSCG00000053759	0	0	0	0	0	0	0	0	0	0	7.15107107511959	0	0	0	0	0	0	0
ENSSSCG00000053816	0	0	0	0	0	0	0	0	7.44155665070397	0	0	0	0	0	0	0	0	0
ENSSSCG00000053859	-0.835229967695619	-7.51939570494269	-2.30290530913645	-0.6031114464919	-3.35396024814429	-7.5835490312335	-0.336893263932914	0	0	0	0	-0.798761075456588	-1.78049086895796	-0.131279672816669	-1.1544207064947	-8.6387360967584	-2.51941801334022	2.34320456710321
ENSSSCG00000053873	-0.315189502129338	-0.964935590106719	-0.225578364325147	-6.90827046733495	0.548700504929347	-0.513436354966836	-7.56773944419358	-3.38951504664901	-2.12926979629045	-3.17302202899915	-1.71440698461296	-1.38539996202617	1.40731905279245	1.42949537769646	1.65841540675718	0.723845924623582	1.54560828596361	0.88540960477955
ENSSSCG00000053879	0	0	0	0	0	0	-1.3477045856445	-2.52644660057484	-4.96671548242531	-5.04676637839557	-1.32809097748207	-1.68727173135356	0.936848190439143	-1.1251050612718	-1.82547453175168	-1.76650324646733	0.879235437586264	1.79033260769397
ENSSSCG00000053903	0	0	0	0	0	0	0	0	0	0	0	0	-0.691122838279163	-0.825965100549801	-0.639671524306077	-7.45073724987333	-0.270974890938908	-0.603570182462787
ENSSSCG00000053919	-3.54373985740216	-2.03969176274535	-1.84291464968632	-5.6053557759293	-5.32455842152235	-1.10191896834512	0	0	0	0	0	0	1.09585277686002	2.05412382866861	2.04226327527678	0	0	0
ENSSSCG00000053956	0	0	7.62763024640496	0	0	0	0	0	0	0	0	0	1.76537089351473	0	1.39996145911118	0	0	0
ENSSSCG00000054029	0	5.10556060382743	5.43732199555849	0	0	0	3.37802243724835	3.22512763597069	2.90047257913735	2.68261755842686	2.06977413321066	0	0	0	0	0	0	0
ENSSSCG00000054070	0	0	0	7.81868471586701	0	0	0	0	0	0	0	0	0	0	0	0	0	0
ENSSSCG00000054096	0	7.02328612436064	9.3468994664716	0	0	0	0	0	0	0	0	0	0	0	0	0	0	0
ENSSSCG00000054103	-2.2726868390824	-6.99926989517971	-2.74257861324427	-2.71531129149374	-2.83391503123965	-2.06792606218817	0	0	0	0	0	0	0	0	7.6305318300273	0	0	0
ENSSSCG00000054117	-2.46290119618593	-6.09972690029096	-4.98176840418476	-3.65660999323669	-1.00671410608123	-1.55533784980181	0	0	0	0	0	0	-2.4800510584387	-0.197189956849322	-0.210154006212336	0.494465074014815	0.185965879165538	-0.250869061993477
ENSSSCG00000054181	0	4.02874213644396	4.59006499542344	5.05532261078846	5.849758703598	2.63315255351501	1.03094018093785	0	0	1.79427908228484	0	0	-1.26754603853022	-1.08477247049875	-1.3145545671981	1.369398067721	-0.193278934501492	-1.01288710223816
ENSSSCG00000054186	0.681660589697343	0.645720319989562	0.205852275664593	1.01186538267298	1.73623955989682	0.969337530541121	-0.678925953981723	-0.671761004123306	-0.853280308827535	0.00629543389640082	1.31198948568141	-0.222191905304267	-5.78921295089093	-6.56499092783737	-5.91852932338232	-5.32022257834137	-5.26671873262571	-0.0316082290785934
ENSSSCG00000054220	0	0	0	0	0	8.0840034687166	0	0	0	0	1.56582016037869	0	0	0	0	0	0	0
ENSSSCG00000054249	0	0	0	0	0	0	-1.92217823242301	-0.708592649338427	-4.07968169591846	-7.5206716128604	-2.5598700701615	-2.73649891413786	0	0	0	0	0	0
ENSSSCG00000054285	0	0	0	0	0	0	-1.78775395569919	-1.37935567295878	0	-0.845921409594302	-1.452713437139	-1.62884588269863	4.7308629735806	4.81148359709994	4.01154364537726	5.26455828893517	4.33484745276473	0
ENSSSCG00000054303	-0.605715573558857	-1.07534279857547	-2.48129955736561	-2.18345358472822	-1.92261107840563	-0.757710069973158	-1.86588720592473	-1.85881021073531	-2.12926979629045	-7.46440230859401	-1.71440698461296	-1.89216553751243	0.361684125305626	-0.00738078084342832	0.096984513531889	0.374312256787974	-0.699965851986872	-0.0262209905980534
ENSSSCG00000054318	0	0	0	0	0	0	0	8.26732047364423	0	0	0	0	0	0	0	0	0	0
ENSSSCG00000054353	0	0	0	4.4340408852405	5.72833534277462	4.69296569788701	0	0	0	0	0	3.19583948723801	0	0	0	7.13178432134791	8.26714462024572	6.99984263795617
ENSSSCG00000054376	0	0	0	0	8.51061351308727	0	0	0	0	0	0	0	0	0	0	0	0	0
ENSSSCG00000054392	0	0	0	0	0	0	0	0	0	0	9.22575846565213	0	0	0	0	0	0	0
ENSSSCG00000054436	0	0	0	0	0	0	0	0	0	0	7.31046687725849	0	0	0	0	0	0	0
ENSSSCG00000054443	2.9967816339797	1.49694225104649	3.10623353665948	0.0311240693904449	2.18089928440907	-1.49265767664819	-3.00018616640411	-8.12751503649474	0.444859825320434	-0.220175461363763	-4.02518517850404	-2.26609609529644	0.618896375212943	-0.623203290887442	-1.0310173674798	-1.00206481651686	0.506633103227631	-0.27169470999579
ENSSSCG00000054571	0	1.00903513387154	1.2841619659332	2.64816934630922	0.95249851524213	1.7511860219498	0.144280071854386	-1.34501727226885	-0.889162977770033	-8.51673802613614	-1.41954601168852	1.92266882085684	1.33616640700583	1.50749415455411	1.64671276874404	0.815051314253907	0.353279608076658	-0.391256661012037
ENSSSCG00000054576	-4.82166799225361	-6.4214094407151	-4.98972500615273	0.0592471817689207	0.555595192992013	-10.5847671467369	-5.56314279232882	-10.2890865745806	-10.1537184030026	0.0170306291341753	-6.18685433711111	-10.4140056877647	-3.93419762232423	-3.80856297636312	-4.4244188541717	-0.710280265383485	1.01070511721145	-5.40750958078754
ENSSSCG00000054590	0.0961425041434345	-2.70933139680222	-2.55163298196373	0.861497785212028	-1.37122676253687	0.257489018932066	0	0	0	8.57708839896001	7.5207310731676	0	0	0	0	0	0	1.85187362730915
ENSSSCG00000054611	-4.43690013325728	-4.50746163909741	-8.52795193787244	-5.24511004383166	-4.44083140110859	-2.12086285435079	0	0	0	0	1.87866825832001	0	-7.5239850070897	-1.8789428504432	-2.00960989087071	-2.92011483396567	-7.6095573153731	-2.44583712217015
ENSSSCG00000054645	0	0	0	9.93349564698758	8.90820774659879	0	0	0	0	10.628438060955	0	0	0	0	0	4.62323290923496	4.98152498133802	0
ENSSSCG00000054680	-1.00398650877306	-0.500498141820585	0	-2.41852011164245	0	-2.17089215871091	0	0	0	0	0	0	-2.12461795907154	-3.91143250383532	-9.10656059889417	-4.47783273006778	-3.27300486861485	-1.64720966727937
ENSSSCG00000054682	0	0	0	0	0	0	0	7.19008205022224	0	0	6.97185159570829	0	0	0	0	0	0	0
ENSSSCG00000054768	-0.615485239660484	0.486196481714113	-2.25437597587962	-4.10315263724013	-3.65311404329664	-0.758696213089191	-6.5284224703459	-7.51289516555285	-7.52690037300665	-8.2753988302793	-4.65746824331418	-6.24194007239093	-1.13170022270955	-0.965788856726262	0.524341417555407	-0.196045788604237	0.271953072514606	-0.594728123887421
ENSSSCG00000054793	0	0	0	0	0	0	0	0	0	0	0	0	0	0	0	7.35270640602818	0	0
ENSSSCG00000054840	0	0	0	0	0	0	7.09946177851968	7.42306458578438	0	0	0	0	-4.15474234228419	-1.77988912869054	-3.24612859559195	-1.63244416502794	-4.31109151956761	-0.689754507146814
ENSSSCG00000054868	0	0	0	0	0	0	0	8.76844299716622	9.2429712706242	11.874349666444	13.2033219400486	7.9232143703751	0	0	0	0	7.52186425845411	0
ENSSSCG00000054930	0	4.37646122550715	4.45487946465963	0	3.7832754567349	0.883733232505979	-0.924030200189942	-2.25554364945686	-4.35126151251635	-8.72266361409601	-4.72069159910679	-0.934671831291446	1.54174096225863	-0.902483576117605	-0.594768730705181	0.737257875225365	1.35690119049765	-0.0228892303798076
ENSSSCG00000054946	0.323643920608733	-0.0601004287809847	-2.09492223883882	-1.71520108993928	-2.03797225976374	-0.806116359983695	0	3.4174360148213	0	3.12260140686015	3.48170064882814	0	3.1638072047183	3.5250593765847	0.238589092276228	0.724235114632629	-7.6095573153731	2.84146520525482
ENSSSCG00000055046	0	0	3.6864412976233	0	5.74584898458022	3.81834281459279	0	0	0	0	0	0	0	0	0	0	0	0
ENSSSCG00000055047	0	0	0	0	0	0	0	7.10323655870425	0	0	0	0	0	0	0	0	0	0
ENSSSCG00000055056	0	0	0.471002026313574	0	0	0	-3.92019762281899	-8.08812996520215	-2.33819195599425	-2.73391033689192	-3.98579662768143	-2.63416927083768	0	0	0	0	0	0
ENSSSCG00000055095	1.69406790635751	0.608586972477165	1.17301668652136	-9.65288995304706	-5.57893772247491	0.175299153990286	1.92673021831628	1.29323065150044	2.20805332809463	-9.5824213408371	0.57459320058747	0.0273039169435176	0.936714857942112	0.0513729089237528	0.6549497247809	-6.36816719789202	-9.58753956780103	1.90319834456473
ENSSSCG00000055164	0	0	0	0	0	0	0	0	0	0	0	8.39362318224147	0	0	0	0	0	0
ENSSSCG00000055216	0	0	7.42709022988675	0	0	0	0	0	0	0	0	0	1.02929502856046	0.265509961502094	-0.637428124216666	2.83825644870123	-2.04305288677486	-1.48528388446518
ENSSSCG00000055233	0	0	0	0	7.37784905079687	0	0	0	0	0	0	0	0	0	0	0	0	0
ENSSSCG00000055265	-1.54698401526058	-7.24541576785203	-3.91108357755048	-2.00133032802305	-3.99999273457216	-3.26961398066164	0	0	0	0	0	0	0	1.63214243389117	1.5142318730311	1.33477321506522	0	0
ENSSSCG00000055280	-1.77794689870723	-2.38592065538908	-0.991556516032934	-8.78213309713545	-1.61326113947851	-0.127441944729478	-1.03391887540347	-1.83260664282314	-2.46524685583691	-1.57969575454371	-0.713001237742298	-0.104835251168577	-3.78345025563097	-2.1893978402422	-2.68459007454223	-3.93950770358754	-3.11888584489365	-1.6832505873123
ENSSSCG00000055284	0	0	0	0	7.44782527073719	0	0	0	0	0	0	0	0	0	0	0	0	0
ENSSSCG00000055296	-0.95837291780522	0.682757818123086	1.5522685527847	-0.901295773862838	1.575899628217	-0.575278222009295	-1.14349514472639	-1.13636624512963	-3.20708580658702	-1.00644762449449	-8.27507874231	-1.14352682801371	0.86098121609596	-0.150244589641944	-0.429757803916712	0.741433039420463	0.797782670915104	-1.41131365782894
ENSSSCG00000055313	0	0	0	0	0	0	-7.62403047069185	-7.6206823091185	-3.14937838605043	-7.5206716128604	-0.59185342644475	-0.189375485253596	-2.10023862032389	0.443953539197789	0.443693610322595	0.389977560198027	-2.49890124507202	0.667564049100532
ENSSSCG00000055330	0	0	0	0	0	0	0	0	0	0	7.86696993628324	0	0	0	0	0	0	0
ENSSSCG00000055347	0	0	0	0	0	0	-6.92815433213434	-1.21923500564814	-6.79050369516441	-6.82513384370811	-6.96011963228401	-1.47031024643	0	0	0	0	0	0
ENSSSCG00000055351	0	0	0	0	0	0	-3.87970675232152	-2.9132632814584	-7.9126944978898	-7.9474932637884	0.184465550665845	-2.59366622244956	0	0	0	0	0	0
ENSSSCG00000055461	0	6.93091590340339	8.65492718596231	0	0	0	0	0	0	0	0	0	2.10379943110819	0	0	1.77775661159834	0	0
ENSSSCG00000055560	0	0	0	0	0	0	-6.92815433213434	-1.79044059224952	-6.79050369516441	-6.82513384370811	-6.96011963228401	-2.04025600057673	0	0	0	0	0	0
ENSSSCG00000055565	0	1.79951492661963	2.60727598822207	1.76678282276253	5.07085330648814	3.47263188075136	0	0	0	0	0	0	0	0	0	0	0	0
ENSSSCG00000055587	0	0	0	0	0	0	0	0	0	0	0	0	7.85857032051503	6.8939233459789	7.18069938969166	0	0	0
ENSSSCG00000055590	0	0	0	1.45425994911778	0	0	0	0	0	0	0	0	-8.96647108100912	-3.13245852302591	-3.45218067802849	-8.95994009784843	-2.16991331041114	-1.06867336395216
ENSSSCG00000055617	0	1.99057650355124	0	0	0	0	0	0	0	0	6.47354499942426	3.82258508105419	0	0	0	0	1.40268564869381	0
ENSSSCG00000055674	0	1.00903513387154	0	0	0	0	9.79097222121475	0	9.43531869043477	0	9.07846074902144	0	1.12499563101914	0.652326584225875	1.07797897508879	0	0	0
ENSSSCG00000055762	-5.42026001670789	-3.92427418853862	-4.24380108196244	-2.70355052981301	-4.9170779000434	-4.44068715762301	-3.12178691235454	-3.30579661309251	-3.00116798385998	-10.1174340434855	0.268559871253575	0.491416802344644	-4.16012433990098	-5.97893503462855	-5.94501507068314	-5.58677404617539	-7.42502510111669	-3.40717824049849
ENSSSCG00000055770	0.602511602794219	0	1.60967159216133	0	1.07900775951639	1.46614588606948	0	0	4.29883464841775	0	0	0	0	0	0	0	7.57814583345562	0
ENSSSCG00000055784	0	0	0	0	0	0	0	7.3495063779927	0	0	0	0	0	0	0	0	0	0
ENSSSCG00000055799	-5.18217878170328	-12.0322709750322	-17.9879850769219	-8.83809244453276	-5.44631841656957	-2.18768565960325	-2.25024925905319	-3.45444487869653	-5.40215843000424	-6.80131487379602	-2.47377852130529	-2.78166697164051	-2.99024993351711	-3.85090355046776	-3.76073678086297	-6.67674360139443	-4.00233299678759	-1.47361719696893
ENSSSCG00000055812	-0.348758284925297	-1.28894762050399	-2.11305245230001	-1.5093548257023	-1.10633429869751	-0.917319760551166	-0.204746171085466	-2.17261644632069	0.0332001220772276	-2.2666090553241	-0.423126719289658	-1.44171452892052	-2.4864787807522	-1.86866887700735	-1.0735468008374	-5.09827689391305	-1.6544369254474	-0.823075446218928
ENSSSCG00000055921	0	0	0	0	0	0	-5.67002575627449	-2.80219237234863	-4.44415224274149	-8.8155595649808	-0.938189981557973	-1.89742124609252	0	0	0	0	0	0
ENSSSCG00000055955	0.275414889744806	2.4824329364749	1.13157440615561	-0.683409749275598	-1.78331667721208	-3.845853280856	0	8.76844299716622	0	0	0	0	0	0	0	0	0	0
ENSSSCG00000055976	0	0	0	0	0	0	0	0	0	0	5.45933102804131	2.66040346947055	0	0	0	0	0	0
ENSSSCG00000055982	0.931875449448232	1.47061146774196	-2.9886254588931	-2.96134108916437	-1.55098522177587	3.6179176013551	0	7.10323655870425	0	0	0	0	1.57701850816329	-0.374705257072487	0.0522898520245746	-0.581768897419401	0.349566431465244	0.110403984602069
ENSSSCG00000055991	-0.0986254554479979	0.358695392145741	-4.26729643592107	0.600261130846963	-2.96366579106206	-6.07994916558972	0.43515485411092	0.036171110808658	-2.48874294598217	0.173149799861589	-2.06631651193355	-2.5482445852067	-0.249598486004896	-0.53847054594062	-4.83401825379945	-1.08614902767206	-3.20822882223704	-2.95971162953408
ENSSSCG00000056047	0	0	0	0	0	0	-2.23701750890836	-2.22991512693547	-1.92659324323454	-3.95200697989817	0.378109210529111	-1.10408955595377	-3.67128895652011	-7.77926373579298	-7.73223033135518	-7.70095594433493	-3.27367702646231	-7.66256027807742
ENSSSCG00000056055	0	0	0	0	7.30430492476965	0	0	0	0	0	0	0	-2.28485191447058	0	-0.787346342482463	0.549527132892674	-2.4422774676268	-2.75497651974649
ENSSSCG00000056056	-0.0154240479331029	-5.1336835873524	-2.78402688329225	-4.03001474784717	-3.19064375807141	-2.08883543956706	0	0	0	0	0	0	-2.23407394813363	-1.88899029181077	-2.59849222780034	-4.47163965435519	-2.71126552192623	-0.622295969080647
ENSSSCG00000056093	0	0	0	0	8.6654880380758	0	-4.72816487045789	-3.17281120491752	-2.58249655152946	-2.95088889143538	-3.41467029877528	-3.59294934890196	0	0	0	0	0	0
ENSSSCG00000056112	0	0	7.35353078962065	0	0	0	0	0	0	0	0	0	0	0	0	0	0	0
ENSSSCG00000056178	-2.27503000146711	-7.53377360221889	-7.3730360067312	-3.57605687947431	-2.20418061038695	0.279556118709591	0	0	0	0	2.19626439463436	0	0.255177109533701	3.6582464709413	2.5800127857564	2.25829294487962	1.72215724994927	2.59830324484166
ENSSSCG00000056251	0	0	0	0	0	0	-8.87353437586859	-8.87017631871918	-2.86190010933957	-8.76985916326611	5.08003209220894	1.01392203443761	0	0	0	0	0	0
ENSSSCG00000056318	0	0	0	0	0	1.36128729410759	0	7.42306458578438	0	8.07907967976195	0	0	1.6812727289219	1.94717919946576	1.28812641913236	2.31037193701168	0	0
ENSSSCG00000056352	0	0	0	0	0	0	0	0	0	0	0	0	-2.79573655093018	-7.4589765171178	-7.41199745660826	-7.38076019706343	-3.50722147519315	-0.753853543139175
ENSSSCG00000056379	-0.651966856358999	-1.71410383791482	-2.83881024804235	-5.53916829952967	-2.19150954752878	0.999670045228001	-1.53551223425797	2.93953374223379	2.79311041946946	2.24952901884812	3.84321588065101	-0.144352320556347	-5.08332773236517	-2.10657260492221	-2.24548486644894	-3.66723174795081	-1.14694149967534	-1.99485129744391
ENSSSCG00000056400	0	6.4915690552304	4.90483241805615	0	0	2.99278212144325	2.45602097404822	6.08757748989356	4.95942163827253	3.64232437517642	2.06977413321066	0	0	0.93437176262448	1.82385570019947	0	0.909193184364103	0
ENSSSCG00000056414	0	0	0	0	0	0	0	0	0	0	9.65512514240317	0	0	0	0	0	0	0
ENSSSCG00000056489	0	3.46734536931644	0	0	0	0	0	0	0	0	0	0	-2.58795277399107	-3.69061247427497	-8.17403987005106	-8.14272607526445	-8.23497899425893	-4.02761444858481
ENSSSCG00000056525	3.70402114369156	0.947288176096788	1.61607926484541	6.18655436817288	2.16992097603598	0.631859122697431	-2.04816172007869	0.458093147900643	2.89850661688061	2.00541625207037	-0.169375958520887	1.1129288705668	-1.22226844757535	-2.75918046042782	0.368859772142553	0.308825291056014	-2.26062159031628	1.99504467089795
ENSSSCG00000056587	-8.20513916873809	-1.40842939361879	-1.0550442036305	-2.01667562918175	1.26841978603003	0.0750531477410164	0	0	0	0	0	0	0.0807279973260965	-0.0539898897700095	-0.637428124216666	1.72922448072868	-0.490245879324513	-0.820571801382571
ENSSSCG00000056685	-0.993955038132219	-1.03718643495826	-1.55926415110432	-1.80633698421398	-1.62267617046174	-1.80325750333428	4.61751372074302	2.61933334696499	6.09683272202336	7.69548666190032	3.60721118324361	3.7251769716805	-0.0163744663551835	0.504970631089593	-0.890377809187037	-0.192536901933999	-0.373886444506441	0.116940532381719
ENSSSCG00000056727	-2.3484928496293	0.0500862469326246	-2.12273907729815	-2.95673555600616	-1.59410245814766	-2.8644102112284	-1.96608035723433	-1.38784007032366	-1.65858918187938	-1.16727625390266	0.45576318089069	-7.21755948555386	-0.190241237376315	-0.76696885973279	-2.04965644111431	-1.14729764270832	-2.89116715378894	-1.12617154342076
ENSSSCG00000056766	-2.89742180497938	0.133428125008722	-0.166472934002155	-2.07693355521735	-1.51060104700316	-1.66636363901945	-5.41927143052022	0.288406012360355	-3.1699300693036	-2.93366378199298	-3.09417644887907	-2.65068757991442	-3.18188615243513	-0.238397397947201	-2.42595896716739	-2.49470750919888	-3.27274543315213	-2.95730679253636
ENSSSCG00000056769	0	7.71945391149121	8.68522626711969	7.02981416141975	0	0	0	0	4.14478680159923	3.48272333745685	0	0	0	0	0	0	0	0
ENSSSCG00000056837	-2.96867488777097	-1.66103156006755	-3.43843292282021	-3.41112399566179	-2.00087516894881	-1.09542885663834	-1.79747224111347	-1.79044059224952	-2.45395991330621	-6.82513384370811	-6.96011963228401	-1.47031024643	-2.84488942426739	-0.937781413531455	-1.23940466534945	-3.14530380148438	-2.1731574941747	-1.19679631998424
ENSSSCG00000056843	0	0	2.55033341476724	0	0	0	-7.24771116728415	-1.79630223281156	-2.77327914172385	-7.14451500384653	-3.14193207231745	-1.57198447103307	0.880855388650038	0	0	1.03002847124023	0	0
ENSSSCG00000056890	-1.86149637329359	-0.100236293398056	0.683897952142469	-1.34426114109403	-1.46446124833739	0	0	0	0	0	0	0	-2.93245644403506	-0.615061997299351	-3.53381679227427	-7.51747654793985	-1.13810758239268	-2.84626337728251
ENSSSCG00000056910	0	-3.62750245352038	0	2.5866092047332	1.59863951520777	2.47176399329155	0	0	0	0	0	0	-5.01404946008396	-3.93883693569189	-3.78410770378881	-4.01176017279939	0.597352988412505	-0.53807188096573
ENSSSCG00000056949	0	0	0	0	0	0	7.18630565229351	0	0	7.2254268213961	0	0	-7.31371801896957	-2.45554251444375	-2.76862427519907	-3.2653205772889	-7.39921911121928	-1.44726026366948
ENSSSCG00000056988	-3.43617723353414	-1.81106311238848	-3.90587555927428	-8.07150723112873	-3.99741411628802	0.725115826522743	0	0	0	0	0	7.55571306913392	0	0	0	0	0	0
ENSSSCG00000056997	-2.22949568885876	-1.26184042889038	-1.25527014677505	4.28242843415139	5.46017169558773	3.37816539340037	-1.79579700910703	-1.67785913924245	-2.26673376770028	-0.2224505558437	-0.411427092782997	-3.03921423356274	-2.06735096348636	-3.46385856863714	-3.93028418554821	-2.06678987496402	0.490663654996522	-0.294681921885545
ENSSSCG00000057082	-6.45647668477948	0.742086776574614	-0.041527042976721	0.0432227943557519	0.320126272597894	-0.031009545731676	-8.44396950898559	0.179325225475526	-2.21357125704063	-1.93754329567856	-2.59071352336709	-3.55669441859972	-6.46019824716242	-0.292924855891505	-1.26954716227881	-0.545759020167212	-1.60741306151539	-1.03937276112434
ENSSSCG00000057125	0	0	1.36339715780727	0	0	0	0	0	7.2726686920741	0	0	0	0	0	0	0	0	0
ENSSSCG00000057140	0	0	0	0	0	0	0	8.55597550472108	0	0	0	0	0	0	0	0	0	0
ENSSSCG00000057151	-1.47683856414616	0.0712176321765053	-1.89460390576089	-1.6769932065736	-7.86735805746563	-3.92523841595254	0	0	0	0	0	0	-0.454572207215468	-2.01804831499497	-0.377526691258685	-1.30264148423955	0.166716779136789	0.749399894302889
ENSSSCG00000057157	-0.897961212901754	-7.99362046815497	-2.77700672476669	-2.43548702061423	-0.381730197527709	-0.51575238359355	0	0	0	0	0	0	-7.38726511398482	-0.565053171138902	-3.39708357620691	-2.38333792328336	1.04514162162246	-1.73894021973279
ENSSSCG00000057206	0.688212884758329	-2.22396912268594	-1.58560469266533	-0.369073157837731	-1.03709156737072	0.341162118702285	-0.865813291405665	-0.0592642001482236	1.08261399249706	-0.37336486844358	1.95545361704249	1.22956353085504	-3.78302271505856	-1.07072598920285	-1.58183898413846	-5.29588843034583	-0.723730299173571	-1.77929003455528
ENSSSCG00000057215	-0.253656612127526	-0.779402784678035	-3.62946618552768	-1.38072846401074	-0.28221541010791	-0.208382379070911	-0.798787219747643	-0.720472358401341	0.163822619975694	-1.25617347847926	3.12695224114605	3.79962863625578	-3.5285323287379	-8.59200052070134	-3.57528422650016	-3.51611195433649	-1.55487645775674	0.603602003006051
ENSSSCG00000057223	0	0	0	0	0	0	0	0	0	0	0	0	-2.12461795907154	-2.67080445113947	-9.10656059889417	-4.07777217026189	-9.16759841381051	-9.0366833512224
ENSSSCG00000057225	7.06016675756189	0	7.10725635526659	7.02981416141975	7.51456381123589	0	1.73861151205993	0.944334354992109	2.35499727921484	1.89667008230107	0.746270203611027	0	-0.109870566603066	0	0	0	-0.58629755364793	0.457533310705335
ENSSSCG00000057321	0	0	0	0	0	0	0	0	0	0	7.86696993628324	0	0	3.41801876200969	0	0	0	0
ENSSSCG00000057335	0	7.82588008830447	0	0	0	0	0	0	0	0	0	0	0	3.00440278974513	0	2.9970741968279	0	0
ENSSSCG00000057439	0.0960009636594657	-1.53180638813048	-0.392523514516445	0.625002290029893	-1.46446124833739	0.765462603874071	-2.13480667299987	-0.849193665549205	-1.00126480578655	-8.30876400045059	-1.79169225667228	1.1036404162856	-0.78617129448086	-1.24144762474343	-1.15355298866485	-3.37900314769892	0.0492081315331444	-1.01844498704035
ENSSSCG00000057453	0	0	0	0	0	0	0	0	0	0	0	0	10.4059456740482	8.13481049470605	9.76993673075241	9.23932659297474	10.08092268061	0
ENSSSCG00000057496	1.69444373627188	3.30905345460537	2.8977075198065	2.44702979996375	0.0402942639762175	-2.30084382600651	1.47505752734758	5.66734824873506	5.40303292406848	2.90096731962994	1.86198989765373	0.0769035601328841	-0.0325189707312247	-0.936419552736011	-1.70265207058709	-2.27321465985072	-0.940333308288163	-0.4727362472581
ENSSSCG00000057502	0	1.57923113995322	0	0	0	0	-1.9563273711417	-0.601260880150899	-1.64641034048404	-1.94679229498534	-1.25590449910629	-0.170351215419142	5.64911324200226	0	0	0	0	0
ENSSSCG00000057515	0	9.97936685239822	10.9048623003034	0	0	0	0	0	0	0	0	0	0	2.36392573542102	1.62011186987374	0	0	0
ENSSSCG00000057522	-1.85939416098011	0.208967195147503	-0.42384664630666	0.835812204571565	0.608986142591423	0.408841943801012	-0.951557982306616	-1.03341179394109	-2.9522198707514	-1.11146044925151	-7.6460178175923	-5.03952834164717	1.14458073689134	0.372122127100022	0.602669289130634	1.53238010306665	-1.11281171336978	0.16536863643215
ENSSSCG00000057525	0.373868311303176	1.14634072187649	2.04164398825046	2.19279271734927	-2.32393183645068	0.914479937831227	-0.491901714470267	-0.983166182325892	-1.44810207496341	-7.57482838760688	-0.125758979312336	1.23262288076983	3.39730674734336	1.08355251267019	2.40968741470113	0.234668517805124	-0.0952206086079122	-0.54304245256109
ENSSSCG00000057578	0	7.02328612436064	0	0	9.13724792632023	7.28063061559649	0	0	0	1.12197997571808	0	1.49137475861956	0.88478787491101	0.130713214380191	-2.12971908405435	1.72314661954809	0.490599174879029	-0.0228967128056904
ENSSSCG00000057579	0	0	0	0	0	0	0	0	0	7.13295998095398	0	0	0	0	0	0	0	0
ENSSSCG00000057590	0	0	0	0	0	0	0	0	0	0	8.14598687458164	7.96883231062618	0	0	0	0	0	0
ENSSSCG00000057615	0	0	0	0	0	0	0	0	0	0	0	6.88223460300644	8.97069658669864	0	0	0	0	0
ENSSSCG00000057631	0	0	0	0	7.63943706098117	0	0	0	0	0	0	0	0	6.80162244874094	0	0	0	0
ENSSSCG00000057642	0	0	0	0	0	0	-2.84363491787688	-2.83670404319252	-6.87719971235094	-6.91184805313995	-7.04690072620707	-0.832293382655545	0	0	0	0	0	0
ENSSSCG00000057650	1.7675101578449	-0.840505810375355	-1.92753969266107	-2.68828795271395	-1.23315419989098	-0.530229975556826	0	7.49305355393176	8.02375005396059	0	0	0	1.68404160694153	1.88839426298859	1.69668417287628	0.758572697425001	2.253158640476	2.37660398412265
ENSSSCG00000057664	-0.782103044799146	-5.87916120734678	-4.18997084111864	-0.0587443962095691	2.09182334649517	0.941030259838433	0	0	0	0	0	0	4.3177671819784	7.04907878720257	6.81077555326603	0	0	0
ENSSSCG00000057672	0	4.06299386577997	5.73710463553823	4.16373063970874	0	0	0	0	0	0	0	0	-1.68762165925481	-3.38204310662169	-3.60761985981061	0.109689143700922	-2.42653493358874	-1.91883133360869
ENSSSCG00000057692	-2.40359123731193	-1.90063177485702	-1.07381589748669	-5.81553912160988	-5.29010065432044	-4.39487003604183	-1.62047940497608	-3.55219691103629	-7.59226240084656	-3.33564525243642	-2.6662742882113	-0.876943896056034	-4.25532339607193	-6.12822694247567	-4.66637630008486	-2.45867824258641	-3.69490276094291	-0.430113801520155
ENSSSCG00000057707	0	0	0	0	0	0	0	0	0	0	9.10044662125995	0	1.34381678461078	0.211410929140001	0.953267709655253	0.0709625782404405	-0.462652531955766	-1.42545480902152
ENSSSCG00000057824	0	0	0	0	0	0	0	0	0	0	0	7.29421143522348	0	0	0	0	0	0
ENSSSCG00000057847	5.67980997392539	0	0	0	0	0	4.75432478424286	0	0	0	0	0	0	0	0	0	0	0
ENSSSCG00000057864	0.0959111093048301	0.148122531070122	-0.93409042087305	-1.22018137449868	1.26751000980321	0.0222369717244951	-1.29019341024701	-1.45070067578675	-1.81468231461398	-7.46440230859401	-3.46200207378396	-1.01110999682954	1.1034454012769	1.51659229710932	1.63896512445008	1.55480826041739	1.52591366513044	-1.5780907342869
ENSSSCG00000057867	0	0	0	0	0	0	-2.59974111127431	-7.72707382655596	-7.59226240084656	-7.62702553203128	-7.76250014547346	1.39931108281084	0	0	0	0	0	0
ENSSSCG00000057883	-2.11777987241156	3.56843849458243	4.65092578170985	5.86910559134707	3.63693566673411	2.98977025564431	0	0	0	0	0	0	1.45188394552207	0	1.81701308840076	0	0.974496175012858	0
ENSSSCG00000057901	0	0	0	0	2.16244939332935	0	3.5472368657991	5.56470927341763	5.69002653054616	4.39621985399256	3.11204065078013	0	0	0	0	0	0	0
ENSSSCG00000057944	0	0	0	0	5.07144356411197	4.46010473405578	-0.167772376364066	-1.15502692188094	-1.74889756749766	-0.671396039168258	-1.54852933304526	-3.28186156701719	0	1.31344384423032	0	0	1.16440599393806	0
ENSSSCG00000057968	-1.26074205304786	-1.72291387008876	-1.9720651747394	-1.21259206628134	-3.05162427509824	-0.646663864668125	0	0	0	0	0	0	-0.762475325545271	-1.54675659330932	-0.645553272190397	0.045257663303694	-5.38509016918929	-1.32304995705934
ENSSSCG00000057970	-0.0664197254780259	-0.243693443115776	-0.489951972630076	-0.421211797475288	-1.42620076737438	0.0553188279088024	3.78888310291657	4.19994640964751	4.80075962486802	6.49402515277919	5.47299191918323	2.94467729656112	1.02091450902039	2.09272708184726	3.43700210223538	3.55954193727441	4.82340750569914	-0.209983030966655
ENSSSCG00000057979	4.19720600004115	0	3.72292834323825	4.66606101323788	0	0	9.51713807455537	0	9.14849581250113	8.77364292116396	8.70074948751145	0	2.9361262754632	0	3.65463077454595	3.23960110697912	0	0
ENSSSCG00000058011	-1.61980876908683	-2.38410215501774	-8.34005211133046	-4.13401449584576	-8.38486317067679	-4.44286606228902	0	0	0	0	0	0	0	0	0	0	0	0
ENSSSCG00000058012	-1.6806831316534	-0.196294123482836	-0.802333196997437	0	-2.64291771597384	-0.89961526120983	0	0	0	0	0	7.55571306913392	0.469709592960326	-0.368608523218832	0.0630056711300687	-0.221731641505443	0.387181436326427	0.63462924054382
ENSSSCG00000058028	0	0	0	0	0	0	0	0	0	0	7.81473138298005	0	3.54569298281912	0	0	0	0	0
ENSSSCG00000058051	0	0	0	0	0	0	-3.15248303067778	-2.46454567792796	-3.31044304258206	-11.5677168220765	-3.69059279668079	-0.610351092187019	-5.15334793982474	-5.8404910221832	-6.66822375433474	-1.53397767435678	-4.91216255773228	-4.09633123992845
ENSSSCG00000058062	1.40450281157304	0	0.982970143582332	0	0	0.696007328761319	-0.340655935443094	-1.54791041042693	-8.10459099478145	-2.09428374084901	-1.88245450003167	-0.488114615009464	1.34057071607025	0.352156407742326	-1.10662144936476	1.73767694215059	2.17000743155966	-0.221391164353793
ENSSSCG00000058078	0	0	1.16628791924875	0	1.20947149524812	1.63906059139976	4.95706221091464	3.04156988852267	3.46217641526538	5.02258477251939	1.89530961992892	3.49025008894795	0.873097512559956	1.31825414441341	0	0	0	0
ENSSSCG00000058105	0	0	7.35353078962065	0	0	0	0	0	0	0	0	0	0	0	0	0.409819179239487	0	0
ENSSSCG00000058119	-1.13328104160078	-2.19301267473066	-1.84184788028104	-7.9464638132092	-8.0042998149663	-0.97244206076245	0	0	0	0	0	2.47454472423652	0	0	0	1.14545738268588	2.62629400689172	0
ENSSSCG00000058139	0	0	0	0	0	0	0	0	0	0	0	0	7.27671246355353	6.8939233459789	7.83601166002517	0	0	0
ENSSSCG00000058221	0.820552994076887	2.32208617734841	2.74540981146365	0	5.23298244438443	0	-3.76570396492317	0.673116287455801	-1.2622215037386	-3.54860902652128	-2.35172200546933	-1.3390589581418	-1.54027409742394	3.97299996149713	0.697787373274723	3.66584563553202	2.96933473586785	-0.476098777235519
ENSSSCG00000058240	0	0	7.49708031378069	0	0	0	0	0	0	0	0	0	0	0	0	0	0	0
ENSSSCG00000058261	-3.22380389120928	-4.59177964326103	-9.56943989757125	-5.36337895822158	-2.55624145088757	-0.694110168507744	-2.18925381047648	-3.02266418124493	-4.42132637640856	-3.78530968539818	-3.41467029877528	-1.7515459445277	-3.81598968319632	-3.2473715888324	-5.29306848831429	-5.23383701682554	-1.59223912829668	-1.05187706122551
ENSSSCG00000058262	0	0	0	0	0	0	-8.09148285348345	-3.91325304968248	-3.61662638274839	-7.98797289442822	-3.98579662768143	-1.15133732169164	0	0	0	0	0	0
ENSSSCG00000058266	0	0	1.04548954594448	0	0	0	0	0	0	0	8.11010611451163	0	1.66671913573975	0	2.80516433533616	2.6724863258102	2.39515570948863	0
ENSSSCG00000058302	4.50703923985992	1.31542054506584	3.1033489323793	6.63621891515197	0.557845555834113	-1.45799938837232	0.751157104282219	2.84795482344483	3.24288769638283	2.75812136497502	2.69668572012581	0.146136691509043	3.93822755336856	0.986516381832433	3.75122103901327	3.98178686007939	-1.12930842727266	0.101387791751486
ENSSSCG00000058308	0.793857296566233	-0.492865279702809	0.186986002964916	1.35584951748832	1.293683646181	0.767587105959833	2.58016724374646	2.23466600248828	1.92101862108675	5.95885041668175	-1.00523797070685	-0.315882684309169	0.869637974199878	1.70757148535684	1.48880540493774	3.38563821064487	1.5314424467134	-0.526577068142883
ENSSSCG00000058318	0	0	0	0	0	0	0	0	0	0	0	0	-9.95296764894972	-10.0250283935143	-9.97782245120301	-5.90453559788422	-10.0389095033258	-1.10876283949502
ENSSSCG00000058335	-1.57337746052517	-1.96475413894206	-2.21298924808559	-8.48520335406533	-1.02854745436069	-1.2237364747836	0	2.78330433957185	2.25227492958784	0	2.59005143132309	2.28299464952771	1.44653413741392	1.18937853260921	1.71874976271376	0	2.64769410624853	1.85187362730915
ENSSSCG00000058349	-0.34477098207842	-1.66276955913988	-2.65584891178564	-2.44779014534279	-1.68275665945334	-1.04972290009162	-1.2744076502145	-2.6480407347946	-1.9459858707862	-7.2810912535716	-0.763593778794539	-3.45257838571787	0.522292709840421	-0.397038032387433	-0.22764587513204	0.905227112537036	-0.353935555135628	-1.83869535877642
ENSSSCG00000058362	-0.89724620351162	-7.80178380691835	0.332855390818751	-1.57791680512721	-1.69938994487567	-0.32388051928582	0	0	0	0	0	0	0.611820105580675	-0.521157800569957	0.75908657437264	-0.533019889434937	-1.26757592685032	-0.590437406295939
ENSSSCG00000058421	0	0	0	0	1.07672099139441	0	0	0	0	0	0	0	7.5967785740339	0	7.103249225948	0	0	0
ENSSSCG00000058459	0	0	0	0	7.51456381123589	0	0	0	0	0	0	0	0	0	0	0	0	0
ENSSSCG00000058464	0	0	0	0	0	0	0	0	0	0	0	0	0	7.589689731498	6.93463520470161	7.28275833649834	0	0
ENSSSCG00000058484	-4.27165736714455	-5.30057410248736	-3.03567996325736	-5.11491905409143	-1.78750409995465	-2.91404376773281	0	0	0	0	0	0	-2.31400719848043	-1.89498942389909	-3.53496729247122	-4.05388548859829	-3.09987078112079	0.900978796749124
ENSSSCG00000058517	0.0958035059390768	2.59407237761263	2.27660279307909	0	0	0	-5.75731329319584	-2.88947950069933	-3.56757516359108	-8.90283403867133	1.70905355820197	0.177242284361823	0	-2.97147802517654	0	0	-2.04305288677486	-1.22817190898918
ENSSSCG00000058563	3.74144858534751	4.11024359426282	0	7.7488383562501	0	0	0	3.82271152919846	3.85323877628801	0	0	0	0.724931898206056	1.24479435154244	2.39997639599163	-2.12515078895373	-2.29746182572004	-0.259012503764873
ENSSSCG00000058594	1.65672908801536	2.37365794343591	1.16628791924875	2.11214127344192	2.54783484378792	1.79837704655662	0	0	0	0	7.15107107511959	6.9745794491531	1.98280702321743	1.90284226118414	2.09265612900295	1.61890523093004	1.035468849496	0.702477669917808
ENSSSCG00000058610	-0.232407340367634	1.721766510227	3.43139945308083	4.44200215354817	5.55567448771255	0.70277956295145	4.20878126520761	1.72117333545113	1.62321445329862	2.67769410958163	3.53001514821301	1.2404668574872	1.13626240759434	-1.66052949637677	-0.84658640237934	0.629031562835499	-1.77439066470487	0.180738482568131
ENSSSCG00000058673	-0.587818921376058	-2.79600687423906	-1.33846712804252	-7.7608571644679	-0.673747787539238	-1.62653149027787	0	0	0	0	0.556905578283766	1.55459947020939	-0.477274362429079	-0.210811454207302	-0.270376258151071	-0.663111718860839	-0.836411820429677	-0.343764041991902
ENSSSCG00000058706	-3.15024892177006	1.39412727531546	-3.06133588947507	-2.71980642034252	-3.55522574215333	-0.38708147409532	0	6.67291997446468	4.78023553631792	7.34917916036614	0	0	0	0	0	0	0	0
ENSSSCG00000058707	0	0	0	0	0	0	0	0	0	0	0	0	-0.806678214377845	-1.0339722071958	0.140173509878929	-0.474514436459373	-7.8494285017317	-0.550355293452894
ENSSSCG00000058730	0.721700699504807	-0.623398203520929	-7.37746249700837	-0.653779083574764	0.717663750734475	-2.52441265586804	-1.92217823242301	-0.814586669634851	-1.87094395929629	0.286500589599725	-0.782959301335404	-1.94848010440678	-0.330444292363498	0.984141349134825	0.202199021302925	-0.895230964045299	0.166716779136789	-1.48528388446518
ENSSSCG00000058769	-8.31440591557095	-0.332199244511355	-8.27155652240031	-4.98872157216897	-2.43706542996247	0.266600867394003	-7.1742101224096	-0.889568655877334	-2.69982818751473	-2.77967071338319	-1.53915546792856	1.64822411797209	-8.06210179566038	0.959866909002864	-3.51707080852184	-1.00565508352541	-4.1822445729616	0.224083662230943
ENSSSCG00000058788	-0.152592959734538	-1.40884189325489	-1.72436850200506	-4.85128731414187	-2.0555410420287	-1.60814757271244	-2.79619738396646	-3.10535109817351	-4.81432908230732	-4.49132917696172	-6.09208920859895	-5.54006892704943	-3.18266602798049	-3.57920281725497	-4.14059084094429	-2.61164647274907	-1.61203817917793	-0.244038318126315
ENSSSCG00000058794	0	0	0	0	0	0	0	0	0	0	7.45399093044498	0	0	0	0	0	0	0
ENSSSCG00000058799	0	0	0	0	0	0	-0.819216414308638	-0.181332161976948	-1.08588186894891	-0.440516721714096	-1.71906247182526	-7.21755948555386	1.56082316215049	1.72444333112913	0	1.33477321506522	0	0
ENSSSCG00000058808	0	0	0	0	0	0	-3.70532178721006	-0.188558867216932	-2.12340190434372	-2.51909792008982	-3.77090202511406	-7.99776011555259	0	0	0	0	0	0
ENSSSCG00000058815	0	0	0	0	0	0	0	0	0	8.97351419237869	0	0	0	0	0	0	0	0
ENSSSCG00000058827	-1.47408588167774	0.793591102983354	4.66626033663433	2.98995011845039	-2.45676727798762	-2.64928827074298	1.66247356765602	3.79617515080443	2.43277752191665	0.633577452354119	-2.90910432788297	-2.12707776787288	7.2429309011542	2.71836504163164	3.60997948088847	0	2.33887413448713	3.81863591695478
ENSSSCG00000058853	0	0	0	0	8.22198567515521	0	0	0	0	0	0	0	0	0	0	0	0	0
ENSSSCG00000058863	-2.85379202053252	-7.58046857034207	-7.50227016873207	1.35368263068076	5.21813074559249	4.29664646540288	0	0	0	0	0	0	-3.06804989310863	0.250951324755167	-0.708080099075995	-0.944054395663342	-0.604656237400815	-0.355669426940622
ENSSSCG00000058882	0	0	0	0	0	0	0	0	0	0	0	1.59649564576622	0	0	0	7.41941934077226	0	0
ENSSSCG00000058887	0	0	0	0	0	0	-1.24866479051421	1.6761298927986	0.262504191653109	0.442492700487653	1.69988199242308	0.349380522481336	8.40913217687288	6.8939233459789	0	0	0	0
ENSSSCG00000058891	0	0	0	0	1.80791546055184	0	0	0	0	7.13295998095398	0	0	1.74310152202449	0	0	1.10829732180536	0	0
ENSSSCG00000058897	-0.459925125720061	-0.322093946148566	-7.7235253836612	-0.680654466260894	-0.802563618521945	0.176341395694116	0.8286669604419	-0.808150086357397	0	0	0	1.88414661637899	0.855362957160147	0.782442466684651	-0.978303498938889	0.284037988996749	-1.14796413743355	-0.957968877923458
ENSSSCG00000058905	0	0	0	0	0	0	0	0	0	0	0	7.67060032500212	0	0	0	0	0	0
ENSSSCG00000058944	0	12.9101855737187	11.9300145106675	0	0	0	0	0	0	0	0	0	9.11797417753073	0	0	0	0	0
ENSSSCG00000058946	0	0	0	0	0	0	8.9247647232453	7.42306458578438	0	8.71105366671156	0	0	0	0	0	0	0	0
ENSSSCG00000058958	0	0	0	0	0	0	0	0	0	0	0	7.61430000828914	0	0	0	0	0	0
ENSSSCG00000058988	0	2.94716276575922	5.07442347628373	3.45210034955191	0	0	-0.23951425791717	0.292363801692888	0.89286484185042	1.39284093328623	0	-0.0740748272067245	0	0	0	0	0	0
ENSSSCG00000059008	-3.41109948996784	0.344523233897408	-0.395013813465486	-7.48922374736064	-1.3105649121917	-3.04932739193975	0	0	0	0	0	0	-0.653492809071276	-1.16229568990097	-1.22473879269152	-1.73996442741024	-1.50462556602362	0.187318268434609
ENSSSCG00000059072	-3.65773523974636	-1.53750258341897	-2.09210198403203	-1.34919614198594	-0.804649418636881	-6.97088351868381	-3.00292489174514	-2.99599129390275	-7.03637196937293	-7.07105099297805	-2.51103774292847	-1.30904623672859	-1.3450448438488	-2.85488895713584	-2.36885392862844	-7.30721515105027	-1.50462556602362	-2.23560920521053
ENSSSCG00000059081	0	0	8.05638077447995	0	8.29973385872928	0	2.59275807204959	2.31198915018346	2.76364864195681	2.17135036886624	2.06977413321066	0	3.13582999269308	2.77165201458798	3.22648357261512	2.73609574806484	2.82881568138007	0
ENSSSCG00000059132	0.478045243436595	-1.48506139986969	-1.00576661987024	-7.42817227321359	-2.39570210838469	-3.54366583853842	0	0	0	0	3.54548937475188	4.59820306145727	0	0	0	0	1.91038755423015	0
ENSSSCG00000059145	0	0	0	0	2.51448664161169	0	-1.909226266672	-7.82615548467598	-0.609943720321782	-0.797985000951776	-7.86159281816233	-1.51142658509598	0	0	0	0	0	0
ENSSSCG00000059222	0	0	0	0	0	0	0.0980160850214817	0.940765623411877	-0.373487910508511	0.601536688448985	-7.27972847064155	-0.929376974807482	0	0	0	0	0	0
ENSSSCG00000059232	-1.06162107415848	2.07541234906335	0.0173736850322058	1.68217031640868	0.96238856988501	-0.46197129281149	-1.80731032698651	-1.80023406766338	-1.27914568800144	-7.40584895176819	-2.44498877426409	-1.0668109210528	-0.234224905172098	-0.244543211597724	0.773935120652345	0.482230203790739	0.227929335026197	-1.5780907342869
ENSSSCG00000059290	1.30105151307418	0	2.86052781027585	2.30557108381259	1.80791546055184	0.759601530648309	0	0	2.26573775191401	1.49694184204033	0	0	7.20320147885599	0	8.21306548548966	8.20436237797456	7.52186425845411	0
ENSSSCG00000059291	7.86288108023788	7.02328612436064	0	0	0	0	0	0	0	0	0	0	0	0	0	0	0	0
ENSSSCG00000059381	-1.95846111149895	4.44620686803719	-0.197934622909706	3.67229023843477	3.33550058599898	-0.485972268174272	-1.2622786355627	-1.25525941205085	-0.955456342154173	0	0	0	-0.294098730602573	5.2370777714686	-0.628981105407182	5.00233980834159	-1.5814318509819	-0.49404565871416
ENSSSCG00000059385	-8.5108640946529	-8.54640164438617	-4.28929502030666	-8.45491536206117	-2.85183770925861	0.449892584986948	0	0	0	0	0	0	0	0	0	0	2.68754988960848	0.873728047184733
ENSSSCG00000059433	1.39976416267467	6.06432674902017	7.25225178130466	6.93883446833087	2.29086186378194	0	0	0	0	0	0	0	2.1856758087683	1.82842458480878	2.78960163383433	3.69931475014128	0.992733857052805	-0.52095621288022
ENSSSCG00000059456	-0.808333394450137	-1.10776139197059	-3.28563147348232	-2.80384958107202	-4.04455662176412	-2.49842816350763	-3.70532178721006	-7.87325611338493	-1.86528207308973	-3.48178019803125	-2.812472566176	-2.67623365863371	-1.15847457426954	-1.35011743914451	-1.15408656406142	-1.45643062650038	-2.51751112515229	-1.23829033296566
ENSSSCG00000059492	0	0	0	0	0	0	-0.889960165230421	-2.5813386259237	-2.84317100733785	-7.21441869110356	-1.68261461661212	-0.00768737816344691	0	0	0	0	0	0
ENSSSCG00000059564	0	0	0	0	0	0	-2.65013291118237	-2.64308891706487	-7.64263065390193	-7.67739992379491	-7.8128970971501	-1.22427001807988	0	0	0	0	0	0
ENSSSCG00000059569	0	7.11009643026872	7.10725635526659	0	0	0	0	0	0	0	0	0	0	0	0	0	0	0
ENSSSCG00000059591	0.389310433574476	-0.837902933580996	-0.180979248910541	-1.91380191276424	-1.39203235538323	-2.70403954317999	1.40577473369342	0	0.932857285122757	1.19635681044713	0	1.43494533623338	-2.06903063823938	-3.7570541706018	-5.5382799083728	-3.61101718380655	-3.78213719405082	0.203230995992
ENSSSCG00000059671	0	0	0	0	0	0	0	0	0	0	5.14615490081623	0	0	0	0	0	0	0
ENSSSCG00000059713	0	0	0	0	0	0	0.43075384365648	0	0	0	0	0	-7.0057981552869	-9.01283321073647	-9.88053525828558	-8.8666051658949	-6.08030176867959	-2.00047232780471
ENSSSCG00000059716	3.74144858534751	5.28335232345343	4.26391678892727	7.31099904795501	0	0	0	9.18265317418693	8.75849653698972	0	0	0	1.54540310822481	1.5769120656077	3.13865984120851	-0.0979342995393548	-0.974295208038159	-0.283911018127293
ENSSSCG00000059721	0	0	0	0	0	0	0	0	0	0	10.6089347763223	0	0	0	0	0	3.22391637303704	3.38345687533655
ENSSSCG00000059785	0	0	0	0	9.07227114205016	0	2.99826901791144	0	0	0	0	0	4.13117051803538	0	0	0	0	0
ENSSSCG00000059897	0.505924990558534	0	0	0	0	0	-3.76570396492317	-7.0115809587122	-6.87719971235094	-2.62046777354508	-7.04690072620707	-3.99852900517775	0	-0.244041274865101	0	0	-0.133494980938545	0
ENSSSCG00000059919	-2.26124147217883	-7.38889987348247	-2.17245115811918	-4.02796681037376	-1.69444807451489	-3.41313745149458	0	0	0	0	0	0	1.00563680429065	1.01810182058471	1.30239801050589	-0.184677123503715	0.0320603908792693	-1.28789571023583
ENSSSCG00000059925	0	0	0	0	8.18148173588778	0	0	0	0	0	0	0	0	0	0	0	0	0
ENSSSCG00000059930	0	0	0	0	0	0	0	0	0	0	0	7.36416299442511	1.00891927456928	0	0	0	0.850442559937494	0
ENSSSCG00000059964	0	0	0	0	0	0	0	0	0	7.31232245668977	0	0	0	0	0	0	0	0
ENSSSCG00000060012	0	0	0	0	5.32685986959957	0	0	0	0	0	0	1.48219235084416	0	0	-0.156821725799221	-0.0973971476477815	-0.993274033910316	0
ENSSSCG00000060025	-3.83412057468283	-5.05201754243695	-5.85094805671108	-2.25418701488642	-2.2659977035032	1.42107932276961	-4.49373418258934	-2.64646309370024	-3.22275606480719	-3.19232844426507	-5.05738914606285	-6.28776466755547	-2.47190147862533	-2.63785538078179	-2.12963480444304	-1.76906447525941	-1.46918982042287	-0.297322410317524
ENSSSCG00000060029	0	0	0	0	0	0	0	0	0	0	7.15107107511959	0	1.194504534635	2.05412382866861	1.99004630824691	0.628140616315949	0	0
ENSSSCG00000060033	2.23071276131325	0	4.39034399004315	0	3.44361050251407	4.12332548246902	3.20933971236653	0	0	0	1.84375460941002	4.07834090038062	5.19911314961986	0	4.18911243052674	2.73609574806484	0	4.14287833227092
ENSSSCG00000060060	-1.30088236752292	-2.90036640773649	-2.74257861324427	0.603812632760463	0.994054002351345	-1.75507241304634	0	0	0	0	0	0	0	0	0	7.86462919072556	0	0
ENSSSCG00000060096	0	2.7561011888276	4.00697019919256	0	5.37989246912898	3.72562090463689	1.2463531336813	0	0	0.715326209343018	0	0	0	0	0.826432491998172	1.876259489036	0	0
ENSSSCG00000060097	1.08608674216196	0.434001603860861	0	0	1.15956814892976	0.888093270470596	0	0.755050235650852	1.6380789227532	0	5.93388667815545	3.64655669930646	0	1.11379151017103	0	0	0	1.33404440048091
ENSSSCG00000060151	0	0	0	0	0	0	1.72466342876405	0	2.03165692513388	0	3.58628835647013	0	0	0	0	0	5.99790795645228	0
ENSSSCG00000060202	-5.320565493199	-4.41407901165586	-6.19114841312822	-5.6053557759293	1.43697732921256	2.87024901603604	0	0	0	0	4.1059782534917	1.70240386955993	-7.15431981171201	2.47769365613864	1.76905872198618	-7.14782175988597	3.86465219589348	-3.03284750023115
ENSSSCG00000060278	0	0	0	0	8.0526645240987	0	0	0	0	0	0	0	0	0	0	0	0	0
ENSSSCG00000060319	-1.85840389304914	-3.36225642060439	-4.1613498785205	-2.86020824184387	0.250951544218528	0.717027603434721	1.07927192231421	3.41309144526782	4.17469092182599	3.6357868807828	5.96959125033554	-1.3390589581418	-0.608383626550287	1.78786012753151	1.67761977522096	0.511308535062803	0.162492911151571	0.791949325282181
ENSSSCG00000060324	0	0	0	0	0	0	0	0	0	0	7.31046687725849	0	0	0	0	0	0	0
ENSSSCG00000060341	0	0	0	0	0	0	0	0	0	0	0	0	0	0	0	8.08613706623421	0	0
ENSSSCG00000060350	0.188867476240382	-0.505472139233935	0.561594506116032	0.393828599913546	-4.77489720911117	-0.151203978363738	-0.960743165495888	0.0421829192023952	1.51521201428024	1.36737723065843	-8.41215881944114	0.749507598095835	-0.889911184202518	-0.09749696532703	0.501893639112259	0.289375717373677	-4.96147554355695	-0.0229875708341538
ENSSSCG00000060355	-1.47408588167774	-2.52428853085573	-1.3845880705059	-7.48922374736064	-2.85775620362543	-1.67208231150945	0	0	0	0	0	0	0.767785847570037	-0.935892996172953	-0.53144117754896	-0.211969290099184	-0.164152791585196	-0.714630588908368
ENSSSCG00000060359	0	0	0	0	0	0	-3.84754626463703	-2.91854490623735	-3.55273943682508	-6.99364443654344	-7.12875661820065	-7.21755948555386	0	0	0	0	0	0
ENSSSCG00000060429	0.679050290458505	-1.95385303648754	-2.36395992535283	-0.120698862918654	0.0313773807179929	0.0123632636438393	0	0	0	0	0	0	-5.36143908589508	-2.49162264324352	-2.5232190775318	-0.969660655040223	-0.372580379874535	-0.829226573767002
ENSSSCG00000060434	0.150092396158488	-1.88707178939529	-1.53361118509808	-2.90342892674745	-3.02472211081073	-0.828425026260943	-2.66454925167476	-1.69812257064727	-2.3617190837485	-6.73287241935415	-0.792799890160454	-1.37792704831426	-7.5239850070897	-1.11281056031313	-2.57914194644993	-1.22548282605561	-0.727140384425945	-1.0147174204097
ENSSSCG00000060450	0	0	7.10725635526659	0	0	0	0	0	0	0	0	0	0	0	0	0	0	0
ENSSSCG00000060452	0	6.93091590340339	7.96053917205802	0	0	0	0	0	0	0	0	0	0	0	0	0	0	0
ENSSSCG00000060463	0	0	0	0	7.30430492476965	0	0	0	0	0	0	0	0	0	0	0	0	0
ENSSSCG00000060477	0	0	0	0	0	0	0	0	0	0	8.01321314693029	0	0	0	0	0	0	0
ENSSSCG00000060492	0	4.26242111137448	4.79814836032298	3.30101876882916	0	0	-5.13956443544448	-4.1731135657631	-9.17223219752865	-9.2071143958958	-2.69023257996303	-5.37959133341097	-3.2000395109165	-2.37801929504153	-1.72181451031869	-0.937724899003022	-1.11002800578468	-2.1581262982736
ENSSSCG00000060539	0	7.47968986076979	0	0	0	0	0	0	0	0	0	0	0	3.20845740942302	0	1.45890696916171	0	0
ENSSSCG00000060567	0	0	7.68872679809105	0	0	0	0	0	0	0	0	0	0	0	0	0	0	0
ENSSSCG00000060584	4.76479992536274	4.43185082850773	4.00697019919256	7.6020996982089	4.17751672458537	2.63315255351501	0	0	8.22234339276286	7.74605169229552	7.45399093044498	6.88223460300644	-0.794898337337668	0.142328064095234	-1.20174506530913	-0.254993785559062	-3.48690436954149	0.0728716776332399
ENSSSCG00000060659	0	0	0	0	0	0	0	0	0	0	0	7.29421143522348	0	0	0	0	0	0
ENSSSCG00000060679	0	0	4.71405202412153	0	0	0	0.899789523375624	0	0	0	0	0	1.38137216766697	-1.86880580858314	-7.8950019304973	-0.813784446055769	0.725114100206884	0.168899566076138
ENSSSCG00000060726	-1.44925705880346	-1.3756107979366	-2.07511676028614	-5.06316339838145	0.210817621321816	0.964626954383534	0	0	0	0	0	0	1.27710638032154	2.46670980130521	0.815972621989235	0.415662468588985	0.970144228770491	0.810188007590244
ENSSSCG00000060745	0	0	0	0	0	1.6747500101012	0	0	0	0	10.3943441803511	0	-1.66450504778569	0	-0.417046172590469	-0.674892873722888	-1.82258822958523	-1.5780907342869
ENSSSCG00000060759	0.508352449690814	0.362549348984415	2.3994800940563	4.10397876201649	5.1427127721925	0.792520433070735	2.30743758603919	1.28481130009073	0.768585403196465	1.64696512684344	3.45718909530753	0.538155477635705	-0.23963087076965	-0.729407237499831	-1.03501793212597	-0.52527010022739	0.479457952333902	1.99360153188623
ENSSSCG00000060775	0	0	0	0	8.40902331232873	0	0	0	0	0	1.97738322794005	0	0	0	0	3.72991906620554	3.11634281230655	0
ENSSSCG00000060795	0	2.9850205226804	2.3969753131922	0	0	0	-2.66454925167476	-0.140806342072304	-1.39787213867084	0.492554402041957	5.94072799044995	3.89612342980337	0	0.946635504225704	0.323230117921316	0	1.20363057885156	0.237284004682109
ENSSSCG00000060830	0	0	0	0	0	0	-4.37481428707369	-7.6206823091185	-7.48592216790863	-7.5206716128604	-2.5598700701615	-0.250442680074384	0	0	0.962227964928957	1.14545738268588	1.90529891106978	1.63100572828404
ENSSSCG00000060833	-2.78526865122354	-2.63900700848106	-2.12014579629763	-3.64097660421496	-1.00243440757249	1.33350299145093	-3.14841558066321	-4.89045934587051	-3.62972896502948	-8.96499095590745	-1.79039601713895	-0.900519311499013	0	1.06060460833296	0.704753917410302	0.763969370483434	0	1.28144389394368
ENSSSCG00000060874	0	0	0	0	7.05808783406468	0	6.59727942234306	6.23639443586866	7.03275201827932	7.34912105480306	0.487840284200724	0.542413841123477	0	0	0	0	6.79012250602561	0
ENSSSCG00000060928	0	0	0	0	0	0	0	0	0	0	0	0	5.4833737230215	0	5.43854060987962	0	0	0
ENSSSCG00000060939	-2.19129316581202	-3.22003738581981	-7.24082634741084	-7.22779436703766	-0.638826785501049	0.780843456900845	-3.1824373762836	-3.17538865515595	-2.87433998237932	-0.8152730257761	-0.584716250256176	-0.296284879662501	-1.09473888218054	-0.82146343662894	-1.71107952679319	0.313590518825086	0.993674948254251	2.38000357881983
ENSSSCG00000060947	0	0	0	0	0	0	0	0	0	0	0	0	7.12574276844218	0	0	7.41941934077226	0	0
ENSSSCG00000060957	0	0	0	0	0	0	0	0	0	0	5.34858524901609	2.48963606886665	0	0	0	0	0	0
ENSSSCG00000060975	0	0	0	0	0	0	0	0	0	7.31232245668977	0	0	0	0	0	0	0	4.06577884759887
ENSSSCG00000060988	-0.576543366175717	-1.2686581468139	-3.17438308988906	-4.4255095292657	-1.77562440401265	-1.02573513840651	-2.56956293664091	-3.55641139659538	-3.47238175377903	-6.0766546061886	-3.19360162585301	-1.47801858026295	-0.815288374209764	-1.30187785045608	-0.845107910603888	-0.666887066558391	0.117602644552504	-0.877042345535249
ENSSSCG00000060999	0.0136523469504952	-1.0026666683717	-1.90119530864474	-0.524160211139532	-2.60552529339058	-0.465912930156594	-7.44810630052293	-7.44476035385212	-1.21812398944058	-7.34481824240137	-1.81308980748085	-1.265713630343	0.0801060040361204	0.150209670262014	0.486215950026718	0.439722132591687	-2.02480926480666	-0.661363346832289
ENSSSCG00000061081	-3.5926946198192	-2.21702455492423	-2.6669029295928	0.444462712849831	1.3128563607976	-0.717029433540532	-4.85275342493481	-4.75816931156021	-4.94584727319014	-7.78005699940484	-5.88157234169279	-7.26080170993081	-0.452120231369659	2.14714975452205	0.0835940710613233	2.09685684075434	-1.06688958503047	0.0197037513332856
ENSSSCG00000061098	-0.12479024442183	-0.609805495751793	1.52534970360225	0.72746615195206	1.18875362960129	0.0892205477511555	3.99265004797647	5.02058396894956	4.81409987552072	5.3289518248949	5.16658409696915	4.90874139107637	0.917474333685403	0.246503421575652	-0.2245887486488	0.141653747008925	0.266732550495465	0.32325210882984
ENSSSCG00000061106	0	0	0	0	8.0526645240987	0	-1.07270968520339	-0.0822852605730843	-0.506705810357349	1.45147694258407	1.1552733056412	-0.484036338259188	0	0	0	0	0	0
ENSSSCG00000061149	0	0	0	0	0	0	0	0	0	0	6.97185159570829	7.49464587431313	0	0	0	0	0	0
ENSSSCG00000061153	0	0	0	0	0	0	7.41928429960639	0	0	0	0	0	0	0	0	0	0	0
ENSSSCG00000061214	-1.4336240035004	-1.50587033393621	-3.73661473533597	-0.13989567673726	0.301302172798059	-0.0584333654441075	0	-1.37935567295878	0	-0.369207404574427	5.52440808596237	1.50068180264287	-0.588511273729027	-0.15552818681257	-0.359365517118879	0.661833677264162	0.180716909212587	0.383228611025309
ENSSSCG00000061219	0	0	0	0	0	0	0	0	0	0	0	0	-8.55239460051735	-0.928269037940352	-2.63082786111079	0.558038840384146	-2.93278954740713	-1.50754637794577
ENSSSCG00000061229	0	0	0	0	0	0	0	0	2.44358776119081	2.53147229946294	0	0	-1.67492492034968	-7.30788421579548	-1.50386127134383	-0.266573984505008	-0.736015553282413	-3.11472914672787
ENSSSCG00000061244	0	0	0	0	7.5783510735321	0	0	0	0	0	0	0	0	0	0	0	0	0
ENSSSCG00000061313	0	0	7.80366602481491	0	0	0	0	0	0	0	0	0	0	0	0	0	0	0
ENSSSCG00000061335	0	0	0	0	0	0	0	0	0	0	0	0	0	0	8.99171923558021	0	0	0
ENSSSCG00000061444	-4.60313605027266	-3.14599558443558	-2.57649326904165	-8.68108807580644	-5.52704147257521	-3.84161617046194	0	0	0	0	0	0	-1.20323103552929	-8.041203186411	-1.5947159294202	-1.98817305120224	-0.476899239646723	0.848779616794138
ENSSSCG00000061450	0	0	0	6.2648404761324	5.41359351121382	0	0	0	0	9.17245263414891	10.7196135808616	0	0	0	0	3.82264154852805	4.82063273676466	0
ENSSSCG00000061462	0	0	0	0	0	0	-2.69882382238396	-2.12057373324262	-2.39090885385704	-7.72607458210337	-1.78661022271536	1.16477025088934	0	0	0	0	0	0
ENSSSCG00000061477	0.70011669297404	-0.0959236784289217	-1.7136149863732	3.03982722170776	-3.11670077289894	-0.937430003468441	-3.65822068274037	-2.691779319844	-3.3547557989347	-7.72607458210337	0.366573234988606	3.96116135951066	0.802811137294672	0.870493187953876	0.766216604729079	0.198048473216791	0.0737510955858307	-1.39327192303672
ENSSSCG00000061487	0	0	0	0	0	0	0	7.10323655870425	0	7.31232245668977	0	0	0	0	0	0	0	0
ENSSSCG00000061502	0	0	0	0	0	0	-7.96643273374093	-1.53163438666785	-7.82816840892172	-7.86295852939457	-1.92354973037734	-2.10161031039454	0	4.34897896665837	3.57256365010556	0	0	0
ENSSSCG00000061550	0	0	0	0	0	0	7.34572725230563	7.3495063779927	0	0	0	0	0	0	0	0	0	0
ENSSSCG00000061565	0	0	0	0	0	0	0	0	0	0	7.5207310731676	0	0	0	0	0	0	0
ENSSSCG00000061590	0	0	0	0	0	0	0	7.19008205022224	0	0	0	0	0	0	0	0	0	0
ENSSSCG00000061605	-0.696424959363916	-4.28796652564559	-5.86379291434599	-5.39825608461528	-3.36617602814127	1.21506624281676	0.255690714722085	0.246567865483244	-0.0237363850275215	-0.433471474731847	0.297166935453992	-0.0408388901134576	0.845549215522769	0.952377839208154	0.573114642255013	0.977440385746723	0.640086469585088	1.51854969507338
ENSSSCG00000061606	-1.06162107415848	-0.816088103502423	-2.91118043742442	-1.61009486960252	-2.04429899734091	-7.23199984361577	0	0	0	0	0	0	-1.60794977262434	-1.10011796965883	-7.41199745660826	-1.08876647517919	-2.55414957947851	-0.43492670188953
ENSSSCG00000061608	-1.54232500072523	-1.018995026815	-2.42913861242264	-4.66041934480184	-2.81233229534352	-2.48852319779294	-4.27498598720153	-3.29408537206387	-5.26929348267507	-5.09443225439527	-8.56342997128914	-6.39669465237027	-4.3611986312334	-3.57851792339693	-4.17939628282174	-4.64152930563184	-2.22654344233202	-1.39044524881564
ENSSSCG00000061629	0	0	0	0	7.30430492476965	0	0	0	0	0	0	0	1.194504534635	0	0	0	0	0.702477669917808
ENSSSCG00000061630	0	0	0	0	0	0	0	0	0	0	0	0	-2.49789450122255	-9.43469229714045	-2.45287445814786	-1.69700301574996	-2.39758408754527	-1.11472539797439
ENSSSCG00000061653	0	0	0	0	0	0	0	8.71086252729072	0	0	0	0	0	0	0	0	0	0
ENSSSCG00000061676	2.45294407458329	1.44765878623229	3.52798134970105	6.22220769934907	3.35330599783775	1.30219294489638	0	0	0	0	0	0	0.302700769878986	0.572146844242468	0.814523829504041	0.123302771197688	-0.652792604065006	-0.534933751856031
ENSSSCG00000061705	0	0	0	7.64264022025274	0	0	0	0	0	0	0	0	0	0	0	0	0	0
ENSSSCG00000061721	0	0	0	0	0	0	0	7.19008205022224	0	7.92215384103148	0	0	0	0	0	3.40953762272668	2.469350746213	0
ENSSSCG00000061723	0	0	0	0	0	0	0	0	0	0	7.06424250097891	0	0	0	0	0	0	0
ENSSSCG00000061743	0.173828114983633	0.31174848194069	-0.394180188505292	-1.92389036246308	0.0104082838187611	-3.19211665092069	-1.14005122499543	-2.4300157973367	-4.02342005123615	-7.46440230859401	-2.19010432573268	-3.08035979765557	1.23713483689222	0.93437176262448	0	1.47053186338342	0.909193184364103	1.15558883749684
ENSSSCG00000061787	0	0	0	0	0	0	0	0	0	0	8.58075672423838	0	0	0	0	0	0	0
ENSSSCG00000061793	0	7.3374377294663	3.95825367159027	0	3.01361888349484	0	0	0	0	0	0	0	0	2.49398982138469	0	0	0	0
ENSSSCG00000061804	0	0	0	0	0	0	2.7308031459229	0	1.20315875824365	5.08936936615348	0	1.49137475861956	0	0	0	0	0	0
ENSSSCG00000061845	0	0	0	6.70768347649976	0	0	0	0	0	0	0	0	-0.427985999698234	1.01936474353596	1.41294608581075	0.261618999273548	-4.96516682396207	-1.0750410817296
ENSSSCG00000061957	-0.341611491412339	-2.39977654637567	-2.6787364032242	-2.4878242268953	-1.89642077624117	-1.46732656319063	-2.18178462428668	0.334285330042196	-0.256872978305471	-0.0146521127102591	1.07683716884434	5.18909751944566	-0.988637328434612	0.750132100777282	0.953267709655253	1.24297567523563	2.25602415103647	-0.02292043946185
ENSSSCG00000061971	0	0	0	0	8.40902331232873	0	0	0	0	0	0	0	0	0	0	2.91521703409389	0	0
ENSSSCG00000062030	0	0	8.00925569966031	0	0	0	0	0	0	0	0	0	0	0	0	0	0	0
ENSSSCG00000062035	0	1.9796517548731	3.63224609104221	3.85715194659451	0	0	4.09766514719818	5.08983012727277	4.91768133985141	4.26971325306266	1.69719220181501	1.06620109571734	0	3.77750836091513	4.27300215408763	0	3.3940511522946	0
ENSSSCG00000062042	0	0	3.49479481331294	0	6.19377127332381	5.36909232567809	0	0	0	0	0	0	0	0	0	0	0	2.60453035549459
ENSSSCG00000062107	0	0	0	0	0	0	0	8.0523468013728	7.59272957284009	0	0	0	0	0	0	0	0	0
ENSSSCG00000062109	0	0	0	0	7.22680941613152	0	0	0	0	0	0	0	0	0	0	0	0	0
ENSSSCG00000062159	0	0	0	7.97556478395792	0	0	-7.31764838442857	-7.31430426372486	-2.84317100733785	-7.21441869110356	-7.34967561234977	-7.43856648160742	0	0	0	0	0	0
ENSSSCG00000062169	0	0	0	0	0	0	0	0	0	0	7.70421260004237	0	0	0	0	0	0	0
ENSSSCG00000062194	-1.88198754897304	-1.54613426526907	-7.50227016873207	-7.48922374736064	0.261584189439474	-1.35475656210222	0	0	0	0	0	0	0	0.130006794336737	0	0	-0.133494980938545	0.64856896034503
ENSSSCG00000062233	-0.351882610836947	1.64090932031252	0.804870688979171	1.13431404664946	-0.0418868730534436	-0.863466157056926	-3.00018616640411	-1.32141939701109	-7.99254118351405	-0.894387682869909	-1.51018765249627	-0.821222487611653	-2.86571545871208	-2.99845685137852	-2.51239461506936	-2.85337553589915	-2.62415211417388	-0.325734919553951
ENSSSCG00000062258	-1.08083141697646	-1.81189603959668	-3.13403691529	-0.274637628128765	2.12378577917608	1.81908620079899	0	3.09760798774117	0	0	4.71816922874501	5.03225021101551	0.529905337000628	1.17448469295548	1.22276124826513	0.324338518003081	1.537180938492	0.451126988636538
ENSSSCG00000062270	0	0	0	0	0	0	0	7.10323655870425	7.59272957284009	8.61176387193907	0	0	0	0	0	0	0	0.484264499057692
ENSSSCG00000062278	-1.46415898932523	-2.71210739930216	-2.42567194877603	-9.10827898438238	-0.36090593144911	-1.02467017795342	0	0	0	0	0	0	0.69198876554368	1.72302775199946	1.53470143745667	1.50905165065985	0.677791055413838	-0.213896864424895
ENSSSCG00000062406	-0.776662653617767	0.0924414626109234	0.0207598902761417	-0.382150289529935	-0.261925571586363	-0.960582236110422	-3.83804656243514	-8.00597962859086	-2.57065967554271	-2.65178241473001	-8.04143511865916	-1.15594908623749	-0.11085852605613	-1.16339032957589	-2.30984377360264	0.995837301573767	0.463137132365016	-1.18660908336024
ENSSSCG00000062459	-0.657095130510507	-0.729339808455108	-0.567353787049972	-7.36442264369261	-1.03564685647122	-2.92445177706481	-0.089372072665582	-1.37935567295878	0	0.399268014583967	-0.473956698954208	0.918277546185628	0	1.03308205765327	0.832938243093811	0.81062844685523	0.871215741578449	0
ENSSSCG00000062462	0	0	0	9.20175552865318	0	0	-6.92815433213434	-2.74993984156184	-6.79050369516441	-2.53375356411324	0.350347244974482	-7.04884564082639	0	0	0	0	0	0
ENSSSCG00000062524	-0.270990219482155	-0.343452347586918	-0.180979248910541	-2.13229076296298	-2.82425804604389	-1.05122074309833	0	0	0	0	6.97185159570829	0	0	1.06060460833296	0.568958444479517	0	1.64759881250772	0
ENSSSCG00000062552	0	0	0	0	0	0	-3.28673366654457	-2.83542416388615	-2.79996877553791	-1.54188717171138	-4.0643055414481	-7.05278472146861	-2.72769725168678	-2.48851955028887	-2.10388052170839	-2.45519612454308	-0.67063051486101	-3.14702657783302
ENSSSCG00000062557	0	0	0	0	0	0	0	0	0	0	6.97185159570829	0	0	0	0	0	0	0
ENSSSCG00000062630	-8.31440591557095	-1.6236464455063	-8.27155652240031	-1.13624669207772	-1.01205601597137	-8.4142332161048	0	0	0	0	0	0	-8.06210179566038	1.80452423281081	-4.07197530777555	0.258046689971932	0.18623053797015	-8.01714562469842
ENSSSCG00000062648	0	0	0	0	0	0	0	0	0	0	0	0	7.95129117424903	0	7.45460337367122	0	0	0
ENSSSCG00000062659	-1.11758311676389	-2.43237431133098	-2.58521514028196	-7.71046862768065	-2.10728142392246	-0.208998850386992	0	0	0	0	6.97185159570829	0	-0.1110362058985	-1.35513623405436	-0.937138365192884	-0.671309071706135	-0.0717613322996252	-1.1788595052747
ENSSSCG00000062660	0	0	0	0	0	0	0	0	0	0	0	0	-3.56278375092839	-3.03311881008558	-3.92237953187759	-8.86061134532648	-0.0797721062730094	-1.30214206483281
ENSSSCG00000062665	0	0	0	0	0	0	-2.49334837967098	-4.36806308534044	-3.14937838605043	-7.5206716128604	-2.5598700701615	-2.42356209746864	-0.601919001814344	-0.906250120862837	-0.361037571784145	-1.63640310647092	-0.992687057456516	2.03835827632526
ENSSSCG00000062722	-1.66366842304738	-3.48156508289884	-3.32356793592211	-7.48922374736064	-0.679985156759034	0.169164896835396	-2.56591539744213	-3.48124774438094	-2.26317542725526	-0.807937073285972	-1.67290302915631	-1.84916663157524	-0.110381336363753	0.274691627872474	0.42347559598536	0.221763720927732	2.90841894594806	1.01571425206697
ENSSSCG00000062725	0	0	0	10.1791746452923	0	0	0	0	0	8.53636094831593	0	0	0	0	0	5.57310591953665	0	0
ENSSSCG00000062735	0.505924990558534	0	0.815671026262019	0	0	1.17572552776031	0	0	0	0	1.61285948273701	0.617963452583867	0	0	7.57423948849719	6.87080587258486	0	0
ENSSSCG00000062740	1.08301012179151	5.24162474337375	4.02697324429863	1.63753888985899	3.32793173814311	1.39619846789783	-1.48380372547399	-1.79044059224952	-3.38426322317424	-0.135899951755593	1.58901196283853	0.964206275545286	-0.42295972186878	-2.58439081265993	-3.8734575812885	-1.74569323744879	-0.92610454487058	-0.917277941887052
ENSSSCG00000062751	0	0	0	0	0	0	0	0	0	0	9.07846074902144	8.28960822536695	0	0	0	0	0	0
ENSSSCG00000062774	-1.8415742899225	-0.0717124753424737	-1.94170402922533	-7.85664328276325	-2.82425804604389	0.299253112471029	0	0	0	0	3.19393878379455	2.66040346947055	-1.82447205983826	-0.716631243385517	-1.33000785403041	-2.30620615208482	-1.98526908266636	0.0481445480895284
ENSSSCG00000062777	0	0	0	0	0	0	0	0	0	0	10.0090189441775	0	0	0	0	0	0	0
ENSSSCG00000062812	0	0	0	0	0	0	-2.34913974471713	-8.04763944629038	-7.9126944978898	-3.65611298419353	-3.94530243115169	-3.16361197659629	0	0	0	0	0	0
ENSSSCG00000062818	0.974499228962581	0.129914949005072	0.802625399851427	-0.478927464930221	0.708885190499463	0.00382763393304521	-2.47786825230433	-0.234170262158645	-7.78397266194153	-3.52737777666915	-1.30152056084914	-2.05738191475306	-0.110096990320127	0.862222660820184	0.573534423812116	1.0095761773916	0.780633303338825	-0.432851538251462
ENSSSCG00000062860	-1.74577187107777	-0.582725485734632	-1.6562339624618	-7.7608571644679	-2.72845506869891	-1.14638252747144	-0.147229113346636	0	0	0	0.103641032383095	0.406275744604357	-0.690283028489269	-3.3314490052231	-2.69111691246854	-0.457568193513608	-7.32169132594321	-2.1581262982736
ENSSSCG00000062878	0	0.309810977317011	0	5.41714738573073	0	0	0	0	0	4.14756006246913	0	3.04451855177632	0	0.333627994565023	0.296697138756321	5.9622696213351	0	0.29476182315886
ENSSSCG00000062930	0	0	0	0	0	0	0	0	0	0	7.06424250097891	0	0	0	0	0	0	0
ENSSSCG00000063006	0	0	8.00925569966031	0	8.22198567515521	0	4.90570246588166	0	4.20634711208599	4.74167658166377	0	0	7.70725772551593	0	7.103249225948	8.86153090470732	0	0
ENSSSCG00000063031	2.23071276131325	0	0	0	2.75428041640661	0	-0.147229113346636	0	0	0	0	-0.798761075456588	-0.767781833807848	-3.40897222462532	-3.32352877445278	-7.30721515105027	-1.69381040487914	-3.1922120536648
ENSSSCG00000063035	0	0	0	0	0	0	7.00705354972009	7.90608758624596	8.22234339276286	0	0	0	0	0	0	0	0	0
ENSSSCG00000063044	4.37771924653326	3.44602751625478	4.67673354003535	4.05172670676386	2.05336953493953	3.22489028557585	0	0	0	0	2.1314121665558	1.00166680546268	4.55636908293746	3.12998172632594	5.50314634506909	2.72013272622338	0	3.59985156458811
ENSSSCG00000063069	0	0	7.42709022988675	0	0	0	0	0	0	0	0	0	0	0	0	0	0	0
ENSSSCG00000063099	0	0	0	0	0	0	0	0	0	0	0	0	-8.1063323272788	-5.11291380635277	-8.13112250659484	-8.09981203278802	-8.1920553709157	-1.88286253872942
ENSSSCG00000063104	0	7.47968986076979	0	0	0	0	0	0	0	0	0	0	0	0	0	0	0	0
ENSSSCG00000063136	0	0	0	0	0	0	0	0	0	0	7.06424250097891	0	0	0	0	0	0	0
ENSSSCG00000063148	0	2.4469802399604	4.48212971195411	5.86922167125013	2.80848071262939	0	0	1.91744808741795	3.33599468766238	2.29704591280278	2.27720333338177	3.91064689027013	0	0	0	0	0	0
ENSSSCG00000063166	0	0	0	0	0	0	0	0	0	8.12781143808028	0	0	0	0	0	0	0	0
ENSSSCG00000063254	0.726261903810802	0	0	0.843559666179106	1.15956814892976	0	0	0	0	0	0	0	0	0	0	7.28275833649834	0	0
ENSSSCG00000063299	-0.706144680827633	-0.609805495751793	0.237013788396818	-3.51750945183945	-7.76826361827737	-1.31616067755248	0	0	0	0	0	0	0.565891321007481	-1.62467363268725	0.308821603077028	0.297734808400841	-5.08675941154287	0.092252724415311
ENSSSCG00000063351	0	0	0	-1.34426114109403	2.81666115700552	1.85612342176787	0	0	0	0	0	0	7.85857032051503	0	0	0	0	0
ENSSSCG00000063396	0	0	0	0	0	0	-2.58834204826402	-3.13942734820519	-2.84317100733785	-3.85117966448489	-7.34967561234977	-1.45256098584824	0	0	0	0	0	0
ENSSSCG00000063551	-0.439413856791732	-1.62986039959233	-0.349844556084561	-0.775718644781512	-1.56222407780267	-0.923350147311918	-1.67087120488413	-1.85344567123238	-1.36066196985086	-7.67739992379491	-1.28433120251201	-0.84056666520107	-1.06517927657651	-3.33294806701668	-3.24612859559195	-2.3991105854677	-2.2148408492988	-1.33714423587207
