,ovid00.txt,ovid06.txt
ENSSSCG00000028996,9.0509010940888,9.05180324887989
ENSSSCG00000005267,8.28026870535595,8.26962497003171
ENSSSCG00000005268,2.4403064491966,2.13572720940697
ENSSSCG00000005269,4.45396965385522,3.09274217814535
ENSSSCG00000031382,4.07533158707034,3.94033355247136
ENSSSCG00000005271,5.93083181235795,5.93251349385425
ENSSSCG00000005272,3.74925152860503,3.81969630309561
ENSSSCG00000005273,5.23339627078804,5.19389147644031
ENSSSCG00000023520,4.00298921653194,2.6815635771672
ENSSSCG00000057774,0.841916534859911,0.6051024001257
ENSSSCG00000037277,7.48182011437917,5.52495802256905
ENSSSCG00000005277,4.87465190882293,4.51719109335176
ENSSSCG00000004361,1.7986042665823,-1.37962819886108
ENSSSCG00000004349,4.82401459068684,4.58139314899729
ENSSSCG00000004272,5.47377869100776,5.38697662977849
ENSSSCG00000037594,7.48906101583499,7.46343253349748
ENSSSCG00000004261,0.425160216794395,-1.63861791175253
ENSSSCG00000004351,4.25313575489798,4.47888742901233
ENSSSCG00000004262,4.15942686733562,4.3904245647686
ENSSSCG00000038757,3.23265945709217,3.65587652678976
ENSSSCG00000004353,5.48950859352899,5.05553775130832
ENSSSCG00000005284,2.815375418519,2.22613179775697
ENSSSCG00000004263,3.98602927327397,3.97261186935421
ENSSSCG00000021802,3.83509834562225,4.33055042563357
ENSSSCG00000031105,3.18589605513591,3.10338271409922
ENSSSCG00000034919,5.81748222468785,6.03263727058076
ENSSSCG00000023834,7.68385517647335,7.81473490385802
ENSSSCG00000032533,2.49886972135825,2.32035389170899
ENSSSCG00000025941,7.59044474962024,7.4084502444536
ENSSSCG00000030268,7.184990751087,6.91745347553097
ENSSSCG00000027002,5.09629929310995,4.85291126056757
ENSSSCG00000005266,1.97399439525949,2.82989022463114
ENSSSCG00000005288,5.26326594183499,5.57455439584112
ENSSSCG00000035934,2.16693335253786,2.25505012142321
ENSSSCG00000005036,1.40836959521317,-1.26570965698543
ENSSSCG00000004241,8.20659602911541,6.07447393180433
ENSSSCG00000005037,6.13617984962157,6.09394587248945
ENSSSCG00000004242,4.78532526086001,4.58519386362803
ENSSSCG00000005291,6.49860828683675,6.81233944506439
ENSSSCG00000005038,6.46411743896229,6.18002824872693
ENSSSCG00000033805,-2.19461582859326,-0.0699026685752995
ENSSSCG00000033763,6.00678843057838,6.37978929670078
ENSSSCG00000004344,0.299003801631898,1.14781387260733
ENSSSCG00000005286,4.46135133452517,4.64650181774026
ENSSSCG00000005039,4.33310238247778,4.67531450848851
ENSSSCG00000005040,5.90218872836787,4.49109354535381
ENSSSCG00000004250,1.84449092952033,1.74525785846237
ENSSSCG00000005287,6.16810878530189,7.25287247753109
ENSSSCG00000005041,7.2995865602036,6.97688717043142
ENSSSCG00000020885,6.18752594610746,5.53481811961952
ENSSSCG00000004253,5.43681068475737,5.27495826864715
ENSSSCG00000054867,-0.847537601777033,-2.92464516734468
ENSSSCG00000060009,1.28066902659574,2.11484407452863
ENSSSCG00000054181,-0.428350711608159,-1.37962819886108
ENSSSCG00000062298,-0.753389730293386,-2.35951718500686
ENSSSCG00000063502,-1.1736270562095,-1.37962819886108
ENSSSCG00000004364,4.77548860956428,4.52314714798053
ENSSSCG00000005043,4.14727341325436,4.18035024728826
ENSSSCG00000004254,4.47600234592817,4.28687578431891
ENSSSCG00000005045,3.30007972835331,3.70560863013466
ENSSSCG00000005047,1.58094201213036,0.634745314624147
ENSSSCG00000004366,5.06595352561876,2.6815635771672
ENSSSCG00000027256,6.46961848151421,5.88551035457563
ENSSSCG00000004367,-0.428350711608159,-0.450747065242323
ENSSSCG00000039333,2.04121546325762,-1.95450014976733
ENSSSCG00000004368,5.26888594926454,4.66277970120763
ENSSSCG00000026294,6.38740137189358,5.62619635915995
ENSSSCG00000035648,4.45150067658627,4.75170483466577
ENSSSCG00000038522,3.60118729289602,1.34001980880434
ENSSSCG00000035259,6.50636046914964,7.09522220598281
ENSSSCG00000021451,4.16244930073107,4.29849790937015
ENSSSCG00000038507,8.03334609995741,7.66856910793229
ENSSSCG00000004339,5.92994527069867,5.72768785657784
ENSSSCG00000005004,2.33708688541697,2.43430718416671
ENSSSCG00000004347,4.64759215779573,4.94452516184389
ENSSSCG00000005006,7.31460826435268,7.05433432709862
ENSSSCG00000004275,4.86169341347863,5.26669856990268
ENSSSCG00000035611,4.47842978092317,3.94329796990743
ENSSSCG00000058931,5.52751304124796,5.54948305114717
ENSSSCG00000005008,0.682619433441756,-0.275097240265819
ENSSSCG00000004358,5.35066012076935,5.086705390158
ENSSSCG00000004270,2.60042594353181,4.4870363037077
ENSSSCG00000032489,3.74118791059028,3.56256732561063
ENSSSCG00000004990,3.20946722096746,2.6886470549982
ENSSSCG00000004340,1.65147836204809,1.79861269456251
ENSSSCG00000058693,-0.357369586612393,-1.63861791175253
ENSSSCG00000005009,5.67554545017501,5.87079415096998
ENSSSCG00000035240,2.9403754844187,2.97020382076097
ENSSSCG00000005011,5.34401987924769,5.24403805082973
ENSSSCG00000032312,6.94939918247132,6.86409486079011
ENSSSCG00000004342,2.59148335847871,1.77218191355614
ENSSSCG00000005012,6.80408012108672,6.74513203303
ENSSSCG00000045405,-0.163246077098895,-0.220998320347156
ENSSSCG00000005029,7.31901672675806,7.39660311596299
ENSSSCG00000005030,5.79526164333131,5.86063797560017
ENSSSCG00000004939,-1.5956269400881,-0.650786169073976
ENSSSCG00000057054,0.0606232623061967,-1.37962819886108
ENSSSCG00000021862,2.67850861649466,2.03927655741885
ENSSSCG00000005027,5.13681706735067,5.23680751362085
ENSSSCG00000047735,0.111554715953384,1.8626457560383
ENSSSCG00000028092,6.87718947696114,5.18765505538118
ENSSSCG00000004941,3.56965951235715,4.2101913842195
ENSSSCG00000004942,2.38961959335877,2.54772715445315
ENSSSCG00000004943,5.09629929310995,5.03900508142471
ENSSSCG00000036735,3.71672305901307,4.36633056646609
ENSSSCG00000005015,5.20875476209639,5.91600968866574
ENSSSCG00000005016,4.63893807083309,5.65360451009307
ENSSSCG00000031354,3.20946722096746,3.42088233897337
ENSSSCG00000038941,2.815375418519,3.02719626934888
ENSSSCG00000004945,10.5722078753224,10.1500887687551
ENSSSCG00000005787,5.51219427527895,5.59260410250187
ENSSSCG00000034516,5.75478179851309,7.14145093178501
ENSSSCG00000036634,5.91658135371411,6.34153943927108
ENSSSCG00000005785,5.3664731029009,5.87235031304862
ENSSSCG00000004946,3.26676339384565,3.02159727799667
ENSSSCG00000005020,2.3263468361721,2.42585407584627
ENSSSCG00000005786,4.97088753752788,4.92815897360019
ENSSSCG00000004947,-1.5956269400881,-1.26570965698543
ENSSSCG00000004948,1.75121004166391,3.38208290956991
ENSSSCG00000004971,5.08040743034941,5.08536418513511
ENSSSCG00000005021,5.28976812111051,5.46330670455034
ENSSSCG00000038767,5.76077709421173,5.96860722766653
ENSSSCG00000004963,6.37181735741947,6.37540615186529
ENSSSCG00000005022,4.8392044092429,5.62342668667485
ENSSSCG00000004966,0.957790112127212,1.52551466820507
ENSSSCG00000026078,5.39244890688825,5.44145784622252
ENSSSCG00000004968,2.14265094238106,1.28499803379961
ENSSSCG00000005024,6.82568976749104,7.07441618408263
ENSSSCG00000004969,4.28399196895503,4.37074132909261
ENSSSCG00000004970,10.3365252817271,9.91338724564899
ENSSSCG00000023533,4.77351320537421,5.36393113507092
ENSSSCG00000004952,6.03592083290624,6.46940110525246
ENSSSCG00000005023,3.687646296855,4.31232199028989
ENSSSCG00000004859,5.45541309441167,5.63080069665355
ENSSSCG00000005025,2.2936384687718,2.19662193895553
ENSSSCG00000004856,5.84971558794667,6.01654239776646
ENSSSCG00000004951,6.43254233550103,6.04648832964111
ENSSSCG00000038422,6.65914664994024,6.33872790267353
ENSSSCG00000057448,1.16487493893756,1.28499803379961
ENSSSCG00000004954,2.2936384687718,2.64561491550367
ENSSSCG00000005002,-0.753389730293386,0.480036609493032
ENSSSCG00000004955,4.61265990889702,4.56030833090418
ENSSSCG00000030679,3.30007972835331,3.69157352599349
ENSSSCG00000004996,5.26888594926454,5.76083184400234
ENSSSCG00000027765,6.802143506356,6.9937855019196
ENSSSCG00000004857,5.68713487027327,6.19875531902467
ENSSSCG00000004956,-1.1736270562095,0.269413319240056
ENSSSCG00000004997,5.75778256063323,6.25292350630916
ENSSSCG00000021217,5.49071151194592,5.55627600330275
ENSSSCG00000004958,4.61044830250203,5.12506767096301
ENSSSCG00000005000,2.04121546325762,1.9711966741643
ENSSSCG00000026517,4.18045212468739,3.49951808367277
ENSSSCG00000004957,4.93598878275298,5.10535250551338
ENSSSCG00000004861,4.70675940750322,5.27142418657703
ENSSSCG00000032488,5.38341047957897,5.48990712233744
ENSSSCG00000053589,1.324503892854,1.39302001591966
ENSSSCG00000004999,4.13193619012817,4.25621265626186
ENSSSCG00000063467,3.61007011385766,4.16265354534145
ENSSSCG00000004869,5.01502934795898,5.49900186457641
ENSSSCG00000022419,5.18368504726424,5.43199179832468
ENSSSCG00000060555,-1.76904577456744,-1.26570965698543
ENSSSCG00000004961,5.10103291556719,3.82291897360472
ENSSSCG00000004962,4.27004817449682,5.01806920477316
ENSSSCG00000043563,4.46625155532388,4.87170536955757
ENSSSCG00000063237,-0.289717603961706,-1.63861791175253
ENSSSCG00000063081,-1.1736270562095,0.543924309209927
ENSSSCG00000056226,0.111554715953384,-1.50331917830221
ENSSSCG00000049234,0.464874497983746,1.26618103197673
ENSSSCG00000004870,7.11104549453279,6.95355370850553
ENSSSCG00000039486,-1.76904577456744,-0.51439395667637
ENSSSCG00000004973,6.90407280661822,6.03054809416432
ENSSSCG00000004847,4.21870425431413,4.35301678640405
ENSSSCG00000035696,4.08810371085403,3.96679654586605
ENSSSCG00000004849,4.02971712592725,2.63831642849982
ENSSSCG00000004854,8.12179396958946,7.78860052089138
ENSSSCG00000004974,3.64506437118292,2.67444514854501
ENSSSCG00000004976,4.64759215779573,4.04062655214545
ENSSSCG00000036984,0.299003801631898,2.18664964113913
ENSSSCG00000004980,6.27250686124516,5.64725569091755
ENSSSCG00000004874,-2.46613199464794,-0.0699026685752995
ENSSSCG00000004875,8.55511418049314,8.35279903997759
ENSSSCG00000037781,1.88896298917059,2.13572720940697
ENSSSCG00000005781,1.28066902659574,2.77104214505238
ENSSSCG00000004979,3.86137567700507,4.97671087018968
ENSSSCG00000020859,1.93210506278503,-2.92464516734468
ENSSSCG00000004843,0.342293330875861,1.14781387260733
ENSSSCG00000025616,4.60156781696184,4.58519386362803
ENSSSCG00000026486,-0.357369586612393,-1.37962819886108
ENSSSCG00000026167,1.59890203838796,1.10609700495897
ENSSSCG00000004985,4.43909200990628,4.37074132909261
ENSSSCG00000004844,5.18814088857804,5.53776305564405
ENSSSCG00000004986,4.82782706508037,4.87636588936844
ENSSSCG00000004845,4.8182769219013,5.20133976985127
ENSSSCG00000022828,7.35182317949336,7.6398484535851
ENSSSCG00000032494,4.20704202388818,4.2418375966162
ENSSSCG00000004873,4.98632071152907,4.76851630488417
ENSSSCG00000004983,6.8332958543473,7.00233869389089
ENSSSCG00000032214,5.33601103486934,5.66801203256123
ENSSSCG00000032574,3.48043940001491,4.63737855328914
ENSSSCG00000038398,-1.44083485948891,-1.37962819886108
ENSSSCG00000005782,3.53276336848595,3.59308789804756
ENSSSCG00000040252,4.70053488516532,5.19015285975934
ENSSSCG00000038208,-2.19461582859326,-0.650786169073976
ENSSSCG00000062837,0.87176904556138,1.24711535386201
ENSSSCG00000041275,1.70220582089016,0.720185961482743
ENSSSCG00000056587,-0.753389730293386,-0.801432154592459
ENSSSCG00000060706,2.24884081421465,1.16822850108867
ENSSSCG00000054784,2.79993126747808,1.63223675073198
ENSSSCG00000034069,3.01584416771585,2.61619678245007
ENSSSCG00000060600,5.69863193198315,5.27024423277078
ENSSSCG00000054884,-1.96619539223541,-0.969662564375006
ENSSSCG00000061619,-0.581735609749139,-0.650786169073976
ENSSSCG00000004989,4.3960859111406,4.38389327925118
ENSSSCG00000050768,-1.76904577456744,-0.650786169073976
ENSSSCG00000060152,0.160749279997622,-0.220998320347156
ENSSSCG00000053633,-0.428350711608159,0.6051024001257
ENSSSCG00000062595,0.160749279997622,1.37556872975422
ENSSSCG00000053742,1.75121004166391,3.17069667254303
ENSSSCG00000056642,7.51589525465206,6.37320957554367
ENSSSCG00000052850,-1.76904577456744,-1.37962819886108
ENSSSCG00000062224,1.21231354325694,2.54772715445315
ENSSSCG00000054354,-0.428350711608159,0.720185961482743
ENSSSCG00000063030,-1.5956269400881,-0.969662564375006
ENSSSCG00000058062,0.299003801631898,0.634745314624147
ENSSSCG00000019587,-0.847537601777033,-0.724143750785594
ENSSSCG00000018926,-1.5956269400881,-0.883096611932229
ENSSSCG00000034963,2.82303593425957,2.58616627273042
ENSSSCG00000004075,0.682619433441756,0.6051024001257
ENSSSCG00000004076,3.34865461023762,3.5392455620997
ENSSSCG00000004077,0.929682484613295,1.20821105392266
ENSSSCG00000004101,4.43159525549974,3.75368335878949
ENSSSCG00000004103,5.58496057151398,5.39674168175052
ENSSSCG00000004410,5.4591049649742,5.52495802256905
ENSSSCG00000004105,3.27795454322447,3.68450443748216
ENSSSCG00000033739,3.70847503872281,3.86417148287992
ENSSSCG00000004405,4.79704139008876,4.56416492569981
ENSSSCG00000004071,4.04289765600648,4.39259510574627
ENSSSCG00000046319,-0.289717603961706,0.480036609493032
ENSSSCG00000026042,-0.581735609749139,-1.50331917830221
ENSSSCG00000004113,4.1257553539808,4.73981914690084
ENSSSCG00000004404,1.63416494499211,0.663791401431833
ENSSSCG00000004403,3.83130506323569,3.99849458442712
ENSSSCG00000004402,4.1380906590801,4.03229801658047
ENSSSCG00000004401,5.92550437219423,5.13935613022462
ENSSSCG00000004399,1.14055756446698,-0.969662564375006
ENSSSCG00000037803,7.73525327188859,6.29530387023051
ENSSSCG00000004388,5.31985872057193,5.57837314574566
ENSSSCG00000004390,4.81251634298115,5.72596746510638
ENSSSCG00000043354,-0.847537601777033,-1.26570965698543
ENSSSCG00000004114,6.7033976336914,6.84004065098383
ENSSSCG00000004391,0.985360575284754,0.343090997642991
ENSSSCG00000052303,3.51868035856767,3.6738354311559
ENSSSCG00000032525,-1.44083485948891,-1.06175616837389
ENSSSCG00000004415,6.79971907647468,7.54741150528639
ENSSSCG00000033578,-1.44083485948891,-0.0699026685752995
ENSSSCG00000004414,8.13704677330555,8.17033359237984
ENSSSCG00000004120,3.83888168046947,4.33281287081241
ENSSSCG00000004413,7.11221831277831,6.97326610132272
ENSSSCG00000004121,5.19995628620226,5.87855822995188
ENSSSCG00000004408,6.26690096876992,6.42820334110846
ENSSSCG00000004412,5.31035234318326,3.9103494631119
ENSSSCG00000031536,2.46988522199915,2.79092608296928
ENSSSCG00000004081,2.90472149051255,4.33281287081241
ENSSSCG00000004411,3.36972936706284,3.01033368279559
ENSSSCG00000033392,0.780291912538719,0.747577553315015
ENSSSCG00000049158,3.31101636625581,4.79501371303781
ENSSSCG00000004382,7.23645157330712,6.93282269218205
ENSSSCG00000004082,8.35350538346555,9.20005746957191
ENSSSCG00000004383,5.12447082125399,5.28900865569379
ENSSSCG00000004384,-0.225096418835447,-1.37962819886108
ENSSSCG00000004385,6.89046592300436,6.50795411552656
ENSSSCG00000040199,4.60823330057767,4.14215931264521
ENSSSCG00000004387,6.4708380920899,6.96599658258187
ENSSSCG00000025777,9.66449940748813,7.46033172436491
ENSSSCG00000004432,6.44003418291136,6.10986417715195
ENSSSCG00000046251,-0.289717603961706,-1.16013180230037
ENSSSCG00000004433,0.748463530495347,-0.51439395667637
ENSSSCG00000004434,4.96916250473435,5.48686275610195
ENSSSCG00000037424,5.11201800622837,5.32354737676457
ENSSSCG00000004392,6.10823825805379,6.00807324744001
ENSSSCG00000004393,5.37170581413397,4.77185521798819
ENSSSCG00000004394,3.91253665916296,3.98129113783476
ENSSSCG00000004419,3.687646296855,2.99898145657284
ENSSSCG00000041409,0.682619433441756,1.81164869165001
ENSSSCG00000025703,5.96238982209184,6.75528840990884
ENSSSCG00000004420,6.14001817642724,6.66659081045535
ENSSSCG00000004421,4.75360895729388,4.34182733773723
ENSSSCG00000004422,0.00782776903463305,0.747577553315015
ENSSSCG00000004093,-3.86672707663002,-0.650786169073976
ENSSSCG00000004094,1.50677891522418,-2.61458503095514
ENSSSCG00000004423,1.85946778722825,3.12443120470841
ENSSSCG00000036621,3.58775966357871,3.3733172519404
ENSSSCG00000004425,6.30910566030125,6.13730544991294
ENSSSCG00000024361,3.45107843294489,3.49143960348772
ENSSSCG00000004065,1.40836959521317,1.4102627264044
ENSSSCG00000004070,5.78549273707957,6.24573747535751
ENSSSCG00000004370,4.99990184785204,4.98104471890921
ENSSSCG00000026382,5.87204259411814,6.24933496501065
ENSSSCG00000004106,5.91837037795675,6.35940467882434
ENSSSCG00000038554,5.45787539088052,5.21979398546852
ENSSSCG00000004104,5.13835294556186,4.96216995461641
ENSSSCG00000004369,3.84265511981395,2.50823576496658
ENSSSCG00000005575,5.58157748038342,5.83213422087303
ENSSSCG00000022804,5.50029892124452,5.99670315011442
ENSSSCG00000030067,6.14384631835806,6.15978108212378
ENSSSCG00000028867,4.98290535657391,5.48686275610195
ENSSSCG00000004371,3.85017251810914,5.60388865322531
ENSSSCG00000004109,-0.428350711608159,1.26618103197673
ENSSSCG00000004110,5.9761970324872,6.3319577753385
ENSSSCG00000005167,-1.76904577456744,2.82346884227012
ENSSSCG00000028974,4.93068038675488,4.01549530322572
ENSSSCG00000041504,-2.80087696638474,-0.969662564375006
ENSSSCG00000033175,5.60064427417138,5.87001544002022
ENSSSCG00000004373,3.72492419254139,3.61556193867093
ENSSSCG00000048240,0.901016344624057,0.44699951176586
ENSSSCG00000004374,4.06890287172142,3.89205525444354
ENSSSCG00000056379,6.07172904405849,3.96970713771346
ENSSSCG00000037985,3.74925152860503,3.81322928508241
ENSSSCG00000005131,1.84449092952033,0.901828647831401
ENSSSCG00000034120,0.425160216794395,2.08294141053324
ENSSSCG00000031159,2.59148335847871,2.31120381804596
ENSSSCG00000043123,-0.94826101088964,-0.0228605115491758
ENSSSCG00000036168,3.52808428998225,3.24465403677709
ENSSSCG00000054729,0.54116651967454,0.973180333493209
ENSSSCG00000060161,-1.44083485948891,-0.51439395667637
ENSSSCG00000005130,-1.44083485948891,-1.37962819886108
ENSSSCG00000059324,1.0124140211341,2.65287666577456
ENSSSCG00000004379,2.09282450672441,1.39302001591966
ENSSSCG00000042082,-0.753389730293386,-0.580978849888471
ENSSSCG00000059436,-0.94826101088964,-1.95450014976733
ENSSSCG00000005587,5.55767107132632,5.44040912507956
ENSSSCG00000044325,-1.5956269400881,0.343090997642991
ENSSSCG00000037071,1.34593178147808,0.6051024001257
ENSSSCG00000005590,5.53452875107473,4.97815693345198
ENSSSCG00000049906,-0.753389730293386,0.480036609493032
ENSSSCG00000053064,-0.289717603961706,0.512334077457971
ENSSSCG00000005591,-0.289717603961706,-1.37962819886108
ENSSSCG00000028558,5.48709974352884,5.55142716056127
ENSSSCG00000005112,3.57420588393168,3.46692914773229
ENSSSCG00000054646,-0.0469734082326686,1.64685816540168
ENSSSCG00000053219,0.54116651967454,2.02815067824639
ENSSSCG00000051118,0.0606232623061967,1.93591281567592
ENSSSCG00000041974,-0.94826101088964,-0.801432154592459
ENSSSCG00000048523,-0.503005667143942,-0.275097240265819
ENSSSCG00000053065,0.299003801631898,-0.168854921246468
ENSSSCG00000005588,-1.05654789507939,0.574837615712797
ENSSSCG00000005122,4.30328960568751,4.49311789541798
ENSSSCG00000005589,2.55514818233533,3.14001846296916
ENSSSCG00000061592,2.78431999506382,2.7166382149345
ENSSSCG00000005593,6.41490856127235,6.16867420196235
ENSSSCG00000050067,1.96016598715194,2.92892569430666
ENSSSCG00000042842,0.648535071030343,0.480036609493032
ENSSSCG00000005594,6.38092847799784,5.35838942375188
ENSSSCG00000005124,5.46646048381406,5.03206015835713
ENSSSCG00000034227,8.69956803015516,8.500110033543
ENSSSCG00000005125,-1.76904577456744,-0.580978849888471
ENSSSCG00000005596,4.8579695065016,4.25621265626186
ENSSSCG00000005126,4.85983266151564,4.86233891889993
ENSSSCG00000005597,4.53782503655746,4.5132066856359
ENSSSCG00000005576,4.10391148326593,4.28687578431891
ENSSSCG00000032575,4.33578233293437,4.80645503143421
ENSSSCG00000022337,1.75121004166391,-1.63861791175253
ENSSSCG00000020743,6.11916882875745,6.02636064331608
ENSSSCG00000005173,4.7026127113474,5.01243461020496
ENSSSCG00000004894,4.86911251427859,4.69127229753423
ENSSSCG00000005582,6.67933323125081,6.65262188679253
ENSSSCG00000035941,2.82303593425957,3.32413033988791
ENSSSCG00000025744,4.90924929725912,5.13157997329872
ENSSSCG00000040366,3.40588525623016,2.09365420909009
ENSSSCG00000004896,3.98261322749707,4.49513940894941
ENSSSCG00000005164,1.58094201213036,2.16649583861557
ENSSSCG00000028406,6.40792160543805,5.83213422087303
ENSSSCG00000004897,4.72935560734964,5.11852583885142
ENSSSCG00000004898,2.8306559884474,2.5785599463218
ENSSSCG00000004921,5.58270605913218,5.95985108317417
ENSSSCG00000005166,5.18070682236096,5.06917171013684
ENSSSCG00000005135,4.07212081022427,4.18786859727969
ENSSSCG00000004923,1.48762675172783,0.926006765743826
ENSSSCG00000005584,5.07400134365162,6.7540227660524
ENSSSCG00000038071,6.84133362343622,5.55433842138012
ENSSSCG00000005136,2.94740175361121,2.19662193895553
ENSSSCG00000035506,0.929682484613295,0.413188112875905
ENSSSCG00000047263,-1.5956269400881,-1.16013180230037
ENSSSCG00000004926,3.81218758787805,4.17279251140364
ENSSSCG00000043817,5.03989460872799,5.19762042986269
ENSSSCG00000004927,5.95978619434875,6.0979419449997
ENSSSCG00000043301,1.52568015604393,1.92395712532492
ENSSSCG00000005585,5.03165371465434,5.34947816927362
ENSSSCG00000004928,3.09390678499242,2.62360774421201
ENSSSCG00000031075,0.0606232623061967,0.151322202724095
ENSSSCG00000031149,1.09065751143433,1.16822850108867
ENSSSCG00000051680,2.4403064491966,3.13484139978675
ENSSSCG00000004929,4.62585881992524,4.58709047272221
ENSSSCG00000054127,1.59890203838796,2.56322591732365
ENSSSCG00000005128,0.613625923982859,0.663791401431833
ENSSSCG00000005174,6.73368666012103,6.19565097316053
ENSSSCG00000004931,4.24460461151598,3.17069667254303
ENSSSCG00000031529,-0.503005667143942,-1.78793082929158
ENSSSCG00000057273,-2.19461582859326,-0.883096611932229
ENSSSCG00000056734,0.613625923982859,2.50823576496658
ENSSSCG00000004934,6.35275927468565,6.6656936596786
ENSSSCG00000054285,-3.23753225397681,0.306722442383792
ENSSSCG00000057864,-0.94826101088964,0.44699951176586
ENSSSCG00000005498,-0.94826101088964,1.20821105392266
ENSSSCG00000059082,0.425160216794395,0.774458752770575
ENSSSCG00000057745,0.0606232623061967,0.306722442383792
ENSSSCG00000052950,2.05429183424595,1.63223675073198
ENSSSCG00000060748,1.96016598715194,2.39153747277534
ENSSSCG00000005150,6.20814854555736,6.45493358092705
ENSSSCG00000033910,1.38785577819136,1.55682069776002
ENSSSCG00000005502,3.62329263130676,1.20821105392266
ENSSSCG00000004935,6.0900991369266,6.47094262695077
ENSSSCG00000005152,1.61664122769751,2.25505012142321
ENSSSCG00000005501,4.67536471088308,4.64468177448369
ENSSSCG00000004936,4.58814374536442,4.50118700956121
ENSSSCG00000005503,4.75561178512516,5.64634643170343
ENSSSCG00000043340,-3.86672707663002,-0.801432154592459
ENSSSCG00000005504,5.30762469010544,-2.35951718500686
ENSSSCG00000035890,-1.05654789507939,-2.14284221802902
ENSSSCG00000057062,-1.96619539223541,-0.51439395667637
ENSSSCG00000054719,1.56275558109478,1.18835828160125
ENSSSCG00000054559,5.3035235165232,5.54363495455221
ENSSSCG00000051482,6.22414771370942,5.87157244182845
ENSSSCG00000042822,-0.753389730293386,-0.118530588140316
ENSSSCG00000055858,-0.94826101088964,-0.580978849888471
ENSSSCG00000004937,3.31645375125364,3.94625630861329
ENSSSCG00000053029,4.03961379546962,4.17531615838147
ENSSSCG00000004938,4.50248210404005,5.09605907482726
ENSSSCG00000004899,5.66279535333771,5.92952681064791
ENSSSCG00000004901,5.09155008803588,5.36945164087797
ENSSSCG00000004902,-0.753389730293386,-0.389789821758014
ENSSSCG00000004903,3.19772977657571,1.0847773181148
ENSSSCG00000036234,0.841916534859911,-0.389789821758014
ENSSSCG00000004885,-0.428350711608159,-1.37962819886108
ENSSSCG00000026454,3.04888506235996,3.24465403677709
ENSSSCG00000004907,4.89659921430897,3.32867182123474
ENSSSCG00000004908,7.04993108904088,6.512951036592
ENSSSCG00000034415,6.25845107436659,5.72768785657784
ENSSSCG00000004509,-0.289717603961706,4.01830938072386
ENSSSCG00000037300,-0.103938698558373,-2.92464516734468
ENSSSCG00000004508,6.29126752594312,5.96569441369661
ENSSSCG00000004912,6.55776912510672,4.80808212360318
ENSSSCG00000004911,-0.753389730293386,-2.61458503095514
ENSSSCG00000034704,5.3171489986174,5.5190094547299
ENSSSCG00000004517,6.34213569439087,5.94291846059841
ENSSSCG00000004917,3.0811861591189,3.57025821344925
ENSSSCG00000004518,-0.581735609749139,-1.95450014976733
ENSSSCG00000028076,5.26888594926454,5.9347494556102
ENSSSCG00000004506,4.73951076566186,4.26334682787085
ENSSSCG00000004489,13.671488465984,13.372729926504
ENSSSCG00000004487,4.55172328966111,4.2892077114799
ENSSSCG00000004918,0.929682484613295,0.151322202724095
ENSSSCG00000021383,1.96016598715194,2.26456216861488
ENSSSCG00000004502,1.82935696214862,0.826763660403192
ENSSSCG00000035007,10.3493467950656,9.91697308686688
ENSSSCG00000004919,6.31522936748727,6.39177472938761
ENSSSCG00000032053,3.00241297879237,2.01693833045353
ENSSSCG00000034730,5.79720751181927,5.66980289816387
ENSSSCG00000022643,3.53276336848595,3.81322928508241
ENSSSCG00000005771,4.8801701155481,4.75508283732832
ENSSSCG00000060420,5.9246145497389,5.4288225962667
ENSSSCG00000004500,5.02834413118639,5.24763977535899
ENSSSCG00000040836,-1.96619539223541,-0.883096611932229
ENSSSCG00000004520,2.71190019265781,3.45035440098084
ENSSSCG00000004507,2.13035473334754,2.13572720940697
ENSSSCG00000004505,5.72749031660984,5.9280311471909
ENSSSCG00000004485,8.7256007906119,6.45597180072848
ENSSSCG00000004486,4.98290535657391,4.19783250191739
ENSSSCG00000004490,4.1226549774172,4.86390422302666
ENSSSCG00000005508,3.23839972611689,3.53138710266873
ENSSSCG00000004492,0.208321522646333,-0.724143750785594
ENSSSCG00000005507,5.47134341098202,5.23801512250083
ENSSSCG00000004493,2.45023357473821,1.47724380910331
ENSSSCG00000021072,2.70362447409169,3.63035246116121
ENSSSCG00000004499,8.64618436625505,8.13252248091848
ENSSSCG00000039972,4.96397499597078,5.16370770388431
ENSSSCG00000005510,4.26443270150265,4.01830938072386
ENSSSCG00000004498,4.41901344119094,4.53105049636611
ENSSSCG00000005511,3.80833350413237,3.65587652678976
ENSSSCG00000004521,-1.44083485948891,3.07122273561747
ENSSSCG00000005512,4.03632244315774,3.26375205522008
ENSSSCG00000004522,5.29528602734721,5.01243461020496
ENSSSCG00000032297,4.54479089920795,4.86546783066061
ENSSSCG00000024479,3.81986500427452,3.81969630309561
ENSSSCG00000004524,6.83897421872237,6.59063397863632
ENSSSCG00000034427,5.02170209995882,5.34612220671944
ENSSSCG00000004510,5.13681706735067,4.99253840187292
ENSSSCG00000004511,6.34213569439087,6.34322373499208
ENSSSCG00000041158,0.208321522646333,1.6898537845966
ENSSSCG00000055973,5.82894111895547,5.53285148394664
ENSSSCG00000004516,6.96895214473279,6.74894905811004
ENSSSCG00000049462,-0.665011214899346,-1.95450014976733
ENSSSCG00000056498,0.54116651967454,0.973180333493209
ENSSSCG00000057366,3.26113509577104,1.87511825059562
ENSSSCG00000062205,-2.80087696638474,-0.450747065242323
ENSSSCG00000055877,-1.44083485948891,-0.650786169073976
ENSSSCG00000020045,-1.96619539223541,-1.26570965698543
ENSSSCG00000028329,-0.94826101088964,-1.16013180230037
ENSSSCG00000060601,1.06504496640639,1.12710621877915
ENSSSCG00000004893,5.7507710486102,5.7625111824746
ENSSSCG00000004884,5.32391378452802,5.45398339562082
ENSSSCG00000004888,2.60042594353181,2.74409661085484
ENSSSCG00000035667,-2.19461582859326,-1.16013180230037
ENSSSCG00000039179,-2.46613199464794,-0.51439395667637
ENSSSCG00000061814,1.90348749886982,2.91086700396588
ENSSSCG00000051885,0.682619433441756,-0.51439395667637
ENSSSCG00000056416,-1.5956269400881,-0.650786169073976
ENSSSCG00000062696,5.31985872057193,5.57072551104208
ENSSSCG00000005514,4.33578233293437,4.65556775116873
ENSSSCG00000034749,5.66599345698439,5.60107577969983
ENSSSCG00000052639,0.342293330875861,-2.92464516734468
ENSSSCG00000053002,2.31552623327911,2.98178384945335
ENSSSCG00000056449,2.2601713103169,2.39153747277534
ENSSSCG00000047129,4.95702917407832,5.15733913976995
ENSSSCG00000063161,3.30007972835331,4.0126757259433
ENSSSCG00000048111,2.55514818233533,2.16649583861557
ENSSSCG00000004634,4.17147879379691,4.63737855328914
ENSSSCG00000004635,6.00342124384472,6.23972165237183
ENSSSCG00000004636,6.12382812574471,6.31260139798954
ENSSSCG00000004639,6.04249787221829,6.14633776359366
ENSSSCG00000004645,4.29229401201672,4.71053955866532
ENSSSCG00000004658,6.73875795421117,5.63080069665355
ENSSSCG00000004647,4.72322802275393,4.35301678640405
ENSSSCG00000004648,1.0124140211341,1.22779433856161
ENSSSCG00000056997,4.13193619012817,0.720185961482743
ENSSSCG00000004652,6.14918870902988,6.56680433846377
ENSSSCG00000004653,6.02267611367653,6.57781487965111
ENSSSCG00000056133,2.89020946153077,3.47514565515157
ENSSSCG00000004657,1.06504496640639,1.54125259769343
ENSSSCG00000004644,4.17447610978098,2.63831642849982
ENSSSCG00000004643,2.16693335253786,3.70560863013466
ENSSSCG00000004646,-0.753389730293386,0.0226960489355265
ENSSSCG00000004595,6.09168553682013,6.56054361560265
ENSSSCG00000004596,-0.847537601777033,-0.450747065242323
ENSSSCG00000025578,7.64467610594728,8.13430705697487
ENSSSCG00000004597,2.15484323487455,5.85671263735965
ENSSSCG00000030605,5.22619235569093,5.39457737503283
ENSSSCG00000004598,2.83823600625996,4.16519497479506
ENSSSCG00000035038,4.87465190882293,4.79665375283105
ENSSSCG00000004600,6.2499513970359,6.16041812616282
ENSSSCG00000005375,3.19182504910006,2.99327166878598
ENSSSCG00000005376,3.57873797349955,4.39692641543382
ENSSSCG00000005400,2.79993126747808,1.30357276293605
ENSSSCG00000005403,3.76524480197547,4.02951111928058
ENSSSCG00000005305,6.17635565338537,6.04717740408156
ENSSSCG00000005307,0.648535071030343,1.32191137878578
ENSSSCG00000058191,-0.225096418835447,0.0226960489355265
ENSSSCG00000026960,5.00664477155074,5.26076969820633
ENSSSCG00000004601,6.43816486522704,6.34490606664981
ENSSSCG00000004602,4.16546541539058,4.11349577089499
ENSSSCG00000004603,4.6942833906491,5.30753214931736
ENSSSCG00000037499,3.40588525623016,3.4251296745628
ENSSSCG00000004617,7.76040624536693,7.40146143312693
ENSSSCG00000053937,6.36264833105935,6.52586260819553
ENSSSCG00000004621,6.40026068064704,6.50494763420472
ENSSSCG00000004622,5.76177389241526,5.14580439623947
ENSSSCG00000004624,5.82417763556749,5.64543659906685
ENSSSCG00000004625,5.11825784971658,4.65375911640063
ENSSSCG00000004626,6.38804706685035,6.94507520258929
ENSSSCG00000004628,2.51787418640574,1.61746563255219
ENSSSCG00000004629,-0.0469734082326686,-0.650786169073976
ENSSSCG00000004630,0.0606232623061967,-1.16013180230037
ENSSSCG00000032517,5.15514056338635,5.30868200875591
ENSSSCG00000004632,-0.357369586612393,1.06313784412392
ENSSSCG00000031794,4.1952847513568,1.79861269456251
ENSSSCG00000035798,-0.94826101088964,0.0226960489355265
ENSSSCG00000004607,2.74453636267091,3.33319905123466
ENSSSCG00000004608,3.46583360755166,3.76042224664028
ENSSSCG00000054223,1.50677891522418,2.31120381804596
ENSSSCG00000004610,6.73216178922186,7.08820855688972
ENSSSCG00000032619,4.68590570168791,4.2394277659383
ENSSSCG00000004612,5.32256336256864,6.3966493060376
ENSSSCG00000024983,5.77664380494981,5.62342668667485
ENSSSCG00000004614,-0.753389730293386,0.413188112875905
ENSSSCG00000004615,-0.0469734082326686,1.18835828160125
ENSSSCG00000004656,4.46625155532388,3.96388007011859
ENSSSCG00000024660,1.21231354325694,1.06313784412392
ENSSSCG00000059295,2.83823600625996,2.38282924537441
ENSSSCG00000052887,1.58094201213036,2.6815635771672
ENSSSCG00000062177,-1.1736270562095,1.06313784412392
ENSSSCG00000060581,-2.80087696638474,-0.724143750785594
ENSSSCG00000062439,3.02915146757585,2.7166382149345
ENSSSCG00000047357,-1.44083485948891,-0.969662564375006
ENSSSCG00000057596,0.425160216794395,1.04116884334027
ENSSSCG00000059103,4.01641506675361,4.28454008180057
ENSSSCG00000053433,-0.665011214899346,0.191769503652254
ENSSSCG00000042551,0.985360575284754,1.52551466820507
ENSSSCG00000057375,0.648535071030343,0.269413319240056
ENSSSCG00000052402,-2.19461582859326,-1.26570965698543
ENSSSCG00000063504,1.09065751143433,1.0847773181148
ENSSSCG00000004651,6.09089255492573,6.33365328795174
ENSSSCG00000004620,4.71295718940714,4.51917917826996
ENSSSCG00000005385,-0.428350711608159,1.22779433856161
ENSSSCG00000005386,5.07720794266474,5.53285148394664
ENSSSCG00000040634,7.17155227943271,6.30973284062519
ENSSSCG00000005388,5.03989460872799,5.28550886652116
ENSSSCG00000030168,1.25824180569868,0.269413319240056
ENSSSCG00000005389,4.26443270150265,4.43322679702533
ENSSSCG00000055769,2.60931343902336,2.62360774421201
ENSSSCG00000005391,1.23546043280176,1.04116884334027
ENSSSCG00000037954,-1.1736270562095,-1.06175616837389
ENSSSCG00000005361,4.29505077699978,4.14987880700026
ENSSSCG00000005360,0.901016344624057,-0.969662564375006
ENSSSCG00000040711,2.08009429229325,1.10609700495897
ENSSSCG00000045508,8.30115935566488,7.8636703300345
ENSSSCG00000053078,5.95369272746601,6.18692309890355
ENSSSCG00000005366,5.32930286724478,5.28434038091087
ENSSSCG00000005367,4.94654733494036,5.43093617098983
ENSSSCG00000005368,1.96016598715194,2.19662193895553
ENSSSCG00000005371,4.40886838458313,4.46863617933797
ENSSSCG00000062892,7.10869699388322,7.34008632044065
ENSSSCG00000033222,2.33708688541697,2.00563815946422
ENSSSCG00000005296,1.97399439525949,0.269413319240056
ENSSSCG00000005297,4.83731440511544,3.07122273561747
ENSSSCG00000005300,9.01069250669283,8.11964071040472
ENSSSCG00000005298,-1.76904577456744,-0.801432154592459
ENSSSCG00000034874,5.76376542505159,4.58329475791358
ENSSSCG00000005303,6.8790279908355,6.45233475795807
ENSSSCG00000039782,6.13233128360218,6.05130495342098
ENSSSCG00000005301,4.66474613555531,4.03785571239339
ENSSSCG00000005308,6.10037969122134,5.71386693687096
ENSSSCG00000005309,7.27396462198521,7.20797583598884
ENSSSCG00000005310,5.87573039818272,5.65992551260237
ENSSSCG00000005311,-1.5956269400881,-0.275097240265819
ENSSSCG00000005312,-0.428350711608159,0.574837615712797
ENSSSCG00000005313,3.56965951235715,3.82934279843556
ENSSSCG00000005314,4.00298921653194,4.37294166379433
ENSSSCG00000059309,2.74453636267091,4.64103478518383
ENSSSCG00000005316,11.1165242106199,10.0064990981504
ENSSSCG00000005317,8.84210107785824,8.48569455977846
ENSSSCG00000005318,5.3157922266856,4.71574991344735
ENSSSCG00000005319,6.51466264947226,6.37155994575229
ENSSSCG00000005320,4.90203426617488,3.97261186935421
ENSSSCG00000005322,7.43790634999871,5.45190334139748
ENSSSCG00000025842,7.03599122128831,6.8554657386444
ENSSSCG00000005324,4.67959035376555,4.20772806306319
ENSSSCG00000005325,5.51219427527895,5.3978226187547
ENSSSCG00000005338,4.87833305750333,3.99849458442712
ENSSSCG00000031236,5.95630736534816,5.89089449594369
ENSSSCG00000037131,7.71274997832234,7.23936869308421
ENSSSCG00000037468,5.28700123358954,4.72266791020141
ENSSSCG00000005343,6.4287817718031,6.81598295279048
ENSSSCG00000005344,1.30275293821975,0.747577553315015
ENSSSCG00000005346,4.25596829550492,4.11086153274621
ENSSSCG00000005349,4.96224167302807,4.89638929100478
ENSSSCG00000036340,4.87649365725498,4.85606066357774
ENSSSCG00000005347,4.38836170930527,4.63554695670578
ENSSSCG00000005350,2.33708688541697,2.33848175918667
ENSSSCG00000058091,4.99821118112255,4.50319725601001
ENSSSCG00000005352,-0.753389730293386,0.109708133942356
ENSSSCG00000005354,3.47558721383388,3.54706144775751
ENSSSCG00000005355,2.02801948508034,2.21636209324052
ENSSSCG00000005356,5.13527955231673,5.31670546566593
ENSSSCG00000032554,5.71724989039125,5.5907147326928
ENSSSCG00000005358,3.9409770362239,3.65948623662842
ENSSSCG00000055084,-0.665011214899346,1.42730178812359
ENSSSCG00000058329,0.929682484613295,1.32191137878578
ENSSSCG00000056356,0.503524755598007,-0.450747065242323
ENSSSCG00000054952,-0.581735609749139,-2.35951718500686
ENSSSCG00000049366,-2.19461582859326,-0.650786169073976
ENSSSCG00000041432,-1.96619539223541,-1.26570965698543
ENSSSCG00000063066,4.4953084177885,3.09274217814535
ENSSSCG00000005373,5.3664731029009,3.98704844379237
ENSSSCG00000031703,-1.76904577456744,-0.389789821758014
ENSSSCG00000004013,6.94589518591613,7.01894321907022
ENSSSCG00000030535,6.84651077136874,7.65823227152155
ENSSSCG00000031776,2.96827754751789,3.53532168307395
ENSSSCG00000024019,4.46625155532388,3.94329796990743
ENSSSCG00000012314,3.88718294062455,4.55644139906733
ENSSSCG00000012315,6.16961172650906,5.72252051528377
ENSSSCG00000004017,0.985360575284754,3.86103975528622
ENSSSCG00000004016,1.40836959521317,2.15631236722569
ENSSSCG00000004018,6.84227630597141,7.78921849470577
ENSSSCG00000004010,5.29666221263025,5.46846040399612
ENSSSCG00000004009,0.208321522646333,0.949786352523971
ENSSSCG00000030155,6.15527017184619,6.67909269160816
ENSSSCG00000038931,4.94829960523877,5.00394124006963
ENSSSCG00000004008,4.35440387570681,4.76684394606366
ENSSSCG00000004012,4.27564187482818,4.39908720366374
ENSSSCG00000004029,6.7987481625885,7.34261457022035
ENSSSCG00000038153,5.94932443983036,5.52989649468017
ENSSSCG00000004032,2.72012870992577,2.301995340821
ENSSSCG00000004033,4.1952847513568,3.91639634195172
ENSSSCG00000004037,5.12756730217473,5.42670592057425
ENSSSCG00000004024,6.62613938368208,6.44241631424811
ENSSSCG00000004022,5.77269345677759,4.57567323682998
ENSSSCG00000032916,6.39191517958117,6.50745347019568
ENSSSCG00000004020,6.58730763276724,6.23125713335966
ENSSSCG00000004027,0.54116651967454,0.343090997642991
ENSSSCG00000035027,2.54591957752837,1.67566381082393
ENSSSCG00000060508,2.02801948508034,2.02815067824639
ENSSSCG00000004064,6.06931560750221,6.32458744045435
ENSSSCG00000027404,4.58589420574893,4.30081114134785
ENSSSCG00000022580,0.160749279997622,-1.95450014976733
ENSSSCG00000032403,-0.581735609749139,-1.95450014976733
ENSSSCG00000004023,5.59506250408323,5.6508870079759
ENSSSCG00000038527,-0.581735609749139,-0.331304090129519
ENSSSCG00000062590,0.901016344624057,0.973180333493209
ENSSSCG00000053918,-1.44083485948891,-0.883096611932229
ENSSSCG00000054333,-1.5956269400881,-0.969662564375006
ENSSSCG00000047676,1.75121004166391,3.34669612062099
ENSSSCG00000047753,1.06504496640639,3.18579456145464
ENSSSCG00000043814,-0.0469734082326686,2.11484407452863
ENSSSCG00000048885,-0.753389730293386,0.774458752770575
ENSSSCG00000062461,1.40836959521317,0.774458752770575
ENSSSCG00000052194,-2.46613199464794,-0.724143750785594
ENSSSCG00000054024,-0.753389730293386,-0.275097240265819
ENSSSCG00000050646,-0.847537601777033,-1.78793082929158
ENSSSCG00000063447,-0.581735609749139,-0.724143750785594
ENSSSCG00000004484,8.53572327189475,5.83133435482254
ENSSSCG00000004454,4.96743540684683,4.4870363037077
ENSSSCG00000032015,9.14166513368199,9.21913962029867
ENSSSCG00000004469,6.59403917319193,6.42555587371507
ENSSSCG00000004470,6.14995029530075,5.43935964104764
ENSSSCG00000004473,3.46583360755166,4.63920782748786
ENSSSCG00000004478,6.03014122419136,6.38415916514697
ENSSSCG00000020702,6.62340008412771,6.90077548306302
ENSSSCG00000029129,3.753266499184,2.97600545370124
ENSSSCG00000004456,5.16270719630383,4.52314714798053
ENSSSCG00000004457,5.67448723536032,6.44712302541384
ENSSSCG00000026346,2.00125981237482,2.02815067824639
ENSSSCG00000053568,-0.847537601777033,-1.50331917830221
ENSSSCG00000004458,4.65189981179729,3.41234996988791
ENSSSCG00000004460,5.83842115967153,5.75493871736249
ENSSSCG00000004472,4.55862252805882,4.67709633776791
ENSSSCG00000004446,5.86927054156939,5.37385288625834
ENSSSCG00000004453,0.715917087066103,-0.0699026685752995
ENSSSCG00000004479,4.92178942305645,5.07998686161452
ENSSSCG00000033155,7.3676234883216,7.34513839712047
ENSSSCG00000004480,5.85999170850595,5.06373357827959
ENSSSCG00000004435,5.72340286451478,4.54086918328405
ENSSSCG00000004438,6.18752594610746,6.12821623096523
ENSSSCG00000004441,3.14369649336471,2.7576322855016
ENSSSCG00000031898,3.29458016119167,2.12532342728475
ENSSSCG00000004464,8.88653150703845,8.48455033765374
ENSSSCG00000004465,4.33041744447865,4.29386028841113
ENSSSCG00000004466,0.748463530495347,-0.801432154592459
ENSSSCG00000028080,1.90348749886982,1.49351421091838
ENSSSCG00000004475,2.42024489322316,1.10609700495897
ENSSSCG00000047800,5.98305139893304,5.70864976487974
ENSSSCG00000058663,-0.357369586612393,-0.118530588140316
ENSSSCG00000062560,5.67871544538004,5.58408238461635
ENSSSCG00000057254,-2.19461582859326,-0.883096611932229
ENSSSCG00000056387,-1.3010534406464,-0.118530588140316
ENSSSCG00000054452,0.0606232623061967,0.480036609493032
ENSSSCG00000061044,-1.1736270562095,-0.51439395667637
ENSSSCG00000050407,-1.96619539223541,-1.16013180230037
ENSSSCG00000053341,-1.44083485948891,-0.724143750785594
ENSSSCG00000051809,1.54433696419247,2.61619678245007
ENSSSCG00000061057,3.27795454322447,3.82934279843556
ENSSSCG00000004328,5.55307221016456,6.62842169831253
ENSSSCG00000004291,2.70362447409169,4.11086153274621
ENSSSCG00000004293,6.30774129935768,6.52487350253639
ENSSSCG00000004294,6.83661094908168,6.88967680516533
ENSSSCG00000022994,3.60563553992072,3.38644584675528
ENSSSCG00000026943,4.055958857509,1.4102627264044
ENSSSCG00000004289,4.92000463622555,5.28082923495918
ENSSSCG00000051834,3.14369649336471,3.09807225595263
ENSSSCG00000026246,1.36704606077518,1.67566381082393
ENSSSCG00000004279,4.34910791583901,4.87326054959061
ENSSSCG00000035281,4.40121249903953,5.29482283676944
ENSSSCG00000004300,2.84577640620797,2.89257939860165
ENSSSCG00000055021,-0.753389730293386,0.0226960489355265
ENSSSCG00000004302,5.56568397115812,5.42458613479984
ENSSSCG00000004304,5.95717785934945,5.49395630981449
ENSSSCG00000004303,4.90384140953994,4.60029737845565
ENSSSCG00000004306,4.77548860956428,4.748318904002
ENSSSCG00000004307,5.88307784603303,5.75325053597688
ENSSSCG00000004309,1.16487493893756,1.74525785846237
ENSSSCG00000050040,-1.05654789507939,-0.118530588140316
ENSSSCG00000004331,3.64506437118292,4.18286071986411
ENSSSCG00000004330,0.111554715953384,0.269413319240056
ENSSSCG00000004280,3.1799425944053,0.877238412496071
ENSSSCG00000004281,1.75121004166391,2.12532342728475
ENSSSCG00000004283,1.87429076377796,-3.86672707663002
ENSSSCG00000058051,1.97399439525949,-2.92464516734468
ENSSSCG00000004336,2.37926496751754,2.25505012142321
ENSSSCG00000029003,5.86092228191959,5.75830916534891
ENSSSCG00000033562,2.35833005876887,2.94084044994871
ENSSSCG00000052938,-1.1736270562095,0.151322202724095
ENSSSCG00000058397,4.57232280648654,5.38697662977849
ENSSSCG00000061089,3.04888506235996,4.15755721604328
ENSSSCG00000042663,1.52568015604393,1.55682069776002
ENSSSCG00000057321,-3.23753225397681,-0.969662564375006
ENSSSCG00000063094,0.111554715953384,0.543924309209927
ENSSSCG00000045140,-0.94826101088964,-0.168854921246468
ENSSSCG00000044841,6.08532944380037,6.51842773333851
ENSSSCG00000038663,2.05429183424595,2.60125966392602
ENSSSCG00000037982,-1.05654789507939,-0.331304090129519
ENSSSCG00000004276,4.22738947407285,3.6229761539042
ENSSSCG00000039025,2.69530100957938,0.109708133942356
ENSSSCG00000035730,4.21288492323123,4.71401521850457
ENSSSCG00000005177,2.11795282114626,3.12443120470841
ENSSSCG00000005178,4.63676641344048,4.57184732420147
ENSSSCG00000005180,4.68169854292298,4.91462896947818
ENSSSCG00000005182,2.85327760027406,3.76042224664028
ENSSSCG00000005183,6.4224923002233,6.70595953657247
ENSSSCG00000005184,4.87833305750333,4.99825108672537
ENSSSCG00000005186,3.39564713084774,3.1554391108737
ENSSSCG00000005194,1.14055756446698,3.39945604730476
ENSSSCG00000005196,2.9956502008432,3.05486985244482
ENSSSCG00000005190,5.02170209995882,4.84817422751139
ENSSSCG00000005191,6.03509659074655,5.6769442124037
ENSSSCG00000036360,2.79214674718859,2.67444514854501
ENSSSCG00000054565,-0.94826101088964,-1.50331917830221
ENSSSCG00000041617,-0.847537601777033,0.109708133942356
ENSSSCG00000061754,3.2498121961957,3.57790831911178
ENSSSCG00000061890,0.160749279997622,1.93591281567592
ENSSSCG00000005459,6.53521145550235,6.83964295915612
ENSSSCG00000037744,0.577851083508549,0.852221766628148
ENSSSCG00000021386,3.86879640775838,3.81969630309561
ENSSSCG00000042365,0.613625923982859,1.28499803379961
ENSSSCG00000005460,5.14753403573471,4.43111657790223
ENSSSCG00000046439,6.16810878530189,6.03611252230395
ENSSSCG00000005463,-3.23753225397681,-0.450747065242323
ENSSSCG00000022780,1.75121004166391,3.01597647269275
ENSSSCG00000005466,7.00433572752911,7.4071088689906
ENSSSCG00000005467,4.85423596243695,4.84975496736719
ENSSSCG00000005469,2.57343015789845,2.64561491550367
ENSSSCG00000026194,4.93068038675488,5.07594067491483
ENSSSCG00000005440,4.38059592931627,3.56641789445968
ENSSSCG00000005441,4.67324723903207,4.78513412837772
ENSSSCG00000005444,6.43691730647004,7.10914803521416
ENSSSCG00000005446,6.64138407860549,6.44346357787251
ENSSSCG00000005449,5.83653012849561,6.60941829101324
ENSSSCG00000033120,6.2905770195826,5.11852583885142
ENSSSCG00000005452,2.49886972135825,2.27401191108018
ENSSSCG00000005453,6.8175641193931,6.44712302541384
ENSSSCG00000005455,5.59618058710202,4.22244529248072
ENSSSCG00000005457,4.7374854445382,3.50354042332499
ENSSSCG00000053039,4.24174964954317,4.02392112189717
ENSSSCG00000005424,4.04617405879646,5.32695620287244
ENSSSCG00000005423,6.26479313043863,5.8637705745315
ENSSSCG00000031592,4.3960859111406,4.19285915148559
ENSSSCG00000005436,7.16214580899987,6.96781739921154
ENSSSCG00000005437,4.92178942305645,3.90427713280898
ENSSSCG00000005487,5.53918700856691,4.33055042563357
ENSSSCG00000005488,0.54116651967454,-0.724143750785594
ENSSSCG00000023894,5.82131197774649,6.47299543037272
ENSSSCG00000005490,4.45150067658627,4.70356301757871
ENSSSCG00000053522,6.9607287504185,6.7310492321532
ENSSSCG00000005229,6.22848050500165,5.29714196416816
ENSSSCG00000059646,-0.94826101088964,0.720185961482743
ENSSSCG00000036457,-0.94826101088964,-0.969662564375006
ENSSSCG00000005494,8.52739522809352,7.62653930264525
ENSSSCG00000005232,6.67457766281795,6.3296939877421
ENSSSCG00000005465,1.59890203838796,2.6886470549982
ENSSSCG00000005198,4.52379159070698,4.38825075328145
ENSSSCG00000005199,2.50840324662494,1.63223675073198
ENSSSCG00000005201,5.22330068726953,5.75156037683752
ENSSSCG00000005204,5.55307221016456,5.5090403430447
ENSSSCG00000005203,4.47357081971983,2.89870106029881
ENSSSCG00000005235,7.15457622341147,7.60189382598726
ENSSSCG00000005484,3.47071865330916,3.94033355247136
ENSSSCG00000005485,-0.753389730293386,0.191769503652254
ENSSSCG00000005240,3.99961314051722,4.8306708081164
ENSSSCG00000005486,4.61486813015719,5.616014792389
ENSSSCG00000004233,2.10544337267369,1.46078781820194
ENSSSCG00000004236,1.52568015604393,1.32191137878578
ENSSSCG00000005241,5.34535037482733,5.48686275610195
ENSSSCG00000004237,8.47851508031612,7.77950636068056
ENSSSCG00000038420,8.42572105196485,8.46056828621055
ENSSSCG00000004238,6.02848564573394,5.6169433642884
ENSSSCG00000004172,4.0976091439326,4.56223791697689
ENSSSCG00000005243,7.58510489389293,6.64444839489203
ENSSSCG00000021149,2.15484323487455,2.17660793203872
ENSSSCG00000022387,3.05540339708637,3.12964569195949
ENSSSCG00000033258,1.73505954565087,-0.801432154592459
ENSSSCG00000004154,2.89748372295634,2.86157528753835
ENSSSCG00000051392,-0.753389730293386,-2.35951718500686
ENSSSCG00000004177,10.2505090719267,9.17521401284311
ENSSSCG00000051799,-0.0469734082326686,-1.06175616837389
ENSSSCG00000004178,3.54207624329408,4.00985062733713
ENSSSCG00000061287,0.464874497983746,0.191769503652254
ENSSSCG00000041449,3.56052356113456,4.13439829093663
ENSSSCG00000043626,-0.581735609749139,-0.650786169073976
ENSSSCG00000060784,1.16487493893756,1.82456795126936
ENSSSCG00000004179,8.03972941685017,4.07617140800971
ENSSSCG00000062611,1.38785577819136,1.83737254564755
ENSSSCG00000055985,-0.94826101088964,-0.883096611932229
ENSSSCG00000034087,1.52568015604393,1.60254171360028
ENSSSCG00000049638,-1.1736270562095,-0.51439395667637
ENSSSCG00000004180,1.11582327058225,-2.14284221802902
ENSSSCG00000051325,0.0606232623061967,0.720185961482743
ENSSSCG00000044363,0.682619433441756,0.066857978120369
ENSSSCG00000004149,6.77919139316739,7.46704174087407
ENSSSCG00000004150,5.74271594287972,5.0826780287199
ENSSSCG00000004181,6.66555192676592,2.78432850690455
ENSSSCG00000022968,1.324503892854,2.58616627273042
ENSSSCG00000004193,4.2245002065059,5.98883390124371
ENSSSCG00000021443,5.54614631404637,4.31918467198056
ENSSSCG00000004534,1.36704606077518,1.6898537845966
ENSSSCG00000004528,2.95439396897898,3.1554391108737
ENSSSCG00000025992,5.46646048381406,6.18817317545848
ENSSSCG00000004529,4.27004817449682,4.72094151850558
ENSSSCG00000032835,3.27236981988504,3.33319905123466
ENSSSCG00000004196,5.73156622082135,6.21846650256021
ENSSSCG00000004142,5.86927054156939,6.45597180072848
ENSSSCG00000004143,2.09282450672441,2.61619678245007
ENSSSCG00000004530,-1.96619539223541,-0.51439395667637
ENSSSCG00000004531,2.11795282114626,2.45106624968918
ENSSSCG00000005250,3.32726742574501,2.43430718416671
ENSSSCG00000038606,-3.86672707663002,-0.389789821758014
ENSSSCG00000005252,2.42024489322316,3.6229761539042
ENSSSCG00000035243,3.34865461023762,3.3733172519404
ENSSSCG00000004589,5.26185751256872,5.66980289816387
ENSSSCG00000035668,5.3266108422009,4.13180197796732
ENSSSCG00000030655,4.11643416412382,5.6372221814606
ENSSSCG00000004123,8.12586427406448,7.54935840634135
ENSSSCG00000005255,5.49431426092272,5.60482506030608
ENSSSCG00000004592,6.21034072610224,6.3665997086137
ENSSSCG00000021646,5.30898916127904,5.88010604428504
ENSSSCG00000005257,4.40886838458313,2.89870106029881
ENSSSCG00000057517,-0.163246077098895,-0.118530588140316
ENSSSCG00000004125,0.957790112127212,1.10609700495897
ENSSSCG00000004127,3.02251316077076,2.76435279581209
ENSSSCG00000024131,3.01584416771585,3.48738333630153
ENSSSCG00000024257,5.13065715129716,4.68242865943329
ENSSSCG00000004576,1.11582327058225,2.32035389170899
ENSSSCG00000005225,4.17447610978098,4.26097268836692
ENSSSCG00000004224,3.45601361111522,3.1191978017878
ENSSSCG00000004225,5.08040743034941,3.83254401643776
ENSSSCG00000039823,1.34593178147808,-1.16013180230037
ENSSSCG00000005227,4.88932048043226,5.00109896872219
ENSSSCG00000005221,5.95891727321762,6.32912748537672
ENSSSCG00000005222,2.91908899595331,4.86233891889993
ENSSSCG00000040918,4.1952847513568,3.93736303127276
ENSSSCG00000005224,6.44438652789585,7.18342624759221
ENSSSCG00000004577,4.67536471088308,4.96363065902673
ENSSSCG00000004132,4.51908327577939,5.20381401347781
ENSSSCG00000005205,5.09155008803588,5.47769092133892
ENSSSCG00000004578,9.83312965874239,9.4085499564218
ENSSSCG00000005207,6.10037969122134,4.79337180674343
ENSSSCG00000004133,6.5427699361735,6.75444477071889
ENSSSCG00000005208,4.1834308748793,4.75676887724409
ENSSSCG00000004134,4.30602545950621,4.15500228440099
ENSSSCG00000036790,5.17173508044477,4.96508988599421
ENSSSCG00000039598,1.97399439525949,1.81164869165001
ENSSSCG00000032561,-1.44083485948891,0.231113683523015
ENSSSCG00000004136,4.09127915231119,4.64650181774026
ENSSSCG00000005211,1.36704606077518,1.4102627264044
ENSSSCG00000004138,5.11201800622837,5.71646846487136
ENSSSCG00000005212,4.20411167631061,3.81969630309561
ENSSSCG00000004199,6.2096103693055,5.72768785657784
ENSSSCG00000004139,1.97399439525949,3.5155405893943
ENSSSCG00000005216,-0.581735609749139,2.63831642849982
ENSSSCG00000004582,5.33064699839321,5.57359812688737
ENSSSCG00000004583,5.28284092709894,4.75170483466577
ENSSSCG00000004140,5.60731401621859,5.53972301194177
ENSSSCG00000005215,3.98943724956418,5.14322854733882
ENSSSCG00000004584,4.95179777390767,1.94777024234525
ENSSSCG00000004586,5.68923207150384,5.58408238461635
ENSSSCG00000004587,6.21252958067372,6.16232757223771
ENSSSCG00000004156,5.69237216821161,6.41491715175233
ENSSSCG00000004588,1.54433696419247,0.269413319240056
ENSSSCG00000005217,3.9962291455528,4.25621265626186
ENSSSCG00000004157,3.66224825281035,0.413188112875905
ENSSSCG00000004159,-0.289717603961706,-1.37962819886108
ENSSSCG00000023595,5.90309248627179,6.48880638763762
ENSSSCG00000004160,4.64759215779573,4.03785571239339
ENSSSCG00000004535,3.36448946922339,3.26848731736893
ENSSSCG00000005219,5.43805833567818,5.87623339037936
ENSSSCG00000026041,4.96050626508286,5.44145784622252
ENSSSCG00000004223,6.4487257821403,6.04441912938046
ENSSSCG00000004190,4.52848458975949,4.90705710793194
ENSSSCG00000005220,2.49886972135825,2.08294141053324
ENSSSCG00000039049,6.02350748049789,6.15659163563662
ENSSSCG00000042982,-0.94826101088964,-1.95450014976733
ENSSSCG00000056124,0.0606232623061967,0.852221766628148
ENSSSCG00000051776,0.682619433441756,2.03927655741885
ENSSSCG00000043234,-2.19461582859326,-0.650786169073976
ENSSSCG00000054958,-0.94826101088964,-0.969662564375006
ENSSSCG00000060676,-2.19461582859326,-0.331304090129519
ENSSSCG00000004191,4.97433142754565,1.93591281567592
ENSSSCG00000053418,0.160749279997622,1.32191137878578
ENSSSCG00000053718,2.95439396897898,2.35638466866671
ENSSSCG00000061171,-0.503005667143942,-1.16013180230037
ENSSSCG00000058961,-1.44083485948891,-0.51439395667637
ENSSSCG00000061136,-0.753389730293386,-0.275097240265819
ENSSSCG00000004192,7.04051593447373,6.91594523637546
ENSSSCG00000047530,-1.05654789507939,-2.14284221802902
ENSSSCG00000058411,1.42859580901325,0.877238412496071
ENSSSCG00000062003,0.111554715953384,1.67566381082393
ENSSSCG00000004201,1.0124140211341,-0.389789821758014
ENSSSCG00000005062,5.44552166727116,5.67069749800647
ENSSSCG00000004537,6.66555192676592,6.38415916514697
ENSSSCG00000004209,6.55547168326865,6.55085836737317
ENSSSCG00000057314,3.06835237360559,3.30582008798424
ENSSSCG00000050857,4.48568767572668,3.81646641771404
ENSSSCG00000058562,1.54433696419247,2.52416227528066
ENSSSCG00000005096,7.68779386279105,7.38465789510764
ENSSSCG00000004538,5.07239536750443,4.95337453350582
ENSSSCG00000005097,3.77712447056215,3.82291897360472
ENSSSCG00000005098,-0.103938698558373,-2.92464516734468
ENSSSCG00000041512,1.81406255392592,1.42730178812359
ENSSSCG00000004541,5.24056439270157,5.37055321163737
ENSSSCG00000024867,-1.44083485948891,-0.724143750785594
ENSSSCG00000047303,-0.94826101088964,-1.16013180230037
ENSSSCG00000023408,4.99312726076916,4.07886969512575
ENSSSCG00000004542,6.99631212230428,7.04436016599178
ENSSSCG00000035715,1.63416494499211,2.49213147082896
ENSSSCG00000005102,4.56320375853828,5.05142231151614
ENSSSCG00000004543,3.46093196454201,3.9103494631119
ENSSSCG00000004544,5.59170304654643,5.52594707030317
ENSSSCG00000038602,0.299003801631898,-0.168854921246468
ENSSSCG00000005066,5.37691961468825,5.29249997537808
ENSSSCG00000004545,-1.44083485948891,-1.16013180230037
ENSSSCG00000004215,2.51787418640574,2.2065257784872
ENSSSCG00000004216,5.8976614270776,5.2331786101303
ENSSSCG00000004547,4.44406829116839,3.37770673814231
ENSSSCG00000004217,5.82035549215967,5.64998003524179
ENSSSCG00000004163,7.37089355071289,7.70089519228186
ENSSSCG00000004218,3.06835237360559,2.49213147082896
ENSSSCG00000057184,2.02801948508034,1.32191137878578
ENSSSCG00000004220,3.02251316077076,3.2919332629483
ENSSSCG00000004221,4.61927445861329,4.26808341807603
ENSSSCG00000004548,0.384321665410682,-1.16013180230037
ENSSSCG00000004222,5.12136768000582,5.62435050176156
ENSSSCG00000004549,4.69010062728508,4.12398488641457
ENSSSCG00000004165,3.93037748785939,3.9103494631119
ENSSSCG00000004550,7.14085007162931,6.70508654382801
ENSSSCG00000004551,5.9103022402517,6.28014306745879
ENSSSCG00000004202,-1.76904577456744,-1.37962819886108
ENSSSCG00000004552,4.84109194060761,4.63187677274518
ENSSSCG00000004554,1.96016598715194,1.60254171360028
ENSSSCG00000004203,4.19233040070992,4.10822247590328
ENSSSCG00000004558,5.28145148796963,5.52989649468017
ENSSSCG00000004204,-1.05654789507939,-1.26570965698543
ENSSSCG00000004205,5.57705431606855,4.86702974547515
ENSSSCG00000034137,8.11829597375367,5.67961311797192
ENSSSCG00000062397,4.80286396678703,4.5330195869449
ENSSSCG00000037275,1.94620374824525,0.480036609493032
ENSSSCG00000004207,5.03330566363119,5.3314888112948
ENSSSCG00000054762,4.34910791583901,5.42670592057425
ENSSSCG00000052089,0.54116651967454,1.18835828160125
ENSSSCG00000042703,6.70598930602023,6.53816954971378
ENSSSCG00000053390,-1.1736270562095,-0.275097240265819
ENSSSCG00000033894,1.90348749886982,2.46763286697893
ENSSSCG00000005065,5.25337793971256,5.73711351237911
ENSSSCG00000059141,0.985360575284754,1.67566381082393
ENSSSCG00000059897,-1.1736270562095,-1.37962819886108
ENSSSCG00000031332,5.16722820003293,5.57264122366452
ENSSSCG00000056139,3.28351773124027,4.34631353672184
ENSSSCG00000050757,2.53663155909393,1.32191137878578
ENSSSCG00000005067,-0.503005667143942,1.0847773181148
ENSSSCG00000062659,1.36704606077518,0.066857978120369
ENSSSCG00000060884,1.03896948409484,1.4441419554549
ENSSSCG00000061752,1.16487493893756,1.30357276293605
ENSSSCG00000056433,3.47558721383388,3.18579456145464
ENSSSCG00000057631,-3.86672707663002,-0.883096611932229
ENSSSCG00000052935,-1.44083485948891,-1.16013180230037
ENSSSCG00000052386,-1.44083485948891,-1.06175616837389
ENSSSCG00000034124,5.00496199288669,4.50319725601001
ENSSSCG00000060280,1.70220582089016,1.24711535386201
ENSSSCG00000059265,-1.76904577456744,-0.883096611932229
ENSSSCG00000021588,6.11136973794389,3.84210527044791
ENSSSCG00000050451,1.68549407120461,2.57091330440077
ENSSSCG00000063217,0.111554715953384,0.774458752770575
ENSSSCG00000055354,4.1257553539808,3.6229761539042
ENSSSCG00000058521,-0.581735609749139,-0.883096611932229
ENSSSCG00000018450,-1.3010534406464,-1.26570965698543
ENSSSCG00000018972,0.841916534859911,0.343090997642991
ENSSSCG00000004561,6.64571028104189,6.64626873240859
ENSSSCG00000038786,2.98202879182519,1.57222259459841
ENSSSCG00000025013,5.77664380494981,5.32809069071346
ENSSSCG00000028737,5.07720794266474,5.21489589643943
ENSSSCG00000005052,2.72012870992577,3.34669612062099
ENSSSCG00000004822,5.15210276322738,5.00819417535218
ENSSSCG00000032332,4.94479293377898,5.20628402100338
ENSSSCG00000004825,5.22907823978339,4.15500228440099
ENSSSCG00000005054,7.1075213083675,6.87072764664398
ENSSSCG00000004795,6.6987208587021,6.9339408666559
ENSSSCG00000004732,-0.0469734082326686,-0.450747065242323
ENSSSCG00000005055,8.07784759538509,8.9006313134161
ENSSSCG00000005056,1.46821691359075,0.747577553315015
ENSSSCG00000005057,1.88896298917059,2.40019345180835
ENSSSCG00000040895,1.61664122769751,1.39302001591966
ENSSSCG00000005058,2.74453636267091,3.39945604730476
ENSSSCG00000032949,4.28953196919945,5.0236818784366
ENSSSCG00000004565,6.91934037512576,3.57790831911178
ENSSSCG00000005060,7.82334540110806,7.52730280682287
ENSSSCG00000026571,5.4919134282056,5.07188310834469
ENSSSCG00000004744,5.07239536750443,6.49134039224975
ENSSSCG00000023158,5.46523716534922,5.29945736955974
ENSSSCG00000004661,4.3727881211328,4.07617140800971
ENSSSCG00000004569,4.38836170930527,4.2297479873508
ENSSSCG00000004570,12.008269126832,10.2877228756801
ENSSSCG00000004820,4.01975209752896,4.21265050656083
ENSSSCG00000033800,1.0124140211341,0.774458752770575
ENSSSCG00000004821,4.09127915231119,4.31002715611895
ENSSSCG00000005071,5.39758841209093,3.96095768663371
ENSSSCG00000004839,-0.428350711608159,-0.220998320347156
ENSSSCG00000049460,0.160749279997622,-2.35951718500686
ENSSSCG00000022299,6.74381148435045,6.53571654585368
ENSSSCG00000004826,6.18900880514129,4.58898459175176
ENSSSCG00000055131,2.9403754844187,-0.801432154592459
ENSSSCG00000005072,6.44624780663995,5.99884188029321
ENSSSCG00000004823,5.73563064221578,6.01513432078101
ENSSSCG00000005073,5.01836958180639,5.25958099442847
ENSSSCG00000030560,5.66705791804507,6.96380856486567
ENSSSCG00000004662,1.76718173794872,1.6898537845966
ENSSSCG00000004663,3.24411724595056,4.25859463547142
ENSSSCG00000024088,5.10732034856821,5.02508164166495
ENSSSCG00000026900,3.66651243189212,3.23500937773475
ENSSSCG00000027270,3.01584416771585,3.42088233897337
ENSSSCG00000005076,3.95149927684613,4.37294166379433
ENSSSCG00000043519,0.503524755598007,0.692264219933096
ENSSSCG00000004830,4.61927445861329,4.38170959683214
ENSSSCG00000031856,4.52848458975949,3.30120598251763
ENSSSCG00000054906,-0.163246077098895,0.231113683523015
ENSSSCG00000005103,3.90894186476187,4.33507177356231
ENSSSCG00000004832,6.18381211666626,6.18191193269351
ENSSSCG00000037343,4.65619464212079,4.04339208042293
ENSSSCG00000005105,3.76524480197547,3.6738354311559
ENSSSCG00000005106,6.01684309282442,5.36171700432071
ENSSSCG00000004840,1.87429076377796,2.11484407452863
ENSSSCG00000026006,5.67448723536032,5.69728074989801
ENSSSCG00000035223,3.93391933051826,5.36834922837073
ENSSSCG00000004739,4.72117969736534,5.79323146157889
ENSSSCG00000004813,2.71190019265781,2.53206007975693
ENSSSCG00000005749,6.41427477987784,7.03048856111633
ENSSSCG00000056777,2.53663155909393,2.50823576496658
ENSSSCG00000004745,5.50744789675952,5.52594707030317
ENSSSCG00000028771,6.48659991437907,6.48066753313694
ENSSSCG00000035284,5.76376542505159,6.32401892895472
ENSSSCG00000004785,4.99312726076916,4.57567323682998
ENSSSCG00000055844,4.8801701155481,4.604048679891
ENSSSCG00000030487,3.93391933051826,4.15500228440099
ENSSSCG00000039061,5.91209906306551,5.90160287017171
ENSSSCG00000057874,3.7290073427632,3.54315879779995
ENSSSCG00000058109,-1.44083485948891,-0.724143750785594
ENSSSCG00000038452,1.52568015604393,2.26456216861488
ENSSSCG00000055636,-0.94826101088964,-1.06175616837389
ENSSSCG00000055290,3.33264401901423,3.51951856546125
ENSSSCG00000004787,3.76921557047862,4.42900326765567
ENSSSCG00000035254,4.01307029934895,4.26334682787085
ENSSSCG00000040418,3.89447243966319,3.6702614901974
ENSSSCG00000005081,5.92104976151291,6.24873600601939
ENSSSCG00000004802,4.56091496174106,5.12637248526771
ENSSSCG00000004789,8.07524393251933,9.1519386865211
ENSSSCG00000005742,2.83823600625996,1.12710621877915
ENSSSCG00000005082,7.50670859204274,7.79189332661242
ENSSSCG00000004791,2.53663155909393,1.71782176674871
ENSSSCG00000005740,2.16693335253786,2.05031729144738
ENSSSCG00000005083,4.86169341347863,5.1738392901847
ENSSSCG00000004799,4.7374854445382,5.26906331311195
ENSSSCG00000004792,5.30489187017898,4.35524429954774
ENSSSCG00000005084,5.7933131467629,6.0256615516609
ENSSSCG00000005743,4.90022485631319,5.40321518869213
ENSSSCG00000039393,3.97231628882701,4.00134198627368
ENSSSCG00000005598,0.254375037426665,0.996201015194988
ENSSSCG00000005087,1.4485423725996,-0.969662564375006
ENSSSCG00000005089,3.67922986478886,4.01549530322572
ENSSSCG00000005090,4.59933912801104,4.12136974834769
ENSSSCG00000005600,5.77466998295522,5.73369312204209
ENSSSCG00000024529,3.85017251810914,4.14731022893322
ENSSSCG00000004834,5.06272178606028,4.77518642149061
ENSSSCG00000005599,4.04944303763635,3.26848731736893
ENSSSCG00000005092,4.11954792373899,4.21510544437685
ENSSSCG00000050569,-1.44083485948891,-1.16013180230037
ENSSSCG00000005601,10.7692681638047,8.13252248091848
ENSSSCG00000054331,4.76757071188454,5.56592507063441
ENSSSCG00000055023,0.715917087066103,0.44699951176586
ENSSSCG00000005095,4.68800468918455,4.15500228440099
ENSSSCG00000062543,-2.19461582859326,-0.801432154592459
ENSSSCG00000059729,6.39191517958117,6.96963592069601
ENSSSCG00000044231,-0.289717603961706,-0.450747065242323
ENSSSCG00000005602,6.04741104930092,6.26718907114323
ENSSSCG00000060230,-0.103938698558373,-0.724143750785594
ENSSSCG00000052653,-1.3010534406464,-0.650786169073976
ENSSSCG00000061900,5.61615930946387,5.70777839900036
ENSSSCG00000060612,-1.3010534406464,-0.801432154592459
ENSSSCG00000058801,0.464874497983746,0.774458752770575
ENSSSCG00000056778,1.66858646664768,3.01597647269275
ENSSSCG00000042837,0.985360575284754,0.0226960489355265
ENSSSCG00000051146,-1.96619539223541,-0.580978849888471
ENSSSCG00000061741,0.0606232623061967,1.0847773181148
ENSSSCG00000060976,3.58775966357871,4.10557858270465
ENSSSCG00000053803,0.299003801631898,0.949786352523971
ENSSSCG00000060694,-1.05654789507939,-2.35951718500686
ENSSSCG00000053134,-0.428350711608159,1.16822850108867
ENSSSCG00000062562,-0.289717603961706,-1.95450014976733
ENSSSCG00000062715,-0.94826101088964,-1.78793082929158
ENSSSCG00000055525,0.613625923982859,1.28499803379961
ENSSSCG00000059991,-0.94826101088964,-0.969662564375006
ENSSSCG00000057496,3.59672528820647,2.66729142251727
ENSSSCG00000004814,5.58833574791948,5.20133976985127
ENSSSCG00000026425,0.425160216794395,-0.650786169073976
ENSSSCG00000029169,5.84219580214831,5.51702113575164
ENSSSCG00000005604,5.57931767086387,4.45416094358552
ENSSSCG00000036926,4.87280780620412,4.72611450829995
ENSSSCG00000032752,4.32233251871581,4.54086918328405
ENSSSCG00000031426,4.82210456874677,5.14064809118109
ENSSSCG00000005607,4.65189981179729,4.60592067913217
ENSSSCG00000004725,4.98972800025711,5.38152290423251
ENSSSCG00000004728,1.85946778722825,1.37556872975422
ENSSSCG00000005608,8.19039992450575,7.29612416827843
ENSSSCG00000004729,6.67774978289277,7.27892011030657
ENSSSCG00000004730,6.86286099325428,6.83486208659894
ENSSSCG00000033472,-0.753389730293386,0.109708133942356
ENSSSCG00000004731,6.48479000640912,6.47299543037272
ENSSSCG00000004746,2.35833005876887,1.74525785846237
ENSSSCG00000004747,5.98390590948962,6.13859924777479
ENSSSCG00000032141,4.31148165176031,3.72296265486798
ENSSSCG00000004659,-0.0469734082326686,0.269413319240056
ENSSSCG00000004666,5.11981360279319,5.77087867741564
ENSSSCG00000037384,5.70590082621033,5.68759033797494
ENSSSCG00000004668,3.14980110290371,3.16054291465792
ENSSSCG00000004670,0.299003801631898,0.231113683523015
ENSSSCG00000004671,2.83823600625996,3.10338271409922
ENSSSCG00000035964,-0.581735609749139,-2.14284221802902
ENSSSCG00000004672,2.73644627303554,4.92815897360019
ENSSSCG00000004673,1.23546043280176,1.30357276293605
ENSSSCG00000004674,2.05429183424595,2.49213147082896
ENSSSCG00000004675,1.78297855012575,0.692264219933096
ENSSSCG00000004676,0.0606232623061967,0.109708133942356
ENSSSCG00000004678,1.16487493893756,0.692264219933096
ENSSSCG00000024912,4.87833305750333,5.01525465829873
ENSSSCG00000038220,5.68082491248153,6.51544302182136
ENSSSCG00000005751,9.14882642781704,7.0618551986271
ENSSSCG00000023333,-1.44083485948891,-0.969662564375006
ENSSSCG00000029414,-1.76904577456744,-0.118530588140316
ENSSSCG00000029715,2.9403754844187,2.15631236722569
ENSSSCG00000023996,7.10320224585364,6.46011722458954
ENSSSCG00000031407,0.0606232623061967,-0.331304090129519
ENSSSCG00000023173,3.79281337669825,4.06532750825372
ENSSSCG00000021241,3.33264401901423,4.17531615838147
ENSSSCG00000040709,3.21530032635219,3.03277361541188
ENSSSCG00000024166,2.05429183424595,1.70390554777238
ENSSSCG00000032106,5.00159053564039,4.92666189067731
ENSSSCG00000031941,5.15362246287191,5.00677792283148
ENSSSCG00000035904,9.80009488370608,9.54671043133019
ENSSSCG00000035727,5.10575105732953,5.27613437479064
ENSSSCG00000038459,3.26113509577104,3.85160357557721
ENSSSCG00000040710,7.8582481868613,7.05570467772205
ENSSSCG00000005609,2.02801948508034,3.02719626934888
ENSSSCG00000062903,-0.94826101088964,0.066857978120369
ENSSSCG00000005610,4.88749504449792,2.41735114660964
ENSSSCG00000005611,3.74925152860503,3.71950850973016
ENSSSCG00000005613,4.36755934111703,4.32146499727924
ENSSSCG00000005614,6.46227908696071,7.24988254079598
ENSSSCG00000055491,3.19182504910006,3.04386403660711
ENSSSCG00000059456,5.8885639790959,4.54086918328405
ENSSSCG00000062610,3.39050069294677,2.22613179775697
ENSSSCG00000054501,1.82935696214862,0.901828647831401
ENSSSCG00000056855,2.06725074680192,1.39302001591966
ENSSSCG00000047673,-0.94826101088964,-0.51439395667637
ENSSSCG00000019358,-0.503005667143942,-2.92464516734468
ENSSSCG00000062001,-0.753389730293386,-0.650786169073976
ENSSSCG00000057762,0.384321665410682,0.996201015194988
ENSSSCG00000037405,1.21231354325694,0.877238412496071
ENSSSCG00000037372,2.70362447409169,2.55549734854186
ENSSSCG00000029697,6.45920995176325,6.84876224963496
ENSSSCG00000049216,-0.289717603961706,0.901828647831401
ENSSSCG00000027726,3.34333746438284,4.07886969512575
ENSSSCG00000037508,9.27592939007782,9.25559446337722
ENSSSCG00000036639,7.47089016125324,7.34092956275518
ENSSSCG00000005518,6.18900880514129,6.67686814370583
ENSSSCG00000038036,0.957790112127212,0.378565244869403
ENSSSCG00000005528,5.52868469800461,5.26076969820633
ENSSSCG00000005529,6.58505678803743,6.21356389685428
ENSSSCG00000005530,1.90348749886982,1.63223675073198
ENSSSCG00000030089,5.28838534066288,5.03484214068959
ENSSSCG00000005532,4.41394983039547,4.16265354534145
ENSSSCG00000005533,1.73505954565087,0.480036609493032
ENSSSCG00000004679,4.22160514102507,4.05714075698815
ENSSSCG00000004687,7.85498249613622,7.0433244095358
ENSSSCG00000061749,-1.05654789507939,-1.50331917830221
ENSSSCG00000004684,5.75678299993223,5.77254636844501
ENSSSCG00000004691,5.81844061647371,5.40106057890382
ENSSSCG00000035827,5.23051901992888,5.34500181549893
ENSSSCG00000004334,5.2800607094011,5.4182080252534
ENSSSCG00000051899,8.9408996218654,7.61844811180823
ENSSSCG00000004040,5.28284092709894,4.38389327925118
ENSSSCG00000004044,6.90497538540457,7.28272849608506
ENSSSCG00000004039,1.40836959521317,2.39153747277534
ENSSSCG00000004332,0.748463530495347,1.77218191355614
ENSSSCG00000061618,-0.847537601777033,-1.95450014976733
ENSSSCG00000027974,4.58589420574893,4.5330195869449
ENSSSCG00000034239,4.09127915231119,4.42051893344859
ENSSSCG00000038300,-2.46613199464794,-0.389789821758014
ENSSSCG00000029687,5.37431506969936,5.27142418657703
ENSSSCG00000005399,5.78353099290069,5.87623339037936
ENSSSCG00000005617,5.85252543315812,5.34500181549893
ENSSSCG00000005618,7.45649472787114,7.03917393163391
ENSSSCG00000005616,4.77351320537421,3.95509510037533
ENSSSCG00000005619,3.09390678499242,2.73728085074703
ENSSSCG00000005620,3.77317544011881,3.71257530994849
ENSSSCG00000005621,7.1677970477488,7.03466406502313
ENSSSCG00000005626,4.87833305750333,4.97091207901493
ENSSSCG00000005625,6.34679313952522,5.29945736955974
ENSSSCG00000005627,6.14918870902988,5.06645520653599
ENSSSCG00000005623,7.46141144416693,6.29935854969181
ENSSSCG00000005628,7.64359499595487,5.08133307267156
ENSSSCG00000005629,0.208321522646333,-1.95450014976733
ENSSSCG00000032481,5.59170304654643,4.78016884887681
ENSSSCG00000005631,5.92728237232694,6.3319577753385
ENSSSCG00000005636,4.80479961529095,4.80645503143421
ENSSSCG00000022655,4.31420202921624,4.47684299811982
ENSSSCG00000022295,4.32503253135323,4.45416094358552
ENSSSCG00000005640,6.16810878530189,6.24513702063325
ENSSSCG00000005641,4.79898486119705,3.52744176235384
ENSSSCG00000005643,7.56611555933641,6.60380863323554
ENSSSCG00000032748,5.19406068308839,4.59276538571074
ENSSSCG00000005645,5.01502934795898,5.23559889306414
ENSSSCG00000005646,6.75636840307777,6.68972303286143
ENSSSCG00000005648,5.05786056230983,4.46863617933797
ENSSSCG00000005649,5.72340286451478,5.39890274647483
ENSSSCG00000005650,6.71990444996258,4.55644139906733
ENSSSCG00000005651,7.38745654114464,6.9987810243723
ENSSSCG00000005652,4.61707297662944,4.84817422751139
ENSSSCG00000005654,8.86593656175269,9.1548986903765
ENSSSCG00000005655,7.3919701764954,7.37013676666938
ENSSSCG00000005656,8.08264204733358,8.04294948123568
ENSSSCG00000005657,4.09127915231119,3.6486298984635
ENSSSCG00000063201,3.77317544011881,2.9169117185231
ENSSSCG00000005659,5.85719638138051,5.67159154346099
ENSSSCG00000005660,6.32537813595348,5.88705073214365
ENSSSCG00000005661,2.10544337267369,1.04116884334027
ENSSSCG00000005662,3.44115713916546,3.46280327898759
ENSSSCG00000005663,2.83823600625996,2.89257939860165
ENSSSCG00000005664,5.51337843402614,5.22345666992365
ENSSSCG00000005665,1.23546043280176,0.6051024001257
ENSSSCG00000005666,3.63204079352504,3.42088233897337
ENSSSCG00000005667,5.97361822589803,6.17183707752541
ENSSSCG00000005668,5.59058148670951,5.97441527176338
ENSSSCG00000005669,5.38470515551523,5.28434038091087
ENSSSCG00000056456,2.23742062690637,1.50960316311779
ENSSSCG00000054966,1.06504496640639,1.74525785846237
ENSSSCG00000005638,6.90632819570782,9.64909730241116
ENSSSCG00000035245,0.208321522646333,-0.0699026685752995
ENSSSCG00000004144,4.82782706508037,5.67248503521411
ENSSSCG00000004145,4.64110646418985,3.7903636675655
ENSSSCG00000004146,5.46278741211375,5.40321518869213
ENSSSCG00000004147,7.08778416768976,7.17525440114196
ENSSSCG00000004148,5.09471796121594,6.08860049950081
ENSSSCG00000060537,-1.05654789507939,0.512334077457971
ENSSSCG00000034213,0.87176904556138,1.89974434301656
ENSSSCG00000005169,10.0193751624314,9.52300496712814
ENSSSCG00000005170,4.43159525549974,5.41394023292604
ENSSSCG00000035863,3.40588525623016,4.13957694159375
ENSSSCG00000027257,6.61459920885007,6.214791111056
ENSSSCG00000056034,1.16487493893756,-1.95450014976733
ENSSSCG00000005393,3.07478353700702,1.37556872975422
ENSSSCG00000042524,-0.847537601777033,-0.168854921246468
ENSSSCG00000038171,4.26443270150265,3.88590526779945
ENSSSCG00000005398,7.50492375157131,7.82079226983667
ENSSSCG00000042952,-2.19461582859326,-0.331304090129519
ENSSSCG00000049199,3.22689625712143,3.26375205522008
ENSSSCG00000005471,2.85327760027406,3.73669712447758
ENSSSCG00000005472,4.30602545950621,6.28072913080747
ENSSSCG00000005474,2.13035473334754,2.32035389170899
ENSSSCG00000047560,0.464874497983746,-2.35951718500686
ENSSSCG00000005475,1.38785577819136,0.6051024001257
ENSSSCG00000005477,5.80399745735102,6.00523911295465
ENSSSCG00000023714,3.44115713916546,2.72355196361232
ENSSSCG00000034278,5.88582352032607,6.3296939877421
ENSSSCG00000033177,4.57232280648654,4.27280450820072
ENSSSCG00000024648,5.18070682236096,5.13417668546501
ENSSSCG00000027688,4.09444761981556,4.08693440817365
ENSSSCG00000020987,4.64759215779573,5.4949668334247
ENSSSCG00000021173,2.50840324662494,2.73043273786855
ENSSSCG00000039861,3.60118729289602,3.49548449808059
ENSSSCG00000005478,4.77548860956428,4.93562117368516
ENSSSCG00000005479,0.613625923982859,0.6051024001257
ENSSSCG00000005480,5.33333150961055,6.05542072752603
ENSSSCG00000053708,6.51466264947226,5.99384656892297
ENSSSCG00000005425,7.14238166461649,7.92118507980751
ENSSSCG00000054150,2.86073999404779,3.85790121470869
ENSSSCG00000005426,5.21749990436263,5.12637248526771
ENSSSCG00000039896,4.07212081022427,3.6774005403821
ENSSSCG00000053150,-1.1736270562095,0.480036609493032
ENSSSCG00000004803,3.22110994226279,-3.32011714393106
ENSSSCG00000004806,1.46821691359075,1.73160503149834
ENSSSCG00000004807,5.74170588501024,4.94008003692927
ENSSSCG00000033657,1.56275558109478,0.0226960489355265
ENSSSCG00000027232,-1.1736270562095,1.46078781820194
ENSSSCG00000004811,1.84449092952033,2.10428804524604
ENSSSCG00000056845,2.5272833570641,2.94084044994871
ENSSSCG00000044690,2.13035473334754,2.5785599463218
ENSSSCG00000031669,4.10705235861764,3.53138710266873
ENSSSCG00000005671,6.32537813595348,6.21662997723036
ENSSSCG00000005672,7.43165661777061,7.3892848258149
ENSSSCG00000005673,3.58775966357871,3.82934279843556
ENSSSCG00000061305,2.27141351306507,1.81164869165001
ENSSSCG00000005678,3.71260494319628,3.70560863013466
ENSSSCG00000005679,4.27564187482818,4.42688685721638
ENSSSCG00000005680,-0.289717603961706,-0.883096611932229
ENSSSCG00000005688,3.49489880474933,4.99825108672537
ENSSSCG00000005683,5.60620453166219,5.78746946769402
ENSSSCG00000034518,4.93951689313395,4.86077191459508
ENSSSCG00000030426,5.23339627078804,5.03484214068959
ENSSSCG00000024341,5.47863695333357,5.69288408447631
ENSSSCG00000038868,6.90632819570782,6.79398259040677
ENSSSCG00000039311,6.35077330308386,6.50494763420472
ENSSSCG00000005699,0.384321665410682,1.71782176674871
ENSSSCG00000056056,0.780291912538719,-0.969662564375006
ENSSSCG00000046947,2.27141351306507,2.17660793203872
ENSSSCG00000060776,6.52174097512209,7.19466523568427
ENSSSCG00000005689,6.39769797215881,5.82732835903165
ENSSSCG00000051973,-1.3010534406464,0.378565244869403
ENSSSCG00000004047,4.85983266151564,4.79172802969459
ENSSSCG00000004048,6.06366850491424,5.99741641251767
ENSSSCG00000004049,4.8579695065016,4.08961265864818
ENSSSCG00000004050,6.22487074984103,6.27720917425577
ENSSSCG00000040317,4.44655000981704,4.89791810285523
ENSSSCG00000004053,3.26113509577104,2.78432850690455
ENSSSCG00000004055,5.56910449390865,5.51303625797358
ENSSSCG00000004058,9.42085221604593,9.89450967678956
ENSSSCG00000004057,2.06725074680192,2.91086700396588
ENSSSCG00000033107,6.227759276163,6.45908198478453
ENSSSCG00000024876,6.03509659074655,6.08726105593196
ENSSSCG00000018530,-1.1736270562095,-0.118530588140316
ENSSSCG00000004052,7.60856464260467,6.86096296668407
ENSSSCG00000058272,-0.847537601777033,-2.92464516734468
ENSSSCG00000053023,1.42859580901325,1.32191137878578
ENSSSCG00000060777,-0.753389730293386,-0.801432154592459
ENSSSCG00000052920,1.50677891522418,2.73728085074703
ENSSSCG00000046349,0.0606232623061967,-0.168854921246468
ENSSSCG00000061525,-0.428350711608159,-0.51439395667637
ENSSSCG00000056817,-1.44083485948891,0.109708133942356
ENSSSCG00000005524,6.41554206436655,5.92428519067748
ENSSSCG00000061402,0.384321665410682,-1.50331917830221
ENSSSCG00000062745,-0.428350711608159,0.747577553315015
ENSSSCG00000004572,1.90348749886982,2.35638466866671
ENSSSCG00000004573,4.00971775935811,3.66308693729257
ENSSSCG00000036431,5.4504758580435,6.62010954643842
ENSSSCG00000039009,4.31148165176031,3.98991850383546
ENSSSCG00000060679,0.160749279997622,-1.50331917830221
ENSSSCG00000005282,4.61265990889702,5.34388055351079
ENSSSCG00000004699,-0.289717603961706,1.18835828160125
ENSSSCG00000004700,10.9839405144877,8.29856117855238
ENSSSCG00000004701,5.54730294148209,4.68597262264268
ENSSSCG00000004702,3.753266499184,1.85006449232
ENSSSCG00000004703,5.28700123358954,4.20526052872888
ENSSSCG00000004704,5.50268585138767,6.08993870064144
ENSSSCG00000004705,6.52409272053092,5.9561869464862
ENSSSCG00000031949,6.51466264947226,6.59582409338457
ENSSSCG00000004708,4.66047672489061,4.73298310065254
ENSSSCG00000004710,3.1375659430197,3.23016276139433
ENSSSCG00000048742,0.342293330875861,0.543924309209927
ENSSSCG00000057474,4.17147879379691,4.04062655214545
ENSSSCG00000027161,4.8429770056715,4.73126901584918
ENSSSCG00000005247,6.1741111786846,6.49437533436851
ENSSSCG00000005249,4.65833727221863,5.41714226018337
ENSSSCG00000061837,0.425160216794395,0.800848232904328
ENSSSCG00000056909,-1.5956269400881,-0.650786169073976
ENSSSCG00000032999,3.26113509577104,3.03832948289955
ENSSSCG00000005109,0.425160216794395,0.480036609493032
ENSSSCG00000005110,8.25004242179032,8.8378009580641
ENSSSCG00000037292,5.26044770698136,0.800848232904328
ENSSSCG00000020666,5.24769707535591,5.00960903894158
ENSSSCG00000004736,1.11582327058225,-0.0228605115491758
ENSSSCG00000004737,4.36493782736741,4.73126901584918
ENSSSCG00000057430,2.00125981237482,2.88025759321149
ENSSSCG00000004166,5.65959014452056,5.92578474064936
ENSSSCG00000004167,6.029313672447,6.65894718659204
ENSSSCG00000060550,3.88352433256059,3.9521548491966
ENSSSCG00000004169,5.75277781731683,5.34612220671944
ENSSSCG00000004170,3.59224944048779,2.21636209324052
ENSSSCG00000004311,4.94127771809311,5.05004788528313
ENSSSCG00000060394,1.16487493893756,1.60254171360028
ENSSSCG00000039953,6.79680437237971,7.30306414864837
ENSSSCG00000051930,-0.289717603961706,0.720185961482743
ENSSSCG00000032781,2.96135245902405,2.301995340821
ENSSSCG00000060291,-0.665011214899346,-1.63861791175253
ENSSSCG00000004314,6.42312248267776,7.10452101176256
ENSSSCG00000024249,0.503524755598007,-2.35951718500686
ENSSSCG00000004317,6.27878756205408,5.75493871736249
ENSSSCG00000004318,5.41543385110599,5.71299871734008
ENSSSCG00000004322,5.96325665488322,7.05090274505041
ENSSSCG00000004324,5.22619235569093,5.1624362381228
ENSSSCG00000027558,6.79193340806169,4.18286071986411
ENSSSCG00000005378,5.08519339692366,5.16751539160792
ENSSSCG00000005379,7.11065434314949,6.03124482250725
ENSSSCG00000005380,7.57323039604216,6.27250249952647
ENSSSCG00000005382,5.61615930946387,7.15653708315873
ENSSSCG00000042369,4.28121397068151,4.4870363037077
ENSSSCG00000005383,5.50149287996121,4.96654763850459
ENSSSCG00000038914,6.95245821372994,6.00665687614456
ENSSSCG00000005701,3.40588525623016,3.32867182123474
ENSSSCG00000042995,1.14055756446698,1.26618103197673
ENSSSCG00000005702,5.80882792753602,5.89166202131984
ENSSSCG00000005704,3.51868035856767,3.88898353817468
ENSSSCG00000005706,7.16704482703378,6.96526761199073
ENSSSCG00000005707,1.76718173794872,1.16822850108867
ENSSSCG00000005710,6.2139869742699,5.33035699352651
ENSSSCG00000034178,3.85765094873163,2.74409661085484
ENSSSCG00000005711,5.9246145497389,5.86063797560017
ENSSSCG00000041350,-0.94826101088964,-0.801432154592459
ENSSSCG00000055879,-1.1736270562095,-1.37962819886108
ENSSSCG00000028172,0.901016344624057,0.800848232904328
ENSSSCG00000005713,2.46988522199915,1.87511825059562
ENSSSCG00000005715,8.15858753414752,8.4000905014016
ENSSSCG00000055698,-1.3010534406464,-1.37962819886108
ENSSSCG00000005716,5.52751304124796,5.52396829632249
ENSSSCG00000005717,2.58248499665162,2.49213147082896
ENSSSCG00000031465,3.05540339708637,5.0292728010973
ENSSSCG00000005719,5.88765107111877,6.09860688229538
ENSSSCG00000004738,6.64030049792753,6.31317442565946
ENSSSCG00000004087,7.11534117489126,7.64395403885448
ENSSSCG00000004088,4.65404882514508,4.56801123857266
ENSSSCG00000004089,3.98602927327397,4.27280450820072
ENSSSCG00000050987,2.86816398685734,3.82934279843556
ENSSSCG00000042025,0.342293330875861,0.231113683523015
ENSSSCG00000004090,3.1799425944053,3.47923642708306
ENSSSCG00000031733,6.36001787017869,4.96800391953454
ENSSSCG00000004092,5.57251692603239,6.0959452923175
ENSSSCG00000032778,6.47934661895765,5.67961311797192
ENSSSCG00000032787,5.68503461596733,5.88935821911512
ENSSSCG00000004244,2.78431999506382,2.51622099743307
ENSSSCG00000004245,3.41097720151772,3.12443120470841
ENSSSCG00000004247,1.75121004166391,1.79861269456251
ENSSSCG00000004249,3.85765094873163,3.86103975528622
ENSSSCG00000062089,6.09959147502783,4.55062149769339
ENSSSCG00000004246,3.86879640775838,4.80156271552
ENSSSCG00000054004,-0.581735609749139,-1.63861791175253
ENSSSCG00000005078,6.3886924729481,6.73874779636043
ENSSSCG00000032928,2.36883548604693,1.71782176674871
ENSSSCG00000037854,4.88566729592073,4.69830838228846
ENSSSCG00000034798,5.45541309441167,5.06100680599587
ENSSSCG00000027678,4.30328960568751,3.94329796990743
ENSSSCG00000051993,-1.76904577456744,0.109708133942356
ENSSSCG00000038033,4.4240593417276,4.20278876677973
ENSSSCG00000004771,3.79670908923159,3.52744176235384
ENSSSCG00000004772,5.53336183276853,5.68935707930839
ENSSSCG00000004774,5.9528201274254,6.16423449444889
ENSSSCG00000053306,2.85327760027406,3.21061181823215
ENSSSCG00000004776,0.841916534859911,0.774458752770575
ENSSSCG00000023975,5.74775565197219,5.51203831636048
ENSSSCG00000063043,1.46821691359075,1.89974434301656
ENSSSCG00000004779,1.21231354325694,1.61746563255219
ENSSSCG00000004781,1.66858646664768,3.47104325081593
ENSSSCG00000004782,1.75121004166391,0.543924309209927
ENSSSCG00000005720,4.08173178280619,3.65587652678976
ENSSSCG00000005723,-1.44083485948891,0.574837615712797
ENSSSCG00000045836,2.9956502008432,3.47104325081593
ENSSSCG00000005724,5.81748222468785,6.21540432690963
ENSSSCG00000005725,4.43909200990628,4.31461317996126
ENSSSCG00000005727,5.08200451728677,5.32922428713156
ENSSSCG00000005729,3.74925152860503,4.05165699907035
ENSSSCG00000005731,5.13835294556186,5.37824074553855
ENSSSCG00000039188,6.23997139892195,6.17120505689703
ENSSSCG00000022250,7.65597911522921,7.43053679866429
ENSSSCG00000046003,6.37181735741947,6.7284738877466
ENSSSCG00000032110,5.69654836046108,5.52000258755108
ENSSSCG00000005738,5.01168136260575,5.19637851600041
ENSSSCG00000031532,4.38059592931627,4.08156294502782
ENSSSCG00000004718,3.31645375125364,4.88564200432846
ENSSSCG00000022039,2.37926496751754,2.2065257784872
ENSSSCG00000044105,0.748463530495347,0.996201015194988
ENSSSCG00000044127,-0.94826101088964,-0.0228605115491758
ENSSSCG00000035719,3.91253665916296,3.87972895243467
ENSSSCG00000004726,4.26161674716101,4.02951111928058
ENSSSCG00000038735,6.03921310053112,5.52495802256905
ENSSSCG00000004719,4.93422148678126,5.27260317610932
ENSSSCG00000005506,4.03302356480932,3.83573814693226
ENSSSCG00000028117,5.06272178606028,5.30638137268466
ENSSSCG00000057386,-1.5956269400881,0.066857978120369
ENSSSCG00000054168,2.19081381452182,2.5785599463218
ENSSSCG00000028671,-2.80087696638474,0.343090997642991
ENSSSCG00000004748,5.20142643020371,5.13806301125535
ENSSSCG00000035544,4.59038978281825,4.41839003074282
ENSSSCG00000004750,4.06244538145152,4.21510544437685
ENSSSCG00000004751,6.83802937536617,6.62242328547677
ENSSSCG00000004752,2.80767400923913,3.18077946693977
ENSSSCG00000004753,5.24484823257263,6.03819366215193
ENSSSCG00000038521,1.87429076377796,1.26618103197673
ENSSSCG00000004755,4.429087655459,5.21734701963865
ENSSSCG00000004757,5.14905855304734,5.3201304771403
ENSSSCG00000004758,4.90924929725912,5.6427036533784
ENSSSCG00000004759,6.49741193748292,6.89389670565765
ENSSSCG00000004760,2.36883548604693,3.35562452275147
ENSSSCG00000004761,4.17147879379691,4.42900326765567
ENSSSCG00000004762,3.61889857689849,3.65948623662842
ENSSSCG00000061289,4.99990184785204,4.36633056646609
ENSSSCG00000004765,2.23742062690637,2.74409661085484
ENSSSCG00000004766,0.957790112127212,1.39302001591966
ENSSSCG00000042522,1.63416494499211,1.10609700495897
ENSSSCG00000036700,3.10022528325059,2.93489537211092
ENSSSCG00000048769,2.95439396897898,3.16054291465792
ENSSSCG00000004694,1.75121004166391,0.747577553315015
ENSSSCG00000004695,3.00914420339244,3.93438638112435
ENSSSCG00000040383,5.7325834001545,5.60107577969983
ENSSSCG00000054394,5.45541309441167,4.80970738278133
ENSSSCG00000004698,4.51672334355842,4.40984286515256
ENSSSCG00000024263,8.06397412382207,7.2284739150396
ENSSSCG00000004709,4.88566729592073,5.3314888112948
ENSSSCG00000004713,-3.86672707663002,0.191769503652254
ENSSSCG00000004714,-0.428350711608159,-0.168854921246468
ENSSSCG00000034771,5.15362246287191,5.29714196416816
ENSSSCG00000004716,4.76757071188454,4.43322679702533
ENSSSCG00000004717,5.3480076905691,5.54168030917606
ENSSSCG00000024623,5.48709974352884,5.5907147326928
ENSSSCG00000032702,4.18045212468739,4.95924410147895
ENSSSCG00000012014,4.9324520232231,4.88564200432846
ENSSSCG00000012000,5.41035763881071,5.08804534948429
ENSSSCG00000012001,3.16796145904304,1.88748384057387
ENSSSCG00000012002,2.82303593425957,2.94676112973231
ENSSSCG00000012004,0.160749279997622,-0.450747065242323
ENSSSCG00000037517,0.748463530495347,0.231113683523015
ENSSSCG00000012006,3.02915146757585,4.43743799797972
ENSSSCG00000012007,5.26044770698136,4.75508283732832
ENSSSCG00000038062,-0.289717603961706,0.634745314624147
ENSSSCG00000021038,6.92290938439373,5.93549400676765
ENSSSCG00000033025,4.82210456874677,4.83865324289385
ENSSSCG00000012018,-0.753389730293386,-1.16013180230037
ENSSSCG00000059268,0.384321665410682,-1.63861791175253
ENSSSCG00000062471,2.42024489322316,1.06313784412392
ENSSSCG00000052492,-0.289717603961706,-1.95450014976733
ENSSSCG00000063207,-1.05654789507939,-1.63861791175253
ENSSSCG00000045021,0.111554715953384,-0.220998320347156
ENSSSCG00000050085,2.79993126747808,1.89974434301656
ENSSSCG00000055111,1.66858646664768,1.39302001591966
ENSSSCG00000058638,0.384321665410682,-0.220998320347156
ENSSSCG00000050520,-0.225096418835447,-0.0699026685752995
ENSSSCG00000060148,1.85946778722825,1.12710621877915
ENSSSCG00000011491,5.95717785934945,5.77421213392367
ENSSSCG00000011493,4.7374854445382,5.35059509090639
ENSSSCG00000011494,5.81556352900097,5.55239823372795
ENSSSCG00000011495,5.26888594926454,5.09205777636976
ENSSSCG00000011489,2.09282450672441,4.5072093651604
ENSSSCG00000027617,0.111554715953384,0.231113683523015
ENSSSCG00000011492,7.5300053452501,7.10683637846605
ENSSSCG00000035818,3.10022528325059,2.03927655741885
ENSSSCG00000054111,0.682619433441756,0.151322202724095
ENSSSCG00000011485,5.74574188044406,5.21734701963865
ENSSSCG00000011486,-0.0469734082326686,-0.801432154592459
ENSSSCG00000011497,6.61680446603454,7.06696067838053
ENSSSCG00000011498,2.70362447409169,3.57025821344925
ENSSSCG00000011499,6.85494259773864,7.56074369282824
ENSSSCG00000011496,4.65189981179729,3.99849458442712
ENSSSCG00000011500,1.54433696419247,1.73160503149834
ENSSSCG00000011501,6.78655628372023,6.43506410523015
ENSSSCG00000033199,1.03896948409484,-0.450747065242323
ENSSSCG00000011504,4.60379306832259,4.35746837872483
ENSSSCG00000011510,5.65530542555803,5.33938677074289
ENSSSCG00000011506,5.94582026151599,5.74562917790958
ENSSSCG00000033154,6.27180731477945,5.61136294673016
ENSSSCG00000052599,0.0606232623061967,-0.450747065242323
ENSSSCG00000011511,5.59952964648119,5.84010858501519
ENSSSCG00000055133,-2.19461582859326,-1.06175616837389
ENSSSCG00000052080,0.648535071030343,1.20821105392266
ENSSSCG00000044457,-1.44083485948891,-0.969662564375006
ENSSSCG00000057885,0.254375037426665,-1.37962819886108
ENSSSCG00000011538,4.29229401201672,4.42051893344859
ENSSSCG00000023082,-0.503005667143942,1.49351421091838
ENSSSCG00000021585,-0.94826101088964,5.03206015835713
ENSSSCG00000023891,3.49009508734163,-0.389789821758014
ENSSSCG00000039010,-1.1736270562095,1.64685816540168
ENSSSCG00000036136,5.43930490855557,6.1045775669672
ENSSSCG00000011535,6.58730763276724,6.45493358092705
ENSSSCG00000034197,7.9065920371348,7.12261385775113
ENSSSCG00000011609,9.91784299878804,5.96860722766653
ENSSSCG00000028031,6.54566653224109,6.33478252368599
ENSSSCG00000011610,4.03632244315774,4.66098009076787
ENSSSCG00000026158,2.72012870992577,3.09274217814535
ENSSSCG00000033624,6.60740875347993,6.51344977811183
ENSSSCG00000011542,4.52848458975949,4.75170483466577
ENSSSCG00000011540,6.71939146055832,6.74598113400044
ENSSSCG00000011546,5.82798967969071,5.54265796289721
ENSSSCG00000054876,1.30275293821975,0.634745314624147
ENSSSCG00000011548,4.48327243218153,4.83706028537503
ENSSSCG00000011549,1.59890203838796,1.87511825059562
ENSSSCG00000011550,4.31148165176031,3.6229761539042
ENSSSCG00000011552,8.1260578119421,8.18590465100531
ENSSSCG00000011551,6.0579992111329,5.789941712083
ENSSSCG00000011555,4.57686080612584,4.08961265864818
ENSSSCG00000011557,0.00782776903463305,0.191769503652254
ENSSSCG00000032623,2.16693335253786,1.50960316311779
ENSSSCG00000011556,1.09065751143433,1.39302001591966
ENSSSCG00000011559,5.2377014163489,4.2418375966162
ENSSSCG00000011560,5.36253607657701,4.14987880700026
ENSSSCG00000011561,4.27004817449682,3.07663276352414
ENSSSCG00000011562,6.50338378818222,5.70341365770069
ENSSSCG00000011563,3.31645375125364,3.09807225595263
ENSSSCG00000011565,6.93930216544938,6.66389768268853
ENSSSCG00000011567,4.14115807597172,4.24424340870323
ENSSSCG00000011570,1.81406255392592,1.39302001591966
ENSSSCG00000011569,4.93068038675488,5.27260317610932
ENSSSCG00000011572,6.9507109901819,5.79569386014311
ENSSSCG00000023084,7.87100659575777,8.29522954227723
ENSSSCG00000011600,5.6531582845983,5.82008941515197
ENSSSCG00000011601,3.9409770362239,4.08693440817365
ENSSSCG00000011602,5.39758841209093,6.08457843226648
ENSSSCG00000011603,7.50343469589011,8.3645952735701
ENSSSCG00000011604,4.69219352483693,4.87014851127995
ENSSSCG00000011576,3.21530032635219,3.68804331147842
ENSSSCG00000011575,4.75360895729388,4.58329475791358
ENSSSCG00000030581,5.90489830540805,5.96496529036981
ENSSSCG00000011578,3.9196994873672,3.73669712447758
ENSSSCG00000023225,0.342293330875861,-0.331304090129519
ENSSSCG00000033000,5.35330768335951,6.08860049950081
ENSSSCG00000011579,-1.44083485948891,-0.801432154592459
ENSSSCG00000011580,3.87249250840552,4.40339909536784
ENSSSCG00000011581,3.27795454322447,2.28340015971318
ENSSSCG00000045850,-0.665011214899346,-0.883096611932229
ENSSSCG00000029877,4.51672334355842,4.66277970120763
ENSSSCG00000024453,6.94677198323305,6.84043823321443
ENSSSCG00000011583,1.75121004166391,1.28499803379961
ENSSSCG00000011582,4.84861746729931,3.7903636675655
ENSSSCG00000035811,9.58119375476742,9.27484334655608
ENSSSCG00000011587,7.3304832645439,6.98049917364626
ENSSSCG00000033303,4.86169341347863,4.33732714495905
ENSSSCG00000011589,7.90275647760079,7.84892609745046
ENSSSCG00000011592,5.79038545870158,5.35171114849729
ENSSSCG00000011593,4.69010062728508,4.69303453839473
ENSSSCG00000036643,4.99990184785204,5.1914001421066
ENSSSCG00000034318,4.05920576499752,3.78045207817825
ENSSSCG00000011594,4.37799801882217,5.04867214841348
ENSSSCG00000011598,4.73139236565213,4.44373184044422
ENSSSCG00000040702,4.39865148224228,4.76181520654838
ENSSSCG00000011599,1.18878921645065,0.413188112875905
ENSSSCG00000027812,5.43805833567818,5.75493871736249
ENSSSCG00000023354,5.30215386379215,5.61972549938371
ENSSSCG00000024552,6.16057050362179,6.43979482440185
ENSSSCG00000042319,-0.428350711608159,-0.801432154592459
ENSSSCG00000058190,-0.847537601777033,-0.331304090129519
ENSSSCG00000053849,-1.1736270562095,-1.37962819886108
ENSSSCG00000062440,-1.1736270562095,-0.389789821758014
ENSSSCG00000055775,-1.44083485948891,-1.37962819886108
ENSSSCG00000057327,3.04888506235996,3.83892522123326
ENSSSCG00000058457,2.00125981237482,1.26618103197673
ENSSSCG00000061213,-0.289717603961706,0.0226960489355265
ENSSSCG00000050913,-0.289717603961706,1.55682069776002
ENSSSCG00000056748,0.577851083508549,2.31120381804596
ENSSSCG00000056333,0.929682484613295,1.8626457560383
ENSSSCG00000061614,-1.76904577456744,0.191769503652254
ENSSSCG00000060036,-3.86672707663002,-0.389789821758014
ENSSSCG00000062195,0.208321522646333,-2.92464516734468
ENSSSCG00000023393,5.85719638138051,6.32117300616033
ENSSSCG00000011737,4.488098882623,4.64285943223665
ENSSSCG00000011746,5.28284092709894,5.68847397908818
ENSSSCG00000040946,3.24411724595056,3.6486298984635
ENSSSCG00000011751,6.3247037679788,6.3665997086137
ENSSSCG00000036114,7.21149789417955,6.39014620357339
ENSSSCG00000011738,5.0167004315769,4.70356301757871
ENSSSCG00000011739,5.14753403573471,4.95631230251377
ENSSSCG00000011740,0.841916534859911,0.413188112875905
ENSSSCG00000040950,4.80092571775472,0.543924309209927
ENSSSCG00000011741,5.58383375571635,5.34947816927362
ENSSSCG00000035525,0.254375037426665,-2.14284221802902
ENSSSCG00000011743,6.09485311292165,6.35551551766692
ENSSSCG00000048818,-1.44083485948891,-0.969662564375006
ENSSSCG00000039994,-0.94826101088964,-1.37962819886108
ENSSSCG00000026829,5.12447082125399,5.58218181426737
ENSSSCG00000024714,5.01836958180639,4.82906900742336
ENSSSCG00000029608,6.99842792754821,6.77455718643882
ENSSSCG00000035883,4.97948189710991,5.56592507063441
ENSSSCG00000051128,-1.76904577456744,-0.580978849888471
ENSSSCG00000030467,3.89447243966319,4.74662295402345
ENSSSCG00000011745,5.49551318070452,5.81686041072976
ENSSSCG00000028905,4.72527344407132,4.56223791697689
ENSSSCG00000011750,3.51868035856767,4.96654763850459
ENSSSCG00000011752,5.14905855304734,5.36724597282824
ENSSSCG00000020906,4.53782503655746,5.19264634704701
ENSSSCG00000011755,5.37431506969936,4.22244529248072
ENSSSCG00000026579,2.4403064491966,3.39513233689423
ENSSSCG00000035746,3.43116714475289,3.23500937773475
ENSSSCG00000029352,6.60240966880422,7.12195989619108
ENSSSCG00000011726,-2.19461582859326,1.4441419554549
ENSSSCG00000011727,3.87617916405051,4.5349859936346
ENSSSCG00000024205,3.91612251859602,4.79008237762343
ENSSSCG00000011747,5.21313395949095,2.94676112973231
ENSSSCG00000024916,5.56454199235209,5.52396829632249
ENSSSCG00000042044,-0.753389730293386,-1.95450014976733
ENSSSCG00000011723,6.58843173961554,6.66479595065472
ENSSSCG00000057007,-1.76904577456744,-0.801432154592459
ENSSSCG00000026718,6.74027587279993,6.51693614944275
ENSSSCG00000011666,0.54116651967454,-0.969662564375006
ENSSSCG00000027467,7.72583438960962,7.74297076018369
ENSSSCG00000031098,3.63639506216962,3.72640854973368
ENSSSCG00000036610,5.61946236275229,5.63171980341482
ENSSSCG00000025316,6.66128490356641,6.24333415553458
ENSSSCG00000028855,5.27308663423354,5.52396829632249
ENSSSCG00000025810,3.03575936923339,2.24547494246517
ENSSSCG00000030567,7.14772947170246,5.95177766290776
ENSSSCG00000027646,5.88582352032607,6.26778041938271
ENSSSCG00000011997,5.1747318645724,5.05827487020301
ENSSSCG00000011733,6.58054453602552,6.2789702260512
ENSSSCG00000032398,3.49489880474933,3.45451597397753
ENSSSCG00000034645,5.96412296715717,6.19565097316053
ENSSSCG00000036885,4.45643441302149,4.81619017188233
ENSSSCG00000011731,5.36122134330982,5.36724597282824
ENSSSCG00000032182,6.85120120195034,7.00162786149483
ENSSSCG00000011996,-1.44083485948891,-1.06175616837389
ENSSSCG00000027432,2.56431812880053,2.70271051943981
ENSSSCG00000027571,5.51692508969406,5.79897053409534
ENSSSCG00000011732,4.59263232899805,5.38697662977849
ENSSSCG00000031077,6.07253262655302,6.13146895815217
ENSSSCG00000023434,3.88718294062455,3.72296265486798
ENSSSCG00000045484,1.18878921645065,1.12710621877915
ENSSSCG00000025463,7.71763844326924,7.84258907166247
ENSSSCG00000021774,3.84641871528506,4.24424340870323
ENSSSCG00000022952,5.40781281905039,5.35282634338211
ENSSSCG00000029080,-0.428350711608159,0.692264219933096
ENSSSCG00000011720,6.79583149429281,7.26802550700881
ENSSSCG00000037044,7.56068471911924,7.76701211864038
ENSSSCG00000011624,3.46583360755166,3.64134668663261
ENSSSCG00000058656,1.63416494499211,1.39302001591966
ENSSSCG00000011623,5.48226994376601,5.6427036533784
ENSSSCG00000027556,3.38015241180071,2.94084044994871
ENSSSCG00000025651,4.76359540736435,4.79501371303781
ENSSSCG00000033185,4.55172328966111,5.28667640650282
ENSSSCG00000011650,5.07880857345122,5.65631690306686
ENSSSCG00000011653,4.60823330057767,4.55644139906733
ENSSSCG00000047511,-1.76904577456744,-1.06175616837389
ENSSSCG00000020984,3.60118729289602,2.70271051943981
ENSSSCG00000028623,3.93037748785939,1.74525785846237
ENSSSCG00000026018,5.43930490855557,5.24163189598151
ENSSSCG00000026130,1.46821691359075,0.574837615712797
ENSSSCG00000011729,5.39887043267462,3.80998487260463
ENSSSCG00000059377,-0.581735609749139,-0.650786169073976
ENSSSCG00000062045,-1.1736270562095,-1.06175616837389
ENSSSCG00000038366,1.58094201213036,2.44271105199964
ENSSSCG00000035935,3.30007972835331,0.109708133942356
ENSSSCG00000063368,2.05429183424595,3.37770673814231
ENSSSCG00000054093,-0.847537601777033,0.378565244869403
ENSSSCG00000060663,1.97399439525949,3.10867369649288
ENSSSCG00000057651,-1.44083485948891,0.413188112875905
ENSSSCG00000057188,-0.94826101088964,0.191769503652254
ENSSSCG00000045498,1.63416494499211,1.79861269456251
ENSSSCG00000054636,2.14265094238106,2.50823576496658
ENSSSCG00000048257,-0.503005667143942,-0.450747065242323
ENSSSCG00000060585,0.929682484613295,1.16822850108867
ENSSSCG00000057488,-0.503005667143942,-0.801432154592459
ENSSSCG00000011652,5.3171489986174,5.8878203046136
ENSSSCG00000052282,3.79281337669825,3.89205525444354
ENSSSCG00000053584,2.17892299365621,2.60874755476081
ENSSSCG00000062818,-0.94826101088964,-0.168854921246468
ENSSSCG00000042151,2.70362447409169,2.87405700009082
ENSSSCG00000054668,2.15484323487455,1.32191137878578
ENSSSCG00000059095,8.24773192788403,8.35000938192871
ENSSSCG00000021508,1.59890203838796,0.826763660403192
ENSSSCG00000025701,5.64885439216256,5.91600968866574
ENSSSCG00000060620,2.3263468361721,2.40879780570445
ENSSSCG00000027443,4.00971775935811,3.36891436969478
ENSSSCG00000027505,3.76921557047862,3.39079562950206
ENSSSCG00000026746,4.64327160330782,3.91639634195172
ENSSSCG00000023814,5.07239536750443,4.75845294902904
ENSSSCG00000021203,5.08040743034941,5.5090403430447
ENSSSCG00000028562,3.07478353700702,1.58746179948828
ENSSSCG00000035771,4.17147879379691,4.35968903450673
ENSSSCG00000011662,6.79826246050605,6.1831663570184
ENSSSCG00000024001,6.21980187070191,6.49437533436851
ENSSSCG00000031557,4.85236556088414,4.19036603229008
ENSSSCG00000023929,5.53802385351478,5.09205777636976
ENSSSCG00000056342,-1.5956269400881,0.306722442383792
ENSSSCG00000011627,0.503524755598007,0.231113683523015
ENSSSCG00000028724,3.31101636625581,3.55483521845066
ENSSSCG00000011628,5.43180926324289,5.60295163795796
ENSSSCG00000011664,4.429087655459,4.94008003692927
ENSSSCG00000031142,3.36448946922339,3.21552444896481
ENSSSCG00000011635,3.68344421831341,1.55682069776002
ENSSSCG00000027294,6.53054032297902,6.22030069299769
ENSSSCG00000021966,4.57459359059113,5.04177371669394
ENSSSCG00000028203,2.9751695535918,1.49351421091838
ENSSSCG00000012021,5.13374039696751,5.1951355321414
ENSSSCG00000023028,6.11916882875745,5.03484214068959
ENSSSCG00000011640,-1.44083485948891,-1.06175616837389
ENSSSCG00000011639,6.2766970317263,5.30407706197579
ENSSSCG00000036503,4.53082537690794,3.6192738091208
ENSSSCG00000038399,7.04215777267906,6.08054512061755
ENSSSCG00000011641,5.77071421899717,4.43953899775177
ENSSSCG00000037655,5.6380381508413,5.50703822750917
ENSSSCG00000011642,6.38610911436794,6.15467457772596
ENSSSCG00000011643,5.55652272965553,6.07108997667016
ENSSSCG00000033057,5.68187849050787,4.84024444348197
ENSSSCG00000025119,6.22487074984103,4.85606066357774
ENSSSCG00000011645,4.83352695259708,4.79829193036196
ENSSSCG00000012026,7.05685083652053,5.97658727420109
ENSSSCG00000012027,3.29458016119167,3.24465403677709
ENSSSCG00000011646,-0.94826101088964,-2.61458503095514
ENSSSCG00000012022,9.63794062047403,9.22470879706727
ENSSSCG00000024492,5.23913361470931,0.306722442383792
ENSSSCG00000024000,3.61007011385766,3.24465403677709
ENSSSCG00000031176,2.28256878788505,1.47724380910331
ENSSSCG00000037568,6.88040534032454,7.14402995363508
ENSSSCG00000038900,5.01836958180639,5.00394124006963
ENSSSCG00000040879,8.16180052619135,8.5204745901178
ENSSSCG00000037935,5.20875476209639,4.76851630488417
ENSSSCG00000011616,8.33871831499471,7.12424746592142
ENSSSCG00000012030,3.96194532925284,6.14698077014956
ENSSSCG00000047073,-0.581735609749139,-0.450747065242323
ENSSSCG00000052162,-1.3010534406464,-0.883096611932229
ENSSSCG00000057080,-0.289717603961706,-2.92464516734468
ENSSSCG00000046895,-0.225096418835447,0.151322202724095
ENSSSCG00000056645,4.5677704875085,4.12659529266051
ENSSSCG00000011611,4.63241326713755,4.95924410147895
ENSSSCG00000011615,8.09396541725619,7.65574940753447
ENSSSCG00000012083,5.69967259040235,6.24993367543726
ENSSSCG00000040779,3.99961314051722,4.34407218101223
ENSSSCG00000011612,8.5523805299304,7.59460589373862
ENSSSCG00000011618,4.82019201472572,5.59731673005753
ENSSSCG00000011619,4.01975209752896,4.11349577089499
ENSSSCG00000011620,6.73926410454643,6.34770560058042
ENSSSCG00000011621,8.14279699131262,7.2650668421232
ENSSSCG00000011622,0.81143323514119,0.269413319240056
ENSSSCG00000024134,6.31251092833896,5.66352511844801
ENSSSCG00000022857,6.58618264936391,6.19129363615115
ENSSSCG00000024827,4.7715350926611,5.49395630981449
ENSSSCG00000021397,2.13035473334754,1.47724380910331
ENSSSCG00000061599,7.60468108054563,7.36489528269782
ENSSSCG00000047521,0.208321522646333,0.877238412496071
ENSSSCG00000051317,0.0606232623061967,0.231113683523015
ENSSSCG00000053108,1.87429076377796,1.71782176674871
ENSSSCG00000044633,2.36883548604693,2.67444514854501
ENSSSCG00000060515,-1.1736270562095,-1.16013180230037
ENSSSCG00000057234,-0.753389730293386,-0.801432154592459
ENSSSCG00000051313,-0.753389730293386,0.109708133942356
ENSSSCG00000033653,6.0490450637737,6.19627237695005
ENSSSCG00000057600,-1.96619539223541,-0.580978849888471
ENSSSCG00000056176,-1.5956269400881,-1.06175616837389
ENSSSCG00000062784,0.299003801631898,1.0847773181148
ENSSSCG00000045164,-1.05654789507939,0.151322202724095
ENSSSCG00000011514,4.98290535657391,4.94156326753128
ENSSSCG00000012084,3.80059431048723,3.64499288855733
ENSSSCG00000033898,0.841916534859911,-1.06175616837389
ENSSSCG00000011978,4.59263232899805,4.94156326753128
ENSSSCG00000025821,5.31307484891314,5.90160287017171
ENSSSCG00000011949,4.88383722883348,5.48787825881472
ENSSSCG00000011952,8.72214824245711,8.73506268565799
ENSSSCG00000060340,-1.44083485948891,2.23583578812337
ENSSSCG00000011528,-0.94826101088964,-0.275097240265819
ENSSSCG00000011953,4.81059102718122,5.40965977811281
ENSSSCG00000011529,3.56052356113456,3.38208290956991
ENSSSCG00000036491,6.18529879586967,6.32401892895472
ENSSSCG00000011956,4.06244538145152,4.32146499727924
ENSSSCG00000011530,4.3570445831253,4.9577789467348
ENSSSCG00000028677,1.76718173794872,2.88025759321149
ENSSSCG00000021791,4.28953196919945,4.29153587546859
ENSSSCG00000041465,-1.1736270562095,-1.26570965698543
ENSSSCG00000023806,5.04972194436967,3.45866557709305
ENSSSCG00000011531,2.63565207274618,2.86782964222017
ENSSSCG00000011532,7.21368499513097,6.66344833888448
ENSSSCG00000031273,0.254375037426665,-0.118530588140316
ENSSSCG00000027675,5.24199375314019,5.61229451659379
ENSSSCG00000022486,4.58364115303315,5.44355300427233
ENSSSCG00000011946,5.60731401621859,6.46011722458954
ENSSSCG00000011977,5.18517185734939,5.45917044831815
ENSSSCG00000034493,3.31101636625581,4.3641201179272
ENSSSCG00000011951,4.36755934111703,5.94883063600505
ENSSSCG00000022506,9.31872148793294,8.27301619307164
ENSSSCG00000011516,5.88216145882907,5.32922428713156
ENSSSCG00000011950,4.65619464212079,4.91764662175102
ENSSSCG00000045079,-2.19461582859326,-1.16013180230037
ENSSSCG00000011527,4.85049273127564,4.79172802969459
ENSSSCG00000011959,4.04617405879646,5.53874336662732
ENSSSCG00000023437,8.05627630624569,6.79398259040677
ENSSSCG00000054999,1.48762675172783,1.26618103197673
ENSSSCG00000022290,1.50677891522418,0.0226960489355265
ENSSSCG00000025053,5.64669762153485,6.14311842497325
ENSSSCG00000011518,3.53276336848595,3.96679654586605
ENSSSCG00000011519,4.06890287172142,4.40769813818823
ENSSSCG00000011961,7.41970701738947,6.59488182388778
ENSSSCG00000037216,6.41110168982746,6.62750048733155
ENSSSCG00000012074,5.36122134330982,4.35301678640405
ENSSSCG00000012075,4.45889496847324,2.11484407452863
ENSSSCG00000011962,0.0606232623061967,0.877238412496071
ENSSSCG00000011521,7.25851140171256,5.81524319431432
ENSSSCG00000012076,7.55982534612745,6.79849143769696
ENSSSCG00000011522,2.91192312854079,2.10428804524604
ENSSSCG00000011965,4.44406829116839,2.26456216861488
ENSSSCG00000048446,-0.753389730293386,-2.35951718500686
ENSSSCG00000011524,1.65147836204809,4.0211179798514
ENSSSCG00000011963,6.46105221627002,6.09060733602103
ENSSSCG00000012077,7.47149955813584,6.65171600440381
ENSSSCG00000024336,5.0978788936104,5.67872403126156
ENSSSCG00000011968,6.52291732702565,6.15659163563662
ENSSSCG00000036580,2.80767400923913,2.44271105199964
ENSSSCG00000027745,7.15267760500869,6.74725384917823
ENSSSCG00000030486,6.13771640599679,6.17499303416117
ENSSSCG00000044670,-1.44083485948891,-1.37962819886108
ENSSSCG00000063218,-2.46613199464794,-0.331304090129519
ENSSSCG00000059724,-1.5956269400881,0.543924309209927
ENSSSCG00000054827,-0.225096418835447,0.901828647831401
ENSSSCG00000011970,2.34774757151488,2.8105396921843
ENSSSCG00000011972,4.88200483734661,3.71950850973016
ENSSSCG00000011973,3.22110994226279,1.16822850108867
ENSSSCG00000011980,5.67024659698809,5.53972301194177
ENSSSCG00000032124,-2.80087696638474,-0.969662564375006
ENSSSCG00000034501,4.68800468918455,5.28200056666851
ENSSSCG00000022895,4.17746721150633,4.51520026500107
ENSSSCG00000027278,5.94494288542379,6.31832145827711
ENSSSCG00000047991,-1.76904577456744,-0.969662564375006
ENSSSCG00000029511,-0.94826101088964,-0.883096611932229
ENSSSCG00000045444,0.111554715953384,1.35790376000462
ENSSSCG00000040224,8.36141796200786,7.46110755168017
ENSSSCG00000063265,-0.665011214899346,-1.95450014976733
ENSSSCG00000052972,-2.46613199464794,-0.724143750785594
ENSSSCG00000057561,1.66858646664768,0.191769503652254
ENSSSCG00000012087,6.15527017184619,6.06633906501308
ENSSSCG00000030016,4.72322802275393,4.40984286515256
ENSSSCG00000023078,2.4403064491966,2.84898464428724
ENSSSCG00000021991,5.70175165797181,5.33487894675519
ENSSSCG00000037663,5.53452875107473,5.77171276390236
ENSSSCG00000060594,2.90472149051255,3.32867182123474
ENSSSCG00000062774,1.59890203838796,0.901828647831401
ENSSSCG00000050565,0.503524755598007,0.343090997642991
ENSSSCG00000056411,3.73307896936176,3.40376683840404
ENSSSCG00000043782,3.02915146757585,0.949786352523971
ENSSSCG00000051023,2.74453636267091,3.78376351312905
ENSSSCG00000059582,-0.0469734082326686,-0.51439395667637
ENSSSCG00000057439,0.648535071030343,-0.51439395667637
ENSSSCG00000011178,-0.503005667143942,-0.650786169073976
ENSSSCG00000036855,6.70702467275733,7.8505060141588
ENSSSCG00000034369,0.715917087066103,-0.275097240265819
ENSSSCG00000011195,1.18878921645065,2.07214846811371
ENSSSCG00000011695,2.38961959335877,2.38282924537441
ENSSSCG00000011179,5.33198987840614,5.25242813003003
ENSSSCG00000032424,5.87849007808655,6.41598456124114
ENSSSCG00000011181,5.10888793466526,5.23075426007606
ENSSSCG00000012050,6.59515804926193,6.00665687614456
ENSSSCG00000011182,3.6493795680761,3.63035246116121
ENSSSCG00000011698,7.54107877942104,7.92156092009491
ENSSSCG00000011183,7.46018383509508,7.26358523121478
ENSSSCG00000025293,5.80882792753602,6.02636064331608
ENSSSCG00000029094,5.06433856075515,5.07052804621522
ENSSSCG00000011704,6.29126752594312,6.17751283814641
ENSSSCG00000011699,4.14421898484408,4.58329475791358
ENSSSCG00000011700,2.34774757151488,2.97600545370124
ENSSSCG00000038948,5.19406068308839,5.35727852246846
ENSSSCG00000012066,-0.581735609749139,0.996201015194988
ENSSSCG00000022318,2.57343015789845,2.61619678245007
ENSSSCG00000037110,4.70882829460585,5.19015285975934
ENSSSCG00000011933,5.11825784971658,5.28434038091087
ENSSSCG00000029811,2.67850861649466,2.61619678245007
ENSSSCG00000011701,1.42859580901325,0.413188112875905
ENSSSCG00000012049,-0.94826101088964,-0.168854921246468
ENSSSCG00000011199,5.20582789483282,4.99253840187292
ENSSSCG00000030335,-0.357369586612393,-1.37962819886108
ENSSSCG00000062206,4.47842978092317,4.45623774772008
ENSSSCG00000033018,5.68187849050787,7.76617530927874
ENSSSCG00000033733,8.4198918644092,8.12845839781166
ENSSSCG00000011689,6.09168553682013,5.32695620287244
ENSSSCG00000051671,0.503524755598007,1.12710621877915
ENSSSCG00000037381,5.5062588582199,5.4372583798715
ENSSSCG00000011937,0.748463530495347,0.378565244869403
ENSSSCG00000011201,3.19772977657571,4.1601076310431
ENSSSCG00000028122,4.43409850455234,4.79008237762343
ENSSSCG00000029219,5.64453762179445,5.21979398546852
ENSSSCG00000049233,0.682619433441756,-0.275097240265819
ENSSSCG00000011212,4.40121249903953,4.17279251140364
ENSSSCG00000011208,3.30555841070074,2.2927277096796
ENSSSCG00000037190,-0.753389730293386,-2.35951718500686
ENSSSCG00000011705,4.92357200461984,4.84500754231129
ENSSSCG00000034450,4.46135133452517,4.3904245647686
ENSSSCG00000011213,7.55839191926278,7.56844428253354
ENSSSCG00000011706,1.30275293821975,0.543924309209927
ENSSSCG00000026981,5.57251692603239,5.76670099627164
ENSSSCG00000027459,5.75878142927538,5.84249232439793
ENSSSCG00000030697,5.47256156484119,5.24763977535899
ENSSSCG00000034167,1.71872620129392,3.60436867998078
ENSSSCG00000056685,2.96135245902405,3.46280327898759
ENSSSCG00000024938,5.86185225547763,5.43093617098983
ENSSSCG00000011216,1.61664122769751,1.18835828160125
ENSSSCG00000030260,7.88685466810743,7.98820384065096
ENSSSCG00000011217,6.29471510904998,6.77829724798468
ENSSSCG00000011190,4.86726131285004,4.9519034026281
ENSSSCG00000012034,3.56965951235715,3.78706736470701
ENSSSCG00000011708,5.02336547677253,4.95484416578436
ENSSSCG00000058735,8.33788306713891,7.84793777017329
ENSSSCG00000026622,6.09485311292165,5.78085602893012
ENSSSCG00000011218,6.28504103862226,6.00381995513189
ENSSSCG00000021355,5.20142643020371,5.18139155870137
ENSSSCG00000028911,0.577851083508549,-1.26570965698543
ENSSSCG00000011710,6.74683512738164,6.83406373193435
ENSSSCG00000021023,5.47134341098202,5.83453116166774
ENSSSCG00000011192,4.72731596954052,4.52314714798053
ENSSSCG00000023993,-1.44083485948891,-0.650786169073976
ENSSSCG00000011936,-0.225096418835447,-0.51439395667637
ENSSSCG00000011193,6.19492504670027,6.32117300616033
ENSSSCG00000011194,4.98119464230876,5.07729066509037
ENSSSCG00000029392,3.56965951235715,4.0211179798514
ENSSSCG00000034229,1.25824180569868,1.54125259769343
ENSSSCG00000040843,-1.96619539223541,2.23583578812337
ENSSSCG00000032024,4.44902746675243,4.90097087491588
ENSSSCG00000021598,5.19553684407707,5.52989649468017
ENSSSCG00000040827,6.92157204037531,6.81679137308748
ENSSSCG00000012035,4.83731440511544,4.93264092375018
ENSSSCG00000053786,6.9476482480004,6.58114930266617
ENSSSCG00000022706,2.22590931707906,2.85529370095294
ENSSSCG00000011943,5.77565723151285,5.99812932246121
ENSSSCG00000031388,5.47620986718893,6.1489080720823
ENSSSCG00000012037,5.53452875107473,5.97658727420109
ENSSSCG00000011714,5.11514130148657,5.15733913976995
ENSSSCG00000012038,-0.0469734082326686,0.634745314624147
ENSSSCG00000011942,7.45403007183514,7.19715094287861
ENSSSCG00000012046,4.60823330057767,4.40984286515256
ENSSSCG00000012071,-1.3010534406464,6.26718907114323
ENSSSCG00000011712,-0.163246077098895,-1.16013180230037
ENSSSCG00000036556,5.05461062250258,5.18640452960663
ENSSSCG00000011690,4.8392044092429,5.09072154028797
ENSSSCG00000041300,-2.80087696638474,-1.06175616837389
ENSSSCG00000041289,4.28953196919945,4.48906635078543
ENSSSCG00000033115,7.12969712747069,6.57972120780116
ENSSSCG00000035634,5.76774026176529,6.01160810403828
ENSSSCG00000034378,5.47256156484119,5.28082923495918
ENSSSCG00000034624,6.44314433999839,5.51103968397295
ENSSSCG00000023842,0.81143323514119,0.269413319240056
ENSSSCG00000028192,2.86816398685734,3.32413033988791
ENSSSCG00000030677,5.43180926324289,5.50000886147393
ENSSSCG00000011940,4.88566729592073,4.99396869517565
ENSSSCG00000023674,8.48275303816767,8.74730552472978
ENSSSCG00000050552,-0.847537601777033,-0.168854921246468
ENSSSCG00000033593,2.23742062690637,2.51622099743307
ENSSSCG00000027089,4.56548892997186,4.65737412138036
ENSSSCG00000011670,6.57374958571144,6.35384551948459
ENSSSCG00000028377,5.21895228815741,5.19762042986269
ENSSSCG00000022073,6.49321688488904,6.59864721493769
ENSSSCG00000011672,4.64759215779573,5.07594067491483
ENSSSCG00000024614,5.08837524352192,5.1687823908779
ENSSSCG00000056217,4.74556972528045,4.54477802343035
ENSSSCG00000011197,4.17147879379691,4.30772866583566
ENSSSCG00000037647,4.45396965385522,5.29249997537808
ENSSSCG00000011198,4.18045212468739,4.20031276270457
ENSSSCG00000011204,-0.94826101088964,-0.650786169073976
ENSSSCG00000011205,4.61265990889702,4.41198440847349
ENSSSCG00000037653,5.69967259040235,5.81443390577962
ENSSSCG00000012042,7.008120863661,6.51842773333851
ENSSSCG00000024621,4.8801701155481,5.61415585367485
ENSSSCG00000011677,5.73563064221578,6.1078839678238
ENSSSCG00000011678,3.9409770362239,4.84342158933854
ENSSSCG00000011207,-0.0469734082326686,-1.63861791175253
ENSSSCG00000031392,5.08040743034941,4.39908720366374
ENSSSCG00000011679,4.52379159070698,5.0650950341979
ENSSSCG00000060385,1.42859580901325,2.53206007975693
ENSSSCG00000043763,-0.357369586612393,-1.63861791175253
ENSSSCG00000045354,-1.44083485948891,-0.969662564375006
ENSSSCG00000055576,-1.76904577456744,0.269413319240056
ENSSSCG00000054438,-1.76904577456744,0.191769503652254
ENSSSCG00000036381,3.56965951235715,2.90479685619967
ENSSSCG00000056241,-1.05654789507939,-1.50331917830221
ENSSSCG00000011226,7.15874440952219,7.60376862157621
ENSSSCG00000038607,2.20260743080709,1.73160503149834
ENSSSCG00000011214,5.76077709421173,6.41331455528251
ENSSSCG00000012061,5.26467299746481,5.23680751362085
ENSSSCG00000011215,4.2978022842804,4.5132066856359
ENSSSCG00000026488,5.77664380494981,5.66352511844801
ENSSSCG00000012062,6.78557646789932,7.50991226014637
ENSSSCG00000011762,5.10732034856821,5.14709059810392
ENSSSCG00000024296,4.03632244315774,3.23016276139433
ENSSSCG00000037030,9.39273549247467,9.13332006595114
ENSSSCG00000011941,6.17785003228332,6.09727670109349
ENSSSCG00000012063,5.24769707535591,5.2936618735742
ENSSSCG00000027017,5.84030971539827,6.82284012889291
ENSSSCG00000011912,3.6918361717117,4.22000282322818
ENSSSCG00000011763,3.43617078895197,3.21552444896481
ENSSSCG00000036033,5.24342169883128,4.87014851127995
ENSSSCG00000011764,6.06124153503077,4.80808212360318
ENSSSCG00000030480,6.63432621265564,6.86839014386772
ENSSSCG00000011913,5.59952964648119,5.88705073214365
ENSSSCG00000011229,8.07464241935792,8.2114886747594
ENSSSCG00000011914,2.16693335253786,3.25423464758754
ENSSSCG00000011915,4.18045212468739,4.66098009076787
ENSSSCG00000011765,4.52848458975949,3.63402652004958
ENSSSCG00000011916,6.43878824028253,6.25947940496398
ENSSSCG00000050754,0.81143323514119,0.634745314624147
ENSSSCG00000038056,0.715917087066103,1.34001980880434
ENSSSCG00000011766,0.464874497983746,0.0226960489355265
ENSSSCG00000011917,6.4635049152046,6.34714612822283
ENSSSCG00000011230,4.59710699083293,4.00418377936075
ENSSSCG00000021977,6.23064203070722,6.06565908438898
ENSSSCG00000011918,2.62692584736511,3.59308789804756
ENSSSCG00000022618,4.2978022842804,4.47888742901233
ENSSSCG00000024429,3.4160512381393,4.76181520654838
ENSSSCG00000063224,2.21430541888211,2.45106624968918
ENSSSCG00000043103,4.56091496174106,3.55095356908917
ENSSSCG00000011234,3.67076404445774,3.86729642700427
ENSSSCG00000055848,-0.503005667143942,-0.580978849888471
ENSSSCG00000038362,4.17147879379691,4.43322679702533
ENSSSCG00000058707,0.0606232623061967,-0.883096611932229
ENSSSCG00000055435,-1.96619539223541,-0.580978849888471
ENSSSCG00000051450,1.52568015604393,2.33848175918667
ENSSSCG00000048572,-0.94826101088964,-0.0699026685752995
ENSSSCG00000011233,5.11201800622837,4.71401521850457
ENSSSCG00000024663,5.16270719630383,5.37165394193337
ENSSSCG00000052197,0.342293330875861,0.343090997642991
ENSSSCG00000061947,2.5272833570641,2.2065257784872
ENSSSCG00000044764,-0.753389730293386,-1.16013180230037
ENSSSCG00000021271,7.68253988785652,8.04260397398311
ENSSSCG00000054332,0.425160216794395,0.774458752770575
ENSSSCG00000055262,1.50677891522418,0.747577553315015
ENSSSCG00000063536,1.21231354325694,1.70390554777238
ENSSSCG00000041575,-1.3010534406464,-0.969662564375006
ENSSSCG00000032220,5.67448723536032,5.83692412671104
ENSSSCG00000048855,2.68692924499126,3.51951856546125
ENSSSCG00000049319,0.577851083508549,1.57222259459841
ENSSSCG00000025826,5.48105996318015,5.91676397164914
ENSSSCG00000036952,3.11277986246647,3.3733172519404
ENSSSCG00000011923,3.76921557047862,3.9927828655898
ENSSSCG00000021042,5.2674829985145,6.08926975523058
ENSSSCG00000011767,5.8903880638671,5.9787560115664
ENSSSCG00000011925,-0.581735609749139,-0.969662564375006
ENSSSCG00000011680,5.48589380858785,6.25769438508066
ENSSSCG00000011768,6.8432183729433,6.65035611340366
ENSSSCG00000011928,6.40409622811753,4.45416094358552
ENSSSCG00000011929,3.6493795680761,3.93438638112435
ENSSSCG00000011681,6.02516877827026,6.78409591782978
ENSSSCG00000011930,5.02336547677253,4.93413181827463
ENSSSCG00000011683,3.61889857689849,4.73981914690084
ENSSSCG00000034660,-0.428350711608159,-1.16013180230037
ENSSSCG00000011684,6.65539706331256,7.05021544807261
ENSSSCG00000024119,7.29924333344318,5.38697662977849
ENSSSCG00000011769,7.35512921101313,7.44237156649798
ENSSSCG00000037371,2.00125981237482,1.42730178812359
ENSSSCG00000059416,0.160749279997622,-1.16013180230037
ENSSSCG00000051838,5.67236847428306,4.79172802969459
ENSSSCG00000039358,1.25824180569868,1.18835828160125
ENSSSCG00000039802,5.32795748262735,5.2331786101303
ENSSSCG00000027941,3.90894186476187,1.88748384057387
ENSSSCG00000011686,3.15587999024382,2.86782964222017
ENSSSCG00000011860,3.49968658036642,2.365253495496
ENSSSCG00000036206,5.28422902936655,5.81605202912821
ENSSSCG00000011235,6.43816486522704,6.46373472504933
ENSSSCG00000041863,2.28256878788505,0.747577553315015
ENSSSCG00000011859,6.42626927250903,6.12756480456186
ENSSSCG00000022031,2.51787418640574,1.83737254564755
ENSSSCG00000011673,2.09282450672441,1.6898537845966
ENSSSCG00000031244,1.4485423725996,-0.0699026685752995
ENSSSCG00000060577,1.14055756446698,-1.37962819886108
ENSSSCG00000040019,3.16796145904304,4.06804613406909
ENSSSCG00000062401,-1.44083485948891,-0.51439395667637
ENSSSCG00000059119,0.54116651967454,-0.724143750785594
ENSSSCG00000026113,-1.1736270562095,-0.0228605115491758
ENSSSCG00000050456,-0.581735609749139,-0.168854921246468
ENSSSCG00000011236,5.81075559610653,6.11118280832045
ENSSSCG00000029267,0.841916534859911,0.269413319240056
ENSSSCG00000053903,-0.225096418835447,-0.969662564375006
ENSSSCG00000057704,2.69530100957938,2.48401140576021
ENSSSCG00000061052,2.16693335253786,2.301995340821
ENSSSCG00000049696,0.780291912538719,1.60254171360028
ENSSSCG00000052534,-1.44083485948891,-0.883096611932229
ENSSSCG00000053665,1.06504496640639,2.02815067824639
ENSSSCG00000011911,0.613625923982859,-1.37962819886108
ENSSSCG00000054819,1.4485423725996,1.46078781820194
ENSSSCG00000044995,-1.96619539223541,-0.969662564375006
ENSSSCG00000009126,-2.19461582859326,-1.06175616837389
ENSSSCG00000054468,1.90348749886982,1.60254171360028
ENSSSCG00000011770,4.97261051016001,4.59087622724653
ENSSSCG00000037905,6.52409272053092,6.64717804057862
ENSSSCG00000061847,0.299003801631898,0.231113683523015
ENSSSCG00000052546,0.342293330875861,-2.92464516734468
ENSSSCG00000055871,0.00782776903463305,-0.389789821758014
ENSSSCG00000058769,0.342293330875861,1.26618103197673
ENSSSCG00000063381,-0.753389730293386,-0.580978849888471
ENSSSCG00000059533,-1.44083485948891,-1.26570965698543
ENSSSCG00000011813,4.99312726076916,6.05473558004957
ENSSSCG00000011864,4.96050626508286,4.12136974834769
ENSSSCG00000052253,-0.503005667143942,-0.51439395667637
ENSSSCG00000039990,0.577851083508549,-0.724143750785594
ENSSSCG00000021206,3.30007972835331,2.75088032244574
ENSSSCG00000030362,2.73644627303554,3.16054291465792
ENSSSCG00000025128,-0.225096418835447,-2.92464516734468
ENSSSCG00000011825,6.30637564691248,5.68670615530568
ENSSSCG00000022081,5.8885639790959,5.66352511844801
ENSSSCG00000021656,0.901016344624057,1.85006449232
ENSSSCG00000011237,7.87469704559766,7.71484033939158
ENSSSCG00000059588,0.54116651967454,0.901828647831401
ENSSSCG00000028717,6.6500235492926,5.99384656892297
ENSSSCG00000011821,-0.847537601777033,2.82346884227012
ENSSSCG00000025349,3.54207624329408,4.2418375966162
ENSSSCG00000011867,11.6154661443329,10.2524544109171
ENSSSCG00000011822,5.10418005723564,5.07998686161452
ENSSSCG00000061817,-0.753389730293386,-0.275097240265819
ENSSSCG00000043046,-1.3010534406464,-0.331304090129519
ENSSSCG00000048853,1.52568015604393,2.49213147082896
ENSSSCG00000053093,-1.96619539223541,-1.06175616837389
ENSSSCG00000046324,-2.19461582859326,-0.801432154592459
ENSSSCG00000060621,1.324503892854,1.16822850108867
ENSSSCG00000034786,5.79817946274663,5.69640248808014
ENSSSCG00000027952,5.4116283673321,3.96970713771346
ENSSSCG00000024904,4.47357081971983,4.10557858270465
ENSSSCG00000011837,2.815375418519,1.92395712532492
ENSSSCG00000011819,3.45107843294489,3.24945229500085
ENSSSCG00000029291,2.21430541888211,1.4441419554549
ENSSSCG00000027323,6.96765682624814,6.74598113400044
ENSSSCG00000011811,0.111554715953384,0.852221766628148
ENSSSCG00000011841,4.91104743113559,4.94452516184389
ENSSSCG00000011843,6.37181735741947,6.34041548204418
ENSSSCG00000023871,2.43031054195301,3.08739233516866
ENSSSCG00000026934,2.85327760027406,2.40879780570445
ENSSSCG00000011810,4.52848458975949,5.58503173170326
ENSSSCG00000024420,6.41490856127235,5.32354737676457
ENSSSCG00000031478,3.32726742574501,-3.86672707663002
ENSSSCG00000057729,3.5374273204274,3.73327574563986
ENSSSCG00000023527,2.10544337267369,1.60254171360028
ENSSSCG00000035414,4.40632093419752,4.29849790937015
ENSSSCG00000033030,3.97231628882701,4.09761770689552
ENSSSCG00000036536,3.39050069294677,3.66308693729257
ENSSSCG00000031147,6.02516877827026,6.45181443111964
ENSSSCG00000034711,4.57232280648654,4.85606066357774
ENSSSCG00000011760,6.61128498975321,7.08351377625262
ENSSSCG00000021380,4.56091496174106,5.21612197859294
ENSSSCG00000033860,4.5677704875085,5.44355300427233
ENSSSCG00000030413,4.32772750033815,4.96945873205175
ENSSSCG00000056643,5.38470515551523,4.91462896947818
ENSSSCG00000038443,4.8144390928187,4.78843484624748
ENSSSCG00000039285,6.23495539075895,6.38797197230287
ENSSSCG00000029268,2.57343015789845,2.23583578812337
ENSSSCG00000037583,5.69759052236449,5.9838037562251
ENSSSCG00000011848,5.05786056230983,5.11195420794043
ENSSSCG00000039249,6.98824364380254,6.65397964474434
ENSSSCG00000011849,6.92735826565354,7.24538598497206
ENSSSCG00000011264,5.21313395949095,3.91639634195172
ENSSSCG00000031304,4.41141134471524,3.72296265486798
ENSSSCG00000024556,5.0032772491149,5.4256464170184
ENSSSCG00000011831,4.29229401201672,6.29820123219854
ENSSSCG00000022195,3.56965951235715,4.28687578431891
ENSSSCG00000011304,4.98119464230876,5.52198680456373
ENSSSCG00000040904,1.48762675172783,4.60217424844161
ENSSSCG00000032080,2.72831056127704,3.59308789804756
ENSSSCG00000031356,4.98290535657391,4.88410012111093
ENSSSCG00000011850,8.16217805525042,6.99235502689679
ENSSSCG00000011306,2.9956502008432,2.94676112973231
ENSSSCG00000011826,4.53549558807196,4.00701998574096
ENSSSCG00000011307,2.46009285868458,2.60874755476081
ENSSSCG00000032344,3.33800064932877,3.31957451718663
ENSSSCG00000011309,2.21430541888211,2.03927655741885
ENSSSCG00000011827,6.18381211666626,6.6620994671421
ENSSSCG00000031576,4.51908327577939,4.35301678640405
ENSSSCG00000011301,5.9761970324872,5.82973329109401
ENSSSCG00000011795,4.0976091439326,4.19285915148559
ENSSSCG00000011300,5.47863695333357,5.65541333857231
ENSSSCG00000011851,2.815375418519,4.0461523175502
ENSSSCG00000026516,4.34112734509873,3.91337607062312
ENSSSCG00000011853,4.02640309177669,4.05987483918574
ENSSSCG00000011299,5.68293129968381,5.66172643817746
ENSSSCG00000034015,-1.05654789507939,-0.580978849888471
ENSSSCG00000024024,1.16487493893756,2.34746098418498
ENSSSCG00000029708,4.50248210404005,4.72266791020141
ENSSSCG00000027139,6.78361483764985,6.66659081045535
ENSSSCG00000022773,4.40886838458313,4.95484416578436
ENSSSCG00000011788,5.59394355388237,6.04165557105731
ENSSSCG00000037236,9.29628068715433,9.11692161408033
ENSSSCG00000011269,2.90472149051255,3.23016276139433
ENSSSCG00000055503,-0.581735609749139,-1.16013180230037
ENSSSCG00000011270,5.3546296448774,5.5485100131346
ENSSSCG00000025783,1.42859580901325,2.40019345180835
ENSSSCG00000011272,9.41745639835045,9.14245789972553
ENSSSCG00000056224,1.324503892854,1.66133288059543
ENSSSCG00000011470,5.22907823978339,5.56303712057341
ENSSSCG00000030225,7.43290873199223,7.42365441951625
ENSSSCG00000032019,1.4485423725996,2.85529370095294
ENSSSCG00000026550,1.85946778722825,1.81164869165001
ENSSSCG00000011405,5.97791367954761,5.58882288529855
ENSSSCG00000011274,9.4210099666903,9.04172507564825
ENSSSCG00000011407,5.42553300498319,5.24042731199528
ENSSSCG00000011408,8.54095842690741,8.44457382274148
ENSSSCG00000023229,3.93745249917923,4.29618096237515
ENSSSCG00000057050,5.03165371465434,4.33732714495905
ENSSSCG00000011410,4.28121397068151,3.60436867998078
ENSSSCG00000043195,5.79915075930658,5.85277658976806
ENSSSCG00000011412,3.19772977657571,3.82613446140251
ENSSSCG00000022550,6.37116435600299,6.50143213562642
ENSSSCG00000040431,0.957790112127212,0.800848232904328
ENSSSCG00000025408,4.92000463622555,5.55239823372795
ENSSSCG00000011797,4.33041744447865,4.21755621188446
ENSSSCG00000035452,5.31307484891314,5.47769092133892
ENSSSCG00000011798,7.03969431416272,4.58139314899729
ENSSSCG00000011474,7.34152606993356,7.38792550356858
ENSSSCG00000011799,-0.665011214899346,-3.86672707663002
ENSSSCG00000011278,5.84030971539827,5.85356465884015
ENSSSCG00000011802,1.0124140211341,5.31784803985158
ENSSSCG00000011277,-0.94826101088964,-2.35951718500686
ENSSSCG00000025881,6.56178086579905,6.07852422845586
ENSSSCG00000011280,0.208321522646333,0.191769503652254
ENSSSCG00000011803,10.1067956252846,10.0188907070738
ENSSSCG00000022131,4.06890287172142,4.11349577089499
ENSSSCG00000011477,5.52985540399508,5.49193313667365
ENSSSCG00000011804,3.61889857689849,3.85475583143978
ENSSSCG00000034200,3.69601391356227,3.74011040864293
ENSSSCG00000033189,8.52240463566926,9.18526539510664
ENSSSCG00000055190,4.66261300954675,4.05987483918574
ENSSSCG00000025770,7.12815200171504,6.37375903324102
ENSSSCG00000011482,4.66687611224307,4.10292983539149
ENSSSCG00000011806,-0.665011214899346,0.747577553315015
ENSSSCG00000011432,2.46009285868458,3.20073608502629
ENSSSCG00000028184,8.34986423056519,8.84346495608528
ENSSSCG00000061023,4.94303639656583,5.27613437479064
ENSSSCG00000011438,6.33277545314653,6.32572379180811
ENSSSCG00000011439,4.08173178280619,4.05165699907035
ENSSSCG00000011833,6.41046623348265,6.40742309029032
ENSSSCG00000011293,4.95528748092018,3.24945229500085
ENSSSCG00000011440,5.725448038136,5.29598286646743
ENSSSCG00000011295,5.31307484891314,5.43620660049854
ENSSSCG00000011296,5.62495070172351,5.22223680800784
ENSSSCG00000011441,4.7715350926611,0.826763660403192
ENSSSCG00000011787,5.73664496094689,4.86546783066061
ENSSSCG00000023503,5.19406068308839,5.1687823908779
ENSSSCG00000041195,-1.5956269400881,-0.389789821758014
ENSSSCG00000011297,5.22330068726953,4.35968903450673
ENSSSCG00000024417,0.464874497983746,0.574837615712797
ENSSSCG00000063377,4.17447610978098,4.3169007366906
ENSSSCG00000011298,6.44500722099438,6.55182982333921
ENSSSCG00000035258,4.31962744351204,4.2101913842195
ENSSSCG00000021439,4.68800468918455,4.70705550523623
ENSSSCG00000011312,4.92713057369553,4.81780632770776
ENSSSCG00000024201,5.88399365152538,6.27073353020727
ENSSSCG00000030359,5.67130792573559,5.04315604442067
ENSSSCG00000049288,-1.1736270562095,-1.26570965698543
ENSSSCG00000042021,-2.19461582859326,-1.06175616837389
ENSSSCG00000011463,5.99242329289808,4.88410012111093
ENSSSCG00000058426,-2.19461582859326,-0.969662564375006
ENSSSCG00000021207,2.35833005876887,2.301995340821
ENSSSCG00000032357,5.6380381508413,5.98236334472758
ENSSSCG00000059711,6.02017913484306,6.59016122284925
ENSSSCG00000060350,1.09065751143433,0.996201015194988
ENSSSCG00000035320,2.55514818233533,2.64561491550367
ENSSSCG00000031913,6.03344669235965,5.62711840298246
ENSSSCG00000041424,3.6918361717117,2.79749362501286
ENSSSCG00000020990,6.60129640475164,6.75275601090014
ENSSSCG00000038724,5.7736820583523,4.33732714495905
ENSSSCG00000040296,4.95004974984416,4.75508283732832
ENSSSCG00000059878,0.81143323514119,1.18835828160125
ENSSSCG00000011791,4.18640348747925,4.83227083232856
ENSSSCG00000019512,-0.103938698558373,0.949786352523971
ENSSSCG00000025921,4.18640348747925,4.52116452730636
ENSSSCG00000011793,-0.581735609749139,3.16562872641229
ENSSSCG00000024109,4.25879528568933,4.32374172398056
ENSSSCG00000036423,6.08054392927326,6.60052623152916
ENSSSCG00000011854,4.46380352541899,5.33938677074289
ENSSSCG00000038584,2.89020946153077,0.109708133942356
ENSSSCG00000011794,5.41289797757831,5.24283547503455
ENSSSCG00000031035,0.160749279997622,1.18835828160125
ENSSSCG00000011855,5.50149287996121,5.21366877140704
ENSSSCG00000011828,3.43116714475289,3.66308693729257
ENSSSCG00000059088,3.60563553992072,3.52744176235384
ENSSSCG00000052843,1.21231354325694,0.720185961482743
ENSSSCG00000052602,-0.581735609749139,-0.650786169073976
ENSSSCG00000054838,-0.581735609749139,-0.724143750785594
ENSSSCG00000039561,-3.86672707663002,0.663791401431833
ENSSSCG00000034990,2.98885557233165,2.14605650303391
ENSSSCG00000045353,1.34593178147808,1.01886012427252
ENSSSCG00000019418,0.111554715953384,0.634745314624147
ENSSSCG00000018172,0.648535071030343,0.6051024001257
ENSSSCG00000020580,0.841916534859911,1.57222259459841
ENSSSCG00000018746,1.03896948409484,1.28499803379961
ENSSSCG00000019309,0.464874497983746,0.973180333493209
ENSSSCG00000040273,8.55855982544516,8.35377414730876
ENSSSCG00000011857,5.42049226503871,5.79978854108394
ENSSSCG00000026753,5.31171423825221,4.76684394606366
ENSSSCG00000036828,5.91120093139305,5.87001544002022
ENSSSCG00000011858,3.96886757930672,4.54086918328405
ENSSSCG00000039426,8.99827067606267,7.92980473127433
ENSSSCG00000034616,4.31691728672147,4.96070776976846
ENSSSCG00000011888,0.160749279997622,1.14781387260733
ENSSSCG00000011889,6.14690153503301,6.3588497258542
ENSSSCG00000011890,-0.581735609749139,0.066857978120369
ENSSSCG00000011892,6.908580064413,7.20550872576268
ENSSSCG00000011893,5.07880857345122,4.30772866583566
ENSSSCG00000011894,2.93331482807627,1.28499803379961
ENSSSCG00000011895,2.95439396897898,3.87972895243467
ENSSSCG00000011896,3.10022528325059,3.7969337645547
ENSSSCG00000011899,2.67850861649466,3.17069667254303
ENSSSCG00000037639,4.07533158707034,3.82934279843556
ENSSSCG00000032313,4.82210456874677,4.9953975718845
ENSSSCG00000011901,5.01836958180639,4.67709633776791
ENSSSCG00000026224,3.89810342368855,3.8034740766224
ENSSSCG00000011903,5.59282373515322,4.91462896947818
ENSSSCG00000011904,6.81995877034173,6.27544597017311
ENSSSCG00000011905,-0.753389730293386,-0.580978849888471
ENSSSCG00000011906,1.98769151381773,1.8626457560383
ENSSSCG00000061104,-1.44083485948891,-1.16013180230037
ENSSSCG00000062764,5.08519339692366,5.75409487359957
ENSSSCG00000060201,4.50724482087935,4.50921124337659
ENSSSCG00000062719,1.88896298917059,2.18664964113913
ENSSSCG00000053337,4.19233040070992,4.35301678640405
ENSSSCG00000059664,0.929682484613295,1.83737254564755
ENSSSCG00000052707,-0.0469734082326686,0.343090997642991
ENSSSCG00000056033,1.18878921645065,2.40879780570445
ENSSSCG00000049029,-1.44083485948891,-1.06175616837389
ENSSSCG00000052096,1.4485423725996,1.14781387260733
ENSSSCG00000051565,1.81406255392592,2.8426478762261
ENSSSCG00000056686,1.96016598715194,2.70271051943981
ENSSSCG00000011845,5.56111062223164,5.80060608452602
ENSSSCG00000040510,5.51456162161729,5.05004788528313
ENSSSCG00000024513,5.11514130148657,5.62250227965349
ENSSSCG00000032957,6.50159482710832,6.59110657955711
ENSSSCG00000026281,6.79290891747883,6.80909302859397
ENSSSCG00000011336,3.94449298372399,3.19577275116599
ENSSSCG00000048318,1.98769151381773,2.64561491550367
ENSSSCG00000028740,2.89748372295634,3.36891436969478
ENSSSCG00000011246,4.44158229611923,3.8452783254781
ENSSSCG00000027550,4.60156781696184,5.54461128503715
ENSSSCG00000011249,6.95551077246608,7.36710454478315
ENSSSCG00000011251,5.11670041715772,4.82906900742336
ENSSSCG00000011250,4.52379159070698,4.49311789541798
ENSSSCG00000011253,5.37561792995261,5.6445261922841
ENSSSCG00000011255,-1.3010534406464,-0.275097240265819
ENSSSCG00000011254,1.4485423725996,2.06127417365364
ENSSSCG00000011257,0.901016344624057,2.98753919341803
ENSSSCG00000011258,-1.5956269400881,-0.801432154592459
ENSSSCG00000011259,-0.225096418835447,1.49351421091838
ENSSSCG00000011260,-1.76904577456744,-0.51439395667637
ENSSSCG00000011261,6.08453295958533,6.28949163134625
ENSSSCG00000011465,4.03632244315774,4.07346806480206
ENSSSCG00000031791,8.15214000331398,7.28856799062933
ENSSSCG00000011467,4.8392044092429,4.98104471890921
ENSSSCG00000038873,7.88227891378363,6.93654657504206
ENSSSCG00000034916,6.87165983581931,6.04096385353646
ENSSSCG00000011263,8.72266025272241,8.76353923852645
ENSSSCG00000032596,1.40836959521317,1.74525785846237
ENSSSCG00000011310,1.56275558109478,1.47724380910331
ENSSSCG00000011471,8.03664424171902,8.96795272657839
ENSSSCG00000052616,-1.3010534406464,-1.16013180230037
ENSSSCG00000055206,-0.94826101088964,-0.969662564375006
ENSSSCG00000030575,2.28256878788505,0.512334077457971
ENSSSCG00000046162,-0.289717603961706,-0.275097240265819
ENSSSCG00000052811,-0.665011214899346,0.6051024001257
ENSSSCG00000057463,0.901016344624057,1.22779433856161
ENSSSCG00000059369,0.715917087066103,0.543924309209927
ENSSSCG00000060795,-1.1736270562095,-0.331304090129519
ENSSSCG00000063054,-0.103938698558373,0.6051024001257
ENSSSCG00000058236,-0.428350711608159,0.066857978120369
ENSSSCG00000056248,-0.428350711608159,-1.26570965698543
ENSSSCG00000019894,-0.357369586612393,-0.724143750785594
ENSSSCG00000021408,7.56125735018745,6.64080081483761
ENSSSCG00000022616,5.42049226503871,5.49193313667365
ENSSSCG00000011455,3.77712447056215,4.92516325261937
ENSSSCG00000011456,4.00635741057301,5.56688643740971
ENSSSCG00000037914,3.51868035856767,5.17510075027602
ENSSSCG00000011458,4.69219352483693,5.22954055560272
ENSSSCG00000060858,4.74355289810022,4.71053955866532
ENSSSCG00000027019,1.68549407120461,2.09365420909009
ENSSSCG00000011461,2.24884081421465,-2.35951718500686
ENSSSCG00000035859,4.23027296690235,3.93736303127276
ENSSSCG00000011442,7.20784534173712,7.17462387614119
ENSSSCG00000011443,6.53579428508667,6.71031659395041
ENSSSCG00000011444,4.97605029458216,4.57567323682998
ENSSSCG00000034529,3.58325587051105,3.07663276352414
ENSSSCG00000035824,6.2612732084305,6.42184123835508
ENSSSCG00000011449,4.59710699083293,4.96654763850459
ENSSSCG00000011448,6.98824364380254,6.88274477730304
ENSSSCG00000011447,6.53229377050953,5.70952060478504
ENSSSCG00000011446,6.88315610067745,6.94876763346681
ENSSSCG00000011450,0.384321665410682,-0.450747065242323
ENSSSCG00000011451,2.00125981237482,2.94676112973231
ENSSSCG00000011453,3.4007752754125,3.18077946693977
ENSSSCG00000033422,5.0032772491149,5.08133307267156
ENSSSCG00000011454,4.00635741057301,3.89512044445611
ENSSSCG00000034614,5.056236507543,5.04177371669394
ENSSSCG00000037433,2.86816398685734,1.4441419554549
ENSSSCG00000025272,5.03989460872799,4.83227083232856
ENSSSCG00000040581,4.07533158707034,3.03832948289955
ENSSSCG00000011415,5.49551318070452,4.748318904002
ENSSSCG00000011416,3.10022528325059,3.45451597397753
ENSSSCG00000032914,8.02755614660096,5.21489589643943
ENSSSCG00000011417,5.65744937570896,6.12430325310536
ENSSSCG00000011424,5.74775565197219,5.63813720763157
ENSSSCG00000011423,4.60379306832259,5.36945164087797
ENSSSCG00000043327,0.0606232623061967,-0.650786169073976
ENSSSCG00000060753,0.0606232623061967,-1.06175616837389
ENSSSCG00000023177,3.76126307444923,3.69157352599349
ENSSSCG00000023033,5.90128440396143,5.84645649173595
ENSSSCG00000028446,5.18368504726424,4.29386028841113
ENSSSCG00000042259,5.42804678572108,5.7625111824746
ENSSSCG00000030229,6.2905770195826,5.9802000273897
ENSSSCG00000023325,5.4442804567863,4.83227083232856
ENSSSCG00000027573,8.16406422007092,7.92099712294075
ENSSSCG00000059013,5.54151050910773,5.00677792283148
ENSSSCG00000011426,4.08173178280619,2.77104214505238
ENSSSCG00000011437,6.27110742894704,6.94581444518384
ENSSSCG00000011436,1.58094201213036,1.63223675073198
ENSSSCG00000011435,5.99072383426136,5.7907648529947
ENSSSCG00000011434,5.1792154011969,5.72424501964516
ENSSSCG00000011433,7.31698372558083,7.21412521661366
ENSSSCG00000011347,4.74355289810022,5.23075426007606
ENSSSCG00000048408,3.27236981988504,3.95509510037533
ENSSSCG00000011346,8.23199359746168,8.89537912625354
ENSSSCG00000011350,4.06890287172142,3.76042224664028
ENSSSCG00000011351,6.45119950876248,6.17246882139733
ENSSSCG00000011359,3.24411724595056,3.60810942381796
ENSSSCG00000011358,1.94620374824525,2.10428804524604
ENSSSCG00000011357,7.35413819679309,6.80380197129814
ENSSSCG00000011353,4.2978022842804,4.69479462931747
ENSSSCG00000011355,5.48105996318015,5.41394023292604
ENSSSCG00000011356,7.16214580899987,6.6728552930953
ENSSSCG00000011361,3.00241297879237,3.40806478716832
ENSSSCG00000011360,1.50677891522418,1.0847773181148
ENSSSCG00000011364,3.95498970508926,4.084251176488
ENSSSCG00000040922,5.23913361470931,5.26076969820633
ENSSSCG00000011363,4.86169341347863,5.1535044631881
ENSSSCG00000011366,4.7374854445382,4.13957694159375
ENSSSCG00000011367,6.15527017184619,6.2760339443351
ENSSSCG00000011368,5.16270719630383,5.20504954584646
ENSSSCG00000011369,8.51133455021573,8.3575291139607
ENSSSCG00000011370,5.62604586849209,5.71386693687096
ENSSSCG00000011371,4.80866313856108,5.0650950341979
ENSSSCG00000011373,6.50754942398114,6.62519488310236
ENSSSCG00000032031,7.58876061363577,6.97072593432188
ENSSSCG00000011375,7.2764078989006,7.30709710685544
ENSSSCG00000011377,8.50182043968368,8.22495021487553
ENSSSCG00000011378,5.05135334506695,4.88101140218015
ENSSSCG00000011379,5.97533794236654,5.05279542960736
ENSSSCG00000011376,0.208321522646333,1.14781387260733
ENSSSCG00000058399,4.08173178280619,4.44791253296088
ENSSSCG00000056386,1.56275558109478,1.67566381082393
ENSSSCG00000011382,5.99581621617776,5.52792313395089
ENSSSCG00000060656,8.21989481765087,7.14177356175842
ENSSSCG00000022080,8.0083667322484,7.57729715118175
ENSSSCG00000037459,5.48830467128222,5.02087827105262
ENSSSCG00000022975,0.577851083508549,0.852221766628148
ENSSSCG00000031594,5.10888793466526,5.15094233787261
ENSSSCG00000034357,7.6793782940705,7.23090209686178
ENSSSCG00000011384,2.33708688541697,3.38644584675528
ENSSSCG00000011385,6.23351903649371,6.00523911295465
ENSSSCG00000011386,4.71912845964747,3.74011040864293
ENSSSCG00000011387,5.64345640798252,5.70777839900036
ENSSSCG00000011389,4.8654077329908,4.05714075698815
ENSSSCG00000062528,5.63586513737513,4.33055042563357
ENSSSCG00000011390,6.68407317534987,6.805432056688
ENSSSCG00000011391,7.93094537113095,8.2173170279756
ENSSSCG00000049797,3.6493795680761,3.87352608194772
ENSSSCG00000011393,5.00664477155074,4.28687578431891
ENSSSCG00000026977,1.54433696419247,1.61746563255219
ENSSSCG00000025416,-0.163246077098895,0.306722442383792
ENSSSCG00000027992,3.58325587051105,4.52512704778107
ENSSSCG00000025791,3.26113509577104,2.90479685619967
ENSSSCG00000011394,5.72032965769076,6.00523911295465
ENSSSCG00000011395,7.88044454072552,8.48327791447923
ENSSSCG00000011398,4.98802536178947,5.16624727865955
ENSSSCG00000042718,3.28351773124027,3.63402652004958
ENSSSCG00000011397,-1.96619539223541,-0.969662564375006
ENSSSCG00000011399,8.61204690449624,7.86327909976217
ENSSSCG00000011400,5.86463858473915,5.85435229766621
ENSSSCG00000011401,0.985360575284754,1.24711535386201
ENSSSCG00000051852,4.52379159070698,4.63371303183342
ENSSSCG00000011402,2.85327760027406,1.88748384057387
ENSSSCG00000011404,4.50724482087935,3.8034740766224
ENSSSCG00000011420,5.25903652238039,5.52198680456373
ENSSSCG00000048899,1.48762675172783,1.61746563255219
ENSSSCG00000057646,1.14055756446698,1.24711535386201
ENSSSCG00000060422,1.61664122769751,1.52551466820507
ENSSSCG00000060968,1.54433696419247,2.35638466866671
ENSSSCG00000059982,-2.19461582859326,-1.26570965698543
ENSSSCG00000060904,3.23839972611689,3.03832948289955
ENSSSCG00000057242,6.97197003942011,5.45606045517299
ENSSSCG00000055923,-0.163246077098895,-0.0228605115491758
ENSSSCG00000058473,-0.94826101088964,-0.118530588140316
ENSSSCG00000018540,-1.96619539223541,-1.26570965698543
ENSSSCG00000029540,-3.86672707663002,-0.580978849888471
ENSSSCG00000018173,-0.665011214899346,-2.14284221802902
ENSSSCG00000011425,4.42153859749542,4.71227843525525
ENSSSCG00000060807,3.88352433256059,3.05486985244482
ENSSSCG00000011870,7.00307180539785,6.38142954887228
ENSSSCG00000041693,-0.665011214899346,-0.331304090129519
ENSSSCG00000011872,2.51787418640574,1.20821105392266
ENSSSCG00000052036,3.1739644641406,3.52744176235384
ENSSSCG00000036766,3.15587999024382,3.3377121190505
ENSSSCG00000011873,3.14369649336471,3.65225776258048
ENSSSCG00000011874,4.73545727617879,5.24283547503455
ENSSSCG00000011876,3.93037748785939,4.20031276270457
ENSSSCG00000027709,5.14905855304734,5.26076969820633
ENSSSCG00000028475,6.43816486522704,6.15850614953455
ENSSSCG00000053171,4.06890287172142,3.91941030357181
ENSSSCG00000026990,5.62166020444114,4.87326054959061
ENSSSCG00000025107,3.20946722096746,2.58616627273042
ENSSSCG00000011877,3.60118729289602,3.40806478716832
ENSSSCG00000025436,4.27004817449682,4.31918467198056
ENSSSCG00000011880,1.09065751143433,0.44699951176586
ENSSSCG00000011881,4.76558442885361,4.75508283732832
ENSSSCG00000011884,2.5272833570641,2.86782964222017
ENSSSCG00000011885,1.54433696419247,0.343090997642991
ENSSSCG00000036613,0.682619433441756,0.480036609493032
ENSSSCG00000030305,8.27434374912902,7.20334653803753
ENSSSCG00000012029,4.67747907943328,5.10270334271501
ENSSSCG00000011772,5.79526164333131,6.08054512061755
ENSSSCG00000025942,6.30705863472558,6.12103431143422
ENSSSCG00000021749,2.05429183424595,1.94777024234525
ENSSSCG00000024393,5.5216404417455,5.78746946769402
ENSSSCG00000031476,1.58094201213036,1.8626457560383
ENSSSCG00000011775,5.85906053446237,6.31660782024136
ENSSSCG00000011776,6.16660427675857,5.48889304722516
ENSSSCG00000032328,0.577851083508549,-0.331304090129519
ENSSSCG00000033424,4.80092571775472,4.59087622724653
ENSSSCG00000011782,5.06110319747316,5.77587597829306
ENSSSCG00000062141,3.74522535331173,4.47888742901233
ENSSSCG00000011783,6.14384631835806,5.98883390124371
ENSSSCG00000025374,6.6359580182637,6.40312322656226
ENSSSCG00000024437,7.70447914693419,7.3259592317513
ENSSSCG00000028856,5.73765856703974,5.86845675603111
ENSSSCG00000026185,0.901016344624057,0.480036609493032
ENSSSCG00000021319,3.62767334325461,3.07663276352414
ENSSSCG00000054583,0.299003801631898,0.066857978120369
ENSSSCG00000053887,-0.503005667143942,-0.969662564375006
ENSSSCG00000052048,4.37539542174089,4.10822247590328
ENSSSCG00000046387,7.80291140633044,7.42948010577154
ENSSSCG00000030255,8.57453157830085,8.28314229413141
ENSSSCG00000053702,3.44612631452737,3.53532168307395
ENSSSCG00000021581,2.21430541888211,3.58171821333942
ENSSSCG00000022507,4.53549558807196,4.84817422751139
ENSSSCG00000023909,1.68549407120461,3.02159727799667
ENSSSCG00000025270,3.9409770362239,4.27751019935945
ENSSSCG00000062432,0.111554715953384,-1.06175616837389
ENSSSCG00000043503,1.61664122769751,1.92395712532492
ENSSSCG00000058799,-2.19461582859326,-0.801432154592459
ENSSSCG00000041813,3.44612631452737,3.63402652004958
ENSSSCG00000038376,2.49886972135825,2.32035389170899
ENSSSCG00000029774,5.82513159131971,5.53580043304818
ENSSSCG00000011675,1.0124140211341,1.82456795126936
ENSSSCG00000054119,0.464874497983746,1.94777024234525
ENSSSCG00000061813,2.36883548604693,3.52744176235384
ENSSSCG00000011676,8.03437757943669,7.16988613435113
ENSSSCG00000028258,4.70675940750322,4.98680300636501
ENSSSCG00000032162,0.613625923982859,1.64685816540168
ENSSSCG00000011713,1.46821691359075,1.71782176674871
ENSSSCG00000011717,1.75121004166391,2.01693833045353
ENSSSCG00000031367,6.87626934067818,7.92156092009491
ENSSSCG00000022105,1.48762675172783,2.07214846811371
ENSSSCG00000011629,4.81635928352434,5.13157997329872
ENSSSCG00000011630,0.748463530495347,1.99424877862076
ENSSSCG00000011631,5.11045381932217,4.93413181827463
ENSSSCG00000011632,5.73563064221578,5.52792313395089
ENSSSCG00000054039,5.69759052236449,5.34500181549893
ENSSSCG00000033350,8.82336579218194,7.57991864320103
ENSSSCG00000044713,-1.1736270562095,-0.389789821758014
ENSSSCG00000027820,4.97433142754565,6.66164956282675
ENSSSCG00000034515,-0.289717603961706,-0.580978849888471
ENSSSCG00000033637,0.929682484613295,2.27401191108018
ENSSSCG00000025721,-1.96619539223541,-1.26570965698543
ENSSSCG00000041735,3.23839972611689,4.1447370696053
ENSSSCG00000039224,1.48762675172783,1.30357276293605
ENSSSCG00000062072,3.14369649336471,3.44199506771677
ENSSSCG00000011342,6.54566653224109,6.71379279033856
ENSSSCG00000029251,8.52387424988313,8.3486125274665
ENSSSCG00000011344,1.03896948409484,1.81164869165001
ENSSSCG00000011340,5.37039941455435,5.79815206303426
ENSSSCG00000062232,1.11582327058225,1.16822850108867
ENSSSCG00000048463,3.69601391356227,3.48331563239148
ENSSSCG00000012089,5.88673758510631,5.07863939320442
ENSSSCG00000012088,7.85053863025681,6.92534596556604
ENSSSCG00000038089,7.84325859689624,7.34653861774462
ENSSSCG00000030696,5.37301103180343,4.47069226487788
ENSSSCG00000011756,-1.1736270562095,-1.16013180230037
ENSSSCG00000035037,4.1226549774172,5.61879871701862
ENSSSCG00000022164,5.15210276322738,4.65013503043335
ENSSSCG00000021698,4.1834308748793,4.63003817349153
ENSSSCG00000034758,6.26619869811956,6.62565629881356
ENSSSCG00000027357,5.8078631265134,5.76502653061524
ENSSSCG00000037061,5.18070682236096,5.22223680800784
ENSSSCG00000038081,5.44923890436946,5.39565993424869
ENSSSCG00000039085,5.78451219843204,5.98596168055907
ENSSSCG00000029627,5.01836958180639,5.33374978652085
ENSSSCG00000025525,5.9727575983284,5.86298806225304
ENSSSCG00000022246,4.11643416412382,3.51155161442838
ENSSSCG00000028197,6.93356374089407,6.91178943006129
ENSSSCG00000024500,5.6934173501541,5.616014792389
ENSSSCG00000023762,3.30007972835331,4.24664521557974
ENSSSCG00000053846,-0.289717603961706,0.800848232904328
ENSSSCG00000027165,5.4967111049778,5.3902389966062
ENSSSCG00000035795,4.71707430130698,4.46245028240699
ENSSSCG00000031249,7.19720034372611,7.39903431960939
ENSSSCG00000025133,4.0230814273829,3.6774005403821
ENSSSCG00000028571,4.23315070803212,4.43743799797972
ENSSSCG00000054232,2.37926496751754,3.09274217814535
ENSSSCG00000057336,2.4403064491966,3.2056824019525
ENSSSCG00000044255,0.54116651967454,1.42730178812359
ENSSSCG00000049147,0.87176904556138,1.63223675073198
ENSSSCG00000027738,5.95369272746601,5.17131305619511
ENSSSCG00000024222,5.05786056230983,4.29153587546859
ENSSSCG00000030247,3.75727032724029,4.27985730165485
ENSSSCG00000011239,6.83376990594737,6.95795757559791
ENSSSCG00000011241,1.52568015604393,1.98276876816261
ENSSSCG00000011245,6.93356374089407,6.2730916742871
ENSSSCG00000042530,-0.103938698558373,0.343090997642991
ENSSSCG00000011243,7.00307180539785,7.15589832269875
ENSSSCG00000039888,-1.1736270562095,0.378565244869403
ENSSSCG00000056460,0.342293330875861,0.774458752770575
ENSSSCG00000011882,7.62973935527255,8.14657690788398
ENSSSCG00000051935,-0.94826101088964,-1.95450014976733
ENSSSCG00000011284,6.02433836851206,6.26778041938271
ENSSSCG00000030065,6.65914664994024,6.08659086751559
ENSSSCG00000011286,3.93037748785939,3.68804331147842
ENSSSCG00000011287,4.39865148224228,4.56030833090418
ENSSSCG00000050245,7.48272721701823,7.48977722234736
ENSSSCG00000011290,5.86185225547763,5.34947816927362
ENSSSCG00000031154,2.86073999404779,2.78432850690455
ENSSSCG00000011292,3.80059431048723,4.06532750825372
ENSSSCG00000011294,5.59394355388237,4.29618096237515
ENSSSCG00000049863,-0.665011214899346,-0.883096611932229
ENSSSCG00000030528,5.02834413118639,5.32240930916795
ENSSSCG00000060376,1.87429076377796,0.747577553315015
ENSSSCG00000057067,3.6918361717117,2.86157528753835
ENSSSCG00000027594,5.73359986282554,5.52396829632249
ENSSSCG00000026761,7.25426800025424,6.9641734650063
ENSSSCG00000038281,0.342293330875861,0.826763660403192
ENSSSCG00000035537,4.58138457622712,4.55062149769339
ENSSSCG00000028883,3.70017959247316,3.54315879779995
ENSSSCG00000020706,6.22342431503177,6.18567193823405
ENSSSCG00000012053,1.78297855012575,0.306722442383792
ENSSSCG00000012054,4.20704202388818,4.37952260415124
ENSSSCG00000012055,5.22330068726953,5.2631441715053
ENSSSCG00000012056,1.18878921645065,0.480036609493032
ENSSSCG00000012059,6.17635565338537,5.89472804603304
ENSSSCG00000011313,5.3171489986174,5.749021419687
ENSSSCG00000027176,6.14690153503301,6.19502930160196
ENSSSCG00000028643,7.8911882333228,5.44877762612671
ENSSSCG00000063482,-1.05654789507939,-1.95450014976733
ENSSSCG00000011314,7.02316287404984,6.57733790376635
ENSSSCG00000062437,-1.44083485948891,-1.26570965698543
ENSSSCG00000011316,-1.05654789507939,-0.220998320347156
ENSSSCG00000054177,7.67011720611681,5.96569441369661
ENSSSCG00000011318,0.715917087066103,0.6051024001257
ENSSSCG00000011317,6.31794269397149,5.29017336795061
ENSSSCG00000026707,-0.0469734082326686,-0.969662564375006
ENSSSCG00000011322,0.841916534859911,0.480036609493032
ENSSSCG00000063596,0.957790112127212,0.800848232904328
ENSSSCG00000024344,2.14265094238106,2.22613179775697
ENSSSCG00000023557,0.464874497983746,0.574837615712797
ENSSSCG00000029879,9.08415407090321,8.35863982237514
ENSSSCG00000045673,1.90348749886982,2.05031729144738
ENSSSCG00000026945,4.72935560734964,5.52891015171811
ENSSSCG00000036227,-2.19461582859326,-0.724143750785594
ENSSSCG00000023395,0.384321665410682,0.720185961482743
ENSSSCG00000056944,-1.44083485948891,-0.0699026685752995
ENSSSCG00000032551,1.34593178147808,2.4593733377272
ENSSSCG00000021997,7.33517841809072,7.60400279981419
ENSSSCG00000038857,0.577851083508549,-0.650786169073976
ENSSSCG00000043557,-0.163246077098895,-0.0228605115491758
ENSSSCG00000011324,2.9751695535918,3.26375205522008
ENSSSCG00000011325,1.46821691359075,1.61746563255219
ENSSSCG00000011326,3.6918361717117,3.9492085934676
ENSSSCG00000011329,6.95202160618097,7.17525440114196
ENSSSCG00000011330,7.145821815435,7.70504924471835
ENSSSCG00000054848,4.73342625256695,5.0826780287199
ENSSSCG00000011332,6.51111042070289,7.01577838790171
ENSSSCG00000051293,2.98885557233165,2.42585407584627
ENSSSCG00000040687,1.52568015604393,-1.16013180230037
ENSSSCG00000002795,5.98731889941194,3.73669712447758
ENSSSCG00000002802,2.89748372295634,3.10338271409922
ENSSSCG00000021911,7.03062547278867,9.93146126635911
ENSSSCG00000026505,3.74925152860503,4.70006205475833
ENSSSCG00000002799,7.02233130856475,7.30104343395073
ENSSSCG00000040881,3.46093196454201,2.99327166878598
ENSSSCG00000032985,7.21003798269979,6.70639583492754
ENSSSCG00000002781,0.425160216794395,3.19577275116599
ENSSSCG00000002779,6.06124153503077,5.35394067689356
ENSSSCG00000035983,9.05344726756617,9.14849103446589
ENSSSCG00000002778,5.94757341459021,6.52437869529302
ENSSSCG00000002777,3.34333746438284,4.79337180674343
ENSSSCG00000002776,6.683547283276,5.95692051869183
ENSSSCG00000002774,6.26056819229542,6.29820123219854
ENSSSCG00000024253,6.22125194008214,6.44816687920073
ENSSSCG00000022722,1.58094201213036,2.24547494246517
ENSSSCG00000029590,4.76359540736435,4.28220059168055
ENSSSCG00000034863,2.51787418640574,1.39302001591966
ENSSSCG00000028661,4.5331623722572,4.14215931264521
ENSSSCG00000021711,0.0606232623061967,-0.450747065242323
ENSSSCG00000024750,5.80496484613529,5.5338351368899
ENSSSCG00000021803,6.23567303198176,6.11775794598201
ENSSSCG00000002767,6.74229728311946,6.68530323917943
ENSSSCG00000002768,4.03302356480932,3.60810942381796
ENSSSCG00000030295,6.45428571420778,6.10722329358932
ENSSSCG00000002771,6.57997951092549,6.7956238021211
ENSSSCG00000040313,5.23195836264199,5.086705390158
ENSSSCG00000031781,3.83888168046947,4.56030833090418
ENSSSCG00000028350,2.21430541888211,2.8426478762261
ENSSSCG00000028609,5.76277000237864,4.89791810285523
ENSSSCG00000023514,4.40121249903953,4.88255658823939
ENSSSCG00000021105,8.57778972123294,7.64554750537468
ENSSSCG00000059913,3.72082945328224,3.59308789804756
ENSSSCG00000029578,5.84219580214831,6.29878000699393
ENSSSCG00000035227,5.11825784971658,5.88858946679166
ENSSSCG00000057510,3.27236981988504,3.15031718730706
ENSSSCG00000002769,5.48468686477405,5.58882288529855
ENSSSCG00000026038,2.36883548604693,2.4593733377272
ENSSSCG00000047981,-2.80087696638474,-1.06175616837389
ENSSSCG00000051564,1.34593178147808,2.50020608859808
ENSSSCG00000060951,0.0606232623061967,0.774458752770575
ENSSSCG00000038329,5.77861493015072,5.29249997537808
ENSSSCG00000027660,7.12853843832186,6.61081730392508
ENSSSCG00000039548,5.71930379891511,4.86702974547515
ENSSSCG00000003762,5.3035235165232,4.78513412837772
ENSSSCG00000033425,-0.753389730293386,1.81164869165001
ENSSSCG00000003787,7.23573431934667,7.3282288826739
ENSSSCG00000003788,3.62329263130676,3.91941030357181
ENSSSCG00000035582,3.13140923046282,4.10822247590328
ENSSSCG00000003763,6.48237325833104,5.6644236183423
ENSSSCG00000025085,3.48527532162624,3.8704146169824
ENSSSCG00000003781,6.5281990729065,6.25947940496398
ENSSSCG00000040109,-1.44083485948891,-0.118530588140316
ENSSSCG00000003783,4.65189981179729,5.00677792283148
ENSSSCG00000003784,2.05429183424595,1.88748384057387
ENSSSCG00000024494,1.16487493893756,0.6051024001257
ENSSSCG00000003775,5.66599345698439,5.5338351368899
ENSSSCG00000003776,5.45294658827226,4.97960154872618
ENSSSCG00000003777,-1.3010534406464,-1.16013180230037
ENSSSCG00000003779,3.31645375125364,3.21061181823215
ENSSSCG00000003780,7.01063878181829,6.73190665969454
ENSSSCG00000003766,5.85719638138051,5.60013693512336
ENSSSCG00000003771,6.7433069271697,7.02804725793648
ENSSSCG00000003768,6.69924124967215,5.13157997329872
ENSSSCG00000003770,2.66151846255649,3.19079228287975
ENSSSCG00000040220,5.37301103180343,5.81524319431432
ENSSSCG00000003772,5.39758841209093,5.96204510655138
ENSSSCG00000003773,0.87176904556138,-0.331304090129519
ENSSSCG00000053847,-0.581735609749139,-0.801432154592459
ENSSSCG00000019699,-0.753389730293386,-0.650786169073976
ENSSSCG00000019065,-1.05654789507939,-0.389789821758014
ENSSSCG00000035230,5.08678519741317,4.96945873205175
ENSSSCG00000034905,5.52399235090656,4.70879858368252
ENSSSCG00000031493,5.46033349202391,5.45606045517299
ENSSSCG00000035967,5.21749990436263,5.33826113453456
ENSSSCG00000033920,4.92535238635861,5.08133307267156
ENSSSCG00000034455,3.88718294062455,4.00701998574096
ENSSSCG00000002648,1.52568015604393,0.44699951176586
ENSSSCG00000002646,6.06770440389911,6.19316267800184
ENSSSCG00000002645,7.51707638078373,7.05330570925706
ENSSSCG00000002650,4.44158229611923,4.68420172925064
ENSSSCG00000002651,2.23742062690637,1.57222259459841
ENSSSCG00000024974,9.15784666648623,8.9391000157789
ENSSSCG00000024756,5.98305139893304,5.89855143654796
ENSSSCG00000039541,7.48212254530172,8.03654416415878
ENSSSCG00000023866,4.64974759254066,4.76181520654838
ENSSSCG00000002639,-1.05654789507939,0.378565244869403
ENSSSCG00000036102,6.41046623348265,6.09394587248945
ENSSSCG00000002635,6.28781168446839,6.62057259119619
ENSSSCG00000024687,3.63639506216962,2.7576322855016
ENSSSCG00000029228,5.24769707535591,5.62896072464036
ENSSSCG00000022310,5.12601989246791,4.97526335603362
ENSSSCG00000029339,2.96135245902405,2.53991488424887
ENSSSCG00000025401,6.47144751096236,6.49790804969955
ENSSSCG00000003726,3.29458016119167,1.85006449232
ENSSSCG00000023677,5.89129924211917,5.98811638197803
ENSSSCG00000020694,-1.1736270562095,-1.26570965698543
ENSSSCG00000021971,-0.581735609749139,-0.580978849888471
ENSSSCG00000026662,1.93210506278503,2.85529370095294
ENSSSCG00000020740,-1.1736270562095,0.066857978120369
ENSSSCG00000027160,0.111554715953384,-0.331304090129519
ENSSSCG00000022739,7.19977702651543,7.62099595065872
ENSSSCG00000002633,7.32037047103954,8.00904397824302
ENSSSCG00000003722,2.60931343902336,5.36171700432071
ENSSSCG00000002637,3.63639506216962,4.13439829093663
ENSSSCG00000035965,0.111554715953384,0.231113683523015
ENSSSCG00000056858,2.13035473334754,2.89257939860165
ENSSSCG00000041404,0.577851083508549,1.66133288059543
ENSSSCG00000002640,6.82425915109845,7.63435610199231
ENSSSCG00000003721,4.69010062728508,4.1187498612742
ENSSSCG00000002668,6.59850948043676,5.30061368023256
ENSSSCG00000025005,1.11582327058225,1.49351421091838
ENSSSCG00000038048,-0.225096418835447,2.11484407452863
ENSSSCG00000003728,5.47256156484119,5.69288408447631
ENSSSCG00000032115,2.85327760027406,4.14215931264521
ENSSSCG00000031450,3.52808428998225,5.33938677074289
ENSSSCG00000003729,3.39564713084774,4.26808341807603
ENSSSCG00000057749,7.03434234628851,6.42396505813963
ENSSSCG00000003730,5.05786056230983,5.0292728010973
ENSSSCG00000003731,4.54015072985995,4.31918467198056
ENSSSCG00000050585,-2.19461582859326,-1.26570965698543
ENSSSCG00000003733,4.8801701155481,5.47462063953432
ENSSSCG00000057415,4.40121249903953,0.926006765743826
ENSSSCG00000024800,6.58223828480032,6.24393536093021
ENSSSCG00000003736,1.03896948409484,1.58746179948828
ENSSSCG00000003737,1.71872620129392,-0.650786169073976
ENSSSCG00000028047,6.49501625845119,6.12691308388419
ENSSSCG00000030002,4.58364115303315,4.64650181774026
ENSSSCG00000027700,6.12150035819597,6.07041223211959
ENSSSCG00000027455,5.15665706813262,4.99682503480275
ENSSSCG00000020898,4.98290535657391,5.4182080252534
ENSSSCG00000002688,4.41141134471524,6.1514738094467
ENSSSCG00000040875,3.73713913719888,3.7903636675655
ENSSSCG00000003744,0.384321665410682,1.98276876816261
ENSSSCG00000053583,2.09282450672441,1.06313784412392
ENSSSCG00000027935,5.20582789483282,4.46245028240699
ENSSSCG00000020678,4.80092571775472,4.83706028537503
ENSSSCG00000035629,0.577851083508549,0.343090997642991
ENSSSCG00000032996,4.41141134471524,3.60061821160102
ENSSSCG00000002652,5.98646640858209,6.07650050150616
ENSSSCG00000003746,0.613625923982859,-0.450747065242323
ENSSSCG00000026953,5.02834413118639,5.05964148476002
ENSSSCG00000002653,1.09065751143433,2.42585407584627
ENSSSCG00000002656,4.84109194060761,5.340511529379
ENSSSCG00000002655,6.47205667251464,6.48015732698732
ENSSSCG00000002654,5.42553300498319,5.44669004730918
ENSSSCG00000002666,6.14690153503301,6.62196083442876
ENSSSCG00000002667,5.32256336256864,5.76335011922981
ENSSSCG00000003747,2.86073999404779,2.81701875074225
ENSSSCG00000002669,7.4459907358655,5.56976669995355
ENSSSCG00000003748,-0.103938698558373,-1.50331917830221
ENSSSCG00000002670,5.97103480145576,5.96860722766653
ENSSSCG00000038285,3.85391657911372,4.57758239510248
ENSSSCG00000037645,6.29677971128953,5.88010604428504
ENSSSCG00000002672,4.8392044092429,4.40124476042477
ENSSSCG00000002671,6.50576562409104,6.64262575764108
ENSSSCG00000046533,1.98769151381773,3.21552444896481
ENSSSCG00000061859,-0.289717603961706,0.926006765743826
ENSSSCG00000023837,4.99990184785204,2.99327166878598
ENSSSCG00000054929,3.64073622851727,3.38208290956991
ENSSSCG00000057132,-2.19461582859326,-0.0228605115491758
ENSSSCG00000002660,5.6050941932154,5.84724801977206
ENSSSCG00000038460,4.0230814273829,3.83892522123326
ENSSSCG00000034980,3.01584416771585,3.18077946693977
ENSSSCG00000029034,7.28301886796257,7.02699971918723
ENSSSCG00000045808,4.33041744447865,4.00985062733713
ENSSSCG00000059578,1.98769151381773,2.22613179775697
ENSSSCG00000056302,1.90348749886982,1.74525785846237
ENSSSCG00000002664,5.47863695333357,5.67605347890177
ENSSSCG00000060235,-0.503005667143942,-0.801432154592459
ENSSSCG00000034385,-1.5956269400881,-0.51439395667637
ENSSSCG00000002680,4.87649365725498,5.30292352496032
ENSSSCG00000002675,7.03392983291383,6.4627020787433
ENSSSCG00000002681,5.66386217579353,5.86220512531258
ENSSSCG00000002682,7.19498808972625,7.34933498858594
ENSSSCG00000002689,6.72144232463867,6.17436239489551
ENSSSCG00000002690,1.21231354325694,2.85529370095294
ENSSSCG00000036572,2.00125981237482,3.10338271409922
ENSSSCG00000039200,2.49886972135825,3.97551076433885
ENSSSCG00000040203,3.8798564228418,4.61524441199183
ENSSSCG00000035388,4.20996643151759,5.12506767096301
ENSSSCG00000032216,5.21021597203009,5.80550164004291
ENSSSCG00000039216,0.87176904556138,-0.51439395667637
ENSSSCG00000032060,3.10651622932763,2.19662193895553
ENSSSCG00000038128,2.59148335847871,2.21636209324052
ENSSSCG00000031421,7.27256660370414,7.14145093178501
ENSSSCG00000027415,3.12522613144149,2.96437876298604
ENSSSCG00000002696,5.21021597203009,4.19534796975681
ENSSSCG00000002658,-0.428350711608159,-2.35951718500686
ENSSSCG00000029296,-1.05654789507939,-2.35951718500686
ENSSSCG00000062019,-1.5956269400881,-1.06175616837389
ENSSSCG00000054216,3.36448946922339,4.14731022893322
ENSSSCG00000051512,-2.19461582859326,-1.26570965698543
ENSSSCG00000061465,0.81143323514119,0.512334077457971
ENSSSCG00000057892,1.28066902659574,2.19662193895553
ENSSSCG00000060189,-0.581735609749139,-0.118530588140316
ENSSSCG00000056644,1.54433696419247,1.83737254564755
ENSSSCG00000045539,-2.19461582859326,-0.883096611932229
ENSSSCG00000062020,-0.847537601777033,2.13572720940697
ENSSSCG00000054946,-0.163246077098895,3.26375205522008
ENSSSCG00000059170,-2.80087696638474,-0.331304090129519
ENSSSCG00000044663,0.160749279997622,0.512334077457971
ENSSSCG00000054485,0.384321665410682,0.973180333493209
ENSSSCG00000053453,1.11582327058225,2.75088032244574
ENSSSCG00000054198,1.90348749886982,2.42585407584627
ENSSSCG00000059137,-0.503005667143942,-0.220998320347156
ENSSSCG00000042603,-0.94826101088964,-0.389789821758014
ENSSSCG00000061680,4.69637023349235,4.45416094358552
ENSSSCG00000003831,2.89748372295634,3.23983976676193
ENSSSCG00000025097,4.43409850455234,2.13572720940697
ENSSSCG00000005778,1.36704606077518,0.109708133942356
ENSSSCG00000025020,3.77317544011881,0.191769503652254
ENSSSCG00000005777,4.18936998772775,3.80673314746425
ENSSSCG00000003830,5.92994527069867,6.37705139212575
ENSSSCG00000056323,5.18962311600887,5.04453704892876
ENSSSCG00000003825,3.46093196454201,3.74691284553516
ENSSSCG00000058502,3.76524480197547,3.54706144775751
ENSSSCG00000040920,5.8165231958128,5.45294374338266
ENSSSCG00000061676,0.254375037426665,0.800848232904328
ENSSSCG00000003826,3.82368844563602,4.70531031823746
ENSSSCG00000003833,0.208321522646333,-0.220998320347156
ENSSSCG00000003749,4.8911436095687,5.00394124006963
ENSSSCG00000003828,4.76955426398731,4.85133397712492
ENSSSCG00000031912,7.43478486809973,7.60423694004653
ENSSSCG00000063412,2.75258133899587,3.23983976676193
ENSSSCG00000005780,2.55514818233533,2.43430718416671
ENSSSCG00000003875,7.04379774453795,6.01442976659412
ENSSSCG00000023171,4.67536471088308,4.2418375966162
ENSSSCG00000003760,3.67500316435656,3.41234996988791
ENSSSCG00000031172,7.0039145431736,6.6710682148723
ENSSSCG00000038475,3.96194532925284,2.66010204728776
ENSSSCG00000003876,4.08173178280619,3.70560863013466
ENSSSCG00000003877,5.69550544518528,5.14709059810392
ENSSSCG00000038632,5.10888793466526,5.44040912507956
ENSSSCG00000023376,1.48762675172783,2.50823576496658
ENSSSCG00000003753,2.89748372295634,4.9953975718845
ENSSSCG00000003755,4.98461404471611,4.97526335603362
ENSSSCG00000003756,7.02440932425743,6.11447412295306
ENSSSCG00000003757,5.47256156484119,4.45416094358552
ENSSSCG00000003758,0.929682484613295,-0.724143750785594
ENSSSCG00000029882,2.69530100957938,2.64561491550367
ENSSSCG00000053185,5.3157922266856,5.36503692747315
ENSSSCG00000022145,4.59710699083293,4.7346951513459
ENSSSCG00000026005,-1.1736270562095,0.378565244869403
ENSSSCG00000003761,5.58157748038342,5.48787825881472
ENSSSCG00000037291,-0.103938698558373,-0.580978849888471
ENSSSCG00000058037,-0.225096418835447,-1.06175616837389
ENSSSCG00000022206,1.11582327058225,1.12710621877915
ENSSSCG00000038041,3.07478353700702,4.10292983539149
ENSSSCG00000036145,3.06189241331493,2.70969117426895
ENSSSCG00000003839,6.94413999104159,6.8927470472875
ENSSSCG00000029633,6.52056366325604,6.95134672358108
ENSSSCG00000027525,7.24574356940672,6.55909496690405
ENSSSCG00000027362,0.613625923982859,0.269413319240056
ENSSSCG00000056444,1.65147836204809,3.47514565515157
ENSSSCG00000003843,3.41097720151772,3.14517701483991
ENSSSCG00000003844,4.75160334516216,4.34855141568573
ENSSSCG00000037559,5.9528201274254,6.77912705770275
ENSSSCG00000039594,6.17785003228332,6.31546426302457
ENSSSCG00000032083,5.77959948375443,5.84249232439793
ENSSSCG00000020677,4.1257553539808,3.89817913588535
ENSSSCG00000030538,1.88896298917059,1.6898537845966
ENSSSCG00000063048,4.1380906590801,4.26334682787085
ENSSSCG00000034261,8.0223668362644,8.25538359054967
ENSSSCG00000027641,6.39255885793772,7.19092862619259
ENSSSCG00000029698,5.47984896693817,5.57837314574566
ENSSSCG00000053317,4.01307029934895,3.98991850383546
ENSSSCG00000028896,-2.80087696638474,-0.118530588140316
ENSSSCG00000028506,5.8459605944816,4.55837616057812
ENSSSCG00000028748,3.32187072016948,3.7771330249621
ENSSSCG00000003846,3.10651622932763,5.06917171013684
ENSSSCG00000003848,2.72831056127704,2.33848175918667
ENSSSCG00000003849,4.41901344119094,4.17279251140364
ENSSSCG00000003850,5.58383375571635,5.00960903894158
ENSSSCG00000003851,4.45396965385522,4.38389327925118
ENSSSCG00000003852,-3.23753225397681,0.973180333493209
ENSSSCG00000027114,5.83463661537253,5.59543352591318
ENSSSCG00000003854,4.02971712592725,3.98704844379237
ENSSSCG00000003857,5.48709974352884,5.18139155870137
ENSSSCG00000027119,0.254375037426665,0.44699951176586
ENSSSCG00000034127,0.780291912538719,2.00563815946422
ENSSSCG00000038094,4.70468754926573,3.29657707260783
ENSSSCG00000003859,5.4039871528837,5.75830916534891
ENSSSCG00000028288,5.26044770698136,5.00109896872219
ENSSSCG00000003861,1.03896948409484,1.0847773181148
ENSSSCG00000003862,6.18900880514129,6.51743351544207
ENSSSCG00000003863,4.40376897767296,4.86390422302666
ENSSSCG00000038762,5.79817946274663,5.76586400637724
ENSSSCG00000003867,6.19049014159877,5.82008941515197
ENSSSCG00000046753,3.22689625712143,3.3733172519404
ENSSSCG00000021036,4.66047672489061,5.0292728010973
ENSSSCG00000003870,6.44003418291136,6.36494249916815
ENSSSCG00000021292,6.14461072931064,6.2630428326463
ENSSSCG00000059473,-0.847537601777033,-2.14284221802902
ENSSSCG00000003872,6.31794269397149,6.76746606208866
ENSSSCG00000032960,3.50921472702623,3.43779716712177
ENSSSCG00000040425,5.18368504726424,4.05440148353336
ENSSSCG00000038888,5.18962311600887,3.25900119963934
ENSSSCG00000037516,4.11018641085633,4.20278876677973
ENSSSCG00000023460,1.06504496640639,1.26618103197673
ENSSSCG00000037815,3.54671023363404,4.30772866583566
ENSSSCG00000003664,5.60842264819695,5.47154380974986
ENSSSCG00000037514,0.577851083508549,2.13572720940697
ENSSSCG00000003659,0.342293330875861,-0.0699026685752995
ENSSSCG00000034765,1.0124140211341,-0.51439395667637
ENSSSCG00000003832,8.44306861658972,9.26680486512831
ENSSSCG00000059120,-1.1736270562095,-0.580978849888471
ENSSSCG00000041038,-1.76904577456744,-0.650786169073976
ENSSSCG00000051950,-0.753389730293386,-1.16013180230037
ENSSSCG00000052521,-1.44083485948891,0.109708133942356
ENSSSCG00000061933,-0.753389730293386,-0.883096611932229
ENSSSCG00000055265,-2.19461582859326,-0.883096611932229
ENSSSCG00000052447,-0.665011214899346,-0.275097240265819
ENSSSCG00000056712,-1.1736270562095,-0.650786169073976
ENSSSCG00000042401,2.06725074680192,1.89974434301656
ENSSSCG00000060116,-1.76904577456744,-1.16013180230037
ENSSSCG00000058485,3.94449298372399,3.69157352599349
ENSSSCG00000059328,0.54116651967454,1.75878269330764
ENSSSCG00000058945,-3.23753225397681,-0.969662564375006
ENSSSCG00000059746,1.46821691359075,1.60254171360028
ENSSSCG00000059559,-0.163246077098895,-0.220998320347156
ENSSSCG00000043918,-0.847537601777033,-2.14284221802902
ENSSSCG00000046729,2.00125981237482,2.74409661085484
ENSSSCG00000054968,0.929682484613295,0.634745314624147
ENSSSCG00000061116,0.81143323514119,3.09274217814535
ENSSSCG00000031300,0.841916534859911,0.774458752770575
ENSSSCG00000034611,6.03839073770451,6.38633914581016
ENSSSCG00000029991,4.00635741057301,4.19036603229008
ENSSSCG00000058884,6.01600787558756,5.64179151980115
ENSSSCG00000031631,6.0210119414027,6.24152903466477
ENSSSCG00000039905,5.33064699839321,4.95484416578436
ENSSSCG00000032909,1.324503892854,0.413188112875905
ENSSSCG00000051819,6.64300792516753,6.40473717764678
ENSSSCG00000003651,5.11514130148657,3.41234996988791
ENSSSCG00000032240,4.10705235861764,4.78843484624748
ENSSSCG00000003640,-0.289717603961706,-1.95450014976733
ENSSSCG00000003642,4.781398644916,4.32601486342457
ENSSSCG00000003643,6.2577446774234,6.19316267800184
ENSSSCG00000003644,4.86726131285004,4.10822247590328
ENSSSCG00000003645,5.42175410213154,5.14064809118109
ENSSSCG00000039663,6.33277545314653,6.53571654585368
ENSSSCG00000038533,5.8260849167029,5.56400041307261
ENSSSCG00000039797,5.86834533915859,6.48474269972086
ENSSSCG00000038465,7.25568385465148,7.17966037704012
ENSSSCG00000037264,5.77071421899717,4.84342158933854
ENSSSCG00000003679,5.93171780956851,6.00026594101267
ENSSSCG00000003680,6.50814353415781,6.61918301083024
ENSSSCG00000003667,5.43431214131581,5.87778369961722
ENSSSCG00000039761,1.50677891522418,0.996201015194988
ENSSSCG00000003669,6.2154428971098,2.10428804524604
ENSSSCG00000003672,8.57112391377245,7.83522701738289
ENSSSCG00000036673,6.62285159951795,6.42396505813963
ENSSSCG00000003670,4.81251634298115,5.47666821990365
ENSSSCG00000027902,6.56235306203882,6.5557091189728
ENSSSCG00000023322,4.41901344119094,2.02815067824639
ENSSSCG00000025855,4.96224167302807,5.18765505538118
ENSSSCG00000058331,4.27843061287923,4.1187498612742
ENSSSCG00000027417,4.11954792373899,4.77352178121376
ENSSSCG00000059665,3.29458016119167,4.19783250191739
ENSSSCG00000038677,3.20361043539168,3.47104325081593
ENSSSCG00000039983,2.42024489322316,1.52551466820507
ENSSSCG00000032660,2.42024489322316,2.73728085074703
ENSSSCG00000034618,4.76955426398731,5.31327230373411
ENSSSCG00000034292,5.05461062250258,5.38370686903645
ENSSSCG00000032016,3.23839972611689,3.19079228287975
ENSSSCG00000035690,7.98806708735451,7.80458243162767
ENSSSCG00000003627,5.50268585138767,5.65721990201027
ENSSSCG00000037121,6.17710303632363,6.48575969529691
ENSSSCG00000031786,5.99327227208561,6.12691308388419
ENSSSCG00000035914,5.99750969020378,5.62619635915995
ENSSSCG00000037699,-1.1736270562095,-1.37962819886108
ENSSSCG00000037600,2.00125981237482,1.28499803379961
ENSSSCG00000003628,2.10544337267369,2.3740681350203
ENSSSCG00000003630,6.61515083924717,6.35495906636895
ENSSSCG00000037856,-0.847537601777033,-1.95450014976733
ENSSSCG00000023904,6.53404508949158,6.71769352545765
ENSSSCG00000030177,6.52995536656325,6.2391186880891
ENSSSCG00000003954,7.61960327479747,6.29472369892988
ENSSSCG00000003901,3.76524480197547,5.00677792283148
ENSSSCG00000003895,5.83936574656092,6.04096385353646
ENSSSCG00000038657,5.4293020354725,5.70166405702209
ENSSSCG00000003897,4.43909200990628,4.61152214652155
ENSSSCG00000003898,4.77746131263844,4.64468177448369
ENSSSCG00000033465,0.715917087066103,0.191769503652254
ENSSSCG00000003632,2.23742062690637,2.79749362501286
ENSSSCG00000003633,6.51820615336046,6.46321849428923
ENSSSCG00000003634,4.57912446428921,4.29153587546859
ENSSSCG00000033641,0.254375037426665,-1.63861791175253
ENSSSCG00000037213,6.09406187066253,5.75915054845353
ENSSSCG00000003637,7.31426859323324,6.7873990091409
ENSSSCG00000029954,8.34438521224968,8.34202913411505
ENSSSCG00000028892,2.02801948508034,3.63769124610861
ENSSSCG00000033892,3.08756049215293,3.12443120470841
ENSSSCG00000036832,6.74532409799598,6.81517407923773
ENSSSCG00000036709,6.71064261604892,6.69544859596473
ENSSSCG00000038916,4.29505077699978,4.07075964651888
ENSSSCG00000034647,4.55862252805882,4.44163694228231
ENSSSCG00000025795,-0.163246077098895,0.151322202724095
ENSSSCG00000003682,5.51337843402614,6.23791200298252
ENSSSCG00000038826,5.84219580214831,5.3727538330475
ENSSSCG00000003684,5.00496199288669,4.99682503480275
ENSSSCG00000024223,5.90670186702873,6.72632425005416
ENSSSCG00000038026,5.96930994484226,6.16423449444889
ENSSSCG00000028805,6.90992950041834,5.82250643452712
ENSSSCG00000034767,1.50677891522418,1.83737254564755
ENSSSCG00000021612,4.90924929725912,5.57551003136605
ENSSSCG00000003650,2.28256878788505,1.16822850108867
ENSSSCG00000003585,1.48762675172783,0.574837615712797
ENSSSCG00000035068,1.03896948409484,1.52551466820507
ENSSSCG00000053136,4.1834308748793,3.81969630309561
ENSSSCG00000045471,0.613625923982859,0.378565244869403
ENSSSCG00000044383,-0.503005667143942,-0.0699026685752995
ENSSSCG00000050425,-0.428350711608159,-1.26570965698543
ENSSSCG00000059980,0.00782776903463305,1.28499803379961
ENSSSCG00000049192,0.841916534859911,1.58746179948828
ENSSSCG00000059071,-0.581735609749139,-0.51439395667637
ENSSSCG00000051754,2.86073999404779,2.51622099743307
ENSSSCG00000048215,3.55593379830106,3.1191978017878
ENSSSCG00000048434,3.40588525623016,3.97840384607626
ENSSSCG00000045748,-1.76904577456744,0.480036609493032
ENSSSCG00000003648,5.76972358092888,5.82813044857426
ENSSSCG00000024678,2.49886972135825,2.7166382149345
ENSSSCG00000003317,4.20704202388818,4.18286071986411
ENSSSCG00000003359,5.38081763695423,5.32695620287244
ENSSSCG00000003360,4.9164284248884,4.98104471890921
ENSSSCG00000025685,6.93797993807013,7.21043873448393
ENSSSCG00000026554,2.30462385924679,2.50823576496658
ENSSSCG00000034547,5.47620986718893,6.56872526150957
ENSSSCG00000035770,5.08678519741317,5.2631441715053
ENSSSCG00000035376,7.12853843832186,6.85310335639266
ENSSSCG00000028572,4.67324723903207,4.91311777305348
ENSSSCG00000029744,3.18589605513591,2.27401191108018
ENSSSCG00000027299,4.98461404471611,5.30061368023256
ENSSSCG00000003350,6.61790583183165,6.36825501662319
ENSSSCG00000003351,4.30328960568751,3.51951856546125
ENSSSCG00000003352,6.44500722099438,6.03402837599892
ENSSSCG00000003353,6.2499513970359,6.41651796997669
ENSSSCG00000036305,2.89020946153077,3.09807225595263
ENSSSCG00000003885,6.55374619774544,6.17814210207446
ENSSSCG00000039516,5.5894590542868,5.66262605862583
ENSSSCG00000003362,6.32605218885138,6.67062109921649
ENSSSCG00000021436,2.23742062690637,2.50823576496658
ENSSSCG00000003888,3.49968658036642,3.16562872641229
ENSSSCG00000031102,5.88765107111877,5.83772090050285
ENSSSCG00000003393,2.47961156701835,3.07663276352414
ENSSSCG00000058056,1.84449092952033,2.07214846811371
ENSSSCG00000020872,3.67500316435656,4.65013503043335
ENSSSCG00000003395,2.21430541888211,2.17660793203872
ENSSSCG00000003396,8.96392765250137,8.05994948805095
ENSSSCG00000036868,3.98602927327397,3.62666902178693
ENSSSCG00000038967,7.39807332452371,7.74700557792148
ENSSSCG00000021890,8.61893932440873,8.3118113146188
ENSSSCG00000003894,3.40588525623016,2.75088032244574
ENSSSCG00000035074,2.65294775884989,2.55549734854186
ENSSSCG00000003379,5.19553684407707,5.52099503718258
ENSSSCG00000027869,4.57686080612584,4.98248644688932
ENSSSCG00000036876,4.33310238247778,4.69127229753423
ENSSSCG00000003384,5.54498875858328,5.62435050176156
ENSSSCG00000036772,4.93422148678126,3.9492085934676
ENSSSCG00000003923,5.83558368258458,5.87157244182845
ENSSSCG00000038474,4.91463698939483,4.84500754231129
ENSSSCG00000003354,7.6357326257569,7.93539862422296
ENSSSCG00000033374,5.27308663423354,5.13806301125535
ENSSSCG00000029808,4.57459359059113,4.44163694228231
ENSSSCG00000003346,2.83823600625996,3.74351563634806
ENSSSCG00000034013,1.48762675172783,1.70390554777238
ENSSSCG00000003344,5.36384961281375,5.31556198587618
ENSSSCG00000003343,4.8182769219013,4.43953899775177
ENSSSCG00000031977,6.08692109427214,3.53138710266873
ENSSSCG00000038530,1.46821691359075,2.06127417365364
ENSSSCG00000003926,4.41141134471524,5.02787710037138
ENSSSCG00000003348,5.8885639790959,5.71039091935085
ENSSSCG00000037270,6.96808872831113,7.11441795438403
ENSSSCG00000038006,4.55862252805882,4.73126901584918
ENSSSCG00000003928,1.88896298917059,3.86417148287992
ENSSSCG00000003929,0.425160216794395,0.634745314624147
ENSSSCG00000003930,10.5096856942765,10.3450965117465
ENSSSCG00000003931,3.65797143270632,2.48401140576021
ENSSSCG00000033259,5.02502693797951,4.04062655214545
ENSSSCG00000027423,5.3950209481316,5.47973415184989
ENSSSCG00000037341,5.83274061377869,5.9250351604941
ENSSSCG00000033257,5.43180926324289,5.65902420607249
ENSSSCG00000003400,3.81986500427452,2.94084044994871
ENSSSCG00000003399,-1.1736270562095,-1.37962819886108
ENSSSCG00000003398,6.39255885793772,6.60052623152916
ENSSSCG00000003881,5.0835998381777,5.17887852606734
ENSSSCG00000003333,1.18878921645065,1.04116884334027
ENSSSCG00000003882,-0.847537601777033,1.14781387260733
ENSSSCG00000037318,3.78106272098611,0.926006765743826
ENSSSCG00000038280,4.7108942190829,4.94748098775896
ENSSSCG00000003334,4.97776711614943,4.93859527985266
ENSSSCG00000045959,0.0606232623061967,0.151322202724095
ENSSSCG00000003903,6.39897989543118,6.02005658942408
ENSSSCG00000003904,5.65100794331795,5.37933562830986
ENSSSCG00000027991,3.3592304705724,1.85006449232
ENSSSCG00000003905,2.46009285868458,2.60874755476081
ENSSSCG00000003329,4.22160514102507,3.86417148287992
ENSSSCG00000026991,4.18640348747925,5.56496306280721
ENSSSCG00000003338,2.48927277795051,2.46763286697893
ENSSSCG00000029145,6.85587643260164,7.05604706209416
ENSSSCG00000003339,4.84673976261837,5.00677792283148
ENSSSCG00000003908,8.77407680778542,9.47548080287118
ENSSSCG00000003909,5.78940824092163,5.88858946679166
ENSSSCG00000003913,5.38858222682622,5.14837565430573
ENSSSCG00000003385,7.51027166222903,7.12228691402552
ENSSSCG00000035774,4.40376897767296,4.92965450461219
ENSSSCG00000033497,7.8635972539738,8.09252584461929
ENSSSCG00000022343,8.44182529293774,7.76156416150705
ENSSSCG00000003341,4.58364115303315,5.08402173209733
ENSSSCG00000003342,7.28579339630583,7.31713045325756
ENSSSCG00000021880,5.3413552013549,5.5678471639869
ENSSSCG00000039651,-0.357369586612393,-0.51439395667637
ENSSSCG00000033456,1.23546043280176,1.26618103197673
ENSSSCG00000034502,5.93525636727138,6.6919278624249
ENSSSCG00000035940,5.20436223147969,5.45294374338266
ENSSSCG00000029843,6.42186184237907,6.65759409787328
ENSSSCG00000020749,3.48527532162624,2.77770062085909
ENSSSCG00000003366,2.86073999404779,3.5155405893943
ENSSSCG00000054047,8.16028942124869,8.11159256725897
ENSSSCG00000003371,2.05429183424595,2.301995340821
ENSSSCG00000003377,3.48527532162624,2.49213147082896
ENSSSCG00000034297,3.14980110290371,1.12710621877915
ENSSSCG00000003374,2.24884081421465,0.269413319240056
ENSSSCG00000040001,2.69530100957938,2.19662193895553
ENSSSCG00000003376,4.759609118734,4.16519497479506
ENSSSCG00000030253,5.74372529408345,6.03750028238463
ENSSSCG00000003382,5.41670011830492,6.00168859745107
ENSSSCG00000003383,4.62585881992524,5.0678140977119
ENSSSCG00000021490,1.06504496640639,1.01886012427252
ENSSSCG00000061276,-1.76904577456744,-0.389789821758014
ENSSSCG00000032606,2.64432583421443,2.58616627273042
ENSSSCG00000024622,4.25029764203057,4.44791253296088
ENSSSCG00000032086,2.85327760027406,3.07663276352414
ENSSSCG00000003322,3.20946722096746,3.46280327898759
ENSSSCG00000026045,4.41394983039547,4.71748252509953
ENSSSCG00000003324,1.73505954565087,2.19662193895553
ENSSSCG00000063195,3.687646296855,3.97551076433885
ENSSSCG00000039914,3.9962291455528,4.2394277659383
ENSSSCG00000027774,4.62147258636118,5.07998686161452
ENSSSCG00000040067,2.35833005876887,2.301995340821
ENSSSCG00000003326,3.66651243189212,4.18286071986411
ENSSSCG00000052814,3.76524480197547,4.09761770689552
ENSSSCG00000060636,0.577851083508549,0.378565244869403
ENSSSCG00000033340,2.46988522199915,2.48401140576021
ENSSSCG00000034301,2.34774757151488,3.02159727799667
ENSSSCG00000037257,2.11795282114626,2.38282924537441
ENSSSCG00000063019,-1.3010534406464,-1.06175616837389
ENSSSCG00000033232,5.15058146108026,5.54948305114717
ENSSSCG00000038327,3.58325587051105,3.8002076268158
ENSSSCG00000052259,-1.44083485948891,-0.220998320347156
ENSSSCG00000032196,2.69530100957938,2.88025759321149
ENSSSCG00000039978,4.06244538145152,4.42051893344859
ENSSSCG00000002849,1.03896948409484,-0.168854921246468
ENSSSCG00000033351,4.04944303763635,4.62450827490027
ENSSSCG00000060307,-0.665011214899346,0.926006765743826
ENSSSCG00000040652,5.90580036805501,-3.86672707663002
ENSSSCG00000003984,4.99142863167494,4.94156326753128
ENSSSCG00000033601,6.25420749520241,6.68353152343056
ENSSSCG00000002836,5.03165371465434,4.70531031823746
ENSSSCG00000003986,0.00782776903463305,1.12710621877915
ENSSSCG00000045463,-0.357369586612393,-0.389789821758014
ENSSSCG00000029696,3.97231628882701,4.77518642149061
ENSSSCG00000002841,5.22040321128493,5.85513950671577
ENSSSCG00000037263,4.38836170930527,4.93264092375018
ENSSSCG00000057055,-2.80087696638474,1.16822850108867
ENSSSCG00000003987,4.91821763866401,5.51303625797358
ENSSSCG00000023391,7.75965800212105,7.19559787784202
ENSSSCG00000032298,4.7833632887826,3.8002076268158
ENSSSCG00000002838,3.23839972611689,3.11394534546385
ENSSSCG00000032145,-1.44083485948891,-1.37962819886108
ENSSSCG00000027085,6.98012978727795,6.69588808414941
ENSSSCG00000023921,0.613625923982859,-2.35951718500686
ENSSSCG00000002854,3.48043940001491,3.39513233689423
ENSSSCG00000002852,3.14369649336471,2.95853009044781
ENSSSCG00000032153,3.70017959247316,3.71950850973016
ENSSSCG00000002855,-0.665011214899346,1.01886012427252
ENSSSCG00000040286,5.95107334239536,5.66262605862583
ENSSSCG00000040796,5.57818643732079,5.6689077432452
ENSSSCG00000034035,3.55593379830106,2.48401140576021
ENSSSCG00000028097,6.50873739977716,6.87965315219058
ENSSSCG00000038073,3.07478353700702,2.40879780570445
ENSSSCG00000021448,6.50754942398114,6.16169137097185
ENSSSCG00000029573,6.78361483764985,6.5929954366045
ENSSSCG00000025741,1.90348749886982,1.52551466820507
ENSSSCG00000039875,3.41097720151772,2.8105396921843
ENSSSCG00000002844,6.159058109106,6.2209115719707
ENSSSCG00000033527,7.00559854332751,6.6710682148723
ENSSSCG00000026318,1.0124140211341,1.8626457560383
ENSSSCG00000002846,6.11916882875745,6.01160810403828
ENSSSCG00000024443,3.1190164188074,3.55095356908917
ENSSSCG00000026239,6.75636840307777,6.80949923038237
ENSSSCG00000021644,5.99412075197028,6.09461265369957
ENSSSCG00000039408,4.61927445861329,5.14709059810392
ENSSSCG00000062607,3.77712447056215,4.30312067020258
ENSSSCG00000040887,4.78924121864599,4.35301678640405
ENSSSCG00000036005,5.1229200849611,5.07594067491483
ENSSSCG00000025912,5.51574383964402,5.81281396550965
ENSSSCG00000029256,6.34944780159351,5.62342668667485
ENSSSCG00000002831,1.34593178147808,-0.580978849888471
ENSSSCG00000035949,5.13527955231673,4.65013503043335
ENSSSCG00000003914,7.68779386279105,7.27803982252843
ENSSSCG00000037354,2.14265094238106,2.17660793203872
ENSSSCG00000046843,-1.44083485948891,-0.275097240265819
ENSSSCG00000003917,2.60931343902336,3.16054291465792
ENSSSCG00000003918,3.34333746438284,3.09274217814535
ENSSSCG00000003919,3.91612251859602,3.69509512330271
ENSSSCG00000031652,6.03674460442785,6.06497878312076
ENSSSCG00000026181,5.9787712377026,5.68493616264104
ENSSSCG00000032648,6.0210119414027,6.76243949436998
ENSSSCG00000003920,-1.05654789507939,-1.16013180230037
ENSSSCG00000003921,0.648535071030343,-0.724143750785594
ENSSSCG00000003922,4.95179777390767,4.41412277758863
ENSSSCG00000033591,6.06851023062492,6.76830212332391
ENSSSCG00000053115,0.208321522646333,-1.78793082929158
ENSSSCG00000038250,0.648535071030343,1.10609700495897
ENSSSCG00000035477,0.715917087066103,0.480036609493032
ENSSSCG00000043977,4.67747907943328,4.57376154876739
ENSSSCG00000056702,0.985360575284754,1.06313784412392
ENSSSCG00000002835,3.753266499184,4.25859463547142
ENSSSCG00000041123,4.40376897767296,4.69655257554194
ENSSSCG00000034880,-0.665011214899346,-1.63861791175253
ENSSSCG00000035785,0.464874497983746,0.378565244869403
ENSSSCG00000002847,6.76185901116147,7.48927022823519
ENSSSCG00000058286,3.687646296855,4.19534796975681
ENSSSCG00000055582,4.13193619012817,3.58930795029306
ENSSSCG00000060736,3.45107843294489,3.32413033988791
ENSSSCG00000056719,4.47113518848414,4.10557858270465
ENSSSCG00000060472,-0.753389730293386,-0.969662564375006
ENSSSCG00000053530,3.80833350413237,3.04937743944045
ENSSSCG00000053739,0.901016344624057,1.26618103197673
ENSSSCG00000056402,-1.05654789507939,-1.16013180230037
ENSSSCG00000053570,2.36883548604693,2.42585407584627
ENSSSCG00000055216,-0.753389730293386,-0.51439395667637
ENSSSCG00000022333,3.19772977657571,3.2919332629483
ENSSSCG00000059892,3.39564713084774,2.67444514854501
ENSSSCG00000062716,1.46821691359075,1.83737254564755
ENSSSCG00000043705,0.682619433441756,-0.275097240265819
ENSSSCG00000058730,-0.753389730293386,0.151322202724095
ENSSSCG00000045249,0.00782776903463305,0.066857978120369
ENSSSCG00000041170,1.11582327058225,0.543924309209927
ENSSSCG00000055574,0.111554715953384,0.413188112875905
ENSSSCG00000041487,4.77548860956428,4.57948903027153
ENSSSCG00000043928,-1.44083485948891,-0.51439395667637
ENSSSCG00000055857,5.39758841209093,4.98680300636501
ENSSSCG00000042093,-0.581735609749139,0.44699951176586
ENSSSCG00000047270,2.54591957752837,2.42585407584627
ENSSSCG00000048405,3.14369649336471,2.70271051943981
ENSSSCG00000033121,-0.94826101088964,-0.969662564375006
ENSSSCG00000028894,-0.847537601777033,-1.26570965698543
ENSSSCG00000003369,7.00770078306087,7.11244398988068
ENSSSCG00000053156,-0.357369586612393,-0.51439395667637
ENSSSCG00000058715,1.88896298917059,2.09365420909009
ENSSSCG00000018197,-0.503005667143942,-0.220998320347156
ENSSSCG00000057927,0.425160216794395,0.480036609493032
ENSSSCG00000054335,0.425160216794395,0.877238412496071
ENSSSCG00000059854,0.0606232623061967,0.6051024001257
ENSSSCG00000058439,-1.1736270562095,-1.37962819886108
ENSSSCG00000045362,0.425160216794395,0.949786352523971
ENSSSCG00000055048,0.715917087066103,1.58746179948828
ENSSSCG00000054042,-1.1736270562095,-0.0228605115491758
ENSSSCG00000059043,0.425160216794395,0.109708133942356
ENSSSCG00000003789,3.76524480197547,3.98704844379237
ENSSSCG00000003821,1.63416494499211,0.191769503652254
ENSSSCG00000036505,7.68359221466318,7.63550206748558
ENSSSCG00000003823,6.79729056551192,7.02874519477652
ENSSSCG00000003816,3.25548475433632,3.60436867998078
ENSSSCG00000003818,5.00496199288669,5.6298810039779
ENSSSCG00000003819,4.055958857509,4.71748252509953
ENSSSCG00000003820,5.70693625642516,6.02145987277068
ENSSSCG00000031640,5.58721156624556,5.7625111824746
ENSSSCG00000039793,6.34745726312973,6.88274477730304
ENSSSCG00000038861,6.27530166001273,6.03611252230395
ENSSSCG00000023243,5.0835998381777,5.34388055351079
ENSSSCG00000003790,4.84109194060761,4.85763279064949
ENSSSCG00000003791,7.57974520027706,7.80763568200477
ENSSSCG00000003792,3.71260494319628,3.8002076268158
ENSSSCG00000033443,-0.225096418835447,0.343090997642991
ENSSSCG00000003795,6.26056819229542,6.52041411602526
ENSSSCG00000003797,0.160749279997622,1.89974434301656
ENSSSCG00000037066,6.20887964258218,4.50319725601001
ENSSSCG00000003798,8.30030207099171,8.26518962185132
ENSSSCG00000003799,-0.94826101088964,-1.63861791175253
ENSSSCG00000032043,3.74118791059028,3.74351563634806
ENSSSCG00000030423,5.96758302355682,6.35829455933144
ENSSSCG00000022305,7.09254576552183,7.19404313912492
ENSSSCG00000039433,-2.19461582859326,-1.16013180230037
ENSSSCG00000031352,3.37495030233802,3.56256732561063
ENSSSCG00000025243,3.05540339708637,1.60254171360028
ENSSSCG00000003805,1.94620374824525,2.18664964113913
ENSSSCG00000025188,-1.44083485948891,-1.37962819886108
ENSSSCG00000003806,6.82425915109845,6.58257598528657
ENSSSCG00000003807,3.90894186476187,3.20073608502629
ENSSSCG00000040337,4.95528748092018,4.08156294502782
ENSSSCG00000003809,8.47228695158693,8.10565090386121
ENSSSCG00000025672,3.23265945709217,3.51155161442838
ENSSSCG00000004829,7.30711696341073,7.78012824141084
ENSSSCG00000003811,3.62329263130676,3.32413033988791
ENSSSCG00000003812,6.65754087738854,6.41705118156752
ENSSSCG00000042211,-0.289717603961706,0.6051024001257
ENSSSCG00000003815,3.33264401901423,3.25900119963934
ENSSSCG00000042826,-1.44083485948891,-0.450747065242323
ENSSSCG00000053688,1.7986042665823,2.44271105199964
ENSSSCG00000057035,1.28066902659574,0.747577553315015
ENSSSCG00000059353,-2.80087696638474,-0.168854921246468
ENSSSCG00000041959,-0.428350711608159,1.35790376000462
ENSSSCG00000043666,-2.46613199464794,-0.220998320347156
ENSSSCG00000048106,-1.5956269400881,-0.801432154592459
ENSSSCG00000060767,-1.5956269400881,-1.06175616837389
ENSSSCG00000050531,-0.753389730293386,-2.35951718500686
ENSSSCG00000063105,6.02267611367653,5.88396833057551
ENSSSCG00000047798,-1.1736270562095,-0.168854921246468
ENSSSCG00000051600,-1.44083485948891,-0.650786169073976
ENSSSCG00000025214,3.96541060601477,3.94625630861329
ENSSSCG00000032154,5.3413552013549,5.66352511844801
ENSSSCG00000002917,3.83130506323569,4.32146499727924
ENSSSCG00000002918,0.901016344624057,0.774458752770575
ENSSSCG00000002919,1.85946778722825,2.41735114660964
ENSSSCG00000036294,4.66687611224307,4.30312067020258
ENSSSCG00000002857,2.00125981237482,1.95953100743037
ENSSSCG00000022948,1.46821691359075,-0.168854921246468
ENSSSCG00000025152,4.90384140953994,4.9504307700918
ENSSSCG00000022312,5.96498875953844,5.71906531013059
ENSSSCG00000002865,4.55172328966111,5.17762036629604
ENSSSCG00000002863,4.36493782736741,4.35746837872483
ENSSSCG00000002864,-0.225096418835447,-1.50331917830221
ENSSSCG00000003035,5.25903652238039,5.03206015835713
ENSSSCG00000028054,3.90533809075458,3.88898353817468
ENSSSCG00000030182,3.71672305901307,4.39908720366374
ENSSSCG00000037132,0.384321665410682,-0.220998320347156
ENSSSCG00000002927,0.81143323514119,0.343090997642991
ENSSSCG00000002867,5.54151050910773,5.98452342303324
ENSSSCG00000002868,6.72195458544995,6.53669824795335
ENSSSCG00000032803,3.1190164188074,2.7166382149345
ENSSSCG00000038806,5.7517747818869,5.94956795729416
ENSSSCG00000030049,7.98870579381291,7.98551012412849
ENSSSCG00000003016,6.34213569439087,5.85906912169587
ENSSSCG00000003017,4.86355176858138,5.51503007269442
ENSSSCG00000003013,5.02668648798682,5.13806301125535
ENSSSCG00000028794,6.43629312230208,7.11211473305216
ENSSSCG00000003015,3.42110749162517,4.14731022893322
ENSSSCG00000032536,3.98943724956418,4.0267188280262
ENSSSCG00000032711,6.78361483764985,6.32060314730187
ENSSSCG00000040022,1.28066902659574,2.63831642849982
ENSSSCG00000020837,6.53870490640039,6.79849143769696
ENSSSCG00000003018,2.55514818233533,2.66729142251727
ENSSSCG00000059920,6.06931560750221,5.72682791728462
ENSSSCG00000029070,4.95179777390767,5.00109896872219
ENSSSCG00000003022,2.42024489322316,1.89974434301656
ENSSSCG00000003024,3.54671023363404,3.70211263386401
ENSSSCG00000003030,7.0458450912673,7.17745907106606
ENSSSCG00000025139,4.49050606634105,5.08938406542582
ENSSSCG00000022521,6.23639031640506,6.51494496901152
ENSSSCG00000002860,5.19701149620623,5.32582082220544
ENSSSCG00000002859,5.53685975992652,5.55530753762011
ENSSSCG00000003708,4.67959035376555,3.78045207817825
ENSSSCG00000003709,5.84971558794667,6.72028816852959
ENSSSCG00000003718,1.90348749886982,2.73043273786855
ENSSSCG00000003719,5.20875476209639,5.11590077753164
ENSSSCG00000024419,5.78745181734488,5.98308373024278
ENSSSCG00000003705,3.18589605513591,3.23016276139433
ENSSSCG00000040452,6.64300792516753,6.00523911295465
ENSSSCG00000029518,6.5410291828847,6.63805906493988
ENSSSCG00000002815,6.29746725598054,6.79849143769696
ENSSSCG00000035222,2.00125981237482,-0.51439395667637
ENSSSCG00000026851,4.70882829460585,4.35746837872483
ENSSSCG00000002994,0.87176904556138,1.49351421091838
ENSSSCG00000033695,6.37507793836402,5.08938406542582
ENSSSCG00000003707,4.32503253135323,4.00134198627368
ENSSSCG00000002993,1.23546043280176,0.0226960489355265
ENSSSCG00000002817,7.96445041574843,7.77784670033404
ENSSSCG00000002869,7.35016731838984,7.17997457531222
ENSSSCG00000002813,6.60796313956046,6.31260139798954
ENSSSCG00000028627,-1.76904577456744,-1.37962819886108
ENSSSCG00000003710,3.22110994226279,3.92841459244657
ENSSSCG00000054571,2.71190019265781,4.2101913842195
ENSSSCG00000003711,2.45023357473821,2.79092608296928
ENSSSCG00000003006,-1.44083485948891,0.343090997642991
ENSSSCG00000002812,4.14421898484408,4.6788759690779
ENSSSCG00000003712,4.97433142754565,4.9519034026281
ENSSSCG00000002811,-1.3010534406464,-0.883096611932229
ENSSSCG00000003716,6.67086801924147,6.60052623152916
ENSSSCG00000003717,-0.357369586612393,-0.724143750785594
ENSSSCG00000040397,2.09282450672441,2.32944629797738
ENSSSCG00000025653,5.7507710486102,5.85277658976806
ENSSSCG00000028723,4.67747907943328,4.3641201179272
ENSSSCG00000025503,1.0124140211341,2.52416227528066
ENSSSCG00000002808,4.17447610978098,4.43111657790223
ENSSSCG00000002807,3.85017251810914,3.43779716712177
ENSSSCG00000022559,5.858128759013,5.85119915900383
ENSSSCG00000002806,5.41543385110599,5.97586363665965
ENSSSCG00000002805,5.84877775543524,6.00594816870737
ENSSSCG00000002804,6.29264754797865,6.48626792437061
ENSSSCG00000021893,6.24497002767552,6.22943682854335
ENSSSCG00000002803,5.51810537335122,6.02915362724115
ENSSSCG00000028587,1.61664122769751,2.84898464428724
ENSSSCG00000002752,3.29458016119167,4.55062149769339
ENSSSCG00000032908,6.17261291995347,5.84249232439793
ENSSSCG00000022609,6.62065557346573,5.69200314122256
ENSSSCG00000003699,1.94620374824525,4.47479566596982
ENSSSCG00000002753,4.73951076566186,4.81457220355381
ENSSSCG00000003700,4.42153859749542,4.47069226487788
ENSSSCG00000002754,3.60563553992072,2.61619678245007
ENSSSCG00000003701,5.09629929310995,4.4870363037077
ENSSSCG00000028010,3.96886757930672,3.60810942381796
ENSSSCG00000025478,5.11201800622837,5.31784803985158
ENSSSCG00000003702,5.68713487027327,6.92983664967573
ENSSSCG00000003687,5.12447082125399,6.51693614944275
ENSSSCG00000002755,3.45107843294489,3.81322928508241
ENSSSCG00000033944,6.10902176548648,5.62157727993843
ENSSSCG00000002762,5.65208351459436,5.45294374338266
ENSSSCG00000003524,4.48085313844921,4.52314714798053
ENSSSCG00000039514,4.793146575977,4.51121034764278
ENSSSCG00000033741,3.9409770362239,4.43533393405449
ENSSSCG00000002759,4.76955426398731,4.49513940894941
ENSSSCG00000037481,5.57931767086387,5.66082625640328
ENSSSCG00000062424,2.37926496751754,2.93489537211092
ENSSSCG00000025151,6.32335408561995,5.89855143654796
ENSSSCG00000032686,1.66858646664768,2.14605650303391
ENSSSCG00000038994,7.37317819220682,7.19746135536124
ENSSSCG00000028109,2.14265094238106,2.19662193895553
ENSSSCG00000028638,4.09127915231119,4.21265050656083
ENSSSCG00000018018,-0.847537601777033,-0.168854921246468
ENSSSCG00000033032,3.45601361111522,3.7969337645547
ENSSSCG00000034165,6.12150035819597,6.29240067778413
ENSSSCG00000056207,3.20361043539168,2.59373270651027
ENSSSCG00000048110,1.65147836204809,2.02815067824639
ENSSSCG00000003690,2.60042594353181,1.77218191355614
ENSSSCG00000049263,2.76058170235838,3.07663276352414
ENSSSCG00000024174,6.30774129935768,6.55667731520613
ENSSSCG00000003691,7.70887892922847,7.37535927661567
ENSSSCG00000038706,5.25762395606539,5.57741940548221
ENSSSCG00000033512,5.25195981937784,5.51403350976723
ENSSSCG00000003693,6.09168553682013,5.44250580558481
ENSSSCG00000032372,4.55862252805882,4.54282492718398
ENSSSCG00000025417,7.01607924222472,7.05844148023807
ENSSSCG00000055674,-1.44083485948891,-0.883096611932229
ENSSSCG00000024305,4.82401459068684,4.64650181774026
ENSSSCG00000030300,7.21040309909309,7.01964557304849
ENSSSCG00000024911,2.64432583421443,3.16054291465792
ENSSSCG00000061081,3.90894186476187,6.05130495342098
ENSSSCG00000032710,0.384321665410682,-0.275097240265819
ENSSSCG00000051968,0.342293330875861,1.01886012427252
ENSSSCG00000025830,4.82401459068684,4.82103321806101
ENSSSCG00000040663,7.99994323134073,6.2630428326463
ENSSSCG00000039751,2.88289833635537,3.21061181823215
ENSSSCG00000038494,5.64020789619698,5.86298806225304
ENSSSCG00000002697,4.59038978281825,3.38208290956991
ENSSSCG00000003694,5.30898916127904,3.98417266274327
ENSSSCG00000029030,5.37301103180343,5.68493616264104
ENSSSCG00000023125,2.33708688541697,4.77185521798819
ENSSSCG00000002703,6.31929744596724,6.09127566165659
ENSSSCG00000002704,8.09059756250502,7.89156369628929
ENSSSCG00000002706,1.78297855012575,2.9169117185231
ENSSSCG00000002707,6.51702595218331,6.5576448621163
ENSSSCG00000002708,7.03557917917853,6.57590602921067
ENSSSCG00000002709,4.38836170930527,0.306722442383792
ENSSSCG00000028464,5.45294658827226,5.13157997329872
ENSSSCG00000033842,7.35710919954968,6.26244953891899
ENSSSCG00000028878,6.65109985444015,6.19316267800184
ENSSSCG00000063476,0.0606232623061967,0.066857978120369
ENSSSCG00000002895,6.0490450637737,6.47811469613867
ENSSSCG00000003697,0.87176904556138,-0.650786169073976
ENSSSCG00000023127,0.00782776903463305,-0.450747065242323
ENSSSCG00000063299,1.21231354325694,-0.331304090129519
ENSSSCG00000034816,3.33264401901423,3.38644584675528
ENSSSCG00000022668,3.29458016119167,2.97020382076097
ENSSSCG00000031942,5.67448723536032,5.96350593730975
ENSSSCG00000027169,5.20289507761488,4.79829193036196
ENSSSCG00000057842,1.38785577819136,0.692264219933096
ENSSSCG00000032690,4.82972953084583,4.09761770689552
ENSSSCG00000003248,3.59224944048779,3.39513233689423
ENSSSCG00000035162,3.83509834562225,3.75368335878949
ENSSSCG00000037542,-1.05654789507939,-1.16013180230037
ENSSSCG00000032059,5.38858222682622,5.25839131041438
ENSSSCG00000002898,4.35175832587546,3.88282041528908
ENSSSCG00000023498,7.60022988512626,6.90838029812868
ENSSSCG00000040678,1.18878921645065,1.42730178812359
ENSSSCG00000060190,5.35066012076935,4.82425290690119
ENSSSCG00000039135,4.44655000981704,4.11349577089499
ENSSSCG00000062012,-1.05654789507939,-1.95450014976733
ENSSSCG00000029284,-0.753389730293386,0.378565244869403
ENSSSCG00000058549,0.254375037426665,0.6051024001257
ENSSSCG00000039627,1.0124140211341,1.7854578310934
ENSSSCG00000060912,-0.225096418835447,0.480036609493032
ENSSSCG00000052999,-3.86672707663002,-0.389789821758014
ENSSSCG00000058699,-0.94826101088964,2.85529370095294
ENSSSCG00000039279,-0.163246077098895,3.04937743944045
ENSSSCG00000059164,0.00782776903463305,0.852221766628148
ENSSSCG00000044910,4.96050626508286,4.28220059168055
ENSSSCG00000054247,-0.753389730293386,-0.801432154592459
ENSSSCG00000002916,4.75360895729388,4.03229801658047
ENSSSCG00000058470,7.62426923774727,7.58728095869807
ENSSSCG00000002929,-0.428350711608159,-0.724143750785594
ENSSSCG00000002910,4.26724317017079,3.6486298984635
ENSSSCG00000002921,5.52868469800461,4.69655257554194
ENSSSCG00000062589,2.75258133899587,2.85529370095294
ENSSSCG00000002923,3.76126307444923,3.30582008798424
ENSSSCG00000028108,5.75878142927538,6.62611756699782
ENSSSCG00000039196,4.18640348747925,4.44999834486928
ENSSSCG00000002926,5.11358049906133,5.2331786101303
ENSSSCG00000030149,6.58618264936391,6.49083394726804
ENSSSCG00000037792,4.85423596243695,4.34631353672184
ENSSSCG00000025355,6.15147226279812,5.56303712057341
ENSSSCG00000002931,2.20260743080709,2.48401140576021
ENSSSCG00000002932,4.71295718940714,4.91160499201842
ENSSSCG00000040973,3.97575677398994,5.90160287017171
ENSSSCG00000033156,4.57004844256059,4.93710899315627
ENSSSCG00000061373,2.50840324662494,2.7576322855016
ENSSSCG00000002933,2.89020946153077,3.11394534546385
ENSSSCG00000029875,2.73644627303554,2.91086700396588
ENSSSCG00000002738,2.84577640620797,3.34669612062099
ENSSSCG00000002737,-3.86672707663002,-0.275097240265819
ENSSSCG00000002930,4.63676641344048,4.87170536955757
ENSSSCG00000002734,3.38015241180071,4.69127229753423
ENSSSCG00000029170,2.09282450672441,1.77218191355614
ENSSSCG00000031915,2.57343015789845,2.57091330440077
ENSSSCG00000002739,3.82750178086163,4.32374172398056
ENSSSCG00000032673,2.90472149051255,4.17531615838147
ENSSSCG00000023195,1.75121004166391,2.38282924537441
ENSSSCG00000002740,7.34751398117176,7.43132881072713
ENSSSCG00000002743,7.25143211608973,7.32453888457731
ENSSSCG00000002935,5.8637104061168,6.35718358497017
ENSSSCG00000042040,1.70220582089016,2.18664964113913
ENSSSCG00000063057,2.53663155909393,2.5785599463218
ENSSSCG00000038917,6.39062696066886,6.64216973831351
ENSSSCG00000002741,4.27004817449682,4.16265354534145
ENSSSCG00000033611,3.76524480197547,3.72640854973368
ENSSSCG00000002938,3.19772977657571,3.6738354311559
ENSSSCG00000002746,2.09282450672441,2.63831642849982
ENSSSCG00000021946,3.36972936706284,3.88590526779945
ENSSSCG00000002749,1.46821691359075,6.56728480906048
ENSSSCG00000025218,2.11795282114626,2.77770062085909
ENSSSCG00000022423,1.4485423725996,0.973180333493209
ENSSSCG00000002748,5.27588031117306,5.50302564173729
ENSSSCG00000021741,3.47071865330916,3.7771330249621
ENSSSCG00000002747,-0.0469734082326686,-1.26570965698543
ENSSSCG00000034449,6.48116336442778,6.56728480906048
ENSSSCG00000029420,3.55132938706797,3.63035246116121
ENSSSCG00000024267,6.47874052838353,6.29993686047824
ENSSSCG00000047099,0.780291912538719,0.480036609493032
ENSSSCG00000050436,-0.94826101088964,-1.50331917830221
ENSSSCG00000031612,3.70433327790565,4.12920098417805
ENSSSCG00000002937,3.25548475433632,4.18286071986411
ENSSSCG00000060362,-1.76904577456744,0.692264219933096
ENSSSCG00000025590,1.06504496640639,1.63223675073198
ENSSSCG00000029600,3.1739644641406,3.03277361541188
ENSSSCG00000029408,5.72749031660984,6.30973284062519
ENSSSCG00000053289,-0.94826101088964,-1.63861791175253
ENSSSCG00000060487,-0.103938698558373,0.0226960489355265
ENSSSCG00000054775,4.57686080612584,5.1914001421066
ENSSSCG00000059270,4.59038978281825,4.35968903450673
ENSSSCG00000054974,2.64432583421443,2.49213147082896
ENSSSCG00000062804,2.04121546325762,1.82456795126936
ENSSSCG00000062150,-2.19461582859326,-1.26570965698543
ENSSSCG00000055623,-1.76904577456744,-0.275097240265819
ENSSSCG00000052747,-3.86672707663002,-0.883096611932229
ENSSSCG00000056084,-1.5956269400881,0.413188112875905
ENSSSCG00000045991,-0.103938698558373,0.774458752770575
ENSSSCG00000002950,5.91658135371411,5.81281396550965
ENSSSCG00000059404,1.48762675172783,2.83628315226055
ENSSSCG00000032643,1.50677891522418,-2.35951718500686
ENSSSCG00000025160,2.79993126747808,2.83628315226055
ENSSSCG00000038077,6.05962128393459,5.12245449667485
ENSSSCG00000002954,9.2370352037115,9.07302014725289
ENSSSCG00000056430,2.86816398685734,3.04386403660711
ENSSSCG00000058854,4.58364115303315,5.37055321163737
ENSSSCG00000002952,4.32233251871581,3.46280327898759
ENSSSCG00000038902,3.84265511981395,3.71604607471925
ENSSSCG00000002955,5.50863595612585,5.56303712057341
ENSSSCG00000036658,6.49201605450691,6.01019520055142
ENSSSCG00000002957,2.14265094238106,2.05031729144738
ENSSSCG00000035216,2.38961959335877,1.83737254564755
ENSSSCG00000003499,0.957790112127212,1.61746563255219
ENSSSCG00000003498,8.35185145310211,8.61784861779502
ENSSSCG00000039652,4.51672334355842,4.87791605630688
ENSSSCG00000024752,5.03989460872799,5.03345182009339
ENSSSCG00000003407,5.81844061647371,6.25411770590332
ENSSSCG00000003622,0.464874497983746,2.39153747277534
ENSSSCG00000022839,4.21870425431413,4.07346806480206
ENSSSCG00000049113,-1.96619539223541,-0.331304090129519
ENSSSCG00000003623,-0.581735609749139,-3.86672707663002
ENSSSCG00000003527,5.08200451728677,3.69509512330271
ENSSSCG00000003483,0.425160216794395,-2.35951718500686
ENSSSCG00000020926,6.14918870902988,6.07041223211959
ENSSSCG00000003405,4.73951076566186,4.66098009076787
ENSSSCG00000003531,6.13310181856604,5.95398398919834
ENSSSCG00000033887,-0.503005667143942,-2.14284221802902
ENSSSCG00000034429,0.208321522646333,-0.118530588140316
ENSSSCG00000003532,6.78410549532128,5.7924097272081
ENSSSCG00000025500,-0.163246077098895,-1.63861791175253
ENSSSCG00000023761,7.24681188184406,6.94802990293636
ENSSSCG00000036504,3.54207624329408,-0.883096611932229
ENSSSCG00000035332,5.59394355388237,5.06237083635617
ENSSSCG00000032674,4.43159525549974,4.71401521850457
ENSSSCG00000003485,6.25633084505513,6.52685103619257
ENSSSCG00000024818,4.25313575489798,4.72783472453812
ENSSSCG00000024260,9.39466457017928,9.17796940129234
ENSSSCG00000025440,5.49071151194592,5.69552369128177
ENSSSCG00000023495,5.19110382215945,5.34275841940044
ENSSSCG00000023191,4.99821118112255,4.79829193036196
ENSSSCG00000027827,4.1226549774172,3.39079562950206
ENSSSCG00000026025,5.43930490855557,5.35282634338211
ENSSSCG00000003486,6.10431432547355,5.92952681064791
ENSSSCG00000026478,9.35426314710013,7.9245641227878
ENSSSCG00000027659,6.24710700669964,5.90464786335047
ENSSSCG00000026276,4.38318917007144,5.09739037865024
ENSSSCG00000031082,6.68196845588418,6.19937538742158
ENSSSCG00000023326,7.63382837533916,7.34933498858594
ENSSSCG00000036293,7.07981308037839,7.39876438810453
ENSSSCG00000023126,7.57124177604853,7.81210212630053
ENSSSCG00000036534,4.67536471088308,2.55549734854186
ENSSSCG00000055869,4.69010062728508,4.11612520791461
ENSSSCG00000038848,1.16487493893756,3.46280327898759
ENSSSCG00000032860,2.53663155909393,1.99424877862076
ENSSSCG00000003539,2.16693335253786,2.41735114660964
ENSSSCG00000003541,5.29803708642254,5.77087867741564
ENSSSCG00000003543,5.42804678572108,5.64634643170343
ENSSSCG00000032947,6.34080222946135,6.45545278422071
ENSSSCG00000003438,5.70797094403893,6.58305123281044
ENSSSCG00000003439,6.45613427348095,7.33952388495777
ENSSSCG00000003442,3.26113509577104,2.16649583861557
ENSSSCG00000003521,1.82935696214862,0.231113683523015
ENSSSCG00000020992,1.21231354325694,-3.86672707663002
ENSSSCG00000003401,6.19344825926914,6.87033832576021
ENSSSCG00000003105,4.96397499597078,4.34407218101223
ENSSSCG00000003402,6.36527400455728,6.45493358092705
ENSSSCG00000003106,5.71930379891511,4.79665375283105
ENSSSCG00000003403,4.56091496174106,3.9521548491966
ENSSSCG00000003404,4.84861746729931,5.38042968078841
ENSSSCG00000003488,7.48755548873995,7.87458192419882
ENSSSCG00000003107,7.13316762180655,7.47602545313141
ENSSSCG00000003108,0.54116651967454,-1.50331917830221
ENSSSCG00000003489,6.53462839036748,6.17246882139733
ENSSSCG00000003109,3.93745249917923,4.24424340870323
ENSSSCG00000003110,5.77170417730265,6.41438315070692
ENSSSCG00000003111,6.26408983274099,5.789941712083
ENSSSCG00000022029,4.44158229611923,5.14064809118109
ENSSSCG00000034814,4.49290924028409,4.69303453839473
ENSSSCG00000003491,4.84109194060761,4.5330195869449
ENSSSCG00000003492,4.63676641344048,3.78376351312905
ENSSSCG00000061195,2.92621944634065,3.98704844379237
ENSSSCG00000003493,7.77356161991459,7.19684046359279
ENSSSCG00000056542,2.79214674718859,3.0820225798891
ENSSSCG00000003451,4.40632093419752,4.2394277659383
ENSSSCG00000020710,6.26056819229542,6.51494496901152
ENSSSCG00000042026,4.64110646418985,4.21510544437685
ENSSSCG00000038825,4.47113518848414,2.91086700396588
ENSSSCG00000032113,5.57024286835058,4.96363065902673
ENSSSCG00000028414,6.62832708460493,5.92952681064791
ENSSSCG00000058942,5.83936574656092,5.3314888112948
ENSSSCG00000024669,8.92919083125434,8.89499640209851
ENSSSCG00000037676,5.14600790573764,5.99741641251767
ENSSSCG00000054437,0.780291912538719,-1.95450014976733
ENSSSCG00000027489,3.49009508734163,4.04062655214545
ENSSSCG00000021026,4.488098882623,3.93736303127276
ENSSSCG00000031793,4.76757071188454,5.39457737503283
ENSSSCG00000003455,7.6849065446722,8.03949067954451
ENSSSCG00000008849,-0.289717603961706,1.0847773181148
ENSSSCG00000024197,5.57251692603239,5.8192828413322
ENSSSCG00000027741,4.37539542174089,4.61338447972317
ENSSSCG00000032978,2.06725074680192,2.87405700009082
ENSSSCG00000034540,3.31101636625581,3.7969337645547
ENSSSCG00000045482,3.57420588393168,3.64134668663261
ENSSSCG00000040433,2.85327760027406,3.44618078884689
ENSSSCG00000056580,2.60042594353181,2.50020608859808
ENSSSCG00000003514,9.45152355708888,9.09684446591663
ENSSSCG00000002941,-1.44083485948891,-0.51439395667637
ENSSSCG00000046422,3.0811861591189,3.60061821160102
ENSSSCG00000003165,10.2222734870855,9.69494324222157
ENSSSCG00000003187,8.04588004461854,7.75250868478001
ENSSSCG00000024823,6.8118006879058,4.748318904002
ENSSSCG00000029154,5.07880857345122,4.86390422302666
ENSSSCG00000003161,4.24745393493565,3.75368335878949
ENSSSCG00000032668,5.39758841209093,5.00677792283148
ENSSSCG00000003183,6.89819224032761,5.49294507789535
ENSSSCG00000038807,6.59962489628233,6.59958702914553
ENSSSCG00000003178,7.3990346236951,7.13173832960505
ENSSSCG00000003177,4.2978022842804,3.8034740766224
ENSSSCG00000003189,7.63083089431671,7.36240581222176
ENSSSCG00000024872,7.84372938667289,5.87855822995188
ENSSSCG00000003191,0.929682484613295,-0.275097240265819
ENSSSCG00000003199,7.25426800025424,6.805432056688
ENSSSCG00000003198,4.29505077699978,4.35301678640405
ENSSSCG00000003197,7.06817620896599,7.06151419004966
ENSSSCG00000003196,5.81268069244373,5.64543659906685
ENSSSCG00000003195,7.01524358252777,7.08988156864468
ENSSSCG00000030015,4.84861746729931,4.55450403941256
ENSSSCG00000003520,8.13762282755432,7.47423318045802
ENSSSCG00000021259,2.56431812880053,-0.650786169073976
ENSSSCG00000003506,6.30295584940175,6.44346357787251
ENSSSCG00000003505,8.30953389647881,7.14692585303689
ENSSSCG00000003508,5.31035234318326,5.40213828602634
ENSSSCG00000003509,0.0606232623061967,-0.389789821758014
ENSSSCG00000003194,5.20289507761488,4.88101140218015
ENSSSCG00000003511,6.97541134942062,7.28155775547619
ENSSSCG00000003193,5.66812159429541,6.06973416903076
ENSSSCG00000003512,7.87308363526341,7.52705584065824
ENSSSCG00000003192,0.748463530495347,1.46078781820194
ENSSSCG00000040333,4.25313575489798,4.22000282322818
ENSSSCG00000003201,4.86726131285004,3.96388007011859
ENSSSCG00000003204,5.53569472628634,5.64907249196643
ENSSSCG00000037710,5.44179482762077,4.80970738278133
ENSSSCG00000003207,-0.753389730293386,0.634745314624147
ENSSSCG00000003513,7.71146078237176,6.56680433846377
ENSSSCG00000032607,5.22474724597021,5.5090403430447
ENSSSCG00000024009,3.76126307444923,5.52000258755108
ENSSSCG00000028045,5.11514130148657,4.94156326753128
ENSSSCG00000054068,0.299003801631898,0.692264219933096
ENSSSCG00000003459,1.14055756446698,1.55682069776002
ENSSSCG00000003460,4.02640309177669,4.52116452730636
ENSSSCG00000003464,5.20436223147969,5.40106057890382
ENSSSCG00000003463,-0.503005667143942,-0.450747065242323
ENSSSCG00000003461,5.94669710435552,6.67419415054052
ENSSSCG00000003468,6.83234728358876,6.72158374226613
ENSSSCG00000032950,-0.0469734082326686,1.60254171360028
ENSSSCG00000003466,0.111554715953384,-0.118530588140316
ENSSSCG00000003465,7.50134743255369,5.57264122366452
ENSSSCG00000026103,5.38470515551523,5.38915236047881
ENSSSCG00000003072,3.58325587051105,4.05714075698815
ENSSSCG00000003071,1.40836959521317,1.60254171360028
ENSSSCG00000041935,6.18826756614202,4.30772866583566
ENSSSCG00000003070,4.15639808867323,4.4226446992825
ENSSSCG00000038289,3.00914420339244,3.50354042332499
ENSSSCG00000026345,0.985360575284754,0.720185961482743
ENSSSCG00000003076,1.23546043280176,1.60254171360028
ENSSSCG00000003470,4.7872845684053,3.91639634195172
ENSSSCG00000033420,3.44115713916546,3.85475583143978
ENSSSCG00000003471,3.3592304705724,3.71604607471925
ENSSSCG00000022434,2.04121546325762,2.34746098418498
ENSSSCG00000003472,5.46401280870366,4.54672847918218
ENSSSCG00000003077,2.4101085229922,2.77770062085909
ENSSSCG00000003473,4.29229401201672,4.08156294502782
ENSSSCG00000024794,5.46401280870366,5.6508870079759
ENSSSCG00000031083,6.35738260442575,6.10325288195148
ENSSSCG00000026699,3.48527532162624,3.84210527044791
ENSSSCG00000003477,6.0134993187658,6.03124482250725
ENSSSCG00000028218,3.1375659430197,2.31120381804596
ENSSSCG00000002866,2.83823600625996,4.21755621188446
ENSSSCG00000051830,0.111554715953384,-1.16013180230037
ENSSSCG00000056787,3.55132938706797,3.45035440098084
ENSSSCG00000056727,1.11582327058225,0.378565244869403
ENSSSCG00000003478,5.56454199235209,5.90388721736091
ENSSSCG00000042479,0.384321665410682,0.191769503652254
ENSSSCG00000059704,-0.753389730293386,0.191769503652254
ENSSSCG00000058506,0.208321522646333,0.413188112875905
ENSSSCG00000041536,0.901016344624057,0.852221766628148
ENSSSCG00000061869,1.36704606077518,0.44699951176586
ENSSSCG00000003479,4.15942686733562,2.53991488424887
ENSSSCG00000056296,-0.103938698558373,-1.63861791175253
ENSSSCG00000033874,-0.753389730293386,-1.78793082929158
ENSSSCG00000052221,-0.753389730293386,0.413188112875905
ENSSSCG00000062555,1.0124140211341,0.151322202724095
ENSSSCG00000062267,1.61664122769751,2.40879780570445
ENSSSCG00000046766,1.88896298917059,2.35638466866671
ENSSSCG00000061606,-0.289717603961706,-1.26570965698543
ENSSSCG00000058818,2.7764505503789,1.89974434301656
ENSSSCG00000054213,1.06504496640639,0.269413319240056
ENSSSCG00000059693,-0.753389730293386,-1.37962819886108
ENSSSCG00000055222,1.09065751143433,1.91190152903124
ENSSSCG00000023732,4.65189981179729,5.77004410842728
ENSSSCG00000059680,-0.163246077098895,-0.724143750785594
ENSSSCG00000030706,4.18045212468739,0.800848232904328
ENSSSCG00000034697,4.80673267023534,4.83546556704139
ENSSSCG00000052004,2.23742062690637,2.25505012142321
ENSSSCG00000059184,2.11795282114626,3.04937743944045
ENSSSCG00000057647,2.54591957752837,3.11394534546385
ENSSSCG00000050176,5.20729207069964,4.62080986490709
ENSSSCG00000051473,-0.225096418835447,0.852221766628148
ENSSSCG00000062243,1.324503892854,1.52551466820507
ENSSSCG00000052290,-1.44083485948891,-0.275097240265819
ENSSSCG00000003458,5.68923207150384,6.86916973234667
ENSSSCG00000003080,1.81406255392592,-0.118530588140316
ENSSSCG00000003079,3.31645375125364,3.17574687812892
ENSSSCG00000003078,2.57343015789845,2.94676112973231
ENSSSCG00000003081,0.384321665410682,0.413188112875905
ENSSSCG00000027426,4.76160363985539,4.23459599495222
ENSSSCG00000003083,2.86073999404779,2.85529370095294
ENSSSCG00000020657,7.25957030476548,7.249283809144
ENSSSCG00000003090,6.59795144895441,6.81759934063642
ENSSSCG00000003089,5.06756668469844,4.65556775116873
ENSSSCG00000003088,6.92469058353309,6.06565908438898
ENSSSCG00000038264,-0.289717603961706,-1.26570965698543
ENSSSCG00000033849,1.09065751143433,1.26618103197673
ENSSSCG00000025568,5.69237216821161,5.61415585367485
ENSSSCG00000038579,4.64974759254066,3.63402652004958
ENSSSCG00000003172,-1.76904577456744,-0.883096611932229
ENSSSCG00000003171,0.208321522646333,-2.92464516734468
ENSSSCG00000035723,1.48762675172783,-2.14284221802902
ENSSSCG00000003170,1.14055756446698,0.480036609493032
ENSSSCG00000003169,5.15514056338635,5.07323689891612
ENSSSCG00000003168,5.11514130148657,5.1535044631881
ENSSSCG00000052671,10.0622311560076,9.684019187131
ENSSSCG00000050878,1.94620374824525,2.89870106029881
ENSSSCG00000055498,4.11018641085633,4.13957694159375
ENSSSCG00000051668,1.54433696419247,1.30357276293605
ENSSSCG00000041471,-0.847537601777033,-0.51439395667637
ENSSSCG00000055258,-1.44083485948891,-1.06175616837389
ENSSSCG00000042051,-0.753389730293386,-1.16013180230037
ENSSSCG00000043030,6.61404736745031,7.28067907612677
ENSSSCG00000055378,1.50677891522418,1.47724380910331
ENSSSCG00000059736,2.67850861649466,2.89870106029881
ENSSSCG00000042769,2.61814651954306,3.44199506771677
ENSSSCG00000050739,1.0124140211341,1.87511825059562
ENSSSCG00000028483,-0.503005667143942,-0.650786169073976
ENSSSCG00000023143,1.0124140211341,1.39302001591966
ENSSSCG00000027829,0.503524755598007,0.269413319240056
ENSSSCG00000025540,0.111554715953384,0.343090997642991
ENSSSCG00000052016,-0.847537601777033,-1.06175616837389
ENSSSCG00000034448,4.1380906590801,3.96095768663371
ENSSSCG00000002684,6.50517053366763,6.86800019159661
ENSSSCG00000034572,4.03961379546962,3.58171821333942
ENSSSCG00000035182,2.57343015789845,2.98753919341803
ENSSSCG00000002712,4.41394983039547,4.36190627741611
ENSSSCG00000031462,6.42438202237891,6.55957801144683
ENSSSCG00000002714,4.18045212468739,4.76684394606366
ENSSSCG00000002718,2.2601713103169,3.63402652004958
ENSSSCG00000002716,2.815375418519,2.77104214505238
ENSSSCG00000002715,4.70053488516532,4.31232199028989
ENSSSCG00000002724,4.34112734509873,4.9504307700918
ENSSSCG00000002720,-1.5956269400881,0.926006765743826
ENSSSCG00000002719,3.02915146757585,2.90479685619967
ENSSSCG00000037473,0.613625923982859,1.82456795126936
ENSSSCG00000061257,4.28399196895503,5.69552369128177
ENSSSCG00000025425,5.40908579004245,5.78499297952149
ENSSSCG00000027973,5.4442804567863,5.61972549938371
ENSSSCG00000025323,7.11767889337214,7.11999623101578
ENSSSCG00000040629,1.14055756446698,2.87405700009082
ENSSSCG00000040037,5.4039871528837,4.70531031823746
ENSSSCG00000002729,5.056236507543,4.5072093651604
ENSSSCG00000002722,4.67959035376555,4.76851630488417
ENSSSCG00000060523,4.46380352541899,4.6895079014773
ENSSSCG00000023280,1.59890203838796,1.14781387260733
ENSSSCG00000025975,3.31101636625581,4.16519497479506
ENSSSCG00000025441,-2.19461582859326,-0.883096611932229
ENSSSCG00000025928,9.05181823429697,8.67547465961334
ENSSSCG00000030425,5.96585403265066,5.11327093106325
ENSSSCG00000003148,3.50445851965302,4.91009062304634
ENSSSCG00000040556,3.86509081358966,2.99327166878598
ENSSSCG00000003147,3.52338998647721,4.06804613406909
ENSSSCG00000003146,5.49071151194592,3.89512044445611
ENSSSCG00000003145,7.47788273222988,6.16867420196235
ENSSSCG00000003143,2.82303593425957,2.5785599463218
ENSSSCG00000029151,6.02682816521874,5.3902389966062
ENSSSCG00000003142,3.1619333712404,0.926006765743826
ENSSSCG00000038580,5.67342824377673,4.62450827490027
ENSSSCG00000003140,2.28256878788505,1.8626457560383
ENSSSCG00000003139,6.43816486522704,6.58779511736259
ENSSSCG00000003137,4.2978022842804,3.32413033988791
ENSSSCG00000003155,6.45366900105229,6.49841201789288
ENSSSCG00000003149,2.76853794482827,2.05031729144738
ENSSSCG00000003150,8.63357939224448,7.15077803208407
ENSSSCG00000003153,9.44773478816654,10.3240700073125
ENSSSCG00000003154,6.25703793443265,6.02075840171591
ENSSSCG00000003152,7.55465833035534,7.47295162112134
ENSSSCG00000044760,6.58054453602552,6.6417135747979
ENSSSCG00000003160,3.20361043539168,1.71782176674871
ENSSSCG00000023792,8.09119246138778,8.3495904675811
ENSSSCG00000003157,2.79993126747808,2.94084044994871
ENSSSCG00000022324,5.5204630478028,5.1624362381228
ENSSSCG00000003156,4.19233040070992,2.35638466866671
ENSSSCG00000022672,5.82894111895547,4.97381438806942
ENSSSCG00000003144,5.51810537335122,5.02648004810064
ENSSSCG00000003412,5.1229200849611,5.30407706197579
ENSSSCG00000003413,6.24924082502403,6.26955301115938
ENSSSCG00000003414,-0.0469734082326686,-0.969662564375006
ENSSSCG00000037325,4.29505077699978,4.56608936394891
ENSSSCG00000003417,-3.86672707663002,1.06313784412392
ENSSSCG00000025667,5.37431506969936,2.31120381804596
ENSSSCG00000003421,5.88490887604417,5.49698575968252
ENSSSCG00000062839,3.63204079352504,3.45451597397753
ENSSSCG00000003423,3.20946722096746,2.9526576108983
ENSSSCG00000022401,5.91747614314694,6.52586260819553
ENSSSCG00000003428,6.96029463902419,6.58257598528657
ENSSSCG00000003429,5.39630525125331,5.59731673005753
ENSSSCG00000003431,0.160749279997622,-2.35951718500686
ENSSSCG00000003432,6.53928632666842,6.22700617721402
ENSSSCG00000003433,6.49920608969366,5.46640113294074
ENSSSCG00000003434,5.98134085793546,5.94735486198979
ENSSSCG00000003435,4.30875613500861,4.54282492718398
ENSSSCG00000057215,0.780291912538719,-3.86672707663002
ENSSSCG00000022208,5.71107056190657,4.65013503043335
ENSSSCG00000045223,0.957790112127212,1.34001980880434
ENSSSCG00000036909,6.29126752594312,6.23489086719847
ENSSSCG00000034096,5.45171175207312,5.22345666992365
ENSSSCG00000046815,-1.44083485948891,-1.37962819886108
ENSSSCG00000039770,4.22160514102507,4.56801123857266
ENSSSCG00000034727,6.22052708757719,6.00594816870737
ENSSSCG00000026793,6.92201795947187,5.58882288529855
ENSSSCG00000039267,6.38481569829754,6.0270593963741
ENSSSCG00000036620,3.95847170903587,4.19036603229008
ENSSSCG00000059847,3.28905954937994,2.93489537211092
ENSSSCG00000029430,5.19406068308839,4.67531450848851
ENSSSCG00000034778,0.299003801631898,0.0226960489355265
ENSSSCG00000034059,4.00971775935811,4.28687578431891
ENSSSCG00000026449,6.72910720370671,6.64444839489203
ENSSSCG00000035849,9.20514679622432,9.59545927615698
ENSSSCG00000003940,5.14905855304734,5.2831709481389
ENSSSCG00000003941,6.53637687931068,6.69764469929757
ENSSSCG00000003943,4.52848458975949,4.24904303055937
ENSSSCG00000052567,-0.581735609749139,0.512334077457971
ENSSSCG00000035238,5.41670011830492,5.4372583798715
ENSSSCG00000003949,4.70053488516532,3.8034740766224
ENSSSCG00000030906,1.30275293821975,1.20821105392266
ENSSSCG00000003950,5.0167004315769,5.09872045509257
ENSSSCG00000056591,1.14055756446698,2.89870106029881
ENSSSCG00000041987,3.1190164188074,3.24465403677709
ENSSSCG00000003951,5.20142643020371,5.43304665381633
ENSSSCG00000024697,5.44552166727116,5.00109896872219
ENSSSCG00000061946,5.65530542555803,5.40321518869213
ENSSSCG00000003112,2.27141351306507,3.51155161442838
ENSSSCG00000024240,6.34346792795353,6.42184123835508
ENSSSCG00000056729,1.73505954565087,2.31120381804596
ENSSSCG00000003113,0.929682484613295,0.109708133942356
ENSSSCG00000003114,6.11215154701839,6.31889221892843
ENSSSCG00000003115,4.3960859111406,3.96679654586605
ENSSSCG00000029567,4.0849212646763,3.45035440098084
ENSSSCG00000003121,4.86911251427859,4.63737855328914
ENSSSCG00000003120,6.24639503200935,5.90768644321379
ENSSSCG00000022302,4.06567773954214,4.10822247590328
ENSSSCG00000028802,-1.76904577456744,-0.331304090129519
ENSSSCG00000029785,9.16162785379321,8.97077019463031
ENSSSCG00000003268,5.27727512359903,5.26076969820633
ENSSSCG00000003267,5.92194178468914,5.68759033797494
ENSSSCG00000003266,6.98611283873378,6.1078839678238
ENSSSCG00000003265,1.91786723757113,2.08294141053324
ENSSSCG00000003264,6.59347940958623,6.06633906501308
ENSSSCG00000003263,5.9103022402517,5.69815847738635
ENSSSCG00000003262,3.77712447056215,3.68095686141744
ENSSSCG00000003261,4.81635928352434,4.20772806306319
ENSSSCG00000033542,4.45396965385522,3.98991850383546
ENSSSCG00000003257,4.40632093419752,4.79337180674343
ENSSSCG00000003255,1.65147836204809,1.4441419554549
ENSSSCG00000025532,1.78297855012575,0.44699951176586
ENSSSCG00000003256,8.36601367082167,7.6437262570391
ENSSSCG00000003253,7.61216147063389,6.55957801144683
ENSSSCG00000024413,7.87653873644565,7.26713854446697
ENSSSCG00000042257,-0.503005667143942,-0.580978849888471
ENSSSCG00000055840,2.23742062690637,2.35638466866671
ENSSSCG00000043562,4.46135133452517,4.60965740618034
ENSSSCG00000054038,1.73505954565087,2.19662193895553
ENSSSCG00000054995,2.76058170235838,2.97020382076097
ENSSSCG00000031883,0.957790112127212,0.774458752770575
ENSSSCG00000040419,-0.581735609749139,-1.06175616837389
ENSSSCG00000003241,1.14055756446698,1.57222259459841
ENSSSCG00000036656,4.74355289810022,5.53776305564405
ENSSSCG00000032585,4.77943132197348,5.37604848406991
ENSSSCG00000032969,4.66047672489061,5.04867214841348
ENSSSCG00000038927,2.24884081421465,2.61619678245007
ENSSSCG00000046897,3.29458016119167,3.01597647269275
ENSSSCG00000038712,3.15587999024382,2.80403140524322
ENSSSCG00000003240,2.71190019265781,2.77104214505238
ENSSSCG00000003239,1.09065751143433,1.64685816540168
ENSSSCG00000003238,2.36883548604693,2.87405700009082
ENSSSCG00000058009,-0.753389730293386,-1.63861791175253
ENSSSCG00000003236,-1.3010534406464,-0.650786169073976
ENSSSCG00000018357,-0.225096418835447,0.343090997642991
ENSSSCG00000059123,1.78297855012575,2.63098083117467
ENSSSCG00000003234,1.38785577819136,1.0847773181148
ENSSSCG00000003233,2.9956502008432,3.31957451718663
ENSSSCG00000022906,4.03302356480932,2.97600545370124
ENSSSCG00000039649,-1.44083485948891,-0.883096611932229
ENSSSCG00000003231,1.21231354325694,1.01886012427252
ENSSSCG00000003229,5.3266108422009,5.00819417535218
ENSSSCG00000003228,0.957790112127212,0.306722442383792
ENSSSCG00000038043,-1.1736270562095,0.663791401431833
ENSSSCG00000039922,5.1792154011969,4.86546783066061
ENSSSCG00000003269,3.03575936923339,4.0267188280262
ENSSSCG00000030857,8.09811488321164,8.38108626923376
ENSSSCG00000003271,1.61664122769751,1.4441419554549
ENSSSCG00000034284,1.96016598715194,2.02815067824639
ENSSSCG00000059775,0.748463530495347,1.32191137878578
ENSSSCG00000022675,-1.05654789507939,-1.63861791175253
ENSSSCG00000003278,-0.289717603961706,0.574837615712797
ENSSSCG00000038287,3.9962291455528,4.02392112189717
ENSSSCG00000026417,4.14421898484408,3.49951808367277
ENSSSCG00000027189,7.16252324772686,6.4740207377754
ENSSSCG00000025353,0.54116651967454,-1.95450014976733
ENSSSCG00000043687,7.06373755246897,5.78085602893012
ENSSSCG00000042884,8.48199717244672,7.66093598597297
ENSSSCG00000021843,4.41648385734215,3.3377121190505
ENSSSCG00000003302,0.957790112127212,0.306722442383792
ENSSSCG00000003301,6.42123110890425,6.38306793829937
ENSSSCG00000003288,5.39116116467913,5.29482283676944
ENSSSCG00000032656,3.38533583072866,2.45106624968918
ENSSSCG00000057251,-0.289717603961706,-0.969662564375006
ENSSSCG00000035829,4.11018641085633,4.05165699907035
ENSSSCG00000035612,-0.103938698558373,-0.51439395667637
ENSSSCG00000040725,-0.665011214899346,-1.63861791175253
ENSSSCG00000052569,0.577851083508549,-1.37962819886108
ENSSSCG00000035417,3.73713913719888,3.73669712447758
ENSSSCG00000039460,8.88470253657475,8.59092789021118
ENSSSCG00000035344,4.93068038675488,4.62819722810014
ENSSSCG00000035924,1.42859580901325,2.41735114660964
ENSSSCG00000003289,4.74758373695633,4.44163694228231
ENSSSCG00000025343,4.26443270150265,3.69860814537264
ENSSSCG00000058832,4.75160334516216,4.80645503143421
ENSSSCG00000037450,6.14613833721994,5.96715155580607
ENSSSCG00000033532,0.715917087066103,1.30357276293605
ENSSSCG00000060467,-1.1736270562095,0.231113683523015
ENSSSCG00000025138,3.98943724956418,4.71227843525525
ENSSSCG00000061310,4.51199186645499,4.38170959683214
ENSSSCG00000024661,4.56548892997186,4.91764662175102
ENSSSCG00000029156,4.21288492323123,4.72266791020141
ENSSSCG00000037024,4.04289765600648,4.02951111928058
ENSSSCG00000031349,4.86726131285004,4.54672847918218
ENSSSCG00000040721,2.27141351306507,2.34746098418498
ENSSSCG00000035081,4.07533158707034,4.21265050656083
ENSSSCG00000034815,7.90839348392752,7.75208611332324
ENSSSCG00000039670,7.204916627031,7.16798667264917
ENSSSCG00000003590,6.75786791518637,8.01169415017629
ENSSSCG00000022554,3.43617078895197,-0.168854921246468
ENSSSCG00000025034,5.34667964451549,4.95924410147895
ENSSSCG00000003592,6.71373650530863,5.44669004730918
ENSSSCG00000003591,6.3685493906627,6.84678469282301
ENSSSCG00000032193,-0.753389730293386,-0.883096611932229
ENSSSCG00000003596,4.79704139008876,4.68242865943329
ENSSSCG00000031639,5.47984896693817,5.10137693487325
ENSSSCG00000036883,2.33708688541697,3.88590526779945
ENSSSCG00000023585,4.64543349794003,5.35616676511172
ENSSSCG00000003599,-3.86672707663002,1.66133288059543
ENSSSCG00000003600,4.69010062728508,5.05142231151614
ENSSSCG00000034810,6.28365371779264,6.22335250450491
ENSSSCG00000003603,8.62689349582437,8.05807046056123
ENSSSCG00000003604,4.04944303763635,3.10867369649288
ENSSSCG00000003419,4.06244538145152,3.3377121190505
ENSSSCG00000042592,0.00782776903463305,-0.275097240265819
ENSSSCG00000059852,0.503524755598007,0.826763660403192
ENSSSCG00000040607,1.81406255392592,1.74525785846237
ENSSSCG00000039885,7.14352929325797,6.80298623740166
ENSSSCG00000023122,7.57493274846966,7.61775246504195
ENSSSCG00000032563,3.56509876847735,4.0126757259433
ENSSSCG00000034017,6.87994636991977,6.86994889978724
ENSSSCG00000003617,5.3664731029009,5.24163189598151
ENSSSCG00000031514,2.68692924499126,1.64685816540168
ENSSSCG00000003610,4.08810371085403,4.22731786064675
ENSSSCG00000022014,6.61404736745031,6.75655294441757
ENSSSCG00000037312,3.20361043539168,3.29657707260783
ENSSSCG00000003612,5.9744783403736,5.44773421430857
ENSSSCG00000037566,3.28351773124027,2.77770062085909
ENSSSCG00000003616,3.91253665916296,1.89974434301656
ENSSSCG00000003613,6.85727605251591,6.58921524627003
ENSSSCG00000026392,6.25703793443265,6.24092682544941
ENSSSCG00000022120,0.577851083508549,0.996201015194988
ENSSSCG00000021457,1.84449092952033,2.23583578812337
ENSSSCG00000029799,5.00664477155074,5.12897857887167
ENSSSCG00000032543,-0.94826101088964,-0.650786169073976
ENSSSCG00000028423,7.81015649839594,7.94965778426588
ENSSSCG00000021232,4.81059102718122,5.05279542960736
ENSSSCG00000037621,6.72451316471015,6.88660001523275
ENSSSCG00000030369,5.48105996318015,5.21734701963865
ENSSSCG00000022801,4.35968046582564,4.89638929100478
ENSSSCG00000032664,-0.94826101088964,-1.95450014976733
ENSSSCG00000026455,5.1792154011969,4.92815897360019
ENSSSCG00000003608,1.88896298917059,1.35790376000462
ENSSSCG00000025206,5.04808869679453,5.1445170466678
ENSSSCG00000032067,5.41035763881071,5.29945736955974
ENSSSCG00000003619,2.33708688541697,2.08294141053324
ENSSSCG00000003620,2.5272833570641,2.77104214505238
ENSSSCG00000032078,5.17023435078468,5.29249997537808
ENSSSCG00000025344,6.33478633787579,6.30570725399024
ENSSSCG00000003621,2.69530100957938,3.66308693729257
ENSSSCG00000063112,-1.1736270562095,0.6051024001257
ENSSSCG00000002723,6.88818557961913,6.20185299939493
ENSSSCG00000063318,-1.44083485948891,-0.969662564375006
ENSSSCG00000003713,4.95354368256173,5.41714226018337
ENSSSCG00000059661,-1.1736270562095,-0.275097240265819
ENSSSCG00000003715,3.14369649336471,2.08294141053324
ENSSSCG00000021519,2.7764505503789,2.365253495496
ENSSSCG00000034414,5.25195981937784,4.84659175376207
ENSSSCG00000002820,4.43909200990628,4.35301678640405
ENSSSCG00000002819,3.14369649336471,3.82291897360472
ENSSSCG00000002818,6.81083787353006,6.68264484897274
ENSSSCG00000029519,4.79119521878023,4.14215931264521
ENSSSCG00000025284,5.86927054156939,5.46124005878232
ENSSSCG00000025454,5.84219580214831,6.09661115029385
ENSSSCG00000029165,4.5677704875085,4.48296761983429
ENSSSCG00000024759,4.76160363985539,3.49951808367277
ENSSSCG00000003652,6.36001787017869,6.11578854924637
ENSSSCG00000003653,6.26970663786387,5.64543659906685
ENSSSCG00000034367,2.42024489322316,4.68420172925064
ENSSSCG00000036451,0.254375037426665,1.83737254564755
ENSSSCG00000032082,2.66151846255649,0.44699951176586
ENSSSCG00000029705,-1.76904577456744,0.269413319240056
ENSSSCG00000003660,7.11845729184526,7.10485200602605
ENSSSCG00000038956,4.19823306444655,2.77770062085909
ENSSSCG00000003662,2.01470169144954,0.692264219933096
ENSSSCG00000021333,6.92469058353309,6.53669824795335
ENSSSCG00000026407,3.84265511981395,1.50960316311779
ENSSSCG00000032407,3.37495030233802,2.60874755476081
ENSSSCG00000040981,1.34593178147808,1.37556872975422
ENSSSCG00000010706,6.44810668716738,6.3274266423672
ENSSSCG00000022442,7.20894207877166,6.9977120104952
ENSSSCG00000046487,5.09471796121594,5.00677792283148
ENSSSCG00000028056,5.57365261209731,5.56592507063441
ENSSSCG00000030048,6.50040095279392,5.3978226187547
ENSSSCG00000020817,9.07686384783112,8.838995228031
ENSSSCG00000023556,7.42569418961095,7.03257782368235
ENSSSCG00000026612,5.01836958180639,5.1445170466678
ENSSSCG00000002987,0.425160216794395,1.0847773181148
ENSSSCG00000024773,0.780291912538719,0.800848232904328
ENSSSCG00000027197,5.95107334239536,6.15339512243635
ENSSSCG00000030510,5.59952964648119,5.6298810039779
ENSSSCG00000063541,-0.94826101088964,-1.37962819886108
ENSSSCG00000039235,6.767825029234,6.21724241213974
ENSSSCG00000002988,3.58775966357871,3.93140357668263
ENSSSCG00000028036,4.34910791583901,4.40769813818823
ENSSSCG00000002990,0.111554715953384,-2.35951718500686
ENSSSCG00000002989,6.71270594592511,6.57590602921067
ENSSSCG00000027016,3.48043940001491,3.73327574563986
ENSSSCG00000025109,7.82596877461357,6.88003996783951
ENSSSCG00000021917,0.208321522646333,0.191769503652254
ENSSSCG00000038439,3.2498121961957,3.30582008798424
ENSSSCG00000026931,3.54207624329408,3.6702614901974
ENSSSCG00000025448,4.65404882514508,4.52907871456189
ENSSSCG00000021067,4.27284773568795,3.74351563634806
ENSSSCG00000037494,2.48927277795051,2.43430718416671
ENSSSCG00000033836,4.23888902665658,3.64134668663261
ENSSSCG00000033760,7.18127038130285,7.78550667496555
ENSSSCG00000023228,4.59933912801104,4.26571706684204
ENSSSCG00000055235,4.46135133452517,4.29849790937015
ENSSSCG00000003000,3.74118791059028,4.28687578431891
ENSSSCG00000040533,5.27727512359903,5.1000493064153
ENSSSCG00000002998,5.27727512359903,4.62819722810014
ENSSSCG00000002997,-0.428350711608159,0.44699951176586
ENSSSCG00000002996,4.71295718940714,4.38170959683214
ENSSSCG00000002995,5.63695205323722,5.74647798642089
ENSSSCG00000027515,3.70433327790565,3.74691284553516
ENSSSCG00000048693,-1.44083485948891,-1.06175616837389
ENSSSCG00000026257,5.65100794331795,5.81766833962658
ENSSSCG00000038619,5.19406068308839,5.38152290423251
ENSSSCG00000029558,-0.163246077098895,0.109708133942356
ENSSSCG00000026386,2.2936384687718,3.94329796990743
ENSSSCG00000030660,4.16546541539058,4.28454008180057
ENSSSCG00000031074,1.96016598715194,1.88748384057387
ENSSSCG00000045776,3.28905954937994,2.85529370095294
ENSSSCG00000059106,-1.5956269400881,-0.51439395667637
ENSSSCG00000028387,3.98261322749707,4.50118700956121
ENSSSCG00000026526,1.48762675172783,1.49351421091838
ENSSSCG00000026731,4.28676462830034,3.55870645204166
ENSSSCG00000033546,7.90704260975891,8.15059034065471
ENSSSCG00000057268,1.42859580901325,1.18835828160125
ENSSSCG00000033539,0.160749279997622,1.75878269330764
ENSSSCG00000040579,-0.357369586612393,0.413188112875905
ENSSSCG00000003654,8.07444185922606,8.80150526222435
ENSSSCG00000038627,1.73505954565087,0.44699951176586
ENSSSCG00000002700,-0.665011214899346,0.378565244869403
ENSSSCG00000002701,5.96412296715717,6.04096385353646
ENSSSCG00000046384,-0.665011214899346,-0.650786169073976
ENSSSCG00000003584,0.00782776903463305,0.269413319240056
ENSSSCG00000003583,4.11331366956228,3.74691284553516
ENSSSCG00000030623,1.87429076377796,1.99424877862076
ENSSSCG00000003580,5.81748222468785,5.94956795729416
ENSSSCG00000031788,0.841916534859911,0.543924309209927
ENSSSCG00000038907,6.34546397445311,6.13016874718409
ENSSSCG00000027072,4.45150067658627,4.05440148353336
ENSSSCG00000029438,4.45889496847324,4.06804613406909
ENSSSCG00000044404,3.23265945709217,3.10867369649288
ENSSSCG00000003085,6.69455095957546,6.30858381875111
ENSSSCG00000038879,4.28121397068151,3.34669612062099
ENSSSCG00000040264,5.11670041715772,5.14965956688406
ENSSSCG00000033194,2.9956502008432,3.1554391108737
ENSSSCG00000037056,5.70900489011606,5.48075468297475
ENSSSCG00000035833,0.160749279997622,0.413188112875905
ENSSSCG00000035374,0.613625923982859,0.826763660403192
ENSSSCG00000035706,0.929682484613295,0.747577553315015
ENSSSCG00000040410,1.96016598715194,0.852221766628148
ENSSSCG00000022538,5.26467299746481,4.54086918328405
ENSSSCG00000036132,7.51056818791126,5.09872045509257
ENSSSCG00000039864,1.73505954565087,2.77770062085909
ENSSSCG00000039929,4.88566729592073,4.92216129815125
ENSSSCG00000036542,4.60379306832259,5.38806490528148
ENSSSCG00000020754,3.5139553058738,3.64134668663261
ENSSSCG00000055289,3.93745249917923,3.61184049341146
ENSSSCG00000036870,3.45107843294489,2.70969117426895
ENSSSCG00000036317,7.20198195484927,6.18128431127278
ENSSSCG00000058475,4.48085313844921,4.20526052872888
ENSSSCG00000037184,1.03896948409484,0.774458752770575
ENSSSCG00000038229,5.67765955404994,5.789941712083
ENSSSCG00000021053,4.61044830250203,4.00134198627368
ENSSSCG00000033500,6.38287339737077,6.32003306326246
ENSSSCG00000032819,4.28953196919945,3.98129113783476
ENSSSCG00000038367,3.24411724595056,3.57025821344925
ENSSSCG00000035791,5.97705561134484,6.0979419449997
ENSSSCG00000038969,8.23863177999134,6.66479595065472
ENSSSCG00000038738,5.03330566363119,4.63187677274518
ENSSSCG00000040714,2.79993126747808,2.81701875074225
ENSSSCG00000003093,6.48900959838563,6.40742309029032
ENSSSCG00000003092,-0.94826101088964,-0.389789821758014
ENSSSCG00000038739,1.11582327058225,-0.0228605115491758
ENSSSCG00000035029,0.464874497983746,0.6051024001257
ENSSSCG00000003100,5.47499479121428,5.4085876770793
ENSSSCG00000038688,0.682619433441756,1.70390554777238
ENSSSCG00000003101,1.70220582089016,3.82291897360472
ENSSSCG00000003098,6.15754412746494,5.86611556799521
ENSSSCG00000003102,0.111554715953384,0.306722442383792
ENSSSCG00000033830,3.20946722096746,2.8105396921843
ENSSSCG00000022545,7.02399396049895,6.96198267846709
ENSSSCG00000026602,0.160749279997622,-1.06175616837389
ENSSSCG00000022068,1.03896948409484,0.634745314624147
ENSSSCG00000022280,6.63378186703837,5.68935707930839
ENSSSCG00000026152,5.9246145497389,5.71473463421815
ENSSSCG00000003104,6.98824364380254,6.84083570590832
ENSSSCG00000003103,4.07212081022427,4.05987483918574
ENSSSCG00000047379,3.05540339708637,2.8105396921843
ENSSSCG00000031616,0.464874497983746,0.44699951176586
ENSSSCG00000058768,0.715917087066103,-0.724143750785594
ENSSSCG00000057046,0.613625923982859,0.877238412496071
ENSSSCG00000057804,-0.163246077098895,0.543924309209927
ENSSSCG00000053348,1.11582327058225,0.543924309209927
ENSSSCG00000003738,5.21313395949095,4.35301678640405
ENSSSCG00000039052,3.78499025008485,3.80998487260463
ENSSSCG00000003741,4.28953196919945,4.49715809388611
ENSSSCG00000003740,2.80767400923913,3.09274217814535
ENSSSCG00000023276,5.19110382215945,5.7907648529947
ENSSSCG00000030018,3.79281337669825,3.79365245612088
ENSSSCG00000038859,3.6918361717117,3.7771330249621
ENSSSCG00000003743,6.68879759744597,6.47299543037272
ENSSSCG00000002959,3.75727032724029,4.07886969512575
ENSSSCG00000002960,1.42859580901325,1.04116884334027
ENSSSCG00000058790,1.78297855012575,1.49351421091838
ENSSSCG00000002963,7.32913898076804,7.14241860533661
ENSSSCG00000002965,8.32563305682897,7.92325099078897
ENSSSCG00000002967,-0.357369586612393,-0.275097240265819
ENSSSCG00000024281,-0.847537601777033,-0.389789821758014
ENSSSCG00000022017,-1.44083485948891,0.0226960489355265
ENSSSCG00000028943,4.98461404471611,5.1093171509493
ENSSSCG00000035570,8.01025526106436,7.8772969763122
ENSSSCG00000022692,1.75121004166391,1.8626457560383
ENSSSCG00000026794,5.71827721016181,5.59825741109972
ENSSSCG00000026904,4.35440387570681,4.01549530322572
ENSSSCG00000047060,1.78297855012575,2.31120381804596
ENSSSCG00000002972,4.1226549774172,4.04890728373521
ENSSSCG00000031860,4.23027296690235,3.09274217814535
ENSSSCG00000038805,5.17772243664421,4.93413181827463
ENSSSCG00000002962,1.63416494499211,2.16649583861557
ENSSSCG00000003673,5.55537347321128,6.39448486063098
ENSSSCG00000021738,5.04481664425098,5.44459944338857
ENSSSCG00000031730,4.055958857509,3.76377992309802
ENSSSCG00000027007,3.21530032635219,3.54706144775751
ENSSSCG00000039769,4.32503253135323,4.67709633776791
ENSSSCG00000036781,0.54116651967454,-0.969662564375006
ENSSSCG00000038992,3.12522613144149,2.33848175918667
ENSSSCG00000060225,1.61664122769751,0.692264219933096
ENSSSCG00000024162,4.51672334355842,3.76712980316208
ENSSSCG00000028126,3.10022528325059,4.10822247590328
ENSSSCG00000022163,-0.665011214899346,-0.650786169073976
ENSSSCG00000047925,0.985360575284754,1.55682069776002
ENSSSCG00000022947,5.70900489011606,5.67159154346099
ENSSSCG00000053480,1.14055756446698,1.47724380910331
ENSSSCG00000003582,2.89748372295634,3.14517701483991
ENSSSCG00000030682,5.29114957747305,5.22467550126405
ENSSSCG00000003549,5.43055619401458,5.47871289831245
ENSSSCG00000058342,-1.44083485948891,-0.51439395667637
ENSSSCG00000023235,4.27004817449682,4.55644139906733
ENSSSCG00000003554,7.33216185972795,6.46063456605248
ENSSSCG00000003553,5.76177389241526,5.91676397164914
ENSSSCG00000003552,-2.19461582859326,-1.26570965698543
ENSSSCG00000003551,4.7715350926611,2.81701875074225
ENSSSCG00000033516,5.34535037482733,4.47888742901233
ENSSSCG00000003555,8.80026644996235,8.89135544981049
ENSSSCG00000003558,5.44552166727116,5.80305593881932
ENSSSCG00000003559,6.9362150810652,7.31312548413185
ENSSSCG00000040007,5.84030971539827,5.63171980341482
ENSSSCG00000003561,5.18368504726424,5.30983095246121
ENSSSCG00000062214,1.11582327058225,2.21636209324052
ENSSSCG00000053928,3.24411724595056,3.48738333630153
ENSSSCG00000003564,3.76126307444923,3.80998487260463
ENSSSCG00000003566,8.25004242179032,7.98551012412849
ENSSSCG00000003567,3.74118791059028,3.96970713771346
ENSSSCG00000027325,2.69530100957938,3.00466873565346
ENSSSCG00000036755,3.36972936706284,3.84210527044791
ENSSSCG00000049032,-1.96619539223541,-0.969662564375006
ENSSSCG00000003569,4.89659921430897,4.41198440847349
ENSSSCG00000003570,6.6500235492926,7.14370782792061
ENSSSCG00000023636,5.043177830867,4.91160499201842
ENSSSCG00000003572,5.02999987195498,4.54867630156947
ENSSSCG00000003573,4.28676462830034,3.65948623662842
ENSSSCG00000056742,4.18045212468739,3.84844441702227
ENSSSCG00000003577,6.91307328450947,6.96088603638636
ENSSSCG00000047361,2.9956502008432,3.26848731736893
ENSSSCG00000047147,6.83802937536617,6.13924571186518
ENSSSCG00000042438,-0.665011214899346,1.35790376000462
ENSSSCG00000003578,5.72032965769076,2.63831642849982
ENSSSCG00000034570,9.40984607111832,7.73572227545135
ENSSSCG00000027894,5.1792154011969,5.58787603047473
ENSSSCG00000024927,5.91120093139305,5.55045543332824
ENSSSCG00000021634,5.0366038977299,4.94895663282815
ENSSSCG00000028973,4.82019201472572,5.07594067491483
ENSSSCG00000029097,4.10391148326593,4.368537633411
ENSSSCG00000030284,4.56320375853828,4.54477802343035
ENSSSCG00000046793,2.60931343902336,3.36891436969478
ENSSSCG00000030432,1.71872620129392,1.26618103197673
ENSSSCG00000027530,3.5374273204274,3.50354042332499
ENSSSCG00000038872,4.94479293377898,5.19762042986269
ENSSSCG00000047080,1.66858646664768,0.543924309209927
ENSSSCG00000003586,7.87031358421254,6.9905649362414
ENSSSCG00000058017,3.76921557047862,3.96388007011859
ENSSSCG00000051929,7.42695148706977,7.43106485501429
ENSSSCG00000003589,5.08837524352192,5.23438925913422
ENSSSCG00000031380,6.79485795970507,6.61081730392508
ENSSSCG00000030420,8.20531433802775,8.0745563090819
ENSSSCG00000044428,-3.86672707663002,-0.220998320347156
ENSSSCG00000028530,2.76058170235838,1.93591281567592
ENSSSCG00000030513,7.13893329104093,7.04780732688328
ENSSSCG00000043241,2.06725074680192,2.27401191108018
ENSSSCG00000035018,3.02915146757585,-1.37962819886108
ENSSSCG00000030361,6.2022863933247,6.77289181954728
ENSSSCG00000032903,1.03896948409484,2.02815067824639
ENSSSCG00000040944,6.55891647550704,6.86448586993673
ENSSSCG00000053045,2.91192312854079,2.98753919341803
ENSSSCG00000060855,3.65797143270632,3.27791146848435
ENSSSCG00000026626,6.51170306654957,6.08390699621659
ENSSSCG00000027916,6.08930528234281,5.85513950671577
ENSSSCG00000027407,8.44679217141984,8.43275718088471
ENSSSCG00000003214,-0.94826101088964,-0.650786169073976
ENSSSCG00000003212,2.7764505503789,2.86782964222017
ENSSSCG00000003211,6.29677971128953,6.34434550737707
ENSSSCG00000003216,3.66224825281035,3.78706736470701
ENSSSCG00000003218,0.81143323514119,3.507551579572
ENSSSCG00000003219,0.715917087066103,1.39302001591966
ENSSSCG00000039372,6.8554095907273,6.59157902571304
ENSSSCG00000003217,4.70675940750322,4.52314714798053
ENSSSCG00000029960,3.26676339384565,2.16649583861557
ENSSSCG00000003222,5.14141980543043,4.29618096237515
ENSSSCG00000037098,2.31552623327911,2.53206007975693
ENSSSCG00000062536,2.74453636267091,2.69569592357175
ENSSSCG00000036814,5.01168136260575,5.12376167547887
ENSSSCG00000024736,3.39564713084774,3.02159727799667
ENSSSCG00000040236,1.87429076377796,1.77218191355614
ENSSSCG00000060070,0.901016344624057,1.46078781820194
ENSSSCG00000037466,0.748463530495347,0.720185961482743
ENSSSCG00000055583,4.74959494097784,4.96216995461641
ENSSSCG00000045200,5.22474724597021,5.79158752452473
ENSSSCG00000055391,-0.225096418835447,-0.969662564375006
ENSSSCG00000046995,-0.0469734082326686,-0.969662564375006
ENSSSCG00000002872,5.49071151194592,6.17562339787855
ENSSSCG00000002873,7.98721503864605,7.54375396918902
ENSSSCG00000002875,1.38785577819136,1.49351421091838
ENSSSCG00000031169,5.98646640858209,6.08121812275693
ENSSSCG00000039166,4.16244930073107,3.93140357668263
ENSSSCG00000055296,0.208321522646333,0.066857978120369
ENSSSCG00000035876,2.35833005876887,2.73043273786855
ENSSSCG00000002877,4.67536471088308,4.46245028240699
ENSSSCG00000036886,2.91192312854079,2.50020608859808
ENSSSCG00000055443,2.39990043044213,2.4593733377272
ENSSSCG00000002879,5.54845864237727,5.70166405702209
ENSSSCG00000023267,2.11795282114626,1.89974434301656
ENSSSCG00000021867,5.3413552013549,5.27024423277078
ENSSSCG00000024666,1.78297855012575,5.06100680599587
ENSSSCG00000025126,4.0849212646763,3.23016276139433
ENSSSCG00000021374,5.4591049649742,5.06645520653599
ENSSSCG00000025499,2.69530100957938,2.02815067824639
ENSSSCG00000002884,5.43681068475737,5.84962000160185
ENSSSCG00000002885,6.475098628066,6.29935854969181
ENSSSCG00000002893,-0.225096418835447,0.109708133942356
ENSSSCG00000041481,0.00782776903463305,0.306722442383792
ENSSSCG00000033702,3.19772977657571,3.37770673814231
ENSSSCG00000002888,1.66858646664768,2.301995340821
ENSSSCG00000040012,6.10745432487798,5.71039091935085
ENSSSCG00000002902,3.10022528325059,3.1191978017878
ENSSSCG00000041083,0.87176904556138,1.4441419554549
ENSSSCG00000038292,-2.80087696638474,-1.06175616837389
ENSSSCG00000002904,4.70882829460585,5.42987977068145
ENSSSCG00000002905,6.12460321438195,5.80712980720902
ENSSSCG00000002906,1.21231354325694,0.574837615712797
ENSSSCG00000002907,6.4493446115587,5.75325053597688
ENSSSCG00000057394,1.96016598715194,2.24547494246517
ENSSSCG00000058519,0.208321522646333,0.6051024001257
ENSSSCG00000027280,0.425160216794395,0.663791401431833
ENSSSCG00000030477,0.682619433441756,0.6051024001257
ENSSSCG00000023086,-3.23753225397681,-0.883096611932229
ENSSSCG00000028807,0.841916534859911,0.747577553315015
ENSSSCG00000027686,5.69759052236449,5.70078846036599
ENSSSCG00000045842,-3.86672707663002,-0.450747065242323
ENSSSCG00000049921,-0.581735609749139,-0.168854921246468
ENSSSCG00000054122,-1.3010534406464,-0.450747065242323
ENSSSCG00000059879,6.38675538781912,6.65352720072571
ENSSSCG00000040559,3.78890711607449,4.07075964651888
ENSSSCG00000021745,0.503524755598007,0.877238412496071
ENSSSCG00000060526,3.73307896936176,4.18286071986411
ENSSSCG00000039678,1.46821691359075,2.6815635771672
ENSSSCG00000027374,5.48589380858785,5.7891181012537
ENSSSCG00000023920,6.82949782345548,5.47871289831245
ENSSSCG00000028485,8.42162732767832,8.298127053372
ENSSSCG00000003964,5.19110382215945,5.0826780287199
ENSSSCG00000003965,6.19344825926914,6.58019739651148
ENSSSCG00000058636,4.7872845684053,4.75508283732832
ENSSSCG00000003967,4.429087655459,4.41412277758863
ENSSSCG00000055268,0.901016344624057,-0.389789821758014
ENSSSCG00000023266,6.12460321438195,6.27368060853592
ENSSSCG00000063334,-0.847537601777033,-1.37962819886108
ENSSSCG00000044385,-0.665011214899346,-0.801432154592459
ENSSSCG00000023371,6.4708380920899,6.44816687920073
ENSSSCG00000022774,6.82664272422743,6.75106527197132
ENSSSCG00000034313,5.01836958180639,4.90097087491588
ENSSSCG00000033207,1.82935696214862,0.378565244869403
ENSSSCG00000058863,1.28066902659574,1.52551466820507
ENSSSCG00000003128,4.37799801882217,4.88564200432846
ENSSSCG00000003129,2.06725074680192,2.57091330440077
ENSSSCG00000032098,2.8306559884474,2.13572720940697
ENSSSCG00000020988,3.31101636625581,2.73728085074703
ENSSSCG00000026689,8.62333325490178,8.69638097070917
ENSSSCG00000023377,4.93951689313395,3.82291897360472
ENSSSCG00000030544,1.59890203838796,1.46078781820194
ENSSSCG00000003132,7.43884147909874,6.58921524627003
ENSSSCG00000003133,1.324503892854,-0.51439395667637
ENSSSCG00000003134,4.44406829116839,4.61338447972317
ENSSSCG00000003135,2.27141351306507,2.10428804524604
ENSSSCG00000003136,6.60851731268825,6.61918301083024
ENSSSCG00000030561,1.96016598715194,1.64685816540168
ENSSSCG00000033167,5.1792154011969,5.21857102134315
ENSSSCG00000002763,5.84030971539827,5.73112249710552
ENSSSCG00000002764,2.87554997189764,3.75368335878949
ENSSSCG00000025953,4.95004974984416,5.086705390158
ENSSSCG00000034521,6.42689780766386,6.6620994671421
ENSSSCG00000034192,4.42153859749542,4.48906635078543
ENSSSCG00000002825,4.33845731434379,5.07188310834469
ENSSSCG00000002827,2.4403064491966,-0.51439395667637
ENSSSCG00000002828,3.78890711607449,4.72266791020141
ENSSSCG00000002829,8.49689010001351,6.27132342768344
ENSSSCG00000002822,7.48906101583499,7.44890472861693
ENSSSCG00000051585,2.86073999404779,3.11394534546385
ENSSSCG00000023162,3.04888506235996,3.12964569195949
ENSSSCG00000025652,9.02144854991798,9.22188875048624
ENSSSCG00000003037,4.94303639656583,5.10535250551338
ENSSSCG00000003038,5.7517747818869,5.63905165381703
ENSSSCG00000003046,7.75990745965782,6.8582169709842
ENSSSCG00000003049,-0.0469734082326686,-1.06175616837389
ENSSSCG00000003040,5.63259946788818,5.82813044857426
ENSSSCG00000033684,0.0606232623061967,-0.389789821758014
ENSSSCG00000003042,9.7552550033454,9.34587280412335
ENSSSCG00000003044,-0.753389730293386,-0.118530588140316
ENSSSCG00000003043,-0.428350711608159,-1.16013180230037
ENSSSCG00000060817,-1.1736270562095,-0.168854921246468
ENSSSCG00000003048,2.66151846255649,4.77185521798819
ENSSSCG00000037422,0.254375037426665,0.949786352523971
ENSSSCG00000003047,-0.163246077098895,-3.86672707663002
ENSSSCG00000003051,1.76718173794872,1.06313784412392
ENSSSCG00000003062,-0.357369586612393,0.800848232904328
ENSSSCG00000003063,4.28953196919945,4.28687578431891
ENSSSCG00000003064,3.95847170903587,3.72296265486798
ENSSSCG00000003054,3.56509876847735,3.41234996988791
ENSSSCG00000003055,5.43681068475737,5.69288408447631
ENSSSCG00000030637,5.64237438325762,5.46537039410385
ENSSSCG00000036291,1.76718173794872,1.98276876816261
ENSSSCG00000003059,4.74959494097784,4.46451519650864
ENSSSCG00000003061,4.18045212468739,3.94625630861329
ENSSSCG00000032434,2.67003855032607,2.13572720940697
ENSSSCG00000049211,-1.44083485948891,-0.969662564375006
ENSSSCG00000003068,4.38577775784526,4.47888742901233
ENSSSCG00000003069,-1.44083485948891,0.231113683523015
ENSSSCG00000035772,5.69550544518528,6.12756480456186
ENSSSCG00000033191,-0.289717603961706,-1.95450014976733
ENSSSCG00000044206,0.901016344624057,1.73160503149834
ENSSSCG00000038053,5.76077709421173,5.93623817387271
ENSSSCG00000031837,-0.225096418835447,0.269413319240056
ENSSSCG00000038151,5.28284092709894,4.65375911640063
ENSSSCG00000032632,4.60379306832259,5.20504954584646
ENSSSCG00000036210,6.87626934067818,6.73062032721078
ENSSSCG00000063594,2.96135245902405,3.16562872641229
ENSSSCG00000035639,4.5143595446808,4.71748252509953
ENSSSCG00000036067,4.68800468918455,4.78348093324524
ENSSSCG00000022721,4.38836170930527,2.32944629797738
ENSSSCG00000036060,5.05461062250258,2.73043273786855
ENSSSCG00000033027,4.69010062728508,4.28454008180057
ENSSSCG00000024476,4.68380365590906,6.22396209289079
ENSSSCG00000059433,-0.503005667143942,1.22779433856161
ENSSSCG00000033811,5.4065387238524,5.99456124465704
ENSSSCG00000040749,4.27564187482818,4.63737855328914
ENSSSCG00000040139,4.0230814273829,2.40879780570445
ENSSSCG00000036321,5.13219959779931,5.11458645353111
ENSSSCG00000002793,1.87429076377796,1.20821105392266
ENSSSCG00000040125,5.1229200849611,5.41073108303408
ENSSSCG00000032443,3.65797143270632,2.74409661085484
ENSSSCG00000002788,2.89020946153077,2.2065257784872
ENSSSCG00000002787,5.22763601933158,5.22467550126405
ENSSSCG00000002786,6.62340008412771,6.12168869259353
ENSSSCG00000031199,2.53663155909393,2.40019345180835
ENSSSCG00000002790,4.76359540736435,4.21755621188446
ENSSSCG00000026116,5.0167004315769,5.73454898016209
ENSSSCG00000002783,2.15484323487455,2.02815067824639
ENSSSCG00000003989,4.76955426398731,5.5367820780867
ENSSSCG00000042594,0.160749279997622,0.066857978120369
ENSSSCG00000047003,2.65294775884989,3.54706144775751
ENSSSCG00000052885,-0.289717603961706,0.543924309209927
ENSSSCG00000043116,3.7290073427632,3.96679654586605
ENSSSCG00000040688,0.160749279997622,0.720185961482743
ENSSSCG00000049941,0.254375037426665,1.24711535386201
ENSSSCG00000003990,3.29458016119167,4.16773193517703
ENSSSCG00000038009,4.40121249903953,4.92065797524225
ENSSSCG00000036554,4.08173178280619,4.48500339608165
ENSSSCG00000035527,4.16847523767911,4.61710194951013
ENSSSCG00000032352,3.89083229409153,4.65917823269924
ENSSSCG00000041238,3.73307896936176,4.15500228440099
ENSSSCG00000041766,4.80479961529095,5.3326197418296
ENSSSCG00000003995,4.99312726076916,5.2512325304799
ENSSSCG00000021888,3.86137567700507,4.40124476042477
ENSSSCG00000023027,4.06244538145152,4.09228594637176
ENSSSCG00000003998,3.95149927684613,4.52314714798053
ENSSSCG00000034027,3.95498970508926,3.8452783254781
ENSSSCG00000040038,2.00125981237482,3.4251296745628
ENSSSCG00000004001,-0.163246077098895,-1.95450014976733
ENSSSCG00000053935,3.37495030233802,3.07122273561747
ENSSSCG00000004002,8.84504335392843,8.63066324693598
ENSSSCG00000004004,2.815375418519,2.54772715445315
ENSSSCG00000057276,1.98769151381773,1.77218191355614
ENSSSCG00000059362,1.90348749886982,1.64685816540168
ENSSSCG00000059241,0.254375037426665,0.066857978120369
ENSSSCG00000050419,3.1375659430197,2.89870106029881
ENSSSCG00000031342,4.67112665475731,4.46038240857897
ENSSSCG00000039930,4.429087655459,4.48906635078543
ENSSSCG00000031449,2.23742062690637,2.66729142251727
ENSSSCG00000035664,4.53082537690794,4.61710194951013
ENSSSCG00000049523,-0.357369586612393,0.949786352523971
ENSSSCG00000037920,8.31769066208549,8.10598163902729
ENSSSCG00000029362,6.4671761629328,6.22822201477353
ENSSSCG00000037734,6.05556267725775,5.60295163795796
ENSSSCG00000031562,6.33008990607756,6.09127566165659
ENSSSCG00000062429,3.78106272098611,3.78045207817825
ENSSSCG00000063297,1.30275293821975,1.20821105392266
ENSSSCG00000049887,5.4116283673321,5.22467550126405
ENSSSCG00000033509,-0.163246077098895,1.54125259769343
ENSSSCG00000023973,5.49311434397645,5.5582109864856
ENSSSCG00000030505,4.96050626508286,4.66098009076787
ENSSSCG00000030000,2.7764505503789,3.21061181823215
ENSSSCG00000033735,1.97399439525949,2.22613179775697
ENSSSCG00000035420,4.62147258636118,5.44564512403462
ENSSSCG00000040575,5.3266108422009,3.46692914773229
ENSSSCG00000022204,7.80557216658437,8.47856016662811
ENSSSCG00000026816,1.25824180569868,1.37556872975422
ENSSSCG00000034107,1.25824180569868,1.37556872975422
ENSSSCG00000032231,4.04289765600648,3.93736303127276
ENSSSCG00000061598,1.65147836204809,1.91190152903124
ENSSSCG00000053077,6.09880282795712,5.27730952293608
ENSSSCG00000003336,7.39614880244048,7.83323080710734
ENSSSCG00000038351,3.09390678499242,2.77104214505238
ENSSSCG00000003332,8.49434363714463,7.73229858121302
ENSSSCG00000022151,2.62692584736511,2.02815067824639
ENSSSCG00000003971,4.70675940750322,4.69655257554194
ENSSSCG00000003972,1.61664122769751,1.54125259769343
ENSSSCG00000003973,4.38577775784526,3.54315879779995
ENSSSCG00000048684,1.78297855012575,0.413188112875905
ENSSSCG00000033952,4.51199186645499,4.26571706684204
ENSSSCG00000003975,6.76086227178743,7.08082416913191
ENSSSCG00000003976,6.15602855536403,6.01935443556302
ENSSSCG00000039245,4.46625155532388,1.39302001591966
ENSSSCG00000003979,3.11277986246647,3.17574687812892
ENSSSCG00000003980,5.42049226503871,5.3628244944542
ENSSSCG00000063595,3.49968658036642,3.54706144775751
ENSSSCG00000003981,3.23839972611689,3.75705673741409
ENSSSCG00000003983,5.58270605913218,5.44250580558481
ENSSSCG00000051232,1.78297855012575,0.413188112875905
ENSSSCG00000014137,3.22110994226279,3.00466873565346
ENSSSCG00000026780,2.87554997189764,1.64685816540168
ENSSSCG00000040325,7.22854209866985,6.53767928249426
ENSSSCG00000014151,5.73156622082135,5.75325053597688
ENSSSCG00000014152,3.32187072016948,3.81969630309561
ENSSSCG00000026233,3.8798564228418,4.29153587546859
ENSSSCG00000024193,5.19110382215945,5.12637248526771
ENSSSCG00000035025,3.58775966357871,2.07214846811371
ENSSSCG00000014156,6.73368666012103,7.12457396569852
ENSSSCG00000014157,6.39705658311906,5.05004788528313
ENSSSCG00000027608,4.95528748092018,5.26669856990268
ENSSSCG00000014146,5.32256336256864,5.34500181549893
ENSSSCG00000014147,5.07400134365162,5.25600899520151
ENSSSCG00000014148,3.6918361717117,4.35746837872483
ENSSSCG00000039760,0.111554715953384,-0.331304090129519
ENSSSCG00000022656,4.47600234592817,4.604048679891
ENSSSCG00000014232,5.8165231958128,3.98129113783476
ENSSSCG00000014233,4.91821763866401,5.12114613240466
ENSSSCG00000014235,1.42859580901325,1.24711535386201
ENSSSCG00000022790,6.53986751271276,6.20247173812644
ENSSSCG00000014149,4.10705235861764,3.35562452275147
ENSSSCG00000039373,5.37431506969936,4.75845294902904
ENSSSCG00000031128,5.09471796121594,2.92892569430666
ENSSSCG00000014238,-0.357369586612393,-1.06175616837389
ENSSSCG00000014239,5.73359986282554,6.38905949752583
ENSSSCG00000014133,8.66282149171155,8.26355990491136
ENSSSCG00000014132,1.40836959521317,1.94777024234525
ENSSSCG00000056442,5.37951946607831,4.39908720366374
ENSSSCG00000014240,6.03427187741068,5.95324892194379
ENSSSCG00000014136,7.25674483432652,6.16359913372928
ENSSSCG00000014242,2.43031054195301,3.8704146169824
ENSSSCG00000022402,7.04788953669787,6.19129363615115
ENSSSCG00000014247,7.24253387737996,6.58589943499739
ENSSSCG00000062826,-0.753389730293386,-1.63861791175253
ENSSSCG00000054595,-1.96619539223541,0.109708133942356
ENSSSCG00000053188,-1.1736270562095,-0.331304090129519
ENSSSCG00000014244,6.07494069194469,5.80875613896281
ENSSSCG00000053092,-0.428350711608159,-0.724143750785594
ENSSSCG00000014248,5.57705431606855,5.43199179832468
ENSSSCG00000014249,0.160749279997622,0.826763660403192
ENSSSCG00000014250,2.98202879182519,3.41662246217535
ENSSSCG00000014161,4.17147879379691,4.9430449747942
ENSSSCG00000035571,1.36704606077518,2.44271105199964
ENSSSCG00000062599,2.85327760027406,3.24945229500085
ENSSSCG00000014163,4.67747907943328,5.84169818214667
ENSSSCG00000051601,2.06725074680192,0.877238412496071
ENSSSCG00000014182,3.71260494319628,3.49951808367277
ENSSSCG00000014184,7.37643570249775,8.23178572216219
ENSSSCG00000014225,2.24884081421465,1.8626457560383
ENSSSCG00000027857,5.11201800622837,5.39349400288388
ENSSSCG00000025287,3.25548475433632,3.76712980316208
ENSSSCG00000040617,4.10705235861764,5.23196694434737
ENSSSCG00000024999,5.02170209995882,5.2631441715053
ENSSSCG00000028431,6.7331785488811,6.0615724565138
ENSSSCG00000038779,3.36972936706284,4.14987880700026
ENSSSCG00000014187,3.22689625712143,3.82934279843556
ENSSSCG00000039889,4.39351576950763,4.70705550523623
ENSSSCG00000025286,5.09313489412866,2.70969117426895
ENSSSCG00000013338,0.748463530495347,-2.35951718500686
ENSSSCG00000049027,0.985360575284754,-0.580978849888471
ENSSSCG00000060881,0.0606232623061967,0.512334077457971
ENSSSCG00000057459,-0.753389730293386,-0.969662564375006
ENSSSCG00000013339,0.748463530495347,1.49351421091838
ENSSSCG00000056103,-0.847537601777033,-2.14284221802902
ENSSSCG00000058349,4.77548860956428,4.37952260415124
ENSSSCG00000057317,2.67850861649466,2.7166382149345
ENSSSCG00000055394,-0.428350711608159,0.269413319240056
ENSSSCG00000013340,-0.428350711608159,-2.35951718500686
ENSSSCG00000039940,1.58094201213036,4.88255658823939
ENSSSCG00000026175,6.05393603221993,6.11841381459381
ENSSSCG00000014165,5.16873205840005,5.21244060172016
ENSSSCG00000014139,4.27284773568795,3.93736303127276
ENSSSCG00000013347,3.77317544011881,4.37733229115711
ENSSSCG00000014141,3.7290073427632,1.95953100743037
ENSSSCG00000063079,2.20260743080709,3.03277361541188
ENSSSCG00000031940,-0.357369586612393,0.269413319240056
ENSSSCG00000029805,5.74069511948483,6.13016874718409
ENSSSCG00000013344,4.58589420574893,1.57222259459841
ENSSSCG00000039731,4.48085313844921,4.77850995091263
ENSSSCG00000014168,4.8429770056715,4.38825075328145
ENSSSCG00000013349,5.14448015964065,4.65556775116873
ENSSSCG00000013351,5.27028753703853,5.11458645353111
ENSSSCG00000014170,7.36171863251824,7.90588067545215
ENSSSCG00000013352,0.384321665410682,-0.331304090129519
ENSSSCG00000013331,3.85391657911372,3.98417266274327
ENSSSCG00000013332,1.09065751143433,0.973180333493209
ENSSSCG00000014171,5.34401987924769,5.84645649173595
ENSSSCG00000022806,6.37833116680587,6.40527476036057
ENSSSCG00000027860,5.04153715377392,5.32582082220544
ENSSSCG00000013335,7.20564936327544,6.9977120104952
ENSSSCG00000014173,3.10022528325059,3.46280327898759
ENSSSCG00000013336,4.47357081971983,3.92541940275633
ENSSSCG00000013337,5.48950859352899,5.60013693512336
ENSSSCG00000059744,0.208321522646333,1.26618103197673
ENSSSCG00000037501,0.715917087066103,1.10609700495897
ENSSSCG00000022592,5.54961341821518,5.3326197418296
ENSSSCG00000023396,-0.428350711608159,0.852221766628148
ENSSSCG00000052450,-2.80087696638474,-0.275097240265819
ENSSSCG00000036529,2.50840324662494,2.33848175918667
ENSSSCG00000054134,-0.503005667143942,-1.16013180230037
ENSSSCG00000014176,6.36789490806669,6.20247173812644
ENSSSCG00000060722,-1.96619539223541,-0.969662564375006
ENSSSCG00000014177,5.32391378452802,5.86063797560017
ENSSSCG00000059615,3.74925152860503,4.11612520791461
ENSSSCG00000054312,-2.46613199464794,0.413188112875905
ENSSSCG00000014179,5.35990541082845,5.32695620287244
ENSSSCG00000035539,4.48327243218153,4.91915308420047
ENSSSCG00000056768,3.3592304705724,3.55095356908917
ENSSSCG00000058841,0.841916534859911,1.70390554777238
ENSSSCG00000062956,0.929682484613295,0.877238412496071
ENSSSCG00000054777,-0.581735609749139,0.066857978120369
ENSSSCG00000046723,-0.103938698558373,0.692264219933096
ENSSSCG00000021427,6.70184039260669,6.64034421821025
ENSSSCG00000051093,0.0606232623061967,1.30357276293605
ENSSSCG00000021371,3.40588525623016,3.97551076433885
ENSSSCG00000023231,5.43805833567818,5.67427036035652
ENSSSCG00000038453,4.90924929725912,5.3201304771403
ENSSSCG00000035729,1.21231354325694,-0.220998320347156
ENSSSCG00000013411,4.27004817449682,4.56801123857266
ENSSSCG00000043165,-0.225096418835447,-1.63861791175253
ENSSSCG00000013360,4.69637023349235,5.64725569091755
ENSSSCG00000013409,6.05718749031146,6.32458744045435
ENSSSCG00000013410,5.51574383964402,5.39457737503283
ENSSSCG00000043004,-1.1736270562095,-0.0699026685752995
ENSSSCG00000021688,2.96135245902405,3.68095686141744
ENSSSCG00000032047,0.81143323514119,0.747577553315015
ENSSSCG00000013361,5.98987335363307,5.75662492561751
ENSSSCG00000038037,-0.94826101088964,0.191769503652254
ENSSSCG00000013362,3.27795454322447,3.11394534546385
ENSSSCG00000041063,3.18589605513591,3.09274217814535
ENSSSCG00000013363,-0.581735609749139,-0.801432154592459
ENSSSCG00000013366,7.05319157556301,6.48423393296583
ENSSSCG00000013367,5.37170581413397,5.00394124006963
ENSSSCG00000059019,5.52868469800461,5.25600899520151
ENSSSCG00000045256,-0.665011214899346,-1.78793082929158
ENSSSCG00000013369,6.29402625120395,0.109708133942356
ENSSSCG00000013382,5.94494288542379,5.62435050176156
ENSSSCG00000040570,6.54682354423388,6.50193487448803
ENSSSCG00000034191,3.11277986246647,4.05987483918574
ENSSSCG00000035649,0.254375037426665,-1.16013180230037
ENSSSCG00000013389,1.58094201213036,1.99424877862076
ENSSSCG00000013388,2.82303593425957,4.52116452730636
ENSSSCG00000013391,6.17710303632363,5.76837352071042
ENSSSCG00000013392,7.43634645327193,6.92159302140367
ENSSSCG00000033786,4.10705235861764,4.20278876677973
ENSSSCG00000013393,5.9246145497389,6.27368060853592
ENSSSCG00000021170,6.11683352525031,6.39177472938761
ENSSSCG00000013395,4.80092571775472,4.2394277659383
ENSSSCG00000013397,3.63639506216962,4.2297479873508
ENSSSCG00000013399,4.82401459068684,5.59165972688983
ENSSSCG00000028827,7.64926180657433,6.81152852555526
ENSSSCG00000031706,6.3835211216032,6.19751438214396
ENSSSCG00000013401,6.50517053366763,6.10391537650034
ENSSSCG00000013402,6.71425150907224,6.91971288195192
ENSSSCG00000013403,4.04617405879646,4.66995577837267
ENSSSCG00000032323,6.59795144895441,6.47964694034051
ENSSSCG00000035069,1.50677891522418,1.10609700495897
ENSSSCG00000014293,2.79993126747808,4.69655257554194
ENSSSCG00000014296,7.56525941622093,7.16036371818663
ENSSSCG00000014285,6.32267877064514,6.81921391951659
ENSSSCG00000022060,1.42859580901325,4.10292983539149
ENSSSCG00000053400,3.5139553058738,3.45866557709305
ENSSSCG00000062865,3.38015241180071,3.42936454257034
ENSSSCG00000056448,-0.581735609749139,-0.168854921246468
ENSSSCG00000045343,-0.94826101088964,-0.580978849888471
ENSSSCG00000056261,-1.44083485948891,0.480036609493032
ENSSSCG00000053135,0.00782776903463305,-0.650786169073976
ENSSSCG00000061328,-1.76904577456744,-0.724143750785594
ENSSSCG00000056290,0.254375037426665,0.720185961482743
ENSSSCG00000062753,-0.847537601777033,-1.95450014976733
ENSSSCG00000053630,-0.225096418835447,-0.331304090129519
ENSSSCG00000014287,3.19182504910006,4.06532750825372
ENSSSCG00000014288,5.05298290305857,5.51403350976723
ENSSSCG00000014289,5.46156097381138,4.94895663282815
ENSSSCG00000040998,6.30978735722283,6.31832145827711
ENSSSCG00000014291,4.50248210404005,5.28667640650282
ENSSSCG00000056081,3.93037748785939,3.97551076433885
ENSSSCG00000014292,7.34185938447521,7.04815159039143
ENSSSCG00000026106,5.36778306108902,5.36060866336519
ENSSSCG00000026229,4.21288492323123,3.89817913588535
ENSSSCG00000061433,4.27843061287923,2.52416227528066
ENSSSCG00000014307,7.39807332452371,7.29293215247373
ENSSSCG00000020915,6.77376647743097,6.42449552492682
ENSSSCG00000014274,6.22342431503177,4.78016884887681
ENSSSCG00000014275,0.00782776903463305,0.0226960489355265
ENSSSCG00000061383,2.98202879182519,3.0820225798891
ENSSSCG00000014280,6.38157707582974,6.26244953891899
ENSSSCG00000014277,5.24769707535591,5.70690650651115
ENSSSCG00000014278,0.342293330875861,0.306722442383792
ENSSSCG00000014283,5.98561341371618,6.37155994575229
ENSSSCG00000014264,7.04256794044795,6.8143647519207
ENSSSCG00000033213,3.52808428998225,3.44618078884689
ENSSSCG00000036686,7.1568512722229,6.98302220595211
ENSSSCG00000014267,4.25596829550492,4.88872083587974
ENSSSCG00000014269,5.21749990436263,5.66532155900572
ENSSSCG00000014272,2.04121546325762,1.37556872975422
ENSSSCG00000030680,3.86509081358966,4.28454008180057
ENSSSCG00000038628,8.17195929392063,8.11175726466227
ENSSSCG00000014298,7.19203313089064,7.02315222312294
ENSSSCG00000014302,1.82935696214862,2.00563815946422
ENSSSCG00000038953,6.07494069194469,5.86142176324893
ENSSSCG00000037127,4.58138457622712,4.58898459175176
ENSSSCG00000014303,4.78924121864599,6.55667731520613
ENSSSCG00000014305,6.27460346772913,5.99170041506532
ENSSSCG00000014304,6.38222538220011,5.7625111824746
ENSSSCG00000038955,4.92000463622555,4.92216129815125
ENSSSCG00000026644,6.65914664994024,6.97977749609635
ENSSSCG00000034954,6.06931560750221,6.06633906501308
ENSSSCG00000038110,-0.581735609749139,1.22779433856161
ENSSSCG00000014310,7.0738057290314,2.42585407584627
ENSSSCG00000014311,-0.503005667143942,-2.92464516734468
ENSSSCG00000014416,6.0956439214639,6.34770560058042
ENSSSCG00000014314,2.59148335847871,2.89870106029881
ENSSSCG00000014316,5.64237438325762,4.99396869517565
ENSSSCG00000028976,2.75258133899587,4.43111657790223
ENSSSCG00000014319,5.86278162995291,6.27014339143175
ENSSSCG00000014418,4.98461404471611,1.87511825059562
ENSSSCG00000036549,7.45372169356597,6.11841381459381
ENSSSCG00000032423,4.77746131263844,2.51622099743307
ENSSSCG00000014321,4.12884908206675,4.60592067913217
ENSSSCG00000014420,0.384321665410682,0.774458752770575
ENSSSCG00000027852,0.254375037426665,-0.0699026685752995
ENSSSCG00000053951,1.36704606077518,0.574837615712797
ENSSSCG00000036516,0.503524755598007,0.747577553315015
ENSSSCG00000021414,2.08009429229325,1.20821105392266
ENSSSCG00000036961,1.88896298917059,0.720185961482743
ENSSSCG00000036348,0.682619433441756,1.04116884334027
ENSSSCG00000031384,1.75121004166391,1.28499803379961
ENSSSCG00000025141,-0.289717603961706,-0.724143750785594
ENSSSCG00000027371,7.0609058260357,6.73746755181702
ENSSSCG00000046808,0.577851083508549,0.543924309209927
ENSSSCG00000040315,0.613625923982859,-0.220998320347156
ENSSSCG00000031533,0.00782776903463305,0.269413319240056
ENSSSCG00000044449,0.342293330875861,0.343090997642991
ENSSSCG00000014399,4.37017609996627,4.61152214652155
ENSSSCG00000014339,8.44306861658972,8.46405565710984
ENSSSCG00000014401,5.0167004315769,5.49799416430703
ENSSSCG00000039309,6.72808756964145,5.96642316871806
ENSSSCG00000032826,1.09065751143433,0.066857978120369
ENSSSCG00000014406,4.41648385734215,4.87791605630688
ENSSSCG00000014410,3.55593379830106,4.32601486342457
ENSSSCG00000014408,-1.96619539223541,-1.37962819886108
ENSSSCG00000014411,6.29540363813723,6.38415916514697
ENSSSCG00000014286,1.46821691359075,2.79749362501286
ENSSSCG00000057636,-2.80087696638474,-1.06175616837389
ENSSSCG00000055548,0.715917087066103,0.574837615712797
ENSSSCG00000049957,1.25824180569868,0.852221766628148
ENSSSCG00000050134,-0.94826101088964,-1.16013180230037
ENSSSCG00000043940,2.89748372295634,2.53206007975693
ENSSSCG00000014414,4.45889496847324,4.76349340141369
ENSSSCG00000014387,6.68774906207194,7.17651462503874
ENSSSCG00000014388,6.18974966349663,5.86845675603111
ENSSSCG00000014389,0.299003801631898,-0.118530588140316
ENSSSCG00000014390,4.11954792373899,3.86417148287992
ENSSSCG00000014391,5.04808869679453,4.81942067508642
ENSSSCG00000022289,6.44252284473901,6.25352072966948
ENSSSCG00000014396,5.97189645705219,5.25839131041438
ENSSSCG00000014395,2.30462385924679,1.98276876816261
ENSSSCG00000014394,6.04331789789591,5.74817410672351
ENSSSCG00000038940,5.66705791804507,5.37385288625834
ENSSSCG00000025295,7.53117498049734,7.24298207905785
ENSSSCG00000036322,1.78297855012575,1.4441419554549
ENSSSCG00000024954,3.76524480197547,4.15755721604328
ENSSSCG00000014361,5.04808869679453,4.78182584153047
ENSSSCG00000038493,5.88673758510631,5.57646503430076
ENSSSCG00000014362,2.45023357473821,2.11484407452863
ENSSSCG00000014363,2.82303593425957,0.269413319240056
ENSSSCG00000014364,6.50338378818222,6.60801792013105
ENSSSCG00000059551,3.98943724956418,3.93438638112435
ENSSSCG00000055768,5.36516195419778,4.56030833090418
ENSSSCG00000014366,5.01168136260575,5.29017336795061
ENSSSCG00000014367,3.93037748785939,3.71257530994849
ENSSSCG00000044155,2.5272833570641,2.66729142251727
ENSSSCG00000014368,-2.80087696638474,-0.220998320347156
ENSSSCG00000014369,2.10544337267369,2.96437876298604
ENSSSCG00000014370,4.30054855387541,4.34407218101223
ENSSSCG00000014371,4.84109194060761,4.13957694159375
ENSSSCG00000014372,6.77277793372225,6.82766094007974
ENSSSCG00000032062,4.26161674716101,3.82934279843556
ENSSSCG00000014375,5.34667964451549,4.97236396337386
ENSSSCG00000014374,0.577851083508549,1.28499803379961
ENSSSCG00000014376,4.66261300954675,4.68774134494592
ENSSSCG00000029158,6.17859664166499,5.75493871736249
ENSSSCG00000029281,3.70017959247316,3.34669612062099
ENSSSCG00000061745,-1.1736270562095,-0.580978849888471
ENSSSCG00000014422,-0.428350711608159,1.14781387260733
ENSSSCG00000038182,0.208321522646333,-0.389789821758014
ENSSSCG00000029257,3.58325587051105,4.94452516184389
ENSSSCG00000047137,2.9751695535918,4.63554695670578
ENSSSCG00000014426,2.31552623327911,-1.50331917830221
ENSSSCG00000014427,5.92994527069867,5.84803911377806
ENSSSCG00000014428,-0.0469734082326686,-0.801432154592459
ENSSSCG00000023279,0.577851083508549,1.75878269330764
ENSSSCG00000014430,5.47499479121428,6.53963935252703
ENSSSCG00000014431,3.09390678499242,2.33848175918667
ENSSSCG00000014432,5.64237438325762,5.20874980690826
ENSSSCG00000014433,5.23195836264199,5.59637543526249
ENSSSCG00000014434,4.85049273127564,3.55870645204166
ENSSSCG00000032383,6.14537473545509,4.89179311093731
ENSSSCG00000014435,8.32765391460668,8.3149618769818
ENSSSCG00000014436,6.16208131433645,6.59958702914553
ENSSSCG00000014437,2.10544337267369,3.01033368279559
ENSSSCG00000039045,2.9751695535918,3.49548449808059
ENSSSCG00000014440,5.95456480004201,6.25232603561766
ENSSSCG00000014441,4.66261300954675,4.76349340141369
ENSSSCG00000014377,0.682619433441756,0.800848232904328
ENSSSCG00000028168,6.76385042638226,7.00091667869084
ENSSSCG00000052586,2.21430541888211,2.9526576108983
ENSSSCG00000027249,-1.05654789507939,-0.331304090129519
ENSSSCG00000063245,-1.44083485948891,-1.06175616837389
ENSSSCG00000061423,1.21231354325694,1.60254171360028
ENSSSCG00000056638,1.4485423725996,0.231113683523015
ENSSSCG00000052618,8.94441575780496,7.09121858258118
ENSSSCG00000053624,0.208321522646333,1.64685816540168
ENSSSCG00000051238,0.342293330875861,-0.0699026685752995
ENSSSCG00000062860,-0.428350711608159,-2.92464516734468
ENSSSCG00000063187,-3.23753225397681,-0.650786169073976
ENSSSCG00000063455,1.73505954565087,1.18835828160125
ENSSSCG00000063036,0.901016344624057,0.949786352523971
ENSSSCG00000057516,0.503524755598007,1.35790376000462
ENSSSCG00000061322,-0.847537601777033,-1.63861791175253
ENSSSCG00000049519,2.24884081421465,0.574837615712797
ENSSSCG00000018513,3.40588525623016,1.7854578310934
ENSSSCG00000019165,0.254375037426665,-1.78793082929158
ENSSSCG00000055853,0.780291912538719,0.44699951176586
ENSSSCG00000013327,5.46156097381138,5.46537039410385
ENSSSCG00000013286,1.94620374824525,1.4102627264044
ENSSSCG00000035489,3.56509876847735,3.58551807282603
ENSSSCG00000026145,-0.94826101088964,-1.16013180230037
ENSSSCG00000038082,4.74355289810022,4.92516325261937
ENSSSCG00000013292,5.2674829985145,5.63171980341482
ENSSSCG00000013293,4.44655000981704,4.47069226487788
ENSSSCG00000013294,3.74925152860503,4.62819722810014
ENSSSCG00000013295,4.40376897767296,4.92065797524225
ENSSSCG00000028338,6.58505678803743,5.80875613896281
ENSSSCG00000013296,0.425160216794395,-1.63861791175253
ENSSSCG00000013297,4.94654733494036,3.45451597397753
ENSSSCG00000013301,-0.94826101088964,-1.37962819886108
ENSSSCG00000013302,6.90407280661822,6.67553176664413
ENSSSCG00000013303,2.69530100957938,2.88025759321149
ENSSSCG00000013304,5.4442804567863,5.32354737676457
ENSSSCG00000013305,8.25412117600219,8.27434102649186
ENSSSCG00000013307,4.23315070803212,4.37513864775259
ENSSSCG00000013308,5.35198450939884,5.66262605862583
ENSSSCG00000024791,7.69720306806616,7.70548581840815
ENSSSCG00000013310,-0.357369586612393,-1.26570965698543
ENSSSCG00000013311,4.21288492323123,4.11612520791461
ENSSSCG00000013312,7.45341324936639,8.40896354742712
ENSSSCG00000040954,5.7487614846276,5.67337797395124
ENSSSCG00000030326,5.18517185734939,4.92965450461219
ENSSSCG00000042341,2.61814651954306,2.9169117185231
ENSSSCG00000013314,5.15210276322738,5.65992551260237
ENSSSCG00000013313,5.54498875858328,6.25650314365867
ENSSSCG00000026433,1.98769151381773,-0.168854921246468
ENSSSCG00000013315,6.38092847799784,6.47453311835316
ENSSSCG00000025588,4.68169854292298,5.21121138559863
ENSSSCG00000055587,-3.86672707663002,-0.801432154592459
ENSSSCG00000044035,3.61007011385766,3.45451597397753
ENSSSCG00000056037,0.648535071030343,1.04116884334027
ENSSSCG00000048614,-0.289717603961706,-0.51439395667637
ENSSSCG00000047141,0.425160216794395,0.901828647831401
ENSSSCG00000049955,0.384321665410682,-1.06175616837389
ENSSSCG00000057682,0.715917087066103,2.301995340821
ENSSSCG00000054809,3.28905954937994,3.7969337645547
ENSSSCG00000060910,-0.847537601777033,-0.118530588140316
ENSSSCG00000052582,0.160749279997622,0.066857978120369
ENSSSCG00000060266,-0.94826101088964,-0.389789821758014
ENSSSCG00000058646,0.00782776903463305,0.269413319240056
ENSSSCG00000023607,0.748463530495347,-2.92464516734468
ENSSSCG00000025560,1.25824180569868,0.109708133942356
ENSSSCG00000028144,3.24411724595056,4.10557858270465
ENSSSCG00000013658,4.01307029934895,3.48331563239148
ENSSSCG00000013659,5.89129924211917,6.1705727592696
ENSSSCG00000039619,5.6380381508413,5.16497805007326
ENSSSCG00000027434,4.30054855387541,5.48990712233744
ENSSSCG00000013639,7.49506746227286,7.31598731039675
ENSSSCG00000013648,6.92290938439373,7.09222053051855
ENSSSCG00000013664,3.44612631452737,3.88898353817468
ENSSSCG00000013663,2.15484323487455,0.109708133942356
ENSSSCG00000013662,4.61486813015719,4.34855141568573
ENSSSCG00000024072,0.00782776903463305,0.269413319240056
ENSSSCG00000013661,7.47271758021339,7.43501912885257
ENSSSCG00000013667,4.5331623722572,4.49513940894941
ENSSSCG00000025176,6.56977103482892,6.73319184628307
ENSSSCG00000013731,4.24174964954317,3.91639634195172
ENSSSCG00000033304,-1.44083485948891,-0.389789821758014
ENSSSCG00000013737,4.40376897767296,3.9521548491966
ENSSSCG00000013736,7.280586770865,7.1385440106794
ENSSSCG00000013839,1.46821691359075,2.64561491550367
ENSSSCG00000013773,6.32200313941229,6.55231530612924
ENSSSCG00000013772,0.425160216794395,-0.650786169073976
ENSSSCG00000013771,6.58336634694119,5.80387163331706
ENSSSCG00000033298,4.90924929725912,4.80482610213521
ENSSSCG00000013758,2.93331482807627,3.85160357557721
ENSSSCG00000013757,5.31307484891314,5.4182080252534
ENSSSCG00000013756,4.06244538145152,4.63371303183342
ENSSSCG00000013755,4.68590570168791,4.97236396337386
ENSSSCG00000013769,-0.0469734082326686,-0.0228605115491758
ENSSSCG00000013665,-2.80087696638474,-0.331304090129519
ENSSSCG00000013836,5.82035549215967,5.88319670006282
ENSSSCG00000013838,5.89856802461393,5.79569386014311
ENSSSCG00000013837,6.45736533174936,6.68441765327658
ENSSSCG00000022227,6.76136072755374,7.1641802302109
ENSSSCG00000013830,6.55604638681261,6.05542072752603
ENSSSCG00000013829,4.89659921430897,4.24904303055937
ENSSSCG00000013833,1.63416494499211,-0.450747065242323
ENSSSCG00000052916,1.58094201213036,2.48401140576021
ENSSSCG00000027013,2.54591957752837,2.49213147082896
ENSSSCG00000057525,-0.103938698558373,0.926006765743826
ENSSSCG00000062952,3.92682692850811,5.1367687321955
ENSSSCG00000062738,3.72492419254139,3.74691284553516
ENSSSCG00000057246,-0.163246077098895,0.413188112875905
ENSSSCG00000013649,1.42859580901325,0.926006765743826
ENSSSCG00000013862,3.69601391356227,3.61184049341146
ENSSSCG00000013861,5.77861493015072,5.46948893831242
ENSSSCG00000013860,5.83747595392024,5.92428519067748
ENSSSCG00000013859,3.36972936706284,3.89205525444354
ENSSSCG00000013858,4.31962744351204,4.3641201179272
ENSSSCG00000013857,4.89659921430897,4.76349340141369
ENSSSCG00000013655,3.83509834562225,4.89485885736647
ENSSSCG00000013653,-0.0469734082326686,-0.275097240265819
ENSSSCG00000013768,4.5331623722572,5.30638137268466
ENSSSCG00000013767,2.55514818233533,3.06579234401381
ENSSSCG00000013766,4.73951076566186,4.748318904002
ENSSSCG00000013765,3.5374273204274,3.41662246217535
ENSSSCG00000045290,3.66224825281035,3.6486298984635
ENSSSCG00000013764,6.09643429676453,6.2547144352151
ENSSSCG00000013763,5.16572277241516,5.01525465829873
ENSSSCG00000013762,4.47600234592817,2.63098083117467
ENSSSCG00000013761,6.03921310053112,6.19253993305545
ENSSSCG00000013760,1.56275558109478,1.57222259459841
ENSSSCG00000038911,4.90744891944289,5.22711007917365
ENSSSCG00000013856,6.39320224923633,5.81605202912821
ENSSSCG00000013855,5.70590082621033,5.45502229919177
ENSSSCG00000055450,0.929682484613295,-1.78793082929158
ENSSSCG00000013853,2.95439396897898,2.53206007975693
ENSSSCG00000013848,5.6205617021283,5.0650950341979
ENSSSCG00000013849,8.38328029041425,7.52483124066313
ENSSSCG00000013656,5.30898916127904,5.43093617098983
ENSSSCG00000013734,5.76277000237864,4.85920320641474
ENSSSCG00000038776,6.01600787558756,5.37165394193337
ENSSSCG00000013727,6.22487074984103,5.78499297952149
ENSSSCG00000013726,6.82902236579026,6.88351664950142
ENSSSCG00000013725,6.19492504670027,6.20556145759016
ENSSSCG00000052605,-0.94826101088964,-1.16013180230037
ENSSSCG00000013723,4.53782503655746,4.604048679891
ENSSSCG00000013721,6.09168553682013,5.39240981657998
ENSSSCG00000013722,3.77712447056215,3.70909617524253
ENSSSCG00000013720,6.83802937536617,6.0852495559727
ENSSSCG00000013647,6.92824639797389,6.55619329830933
ENSSSCG00000013642,3.38533583072866,3.59308789804756
ENSSSCG00000023667,6.70028146882374,6.48372498673079
ENSSSCG00000028460,1.94620374824525,2.00563815946422
ENSSSCG00000013645,4.73545727617879,4.69479462931747
ENSSSCG00000013644,4.34910791583901,4.65917823269924
ENSSSCG00000013643,3.06835237360559,2.7576322855016
ENSSSCG00000025838,6.25066161924133,5.9190244573153
ENSSSCG00000040763,2.82303593425957,2.55549734854186
ENSSSCG00000048417,0.780291912538719,1.35790376000462
ENSSSCG00000022738,1.76718173794872,0.0226960489355265
ENSSSCG00000033816,3.95847170903587,3.82291897360472
ENSSSCG00000013670,5.66386217579353,4.75508283732832
ENSSSCG00000023331,6.68879759744597,6.07447393180433
ENSSSCG00000013788,-1.05654789507939,-1.16013180230037
ENSSSCG00000036342,0.985360575284754,1.7854578310934
ENSSSCG00000029347,2.46988522199915,2.50020608859808
ENSSSCG00000033388,1.34593178147808,2.79749362501286
ENSSSCG00000022634,4.80286396678703,5.36724597282824
ENSSSCG00000021757,3.59672528820647,4.07346806480206
ENSSSCG00000057753,3.72082945328224,5.14322854733882
ENSSSCG00000050273,-0.847537601777033,0.480036609493032
ENSSSCG00000041142,3.46093196454201,4.41625798189372
ENSSSCG00000036520,4.10391148326593,4.83706028537503
ENSSSCG00000040187,4.50962029612688,4.68597262264268
ENSSSCG00000036608,2.98202879182519,3.81969630309561
ENSSSCG00000014190,5.00664477155074,4.81295241865224
ENSSSCG00000027074,4.42657568927857,4.75508283732832
ENSSSCG00000013715,3.93391933051826,4.85448682146576
ENSSSCG00000035663,4.77746131263844,5.43093617098983
ENSSSCG00000013714,5.73867146149499,6.78987137416927
ENSSSCG00000032506,4.37539542174089,4.42688685721638
ENSSSCG00000022845,7.50432831371486,7.44368056786965
ENSSSCG00000013754,3.82368844563602,4.40769813818823
ENSSSCG00000014195,5.54961341821518,5.34724172852373
ENSSSCG00000014196,4.87833305750333,5.03345182009339
ENSSSCG00000014197,5.72032965769076,5.38806490528148
ENSSSCG00000014198,-1.05654789507939,-0.275097240265819
ENSSSCG00000014199,4.33845731434379,4.55837616057812
ENSSSCG00000037019,0.957790112127212,0.747577553315015
ENSSSCG00000031518,4.85049273127564,2.86782964222017
ENSSSCG00000014203,4.67324723903207,5.66980289816387
ENSSSCG00000014204,5.24769707535591,5.46020562466878
ENSSSCG00000014207,5.158171980462,5.58692855381272
ENSSSCG00000022048,8.16293281711872,7.74084263074904
ENSSSCG00000026230,6.76732880229172,6.36549511385698
ENSSSCG00000029860,5.89402932906026,5.78251223297083
ENSSSCG00000053658,5.6150566090392,5.12376167547887
ENSSSCG00000014211,5.33198987840614,5.46948893831242
ENSSSCG00000014213,0.503524755598007,0.066857978120369
ENSSSCG00000014217,5.32256336256864,5.4622737517224
ENSSSCG00000033305,1.09065751143433,1.55682069776002
ENSSSCG00000038141,2.23742062690637,2.86157528753835
ENSSSCG00000038156,7.80533048196495,7.25853634225295
ENSSSCG00000013976,-3.86672707663002,0.413188112875905
ENSSSCG00000057522,6.32402908463266,6.69588808414941
ENSSSCG00000033912,6.12769941146278,6.20741211807075
ENSSSCG00000059192,1.06504496640639,0.720185961482743
ENSSSCG00000034887,3.8798564228418,1.16822850108867
ENSSSCG00000037595,5.70279006928095,5.04039006321043
ENSSSCG00000030672,4.65404882514508,4.83706028537503
ENSSSCG00000014221,-1.44083485948891,-1.16013180230037
ENSSSCG00000013978,5.52399235090656,5.8901265620205
ENSSSCG00000014223,4.54479089920795,4.54672847918218
ENSSSCG00000014224,4.8182769219013,4.53891078454241
ENSSSCG00000013919,3.33264401901423,3.4251296745628
ENSSSCG00000054395,-0.289717603961706,0.151322202724095
ENSSSCG00000025329,4.93422148678126,4.56993055639219
ENSSSCG00000051889,-0.665011214899346,-0.51439395667637
ENSSSCG00000027840,6.5264406385843,5.74307975188089
ENSSSCG00000050595,3.22110994226279,1.73160503149834
ENSSSCG00000042913,-0.94826101088964,-1.50331917830221
ENSSSCG00000013928,2.21430541888211,2.83628315226055
ENSSSCG00000039301,7.36368960435999,7.54789847691692
ENSSSCG00000057006,2.67003855032607,3.00466873565346
ENSSSCG00000052468,-0.94826101088964,0.6051024001257
ENSSSCG00000055150,-0.225096418835447,0.231113683523015
ENSSSCG00000013916,-1.44083485948891,-1.06175616837389
ENSSSCG00000057212,2.23742062690637,2.94084044994871
ENSSSCG00000019323,-0.225096418835447,-0.969662564375006
ENSSSCG00000013915,4.62366737007878,4.88255658823939
ENSSSCG00000013913,3.67500316435656,3.47104325081593
ENSSSCG00000013911,4.48085313844921,2.47584537890216
ENSSSCG00000013909,0.87176904556138,-0.801432154592459
ENSSSCG00000040666,5.31307484891314,5.02648004810064
ENSSSCG00000013940,0.342293330875861,0.877238412496071
ENSSSCG00000036756,4.76757071188454,4.96363065902673
ENSSSCG00000035650,6.31387078820005,6.44084399202381
ENSSSCG00000057247,1.52568015604393,2.15631236722569
ENSSSCG00000029724,10.1305267533969,9.66186351328378
ENSSSCG00000032836,6.31455023776464,6.41331455528251
ENSSSCG00000037835,1.63416494499211,2.31120381804596
ENSSSCG00000025900,5.97017263092439,5.59449100120661
ENSSSCG00000013901,5.03165371465434,4.11086153274621
ENSSSCG00000013900,6.17560788306741,5.7025391225857
ENSSSCG00000013895,4.85423596243695,5.21366877140704
ENSSSCG00000013894,-3.86672707663002,-0.650786169073976
ENSSSCG00000013893,4.488098882623,5.98955106383111
ENSSSCG00000013892,-1.1736270562095,-0.801432154592459
ENSSSCG00000013891,5.0100044518553,5.11327093106325
ENSSSCG00000028567,1.324503892854,1.52551466820507
ENSSSCG00000014539,4.488098882623,4.61152214652155
ENSSSCG00000014538,7.02233130856475,6.5064516580291
ENSSSCG00000013930,5.99327227208561,5.68582143041619
ENSSSCG00000013931,3.97575677398994,4.05165699907035
ENSSSCG00000013932,3.26676339384565,4.13957694159375
ENSSSCG00000013933,2.50840324662494,2.94676112973231
ENSSSCG00000013934,3.04888506235996,1.47724380910331
ENSSSCG00000056961,6.05556267725775,5.52891015171811
ENSSSCG00000013938,6.46900828937518,6.39448486063098
ENSSSCG00000021664,6.60851731268825,6.93431339897414
ENSSSCG00000036970,5.65423225452276,5.30407706197579
ENSSSCG00000048260,1.38785577819136,0.877238412496071
ENSSSCG00000034062,3.33264401901423,1.64685816540168
ENSSSCG00000022661,5.11358049906133,5.74393006122878
ENSSSCG00000014073,5.60064427417138,5.52693544045453
ENSSSCG00000013752,4.47842978092317,4.22488363364342
ENSSSCG00000014074,3.20946722096746,3.42936454257034
ENSSSCG00000013751,5.13988719043168,4.58898459175176
ENSSSCG00000013744,5.16873205840005,5.36171700432071
ENSSSCG00000024549,2.30462385924679,1.89974434301656
ENSSSCG00000013742,5.77565723151285,6.11184167221639
ENSSSCG00000014075,7.0114771122629,6.94063177470842
ENSSSCG00000034569,4.80479961529095,4.79665375283105
ENSSSCG00000014076,4.55862252805882,4.91160499201842
ENSSSCG00000013747,5.69237216821161,5.43304665381633
ENSSSCG00000034859,3.30007972835331,3.26375205522008
ENSSSCG00000014072,3.23839972611689,4.30542650777164
ENSSSCG00000013746,11.1138187146585,8.58797122476014
ENSSSCG00000014101,6.01266216291546,5.77670718144552
ENSSSCG00000013745,5.75778256063323,5.09339277596379
ENSSSCG00000013740,-0.665011214899346,0.269413319240056
ENSSSCG00000013729,5.020036803116,5.29249997537808
ENSSSCG00000013638,7.87975604906363,7.85621875189917
ENSSSCG00000013637,2.61814651954306,2.50020608859808
ENSSSCG00000013630,6.73825162623749,6.61918301083024
ENSSSCG00000038623,3.1799425944053,2.86782964222017
ENSSSCG00000013632,1.46821691359075,1.20821105392266
ENSSSCG00000013633,4.29505077699978,4.3169007366906
ENSSSCG00000053292,8.79941725839953,8.16970091261186
ENSSSCG00000013905,7.95902864276501,7.61007812999471
ENSSSCG00000040181,5.45294658827226,5.71733459942949
ENSSSCG00000013634,6.14537473545509,5.74732629583
ENSSSCG00000040524,7.79051062791095,9.79356193770412
ENSSSCG00000014081,3.66651243189212,4.56608936394891
ENSSSCG00000025955,6.31183051743837,6.41171017661216
ENSSSCG00000013635,4.67324723903207,4.59465207362306
ENSSSCG00000013629,7.18536226094169,6.44451008183145
ENSSSCG00000036963,1.85946778722825,2.31120381804596
ENSSSCG00000014082,4.40121249903953,5.05416724204454
ENSSSCG00000034260,-0.163246077098895,0.877238412496071
ENSSSCG00000039684,4.82782706508037,5.44669004730918
ENSSSCG00000034314,5.53918700856691,5.17887852606734
ENSSSCG00000031657,7.03969431416272,6.56872526150957
ENSSSCG00000053451,-0.103938698558373,-0.275097240265819
ENSSSCG00000013902,4.67536471088308,5.71473463421815
ENSSSCG00000014091,4.28676462830034,5.68227709532882
ENSSSCG00000036363,1.98769151381773,3.20073608502629
ENSSSCG00000014092,0.111554715953384,0.066857978120369
ENSSSCG00000014093,-1.44083485948891,1.4102627264044
ENSSSCG00000028512,7.04338792631118,5.76167175758823
ENSSSCG00000014094,5.24484823257263,5.38806490528148
ENSSSCG00000032994,5.66599345698439,5.66352511844801
ENSSSCG00000014097,4.50962029612688,5.07188310834469
ENSSSCG00000013897,3.49009508734163,3.00466873565346
ENSSSCG00000014000,2.08009429229325,1.81164869165001
ENSSSCG00000035985,5.13527955231673,5.19015285975934
ENSSSCG00000033444,0.715917087066103,-0.580978849888471
ENSSSCG00000039194,6.98824364380254,6.48575969529691
ENSSSCG00000013896,4.68800468918455,3.81969630309561
ENSSSCG00000032131,0.160749279997622,-1.63861791175253
ENSSSCG00000038604,8.59564903808228,7.12228691402552
ENSSSCG00000016928,3.01584416771585,2.54772715445315
ENSSSCG00000014083,1.78297855012575,0.512334077457971
ENSSSCG00000013622,5.45664476795663,5.29714196416816
ENSSSCG00000023658,2.89748372295634,2.49213147082896
ENSSSCG00000014084,5.22330068726953,4.81457220355381
ENSSSCG00000013620,3.39050069294677,2.88643165066402
ENSSSCG00000036310,4.27843061287923,4.28454008180057
ENSSSCG00000039659,3.83509834562225,3.17574687812892
ENSSSCG00000045953,4.32503253135323,3.30582008798424
ENSSSCG00000051837,4.34112734509873,3.98417266274327
ENSSSCG00000037146,3.1799425944053,3.21552444896481
ENSSSCG00000013618,-0.94826101088964,-0.650786169073976
ENSSSCG00000044084,3.9409770362239,3.83573814693226
ENSSSCG00000014100,6.39191517958117,5.8878203046136
ENSSSCG00000013625,4.33310238247778,3.09274217814535
ENSSSCG00000014066,1.16487493893756,0.720185961482743
ENSSSCG00000030351,2.16693335253786,2.21636209324052
ENSSSCG00000014067,-0.289717603961706,-3.86672707663002
ENSSSCG00000014071,8.04465201502926,8.4854403666095
ENSSSCG00000033168,4.69010062728508,4.27280450820072
ENSSSCG00000014070,4.24460461151598,4.63920782748786
ENSSSCG00000014068,4.29505077699978,4.41839003074282
ENSSSCG00000013927,3.70847503872281,4.04339208042293
ENSSSCG00000028317,4.25596829550492,5.9144999385837
ENSSSCG00000049430,3.69601391356227,2.83628315226055
ENSSSCG00000034795,6.029313672447,5.76083184400234
ENSSSCG00000028536,6.25703793443265,5.64998003524179
ENSSSCG00000025839,7.43008994525964,7.49332120115877
ENSSSCG00000038535,4.35968046582564,4.25859463547142
ENSSSCG00000031590,1.0124140211341,1.87511825059562
ENSSSCG00000043957,6.39577294896473,5.87933234469257
ENSSSCG00000013627,8.2341498699874,7.37837421650886
ENSSSCG00000013616,4.40121249903953,4.44373184044422
ENSSSCG00000013615,5.11670041715772,4.63187677274518
ENSSSCG00000040919,1.63416494499211,0.0226960489355265
ENSSSCG00000013614,10.140524204003,8.18949823839238
ENSSSCG00000013613,6.16585143371363,5.82411553406359
ENSSSCG00000048276,-0.503005667143942,-3.86672707663002
ENSSSCG00000032282,2.2936384687718,3.17574687812892
ENSSSCG00000014108,0.160749279997622,-3.86672707663002
ENSSSCG00000013115,-0.665011214899346,0.720185961482743
ENSSSCG00000013735,4.18045212468739,5.26432994424249
ENSSSCG00000061158,3.31645375125364,2.94084044994871
ENSSSCG00000057097,3.45601361111522,3.74351563634806
ENSSSCG00000061215,2.76853794482827,3.02159727799667
ENSSSCG00000048773,-0.289717603961706,1.26618103197673
ENSSSCG00000049971,0.208321522646333,-0.0228605115491758
ENSSSCG00000059883,-1.1736270562095,0.378565244869403
ENSSSCG00000059382,-1.05654789507939,-1.63861791175253
ENSSSCG00000061691,-0.503005667143942,-1.26570965698543
ENSSSCG00000058229,-1.1736270562095,0.826763660403192
ENSSSCG00000013753,5.05461062250258,5.14965956688406
ENSSSCG00000023739,-0.289717603961706,0.0226960489355265
ENSSSCG00000057860,-1.1736270562095,-0.883096611932229
ENSSSCG00000063172,-1.5956269400881,-1.37962819886108
ENSSSCG00000051583,-0.665011214899346,-0.883096611932229
ENSSSCG00000055092,4.39865148224228,3.68450443748216
ENSSSCG00000057515,-2.19461582859326,-0.220998320347156
ENSSSCG00000060995,1.50677891522418,3.22042040807826
ENSSSCG00000054319,2.39990043044213,3.44199506771677
ENSSSCG00000042811,1.23546043280176,1.88748384057387
ENSSSCG00000056178,2.59148335847871,6.2354956006901
ENSSSCG00000049610,3.32726742574501,2.9169117185231
ENSSSCG00000044985,0.160749279997622,0.774458752770575
ENSSSCG00000053460,-0.665011214899346,-1.37962819886108
ENSSSCG00000055823,-1.3010534406464,0.066857978120369
ENSSSCG00000019671,-1.96619539223541,-0.650786169073976
ENSSSCG00000013906,5.87849007808655,5.56976669995355
ENSSSCG00000040706,6.33344605953225,5.56110860384378
ENSSSCG00000013276,3.59672528820647,3.91337607062312
ENSSSCG00000013650,6.72808756964145,6.36106825806035
ENSSSCG00000033998,2.35833005876887,3.45451597397753
ENSSSCG00000040698,4.05270462609372,3.14517701483991
ENSSSCG00000013273,2.71190019265781,1.12710621877915
ENSSSCG00000035028,4.95876876711304,4.65556775116873
ENSSSCG00000029468,-0.225096418835447,-0.650786169073976
ENSSSCG00000029059,7.63546074382045,7.75187478117094
ENSSSCG00000031274,1.18878921645065,0.747577553315015
ENSSSCG00000050458,4.10705235861764,4.61338447972317
ENSSSCG00000013145,5.06272178606028,3.81646641771404
ENSSSCG00000033703,4.8579695065016,4.05440148353336
ENSSSCG00000014039,3.20946722096746,2.83628315226055
ENSSSCG00000013147,3.58325587051105,3.56641789445968
ENSSSCG00000013148,0.464874497983746,1.99424877862076
ENSSSCG00000031819,7.82071724861091,7.42153014204836
ENSSSCG00000014040,8.04914968897375,6.97362861749641
ENSSSCG00000013278,5.51100914378015,4.86390422302666
ENSSSCG00000014041,3.7290073427632,3.95509510037533
ENSSSCG00000031182,6.95202160618097,6.8593944663426
ENSSSCG00000036359,0.0606232623061967,0.343090997642991
ENSSSCG00000014044,5.93260326299867,6.30455502021312
ENSSSCG00000031442,2.91192312854079,3.9103494631119
ENSSSCG00000037892,0.111554715953384,0.109708133942356
ENSSSCG00000014047,1.91786723757113,3.95802937142891
ENSSSCG00000014046,4.80673267023534,4.74152310920379
ENSSSCG00000033260,-1.05654789507939,-2.35951718500686
ENSSSCG00000022508,5.46890401323366,5.84407929867779
ENSSSCG00000012874,5.39116116467913,5.1172139052465
ENSSSCG00000035585,4.35968046582564,4.27280450820072
ENSSSCG00000014048,4.82401459068684,4.40124476042477
ENSSSCG00000037900,5.21604605695667,6.34826485606058
ENSSSCG00000031769,8.17887886110446,7.72176268865075
ENSSSCG00000014049,3.03575936923339,2.91086700396588
ENSSSCG00000014063,5.15362246287191,5.09205777636976
ENSSSCG00000014051,4.37017609996627,4.63920782748786
ENSSSCG00000014052,-0.581735609749139,-1.06175616837389
ENSSSCG00000014053,-1.3010534406464,-1.37962819886108
ENSSSCG00000014055,-1.3010534406464,-1.06175616837389
ENSSSCG00000014056,5.64453762179445,6.25888464369936
ENSSSCG00000014057,6.01684309282442,6.2215221923893
ENSSSCG00000013181,7.7718309777803,9.45232201619285
ENSSSCG00000054091,5.80399745735102,5.38042968078841
ENSSSCG00000012844,4.58138457622712,4.95484416578436
ENSSSCG00000029179,5.67236847428306,5.28784300238516
ENSSSCG00000023379,5.29666221263025,4.64285943223665
ENSSSCG00000014058,4.2245002065059,4.04339208042293
ENSSSCG00000029985,5.07720794266474,5.20257742208509
ENSSSCG00000014060,6.78066738214283,6.77164153158429
ENSSSCG00000013175,-2.80087696638474,-0.51439395667637
ENSSSCG00000049665,-1.05654789507939,0.543924309209927
ENSSSCG00000032364,4.56548892997186,4.20772806306319
ENSSSCG00000013176,5.65100794331795,5.43304665381633
ENSSSCG00000012843,3.75727032724029,3.09807225595263
ENSSSCG00000013177,4.72322802275393,5.20133976985127
ENSSSCG00000013178,6.01182452100477,6.2043263637356
ENSSSCG00000012842,8.89791033786389,8.56084372103675
ENSSSCG00000014062,2.67850861649466,3.10338271409922
ENSSSCG00000029521,5.85626340078602,6.34826485606058
ENSSSCG00000014061,3.6493795680761,3.6192738091208
ENSSSCG00000012836,7.33785451844866,7.19124038022476
ENSSSCG00000029096,0.342293330875861,0.926006765743826
ENSSSCG00000014112,2.05429183424595,3.35116722857188
ENSSSCG00000014113,3.93037748785939,3.6229761539042
ENSSSCG00000040088,0.81143323514119,2.03927655741885
ENSSSCG00000059180,3.2498121961957,2.7166382149345
ENSSSCG00000021176,1.38785577819136,1.58746179948828
ENSSSCG00000012940,5.02999987195498,4.58329475791358
ENSSSCG00000012939,5.12136768000582,5.02648004810064
ENSSSCG00000012950,3.67500316435656,3.2919332629483
ENSSSCG00000013174,8.16707696397136,8.76929300738195
ENSSSCG00000047415,2.47961156701835,1.47724380910331
ENSSSCG00000012835,-0.503005667143942,-2.14284221802902
ENSSSCG00000014114,5.57251692603239,6.3532884235665
ENSSSCG00000026098,0.00782776903463305,-0.275097240265819
ENSSSCG00000038364,4.96570623891502,5.00252080434504
ENSSSCG00000037847,5.33198987840614,5.12767612052765
ENSSSCG00000032911,2.85327760027406,0.512334077457971
ENSSSCG00000014116,4.15336293804548,4.16519497479506
ENSSSCG00000013263,4.66687611224307,3.26375205522008
ENSSSCG00000012871,-0.428350711608159,-2.92464516734468
ENSSSCG00000039556,5.09155008803588,6.02496212108025
ENSSSCG00000014117,4.49770361212424,-0.389789821758014
ENSSSCG00000012847,7.2961506125365,6.98338227921567
ENSSSCG00000012846,6.28573419908057,6.00878091198085
ENSSSCG00000012845,1.16487493893756,0.973180333493209
ENSSSCG00000012943,4.76757071188454,4.65375911640063
ENSSSCG00000013473,1.59890203838796,2.40879780570445
ENSSSCG00000029279,5.83274061377869,5.76502653061524
ENSSSCG00000038304,6.29195770196983,6.34153943927108
ENSSSCG00000058325,6.8432183729433,6.46528230993592
ENSSSCG00000038008,6.28781168446839,6.60427693871982
ENSSSCG00000013448,6.24282987857424,6.68353152343056
ENSSSCG00000012934,4.12884908206675,4.21755621188446
ENSSSCG00000032085,5.24911938995212,5.2936618735742
ENSSSCG00000040461,1.88896298917059,2.86157528753835
ENSSSCG00000012855,0.648535071030343,-0.51439395667637
ENSSSCG00000021597,0.87176904556138,1.12710621877915
ENSSSCG00000032265,6.73267025862345,6.82002053185893
ENSSSCG00000060622,5.6380381508413,3.60810942381796
ENSSSCG00000028995,4.05920576499752,1.79861269456251
ENSSSCG00000032436,5.15058146108026,4.69303453839473
ENSSSCG00000038912,7.77627701285755,6.9937855019196
ENSSSCG00000014565,6.43441894783533,5.84724801977206
ENSSSCG00000013102,0.111554715953384,-0.650786169073976
ENSSSCG00000051873,-0.753389730293386,-0.650786169073976
ENSSSCG00000013100,0.254375037426665,-0.580978849888471
ENSSSCG00000034506,0.00782776903463305,-0.580978849888471
ENSSSCG00000038067,-0.753389730293386,-0.0699026685752995
ENSSSCG00000032591,4.0976091439326,2.39153747277534
ENSSSCG00000014119,6.96722479484718,6.72761441699058
ENSSSCG00000014121,5.98305139893304,6.3627299212236
ENSSSCG00000014123,4.92357200461984,4.41625798189372
ENSSSCG00000013118,4.11018641085633,3.93438638112435
ENSSSCG00000033780,4.58589420574893,4.91311777305348
ENSSSCG00000031117,2.60931343902336,2.14605650303391
ENSSSCG00000013119,5.00159053564039,4.83865324289385
ENSSSCG00000014126,3.4160512381393,3.39945604730476
ENSSSCG00000014127,3.50921472702623,4.19783250191739
ENSSSCG00000014128,0.208321522646333,0.109708133942356
ENSSSCG00000014129,4.08810371085403,3.26848731736893
ENSSSCG00000013490,5.73054832381481,5.38915236047881
ENSSSCG00000051760,0.299003801631898,0.109708133942356
ENSSSCG00000036095,-1.76904577456744,-1.37962819886108
ENSSSCG00000027302,4.67959035376555,5.28667640650282
ENSSSCG00000035757,4.72322802275393,4.93413181827463
ENSSSCG00000024389,4.33310238247778,4.95924410147895
ENSSSCG00000013124,5.78353099290069,5.73112249710552
ENSSSCG00000025210,3.34865461023762,3.45035440098084
ENSSSCG00000012963,6.37116435600299,6.54842686172907
ENSSSCG00000013125,6.70132093849171,6.42873225208682
ENSSSCG00000013591,4.60379306832259,4.55062149769339
ENSSSCG00000014054,0.577851083508549,1.26618103197673
ENSSSCG00000053124,-1.76904577456744,-0.580978849888471
ENSSSCG00000051369,1.56275558109478,1.35790376000462
ENSSSCG00000055755,-1.1736270562095,-0.168854921246468
ENSSSCG00000012967,-1.44083485948891,-0.0228605115491758
ENSSSCG00000061630,1.59890203838796,-3.86672707663002
ENSSSCG00000054707,-0.665011214899346,-1.95450014976733
ENSSSCG00000052587,-0.0469734082326686,0.574837615712797
ENSSSCG00000012969,6.21980187070191,5.91525501111494
ENSSSCG00000060025,5.80496484613529,3.17574687812892
ENSSSCG00000057683,4.31691728672147,4.41412277758863
ENSSSCG00000012970,1.7986042665823,2.51622099743307
ENSSSCG00000036220,6.5039796159161,5.7924097272081
ENSSSCG00000028612,8.8500900744688,7.57156094399579
ENSSSCG00000054089,0.299003801631898,1.18835828160125
ENSSSCG00000042189,0.299003801631898,0.747577553315015
ENSSSCG00000059307,-2.19461582859326,-0.580978849888471
ENSSSCG00000062596,-1.96619539223541,0.0226960489355265
ENSSSCG00000012964,-1.05654789507939,-1.16013180230037
ENSSSCG00000012971,6.04577518202419,5.80387163331706
ENSSSCG00000012973,4.69637023349235,5.0678140977119
ENSSSCG00000012974,9.04743107089372,8.28197188940589
ENSSSCG00000028762,4.30054855387541,3.907316492777
ENSSSCG00000040329,-0.357369586612393,-3.86672707663002
ENSSSCG00000014098,3.39050069294677,3.57408833700288
ENSSSCG00000061941,4.90022485631319,4.2892077114799
ENSSSCG00000013281,4.68169854292298,4.37952260415124
ENSSSCG00000012975,3.45601361111522,2.79749362501286
ENSSSCG00000013282,3.54207624329408,3.26375205522008
ENSSSCG00000057793,2.24884081421465,2.44271105199964
ENSSSCG00000021739,6.21835034237374,5.7025391225857
ENSSSCG00000013284,5.55652272965553,5.80142316494664
ENSSSCG00000013285,6.74027587279993,6.70901085784082
ENSSSCG00000024569,4.22738947407285,4.80156271552
ENSSSCG00000037427,5.90399567838253,5.89242913858341
ENSSSCG00000032010,6.93090751919978,6.94876763346681
ENSSSCG00000031513,4.43909200990628,4.68774134494592
ENSSSCG00000027045,6.71012632216298,6.54599125112712
ENSSSCG00000023709,5.22474724597021,6.69896075846626
ENSSSCG00000030137,2.33708688541697,2.97020382076097
ENSSSCG00000029035,3.80446909682012,4.33957899602656
ENSSSCG00000013223,4.20704202388818,5.15222396929966
ENSSSCG00000013589,4.37539542174089,4.02392112189717
ENSSSCG00000040598,3.01584416771585,2.73728085074703
ENSSSCG00000013588,5.8976614270776,5.63905165381703
ENSSSCG00000012854,4.68590570168791,4.44163694228231
ENSSSCG00000013586,4.50009483649528,4.5132066856359
ENSSSCG00000013584,6.32065092698667,5.99741641251767
ENSSSCG00000013585,5.52751304124796,4.77018672736608
ENSSSCG00000014556,6.03839073770451,6.22882954952438
ENSSSCG00000014557,5.73664496094689,5.74307975188089
ENSSSCG00000014558,5.62385470296934,5.78085602893012
ENSSSCG00000013579,1.70220582089016,0.269413319240056
ENSSSCG00000013573,5.41922932332796,5.38152290423251
ENSSSCG00000037188,-1.76904577456744,-1.06175616837389
ENSSSCG00000013576,6.51229546904275,6.33985317489551
ENSSSCG00000014559,6.5889934647582,6.26422868864412
ENSSSCG00000031487,3.81218758787805,2.89870106029881
ENSSSCG00000014561,1.48762675172783,0.109708133942356
ENSSSCG00000012875,4.77548860956428,4.89944529635138
ENSSSCG00000025023,5.97791367954761,4.93859527985266
ENSSSCG00000034441,5.96585403265066,6.11710177906788
ENSSSCG00000012878,4.88932048043226,5.33035699352651
ENSSSCG00000012879,4.15032138858505,4.2418375966162
ENSSSCG00000036537,6.60296597884988,6.11906938517439
ENSSSCG00000012880,6.13848407092321,6.2037084200696
ENSSSCG00000034876,3.87249250840552,3.16562872641229
ENSSSCG00000013582,5.75578274621273,5.96715155580607
ENSSSCG00000037451,6.77327229024616,7.16259124365777
ENSSSCG00000054981,5.4039871528837,5.73112249710552
ENSSSCG00000013476,4.24460461151598,4.73811316967365
ENSSSCG00000024158,6.28365371779264,4.13957694159375
ENSSSCG00000013475,5.67024659698809,5.24883835479276
ENSSSCG00000012882,2.15484323487455,2.70969117426895
ENSSSCG00000013583,5.54845864237727,5.89242913858341
ENSSSCG00000013467,6.16434456802715,5.81686041072976
ENSSSCG00000022380,4.64327160330782,5.13417668546501
ENSSSCG00000033382,-2.46613199464794,-1.16013180230037
ENSSSCG00000013554,4.8947829707172,5.46433891832523
ENSSSCG00000013246,4.90744891944289,4.49513940894941
ENSSSCG00000013552,5.77664380494981,5.60107577969983
ENSSSCG00000013248,6.23710724438347,4.93114848692745
ENSSSCG00000013551,8.3860303372789,12.2158950620408
ENSSSCG00000013249,6.57374958571144,6.08592036762572
ENSSSCG00000013252,2.30462385924679,1.93591281567592
ENSSSCG00000023097,4.22738947407285,4.46863617933797
ENSSSCG00000013256,7.65436981125267,6.85152628306721
ENSSSCG00000013257,6.53579428508667,6.56968476475486
ENSSSCG00000033452,1.16487493893756,0.231113683523015
ENSSSCG00000026695,-1.1736270562095,-0.0228605115491758
ENSSSCG00000013572,6.80262790380873,6.74215623799329
ENSSSCG00000013258,3.31645375125364,2.69569592357175
ENSSSCG00000013262,5.80882792753602,6.32003306326246
ENSSSCG00000013260,8.06921748532222,8.25135274222558
ENSSSCG00000013259,7.28336597595023,6.76788415326988
ENSSSCG00000013570,4.34112734509873,4.26571706684204
ENSSSCG00000029236,5.08519339692366,5.51004035985401
ENSSSCG00000022066,4.49050606634105,4.62635393057579
ENSSSCG00000050591,-0.581735609749139,-1.16013180230037
ENSSSCG00000025078,5.90760280303323,5.69552369128177
ENSSSCG00000013569,3.60563553992072,3.86729642700427
ENSSSCG00000013568,5.74976661651501,6.34097757011248
ENSSSCG00000032557,2.00125981237482,1.81164869165001
ENSSSCG00000033759,1.85946778722825,1.14781387260733
ENSSSCG00000040421,6.73926410454643,6.11775794598201
ENSSSCG00000026169,5.45664476795663,5.73283675589516
ENSSSCG00000013481,6.11058750497048,6.04510919260563
ENSSSCG00000052588,-0.428350711608159,-0.969662564375006
ENSSSCG00000056332,3.57873797349955,3.25423464758754
ENSSSCG00000054768,1.23546043280176,0.306722442383792
ENSSSCG00000043447,2.08009429229325,-0.168854921246468
ENSSSCG00000043766,2.60042594353181,2.55549734854186
ENSSSCG00000050951,2.78431999506382,1.88748384057387
ENSSSCG00000056149,0.464874497983746,-0.450747065242323
ENSSSCG00000038924,0.613625923982859,-2.35951718500686
ENSSSCG00000013478,3.36972936706284,3.31500426226794
ENSSSCG00000059500,5.17772243664421,5.60482506030608
ENSSSCG00000058940,1.65147836204809,1.98276876816261
ENSSSCG00000036792,2.51787418640574,2.24547494246517
ENSSSCG00000034545,2.4403064491966,2.55549734854186
ENSSSCG00000013471,2.50840324662494,2.18664964113913
ENSSSCG00000039774,2.01470169144954,2.2065257784872
ENSSSCG00000013469,1.75121004166391,2.9169117185231
ENSSSCG00000038635,2.61814651954306,2.57091330440077
ENSSSCG00000013155,6.82234945312527,6.72718448952845
ENSSSCG00000013468,4.76757071188454,4.85448682146576
ENSSSCG00000040937,5.14753403573471,4.3169007366906
ENSSSCG00000012841,5.76177389241526,6.09327878296554
ENSSSCG00000023933,4.7374854445382,4.32374172398056
ENSSSCG00000012840,7.00643980685288,6.88544452519391
ENSSSCG00000059584,5.13681706735067,4.76349340141369
ENSSSCG00000012838,3.42614608619034,3.77047192295446
ENSSSCG00000013513,2.27141351306507,1.7854578310934
ENSSSCG00000012837,7.87193009361962,6.57876835859576
ENSSSCG00000013512,5.38987227201094,4.79337180674343
ENSSSCG00000013511,6.01767782681,5.75746729126135
ENSSSCG00000013510,5.96930994484226,6.04234695708479
ENSSSCG00000013509,2.90472149051255,2.46763286697893
ENSSSCG00000013508,6.42815405707276,5.94217773221825
ENSSSCG00000013507,5.36384961281375,5.58692855381272
ENSSSCG00000013506,2.31552623327911,3.06579234401381
ENSSSCG00000013505,-0.753389730293386,-1.63861791175253
ENSSSCG00000013503,0.748463530495347,-0.580978849888471
ENSSSCG00000013499,4.00635741057301,3.6738354311559
ENSSSCG00000013566,4.32772750033815,5.5812305893561
ENSSSCG00000040016,1.61664122769751,1.73160503149834
ENSSSCG00000033033,6.11916882875745,6.17183707752541
ENSSSCG00000012956,6.18008870229326,5.99098432038827
ENSSSCG00000013553,5.18219670332411,5.41073108303408
ENSSSCG00000029723,6.47934661895765,6.51444674420256
ENSSSCG00000013462,1.18878921645065,-1.63861791175253
ENSSSCG00000013461,-0.428350711608159,-1.63861791175253
ENSSSCG00000013460,8.88504564520075,8.1073038220084
ENSSSCG00000013457,5.67871544538004,5.55239823372795
ENSSSCG00000013453,5.41670011830492,5.47257014895539
ENSSSCG00000035812,0.577851083508549,0.826763660403192
ENSSSCG00000040157,7.96704564713056,7.50214324650572
ENSSSCG00000012853,4.90564629207936,4.72266791020141
ENSSSCG00000012852,1.09065751143433,2.32035389170899
ENSSSCG00000013455,3.31101636625581,4.49917395813283
ENSSSCG00000032366,4.60601489268144,4.36633056646609
ENSSSCG00000040951,-1.76904577456744,-1.26570965698543
ENSSSCG00000013498,-0.0469734082326686,-0.168854921246468
ENSSSCG00000013497,3.9409770362239,3.86103975528622
ENSSSCG00000013496,3.33264401901423,3.27791146848435
ENSSSCG00000012850,4.8579695065016,4.91009062304634
ENSSSCG00000044406,5.27308663423354,5.1445170466678
ENSSSCG00000012848,6.6644863535516,6.71292452617143
ENSSSCG00000027127,6.91665781204835,6.60427693871982
ENSSSCG00000037337,0.00782776903463305,0.306722442383792
ENSSSCG00000012942,-0.289717603961706,-2.92464516734468
ENSSSCG00000014030,2.5272833570641,2.25505012142321
ENSSSCG00000014031,6.75636840307777,6.65849629800974
ENSSSCG00000012941,0.111554715953384,0.343090997642991
ENSSSCG00000039635,2.7764505503789,2.51622099743307
ENSSSCG00000014033,5.36122134330982,5.67961311797192
ENSSSCG00000014034,4.10391148326593,5.12506767096301
ENSSSCG00000038918,7.45372169356597,7.20149065159587
ENSSSCG00000014035,5.47984896693817,5.0166626178964
ENSSSCG00000038323,0.111554715953384,-1.95450014976733
ENSSSCG00000014036,7.28544687192708,6.20061472527398
ENSSSCG00000014037,-0.847537601777033,-1.63861791175253
ENSSSCG00000014038,5.96930994484226,6.61407640115586
ENSSSCG00000032642,5.8459605944816,5.55724381930089
ENSSSCG00000013444,6.8118006879058,6.79233950952133
ENSSSCG00000013445,6.6375879802518,6.12168869259353
ENSSSCG00000063429,-0.503005667143942,-1.26570965698543
ENSSSCG00000013446,6.3321045348986,6.40042928929029
ENSSSCG00000038810,1.7986042665823,2.53991488424887
ENSSSCG00000013442,6.35606316423047,6.32174264001566
ENSSSCG00000024672,5.08040743034941,5.36945164087797
ENSSSCG00000040793,7.96531601170198,7.54033188254303
ENSSSCG00000040624,5.93966739413813,6.1019269794898
ENSSSCG00000013440,2.66151846255649,1.54125259769343
ENSSSCG00000021891,6.00930867325823,5.37714503121325
ENSSSCG00000040416,6.8093924461019,7.16735296259869
ENSSSCG00000030415,4.93775391644233,4.1369899399032
ENSSSCG00000025675,11.4148352212442,11.1649033797731
ENSSSCG00000032170,6.2227005534443,5.47666821990365
ENSSSCG00000012944,2.15484323487455,2.51622099743307
ENSSSCG00000013495,4.80673267023534,3.77380631834667
ENSSSCG00000013494,3.22110994226279,2.84898464428724
ENSSSCG00000032429,1.30275293821975,0.6051024001257
ENSSSCG00000024242,5.48105996318015,5.09339277596379
ENSSSCG00000013492,3.77712447056215,3.64499288855733
ENSSSCG00000013491,5.95369272746601,6.45804600158534
ENSSSCG00000013464,6.42123110890425,6.42926096923052
ENSSSCG00000013463,4.27843061287923,4.19783250191739
ENSSSCG00000024570,6.8418050416995,6.0979419449997
ENSSSCG00000012957,8.1260578119421,7.96596545425426
ENSSSCG00000013517,3.62329263130676,3.49951808367277
ENSSSCG00000028015,0.342293330875861,0.6051024001257
ENSSSCG00000012959,3.72492419254139,1.71782176674871
ENSSSCG00000012960,7.5572441514501,7.10815777869685
ENSSSCG00000012961,7.23501670861703,7.04677404318438
ENSSSCG00000027334,5.74372529408345,5.31670546566593
ENSSSCG00000035293,5.28976812111051,5.11983658051618
ENSSSCG00000038954,5.46768276585732,5.86923630852542
ENSSSCG00000024771,4.70882829460585,4.44791253296088
ENSSSCG00000026063,5.72135478752617,5.08804534948429
ENSSSCG00000034898,6.40026068064704,5.60949800047251
ENSSSCG00000034615,6.69924124967215,6.7233093660794
ENSSSCG00000035176,2.2601713103169,2.7166382149345
ENSSSCG00000038013,3.1739644641406,2.82989022463114
ENSSSCG00000033949,5.69132622852248,5.3189897098664
ENSSSCG00000022689,5.56910449390865,3.82934279843556
ENSSSCG00000026784,4.97776711614943,4.96070776976846
ENSSSCG00000022757,5.0167004315769,5.21366877140704
ENSSSCG00000028363,1.11582327058225,2.35638466866671
ENSSSCG00000026994,4.44406829116839,4.17783539855516
ENSSSCG00000012965,6.44252284473901,5.94143662332774
ENSSSCG00000013604,2.67850861649466,2.95853009044781
ENSSSCG00000012966,5.40015131502908,5.0826780287199
ENSSSCG00000040507,8.88103762490694,7.52483124066313
ENSSSCG00000024810,4.87465190882293,4.47684299811982
ENSSSCG00000060035,4.47842978092317,4.18035024728826
ENSSSCG00000013602,8.0182019066413,7.5400871368937
ENSSSCG00000013601,4.19233040070992,3.93438638112435
ENSSSCG00000013600,7.17080201465675,6.77330834153048
ENSSSCG00000013599,2.80767400923913,4.16519497479506
ENSSSCG00000013598,4.08810371085403,3.85160357557721
ENSSSCG00000013597,8.58245163303285,8.13527953247506
ENSSSCG00000041220,5.35595039617245,4.44999834486928
ENSSSCG00000032833,8.18780642436361,6.0731213020816
ENSSSCG00000013595,4.28953196919945,4.97236396337386
ENSSSCG00000013594,-0.581735609749139,-0.883096611932229
ENSSSCG00000013593,1.96016598715194,1.64685816540168
ENSSSCG00000013592,7.19277243820664,6.85625234054288
ENSSSCG00000029637,7.14238166461649,7.56363623286239
ENSSSCG00000022726,3.71672305901307,3.56256732561063
ENSSSCG00000024837,3.94449298372399,2.24547494246517
ENSSSCG00000012926,4.00635741057301,3.09807225595263
ENSSSCG00000039360,2.2936384687718,2.88643165066402
ENSSSCG00000012927,4.2978022842804,4.62450827490027
ENSSSCG00000029902,0.425160216794395,1.10609700495897
ENSSSCG00000038508,3.26676339384565,3.73327574563986
ENSSSCG00000033880,2.04121546325762,1.39302001591966
ENSSSCG00000039243,8.92763725860996,8.16049573950256
ENSSSCG00000036015,4.85049273127564,4.68420172925064
ENSSSCG00000039644,0.0606232623061967,0.343090997642991
ENSSSCG00000022370,-0.94826101088964,-0.168854921246468
ENSSSCG00000031459,6.33679442365616,6.55425560523364
ENSSSCG00000013545,0.957790112127212,0.800848232904328
ENSSSCG00000012889,4.91463698939483,5.110636281969
ENSSSCG00000012890,5.3157922266856,5.09605907482726
ENSSSCG00000037455,5.64345640798252,5.23559889306414
ENSSSCG00000028501,6.3321045348986,6.61500622111185
ENSSSCG00000012893,4.05920576499752,4.65737412138036
ENSSSCG00000013546,0.54116651967454,1.16822850108867
ENSSSCG00000051897,5.7396836453112,5.1951355321414
ENSSSCG00000013550,5.9334881733155,5.83772090050285
ENSSSCG00000012884,6.85960573919284,6.96161722372072
ENSSSCG00000032785,1.61664122769751,1.54125259769343
ENSSSCG00000013538,7.60440328281643,7.22085939823982
ENSSSCG00000012885,6.45243478329274,6.42290353906194
ENSSSCG00000012886,5.70175165797181,3.95509510037533
ENSSSCG00000012856,7.16742098641725,6.73319184628307
ENSSSCG00000013539,6.5726139760114,6.07447393180433
ENSSSCG00000024254,4.30875613500861,4.08693440817365
ENSSSCG00000038079,3.80833350413237,4.16519497479506
ENSSSCG00000023969,-0.225096418835447,-0.580978849888471
ENSSSCG00000013534,5.71210228973737,5.9838037562251
ENSSSCG00000012857,5.66705791804507,5.18515291893786
ENSSSCG00000013536,0.299003801631898,1.34001980880434
ENSSSCG00000035403,7.22601632665793,7.28067907612677
ENSSSCG00000013533,6.5771510613074,6.39177472938761
ENSSSCG00000012862,5.04481664425098,4.8113308130939
ENSSSCG00000012859,5.13527955231673,5.05964148476002
ENSSSCG00000021181,4.67112665475731,3.83573814693226
ENSSSCG00000062960,2.67850861649466,3.2056824019525
ENSSSCG00000013532,7.04543585428871,6.88967680516533
ENSSSCG00000033043,5.83936574656092,6.24573747535751
ENSSSCG00000031764,3.95847170903587,4.17783539855516
ENSSSCG00000027307,5.14448015964065,4.51520026500107
ENSSSCG00000013530,-1.76904577456744,-1.16013180230037
ENSSSCG00000033413,1.7986042665823,-0.0699026685752995
ENSSSCG00000040968,5.10103291556719,5.39998206612181
ENSSSCG00000013527,-0.0469734082326686,0.0226960489355265
ENSSSCG00000027128,6.3724700634042,6.24453631589359
ENSSSCG00000059007,8.05668248016109,8.09436055577383
ENSSSCG00000030546,5.83842115967153,5.56014337789033
ENSSSCG00000013524,5.24769707535591,4.61710194951013
ENSSSCG00000013522,7.44443956052626,7.79374223245259
ENSSSCG00000012952,1.58094201213036,2.23583578812337
ENSSSCG00000012953,5.31035234318326,4.46245028240699
ENSSSCG00000013523,6.61790583183165,6.94248486644857
ENSSSCG00000057023,7.26485319317446,6.59582409338457
ENSSSCG00000042523,-0.163246077098895,0.44699951176586
ENSSSCG00000012955,6.02184426749584,5.60576085998927
ENSSSCG00000014007,4.23027296690235,2.79092608296928
ENSSSCG00000014008,1.66858646664768,-2.92464516734468
ENSSSCG00000014009,5.3171489986174,5.59543352591318
ENSSSCG00000049258,1.48762675172783,1.32191137878578
ENSSSCG00000014012,3.25548475433632,3.82934279843556
ENSSSCG00000014010,5.86556616658834,5.98308373024278
ENSSSCG00000014011,-1.1736270562095,-0.969662564375006
ENSSSCG00000057993,6.47144751096236,6.86174657783943
ENSSSCG00000055787,2.67850861649466,2.60125966392602
ENSSSCG00000014015,1.4485423725996,2.08294141053324
ENSSSCG00000014016,7.89959010675122,8.16637478415879
ENSSSCG00000014017,7.40988481531925,6.03402837599892
ENSSSCG00000028488,-0.0469734082326686,-0.650786169073976
ENSSSCG00000014019,5.28700123358954,5.59260410250187
ENSSSCG00000014020,9.1810387078348,8.72109668417704
ENSSSCG00000063154,3.40588525623016,3.70560863013466
ENSSSCG00000014023,5.79038545870158,5.76335011922981
ENSSSCG00000024043,5.94406497542995,3.7903636675655
ENSSSCG00000052203,1.93210506278503,2.99327166878598
ENSSSCG00000027351,2.67003855032607,2.98178384945335
ENSSSCG00000029380,5.79915075930658,5.93698195732136
ENSSSCG00000028295,1.28066902659574,1.66133288059543
ENSSSCG00000053800,5.15968530371524,4.98248644688932
ENSSSCG00000014028,5.6150566090392,6.43559050739105
ENSSSCG00000014029,4.70468754926573,7.0395202612169
ENSSSCG00000013474,-0.753389730293386,-1.16013180230037
ENSSSCG00000037153,4.93068038675488,4.84342158933854
ENSSSCG00000057618,-0.357369586612393,-0.275097240265819
ENSSSCG00000044427,-1.76904577456744,-0.650786169073976
ENSSSCG00000055959,-1.1736270562095,-0.51439395667637
ENSSSCG00000061331,4.5677704875085,4.19783250191739
ENSSSCG00000055004,5.22907823978339,5.32922428713156
ENSSSCG00000056792,1.28066902659574,-1.95450014976733
ENSSSCG00000053579,-0.94826101088964,-1.37962819886108
ENSSSCG00000055438,4.82782706508037,4.0126757259433
ENSSSCG00000057850,0.648535071030343,0.543924309209927
ENSSSCG00000055821,-1.44083485948891,-1.16013180230037
ENSSSCG00000052278,0.577851083508549,0.826763660403192
ENSSSCG00000060578,-0.94826101088964,-0.389789821758014
ENSSSCG00000029719,-0.581735609749139,-0.450747065242323
ENSSSCG00000061881,4.74153324753273,4.63737855328914
ENSSSCG00000014014,6.15223264487154,6.12430325310536
ENSSSCG00000014022,7.98913144108003,8.00124193749309
ENSSSCG00000021640,3.44612631452737,3.80998487260463
ENSSSCG00000012933,2.4101085229922,1.9711966741643
ENSSSCG00000012968,3.84265511981395,4.2297479873508
ENSSSCG00000047888,1.11582327058225,1.73160503149834
ENSSSCG00000029949,6.76732880229172,4.21265050656083
ENSSSCG00000063023,-1.44083485948891,-0.650786169073976
ENSSSCG00000038005,4.69845406209943,4.29153587546859
ENSSSCG00000052617,-0.0469734082326686,-0.0699026685752995
ENSSSCG00000049480,1.30275293821975,2.40019345180835
ENSSSCG00000042713,4.93951689313395,3.83573814693226
ENSSSCG00000042777,1.18878921645065,0.800848232904328
ENSSSCG00000047820,-0.581735609749139,-0.220998320347156
ENSSSCG00000051003,-1.44083485948891,-1.16013180230037
ENSSSCG00000051214,-1.44083485948891,-1.37962819886108
ENSSSCG00000049464,0.299003801631898,-0.0699026685752995
ENSSSCG00000018538,-0.847537601777033,-0.450747065242323
ENSSSCG00000027361,1.06504496640639,1.60254171360028
ENSSSCG00000012978,2.36883548604693,3.04386403660711
ENSSSCG00000012980,4.87465190882293,4.92666189067731
ENSSSCG00000012981,6.41933725228361,6.53963935252703
ENSSSCG00000012982,4.61927445861329,4.50319725601001
ENSSSCG00000012983,7.05928519765826,7.2281701047541
ENSSSCG00000037531,5.17622792550524,5.10535250551338
ENSSSCG00000012986,0.254375037426665,-0.51439395667637
ENSSSCG00000012988,7.26485319317446,6.57399464979641
ENSSSCG00000035604,3.07478353700702,3.27320708811375
ENSSSCG00000020737,3.95149927684613,4.21510544437685
ENSSSCG00000012985,6.95812212050626,6.87033832576021
ENSSSCG00000012984,6.81612541861829,6.11381646044779
ENSSSCG00000012993,-1.5956269400881,-0.883096611932229
ENSSSCG00000012994,0.208321522646333,-0.724143750785594
ENSSSCG00000012995,7.13393771033568,6.25232603561766
ENSSSCG00000012996,3.55132938706797,4.0461523175502
ENSSSCG00000012997,2.83823600625996,3.4251296745628
ENSSSCG00000012999,7.12117838390351,6.98230178970747
ENSSSCG00000038112,0.425160216794395,-0.168854921246468
ENSSSCG00000039740,7.77034591606646,6.43716856243065
ENSSSCG00000013001,5.3546296448774,5.4838119520761
ENSSSCG00000027057,6.95158486646001,6.70988147987613
ENSSSCG00000013004,5.74775565197219,6.35161584391435
ENSSSCG00000013005,6.53112504231396,6.14118336788843
ENSSSCG00000047012,-0.503005667143942,-0.220998320347156
ENSSSCG00000013007,5.42804678572108,4.92366305619213
ENSSSCG00000013008,1.97399439525949,0.973180333493209
ENSSSCG00000013010,3.78106272098611,4.12920098417805
ENSSSCG00000013011,2.61814651954306,2.58616627273042
ENSSSCG00000013012,3.47071865330916,3.47514565515157
ENSSSCG00000034387,4.94479293377898,4.76684394606366
ENSSSCG00000013016,5.33333150961055,5.00536027864986
ENSSSCG00000023890,5.56682504673501,5.90768644321379
ENSSSCG00000013017,5.95107334239536,5.62065168676916
ENSSSCG00000013019,5.7325834001545,5.68759033797494
ENSSSCG00000013020,4.67324723903207,5.19015285975934
ENSSSCG00000062583,7.81328477415956,8.09185809801166
ENSSSCG00000013022,7.3254357286719,5.39240981657998
ENSSSCG00000013023,3.40588525623016,3.40376683840404
ENSSSCG00000013024,-0.665011214899346,-2.35951718500686
ENSSSCG00000028806,4.36755934111703,4.33957899602656
ENSSSCG00000013030,6.47327422452721,6.8131499090226
ENSSSCG00000013029,5.46401280870366,5.43620660049854
ENSSSCG00000013028,4.85049273127564,4.93114848692745
ENSSSCG00000013027,-0.503005667143942,-1.95450014976733
ENSSSCG00000013031,1.94620374824525,0.151322202724095
ENSSSCG00000013032,6.2766970317263,5.79733312737386
ENSSSCG00000013034,5.61836218503642,6.08993870064144
ENSSSCG00000037999,4.59038978281825,4.92965450461219
ENSSSCG00000033757,6.68512438475127,5.64725569091755
ENSSSCG00000054506,6.1537522077801,6.12756480456186
ENSSSCG00000013038,4.18936998772775,3.76377992309802
ENSSSCG00000013039,4.71707430130698,4.14987880700026
ENSSSCG00000013040,3.2498121961957,2.72355196361232
ENSSSCG00000013041,1.25824180569868,1.49351421091838
ENSSSCG00000021620,7.45341324936639,7.41460455861569
ENSSSCG00000013043,3.83888168046947,3.28260055852538
ENSSSCG00000013046,6.60851731268825,6.20061472527398
ENSSSCG00000022687,5.1747318645724,5.25839131041438
ENSSSCG00000013049,2.30462385924679,2.32944629797738
ENSSSCG00000013050,5.73359986282554,6.15786826048653
ENSSSCG00000013048,4.36493782736741,4.06532750825372
ENSSSCG00000031666,3.23839972611689,3.31957451718663
ENSSSCG00000013052,6.86796159856043,6.94063177470842
ENSSSCG00000013054,6.50159482710832,6.76997279367051
ENSSSCG00000026914,5.87111916829035,5.88628074894388
ENSSSCG00000048856,7.79514299305831,8.37698115882141
ENSSSCG00000041050,2.15484323487455,1.34001980880434
ENSSSCG00000044913,-0.357369586612393,1.24711535386201
ENSSSCG00000057738,2.71190019265781,4.00985062733713
ENSSSCG00000056754,3.18589605513591,4.35746837872483
ENSSSCG00000060056,2.28256878788505,3.56641789445968
ENSSSCG00000012992,4.67112665475731,4.31002715611895
ENSSSCG00000013316,7.7978181059172,7.96414229731688
ENSSSCG00000024950,2.15484323487455,2.95853009044781
ENSSSCG00000013318,7.64656610120004,5.96860722766653
ENSSSCG00000013321,3.22110994226279,3.0820225798891
ENSSSCG00000013322,3.86879640775838,3.18077946693977
ENSSSCG00000026083,2.34774757151488,1.63223675073198
ENSSSCG00000013326,5.89675425947212,5.65992551260237
ENSSSCG00000063289,-1.5956269400881,-1.37962819886108
ENSSSCG00000060827,0.503524755598007,0.996201015194988
ENSSSCG00000014255,5.65637779889176,5.04039006321043
ENSSSCG00000030042,5.49311434397645,5.78085602893012
ENSSSCG00000021472,6.28087506749158,6.09927151326304
ENSSSCG00000027565,4.07533158707034,3.96095768663371
ENSSSCG00000023121,4.60601489268144,3.65948623662842
ENSSSCG00000039542,6.3685493906627,6.01372486816322
ENSSSCG00000027779,6.46778713030321,6.32799381286428
ENSSSCG00000029635,0.748463530495347,1.35790376000462
ENSSSCG00000013423,4.69219352483693,4.1601076310431
ENSSSCG00000037642,1.94620374824525,2.31120381804596
ENSSSCG00000013420,0.111554715953384,-1.26570965698543
ENSSSCG00000013419,5.03165371465434,5.11195420794043
ENSSSCG00000013416,5.63259946788818,5.75662492561751
ENSSSCG00000029130,2.05429183424595,2.27401191108018
ENSSSCG00000013418,6.64517021466451,8.06165557374256
ENSSSCG00000013417,-0.163246077098895,0.413188112875905
ENSSSCG00000037432,5.14600790573764,5.29017336795061
ENSSSCG00000013421,8.3668327948033,8.33372211968623
ENSSSCG00000013425,2.57343015789845,2.84898464428724
ENSSSCG00000039575,5.23051901992888,5.27965695146664
ENSSSCG00000037102,6.25349901687575,5.83692412671104
ENSSSCG00000013111,0.111554715953384,0.574837615712797
ENSSSCG00000013113,8.29669590212411,5.48177449270833
ENSSSCG00000013110,5.4919134282056,5.52198680456373
ENSSSCG00000013107,6.63487035296243,6.61268054662244
ENSSSCG00000013106,-0.428350711608159,0.926006765743826
ENSSSCG00000013105,2.2601713103169,2.77104214505238
ENSSSCG00000013114,5.84971558794667,4.18286071986411
ENSSSCG00000039551,5.00159053564039,4.85291126056757
ENSSSCG00000039236,0.299003801631898,0.901828647831401
ENSSSCG00000035693,5.30489187017898,5.85277658976806
ENSSSCG00000033442,2.73644627303554,2.79749362501286
ENSSSCG00000027907,8.54385865869299,7.70395723215605
ENSSSCG00000032810,-2.19461582859326,-0.580978849888471
ENSSSCG00000039640,5.72952970812146,5.8637705745315
ENSSSCG00000052718,4.76558442885361,4.62266025503224
ENSSSCG00000040083,2.7764505503789,3.28260055852538
ENSSSCG00000014003,5.43306124504807,5.40751477874947
ENSSSCG00000014004,5.76774026176529,5.81605202912821
ENSSSCG00000055196,-0.163246077098895,-0.0228605115491758
ENSSSCG00000023178,1.09065751143433,0.996201015194988
ENSSSCG00000045555,-3.86672707663002,-0.801432154592459
ENSSSCG00000046741,-1.3010534406464,-0.389789821758014
ENSSSCG00000014088,6.90587739987268,7.20889991571408
ENSSSCG00000035355,2.90472149051255,4.38825075328145
ENSSSCG00000037582,5.06110319747316,3.91639634195172
ENSSSCG00000013056,0.299003801631898,-2.92464516734468
ENSSSCG00000013045,5.66279535333771,5.21489589643943
ENSSSCG00000030610,6.8516694073846,7.51091167297046
ENSSSCG00000040838,6.94808618088007,7.07238668233918
ENSSSCG00000013232,6.19196995860342,5.38697662977849
ENSSSCG00000013231,2.06725074680192,1.16822850108867
ENSSSCG00000013230,-0.428350711608159,-0.969662564375006
ENSSSCG00000032081,5.53569472628634,5.04867214841348
ENSSSCG00000013227,4.64327160330782,4.29849790937015
ENSSSCG00000013226,3.42614608619034,2.94676112973231
ENSSSCG00000013233,6.8900101425835,6.91405771740284
ENSSSCG00000013239,7.058068530548,6.68441765327658
ENSSSCG00000013238,5.56568397115812,4.88101140218015
ENSSSCG00000013237,2.89020946153077,2.92293121210674
ENSSSCG00000013236,-1.5956269400881,0.066857978120369
ENSSSCG00000013241,5.21167570349867,5.10270334271501
ENSSSCG00000013242,4.91104743113559,4.67531450848851
ENSSSCG00000013243,1.66858646664768,1.9711966741643
ENSSSCG00000013244,5.30762469010544,6.16867420196235
ENSSSCG00000013245,6.36396176514179,6.58162502031774
ENSSSCG00000023974,5.36253607657701,5.27965695146664
ENSSSCG00000013266,6.58167392278991,4.67174423425723
ENSSSCG00000013267,4.24460461151598,4.21265050656083
ENSSSCG00000056689,1.91786723757113,1.16822850108867
ENSSSCG00000013269,5.28976812111051,4.95631230251377
ENSSSCG00000013270,5.78647260974917,6.40096847932503
ENSSSCG00000025647,5.56225531932501,5.26076969820633
ENSSSCG00000039500,-0.289717603961706,-0.724143750785594
ENSSSCG00000024545,0.0606232623061967,-0.51439395667637
ENSSSCG00000022404,6.74985244662341,6.15914375666394
ENSSSCG00000028025,3.97575677398994,3.6702614901974
ENSSSCG00000026293,5.78254911957778,4.96070776976846
ENSSSCG00000022866,6.66714881235523,6.64672345813395
ENSSSCG00000038711,5.30489187017898,5.65541333857231
ENSSSCG00000032696,4.15336293804548,3.90427713280898
ENSSSCG00000020665,3.56052356113456,3.1191978017878
ENSSSCG00000025571,5.34535037482733,4.77518642149061
ENSSSCG00000037745,0.425160216794395,1.63223675073198
ENSSSCG00000035472,4.74355289810022,4.39476238604068
ENSSSCG00000028542,7.40159496104775,7.5386177904401
ENSSSCG00000020823,7.75440940515466,7.06083193098778
ENSSSCG00000032197,-0.847537601777033,-2.14284221802902
ENSSSCG00000024917,3.73307896936176,3.44618078884689
ENSSSCG00000023110,5.87573039818272,5.73882067140464
ENSSSCG00000038370,5.41289797757831,4.84342158933854
ENSSSCG00000027847,2.39990043044213,1.10609700495897
ENSSSCG00000058339,4.12884908206675,3.21061181823215
ENSSSCG00000028275,4.60823330057767,4.42688685721638
ENSSSCG00000030653,8.29308069666331,7.73187004758927
ENSSSCG00000020809,6.42501138010562,6.62934232144359
ENSSSCG00000033054,4.4953084177885,4.40339909536784
ENSSSCG00000013061,6.33411635434554,6.36935750109569
ENSSSCG00000013062,6.82187163339062,6.0478661495565
ENSSSCG00000013064,10.5861321003307,9.91598315310162
ENSSSCG00000013235,5.77565723151285,6.1667731428997
ENSSSCG00000013033,5.18219670332411,4.63371303183342
ENSSSCG00000033411,6.30227091605843,6.47964694034051
ENSSSCG00000013405,10.3435745669128,9.97348380599857
ENSSSCG00000020720,8.0368501254462,6.17499303416117
ENSSSCG00000029886,3.02915146757585,2.50823576496658
ENSSSCG00000036546,6.46839783904438,5.76670099627164
ENSSSCG00000022492,5.83368892604318,5.16751539160792
ENSSSCG00000013408,4.36231154140575,6.45908198478453
ENSSSCG00000019944,-1.44083485948891,-0.275097240265819
ENSSSCG00000013406,5.71622183856161,5.60949800047251
ENSSSCG00000032877,3.83130506323569,3.68450443748216
ENSSSCG00000014252,6.56749264137345,6.05610554977489
ENSSSCG00000036570,4.85423596243695,4.26571706684204
ENSSSCG00000061959,1.63416494499211,1.99424877862076
ENSSSCG00000052109,-0.847537601777033,-0.118530588140316
ENSSSCG00000014256,3.12522613144149,1.98276876816261
ENSSSCG00000014257,-0.753389730293386,-1.50331917830221
ENSSSCG00000014258,4.33845731434379,4.37513864775259
ENSSSCG00000013065,4.6942833906491,4.51719109335176
ENSSSCG00000013067,1.30275293821975,-0.969662564375006
ENSSSCG00000013066,3.96886757930672,4.27280450820072
ENSSSCG00000014540,11.001795245607,10.73130215324
ENSSSCG00000023090,1.93210506278503,0.44699951176586
ENSSSCG00000026349,1.97399439525949,2.19662193895553
ENSSSCG00000035645,2.2601713103169,1.88748384057387
ENSSSCG00000052603,1.73505954565087,2.33848175918667
ENSSSCG00000012896,6.03262103505352,5.66082625640328
ENSSSCG00000032003,6.94238265818089,6.5119530360074
ENSSSCG00000060071,0.254375037426665,-0.0228605115491758
ENSSSCG00000012902,6.69976145300094,4.98248644688932
ENSSSCG00000012903,5.2362677947975,5.47769092133892
ENSSSCG00000062981,3.1190164188074,3.17574687812892
ENSSSCG00000012905,4.03302356480932,4.03229801658047
ENSSSCG00000012920,6.36592967694368,5.92653393154798
ENSSSCG00000012909,0.780291912538719,1.77218191355614
ENSSSCG00000012910,4.68590570168791,4.4870363037077
ENSSSCG00000012911,1.90348749886982,0.949786352523971
ENSSSCG00000012912,0.299003801631898,0.973180333493209
ENSSSCG00000012913,6.01182452100477,5.78581894800986
ENSSSCG00000012914,3.88352433256059,4.28687578431891
ENSSSCG00000012915,1.85946778722825,2.8105396921843
ENSSSCG00000012916,5.41416647151584,5.42458613479984
ENSSSCG00000027956,5.57478740485606,5.91374447065838
ENSSSCG00000012917,4.64543349794003,4.44791253296088
ENSSSCG00000012918,6.34146911598922,6.274857756283
ENSSSCG00000024189,6.68617482875414,5.1000493064153
ENSSSCG00000014343,8.31599513479116,8.58037443373961
ENSSSCG00000026606,7.47028050685156,7.38547549132064
ENSSSCG00000026423,1.03896948409484,2.2927277096796
ENSSSCG00000029239,0.464874497983746,-0.883096611932229
ENSSSCG00000014347,1.61664122769751,1.88748384057387
ENSSSCG00000014348,4.72935560734964,4.59465207362306
ENSSSCG00000014356,5.45787539088052,5.34500181549893
ENSSSCG00000014351,2.75258133899587,2.22613179775697
ENSSSCG00000014349,4.11643416412382,4.43533393405449
ENSSSCG00000036711,6.37051105888717,5.94883063600505
ENSSSCG00000029541,5.29528602734721,4.93859527985266
ENSSSCG00000021082,1.06504496640639,1.20821105392266
ENSSSCG00000050498,2.80767400923913,2.97600545370124
ENSSSCG00000057109,1.06504496640639,2.31120381804596
ENSSSCG00000052091,3.85017251810914,4.47684299811982
ENSSSCG00000037898,7.06978688603674,6.1825392811963
ENSSSCG00000054019,0.00782776903463305,-0.580978849888471
ENSSSCG00000054557,4.14421898484408,4.45208114551679
ENSSSCG00000048979,3.26113509577104,3.57790831911178
ENSSSCG00000014259,4.63676641344048,1.28499803379961
ENSSSCG00000052907,5.61726116770112,0.543924309209927
ENSSSCG00000037358,8.70631456176242,9.493478418821
ENSSSCG00000035393,4.57232280648654,4.40769813818823
ENSSSCG00000054840,0.464874497983746,-1.16013180230037
ENSSSCG00000042767,3.04233714300071,2.87405700009082
ENSSSCG00000013377,-0.428350711608159,-1.95450014976733
ENSSSCG00000013378,1.30275293821975,-1.63861791175253
ENSSSCG00000042162,0.780291912538719,-1.37962819886108
ENSSSCG00000013380,8.77888524945483,5.69640248808014
ENSSSCG00000025406,5.63259946788818,6.59629499744871
ENSSSCG00000013381,8.62456664049957,8.30145201279522
ENSSSCG00000018117,-0.94826101088964,-0.275097240265819
ENSSSCG00000013983,5.72952970812146,5.86063797560017
ENSSSCG00000048546,-2.46613199464794,-0.220998320347156
ENSSSCG00000024671,4.67112665475731,5.41073108303408
ENSSSCG00000029870,0.577851083508549,-2.61458503095514
ENSSSCG00000013992,9.12926393928356,8.56542058491917
ENSSSCG00000013991,5.24769707535591,5.30061368023256
ENSSSCG00000029050,5.11825784971658,4.89638929100478
ENSSSCG00000013990,5.42175410213154,5.05964148476002
ENSSSCG00000013989,0.208321522646333,0.109708133942356
ENSSSCG00000013984,4.40376897767296,4.61710194951013
ENSSSCG00000052478,1.97399439525949,2.63098083117467
ENSSSCG00000013074,3.9409770362239,2.6815635771672
ENSSSCG00000013073,3.78106272098611,2.58616627273042
ENSSSCG00000013072,6.2612732084305,5.14709059810392
ENSSSCG00000024015,6.74884737455326,4.63737855328914
ENSSSCG00000063433,3.28905954937994,3.22042040807826
ENSSSCG00000027538,5.48950859352899,4.77850995091263
ENSSSCG00000013078,5.71313328026637,6.68086986354114
ENSSSCG00000021906,2.76058170235838,2.03927655741885
ENSSSCG00000013088,7.8582481868613,7.956092922317
ENSSSCG00000050990,3.63639506216962,3.41234996988791
ENSSSCG00000013082,5.24199375314019,4.85448682146576
ENSSSCG00000013083,6.75636840307777,6.81112289480901
ENSSSCG00000013084,5.29114957747305,5.07188310834469
ENSSSCG00000037843,5.3212116753743,5.65992551260237
ENSSSCG00000013086,4.54941619211968,5.07188310834469
ENSSSCG00000013087,6.03756790584853,5.54948305114717
ENSSSCG00000013094,7.90861850669732,7.7126702758571
ENSSSCG00000013093,4.34645262770698,1.46078781820194
ENSSSCG00000013092,-3.86672707663002,1.0847773181148
ENSSSCG00000013079,4.36755934111703,4.29386028841113
ENSSSCG00000036669,8.58372045337592,9.54543072619557
ENSSSCG00000050103,-0.0469734082326686,-0.389789821758014
ENSSSCG00000021675,-0.847537601777033,-0.51439395667637
ENSSSCG00000013786,4.80866313856108,5.08804534948429
ENSSSCG00000054846,1.42859580901325,1.88748384057387
ENSSSCG00000013778,4.66047672489061,4.38607366141413
ENSSSCG00000031299,6.92824639797389,6.16550437706804
ENSSSCG00000013784,6.90632819570782,6.972178005929
ENSSSCG00000032842,5.09313489412866,4.96654763850459
ENSSSCG00000013782,2.68692924499126,1.39302001591966
ENSSSCG00000013779,7.43415976044689,7.53469220128774
ENSSSCG00000013776,4.47600234592817,4.46038240857897
ENSSSCG00000013775,6.72092988187324,7.0659410268086
ENSSSCG00000026421,0.577851083508549,0.191769503652254
ENSSSCG00000029125,6.51643548934696,6.29588380831246
ENSSSCG00000040026,-1.76904577456744,-1.37962819886108
ENSSSCG00000023647,-0.503005667143942,0.692264219933096
ENSSSCG00000054759,4.04289765600648,3.80673314746425
ENSSSCG00000014327,5.93525636727138,6.18191193269351
ENSSSCG00000014326,2.56431812880053,1.0847773181148
ENSSSCG00000014325,3.76524480197547,3.50354042332499
ENSSSCG00000051455,0.81143323514119,0.774458752770575
ENSSSCG00000021092,5.53685975992652,5.21244060172016
ENSSSCG00000014331,6.14537473545509,6.77205841464371
ENSSSCG00000014335,4.14727341325436,4.14215931264521
ENSSSCG00000014336,3.74522535331173,4.02951111928058
ENSSSCG00000014337,6.80311213867538,6.65216901669972
ENSSSCG00000014338,7.42883538115803,7.46420669555136
ENSSSCG00000027997,2.19081381452182,3.11394534546385
ENSSSCG00000014329,1.30275293821975,0.480036609493032
ENSSSCG00000061481,-2.19461582859326,-1.06175616837389
ENSSSCG00000014214,3.81218758787805,3.03277361541188
ENSSSCG00000014215,4.35440387570681,4.30312067020258
ENSSSCG00000029866,4.06244538145152,3.86729642700427
ENSSSCG00000013042,1.28066902659574,3.03832948289955
ENSSSCG00000043175,3.95847170903587,3.9492085934676
ENSSSCG00000026837,-0.503005667143942,-1.06175616837389
ENSSSCG00000028290,-1.5956269400881,-1.37962819886108
ENSSSCG00000029095,-0.94826101088964,-1.78793082929158
ENSSSCG00000029549,0.342293330875861,0.306722442383792
ENSSSCG00000026212,-0.428350711608159,-0.580978849888471
ENSSSCG00000023669,-0.753389730293386,-1.50331917830221
ENSSSCG00000027032,0.682619433441756,1.22779433856161
ENSSSCG00000025513,-0.94826101088964,-0.389789821758014
ENSSSCG00000013063,4.79898486119705,4.49311789541798
ENSSSCG00000013890,1.81406255392592,-3.86672707663002
ENSSSCG00000013889,8.68991247429342,8.37464973406619
ENSSSCG00000013888,2.15484323487455,3.19079228287975
ENSSSCG00000013887,0.577851083508549,-2.35951718500686
ENSSSCG00000013886,2.67850861649466,3.42936454257034
ENSSSCG00000013885,2.05429183424595,2.34746098418498
ENSSSCG00000013884,4.75160334516216,4.91613858460875
ENSSSCG00000053735,5.89675425947212,5.45502229919177
ENSSSCG00000013883,3.1190164188074,2.77104214505238
ENSSSCG00000013878,5.69237216821161,5.19015285975934
ENSSSCG00000013879,7.35248499215436,5.97369054367867
ENSSSCG00000040328,-0.225096418835447,-3.86672707663002
ENSSSCG00000059815,5.19995628620226,2.01693833045353
ENSSSCG00000036568,6.25279019045878,4.98823899424338
ENSSSCG00000033453,5.04808869679453,3.64134668663261
ENSSSCG00000041467,0.208321522646333,0.44699951176586
ENSSSCG00000037025,5.91299663596522,5.13157997329872
ENSSSCG00000038440,5.08837524352192,4.27751019935945
ENSSSCG00000039330,5.20289507761488,5.1687823908779
ENSSSCG00000031251,5.29666221263025,5.21121138559863
ENSSSCG00000039295,4.11331366956228,3.65225776258048
ENSSSCG00000031877,3.8798564228418,4.00134198627368
ENSSSCG00000031073,5.99157381381967,5.72682791728462
ENSSSCG00000036575,1.78297855012575,1.57222259459841
ENSSSCG00000013873,6.97498163431484,5.88628074894388
ENSSSCG00000013874,5.08519339692366,4.97960154872618
ENSSSCG00000013875,4.30328960568751,3.96388007011859
ENSSSCG00000013876,7.1507764846894,6.87500325666262
ENSSSCG00000036584,3.61449109850641,4.27280450820072
ENSSSCG00000013869,4.72527344407132,1.50960316311779
ENSSSCG00000013867,6.10509996625872,6.31145465939046
ENSSSCG00000013864,3.74925152860503,3.34669612062099
ENSSSCG00000013863,7.04543585428871,7.01648228394454
ENSSSCG00000029710,3.00914420339244,2.79749362501286
ENSSSCG00000014080,7.34718197063886,6.8558590932036
ENSSSCG00000013018,6.18604156136414,7.02595141926891
ENSSSCG00000013298,4.46135133452517,4.39692641543382
ENSSSCG00000013299,4.793146575977,4.43953899775177
ENSSSCG00000013300,6.5726139760114,7.14274101900585
ENSSSCG00000022741,6.7698082319485,6.52239776751
ENSSSCG00000014447,0.715917087066103,-0.969662564375006
ENSSSCG00000014443,6.15147226279812,4.82425290690119
ENSSSCG00000014448,1.34593178147808,1.50960316311779
ENSSSCG00000014450,4.67747907943328,5.29017336795061
ENSSSCG00000033262,7.71274997832234,7.73700406899829
ENSSSCG00000054578,8.98360645457646,8.88866675083039
ENSSSCG00000032731,6.0652842195982,5.68050165710406
ENSSSCG00000045414,0.342293330875861,-0.331304090129519
ENSSSCG00000060733,2.83823600625996,2.74409661085484
ENSSSCG00000013437,5.54034922659505,5.72854728359712
ENSSSCG00000013436,4.82972953084583,4.22000282322818
ENSSSCG00000013435,6.49920608969366,6.27250249952647
ENSSSCG00000021750,5.75678299993223,5.98596168055907
ENSSSCG00000013434,2.34774757151488,2.07214846811371
ENSSSCG00000056068,-2.19461582859326,0.480036609493032
ENSSSCG00000013433,5.6380381508413,3.70211263386401
ENSSSCG00000026387,3.26676339384565,3.31957451718663
ENSSSCG00000024379,0.957790112127212,0.306722442383792
ENSSSCG00000022265,4.88383722883348,4.84659175376207
ENSSSCG00000023329,1.73505954565087,1.74525785846237
ENSSSCG00000033169,8.7967451118677,8.66215428457214
ENSSSCG00000013427,6.10195483285822,5.9838037562251
ENSSSCG00000023142,3.86137567700507,4.58898459175176
ENSSSCG00000024144,5.40781281905039,5.24042731199528
ENSSSCG00000013426,6.34413358368256,6.83046565867031
ENSSSCG00000038701,0.503524755598007,0.634745314624147
ENSSSCG00000056515,5.33198987840614,4.84817422751139
ENSSSCG00000053466,8.40752559903124,9.09542937917306
ENSSSCG00000013432,5.82417763556749,6.18191193269351
ENSSSCG00000035532,6.78066738214283,6.31889221892843
ENSSSCG00000034339,4.51199186645499,4.70181359813392
ENSSSCG00000013429,6.70028146882374,6.6182558797948
ENSSSCG00000024052,6.8918324009544,6.64672345813395
ENSSSCG00000042865,1.50677891522418,0.306722442383792
ENSSSCG00000062524,-1.76904577456744,-0.883096611932229
ENSSSCG00000039815,4.82019201472572,4.98104471890921
ENSSSCG00000051737,-1.44083485948891,0.826763660403192
ENSSSCG00000052398,1.71872620129392,2.53206007975693
ENSSSCG00000040185,5.32795748262735,5.66532155900572
ENSSSCG00000033323,4.36231154140575,4.51121034764278
ENSSSCG00000035762,5.15362246287191,4.88718224141436
ENSSSCG00000040863,3.26113509577104,3.78376351312905
ENSSSCG00000027984,0.342293330875861,0.109708133942356
ENSSSCG00000010428,-0.94826101088964,3.89205525444354
ENSSSCG00000010429,4.25596829550492,4.32828442689778
ENSSSCG00000010432,-1.1736270562095,-0.650786169073976
ENSSSCG00000034973,5.88399365152538,6.1052394536311
ENSSSCG00000056553,0.87176904556138,0.800848232904328
ENSSSCG00000029088,4.69010062728508,4.79501371303781
ENSSSCG00000010416,3.95149927684613,3.6486298984635
ENSSSCG00000029576,4.65833727221863,5.68935707930839
ENSSSCG00000010446,0.464874497983746,1.79861269456251
ENSSSCG00000010447,11.6255114530474,9.11281328175949
ENSSSCG00000010780,4.38318917007144,4.1447370696053
ENSSSCG00000010779,-0.0469734082326686,0.973180333493209
ENSSSCG00000053907,-0.163246077098895,-0.801432154592459
ENSSSCG00000010448,2.15484323487455,3.36006808825397
ENSSSCG00000010450,8.25093008893958,7.15302039562691
ENSSSCG00000010449,2.69530100957938,1.82456795126936
ENSSSCG00000010451,4.82401459068684,4.81619017188233
ENSSSCG00000053385,-1.5956269400881,-0.389789821758014
ENSSSCG00000010433,5.29528602734721,6.49285866137038
ENSSSCG00000010435,4.75561178512516,4.6895079014773
ENSSSCG00000010437,4.8947829707172,4.13439829093663
ENSSSCG00000062685,5.79915075930658,5.45294374338266
ENSSSCG00000010440,6.64625014532352,6.31317442565946
ENSSSCG00000023141,2.83823600625996,1.91190152903124
ENSSSCG00000031373,-2.80087696638474,-1.06175616837389
ENSSSCG00000010445,2.57343015789845,1.52551466820507
ENSSSCG00000010430,6.21835034237374,6.12037963332441
ENSSSCG00000045184,0.384321665410682,1.34001980880434
ENSSSCG00000032475,3.35395223134525,3.6229761539042
ENSSSCG00000009702,4.08173178280619,3.78706736470701
ENSSSCG00000031537,3.58325587051105,2.73043273786855
ENSSSCG00000009699,0.425160216794395,1.93591281567592
ENSSSCG00000059603,-1.3010534406464,-0.0228605115491758
ENSSSCG00000032048,1.59890203838796,3.72296265486798
ENSSSCG00000030118,3.74925152860503,3.72296265486798
ENSSSCG00000009704,5.81748222468785,6.27132342768344
ENSSSCG00000009705,6.19418684194538,6.41811701389752
ENSSSCG00000022383,0.648535071030343,1.37556872975422
ENSSSCG00000028699,4.11018641085633,3.68095686141744
ENSSSCG00000034740,0.841916534859911,2.12532342728475
ENSSSCG00000026044,6.92380025885433,5.95104147036123
ENSSSCG00000023666,6.68984537130909,6.28248589375344
ENSSSCG00000009708,-0.225096418835447,-2.92464516734468
ENSSSCG00000009709,-1.76904577456744,-1.26570965698543
ENSSSCG00000009711,5.02668648798682,5.110636281969
ENSSSCG00000009713,6.92023345552045,7.23665270204139
ENSSSCG00000009657,6.18306820216798,6.38142954887228
ENSSSCG00000009658,7.2764078989006,6.91707656353768
ENSSSCG00000009659,-0.94826101088964,-1.26570965698543
ENSSSCG00000030130,7.4459907358655,6.64125726700303
ENSSSCG00000009661,-1.44083485948891,-0.118530588140316
ENSSSCG00000009662,-0.94826101088964,1.67566381082393
ENSSSCG00000033325,4.42153859749542,4.34182733773723
ENSSSCG00000009664,6.56063579204221,6.84757604086295
ENSSSCG00000009666,7.57379807007427,5.34275841940044
ENSSSCG00000009667,-0.753389730293386,-0.0228605115491758
ENSSSCG00000009668,11.6228052481389,12.6239846714291
ENSSSCG00000020846,8.25677503400978,7.65800673310039
ENSSSCG00000024972,5.58721156624556,5.13027986242291
ENSSSCG00000009670,0.299003801631898,-0.331304090129519
ENSSSCG00000009671,1.71872620129392,0.306722442383792
ENSSSCG00000009672,6.75836740640761,4.09495428970218
ENSSSCG00000009673,-2.80087696638474,-0.969662564375006
ENSSSCG00000009674,4.63676641344048,4.57184732420147
ENSSSCG00000009676,5.86092228191959,6.50745347019568
ENSSSCG00000058717,1.30275293821975,0.877238412496071
ENSSSCG00000052939,4.4953084177885,3.98417266274327
ENSSSCG00000009679,3.88718294062455,4.25143686688948
ENSSSCG00000009680,6.05149262064212,5.58408238461635
ENSSSCG00000009681,4.03961379546962,3.96095768663371
ENSSSCG00000009682,2.38961959335877,3.24945229500085
ENSSSCG00000009683,6.17710303632363,6.36383663435869
ENSSSCG00000009684,3.90172529216755,3.24945229500085
ENSSSCG00000060564,-0.163246077098895,-1.63861791175253
ENSSSCG00000009691,-0.428350711608159,-2.61458503095514
ENSSSCG00000031889,7.55925214627645,5.64087880916913
ENSSSCG00000028713,-0.428350711608159,-3.32011714393106
ENSSSCG00000056245,2.17892299365621,2.51622099743307
ENSSSCG00000058977,-0.289717603961706,1.12710621877915
ENSSSCG00000057597,5.82798967969071,6.27073353020727
ENSSSCG00000042705,-0.503005667143942,-1.95450014976733
ENSSSCG00000062054,0.577851083508549,0.343090997642991
ENSSSCG00000046589,2.83823600625996,1.98276876816261
ENSSSCG00000058445,-0.289717603961706,-1.16013180230037
ENSSSCG00000043271,1.09065751143433,-1.06175616837389
ENSSSCG00000048264,0.00782776903463305,-0.168854921246468
ENSSSCG00000044295,1.25824180569868,-3.86672707663002
ENSSSCG00000009866,0.299003801631898,1.60254171360028
ENSSSCG00000009868,4.27004817449682,4.4809289668584
ENSSSCG00000034386,8.60831126066055,8.29290733615118
ENSSSCG00000030222,5.84502031703826,5.55239823372795
ENSSSCG00000009821,6.90497538540457,6.44084399202381
ENSSSCG00000009820,4.759609118734,4.81942067508642
ENSSSCG00000009822,3.67500316435656,3.1191978017878
ENSSSCG00000009823,6.1315603368802,6.06973416903076
ENSSSCG00000009824,2.83823600625996,3.6738354311559
ENSSSCG00000009825,4.73342625256695,5.27142418657703
ENSSSCG00000009826,5.94844919286667,5.94143662332774
ENSSSCG00000009827,2.24884081421465,2.2927277096796
ENSSSCG00000010189,5.04153715377392,5.45294374338266
ENSSSCG00000009872,6.00342124384472,5.90084061662101
ENSSSCG00000009844,8.45359382806068,6.59817707815047
ENSSSCG00000009845,2.05429183424595,2.301995340821
ENSSSCG00000010190,4.34645262770698,-0.801432154592459
ENSSSCG00000009849,6.39255885793772,6.5332593640643
ENSSSCG00000009850,5.95194699928172,4.75508283732832
ENSSSCG00000010210,1.70220582089016,2.00563815946422
ENSSSCG00000009851,7.94987394279472,7.94799838452228
ENSSSCG00000009852,7.67462287442137,5.83772090050285
ENSSSCG00000010211,7.89141595551519,6.97941652189979
ENSSSCG00000009853,6.69089238476662,6.09327878296554
ENSSSCG00000009854,2.85327760027406,3.23983976676193
ENSSSCG00000009855,1.11582327058225,1.55682069776002
ENSSSCG00000009881,6.6001822809789,5.95838654504441
ENSSSCG00000046640,1.75121004166391,1.81164869165001
ENSSSCG00000024081,4.20996643151759,4.16265354534145
ENSSSCG00000010226,6.36067593517081,7.03014005634366
ENSSSCG00000036476,6.76235712272949,7.49811700409178
ENSSSCG00000044108,-3.86672707663002,-0.801432154592459
ENSSSCG00000010203,8.63575584867255,8.60749096518621
ENSSSCG00000030289,6.97197003942011,6.64808677598688
ENSSSCG00000010204,2.95439396897898,3.49548449808059
ENSSSCG00000039130,10.3739197569002,10.0148894072075
ENSSSCG00000039215,1.61664122769751,0.480036609493032
ENSSSCG00000010209,3.06189241331493,2.6815635771672
ENSSSCG00000023776,3.18589605513591,2.2065257784872
ENSSSCG00000036039,5.34933451523888,5.24523962503824
ENSSSCG00000009873,4.55172328966111,4.80645503143421
ENSSSCG00000009874,4.055958857509,5.17887852606734
ENSSSCG00000009875,4.59710699083293,4.82586006078474
ENSSSCG00000009876,6.13233128360218,6.02286179249524
ENSSSCG00000024418,5.32526294361884,6.22822201477353
ENSSSCG00000031589,2.05429183424595,1.92395712532492
ENSSSCG00000028345,4.93951689313395,5.12114613240466
ENSSSCG00000034479,4.85983266151564,4.29618096237515
ENSSSCG00000010196,4.38059592931627,4.35746837872483
ENSSSCG00000009877,6.42626927250903,6.27662167896429
ENSSSCG00000009879,6.13925132758869,6.19937538742158
ENSSSCG00000023596,2.76853794482827,2.40019345180835
ENSSSCG00000037204,5.21167570349867,5.51004035985401
ENSSSCG00000010198,5.17023435078468,5.46124005878232
ENSSSCG00000009880,4.17447610978098,3.98417266274327
ENSSSCG00000010199,1.11582327058225,-0.0699026685752995
ENSSSCG00000010200,4.43159525549974,4.5330195869449
ENSSSCG00000010201,2.22590931707906,0.109708133942356
ENSSSCG00000009856,5.63041824091126,5.50703822750917
ENSSSCG00000009858,6.9072293650204,7.06526085850837
ENSSSCG00000009859,1.82935696214862,2.35638466866671
ENSSSCG00000009860,3.98943724956418,4.02951111928058
ENSSSCG00000023525,2.73644627303554,1.95953100743037
ENSSSCG00000033268,4.47600234592817,4.67531450848851
ENSSSCG00000009862,2.59148335847871,1.64685816540168
ENSSSCG00000010219,4.75561178512516,5.56303712057341
ENSSSCG00000035873,5.12447082125399,4.97236396337386
ENSSSCG00000039707,0.682619433441756,0.720185961482743
ENSSSCG00000010221,3.39050069294677,2.99898145657284
ENSSSCG00000009864,6.2320812507618,7.38656489934673
ENSSSCG00000010222,1.03896948409484,1.12710621877915
ENSSSCG00000010224,2.4101085229922,2.7166382149345
ENSSSCG00000009865,4.87465190882293,4.46038240857897
ENSSSCG00000036480,0.577851083508549,-1.78793082929158
ENSSSCG00000009828,7.32678346590728,7.73614966651695
ENSSSCG00000031360,2.75258133899587,3.2056824019525
ENSSSCG00000050888,-1.3010534406464,-0.883096611932229
ENSSSCG00000053231,1.42859580901325,1.0847773181148
ENSSSCG00000054886,1.75121004166391,-0.389789821758014
ENSSSCG00000061698,-0.94826101088964,-1.95450014976733
ENSSSCG00000056882,-0.753389730293386,-0.51439395667637
ENSSSCG00000045125,-0.94826101088964,-1.50331917830221
ENSSSCG00000061632,0.342293330875861,0.378565244869403
ENSSSCG00000062855,-1.44083485948891,0.0226960489355265
ENSSSCG00000059919,-0.503005667143942,0.44699951176586
ENSSSCG00000050213,3.15587999024382,3.47514565515157
ENSSSCG00000009831,5.72237918945652,5.85671263735965
ENSSSCG00000009832,3.27795454322447,4.12398488641457
ENSSSCG00000009833,4.78532526086001,5.21612197859294
ENSSSCG00000009834,6.85447545353779,7.11013761249202
ENSSSCG00000040595,5.24484823257263,5.2631441715053
ENSSSCG00000009836,4.80673267023534,5.1367687321955
ENSSSCG00000009839,4.09444761981556,2.77104214505238
ENSSSCG00000009840,6.91576251476804,6.21785458717621
ENSSSCG00000059472,2.21430541888211,1.0847773181148
ENSSSCG00000009842,4.488098882623,4.00418377936075
ENSSSCG00000010109,4.781398644916,4.34631353672184
ENSSSCG00000034656,1.94620374824525,1.49351421091838
ENSSSCG00000010116,8.0708270009417,5.82250643452712
ENSSSCG00000010117,-0.753389730293386,-1.78793082929158
ENSSSCG00000062065,0.957790112127212,-1.63861791175253
ENSSSCG00000010138,4.81059102718122,4.81295241865224
ENSSSCG00000010139,-0.357369586612393,-1.26570965698543
ENSSSCG00000010141,0.160749279997622,-2.92464516734468
ENSSSCG00000010188,4.88749504449792,5.54168030917606
ENSSSCG00000033787,3.9196994873672,3.92241798179191
ENSSSCG00000032073,3.816031403068,3.56641789445968
ENSSSCG00000038132,7.40988481531925,8.17522747573503
ENSSSCG00000038765,2.93331482807627,2.96437876298604
ENSSSCG00000010179,4.83731440511544,4.70356301757871
ENSSSCG00000010180,5.49910397360211,4.65737412138036
ENSSSCG00000010181,6.59067732910345,5.01525465829873
ENSSSCG00000010184,2.86073999404779,2.94084044994871
ENSSSCG00000010183,5.67130792573559,5.62435050176156
ENSSSCG00000009791,7.09531612396392,7.34485818984214
ENSSSCG00000021027,2.53663155909393,1.37556872975422
ENSSSCG00000009792,5.50268585138767,5.77919792139308
ENSSSCG00000010185,7.69041369245638,7.5400871368937
ENSSSCG00000010186,3.43617078895197,3.75368335878949
ENSSSCG00000010187,5.07560553404943,4.95337453350582
ENSSSCG00000010128,5.70693625642516,5.26788142601805
ENSSSCG00000009793,6.83661094908168,7.98064872351699
ENSSSCG00000028005,4.03961379546962,4.14731022893322
ENSSSCG00000009799,5.61395306513871,5.30061368023256
ENSSSCG00000037762,4.11954792373899,4.35301678640405
ENSSSCG00000010130,4.44158229611923,4.43322679702533
ENSSSCG00000009796,7.2122272962929,7.32794537150005
ENSSSCG00000010131,4.1226549774172,4.2418375966162
ENSSSCG00000057840,-0.289717603961706,1.20821105392266
ENSSSCG00000009794,6.60463362304902,7.39416780837922
ENSSSCG00000009801,4.69845406209943,4.79337180674343
ENSSSCG00000009802,3.42614608619034,3.68095686141744
ENSSSCG00000010132,7.10162846630265,6.51245212259697
ENSSSCG00000036483,5.73664496094689,5.58408238461635
ENSSSCG00000060069,4.82210456874677,4.0211179798514
ENSSSCG00000049371,-0.225096418835447,-1.06175616837389
ENSSSCG00000036280,7.85287921323184,7.66228594546121
ENSSSCG00000010114,4.61265990889702,4.56993055639219
ENSSSCG00000010133,5.50387783715534,5.749021419687
ENSSSCG00000010134,5.27168776448219,5.31212609849812
ENSSSCG00000051618,6.32200313941229,6.84797155216588
ENSSSCG00000009807,4.38059592931627,4.09761770689552
ENSSSCG00000009808,3.0811861591189,2.61619678245007
ENSSSCG00000010135,6.12382812574471,6.33985317489551
ENSSSCG00000009809,5.8298919311715,5.42458613479984
ENSSSCG00000034510,5.77959948375443,5.12114613240466
ENSSSCG00000010136,5.51574383964402,5.4581345286645
ENSSSCG00000045641,0.648535071030343,0.747577553315015
ENSSSCG00000052847,0.780291912538719,1.16822850108867
ENSSSCG00000038308,6.18826756614202,6.04924265486518
ENSSSCG00000037811,4.66474613555531,4.23217402754572
ENSSSCG00000010160,5.60620453166219,5.91298860692465
ENSSSCG00000010161,3.57420588393168,2.93489537211092
ENSSSCG00000010162,3.78106272098611,2.84898464428724
ENSSSCG00000009814,6.23854003242142,6.03472342602091
ENSSSCG00000010163,6.37833116680587,6.14311842497325
ENSSSCG00000009815,8.16293281711872,7.47500156997367
ENSSSCG00000010164,5.37561792995261,6.67775837452312
ENSSSCG00000051205,5.67765955404994,5.34275841940044
ENSSSCG00000009817,3.00241297879237,4.44373184044422
ENSSSCG00000009818,5.95369272746601,5.86923630852542
ENSSSCG00000010118,6.20375416600893,6.08726105593196
ENSSSCG00000034014,4.97433142754565,4.56608936394891
ENSSSCG00000009798,7.46997558301303,7.65823227152155
ENSSSCG00000046470,-1.5956269400881,0.151322202724095
ENSSSCG00000040740,5.35330768335951,5.01947442160313
ENSSSCG00000052153,4.64327160330782,5.34388055351079
ENSSSCG00000047352,-1.44083485948891,-1.37962819886108
ENSSSCG00000044582,-2.80087696638474,-0.969662564375006
ENSSSCG00000010121,5.83368892604318,5.81119220423344
ENSSSCG00000061530,-0.753389730293386,-0.969662564375006
ENSSSCG00000053471,3.19182504910006,3.35562452275147
ENSSSCG00000047016,-0.428350711608159,-2.61458503095514
ENSSSCG00000061477,1.42859580901325,2.28340015971318
ENSSSCG00000058305,-1.44083485948891,-1.37962819886108
ENSSSCG00000063011,7.10555970090232,6.70246439155965
ENSSSCG00000052310,3.54671023363404,3.57408833700288
ENSSSCG00000029803,4.60379306832259,4.88101140218015
ENSSSCG00000010122,3.41097720151772,3.84210527044791
ENSSSCG00000010170,0.748463530495347,0.512334077457971
ENSSSCG00000010171,5.03825019147093,4.59276538571074
ENSSSCG00000010172,5.64020789619698,5.67337797395124
ENSSSCG00000040087,3.687646296855,3.72640854973368
ENSSSCG00000010175,5.61726116770112,5.49900186457641
ENSSSCG00000010176,3.1619333712404,3.47923642708306
ENSSSCG00000036472,2.61814651954306,2.62360774421201
ENSSSCG00000038652,0.160749279997622,0.973180333493209
ENSSSCG00000010092,7.06333336025553,7.21013110200971
ENSSSCG00000010094,4.86355176858138,4.20031276270457
ENSSSCG00000010095,6.44376556764054,6.72546349733663
ENSSSCG00000010096,4.10391148326593,3.97551076433885
ENSSSCG00000010097,6.0956439214639,5.93846837483039
ENSSSCG00000031713,3.44115713916546,2.7166382149345
ENSSSCG00000010258,3.62329263130676,4.084251176488
ENSSSCG00000010259,5.93966739413813,4.43953899775177
ENSSSCG00000010260,7.75290629214324,7.00624202392483
ENSSSCG00000010327,5.01168136260575,5.05690695987229
ENSSSCG00000039544,10.0600550174367,9.52399535423737
ENSSSCG00000035600,1.14055756446698,0.480036609493032
ENSSSCG00000010235,4.58589420574893,5.42458613479984
ENSSSCG00000038913,5.11045381932217,5.45294374338266
ENSSSCG00000010241,2.59148335847871,2.98178384945335
ENSSSCG00000010243,6.38804706685035,6.19378515425394
ENSSSCG00000010245,6.34413358368256,5.63539038621602
ENSSSCG00000010246,6.46839783904438,5.21366877140704
ENSSSCG00000010247,6.64786852710494,6.77122452802696
ENSSSCG00000010248,4.59263232899805,4.72611450829995
ENSSSCG00000028559,2.01470169144954,1.01886012427252
ENSSSCG00000031694,3.77712447056215,3.82291897360472
ENSSSCG00000023374,3.72492419254139,3.92541940275633
ENSSSCG00000009589,3.83888168046947,3.32413033988791
ENSSSCG00000010250,6.17859664166499,6.04579892592075
ENSSSCG00000010251,3.56052356113456,4.04339208042293
ENSSSCG00000009605,1.06504496640639,-0.801432154592459
ENSSSCG00000010252,4.85423596243695,3.54315879779995
ENSSSCG00000010253,7.01649689062695,7.13465898213319
ENSSSCG00000009580,4.30328960568751,1.46078781820194
ENSSSCG00000039841,-0.428350711608159,-0.389789821758014
ENSSSCG00000021161,4.64543349794003,3.28727445730918
ENSSSCG00000028033,5.58721156624556,5.52099503718258
ENSSSCG00000010254,0.342293330875861,0.949786352523971
ENSSSCG00000036152,5.52399235090656,5.09205777636976
ENSSSCG00000009584,5.58496057151398,5.1367687321955
ENSSSCG00000040498,-1.1736270562095,-1.16013180230037
ENSSSCG00000010256,2.04121546325762,2.6815635771672
ENSSSCG00000035249,6.36330519756988,4.68774134494592
ENSSSCG00000009591,4.48568767572668,4.96363065902673
ENSSSCG00000009592,5.12756730217473,6.18504595076839
ENSSSCG00000010278,4.84673976261837,5.23438925913422
ENSSSCG00000038545,-0.94826101088964,-0.450747065242323
ENSSSCG00000010280,4.17746721150633,3.55483521845066
ENSSSCG00000010281,9.67822473188475,9.45770940993975
ENSSSCG00000009630,-1.96619539223541,-0.969662564375006
ENSSSCG00000009631,4.66900294889557,-0.220998320347156
ENSSSCG00000009638,4.52848458975949,5.32922428713156
ENSSSCG00000023662,4.41141134471524,4.21755621188446
ENSSSCG00000010283,5.53219396984086,6.28890911750051
ENSSSCG00000009633,4.2978022842804,4.75508283732832
ENSSSCG00000058071,4.87833305750333,4.88101140218015
ENSSSCG00000023130,5.66492820995438,5.43620660049854
ENSSSCG00000033113,5.48830467128222,5.04729509840518
ENSSSCG00000039915,4.70882829460585,4.2538267377516
ENSSSCG00000061761,6.13310181856604,5.94143662332774
ENSSSCG00000033608,5.14141980543043,3.34669612062099
ENSSSCG00000031871,6.15678654043079,6.02286179249524
ENSSSCG00000031888,6.74532409799598,6.97145215281407
ENSSSCG00000010288,5.73359986282554,4.92366305619213
ENSSSCG00000010289,6.06366850491424,5.68935707930839
ENSSSCG00000033037,4.03961379546962,4.28687578431891
ENSSSCG00000031924,1.324503892854,1.64685816540168
ENSSSCG00000009642,3.24411724595056,2.31120381804596
ENSSSCG00000010290,5.93171780956851,5.84487213166651
ENSSSCG00000009644,5.0133563264685,6.08592036762572
ENSSSCG00000010292,6.66395327166227,6.68839851591112
ENSSSCG00000033301,4.34379244348994,3.96095768663371
ENSSSCG00000052117,4.01641506675361,4.19285915148559
ENSSSCG00000025492,4.61927445861329,4.40555021810072
ENSSSCG00000010295,3.86879640775838,3.6702614901974
ENSSSCG00000026898,4.74355289810022,4.84659175376207
ENSSSCG00000010100,4.33578233293437,4.31002715611895
ENSSSCG00000051958,-2.19461582859326,-1.26570965698543
ENSSSCG00000023482,5.07880857345122,5.32127034309977
ENSSSCG00000010101,4.33578233293437,4.0267188280262
ENSSSCG00000010298,7.33551320222918,7.5066593787436
ENSSSCG00000009645,0.208321522646333,1.20821105392266
ENSSSCG00000009646,0.81143323514119,-3.86672707663002
ENSSSCG00000010299,6.41680823663089,6.42820334110846
ENSSSCG00000010102,5.05786056230983,4.87946455938814
ENSSSCG00000052017,-0.163246077098895,-1.63861791175253
ENSSSCG00000010300,3.82368844563602,4.5132066856359
ENSSSCG00000010301,6.2829595567799,6.32515572801336
ENSSSCG00000009648,2.11795282114626,-1.95450014976733
ENSSSCG00000010104,2.38961959335877,2.47584537890216
ENSSSCG00000010105,6.1507114797489,6.13471436817397
ENSSSCG00000009650,3.71672305901307,4.19036603229008
ENSSSCG00000010106,4.40632093419752,4.0461523175502
ENSSSCG00000010302,6.24497002767552,6.6302623574745
ENSSSCG00000010107,6.10980484763824,6.05199173168006
ENSSSCG00000009593,3.41097720151772,2.82989022463114
ENSSSCG00000009594,5.77466998295522,5.88551035457563
ENSSSCG00000010108,4.68590570168791,4.75845294902904
ENSSSCG00000010142,3.77317544011881,2.82989022463114
ENSSSCG00000010304,0.81143323514119,0.151322202724095
ENSSSCG00000010303,0.254375037426665,-1.06175616837389
ENSSSCG00000009595,0.613625923982859,0.826763660403192
ENSSSCG00000051966,0.682619433441756,1.0847773181148
ENSSSCG00000010306,6.99588858864472,6.59441045825417
ENSSSCG00000033204,0.715917087066103,-2.92464516734468
ENSSSCG00000040631,4.5143595446808,4.23459599495222
ENSSSCG00000009601,0.54116651967454,-1.37962819886108
ENSSSCG00000028694,6.35738260442575,6.17877109165454
ENSSSCG00000010143,4.74355289810022,5.90996118559662
ENSSSCG00000010144,0.00782776903463305,-0.969662564375006
ENSSSCG00000030228,-0.163246077098895,1.63223675073198
ENSSSCG00000032622,4.63241326713755,4.46863617933797
ENSSSCG00000057024,4.51672334355842,4.26571706684204
ENSSSCG00000010145,4.80866313856108,5.39565993424869
ENSSSCG00000010146,5.77664380494981,5.95471868211965
ENSSSCG00000009626,5.76277000237864,5.28784300238516
ENSSSCG00000009625,2.38961959335877,2.73728085074703
ENSSSCG00000009627,4.17447610978098,4.57184732420147
ENSSSCG00000025986,2.09282450672441,2.41735114660964
ENSSSCG00000009628,7.44164323508627,7.21810830399623
ENSSSCG00000010148,4.59487139474076,4.37513864775259
ENSSSCG00000009629,4.28676462830034,4.35968903450673
ENSSSCG00000038853,4.8947829707172,5.08804534948429
ENSSSCG00000026819,6.72757748224406,7.49433216956756
ENSSSCG00000057206,1.58094201213036,0.543924309209927
ENSSSCG00000057404,-0.847537601777033,0.066857978120369
ENSSSCG00000042510,-1.44083485948891,0.512334077457971
ENSSSCG00000045477,4.07212081022427,4.72955289209655
ENSSSCG00000010151,4.7374854445382,5.24283547503455
ENSSSCG00000061246,-0.357369586612393,-0.331304090129519
ENSSSCG00000035523,5.6050941932154,5.70078846036599
ENSSSCG00000010308,4.1380906590801,4.15500228440099
ENSSSCG00000010309,7.33417359929345,6.92908917235939
ENSSSCG00000010310,5.46401280870366,5.38588753273133
ENSSSCG00000010311,5.99750969020378,5.54948305114717
ENSSSCG00000033307,1.40836959521317,-0.168854921246468
ENSSSCG00000033692,5.88947630976878,5.76167175758823
ENSSSCG00000034844,4.47113518848414,4.2418375966162
ENSSSCG00000010312,4.10391148326593,3.72296265486798
ENSSSCG00000031680,5.09945676650454,5.46846040399612
ENSSSCG00000060488,5.75277781731683,6.34041548204418
ENSSSCG00000010313,8.76888050000699,8.26074059580096
ENSSSCG00000055425,4.72527344407132,4.65375911640063
ENSSSCG00000010158,7.16742098641725,7.23120533243485
ENSSSCG00000026176,2.74453636267091,2.09365420909009
ENSSSCG00000041667,3.26676339384565,4.22244529248072
ENSSSCG00000010174,4.21288492323123,4.54672847918218
ENSSSCG00000010089,0.464874497983746,-0.650786169073976
ENSSSCG00000048933,0.577851083508549,2.365253495496
ENSSSCG00000053027,-0.428350711608159,0.066857978120369
ENSSSCG00000041594,-0.289717603961706,-0.220998320347156
ENSSSCG00000054443,5.14295079401734,4.52116452730636
ENSSSCG00000046111,-0.94826101088964,-1.63861791175253
ENSSSCG00000050944,-0.289717603961706,-0.0699026685752995
ENSSSCG00000043646,1.06504496640639,1.32191137878578
ENSSSCG00000044112,1.21231354325694,1.63223675073198
ENSSSCG00000062278,-0.581735609749139,1.04116884334027
ENSSSCG00000059534,-0.428350711608159,0.774458752770575
ENSSSCG00000057250,-1.44083485948891,-0.51439395667637
ENSSSCG00000057341,0.254375037426665,1.12710621877915
ENSSSCG00000044783,-1.05654789507939,0.0226960489355265
ENSSSCG00000050163,-1.44083485948891,-0.883096611932229
ENSSSCG00000051194,2.00125981237482,2.28340015971318
ENSSSCG00000061668,1.84449092952033,2.60125966392602
ENSSSCG00000061097,1.65147836204809,1.63223675073198
ENSSSCG00000044931,-1.96619539223541,-1.37962819886108
ENSSSCG00000010314,6.51879589209615,6.44503304928063
ENSSSCG00000010315,4.71295718940714,4.5330195869449
ENSSSCG00000010703,7.8622037560673,7.65145073402462
ENSSSCG00000010316,5.42175410213154,5.9443987773892
ENSSSCG00000010702,7.37968587411234,6.96344357240768
ENSSSCG00000010317,4.43159525549974,3.93140357668263
ENSSSCG00000010728,8.39408846018957,8.03637065217389
ENSSSCG00000010319,4.46869543833704,4.82586006078474
ENSSSCG00000035105,-1.3010534406464,0.151322202724095
ENSSSCG00000040586,4.3727881211328,4.40984286515256
ENSSSCG00000010320,7.14925378261805,6.86213822386567
ENSSSCG00000024388,6.43754122070056,5.88705073214365
ENSSSCG00000037237,4.02640309177669,4.63920782748786
ENSSSCG00000010765,6.36527400455728,5.83213422087303
ENSSSCG00000010322,5.6860851253102,5.7924097272081
ENSSSCG00000034308,0.901016344624057,-0.0228605115491758
ENSSSCG00000010719,3.46583360755166,3.98704844379237
ENSSSCG00000058782,2.15484323487455,2.92293121210674
ENSSSCG00000010325,6.35672303516754,7.46084898892907
ENSSSCG00000023865,3.08756049215293,3.6486298984635
ENSSSCG00000010721,2.67003855032607,2.46763286697893
ENSSSCG00000023565,4.44158229611923,5.12114613240466
ENSSSCG00000010723,5.28561579734252,4.94895663282815
ENSSSCG00000010726,6.0652842195982,6.22761422407533
ENSSSCG00000010768,8.84598361636248,9.33913620095015
ENSSSCG00000039199,4.43159525549974,4.57758239510248
ENSSSCG00000056661,2.36883548604693,2.76435279581209
ENSSSCG00000010770,6.85680966339832,6.95649111305211
ENSSSCG00000024633,2.43031054195301,2.88025759321149
ENSSSCG00000026268,7.58341450919559,7.23181161243954
ENSSSCG00000010762,-0.581735609749139,-1.95450014976733
ENSSSCG00000054537,1.42859580901325,2.03927655741885
ENSSSCG00000042315,2.8306559884474,2.47584537890216
ENSSSCG00000061445,-0.581735609749139,-1.16013180230037
ENSSSCG00000056964,0.160749279997622,0.413188112875905
ENSSSCG00000057211,1.38785577819136,1.35790376000462
ENSSSCG00000044237,1.75121004166391,1.67566381082393
ENSSSCG00000053796,1.70220582089016,-0.0699026685752995
ENSSSCG00000059909,1.16487493893756,2.47584537890216
ENSSSCG00000010761,0.384321665410682,-1.50331917830221
ENSSSCG00000010764,5.9761970324872,6.21233563784618
ENSSSCG00000023681,4.16244930073107,4.47684299811982
ENSSSCG00000029482,4.59933912801104,4.35968903450673
ENSSSCG00000037530,6.93267887694136,7.16988613435113
ENSSSCG00000010701,1.65147836204809,-1.16013180230037
ENSSSCG00000010756,5.01502934795898,5.19637851600041
ENSSSCG00000010757,0.648535071030343,0.901828647831401
ENSSSCG00000040426,3.88718294062455,3.6229761539042
ENSSSCG00000010759,5.77664380494981,5.85040979636877
ENSSSCG00000010755,5.29528602734721,5.34836038226007
ENSSSCG00000026302,2.89020946153077,2.24547494246517
ENSSSCG00000010753,6.2499513970359,1.4102627264044
ENSSSCG00000055799,13.5065170294276,9.65572046007667
ENSSSCG00000002980,1.50677891522418,-1.95450014976733
ENSSSCG00000010734,6.9598603969651,7.37590791635371
ENSSSCG00000010735,5.52985540399508,5.65541333857231
ENSSSCG00000010732,5.82417763556749,5.7891181012537
ENSSSCG00000035045,6.10352825662302,6.18879780777977
ENSSSCG00000010772,0.957790112127212,1.79861269456251
ENSSSCG00000010773,6.99376905327788,6.71899143029185
ENSSSCG00000041880,0.425160216794395,-0.883096611932229
ENSSSCG00000048391,2.15484323487455,1.28499803379961
ENSSSCG00000010774,4.34645262770698,4.02951111928058
ENSSSCG00000033363,-1.3010534406464,-0.0228605115491758
ENSSSCG00000034701,0.342293330875861,-2.35951718500686
ENSSSCG00000010791,4.53082537690794,4.43743799797972
ENSSSCG00000038086,7.34817777310652,7.18780737505118
ENSSSCG00000009966,2.62692584736511,0.949786352523971
ENSSSCG00000009951,5.96758302355682,7.43027269799174
ENSSSCG00000033385,6.42752606910567,6.11578854924637
ENSSSCG00000009954,-1.05654789507939,-1.50331917830221
ENSSSCG00000010057,0.901016344624057,-0.168854921246468
ENSSSCG00000010746,5.44676181080894,6.18504595076839
ENSSSCG00000010699,5.19995628620226,5.38588753273133
ENSSSCG00000010700,4.51908327577939,4.63003817349153
ENSSSCG00000052177,-1.44083485948891,-0.450747065242323
ENSSSCG00000042700,1.87429076377796,2.19662193895553
ENSSSCG00000062115,-1.44083485948891,-0.0228605115491758
ENSSSCG00000053237,-0.103938698558373,-0.331304090129519
ENSSSCG00000027988,3.5139553058738,3.88590526779945
ENSSSCG00000045438,-0.665011214899346,-0.389789821758014
ENSSSCG00000053690,-0.289717603961706,0.720185961482743
ENSSSCG00000010056,4.97948189710991,4.63920782748786
ENSSSCG00000048831,-0.0469734082326686,-0.450747065242323
ENSSSCG00000010055,4.14727341325436,3.55483521845066
ENSSSCG00000025393,5.79038545870158,5.06917171013684
ENSSSCG00000009999,5.13374039696751,4.67174423425723
ENSSSCG00000010002,7.2592174234307,7.16386257287842
ENSSSCG00000056371,6.3267259269668,6.67151519200231
ENSSSCG00000010005,5.23913361470931,5.22467550126405
ENSSSCG00000010006,2.79993126747808,3.28727445730918
ENSSSCG00000010007,3.4160512381393,3.85790121470869
ENSSSCG00000060999,5.9761970324872,6.12626106866624
ENSSSCG00000038709,3.46583360755166,3.95802937142891
ENSSSCG00000010062,6.78066738214283,6.72028816852959
ENSSSCG00000057266,4.8182769219013,4.4870363037077
ENSSSCG00000035836,3.84265511981395,3.38208290956991
ENSSSCG00000010025,5.90580036805501,6.8163872195642
ENSSSCG00000010026,5.6050941932154,6.46940110525246
ENSSSCG00000010027,6.09247808308896,6.46115172206649
ENSSSCG00000010029,5.2674829985145,5.15733913976995
ENSSSCG00000010030,4.87096134337243,5.20504954584646
ENSSSCG00000009957,-0.581735609749139,-2.35951718500686
ENSSSCG00000009958,0.464874497983746,3.28727445730918
ENSSSCG00000009959,2.34774757151488,2.12532342728475
ENSSSCG00000009960,5.08200451728677,5.30176906487207
ENSSSCG00000050530,0.841916534859911,1.42730178812359
ENSSSCG00000009962,5.85532981644919,5.93846837483039
ENSSSCG00000009963,5.40781281905039,5.06917171013684
ENSSSCG00000010009,1.82935696214862,1.95953100743037
ENSSSCG00000010010,6.40026068064704,6.47709229517233
ENSSSCG00000010011,7.92584070338494,7.45981427427395
ENSSSCG00000010012,1.84449092952033,0.926006765743826
ENSSSCG00000033833,5.09629929310995,5.37385288625834
ENSSSCG00000010014,-2.19461582859326,-1.16013180230037
ENSSSCG00000010015,1.46821691359075,1.74525785846237
ENSSSCG00000010016,6.5105175313027,6.32231204904547
ENSSSCG00000020912,2.69530100957938,1.74525785846237
ENSSSCG00000010464,4.54015072985995,4.06260374976503
ENSSSCG00000010465,6.80649723948261,6.97072593432188
ENSSSCG00000010017,9.08743759915495,8.30707253299923
ENSSSCG00000010528,5.60398299956286,5.36503692747315
ENSSSCG00000010529,0.00782776903463305,-1.16013180230037
ENSSSCG00000040359,-0.0469734082326686,0.231113683523015
ENSSSCG00000010530,1.82935696214862,-0.0228605115491758
ENSSSCG00000029781,6.77771389259409,4.2538267377516
ENSSSCG00000030345,3.88718294062455,2.86157528753835
ENSSSCG00000010513,2.61814651954306,4.06532750825372
ENSSSCG00000010023,2.70362447409169,1.50960316311779
ENSSSCG00000010507,-0.753389730293386,-1.37962819886108
ENSSSCG00000010508,7.82811162862103,7.5655613760037
ENSSSCG00000010509,5.78058336591704,6.38306793829937
ENSSSCG00000010476,7.52473022014047,7.33134383398032
ENSSSCG00000009956,6.96116273122664,7.0676400459497
ENSSSCG00000010533,3.47558721383388,3.72984623364515
ENSSSCG00000010534,5.09155008803588,5.09472654135632
ENSSSCG00000010535,3.20946722096746,3.02719626934888
ENSSSCG00000010536,-0.357369586612393,0.151322202724095
ENSSSCG00000010467,5.24769707535591,5.25839131041438
ENSSSCG00000010468,2.94740175361121,2.365253495496
ENSSSCG00000039887,6.27948373286639,5.95765371808498
ENSSSCG00000010470,5.73359986282554,5.4288225962667
ENSSSCG00000010471,2.36883548604693,2.32035389170899
ENSSSCG00000036314,1.30275293821975,1.4441419554549
ENSSSCG00000010473,3.46583360755166,3.21552444896481
ENSSSCG00000061268,4.5677704875085,3.66667867364077
ENSSSCG00000010454,5.38729102706197,5.63905165381703
ENSSSCG00000010455,-1.76904577456744,-1.16013180230037
ENSSSCG00000010456,4.04617405879646,5.05279542960736
ENSSSCG00000031346,6.802143506356,4.43743799797972
ENSSSCG00000039261,3.07478353700702,1.6898537845966
ENSSSCG00000010457,2.72831056127704,2.73043273786855
ENSSSCG00000009967,6.4635049152046,6.31374722581743
ENSSSCG00000010459,2.14265094238106,1.37556872975422
ENSSSCG00000010531,2.42024489322316,3.45866557709305
ENSSSCG00000010532,0.780291912538719,2.92293121210674
ENSSSCG00000010512,1.84449092952033,-0.724143750785594
ENSSSCG00000037185,4.055958857509,4.12659529266051
ENSSSCG00000010514,5.67765955404994,5.64998003524179
ENSSSCG00000010517,5.94406497542995,5.0236818784366
ENSSSCG00000010518,4.94654733494036,4.989673554231
ENSSSCG00000010519,4.9164284248884,4.79008237762343
ENSSSCG00000010520,5.85719638138051,6.03054809416432
ENSSSCG00000010521,4.64974759254066,4.25143686688948
ENSSSCG00000010522,0.780291912538719,-3.32011714393106
ENSSSCG00000010523,4.72527344407132,4.44791253296088
ENSSSCG00000036954,4.63676641344048,4.63371303183342
ENSSSCG00000010525,4.14727341325436,4.11086153274621
ENSSSCG00000036824,4.28953196919945,4.37733229115711
ENSSSCG00000009968,5.75378015586967,5.43515405377909
ENSSSCG00000034864,3.39050069294677,2.15631236722569
ENSSSCG00000034860,4.05270462609372,3.69157352599349
ENSSSCG00000032261,6.2139869742699,6.36549511385698
ENSSSCG00000010460,4.26161674716101,4.72439223849069
ENSSSCG00000030996,8.14890540013618,7.40388447025453
ENSSSCG00000010461,-1.5956269400881,-0.969662564375006
ENSSSCG00000022429,2.89020946153077,-0.0228605115491758
ENSSSCG00000010617,0.425160216794395,0.191769503652254
ENSSSCG00000036083,5.69863193198315,6.16613889945953
ENSSSCG00000010477,0.342293330875861,-0.118530588140316
ENSSSCG00000010478,5.1984846425573,5.86063797560017
ENSSSCG00000010479,3.70847503872281,5.6689077432452
ENSSSCG00000010480,3.87617916405051,3.76377992309802
ENSSSCG00000024359,3.92326760945393,3.91337607062312
ENSSSCG00000010556,5.87480933054608,4.62080986490709
ENSSSCG00000010481,1.63416494499211,-0.168854921246468
ENSSSCG00000027230,2.72831056127704,2.09365420909009
ENSSSCG00000037592,5.52399235090656,6.16041812616282
ENSSSCG00000010483,4.92535238635861,4.79501371303781
ENSSSCG00000029533,4.63459148217061,4.27044589430551
ENSSSCG00000010560,5.15968530371524,4.94748098775896
ENSSSCG00000030428,4.09444761981556,4.43743799797972
ENSSSCG00000021798,7.01858332097399,6.83086588801464
ENSSSCG00000010559,3.26676339384565,0.343090997642991
ENSSSCG00000010484,3.6493795680761,4.17783539855516
ENSSSCG00000022005,4.49290924028409,3.14517701483991
ENSSSCG00000010485,4.57912446428921,4.40769813818823
ENSSSCG00000057811,-2.19461582859326,-1.16013180230037
ENSSSCG00000061845,1.63416494499211,2.63831642849982
ENSSSCG00000010620,5.9103022402517,5.31097898189064
ENSSSCG00000010621,7.43697061437158,7.25346972201147
ENSSSCG00000035347,2.49886972135825,4.42688685721638
ENSSSCG00000022128,5.21021597203009,6.15659163563662
ENSSSCG00000024236,1.28066902659574,0.574837615712797
ENSSSCG00000030507,5.78549273707957,5.83133435482254
ENSSSCG00000009744,5.45664476795663,5.52891015171811
ENSSSCG00000059716,-0.428350711608159,1.06313784412392
ENSSSCG00000040815,2.33708688541697,2.16649583861557
ENSSSCG00000033051,1.40836959521317,0.901828647831401
ENSSSCG00000030026,3.09390678499242,5.30983095246121
ENSSSCG00000009735,3.97575677398994,3.05486985244482
ENSSSCG00000026781,6.03344669235965,6.15339512243635
ENSSSCG00000058563,0.384321665410682,1.58746179948828
ENSSSCG00000062451,0.682619433441756,-0.118530588140316
ENSSSCG00000010489,1.54433696419247,0.378565244869403
ENSSSCG00000055326,5.06756668469844,5.10799681267565
ENSSSCG00000051054,5.08996353911278,5.13935613022462
ENSSSCG00000010493,6.95725219623905,6.79439306840396
ENSSSCG00000035618,5.47984896693817,5.50703822750917
ENSSSCG00000010625,6.65700522245139,6.91254592216996
ENSSSCG00000010494,7.53234366825504,6.91745347553097
ENSSSCG00000045726,2.74453636267091,3.31957451718663
ENSSSCG00000035290,1.42859580901325,2.14605650303391
ENSSSCG00000010031,5.17323425062811,5.77254636844501
ENSSSCG00000009742,6.31862022899058,6.14182867534323
ENSSSCG00000009739,4.1350167064359,4.07617140800971
ENSSSCG00000010032,5.01836958180639,4.65917823269924
ENSSSCG00000028735,5.04153715377392,5.17887852606734
ENSSSCG00000010033,3.85391657911372,4.89485885736647
ENSSSCG00000028018,6.06447658844174,6.52437869529302
ENSSSCG00000010034,4.04617405879646,4.07886969512575
ENSSSCG00000055956,5.70279006928095,5.69903567119493
ENSSSCG00000023569,4.11954792373899,4.08156294502782
ENSSSCG00000009741,4.055958857509,4.2101913842195
ENSSSCG00000029226,6.47752758282594,6.14569447032311
ENSSSCG00000010495,7.22637742207551,6.16930733204565
ENSSSCG00000009748,6.15299262639161,5.52989649468017
ENSSSCG00000010496,5.35595039617245,5.49799416430703
ENSSSCG00000010626,4.32503253135323,2.13572720940697
ENSSSCG00000010035,7.29821316295419,6.55667731520613
ENSSSCG00000042192,1.65147836204809,-1.16013180230037
ENSSSCG00000009749,-3.86672707663002,-0.883096611932229
ENSSSCG00000010036,2.94740175361121,4.29153587546859
ENSSSCG00000010039,3.13140923046282,2.89257939860165
ENSSSCG00000010497,4.57232280648654,4.31918467198056
ENSSSCG00000009745,5.91120093139305,4.8933267984958
ENSSSCG00000035443,-0.503005667143942,-1.26570965698543
ENSSSCG00000046471,0.111554715953384,-0.724143750785594
ENSSSCG00000033879,0.748463530495347,1.82456795126936
ENSSSCG00000009746,7.57634984264364,7.22085939823982
ENSSSCG00000009747,4.54941619211968,4.42900326765567
ENSSSCG00000030830,-0.357369586612393,-3.86672707663002
ENSSSCG00000009738,-2.19461582859326,5.70428766300977
ENSSSCG00000038719,-0.753389730293386,-2.14284221802902
ENSSSCG00000035929,2.13035473334754,0.877238412496071
ENSSSCG00000024860,3.80833350413237,2.45106624968918
ENSSSCG00000010502,3.55132938706797,3.98704844379237
ENSSSCG00000009722,-0.753389730293386,0.109708133942356
ENSSSCG00000010503,4.22160514102507,4.66816510265311
ENSSSCG00000010047,6.65968151052873,5.48787825881472
ENSSSCG00000010046,4.87833305750333,5.15733913976995
ENSSSCG00000056696,7.00770078306087,7.28243589998805
ENSSSCG00000010504,3.42614608619034,4.54867630156947
ENSSSCG00000035148,4.40632093419752,4.26571706684204
ENSSSCG00000010052,6.72706721443351,6.94285519933987
ENSSSCG00000010505,-0.94826101088964,-0.275097240265819
ENSSSCG00000050121,2.66151846255649,2.02815067824639
ENSSSCG00000010527,3.11277986246647,2.6886470549982
ENSSSCG00000032821,2.2936384687718,0.574837615712797
ENSSSCG00000038904,3.90894186476187,3.26848731736893
ENSSSCG00000009755,5.41796527506362,4.9430449747942
ENSSSCG00000010672,5.53336183276853,6.07582529452782
ENSSSCG00000054264,4.1226549774172,3.45866557709305
ENSSSCG00000046546,-2.19461582859326,-1.06175616837389
ENSSSCG00000009758,4.45889496847324,4.82906900742336
ENSSSCG00000053106,-2.19461582859326,-0.883096611932229
ENSSSCG00000010053,5.64020789619698,5.6644236183423
ENSSSCG00000010452,4.53782503655746,3.76712980316208
ENSSSCG00000010054,0.748463530495347,-0.0699026685752995
ENSSSCG00000010486,2.62692584736511,2.86157528753835
ENSSSCG00000010059,6.70598930602023,6.58874202527453
ENSSSCG00000010058,6.12150035819597,5.69112165971562
ENSSSCG00000009998,5.9890223713437,5.47666821990365
ENSSSCG00000057185,3.04233714300071,3.42088233897337
ENSSSCG00000057183,0.384321665410682,1.16822850108867
ENSSSCG00000054147,-1.05654789507939,-0.724143750785594
ENSSSCG00000052820,0.577851083508549,0.306722442383792
ENSSSCG00000057968,2.4403064491966,0.926006765743826
ENSSSCG00000060561,2.4101085229922,2.03927655741885
ENSSSCG00000040413,6.11761237984786,6.2043263637356
ENSSSCG00000058992,-0.581735609749139,-1.37962819886108
ENSSSCG00000058078,-1.96619539223541,-0.883096611932229
ENSSSCG00000010379,5.7517747818869,6.31260139798954
ENSSSCG00000058540,1.81406255392592,1.22779433856161
ENSSSCG00000058877,6.36527400455728,5.65450920781778
ENSSSCG00000010351,6.00004617985666,6.00310985237524
ENSSSCG00000033616,3.24411724595056,3.47923642708306
ENSSSCG00000037951,4.01975209752896,4.83386908399589
ENSSSCG00000032144,4.28121397068151,4.50118700956121
ENSSSCG00000010352,1.4485423725996,0.378565244869403
ENSSSCG00000010674,6.24710700669964,5.62435050176156
ENSSSCG00000009729,4.11954792373899,5.07594067491483
ENSSSCG00000009730,2.43031054195301,2.7576322855016
ENSSSCG00000010370,4.00635741057301,3.1554391108737
ENSSSCG00000052289,3.67076404445774,4.2418375966162
ENSSSCG00000009732,5.13681706735067,5.08804534948429
ENSSSCG00000009733,6.96895214473279,6.44973124510617
ENSSSCG00000010380,5.24484823257263,5.1535044631881
ENSSSCG00000009753,4.47842978092317,3.91639634195172
ENSSSCG00000042937,2.20260743080709,-0.168854921246468
ENSSSCG00000043778,3.90533809075458,3.52744176235384
ENSSSCG00000009714,6.18826756614202,5.97441527176338
ENSSSCG00000040893,-1.1736270562095,-0.883096611932229
ENSSSCG00000010381,3.05540339708637,2.11484407452863
ENSSSCG00000038222,6.40792160543805,6.18629765420063
ENSSSCG00000050381,0.54116651967454,-1.78793082929158
ENSSSCG00000010679,8.03169419730779,8.10548550784117
ENSSSCG00000009716,5.80012140237963,5.35394067689356
ENSSSCG00000009717,5.54151050910773,4.82906900742336
ENSSSCG00000010376,0.648535071030343,0.0226960489355265
ENSSSCG00000029331,8.71766038449216,7.3262431334617
ENSSSCG00000010680,5.39116116467913,5.86611556799521
ENSSSCG00000010681,3.6918361717117,3.5155405893943
ENSSSCG00000010682,7.16327782907271,6.75571004457655
ENSSSCG00000036758,3.38015241180071,3.64134668663261
ENSSSCG00000009720,5.31035234318326,4.65917823269924
ENSSSCG00000024300,6.34413358368256,6.12821623096523
ENSSSCG00000009759,6.7080592969844,6.90420261146598
ENSSSCG00000010337,1.30275293821975,1.87511825059562
ENSSSCG00000009761,7.59128608094212,7.99839433798154
ENSSSCG00000061214,0.841916534859911,0.692264219933096
ENSSSCG00000035760,2.10544337267369,3.82934279843556
ENSSSCG00000010339,4.90744891944289,5.46948893831242
ENSSSCG00000010340,8.58329763723846,6.83725450326244
ENSSSCG00000042383,0.111554715953384,-0.275097240265819
ENSSSCG00000032962,7.46447590453042,7.58846491821087
ENSSSCG00000009764,4.48568767572668,4.651948211391
ENSSSCG00000010664,7.16854887646058,7.0734017900844
ENSSSCG00000009765,8.18186085804824,8.41831509930809
ENSSSCG00000010341,7.12892477144648,6.36880636417207
ENSSSCG00000010665,5.34268815551337,5.48787825881472
ENSSSCG00000009766,4.96397499597078,5.06237083635617
ENSSSCG00000020671,3.59672528820647,3.06034143483319
ENSSSCG00000009768,5.10732034856821,5.6508870079759
ENSSSCG00000010669,5.77466998295522,5.81686041072976
ENSSSCG00000032558,5.03495572321738,4.96363065902673
ENSSSCG00000010342,-0.0469734082326686,0.663791401431833
ENSSSCG00000009770,5.22907823978339,5.42140060470154
ENSSSCG00000009769,5.29528602734721,5.12767612052765
ENSSSCG00000009771,4.4953084177885,4.84975496736719
ENSSSCG00000009772,8.97213288489782,7.91647879626266
ENSSSCG00000009773,5.02502693797951,4.98536558775053
ENSSSCG00000010345,6.9233548903892,6.6710682148723
ENSSSCG00000024634,1.40836959521317,1.12710621877915
ENSSSCG00000022212,4.00971775935811,3.9927828655898
ENSSSCG00000010348,3.33800064932877,2.94676112973231
ENSSSCG00000009778,4.91463698939483,4.79337180674343
ENSSSCG00000009777,6.96852050111356,6.58826864900602
ENSSSCG00000009776,5.79038545870158,6.08121812275693
ENSSSCG00000010687,4.8654077329908,5.13935613022462
ENSSSCG00000009775,5.66279535333771,5.3326197418296
ENSSSCG00000009774,2.05429183424595,1.73160503149834
ENSSSCG00000009779,4.02971712592725,3.85160357557721
ENSSSCG00000010357,5.86278162995291,6.23125713335966
ENSSSCG00000009781,4.04944303763635,3.92241798179191
ENSSSCG00000009782,5.34933451523888,5.38152290423251
ENSSSCG00000010688,5.35066012076935,6.04924265486518
ENSSSCG00000009783,4.85236556088414,4.78843484624748
ENSSSCG00000010690,5.8976614270776,5.36614187296016
ENSSSCG00000009784,2.4101085229922,2.76435279581209
ENSSSCG00000010358,-1.96619539223541,1.60254171360028
ENSSSCG00000060206,4.35440387570681,0.973180333493209
ENSSSCG00000028889,4.59038978281825,4.77684914325119
ENSSSCG00000009786,5.92194178468914,6.05267818316186
ENSSSCG00000010692,6.06770440389911,5.9443987773892
ENSSSCG00000010360,5.9103022402517,6.13795249387736
ENSSSCG00000009787,4.86355176858138,4.51121034764278
ENSSSCG00000024048,3.687646296855,3.89205525444354
ENSSSCG00000009788,5.59394355388237,5.19762042986269
ENSSSCG00000039546,1.66858646664768,1.4441419554549
ENSSSCG00000010627,8.29394228192688,7.89845357995324
ENSSSCG00000026850,1.76718173794872,2.38282924537441
ENSSSCG00000009751,2.4101085229922,3.59685796798648
ENSSSCG00000037918,5.22763601933158,6.48117755891698
ENSSSCG00000060429,2.17892299365621,-0.220998320347156
ENSSSCG00000037735,4.21288492323123,3.6774005403821
ENSSSCG00000050205,-0.0469734082326686,0.6051024001257
ENSSSCG00000026339,-0.94826101088964,-1.63861791175253
ENSSSCG00000053927,-1.05654789507939,-0.51439395667637
ENSSSCG00000059363,0.613625923982859,-0.724143750785594
ENSSSCG00000063267,-3.86672707663002,-0.331304090129519
ENSSSCG00000058862,-1.44083485948891,-0.450747065242323
ENSSSCG00000010368,6.84510066340918,6.52882586291013
ENSSSCG00000062741,-0.163246077098895,0.44699951176586
ENSSSCG00000054137,-1.05654789507939,-1.16013180230037
ENSSSCG00000059008,-0.357369586612393,-1.37962819886108
ENSSSCG00000048761,2.42024489322316,0.692264219933096
ENSSSCG00000052895,0.160749279997622,0.44699951176586
ENSSSCG00000027767,2.95439396897898,2.8105396921843
ENSSSCG00000028341,3.1190164188074,2.25505012142321
ENSSSCG00000036770,-0.163246077098895,-1.06175616837389
ENSSSCG00000055707,2.46009285868458,2.60125966392602
ENSSSCG00000010628,5.86556616658834,5.96787957533197
ENSSSCG00000010639,1.65147836204809,4.39259510574627
ENSSSCG00000010640,3.03575936923339,2.50823576496658
ENSSSCG00000032408,5.3212116753743,4.98823899424338
ENSSSCG00000034754,7.72455683821612,6.75823726813476
ENSSSCG00000010644,3.00914420339244,3.35116722857188
ENSSSCG00000010645,1.7986042665823,2.63098083117467
ENSSSCG00000010329,8.27381978875277,7.31341192235445
ENSSSCG00000010330,4.15942686733562,2.92293121210674
ENSSSCG00000033074,5.91926405883066,5.60013693512336
ENSSSCG00000010331,7.40606464690007,7.41407044183269
ENSSSCG00000010332,5.25337793971256,5.11590077753164
ENSSSCG00000051357,-0.94826101088964,0.6051024001257
ENSSSCG00000054028,1.71872620129392,-0.0228605115491758
ENSSSCG00000042873,2.3263468361721,3.07122273561747
ENSSSCG00000055059,1.50677891522418,1.9711966741643
ENSSSCG00000063009,1.4485423725996,2.24547494246517
ENSSSCG00000056526,-1.76904577456744,-1.16013180230037
ENSSSCG00000010593,4.18936998772775,4.24664521557974
ENSSSCG00000039704,0.901016344624057,-2.61458503095514
ENSSSCG00000010594,6.29677971128953,6.79890063501361
ENSSSCG00000010359,3.50921472702623,0.343090997642991
ENSSSCG00000020954,2.4101085229922,2.77770062085909
ENSSSCG00000010597,2.65294775884989,2.96437876298604
ENSSSCG00000032165,5.36516195419778,4.69830838228846
ENSSSCG00000010599,5.158171980462,5.91147569037148
ENSSSCG00000010600,3.95847170903587,3.5392455620997
ENSSSCG00000010603,5.29528602734721,4.1369899399032
ENSSSCG00000010604,5.2800607094011,4.92216129815125
ENSSSCG00000010605,4.52848458975949,3.97840384607626
ENSSSCG00000010606,5.56910449390865,5.88165219980478
ENSSSCG00000010607,9.27889165559638,6.10986417715195
ENSSSCG00000010608,3.04233714300071,3.88282041528908
ENSSSCG00000010609,7.04420744638304,7.17241486600152
ENSSSCG00000010652,4.22738947407285,4.27985730165485
ENSSSCG00000010653,2.27141351306507,2.84898464428724
ENSSSCG00000022351,5.6934173501541,5.69464435885078
ENSSSCG00000010654,3.81218758787805,2.6886470549982
ENSSSCG00000030271,-0.103938698558373,0.634745314624147
ENSSSCG00000010655,4.30328960568751,3.87972895243467
ENSSSCG00000010613,4.62366737007878,4.04062655214545
ENSSSCG00000010614,6.40855818334345,6.63988747702948
ENSSSCG00000010698,5.28422902936655,6.33985317489551
ENSSSCG00000051218,-1.05654789507939,-2.14284221802902
ENSSSCG00000049635,0.901016344624057,1.20821105392266
ENSSSCG00000050964,0.160749279997622,0.901828647831401
ENSSSCG00000047775,-0.103938698558373,-0.168854921246468
ENSSSCG00000057707,-0.0469734082326686,0.151322202724095
ENSSSCG00000058697,-1.76904577456744,-0.969662564375006
ENSSSCG00000060029,-1.76904577456744,0.0226960489355265
ENSSSCG00000055065,-1.76904577456744,-1.06175616837389
ENSSSCG00000010629,2.55514818233533,2.3740681350203
ENSSSCG00000040025,0.342293330875861,-0.389789821758014
ENSSSCG00000010647,-0.581735609749139,0.800848232904328
ENSSSCG00000053925,1.66858646664768,1.66133288059543
ENSSSCG00000060789,0.299003801631898,1.92395712532492
ENSSSCG00000054634,1.58094201213036,0.949786352523971
ENSSSCG00000060936,3.01584416771585,3.09807225595263
ENSSSCG00000045261,0.425160216794395,0.574837615712797
ENSSSCG00000048494,0.748463530495347,1.06313784412392
ENSSSCG00000048917,3.94449298372399,4.02392112189717
ENSSSCG00000057578,-0.289717603961706,-0.168854921246468
ENSSSCG00000044927,2.22590931707906,2.25505012142321
ENSSSCG00000063099,0.384321665410682,-3.32011714393106
ENSSSCG00000056519,4.38577775784526,4.68242865943329
ENSSSCG00000010737,7.44784994743908,7.50339914640849
ENSSSCG00000010739,6.59291942870876,7.05741578760457
ENSSSCG00000010683,5.20582789483282,5.21979398546852
ENSSSCG00000039838,2.70362447409169,2.52416227528066
ENSSSCG00000010685,6.88544440128623,6.9641734650063
ENSSSCG00000010738,5.64020789619698,5.80550164004291
ENSSSCG00000025820,4.8947829707172,5.64816437743156
ENSSSCG00000049861,1.65147836204809,2.85529370095294
ENSSSCG00000025876,5.3546296448774,5.21857102134315
ENSSSCG00000010238,7.45217881269962,7.99178765674416
ENSSSCG00000010239,5.42427447018076,5.53285148394664
ENSSSCG00000010240,0.901016344624057,1.12710621877915
ENSSSCG00000022303,3.98602927327397,3.69509512330271
ENSSSCG00000010276,4.88566729592073,5.18390022149085
ENSSSCG00000010277,4.58589420574893,4.27751019935945
ENSSSCG00000010686,6.51170306654957,6.2469376355916
ENSSSCG00000010741,5.02668648798682,5.65450920781778
ENSSSCG00000010742,5.68923207150384,5.78664444388719
ENSSSCG00000010743,4.8392044092429,4.86077191459508
ENSSSCG00000010744,5.44179482762077,5.57455439584112
ENSSSCG00000010745,6.14001817642724,6.47248250328887
ENSSSCG00000010548,3.80833350413237,4.03785571239339
ENSSSCG00000010550,4.50009483649528,4.17026444217737
ENSSSCG00000010551,3.9196994873672,3.45451597397753
ENSSSCG00000010552,2.13035473334754,2.50823576496658
ENSSSCG00000010554,7.62125180895031,6.59770678810797
ENSSSCG00000006164,2.37926496751754,2.82989022463114
ENSSSCG00000006165,5.62385470296934,5.61508562244144
ENSSSCG00000006166,6.19049014159877,5.61787133890898
ENSSSCG00000010555,5.28422902936655,5.43093617098983
ENSSSCG00000010563,5.91120093139305,6.16169137097185
ENSSSCG00000010564,4.14421898484408,4.3169007366906
ENSSSCG00000010565,7.2063817275564,6.68220130730514
ENSSSCG00000010566,4.42153859749542,4.83386908399589
ENSSSCG00000055478,1.324503892854,1.9711966741643
ENSSSCG00000010568,2.96135245902405,2.10428804524604
ENSSSCG00000010569,7.16591576006031,7.78033547543193
ENSSSCG00000010570,1.98769151381773,1.12710621877915
ENSSSCG00000010571,5.34535037482733,5.27613437479064
ENSSSCG00000010573,3.61007011385766,3.89817913588535
ENSSSCG00000010574,7.94176067532258,7.51788824428814
ENSSSCG00000010575,5.35198450939884,5.12767612052765
ENSSSCG00000010576,6.36527400455728,6.37211003195898
ENSSSCG00000010577,0.208321522646333,-0.883096611932229
ENSSSCG00000010580,6.23423739238149,5.85985376190362
ENSSSCG00000010581,7.29821316295419,6.00381995513189
ENSSSCG00000038504,4.06567773954214,3.97551076433885
ENSSSCG00000033359,7.32779344323837,7.27009296811889
ENSSSCG00000010584,3.06835237360559,3.40376683840404
ENSSSCG00000010585,6.73673157523793,6.16296349307448
ENSSSCG00000009612,1.54433696419247,1.9711966741643
ENSSSCG00000009611,6.18008870229326,6.24993367543726
ENSSSCG00000009610,0.682619433441756,0.066857978120369
ENSSSCG00000009609,-1.76904577456744,-1.37962819886108
ENSSSCG00000009613,4.88932048043226,3.97840384607626
ENSSSCG00000051235,0.748463530495347,-1.63861791175253
ENSSSCG00000009614,6.22920137346535,5.93698195732136
ENSSSCG00000009615,4.16847523767911,3.31041948340265
ENSSSCG00000009616,4.70053488516532,1.01886012427252
ENSSSCG00000009617,4.05270462609372,4.05165699907035
ENSSSCG00000033355,1.85946778722825,2.53206007975693
ENSSSCG00000061162,-0.428350711608159,0.663791401431833
ENSSSCG00000009619,-0.94826101088964,-0.969662564375006
ENSSSCG00000009620,6.07333576170051,5.74477986970844
ENSSSCG00000009621,1.84449092952033,0.269413319240056
ENSSSCG00000009622,5.45787539088052,5.06917171013684
ENSSSCG00000055518,-2.19461582859326,-0.275097240265819
ENSSSCG00000010261,5.57251692603239,4.9504307700918
ENSSSCG00000010266,1.66858646664768,1.94777024234525
ENSSSCG00000010267,0.648535071030343,0.343090997642991
ENSSSCG00000034444,7.08220903431686,7.55518339504075
ENSSSCG00000036446,2.09282450672441,2.2065257784872
ENSSSCG00000010271,-1.76904577456744,-0.51439395667637
ENSSSCG00000010272,5.3664731029009,3.4251296745628
ENSSSCG00000010273,3.04233714300071,1.67566381082393
ENSSSCG00000010274,6.42312248267776,6.56488085433234
ENSSSCG00000010275,5.41670011830492,5.20504954584646
ENSSSCG00000045502,1.63416494499211,2.66729142251727
ENSSSCG00000010384,6.33277545314653,4.80970738278133
ENSSSCG00000010385,4.23888902665658,3.48331563239148
ENSSSCG00000036822,0.425160216794395,0.901828647831401
ENSSSCG00000061821,1.56275558109478,1.64685816540168
ENSSSCG00000010391,0.208321522646333,1.35790376000462
ENSSSCG00000010394,-0.357369586612393,-1.63861791175253
ENSSSCG00000010747,-0.103938698558373,-1.16013180230037
ENSSSCG00000010165,0.342293330875861,1.73160503149834
ENSSSCG00000049255,0.111554715953384,0.901828647831401
ENSSSCG00000010166,5.48950859352899,5.41073108303408
ENSSSCG00000010169,4.11643416412382,4.1187498612742
ENSSSCG00000052826,0.682619433441756,1.28499803379961
ENSSSCG00000010537,5.70900489011606,4.83227083232856
ENSSSCG00000037536,4.95876876711304,5.5991974791889
ENSSSCG00000010540,4.72117969736534,4.73126901584918
ENSSSCG00000010541,5.5894590542868,5.71126070921062
ENSSSCG00000010542,4.27564187482818,4.49513940894941
ENSSSCG00000010543,1.98769151381773,1.49351421091838
ENSSSCG00000010544,5.71724989039125,6.53522544418529
ENSSSCG00000049992,2.4403064491966,2.92293121210674
ENSSSCG00000044372,1.40836959521317,1.58746179948828
ENSSSCG00000010167,4.03632244315774,4.54477802343035
ENSSSCG00000010579,7.50373263000422,6.71292452617143
ENSSSCG00000010586,4.16847523767911,4.46038240857897
ENSSSCG00000041413,-0.225096418835447,0.269413319240056
ENSSSCG00000038856,6.53462839036748,7.0774550936148
ENSSSCG00000031782,5.42553300498319,5.11852583885142
ENSSSCG00000010589,5.07560553404943,4.08693440817365
ENSSSCG00000029594,6.5771510613074,6.45441419071301
ENSSSCG00000010591,2.49886972135825,0.151322202724095
ENSSSCG00000038633,5.16722820003293,4.72439223849069
ENSSSCG00000010592,4.48327243218153,4.22244529248072
ENSSSCG00000010631,4.97088753752788,5.1624362381228
ENSSSCG00000031789,6.43504394321886,6.93058373991579
ENSSSCG00000010635,6.10823825805379,6.45129391655083
ENSSSCG00000032968,3.6493795680761,3.63402652004958
ENSSSCG00000010638,5.32930286724478,5.2512325304799
ENSSSCG00000059478,0.715917087066103,1.04116884334027
ENSSSCG00000010067,7.06454559733325,6.44503304928063
ENSSSCG00000010068,4.84861746729931,4.31918467198056
ENSSSCG00000039626,6.00004617985666,2.5785599463218
ENSSSCG00000010070,6.16283612680428,5.90312617011709
ENSSSCG00000010071,6.06447658844174,6.05130495342098
ENSSSCG00000010073,3.88352433256059,3.59685796798648
ENSSSCG00000010076,-1.3010534406464,-1.26570965698543
ENSSSCG00000062733,0.0606232623061967,0.973180333493209
ENSSSCG00000010078,5.00832558968597,5.3189897098664
ENSSSCG00000010079,5.09629929310995,5.01525465829873
ENSSSCG00000010081,7.87008250636786,7.855825495403
ENSSSCG00000056621,-1.3010534406464,0.191769503652254
ENSSSCG00000054789,6.27180731477945,4.59276538571074
ENSSSCG00000010083,6.88635870622471,6.75739535207882
ENSSSCG00000010084,0.929682484613295,0.0226960489355265
ENSSSCG00000054186,8.12159985883176,1.58746179948828
ENSSSCG00000010086,4.85983266151564,2.32035389170899
ENSSSCG00000010087,3.96886757930672,3.10338271409922
ENSSSCG00000037143,7.02025029544118,6.09993583818478
ENSSSCG00000010396,4.8144390928187,5.18139155870137
ENSSSCG00000033700,4.3960859111406,4.15244282009041
ENSSSCG00000039871,-0.847537601777033,-1.06175616837389
ENSSSCG00000010399,6.70132093849171,6.36217624612704
ENSSSCG00000010400,4.5677704875085,7.50540631497672
ENSSSCG00000010401,5.85999170850595,6.14440702261453
ENSSSCG00000010402,3.98943724956418,4.27985730165485
ENSSSCG00000010403,6.70650708226914,6.88621495470626
ENSSSCG00000010404,1.11582327058225,2.99327166878598
ENSSSCG00000042874,4.97088753752788,5.40536658545118
ENSSSCG00000029662,6.46043838945276,6.18817317545848
ENSSSCG00000022256,1.68549407120461,2.5785599463218
ENSSSCG00000025787,4.35968046582564,5.68138964933209
ENSSSCG00000021075,2.47961156701835,1.34001980880434
ENSSSCG00000010649,-0.94826101088964,0.852221766628148
ENSSSCG00000010650,3.73713913719888,3.48738333630153
ENSSSCG00000010651,6.48599686397486,6.31374722581743
ENSSSCG00000010648,5.87480933054608,6.41277996061037
ENSSSCG00000009971,6.49141526429007,5.69112165971562
ENSSSCG00000009972,8.18632232832397,7.86542955453369
ENSSSCG00000009975,5.0032772491149,2.51622099743307
ENSSSCG00000009973,4.78924121864599,4.44582370107178
ENSSSCG00000009974,9.05517610230332,8.30951566734707
ENSSSCG00000025564,5.28838534066288,5.56110860384378
ENSSSCG00000009977,-1.76904577456744,-0.0228605115491758
ENSSSCG00000009978,6.54392927257679,6.27014339143175
ENSSSCG00000009979,0.985360575284754,-1.95450014976733
ENSSSCG00000009988,5.69237216821161,5.72940619895242
ENSSSCG00000051359,4.45643441302149,4.35746837872483
ENSSSCG00000057224,2.16693335253786,3.21061181823215
ENSSSCG00000028707,6.62668662000016,6.42237248648409
ENSSSCG00000024279,3.23265945709217,3.10867369649288
ENSSSCG00000024550,5.37822012602561,5.20257742208509
ENSSSCG00000025186,5.08996353911278,4.31461317996126
ENSSSCG00000009994,6.36330519756988,6.6656936596786
ENSSSCG00000040961,1.324503892854,2.47584537890216
ENSSSCG00000055807,0.54116651967454,0.852221766628148
ENSSSCG00000010212,6.96938365924608,7.08686874921051
ENSSSCG00000010214,2.45023357473821,1.66133288059543
ENSSSCG00000028327,5.38599867064967,5.3978226187547
ENSSSCG00000009692,3.80059431048723,3.54315879779995
ENSSSCG00000054757,0.111554715953384,0.0226960489355265
ENSSSCG00000059441,-1.3010534406464,-0.389789821758014
ENSSSCG00000009693,2.10544337267369,1.95953100743037
ENSSSCG00000035133,4.40376897767296,4.33507177356231
ENSSSCG00000032852,4.27564187482818,3.90427713280898
ENSSSCG00000027568,-1.05654789507939,-0.801432154592459
ENSSSCG00000009652,4.13193619012817,4.16265354534145
ENSSSCG00000009653,0.299003801631898,-0.168854921246468
ENSSSCG00000047090,0.715917087066103,-0.168854921246468
ENSSSCG00000035901,6.74179219600274,6.7836824991684
ENSSSCG00000035269,3.2498121961957,-2.35951718500686
ENSSSCG00000009578,4.86355176858138,4.67531450848851
ENSSSCG00000009885,5.95804782842837,6.62196083442876
ENSSSCG00000009886,4.8654077329908,4.79992824985493
ENSSSCG00000009887,4.82019201472572,5.33826113453456
ENSSSCG00000009888,6.86796159856043,5.5812305893561
ENSSSCG00000009893,1.38785577819136,2.33848175918667
ENSSSCG00000038099,-0.357369586612393,-0.118530588140316
ENSSSCG00000009890,5.86834533915859,6.53079799008973
ENSSSCG00000059002,-0.225096418835447,-0.883096611932229
ENSSSCG00000009889,6.1741111786846,6.60755082760992
ENSSSCG00000009896,3.97918907392851,4.47888742901233
ENSSSCG00000033876,6.20448749274826,6.16486957547977
ENSSSCG00000009898,6.94282219211713,6.92271993009062
ENSSSCG00000036014,10.8689033158735,10.4478550181
ENSSSCG00000040546,7.02731352695328,6.61081730392508
ENSSSCG00000009901,1.73505954565087,1.12710621877915
ENSSSCG00000029365,1.42859580901325,2.32944629797738
ENSSSCG00000062912,3.13140923046282,3.08739233516866
ENSSSCG00000032747,4.10391148326593,4.17279251140364
ENSSSCG00000009906,6.02184426749584,5.80550164004291
ENSSSCG00000009904,6.4708380920899,6.14376286766385
ENSSSCG00000009903,4.88383722883348,4.53891078454241
ENSSSCG00000009910,7.8209563695022,7.4071088689906
ENSSSCG00000009911,-0.103938698558373,0.191769503652254
ENSSSCG00000009912,4.24174964954317,3.73669712447758
ENSSSCG00000056057,0.54116651967454,-0.450747065242323
ENSSSCG00000009914,8.67794946505948,8.34553467864063
ENSSSCG00000059198,6.76036364374353,6.82485075826135
ENSSSCG00000009916,5.61395306513871,5.17762036629604
ENSSSCG00000009917,5.55422330053498,5.24283547503455
ENSSSCG00000057664,-3.23753225397681,2.48401140576021
ENSSSCG00000009919,0.342293330875861,1.83737254564755
ENSSSCG00000024329,4.31691728672147,4.38825075328145
ENSSSCG00000009921,2.79993126747808,2.365253495496
ENSSSCG00000046622,4.18045212468739,4.32828442689778
ENSSSCG00000040422,3.65368189640931,3.77047192295446
ENSSSCG00000009924,6.65163770605195,6.70508654382801
ENSSSCG00000009925,6.01098639246899,5.96058279509912
ENSSSCG00000009926,5.11045381932217,5.29482283676944
ENSSSCG00000039012,4.94127771809311,5.02787710037138
ENSSSCG00000009929,1.91786723757113,2.19662193895553
ENSSSCG00000009927,1.324503892854,1.30357276293605
ENSSSCG00000009931,4.21579752291593,3.77380631834667
ENSSSCG00000009932,3.62329263130676,3.1191978017878
ENSSSCG00000009933,6.48780525948385,6.57972120780116
ENSSSCG00000009934,7.55033830243779,6.43664273585137
ENSSSCG00000009935,-1.76904577456744,-1.26570965698543
ENSSSCG00000009936,2.09282450672441,0.949786352523971
ENSSSCG00000061436,5.25479466745182,4.84342158933854
ENSSSCG00000009938,5.06433856075515,5.00677792283148
ENSSSCG00000009940,4.54941619211968,4.35078582867332
ENSSSCG00000032917,5.1229200849611,5.00394124006963
ENSSSCG00000009942,0.0606232623061967,-1.95450014976733
ENSSSCG00000009943,3.50921472702623,4.09495428970218
ENSSSCG00000009944,5.95717785934945,5.42140060470154
ENSSSCG00000024495,1.16487493893756,1.71782176674871
ENSSSCG00000027124,4.40632093419752,2.57091330440077
ENSSSCG00000023380,6.58786979567539,6.48474269972086
ENSSSCG00000009946,6.16509819760671,6.44294004108742
ENSSSCG00000009945,5.11514130148657,3.00466873565346
ENSSSCG00000015770,2.9751695535918,2.27401191108018
ENSSSCG00000015771,0.577851083508549,-1.37962819886108
ENSSSCG00000015772,7.26027580859762,5.64179151980115
ENSSSCG00000015746,3.28351773124027,1.81164869165001
ENSSSCG00000023155,4.29229401201672,4.32374172398056
ENSSSCG00000023419,4.60601489268144,4.84659175376207
ENSSSCG00000029796,2.4101085229922,2.81701875074225
ENSSSCG00000015747,2.70362447409169,2.53991488424887
ENSSSCG00000015748,2.08009429229325,-1.37962819886108
ENSSSCG00000015754,2.98885557233165,2.85529370095294
ENSSSCG00000015753,2.39990043044213,4.15755721604328
ENSSSCG00000015755,6.16434456802715,6.01865193980011
ENSSSCG00000015756,2.00125981237482,-0.0228605115491758
ENSSSCG00000036877,4.64759215779573,5.13806301125535
ENSSSCG00000053249,0.111554715953384,0.231113683523015
ENSSSCG00000032248,-1.3010534406464,-0.0228605115491758
ENSSSCG00000027555,2.06725074680192,1.57222259459841
ENSSSCG00000023328,6.13078897795977,5.78746946769402
ENSSSCG00000015766,2.4101085229922,4.18536683148638
ENSSSCG00000015767,3.20946722096746,3.45866557709305
ENSSSCG00000030395,1.50677891522418,1.89974434301656
ENSSSCG00000015769,7.39711138439061,6.42978949268158
ENSSSCG00000029304,3.15587999024382,2.73728085074703
ENSSSCG00000015712,5.6691844868918,5.82250643452712
ENSSSCG00000015726,1.70220582089016,-3.86672707663002
ENSSSCG00000015716,-2.46613199464794,-0.801432154592459
ENSSSCG00000040701,3.96886757930672,2.5785599463218
ENSSSCG00000015714,4.94654733494036,5.09605907482726
ENSSSCG00000036229,5.12447082125399,5.39240981657998
ENSSSCG00000038610,4.88383722883348,6.1667731428997
ENSSSCG00000025455,6.12382812574471,5.88705073214365
ENSSSCG00000039185,5.78254911957778,6.01301962515172
ENSSSCG00000015743,4.78924121864599,4.8933267984958
ENSSSCG00000015718,2.56431812880053,2.6886470549982
ENSSSCG00000032213,5.89220984525191,5.35838942375188
ENSSSCG00000015729,5.85158942601781,5.63630657456794
ENSSSCG00000015730,5.483478910398,5.32468454730605
ENSSSCG00000039157,6.14308150216815,6.41491715175233
ENSSSCG00000047828,-0.581735609749139,0.852221766628148
ENSSSCG00000054656,6.2759995145696,6.9630784875856
ENSSSCG00000015733,2.58248499665162,2.99898145657284
ENSSSCG00000052347,0.342293330875861,1.95953100743037
ENSSSCG00000038305,3.22110994226279,3.21061181823215
ENSSSCG00000051026,3.11277986246647,-1.95450014976733
ENSSSCG00000048604,0.0606232623061967,0.269413319240056
ENSSSCG00000047818,0.425160216794395,1.01886012427252
ENSSSCG00000058574,3.06835237360559,2.59373270651027
ENSSSCG00000025924,8.88904256146265,8.72454703349145
ENSSSCG00000016230,3.59224944048779,2.79749362501286
ENSSSCG00000016166,3.97231628882701,4.25859463547142
ENSSSCG00000049911,-0.503005667143942,-0.0228605115491758
ENSSSCG00000027669,7.56182975405849,7.51116141803685
ENSSSCG00000016160,1.76718173794872,2.32035389170899
ENSSSCG00000016164,3.85391657911372,4.79665375283105
ENSSSCG00000053546,-1.5956269400881,-1.06175616837389
ENSSSCG00000054367,-1.3010534406464,-1.37962819886108
ENSSSCG00000054900,1.52568015604393,2.26456216861488
ENSSSCG00000054533,-0.289717603961706,0.826763660403192
ENSSSCG00000038149,4.70468754926573,4.35746837872483
ENSSSCG00000035592,-1.1736270562095,-0.650786169073976
ENSSSCG00000021852,1.09065751143433,0.720185961482743
ENSSSCG00000016232,3.9962291455528,3.90123135622859
ENSSSCG00000016233,4.14727341325436,3.07122273561747
ENSSSCG00000063355,1.11582327058225,1.39302001591966
ENSSSCG00000025038,-1.05654789507939,-1.50331917830221
ENSSSCG00000016255,5.82894111895547,5.89931490023573
ENSSSCG00000035058,5.27308663423354,4.96070776976846
ENSSSCG00000016256,4.68800468918455,7.41273428411486
ENSSSCG00000016267,7.27780220158895,7.30680941199185
ENSSSCG00000016248,5.38729102706197,5.50202074907623
ENSSSCG00000021968,0.54116651967454,0.852221766628148
ENSSSCG00000015879,2.31552623327911,1.81164869165001
ENSSSCG00000016300,5.78940824092163,5.60949800047251
ENSSSCG00000029753,4.55632644591519,4.19534796975681
ENSSSCG00000015897,4.98632071152907,4.51719109335176
ENSSSCG00000027472,6.04085642123294,4.25143686688948
ENSSSCG00000016301,0.299003801631898,-0.0228605115491758
ENSSSCG00000025729,4.51672334355842,5.00109896872219
ENSSSCG00000016243,4.14727341325436,3.94033355247136
ENSSSCG00000016244,1.76718173794872,2.32035389170899
ENSSSCG00000015907,6.10823825805379,5.95251347997433
ENSSSCG00000016245,1.87429076377796,2.27401191108018
ENSSSCG00000015908,4.73951076566186,5.22832582920936
ENSSSCG00000031572,6.67880560821168,6.33534681026994
ENSSSCG00000024204,2.21430541888211,1.30357276293605
ENSSSCG00000015913,1.82935696214862,3.51155161442838
ENSSSCG00000016008,4.94654733494036,5.0826780287199
ENSSSCG00000016027,6.0781452061158,6.31260139798954
ENSSSCG00000015871,3.85391657911372,4.68065340783438
ENSSSCG00000023032,-0.94826101088964,-2.35951718500686
ENSSSCG00000015872,5.76277000237864,5.41927300358977
ENSSSCG00000040847,4.18045212468739,3.69509512330271
ENSSSCG00000025174,5.71107056190657,5.51303625797358
ENSSSCG00000016270,1.11582327058225,2.42585407584627
ENSSSCG00000016295,4.28953196919945,3.23983976676193
ENSSSCG00000026146,1.59890203838796,-1.37962819886108
ENSSSCG00000016297,-1.1736270562095,-0.883096611932229
ENSSSCG00000016298,2.9956502008432,2.99327166878598
ENSSSCG00000015889,4.81251634298115,4.91160499201842
ENSSSCG00000015892,5.47742392065554,4.60217424844161
ENSSSCG00000016272,6.72092988187324,6.20741211807075
ENSSSCG00000016273,-0.581735609749139,-2.92464516734468
ENSSSCG00000023994,5.42427447018076,5.29249997537808
ENSSSCG00000033015,5.94406497542995,5.4838119520761
ENSSSCG00000009432,5.03989460872799,5.65179341088568
ENSSSCG00000015894,2.37926496751754,3.65225776258048
ENSSSCG00000016234,6.26830448535447,6.20123399518675
ENSSSCG00000016237,1.71872620129392,2.44271105199964
ENSSSCG00000015895,0.715917087066103,-3.86672707663002
ENSSSCG00000015896,3.24411724595056,1.89974434301656
ENSSSCG00000025993,6.27390493739177,6.05884159266002
ENSSSCG00000016226,5.43681068475737,5.37165394193337
ENSSSCG00000015874,6.43441894783533,6.0717674029816
ENSSSCG00000025134,2.79993126747808,2.78432850690455
ENSSSCG00000016030,5.22185267668024,5.41394023292604
ENSSSCG00000015876,3.97575677398994,3.86729642700427
ENSSSCG00000033987,5.69027952998719,5.30176906487207
ENSSSCG00000016009,3.33264401901423,3.41234996988791
ENSSSCG00000016010,3.09390678499242,3.09807225595263
ENSSSCG00000016224,2.82303593425957,2.50020608859808
ENSSSCG00000015878,6.18008870229326,6.45493358092705
ENSSSCG00000046102,2.2601713103169,1.6898537845966
ENSSSCG00000016223,6.9476482480004,6.38470446920811
ENSSSCG00000016022,1.06504496640639,3.54706144775751
ENSSSCG00000016031,3.84265511981395,3.1554391108737
ENSSSCG00000016275,8.56742317147796,8.5974113034652
ENSSSCG00000016032,-0.581735609749139,-0.801432154592459
ENSSSCG00000016033,6.12305262046687,5.31784803985158
ENSSSCG00000016258,4.04944303763635,3.09807225595263
ENSSSCG00000034262,-0.289717603961706,-0.450747065242323
ENSSSCG00000015901,4.0849212646763,2.70271051943981
ENSSSCG00000025598,5.57818643732079,5.93027406131177
ENSSSCG00000037274,10.4675795344875,10.2832332334027
ENSSSCG00000038730,7.11612083534944,7.42921581157154
ENSSSCG00000024373,7.42820768975769,7.53444649694197
ENSSSCG00000015903,4.10076375502732,-0.168854921246468
ENSSSCG00000015911,-0.581735609749139,-1.26570965698543
ENSSSCG00000023924,3.52808428998225,3.72984623364515
ENSSSCG00000015905,-0.581735609749139,-3.86672707663002
ENSSSCG00000015880,5.43431214131581,6.07717539262343
ENSSSCG00000016017,8.54877571151407,7.54741150528639
ENSSSCG00000035702,4.25879528568933,4.42476733747514
ENSSSCG00000015882,6.34812108115529,6.41651796997669
ENSSSCG00000015883,4.92178942305645,5.17004827842388
ENSSSCG00000016018,3.83888168046947,3.52348560311752
ENSSSCG00000016279,4.28121397068151,3.86417148287992
ENSSSCG00000016019,6.96029463902419,7.17997457531222
ENSSSCG00000036050,4.77351320537421,4.89485885736647
ENSSSCG00000033334,5.35198450939884,5.20874980690826
ENSSSCG00000021956,3.46583360755166,4.25859463547142
ENSSSCG00000015885,4.57686080612584,2.31120381804596
ENSSSCG00000026852,-0.94826101088964,-2.35951718500686
ENSSSCG00000022177,5.83653012849561,5.72596746510638
ENSSSCG00000057909,-0.94826101088964,-2.61458503095514
ENSSSCG00000016020,3.16796145904304,2.66729142251727
ENSSSCG00000028949,4.01307029934895,4.37294166379433
ENSSSCG00000015988,8.80111514197252,8.2610376247638
ENSSSCG00000038466,5.90760280303323,6.38742790211449
ENSSSCG00000015987,7.85474894940289,7.99375496744857
ENSSSCG00000016290,2.67003855032607,2.10428804524604
ENSSSCG00000016259,4.55172328966111,4.9040172008864
ENSSSCG00000023983,5.83463661537253,5.49900186457641
ENSSSCG00000016260,2.27141351306507,2.67444514854501
ENSSSCG00000037351,-1.1736270562095,0.877238412496071
ENSSSCG00000016261,4.63459148217061,4.76851630488417
ENSSSCG00000015886,1.75121004166391,2.21636209324052
ENSSSCG00000015888,5.34535037482733,5.6445261922841
ENSSSCG00000053075,-0.665011214899346,-1.63861791175253
ENSSSCG00000053639,-1.76904577456744,-1.37962819886108
ENSSSCG00000063481,-2.19461582859326,-0.650786169073976
ENSSSCG00000043178,-1.44083485948891,-0.275097240265819
ENSSSCG00000053965,-1.96619539223541,0.109708133942356
ENSSSCG00000044287,-0.0469734082326686,1.04116884334027
ENSSSCG00000046097,0.929682484613295,1.4102627264044
ENSSSCG00000050752,0.425160216794395,0.306722442383792
ENSSSCG00000062709,-1.76904577456744,-0.801432154592459
ENSSSCG00000042862,-1.44083485948891,0.151322202724095
ENSSSCG00000058986,-0.753389730293386,-1.63861791175253
ENSSSCG00000061915,1.30275293821975,1.95953100743037
ENSSSCG00000056258,2.10544337267369,0.877238412496071
ENSSSCG00000062618,-0.225096418835447,1.04116884334027
ENSSSCG00000061229,-0.428350711608159,-3.86672707663002
ENSSSCG00000052127,6.31997434519993,6.13859924777479
ENSSSCG00000034567,2.91908899595331,3.01597647269275
ENSSSCG00000016263,5.14753403573471,5.48177449270833
ENSSSCG00000032605,4.17746721150633,4.3641201179272
ENSSSCG00000035603,3.57873797349955,3.71257530994849
ENSSSCG00000038903,1.18878921645065,1.16822850108867
ENSSSCG00000015996,3.23265945709217,2.7166382149345
ENSSSCG00000023133,4.44902746675243,4.52314714798053
ENSSSCG00000038254,4.82210456874677,3.96388007011859
ENSSSCG00000016266,6.30637564691248,6.63851638525072
ENSSSCG00000050073,-0.0469734082326686,-0.883096611932229
ENSSSCG00000015998,-1.5956269400881,-0.0699026685752995
ENSSSCG00000015999,3.09390678499242,1.81164869165001
ENSSSCG00000041385,0.682619433441756,0.306722442383792
ENSSSCG00000049025,4.32503253135323,4.40124476042477
ENSSSCG00000036052,4.02971712592725,3.45035440098084
ENSSSCG00000057435,-0.503005667143942,1.61746563255219
ENSSSCG00000052644,2.815375418519,3.22042040807826
ENSSSCG00000059149,-1.3010534406464,-0.883096611932229
ENSSSCG00000061660,-0.289717603961706,0.269413319240056
ENSSSCG00000041092,2.96135245902405,2.83628315226055
ENSSSCG00000050388,2.68692924499126,2.57091330440077
ENSSSCG00000018293,-1.05654789507939,-0.883096611932229
ENSSSCG00000019707,-0.0469734082326686,0.378565244869403
ENSSSCG00000016291,5.84502031703826,5.89931490023573
ENSSSCG00000053339,0.0606232623061967,-0.275097240265819
ENSSSCG00000023181,3.02915146757585,2.05031729144738
ENSSSCG00000062635,-1.44083485948891,-1.16013180230037
ENSSSCG00000056704,-1.76904577456744,-0.450747065242323
ENSSSCG00000062783,3.73713913719888,4.27044589430551
ENSSSCG00000041701,-1.05654789507939,-2.35951718500686
ENSSSCG00000060864,-0.94826101088964,-1.95450014976733
ENSSSCG00000054266,1.09065751143433,1.49351421091838
ENSSSCG00000015828,6.18083415433782,5.54656196607212
ENSSSCG00000015830,-1.44083485948891,-0.650786169073976
ENSSSCG00000015774,3.65368189640931,3.80998487260463
ENSSSCG00000015775,5.87940879954577,4.73126901584918
ENSSSCG00000021731,5.18814088857804,5.20998112125776
ENSSSCG00000015779,5.60287094938616,6.32288123342716
ENSSSCG00000024555,4.52379159070698,4.8418338910107
ENSSSCG00000015776,6.50159482710832,6.92759305489205
ENSSSCG00000015777,5.55537347321128,6.1540349919169
ENSSSCG00000015780,5.71107056190657,5.78002721337206
ENSSSCG00000015781,1.85946778722825,0.949786352523971
ENSSSCG00000015782,5.34268815551337,6.01019520055142
ENSSSCG00000015786,2.85327760027406,2.45106624968918
ENSSSCG00000034012,6.28087506749158,5.48075468297475
ENSSSCG00000015785,1.71872620129392,0.996201015194988
ENSSSCG00000034623,1.7986042665823,1.10609700495897
ENSSSCG00000015784,5.17323425062811,4.86858997113173
ENSSSCG00000015711,0.715917087066103,0.343090997642991
ENSSSCG00000038390,-0.0469734082326686,-0.883096611932229
ENSSSCG00000015790,6.16132610674691,5.43935964104764
ENSSSCG00000015709,5.21604605695667,5.59354786033822
ENSSSCG00000015710,7.30472518692042,6.76830212332391
ENSSSCG00000015791,5.31171423825221,5.51702113575164
ENSSSCG00000015789,3.88352433256059,3.76712980316208
ENSSSCG00000015792,3.54207624329408,3.9521548491966
ENSSSCG00000015798,3.83509834562225,3.97840384607626
ENSSSCG00000015793,4.70675940750322,4.29153587546859
ENSSSCG00000015794,5.44303817751691,5.39998206612181
ENSSSCG00000015795,4.97433142754565,4.30081114134785
ENSSSCG00000015796,7.53817294825433,6.6813138146733
ENSSSCG00000040445,7.14161607136898,4.99682503480275
ENSSSCG00000022919,1.58094201213036,1.58746179948828
ENSSSCG00000036679,6.66555192676592,7.98515058161516
ENSSSCG00000027211,5.12756730217473,5.68316399576586
ENSSSCG00000028646,6.02765714350668,5.91147569037148
ENSSSCG00000015695,5.37170581413397,5.53972301194177
ENSSSCG00000015667,3.61007011385766,3.87972895243467
ENSSSCG00000033241,1.40836959521317,1.34001980880434
ENSSSCG00000015696,6.91217575931024,6.89657568443176
ENSSSCG00000015668,5.30489187017898,5.51503007269442
ENSSSCG00000015669,4.17447610978098,4.38170959683214
ENSSSCG00000053606,-0.753389730293386,-1.95450014976733
ENSSSCG00000023627,3.29458016119167,2.301995340821
ENSSSCG00000015697,6.3247037679788,6.82645724665054
ENSSSCG00000015677,3.5139553058738,2.57091330440077
ENSSSCG00000016399,5.72952970812146,5.98739850567912
ENSSSCG00000015699,-0.94826101088964,-0.331304090129519
ENSSSCG00000029073,-0.163246077098895,0.343090997642991
ENSSSCG00000015701,5.50387783715534,5.4622737517224
ENSSSCG00000023479,2.65294775884989,3.07663276352414
ENSSSCG00000015801,4.84109194060761,5.4372583798715
ENSSSCG00000031541,6.40090064711488,6.49790804969955
ENSSSCG00000015802,6.0781452061158,6.7666295160637
ENSSSCG00000032687,4.59263232899805,5.20504954584646
ENSSSCG00000054605,0.577851083508549,0.6051024001257
ENSSSCG00000016397,-0.225096418835447,-0.450747065242323
ENSSSCG00000027901,0.464874497983746,1.16822850108867
ENSSSCG00000015707,1.52568015604393,2.50823576496658
ENSSSCG00000040715,-0.428350711608159,0.973180333493209
ENSSSCG00000032198,4.71501721401504,5.14965956688406
ENSSSCG00000054718,1.91786723757113,1.74525785846237
ENSSSCG00000057261,2.76853794482827,3.31500426226794
ENSSSCG00000056347,2.2936384687718,2.72355196361232
ENSSSCG00000035195,4.50486542783186,4.51520026500107
ENSSSCG00000040172,1.38785577819136,-1.95450014976733
ENSSSCG00000040467,-0.357369586612393,-1.95450014976733
ENSSSCG00000048143,3.30007972835331,4.41625798189372
ENSSSCG00000039416,2.3263468361721,5.1000493064153
ENSSSCG00000015689,6.47449074986199,6.34490606664981
ENSSSCG00000035564,4.76359540736435,4.34855141568573
ENSSSCG00000015691,-0.581735609749139,-0.220998320347156
ENSSSCG00000015690,7.26062843117933,6.86721997070623
ENSSSCG00000015692,6.1845556477685,5.76167175758823
ENSSSCG00000015694,3.70433327790565,3.60810942381796
ENSSSCG00000054388,2.93331482807627,2.42585407584627
ENSSSCG00000053166,5.44552166727116,4.94008003692927
ENSSSCG00000047029,-0.847537601777033,1.47724380910331
ENSSSCG00000056234,-0.847537601777033,-0.801432154592459
ENSSSCG00000055030,0.254375037426665,1.04116884334027
ENSSSCG00000054690,-1.76904577456744,0.0226960489355265
ENSSSCG00000055303,-1.76904577456744,1.32191137878578
ENSSSCG00000053862,0.901016344624057,2.05031729144738
ENSSSCG00000016133,5.39116116467913,4.92815897360019
ENSSSCG00000016134,4.16546541539058,4.01549530322572
ENSSSCG00000016148,-0.581735609749139,-0.883096611932229
ENSSSCG00000016123,3.80059431048723,4.46038240857897
ENSSSCG00000036676,3.23265945709217,3.34669612062099
ENSSSCG00000029998,4.09444761981556,5.11983658051618
ENSSSCG00000042730,-2.19461582859326,-0.801432154592459
ENSSSCG00000034395,4.80479961529095,5.42987977068145
ENSSSCG00000036466,4.11643416412382,3.84210527044791
ENSSSCG00000024696,4.88749504449792,4.58709047272221
ENSSSCG00000016140,4.23888902665658,5.5991974791889
ENSSSCG00000016141,2.42024489322316,2.69569592357175
ENSSSCG00000032040,-0.289717603961706,0.413188112875905
ENSSSCG00000023264,6.45058147464251,6.14826592413892
ENSSSCG00000016147,5.05298290305857,5.63447361566585
ENSSSCG00000016151,4.0849212646763,3.27320708811375
ENSSSCG00000016153,-3.86672707663002,-0.883096611932229
ENSSSCG00000032311,3.28905954937994,3.43358701597623
ENSSSCG00000022830,3.10651622932763,4.24904303055937
ENSSSCG00000016156,5.24484823257263,5.57551003136605
ENSSSCG00000022197,6.29540363813723,6.48575969529691
ENSSSCG00000016395,3.50921472702623,4.32374172398056
ENSSSCG00000023716,1.84449092952033,-1.37962819886108
ENSSSCG00000022011,4.94479293377898,5.07729066509037
ENSSSCG00000015670,4.00635741057301,3.74351563634806
ENSSSCG00000016158,6.01600787558756,6.11250023535335
ENSSSCG00000016159,-2.80087696638474,0.231113683523015
ENSSSCG00000034692,7.29718225633622,7.35630229386342
ENSSSCG00000023746,3.03575936923339,1.9711966741643
ENSSSCG00000015857,6.95507508788572,6.3091584440792
ENSSSCG00000026383,4.65189981179729,3.89512044445611
ENSSSCG00000055275,-0.0469734082326686,-2.92464516734468
ENSSSCG00000016125,3.11277986246647,3.9492085934676
ENSSSCG00000051934,0.384321665410682,-0.275097240265819
ENSSSCG00000016127,6.44624780663995,6.14118336788843
ENSSSCG00000043724,-1.96619539223541,0.0226960489355265
ENSSSCG00000042361,-0.665011214899346,-0.51439395667637
ENSSSCG00000061770,-0.503005667143942,0.269413319240056
ENSSSCG00000059296,-0.357369586612393,-0.118530588140316
ENSSSCG00000027331,9.28210840139789,7.33445207422135
ENSSSCG00000060173,2.2936384687718,2.66729142251727
ENSSSCG00000016128,8.83667156155012,8.79751784426126
ENSSSCG00000054139,-2.80087696638474,-0.51439395667637
ENSSSCG00000057595,-1.3010534406464,-0.275097240265819
ENSSSCG00000016129,0.160749279997622,-0.389789821758014
ENSSSCG00000016130,0.0606232623061967,1.22779433856161
ENSSSCG00000021343,3.80446909682012,3.31041948340265
ENSSSCG00000016131,1.63416494499211,-0.0699026685752995
ENSSSCG00000016090,7.29511823049997,7.17020246830608
ENSSSCG00000032849,5.24627335715376,3.17069667254303
ENSSSCG00000025228,7.18758931328347,7.19715094287861
ENSSSCG00000015859,5.87940879954577,5.42776464661024
ENSSSCG00000016323,6.29952792625934,6.04993041532547
ENSSSCG00000016342,3.6493795680761,3.55483521845066
ENSSSCG00000028633,5.68398334113068,6.29878000699393
ENSSSCG00000016338,4.90022485631319,5.38588753273133
ENSSSCG00000039230,5.04972194436967,4.78348093324524
ENSSSCG00000016313,-0.428350711608159,-2.14284221802902
ENSSSCG00000034293,4.35175832587546,3.65225776258048
ENSSSCG00000016317,5.93966739413813,5.05964148476002
ENSSSCG00000016091,2.83823600625996,2.70969117426895
ENSSSCG00000016092,3.2498121961957,2.63831642849982
ENSSSCG00000029606,4.45889496847324,3.55483521845066
ENSSSCG00000016321,6.74381148435045,6.92422110704448
ENSSSCG00000016306,5.54498875858328,5.94143662332774
ENSSSCG00000036274,6.82664272422743,7.59460589373862
ENSSSCG00000024777,3.46093196454201,4.43111657790223
ENSSSCG00000015839,1.0124140211341,0.574837615712797
ENSSSCG00000016322,6.34479893242141,5.12376167547887
ENSSSCG00000016340,4.7715350926611,4.95924410147895
ENSSSCG00000016330,7.59352723541701,7.6068099777534
ENSSSCG00000022671,0.425160216794395,0.480036609493032
ENSSSCG00000015840,4.04617405879646,4.4870363037077
ENSSSCG00000038933,2.13035473334754,2.60874755476081
ENSSSCG00000015842,6.75135874307864,6.36051394476347
ENSSSCG00000015843,4.93951689313395,4.97671087018968
ENSSSCG00000015844,5.88582352032607,5.37055321163737
ENSSSCG00000016331,2.88289833635537,1.95953100743037
ENSSSCG00000027723,4.64327160330782,4.29153587546859
ENSSSCG00000015845,5.81844061647371,5.40213828602634
ENSSSCG00000047196,0.299003801631898,0.191769503652254
ENSSSCG00000015846,7.37219950311783,7.1375737339132
ENSSSCG00000038895,5.24342169883128,4.66816510265311
ENSSSCG00000016334,0.901016344624057,1.47724380910331
ENSSSCG00000038085,6.35275927468565,6.11381646044779
ENSSSCG00000033402,8.88949864761875,8.57572544708302
ENSSSCG00000052231,3.00241297879237,1.0847773181148
ENSSSCG00000055535,0.464874497983746,0.0226960489355265
ENSSSCG00000056992,-0.847537601777033,-0.51439395667637
ENSSSCG00000016335,-0.289717603961706,-0.969662564375006
ENSSSCG00000050081,-3.23753225397681,-0.801432154592459
ENSSSCG00000041970,0.208321522646333,0.109708133942356
ENSSSCG00000053201,-0.428350711608159,-0.389789821758014
ENSSSCG00000026600,-0.503005667143942,-1.78793082929158
ENSSSCG00000055073,-0.581735609749139,-1.63861791175253
ENSSSCG00000016339,5.35330768335951,5.86142176324893
ENSSSCG00000016343,0.464874497983746,-0.389789821758014
ENSSSCG00000048787,2.19081381452182,2.57091330440077
ENSSSCG00000060414,0.577851083508549,2.07214846811371
ENSSSCG00000058313,0.715917087066103,1.63223675073198
ENSSSCG00000060686,1.06504496640639,0.973180333493209
ENSSSCG00000016093,0.299003801631898,-0.650786169073976
ENSSSCG00000016094,7.52619746848852,7.24268130898383
ENSSSCG00000016095,7.24146239121007,8.0681203613358
ENSSSCG00000016096,4.45889496847324,4.48500339608165
ENSSSCG00000039654,5.98048482629214,6.15275496903257
ENSSSCG00000016098,4.06244538145152,4.57948903027153
ENSSSCG00000036339,5.04808869679453,5.340511529379
ENSSSCG00000016100,5.0167004315769,4.37294166379433
ENSSSCG00000016101,6.28642702666139,6.81233944506439
ENSSSCG00000026940,3.1619333712404,4.19036603229008
ENSSSCG00000028157,3.94449298372399,4.60965740618034
ENSSSCG00000016105,6.4021797290297,6.89810429888002
ENSSSCG00000016104,5.34401987924769,5.1445170466678
ENSSSCG00000031271,5.9761970324872,6.0959452923175
ENSSSCG00000016107,-2.19461582859326,-1.16013180230037
ENSSSCG00000035161,4.25029764203057,4.09495428970218
ENSSSCG00000026184,1.58094201213036,0.0226960489355265
ENSSSCG00000016109,5.90218872836787,5.24763977535899
ENSSSCG00000022296,2.30462385924679,1.63223675073198
ENSSSCG00000016110,5.77170417730265,6.58019739651148
ENSSSCG00000035842,6.60073945041328,6.39718991038327
ENSSSCG00000022225,6.29815447316467,6.37978929670078
ENSSSCG00000016113,4.89659921430897,5.26432994424249
ENSSSCG00000016114,4.59038978281825,5.05416724204454
ENSSSCG00000016115,1.16487493893756,0.747577553315015
ENSSSCG00000016116,4.82972953084583,4.94600383179658
ENSSSCG00000016117,4.32503253135323,4.88410012111093
ENSSSCG00000055761,4.57686080612584,3.7771330249621
ENSSSCG00000034630,6.34080222946135,6.66659081045535
ENSSSCG00000016119,3.16796145904304,4.60029737845565
ENSSSCG00000055400,4.1226549774172,3.77047192295446
ENSSSCG00000016111,4.8911436095687,5.28667640650282
ENSSSCG00000059844,-0.753389730293386,-0.275097240265819
ENSSSCG00000057139,0.613625923982859,0.973180333493209
ENSSSCG00000043041,-0.753389730293386,0.692264219933096
ENSSSCG00000062970,2.15484323487455,2.8105396921843
ENSSSCG00000059497,-0.753389730293386,0.151322202724095
ENSSSCG00000059754,4.29229401201672,5.09205777636976
ENSSSCG00000062210,-1.76904577456744,-0.168854921246468
ENSSSCG00000057431,1.0124140211341,2.00563815946422
ENSSSCG00000060191,-0.357369586612393,0.0226960489355265
ENSSSCG00000043569,-2.19461582859326,-0.969662564375006
ENSSSCG00000061566,0.715917087066103,0.720185961482743
ENSSSCG00000019687,-0.103938698558373,-0.275097240265819
ENSSSCG00000040898,-0.357369586612393,-0.389789821758014
ENSSSCG00000016118,3.32187072016948,4.04890728373521
ENSSSCG00000016034,12.1296524422445,9.8691114756699
ENSSSCG00000016035,8.34205447913551,6.87655488764574
ENSSSCG00000016036,4.50962029612688,4.76349340141369
ENSSSCG00000027157,7.83262500628406,7.59035723476812
ENSSSCG00000031954,5.49311434397645,6.08993870064144
ENSSSCG00000032814,6.68144179589663,7.22999200753806
ENSSSCG00000016067,4.51199186645499,5.02787710037138
ENSSSCG00000055181,1.68549407120461,0.949786352523971
ENSSSCG00000016069,4.41648385734215,4.50319725601001
ENSSSCG00000016070,5.02170209995882,5.40536658545118
ENSSSCG00000061027,1.03896948409484,3.56641789445968
ENSSSCG00000016073,4.92357200461984,5.63996552075176
ENSSSCG00000016074,4.03302356480932,5.16370770388431
ENSSSCG00000063544,5.79915075930658,6.45752773087914
ENSSSCG00000016076,4.58589420574893,4.52907871456189
ENSSSCG00000016077,7.6116086958144,7.54131045015336
ENSSSCG00000016078,6.94238265818089,6.70901085784082
ENSSSCG00000016079,5.44055040525091,5.35838942375188
ENSSSCG00000037483,4.25879528568933,4.33055042563357
ENSSSCG00000061867,-0.103938698558373,0.663791401431833
ENSSSCG00000021657,-1.3010534406464,-1.16013180230037
ENSSSCG00000016085,1.46821691359075,1.32191137878578
ENSSSCG00000016086,2.49886972135825,3.22042040807826
ENSSSCG00000016087,1.93210506278503,2.07214846811371
ENSSSCG00000016041,4.72527344407132,3.64134668663261
ENSSSCG00000041398,1.36704606077518,0.269413319240056
ENSSSCG00000016042,-0.0469734082326686,0.109708133942356
ENSSSCG00000016043,4.61927445861329,4.92666189067731
ENSSSCG00000016045,4.16847523767911,3.85790121470869
ENSSSCG00000016044,6.09959147502783,5.19015285975934
ENSSSCG00000033941,-0.225096418835447,-0.220998320347156
ENSSSCG00000016049,4.8144390928187,4.19285915148559
ENSSSCG00000016050,3.95498970508926,3.3733172519404
ENSSSCG00000016052,4.43159525549974,5.08938406542582
ENSSSCG00000016053,3.38015241180071,4.21265050656083
ENSSSCG00000029547,6.18826756614202,6.81517407923773
ENSSSCG00000016056,5.61615930946387,6.53669824795335
ENSSSCG00000016057,7.30438318064357,6.79603381348981
ENSSSCG00000016059,0.0606232623061967,-0.51439395667637
ENSSSCG00000016061,4.27284773568795,5.78085602893012
ENSSSCG00000016062,3.70433327790565,5.32582082220544
ENSSSCG00000026618,7.2133207084787,5.6937644901338
ENSSSCG00000016064,1.16487493893756,0.413188112875905
ENSSSCG00000034494,3.07478353700702,3.57025821344925
ENSSSCG00000059388,-1.1736270562095,-0.724143750785594
ENSSSCG00000050974,0.715917087066103,1.49351421091838
ENSSSCG00000048686,-1.44083485948891,-0.331304090129519
ENSSSCG00000056318,-1.44083485948891,0.306722442383792
ENSSSCG00000057911,0.929682484613295,1.74525785846237
ENSSSCG00000062435,3.48043940001491,4.5132066856359
ENSSSCG00000016075,9.06711948855201,9.22699128152543
ENSSSCG00000016083,3.687646296855,4.08693440817365
ENSSSCG00000015944,5.89584652108012,6.39881050903564
ENSSSCG00000015945,2.70362447409169,2.8426478762261
ENSSSCG00000015947,3.1190164188074,3.59685796798648
ENSSSCG00000025049,4.98802536178947,5.27965695146664
ENSSSCG00000015914,0.0606232623061967,-0.168854921246468
ENSSSCG00000034351,4.23315070803212,4.44791253296088
ENSSSCG00000036153,0.384321665410682,0.747577553315015
ENSSSCG00000022496,5.35066012076935,4.37513864775259
ENSSSCG00000032715,3.29458016119167,5.20998112125776
ENSSSCG00000015923,4.69010062728508,4.2297479873508
ENSSSCG00000015924,3.70847503872281,4.22244529248072
ENSSSCG00000027516,5.76972358092888,5.58218181426737
ENSSSCG00000023297,4.20411167631061,4.34182733773723
ENSSSCG00000015965,2.27141351306507,2.365253495496
ENSSSCG00000027348,5.86463858473915,5.21857102134315
ENSSSCG00000022345,5.54151050910773,5.14580439623947
ENSSSCG00000038076,5.94757341459021,5.97006143224194
ENSSSCG00000015973,7.10673698541204,6.48015732698732
ENSSSCG00000015976,4.58814374536442,4.82586006078474
ENSSSCG00000015926,3.02915146757585,2.79749362501286
ENSSSCG00000015930,0.54116651967454,-0.650786169073976
ENSSSCG00000040746,8.11634897169691,7.09088444524233
ENSSSCG00000015931,4.41648385734215,4.31918467198056
ENSSSCG00000057938,0.715917087066103,1.50960316311779
ENSSSCG00000015933,3.75727032724029,3.96679654586605
ENSSSCG00000031123,5.96498875953844,6.02216100292006
ENSSSCG00000015948,6.57601812695717,6.48779153824775
ENSSSCG00000015935,6.00762900074542,5.68316399576586
ENSSSCG00000015936,2.24884081421465,2.66729142251727
ENSSSCG00000015937,5.50149287996121,4.90705710793194
ENSSSCG00000015938,6.91755255407609,6.84520069333919
ENSSSCG00000028458,3.55132938706797,3.57025821344925
ENSSSCG00000015940,5.9796282864158,6.2324693951826
ENSSSCG00000015949,5.35595039617245,5.110636281969
ENSSSCG00000032177,-0.163246077098895,-0.220998320347156
ENSSSCG00000015952,5.13374039696751,4.87946455938814
ENSSSCG00000015951,2.86816398685734,3.10338271409922
ENSSSCG00000038355,0.613625923982859,-1.16013180230037
ENSSSCG00000035909,4.8984131742625,4.7346951513459
ENSSSCG00000015955,7.89528174333666,7.87535817489584
ENSSSCG00000015943,7.30335667508635,6.528332409601
ENSSSCG00000015958,4.53782503655746,4.68597262264268
ENSSSCG00000015959,3.42110749162517,3.60436867998078
ENSSSCG00000034741,-3.86672707663002,-0.724143750785594
ENSSSCG00000015981,0.503524755598007,1.01886012427252
ENSSSCG00000015982,3.1739644641406,3.28260055852538
ENSSSCG00000040349,4.1350167064359,3.57790831911178
ENSSSCG00000015984,3.687646296855,3.34221111301098
ENSSSCG00000015985,2.57343015789845,2.39153747277534
ENSSSCG00000022222,4.41141134471524,3.93438638112435
ENSSSCG00000015960,7.73195093754245,6.46321849428923
ENSSSCG00000015961,1.59890203838796,0.877238412496071
ENSSSCG00000015962,6.46656493671401,6.86643932763788
ENSSSCG00000015963,5.67024659698809,5.25600899520151
ENSSSCG00000053311,-0.753389730293386,-0.650786169073976
ENSSSCG00000057272,0.957790112127212,0.378565244869403
ENSSSCG00000058055,-0.753389730293386,0.343090997642991
ENSSSCG00000056611,-1.44083485948891,-0.883096611932229
ENSSSCG00000058207,-0.665011214899346,0.6051024001257
ENSSSCG00000043455,-0.503005667143942,0.066857978120369
ENSSSCG00000050000,-0.753389730293386,-0.168854921246468
ENSSSCG00000016185,7.65141475011021,7.27068312751636
ENSSSCG00000022483,-0.289717603961706,-0.51439395667637
ENSSSCG00000060885,4.88200483734661,4.67531450848851
ENSSSCG00000016186,6.8093924461019,7.02630093721764
ENSSSCG00000029002,4.96050626508286,5.09872045509257
ENSSSCG00000016187,6.19713739729944,5.98883390124371
ENSSSCG00000036938,6.92469058353309,7.06321842746895
ENSSSCG00000016196,0.160749279997622,3.45035440098084
ENSSSCG00000016194,3.83130506323569,4.61710194951013
ENSSSCG00000016193,4.97433142754565,4.91160499201842
ENSSSCG00000016192,0.503524755598007,0.574837615712797
ENSSSCG00000016191,4.74556972528045,5.13287891361078
ENSSSCG00000035775,3.40588525623016,3.74351563634806
ENSSSCG00000016202,4.42153859749542,4.56608936394891
ENSSSCG00000026964,6.08214086519482,6.97254079558484
ENSSSCG00000039798,-1.1736270562095,-0.580978849888471
ENSSSCG00000015671,-0.581735609749139,-0.220998320347156
ENSSSCG00000057499,4.16546541539058,3.63035246116121
ENSSSCG00000034942,2.27141351306507,8.45914508513569
ENSSSCG00000021898,5.44055040525091,5.05553775130832
ENSSSCG00000022301,5.04481664425098,4.09495428970218
ENSSSCG00000015821,-0.753389730293386,-2.14284221802902
ENSSSCG00000038325,-0.225096418835447,-1.37962819886108
ENSSSCG00000015823,5.81364227816825,7.27274678633631
ENSSSCG00000040833,3.67922986478886,3.85790121470869
ENSSSCG00000015826,4.67324723903207,4.77018672736608
ENSSSCG00000039480,6.51584478474841,6.57590602921067
ENSSSCG00000055460,5.91837037795675,5.64087880916913
ENSSSCG00000063257,-1.96619539223541,-1.16013180230037
ENSSSCG00000016026,0.682619433441756,0.109708133942356
ENSSSCG00000034468,4.87280780620412,5.20628402100338
ENSSSCG00000016189,6.30978735722283,6.07717539262343
ENSSSCG00000036261,7.70862048960488,7.80702554865073
ENSSSCG00000055566,5.03495572321738,5.00394124006963
ENSSSCG00000016378,5.37431506969936,5.74562917790958
ENSSSCG00000016376,5.55652272965553,5.29598286646743
ENSSSCG00000016379,9.19632622162653,8.15043001752848
ENSSSCG00000016370,8.33905227878543,8.06981681738407
ENSSSCG00000016368,5.2674829985145,4.80319533155293
ENSSSCG00000016372,7.03062547278867,6.67820328401896
ENSSSCG00000016400,2.2936384687718,2.49213147082896
ENSSSCG00000032684,5.66492820995438,3.71604607471925
ENSSSCG00000016374,3.9480003834444,4.01830938072386
ENSSSCG00000032919,5.04153715377392,4.89791810285523
ENSSSCG00000034147,4.06567773954214,3.47104325081593
ENSSSCG00000032505,5.47620986718893,5.99170041506532
ENSSSCG00000063392,1.87429076377796,2.02815067824639
ENSSSCG00000034101,5.73359986282554,5.66801203256123
ENSSSCG00000016201,5.71003809571865,6.20556145759016
ENSSSCG00000016199,6.85727605251591,6.72933284678657
ENSSSCG00000016200,6.27040720341848,5.752405703916
ENSSSCG00000036932,4.11018641085633,4.31232199028989
ENSSSCG00000040776,-0.665011214899346,-2.92464516734468
ENSSSCG00000016203,8.06114286214963,8.08767766485739
ENSSSCG00000016204,3.77712447056215,2.82346884227012
ENSSSCG00000016206,5.33064699839321,5.38697662977849
ENSSSCG00000016207,7.08141082504213,7.08216959946934
ENSSSCG00000016208,6.2139869742699,6.35940467882434
ENSSSCG00000016210,5.10103291556719,5.08536418513511
ENSSSCG00000016211,6.08851099069362,6.17436239489551
ENSSSCG00000016213,6.43441894783533,6.01090182526073
ENSSSCG00000016214,5.63259946788818,5.48889304722516
ENSSSCG00000016216,5.01168136260575,5.24283547503455
ENSSSCG00000016215,7.59688245276723,7.53567460042722
ENSSSCG00000016217,6.22631573591839,6.15467457772596
ENSSSCG00000016218,1.36704606077518,0.512334077457971
ENSSSCG00000016220,5.35858827694324,4.99253840187292
ENSSSCG00000020785,11.8012999078492,10.454590715892
ENSSSCG00000032522,5.66705791804507,5.32354737676457
ENSSSCG00000023935,5.43431214131581,4.31461317996126
ENSSSCG00000029968,-1.5956269400881,-0.450747065242323
ENSSSCG00000021610,7.36040315376037,6.18065641669654
ENSSSCG00000027541,3.00914420339244,2.33848175918667
ENSSSCG00000028052,7.05278441749535,6.83645747177524
ENSSSCG00000020771,5.15058146108026,3.09807225595263
ENSSSCG00000032964,6.11994642397527,5.97296545134873
ENSSSCG00000022846,6.88498703143558,6.17499303416117
ENSSSCG00000029694,-1.76904577456744,-1.26570965698543
ENSSSCG00000016170,1.68549407120461,2.06127417365364
ENSSSCG00000016183,0.682619433441756,-2.35951718500686
ENSSSCG00000015808,5.679770564481,5.9250351604941
ENSSSCG00000028592,5.16572277241516,4.86390422302666
ENSSSCG00000015810,1.97399439525949,-1.06175616837389
ENSSSCG00000033367,5.80109139284451,5.59449100120661
ENSSSCG00000056490,0.425160216794395,-0.580978849888471
ENSSSCG00000015814,5.27308663423354,5.08402173209733
ENSSSCG00000015815,6.44065675094933,5.55336865370819
ENSSSCG00000015816,3.09390678499242,3.30582008798424
ENSSSCG00000015820,5.61063735965376,6.12821623096523
ENSSSCG00000015819,4.51908327577939,3.9956415516376
ENSSSCG00000015818,6.89637800238872,6.23610008080222
ENSSSCG00000015742,1.56275558109478,1.9711966741643
ENSSSCG00000015741,5.6860851253102,5.68935707930839
ENSSSCG00000035189,3.06835237360559,1.24711535386201
ENSSSCG00000015735,5.24199375314019,4.58898459175176
ENSSSCG00000015734,5.29941065122135,5.18515291893786
ENSSSCG00000035628,6.21835034237374,5.29945736955974
ENSSSCG00000027105,3.72082945328224,3.9521548491966
ENSSSCG00000036898,5.84690025949764,5.54168030917606
ENSSSCG00000040778,2.96827754751789,3.4251296745628
ENSSSCG00000023665,5.12447082125399,5.44669004730918
ENSSSCG00000039562,6.13387194221136,6.28190054376172
ENSSSCG00000028195,3.36448946922339,3.31500426226794
ENSSSCG00000031951,6.68827342501699,6.88390243079287
ENSSSCG00000023693,1.58094201213036,0.720185961482743
ENSSSCG00000030354,2.35833005876887,3.13484139978675
ENSSSCG00000015721,5.31171423825221,5.34388055351079
ENSSSCG00000043454,1.58094201213036,2.14605650303391
ENSSSCG00000015720,5.48950859352899,5.35505415036125
ENSSSCG00000041958,3.82368844563602,4.20526052872888
ENSSSCG00000036716,8.49629133652065,8.22495021487553
ENSSSCG00000035392,6.62010604425435,8.02557194817632
ENSSSCG00000015861,5.65852015719198,5.93698195732136
ENSSSCG00000015860,3.82368844563602,4.00418377936075
ENSSSCG00000015862,7.48060975630666,6.1019269794898
ENSSSCG00000040850,1.52568015604393,0.720185961482743
ENSSSCG00000015864,1.11582327058225,2.74409661085484
ENSSSCG00000035410,5.86834533915859,6.11775794598201
ENSSSCG00000015866,4.74153324753273,5.57837314574566
ENSSSCG00000015867,6.67510683408701,6.74428243202522
ENSSSCG00000015868,4.06890287172142,4.40769813818823
ENSSSCG00000016173,4.55402670367844,4.77518642149061
ENSSSCG00000016175,4.93951689313395,5.75071455416101
ENSSSCG00000022758,6.21617030792321,5.91525501111494
ENSSSCG00000057002,2.35833005876887,2.81701875074225
ENSSSCG00000016177,5.37561792995261,5.51203831636048
ENSSSCG00000016174,7.79416899360026,7.39687345211189
ENSSSCG00000035501,5.40908579004245,5.82973329109401
ENSSSCG00000055833,-0.753389730293386,-1.06175616837389
ENSSSCG00000016381,6.36264833105935,6.10391537650034
ENSSSCG00000020790,5.46523716534922,5.04177371669394
ENSSSCG00000047413,2.15484323487455,1.42730178812359
ENSSSCG00000016364,6.16132610674691,5.3978226187547
ENSSSCG00000028180,4.02640309177669,4.05987483918574
ENSSSCG00000016367,5.83084211716475,5.68493616264104
ENSSSCG00000037779,4.42657568927857,4.37294166379433
ENSSSCG00000040095,2.35833005876887,2.82989022463114
ENSSSCG00000035083,-0.753389730293386,-2.61458503095514
ENSSSCG00000016401,3.14980110290371,2.93489537211092
ENSSSCG00000015825,6.66555192676592,6.02985102918411
ENSSSCG00000015850,3.60118729289602,3.30120598251763
ENSSSCG00000015851,5.69027952998719,6.02775781116279
ENSSSCG00000060703,-0.847537601777033,-1.95450014976733
ENSSSCG00000062026,-1.76904577456744,-1.16013180230037
ENSSSCG00000056762,-2.19461582859326,-0.801432154592459
ENSSSCG00000022797,5.11358049906133,5.752405703916
ENSSSCG00000033634,4.40376897767296,4.86233891889993
ENSSSCG00000035366,3.97231628882701,4.31918467198056
ENSSSCG00000015853,6.67510683408701,7.26121148432459
ENSSSCG00000057372,0.0606232623061967,-1.16013180230037
ENSSSCG00000035828,3.86137567700507,2.51622099743307
ENSSSCG00000033126,6.87212144961524,7.01295936436146
ENSSSCG00000028679,7.26766284361241,7.03744103553558
ENSSSCG00000016002,1.324503892854,1.64685816540168
ENSSSCG00000016005,4.078535234066,4.57758239510248
ENSSSCG00000016205,4.3909410410296,3.68804331147842
ENSSSCG00000016349,5.98134085793546,5.48686275610195
ENSSSCG00000055593,0.208321522646333,-0.168854921246468
ENSSSCG00000051581,-0.581735609749139,-2.35951718500686
ENSSSCG00000016365,5.66279535333771,5.7625111824746
ENSSSCG00000016212,4.45889496847324,5.08938406542582
ENSSSCG00000015673,0.299003801631898,1.16822850108867
ENSSSCG00000025298,3.9480003834444,4.04062655214545
ENSSSCG00000015355,5.76674757879586,3.20073608502629
ENSSSCG00000015356,-0.753389730293386,-1.37962819886108
ENSSSCG00000015357,0.715917087066103,-0.650786169073976
ENSSSCG00000015358,1.97399439525949,2.00563815946422
ENSSSCG00000021126,2.27141351306507,-1.37962819886108
ENSSSCG00000015360,6.02433836851206,5.92428519067748
ENSSSCG00000023118,6.46778713030321,5.71560181000942
ENSSSCG00000024591,2.36883548604693,2.02815067824639
ENSSSCG00000015378,2.72012870992577,4.51917917826996
ENSSSCG00000015379,6.90316966280706,7.33783526171644
ENSSSCG00000015380,4.20704202388818,4.46038240857897
ENSSSCG00000038345,1.324503892854,2.6815635771672
ENSSSCG00000015362,7.93227405844656,7.39984381122744
ENSSSCG00000015363,7.97114523953773,6.22822201477353
ENSSSCG00000030484,5.30625892722141,6.26896238919244
ENSSSCG00000024761,6.21980187070191,6.56536196584048
ENSSSCG00000039946,4.99651853080829,4.49917395813283
ENSSSCG00000015368,4.05270462609372,4.29618096237515
ENSSSCG00000023303,2.43031054195301,2.22613179775697
ENSSSCG00000054202,5.94582026151599,4.88872083587974
ENSSSCG00000026412,6.08054392927326,6.82122960541885
ENSSSCG00000022126,7.61987816133823,7.50565701481387
ENSSSCG00000015350,1.94620374824525,3.1554391108737
ENSSSCG00000032740,7.31562679813719,7.42551059993238
ENSSSCG00000022543,-0.665011214899346,0.066857978120369
ENSSSCG00000049585,-1.44083485948891,0.0226960489355265
ENSSSCG00000015353,6.01014777674239,6.53227531833747
ENSSSCG00000022009,1.25824180569868,0.720185961482743
ENSSSCG00000032709,5.58496057151398,6.84638885596696
ENSSSCG00000024313,7.01900024519931,6.56439958232909
ENSSSCG00000026722,5.53336183276853,5.20010105495464
ENSSSCG00000058909,3.23265945709217,2.3740681350203
ENSSSCG00000058419,3.20361043539168,4.24664521557974
ENSSSCG00000041760,0.160749279997622,-0.724143750785594
ENSSSCG00000015636,-1.44083485948891,-0.801432154592459
ENSSSCG00000055058,-0.753389730293386,-0.118530588140316
ENSSSCG00000054060,-0.94826101088964,-0.0699026685752995
ENSSSCG00000015631,5.37691961468825,5.28784300238516
ENSSSCG00000015632,2.24884081421465,2.81701875074225
ENSSSCG00000038506,7.25533002129771,7.7579908799825
ENSSSCG00000031141,3.26113509577104,3.74011040864293
ENSSSCG00000015611,4.76558442885361,5.04591673274906
ENSSSCG00000015612,6.41046623348265,6.81517407923773
ENSSSCG00000015613,5.4267904428598,5.72252051528377
ENSSSCG00000032721,4.92535238635861,3.80673314746425
ENSSSCG00000015616,7.52971278821294,6.62196083442876
ENSSSCG00000015618,6.09406187066253,5.32127034309977
ENSSSCG00000015619,6.41744090628868,5.4838119520761
ENSSSCG00000015617,5.50506883889163,3.07122273561747
ENSSSCG00000052946,1.87429076377796,0.901828647831401
ENSSSCG00000053833,3.27236981988504,3.20073608502629
ENSSSCG00000058599,2.23742062690637,1.12710621877915
ENSSSCG00000047638,0.208321522646333,-1.16013180230037
ENSSSCG00000061561,-2.19461582859326,-1.26570965698543
ENSSSCG00000035996,-0.0469734082326686,1.39302001591966
ENSSSCG00000051304,-0.428350711608159,-0.220998320347156
ENSSSCG00000019663,0.985360575284754,0.6051024001257
ENSSSCG00000019034,0.208321522646333,-0.51439395667637
ENSSSCG00000014976,2.17892299365621,2.21636209324052
ENSSSCG00000024022,4.35440387570681,3.18579456145464
ENSSSCG00000014977,6.44500722099438,3.17574687812892
ENSSSCG00000015020,2.20260743080709,3.24945229500085
ENSSSCG00000015021,6.09643429676453,6.47453311835316
ENSSSCG00000015022,2.84577640620797,2.4593733377272
ENSSSCG00000032941,5.41670011830492,5.97803346129117
ENSSSCG00000029538,6.24497002767552,6.1019269794898
ENSSSCG00000015023,4.79509529737617,5.07998686161452
ENSSSCG00000015027,5.12136768000582,4.71401521850457
ENSSSCG00000021871,2.31552623327911,2.15631236722569
ENSSSCG00000036724,4.34645262770698,4.59276538571074
ENSSSCG00000015035,3.1190164188074,3.68804331147842
ENSSSCG00000049415,2.04121546325762,3.04386403660711
ENSSSCG00000015036,4.0230814273829,4.86546783066061
ENSSSCG00000015030,5.87111916829035,6.05199173168006
ENSSSCG00000015031,5.59282373515322,5.84724801977206
ENSSSCG00000015044,4.88566729592073,5.22954055560272
ENSSSCG00000023599,4.69637023349235,4.11349577089499
ENSSSCG00000015034,6.60463362304902,6.52536814013179
ENSSSCG00000015037,2.91192312854079,2.46763286697893
ENSSSCG00000037207,-2.46613199464794,-0.650786169073976
ENSSSCG00000015320,0.342293330875861,2.28340015971318
ENSSSCG00000015322,7.88525480439967,7.15366043129241
ENSSSCG00000015329,4.58364115303315,5.05416724204454
ENSSSCG00000058261,2.46009285868458,-0.650786169073976
ENSSSCG00000015039,3.44115713916546,2.51622099743307
ENSSSCG00000015040,6.5270270215322,5.90616795325767
ENSSSCG00000014975,1.18878921645065,0.109708133942356
ENSSSCG00000015332,3.89447243966319,3.16054291465792
ENSSSCG00000029515,6.33746316494008,0.574837615712797
ENSSSCG00000015333,0.254375037426665,-0.580978849888471
ENSSSCG00000015331,6.38740137189358,5.03623112272814
ENSSSCG00000015334,7.13816586517304,8.26652165865195
ENSSSCG00000015335,1.42859580901325,0.44699951176586
ENSSSCG00000015336,5.45541309441167,5.09205777636976
ENSSSCG00000015205,4.67324723903207,3.76712980316208
ENSSSCG00000022504,4.97261051016001,6.62427160872145
ENSSSCG00000037534,-2.19461582859326,-1.26570965698543
ENSSSCG00000014987,1.93210506278503,-0.883096611932229
ENSSSCG00000014988,-0.753389730293386,-0.450747065242323
ENSSSCG00000015233,4.54710539925421,4.70006205475833
ENSSSCG00000014989,4.31691728672147,4.04890728373521
ENSSSCG00000025806,5.48468686477405,5.28784300238516
ENSSSCG00000015513,4.97088753752788,2.92293121210674
ENSSSCG00000015227,8.27608891065388,7.36958592741645
ENSSSCG00000033937,6.5270270215322,6.67820328401896
ENSSSCG00000015515,3.57420588393168,0.574837615712797
ENSSSCG00000015534,5.20289507761488,5.24523962503824
ENSSSCG00000015537,5.24056439270157,5.45917044831815
ENSSSCG00000030017,4.21288492323123,4.34631353672184
ENSSSCG00000015538,3.67500316435656,2.93489537211092
ENSSSCG00000014994,5.90399567838253,5.94365880885875
ENSSSCG00000015539,5.67024659698809,5.94587757681716
ENSSSCG00000022413,3.61449109850641,3.71257530994849
ENSSSCG00000015540,4.0976091439326,3.70909617524253
ENSSSCG00000015231,4.70882829460585,4.42051893344859
ENSSSCG00000015535,8.24381341184898,7.75250868478001
ENSSSCG00000015232,5.61726116770112,4.51719109335176
ENSSSCG00000015462,4.2978022842804,3.61184049341146
ENSSSCG00000015337,6.37768110772643,5.59165972688983
ENSSSCG00000022525,5.27028753703853,5.47871289831245
ENSSSCG00000015473,5.50982303793026,4.83386908399589
ENSSSCG00000015474,4.25596829550492,2.63098083117467
ENSSSCG00000038838,0.00782776903463305,-2.35951718500686
ENSSSCG00000023850,1.87429076377796,1.98276876816261
ENSSSCG00000021059,-0.289717603961706,0.151322202724095
ENSSSCG00000015234,-0.665011214899346,-1.16013180230037
ENSSSCG00000015340,4.3727881211328,4.17026444217737
ENSSSCG00000030681,-1.3010534406464,-0.450747065242323
ENSSSCG00000038187,4.34379244348994,5.5090403430447
ENSSSCG00000015252,5.23051901992888,5.09472654135632
ENSSSCG00000015342,-0.289717603961706,6.58779511736259
ENSSSCG00000015476,2.38961959335877,-0.883096611932229
ENSSSCG00000015253,3.76921557047862,-0.650786169073976
ENSSSCG00000015343,5.29941065122135,5.8637705745315
ENSSSCG00000015480,7.29236159453023,7.75293113250005
ENSSSCG00000023886,5.16722820003293,5.00394124006963
ENSSSCG00000036169,4.46135133452517,4.54867630156947
ENSSSCG00000015345,3.39564713084774,3.28260055852538
ENSSSCG00000015235,4.7374854445382,4.68420172925064
ENSSSCG00000015346,5.9246145497389,5.52396829632249
ENSSSCG00000035066,1.06504496640639,0.109708133942356
ENSSSCG00000015237,3.76524480197547,3.69157352599349
ENSSSCG00000015482,5.28561579734252,5.25720064454606
ENSSSCG00000015509,6.61680446603454,6.17246882139733
ENSSSCG00000015238,4.76558442885361,5.26076969820633
ENSSSCG00000015512,6.89137705209896,3.35562452275147
ENSSSCG00000039332,3.12522613144149,1.88748384057387
ENSSSCG00000036157,3.66651243189212,4.65556775116873
ENSSSCG00000050125,-2.19461582859326,-0.724143750785594
ENSSSCG00000039322,5.84783931288361,4.33507177356231
ENSSSCG00000015519,4.16847523767911,4.989673554231
ENSSSCG00000015200,3.70017959247316,3.25423464758754
ENSSSCG00000015324,6.89410699193936,7.07880366809061
ENSSSCG00000015201,4.66900294889557,4.75676887724409
ENSSSCG00000036385,4.87465190882293,4.28687578431891
ENSSSCG00000015202,2.24884081421465,0.574837615712797
ENSSSCG00000015203,4.3727881211328,3.88282041528908
ENSSSCG00000021573,5.43306124504807,5.52297789063189
ENSSSCG00000015213,5.27727512359903,4.91009062304634
ENSSSCG00000046103,2.24884081421465,2.76435279581209
ENSSSCG00000015523,6.10745432487798,6.19253993305545
ENSSSCG00000015214,7.63518881063706,7.0104881920723
ENSSSCG00000015522,0.208321522646333,1.04116884334027
ENSSSCG00000049961,1.75121004166391,1.32191137878578
ENSSSCG00000015524,6.21471511934883,6.59205131720545
ENSSSCG00000015525,5.36778306108902,5.09072154028797
ENSSSCG00000024674,3.02915146757585,4.34407218101223
ENSSSCG00000015326,10.9897748860675,8.79792731777609
ENSSSCG00000015215,2.3263468361721,1.37556872975422
ENSSSCG00000021464,3.86879640775838,3.33319905123466
ENSSSCG00000015528,4.56548892997186,5.14965956688406
ENSSSCG00000015527,1.68549407120461,2.52416227528066
ENSSSCG00000015526,2.36883548604693,1.49351421091838
ENSSSCG00000033352,-0.357369586612393,-2.35951718500686
ENSSSCG00000024913,3.54207624329408,3.31041948340265
ENSSSCG00000015222,3.36972936706284,3.54706144775751
ENSSSCG00000035741,5.50982303793026,5.03900508142471
ENSSSCG00000036943,-2.80087696638474,0.191769503652254
ENSSSCG00000015223,0.254375037426665,1.85006449232
ENSSSCG00000015014,2.4403064491966,3.20073608502629
ENSSSCG00000015013,7.44226510930451,7.18217204932025
ENSSSCG00000015144,1.25824180569868,4.20278876677973
ENSSSCG00000029261,5.37039941455435,5.24763977535899
ENSSSCG00000032621,5.88399365152538,6.19129363615115
ENSSSCG00000062714,4.74355289810022,5.4581345286645
ENSSSCG00000053283,2.04121546325762,2.64561491550367
ENSSSCG00000015145,3.82368844563602,4.53694972374157
ENSSSCG00000015327,5.50863595612585,5.49597664971755
ENSSSCG00000015175,4.43909200990628,4.67174423425723
ENSSSCG00000015328,5.65100794331795,4.71574991344735
ENSSSCG00000025661,5.84125306699184,5.62342668667485
ENSSSCG00000036049,8.54603001279631,4.36190627741611
ENSSSCG00000015196,5.93613965223847,6.14053777166292
ENSSSCG00000031091,0.780291912538719,0.6051024001257
ENSSSCG00000015483,3.86879640775838,3.8452783254781
ENSSSCG00000015305,4.51908327577939,4.4583115665278
ENSSSCG00000015197,6.96549537431279,6.37211003195898
ENSSSCG00000015241,4.28399196895503,4.75339482467613
ENSSSCG00000038958,2.71190019265781,1.14781387260733
ENSSSCG00000015307,4.8182769219013,4.55644139906733
ENSSSCG00000015242,5.56225531932501,5.94735486198979
ENSSSCG00000015243,3.14980110290371,3.55095356908917
ENSSSCG00000015244,8.69618289644727,8.58310913754777
ENSSSCG00000050889,-0.94826101088964,0.512334077457971
ENSSSCG00000036436,4.75160334516216,4.86077191459508
ENSSSCG00000015309,4.078535234066,4.62819722810014
ENSSSCG00000015310,6.97153929792345,7.54521809653079
ENSSSCG00000035945,5.16722820003293,5.68847397908818
ENSSSCG00000015246,7.08101155473225,6.82444885649622
ENSSSCG00000015015,-0.289717603961706,0.512334077457971
ENSSSCG00000031550,-0.665011214899346,0.0226960489355265
ENSSSCG00000015486,6.69141560668804,6.21662997723036
ENSSSCG00000015247,6.24710700669964,7.16893671610559
ENSSSCG00000015485,8.32445291455907,6.94913635731419
ENSSSCG00000015249,3.02251316077076,2.93489537211092
ENSSSCG00000015250,4.65833727221863,4.88564200432846
ENSSSCG00000015206,4.1952847513568,4.42900326765567
ENSSSCG00000015019,3.92682692850811,5.23559889306414
ENSSSCG00000015487,0.425160216794395,-0.220998320347156
ENSSSCG00000022536,3.64506437118292,3.2919332629483
ENSSSCG00000015488,1.18878921645065,1.88748384057387
ENSSSCG00000062098,3.10651622932763,2.63098083117467
ENSSSCG00000015211,5.36909183092213,4.00418377936075
ENSSSCG00000061235,3.29458016119167,3.85790121470869
ENSSSCG00000058788,8.88458814889708,5.30753214931736
ENSSSCG00000061608,6.95681703731942,3.38644584675528
ENSSSCG00000015212,2.60931343902336,1.34001980880434
ENSSSCG00000041219,0.111554715953384,0.901828647831401
ENSSSCG00000063031,-0.357369586612393,-2.92464516734468
ENSSSCG00000058137,0.682619433441756,1.74525785846237
ENSSSCG00000055418,-0.94826101088964,-0.724143750785594
ENSSSCG00000056450,1.42859580901325,2.7576322855016
ENSSSCG00000059579,1.36704606077518,0.973180333493209
ENSSSCG00000041798,-1.96619539223541,-0.0228605115491758
ENSSSCG00000057612,-1.44083485948891,0.306722442383792
ENSSSCG00000058826,3.2498121961957,4.18786859727969
ENSSSCG00000046782,-1.76904577456744,-1.16013180230037
ENSSSCG00000061884,-0.225096418835447,1.71782176674871
ENSSSCG00000053939,1.65147836204809,2.11484407452863
ENSSSCG00000015499,6.82664272422743,6.55957801144683
ENSSSCG00000056181,5.15058146108026,5.36393113507092
ENSSSCG00000015504,6.11527455349974,6.23670430774705
ENSSSCG00000031435,4.15336293804548,3.7903636675655
ENSSSCG00000015507,1.30275293821975,1.93591281567592
ENSSSCG00000040719,3.08756049215293,3.83254401643776
ENSSSCG00000015508,1.76718173794872,-0.51439395667637
ENSSSCG00000015541,4.38577775784526,5.02087827105262
ENSSSCG00000031784,-1.3010534406464,-0.275097240265819
ENSSSCG00000055479,-0.289717603961706,-1.16013180230037
ENSSSCG00000050064,-1.44083485948891,-1.37962819886108
ENSSSCG00000046238,-1.1736270562095,-0.580978849888471
ENSSSCG00000035617,3.97231628882701,4.26334682787085
ENSSSCG00000049217,-1.76904577456744,-0.724143750785594
ENSSSCG00000059282,0.384321665410682,1.4441419554549
ENSSSCG00000051167,-0.753389730293386,-0.969662564375006
ENSSSCG00000041310,1.11582327058225,1.35790376000462
ENSSSCG00000048488,-1.76904577456744,-0.450747065242323
ENSSSCG00000018758,-0.581735609749139,-1.78793082929158
ENSSSCG00000015311,6.75636840307777,5.5367820780867
ENSSSCG00000029092,0.780291912538719,1.22779433856161
ENSSSCG00000015313,4.93068038675488,5.01947442160313
ENSSSCG00000015314,5.62495070172351,5.48787825881472
ENSSSCG00000031835,4.26443270150265,4.29849790937015
ENSSSCG00000029967,4.46135133452517,4.18286071986411
ENSSSCG00000015315,3.6493795680761,4.1447370696053
ENSSSCG00000015316,-0.847537601777033,0.066857978120369
ENSSSCG00000045005,3.816031403068,3.6702614901974
ENSSSCG00000040183,1.14055756446698,2.94084044994871
ENSSSCG00000027372,4.76558442885361,5.28667640650282
ENSSSCG00000025870,3.94449298372399,4.2892077114799
ENSSSCG00000022982,4.70882829460585,4.92815897360019
ENSSSCG00000049770,-0.753389730293386,-3.32011714393106
ENSSSCG00000053756,-0.753389730293386,-0.650786169073976
ENSSSCG00000055922,1.73505954565087,1.67566381082393
ENSSSCG00000054931,-0.225096418835447,-0.51439395667637
ENSSSCG00000057692,6.70287874007207,0.634745314624147
ENSSSCG00000061502,-2.80087696638474,0.747577553315015
ENSSSCG00000051124,-1.96619539223541,-0.724143750785594
ENSSSCG00000059783,-1.3010534406464,0.109708133942356
ENSSSCG00000022490,-2.46613199464794,1.49351421091838
ENSSSCG00000014961,5.67130792573559,5.46020562466878
ENSSSCG00000014965,4.27564187482818,5.24523962503824
ENSSSCG00000014955,3.89083229409153,4.34182733773723
ENSSSCG00000014956,3.93391933051826,3.750302073879
ENSSSCG00000030461,0.342293330875861,-2.35951718500686
ENSSSCG00000032360,3.60118729289602,3.24465403677709
ENSSSCG00000014957,5.57818643732079,5.2548163607547
ENSSSCG00000037015,6.12382812574471,6.51693614944275
ENSSSCG00000014933,2.8306559884474,4.60029737845565
ENSSSCG00000014934,6.30842364111448,6.65984854122518
ENSSSCG00000014946,5.75778256063323,5.97006143224194
ENSSSCG00000038682,5.51456162161729,5.6644236183423
ENSSSCG00000014948,3.90533809075458,3.82613446140251
ENSSSCG00000014950,1.4485423725996,0.413188112875905
ENSSSCG00000024933,3.56509876847735,3.9103494631119
ENSSSCG00000014943,6.55662086151219,6.2730916742871
ENSSSCG00000014924,5.97103480145576,6.2606681924146
ENSSSCG00000014927,0.957790112127212,0.269413319240056
ENSSSCG00000027093,2.57343015789845,3.02719626934888
ENSSSCG00000038588,-0.665011214899346,-2.92464516734468
ENSSSCG00000014935,1.88896298917059,0.901828647831401
ENSSSCG00000062029,3.88352433256059,2.31120381804596
ENSSSCG00000014959,0.648535071030343,2.42585407584627
ENSSSCG00000014960,4.73342625256695,5.48990712233744
ENSSSCG00000014967,4.27004817449682,5.20628402100338
ENSSSCG00000014969,4.79509529737617,4.77518642149061
ENSSSCG00000014970,5.8270376125496,5.92278408043821
ENSSSCG00000034879,5.54383027360242,5.628039857892
ENSSSCG00000014972,5.02502693797951,5.87700875324211
ENSSSCG00000034924,4.54015072985995,4.75170483466577
ENSSSCG00000014915,4.45396965385522,4.65737412138036
ENSSSCG00000014921,8.51340742461991,6.25709888732151
ENSSSCG00000014920,4.759609118734,4.27515927236984
ENSSSCG00000035619,4.80092571775472,4.71748252509953
ENSSSCG00000014929,2.16693335253786,-1.16013180230037
ENSSSCG00000057259,1.54433696419247,0.413188112875905
ENSSSCG00000061233,-0.753389730293386,-1.06175616837389
ENSSSCG00000052865,0.780291912538719,0.747577553315015
ENSSSCG00000060726,2.47961156701835,4.93264092375018
ENSSSCG00000050719,-3.86672707663002,-0.724143750785594
ENSSSCG00000041757,-0.503005667143942,-2.92464516734468
ENSSSCG00000059156,3.71260494319628,4.06804613406909
ENSSSCG00000050397,-1.3010534406464,-1.37962819886108
ENSSSCG00000059203,5.68398334113068,6.29530387023051
ENSSSCG00000058588,-2.19461582859326,0.720185961482743
ENSSSCG00000056609,1.30275293821975,1.79861269456251
ENSSSCG00000044939,0.384321665410682,1.91190152903124
ENSSSCG00000018225,0.841916534859911,1.89974434301656
ENSSSCG00000019283,-0.163246077098895,1.34001980880434
ENSSSCG00000018303,-1.76904577456744,-0.0228605115491758
ENSSSCG00000018558,1.14055756446698,1.4102627264044
ENSSSCG00000019648,-0.289717603961706,0.306722442383792
ENSSSCG00000018178,0.0606232623061967,-0.450747065242323
ENSSSCG00000018329,0.780291912538719,0.949786352523971
ENSSSCG00000019977,1.87429076377796,1.83737254564755
ENSSSCG00000031259,-1.96619539223541,-1.26570965698543
ENSSSCG00000019451,0.613625923982859,1.22779433856161
ENSSSCG00000014949,5.06272178606028,5.31212609849812
ENSSSCG00000015402,5.18517185734939,5.37055321163737
ENSSSCG00000015403,3.85017251810914,2.42585407584627
ENSSSCG00000023784,5.35066012076935,5.36724597282824
ENSSSCG00000050759,-1.05654789507939,-0.580978849888471
ENSSSCG00000015405,0.577851083508549,1.61746563255219
ENSSSCG00000061957,-0.0469734082326686,0.663791401431833
ENSSSCG00000054384,1.78297855012575,2.8105396921843
ENSSSCG00000020970,0.682619433441756,-0.168854921246468
ENSSSCG00000024136,3.79670908923159,2.21636209324052
ENSSSCG00000015384,5.52399235090656,5.15222396929966
ENSSSCG00000015386,3.73713913719888,3.80673314746425
ENSSSCG00000038469,5.41289797757831,5.5582109864856
ENSSSCG00000030294,5.24342169883128,5.55627600330275
ENSSSCG00000052500,-0.225096418835447,0.306722442383792
ENSSSCG00000015450,3.97575677398994,3.82291897360472
ENSSSCG00000015453,10.3609868785296,7.6962899122362
ENSSSCG00000028840,3.31645375125364,3.31957451718663
ENSSSCG00000023793,2.80767400923913,2.97020382076097
ENSSSCG00000015455,6.96116273122664,6.57255945156118
ENSSSCG00000034739,6.33679442365616,6.0852495559727
ENSSSCG00000062427,2.42024489322316,2.365253495496
ENSSSCG00000015426,2.3263468361721,1.54125259769343
ENSSSCG00000015391,7.0039145431736,6.85034234568742
ENSSSCG00000025326,2.95439396897898,3.22529980834429
ENSSSCG00000015427,3.84265511981395,4.084251176488
ENSSSCG00000015393,5.3480076905691,5.84169818214667
ENSSSCG00000015394,1.94620374824525,3.02159727799667
ENSSSCG00000029082,7.0039145431736,7.49306834832464
ENSSSCG00000026110,5.83368892604318,6.05610554977489
ENSSSCG00000015428,5.70797094403893,5.9144999385837
ENSSSCG00000015430,4.94303639656583,4.91764662175102
ENSSSCG00000054021,5.18219670332411,5.4085876770793
ENSSSCG00000015432,5.22619235569093,5.628039857892
ENSSSCG00000015433,8.42083873952713,8.7828022933929
ENSSSCG00000058469,7.76314648854864,8.04381288753267
ENSSSCG00000015435,5.71930379891511,6.31202814262687
ENSSSCG00000015395,-2.19461582859326,-0.969662564375006
ENSSSCG00000015396,2.63565207274618,3.1191978017878
ENSSSCG00000015398,2.66151846255649,2.92892569430666
ENSSSCG00000015399,0.425160216794395,1.57222259459841
ENSSSCG00000014766,3.20946722096746,1.47724380910331
ENSSSCG00000014768,3.79281337669825,3.36006808825397
ENSSSCG00000015407,5.72851037272571,5.71906531013059
ENSSSCG00000014780,4.31962744351204,4.82103321806101
ENSSSCG00000031780,3.03575936923339,2.6886470549982
ENSSSCG00000027272,0.00782776903463305,0.877238412496071
ENSSSCG00000037706,5.69550544518528,4.39476238604068
ENSSSCG00000035673,5.01836958180639,5.5678471639869
ENSSSCG00000037556,5.79817946274663,5.64907249196643
ENSSSCG00000057900,-0.225096418835447,-0.389789821758014
ENSSSCG00000058900,-0.225096418835447,-1.26570965698543
ENSSSCG00000042325,-1.96619539223541,-0.389789821758014
ENSSSCG00000019224,-1.96619539223541,-1.16013180230037
ENSSSCG00000015401,-0.428350711608159,0.574837615712797
ENSSSCG00000015383,1.30275293821975,2.12532342728475
ENSSSCG00000015443,6.49201605450691,6.2215221923893
ENSSSCG00000014630,-0.753389730293386,-0.275097240265819
ENSSSCG00000014632,5.81556352900097,6.26422868864412
ENSSSCG00000014634,2.28256878788505,3.07663276352414
ENSSSCG00000028979,4.36755934111703,4.79829193036196
ENSSSCG00000015444,7.30848191463913,5.72165748947619
ENSSSCG00000062630,0.342293330875861,2.09365420909009
ENSSSCG00000022347,-0.428350711608159,-0.0699026685752995
ENSSSCG00000014670,6.35672303516754,6.00665687614456
ENSSSCG00000040639,5.10260734456084,5.4288225962667
ENSSSCG00000032905,-1.76904577456744,-0.580978849888471
ENSSSCG00000014672,4.79509529737617,5.80875613896281
ENSSSCG00000014868,5.30625892722141,4.84500754231129
ENSSSCG00000015445,1.25824180569868,2.44271105199964
ENSSSCG00000015581,2.80767400923913,1.50960316311779
ENSSSCG00000014869,3.84265511981395,3.66308693729257
ENSSSCG00000015582,5.04972194436967,5.05004788528313
ENSSSCG00000015583,5.33064699839321,4.82906900742336
ENSSSCG00000015446,5.0167004315769,5.02228075578018
ENSSSCG00000015604,3.40588525623016,2.49213147082896
ENSSSCG00000035299,4.38577775784526,2.365253495496
ENSSSCG00000015543,4.00971775935811,2.90479685619967
ENSSSCG00000020963,6.21325846150204,4.5072093651604
ENSSSCG00000024028,5.21313395949095,5.1624362381228
ENSSSCG00000014875,5.30625892722141,5.25003593928292
ENSSSCG00000023584,0.160749279997622,0.747577553315015
ENSSSCG00000052111,-1.1736270562095,-0.220998320347156
ENSSSCG00000058031,0.160749279997622,1.10609700495897
ENSSSCG00000014894,4.62585881992524,3.77047192295446
ENSSSCG00000029596,0.464874497983746,1.16822850108867
ENSSSCG00000059202,1.96016598715194,2.11484407452863
ENSSSCG00000054203,-0.665011214899346,1.34001980880434
ENSSSCG00000053860,2.54591957752837,3.49548449808059
ENSSSCG00000052598,0.254375037426665,1.58746179948828
ENSSSCG00000057146,0.464874497983746,0.973180333493209
ENSSSCG00000054957,3.45107843294489,5.32922428713156
ENSSSCG00000053228,-0.503005667143942,-0.450747065242323
ENSSSCG00000060760,-1.1736270562095,-0.0699026685752995
ENSSSCG00000014725,-0.163246077098895,1.54125259769343
ENSSSCG00000015135,4.25879528568933,5.15478382155542
ENSSSCG00000020402,-0.753389730293386,0.269413319240056
ENSSSCG00000030095,4.8947829707172,7.0932217830886
ENSSSCG00000027905,5.6934173501541,4.75170483466577
ENSSSCG00000015056,8.89507403288869,5.749021419687
ENSSSCG00000015136,1.36704606077518,1.83737254564755
ENSSSCG00000015137,-0.94826101088964,-1.63861791175253
ENSSSCG00000015138,5.78353099290069,5.68405035131356
ENSSSCG00000015065,4.67112665475731,4.80808212360318
ENSSSCG00000033806,3.01584416771585,5.36393113507092
ENSSSCG00000022070,5.37431506969936,5.67783439629768
ENSSSCG00000015584,-1.1736270562095,-0.801432154592459
ENSSSCG00000015586,5.15058146108026,4.77018672736608
ENSSSCG00000028886,7.63546074382045,7.78983620392637
ENSSSCG00000015588,5.23195836264199,5.60576085998927
ENSSSCG00000015589,4.65619464212079,3.5155405893943
ENSSSCG00000014579,6.39191517958117,6.56150857390627
ENSSSCG00000015590,4.59710699083293,4.40984286515256
ENSSSCG00000014578,7.16101289998254,7.16163701099293
ENSSSCG00000015591,-1.1736270562095,-1.06175616837389
ENSSSCG00000015592,3.05540339708637,3.22042040807826
ENSSSCG00000014575,3.66224825281035,2.83628315226055
ENSSSCG00000015067,5.26044770698136,5.49193313667365
ENSSSCG00000014577,5.37691961468825,4.93562117368516
ENSSSCG00000015593,3.80059431048723,4.00985062733713
ENSSSCG00000057143,0.87176904556138,-0.168854921246468
ENSSSCG00000033335,3.65368189640931,3.23016276139433
ENSSSCG00000030921,6.7870459422005,5.75830916534891
ENSSSCG00000014568,7.89573586163867,7.933350047689
ENSSSCG00000015071,6.04085642123294,6.04441912938046
ENSSSCG00000015600,0.0606232623061967,-1.95450014976733
ENSSSCG00000026547,5.71210228973737,3.55870645204166
ENSSSCG00000024613,-1.44083485948891,-1.37962819886108
ENSSSCG00000046596,3.29458016119167,1.81164869165001
ENSSSCG00000015602,5.0366038977299,5.07729066509037
ENSSSCG00000015603,5.13835294556186,5.17887852606734
ENSSSCG00000015545,7.75315691975791,8.08230897345696
ENSSSCG00000063319,-1.76904577456744,-1.16013180230037
ENSSSCG00000014569,9.61033046001746,9.37299001290666
ENSSSCG00000015548,2.23742062690637,3.59308789804756
ENSSSCG00000015549,4.28121397068151,5.47666821990365
ENSSSCG00000015550,1.7986042665823,2.07214846811371
ENSSSCG00000039986,-0.289717603961706,0.774458752770575
ENSSSCG00000044464,-1.96619539223541,-0.724143750785594
ENSSSCG00000014567,4.60601489268144,5.28082923495918
ENSSSCG00000022292,2.30462385924679,3.32867182123474
ENSSSCG00000026806,8.0098358015839,8.53208919117654
ENSSSCG00000030206,7.1141708936149,7.28214324453697
ENSSSCG00000039996,5.40526350246107,5.29133714067386
ENSSSCG00000015255,3.1375659430197,4.07346806480206
ENSSSCG00000014827,5.45418036845023,4.34182733773723
ENSSSCG00000015126,5.98390590948962,6.51693614944275
ENSSSCG00000015256,7.23573431934667,5.54363495455221
ENSSSCG00000015555,7.81472630908869,7.07947748290007
ENSSSCG00000036307,5.67554545017501,3.32413033988791
ENSSSCG00000028237,-1.1736270562095,-1.37962819886108
ENSSSCG00000037406,3.38533583072866,3.07122273561747
ENSSSCG00000015129,5.81844061647371,6.4564906305847
ENSSSCG00000022192,4.21579752291593,4.2538267377516
ENSSSCG00000014828,7.21841237004645,6.94470543919692
ENSSSCG00000015556,7.1617682715013,7.61705648268299
ENSSSCG00000028123,6.48900959838563,5.87157244182845
ENSSSCG00000015131,1.54433696419247,2.64561491550367
ENSSSCG00000015557,7.20087991191729,6.57781487965111
ENSSSCG00000028149,3.73713913719888,3.7771330249621
ENSSSCG00000024027,6.90090932664703,6.69764469929757
ENSSSCG00000014829,4.33310238247778,4.18536683148638
ENSSSCG00000015558,6.86888704701844,6.71552775258859
ENSSSCG00000015045,5.27308663423354,4.28454008180057
ENSSSCG00000014830,2.79993126747808,2.44271105199964
ENSSSCG00000062444,5.47620986718893,5.52594707030317
ENSSSCG00000014831,3.23839972611689,3.84844441702227
ENSSSCG00000015559,1.03896948409484,0.774458752770575
ENSSSCG00000015560,6.95027385346443,6.56584291696051
ENSSSCG00000039370,2.47961156701835,2.21636209324052
ENSSSCG00000015563,6.19566287392037,6.26837152533296
ENSSSCG00000015561,6.61294305099669,6.18942216977596
ENSSSCG00000030217,1.78297855012575,1.20821105392266
ENSSSCG00000031121,4.04289765600648,3.85790121470869
ENSSSCG00000015565,4.12884908206675,3.70560863013466
ENSSSCG00000015566,6.00342124384472,5.86063797560017
ENSSSCG00000014832,5.30215386379215,5.32127034309977
ENSSSCG00000014833,4.04617405879646,4.54672847918218
ENSSSCG00000015567,3.23265945709217,3.83892522123326
ENSSSCG00000014834,0.780291912538719,-1.06175616837389
ENSSSCG00000015568,4.89659921430897,4.79665375283105
ENSSSCG00000015139,0.254375037426665,0.151322202724095
ENSSSCG00000015140,10.3340561547155,10.0950057965964
ENSSSCG00000021393,5.69759052236449,5.70690650651115
ENSSSCG00000015569,2.85327760027406,3.72984623364515
ENSSSCG00000015645,6.05556267725775,6.2469376355916
ENSSSCG00000015570,6.08214086519482,6.911411035202
ENSSSCG00000022961,6.0210119414027,5.68670615530568
ENSSSCG00000035595,0.160749279997622,2.21636209324052
ENSSSCG00000015049,4.55632644591519,4.32374172398056
ENSSSCG00000015050,5.13835294556186,5.06100680599587
ENSSSCG00000014838,3.30007972835331,2.62360774421201
ENSSSCG00000029323,7.46844999635328,7.38247537059032
ENSSSCG00000024060,1.96016598715194,2.03927655741885
ENSSSCG00000027506,5.54034922659505,5.77087867741564
ENSSSCG00000015576,6.57545132597644,6.83246569600752
ENSSSCG00000014843,5.00159053564039,-1.95450014976733
ENSSSCG00000037428,3.34865461023762,3.25423464758754
ENSSSCG00000015052,5.27588031117306,4.80482610213521
ENSSSCG00000015664,7.87998558279354,6.02985102918411
ENSSSCG00000015577,4.60156781696184,4.37294166379433
ENSSSCG00000028674,0.254375037426665,0.306722442383792
ENSSSCG00000015579,2.53663155909393,-1.37962819886108
ENSSSCG00000023351,3.94449298372399,3.68095686141744
ENSSSCG00000023057,2.89748372295634,2.77104214505238
ENSSSCG00000014580,4.10391148326593,4.04890728373521
ENSSSCG00000023451,4.90564629207936,4.33732714495905
ENSSSCG00000014581,4.5331623722572,4.33732714495905
ENSSSCG00000039647,7.43884147909874,7.09222053051855
ENSSSCG00000040650,-0.581735609749139,-1.78793082929158
ENSSSCG00000015607,3.56509876847735,3.53532168307395
ENSSSCG00000015293,3.10651622932763,2.9169117185231
ENSSSCG00000026404,4.69010062728508,4.43533393405449
ENSSSCG00000048244,0.780291912538719,-0.51439395667637
ENSSSCG00000014598,6.21325846150204,7.01824052299512
ENSSSCG00000063176,-0.94826101088964,-2.61458503095514
ENSSSCG00000061084,2.93331482807627,2.8426478762261
ENSSSCG00000058564,-0.94826101088964,-2.35951718500686
ENSSSCG00000015297,3.48043940001491,2.53991488424887
ENSSSCG00000056949,-0.357369586612393,-2.35951718500686
ENSSSCG00000047092,0.160749279997622,-2.61458503095514
ENSSSCG00000041589,-0.163246077098895,-0.650786169073976
ENSSSCG00000061543,-1.44083485948891,-1.16013180230037
ENSSSCG00000061667,-0.357369586612393,1.01886012427252
ENSSSCG00000045328,2.96827754751789,3.19079228287975
ENSSSCG00000055388,-0.0469734082326686,0.44699951176586
ENSSSCG00000015053,-0.581735609749139,-0.450747065242323
ENSSSCG00000038540,1.71872620129392,0.6051024001257
ENSSSCG00000015298,6.0956439214639,5.98308373024278
ENSSSCG00000014599,0.0606232623061967,0.44699951176586
ENSSSCG00000051840,5.71003809571865,5.36503692747315
ENSSSCG00000057945,-0.103938698558373,-1.16013180230037
ENSSSCG00000038122,1.09065751143433,0.306722442383792
ENSSSCG00000014602,-1.1736270562095,-0.801432154592459
ENSSSCG00000015115,4.53549558807196,4.9577789467348
ENSSSCG00000015299,5.06272178606028,5.50000886147393
ENSSSCG00000033089,3.47071865330916,3.5155405893943
ENSSSCG00000014618,-1.96619539223541,-0.801432154592459
ENSSSCG00000024693,6.14001817642724,5.6298810039779
ENSSSCG00000029189,5.96930994484226,5.07998686161452
ENSSSCG00000015116,8.24185015542318,6.55716116977217
ENSSSCG00000023080,6.56178086579905,6.32231204904547
ENSSSCG00000054880,4.27004817449682,2.70969117426895
ENSSSCG00000015119,0.00782776903463305,-2.14284221802902
ENSSSCG00000029630,4.89659921430897,4.64285943223665
ENSSSCG00000015120,5.57138034525376,5.61229451659379
ENSSSCG00000023272,7.96445041574843,7.18217204932025
ENSSSCG00000032330,5.07078760162771,3.49951808367277
ENSSSCG00000023880,4.10076375502732,4.18286071986411
ENSSSCG00000015047,5.88307784603303,6.09327878296554
ENSSSCG00000039799,-0.753389730293386,-0.275097240265819
ENSSSCG00000045625,-0.665011214899346,-0.51439395667637
ENSSSCG00000037299,3.55593379830106,3.47104325081593
ENSSSCG00000014625,6.37051105888717,5.79487352751458
ENSSSCG00000015125,4.3570445831253,2.25505012142321
ENSSSCG00000014626,3.13140923046282,3.74011040864293
ENSSSCG00000015048,6.09247808308896,4.66098009076787
ENSSSCG00000015074,6.20741707785553,6.28365588172967
ENSSSCG00000014628,6.51761617345529,6.18128431127278
ENSSSCG00000015073,11.3098788568831,9.83080606386298
ENSSSCG00000015072,5.71416353454658,5.22832582920936
ENSSSCG00000015077,5.08678519741317,5.25958099442847
ENSSSCG00000015079,5.26607868213499,5.14580439623947
ENSSSCG00000015080,6.27390493739177,6.30051493953908
ENSSSCG00000015082,4.14115807597172,4.70705550523623
ENSSSCG00000021487,1.71872620129392,2.40019345180835
ENSSSCG00000025182,3.60118729289602,4.79829193036196
ENSSSCG00000015084,3.29458016119167,2.60874755476081
ENSSSCG00000014627,5.86834533915859,4.91462896947818
ENSSSCG00000055670,5.75678299993223,6.15595289933491
ENSSSCG00000014633,7.44784994743908,6.81800315478878
ENSSSCG00000023728,3.57873797349955,3.60436867998078
ENSSSCG00000028517,5.39630525125331,4.5072093651604
ENSSSCG00000022398,8.45944229038538,8.44588082836712
ENSSSCG00000026269,3.56509876847735,3.36449800938972
ENSSSCG00000020783,5.13527955231673,4.84975496736719
ENSSSCG00000021041,2.64432583421443,1.34001980880434
ENSSSCG00000036352,0.985360575284754,-0.331304090129519
ENSSSCG00000015290,6.48479000640912,5.2258933037689
ENSSSCG00000014896,-0.163246077098895,-1.26570965698543
ENSSSCG00000014876,4.11643416412382,0.692264219933096
ENSSSCG00000014877,1.96016598715194,-1.63861791175253
ENSSSCG00000015285,0.160749279997622,-0.724143750785594
ENSSSCG00000014878,5.36384961281375,5.49092048515362
ENSSSCG00000014880,2.34774757151488,2.09365420909009
ENSSSCG00000014881,5.87940879954577,5.87933234469257
ENSSSCG00000014882,5.78353099290069,6.02426235124535
ENSSSCG00000037251,4.21288492323123,3.55483521845066
ENSSSCG00000014884,5.22907823978339,4.9577789467348
ENSSSCG00000031979,0.503524755598007,0.378565244869403
ENSSSCG00000033822,5.51574383964402,3.27320708811375
ENSSSCG00000039494,5.02170209995882,4.30772866583566
ENSSSCG00000036867,1.78297855012575,1.28499803379961
ENSSSCG00000014887,4.51672334355842,3.80673314746425
ENSSSCG00000015117,5.60731401621859,5.11327093106325
ENSSSCG00000047220,1.94620374824525,3.22529980834429
ENSSSCG00000056458,-1.44083485948891,-1.16013180230037
ENSSSCG00000053238,-0.753389730293386,-2.92464516734468
ENSSSCG00000054744,-0.94826101088964,-2.14284221802902
ENSSSCG00000056467,4.75561178512516,2.86782964222017
ENSSSCG00000059315,0.425160216794395,-1.95450014976733
ENSSSCG00000054794,-1.44083485948891,-0.51439395667637
ENSSSCG00000060922,0.384321665410682,0.6051024001257
ENSSSCG00000055812,1.38785577819136,-0.389789821758014
ENSSSCG00000055280,3.12522613144149,0.973180333493209
ENSSSCG00000031725,0.748463530495347,0.151322202724095
ENSSSCG00000039904,0.160749279997622,0.109708133942356
ENSSSCG00000033506,4.04617405879646,3.71257530994849
ENSSSCG00000014892,4.00971775935811,3.34221111301098
ENSSSCG00000014891,5.67130792573559,6.07852422845586
ENSSSCG00000048333,-0.94826101088964,-1.63861791175253
ENSSSCG00000014893,3.95498970508926,3.81969630309561
ENSSSCG00000014769,2.46009285868458,1.28499803379961
ENSSSCG00000014899,4.9164284248884,3.88282041528908
ENSSSCG00000014898,1.4485423725996,1.20821105392266
ENSSSCG00000014900,1.23546043280176,1.14781387260733
ENSSSCG00000035041,0.425160216794395,0.231113683523015
ENSSSCG00000055267,0.342293330875861,1.16822850108867
ENSSSCG00000014901,6.09959147502783,7.0734017900844
ENSSSCG00000014902,7.00011834044453,7.05124627079321
ENSSSCG00000014903,4.33845731434379,4.90857466280008
ENSSSCG00000061925,-0.289717603961706,1.32191137878578
ENSSSCG00000014904,2.2601713103169,1.70390554777238
ENSSSCG00000014905,4.79898486119705,4.54282492718398
ENSSSCG00000025187,3.82368844563602,3.93736303127276
ENSSSCG00000014909,6.36330519756988,5.47462063953432
ENSSSCG00000059638,3.90894186476187,3.61184049341146
ENSSSCG00000061858,-0.225096418835447,0.413188112875905
ENSSSCG00000014912,-1.76904577456744,-1.37962819886108
ENSSSCG00000046669,3.53276336848595,3.23016276139433
ENSSSCG00000051028,1.18878921645065,1.6898537845966
ENSSSCG00000059660,0.780291912538719,0.996201015194988
ENSSSCG00000059027,3.39050069294677,2.8105396921843
ENSSSCG00000041869,0.957790112127212,1.01886012427252
ENSSSCG00000053031,1.09065751143433,2.41735114660964
ENSSSCG00000055990,-1.3010534406464,-0.275097240265819
ENSSSCG00000014913,7.50343469589011,7.20396463669322
ENSSSCG00000057514,2.05429183424595,2.79749362501286
ENSSSCG00000057908,0.901016344624057,0.306722442383792
ENSSSCG00000057624,0.613625923982859,0.6051024001257
ENSSSCG00000055854,2.815375418519,2.98178384945335
ENSSSCG00000054211,2.4403064491966,3.36449800938972
ENSSSCG00000040824,-1.1736270562095,-1.16013180230037
ENSSSCG00000039963,-0.289717603961706,0.692264219933096
ENSSSCG00000015288,4.81059102718122,5.31784803985158
ENSSSCG00000050793,1.21231354325694,1.06313784412392
ENSSSCG00000015286,6.06205097871709,5.96058279509912
ENSSSCG00000014570,1.98769151381773,1.79861269456251
ENSSSCG00000062483,4.16847523767911,5.35616676511172
ENSSSCG00000014897,4.18936998772775,3.23500937773475
ENSSSCG00000014907,5.03330566363119,5.46330670455034
ENSSSCG00000062997,4.96050626508286,4.96654763850459
ENSSSCG00000042234,0.299003801631898,0.44699951176586
ENSSSCG00000059302,4.81635928352434,4.92516325261937
ENSSSCG00000015287,2.87554997189764,1.99424877862076
ENSSSCG00000062999,-0.163246077098895,0.191769503652254
ENSSSCG00000063231,0.111554715953384,0.343090997642991
ENSSSCG00000038471,3.47071865330916,4.84342158933854
ENSSSCG00000023441,0.160749279997622,-0.0228605115491758
ENSSSCG00000057622,2.01470169144954,0.151322202724095
ENSSSCG00000051511,0.254375037426665,0.231113683523015
ENSSSCG00000042206,2.00125981237482,2.66729142251727
ENSSSCG00000044191,-0.753389730293386,-0.118530588140316
ENSSSCG00000053719,-0.289717603961706,-0.118530588140316
ENSSSCG00000015638,-2.46613199464794,-0.168854921246468
ENSSSCG00000015301,0.503524755598007,-1.63861791175253
ENSSSCG00000015302,0.342293330875861,-0.969662564375006
ENSSSCG00000055798,5.13988719043168,5.57359812688737
ENSSSCG00000056914,1.68549407120461,2.6815635771672
ENSSSCG00000059774,0.0606232623061967,-0.0699026685752995
ENSSSCG00000056760,1.324503892854,2.06127417365364
ENSSSCG00000053328,0.81143323514119,1.26618103197673
ENSSSCG00000062722,-0.581735609749139,-0.331304090129519
ENSSSCG00000061504,7.0110580079334,7.02280194141773
ENSSSCG00000028201,5.00159053564039,5.20998112125776
ENSSSCG00000015002,1.87429076377796,1.85006449232
ENSSSCG00000029651,0.957790112127212,0.852221766628148
ENSSSCG00000015001,4.79704139008876,3.97261186935421
ENSSSCG00000031723,0.111554715953384,-0.389789821758014
ENSSSCG00000029198,5.46646048381406,5.4372583798715
ENSSSCG00000026153,6.45613427348095,6.5391495846171
ENSSSCG00000026959,4.43159525549974,4.41412277758863
ENSSSCG00000015008,0.384321665410682,-0.0228605115491758
ENSSSCG00000015009,4.19823306444655,3.72296265486798
ENSSSCG00000015010,5.91209906306551,7.24268130898383
ENSSSCG00000015011,4.72527344407132,5.28082923495918
ENSSSCG00000015083,6.09880282795712,6.58447603677719
ENSSSCG00000038710,0.841916534859911,1.30357276293605
ENSSSCG00000015085,5.69132622852248,5.2258933037689
ENSSSCG00000050318,-0.753389730293386,-3.32011714393106
ENSSSCG00000015086,-1.1736270562095,0.543924309209927
ENSSSCG00000029199,3.34865461023762,2.01693833045353
ENSSSCG00000021651,2.15484323487455,1.64685816540168
ENSSSCG00000015089,3.0811861591189,3.80673314746425
ENSSSCG00000015090,4.24460461151598,4.2101913842195
ENSSSCG00000015091,3.45601361111522,4.65737412138036
ENSSSCG00000040140,1.324503892854,2.22613179775697
ENSSSCG00000015093,0.929682484613295,1.6898537845966
ENSSSCG00000054409,0.160749279997622,0.634745314624147
ENSSSCG00000015095,6.07494069194469,6.32117300616033
ENSSSCG00000052280,6.50873739977716,6.15339512243635
ENSSSCG00000023324,5.39373550069025,6.9898482775973
ENSSSCG00000029395,4.41648385734215,5.26788142601805
ENSSSCG00000029649,8.31191772067806,7.92400149827638
ENSSSCG00000030053,8.00226460126334,7.4885094028441
ENSSSCG00000024578,6.38804706685035,6.51693614944275
ENSSSCG00000015097,7.36958641506616,7.62700028864103
ENSSSCG00000015098,-1.1736270562095,-1.16013180230037
ENSSSCG00000015099,7.60911858477348,7.83003111436352
ENSSSCG00000015100,2.06725074680192,0.066857978120369
ENSSSCG00000015102,3.00241297879237,3.23983976676193
ENSSSCG00000036296,8.87494706046451,8.59987912260121
ENSSSCG00000037439,5.29528602734721,5.04729509840518
ENSSSCG00000015106,9.26665485641675,6.78781136432184
ENSSSCG00000015107,6.01851207810318,5.92278408043821
ENSSSCG00000015108,4.4240593417276,3.94033355247136
ENSSSCG00000042208,2.76058170235838,2.6815635771672
ENSSSCG00000015110,5.93525636727138,5.21857102134315
ENSSSCG00000015111,4.95876876711304,4.7346951513459
ENSSSCG00000058033,3.53276336848595,3.86417148287992
ENSSSCG00000015113,1.14055756446698,0.996201015194988
ENSSSCG00000044952,3.1375659430197,2.77104214505238
ENSSSCG00000027710,-0.753389730293386,-0.51439395667637
ENSSSCG00000043631,1.324503892854,-2.92464516734468
ENSSSCG00000056489,0.425160216794395,-2.61458503095514
ENSSSCG00000015258,7.29442956515537,6.5219021102783
ENSSSCG00000015628,0.111554715953384,-1.26570965698543
ENSSSCG00000015627,1.11582327058225,0.877238412496071
ENSSSCG00000014791,6.10588517944451,6.65578800324138
ENSSSCG00000014792,5.97189645705219,5.60295163795796
ENSSSCG00000039656,1.46821691359075,1.8626457560383
ENSSSCG00000035653,5.71313328026637,5.53580043304818
ENSSSCG00000014794,6.67616459469101,7.05741578760457
ENSSSCG00000014799,0.00782776903463305,-0.0699026685752995
ENSSSCG00000048448,0.957790112127212,0.996201015194988
ENSSSCG00000048507,0.299003801631898,0.269413319240056
ENSSSCG00000023796,5.10732034856821,4.86233891889993
ENSSSCG00000014800,5.54614631404637,5.0236818784366
ENSSSCG00000014802,8.32815868706063,8.89872363876493
ENSSSCG00000014803,6.36330519756988,5.9250351604941
ENSSSCG00000014804,5.62495070172351,5.32240930916795
ENSSSCG00000014806,5.28838534066288,4.75845294902904
ENSSSCG00000056890,-0.163246077098895,-0.724143750785594
ENSSSCG00000022236,8.07163108589217,6.91896013957195
ENSSSCG00000014812,6.04577518202419,5.53972301194177
ENSSSCG00000014811,7.21804927527292,7.33614465968533
ENSSSCG00000014813,-1.5956269400881,-0.168854921246468
ENSSSCG00000036887,4.54479089920795,5.07458942031368
ENSSSCG00000015595,5.47984896693817,5.10270334271501
ENSSSCG00000015598,2.74453636267091,3.31500426226794
ENSSSCG00000038614,5.42175410213154,5.32922428713156
ENSSSCG00000015599,6.16961172650906,6.70857534972127
ENSSSCG00000053873,-1.3010534406464,-0.0228605115491758
ENSSSCG00000026587,-0.225096418835447,-0.331304090129519
ENSSSCG00000038855,-0.581735609749139,-1.37962819886108
ENSSSCG00000015259,1.14055756446698,0.634745314624147
ENSSSCG00000028433,3.08756049215293,2.58616627273042
ENSSSCG00000022869,5.2800607094011,5.07998686161452
ENSSSCG00000028585,4.90203426617488,5.0292728010973
ENSSSCG00000028969,2.31552623327911,0.066857978120369
ENSSSCG00000058385,-0.665011214899346,-0.220998320347156
ENSSSCG00000035369,-0.581735609749139,-0.883096611932229
ENSSSCG00000021068,2.37926496751754,2.13572720940697
ENSSSCG00000028293,5.2377014163489,5.83692412671104
ENSSSCG00000039472,4.66900294889557,4.80970738278133
ENSSSCG00000023472,1.48762675172783,3.31041948340265
ENSSSCG00000022759,-0.163246077098895,2.25505012142321
ENSSSCG00000015267,1.58094201213036,4.53105049636611
ENSSSCG00000015268,5.14753403573471,7.07475415697835
ENSSSCG00000015266,4.81635928352434,5.18890449814066
ENSSSCG00000055218,3.24411724595056,3.86417148287992
ENSSSCG00000015270,6.18826756614202,4.88410012111093
ENSSSCG00000015271,5.43180926324289,4.30081114134785
ENSSSCG00000015272,-0.163246077098895,-0.969662564375006
ENSSSCG00000015273,7.3676234883216,7.04401499645568
ENSSSCG00000033768,0.0606232623061967,0.066857978120369
ENSSSCG00000059016,2.64432583421443,3.63402652004958
ENSSSCG00000059104,1.21231354325694,1.77218191355614
ENSSSCG00000028035,7.85170939640528,7.97142114197762
ENSSSCG00000023562,5.19258301014931,4.94008003692927
ENSSSCG00000015277,6.37572917119067,7.46910009839466
ENSSSCG00000015276,4.27843061287923,5.00677792283148
ENSSSCG00000038350,1.06504496640639,-1.78793082929158
ENSSSCG00000060360,4.93951689313395,6.19316267800184
ENSSSCG00000015281,4.8392044092429,6.12168869259353
ENSSSCG00000015282,5.96844674259241,6.16423449444889
ENSSSCG00000015283,6.57545132597644,6.86174657783943
ENSSSCG00000015284,6.03262103505352,6.93691843520888
ENSSSCG00000015105,5.48226994376601,5.75156037683752
ENSSSCG00000025606,5.92104976151291,6.04027180420421
ENSSSCG00000014871,4.06567773954214,4.41198440847349
ENSSSCG00000032723,4.74355289810022,4.34631353672184
ENSSSCG00000053663,2.86816398685734,2.65287666577456
ENSSSCG00000060162,1.14055756446698,1.22779433856161
ENSSSCG00000015375,4.56091496174106,5.72854728359712
ENSSSCG00000024802,3.65368189640931,4.24424340870323
ENSSSCG00000051403,-0.289717603961706,0.378565244869403
ENSSSCG00000027529,5.95019915612556,6.43295657377598
ENSSSCG00000063374,5.40908579004245,5.55433842138012
ENSSSCG00000059893,-1.05654789507939,-0.801432154592459
ENSSSCG00000031170,5.25621000532798,5.74052581271498
ENSSSCG00000014982,-1.44083485948891,5.24523962503824
ENSSSCG00000032241,1.84449092952033,3.2056824019525
ENSSSCG00000036722,3.73713913719888,3.72984623364515
ENSSSCG00000036695,0.841916534859911,1.71782176674871
ENSSSCG00000015387,6.67404829738104,6.76243949436998
ENSSSCG00000029174,3.84265511981395,3.24945229500085
ENSSSCG00000020870,2.63565207274618,2.70271051943981
ENSSSCG00000026177,5.41416647151584,5.08536418513511
ENSSSCG00000024485,0.160749279997622,0.692264219933096
ENSSSCG00000032456,-0.753389730293386,-1.16013180230037
ENSSSCG00000035073,0.425160216794395,-0.0699026685752995
ENSSSCG00000015390,4.11643416412382,5.76837352071042
ENSSSCG00000021822,5.88307784603303,6.56968476475486
ENSSSCG00000021702,4.70675940750322,5.4372583798715
ENSSSCG00000014850,7.35644950525618,6.60755082760992
ENSSSCG00000021638,3.28905954937994,3.4251296745628
ENSSSCG00000033899,-0.503005667143942,-1.16013180230037
ENSSSCG00000014852,5.93702239674832,6.56728480906048
ENSSSCG00000014855,9.87651069965693,9.62841042057645
ENSSSCG00000014854,1.14055756446698,0.692264219933096
ENSSSCG00000014853,4.23315070803212,3.61556193867093
ENSSSCG00000039468,8.82848878051334,7.27274678633631
ENSSSCG00000014860,5.51219427527895,4.21510544437685
ENSSSCG00000014861,-0.289717603961706,0.512334077457971
ENSSSCG00000034102,-1.76904577456744,-0.168854921246468
ENSSSCG00000056766,2.67850861649466,2.44271105199964
ENSSSCG00000015656,-1.05654789507939,-1.37962819886108
ENSSSCG00000015657,3.87617916405051,6.27132342768344
ENSSSCG00000032446,1.14055756446698,1.89974434301656
ENSSSCG00000015659,3.87249250840552,3.83892522123326
ENSSSCG00000015660,4.55862252805882,4.34631353672184
ENSSSCG00000015662,4.43159525549974,5.51403350976723
ENSSSCG00000048603,0.254375037426665,-0.0699026685752995
ENSSSCG00000054337,3.5139553058738,2.02815067824639
ENSSSCG00000014835,5.9414280355308,6.09127566165659
ENSSSCG00000020856,6.13771640599679,5.98524273102535
ENSSSCG00000060233,-1.76904577456744,-0.724143750785594
ENSSSCG00000014840,1.73505954565087,2.01693833045353
ENSSSCG00000014851,3.62767334325461,4.29386028841113
ENSSSCG00000025715,-0.289717603961706,-0.168854921246468
ENSSSCG00000046488,0.425160216794395,0.151322202724095
ENSSSCG00000031831,5.55192020063444,6.2630428326463
ENSSSCG00000015644,3.66224825281035,3.507551579572
ENSSSCG00000031970,1.82935696214862,2.14605650303391
ENSSSCG00000015648,5.54498875858328,4.99682503480275
ENSSSCG00000015649,5.12447082125399,4.97526335603362
ENSSSCG00000015650,6.60740875347993,5.7891181012537
ENSSSCG00000015652,-0.94826101088964,-2.35951718500686
ENSSSCG00000022742,8.07122909943645,8.38640550927637
ENSSSCG00000015489,1.75121004166391,2.18664964113913
ENSSSCG00000015491,6.31794269397149,6.21049128642588
ENSSSCG00000015497,4.68169854292298,4.76013505727266
ENSSSCG00000015496,1.11582327058225,0.543924309209927
ENSSSCG00000015494,4.90924929725912,5.51403350976723
ENSSSCG00000015493,-0.847537601777033,0.066857978120369
ENSSSCG00000015498,4.71295718940714,5.63813720763157
ENSSSCG00000036198,0.503524755598007,1.24711535386201
ENSSSCG00000015492,3.55593379830106,3.84210527044791
ENSSSCG00000059522,4.05270462609372,4.0211179798514
ENSSSCG00000019644,-0.0469734082326686,0.231113683523015
ENSSSCG00000018333,-2.19461582859326,-1.16013180230037
ENSSSCG00000019069,-1.3010534406464,-1.37962819886108
ENSSSCG00000039255,-0.357369586612393,0.191769503652254
ENSSSCG00000019612,0.81143323514119,0.692264219933096
ENSSSCG00000040158,-1.76904577456744,-0.51439395667637
ENSSSCG00000018229,-1.5956269400881,-0.883096611932229
ENSSSCG00000030565,-0.103938698558373,2.59373270651027
ENSSSCG00000026833,3.61007011385766,3.37770673814231
ENSSSCG00000014998,5.64993156957346,5.93176740251494
ENSSSCG00000014999,3.6493795680761,4.12659529266051
ENSSSCG00000024628,3.6918361717117,3.81646641771404
ENSSSCG00000051810,1.58094201213036,0.480036609493032
ENSSSCG00000015412,6.69507285656294,6.58637358916187
ENSSSCG00000015413,5.98987335363307,6.5332593640643
ENSSSCG00000015414,2.56431812880053,2.84898464428724
ENSSSCG00000021210,5.04972194436967,4.79008237762343
ENSSSCG00000047749,3.80833350413237,3.97551076433885
ENSSSCG00000014918,1.06504496640639,0.413188112875905
ENSSSCG00000014919,4.69219352483693,4.26334682787085
ENSSSCG00000050702,-0.503005667143942,-1.78793082929158
ENSSSCG00000014917,6.3835211216032,6.84163032292724
ENSSSCG00000014979,6.05556267725775,5.80550164004291
ENSSSCG00000014980,6.25703793443265,5.72854728359712
ENSSSCG00000031429,6.94721018214498,7.14015968990937
ENSSSCG00000063262,-1.5956269400881,-0.801432154592459
ENSSSCG00000059159,-1.44083485948891,-0.969662564375006
ENSSSCG00000055339,-0.847537601777033,0.151322202724095
ENSSSCG00000015410,3.44612631452737,3.06034143483319
ENSSSCG00000038541,3.62767334325461,3.1554391108737
ENSSSCG00000038977,5.00159053564039,5.55530753762011
ENSSSCG00000031818,2.19081381452182,3.25900119963934
ENSSSCG00000015411,5.31850449578178,5.74562917790958
ENSSSCG00000037822,1.96016598715194,1.93591281567592
ENSSSCG00000043224,-1.76904577456744,-1.26570965698543
ENSSSCG00000054576,3.01584416771585,-0.650786169073976
ENSSSCG00000036452,3.18589605513591,1.06313784412392
ENSSSCG00000028444,6.72144232463867,6.47299543037272
ENSSSCG00000022903,2.11795282114626,2.89257939860165
ENSSSCG00000015422,5.59729780428181,5.52594707030317
ENSSSCG00000015423,5.17622792550524,4.91915308420047
ENSSSCG00000015424,6.55374619774544,6.26896238919244
ENSSSCG00000036113,3.80446909682012,4.47684299811982
ENSSSCG00000014996,-1.96619539223541,-0.168854921246468
ENSSSCG00000014997,6.88361405125454,6.48066753313694
ENSSSCG00000028711,1.06504496640639,2.27401191108018
ENSSSCG00000056783,-0.428350711608159,-0.0228605115491758
ENSSSCG00000061753,-2.19461582859326,-1.06175616837389
ENSSSCG00000045388,0.0606232623061967,-0.389789821758014
ENSSSCG00000029388,5.49071151194592,4.88255658823939
ENSSSCG00000014817,6.36330519756988,6.11315849800579
ENSSSCG00000014818,4.67324723903207,4.71401521850457
ENSSSCG00000014819,3.24411724595056,2.79749362501286
ENSSSCG00000014820,5.50744789675952,6.18002824872693
ENSSSCG00000040207,1.98769151381773,1.50960316311779
ENSSSCG00000014823,-0.289717603961706,0.996201015194988
ENSSSCG00000042041,-1.76904577456744,-0.0699026685752995
ENSSSCG00000014822,7.03392983291383,6.27132342768344
ENSSSCG00000014825,2.36883548604693,-0.118530588140316
ENSSSCG00000008753,6.38740137189358,6.85900207466293
ENSSSCG00000023001,6.17261291995347,6.11710177906788
ENSSSCG00000008754,0.342293330875861,1.66133288059543
ENSSSCG00000028814,4.40632093419752,5.18264643537665
ENSSSCG00000021828,5.52281687559191,5.72682791728462
ENSSSCG00000029227,4.20704202388818,3.89205525444354
ENSSSCG00000025315,3.71672305901307,3.92841459244657
ENSSSCG00000027340,5.10888793466526,5.6372221814606
ENSSSCG00000028581,2.5272833570641,2.81701875074225
ENSSSCG00000025902,4.92178942305645,5.1951355321414
ENSSSCG00000008758,9.57390537404003,7.84397767651981
ENSSSCG00000022446,3.55132938706797,3.34221111301098
ENSSSCG00000040571,4.82210456874677,4.86858997113173
ENSSSCG00000029275,3.86137567700507,3.71257530994849
ENSSSCG00000008756,6.62340008412771,6.77705163780161
ENSSSCG00000038410,4.72935560734964,5.40536658545118
ENSSSCG00000022155,5.13527955231673,5.42458613479984
ENSSSCG00000008761,4.3960859111406,4.28454008180057
ENSSSCG00000009051,3.79281337669825,3.59685796798648
ENSSSCG00000009052,6.30978735722283,5.63080069665355
ENSSSCG00000022649,5.13988719043168,4.77352178121376
ENSSSCG00000009050,2.46988522199915,2.56322591732365
ENSSSCG00000028927,-0.0469734082326686,-0.724143750785594
ENSSSCG00000028632,-0.581735609749139,-2.92464516734468
ENSSSCG00000041979,-1.76904577456744,-0.389789821758014
ENSSSCG00000059656,1.46821691359075,3.37770673814231
ENSSSCG00000009061,5.56111062223164,5.80875613896281
ENSSSCG00000058604,4.1952847513568,4.2538267377516
ENSSSCG00000009062,1.38785577819136,1.61746563255219
ENSSSCG00000029920,5.4504758580435,6.04648832964111
ENSSSCG00000024596,4.93068038675488,4.52907871456189
ENSSSCG00000032749,3.57420588393168,3.30120598251763
ENSSSCG00000009053,2.98885557233165,3.39945604730476
ENSSSCG00000032741,6.53462839036748,6.68884015668827
ENSSSCG00000009055,4.83542192173782,4.91764662175102
ENSSSCG00000038236,1.52568015604393,1.35790376000462
ENSSSCG00000026360,5.23195836264199,3.75368335878949
ENSSSCG00000038550,6.65217535722184,6.70901085784082
ENSSSCG00000041625,0.81143323514119,2.82346884227012
ENSSSCG00000035973,6.40409622811753,6.9136799170879
ENSSSCG00000009037,4.34112734509873,4.81780632770776
ENSSSCG00000033834,-0.581735609749139,-0.801432154592459
ENSSSCG00000031904,6.00257821777895,5.742228941074
ENSSSCG00000009122,3.49009508734163,3.50354042332499
ENSSSCG00000042317,-0.0469734082326686,0.413188112875905
ENSSSCG00000009039,3.41097720151772,3.69157352599349
ENSSSCG00000009040,4.58589420574893,5.1624362381228
ENSSSCG00000009042,6.22703768658893,6.7042130225049
ENSSSCG00000009043,5.9085031767712,5.97006143224194
ENSSSCG00000033871,2.49886972135825,1.81164869165001
ENSSSCG00000009045,2.16693335253786,1.06313784412392
ENSSSCG00000048545,0.682619433441756,-3.86672707663002
ENSSSCG00000043429,2.13035473334754,1.9711966741643
ENSSSCG00000058362,0.841916534859911,0.343090997642991
ENSSSCG00000050119,-1.3010534406464,-0.580978849888471
ENSSSCG00000061048,3.5374273204274,3.45035440098084
ENSSSCG00000057026,1.09065751143433,1.66133288059543
ENSSSCG00000029260,2.2936384687718,0.996201015194988
ENSSSCG00000009101,3.32726742574501,3.43779716712177
ENSSSCG00000036256,3.68344421831341,3.53138710266873
ENSSSCG00000009106,6.99334477227832,6.53129060094619
ENSSSCG00000031773,4.74153324753273,4.93562117368516
ENSSSCG00000023174,4.21579752291593,5.26551474317557
ENSSSCG00000009111,8.06114286214963,6.97145215281407
ENSSSCG00000009112,6.95768722394162,5.7907648529947
ENSSSCG00000009113,4.98290535657391,4.93114848692745
ENSSSCG00000009114,1.85946778722825,2.82989022463114
ENSSSCG00000009115,1.03896948409484,-0.389789821758014
ENSSSCG00000009098,-1.76904577456744,-0.969662564375006
ENSSSCG00000009100,0.111554715953384,1.10609700495897
ENSSSCG00000009132,4.45643441302149,2.91086700396588
ENSSSCG00000009133,3.49489880474933,3.3733172519404
ENSSSCG00000036236,5.01168136260575,5.23801512250083
ENSSSCG00000009134,0.957790112127212,2.06127417365364
ENSSSCG00000009135,-0.289717603961706,0.800848232904328
ENSSSCG00000009136,-2.19461582859326,-0.220998320347156
ENSSSCG00000009137,4.25029764203057,3.81322928508241
ENSSSCG00000009138,7.42128499956583,8.18230209004868
ENSSSCG00000036158,0.0606232623061967,-0.801432154592459
ENSSSCG00000056927,-0.753389730293386,-2.14284221802902
ENSSSCG00000047163,-1.5956269400881,-0.883096611932229
ENSSSCG00000054076,1.11582327058225,1.82456795126936
ENSSSCG00000018373,-1.44083485948891,-0.650786169073976
ENSSSCG00000021874,4.63893807083309,1.95953100743037
ENSSSCG00000029621,6.2988413631538,6.84202746737281
ENSSSCG00000009192,7.10869699388322,6.67240873102812
ENSSSCG00000009193,5.19406068308839,5.298300131368
ENSSSCG00000022986,-0.581735609749139,0.877238412496071
ENSSSCG00000009202,2.86816398685734,2.23583578812337
ENSSSCG00000009208,5.85158942601781,6.16867420196235
ENSSSCG00000008908,4.23027296690235,3.91337607062312
ENSSSCG00000027954,-1.96619539223541,0.826763660403192
ENSSSCG00000023269,6.31929744596724,6.75191088911437
ENSSSCG00000009226,3.67922986478886,2.95853009044781
ENSSSCG00000027301,1.09065751143433,1.57222259459841
ENSSSCG00000022283,5.21749990436263,5.85985376190362
ENSSSCG00000023593,7.60356956853696,8.14335810345968
ENSSSCG00000008903,4.98119464230876,5.63539038621602
ENSSSCG00000027403,5.15665706813262,5.51503007269442
ENSSSCG00000032190,-1.3010534406464,1.20821105392266
ENSSSCG00000028952,0.682619433441756,2.49213147082896
ENSSSCG00000008902,0.00782776903463305,0.973180333493209
ENSSSCG00000026655,7.59380713509027,8.76877088468792
ENSSSCG00000008901,4.52379159070698,4.86858997113173
ENSSSCG00000008900,6.58843173961554,6.43926995433323
ENSSSCG00000009228,5.41543385110599,5.57551003136605
ENSSSCG00000008899,4.01641506675361,2.66729142251727
ENSSSCG00000032353,-0.289717603961706,-2.35951718500686
ENSSSCG00000008898,7.805088756851,5.94587757681716
ENSSSCG00000038107,-1.76904577456744,-0.0228605115491758
ENSSSCG00000023357,5.05948279091915,5.37714503121325
ENSSSCG00000036736,1.50677891522418,2.32944629797738
ENSSSCG00000058108,3.78890711607449,3.8704146169824
ENSSSCG00000025792,4.80092571775472,5.22832582920936
ENSSSCG00000022955,6.46227908696071,6.64216973831351
ENSSSCG00000008913,8.7112248441977,7.80070568176064
ENSSSCG00000008887,4.30602545950621,4.18536683148638
ENSSSCG00000009229,3.91612251859602,3.26848731736893
ENSSSCG00000008888,2.87554997189764,3.23983976676193
ENSSSCG00000008889,-0.428350711608159,-0.389789821758014
ENSSSCG00000026079,1.65147836204809,2.18664964113913
ENSSSCG00000057932,1.71872620129392,-0.168854921246468
ENSSSCG00000055291,-0.581735609749139,0.109708133942356
ENSSSCG00000008890,4.54941619211968,4.59087622724653
ENSSSCG00000039175,3.06189241331493,3.17069667254303
ENSSSCG00000035142,3.15587999024382,3.52744176235384
ENSSSCG00000043807,-0.225096418835447,-0.0228605115491758
ENSSSCG00000032234,5.52399235090656,4.89025779122449
ENSSSCG00000008909,4.4240593417276,5.26906331311195
ENSSSCG00000050228,-0.847537601777033,-1.63861791175253
ENSSSCG00000053465,0.901016344624057,1.54125259769343
ENSSSCG00000052525,-0.94826101088964,-0.275097240265819
ENSSSCG00000047648,-1.5956269400881,-0.969662564375006
ENSSSCG00000057157,-0.289717603961706,-0.801432154592459
ENSSSCG00000046239,-0.163246077098895,-0.883096611932229
ENSSSCG00000060210,-1.1736270562095,-0.389789821758014
ENSSSCG00000053608,-0.94826101088964,-1.37962819886108
ENSSSCG00000052874,0.00782776903463305,-1.16013180230037
ENSSSCG00000057610,-0.94826101088964,-1.26570965698543
ENSSSCG00000051948,-0.581735609749139,-0.580978849888471
ENSSSCG00000009186,4.31148165176031,4.95631230251377
ENSSSCG00000028420,5.81268069244373,5.47973415184989
ENSSSCG00000009169,3.51868035856767,4.70356301757871
ENSSSCG00000022361,1.46821691359075,1.79861269456251
ENSSSCG00000009172,4.98632071152907,5.2737812029424
ENSSSCG00000008995,4.59710699083293,1.75878269330764
ENSSSCG00000009151,3.69601391356227,3.32867182123474
ENSSSCG00000008988,5.3664731029009,5.14322854733882
ENSSSCG00000009152,2.86073999404779,3.31500426226794
ENSSSCG00000024314,0.957790112127212,-2.35951718500686
ENSSSCG00000031901,6.44314433999839,5.71299871734008
ENSSSCG00000032094,3.77317544011881,2.46763286697893
ENSSSCG00000029813,2.67850861649466,2.44271105199964
ENSSSCG00000008997,-1.76904577456744,2.08294141053324
ENSSSCG00000022353,5.07239536750443,4.2297479873508
ENSSSCG00000008996,4.77746131263844,4.67174423425723
ENSSSCG00000026886,0.342293330875861,0.747577553315015
ENSSSCG00000009004,7.17042673590405,3.57025821344925
ENSSSCG00000020879,5.31171423825221,5.07052804621522
ENSSSCG00000009188,-0.289717603961706,-0.389789821758014
ENSSSCG00000024168,6.3587008390081,6.31946275386406
ENSSSCG00000008989,5.64345640798252,6.51594090275081
ENSSSCG00000039563,-0.428350711608159,-0.0699026685752995
ENSSSCG00000021784,4.33041744447865,4.43111657790223
ENSSSCG00000008990,4.78924121864599,4.8306708081164
ENSSSCG00000038801,2.95439396897898,2.74409661085484
ENSSSCG00000023548,3.82750178086163,4.22488363364342
ENSSSCG00000030617,3.49968658036642,3.36006808825397
ENSSSCG00000021764,4.45889496847324,4.54086918328405
ENSSSCG00000022788,5.04972194436967,4.96654763850459
ENSSSCG00000009157,3.26676339384565,4.4583115665278
ENSSSCG00000062602,1.73505954565087,1.49351421091838
ENSSSCG00000009160,7.18164285030624,5.90844508926202
ENSSSCG00000023296,3.83509834562225,1.49351421091838
ENSSSCG00000008991,5.9246145497389,5.32922428713156
ENSSSCG00000022282,4.96224167302807,5.1172139052465
ENSSSCG00000028101,1.63416494499211,1.28499803379961
ENSSSCG00000008993,3.87249250840552,2.74409661085484
ENSSSCG00000009162,0.0606232623061967,-1.78793082929158
ENSSSCG00000009164,4.64543349794003,3.73327574563986
ENSSSCG00000038080,7.32172294623391,6.90458290145605
ENSSSCG00000008986,4.4953084177885,4.35301678640405
ENSSSCG00000025240,4.28676462830034,4.82746542630027
ENSSSCG00000062660,1.11582327058225,-1.63861791175253
ENSSSCG00000009178,5.88947630976878,5.67337797395124
ENSSSCG00000009177,4.45150067658627,4.33732714495905
ENSSSCG00000009176,5.056236507543,4.94748098775896
ENSSSCG00000039327,1.09065751143433,2.40019345180835
ENSSSCG00000009179,-0.225096418835447,-0.168854921246468
ENSSSCG00000008987,8.57368041646054,8.23768374378724
ENSSSCG00000054992,0.957790112127212,0.574837615712797
ENSSSCG00000020717,4.71501721401504,5.18515291893786
ENSSSCG00000009180,4.82019201472572,5.22467550126405
ENSSSCG00000009018,7.71249223127805,7.29264161870905
ENSSSCG00000009181,3.54207624329408,3.66667867364077
ENSSSCG00000009182,-1.05654789507939,-0.331304090129519
ENSSSCG00000009019,10.4092168541626,10.1187185803014
ENSSSCG00000009021,8.2659374619125,8.2802145000663
ENSSSCG00000035409,-1.5956269400881,-0.883096611932229
ENSSSCG00000042058,-3.86672707663002,-0.883096611932229
ENSSSCG00000009023,3.43116714475289,3.17069667254303
ENSSSCG00000009185,6.97669972731244,6.53571654585368
ENSSSCG00000053405,4.98972800025711,4.97960154872618
ENSSSCG00000037766,4.61265990889702,4.19783250191739
ENSSSCG00000009140,4.90022485631319,5.19264634704701
ENSSSCG00000009141,4.57686080612584,3.81969630309561
ENSSSCG00000009029,4.62366737007878,4.56993055639219
ENSSSCG00000009142,5.3212116753743,5.53481811961952
ENSSSCG00000009030,4.47842978092317,4.62266025503224
ENSSSCG00000039813,0.613625923982859,1.66133288059543
ENSSSCG00000030044,5.71416353454658,5.80387163331706
ENSSSCG00000009031,5.41289797757831,3.97551076433885
ENSSSCG00000040272,5.21021597203009,4.60965740618034
ENSSSCG00000009144,-1.5956269400881,-0.51439395667637
ENSSSCG00000009145,6.44810668716738,5.08133307267156
ENSSSCG00000009146,8.92697092928655,8.75881448122882
ENSSSCG00000009035,4.72935560734964,3.56641789445968
ENSSSCG00000009148,3.39564713084774,3.6738354311559
ENSSSCG00000008985,2.67003855032607,3.51951856546125
ENSSSCG00000053689,1.70220582089016,1.4441419554549
ENSSSCG00000061519,0.715917087066103,2.67444514854501
ENSSSCG00000050540,4.19823306444655,4.1369899399032
ENSSSCG00000009150,7.56268793426449,7.22421473799008
ENSSSCG00000049801,-0.103938698558373,-0.168854921246468
ENSSSCG00000057196,-1.76904577456744,-0.168854921246468
ENSSSCG00000042273,3.10651622932763,3.9927828655898
ENSSSCG00000056212,-0.357369586612393,-1.63861791175253
ENSSSCG00000057637,1.82935696214862,3.73327574563986
ENSSSCG00000046523,-0.163246077098895,1.04116884334027
ENSSSCG00000018727,-0.428350711608159,-0.168854921246468
ENSSSCG00000018533,-0.847537601777033,-1.50331917830221
ENSSSCG00000041076,-0.289717603961706,-0.883096611932229
ENSSSCG00000051466,-1.3010534406464,-0.331304090129519
ENSSSCG00000061051,-1.76904577456744,-0.118530588140316
ENSSSCG00000056100,-2.46613199464794,-0.650786169073976
ENSSSCG00000052555,-0.503005667143942,-0.724143750785594
ENSSSCG00000009015,4.12884908206675,3.66667867364077
ENSSSCG00000059573,4.50486542783186,4.23217402754572
ENSSSCG00000060466,-0.665011214899346,0.663791401431833
ENSSSCG00000046677,0.425160216794395,0.663791401431833
ENSSSCG00000060014,-0.94826101088964,2.14605650303391
ENSSSCG00000062056,-2.19461582859326,-0.969662564375006
ENSSSCG00000044738,0.208321522646333,-0.51439395667637
ENSSSCG00000035712,0.384321665410682,-1.63861791175253
ENSSSCG00000008808,4.62585881992524,4.50520470528524
ENSSSCG00000008807,4.06244538145152,4.06532750825372
ENSSSCG00000035621,-0.503005667143942,-0.389789821758014
ENSSSCG00000033373,4.43659741768964,4.1601076310431
ENSSSCG00000008812,3.76921557047862,3.89512044445611
ENSSSCG00000008813,4.82782706508037,5.31212609849812
ENSSSCG00000008816,4.8144390928187,4.86077191459508
ENSSSCG00000038160,1.61664122769751,0.926006765743826
ENSSSCG00000037950,5.36909183092213,5.86767678208206
ENSSSCG00000036284,2.76058170235838,3.35116722857188
ENSSSCG00000008835,3.13140923046282,1.88748384057387
ENSSSCG00000008836,4.35968046582564,3.81322928508241
ENSSSCG00000031636,6.25633084505513,6.38088300532915
ENSSSCG00000008838,2.91908899595331,3.15031718730706
ENSSSCG00000008819,-0.847537601777033,0.0226960489355265
ENSSSCG00000008820,3.86137567700507,4.27280450820072
ENSSSCG00000008821,5.91658135371411,6.19067008372822
ENSSSCG00000008823,0.00782776903463305,0.109708133942356
ENSSSCG00000008826,4.88383722883348,5.73882067140464
ENSSSCG00000058121,7.17754039275382,7.18060276664727
ENSSSCG00000008829,4.18640348747925,3.00466873565346
ENSSSCG00000008830,0.208321522646333,2.39153747277534
ENSSSCG00000008831,5.04481664425098,4.71748252509953
ENSSSCG00000008832,-1.44083485948891,0.343090997642991
ENSSSCG00000058015,5.12911305393482,5.05827487020301
ENSSSCG00000008834,7.76612992063114,8.02784289948901
ENSSSCG00000008789,5.87849007808655,6.4755573339078
ENSSSCG00000008788,5.43055619401458,5.84407929867779
ENSSSCG00000026297,2.80767400923913,2.67444514854501
ENSSSCG00000061243,9.47092921189252,9.40794653351191
ENSSSCG00000029385,4.1350167064359,3.91639634195172
ENSSSCG00000030150,6.45920995176325,5.69023963929735
ENSSSCG00000021793,7.2063817275564,6.65578800324138
ENSSSCG00000033602,6.0652842195982,5.84882977422967
ENSSSCG00000023112,6.25066161924133,6.71769352545765
ENSSSCG00000008792,5.18070682236096,5.76920905637872
ENSSSCG00000008794,-0.225096418835447,0.996201015194988
ENSSSCG00000008796,6.35077330308386,6.66029900745194
ENSSSCG00000024496,4.19233040070992,4.52907871456189
ENSSSCG00000022168,5.4267904428598,5.49395630981449
ENSSSCG00000022945,5.44055040525091,3.21061181823215
ENSSSCG00000008799,5.82035549215967,5.82089553828894
ENSSSCG00000037305,6.2255934237898,6.50092922151331
ENSSSCG00000008801,6.2227005534443,6.13859924777479
ENSSSCG00000040147,-0.581735609749139,0.747577553315015
ENSSSCG00000008803,2.46988522199915,4.41412277758863
ENSSSCG00000008804,-1.76904577456744,-0.801432154592459
ENSSSCG00000058773,0.299003801631898,-0.51439395667637
ENSSSCG00000049086,1.34593178147808,-0.168854921246468
ENSSSCG00000045759,-1.05654789507939,-0.801432154592459
ENSSSCG00000047290,-0.581735609749139,-0.51439395667637
ENSSSCG00000060729,-0.94826101088964,-0.450747065242323
ENSSSCG00000044256,1.88896298917059,1.22779433856161
ENSSSCG00000043129,0.957790112127212,1.64685816540168
ENSSSCG00000050499,1.03896948409484,1.4102627264044
ENSSSCG00000053874,-1.76904577456744,1.04116884334027
ENSSSCG00000008765,3.05540339708637,1.55682069776002
ENSSSCG00000008762,4.67112665475731,4.34855141568573
ENSSSCG00000032413,5.19110382215945,4.54086918328405
ENSSSCG00000008768,3.62329263130676,3.62666902178693
ENSSSCG00000028471,6.48055803676624,6.61639982837757
ENSSSCG00000008770,0.299003801631898,0.663791401431833
ENSSSCG00000008771,5.28561579734252,4.93859527985266
ENSSSCG00000008772,3.43617078895197,3.27791146848435
ENSSSCG00000008773,5.55307221016456,5.41607570721644
ENSSSCG00000028983,7.8319133057491,7.59059359991296
ENSSSCG00000036125,6.88178137610398,4.44163694228231
ENSSSCG00000061764,1.40836959521317,1.01886012427252
ENSSSCG00000029943,4.21579752291593,3.6192738091208
ENSSSCG00000036488,6.64246684603748,6.51743351544207
ENSSSCG00000008785,6.51820615336046,4.76181520654838
ENSSSCG00000027877,-2.46613199464794,-0.883096611932229
ENSSSCG00000026583,2.76853794482827,2.40879780570445
ENSSSCG00000026592,1.82935696214862,2.21636209324052
ENSSSCG00000023785,0.208321522646333,-0.650786169073976
ENSSSCG00000008787,4.20704202388818,4.43322679702533
ENSSSCG00000008767,2.21430541888211,1.6898537845966
ENSSSCG00000059682,3.55593379830106,2.19662193895553
ENSSSCG00000055589,6.1927092982844,6.99806843647505
ENSSSCG00000055860,-0.753389730293386,0.901828647831401
ENSSSCG00000058594,-1.76904577456744,-0.118530588140316
ENSSSCG00000036155,3.49968658036642,3.32867182123474
ENSSSCG00000022173,5.12911305393482,5.41180159302459
ENSSSCG00000009083,6.10509996625872,7.01154778425925
ENSSSCG00000009084,3.63204079352504,3.42088233897337
ENSSSCG00000009085,0.841916534859911,0.480036609493032
ENSSSCG00000036213,3.9409770362239,3.81969630309561
ENSSSCG00000026290,2.46988522199915,2.9169117185231
ENSSSCG00000034743,6.04822828787546,5.70603408677521
ENSSSCG00000009090,5.33198987840614,6.12365005705915
ENSSSCG00000009092,-1.76904577456744,-1.06175616837389
ENSSSCG00000009093,4.76359540736435,5.23438925913422
ENSSSCG00000060144,2.13035473334754,3.39079562950206
ENSSSCG00000009096,4.71501721401504,4.85763279064949
ENSSSCG00000044775,3.20946722096746,-2.35951718500686
ENSSSCG00000009097,8.74941438976468,8.33569760836183
ENSSSCG00000060288,-0.847537601777033,-1.37962819886108
ENSSSCG00000009259,4.49290924028409,4.37513864775259
ENSSSCG00000027722,4.47357081971983,4.44582370107178
ENSSSCG00000009250,2.05429183424595,-0.650786169073976
ENSSSCG00000029061,1.4485423725996,2.41735114660964
ENSSSCG00000037723,4.0976091439326,4.05440148353336
ENSSSCG00000036555,0.342293330875861,-0.389789821758014
ENSSSCG00000009256,6.89319758584171,5.76083184400234
ENSSSCG00000009230,6.39255885793772,6.88736982810067
ENSSSCG00000009231,5.35198450939884,5.63355626217703
ENSSSCG00000009232,0.111554715953384,-0.801432154592459
ENSSSCG00000009233,3.30007972835331,2.61619678245007
ENSSSCG00000009234,1.63416494499211,2.8426478762261
ENSSSCG00000038042,1.68549407120461,1.12710621877915
ENSSSCG00000009236,3.63204079352504,3.9956415516376
ENSSSCG00000051849,2.34774757151488,2.24547494246517
ENSSSCG00000009238,5.01836958180639,5.33826113453456
ENSSSCG00000009239,5.51692508969406,7.23453672391982
ENSSSCG00000009240,4.50009483649528,4.02951111928058
ENSSSCG00000009241,6.17111310364225,6.05130495342098
ENSSSCG00000009242,4.2978022842804,4.54672847918218
ENSSSCG00000009243,3.11277986246647,3.42936454257034
ENSSSCG00000009244,8.40433761348037,7.71527396067502
ENSSSCG00000009245,4.429087655459,5.2831709481389
ENSSSCG00000026729,5.66386217579353,5.11852583885142
ENSSSCG00000009246,5.12911305393482,4.80645503143421
ENSSSCG00000037245,8.27678638460098,8.06046152563596
ENSSSCG00000040448,2.06725074680192,1.77218191355614
ENSSSCG00000009249,7.4653939747647,7.28740198107854
ENSSSCG00000055411,-0.665011214899346,-0.724143750785594
ENSSSCG00000029507,3.816031403068,5.07458942031368
ENSSSCG00000033490,-0.753389730293386,-1.37962819886108
ENSSSCG00000043057,2.01470169144954,2.3740681350203
ENSSSCG00000053767,-0.94826101088964,-0.724143750785594
ENSSSCG00000047440,1.48762675172783,2.35638466866671
ENSSSCG00000055245,-2.80087696638474,-0.51439395667637
ENSSSCG00000058740,-0.847537601777033,0.269413319240056
ENSSSCG00000009237,6.08692109427214,5.80305593881932
ENSSSCG00000008842,4.55632644591519,7.4971086853553
ENSSSCG00000008844,6.59962489628233,6.48779153824775
ENSSSCG00000032645,5.15514056338635,5.15861510362541
ENSSSCG00000008840,2.66151846255649,-0.168854921246468
ENSSSCG00000008841,5.12601989246791,4.60217424844161
ENSSSCG00000008845,4.20117536460575,4.67174423425723
ENSSSCG00000053955,1.63416494499211,2.12532342728475
ENSSSCG00000008850,2.88289833635537,3.0820225798891
ENSSSCG00000008892,3.24411724595056,3.88590526779945
ENSSSCG00000057119,2.72012870992577,3.17574687812892
ENSSSCG00000036417,-1.76904577456744,-0.0699026685752995
ENSSSCG00000008852,4.71501721401504,5.13547329096171
ENSSSCG00000008853,1.46821691359075,1.18835828160125
ENSSSCG00000008854,5.72340286451478,5.63171980341482
ENSSSCG00000008857,6.58505678803743,6.08993870064144
ENSSSCG00000008858,6.09959147502783,6.24453631589359
ENSSSCG00000020868,3.1739644641406,3.48738333630153
ENSSSCG00000008860,-0.225096418835447,-1.16013180230037
ENSSSCG00000008866,7.32138494628212,6.49941942644209
ENSSSCG00000008870,8.78735342948998,6.63805906493988
ENSSSCG00000008867,3.01584416771585,3.01033368279559
ENSSSCG00000024960,6.83471754210093,7.05467703680198
ENSSSCG00000032722,0.0606232623061967,-1.95450014976733
ENSSSCG00000008873,6.03344669235965,5.80387163331706
ENSSSCG00000008874,4.96397499597078,4.44999834486928
ENSSSCG00000041883,4.20996643151759,3.28260055852538
ENSSSCG00000008875,4.40121249903953,2.32944629797738
ENSSSCG00000028492,2.27141351306507,1.26618103197673
ENSSSCG00000008877,5.22907823978339,4.94008003692927
ENSSSCG00000008878,5.41035763881071,5.38261529989765
ENSSSCG00000031175,4.76160363985539,4.96800391953454
ENSSSCG00000008881,5.92817055135457,6.15083280275944
ENSSSCG00000059642,-1.96619539223541,-1.26570965698543
ENSSSCG00000043799,1.93210506278503,2.53206007975693
ENSSSCG00000056962,1.66858646664768,0.109708133942356
ENSSSCG00000060644,5.62385470296934,5.8409036025131
ENSSSCG00000061935,-0.753389730293386,-1.26570965698543
ENSSSCG00000062670,5.58721156624556,5.39890274647483
ENSSSCG00000056426,0.929682484613295,1.60254171360028
ENSSSCG00000038185,0.841916534859911,1.79861269456251
ENSSSCG00000039341,-2.80087696638474,3.32413033988791
ENSSSCG00000008965,1.91786723757113,2.43430718416671
ENSSSCG00000008966,6.56006291416447,6.64216973831351
ENSSSCG00000008961,3.56965951235715,4.36190627741611
ENSSSCG00000063288,0.81143323514119,1.74525785846237
ENSSSCG00000008969,4.79704139008876,4.46245028240699
ENSSSCG00000029348,4.31962744351204,4.54867630156947
ENSSSCG00000008953,-1.76904577456744,-1.16013180230037
ENSSSCG00000008957,-1.3010534406464,-1.06175616837389
ENSSSCG00000053058,-1.96619539223541,-0.389789821758014
ENSSSCG00000060276,0.87176904556138,1.14781387260733
ENSSSCG00000061605,3.1739644641406,4.12136974834769
ENSSSCG00000008959,2.2936384687718,2.7576322855016
ENSSSCG00000035020,2.82303593425957,-2.61458503095514
ENSSSCG00000008963,1.21231354325694,3.23500937773475
ENSSSCG00000036645,-0.503005667143942,-1.78793082929158
ENSSSCG00000023903,6.05962128393459,5.34947816927362
ENSSSCG00000008937,-0.357369586612393,0.231113683523015
ENSSSCG00000026084,4.06567773954214,4.39692641543382
ENSSSCG00000008727,0.342293330875861,0.191769503652254
ENSSSCG00000039991,5.3413552013549,5.26076969820633
ENSSSCG00000008938,0.0606232623061967,-0.969662564375006
ENSSSCG00000035379,5.3035235165232,3.90123135622859
ENSSSCG00000039488,5.55652272965553,5.39890274647483
ENSSSCG00000031302,6.29402625120395,6.2196895552512
ENSSSCG00000025514,5.60620453166219,6.06020767074012
ENSSSCG00000029983,5.93702239674832,5.99884188029321
ENSSSCG00000008712,1.93210506278503,1.83737254564755
ENSSSCG00000032452,6.66075063719504,5.20010105495464
ENSSSCG00000008710,-0.428350711608159,1.26618103197673
ENSSSCG00000008940,6.13001720639989,6.12365005705915
ENSSSCG00000008942,7.10948025229013,8.01116450510718
ENSSSCG00000008943,4.30054855387541,5.29017336795061
ENSSSCG00000008709,1.63416494499211,-1.63861791175253
ENSSSCG00000036501,7.99253210583255,7.5595367540812
ENSSSCG00000038180,5.4442804567863,4.76013505727266
ENSSSCG00000032637,4.36755934111703,4.10822247590328
ENSSSCG00000008947,2.65294775884989,2.35638466866671
ENSSSCG00000024399,3.76524480197547,3.25423464758754
ENSSSCG00000024592,6.61239057561931,6.81557857270283
ENSSSCG00000038731,5.26467299746481,5.09739037865024
ENSSSCG00000024892,1.90348749886982,1.4102627264044
ENSSSCG00000008728,2.79993126747808,3.36449800938972
ENSSSCG00000008729,2.9751695535918,3.46280327898759
ENSSSCG00000034122,5.14295079401734,5.27495826864715
ENSSSCG00000045703,-1.05654789507939,-0.801432154592459
ENSSSCG00000037539,3.53276336848595,2.7166382149345
ENSSSCG00000008970,5.94318653088427,6.25709888732151
ENSSSCG00000022940,7.55091505411824,7.53641096102452
ENSSSCG00000037445,3.04233714300071,3.35562452275147
ENSSSCG00000029624,5.43556195392694,5.89702329604412
ENSSSCG00000027349,6.37898093310931,6.71509420759045
ENSSSCG00000027746,8.77740743515807,8.17096599481392
ENSSSCG00000027178,1.42859580901325,1.77218191355614
ENSSSCG00000022358,4.98632071152907,5.03623112272814
ENSSSCG00000008735,5.74976661651501,6.43926995433323
ENSSSCG00000037527,0.425160216794395,-0.51439395667637
ENSSSCG00000008948,-0.357369586612393,0.852221766628148
ENSSSCG00000021289,6.86657231182813,6.74130488222086
ENSSSCG00000038234,5.6205617021283,5.66262605862583
ENSSSCG00000027286,4.7108942190829,4.38389327925118
ENSSSCG00000032262,7.64143034248153,6.71292452617143
ENSSSCG00000035739,0.957790112127212,0.480036609493032
ENSSSCG00000036512,4.85236556088414,5.08402173209733
ENSSSCG00000032633,4.61486813015719,4.67709633776791
ENSSSCG00000008678,5.88765107111877,5.86923630852542
ENSSSCG00000008677,3.2498121961957,2.89257939860165
ENSSSCG00000030827,3.77712447056215,3.98417266274327
ENSSSCG00000008675,6.47692072741379,6.18002824872693
ENSSSCG00000008682,5.66599345698439,5.749021419687
ENSSSCG00000008681,5.70071249870504,5.55917750572622
ENSSSCG00000063120,3.63204079352504,3.06034143483319
ENSSSCG00000033541,4.84861746729931,5.10137693487325
ENSSSCG00000027718,4.58364115303315,4.63920782748786
ENSSSCG00000008687,6.79144540588715,6.56968476475486
ENSSSCG00000032304,6.4487257821403,6.28716016343028
ENSSSCG00000037035,5.5894590542868,6.32856076047575
ENSSSCG00000008689,2.63565207274618,2.76435279581209
ENSSSCG00000034633,6.97970147549886,6.38470446920811
ENSSSCG00000054601,1.97399439525949,2.33848175918667
ENSSSCG00000008690,6.39769797215881,6.47811469613867
ENSSSCG00000029745,5.29114957747305,5.46020562466878
ENSSSCG00000023426,-1.96619539223541,-1.26570965698543
ENSSSCG00000008952,4.3570445831253,5.40751477874947
ENSSSCG00000008921,4.44902746675243,4.46657715934426
ENSSSCG00000008923,-0.94826101088964,0.0226960489355265
ENSSSCG00000008924,4.39351576950763,4.73126901584918
ENSSSCG00000008930,-2.80087696638474,0.720185961482743
ENSSSCG00000008691,4.1952847513568,4.02392112189717
ENSSSCG00000035505,6.87626934067818,7.35463320669604
ENSSSCG00000047476,0.613625923982859,2.87405700009082
ENSSSCG00000040980,-1.76904577456744,0.306722442383792
ENSSSCG00000039276,4.08173178280619,6.1540349919169
ENSSSCG00000056469,5.24199375314019,5.42987977068145
ENSSSCG00000032374,-3.86672707663002,-0.883096611932229
ENSSSCG00000028466,4.32503253135323,4.31918467198056
ENSSSCG00000042491,2.88289833635537,3.32413033988791
ENSSSCG00000008698,6.10666996549611,6.04510919260563
ENSSSCG00000008700,-0.225096418835447,0.343090997642991
ENSSSCG00000008702,2.60931343902336,0.269413319240056
ENSSSCG00000008701,7.80629697761116,7.3367084138475
ENSSSCG00000032151,3.40588525623016,1.37556872975422
ENSSSCG00000033873,4.19823306444655,4.64285943223665
ENSSSCG00000028085,4.73545727617879,4.51520026500107
ENSSSCG00000059110,4.31148165176031,4.70356301757871
ENSSSCG00000038829,4.63023175841048,4.81295241865224
ENSSSCG00000008703,0.577851083508549,0.774458752770575
ENSSSCG00000059898,0.384321665410682,-0.389789821758014
ENSSSCG00000061994,2.55514818233533,2.42585407584627
ENSSSCG00000061545,1.18878921645065,1.10609700495897
ENSSSCG00000057151,-0.753389730293386,-2.35951718500686
ENSSSCG00000034251,-0.225096418835447,-1.50331917830221
ENSSSCG00000051354,-0.357369586612393,0.852221766628148
ENSSSCG00000056806,-0.847537601777033,-0.331304090129519
ENSSSCG00000061843,3.89447243966319,4.30312067020258
ENSSSCG00000043216,0.748463530495347,-2.92464516734468
ENSSSCG00000052014,-0.357369586612393,0.378565244869403
ENSSSCG00000047882,-0.581735609749139,-0.801432154592459
ENSSSCG00000055957,5.65208351459436,5.90312617011709
ENSSSCG00000029711,4.94303639656583,5.26195742336193
ENSSSCG00000051936,-2.19461582859326,0.413188112875905
ENSSSCG00000054979,-2.80087696638474,-0.883096611932229
ENSSSCG00000047976,4.20704202388818,6.07244451135265
ENSSSCG00000021515,4.59038978281825,5.11458645353111
ENSSSCG00000039778,2.69530100957938,1.06313784412392
ENSSSCG00000008978,0.254375037426665,-2.35951718500686
ENSSSCG00000008979,4.60156781696184,5.2512325304799
ENSSSCG00000008980,7.68910437230124,7.56988357835362
ENSSSCG00000008981,5.0978788936104,4.93114848692745
ENSSSCG00000008983,2.95439396897898,3.78706736470701
ENSSSCG00000008984,6.30774129935768,6.3627299212236
ENSSSCG00000052738,3.34865461023762,3.23016276139433
ENSSSCG00000008971,7.42663726541435,6.46115172206649
ENSSSCG00000008972,-0.753389730293386,-1.37962819886108
ENSSSCG00000008973,3.36448946922339,3.09807225595263
ENSSSCG00000008974,5.58496057151398,5.82331120863255
ENSSSCG00000032777,1.7986042665823,0.269413319240056
ENSSSCG00000032474,3.1739644641406,1.92395712532492
ENSSSCG00000008976,-2.80087696638474,1.12710621877915
ENSSSCG00000054701,-1.76904577456744,-0.0228605115491758
ENSSSCG00000041895,-0.225096418835447,-0.389789821758014
ENSSSCG00000059464,1.4485423725996,1.61746563255219
ENSSSCG00000008724,5.71107056190657,5.64907249196643
ENSSSCG00000008723,6.47449074986199,4.4870363037077
ENSSSCG00000008722,3.14369649336471,3.94329796990743
ENSSSCG00000023907,5.44923890436946,4.81295241865224
ENSSSCG00000041048,-0.94826101088964,0.413188112875905
ENSSSCG00000008721,1.75121004166391,2.86157528753835
ENSSSCG00000009002,2.95439396897898,4.46451519650864
ENSSSCG00000009007,4.78924121864599,4.90857466280008
ENSSSCG00000009009,1.03896948409484,0.852221766628148
ENSSSCG00000029200,5.56339910888587,6.34826485606058
ENSSSCG00000009011,3.22110994226279,4.35968903450673
ENSSSCG00000009010,6.56749264137345,6.58637358916187
ENSSSCG00000038186,5.60953042890657,6.02915362724115
ENSSSCG00000009012,3.58325587051105,3.82934279843556
ENSSSCG00000050277,-1.1736270562095,-0.275097240265819
ENSSSCG00000031736,3.70017959247316,3.96095768663371
ENSSSCG00000030396,7.27710521868646,7.22786623047715
ENSSSCG00000020711,4.82019201472572,5.01102251632131
ENSSSCG00000028359,4.95004974984416,4.18536683148638
ENSSSCG00000008742,1.09065751143433,0.692264219933096
ENSSSCG00000008741,6.75586821915995,3.2056824019525
ENSSSCG00000008745,4.67112665475731,4.74152310920379
ENSSSCG00000008750,3.03575936923339,2.99327166878598
ENSSSCG00000023934,2.74453636267091,1.35790376000462
ENSSSCG00000059381,0.00782776903463305,5.15222396929966
ENSSSCG00000009060,4.20704202388818,4.44999834486928
ENSSSCG00000047367,0.81143323514119,-0.168854921246468
ENSSSCG00000035622,8.27591448946762,8.20393824182162
ENSSSCG00000030957,5.05298290305857,5.340511529379
ENSSSCG00000056724,1.25824180569868,2.42585407584627
ENSSSCG00000009166,3.64073622851727,4.12920098417805
ENSSSCG00000058307,-0.428350711608159,-0.51439395667637
ENSSSCG00000009211,5.45787539088052,5.72854728359712
ENSSSCG00000030548,5.37301103180343,5.59354786033822
ENSSSCG00000021712,5.9103022402517,5.06373357827959
ENSSSCG00000048526,-2.46613199464794,-1.16013180230037
ENSSSCG00000038867,5.85626340078602,6.05130495342098
ENSSSCG00000009215,3.24411724595056,2.83628315226055
ENSSSCG00000055653,1.324503892854,1.10609700495897
ENSSSCG00000009217,5.66705791804507,6.11315849800579
ENSSSCG00000009216,12.6532816450172,9.13291439680376
ENSSSCG00000041592,1.25824180569868,0.692264219933096
ENSSSCG00000009220,4.03632244315774,4.20772806306319
ENSSSCG00000009221,1.40836959521317,2.38282924537441
ENSSSCG00000009222,10.038419668434,8.73687905363513
ENSSSCG00000053724,6.54334972082914,5.57264122366452
ENSSSCG00000009225,9.34315129575972,6.54159676318796
ENSSSCG00000057393,4.57004844256059,1.42730178812359
ENSSSCG00000048301,1.16487493893756,-1.78793082929158
ENSSSCG00000053510,0.299003801631898,-3.86672707663002
ENSSSCG00000009071,4.88932048043226,6.02426235124535
ENSSSCG00000057133,-1.1736270562095,0.066857978120369
ENSSSCG00000009072,5.50029892124452,5.45606045517299
ENSSSCG00000034280,3.5374273204274,3.72640854973368
ENSSSCG00000009074,2.91908899595331,3.14001846296916
ENSSSCG00000009075,4.16244930073107,4.15244282009041
ENSSSCG00000052949,0.682619433441756,1.06313784412392
ENSSSCG00000055606,3.37495030233802,3.36006808825397
ENSSSCG00000009077,5.98987335363307,6.12299656513728
ENSSSCG00000009079,4.59710699083293,5.54948305114717
ENSSSCG00000008749,3.63204079352504,3.50354042332499
ENSSSCG00000022004,4.70468754926573,4.95631230251377
ENSSSCG00000008692,7.59660314916372,7.57562644541991
ENSSSCG00000008695,6.05637531252467,6.2043263637356
ENSSSCG00000008693,5.75478179851309,5.97586363665965
ENSSSCG00000008694,3.66224825281035,3.56641789445968
ENSSSCG00000008697,7.14696671186496,7.06014934912887
ENSSSCG00000058478,-0.428350711608159,-1.63861791175253
ENSSSCG00000009047,7.1446760097145,7.2438840132393
ENSSSCG00000009049,4.92178942305645,4.75170483466577
ENSSSCG00000009048,5.37822012602561,6.39827051173072
ENSSSCG00000051886,-1.76904577456744,-1.37962819886108
ENSSSCG00000056757,0.577851083508549,2.33848175918667
ENSSSCG00000009203,0.464874497983746,-0.969662564375006
ENSSSCG00000039821,2.78431999506382,0.747577553315015
ENSSSCG00000032541,4.58364115303315,4.59841806358002
ENSSSCG00000026196,6.27110742894704,7.0104881920723
ENSSSCG00000009209,3.31645375125364,2.9169117185231
ENSSSCG00000008737,4.81635928352434,3.31957451718663
ENSSSCG00000008740,6.92513553991625,6.39448486063098
ENSSSCG00000060364,1.59890203838796,0.800848232904328
ENSSSCG00000008738,6.85914010272143,7.01894321907022
ENSSSCG00000026129,2.95439396897898,2.56322591732365
ENSSSCG00000009197,3.98261322749707,4.23459599495222
ENSSSCG00000048161,-1.05654789507939,-0.969662564375006
ENSSSCG00000061180,1.87429076377796,2.28340015971318
ENSSSCG00000058312,-0.225096418835447,0.306722442383792
ENSSSCG00000034811,5.94318653088427,5.72424501964516
ENSSSCG00000023604,7.10005296810218,6.728903431193
ENSSSCG00000029989,6.85354071110763,6.38252201520078
ENSSSCG00000026232,0.54116651967454,-0.883096611932229
ENSSSCG00000040393,-1.1736270562095,-0.220998320347156
ENSSSCG00000008747,2.80767400923913,1.81164869165001
ENSSSCG00000008748,4.1834308748793,4.44163694228231
ENSSSCG00000009119,5.16119704122258,5.32468454730605
ENSSSCG00000009120,0.208321522646333,0.877238412496071
ENSSSCG00000031348,3.85391657911372,3.90123135622859
ENSSSCG00000009129,2.14265094238106,2.19662193895553
ENSSSCG00000009128,2.9956502008432,2.99327166878598
ENSSSCG00000055744,4.56091496174106,2.77770062085909
ENSSSCG00000009123,5.52751304124796,5.4838119520761
ENSSSCG00000009125,6.66181897215872,7.23604845347823
ENSSSCG00000057698,1.11582327058225,1.04116884334027
ENSSSCG00000023273,5.23195836264199,5.73112249710552
ENSSSCG00000053285,3.81218758787805,4.80645503143421
ENSSSCG00000036008,5.37822012602561,6.05267818316186
ENSSSCG00000038307,5.95107334239536,5.22101591377236
ENSSSCG00000008261,4.00298921653194,3.50354042332499
ENSSSCG00000022842,1.88896298917059,2.10428804524604
ENSSSCG00000008309,5.77466998295522,5.65450920781778
ENSSSCG00000008310,4.98461404471611,5.05279542960736
ENSSSCG00000008311,0.577851083508549,1.47724380910331
ENSSSCG00000008262,4.33578233293437,3.56256732561063
ENSSSCG00000008250,-0.94826101088964,0.574837615712797
ENSSSCG00000008259,-1.1736270562095,-1.37962819886108
ENSSSCG00000021287,2.46009285868458,2.5785599463218
ENSSSCG00000021007,3.88352433256059,4.35301678640405
ENSSSCG00000035958,2.58248499665162,1.9711966741643
ENSSSCG00000062275,-0.753389730293386,-1.37962819886108
ENSSSCG00000008263,0.160749279997622,-0.331304090129519
ENSSSCG00000008265,3.3592304705724,3.78376351312905
ENSSSCG00000008266,4.71912845964747,3.76042224664028
ENSSSCG00000039882,4.29229401201672,4.19783250191739
ENSSSCG00000008268,6.11136973794389,6.00736523560826
ENSSSCG00000033366,3.40588525623016,3.02719626934888
ENSSSCG00000008275,5.0167004315769,5.01525465829873
ENSSSCG00000008270,3.50445851965302,2.89257939860165
ENSSSCG00000057727,5.33198987840614,5.36945164087797
ENSSSCG00000022786,5.60064427417138,4.67531450848851
ENSSSCG00000035061,5.4919134282056,4.9504307700918
ENSSSCG00000008287,5.60064427417138,5.3902389966062
ENSSSCG00000008281,4.22738947407285,4.90097087491588
ENSSSCG00000029593,2.8306559884474,2.8426478762261
ENSSSCG00000029485,7.24574356940672,6.88698497301261
ENSSSCG00000020931,5.19701149620623,5.91147569037148
ENSSSCG00000062991,0.54116651967454,-0.0699026685752995
ENSSSCG00000008428,5.51456162161729,4.85448682146576
ENSSSCG00000008429,8.11342353298993,8.76280529179071
ENSSSCG00000008447,3.72492419254139,3.6192738091208
ENSSSCG00000008282,5.69446177544707,5.41394023292604
ENSSSCG00000023156,5.44552166727116,5.5485100131346
ENSSSCG00000008448,6.24425699733684,6.32231204904547
ENSSSCG00000008449,-0.94826101088964,-0.0228605115491758
ENSSSCG00000008274,7.85311306281395,7.39579180344536
ENSSSCG00000008451,4.84673976261837,4.97960154872618
ENSSSCG00000008456,3.64073622851727,4.82103321806101
ENSSSCG00000008289,3.00914420339244,2.52416227528066
ENSSSCG00000039221,7.34618548035603,7.4170056401033
ENSSSCG00000040854,4.82401459068684,4.72094151850558
ENSSSCG00000008452,5.95107334239536,6.05952479339132
ENSSSCG00000008292,5.2377014163489,6.14826592413892
ENSSSCG00000008293,4.11018641085633,4.368537633411
ENSSSCG00000008294,12.8000812075237,8.61343534293555
ENSSSCG00000008459,3.44612631452737,3.55095356908917
ENSSSCG00000038549,7.20967277387967,7.76533801425914
ENSSSCG00000038660,2.74453636267091,2.07214846811371
ENSSSCG00000008464,4.64974759254066,4.6788759690779
ENSSSCG00000008466,6.90362130538495,6.56632370779935
ENSSSCG00000008433,9.11060666873145,8.73013631087493
ENSSSCG00000008467,5.70900489011606,5.50302564173729
ENSSSCG00000008300,4.62366737007878,4.5072093651604
ENSSSCG00000008434,5.72749031660984,5.48686275610195
ENSSSCG00000008298,5.14141980543043,5.57455439584112
ENSSSCG00000021325,7.55753117902074,6.10590103677064
ENSSSCG00000008297,3.9409770362239,3.9956415516376
ENSSSCG00000008437,5.25337793971256,5.438309393016
ENSSSCG00000021579,0.111554715953384,0.343090997642991
ENSSSCG00000037977,5.56796522051043,6.19751438214396
ENSSSCG00000008440,4.25596829550492,3.98704844379237
ENSSSCG00000045356,1.75121004166391,0.747577553315015
ENSSSCG00000008302,0.87176904556138,0.378565244869403
ENSSSCG00000031261,3.44612631452737,2.99898145657284
ENSSSCG00000035912,0.00782776903463305,1.01886012427252
ENSSSCG00000008443,7.54802898724488,7.2369547314447
ENSSSCG00000008303,7.80291140633044,7.55372935127171
ENSSSCG00000038383,6.66075063719504,6.40096847932503
ENSSSCG00000008444,2.92621944634065,3.51155161442838
ENSSSCG00000008445,4.8182769219013,4.69127229753423
ENSSSCG00000008304,4.3727881211328,3.9956415516376
ENSSSCG00000037751,2.35833005876887,0.877238412496071
ENSSSCG00000022162,4.44158229611923,3.8452783254781
ENSSSCG00000008468,5.78058336591704,4.4870363037077
ENSSSCG00000036418,6.27878756205408,4.71921305845897
ENSSSCG00000008307,3.26113509577104,2.87405700009082
ENSSSCG00000008601,6.5264406385843,5.59731673005753
ENSSSCG00000043781,7.83048885053858,7.77805426231976
ENSSSCG00000008619,6.60407795580713,6.66254923119857
ENSSSCG00000008470,4.1257553539808,4.45623774772008
ENSSSCG00000024293,2.85327760027406,2.59373270651027
ENSSSCG00000008474,0.111554715953384,0.852221766628148
ENSSSCG00000008475,5.94318653088427,6.46115172206649
ENSSSCG00000021155,2.53663155909393,2.81701875074225
ENSSSCG00000008618,-0.753389730293386,1.46078781820194
ENSSSCG00000008599,-1.3010534406464,0.0226960489355265
ENSSSCG00000061556,5.65637779889176,6.22274265843805
ENSSSCG00000008600,6.96679263403075,7.69694871011174
ENSSSCG00000008478,5.50744789675952,5.62157727993843
ENSSSCG00000022933,5.27028753703853,2.75088032244574
ENSSSCG00000008312,5.34535037482733,4.2538267377516
ENSSSCG00000040621,1.78297855012575,1.26618103197673
ENSSSCG00000008617,4.44902746675243,4.28454008180057
ENSSSCG00000008568,7.31256903700635,7.36738046481849
ENSSSCG00000008480,6.71425150907224,6.42820334110846
ENSSSCG00000008479,5.96152246815716,5.1624362381228
ENSSSCG00000008482,4.17147879379691,4.14215931264521
ENSSSCG00000008483,-0.289717603961706,-0.331304090129519
ENSSSCG00000008484,6.64192556390093,6.83964295915612
ENSSSCG00000008486,6.69298413487411,6.62196083442876
ENSSSCG00000008621,5.79038545870158,5.58503173170326
ENSSSCG00000022708,6.18826756614202,6.42978949268158
ENSSSCG00000031905,-0.357369586612393,-1.16013180230037
ENSSSCG00000020878,5.59282373515322,5.61787133890898
ENSSSCG00000008613,0.111554715953384,0.231113683523015
ENSSSCG00000008614,5.74674911757097,5.66621894113395
ENSSSCG00000008615,0.384321665410682,-0.801432154592459
ENSSSCG00000008602,8.19594177485949,7.97794085023528
ENSSSCG00000038394,4.3727881211328,5.01525465829873
ENSSSCG00000008316,6.38546255128065,6.37211003195898
ENSSSCG00000008604,6.74179219600274,7.34625868231842
ENSSSCG00000008317,6.07894522372575,6.04510919260563
ENSSSCG00000058412,1.23546043280176,2.44271105199964
ENSSSCG00000053616,1.25824180569868,1.32191137878578
ENSSSCG00000008314,6.2139869742699,7.54424217675245
ENSSSCG00000060496,1.0124140211341,-0.331304090129519
ENSSSCG00000008487,6.23639031640506,7.01929443880064
ENSSSCG00000008608,5.18665713673782,4.88101140218015
ENSSSCG00000030643,6.1369483323747,5.97513963596864
ENSSSCG00000008570,0.299003801631898,0.480036609493032
ENSSSCG00000008569,6.59906729615714,6.22335250450491
ENSSSCG00000062035,-3.23753225397681,-0.650786169073976
ENSSSCG00000008305,2.98885557233165,2.82346884227012
ENSSSCG00000033844,4.30602545950621,5.50703822750917
ENSSSCG00000008488,4.39351576950763,4.39908720366374
ENSSSCG00000008571,6.67192889110176,6.6279611663502
ENSSSCG00000058673,0.648535071030343,0.44699951176586
ENSSSCG00000008441,1.56275558109478,-1.16013180230037
ENSSSCG00000008572,1.18878921645065,0.634745314624147
ENSSSCG00000008573,7.32913898076804,7.04608477601369
ENSSSCG00000008574,4.7833632887826,4.60779025246886
ENSSSCG00000008575,5.62385470296934,5.89396215050728
ENSSSCG00000048402,2.64432583421443,0.191769503652254
ENSSSCG00000008576,4.32503253135323,4.3641201179272
ENSSSCG00000060318,-0.103938698558373,0.109708133942356
ENSSSCG00000056837,0.425160216794395,-0.450747065242323
ENSSSCG00000051522,1.14055756446698,0.747577553315015
ENSSSCG00000047431,-1.96619539223541,0.44699951176586
ENSSSCG00000053703,-1.44083485948891,-1.16013180230037
ENSSSCG00000051523,0.00782776903463305,1.55682069776002
ENSSSCG00000059235,-1.76904577456744,-0.969662564375006
ENSSSCG00000059094,1.70220582089016,2.34746098418498
ENSSSCG00000054930,-0.357369586612393,-1.16013180230037
ENSSSCG00000029413,4.15942686733562,4.5072093651604
ENSSSCG00000053560,-2.19461582859326,-1.16013180230037
ENSSSCG00000008577,4.06244538145152,4.33507177356231
ENSSSCG00000057784,-1.5956269400881,-0.969662564375006
ENSSSCG00000048122,2.64432583421443,3.52348560311752
ENSSSCG00000008578,5.97189645705219,6.00878091198085
ENSSSCG00000050679,-0.163246077098895,1.37556872975422
ENSSSCG00000055702,2.47961156701835,1.50960316311779
ENSSSCG00000008581,4.1834308748793,4.72783472453812
ENSSSCG00000063378,-0.0469734082326686,-0.801432154592459
ENSSSCG00000008583,5.60620453166219,6.20741211807075
ENSSSCG00000008228,1.11582327058225,1.16822850108867
ENSSSCG00000008164,6.45428571420778,6.40903224093193
ENSSSCG00000008582,0.929682484613295,1.99424877862076
ENSSSCG00000008584,2.91192312854079,3.22529980834429
ENSSSCG00000008585,-0.289717603961706,-0.389789821758014
ENSSSCG00000008586,2.43031054195301,2.34746098418498
ENSSSCG00000008587,5.26044770698136,5.06645520653599
ENSSSCG00000045531,1.82935696214862,1.01886012427252
ENSSSCG00000008192,7.1180681451063,6.80909302859397
ENSSSCG00000008589,3.5139553058738,3.25423464758754
ENSSSCG00000008590,1.58094201213036,2.11484407452863
ENSSSCG00000033753,4.60601489268144,5.12114613240466
ENSSSCG00000041783,1.03896948409484,1.12710621877915
ENSSSCG00000008241,4.59038978281825,3.72984623364515
ENSSSCG00000008591,4.58589420574893,5.4838119520761
ENSSSCG00000008242,5.82226782961756,5.66262605862583
ENSSSCG00000008593,4.43159525549974,3.72640854973368
ENSSSCG00000008245,8.21789871815879,7.65258320628992
ENSSSCG00000008162,4.82972953084583,6.15914375666394
ENSSSCG00000008150,1.28066902659574,0.306722442383792
ENSSSCG00000038714,3.64506437118292,4.21265050656083
ENSSSCG00000008153,0.299003801631898,2.4593733377272
ENSSSCG00000025357,2.28256878788505,2.19662193895553
ENSSSCG00000008159,2.91192312854079,1.47724380910331
ENSSSCG00000032795,0.0606232623061967,-0.969662564375006
ENSSSCG00000028931,-2.19461582859326,-0.220998320347156
ENSSSCG00000030115,3.99283719440183,4.19534796975681
ENSSSCG00000023550,-0.753389730293386,0.306722442383792
ENSSSCG00000045529,7.29511823049997,7.27068312751636
ENSSSCG00000008247,7.15647234647424,6.75486665198032
ENSSSCG00000055154,-0.753389730293386,0.663791401431833
ENSSSCG00000060465,4.34910791583901,4.91462896947818
ENSSSCG00000044418,-2.19461582859326,-0.801432154592459
ENSSSCG00000063005,4.45396965385522,4.80319533155293
ENSSSCG00000062306,-1.44083485948891,-0.450747065242323
ENSSSCG00000047947,-0.753389730293386,1.12710621877915
ENSSSCG00000049469,-0.753389730293386,0.066857978120369
ENSSSCG00000058139,-3.86672707663002,-0.801432154592459
ENSSSCG00000048673,1.54433696419247,1.70390554777238
ENSSSCG00000061042,-1.1736270562095,-1.06175616837389
ENSSSCG00000053235,0.780291912538719,1.46078781820194
ENSSSCG00000044076,-0.581735609749139,-1.95450014976733
ENSSSCG00000008166,-0.163246077098895,0.480036609493032
ENSSSCG00000008168,6.35738260442575,6.83086588801464
ENSSSCG00000008167,6.43566866796302,6.52685103619257
ENSSSCG00000008169,5.17023435078468,6.05267818316186
ENSSSCG00000008170,9.01498365061681,8.7262691186287
ENSSSCG00000008171,5.91658135371411,5.91977716614627
ENSSSCG00000033885,5.0032772491149,4.89791810285523
ENSSSCG00000008183,4.75160334516216,4.56993055639219
ENSSSCG00000030435,5.31307484891314,5.35838942375188
ENSSSCG00000045084,4.22160514102507,3.93140357668263
ENSSSCG00000008185,2.76853794482827,2.46763286697893
ENSSSCG00000034715,3.49009508734163,3.81969630309561
ENSSSCG00000028287,5.49071151194592,5.628039857892
ENSSSCG00000008186,6.77228340774318,6.86877999076543
ENSSSCG00000008233,3.80059431048723,4.66995577837267
ENSSSCG00000008232,5.43681068475737,4.89944529635138
ENSSSCG00000033135,5.65208351459436,5.35505415036125
ENSSSCG00000008187,4.68380365590906,5.33487894675519
ENSSSCG00000008175,4.65404882514508,4.37952260415124
ENSSSCG00000008188,5.20142643020371,4.79992824985493
ENSSSCG00000008176,-0.163246077098895,0.109708133942356
ENSSSCG00000062938,7.31698372558083,6.84915743591984
ENSSSCG00000055832,2.82303593425957,2.79092608296928
ENSSSCG00000025010,5.17023435078468,4.82906900742336
ENSSSCG00000027381,7.16666856954727,6.52487350253639
ENSSSCG00000008179,4.43159525549974,4.77518642149061
ENSSSCG00000058408,6.029313672447,6.02075840171591
ENSSSCG00000008180,6.96765682624814,6.66927892023501
ENSSSCG00000008190,7.4751505436894,5.97151417248731
ENSSSCG00000022300,7.82525378206933,8.15235272016758
ENSSSCG00000027113,1.68549407120461,2.58616627273042
ENSSSCG00000008240,2.88289833635537,2.50823576496658
ENSSSCG00000008181,5.3212116753743,5.18264643537665
ENSSSCG00000033394,5.28422902936655,6.09060733602103
ENSSSCG00000008239,4.30054855387541,5.07998686161452
ENSSSCG00000008238,5.00664477155074,4.66816510265311
ENSSSCG00000008237,6.35275927468565,6.36383663435869
ENSSSCG00000050627,8.36256826240631,8.19090199173725
ENSSSCG00000035478,7.17042673590405,7.49180341898568
ENSSSCG00000008218,5.16270719630383,5.33826113453456
ENSSSCG00000008222,7.08619346964226,6.8163872195642
ENSSSCG00000008221,5.11981360279319,5.77919792139308
ENSSSCG00000023710,2.64432583421443,1.34001980880434
ENSSSCG00000021746,4.50724482087935,4.33055042563357
ENSSSCG00000024564,6.11916882875745,5.89472804603304
ENSSSCG00000008225,5.37822012602561,5.56014337789033
ENSSSCG00000008226,4.83162949115458,5.0236818784366
ENSSSCG00000008227,4.64974759254066,7.00517852629076
ENSSSCG00000008230,1.94620374824525,1.24711535386201
ENSSSCG00000054074,-1.05654789507939,-0.118530588140316
ENSSSCG00000048037,0.0606232623061967,1.82456795126936
ENSSSCG00000052244,-1.1736270562095,-0.168854921246468
ENSSSCG00000059723,1.48762675172783,2.07214846811371
ENSSSCG00000052002,1.4485423725996,1.83737254564755
ENSSSCG00000059111,-1.1736270562095,-1.16013180230037
ENSSSCG00000058553,1.61664122769751,2.95853009044781
ENSSSCG00000062338,0.425160216794395,1.24711535386201
ENSSSCG00000063364,-0.94826101088964,-0.650786169073976
ENSSSCG00000045784,-1.76904577456744,-0.801432154592459
ENSSSCG00000061270,-1.05654789507939,0.413188112875905
ENSSSCG00000042398,-3.86672707663002,-0.801432154592459
ENSSSCG00000062842,-1.1736270562095,-1.06175616837389
ENSSSCG00000018864,-0.581735609749139,-0.450747065242323
ENSSSCG00000026710,7.04993108904088,7.22330041897505
ENSSSCG00000026248,4.8392044092429,4.04890728373521
ENSSSCG00000035052,-0.753389730293386,-2.92464516734468
ENSSSCG00000059318,2.58248499665162,2.40019345180835
ENSSSCG00000033691,1.03896948409484,0.692264219933096
ENSSSCG00000027855,1.03896948409484,1.81164869165001
ENSSSCG00000026569,5.26607868213499,4.97381438806942
ENSSSCG00000037065,6.54044846472205,7.75693822829615
ENSSSCG00000020675,4.04289765600648,3.26375205522008
ENSSSCG00000031290,-0.847537601777033,-0.883096611932229
ENSSSCG00000040215,2.58248499665162,3.43358701597623
ENSSSCG00000007901,4.57232280648654,4.71574991344735
ENSSSCG00000024488,4.91104743113559,4.84975496736719
ENSSSCG00000023304,9.64707277572193,9.80633820177041
ENSSSCG00000008061,6.8175641193931,6.7323351824449
ENSSSCG00000028381,4.08810371085403,3.78045207817825
ENSSSCG00000028454,5.24627335715376,5.85513950671577
ENSSSCG00000007907,7.55839191926278,7.40065284889701
ENSSSCG00000021236,6.8474500782251,6.54208570117151
ENSSSCG00000033311,3.28351773124027,3.39513233689423
ENSSSCG00000007909,3.93391933051826,5.58882288529855
ENSSSCG00000007914,4.01307029934895,4.13180197796732
ENSSSCG00000007944,3.74118791059028,3.46280327898759
ENSSSCG00000025561,5.33601103486934,5.18390022149085
ENSSSCG00000007947,2.82303593425957,2.77104214505238
ENSSSCG00000023653,5.65744937570896,5.91298860692465
ENSSSCG00000022874,5.34401987924769,5.36503692747315
ENSSSCG00000007797,3.85017251810914,3.88898353817468
ENSSSCG00000037232,4.3727881211328,4.748318904002
ENSSSCG00000032578,0.0606232623061967,0.0226960489355265
ENSSSCG00000021118,6.69455095957546,6.55812839234726
ENSSSCG00000023984,5.76674757879586,5.52693544045453
ENSSSCG00000007895,6.28087506749158,6.28774338373281
ENSSSCG00000007896,5.14600790573764,4.80156271552
ENSSSCG00000045157,2.88289833635537,3.0820225798891
ENSSSCG00000032381,6.39127121391041,5.26906331311195
ENSSSCG00000022149,0.715917087066103,0.926006765743826
ENSSSCG00000007917,1.70220582089016,0.634745314624147
ENSSSCG00000036275,6.28434754496645,6.10059985734233
ENSSSCG00000007818,4.14115807597172,4.20526052872888
ENSSSCG00000040182,6.48358213842562,6.13665811562122
ENSSSCG00000035736,1.65147836204809,2.03927655741885
ENSSSCG00000039874,2.82303593425957,2.14605650303391
ENSSSCG00000007920,3.44612631452737,3.63769124610861
ENSSSCG00000007919,4.57232280648654,4.52710423416579
ENSSSCG00000025072,6.69507285656294,2.51622099743307
ENSSSCG00000007925,3.54671023363404,3.23016276139433
ENSSSCG00000007926,3.70433327790565,4.66457706961891
ENSSSCG00000007927,5.60620453166219,7.05158971475723
ENSSSCG00000007924,6.46043838945276,6.4175841961593
ENSSSCG00000007931,5.8885639790959,6.00026594101267
ENSSSCG00000025486,7.69485651360055,6.92309537079475
ENSSSCG00000061894,3.59224944048779,2.95853009044781
ENSSSCG00000021837,5.50029892124452,5.298300131368
ENSSSCG00000038320,6.18604156136414,5.14709059810392
ENSSSCG00000007736,7.71609650623562,7.51290842401335
ENSSSCG00000008062,-0.581735609749139,-1.26570965698543
ENSSSCG00000008058,4.6942833906491,3.90427713280898
ENSSSCG00000008057,5.48468686477405,4.88255658823939
ENSSSCG00000007932,5.6934173501541,5.62896072464036
ENSSSCG00000007795,5.68187849050787,5.59825741109972
ENSSSCG00000040745,2.35833005876887,2.5785599463218
ENSSSCG00000007801,3.4160512381393,3.58551807282603
ENSSSCG00000007800,1.36704606077518,1.83737254564755
ENSSSCG00000007799,-1.5956269400881,-1.26570965698543
ENSSSCG00000007780,6.61459920885007,5.68227709532882
ENSSSCG00000008056,7.29201664438512,6.65804526846621
ENSSSCG00000027098,5.35198450939884,4.80156271552
ENSSSCG00000007933,0.254375037426665,-0.275097240265819
ENSSSCG00000007786,7.24609976145784,7.1641802302109
ENSSSCG00000008054,1.09065751143433,0.306722442383792
ENSSSCG00000008055,3.1190164188074,3.33319905123466
ENSSSCG00000007778,3.23839972611689,2.72355196361232
ENSSSCG00000055551,0.0606232623061967,-0.118530588140316
ENSSSCG00000007788,5.50029892124452,4.81295241865224
ENSSSCG00000007939,5.3950209481316,5.8192828413322
ENSSSCG00000058422,2.54591957752837,2.52416227528066
ENSSSCG00000007798,5.14448015964065,5.19637851600041
ENSSSCG00000007789,7.50908494965719,7.66183609930441
ENSSSCG00000026326,2.3263468361721,2.34746098418498
ENSSSCG00000007791,5.83463661537253,5.63263832500776
ENSSSCG00000025794,6.13925132758869,6.27014339143175
ENSSSCG00000008051,5.35330768335951,4.42688685721638
ENSSSCG00000007790,4.77943132197348,4.85133397712492
ENSSSCG00000047341,-0.225096418835447,-0.220998320347156
ENSSSCG00000007935,5.54730294148209,5.74986823530499
ENSSSCG00000035999,4.57232280648654,4.93562117368516
ENSSSCG00000033496,4.26724317017079,4.37952260415124
ENSSSCG00000008048,7.26062843117933,7.07947748290007
ENSSSCG00000037875,3.81218758787805,3.94329796990743
ENSSSCG00000007930,6.4781341830777,6.38033625465767
ENSSSCG00000023603,4.43909200990628,4.54477802343035
ENSSSCG00000007940,1.97399439525949,2.73043273786855
ENSSSCG00000007941,5.59170304654643,5.00960903894158
ENSSSCG00000052991,4.81251634298115,4.76516964641019
ENSSSCG00000038852,4.65619464212079,4.89791810285523
ENSSSCG00000007943,4.8947829707172,4.80808212360318
ENSSSCG00000024587,5.02668648798682,5.24883835479276
ENSSSCG00000007942,6.59739320154309,6.93468583512202
ENSSSCG00000023349,5.88673758510631,5.83851723449411
ENSSSCG00000008047,5.5062588582199,5.94513836657909
ENSSSCG00000036614,2.88289833635537,1.83737254564755
ENSSSCG00000008044,5.02834413118639,4.23701390322201
ENSSSCG00000033059,1.34593178147808,1.58746179948828
ENSSSCG00000008043,5.8701951510268,5.8931958481682
ENSSSCG00000035594,5.8637104061168,4.77850995091263
ENSSSCG00000007949,5.15210276322738,4.09761770689552
ENSSSCG00000007950,4.4240593417276,5.0650950341979
ENSSSCG00000007951,6.89274266773518,7.46498044240629
ENSSSCG00000007952,5.71827721016181,5.473595758538
ENSSSCG00000036527,5.03825019147093,5.19389147644031
ENSSSCG00000007954,4.02640309177669,4.33957899602656
ENSSSCG00000007956,0.577851083508549,1.89974434301656
ENSSSCG00000007955,5.99412075197028,5.90920333658333
ENSSSCG00000007957,-0.103938698558373,0.231113683523015
ENSSSCG00000021065,6.55719510754958,6.10920440932858
ENSSSCG00000033390,-0.0469734082326686,1.01886012427252
ENSSSCG00000007958,5.74775565197219,5.5090403430447
ENSSSCG00000053387,3.01584416771585,3.04386403660711
ENSSSCG00000029285,3.33800064932877,3.79365245612088
ENSSSCG00000037309,3.71672305901307,3.99849458442712
ENSSSCG00000007963,4.91284332665891,4.4583115665278
ENSSSCG00000007965,2.72012870992577,3.28260055852538
ENSSSCG00000038889,-0.665011214899346,-2.35951718500686
ENSSSCG00000007967,4.78924121864599,4.69127229753423
ENSSSCG00000029375,4.93068038675488,5.36614187296016
ENSSSCG00000021569,0.87176904556138,0.996201015194988
ENSSSCG00000020895,4.26724317017079,4.46038240857897
ENSSSCG00000023315,4.25029764203057,3.58930795029306
ENSSSCG00000027252,4.31691728672147,4.42051893344859
ENSSSCG00000027130,4.94654733494036,4.21265050656083
ENSSSCG00000023743,0.87176904556138,1.16822850108867
ENSSSCG00000008041,7.50254052420765,7.63710489146544
ENSSSCG00000008040,6.78066738214283,6.80420966534834
ENSSSCG00000008039,3.64073622851727,4.24664521557974
ENSSSCG00000008038,5.86278162995291,6.12037963332441
ENSSSCG00000023400,5.25195981937784,5.25839131041438
ENSSSCG00000008036,1.59890203838796,0.269413319240056
ENSSSCG00000008035,5.09629929310995,4.93859527985266
ENSSSCG00000008034,1.34593178147808,1.60254171360028
ENSSSCG00000037686,5.64561802590795,5.57264122366452
ENSSSCG00000022785,0.342293330875861,1.10609700495897
ENSSSCG00000007814,6.45551835019716,6.80502470797824
ENSSSCG00000007815,7.80170034571838,8.34847276760559
ENSSSCG00000007816,0.957790112127212,-3.86672707663002
ENSSSCG00000007817,3.78890711607449,4.49513940894941
ENSSSCG00000033697,10.6701900692529,10.6348949355112
ENSSSCG00000034728,0.841916534859911,1.14781387260733
ENSSSCG00000030328,5.93083181235795,5.72510649943098
ENSSSCG00000032657,-0.163246077098895,-0.801432154592459
ENSSSCG00000032932,6.3036404577207,5.87157244182845
ENSSSCG00000031216,2.2936384687718,1.4441419554549
ENSSSCG00000025711,4.47600234592817,4.0267188280262
ENSSSCG00000008012,5.52751304124796,5.69552369128177
ENSSSCG00000008013,3.46583360755166,2.63831642849982
ENSSSCG00000008014,4.55632644591519,4.28220059168055
ENSSSCG00000039024,1.23546043280176,0.747577553315015
ENSSSCG00000021467,3.74925152860503,3.08739233516866
ENSSSCG00000008016,4.97776711614943,5.18890449814066
ENSSSCG00000008017,5.02502693797951,5.09072154028797
ENSSSCG00000008018,6.82521305296934,6.52388371828529
ENSSSCG00000008019,6.36067593517081,5.95104147036123
ENSSSCG00000008026,5.64237438325762,6.21724241213974
ENSSSCG00000008020,7.5138259542619,7.50816162004385
ENSSSCG00000008021,3.2498121961957,3.23016276139433
ENSSSCG00000008022,6.92513553991625,6.69632743849358
ENSSSCG00000037262,5.07720794266474,4.82746542630027
ENSSSCG00000008024,6.4926165946372,6.01372486816322
ENSSSCG00000028139,1.23546043280176,0.774458752770575
ENSSSCG00000038882,4.10705235861764,3.73669712447758
ENSSSCG00000022963,4.43409850455234,5.28550886652116
ENSSSCG00000008031,6.06689812682196,5.749021419687
ENSSSCG00000008030,5.02336547677253,4.7346951513459
ENSSSCG00000008029,5.56682504673501,6.2760339443351
ENSSSCG00000021560,6.3036404577207,6.21540432690963
ENSSSCG00000062538,2.60931343902336,2.32944629797738
ENSSSCG00000052393,1.324503892854,0.543924309209927
ENSSSCG00000055693,2.89020946153077,3.62666902178693
ENSSSCG00000021536,1.46821691359075,0.480036609493032
ENSSSCG00000039715,0.160749279997622,0.109708133942356
ENSSSCG00000048138,-0.163246077098895,-0.801432154592459
ENSSSCG00000050997,0.901016344624057,1.7854578310934
ENSSSCG00000051865,-0.289717603961706,-0.275097240265819
ENSSSCG00000061273,-0.0469734082326686,0.800848232904328
ENSSSCG00000041169,-0.289717603961706,-0.331304090129519
ENSSSCG00000062646,-0.503005667143942,-0.801432154592459
ENSSSCG00000052863,0.425160216794395,-0.0228605115491758
ENSSSCG00000041751,-1.76904577456744,-1.26570965698543
ENSSSCG00000053704,-3.23753225397681,-0.969662564375006
ENSSSCG00000063258,0.577851083508549,0.634745314624147
ENSSSCG00000056301,2.60931343902336,2.39153747277534
ENSSSCG00000058856,-0.503005667143942,0.378565244869403
ENSSSCG00000061203,3.52808428998225,3.21061181823215
ENSSSCG00000062167,4.05270462609372,3.71950850973016
ENSSSCG00000036096,3.51868035856767,3.55870645204166
ENSSSCG00000060192,0.254375037426665,-0.389789821758014
ENSSSCG00000055817,4.21288492323123,4.35301678640405
ENSSSCG00000047720,1.38785577819136,0.543924309209927
ENSSSCG00000061098,-0.163246077098895,0.066857978120369
ENSSSCG00000036739,-0.847537601777033,-0.801432154592459
ENSSSCG00000026828,0.54116651967454,0.269413319240056
ENSSSCG00000037719,5.49071151194592,6.03263727058076
ENSSSCG00000040569,5.25479466745182,4.76013505727266
ENSSSCG00000007557,4.60823330057767,5.31670546566593
ENSSSCG00000034390,-0.0469734082326686,0.996201015194988
ENSSSCG00000007599,5.61726116770112,5.98308373024278
ENSSSCG00000007565,6.2822650616068,6.1521145314535
ENSSSCG00000007568,6.90226595326324,7.16608470680621
ENSSSCG00000007727,2.7764505503789,3.44199506771677
ENSSSCG00000026457,-0.163246077098895,0.066857978120369
ENSSSCG00000007733,3.83130506323569,3.88282041528908
ENSSSCG00000007732,6.33008990607756,6.92609538429583
ENSSSCG00000058184,0.87176904556138,-0.969662564375006
ENSSSCG00000061064,3.88718294062455,2.46763286697893
ENSSSCG00000041587,1.81406255392592,1.87511825059562
ENSSSCG00000060090,-0.289717603961706,-0.331304090129519
ENSSSCG00000007563,3.88718294062455,4.15500228440099
ENSSSCG00000007564,-0.503005667143942,0.0226960489355265
ENSSSCG00000055213,5.27028753703853,5.02508164166495
ENSSSCG00000007681,7.8156865327874,6.67240873102812
ENSSSCG00000007558,7.13970030890203,6.8718949793269
ENSSSCG00000057358,3.74522535331173,4.46451519650864
ENSSSCG00000007560,5.5894590542868,5.90236472119543
ENSSSCG00000032956,2.14265094238106,0.480036609493032
ENSSSCG00000039119,7.1312406001676,6.19751438214396
ENSSSCG00000007637,5.57251692603239,6.54012895422637
ENSSSCG00000007636,2.11795282114626,2.50020608859808
ENSSSCG00000007642,6.47934661895765,4.65556775116873
ENSSSCG00000032056,-0.103938698558373,-0.389789821758014
ENSSSCG00000037398,5.80399745735102,5.84328602974815
ENSSSCG00000033356,5.26185751256872,5.48686275610195
ENSSSCG00000007556,4.25596829550492,4.43533393405449
ENSSSCG00000038766,4.50486542783186,4.48906635078543
ENSSSCG00000036247,5.22474724597021,5.40644108193656
ENSSSCG00000033926,3.816031403068,4.06532750825372
ENSSSCG00000040977,4.00635741057301,3.9927828655898
ENSSSCG00000039390,6.76335283022131,6.81719541342376
ENSSSCG00000062464,3.01584416771585,1.82456795126936
ENSSSCG00000007572,4.94303639656583,4.65737412138036
ENSSSCG00000020813,5.2505403037072,5.60013693512336
ENSSSCG00000050310,0.299003801631898,-0.275097240265819
ENSSSCG00000007541,4.20411167631061,5.32922428713156
ENSSSCG00000007542,2.92621944634065,2.40879780570445
ENSSSCG00000007543,5.8165231958128,5.8192828413322
ENSSSCG00000007544,6.65378710957264,7.44629501290109
ENSSSCG00000040103,6.14155065235612,5.86063797560017
ENSSSCG00000007547,3.2498121961957,3.47514565515157
ENSSSCG00000038964,3.85391657911372,4.13439829093663
ENSSSCG00000038777,5.02336547677253,5.15861510362541
ENSSSCG00000007552,0.425160216794395,0.663791401431833
ENSSSCG00000026422,2.42024489322316,2.4593733377272
ENSSSCG00000007554,5.90489830540805,4.084251176488
ENSSSCG00000007574,4.99142863167494,4.56416492569981
ENSSSCG00000007576,5.77269345677759,5.89396215050728
ENSSSCG00000007577,5.89584652108012,5.92653393154798
ENSSSCG00000007575,2.15484323487455,1.66133288059543
ENSSSCG00000007580,6.23064203070722,6.48779153824775
ENSSSCG00000035987,3.41097720151772,2.25505012142321
ENSSSCG00000032527,5.52399235090656,5.92353483079417
ENSSSCG00000020986,1.50677891522418,0.774458752770575
ENSSSCG00000027768,3.46093196454201,2.62360774421201
ENSSSCG00000022553,7.22926293636551,7.72800750611389
ENSSSCG00000038526,4.47600234592817,3.72984623364515
ENSSSCG00000044331,4.58814374536442,3.2919332629483
ENSSSCG00000007585,10.7793317608894,10.0325258056368
ENSSSCG00000007586,5.04153715377392,3.94033355247136
ENSSSCG00000038489,0.780291912538719,-0.801432154592459
ENSSSCG00000007601,4.43409850455234,3.51951856546125
ENSSSCG00000008536,0.715917087066103,2.86157528753835
ENSSSCG00000008534,4.45396965385522,5.20010105495464
ENSSSCG00000008491,7.74637464473674,7.59907705658442
ENSSSCG00000037605,5.37691961468825,5.61043077494918
ENSSSCG00000007602,7.5803103171333,7.49584729510305
ENSSSCG00000007603,5.14295079401734,5.21489589643943
ENSSSCG00000007606,6.93135056257317,7.46858578426941
ENSSSCG00000030153,5.00496199288669,5.52693544045453
ENSSSCG00000007607,0.464874497983746,2.09365420909009
ENSSSCG00000007625,6.85213746091898,6.3896029528694
ENSSSCG00000035534,1.14055756446698,2.45106624968918
ENSSSCG00000007609,7.1756717758744,6.3852495672353
ENSSSCG00000033450,6.14308150216815,5.98668027199147
ENSSSCG00000007623,5.18070682236096,4.60029737845565
ENSSSCG00000008508,6.38157707582974,5.35616676511172
ENSSSCG00000007622,4.03302356480932,4.20278876677973
ENSSSCG00000026896,4.8911436095687,4.72611450829995
ENSSSCG00000030147,3.44612631452737,3.57025821344925
ENSSSCG00000008538,1.84449092952033,2.25505012142321
ENSSSCG00000034019,6.17710303632363,5.3978226187547
ENSSSCG00000008540,8.81834431950437,8.5458068852344
ENSSSCG00000036665,2.89748372295634,3.45451597397753
ENSSSCG00000031809,4.90203426617488,5.34724172852373
ENSSSCG00000007618,4.80286396678703,3.88282041528908
ENSSSCG00000029175,1.7986042665823,1.39302001591966
ENSSSCG00000007617,5.33868559265614,5.34163541181015
ENSSSCG00000031485,1.46821691359075,0.480036609493032
ENSSSCG00000043842,2.21430541888211,1.83737254564755
ENSSSCG00000039842,4.33578233293437,4.59841806358002
ENSSSCG00000023320,-0.847537601777033,2.365253495496
ENSSSCG00000025901,5.82131197774649,5.23680751362085
ENSSSCG00000034756,1.94620374824525,2.33848175918667
ENSSSCG00000058057,8.85791855330256,8.14480745422608
ENSSSCG00000008529,6.64138407860549,6.67775837452312
ENSSSCG00000044640,0.464874497983746,0.543924309209927
ENSSSCG00000008535,5.02834413118639,5.43093617098983
ENSSSCG00000008495,5.19995628620226,5.91071863672015
ENSSSCG00000008494,3.78499025008485,4.57948903027153
ENSSSCG00000008493,5.06272178606028,5.29714196416816
ENSSSCG00000039004,5.48950859352899,5.42458613479984
ENSSSCG00000008496,6.17859664166499,5.88935821911512
ENSSSCG00000008497,3.71672305901307,3.10867369649288
ENSSSCG00000021941,3.33800064932877,3.93438638112435
ENSSSCG00000008498,5.58044801808882,5.6508870079759
ENSSSCG00000031461,6.18381211666626,6.64808677598688
ENSSSCG00000037215,4.80479961529095,5.22345666992365
ENSSSCG00000034893,6.04413745773694,5.53285148394664
ENSSSCG00000008499,4.26724317017079,4.8226439606607
ENSSSCG00000032180,5.44055040525091,6.17436239489551
ENSSSCG00000034288,4.93068038675488,4.96800391953454
ENSSSCG00000034153,6.49201605450691,6.1514738094467
ENSSSCG00000008503,3.36972936706284,3.98991850383546
ENSSSCG00000008504,5.74976661651501,6.63577028636354
ENSSSCG00000008509,2.17892299365621,1.7854578310934
ENSSSCG00000008510,9.8800723683067,7.7869512954246
ENSSSCG00000008512,4.0849212646763,4.06804613406909
ENSSSCG00000008518,5.48709974352884,5.2737812029424
ENSSSCG00000008517,5.13835294556186,4.91009062304634
ENSSSCG00000008516,5.49910397360211,5.16624727865955
ENSSSCG00000008515,5.40781281905039,4.98536558775053
ENSSSCG00000008521,-2.46613199464794,0.720185961482743
ENSSSCG00000034092,3.82750178086163,3.51155161442838
ENSSSCG00000032054,4.2978022842804,3.59308789804756
ENSSSCG00000025271,-0.163246077098895,0.0226960489355265
ENSSSCG00000007646,5.11201800622837,4.89791810285523
ENSSSCG00000007647,4.56548892997186,4.26808341807603
ENSSSCG00000007648,3.74118791059028,2.9169117185231
ENSSSCG00000007649,2.27141351306507,0.800848232904328
ENSSSCG00000007650,0.613625923982859,-1.50331917830221
ENSSSCG00000007656,-0.163246077098895,0.109708133942356
ENSSSCG00000026653,-0.289717603961706,-1.50331917830221
ENSSSCG00000007659,2.14265094238106,2.28340015971318
ENSSSCG00000023680,6.39641490880566,6.61779209075262
ENSSSCG00000007652,4.23315070803212,4.32601486342457
ENSSSCG00000062010,3.45601361111522,3.26375205522008
ENSSSCG00000025164,6.67139855268435,6.41010401177301
ENSSSCG00000030337,3.98602927327397,3.95509510037533
ENSSSCG00000007664,4.47113518848414,4.56993055639219
ENSSSCG00000030469,2.00125981237482,1.18835828160125
ENSSSCG00000007665,1.7986042665823,1.12710621877915
ENSSSCG00000046279,4.04289765600648,4.57184732420147
ENSSSCG00000007667,6.35011070456716,6.74215623799329
ENSSSCG00000025096,3.33264401901423,3.88282041528908
ENSSSCG00000027466,7.2743139149822,5.43093617098983
ENSSSCG00000032076,6.32874525555473,5.03206015835713
ENSSSCG00000023255,4.80673267023534,4.14987880700026
ENSSSCG00000060053,1.38785577819136,3.09274217814535
ENSSSCG00000007671,2.78431999506382,1.95953100743037
ENSSSCG00000037616,2.56431812880053,2.18664964113913
ENSSSCG00000007669,7.61932833587072,6.96708934830145
ENSSSCG00000022153,0.0606232623061967,-0.724143750785594
ENSSSCG00000007668,6.75886672475439,7.11606086414273
ENSSSCG00000007672,4.89296443773008,4.40339909536784
ENSSSCG00000008137,5.76376542505159,5.64087880916913
ENSSSCG00000007674,3.4007752754125,2.19662193895553
ENSSSCG00000008138,7.33149065600432,7.4872404682194
ENSSSCG00000021359,5.96844674259241,5.47666821990365
ENSSSCG00000008126,-0.94826101088964,-2.14284221802902
ENSSSCG00000028020,5.0133563264685,5.23196694434737
ENSSSCG00000062995,3.65368189640931,3.91941030357181
ENSSSCG00000056264,1.38785577819136,2.23583578812337
ENSSSCG00000007675,6.29333706428501,5.62157727993843
ENSSSCG00000056488,-0.225096418835447,0.0226960489355265
ENSSSCG00000023619,5.67448723536032,5.1687823908779
ENSSSCG00000055898,2.58248499665162,3.2919332629483
ENSSSCG00000052409,-0.503005667143942,-0.275097240265819
ENSSSCG00000053345,0.780291912538719,0.066857978120369
ENSSSCG00000027486,5.76277000237864,4.9953975718845
ENSSSCG00000034266,7.84302314438368,7.66138611283752
ENSSSCG00000048711,1.34593178147808,3.24465403677709
ENSSSCG00000024789,7.19277243820664,6.95097856429837
ENSSSCG00000030303,2.79993126747808,1.47724380910331
ENSSSCG00000034347,5.11045381932217,5.71299871734008
ENSSSCG00000025698,5.8298919311715,8.30318373698318
ENSSSCG00000021145,4.99142863167494,5.00109896872219
ENSSSCG00000030709,-0.847537601777033,-0.331304090129519
ENSSSCG00000028879,6.68879759744597,6.00523911295465
ENSSSCG00000033982,5.42301483653705,5.08536418513511
ENSSSCG00000038901,1.56275558109478,1.64685816540168
ENSSSCG00000038938,6.15299262639161,6.39556748924332
ENSSSCG00000054316,6.23854003242142,5.39240981657998
ENSSSCG00000058972,2.33708688541697,0.543924309209927
ENSSSCG00000007678,3.753266499184,1.54125259769343
ENSSSCG00000030485,0.957790112127212,-0.969662564375006
ENSSSCG00000063463,1.61664122769751,2.77104214505238
ENSSSCG00000041835,1.85946778722825,2.22613179775697
ENSSSCG00000042876,1.46821691359075,1.20821105392266
ENSSSCG00000042205,-1.76904577456744,-0.650786169073976
ENSSSCG00000045247,-1.44083485948891,-1.06175616837389
ENSSSCG00000041121,0.715917087066103,0.877238412496071
ENSSSCG00000048179,3.22689625712143,3.38644584675528
ENSSSCG00000045545,3.85765094873163,4.06260374976503
ENSSSCG00000032549,5.47620986718893,5.25720064454606
ENSSSCG00000049539,0.901016344624057,-0.275097240265819
ENSSSCG00000052744,-2.46613199464794,-0.51439395667637
ENSSSCG00000049698,1.71872620129392,2.76435279581209
ENSSSCG00000033217,0.648535071030343,1.47724380910331
ENSSSCG00000044546,2.04121546325762,1.16822850108867
ENSSSCG00000054166,1.14055756446698,-0.168854921246468
ENSSSCG00000058218,-2.19461582859326,-1.06175616837389
ENSSSCG00000062108,0.613625923982859,-1.16013180230037
ENSSSCG00000056486,2.56431812880053,2.66729142251727
ENSSSCG00000054210,-0.847537601777033,0.191769503652254
ENSSSCG00000062155,1.16487493893756,1.49351421091838
ENSSSCG00000040260,2.57343015789845,2.82346884227012
ENSSSCG00000058897,0.841916534859911,1.60254171360028
ENSSSCG00000061281,1.97399439525949,2.49213147082896
ENSSSCG00000053751,0.715917087066103,0.800848232904328
ENSSSCG00000043811,0.464874497983746,-2.35951718500686
ENSSSCG00000057179,5.37170581413397,5.47154380974986
ENSSSCG00000037652,0.985360575284754,0.877238412496071
ENSSSCG00000060739,0.985360575284754,-0.118530588140316
ENSSSCG00000046754,-0.225096418835447,0.191769503652254
ENSSSCG00000046214,5.15514056338635,5.49395630981449
ENSSSCG00000039098,-1.76904577456744,-1.06175616837389
ENSSSCG00000018712,-0.94826101088964,-0.883096611932229
ENSSSCG00000038479,-2.46613199464794,-0.724143750785594
ENSSSCG00000052306,-0.581735609749139,0.231113683523015
ENSSSCG00000008118,5.70175165797181,4.80482610213521
ENSSSCG00000031787,1.28066902659574,1.79861269456251
ENSSSCG00000036748,0.81143323514119,1.01886012427252
ENSSSCG00000008117,3.85765094873163,4.2101913842195
ENSSSCG00000031072,3.98602927327397,4.38170959683214
ENSSSCG00000008113,4.73951076566186,4.63554695670578
ENSSSCG00000008143,5.27727512359903,4.97091207901493
ENSSSCG00000037580,1.40836959521317,2.47584537890216
ENSSSCG00000008127,7.69511743043245,7.73636331457946
ENSSSCG00000039523,5.59506250408323,5.57264122366452
ENSSSCG00000008130,5.9246145497389,6.17751283814641
ENSSSCG00000008121,3.99961314051722,-0.118530588140316
ENSSSCG00000063462,5.67765955404994,5.40213828602634
ENSSSCG00000008132,6.35143559742314,6.37978929670078
ENSSSCG00000008119,0.503524755598007,-0.0699026685752995
ENSSSCG00000034154,5.02834413118639,5.45917044831815
ENSSSCG00000008136,6.83802937536617,7.54765501164839
ENSSSCG00000008141,0.503524755598007,1.64685816540168
ENSSSCG00000028944,-0.94826101088964,-1.16013180230037
ENSSSCG00000008115,0.464874497983746,-0.51439395667637
ENSSSCG00000059997,5.78647260974917,5.8739047983825
ENSSSCG00000008111,5.59394355388237,5.64907249196643
ENSSSCG00000023050,5.53802385351478,5.6508870079759
ENSSSCG00000008079,7.8659167635881,7.74573264360851
ENSSSCG00000008080,5.97533794236654,6.14505089008212
ENSSSCG00000008123,4.35440387570681,5.1914001421066
ENSSSCG00000035971,3.70017959247316,3.31041948340265
ENSSSCG00000037106,-0.503005667143942,-0.969662564375006
ENSSSCG00000008144,6.2096103693055,6.16804079390644
ENSSSCG00000008147,5.19995628620226,4.38607366141413
ENSSSCG00000035390,4.63459148217061,4.71748252509953
ENSSSCG00000024636,5.04808869679453,4.87170536955757
ENSSSCG00000008001,6.99207118010682,6.35995941840608
ENSSSCG00000008002,3.39564713084774,3.45451597397753
ENSSSCG00000008003,5.45664476795663,5.6169433642884
ENSSSCG00000038296,3.00914420339244,2.54772715445315
ENSSSCG00000008134,1.18878921645065,0.151322202724095
ENSSSCG00000050615,7.91109144348463,7.99393368092145
ENSSSCG00000008135,5.41416647151584,5.65179341088568
ENSSSCG00000008004,5.96325665488322,5.20257742208509
ENSSSCG00000058140,2.10544337267369,0.692264219933096
ENSSSCG00000008006,5.0100044518553,4.35524429954774
ENSSSCG00000008007,5.26185751256872,5.09339277596379
ENSSSCG00000007988,6.00257821777895,5.37824074553855
ENSSSCG00000008008,6.28087506749158,6.34097757011248
ENSSSCG00000032501,3.61889857689849,3.66667867364077
ENSSSCG00000007998,4.50962029612688,3.98704844379237
ENSSSCG00000062928,5.34268815551337,5.51203831636048
ENSSSCG00000007991,7.28717866209491,7.84714662057889
ENSSSCG00000037970,-0.0469734082326686,2.98178384945335
ENSSSCG00000008009,5.58383375571635,5.4085876770793
ENSSSCG00000008010,1.90348749886982,1.39302001591966
ENSSSCG00000008000,6.50933102104047,6.08457843226648
ENSSSCG00000008103,3.19182504910006,3.08739233516866
ENSSSCG00000008421,0.613625923982859,0.343090997642991
ENSSSCG00000008105,5.00496199288669,5.56976669995355
ENSSSCG00000033106,-0.357369586612393,0.413188112875905
ENSSSCG00000057606,5.76774026176529,6.45908198478453
ENSSSCG00000008423,5.18517185734939,5.29945736955974
ENSSSCG00000008106,-0.163246077098895,0.692264219933096
ENSSSCG00000007995,3.8798564228418,3.86729642700427
ENSSSCG00000008394,-0.428350711608159,0.231113683523015
ENSSSCG00000032188,3.42614608619034,3.83892522123326
ENSSSCG00000008395,3.43617078895197,3.57025821344925
ENSSSCG00000037013,1.06504496640639,0.44699951176586
ENSSSCG00000033792,4.78924121864599,5.00252080434504
ENSSSCG00000007992,6.28573419908057,6.40527476036057
ENSSSCG00000040786,8.83938887391948,9.21101440429654
ENSSSCG00000007993,5.68187849050787,6.03819366215193
ENSSSCG00000008410,4.57459359059113,4.52710423416579
ENSSSCG00000035854,6.48055803676624,6.34938271706074
ENSSSCG00000007987,5.39887043267462,5.78499297952149
ENSSSCG00000007986,2.22590931707906,2.365253495496
ENSSSCG00000007985,6.51938538985945,6.13665811562122
ENSSSCG00000007984,6.01182452100477,5.91977716614627
ENSSSCG00000023204,5.82131197774649,5.97441527176338
ENSSSCG00000036541,-0.289717603961706,-1.06175616837389
ENSSSCG00000007980,5.55537347321128,4.83386908399589
ENSSSCG00000008396,2.05429183424595,1.7854578310934
ENSSSCG00000008397,5.7396836453112,7.29525431868715
ENSSSCG00000054274,3.42110749162517,3.41662246217535
ENSSSCG00000038804,1.16487493893756,0.480036609493032
ENSSSCG00000007981,5.24056439270157,5.26195742336193
ENSSSCG00000007978,-1.44083485948891,0.413188112875905
ENSSSCG00000031882,4.28953196919945,4.30772866583566
ENSSSCG00000008398,6.78066738214283,6.98590027887999
ENSSSCG00000008400,5.80399745735102,5.23075426007606
ENSSSCG00000008406,4.53782503655746,3.7969337645547
ENSSSCG00000007866,1.91786723757113,0.901828647831401
ENSSSCG00000007859,3.04233714300071,2.08294141053324
ENSSSCG00000007861,0.503524755598007,-0.580978849888471
ENSSSCG00000007982,4.86911251427859,4.79992824985493
ENSSSCG00000037399,4.17147879379691,3.65587652678976
ENSSSCG00000007968,5.95107334239536,6.35495906636895
ENSSSCG00000008404,4.97261051016001,5.02648004810064
ENSSSCG00000007962,5.01836958180639,4.79992824985493
ENSSSCG00000007823,2.02801948508034,1.49351421091838
ENSSSCG00000007970,4.94303639656583,5.00394124006963
ENSSSCG00000007973,1.52568015604393,1.6898537845966
ENSSSCG00000007826,4.73951076566186,4.2538267377516
ENSSSCG00000039712,-0.289717603961706,-1.06175616837389
ENSSSCG00000007851,1.48762675172783,-0.275097240265819
ENSSSCG00000008066,3.19182504910006,3.26375205522008
ENSSSCG00000031876,5.09313489412866,5.95324892194379
ENSSSCG00000008068,6.98696553845249,6.88274477730304
ENSSSCG00000046747,7.8772287648387,8.00550282577564
ENSSSCG00000034617,9.54459517535976,9.15880937176703
ENSSSCG00000008402,6.2871195216843,6.35662777680225
ENSSSCG00000008069,5.10260734456084,5.20010105495464
ENSSSCG00000008070,0.780291912538719,0.692264219933096
ENSSSCG00000032007,7.54716204015036,7.57514874533814
ENSSSCG00000034607,6.87948725345442,5.55239823372795
ENSSSCG00000008073,5.11981360279319,4.45416094358552
ENSSSCG00000008072,6.60296597884988,4.29386028841113
ENSSSCG00000028549,5.90399567838253,5.1738392901847
ENSSSCG00000030204,4.28953196919945,4.53891078454241
ENSSSCG00000027166,6.49561555126524,6.70770393888153
ENSSSCG00000028185,4.8801701155481,5.83612691263263
ENSSSCG00000022237,3.57420588393168,4.00418377936075
ENSSSCG00000008077,3.83888168046947,4.46245028240699
ENSSSCG00000063184,1.68549407120461,2.2065257784872
ENSSSCG00000026559,4.09444761981556,3.24465403677709
ENSSSCG00000047493,0.748463530495347,0.151322202724095
ENSSSCG00000053929,-0.581735609749139,-0.724143750785594
ENSSSCG00000008122,4.62804694601348,2.79092608296928
ENSSSCG00000061624,2.5272833570641,1.95953100743037
ENSSSCG00000056080,2.96135245902405,3.81646641771404
ENSSSCG00000058786,-3.86672707663002,-0.801432154592459
ENSSSCG00000050063,0.957790112127212,1.12710621877915
ENSSSCG00000062885,1.50677891522418,1.50960316311779
ENSSSCG00000044588,4.55402670367844,4.85291126056757
ENSSSCG00000057504,2.75258133899587,2.11484407452863
ENSSSCG00000052853,-0.581735609749139,0.6051024001257
ENSSSCG00000058096,0.780291912538719,0.852221766628148
ENSSSCG00000063437,-0.103938698558373,0.480036609493032
ENSSSCG00000061655,3.08756049215293,3.40376683840404
ENSSSCG00000063058,-0.94826101088964,-0.389789821758014
ENSSSCG00000044236,-2.80087696638474,-0.801432154592459
ENSSSCG00000051661,-1.44083485948891,-0.650786169073976
ENSSSCG00000061277,0.384321665410682,-1.06175616837389
ENSSSCG00000045719,-1.44083485948891,-0.275097240265819
ENSSSCG00000054359,-0.503005667143942,-0.51439395667637
ENSSSCG00000055520,1.30275293821975,-1.50331917830221
ENSSSCG00000058293,-0.665011214899346,-0.168854921246468
ENSSSCG00000059368,-1.5956269400881,-1.26570965698543
ENSSSCG00000048319,-0.847537601777033,-1.50331917830221
ENSSSCG00000047084,-1.3010534406464,0.109708133942356
ENSSSCG00000058363,1.78297855012575,2.22613179775697
ENSSSCG00000058966,1.50677891522418,1.8626457560383
ENSSSCG00000055055,-0.665011214899346,0.109708133942356
ENSSSCG00000050003,-0.665011214899346,-2.14284221802902
ENSSSCG00000041715,5.05135334506695,5.42140060470154
ENSSSCG00000059465,1.82935696214862,0.543924309209927
ENSSSCG00000062887,0.254375037426665,1.14781387260733
ENSSSCG00000042134,-0.847537601777033,1.06313784412392
ENSSSCG00000028691,-2.80087696638474,3.50354042332499
ENSSSCG00000008125,2.06725074680192,1.52551466820507
ENSSSCG00000007979,6.21471511934883,6.22761422407533
ENSSSCG00000007864,6.79339642494443,6.80053626464429
ENSSSCG00000034720,5.11825784971658,5.21857102134315
ENSSSCG00000025203,4.85236556088414,4.74492500803624
ENSSSCG00000052142,3.25548475433632,2.97600545370124
ENSSSCG00000024206,3.81218758787805,3.53138710266873
ENSSSCG00000023829,6.03262103505352,6.7310492321532
ENSSSCG00000029212,4.97948189710991,5.00394124006963
ENSSSCG00000007868,2.93331482807627,3.69157352599349
ENSSSCG00000033674,4.87833305750333,3.69509512330271
ENSSSCG00000034827,1.93210506278503,3.25423464758754
ENSSSCG00000040637,0.342293330875861,-0.969662564375006
ENSSSCG00000034655,4.33041744447865,3.83573814693226
ENSSSCG00000026748,3.39564713084774,2.301995340821
ENSSSCG00000022200,1.42859580901325,2.34746098418498
ENSSSCG00000040943,4.82592208724165,4.47069226487788
ENSSSCG00000032531,7.92895004291946,8.57142073721542
ENSSSCG00000010794,3.49009508734163,4.14987880700026
ENSSSCG00000010795,5.46033349202391,5.31097898189064
ENSSSCG00000040265,7.02523969318653,6.37650318714823
ENSSSCG00000010797,5.31985872057193,5.32809069071346
ENSSSCG00000060815,-1.3010534406464,-0.883096611932229
ENSSSCG00000010798,6.52232927097133,6.23730828173659
ENSSSCG00000035768,8.71817398968734,8.59658775811481
ENSSSCG00000010799,6.28365371779264,5.71386693687096
ENSSSCG00000007872,1.4485423725996,1.58746179948828
ENSSSCG00000028923,1.87429076377796,1.0847773181148
ENSSSCG00000007836,1.85946778722825,0.413188112875905
ENSSSCG00000030424,2.91908899595331,3.12964569195949
ENSSSCG00000036475,-0.94826101088964,0.634745314624147
ENSSSCG00000007838,0.299003801631898,-0.969662564375006
ENSSSCG00000039171,4.89659921430897,5.63355626217703
ENSSSCG00000007881,3.10651622932763,3.14517701483991
ENSSSCG00000030373,7.75039761840878,6.95575732241705
ENSSSCG00000027967,1.50677891522418,1.26618103197673
ENSSSCG00000032340,4.61486813015719,3.8452783254781
ENSSSCG00000007840,4.99821118112255,5.28434038091087
ENSSSCG00000007839,6.4635049152046,7.19559787784202
ENSSSCG00000007842,4.71912845964747,5.69552369128177
ENSSSCG00000025266,8.43668522655368,8.0155722840276
ENSSSCG00000031629,3.1799425944053,3.76712980316208
ENSSSCG00000026686,2.46988522199915,1.98276876816261
ENSSSCG00000007845,6.20008193058285,6.20309021160889
ENSSSCG00000007853,3.90533809075458,3.76042224664028
ENSSSCG00000007854,2.83823600625996,3.69860814537264
ENSSSCG00000007855,3.95498970508926,4.18786859727969
ENSSSCG00000035000,1.91786723757113,1.12710621877915
ENSSSCG00000034074,2.15484323487455,2.6815635771672
ENSSSCG00000007857,8.29841424963379,7.2847750088698
ENSSSCG00000024748,5.45418036845023,5.79651372658635
ENSSSCG00000030033,-1.76904577456744,-1.26570965698543
ENSSSCG00000007847,2.93331482807627,4.11349577089499
ENSSSCG00000039080,4.13193619012817,3.63035246116121
ENSSSCG00000008637,5.37561792995261,5.75071455416101
ENSSSCG00000008638,8.29170108909574,7.97014999228088
ENSSSCG00000008648,4.34645262770698,3.36449800938972
ENSSSCG00000008647,4.18936998772775,3.8002076268158
ENSSSCG00000008641,4.30328960568751,4.78513412837772
ENSSSCG00000008640,5.9085031767712,4.93114848692745
ENSSSCG00000034536,-0.94826101088964,-1.63861791175253
ENSSSCG00000008624,3.36972936706284,3.85160357557721
ENSSSCG00000025483,6.60574431588363,6.70901085784082
ENSSSCG00000039057,-0.0469734082326686,0.0226960489355265
ENSSSCG00000008659,5.69967259040235,5.58027873685146
ENSSSCG00000008635,4.21288492323123,4.27985730165485
ENSSSCG00000027121,8.90108039350203,7.78199227682925
ENSSSCG00000003663,4.44902746675243,3.8034740766224
ENSSSCG00000026068,0.81143323514119,1.42730178812359
ENSSSCG00000008664,8.01527928519651,8.36514802125191
ENSSSCG00000026161,5.09155008803588,4.78016884887681
ENSSSCG00000008629,5.76177389241526,5.94069513353574
ENSSSCG00000007848,1.25824180569868,3.82291897360472
ENSSSCG00000008644,7.03887222566919,7.30219847461025
ENSSSCG00000008645,5.81460322340311,4.72094151850558
ENSSSCG00000008631,2.9956502008432,2.72355196361232
ENSSSCG00000031741,2.34774757151488,1.16822850108867
ENSSSCG00000023908,2.56431812880053,2.91086700396588
ENSSSCG00000008344,4.27564187482818,3.34221111301098
ENSSSCG00000040267,4.63459148217061,4.64103478518383
ENSSSCG00000038643,3.49489880474933,4.43533393405449
ENSSSCG00000008633,9.80614676296268,7.4839360053229
ENSSSCG00000008358,7.36893240285671,7.21627132233885
ENSSSCG00000008346,5.36122134330982,5.38697662977849
ENSSSCG00000008347,2.20260743080709,2.82346884227012
ENSSSCG00000008348,0.985360575284754,0.306722442383792
ENSSSCG00000008389,4.70053488516532,5.0306671528909
ENSSSCG00000008634,3.02915146757585,2.365253495496
ENSSSCG00000008349,1.94620374824525,1.39302001591966
ENSSSCG00000036115,6.11994642397527,5.63630657456794
ENSSSCG00000007849,7.18870155158775,8.62455874745043
ENSSSCG00000008646,4.1226549774172,5.40321518869213
ENSSSCG00000007850,5.44800088923237,6.09060733602103
ENSSSCG00000008392,3.57873797349955,3.40376683840404
ENSSSCG00000063178,2.74453636267091,2.2065257784872
ENSSSCG00000039337,1.40836959521317,1.8626457560383
ENSSSCG00000050347,2.89020946153077,2.301995340821
ENSSSCG00000061795,2.56431812880053,0.996201015194988
ENSSSCG00000052513,-2.80087696638474,-0.969662564375006
ENSSSCG00000036880,5.75578274621273,5.72768785657784
ENSSSCG00000042386,2.9403754844187,2.77770062085909
ENSSSCG00000045906,1.36704606077518,1.58746179948828
ENSSSCG00000008352,4.23602272036232,4.39908720366374
ENSSSCG00000008353,5.0133563264685,5.28900865569379
ENSSSCG00000039331,5.60620453166219,5.36724597282824
ENSSSCG00000020799,5.69967259040235,5.5090403430447
ENSSSCG00000044627,3.61449109850641,3.48738333630153
ENSSSCG00000008359,7.78512818814571,7.03778778131298
ENSSSCG00000027324,5.85439562758811,5.47257014895539
ENSSSCG00000008360,5.98475991421784,6.78202763881104
ENSSSCG00000029313,5.12911305393482,5.34388055351079
ENSSSCG00000028282,3.73713913719888,1.85006449232
ENSSSCG00000037002,4.80286396678703,4.83865324289385
ENSSSCG00000008363,6.36001787017869,6.52239776751
ENSSSCG00000008642,4.54479089920795,5.14837565430573
ENSSSCG00000008357,4.06567773954214,4.18536683148638
ENSSSCG00000039161,8.10402206499505,7.8280276967206
ENSSSCG00000030005,4.20704202388818,4.76851630488417
ENSSSCG00000028947,4.86726131285004,5.11852583885142
ENSSSCG00000027509,5.30898916127904,5.39132481489654
ENSSSCG00000008368,6.11527455349974,6.35273111244302
ENSSSCG00000025751,7.2314232909839,5.90007796011777
ENSSSCG00000057114,2.20260743080709,2.2927277096796
ENSSSCG00000008372,5.41796527506362,5.18640452960663
ENSSSCG00000026713,5.14141980543043,4.87946455938814
ENSSSCG00000008374,5.65852015719198,5.68847397908818
ENSSSCG00000008376,4.33578233293437,3.85160357557721
ENSSSCG00000008377,7.64791458350972,7.55081685988948
ENSSSCG00000008378,5.679770564481,5.77504429597003
ENSSSCG00000028228,7.67700254360023,8.40318882245774
ENSSSCG00000023539,5.2145907429867,4.80970738278133
ENSSSCG00000029570,5.67448723536032,5.49193313667365
ENSSSCG00000008649,-0.94826101088964,0.0226960489355265
ENSSSCG00000055311,1.59890203838796,1.77218191355614
ENSSSCG00000040277,-1.05654789507939,-2.35951718500686
ENSSSCG00000041285,-0.94826101088964,-2.61458503095514
ENSSSCG00000046220,0.87176904556138,-0.275097240265819
ENSSSCG00000060576,1.38785577819136,2.14605650303391
ENSSSCG00000059216,1.14055756446698,1.64685816540168
ENSSSCG00000042534,-1.44083485948891,0.306722442383792
ENSSSCG00000045283,-0.665011214899346,-0.883096611932229
ENSSSCG00000008382,6.04331789789591,6.38033625465767
ENSSSCG00000008383,4.22160514102507,4.47479566596982
ENSSSCG00000008384,-0.0469734082326686,-1.37962819886108
ENSSSCG00000008386,6.10902176548648,5.9931315389806
ENSSSCG00000053455,0.342293330875861,0.512334077457971
ENSSSCG00000008385,3.58775966357871,3.91639634195172
ENSSSCG00000020736,5.80109139284451,3.06579234401381
ENSSSCG00000062269,-1.1736270562095,-0.650786169073976
ENSSSCG00000008388,3.82750178086163,3.24945229500085
ENSSSCG00000008326,1.11582327058225,2.3740681350203
ENSSSCG00000026446,5.26326594183499,4.96070776976846
ENSSSCG00000024776,5.41035763881071,4.84817422751139
ENSSSCG00000029790,5.4967111049778,5.98739850567912
ENSSSCG00000023409,6.77672805090516,6.79644370836713
ENSSSCG00000008332,3.50445851965302,3.98704844379237
ENSSSCG00000056128,7.90230456416084,7.47295162112134
ENSSSCG00000008334,3.60118729289602,3.78045207817825
ENSSSCG00000025674,4.61044830250203,4.2101913842195
ENSSSCG00000008335,4.28399196895503,4.58519386362803
ENSSSCG00000008336,6.81083787353006,7.21320447882768
ENSSSCG00000008337,5.74170588501024,5.12376167547887
ENSSSCG00000025007,4.96570623891502,4.85606066357774
ENSSSCG00000008339,7.89528174333666,6.42130979453085
ENSSSCG00000008340,6.76285506237656,6.63988747702948
ENSSSCG00000055468,3.00241297879237,3.91337607062312
ENSSSCG00000061160,-3.86672707663002,-0.389789821758014
ENSSSCG00000044541,5.57592130571284,5.63171980341482
ENSSSCG00000041317,2.38961959335877,3.0820225798891
ENSSSCG00000056723,-1.44083485948891,-1.16013180230037
ENSSSCG00000058462,0.0606232623061967,-0.118530588140316
ENSSSCG00000042126,-1.76904577456744,-1.06175616837389
ENSSSCG00000052792,-1.1736270562095,-0.275097240265819
ENSSSCG00000052706,-1.44083485948891,0.901828647831401
ENSSSCG00000058327,0.111554715953384,-0.801432154592459
ENSSSCG00000054258,1.63416494499211,1.04116884334027
ENSSSCG00000049090,3.96886757930672,3.45451597397753
ENSSSCG00000044592,2.51787418640574,1.94777024234525
ENSSSCG00000045708,-0.94826101088964,-2.35951718500686
ENSSSCG00000050256,-1.1736270562095,-0.580978849888471
ENSSSCG00000058932,-0.753389730293386,0.191769503652254
ENSSSCG00000042714,-1.44083485948891,-0.450747065242323
ENSSSCG00000049685,4.91104743113559,4.54477802343035
ENSSSCG00000059383,-0.581735609749139,-0.801432154592459
ENSSSCG00000049122,2.53663155909393,2.44271105199964
ENSSSCG00000038001,4.88383722883348,4.76349340141369
ENSSSCG00000034129,3.94449298372399,4.08961265864818
ENSSSCG00000008549,4.25596829550492,4.41412277758863
ENSSSCG00000008548,2.92621944634065,3.16562872641229
ENSSSCG00000008546,4.92178942305645,4.92815897360019
ENSSSCG00000039695,3.10651622932763,2.98178384945335
ENSSSCG00000008545,5.18219670332411,5.34724172852373
ENSSSCG00000028672,2.92621944634065,1.87511825059562
ENSSSCG00000029305,4.37539542174089,3.14517701483991
ENSSSCG00000026367,8.28824628726939,8.47804921453597
ENSSSCG00000040062,5.01836958180639,4.77518642149061
ENSSSCG00000022454,6.65593331556133,6.33872790267353
ENSSSCG00000007682,1.61664122769751,2.48401140576021
ENSSSCG00000042324,4.52143935397305,4.96070776976846
ENSSSCG00000023912,5.38858222682622,5.84487213166651
ENSSSCG00000029300,3.1739644641406,2.98178384945335
ENSSSCG00000007687,4.30875613500861,3.87663085084553
ENSSSCG00000007688,5.35726993945847,5.28200056666851
ENSSSCG00000027890,4.92357200461984,4.47274542431627
ENSSSCG00000007695,5.56111062223164,5.15222396929966
ENSSSCG00000057287,0.87176904556138,3.63035246116121
ENSSSCG00000025430,4.61486813015719,5.39240981657998
ENSSSCG00000036391,1.70220582089016,1.39302001591966
ENSSSCG00000007692,7.18313176543897,6.97652547223588
ENSSSCG00000039962,6.95812212050626,6.52783878745542
ENSSSCG00000032250,3.25548475433632,2.77104214505238
ENSSSCG00000044322,-0.753389730293386,-1.16013180230037
ENSSSCG00000058633,0.425160216794395,0.191769503652254
ENSSSCG00000061475,0.342293330875861,0.826763660403192
ENSSSCG00000042815,-0.581735609749139,-2.14284221802902
ENSSSCG00000008089,3.75727032724029,5.76920905637872
ENSSSCG00000008094,4.20411167631061,3.58930795029306
ENSSSCG00000008098,5.04481664425098,5.05279542960736
ENSSSCG00000008097,4.61265990889702,4.83546556704139
ENSSSCG00000048125,-0.0469734082326686,0.996201015194988
ENSSSCG00000032288,5.40781281905039,6.44189239721656
ENSSSCG00000026465,6.3685493906627,6.17688329963096
ENSSSCG00000025224,3.00241297879237,2.56322591732365
ENSSSCG00000061381,0.464874497983746,1.82456795126936
ENSSSCG00000008412,6.13617984962157,6.04717740408156
ENSSSCG00000008413,0.425160216794395,0.512334077457971
ENSSSCG00000008414,6.79826246050605,6.3560717544229
ENSSSCG00000008415,4.50248210404005,5.14709059810392
ENSSSCG00000037577,2.34774757151488,2.02815067824639
ENSSSCG00000043649,1.03896948409484,0.774458752770575
ENSSSCG00000035256,1.21231354325694,1.83737254564755
ENSSSCG00000027454,2.54591957752837,1.34001980880434
ENSSSCG00000029752,5.61836218503642,6.04993041532547
ENSSSCG00000029509,2.72012870992577,2.64561491550367
ENSSSCG00000027970,2.94740175361121,4.57376154876739
ENSSSCG00000054721,5.47620986718893,5.29482283676944
ENSSSCG00000027946,7.43977600245743,7.8999802070144
ENSSSCG00000027629,6.19344825926914,5.53580043304818
ENSSSCG00000029186,1.58094201213036,0.44699951176586
ENSSSCG00000040888,3.06835237360559,2.85529370095294
ENSSSCG00000052107,5.24056439270157,5.09872045509257
ENSSSCG00000031967,7.29408510916934,7.05741578760457
ENSSSCG00000030122,4.781398644916,4.95484416578436
ENSSSCG00000032921,4.64974759254066,4.53694972374157
ENSSSCG00000037193,1.0124140211341,1.12710621877915
ENSSSCG00000046707,3.03575936923339,3.46692914773229
ENSSSCG00000032556,8.80643837579089,8.49456322190971
ENSSSCG00000036817,6.01600787558756,5.50803963258408
ENSSSCG00000034774,3.74118791059028,3.29657707260783
ENSSSCG00000035430,5.94844919286667,6.47145610170777
ENSSSCG00000021811,2.06725074680192,3.10867369649288
ENSSSCG00000040682,6.54913478823469,6.63255988389602
ENSSSCG00000038055,2.72012870992577,2.77770062085909
ENSSSCG00000033744,5.05786056230983,4.36190627741611
ENSSSCG00000035561,3.93391933051826,3.33319905123466
ENSSSCG00000021557,5.50744789675952,4.47274542431627
ENSSSCG00000022778,4.15032138858505,3.75705673741409
ENSSSCG00000040162,7.42632297530597,5.3189897098664
ENSSSCG00000033623,1.7986042665823,2.365253495496
ENSSSCG00000036603,5.68923207150384,5.84803911377806
ENSSSCG00000034927,7.63028522802655,7.2768652693406
ENSSSCG00000021845,7.02979819884967,6.79890063501361
ENSSSCG00000007803,5.81268069244373,5.67337797395124
ENSSSCG00000007804,5.84502031703826,5.71212997499664
ENSSSCG00000007805,-0.289717603961706,-0.51439395667637
ENSSSCG00000007806,5.28561579734252,4.84975496736719
ENSSSCG00000007807,0.577851083508549,0.663791401431833
ENSSSCG00000007808,3.42614608619034,3.28727445730918
ENSSSCG00000060929,2.3263468361721,2.39153747277534
ENSSSCG00000007812,6.35540299133845,6.49740390539644
ENSSSCG00000007811,6.23925589318754,6.19129363615115
ENSSSCG00000057915,3.62329263130676,4.00701998574096
ENSSSCG00000007700,6.16208131433645,4.72783472453812
ENSSSCG00000007705,5.53802385351478,5.6445261922841
ENSSSCG00000007704,4.31691728672147,4.45623774772008
ENSSSCG00000007703,1.324503892854,-0.724143750785594
ENSSSCG00000023004,-0.289717603961706,-2.35951718500686
ENSSSCG00000027342,6.46227908696071,6.84480442157773
ENSSSCG00000007708,4.45643441302149,3.97840384607626
ENSSSCG00000007709,4.92000463622555,4.78678543126955
ENSSSCG00000007710,2.06725074680192,3.02719626934888
ENSSSCG00000033358,4.06890287172142,4.77684914325119
ENSSSCG00000054170,3.50445851965302,2.99327166878598
ENSSSCG00000007772,3.03575936923339,3.18579456145464
ENSSSCG00000007715,5.88765107111877,5.6169433642884
ENSSSCG00000035928,7.03103893193456,7.73721759057954
ENSSSCG00000007718,6.98824364380254,7.99250335288783
ENSSSCG00000007717,2.13035473334754,2.33848175918667
ENSSSCG00000025858,7.84420002286842,6.8969579899129
ENSSSCG00000030378,4.54710539925421,3.77380631834667
ENSSSCG00000025966,8.44524185800208,8.24355775127884
ENSSSCG00000028504,5.25621000532798,5.47871289831245
ENSSSCG00000007719,4.09444761981556,3.94329796990743
ENSSSCG00000007720,4.23602272036232,4.05714075698815
ENSSSCG00000007721,8.01945264851021,8.1263405414436
ENSSSCG00000007722,1.28066902659574,1.0847773181148
ENSSSCG00000028635,5.4967111049778,5.69552369128177
ENSSSCG00000007723,4.34379244348994,4.4226446992825
ENSSSCG00000024045,4.58814374536442,4.56993055639219
ENSSSCG00000027487,3.98261322749707,4.4226446992825
ENSSSCG00000008193,-0.357369586612393,-0.650786169073976
ENSSSCG00000008194,6.56006291416447,6.27073353020727
ENSSSCG00000008195,6.34413358368256,5.85828405451271
ENSSSCG00000008196,2.16693335253786,1.06313784412392
ENSSSCG00000008197,6.13925132758869,5.78251223297083
ENSSSCG00000058741,4.8392044092429,4.37513864775259
ENSSSCG00000008200,4.20996643151759,4.24904303055937
ENSSSCG00000008201,5.73765856703974,6.18629765420063
ENSSSCG00000008202,5.39373550069025,5.2258933037689
ENSSSCG00000008513,6.24639503200935,6.70595953657247
ENSSSCG00000036197,-1.3010534406464,-0.51439395667637
ENSSSCG00000059538,0.81143323514119,1.0847773181148
ENSSSCG00000052716,4.77548860956428,4.32828442689778
ENSSSCG00000035747,5.93083181235795,5.36393113507092
ENSSSCG00000061799,2.87554997189764,2.19662193895553
ENSSSCG00000053544,-1.5956269400881,-0.969662564375006
ENSSSCG00000026939,5.60064427417138,5.44877762612671
ENSSSCG00000025022,3.14369649336471,-0.801432154592459
ENSSSCG00000040434,5.20875476209639,5.71560181000942
ENSSSCG00000036224,4.50724482087935,2.40879780570445
ENSSSCG00000058318,2.17892299365621,-3.86672707663002
ENSSSCG00000008207,5.24342169883128,4.72439223849069
ENSSSCG00000008208,5.71622183856161,4.9504307700918
ENSSSCG00000007713,6.43254233550103,5.73796734440468
ENSSSCG00000020555,-0.94826101088964,0.306722442383792
ENSSSCG00000025565,6.47631361662647,5.85671263735965
ENSSSCG00000007873,0.00782776903463305,-0.883096611932229
ENSSSCG00000007874,6.6001822809789,6.56920509290015
ENSSSCG00000056244,1.91786723757113,2.4593733377272
ENSSSCG00000037673,5.34002101449651,5.33600722391602
ENSSSCG00000049172,2.05429183424595,2.2927277096796
ENSSSCG00000007878,4.91104743113559,4.80970738278133
ENSSSCG00000040412,2.90472149051255,3.16562872641229
ENSSSCG00000025106,5.93525636727138,6.01442976659412
ENSSSCG00000023294,6.06851023062492,5.93623817387271
ENSSSCG00000008213,-0.428350711608159,-0.801432154592459
ENSSSCG00000008217,1.03896948409484,1.88748384057387
ENSSSCG00000045267,0.54116651967454,1.0847773181148
ENSSSCG00000027135,6.9992733815795,6.61128334024616
ENSSSCG00000038626,5.51100914378015,4.77018672736608
ENSSSCG00000025363,6.72195458544995,6.29181933757079
ENSSSCG00000023140,5.03165371465434,5.57264122366452
ENSSSCG00000037201,3.08756049215293,3.18077946693977
ENSSSCG00000021534,7.25497610114199,5.67783439629768
ENSSSCG00000028978,5.43930490855557,5.83053404506039
ENSSSCG00000022058,7.29752597373259,6.33872790267353
ENSSSCG00000008550,5.41543385110599,6.29414329422291
ENSSSCG00000027409,6.13925132758869,6.30455502021312
ENSSSCG00000008553,6.08532944380037,5.80142316494664
ENSSSCG00000008554,2.58248499665162,2.63831642849982
ENSSSCG00000008555,3.99961314051722,3.40806478716832
ENSSSCG00000008556,5.31171423825221,5.1367687321955
ENSSSCG00000008557,8.68978155025784,7.06526085850837
ENSSSCG00000056865,4.86911251427859,4.30542650777164
ENSSSCG00000008558,6.86981190220773,6.92983664967573
ENSSSCG00000008559,7.34552077091181,6.80094488247147
ENSSSCG00000029185,6.67298898343337,6.18692309890355
ENSSSCG00000023378,4.17746721150633,4.71748252509953
ENSSSCG00000036192,4.98802536178947,4.9519034026281
ENSSSCG00000039719,5.15665706813262,5.0650950341979
ENSSSCG00000031432,7.90523947432816,6.47196939377716
ENSSSCG00000027288,4.54941619211968,4.72439223849069
ENSSSCG00000035090,7.89891069363149,7.94115628395149
ENSSSCG00000047832,1.0124140211341,1.63223675073198
ENSSSCG00000033377,4.41141134471524,4.79337180674343
ENSSSCG00000000146,12.2995575639075,11.1533491949068
ENSSSCG00000040479,5.6691844868918,6.08726105593196
ENSSSCG00000029168,6.55086579458602,6.91594523637546
ENSSSCG00000025321,7.10712920018953,7.23755860062718
ENSSSCG00000021285,4.97261051016001,4.96800391953454
ENSSSCG00000052755,2.79993126747808,3.93438638112435
ENSSSCG00000031365,2.53663155909393,2.47584537890216
ENSSSCG00000008668,3.7290073427632,4.05987483918574
ENSSSCG00000034517,4.82210456874677,5.2737812029424
ENSSSCG00000034768,5.00159053564039,5.29945736955974
ENSSSCG00000032705,3.50445851965302,4.00418377936075
ENSSSCG00000007592,5.68082491248153,5.52198680456373
ENSSSCG00000007593,-1.76904577456744,-0.969662564375006
ENSSSCG00000024245,0.682619433441756,0.852221766628148
ENSSSCG00000007590,3.70433327790565,4.13180197796732
ENSSSCG00000007589,5.3546296448774,5.95911899994828
ENSSSCG00000025940,4.90924929725912,4.8226439606607
ENSSSCG00000007596,0.577851083508549,-0.969662564375006
ENSSSCG00000037070,-0.163246077098895,1.12710621877915
ENSSSCG00000025629,0.299003801631898,1.06313784412392
ENSSSCG00000031088,9.52989656082668,9.34580279305501
ENSSSCG00000025305,5.30625892722141,5.41180159302459
ENSSSCG00000029161,6.00762900074542,6.18692309890355
ENSSSCG00000024665,5.72032965769076,6.22822201477353
ENSSSCG00000028755,4.65404882514508,4.30081114134785
ENSSSCG00000054381,-0.847537601777033,-2.92464516734468
ENSSSCG00000056353,1.14055756446698,0.720185961482743
ENSSSCG00000063431,-0.94826101088964,-0.168854921246468
ENSSSCG00000032798,5.77861493015072,5.87700875324211
ENSSSCG00000038543,1.14055756446698,-0.0699026685752995
ENSSSCG00000008562,5.29390852806894,4.73811316967365
ENSSSCG00000048033,-1.5956269400881,-1.06175616837389
ENSSSCG00000008563,2.04121546325762,2.48401140576021
ENSSSCG00000008564,-0.847537601777033,-1.37962819886108
ENSSSCG00000008565,4.08810371085403,3.13484139978675
ENSSSCG00000060398,-2.80087696638474,-1.06175616837389
ENSSSCG00000007743,7.02606958445684,6.77080740390206
ENSSSCG00000007744,3.5374273204274,3.02719626934888
ENSSSCG00000007745,2.78431999506382,3.23983976676193
ENSSSCG00000020808,7.29339595037347,6.89427972161722
ENSSSCG00000007748,6.16283612680428,4.55450403941256
ENSSSCG00000036659,6.23351903649371,6.20061472527398
ENSSSCG00000007749,4.00635741057301,3.81646641771404
ENSSSCG00000029029,3.23265945709217,3.45035440098084
ENSSSCG00000007753,4.54941619211968,4.38607366141413
ENSSSCG00000024058,1.96016598715194,1.58746179948828
ENSSSCG00000035952,6.97541134942062,6.12691308388419
ENSSSCG00000025245,3.56052356113456,2.65287666577456
ENSSSCG00000036789,4.12884908206675,4.10822247590328
ENSSSCG00000040811,0.577851083508549,0.720185961482743
ENSSSCG00000030798,7.86127400913497,7.94226802049597
ENSSSCG00000007760,-0.581735609749139,-0.580978849888471
ENSSSCG00000038600,6.12072360030443,5.94291846059841
ENSSSCG00000031247,5.20436223147969,5.42987977068145
ENSSSCG00000007763,5.86741954303338,5.53972301194177
ENSSSCG00000057004,6.09643429676453,5.80712980720902
ENSSSCG00000007765,2.30462385924679,3.47514565515157
ENSSSCG00000026817,3.5139553058738,4.17783539855516
ENSSSCG00000007767,2.46988522199915,2.44271105199964
ENSSSCG00000007768,4.58814374536442,4.05987483918574
ENSSSCG00000021238,3.49489880474933,2.59373270651027
ENSSSCG00000032369,4.52379159070698,3.90123135622859
ENSSSCG00000007782,5.24627335715376,5.48584653808056
ENSSSCG00000007770,5.38599867064967,5.11590077753164
ENSSSCG00000028186,5.85626340078602,5.36503692747315
ENSSSCG00000007774,3.58325587051105,3.81646641771404
ENSSSCG00000007776,4.82972953084583,5.0292728010973
ENSSSCG00000055147,2.13035473334754,1.82456795126936
ENSSSCG00000007754,3.60563553992072,3.36891436969478
ENSSSCG00000008081,4.50962029612688,2.02815067824639
ENSSSCG00000021704,3.59224944048779,3.6192738091208
ENSSSCG00000032834,3.1619333712404,3.12443120470841
ENSSSCG00000008090,0.160749279997622,-0.883096611932229
ENSSSCG00000008096,5.4442804567863,5.64816437743156
ENSSSCG00000008099,3.49489880474933,3.55870645204166
ENSSSCG00000008101,4.46625155532388,3.5392455620997
ENSSSCG00000026954,6.01851207810318,6.29993686047824
ENSSSCG00000007735,4.96743540684683,5.15478382155542
ENSSSCG00000040985,3.4160512381393,4.2101913842195
ENSSSCG00000007737,4.94829960523877,4.26334682787085
ENSSSCG00000032119,5.36516195419778,5.19015285975934
ENSSSCG00000007738,4.07212081022427,3.94329796990743
ENSSSCG00000007739,6.35672303516754,4.96945873205175
ENSSSCG00000028513,4.92890657203335,4.96654763850459
ENSSSCG00000058993,-1.44083485948891,-0.51439395667637
ENSSSCG00000054116,-0.847537601777033,-0.168854921246468
ENSSSCG00000049720,0.929682484613295,1.32191137878578
ENSSSCG00000057985,-0.94826101088964,-0.331304090129519
ENSSSCG00000048074,2.50840324662494,3.04937743944045
ENSSSCG00000019364,-0.847537601777033,-1.26570965698543
ENSSSCG00000063000,1.48762675172783,1.98276876816261
ENSSSCG00000053111,-1.76904577456744,-0.724143750785594
ENSSSCG00000039214,-1.1736270562095,-1.37962819886108
ENSSSCG00000051586,-0.847537601777033,-1.06175616837389
ENSSSCG00000050566,0.00782776903463305,0.269413319240056
ENSSSCG00000051503,-1.5956269400881,-1.16013180230037
ENSSSCG00000058915,2.90472149051255,2.74409661085484
ENSSSCG00000063426,3.14980110290371,3.43358701597623
ENSSSCG00000057020,-0.289717603961706,-0.969662564375006
ENSSSCG00000037890,4.55172328966111,4.64103478518383
ENSSSCG00000006173,0.299003801631898,0.826763660403192
ENSSSCG00000006172,5.91658135371411,4.88872083587974
ENSSSCG00000006171,1.73505954565087,0.480036609493032
ENSSSCG00000035887,5.20289507761488,5.02787710037138
ENSSSCG00000038500,4.0849212646763,4.60779025246886
ENSSSCG00000050559,0.425160216794395,1.35790376000462
ENSSSCG00000006174,0.464874497983746,0.480036609493032
ENSSSCG00000006175,2.91908899595331,3.44618078884689
ENSSSCG00000005961,-0.225096418835447,-2.92464516734468
ENSSSCG00000021628,4.4953084177885,4.34631353672184
ENSSSCG00000006176,5.79720751181927,5.6445261922841
ENSSSCG00000006177,5.56796522051043,5.47257014895539
ENSSSCG00000006179,5.03330566363119,5.15988993997633
ENSSSCG00000006089,6.01182452100477,5.41927300358977
ENSSSCG00000006090,4.51199186645499,4.48296761983429
ENSSSCG00000005987,5.34933451523888,5.73540433085754
ENSSSCG00000055783,5.91837037795675,5.30868200875591
ENSSSCG00000006132,-0.163246077098895,0.0226960489355265
ENSSSCG00000006115,2.78431999506382,2.98753919341803
ENSSSCG00000006116,-1.76904577456744,-1.37962819886108
ENSSSCG00000056684,6.56692248034964,6.39610849904161
ENSSSCG00000006183,2.28256878788505,1.81164869165001
ENSSSCG00000021586,4.70468754926573,4.45623774772008
ENSSSCG00000006184,4.99651853080829,4.82906900742336
ENSSSCG00000006185,-2.80087696638474,-0.724143750785594
ENSSSCG00000028759,4.62585881992524,4.9953975718845
ENSSSCG00000040728,-0.94826101088964,-1.26570965698543
ENSSSCG00000005959,4.91284332665891,4.71401521850457
ENSSSCG00000005965,4.86355176858138,6.7514881424988
ENSSSCG00000005967,6.58730763276724,6.95134672358108
ENSSSCG00000006003,7.05928519765826,7.02034758526287
ENSSSCG00000029324,-0.503005667143942,-1.26570965698543
ENSSSCG00000006199,1.93210506278503,2.96437876298604
ENSSSCG00000006141,4.10391148326593,-0.331304090129519
ENSSSCG00000039660,-0.94826101088964,-2.35951718500686
ENSSSCG00000027762,-1.1736270562095,-0.51439395667637
ENSSSCG00000006200,2.67850861649466,3.18077946693977
ENSSSCG00000006120,5.72340286451478,5.97296545134873
ENSSSCG00000057079,0.503524755598007,-1.95450014976733
ENSSSCG00000006153,2.94740175361121,2.90479685619967
ENSSSCG00000006201,6.61294305099669,7.16735296259869
ENSSSCG00000005994,4.81251634298115,5.66262605862583
ENSSSCG00000005995,0.299003801631898,-0.0699026685752995
ENSSSCG00000006168,4.47357081971983,4.48906635078543
ENSSSCG00000006121,2.60042594353181,2.94676112973231
ENSSSCG00000040562,0.00782776903463305,0.949786352523971
ENSSSCG00000006159,2.61814651954306,3.21061181823215
ENSSSCG00000005996,4.18640348747925,3.69157352599349
ENSSSCG00000034242,1.87429076377796,3.3377121190505
ENSSSCG00000040180,4.45643441302149,4.66637220158118
ENSSSCG00000033669,4.32233251871581,4.64103478518383
ENSSSCG00000005997,7.90501392385857,6.71726063090629
ENSSSCG00000006126,6.52878474171967,6.17246882139733
ENSSSCG00000032111,10.3753857934376,10.0324823086108
ENSSSCG00000006140,4.99990184785204,2.40019345180835
ENSSSCG00000032228,3.56509876847735,3.58551807282603
ENSSSCG00000006127,4.793146575977,5.04453704892876
ENSSSCG00000006202,6.61955630564498,7.35101021308925
ENSSSCG00000006156,6.84510066340918,6.56536196584048
ENSSSCG00000021184,4.15032138858505,4.28454008180057
ENSSSCG00000024096,3.78106272098611,4.08156294502782
ENSSSCG00000049630,4.55402670367844,5.38261529989765
ENSSSCG00000006135,6.3685493906627,6.60895165173493
ENSSSCG00000047247,0.81143323514119,0.996201015194988
ENSSSCG00000006001,7.93138840288217,8.36335081643111
ENSSSCG00000006160,0.384321665410682,-1.95450014976733
ENSSSCG00000006136,4.68380365590906,4.37733229115711
ENSSSCG00000052833,2.76058170235838,3.16562872641229
ENSSSCG00000006161,1.09065751143433,0.774458752770575
ENSSSCG00000006137,5.0032772491149,4.70705550523623
ENSSSCG00000006002,2.95439396897898,2.33848175918667
ENSSSCG00000034398,6.34346792795353,6.91178943006129
ENSSSCG00000039549,4.86911251427859,5.2936618735742
ENSSSCG00000006093,2.89020946153077,2.86157528753835
ENSSSCG00000037755,2.98885557233165,2.72355196361232
ENSSSCG00000006151,3.687646296855,4.21265050656083
ENSSSCG00000034321,7.46661716032817,8.54665992572431
ENSSSCG00000036569,4.28121397068151,3.06579234401381
ENSSSCG00000006095,0.841916534859911,1.0847773181148
ENSSSCG00000005969,5.62166020444114,5.67248503521411
ENSSSCG00000006096,5.22474724597021,5.49092048515362
ENSSSCG00000025980,3.55132938706797,4.39259510574627
ENSSSCG00000024780,3.5374273204274,4.39692641543382
ENSSSCG00000021284,2.96135245902405,0.6051024001257
ENSSSCG00000006098,3.04233714300071,3.84844441702227
ENSSSCG00000005938,0.780291912538719,2.77104214505238
ENSSSCG00000006169,-0.581735609749139,-1.95450014976733
ENSSSCG00000006099,6.33679442365616,6.15275496903257
ENSSSCG00000005970,5.58496057151398,4.55837616057812
ENSSSCG00000005971,5.33601103486934,5.90464786335047
ENSSSCG00000005941,4.22160514102507,3.49548449808059
ENSSSCG00000033791,5.16873205840005,5.19264634704701
ENSSSCG00000005975,4.06890287172142,4.34182733773723
ENSSSCG00000006100,7.38551779472143,7.09222053051855
ENSSSCG00000005944,5.94757341459021,7.1695697310197
ENSSSCG00000024290,0.901016344624057,0.634745314624147
ENSSSCG00000040681,0.160749279997622,-2.35951718500686
ENSSSCG00000005976,6.14995029530075,5.69112165971562
ENSSSCG00000005946,1.7986042665823,2.78432850690455
ENSSSCG00000033728,0.81143323514119,-0.0699026685752995
ENSSSCG00000006105,6.09089255492573,6.09461265369957
ENSSSCG00000006106,2.09282450672441,-0.801432154592459
ENSSSCG00000030603,3.38015241180071,3.32413033988791
ENSSSCG00000036441,1.48762675172783,1.14781387260733
ENSSSCG00000024412,5.96671878711633,6.35551551766692
ENSSSCG00000006107,3.88352433256059,4.16519497479506
ENSSSCG00000040731,3.4160512381393,3.98991850383546
ENSSSCG00000006143,2.65294775884989,2.98753919341803
ENSSSCG00000006108,5.79428772400077,6.38905949752583
ENSSSCG00000005955,6.78459598617776,6.5929954366045
ENSSSCG00000052227,3.3592304705724,3.03832948289955
ENSSSCG00000006203,5.55422330053498,5.53088216375913
ENSSSCG00000024424,6.49201605450691,6.76830212332391
ENSSSCG00000006145,4.38836170930527,4.44791253296088
ENSSSCG00000005979,3.64073622851727,1.99424877862076
ENSSSCG00000006204,2.02801948508034,2.40879780570445
ENSSSCG00000006146,5.38599867064967,4.88101140218015
ENSSSCG00000006110,5.42553300498319,5.69640248808014
ENSSSCG00000049935,1.7986042665823,0.6051024001257
ENSSSCG00000006205,0.0606232623061967,1.24711535386201
ENSSSCG00000037963,3.59672528820647,3.48738333630153
ENSSSCG00000035521,1.48762675172783,0.574837615712797
ENSSSCG00000037733,4.72117969736534,4.58139314899729
ENSSSCG00000006206,2.87554997189764,2.97600545370124
ENSSSCG00000005981,8.54964168975098,7.75461968746096
ENSSSCG00000046234,0.160749279997622,-2.35951718500686
ENSSSCG00000006209,4.73139236565213,5.20874980690826
ENSSSCG00000027872,0.425160216794395,1.57222259459841
ENSSSCG00000057538,-1.1736270562095,-0.580978849888471
ENSSSCG00000023848,-0.428350711608159,0.800848232904328
ENSSSCG00000048429,-1.3010534406464,-1.37962819886108
ENSSSCG00000051130,-1.44083485948891,-0.801432154592459
ENSSSCG00000042179,4.1952847513568,4.65013503043335
ENSSSCG00000006213,3.44115713916546,4.18536683148638
ENSSSCG00000062341,-0.94826101088964,-0.724143750785594
ENSSSCG00000005982,5.020036803116,4.95484416578436
ENSSSCG00000006149,2.53663155909393,-0.969662564375006
ENSSSCG00000053707,-0.103938698558373,-0.389789821758014
ENSSSCG00000005983,1.78297855012575,2.23583578812337
ENSSSCG00000058595,1.66858646664768,1.66133288059543
ENSSSCG00000051779,-1.5956269400881,-0.168854921246468
ENSSSCG00000056523,-0.753389730293386,1.16822850108867
ENSSSCG00000043857,-1.1736270562095,-0.389789821758014
ENSSSCG00000021744,3.24411724595056,3.61184049341146
ENSSSCG00000006216,-0.225096418835447,-2.92464516734468
ENSSSCG00000005986,-1.76904577456744,-0.883096611932229
ENSSSCG00000053596,3.59224944048779,3.68804331147842
ENSSSCG00000006218,3.45107843294489,3.98704844379237
ENSSSCG00000049444,-0.428350711608159,-0.118530588140316
ENSSSCG00000040208,0.299003801631898,0.800848232904328
ENSSSCG00000005984,4.95876876711304,5.13157997329872
ENSSSCG00000006219,4.41901344119094,3.89817913588535
ENSSSCG00000022989,2.13035473334754,2.94676112973231
ENSSSCG00000006220,4.77548860956428,4.8226439606607
ENSSSCG00000051417,-0.428350711608159,0.747577553315015
ENSSSCG00000041624,-0.428350711608159,-0.650786169073976
ENSSSCG00000022092,0.425160216794395,0.0226960489355265
ENSSSCG00000042468,-0.94826101088964,-0.51439395667637
ENSSSCG00000050230,-2.19461582859326,-0.389789821758014
ENSSSCG00000006155,6.19640032399163,6.04717740408156
ENSSSCG00000006214,4.01641506675361,4.34182733773723
ENSSSCG00000058295,-0.503005667143942,-0.450747065242323
ENSSSCG00000061321,3.2498121961957,3.53532168307395
ENSSSCG00000005943,6.97283113678941,5.20133976985127
ENSSSCG00000050604,-2.80087696638474,-0.969662564375006
ENSSSCG00000048085,-1.05654789507939,-0.801432154592459
ENSSSCG00000063117,-0.0469734082326686,-0.969662564375006
ENSSSCG00000054758,1.36704606077518,1.85006449232
ENSSSCG00000005948,0.985360575284754,-1.06175616837389
ENSSSCG00000006162,5.08837524352192,5.73112249710552
ENSSSCG00000044016,2.14265094238106,3.18579456145464
ENSSSCG00000018868,0.00782776903463305,-0.0228605115491758
ENSSSCG00000005949,2.46988522199915,3.23983976676193
ENSSSCG00000053919,-1.76904577456744,0.0226960489355265
ENSSSCG00000046151,3.79281337669825,4.03507954072504
ENSSSCG00000005950,5.22040321128493,5.61787133890898
ENSSSCG00000006163,6.93886155762247,4.11612520791461
ENSSSCG00000006000,5.20582789483282,5.41287130926318
ENSSSCG00000005951,0.613625923982859,0.343090997642991
ENSSSCG00000058888,1.36704606077518,2.14605650303391
ENSSSCG00000005952,6.6359580182637,6.81031129101246
ENSSSCG00000005953,-0.357369586612393,-2.35951718500686
ENSSSCG00000031717,0.648535071030343,-0.450747065242323
ENSSSCG00000005880,5.056236507543,5.07594067491483
ENSSSCG00000036160,5.12601989246791,5.65902420607249
ENSSSCG00000034031,6.04659334752563,6.46631311168431
ENSSSCG00000005893,3.46093196454201,3.26375205522008
ENSSSCG00000029830,9.6090156053675,9.5792331930775
ENSSSCG00000005890,3.82750178086163,4.35301678640405
ENSSSCG00000035123,3.58775966357871,2.6886470549982
ENSSSCG00000022161,6.57828310667339,6.25590715388898
ENSSSCG00000005894,6.59627605826472,7.2302954344402
ENSSSCG00000005895,3.16796145904304,3.18077946693977
ENSSSCG00000030451,4.52613999848738,4.4226446992825
ENSSSCG00000025736,2.4403064491966,1.06313784412392
ENSSSCG00000005930,4.41141134471524,4.70705550523623
ENSSSCG00000030831,3.4160512381393,4.76851630488417
ENSSSCG00000038397,7.36729607405057,7.37563362256483
ENSSSCG00000005899,5.37431506969936,4.79992824985493
ENSSSCG00000005901,7.08061217389248,6.97326610132272
ENSSSCG00000005902,1.0124140211341,-0.724143750785594
ENSSSCG00000026924,3.04888506235996,3.81322928508241
ENSSSCG00000053131,2.89020946153077,3.12964569195949
ENSSSCG00000027076,5.056236507543,5.08133307267156
ENSSSCG00000005935,3.59224944048779,4.25859463547142
ENSSSCG00000005933,5.37039941455435,5.15222396929966
ENSSSCG00000005934,5.67236847428306,5.38042968078841
ENSSSCG00000025116,4.08173178280619,3.89205525444354
ENSSSCG00000005904,6.16057050362179,5.66711576542142
ENSSSCG00000005905,-0.753389730293386,-0.450747065242323
ENSSSCG00000056391,2.76853794482827,2.63098083117467
ENSSSCG00000046182,4.488098882623,4.08961265864818
ENSSSCG00000005907,4.99821118112255,5.06373357827959
ENSSSCG00000005908,4.3909410410296,4.29386028841113
ENSSSCG00000005909,4.53549558807196,4.44373184044422
ENSSSCG00000005910,1.52568015604393,1.01886012427252
ENSSSCG00000005918,4.31962744351204,4.00985062733713
ENSSSCG00000005917,5.61063735965376,5.68493616264104
ENSSSCG00000005920,5.77565723151285,5.32809069071346
ENSSSCG00000034551,1.65147836204809,0.949786352523971
ENSSSCG00000006879,5.14448015964065,5.33826113453456
ENSSSCG00000005924,7.15950096940812,6.42290353906194
ENSSSCG00000026590,3.90533809075458,3.98129113783476
ENSSSCG00000030947,4.37539542174089,4.46451519650864
ENSSSCG00000005916,5.26888594926454,5.00109896872219
ENSSSCG00000005915,6.33813159638188,6.67775837452312
ENSSSCG00000005914,4.84109194060761,4.55062149769339
ENSSSCG00000031918,6.57034007142074,6.26541357070113
ENSSSCG00000005912,7.42065401379486,6.90344173062383
ENSSSCG00000006950,7.8319133057491,7.56339540924167
ENSSSCG00000005925,3.81986500427452,3.83573814693226
ENSSSCG00000005911,4.71501721401504,5.34836038226007
ENSSSCG00000023745,0.841916534859911,1.37556872975422
ENSSSCG00000005922,0.342293330875861,1.24711535386201
ENSSSCG00000005923,0.111554715953384,0.0226960489355265
ENSSSCG00000032796,4.95876876711304,5.17131305619511
ENSSSCG00000039094,8.89711673438059,9.23336309349312
ENSSSCG00000040735,5.43681068475737,4.73640517275129
ENSSSCG00000025691,5.68398334113068,5.95471868211965
ENSSSCG00000026772,2.50840324662494,2.07214846811371
ENSSSCG00000006947,4.3909410410296,4.38170959683214
ENSSSCG00000062085,6.26760289773745,6.34041548204418
ENSSSCG00000038025,6.01851207810318,6.67820328401896
ENSSSCG00000038800,7.66319885035596,7.62053304178349
ENSSSCG00000038253,5.65637779889176,5.89625861837079
ENSSSCG00000039466,7.02938438392055,7.21320447882768
ENSSSCG00000038417,5.38858222682622,4.97960154872618
ENSSSCG00000006917,5.09629929310995,3.26848731736893
ENSSSCG00000047605,5.94318653088427,5.45709786463962
ENSSSCG00000036509,4.50724482087935,4.88872083587974
ENSSSCG00000037101,2.33708688541697,2.80403140524322
ENSSSCG00000022032,5.30762469010544,5.23801512250083
ENSSSCG00000030125,7.54426844817068,6.75739535207882
ENSSSCG00000058619,-0.225096418835447,0.634745314624147
ENSSSCG00000030801,4.16244930073107,5.08938406542582
ENSSSCG00000034987,2.49886972135825,2.91086700396588
ENSSSCG00000039854,3.20946722096746,6.38688362666856
ENSSSCG00000006885,3.93391933051826,2.92293121210674
ENSSSCG00000062656,0.254375037426665,0.231113683523015
ENSSSCG00000006930,6.66927524732436,6.50394407985949
ENSSSCG00000006887,7.39132623537824,7.75925304900523
ENSSSCG00000063342,-0.357369586612393,-0.801432154592459
ENSSSCG00000006933,0.613625923982859,0.852221766628148
ENSSSCG00000006888,5.09471796121594,5.44877762612671
ENSSSCG00000046806,4.43909200990628,3.49143960348772
ENSSSCG00000055226,-2.80087696638474,-0.724143750785594
ENSSSCG00000047210,4.078535234066,5.00394124006963
ENSSSCG00000051090,2.66151846255649,3.48331563239148
ENSSSCG00000062147,4.57004844256059,4.64468177448369
ENSSSCG00000041166,-0.847537601777033,0.269413319240056
ENSSSCG00000049098,-1.76904577456744,0.343090997642991
ENSSSCG00000058709,3.63204079352504,3.64499288855733
ENSSSCG00000048678,-0.753389730293386,-0.883096611932229
ENSSSCG00000058460,0.208321522646333,-0.969662564375006
ENSSSCG00000059334,2.72012870992577,1.74525785846237
ENSSSCG00000006923,3.47071865330916,3.98991850383546
ENSSSCG00000053430,0.780291912538719,-3.86672707663002
ENSSSCG00000040582,1.42859580901325,2.39153747277534
ENSSSCG00000042798,1.90348749886982,2.96437876298604
ENSSSCG00000047438,-0.753389730293386,0.109708133942356
ENSSSCG00000055353,-0.753389730293386,-0.969662564375006
ENSSSCG00000006932,1.88896298917059,2.74409661085484
ENSSSCG00000024973,4.41648385734215,3.81646641771404
ENSSSCG00000006935,-0.94826101088964,-1.95450014976733
ENSSSCG00000006936,6.36658505147712,6.20802847771989
ENSSSCG00000006925,5.36122134330982,5.08133307267156
ENSSSCG00000031738,2.15484323487455,2.01693833045353
ENSSSCG00000006939,4.44406829116839,4.37952260415124
ENSSSCG00000006926,4.74556972528045,4.60217424844161
ENSSSCG00000006940,5.15058146108026,5.08804534948429
ENSSSCG00000006927,5.72749031660984,6.4175841961593
ENSSSCG00000028310,5.42553300498319,5.49799416430703
ENSSSCG00000006897,3.42110749162517,3.57025821344925
ENSSSCG00000040439,5.85906053446237,5.64907249196643
ENSSSCG00000006898,4.33310238247778,4.59465207362306
ENSSSCG00000006900,4.17746721150633,3.01597647269275
ENSSSCG00000006899,10.3854448768586,10.157805942529
ENSSSCG00000006901,5.92015718645452,6.17751283814641
ENSSSCG00000006902,-0.847537601777033,-0.168854921246468
ENSSSCG00000006903,4.50724482087935,4.68242865943329
ENSSSCG00000006904,3.4160512381393,3.34221111301098
ENSSSCG00000035196,3.76921557047862,4.40769813818823
ENSSSCG00000006911,6.77079881191215,6.17688329963096
ENSSSCG00000027251,3.88352433256059,3.6229761539042
ENSSSCG00000006912,2.82303593425957,4.09761770689552
ENSSSCG00000022534,5.6050941932154,5.8192828413322
ENSSSCG00000056532,-0.753389730293386,-0.801432154592459
ENSSSCG00000054002,-0.503005667143942,-1.16013180230037
ENSSSCG00000052408,1.81406255392592,2.12532342728475
ENSSSCG00000060336,2.35833005876887,1.64685816540168
ENSSSCG00000055484,3.34865461023762,2.75088032244574
ENSSSCG00000042787,2.31552623327911,2.13572720940697
ENSSSCG00000057986,-0.103938698558373,-0.51439395667637
ENSSSCG00000056423,-0.581735609749139,0.996201015194988
ENSSSCG00000063107,2.22590931707906,2.78432850690455
ENSSSCG00000051442,0.384321665410682,1.66133288059543
ENSSSCG00000058148,1.11582327058225,0.512334077457971
ENSSSCG00000062190,0.299003801631898,0.6051024001257
ENSSSCG00000053687,-2.19461582859326,-0.969662564375006
ENSSSCG00000049063,0.503524755598007,-0.331304090129519
ENSSSCG00000059518,-1.44083485948891,-0.969662564375006
ENSSSCG00000059777,-1.05654789507939,-2.35951718500686
ENSSSCG00000051057,0.208321522646333,0.747577553315015
ENSSSCG00000042741,0.748463530495347,1.24711535386201
ENSSSCG00000059700,4.03632244315774,3.26375205522008
ENSSSCG00000018923,1.61664122769751,1.42730178812359
ENSSSCG00000036331,-0.847537601777033,-2.92464516734468
ENSSSCG00000028277,-0.847537601777033,0.231113683523015
ENSSSCG00000030140,2.42024489322316,3.11394534546385
ENSSSCG00000037254,4.14727341325436,4.78016884887681
ENSSSCG00000006857,2.36883548604693,3.22529980834429
ENSSSCG00000006858,3.74522535331173,0.343090997642991
ENSSSCG00000006840,5.00664477155074,5.60201401371349
ENSSSCG00000006841,5.93878626703899,6.43348374534205
ENSSSCG00000021440,4.15336293804548,2.54772715445315
ENSSSCG00000055828,6.83613783024732,6.97977749609635
ENSSSCG00000006846,1.52568015604393,1.91190152903124
ENSSSCG00000006850,5.87757077120425,6.87228388042045
ENSSSCG00000006848,4.96916250473435,5.5338351368899
ENSSSCG00000062186,4.55862252805882,5.82089553828894
ENSSSCG00000006852,3.03575936923339,0.996201015194988
ENSSSCG00000029849,4.49050606634105,4.5072093651604
ENSSSCG00000061017,4.49770361212424,4.72783472453812
ENSSSCG00000006860,5.86927054156939,5.52000258755108
ENSSSCG00000006861,3.92326760945393,2.72355196361232
ENSSSCG00000006862,2.87554997189764,3.14001846296916
ENSSSCG00000006864,6.11527455349974,7.39227083408669
ENSSSCG00000006865,4.73342625256695,4.29153587546859
ENSSSCG00000006866,5.12136768000582,5.2548163607547
ENSSSCG00000006867,-0.581735609749139,1.24711535386201
ENSSSCG00000006869,3.08756049215293,4.00701998574096
ENSSSCG00000028821,2.68692924499126,3.94625630861329
ENSSSCG00000006870,5.26888594926454,5.15478382155542
ENSSSCG00000006871,6.16585143371363,5.88087932917433
ENSSSCG00000006872,4.72117969736534,4.38607366141413
ENSSSCG00000006873,3.81218758787805,4.01830938072386
ENSSSCG00000006874,4.20704202388818,3.44199506771677
ENSSSCG00000006875,2.91192312854079,1.82456795126936
ENSSSCG00000006876,3.80059431048723,-0.331304090129519
ENSSSCG00000006877,4.05920576499752,3.87972895243467
ENSSSCG00000006878,4.37017609996627,4.368537633411
ENSSSCG00000006853,3.95149927684613,3.77380631834667
ENSSSCG00000059727,0.503524755598007,1.46078781820194
ENSSSCG00000043670,-0.503005667143942,-0.220998320347156
ENSSSCG00000060687,-1.76904577456744,-1.37962819886108
ENSSSCG00000051095,2.86073999404779,3.10867369649288
ENSSSCG00000045465,-3.23753225397681,0.543924309209927
ENSSSCG00000006845,5.00664477155074,5.28200056666851
ENSSSCG00000006455,1.14055756446698,0.109708133942356
ENSSSCG00000006587,3.04233714300071,2.03927655741885
ENSSSCG00000027322,1.14055756446698,-0.580978849888471
ENSSSCG00000006456,-1.96619539223541,-0.118530588140316
ENSSSCG00000006572,4.11331366956228,4.86077191459508
ENSSSCG00000028553,7.09965882457298,6.99735549643653
ENSSSCG00000034159,3.90172529216755,4.2538267377516
ENSSSCG00000006397,-1.96619539223541,0.343090997642991
ENSSSCG00000033585,3.33800064932877,2.63098083117467
ENSSSCG00000048076,1.4485423725996,-0.389789821758014
ENSSSCG00000036223,3.83130506323569,3.15031718730706
ENSSSCG00000006415,1.16487493893756,1.16822850108867
ENSSSCG00000006567,5.11825784971658,5.4085876770793
ENSSSCG00000006568,5.66599345698439,5.91298860692465
ENSSSCG00000006562,4.47357081971983,4.89179311093731
ENSSSCG00000006569,2.9956502008432,4.30772866583566
ENSSSCG00000006571,6.92558035910816,6.49841201789288
ENSSSCG00000006542,5.8506528112105,5.10667526493629
ENSSSCG00000034984,7.00349323582047,6.53424273904231
ENSSSCG00000006624,5.62823371111838,5.60107577969983
ENSSSCG00000022107,7.49776222610788,7.49483738823251
ENSSSCG00000006625,5.19553684407707,5.08402173209733
ENSSSCG00000031053,5.76177389241526,6.61964635301493
ENSSSCG00000038991,4.62147258636118,5.36614187296016
ENSSSCG00000006626,6.6644863535516,6.61547090645978
ENSSSCG00000006582,5.31850449578178,5.086705390158
ENSSSCG00000006581,7.25992309980706,5.23559889306414
ENSSSCG00000053832,3.82368844563602,5.29945736955974
ENSSSCG00000006578,1.09065751143433,-0.220998320347156
ENSSSCG00000006577,-0.103938698558373,0.151322202724095
ENSSSCG00000021084,6.39577294896473,6.35161584391435
ENSSSCG00000006592,0.577851083508549,-1.06175616837389
ENSSSCG00000006627,5.34401987924769,5.43515405377909
ENSSSCG00000039568,4.92535238635861,1.58746179948828
ENSSSCG00000006243,1.25824180569868,3.54315879779995
ENSSSCG00000006698,6.45920995176325,6.4923527491763
ENSSSCG00000006398,-0.428350711608159,0.0226960489355265
ENSSSCG00000032887,5.21313395949095,4.64468177448369
ENSSSCG00000006232,7.36434599705225,6.95392121131064
ENSSSCG00000032846,7.18536226094169,6.86955936866832
ENSSSCG00000032573,4.20704202388818,3.89205525444354
ENSSSCG00000006233,4.21870425431413,4.98823899424338
ENSSSCG00000028902,7.15229758130906,7.76093422517522
ENSSSCG00000033922,1.96016598715194,-3.32011714393106
ENSSSCG00000034495,-0.847537601777033,-2.14284221802902
ENSSSCG00000030578,4.94479293377898,4.41412277758863
ENSSSCG00000006260,5.679770564481,5.24163189598151
ENSSSCG00000006261,6.86981190220773,6.95978856007614
ENSSSCG00000042752,5.38470515551523,5.76167175758823
ENSSSCG00000060730,7.62070250684409,6.99163925714911
ENSSSCG00000006262,-2.19461582859326,-0.883096611932229
ENSSSCG00000006263,5.50863595612585,5.17510075027602
ENSSSCG00000006264,1.65147836204809,-2.92464516734468
ENSSSCG00000006247,1.63416494499211,1.83737254564755
ENSSSCG00000040470,10.3216889782192,9.85432460344076
ENSSSCG00000006236,4.41901344119094,4.61710194951013
ENSSSCG00000006237,5.60953042890657,5.8901265620205
ENSSSCG00000006457,0.111554715953384,1.61746563255219
ENSSSCG00000006239,4.10391148326593,4.78016884887681
ENSSSCG00000036622,-1.44083485948891,0.973180333493209
ENSSSCG00000049524,5.18814088857804,6.12691308388419
ENSSSCG00000006240,1.63416494499211,1.9711966741643
ENSSSCG00000006235,-1.76904577456744,0.6051024001257
ENSSSCG00000024970,5.08200451728677,5.63447361566585
ENSSSCG00000006267,7.42726564030203,7.40657196940245
ENSSSCG00000022190,5.17622792550524,4.68597262264268
ENSSSCG00000006273,2.67003855032607,3.06034143483319
ENSSSCG00000006553,7.28579339630583,7.03674729386384
ENSSSCG00000006274,5.19406068308839,5.88087932917433
ENSSSCG00000006418,4.98290535657391,6.2086445741554
ENSSSCG00000037532,0.682619433441756,0.996201015194988
ENSSSCG00000006423,-1.76904577456744,-0.450747065242323
ENSSSCG00000006554,5.89129924211917,5.65812233611008
ENSSSCG00000006555,6.34413358368256,5.63813720763157
ENSSSCG00000006556,8.07062590966017,7.75967352674704
ENSSSCG00000006277,4.11643416412382,3.38208290956991
ENSSSCG00000031503,6.40601018467459,5.74393006122878
ENSSSCG00000006280,4.59487139474076,3.96388007011859
ENSSSCG00000033144,6.81516548708437,7.07610525736515
ENSSSCG00000050933,-0.428350711608159,0.480036609493032
ENSSSCG00000058048,3.23839972611689,4.26097268836692
ENSSSCG00000059747,0.208321522646333,-0.450747065242323
ENSSSCG00000025087,6.08373603540375,5.53580043304818
ENSSSCG00000031838,8.46297066566285,8.30159640256385
ENSSSCG00000006564,5.71003809571865,5.340511529379
ENSSSCG00000006559,5.06110319747316,5.23680751362085
ENSSSCG00000006560,6.72451316471015,2.2065257784872
ENSSSCG00000006561,6.03096830151163,5.44250580558481
ENSSSCG00000031262,9.69736669855421,10.840473942531
ENSSSCG00000022784,7.06212010372837,5.65541333857231
ENSSSCG00000006682,5.05461062250258,4.77518642149061
ENSSSCG00000006661,4.80479961529095,4.38825075328145
ENSSSCG00000006231,5.51810537335122,5.65721990201027
ENSSSCG00000006248,0.0606232623061967,0.378565244869403
ENSSSCG00000037823,0.208321522646333,-0.389789821758014
ENSSSCG00000032367,6.2766970317263,6.80094488247147
ENSSSCG00000062171,1.11582327058225,1.47724380910331
ENSSSCG00000044065,-0.503005667143942,0.877238412496071
ENSSSCG00000052134,-1.44083485948891,0.0226960489355265
ENSSSCG00000052708,2.04121546325762,2.09365420909009
ENSSSCG00000058658,2.05429183424595,1.47724380910331
ENSSSCG00000042589,0.748463530495347,1.20821105392266
ENSSSCG00000055032,-0.847537601777033,-0.801432154592459
ENSSSCG00000057500,-0.94826101088964,-0.331304090129519
ENSSSCG00000063092,-1.1736270562095,0.109708133942356
ENSSSCG00000048200,0.54116651967454,0.066857978120369
ENSSSCG00000046734,6.38416855515853,6.29181933757079
ENSSSCG00000056807,-0.581735609749139,0.0226960489355265
ENSSSCG00000060890,3.55593379830106,2.88025759321149
ENSSSCG00000045551,5.77861493015072,5.71733459942949
ENSSSCG00000055986,2.48927277795051,2.70271051943981
ENSSSCG00000026502,5.24627335715376,5.07594067491483
ENSSSCG00000051386,-1.44083485948891,-1.06175616837389
ENSSSCG00000028509,5.13219959779931,4.86390422302666
ENSSSCG00000059285,-1.1736270562095,-0.275097240265819
ENSSSCG00000057277,0.841916534859911,0.996201015194988
ENSSSCG00000060401,0.841916534859911,0.826763660403192
ENSSSCG00000061949,-1.1736270562095,-0.580978849888471
ENSSSCG00000052628,-0.0469734082326686,-2.35951718500686
ENSSSCG00000050435,-0.103938698558373,-0.389789821758014
ENSSSCG00000006685,1.21231354325694,1.01886012427252
ENSSSCG00000057934,-0.163246077098895,0.109708133942356
ENSSSCG00000056835,-2.46613199464794,-0.801432154592459
ENSSSCG00000052652,-1.1736270562095,0.066857978120369
ENSSSCG00000058012,-0.94826101088964,-1.26570965698543
ENSSSCG00000057091,0.00782776903463305,-2.14284221802902
ENSSSCG00000056541,3.47071865330916,3.73669712447758
ENSSSCG00000037637,6.11761237984786,5.63630657456794
ENSSSCG00000006663,6.23495539075895,6.45804600158534
ENSSSCG00000006664,4.77548860956428,6.06020767074012
ENSSSCG00000006688,5.18665713673782,5.61787133890898
ENSSSCG00000006689,5.51456162161729,5.50603612685502
ENSSSCG00000006665,6.36461803404706,6.0979419449997
ENSSSCG00000006666,2.10544337267369,1.37556872975422
ENSSSCG00000006690,2.96135245902405,3.09274217814535
ENSSSCG00000006691,4.3570445831253,4.27985730165485
ENSSSCG00000006667,4.27843061287923,4.35746837872483
ENSSSCG00000047083,2.02801948508034,1.10609700495897
ENSSSCG00000037355,5.46890401323366,5.35616676511172
ENSSSCG00000006678,1.75121004166391,2.52416227528066
ENSSSCG00000006693,3.84265511981395,2.53991488424887
ENSSSCG00000041677,3.55593379830106,3.31041948340265
ENSSSCG00000006619,6.63813089194078,6.63668623356691
ENSSSCG00000006694,5.02668648798682,4.98104471890921
ENSSSCG00000006696,3.54207624329408,3.35562452275147
ENSSSCG00000006697,5.32526294361884,4.68774134494592
ENSSSCG00000006620,4.76359540736435,5.50402983493909
ENSSSCG00000006621,6.36789490806669,7.7772238351438
ENSSSCG00000006622,5.98731889941194,6.32345019333792
ENSSSCG00000006701,5.33601103486934,5.66711576542142
ENSSSCG00000006702,4.8144390928187,5.616014792389
ENSSSCG00000006703,4.90022485631319,5.086705390158
ENSSSCG00000060248,2.13035473334754,1.30357276293605
ENSSSCG00000024481,6.45490216384771,6.72201534176159
ENSSSCG00000006628,5.49910397360211,5.00960903894158
ENSSSCG00000030547,5.77269345677759,6.07108997667016
ENSSSCG00000031869,5.48105996318015,5.19264634704701
ENSSSCG00000006631,0.748463530495347,-1.95450014976733
ENSSSCG00000006632,4.87833305750333,4.43533393405449
ENSSSCG00000020965,4.1226549774172,4.22000282322818
ENSSSCG00000006635,3.31101636625581,3.47923642708306
ENSSSCG00000006636,2.74453636267091,3.16054291465792
ENSSSCG00000031881,6.22631573591839,6.04924265486518
ENSSSCG00000030278,2.95439396897898,2.70969117426895
ENSSSCG00000006639,1.36704606077518,1.66133288059543
ENSSSCG00000006640,2.11795282114626,2.2927277096796
ENSSSCG00000006641,5.37301103180343,5.48889304722516
ENSSSCG00000006642,5.58383375571635,5.72424501964516
ENSSSCG00000006643,2.00125981237482,4.83227083232856
ENSSSCG00000006644,6.55662086151219,6.42608575600252
ENSSSCG00000006645,5.35198450939884,5.5582109864856
ENSSSCG00000006646,5.93437254118486,6.02216100292006
ENSSSCG00000052889,6.19344825926914,5.62896072464036
ENSSSCG00000006648,4.93598878275298,5.20874980690826
ENSSSCG00000006649,-1.5956269400881,-1.16013180230037
ENSSSCG00000038558,4.48085313844921,4.15500228440099
ENSSSCG00000049503,0.254375037426665,-0.331304090129519
ENSSSCG00000006653,6.68722450847226,6.89886799916383
ENSSSCG00000039314,7.89777762692956,8.77554378510669
ENSSSCG00000006651,3.92326760945393,4.93264092375018
ENSSSCG00000029230,4.04289765600648,5.00819417535218
ENSSSCG00000026395,6.14078461787217,6.52388371828529
ENSSSCG00000030291,6.04495655227034,6.42396505813963
ENSSSCG00000030119,5.6860851253102,6.01654239776646
ENSSSCG00000052263,5.12911305393482,4.93710899315627
ENSSSCG00000038374,2.62692584736511,3.43358701597623
ENSSSCG00000045950,2.19081381452182,1.88748384057387
ENSSSCG00000028297,6.57997951092549,6.47042896937606
ENSSSCG00000027875,4.078535234066,3.65225776258048
ENSSSCG00000035209,6.94633365118374,7.57801257608996
ENSSSCG00000043560,2.33708688541697,1.57222259459841
ENSSSCG00000060759,0.464874497983746,-0.220998320347156
ENSSSCG00000055629,-1.5956269400881,-0.331304090129519
ENSSSCG00000062160,0.425160216794395,0.0226960489355265
ENSSSCG00000036239,1.25824180569868,-0.331304090129519
ENSSSCG00000049811,4.23602272036232,4.79829193036196
ENSSSCG00000046500,0.464874497983746,0.066857978120369
ENSSSCG00000053534,-0.753389730293386,-0.220998320347156
ENSSSCG00000062509,0.54116651967454,0.543924309209927
ENSSSCG00000055900,4.70053488516532,4.42900326765567
ENSSSCG00000059817,-0.94826101088964,-0.801432154592459
ENSSSCG00000055905,-0.94826101088964,-2.35951718500686
ENSSSCG00000006403,0.0606232623061967,-0.801432154592459
ENSSSCG00000006687,3.53276336848595,3.75368335878949
ENSSSCG00000006717,4.57912446428921,6.72158374226613
ENSSSCG00000063017,3.816031403068,5.1367687321955
ENSSSCG00000006719,2.45023357473821,7.45851983649274
ENSSSCG00000006720,1.82935696214862,2.96437876298604
ENSSSCG00000027153,3.83130506323569,3.74351563634806
ENSSSCG00000037808,5.54961341821518,4.46038240857897
ENSSSCG00000006820,0.0606232623061967,1.63223675073198
ENSSSCG00000006821,3.36972936706284,3.81646641771404
ENSSSCG00000031125,5.26044770698136,4.31002715611895
ENSSSCG00000006823,0.613625923982859,-0.220998320347156
ENSSSCG00000006824,6.87534861716708,6.54696598884983
ENSSSCG00000006788,1.324503892854,1.85006449232
ENSSSCG00000037772,7.89687053241065,7.2597259067253
ENSSSCG00000006790,8.04649366764603,6.4740207377754
ENSSSCG00000006791,16.8791377866767,10.992275354118
ENSSSCG00000006792,2.85327760027406,-0.969662564375006
ENSSSCG00000057886,3.95847170903587,2.66010204728776
ENSSSCG00000006793,2.82303593425957,3.7903636675655
ENSSSCG00000039977,1.98769151381773,2.88643165066402
ENSSSCG00000023706,-0.94826101088964,1.6898537845966
ENSSSCG00000006761,2.05429183424595,1.47724380910331
ENSSSCG00000006762,4.30328960568751,3.91941030357181
ENSSSCG00000038970,1.4485423725996,1.20821105392266
ENSSSCG00000006764,-2.19461582859326,-0.650786169073976
ENSSSCG00000030154,4.96397499597078,5.67872403126156
ENSSSCG00000006766,4.86726131285004,3.77380631834667
ENSSSCG00000006767,5.05461062250258,5.55917750572622
ENSSSCG00000034581,5.2377014163489,5.99812932246121
ENSSSCG00000006771,-1.3010534406464,-0.450747065242323
ENSSSCG00000054939,-0.0469734082326686,-2.92464516734468
ENSSSCG00000006774,6.35606316423047,3.22042040807826
ENSSSCG00000006777,8.19999231132917,6.71335872357395
ENSSSCG00000006776,7.47879231312017,6.73746755181702
ENSSSCG00000006775,7.16365497179479,6.82926430402124
ENSSSCG00000006779,4.7833632887826,5.09472654135632
ENSSSCG00000006780,5.54845864237727,6.3627299212236
ENSSSCG00000006781,4.43159525549974,4.88101140218015
ENSSSCG00000026680,1.71872620129392,4.00985062733713
ENSSSCG00000006783,5.31443417758643,5.79733312737386
ENSSSCG00000036030,4.49770361212424,4.17279251140364
ENSSSCG00000006785,6.62285159951795,6.07379777546634
ENSSSCG00000020964,7.01482557109287,5.91676397164914
ENSSSCG00000006035,1.78297855012575,2.56322591732365
ENSSSCG00000006709,7.2645016018215,7.49660426159111
ENSSSCG00000006023,7.20271618273367,5.34612220671944
ENSSSCG00000006024,5.12911305393482,4.58139314899729
ENSSSCG00000006025,8.97170219202599,7.75335345655582
ENSSSCG00000054500,-1.3010534406464,-0.580978849888471
ENSSSCG00000006730,5.4919134282056,5.49193313667365
ENSSSCG00000006731,1.59890203838796,1.0847773181148
ENSSSCG00000006732,5.9744783403736,5.80712980720902
ENSSSCG00000006733,4.04944303763635,4.34855141568573
ENSSSCG00000006734,-0.103938698558373,-1.63861791175253
ENSSSCG00000006735,7.52561074820349,5.88396833057551
ENSSSCG00000006736,1.46821691359075,1.30357276293605
ENSSSCG00000040768,-1.1736270562095,-0.969662564375006
ENSSSCG00000006031,3.47558721383388,2.27401191108018
ENSSSCG00000006032,5.83653012849561,5.45606045517299
ENSSSCG00000038444,5.10418005723564,4.60965740618034
ENSSSCG00000006029,4.38318917007144,4.51719109335176
ENSSSCG00000006033,8.09079588939031,8.36335081643111
ENSSSCG00000006742,3.47558721383388,4.86077191459508
ENSSSCG00000006743,3.1190164188074,3.62666902178693
ENSSSCG00000032417,0.299003801631898,0.747577553315015
ENSSSCG00000006748,5.25762395606539,4.12136974834769
ENSSSCG00000006750,-0.94826101088964,-2.61458503095514
ENSSSCG00000036553,6.29609183877935,4.33055042563357
ENSSSCG00000006009,5.92283325666524,5.79569386014311
ENSSSCG00000033577,3.42110749162517,3.72640854973368
ENSSSCG00000006751,2.95439396897898,2.93489537211092
ENSSSCG00000006752,8.57694048002949,8.4085614088491
ENSSSCG00000006013,3.99961314051722,2.19662193895553
ENSSSCG00000006014,6.94457898999314,7.2474861218681
ENSSSCG00000030493,3.38533583072866,3.49548449808059
ENSSSCG00000006016,8.09712799709172,7.95627636229442
ENSSSCG00000006018,4.58589420574893,4.56223791697689
ENSSSCG00000032477,5.53336183276853,5.42776464661024
ENSSSCG00000006754,-0.225096418835447,-0.220998320347156
ENSSSCG00000031031,3.56965951235715,4.4809289668584
ENSSSCG00000006755,0.613625923982859,2.13572720940697
ENSSSCG00000052540,0.384321665410682,0.0226960489355265
ENSSSCG00000055502,4.76757071188454,4.37952260415124
ENSSSCG00000059081,-2.80087696638474,-0.724143750785594
ENSSSCG00000006757,4.88566729592073,5.14709059810392
ENSSSCG00000045712,7.42695148706977,5.66172643817746
ENSSSCG00000063513,-0.357369586612393,0.306722442383792
ENSSSCG00000060539,-2.19461582859326,0.574837615712797
ENSSSCG00000006760,7.52561074820349,8.37670706902729
ENSSSCG00000063331,-1.3010534406464,-0.220998320347156
ENSSSCG00000051427,0.299003801631898,-0.118530588140316
ENSSSCG00000059649,-0.665011214899346,-0.168854921246468
ENSSSCG00000058372,2.4101085229922,3.13484139978675
ENSSSCG00000061522,2.98885557233165,4.76516964641019
ENSSSCG00000053406,0.208321522646333,0.269413319240056
ENSSSCG00000052519,-2.19461582859326,-0.969662564375006
ENSSSCG00000059653,-1.44083485948891,-0.801432154592459
ENSSSCG00000056581,-1.1736270562095,-1.26570965698543
ENSSSCG00000059061,3.73307896936176,3.99849458442712
ENSSSCG00000062136,-2.19461582859326,-0.969662564375006
ENSSSCG00000061133,1.38785577819136,2.63098083117467
ENSSSCG00000053482,2.46988522199915,2.66729142251727
ENSSSCG00000063479,4.7108942190829,4.4583115665278
ENSSSCG00000006088,7.85614966303314,6.51245212259697
ENSSSCG00000006082,5.05461062250258,5.89778756862686
ENSSSCG00000006037,5.93083181235795,6.77080740390206
ENSSSCG00000006083,8.61273763014871,8.35544422806251
ENSSSCG00000006084,6.9295775721577,7.084185395291
ENSSSCG00000006087,6.58843173961554,4.67709633776791
ENSSSCG00000006066,5.26888594926454,5.67516219511283
ENSSSCG00000027587,6.5771510613074,6.85349735550115
ENSSSCG00000021180,4.52848458975949,4.33732714495905
ENSSSCG00000053859,0.901016344624057,0.774458752770575
ENSSSCG00000006069,6.26268220795998,6.19565097316053
ENSSSCG00000060790,7.00138485157313,6.75486665198032
ENSSSCG00000006071,4.60379306832259,5.15861510362541
ENSSSCG00000006073,5.5204630478028,5.14580439623947
ENSSSCG00000006074,5.09155008803588,5.29945736955974
ENSSSCG00000031917,0.111554715953384,0.852221766628148
ENSSSCG00000031267,4.23602272036232,4.53694972374157
ENSSSCG00000006078,3.27236981988504,2.47584537890216
ENSSSCG00000006079,6.1027417592404,5.75493871736249
ENSSSCG00000050707,1.16487493893756,0.926006765743826
ENSSSCG00000006081,9.01874098931058,8.71015207696767
ENSSSCG00000006038,4.82210456874677,4.89025779122449
ENSSSCG00000006039,4.29505077699978,4.4809289668584
ENSSSCG00000027480,5.69863193198315,6.2730916742871
ENSSSCG00000022479,6.28781168446839,6.90724212826867
ENSSSCG00000036139,4.59263232899805,4.84659175376207
ENSSSCG00000006059,5.49790803539442,5.31670546566593
ENSSSCG00000006060,6.57545132597644,6.67196203069234
ENSSSCG00000056174,5.55652272965553,5.41287130926318
ENSSSCG00000006062,9.01581946084541,8.67514035860324
ENSSSCG00000006063,9.41270465039333,9.2786624950284
ENSSSCG00000006064,0.503524755598007,-0.580978849888471
ENSSSCG00000006065,4.19233040070992,4.4870363037077
ENSSSCG00000033112,5.158171980462,4.56416492569981
ENSSSCG00000062313,-0.581735609749139,-1.16013180230037
ENSSSCG00000057171,0.841916534859911,0.774458752770575
ENSSSCG00000057022,-0.847537601777033,0.378565244869403
ENSSSCG00000062937,1.87429076377796,0.6051024001257
ENSSSCG00000018501,-0.357369586612393,-0.580978849888471
ENSSSCG00000006312,2.72831056127704,3.9492085934676
ENSSSCG00000006298,-0.753389730293386,-1.63861791175253
ENSSSCG00000006396,6.32605218885138,5.79323146157889
ENSSSCG00000006395,7.99550112611084,8.32905487979789
ENSSSCG00000037821,7.8950546305707,5.21489589643943
ENSSSCG00000047766,4.37017609996627,2.45106624968918
ENSSSCG00000006299,-0.94826101088964,-1.63861791175253
ENSSSCG00000031617,6.16509819760671,6.65488410733065
ENSSSCG00000006301,5.26607868213499,4.98680300636501
ENSSSCG00000023957,1.50677891522418,1.50960316311779
ENSSSCG00000030318,7.00896065808497,6.75233351189064
ENSSSCG00000006352,1.76718173794872,1.28499803379961
ENSSSCG00000006318,4.51908327577939,5.21734701963865
ENSSSCG00000006319,5.29390852806894,5.70166405702209
ENSSSCG00000035124,6.87672948217636,5.36393113507092
ENSSSCG00000031579,2.30462385924679,1.49351421091838
ENSSSCG00000006333,2.13035473334754,2.38282924537441
ENSSSCG00000006383,4.94654733494036,5.43935964104764
ENSSSCG00000006374,-1.05654789507939,-0.331304090129519
ENSSSCG00000006375,-1.76904577456744,0.191769503652254
ENSSSCG00000006378,-0.503005667143942,0.634745314624147
ENSSSCG00000006379,0.54116651967454,1.24711535386201
ENSSSCG00000006328,-0.428350711608159,-1.37962819886108
ENSSSCG00000006380,-1.76904577456744,-1.26570965698543
ENSSSCG00000006329,0.160749279997622,-1.63861791175253
ENSSSCG00000006381,-1.05654789507939,0.413188112875905
ENSSSCG00000006382,-0.428350711608159,-0.724143750785594
ENSSSCG00000039867,3.28351773124027,3.74011040864293
ENSSSCG00000006281,-0.103938698558373,0.109708133942356
ENSSSCG00000006282,6.25703793443265,5.71299871734008
ENSSSCG00000037314,6.74633162674377,7.0734017900844
ENSSSCG00000006324,6.49081422377828,6.46476663274069
ENSSSCG00000006325,6.96029463902419,5.98092149366108
ENSSSCG00000006353,-0.665011214899346,-0.724143750785594
ENSSSCG00000006335,6.39897989543118,3.47104325081593
ENSSSCG00000006336,5.8976614270776,6.83046565867031
ENSSSCG00000006337,3.50445851965302,3.47104325081593
ENSSSCG00000006321,-0.0469734082326686,1.4102627264044
ENSSSCG00000006338,4.06567773954214,3.76042224664028
ENSSSCG00000006340,7.0210830609357,7.09588839769726
ENSSSCG00000006354,2.64432583421443,2.28340015971318
ENSSSCG00000006283,4.8654077329908,4.91311777305348
ENSSSCG00000006346,6.78949174480889,6.68042577575274
ENSSSCG00000006284,2.93331482807627,3.07663276352414
ENSSSCG00000006357,2.02801948508034,2.4593733377272
ENSSSCG00000006285,3.5139553058738,2.9526576108983
ENSSSCG00000006358,6.59067732910345,6.3532884235665
ENSSSCG00000006350,1.16487493893756,1.16822850108867
ENSSSCG00000006347,2.08009429229325,2.01693833045353
ENSSSCG00000039073,1.03896948409484,1.92395712532492
ENSSSCG00000006359,2.10544337267369,1.55682069776002
ENSSSCG00000036618,3.55132938706797,3.77380631834667
ENSSSCG00000047932,1.23546043280176,1.06313784412392
ENSSSCG00000006344,5.05948279091915,4.50118700956121
ENSSSCG00000006345,2.34774757151488,2.23583578812337
ENSSSCG00000006342,6.11683352525031,6.43926995433323
ENSSSCG00000006360,6.33478633787579,5.81766833962658
ENSSSCG00000006361,6.10823825805379,6.05061784807335
ENSSSCG00000006362,5.67448723536032,5.9802000273897
ENSSSCG00000006363,6.33478633787579,5.34836038226007
ENSSSCG00000006365,5.46768276585732,5.23801512250083
ENSSSCG00000037793,5.56568397115812,4.99825108672537
ENSSSCG00000055102,4.82782706508037,4.77684914325119
ENSSSCG00000038597,4.53549558807196,4.37074132909261
ENSSSCG00000026861,4.56548892997186,5.64725569091755
ENSSSCG00000006372,2.38961959335877,2.86782964222017
ENSSSCG00000006371,5.8078631265134,5.73369312204209
ENSSSCG00000006370,5.28976812111051,5.28082923495918
ENSSSCG00000006369,7.56640082750906,7.97396008629074
ENSSSCG00000006286,0.111554715953384,-1.26570965698543
ENSSSCG00000006287,-0.753389730293386,-0.724143750785594
ENSSSCG00000006288,2.50840324662494,1.14781387260733
ENSSSCG00000006394,7.77750959486999,7.46678423957089
ENSSSCG00000006399,1.14055756446698,0.191769503652254
ENSSSCG00000006289,-0.0469734082326686,-0.51439395667637
ENSSSCG00000006290,3.33264401901423,3.93736303127276
ENSSSCG00000028804,6.10116747700821,6.08726105593196
ENSSSCG00000022396,4.61707297662944,4.74492500803624
ENSSSCG00000006294,5.07880857345122,5.10270334271501
ENSSSCG00000006296,9.18680212253606,8.76416803868284
ENSSSCG00000061621,1.65147836204809,2.17660793203872
ENSSSCG00000035937,4.8429770056715,2.89257939860165
ENSSSCG00000006302,1.30275293821975,1.04116884334027
ENSSSCG00000006303,5.8637104061168,5.56303712057341
ENSSSCG00000006304,4.73951076566186,4.33281287081241
ENSSSCG00000006305,0.160749279997622,-0.51439395667637
ENSSSCG00000006306,7.73169659845068,7.62261496304196
ENSSSCG00000006307,3.30007972835331,2.50823576496658
ENSSSCG00000006308,6.60463362304902,7.00765880236162
ENSSSCG00000006309,3.99961314051722,4.61710194951013
ENSSSCG00000006310,0.54116651967454,1.4441419554549
ENSSSCG00000006385,7.33685156244116,6.70202690245953
ENSSSCG00000006386,8.21189379528376,7.36212893903455
ENSSSCG00000023091,6.82902236579026,6.81233944506439
ENSSSCG00000006388,6.88086416476163,6.97543983324246
ENSSSCG00000032164,7.6146463396634,6.2760339443351
ENSSSCG00000006390,4.51908327577939,0.926006765743826
ENSSSCG00000054190,-0.847537601777033,-0.275097240265819
ENSSSCG00000006391,4.16546541539058,5.13806301125535
ENSSSCG00000006392,4.5331623722572,5.04867214841348
ENSSSCG00000006393,-1.3010534406464,-0.580978849888471
ENSSSCG00000057556,-0.289717603961706,0.231113683523015
ENSSSCG00000047157,2.06725074680192,2.31120381804596
ENSSSCG00000053419,2.83823600625996,3.58551807282603
ENSSSCG00000051991,-0.753389730293386,-1.95450014976733
ENSSSCG00000052849,-0.665011214899346,-0.883096611932229
ENSSSCG00000058887,-3.86672707663002,-0.801432154592459
ENSSSCG00000051878,0.111554715953384,-0.51439395667637
ENSSSCG00000056047,0.00782776903463305,-3.86672707663002
ENSSSCG00000060231,-1.76904577456744,-0.969662564375006
ENSSSCG00000055139,1.21231354325694,1.50960316311779
ENSSSCG00000042400,0.299003801631898,-0.389789821758014
ENSSSCG00000042114,1.71872620129392,2.03927655741885
ENSSSCG00000059201,6.04167738017422,5.88319670006282
ENSSSCG00000042062,1.324503892854,1.60254171360028
ENSSSCG00000062927,4.74355289810022,4.49311789541798
ENSSSCG00000006474,5.13065715129716,5.12767612052765
ENSSSCG00000006481,1.91786723757113,2.23583578812337
ENSSSCG00000006480,4.46380352541899,4.10822247590328
ENSSSCG00000006479,0.54116651967454,-0.883096611932229
ENSSSCG00000006475,3.90172529216755,2.97600545370124
ENSSSCG00000006482,6.63704486417861,6.50444594429251
ENSSSCG00000035121,2.67850861649466,-0.389789821758014
ENSSSCG00000006487,7.80629697761116,7.49937641229688
ENSSSCG00000006488,6.74683512738164,5.96496529036981
ENSSSCG00000006489,1.36704606077518,0.996201015194988
ENSSSCG00000006490,6.02184426749584,6.08457843226648
ENSSSCG00000006491,3.20946722096746,3.66667867364077
ENSSSCG00000055767,0.81143323514119,1.12710621877915
ENSSSCG00000052919,3.86137567700507,3.6702614901974
ENSSSCG00000006494,3.99283719440183,3.63769124610861
ENSSSCG00000006495,5.60953042890657,5.1367687321955
ENSSSCG00000006496,8.37955127524197,8.00319640685193
ENSSSCG00000006497,0.0606232623061967,0.109708133942356
ENSSSCG00000039186,5.13527955231673,5.00960903894158
ENSSSCG00000006500,5.4293020354725,6.05815806823981
ENSSSCG00000006501,8.90119348104758,7.95554246239585
ENSSSCG00000006502,7.21913828555944,6.88003996783951
ENSSSCG00000006503,0.160749279997622,-0.969662564375006
ENSSSCG00000006504,5.74674911757097,5.9144999385837
ENSSSCG00000023991,6.31319101849211,6.40312322656226
ENSSSCG00000006506,4.1257553539808,4.11086153274621
ENSSSCG00000006510,6.01934584726188,6.32685924880919
ENSSSCG00000006157,4.05270462609372,3.89512044445611
ENSSSCG00000006508,6.57828310667339,7.18311280022782
ENSSSCG00000006511,5.31985872057193,5.78664444388719
ENSSSCG00000006512,6.83661094908168,5.89931490023573
ENSSSCG00000026149,0.111554715953384,0.151322202724095
ENSSSCG00000006518,1.90348749886982,2.69569592357175
ENSSSCG00000006519,6.0604316369401,6.00594816870737
ENSSSCG00000006520,5.65744937570896,5.39890274647483
ENSSSCG00000006521,4.41141134471524,3.56256732561063
ENSSSCG00000006522,7.11299966226235,6.50193487448803
ENSSSCG00000006523,2.33708688541697,2.2065257784872
ENSSSCG00000006524,5.78549273707957,5.42033719635312
ENSSSCG00000006525,5.94318653088427,6.13406586996299
ENSSSCG00000006526,1.66858646664768,2.24547494246517
ENSSSCG00000006527,6.49321688488904,5.80142316494664
ENSSSCG00000054149,3.57420588393168,3.36449800938972
ENSSSCG00000006529,5.57931767086387,4.33055042563357
ENSSSCG00000006530,4.57232280648654,5.89472804603304
ENSSSCG00000006531,1.63416494499211,1.82456795126936
ENSSSCG00000036831,2.78431999506382,3.51951856546125
ENSSSCG00000006533,5.87849007808655,6.81921391951659
ENSSSCG00000006507,5.50863595612585,5.42458613479984
ENSSSCG00000006737,5.80689767984916,5.61322548531691
ENSSSCG00000006738,4.39351576950763,4.62450827490027
ENSSSCG00000006461,5.73664496094689,5.79487352751458
ENSSSCG00000006462,8.41308767858705,8.93016237768515
ENSSSCG00000006463,5.06433856075515,4.53891078454241
ENSSSCG00000006464,-1.44083485948891,-0.580978849888471
ENSSSCG00000006466,1.78297855012575,0.901828647831401
ENSSSCG00000006467,5.61615930946387,5.2331786101303
ENSSSCG00000006468,6.96419694705946,6.97362861749641
ENSSSCG00000006469,5.33333150961055,5.44773421430857
ENSSSCG00000006470,3.88718294062455,4.02951111928058
ENSSSCG00000006471,4.85610394222169,4.71748252509953
ENSSSCG00000006472,2.21430541888211,0.949786352523971
ENSSSCG00000028606,5.75378015586967,5.9931315389806
ENSSSCG00000006538,4.70675940750322,4.74662295402345
ENSSSCG00000006539,6.72502433650425,6.31603615493854
ENSSSCG00000054923,3.60118729289602,3.4251296745628
ENSSSCG00000006540,8.03231388247658,7.81675685302742
ENSSSCG00000055689,4.83352695259708,3.39945604730476
ENSSSCG00000036884,0.503524755598007,-3.32011714393106
ENSSSCG00000006499,6.227759276163,6.04924265486518
ENSSSCG00000052269,1.81406255392592,1.92395712532492
ENSSSCG00000006796,0.985360575284754,-0.580978849888471
ENSSSCG00000025704,5.14448015964065,5.65631690306686
ENSSSCG00000029918,5.20142643020371,5.29133714067386
ENSSSCG00000026922,4.41901344119094,4.33732714495905
ENSSSCG00000051454,-0.289717603961706,-0.51439395667637
ENSSSCG00000006799,3.67922986478886,4.01830938072386
ENSSSCG00000006800,2.65294775884989,2.61619678245007
ENSSSCG00000060097,-1.96619539223541,-1.06175616837389
ENSSSCG00000043070,-0.665011214899346,-0.724143750785594
ENSSSCG00000040889,5.70486465232774,5.298300131368
ENSSSCG00000006808,-0.428350711608159,0.151322202724095
ENSSSCG00000006809,3.30555841070074,3.907316492777
ENSSSCG00000006810,2.67003855032607,3.05486985244482
ENSSSCG00000006811,2.80767400923913,1.50960316311779
ENSSSCG00000006813,5.96238982209184,5.97731054895707
ENSSSCG00000056539,1.46821691359075,2.82989022463114
ENSSSCG00000006816,8.33017601262206,8.16494694971829
ENSSSCG00000037449,4.87096134337243,5.46846040399612
ENSSSCG00000006740,11.7505790591233,11.3246532258852
ENSSSCG00000063029,2.92621944634065,2.32944629797738
ENSSSCG00000022447,5.05135334506695,5.2512325304799
ENSSSCG00000028620,5.53685975992652,5.01806920477316
ENSSSCG00000006889,5.78745181734488,5.97223999440723
ENSSSCG00000037549,6.89955142313714,5.81524319431432
ENSSSCG00000006892,6.10823825805379,6.72589393788907
ENSSSCG00000006893,4.61265990889702,4.16519497479506
ENSSSCG00000006894,6.64138407860549,7.1330371274119
ENSSSCG00000052762,-0.847537601777033,0.269413319240056
ENSSSCG00000059490,2.96827754751789,2.80403140524322
ENSSSCG00000058491,0.254375037426665,0.6051024001257
ENSSSCG00000051612,-0.103938698558373,-0.969662564375006
ENSSSCG00000006890,3.02251316077076,-0.724143750785594
ENSSSCG00000052405,-1.3010534406464,0.191769503652254
ENSSSCG00000042012,-3.23753225397681,-0.331304090129519
ENSSSCG00000006192,4.64327160330782,4.39476238604068
ENSSSCG00000006193,7.86707512143563,7.24598633610698
ENSSSCG00000006194,5.13835294556186,6.01865193980011
ENSSSCG00000006197,3.85017251810914,3.35562452275147
ENSSSCG00000036964,6.52468005837196,7.199942253752
ENSSSCG00000035933,8.20879056819036,8.47728244693494
ENSSSCG00000037038,-1.1736270562095,1.12710621877915
ENSSSCG00000039679,4.429087655459,5.10402853218298
ENSSSCG00000031698,6.1027417592404,5.5859804544952
ENSSSCG00000032763,5.29114957747305,5.39132481489654
ENSSSCG00000040119,2.89020946153077,3.6229761539042
ENSSSCG00000006954,7.85871411124516,8.088347348721
ENSSSCG00000055397,5.51928469219544,5.46433891832523
ENSSSCG00000006948,2.02801948508034,0.378565244869403
ENSSSCG00000006955,3.753266499184,3.12443120470841
ENSSSCG00000006956,4.97948189710991,5.04729509840518
ENSSSCG00000006957,5.34002101449651,5.23438925913422
ENSSSCG00000006958,4.56548892997186,4.88255658823939
ENSSSCG00000006959,3.72082945328224,4.21265050656083
ENSSSCG00000039881,4.70468754926573,5.02508164166495
ENSSSCG00000034689,0.111554715953384,1.46078781820194
ENSSSCG00000032483,4.67959035376555,4.5072093651604
ENSSSCG00000038121,-0.581735609749139,-0.168854921246468
ENSSSCG00000006609,-0.0469734082326686,0.306722442383792
ENSSSCG00000006610,7.71120280488052,6.56488085433234
ENSSSCG00000006612,6.6157022588029,6.21785458717621
ENSSSCG00000057672,0.81143323514119,-2.14284221802902
ENSSSCG00000006614,4.43409850455234,2.42585407584627
ENSSSCG00000021540,2.62692584736511,2.38282924537441
ENSSSCG00000026427,5.020036803116,6.01301962515172
ENSSSCG00000026259,-0.163246077098895,-0.969662564375006
ENSSSCG00000027770,3.22110994226279,2.00563815946422
ENSSSCG00000027091,3.82750178086163,3.61556193867093
ENSSSCG00000028343,5.27168776448219,5.24883835479276
ENSSSCG00000006543,6.50754942398114,6.512951036592
ENSSSCG00000006544,6.22342431503177,6.25172831739005
ENSSSCG00000006546,2.30462385924679,0.512334077457971
ENSSSCG00000006547,3.27236981988504,2.94084044994871
ENSSSCG00000027628,3.49489880474933,3.89512044445611
ENSSSCG00000006550,5.98134085793546,5.55239823372795
ENSSSCG00000006551,0.54116651967454,0.774458752770575
ENSSSCG00000006552,4.66261300954675,4.54282492718398
ENSSSCG00000006727,4.16546541539058,5.30176906487207
ENSSSCG00000006728,3.56052356113456,3.43358701597623
ENSSSCG00000006729,5.5062588582199,5.80142316494664
ENSSSCG00000006726,7.37317819220682,6.63118180715358
ENSSSCG00000052691,-2.19461582859326,-1.16013180230037
ENSSSCG00000052385,-0.163246077098895,-0.168854921246468
ENSSSCG00000044784,5.05135334506695,5.22223680800784
ENSSSCG00000040535,4.44902746675243,4.29386028841113
ENSSSCG00000031724,6.10431432547355,5.28082923495918
ENSSSCG00000036119,2.19081381452182,-0.0699026685752995
ENSSSCG00000032063,-0.581735609749139,-3.86672707663002
ENSSSCG00000037975,3.55593379830106,3.70211263386401
ENSSSCG00000053879,-0.847537601777033,-1.78793082929158
ENSSSCG00000033726,-1.1736270562095,-0.650786169073976
ENSSSCG00000035891,-0.503005667143942,-0.0228605115491758
ENSSSCG00000055759,3.54671023363404,3.65225776258048
ENSSSCG00000036022,3.99961314051722,4.16773193517703
ENSSSCG00000031957,4.27843061287923,2.01693833045353
ENSSSCG00000006049,2.46009285868458,2.87405700009082
ENSSSCG00000006052,5.21895228815741,5.64816437743156
ENSSSCG00000059124,-0.753389730293386,0.877238412496071
ENSSSCG00000006054,5.32795748262735,5.30407706197579
ENSSSCG00000023873,7.61767760108525,7.70657667499448
ENSSSCG00000006048,5.01502934795898,4.89944529635138
ENSSSCG00000006250,4.1834308748793,4.76516964641019
ENSSSCG00000006251,4.56548892997186,4.51520026500107
ENSSSCG00000006252,5.68398334113068,5.30868200875591
ENSSSCG00000054199,-0.753389730293386,-0.969662564375006
ENSSSCG00000031813,-1.44083485948891,-1.37962819886108
ENSSSCG00000006746,4.66900294889557,5.32127034309977
ENSSSCG00000061647,5.21167570349867,2.16649583861557
ENSSSCG00000058723,5.13835294556186,5.69552369128177
ENSSSCG00000006453,4.92713057369553,4.87170536955757
ENSSSCG00000034883,4.42657568927857,4.56030833090418
ENSSSCG00000006827,3.4007752754125,3.74351563634806
ENSSSCG00000006828,4.93422148678126,4.77018672736608
ENSSSCG00000006829,1.36704606077518,1.4441419554549
ENSSSCG00000006830,5.64237438325762,5.30176906487207
ENSSSCG00000006831,7.20894207877166,7.1730463569708
ENSSSCG00000006834,-1.5956269400881,-1.06175616837389
ENSSSCG00000036975,1.75121004166391,1.81164869165001
ENSSSCG00000006835,6.86471784595712,6.00736523560826
ENSSSCG00000006836,6.75186049261038,4.79008237762343
ENSSSCG00000033292,5.46033349202391,5.45606045517299
ENSSSCG00000037816,6.21180033141284,5.70690650651115
ENSSSCG00000020842,5.78940824092163,5.15733913976995
ENSSSCG00000034360,7.30095865126828,6.77122452802696
ENSSSCG00000018682,-0.103938698558373,0.109708133942356
ENSSSCG00000012724,3.46583360755166,-0.168854921246468
ENSSSCG00000030460,4.93598878275298,4.85606066357774
ENSSSCG00000012703,7.55925214627645,7.93539862422296
ENSSSCG00000012727,6.25349901687575,6.40527476036057
ENSSSCG00000012712,1.81406255392592,2.8105396921843
ENSSSCG00000012730,4.33578233293437,3.01597647269275
ENSSSCG00000022331,4.42657568927857,2.43430718416671
ENSSSCG00000060354,6.40601018467459,6.01865193980011
ENSSSCG00000041704,-0.847537601777033,-1.63861791175253
ENSSSCG00000053571,-1.76904577456744,-0.801432154592459
ENSSSCG00000060492,-0.428350711608159,-2.35951718500686
ENSSSCG00000062625,-0.581735609749139,0.44699951176586
ENSSSCG00000053448,-1.44083485948891,-0.275097240265819
ENSSSCG00000056899,-0.753389730293386,-1.50331917830221
ENSSSCG00000062680,0.577851083508549,-1.63861791175253
ENSSSCG00000061970,-0.94826101088964,-1.63861791175253
ENSSSCG00000060015,2.21430541888211,1.32191137878578
ENSSSCG00000022372,-1.1736270562095,-0.883096611932229
ENSSSCG00000012637,5.66065933887182,5.6372221814606
ENSSSCG00000035488,4.66900294889557,5.03345182009339
ENSSSCG00000012634,2.4403064491966,3.24465403677709
ENSSSCG00000012633,6.29677971128953,6.7919284467428
ENSSSCG00000012587,1.68549407120461,-0.118530588140316
ENSSSCG00000012589,0.613625923982859,1.24711535386201
ENSSSCG00000012590,1.78297855012575,1.0847773181148
ENSSSCG00000012631,5.65208351459436,5.46537039410385
ENSSSCG00000040820,3.83509834562225,5.86220512531258
ENSSSCG00000012625,7.84537594209699,8.66249160794311
ENSSSCG00000012627,0.841916534859911,1.6898537845966
ENSSSCG00000012624,4.28953196919945,4.34182733773723
ENSSSCG00000012623,6.61404736745031,5.8931958481682
ENSSSCG00000012621,6.32335408561995,5.89549353517721
ENSSSCG00000012622,4.05920576499752,4.12920098417805
ENSSSCG00000012620,3.01584416771585,3.41234996988791
ENSSSCG00000012619,4.25879528568933,3.91337607062312
ENSSSCG00000030849,8.40704785006222,7.97196557774818
ENSSSCG00000012617,5.53219396984086,5.49294507789535
ENSSSCG00000032973,3.44612631452737,3.50354042332499
ENSSSCG00000053432,4.95702917407832,4.46451519650864
ENSSSCG00000047468,5.97705561134484,5.51004035985401
ENSSSCG00000012613,4.99821118112255,4.93114848692745
ENSSSCG00000012608,4.7026127113474,5.26076969820633
ENSSSCG00000012607,1.34593178147808,-0.389789821758014
ENSSSCG00000012638,3.28351773124027,1.79861269456251
ENSSSCG00000012639,6.227759276163,6.44398692474128
ENSSSCG00000012591,6.59011625933214,6.17625348628836
ENSSSCG00000012593,-1.1736270562095,-1.06175616837389
ENSSSCG00000012594,-0.753389730293386,-0.331304090129519
ENSSSCG00000012595,4.93598878275298,3.69509512330271
ENSSSCG00000012597,7.97049870945277,6.75949922171281
ENSSSCG00000012600,5.8506528112105,1.35790376000462
ENSSSCG00000062552,1.25824180569868,-1.06175616837389
ENSSSCG00000012618,0.464874497983746,1.24711535386201
ENSSSCG00000055276,5.51100914378015,4.41625798189372
ENSSSCG00000056185,0.780291912538719,0.6051024001257
ENSSSCG00000058720,1.97399439525949,2.19662193895553
ENSSSCG00000047289,1.21231354325694,0.413188112875905
ENSSSCG00000049849,0.0606232623061967,0.774458752770575
ENSSSCG00000049494,1.82935696214862,2.10428804524604
ENSSSCG00000012746,6.33946753088659,6.50845458718332
ENSSSCG00000052277,0.0606232623061967,0.066857978120369
ENSSSCG00000012757,8.63425988765505,8.09252584461929
ENSSSCG00000012758,5.53452875107473,4.74492500803624
ENSSSCG00000012741,4.11331366956228,4.63554695670578
ENSSSCG00000026254,1.06504496640639,2.27401191108018
ENSSSCG00000029615,5.11358049906133,4.81457220355381
ENSSSCG00000012742,4.53082537690794,5.0678140977119
ENSSSCG00000012743,5.32930286724478,5.33600722391602
ENSSSCG00000012744,4.96397499597078,4.95631230251377
ENSSSCG00000035908,4.55632644591519,3.81646641771404
ENSSSCG00000012824,1.03896948409484,1.04116884334027
ENSSSCG00000012823,4.99142863167494,5.26551474317557
ENSSSCG00000029656,-0.847537601777033,1.24711535386201
ENSSSCG00000028908,5.34667964451549,5.09472654135632
ENSSSCG00000012233,-0.163246077098895,2.28340015971318
ENSSSCG00000012234,5.21021597203009,5.62619635915995
ENSSSCG00000012822,5.48830467128222,6.49740390539644
ENSSSCG00000025708,0.682619433441756,-2.35951718500686
ENSSSCG00000012235,6.12537788682601,6.39773031223043
ENSSSCG00000012238,5.42804678572108,5.68138964933209
ENSSSCG00000025447,5.64993156957346,6.2086445741554
ENSSSCG00000024132,0.648535071030343,0.720185961482743
ENSSSCG00000021846,4.488098882623,4.67353047580368
ENSSSCG00000012258,5.54383027360242,5.34500181549893
ENSSSCG00000012262,5.37822012602561,6.2043263637356
ENSSSCG00000012219,2.14265094238106,2.62360774421201
ENSSSCG00000030800,1.56275558109478,2.43430718416671
ENSSSCG00000027777,4.87649365725498,6.077849968175
ENSSSCG00000050495,0.208321522646333,-0.883096611932229
ENSSSCG00000037269,1.42859580901325,1.70390554777238
ENSSSCG00000031868,4.20996643151759,4.91764662175102
ENSSSCG00000036246,2.21430541888211,2.99327166878598
ENSSSCG00000012731,7.37154667468668,7.04401499645568
ENSSSCG00000040446,0.299003801631898,0.926006765743826
ENSSSCG00000012739,4.14421898484408,4.07346806480206
ENSSSCG00000037995,1.81406255392592,1.91190152903124
ENSSSCG00000012251,6.852605362652,7.33275750066508
ENSSSCG00000012252,7.48060975630666,8.08533132027614
ENSSSCG00000021460,0.208321522646333,0.0226960489355265
ENSSSCG00000012253,5.47499479121428,5.12767612052765
ENSSSCG00000022309,1.54433696419247,2.31120381804596
ENSSSCG00000012257,6.56178086579905,7.35574614600286
ENSSSCG00000023215,5.37691961468825,6.36825501662319
ENSSSCG00000026984,2.50840324662494,1.49351421091838
ENSSSCG00000012241,4.60601489268144,5.60669605306234
ENSSSCG00000012817,5.15210276322738,5.40213828602634
ENSSSCG00000012223,-0.581735609749139,-1.95450014976733
ENSSSCG00000062015,2.68692924499126,2.75088032244574
ENSSSCG00000012816,2.96827754751789,4.06260374976503
ENSSSCG00000012813,4.30875613500861,4.44791253296088
ENSSSCG00000049603,-2.80087696638474,-0.389789821758014
ENSSSCG00000012812,-1.3010534406464,-1.26570965698543
ENSSSCG00000012811,5.42175410213154,5.1535044631881
ENSSSCG00000047540,-0.428350711608159,-0.0228605115491758
ENSSSCG00000024233,0.0606232623061967,0.231113683523015
ENSSSCG00000039998,3.37495030233802,3.25900119963934
ENSSSCG00000038442,5.09313489412866,4.92065797524225
ENSSSCG00000034345,-0.581735609749139,-1.63861791175253
ENSSSCG00000012753,1.03896948409484,0.191769503652254
ENSSSCG00000054901,2.59148335847871,2.16649583861557
ENSSSCG00000053830,0.715917087066103,0.231113683523015
ENSSSCG00000052859,-1.76904577456744,-0.650786169073976
ENSSSCG00000047334,-1.3010534406464,-1.26570965698543
ENSSSCG00000054215,0.208321522646333,0.852221766628148
ENSSSCG00000063391,0.384321665410682,-1.37962819886108
ENSSSCG00000062936,-0.581735609749139,-0.51439395667637
ENSSSCG00000063356,-1.76904577456744,-1.37962819886108
ENSSSCG00000012386,3.56965951235715,4.98680300636501
ENSSSCG00000021647,3.1619333712404,2.33848175918667
ENSSSCG00000012382,6.73419459246928,6.32345019333792
ENSSSCG00000032728,5.4267904428598,6.36990842755494
ENSSSCG00000012378,5.04481664425098,4.87014851127995
ENSSSCG00000012377,2.4403064491966,1.55682069776002
ENSSSCG00000012376,0.111554715953384,-1.26570965698543
ENSSSCG00000012375,4.29505077699978,4.65013503043335
ENSSSCG00000012363,2.55514818233533,2.92293121210674
ENSSSCG00000012371,5.18962311600887,5.10137693487325
ENSSSCG00000022676,4.28676462830034,3.7771330249621
ENSSSCG00000028336,7.01941704897258,6.71422672654385
ENSSSCG00000012828,3.1190164188074,2.43430718416671
ENSSSCG00000012394,5.01168136260575,4.85763279064949
ENSSSCG00000024163,6.27739421180895,6.35662777680225
ENSSSCG00000029771,2.62692584736511,2.97020382076097
ENSSSCG00000031033,1.98769151381773,1.94777024234525
ENSSSCG00000012474,4.46625155532388,4.98823899424338
ENSSSCG00000040194,0.0606232623061967,0.269413319240056
ENSSSCG00000051742,-1.76904577456744,-1.37962819886108
ENSSSCG00000012504,3.87617916405051,3.24945229500085
ENSSSCG00000023245,8.21389821466542,7.99464831351436
ENSSSCG00000022209,2.90472149051255,1.87511825059562
ENSSSCG00000012392,-0.225096418835447,-0.650786169073976
ENSSSCG00000027115,6.61625346767839,6.94100258352394
ENSSSCG00000012403,8.27102211503251,8.28109346232704
ENSSSCG00000012402,-1.44083485948891,-0.450747065242323
ENSSSCG00000012408,2.9751695535918,3.32413033988791
ENSSSCG00000024463,5.96671878711633,5.4235250727732
ENSSSCG00000035170,2.55514818233533,2.97020382076097
ENSSSCG00000012361,3.00241297879237,3.88898353817468
ENSSSCG00000023862,2.45023357473821,2.54772715445315
ENSSSCG00000027657,4.47113518848414,3.57790831911178
ENSSSCG00000012367,1.65147836204809,0.543924309209927
ENSSSCG00000012366,5.6934173501541,5.59165972688983
ENSSSCG00000012365,7.34850955457866,6.71205573913796
ENSSSCG00000023312,4.67112665475731,4.4226446992825
ENSSSCG00000021834,0.0606232623061967,-0.389789821758014
ENSSSCG00000012405,10.6421137746718,10.1962116960277
ENSSSCG00000012409,5.55307221016456,3.44199506771677
ENSSSCG00000021200,4.11643416412382,3.47923642708306
ENSSSCG00000012411,5.26888594926454,5.09205777636976
ENSSSCG00000031849,1.85946778722825,1.70390554777238
ENSSSCG00000012416,4.15032138858505,4.1369899399032
ENSSSCG00000029458,6.12692598492078,5.77504429597003
ENSSSCG00000028538,4.80286396678703,5.19015285975934
ENSSSCG00000012424,4.47842978092317,4.12398488641457
ENSSSCG00000012425,4.55632644591519,4.31918467198056
ENSSSCG00000012426,2.4403064491966,3.06579234401381
ENSSSCG00000020876,2.92621944634065,3.84210527044791
ENSSSCG00000032167,0.425160216794395,-0.650786169073976
ENSSSCG00000012415,2.49886972135825,2.44271105199964
ENSSSCG00000012427,6.98568629980551,6.84361495279965
ENSSSCG00000062125,0.425160216794395,-1.37962819886108
ENSSSCG00000059965,5.1792154011969,4.69479462931747
ENSSSCG00000060094,3.54207624329408,1.77218191355614
ENSSSCG00000062240,-0.428350711608159,-0.650786169073976
ENSSSCG00000053982,0.0606232623061967,-0.168854921246468
ENSSSCG00000057542,0.342293330875861,-0.0228605115491758
ENSSSCG00000061597,3.97575677398994,4.03229801658047
ENSSSCG00000060560,0.841916534859911,1.12710621877915
ENSSSCG00000050149,-1.96619539223541,-1.06175616837389
ENSSSCG00000043604,2.88289833635537,3.07663276352414
ENSSSCG00000058565,1.0124140211341,0.306722442383792
ENSSSCG00000056527,2.35833005876887,2.70969117426895
ENSSSCG00000047910,3.86879640775838,3.7903636675655
ENSSSCG00000057763,1.06504496640639,1.24711535386201
ENSSSCG00000019255,-0.847537601777033,-0.331304090129519
ENSSSCG00000018359,-1.96619539223541,-0.0699026685752995
ENSSSCG00000012102,1.46821691359075,3.83254401643776
ENSSSCG00000012114,6.2871195216843,5.80794320225379
ENSSSCG00000038044,3.07478353700702,3.6486298984635
ENSSSCG00000058492,6.62559193971012,6.45545278422071
ENSSSCG00000022129,3.90172529216755,4.72783472453812
ENSSSCG00000025086,-0.847537601777033,-0.969662564375006
ENSSSCG00000012832,2.8306559884474,2.32035389170899
ENSSSCG00000038963,4.20117536460575,5.40321518869213
ENSSSCG00000024809,3.7290073427632,2.13572720940697
ENSSSCG00000012110,4.15336293804548,3.83573814693226
ENSSSCG00000034487,4.22738947407285,3.92841459244657
ENSSSCG00000012271,7.22637742207551,7.3211243352278
ENSSSCG00000012111,5.65959014452056,4.88255658823939
ENSSSCG00000012278,6.78998040815927,7.0161303788523
ENSSSCG00000012112,2.24884081421465,1.24711535386201
ENSSSCG00000055891,5.95978619434875,4.88564200432846
ENSSSCG00000012108,5.55767107132632,6.03957942274209
ENSSSCG00000021328,4.30602545950621,4.41198440847349
ENSSSCG00000022647,5.04645359815518,4.69479462931747
ENSSSCG00000025264,5.15665706813262,5.18515291893786
ENSSSCG00000026271,-0.94826101088964,-0.0699026685752995
ENSSSCG00000024841,6.28504103862226,5.34947816927362
ENSSSCG00000023172,1.48762675172783,1.42730178812359
ENSSSCG00000028964,5.98305139893304,6.07717539262343
ENSSSCG00000026520,-0.163246077098895,-0.801432154592459
ENSSSCG00000021934,7.21586878549301,7.09455570649962
ENSSSCG00000028284,3.26676339384565,0.747577553315015
ENSSSCG00000030877,2.13035473334754,2.65287666577456
ENSSSCG00000021106,5.89584652108012,5.54948305114717
ENSSSCG00000012117,0.464874497983746,0.231113683523015
ENSSSCG00000012119,10.2317019183968,10.5680483462011
ENSSSCG00000012104,2.4403064491966,3.16562872641229
ENSSSCG00000012264,5.0366038977299,5.49092048515362
ENSSSCG00000036036,0.929682484613295,-0.389789821758014
ENSSSCG00000053604,-2.80087696638474,-0.883096611932229
ENSSSCG00000046611,-0.94826101088964,-1.95450014976733
ENSSSCG00000012265,4.03302356480932,2.59373270651027
ENSSSCG00000012266,4.81251634298115,5.51004035985401
ENSSSCG00000062070,2.24884081421465,3.25900119963934
ENSSSCG00000027701,4.46625155532388,5.17636110833853
ENSSSCG00000052410,-1.3010534406464,-0.450747065242323
ENSSSCG00000051231,-0.357369586612393,-0.450747065242323
ENSSSCG00000044694,1.4485423725996,2.18664964113913
ENSSSCG00000012267,5.6860851253102,6.68839851591112
ENSSSCG00000022390,2.61814651954306,4.32601486342457
ENSSSCG00000057105,4.57459359059113,5.12897857887167
ENSSSCG00000062736,-2.19461582859326,-0.450747065242323
ENSSSCG00000021591,6.7023596597553,6.05610554977489
ENSSSCG00000012318,9.1832724391765,7.63847732470155
ENSSSCG00000012283,1.16487493893756,2.4593733377272
ENSSSCG00000012284,3.76524480197547,4.0126757259433
ENSSSCG00000012286,1.75121004166391,1.77218191355614
ENSSSCG00000025981,3.32726742574501,2.44271105199964
ENSSSCG00000025599,5.29528602734721,5.00394124006963
ENSSSCG00000024793,3.44612631452737,3.01033368279559
ENSSSCG00000032768,5.29390852806894,4.56608936394891
ENSSSCG00000024958,4.64759215779573,3.71604607471925
ENSSSCG00000040599,4.00971775935811,3.63769124610861
ENSSSCG00000012324,5.6380381508413,5.62619635915995
ENSSSCG00000012325,6.89092155947921,6.9699993500844
ENSSSCG00000012448,5.07239536750443,4.4583115665278
ENSSSCG00000032946,3.86509081358966,2.16649583861557
ENSSSCG00000012452,6.59795144895441,6.10986417715195
ENSSSCG00000031731,-0.847537601777033,-1.26570965698543
ENSSSCG00000012326,4.66047672489061,4.71574991344735
ENSSSCG00000012456,4.52848458975949,2.66010204728776
ENSSSCG00000012327,5.56796522051043,5.50703822750917
ENSSSCG00000012328,7.98721503864605,8.3950922415616
ENSSSCG00000012329,4.87096134337243,5.26669856990268
ENSSSCG00000035822,5.24627335715376,5.110636281969
ENSSSCG00000012332,0.780291912538719,0.996201015194988
ENSSSCG00000012334,5.29528602734721,5.2631441715053
ENSSSCG00000012335,4.58138457622712,3.98704844379237
ENSSSCG00000012323,7.28613983747205,6.5219021102783
ENSSSCG00000023759,6.73825162623749,6.71855892507258
ENSSSCG00000036747,3.22110994226279,3.1554391108737
ENSSSCG00000032453,2.53663155909393,2.45106624968918
ENSSSCG00000012287,5.76177389241526,5.50402983493909
ENSSSCG00000012270,8.5536760627396,7.91251361892003
ENSSSCG00000038744,-0.94826101088964,-2.35951718500686
ENSSSCG00000039997,2.93331482807627,3.62666902178693
ENSSSCG00000012275,7.30882295076088,7.19466523568427
ENSSSCG00000012459,4.82972953084583,4.35078582867332
ENSSSCG00000012276,3.27795454322447,3.15031718730706
ENSSSCG00000012277,8.19594177485949,8.74359042929393
ENSSSCG00000023546,-0.847537601777033,0.151322202724095
ENSSSCG00000012336,5.58157748038342,5.50000886147393
ENSSSCG00000021601,3.89083229409153,4.00134198627368
ENSSSCG00000012290,5.85626340078602,5.64087880916913
ENSSSCG00000012462,0.957790112127212,1.20821105392266
ENSSSCG00000012291,4.81251634298115,4.66995577837267
ENSSSCG00000012463,5.30625892722141,4.76349340141369
ENSSSCG00000012295,3.67922986478886,4.26808341807603
ENSSSCG00000036515,1.96016598715194,-1.26570965698543
ENSSSCG00000012294,5.6205617021283,5.77421213392367
ENSSSCG00000012293,4.23315070803212,4.2101913842195
ENSSSCG00000012292,0.613625923982859,0.151322202724095
ENSSSCG00000012298,1.97399439525949,0.109708133942356
ENSSSCG00000025156,3.49489880474933,3.90427713280898
ENSSSCG00000030577,5.08837524352192,4.8418338910107
ENSSSCG00000012434,5.58833574791948,5.80142316494664
ENSSSCG00000012297,4.7108942190829,4.39692641543382
ENSSSCG00000012300,1.28066902659574,1.28499803379961
ENSSSCG00000022584,1.73505954565087,1.50960316311779
ENSSSCG00000012435,7.46906042461973,6.73874779636043
ENSSSCG00000032129,6.42752606910567,5.96058279509912
ENSSSCG00000012322,7.44195420570278,7.23241763776737
ENSSSCG00000012437,4.28121397068151,4.98536558775053
ENSSSCG00000033770,2.08009429229325,1.4441419554549
ENSSSCG00000012440,7.63382837533916,6.59958702914553
ENSSSCG00000025545,5.6205617021283,5.46948893831242
ENSSSCG00000026714,5.020036803116,4.76181520654838
ENSSSCG00000039203,-0.665011214899346,-0.275097240265819
ENSSSCG00000042563,0.0606232623061967,-0.724143750785594
ENSSSCG00000012446,-1.1736270562095,0.191769503652254
ENSSSCG00000012309,3.00241297879237,3.23983976676193
ENSSSCG00000012317,5.02999987195498,5.07729066509037
ENSSSCG00000023026,1.46821691359075,1.66133288059543
ENSSSCG00000059900,2.22590931707906,1.85006449232
ENSSSCG00000012306,1.65147836204809,0.574837615712797
ENSSSCG00000012307,0.54116651967454,-0.801432154592459
ENSSSCG00000012494,3.90894186476187,3.47514565515157
ENSSSCG00000026742,-0.0469734082326686,1.06313784412392
ENSSSCG00000012308,1.16487493893756,0.826763660403192
ENSSSCG00000012288,4.67112665475731,5.03345182009339
ENSSSCG00000039046,8.08920851039256,7.66789721933339
ENSSSCG00000012536,-0.289717603961706,-1.37962819886108
ENSSSCG00000032672,-0.581735609749139,-1.16013180230037
ENSSSCG00000012493,1.63416494499211,-2.92464516734468
ENSSSCG00000012549,2.30462385924679,3.45035440098084
ENSSSCG00000012551,5.24484823257263,6.06293595242378
ENSSSCG00000022993,4.87096134337243,3.55870645204166
ENSSSCG00000033276,2.02801948508034,2.365253495496
ENSSSCG00000037234,2.28256878788505,3.56641789445968
ENSSSCG00000036091,3.80446909682012,4.12136974834769
ENSSSCG00000012348,4.14421898484408,3.60810942381796
ENSSSCG00000012654,6.01934584726188,6.08926975523058
ENSSSCG00000012347,-1.05654789507939,-0.51439395667637
ENSSSCG00000012512,3.82368844563602,4.8418338910107
ENSSSCG00000012530,2.55514818233533,1.98276876816261
ENSSSCG00000037228,4.89296443773008,4.64650181774026
ENSSSCG00000012556,4.10076375502732,3.47104325081593
ENSSSCG00000012352,1.38785577819136,0.44699951176586
ENSSSCG00000028062,-0.225096418835447,-0.969662564375006
ENSSSCG00000012514,-0.581735609749139,-3.86672707663002
ENSSSCG00000031196,0.503524755598007,1.54125259769343
ENSSSCG00000012557,3.1190164188074,4.03229801658047
ENSSSCG00000035264,5.45418036845023,5.32809069071346
ENSSSCG00000053162,0.682619433441756,1.35790376000462
ENSSSCG00000012558,4.99312726076916,4.85133397712492
ENSSSCG00000055308,0.81143323514119,0.926006765743826
ENSSSCG00000012560,4.96050626508286,4.38170959683214
ENSSSCG00000059044,-0.503005667143942,0.692264219933096
ENSSSCG00000012643,0.384321665410682,1.39302001591966
ENSSSCG00000044675,0.715917087066103,1.57222259459841
ENSSSCG00000012655,3.52808428998225,3.44199506771677
ENSSSCG00000012656,4.54479089920795,5.06373357827959
ENSSSCG00000012657,5.96325665488322,5.40321518869213
ENSSSCG00000012362,4.41394983039547,3.81969630309561
ENSSSCG00000012490,2.82303593425957,0.877238412496071
ENSSSCG00000012491,2.09282450672441,1.89974434301656
ENSSSCG00000012492,4.47357081971983,-0.0699026685752995
ENSSSCG00000012658,-0.289717603961706,-1.63861791175253
ENSSSCG00000026301,5.96065459245218,5.31097898189064
ENSSSCG00000012676,2.2601713103169,2.62360774421201
ENSSSCG00000012644,1.93210506278503,1.61746563255219
ENSSSCG00000012269,6.86286099325428,6.528332409601
ENSSSCG00000048443,-0.581735609749139,-0.650786169073976
ENSSSCG00000012651,1.65147836204809,-1.06175616837389
ENSSSCG00000038423,4.44655000981704,4.54672847918218
ENSSSCG00000056417,6.03344669235965,5.68935707930839
ENSSSCG00000012273,6.3036404577207,6.68353152343056
ENSSSCG00000034821,3.57420588393168,4.05714075698815
ENSSSCG00000038569,4.26161674716101,3.6229761539042
ENSSSCG00000012508,3.39050069294677,2.53991488424887
ENSSSCG00000012652,1.66858646664768,2.2927277096796
ENSSSCG00000012172,4.89659921430897,5.19264634704701
ENSSSCG00000040281,6.14231628031102,5.45709786463962
ENSSSCG00000012653,4.7374854445382,4.17783539855516
ENSSSCG00000012510,4.59263232899805,4.14215931264521
ENSSSCG00000012280,3.09390678499242,2.46763286697893
ENSSSCG00000012517,2.5272833570641,2.15631236722569
ENSSSCG00000012540,0.00782776903463305,-0.450747065242323
ENSSSCG00000012541,1.4485423725996,1.81164869165001
ENSSSCG00000012542,3.89447243966319,4.86858997113173
ENSSSCG00000039273,-1.1736270562095,-0.51439395667637
ENSSSCG00000026529,1.70220582089016,-1.16013180230037
ENSSSCG00000012305,1.21231354325694,1.93591281567592
ENSSSCG00000012649,6.31183051743837,6.5293191474983
ENSSSCG00000012349,-0.163246077098895,-0.51439395667637
ENSSSCG00000012350,4.70675940750322,3.41662246217535
ENSSSCG00000041254,-0.665011214899346,0.949786352523971
ENSSSCG00000043490,-1.3010534406464,0.151322202724095
ENSSSCG00000053779,-1.76904577456744,-1.06175616837389
ENSSSCG00000036647,-0.753389730293386,-1.78793082929158
ENSSSCG00000060127,-1.44083485948891,-0.220998320347156
ENSSSCG00000059327,-0.163246077098895,1.57222259459841
ENSSSCG00000022635,5.27028753703853,4.58709047272221
ENSSSCG00000061141,1.75121004166391,1.79861269456251
ENSSSCG00000012523,5.68713487027327,4.83227083232856
ENSSSCG00000012650,5.62166020444114,6.02216100292006
ENSSSCG00000048190,-1.1736270562095,-0.724143750785594
ENSSSCG00000062400,2.27141351306507,2.52416227528066
ENSSSCG00000056299,-1.1736270562095,-0.969662564375006
ENSSSCG00000012525,4.20117536460575,4.09761770689552
ENSSSCG00000061079,0.748463530495347,-0.0699026685752995
ENSSSCG00000041898,-0.847537601777033,-0.650786169073976
ENSSSCG00000060434,-0.163246077098895,-1.16013180230037
ENSSSCG00000012527,4.23315070803212,1.81164869165001
ENSSSCG00000012528,5.81171846537518,5.60763064031122
ENSSSCG00000039545,5.70590082621033,5.20504954584646
ENSSSCG00000012531,0.299003801631898,0.269413319240056
ENSSSCG00000012532,3.25548475433632,3.22042040807826
ENSSSCG00000012518,4.88383722883348,4.6895079014773
ENSSSCG00000012519,3.14980110290371,4.66277970120763
ENSSSCG00000012521,4.93951689313395,6.37869475830165
ENSSSCG00000012520,5.09471796121594,6.40581214283279
ENSSSCG00000021375,-1.05654789507939,1.0847773181148
ENSSSCG00000012679,5.74473393960954,6.12495615354372
ENSSSCG00000012680,6.36396176514179,2.59373270651027
ENSSSCG00000031011,3.91253665916296,4.26097268836692
ENSSSCG00000022942,4.9324520232231,4.8113308130939
ENSSSCG00000012535,-1.3010534406464,0.634745314624147
ENSSSCG00000025028,6.52468005837196,6.72201534176159
ENSSSCG00000012642,6.67033729062963,7.12457396569852
ENSSSCG00000046055,-2.19461582859326,-0.331304090129519
ENSSSCG00000056590,1.76718173794872,1.47724380910331
ENSSSCG00000012564,2.80767400923913,2.74409661085484
ENSSSCG00000012173,9.01194977295196,9.85003653769704
ENSSSCG00000059089,-0.581735609749139,1.92395712532492
ENSSSCG00000033180,4.89659921430897,4.56608936394891
ENSSSCG00000012174,3.88718294062455,3.37770673814231
ENSSSCG00000012569,3.45107843294489,2.19662193895553
ENSSSCG00000012133,-0.665011214899346,-0.331304090129519
ENSSSCG00000034896,5.52281687559191,5.43515405377909
ENSSSCG00000012134,5.043177830867,5.5907147326928
ENSSSCG00000012685,4.52613999848738,4.56801123857266
ENSSSCG00000012571,7.31324909977392,6.78822360167593
ENSSSCG00000012121,1.58094201213036,-0.275097240265819
ENSSSCG00000030908,1.65147836204809,1.88748384057387
ENSSSCG00000012686,5.84030971539827,5.59449100120661
ENSSSCG00000012122,2.55514818233533,2.70271051943981
ENSSSCG00000012123,4.62585881992524,4.94895663282815
ENSSSCG00000025913,-0.665011214899346,-1.06175616837389
ENSSSCG00000012689,5.64345640798252,5.24403805082973
ENSSSCG00000012572,7.7456190866836,7.38846938616886
ENSSSCG00000012124,4.59710699083293,4.41625798189372
ENSSSCG00000012691,4.07533158707034,4.1601076310431
ENSSSCG00000012125,4.27843061287923,4.18286071986411
ENSSSCG00000012695,4.73342625256695,4.96216995461641
ENSSSCG00000031027,0.160749279997622,-0.650786169073976
ENSSSCG00000012126,4.55632644591519,4.91160499201842
ENSSSCG00000012581,4.57912446428921,3.96970713771346
ENSSSCG00000025854,4.88383722883348,4.66637220158118
ENSSSCG00000012576,7.92027158854146,7.86464794180614
ENSSSCG00000012561,-1.3010534406464,-0.969662564375006
ENSSSCG00000025306,4.66474613555531,3.32867182123474
ENSSSCG00000012127,5.08678519741317,4.67353047580368
ENSSSCG00000012659,4.57912446428921,4.97236396337386
ENSSSCG00000012130,-0.94826101088964,-0.389789821758014
ENSSSCG00000012131,4.25313575489798,4.52116452730636
ENSSSCG00000012132,0.87176904556138,1.47724380910331
ENSSSCG00000012663,4.31420202921624,3.7969337645547
ENSSSCG00000012669,1.14055756446698,1.67566381082393
ENSSSCG00000012160,5.19701149620623,5.6445261922841
ENSSSCG00000012479,0.111554715953384,0.066857978120369
ENSSSCG00000012667,1.68549407120461,1.26618103197673
ENSSSCG00000012548,6.47995245501399,6.6288820833124
ENSSSCG00000012583,5.5894590542868,6.2606681924146
ENSSSCG00000021205,2.4403064491966,3.12443120470841
ENSSSCG00000028695,0.299003801631898,0.191769503652254
ENSSSCG00000012487,1.75121004166391,1.61746563255219
ENSSSCG00000012489,3.60118729289602,3.15031718730706
ENSSSCG00000012481,5.67130792573559,4.71401521850457
ENSSSCG00000012482,2.94740175361121,-0.969662564375006
ENSSSCG00000012484,4.41901344119094,4.39259510574627
ENSSSCG00000012486,5.23051901992888,5.10402853218298
ENSSSCG00000057424,-2.19461582859326,-1.06175616837389
ENSSSCG00000056196,-1.76904577456744,-0.220998320347156
ENSSSCG00000052329,-1.76904577456744,-0.650786169073976
ENSSSCG00000012545,-1.76904577456744,-0.580978849888471
ENSSSCG00000012546,1.14055756446698,0.191769503652254
ENSSSCG00000012547,4.13193619012817,3.93140357668263
ENSSSCG00000042962,-1.76904577456744,-0.51439395667637
ENSSSCG00000037670,4.91821763866401,5.06917171013684
ENSSSCG00000062978,2.22590931707906,2.83628315226055
ENSSSCG00000061091,-0.581735609749139,-1.06175616837389
ENSSSCG00000052324,-0.357369586612393,-0.724143750785594
ENSSSCG00000042098,1.4485423725996,1.4102627264044
ENSSSCG00000061173,5.28700123358954,5.55724381930089
ENSSSCG00000057278,2.57343015789845,1.85006449232
ENSSSCG00000037591,3.28351773124027,3.25900119963934
ENSSSCG00000027981,-0.289717603961706,-0.801432154592459
ENSSSCG00000012534,8.48184595176877,7.78633234949065
ENSSSCG00000061932,3.81986500427452,2.94084044994871
ENSSSCG00000047186,1.81406255392592,1.06313784412392
ENSSSCG00000042268,0.682619433441756,0.6051024001257
ENSSSCG00000051107,-0.289717603961706,0.306722442383792
ENSSSCG00000054271,-2.46613199464794,-0.650786169073976
ENSSSCG00000056010,-0.289717603961706,1.47724380910331
ENSSSCG00000044160,2.35833005876887,3.750302073879
ENSSSCG00000057809,-1.5956269400881,-0.168854921246468
ENSSSCG00000059186,-1.1736270562095,-1.16013180230037
ENSSSCG00000046870,0.0606232623061967,-0.969662564375006
ENSSSCG00000041717,2.43031054195301,2.06127417365364
ENSSSCG00000030241,6.4287817718031,7.482408312056
ENSSSCG00000012566,2.60931343902336,2.95853009044781
ENSSSCG00000023334,4.66900294889557,5.00109896872219
ENSSSCG00000012161,0.682619433441756,0.343090997642991
ENSSSCG00000012175,-1.05654789507939,-0.724143750785594
ENSSSCG00000027652,4.8984131742625,5.57072551104208
ENSSSCG00000029857,7.00307180539785,7.10054314598894
ENSSSCG00000021322,6.12072360030443,6.43821964098597
ENSSSCG00000030735,-0.581735609749139,-1.63861791175253
ENSSSCG00000012181,6.48055803676624,5.50803963258408
ENSSSCG00000032223,7.17042673590405,7.3145571068779
ENSSSCG00000012182,3.26113509577104,2.09365420909009
ENSSSCG00000012163,6.59962489628233,6.55425560523364
ENSSSCG00000022240,3.44612631452737,3.8452783254781
ENSSSCG00000028148,6.50933102104047,6.15531388011493
ENSSSCG00000012201,0.0606232623061967,0.574837615712797
ENSSSCG00000012202,3.26676339384565,2.89257939860165
ENSSSCG00000012203,4.4240593417276,4.88255658823939
ENSSSCG00000052612,-0.103938698558373,0.191769503652254
ENSSSCG00000012164,4.60379306832259,3.71604607471925
ENSSSCG00000032720,0.54116651967454,-3.86672707663002
ENSSSCG00000012165,5.27588031117306,5.10402853218298
ENSSSCG00000012166,7.09294185686611,6.30858381875111
ENSSSCG00000012171,7.887311446348,6.36990842755494
ENSSSCG00000023643,6.45674993392361,5.86298806225304
ENSSSCG00000020735,-0.847537601777033,0.413188112875905
ENSSSCG00000012135,0.841916534859911,2.58616627273042
ENSSSCG00000012136,3.42614608619034,3.26848731736893
ENSSSCG00000012137,3.23839972611689,2.32944629797738
ENSSSCG00000012138,0.160749279997622,0.066857978120369
ENSSSCG00000035893,2.59148335847871,2.76435279581209
ENSSSCG00000054041,-1.3010534406464,-0.883096611932229
ENSSSCG00000012141,2.45023357473821,2.14605650303391
ENSSSCG00000030283,3.33264401901423,3.36449800938972
ENSSSCG00000036074,4.05920576499752,4.56416492569981
ENSSSCG00000012144,-0.847537601777033,-0.331304090129519
ENSSSCG00000012146,4.71707430130698,4.60029737845565
ENSSSCG00000012147,0.0606232623061967,-0.220998320347156
ENSSSCG00000012148,7.30232943863039,7.31427089595697
ENSSSCG00000040713,3.84265511981395,4.3169007366906
ENSSSCG00000012149,8.72266025272241,8.32394606581865
ENSSSCG00000012150,5.34401987924769,4.99967573043904
ENSSSCG00000012151,3.99283719440183,3.82291897360472
ENSSSCG00000012152,5.9761970324872,5.75409487359957
ENSSSCG00000012153,5.6881838519681,5.37824074553855
ENSSSCG00000012155,3.03575936923339,3.01033368279559
ENSSSCG00000012156,4.44902746675243,4.99110668916471
ENSSSCG00000030274,3.74522535331173,2.92892569430666
ENSSSCG00000012157,3.84265511981395,4.41412277758863
ENSSSCG00000029756,-0.581735609749139,-0.724143750785594
ENSSSCG00000033979,0.682619433441756,0.720185961482743
ENSSSCG00000062873,-1.44083485948891,-0.883096611932229
ENSSSCG00000051458,-1.5956269400881,-0.883096611932229
ENSSSCG00000042020,-0.753389730293386,0.231113683523015
ENSSSCG00000055725,0.503524755598007,0.6051024001257
ENSSSCG00000056011,0.54116651967454,1.14781387260733
ENSSSCG00000050474,3.32187072016948,3.02719626934888
ENSSSCG00000062351,-0.503005667143942,0.720185961482743
ENSSSCG00000055294,-1.1736270562095,-0.51439395667637
ENSSSCG00000060479,-2.19461582859326,-1.16013180230037
ENSSSCG00000053215,0.0606232623061967,-1.16013180230037
ENSSSCG00000012759,4.60379306832259,4.93710899315627
ENSSSCG00000055934,0.577851083508549,2.13572720940697
ENSSSCG00000049239,1.71872620129392,2.25505012142321
ENSSSCG00000012768,1.75121004166391,1.98276876816261
ENSSSCG00000012767,4.50248210404005,4.46451519650864
ENSSSCG00000012766,6.57318189259756,4.92965450461219
ENSSSCG00000012771,6.29402625120395,4.90705710793194
ENSSSCG00000012769,1.48762675172783,1.61746563255219
ENSSSCG00000012770,3.85017251810914,4.01549530322572
ENSSSCG00000012773,4.26724317017079,3.25900119963934
ENSSSCG00000012772,7.82977609516866,7.4284226383434
ENSSSCG00000012779,4.76160363985539,4.69830838228846
ENSSSCG00000012780,2.38961959335877,3.03277361541188
ENSSSCG00000024676,0.00782776903463305,-0.650786169073976
ENSSSCG00000012783,5.483478910398,5.67516219511283
ENSSSCG00000012784,8.19317351068214,6.85389124703812
ENSSSCG00000012785,0.342293330875861,-0.331304090129519
ENSSSCG00000012787,1.85946778722825,1.88748384057387
ENSSSCG00000012789,-0.163246077098895,-0.969662564375006
ENSSSCG00000012790,2.46988522199915,2.42585407584627
ENSSSCG00000012791,6.0861254885344,5.94513836657909
ENSSSCG00000012792,6.18232390387805,6.57255945156118
ENSSSCG00000012793,6.68196845588418,6.61686406514
ENSSSCG00000050581,2.31552623327911,2.70271051943981
ENSSSCG00000012795,5.03825019147093,5.36945164087797
ENSSSCG00000059337,1.81406255392592,1.58746179948828
ENSSSCG00000034742,4.47842978092317,4.77850995091263
ENSSSCG00000012604,8.62251041164499,8.34763392399921
ENSSSCG00000029478,6.62175400433222,6.54891349081148
ENSSSCG00000030833,0.985360575284754,0.877238412496071
ENSSSCG00000012602,6.05962128393459,5.39998206612181
ENSSSCG00000044342,1.34593178147808,1.39302001591966
ENSSSCG00000012661,-0.847537601777033,-0.168854921246468
ENSSSCG00000032739,1.7986042665823,2.26456216861488
ENSSSCG00000054586,2.14265094238106,2.95853009044781
ENSSSCG00000012660,3.28351773124027,3.16054291465792
ENSSSCG00000045404,1.91786723757113,2.32035389170899
ENSSSCG00000037777,5.98134085793546,5.96277570682986
ENSSSCG00000033299,11.9030891468892,10.6881344957582
ENSSSCG00000052976,-1.05654789507939,-1.78793082929158
ENSSSCG00000035997,10.8355332757713,10.3435546530043
ENSSSCG00000037470,0.613625923982859,0.512334077457971
ENSSSCG00000037032,5.23913361470931,4.23217402754572
ENSSSCG00000039655,5.50744789675952,5.42458613479984
ENSSSCG00000044922,2.85327760027406,2.57091330440077
ENSSSCG00000037310,7.14391163335907,6.55619329830933
ENSSSCG00000030421,8.34654609804053,7.76575672251142
ENSSSCG00000025303,6.02267611367653,5.66172643817746
ENSSSCG00000023483,5.64345640798252,6.23186339160042
ENSSSCG00000032959,3.49489880474933,3.34221111301098
ENSSSCG00000057536,5.04645359815518,4.92366305619213
ENSSSCG00000025766,5.14141980543043,5.10402853218298
ENSSSCG00000028934,5.59170304654643,5.64998003524179
ENSSSCG00000025108,6.43629312230208,5.42033719635312
ENSSSCG00000012825,6.10431432547355,5.95324892194379
ENSSSCG00000043749,5.07720794266474,5.69200314122256
ENSSSCG00000012247,7.64467610594728,7.05467703680198
ENSSSCG00000012249,6.06770440389911,5.98308373024278
ENSSSCG00000012250,5.97533794236654,6.0979419449997
ENSSSCG00000012713,4.16546541539058,4.71053955866532
ENSSSCG00000024346,-2.19461582859326,-0.801432154592459
ENSSSCG00000012400,5.84030971539827,5.19264634704701
ENSSSCG00000012399,5.55422330053498,6.14247369428556
ENSSSCG00000012397,2.01470169144954,1.55682069776002
ENSSSCG00000012396,6.94238265818089,6.79767269471219
ENSSSCG00000027465,2.39990043044213,2.70969117426895
ENSSSCG00000012698,4.95004974984416,5.17762036629604
ENSSSCG00000012699,8.38263245802296,7.45540843900465
ENSSSCG00000023062,6.03427187741068,6.23670430774705
ENSSSCG00000030172,-1.1736270562095,-0.650786169073976
ENSSSCG00000012584,4.88200483734661,4.2538267377516
ENSSSCG00000060482,3.50445851965302,3.58171821333942
ENSSSCG00000012585,1.93210506278503,2.15631236722569
ENSSSCG00000012586,5.83274061377869,6.71812629015378
ENSSSCG00000012101,-1.1736270562095,-1.37962819886108
ENSSSCG00000002429,4.06567773954214,4.40769813818823
ENSSSCG00000002430,3.64506437118292,3.72984623364515
ENSSSCG00000002431,4.00298921653194,4.0267188280262
ENSSSCG00000002432,2.7764505503789,2.89870106029881
ENSSSCG00000002433,6.33813159638188,6.01583853105993
ENSSSCG00000002434,4.24745393493565,5.04177371669394
ENSSSCG00000025768,10.3697578781946,10.2313116037514
ENSSSCG00000040166,6.7285974767532,5.64725569091755
ENSSSCG00000040638,4.488098882623,1.94777024234525
ENSSSCG00000002410,4.38059592931627,4.98104471890921
ENSSSCG00000002411,4.93775391644233,5.17762036629604
ENSSSCG00000002412,4.07533158707034,4.36190627741611
ENSSSCG00000002414,7.35016731838984,6.57447273210777
ENSSSCG00000037928,-0.665011214899346,-1.95450014976733
ENSSSCG00000027865,5.13835294556186,4.44582370107178
ENSSSCG00000002424,4.15032138858505,4.3169007366906
ENSSSCG00000002425,5.9727575983284,6.0094882295713
ENSSSCG00000002426,6.48297782499822,6.79480342964449
ENSSSCG00000002427,1.85946778722825,3.22529980834429
ENSSSCG00000002428,5.81075559610653,5.76837352071042
ENSSSCG00000052660,2.01470169144954,1.61746563255219
ENSSSCG00000021146,0.00782776903463305,0.852221766628148
ENSSSCG00000057582,-0.581735609749139,0.852221766628148
ENSSSCG00000062510,3.816031403068,4.2394277659383
ENSSSCG00000061380,-1.44083485948891,-0.450747065242323
ENSSSCG00000055313,1.0124140211341,1.4441419554549
ENSSSCG00000051310,0.0606232623061967,1.42730178812359
ENSSSCG00000045310,0.682619433441756,1.54125259769343
ENSSSCG00000001061,4.81635928352434,4.70705550523623
ENSSSCG00000001062,3.49009508734163,3.24465403677709
ENSSSCG00000038455,4.54710539925421,2.86157528753835
ENSSSCG00000001068,5.90218872836787,5.18390022149085
ENSSSCG00000001067,3.86509081358966,4.98680300636501
ENSSSCG00000001063,4.82782706508037,5.75746729126135
ENSSSCG00000001064,4.98461404471611,5.17510075027602
ENSSSCG00000001065,4.22738947407285,4.97671087018968
ENSSSCG00000054763,3.30007972835331,3.38644584675528
ENSSSCG00000038290,1.0124140211341,1.47724380910331
ENSSSCG00000021576,2.67850861649466,2.87405700009082
ENSSSCG00000046603,1.28066902659574,0.44699951176586
ENSSSCG00000001070,5.75478179851309,5.99170041506532
ENSSSCG00000026034,5.9334881733155,6.52981226348082
ENSSSCG00000020858,6.34413358368256,5.79897053409534
ENSSSCG00000001073,2.02801948508034,2.64561491550367
ENSSSCG00000001074,4.49050606634105,5.12376167547887
ENSSSCG00000001075,7.1335527174538,7.4872404682194
ENSSSCG00000001076,5.35726993945847,5.66621894113395
ENSSSCG00000024312,6.58223828480032,5.44355300427233
ENSSSCG00000001091,4.59263232899805,4.93114848692745
ENSSSCG00000001092,5.21313395949095,4.80970738278133
ENSSSCG00000036411,4.98632071152907,4.73981914690084
ENSSSCG00000038752,8.33084782811059,7.7743135699842
ENSSSCG00000001095,5.95369272746601,5.22345666992365
ENSSSCG00000001097,5.09471796121594,4.31461317996126
ENSSSCG00000001099,2.43031054195301,2.34746098418498
ENSSSCG00000001100,6.43379368157783,6.42077815486714
ENSSSCG00000001090,5.33868559265614,5.3371346193835
ENSSSCG00000001078,3.63639506216962,5.07052804621522
ENSSSCG00000040178,2.35833005876887,2.11484407452863
ENSSSCG00000001080,3.64073622851727,3.61184049341146
ENSSSCG00000049691,-0.357369586612393,-0.220998320347156
ENSSSCG00000001085,4.31691728672147,5.81605202912821
ENSSSCG00000001087,5.04808869679453,5.28434038091087
ENSSSCG00000001089,3.20361043539168,4.00418377936075
ENSSSCG00000056309,4.07533158707034,4.63003817349153
ENSSSCG00000057632,1.96016598715194,3.18077946693977
ENSSSCG00000001088,-1.96619539223541,0.0226960489355265
ENSSSCG00000001057,5.043177830867,5.41714226018337
ENSSSCG00000060939,-0.94826101088964,-1.63861791175253
ENSSSCG00000047706,-0.0469734082326686,-0.51439395667637
ENSSSCG00000042973,-0.753389730293386,-2.61458503095514
ENSSSCG00000051868,-1.1736270562095,0.066857978120369
ENSSSCG00000058123,0.111554715953384,1.20821105392266
ENSSSCG00000057138,-1.76904577456744,-1.37962819886108
ENSSSCG00000047883,1.34593178147808,0.512334077457971
ENSSSCG00000063452,-1.3010534406464,-0.883096611932229
ENSSSCG00000061649,5.68923207150384,3.96388007011859
ENSSSCG00000050667,0.54116651967454,2.01693833045353
ENSSSCG00000054652,3.1619333712404,3.51155161442838
ENSSSCG00000060833,-1.76904577456744,-0.883096611932229
ENSSSCG00000049507,2.59148335847871,1.71782176674871
ENSSSCG00000001760,1.81406255392592,1.66133288059543
ENSSSCG00000032498,4.54941619211968,4.57948903027153
ENSSSCG00000001762,4.32503253135323,3.58930795029306
ENSSSCG00000027477,5.14141980543043,6.16994018440022
ENSSSCG00000001765,3.1375659430197,1.82456795126936
ENSSSCG00000001769,8.17139679066762,7.90834790147083
ENSSSCG00000001770,5.96844674259241,5.76083184400234
ENSSSCG00000002628,5.61946236275229,6.22335250450491
ENSSSCG00000002629,6.8332958543473,6.63668623356691
ENSSSCG00000038491,2.47961156701835,1.47724380910331
ENSSSCG00000052947,4.77351320537421,6.29530387023051
ENSSSCG00000058308,2.56431812880053,4.26097268836692
ENSSSCG00000001732,4.75360895729388,5.21244060172016
ENSSSCG00000001731,3.54207624329408,3.57790831911178
ENSSSCG00000033245,-2.19461582859326,-1.16013180230037
ENSSSCG00000001734,-1.76904577456744,-0.331304090129519
ENSSSCG00000001746,2.74453636267091,3.62666902178693
ENSSSCG00000025488,3.29458016119167,3.58551807282603
ENSSSCG00000001750,7.08021268246161,7.50941229398934
ENSSSCG00000002620,8.17887886110446,7.89788067806692
ENSSSCG00000038401,6.12924502175884,4.85133397712492
ENSSSCG00000002622,4.58138457622712,4.79992824985493
ENSSSCG00000025788,6.57828310667339,6.84915743591984
ENSSSCG00000001715,5.24769707535591,5.68935707930839
ENSSSCG00000001716,4.93422148678126,2.40879780570445
ENSSSCG00000001718,5.19258301014931,5.10799681267565
ENSSSCG00000001720,5.679770564481,5.47769092133892
ENSSSCG00000021218,-0.289717603961706,-0.389789821758014
ENSSSCG00000001723,8.17626454803813,5.93698195732136
ENSSSCG00000032691,5.45294658827226,5.90616795325767
ENSSSCG00000001724,-0.357369586612393,2.22613179775697
ENSSSCG00000001727,3.60563553992072,4.73640517275129
ENSSSCG00000030197,6.60740875347993,7.0659410268086
ENSSSCG00000001729,-2.80087696638474,-0.580978849888471
ENSSSCG00000001775,0.985360575284754,-1.50331917830221
ENSSSCG00000001776,-0.94826101088964,0.231113683523015
ENSSSCG00000038708,3.94449298372399,3.98704844379237
ENSSSCG00000040010,-0.503005667143942,-1.95450014976733
ENSSSCG00000001779,7.04788953669787,6.7029017480339
ENSSSCG00000001780,3.00914420339244,3.80998487260463
ENSSSCG00000040288,4.00298921653194,4.15500228440099
ENSSSCG00000001782,5.36384961281375,4.79172802969459
ENSSSCG00000038929,6.84086205108091,4.6788759690779
ENSSSCG00000023467,4.20411167631061,4.05987483918574
ENSSSCG00000021587,7.18721837655053,6.47658082285473
ENSSSCG00000002627,5.83179167775957,5.44773421430857
ENSSSCG00000001786,6.65056180223693,6.66344833888448
ENSSSCG00000001787,0.929682484613295,1.16822850108867
ENSSSCG00000001788,2.9956502008432,3.07122273561747
ENSSSCG00000001792,5.43556195392694,5.57359812688737
ENSSSCG00000031963,6.75436662607821,6.85743143982538
ENSSSCG00000001773,6.7285974767532,4.92366305619213
ENSSSCG00000024149,6.53870490640039,5.79815206303426
ENSSSCG00000047070,0.748463530495347,-0.389789821758014
ENSSSCG00000001752,1.21231354325694,1.81164869165001
ENSSSCG00000001751,-0.753389730293386,-1.95450014976733
ENSSSCG00000036924,6.57828310667339,6.50042613202648
ENSSSCG00000001755,3.67500316435656,3.29657707260783
ENSSSCG00000001756,5.98475991421784,5.89166202131984
ENSSSCG00000021873,0.254375037426665,-0.275097240265819
ENSSSCG00000001757,5.46401280870366,5.06100680599587
ENSSSCG00000037646,7.71455291943277,8.16049573950256
ENSSSCG00000037209,4.61927445861329,4.15755721604328
ENSSSCG00000061697,1.30275293821975,-0.801432154592459
ENSSSCG00000051877,-2.46613199464794,-0.51439395667637
ENSSSCG00000055942,0.0606232623061967,0.901828647831401
ENSSSCG00000053818,-0.357369586612393,-0.275097240265819
ENSSSCG00000057483,-0.581735609749139,-0.168854921246468
ENSSSCG00000053129,-0.581735609749139,-1.06175616837389
ENSSSCG00000054574,1.03896948409484,1.06313784412392
ENSSSCG00000002623,2.60931343902336,4.66277970120763
ENSSSCG00000002140,0.111554715953384,-0.220998320347156
ENSSSCG00000024396,3.39050069294677,3.8002076268158
ENSSSCG00000058969,2.53663155909393,-1.95450014976733
ENSSSCG00000002134,0.901016344624057,-1.06175616837389
ENSSSCG00000002135,5.31985872057193,4.84975496736719
ENSSSCG00000031649,3.31101636625581,1.89974434301656
ENSSSCG00000062585,-0.581735609749139,-0.883096611932229
ENSSSCG00000059608,5.99072383426136,6.64944880674799
ENSSSCG00000001977,4.42153859749542,4.74662295402345
ENSSSCG00000022705,6.02184426749584,5.97513963596864
ENSSSCG00000059880,-1.1736270562095,0.231113683523015
ENSSSCG00000001978,2.33708688541697,4.22000282322818
ENSSSCG00000057971,1.71872620129392,2.25505012142321
ENSSSCG00000057160,-1.76904577456744,0.574837615712797
ENSSSCG00000001983,4.62366737007878,4.38170959683214
ENSSSCG00000001984,5.73563064221578,6.52635690684377
ENSSSCG00000001985,-0.163246077098895,0.720185961482743
ENSSSCG00000002270,-1.5956269400881,-0.801432154592459
ENSSSCG00000002269,6.33478633787579,6.06020767074012
ENSSSCG00000039616,4.23602272036232,5.32582082220544
ENSSSCG00000002268,3.71672305901307,3.12964569195949
ENSSSCG00000023724,4.87833305750333,5.09339277596379
ENSSSCG00000002275,5.50744789675952,5.15606204641377
ENSSSCG00000032647,-0.847537601777033,-0.724143750785594
ENSSSCG00000002276,6.87994636991977,6.85978675132656
ENSSSCG00000002277,1.14055756446698,0.413188112875905
ENSSSCG00000002254,6.74733845235905,7.05912487042747
ENSSSCG00000002257,3.26113509577104,3.56641789445968
ENSSSCG00000002267,5.79233791072823,5.22954055560272
ENSSSCG00000002266,6.05149262064212,6.99485742815736
ENSSSCG00000002265,4.23027296690235,5.16624727865955
ENSSSCG00000039271,-0.753389730293386,-1.63861791175253
ENSSSCG00000032473,5.17772243664421,4.88101140218015
ENSSSCG00000002263,4.90744891944289,4.46863617933797
ENSSSCG00000051429,1.81406255392592,1.32191137878578
ENSSSCG00000002283,4.77746131263844,4.65013503043335
ENSSSCG00000001986,5.54498875858328,5.43093617098983
ENSSSCG00000002285,4.73342625256695,4.44373184044422
ENSSSCG00000002383,5.64129154640245,4.13180197796732
ENSSSCG00000001987,4.59710699083293,5.37933562830986
ENSSSCG00000001988,3.27795454322447,3.74351563634806
ENSSSCG00000002309,2.79214674718859,2.63831642849982
ENSSSCG00000002374,6.18752594610746,6.38415916514697
ENSSSCG00000020941,-1.96619539223541,-0.168854921246468
ENSSSCG00000002375,1.91786723757113,0.6051024001257
ENSSSCG00000001989,1.0124140211341,2.6815635771672
ENSSSCG00000050616,4.92535238635861,2.8426478762261
ENSSSCG00000002377,5.37951946607831,5.44773421430857
ENSSSCG00000001990,3.88352433256059,4.04890728373521
ENSSSCG00000001991,5.17323425062811,5.38588753273133
ENSSSCG00000002287,5.52868469800461,5.8574985598892
ENSSSCG00000038172,5.08996353911278,5.01102251632131
ENSSSCG00000040060,6.11994642397527,5.83612691263263
ENSSSCG00000002138,3.68344421831341,3.64499288855733
ENSSSCG00000033278,6.26619869811956,5.742228941074
ENSSSCG00000024445,5.20142643020371,5.18139155870137
ENSSSCG00000029203,6.19123023983786,5.94587757681716
ENSSSCG00000051291,1.91786723757113,1.89974434301656
ENSSSCG00000029544,5.44552166727116,5.1801355895662
ENSSSCG00000002378,4.18640348747925,4.9430449747942
ENSSSCG00000033295,5.31307484891314,5.10799681267565
ENSSSCG00000002379,4.49290924028409,4.35078582867332
ENSSSCG00000002290,2.62692584736511,2.13572720940697
ENSSSCG00000002380,5.58157748038342,5.60482506030608
ENSSSCG00000002127,6.9784157766815,7.2540667193479
ENSSSCG00000023791,4.31420202921624,3.64134668663261
ENSSSCG00000002381,7.11104549453279,6.75444477071889
ENSSSCG00000002292,4.43909200990628,4.30312067020258
ENSSSCG00000039351,2.72831056127704,2.32035389170899
ENSSSCG00000002311,5.73765856703974,5.98236334472758
ENSSSCG00000022900,6.10666996549611,6.69368930318839
ENSSSCG00000022147,6.59011625933214,6.60193388967519
ENSSSCG00000032583,6.91082842370641,7.27304135391559
ENSSSCG00000002129,0.901016344624057,1.24711535386201
ENSSSCG00000002279,7.90681734103682,7.41433752494188
ENSSSCG00000002313,3.687646296855,4.00134198627368
ENSSSCG00000035684,9.6124041095459,8.80385166058213
ENSSSCG00000002280,7.65705098810379,6.97941652189979
ENSSSCG00000002388,-0.581735609749139,1.63223675073198
ENSSSCG00000002281,5.13835294556186,4.66816510265311
ENSSSCG00000002389,6.39062696066886,4.13180197796732
ENSSSCG00000037267,6.63975840223938,6.67686814370583
ENSSSCG00000002390,5.05298290305857,4.64285943223665
ENSSSCG00000038947,8.15156971770737,8.22540692432847
ENSSSCG00000002392,6.06770440389911,6.26600564700151
ENSSSCG00000029760,6.91934037512576,7.42921581157154
ENSSSCG00000002262,5.45418036845023,5.81847581632542
ENSSSCG00000002260,0.299003801631898,2.5785599463218
ENSSSCG00000038313,6.19566287392037,5.05553775130832
ENSSSCG00000002398,4.50724482087935,1.87511825059562
ENSSSCG00000002259,5.96671878711633,6.87228388042045
ENSSSCG00000023857,6.43941134609981,6.2742693024692
ENSSSCG00000002258,0.254375037426665,0.663791401431833
ENSSSCG00000002399,3.06835237360559,-1.16013180230037
ENSSSCG00000058514,4.79119521878023,4.96216995461641
ENSSSCG00000002329,2.82303593425957,2.49213147082896
ENSSSCG00000059583,-1.1736270562095,0.343090997642991
ENSSSCG00000058085,0.648535071030343,-0.0699026685752995
ENSSSCG00000058138,-3.86672707663002,-0.801432154592459
ENSSSCG00000054734,1.21231354325694,0.44699951176586
ENSSSCG00000002330,5.46646048381406,5.66352511844801
ENSSSCG00000046098,-1.3010534406464,-1.26570965698543
ENSSSCG00000054347,1.84449092952033,2.59373270651027
ENSSSCG00000059232,-0.94826101088964,-1.16013180230037
ENSSSCG00000052563,-0.753389730293386,-1.16013180230037
ENSSSCG00000061469,1.16487493893756,1.35790376000462
ENSSSCG00000053970,1.28066902659574,2.9526576108983
ENSSSCG00000002332,6.06366850491424,6.30340186544861
ENSSSCG00000052641,4.47600234592817,2.9526576108983
ENSSSCG00000048983,2.76853794482827,3.00466873565346
ENSSSCG00000050687,3.49968658036642,4.63003817349153
ENSSSCG00000032482,-1.5956269400881,-0.580978849888471
ENSSSCG00000030309,7.79927517037069,7.91873972844985
ENSSSCG00000029754,2.7764505503789,1.39302001591966
ENSSSCG00000021718,5.46278741211375,5.20751744075629
ENSSSCG00000002142,5.68503461596733,5.37933562830986
ENSSSCG00000002143,5.02668648798682,5.1093171509493
ENSSSCG00000002144,0.111554715953384,0.066857978120369
ENSSSCG00000002145,4.54015072985995,4.58519386362803
ENSSSCG00000002387,5.11514130148657,5.47051673988256
ENSSSCG00000002314,-0.163246077098895,0.973180333493209
ENSSSCG00000002315,5.28422902936655,4.16519497479506
ENSSSCG00000002397,4.42657568927857,4.34182733773723
ENSSSCG00000002396,5.15968530371524,5.04177371669394
ENSSSCG00000036028,5.16119704122258,5.81524319431432
ENSSSCG00000002400,6.44562764716592,6.57924486186387
ENSSSCG00000030069,4.85236556088414,4.83386908399589
ENSSSCG00000002403,5.13988719043168,5.3326197418296
ENSSSCG00000002235,5.96238982209184,6.52338857139666
ENSSSCG00000001964,0.299003801631898,0.480036609493032
ENSSSCG00000002406,7.33785451844866,6.9772487779683
ENSSSCG00000002408,1.34593178147808,1.14781387260733
ENSSSCG00000054516,6.41744090628868,6.09661115029385
ENSSSCG00000002241,-0.289717603961706,-0.724143750785594
ENSSSCG00000002316,1.58094201213036,2.02815067824639
ENSSSCG00000036960,5.53569472628634,5.22467550126405
ENSSSCG00000031498,4.02640309177669,3.90123135622859
ENSSSCG00000049361,0.384321665410682,1.04116884334027
ENSSSCG00000002243,4.76359540736435,5.38697662977849
ENSSSCG00000060458,-0.289717603961706,-1.95450014976733
ENSSSCG00000026389,6.37507793836402,6.09661115029385
ENSSSCG00000034753,5.51219427527895,5.32240930916795
ENSSSCG00000034290,3.1799425944053,3.17069667254303
ENSSSCG00000020701,2.34774757151488,-0.51439395667637
ENSSSCG00000025906,3.89810342368855,4.61895709843687
ENSSSCG00000028167,3.93037748785939,3.55483521845066
ENSSSCG00000001955,5.98561341371618,5.61787133890898
ENSSSCG00000039550,2.98202879182519,2.94084044994871
ENSSSCG00000022932,6.19934636048696,6.14053777166292
ENSSSCG00000027667,7.05359861875475,6.93431339897414
ENSSSCG00000002245,3.62329263130676,4.44582370107178
ENSSSCG00000027051,6.59235923039077,6.43401072434604
ENSSSCG00000029474,3.76921557047862,3.06034143483319
ENSSSCG00000002404,6.2612732084305,6.06225436554935
ENSSSCG00000034253,3.25548475433632,3.23500937773475
ENSSSCG00000033958,5.06272178606028,2.8426478762261
ENSSSCG00000002294,1.0124140211341,1.12710621877915
ENSSSCG00000002295,5.74271594287972,5.50101515598081
ENSSSCG00000002296,5.51219427527895,5.76586400637724
ENSSSCG00000002297,0.0606232623061967,0.231113683523015
ENSSSCG00000002298,5.02170209995882,5.70690650651115
ENSSSCG00000062223,1.93210506278503,1.95953100743037
ENSSSCG00000037105,5.40781281905039,5.05964148476002
ENSSSCG00000001958,4.49050606634105,4.45416094358552
ENSSSCG00000001959,7.21259185910617,5.80956861785233
ENSSSCG00000040912,5.92994527069867,5.83293364370357
ENSSSCG00000001960,4.53549558807196,4.74152310920379
ENSSSCG00000060304,5.6531582845983,5.18890449814066
ENSSSCG00000001963,4.59038978281825,5.1093171509493
ENSSSCG00000001975,4.16244930073107,3.92841459244657
ENSSSCG00000001946,4.66900294889557,5.03206015835713
ENSSSCG00000044591,4.02640309177669,4.10557858270465
ENSSSCG00000001947,3.89083229409153,3.97261186935421
ENSSSCG00000032377,5.42553300498319,5.78499297952149
ENSSSCG00000002512,4.44655000981704,5.37824074553855
ENSSSCG00000037558,6.8006893373886,6.98518129873922
ENSSSCG00000002520,6.4659534514274,8.52109474825412
ENSSSCG00000002515,1.65147836204809,1.71782176674871
ENSSSCG00000002516,6.38287339737077,6.13536257501292
ENSSSCG00000002517,3.72082945328224,3.78706736470701
ENSSSCG00000028877,2.71190019265781,2.63831642849982
ENSSSCG00000028304,8.26944603614317,8.72874102027416
ENSSSCG00000001952,5.62604586849209,6.35105788617592
ENSSSCG00000036702,8.70592619516898,7.51315782369093
ENSSSCG00000024517,3.87249250840552,3.43358701597623
ENSSSCG00000001966,6.08373603540375,7.0364002978893
ENSSSCG00000039701,6.77722105595694,6.91216772569993
ENSSSCG00000001968,4.40632093419752,4.35524429954774
ENSSSCG00000002305,5.0133563264685,5.27613437479064
ENSSSCG00000061987,0.648535071030343,1.93591281567592
ENSSSCG00000026663,4.38577775784526,4.34631353672184
ENSSSCG00000001970,5.88765107111877,6.0256615516609
ENSSSCG00000002306,2.31552623327911,2.39153747277534
ENSSSCG00000002307,5.84690025949764,5.39674168175052
ENSSSCG00000001971,6.92646958625642,7.09855009254383
ENSSSCG00000028600,6.45920995176325,6.08256318592194
ENSSSCG00000001972,4.04617405879646,4.36190627741611
ENSSSCG00000033093,4.51199186645499,4.24424340870323
ENSSSCG00000040657,5.63259946788818,5.54363495455221
ENSSSCG00000060202,-0.503005667143942,1.8626457560383
ENSSSCG00000022679,-2.19461582859326,0.826763660403192
ENSSSCG00000002333,1.76718173794872,0.109708133942356
ENSSSCG00000001973,5.71622183856161,5.04591673274906
ENSSSCG00000028225,5.63586513737513,6.43664273585137
ENSSSCG00000002494,3.30555841070074,4.30772866583566
ENSSSCG00000002495,5.05786056230983,5.92278408043821
ENSSSCG00000002014,4.40376897767296,4.00985062733713
ENSSSCG00000002015,5.04153715377392,4.59653629743681
ENSSSCG00000002016,4.35440387570681,4.57948903027153
ENSSSCG00000002496,4.58814374536442,4.43111657790223
ENSSSCG00000040339,4.05920576499752,3.51951856546125
ENSSSCG00000036589,-2.46613199464794,0.634745314624147
ENSSSCG00000002020,3.94449298372399,3.94329796990743
ENSSSCG00000033807,4.04289765600648,3.45451597397753
ENSSSCG00000027030,3.32726742574501,4.40555021810072
ENSSSCG00000002501,-0.847537601777033,0.413188112875905
ENSSSCG00000002502,6.17111310364225,6.47913637306875
ENSSSCG00000053614,3.83888168046947,3.01033368279559
ENSSSCG00000032134,4.7026127113474,4.57376154876739
ENSSSCG00000002504,8.04198769283919,8.0065660844639
ENSSSCG00000040355,-0.163246077098895,-0.51439395667637
ENSSSCG00000002505,7.44784994743908,7.57610398737966
ENSSSCG00000001840,6.36067593517081,6.44816687920073
ENSSSCG00000002506,1.98769151381773,2.27401191108018
ENSSSCG00000001844,-1.76904577456744,-0.389789821758014
ENSSSCG00000002029,1.94620374824525,-0.118530588140316
ENSSSCG00000027052,4.45889496847324,4.9504307700918
ENSSSCG00000001846,5.13219959779931,5.54753631840527
ENSSSCG00000001847,2.36883548604693,2.03927655741885
ENSSSCG00000001841,-2.19461582859326,1.64685816540168
ENSSSCG00000001867,0.81143323514119,0.973180333493209
ENSSSCG00000022794,3.38015241180071,2.53206007975693
ENSSSCG00000001868,7.76836345285041,7.63641818493919
ENSSSCG00000002510,1.03896948409484,0.231113683523015
ENSSSCG00000002028,1.70220582089016,-0.51439395667637
ENSSSCG00000057348,0.384321665410682,-0.118530588140316
ENSSSCG00000002026,3.61449109850641,2.28340015971318
ENSSSCG00000001869,3.85391657911372,5.25958099442847
ENSSSCG00000001871,6.24425699733684,6.24633768027437
ENSSSCG00000001872,3.04233714300071,3.09807225595263
ENSSSCG00000002025,6.7285974767532,5.19886127556882
ENSSSCG00000054284,7.78218382597919,7.35240474909928
ENSSSCG00000001903,5.09155008803588,4.72955289209655
ENSSSCG00000057418,4.90744891944289,5.58313241241232
ENSSSCG00000001904,5.20729207069964,5.07323689891612
ENSSSCG00000001905,3.5374273204274,2.91086700396588
ENSSSCG00000001907,5.0100044518553,4.83546556704139
ENSSSCG00000023165,3.32726742574501,4.32146499727924
ENSSSCG00000025273,4.3909410410296,6.52536814013179
ENSSSCG00000001908,5.42553300498319,5.48177449270833
ENSSSCG00000002443,4.90744891944289,7.85444825288632
ENSSSCG00000001909,3.05540339708637,3.55870645204166
ENSSSCG00000001974,3.91253665916296,4.10292983539149
ENSSSCG00000001910,5.6860851253102,5.76920905637872
ENSSSCG00000001912,6.93179346993226,6.43716856243065
ENSSSCG00000001931,5.39373550069025,3.50354042332499
ENSSSCG00000002444,5.6150566090392,6.87461508802772
ENSSSCG00000001934,5.63586513737513,4.73126901584918
ENSSSCG00000001913,5.24342169883128,4.91160499201842
ENSSSCG00000001914,3.60563553992072,3.22042040807826
ENSSSCG00000001915,-2.19461582859326,-0.801432154592459
ENSSSCG00000001938,-0.94826101088964,-1.63861791175253
ENSSSCG00000001916,2.7764505503789,1.4441419554549
ENSSSCG00000001917,6.2255934237898,5.24283547503455
ENSSSCG00000002445,5.909402988944,5.91751786047749
ENSSSCG00000001918,7.7946560755257,7.12555302191809
ENSSSCG00000037634,2.87554997189764,1.12710621877915
ENSSSCG00000039714,3.56509876847735,3.60061821160102
ENSSSCG00000053210,0.841916534859911,1.67566381082393
ENSSSCG00000054710,0.111554715953384,0.663791401431833
ENSSSCG00000001920,-0.581735609749139,-2.14284221802902
ENSSSCG00000049161,1.68549407120461,2.18664964113913
ENSSSCG00000031719,6.1507114797489,6.12626106866624
ENSSSCG00000061372,0.577851083508549,0.720185961482743
ENSSSCG00000053805,-1.3010534406464,-0.275097240265819
ENSSSCG00000001858,6.9818417639404,6.72589393788907
ENSSSCG00000039317,2.28256878788505,1.18835828160125
ENSSSCG00000054611,-0.163246077098895,-1.78793082929158
ENSSSCG00000055189,0.613625923982859,-0.969662564375006
ENSSSCG00000048500,1.42859580901325,2.06127417365364
ENSSSCG00000057947,3.87617916405051,3.71950850973016
ENSSSCG00000057066,1.68549407120461,1.74525785846237
ENSSSCG00000054135,0.929682484613295,1.63223675073198
ENSSSCG00000031810,3.90533809075458,3.6774005403821
ENSSSCG00000001942,0.682619433441756,0.826763660403192
ENSSSCG00000055255,5.14600790573764,5.09205777636976
ENSSSCG00000033954,6.15147226279812,5.96569441369661
ENSSSCG00000023760,4.7374854445382,4.39908720366374
ENSSSCG00000027457,6.23782381627107,5.9787560115664
ENSSSCG00000056849,-1.44083485948891,-1.37962819886108
ENSSSCG00000063116,-1.76904577456744,-1.37962819886108
ENSSSCG00000061790,4.25596829550492,4.26808341807603
ENSSSCG00000063425,-2.46613199464794,-0.389789821758014
ENSSSCG00000052301,3.5139553058738,2.98753919341803
ENSSSCG00000058811,0.342293330875861,2.09365420909009
ENSSSCG00000001863,1.87429076377796,0.877238412496071
ENSSSCG00000001862,5.78451219843204,5.54363495455221
ENSSSCG00000033721,1.25824180569868,2.07214846811371
ENSSSCG00000002446,5.16421577226835,5.65812233611008
ENSSSCG00000055013,0.54116651967454,0.413188112875905
ENSSSCG00000054619,-1.1736270562095,0.0226960489355265
ENSSSCG00000062459,-1.3010534406464,-0.389789821758014
ENSSSCG00000058517,-0.753389730293386,-2.92464516734468
ENSSSCG00000033348,-0.581735609749139,-3.86672707663002
ENSSSCG00000001865,3.68344421831341,4.39908720366374
ENSSSCG00000001950,3.58325587051105,4.4583115665278
ENSSSCG00000043140,-0.428350711608159,-3.86672707663002
ENSSSCG00000001866,6.81228185424255,6.39340141898128
ENSSSCG00000001819,7.05359861875475,7.41380330926981
ENSSSCG00000001821,6.96895214473279,6.37045914371049
ENSSSCG00000001820,4.88566729592073,4.748318904002
ENSSSCG00000002449,4.59263232899805,3.55483521845066
ENSSSCG00000002447,5.65852015719198,5.48482960374213
ENSSSCG00000002450,1.75121004166391,0.343090997642991
ENSSSCG00000002451,4.44158229611923,3.43779716712177
ENSSSCG00000002452,7.3495044414351,7.31054497773128
ENSSSCG00000002455,5.83084211716475,5.4756447929788
ENSSSCG00000040548,0.254375037426665,-3.86672707663002
ENSSSCG00000002456,2.95439396897898,4.39476238604068
ENSSSCG00000002457,6.26900573195283,5.99456124465704
ENSSSCG00000002458,3.78890711607449,3.51155161442838
ENSSSCG00000051892,5.38599867064967,5.2737812029424
ENSSSCG00000002460,4.90564629207936,4.92516325261937
ENSSSCG00000002461,6.03592083290624,6.43664273585137
ENSSSCG00000045052,0.254375037426665,-0.883096611932229
ENSSSCG00000057340,0.81143323514119,0.692264219933096
ENSSSCG00000047048,2.85327760027406,3.68095686141744
ENSSSCG00000002131,2.76058170235838,0.543924309209927
ENSSSCG00000042615,3.47071865330916,2.93489537211092
ENSSSCG00000057191,-0.163246077098895,0.066857978120369
ENSSSCG00000062191,5.34667964451549,5.96715155580607
ENSSSCG00000048556,5.35330768335951,5.39457737503283
ENSSSCG00000044904,-1.3010534406464,-0.724143750785594
ENSSSCG00000051274,4.05270462609372,3.26848731736893
ENSSSCG00000024310,1.81406255392592,-0.801432154592459
ENSSSCG00000001033,4.71295718940714,4.75845294902904
ENSSSCG00000001021,4.41141134471524,5.01102251632131
ENSSSCG00000000994,6.52585401720432,5.72854728359712
ENSSSCG00000038404,6.31794269397149,5.88628074894388
ENSSSCG00000020758,5.62604586849209,5.67248503521411
ENSSSCG00000001009,6.38998241959954,6.63668623356691
ENSSSCG00000001008,5.79915075930658,5.54948305114717
ENSSSCG00000062050,4.17447610978098,3.37770673814231
ENSSSCG00000001826,7.49596627627422,8.01433946277687
ENSSSCG00000042047,-0.94826101088964,-1.95450014976733
ENSSSCG00000030131,4.45889496847324,4.20526052872888
ENSSSCG00000053980,1.03896948409484,1.32191137878578
ENSSSCG00000038630,5.00496199288669,4.54282492718398
ENSSSCG00000052348,2.7764505503789,3.01033368279559
ENSSSCG00000001804,4.35968046582564,3.8452783254781
ENSSSCG00000001805,4.488098882623,4.89485885736647
ENSSSCG00000021463,-1.05654789507939,-2.35951718500686
ENSSSCG00000044313,0.384321665410682,-0.118530588140316
ENSSSCG00000029550,-1.3010534406464,-1.37962819886108
ENSSSCG00000001806,-0.225096418835447,-0.650786169073976
ENSSSCG00000033655,3.39564713084774,2.69569592357175
ENSSSCG00000001807,1.16487493893756,1.39302001591966
ENSSSCG00000036988,4.10076375502732,4.1601076310431
ENSSSCG00000001004,5.14905855304734,5.15988993997633
ENSSSCG00000031538,7.9923197989654,7.99268222146179
ENSSSCG00000035598,3.22110994226279,3.36006808825397
ENSSSCG00000000999,3.96886757930672,3.97551076433885
ENSSSCG00000000998,4.3570445831253,3.81646641771404
ENSSSCG00000002023,5.88490887604417,5.53285148394664
ENSSSCG00000031269,4.67536471088308,4.1187498612742
ENSSSCG00000038717,3.88718294062455,3.68095686141744
ENSSSCG00000037420,1.85946778722825,2.13572720940697
ENSSSCG00000001049,5.15968530371524,5.43304665381633
ENSSSCG00000001052,4.57232280648654,4.52314714798053
ENSSSCG00000001053,4.91104743113559,4.44163694228231
ENSSSCG00000025582,6.00510581956953,5.78168436861433
ENSSSCG00000035867,2.08009429229325,2.13572720940697
ENSSSCG00000001002,6.29195770196983,6.74087901586136
ENSSSCG00000031129,4.72731596954052,4.90857466280008
ENSSSCG00000030597,4.90022485631319,3.39079562950206
ENSSSCG00000001573,5.12447082125399,3.65587652678976
ENSSSCG00000001680,6.20008193058285,6.13471436817397
ENSSSCG00000001834,8.79418980124907,6.01442976659412
ENSSSCG00000001682,-0.289717603961706,-2.92464516734468
ENSSSCG00000001000,3.76524480197547,4.30081114134785
ENSSSCG00000040816,6.01684309282442,6.1078839678238
ENSSSCG00000001056,6.02848564573394,5.45086218858315
ENSSSCG00000031489,5.56910449390865,5.31556198587618
ENSSSCG00000001835,4.77943132197348,3.9492085934676
ENSSSCG00000001837,5.74473393960954,5.58692855381272
ENSSSCG00000033381,5.42553300498319,5.74562917790958
ENSSSCG00000000985,7.64007578287987,7.62400124332185
ENSSSCG00000001836,-1.76904577456744,2.66010204728776
ENSSSCG00000041494,-1.44083485948891,-0.331304090129519
ENSSSCG00000001838,5.57478740485606,5.78168436861433
ENSSSCG00000001022,7.85894701702215,7.57251856377137
ENSSSCG00000001849,10.0318239682503,5.80305593881932
ENSSSCG00000001597,0.81143323514119,0.6051024001257
ENSSSCG00000038886,3.22689625712143,3.40806478716832
ENSSSCG00000001024,4.81059102718122,5.30638137268466
ENSSSCG00000001589,0.0606232623061967,-0.580978849888471
ENSSSCG00000001025,7.53904531231692,8.41404762418524
ENSSSCG00000056995,2.46009285868458,2.45106624968918
ENSSSCG00000025423,-0.357369586612393,1.79861269456251
ENSSSCG00000046358,5.16119704122258,5.41073108303408
ENSSSCG00000001027,1.66858646664768,1.99424877862076
ENSSSCG00000034131,8.38764556655288,7.36268263228337
ENSSSCG00000001672,-0.753389730293386,-2.14284221802902
ENSSSCG00000001667,4.79119521878023,5.09872045509257
ENSSSCG00000040593,4.86911251427859,4.88872083587974
ENSSSCG00000037416,6.27530166001273,7.25704800601765
ENSSSCG00000030174,5.56910449390865,5.4622737517224
ENSSSCG00000036257,3.50921472702623,3.82291897360472
ENSSSCG00000001850,5.97791367954761,5.56014337789033
ENSSSCG00000021361,4.64974759254066,4.91764662175102
ENSSSCG00000001852,7.75190334606266,7.17273064603788
ENSSSCG00000001873,4.71501721401504,2.44271105199964
ENSSSCG00000001875,5.82131197774649,6.23004385204565
ENSSSCG00000001877,4.23027296690235,3.97261186935421
ENSSSCG00000001878,5.34002101449651,5.40321518869213
ENSSSCG00000001880,6.68932157949725,7.15430018313908
ENSSSCG00000001881,6.91486666154557,7.00127231391541
ENSSSCG00000001882,4.20411167631061,3.09807225595263
ENSSSCG00000001884,4.56091496174106,4.17279251140364
ENSSSCG00000041453,-0.225096418835447,-1.06175616837389
ENSSSCG00000032355,0.299003801631898,-0.51439395667637
ENSSSCG00000028777,3.24411724595056,3.83254401643776
ENSSSCG00000001010,6.62832708460493,6.81557857270283
ENSSSCG00000001011,5.89856802461393,5.55627600330275
ENSSSCG00000031615,4.77548860956428,4.33281287081241
ENSSSCG00000052423,1.18878921645065,1.64685816540168
ENSSSCG00000059227,-1.05654789507939,1.37556872975422
ENSSSCG00000000991,-0.0469734082326686,0.6051024001257
ENSSSCG00000039756,-0.0469734082326686,0.6051024001257
ENSSSCG00000000997,-0.289717603961706,-1.95450014976733
ENSSSCG00000026323,-2.19461582859326,-0.450747065242323
ENSSSCG00000057567,4.94829960523877,4.49513940894941
ENSSSCG00000062092,-0.94826101088964,0.6051024001257
ENSSSCG00000001885,5.72952970812146,5.79487352751458
ENSSSCG00000062502,0.160749279997622,0.413188112875905
ENSSSCG00000041566,2.58248499665162,0.066857978120369
ENSSSCG00000062130,0.464874497983746,1.32191137878578
ENSSSCG00000027478,2.89748372295634,2.19662193895553
ENSSSCG00000057323,0.54116651967454,0.949786352523971
ENSSSCG00000062087,0.682619433441756,1.28499803379961
ENSSSCG00000062690,0.342293330875861,0.306722442383792
ENSSSCG00000043207,1.09065751143433,0.826763660403192
ENSSSCG00000056029,-0.503005667143942,-0.275097240265819
ENSSSCG00000059998,3.1799425944053,3.34221111301098
ENSSSCG00000001887,4.4240593417276,3.92541940275633
ENSSSCG00000050204,1.11582327058225,0.44699951176586
ENSSSCG00000057939,-0.94826101088964,-0.331304090129519
ENSSSCG00000024316,5.94318653088427,5.55433842138012
ENSSSCG00000001572,2.62692584736511,3.40806478716832
ENSSSCG00000029776,4.84485961087126,5.2331786101303
ENSSSCG00000024990,4.078535234066,3.18579456145464
ENSSSCG00000001688,5.44552166727116,5.1172139052465
ENSSSCG00000001676,3.9409770362239,3.73669712447758
ENSSSCG00000033627,4.32772750033815,3.93438638112435
ENSSSCG00000028007,5.27308663423354,5.32922428713156
ENSSSCG00000001892,7.46722836442649,6.98877262168848
ENSSSCG00000001679,6.28157023195148,6.35049971256561
ENSSSCG00000001898,5.95630736534816,5.59731673005753
ENSSSCG00000001683,3.54207624329408,4.28454008180057
ENSSSCG00000001689,4.74959494097784,4.52907871456189
ENSSSCG00000016346,2.53663155909393,2.05031729144738
ENSSSCG00000001895,-1.1736270562095,-1.06175616837389
ENSSSCG00000001691,5.11201800622837,4.46657715934426
ENSSSCG00000001899,3.72082945328224,0.663791401431833
ENSSSCG00000001692,4.98119464230876,5.1801355895662
ENSSSCG00000001900,5.78254911957778,5.18890449814066
ENSSSCG00000001793,3.03575936923339,4.74492500803624
ENSSSCG00000001795,1.75121004166391,0.6051024001257
ENSSSCG00000035432,4.74959494097784,4.63187677274518
ENSSSCG00000001577,5.29390852806894,5.77171276390236
ENSSSCG00000001578,4.87833305750333,4.83706028537503
ENSSSCG00000001800,3.45107843294489,3.17069667254303
ENSSSCG00000059332,5.81939837201624,5.45398339562082
ENSSSCG00000001801,4.32233251871581,4.43743799797972
ENSSSCG00000036178,3.74118791059028,3.03277361541188
ENSSSCG00000001848,2.17892299365621,1.92395712532492
ENSSSCG00000001582,4.52379159070698,1.73160503149834
ENSSSCG00000027358,9.44579790271943,8.98765016750345
ENSSSCG00000001810,4.07533158707034,3.81322928508241
ENSSSCG00000039952,6.29333706428501,6.07919817376054
ENSSSCG00000037507,5.16722820003293,5.24042731199528
ENSSSCG00000002632,-2.80087696638474,-0.724143750785594
ENSSSCG00000027778,4.86911251427859,4.57758239510248
ENSSSCG00000041322,4.67747907943328,2.64561491550367
ENSSSCG00000034070,5.64453762179445,5.97369054367867
ENSSSCG00000062622,-0.225096418835447,-0.650786169073976
ENSSSCG00000029183,6.19713739729944,5.77753790597926
ENSSSCG00000036907,0.00782776903463305,-0.220998320347156
ENSSSCG00000022451,5.7325834001545,5.58218181426737
ENSSSCG00000036356,0.0606232623061967,0.926006765743826
ENSSSCG00000001814,7.90771820495537,8.73045810946684
ENSSSCG00000034090,5.77664380494981,5.50101515598081
ENSSSCG00000001816,0.682619433441756,1.30357276293605
ENSSSCG00000001486,5.11514130148657,5.9280311471909
ENSSSCG00000001817,5.92994527069867,6.48015732698732
ENSSSCG00000001488,5.0032772491149,5.43304665381633
ENSSSCG00000001818,4.70675940750322,5.36171700432071
ENSSSCG00000001808,1.40836959521317,0.378565244869403
ENSSSCG00000001921,7.14925378261805,7.12750914335794
ENSSSCG00000001925,5.13681706735067,5.09739037865024
ENSSSCG00000001924,6.59179881446334,6.94359558005639
ENSSSCG00000054126,5.29114957747305,5.44773421430857
ENSSSCG00000001926,-1.1736270562095,-0.650786169073976
ENSSSCG00000001927,7.76637826170578,6.86017892967283
ENSSSCG00000001930,9.01121650079498,8.42190598870348
ENSSSCG00000036011,0.384321665410682,0.151322202724095
ENSSSCG00000059314,2.24884081421465,1.93591281567592
ENSSSCG00000041719,-0.357369586612393,0.6051024001257
ENSSSCG00000050527,0.81143323514119,2.89870106029881
ENSSSCG00000042572,4.793146575977,4.14987880700026
ENSSSCG00000001888,0.901016344624057,-0.331304090129519
ENSSSCG00000055760,3.33264401901423,3.60061821160102
ENSSSCG00000047853,1.56275558109478,1.67566381082393
ENSSSCG00000042472,-1.5956269400881,-0.275097240265819
ENSSSCG00000054324,-0.94826101088964,-0.724143750785594
ENSSSCG00000061371,0.254375037426665,0.44699951176586
ENSSSCG00000061785,-0.753389730293386,-0.580978849888471
ENSSSCG00000056123,2.92621944634065,3.02719626934888
ENSSSCG00000061219,0.81143323514119,-0.0699026685752995
ENSSSCG00000042487,0.957790112127212,0.877238412496071
ENSSSCG00000062336,-0.503005667143942,-1.95450014976733
ENSSSCG00000048877,0.503524755598007,0.996201015194988
ENSSSCG00000052636,0.464874497983746,1.71782176674871
ENSSSCG00000052246,0.780291912538719,-0.118530588140316
ENSSSCG00000054944,2.51787418640574,3.11394534546385
ENSSSCG00000037307,2.87554997189764,2.88643165066402
ENSSSCG00000054731,4.82972953084583,4.9519034026281
ENSSSCG00000001535,2.50840324662494,1.91190152903124
ENSSSCG00000001536,3.22110994226279,5.46020562466878
ENSSSCG00000001537,5.40270967312232,5.8103806394377
ENSSSCG00000001538,3.65368189640931,4.18536683148638
ENSSSCG00000001539,5.66279535333771,5.93549400676765
ENSSSCG00000001546,3.86509081358966,3.92841459244657
ENSSSCG00000001543,9.0285059317002,9.36278555807812
ENSSSCG00000001544,6.02267611367653,6.16930733204565
ENSSSCG00000035972,0.715917087066103,1.4102627264044
ENSSSCG00000001493,3.38015241180071,3.51155161442838
ENSSSCG00000001549,5.97705561134484,8.1930828968031
ENSSSCG00000001499,7.39325719710905,7.44237156649798
ENSSSCG00000001550,2.53663155909393,3.58171821333942
ENSSSCG00000001553,-1.76904577456744,-0.389789821758014
ENSSSCG00000001554,6.0490450637737,6.274857756283
ENSSSCG00000001555,-0.665011214899346,-1.78793082929158
ENSSSCG00000001556,6.46472970277167,6.52388371828529
ENSSSCG00000038774,5.09155008803588,4.86390422302666
ENSSSCG00000020803,5.50029892124452,5.52297789063189
ENSSSCG00000001561,3.93391933051826,3.39079562950206
ENSSSCG00000001101,3.27236981988504,0.109708133942356
ENSSSCG00000031944,3.1739644641406,-1.95450014976733
ENSSSCG00000001562,6.00762900074542,5.56400041307261
ENSSSCG00000001107,5.40015131502908,-1.26570965698543
ENSSSCG00000001563,5.27866858880839,4.87791605630688
ENSSSCG00000037547,-0.581735609749139,-1.06175616837389
ENSSSCG00000036191,0.384321665410682,-1.95450014976733
ENSSSCG00000035153,5.47620986718893,4.94452516184389
ENSSSCG00000037565,2.65294775884989,1.06313784412392
ENSSSCG00000037682,4.00298921653194,3.68804331147842
ENSSSCG00000045769,1.87429076377796,-0.275097240265819
ENSSSCG00000021411,6.03096830151163,4.41412277758863
ENSSSCG00000040540,-0.503005667143942,-2.92464516734468
ENSSSCG00000033606,-0.289717603961706,-1.16013180230037
ENSSSCG00000001137,3.98261322749707,2.81701875074225
ENSSSCG00000001131,1.11582327058225,0.343090997642991
ENSSSCG00000001132,-2.19461582859326,-1.06175616837389
ENSSSCG00000001636,2.2601713103169,0.191769503652254
ENSSSCG00000020696,5.15362246287191,5.05553775130832
ENSSSCG00000001637,0.425160216794395,-2.14284221802902
ENSSSCG00000001638,5.20289507761488,5.15606204641377
ENSSSCG00000038191,4.52143935397305,4.3169007366906
ENSSSCG00000001639,4.73545727617879,4.57184732420147
ENSSSCG00000001641,5.66492820995438,6.1078839678238
ENSSSCG00000001156,5.09313489412866,5.00394124006963
ENSSSCG00000056213,0.81143323514119,1.4441419554549
ENSSSCG00000001646,5.51810537335122,6.13146895815217
ENSSSCG00000025410,0.464874497983746,-1.63861791175253
ENSSSCG00000026472,5.90489830540805,5.6427036533784
ENSSSCG00000046879,2.61814651954306,2.43430718416671
ENSSSCG00000001164,4.33041744447865,4.72439223849069
ENSSSCG00000040577,2.72012870992577,1.77218191355614
ENSSSCG00000044013,0.985360575284754,-0.450747065242323
ENSSSCG00000001650,-1.76904577456744,-1.26570965698543
ENSSSCG00000041356,-0.289717603961706,-0.650786169073976
ENSSSCG00000033214,2.42024489322316,5.71386693687096
ENSSSCG00000001653,6.03592083290624,5.89778756862686
ENSSSCG00000001654,3.96194532925284,3.76712980316208
ENSSSCG00000001655,5.10260734456084,4.8113308130939
ENSSSCG00000001500,4.488098882623,4.07617140800971
ENSSSCG00000022901,6.80117422325532,6.43295657377598
ENSSSCG00000001656,5.33868559265614,5.23801512250083
ENSSSCG00000001501,6.55432158891778,6.28190054376172
ENSSSCG00000001657,6.32335408561995,6.57686077013428
ENSSSCG00000001502,8.94978328793524,8.7856955021297
ENSSSCG00000001503,3.98943724956418,3.87352608194772
ENSSSCG00000001504,3.5374273204274,3.65587652678976
ENSSSCG00000001658,4.91821763866401,4.64103478518383
ENSSSCG00000001505,4.64974759254066,4.30081114134785
ENSSSCG00000001659,5.64777640988425,6.04855456637987
ENSSSCG00000001506,7.21804927527292,7.07576760087377
ENSSSCG00000054523,4.30054855387541,4.37074132909261
ENSSSCG00000001509,5.86741954303338,5.82331120863255
ENSSSCG00000001660,6.67245903463705,6.59346726471331
ENSSSCG00000001661,5.86278162995291,5.68138964933209
ENSSSCG00000030196,6.57997951092549,6.69588808414941
ENSSSCG00000026568,3.04233714300071,2.34746098418498
ENSSSCG00000001664,0.715917087066103,0.0226960489355265
ENSSSCG00000062364,-0.0469734082326686,-0.0699026685752995
ENSSSCG00000026741,4.32772750033815,4.60592067913217
ENSSSCG00000061760,1.50677891522418,3.09807225595263
ENSSSCG00000054713,-0.753389730293386,-1.37962819886108
ENSSSCG00000063313,0.160749279997622,0.306722442383792
ENSSSCG00000054998,-3.86672707663002,-0.389789821758014
ENSSSCG00000057703,0.00782776903463305,2.13572720940697
ENSSSCG00000053265,0.0606232623061967,-0.801432154592459
ENSSSCG00000060399,-2.19461582859326,-1.16013180230037
ENSSSCG00000048697,1.56275558109478,2.62360774421201
ENSSSCG00000001651,6.34213569439087,5.94513836657909
ENSSSCG00000059243,1.38785577819136,1.58746179948828
ENSSSCG00000053280,2.63565207274618,0.306722442383792
ENSSSCG00000052704,0.715917087066103,-0.275097240265819
ENSSSCG00000056711,1.21231354325694,0.44699951176586
ENSSSCG00000033451,-0.225096418835447,-1.50331917830221
ENSSSCG00000047716,-0.0469734082326686,-1.26570965698543
ENSSSCG00000059210,-0.581735609749139,-2.14284221802902
ENSSSCG00000059451,0.111554715953384,-0.650786169073976
ENSSSCG00000058610,3.0811861591189,1.4441419554549
ENSSSCG00000035331,4.15336293804548,3.71257530994849
ENSSSCG00000059172,1.59890203838796,2.25505012142321
ENSSSCG00000061527,-1.44083485948891,-0.724143750785594
ENSSSCG00000041434,2.11795282114626,2.21636209324052
ENSSSCG00000046312,-0.94826101088964,-1.63861791175253
ENSSSCG00000001507,7.12350667059206,6.65488410733065
ENSSSCG00000001036,-1.44083485948891,0.109708133942356
ENSSSCG00000062258,0.682619433441756,1.82456795126936
ENSSSCG00000062137,-0.428350711608159,-0.220998320347156
ENSSSCG00000033009,7.10202207216727,7.23453672391982
ENSSSCG00000001040,3.71260494319628,4.08693440817365
ENSSSCG00000001041,4.28121397068151,4.57184732420147
ENSSSCG00000001038,7.1568512722229,6.87965315219058
ENSSSCG00000001042,6.64192556390093,7.01436956467735
ENSSSCG00000001045,2.45023357473821,1.92395712532492
ENSSSCG00000041131,2.05429183424595,1.01886012427252
ENSSSCG00000032146,6.37181735741947,5.21612197859294
ENSSSCG00000023956,6.64246684603748,5.65179341088568
ENSSSCG00000001478,2.86816398685734,-0.580978849888471
ENSSSCG00000001479,1.14055756446698,-1.37962819886108
ENSSSCG00000001822,2.46009285868458,2.66010204728776
ENSSSCG00000001823,3.84641871528506,3.39945604730476
ENSSSCG00000001825,3.79670908923159,3.49951808367277
ENSSSCG00000030626,3.33800064932877,3.45035440098084
ENSSSCG00000036742,4.28399196895503,5.03484214068959
ENSSSCG00000002252,5.89311987399088,6.86370374564077
ENSSSCG00000028159,2.24884081421465,3.04937743944045
ENSSSCG00000002337,5.59506250408323,5.56976669995355
ENSSSCG00000028663,6.87212144961524,6.87228388042045
ENSSSCG00000002340,6.17560788306741,6.25769438508066
ENSSSCG00000002341,2.23742062690637,2.73728085074703
ENSSSCG00000022178,6.7255353272455,6.30858381875111
ENSSSCG00000021676,0.425160216794395,1.14781387260733
ENSSSCG00000002344,4.60823330057767,5.07323689891612
ENSSSCG00000002348,3.01584416771585,2.28340015971318
ENSSSCG00000039469,7.23752678608102,7.36738046481849
ENSSSCG00000062320,5.70693625642516,5.86923630852542
ENSSSCG00000002350,5.59282373515322,6.21846650256021
ENSSSCG00000002351,6.26056819229542,5.36834922837073
ENSSSCG00000002352,4.53082537690794,4.49311789541798
ENSSSCG00000002353,5.6205617021283,5.84803911377806
ENSSSCG00000002354,4.92000463622555,4.88101140218015
ENSSSCG00000002355,6.66555192676592,6.85978675132656
ENSSSCG00000002356,3.98943724956418,4.23217402754572
ENSSSCG00000002357,5.9744783403736,6.51643861191845
ENSSSCG00000055314,4.01975209752896,3.93736303127276
ENSSSCG00000025000,-0.581735609749139,-3.86672707663002
ENSSSCG00000056471,3.35395223134525,2.63098083117467
ENSSSCG00000002349,3.57420588393168,2.44271105199964
ENSSSCG00000029539,5.63041824091126,5.32922428713156
ENSSSCG00000001497,4.72935560734964,5.08938406542582
ENSSSCG00000001498,4.15336293804548,3.74351563634806
ENSSSCG00000062828,1.16487493893756,1.12710621877915
ENSSSCG00000042854,0.81143323514119,0.191769503652254
ENSSSCG00000054858,-0.581735609749139,-0.650786169073976
ENSSSCG00000001824,4.97261051016001,5.30868200875591
ENSSSCG00000058159,-0.503005667143942,0.44699951176586
ENSSSCG00000048394,1.14055756446698,2.74409661085484
ENSSSCG00000055865,0.957790112127212,2.5785599463218
ENSSSCG00000045171,-1.44083485948891,-0.118530588140316
ENSSSCG00000051895,-2.19461582859326,0.066857978120369
ENSSSCG00000001510,3.01584416771585,2.05031729144738
ENSSSCG00000001511,5.52281687559191,6.33026026774657
ENSSSCG00000001512,6.07253262655302,5.39674168175052
ENSSSCG00000001513,7.44195420570278,7.65235678294223
ENSSSCG00000060402,4.35440387570681,4.56030833090418
ENSSSCG00000001517,4.04289765600648,4.59276538571074
ENSSSCG00000001518,7.56668603928598,7.19466523568427
ENSSSCG00000030668,4.95004974984416,4.41412277758863
ENSSSCG00000001520,6.05393603221993,6.37978929670078
ENSSSCG00000001516,4.66047672489061,5.35949947027934
ENSSSCG00000035895,4.31962744351204,4.65556775116873
ENSSSCG00000021606,3.10651622932763,3.56641789445968
ENSSSCG00000036494,5.7396836453112,5.41180159302459
ENSSSCG00000025984,6.53637687931068,6.56776511969605
ENSSSCG00000002385,4.07533158707034,4.0461523175502
ENSSSCG00000002386,4.7833632887826,4.65556775116873
ENSSSCG00000033526,4.00635741057301,2.69569592357175
ENSSSCG00000038851,-0.225096418835447,-1.37962819886108
ENSSSCG00000002464,5.68398334113068,3.54706144775751
ENSSSCG00000040253,2.10544337267369,2.57091330440077
ENSSSCG00000002467,5.82035549215967,4.99396869517565
ENSSSCG00000002469,3.35395223134525,2.26456216861488
ENSSSCG00000002470,7.12428193190408,7.17934611032524
ENSSSCG00000035297,9.09071367116726,7.90055227593811
ENSSSCG00000061690,6.18752594610746,5.55336865370819
ENSSSCG00000002474,3.51868035856767,3.66667867364077
ENSSSCG00000038515,4.43159525549974,4.12398488641457
ENSSSCG00000002479,3.43116714475289,-0.275097240265819
ENSSSCG00000028190,5.84030971539827,5.18890449814066
ENSSSCG00000002032,6.10037969122134,7.26861651257001
ENSSSCG00000002035,5.46523716534922,4.75001286265918
ENSSSCG00000056336,3.06189241331493,4.03229801658047
ENSSSCG00000002034,7.9912577957307,7.84556301864006
ENSSSCG00000002037,4.90564629207936,4.34407218101223
ENSSSCG00000002036,6.05718749031146,5.51004035985401
ENSSSCG00000031452,3.62767334325461,3.79365245612088
ENSSSCG00000029201,4.0849212646763,4.58139314899729
ENSSSCG00000033178,3.14980110290371,3.32867182123474
ENSSSCG00000030045,6.2577446774234,6.36438967272283
ENSSSCG00000026700,6.47205667251464,6.80746707678129
ENSSSCG00000031874,4.30602545950621,3.2919332629483
ENSSSCG00000034465,7.90253053857563,8.01574831538236
ENSSSCG00000002039,8.14623615309369,7.64281476997079
ENSSSCG00000002040,4.45150067658627,4.29386028841113
ENSSSCG00000002041,3.69601391356227,4.31461317996126
ENSSSCG00000002042,6.80504745446158,6.75317838621534
ENSSSCG00000002045,4.84109194060761,4.32601486342457
ENSSSCG00000002051,5.6050941932154,5.5812305893561
ENSSSCG00000002050,6.84557085255199,5.74986823530499
ENSSSCG00000056250,1.76718173794872,2.11484407452863
ENSSSCG00000001463,3.09390678499242,2.96437876298604
ENSSSCG00000001469,3.62329263130676,3.92841459244657
ENSSSCG00000001470,3.62767334325461,4.2394277659383
ENSSSCG00000001472,2.54591957752837,1.94777024234525
ENSSSCG00000062678,4.81251634298115,5.07594067491483
ENSSSCG00000001594,4.45889496847324,4.68420172925064
ENSSSCG00000001596,6.66661671352969,7.14692585303689
ENSSSCG00000001595,6.79971907647468,7.34709832569667
ENSSSCG00000058200,-0.665011214899346,-0.0699026685752995
ENSSSCG00000063572,-0.163246077098895,0.574837615712797
ENSSSCG00000043413,-2.19461582859326,-0.220998320347156
ENSSSCG00000001457,5.39244890688825,5.58027873685146
ENSSSCG00000025208,2.36883548604693,3.63769124610861
ENSSSCG00000001235,-0.847537601777033,-0.118530588140316
ENSSSCG00000063560,1.09065751143433,-1.63861791175253
ENSSSCG00000063561,2.60931343902336,1.52551466820507
ENSSSCG00000063556,2.86816398685734,0.109708133942356
ENSSSCG00000024161,1.40836959521317,1.28499803379961
ENSSSCG00000001342,5.30215386379215,5.4085876770793
ENSSSCG00000058762,-1.3010534406464,-1.06175616837389
ENSSSCG00000038231,5.67342824377673,4.76516964641019
ENSSSCG00000002366,6.43441894783533,5.54265796289721
ENSSSCG00000002367,2.42024489322316,2.7166382149345
ENSSSCG00000002368,8.00920638360581,8.20825761236933
ENSSSCG00000002370,6.10352825662302,5.92428519067748
ENSSSCG00000039202,4.27004817449682,4.30772866583566
ENSSSCG00000002372,6.52409272053092,6.61128334024616
ENSSSCG00000002373,-0.163246077098895,-1.06175616837389
ENSSSCG00000027922,6.17635565338537,5.18765505538118
ENSSSCG00000038553,2.82303593425957,1.35790376000462
ENSSSCG00000042447,4.01307029934895,3.47514565515157
ENSSSCG00000023366,2.11795282114626,2.301995340821
ENSSSCG00000001611,5.58496057151398,5.38261529989765
ENSSSCG00000001612,2.36883548604693,3.39079562950206
ENSSSCG00000039270,-0.753389730293386,0.066857978120369
ENSSSCG00000001616,-0.753389730293386,-0.969662564375006
ENSSSCG00000001619,6.72910720370671,6.46476663274069
ENSSSCG00000001620,1.42859580901325,-0.51439395667637
ENSSSCG00000001621,4.40121249903953,4.43111657790223
ENSSSCG00000001625,-1.5956269400881,0.343090997642991
ENSSSCG00000001624,1.90348749886982,2.08294141053324
ENSSSCG00000050940,6.27948373286639,6.11775794598201
ENSSSCG00000001629,1.38785577819136,2.09365420909009
ENSSSCG00000038520,4.07212081022427,4.2297479873508
ENSSSCG00000026752,2.42024489322316,2.50020608859808
ENSSSCG00000032284,5.37561792995261,6.05199173168006
ENSSSCG00000022224,5.46278741211375,5.62435050176156
ENSSSCG00000036801,4.79509529737617,5.36503692747315
ENSSSCG00000001453,6.50992439814872,6.59488182388778
ENSSSCG00000001455,4.87833305750333,4.57567323682998
ENSSSCG00000001456,5.64777640988425,6.04303801193647
ENSSSCG00000001475,7.90275647760079,6.31889221892843
ENSSSCG00000001476,5.483478910398,5.59449100120661
ENSSSCG00000001477,6.98739169939187,6.74045302375408
ENSSSCG00000001725,3.86879640775838,4.57567323682998
ENSSSCG00000001726,1.40836959521317,1.61746563255219
ENSSSCG00000001992,4.03632244315774,4.21755621188446
ENSSSCG00000001993,-1.1736270562095,-0.0699026685752995
ENSSSCG00000001994,4.62147258636118,4.63003817349153
ENSSSCG00000026947,4.55172328966111,3.9956415516376
ENSSSCG00000031938,5.75778256063323,5.38261529989765
ENSSSCG00000033006,2.36883548604693,2.01693833045353
ENSSSCG00000033432,4.92178942305645,4.48500339608165
ENSSSCG00000025470,2.42024489322316,2.14605650303391
ENSSSCG00000054655,7.4887600360774,7.14563950422385
ENSSSCG00000002000,6.09089255492573,5.85828405451271
ENSSSCG00000002001,4.24460461151598,3.40376683840404
ENSSSCG00000002002,6.4487257821403,6.07379777546634
ENSSSCG00000002003,5.75277781731683,5.72079394709417
ENSSSCG00000002004,2.69530100957938,2.41735114660964
ENSSSCG00000002005,1.93210506278503,1.99424877862076
ENSSSCG00000002006,7.0005406343709,7.25585623053668
ENSSSCG00000002007,-0.163246077098895,-1.16013180230037
ENSSSCG00000002008,6.2988413631538,6.49992286704356
ENSSSCG00000002009,2.57343015789845,2.67444514854501
ENSSSCG00000002012,1.93210506278503,0.512334077457971
ENSSSCG00000002013,5.60398299956286,4.58139314899729
ENSSSCG00000002436,6.38027958844223,5.52792313395089
ENSSSCG00000054357,-1.3010534406464,-0.883096611932229
ENSSSCG00000046060,0.613625923982859,0.826763660403192
ENSSSCG00000024377,4.06567773954214,4.66637220158118
ENSSSCG00000062431,-2.46613199464794,-0.724143750785594
ENSSSCG00000034114,-0.289717603961706,0.413188112875905
ENSSSCG00000002440,7.12815200171504,8.0940271454281
ENSSSCG00000002441,6.54797962907017,6.8143647519207
ENSSSCG00000052769,-0.847537601777033,0.191769503652254
ENSSSCG00000002442,-3.86672707663002,0.413188112875905
ENSSSCG00000001441,-3.86672707663002,0.574837615712797
ENSSSCG00000032242,4.27284773568795,4.71921305845897
ENSSSCG00000023160,3.26113509577104,3.30120598251763
ENSSSCG00000031593,6.85960573919284,6.39394324151212
ENSSSCG00000060493,9.1021708808432,8.6734676906021
ENSSSCG00000027053,5.37170581413397,2.27401191108018
ENSSSCG00000036573,8.0915889244044,2.32944629797738
ENSSSCG00000037476,4.50962029612688,4.22731786064675
ENSSSCG00000001527,6.60518907635296,6.6458138633122
ENSSSCG00000001531,5.36253607657701,4.92815897360019
ENSSSCG00000001532,3.06835237360559,3.41662246217535
ENSSSCG00000001533,4.60156781696184,3.93438638112435
ENSSSCG00000001534,6.76335283022131,7.72240995921235
ENSSSCG00000001523,4.50009483649528,-3.86672707663002
ENSSSCG00000002507,-2.19461582859326,-0.724143750785594
ENSSSCG00000002508,6.35738260442575,6.23186339160042
ENSSSCG00000037284,4.01641506675361,4.30772866583566
ENSSSCG00000025892,5.22185267668024,5.13935613022462
ENSSSCG00000001346,6.46472970277167,6.03124482250725
ENSSSCG00000001347,6.30090007306311,6.1825392811963
ENSSSCG00000001379,8.83738091921728,8.21164235452359
ENSSSCG00000061414,2.9751695535918,3.22529980834429
ENSSSCG00000023018,1.21231354325694,1.77218191355614
ENSSSCG00000001434,2.80767400923913,2.63831642849982
ENSSSCG00000001436,5.35198450939884,4.8306708081164
ENSSSCG00000001695,5.08200451728677,5.63171980341482
ENSSSCG00000057650,0.111554715953384,1.93591281567592
ENSSSCG00000063238,-0.289717603961706,0.231113683523015
ENSSSCG00000001696,5.08040743034941,4.80482610213521
ENSSSCG00000001697,4.97433142754565,4.95924410147895
ENSSSCG00000001698,-2.19461582859326,-0.801432154592459
ENSSSCG00000001700,4.82782706508037,4.41839003074282
ENSSSCG00000001701,8.55453910540689,8.76291016418734
ENSSSCG00000001702,5.66279535333771,5.64634643170343
ENSSSCG00000001703,3.33264401901423,3.10867369649288
ENSSSCG00000040047,0.841916534859911,1.01886012427252
ENSSSCG00000001705,6.55259472649168,6.54159676318796
ENSSSCG00000001706,4.01975209752896,4.44999834486928
ENSSSCG00000039903,3.76524480197547,4.28220059168055
ENSSSCG00000001708,6.27948373286639,6.6985222054564
ENSSSCG00000001709,4.74355289810022,4.51917917826996
ENSSSCG00000001710,1.63416494499211,2.16649583861557
ENSSSCG00000001433,4.77548860956428,4.85920320641474
ENSSSCG00000056297,-3.86672707663002,-0.650786169073976
ENSSSCG00000002509,5.15514056338635,5.00109896872219
ENSSSCG00000001424,5.92728237232694,5.47462063953432
ENSSSCG00000001426,4.20704202388818,4.00418377936075
ENSSSCG00000001427,7.7031825355899,6.88967680516533
ENSSSCG00000001422,2.89748372295634,5.22101591377236
ENSSSCG00000024914,4.26443270150265,6.8969579899129
ENSSSCG00000001400,9.52396023828463,9.41803737425113
ENSSSCG00000001401,1.81406255392592,1.35790376000462
ENSSSCG00000001402,4.72117969736534,5.07323689891612
ENSSSCG00000001403,0.577851083508549,1.01886012427252
ENSSSCG00000052357,0.81143323514119,1.89974434301656
ENSSSCG00000030882,2.05429183424595,1.85006449232
ENSSSCG00000032341,2.5272833570641,2.77770062085909
ENSSSCG00000001409,8.54660848904656,8.54385518228949
ENSSSCG00000001410,7.63437270341189,7.38738141585229
ENSSSCG00000001411,3.26676339384565,4.30772866583566
ENSSSCG00000063581,4.055958857509,4.38607366141413
ENSSSCG00000001413,5.15514056338635,5.40644108193656
ENSSSCG00000001414,6.23567303198176,5.73026460325262
ENSSSCG00000001416,-1.5956269400881,-1.37962819886108
ENSSSCG00000034923,6.44562764716592,6.62703966116264
ENSSSCG00000040885,1.30275293821975,1.79861269456251
ENSSSCG00000036566,-0.581735609749139,-1.37962819886108
ENSSSCG00000034664,-0.94826101088964,-0.801432154592459
ENSSSCG00000038514,6.98312441456909,6.86213822386567
ENSSSCG00000039071,8.13819865188196,8.05430504762941
ENSSSCG00000035596,4.11018641085633,4.75339482467613
ENSSSCG00000063584,2.85327760027406,2.96437876298604
ENSSSCG00000036796,4.17147879379691,4.57758239510248
ENSSSCG00000038950,6.00762900074542,6.00310985237524
ENSSSCG00000039021,4.81635928352434,4.29386028841113
ENSSSCG00000030368,0.841916534859911,1.47724380910331
ENSSSCG00000063583,4.14421898484408,4.69479462931747
ENSSSCG00000029160,6.18157922140027,6.60193388967519
ENSSSCG00000001372,6.51938538985945,6.26126221900419
ENSSSCG00000024604,5.89129924211917,5.5678471639869
ENSSSCG00000025943,4.2978022842804,4.20526052872888
ENSSSCG00000001376,5.71003809571865,5.83453116166774
ENSSSCG00000031492,5.24484823257263,4.72611450829995
ENSSSCG00000023639,1.97399439525949,2.301995340821
ENSSSCG00000001362,6.47752758282594,6.67419415054052
ENSSSCG00000022725,7.09016693105454,7.25645224133927
ENSSSCG00000027607,6.27180731477945,4.28454008180057
ENSSSCG00000001382,9.20276321060906,9.03070524114862
ENSSSCG00000001384,5.27727512359903,5.23559889306414
ENSSSCG00000037154,4.29229401201672,5.63355626217703
ENSSSCG00000055497,0.81143323514119,0.269413319240056
ENSSSCG00000001391,4.38318917007144,4.43322679702533
ENSSSCG00000001392,1.28066902659574,-0.0699026685752995
ENSSSCG00000001394,3.28905954937994,2.73043273786855
ENSSSCG00000001395,-0.428350711608159,-0.389789821758014
ENSSSCG00000001396,4.92000463622555,4.61895709843687
ENSSSCG00000001398,3.96541060601477,4.24664521557974
ENSSSCG00000056738,5.2362677947975,4.75001286265918
ENSSSCG00000001438,6.75085681898459,6.61547090645978
ENSSSCG00000001439,2.33708688541697,1.24711535386201
ENSSSCG00000001440,5.24769707535591,5.04867214841348
ENSSSCG00000001435,6.93886155762247,6.35105788617592
ENSSSCG00000001437,1.06504496640639,-0.220998320347156
ENSSSCG00000001216,1.63416494499211,2.365253495496
ENSSSCG00000001252,1.90348749886982,1.22779433856161
ENSSSCG00000001242,6.98397888189229,7.07812953842699
ENSSSCG00000001248,-3.86672707663002,-0.0228605115491758
ENSSSCG00000001247,1.54433696419247,2.4593733377272
ENSSSCG00000063569,-0.0469734082326686,0.306722442383792
ENSSSCG00000001245,3.4007752754125,3.6192738091208
ENSSSCG00000024259,6.00089068636215,5.71992988751893
ENSSSCG00000001234,-0.847537601777033,-0.118530588140316
ENSSSCG00000001233,4.97948189710991,4.9577789467348
ENSSSCG00000060989,8.15214000331398,7.37974256365205
ENSSSCG00000062469,6.19713739729944,4.74322506133652
ENSSSCG00000001229,7.46783930969515,6.77663619530393
ENSSSCG00000052432,7.39100415700489,8.29261679738837
ENSSSCG00000001341,8.00373989426132,8.12764420555561
ENSSSCG00000042638,1.66858646664768,2.58616627273042
ENSSSCG00000041410,1.96016598715194,1.66133288059543
ENSSSCG00000021130,2.9956502008432,2.69569592357175
ENSSSCG00000001430,6.50517053366763,6.1019269794898
ENSSSCG00000001431,2.60931343902336,2.09365420909009
ENSSSCG00000024403,5.48950859352899,5.56303712057341
ENSSSCG00000001421,3.66651243189212,4.52512704778107
ENSSSCG00000001423,5.38599867064967,5.38806490528148
ENSSSCG00000001425,3.54207624329408,3.04937743944045
ENSSSCG00000023611,7.36073213591821,6.52140628269839
ENSSSCG00000001418,5.73867146149499,5.15222396929966
ENSSSCG00000001419,8.17439427684781,8.05533295345954
ENSSSCG00000001420,6.77919139316739,6.74130488222086
ENSSSCG00000001459,1.34593178147808,0.692264219933096
ENSSSCG00000025593,4.41648385734215,4.80970738278133
ENSSSCG00000026951,4.45396965385522,4.50118700956121
ENSSSCG00000025618,5.94669710435552,5.35282634338211
ENSSSCG00000001564,7.84302314438368,7.65167729960538
ENSSSCG00000001567,0.464874497983746,1.4102627264044
ENSSSCG00000040984,5.34667964451549,5.45086218858315
ENSSSCG00000035341,6.50576562409104,6.4933643962176
ENSSSCG00000001570,5.24627335715376,4.41625798189372
ENSSSCG00000001571,7.55206786622904,7.47423318045802
ENSSSCG00000001565,6.44314433999839,6.62611756699782
ENSSSCG00000061569,0.54116651967454,0.800848232904328
ENSSSCG00000001483,1.40836959521317,2.77770062085909
ENSSSCG00000056389,3.79670908923159,3.57790831911178
ENSSSCG00000022664,2.09282450672441,2.2065257784872
ENSSSCG00000001201,5.23051901992888,5.97369054367867
ENSSSCG00000001202,0.780291912538719,2.22613179775697
ENSSSCG00000057663,3.73713913719888,4.00134198627368
ENSSSCG00000021069,3.52338998647721,3.40806478716832
ENSSSCG00000001203,4.20411167631061,5.08402173209733
ENSSSCG00000001204,2.38961959335877,2.47584537890216
ENSSSCG00000001205,2.21430541888211,2.79092608296928
ENSSSCG00000001206,2.67850861649466,3.27320708811375
ENSSSCG00000001207,3.76126307444923,3.72296265486798
ENSSSCG00000025335,4.14727341325436,4.22244529248072
ENSSSCG00000001209,3.54671023363404,4.0267188280262
ENSSSCG00000037512,1.96016598715194,2.25505012142321
ENSSSCG00000001213,-1.44083485948891,-0.650786169073976
ENSSSCG00000029425,5.13835294556186,5.20381401347781
ENSSSCG00000057382,0.299003801631898,-0.801432154592459
ENSSSCG00000001232,0.54116651967454,1.91190152903124
ENSSSCG00000061628,-0.503005667143942,0.231113683523015
ENSSSCG00000001471,8.40529474904957,8.36210528490657
ENSSSCG00000063586,-0.753389730293386,-0.724143750785594
ENSSSCG00000063578,1.54433696419247,-0.118530588140316
ENSSSCG00000044205,0.208321522646333,1.06313784412392
ENSSSCG00000062260,2.28256878788505,3.65225776258048
ENSSSCG00000001474,6.03756790584853,5.62435050176156
ENSSSCG00000018622,-1.5956269400881,-0.969662564375006
ENSSSCG00000000522,8.38230843270537,8.71807084455209
ENSSSCG00000032321,5.72032965769076,5.26906331311195
ENSSSCG00000035495,5.0100044518553,5.81281396550965
ENSSSCG00000000927,3.20946722096746,3.88590526779945
ENSSSCG00000000926,5.28284092709894,5.25839131041438
ENSSSCG00000000523,3.59672528820647,3.86729642700427
ENSSSCG00000027503,5.02502693797951,4.92366305619213
ENSSSCG00000000925,4.10076375502732,4.76349340141369
ENSSSCG00000036744,-0.847537601777033,-0.389789821758014
ENSSSCG00000000934,5.47134341098202,5.80794320225379
ENSSSCG00000040399,0.425160216794395,-0.51439395667637
ENSSSCG00000000936,0.464874497983746,-0.650786169073976
ENSSSCG00000000940,1.84449092952033,2.73043273786855
ENSSSCG00000000939,5.24911938995212,5.72682791728462
ENSSSCG00000040348,0.648535071030343,-1.26570965698543
ENSSSCG00000031716,5.32795748262735,4.1601076310431
ENSSSCG00000000932,-0.428350711608159,-3.86672707663002
ENSSSCG00000034948,5.02336547677253,5.80305593881932
ENSSSCG00000031580,4.55862252805882,4.54086918328405
ENSSSCG00000000920,6.02433836851206,5.69112165971562
ENSSSCG00000000473,6.16283612680428,5.95398398919834
ENSSSCG00000043102,4.54710539925421,3.74011040864293
ENSSSCG00000037910,7.51707638078373,6.60146482288465
ENSSSCG00000024065,6.10980484763824,6.72976213460339
ENSSSCG00000000475,3.04233714300071,3.50354042332499
ENSSSCG00000000941,3.62329263130676,3.49548449808059
ENSSSCG00000038987,3.30007972835331,3.31041948340265
ENSSSCG00000061326,0.254375037426665,-0.0699026685752995
ENSSSCG00000053882,0.81143323514119,1.54125259769343
ENSSSCG00000054466,-0.289717603961706,-0.883096611932229
ENSSSCG00000053777,-0.847537601777033,-1.63861791175253
ENSSSCG00000055447,0.208321522646333,0.343090997642991
ENSSSCG00000059748,4.1257553539808,5.4288225962667
ENSSSCG00000000477,3.44115713916546,3.84210527044791
ENSSSCG00000054456,-0.847537601777033,-2.35951718500686
ENSSSCG00000041180,5.52985540399508,4.70531031823746
ENSSSCG00000000478,2.4403064491966,3.58551807282603
ENSSSCG00000044141,2.00125981237482,2.45106624968918
ENSSSCG00000000516,1.59890203838796,-0.168854921246468
ENSSSCG00000000517,6.30021416279227,6.33816493725793
ENSSSCG00000022055,-0.753389730293386,-0.650786169073976
ENSSSCG00000000519,4.65619464212079,4.50118700956121
ENSSSCG00000033524,3.14980110290371,3.22529980834429
ENSSSCG00000000483,5.41796527506362,5.56303712057341
ENSSSCG00000032595,6.57658470534257,6.1875482725779
ENSSSCG00000000486,4.80866313856108,4.84024444348197
ENSSSCG00000000487,3.16796145904304,2.64561491550367
ENSSSCG00000000488,5.79623490564219,5.77919792139308
ENSSSCG00000035404,-0.289717603961706,0.066857978120369
ENSSSCG00000023630,0.715917087066103,1.79861269456251
ENSSSCG00000038031,5.65423225452276,5.57932625592475
ENSSSCG00000000492,4.0230814273829,3.59308789804756
ENSSSCG00000037845,3.81218758787805,2.85529370095294
ENSSSCG00000000493,3.52338998647721,3.93140357668263
ENSSSCG00000000496,7.67144386402395,7.73550853242952
ENSSSCG00000000499,1.42859580901325,1.04116884334027
ENSSSCG00000000500,5.5216404417455,6.02216100292006
ENSSSCG00000023936,0.841916534859911,1.28499803379961
ENSSSCG00000000502,5.95630736534816,6.09661115029385
ENSSSCG00000031173,-0.163246077098895,1.30357276293605
ENSSSCG00000000504,4.97948189710991,4.73298310065254
ENSSSCG00000025969,1.65147836204809,1.91190152903124
ENSSSCG00000055572,2.08009429229325,2.26456216861488
ENSSSCG00000030511,4.56091496174106,5.38588753273133
ENSSSCG00000000509,5.98219638194853,6.3588497258542
ENSSSCG00000021270,4.65833727221863,4.8226439606607
ENSSSCG00000000510,5.22330068726953,5.27260317610932
ENSSSCG00000000512,5.0100044518553,5.26432994424249
ENSSSCG00000000598,-1.1736270562095,-1.37962819886108
ENSSSCG00000000599,4.80092571775472,4.58329475791358
ENSSSCG00000000515,2.78431999506382,0.0226960489355265
ENSSSCG00000054160,7.06817620896599,7.09622137823001
ENSSSCG00000048992,0.0606232623061967,0.191769503652254
ENSSSCG00000045667,1.18878921645065,2.05031729144738
ENSSSCG00000053428,0.985360575284754,1.67566381082393
ENSSSCG00000046584,-1.96619539223541,-0.724143750785594
ENSSSCG00000052508,1.70220582089016,2.32035389170899
ENSSSCG00000000571,2.53663155909393,3.09274217814535
ENSSSCG00000000573,3.05540339708637,3.32867182123474
ENSSSCG00000034733,6.71373650530863,6.38415916514697
ENSSSCG00000059025,5.68503461596733,5.73026460325262
ENSSSCG00000021410,6.7372384368758,6.39231716307213
ENSSSCG00000000600,6.33478633787579,5.96204510655138
ENSSSCG00000000844,5.043177830867,5.1738392901847
ENSSSCG00000031329,2.71190019265781,2.88643165066402
ENSSSCG00000000846,5.2145907429867,5.34275841940044
ENSSSCG00000000848,5.4116283673321,4.03507954072504
ENSSSCG00000000847,6.34878459388298,5.6372221814606
ENSSSCG00000056928,4.3960859111406,4.10557858270465
ENSSSCG00000000849,11.6396956465749,8.90072663096468
ENSSSCG00000039397,6.57658470534257,7.62446304089053
ENSSSCG00000000853,4.85236556088414,4.63737855328914
ENSSSCG00000000570,5.70900489011606,6.07447393180433
ENSSSCG00000000576,9.12142230695721,8.80802492935316
ENSSSCG00000036499,-0.753389730293386,-0.801432154592459
ENSSSCG00000000854,-0.357369586612393,-1.37962819886108
ENSSSCG00000032580,6.91486666154557,6.98913126277613
ENSSSCG00000032123,2.56431812880053,3.19079228287975
ENSSSCG00000000579,5.80979208377998,4.96654763850459
ENSSSCG00000000580,4.10391148326593,3.83254401643776
ENSSSCG00000000583,4.12884908206675,4.15755721604328
ENSSSCG00000000584,0.901016344624057,3.57790831911178
ENSSSCG00000028662,5.73563064221578,5.71212997499664
ENSSSCG00000000587,4.82401459068684,5.07998686161452
ENSSSCG00000000588,5.44055040525091,5.44564512403462
ENSSSCG00000000837,2.5272833570641,0.949786352523971
ENSSSCG00000000843,4.79704139008876,4.49917395813283
ENSSSCG00000000136,2.46009285868458,2.51622099743307
ENSSSCG00000000137,2.90472149051255,2.55549734854186
ENSSSCG00000000789,3.89810342368855,1.88748384057387
ENSSSCG00000040822,0.841916534859911,1.55682069776002
ENSSSCG00000000791,2.47961156701835,2.93489537211092
ENSSSCG00000031701,4.65189981179729,4.77850995091263
ENSSSCG00000031775,4.35440387570681,4.20772806306319
ENSSSCG00000000793,5.83368892604318,5.73112249710552
ENSSSCG00000034066,4.08173178280619,3.84210527044791
ENSSSCG00000034491,4.27564187482818,4.17531615838147
ENSSSCG00000000779,4.00971775935811,4.76851630488417
ENSSSCG00000000138,2.24884081421465,1.22779433856161
ENSSSCG00000000139,6.00930867325823,5.41287130926318
ENSSSCG00000000783,3.753266499184,3.3377121190505
ENSSSCG00000038190,4.8182769219013,5.0826780287199
ENSSSCG00000000133,6.62504428792663,6.71985605194272
ENSSSCG00000000784,4.45889496847324,4.62819722810014
ENSSSCG00000039587,1.96016598715194,2.41735114660964
ENSSSCG00000038966,7.16139063517944,9.45440146730002
ENSSSCG00000060319,-0.503005667143942,1.18835828160125
ENSSSCG00000000816,3.26113509577104,3.78376351312905
ENSSSCG00000021129,6.01098639246899,5.58692855381272
ENSSSCG00000021024,-0.0469734082326686,0.543924309209927
ENSSSCG00000000239,0.342293330875861,-3.86672707663002
ENSSSCG00000021654,1.40836959521317,1.22779433856161
ENSSSCG00000024474,1.40836959521317,-2.35951718500686
ENSSSCG00000000240,3.49009508734163,0.378565244869403
ENSSSCG00000000798,6.88772907810182,6.43348374534205
ENSSSCG00000060059,-0.581735609749139,-1.95450014976733
ENSSSCG00000000130,1.40836959521317,2.27401191108018
ENSSSCG00000021944,3.753266499184,4.12398488641457
ENSSSCG00000029412,-1.5956269400881,-0.580978849888471
ENSSSCG00000055678,6.62996568598304,2.92892569430666
ENSSSCG00000029668,3.1619333712404,3.78376351312905
ENSSSCG00000026067,2.38961959335877,2.08294141053324
ENSSSCG00000000135,4.80286396678703,4.54477802343035
ENSSSCG00000000252,9.29481805974679,9.82116938033418
ENSSSCG00000000807,4.22160514102507,4.09761770689552
ENSSSCG00000051741,-0.428350711608159,-2.61458503095514
ENSSSCG00000000253,7.74813607623206,6.18128431127278
ENSSSCG00000000808,6.70754207761806,6.65126284981545
ENSSSCG00000032028,8.5307614544297,8.63857210610293
ENSSSCG00000000263,6.78557646789932,7.1420961195982
ENSSSCG00000026597,2.11795282114626,-0.331304090129519
ENSSSCG00000000810,6.32605218885138,5.20257742208509
ENSSSCG00000000811,4.31691728672147,4.40124476042477
ENSSSCG00000043909,5.93702239674832,5.61043077494918
ENSSSCG00000021166,5.55076727047552,5.32354737676457
ENSSSCG00000033142,2.86816398685734,2.73728085074703
ENSSSCG00000000262,6.6500235492926,5.69112165971562
ENSSSCG00000000261,5.3546296448774,3.12443120470841
ENSSSCG00000023526,5.22330068726953,5.51503007269442
ENSSSCG00000000260,-1.1736270562095,-0.969662564375006
ENSSSCG00000036775,5.32795748262735,5.35949947027934
ENSSSCG00000027859,7.14849182847824,7.52829024893204
ENSSSCG00000000259,5.02336547677253,4.27751019935945
ENSSSCG00000020864,0.160749279997622,1.39302001591966
ENSSSCG00000028397,6.19713739729944,5.56207318445069
ENSSSCG00000025523,-0.847537601777033,-2.35951718500686
ENSSSCG00000036564,5.85158942601781,6.42237248648409
ENSSSCG00000000257,0.780291912538719,0.973180333493209
ENSSSCG00000000258,5.25195981937784,5.67159154346099
ENSSSCG00000049975,0.957790112127212,0.720185961482743
ENSSSCG00000000264,5.04808869679453,4.66098009076787
ENSSSCG00000000265,2.04121546325762,0.926006765743826
ENSSSCG00000054670,-1.44083485948891,-1.37962819886108
ENSSSCG00000055785,-1.44083485948891,-1.26570965698543
ENSSSCG00000049194,-0.581735609749139,0.269413319240056
ENSSSCG00000048767,-3.23753225397681,-0.724143750785594
ENSSSCG00000046790,-0.581735609749139,-0.724143750785594
ENSSSCG00000063156,0.87176904556138,1.24711535386201
ENSSSCG00000058075,0.00782776903463305,0.231113683523015
ENSSSCG00000055016,3.76921557047862,3.82613446140251
ENSSSCG00000060938,-2.19461582859326,0.191769503652254
ENSSSCG00000000267,6.09485311292165,6.01231403722259
ENSSSCG00000046295,4.70468754926573,4.68242865943329
ENSSSCG00000000268,4.34910791583901,3.87663085084553
ENSSSCG00000062878,-1.44083485948891,-1.16013180230037
ENSSSCG00000000272,5.55076727047552,5.96715155580607
ENSSSCG00000000271,1.11582327058225,0.231113683523015
ENSSSCG00000000273,6.58786979567539,5.49900186457641
ENSSSCG00000000274,9.00617828376245,9.02293220841326
ENSSSCG00000000275,4.90203426617488,3.94329796990743
ENSSSCG00000000276,6.2096103693055,5.09872045509257
ENSSSCG00000000277,1.38785577819136,1.4441419554549
ENSSSCG00000000278,6.18752594610746,6.43295657377598
ENSSSCG00000062561,7.25285075497878,7.11770190511942
ENSSSCG00000028481,7.02689899861761,7.31855810924577
ENSSSCG00000022728,1.58094201213036,1.64685816540168
ENSSSCG00000034474,1.14055756446698,1.01886012427252
ENSSSCG00000038644,3.55593379830106,1.75878269330764
ENSSSCG00000030585,3.89447243966319,3.49951808367277
ENSSSCG00000040798,2.67850861649466,2.24547494246517
ENSSSCG00000038993,7.38681058177794,7.24177862235512
ENSSSCG00000039191,7.12234299693456,7.20982340392362
ENSSSCG00000000288,8.77654467722479,8.77554378510669
ENSSSCG00000000290,7.5572441514501,6.80583929041425
ENSSSCG00000000292,3.74925152860503,3.63035246116121
ENSSSCG00000000293,6.51170306654957,5.0678140977119
ENSSSCG00000026333,-0.428350711608159,-2.35951718500686
ENSSSCG00000000295,2.78431999506382,2.86157528753835
ENSSSCG00000000297,2.86073999404779,1.9711966741643
ENSSSCG00000000298,1.84449092952033,1.01886012427252
ENSSSCG00000000120,5.00159053564039,4.85920320641474
ENSSSCG00000000121,0.208321522646333,-0.650786169073976
ENSSSCG00000029945,2.98885557233165,2.18664964113913
ENSSSCG00000039348,7.03475474174593,6.67553176664413
ENSSSCG00000020777,6.31794269397149,6.12168869259353
ENSSSCG00000021663,4.56091496174106,4.53694972374157
ENSSSCG00000033854,8.43699726758372,7.14112822964571
ENSSSCG00000034632,1.34593178147808,1.22779433856161
ENSSSCG00000028531,2.37926496751754,3.23500937773475
ENSSSCG00000024895,6.51347954476747,6.46321849428923
ENSSSCG00000021728,-0.289717603961706,0.774458752770575
ENSSSCG00000026108,-1.96619539223541,0.973180333493209
ENSSSCG00000025260,5.84971558794667,5.83213422087303
ENSSSCG00000030209,2.75258133899587,2.79092608296928
ENSSSCG00000024221,5.28422902936655,5.22711007917365
ENSSSCG00000000141,7.75940850144292,7.54473021916247
ENSSSCG00000000142,3.56965951235715,3.58551807282603
ENSSSCG00000000144,6.33746316494008,6.2129498980622
ENSSSCG00000000162,2.8306559884474,3.16562872641229
ENSSSCG00000000164,5.44552166727116,5.62435050176156
ENSSSCG00000039109,3.95498970508926,4.35746837872483
ENSSSCG00000038968,7.00979996394803,6.10059985734233
ENSSSCG00000000167,4.55172328966111,5.29017336795061
ENSSSCG00000052141,-1.76904577456744,-1.37962819886108
ENSSSCG00000057209,4.93598878275298,5.42670592057425
ENSSSCG00000024881,5.07400134365162,6.28540908655979
ENSSSCG00000000171,5.65637779889176,4.16519497479506
ENSSSCG00000032861,4.05270462609372,4.74662295402345
ENSSSCG00000043036,-2.80087696638474,-0.724143750785594
ENSSSCG00000000232,4.40632093419752,3.8704146169824
ENSSSCG00000000233,4.87649365725498,5.48990712233744
ENSSSCG00000000234,2.51787418640574,2.06127417365364
ENSSSCG00000031321,4.078535234066,3.42936454257034
ENSSSCG00000033687,4.57232280648654,4.46451519650864
ENSSSCG00000040636,1.84449092952033,3.10338271409922
ENSSSCG00000055044,-2.80087696638474,-0.580978849888471
ENSSSCG00000000248,2.28256878788505,0.480036609493032
ENSSSCG00000000250,-0.503005667143942,-3.86672707663002
ENSSSCG00000037806,2.4101085229922,-2.92464516734468
ENSSSCG00000000131,4.2978022842804,2.77104214505238
ENSSSCG00000062762,0.748463530495347,0.343090997642991
ENSSSCG00000055168,-1.44083485948891,-0.801432154592459
ENSSSCG00000042139,4.63023175841048,2.79092608296928
ENSSSCG00000058508,1.28066902659574,1.71782176674871
ENSSSCG00000059218,2.66151846255649,3.03832948289955
ENSSSCG00000045128,4.57004844256059,2.89870106029881
ENSSSCG00000043586,-0.94826101088964,-1.63861791175253
ENSSSCG00000042921,1.66858646664768,2.77104214505238
ENSSSCG00000053175,6.40664760635199,6.70508654382801
ENSSSCG00000044335,-1.44083485948891,-0.0699026685752995
ENSSSCG00000053804,0.841916534859911,1.52551466820507
ENSSSCG00000041189,3.60563553992072,4.62635393057579
ENSSSCG00000047641,-0.753389730293386,-1.78793082929158
ENSSSCG00000020211,-1.76904577456744,-1.16013180230037
ENSSSCG00000057223,1.324503892854,-1.16013180230037
ENSSSCG00000053481,1.16487493893756,-1.50331917830221
ENSSSCG00000062487,3.16796145904304,1.71782176674871
ENSSSCG00000029249,2.27141351306507,4.60779025246886
ENSSSCG00000000950,3.69601391356227,3.30120598251763
ENSSSCG00000000951,5.58044801808882,5.4756447929788
ENSSSCG00000000952,5.30625892722141,5.6372221814606
ENSSSCG00000000943,-0.847537601777033,-0.969662564375006
ENSSSCG00000038973,7.47028050685156,7.10452101176256
ENSSSCG00000036560,6.65271280809917,7.09055023049721
ENSSSCG00000000948,-0.753389730293386,2.05031729144738
ENSSSCG00000025041,3.92682692850811,4.10822247590328
ENSSSCG00000043130,0.384321665410682,1.24711535386201
ENSSSCG00000044577,0.748463530495347,1.12710621877915
ENSSSCG00000000890,4.28121397068151,4.27515927236984
ENSSSCG00000000871,-2.46613199464794,-0.450747065242323
ENSSSCG00000000873,5.59729780428181,5.12767612052765
ENSSSCG00000038487,3.95149927684613,4.81619017188233
ENSSSCG00000000862,5.59841415696258,5.68227709532882
ENSSSCG00000036075,4.61044830250203,4.73640517275129
ENSSSCG00000023972,3.82750178086163,4.41839003074282
ENSSSCG00000000863,-0.225096418835447,0.066857978120369
ENSSSCG00000000864,6.19196995860342,6.32458744045435
ENSSSCG00000000866,0.715917087066103,1.14781387260733
ENSSSCG00000000867,2.79214674718859,2.91086700396588
ENSSSCG00000000870,7.50075051652037,7.05741578760457
ENSSSCG00000000869,4.33845731434379,5.13287891361078
ENSSSCG00000047368,-0.163246077098895,-0.0699026685752995
ENSSSCG00000000874,1.63416494499211,1.35790376000462
ENSSSCG00000000875,-0.581735609749139,-2.35951718500686
ENSSSCG00000038946,-0.289717603961706,1.20821105392266
ENSSSCG00000000877,6.3428019649509,6.36051394476347
ENSSSCG00000025682,4.93598878275298,4.80645503143421
ENSSSCG00000026697,6.54740170245371,6.93431339897414
ENSSSCG00000022083,2.2601713103169,1.06313784412392
ENSSSCG00000000884,5.20289507761488,6.36880636417207
ENSSSCG00000038772,4.7872845684053,3.85790121470869
ENSSSCG00000000886,8.64050543090418,8.2299660845856
ENSSSCG00000000856,1.7986042665823,-1.63861791175253
ENSSSCG00000000857,4.32772750033815,2.64561491550367
ENSSSCG00000000859,0.613625923982859,0.109708133942356
ENSSSCG00000000860,2.70362447409169,2.90479685619967
ENSSSCG00000033574,7.51234606326305,7.90169573371097
ENSSSCG00000000905,5.13065715129716,4.97671087018968
ENSSSCG00000000906,2.4101085229922,3.17069667254303
ENSSSCG00000024563,6.07172904405849,5.97803346129117
ENSSSCG00000000907,4.72117969736534,5.28550886652116
ENSSSCG00000053891,5.7647601613819,5.39240981657998
ENSSSCG00000030478,3.78106272098611,3.87352608194772
ENSSSCG00000000908,6.58393004741649,6.18629765420063
ENSSSCG00000040056,5.71724989039125,6.76369777912682
ENSSSCG00000044340,5.89675425947212,6.37595477378091
ENSSSCG00000054432,-1.76904577456744,-0.275097240265819
ENSSSCG00000051152,-1.1736270562095,-0.580978849888471
ENSSSCG00000060820,-1.44083485948891,-0.275097240265819
ENSSSCG00000041533,-1.1736270562095,-1.06175616837389
ENSSSCG00000055544,1.65147836204809,2.56322591732365
ENSSSCG00000047567,-2.46613199464794,-1.06175616837389
ENSSSCG00000054173,-1.5956269400881,-0.883096611932229
ENSSSCG00000054130,-1.76904577456744,-0.118530588140316
ENSSSCG00000044054,-0.753389730293386,-1.37962819886108
ENSSSCG00000058405,0.299003801631898,0.720185961482743
ENSSSCG00000050072,-0.289717603961706,-0.168854921246468
ENSSSCG00000018262,-0.357369586612393,-0.331304090129519
ENSSSCG00000000910,2.5272833570641,2.50823576496658
ENSSSCG00000057823,1.28066902659574,1.46078781820194
ENSSSCG00000031925,2.4101085229922,2.8426478762261
ENSSSCG00000000107,6.37703075560702,6.58826864900602
ENSSSCG00000000108,5.80399745735102,5.35949947027934
ENSSSCG00000031660,0.160749279997622,-0.969662564375006
ENSSSCG00000051883,5.12756730217473,5.00960903894158
ENSSSCG00000022364,4.1952847513568,3.05486985244482
ENSSSCG00000034776,-0.847537601777033,0.191769503652254
ENSSSCG00000000002,1.76718173794872,0.826763660403192
ENSSSCG00000000003,6.83897421872237,6.25888464369936
ENSSSCG00000035583,-0.503005667143942,-1.26570965698543
ENSSSCG00000000005,4.20117536460575,4.17279251140364
ENSSSCG00000000006,2.43031054195301,2.92293121210674
ENSSSCG00000032428,5.926393646165,5.90616795325767
ENSSSCG00000027365,3.98943724956418,5.01102251632131
ENSSSCG00000024864,6.79290891747883,6.41918205939459
ENSSSCG00000000010,10.6406582618275,9.47842153457853
ENSSSCG00000024718,7.74284531682738,7.27745266546559
ENSSSCG00000032971,0.901016344624057,1.46078781820194
ENSSSCG00000000967,7.18350375424974,7.08082416913191
ENSSSCG00000031420,3.57420588393168,3.06034143483319
ENSSSCG00000000965,3.4007752754125,3.37770673814231
ENSSSCG00000000964,6.50159482710832,6.1078839678238
ENSSSCG00000034843,6.11449443543652,6.65623973891521
ENSSSCG00000032820,5.6531582845983,6.1514738094467
ENSSSCG00000000647,2.78431999506382,0.774458752770575
ENSSSCG00000000645,6.5726139760114,7.10418994154239
ENSSSCG00000000748,-0.103938698558373,-2.35951718500686
ENSSSCG00000000749,-0.289717603961706,-2.92464516734468
ENSSSCG00000030076,0.715917087066103,-0.883096611932229
ENSSSCG00000000751,2.90472149051255,3.27791146848435
ENSSSCG00000000719,5.30215386379215,5.06645520653599
ENSSSCG00000000720,2.46009285868458,3.15031718730706
ENSSSCG00000000721,1.70220582089016,1.92395712532492
ENSSSCG00000000722,1.09065751143433,1.39302001591966
ENSSSCG00000000723,4.73545727617879,4.69830838228846
ENSSSCG00000024219,3.56965951235715,2.89257939860165
ENSSSCG00000038694,4.14421898484408,4.34407218101223
ENSSSCG00000000728,3.77317544011881,3.21552444896481
ENSSSCG00000000732,1.48762675172783,1.75878269330764
ENSSSCG00000000730,1.09065751143433,0.231113683523015
ENSSSCG00000033327,3.64073622851727,4.50921124337659
ENSSSCG00000060236,2.06725074680192,3.24945229500085
ENSSSCG00000054928,1.46821691359075,1.82456795126936
ENSSSCG00000040334,6.00426377758334,5.77337949160023
ENSSSCG00000000092,4.23315070803212,4.06804613406909
ENSSSCG00000000093,6.88955421812566,6.90989646251662
ENSSSCG00000000095,6.82187163339062,6.6710682148723
ENSSSCG00000000094,7.18981293307816,7.99696842772057
ENSSSCG00000039555,5.2505403037072,5.71126070921062
ENSSSCG00000000097,6.3267259269668,6.04924265486518
ENSSSCG00000043051,5.83936574656092,5.83851723449411
ENSSSCG00000035577,4.83352695259708,5.38479761289869
ENSSSCG00000055522,5.04808869679453,5.44982028385517
ENSSSCG00000000103,0.208321522646333,0.634745314624147
ENSSSCG00000000104,9.37085374509145,9.89240216573302
ENSSSCG00000000105,6.03096830151163,3.58930795029306
ENSSSCG00000000955,5.14905855304734,5.19762042986269
ENSSSCG00000038763,4.82592208724165,5.44773421430857
ENSSSCG00000031441,5.76873226216362,6.13276799837633
ENSSSCG00000031361,8.2814855345358,9.70349219095525
ENSSSCG00000000635,1.46821691359075,1.22779433856161
ENSSSCG00000000636,-0.94826101088964,-1.16013180230037
ENSSSCG00000000640,-0.103938698558373,0.066857978120369
ENSSSCG00000040465,0.648535071030343,1.6898537845966
ENSSSCG00000026217,-1.5956269400881,-0.801432154592459
ENSSSCG00000029464,5.40908579004245,6.17625348628836
ENSSSCG00000000766,2.9403754844187,4.36190627741611
ENSSSCG00000054115,6.95725219623905,6.40366141089716
ENSSSCG00000040373,5.43930490855557,5.33487894675519
ENSSSCG00000000769,4.52379159070698,4.37074132909261
ENSSSCG00000000770,6.42060009955774,7.67125353758886
ENSSSCG00000027190,6.50695506904567,5.72252051528377
ENSSSCG00000060615,1.65147836204809,1.14781387260733
ENSSSCG00000000774,5.77565723151285,4.62635393057579
ENSSSCG00000000778,2.02801948508034,1.01886012427252
ENSSSCG00000052986,0.957790112127212,1.04116884334027
ENSSSCG00000000656,0.299003801631898,0.151322202724095
ENSSSCG00000000653,-0.94826101088964,2.28340015971318
ENSSSCG00000000734,4.23602272036232,3.27320708811375
ENSSSCG00000000735,6.17261291995347,5.2331786101303
ENSSSCG00000000736,2.98885557233165,3.05486985244482
ENSSSCG00000000737,6.75035472020672,6.4923527491763
ENSSSCG00000000738,5.51100914378015,3.507551579572
ENSSSCG00000000739,2.72831056127704,0.378565244869403
ENSSSCG00000000740,2.21430541888211,1.89974434301656
ENSSSCG00000000741,2.76058170235838,3.06034143483319
ENSSSCG00000000742,4.99990184785204,4.3904245647686
ENSSSCG00000000743,10.167712251587,8.3310367652995
ENSSSCG00000000744,-1.05654789507939,-2.14284221802902
ENSSSCG00000000745,4.488098882623,4.57758239510248
ENSSSCG00000000746,5.21604605695667,5.30407706197579
ENSSSCG00000044015,-0.503005667143942,0.6051024001257
ENSSSCG00000024152,6.00762900074542,5.67427036035652
ENSSSCG00000049579,-0.289717603961706,-1.26570965698543
ENSSSCG00000037609,5.12447082125399,5.09072154028797
ENSSSCG00000000633,6.35077330308386,6.72287815359107
ENSSSCG00000000753,6.93842081519014,7.10551376682229
ENSSSCG00000030165,1.82935696214862,2.42585407584627
ENSSSCG00000000110,4.85983266151564,4.43743799797972
ENSSSCG00000000754,3.81218758787805,3.7903636675655
ENSSSCG00000000755,6.22920137346535,6.01442976659412
ENSSSCG00000000111,2.04121546325762,1.89974434301656
ENSSSCG00000000759,1.75121004166391,2.8105396921843
ENSSSCG00000000113,-0.581735609749139,-1.63861791175253
ENSSSCG00000000114,5.19258301014931,5.1801355895662
ENSSSCG00000052463,2.59148335847871,2.91086700396588
ENSSSCG00000000116,4.98290535657391,5.49395630981449
ENSSSCG00000000757,6.3587008390081,6.05267818316186
ENSSSCG00000039315,0.577851083508549,0.800848232904328
ENSSSCG00000026537,2.47961156701835,-1.95450014976733
ENSSSCG00000000117,6.57658470534257,6.51643861191845
ENSSSCG00000000118,6.46105221627002,6.45545278422071
ENSSSCG00000000119,8.00941622011133,7.81453255299583
ENSSSCG00000000760,0.957790112127212,-0.650786169073976
ENSSSCG00000023976,3.4007752754125,3.39079562950206
ENSSSCG00000059113,-0.428350711608159,-0.724143750785594
ENSSSCG00000000007,3.9196994873672,4.11086153274621
ENSSSCG00000039522,4.1834308748793,3.6192738091208
ENSSSCG00000023749,-0.357369586612393,-2.61458503095514
ENSSSCG00000059591,0.87176904556138,-2.35951718500686
ENSSSCG00000000968,7.33952456390171,7.29438394431774
ENSSSCG00000000970,7.10987172208574,7.27715899729803
ENSSSCG00000034272,7.61492217221685,8.03983693310731
ENSSSCG00000000059,6.09801374953787,5.76167175758823
ENSSSCG00000034265,4.51199186645499,4.09228594637176
ENSSSCG00000000061,4.14421898484408,3.66667867364077
ENSSSCG00000000062,3.95847170903587,5.32922428713156
ENSSSCG00000000063,2.43031054195301,2.35638466866671
ENSSSCG00000000064,8.23325181472832,7.58063276962686
ENSSSCG00000035082,4.96916250473435,5.16116365081359
ENSSSCG00000037958,7.4178111576883,7.75356457223222
ENSSSCG00000035152,5.97361822589803,6.74045302375408
ENSSSCG00000033036,7.61299023594454,8.00337395465932
ENSSSCG00000028202,5.69027952998719,6.21601728222733
ENSSSCG00000000067,0.464874497983746,-0.51439395667637
ENSSSCG00000000066,5.34002101449651,5.04729509840518
ENSSSCG00000000068,7.24503092137136,7.55736171660306
ENSSSCG00000034230,6.48961139103509,6.2730916742871
ENSSSCG00000033823,5.26467299746481,5.16751539160792
ENSSSCG00000000071,8.61149408577008,8.68214446367452
ENSSSCG00000000072,5.39116116467913,4.75001286265918
ENSSSCG00000000075,3.58775966357871,4.09495428970218
ENSSSCG00000000076,6.12227669810025,5.78664444388719
ENSSSCG00000000077,5.10418005723564,4.96945873205175
ENSSSCG00000000078,4.00635741057301,4.33507177356231
ENSSSCG00000000079,4.8182769219013,5.03623112272814
ENSSSCG00000000080,-1.1736270562095,-0.275097240265819
ENSSSCG00000000025,1.71872620129392,1.42730178812359
ENSSSCG00000000024,3.00914420339244,1.8626457560383
ENSSSCG00000028346,5.63912343141845,5.23075426007606
ENSSSCG00000027266,-1.44083485948891,-0.883096611932229
ENSSSCG00000000026,0.254375037426665,-1.26570965698543
ENSSSCG00000060901,2.22590931707906,2.92892569430666
ENSSSCG00000000028,4.44655000981704,4.82746542630027
ENSSSCG00000038685,2.22590931707906,2.35638466866671
ENSSSCG00000035991,2.61814651954306,1.91190152903124
ENSSSCG00000039074,1.11582327058225,1.28499803379961
ENSSSCG00000035755,1.54433696419247,0.692264219933096
ENSSSCG00000026092,8.01318806759743,7.10021116156177
ENSSSCG00000035565,5.1984846425573,3.52348560311752
ENSSSCG00000034405,3.88718294062455,1.24711535386201
ENSSSCG00000000058,6.97412181993312,7.04055875141132
ENSSSCG00000000106,0.87176904556138,-0.0228605115491758
ENSSSCG00000049725,0.342293330875861,0.109708133942356
ENSSSCG00000056023,-0.289717603961706,-0.275097240265819
ENSSSCG00000053202,-0.103938698558373,0.269413319240056
ENSSSCG00000061791,-0.753389730293386,0.0226960489355265
ENSSSCG00000060781,-1.3010534406464,-0.275097240265819
ENSSSCG00000063551,0.464874497983746,-2.35951718500686
ENSSSCG00000053509,2.28256878788505,1.63223675073198
ENSSSCG00000062767,-1.96619539223541,-0.51439395667637
ENSSSCG00000052297,0.425160216794395,0.151322202724095
ENSSSCG00000049044,-0.665011214899346,1.35790376000462
ENSSSCG00000062884,4.0230814273829,3.9103494631119
ENSSSCG00000058612,-1.05654789507939,-0.389789821758014
ENSSSCG00000060988,3.31645375125364,2.02815067824639
ENSSSCG00000051710,-1.44083485948891,-1.26570965698543
ENSSSCG00000060843,3.22110994226279,4.0267188280262
ENSSSCG00000047396,-0.0469734082326686,0.0226960489355265
ENSSSCG00000000091,2.54591957752837,2.60125966392602
ENSSSCG00000054712,-0.94826101088964,0.901828647831401
ENSSSCG00000055899,2.00125981237482,2.33848175918667
ENSSSCG00000062516,-0.753389730293386,-2.14284221802902
ENSSSCG00000000455,5.24199375314019,5.67783439629768
ENSSSCG00000000456,1.14055756446698,1.70390554777238
ENSSSCG00000000361,8.86071248287095,7.80722895510707
ENSSSCG00000000363,3.06835237360559,2.12532342728475
ENSSSCG00000000364,5.09313489412866,4.81619017188233
ENSSSCG00000000365,6.40409622811753,6.12756480456186
ENSSSCG00000000366,6.35077330308386,6.31889221892843
ENSSSCG00000000367,5.25621000532798,4.89638929100478
ENSSSCG00000000368,4.50009483649528,2.69569592357175
ENSSSCG00000023715,8.22514406163396,8.10366489905234
ENSSSCG00000023788,4.41141134471524,4.03507954072504
ENSSSCG00000030998,0.87176904556138,2.17660793203872
ENSSSCG00000000469,4.7026127113474,4.80319533155293
ENSSSCG00000026004,7.06050083958191,6.2469376355916
ENSSSCG00000036237,7.94527471588198,5.38588753273133
ENSSSCG00000000545,4.42153859749542,4.06260374976503
ENSSSCG00000053091,0.985360575284754,1.57222259459841
ENSSSCG00000000547,4.86169341347863,4.63920782748786
ENSSSCG00000000549,6.16810878530189,6.09993583818478
ENSSSCG00000000551,1.59890203838796,1.60254171360028
ENSSSCG00000022288,4.33845731434379,4.17026444217737
ENSSSCG00000041972,4.99821118112255,4.76013505727266
ENSSSCG00000000553,4.97948189710991,5.14322854733882
ENSSSCG00000000554,4.10076375502732,4.47479566596982
ENSSSCG00000030443,4.58589420574893,4.77352178121376
ENSSSCG00000022611,4.82210456874677,5.29017336795061
ENSSSCG00000000359,5.043177830867,4.16773193517703
ENSSSCG00000034686,-0.428350711608159,-1.78793082929158
ENSSSCG00000000457,4.86911251427859,4.61895709843687
ENSSSCG00000000458,6.14766432932149,6.06225436554935
ENSSSCG00000000534,5.94582026151599,5.87001544002022
ENSSSCG00000036751,5.9103022402517,4.75845294902904
ENSSSCG00000033383,-0.94826101088964,0.413188112875905
ENSSSCG00000000462,3.77317544011881,3.13484139978675
ENSSSCG00000029815,4.53549558807196,4.22731786064675
ENSSSCG00000039258,2.39990043044213,2.53991488424887
ENSSSCG00000063456,-1.96619539223541,-0.883096611932229
ENSSSCG00000000464,-0.503005667143942,-0.883096611932229
ENSSSCG00000000466,6.92290938439373,7.05707372794664
ENSSSCG00000024232,5.75878142927538,5.94513836657909
ENSSSCG00000031103,4.94303639656583,5.00252080434504
ENSSSCG00000045661,-2.19461582859326,-1.16013180230037
ENSSSCG00000000567,3.18589605513591,2.78432850690455
ENSSSCG00000039060,7.53263569232905,7.28038606404488
ENSSSCG00000040825,4.7374854445382,4.31232199028989
ENSSSCG00000000370,4.72935560734964,4.604048679891
ENSSSCG00000000528,5.6205617021283,6.48117755891698
ENSSSCG00000027429,3.07478353700702,3.54315879779995
ENSSSCG00000000371,-0.225096418835447,-1.06175616837389
ENSSSCG00000000530,2.73644627303554,3.48331563239148
ENSSSCG00000062039,4.79704139008876,4.91009062304634
ENSSSCG00000000376,5.66065933887182,4.88718224141436
ENSSSCG00000031139,5.04972194436967,5.01525465829873
ENSSSCG00000020725,6.12924502175884,7.25913124709504
ENSSSCG00000000531,2.80767400923913,2.76435279581209
ENSSSCG00000053807,8.55726867277516,8.28999931218866
ENSSSCG00000030616,6.00342124384472,6.83086588801464
ENSSSCG00000000377,6.77030360694904,7.0206984633125
ENSSSCG00000034407,6.25066161924133,5.74137762821631
ENSSSCG00000033766,5.71416353454658,4.91613858460875
ENSSSCG00000033310,9.90802845301851,9.87470263216033
ENSSSCG00000033568,3.82368844563602,3.60436867998078
ENSSSCG00000000379,6.36133370013272,6.3560717544229
ENSSSCG00000022636,2.17892299365621,2.38282924537441
ENSSSCG00000037732,6.03014122419136,6.83645747177524
ENSSSCG00000036893,4.0230814273829,3.61556193867093
ENSSSCG00000026719,4.74153324753273,4.78678543126955
ENSSSCG00000027447,3.32726742574501,3.18579456145464
ENSSSCG00000063428,3.0811861591189,0.231113683523015
ENSSSCG00000000536,5.96065459245218,5.1738392901847
ENSSSCG00000000382,7.44846915257132,7.6808319330464
ENSSSCG00000000383,5.66812159429541,5.51103968397295
ENSSSCG00000000384,5.30078290951687,4.80482610213521
ENSSSCG00000000385,1.30275293821975,0.663791401431833
ENSSSCG00000000386,5.40908579004245,5.5485100131346
ENSSSCG00000025190,2.46988522199915,2.02815067824639
ENSSSCG00000035686,6.93046433972851,6.45337484898508
ENSSSCG00000000394,7.16025713275641,5.53481811961952
ENSSSCG00000000393,6.78312401304996,6.49639508796827
ENSSSCG00000000396,6.33344605953225,5.69112165971562
ENSSSCG00000000399,1.63416494499211,1.26618103197673
ENSSSCG00000000541,1.93210506278503,1.73160503149834
ENSSSCG00000000398,0.425160216794395,-0.275097240265819
ENSSSCG00000000555,4.13193619012817,5.33600722391602
ENSSSCG00000028066,2.66151846255649,2.6815635771672
ENSSSCG00000000401,1.09065751143433,0.800848232904328
ENSSSCG00000000402,5.41035763881071,5.62342668667485
ENSSSCG00000042702,-0.665011214899346,-2.35951718500686
ENSSSCG00000052150,-1.96619539223541,-0.969662564375006
ENSSSCG00000046199,0.0606232623061967,-0.275097240265819
ENSSSCG00000000403,5.98817088680106,6.73447588901613
ENSSSCG00000059539,5.75378015586967,5.41607570721644
ENSSSCG00000062311,2.15484323487455,2.58616627273042
ENSSSCG00000059862,-1.5956269400881,-0.969662564375006
ENSSSCG00000000405,8.83359364154124,8.55782468840063
ENSSSCG00000000406,7.94417749738474,8.11422547215614
ENSSSCG00000060628,5.71519305362882,5.31441759904561
ENSSSCG00000020830,9.27331056569754,9.27234073348858
ENSSSCG00000026055,2.79214674718859,3.06579234401381
ENSSSCG00000027854,-0.357369586612393,1.30357276293605
ENSSSCG00000052675,-0.357369586612393,-0.168854921246468
ENSSSCG00000037701,3.63204079352504,3.97840384607626
ENSSSCG00000037617,2.89748372295634,3.39079562950206
ENSSSCG00000055762,5.75778256063323,-0.118530588140316
ENSSSCG00000000413,1.50677891522418,0.151322202724095
ENSSSCG00000025542,3.37495030233802,4.10027621610696
ENSSSCG00000000411,4.17147879379691,4.83227083232856
ENSSSCG00000040435,6.90587739987268,7.03396898639519
ENSSSCG00000050398,2.01470169144954,3.47104325081593
ENSSSCG00000037077,5.22474724597021,4.35968903450673
ENSSSCG00000027621,2.33708688541697,1.04116884334027
ENSSSCG00000026498,6.79388376772988,6.88390243079287
ENSSSCG00000000453,3.11277986246647,3.23016276139433
ENSSSCG00000057523,2.70362447409169,1.89974434301656
ENSSSCG00000052454,0.208321522646333,0.747577553315015
ENSSSCG00000059714,-0.847537601777033,-1.95450014976733
ENSSSCG00000059428,-0.103938698558373,0.191769503652254
ENSSSCG00000052942,-1.76904577456744,-0.969662564375006
ENSSSCG00000019795,-1.44083485948891,-1.16013180230037
ENSSSCG00000037597,4.06567773954214,4.05165699907035
ENSSSCG00000039506,10.1475004924902,9.06181150756324
ENSSSCG00000052944,-0.94826101088964,0.066857978120369
ENSSSCG00000000014,6.00678843057838,6.31374722581743
ENSSSCG00000031423,0.715917087066103,3.82613446140251
ENSSSCG00000000018,6.77919139316739,6.50795411552656
ENSSSCG00000000019,6.32537813595348,6.3852495672353
ENSSSCG00000000021,5.26044770698136,5.05553775130832
ENSSSCG00000021748,3.687646296855,3.69509512330271
ENSSSCG00000000022,7.04133708713515,7.07644283484799
ENSSSCG00000060019,4.61265990889702,4.44999834486928
ENSSSCG00000059058,7.94593264665709,7.37535927661567
ENSSSCG00000039538,3.99283719440183,3.98129113783476
ENSSSCG00000038126,3.45107843294489,3.34669612062099
ENSSSCG00000000087,5.73563064221578,5.6769442124037
ENSSSCG00000020873,5.79428772400077,5.85277658976806
ENSSSCG00000040494,10.0239002762509,9.94205905416269
ENSSSCG00000060964,1.34593178147808,1.55682069776002
ENSSSCG00000000020,3.4007752754125,2.86157528753835
ENSSSCG00000000082,1.36704606077518,-1.63861791175253
ENSSSCG00000034473,-0.581735609749139,-0.389789821758014
ENSSSCG00000031661,5.41035763881071,5.46846040399612
ENSSSCG00000000174,-0.847537601777033,-0.450747065242323
ENSSSCG00000000175,7.37968587411234,7.40657196940245
ENSSSCG00000032967,5.60064427417138,5.46640113294074
ENSSSCG00000000176,5.88490887604417,6.03263727058076
ENSSSCG00000038562,1.85946778722825,2.92293121210674
ENSSSCG00000000179,6.62559193971012,6.57829169789286
ENSSSCG00000059895,6.24639503200935,4.73298310065254
ENSSSCG00000032202,6.63323731595565,6.42184123835508
ENSSSCG00000051954,5.3821146407556,5.30522967739344
ENSSSCG00000000182,0.682619433441756,1.16822850108867
ENSSSCG00000000185,5.88032693632702,5.65902420607249
ENSSSCG00000042640,7.1960946407648,7.89978946695287
ENSSSCG00000000186,-1.1736270562095,1.34001980880434
ENSSSCG00000000188,-0.665011214899346,-2.92464516734468
ENSSSCG00000000189,4.54015072985995,5.61415585367485
ENSSSCG00000000190,7.58313258575414,7.77701615364069
ENSSSCG00000000194,6.5264406385843,6.59629499744871
ENSSSCG00000061347,8.98574096195613,8.46211926965214
ENSSSCG00000000195,1.18878921645065,-0.168854921246468
ENSSSCG00000023176,0.87176904556138,0.0226960489355265
ENSSSCG00000000197,5.47620986718893,2.70969117426895
ENSSSCG00000000198,2.89020946153077,1.61746563255219
ENSSSCG00000000199,6.75135874307864,5.40644108193656
ENSSSCG00000000203,5.91120093139305,6.1489080720823
ENSSSCG00000000202,5.63695205323722,5.12376167547887
ENSSSCG00000053843,-0.163246077098895,-0.168854921246468
ENSSSCG00000000205,3.06835237360559,3.49548449808059
ENSSSCG00000000204,5.79428772400077,6.29065595391113
ENSSSCG00000025114,4.20996643151759,4.42476733747514
ENSSSCG00000029652,9.57319579938287,9.38986129826524
ENSSSCG00000000209,4.57686080612584,4.25859463547142
ENSSSCG00000040144,3.51868035856767,3.57790831911178
ENSSSCG00000000207,7.06616033058465,6.35829455933144
ENSSSCG00000000206,4.87465190882293,4.57184732420147
ENSSSCG00000000211,5.60398299956286,-0.51439395667637
ENSSSCG00000000212,-0.581735609749139,-3.86672707663002
ENSSSCG00000000217,2.78431999506382,2.66729142251727
ENSSSCG00000000216,0.208321522646333,0.231113683523015
ENSSSCG00000000215,6.73012611764791,6.32572379180811
ENSSSCG00000000214,5.15665706813262,4.6895079014773
ENSSSCG00000056361,3.35395223134525,3.2919332629483
ENSSSCG00000024932,5.6150566090392,5.40965977811281
ENSSSCG00000032269,6.00342124384472,5.82973329109401
ENSSSCG00000026061,-1.5956269400881,-0.883096611932229
ENSSSCG00000000661,6.22920137346535,5.742228941074
ENSSSCG00000000665,5.9787712377026,6.96818128693482
ENSSSCG00000031712,2.96827754751789,2.28340015971318
ENSSSCG00000000668,3.75727032724029,4.07075964651888
ENSSSCG00000025531,6.30227091605843,6.21662997723036
ENSSSCG00000060176,-0.581735609749139,-2.92464516734468
ENSSSCG00000028552,5.38081763695423,6.2730916742871
ENSSSCG00000000559,5.82513159131971,5.22467550126405
ENSSSCG00000027144,4.8429770056715,4.72094151850558
ENSSSCG00000055387,-0.289717603961706,1.28499803379961
ENSSSCG00000050339,1.73505954565087,0.692264219933096
ENSSSCG00000026969,5.67554545017501,5.54070199249082
ENSSSCG00000033843,2.64432583421443,3.06579234401381
ENSSSCG00000040550,5.13835294556186,5.04867214841348
ENSSSCG00000000563,2.51787418640574,2.73043273786855
ENSSSCG00000029163,5.53918700856691,4.72955289209655
ENSSSCG00000041524,-0.665011214899346,-0.331304090129519
ENSSSCG00000055822,-1.96619539223541,-0.580978849888471
ENSSSCG00000022925,5.3157922266856,4.45623774772008
ENSSSCG00000039580,3.16796145904304,3.94033355247136
ENSSSCG00000025179,5.5894590542868,5.44459944338857
ENSSSCG00000033146,3.41097720151772,4.27751019935945
ENSSSCG00000025252,5.86092228191959,5.75156037683752
ENSSSCG00000000672,3.11277986246647,0.543924309209927
ENSSSCG00000054936,0.00782776903463305,-0.724143750785594
ENSSSCG00000033913,3.56509876847735,2.90479685619967
ENSSSCG00000060530,6.93444806245613,6.15595289933491
ENSSSCG00000055651,6.55604638681261,5.72252051528377
ENSSSCG00000027205,4.3727881211328,3.66308693729257
ENSSSCG00000026812,5.08996353911278,5.00109896872219
ENSSSCG00000024655,6.50338378818222,6.29007391008655
ENSSSCG00000026919,-0.753389730293386,-0.118530588140316
ENSSSCG00000025537,5.47134341098202,5.09339277596379
ENSSSCG00000040186,5.19258301014931,4.56608936394891
ENSSSCG00000025117,7.97286790461428,7.7916877462889
ENSSSCG00000028373,6.40026068064704,5.99170041506532
ENSSSCG00000000679,6.21252958067372,6.29762222511933
ENSSSCG00000025460,2.71190019265781,2.80403140524322
ENSSSCG00000000685,8.56799313469928,8.1175098605622
ENSSSCG00000000684,6.55317057699783,5.86611556799521
ENSSSCG00000000683,0.901016344624057,-0.275097240265819
ENSSSCG00000000682,1.36704606077518,1.58746179948828
ENSSSCG00000000681,6.11136973794389,5.18515291893786
ENSSSCG00000000680,0.111554715953384,0.543924309209927
ENSSSCG00000000687,-1.96619539223541,-0.275097240265819
ENSSSCG00000000688,-2.46613199464794,-1.06175616837389
ENSSSCG00000022176,7.87100659575777,7.21289743560356
ENSSSCG00000061945,1.52568015604393,2.26456216861488
ENSSSCG00000000690,7.14696671186496,6.50143213562642
ENSSSCG00000000691,5.4701242276933,5.08133307267156
ENSSSCG00000000692,-0.753389730293386,-1.95450014976733
ENSSSCG00000000702,6.29126752594312,6.07514977139261
ENSSSCG00000044078,5.41543385110599,5.31556198587618
ENSSSCG00000000700,3.60118729289602,3.07663276352414
ENSSSCG00000000699,2.19081381452182,2.44271105199964
ENSSSCG00000058536,1.52568015604393,1.55682069776002
ENSSSCG00000000697,7.81928169036508,8.0053255397844
ENSSSCG00000000696,5.39244890688825,5.69728074989801
ENSSSCG00000000695,4.61707297662944,3.98129113783476
ENSSSCG00000000694,10.7070752160402,8.91844122013213
ENSSSCG00000000693,4.86726131285004,4.60217424844161
ENSSSCG00000039662,4.00971775935811,3.87352608194772
ENSSSCG00000000703,3.25548475433632,3.31500426226794
ENSSSCG00000000704,6.21180033141284,5.88010604428504
ENSSSCG00000063084,0.160749279997622,0.774458752770575
ENSSSCG00000000706,6.30569233561223,6.07650050150616
ENSSSCG00000000707,5.55767107132632,7.16259124365777
ENSSSCG00000000708,6.49321688488904,6.45337484898508
ENSSSCG00000000709,3.46583360755166,4.80319533155293
ENSSSCG00000022230,8.41277042247972,8.63456578449331
ENSSSCG00000000601,0.929682484613295,-0.801432154592459
ENSSSCG00000000602,7.39646973445639,6.97471561978571
ENSSSCG00000033337,4.46869543833704,4.2394277659383
ENSSSCG00000037697,8.58301569095538,7.53959752100037
ENSSSCG00000000607,-0.94826101088964,-1.95450014976733
ENSSSCG00000000611,6.53637687931068,6.3966493060376
ENSSSCG00000039307,4.81251634298115,4.64103478518383
ENSSSCG00000026724,0.87176904556138,1.18835828160125
ENSSSCG00000057970,0.682619433441756,2.73043273786855
ENSSSCG00000000612,6.09168553682013,6.54745311085915
ENSSSCG00000028516,5.89675425947212,6.06701872529517
ENSSSCG00000029196,5.49311434397645,5.65631690306686
ENSSSCG00000028060,6.02765714350668,6.04924265486518
ENSSSCG00000000228,1.88896298917059,1.95953100743037
ENSSSCG00000053489,-1.44083485948891,0.306722442383792
ENSSSCG00000016138,5.4591049649742,5.30983095246121
ENSSSCG00000033412,5.95456480004201,5.38697662977849
ENSSSCG00000034555,0.648535071030343,0.877238412496071
ENSSSCG00000000657,3.45601361111522,3.34669612062099
ENSSSCG00000039708,-1.1736270562095,-0.883096611932229
ENSSSCG00000000660,5.49071151194592,5.81847581632542
ENSSSCG00000000664,2.34774757151488,3.00466873565346
ENSSSCG00000040743,6.7255353272455,6.70246439155965
ENSSSCG00000000029,7.44537046585296,7.1837396268702
ENSSSCG00000000034,7.21768608909336,7.46033172436491
ENSSSCG00000000033,4.04289765600648,5.60856462252031
ENSSSCG00000000031,4.41394983039547,4.33732714495905
ENSSSCG00000000035,5.85532981644919,5.65812233611008
ENSSSCG00000000036,6.93400596943237,7.03917393163391
ENSSSCG00000000037,6.74884737455326,6.66927892023501
ENSSSCG00000026962,3.47071865330916,4.02951111928058
ENSSSCG00000033983,4.32772750033815,4.72266791020141
ENSSSCG00000034350,5.29390852806894,3.96388007011859
ENSSSCG00000037425,2.08009429229325,0.973180333493209
ENSSSCG00000032171,5.41035763881071,5.89549353517721
ENSSSCG00000000046,4.488098882623,2.87405700009082
ENSSSCG00000000045,4.72322802275393,4.20526052872888
ENSSSCG00000020945,4.67324723903207,4.07075964651888
ENSSSCG00000000050,7.0005406343709,6.33365328795174
ENSSSCG00000038492,3.66651243189212,3.09807225595263
ENSSSCG00000000040,1.28066902659574,0.480036609493032
ENSSSCG00000062194,-1.1736270562095,-1.06175616837389
ENSSSCG00000042788,0.160749279997622,0.901828647831401
ENSSSCG00000000038,6.92290938439373,6.7310492321532
ENSSSCG00000000039,7.47393457482058,7.44472691449701
ENSSSCG00000044454,0.208321522646333,-0.883096611932229
ENSSSCG00000000156,5.043177830867,5.3201304771403
ENSSSCG00000000157,2.59148335847871,3.03832948289955
ENSSSCG00000000158,5.909402988944,5.65450920781778
ENSSSCG00000000160,4.40376897767296,4.85448682146576
ENSSSCG00000041669,-2.80087696638474,0.0226960489355265
ENSSSCG00000000161,5.07400134365162,4.90553795508368
ENSSSCG00000039316,1.56275558109478,1.10609700495897
ENSSSCG00000000619,3.30007972835331,2.86782964222017
ENSSSCG00000040275,4.74153324753273,4.64468177448369
ENSSSCG00000029545,-0.665011214899346,-1.63861791175253
ENSSSCG00000029592,0.985360575284754,3.42088233897337
ENSSSCG00000033149,4.82592208724165,4.94895663282815
ENSSSCG00000037144,5.6691844868918,6.2469376355916
ENSSSCG00000040400,-2.19461582859326,-0.580978849888471
ENSSSCG00000044330,0.87176904556138,2.02815067824639
ENSSSCG00000034418,4.75561178512516,5.44877762612671
ENSSSCG00000032097,5.10260734456084,5.51503007269442
ENSSSCG00000032804,3.49489880474933,3.49548449808059
ENSSSCG00000000625,3.86879640775838,4.604048679891
ENSSSCG00000000623,2.58248499665162,2.10428804524604
ENSSSCG00000040835,7.00433572752911,5.79815206303426
ENSSSCG00000000795,-0.0469734082326686,-0.801432154592459
ENSSSCG00000000800,2.54591957752837,2.82346884227012
ENSSSCG00000000799,3.40588525623016,3.33319905123466
ENSSSCG00000023868,2.00125981237482,2.56322591732365
ENSSSCG00000041764,5.71930379891511,4.46863617933797
ENSSSCG00000043418,4.23888902665658,4.82746542630027
ENSSSCG00000000765,6.58618264936391,6.48525128712242
ENSSSCG00000000764,3.6918361717117,3.7771330249621
ENSSSCG00000035218,1.71872620129392,2.79749362501286
ENSSSCG00000000443,2.75258133899587,2.73728085074703
ENSSSCG00000000437,2.3263468361721,2.13572720940697
ENSSSCG00000023318,5.89856802461393,5.55530753762011
ENSSSCG00000050998,4.51908327577939,4.19534796975681
ENSSSCG00000000431,6.18381211666626,6.07244451135265
ENSSSCG00000000444,7.62837376908208,7.48113399742675
ENSSSCG00000000439,1.84449092952033,2.24547494246517
ENSSSCG00000000436,8.02319838127757,6.33421801630421
ENSSSCG00000000449,7.38551779472143,7.12555302191809
ENSSSCG00000000435,6.71682377385476,6.17436239489551
ENSSSCG00000036029,1.324503892854,0.066857978120369
ENSSSCG00000000433,3.89083229409153,2.9526576108983
ENSSSCG00000035875,7.53292765730478,6.74894905811004
ENSSSCG00000038732,2.22590931707906,2.06127417365364
ENSSSCG00000036731,6.10666996549611,5.5582109864856
ENSSSCG00000025092,6.28988618257191,6.07717539262343
ENSSSCG00000028637,0.464874497983746,0.306722442383792
ENSSSCG00000061324,3.45107843294489,3.38208290956991
ENSSSCG00000037619,3.56052356113456,3.43358701597623
ENSSSCG00000037767,4.37799801882217,4.47479566596982
ENSSSCG00000029571,1.0124140211341,0.413188112875905
ENSSSCG00000031707,7.75641112283916,8.33358090978886
ENSSSCG00000033013,4.21870425431413,4.25859463547142
ENSSSCG00000000842,5.49551318070452,5.81119220423344
ENSSSCG00000020533,1.14055756446698,2.09365420909009
ENSSSCG00000019918,0.425160216794395,0.720185961482743
ENSSSCG00000000841,6.76086227178743,6.92983664967573
ENSSSCG00000000840,5.41035763881071,5.81362416301479
ENSSSCG00000000839,4.72935560734964,4.46657715934426
ENSSSCG00000027792,2.66151846255649,2.96437876298604
ENSSSCG00000000838,3.99961314051722,2.91086700396588
ENSSSCG00000023803,5.21313395949095,4.00701998574096
ENSSSCG00000000891,7.21913828555944,6.40312322656226
ENSSSCG00000000893,1.93210506278503,0.231113683523015
ENSSSCG00000000894,0.00782776903463305,-0.51439395667637
ENSSSCG00000000895,3.31101636625581,3.04937743944045
ENSSSCG00000000896,4.77943132197348,4.9519034026281
ENSSSCG00000021307,-1.44083485948891,-0.969662564375006
ENSSSCG00000030608,6.67827779213943,6.41705118156752
ENSSSCG00000061426,-1.5956269400881,-1.37962819886108
ENSSSCG00000063366,-1.1736270562095,-0.220998320347156
ENSSSCG00000000900,5.00159053564039,5.00960903894158
ENSSSCG00000000901,3.45601361111522,2.91086700396588
ENSSSCG00000056848,2.8306559884474,2.53206007975693
ENSSSCG00000000902,4.40376897767296,4.82103321806101
ENSSSCG00000000801,2.10544337267369,0.901828647831401
ENSSSCG00000035733,10.2318368071559,10.3846171415363
ENSSSCG00000033171,2.79993126747808,3.08739233516866
ENSSSCG00000032693,3.90894186476187,3.87972895243467
ENSSSCG00000000971,4.77746131263844,4.98680300636501
ENSSSCG00000000972,5.54267085760977,5.90236472119543
ENSSSCG00000000973,4.10076375502732,3.75368335878949
ENSSSCG00000000974,4.72731596954052,4.87946455938814
ENSSSCG00000000975,3.10651622932763,2.33848175918667
ENSSSCG00000044259,1.59890203838796,1.73160503149834
ENSSSCG00000044685,-0.163246077098895,0.306722442383792
ENSSSCG00000000982,3.86137567700507,4.3904245647686
ENSSSCG00000000983,5.73461560984363,5.95471868211965
ENSSSCG00000032936,4.14421898484408,4.75339482467613
ENSSSCG00000000981,7.67858681186246,3.50354042332499
ENSSSCG00000000980,5.76277000237864,4.96070776976846
ENSSSCG00000052169,1.4485423725996,1.30357276293605
ENSSSCG00000035313,3.71260494319628,3.90427713280898
ENSSSCG00000061510,0.715917087066103,1.95953100743037
ENSSSCG00000000802,3.39564713084774,4.61524441199183
ENSSSCG00000038181,5.94932443983036,6.30743388101912
ENSSSCG00000041723,-1.3010534406464,-1.37962819886108
ENSSSCG00000051329,-1.96619539223541,-1.37962819886108
ENSSSCG00000055214,-1.05654789507939,0.774458752770575
ENSSSCG00000053120,-2.80087696638474,-0.969662564375006
ENSSSCG00000035790,7.40095530256545,7.18060276664727
ENSSSCG00000057335,-2.80087696638474,-0.51439395667637
ENSSSCG00000000915,8.8873309530807,8.74889478454539
ENSSSCG00000000916,8.43403014928895,6.34434550737707
ENSSSCG00000057104,0.299003801631898,-1.63861791175253
ENSSSCG00000000917,-0.753389730293386,-2.35951718500686
ENSSSCG00000027898,7.12117838390351,6.97399104260098
ENSSSCG00000028869,6.59403917319193,6.6288820833124
ENSSSCG00000000958,6.28919501459424,6.85978675132656
ENSSSCG00000056187,-0.94826101088964,-0.51439395667637
ENSSSCG00000033544,1.50677891522418,-0.220998320347156
ENSSSCG00000056277,2.42024489322316,3.28260055852538
ENSSSCG00000063591,6.93312137675813,6.60895165173493
ENSSSCG00000000712,-0.357369586612393,-1.95450014976733
ENSSSCG00000000804,7.95837665864409,7.4276290288
ENSSSCG00000052460,1.65147836204809,0.926006765743826
ENSSSCG00000056755,2.43031054195301,2.74409661085484
ENSSSCG00000030685,5.04808869679453,5.4235250727732
ENSSSCG00000000806,6.02516877827026,6.53178304365719
ENSSSCG00000059840,0.111554715953384,0.512334077457971
ENSSSCG00000028182,5.36778306108902,5.44982028385517
ENSSSCG00000000152,6.31046873218363,5.89089449594369
ENSSSCG00000046062,3.687646296855,2.90479685619967
ENSSSCG00000000145,8.58976724032048,8.79956405063413
ENSSSCG00000000148,2.7764505503789,2.3740681350203
ENSSSCG00000031866,9.13859879583883,8.09285960205974
ENSSSCG00000036723,6.58505678803743,7.58846491821087
ENSSSCG00000036787,3.89447243966319,3.58171821333942
ENSSSCG00000058255,-0.163246077098895,1.67566381082393
ENSSSCG00000042498,-1.3010534406464,0.191769503652254
ENSSSCG00000016810,4.16847523767911,4.98536558775053
ENSSSCG00000031705,7.49476773312477,8.00497090243102
ENSSSCG00000031509,5.31307484891314,5.61879871701862
ENSSSCG00000027681,6.46534170685328,6.71985605194272
ENSSSCG00000032650,5.2377014163489,5.20010105495464
ENSSSCG00000036201,5.65530542555803,4.85920320641474
ENSSSCG00000016817,5.83936574656092,5.37933562830986
ENSSSCG00000016821,4.48568767572668,3.60810942381796
ENSSSCG00000016823,5.77466998295522,5.09339277596379
ENSSSCG00000016824,7.098870214328,6.23489086719847
ENSSSCG00000038326,3.62329263130676,4.37733229115711
ENSSSCG00000054460,0.342293330875861,-0.389789821758014
ENSSSCG00000017009,-3.86672707663002,0.480036609493032
ENSSSCG00000016997,1.38785577819136,0.109708133942356
ENSSSCG00000016985,3.74925152860503,3.1554391108737
ENSSSCG00000016986,2.815375418519,4.41198440847349
ENSSSCG00000016990,6.7943709459464,6.64990253140113
ENSSSCG00000016989,5.44055040525091,5.29482283676944
ENSSSCG00000016988,6.33143330449827,5.07594067491483
ENSSSCG00000035845,5.85626340078602,4.37952260415124
ENSSSCG00000016991,5.87111916829035,6.50795411552656
ENSSSCG00000016992,7.53351141005702,8.09902022818866
ENSSSCG00000027378,8.52680899481437,7.1501367161113
ENSSSCG00000023948,4.3909410410296,4.48500339608165
ENSSSCG00000022478,5.45664476795663,5.73369312204209
ENSSSCG00000023307,6.39897989543118,6.38633914581016
ENSSSCG00000021229,6.6408423899986,6.65443194691635
ENSSSCG00000017022,1.75121004166391,0.800848232904328
ENSSSCG00000032806,3.9196994873672,3.92541940275633
ENSSSCG00000017024,7.37545922147845,7.71049694325287
ENSSSCG00000016998,8.86836800659344,8.81198345227767
ENSSSCG00000017000,3.37495030233802,4.05440148353336
ENSSSCG00000021902,6.83755672153949,8.42482530464987
ENSSSCG00000017003,-2.19461582859326,0.0226960489355265
ENSSSCG00000017005,7.83925066876213,6.69544859596473
ENSSSCG00000017006,1.84449092952033,2.63098083117467
ENSSSCG00000017008,2.00125981237482,2.23583578812337
ENSSSCG00000017010,-2.80087696638474,2.77770062085909
ENSSSCG00000025965,0.929682484613295,0.6051024001257
ENSSSCG00000017012,7.14658518066484,5.65902420607249
ENSSSCG00000017014,5.98219638194853,6.07717539262343
ENSSSCG00000017015,5.78549273707957,5.71126070921062
ENSSSCG00000035456,6.01517217453956,6.72287815359107
ENSSSCG00000017018,5.04808869679453,3.15031718730706
ENSSSCG00000016982,5.81171846537518,5.70690650651115
ENSSSCG00000016983,2.43031054195301,0.926006765743826
ENSSSCG00000043931,1.14055756446698,0.269413319240056
ENSSSCG00000046318,-0.753389730293386,-2.61458503095514
ENSSSCG00000058593,0.841916534859911,0.543924309209927
ENSSSCG00000045093,0.54116651967454,-0.118530588140316
ENSSSCG00000052936,0.160749279997622,0.151322202724095
ENSSSCG00000056851,3.23265945709217,2.22613179775697
ENSSSCG00000016893,5.69550544518528,5.28200056666851
ENSSSCG00000016892,0.985360575284754,3.35562452275147
ENSSSCG00000057381,1.21231354325694,0.826763660403192
ENSSSCG00000035012,6.8900101425835,7.20272817445426
ENSSSCG00000016934,4.51672334355842,4.87014851127995
ENSSSCG00000053180,2.65294775884989,2.40879780570445
ENSSSCG00000033814,5.52399235090656,5.37824074553855
ENSSSCG00000025194,5.19258301014931,5.51103968397295
ENSSSCG00000016885,4.53082537690794,3.3733172519404
ENSSSCG00000016884,4.7833632887826,4.51520026500107
ENSSSCG00000016887,2.96135245902405,4.46038240857897
ENSSSCG00000016888,5.28145148796963,5.45086218858315
ENSSSCG00000016894,0.780291912538719,0.480036609493032
ENSSSCG00000031337,4.61486813015719,4.748318904002
ENSSSCG00000056604,-0.503005667143942,1.64685816540168
ENSSSCG00000016898,1.11582327058225,2.40879780570445
ENSSSCG00000016900,0.577851083508549,1.12710621877915
ENSSSCG00000016901,0.425160216794395,0.720185961482743
ENSSSCG00000016902,-0.289717603961706,0.343090997642991
ENSSSCG00000016903,0.577851083508549,-0.331304090129519
ENSSSCG00000048484,3.32187072016948,4.10027621610696
ENSSSCG00000021973,5.19406068308839,4.25143686688948
ENSSSCG00000036183,3.1619333712404,2.88643165066402
ENSSSCG00000026849,3.28905954937994,2.64561491550367
ENSSSCG00000016907,5.40908579004245,5.48075468297475
ENSSSCG00000016911,6.06689812682196,6.11118280832045
ENSSSCG00000016912,4.69219352483693,4.86077191459508
ENSSSCG00000030343,3.4007752754125,3.63769124610861
ENSSSCG00000016913,0.0606232623061967,-1.63861791175253
ENSSSCG00000016915,-0.753389730293386,-1.16013180230037
ENSSSCG00000016916,5.78843036076891,6.38306793829937
ENSSSCG00000016918,5.29252971228384,6.33929064849564
ENSSSCG00000016919,0.841916534859911,0.44699951176586
ENSSSCG00000016920,4.5143595446808,5.0166626178964
ENSSSCG00000016922,6.69820027995536,6.90420261146598
ENSSSCG00000016925,5.94844919286667,4.98680300636501
ENSSSCG00000031796,2.39990043044213,0.109708133942356
ENSSSCG00000016929,4.58364115303315,4.73298310065254
ENSSSCG00000055991,2.31552623327911,1.7854578310934
ENSSSCG00000036059,-0.163246077098895,-3.86672707663002
ENSSSCG00000061729,0.0606232623061967,0.926006765743826
ENSSSCG00000053766,-0.103938698558373,1.04116884334027
ENSSSCG00000058258,0.342293330875861,0.800848232904328
ENSSSCG00000057009,1.23546043280176,1.30357276293605
ENSSSCG00000060355,-0.847537601777033,-1.63861791175253
ENSSSCG00000059995,2.65294775884989,2.22613179775697
ENSSSCG00000056657,0.81143323514119,1.8626457560383
ENSSSCG00000059429,2.91908899595331,3.40376683840404
ENSSSCG00000058458,-0.581735609749139,1.18835828160125
ENSSSCG00000051151,3.16796145904304,3.31041948340265
ENSSSCG00000046125,-2.19461582859326,-1.06175616837389
ENSSSCG00000029484,5.58608650789985,5.63080069665355
ENSSSCG00000016877,6.2255934237898,4.99967573043904
ENSSSCG00000016878,1.50677891522418,3.25900119963934
ENSSSCG00000032275,3.89810342368855,3.83254401643776
ENSSSCG00000026527,2.67003855032607,-1.63861791175253
ENSSSCG00000016873,0.81143323514119,1.06313784412392
ENSSSCG00000016872,8.14719002263871,6.69280885163281
ENSSSCG00000016871,4.99651853080829,5.76335011922981
ENSSSCG00000032979,4.01307029934895,3.71604607471925
ENSSSCG00000016876,3.49009508734163,3.80998487260463
ENSSSCG00000016874,6.28573419908057,6.2196895552512
ENSSSCG00000016882,5.069178042028,4.34407218101223
ENSSSCG00000016827,4.759609118734,4.88101140218015
ENSSSCG00000016826,2.69530100957938,2.74409661085484
ENSSSCG00000016828,5.18814088857804,5.11195420794043
ENSSSCG00000016829,3.7290073427632,2.3740681350203
ENSSSCG00000016830,4.35440387570681,3.38644584675528
ENSSSCG00000016831,6.62613938368208,7.06458036938695
ENSSSCG00000038727,1.68549407120461,-0.275097240265819
ENSSSCG00000016974,5.81268069244373,6.79849143769696
ENSSSCG00000023818,5.24199375314019,4.75845294902904
ENSSSCG00000016975,4.25879528568933,4.2538267377516
ENSSSCG00000016976,3.70847503872281,3.83892522123326
ENSSSCG00000027293,6.82902236579026,6.91594523637546
ENSSSCG00000029037,1.68549407120461,-2.35951718500686
ENSSSCG00000034500,4.05920576499752,3.10338271409922
ENSSSCG00000016832,-0.94826101088964,0.826763660403192
ENSSSCG00000032726,7.33885677768938,7.7906594050216
ENSSSCG00000063417,-1.44083485948891,0.191769503652254
ENSSSCG00000016957,-1.3010534406464,0.306722442383792
ENSSSCG00000016958,7.28232440134742,6.52536814013179
ENSSSCG00000022430,6.38675538781912,5.96058279509912
ENSSSCG00000016981,6.98312441456909,6.87539132088574
ENSSSCG00000055217,0.160749279997622,0.543924309209927
ENSSSCG00000030186,5.62385470296934,5.56496306280721
ENSSSCG00000016841,3.59224944048779,4.62450827490027
ENSSSCG00000031990,2.84577640620797,2.48401140576021
ENSSSCG00000016842,6.10745432487798,6.59016122284925
ENSSSCG00000016938,5.37951946607831,5.04177371669394
ENSSSCG00000016843,5.44303817751691,6.11578854924637
ENSSSCG00000016845,4.92178942305645,5.04177371669394
ENSSSCG00000037608,3.00914420339244,2.72355196361232
ENSSSCG00000016941,2.2601713103169,1.70390554777238
ENSSSCG00000033581,-0.103938698558373,-2.35951718500686
ENSSSCG00000041202,4.48327243218153,4.43953899775177
ENSSSCG00000016942,4.65833727221863,3.78376351312905
ENSSSCG00000016943,7.03021189511637,6.20741211807075
ENSSSCG00000016946,1.36704606077518,1.71782176674871
ENSSSCG00000016945,4.20117536460575,4.51121034764278
ENSSSCG00000016948,3.81986500427452,4.15500228440099
ENSSSCG00000040603,2.14265094238106,3.45866557709305
ENSSSCG00000016778,3.74522535331173,5.28784300238516
ENSSSCG00000016954,6.73216178922186,6.97833305708119
ENSSSCG00000016846,4.3570445831253,4.27515927236984
ENSSSCG00000029326,2.76058170235838,2.00563815946422
ENSSSCG00000027147,3.91612251859602,2.70969117426895
ENSSSCG00000037463,6.44562764716592,5.69288408447631
ENSSSCG00000061094,3.75727032724029,4.09228594637176
ENSSSCG00000016961,4.83731440511544,4.64285943223665
ENSSSCG00000016963,4.26161674716101,4.14215931264521
ENSSSCG00000048222,-0.289717603961706,-0.51439395667637
ENSSSCG00000037053,3.70017959247316,4.28454008180057
ENSSSCG00000038615,4.46869543833704,4.12136974834769
ENSSSCG00000016960,3.99961314051722,4.29849790937015
ENSSSCG00000061389,4.1380906590801,3.54315879779995
ENSSSCG00000016959,4.97261051016001,5.6427036533784
ENSSSCG00000021514,6.45613427348095,7.50164058026334
ENSSSCG00000028786,4.25029764203057,4.96945873205175
ENSSSCG00000016970,4.99990184785204,4.7346951513459
ENSSSCG00000016969,2.11795282114626,1.12710621877915
ENSSSCG00000016968,4.54479089920795,5.18264643537665
ENSSSCG00000016971,5.76575421231537,6.11972465799447
ENSSSCG00000053414,-3.23753225397681,-0.724143750785594
ENSSSCG00000057257,-1.1736270562095,-0.801432154592459
ENSSSCG00000041125,1.40836959521317,-0.389789821758014
ENSSSCG00000051049,1.71872620129392,-0.724143750785594
ENSSSCG00000041874,-0.753389730293386,-2.14284221802902
ENSSSCG00000059780,-1.3010534406464,-0.969662564375006
ENSSSCG00000039883,0.613625923982859,1.18835828160125
ENSSSCG00000048660,-2.46613199464794,-1.16013180230037
ENSSSCG00000043993,0.208321522646333,-0.220998320347156
ENSSSCG00000050773,-0.753389730293386,-2.92464516734468
ENSSSCG00000058454,3.23839972611689,1.88748384057387
ENSSSCG00000048792,4.17147879379691,4.29618096237515
ENSSSCG00000063167,-1.3010534406464,-0.883096611932229
ENSSSCG00000041085,-1.1736270562095,-1.16013180230037
ENSSSCG00000016956,5.36909183092213,5.39674168175052
ENSSSCG00000016949,4.9948238922493,4.96654763850459
ENSSSCG00000039222,5.21167570349867,5.69288408447631
ENSSSCG00000026842,1.82935696214862,1.01886012427252
ENSSSCG00000032942,8.0477201312768,6.88042667980317
ENSSSCG00000022306,8.21389821466542,8.0125764600886
ENSSSCG00000016780,2.66151846255649,0.663791401431833
ENSSSCG00000039609,4.43409850455234,5.82008941515197
ENSSSCG00000028239,5.11201800622837,3.69157352599349
ENSSSCG00000016793,4.96743540684683,4.59465207362306
ENSSSCG00000016792,5.47499479121428,5.48787825881472
ENSSSCG00000016794,5.72340286451478,5.84803911377806
ENSSSCG00000017062,-0.94826101088964,-0.275097240265819
ENSSSCG00000017106,4.45150067658627,4.21265050656083
ENSSSCG00000032827,8.46786539868343,8.24400860894117
ENSSSCG00000017103,2.34774757151488,2.62360774421201
ENSSSCG00000017104,6.41807329862143,6.26896238919244
ENSSSCG00000035825,0.715917087066103,0.191769503652254
ENSSSCG00000017102,5.4442804567863,5.66711576542142
ENSSSCG00000034302,7.59464650843465,7.60844497929631
ENSSSCG00000032698,7.68359221466318,7.80478618280806
ENSSSCG00000031800,0.425160216794395,0.0226960489355265
ENSSSCG00000033176,6.74381148435045,6.11775794598201
ENSSSCG00000017072,4.9324520232231,4.24904303055937
ENSSSCG00000034706,4.65404882514508,5.1687823908779
ENSSSCG00000017073,5.2674829985145,5.43093617098983
ENSSSCG00000017116,4.76757071188454,4.50520470528524
ENSSSCG00000022569,-2.19461582859326,2.61619678245007
ENSSSCG00000021527,2.73644627303554,4.72094151850558
ENSSSCG00000040193,5.14600790573764,4.12920098417805
ENSSSCG00000017032,1.16487493893756,-0.0699026685752995
ENSSSCG00000017033,5.58044801808882,6.09127566165659
ENSSSCG00000034522,3.85391657911372,4.61338447972317
ENSSSCG00000038662,3.2498121961957,3.1554391108737
ENSSSCG00000035993,4.1952847513568,3.2919332629483
ENSSSCG00000017036,3.49009508734163,4.43743799797972
ENSSSCG00000035118,6.2320812507618,6.32856076047575
ENSSSCG00000039607,6.08054392927326,6.15659163563662
ENSSSCG00000017038,4.66687611224307,5.09339277596379
ENSSSCG00000040528,4.8144390928187,4.84024444348197
ENSSSCG00000032090,6.50636046914964,6.6307221555613
ENSSSCG00000017041,-0.94826101088964,1.63223675073198
ENSSSCG00000017042,6.0813426181924,6.15083280275944
ENSSSCG00000020686,6.93179346993226,6.82364471692806
ENSSSCG00000017043,5.87757077120425,6.16105488902948
ENSSSCG00000017046,1.88896298917059,2.25505012142321
ENSSSCG00000058577,3.816031403068,1.12710621877915
ENSSSCG00000036783,4.61927445861329,4.20031276270457
ENSSSCG00000033375,0.577851083508549,-1.50331917830221
ENSSSCG00000039089,4.15336293804548,3.54706144775751
ENSSSCG00000017119,6.94939918247132,6.38306793829937
ENSSSCG00000017065,5.4116283673321,5.21366877140704
ENSSSCG00000017118,2.56431812880053,2.93489537211092
ENSSSCG00000017114,4.9324520232231,4.65917823269924
ENSSSCG00000040154,4.07212081022427,3.9103494631119
ENSSSCG00000017066,6.5416096673889,7.05364866336488
ENSSSCG00000017067,5.70175165797181,5.80875613896281
ENSSSCG00000017068,6.94018297761566,5.82572284090175
ENSSSCG00000017069,7.65141475011021,7.83980784587621
ENSSSCG00000050100,-1.05654789507939,-0.883096611932229
ENSSSCG00000051717,-0.847537601777033,-2.92464516734468
ENSSSCG00000039763,4.61265990889702,5.01806920477316
ENSSSCG00000024126,7.76612992063114,7.50038314788631
ENSSSCG00000036387,3.47558721383388,3.98129113783476
ENSSSCG00000017095,3.20946722096746,3.10338271409922
ENSSSCG00000055161,3.28351773124027,2.94084044994871
ENSSSCG00000017078,-2.46613199464794,-0.883096611932229
ENSSSCG00000035676,6.60407795580713,6.43559050739105
ENSSSCG00000026414,6.4412790504456,4.89025779122449
ENSSSCG00000017082,9.97300307611165,8.15171210395864
ENSSSCG00000016781,6.94545658734922,7.02909403662124
ENSSSCG00000017084,-1.3010534406464,1.35790376000462
ENSSSCG00000035442,4.70468754926573,3.76712980316208
ENSSSCG00000017086,-0.94826101088964,-2.61458503095514
ENSSSCG00000016782,5.76972358092888,6.11841381459381
ENSSSCG00000034714,4.40376897767296,4.42688685721638
ENSSSCG00000016784,4.09127915231119,3.61556193867093
ENSSSCG00000059359,1.61664122769751,3.45451597397753
ENSSSCG00000062918,-0.665011214899346,1.35790376000462
ENSSSCG00000059751,1.34593178147808,1.18835828160125
ENSSSCG00000061930,0.503524755598007,1.39302001591966
ENSSSCG00000059394,-1.1736270562095,-0.118530588140316
ENSSSCG00000051524,0.748463530495347,2.43430718416671
ENSSSCG00000059956,2.47961156701835,2.73728085074703
ENSSSCG00000049958,2.86816398685734,2.09365420909009
ENSSSCG00000028772,-1.44083485948891,0.378565244869403
ENSSSCG00000016816,4.89296443773008,2.97600545370124
ENSSSCG00000031547,5.50268585138767,6.05815806823981
ENSSSCG00000017109,0.00782776903463305,-3.86672707663002
ENSSSCG00000017100,5.65208351459436,6.00807324744001
ENSSSCG00000017099,3.72492419254139,3.76377992309802
ENSSSCG00000062392,1.46821691359075,1.94777024234525
ENSSSCG00000017098,5.77762970418883,5.48990712233744
ENSSSCG00000017101,2.35833005876887,1.49351421091838
ENSSSCG00000031959,7.35842768385996,7.36268263228337
ENSSSCG00000016834,3.81986500427452,3.91337607062312
ENSSSCG00000016835,4.00971775935811,4.26334682787085
ENSSSCG00000016836,4.60601489268144,5.25839131041438
ENSSSCG00000016838,-2.80087696638474,-1.06175616837389
ENSSSCG00000017047,8.07904770293825,7.05399153596582
ENSSSCG00000038248,2.68692924499126,3.4251296745628
ENSSSCG00000036047,4.23602272036232,4.12659529266051
ENSSSCG00000017052,3.72082945328224,2.80403140524322
ENSSSCG00000017054,5.11981360279319,5.06645520653599
ENSSSCG00000038003,-0.847537601777033,0.877238412496071
ENSSSCG00000017058,4.87833305750333,4.48906635078543
ENSSSCG00000028875,1.4485423725996,1.50960316311779
ENSSSCG00000017061,-0.0469734082326686,-0.168854921246468
ENSSSCG00000055480,-1.76904577456744,-0.801432154592459
ENSSSCG00000017053,-0.163246077098895,-0.220998320347156
ENSSSCG00000016848,3.14369649336471,4.00985062733713
ENSSSCG00000053585,2.4403064491966,3.06579234401381
ENSSSCG00000016850,1.59890203838796,3.17574687812892
ENSSSCG00000016851,3.63639506216962,5.04729509840518
ENSSSCG00000058156,-2.80087696638474,-1.06175616837389
ENSSSCG00000016853,4.7026127113474,5.61972549938371
ENSSSCG00000016855,0.160749279997622,0.574837615712797
ENSSSCG00000016856,0.111554715953384,0.663791401431833
ENSSSCG00000016857,6.14842672051184,5.5455869552463
ENSSSCG00000061479,1.46821691359075,1.61746563255219
ENSSSCG00000024439,5.68713487027327,5.68227709532882
ENSSSCG00000034966,3.85765094873163,4.34182733773723
ENSSSCG00000024598,5.61726116770112,5.89625861837079
ENSSSCG00000033326,9.07465955074975,8.81056369341088
ENSSSCG00000063580,4.63241326713755,5.07188310834469
ENSSSCG00000016859,4.61927445861329,2.49213147082896
ENSSSCG00000016861,1.52568015604393,-1.26570965698543
ENSSSCG00000061826,-0.428350711608159,-2.92464516734468
ENSSSCG00000056357,-0.665011214899346,-3.86672707663002
ENSSSCG00000033993,5.64885439216256,2.66010204728776
ENSSSCG00000016863,5.96930994484226,5.51702113575164
ENSSSCG00000040855,4.95876876711304,5.26432994424249
ENSSSCG00000016865,3.27795454322447,2.78432850690455
ENSSSCG00000052066,-1.1736270562095,-1.16013180230037
ENSSSCG00000016866,3.03575936923339,3.50354042332499
ENSSSCG00000016867,7.76687481564584,7.87341676446666
ENSSSCG00000044736,1.06504496640639,-0.650786169073976
ENSSSCG00000016869,-0.357369586612393,-0.118530588140316
ENSSSCG00000040959,4.65404882514508,4.81295241865224
ENSSSCG00000016809,5.0167004315769,5.0826780287199
ENSSSCG00000016808,3.64506437118292,4.00134198627368
ENSSSCG00000032931,2.48927277795051,4.40339909536784
ENSSSCG00000017087,6.16585143371363,5.95104147036123
ENSSSCG00000040411,5.83842115967153,5.54363495455221
ENSSSCG00000017089,7.94899902923832,6.42343439623253
ENSSSCG00000017091,5.82322304861206,5.81605202912821
ENSSSCG00000036438,5.53802385351478,7.88791405953265
ENSSSCG00000017094,7.20051237712137,7.49332120115877
ENSSSCG00000034763,3.73713913719888,5.74477986970844
ENSSSCG00000009536,7.36958641506616,7.73101259828175
ENSSSCG00000040130,-0.0469734082326686,2.49213147082896
ENSSSCG00000009540,3.72492419254139,4.05165699907035
ENSSSCG00000009541,5.18219670332411,5.26669856990268
ENSSSCG00000009542,3.15587999024382,2.45106624968918
ENSSSCG00000009543,1.66858646664768,-1.63861791175253
ENSSSCG00000044700,10.2779849269588,8.51313652061262
ENSSSCG00000009545,9.85670446822919,8.12160485921265
ENSSSCG00000022719,1.61664122769751,2.13572720940697
ENSSSCG00000029502,6.12537788682601,6.36051394476347
ENSSSCG00000031757,4.54247268006701,5.21979398546852
ENSSSCG00000034818,4.50486542783186,4.66457706961891
ENSSSCG00000033732,6.72195458544995,6.9601544782834
ENSSSCG00000009551,6.76235712272949,6.8163872195642
ENSSSCG00000046437,-1.44083485948891,-0.883096611932229
ENSSSCG00000061055,0.901016344624057,0.306722442383792
ENSSSCG00000058523,-0.847537601777033,-1.95450014976733
ENSSSCG00000055590,1.21231354325694,-1.63861791175253
ENSSSCG00000058354,0.780291912538719,2.40019345180835
ENSSSCG00000043215,-0.503005667143942,-1.37962819886108
ENSSSCG00000047793,-0.289717603961706,0.634745314624147
ENSSSCG00000045152,2.63565207274618,2.75088032244574
ENSSSCG00000009475,3.95847170903587,4.39908720366374
ENSSSCG00000009477,3.73307896936176,4.20526052872888
ENSSSCG00000029113,4.60156781696184,4.82586006078474
ENSSSCG00000009457,5.02834413118639,4.99396869517565
ENSSSCG00000031288,4.70468754926573,5.28200056666851
ENSSSCG00000009445,-0.847537601777033,0.343090997642991
ENSSSCG00000009472,6.27320606867311,7.51490241528741
ENSSSCG00000009446,4.06244538145152,5.80060608452602
ENSSSCG00000009444,5.0032772491149,-0.969662564375006
ENSSSCG00000009473,6.65539706331256,6.97435337668218
ENSSSCG00000029837,4.92178942305645,4.08156294502782
ENSSSCG00000009434,2.815375418519,4.04890728373521
ENSSSCG00000009435,4.43659741768964,4.93413181827463
ENSSSCG00000009436,3.95847170903587,3.51155161442838
ENSSSCG00000031378,3.87617916405051,4.09495428970218
ENSSSCG00000037413,3.24411724595056,2.365253495496
ENSSSCG00000031627,4.58589420574893,4.47684299811982
ENSSSCG00000009440,6.23710724438347,6.49589041459658
ENSSSCG00000039338,5.8903880638671,5.50803963258408
ENSSSCG00000009442,-0.581735609749139,0.066857978120369
ENSSSCG00000062876,5.30078290951687,5.19015285975934
ENSSSCG00000040929,11.8793910543323,11.2444556466209
ENSSSCG00000034156,5.15514056338635,4.9577789467348
ENSSSCG00000022868,0.254375037426665,-0.51439395667637
ENSSSCG00000009419,5.44800088923237,5.66262605862583
ENSSSCG00000009420,3.52808428998225,3.6738354311559
ENSSSCG00000037452,3.53276336848595,-1.16013180230037
ENSSSCG00000009407,7.12621826450548,7.51888214897033
ENSSSCG00000009408,5.27308663423354,5.96642316871806
ENSSSCG00000009410,4.20117536460575,2.92293121210674
ENSSSCG00000009411,1.03896948409484,0.996201015194988
ENSSSCG00000009412,4.73342625256695,5.13417668546501
ENSSSCG00000009413,1.36704606077518,-0.883096611932229
ENSSSCG00000009414,6.26619869811956,6.53030521097293
ENSSSCG00000020938,-2.19461582859326,-1.06175616837389
ENSSSCG00000060529,2.66151846255649,3.44618078884689
ENSSSCG00000023738,5.80399745735102,5.78829401996997
ENSSSCG00000009474,-1.1736270562095,2.60125966392602
ENSSSCG00000040073,4.31148165176031,4.17026444217737
ENSSSCG00000025120,2.2601713103169,2.21636209324052
ENSSSCG00000009460,4.25313575489798,4.71574991344735
ENSSSCG00000024722,4.46625155532388,4.33732714495905
ENSSSCG00000035101,6.60352207446244,7.54935840634135
ENSSSCG00000025130,1.63416494499211,3.00466873565346
ENSSSCG00000009464,5.09313489412866,5.60949800047251
ENSSSCG00000009466,3.22689625712143,2.82346884227012
ENSSSCG00000040184,6.12460321438195,6.35495906636895
ENSSSCG00000059342,7.84866342597938,6.70552310623259
ENSSSCG00000053145,2.7764505503789,2.7166382149345
ENSSSCG00000059963,1.94620374824525,2.73728085074703
ENSSSCG00000046323,-0.428350711608159,-1.63861791175253
ENSSSCG00000009535,5.55767107132632,5.69991233197235
ENSSSCG00000038949,2.13035473334754,0.774458752770575
ENSSSCG00000009509,7.3019868638765,7.11540392473138
ENSSSCG00000009526,0.682619433441756,0.6051024001257
ENSSSCG00000009527,1.59890203838796,1.06313784412392
ENSSSCG00000009528,5.51219427527895,5.71039091935085
ENSSSCG00000060223,-1.44083485948891,-1.16013180230037
ENSSSCG00000009531,2.28256878788505,2.74409661085484
ENSSSCG00000009532,3.98261322749707,3.55870645204166
ENSSSCG00000009534,5.08678519741317,5.110636281969
ENSSSCG00000032046,5.30898916127904,5.71126070921062
ENSSSCG00000042169,0.254375037426665,0.720185961482743
ENSSSCG00000009349,2.75258133899587,2.76435279581209
ENSSSCG00000034348,5.63259946788818,6.13601049074155
ENSSSCG00000033919,6.48116336442778,4.70006205475833
ENSSSCG00000009356,4.92713057369553,5.14837565430573
ENSSSCG00000009357,1.91786723757113,1.94777024234525
ENSSSCG00000009360,4.91463698939483,4.1187498612742
ENSSSCG00000009358,3.82368844563602,4.02951111928058
ENSSSCG00000009359,7.35182317949336,7.4121994743385
ENSSSCG00000009502,3.5374273204274,3.19079228287975
ENSSSCG00000009361,5.8637104061168,4.79008237762343
ENSSSCG00000009505,6.39384535373293,6.55037239397692
ENSSSCG00000009362,1.82935696214862,2.32944629797738
ENSSSCG00000045003,-0.581735609749139,-0.580978849888471
ENSSSCG00000039812,4.83352695259708,5.22467550126405
ENSSSCG00000056668,4.08173178280619,3.27320708811375
ENSSSCG00000026863,6.48297782499822,6.97254079558484
ENSSSCG00000009364,5.88582352032607,5.72510649943098
ENSSSCG00000058949,7.39646973445639,7.71895448895368
ENSSSCG00000043789,-0.94826101088964,-0.724143750785594
ENSSSCG00000040697,4.60823330057767,4.78678543126955
ENSSSCG00000037746,2.59148335847871,2.79092608296928
ENSSSCG00000029855,5.77269345677759,5.29598286646743
ENSSSCG00000009369,5.43306124504807,4.93413181827463
ENSSSCG00000009370,5.59170304654643,6.37320957554367
ENSSSCG00000009372,4.67536471088308,4.37733229115711
ENSSSCG00000009373,3.10022528325059,2.44271105199964
ENSSSCG00000009374,-0.289717603961706,-0.51439395667637
ENSSSCG00000009377,1.97399439525949,1.52551466820507
ENSSSCG00000035658,6.15830131688429,6.20494404283364
ENSSSCG00000009378,2.15484323487455,1.14781387260733
ENSSSCG00000022112,7.59827816026871,8.95717755313294
ENSSSCG00000009379,3.92326760945393,3.55870645204166
ENSSSCG00000009380,6.59627605826472,7.10980782881293
ENSSSCG00000009381,6.04003499486277,6.34434550737707
ENSSSCG00000033570,3.98602927327397,3.55870645204166
ENSSSCG00000060630,0.841916534859911,0.800848232904328
ENSSSCG00000009384,5.3157922266856,5.13935613022462
ENSSSCG00000009385,0.111554715953384,0.378565244869403
ENSSSCG00000029598,3.35395223134525,3.80998487260463
ENSSSCG00000009516,6.5427699361735,5.85040979636877
ENSSSCG00000024385,3.49968658036642,3.69509512330271
ENSSSCG00000009517,0.208321522646333,1.52551466820507
ENSSSCG00000031808,8.20641300008744,8.01768324402337
ENSSSCG00000009519,3.02251316077076,3.40806478716832
ENSSSCG00000009522,4.88200483734661,5.29945736955974
ENSSSCG00000009523,5.60731401621859,5.21244060172016
ENSSSCG00000009524,6.48176843821176,6.64399295140629
ENSSSCG00000058822,-1.76904577456744,-0.51439395667637
ENSSSCG00000062693,-0.357369586612393,-1.37962819886108
ENSSSCG00000041917,-1.44083485948891,-1.37962819886108
ENSSSCG00000009399,1.97399439525949,1.22779433856161
ENSSSCG00000009400,6.23925589318754,6.66703917671793
ENSSSCG00000009401,5.37431506969936,5.4288225962667
ENSSSCG00000009403,9.36512610420749,9.46062189738036
ENSSSCG00000035098,5.04972194436967,4.92815897360019
ENSSSCG00000027551,4.4953084177885,3.507551579572
ENSSSCG00000009405,5.50029892124452,4.93710899315627
ENSSSCG00000061460,3.33800064932877,3.60436867998078
ENSSSCG00000057312,0.0606232623061967,0.949786352523971
ENSSSCG00000056545,-1.05654789507939,-0.969662564375006
ENSSSCG00000057195,-0.163246077098895,1.61746563255219
ENSSSCG00000058335,-2.19461582859326,-1.26570965698543
ENSSSCG00000053659,-1.5956269400881,-1.06175616837389
ENSSSCG00000057787,-0.289717603961706,-0.118530588140316
ENSSSCG00000043719,0.748463530495347,1.66133288059543
ENSSSCG00000040538,4.58138457622712,4.84500754231129
ENSSSCG00000009448,0.715917087066103,-0.275097240265819
ENSSSCG00000009449,4.81635928352434,4.89791810285523
ENSSSCG00000031955,2.34774757151488,-0.275097240265819
ENSSSCG00000038842,1.38785577819136,0.0226960489355265
ENSSSCG00000056129,0.111554715953384,-0.389789821758014
ENSSSCG00000009479,5.74574188044406,5.92877917274147
ENSSSCG00000009480,7.12273099245372,7.27921342024544
ENSSSCG00000009488,0.577851083508549,1.34001980880434
ENSSSCG00000009482,4.85423596243695,4.63371303183342
ENSSSCG00000050522,-0.753389730293386,-0.331304090129519
ENSSSCG00000047723,-0.428350711608159,-0.389789821758014
ENSSSCG00000009486,0.577851083508549,0.0226960489355265
ENSSSCG00000004054,-0.0469734082326686,-0.331304090129519
ENSSSCG00000059731,-1.76904577456744,0.191769503652254
ENSSSCG00000057944,-2.19461582859326,-1.16013180230037
ENSSSCG00000054481,-3.86672707663002,-0.51439395667637
ENSSSCG00000009333,4.30328960568751,4.22000282322818
ENSSSCG00000009334,7.8622037560673,8.27595861690516
ENSSSCG00000009335,6.48479000640912,5.23438925913422
ENSSSCG00000009336,3.86879640775838,3.3377121190505
ENSSSCG00000009341,4.33041744447865,4.92366305619213
ENSSSCG00000009345,5.17323425062811,5.7907648529947
ENSSSCG00000009347,-2.19461582859326,-0.883096611932229
ENSSSCG00000009572,0.748463530495347,-0.883096611932229
ENSSSCG00000029393,4.05270462609372,3.70560863013466
ENSSSCG00000022957,4.9164284248884,5.27142418657703
ENSSSCG00000009570,6.42438202237891,6.57686077013428
ENSSSCG00000009569,5.44923890436946,5.46433891832523
ENSSSCG00000009568,4.77943132197348,4.80482610213521
ENSSSCG00000021814,6.88040534032454,7.13692652001577
ENSSSCG00000009268,4.63676641344048,5.16751539160792
ENSSSCG00000009270,7.31630542139134,7.6872560601504
ENSSSCG00000025308,3.31645375125364,3.49143960348772
ENSSSCG00000059376,5.16873205840005,5.20010105495464
ENSSSCG00000051933,-1.76904577456744,-0.450747065242323
ENSSSCG00000036326,5.59952964648119,5.31212609849812
ENSSSCG00000035318,6.74733845235905,6.84083570590832
ENSSSCG00000035421,-1.44083485948891,-1.26570965698543
ENSSSCG00000030113,2.22590931707906,1.6898537845966
ENSSSCG00000023771,0.577851083508549,0.877238412496071
ENSSSCG00000028865,6.04003499486277,5.77587597829306
ENSSSCG00000028249,4.28676462830034,4.39692641543382
ENSSSCG00000031280,5.17622792550524,4.84342158933854
ENSSSCG00000026744,6.95551077246608,7.28915064219959
ENSSSCG00000024667,6.38481569829754,6.33026026774657
ENSSSCG00000009278,1.30275293821975,0.512334077457971
ENSSSCG00000009281,-0.163246077098895,-2.35951718500686
ENSSSCG00000035493,3.67500316435656,3.907316492777
ENSSSCG00000009283,4.74758373695633,6.15978108212378
ENSSSCG00000022678,-2.80087696638474,-0.724143750785594
ENSSSCG00000035119,6.49741193748292,6.67597736322263
ENSSSCG00000024064,4.8947829707172,5.20010105495464
ENSSSCG00000009298,5.03330566363119,5.01947442160313
ENSSSCG00000009300,5.25621000532798,5.44250580558481
ENSSSCG00000009302,5.24342169883128,5.78829401996997
ENSSSCG00000009303,9.06691787979496,8.61564366791765
ENSSSCG00000039890,3.18589605513591,2.59373270651027
ENSSSCG00000009305,4.37017609996627,4.25143686688948
ENSSSCG00000037313,3.1190164188074,3.49143960348772
ENSSSCG00000009308,5.02999987195498,5.46743113588816
ENSSSCG00000009310,6.5270270215322,6.39988989766437
ENSSSCG00000009314,-1.44083485948891,-0.801432154592459
ENSSSCG00000009319,6.81564553269049,7.60891178245994
ENSSSCG00000025996,2.17892299365621,1.06313784412392
ENSSSCG00000029456,5.48105996318015,4.80645503143421
ENSSSCG00000035992,7.52971278821294,7.33332257970461
ENSSSCG00000009326,5.38729102706197,6.02845588800951
ENSSSCG00000009327,8.35697247767934,8.09669227322927
ENSSSCG00000028065,4.06567773954214,4.68420172925064
ENSSSCG00000009330,2.09282450672441,2.23583578812337
ENSSSCG00000009331,4.10076375502732,2.05031729144738
ENSSSCG00000046261,4.89296443773008,5.38261529989765
ENSSSCG00000009348,4.36493782736741,5.17257672613571
ENSSSCG00000046579,-0.581735609749139,0.378565244869403
ENSSSCG00000056562,-1.05654789507939,-1.78793082929158
ENSSSCG00000050385,-1.5956269400881,-1.06175616837389
ENSSSCG00000050382,-0.163246077098895,-0.801432154592459
ENSSSCG00000052437,0.342293330875861,1.4102627264044
ENSSSCG00000060926,2.85327760027406,3.2056824019525
ENSSSCG00000042547,-1.44083485948891,-0.450747065242323
ENSSSCG00000063206,-1.1736270562095,-1.16013180230037
ENSSSCG00000058070,2.05429183424595,2.79092608296928
ENSSSCG00000047668,-2.19461582859326,-1.26570965698543
ENSSSCG00000033434,0.384321665410682,1.26618103197673
ENSSSCG00000058400,-2.19461582859326,-0.389789821758014
ENSSSCG00000044333,-0.103938698558373,1.49351421091838
ENSSSCG00000042951,-1.05654789507939,0.306722442383792
ENSSSCG00000048254,-1.1736270562095,-0.331304090129519
ENSSSCG00000043867,0.81143323514119,1.50960316311779
ENSSSCG00000061816,2.4101085229922,3.27320708811375
ENSSSCG00000054814,2.89020946153077,2.76435279581209
ENSSSCG00000047790,-1.3010534406464,-0.0228605115491758
ENSSSCG00000055398,0.81143323514119,1.64685816540168
ENSSSCG00000049043,0.613625923982859,1.58746179948828
ENSSSCG00000044001,-1.5956269400881,-0.801432154592459
ENSSSCG00000061444,0.254375037426665,-3.86672707663002
ENSSSCG00000055603,0.81143323514119,1.32191137878578
ENSSSCG00000058092,-0.225096418835447,-1.95450014976733
ENSSSCG00000054567,-1.5956269400881,-0.801432154592459
ENSSSCG00000054545,-0.503005667143942,-0.969662564375006
ENSSSCG00000053042,1.50677891522418,1.4102627264044
ENSSSCG00000047377,-2.80087696638474,-0.724143750785594
ENSSSCG00000046743,1.324503892854,1.73160503149834
ENSSSCG00000046155,-0.289717603961706,-1.95450014976733
ENSSSCG00000049656,5.47134341098202,5.88935821911512
ENSSSCG00000036846,1.48762675172783,1.63223675073198
ENSSSCG00000043021,-1.5956269400881,-1.37962819886108
ENSSSCG00000019120,-2.19461582859326,-1.26570965698543
ENSSSCG00000019590,-1.1736270562095,-1.26570965698543
ENSSSCG00000009276,4.90924929725912,5.19637851600041
ENSSSCG00000009320,4.66687611224307,4.10027621610696
ENSSSCG00000037170,6.35540299133845,5.52989649468017
ENSSSCG00000055712,0.0606232623061967,-1.63861791175253
ENSSSCG00000049125,4.11954792373899,4.56993055639219
ENSSSCG00000056326,1.03896948409484,0.826763660403192
ENSSSCG00000009322,5.72749031660984,6.41705118156752
ENSSSCG00000009388,6.39255885793772,6.3627299212236
ENSSSCG00000009389,4.71295718940714,5.16370770388431
ENSSSCG00000009390,3.98602927327397,3.95509510037533
ENSSSCG00000009393,3.3592304705724,2.50823576496658
ENSSSCG00000053768,-0.225096418835447,0.109708133942356
ENSSSCG00000021060,6.24425699733684,5.59731673005753
ENSSSCG00000009396,5.0100044518553,4.4870363037077
ENSSSCG00000009395,4.08810371085403,4.69830838228846
ENSSSCG00000009397,5.12136768000582,4.93710899315627
ENSSSCG00000031598,5.13065715129716,4.93114848692745
ENSSSCG00000022064,-2.46613199464794,-0.801432154592459
ENSSSCG00000022159,6.84415982515528,6.47350817515839
ENSSSCG00000052494,0.613625923982859,1.83737254564755
ENSSSCG00000045895,-1.96619539223541,-1.06175616837389
ENSSSCG00000041698,-2.46613199464794,-0.580978849888471
ENSSSCG00000051290,2.9751695535918,2.32944629797738
ENSSSCG00000058373,-2.80087696638474,-0.118530588140316
ENSSSCG00000024125,4.72117969736534,4.99967573043904
ENSSSCG00000059626,0.208321522646333,0.44699951176586
ENSSSCG00000041994,0.503524755598007,0.378565244869403
ENSSSCG00000009511,6.852605362652,6.95355370850553
ENSSSCG00000009513,-0.753389730293386,0.231113683523015
ENSSSCG00000009422,7.60551415292981,7.8999802070144
ENSSSCG00000040405,1.50677891522418,1.64685816540168
ENSSSCG00000051361,-2.80087696638474,-0.801432154592459
ENSSSCG00000009425,4.54479089920795,4.32146499727924
ENSSSCG00000009426,2.55514818233533,2.3740681350203
ENSSSCG00000021818,3.27236981988504,3.18077946693977
ENSSSCG00000038251,3.88718294062455,2.94084044994871
ENSSSCG00000037572,4.54941619211968,3.35116722857188
ENSSSCG00000053321,-1.44083485948891,-0.883096611932229
ENSSSCG00000009553,5.02668648798682,5.28082923495918
ENSSSCG00000037561,6.66501923853768,7.10881802522548
ENSSSCG00000021158,5.59952964648119,5.80223978286998
ENSSSCG00000029503,2.15484323487455,0.720185961482743
ENSSSCG00000009558,1.03896948409484,0.151322202724095
ENSSSCG00000009557,4.46135133452517,4.66637220158118
ENSSSCG00000009556,6.32807246002522,6.3627299212236
ENSSSCG00000009555,8.39761982535141,7.88945187414782
ENSSSCG00000009554,5.41416647151584,5.29482283676944
ENSSSCG00000048674,0.648535071030343,0.800848232904328
ENSSSCG00000024103,3.31101636625581,1.55682069776002
ENSSSCG00000026536,3.64073622851727,3.86103975528622
ENSSSCG00000009563,5.87849007808655,5.90616795325767
ENSSSCG00000045154,0.54116651967454,2.10428804524604
ENSSSCG00000009560,5.59618058710202,5.63539038621602
ENSSSCG00000009564,-0.357369586612393,-1.63861791175253
ENSSSCG00000009565,8.89245969830721,9.82433851796498
ENSSSCG00000044825,3.26113509577104,4.28687578431891
ENSSSCG00000049805,4.71912845964747,4.34631353672184
ENSSSCG00000009566,1.16487493893756,0.692264219933096
ENSSSCG00000009567,5.48589380858785,5.39240981657998
ENSSSCG00000054303,5.67448723536032,5.66711576542142
ENSSSCG00000020899,4.87465190882293,5.04453704892876
ENSSSCG00000024679,3.1190164188074,2.46763286697893
ENSSSCG00000009338,4.31962744351204,4.73298310065254
ENSSSCG00000034291,0.929682484613295,1.0847773181148
ENSSSCG00000040566,4.79119521878023,5.6169433642884
ENSSSCG00000029039,2.86816398685734,3.6774005403821
ENSSSCG00000056102,-0.289717603961706,1.42730178812359
ENSSSCG00000026996,5.63912343141845,5.50703822750917
ENSSSCG00000009498,2.06725074680192,2.66729142251727
ENSSSCG00000009500,6.19344825926914,5.36393113507092
ENSSSCG00000009501,7.46661716032817,7.19746135536124
ENSSSCG00000026082,8.1028425620323,6.49538556462184
ENSSSCG00000009489,3.65797143270632,1.83737254564755
ENSSSCG00000009490,1.28066902659574,1.54125259769343
ENSSSCG00000009491,4.43659741768964,4.75845294902904
ENSSSCG00000009492,3.48527532162624,3.35562452275147
ENSSSCG00000053146,-1.44083485948891,-0.801432154592459
ENSSSCG00000060441,-1.76904577456744,-0.969662564375006
ENSSSCG00000045083,-0.503005667143942,-0.118530588140316
ENSSSCG00000009497,0.208321522646333,2.70969117426895
ENSSSCG00000009496,-1.1736270562095,4.62819722810014
ENSSSCG00000026164,3.26676339384565,3.34221111301098
ENSSSCG00000026564,5.78254911957778,5.81766833962658
ENSSSCG00000009354,6.95027385346443,6.83924515767086
ENSSSCG00000024635,6.13310181856604,5.98308373024278
ENSSSCG00000009428,7.54455806867192,7.65258320628992
ENSSSCG00000052062,0.0606232623061967,-3.86672707663002
ENSSSCG00000009430,6.97927303652348,7.29409370280109
ENSSSCG00000060520,4.80092571775472,4.9430449747942
ENSSSCG00000058703,3.36448946922339,2.95853009044781
ENSSSCG00000009431,1.66858646664768,1.35790376000462
ENSSSCG00000009290,6.93356374089407,6.79439306840396
ENSSSCG00000009293,5.60620453166219,5.94217773221825
ENSSSCG00000058125,-1.76904577456744,-0.883096611932229
ENSSSCG00000010811,6.11761237984786,6.209260407602
ENSSSCG00000010814,2.15484323487455,2.365253495496
ENSSSCG00000027207,4.50486542783186,4.62080986490709
ENSSSCG00000029778,3.36972936706284,4.02392112189717
ENSSSCG00000027846,4.81251634298115,5.12114613240466
ENSSSCG00000010816,3.69601391356227,4.12659529266051
ENSSSCG00000010817,3.14369649336471,3.57790831911178
ENSSSCG00000039095,0.299003801631898,-1.63861791175253
ENSSSCG00000010801,5.68398334113068,5.98668027199147
ENSSSCG00000010800,0.503524755598007,-1.16013180230037
ENSSSCG00000031991,3.30007972835331,2.97020382076097
ENSSSCG00000032055,4.41901344119094,5.01102251632131
ENSSSCG00000010802,5.90128440396143,5.60201401371349
ENSSSCG00000037241,7.55206786622904,8.73815982028533
ENSSSCG00000040300,-1.76904577456744,-1.37962819886108
ENSSSCG00000032416,2.96827754751789,2.94084044994871
ENSSSCG00000033945,-0.847537601777033,-0.389789821758014
ENSSSCG00000010809,-1.3010534406464,-0.801432154592459
ENSSSCG00000010821,6.76385042638226,6.32685924880919
ENSSSCG00000010822,5.1984846425573,4.74492500803624
ENSSSCG00000010823,5.99496873313901,6.63668623356691
ENSSSCG00000010824,6.8900101425835,6.96125167637613
ENSSSCG00000010825,4.63241326713755,4.87170536955757
ENSSSCG00000061312,-2.19461582859326,-1.06175616837389
ENSSSCG00000058600,-1.76904577456744,-0.969662564375006
ENSSSCG00000056567,-1.5956269400881,-1.37962819886108
ENSSSCG00000061415,0.464874497983746,1.16822850108867
ENSSSCG00000053863,-1.76904577456744,-0.801432154592459
ENSSSCG00000053269,1.324503892854,2.35638466866671
ENSSSCG00000057737,-0.94826101088964,0.343090997642991
ENSSSCG00000057973,0.208321522646333,0.774458752770575
ENSSSCG00000048837,0.901016344624057,1.58746179948828
ENSSSCG00000055448,1.76718173794872,1.75878269330764
ENSSSCG00000044167,-1.44083485948891,0.747577553315015
ENSSSCG00000043065,-1.5956269400881,1.32191137878578
ENSSSCG00000038539,0.00782776903463305,-0.450747065242323
ENSSSCG00000011010,4.40886838458313,4.72094151850558
ENSSSCG00000038811,4.67959035376555,3.24945229500085
ENSSSCG00000036693,2.79214674718859,2.98753919341803
ENSSSCG00000026552,5.80882792753602,5.69200314122256
ENSSSCG00000028655,6.58223828480032,6.50795411552656
ENSSSCG00000029783,-0.357369586612393,-0.650786169073976
ENSSSCG00000011069,8.58188735449142,8.26163149929118
ENSSSCG00000011070,4.66261300954675,5.32240930916795
ENSSSCG00000056325,0.748463530495347,1.57222259459841
ENSSSCG00000010960,6.73875795421117,6.80298623740166
ENSSSCG00000039950,2.83823600625996,2.61619678245007
ENSSSCG00000022760,8.72061112048755,8.73174458653048
ENSSSCG00000034203,4.77351320537421,4.66277970120763
ENSSSCG00000021571,6.65217535722184,6.9320767607692
ENSSSCG00000026087,3.71672305901307,3.83892522123326
ENSSSCG00000021005,7.61740229489674,7.33304006785132
ENSSSCG00000035132,2.4101085229922,3.06579234401381
ENSSSCG00000010962,3.8798564228418,4.21755621188446
ENSSSCG00000040707,3.82750178086163,4.78513412837772
ENSSSCG00000038162,5.22040321128493,3.90123135622859
ENSSSCG00000010966,1.84449092952033,1.32191137878578
ENSSSCG00000055253,-0.581735609749139,-0.883096611932229
ENSSSCG00000010968,6.50933102104047,6.55425560523364
ENSSSCG00000010969,6.43191625521102,5.6937644901338
ENSSSCG00000037000,5.9334881733155,5.61508562244144
ENSSSCG00000010971,0.957790112127212,0.663791401431833
ENSSSCG00000010972,5.6050941932154,5.05416724204454
ENSSSCG00000010973,4.4953084177885,4.52907871456189
ENSSSCG00000010974,3.25548475433632,0.926006765743826
ENSSSCG00000027428,5.51337843402614,5.40213828602634
ENSSSCG00000039342,7.26836440208525,6.60334017568777
ENSSSCG00000033196,7.53642663603791,7.75102914285721
ENSSSCG00000058971,4.95004974984416,4.24904303055937
ENSSSCG00000010980,5.58496057151398,6.00807324744001
ENSSSCG00000010981,3.80446909682012,3.68095686141744
ENSSSCG00000010984,4.93422148678126,5.04315604442067
ENSSSCG00000021761,5.81268069244373,5.44877762612671
ENSSSCG00000024384,6.40728474652363,6.41598456124114
ENSSSCG00000010987,5.43180926324289,5.45398339562082
ENSSSCG00000034725,6.67563581133062,6.45545278422071
ENSSSCG00000010990,4.77746131263844,4.84975496736719
ENSSSCG00000040513,4.99990184785204,2.79749362501286
ENSSSCG00000010992,-0.503005667143942,-0.118530588140316
ENSSSCG00000011003,4.56548892997186,4.2394277659383
ENSSSCG00000058178,2.4403064491966,1.54125259769343
ENSSSCG00000011004,5.020036803116,5.46948893831242
ENSSSCG00000030408,5.51100914378015,4.94600383179658
ENSSSCG00000023807,6.34745726312973,6.25352072966948
ENSSSCG00000062233,-0.225096418835447,-2.61458503095514
ENSSSCG00000055669,0.254375037426665,0.747577553315015
ENSSSCG00000062406,0.503524755598007,-0.580978849888471
ENSSSCG00000061793,-2.80087696638474,-0.969662564375006
ENSSSCG00000063495,2.68692924499126,0.747577553315015
ENSSSCG00000051266,2.4403064491966,1.20821105392266
ENSSSCG00000044435,-0.847537601777033,-1.95450014976733
ENSSSCG00000046263,0.715917087066103,1.20821105392266
ENSSSCG00000056577,3.52338998647721,3.87972895243467
ENSSSCG00000049283,2.4101085229922,2.05031729144738
ENSSSCG00000028046,-0.581735609749139,0.0226960489355265
ENSSSCG00000025759,0.299003801631898,-1.26570965698543
ENSSSCG00000034119,3.04233714300071,2.33848175918667
ENSSSCG00000038184,2.19081381452182,0.973180333493209
ENSSSCG00000020705,2.46988522199915,3.12443120470841
ENSSSCG00000011018,4.08173178280619,4.29618096237515
ENSSSCG00000011020,5.80012140237963,6.05061784807335
ENSSSCG00000011026,4.92890657203335,5.20998112125776
ENSSSCG00000011027,6.97669972731244,6.76411696362022
ENSSSCG00000011028,5.23051901992888,5.47769092133892
ENSSSCG00000022045,-0.581735609749139,0.151322202724095
ENSSSCG00000048231,-1.76904577456744,-0.51439395667637
ENSSSCG00000011022,6.18826756614202,6.3588497258542
ENSSSCG00000011023,4.07533158707034,4.85763279064949
ENSSSCG00000011025,4.53082537690794,4.20772806306319
ENSSSCG00000011033,8.7310822925243,9.63976207978987
ENSSSCG00000011034,6.31319101849211,3.39513233689423
ENSSSCG00000038007,4.1380906590801,3.44199506771677
ENSSSCG00000011036,4.91821763866401,4.8113308130939
ENSSSCG00000011037,-0.581735609749139,-0.801432154592459
ENSSSCG00000011038,2.51787418640574,1.14781387260733
ENSSSCG00000011040,3.34333746438284,2.82989022463114
ENSSSCG00000011041,4.17147879379691,4.46863617933797
ENSSSCG00000011042,6.43316814421146,5.47051673988256
ENSSSCG00000011043,1.23546043280176,2.16649583861557
ENSSSCG00000022953,3.49968658036642,4.06532750825372
ENSSSCG00000011045,5.1984846425573,5.26669856990268
ENSSSCG00000011046,6.52232927097133,6.63164131234466
ENSSSCG00000011047,7.26590745341898,6.80176177108834
ENSSSCG00000026499,1.25824180569868,2.21636209324052
ENSSSCG00000027110,1.42859580901325,1.37556872975422
ENSSSCG00000011049,2.4403064491966,3.31041948340265
ENSSSCG00000011048,3.19182504910006,2.99898145657284
ENSSSCG00000011051,4.26724317017079,3.81322928508241
ENSSSCG00000010874,6.0813426181924,6.87072764664398
ENSSSCG00000060083,5.19258301014931,5.66801203256123
ENSSSCG00000010865,-0.225096418835447,-0.51439395667637
ENSSSCG00000057274,2.72831056127704,3.16054291465792
ENSSSCG00000039658,8.12547712040238,8.56457856868406
ENSSSCG00000021132,1.48762675172783,-0.580978849888471
ENSSSCG00000011056,5.49431426092272,5.43620660049854
ENSSSCG00000035850,0.780291912538719,1.49351421091838
ENSSSCG00000026354,5.04153715377392,5.53481811961952
ENSSSCG00000010876,5.34401987924769,5.01806920477316
ENSSSCG00000032984,4.76558442885361,5.31556198587618
ENSSSCG00000031659,5.65959014452056,5.81362416301479
ENSSSCG00000059887,-0.94826101088964,0.6051024001257
ENSSSCG00000039618,4.68169854292298,4.95924410147895
ENSSSCG00000039244,6.24781863020141,5.7907648529947
ENSSSCG00000010877,8.81089957851851,9.1055540793332
ENSSSCG00000035059,0.160749279997622,-0.118530588140316
ENSSSCG00000023247,7.18870155158775,6.12495615354372
ENSSSCG00000011068,7.21259185910617,7.06287774100257
ENSSSCG00000030502,4.36755934111703,4.12920098417805
ENSSSCG00000035136,3.753266499184,3.63402652004958
ENSSSCG00000010872,6.2499513970359,6.47350817515839
ENSSSCG00000011065,-0.163246077098895,-1.26570965698543
ENSSSCG00000011064,5.66065933887182,6.3091584440792
ENSSSCG00000024127,6.25633084505513,6.49639508796827
ENSSSCG00000010860,5.3950209481316,4.66457706961891
ENSSSCG00000010861,5.56682504673501,6.92534596556604
ENSSSCG00000011061,1.21231354325694,1.24711535386201
ENSSSCG00000030156,0.841916534859911,0.826763660403192
ENSSSCG00000038536,0.715917087066103,-0.580978849888471
ENSSSCG00000010862,5.21313395949095,5.44250580558481
ENSSSCG00000053892,2.5272833570641,2.87405700009082
ENSSSCG00000044936,0.299003801631898,0.306722442383792
ENSSSCG00000041664,-2.80087696638474,-0.969662564375006
ENSSSCG00000050323,-0.503005667143942,-0.724143750785594
ENSSSCG00000057494,0.0606232623061967,1.06313784412392
ENSSSCG00000054417,-2.80087696638474,-0.969662564375006
ENSSSCG00000060365,0.780291912538719,-0.275097240265819
ENSSSCG00000010863,5.89584652108012,6.82163240486954
ENSSSCG00000044996,-1.44083485948891,-0.883096611932229
ENSSSCG00000058859,-0.94826101088964,0.0226960489355265
ENSSSCG00000056827,2.4403064491966,1.6898537845966
ENSSSCG00000053801,1.09065751143433,1.67566381082393
ENSSSCG00000045782,-0.665011214899346,-2.35951718500686
ENSSSCG00000048017,1.82935696214862,1.99424877862076
ENSSSCG00000010866,6.45243478329274,6.03819366215193
ENSSSCG00000034746,2.4403064491966,3.09274217814535
ENSSSCG00000029411,8.26101107873432,8.06557193104136
ENSSSCG00000010894,6.18157922140027,6.29298178383825
ENSSSCG00000024618,5.31985872057193,5.49799416430703
ENSSSCG00000010896,2.72012870992577,3.03277361541188
ENSSSCG00000010897,3.19182504910006,3.66308693729257
ENSSSCG00000021897,-0.163246077098895,-0.969662564375006
ENSSSCG00000031664,4.87649365725498,4.57948903027153
ENSSSCG00000010853,6.26760289773745,6.9331955133096
ENSSSCG00000010854,5.64345640798252,4.78513412837772
ENSSSCG00000010855,4.793146575977,4.11612520791461
ENSSSCG00000010858,4.76359540736435,5.62619635915995
ENSSSCG00000023971,9.2723491377573,8.70054802283245
ENSSSCG00000024180,6.80601413966972,6.00878091198085
ENSSSCG00000030675,1.25824180569868,-2.35951718500686
ENSSSCG00000021310,3.98943724956418,2.99327166878598
ENSSSCG00000023660,8.28079032925332,6.22761422407533
ENSSSCG00000024288,2.38961959335877,-0.275097240265819
ENSSSCG00000046588,6.65914664994024,6.16296349307448
ENSSSCG00000040100,4.93775391644233,4.64831956779967
ENSSSCG00000010878,3.21530032635219,2.63098083117467
ENSSSCG00000010879,3.74118791059028,4.45208114551679
ENSSSCG00000022034,4.00635741057301,3.2919332629483
ENSSSCG00000023775,3.14980110290371,3.73669712447758
ENSSSCG00000010882,4.61265990889702,4.75339482467613
ENSSSCG00000010884,-1.05654789507939,0.800848232904328
ENSSSCG00000027882,4.781398644916,4.93710899315627
ENSSSCG00000010826,6.02516877827026,6.03750028238463
ENSSSCG00000010829,4.82019201472572,4.61710194951013
ENSSSCG00000032644,2.72012870992577,2.25505012142321
ENSSSCG00000010831,1.85946778722825,0.926006765743826
ENSSSCG00000010832,2.36883548604693,2.32944629797738
ENSSSCG00000010833,3.70433327790565,3.56641789445968
ENSSSCG00000010834,7.26941610054115,6.93431339897414
ENSSSCG00000010835,5.88765107111877,6.00523911295465
ENSSSCG00000010836,5.909402988944,6.44555582722625
ENSSSCG00000011127,4.10391148326593,4.64650181774026
ENSSSCG00000034086,6.89955142313714,6.50394407985949
ENSSSCG00000033095,4.61927445861329,4.43322679702533
ENSSSCG00000011128,-1.05654789507939,-1.16013180230037
ENSSSCG00000010837,-2.19461582859326,-0.51439395667637
ENSSSCG00000035479,5.05298290305857,4.2297479873508
ENSSSCG00000011129,5.26185751256872,4.68420172925064
ENSSSCG00000024480,3.93037748785939,4.42051893344859
ENSSSCG00000035212,5.24342169883128,6.34770560058042
ENSSSCG00000011157,6.53695923836439,7.49104392868736
ENSSSCG00000011158,5.30625892722141,5.14580439623947
ENSSSCG00000011160,-0.0469734082326686,-0.969662564375006
ENSSSCG00000057721,-0.94826101088964,-0.118530588140316
ENSSSCG00000029602,5.58496057151398,5.1093171509493
ENSSSCG00000052236,0.208321522646333,0.574837615712797
ENSSSCG00000061483,-1.5956269400881,0.413188112875905
ENSSSCG00000063553,3.12522613144149,0.6051024001257
ENSSSCG00000044938,-1.5956269400881,-0.724143750785594
ENSSSCG00000054399,-2.80087696638474,0.480036609493032
ENSSSCG00000042711,-3.23753225397681,-0.650786169073976
ENSSSCG00000050349,-0.94826101088964,-1.78793082929158
ENSSSCG00000059776,-2.80087696638474,0.378565244869403
ENSSSCG00000062935,-1.05654789507939,-1.78793082929158
ENSSSCG00000031683,3.52808428998225,3.05486985244482
ENSSSCG00000047204,0.54116651967454,1.34001980880434
ENSSSCG00000054118,3.39050069294677,4.368537633411
ENSSSCG00000057505,3.9409770362239,3.96679654586605
ENSSSCG00000033745,-0.163246077098895,-0.580978849888471
ENSSSCG00000037997,3.55132938706797,2.76435279581209
ENSSSCG00000042888,-2.19461582859326,0.269413319240056
ENSSSCG00000029066,6.23280032273939,5.12637248526771
ENSSSCG00000028602,5.29390852806894,5.65179341088568
ENSSSCG00000011162,6.21252958067372,6.53571654585368
ENSSSCG00000063387,5.18517185734939,5.62065168676916
ENSSSCG00000011147,1.94620374824525,3.34221111301098
ENSSSCG00000058443,0.715917087066103,2.23583578812337
ENSSSCG00000062058,1.46821691359075,2.9526576108983
ENSSSCG00000036941,3.10022528325059,2.17660793203872
ENSSSCG00000028790,3.10022528325059,3.51951856546125
ENSSSCG00000011137,8.00373989426132,7.20828392833466
ENSSSCG00000011136,6.10509996625872,6.3665997086137
ENSSSCG00000011145,4.59710699083293,5.12506767096301
ENSSSCG00000023105,7.21514122259693,6.7280442163712
ENSSSCG00000011125,0.00782776903463305,1.04116884334027
ENSSSCG00000011163,5.8270376125496,5.85040979636877
ENSSSCG00000011166,7.27710521868646,7.42126438730189
ENSSSCG00000011131,-1.05654789507939,-0.51439395667637
ENSSSCG00000011133,3.78499025008485,4.73126901584918
ENSSSCG00000011134,6.11683352525031,6.08726105593196
ENSSSCG00000022849,-0.163246077098895,-1.78793082929158
ENSSSCG00000030030,6.51584478474841,6.36825501662319
ENSSSCG00000039612,5.36778306108902,4.77185521798819
ENSSSCG00000061765,-1.96619539223541,-1.06175616837389
ENSSSCG00000021815,-1.1736270562095,-1.26570965698543
ENSSSCG00000056385,1.14055756446698,2.15631236722569
ENSSSCG00000056203,-0.94826101088964,-0.650786169073976
ENSSSCG00000055365,0.254375037426665,0.692264219933096
ENSSSCG00000049325,0.254375037426665,-0.168854921246468
ENSSSCG00000052292,0.613625923982859,0.973180333493209
ENSSSCG00000011082,4.72117969736534,4.58519386362803
ENSSSCG00000011081,5.0100044518553,4.99682503480275
ENSSSCG00000011121,3.95498970508926,4.12398488641457
ENSSSCG00000011103,6.36067593517081,6.52437869529302
ENSSSCG00000026001,4.59487139474076,4.11349577089499
ENSSSCG00000011085,5.81364227816825,6.34602653220209
ENSSSCG00000060456,0.00782776903463305,0.231113683523015
ENSSSCG00000011087,2.02801948508034,1.16822850108867
ENSSSCG00000011090,4.53782503655746,6.48117755891698
ENSSSCG00000011110,7.35908647442736,6.57303800962828
ENSSSCG00000011111,3.12522613144149,3.87663085084553
ENSSSCG00000011112,4.90384140953994,4.78678543126955
ENSSSCG00000011113,4.87649365725498,4.91160499201842
ENSSSCG00000011114,5.49071151194592,5.18890449814066
ENSSSCG00000039539,3.60118729289602,4.60029737845565
ENSSSCG00000011117,6.04986137751924,6.58921524627003
ENSSSCG00000022247,2.30462385924679,3.69157352599349
ENSSSCG00000011119,5.6315092666274,5.5991974791889
ENSSSCG00000011120,4.83542192173782,5.32809069071346
ENSSSCG00000046967,-0.581735609749139,-1.06175616837389
ENSSSCG00000032993,1.18878921645065,2.2065257784872
ENSSSCG00000024444,4.4953084177885,3.44199506771677
ENSSSCG00000010941,5.55307221016456,5.50101515598081
ENSSSCG00000038768,0.577851083508549,-1.95450014976733
ENSSSCG00000036967,5.30078290951687,4.84817422751139
ENSSSCG00000010904,6.48055803676624,6.74640549715666
ENSSSCG00000037431,4.63241326713755,3.9521548491966
ENSSSCG00000034151,6.95725219623905,6.02005658942408
ENSSSCG00000010926,3.3592304705724,1.64685816540168
ENSSSCG00000049544,-0.753389730293386,-0.168854921246468
ENSSSCG00000058253,0.613625923982859,1.10609700495897
ENSSSCG00000044583,3.14980110290371,3.35116722857188
ENSSSCG00000011077,5.06110319747316,5.77337949160023
ENSSSCG00000011078,7.10005296810218,7.04539517937883
ENSSSCG00000010923,2.08009429229325,1.34001980880434
ENSSSCG00000011079,5.95369272746601,6.03819366215193
ENSSSCG00000010925,9.25961551542436,8.67480598011103
ENSSSCG00000011080,6.86564537686303,6.92347071382123
ENSSSCG00000010922,6.94896164803494,7.01964557304849
ENSSSCG00000037669,-0.0469734082326686,1.12710621877915
ENSSSCG00000024975,0.00782776903463305,3.27791146848435
ENSSSCG00000011076,3.5139553058738,4.27751019935945
ENSSSCG00000027312,5.78843036076891,5.33826113453456
ENSSSCG00000060272,0.0606232623061967,0.512334077457971
ENSSSCG00000060657,-1.44083485948891,-1.16013180230037
ENSSSCG00000048108,0.160749279997622,-0.275097240265819
ENSSSCG00000010928,6.88544440128623,7.13206313869069
ENSSSCG00000053080,4.7108942190829,4.47684299811982
ENSSSCG00000054833,-0.503005667143942,0.109708133942356
ENSSSCG00000010931,6.28642702666139,5.55239823372795
ENSSSCG00000060444,-2.46613199464794,-0.275097240265819
ENSSSCG00000056714,4.16244930073107,4.35301678640405
ENSSSCG00000010929,6.01266216291546,4.98248644688932
ENSSSCG00000010908,2.82303593425957,3.87972895243467
ENSSSCG00000033654,2.57343015789845,4.04890728373521
ENSSSCG00000010943,5.9246145497389,5.66711576542142
ENSSSCG00000011171,8.2519945690801,8.21302473623067
ENSSSCG00000011167,3.49968658036642,4.06260374976503
ENSSSCG00000011168,2.64432583421443,2.80403140524322
ENSSSCG00000011169,4.15336293804548,3.55870645204166
ENSSSCG00000027557,5.95456480004201,6.54550363519126
ENSSSCG00000035956,4.48327243218153,4.05714075698815
ENSSSCG00000028981,0.841916534859911,2.16649583861557
ENSSSCG00000039368,2.61814651954306,2.99327166878598
ENSSSCG00000063532,1.91786723757113,2.8105396921843
ENSSSCG00000010900,3.83509834562225,4.09495428970218
ENSSSCG00000053351,4.9324520232231,4.83227083232856
ENSSSCG00000010954,1.58094201213036,2.08294141053324
ENSSSCG00000010955,8.35894993982067,8.05224703623871
ENSSSCG00000032380,-0.0469734082326686,0.269413319240056
ENSSSCG00000010956,4.86355176858138,5.04315604442067
ENSSSCG00000010957,3.80059431048723,3.85160357557721
ENSSSCG00000030694,-0.428350711608159,3.93736303127276
ENSSSCG00000021624,5.3212116753743,6.09727670109349
ENSSSCG00000024061,4.5143595446808,0.191769503652254
ENSSSCG00000020976,9.4123079640383,9.02214383469222
ENSSSCG00000010915,5.40908579004245,3.93438638112435
ENSSSCG00000039843,6.76484510412619,6.72546349733663
ENSSSCG00000054480,3.38533583072866,3.8704146169824
ENSSSCG00000031201,7.65758662605215,6.76955530742421
ENSSSCG00000010912,1.84449092952033,1.06313784412392
ENSSSCG00000010959,3.15587999024382,2.38282924537441
ENSSSCG00000010911,2.9403754844187,3.32867182123474
ENSSSCG00000057685,3.1190164188074,3.22529980834429
ENSSSCG00000056774,-2.80087696638474,-0.801432154592459
ENSSSCG00000063163,3.07478353700702,2.5785599463218
ENSSSCG00000063271,-0.503005667143942,-0.0228605115491758
ENSSSCG00000053885,4.23315070803212,2.66729142251727
ENSSSCG00000043113,-2.80087696638474,-0.389789821758014
ENSSSCG00000032301,-0.581735609749139,2.39153747277534
ENSSSCG00000052161,-2.46613199464794,-1.16013180230037
ENSSSCG00000043552,-0.503005667143942,0.066857978120369
ENSSSCG00000038150,2.36883548604693,2.8105396921843
ENSSSCG00000019178,-1.76904577456744,-0.724143750785594
ENSSSCG00000022787,5.51928469219544,5.69903567119493
ENSSSCG00000055078,0.464874497983746,1.63223675073198
ENSSSCG00000010952,4.33041744447865,4.48500339608165
ENSSSCG00000034164,2.05429183424595,1.63223675073198
ENSSSCG00000031212,3.1799425944053,3.9927828655898
ENSSSCG00000010840,1.34593178147808,0.692264219933096
ENSSSCG00000028178,6.19049014159877,6.22213255447225
ENSSSCG00000025686,1.58094201213036,3.81646641771404
ENSSSCG00000025290,4.20996643151759,4.43953899775177
ENSSSCG00000041187,2.11795282114626,2.8426478762261
ENSSSCG00000024484,5.43930490855557,5.60856462252031
ENSSSCG00000052651,0.342293330875861,0.720185961482743
ENSSSCG00000026705,3.97918907392851,4.53694972374157
ENSSSCG00000035034,4.14421898484408,4.37952260415124
ENSSSCG00000010849,7.00896065808497,7.36958592741645
ENSSSCG00000063222,-0.847537601777033,0.480036609493032
ENSSSCG00000055285,0.160749279997622,0.926006765743826
ENSSSCG00000034972,2.51787418640574,2.03927655741885
ENSSSCG00000031483,1.58094201213036,-0.389789821758014
ENSSSCG00000032397,5.23913361470931,5.61229451659379
ENSSSCG00000046945,6.13387194221136,6.43979482440185
ENSSSCG00000038646,6.94018297761566,7.36046658313052
ENSSSCG00000010994,4.71295718940714,4.97671087018968
ENSSSCG00000010995,6.39705658311906,6.20802847771989
ENSSSCG00000035454,7.84113813964433,6.72933284678657
ENSSSCG00000010999,5.76674757879586,5.59825741109972
ENSSSCG00000011000,7.91602463662319,8.12470930294841
ENSSSCG00000011001,3.49968658036642,3.12443120470841
ENSSSCG00000011013,6.89909850446405,7.01507414825786
ENSSSCG00000011014,4.69010062728508,4.8113308130939
ENSSSCG00000010996,6.27809105514316,6.13730544991294
ENSSSCG00000045657,1.54433696419247,0.191769503652254
ENSSSCG00000054061,-1.76904577456744,-0.168854921246468
ENSSSCG00000031174,3.42614608619034,1.61746563255219
ENSSSCG00000010948,3.30555841070074,2.03927655741885
ENSSSCG00000010949,6.07574248803448,6.36051394476347
ENSSSCG00000058834,0.613625923982859,1.35790376000462
ENSSSCG00000052781,-0.753389730293386,-0.389789821758014
ENSSSCG00000056862,4.27284773568795,5.77670718144552
ENSSSCG00000021309,3.7290073427632,4.14987880700026
ENSSSCG00000011030,0.87176904556138,3.23500937773475
ENSSSCG00000032444,4.1226549774172,4.45623774772008
ENSSSCG00000031456,4.16847523767911,4.49715809388611
ENSSSCG00000047199,-0.94826101088964,-1.37962819886108
ENSSSCG00000057673,2.33708688541697,3.34221111301098
ENSSSCG00000011104,5.9890223713437,6.26482125131523
ENSSSCG00000052364,2.2601713103169,1.99424877862076
ENSSSCG00000011106,4.21870425431413,3.57408833700288
ENSSSCG00000024021,4.25596829550492,3.81969630309561
ENSSSCG00000011107,6.56120844252692,6.18504595076839
ENSSSCG00000036044,-0.163246077098895,0.413188112875905
ENSSSCG00000033001,3.62329263130676,3.78706736470701
ENSSSCG00000056790,-1.44083485948891,-0.650786169073976
ENSSSCG00000058208,1.58094201213036,0.543924309209927
ENSSSCG00000032735,3.04233714300071,3.57025821344925
ENSSSCG00000033737,-1.44083485948891,-0.724143750785594
ENSSSCG00000021706,5.14600790573764,4.2418375966162
ENSSSCG00000024784,-0.163246077098895,-1.78793082929158
ENSSSCG00000027928,5.53336183276853,5.40751477874947
ENSSSCG00000027314,5.74976661651501,5.64543659906685
ENSSSCG00000039234,-1.3010534406464,-1.16013180230037
ENSSSCG00000058221,-1.05654789507939,2.72355196361232
ENSSSCG00000033907,-0.94826101088964,-1.63861791175253
ENSSSCG00000051637,1.21231354325694,1.16822850108867
ENSSSCG00000010885,3.72492419254139,4.41625798189372
ENSSSCG00000011176,0.682619433441756,-1.06175616837389
ENSSSCG00000059631,0.464874497983746,0.949786352523971
ENSSSCG00000057680,0.299003801631898,0.6051024001257
ENSSSCG00000052804,0.780291912538719,1.20821105392266
ENSSSCG00000010888,-1.5956269400881,-0.650786169073976
ENSSSCG00000032896,3.2498121961957,1.73160503149834
ENSSSCG00000048861,2.9403754844187,0.774458752770575
ENSSSCG00000056019,-0.581735609749139,-2.35951718500686
ENSSSCG00000011101,9.17309964433761,8.40601192483894
ENSSSCG00000011102,5.28976812111051,5.32695620287244
ENSSSCG00000044246,-1.3010534406464,-0.51439395667637
ENSSSCG00000055367,-1.3010534406464,-0.118530588140316
ENSSSCG00000011071,4.35968046582564,4.44373184044422
ENSSSCG00000032929,7.22529386457141,7.04125066314395
ENSSSCG00000057984,-2.19461582859326,-0.969662564375006
ENSSSCG00000028135,3.68344421831341,4.2101913842195
ENSSSCG00000059535,-2.46613199464794,-0.331304090129519
ENSSSCG00000054010,-0.225096418835447,1.12710621877915
ENSSSCG00000011074,5.11981360279319,5.14965956688406
ENSSSCG00000011075,6.9607287504185,7.62377028909375
ENSSSCG00000063450,-0.753389730293386,-1.06175616837389
ENSSSCG00000049690,1.16487493893756,0.800848232904328
ENSSSCG00000037260,-0.103938698558373,-0.389789821758014
ENSSSCG00000032235,6.59571716206273,5.749021419687
ENSSSCG00000039419,0.342293330875861,1.54125259769343
ENSSSCG00000033946,5.63368884593868,6.04372873592947
ENSSSCG00000034173,5.95369272746601,5.77337949160023
ENSSSCG00000040931,4.45889496847324,1.87511825059562
ENSSSCG00000040086,4.74758373695633,4.54477802343035
ENSSSCG00000038718,5.79526164333131,5.58408238461635
ENSSSCG00000032761,7.65383297742341,8.8116793358331
ENSSSCG00000021825,7.76389292516961,7.43053679866429
ENSSSCG00000007540,5.00496199288669,4.29386028841113
ENSSSCG00000007539,2.5272833570641,2.28340015971318
ENSSSCG00000039212,-0.753389730293386,-1.63861791175253
ENSSSCG00000038617,5.6860851253102,6.17751283814641
ENSSSCG00000053677,4.46380352541899,4.54282492718398
ENSSSCG00000036835,6.11058750497048,5.79651372658635
ENSSSCG00000026052,6.835664556207,7.04470525296468
ENSSSCG00000033332,7.04010518280771,7.10551376682229
ENSSSCG00000035448,4.23315070803212,4.58329475791358
ENSSSCG00000037369,5.2377014163489,5.30292352496032
ENSSSCG00000056699,5.49071151194592,5.65992551260237
ENSSSCG00000040554,0.384321665410682,-0.51439395667637
ENSSSCG00000038631,3.54671023363404,4.18536683148638
ENSSSCG00000024694,4.87465190882293,5.19015285975934
ENSSSCG00000040401,-0.428350711608159,-1.37962819886108
ENSSSCG00000040118,7.11845729184526,7.486224516313
ENSSSCG00000031474,2.2936384687718,2.58616627273042
ENSSSCG00000040107,5.83936574656092,6.23791200298252
ENSSSCG00000038405,-1.44083485948891,-0.450747065242323
ENSSSCG00000039160,4.055958857509,4.1369899399032
ENSSSCG00000036595,5.80979208377998,5.69464435885078
ENSSSCG00000035304,5.78451219843204,5.39998206612181
ENSSSCG00000061743,-1.5956269400881,-0.801432154592459
ENSSSCG00000037562,4.40121249903953,5.15222396929966
ENSSSCG00000040388,2.64432583421443,3.45866557709305
ENSSSCG00000036712,6.30021416279227,6.04441912938046
ENSSSCG00000031602,5.89493821118286,5.88010604428504
ENSSSCG00000035939,6.21471511934883,6.40096847932503
ENSSSCG00000058618,6.27110742894704,6.00239939992983
ENSSSCG00000034186,2.92621944634065,2.23583578812337
ENSSSCG00000029119,6.81372439113251,6.74045302375408
ENSSSCG00000055892,1.324503892854,1.0847773181148
ENSSSCG00000036804,6.10902176548648,5.99098432038827
ENSSSCG00000037865,3.56052356113456,3.07663276352414
ENSSSCG00000034841,4.74355289810022,4.00701998574096
ENSSSCG00000033548,4.66047672489061,3.43779716712177
ENSSSCG00000031228,2.78431999506382,2.98753919341803
ENSSSCG00000007538,-0.94826101088964,-0.389789821758014
ENSSSCG00000059072,-0.357369586612393,-2.61458503095514
ENSSSCG00000061999,-0.428350711608159,-0.275097240265819
ENSSSCG00000062929,1.46821691359075,1.98276876816261
ENSSSCG00000058198,2.64432583421443,2.07214846811371
ENSSSCG00000044892,-2.46613199464794,-0.724143750785594
ENSSSCG00000046327,-1.5956269400881,0.996201015194988
ENSSSCG00000006979,0.648535071030343,-0.650786169073976
ENSSSCG00000006968,4.1834308748793,4.68420172925064
ENSSSCG00000006969,7.35545939786724,6.8332649352338
ENSSSCG00000006970,5.00664477155074,3.06579234401381
ENSSSCG00000021988,6.66555192676592,6.43664273585137
ENSSSCG00000055878,2.98885557233165,2.45106624968918
ENSSSCG00000003935,-1.1736270562095,-0.969662564375006
ENSSSCG00000033117,-0.665011214899346,-1.50331917830221
ENSSSCG00000039442,0.780291912538719,0.720185961482743
ENSSSCG00000006981,2.84577640620797,2.62360774421201
ENSSSCG00000006982,3.4160512381393,4.08156294502782
ENSSSCG00000006983,6.19123023983786,6.17814210207446
ENSSSCG00000006984,4.58138457622712,4.651948211391
ENSSSCG00000027439,0.648535071030343,0.44699951176586
ENSSSCG00000036785,3.05540339708637,2.01693833045353
ENSSSCG00000021353,7.47271758021339,7.73079815630383
ENSSSCG00000006987,2.86073999404779,2.23583578812337
ENSSSCG00000006988,3.816031403068,3.42088233897337
ENSSSCG00000040013,6.96419694705946,7.54106587047068
ENSSSCG00000007056,5.58044801808882,4.95631230251377
ENSSSCG00000035335,-0.103938698558373,-1.06175616837389
ENSSSCG00000006994,7.96315104726667,8.37711818419363
ENSSSCG00000006995,7.20564936327544,7.296993493724
ENSSSCG00000006996,4.6942833906491,4.80482610213521
ENSSSCG00000052785,-1.1736270562095,0.269413319240056
ENSSSCG00000006972,2.60931343902336,2.3740681350203
ENSSSCG00000043551,-1.76904577456744,-0.969662564375006
ENSSSCG00000006966,0.780291912538719,2.56322591732365
ENSSSCG00000025403,-0.847537601777033,-2.14284221802902
ENSSSCG00000058810,2.88289833635537,4.084251176488
ENSSSCG00000056747,0.208321522646333,2.08294141053324
ENSSSCG00000043990,-0.163246077098895,-0.801432154592459
ENSSSCG00000049196,-1.96619539223541,-0.0699026685752995
ENSSSCG00000007058,6.23280032273939,6.79603381348981
ENSSSCG00000007061,0.613625923982859,-1.50331917830221
ENSSSCG00000058180,3.6918361717117,3.36449800938972
ENSSSCG00000048919,5.60620453166219,5.25720064454606
ENSSSCG00000032601,5.61726116770112,3.58551807282603
ENSSSCG00000026466,5.22474724597021,5.47051673988256
ENSSSCG00000028479,6.19492504670027,5.85435229766621
ENSSSCG00000056538,5.07239536750443,4.95924410147895
ENSSSCG00000030123,6.35275927468565,6.37650318714823
ENSSSCG00000007043,7.3990346236951,8.16875137242642
ENSSSCG00000039269,2.73644627303554,3.10338271409922
ENSSSCG00000039779,-0.163246077098895,0.774458752770575
ENSSSCG00000007046,4.58814374536442,4.89638929100478
ENSSSCG00000007047,3.71260494319628,3.85160357557721
ENSSSCG00000040202,5.35595039617245,5.56207318445069
ENSSSCG00000053721,0.901016344624057,1.37556872975422
ENSSSCG00000007052,4.25029764203057,6.11250023535335
ENSSSCG00000031857,5.78254911957778,5.71212997499664
ENSSSCG00000039969,3.89447243966319,3.89817913588535
ENSSSCG00000036001,3.87617916405051,4.01549530322572
ENSSSCG00000024486,3.91612251859602,4.18286071986411
ENSSSCG00000063303,5.64237438325762,5.55433842138012
ENSSSCG00000031510,5.81748222468785,5.77919792139308
ENSSSCG00000038960,5.33868559265614,5.0166626178964
ENSSSCG00000007004,5.40908579004245,5.41287130926318
ENSSSCG00000035371,1.0124140211341,0.996201015194988
ENSSSCG00000033750,3.40588525623016,4.22000282322818
ENSSSCG00000007034,4.32772750033815,4.73298310065254
ENSSSCG00000044174,0.901016344624057,-0.51439395667637
ENSSSCG00000043561,2.48927277795051,2.78432850690455
ENSSSCG00000043729,-2.80087696638474,1.01886012427252
ENSSSCG00000007421,3.14369649336471,2.79092608296928
ENSSSCG00000007422,5.19406068308839,4.92216129815125
ENSSSCG00000007423,2.38961959335877,0.634745314624147
ENSSSCG00000007424,3.50445851965302,3.63402652004958
ENSSSCG00000007425,4.40376897767296,4.72439223849069
ENSSSCG00000007426,3.73307896936176,3.71950850973016
ENSSSCG00000007427,3.05540339708637,2.40019345180835
ENSSSCG00000007428,3.37495030233802,3.14517701483991
ENSSSCG00000007430,1.56275558109478,1.24711535386201
ENSSSCG00000007431,5.88582352032607,5.41607570721644
ENSSSCG00000007435,4.7374854445382,4.92815897360019
ENSSSCG00000022777,4.27564187482818,4.31918467198056
ENSSSCG00000023306,6.23423739238149,6.51344977811183
ENSSSCG00000051117,0.715917087066103,0.6051024001257
ENSSSCG00000007458,6.20668523910064,6.9977120104952
ENSSSCG00000007456,7.51500877503866,5.52495802256905
ENSSSCG00000022258,2.92621944634065,-0.0228605115491758
ENSSSCG00000035078,3.10022528325059,3.31500426226794
ENSSSCG00000038594,6.05881047550293,6.49184665951094
ENSSSCG00000035906,1.98769151381773,1.14781387260733
ENSSSCG00000007452,3.39050069294677,3.19577275116599
ENSSSCG00000007451,5.4504758580435,3.53532168307395
ENSSSCG00000007352,3.80446909682012,3.64134668663261
ENSSSCG00000007395,5.78745181734488,5.74477986970844
ENSSSCG00000033586,5.2674829985145,5.29714196416816
ENSSSCG00000021861,6.70080129727567,5.92653393154798
ENSSSCG00000039858,-0.581735609749139,-0.51439395667637
ENSSSCG00000035724,0.254375037426665,0.0226960489355265
ENSSSCG00000033003,7.93625279399974,9.194392125942
ENSSSCG00000033572,1.14055756446698,1.6898537845966
ENSSSCG00000007407,-2.46613199464794,-0.0228605115491758
ENSSSCG00000007355,6.73926410454643,6.49184665951094
ENSSSCG00000007356,6.66714881235523,6.36880636417207
ENSSSCG00000032566,5.02336547677253,5.54070199249082
ENSSSCG00000007359,4.75761183637591,4.67174423425723
ENSSSCG00000007358,2.9956502008432,3.15031718730706
ENSSSCG00000007360,6.31997434519993,6.70464984927879
ENSSSCG00000038990,2.86816398685734,1.6898537845966
ENSSSCG00000007362,8.63112694763351,8.54933763116003
ENSSSCG00000055642,1.46821691359075,2.50020608859808
ENSSSCG00000024325,1.52568015604393,-0.724143750785594
ENSSSCG00000007364,6.16735672715154,6.09993583818478
ENSSSCG00000007366,2.9751695535918,2.60874755476081
ENSSSCG00000022202,4.66474613555531,3.74691284553516
ENSSSCG00000007369,6.97283113678941,5.65992551260237
ENSSSCG00000031692,3.30007972835331,2.13572720940697
ENSSSCG00000039573,12.5023755662898,9.7401762777618
ENSSSCG00000007391,2.51787418640574,2.98178384945335
ENSSSCG00000031118,3.92682692850811,2.97600545370124
ENSSSCG00000037156,1.42859580901325,1.46078781820194
ENSSSCG00000007453,6.60185314416002,6.35161584391435
ENSSSCG00000007433,6.05149262064212,6.25113035142112
ENSSSCG00000007432,5.12601989246791,5.27260317610932
ENSSSCG00000007436,1.76718173794872,0.826763660403192
ENSSSCG00000007437,4.37539542174089,4.30081114134785
ENSSSCG00000007438,6.25066161924133,6.4923527491763
ENSSSCG00000030820,6.05718749031146,5.65721990201027
ENSSSCG00000007454,7.91826143281727,7.75651695247078
ENSSSCG00000036684,4.93775391644233,4.62819722810014
ENSSSCG00000039591,7.41274331790291,7.73529475773581
ENSSSCG00000022714,5.043177830867,4.93710899315627
ENSSSCG00000007373,0.682619433441756,0.574837615712797
ENSSSCG00000037912,4.25879528568933,4.12659529266051
ENSSSCG00000007371,3.14369649336471,4.65917823269924
ENSSSCG00000007334,5.87204259411814,6.14569447032311
ENSSSCG00000007336,6.59291942870876,6.53669824795335
ENSSSCG00000063164,3.57873797349955,3.84210527044791
ENSSSCG00000063138,2.83823600625996,2.8105396921843
ENSSSCG00000052330,-0.753389730293386,-1.37962819886108
ENSSSCG00000045287,1.30275293821975,0.44699951176586
ENSSSCG00000055075,-1.1736270562095,-0.724143750785594
ENSSSCG00000053206,1.63416494499211,2.40879780570445
ENSSSCG00000053038,-0.94826101088964,-0.801432154592459
ENSSSCG00000048424,-0.428350711608159,-2.92464516734468
ENSSSCG00000056364,2.95439396897898,0.306722442383792
ENSSSCG00000051590,2.28256878788505,2.33848175918667
ENSSSCG00000047398,-2.80087696638474,-0.801432154592459
ENSSSCG00000048962,0.503524755598007,1.18835828160125
ENSSSCG00000007108,5.41796527506362,5.02787710037138
ENSSSCG00000007109,6.36396176514179,6.70464984927879
ENSSSCG00000007116,6.40281884497938,6.61174922607132
ENSSSCG00000007114,4.24460461151598,5.62342668667485
ENSSSCG00000020853,5.54151050910773,5.57837314574566
ENSSSCG00000007072,2.8306559884474,4.87481405499335
ENSSSCG00000007073,2.38961959335877,4.69303453839473
ENSSSCG00000007074,4.21288492323123,4.17279251140364
ENSSSCG00000058041,-2.19461582859326,-1.06175616837389
ENSSSCG00000007077,4.56091496174106,4.30772866583566
ENSSSCG00000007076,2.53663155909393,2.59373270651027
ENSSSCG00000030112,3.03575936923339,2.60125966392602
ENSSSCG00000007079,2.10544337267369,2.50823576496658
ENSSSCG00000007080,5.49431426092272,5.44877762612671
ENSSSCG00000007488,1.78297855012575,2.60874755476081
ENSSSCG00000007504,5.72851037272571,5.61972549938371
ENSSSCG00000037602,4.63893807083309,4.42051893344859
ENSSSCG00000007492,5.79817946274663,5.36834922837073
ENSSSCG00000007507,-1.5956269400881,-1.16013180230037
ENSSSCG00000007119,3.31645375125364,3.34669612062099
ENSSSCG00000007117,4.0976091439326,4.43953899775177
ENSSSCG00000007487,3.76921557047862,3.70909617524253
ENSSSCG00000031219,3.92326760945393,4.75676887724409
ENSSSCG00000007508,3.19182504910006,1.4102627264044
ENSSSCG00000034259,5.40908579004245,5.47257014895539
ENSSSCG00000007493,2.19081381452182,1.87511825059562
ENSSSCG00000007494,4.69845406209943,4.64468177448369
ENSSSCG00000007495,-1.1736270562095,-1.16013180230037
ENSSSCG00000007084,-0.581735609749139,-1.37962819886108
ENSSSCG00000007085,10.175821164485,9.49984761771197
ENSSSCG00000024692,8.74715130456159,6.73618617017816
ENSSSCG00000007088,6.96159658152716,6.90344173062383
ENSSSCG00000007089,4.06890287172142,4.33957899602656
ENSSSCG00000036377,3.41097720151772,4.15755721604328
ENSSSCG00000052391,2.51787418640574,2.59373270651027
ENSSSCG00000007092,5.47742392065554,5.44459944338857
ENSSSCG00000007093,3.50445851965302,3.52348560311752
ENSSSCG00000007094,8.11517950796815,8.30678483323472
ENSSSCG00000007462,0.780291912538719,1.52551466820507
ENSSSCG00000007463,6.74128693199322,5.92428519067748
ENSSSCG00000007095,3.55132938706797,3.62666902178693
ENSSSCG00000007496,5.49311434397645,5.5090403430447
ENSSSCG00000029494,4.35175832587546,4.39692641543382
ENSSSCG00000007497,-0.753389730293386,0.692264219933096
ENSSSCG00000007498,1.0124140211341,0.996201015194988
ENSSSCG00000007097,6.89683177580568,6.31260139798954
ENSSSCG00000007501,1.03896948409484,1.4441419554549
ENSSSCG00000007503,5.32930286724478,5.2331786101303
ENSSSCG00000025589,3.19182504910006,3.01033368279559
ENSSSCG00000007098,4.40886838458313,4.53891078454241
ENSSSCG00000007476,6.74078149096698,3.40806478716832
ENSSSCG00000007486,-0.665011214899346,4.02951111928058
ENSSSCG00000007100,4.59710699083293,3.94329796990743
ENSSSCG00000028004,5.4591049649742,6.13536257501292
ENSSSCG00000028132,3.816031403068,3.6229761539042
ENSSSCG00000025784,1.68549407120461,0.774458752770575
ENSSSCG00000038587,5.55537347321128,5.50503332965466
ENSSSCG00000007465,5.93613965223847,6.27662167896429
ENSSSCG00000007466,6.9090300166744,6.91858362104879
ENSSSCG00000038858,6.60185314416002,6.42396505813963
ENSSSCG00000033324,4.77943132197348,4.79829193036196
ENSSSCG00000026506,6.06851023062492,6.00097744459389
ENSSSCG00000036129,6.93046433972851,6.55522477708748
ENSSSCG00000032613,1.23546043280176,0.774458752770575
ENSSSCG00000030632,6.4938169254703,6.0979419449997
ENSSSCG00000053422,3.02915146757585,2.72355196361232
ENSSSCG00000007099,0.208321522646333,-3.86672707663002
ENSSSCG00000046267,-1.1736270562095,0.634745314624147
ENSSSCG00000050749,-3.86672707663002,0.151322202724095
ENSSSCG00000057660,0.254375037426665,0.973180333493209
ENSSSCG00000057453,-3.86672707663002,0.343090997642991
ENSSSCG00000053829,-2.80087696638474,-0.801432154592459
ENSSSCG00000049934,-2.46613199464794,0.066857978120369
ENSSSCG00000027287,5.83653012849561,5.51403350976723
ENSSSCG00000007469,5.51928469219544,5.61879871701862
ENSSSCG00000007470,2.80767400923913,4.34855141568573
ENSSSCG00000027206,4.42153859749542,5.07594067491483
ENSSSCG00000007472,3.97918907392851,4.33281287081241
ENSSSCG00000007473,6.78410549532128,7.34765781658863
ENSSSCG00000034952,5.73563064221578,5.69464435885078
ENSSSCG00000007510,7.87998558279354,7.61705648268299
ENSSSCG00000007512,3.65797143270632,4.21510544437685
ENSSSCG00000007513,5.95456480004201,5.90464786335047
ENSSSCG00000007514,6.85727605251591,6.55134417712388
ENSSSCG00000007516,6.60407795580713,6.8260557922294
ENSSSCG00000007517,5.43556195392694,5.63171980341482
ENSSSCG00000007520,8.13030908976027,7.63366808551377
ENSSSCG00000058036,1.48762675172783,0.800848232904328
ENSSSCG00000032457,-1.76904577456744,-0.724143750785594
ENSSSCG00000007477,3.74522535331173,3.16054291465792
ENSSSCG00000007481,1.85946778722825,2.32035389170899
ENSSSCG00000007482,2.02801948508034,3.06034143483319
ENSSSCG00000007484,5.725448038136,6.58589943499739
ENSSSCG00000007485,7.39775274907285,7.28302103285205
ENSSSCG00000007521,6.91710525242574,6.67686814370583
ENSSSCG00000007522,6.6698063667052,5.95985108317417
ENSSSCG00000007523,-0.0469734082326686,-0.580978849888471
ENSSSCG00000060915,7.30130147023412,6.91707656353768
ENSSSCG00000007525,3.36448946922339,3.83892522123326
ENSSSCG00000007526,-3.86672707663002,-0.51439395667637
ENSSSCG00000007527,3.20361043539168,4.19285915148559
ENSSSCG00000007528,-0.289717603961706,1.71782176674871
ENSSSCG00000007529,3.00914420339244,0.6051024001257
ENSSSCG00000007531,4.04289765600648,4.23459599495222
ENSSSCG00000044650,-0.94826101088964,-0.801432154592459
ENSSSCG00000036439,-1.05654789507939,-1.63861791175253
ENSSSCG00000034207,6.33612537224272,6.248136798257
ENSSSCG00000007475,4.34910791583901,4.53891078454241
ENSSSCG00000062653,-0.503005667143942,0.343090997642991
ENSSSCG00000007530,4.15032138858505,4.1187498612742
ENSSSCG00000052445,-1.44083485948891,-1.37962819886108
ENSSSCG00000048041,0.577851083508549,0.151322202724095
ENSSSCG00000061307,-0.847537601777033,-1.78793082929158
ENSSSCG00000057910,2.815375418519,3.31500426226794
ENSSSCG00000055381,0.111554715953384,-0.580978849888471
ENSSSCG00000050651,-1.3010534406464,-1.37962819886108
ENSSSCG00000054658,-0.581735609749139,-0.580978849888471
ENSSSCG00000056070,0.648535071030343,1.34001980880434
ENSSSCG00000043121,0.342293330875861,-1.78793082929158
ENSSSCG00000057076,-0.503005667143942,-0.168854921246468
ENSSSCG00000059679,-1.1736270562095,0.0226960489355265
ENSSSCG00000050854,-2.80087696638474,-0.883096611932229
ENSSSCG00000042543,-2.80087696638474,-0.724143750785594
ENSSSCG00000042918,-3.86672707663002,-0.883096611932229
ENSSSCG00000059022,0.425160216794395,-0.801432154592459
ENSSSCG00000043700,-0.94826101088964,-0.724143750785594
ENSSSCG00000058388,-1.5956269400881,-0.51439395667637
ENSSSCG00000051682,0.901016344624057,0.066857978120369
ENSSSCG00000023847,-1.44083485948891,-1.37962819886108
ENSSSCG00000007478,6.91621023285783,7.08921259673633
ENSSSCG00000058830,3.89083229409153,3.85160357557721
ENSSSCG00000007198,2.95439396897898,3.41662246217535
ENSSSCG00000007189,5.1792154011969,3.17574687812892
ENSSSCG00000031519,0.00782776903463305,-1.63861791175253
ENSSSCG00000007130,3.83509834562225,-1.95450014976733
ENSSSCG00000007131,-0.94826101088964,-0.275097240265819
ENSSSCG00000036286,6.15678654043079,6.12821623096523
ENSSSCG00000007133,5.67554545017501,6.44398692474128
ENSSSCG00000007216,4.40121249903953,6.73874779636043
ENSSSCG00000028461,6.04659334752563,6.86955936866832
ENSSSCG00000007170,5.75678299993223,2.67444514854501
ENSSSCG00000027665,-0.847537601777033,0.44699951176586
ENSSSCG00000063284,-0.289717603961706,-0.168854921246468
ENSSSCG00000007187,6.30432474132357,6.26363588248787
ENSSSCG00000007188,8.517839294622,7.23906716867598
ENSSSCG00000007171,2.96135245902405,2.8426478762261
ENSSSCG00000007179,5.66386217579353,6.05405010703646
ENSSSCG00000039392,5.95019915612556,3.94329796990743
ENSSSCG00000007191,0.841916534859911,-0.969662564375006
ENSSSCG00000038854,6.20302046632759,6.37155994575229
ENSSSCG00000023887,-0.665011214899346,0.512334077457971
ENSSSCG00000037360,7.97308309319034,8.45044604590751
ENSSSCG00000007212,5.20436223147969,4.45416094358552
ENSSSCG00000038183,-0.847537601777033,0.109708133942356
ENSSSCG00000055982,2.64432583421443,2.27401191108018
ENSSSCG00000035759,-0.94826101088964,-0.969662564375006
ENSSSCG00000007221,-3.86672707663002,1.63223675073198
ENSSSCG00000036940,0.384321665410682,-1.50331917830221
ENSSSCG00000007203,6.00257821777895,5.83053404506039
ENSSSCG00000036081,5.80882792753602,5.60013693512336
ENSSSCG00000007206,6.18083415433782,5.63171980341482
ENSSSCG00000039862,3.28905954937994,2.89870106029881
ENSSSCG00000007200,4.7833632887826,5.7362591747298
ENSSSCG00000007199,6.41173686639936,5.89702329604412
ENSSSCG00000023298,4.15336293804548,3.79365245612088
ENSSSCG00000007160,6.11527455349974,5.80305593881932
ENSSSCG00000007161,5.41289797757831,6.73276357794923
ENSSSCG00000007162,3.22689625712143,3.32867182123474
ENSSSCG00000045134,3.90533809075458,4.08156294502782
ENSSSCG00000007164,-2.80087696638474,3.40376683840404
ENSSSCG00000007165,6.09485311292165,6.42820334110846
ENSSSCG00000007166,6.24852990286095,5.91147569037148
ENSSSCG00000007167,6.02267611367653,5.86611556799521
ENSSSCG00000007168,5.39887043267462,5.52099503718258
ENSSSCG00000007173,5.70486465232774,5.88935821911512
ENSSSCG00000027676,6.50159482710832,6.56102617543199
ENSSSCG00000040857,6.69350659886787,6.11447412295306
ENSSSCG00000026043,-1.76904577456744,-1.16013180230037
ENSSSCG00000055487,5.45541309441167,5.00536027864986
ENSSSCG00000007252,2.10544337267369,2.18664964113913
ENSSSCG00000007253,6.58110933992262,6.09394587248945
ENSSSCG00000059506,0.0606232623061967,-0.389789821758014
ENSSSCG00000027070,6.53870490640039,6.01724592123568
ENSSSCG00000022815,8.59564903808228,8.22312192989844
ENSSSCG00000040449,5.14448015964065,4.6895079014773
ENSSSCG00000034913,2.67850861649466,2.44271105199964
ENSSSCG00000007135,2.4403064491966,3.04386403660711
ENSSSCG00000053479,2.37926496751754,2.32944629797738
ENSSSCG00000056400,-1.5956269400881,-0.801432154592459
ENSSSCG00000028529,4.61927445861329,5.47973415184989
ENSSSCG00000007228,7.51204990281053,7.01648228394454
ENSSSCG00000037016,4.92178942305645,5.72510649943098
ENSSSCG00000038384,4.28399196895503,3.32413033988791
ENSSSCG00000035357,5.30215386379215,5.44773421430857
ENSSSCG00000007235,3.20946722096746,2.02815067824639
ENSSSCG00000007231,-0.0469734082326686,-0.580978849888471
ENSSSCG00000033613,5.81460322340311,5.94143662332774
ENSSSCG00000055618,1.03896948409484,1.92395712532492
ENSSSCG00000056065,2.11795282114626,0.663791401431833
ENSSSCG00000007236,6.05149262064212,6.23670430774705
ENSSSCG00000007237,5.30762469010544,5.31441759904561
ENSSSCG00000007239,2.34774757151488,2.301995340821
ENSSSCG00000007240,1.23546043280176,1.37556872975422
ENSSSCG00000007246,6.98440592585002,6.65623973891521
ENSSSCG00000007243,3.97231628882701,4.35746837872483
ENSSSCG00000007244,5.59282373515322,5.97586363665965
ENSSSCG00000007247,6.68459887579509,6.74725384917823
ENSSSCG00000007248,6.40281884497938,7.07981427232636
ENSSSCG00000007157,4.27284773568795,5.16116365081359
ENSSSCG00000035995,4.02640309177669,4.18035024728826
ENSSSCG00000007315,5.02336547677253,5.086705390158
ENSSSCG00000007317,6.29264754797865,6.19813498400858
ENSSSCG00000036002,3.86509081358966,4.83865324289385
ENSSSCG00000036402,10.8536740285393,9.04328015365099
ENSSSCG00000039201,3.89447243966319,3.40806478716832
ENSSSCG00000055477,0.682619433441756,1.0847773181148
ENSSSCG00000007323,3.19772977657571,3.55095356908917
ENSSSCG00000007324,3.87617916405051,4.78182584153047
ENSSSCG00000027806,4.06244538145152,4.39476238604068
ENSSSCG00000031690,1.68549407120461,2.32944629797738
ENSSSCG00000007331,4.27284773568795,4.46038240857897
ENSSSCG00000028227,8.75117211610491,7.29293215247373
ENSSSCG00000025673,5.73156622082135,5.18890449814066
ENSSSCG00000063004,3.95498970508926,3.43358701597623
ENSSSCG00000027410,4.58814374536442,4.89944529635138
ENSSSCG00000029626,5.93437254118486,4.98680300636501
ENSSSCG00000047940,-0.289717603961706,-1.26570965698543
ENSSSCG00000007268,3.36448946922339,2.40879780570445
ENSSSCG00000034625,4.18045212468739,5.05142231151614
ENSSSCG00000021769,4.35175832587546,4.51719109335176
ENSSSCG00000007272,6.91576251476804,6.52091028465312
ENSSSCG00000007275,6.77376647743097,6.01372486816322
ENSSSCG00000026617,6.53054032297902,6.24753734151673
ENSSSCG00000053652,0.577851083508549,0.692264219933096
ENSSSCG00000007278,5.37039941455435,4.89638929100478
ENSSSCG00000007280,6.78851392127389,6.2215221923893
ENSSSCG00000043574,0.841916534859911,1.14781387260733
ENSSSCG00000037510,6.58618264936391,5.95398398919834
ENSSSCG00000007282,4.7833632887826,4.67174423425723
ENSSSCG00000007281,6.54913478823469,5.77836815244513
ENSSSCG00000022099,6.39255885793772,3.6738354311559
ENSSSCG00000007284,5.25903652238039,5.22711007917365
ENSSSCG00000007285,4.44406829116839,4.5132066856359
ENSSSCG00000007286,3.89083229409153,4.17279251140364
ENSSSCG00000007287,5.33734893354534,5.09339277596379
ENSSSCG00000007288,6.029313672447,6.67864805635246
ENSSSCG00000007289,7.21113305478625,6.78781136432184
ENSSSCG00000007291,6.13078897795977,5.37165394193337
ENSSSCG00000026585,2.3263468361721,2.9526576108983
ENSSSCG00000040160,2.4403064491966,6.14311842497325
ENSSSCG00000022864,6.57034007142074,6.61081730392508
ENSSSCG00000028858,2.15484323487455,1.34001980880434
ENSSSCG00000038237,4.77351320537421,4.79501371303781
ENSSSCG00000023261,-2.46613199464794,0.6051024001257
ENSSSCG00000021138,5.98817088680106,5.83133435482254
ENSSSCG00000034045,7.75890937060289,6.75907869315881
ENSSSCG00000057781,0.957790112127212,-0.580978849888471
ENSSSCG00000007305,2.04121546325762,-0.801432154592459
ENSSSCG00000047420,5.54383027360242,5.47973415184989
ENSSSCG00000007307,5.056236507543,5.51103968397295
ENSSSCG00000007308,5.0133563264685,4.56030833090418
ENSSSCG00000007309,7.3676234883216,7.64645726809316
ENSSSCG00000007311,5.01502934795898,5.5367820780867
ENSSSCG00000007312,5.42301483653705,5.1367687321955
ENSSSCG00000007313,0.957790112127212,-0.220998320347156
ENSSSCG00000007314,6.4412790504456,6.99913718637663
ENSSSCG00000056166,1.96016598715194,2.05031729144738
ENSSSCG00000047985,5.10888793466526,5.27142418657703
ENSSSCG00000007224,-2.80087696638474,3.83254401643776
ENSSSCG00000053991,4.078535234066,4.58139314899729
ENSSSCG00000044750,-0.94826101088964,-0.883096611932229
ENSSSCG00000055053,1.82935696214862,2.5785599463218
ENSSSCG00000052842,-0.847537601777033,1.57222259459841
ENSSSCG00000062634,-1.3010534406464,1.16822850108867
ENSSSCG00000037324,3.84265511981395,7.77826179444763
ENSSSCG00000044004,-0.163246077098895,3.87972895243467
ENSSSCG00000062907,-0.163246077098895,1.81164869165001
ENSSSCG00000059987,0.342293330875861,2.27401191108018
ENSSSCG00000047192,3.10022528325059,3.39079562950206
ENSSSCG00000053536,-1.05654789507939,-0.883096611932229
ENSSSCG00000062032,7.71789527262813,6.93691843520888
ENSSSCG00000047748,-1.1736270562095,-0.331304090129519
ENSSSCG00000044567,2.84577640620797,2.59373270651027
ENSSSCG00000048082,4.53082537690794,4.98823899424338
ENSSSCG00000019046,-0.503005667143942,-0.969662564375006
ENSSSCG00000019599,-1.05654789507939,-0.389789821758014
ENSSSCG00000018196,-0.503005667143942,-0.724143750785594
ENSSSCG00000018372,1.14055756446698,1.64685816540168
ENSSSCG00000007249,5.24199375314019,5.20257742208509
ENSSSCG00000007322,5.7933131467629,5.38042968078841
ENSSSCG00000007264,3.73713913719888,3.87972895243467
ENSSSCG00000055187,5.90580036805501,5.68582143041619
ENSSSCG00000007460,5.61395306513871,6.03402837599892
ENSSSCG00000025534,6.44190108163174,6.46321849428923
ENSSSCG00000027444,7.02731352695328,7.03014005634366
ENSSSCG00000022915,4.69219352483693,5.04315604442067
ENSSSCG00000030108,7.26203806025981,7.25555813277524
ENSSSCG00000027476,0.00782776903463305,0.877238412496071
ENSSSCG00000023870,-0.665011214899346,-0.450747065242323
ENSSSCG00000007337,5.0032772491149,4.72955289209655
ENSSSCG00000007340,3.95847170903587,4.33507177356231
ENSSSCG00000007342,5.38470515551523,5.4235250727732
ENSSSCG00000023522,8.31157741542559,9.58470174272062
ENSSSCG00000007344,3.14980110290371,2.84898464428724
ENSSSCG00000026605,4.59487139474076,2.55549734854186
ENSSSCG00000028758,2.37926496751754,1.91190152903124
ENSSSCG00000025722,0.0606232623061967,0.543924309209927
ENSSSCG00000041731,6.24639503200935,6.36604751695151
ENSSSCG00000063546,-1.1736270562095,0.109708133942356
ENSSSCG00000021542,0.254375037426665,-0.220998320347156
ENSSSCG00000007345,6.26268220795998,6.36715168900534
ENSSSCG00000007346,1.78297855012575,1.39302001591966
ENSSSCG00000060316,-1.76904577456744,-1.26570965698543
ENSSSCG00000007349,3.76126307444923,3.93140357668263
ENSSSCG00000007350,3.74118791059028,3.1191978017878
ENSSSCG00000007351,0.901016344624057,0.191769503652254
ENSSSCG00000058919,3.32187072016948,4.27280450820072
ENSSSCG00000007260,-3.86672707663002,0.343090997642991
ENSSSCG00000022998,6.55201864604351,6.02915362724115
ENSSSCG00000021255,2.8306559884474,2.75088032244574
ENSSSCG00000031648,5.09471796121594,5.38588753273133
ENSSSCG00000021453,-0.357369586612393,-1.37962819886108
ENSSSCG00000051506,1.0124140211341,0.191769503652254
ENSSSCG00000042318,-0.581735609749139,-1.37962819886108
ENSSSCG00000007381,8.52490208982188,8.04881047986292
ENSSSCG00000007382,1.68549407120461,-2.35951718500686
ENSSSCG00000007383,4.35440387570681,3.50354042332499
ENSSSCG00000007064,4.69219352483693,4.10557858270465
ENSSSCG00000007067,7.66878932713298,7.92118507980751
ENSSSCG00000007063,4.10076375502732,3.45035440098084
ENSSSCG00000026985,0.87176904556138,1.01886012427252
ENSSSCG00000051557,0.87176904556138,1.28499803379961
ENSSSCG00000007066,2.96135245902405,3.09807225595263
ENSSSCG00000007139,2.815375418519,1.26618103197673
ENSSSCG00000007140,4.56548892997186,5.48177449270833
ENSSSCG00000059435,2.06725074680192,2.17660793203872
ENSSSCG00000007142,5.5062588582199,5.52693544045453
ENSSSCG00000007143,5.90309248627179,5.67605347890177
ENSSSCG00000046612,0.00782776903463305,0.747577553315015
ENSSSCG00000033297,4.10076375502732,4.04062655214545
ENSSSCG00000007151,4.64110646418985,6.68264484897274
ENSSSCG00000053890,6.19196995860342,6.40366141089716
ENSSSCG00000007149,6.34213569439087,6.51145377670383
ENSSSCG00000035666,3.80059431048723,3.4251296745628
ENSSSCG00000007147,4.7374854445382,4.54477802343035
ENSSSCG00000007146,1.0124140211341,0.512334077457971
ENSSSCG00000007145,6.35804187228083,6.30455502021312
ENSSSCG00000021401,0.111554715953384,0.269413319240056
ENSSSCG00000007153,5.7487614846276,6.29878000699393
ENSSSCG00000007155,5.95891727321762,5.7625111824746
ENSSSCG00000025822,6.93489002004838,3.87352608194772
ENSSSCG00000020715,5.69967259040235,5.68582143041619
ENSSSCG00000037513,2.93331482807627,2.54772715445315
ENSSSCG00000007019,6.35935950488252,6.17373147984059
ENSSSCG00000007022,2.21430541888211,-0.724143750785594
ENSSSCG00000059771,1.93210506278503,2.12532342728475
ENSSSCG00000007023,3.43116714475289,4.3904245647686
ENSSSCG00000055703,2.7764505503789,3.41662246217535
ENSSSCG00000007033,3.76126307444923,3.05486985244482
ENSSSCG00000007032,8.48350850807814,8.26118611631571
ENSSSCG00000007030,6.26408983274099,6.27132342768344
ENSSSCG00000007031,4.98461404471611,4.72611450829995
ENSSSCG00000007026,6.34944780159351,5.86455266260835
ENSSSCG00000007027,5.70590082621033,6.34322373499208
ENSSSCG00000062996,-1.05654789507939,-0.883096611932229
ENSSSCG00000007000,6.38610911436794,6.63347787096014
ENSSSCG00000007003,2.67003855032607,1.35790376000462
ENSSSCG00000032320,2.61814651954306,4.21510544437685
ENSSSCG00000017665,6.18306820216798,6.37705139212575
ENSSSCG00000017605,5.59618058710202,4.11086153274621
ENSSSCG00000017607,4.98632071152907,3.48738333630153
ENSSSCG00000017608,5.72340286451478,6.13276799837633
ENSSSCG00000025681,1.0124140211341,-0.275097240265819
ENSSSCG00000017601,4.25029764203057,5.06373357827959
ENSSSCG00000031433,2.62692584736511,2.76435279581209
ENSSSCG00000017602,3.10022528325059,3.32867182123474
ENSSSCG00000017609,5.6150566090392,6.23368063922636
ENSSSCG00000017604,3.84641871528506,4.42688685721638
ENSSSCG00000056293,4.31962744351204,4.22488363364342
ENSSSCG00000017682,2.69530100957938,2.35638466866671
ENSSSCG00000035006,2.90472149051255,2.89257939860165
ENSSSCG00000017688,5.85719638138051,6.25411770590332
ENSSSCG00000017676,4.13193619012817,4.36190627741611
ENSSSCG00000017615,4.73951076566186,5.86611556799521
ENSSSCG00000017614,7.2063817275564,7.3576917262779
ENSSSCG00000026665,3.49489880474933,4.27751019935945
ENSSSCG00000017613,3.47071865330916,3.68450443748216
ENSSSCG00000017678,6.28642702666139,6.53375113533975
ENSSSCG00000017617,6.3886924729481,6.60521309389258
ENSSSCG00000039473,5.00159053564039,6.0959452923175
ENSSSCG00000034994,4.75761183637591,5.41714226018337
ENSSSCG00000023186,-2.19461582859326,0.151322202724095
ENSSSCG00000038505,6.67457766281795,7.04574001889897
ENSSSCG00000035193,4.35440387570681,3.88898353817468
ENSSSCG00000017624,7.43821812705178,6.74045302375408
ENSSSCG00000017623,6.71012632216298,7.16100050506252
ENSSSCG00000017626,7.81232295004234,7.66991194712689
ENSSSCG00000020962,7.82739769753897,8.06727138465524
ENSSSCG00000017635,5.46768276585732,5.71212997499664
ENSSSCG00000017638,6.17336224381433,6.68486051417916
ENSSSCG00000034752,5.72135478752617,5.49193313667365
ENSSSCG00000017640,4.10391148326593,4.33507177356231
ENSSSCG00000017641,0.111554715953384,-3.86672707663002
ENSSSCG00000017642,6.0813426181924,5.82893209243003
ENSSSCG00000017643,2.98202879182519,2.81701875074225
ENSSSCG00000017645,1.36704606077518,0.413188112875905
ENSSSCG00000023955,3.30555841070074,3.31500426226794
ENSSSCG00000038932,5.07720794266474,5.15606204641377
ENSSSCG00000023727,6.67669318431024,7.02385253149476
ENSSSCG00000034217,4.01975209752896,3.43779716712177
ENSSSCG00000024145,-1.3010534406464,-1.37962819886108
ENSSSCG00000024411,-2.19461582859326,-0.168854921246468
ENSSSCG00000030262,0.160749279997622,-2.35951718500686
ENSSSCG00000035400,6.48479000640912,6.94322543719289
ENSSSCG00000058136,4.92713057369553,4.89179311093731
ENSSSCG00000017692,0.384321665410682,0.231113683523015
ENSSSCG00000017693,4.63023175841048,4.24904303055937
ENSSSCG00000017694,6.4671761629328,5.65631690306686
ENSSSCG00000025775,5.34667964451549,5.56592507063441
ENSSSCG00000029874,5.44552166727116,5.20010105495464
ENSSSCG00000026596,5.86927054156939,5.97803346129117
ENSSSCG00000021275,4.23315070803212,4.39692641543382
ENSSSCG00000022417,5.22330068726953,5.72252051528377
ENSSSCG00000038478,4.45643441302149,4.78843484624748
ENSSSCG00000053444,0.748463530495347,-0.724143750785594
ENSSSCG00000063044,-1.96619539223541,0.800848232904328
ENSSSCG00000031292,0.299003801631898,0.151322202724095
ENSSSCG00000032343,-0.753389730293386,-0.883096611932229
ENSSSCG00000047189,0.841916534859911,1.39302001591966
ENSSSCG00000033457,4.59933912801104,1.37556872975422
ENSSSCG00000034722,2.91192312854079,2.07214846811371
ENSSSCG00000017705,2.61814651954306,2.70969117426895
ENSSSCG00000017706,-1.44083485948891,-1.06175616837389
ENSSSCG00000022196,1.52568015604393,1.64685816540168
ENSSSCG00000048537,-0.581735609749139,-1.78793082929158
ENSSSCG00000056119,4.20704202388818,4.59841806358002
ENSSSCG00000060934,2.16693335253786,1.89974434301656
ENSSSCG00000053905,0.160749279997622,-0.580978849888471
ENSSSCG00000062370,4.0230814273829,4.30312067020258
ENSSSCG00000059741,0.342293330875861,-0.883096611932229
ENSSSCG00000050184,2.46009285868458,2.99898145657284
ENSSSCG00000058045,-1.44083485948891,-0.331304090129519
ENSSSCG00000055140,-1.44083485948891,-0.389789821758014
ENSSSCG00000054616,-0.581735609749139,-0.883096611932229
ENSSSCG00000051634,2.2936384687718,3.24945229500085
ENSSSCG00000063157,0.54116651967454,0.973180333493209
ENSSSCG00000057725,0.160749279997622,0.306722442383792
ENSSSCG00000041793,0.208321522646333,1.26618103197673
ENSSSCG00000017690,4.27004817449682,4.54672847918218
ENSSSCG00000017411,0.577851083508549,-1.16013180230037
ENSSSCG00000032467,7.05319157556301,6.68220130730514
ENSSSCG00000017414,5.04808869679453,5.39132481489654
ENSSSCG00000034653,0.648535071030343,0.306722442383792
ENSSSCG00000017578,6.65378710957264,6.08323524753217
ENSSSCG00000020796,6.53054032297902,6.58162502031774
ENSSSCG00000017416,4.65189981179729,4.2297479873508
ENSSSCG00000017407,7.10280896188424,4.51719109335176
ENSSSCG00000017410,0.780291912538719,-0.969662564375006
ENSSSCG00000038057,1.65147836204809,1.85006449232
ENSSSCG00000017427,0.0606232623061967,-0.450747065242323
ENSSSCG00000017430,8.14260568617079,7.97450356495231
ENSSSCG00000017552,3.59224944048779,2.47584537890216
ENSSSCG00000017421,7.59604437968605,6.30685856824992
ENSSSCG00000023169,-0.753389730293386,-1.37962819886108
ENSSSCG00000027198,5.53918700856691,5.08402173209733
ENSSSCG00000017585,2.05429183424595,0.692264219933096
ENSSSCG00000017584,6.56521064404555,5.84724801977206
ENSSSCG00000032404,3.65797143270632,4.47479566596982
ENSSSCG00000034779,4.15032138858505,3.83573814693226
ENSSSCG00000017422,6.37768110772643,4.67353047580368
ENSSSCG00000017429,5.50268585138767,4.1369899399032
ENSSSCG00000017428,8.80547197489775,8.31353065604228
ENSSSCG00000028051,7.4932681526124,3.36006808825397
ENSSSCG00000017417,4.74153324753273,2.54772715445315
ENSSSCG00000017493,2.7764505503789,2.8426478762261
ENSSSCG00000017418,4.6942833906491,4.61895709843687
ENSSSCG00000017419,6.35077330308386,6.20802847771989
ENSSSCG00000017494,0.0606232623061967,0.44699951176586
ENSSSCG00000033731,6.19566287392037,4.79829193036196
ENSSSCG00000017551,5.91747614314694,6.71162114934949
ENSSSCG00000017553,5.8903880638671,6.21110633225115
ENSSSCG00000017420,4.47357081971983,4.5132066856359
ENSSSCG00000017415,7.08857885948996,7.27274678633631
ENSSSCG00000017533,5.17323425062811,5.64179151980115
ENSSSCG00000017534,5.33734893354534,5.38261529989765
ENSSSCG00000047569,0.929682484613295,0.6051024001257
ENSSSCG00000017535,5.80689767984916,5.73796734440468
ENSSSCG00000017540,4.54015072985995,3.49143960348772
ENSSSCG00000017539,4.91821763866401,4.4809289668584
ENSSSCG00000017538,2.68692924499126,1.01886012427252
ENSSSCG00000017537,2.49886972135825,0.826763660403192
ENSSSCG00000061856,-0.581735609749139,-3.86672707663002
ENSSSCG00000017542,4.34379244348994,6.51095434456669
ENSSSCG00000017543,7.36204731487431,7.87497010175562
ENSSSCG00000017433,-0.503005667143942,-1.50331917830221
ENSSSCG00000017544,6.07172904405849,5.110636281969
ENSSSCG00000025638,7.17940659248153,7.23967015448677
ENSSSCG00000017549,6.30705863472558,6.00878091198085
ENSSSCG00000055849,-2.46613199464794,-0.51439395667637
ENSSSCG00000021461,6.09168553682013,6.00310985237524
ENSSSCG00000017548,2.10544337267369,1.24711535386201
ENSSSCG00000017448,-1.05654789507939,2.82346884227012
ENSSSCG00000017446,4.82210456874677,5.09205777636976
ENSSSCG00000058816,8.07784759538509,9.5180428075651
ENSSSCG00000017444,1.324503892854,2.07214846811371
ENSSSCG00000017445,1.58094201213036,0.574837615712797
ENSSSCG00000033626,7.15039595981499,6.6182558797948
ENSSSCG00000017401,5.63912343141845,5.53285148394664
ENSSSCG00000017439,-1.05654789507939,-0.883096611932229
ENSSSCG00000038164,5.2800607094011,5.53088216375913
ENSSSCG00000018055,5.18962311600887,4.72439223849069
ENSSSCG00000018053,5.21895228815741,5.21857102134315
ENSSSCG00000034044,4.85610394222169,4.61895709843687
ENSSSCG00000018052,3.11277986246647,2.44271105199964
ENSSSCG00000018051,6.94501785540194,6.64125726700303
ENSSSCG00000017495,4.80673267023534,6.32345019333792
ENSSSCG00000038715,6.23997139892195,6.31030700857117
ENSSSCG00000036812,7.65302735194646,7.36765633209334
ENSSSCG00000017592,5.34002101449651,6.01231403722259
ENSSSCG00000040134,2.89020946153077,2.76435279581209
ENSSSCG00000035671,7.77775598495448,7.72779261696068
ENSSSCG00000017496,5.70071249870504,4.93114848692745
ENSSSCG00000031802,4.7108942190829,4.62266025503224
ENSSSCG00000034040,4.23602272036232,4.31461317996126
ENSSSCG00000059634,5.11825784971658,4.81457220355381
ENSSSCG00000034379,5.90489830540805,5.56976669995355
ENSSSCG00000017884,7.06857904684801,7.20180013184305
ENSSSCG00000034773,-0.225096418835447,0.747577553315015
ENSSSCG00000058004,0.901016344624057,0.066857978120369
ENSSSCG00000040648,-1.44083485948891,-0.801432154592459
ENSSSCG00000060027,-0.428350711608159,-1.06175616837389
ENSSSCG00000061292,-0.94826101088964,-1.16013180230037
ENSSSCG00000017723,0.160749279997622,0.191769503652254
ENSSSCG00000055301,3.03575936923339,3.34669612062099
ENSSSCG00000049350,0.425160216794395,0.901828647831401
ENSSSCG00000048095,3.61007011385766,4.09228594637176
ENSSSCG00000017885,7.93823805454486,8.08616973861346
ENSSSCG00000033707,0.682619433441756,0.774458752770575
ENSSSCG00000017593,4.32233251871581,4.3641201179272
ENSSSCG00000017886,5.6205617021283,4.96070776976846
ENSSSCG00000017888,2.33708688541697,2.78432850690455
ENSSSCG00000017497,6.7821418626102,7.85936095077471
ENSSSCG00000040177,0.254375037426665,-0.0228605115491758
ENSSSCG00000017727,5.92550437219423,6.94544487123541
ENSSSCG00000017728,5.71210228973737,6.25053213750542
ENSSSCG00000035446,8.26962124107075,7.93111191432359
ENSSSCG00000017403,7.97995223500057,8.21685774992685
ENSSSCG00000017731,6.3724700634042,5.97658727420109
ENSSSCG00000017732,7.27396462198521,7.17556956033414
ENSSSCG00000017502,4.77548860956428,4.68242865943329
ENSSSCG00000017733,5.11670041715772,5.06237083635617
ENSSSCG00000017734,1.40836959521317,1.10609700495897
ENSSSCG00000017735,4.65619464212079,4.5072093651604
ENSSSCG00000017500,2.13035473334754,1.10609700495897
ENSSSCG00000017499,4.44902746675243,4.41839003074282
ENSSSCG00000017737,3.74118791059028,3.85475583143978
ENSSSCG00000017738,2.9751695535918,3.30120598251763
ENSSSCG00000017402,6.00004617985666,4.90249484196055
ENSSSCG00000017741,1.66858646664768,1.75878269330764
ENSSSCG00000035954,1.40836959521317,2.79749362501286
ENSSSCG00000017743,3.45107843294489,3.47104325081593
ENSSSCG00000017744,5.21895228815741,5.54461128503715
ENSSSCG00000017745,4.88383722883348,5.01947442160313
ENSSSCG00000017498,5.53802385351478,4.71401521850457
ENSSSCG00000061452,3.42110749162517,3.47104325081593
ENSSSCG00000017406,6.64571028104189,6.24933496501065
ENSSSCG00000017504,5.43681068475737,5.87312776508279
ENSSSCG00000017527,3.50445851965302,2.8426478762261
ENSSSCG00000051715,0.425160216794395,0.0226960489355265
ENSSSCG00000017790,3.77317544011881,4.52710423416579
ENSSSCG00000017789,1.58094201213036,1.93591281567592
ENSSSCG00000017788,5.25621000532798,4.87170536955757
ENSSSCG00000017787,6.82568976749104,6.78616123596297
ENSSSCG00000017793,2.96827754751789,2.88643165066402
ENSSSCG00000017792,4.14421898484408,3.27791146848435
ENSSSCG00000052963,3.09390678499242,3.74691284553516
ENSSSCG00000017794,2.42024489322316,2.42585407584627
ENSSSCG00000017795,5.37301103180343,4.97960154872618
ENSSSCG00000017797,2.59148335847871,2.25505012142321
ENSSSCG00000017796,5.90128440396143,5.4838119520761
ENSSSCG00000017799,7.65249001825601,9.15185860206919
ENSSSCG00000029262,5.86649315243128,6.05130495342098
ENSSSCG00000017801,0.299003801631898,1.81164869165001
ENSSSCG00000017804,8.02486003481828,7.56411775953804
ENSSSCG00000017803,4.44902746675243,4.19285915148559
ENSSSCG00000028720,5.91389365078702,5.72940619895242
ENSSSCG00000017806,3.39050069294677,3.94329796990743
ENSSSCG00000017809,6.18232390387805,5.79487352751458
ENSSSCG00000017810,3.93745249917923,3.75368335878949
ENSSSCG00000057748,4.01641506675361,4.78678543126955
ENSSSCG00000017812,6.49561555126524,5.5907147326928
ENSSSCG00000036987,0.613625923982859,1.24711535386201
ENSSSCG00000017458,1.06504496640639,1.12710621877915
ENSSSCG00000024067,1.28066902659574,0.109708133942356
ENSSSCG00000017459,-0.0469734082326686,-0.51439395667637
ENSSSCG00000028522,4.38059592931627,4.03785571239339
ENSSSCG00000017461,-0.0469734082326686,-0.331304090129519
ENSSSCG00000017462,0.299003801631898,-0.0699026685752995
ENSSSCG00000017463,0.111554715953384,-0.331304090129519
ENSSSCG00000017465,-0.753389730293386,-0.969662564375006
ENSSSCG00000038618,2.86073999404779,2.66010204728776
ENSSSCG00000017814,7.91893179597548,7.21381836930494
ENSSSCG00000036705,5.49790803539442,5.76586400637724
ENSSSCG00000039412,3.77712447056215,3.70211263386401
ENSSSCG00000062888,8.76565433350837,8.35154436134527
ENSSSCG00000036089,-1.5956269400881,-1.37962819886108
ENSSSCG00000039137,6.17111310364225,5.99456124465704
ENSSSCG00000021821,7.40924882263977,6.88813923042042
ENSSSCG00000017466,1.06504496640639,3.75368335878949
ENSSSCG00000017470,3.39564713084774,4.37074132909261
ENSSSCG00000017472,6.5748843022254,5.85906912169587
ENSSSCG00000017473,3.99961314051722,3.04386403660711
ENSSSCG00000058554,-2.19461582859326,-0.168854921246468
ENSSSCG00000053096,-0.103938698558373,0.663791401431833
ENSSSCG00000058952,3.18589605513591,2.54772715445315
ENSSSCG00000058592,-2.19461582859326,-1.16013180230037
ENSSSCG00000061640,0.342293330875861,1.18835828160125
ENSSSCG00000052462,1.91786723757113,1.9711966741643
ENSSSCG00000057796,0.160749279997622,1.98276876816261
ENSSSCG00000030707,4.23027296690235,4.59087622724653
ENSSSCG00000019270,-1.05654789507939,-0.51439395667637
ENSSSCG00000056910,3.36448946922339,-0.450747065242323
ENSSSCG00000025248,6.52409272053092,6.24213099261106
ENSSSCG00000024108,5.62385470296934,5.62342668667485
ENSSSCG00000024071,3.6493795680761,4.12136974834769
ENSSSCG00000050487,2.11795282114626,3.27791146848435
ENSSSCG00000017817,7.96076582797225,8.16985910856721
ENSSSCG00000040205,3.30555841070074,3.92241798179191
ENSSSCG00000040732,4.88383722883348,5.04729509840518
ENSSSCG00000038745,0.54116651967454,2.10428804524604
ENSSSCG00000017819,4.16244930073107,3.76377992309802
ENSSSCG00000017818,6.43816486522704,4.10027621610696
ENSSSCG00000017822,6.09247808308896,5.53776305564405
ENSSSCG00000039780,4.30328960568751,4.18536683148638
ENSSSCG00000028078,4.9948238922493,5.33600722391602
ENSSSCG00000025717,4.55862252805882,3.73327574563986
ENSSSCG00000017826,5.55307221016456,5.79897053409534
ENSSSCG00000062531,2.815375418519,2.79092608296928
ENSSSCG00000038534,4.43409850455234,4.35746837872483
ENSSSCG00000017829,6.53928632666842,6.52882586291013
ENSSSCG00000037159,4.96743540684683,4.94895663282815
ENSSSCG00000017832,3.50445851965302,4.22488363364342
ENSSSCG00000017836,7.0857955209348,6.85113174521852
ENSSSCG00000017835,5.72749031660984,5.8901265620205
ENSSSCG00000034858,4.60156781696184,3.95802937142891
ENSSSCG00000029709,-1.05654789507939,-0.724143750785594
ENSSSCG00000017342,1.11582327058225,-0.51439395667637
ENSSSCG00000017861,3.8798564228418,3.91639634195172
ENSSSCG00000017349,2.51787418640574,3.50354042332499
ENSSSCG00000017325,5.77170417730265,6.29820123219854
ENSSSCG00000017577,0.254375037426665,-0.0699026685752995
ENSSSCG00000053573,-0.665011214899346,-1.78793082929158
ENSSSCG00000017864,3.09390678499242,3.16054291465792
ENSSSCG00000017865,4.82782706508037,3.97551076433885
ENSSSCG00000017866,6.23351903649371,6.18002824872693
ENSSSCG00000017376,-0.581735609749139,-1.16013180230037
ENSSSCG00000055493,4.67324723903207,4.40339909536784
ENSSSCG00000017868,2.68692924499126,2.70271051943981
ENSSSCG00000025856,5.9246145497389,5.34947816927362
ENSSSCG00000021306,4.12884908206675,3.46692914773229
ENSSSCG00000017367,2.80767400923913,2.17660793203872
ENSSSCG00000017379,2.93331482807627,2.18664964113913
ENSSSCG00000017265,5.70900489011606,5.4235250727732
ENSSSCG00000023992,5.3950209481316,5.20133976985127
ENSSSCG00000023014,2.56431812880053,2.35638466866671
ENSSSCG00000017378,5.59058148670951,5.71906531013059
ENSSSCG00000017380,2.11795282114626,1.63223675073198
ENSSSCG00000030167,5.93083181235795,5.58692855381272
ENSSSCG00000017359,1.90348749886982,2.19662193895553
ENSSSCG00000017372,-1.5956269400881,-0.724143750785594
ENSSSCG00000020744,6.07974479794784,5.45709786463962
ENSSSCG00000017880,1.21231354325694,-0.275097240265819
ENSSSCG00000039673,1.14055756446698,0.543924309209927
ENSSSCG00000017364,0.648535071030343,0.996201015194988
ENSSSCG00000017366,6.25845107436659,6.65443194691635
ENSSSCG00000017879,4.31148165176031,3.77380631834667
ENSSSCG00000017365,5.58270605913218,4.59276538571074
ENSSSCG00000017882,6.79826246050605,6.91405771740284
ENSSSCG00000056031,3.70847503872281,3.44199506771677
ENSSSCG00000017371,4.34379244348994,4.09761770689552
ENSSSCG00000037238,2.17892299365621,2.16649583861557
ENSSSCG00000017883,-0.428350711608159,1.10609700495897
ENSSSCG00000017352,3.28905954937994,3.24945229500085
ENSSSCG00000017351,-0.503005667143942,-0.580978849888471
ENSSSCG00000017730,-1.96619539223541,0.774458752770575
ENSSSCG00000029838,3.48043940001491,2.98753919341803
ENSSSCG00000063008,2.23742062690637,1.9711966741643
ENSSSCG00000058254,4.86911251427859,5.26432994424249
ENSSSCG00000055634,0.425160216794395,-0.0228605115491758
ENSSSCG00000017355,8.18297751974293,6.78616123596297
ENSSSCG00000058069,0.384321665410682,1.42730178812359
ENSSSCG00000056408,0.715917087066103,0.378565244869403
ENSSSCG00000060417,1.46821691359075,1.82456795126936
ENSSSCG00000058007,3.08756049215293,3.15031718730706
ENSSSCG00000055210,2.46009285868458,2.63831642849982
ENSSSCG00000017343,3.72082945328224,3.72984623364515
ENSSSCG00000044492,1.40836959521317,1.79861269456251
ENSSSCG00000059284,-0.289717603961706,1.0847773181148
ENSSSCG00000017834,-1.1736270562095,-1.37962819886108
ENSSSCG00000054404,1.56275558109478,2.06127417365364
ENSSSCG00000059004,3.36448946922339,2.75088032244574
ENSSSCG00000017360,6.93930216544938,7.25615426671621
ENSSSCG00000045876,-1.1736270562095,-1.16013180230037
ENSSSCG00000017344,3.96541060601477,4.81295241865224
ENSSSCG00000017345,1.54433696419247,2.2927277096796
ENSSSCG00000056284,4.02971712592725,3.95802937142891
ENSSSCG00000038989,6.54450859160348,6.44660081515579
ENSSSCG00000017346,7.32442409886348,8.4092315775523
ENSSSCG00000058778,3.6918361717117,3.83892522123326
ENSSSCG00000017362,5.29252971228384,5.29017336795061
ENSSSCG00000022837,5.43306124504807,5.27730952293608
ENSSSCG00000017258,3.72082945328224,3.06579234401381
ENSSSCG00000017259,8.9187274630002,8.54885114514562
ENSSSCG00000017260,5.09155008803588,3.94625630861329
ENSSSCG00000017328,5.67130792573559,5.66621894113395
ENSSSCG00000017330,4.92535238635861,4.92965450461219
ENSSSCG00000017261,2.02801948508034,2.02815067824639
ENSSSCG00000017262,1.34593178147808,0.231113683523015
ENSSSCG00000017333,3.28905954937994,3.53532168307395
ENSSSCG00000017264,5.63586513737513,5.12376167547887
ENSSSCG00000017335,4.53782503655746,4.33732714495905
ENSSSCG00000039336,6.59347940958623,6.40795967328574
ENSSSCG00000035402,0.00782776903463305,-0.650786169073976
ENSSSCG00000017337,3.9196994873672,4.11349577089499
ENSSSCG00000017338,5.03330566363119,5.04315604442067
ENSSSCG00000017339,6.72706721443351,6.59911719856945
ENSSSCG00000017340,5.53918700856691,4.98104471890921
ENSSSCG00000039101,-1.1736270562095,-1.26570965698543
ENSSSCG00000017256,3.20361043539168,1.6898537845966
ENSSSCG00000017257,4.1380906590801,3.57790831911178
ENSSSCG00000026473,3.61889857689849,3.51951856546125
ENSSSCG00000030211,7.64494625690692,7.90701991947125
ENSSSCG00000022101,4.03961379546962,4.39259510574627
ENSSSCG00000029460,3.44115713916546,3.58551807282603
ENSSSCG00000024059,7.25568385465148,7.34597869256401
ENSSSCG00000029763,4.77746131263844,4.99396869517565
ENSSSCG00000025507,7.94790464062802,7.69453164572817
ENSSSCG00000035057,5.49311434397645,5.51801563777782
ENSSSCG00000035199,4.66261300954675,3.91639634195172
ENSSSCG00000037979,5.3212116753743,5.23559889306414
ENSSSCG00000017383,-0.0469734082326686,-0.883096611932229
ENSSSCG00000037487,6.84368917584413,5.80142316494664
ENSSSCG00000017384,1.84449092952033,1.34001980880434
ENSSSCG00000017385,6.23280032273939,5.96933451317997
ENSSSCG00000017386,6.12615214352362,5.88242465661997
ENSSSCG00000057849,5.28838534066288,4.88410012111093
ENSSSCG00000060121,3.8798564228418,5.22954055560272
ENSSSCG00000034782,6.35606316423047,6.08457843226648
ENSSSCG00000017389,4.97261051016001,4.55644139906733
ENSSSCG00000017382,6.52585401720432,7.05878321579716
ENSSSCG00000017393,3.59224944048779,2.88643165066402
ENSSSCG00000017392,1.21231354325694,0.151322202724095
ENSSSCG00000017391,5.11670041715772,5.00394124006963
ENSSSCG00000059397,5.10575105732953,4.72611450829995
ENSSSCG00000017395,6.2871195216843,6.22700617721402
ENSSSCG00000036106,4.57004844256059,4.4226446992825
ENSSSCG00000017396,1.78297855012575,0.720185961482743
ENSSSCG00000017397,5.15210276322738,5.13935613022462
ENSSSCG00000017398,6.02184426749584,5.99241615447865
ENSSSCG00000035147,2.60042594353181,2.53206007975693
ENSSSCG00000046466,5.31307484891314,5.2936618735742
ENSSSCG00000017268,2.08009429229325,1.7854578310934
ENSSSCG00000017298,2.79214674718859,3.77047192295446
ENSSSCG00000017299,3.48043940001491,4.07886969512575
ENSSSCG00000017300,6.42501138010562,5.95692051869183
ENSSSCG00000017301,5.02336547677253,5.5367820780867
ENSSSCG00000033421,3.37495030233802,3.31041948340265
ENSSSCG00000017306,3.01584416771585,2.6886470549982
ENSSSCG00000017308,5.66386217579353,5.91071863672015
ENSSSCG00000017310,6.14308150216815,6.20987597828412
ENSSSCG00000017311,3.49009508734163,4.32374172398056
ENSSSCG00000017313,-2.80087696638474,-1.06175616837389
ENSSSCG00000031893,5.74271594287972,5.47051673988256
ENSSSCG00000017316,5.47742392065554,4.78016884887681
ENSSSCG00000017317,0.00782776903463305,-1.63861791175253
ENSSSCG00000035524,0.780291912538719,-0.0699026685752995
ENSSSCG00000030183,5.2800607094011,5.07052804621522
ENSSSCG00000017336,6.33008990607756,6.29878000699393
ENSSSCG00000017314,-1.44083485948891,0.191769503652254
ENSSSCG00000017320,-1.76904577456744,-1.37962819886108
ENSSSCG00000052512,-1.1736270562095,-0.883096611932229
ENSSSCG00000052749,-1.96619539223541,-1.37962819886108
ENSSSCG00000061358,1.11582327058225,2.16649583861557
ENSSSCG00000046803,3.50921472702623,3.55095356908917
ENSSSCG00000017357,6.31658666861016,6.69456921774748
ENSSSCG00000036328,5.80882792753602,5.35171114849729
ENSSSCG00000034958,5.30898916127904,5.0236818784366
ENSSSCG00000031530,6.02184426749584,5.28200056666851
ENSSSCG00000037336,4.60823330057767,4.61895709843687
ENSSSCG00000028712,4.62366737007878,4.22244529248072
ENSSSCG00000037557,7.71969179909345,8.00762856011314
ENSSSCG00000038639,7.24253387737996,7.68990597483346
ENSSSCG00000017913,6.4938169254703,5.95838654504441
ENSSSCG00000017915,4.32503253135323,4.77684914325119
ENSSSCG00000017914,1.87429076377796,2.45106624968918
ENSSSCG00000031112,1.16487493893756,1.32191137878578
ENSSSCG00000033819,-0.94826101088964,1.32191137878578
ENSSSCG00000027100,5.74372529408345,5.78251223297083
ENSSSCG00000035820,3.90172529216755,3.43358701597623
ENSSSCG00000017890,6.35342065816603,6.73704055104773
ENSSSCG00000017993,5.99920117871511,6.33872790267353
ENSSSCG00000034964,4.46380352541899,4.11349577089499
ENSSSCG00000017893,0.929682484613295,-0.118530588140316
ENSSSCG00000017994,7.15495564744124,7.53469220128774
ENSSSCG00000022026,-0.0469734082326686,-0.389789821758014
ENSSSCG00000017894,3.49009508734163,5.23196694434737
ENSSSCG00000017995,4.81635928352434,5.22101591377236
ENSSSCG00000017996,0.81143323514119,0.800848232904328
ENSSSCG00000017998,2.59148335847871,3.79365245612088
ENSSSCG00000037991,2.09282450672441,2.13572720940697
ENSSSCG00000039056,6.17560788306741,6.21724241213974
ENSSSCG00000039064,4.0976091439326,4.49715809388611
ENSSSCG00000035048,6.00930867325823,6.08993870064144
ENSSSCG00000036311,2.2601713103169,2.53206007975693
ENSSSCG00000033706,5.87757077120425,5.93027406131177
ENSSSCG00000017895,6.54218991842259,6.65443194691635
ENSSSCG00000017896,-0.503005667143942,0.269413319240056
ENSSSCG00000017897,0.613625923982859,1.20821105392266
ENSSSCG00000022999,2.82303593425957,2.70969117426895
ENSSSCG00000017900,7.42065401379486,7.91647879626266
ENSSSCG00000017901,0.464874497983746,0.191769503652254
ENSSSCG00000017902,6.37963040690034,5.72165748947619
ENSSSCG00000053757,6.00089068636215,5.35838942375188
ENSSSCG00000017904,2.72012870992577,2.56322591732365
ENSSSCG00000017907,8.7215079739876,7.7078846150638
ENSSSCG00000017906,6.77376647743097,6.59958702914553
ENSSSCG00000032472,6.06851023062492,5.56976669995355
ENSSSCG00000058627,3.79281337669825,2.81701875074225
ENSSSCG00000017909,2.33708688541697,0.692264219933096
ENSSSCG00000051822,0.208321522646333,-1.37962819886108
ENSSSCG00000017917,7.26098096759432,7.65981005399655
ENSSSCG00000017912,6.31997434519993,6.18629765420063
ENSSSCG00000024416,6.89501582515192,-0.450747065242323
ENSSSCG00000029553,4.488098882623,5.17257672613571
ENSSSCG00000029944,8.41419752587534,8.30087430916713
ENSSSCG00000018005,2.79214674718859,0.231113683523015
ENSSSCG00000029441,1.28066902659574,-3.86672707663002
ENSSSCG00000018007,6.8309232570164,4.88101140218015
ENSSSCG00000034723,6.3835211216032,3.31957451718663
ENSSSCG00000018008,4.99990184785204,5.50402983493909
ENSSSCG00000040352,5.52516686925015,5.51303625797358
ENSSSCG00000018009,2.85327760027406,3.23500937773475
ENSSSCG00000033689,6.85960573919284,6.65488410733065
ENSSSCG00000036454,0.81143323514119,0.231113683523015
ENSSSCG00000040385,5.35726993945847,5.27848371464288
ENSSSCG00000062665,0.577851083508549,-0.275097240265819
ENSSSCG00000035253,3.78890711607449,4.03785571239339
ENSSSCG00000034695,4.72731596954052,4.83865324289385
ENSSSCG00000018015,8.61756347217104,9.3216574984311
ENSSSCG00000018014,4.11018641085633,4.61338447972317
ENSSSCG00000031851,1.61664122769751,2.95853009044781
ENSSSCG00000018016,5.48589380858785,5.47666821990365
ENSSSCG00000039650,5.33467189432694,5.05279542960736
ENSSSCG00000039873,5.62275787096454,6.35495906636895
ENSSSCG00000036973,5.10732034856821,5.14837565430573
ENSSSCG00000050771,-1.1736270562095,0.852221766628148
ENSSSCG00000031988,4.28399196895503,3.85475583143978
ENSSSCG00000018019,4.04617405879646,3.06579234401381
ENSSSCG00000040503,7.65705098810379,7.48317236090185
ENSSSCG00000049515,4.42153859749542,4.21510544437685
ENSSSCG00000040727,5.39758841209093,5.62527372567121
ENSSSCG00000028465,5.08678519741317,4.9953975718845
ENSSSCG00000039013,-0.428350711608159,0.574837615712797
ENSSSCG00000038622,-1.76904577456744,-0.883096611932229
ENSSSCG00000018023,2.63565207274618,2.59373270651027
ENSSSCG00000039318,2.02801948508034,1.7854578310934
ENSSSCG00000037832,5.19995628620226,5.99741641251767
ENSSSCG00000018028,4.47842978092317,5.02648004810064
ENSSSCG00000053835,-0.94826101088964,0.066857978120369
ENSSSCG00000018027,6.95376724414437,6.41491715175233
ENSSSCG00000018026,6.23495539075895,5.99384656892297
ENSSSCG00000034049,4.47842978092317,3.94329796990743
ENSSSCG00000018029,3.45107843294489,3.8034740766224
ENSSSCG00000025254,3.00241297879237,3.89205525444354
ENSSSCG00000018031,3.59224944048779,3.49548449808059
ENSSSCG00000036776,3.47558721383388,3.75705673741409
ENSSSCG00000018032,2.3263468361721,2.32944629797738
ENSSSCG00000018033,10.3301135407715,9.97085323332651
ENSSSCG00000018034,3.50921472702623,3.74011040864293
ENSSSCG00000035103,3.60118729289602,3.63035246116121
ENSSSCG00000018039,7.07059155074176,7.29438394431774
ENSSSCG00000023747,4.5677704875085,5.10799681267565
ENSSSCG00000036482,4.59263232899805,4.87481405499335
ENSSSCG00000035051,-1.5956269400881,0.901828647831401
ENSSSCG00000034364,5.02999987195498,4.83865324289385
ENSSSCG00000017168,7.46110463981534,7.04677404318438
ENSSSCG00000024030,5.29252971228384,5.63630657456794
ENSSSCG00000018045,6.64517021466451,6.96708934830145
ENSSSCG00000018044,3.52808428998225,3.16054291465792
ENSSSCG00000018042,-0.103938698558373,-0.969662564375006
ENSSSCG00000018041,7.2937405709218,6.79110596965014
ENSSSCG00000018046,1.7986042665823,1.9711966741643
ENSSSCG00000033329,0.254375037426665,0.0226960489355265
ENSSSCG00000034609,-0.94826101088964,0.231113683523015
ENSSSCG00000036007,6.54450859160348,6.07108997667016
ENSSSCG00000031076,5.34535037482733,5.25720064454606
ENSSSCG00000039961,-0.94826101088964,-0.450747065242323
ENSSSCG00000039681,5.55192020063444,5.51004035985401
ENSSSCG00000040457,6.12537788682601,6.07650050150616
ENSSSCG00000018050,1.91786723757113,1.4441419554549
ENSSSCG00000018049,5.08200451728677,5.29133714067386
ENSSSCG00000018047,2.89020946153077,2.301995340821
ENSSSCG00000041010,-2.19461582859326,0.774458752770575
ENSSSCG00000036208,1.46821691359075,4.34182733773723
ENSSSCG00000038189,4.68169854292298,4.85291126056757
ENSSSCG00000035839,6.04577518202419,6.07919817376054
ENSSSCG00000037151,3.83130506323569,4.04062655214545
ENSSSCG00000039324,7.39454307060169,7.34261457022035
ENSSSCG00000040859,6.1845556477685,5.98668027199147
ENSSSCG00000035120,6.69663741569874,6.73575878992805
ENSSSCG00000032392,1.7986042665823,1.32191137878578
ENSSSCG00000017169,5.725448038136,5.81362416301479
ENSSSCG00000048201,1.81406255392592,1.6898537845966
ENSSSCG00000032655,5.60842264819695,5.1801355895662
ENSSSCG00000035728,5.28422902936655,4.70879858368252
ENSSSCG00000034058,7.53380319788133,7.10650583921181
ENSSSCG00000039148,9.71625800791939,8.52678772975535
ENSSSCG00000039424,7.37578478859333,7.48419046366506
ENSSSCG00000033620,4.59038978281825,5.05142231151614
ENSSSCG00000033148,5.8506528112105,5.9347494556102
ENSSSCG00000033082,6.94194299029468,6.70333897196266
ENSSSCG00000053661,4.15032138858505,4.39692641543382
ENSSSCG00000034716,4.59710699083293,4.61152214652155
ENSSSCG00000033788,3.06835237360559,2.98178384945335
ENSSSCG00000031531,3.43617078895197,3.78706736470701
ENSSSCG00000054603,0.81143323514119,2.18664964113913
ENSSSCG00000044615,2.42024489322316,2.65287666577456
ENSSSCG00000044655,-0.753389730293386,0.634745314624147
ENSSSCG00000052373,-0.289717603961706,-1.63861791175253
ENSSSCG00000059974,-0.428350711608159,-0.450747065242323
ENSSSCG00000024467,2.95439396897898,1.12710621877915
ENSSSCG00000060551,1.94620374824525,0.231113683523015
ENSSSCG00000061910,2.9403754844187,2.12532342728475
ENSSSCG00000044669,-2.80087696638474,-0.883096611932229
ENSSSCG00000049865,2.01470169144954,3.09807225595263
ENSSSCG00000041710,-0.753389730293386,-1.06175616837389
ENSSSCG00000056014,1.23546043280176,2.66010204728776
ENSSSCG00000054912,-0.94826101088964,0.191769503652254
ENSSSCG00000062758,-0.289717603961706,-0.450747065242323
ENSSSCG00000046461,5.48950859352899,5.97441527176338
ENSSSCG00000061636,-1.3010534406464,-1.37962819886108
ENSSSCG00000046841,3.51868035856767,2.94676112973231
ENSSSCG00000047466,5.14141980543043,5.4949668334247
ENSSSCG00000038146,0.254375037426665,-1.06175616837389
ENSSSCG00000018456,0.613625923982859,0.852221766628148
ENSSSCG00000018462,0.464874497983746,-0.168854921246468
ENSSSCG00000017167,5.2505403037072,5.05004788528313
ENSSSCG00000054680,1.324503892854,-2.14284221802902
ENSSSCG00000053434,1.75121004166391,1.7854578310934
ENSSSCG00000036056,1.50677891522418,2.12532342728475
ENSSSCG00000036308,5.40526350246107,5.35282634338211
ENSSSCG00000036956,3.39050069294677,4.17531615838147
ENSSSCG00000033883,2.89020946153077,3.27320708811375
ENSSSCG00000040486,2.15484323487455,1.66133288059543
ENSSSCG00000033636,4.95876876711304,5.2737812029424
ENSSSCG00000037120,1.78297855012575,0.306722442383792
ENSSSCG00000031600,6.5410291828847,6.30340186544861
ENSSSCG00000041583,1.28066902659574,0.543924309209927
ENSSSCG00000033592,2.85327760027406,1.50960316311779
ENSSSCG00000032562,4.76757071188454,5.31670546566593
ENSSSCG00000034373,5.043177830867,5.53580043304818
ENSSSCG00000059540,4.9324520232231,5.03206015835713
ENSSSCG00000057304,1.18878921645065,1.83737254564755
ENSSSCG00000053087,3.85391657911372,4.50319725601001
ENSSSCG00000059685,-0.581735609749139,-2.14284221802902
ENSSSCG00000041926,-0.225096418835447,0.543924309209927
ENSSSCG00000056352,-0.289717603961706,-3.86672707663002
ENSSSCG00000045725,-0.847537601777033,-1.78793082929158
ENSSSCG00000061401,2.83823600625996,3.14517701483991
ENSSSCG00000033293,-1.1736270562095,-1.16013180230037
ENSSSCG00000020578,-2.46613199464794,-1.06175616837389
ENSSSCG00000017246,4.02640309177669,4.29153587546859
ENSSSCG00000031686,5.12911305393482,5.47257014895539
ENSSSCG00000017248,6.23567303198176,6.63760159961698
ENSSSCG00000017249,-2.19461582859326,3.65225776258048
ENSSSCG00000037754,5.25195981937784,6.59864721493769
ENSSSCG00000033537,2.47961156701835,4.30081114134785
ENSSSCG00000063353,0.111554715953384,1.89974434301656
ENSSSCG00000017251,3.6493795680761,5.53580043304818
ENSSSCG00000039947,1.75121004166391,4.20526052872888
ENSSSCG00000061463,-2.80087696638474,0.480036609493032
ENSSSCG00000034358,-1.5956269400881,4.50520470528524
ENSSSCG00000036461,-1.3010534406464,0.343090997642991
ENSSSCG00000017272,5.15514056338635,4.96654763850459
ENSSSCG00000017273,5.46156097381138,5.31212609849812
ENSSSCG00000017274,5.75478179851309,5.27495826864715
ENSSSCG00000054188,4.88383722883348,5.07594067491483
ENSSSCG00000033528,5.95717785934945,6.4642507711558
ENSSSCG00000032181,4.03632244315774,3.40806478716832
ENSSSCG00000029005,4.90744891944289,4.40124476042477
ENSSSCG00000032176,5.95456480004201,6.20185299939493
ENSSSCG00000028925,5.55652272965553,5.80794320225379
ENSSSCG00000032092,10.2385652155108,10.5447852374647
ENSSSCG00000036057,3.8798564228418,3.60436867998078
ENSSSCG00000032612,4.58364115303315,0.852221766628148
ENSSSCG00000017277,6.24354361441937,5.61972549938371
ENSSSCG00000017278,6.10509996625872,6.65578800324138
ENSSSCG00000039909,6.33076176165492,7.33501649004472
ENSSSCG00000062259,5.73156622082135,5.8409036025131
ENSSSCG00000017282,-1.3010534406464,-1.16013180230037
ENSSSCG00000017283,-2.80087696638474,-0.51439395667637
ENSSSCG00000017285,0.208321522646333,0.800848232904328
ENSSSCG00000041822,7.19166333511266,7.2762776339587
ENSSSCG00000017287,7.12273099245372,6.86800019159661
ENSSSCG00000017288,5.69237216821161,6.05610554977489
ENSSSCG00000017289,6.68617482875414,6.87733007778847
ENSSSCG00000017290,5.76972358092888,6.06769806553693
ENSSSCG00000024813,4.9324520232231,5.29482283676944
ENSSSCG00000022659,8.3769514812256,7.93930148380923
ENSSSCG00000017668,6.09089255492573,5.93325919955103
ENSSSCG00000017669,2.27141351306507,2.45106624968918
ENSSSCG00000017670,5.41416647151584,5.83612691263263
ENSSSCG00000017671,5.49311434397645,5.0678140977119
ENSSSCG00000017672,5.02336547677253,5.78829401996997
ENSSSCG00000017673,3.97575677398994,3.93438638112435
ENSSSCG00000027060,6.5748843022254,6.37100964972284
ENSSSCG00000062359,-2.19461582859326,-0.724143750785594
ENSSSCG00000021384,-0.225096418835447,0.663791401431833
ENSSSCG00000054187,3.32187072016948,2.99898145657284
ENSSSCG00000058622,2.88289833635537,3.6192738091208
ENSSSCG00000017921,2.39990043044213,5.04867214841348
ENSSSCG00000017920,5.81844061647371,7.97812153333045
ENSSSCG00000017919,2.96827754751789,3.68450443748216
ENSSSCG00000017918,3.65368189640931,4.45208114551679
ENSSSCG00000017924,6.31183051743837,6.01865193980011
ENSSSCG00000017923,-0.289717603961706,2.76435279581209
ENSSSCG00000060177,3.41097720151772,3.26375205522008
ENSSSCG00000017929,5.74069511948483,5.0166626178964
ENSSSCG00000017928,5.57705431606855,4.69479462931747
ENSSSCG00000017927,3.49489880474933,2.26456216861488
ENSSSCG00000017926,4.60156781696184,5.39457737503283
ENSSSCG00000017925,5.16119704122258,6.17373147984059
ENSSSCG00000017932,1.23546043280176,2.88025759321149
ENSSSCG00000024285,5.62823371111838,5.77004410842728
ENSSSCG00000017947,6.13771640599679,5.89855143654796
ENSSSCG00000025689,5.31985872057193,5.30292352496032
ENSSSCG00000017937,5.15514056338635,5.4372583798715
ENSSSCG00000017936,7.65865730570934,7.51813678465884
ENSSSCG00000017935,6.35077330308386,6.08256318592194
ENSSSCG00000027514,4.92713057369553,4.81942067508642
ENSSSCG00000017934,6.32739935059359,7.05501966511457
ENSSSCG00000023915,2.2601713103169,1.58746179948828
ENSSSCG00000017938,0.342293330875861,0.512334077457971
ENSSSCG00000038359,8.0250676070083,7.54546197335918
ENSSSCG00000017940,5.33467189432694,5.07052804621522
ENSSSCG00000017942,-0.665011214899346,-0.168854921246468
ENSSSCG00000017943,1.68549407120461,1.87511825059562
ENSSSCG00000042089,2.19081381452182,2.25505012142321
ENSSSCG00000026142,5.35330768335951,5.54168030917606
ENSSSCG00000029391,5.23051901992888,4.30772866583566
ENSSSCG00000028725,3.67500316435656,3.54315879779995
ENSSSCG00000051794,3.16796145904304,3.28727445730918
ENSSSCG00000056826,3.34865461023762,3.03832948289955
ENSSSCG00000046700,3.96541060601477,4.37952260415124
ENSSSCG00000032469,5.70900489011606,5.56976669995355
ENSSSCG00000021258,1.96016598715194,1.30357276293605
ENSSSCG00000028278,7.65463815327644,7.31855810924577
ENSSSCG00000040188,4.37799801882217,4.18286071986411
ENSSSCG00000036521,3.62767334325461,4.10557858270465
ENSSSCG00000017957,7.97544805154705,7.79353691544337
ENSSSCG00000017956,3.98943724956418,3.90427713280898
ENSSSCG00000017955,4.94127771809311,4.13957694159375
ENSSSCG00000017953,5.8701951510268,5.5160259477062
ENSSSCG00000017952,3.59224944048779,3.23016276139433
ENSSSCG00000017951,2.16693335253786,3.53532168307395
ENSSSCG00000017950,5.26607868213499,5.32240930916795
ENSSSCG00000017949,4.59263232899805,4.43953899775177
ENSSSCG00000017948,3.80446909682012,3.60061821160102
ENSSSCG00000017963,8.07022364298973,8.55504158747863
ENSSSCG00000017962,6.43003638250388,6.33816493725793
ENSSSCG00000037096,2.86816398685734,2.12532342728475
ENSSSCG00000017971,4.4240593417276,3.6738354311559
ENSSSCG00000059632,7.0794133675815,7.03570605546214
ENSSSCG00000021363,8.67623233701057,8.63089310042262
ENSSSCG00000023166,2.89748372295634,3.28260055852538
ENSSSCG00000037973,5.87849007808655,5.20751744075629
ENSSSCG00000017968,5.11358049906133,5.0306671528909
ENSSSCG00000025345,3.36972936706284,2.32944629797738
ENSSSCG00000017978,3.38015241180071,0.901828647831401
ENSSSCG00000017983,7.60579173685864,7.6956308133872
ENSSSCG00000034868,6.835664556207,6.91594523637546
ENSSSCG00000027528,5.86741954303338,6.28774338373281
ENSSSCG00000028788,3.56965951235715,3.74691284553516
ENSSSCG00000028924,2.8306559884474,3.25423464758754
ENSSSCG00000049011,-0.581735609749139,0.774458752770575
ENSSSCG00000038726,1.54433696419247,1.83737254564755
ENSSSCG00000022395,1.66858646664768,1.47724380910331
ENSSSCG00000028048,3.32187072016948,3.13484139978675
ENSSSCG00000028166,-1.96619539223541,-0.969662564375006
ENSSSCG00000021434,1.23546043280176,1.95953100743037
ENSSSCG00000028850,9.26981138865689,9.10646347967162
ENSSSCG00000017986,5.16722820003293,4.7346951513459
ENSSSCG00000017985,-2.80087696638474,-0.580978849888471
ENSSSCG00000038144,6.38287339737077,5.80223978286998
ENSSSCG00000026818,3.46093196454201,4.29153587546859
ENSSSCG00000030269,2.42024489322316,1.24711535386201
ENSSSCG00000027677,2.45023357473821,2.15631236722569
ENSSSCG00000048918,0.648535071030343,0.543924309209927
ENSSSCG00000035224,2.60042594353181,1.46078781820194
ENSSSCG00000017546,3.13140923046282,3.74351563634806
ENSSSCG00000024235,6.66555192676592,6.48575969529691
ENSSSCG00000029616,5.16421577226835,5.19637851600041
ENSSSCG00000052003,5.26185751256872,5.35171114849729
ENSSSCG00000028355,11.1929240123657,11.2358678336324
ENSSSCG00000023045,4.29229401201672,4.30542650777164
ENSSSCG00000022317,7.35116106309732,6.87577928075324
ENSSSCG00000039183,3.05540339708637,2.79749362501286
ENSSSCG00000028593,4.51199186645499,4.1187498612742
ENSSSCG00000017143,5.78254911957778,5.46948893831242
ENSSSCG00000017142,6.01684309282442,6.67330171697944
ENSSSCG00000017141,1.38785577819136,2.24547494246517
ENSSSCG00000017254,1.88896298917059,2.47584537890216
ENSSSCG00000062301,-1.96619539223541,-0.0699026685752995
ENSSSCG00000052724,-1.76904577456744,0.191769503652254
ENSSSCG00000017255,3.72492419254139,3.80673314746425
ENSSSCG00000046916,-2.80087696638474,-0.650786169073976
ENSSSCG00000055960,-0.428350711608159,-0.0699026685752995
ENSSSCG00000017707,6.55374619774544,6.34266252154073
ENSSSCG00000034440,3.77317544011881,3.78045207817825
ENSSSCG00000033580,1.59890203838796,2.60874755476081
ENSSSCG00000039395,6.81131936103735,6.8107171499828
ENSSSCG00000036746,5.12447082125399,6.00523911295465
ENSSSCG00000017712,7.90320824952655,7.70984430452947
ENSSSCG00000017713,2.96135245902405,2.41735114660964
ENSSSCG00000032652,2.47961156701835,3.64499288855733
ENSSSCG00000017717,2.50840324662494,2.09365420909009
ENSSSCG00000025796,3.99961314051722,4.22488363364342
ENSSSCG00000061966,4.39865148224228,4.29618096237515
ENSSSCG00000032552,6.64462994604,6.62242328547677
ENSSSCG00000024770,6.36067593517081,5.94956795729416
ENSSSCG00000031114,-2.80087696638474,-0.883096611932229
ENSSSCG00000017869,3.27236981988504,3.60436867998078
ENSSSCG00000031821,0.929682484613295,0.663791401431833
ENSSSCG00000017870,5.59394355388237,5.62065168676916
ENSSSCG00000017873,5.04481664425098,3.85475583143978
ENSSSCG00000022405,4.38318917007144,2.32035389170899
ENSSSCG00000017874,5.26467299746481,4.4226446992825
ENSSSCG00000017876,5.34268815551337,4.95631230251377
ENSSSCG00000017877,5.61946236275229,5.75156037683752
ENSSSCG00000017583,3.70433327790565,4.37074132909261
ENSSSCG00000031307,-0.753389730293386,-1.26570965698543
ENSSSCG00000036135,11.7199412547325,9.2471478655061
ENSSSCG00000039259,0.613625923982859,0.343090997642991
ENSSSCG00000028962,0.682619433441756,-1.26570965698543
ENSSSCG00000017573,4.93951689313395,5.05964148476002
ENSSSCG00000023783,3.82368844563602,3.507551579572
ENSSSCG00000061531,2.85327760027406,2.54772715445315
ENSSSCG00000017571,1.18878921645065,0.543924309209927
ENSSSCG00000028019,4.80479961529095,3.60061821160102
ENSSSCG00000017566,7.03599122128831,7.30306414864837
ENSSSCG00000017569,2.02801948508034,2.76435279581209
ENSSSCG00000017567,2.36883548604693,2.08294141053324
ENSSSCG00000017563,7.26766284361241,7.22725828984107
ENSSSCG00000027226,5.54614631404637,4.36190627741611
ENSSSCG00000017565,5.03165371465434,4.68774134494592
ENSSSCG00000017562,5.18814088857804,2.45106624968918
ENSSSCG00000038760,5.37691961468825,5.54070199249082
ENSSSCG00000055086,4.055958857509,4.53105049636611
ENSSSCG00000017555,7.93801760489903,8.28416561995359
ENSSSCG00000017557,1.65147836204809,2.97600545370124
ENSSSCG00000040773,5.89220984525191,6.12103431143422
ENSSSCG00000033228,6.25562340895114,6.2043263637356
ENSSSCG00000038348,4.40376897767296,3.63402652004958
ENSSSCG00000017591,7.39100415700489,6.89159647204406
ENSSSCG00000041588,-1.05654789507939,-1.78793082929158
ENSSSCG00000055095,1.73505954565087,1.7854578310934
ENSSSCG00000017561,6.34944780159351,6.61221496149772
ENSSSCG00000032049,5.7933131467629,6.02845588800951
ENSSSCG00000032450,3.95149927684613,3.98704844379237
ENSSSCG00000017756,4.41648385734215,4.13180197796732
ENSSSCG00000033123,5.90309248627179,5.72596746510638
ENSSSCG00000023719,4.41394983039547,4.17026444217737
ENSSSCG00000024626,4.99990184785204,5.15606204641377
ENSSSCG00000028920,5.18665713673782,4.70705550523623
ENSSSCG00000040883,4.92000463622555,4.79665375283105
ENSSSCG00000027801,-0.357369586612393,1.20821105392266
ENSSSCG00000030358,3.57420588393168,3.04937743944045
ENSSSCG00000023478,4.37017609996627,4.71748252509953
ENSSSCG00000017763,2.78431999506382,4.41839003074282
ENSSSCG00000017761,4.57232280648654,4.21510544437685
ENSSSCG00000026706,5.11358049906133,5.21612197859294
ENSSSCG00000017759,4.69010062728508,2.92293121210674
ENSSSCG00000017758,1.87429076377796,0.901828647831401
ENSSSCG00000061138,3.89447243966319,4.12659529266051
ENSSSCG00000017764,5.66386217579353,5.87235031304862
ENSSSCG00000017772,5.49071151194592,5.17257672613571
ENSSSCG00000017773,6.37507793836402,6.59958702914553
ENSSSCG00000017770,0.00782776903463305,-0.168854921246468
ENSSSCG00000017769,4.39865148224228,4.34182733773723
ENSSSCG00000035080,8.32546452416896,7.98335152376352
ENSSSCG00000038650,1.28066902659574,1.8626457560383
ENSSSCG00000017766,4.1350167064359,4.19783250191739
ENSSSCG00000032658,3.31645375125364,4.23459599495222
ENSSSCG00000039321,4.10076375502732,3.76712980316208
ENSSSCG00000017776,4.96570623891502,4.86702974547515
ENSSSCG00000017777,5.80302941945588,6.06020767074012
ENSSSCG00000017778,2.79214674718859,3.22529980834429
ENSSSCG00000017779,5.88032693632702,6.19191691918267
ENSSSCG00000035445,2.91192312854079,2.12532342728475
ENSSSCG00000017783,6.01098639246899,6.30167040322628
ENSSSCG00000017785,5.54498875858328,6.03750028238463
ENSSSCG00000019783,0.384321665410682,0.6051024001257
ENSSSCG00000054449,-2.46613199464794,-1.16013180230037
ENSSSCG00000058827,-2.19461582859326,0.109708133942356
ENSSSCG00000037202,0.254375037426665,-0.650786169073976
ENSSSCG00000051900,-2.19461582859326,-0.724143750785594
ENSSSCG00000017140,4.3909410410296,4.53105049636611
ENSSSCG00000017139,6.07413844999875,6.2606681924146
ENSSSCG00000017144,4.28121397068151,6.26185600110526
ENSSSCG00000060610,0.0606232623061967,1.50960316311779
ENSSSCG00000030277,4.7833632887826,4.98104471890921
ENSSSCG00000055162,6.96852050111356,7.06424000442369
ENSSSCG00000017146,2.66151846255649,3.99849458442712
ENSSSCG00000021040,5.07400134365162,5.78333962254484
ENSSSCG00000017152,4.27284773568795,3.58930795029306
ENSSSCG00000017155,6.25845107436659,6.37100964972284
ENSSSCG00000017156,7.37578478859333,5.46433891832523
ENSSSCG00000017158,7.74964416485367,8.03602356558703
ENSSSCG00000017159,3.56509876847735,3.88590526779945
ENSSSCG00000017160,5.069178042028,5.55724381930089
ENSSSCG00000034146,4.12884908206675,4.13180197796732
ENSSSCG00000024261,2.85327760027406,4.14215931264521
ENSSSCG00000034696,1.28066902659574,0.901828647831401
ENSSSCG00000017137,3.44612631452737,2.301995340821
ENSSSCG00000027229,4.16546541539058,4.6895079014773
ENSSSCG00000017136,6.56806257715549,6.41705118156752
ENSSSCG00000017131,3.31645375125364,3.81322928508241
ENSSSCG00000017134,4.90022485631319,4.56993055639219
ENSSSCG00000053358,4.73545727617879,3.19577275116599
ENSSSCG00000017133,5.97017263092439,5.83053404506039
ENSSSCG00000017125,6.56578148186412,6.39068924979186
ENSSSCG00000017126,6.99037130639494,7.67504794952726
ENSSSCG00000017127,5.34401987924769,4.96363065902673
ENSSSCG00000017128,5.158171980462,4.24904303055937
ENSSSCG00000032116,6.0781452061158,5.15861510362541
ENSSSCG00000039807,0.342293330875861,1.70390554777238
ENSSSCG00000035852,7.41939121373374,7.53984234971751
ENSSSCG00000024018,4.05270462609372,3.10338271409922
ENSSSCG00000029343,5.35198450939884,5.09472654135632
ENSSSCG00000036592,5.56339910888587,5.67248503521411
ENSSSCG00000023139,4.25596829550492,4.12920098417805
ENSSSCG00000035923,3.86137567700507,4.14731022893322
ENSSSCG00000037376,6.9992733815795,6.47913637306875
ENSSSCG00000017172,-1.5956269400881,2.365253495496
ENSSSCG00000055449,1.11582327058225,1.85006449232
ENSSSCG00000017177,6.40855818334345,7.24958320602988
ENSSSCG00000061815,1.18878921645065,3.02719626934888
ENSSSCG00000042682,4.04617405879646,4.05440148353336
ENSSSCG00000017181,2.02801948508034,1.75878269330764
ENSSSCG00000023362,3.84265511981395,4.70879858368252
ENSSSCG00000029901,5.99496873313901,5.93698195732136
ENSSSCG00000017178,5.62275787096454,4.53891078454241
ENSSSCG00000017184,5.98134085793546,6.01724592123568
ENSSSCG00000021342,0.111554715953384,-0.389789821758014
ENSSSCG00000023423,6.029313672447,7.04987167675962
ENSSSCG00000017186,5.59618058710202,6.34041548204418
ENSSSCG00000017187,9.7238225356792,9.88957134440568
ENSSSCG00000017190,6.14690153503301,6.0368065692089
ENSSSCG00000017191,6.77820656093162,6.6302623574745
ENSSSCG00000017192,4.97605029458216,6.60052623152916
ENSSSCG00000017193,1.73505954565087,1.26618103197673
ENSSSCG00000017194,2.30462385924679,2.3740681350203
ENSSSCG00000017198,6.86842439699559,7.03083698172273
ENSSSCG00000017197,6.30910566030125,6.71509420759045
ENSSSCG00000017196,5.44055040525091,5.38261529989765
ENSSSCG00000017195,4.10705235861764,4.05714075698815
ENSSSCG00000017199,4.02971712592725,4.19534796975681
ENSSSCG00000021672,7.05278441749535,7.67549369554144
ENSSSCG00000017200,6.90136167727756,7.98640858859089
ENSSSCG00000017201,5.39758841209093,5.9144999385837
ENSSSCG00000017202,9.00238804083011,9.36243954939008
ENSSSCG00000017203,4.2245002065059,3.88898353817468
ENSSSCG00000017204,6.34213569439087,7.53174098370897
ENSSSCG00000017205,5.069178042028,4.92666189067731
ENSSSCG00000023978,5.00159053564039,4.79829193036196
ENSSSCG00000051419,2.58248499665162,1.7854578310934
ENSSSCG00000038844,4.90744891944289,5.62250227965349
ENSSSCG00000036248,0.901016344624057,0.692264219933096
ENSSSCG00000033518,6.43316814421146,6.52536814013179
ENSSSCG00000036852,4.59487139474076,4.71227843525525
ENSSSCG00000040578,5.90037951234185,6.06293595242378
ENSSSCG00000034608,6.9771289310549,7.36212893903455
ENSSSCG00000017522,-0.289717603961706,2.33848175918667
ENSSSCG00000032782,4.50486542783186,4.15244282009041
ENSSSCG00000054179,4.35440387570681,5.0236818784366
ENSSSCG00000017524,5.76277000237864,5.48075468297475
ENSSSCG00000017526,6.4493446115587,4.748318904002
ENSSSCG00000017525,9.99748656255458,9.66669193266426
ENSSSCG00000017529,6.50754942398114,5.68316399576586
ENSSSCG00000017528,4.91463698939483,3.92841459244657
ENSSSCG00000017516,4.75160334516216,4.4809289668584
ENSSSCG00000058498,2.53663155909393,1.4441419554549
ENSSSCG00000020309,-0.753389730293386,-0.389789821758014
ENSSSCG00000017226,2.27141351306507,2.53206007975693
ENSSSCG00000017227,3.36972936706284,4.21265050656083
ENSSSCG00000017230,4.34112734509873,3.21061181823215
ENSSSCG00000017231,4.89296443773008,5.12767612052765
ENSSSCG00000017232,9.65862469818681,8.25284696246519
ENSSSCG00000017233,2.59148335847871,2.01693833045353
ENSSSCG00000037541,0.425160216794395,-0.168854921246468
ENSSSCG00000035960,2.79214674718859,2.41735114660964
ENSSSCG00000020967,0.0606232623061967,-0.0699026685752995
ENSSSCG00000017236,-0.753389730293386,-0.580978849888471
ENSSSCG00000033918,0.503524755598007,0.663791401431833
ENSSSCG00000040989,7.61574935359551,7.83821616341013
ENSSSCG00000059713,6.07734474462596,-2.35951718500686
ENSSSCG00000021724,8.16519473643962,8.01697993383222
ENSSSCG00000024357,8.12140572195347,8.19292722715687
ENSSSCG00000017238,5.07239536750443,4.62819722810014
ENSSSCG00000017239,7.98102259013133,7.66587967403158
ENSSSCG00000046071,4.83162949115458,3.78706736470701
ENSSSCG00000017245,6.61183788859223,6.97254079558484
ENSSSCG00000027923,0.111554715953384,-2.35951718500686
ENSSSCG00000039498,0.208321522646333,1.42730178812359
ENSSSCG00000032411,4.27004817449682,2.73043273786855
ENSSSCG00000035511,5.66492820995438,4.34855141568573
ENSSSCG00000038130,5.62495070172351,4.85763279064949
ENSSSCG00000036383,8.48983888526902,6.32458744045435
ENSSSCG00000052614,-1.5956269400881,-0.650786169073976
ENSSSCG00000017164,8.67794946505948,7.6446371685983
ENSSSCG00000017165,4.98972800025711,4.73640517275129
ENSSSCG00000017154,0.985360575284754,1.12710621877915
ENSSSCG00000053183,0.54116651967454,2.3740681350203
ENSSSCG00000060519,-0.581735609749139,1.88748384057387
ENSSSCG00000017475,6.5045751976769,5.71992988751893
ENSSSCG00000017471,0.957790112127212,0.6051024001257
ENSSSCG00000017479,5.23195836264199,5.28550886652116
ENSSSCG00000017478,6.01266216291546,2.99898145657284
ENSSSCG00000017477,7.09175325644378,7.23635060939473
ENSSSCG00000017476,6.67563581133062,6.61454138604271
ENSSSCG00000036933,3.07478353700702,4.27985730165485
ENSSSCG00000035969,6.56235306203882,7.18936884471978
ENSSSCG00000029102,7.48060975630666,7.46394868768862
ENSSSCG00000017488,1.50677891522418,2.52416227528066
ENSSSCG00000017489,6.84838877391741,6.71118642860804
ENSSSCG00000017492,5.82226782961756,5.23922172139631
ENSSSCG00000051406,0.425160216794395,-1.63861791175253
ENSSSCG00000017135,4.34910791583901,2.2927277096796
ENSSSCG00000017206,6.25562340895114,6.28014306745879
ENSSSCG00000017208,2.46009285868458,2.70969117426895
ENSSSCG00000017209,5.4701242276933,5.4085876770793
ENSSSCG00000035134,4.55172328966111,4.24904303055937
ENSSSCG00000017211,5.73664496094689,5.75662492561751
ENSSSCG00000017207,4.11954792373899,4.29849790937015
ENSSSCG00000055773,-0.503005667143942,0.066857978120369
ENSSSCG00000017212,7.38874759284995,7.11671750454911
ENSSSCG00000017213,4.75561178512516,3.99849458442712
ENSSSCG00000028210,3.89447243966319,2.8105396921843
ENSSSCG00000017214,2.4101085229922,2.40879780570445
ENSSSCG00000017215,3.31101636625581,3.94033355247136
ENSSSCG00000031958,7.49716382454026,6.59205131720545
ENSSSCG00000032166,6.52761316624176,6.01442976659412
ENSSSCG00000034406,5.34535037482733,5.1624362381228
ENSSSCG00000017218,6.36724012842808,6.39177472938761
ENSSSCG00000017219,7.67753082634836,6.12299656513728
ENSSSCG00000023151,0.425160216794395,-0.389789821758014
ENSSSCG00000051219,0.81143323514119,0.949786352523971
ENSSSCG00000061997,2.70362447409169,2.52416227528066
ENSSSCG00000017990,4.29229401201672,3.50354042332499
ENSSSCG00000017991,2.53663155909393,2.58616627273042
ENSSSCG00000043014,-1.05654789507939,-0.650786169073976
ENSSSCG00000061077,0.54116651967454,0.973180333493209
ENSSSCG00000017941,5.67871544538004,5.60107577969983
ENSSSCG00000056199,-1.05654789507939,0.231113683523015
ENSSSCG00000020152,-0.289717603961706,-0.801432154592459
ENSSSCG00000051820,-3.86672707663002,-0.389789821758014
ENSSSCG00000042233,3.02251316077076,3.71950850973016
ENSSSCG00000017747,2.61814651954306,3.7903636675655
ENSSSCG00000017748,5.34002101449651,5.88935821911512
ENSSSCG00000017749,0.425160216794395,0.343090997642991
ENSSSCG00000017750,1.11582327058225,0.480036609493032
ENSSSCG00000017752,8.8889285173912,8.73431410424004
ENSSSCG00000017753,5.27028753703853,5.58503173170326
ENSSSCG00000017754,6.71579541822511,6.12365005705915
ENSSSCG00000017755,2.78431999506382,3.09274217814535
ENSSSCG00000054714,2.2936384687718,2.84898464428724
ENSSSCG00000058976,-1.3010534406464,0.343090997642991
ENSSSCG00000037364,-1.96619539223541,-0.969662564375006
ENSSSCG00000044226,7.38745654114464,6.58210058115676
ENSSSCG00000017505,6.227759276163,6.35495906636895
ENSSSCG00000017506,5.16421577226835,5.95251347997433
ENSSSCG00000017507,0.841916534859911,1.4102627264044
ENSSSCG00000017508,4.7833632887826,6.56199081113337
ENSSSCG00000017509,8.03128092593737,7.59978176468676
ENSSSCG00000017510,3.77317544011881,3.31500426226794
ENSSSCG00000017511,3.23265945709217,3.40376683840404
ENSSSCG00000036532,-1.96619539223541,-0.450747065242323
ENSSSCG00000040642,7.01315231313874,6.70770393888153
ENSSSCG00000038880,9.3157551286427,8.95332281878658
ENSSSCG00000037753,-0.753389730293386,-1.78793082929158
ENSSSCG00000021478,4.07533158707034,4.43322679702533
ENSSSCG00000033291,5.66065933887182,5.8192828413322
ENSSSCG00000037606,5.21167570349867,4.77018672736608
ENSSSCG00000039198,5.80979208377998,5.65992551260237
ENSSSCG00000022187,4.00971775935811,4.04890728373521
ENSSSCG00000032478,7.60273537218651,8.02696987966806
ENSSSCG00000035677,-0.289717603961706,-0.0228605115491758
ENSSSCG00000018056,3.15587999024382,2.87405700009082
ENSSSCG00000046446,1.06504496640639,0.996201015194988
ENSSSCG00000018057,4.71501721401504,4.69127229753423
ENSSSCG00000020884,-0.163246077098895,-0.650786169073976
ENSSSCG00000023263,4.87280780620412,5.06645520653599
ENSSSCG00000017513,6.63975840223938,6.59629499744871
ENSSSCG00000017514,7.20528304167227,7.22665009291547
ENSSSCG00000057498,1.0124140211341,0.901828647831401
ENSSSCG00000017517,-0.94826101088964,-0.331304090129519
ENSSSCG00000017518,4.793146575977,4.61524441199183
ENSSSCG00000017519,5.020036803116,5.07323689891612
ENSSSCG00000017520,7.58454165236506,7.13498313440059
ENSSSCG00000017521,5.59282373515322,4.73640517275129
ENSSSCG00000056800,-0.163246077098895,0.151322202724095
ENSSSCG00000018058,3.76921557047862,3.22042040807826
ENSSSCG00000050904,-0.225096418835447,-0.724143750785594
ENSSSCG00000017515,2.86816398685734,2.60125966392602
ENSSSCG00000040509,2.79993126747808,2.2927277096796
ENSSSCG00000036944,3.74522535331173,3.49548449808059
ENSSSCG00000017294,6.69246148160437,6.78161362695352
ENSSSCG00000023612,-2.80087696638474,-0.580978849888471
ENSSSCG00000017296,6.30569233561223,7.71852197265796
ENSSSCG00000017297,7.50164579798049,8.32366171167362
ENSSSCG00000035742,4.35440387570681,4.73811316967365
ENSSSCG00000028698,5.96412296715717,6.1667731428997
ENSSSCG00000043202,0.111554715953384,2.25505012142321
ENSSSCG00000016726,-0.503005667143942,-1.50331917830221
ENSSSCG00000058216,4.2978022842804,5.02087827105262
ENSSSCG00000031144,3.67500316435656,3.06034143483319
ENSSSCG00000016732,5.11981360279319,5.15733913976995
ENSSSCG00000033190,6.80359621106504,5.99955408636132
ENSSSCG00000016674,5.42175410213154,5.38697662977849
ENSSSCG00000016676,3.25548475433632,4.76349340141369
ENSSSCG00000033514,2.23742062690637,5.15606204641377
ENSSSCG00000016677,6.39255885793772,5.67337797395124
ENSSSCG00000016679,2.85327760027406,3.23983976676193
ENSSSCG00000016678,4.50009483649528,5.03206015835713
ENSSSCG00000016733,1.61664122769751,1.16822850108867
ENSSSCG00000016734,4.87833305750333,4.83386908399589
ENSSSCG00000016691,5.79817946274663,6.39014620357339
ENSSSCG00000016692,8.22694972631319,8.47856016662811
ENSSSCG00000016695,5.43556195392694,5.26195742336193
ENSSSCG00000037116,4.90564629207936,5.0292728010973
ENSSSCG00000016686,5.76873226216362,5.34612220671944
ENSSSCG00000016687,3.99961314051722,3.77047192295446
ENSSSCG00000016688,4.37799801882217,1.4441419554549
ENSSSCG00000016690,2.85327760027406,2.94676112973231
ENSSSCG00000050056,-0.847537601777033,-1.26570965698543
ENSSSCG00000033266,4.49290924028409,4.87946455938814
ENSSSCG00000022557,-0.289717603961706,0.800848232904328
ENSSSCG00000028523,4.08810371085403,4.35078582867332
ENSSSCG00000023801,5.69237216821161,5.60669605306234
ENSSSCG00000032734,4.93422148678126,3.6738354311559
ENSSSCG00000016720,0.682619433441756,-0.51439395667637
ENSSSCG00000016721,6.51702595218331,6.36935750109569
ENSSSCG00000016722,4.52379159070698,4.10557858270465
ENSSSCG00000040519,5.65744937570896,5.36945164087797
ENSSSCG00000016724,4.38577775784526,4.70181359813392
ENSSSCG00000016725,7.32070870872208,7.90588067545215
ENSSSCG00000054171,0.254375037426665,-0.724143750785594
ENSSSCG00000022912,3.99283719440183,4.0461523175502
ENSSSCG00000021250,7.4469206411497,6.41491715175233
ENSSSCG00000038919,2.7764505503789,3.31041948340265
ENSSSCG00000022464,5.05786056230983,5.45502229919177
ENSSSCG00000023445,5.8766508781523,6.06361721744134
ENSSSCG00000026064,3.6493795680761,3.72984623364515
ENSSSCG00000016668,-1.76904577456744,-0.801432154592459
ENSSSCG00000016671,0.299003801631898,-0.580978849888471
ENSSSCG00000016672,0.901016344624057,0.747577553315015
ENSSSCG00000021204,5.49910397360211,5.46948893831242
ENSSSCG00000028997,6.78802476086468,6.71596116734104
ENSSSCG00000016701,2.95439396897898,0.480036609493032
ENSSSCG00000016703,8.39858142664599,8.41818193160694
ENSSSCG00000016704,3.85765094873163,4.29386028841113
ENSSSCG00000016705,4.97605029458216,5.53580043304818
ENSSSCG00000016706,2.61814651954306,3.49548449808059
ENSSSCG00000016707,-2.80087696638474,-0.0228605115491758
ENSSSCG00000016708,5.51219427527895,6.57876835859576
ENSSSCG00000037598,5.14600790573764,4.8306708081164
ENSSSCG00000016711,5.17023435078468,5.5367820780867
ENSSSCG00000036350,10.0548798482391,9.96935438450457
ENSSSCG00000026894,2.98885557233165,3.09274217814535
ENSSSCG00000016714,6.07092501371828,4.9577789467348
ENSSSCG00000016715,6.4412790504456,7.2199429496015
ENSSSCG00000016716,4.15336293804548,3.38644584675528
ENSSSCG00000016717,2.7764505503789,3.46692914773229
ENSSSCG00000016719,0.254375037426665,-0.331304090129519
ENSSSCG00000038792,3.21530032635219,3.44199506771677
ENSSSCG00000030388,2.10544337267369,2.60874755476081
ENSSSCG00000062187,1.87429076377796,1.88748384057387
ENSSSCG00000060491,-0.428350711608159,0.6051024001257
ENSSSCG00000058908,2.04121546325762,2.59373270651027
ENSSSCG00000057040,2.8306559884474,3.19577275116599
ENSSSCG00000062314,-0.428350711608159,-1.63861791175253
ENSSSCG00000062135,-1.5956269400881,-1.16013180230037
ENSSSCG00000059937,3.94449298372399,3.98991850383546
ENSSSCG00000052662,1.50677891522418,1.98276876816261
ENSSSCG00000058238,2.09282450672441,2.8426478762261
ENSSSCG00000038124,-1.05654789507939,-1.63861791175253
ENSSSCG00000052052,0.111554715953384,1.32191137878578
ENSSSCG00000055692,2.73644627303554,2.86782964222017
ENSSSCG00000058539,-0.581735609749139,-0.580978849888471
ENSSSCG00000062807,-0.357369586612393,-1.95450014976733
ENSSSCG00000059146,-2.46613199464794,-0.969662564375006
ENSSSCG00000051193,0.299003801631898,-0.51439395667637
ENSSSCG00000061302,-0.665011214899346,-0.450747065242323
ENSSSCG00000040561,-1.05654789507939,-1.63861791175253
ENSSSCG00000060851,0.0606232623061967,1.0847773181148
ENSSSCG00000035077,1.42859580901325,-0.389789821758014
ENSSSCG00000016750,6.6955945648217,5.84724801977206
ENSSSCG00000016751,4.488098882623,4.40769813818823
ENSSSCG00000016747,7.29924333344318,7.31484326102978
ENSSSCG00000039535,-0.581735609749139,-1.63861791175253
ENSSSCG00000036443,0.208321522646333,-2.61458503095514
ENSSSCG00000025060,4.41901344119094,4.50319725601001
ENSSSCG00000039582,6.84932685924049,6.40204625522333
ENSSSCG00000016760,4.38318917007144,4.43743799797972
ENSSSCG00000016753,4.50248210404005,3.96970713771346
ENSSSCG00000016754,8.11264241309854,7.67237057742167
ENSSSCG00000023820,6.37051105888717,6.68397465638823
ENSSSCG00000016743,10.665670513862,9.82026263230965
ENSSSCG00000055501,1.71872620129392,2.05031729144738
ENSSSCG00000016744,6.72961675062924,6.65035611340366
ENSSSCG00000016745,4.48085313844921,4.61524441199183
ENSSSCG00000016509,7.29855663485737,7.68393680743618
ENSSSCG00000016746,2.47961156701835,2.73043273786855
ENSSSCG00000038700,4.31148165176031,3.86417148287992
ENSSSCG00000031847,4.77943132197348,4.9577789467348
ENSSSCG00000037087,-0.0469734082326686,-0.168854921246468
ENSSSCG00000016585,5.12601989246791,3.63769124610861
ENSSSCG00000016532,3.95498970508926,4.1369899399032
ENSSSCG00000048509,0.254375037426665,0.109708133942356
ENSSSCG00000040673,2.80767400923913,2.66010204728776
ENSSSCG00000053763,4.09127915231119,4.48906635078543
ENSSSCG00000056043,0.111554715953384,-0.118530588140316
ENSSSCG00000016535,9.5461870087557,8.46946375588773
ENSSSCG00000016756,4.43159525549974,3.54706144775751
ENSSSCG00000027491,5.34933451523888,4.80319533155293
ENSSSCG00000016758,4.49770361212424,4.68774134494592
ENSSSCG00000039425,3.18589605513591,2.96437876298604
ENSSSCG00000016742,2.78431999506382,2.54772715445315
ENSSSCG00000040608,5.10103291556719,5.3314888112948
ENSSSCG00000016510,3.7290073427632,4.79008237762343
ENSSSCG00000016511,6.27180731477945,6.30628302596803
ENSSSCG00000016512,6.3737745901468,6.47196939377716
ENSSSCG00000032786,0.0606232623061967,1.7854578310934
ENSSSCG00000016513,4.69637023349235,5.54265796289721
ENSSSCG00000045348,2.59148335847871,0.926006765743826
ENSSSCG00000016516,2.15484323487455,0.543924309209927
ENSSSCG00000016738,7.13893329104093,7.22908134374407
ENSSSCG00000016518,5.72749031660984,5.3189897098664
ENSSSCG00000016737,8.59116984494598,8.23813644059345
ENSSSCG00000016763,4.02640309177669,4.08693440817365
ENSSSCG00000016755,4.28953196919945,4.10822247590328
ENSSSCG00000016519,2.10544337267369,1.70390554777238
ENSSSCG00000035581,3.00241297879237,2.301995340821
ENSSSCG00000016520,7.60606926738879,6.81476947233157
ENSSSCG00000016521,1.68549407120461,0.949786352523971
ENSSSCG00000048439,4.759609118734,4.48906635078543
ENSSSCG00000016522,3.65797143270632,4.81780632770776
ENSSSCG00000032532,0.985360575284754,1.54125259769343
ENSSSCG00000030497,4.49770361212424,4.77850995091263
ENSSSCG00000038147,-0.428350711608159,0.44699951176586
ENSSSCG00000037764,-1.44083485948891,-0.650786169073976
ENSSSCG00000016572,6.18678394464569,6.15275496903257
ENSSSCG00000016772,6.66021617289804,6.35773917909163
ENSSSCG00000016571,0.748463530495347,0.231113683523015
ENSSSCG00000016573,2.2936384687718,2.61619678245007
ENSSSCG00000016574,2.10544337267369,0.852221766628148
ENSSSCG00000023540,1.21231354325694,0.826763660403192
ENSSSCG00000016577,5.08678519741317,4.59841806358002
ENSSSCG00000016578,8.3617467128636,7.04366974431687
ENSSSCG00000055672,4.89659921430897,4.95631230251377
ENSSSCG00000016773,4.4240593417276,4.71748252509953
ENSSSCG00000031870,2.55514818233533,2.61619678245007
ENSSSCG00000016775,5.35726993945847,5.26906331311195
ENSSSCG00000056306,1.25824180569868,2.02815067824639
ENSSSCG00000034873,3.22110994226279,3.05486985244482
ENSSSCG00000016579,4.92357200461984,3.63769124610861
ENSSSCG00000039041,2.08009429229325,2.77104214505238
ENSSSCG00000039661,3.48527532162624,3.31041948340265
ENSSSCG00000016581,8.21808029591539,6.94248486644857
ENSSSCG00000040257,4.63241326713755,5.19264634704701
ENSSSCG00000055239,5.29114957747305,5.29598286646743
ENSSSCG00000061542,3.65797143270632,3.58551807282603
ENSSSCG00000040690,4.59263232899805,4.94156326753128
ENSSSCG00000033708,5.82798967969071,6.0270593963741
ENSSSCG00000035419,5.48589380858785,6.32401892895472
ENSSSCG00000037391,2.67003855032607,2.49213147082896
ENSSSCG00000055529,-0.503005667143942,-0.275097240265819
ENSSSCG00000032464,2.45023357473821,3.0820225798891
ENSSSCG00000016582,-1.05654789507939,-0.883096611932229
ENSSSCG00000054843,-0.581735609749139,-0.331304090129519
ENSSSCG00000016583,-0.94826101088964,-0.883096611932229
ENSSSCG00000059070,-0.103938698558373,-0.801432154592459
ENSSSCG00000045735,4.87649365725498,4.41412277758863
ENSSSCG00000053852,5.69237216821161,6.37211003195898
ENSSSCG00000042418,-2.80087696638474,-0.883096611932229
ENSSSCG00000049289,-1.5956269400881,-1.16013180230037
ENSSSCG00000044483,1.50677891522418,0.949786352523971
ENSSSCG00000055825,1.54433696419247,1.91190152903124
ENSSSCG00000052516,-0.94826101088964,-1.63861791175253
ENSSSCG00000031109,2.91192312854079,2.76435279581209
ENSSSCG00000059260,-0.428350711608159,-2.35951718500686
ENSSSCG00000062093,0.957790112127212,0.774458752770575
ENSSSCG00000054993,0.342293330875861,1.10609700495897
ENSSSCG00000051549,-1.1736270562095,-1.37962819886108
ENSSSCG00000039290,7.43040341589571,7.3111188226158
ENSSSCG00000019018,-0.0469734082326686,0.231113683523015
ENSSSCG00000036403,1.63416494499211,1.04116884334027
ENSSSCG00000016527,2.61814651954306,3.96679654586605
ENSSSCG00000056374,4.15639808867323,3.50354042332499
ENSSSCG00000030386,5.10888793466526,5.31212609849812
ENSSSCG00000016617,-2.80087696638474,2.12532342728475
ENSSSCG00000016618,5.34268815551337,6.02426235124535
ENSSSCG00000016626,5.46890401323366,6.19627237695005
ENSSSCG00000016619,3.53276336848595,3.63769124610861
ENSSSCG00000016620,3.43116714475289,3.0820225798891
ENSSSCG00000024351,5.7647601613819,6.91632244401144
ENSSSCG00000016634,6.67033729062963,6.1052394536311
ENSSSCG00000016635,5.8298919311715,5.86689638622233
ENSSSCG00000040344,7.57521627868214,7.69848473624493
ENSSSCG00000038138,0.841916534859911,1.20821105392266
ENSSSCG00000016621,2.34774757151488,0.480036609493032
ENSSSCG00000016625,3.96541060601477,4.87014851127995
ENSSSCG00000016628,7.8164062813831,4.54282492718398
ENSSSCG00000016629,5.12756730217473,4.47888742901233
ENSSSCG00000028113,6.98994602482972,6.63851638525072
ENSSSCG00000016613,4.66687611224307,4.79172802969459
ENSSSCG00000016614,0.00782776903463305,0.109708133942356
ENSSSCG00000016616,6.93974263875307,7.05124627079321
ENSSSCG00000016590,7.88913711445615,7.29873057470206
ENSSSCG00000016589,-2.19461582859326,-0.168854921246468
ENSSSCG00000016593,5.27028753703853,5.37055321163737
ENSSSCG00000035211,3.30555841070074,3.46280327898759
ENSSSCG00000024157,3.78890711607449,4.17531615838147
ENSSSCG00000022865,0.254375037426665,-1.95450014976733
ENSSSCG00000016597,3.93391933051826,4.35968903450673
ENSSSCG00000021354,5.04481664425098,5.05964148476002
ENSSSCG00000016599,-0.665011214899346,1.50960316311779
ENSSSCG00000027118,1.34593178147808,2.70271051943981
ENSSSCG00000016603,0.87176904556138,1.91190152903124
ENSSSCG00000016604,6.23782381627107,6.08993870064144
ENSSSCG00000016533,-1.05654789507939,-0.168854921246468
ENSSSCG00000016541,2.87554997189764,3.1554391108737
ENSSSCG00000016605,-0.289717603961706,-0.0228605115491758
ENSSSCG00000016606,3.67076404445774,3.45035440098084
ENSSSCG00000016542,3.13140923046282,2.99898145657284
ENSSSCG00000037869,5.64777640988425,5.60201401371349
ENSSSCG00000016543,3.66224825281035,3.74351563634806
ENSSSCG00000016545,5.29941065122135,5.35059509090639
ENSSSCG00000016608,4.7026127113474,4.41625798189372
ENSSSCG00000016609,3.58325587051105,3.76377992309802
ENSSSCG00000021562,1.25824180569868,1.95953100743037
ENSSSCG00000016548,6.27390493739177,7.78302681232798
ENSSSCG00000016549,5.31443417758643,5.39349400288388
ENSSSCG00000016611,5.90128440396143,5.98955106383111
ENSSSCG00000056338,-2.80087696638474,-0.650786169073976
ENSSSCG00000016551,-0.753389730293386,-2.14284221802902
ENSSSCG00000016553,6.18083415433782,6.49941942644209
ENSSSCG00000021466,4.58138457622712,4.51520026500107
ENSSSCG00000016643,4.10076375502732,3.88590526779945
ENSSSCG00000016639,-0.103938698558373,-0.650786169073976
ENSSSCG00000016554,3.93745249917923,3.7969337645547
ENSSSCG00000037368,-0.847537601777033,0.109708133942356
ENSSSCG00000016556,5.93437254118486,5.69200314122256
ENSSSCG00000058956,-1.76904577456744,-1.26570965698543
ENSSSCG00000057639,3.82368844563602,3.98129113783476
ENSSSCG00000053695,-1.5956269400881,-0.168854921246468
ENSSSCG00000062848,0.342293330875861,0.6051024001257
ENSSSCG00000055335,3.13140923046282,3.39079562950206
ENSSSCG00000058780,0.81143323514119,2.25505012142321
ENSSSCG00000021885,3.51868035856767,4.4583115665278
ENSSSCG00000058288,-2.80087696638474,-1.06175616837389
ENSSSCG00000059863,1.42859580901325,1.6898537845966
ENSSSCG00000061899,3.21530032635219,3.85790121470869
ENSSSCG00000016652,1.75121004166391,1.26618103197673
ENSSSCG00000063241,1.50677891522418,0.413188112875905
ENSSSCG00000016557,0.254375037426665,1.22779433856161
ENSSSCG00000056966,-0.581735609749139,-1.63861791175253
ENSSSCG00000016653,6.51761617345529,5.26076969820633
ENSSSCG00000058464,-3.86672707663002,-0.168854921246468
ENSSSCG00000038158,4.47600234592817,4.65375911640063
ENSSSCG00000016559,-2.80087696638474,-0.969662564375006
ENSSSCG00000058042,5.53918700856691,5.68670615530568
ENSSSCG00000016562,0.613625923982859,0.306722442383792
ENSSSCG00000016563,4.15942686733562,4.55837616057812
ENSSSCG00000016657,0.00782776903463305,-1.37962819886108
ENSSSCG00000027131,6.87764932512605,6.88544452519391
ENSSSCG00000016565,4.46135133452517,4.08693440817365
ENSSSCG00000016658,3.70433327790565,2.34746098418498
ENSSSCG00000016564,7.69172182541332,7.92343865426616
ENSSSCG00000016566,5.50863595612585,5.90844508926202
ENSSSCG00000062966,3.30555841070074,3.68450443748216
ENSSSCG00000016567,3.22110994226279,2.99898145657284
ENSSSCG00000016568,4.41394983039547,4.36190627741611
ENSSSCG00000016569,6.08851099069362,6.04441912938046
ENSSSCG00000016570,4.99651853080829,4.29153587546859
ENSSSCG00000048237,1.71872620129392,1.60254171360028
ENSSSCG00000055563,3.9409770362239,4.76349340141369
ENSSSCG00000057454,5.68398334113068,6.24873600601939
ENSSSCG00000059355,-0.289717603961706,-0.168854921246468
ENSSSCG00000052265,4.078535234066,3.30582008798424
ENSSSCG00000016659,4.90203426617488,4.48296761983429
ENSSSCG00000062788,4.81059102718122,5.1445170466678
ENSSSCG00000050311,0.425160216794395,0.634745314624147
ENSSSCG00000042281,-0.289717603961706,-0.580978849888471
ENSSSCG00000039703,5.10103291556719,5.81686041072976
ENSSSCG00000049100,0.208321522646333,-3.86672707663002
ENSSSCG00000052099,-0.581735609749139,1.7854578310934
ENSSSCG00000016661,7.52237951454072,7.17997457531222
ENSSSCG00000052021,-1.96619539223541,-1.06175616837389
ENSSSCG00000047982,0.87176904556138,-0.801432154592459
ENSSSCG00000054055,-0.753389730293386,0.109708133942356
ENSSSCG00000016555,-2.80087696638474,-0.0228605115491758
ENSSSCG00000027389,5.09629929310995,5.25242813003003
ENSSSCG00000016663,-1.96619539223541,-1.16013180230037
ENSSSCG00000027063,7.04625421219406,5.71299871734008
ENSSSCG00000016664,3.8798564228418,2.02815067824639
ENSSSCG00000016646,5.53802385351478,4.96216995461641
ENSSSCG00000025910,6.01182452100477,6.50444594429251
ENSSSCG00000025602,3.49968658036642,4.1187498612742
ENSSSCG00000016665,5.28145148796963,6.11513148579493
ENSSSCG00000024754,4.82972953084583,5.47154380974986
ENSSSCG00000042909,-2.19461582859326,-0.883096611932229
ENSSSCG00000057236,3.58775966357871,3.0820225798891
ENSSSCG00000052558,2.28256878788505,2.54772715445315
ENSSSCG00000059039,-0.0469734082326686,1.60254171360028
ENSSSCG00000042721,-0.163246077098895,-0.580978849888471
ENSSSCG00000051034,1.46821691359075,0.512334077457971
ENSSSCG00000057438,1.42859580901325,3.14001846296916
ENSSSCG00000052053,1.18878921645065,1.77218191355614
ENSSSCG00000016443,4.75160334516216,2.62360774421201
ENSSSCG00000016444,5.13988719043168,4.02951111928058
ENSSSCG00000024431,1.06504496640639,1.42730178812359
ENSSSCG00000016450,4.03961379546962,4.02951111928058
ENSSSCG00000016448,5.23051901992888,5.23559889306414
ENSSSCG00000028169,2.91192312854079,3.09807225595263
ENSSSCG00000026661,2.4101085229922,3.52348560311752
ENSSSCG00000033272,6.99079646263144,6.76453602635221
ENSSSCG00000027024,3.43617078895197,2.66010204728776
ENSSSCG00000027986,5.45664476795663,4.61710194951013
ENSSSCG00000016437,2.4403064491966,1.42730178812359
ENSSSCG00000016438,6.18232390387805,6.71422672654385
ENSSSCG00000016435,5.1747318645724,4.19285915148559
ENSSSCG00000016436,5.76376542505159,5.02648004810064
ENSSSCG00000016441,5.3212116753743,4.94600383179658
ENSSSCG00000016409,6.64571028104189,6.670173844949
ENSSSCG00000016411,5.61615930946387,5.49294507789535
ENSSSCG00000016412,4.45643441302149,4.84342158933854
ENSSSCG00000016414,3.816031403068,3.82291897360472
ENSSSCG00000016416,-1.1736270562095,0.0226960489355265
ENSSSCG00000057427,5.54151050910773,5.95104147036123
ENSSSCG00000061194,3.67922986478886,4.25859463547142
ENSSSCG00000016403,4.26443270150265,2.76435279581209
ENSSSCG00000038486,6.45119950876248,6.73447588901613
ENSSSCG00000016406,7.41401194777294,7.65574940753447
ENSSSCG00000039407,0.87176904556138,1.46078781820194
ENSSSCG00000033909,3.58325587051105,3.59308789804756
ENSSSCG00000027196,0.929682484613295,2.05031729144738
ENSSSCG00000027826,3.43116714475289,4.14987880700026
ENSSSCG00000031897,1.90348749886982,1.20821105392266
ENSSSCG00000016451,2.50840324662494,1.57222259459841
ENSSSCG00000016452,2.36883548604693,2.15631236722569
ENSSSCG00000016453,6.5416096673889,6.17688329963096
ENSSSCG00000032422,2.3263468361721,2.95853009044781
ENSSSCG00000016420,5.83274061377869,4.79172802969459
ENSSSCG00000025221,4.43659741768964,4.84975496736719
ENSSSCG00000016423,2.70362447409169,3.30582008798424
ENSSSCG00000016426,5.59618058710202,6.01231403722259
ENSSSCG00000032315,0.715917087066103,1.14781387260733
ENSSSCG00000020663,6.56749264137345,7.5532443441703
ENSSSCG00000016430,6.94589518591613,6.66748740367883
ENSSSCG00000016431,1.42859580901325,-0.168854921246468
ENSSSCG00000016432,7.41812730736735,7.27657148156894
ENSSSCG00000016434,6.65807633351742,6.26007392113509
ENSSSCG00000016487,1.66858646664768,3.26375205522008
ENSSSCG00000034639,1.14055756446698,3.6702614901974
ENSSSCG00000016488,4.3909410410296,4.53891078454241
ENSSSCG00000016489,-1.44083485948891,0.774458752770575
ENSSSCG00000016491,5.48589380858785,6.19440736204349
ENSSSCG00000016492,4.30875613500861,4.15244282009041
ENSSSCG00000016493,-0.847537601777033,-1.26570965698543
ENSSSCG00000016498,6.57431705552886,6.34658643881954
ENSSSCG00000038693,2.92621944634065,3.6738354311559
ENSSSCG00000032266,5.37431506969936,5.1738392901847
ENSSSCG00000016501,4.77746131263844,6.05542072752603
ENSSSCG00000016502,6.25137149198455,6.05679004710476
ENSSSCG00000016504,0.748463530495347,-0.883096611932229
ENSSSCG00000026733,3.13140923046282,4.42051893344859
ENSSSCG00000016459,3.63204079352504,3.93736303127276
ENSSSCG00000016461,7.9752332154592,7.24958320602988
ENSSSCG00000028274,0.208321522646333,0.692264219933096
ENSSSCG00000056050,-0.94826101088964,-0.0699026685752995
ENSSSCG00000016464,4.99651853080829,5.44564512403462
ENSSSCG00000031799,3.09390678499242,3.30582008798424
ENSSSCG00000035615,4.94127771809311,5.52297789063189
ENSSSCG00000016472,-1.1736270562095,-0.969662564375006
ENSSSCG00000062134,-0.665011214899346,1.04116884334027
ENSSSCG00000016469,1.52568015604393,4.58898459175176
ENSSSCG00000016473,3.16796145904304,5.86063797560017
ENSSSCG00000052350,-0.357369586612393,0.191769503652254
ENSSSCG00000044150,-1.1736270562095,0.0226960489355265
ENSSSCG00000016475,-1.5956269400881,-0.168854921246468
ENSSSCG00000036013,-2.19461582859326,-0.580978849888471
ENSSSCG00000032249,2.36883548604693,1.67566381082393
ENSSSCG00000025610,5.69237216821161,6.16359913372928
ENSSSCG00000028266,4.96743540684683,4.5132066856359
ENSSSCG00000024184,6.18900880514129,5.6769442124037
ENSSSCG00000021475,7.15343735223092,7.15334044895275
ENSSSCG00000024070,3.97918907392851,3.45451597397753
ENSSSCG00000052416,-0.225096418835447,-0.969662564375006
ENSSSCG00000054207,4.63676641344048,5.82411553406359
ENSSSCG00000053771,1.91786723757113,2.51622099743307
ENSSSCG00000044134,-0.665011214899346,0.306722442383792
ENSSSCG00000046607,2.79214674718859,1.35790376000462
ENSSSCG00000057480,-0.581735609749139,-0.969662564375006
ENSSSCG00000055319,-0.428350711608159,0.109708133942356
ENSSSCG00000060757,-2.19461582859326,-0.801432154592459
ENSSSCG00000058774,0.577851083508549,-0.118530588140316
ENSSSCG00000042794,-1.5956269400881,-1.06175616837389
ENSSSCG00000013470,4.71501721401504,4.8306708081164
ENSSSCG00000016494,5.78058336591704,6.33478252368599
ENSSSCG00000032390,5.14295079401734,4.42476733747514
ENSSSCG00000016496,4.82972953084583,4.95924410147895
ENSSSCG00000053346,1.98769151381773,2.25505012142321
ENSSSCG00000016497,6.06285996850866,5.55045543332824
ENSSSCG00000061806,3.97918907392851,4.35746837872483
ENSSSCG00000037158,4.97261051016001,4.90705710793194
ENSSSCG00000016682,4.77746131263844,4.86233891889993
ENSSSCG00000037575,4.66047672489061,4.06260374976503
ENSSSCG00000016684,2.9956502008432,2.47584537890216
ENSSSCG00000016685,3.11277986246647,4.76851630488417
ENSSSCG00000021652,3.67076404445774,3.8002076268158
ENSSSCG00000050786,1.30275293821975,1.54125259769343
ENSSSCG00000016768,3.87617916405051,3.47104325081593
ENSSSCG00000053511,-0.103938698558373,0.663791401431833
ENSSSCG00000062889,1.34593178147808,1.89974434301656
ENSSSCG00000016769,5.74473393960954,6.24873600601939
ENSSSCG00000061204,1.7986042665823,1.99424877862076
ENSSSCG00000039365,2.23742062690637,1.34001980880434
ENSSSCG00000039144,2.31552623327911,2.42585407584627
ENSSSCG00000038226,-0.357369586612393,0.800848232904328
ENSSSCG00000031398,1.78297855012575,-0.118530588140316
ENSSSCG00000033858,0.384321665410682,0.720185961482743
ENSSSCG00000055885,6.48237325833104,6.15659163563662
ENSSSCG00000036122,0.0606232623061967,-1.26570965698543
ENSSSCG00000038027,-1.76904577456744,-1.26570965698543
ENSSSCG00000038192,-0.847537601777033,-0.580978849888471
ENSSSCG00000059288,-0.94826101088964,-0.580978849888471
ENSSSCG00000057434,-0.847537601777033,-0.51439395667637
ENSSSCG00000051336,0.384321665410682,1.52551466820507
ENSSSCG00000036124,-1.76904577456744,-0.801432154592459
ENSSSCG00000034853,-2.80087696638474,-0.883096611932229
ENSSSCG00000018061,5.63586513737513,5.06100680599587
ENSSSCG00000018063,7.33885677768938,6.17814210207446
ENSSSCG00000018065,10.5514986340612,10.5516913481079
ENSSSCG00000018069,10.8640961455235,10.740917276434
ENSSSCG00000018072,0.577851083508549,-0.51439395667637
ENSSSCG00000018073,2.65294775884989,1.04116884334027
ENSSSCG00000018075,13.5553490700072,13.3892815843083
ENSSSCG00000018076,3.66651243189212,3.53138710266873
ENSSSCG00000018078,12.2601137529122,12.1679144407992
ENSSSCG00000018080,8.00920638360581,8.00230833991349
ENSSSCG00000018081,12.542532188332,12.3362301504459
ENSSSCG00000018082,12.795343009951,12.6356001749815
ENSSSCG00000018084,9.29326777748914,9.03904295019247
ENSSSCG00000018086,7.63464479045212,7.60142474616842
ENSSSCG00000018087,11.4381706385071,11.2311757181237
ENSSSCG00000018091,11.4232661316369,11.4234792397549
ENSSSCG00000018092,10.5933941219177,10.4541361516475
ENSSSCG00000018093,-1.05654789507939,-0.389789821758014
ENSSSCG00000018094,11.7558103163468,11.6576040209278
ENSSSCG00000055777,2.69530100957938,1.99424877862076
ENSSSCG00000033720,5.10732034856821,4.3904245647686
ENSSSCG00000036444,0.54116651967454,0.6051024001257
ENSSSCG00000037334,4.97088753752788,4.5072093651604
ENSSSCG00000002554,2.33708688541697,2.74409661085484
ENSSSCG00000035669,3.37495030233802,3.47514565515157
ENSSSCG00000040365,4.20996643151759,4.15500228440099
ENSSSCG00000002559,4.54710539925421,4.89944529635138
ENSSSCG00000036892,-0.94826101088964,-0.389789821758014
ENSSSCG00000002558,7.20601559188775,7.30709710685544
ENSSSCG00000002555,5.83463661537253,5.10402853218298
ENSSSCG00000002557,6.07413844999875,6.49032732444098
ENSSSCG00000032544,7.16290058773393,7.03535880892914
ENSSSCG00000038713,7.43134341934317,7.5879914509945
ENSSSCG00000037142,8.30816994065083,8.49973251854892
ENSSSCG00000040089,4.24460461151598,3.69860814537264
ENSSSCG00000039825,-3.86672707663002,-0.51439395667637
ENSSSCG00000031132,4.49770361212424,4.83706028537503
ENSSSCG00000039139,7.26976649639119,6.9572245306527
ENSSSCG00000060584,0.208321522646333,0.343090997642991
ENSSSCG00000056525,1.0124140211341,-1.50331917830221
ENSSSCG00000063511,2.90472149051255,-0.650786169073976
ENSSSCG00000058302,-1.05654789507939,-0.168854921246468
ENSSSCG00000053053,3.71672305901307,0.692264219933096
ENSSSCG00000040849,-0.665011214899346,-1.06175616837389
ENSSSCG00000031710,5.94669710435552,6.05952479339132
ENSSSCG00000035555,5.78647260974917,6.03194121453789
ENSSSCG00000037671,6.36527400455728,6.53079799008973
ENSSSCG00000036990,-1.44083485948891,-0.118530588140316
ENSSSCG00000002540,6.53346155268395,6.33985317489551
ENSSSCG00000040738,8.63697866404773,9.06334509589197
ENSSSCG00000002536,-0.163246077098895,0.191769503652254
ENSSSCG00000002535,11.1885292739281,10.9785687184011
ENSSSCG00000002533,5.11670041715772,5.27142418657703
ENSSSCG00000002531,5.82322304861206,6.01231403722259
ENSSSCG00000002532,3.93391933051826,4.52907871456189
ENSSSCG00000002530,4.84485961087126,4.60592067913217
ENSSSCG00000002528,5.55881849967875,5.56110860384378
ENSSSCG00000039713,2.71190019265781,3.06579234401381
ENSSSCG00000002526,5.93525636727138,5.74986823530499
ENSSSCG00000002525,6.44314433999839,6.48474269972086
ENSSSCG00000002524,-1.76904577456744,-1.06175616837389
ENSSSCG00000002523,7.46722836442649,7.92568871399854
ENSSSCG00000036871,3.98943724956418,4.59276538571074
ENSSSCG00000036612,4.20117536460575,5.05690695987229
ENSSSCG00000036820,4.16244930073107,5.06917171013684
ENSSSCG00000045485,5.96671878711633,5.34388055351079
ENSSSCG00000002552,0.425160216794395,-0.168854921246468
ENSSSCG00000039553,2.76058170235838,3.10338271409922
ENSSSCG00000035093,3.4007752754125,3.97261186935421
ENSSSCG00000058170,2.04121546325762,1.73160503149834
ENSSSCG00000052434,2.22590931707906,2.73728085074703
ENSSSCG00000055564,1.54433696419247,4.13439829093663
ENSSSCG00000048809,-1.1736270562095,-0.51439395667637
ENSSSCG00000050849,-1.5956269400881,-0.801432154592459
ENSSSCG00000054269,-0.753389730293386,-0.801432154592459
ENSSSCG00000056138,-0.94826101088964,-0.331304090129519
ENSSSCG00000055300,1.23546043280176,0.378565244869403
ENSSSCG00000042471,1.16487493893756,0.231113683523015
ENSSSCG00000037775,5.87940879954577,4.10822247590328
ENSSSCG00000034709,7.31460826435268,7.55081685988948
ENSSSCG00000021669,6.05312202141509,5.97296545134873
ENSSSCG00000021220,7.8559163051823,7.70875591681203
ENSSSCG00000034738,4.03632244315774,4.06532750825372
ENSSSCG00000054301,4.44655000981704,4.33957899602656
ENSSSCG00000002547,7.19572588471365,7.08988156864468
ENSSSCG00000063242,-0.753389730293386,-1.16013180230037
ENSSSCG00000002546,4.09444761981556,4.4226446992825
ENSSSCG00000040945,5.86741954303338,5.92128140668129
ENSSSCG00000002544,5.54614631404637,5.81686041072976
ENSSSCG00000037197,4.92535238635861,5.31097898189064
ENSSSCG00000010892,1.09065751143433,0.543924309209927
ENSSSCG00000010893,6.52115243928229,7.99071344637953
ENSSSCG00000000959,5.72851037272571,5.16624727865955
ENSSSCG00000025780,4.92535238635861,5.05004788528313
ENSSSCG00000038943,6.96549537431279,6.52487350253639
ENSSSCG00000039745,2.56431812880053,2.89257939860165
ENSSSCG00000031155,6.59850948043676,5.18890449814066
ENSSSCG00000062740,0.682619433441756,-1.63861791175253
ENSSSCG00000022823,2.78431999506382,2.77104214505238
ENSSSCG00000005761,4.89659921430897,5.31784803985158
ENSSSCG00000033162,6.71579541822511,6.53669824795335
ENSSSCG00000040042,1.90348749886982,-0.650786169073976
ENSSSCG00000005753,6.65646936855827,6.91065394761323
ENSSSCG00000005759,5.26326594183499,4.8418338910107
ENSSSCG00000036914,6.82568976749104,6.82122960541885
ENSSSCG00000005762,1.81406255392592,0.877238412496071
ENSSSCG00000040967,4.01641506675361,3.82934279843556
ENSSSCG00000005756,1.0124140211341,-2.92464516734468
ENSSSCG00000039855,0.425160216794395,0.231113683523015
ENSSSCG00000054117,2.69530100957938,2.50020608859808
ENSSSCG00000044239,3.98261322749707,3.40806478716832
ENSSSCG00000046512,3.42110749162517,2.87405700009082
ENSSSCG00000054801,3.1799425944053,3.34669612062099
ENSSSCG00000031630,4.3960859111406,3.87972895243467
ENSSSCG00000052504,4.82782706508037,4.62266025503224
ENSSSCG00000034978,7.1312406001676,7.1378972320134
ENSSSCG00000037880,6.98781773448379,6.89121274296043
ENSSSCG00000005852,0.748463530495347,0.949786352523971
ENSSSCG00000033685,2.62692584736511,3.47514565515157
ENSSSCG00000005855,3.9480003834444,4.1447370696053
ENSSSCG00000005846,6.46472970277167,6.27368060853592
ENSSSCG00000005844,1.42859580901325,1.35790376000462
ENSSSCG00000005845,3.37495030233802,2.34746098418498
ENSSSCG00000037046,8.56785066500266,8.48531325322788
ENSSSCG00000040105,3.64506437118292,3.41662246217535
ENSSSCG00000005856,0.81143323514119,-0.0228605115491758
ENSSSCG00000005857,1.91786723757113,1.20821105392266
ENSSSCG00000005858,1.65147836204809,0.973180333493209
ENSSSCG00000044438,-0.581735609749139,-0.220998320347156
ENSSSCG00000005859,5.23195836264199,5.04177371669394
ENSSSCG00000034562,5.11358049906133,5.0826780287199
ENSSSCG00000036027,2.73644627303554,3.59685796798648
ENSSSCG00000040396,4.54479089920795,4.46451519650864
ENSSSCG00000032828,5.71313328026637,5.88319670006282
ENSSSCG00000031168,-0.428350711608159,-1.26570965698543
ENSSSCG00000032509,2.13035473334754,3.00466873565346
ENSSSCG00000039834,-1.05654789507939,-0.118530588140316
ENSSSCG00000027526,1.78297855012575,0.973180333493209
ENSSSCG00000033991,7.23286173225931,6.5435515216836
ENSSSCG00000039830,3.51868035856767,3.21552444896481
ENSSSCG00000040003,4.9324520232231,4.98248644688932
ENSSSCG00000032279,0.81143323514119,-0.220998320347156
ENSSSCG00000032303,1.16487493893756,2.50020608859808
ENSSSCG00000034566,5.7517747818869,6.15595289933491
ENSSSCG00000039264,9.21773263152195,9.50556222123541
ENSSSCG00000037395,3.02915146757585,3.40376683840404
ENSSSCG00000053158,1.09065751143433,1.67566381082393
ENSSSCG00000040080,5.48226994376601,6.54939995580652
ENSSSCG00000040164,-0.103938698558373,-0.724143750785594
ENSSSCG00000005840,1.16487493893756,1.20821105392266
ENSSSCG00000005838,5.43306124504807,5.46846040399612
ENSSSCG00000038203,6.43003638250388,6.17814210207446
ENSSSCG00000005832,7.75215414795638,8.3645952735701
ENSSSCG00000057521,1.25824180569868,2.06127417365364
ENSSSCG00000005841,6.10352825662302,5.74732629583
ENSSSCG00000005830,1.25824180569868,1.50960316311779
ENSSSCG00000005842,4.63241326713755,4.7346951513459
ENSSSCG00000038233,0.254375037426665,0.512334077457971
ENSSSCG00000021963,1.06504496640639,0.692264219933096
ENSSSCG00000005834,1.81406255392592,2.24547494246517
ENSSSCG00000005835,0.87176904556138,1.12710621877915
ENSSSCG00000005836,-0.289717603961706,-0.168854921246468
ENSSSCG00000005837,5.03330566363119,4.88255658823939
ENSSSCG00000005828,4.82972953084583,4.77018672736608
ENSSSCG00000038509,4.66047672489061,5.49092048515362
ENSSSCG00000034854,7.8769987920429,7.62330826969084
ENSSSCG00000040869,5.37951946607831,5.60013693512336
ENSSSCG00000031413,6.26690096876992,6.46631311168431
ENSSSCG00000035221,4.97433142754565,4.89179311093731
ENSSSCG00000038262,5.61836218503642,5.32695620287244
ENSSSCG00000031715,3.81218758787805,3.45035440098084
ENSSSCG00000034732,4.02971712592725,3.49951808367277
ENSSSCG00000039487,4.76757071188454,4.35078582867332
ENSSSCG00000034036,6.5270270215322,7.02944279413684
ENSSSCG00000040163,5.39244890688825,5.628039857892
ENSSSCG00000054336,2.60931343902336,2.35638466866671
ENSSSCG00000038437,6.34745726312973,6.35718358497017
ENSSSCG00000039824,6.69767951329639,7.0522763575046
ENSSSCG00000033493,0.748463530495347,1.57222259459841
ENSSSCG00000044568,0.384321665410682,-0.51439395667637
ENSSSCG00000005839,5.77565723151285,5.37933562830986
ENSSSCG00000018620,-1.76904577456744,-0.331304090129519
ENSSSCG00000038609,-0.289717603961706,-0.724143750785594
ENSSSCG00000049640,2.67003855032607,1.91190152903124
ENSSSCG00000032029,4.8947829707172,4.58898459175176
ENSSSCG00000030088,0.985360575284754,1.18835828160125
ENSSSCG00000037174,4.94479293377898,5.41927300358977
ENSSSCG00000035911,1.11582327058225,0.774458752770575
ENSSSCG00000032986,7.02938438392055,6.76076007240003
ENSSSCG00000032659,-3.23753225397681,-0.650786169073976
ENSSSCG00000055271,0.384321665410682,1.14781387260733
ENSSSCG00000033673,9.66383303037428,9.2915143354202
ENSSSCG00000031488,5.80689767984916,5.61322548531691
ENSSSCG00000038870,5.92015718645452,6.37869475830165
ENSSSCG00000007830,6.86471784595712,7.11802988943487
ENSSSCG00000021418,7.47545437583755,5.98308373024278
ENSSSCG00000028022,8.39328467026063,7.15972665011716
ENSSSCG00000022575,5.34535037482733,5.15733913976995
ENSSSCG00000026140,5.33198987840614,5.76418856842123
ENSSSCG00000035657,6.29402625120395,6.25531091780901
ENSSSCG00000040897,5.58496057151398,5.28550886652116
ENSSSCG00000033116,4.43159525549974,4.5330195869449
ENSSSCG00000026344,4.99312726076916,5.79815206303426
ENSSSCG00000055020,-1.5956269400881,-0.0228605115491758
ENSSSCG00000042889,3.63204079352504,4.31461317996126
ENSSSCG00000051245,5.27866858880839,5.76502653061524
ENSSSCG00000050753,-0.357369586612393,-0.883096611932229
ENSSSCG00000039476,0.780291912538719,0.692264219933096
ENSSSCG00000031130,5.09155008803588,5.35505415036125
ENSSSCG00000059460,-0.581735609749139,-1.16013180230037
ENSSSCG00000061150,-0.581735609749139,-2.35951718500686
ENSSSCG00000053365,-1.05654789507939,-1.26570965698543
ENSSSCG00000038556,2.04121546325762,1.20821105392266
ENSSSCG00000034039,6.16735672715154,5.87157244182845
ENSSSCG00000035675,6.3698574658041,6.80053626464429
ENSSSCG00000026890,8.0718320371249,6.670173844949
ENSSSCG00000047232,6.59067732910345,6.32912748537672
ENSSSCG00000000223,2.17892299365621,2.365253495496
ENSSSCG00000061033,4.63241326713755,4.56223791697689
ENSSSCG00000022674,-0.665011214899346,-1.26570965698543
ENSSSCG00000000220,5.07400134365162,5.24763977535899
ENSSSCG00000031206,6.41744090628868,6.4740207377754
ENSSSCG00000037029,5.04972194436967,5.58882288529855
ENSSSCG00000032096,5.79623490564219,5.98092149366108
ENSSSCG00000043595,1.03896948409484,0.926006765743826
ENSSSCG00000045442,-2.19461582859326,-0.331304090129519
ENSSSCG00000036726,1.58094201213036,-0.801432154592459
ENSSSCG00000035428,2.46009285868458,1.98276876816261
ENSSSCG00000062013,-0.581735609749139,-2.14284221802902
ENSSSCG00000035307,-0.289717603961706,-1.50331917830221
ENSSSCG00000058484,2.57343015789845,0.720185961482743
ENSSSCG00000028124,5.30625892722141,4.6788759690779
ENSSSCG00000055473,3.28351773124027,2.94676112973231
ENSSSCG00000048420,3.49968658036642,3.41662246217535
ENSSSCG00000057952,0.780291912538719,0.634745314624147
ENSSSCG00000001219,6.51702595218331,5.53580043304818
ENSSSCG00000040497,-1.44083485948891,-1.37962819886108
ENSSSCG00000034543,-1.05654789507939,-1.06175616837389
ENSSSCG00000060674,-3.86672707663002,-0.331304090129519
ENSSSCG00000060872,1.09065751143433,-1.26570965698543
ENSSSCG00000062467,-0.665011214899346,-2.35951718500686
ENSSSCG00000051841,1.06504496640639,-2.35951718500686
ENSSSCG00000028527,6.71990444996258,6.68308825431996
ENSSSCG00000038869,3.95498970508926,1.99424877862076
ENSSSCG00000061568,2.00125981237482,0.6051024001257
ENSSSCG00000038178,3.42614608619034,3.66308693729257
ENSSSCG00000036947,5.34002101449651,5.51004035985401
ENSSSCG00000015833,3.90172529216755,3.59308789804756
ENSSSCG00000036062,1.84449092952033,1.88748384057387
ENSSSCG00000057318,-2.80087696638474,-0.969662564375006
ENSSSCG00000053920,0.87176904556138,1.54125259769343
ENSSSCG00000054932,-1.5956269400881,0.191769503652254
ENSSSCG00000033181,0.748463530495347,5.63263832500776
ENSSSCG00000036465,-1.76904577456744,1.9711966741643
ENSSSCG00000038275,3.20946722096746,2.34746098418498
ENSSSCG00000049427,1.03896948409484,2.67444514854501
ENSSSCG00000042926,0.0606232623061967,0.343090997642991
ENSSSCG00000021494,3.61449109850641,3.53138710266873
ENSSSCG00000059293,2.2936384687718,3.37770673814231
ENSSSCG00000058973,2.96135245902405,2.89257939860165
ENSSSCG00000012359,0.929682484613295,1.10609700495897
ENSSSCG00000041985,2.11795282114626,2.26456216861488
ENSSSCG00000061672,-0.665011214899346,0.480036609493032
ENSSSCG00000059011,-0.163246077098895,0.574837615712797
ENSSSCG00000059722,-2.80087696638474,-0.724143750785594
ENSSSCG00000053301,-3.86672707663002,0.543924309209927
ENSSSCG00000046452,1.06504496640639,-0.331304090129519
ENSSSCG00000009499,-1.05654789507939,2.32944629797738
ENSSSCG00000039344,-1.76904577456744,-0.883096611932229
ENSSSCG00000062771,-0.753389730293386,-0.51439395667637
ENSSSCG00000039860,2.20260743080709,2.25505012142321
ENSSSCG00000029990,4.23315070803212,5.55336865370819
ENSSSCG00000034220,1.82935696214862,1.67566381082393
ENSSSCG00000039985,2.66151846255649,3.41234996988791
ENSSSCG00000057701,4.10705235861764,4.29153587546859
ENSSSCG00000009495,-0.163246077098895,2.2065257784872
ENSSSCG00000038269,-1.76904577456744,-0.51439395667637
ENSSSCG00000034353,1.16487493893756,1.04116884334027
ENSSSCG00000031855,-0.163246077098895,-0.275097240265819
ENSSSCG00000055200,0.00782776903463305,-1.50331917830221
ENSSSCG00000043890,-0.103938698558373,0.066857978120369
ENSSSCG00000038679,2.51787418640574,2.92293121210674
ENSSSCG00000057082,3.26676339384565,2.97600545370124
ENSSSCG00000023531,0.342293330875861,-1.37962819886108
ENSSSCG00000038135,0.299003801631898,0.109708133942356
ENSSSCG00000038462,-1.76904577456744,-1.26570965698543
ENSSSCG00000041163,-0.847537601777033,1.06313784412392
ENSSSCG00000034524,3.28351773124027,3.6774005403821
ENSSSCG00000035851,-0.753389730293386,-2.35951718500686
ENSSSCG00000035091,1.03896948409484,0.852221766628148
ENSSSCG00000061639,-1.76904577456744,-0.0699026685752995
ENSSSCG00000058776,-0.94826101088964,-2.35951718500686
ENSSSCG00000032894,0.342293330875861,2.5785599463218
ENSSSCG00000039921,-0.163246077098895,-0.883096611932229
ENSSSCG00000017324,-0.428350711608159,-1.26570965698543
ENSSSCG00000000887,2.58248499665162,2.08294141053324
ENSSSCG00000046993,-1.05654789507939,0.663791401431833
ENSSSCG00000061109,0.254375037426665,-1.37962819886108
ENSSSCG00000052697,-1.1736270562095,-0.450747065242323
ENSSSCG00000032599,1.91786723757113,0.269413319240056
ENSSSCG00000055221,2.2601713103169,-0.118530588140316
ENSSSCG00000056610,8.67424849248934,6.92609538429583
ENSSSCG00000056698,4.34910791583901,4.49513940894941
ENSSSCG00000041461,3.90894186476187,4.01549530322572
ENSSSCG00000037477,3.41097720151772,2.75088032244574
ENSSSCG00000013150,3.16796145904304,2.365253495496
ENSSSCG00000003282,0.299003801631898,0.378565244869403
ENSSSCG00000053954,0.208321522646333,0.066857978120369
ENSSSCG00000037850,1.61664122769751,1.54125259769343
ENSSSCG00000059519,2.31552623327911,3.45866557709305
ENSSSCG00000038702,2.69530100957938,2.05031729144738
ENSSSCG00000035756,1.76718173794872,2.6815635771672
ENSSSCG00000040495,-1.76904577456744,-0.801432154592459
ENSSSCG00000016385,3.89447243966319,3.49143960348772
ENSSSCG00000037347,2.43031054195301,2.28340015971318
ENSSSCG00000034846,0.00782776903463305,-1.50331917830221
